15:20:08 | INFO     | SIMPY: Creating enhanced SimPy engine adapter
15:20:08 | INFO     |  Initializing contexts for scenario priority_dispatch_scenario
15:20:08 | INFO     | EVENT_SUBSCRIBED: TrainArrivedEvent -> RetrofitWorkshopContext._handle_train_arrived (total: 1)
15:20:08 | INFO     |  Registering context: railway
15:20:08 | INFO     |  Registering context: external_trains
15:20:08 | INFO     |  Initializing 2 contexts
15:20:08 | INFO     |  Initializing context: railway
15:20:08 | INFO     | EVENT_SUBSCRIBED: WagonMovedEvent -> TrackOccupancyEventHandler.handle_wagon_moved (total: 1)
15:20:08 | INFO     | EVENT_PUBLISHED: ContextInitializedEvent | no_data
15:20:08 | WARNING  | EVENT_NO_SUBSCRIBERS: ContextInitializedEvent
15:20:08 | INFO     |  Initializing context: external_trains
15:20:08 | INFO     | EVENT_PUBLISHED: ContextInitializedEvent | no_data
15:20:08 | WARNING  | EVENT_NO_SUBSCRIBERS: ContextInitializedEvent
15:20:08 | INFO     | EVENT_PUBLISHED: SimulationStartedEvent | no_data
15:20:08 | WARNING  | EVENT_NO_SUBSCRIBERS: SimulationStartedEvent
15:20:08 | INFO     |  Starting simulation for scenario priority_dispatch_scenario (until=14400.0)
15:20:08 | INFO     |  Starting processes for all contexts
15:20:08 | INFO     | EVENT_PUBLISHED: ContextStartedEvent | no_data
15:20:08 | WARNING  | EVENT_NO_SUBSCRIBERS: ContextStartedEvent
15:20:08 | INFO     | EVENT_SUBSCRIBED: WagonRetrofitCompletedEvent -> ExternalTrainsContext._handle_wagon_completed (total: 1)
15:20:08 | INFO     | EVENT_PUBLISHED: ContextStartedEvent | no_data
15:20:08 | WARNING  | EVENT_NO_SUBSCRIBERS: ContextStartedEvent
15:20:08 | INFO     |  Starting retrofit workflow processes
15:20:08 | INFO     | Started workshop assignment process for retrofit
15:20:08 | INFO     | t=0.0: PARKING → Starting coordinator with strategy=opportunistic
15:20:08 | INFO     | t=0.0: PARKING → Starting single process monitoring 1 retrofitted tracks
15:20:08 | INFO     | SIMPY: Starting simulation run (until=14400.0)
15:20:08 | INFO     |  Starting simulation at t=0.0
15:20:08 | INFO     | EVENT_PUBLISHED: TrainArrivedEvent | train=T1 | time=360.0
15:20:08 | INFO     | EVENT_HANDLING: TrainArrivedEvent -> RetrofitWorkshopContext._handle_train_arrived
15:20:08 | INFO     | EVENT_HANDLED: TrainArrivedEvent by RetrofitWorkshopContext._handle_train_arrived
15:20:08 | INFO     | t=360.0: COLLECTION → Reserving retrofit track capacity for 2 wagons
15:20:08 | INFO     | t=360.0: COLLECTION → Capacity reserved, allocating locomotive
15:20:08 | INFO     | t=360.0: DISPATCHER → Task submitted: collection_to_retrofit (pending=1)
15:20:08 | INFO     | t=360.0: DISPATCHER → Assigned loco LOCO_01 to collection_to_retrofit (waited 0.0 min, pending=0)
15:20:08 | INFO     | t=420.0: LOCO[LOCO_01] → TRAIN_PREP at collection (coupling + prep, 5.0 min)
15:20:08 | INFO     | EVENT_PUBLISHED: TrainArrivedEvent | train=T2 | time=442.2
15:20:08 | INFO     | EVENT_HANDLING: TrainArrivedEvent -> RetrofitWorkshopContext._handle_train_arrived
15:20:08 | INFO     | EVENT_HANDLED: TrainArrivedEvent by RetrofitWorkshopContext._handle_train_arrived
15:20:08 | INFO     | t=485.0: LOCO[LOCO_01] → DECOUPLING at retrofit (6.0 min)
15:20:08 | INFO     | t=485.0: WAGON[W11188] → Retrieved from retrofit queue
15:20:08 | INFO     | t=485.0: WORKSHOP[WS_01] → Selected for batch
15:20:08 | INFO     | t=485.0: WAGON[W10437] → Added to batch
15:20:08 | INFO     | t=485.0: BATCH[W11188,W10437] → Formed 2 wagons for WS_01
15:20:08 | INFO     | t=485.0: TRACK[retrofit] → Removed 2 wagons (53.9m freed)
15:20:08 | INFO     | t=485.0: DISPATCHER → Task submitted: retrofit_to_workshop (pending=1)
15:20:08 | INFO     | t=485.0: DISPATCHER → Assigned loco LOCO_02 to retrofit_to_workshop (waited 0.0 min, pending=0)
15:20:08 | INFO     | t=485.0: RAKE[W11188,W10437] → COUPLING at retrofit (1 couplings, 2.0 min)
15:20:08 | INFO     | t=491.0: RAKE[W11188,W10437] → DECOUPLING at retrofit (1 couplings, 3.0 min)
15:20:08 | INFO     | t=492.0: LOCO[LOCO_02] → COUPLING at retrofit (2.0 min)
15:20:08 | INFO     | t=494.0: LOCO[LOCO_02] → SHUNTING_PREP at retrofit (1.0 min)
15:20:08 | INFO     | t=499.0: COLLECTION → Reserving retrofit track capacity for 2 wagons
15:20:08 | INFO     | t=499.0: COLLECTION → Capacity reserved, allocating locomotive
15:20:08 | INFO     | t=499.0: DISPATCHER → Task submitted: collection_to_retrofit (pending=1)
15:20:08 | INFO     | t=499.0: DISPATCHER → Assigned loco LOCO_01 to collection_to_retrofit (waited 0.0 min, pending=0)
15:20:08 | INFO     | t=500.0: LOCO[LOCO_02] → DECOUPLING at WS_01 (3.0 min)
15:20:08 | INFO     | EVENT_PUBLISHED: TrainArrivedEvent | train=T3 | time=502.5
15:20:08 | INFO     | EVENT_HANDLING: TrainArrivedEvent -> RetrofitWorkshopContext._handle_train_arrived
15:20:08 | INFO     | EVENT_HANDLED: TrainArrivedEvent by RetrofitWorkshopContext._handle_train_arrived
15:20:08 | INFO     | t=503.0: RAKE[W11188,W10437] → DECOUPLING at WS_01 (1 couplings, 3.0 min)
15:20:08 | INFO     | t=506.0: WAGON[W11188] → RETROFIT_STARTED at WS_01
15:20:08 | INFO     | t=506.0: WAGON[W10437] → RETROFIT_STARTED at WS_01
15:20:08 | INFO     | EVENT_PUBLISHED: TrainArrivedEvent | train=T4 | time=541.5
15:20:08 | INFO     | EVENT_HANDLING: TrainArrivedEvent -> RetrofitWorkshopContext._handle_train_arrived
15:20:08 | INFO     | EVENT_HANDLED: TrainArrivedEvent by RetrofitWorkshopContext._handle_train_arrived
15:20:08 | INFO     | t=559.0: LOCO[LOCO_01] → TRAIN_PREP at collection (coupling + prep, 5.0 min)
15:20:08 | INFO     | t=566.0: RAKE[W11188,W10437] → COUPLING at WS_01 (1 couplings, 0.5 min)
15:20:08 | INFO     | t=566.5: LOCO → Allocating for pickup from WS_01
15:20:08 | INFO     | t=566.5: DISPATCHER → Task submitted: workshop_to_retrofitted (pending=1)
15:20:08 | INFO     | t=566.5: DISPATCHER → Assigned loco LOCO_02 to workshop_to_retrofitted (waited 0.0 min, pending=0)
15:20:08 | INFO     | t=566.5: LOCO[LOCO_02] → Allocated for pickup
15:20:08 | INFO     | t=573.5: LOCO[LOCO_02] → TRAIN_PREP completed at WS_01 (2.0 min)
15:20:08 | INFO     | t=578.5: BATCH → Putting 2 wagons on retrofitted track retrofitted
15:20:08 | INFO     | t=578.5: WAGON[W11188] → Added to retrofitted track retrofitted
15:20:08 | INFO     | t=578.5: WAGON[W10437] → Added to retrofitted track retrofitted
15:20:08 | INFO     | t=578.5: PARKING → Got wagon W11188 from retrofitted
15:20:08 | INFO     | t=578.5: LOCO → Allocating for parking transport
15:20:08 | INFO     | t=578.5: DISPATCHER → Task submitted: retrofitted_to_parking (pending=1)
15:20:08 | INFO     | t=583.5: WORKSHOP[WS_01] → Released, notifying 0 waiting processes
15:20:08 | INFO     | t=583.5: DISPATCHER → Assigned loco LOCO_02 to retrofitted_to_parking (waited 5.0 min, pending=0)
15:20:08 | INFO     | t=583.5: LOCO[LOCO_02] → Allocated for parking transport
15:20:08 | INFO     | t=588.5: LOCO[LOCO_02] → TRAIN_PREP at retrofitted (coupling + prep, 2.0 min)
15:20:08 | INFO     | t=624.0: LOCO[LOCO_01] → DECOUPLING at retrofit (6.0 min)
15:20:08 | INFO     | t=624.0: WAGON[W12394] → Retrieved from retrofit queue
15:20:08 | INFO     | t=624.0: WORKSHOP[WS_01] → Selected for batch
15:20:08 | INFO     | t=624.0: WAGON[W9278] → Added to batch
15:20:08 | INFO     | t=624.0: BATCH[W12394,W9278] → Formed 2 wagons for WS_01
15:20:08 | INFO     | t=624.0: TRACK[retrofit] → Removed 2 wagons (38.7m freed)
15:20:08 | INFO     | t=624.0: DISPATCHER → Task submitted: retrofit_to_workshop (pending=1)
15:20:08 | INFO     | t=630.0: RAKE[W12394,W9278] → DECOUPLING at retrofit (1 couplings, 3.0 min)
15:20:08 | INFO     | t=638.0: DISPATCHER → Assigned loco LOCO_01 to retrofit_to_workshop (waited 14.0 min, pending=0)
15:20:08 | INFO     | t=638.0: RAKE[W12394,W9278] → COUPLING at retrofit (1 couplings, 2.0 min)
15:20:08 | INFO     | t=638.0: COLLECTION → Reserving retrofit track capacity for 4 wagons
15:20:08 | INFO     | t=638.0: COLLECTION → Capacity reserved, allocating locomotive
15:20:08 | INFO     | t=638.0: DISPATCHER → Task submitted: collection_to_retrofit (pending=1)
15:20:08 | INFO     | t=645.0: LOCO[LOCO_01] → COUPLING at retrofit (2.0 min)
15:20:08 | INFO     | t=647.0: LOCO[LOCO_01] → SHUNTING_PREP at retrofit (1.0 min)
15:20:08 | INFO     | t=653.0: LOCO[LOCO_01] → DECOUPLING at WS_01 (3.0 min)
15:20:08 | INFO     | t=656.0: RAKE[W12394,W9278] → DECOUPLING at WS_01 (1 couplings, 3.0 min)
15:20:08 | INFO     | t=659.0: WAGON[W12394] → RETROFIT_STARTED at WS_01
15:20:08 | INFO     | t=659.0: WAGON[W9278] → RETROFIT_STARTED at WS_01
15:20:08 | INFO     | t=664.0: DISPATCHER → Assigned loco LOCO_01 to collection_to_retrofit (waited 26.0 min, pending=0)
15:20:08 | INFO     | EVENT_PUBLISHED: TrainArrivedEvent | train=T5 | time=672.8
15:20:08 | INFO     | EVENT_HANDLING: TrainArrivedEvent -> RetrofitWorkshopContext._handle_train_arrived
15:20:08 | INFO     | EVENT_HANDLED: TrainArrivedEvent by RetrofitWorkshopContext._handle_train_arrived
15:20:08 | INFO     | t=710.5: LOCO[LOCO_02] → DECOUPLING at parking16 (1.0 min)
15:20:08 | INFO     | t=711.5: RAKE[W11188,W10437] → DECOUPLING at parking16 (1 couplings, 0.5 min)
15:20:08 | INFO     | EVENT_PUBLISHED: TrainArrivedEvent | train=T6 | time=715.0
15:20:08 | INFO     | EVENT_HANDLING: TrainArrivedEvent -> RetrofitWorkshopContext._handle_train_arrived
15:20:08 | INFO     | EVENT_HANDLED: TrainArrivedEvent by RetrofitWorkshopContext._handle_train_arrived
15:20:08 | INFO     | t=719.0: RAKE[W12394,W9278] → COUPLING at WS_01 (1 couplings, 0.5 min)
15:20:08 | INFO     | t=719.5: LOCO → Allocating for pickup from WS_01
15:20:08 | INFO     | t=719.5: DISPATCHER → Task submitted: workshop_to_retrofitted (pending=1)
15:20:08 | INFO     | t=724.0: LOCO[LOCO_01] → TRAIN_PREP at collection (coupling + prep, 9.0 min)
15:20:08 | INFO     | EVENT_PUBLISHED: TrainArrivedEvent | train=T7 | time=724.5
15:20:08 | INFO     | EVENT_HANDLING: TrainArrivedEvent -> RetrofitWorkshopContext._handle_train_arrived
15:20:08 | INFO     | EVENT_HANDLED: TrainArrivedEvent by RetrofitWorkshopContext._handle_train_arrived
15:20:08 | INFO     | EVENT_PUBLISHED: TrainArrivedEvent | train=T8 | time=725.0
15:20:08 | INFO     | EVENT_HANDLING: TrainArrivedEvent -> RetrofitWorkshopContext._handle_train_arrived
15:20:08 | INFO     | EVENT_HANDLED: TrainArrivedEvent by RetrofitWorkshopContext._handle_train_arrived
15:20:08 | INFO     | EVENT_PUBLISHED: TrainArrivedEvent | train=T9 | time=753.2
15:20:08 | INFO     | EVENT_HANDLING: TrainArrivedEvent -> RetrofitWorkshopContext._handle_train_arrived
15:20:08 | INFO     | EVENT_HANDLED: TrainArrivedEvent by RetrofitWorkshopContext._handle_train_arrived
15:20:08 | INFO     | t=772.0: LOCO[LOCO_02] → Releasing
15:20:08 | INFO     | t=772.0: LOCO[LOCO_02] → Released
15:20:08 | INFO     | t=772.0: DISPATCHER → Assigned loco LOCO_02 to workshop_to_retrofitted (waited 52.5 min, pending=0)
15:20:08 | INFO     | t=772.0: LOCO[LOCO_02] → Allocated for pickup
15:20:08 | INFO     | t=779.0: LOCO[LOCO_02] → TRAIN_PREP completed at WS_01 (2.0 min)
15:20:08 | INFO     | t=784.0: BATCH → Putting 2 wagons on retrofitted track retrofitted
15:20:08 | INFO     | t=784.0: WAGON[W12394] → Added to retrofitted track retrofitted
15:20:08 | INFO     | t=784.0: WAGON[W9278] → Added to retrofitted track retrofitted
15:20:08 | INFO     | t=784.0: PARKING → Got wagon W12394 from retrofitted
15:20:08 | INFO     | t=784.0: LOCO → Allocating for parking transport
15:20:08 | INFO     | t=784.0: DISPATCHER → Task submitted: retrofitted_to_parking (pending=1)
15:20:08 | INFO     | EVENT_PUBLISHED: TrainArrivedEvent | train=T10 | time=785.5
15:20:08 | INFO     | EVENT_HANDLING: TrainArrivedEvent -> RetrofitWorkshopContext._handle_train_arrived
15:20:08 | INFO     | EVENT_HANDLED: TrainArrivedEvent by RetrofitWorkshopContext._handle_train_arrived
15:20:08 | INFO     | t=789.0: WORKSHOP[WS_01] → Released, notifying 0 waiting processes
15:20:08 | INFO     | t=793.0: LOCO[LOCO_01] → DECOUPLING at retrofit (12.0 min)
15:20:08 | INFO     | t=793.0: WAGON[W3926] → Retrieved from retrofit queue
15:20:08 | INFO     | t=793.0: WORKSHOP[WS_01] → Selected for batch
15:20:08 | INFO     | t=793.0: WAGON[W5834] → Added to batch
15:20:08 | INFO     | t=793.0: BATCH[W3926,W5834] → Formed 2 wagons for WS_01
15:20:08 | INFO     | t=793.0: TRACK[retrofit] → Removed 2 wagons (33.9m freed)
15:20:08 | INFO     | t=793.0: DISPATCHER → Task submitted: retrofit_to_workshop (pending=2)
15:20:08 | INFO     | t=793.0: DISPATCHER → Assigned loco LOCO_02 to retrofit_to_workshop (waited 0.0 min, pending=1)
15:20:08 | INFO     | t=793.0: RAKE[W3926,W5834] → COUPLING at retrofit (1 couplings, 2.0 min)
15:20:08 | INFO     | t=793.0: WAGON[W9460] → Retrieved from retrofit queue
15:20:08 | INFO     | t=793.0: WORKSHOP[WS_02] → Selected for batch
15:20:08 | INFO     | t=793.0: WAGON[W9445] → Added to batch
15:20:08 | INFO     | t=793.0: BATCH[W9460,W9445] → Formed 2 wagons for WS_02
15:20:08 | INFO     | t=793.0: TRACK[retrofit] → Removed 2 wagons (29.9m freed)
15:20:08 | INFO     | t=793.0: DISPATCHER → Task submitted: retrofit_to_workshop (pending=2)
15:20:08 | INFO     | t=800.0: LOCO[LOCO_02] → COUPLING at retrofit (2.0 min)
15:20:08 | INFO     | t=802.0: LOCO[LOCO_02] → SHUNTING_PREP at retrofit (1.0 min)
15:20:08 | INFO     | t=805.0: RAKE[W3926,W5834,W9460,W9445] → DECOUPLING at retrofit (3 couplings, 9.0 min)
15:20:08 | INFO     | t=808.0: LOCO[LOCO_02] → DECOUPLING at WS_01 (3.0 min)
15:20:08 | INFO     | t=811.0: RAKE[W3926,W5834] → DECOUPLING at WS_01 (1 couplings, 3.0 min)
15:20:08 | INFO     | t=814.0: WAGON[W3926] → RETROFIT_STARTED at WS_01
15:20:08 | INFO     | t=814.0: WAGON[W5834] → RETROFIT_STARTED at WS_01
15:20:08 | INFO     | t=819.0: DISPATCHER → Assigned loco LOCO_01 to retrofit_to_workshop (waited 26.0 min, pending=1)
15:20:08 | INFO     | t=819.0: RAKE[W9460,W9445] → COUPLING at retrofit (1 couplings, 2.0 min)
15:20:08 | INFO     | t=819.0: COLLECTION → Reserving retrofit track capacity for 16 wagons
15:20:08 | INFO     | t=819.0: COLLECTION → Capacity reserved, allocating locomotive
15:20:08 | INFO     | t=819.0: DISPATCHER → Task submitted: collection_to_retrofit (pending=2)
15:20:08 | INFO     | t=826.0: LOCO[LOCO_01] → COUPLING at retrofit (2.0 min)
15:20:08 | INFO     | t=828.0: LOCO[LOCO_01] → SHUNTING_PREP at retrofit (1.0 min)
15:20:08 | INFO     | t=829.0: DISPATCHER → Hold override for retrofitted_to_parking (waited 45.0 min >= max 45.0 min)
15:20:08 | INFO     | t=829.0: DISPATCHER → Hold override for retrofitted_to_parking (waited 45.0 min >= max 45.0 min)
15:20:08 | INFO     | t=829.0: DISPATCHER → Assigned loco LOCO_02 to retrofitted_to_parking (waited 45.0 min, pending=1)
15:20:08 | INFO     | t=829.0: LOCO[LOCO_02] → Allocated for parking transport
15:20:08 | INFO     | t=834.0: LOCO[LOCO_01] → DECOUPLING at WS_02 (3.0 min)
15:20:08 | INFO     | t=834.0: LOCO[LOCO_02] → TRAIN_PREP at retrofitted (coupling + prep, 2.0 min)
15:20:08 | INFO     | t=837.0: RAKE[W9460,W9445] → DECOUPLING at WS_02 (1 couplings, 3.0 min)
15:20:08 | INFO     | t=840.0: WAGON[W9460] → RETROFIT_STARTED at WS_02
15:20:08 | INFO     | t=840.0: WAGON[W9445] → RETROFIT_STARTED at WS_02
15:20:08 | INFO     | t=849.0: DISPATCHER → Hold override for collection_to_retrofit (waited 30.0 min >= max 30.0 min)
15:20:08 | INFO     | t=849.0: DISPATCHER → Hold override for collection_to_retrofit (waited 30.0 min >= max 30.0 min)
15:20:08 | INFO     | t=849.0: DISPATCHER → Assigned loco LOCO_01 to collection_to_retrofit (waited 30.0 min, pending=0)
15:20:08 | INFO     | EVENT_PUBLISHED: TrainArrivedEvent | train=T11 | time=866.0
15:20:08 | INFO     | EVENT_HANDLING: TrainArrivedEvent -> RetrofitWorkshopContext._handle_train_arrived
15:20:08 | INFO     | EVENT_HANDLED: TrainArrivedEvent by RetrofitWorkshopContext._handle_train_arrived
15:20:08 | INFO     | t=874.0: RAKE[W3926,W5834] → COUPLING at WS_01 (1 couplings, 0.5 min)
15:20:08 | INFO     | t=874.5: LOCO → Allocating for pickup from WS_01
15:20:08 | INFO     | t=874.5: DISPATCHER → Task submitted: workshop_to_retrofitted (pending=1)
15:20:08 | INFO     | EVENT_PUBLISHED: TrainArrivedEvent | train=T12 | time=894.8
15:20:08 | INFO     | EVENT_HANDLING: TrainArrivedEvent -> RetrofitWorkshopContext._handle_train_arrived
15:20:08 | INFO     | EVENT_HANDLED: TrainArrivedEvent by RetrofitWorkshopContext._handle_train_arrived
15:20:08 | INFO     | t=900.0: RAKE[W9460,W9445] → COUPLING at WS_02 (1 couplings, 0.5 min)
15:20:08 | INFO     | t=900.5: LOCO → Allocating for pickup from WS_02
15:20:08 | INFO     | t=900.5: DISPATCHER → Task submitted: workshop_to_retrofitted (pending=2)
15:20:08 | INFO     | t=909.0: LOCO[LOCO_01] → TRAIN_PREP at collection (coupling + prep, 33.0 min)
15:20:08 | INFO     | t=956.0: LOCO[LOCO_02] → DECOUPLING at parking16 (1.0 min)
15:20:08 | INFO     | t=957.0: RAKE[W12394,W9278] → DECOUPLING at parking16 (1 couplings, 0.5 min)
15:20:08 | INFO     | t=1002.0: LOCO[LOCO_01] → DECOUPLING at retrofit (48.0 min)
15:20:08 | INFO     | t=1002.0: WAGON[W10704] → Retrieved from retrofit queue
15:20:08 | INFO     | t=1002.0: WORKSHOP → No workshop available, waiting...
15:20:08 | INFO     | t=1017.5: LOCO[LOCO_02] → Releasing
15:20:08 | INFO     | t=1017.5: LOCO[LOCO_02] → Released
15:20:08 | INFO     | t=1017.5: DISPATCHER → Assigned loco LOCO_02 to workshop_to_retrofitted (waited 143.0 min, pending=1)
15:20:08 | INFO     | t=1017.5: LOCO[LOCO_02] → Allocated for pickup
15:20:08 | INFO     | t=1024.5: LOCO[LOCO_02] → TRAIN_PREP completed at WS_01 (2.0 min)
15:20:08 | INFO     | t=1029.5: BATCH → Putting 2 wagons on retrofitted track retrofitted
15:20:08 | INFO     | t=1029.5: WAGON[W3926] → Added to retrofitted track retrofitted
15:20:08 | INFO     | t=1029.5: WAGON[W5834] → Added to retrofitted track retrofitted
15:20:08 | INFO     | t=1029.5: PARKING → Got wagon W3926 from retrofitted
15:20:08 | INFO     | t=1029.5: LOCO → Allocating for parking transport
15:20:08 | INFO     | t=1029.5: DISPATCHER → Task submitted: retrofitted_to_parking (pending=2)
15:20:08 | INFO     | t=1034.5: WORKSHOP[WS_01] → Released, notifying 1 waiting processes
15:20:08 | INFO     | t=1034.5: WORKSHOP → Workshop became available
15:20:08 | INFO     | t=1034.5: WORKSHOP[WS_01] → Selected for batch
15:20:08 | INFO     | t=1034.5: DISPATCHER → Assigned loco LOCO_02 to workshop_to_retrofitted (waited 134.0 min, pending=1)
15:20:08 | INFO     | t=1034.5: WAGON[W3675] → Added to batch
15:20:08 | INFO     | t=1034.5: BATCH[W10704,W3675] → Formed 2 wagons for WS_01
15:20:08 | INFO     | t=1034.5: LOCO[LOCO_02] → Allocated for pickup
15:20:08 | INFO     | t=1034.5: TRACK[retrofit] → Removed 2 wagons (33.9m freed)
15:20:08 | INFO     | t=1034.5: DISPATCHER → Task submitted: retrofit_to_workshop (pending=2)
15:20:08 | INFO     | t=1041.5: LOCO[LOCO_02] → TRAIN_PREP completed at WS_02 (2.0 min)
15:20:08 | INFO     | t=1046.5: BATCH → Putting 2 wagons on retrofitted track retrofitted
15:20:08 | INFO     | t=1046.5: WAGON[W9460] → Added to retrofitted track retrofitted
15:20:08 | INFO     | t=1046.5: WAGON[W9445] → Added to retrofitted track retrofitted
15:20:08 | INFO     | t=1050.0: RAKE[W10704,W3675,W7132,W8934,W6253,W7747,W10546,W7222,W0689,W11268,W11509,W6557,W10356,W6006,W4440,W10383] → DECOUPLING at retrofit (15 couplings, 45.0 min)
15:20:08 | INFO     | EVENT_PUBLISHED: TrainArrivedEvent | train=T13 | time=1051.2
15:20:08 | INFO     | EVENT_HANDLING: TrainArrivedEvent -> RetrofitWorkshopContext._handle_train_arrived
15:20:08 | INFO     | EVENT_HANDLED: TrainArrivedEvent by RetrofitWorkshopContext._handle_train_arrived
15:20:08 | INFO     | t=1051.5: WORKSHOP[WS_02] → Released, notifying 0 waiting processes
15:20:08 | INFO     | t=1051.5: DISPATCHER → Assigned loco LOCO_02 to retrofit_to_workshop (waited 17.0 min, pending=1)
15:20:08 | INFO     | t=1051.5: RAKE[W10704,W3675] → COUPLING at retrofit (1 couplings, 2.0 min)
15:20:08 | INFO     | t=1051.5: WAGON[W7132] → Retrieved from retrofit queue
15:20:08 | INFO     | t=1051.5: WORKSHOP[WS_02] → Selected for batch
15:20:08 | INFO     | t=1051.5: WAGON[W8934] → Added to batch
15:20:08 | INFO     | t=1051.5: BATCH[W7132,W8934] → Formed 2 wagons for WS_02
15:20:08 | INFO     | t=1051.5: TRACK[retrofit] → Removed 2 wagons (34.1m freed)
15:20:08 | INFO     | t=1051.5: DISPATCHER → Task submitted: retrofit_to_workshop (pending=2)
15:20:08 | INFO     | t=1058.5: LOCO[LOCO_02] → COUPLING at retrofit (2.0 min)
15:20:08 | INFO     | t=1060.5: LOCO[LOCO_02] → SHUNTING_PREP at retrofit (1.0 min)
15:20:08 | INFO     | t=1066.5: LOCO[LOCO_02] → DECOUPLING at WS_01 (3.0 min)
15:20:08 | INFO     | t=1069.5: RAKE[W10704,W3675] → DECOUPLING at WS_01 (1 couplings, 3.0 min)
15:20:08 | INFO     | t=1072.5: WAGON[W10704] → RETROFIT_STARTED at WS_01
15:20:08 | INFO     | t=1072.5: WAGON[W3675] → RETROFIT_STARTED at WS_01
15:20:08 | INFO     | t=1077.5: DISPATCHER → Hold override for retrofitted_to_parking (waited 48.0 min >= max 45.0 min)
15:20:08 | INFO     | t=1077.5: DISPATCHER → Assigned loco LOCO_02 to retrofit_to_workshop (waited 26.0 min, pending=1)
15:20:08 | INFO     | t=1077.5: DISPATCHER → Hold override for retrofitted_to_parking (waited 48.0 min >= max 45.0 min)
15:20:08 | INFO     | t=1077.5: RAKE[W7132,W8934] → COUPLING at retrofit (1 couplings, 2.0 min)
15:20:08 | INFO     | t=1077.5: WAGON[W6253] → Retrieved from retrofit queue
15:20:08 | INFO     | t=1077.5: WORKSHOP → No workshop available, waiting...
15:20:08 | INFO     | t=1084.5: LOCO[LOCO_02] → COUPLING at retrofit (2.0 min)
15:20:08 | INFO     | t=1086.5: LOCO[LOCO_02] → SHUNTING_PREP at retrofit (1.0 min)
15:20:08 | INFO     | EVENT_PUBLISHED: TrainArrivedEvent | train=T14 | time=1088.8
15:20:08 | INFO     | EVENT_HANDLING: TrainArrivedEvent -> RetrofitWorkshopContext._handle_train_arrived
15:20:08 | INFO     | EVENT_HANDLED: TrainArrivedEvent by RetrofitWorkshopContext._handle_train_arrived
15:20:08 | INFO     | t=1092.5: LOCO[LOCO_02] → DECOUPLING at WS_02 (3.0 min)
15:20:08 | INFO     | t=1095.5: RAKE[W7132,W8934] → DECOUPLING at WS_02 (1 couplings, 3.0 min)
15:20:08 | INFO     | t=1098.5: WAGON[W7132] → RETROFIT_STARTED at WS_02
15:20:08 | INFO     | t=1098.5: WAGON[W8934] → RETROFIT_STARTED at WS_02
15:20:08 | INFO     | t=1100.0: DISPATCHER → Hold override for retrofitted_to_parking (waited 70.5 min >= max 45.0 min)
15:20:08 | INFO     | t=1100.0: DISPATCHER → Assigned loco LOCO_01 to retrofitted_to_parking (waited 70.5 min, pending=0)
15:20:08 | INFO     | t=1100.0: LOCO[LOCO_01] → Allocated for parking transport
15:20:08 | INFO     | t=1100.0: Batch size limited by retrofit capacity: 6 wagons (89.0m) fits, 13 waiting
15:20:08 | INFO     | t=1100.0: COLLECTION → Reserving retrofit track capacity for 6 wagons
15:20:08 | INFO     | t=1100.0: COLLECTION → Capacity reserved, allocating locomotive
15:20:08 | INFO     | t=1100.0: DISPATCHER → Task submitted: collection_to_retrofit (pending=1)
15:20:08 | INFO     | t=1105.0: LOCO[LOCO_01] → TRAIN_PREP at retrofitted (coupling + prep, 2.0 min)
15:20:08 | INFO     | t=1130.0: DISPATCHER → Hold override for collection_to_retrofit (waited 30.0 min >= max 30.0 min)
15:20:08 | INFO     | t=1130.0: DISPATCHER → Hold override for collection_to_retrofit (waited 30.0 min >= max 30.0 min)
15:20:08 | INFO     | t=1130.0: DISPATCHER → Assigned loco LOCO_02 to collection_to_retrofit (waited 30.0 min, pending=0)
15:20:08 | INFO     | t=1132.5: RAKE[W10704,W3675] → COUPLING at WS_01 (1 couplings, 0.5 min)
15:20:08 | INFO     | t=1133.0: LOCO → Allocating for pickup from WS_01
15:20:08 | INFO     | t=1133.0: DISPATCHER → Task submitted: workshop_to_retrofitted (pending=1)
15:20:08 | INFO     | t=1158.5: RAKE[W7132,W8934] → COUPLING at WS_02 (1 couplings, 0.5 min)
15:20:08 | INFO     | t=1159.0: LOCO → Allocating for pickup from WS_02
15:20:08 | INFO     | t=1159.0: DISPATCHER → Task submitted: workshop_to_retrofitted (pending=2)
15:20:08 | INFO     | t=1190.0: LOCO[LOCO_02] → TRAIN_PREP at collection (coupling + prep, 13.0 min)
15:20:08 | INFO     | t=1227.0: LOCO[LOCO_01] → DECOUPLING at parking16 (1.0 min)
15:20:08 | INFO     | t=1228.0: RAKE[W3926,W5834] → DECOUPLING at parking16 (1 couplings, 0.5 min)
15:20:08 | INFO     | t=1263.0: LOCO[LOCO_02] → DECOUPLING at retrofit (18.0 min)
15:20:08 | INFO     | t=1281.0: RAKE[W2238,W0047,W0049,W2535,W7970,W4849] → DECOUPLING at retrofit (5 couplings, 15.0 min)
15:20:08 | INFO     | t=1288.5: LOCO[LOCO_01] → Releasing
15:20:08 | INFO     | t=1288.5: LOCO[LOCO_01] → Released
15:20:08 | INFO     | t=1288.5: PARKING → Got wagon W9460 from retrofitted
15:20:08 | INFO     | t=1288.5: DISPATCHER → Assigned loco LOCO_01 to workshop_to_retrofitted (waited 155.5 min, pending=1)
15:20:08 | INFO     | t=1288.5: LOCO → Allocating for parking transport
15:20:08 | INFO     | t=1288.5: DISPATCHER → Task submitted: retrofitted_to_parking (pending=2)
15:20:08 | INFO     | t=1288.5: LOCO[LOCO_01] → Allocated for pickup
15:20:08 | INFO     | t=1295.5: LOCO[LOCO_01] → TRAIN_PREP completed at WS_01 (2.0 min)
15:20:08 | INFO     | t=1300.5: BATCH → Putting 2 wagons on retrofitted track retrofitted
15:20:08 | INFO     | t=1300.5: WAGON[W10704] → Added to retrofitted track retrofitted
15:20:08 | INFO     | t=1300.5: WAGON[W3675] → Added to retrofitted track retrofitted
15:20:08 | INFO     | t=1301.0: Batch size limited by retrofit capacity: 1 wagons (23.2m) fits, 12 waiting
15:20:08 | INFO     | t=1301.0: DISPATCHER → Assigned loco LOCO_02 to workshop_to_retrofitted (waited 142.0 min, pending=1)
15:20:08 | INFO     | t=1301.0: COLLECTION → Reserving retrofit track capacity for 1 wagons
15:20:08 | INFO     | t=1301.0: LOCO[LOCO_02] → Allocated for pickup
15:20:08 | INFO     | t=1305.5: WORKSHOP[WS_01] → Released, notifying 1 waiting processes
15:20:08 | INFO     | t=1305.5: WORKSHOP → Workshop became available
15:20:08 | INFO     | t=1305.5: WORKSHOP[WS_01] → Selected for batch
15:20:08 | INFO     | t=1305.5: DISPATCHER → Assigned loco LOCO_01 to retrofitted_to_parking (waited 17.0 min, pending=0)
15:20:08 | INFO     | t=1305.5: WAGON[W7747] → Added to batch
15:20:08 | INFO     | t=1305.5: BATCH[W6253,W7747] → Formed 2 wagons for WS_01
15:20:08 | INFO     | t=1305.5: LOCO[LOCO_01] → Allocated for parking transport
15:20:08 | INFO     | t=1305.5: TRACK[retrofit] → Removed 2 wagons (30.0m freed)
15:20:08 | INFO     | t=1305.5: DISPATCHER → Task submitted: retrofit_to_workshop (pending=1)
15:20:08 | INFO     | t=1305.5: COLLECTION → Capacity reserved, allocating locomotive
15:20:08 | INFO     | t=1305.5: DISPATCHER → Task submitted: collection_to_retrofit (pending=2)
15:20:08 | INFO     | t=1308.0: LOCO[LOCO_02] → TRAIN_PREP completed at WS_02 (2.0 min)
15:20:08 | INFO     | t=1310.5: LOCO[LOCO_01] → TRAIN_PREP at retrofitted (coupling + prep, 2.0 min)
15:20:08 | INFO     | t=1313.0: BATCH → Putting 2 wagons on retrofitted track retrofitted
15:20:08 | INFO     | t=1313.0: WAGON[W7132] → Added to retrofitted track retrofitted
15:20:08 | INFO     | t=1313.0: WAGON[W8934] → Added to retrofitted track retrofitted
15:20:08 | INFO     | t=1318.0: WORKSHOP[WS_02] → Released, notifying 0 waiting processes
15:20:08 | INFO     | t=1318.0: DISPATCHER → Assigned loco LOCO_02 to retrofit_to_workshop (waited 12.5 min, pending=1)
15:20:08 | INFO     | t=1318.0: RAKE[W6253,W7747] → COUPLING at retrofit (1 couplings, 2.0 min)
15:20:08 | INFO     | t=1318.0: WAGON[W10546] → Retrieved from retrofit queue
15:20:08 | INFO     | t=1318.0: WORKSHOP[WS_02] → Selected for batch
15:20:08 | INFO     | t=1318.0: WAGON[W7222] → Added to batch
15:20:08 | INFO     | t=1318.0: BATCH[W10546,W7222] → Formed 2 wagons for WS_02
15:20:08 | INFO     | t=1318.0: TRACK[retrofit] → Removed 2 wagons (31.2m freed)
15:20:08 | INFO     | t=1318.0: DISPATCHER → Task submitted: retrofit_to_workshop (pending=2)
15:20:08 | INFO     | t=1325.0: LOCO[LOCO_02] → COUPLING at retrofit (2.0 min)
15:20:08 | INFO     | t=1327.0: LOCO[LOCO_02] → SHUNTING_PREP at retrofit (1.0 min)
15:20:08 | INFO     | t=1333.0: LOCO[LOCO_02] → DECOUPLING at WS_01 (3.0 min)
15:20:08 | INFO     | t=1336.0: RAKE[W6253,W7747] → DECOUPLING at WS_01 (1 couplings, 3.0 min)
15:20:08 | INFO     | t=1339.0: WAGON[W6253] → RETROFIT_STARTED at WS_01
15:20:08 | INFO     | t=1339.0: WAGON[W7747] → RETROFIT_STARTED at WS_01
15:20:08 | INFO     | t=1344.0: DISPATCHER → Hold override for collection_to_retrofit (waited 38.5 min >= max 30.0 min)
15:20:08 | INFO     | t=1344.0: DISPATCHER → Assigned loco LOCO_02 to retrofit_to_workshop (waited 26.0 min, pending=1)
15:20:08 | INFO     | t=1344.0: DISPATCHER → Hold override for collection_to_retrofit (waited 38.5 min >= max 30.0 min)
15:20:08 | INFO     | t=1344.0: RAKE[W10546,W7222] → COUPLING at retrofit (1 couplings, 2.0 min)
15:20:08 | INFO     | t=1344.0: WAGON[W0689] → Retrieved from retrofit queue
15:20:08 | INFO     | t=1344.0: WORKSHOP → No workshop available, waiting...
15:20:08 | INFO     | t=1351.0: LOCO[LOCO_02] → COUPLING at retrofit (2.0 min)
15:20:08 | INFO     | t=1353.0: LOCO[LOCO_02] → SHUNTING_PREP at retrofit (1.0 min)
15:20:08 | INFO     | t=1359.0: LOCO[LOCO_02] → DECOUPLING at WS_02 (3.0 min)
15:20:08 | INFO     | t=1362.0: RAKE[W10546,W7222] → DECOUPLING at WS_02 (1 couplings, 3.0 min)
15:20:08 | INFO     | t=1365.0: WAGON[W10546] → RETROFIT_STARTED at WS_02
15:20:08 | INFO     | t=1365.0: WAGON[W7222] → RETROFIT_STARTED at WS_02
15:20:08 | INFO     | t=1370.0: DISPATCHER → Hold override for collection_to_retrofit (waited 64.5 min >= max 30.0 min)
15:20:08 | INFO     | t=1370.0: DISPATCHER → Assigned loco LOCO_02 to collection_to_retrofit (waited 64.5 min, pending=0)
15:20:08 | INFO     | t=1399.0: RAKE[W6253,W7747] → COUPLING at WS_01 (1 couplings, 0.5 min)
15:20:08 | INFO     | t=1399.5: LOCO → Allocating for pickup from WS_01
15:20:08 | INFO     | t=1399.5: DISPATCHER → Task submitted: workshop_to_retrofitted (pending=1)
15:20:08 | INFO     | t=1425.0: RAKE[W10546,W7222] → COUPLING at WS_02 (1 couplings, 0.5 min)
15:20:08 | INFO     | t=1425.5: LOCO → Allocating for pickup from WS_02
15:20:08 | INFO     | t=1425.5: DISPATCHER → Task submitted: workshop_to_retrofitted (pending=2)
15:20:08 | INFO     | t=1430.0: LOCO[LOCO_02] → TRAIN_PREP at collection (coupling + prep, 3.0 min)
15:20:08 | INFO     | t=1432.5: LOCO[LOCO_01] → DECOUPLING at parking16 (1.0 min)
15:20:08 | INFO     | t=1433.5: RAKE[W9460,W9445] → DECOUPLING at parking16 (1 couplings, 0.5 min)
15:20:08 | INFO     | EVENT_PUBLISHED: TrainArrivedEvent | train=T15 | time=1479.0
15:20:08 | INFO     | EVENT_HANDLING: TrainArrivedEvent -> RetrofitWorkshopContext._handle_train_arrived
15:20:08 | INFO     | EVENT_HANDLED: TrainArrivedEvent by RetrofitWorkshopContext._handle_train_arrived
15:20:08 | INFO     | t=1493.0: LOCO[LOCO_02] → DECOUPLING at retrofit (3.0 min)
15:20:08 | INFO     | t=1494.0: LOCO[LOCO_01] → Releasing
15:20:08 | INFO     | t=1494.0: LOCO[LOCO_01] → Released
15:20:08 | INFO     | t=1494.0: PARKING → Got wagon W10704 from retrofitted
15:20:08 | INFO     | t=1494.0: DISPATCHER → Assigned loco LOCO_01 to workshop_to_retrofitted (waited 94.5 min, pending=1)
15:20:08 | INFO     | t=1494.0: LOCO[LOCO_01] → Allocated for pickup
15:20:08 | INFO     | t=1494.0: LOCO → Allocating for parking transport
15:20:08 | INFO     | t=1494.0: DISPATCHER → Task submitted: retrofitted_to_parking (pending=2)
15:20:08 | INFO     | t=1496.0: RAKE[W2967] → DECOUPLING at retrofit (0 couplings, 0.0 min)
15:20:08 | INFO     | t=1501.0: LOCO[LOCO_01] → TRAIN_PREP completed at WS_01 (2.0 min)
15:20:08 | INFO     | t=1501.0: DISPATCHER → Assigned loco LOCO_02 to workshop_to_retrofitted (waited 75.5 min, pending=1)
15:20:08 | INFO     | t=1501.0: Batch size limited by retrofit capacity: 2 wagons (46.5m) fits, 16 waiting
15:20:08 | INFO     | t=1501.0: LOCO[LOCO_02] → Allocated for pickup
15:20:08 | INFO     | t=1501.0: COLLECTION → Reserving retrofit track capacity for 2 wagons
15:20:08 | INFO     | t=1501.0: COLLECTION → Capacity reserved, allocating locomotive
15:20:08 | INFO     | t=1501.0: DISPATCHER → Task submitted: collection_to_retrofit (pending=2)
15:20:08 | INFO     | t=1506.0: BATCH → Putting 2 wagons on retrofitted track retrofitted
15:20:08 | INFO     | t=1506.0: WAGON[W6253] → Added to retrofitted track retrofitted
15:20:08 | INFO     | t=1506.0: WAGON[W7747] → Added to retrofitted track retrofitted
15:20:08 | INFO     | t=1508.0: LOCO[LOCO_02] → TRAIN_PREP completed at WS_02 (2.0 min)
15:20:08 | INFO     | EVENT_PUBLISHED: TrainArrivedEvent | train=T16 | time=1509.0
15:20:08 | INFO     | EVENT_HANDLING: TrainArrivedEvent -> RetrofitWorkshopContext._handle_train_arrived
15:20:08 | INFO     | EVENT_HANDLED: TrainArrivedEvent by RetrofitWorkshopContext._handle_train_arrived
15:20:08 | INFO     | t=1509.0: Batch size limited by retrofit capacity: 1 wagons (22.2m) fits, 1 waiting
15:20:08 | INFO     | t=1509.0: COLLECTION → Reserving retrofit track capacity for 1 wagons
15:20:08 | INFO     | t=1511.0: WORKSHOP[WS_01] → Released, notifying 1 waiting processes
15:20:08 | INFO     | t=1511.0: WORKSHOP → Workshop became available
15:20:08 | INFO     | t=1511.0: WORKSHOP[WS_01] → Selected for batch
15:20:08 | INFO     | t=1511.0: DISPATCHER → Assigned loco LOCO_01 to retrofitted_to_parking (waited 17.0 min, pending=1)
15:20:08 | INFO     | t=1511.0: WAGON[W11268] → Added to batch
15:20:08 | INFO     | t=1511.0: BATCH[W0689,W11268] → Formed 2 wagons for WS_01
15:20:08 | INFO     | t=1511.0: LOCO[LOCO_01] → Allocated for parking transport
15:20:08 | INFO     | t=1511.0: TRACK[retrofit] → Removed 2 wagons (41.3m freed)
15:20:08 | INFO     | t=1511.0: DISPATCHER → Task submitted: retrofit_to_workshop (pending=2)
15:20:08 | INFO     | t=1511.0: COLLECTION → Capacity reserved, allocating locomotive
15:20:08 | INFO     | t=1511.0: DISPATCHER → Task submitted: collection_to_retrofit (pending=3)
15:20:08 | INFO     | t=1513.0: BATCH → Putting 2 wagons on retrofitted track retrofitted
15:20:08 | INFO     | t=1513.0: WAGON[W10546] → Added to retrofitted track retrofitted
15:20:08 | INFO     | t=1513.0: WAGON[W7222] → Added to retrofitted track retrofitted
15:20:08 | INFO     | t=1516.0: LOCO[LOCO_01] → TRAIN_PREP at retrofitted (coupling + prep, 3.0 min)
15:20:08 | INFO     | t=1518.0: WORKSHOP[WS_02] → Released, notifying 0 waiting processes
15:20:08 | INFO     | t=1518.0: DISPATCHER → Assigned loco LOCO_02 to retrofit_to_workshop (waited 7.0 min, pending=2)
15:20:08 | INFO     | t=1518.0: RAKE[W0689,W11268] → COUPLING at retrofit (1 couplings, 2.0 min)
15:20:08 | INFO     | t=1518.0: WAGON[W11509] → Retrieved from retrofit queue
15:20:08 | INFO     | t=1518.0: WORKSHOP[WS_02] → Selected for batch
15:20:08 | INFO     | t=1518.0: WAGON[W6557] → Added to batch
15:20:08 | INFO     | t=1518.0: BATCH[W11509,W6557] → Formed 2 wagons for WS_02
15:20:08 | INFO     | t=1518.0: TRACK[retrofit] → Removed 2 wagons (42.1m freed)
15:20:08 | INFO     | t=1518.0: DISPATCHER → Task submitted: retrofit_to_workshop (pending=3)
15:20:08 | INFO     | t=1525.0: LOCO[LOCO_02] → COUPLING at retrofit (2.0 min)
15:20:08 | INFO     | t=1527.0: LOCO[LOCO_02] → SHUNTING_PREP at retrofit (1.0 min)
15:20:08 | INFO     | t=1533.0: LOCO[LOCO_02] → DECOUPLING at WS_01 (3.0 min)
15:20:08 | INFO     | t=1536.0: RAKE[W0689,W11268] → DECOUPLING at WS_01 (1 couplings, 3.0 min)
15:20:08 | INFO     | t=1539.0: WAGON[W0689] → RETROFIT_STARTED at WS_01
15:20:08 | INFO     | t=1539.0: WAGON[W11268] → RETROFIT_STARTED at WS_01
15:20:08 | INFO     | t=1544.0: DISPATCHER → Hold override for collection_to_retrofit (waited 43.0 min >= max 30.0 min)
15:20:08 | INFO     | t=1544.0: DISPATCHER → Hold override for collection_to_retrofit (waited 33.0 min >= max 30.0 min)
15:20:08 | INFO     | t=1544.0: DISPATCHER → Assigned loco LOCO_02 to retrofit_to_workshop (waited 26.0 min, pending=2)
15:20:08 | INFO     | t=1544.0: DISPATCHER → Hold override for collection_to_retrofit (waited 43.0 min >= max 30.0 min)
15:20:08 | INFO     | t=1544.0: RAKE[W11509,W6557] → COUPLING at retrofit (1 couplings, 2.0 min)
15:20:08 | INFO     | t=1544.0: WAGON[W10356] → Retrieved from retrofit queue
15:20:08 | INFO     | t=1544.0: WORKSHOP → No workshop available, waiting...
15:20:08 | INFO     | t=1551.0: LOCO[LOCO_02] → COUPLING at retrofit (2.0 min)
15:20:08 | INFO     | t=1553.0: LOCO[LOCO_02] → SHUNTING_PREP at retrofit (1.0 min)
15:20:08 | INFO     | t=1559.0: LOCO[LOCO_02] → DECOUPLING at WS_02 (3.0 min)
15:20:08 | INFO     | t=1562.0: RAKE[W11509,W6557] → DECOUPLING at WS_02 (1 couplings, 3.0 min)
15:20:08 | INFO     | t=1565.0: WAGON[W11509] → RETROFIT_STARTED at WS_02
15:20:08 | INFO     | t=1565.0: WAGON[W6557] → RETROFIT_STARTED at WS_02
15:20:08 | INFO     | t=1570.0: DISPATCHER → Hold override for collection_to_retrofit (waited 69.0 min >= max 30.0 min)
15:20:08 | INFO     | t=1570.0: DISPATCHER → Hold override for collection_to_retrofit (waited 59.0 min >= max 30.0 min)
15:20:08 | INFO     | t=1570.0: DISPATCHER → Assigned loco LOCO_02 to collection_to_retrofit (waited 69.0 min, pending=1)
15:20:08 | INFO     | t=1570.0: DISPATCHER → Hold override for collection_to_retrofit (waited 59.0 min >= max 30.0 min)
15:20:08 | INFO     | t=1599.0: RAKE[W0689,W11268] → COUPLING at WS_01 (1 couplings, 0.5 min)
15:20:08 | INFO     | t=1599.5: LOCO → Allocating for pickup from WS_01
15:20:08 | INFO     | t=1599.5: DISPATCHER → Task submitted: workshop_to_retrofitted (pending=2)
15:20:08 | INFO     | EVENT_PUBLISHED: TrainArrivedEvent | train=T17 | time=1602.5
15:20:08 | INFO     | EVENT_HANDLING: TrainArrivedEvent -> RetrofitWorkshopContext._handle_train_arrived
15:20:08 | INFO     | EVENT_HANDLED: TrainArrivedEvent by RetrofitWorkshopContext._handle_train_arrived
15:20:08 | INFO     | t=1625.0: RAKE[W11509,W6557] → COUPLING at WS_02 (1 couplings, 0.5 min)
15:20:08 | INFO     | t=1625.5: LOCO → Allocating for pickup from WS_02
15:20:08 | INFO     | t=1625.5: DISPATCHER → Task submitted: workshop_to_retrofitted (pending=3)
15:20:08 | INFO     | t=1630.0: LOCO[LOCO_02] → TRAIN_PREP at collection (coupling + prep, 5.0 min)
15:20:08 | INFO     | t=1639.0: LOCO[LOCO_01] → DECOUPLING at parking16 (2.0 min)
15:20:08 | INFO     | t=1641.0: RAKE[W10704,W3675,W7132,W8934] → DECOUPLING at parking16 (3 couplings, 1.5 min)
15:20:08 | INFO     | EVENT_PUBLISHED: TrainArrivedEvent | train=T18 | time=1687.2
15:20:08 | INFO     | EVENT_HANDLING: TrainArrivedEvent -> RetrofitWorkshopContext._handle_train_arrived
15:20:08 | INFO     | EVENT_HANDLED: TrainArrivedEvent by RetrofitWorkshopContext._handle_train_arrived
15:20:08 | INFO     | t=1695.0: LOCO[LOCO_02] → DECOUPLING at retrofit (6.0 min)
15:20:08 | INFO     | t=1701.0: RAKE[W9776,W12208] → DECOUPLING at retrofit (1 couplings, 3.0 min)
15:20:08 | INFO     | t=1702.5: LOCO[LOCO_01] → Releasing
15:20:08 | INFO     | t=1702.5: LOCO[LOCO_01] → Released
15:20:08 | INFO     | t=1702.5: PARKING → Got wagon W6253 from retrofitted
15:20:08 | INFO     | t=1702.5: DISPATCHER → Hold override for collection_to_retrofit (waited 191.5 min >= max 30.0 min)
15:20:08 | INFO     | t=1702.5: DISPATCHER → Assigned loco LOCO_01 to collection_to_retrofit (waited 191.5 min, pending=2)
15:20:08 | INFO     | t=1702.5: LOCO → Allocating for parking transport
15:20:08 | INFO     | t=1702.5: DISPATCHER → Task submitted: retrofitted_to_parking (pending=3)
15:20:08 | INFO     | t=1709.0: DISPATCHER → Assigned loco LOCO_02 to workshop_to_retrofitted (waited 109.5 min, pending=2)
15:20:08 | INFO     | t=1709.0: LOCO[LOCO_02] → Allocated for pickup
15:20:08 | INFO     | t=1709.0: Batch size limited by retrofit capacity: 3 wagons (53.8m) fits, 16 waiting
15:20:08 | INFO     | t=1709.0: COLLECTION → Reserving retrofit track capacity for 3 wagons
15:20:08 | INFO     | t=1709.0: COLLECTION → Capacity reserved, allocating locomotive
15:20:08 | INFO     | t=1709.0: DISPATCHER → Task submitted: collection_to_retrofit (pending=3)
15:20:08 | INFO     | t=1716.0: LOCO[LOCO_02] → TRAIN_PREP completed at WS_01 (2.0 min)
15:20:08 | INFO     | t=1721.0: BATCH → Putting 2 wagons on retrofitted track retrofitted
15:20:08 | INFO     | t=1721.0: WAGON[W0689] → Added to retrofitted track retrofitted
15:20:08 | INFO     | t=1721.0: WAGON[W11268] → Added to retrofitted track retrofitted
15:20:08 | INFO     | t=1726.0: WORKSHOP[WS_01] → Released, notifying 1 waiting processes
15:20:08 | INFO     | t=1726.0: WORKSHOP → Workshop became available
15:20:08 | INFO     | t=1726.0: WORKSHOP[WS_01] → Selected for batch
15:20:08 | INFO     | t=1726.0: DISPATCHER → Assigned loco LOCO_02 to workshop_to_retrofitted (waited 100.5 min, pending=2)
15:20:08 | INFO     | t=1726.0: WAGON[W6006] → Added to batch
15:20:08 | INFO     | t=1726.0: BATCH[W10356,W6006] → Formed 2 wagons for WS_01
15:20:08 | INFO     | t=1726.0: LOCO[LOCO_02] → Allocated for pickup
15:20:08 | INFO     | t=1726.0: TRACK[retrofit] → Removed 2 wagons (37.1m freed)
15:20:08 | INFO     | t=1726.0: DISPATCHER → Task submitted: retrofit_to_workshop (pending=3)
15:20:08 | INFO     | t=1733.0: LOCO[LOCO_02] → TRAIN_PREP completed at WS_02 (2.0 min)
15:20:08 | INFO     | t=1738.0: BATCH → Putting 2 wagons on retrofitted track retrofitted
15:20:08 | INFO     | t=1738.0: WAGON[W11509] → Added to retrofitted track retrofitted
15:20:08 | INFO     | t=1738.0: WAGON[W6557] → Added to retrofitted track retrofitted
15:20:08 | INFO     | t=1743.0: WORKSHOP[WS_02] → Released, notifying 0 waiting processes
15:20:08 | INFO     | t=1743.0: DISPATCHER → Hold override for collection_to_retrofit (waited 34.0 min >= max 30.0 min)
15:20:08 | INFO     | t=1743.0: DISPATCHER → Assigned loco LOCO_02 to retrofit_to_workshop (waited 17.0 min, pending=2)
15:20:08 | INFO     | t=1743.0: RAKE[W10356,W6006] → COUPLING at retrofit (1 couplings, 2.0 min)
15:20:08 | INFO     | t=1743.0: WAGON[W4440] → Retrieved from retrofit queue
15:20:08 | INFO     | t=1743.0: WORKSHOP[WS_02] → Selected for batch
15:20:08 | INFO     | t=1743.0: WAGON[W10383] → Added to batch
15:20:08 | INFO     | t=1743.0: BATCH[W4440,W10383] → Formed 2 wagons for WS_02
15:20:08 | INFO     | t=1743.0: TRACK[retrofit] → Removed 2 wagons (39.8m freed)
15:20:08 | INFO     | t=1743.0: DISPATCHER → Task submitted: retrofit_to_workshop (pending=3)
15:20:08 | INFO     | t=1750.0: LOCO[LOCO_02] → COUPLING at retrofit (2.0 min)
15:20:08 | INFO     | t=1752.0: LOCO[LOCO_02] → SHUNTING_PREP at retrofit (1.0 min)
15:20:08 | INFO     | t=1758.0: LOCO[LOCO_02] → DECOUPLING at WS_01 (3.0 min)
15:20:08 | INFO     | t=1761.0: RAKE[W10356,W6006] → DECOUPLING at WS_01 (1 couplings, 3.0 min)
15:20:08 | INFO     | t=1762.5: LOCO[LOCO_01] → TRAIN_PREP at collection (coupling + prep, 3.0 min)
15:20:08 | INFO     | t=1764.0: WAGON[W10356] → RETROFIT_STARTED at WS_01
15:20:08 | INFO     | t=1764.0: WAGON[W6006] → RETROFIT_STARTED at WS_01
15:20:08 | INFO     | EVENT_PUBLISHED: TrainArrivedEvent | train=T19 | time=1767.0
15:20:08 | INFO     | EVENT_HANDLING: TrainArrivedEvent -> RetrofitWorkshopContext._handle_train_arrived
15:20:08 | INFO     | EVENT_HANDLED: TrainArrivedEvent by RetrofitWorkshopContext._handle_train_arrived
15:20:08 | INFO     | t=1769.0: DISPATCHER → Hold override for retrofitted_to_parking (waited 66.5 min >= max 45.0 min)
15:20:08 | INFO     | t=1769.0: DISPATCHER → Hold override for collection_to_retrofit (waited 60.0 min >= max 30.0 min)
15:20:08 | INFO     | t=1769.0: DISPATCHER → Assigned loco LOCO_02 to retrofit_to_workshop (waited 26.0 min, pending=2)
15:20:08 | INFO     | t=1769.0: DISPATCHER → Hold override for retrofitted_to_parking (waited 66.5 min >= max 45.0 min)
15:20:08 | INFO     | t=1769.0: RAKE[W4440,W10383] → COUPLING at retrofit (1 couplings, 2.0 min)
15:20:08 | INFO     | t=1769.0: WAGON[W2238] → Retrieved from retrofit queue
15:20:08 | INFO     | t=1769.0: WORKSHOP → No workshop available, waiting...
15:20:08 | INFO     | t=1776.0: LOCO[LOCO_02] → COUPLING at retrofit (2.0 min)
15:20:08 | INFO     | t=1778.0: LOCO[LOCO_02] → SHUNTING_PREP at retrofit (1.0 min)
15:20:08 | INFO     | t=1784.0: LOCO[LOCO_02] → DECOUPLING at WS_02 (3.0 min)
15:20:08 | INFO     | t=1787.0: RAKE[W4440,W10383] → DECOUPLING at WS_02 (1 couplings, 3.0 min)
15:20:08 | INFO     | t=1790.0: WAGON[W4440] → RETROFIT_STARTED at WS_02
15:20:08 | INFO     | t=1790.0: WAGON[W10383] → RETROFIT_STARTED at WS_02
15:20:08 | INFO     | t=1795.0: DISPATCHER → Hold override for retrofitted_to_parking (waited 92.5 min >= max 45.0 min)
15:20:08 | INFO     | t=1795.0: DISPATCHER → Hold override for collection_to_retrofit (waited 86.0 min >= max 30.0 min)
15:20:08 | INFO     | t=1795.0: DISPATCHER → Assigned loco LOCO_02 to collection_to_retrofit (waited 86.0 min, pending=1)
15:20:08 | INFO     | t=1795.0: DISPATCHER → Hold override for retrofitted_to_parking (waited 92.5 min >= max 45.0 min)
15:20:08 | INFO     | t=1824.0: RAKE[W10356,W6006] → COUPLING at WS_01 (1 couplings, 0.5 min)
15:20:08 | INFO     | t=1824.5: LOCO → Allocating for pickup from WS_01
15:20:08 | INFO     | t=1824.5: DISPATCHER → Task submitted: workshop_to_retrofitted (pending=2)
15:20:08 | INFO     | t=1825.5: LOCO[LOCO_01] → DECOUPLING at retrofit (3.0 min)
15:20:08 | INFO     | t=1828.5: RAKE[W10130] → DECOUPLING at retrofit (0 couplings, 0.0 min)
15:20:08 | INFO     | t=1833.5: DISPATCHER → Hold override for retrofitted_to_parking (waited 131.0 min >= max 45.0 min)
15:20:08 | INFO     | t=1833.5: DISPATCHER → Assigned loco LOCO_01 to workshop_to_retrofitted (waited 9.0 min, pending=1)
15:20:08 | INFO     | t=1833.5: DISPATCHER → Hold override for retrofitted_to_parking (waited 131.0 min >= max 45.0 min)
15:20:08 | INFO     | t=1833.5: LOCO[LOCO_01] → Allocated for pickup
15:20:08 | INFO     | t=1833.5: Batch size limited by retrofit capacity: 3 wagons (64.1m) fits, 7 waiting
15:20:08 | INFO     | t=1833.5: COLLECTION → Reserving retrofit track capacity for 3 wagons
15:20:08 | INFO     | t=1833.5: COLLECTION → Capacity reserved, allocating locomotive
15:20:08 | INFO     | t=1833.5: DISPATCHER → Task submitted: collection_to_retrofit (pending=2)
15:20:08 | INFO     | t=1840.5: LOCO[LOCO_01] → TRAIN_PREP completed at WS_01 (2.0 min)
15:20:08 | INFO     | t=1845.5: BATCH → Putting 2 wagons on retrofitted track retrofitted
15:20:08 | INFO     | t=1845.5: WAGON[W10356] → Added to retrofitted track retrofitted
15:20:08 | INFO     | t=1845.5: WAGON[W6006] → Added to retrofitted track retrofitted
15:20:08 | INFO     | t=1850.0: RAKE[W4440,W10383] → COUPLING at WS_02 (1 couplings, 0.5 min)
15:20:08 | INFO     | t=1850.5: LOCO → Allocating for pickup from WS_02
15:20:08 | INFO     | t=1850.5: DISPATCHER → Task submitted: workshop_to_retrofitted (pending=3)
15:20:08 | INFO     | t=1850.5: WORKSHOP[WS_01] → Released, notifying 1 waiting processes
15:20:08 | INFO     | t=1850.5: WORKSHOP → Workshop became available
15:20:08 | INFO     | t=1850.5: WORKSHOP[WS_01] → Selected for batch
15:20:08 | INFO     | t=1850.5: DISPATCHER → Hold override for retrofitted_to_parking (waited 148.0 min >= max 45.0 min)
15:20:08 | INFO     | t=1850.5: DISPATCHER → Assigned loco LOCO_01 to retrofitted_to_parking (waited 148.0 min, pending=2)
15:20:08 | INFO     | t=1850.5: WAGON[W0047] → Added to batch
15:20:08 | INFO     | t=1850.5: BATCH[W2238,W0047] → Formed 2 wagons for WS_01
15:20:08 | INFO     | t=1850.5: LOCO[LOCO_01] → Allocated for parking transport
15:20:08 | INFO     | t=1850.5: TRACK[retrofit] → Removed 2 wagons (25.4m freed)
15:20:08 | INFO     | t=1850.5: DISPATCHER → Task submitted: retrofit_to_workshop (pending=3)
15:20:08 | INFO     | EVENT_PUBLISHED: TrainArrivedEvent | train=T20 | time=1853.5
15:20:08 | INFO     | EVENT_HANDLING: TrainArrivedEvent -> RetrofitWorkshopContext._handle_train_arrived
15:20:08 | INFO     | EVENT_HANDLED: TrainArrivedEvent by RetrofitWorkshopContext._handle_train_arrived
15:20:08 | INFO     | t=1855.0: LOCO[LOCO_02] → TRAIN_PREP at collection (coupling + prep, 7.0 min)
15:20:08 | INFO     | t=1855.5: LOCO[LOCO_01] → TRAIN_PREP at retrofitted (coupling + prep, 3.0 min)
15:20:08 | INFO     | EVENT_PUBLISHED: TrainArrivedEvent | train=T21 | time=1870.0
15:20:08 | INFO     | EVENT_HANDLING: TrainArrivedEvent -> RetrofitWorkshopContext._handle_train_arrived
15:20:08 | INFO     | EVENT_HANDLED: TrainArrivedEvent by RetrofitWorkshopContext._handle_train_arrived
15:20:08 | INFO     | t=1922.0: LOCO[LOCO_02] → DECOUPLING at retrofit (9.0 min)
15:20:08 | INFO     | t=1931.0: RAKE[W11348,W12037,W0440] → DECOUPLING at retrofit (2 couplings, 6.0 min)
15:20:08 | INFO     | t=1942.0: Batch size limited by retrofit capacity: 1 wagons (23.2m) fits, 18 waiting
15:20:08 | INFO     | t=1942.0: DISPATCHER → Hold override for collection_to_retrofit (waited 108.5 min >= max 30.0 min)
15:20:08 | INFO     | t=1942.0: DISPATCHER → Assigned loco LOCO_02 to retrofit_to_workshop (waited 91.5 min, pending=2)
15:20:08 | INFO     | t=1942.0: DISPATCHER → Hold override for collection_to_retrofit (waited 108.5 min >= max 30.0 min)
15:20:08 | INFO     | t=1942.0: COLLECTION → Reserving retrofit track capacity for 1 wagons
15:20:08 | INFO     | t=1942.0: RAKE[W2238,W0047] → COUPLING at retrofit (1 couplings, 2.0 min)
15:20:08 | INFO     | t=1942.0: COLLECTION → Capacity reserved, allocating locomotive
15:20:08 | INFO     | t=1942.0: DISPATCHER → Task submitted: collection_to_retrofit (pending=3)
15:20:08 | INFO     | t=1942.0: WAGON[W0049] → Retrieved from retrofit queue
15:20:08 | INFO     | t=1942.0: WORKSHOP → No workshop available, waiting...
15:20:08 | INFO     | t=1949.0: LOCO[LOCO_02] → COUPLING at retrofit (2.0 min)
15:20:08 | INFO     | t=1951.0: LOCO[LOCO_02] → SHUNTING_PREP at retrofit (1.0 min)
15:20:08 | INFO     | t=1957.0: LOCO[LOCO_02] → DECOUPLING at WS_01 (3.0 min)
15:20:08 | INFO     | t=1960.0: RAKE[W2238,W0047] → DECOUPLING at WS_01 (1 couplings, 3.0 min)
15:20:08 | INFO     | t=1963.0: WAGON[W2238] → RETROFIT_STARTED at WS_01
15:20:08 | INFO     | t=1963.0: WAGON[W0047] → RETROFIT_STARTED at WS_01
15:20:08 | INFO     | EVENT_PUBLISHED: TrainArrivedEvent | train=T22 | time=1965.2
15:20:08 | INFO     | EVENT_HANDLING: TrainArrivedEvent -> RetrofitWorkshopContext._handle_train_arrived
15:20:08 | INFO     | EVENT_HANDLED: TrainArrivedEvent by RetrofitWorkshopContext._handle_train_arrived
15:20:08 | INFO     | t=1968.0: DISPATCHER → Hold override for collection_to_retrofit (waited 134.5 min >= max 30.0 min)
15:20:08 | INFO     | t=1968.0: DISPATCHER → Assigned loco LOCO_02 to collection_to_retrofit (waited 134.5 min, pending=2)
15:20:08 | INFO     | t=1978.5: LOCO[LOCO_01] → DECOUPLING at parking16 (2.0 min)
15:20:08 | INFO     | t=1980.5: RAKE[W6253,W7747,W10546,W7222] → DECOUPLING at parking16 (3 couplings, 1.5 min)
15:20:08 | INFO     | t=2023.0: RAKE[W2238,W0047] → COUPLING at WS_01 (1 couplings, 0.5 min)
15:20:08 | INFO     | t=2023.5: LOCO → Allocating for pickup from WS_01
15:20:08 | INFO     | t=2023.5: DISPATCHER → Task submitted: workshop_to_retrofitted (pending=3)
15:20:08 | INFO     | t=2028.0: LOCO[LOCO_02] → TRAIN_PREP at collection (coupling + prep, 7.0 min)
15:20:08 | INFO     | t=2042.0: LOCO[LOCO_01] → Releasing
15:20:08 | INFO     | t=2042.0: LOCO[LOCO_01] → Released
15:20:08 | INFO     | t=2042.0: PARKING → Got wagon W0689 from retrofitted
15:20:08 | INFO     | t=2042.0: DISPATCHER → Hold override for collection_to_retrofit (waited 100.0 min >= max 30.0 min)
15:20:08 | INFO     | t=2042.0: DISPATCHER → Assigned loco LOCO_01 to workshop_to_retrofitted (waited 191.5 min, pending=2)
15:20:08 | INFO     | t=2042.0: DISPATCHER → Hold override for collection_to_retrofit (waited 100.0 min >= max 30.0 min)
15:20:08 | INFO     | t=2042.0: LOCO[LOCO_01] → Allocated for pickup
15:20:08 | INFO     | t=2042.0: LOCO → Allocating for parking transport
15:20:08 | INFO     | t=2042.0: DISPATCHER → Task submitted: retrofitted_to_parking (pending=3)
15:20:08 | INFO     | t=2049.0: LOCO[LOCO_01] → TRAIN_PREP completed at WS_02 (2.0 min)
15:20:08 | INFO     | t=2054.0: BATCH → Putting 2 wagons on retrofitted track retrofitted
15:20:08 | INFO     | t=2054.0: WAGON[W4440] → Added to retrofitted track retrofitted
15:20:08 | INFO     | t=2054.0: WAGON[W10383] → Added to retrofitted track retrofitted
15:20:08 | INFO     | t=2059.0: WORKSHOP[WS_02] → Released, notifying 1 waiting processes
15:20:08 | INFO     | t=2059.0: WORKSHOP → Workshop became available
15:20:08 | INFO     | t=2059.0: WORKSHOP[WS_02] → Selected for batch
15:20:08 | INFO     | t=2059.0: DISPATCHER → Hold override for collection_to_retrofit (waited 117.0 min >= max 30.0 min)
15:20:08 | INFO     | t=2059.0: DISPATCHER → Assigned loco LOCO_01 to collection_to_retrofit (waited 117.0 min, pending=2)
15:20:08 | INFO     | t=2059.0: WAGON[W2535] → Added to batch
15:20:08 | INFO     | t=2059.0: BATCH[W0049,W2535] → Formed 2 wagons for WS_02
15:20:08 | INFO     | t=2059.0: TRACK[retrofit] → Removed 2 wagons (28.7m freed)
15:20:08 | INFO     | t=2059.0: DISPATCHER → Task submitted: retrofit_to_workshop (pending=3)
15:20:08 | INFO     | t=2095.0: LOCO[LOCO_02] → DECOUPLING at retrofit (9.0 min)
15:20:08 | INFO     | t=2104.0: RAKE[W9721,W9756,W11467] → DECOUPLING at retrofit (2 couplings, 6.0 min)
15:20:08 | INFO     | t=2115.0: DISPATCHER → Hold override for retrofitted_to_parking (waited 73.0 min >= max 45.0 min)
15:20:08 | INFO     | t=2115.0: DISPATCHER → Assigned loco LOCO_02 to retrofit_to_workshop (waited 56.0 min, pending=2)
15:20:08 | INFO     | t=2115.0: Batch size limited by retrofit capacity: 2 wagons (42.8m) fits, 9 waiting
15:20:08 | INFO     | t=2115.0: RAKE[W0049,W2535] → COUPLING at retrofit (1 couplings, 2.0 min)
15:20:08 | INFO     | t=2115.0: COLLECTION → Reserving retrofit track capacity for 2 wagons
15:20:08 | INFO     | t=2115.0: WAGON[W7970] → Retrieved from retrofit queue
15:20:08 | INFO     | t=2115.0: WORKSHOP → No workshop available, waiting...
15:20:08 | INFO     | t=2115.0: COLLECTION → Capacity reserved, allocating locomotive
15:20:08 | INFO     | t=2115.0: DISPATCHER → Task submitted: collection_to_retrofit (pending=3)
15:20:08 | INFO     | t=2119.0: LOCO[LOCO_01] → TRAIN_PREP at collection (coupling + prep, 3.0 min)
15:20:08 | INFO     | t=2122.0: LOCO[LOCO_02] → COUPLING at retrofit (2.0 min)
15:20:08 | INFO     | t=2124.0: LOCO[LOCO_02] → SHUNTING_PREP at retrofit (1.0 min)
15:20:08 | INFO     | t=2130.0: LOCO[LOCO_02] → DECOUPLING at WS_02 (3.0 min)
15:20:08 | INFO     | t=2133.0: RAKE[W0049,W2535] → DECOUPLING at WS_02 (1 couplings, 3.0 min)
15:20:08 | INFO     | t=2136.0: WAGON[W0049] → RETROFIT_STARTED at WS_02
15:20:08 | INFO     | t=2136.0: WAGON[W2535] → RETROFIT_STARTED at WS_02
15:20:08 | INFO     | EVENT_PUBLISHED: TrainArrivedEvent | train=T23 | time=2138.0
15:20:08 | INFO     | EVENT_HANDLING: TrainArrivedEvent -> RetrofitWorkshopContext._handle_train_arrived
15:20:08 | INFO     | EVENT_HANDLED: TrainArrivedEvent by RetrofitWorkshopContext._handle_train_arrived
15:20:08 | INFO     | t=2141.0: DISPATCHER → Hold override for retrofitted_to_parking (waited 99.0 min >= max 45.0 min)
15:20:08 | INFO     | t=2141.0: DISPATCHER → Assigned loco LOCO_02 to workshop_to_retrofitted (waited 117.5 min, pending=2)
15:20:08 | INFO     | t=2141.0: DISPATCHER → Hold override for retrofitted_to_parking (waited 99.0 min >= max 45.0 min)
15:20:08 | INFO     | t=2141.0: LOCO[LOCO_02] → Allocated for pickup
15:20:08 | INFO     | t=2148.0: LOCO[LOCO_02] → TRAIN_PREP completed at WS_01 (2.0 min)
15:20:08 | INFO     | EVENT_PUBLISHED: TrainArrivedEvent | train=T24 | time=2149.8
15:20:08 | INFO     | EVENT_HANDLING: TrainArrivedEvent -> RetrofitWorkshopContext._handle_train_arrived
15:20:08 | INFO     | EVENT_HANDLED: TrainArrivedEvent by RetrofitWorkshopContext._handle_train_arrived
15:20:08 | INFO     | t=2153.0: BATCH → Putting 2 wagons on retrofitted track retrofitted
15:20:08 | INFO     | t=2153.0: WAGON[W2238] → Added to retrofitted track retrofitted
15:20:08 | INFO     | t=2153.0: WAGON[W0047] → Added to retrofitted track retrofitted
15:20:08 | INFO     | EVENT_PUBLISHED: TrainArrivedEvent | train=T25 | time=2158.0
15:20:08 | INFO     | EVENT_HANDLING: TrainArrivedEvent -> RetrofitWorkshopContext._handle_train_arrived
15:20:08 | INFO     | EVENT_HANDLED: TrainArrivedEvent by RetrofitWorkshopContext._handle_train_arrived
15:20:08 | INFO     | t=2158.0: WORKSHOP[WS_01] → Released, notifying 1 waiting processes
15:20:08 | INFO     | t=2158.0: WORKSHOP → Workshop became available
15:20:08 | INFO     | t=2158.0: WORKSHOP[WS_01] → Selected for batch
15:20:08 | INFO     | t=2158.0: DISPATCHER → Hold override for retrofitted_to_parking (waited 116.0 min >= max 45.0 min)
15:20:08 | INFO     | t=2158.0: DISPATCHER → Hold override for collection_to_retrofit (waited 43.0 min >= max 30.0 min)
15:20:08 | INFO     | t=2158.0: DISPATCHER → Assigned loco LOCO_02 to collection_to_retrofit (waited 43.0 min, pending=1)
15:20:08 | INFO     | t=2158.0: DISPATCHER → Hold override for retrofitted_to_parking (waited 116.0 min >= max 45.0 min)
15:20:08 | INFO     | t=2158.0: WAGON[W4849] → Added to batch
15:20:08 | INFO     | t=2158.0: BATCH[W7970,W4849] → Formed 2 wagons for WS_01
15:20:08 | INFO     | t=2158.0: TRACK[retrofit] → Removed 2 wagons (34.8m freed)
15:20:08 | INFO     | t=2158.0: DISPATCHER → Task submitted: retrofit_to_workshop (pending=2)
15:20:08 | INFO     | t=2182.0: LOCO[LOCO_01] → DECOUPLING at retrofit (3.0 min)
15:20:08 | INFO     | t=2185.0: RAKE[W11988] → DECOUPLING at retrofit (0 couplings, 0.0 min)
15:20:08 | INFO     | t=2190.0: DISPATCHER → Hold override for retrofitted_to_parking (waited 148.0 min >= max 45.0 min)
15:20:08 | INFO     | t=2190.0: DISPATCHER → Assigned loco LOCO_01 to retrofit_to_workshop (waited 32.0 min, pending=1)
15:20:08 | INFO     | t=2190.0: DISPATCHER → Hold override for retrofitted_to_parking (waited 148.0 min >= max 45.0 min)
15:20:08 | INFO     | t=2190.0: Batch size limited by retrofit capacity: 2 wagons (38.7m) fits, 17 waiting
15:20:08 | INFO     | t=2190.0: RAKE[W7970,W4849] → COUPLING at retrofit (1 couplings, 2.0 min)
15:20:08 | INFO     | t=2190.0: COLLECTION → Reserving retrofit track capacity for 2 wagons
15:20:08 | INFO     | t=2190.0: WAGON[W2967] → Retrieved from retrofit queue
15:20:08 | INFO     | t=2190.0: WORKSHOP → No workshop available, waiting...
15:20:08 | INFO     | t=2190.0: COLLECTION → Capacity reserved, allocating locomotive
15:20:08 | INFO     | t=2190.0: DISPATCHER → Task submitted: collection_to_retrofit (pending=2)
15:20:08 | INFO     | t=2196.0: RAKE[W0049,W2535] → COUPLING at WS_02 (1 couplings, 0.5 min)
15:20:08 | INFO     | t=2196.5: LOCO → Allocating for pickup from WS_02
15:20:08 | INFO     | t=2196.5: DISPATCHER → Task submitted: workshop_to_retrofitted (pending=3)
15:20:08 | INFO     | t=2197.0: LOCO[LOCO_01] → COUPLING at retrofit (2.0 min)
15:20:08 | INFO     | t=2199.0: LOCO[LOCO_01] → SHUNTING_PREP at retrofit (1.0 min)
15:20:08 | INFO     | t=2205.0: LOCO[LOCO_01] → DECOUPLING at WS_01 (3.0 min)
15:20:08 | INFO     | t=2208.0: RAKE[W7970,W4849] → DECOUPLING at WS_01 (1 couplings, 3.0 min)
15:20:08 | INFO     | t=2211.0: WAGON[W7970] → RETROFIT_STARTED at WS_01
15:20:08 | INFO     | t=2211.0: WAGON[W4849] → RETROFIT_STARTED at WS_01
15:20:08 | INFO     | t=2216.0: DISPATCHER → Hold override for retrofitted_to_parking (waited 174.0 min >= max 45.0 min)
15:20:08 | INFO     | t=2216.0: DISPATCHER → Assigned loco LOCO_01 to retrofitted_to_parking (waited 174.0 min, pending=2)
15:20:08 | INFO     | t=2216.0: LOCO[LOCO_01] → Allocated for parking transport
15:20:08 | INFO     | t=2218.0: LOCO[LOCO_02] → TRAIN_PREP at collection (coupling + prep, 5.0 min)
15:20:08 | INFO     | t=2221.0: LOCO[LOCO_01] → TRAIN_PREP at retrofitted (coupling + prep, 4.0 min)
15:20:08 | INFO     | EVENT_PUBLISHED: TrainArrivedEvent | train=T26 | time=2258.0
15:20:08 | INFO     | EVENT_HANDLING: TrainArrivedEvent -> RetrofitWorkshopContext._handle_train_arrived
15:20:08 | INFO     | EVENT_HANDLED: TrainArrivedEvent by RetrofitWorkshopContext._handle_train_arrived
15:20:08 | INFO     | t=2271.0: RAKE[W7970,W4849] → COUPLING at WS_01 (1 couplings, 0.5 min)
15:20:08 | INFO     | t=2271.5: LOCO → Allocating for pickup from WS_01
15:20:08 | INFO     | t=2271.5: DISPATCHER → Task submitted: workshop_to_retrofitted (pending=3)
15:20:08 | INFO     | t=2283.0: LOCO[LOCO_02] → DECOUPLING at retrofit (6.0 min)
15:20:08 | INFO     | t=2289.0: RAKE[W10354,W3950] → DECOUPLING at retrofit (1 couplings, 3.0 min)
15:20:08 | INFO     | t=2297.0: Batch size limited by retrofit capacity: 1 wagons (22.4m) fits, 19 waiting
15:20:08 | INFO     | t=2297.0: DISPATCHER → Hold override for collection_to_retrofit (waited 107.0 min >= max 30.0 min)
15:20:08 | INFO     | t=2297.0: DISPATCHER → Assigned loco LOCO_02 to collection_to_retrofit (waited 107.0 min, pending=2)
15:20:08 | INFO     | t=2297.0: COLLECTION → Reserving retrofit track capacity for 1 wagons
15:20:08 | INFO     | EVENT_PUBLISHED: TrainArrivedEvent | train=T27 | time=2303.8
15:20:08 | INFO     | EVENT_HANDLING: TrainArrivedEvent -> RetrofitWorkshopContext._handle_train_arrived
15:20:08 | INFO     | EVENT_HANDLED: TrainArrivedEvent by RetrofitWorkshopContext._handle_train_arrived
15:20:08 | INFO     | EVENT_PUBLISHED: TrainArrivedEvent | train=T28 | time=2324.2
15:20:08 | INFO     | EVENT_HANDLING: TrainArrivedEvent -> RetrofitWorkshopContext._handle_train_arrived
15:20:08 | INFO     | EVENT_HANDLED: TrainArrivedEvent by RetrofitWorkshopContext._handle_train_arrived
15:20:08 | INFO     | t=2345.0: LOCO[LOCO_01] → DECOUPLING at parking16 (3.0 min)
15:20:08 | INFO     | t=2348.0: RAKE[W0689,W11268,W11509,W6557,W10356,W6006] → DECOUPLING at parking16 (5 couplings, 2.5 min)
15:20:08 | INFO     | t=2357.0: LOCO[LOCO_02] → TRAIN_PREP at collection (coupling + prep, 5.0 min)
15:20:08 | INFO     | t=2410.5: LOCO[LOCO_01] → Releasing
15:20:08 | INFO     | t=2410.5: LOCO[LOCO_01] → Released
15:20:08 | INFO     | t=2410.5: PARKING → Got wagon W4440 from retrofitted
15:20:08 | INFO     | t=2410.5: DISPATCHER → Assigned loco LOCO_01 to workshop_to_retrofitted (waited 214.0 min, pending=1)
15:20:08 | INFO     | t=2410.5: LOCO[LOCO_01] → Allocated for pickup
15:20:08 | INFO     | t=2410.5: LOCO → Allocating for parking transport
15:20:08 | INFO     | t=2410.5: DISPATCHER → Task submitted: retrofitted_to_parking (pending=2)
15:20:08 | INFO     | t=2417.5: LOCO[LOCO_01] → TRAIN_PREP completed at WS_02 (2.0 min)
15:20:08 | INFO     | t=2422.0: LOCO[LOCO_02] → DECOUPLING at retrofit (6.0 min)
15:20:08 | INFO     | t=2422.5: BATCH → Putting 2 wagons on retrofitted track retrofitted
15:20:08 | INFO     | t=2422.5: WAGON[W0049] → Added to retrofitted track retrofitted
15:20:08 | INFO     | t=2422.5: WAGON[W2535] → Added to retrofitted track retrofitted
15:20:08 | INFO     | t=2427.5: WORKSHOP[WS_02] → Released, notifying 1 waiting processes
15:20:08 | INFO     | t=2427.5: WORKSHOP → Workshop became available
15:20:08 | INFO     | t=2427.5: WORKSHOP[WS_02] → Selected for batch
15:20:08 | INFO     | t=2427.5: DISPATCHER → Assigned loco LOCO_01 to workshop_to_retrofitted (waited 156.0 min, pending=1)
15:20:08 | INFO     | t=2427.5: WAGON[W9776] → Added to batch
15:20:08 | INFO     | t=2427.5: BATCH[W2967,W9776] → Formed 2 wagons for WS_02
15:20:08 | INFO     | t=2427.5: LOCO[LOCO_01] → Allocated for pickup
15:20:08 | INFO     | t=2427.5: TRACK[retrofit] → Removed 2 wagons (46.5m freed)
15:20:08 | INFO     | t=2427.5: DISPATCHER → Task submitted: retrofit_to_workshop (pending=2)
15:20:08 | INFO     | t=2427.5: COLLECTION → Capacity reserved, allocating locomotive
15:20:08 | INFO     | t=2427.5: DISPATCHER → Task submitted: collection_to_retrofit (pending=3)
15:20:08 | INFO     | t=2428.0: RAKE[W12260,W0130] → DECOUPLING at retrofit (1 couplings, 3.0 min)
15:20:08 | INFO     | t=2434.5: LOCO[LOCO_01] → TRAIN_PREP completed at WS_01 (2.0 min)
15:20:08 | INFO     | t=2436.0: Batch size limited by retrofit capacity: 1 wagons (16.1m) fits, 19 waiting
15:20:08 | INFO     | t=2436.0: DISPATCHER → Assigned loco LOCO_02 to retrofit_to_workshop (waited 8.5 min, pending=2)
15:20:08 | INFO     | t=2436.0: COLLECTION → Reserving retrofit track capacity for 1 wagons
15:20:08 | INFO     | t=2436.0: RAKE[W2967,W9776] → COUPLING at retrofit (1 couplings, 2.0 min)
15:20:08 | INFO     | t=2436.0: COLLECTION → Capacity reserved, allocating locomotive
15:20:08 | INFO     | t=2436.0: DISPATCHER → Task submitted: collection_to_retrofit (pending=3)
15:20:08 | INFO     | t=2436.0: WAGON[W12208] → Retrieved from retrofit queue
15:20:08 | INFO     | t=2436.0: WORKSHOP → No workshop available, waiting...
15:20:08 | INFO     | t=2439.5: BATCH → Putting 2 wagons on retrofitted track retrofitted
15:20:08 | INFO     | t=2439.5: WAGON[W7970] → Added to retrofitted track retrofitted
15:20:08 | INFO     | t=2439.5: WAGON[W4849] → Added to retrofitted track retrofitted
15:20:08 | INFO     | t=2443.0: LOCO[LOCO_02] → COUPLING at retrofit (2.0 min)
15:20:08 | INFO     | t=2444.5: WORKSHOP[WS_01] → Released, notifying 1 waiting processes
15:20:08 | INFO     | t=2444.5: WORKSHOP → Workshop became available
15:20:08 | INFO     | t=2444.5: WORKSHOP[WS_01] → Selected for batch
15:20:08 | INFO     | t=2444.5: DISPATCHER → Assigned loco LOCO_01 to retrofitted_to_parking (waited 34.0 min, pending=2)
15:20:08 | INFO     | t=2444.5: WAGON[W10130] → Added to batch
15:20:08 | INFO     | t=2444.5: BATCH[W12208,W10130] → Formed 2 wagons for WS_01
15:20:08 | INFO     | t=2444.5: LOCO[LOCO_01] → Allocated for parking transport
15:20:08 | INFO     | t=2444.5: TRACK[retrofit] → Removed 2 wagons (45.5m freed)
15:20:08 | INFO     | t=2444.5: DISPATCHER → Task submitted: retrofit_to_workshop (pending=3)
15:20:08 | INFO     | t=2445.0: LOCO[LOCO_02] → SHUNTING_PREP at retrofit (1.0 min)
15:20:08 | INFO     | t=2449.5: LOCO[LOCO_01] → TRAIN_PREP at retrofitted (coupling + prep, 3.0 min)
15:20:08 | INFO     | t=2451.0: LOCO[LOCO_02] → DECOUPLING at WS_02 (3.0 min)
15:20:08 | INFO     | t=2454.0: RAKE[W2967,W9776] → DECOUPLING at WS_02 (1 couplings, 3.0 min)
15:20:08 | INFO     | t=2457.0: WAGON[W2967] → RETROFIT_STARTED at WS_02
15:20:08 | INFO     | t=2457.0: WAGON[W9776] → RETROFIT_STARTED at WS_02
15:20:08 | INFO     | t=2462.0: DISPATCHER → Hold override for collection_to_retrofit (waited 34.5 min >= max 30.0 min)
15:20:08 | INFO     | t=2462.0: DISPATCHER → Assigned loco LOCO_02 to collection_to_retrofit (waited 34.5 min, pending=2)
15:20:08 | INFO     | EVENT_PUBLISHED: TrainArrivedEvent | train=T29 | time=2484.8
15:20:08 | INFO     | EVENT_HANDLING: TrainArrivedEvent -> RetrofitWorkshopContext._handle_train_arrived
15:20:08 | INFO     | EVENT_HANDLED: TrainArrivedEvent by RetrofitWorkshopContext._handle_train_arrived
15:20:08 | INFO     | t=2517.0: RAKE[W2967,W9776] → COUPLING at WS_02 (1 couplings, 0.5 min)
15:20:08 | INFO     | t=2517.5: LOCO → Allocating for pickup from WS_02
15:20:08 | INFO     | t=2517.5: DISPATCHER → Task submitted: workshop_to_retrofitted (pending=3)
15:20:08 | INFO     | t=2522.0: LOCO[LOCO_02] → TRAIN_PREP at collection (coupling + prep, 3.0 min)
15:20:08 | INFO     | EVENT_PUBLISHED: TrainArrivedEvent | train=T30 | time=2523.0
15:20:08 | INFO     | EVENT_HANDLING: TrainArrivedEvent -> RetrofitWorkshopContext._handle_train_arrived
15:20:08 | INFO     | EVENT_HANDLED: TrainArrivedEvent by RetrofitWorkshopContext._handle_train_arrived
15:20:08 | INFO     | EVENT_PUBLISHED: TrainArrivedEvent | train=T31 | time=2529.2
15:20:08 | INFO     | EVENT_HANDLING: TrainArrivedEvent -> RetrofitWorkshopContext._handle_train_arrived
15:20:08 | INFO     | EVENT_HANDLED: TrainArrivedEvent by RetrofitWorkshopContext._handle_train_arrived
15:20:08 | INFO     | EVENT_PUBLISHED: TrainArrivedEvent | train=T32 | time=2571.5
15:20:08 | INFO     | EVENT_HANDLING: TrainArrivedEvent -> RetrofitWorkshopContext._handle_train_arrived
15:20:08 | INFO     | EVENT_HANDLED: TrainArrivedEvent by RetrofitWorkshopContext._handle_train_arrived
15:20:08 | INFO     | t=2572.5: LOCO[LOCO_01] → DECOUPLING at parking16 (2.0 min)
15:20:08 | INFO     | EVENT_PUBLISHED: TrainArrivedEvent | train=T33 | time=2574.0
15:20:08 | INFO     | EVENT_HANDLING: TrainArrivedEvent -> RetrofitWorkshopContext._handle_train_arrived
15:20:08 | INFO     | EVENT_HANDLED: TrainArrivedEvent by RetrofitWorkshopContext._handle_train_arrived
15:20:08 | INFO     | t=2574.5: RAKE[W4440,W10383,W2238,W0047] → DECOUPLING at parking16 (3 couplings, 1.5 min)
15:20:08 | INFO     | t=2585.0: LOCO[LOCO_02] → DECOUPLING at retrofit (3.0 min)
15:20:08 | INFO     | t=2588.0: RAKE[W7997] → DECOUPLING at retrofit (0 couplings, 0.0 min)
15:20:08 | INFO     | t=2593.0: DISPATCHER → Hold override for collection_to_retrofit (waited 157.0 min >= max 30.0 min)
15:20:08 | INFO     | t=2593.0: DISPATCHER → Assigned loco LOCO_02 to collection_to_retrofit (waited 157.0 min, pending=2)
15:20:08 | INFO     | t=2593.0: Batch size limited by retrofit capacity: 3 wagons (57.9m) fits, 18 waiting
15:20:08 | INFO     | t=2593.0: COLLECTION → Reserving retrofit track capacity for 3 wagons
15:20:08 | INFO     | t=2593.0: COLLECTION → Capacity reserved, allocating locomotive
15:20:08 | INFO     | t=2593.0: DISPATCHER → Task submitted: collection_to_retrofit (pending=3)
15:20:08 | INFO     | t=2636.0: LOCO[LOCO_01] → Releasing
15:20:08 | INFO     | t=2636.0: LOCO[LOCO_01] → Released
15:20:08 | INFO     | t=2636.0: PARKING → Got wagon W0049 from retrofitted
15:20:08 | INFO     | t=2636.0: DISPATCHER → Hold override for collection_to_retrofit (waited 43.0 min >= max 30.0 min)
15:20:08 | INFO     | t=2636.0: DISPATCHER → Assigned loco LOCO_01 to retrofit_to_workshop (waited 191.5 min, pending=2)
15:20:08 | INFO     | t=2636.0: RAKE[W12208,W10130] → COUPLING at retrofit (1 couplings, 2.0 min)
15:20:08 | INFO     | t=2636.0: WAGON[W11348] → Retrieved from retrofit queue
15:20:08 | INFO     | t=2636.0: WORKSHOP → No workshop available, waiting...
15:20:08 | INFO     | t=2636.0: LOCO → Allocating for parking transport
15:20:08 | INFO     | t=2636.0: DISPATCHER → Task submitted: retrofitted_to_parking (pending=3)
15:20:08 | INFO     | t=2643.0: LOCO[LOCO_01] → COUPLING at retrofit (2.0 min)
15:20:08 | INFO     | t=2645.0: LOCO[LOCO_01] → SHUNTING_PREP at retrofit (1.0 min)
15:20:08 | INFO     | t=2651.0: LOCO[LOCO_01] → DECOUPLING at WS_01 (3.0 min)
15:20:08 | INFO     | t=2653.0: LOCO[LOCO_02] → TRAIN_PREP at collection (coupling + prep, 3.0 min)
15:20:08 | INFO     | t=2654.0: RAKE[W12208,W10130] → DECOUPLING at WS_01 (1 couplings, 3.0 min)
15:20:08 | INFO     | t=2657.0: WAGON[W12208] → RETROFIT_STARTED at WS_01
15:20:08 | INFO     | t=2657.0: WAGON[W10130] → RETROFIT_STARTED at WS_01
15:20:08 | INFO     | t=2662.0: DISPATCHER → Hold override for collection_to_retrofit (waited 69.0 min >= max 30.0 min)
15:20:08 | INFO     | t=2662.0: DISPATCHER → Assigned loco LOCO_01 to collection_to_retrofit (waited 69.0 min, pending=2)
15:20:08 | INFO     | EVENT_PUBLISHED: TrainArrivedEvent | train=T34 | time=2666.8
15:20:08 | INFO     | EVENT_HANDLING: TrainArrivedEvent -> RetrofitWorkshopContext._handle_train_arrived
15:20:08 | INFO     | EVENT_HANDLED: TrainArrivedEvent by RetrofitWorkshopContext._handle_train_arrived
15:20:08 | INFO     | t=2716.0: LOCO[LOCO_02] → DECOUPLING at retrofit (3.0 min)
15:20:08 | INFO     | t=2717.0: RAKE[W12208,W10130] → COUPLING at WS_01 (1 couplings, 0.5 min)
15:20:08 | INFO     | t=2717.5: LOCO → Allocating for pickup from WS_01
15:20:08 | INFO     | t=2717.5: DISPATCHER → Task submitted: workshop_to_retrofitted (pending=3)
15:20:08 | INFO     | EVENT_PUBLISHED: TrainArrivedEvent | train=T35 | time=2717.8
15:20:08 | INFO     | EVENT_HANDLING: TrainArrivedEvent -> RetrofitWorkshopContext._handle_train_arrived
15:20:08 | INFO     | EVENT_HANDLED: TrainArrivedEvent by RetrofitWorkshopContext._handle_train_arrived
15:20:08 | INFO     | t=2719.0: RAKE[W9352] → DECOUPLING at retrofit (0 couplings, 0.0 min)
15:20:08 | INFO     | t=2722.0: LOCO[LOCO_01] → TRAIN_PREP at collection (coupling + prep, 7.0 min)
15:20:08 | INFO     | t=2724.0: Batch size limited by retrofit capacity: 1 wagons (23.2m) fits, 19 waiting
15:20:08 | INFO     | t=2724.0: DISPATCHER → Hold override for retrofitted_to_parking (waited 88.0 min >= max 45.0 min)
15:20:08 | INFO     | t=2724.0: DISPATCHER → Assigned loco LOCO_02 to workshop_to_retrofitted (waited 206.5 min, pending=2)
15:20:08 | INFO     | t=2724.0: DISPATCHER → Hold override for retrofitted_to_parking (waited 88.0 min >= max 45.0 min)
15:20:08 | INFO     | t=2724.0: COLLECTION → Reserving retrofit track capacity for 1 wagons
15:20:08 | INFO     | t=2724.0: LOCO[LOCO_02] → Allocated for pickup
15:20:08 | INFO     | t=2731.0: LOCO[LOCO_02] → TRAIN_PREP completed at WS_02 (2.0 min)
15:20:08 | INFO     | t=2736.0: BATCH → Putting 2 wagons on retrofitted track retrofitted
15:20:08 | INFO     | t=2736.0: WAGON[W2967] → Added to retrofitted track retrofitted
15:20:08 | INFO     | t=2736.0: WAGON[W9776] → Added to retrofitted track retrofitted
15:20:08 | INFO     | t=2741.0: WORKSHOP[WS_02] → Released, notifying 1 waiting processes
15:20:08 | INFO     | t=2741.0: WORKSHOP → Workshop became available
15:20:08 | INFO     | t=2741.0: WORKSHOP[WS_02] → Selected for batch
15:20:08 | INFO     | t=2741.0: DISPATCHER → Hold override for retrofitted_to_parking (waited 105.0 min >= max 45.0 min)
15:20:08 | INFO     | t=2741.0: DISPATCHER → Assigned loco LOCO_02 to workshop_to_retrofitted (waited 23.5 min, pending=1)
15:20:08 | INFO     | t=2741.0: DISPATCHER → Hold override for retrofitted_to_parking (waited 105.0 min >= max 45.0 min)
15:20:08 | INFO     | t=2741.0: WAGON[W12037] → Added to batch
15:20:08 | INFO     | t=2741.0: BATCH[W11348,W12037] → Formed 2 wagons for WS_02
15:20:08 | INFO     | t=2741.0: LOCO[LOCO_02] → Allocated for pickup
15:20:08 | INFO     | t=2741.0: TRACK[retrofit] → Removed 2 wagons (39.7m freed)
15:20:08 | INFO     | t=2741.0: DISPATCHER → Task submitted: retrofit_to_workshop (pending=2)
15:20:08 | INFO     | t=2741.0: COLLECTION → Capacity reserved, allocating locomotive
15:20:08 | INFO     | t=2741.0: DISPATCHER → Task submitted: collection_to_retrofit (pending=3)
15:20:08 | INFO     | t=2748.0: LOCO[LOCO_02] → TRAIN_PREP completed at WS_01 (2.0 min)
15:20:08 | INFO     | t=2753.0: BATCH → Putting 2 wagons on retrofitted track retrofitted
15:20:08 | INFO     | t=2753.0: WAGON[W12208] → Added to retrofitted track retrofitted
15:20:08 | INFO     | t=2753.0: WAGON[W10130] → Added to retrofitted track retrofitted
15:20:08 | INFO     | t=2758.0: WORKSHOP[WS_01] → Released, notifying 0 waiting processes
15:20:08 | INFO     | t=2758.0: DISPATCHER → Hold override for retrofitted_to_parking (waited 122.0 min >= max 45.0 min)
15:20:08 | INFO     | t=2758.0: DISPATCHER → Assigned loco LOCO_02 to retrofit_to_workshop (waited 17.0 min, pending=2)
15:20:08 | INFO     | t=2758.0: DISPATCHER → Hold override for retrofitted_to_parking (waited 122.0 min >= max 45.0 min)
15:20:08 | INFO     | t=2758.0: RAKE[W11348,W12037] → COUPLING at retrofit (1 couplings, 2.0 min)
15:20:08 | INFO     | t=2758.0: WAGON[W0440] → Retrieved from retrofit queue
15:20:08 | INFO     | t=2758.0: WORKSHOP[WS_01] → Selected for batch
15:20:08 | INFO     | t=2758.0: WAGON[W9721] → Added to batch
15:20:08 | INFO     | t=2758.0: BATCH[W0440,W9721] → Formed 2 wagons for WS_01
15:20:08 | INFO     | t=2758.0: TRACK[retrofit] → Removed 2 wagons (28.4m freed)
15:20:08 | INFO     | t=2758.0: DISPATCHER → Task submitted: retrofit_to_workshop (pending=3)
15:20:08 | INFO     | t=2765.0: LOCO[LOCO_02] → COUPLING at retrofit (2.0 min)
15:20:08 | INFO     | t=2767.0: LOCO[LOCO_02] → SHUNTING_PREP at retrofit (1.0 min)
15:20:08 | INFO     | t=2773.0: LOCO[LOCO_02] → DECOUPLING at WS_02 (3.0 min)
15:20:08 | INFO     | t=2776.0: RAKE[W11348,W12037] → DECOUPLING at WS_02 (1 couplings, 3.0 min)
15:20:08 | INFO     | t=2779.0: WAGON[W11348] → RETROFIT_STARTED at WS_02
15:20:08 | INFO     | t=2779.0: WAGON[W12037] → RETROFIT_STARTED at WS_02
15:20:08 | INFO     | t=2784.0: DISPATCHER → Hold override for retrofitted_to_parking (waited 148.0 min >= max 45.0 min)
15:20:08 | INFO     | t=2784.0: DISPATCHER → Hold override for collection_to_retrofit (waited 43.0 min >= max 30.0 min)
15:20:08 | INFO     | t=2784.0: DISPATCHER → Assigned loco LOCO_02 to collection_to_retrofit (waited 43.0 min, pending=2)
15:20:08 | INFO     | t=2784.0: DISPATCHER → Hold override for retrofitted_to_parking (waited 148.0 min >= max 45.0 min)
15:20:08 | INFO     | t=2789.0: LOCO[LOCO_01] → DECOUPLING at retrofit (9.0 min)
15:20:08 | INFO     | t=2798.0: RAKE[W8626,W9174,W9169] → DECOUPLING at retrofit (2 couplings, 6.0 min)
15:20:08 | INFO     | t=2809.0: DISPATCHER → Hold override for retrofitted_to_parking (waited 173.0 min >= max 45.0 min)
15:20:08 | INFO     | t=2809.0: DISPATCHER → Assigned loco LOCO_01 to retrofit_to_workshop (waited 51.0 min, pending=1)
15:20:08 | INFO     | t=2809.0: DISPATCHER → Hold override for retrofitted_to_parking (waited 173.0 min >= max 45.0 min)
15:20:08 | INFO     | t=2809.0: Batch size limited by retrofit capacity: 2 wagons (33.1m) fits, 19 waiting
15:20:08 | INFO     | t=2809.0: RAKE[W0440,W9721] → COUPLING at retrofit (1 couplings, 2.0 min)
15:20:08 | INFO     | t=2809.0: COLLECTION → Reserving retrofit track capacity for 2 wagons
15:20:08 | INFO     | t=2809.0: WAGON[W9756] → Retrieved from retrofit queue
15:20:08 | INFO     | t=2809.0: WORKSHOP → No workshop available, waiting...
15:20:08 | INFO     | t=2809.0: COLLECTION → Capacity reserved, allocating locomotive
15:20:08 | INFO     | t=2809.0: DISPATCHER → Task submitted: collection_to_retrofit (pending=2)
15:20:08 | INFO     | t=2816.0: LOCO[LOCO_01] → COUPLING at retrofit (2.0 min)
15:20:08 | INFO     | t=2818.0: LOCO[LOCO_01] → SHUNTING_PREP at retrofit (1.0 min)
15:20:08 | INFO     | t=2824.0: LOCO[LOCO_01] → DECOUPLING at WS_01 (3.0 min)
15:20:08 | INFO     | t=2827.0: RAKE[W0440,W9721] → DECOUPLING at WS_01 (1 couplings, 3.0 min)
15:20:08 | INFO     | t=2830.0: WAGON[W0440] → RETROFIT_STARTED at WS_01
15:20:08 | INFO     | t=2830.0: WAGON[W9721] → RETROFIT_STARTED at WS_01
15:20:08 | INFO     | t=2835.0: DISPATCHER → Hold override for retrofitted_to_parking (waited 199.0 min >= max 45.0 min)
15:20:08 | INFO     | t=2835.0: DISPATCHER → Assigned loco LOCO_01 to retrofitted_to_parking (waited 199.0 min, pending=1)
15:20:08 | INFO     | t=2835.0: LOCO[LOCO_01] → Allocated for parking transport
15:20:08 | INFO     | t=2839.0: RAKE[W11348,W12037] → COUPLING at WS_02 (1 couplings, 0.5 min)
15:20:08 | INFO     | t=2839.5: LOCO → Allocating for pickup from WS_02
15:20:08 | INFO     | t=2839.5: DISPATCHER → Task submitted: workshop_to_retrofitted (pending=2)
15:20:08 | INFO     | t=2839.5: DISPATCHER → Hold override for collection_to_retrofit (waited 30.5 min >= max 30.0 min)
15:20:08 | INFO     | t=2840.0: LOCO[LOCO_01] → TRAIN_PREP at retrofitted (coupling + prep, 3.0 min)
15:20:08 | INFO     | t=2844.0: LOCO[LOCO_02] → TRAIN_PREP at collection (coupling + prep, 3.0 min)
15:20:08 | INFO     | EVENT_PUBLISHED: TrainArrivedEvent | train=T36 | time=2844.8
15:20:08 | INFO     | EVENT_HANDLING: TrainArrivedEvent -> RetrofitWorkshopContext._handle_train_arrived
15:20:08 | INFO     | EVENT_HANDLED: TrainArrivedEvent by RetrofitWorkshopContext._handle_train_arrived
15:20:08 | INFO     | t=2890.0: RAKE[W0440,W9721] → COUPLING at WS_01 (1 couplings, 0.5 min)
15:20:08 | INFO     | t=2890.5: LOCO → Allocating for pickup from WS_01
15:20:08 | INFO     | t=2890.5: DISPATCHER → Task submitted: workshop_to_retrofitted (pending=3)
15:20:08 | INFO     | EVENT_PUBLISHED: TrainArrivedEvent | train=T37 | time=2894.8
15:20:08 | INFO     | EVENT_HANDLING: TrainArrivedEvent -> RetrofitWorkshopContext._handle_train_arrived
15:20:08 | INFO     | EVENT_HANDLED: TrainArrivedEvent by RetrofitWorkshopContext._handle_train_arrived
15:20:08 | INFO     | t=2907.0: LOCO[LOCO_02] → DECOUPLING at retrofit (3.0 min)
15:20:08 | INFO     | t=2910.0: RAKE[W2980] → DECOUPLING at retrofit (0 couplings, 0.0 min)
15:20:08 | INFO     | t=2915.0: Batch size limited by retrofit capacity: 1 wagons (16.0m) fits, 19 waiting
15:20:08 | INFO     | t=2915.0: DISPATCHER → Hold override for collection_to_retrofit (waited 106.0 min >= max 30.0 min)
15:20:08 | INFO     | t=2915.0: DISPATCHER → Assigned loco LOCO_02 to collection_to_retrofit (waited 106.0 min, pending=2)
15:20:08 | INFO     | t=2915.0: COLLECTION → Reserving retrofit track capacity for 1 wagons
15:20:08 | INFO     | EVENT_PUBLISHED: TrainArrivedEvent | train=T38 | time=2950.2
15:20:08 | INFO     | EVENT_HANDLING: TrainArrivedEvent -> RetrofitWorkshopContext._handle_train_arrived
15:20:08 | INFO     | EVENT_HANDLED: TrainArrivedEvent by RetrofitWorkshopContext._handle_train_arrived
15:20:08 | INFO     | EVENT_PUBLISHED: TrainArrivedEvent | train=T39 | time=2954.2
15:20:08 | INFO     | EVENT_HANDLING: TrainArrivedEvent -> RetrofitWorkshopContext._handle_train_arrived
15:20:08 | INFO     | EVENT_HANDLED: TrainArrivedEvent by RetrofitWorkshopContext._handle_train_arrived
15:20:08 | INFO     | t=2963.0: LOCO[LOCO_01] → DECOUPLING at parking16 (2.0 min)
15:20:08 | INFO     | t=2965.0: RAKE[W0049,W2535,W7970,W4849] → DECOUPLING at parking16 (3 couplings, 1.5 min)
15:20:08 | INFO     | t=2975.0: LOCO[LOCO_02] → TRAIN_PREP at collection (coupling + prep, 5.0 min)
15:20:08 | INFO     | t=3026.5: LOCO[LOCO_01] → Releasing
15:20:08 | INFO     | t=3026.5: LOCO[LOCO_01] → Released
15:20:08 | INFO     | t=3026.5: PARKING → Got wagon W2967 from retrofitted
15:20:08 | INFO     | t=3026.5: DISPATCHER → Assigned loco LOCO_01 to workshop_to_retrofitted (waited 187.0 min, pending=1)
15:20:08 | INFO     | t=3026.5: LOCO[LOCO_01] → Allocated for pickup
15:20:08 | INFO     | t=3026.5: LOCO → Allocating for parking transport
15:20:08 | INFO     | t=3026.5: DISPATCHER → Task submitted: retrofitted_to_parking (pending=2)
15:20:08 | INFO     | EVENT_PUBLISHED: TrainArrivedEvent | train=T40 | time=3026.8
15:20:08 | INFO     | EVENT_HANDLING: TrainArrivedEvent -> RetrofitWorkshopContext._handle_train_arrived
15:20:08 | INFO     | EVENT_HANDLED: TrainArrivedEvent by RetrofitWorkshopContext._handle_train_arrived
15:20:08 | INFO     | t=3033.5: LOCO[LOCO_01] → TRAIN_PREP completed at WS_02 (2.0 min)
15:20:08 | INFO     | t=3038.5: BATCH → Putting 2 wagons on retrofitted track retrofitted
15:20:08 | INFO     | t=3038.5: WAGON[W11348] → Added to retrofitted track retrofitted
15:20:08 | INFO     | t=3038.5: WAGON[W12037] → Added to retrofitted track retrofitted
15:20:08 | INFO     | t=3040.0: LOCO[LOCO_02] → DECOUPLING at retrofit (6.0 min)
15:20:08 | INFO     | t=3043.5: WORKSHOP[WS_02] → Released, notifying 1 waiting processes
15:20:08 | INFO     | t=3043.5: WORKSHOP → Workshop became available
15:20:08 | INFO     | t=3043.5: WORKSHOP[WS_02] → Selected for batch
15:20:08 | INFO     | t=3043.5: DISPATCHER → Assigned loco LOCO_01 to workshop_to_retrofitted (waited 153.0 min, pending=1)
15:20:08 | INFO     | t=3043.5: WAGON[W11467] → Added to batch
15:20:08 | INFO     | t=3043.5: BATCH[W9756,W11467] → Formed 2 wagons for WS_02
15:20:08 | INFO     | t=3043.5: LOCO[LOCO_01] → Allocated for pickup
15:20:08 | INFO     | t=3043.5: TRACK[retrofit] → Removed 2 wagons (49.7m freed)
15:20:08 | INFO     | t=3043.5: DISPATCHER → Task submitted: retrofit_to_workshop (pending=2)
15:20:08 | INFO     | t=3043.5: COLLECTION → Capacity reserved, allocating locomotive
15:20:08 | INFO     | t=3043.5: DISPATCHER → Task submitted: collection_to_retrofit (pending=3)
15:20:08 | INFO     | t=3046.0: RAKE[W9173,W9270] → DECOUPLING at retrofit (1 couplings, 3.0 min)
15:20:08 | INFO     | t=3050.5: LOCO[LOCO_01] → TRAIN_PREP completed at WS_01 (2.0 min)
15:20:08 | INFO     | t=3054.0: DISPATCHER → Assigned loco LOCO_02 to retrofit_to_workshop (waited 10.5 min, pending=2)
15:20:08 | INFO     | t=3054.0: Batch size limited by retrofit capacity: 2 wagons (38.3m) fits, 20 waiting
15:20:08 | INFO     | t=3054.0: RAKE[W9756,W11467] → COUPLING at retrofit (1 couplings, 2.0 min)
15:20:08 | INFO     | t=3054.0: COLLECTION → Reserving retrofit track capacity for 2 wagons
15:20:08 | INFO     | t=3054.0: WAGON[W11988] → Retrieved from retrofit queue
15:20:08 | INFO     | t=3054.0: WORKSHOP → No workshop available, waiting...
15:20:08 | INFO     | t=3054.0: COLLECTION → Capacity reserved, allocating locomotive
15:20:08 | INFO     | t=3054.0: DISPATCHER → Task submitted: collection_to_retrofit (pending=3)
15:20:08 | INFO     | t=3055.5: BATCH → Putting 2 wagons on retrofitted track retrofitted
15:20:08 | INFO     | t=3055.5: WAGON[W0440] → Added to retrofitted track retrofitted
15:20:08 | INFO     | t=3055.5: WAGON[W9721] → Added to retrofitted track retrofitted
15:20:08 | INFO     | t=3060.5: WORKSHOP[WS_01] → Released, notifying 1 waiting processes
15:20:08 | INFO     | t=3060.5: WORKSHOP → Workshop became available
15:20:08 | INFO     | t=3060.5: WORKSHOP[WS_01] → Selected for batch
15:20:08 | INFO     | t=3060.5: DISPATCHER → Assigned loco LOCO_01 to retrofitted_to_parking (waited 34.0 min, pending=2)
15:20:08 | INFO     | t=3060.5: WAGON[W10354] → Added to batch
15:20:08 | INFO     | t=3060.5: BATCH[W11988,W10354] → Formed 2 wagons for WS_01
15:20:08 | INFO     | t=3060.5: LOCO[LOCO_01] → Allocated for parking transport
15:20:08 | INFO     | t=3060.5: TRACK[retrofit] → Removed 2 wagons (46.1m freed)
15:20:08 | INFO     | t=3060.5: DISPATCHER → Task submitted: retrofit_to_workshop (pending=3)
15:20:08 | INFO     | t=3061.0: LOCO[LOCO_02] → COUPLING at retrofit (2.0 min)
15:20:08 | INFO     | t=3063.0: LOCO[LOCO_02] → SHUNTING_PREP at retrofit (1.0 min)
15:20:08 | INFO     | EVENT_PUBLISHED: TrainArrivedEvent | train=T41 | time=3064.0
15:20:08 | INFO     | EVENT_HANDLING: TrainArrivedEvent -> RetrofitWorkshopContext._handle_train_arrived
15:20:08 | INFO     | EVENT_HANDLED: TrainArrivedEvent by RetrofitWorkshopContext._handle_train_arrived
15:20:08 | INFO     | t=3065.5: LOCO[LOCO_01] → TRAIN_PREP at retrofitted (coupling + prep, 3.0 min)
15:20:08 | INFO     | t=3069.0: LOCO[LOCO_02] → DECOUPLING at WS_02 (3.0 min)
15:20:08 | INFO     | t=3072.0: RAKE[W9756,W11467] → DECOUPLING at WS_02 (1 couplings, 3.0 min)
15:20:08 | INFO     | t=3075.0: WAGON[W9756] → RETROFIT_STARTED at WS_02
15:20:08 | INFO     | t=3075.0: WAGON[W11467] → RETROFIT_STARTED at WS_02
15:20:08 | INFO     | t=3080.0: DISPATCHER → Hold override for collection_to_retrofit (waited 36.5 min >= max 30.0 min)
15:20:08 | INFO     | t=3080.0: DISPATCHER → Assigned loco LOCO_02 to collection_to_retrofit (waited 36.5 min, pending=2)
15:20:08 | INFO     | t=3135.0: RAKE[W9756,W11467] → COUPLING at WS_02 (1 couplings, 0.5 min)
15:20:08 | INFO     | t=3135.5: LOCO → Allocating for pickup from WS_02
15:20:08 | INFO     | t=3135.5: DISPATCHER → Task submitted: workshop_to_retrofitted (pending=3)
15:20:08 | INFO     | t=3140.0: LOCO[LOCO_02] → TRAIN_PREP at collection (coupling + prep, 3.0 min)
15:20:08 | INFO     | t=3188.5: LOCO[LOCO_01] → DECOUPLING at parking16 (2.0 min)
15:20:08 | INFO     | t=3190.5: RAKE[W2967,W9776,W12208,W10130] → DECOUPLING at parking16 (3 couplings, 1.5 min)
15:20:08 | INFO     | EVENT_PUBLISHED: TrainArrivedEvent | train=T42 | time=3190.8
15:20:08 | INFO     | EVENT_HANDLING: TrainArrivedEvent -> RetrofitWorkshopContext._handle_train_arrived
15:20:08 | INFO     | EVENT_HANDLED: TrainArrivedEvent by RetrofitWorkshopContext._handle_train_arrived
15:20:08 | INFO     | t=3203.0: LOCO[LOCO_02] → DECOUPLING at retrofit (3.0 min)
15:20:08 | INFO     | t=3206.0: RAKE[W2406] → DECOUPLING at retrofit (0 couplings, 0.0 min)
15:20:08 | INFO     | t=3211.0: DISPATCHER → Hold override for collection_to_retrofit (waited 157.0 min >= max 30.0 min)
15:20:08 | INFO     | t=3211.0: DISPATCHER → Assigned loco LOCO_02 to collection_to_retrofit (waited 157.0 min, pending=2)
15:20:08 | INFO     | t=3211.0: Batch size limited by retrofit capacity: 2 wagons (39.1m) fits, 18 waiting
15:20:08 | INFO     | t=3211.0: COLLECTION → Reserving retrofit track capacity for 2 wagons
15:20:08 | INFO     | t=3211.0: COLLECTION → Capacity reserved, allocating locomotive
15:20:08 | INFO     | t=3211.0: DISPATCHER → Task submitted: collection_to_retrofit (pending=3)
15:20:08 | INFO     | EVENT_PUBLISHED: TrainArrivedEvent | train=T43 | time=3237.2
15:20:08 | INFO     | EVENT_HANDLING: TrainArrivedEvent -> RetrofitWorkshopContext._handle_train_arrived
15:20:08 | INFO     | EVENT_HANDLED: TrainArrivedEvent by RetrofitWorkshopContext._handle_train_arrived
15:20:08 | INFO     | EVENT_PUBLISHED: TrainArrivedEvent | train=T44 | time=3239.2
15:20:08 | INFO     | EVENT_HANDLING: TrainArrivedEvent -> RetrofitWorkshopContext._handle_train_arrived
15:20:08 | INFO     | EVENT_HANDLED: TrainArrivedEvent by RetrofitWorkshopContext._handle_train_arrived
15:20:08 | INFO     | t=3252.0: LOCO[LOCO_01] → Releasing
15:20:08 | INFO     | t=3252.0: LOCO[LOCO_01] → Released
15:20:08 | INFO     | t=3252.0: PARKING → Got wagon W11348 from retrofitted
15:20:08 | INFO     | t=3252.0: DISPATCHER → Hold override for collection_to_retrofit (waited 41.0 min >= max 30.0 min)
15:20:08 | INFO     | t=3252.0: DISPATCHER → Assigned loco LOCO_01 to retrofit_to_workshop (waited 191.5 min, pending=2)
15:20:08 | INFO     | t=3252.0: RAKE[W11988,W10354] → COUPLING at retrofit (1 couplings, 2.0 min)
15:20:08 | INFO     | t=3252.0: WAGON[W3950] → Retrieved from retrofit queue
15:20:08 | INFO     | t=3252.0: WORKSHOP → No workshop available, waiting...
15:20:08 | INFO     | t=3252.0: LOCO → Allocating for parking transport
15:20:08 | INFO     | t=3252.0: DISPATCHER → Task submitted: retrofitted_to_parking (pending=3)
15:20:08 | INFO     | t=3259.0: LOCO[LOCO_01] → COUPLING at retrofit (2.0 min)
15:20:08 | INFO     | t=3261.0: LOCO[LOCO_01] → SHUNTING_PREP at retrofit (1.0 min)
15:20:08 | INFO     | t=3267.0: LOCO[LOCO_01] → DECOUPLING at WS_01 (3.0 min)
15:20:08 | INFO     | t=3270.0: RAKE[W11988,W10354] → DECOUPLING at WS_01 (1 couplings, 3.0 min)
15:20:08 | INFO     | t=3271.0: LOCO[LOCO_02] → TRAIN_PREP at collection (coupling + prep, 5.0 min)
15:20:08 | INFO     | t=3273.0: WAGON[W11988] → RETROFIT_STARTED at WS_01
15:20:08 | INFO     | t=3273.0: WAGON[W10354] → RETROFIT_STARTED at WS_01
15:20:08 | INFO     | t=3278.0: DISPATCHER → Hold override for collection_to_retrofit (waited 67.0 min >= max 30.0 min)
15:20:08 | INFO     | t=3278.0: DISPATCHER → Assigned loco LOCO_01 to collection_to_retrofit (waited 67.0 min, pending=2)
15:20:08 | INFO     | EVENT_PUBLISHED: TrainArrivedEvent | train=T45 | time=3287.2
15:20:08 | INFO     | EVENT_HANDLING: TrainArrivedEvent -> RetrofitWorkshopContext._handle_train_arrived
15:20:08 | INFO     | EVENT_HANDLED: TrainArrivedEvent by RetrofitWorkshopContext._handle_train_arrived
15:20:08 | INFO     | EVENT_PUBLISHED: TrainArrivedEvent | train=T46 | time=3299.0
15:20:08 | INFO     | EVENT_HANDLING: TrainArrivedEvent -> RetrofitWorkshopContext._handle_train_arrived
15:20:08 | INFO     | EVENT_HANDLED: TrainArrivedEvent by RetrofitWorkshopContext._handle_train_arrived
15:20:08 | INFO     | t=3333.0: RAKE[W11988,W10354] → COUPLING at WS_01 (1 couplings, 0.5 min)
15:20:08 | INFO     | t=3333.5: LOCO → Allocating for pickup from WS_01
15:20:08 | INFO     | t=3333.5: DISPATCHER → Task submitted: workshop_to_retrofitted (pending=3)
15:20:08 | INFO     | t=3336.0: LOCO[LOCO_02] → DECOUPLING at retrofit (6.0 min)
15:20:08 | INFO     | t=3338.0: LOCO[LOCO_01] → TRAIN_PREP at collection (coupling + prep, 5.0 min)
15:20:08 | INFO     | t=3342.0: RAKE[W9276,W11578] → DECOUPLING at retrofit (1 couplings, 3.0 min)
15:20:08 | INFO     | t=3350.0: Batch size limited by retrofit capacity: 1 wagons (23.2m) fits, 21 waiting
15:20:08 | INFO     | t=3350.0: DISPATCHER → Hold override for retrofitted_to_parking (waited 98.0 min >= max 45.0 min)
15:20:08 | INFO     | t=3350.0: DISPATCHER → Assigned loco LOCO_02 to workshop_to_retrofitted (waited 214.5 min, pending=2)
15:20:08 | INFO     | t=3350.0: DISPATCHER → Hold override for retrofitted_to_parking (waited 98.0 min >= max 45.0 min)
15:20:08 | INFO     | t=3350.0: COLLECTION → Reserving retrofit track capacity for 1 wagons
15:20:08 | INFO     | t=3350.0: LOCO[LOCO_02] → Allocated for pickup
15:20:08 | INFO     | t=3357.0: LOCO[LOCO_02] → TRAIN_PREP completed at WS_02 (2.0 min)
15:20:08 | INFO     | t=3362.0: BATCH → Putting 2 wagons on retrofitted track retrofitted
15:20:08 | INFO     | t=3362.0: WAGON[W9756] → Added to retrofitted track retrofitted
15:20:08 | INFO     | t=3362.0: WAGON[W11467] → Added to retrofitted track retrofitted
15:20:08 | INFO     | t=3367.0: WORKSHOP[WS_02] → Released, notifying 1 waiting processes
15:20:08 | INFO     | t=3367.0: WORKSHOP → Workshop became available
15:20:08 | INFO     | t=3367.0: WORKSHOP[WS_02] → Selected for batch
15:20:08 | INFO     | t=3367.0: DISPATCHER → Hold override for retrofitted_to_parking (waited 115.0 min >= max 45.0 min)
15:20:08 | INFO     | t=3367.0: DISPATCHER → Assigned loco LOCO_02 to workshop_to_retrofitted (waited 33.5 min, pending=1)
15:20:08 | INFO     | t=3367.0: DISPATCHER → Hold override for retrofitted_to_parking (waited 115.0 min >= max 45.0 min)
15:20:08 | INFO     | t=3367.0: WAGON[W12260] → Added to batch
15:20:08 | INFO     | t=3367.0: BATCH[W3950,W12260] → Formed 2 wagons for WS_02
15:20:08 | INFO     | t=3367.0: LOCO[LOCO_02] → Allocated for pickup
15:20:08 | INFO     | t=3367.0: TRACK[retrofit] → Removed 2 wagons (43.1m freed)
15:20:08 | INFO     | t=3367.0: DISPATCHER → Task submitted: retrofit_to_workshop (pending=2)
15:20:08 | INFO     | t=3367.0: COLLECTION → Capacity reserved, allocating locomotive
15:20:08 | INFO     | t=3367.0: DISPATCHER → Task submitted: collection_to_retrofit (pending=3)
15:20:08 | INFO     | t=3374.0: LOCO[LOCO_02] → TRAIN_PREP completed at WS_01 (2.0 min)
15:20:08 | INFO     | t=3379.0: BATCH → Putting 2 wagons on retrofitted track retrofitted
15:20:08 | INFO     | t=3379.0: WAGON[W11988] → Added to retrofitted track retrofitted
15:20:08 | INFO     | t=3379.0: WAGON[W10354] → Added to retrofitted track retrofitted
15:20:08 | INFO     | EVENT_PUBLISHED: TrainArrivedEvent | train=T47 | time=3383.0
15:20:08 | INFO     | EVENT_HANDLING: TrainArrivedEvent -> RetrofitWorkshopContext._handle_train_arrived
15:20:08 | INFO     | EVENT_HANDLED: TrainArrivedEvent by RetrofitWorkshopContext._handle_train_arrived
15:20:08 | INFO     | t=3384.0: WORKSHOP[WS_01] → Released, notifying 0 waiting processes
15:20:08 | INFO     | t=3384.0: DISPATCHER → Hold override for retrofitted_to_parking (waited 132.0 min >= max 45.0 min)
15:20:08 | INFO     | t=3384.0: DISPATCHER → Assigned loco LOCO_02 to retrofit_to_workshop (waited 17.0 min, pending=2)
15:20:08 | INFO     | t=3384.0: DISPATCHER → Hold override for retrofitted_to_parking (waited 132.0 min >= max 45.0 min)
15:20:08 | INFO     | t=3384.0: RAKE[W3950,W12260] → COUPLING at retrofit (1 couplings, 2.0 min)
15:20:08 | INFO     | t=3384.0: WAGON[W0130] → Retrieved from retrofit queue
15:20:08 | INFO     | t=3384.0: WORKSHOP[WS_01] → Selected for batch
15:20:08 | INFO     | t=3384.0: WAGON[W7997] → Added to batch
15:20:08 | INFO     | t=3384.0: BATCH[W0130,W7997] → Formed 2 wagons for WS_01
15:20:08 | INFO     | t=3384.0: TRACK[retrofit] → Removed 2 wagons (37.9m freed)
15:20:08 | INFO     | t=3384.0: DISPATCHER → Task submitted: retrofit_to_workshop (pending=3)
15:20:08 | INFO     | t=3391.0: LOCO[LOCO_02] → COUPLING at retrofit (2.0 min)
15:20:08 | INFO     | t=3393.0: LOCO[LOCO_02] → SHUNTING_PREP at retrofit (1.0 min)
15:20:08 | INFO     | t=3399.0: LOCO[LOCO_02] → DECOUPLING at WS_02 (3.0 min)
15:20:08 | INFO     | t=3402.0: RAKE[W3950,W12260] → DECOUPLING at WS_02 (1 couplings, 3.0 min)
15:20:08 | INFO     | t=3403.0: LOCO[LOCO_01] → DECOUPLING at retrofit (6.0 min)
15:20:08 | INFO     | t=3405.0: WAGON[W3950] → RETROFIT_STARTED at WS_02
15:20:08 | INFO     | t=3405.0: WAGON[W12260] → RETROFIT_STARTED at WS_02
15:20:08 | INFO     | t=3409.0: RAKE[W2399,W9868] → DECOUPLING at retrofit (1 couplings, 3.0 min)
15:20:08 | INFO     | t=3410.0: DISPATCHER → Hold override for retrofitted_to_parking (waited 158.0 min >= max 45.0 min)
15:20:08 | INFO     | t=3410.0: DISPATCHER → Hold override for collection_to_retrofit (waited 43.0 min >= max 30.0 min)
15:20:08 | INFO     | t=3410.0: DISPATCHER → Assigned loco LOCO_02 to collection_to_retrofit (waited 43.0 min, pending=2)
15:20:08 | INFO     | t=3410.0: DISPATCHER → Hold override for retrofitted_to_parking (waited 158.0 min >= max 45.0 min)
15:20:08 | INFO     | t=3417.0: DISPATCHER → Hold override for retrofitted_to_parking (waited 165.0 min >= max 45.0 min)
15:20:08 | INFO     | t=3417.0: DISPATCHER → Assigned loco LOCO_01 to retrofit_to_workshop (waited 33.0 min, pending=1)
15:20:08 | INFO     | t=3417.0: DISPATCHER → Hold override for retrofitted_to_parking (waited 165.0 min >= max 45.0 min)
15:20:08 | INFO     | t=3417.0: RAKE[W0130,W7997] → COUPLING at retrofit (1 couplings, 2.0 min)
15:20:08 | INFO     | t=3417.0: Batch size limited by retrofit capacity: 3 wagons (69.7m) fits, 17 waiting
15:20:08 | INFO     | t=3417.0: WAGON[W9352] → Retrieved from retrofit queue
15:20:08 | INFO     | t=3417.0: WORKSHOP → No workshop available, waiting...
15:20:08 | INFO     | t=3417.0: COLLECTION → Reserving retrofit track capacity for 3 wagons
15:20:08 | INFO     | t=3417.0: COLLECTION → Capacity reserved, allocating locomotive
15:20:08 | INFO     | t=3417.0: DISPATCHER → Task submitted: collection_to_retrofit (pending=2)
15:20:08 | INFO     | t=3424.0: LOCO[LOCO_01] → COUPLING at retrofit (2.0 min)
15:20:08 | INFO     | t=3426.0: LOCO[LOCO_01] → SHUNTING_PREP at retrofit (1.0 min)
15:20:08 | INFO     | t=3432.0: LOCO[LOCO_01] → DECOUPLING at WS_01 (3.0 min)
15:20:08 | INFO     | t=3435.0: RAKE[W0130,W7997] → DECOUPLING at WS_01 (1 couplings, 3.0 min)
15:20:08 | INFO     | t=3438.0: WAGON[W0130] → RETROFIT_STARTED at WS_01
15:20:08 | INFO     | t=3438.0: WAGON[W7997] → RETROFIT_STARTED at WS_01
15:20:08 | INFO     | t=3443.0: DISPATCHER → Hold override for retrofitted_to_parking (waited 191.0 min >= max 45.0 min)
15:20:08 | INFO     | t=3443.0: DISPATCHER → Assigned loco LOCO_01 to retrofitted_to_parking (waited 191.0 min, pending=1)
15:20:08 | INFO     | t=3443.0: LOCO[LOCO_01] → Allocated for parking transport
15:20:08 | INFO     | t=3448.0: DISPATCHER → Hold override for collection_to_retrofit (waited 31.0 min >= max 30.0 min)
15:20:08 | INFO     | t=3448.0: LOCO[LOCO_01] → TRAIN_PREP at retrofitted (coupling + prep, 3.0 min)
15:20:08 | INFO     | t=3465.0: RAKE[W3950,W12260] → COUPLING at WS_02 (1 couplings, 0.5 min)
15:20:08 | INFO     | t=3465.5: LOCO → Allocating for pickup from WS_02
15:20:08 | INFO     | t=3465.5: DISPATCHER → Task submitted: workshop_to_retrofitted (pending=2)
15:20:08 | INFO     | t=3470.0: LOCO[LOCO_02] → TRAIN_PREP at collection (coupling + prep, 3.0 min)
15:20:08 | INFO     | t=3498.0: RAKE[W0130,W7997] → COUPLING at WS_01 (1 couplings, 0.5 min)
15:20:08 | INFO     | t=3498.5: LOCO → Allocating for pickup from WS_01
15:20:08 | INFO     | t=3498.5: DISPATCHER → Task submitted: workshop_to_retrofitted (pending=3)
15:20:08 | INFO     | t=3533.0: LOCO[LOCO_02] → DECOUPLING at retrofit (3.0 min)
15:20:08 | INFO     | t=3536.0: RAKE[W11970] → DECOUPLING at retrofit (0 couplings, 0.0 min)
15:20:08 | INFO     | t=3541.0: Batch size limited by retrofit capacity: 1 wagons (20.0m) fits, 22 waiting
15:20:08 | INFO     | t=3541.0: DISPATCHER → Hold override for collection_to_retrofit (waited 124.0 min >= max 30.0 min)
15:20:08 | INFO     | t=3541.0: DISPATCHER → Assigned loco LOCO_02 to collection_to_retrofit (waited 124.0 min, pending=2)
15:20:08 | INFO     | t=3541.0: COLLECTION → Reserving retrofit track capacity for 1 wagons
15:20:08 | INFO     | EVENT_PUBLISHED: TrainArrivedEvent | train=T48 | time=3557.8
15:20:08 | INFO     | EVENT_HANDLING: TrainArrivedEvent -> RetrofitWorkshopContext._handle_train_arrived
15:20:08 | INFO     | EVENT_HANDLED: TrainArrivedEvent by RetrofitWorkshopContext._handle_train_arrived
15:20:08 | INFO     | t=3571.0: LOCO[LOCO_01] → DECOUPLING at parking16 (2.0 min)
15:20:08 | INFO     | t=3573.0: RAKE[W11348,W12037,W0440,W9721] → DECOUPLING at parking16 (3 couplings, 1.5 min)
15:20:08 | INFO     | t=3601.0: LOCO[LOCO_02] → TRAIN_PREP at collection (coupling + prep, 7.0 min)
15:20:08 | INFO     | t=3634.5: LOCO[LOCO_01] → Releasing
15:20:08 | INFO     | t=3634.5: LOCO[LOCO_01] → Released
15:20:08 | INFO     | t=3634.5: PARKING → Got wagon W9756 from retrofitted
15:20:08 | INFO     | t=3634.5: DISPATCHER → Assigned loco LOCO_01 to workshop_to_retrofitted (waited 169.0 min, pending=1)
15:20:08 | INFO     | t=3634.5: LOCO[LOCO_01] → Allocated for pickup
15:20:08 | INFO     | t=3634.5: LOCO → Allocating for parking transport
15:20:08 | INFO     | t=3634.5: DISPATCHER → Task submitted: retrofitted_to_parking (pending=2)
15:20:08 | INFO     | t=3641.5: LOCO[LOCO_01] → TRAIN_PREP completed at WS_02 (2.0 min)
15:20:08 | INFO     | t=3646.5: BATCH → Putting 2 wagons on retrofitted track retrofitted
15:20:08 | INFO     | t=3646.5: WAGON[W3950] → Added to retrofitted track retrofitted
15:20:08 | INFO     | t=3646.5: WAGON[W12260] → Added to retrofitted track retrofitted
15:20:08 | INFO     | t=3651.5: WORKSHOP[WS_02] → Released, notifying 1 waiting processes
15:20:08 | INFO     | t=3651.5: WORKSHOP → Workshop became available
15:20:08 | INFO     | t=3651.5: WORKSHOP[WS_02] → Selected for batch
15:20:08 | INFO     | t=3651.5: DISPATCHER → Assigned loco LOCO_01 to workshop_to_retrofitted (waited 153.0 min, pending=1)
15:20:08 | INFO     | t=3651.5: WAGON[W8626] → Added to batch
15:20:08 | INFO     | t=3651.5: BATCH[W9352,W8626] → Formed 2 wagons for WS_02
15:20:08 | INFO     | t=3651.5: LOCO[LOCO_01] → Allocated for pickup
15:20:08 | INFO     | t=3651.5: TRACK[retrofit] → Removed 2 wagons (40.0m freed)
15:20:08 | INFO     | t=3651.5: DISPATCHER → Task submitted: retrofit_to_workshop (pending=2)
15:20:08 | INFO     | t=3651.5: COLLECTION → Capacity reserved, allocating locomotive
15:20:08 | INFO     | t=3651.5: DISPATCHER → Task submitted: collection_to_retrofit (pending=3)
15:20:08 | INFO     | t=3658.5: LOCO[LOCO_01] → TRAIN_PREP completed at WS_01 (2.0 min)
15:20:08 | INFO     | t=3663.5: BATCH → Putting 2 wagons on retrofitted track retrofitted
15:20:08 | INFO     | t=3663.5: WAGON[W0130] → Added to retrofitted track retrofitted
15:20:08 | INFO     | t=3663.5: WAGON[W7997] → Added to retrofitted track retrofitted
15:20:08 | INFO     | t=3668.0: LOCO[LOCO_02] → DECOUPLING at retrofit (9.0 min)
15:20:08 | INFO     | t=3668.5: WORKSHOP[WS_01] → Released, notifying 0 waiting processes
15:20:08 | INFO     | t=3668.5: DISPATCHER → Assigned loco LOCO_01 to retrofit_to_workshop (waited 17.0 min, pending=2)
15:20:08 | INFO     | t=3668.5: RAKE[W9352,W8626] → COUPLING at retrofit (1 couplings, 2.0 min)
15:20:08 | INFO     | t=3668.5: WAGON[W9174] → Retrieved from retrofit queue
15:20:08 | INFO     | t=3668.5: WORKSHOP[WS_01] → Selected for batch
15:20:08 | INFO     | t=3668.5: WAGON[W9169] → Added to batch
15:20:08 | INFO     | t=3668.5: BATCH[W9174,W9169] → Formed 2 wagons for WS_01
15:20:08 | INFO     | t=3668.5: TRACK[retrofit] → Removed 2 wagons (34.0m freed)
15:20:08 | INFO     | t=3668.5: DISPATCHER → Task submitted: retrofit_to_workshop (pending=3)
15:20:08 | INFO     | t=3675.5: LOCO[LOCO_01] → COUPLING at retrofit (2.0 min)
15:20:08 | INFO     | t=3677.0: RAKE[W12060,W12210,W8636] → DECOUPLING at retrofit (2 couplings, 6.0 min)
15:20:08 | INFO     | t=3677.5: LOCO[LOCO_01] → SHUNTING_PREP at retrofit (1.0 min)
15:20:08 | INFO     | t=3683.5: LOCO[LOCO_01] → DECOUPLING at WS_02 (3.0 min)
15:20:08 | INFO     | t=3686.5: RAKE[W9352,W8626] → DECOUPLING at WS_02 (1 couplings, 3.0 min)
15:20:08 | INFO     | t=3688.0: DISPATCHER → Hold override for retrofitted_to_parking (waited 53.5 min >= max 45.0 min)
15:20:08 | INFO     | t=3688.0: DISPATCHER → Hold override for collection_to_retrofit (waited 36.5 min >= max 30.0 min)
15:20:08 | INFO     | t=3688.0: DISPATCHER → Assigned loco LOCO_02 to collection_to_retrofit (waited 36.5 min, pending=2)
15:20:08 | INFO     | t=3688.0: DISPATCHER → Hold override for retrofitted_to_parking (waited 53.5 min >= max 45.0 min)
15:20:08 | INFO     | t=3688.0: Batch size limited by retrofit capacity: 3 wagons (52.0m) fits, 17 waiting
15:20:08 | INFO     | t=3688.0: COLLECTION → Reserving retrofit track capacity for 3 wagons
15:20:08 | INFO     | t=3688.0: COLLECTION → Capacity reserved, allocating locomotive
15:20:08 | INFO     | t=3688.0: DISPATCHER → Task submitted: collection_to_retrofit (pending=3)
15:20:08 | INFO     | t=3689.5: WAGON[W9352] → RETROFIT_STARTED at WS_02
15:20:08 | INFO     | t=3689.5: WAGON[W8626] → RETROFIT_STARTED at WS_02
15:20:08 | INFO     | t=3694.5: DISPATCHER → Hold override for retrofitted_to_parking (waited 60.0 min >= max 45.0 min)
15:20:08 | INFO     | t=3694.5: DISPATCHER → Assigned loco LOCO_01 to retrofit_to_workshop (waited 26.0 min, pending=2)
15:20:08 | INFO     | t=3694.5: DISPATCHER → Hold override for retrofitted_to_parking (waited 60.0 min >= max 45.0 min)
15:20:08 | INFO     | t=3694.5: RAKE[W9174,W9169] → COUPLING at retrofit (1 couplings, 2.0 min)
15:20:08 | INFO     | t=3694.5: WAGON[W2980] → Retrieved from retrofit queue
15:20:08 | INFO     | t=3694.5: WORKSHOP → No workshop available, waiting...
15:20:08 | INFO     | t=3701.5: LOCO[LOCO_01] → COUPLING at retrofit (2.0 min)
15:20:08 | INFO     | t=3703.5: LOCO[LOCO_01] → SHUNTING_PREP at retrofit (1.0 min)
15:20:08 | INFO     | t=3709.5: LOCO[LOCO_01] → DECOUPLING at WS_01 (3.0 min)
15:20:08 | INFO     | t=3712.5: RAKE[W9174,W9169] → DECOUPLING at WS_01 (1 couplings, 3.0 min)
15:20:08 | INFO     | t=3715.5: WAGON[W9174] → RETROFIT_STARTED at WS_01
15:20:08 | INFO     | t=3715.5: WAGON[W9169] → RETROFIT_STARTED at WS_01
15:20:08 | INFO     | t=3720.5: DISPATCHER → Hold override for retrofitted_to_parking (waited 86.0 min >= max 45.0 min)
15:20:08 | INFO     | t=3720.5: DISPATCHER → Hold override for collection_to_retrofit (waited 32.5 min >= max 30.0 min)
15:20:08 | INFO     | t=3720.5: DISPATCHER → Assigned loco LOCO_01 to collection_to_retrofit (waited 32.5 min, pending=1)
15:20:08 | INFO     | t=3720.5: DISPATCHER → Hold override for retrofitted_to_parking (waited 86.0 min >= max 45.0 min)
15:20:08 | INFO     | t=3748.0: LOCO[LOCO_02] → TRAIN_PREP at collection (coupling + prep, 3.0 min)
15:20:08 | INFO     | t=3749.5: RAKE[W9352,W8626] → COUPLING at WS_02 (1 couplings, 0.5 min)
15:20:08 | INFO     | t=3750.0: LOCO → Allocating for pickup from WS_02
15:20:08 | INFO     | t=3750.0: DISPATCHER → Task submitted: workshop_to_retrofitted (pending=2)
15:20:08 | INFO     | t=3775.5: RAKE[W9174,W9169] → COUPLING at WS_01 (1 couplings, 0.5 min)
15:20:08 | INFO     | t=3776.0: LOCO → Allocating for pickup from WS_01
15:20:08 | INFO     | t=3776.0: DISPATCHER → Task submitted: workshop_to_retrofitted (pending=3)
15:20:08 | INFO     | t=3780.5: LOCO[LOCO_01] → TRAIN_PREP at collection (coupling + prep, 7.0 min)
15:20:08 | INFO     | t=3811.0: LOCO[LOCO_02] → DECOUPLING at retrofit (3.0 min)
15:20:08 | INFO     | t=3814.0: RAKE[W3173] → DECOUPLING at retrofit (0 couplings, 0.0 min)
15:20:08 | INFO     | t=3819.0: Batch size limited by retrofit capacity: 1 wagons (20.8m) fits, 21 waiting
15:20:08 | INFO     | t=3819.0: DISPATCHER → Hold override for retrofitted_to_parking (waited 184.5 min >= max 45.0 min)
15:20:08 | INFO     | t=3819.0: DISPATCHER → Assigned loco LOCO_02 to retrofitted_to_parking (waited 184.5 min, pending=2)
15:20:08 | INFO     | t=3819.0: COLLECTION → Reserving retrofit track capacity for 1 wagons
15:20:08 | INFO     | t=3819.0: LOCO[LOCO_02] → Allocated for parking transport
15:20:08 | INFO     | t=3824.0: LOCO[LOCO_02] → TRAIN_PREP at retrofitted (coupling + prep, 3.0 min)
15:20:08 | INFO     | t=3847.5: LOCO[LOCO_01] → DECOUPLING at retrofit (9.0 min)
15:20:08 | INFO     | t=3856.5: RAKE[W10949,W8631,W9392] → DECOUPLING at retrofit (2 couplings, 6.0 min)
15:20:08 | INFO     | t=3867.5: Batch size limited by retrofit capacity: 1 wagons (17.9m) fits, 16 waiting
15:20:08 | INFO     | t=3867.5: DISPATCHER → Assigned loco LOCO_01 to workshop_to_retrofitted (waited 117.5 min, pending=1)
15:20:08 | INFO     | t=3867.5: COLLECTION → Reserving retrofit track capacity for 1 wagons
15:20:08 | INFO     | t=3867.5: LOCO[LOCO_01] → Allocated for pickup
15:20:08 | INFO     | t=3874.5: LOCO[LOCO_01] → TRAIN_PREP completed at WS_02 (2.0 min)
15:20:08 | INFO     | t=3879.5: BATCH → Putting 2 wagons on retrofitted track retrofitted
15:20:08 | INFO     | t=3879.5: WAGON[W9352] → Added to retrofitted track retrofitted
15:20:08 | INFO     | t=3879.5: WAGON[W8626] → Added to retrofitted track retrofitted
15:20:08 | INFO     | t=3884.5: WORKSHOP[WS_02] → Released, notifying 1 waiting processes
15:20:08 | INFO     | t=3884.5: WORKSHOP → Workshop became available
15:20:08 | INFO     | t=3884.5: WORKSHOP[WS_02] → Selected for batch
15:20:08 | INFO     | t=3884.5: DISPATCHER → Assigned loco LOCO_01 to workshop_to_retrofitted (waited 108.5 min, pending=0)
15:20:08 | INFO     | t=3884.5: WAGON[W9173] → Added to batch
15:20:08 | INFO     | t=3884.5: BATCH[W2980,W9173] → Formed 2 wagons for WS_02
15:20:08 | INFO     | t=3884.5: LOCO[LOCO_01] → Allocated for pickup
15:20:08 | INFO     | t=3884.5: TRACK[retrofit] → Removed 2 wagons (40.2m freed)
15:20:08 | INFO     | t=3884.5: DISPATCHER → Task submitted: retrofit_to_workshop (pending=1)
15:20:08 | INFO     | t=3884.5: COLLECTION → Capacity reserved, allocating locomotive
15:20:08 | INFO     | t=3884.5: DISPATCHER → Task submitted: collection_to_retrofit (pending=2)
15:20:08 | INFO     | t=3884.5: COLLECTION → Capacity reserved, allocating locomotive
15:20:08 | INFO     | t=3884.5: DISPATCHER → Task submitted: collection_to_retrofit (pending=3)
15:20:08 | INFO     | t=3891.5: LOCO[LOCO_01] → TRAIN_PREP completed at WS_01 (2.0 min)
15:20:08 | INFO     | t=3896.5: BATCH → Putting 2 wagons on retrofitted track retrofitted
15:20:08 | INFO     | t=3896.5: WAGON[W9174] → Added to retrofitted track retrofitted
15:20:08 | INFO     | t=3896.5: WAGON[W9169] → Added to retrofitted track retrofitted
15:20:08 | INFO     | t=3901.5: WORKSHOP[WS_01] → Released, notifying 0 waiting processes
15:20:08 | INFO     | t=3901.5: DISPATCHER → Assigned loco LOCO_01 to retrofit_to_workshop (waited 17.0 min, pending=2)
15:20:08 | INFO     | t=3901.5: RAKE[W2980,W9173] → COUPLING at retrofit (1 couplings, 2.0 min)
15:20:08 | INFO     | t=3901.5: WAGON[W9270] → Retrieved from retrofit queue
15:20:08 | INFO     | t=3901.5: WORKSHOP[WS_01] → Selected for batch
15:20:08 | INFO     | t=3901.5: WAGON[W2406] → Added to batch
15:20:08 | INFO     | t=3901.5: BATCH[W9270,W2406] → Formed 2 wagons for WS_01
15:20:08 | INFO     | t=3901.5: TRACK[retrofit] → Removed 2 wagons (32.1m freed)
15:20:08 | INFO     | t=3901.5: DISPATCHER → Task submitted: retrofit_to_workshop (pending=3)
15:20:08 | INFO     | t=3908.5: LOCO[LOCO_01] → COUPLING at retrofit (2.0 min)
15:20:08 | INFO     | t=3910.5: LOCO[LOCO_01] → SHUNTING_PREP at retrofit (1.0 min)
15:20:08 | INFO     | t=3916.5: LOCO[LOCO_01] → DECOUPLING at WS_02 (3.0 min)
15:20:08 | INFO     | t=3919.5: RAKE[W2980,W9173] → DECOUPLING at WS_02 (1 couplings, 3.0 min)
15:20:08 | INFO     | t=3922.5: WAGON[W2980] → RETROFIT_STARTED at WS_02
15:20:08 | INFO     | t=3922.5: WAGON[W9173] → RETROFIT_STARTED at WS_02
15:20:08 | INFO     | t=3927.5: DISPATCHER → Hold override for collection_to_retrofit (waited 43.0 min >= max 30.0 min)
15:20:08 | INFO     | t=3927.5: DISPATCHER → Hold override for collection_to_retrofit (waited 43.0 min >= max 30.0 min)
15:20:08 | INFO     | t=3927.5: DISPATCHER → Assigned loco LOCO_01 to collection_to_retrofit (waited 43.0 min, pending=2)
15:20:08 | INFO     | t=3927.5: DISPATCHER → Hold override for collection_to_retrofit (waited 43.0 min >= max 30.0 min)
15:20:08 | INFO     | EVENT_PUBLISHED: TrainArrivedEvent | train=T49 | time=3940.8
15:20:08 | INFO     | EVENT_HANDLING: TrainArrivedEvent -> RetrofitWorkshopContext._handle_train_arrived
15:20:08 | INFO     | EVENT_HANDLED: TrainArrivedEvent by RetrofitWorkshopContext._handle_train_arrived
15:20:08 | INFO     | t=3947.0: LOCO[LOCO_02] → DECOUPLING at parking16 (2.0 min)
15:20:08 | INFO     | t=3949.0: RAKE[W9756,W11467,W11988,W10354] → DECOUPLING at parking16 (3 couplings, 1.5 min)
15:20:08 | INFO     | EVENT_PUBLISHED: TrainArrivedEvent | train=T50 | time=3955.2
15:20:08 | INFO     | EVENT_HANDLING: TrainArrivedEvent -> RetrofitWorkshopContext._handle_train_arrived
15:20:08 | INFO     | EVENT_HANDLED: TrainArrivedEvent by RetrofitWorkshopContext._handle_train_arrived
15:20:08 | INFO     | t=3982.5: RAKE[W2980,W9173] → COUPLING at WS_02 (1 couplings, 0.5 min)
15:20:08 | INFO     | t=3983.0: LOCO → Allocating for pickup from WS_02
15:20:08 | INFO     | t=3983.0: DISPATCHER → Task submitted: workshop_to_retrofitted (pending=3)
15:20:08 | INFO     | t=3987.5: LOCO[LOCO_01] → TRAIN_PREP at collection (coupling + prep, 3.0 min)
15:20:08 | INFO     | EVENT_PUBLISHED: TrainArrivedEvent | train=T51 | time=3997.8
15:20:08 | INFO     | EVENT_HANDLING: TrainArrivedEvent -> RetrofitWorkshopContext._handle_train_arrived
15:20:08 | INFO     | EVENT_HANDLED: TrainArrivedEvent by RetrofitWorkshopContext._handle_train_arrived
15:20:08 | INFO     | t=4010.5: LOCO[LOCO_02] → Releasing
15:20:08 | INFO     | t=4010.5: LOCO[LOCO_02] → Released
15:20:08 | INFO     | t=4010.5: PARKING → Got wagon W3950 from retrofitted
15:20:08 | INFO     | t=4010.5: DISPATCHER → Hold override for collection_to_retrofit (waited 126.0 min >= max 30.0 min)
15:20:08 | INFO     | t=4010.5: DISPATCHER → Assigned loco LOCO_02 to collection_to_retrofit (waited 126.0 min, pending=2)
15:20:08 | INFO     | t=4010.5: LOCO → Allocating for parking transport
15:20:08 | INFO     | t=4010.5: DISPATCHER → Task submitted: retrofitted_to_parking (pending=3)
15:20:08 | INFO     | t=4050.5: LOCO[LOCO_01] → DECOUPLING at retrofit (3.0 min)
15:20:08 | INFO     | t=4053.5: RAKE[W5038] → DECOUPLING at retrofit (0 couplings, 0.0 min)
15:20:08 | INFO     | t=4058.5: DISPATCHER → Hold override for retrofitted_to_parking (waited 48.0 min >= max 45.0 min)
15:20:08 | INFO     | t=4058.5: DISPATCHER → Assigned loco LOCO_01 to retrofit_to_workshop (waited 157.0 min, pending=2)
15:20:08 | INFO     | t=4058.5: Batch size limited by retrofit capacity: 2 wagons (25.5m) fits, 20 waiting
15:20:08 | INFO     | t=4058.5: RAKE[W9270,W2406] → COUPLING at retrofit (1 couplings, 2.0 min)
15:20:08 | INFO     | t=4058.5: COLLECTION → Reserving retrofit track capacity for 2 wagons
15:20:08 | INFO     | t=4058.5: WAGON[W9276] → Retrieved from retrofit queue
15:20:08 | INFO     | t=4058.5: WORKSHOP → No workshop available, waiting...
15:20:08 | INFO     | t=4058.5: COLLECTION → Capacity reserved, allocating locomotive
15:20:08 | INFO     | t=4058.5: DISPATCHER → Task submitted: collection_to_retrofit (pending=3)
15:20:08 | INFO     | t=4065.5: LOCO[LOCO_01] → COUPLING at retrofit (2.0 min)
15:20:08 | INFO     | t=4067.5: LOCO[LOCO_01] → SHUNTING_PREP at retrofit (1.0 min)
15:20:08 | INFO     | t=4070.5: LOCO[LOCO_02] → TRAIN_PREP at collection (coupling + prep, 3.0 min)
15:20:08 | INFO     | t=4073.5: LOCO[LOCO_01] → DECOUPLING at WS_01 (3.0 min)
15:20:08 | INFO     | t=4076.5: RAKE[W9270,W2406] → DECOUPLING at WS_01 (1 couplings, 3.0 min)
15:20:08 | INFO     | t=4079.5: WAGON[W9270] → RETROFIT_STARTED at WS_01
15:20:08 | INFO     | t=4079.5: WAGON[W2406] → RETROFIT_STARTED at WS_01
15:20:08 | INFO     | t=4084.5: DISPATCHER → Hold override for retrofitted_to_parking (waited 74.0 min >= max 45.0 min)
15:20:08 | INFO     | t=4084.5: DISPATCHER → Assigned loco LOCO_01 to workshop_to_retrofitted (waited 101.5 min, pending=2)
15:20:08 | INFO     | t=4084.5: DISPATCHER → Hold override for retrofitted_to_parking (waited 74.0 min >= max 45.0 min)
15:20:08 | INFO     | t=4084.5: LOCO[LOCO_01] → Allocated for pickup
15:20:08 | INFO     | t=4091.5: LOCO[LOCO_01] → TRAIN_PREP completed at WS_02 (2.0 min)
15:20:08 | INFO     | EVENT_PUBLISHED: TrainArrivedEvent | train=T52 | time=4093.2
15:20:08 | INFO     | EVENT_HANDLING: TrainArrivedEvent -> RetrofitWorkshopContext._handle_train_arrived
15:20:08 | INFO     | EVENT_HANDLED: TrainArrivedEvent by RetrofitWorkshopContext._handle_train_arrived
15:20:08 | INFO     | t=4096.5: BATCH → Putting 2 wagons on retrofitted track retrofitted
15:20:08 | INFO     | t=4096.5: WAGON[W2980] → Added to retrofitted track retrofitted
15:20:08 | INFO     | t=4096.5: WAGON[W9173] → Added to retrofitted track retrofitted
15:20:08 | INFO     | t=4101.5: WORKSHOP[WS_02] → Released, notifying 1 waiting processes
15:20:08 | INFO     | t=4101.5: WORKSHOP → Workshop became available
15:20:08 | INFO     | t=4101.5: WORKSHOP[WS_02] → Selected for batch
15:20:08 | INFO     | t=4101.5: DISPATCHER → Hold override for retrofitted_to_parking (waited 91.0 min >= max 45.0 min)
15:20:08 | INFO     | t=4101.5: DISPATCHER → Hold override for collection_to_retrofit (waited 43.0 min >= max 30.0 min)
15:20:08 | INFO     | t=4101.5: DISPATCHER → Assigned loco LOCO_01 to collection_to_retrofit (waited 43.0 min, pending=1)
15:20:08 | INFO     | t=4101.5: DISPATCHER → Hold override for retrofitted_to_parking (waited 91.0 min >= max 45.0 min)
15:20:08 | INFO     | t=4101.5: WAGON[W11578] → Added to batch
15:20:08 | INFO     | t=4101.5: BATCH[W9276,W11578] → Formed 2 wagons for WS_02
15:20:08 | INFO     | t=4101.5: TRACK[retrofit] → Removed 2 wagons (38.3m freed)
15:20:08 | INFO     | t=4101.5: DISPATCHER → Task submitted: retrofit_to_workshop (pending=2)
15:20:08 | INFO     | t=4133.5: LOCO[LOCO_02] → DECOUPLING at retrofit (3.0 min)
15:20:08 | INFO     | t=4136.5: RAKE[W9274] → DECOUPLING at retrofit (0 couplings, 0.0 min)
15:20:08 | INFO     | t=4139.5: RAKE[W9270,W2406] → COUPLING at WS_01 (1 couplings, 0.5 min)
15:20:08 | INFO     | t=4140.0: LOCO → Allocating for pickup from WS_01
15:20:08 | INFO     | t=4140.0: DISPATCHER → Task submitted: workshop_to_retrofitted (pending=3)
15:20:08 | INFO     | t=4141.5: DISPATCHER → Hold override for retrofitted_to_parking (waited 131.0 min >= max 45.0 min)
15:20:08 | INFO     | t=4141.5: DISPATCHER → Assigned loco LOCO_02 to retrofit_to_workshop (waited 40.0 min, pending=2)
15:20:08 | INFO     | t=4141.5: DISPATCHER → Hold override for retrofitted_to_parking (waited 131.0 min >= max 45.0 min)
15:20:08 | INFO     | t=4141.5: Batch size limited by retrofit capacity: 2 wagons (37.9m) fits, 19 waiting
15:20:08 | INFO     | t=4141.5: RAKE[W9276,W11578] → COUPLING at retrofit (1 couplings, 2.0 min)
15:20:08 | INFO     | t=4141.5: COLLECTION → Reserving retrofit track capacity for 2 wagons
15:20:08 | INFO     | t=4141.5: WAGON[W2399] → Retrieved from retrofit queue
15:20:08 | INFO     | t=4141.5: WORKSHOP → No workshop available, waiting...
15:20:08 | INFO     | t=4141.5: COLLECTION → Capacity reserved, allocating locomotive
15:20:08 | INFO     | t=4141.5: DISPATCHER → Task submitted: collection_to_retrofit (pending=3)
15:20:08 | INFO     | t=4148.5: LOCO[LOCO_02] → COUPLING at retrofit (2.0 min)
15:20:08 | INFO     | t=4150.5: LOCO[LOCO_02] → SHUNTING_PREP at retrofit (1.0 min)
15:20:08 | INFO     | t=4156.5: LOCO[LOCO_02] → DECOUPLING at WS_02 (3.0 min)
15:20:08 | INFO     | t=4159.5: RAKE[W9276,W11578] → DECOUPLING at WS_02 (1 couplings, 3.0 min)
15:20:08 | INFO     | t=4161.5: LOCO[LOCO_01] → TRAIN_PREP at collection (coupling + prep, 5.0 min)
15:20:08 | INFO     | t=4162.5: WAGON[W9276] → RETROFIT_STARTED at WS_02
15:20:08 | INFO     | t=4162.5: WAGON[W11578] → RETROFIT_STARTED at WS_02
15:20:08 | INFO     | t=4167.5: DISPATCHER → Hold override for retrofitted_to_parking (waited 157.0 min >= max 45.0 min)
15:20:08 | INFO     | t=4167.5: DISPATCHER → Assigned loco LOCO_02 to retrofitted_to_parking (waited 157.0 min, pending=2)
15:20:08 | INFO     | t=4167.5: LOCO[LOCO_02] → Allocated for parking transport
15:20:08 | INFO     | t=4172.5: LOCO[LOCO_02] → TRAIN_PREP at retrofitted (coupling + prep, 5.0 min)
15:20:08 | INFO     | t=4222.5: RAKE[W9276,W11578] → COUPLING at WS_02 (1 couplings, 0.5 min)
15:20:08 | INFO     | t=4223.0: LOCO → Allocating for pickup from WS_02
15:20:08 | INFO     | t=4223.0: DISPATCHER → Task submitted: workshop_to_retrofitted (pending=3)
15:20:08 | INFO     | t=4226.5: LOCO[LOCO_01] → DECOUPLING at retrofit (6.0 min)
15:20:08 | INFO     | t=4232.5: RAKE[W11261,W11259] → DECOUPLING at retrofit (1 couplings, 3.0 min)
15:20:08 | INFO     | t=4240.5: Batch size limited by retrofit capacity: 1 wagons (16.4m) fits, 21 waiting
15:20:08 | INFO     | t=4240.5: DISPATCHER → Hold override for collection_to_retrofit (waited 99.0 min >= max 30.0 min)
15:20:08 | INFO     | t=4240.5: DISPATCHER → Assigned loco LOCO_01 to collection_to_retrofit (waited 99.0 min, pending=2)
15:20:08 | INFO     | t=4240.5: COLLECTION → Reserving retrofit track capacity for 1 wagons
15:20:08 | INFO     | EVENT_PUBLISHED: TrainArrivedEvent | train=T53 | time=4293.0
15:20:08 | INFO     | EVENT_HANDLING: TrainArrivedEvent -> RetrofitWorkshopContext._handle_train_arrived
15:20:08 | INFO     | EVENT_HANDLED: TrainArrivedEvent by RetrofitWorkshopContext._handle_train_arrived
15:20:08 | INFO     | t=4297.5: LOCO[LOCO_02] → DECOUPLING at parking16 (4.0 min)
15:20:08 | INFO     | t=4300.5: LOCO[LOCO_01] → TRAIN_PREP at collection (coupling + prep, 5.0 min)
15:20:08 | INFO     | t=4301.5: RAKE[W3950,W12260,W0130,W7997,W9352,W8626,W9174,W9169] → DECOUPLING at parking16 (7 couplings, 3.5 min)
15:20:08 | INFO     | EVENT_PUBLISHED: TrainArrivedEvent | train=T54 | time=4320.8
15:20:08 | INFO     | EVENT_HANDLING: TrainArrivedEvent -> RetrofitWorkshopContext._handle_train_arrived
15:20:08 | INFO     | EVENT_HANDLED: TrainArrivedEvent by RetrofitWorkshopContext._handle_train_arrived
15:20:08 | INFO     | t=4365.0: LOCO[LOCO_02] → Releasing
15:20:08 | INFO     | t=4365.0: LOCO[LOCO_02] → Released
15:20:08 | INFO     | t=4365.0: PARKING → Got wagon W2980 from retrofitted
15:20:08 | INFO     | t=4365.0: DISPATCHER → Assigned loco LOCO_02 to workshop_to_retrofitted (waited 225.0 min, pending=1)
15:20:08 | INFO     | t=4365.0: LOCO → Allocating for parking transport
15:20:08 | INFO     | t=4365.0: DISPATCHER → Task submitted: retrofitted_to_parking (pending=2)
15:20:08 | INFO     | t=4365.0: LOCO[LOCO_02] → Allocated for pickup
15:20:08 | INFO     | t=4365.5: LOCO[LOCO_01] → DECOUPLING at retrofit (6.0 min)
15:20:08 | INFO     | t=4371.5: RAKE[W8613,W6140] → DECOUPLING at retrofit (1 couplings, 3.0 min)
15:20:08 | INFO     | t=4372.0: LOCO[LOCO_02] → TRAIN_PREP completed at WS_01 (2.0 min)
15:20:08 | INFO     | t=4377.0: BATCH → Putting 2 wagons on retrofitted track retrofitted
15:20:08 | INFO     | t=4377.0: WAGON[W9270] → Added to retrofitted track retrofitted
15:20:08 | INFO     | t=4377.0: WAGON[W2406] → Added to retrofitted track retrofitted
15:20:08 | INFO     | EVENT_PUBLISHED: TrainArrivedEvent | train=T55 | time=4379.0
15:20:08 | INFO     | EVENT_HANDLING: TrainArrivedEvent -> RetrofitWorkshopContext._handle_train_arrived
15:20:08 | INFO     | EVENT_HANDLED: TrainArrivedEvent by RetrofitWorkshopContext._handle_train_arrived
15:20:08 | INFO     | t=4379.5: Batch size limited by retrofit capacity: 1 wagons (19.9m) fits, 20 waiting
15:20:08 | INFO     | t=4379.5: DISPATCHER → Assigned loco LOCO_01 to workshop_to_retrofitted (waited 156.5 min, pending=1)
15:20:08 | INFO     | t=4379.5: COLLECTION → Reserving retrofit track capacity for 1 wagons
15:20:08 | INFO     | t=4379.5: LOCO[LOCO_01] → Allocated for pickup
15:20:08 | INFO     | t=4382.0: WORKSHOP[WS_01] → Released, notifying 1 waiting processes
15:20:08 | INFO     | t=4382.0: WORKSHOP → Workshop became available
15:20:08 | INFO     | t=4382.0: WORKSHOP[WS_01] → Selected for batch
15:20:08 | INFO     | t=4382.0: DISPATCHER → Assigned loco LOCO_02 to retrofitted_to_parking (waited 17.0 min, pending=0)
15:20:08 | INFO     | t=4382.0: WAGON[W9868] → Added to batch
15:20:08 | INFO     | t=4382.0: BATCH[W2399,W9868] → Formed 2 wagons for WS_01
15:20:08 | INFO     | t=4382.0: LOCO[LOCO_02] → Allocated for parking transport
15:20:08 | INFO     | t=4382.0: TRACK[retrofit] → Removed 2 wagons (39.1m freed)
15:20:08 | INFO     | t=4382.0: DISPATCHER → Task submitted: retrofit_to_workshop (pending=1)
15:20:08 | INFO     | t=4382.0: COLLECTION → Capacity reserved, allocating locomotive
15:20:08 | INFO     | t=4382.0: DISPATCHER → Task submitted: collection_to_retrofit (pending=2)
15:20:08 | INFO     | t=4382.0: COLLECTION → Capacity reserved, allocating locomotive
15:20:08 | INFO     | t=4382.0: DISPATCHER → Task submitted: collection_to_retrofit (pending=3)
15:20:08 | INFO     | t=4386.5: LOCO[LOCO_01] → TRAIN_PREP completed at WS_02 (2.0 min)
15:20:08 | INFO     | t=4387.0: LOCO[LOCO_02] → TRAIN_PREP at retrofitted (coupling + prep, 2.0 min)
15:20:08 | INFO     | EVENT_PUBLISHED: TrainArrivedEvent | train=T56 | time=4387.8
15:20:08 | INFO     | EVENT_HANDLING: TrainArrivedEvent -> RetrofitWorkshopContext._handle_train_arrived
15:20:08 | INFO     | EVENT_HANDLED: TrainArrivedEvent by RetrofitWorkshopContext._handle_train_arrived
15:20:08 | INFO     | t=4391.5: BATCH → Putting 2 wagons on retrofitted track retrofitted
15:20:08 | INFO     | t=4391.5: WAGON[W9276] → Added to retrofitted track retrofitted
15:20:08 | INFO     | t=4391.5: WAGON[W11578] → Added to retrofitted track retrofitted
15:20:08 | INFO     | t=4396.5: WORKSHOP[WS_02] → Released, notifying 0 waiting processes
15:20:08 | INFO     | t=4396.5: DISPATCHER → Assigned loco LOCO_01 to retrofit_to_workshop (waited 14.5 min, pending=2)
15:20:08 | INFO     | t=4396.5: RAKE[W2399,W9868] → COUPLING at retrofit (1 couplings, 2.0 min)
15:20:08 | INFO     | t=4396.5: WAGON[W11970] → Retrieved from retrofit queue
15:20:08 | INFO     | t=4396.5: WORKSHOP[WS_02] → Selected for batch
15:20:08 | INFO     | t=4396.5: WAGON[W12060] → Added to batch
15:20:08 | INFO     | t=4396.5: BATCH[W11970,W12060] → Formed 2 wagons for WS_02
15:20:08 | INFO     | t=4396.5: TRACK[retrofit] → Removed 2 wagons (46.5m freed)
15:20:08 | INFO     | t=4396.5: DISPATCHER → Task submitted: retrofit_to_workshop (pending=3)
15:20:08 | INFO     | t=4403.5: LOCO[LOCO_01] → COUPLING at retrofit (2.0 min)
15:20:08 | INFO     | t=4405.5: LOCO[LOCO_01] → SHUNTING_PREP at retrofit (1.0 min)
15:20:08 | INFO     | t=4411.5: LOCO[LOCO_01] → DECOUPLING at WS_01 (3.0 min)
15:20:08 | INFO     | t=4414.5: RAKE[W2399,W9868] → DECOUPLING at WS_01 (1 couplings, 3.0 min)
15:20:08 | INFO     | t=4417.5: WAGON[W2399] → RETROFIT_STARTED at WS_01
15:20:08 | INFO     | t=4417.5: WAGON[W9868] → RETROFIT_STARTED at WS_01
15:20:08 | INFO     | t=4422.5: DISPATCHER → Hold override for collection_to_retrofit (waited 40.5 min >= max 30.0 min)
15:20:08 | INFO     | t=4422.5: DISPATCHER → Hold override for collection_to_retrofit (waited 40.5 min >= max 30.0 min)
15:20:08 | INFO     | t=4422.5: DISPATCHER → Assigned loco LOCO_01 to collection_to_retrofit (waited 40.5 min, pending=2)
15:20:08 | INFO     | t=4422.5: DISPATCHER → Hold override for collection_to_retrofit (waited 40.5 min >= max 30.0 min)
15:20:08 | INFO     | t=4477.5: RAKE[W2399,W9868] → COUPLING at WS_01 (1 couplings, 0.5 min)
15:20:08 | INFO     | t=4478.0: LOCO → Allocating for pickup from WS_01
15:20:08 | INFO     | t=4478.0: DISPATCHER → Task submitted: workshop_to_retrofitted (pending=3)
15:20:08 | INFO     | t=4482.5: LOCO[LOCO_01] → TRAIN_PREP at collection (coupling + prep, 3.0 min)
15:20:08 | INFO     | EVENT_PUBLISHED: TrainArrivedEvent | train=T57 | time=4491.5
15:20:08 | INFO     | EVENT_HANDLING: TrainArrivedEvent -> RetrofitWorkshopContext._handle_train_arrived
15:20:08 | INFO     | EVENT_HANDLED: TrainArrivedEvent by RetrofitWorkshopContext._handle_train_arrived
15:20:08 | INFO     | t=4509.0: LOCO[LOCO_02] → DECOUPLING at parking16 (1.0 min)
15:20:08 | INFO     | t=4510.0: RAKE[W2980,W9173] → DECOUPLING at parking16 (1 couplings, 0.5 min)
15:20:08 | INFO     | t=4545.5: LOCO[LOCO_01] → DECOUPLING at retrofit (3.0 min)
15:20:08 | INFO     | t=4548.5: RAKE[W5167] → DECOUPLING at retrofit (0 couplings, 0.0 min)
15:20:08 | INFO     | t=4553.5: DISPATCHER → Hold override for collection_to_retrofit (waited 171.5 min >= max 30.0 min)
15:20:08 | INFO     | t=4553.5: DISPATCHER → Assigned loco LOCO_01 to collection_to_retrofit (waited 171.5 min, pending=2)
15:20:08 | INFO     | t=4553.5: Batch size limited by retrofit capacity: 3 wagons (55.0m) fits, 20 waiting
15:20:08 | INFO     | t=4553.5: COLLECTION → Reserving retrofit track capacity for 3 wagons
15:20:08 | INFO     | t=4553.5: COLLECTION → Capacity reserved, allocating locomotive
15:20:08 | INFO     | t=4553.5: DISPATCHER → Task submitted: collection_to_retrofit (pending=3)
15:20:08 | INFO     | t=4570.5: LOCO[LOCO_02] → Releasing
15:20:08 | INFO     | t=4570.5: LOCO[LOCO_02] → Released
15:20:08 | INFO     | t=4570.5: PARKING → Got wagon W9270 from retrofitted
15:20:08 | INFO     | t=4570.5: DISPATCHER → Assigned loco LOCO_02 to retrofit_to_workshop (waited 174.0 min, pending=2)
15:20:08 | INFO     | t=4570.5: RAKE[W11970,W12060] → COUPLING at retrofit (1 couplings, 2.0 min)
15:20:08 | INFO     | t=4570.5: WAGON[W12210] → Retrieved from retrofit queue
15:20:08 | INFO     | t=4570.5: WORKSHOP → No workshop available, waiting...
15:20:08 | INFO     | t=4570.5: LOCO → Allocating for parking transport
15:20:08 | INFO     | t=4570.5: DISPATCHER → Task submitted: retrofitted_to_parking (pending=3)
15:20:08 | INFO     | t=4577.5: LOCO[LOCO_02] → COUPLING at retrofit (2.0 min)
15:20:08 | INFO     | t=4579.5: LOCO[LOCO_02] → SHUNTING_PREP at retrofit (1.0 min)
15:20:08 | INFO     | t=4585.5: LOCO[LOCO_02] → DECOUPLING at WS_02 (3.0 min)
15:20:08 | INFO     | t=4588.5: RAKE[W11970,W12060] → DECOUPLING at WS_02 (1 couplings, 3.0 min)
15:20:08 | INFO     | t=4591.5: WAGON[W11970] → RETROFIT_STARTED at WS_02
15:20:08 | INFO     | t=4591.5: WAGON[W12060] → RETROFIT_STARTED at WS_02
15:20:08 | INFO     | t=4596.5: DISPATCHER → Hold override for collection_to_retrofit (waited 43.0 min >= max 30.0 min)
15:20:08 | INFO     | t=4596.5: DISPATCHER → Assigned loco LOCO_02 to collection_to_retrofit (waited 43.0 min, pending=2)
15:20:08 | INFO     | t=4613.5: LOCO[LOCO_01] → TRAIN_PREP at collection (coupling + prep, 3.0 min)
15:20:08 | INFO     | t=4651.5: RAKE[W11970,W12060] → COUPLING at WS_02 (1 couplings, 0.5 min)
15:20:08 | INFO     | t=4652.0: LOCO → Allocating for pickup from WS_02
15:20:08 | INFO     | t=4652.0: DISPATCHER → Task submitted: workshop_to_retrofitted (pending=3)
15:20:08 | INFO     | EVENT_PUBLISHED: TrainArrivedEvent | train=T58 | time=4654.5
15:20:08 | INFO     | EVENT_HANDLING: TrainArrivedEvent -> RetrofitWorkshopContext._handle_train_arrived
15:20:08 | INFO     | EVENT_HANDLED: TrainArrivedEvent by RetrofitWorkshopContext._handle_train_arrived
15:20:08 | INFO     | t=4656.5: LOCO[LOCO_02] → TRAIN_PREP at collection (coupling + prep, 7.0 min)
15:20:08 | INFO     | t=4676.5: LOCO[LOCO_01] → DECOUPLING at retrofit (3.0 min)
15:20:08 | INFO     | EVENT_PUBLISHED: TrainArrivedEvent | train=T59 | time=4676.8
15:20:08 | INFO     | EVENT_HANDLING: TrainArrivedEvent -> RetrofitWorkshopContext._handle_train_arrived
15:20:08 | INFO     | EVENT_HANDLED: TrainArrivedEvent by RetrofitWorkshopContext._handle_train_arrived
15:20:08 | INFO     | t=4679.5: RAKE[W10364] → DECOUPLING at retrofit (0 couplings, 0.0 min)
15:20:08 | INFO     | t=4684.5: Batch size limited by retrofit capacity: 1 wagons (14.0m) fits, 20 waiting
15:20:08 | INFO     | t=4684.5: DISPATCHER → Hold override for retrofitted_to_parking (waited 114.0 min >= max 45.0 min)
15:20:08 | INFO     | t=4684.5: DISPATCHER → Assigned loco LOCO_01 to workshop_to_retrofitted (waited 206.5 min, pending=2)
15:20:08 | INFO     | t=4684.5: DISPATCHER → Hold override for retrofitted_to_parking (waited 114.0 min >= max 45.0 min)
15:20:08 | INFO     | t=4684.5: COLLECTION → Reserving retrofit track capacity for 1 wagons
15:20:08 | INFO     | t=4684.5: LOCO[LOCO_01] → Allocated for pickup
15:20:08 | INFO     | t=4691.5: LOCO[LOCO_01] → TRAIN_PREP completed at WS_01 (2.0 min)
15:20:08 | INFO     | t=4696.5: BATCH → Putting 2 wagons on retrofitted track retrofitted
15:20:08 | INFO     | t=4696.5: WAGON[W2399] → Added to retrofitted track retrofitted
15:20:08 | INFO     | t=4696.5: WAGON[W9868] → Added to retrofitted track retrofitted
15:20:08 | INFO     | t=4701.5: WORKSHOP[WS_01] → Released, notifying 1 waiting processes
15:20:08 | INFO     | t=4701.5: WORKSHOP → Workshop became available
15:20:08 | INFO     | t=4701.5: WORKSHOP[WS_01] → Selected for batch
15:20:08 | INFO     | t=4701.5: DISPATCHER → Hold override for retrofitted_to_parking (waited 131.0 min >= max 45.0 min)
15:20:08 | INFO     | t=4701.5: DISPATCHER → Assigned loco LOCO_01 to workshop_to_retrofitted (waited 49.5 min, pending=1)
15:20:08 | INFO     | t=4701.5: DISPATCHER → Hold override for retrofitted_to_parking (waited 131.0 min >= max 45.0 min)
15:20:08 | INFO     | t=4701.5: WAGON[W8636] → Added to batch
15:20:08 | INFO     | t=4701.5: BATCH[W12210,W8636] → Formed 2 wagons for WS_01
15:20:08 | INFO     | t=4701.5: LOCO[LOCO_01] → Allocated for pickup
15:20:08 | INFO     | t=4701.5: TRACK[retrofit] → Removed 2 wagons (46.5m freed)
15:20:08 | INFO     | t=4701.5: DISPATCHER → Task submitted: retrofit_to_workshop (pending=2)
15:20:08 | INFO     | t=4701.5: COLLECTION → Capacity reserved, allocating locomotive
15:20:08 | INFO     | t=4701.5: DISPATCHER → Task submitted: collection_to_retrofit (pending=3)
15:20:08 | INFO     | EVENT_PUBLISHED: TrainArrivedEvent | train=T60 | time=4704.0
15:20:08 | INFO     | EVENT_HANDLING: TrainArrivedEvent -> RetrofitWorkshopContext._handle_train_arrived
15:20:08 | INFO     | EVENT_HANDLED: TrainArrivedEvent by RetrofitWorkshopContext._handle_train_arrived
15:20:08 | INFO     | t=4708.5: LOCO[LOCO_01] → TRAIN_PREP completed at WS_02 (2.0 min)
15:20:08 | INFO     | t=4713.5: BATCH → Putting 2 wagons on retrofitted track retrofitted
15:20:08 | INFO     | t=4713.5: WAGON[W11970] → Added to retrofitted track retrofitted
15:20:08 | INFO     | t=4713.5: WAGON[W12060] → Added to retrofitted track retrofitted
15:20:08 | INFO     | t=4718.5: WORKSHOP[WS_02] → Released, notifying 0 waiting processes
15:20:08 | INFO     | t=4718.5: DISPATCHER → Hold override for retrofitted_to_parking (waited 148.0 min >= max 45.0 min)
15:20:08 | INFO     | t=4718.5: DISPATCHER → Assigned loco LOCO_01 to retrofit_to_workshop (waited 17.0 min, pending=2)
15:20:08 | INFO     | t=4718.5: DISPATCHER → Hold override for retrofitted_to_parking (waited 148.0 min >= max 45.0 min)
15:20:08 | INFO     | t=4718.5: RAKE[W12210,W8636] → COUPLING at retrofit (1 couplings, 2.0 min)
15:20:08 | INFO     | t=4718.5: WAGON[W3173] → Retrieved from retrofit queue
15:20:08 | INFO     | t=4718.5: WORKSHOP[WS_02] → Selected for batch
15:20:08 | INFO     | t=4718.5: WAGON[W10949] → Added to batch
15:20:08 | INFO     | t=4718.5: BATCH[W3173,W10949] → Formed 2 wagons for WS_02
15:20:08 | INFO     | t=4718.5: TRACK[retrofit] → Removed 2 wagons (34.4m freed)
15:20:08 | INFO     | t=4718.5: DISPATCHER → Task submitted: retrofit_to_workshop (pending=3)
15:20:08 | INFO     | t=4723.5: LOCO[LOCO_02] → DECOUPLING at retrofit (9.0 min)
15:20:08 | INFO     | t=4725.5: LOCO[LOCO_01] → COUPLING at retrofit (2.0 min)
15:20:08 | INFO     | t=4727.5: LOCO[LOCO_01] → SHUNTING_PREP at retrofit (1.0 min)
15:20:08 | INFO     | t=4732.5: RAKE[W4666,W11269,W3811] → DECOUPLING at retrofit (2 couplings, 6.0 min)
15:20:08 | INFO     | t=4733.5: LOCO[LOCO_01] → DECOUPLING at WS_01 (3.0 min)
15:20:08 | INFO     | t=4736.5: RAKE[W12210,W8636] → DECOUPLING at WS_01 (1 couplings, 3.0 min)
15:20:08 | INFO     | t=4739.5: WAGON[W12210] → RETROFIT_STARTED at WS_01
15:20:08 | INFO     | t=4739.5: WAGON[W8636] → RETROFIT_STARTED at WS_01
15:20:08 | INFO     | t=4743.5: DISPATCHER → Hold override for retrofitted_to_parking (waited 173.0 min >= max 45.0 min)
15:20:08 | INFO     | t=4743.5: DISPATCHER → Hold override for collection_to_retrofit (waited 42.0 min >= max 30.0 min)
15:20:08 | INFO     | t=4743.5: DISPATCHER → Assigned loco LOCO_02 to collection_to_retrofit (waited 42.0 min, pending=2)
15:20:08 | INFO     | t=4743.5: DISPATCHER → Hold override for retrofitted_to_parking (waited 173.0 min >= max 45.0 min)
15:20:08 | INFO     | t=4743.5: Batch size limited by retrofit capacity: 4 wagons (70.3m) fits, 18 waiting
15:20:08 | INFO     | t=4743.5: COLLECTION → Reserving retrofit track capacity for 4 wagons
15:20:08 | INFO     | t=4743.5: COLLECTION → Capacity reserved, allocating locomotive
15:20:08 | INFO     | t=4743.5: DISPATCHER → Task submitted: collection_to_retrofit (pending=3)
15:20:08 | INFO     | t=4744.5: DISPATCHER → Hold override for retrofitted_to_parking (waited 174.0 min >= max 45.0 min)
15:20:08 | INFO     | t=4744.5: DISPATCHER → Assigned loco LOCO_01 to retrofit_to_workshop (waited 26.0 min, pending=2)
15:20:08 | INFO     | t=4744.5: DISPATCHER → Hold override for retrofitted_to_parking (waited 174.0 min >= max 45.0 min)
15:20:08 | INFO     | t=4744.5: RAKE[W3173,W10949] → COUPLING at retrofit (1 couplings, 2.0 min)
15:20:08 | INFO     | t=4744.5: WAGON[W8631] → Retrieved from retrofit queue
15:20:08 | INFO     | t=4744.5: WORKSHOP → No workshop available, waiting...
15:20:08 | INFO     | t=4751.5: LOCO[LOCO_01] → COUPLING at retrofit (2.0 min)
15:20:08 | INFO     | t=4753.5: LOCO[LOCO_01] → SHUNTING_PREP at retrofit (1.0 min)
15:20:08 | INFO     | t=4759.5: LOCO[LOCO_01] → DECOUPLING at WS_02 (3.0 min)
15:20:08 | INFO     | EVENT_PUBLISHED: TrainArrivedEvent | train=T61 | time=4761.2
15:20:08 | INFO     | EVENT_HANDLING: TrainArrivedEvent -> RetrofitWorkshopContext._handle_train_arrived
15:20:08 | INFO     | EVENT_HANDLED: TrainArrivedEvent by RetrofitWorkshopContext._handle_train_arrived
15:20:08 | INFO     | t=4762.5: RAKE[W3173,W10949] → DECOUPLING at WS_02 (1 couplings, 3.0 min)
15:20:08 | INFO     | t=4765.5: WAGON[W3173] → RETROFIT_STARTED at WS_02
15:20:08 | INFO     | t=4765.5: WAGON[W10949] → RETROFIT_STARTED at WS_02
15:20:08 | INFO     | t=4770.5: DISPATCHER → Hold override for retrofitted_to_parking (waited 200.0 min >= max 45.0 min)
15:20:08 | INFO     | t=4770.5: DISPATCHER → Assigned loco LOCO_01 to retrofitted_to_parking (waited 200.0 min, pending=1)
15:20:08 | INFO     | t=4770.5: LOCO[LOCO_01] → Allocated for parking transport
15:20:08 | INFO     | t=4775.5: DISPATCHER → Hold override for collection_to_retrofit (waited 32.0 min >= max 30.0 min)
15:20:08 | INFO     | t=4775.5: LOCO[LOCO_01] → TRAIN_PREP at retrofitted (coupling + prep, 3.0 min)
15:20:08 | INFO     | t=4799.5: RAKE[W12210,W8636] → COUPLING at WS_01 (1 couplings, 0.5 min)
15:20:08 | INFO     | t=4800.0: LOCO → Allocating for pickup from WS_01
15:20:08 | INFO     | t=4800.0: DISPATCHER → Task submitted: workshop_to_retrofitted (pending=2)
15:20:08 | INFO     | t=4803.5: LOCO[LOCO_02] → TRAIN_PREP at collection (coupling + prep, 3.0 min)
15:20:08 | INFO     | EVENT_PUBLISHED: TrainArrivedEvent | train=T62 | time=4804.0
15:20:08 | INFO     | EVENT_HANDLING: TrainArrivedEvent -> RetrofitWorkshopContext._handle_train_arrived
15:20:08 | INFO     | EVENT_HANDLED: TrainArrivedEvent by RetrofitWorkshopContext._handle_train_arrived
15:20:08 | INFO     | EVENT_PUBLISHED: TrainArrivedEvent | train=T63 | time=4824.0
15:20:08 | INFO     | EVENT_HANDLING: TrainArrivedEvent -> RetrofitWorkshopContext._handle_train_arrived
15:20:08 | INFO     | EVENT_HANDLED: TrainArrivedEvent by RetrofitWorkshopContext._handle_train_arrived
15:20:08 | INFO     | t=4825.5: RAKE[W3173,W10949] → COUPLING at WS_02 (1 couplings, 0.5 min)
15:20:08 | INFO     | t=4826.0: LOCO → Allocating for pickup from WS_02
15:20:08 | INFO     | t=4826.0: DISPATCHER → Task submitted: workshop_to_retrofitted (pending=3)
15:20:08 | INFO     | EVENT_PUBLISHED: TrainArrivedEvent | train=T64 | time=4854.0
15:20:08 | INFO     | EVENT_HANDLING: TrainArrivedEvent -> RetrofitWorkshopContext._handle_train_arrived
15:20:08 | INFO     | EVENT_HANDLED: TrainArrivedEvent by RetrofitWorkshopContext._handle_train_arrived
15:20:08 | INFO     | t=4866.5: LOCO[LOCO_02] → DECOUPLING at retrofit (3.0 min)
15:20:08 | INFO     | t=4869.5: RAKE[W6077] → DECOUPLING at retrofit (0 couplings, 0.0 min)
15:20:08 | INFO     | t=4874.5: Batch size limited by retrofit capacity: 1 wagons (29.6m) fits, 20 waiting
15:20:08 | INFO     | t=4874.5: DISPATCHER → Hold override for collection_to_retrofit (waited 131.0 min >= max 30.0 min)
15:20:08 | INFO     | t=4874.5: DISPATCHER → Assigned loco LOCO_02 to collection_to_retrofit (waited 131.0 min, pending=2)
15:20:08 | INFO     | t=4874.5: COLLECTION → Reserving retrofit track capacity for 1 wagons
15:20:08 | INFO     | t=4898.5: LOCO[LOCO_01] → DECOUPLING at parking16 (2.0 min)
15:20:08 | INFO     | t=4900.5: RAKE[W9270,W2406,W9276,W11578] → DECOUPLING at parking16 (3 couplings, 1.5 min)
15:20:08 | INFO     | t=4934.5: LOCO[LOCO_02] → TRAIN_PREP at collection (coupling + prep, 9.0 min)
15:20:08 | INFO     | t=4962.0: LOCO[LOCO_01] → Releasing
15:20:08 | INFO     | t=4962.0: LOCO[LOCO_01] → Released
15:20:08 | INFO     | t=4962.0: PARKING → Got wagon W2399 from retrofitted
15:20:08 | INFO     | t=4962.0: DISPATCHER → Assigned loco LOCO_01 to workshop_to_retrofitted (waited 162.0 min, pending=1)
15:20:08 | INFO     | t=4962.0: LOCO[LOCO_01] → Allocated for pickup
15:20:08 | INFO     | t=4962.0: LOCO → Allocating for parking transport
15:20:08 | INFO     | t=4962.0: DISPATCHER → Task submitted: retrofitted_to_parking (pending=2)
15:20:08 | INFO     | t=4969.0: LOCO[LOCO_01] → TRAIN_PREP completed at WS_01 (2.0 min)
15:20:08 | INFO     | t=4974.0: BATCH → Putting 2 wagons on retrofitted track retrofitted
15:20:08 | INFO     | t=4974.0: WAGON[W12210] → Added to retrofitted track retrofitted
15:20:08 | INFO     | t=4974.0: WAGON[W8636] → Added to retrofitted track retrofitted
15:20:08 | INFO     | t=4979.0: WORKSHOP[WS_01] → Released, notifying 1 waiting processes
15:20:08 | INFO     | t=4979.0: WORKSHOP → Workshop became available
15:20:08 | INFO     | t=4979.0: WORKSHOP[WS_01] → Selected for batch
15:20:08 | INFO     | t=4979.0: DISPATCHER → Assigned loco LOCO_01 to workshop_to_retrofitted (waited 153.0 min, pending=1)
15:20:08 | INFO     | t=4979.0: WAGON[W9392] → Added to batch
15:20:08 | INFO     | t=4979.0: BATCH[W8631,W9392] → Formed 2 wagons for WS_01
15:20:08 | INFO     | t=4979.0: LOCO[LOCO_01] → Allocated for pickup
15:20:08 | INFO     | t=4979.0: TRACK[retrofit] → Removed 2 wagons (37.6m freed)
15:20:08 | INFO     | t=4979.0: DISPATCHER → Task submitted: retrofit_to_workshop (pending=2)
15:20:08 | INFO     | t=4979.0: COLLECTION → Capacity reserved, allocating locomotive
15:20:08 | INFO     | t=4979.0: DISPATCHER → Task submitted: collection_to_retrofit (pending=3)
15:20:08 | INFO     | t=4986.0: LOCO[LOCO_01] → TRAIN_PREP completed at WS_02 (2.0 min)
15:20:08 | INFO     | t=4991.0: BATCH → Putting 2 wagons on retrofitted track retrofitted
15:20:08 | INFO     | t=4991.0: WAGON[W3173] → Added to retrofitted track retrofitted
15:20:08 | INFO     | t=4991.0: WAGON[W10949] → Added to retrofitted track retrofitted
15:20:08 | INFO     | t=4996.0: WORKSHOP[WS_02] → Released, notifying 0 waiting processes
15:20:08 | INFO     | t=4996.0: DISPATCHER → Assigned loco LOCO_01 to retrofit_to_workshop (waited 17.0 min, pending=2)
15:20:08 | INFO     | t=4996.0: RAKE[W8631,W9392] → COUPLING at retrofit (1 couplings, 2.0 min)
15:20:08 | INFO     | t=4996.0: WAGON[W5038] → Retrieved from retrofit queue
15:20:08 | INFO     | t=4996.0: WORKSHOP[WS_02] → Selected for batch
15:20:08 | INFO     | t=4996.0: WAGON[W9274] → Added to batch
15:20:08 | INFO     | t=4996.0: BATCH[W5038,W9274] → Formed 2 wagons for WS_02
15:20:08 | INFO     | t=4996.0: TRACK[retrofit] → Removed 2 wagons (38.7m freed)
15:20:08 | INFO     | t=4996.0: DISPATCHER → Task submitted: retrofit_to_workshop (pending=3)
15:20:08 | INFO     | EVENT_PUBLISHED: TrainArrivedEvent | train=T65 | time=4999.0
15:20:08 | INFO     | EVENT_HANDLING: TrainArrivedEvent -> RetrofitWorkshopContext._handle_train_arrived
15:20:08 | INFO     | EVENT_HANDLED: TrainArrivedEvent by RetrofitWorkshopContext._handle_train_arrived
15:20:08 | INFO     | t=5003.0: LOCO[LOCO_01] → COUPLING at retrofit (2.0 min)
15:20:08 | INFO     | t=5003.5: LOCO[LOCO_02] → DECOUPLING at retrofit (12.0 min)
15:20:08 | INFO     | t=5005.0: LOCO[LOCO_01] → SHUNTING_PREP at retrofit (1.0 min)
15:20:08 | INFO     | EVENT_PUBLISHED: TrainArrivedEvent | train=T66 | time=5011.0
15:20:08 | INFO     | EVENT_HANDLING: TrainArrivedEvent -> RetrofitWorkshopContext._handle_train_arrived
15:20:08 | INFO     | EVENT_HANDLED: TrainArrivedEvent by RetrofitWorkshopContext._handle_train_arrived
15:20:08 | INFO     | t=5011.0: LOCO[LOCO_01] → DECOUPLING at WS_01 (3.0 min)
15:20:08 | INFO     | EVENT_PUBLISHED: TrainArrivedEvent | train=T67 | time=5014.0
15:20:08 | INFO     | EVENT_HANDLING: TrainArrivedEvent -> RetrofitWorkshopContext._handle_train_arrived
15:20:08 | INFO     | EVENT_HANDLED: TrainArrivedEvent by RetrofitWorkshopContext._handle_train_arrived
15:20:08 | INFO     | t=5014.0: RAKE[W8631,W9392] → DECOUPLING at WS_01 (1 couplings, 3.0 min)
15:20:08 | INFO     | t=5015.5: RAKE[W2926,W5391,W6682,W11320] → DECOUPLING at retrofit (3 couplings, 9.0 min)
15:20:08 | INFO     | t=5017.0: WAGON[W8631] → RETROFIT_STARTED at WS_01
15:20:08 | INFO     | t=5017.0: WAGON[W9392] → RETROFIT_STARTED at WS_01
15:20:08 | INFO     | t=5022.0: DISPATCHER → Hold override for retrofitted_to_parking (waited 60.0 min >= max 45.0 min)
15:20:08 | INFO     | t=5022.0: DISPATCHER → Hold override for collection_to_retrofit (waited 43.0 min >= max 30.0 min)
15:20:08 | INFO     | t=5022.0: DISPATCHER → Assigned loco LOCO_01 to collection_to_retrofit (waited 43.0 min, pending=2)
15:20:08 | INFO     | t=5022.0: DISPATCHER → Hold override for retrofitted_to_parking (waited 60.0 min >= max 45.0 min)
15:20:08 | INFO     | t=5029.5: DISPATCHER → Hold override for retrofitted_to_parking (waited 67.5 min >= max 45.0 min)
15:20:08 | INFO     | t=5029.5: DISPATCHER → Assigned loco LOCO_02 to retrofit_to_workshop (waited 33.5 min, pending=1)
15:20:08 | INFO     | t=5029.5: DISPATCHER → Hold override for retrofitted_to_parking (waited 67.5 min >= max 45.0 min)
15:20:08 | INFO     | t=5029.5: Batch size limited by retrofit capacity: 2 wagons (37.3m) fits, 21 waiting
15:20:08 | INFO     | t=5029.5: RAKE[W5038,W9274] → COUPLING at retrofit (1 couplings, 2.0 min)
15:20:08 | INFO     | t=5029.5: COLLECTION → Reserving retrofit track capacity for 2 wagons
15:20:08 | INFO     | t=5029.5: WAGON[W11261] → Retrieved from retrofit queue
15:20:08 | INFO     | t=5029.5: WORKSHOP → No workshop available, waiting...
15:20:08 | INFO     | t=5029.5: COLLECTION → Capacity reserved, allocating locomotive
15:20:08 | INFO     | t=5029.5: DISPATCHER → Task submitted: collection_to_retrofit (pending=2)
15:20:08 | INFO     | t=5036.5: LOCO[LOCO_02] → COUPLING at retrofit (2.0 min)
15:20:08 | INFO     | t=5038.5: LOCO[LOCO_02] → SHUNTING_PREP at retrofit (1.0 min)
15:20:08 | INFO     | EVENT_PUBLISHED: TrainArrivedEvent | train=T68 | time=5039.8
15:20:08 | INFO     | EVENT_HANDLING: TrainArrivedEvent -> RetrofitWorkshopContext._handle_train_arrived
15:20:08 | INFO     | EVENT_HANDLED: TrainArrivedEvent by RetrofitWorkshopContext._handle_train_arrived
15:20:08 | INFO     | t=5044.5: LOCO[LOCO_02] → DECOUPLING at WS_02 (3.0 min)
15:20:08 | INFO     | t=5047.5: RAKE[W5038,W9274] → DECOUPLING at WS_02 (1 couplings, 3.0 min)
15:20:08 | INFO     | t=5050.5: WAGON[W5038] → RETROFIT_STARTED at WS_02
15:20:08 | INFO     | t=5050.5: WAGON[W9274] → RETROFIT_STARTED at WS_02
15:20:08 | INFO     | t=5055.5: DISPATCHER → Hold override for retrofitted_to_parking (waited 93.5 min >= max 45.0 min)
15:20:08 | INFO     | t=5055.5: DISPATCHER → Assigned loco LOCO_02 to retrofitted_to_parking (waited 93.5 min, pending=1)
15:20:08 | INFO     | t=5055.5: LOCO[LOCO_02] → Allocated for parking transport
15:20:08 | INFO     | EVENT_PUBLISHED: TrainArrivedEvent | train=T69 | time=5059.2
15:20:08 | INFO     | EVENT_HANDLING: TrainArrivedEvent -> RetrofitWorkshopContext._handle_train_arrived
15:20:08 | INFO     | EVENT_HANDLED: TrainArrivedEvent by RetrofitWorkshopContext._handle_train_arrived
15:20:08 | INFO     | t=5060.5: DISPATCHER → Hold override for collection_to_retrofit (waited 31.0 min >= max 30.0 min)
15:20:08 | INFO     | t=5060.5: LOCO[LOCO_02] → TRAIN_PREP at retrofitted (coupling + prep, 3.0 min)
15:20:08 | INFO     | t=5077.0: RAKE[W8631,W9392] → COUPLING at WS_01 (1 couplings, 0.5 min)
15:20:08 | INFO     | t=5077.5: LOCO → Allocating for pickup from WS_01
15:20:08 | INFO     | t=5077.5: DISPATCHER → Task submitted: workshop_to_retrofitted (pending=2)
15:20:08 | INFO     | t=5082.0: LOCO[LOCO_01] → TRAIN_PREP at collection (coupling + prep, 3.0 min)
15:20:08 | INFO     | EVENT_PUBLISHED: TrainArrivedEvent | train=T70 | time=5107.8
15:20:08 | INFO     | EVENT_HANDLING: TrainArrivedEvent -> RetrofitWorkshopContext._handle_train_arrived
15:20:08 | INFO     | EVENT_HANDLED: TrainArrivedEvent by RetrofitWorkshopContext._handle_train_arrived
15:20:08 | INFO     | t=5110.5: RAKE[W5038,W9274] → COUPLING at WS_02 (1 couplings, 0.5 min)
15:20:08 | INFO     | t=5111.0: LOCO → Allocating for pickup from WS_02
15:20:08 | INFO     | t=5111.0: DISPATCHER → Task submitted: workshop_to_retrofitted (pending=3)
15:20:08 | INFO     | EVENT_PUBLISHED: TrainArrivedEvent | train=T71 | time=5111.8
15:20:08 | INFO     | EVENT_HANDLING: TrainArrivedEvent -> RetrofitWorkshopContext._handle_train_arrived
15:20:08 | INFO     | EVENT_HANDLED: TrainArrivedEvent by RetrofitWorkshopContext._handle_train_arrived
15:20:08 | INFO     | t=5145.0: LOCO[LOCO_01] → DECOUPLING at retrofit (3.0 min)
15:20:08 | INFO     | t=5148.0: RAKE[W0623] → DECOUPLING at retrofit (0 couplings, 0.0 min)
15:20:08 | INFO     | t=5153.0: Batch size limited by retrofit capacity: 1 wagons (12.7m) fits, 20 waiting
15:20:08 | INFO     | t=5153.0: DISPATCHER → Hold override for collection_to_retrofit (waited 123.5 min >= max 30.0 min)
15:20:08 | INFO     | t=5153.0: DISPATCHER → Assigned loco LOCO_01 to collection_to_retrofit (waited 123.5 min, pending=2)
15:20:08 | INFO     | t=5153.0: COLLECTION → Reserving retrofit track capacity for 1 wagons
15:20:08 | INFO     | t=5153.0: COLLECTION → Capacity reserved, allocating locomotive
15:20:08 | INFO     | t=5153.0: DISPATCHER → Task submitted: collection_to_retrofit (pending=3)
15:20:08 | INFO     | t=5183.5: LOCO[LOCO_02] → DECOUPLING at parking16 (2.0 min)
15:20:08 | INFO     | t=5185.5: RAKE[W2399,W9868,W11970,W12060] → DECOUPLING at parking16 (3 couplings, 1.5 min)
15:20:08 | INFO     | EVENT_PUBLISHED: TrainArrivedEvent | train=T72 | time=5203.8
15:20:08 | INFO     | EVENT_HANDLING: TrainArrivedEvent -> RetrofitWorkshopContext._handle_train_arrived
15:20:08 | INFO     | EVENT_HANDLED: TrainArrivedEvent by RetrofitWorkshopContext._handle_train_arrived
15:20:08 | INFO     | t=5213.0: LOCO[LOCO_01] → TRAIN_PREP at collection (coupling + prep, 5.0 min)
15:20:08 | INFO     | EVENT_PUBLISHED: TrainArrivedEvent | train=T73 | time=5221.5
15:20:08 | INFO     | EVENT_HANDLING: TrainArrivedEvent -> RetrofitWorkshopContext._handle_train_arrived
15:20:08 | INFO     | EVENT_HANDLED: TrainArrivedEvent by RetrofitWorkshopContext._handle_train_arrived
15:20:08 | INFO     | t=5247.0: LOCO[LOCO_02] → Releasing
15:20:08 | INFO     | t=5247.0: LOCO[LOCO_02] → Released
15:20:08 | INFO     | t=5247.0: PARKING → Got wagon W12210 from retrofitted
15:20:08 | INFO     | t=5247.0: DISPATCHER → Hold override for collection_to_retrofit (waited 94.0 min >= max 30.0 min)
15:20:08 | INFO     | t=5247.0: DISPATCHER → Assigned loco LOCO_02 to collection_to_retrofit (waited 94.0 min, pending=2)
15:20:08 | INFO     | t=5247.0: LOCO → Allocating for parking transport
15:20:08 | INFO     | t=5247.0: DISPATCHER → Task submitted: retrofitted_to_parking (pending=3)
15:20:08 | INFO     | t=5278.0: LOCO[LOCO_01] → DECOUPLING at retrofit (6.0 min)
15:20:08 | INFO     | t=5284.0: RAKE[W5833,W12077] → DECOUPLING at retrofit (1 couplings, 3.0 min)
15:20:08 | INFO     | t=5292.0: Batch size limited by retrofit capacity: 1 wagons (15.8m) fits, 22 waiting
15:20:08 | INFO     | t=5292.0: DISPATCHER → Hold override for retrofitted_to_parking (waited 45.0 min >= max 45.0 min)
15:20:08 | INFO     | t=5292.0: DISPATCHER → Assigned loco LOCO_01 to workshop_to_retrofitted (waited 214.5 min, pending=2)
15:20:08 | INFO     | t=5292.0: COLLECTION → Reserving retrofit track capacity for 1 wagons
15:20:08 | INFO     | t=5292.0: LOCO[LOCO_01] → Allocated for pickup
15:20:08 | INFO     | t=5299.0: LOCO[LOCO_01] → TRAIN_PREP completed at WS_01 (2.0 min)
15:20:08 | INFO     | t=5304.0: BATCH → Putting 2 wagons on retrofitted track retrofitted
15:20:08 | INFO     | t=5304.0: WAGON[W8631] → Added to retrofitted track retrofitted
15:20:08 | INFO     | t=5304.0: WAGON[W9392] → Added to retrofitted track retrofitted
15:20:08 | INFO     | t=5307.0: LOCO[LOCO_02] → TRAIN_PREP at collection (coupling + prep, 3.0 min)
15:20:08 | INFO     | t=5309.0: WORKSHOP[WS_01] → Released, notifying 1 waiting processes
15:20:08 | INFO     | t=5309.0: WORKSHOP → Workshop became available
15:20:08 | INFO     | t=5309.0: WORKSHOP[WS_01] → Selected for batch
15:20:08 | INFO     | t=5309.0: DISPATCHER → Hold override for retrofitted_to_parking (waited 62.0 min >= max 45.0 min)
15:20:08 | INFO     | t=5309.0: DISPATCHER → Assigned loco LOCO_01 to workshop_to_retrofitted (waited 198.0 min, pending=1)
15:20:08 | INFO     | t=5309.0: DISPATCHER → Hold override for retrofitted_to_parking (waited 62.0 min >= max 45.0 min)
15:20:08 | INFO     | t=5309.0: WAGON[W11259] → Added to batch
15:20:08 | INFO     | t=5309.0: BATCH[W11261,W11259] → Formed 2 wagons for WS_01
15:20:08 | INFO     | t=5309.0: LOCO[LOCO_01] → Allocated for pickup
15:20:08 | INFO     | t=5309.0: TRACK[retrofit] → Removed 2 wagons (25.5m freed)
15:20:08 | INFO     | t=5309.0: DISPATCHER → Task submitted: retrofit_to_workshop (pending=2)
15:20:08 | INFO     | t=5309.0: COLLECTION → Capacity reserved, allocating locomotive
15:20:08 | INFO     | t=5309.0: DISPATCHER → Task submitted: collection_to_retrofit (pending=3)
15:20:08 | INFO     | t=5316.0: LOCO[LOCO_01] → TRAIN_PREP completed at WS_02 (2.0 min)
15:20:08 | INFO     | t=5321.0: BATCH → Putting 2 wagons on retrofitted track retrofitted
15:20:08 | INFO     | t=5321.0: WAGON[W5038] → Added to retrofitted track retrofitted
15:20:08 | INFO     | t=5321.0: WAGON[W9274] → Added to retrofitted track retrofitted
15:20:08 | INFO     | t=5326.0: WORKSHOP[WS_02] → Released, notifying 0 waiting processes
15:20:08 | INFO     | t=5326.0: DISPATCHER → Hold override for retrofitted_to_parking (waited 79.0 min >= max 45.0 min)
15:20:08 | INFO     | t=5326.0: DISPATCHER → Assigned loco LOCO_01 to retrofit_to_workshop (waited 17.0 min, pending=2)
15:20:08 | INFO     | t=5326.0: DISPATCHER → Hold override for retrofitted_to_parking (waited 79.0 min >= max 45.0 min)
15:20:08 | INFO     | t=5326.0: RAKE[W11261,W11259] → COUPLING at retrofit (1 couplings, 2.0 min)
15:20:08 | INFO     | t=5326.0: WAGON[W8613] → Retrieved from retrofit queue
15:20:08 | INFO     | t=5326.0: WORKSHOP[WS_02] → Selected for batch
15:20:08 | INFO     | t=5326.0: WAGON[W6140] → Added to batch
15:20:08 | INFO     | t=5326.0: BATCH[W8613,W6140] → Formed 2 wagons for WS_02
15:20:08 | INFO     | t=5326.0: TRACK[retrofit] → Removed 2 wagons (37.9m freed)
15:20:08 | INFO     | t=5326.0: DISPATCHER → Task submitted: retrofit_to_workshop (pending=3)
15:20:08 | INFO     | t=5333.0: LOCO[LOCO_01] → COUPLING at retrofit (2.0 min)
15:20:08 | INFO     | t=5335.0: LOCO[LOCO_01] → SHUNTING_PREP at retrofit (1.0 min)
15:20:08 | INFO     | t=5341.0: LOCO[LOCO_01] → DECOUPLING at WS_01 (3.0 min)
15:20:08 | INFO     | t=5344.0: RAKE[W11261,W11259] → DECOUPLING at WS_01 (1 couplings, 3.0 min)
15:20:08 | INFO     | t=5347.0: WAGON[W11261] → RETROFIT_STARTED at WS_01
15:20:08 | INFO     | t=5347.0: WAGON[W11259] → RETROFIT_STARTED at WS_01
15:20:08 | INFO     | t=5352.0: DISPATCHER → Hold override for retrofitted_to_parking (waited 105.0 min >= max 45.0 min)
15:20:08 | INFO     | t=5352.0: DISPATCHER → Hold override for collection_to_retrofit (waited 43.0 min >= max 30.0 min)
15:20:08 | INFO     | t=5352.0: DISPATCHER → Assigned loco LOCO_01 to collection_to_retrofit (waited 43.0 min, pending=2)
15:20:08 | INFO     | t=5352.0: DISPATCHER → Hold override for retrofitted_to_parking (waited 105.0 min >= max 45.0 min)
15:20:08 | INFO     | t=5370.0: LOCO[LOCO_02] → DECOUPLING at retrofit (3.0 min)
15:20:08 | INFO     | t=5373.0: RAKE[W11254] → DECOUPLING at retrofit (0 couplings, 0.0 min)
15:20:08 | INFO     | t=5378.0: DISPATCHER → Hold override for retrofitted_to_parking (waited 131.0 min >= max 45.0 min)
15:20:08 | INFO     | t=5378.0: DISPATCHER → Assigned loco LOCO_02 to retrofit_to_workshop (waited 52.0 min, pending=1)
15:20:08 | INFO     | t=5378.0: DISPATCHER → Hold override for retrofitted_to_parking (waited 131.0 min >= max 45.0 min)
15:20:08 | INFO     | t=5378.0: RAKE[W8613,W6140] → COUPLING at retrofit (1 couplings, 2.0 min)
15:20:08 | INFO     | t=5378.0: Batch size limited by retrofit capacity: 3 wagons (39.8m) fits, 18 waiting
15:20:08 | INFO     | t=5378.0: WAGON[W5167] → Retrieved from retrofit queue
15:20:08 | INFO     | t=5378.0: WORKSHOP → No workshop available, waiting...
15:20:08 | INFO     | t=5378.0: COLLECTION → Reserving retrofit track capacity for 3 wagons
15:20:08 | INFO     | t=5378.0: COLLECTION → Capacity reserved, allocating locomotive
15:20:08 | INFO     | t=5378.0: DISPATCHER → Task submitted: collection_to_retrofit (pending=2)
15:20:08 | INFO     | t=5385.0: LOCO[LOCO_02] → COUPLING at retrofit (2.0 min)
15:20:08 | INFO     | t=5387.0: LOCO[LOCO_02] → SHUNTING_PREP at retrofit (1.0 min)
15:20:08 | INFO     | t=5393.0: LOCO[LOCO_02] → DECOUPLING at WS_02 (3.0 min)
15:20:08 | INFO     | t=5396.0: RAKE[W8613,W6140] → DECOUPLING at WS_02 (1 couplings, 3.0 min)
15:20:08 | INFO     | EVENT_PUBLISHED: TrainArrivedEvent | train=T74 | time=5397.8
15:20:08 | INFO     | EVENT_HANDLING: TrainArrivedEvent -> RetrofitWorkshopContext._handle_train_arrived
15:20:08 | INFO     | EVENT_HANDLED: TrainArrivedEvent by RetrofitWorkshopContext._handle_train_arrived
15:20:08 | INFO     | t=5399.0: WAGON[W8613] → RETROFIT_STARTED at WS_02
15:20:08 | INFO     | t=5399.0: WAGON[W6140] → RETROFIT_STARTED at WS_02
15:20:08 | INFO     | EVENT_PUBLISHED: TrainArrivedEvent | train=T75 | time=5403.8
15:20:08 | INFO     | EVENT_HANDLING: TrainArrivedEvent -> RetrofitWorkshopContext._handle_train_arrived
15:20:08 | INFO     | EVENT_HANDLED: TrainArrivedEvent by RetrofitWorkshopContext._handle_train_arrived
15:20:08 | INFO     | t=5404.0: DISPATCHER → Hold override for retrofitted_to_parking (waited 157.0 min >= max 45.0 min)
15:20:08 | INFO     | t=5404.0: DISPATCHER → Assigned loco LOCO_02 to retrofitted_to_parking (waited 157.0 min, pending=1)
15:20:08 | INFO     | t=5404.0: LOCO[LOCO_02] → Allocated for parking transport
15:20:08 | INFO     | t=5407.0: RAKE[W11261,W11259] → COUPLING at WS_01 (1 couplings, 0.5 min)
15:20:08 | INFO     | t=5407.5: LOCO → Allocating for pickup from WS_01
15:20:08 | INFO     | t=5407.5: DISPATCHER → Task submitted: workshop_to_retrofitted (pending=2)
15:20:08 | INFO     | t=5409.0: LOCO[LOCO_02] → TRAIN_PREP at retrofitted (coupling + prep, 3.0 min)
15:20:08 | INFO     | t=5412.0: LOCO[LOCO_01] → TRAIN_PREP at collection (coupling + prep, 3.0 min)
15:20:08 | INFO     | t=5459.0: RAKE[W8613,W6140] → COUPLING at WS_02 (1 couplings, 0.5 min)
15:20:08 | INFO     | t=5459.5: LOCO → Allocating for pickup from WS_02
15:20:08 | INFO     | t=5459.5: DISPATCHER → Task submitted: workshop_to_retrofitted (pending=3)
15:20:08 | INFO     | EVENT_PUBLISHED: TrainArrivedEvent | train=T76 | time=5465.2
15:20:08 | INFO     | EVENT_HANDLING: TrainArrivedEvent -> RetrofitWorkshopContext._handle_train_arrived
15:20:08 | INFO     | EVENT_HANDLED: TrainArrivedEvent by RetrofitWorkshopContext._handle_train_arrived
15:20:08 | INFO     | EVENT_PUBLISHED: TrainArrivedEvent | train=T77 | time=5470.2
15:20:08 | INFO     | EVENT_HANDLING: TrainArrivedEvent -> RetrofitWorkshopContext._handle_train_arrived
15:20:08 | INFO     | EVENT_HANDLED: TrainArrivedEvent by RetrofitWorkshopContext._handle_train_arrived
15:20:08 | INFO     | t=5475.0: LOCO[LOCO_01] → DECOUPLING at retrofit (3.0 min)
15:20:08 | INFO     | EVENT_PUBLISHED: TrainArrivedEvent | train=T78 | time=5477.2
15:20:08 | INFO     | EVENT_HANDLING: TrainArrivedEvent -> RetrofitWorkshopContext._handle_train_arrived
15:20:08 | INFO     | EVENT_HANDLED: TrainArrivedEvent by RetrofitWorkshopContext._handle_train_arrived
15:20:08 | INFO     | t=5478.0: RAKE[W11766] → DECOUPLING at retrofit (0 couplings, 0.0 min)
15:20:08 | INFO     | t=5483.0: Batch size limited by retrofit capacity: 1 wagons (12.0m) fits, 23 waiting
15:20:08 | INFO     | t=5483.0: DISPATCHER → Hold override for collection_to_retrofit (waited 105.0 min >= max 30.0 min)
15:20:08 | INFO     | t=5483.0: DISPATCHER → Assigned loco LOCO_01 to collection_to_retrofit (waited 105.0 min, pending=2)
15:20:08 | INFO     | t=5483.0: COLLECTION → Reserving retrofit track capacity for 1 wagons
15:20:08 | INFO     | EVENT_PUBLISHED: TrainArrivedEvent | train=T79 | time=5517.8
15:20:08 | INFO     | EVENT_HANDLING: TrainArrivedEvent -> RetrofitWorkshopContext._handle_train_arrived
15:20:08 | INFO     | EVENT_HANDLED: TrainArrivedEvent by RetrofitWorkshopContext._handle_train_arrived
15:20:08 | INFO     | t=5532.0: LOCO[LOCO_02] → DECOUPLING at parking16 (2.0 min)
15:20:08 | INFO     | t=5534.0: RAKE[W12210,W8636,W3173,W10949] → DECOUPLING at parking16 (3 couplings, 1.5 min)
15:20:08 | INFO     | t=5543.0: LOCO[LOCO_01] → TRAIN_PREP at collection (coupling + prep, 7.0 min)
15:20:08 | INFO     | EVENT_PUBLISHED: TrainArrivedEvent | train=T80 | time=5557.0
15:20:08 | INFO     | EVENT_HANDLING: TrainArrivedEvent -> RetrofitWorkshopContext._handle_train_arrived
15:20:08 | INFO     | EVENT_HANDLED: TrainArrivedEvent by RetrofitWorkshopContext._handle_train_arrived
15:20:08 | INFO     | EVENT_PUBLISHED: TrainArrivedEvent | train=T81 | time=5566.2
15:20:08 | INFO     | EVENT_HANDLING: TrainArrivedEvent -> RetrofitWorkshopContext._handle_train_arrived
15:20:08 | INFO     | EVENT_HANDLED: TrainArrivedEvent by RetrofitWorkshopContext._handle_train_arrived
15:20:08 | INFO     | t=5595.5: LOCO[LOCO_02] → Releasing
15:20:08 | INFO     | t=5595.5: LOCO[LOCO_02] → Released
15:20:08 | INFO     | t=5595.5: PARKING → Got wagon W8631 from retrofitted
15:20:08 | INFO     | t=5595.5: DISPATCHER → Assigned loco LOCO_02 to workshop_to_retrofitted (waited 188.0 min, pending=1)
15:20:08 | INFO     | t=5595.5: LOCO[LOCO_02] → Allocated for pickup
15:20:08 | INFO     | t=5595.5: LOCO → Allocating for parking transport
15:20:08 | INFO     | t=5595.5: DISPATCHER → Task submitted: retrofitted_to_parking (pending=2)
15:20:08 | INFO     | t=5602.5: LOCO[LOCO_02] → TRAIN_PREP completed at WS_01 (2.0 min)
15:20:08 | INFO     | t=5607.5: BATCH → Putting 2 wagons on retrofitted track retrofitted
15:20:08 | INFO     | t=5607.5: WAGON[W11261] → Added to retrofitted track retrofitted
15:20:08 | INFO     | t=5607.5: WAGON[W11259] → Added to retrofitted track retrofitted
15:20:08 | INFO     | t=5610.0: LOCO[LOCO_01] → DECOUPLING at retrofit (9.0 min)
15:20:08 | INFO     | t=5612.5: WORKSHOP[WS_01] → Released, notifying 1 waiting processes
15:20:08 | INFO     | t=5612.5: WORKSHOP → Workshop became available
15:20:08 | INFO     | t=5612.5: WORKSHOP[WS_01] → Selected for batch
15:20:08 | INFO     | t=5612.5: DISPATCHER → Assigned loco LOCO_02 to workshop_to_retrofitted (waited 153.0 min, pending=1)
15:20:08 | INFO     | t=5612.5: WAGON[W10364] → Added to batch
15:20:08 | INFO     | t=5612.5: BATCH[W5167,W10364] → Formed 2 wagons for WS_01
15:20:08 | INFO     | t=5612.5: LOCO[LOCO_02] → Allocated for pickup
15:20:08 | INFO     | t=5612.5: TRACK[retrofit] → Removed 2 wagons (36.3m freed)
15:20:08 | INFO     | t=5612.5: DISPATCHER → Task submitted: retrofit_to_workshop (pending=2)
15:20:08 | INFO     | t=5612.5: COLLECTION → Capacity reserved, allocating locomotive
15:20:08 | INFO     | t=5612.5: DISPATCHER → Task submitted: collection_to_retrofit (pending=3)
15:20:08 | INFO     | t=5619.0: RAKE[W10878,W10889,W5978] → DECOUPLING at retrofit (2 couplings, 6.0 min)
15:20:08 | INFO     | t=5619.5: LOCO[LOCO_02] → TRAIN_PREP completed at WS_02 (2.0 min)
15:20:08 | INFO     | t=5624.5: BATCH → Putting 2 wagons on retrofitted track retrofitted
15:20:08 | INFO     | t=5624.5: WAGON[W8613] → Added to retrofitted track retrofitted
15:20:08 | INFO     | t=5624.5: WAGON[W6140] → Added to retrofitted track retrofitted
15:20:08 | INFO     | t=5629.5: WORKSHOP[WS_02] → Released, notifying 0 waiting processes
15:20:08 | INFO     | t=5629.5: DISPATCHER → Assigned loco LOCO_02 to retrofit_to_workshop (waited 17.0 min, pending=2)
15:20:08 | INFO     | t=5629.5: RAKE[W5167,W10364] → COUPLING at retrofit (1 couplings, 2.0 min)
15:20:08 | INFO     | t=5629.5: WAGON[W4666] → Retrieved from retrofit queue
15:20:08 | INFO     | t=5629.5: WORKSHOP[WS_02] → Selected for batch
15:20:08 | INFO     | t=5629.5: WAGON[W11269] → Added to batch
15:20:08 | INFO     | t=5629.5: BATCH[W4666,W11269] → Formed 2 wagons for WS_02
15:20:08 | INFO     | t=5629.5: TRACK[retrofit] → Removed 2 wagons (35.1m freed)
15:20:08 | INFO     | t=5629.5: DISPATCHER → Task submitted: retrofit_to_workshop (pending=3)
15:20:08 | INFO     | t=5630.0: DISPATCHER → Assigned loco LOCO_01 to collection_to_retrofit (waited 17.5 min, pending=2)
15:20:08 | INFO     | t=5630.0: Batch size limited by retrofit capacity: 3 wagons (56.1m) fits, 17 waiting
15:20:08 | INFO     | t=5630.0: COLLECTION → Reserving retrofit track capacity for 3 wagons
15:20:08 | INFO     | t=5630.0: COLLECTION → Capacity reserved, allocating locomotive
15:20:08 | INFO     | t=5630.0: DISPATCHER → Task submitted: collection_to_retrofit (pending=3)
15:20:08 | INFO     | t=5636.5: LOCO[LOCO_02] → COUPLING at retrofit (2.0 min)
15:20:08 | INFO     | t=5638.5: LOCO[LOCO_02] → SHUNTING_PREP at retrofit (1.0 min)
15:20:08 | INFO     | t=5644.5: LOCO[LOCO_02] → DECOUPLING at WS_01 (3.0 min)
15:20:08 | INFO     | t=5647.5: RAKE[W5167,W10364] → DECOUPLING at WS_01 (1 couplings, 3.0 min)
15:20:08 | INFO     | t=5650.5: WAGON[W5167] → RETROFIT_STARTED at WS_01
15:20:08 | INFO     | t=5650.5: WAGON[W10364] → RETROFIT_STARTED at WS_01
15:20:08 | INFO     | t=5655.5: DISPATCHER → Hold override for retrofitted_to_parking (waited 60.0 min >= max 45.0 min)
15:20:08 | INFO     | t=5655.5: DISPATCHER → Assigned loco LOCO_02 to retrofit_to_workshop (waited 26.0 min, pending=2)
15:20:08 | INFO     | t=5655.5: DISPATCHER → Hold override for retrofitted_to_parking (waited 60.0 min >= max 45.0 min)
15:20:08 | INFO     | t=5655.5: RAKE[W4666,W11269] → COUPLING at retrofit (1 couplings, 2.0 min)
15:20:08 | INFO     | t=5655.5: WAGON[W3811] → Retrieved from retrofit queue
15:20:08 | INFO     | t=5655.5: WORKSHOP → No workshop available, waiting...
15:20:08 | INFO     | t=5662.5: LOCO[LOCO_02] → COUPLING at retrofit (2.0 min)
15:20:08 | INFO     | t=5664.5: LOCO[LOCO_02] → SHUNTING_PREP at retrofit (1.0 min)
15:20:08 | INFO     | t=5670.5: LOCO[LOCO_02] → DECOUPLING at WS_02 (3.0 min)
15:20:08 | INFO     | t=5673.5: RAKE[W4666,W11269] → DECOUPLING at WS_02 (1 couplings, 3.0 min)
15:20:08 | INFO     | t=5676.5: WAGON[W4666] → RETROFIT_STARTED at WS_02
15:20:08 | INFO     | t=5676.5: WAGON[W11269] → RETROFIT_STARTED at WS_02
15:20:08 | INFO     | t=5681.5: DISPATCHER → Hold override for retrofitted_to_parking (waited 86.0 min >= max 45.0 min)
15:20:08 | INFO     | t=5681.5: DISPATCHER → Hold override for collection_to_retrofit (waited 51.5 min >= max 30.0 min)
15:20:08 | INFO     | t=5681.5: DISPATCHER → Assigned loco LOCO_02 to collection_to_retrofit (waited 51.5 min, pending=1)
15:20:08 | INFO     | t=5681.5: DISPATCHER → Hold override for retrofitted_to_parking (waited 86.0 min >= max 45.0 min)
15:20:08 | INFO     | t=5690.0: LOCO[LOCO_01] → TRAIN_PREP at collection (coupling + prep, 3.0 min)
15:20:08 | INFO     | t=5710.5: RAKE[W5167,W10364] → COUPLING at WS_01 (1 couplings, 0.5 min)
15:20:08 | INFO     | t=5711.0: LOCO → Allocating for pickup from WS_01
15:20:08 | INFO     | t=5711.0: DISPATCHER → Task submitted: workshop_to_retrofitted (pending=2)
15:20:08 | INFO     | EVENT_PUBLISHED: TrainArrivedEvent | train=T82 | time=5724.0
15:20:08 | INFO     | EVENT_HANDLING: TrainArrivedEvent -> RetrofitWorkshopContext._handle_train_arrived
15:20:08 | INFO     | EVENT_HANDLED: TrainArrivedEvent by RetrofitWorkshopContext._handle_train_arrived
15:20:08 | INFO     | t=5736.5: RAKE[W4666,W11269] → COUPLING at WS_02 (1 couplings, 0.5 min)
15:20:08 | INFO     | t=5737.0: LOCO → Allocating for pickup from WS_02
15:20:08 | INFO     | t=5737.0: DISPATCHER → Task submitted: workshop_to_retrofitted (pending=3)
15:20:08 | INFO     | t=5741.5: LOCO[LOCO_02] → TRAIN_PREP at collection (coupling + prep, 7.0 min)
15:20:08 | INFO     | t=5753.0: LOCO[LOCO_01] → DECOUPLING at retrofit (3.0 min)
15:20:08 | INFO     | t=5756.0: RAKE[W4793] → DECOUPLING at retrofit (0 couplings, 0.0 min)
15:20:08 | INFO     | EVENT_PUBLISHED: TrainArrivedEvent | train=T83 | time=5758.0
15:20:08 | INFO     | EVENT_HANDLING: TrainArrivedEvent -> RetrofitWorkshopContext._handle_train_arrived
15:20:08 | INFO     | EVENT_HANDLED: TrainArrivedEvent by RetrofitWorkshopContext._handle_train_arrived
15:20:08 | INFO     | t=5761.0: Batch size limited by retrofit capacity: 1 wagons (13.2m) fits, 23 waiting
15:20:08 | INFO     | t=5761.0: DISPATCHER → Hold override for retrofitted_to_parking (waited 165.5 min >= max 45.0 min)
15:20:08 | INFO     | t=5761.0: DISPATCHER → Assigned loco LOCO_01 to workshop_to_retrofitted (waited 50.0 min, pending=2)
15:20:08 | INFO     | t=5761.0: DISPATCHER → Hold override for retrofitted_to_parking (waited 165.5 min >= max 45.0 min)
15:20:08 | INFO     | t=5761.0: COLLECTION → Reserving retrofit track capacity for 1 wagons
15:20:08 | INFO     | t=5761.0: LOCO[LOCO_01] → Allocated for pickup
15:20:08 | INFO     | EVENT_PUBLISHED: TrainArrivedEvent | train=T84 | time=5768.0
15:20:08 | INFO     | EVENT_HANDLING: TrainArrivedEvent -> RetrofitWorkshopContext._handle_train_arrived
15:20:08 | INFO     | EVENT_HANDLED: TrainArrivedEvent by RetrofitWorkshopContext._handle_train_arrived
15:20:08 | INFO     | t=5768.0: LOCO[LOCO_01] → TRAIN_PREP completed at WS_01 (2.0 min)
15:20:08 | INFO     | t=5773.0: BATCH → Putting 2 wagons on retrofitted track retrofitted
15:20:08 | INFO     | t=5773.0: WAGON[W5167] → Added to retrofitted track retrofitted
15:20:08 | INFO     | t=5773.0: WAGON[W10364] → Added to retrofitted track retrofitted
15:20:08 | INFO     | EVENT_PUBLISHED: TrainArrivedEvent | train=T85 | time=5775.2
15:20:08 | INFO     | EVENT_HANDLING: TrainArrivedEvent -> RetrofitWorkshopContext._handle_train_arrived
15:20:08 | INFO     | EVENT_HANDLED: TrainArrivedEvent by RetrofitWorkshopContext._handle_train_arrived
15:20:08 | INFO     | t=5778.0: WORKSHOP[WS_01] → Released, notifying 1 waiting processes
15:20:08 | INFO     | t=5778.0: WORKSHOP → Workshop became available
15:20:08 | INFO     | t=5778.0: WORKSHOP[WS_01] → Selected for batch
15:20:08 | INFO     | t=5778.0: DISPATCHER → Hold override for retrofitted_to_parking (waited 182.5 min >= max 45.0 min)
15:20:08 | INFO     | t=5778.0: DISPATCHER → Assigned loco LOCO_01 to retrofitted_to_parking (waited 182.5 min, pending=1)
15:20:08 | INFO     | t=5778.0: WAGON[W6077] → Added to batch
15:20:08 | INFO     | t=5778.0: BATCH[W3811,W6077] → Formed 2 wagons for WS_01
15:20:08 | INFO     | t=5778.0: LOCO[LOCO_01] → Allocated for parking transport
15:20:08 | INFO     | t=5778.0: TRACK[retrofit] → Removed 2 wagons (33.9m freed)
15:20:08 | INFO     | t=5778.0: DISPATCHER → Task submitted: retrofit_to_workshop (pending=2)
15:20:08 | INFO     | t=5778.0: COLLECTION → Capacity reserved, allocating locomotive
15:20:08 | INFO     | t=5778.0: DISPATCHER → Task submitted: collection_to_retrofit (pending=3)
15:20:08 | INFO     | t=5783.0: LOCO[LOCO_01] → TRAIN_PREP at retrofitted (coupling + prep, 3.0 min)
15:20:08 | INFO     | t=5808.5: LOCO[LOCO_02] → DECOUPLING at retrofit (9.0 min)
15:20:08 | INFO     | t=5817.5: RAKE[W7261,W4726,W8705] → DECOUPLING at retrofit (2 couplings, 6.0 min)
15:20:08 | INFO     | EVENT_PUBLISHED: TrainArrivedEvent | train=T86 | time=5822.2
15:20:08 | INFO     | EVENT_HANDLING: TrainArrivedEvent -> RetrofitWorkshopContext._handle_train_arrived
15:20:08 | INFO     | EVENT_HANDLED: TrainArrivedEvent by RetrofitWorkshopContext._handle_train_arrived
15:20:08 | INFO     | t=5828.5: Batch size limited by retrofit capacity: 1 wagons (16.4m) fits, 18 waiting
15:20:08 | INFO     | t=5828.5: DISPATCHER → Hold override for collection_to_retrofit (waited 50.5 min >= max 30.0 min)
15:20:08 | INFO     | t=5828.5: DISPATCHER → Assigned loco LOCO_02 to retrofit_to_workshop (waited 50.5 min, pending=2)
15:20:08 | INFO     | t=5828.5: COLLECTION → Reserving retrofit track capacity for 1 wagons
15:20:08 | INFO     | t=5828.5: RAKE[W3811,W6077] → COUPLING at retrofit (1 couplings, 2.0 min)
15:20:08 | INFO     | t=5828.5: COLLECTION → Capacity reserved, allocating locomotive
15:20:08 | INFO     | t=5828.5: DISPATCHER → Task submitted: collection_to_retrofit (pending=3)
15:20:08 | INFO     | t=5828.5: WAGON[W2926] → Retrieved from retrofit queue
15:20:08 | INFO     | t=5828.5: WORKSHOP → No workshop available, waiting...
15:20:08 | INFO     | t=5835.5: LOCO[LOCO_02] → COUPLING at retrofit (2.0 min)
15:20:08 | INFO     | t=5837.5: LOCO[LOCO_02] → SHUNTING_PREP at retrofit (1.0 min)
15:20:08 | INFO     | t=5843.5: LOCO[LOCO_02] → DECOUPLING at WS_01 (3.0 min)
15:20:08 | INFO     | t=5846.5: RAKE[W3811,W6077] → DECOUPLING at WS_01 (1 couplings, 3.0 min)
15:20:08 | INFO     | t=5849.5: WAGON[W3811] → RETROFIT_STARTED at WS_01
15:20:08 | INFO     | t=5849.5: WAGON[W6077] → RETROFIT_STARTED at WS_01
15:20:08 | INFO     | EVENT_PUBLISHED: TrainArrivedEvent | train=T87 | time=5850.2
15:20:08 | INFO     | EVENT_HANDLING: TrainArrivedEvent -> RetrofitWorkshopContext._handle_train_arrived
15:20:08 | INFO     | EVENT_HANDLED: TrainArrivedEvent by RetrofitWorkshopContext._handle_train_arrived
15:20:08 | INFO     | t=5854.5: DISPATCHER → Hold override for collection_to_retrofit (waited 76.5 min >= max 30.0 min)
15:20:08 | INFO     | t=5854.5: DISPATCHER → Assigned loco LOCO_02 to collection_to_retrofit (waited 76.5 min, pending=2)
15:20:08 | INFO     | EVENT_PUBLISHED: TrainArrivedEvent | train=T88 | time=5903.5
15:20:08 | INFO     | EVENT_HANDLING: TrainArrivedEvent -> RetrofitWorkshopContext._handle_train_arrived
15:20:08 | INFO     | EVENT_HANDLED: TrainArrivedEvent by RetrofitWorkshopContext._handle_train_arrived
15:20:08 | INFO     | t=5906.0: LOCO[LOCO_01] → DECOUPLING at parking16 (2.0 min)
15:20:08 | INFO     | t=5908.0: RAKE[W8631,W9392,W5038,W9274] → DECOUPLING at parking16 (3 couplings, 1.5 min)
15:20:08 | INFO     | t=5909.5: RAKE[W3811,W6077] → COUPLING at WS_01 (1 couplings, 0.5 min)
15:20:08 | INFO     | t=5910.0: LOCO → Allocating for pickup from WS_01
15:20:08 | INFO     | t=5910.0: DISPATCHER → Task submitted: workshop_to_retrofitted (pending=3)
15:20:08 | INFO     | t=5914.5: LOCO[LOCO_02] → TRAIN_PREP at collection (coupling + prep, 3.0 min)
15:20:08 | INFO     | EVENT_PUBLISHED: TrainArrivedEvent | train=T89 | time=5923.8
15:20:08 | INFO     | EVENT_HANDLING: TrainArrivedEvent -> RetrofitWorkshopContext._handle_train_arrived
15:20:08 | INFO     | EVENT_HANDLED: TrainArrivedEvent by RetrofitWorkshopContext._handle_train_arrived
15:20:08 | INFO     | t=5969.5: LOCO[LOCO_01] → Releasing
15:20:08 | INFO     | t=5969.5: LOCO[LOCO_01] → Released
15:20:08 | INFO     | t=5969.5: PARKING → Got wagon W11261 from retrofitted
15:20:08 | INFO     | t=5969.5: DISPATCHER → Hold override for collection_to_retrofit (waited 141.0 min >= max 30.0 min)
15:20:08 | INFO     | t=5969.5: DISPATCHER → Assigned loco LOCO_01 to collection_to_retrofit (waited 141.0 min, pending=2)
15:20:08 | INFO     | t=5969.5: LOCO → Allocating for parking transport
15:20:08 | INFO     | t=5969.5: DISPATCHER → Task submitted: retrofitted_to_parking (pending=3)
15:20:08 | INFO     | t=5977.5: LOCO[LOCO_02] → DECOUPLING at retrofit (3.0 min)
15:20:08 | INFO     | t=5980.5: RAKE[W7263] → DECOUPLING at retrofit (0 couplings, 0.0 min)
15:20:08 | INFO     | t=5985.5: Batch size limited by retrofit capacity: 1 wagons (14.0m) fits, 23 waiting
15:20:08 | INFO     | t=5985.5: DISPATCHER → Assigned loco LOCO_02 to workshop_to_retrofitted (waited 248.5 min, pending=2)
15:20:08 | INFO     | t=5985.5: COLLECTION → Reserving retrofit track capacity for 1 wagons
15:20:08 | INFO     | t=5985.5: LOCO[LOCO_02] → Allocated for pickup
15:20:08 | INFO     | t=5985.5: COLLECTION → Capacity reserved, allocating locomotive
15:20:08 | INFO     | t=5985.5: DISPATCHER → Task submitted: collection_to_retrofit (pending=3)
15:20:08 | INFO     | t=5992.5: LOCO[LOCO_02] → TRAIN_PREP completed at WS_02 (2.0 min)
15:20:08 | INFO     | t=5997.5: BATCH → Putting 2 wagons on retrofitted track retrofitted
15:20:08 | INFO     | t=5997.5: WAGON[W4666] → Added to retrofitted track retrofitted
15:20:08 | INFO     | t=5997.5: WAGON[W11269] → Added to retrofitted track retrofitted
15:20:08 | INFO     | t=6002.5: WORKSHOP[WS_02] → Released, notifying 1 waiting processes
15:20:08 | INFO     | t=6002.5: WORKSHOP → Workshop became available
15:20:08 | INFO     | t=6002.5: WORKSHOP[WS_02] → Selected for batch
15:20:08 | INFO     | t=6002.5: DISPATCHER → Assigned loco LOCO_02 to workshop_to_retrofitted (waited 92.5 min, pending=2)
15:20:08 | INFO     | t=6002.5: WAGON[W5391] → Added to batch
15:20:08 | INFO     | t=6002.5: BATCH[W2926,W5391] → Formed 2 wagons for WS_02
15:20:08 | INFO     | t=6002.5: LOCO[LOCO_02] → Allocated for pickup
15:20:08 | INFO     | t=6002.5: TRACK[retrofit] → Removed 2 wagons (39.7m freed)
15:20:08 | INFO     | t=6002.5: DISPATCHER → Task submitted: retrofit_to_workshop (pending=3)
15:20:08 | INFO     | t=6009.5: LOCO[LOCO_02] → TRAIN_PREP completed at WS_01 (2.0 min)
15:20:08 | INFO     | t=6014.5: BATCH → Putting 2 wagons on retrofitted track retrofitted
15:20:08 | INFO     | t=6014.5: WAGON[W3811] → Added to retrofitted track retrofitted
15:20:08 | INFO     | t=6014.5: WAGON[W6077] → Added to retrofitted track retrofitted
15:20:08 | INFO     | t=6019.5: WORKSHOP[WS_01] → Released, notifying 0 waiting processes
15:20:08 | INFO     | t=6019.5: DISPATCHER → Hold override for retrofitted_to_parking (waited 50.0 min >= max 45.0 min)
15:20:08 | INFO     | t=6019.5: DISPATCHER → Hold override for collection_to_retrofit (waited 34.0 min >= max 30.0 min)
15:20:08 | INFO     | t=6019.5: DISPATCHER → Assigned loco LOCO_02 to collection_to_retrofit (waited 34.0 min, pending=2)
15:20:08 | INFO     | t=6019.5: DISPATCHER → Hold override for retrofitted_to_parking (waited 50.0 min >= max 45.0 min)
15:20:08 | INFO     | t=6029.5: LOCO[LOCO_01] → TRAIN_PREP at collection (coupling + prep, 3.0 min)
15:20:08 | INFO     | EVENT_PUBLISHED: TrainArrivedEvent | train=T90 | time=6067.5
15:20:08 | INFO     | EVENT_HANDLING: TrainArrivedEvent -> RetrofitWorkshopContext._handle_train_arrived
15:20:08 | INFO     | EVENT_HANDLED: TrainArrivedEvent by RetrofitWorkshopContext._handle_train_arrived
15:20:08 | INFO     | t=6079.5: LOCO[LOCO_02] → TRAIN_PREP at collection (coupling + prep, 3.0 min)
15:20:08 | INFO     | t=6092.5: LOCO[LOCO_01] → DECOUPLING at retrofit (3.0 min)
15:20:08 | INFO     | t=6095.5: RAKE[W5127] → DECOUPLING at retrofit (0 couplings, 0.0 min)
15:20:08 | INFO     | t=6100.5: DISPATCHER → Hold override for retrofitted_to_parking (waited 131.0 min >= max 45.0 min)
15:20:08 | INFO     | t=6100.5: DISPATCHER → Assigned loco LOCO_01 to retrofit_to_workshop (waited 98.0 min, pending=1)
15:20:08 | INFO     | t=6100.5: DISPATCHER → Hold override for retrofitted_to_parking (waited 131.0 min >= max 45.0 min)
15:20:08 | INFO     | t=6100.5: Batch size limited by retrofit capacity: 2 wagons (40.7m) fits, 17 waiting
15:20:08 | INFO     | t=6100.5: RAKE[W2926,W5391] → COUPLING at retrofit (1 couplings, 2.0 min)
15:20:08 | INFO     | t=6100.5: COLLECTION → Reserving retrofit track capacity for 2 wagons
15:20:08 | INFO     | t=6100.5: WAGON[W6682] → Retrieved from retrofit queue
15:20:08 | INFO     | t=6100.5: WORKSHOP[WS_01] → Selected for batch
15:20:08 | INFO     | t=6100.5: COLLECTION → Capacity reserved, allocating locomotive
15:20:08 | INFO     | t=6100.5: DISPATCHER → Task submitted: collection_to_retrofit (pending=2)
15:20:08 | INFO     | t=6100.5: WAGON[W11320] → Added to batch
15:20:08 | INFO     | t=6100.5: BATCH[W6682,W11320] → Formed 2 wagons for WS_01
15:20:08 | INFO     | t=6100.5: TRACK[retrofit] → Removed 2 wagons (30.7m freed)
15:20:08 | INFO     | t=6100.5: DISPATCHER → Task submitted: retrofit_to_workshop (pending=3)
15:20:08 | INFO     | t=6107.5: LOCO[LOCO_01] → COUPLING at retrofit (2.0 min)
15:20:08 | INFO     | t=6109.5: LOCO[LOCO_01] → SHUNTING_PREP at retrofit (1.0 min)
15:20:08 | INFO     | t=6115.5: LOCO[LOCO_01] → DECOUPLING at WS_02 (3.0 min)
15:20:08 | INFO     | t=6118.5: RAKE[W2926,W5391] → DECOUPLING at WS_02 (1 couplings, 3.0 min)
15:20:08 | INFO     | t=6121.5: WAGON[W2926] → RETROFIT_STARTED at WS_02
15:20:08 | INFO     | t=6121.5: WAGON[W5391] → RETROFIT_STARTED at WS_02
15:20:08 | INFO     | t=6126.5: DISPATCHER → Hold override for retrofitted_to_parking (waited 157.0 min >= max 45.0 min)
15:20:08 | INFO     | t=6126.5: DISPATCHER → Assigned loco LOCO_01 to retrofit_to_workshop (waited 26.0 min, pending=2)
15:20:08 | INFO     | t=6126.5: DISPATCHER → Hold override for retrofitted_to_parking (waited 157.0 min >= max 45.0 min)
15:20:08 | INFO     | t=6126.5: RAKE[W6682,W11320] → COUPLING at retrofit (1 couplings, 2.0 min)
15:20:08 | INFO     | t=6126.5: WAGON[W0623] → Retrieved from retrofit queue
15:20:08 | INFO     | t=6126.5: WORKSHOP → No workshop available, waiting...
15:20:08 | INFO     | t=6133.5: LOCO[LOCO_01] → COUPLING at retrofit (2.0 min)
15:20:08 | INFO     | t=6135.5: LOCO[LOCO_01] → SHUNTING_PREP at retrofit (1.0 min)
15:20:08 | INFO     | t=6141.5: LOCO[LOCO_01] → DECOUPLING at WS_01 (3.0 min)
15:20:08 | INFO     | t=6142.5: LOCO[LOCO_02] → DECOUPLING at retrofit (3.0 min)
15:20:08 | INFO     | t=6144.5: RAKE[W6682,W11320] → DECOUPLING at WS_01 (1 couplings, 3.0 min)
15:20:08 | INFO     | t=6145.5: RAKE[W6339] → DECOUPLING at retrofit (0 couplings, 0.0 min)
15:20:08 | INFO     | t=6147.5: WAGON[W6682] → RETROFIT_STARTED at WS_01
15:20:08 | INFO     | t=6147.5: WAGON[W11320] → RETROFIT_STARTED at WS_01
15:20:08 | INFO     | t=6150.5: DISPATCHER → Hold override for retrofitted_to_parking (waited 181.0 min >= max 45.0 min)
15:20:08 | INFO     | t=6150.5: DISPATCHER → Hold override for collection_to_retrofit (waited 50.0 min >= max 30.0 min)
15:20:08 | INFO     | t=6150.5: DISPATCHER → Assigned loco LOCO_02 to collection_to_retrofit (waited 50.0 min, pending=1)
15:20:08 | INFO     | t=6150.5: DISPATCHER → Hold override for retrofitted_to_parking (waited 181.0 min >= max 45.0 min)
15:20:08 | INFO     | t=6150.5: Batch size limited by retrofit capacity: 2 wagons (26.0m) fits, 21 waiting
15:20:08 | INFO     | t=6150.5: COLLECTION → Reserving retrofit track capacity for 2 wagons
15:20:08 | INFO     | t=6150.5: COLLECTION → Capacity reserved, allocating locomotive
15:20:08 | INFO     | t=6150.5: DISPATCHER → Task submitted: collection_to_retrofit (pending=2)
15:20:08 | INFO     | t=6152.5: DISPATCHER → Hold override for retrofitted_to_parking (waited 183.0 min >= max 45.0 min)
15:20:08 | INFO     | t=6152.5: DISPATCHER → Assigned loco LOCO_01 to retrofitted_to_parking (waited 183.0 min, pending=1)
15:20:08 | INFO     | t=6152.5: LOCO[LOCO_01] → Allocated for parking transport
15:20:08 | INFO     | t=6157.5: LOCO[LOCO_01] → TRAIN_PREP at retrofitted (coupling + prep, 4.0 min)
15:20:08 | INFO     | t=6181.5: RAKE[W2926,W5391] → COUPLING at WS_02 (1 couplings, 0.5 min)
15:20:08 | INFO     | t=6182.0: LOCO → Allocating for pickup from WS_02
15:20:08 | INFO     | t=6182.0: DISPATCHER → Task submitted: workshop_to_retrofitted (pending=2)
15:20:08 | INFO     | t=6182.0: DISPATCHER → Hold override for collection_to_retrofit (waited 31.5 min >= max 30.0 min)
15:20:08 | INFO     | t=6207.5: RAKE[W6682,W11320] → COUPLING at WS_01 (1 couplings, 0.5 min)
15:20:08 | INFO     | t=6208.0: LOCO → Allocating for pickup from WS_01
15:20:08 | INFO     | t=6208.0: DISPATCHER → Task submitted: workshop_to_retrofitted (pending=3)
15:20:08 | INFO     | t=6210.5: LOCO[LOCO_02] → TRAIN_PREP at collection (coupling + prep, 5.0 min)
15:20:08 | INFO     | t=6275.5: LOCO[LOCO_02] → DECOUPLING at retrofit (6.0 min)
15:20:08 | INFO     | t=6281.5: LOCO[LOCO_01] → DECOUPLING at parking16 (3.0 min)
15:20:08 | INFO     | t=6281.5: RAKE[W5057,W4522] → DECOUPLING at retrofit (1 couplings, 3.0 min)
15:20:08 | INFO     | t=6284.5: RAKE[W11261,W11259,W8613,W6140,W5167,W10364] → DECOUPLING at parking16 (5 couplings, 2.5 min)
15:20:08 | INFO     | t=6289.5: Batch size limited by retrofit capacity: 1 wagons (19.9m) fits, 16 waiting
15:20:08 | INFO     | t=6289.5: DISPATCHER → Hold override for collection_to_retrofit (waited 139.0 min >= max 30.0 min)
15:20:08 | INFO     | t=6289.5: DISPATCHER → Assigned loco LOCO_02 to collection_to_retrofit (waited 139.0 min, pending=2)
15:20:08 | INFO     | t=6289.5: COLLECTION → Reserving retrofit track capacity for 1 wagons
15:20:08 | INFO     | t=6347.0: LOCO[LOCO_01] → Releasing
15:20:08 | INFO     | t=6347.0: LOCO[LOCO_01] → Released
15:20:08 | INFO     | t=6347.0: PARKING → Got wagon W4666 from retrofitted
15:20:08 | INFO     | t=6347.0: DISPATCHER → Assigned loco LOCO_01 to workshop_to_retrofitted (waited 165.0 min, pending=1)
15:20:08 | INFO     | t=6347.0: LOCO[LOCO_01] → Allocated for pickup
15:20:08 | INFO     | t=6347.0: LOCO → Allocating for parking transport
15:20:08 | INFO     | t=6347.0: DISPATCHER → Task submitted: retrofitted_to_parking (pending=2)
15:20:08 | INFO     | t=6349.5: LOCO[LOCO_02] → TRAIN_PREP at collection (coupling + prep, 5.0 min)
15:20:08 | INFO     | t=6354.0: LOCO[LOCO_01] → TRAIN_PREP completed at WS_02 (2.0 min)
15:20:08 | INFO     | t=6359.0: BATCH → Putting 2 wagons on retrofitted track retrofitted
15:20:08 | INFO     | t=6359.0: WAGON[W2926] → Added to retrofitted track retrofitted
15:20:08 | INFO     | t=6359.0: WAGON[W5391] → Added to retrofitted track retrofitted
15:20:08 | INFO     | t=6364.0: WORKSHOP[WS_02] → Released, notifying 1 waiting processes
15:20:08 | INFO     | t=6364.0: WORKSHOP → Workshop became available
15:20:08 | INFO     | t=6364.0: WORKSHOP[WS_02] → Selected for batch
15:20:08 | INFO     | t=6364.0: DISPATCHER → Assigned loco LOCO_01 to workshop_to_retrofitted (waited 156.0 min, pending=1)
15:20:08 | INFO     | t=6364.0: WAGON[W5833] → Added to batch
15:20:08 | INFO     | t=6364.0: BATCH[W0623,W5833] → Formed 2 wagons for WS_02
15:20:08 | INFO     | t=6364.0: LOCO[LOCO_01] → Allocated for pickup
15:20:08 | INFO     | t=6364.0: TRACK[retrofit] → Removed 2 wagons (43.6m freed)
15:20:08 | INFO     | t=6364.0: DISPATCHER → Task submitted: retrofit_to_workshop (pending=2)
15:20:08 | INFO     | t=6364.0: COLLECTION → Capacity reserved, allocating locomotive
15:20:08 | INFO     | t=6364.0: DISPATCHER → Task submitted: collection_to_retrofit (pending=3)
15:20:08 | INFO     | t=6371.0: LOCO[LOCO_01] → TRAIN_PREP completed at WS_01 (2.0 min)
15:20:08 | INFO     | t=6376.0: BATCH → Putting 2 wagons on retrofitted track retrofitted
15:20:08 | INFO     | t=6376.0: WAGON[W6682] → Added to retrofitted track retrofitted
15:20:08 | INFO     | t=6376.0: WAGON[W11320] → Added to retrofitted track retrofitted
15:20:08 | INFO     | t=6381.0: WORKSHOP[WS_01] → Released, notifying 0 waiting processes
15:20:08 | INFO     | t=6381.0: DISPATCHER → Assigned loco LOCO_01 to retrofit_to_workshop (waited 17.0 min, pending=2)
15:20:08 | INFO     | t=6381.0: RAKE[W0623,W5833] → COUPLING at retrofit (1 couplings, 2.0 min)
15:20:08 | INFO     | t=6381.0: WAGON[W12077] → Retrieved from retrofit queue
15:20:08 | INFO     | t=6381.0: WORKSHOP[WS_01] → Selected for batch
15:20:08 | INFO     | t=6381.0: WAGON[W11254] → Added to batch
15:20:08 | INFO     | t=6381.0: BATCH[W12077,W11254] → Formed 2 wagons for WS_01
15:20:08 | INFO     | t=6381.0: TRACK[retrofit] → Removed 2 wagons (36.0m freed)
15:20:08 | INFO     | t=6381.0: DISPATCHER → Task submitted: retrofit_to_workshop (pending=3)
15:20:08 | INFO     | t=6388.0: LOCO[LOCO_01] → COUPLING at retrofit (2.0 min)
15:20:08 | INFO     | t=6390.0: LOCO[LOCO_01] → SHUNTING_PREP at retrofit (1.0 min)
15:20:08 | INFO     | t=6396.0: LOCO[LOCO_01] → DECOUPLING at WS_02 (3.0 min)
15:20:08 | INFO     | t=6399.0: RAKE[W0623,W5833] → DECOUPLING at WS_02 (1 couplings, 3.0 min)
15:20:08 | INFO     | t=6402.0: WAGON[W0623] → RETROFIT_STARTED at WS_02
15:20:08 | INFO     | t=6402.0: WAGON[W5833] → RETROFIT_STARTED at WS_02
15:20:08 | INFO     | t=6407.0: DISPATCHER → Hold override for retrofitted_to_parking (waited 60.0 min >= max 45.0 min)
15:20:08 | INFO     | t=6407.0: DISPATCHER → Hold override for collection_to_retrofit (waited 43.0 min >= max 30.0 min)
15:20:08 | INFO     | t=6407.0: DISPATCHER → Assigned loco LOCO_01 to collection_to_retrofit (waited 43.0 min, pending=2)
15:20:08 | INFO     | t=6407.0: DISPATCHER → Hold override for retrofitted_to_parking (waited 60.0 min >= max 45.0 min)
15:20:08 | INFO     | t=6414.5: LOCO[LOCO_02] → DECOUPLING at retrofit (6.0 min)
15:20:08 | INFO     | t=6420.5: RAKE[W7155,W11014] → DECOUPLING at retrofit (1 couplings, 3.0 min)
15:20:08 | INFO     | t=6428.5: DISPATCHER → Hold override for retrofitted_to_parking (waited 81.5 min >= max 45.0 min)
15:20:08 | INFO     | t=6428.5: DISPATCHER → Assigned loco LOCO_02 to retrofit_to_workshop (waited 47.5 min, pending=1)
15:20:08 | INFO     | t=6428.5: DISPATCHER → Hold override for retrofitted_to_parking (waited 81.5 min >= max 45.0 min)
15:20:08 | INFO     | t=6428.5: RAKE[W12077,W11254] → COUPLING at retrofit (1 couplings, 2.0 min)
15:20:08 | INFO     | t=6428.5: Batch size limited by retrofit capacity: 3 wagons (47.1m) fits, 18 waiting
15:20:08 | INFO     | t=6428.5: WAGON[W11766] → Retrieved from retrofit queue
15:20:08 | INFO     | t=6428.5: WORKSHOP → No workshop available, waiting...
15:20:08 | INFO     | t=6428.5: COLLECTION → Reserving retrofit track capacity for 3 wagons
15:20:08 | INFO     | t=6428.5: COLLECTION → Capacity reserved, allocating locomotive
15:20:08 | INFO     | t=6428.5: DISPATCHER → Task submitted: collection_to_retrofit (pending=2)
15:20:08 | INFO     | t=6435.5: LOCO[LOCO_02] → COUPLING at retrofit (2.0 min)
15:20:08 | INFO     | t=6437.5: LOCO[LOCO_02] → SHUNTING_PREP at retrofit (1.0 min)
15:20:08 | INFO     | t=6443.5: LOCO[LOCO_02] → DECOUPLING at WS_01 (3.0 min)
15:20:08 | INFO     | t=6446.5: RAKE[W12077,W11254] → DECOUPLING at WS_01 (1 couplings, 3.0 min)
15:20:08 | INFO     | t=6449.5: WAGON[W12077] → RETROFIT_STARTED at WS_01
15:20:08 | INFO     | t=6449.5: WAGON[W11254] → RETROFIT_STARTED at WS_01
15:20:08 | INFO     | t=6454.5: DISPATCHER → Hold override for retrofitted_to_parking (waited 107.5 min >= max 45.0 min)
15:20:08 | INFO     | t=6454.5: DISPATCHER → Assigned loco LOCO_02 to retrofitted_to_parking (waited 107.5 min, pending=1)
15:20:08 | INFO     | t=6454.5: LOCO[LOCO_02] → Allocated for parking transport
15:20:08 | INFO     | t=6459.5: DISPATCHER → Hold override for collection_to_retrofit (waited 31.0 min >= max 30.0 min)
15:20:08 | INFO     | t=6459.5: LOCO[LOCO_02] → TRAIN_PREP at retrofitted (coupling + prep, 3.0 min)
15:20:08 | INFO     | t=6462.0: RAKE[W0623,W5833] → COUPLING at WS_02 (1 couplings, 0.5 min)
15:20:08 | INFO     | t=6462.5: LOCO → Allocating for pickup from WS_02
15:20:08 | INFO     | t=6462.5: DISPATCHER → Task submitted: workshop_to_retrofitted (pending=2)
15:20:08 | INFO     | t=6467.0: LOCO[LOCO_01] → TRAIN_PREP at collection (coupling + prep, 3.0 min)
15:20:08 | INFO     | t=6467.5: LOCO[LOCO_02] → DECOUPLING at parking1 (2.0 min)
15:20:08 | INFO     | t=6469.5: RAKE[W4666,W11269,W3811,W6077] → DECOUPLING at parking1 (3 couplings, 1.5 min)
15:20:08 | INFO     | EVENT_PUBLISHED: TrainArrivedEvent | train=T91 | time=6475.5
15:20:08 | INFO     | EVENT_HANDLING: TrainArrivedEvent -> RetrofitWorkshopContext._handle_train_arrived
15:20:08 | INFO     | EVENT_HANDLED: TrainArrivedEvent by RetrofitWorkshopContext._handle_train_arrived
15:20:08 | INFO     | t=6476.0: LOCO[LOCO_02] → Releasing
15:20:08 | INFO     | t=6476.0: LOCO[LOCO_02] → Released
15:20:08 | INFO     | t=6476.0: PARKING → Got wagon W2926 from retrofitted
15:20:08 | INFO     | t=6476.0: DISPATCHER → Hold override for collection_to_retrofit (waited 47.5 min >= max 30.0 min)
15:20:08 | INFO     | t=6476.0: DISPATCHER → Assigned loco LOCO_02 to collection_to_retrofit (waited 47.5 min, pending=1)
15:20:08 | INFO     | t=6476.0: LOCO → Allocating for parking transport
15:20:08 | INFO     | t=6476.0: DISPATCHER → Task submitted: retrofitted_to_parking (pending=2)
15:20:08 | INFO     | t=6509.5: RAKE[W12077,W11254] → COUPLING at WS_01 (1 couplings, 0.5 min)
15:20:08 | INFO     | t=6510.0: LOCO → Allocating for pickup from WS_01
15:20:08 | INFO     | t=6510.0: DISPATCHER → Task submitted: workshop_to_retrofitted (pending=3)
15:20:08 | INFO     | t=6530.0: LOCO[LOCO_01] → DECOUPLING at retrofit (3.0 min)
15:20:08 | INFO     | t=6533.0: RAKE[W4479] → DECOUPLING at retrofit (0 couplings, 0.0 min)
15:20:08 | INFO     | t=6536.0: LOCO[LOCO_02] → TRAIN_PREP at collection (coupling + prep, 7.0 min)
15:20:08 | INFO     | t=6538.0: Batch size limited by retrofit capacity: 1 wagons (23.9m) fits, 19 waiting
15:20:08 | INFO     | t=6538.0: DISPATCHER → Hold override for retrofitted_to_parking (waited 62.0 min >= max 45.0 min)
15:20:08 | INFO     | t=6538.0: DISPATCHER → Assigned loco LOCO_01 to workshop_to_retrofitted (waited 75.5 min, pending=2)
15:20:08 | INFO     | t=6538.0: DISPATCHER → Hold override for retrofitted_to_parking (waited 62.0 min >= max 45.0 min)
15:20:08 | INFO     | t=6538.0: COLLECTION → Reserving retrofit track capacity for 1 wagons
15:20:08 | INFO     | t=6538.0: LOCO[LOCO_01] → Allocated for pickup
15:20:08 | INFO     | t=6545.0: LOCO[LOCO_01] → TRAIN_PREP completed at WS_02 (2.0 min)
15:20:08 | INFO     | t=6550.0: BATCH → Putting 2 wagons on retrofitted track retrofitted
15:20:08 | INFO     | t=6550.0: WAGON[W0623] → Added to retrofitted track retrofitted
15:20:08 | INFO     | t=6550.0: WAGON[W5833] → Added to retrofitted track retrofitted
15:20:08 | INFO     | t=6555.0: WORKSHOP[WS_02] → Released, notifying 1 waiting processes
15:20:08 | INFO     | t=6555.0: WORKSHOP → Workshop became available
15:20:08 | INFO     | t=6555.0: WORKSHOP[WS_02] → Selected for batch
15:20:08 | INFO     | t=6555.0: DISPATCHER → Hold override for retrofitted_to_parking (waited 79.0 min >= max 45.0 min)
15:20:08 | INFO     | t=6555.0: DISPATCHER → Assigned loco LOCO_01 to workshop_to_retrofitted (waited 45.0 min, pending=1)
15:20:08 | INFO     | t=6555.0: DISPATCHER → Hold override for retrofitted_to_parking (waited 79.0 min >= max 45.0 min)
15:20:08 | INFO     | t=6555.0: WAGON[W10878] → Added to batch
15:20:08 | INFO     | t=6555.0: BATCH[W11766,W10878] → Formed 2 wagons for WS_02
15:20:08 | INFO     | t=6555.0: LOCO[LOCO_01] → Allocated for pickup
15:20:08 | INFO     | t=6555.0: TRACK[retrofit] → Removed 2 wagons (28.5m freed)
15:20:08 | INFO     | t=6555.0: DISPATCHER → Task submitted: retrofit_to_workshop (pending=2)
15:20:08 | INFO     | t=6555.0: COLLECTION → Capacity reserved, allocating locomotive
15:20:08 | INFO     | t=6555.0: DISPATCHER → Task submitted: collection_to_retrofit (pending=3)
15:20:08 | INFO     | t=6562.0: LOCO[LOCO_01] → TRAIN_PREP completed at WS_01 (2.0 min)
15:20:08 | INFO     | t=6567.0: BATCH → Putting 2 wagons on retrofitted track retrofitted
15:20:08 | INFO     | t=6567.0: WAGON[W12077] → Added to retrofitted track retrofitted
15:20:08 | INFO     | t=6567.0: WAGON[W11254] → Added to retrofitted track retrofitted
15:20:08 | INFO     | t=6572.0: WORKSHOP[WS_01] → Released, notifying 0 waiting processes
15:20:08 | INFO     | t=6572.0: DISPATCHER → Hold override for retrofitted_to_parking (waited 96.0 min >= max 45.0 min)
15:20:08 | INFO     | t=6572.0: DISPATCHER → Assigned loco LOCO_01 to retrofit_to_workshop (waited 17.0 min, pending=2)
15:20:08 | INFO     | t=6572.0: DISPATCHER → Hold override for retrofitted_to_parking (waited 96.0 min >= max 45.0 min)
15:20:08 | INFO     | t=6572.0: RAKE[W11766,W10878] → COUPLING at retrofit (1 couplings, 2.0 min)
15:20:08 | INFO     | t=6572.0: WAGON[W10889] → Retrieved from retrofit queue
15:20:08 | INFO     | t=6572.0: WORKSHOP[WS_01] → Selected for batch
15:20:08 | INFO     | t=6572.0: WAGON[W5978] → Added to batch
15:20:08 | INFO     | t=6572.0: BATCH[W10889,W5978] → Formed 2 wagons for WS_01
15:20:08 | INFO     | t=6572.0: TRACK[retrofit] → Removed 2 wagons (27.0m freed)
15:20:08 | INFO     | t=6572.0: DISPATCHER → Task submitted: retrofit_to_workshop (pending=3)
15:20:08 | INFO     | t=6579.0: LOCO[LOCO_01] → COUPLING at retrofit (2.0 min)
15:20:08 | INFO     | t=6581.0: LOCO[LOCO_01] → SHUNTING_PREP at retrofit (1.0 min)
15:20:08 | INFO     | t=6587.0: LOCO[LOCO_01] → DECOUPLING at WS_02 (3.0 min)
15:20:08 | INFO     | t=6590.0: RAKE[W11766,W10878] → DECOUPLING at WS_02 (1 couplings, 3.0 min)
15:20:08 | INFO     | t=6593.0: WAGON[W11766] → RETROFIT_STARTED at WS_02
15:20:08 | INFO     | t=6593.0: WAGON[W10878] → RETROFIT_STARTED at WS_02
15:20:08 | INFO     | EVENT_PUBLISHED: TrainArrivedEvent | train=T92 | time=6595.0
15:20:08 | INFO     | EVENT_HANDLING: TrainArrivedEvent -> RetrofitWorkshopContext._handle_train_arrived
15:20:08 | INFO     | EVENT_HANDLED: TrainArrivedEvent by RetrofitWorkshopContext._handle_train_arrived
15:20:08 | INFO     | t=6598.0: DISPATCHER → Hold override for retrofitted_to_parking (waited 122.0 min >= max 45.0 min)
15:20:08 | INFO     | t=6598.0: DISPATCHER → Hold override for collection_to_retrofit (waited 43.0 min >= max 30.0 min)
15:20:08 | INFO     | t=6598.0: DISPATCHER → Assigned loco LOCO_01 to collection_to_retrofit (waited 43.0 min, pending=2)
15:20:08 | INFO     | t=6598.0: DISPATCHER → Hold override for retrofitted_to_parking (waited 122.0 min >= max 45.0 min)
15:20:08 | INFO     | t=6603.0: LOCO[LOCO_02] → DECOUPLING at retrofit (9.0 min)
15:20:08 | INFO     | t=6612.0: RAKE[W9040,W5446,W10881] → DECOUPLING at retrofit (2 couplings, 6.0 min)
15:20:08 | INFO     | t=6623.0: DISPATCHER → Hold override for retrofitted_to_parking (waited 147.0 min >= max 45.0 min)
15:20:08 | INFO     | t=6623.0: DISPATCHER → Assigned loco LOCO_02 to retrofit_to_workshop (waited 51.0 min, pending=1)
15:20:08 | INFO     | t=6623.0: DISPATCHER → Hold override for retrofitted_to_parking (waited 147.0 min >= max 45.0 min)
15:20:08 | INFO     | t=6623.0: Batch size limited by retrofit capacity: 2 wagons (39.6m) fits, 20 waiting
15:20:08 | INFO     | t=6623.0: RAKE[W10889,W5978] → COUPLING at retrofit (1 couplings, 2.0 min)
15:20:08 | INFO     | t=6623.0: COLLECTION → Reserving retrofit track capacity for 2 wagons
15:20:08 | INFO     | t=6623.0: WAGON[W4793] → Retrieved from retrofit queue
15:20:08 | INFO     | t=6623.0: WORKSHOP → No workshop available, waiting...
15:20:08 | INFO     | t=6623.0: COLLECTION → Capacity reserved, allocating locomotive
15:20:08 | INFO     | t=6623.0: DISPATCHER → Task submitted: collection_to_retrofit (pending=2)
15:20:08 | INFO     | t=6630.0: LOCO[LOCO_02] → COUPLING at retrofit (2.0 min)
15:20:08 | INFO     | t=6632.0: LOCO[LOCO_02] → SHUNTING_PREP at retrofit (1.0 min)
15:20:08 | INFO     | t=6638.0: LOCO[LOCO_02] → DECOUPLING at WS_01 (3.0 min)
15:20:08 | INFO     | t=6641.0: RAKE[W10889,W5978] → DECOUPLING at WS_01 (1 couplings, 3.0 min)
15:20:08 | INFO     | t=6644.0: WAGON[W10889] → RETROFIT_STARTED at WS_01
15:20:08 | INFO     | t=6644.0: WAGON[W5978] → RETROFIT_STARTED at WS_01
15:20:08 | INFO     | t=6649.0: DISPATCHER → Hold override for retrofitted_to_parking (waited 173.0 min >= max 45.0 min)
15:20:08 | INFO     | t=6649.0: DISPATCHER → Assigned loco LOCO_02 to retrofitted_to_parking (waited 173.0 min, pending=1)
15:20:08 | INFO     | t=6649.0: LOCO[LOCO_02] → Allocated for parking transport
15:20:08 | INFO     | t=6653.0: RAKE[W11766,W10878] → COUPLING at WS_02 (1 couplings, 0.5 min)
15:20:08 | INFO     | t=6653.5: LOCO → Allocating for pickup from WS_02
15:20:08 | INFO     | t=6653.5: DISPATCHER → Task submitted: workshop_to_retrofitted (pending=2)
15:20:08 | INFO     | t=6653.5: DISPATCHER → Hold override for collection_to_retrofit (waited 30.5 min >= max 30.0 min)
15:20:08 | INFO     | t=6654.0: LOCO[LOCO_02] → TRAIN_PREP at retrofitted (coupling + prep, 3.0 min)
15:20:08 | INFO     | t=6658.0: LOCO[LOCO_01] → TRAIN_PREP at collection (coupling + prep, 3.0 min)
15:20:08 | INFO     | EVENT_PUBLISHED: TrainArrivedEvent | train=T93 | time=6666.5
15:20:08 | INFO     | EVENT_HANDLING: TrainArrivedEvent -> RetrofitWorkshopContext._handle_train_arrived
15:20:08 | INFO     | EVENT_HANDLED: TrainArrivedEvent by RetrofitWorkshopContext._handle_train_arrived
15:20:08 | INFO     | t=6704.0: RAKE[W10889,W5978] → COUPLING at WS_01 (1 couplings, 0.5 min)
15:20:08 | INFO     | t=6704.5: LOCO → Allocating for pickup from WS_01
15:20:08 | INFO     | t=6704.5: DISPATCHER → Task submitted: workshop_to_retrofitted (pending=3)
15:20:08 | INFO     | t=6717.0: LOCO[LOCO_02] → DECOUPLING at parking12 (2.0 min)
15:20:08 | INFO     | t=6719.0: RAKE[W2926,W5391,W6682,W11320] → DECOUPLING at parking12 (3 couplings, 1.5 min)
15:20:08 | INFO     | t=6721.0: LOCO[LOCO_01] → DECOUPLING at retrofit (3.0 min)
15:20:08 | INFO     | t=6724.0: RAKE[W2737] → DECOUPLING at retrofit (0 couplings, 0.0 min)
15:20:08 | INFO     | t=6729.0: Batch size limited by retrofit capacity: 1 wagons (12.5m) fits, 19 waiting
15:20:08 | INFO     | t=6729.0: DISPATCHER → Hold override for collection_to_retrofit (waited 106.0 min >= max 30.0 min)
15:20:08 | INFO     | t=6729.0: DISPATCHER → Assigned loco LOCO_01 to collection_to_retrofit (waited 106.0 min, pending=2)
15:20:08 | INFO     | t=6729.0: COLLECTION → Reserving retrofit track capacity for 1 wagons
15:20:08 | INFO     | t=6780.5: LOCO[LOCO_02] → Releasing
15:20:08 | INFO     | t=6780.5: LOCO[LOCO_02] → Released
15:20:08 | INFO     | t=6780.5: PARKING → Got wagon W0623 from retrofitted
15:20:08 | INFO     | t=6780.5: DISPATCHER → Assigned loco LOCO_02 to workshop_to_retrofitted (waited 127.0 min, pending=1)
15:20:08 | INFO     | t=6780.5: LOCO[LOCO_02] → Allocated for pickup
15:20:08 | INFO     | t=6780.5: LOCO → Allocating for parking transport
15:20:08 | INFO     | t=6780.5: DISPATCHER → Task submitted: retrofitted_to_parking (pending=2)
15:20:08 | INFO     | t=6787.5: LOCO[LOCO_02] → TRAIN_PREP completed at WS_02 (2.0 min)
15:20:08 | INFO     | t=6789.0: LOCO[LOCO_01] → TRAIN_PREP at collection (coupling + prep, 5.0 min)
15:20:08 | INFO     | t=6792.5: BATCH → Putting 2 wagons on retrofitted track retrofitted
15:20:08 | INFO     | t=6792.5: WAGON[W11766] → Added to retrofitted track retrofitted
15:20:08 | INFO     | t=6792.5: WAGON[W10878] → Added to retrofitted track retrofitted
15:20:08 | INFO     | t=6797.5: WORKSHOP[WS_02] → Released, notifying 1 waiting processes
15:20:08 | INFO     | t=6797.5: WORKSHOP → Workshop became available
15:20:08 | INFO     | t=6797.5: WORKSHOP[WS_02] → Selected for batch
15:20:08 | INFO     | t=6797.5: DISPATCHER → Assigned loco LOCO_02 to workshop_to_retrofitted (waited 93.0 min, pending=1)
15:20:08 | INFO     | t=6797.5: WAGON[W7261] → Added to batch
15:20:08 | INFO     | t=6797.5: BATCH[W4793,W7261] → Formed 2 wagons for WS_02
15:20:08 | INFO     | t=6797.5: LOCO[LOCO_02] → Allocated for pickup
15:20:08 | INFO     | t=6797.5: TRACK[retrofit] → Removed 2 wagons (25.3m freed)
15:20:08 | INFO     | t=6797.5: DISPATCHER → Task submitted: retrofit_to_workshop (pending=2)
15:20:08 | INFO     | t=6797.5: COLLECTION → Capacity reserved, allocating locomotive
15:20:08 | INFO     | t=6797.5: DISPATCHER → Task submitted: collection_to_retrofit (pending=3)
15:20:08 | INFO     | t=6804.5: LOCO[LOCO_02] → TRAIN_PREP completed at WS_01 (2.0 min)
15:20:08 | INFO     | t=6809.5: BATCH → Putting 2 wagons on retrofitted track retrofitted
15:20:08 | INFO     | t=6809.5: WAGON[W10889] → Added to retrofitted track retrofitted
15:20:08 | INFO     | t=6809.5: WAGON[W5978] → Added to retrofitted track retrofitted
15:20:08 | INFO     | EVENT_PUBLISHED: TrainArrivedEvent | train=T94 | time=6812.8
15:20:08 | INFO     | EVENT_HANDLING: TrainArrivedEvent -> RetrofitWorkshopContext._handle_train_arrived
15:20:08 | INFO     | EVENT_HANDLED: TrainArrivedEvent by RetrofitWorkshopContext._handle_train_arrived
15:20:08 | INFO     | t=6814.5: WORKSHOP[WS_01] → Released, notifying 0 waiting processes
15:20:08 | INFO     | t=6814.5: DISPATCHER → Assigned loco LOCO_02 to retrofit_to_workshop (waited 17.0 min, pending=2)
15:20:08 | INFO     | t=6814.5: RAKE[W4793,W7261] → COUPLING at retrofit (1 couplings, 2.0 min)
15:20:08 | INFO     | t=6814.5: WAGON[W4726] → Retrieved from retrofit queue
15:20:08 | INFO     | t=6814.5: WORKSHOP[WS_01] → Selected for batch
15:20:08 | INFO     | t=6814.5: WAGON[W8705] → Added to batch
15:20:08 | INFO     | t=6814.5: BATCH[W4726,W8705] → Formed 2 wagons for WS_01
15:20:08 | INFO     | t=6814.5: TRACK[retrofit] → Removed 2 wagons (42.9m freed)
15:20:08 | INFO     | t=6814.5: DISPATCHER → Task submitted: retrofit_to_workshop (pending=3)
15:20:08 | INFO     | t=6821.5: LOCO[LOCO_02] → COUPLING at retrofit (2.0 min)
15:20:08 | INFO     | t=6823.5: LOCO[LOCO_02] → SHUNTING_PREP at retrofit (1.0 min)
15:20:08 | INFO     | t=6829.5: LOCO[LOCO_02] → DECOUPLING at WS_02 (3.0 min)
15:20:08 | INFO     | t=6832.5: RAKE[W4793,W7261] → DECOUPLING at WS_02 (1 couplings, 3.0 min)
15:20:08 | INFO     | t=6835.5: WAGON[W4793] → RETROFIT_STARTED at WS_02
15:20:08 | INFO     | t=6835.5: WAGON[W7261] → RETROFIT_STARTED at WS_02
15:20:08 | INFO     | t=6840.5: DISPATCHER → Hold override for retrofitted_to_parking (waited 60.0 min >= max 45.0 min)
15:20:08 | INFO     | t=6840.5: DISPATCHER → Hold override for collection_to_retrofit (waited 43.0 min >= max 30.0 min)
15:20:08 | INFO     | t=6840.5: DISPATCHER → Assigned loco LOCO_02 to collection_to_retrofit (waited 43.0 min, pending=2)
15:20:08 | INFO     | t=6840.5: DISPATCHER → Hold override for retrofitted_to_parking (waited 60.0 min >= max 45.0 min)
15:20:08 | INFO     | t=6854.0: LOCO[LOCO_01] → DECOUPLING at retrofit (6.0 min)
15:20:08 | INFO     | t=6860.0: RAKE[W0607,W0032] → DECOUPLING at retrofit (1 couplings, 3.0 min)
15:20:08 | INFO     | t=6868.0: DISPATCHER → Hold override for retrofitted_to_parking (waited 87.5 min >= max 45.0 min)
15:20:08 | INFO     | t=6868.0: DISPATCHER → Assigned loco LOCO_01 to retrofit_to_workshop (waited 53.5 min, pending=1)
15:20:08 | INFO     | t=6868.0: DISPATCHER → Hold override for retrofitted_to_parking (waited 87.5 min >= max 45.0 min)
15:20:08 | INFO     | t=6868.0: RAKE[W4726,W8705] → COUPLING at retrofit (1 couplings, 2.0 min)
15:20:08 | INFO     | t=6868.0: Batch size limited by retrofit capacity: 3 wagons (43.8m) fits, 19 waiting
15:20:08 | INFO     | t=6868.0: WAGON[W7263] → Retrieved from retrofit queue
15:20:08 | INFO     | t=6868.0: WORKSHOP → No workshop available, waiting...
15:20:08 | INFO     | t=6868.0: COLLECTION → Reserving retrofit track capacity for 3 wagons
15:20:08 | INFO     | t=6868.0: COLLECTION → Capacity reserved, allocating locomotive
15:20:08 | INFO     | t=6868.0: DISPATCHER → Task submitted: collection_to_retrofit (pending=2)
15:20:08 | INFO     | t=6875.0: LOCO[LOCO_01] → COUPLING at retrofit (2.0 min)
15:20:08 | INFO     | t=6877.0: LOCO[LOCO_01] → SHUNTING_PREP at retrofit (1.0 min)
15:20:08 | INFO     | t=6883.0: LOCO[LOCO_01] → DECOUPLING at WS_01 (3.0 min)
15:20:08 | INFO     | t=6886.0: RAKE[W4726,W8705] → DECOUPLING at WS_01 (1 couplings, 3.0 min)
15:20:08 | INFO     | t=6889.0: WAGON[W4726] → RETROFIT_STARTED at WS_01
15:20:08 | INFO     | t=6889.0: WAGON[W8705] → RETROFIT_STARTED at WS_01
15:20:08 | INFO     | t=6894.0: DISPATCHER → Hold override for retrofitted_to_parking (waited 113.5 min >= max 45.0 min)
15:20:08 | INFO     | t=6894.0: DISPATCHER → Assigned loco LOCO_01 to retrofitted_to_parking (waited 113.5 min, pending=1)
15:20:08 | INFO     | t=6894.0: LOCO[LOCO_01] → Allocated for parking transport
15:20:08 | INFO     | t=6895.5: RAKE[W4793,W7261] → COUPLING at WS_02 (1 couplings, 0.5 min)
15:20:08 | INFO     | t=6896.0: LOCO → Allocating for pickup from WS_02
15:20:08 | INFO     | t=6896.0: DISPATCHER → Task submitted: workshop_to_retrofitted (pending=2)
15:20:08 | INFO     | t=6899.0: LOCO[LOCO_01] → TRAIN_PREP at retrofitted (coupling + prep, 3.0 min)
15:20:08 | INFO     | t=6900.5: LOCO[LOCO_02] → TRAIN_PREP at collection (coupling + prep, 3.0 min)
15:20:08 | INFO     | t=6949.0: RAKE[W4726,W8705] → COUPLING at WS_01 (1 couplings, 0.5 min)
15:20:08 | INFO     | t=6949.5: LOCO → Allocating for pickup from WS_01
15:20:08 | INFO     | t=6949.5: DISPATCHER → Task submitted: workshop_to_retrofitted (pending=3)
15:20:08 | INFO     | t=6963.5: LOCO[LOCO_02] → DECOUPLING at retrofit (3.0 min)
15:20:08 | INFO     | t=6966.5: RAKE[W10081] → DECOUPLING at retrofit (0 couplings, 0.0 min)
15:20:08 | INFO     | t=6971.5: Batch size limited by retrofit capacity: 1 wagons (13.2m) fits, 18 waiting
15:20:08 | INFO     | t=6971.5: DISPATCHER → Hold override for collection_to_retrofit (waited 103.5 min >= max 30.0 min)
15:20:08 | INFO     | t=6971.5: DISPATCHER → Assigned loco LOCO_02 to collection_to_retrofit (waited 103.5 min, pending=2)
15:20:08 | INFO     | t=6971.5: COLLECTION → Reserving retrofit track capacity for 1 wagons
15:20:08 | INFO     | t=6971.5: COLLECTION → Capacity reserved, allocating locomotive
15:20:08 | INFO     | t=6971.5: DISPATCHER → Task submitted: collection_to_retrofit (pending=3)
15:20:08 | INFO     | t=6977.0: LOCO[LOCO_01] → DECOUPLING at parking13 (2.0 min)
15:20:08 | INFO     | t=6979.0: RAKE[W0623,W5833,W12077,W11254] → DECOUPLING at parking13 (3 couplings, 1.5 min)
15:20:08 | INFO     | EVENT_PUBLISHED: TrainArrivedEvent | train=T95 | time=7002.0
15:20:08 | INFO     | EVENT_HANDLING: TrainArrivedEvent -> RetrofitWorkshopContext._handle_train_arrived
15:20:08 | INFO     | EVENT_HANDLED: TrainArrivedEvent by RetrofitWorkshopContext._handle_train_arrived
15:20:08 | INFO     | t=7031.5: LOCO[LOCO_02] → TRAIN_PREP at collection (coupling + prep, 7.0 min)
15:20:08 | INFO     | t=7040.5: LOCO[LOCO_01] → Releasing
15:20:08 | INFO     | t=7040.5: LOCO[LOCO_01] → Released
15:20:08 | INFO     | t=7040.5: PARKING → Got wagon W11766 from retrofitted
15:20:08 | INFO     | t=7040.5: DISPATCHER → Hold override for collection_to_retrofit (waited 69.0 min >= max 30.0 min)
15:20:08 | INFO     | t=7040.5: DISPATCHER → Assigned loco LOCO_01 to collection_to_retrofit (waited 69.0 min, pending=2)
15:20:08 | INFO     | t=7040.5: LOCO → Allocating for parking transport
15:20:08 | INFO     | t=7040.5: DISPATCHER → Task submitted: retrofitted_to_parking (pending=3)
15:20:08 | INFO     | t=7098.5: LOCO[LOCO_02] → DECOUPLING at retrofit (9.0 min)
15:20:08 | INFO     | t=7100.5: LOCO[LOCO_01] → TRAIN_PREP at collection (coupling + prep, 3.0 min)
15:20:08 | INFO     | t=7107.5: RAKE[W6592,W5711,W6884] → DECOUPLING at retrofit (2 couplings, 6.0 min)
15:20:08 | INFO     | t=7118.5: Batch size limited by retrofit capacity: 1 wagons (34.2m) fits, 19 waiting
15:20:08 | INFO     | t=7118.5: DISPATCHER → Hold override for retrofitted_to_parking (waited 78.0 min >= max 45.0 min)
15:20:08 | INFO     | t=7118.5: DISPATCHER → Assigned loco LOCO_02 to workshop_to_retrofitted (waited 222.5 min, pending=2)
15:20:08 | INFO     | t=7118.5: COLLECTION → Reserving retrofit track capacity for 1 wagons
15:20:08 | INFO     | t=7118.5: LOCO[LOCO_02] → Allocated for pickup
15:20:08 | INFO     | t=7125.5: LOCO[LOCO_02] → TRAIN_PREP completed at WS_02 (2.0 min)
15:20:08 | INFO     | t=7130.5: BATCH → Putting 2 wagons on retrofitted track retrofitted
15:20:08 | INFO     | t=7130.5: WAGON[W4793] → Added to retrofitted track retrofitted
15:20:08 | INFO     | t=7130.5: WAGON[W7261] → Added to retrofitted track retrofitted
15:20:08 | INFO     | t=7135.5: WORKSHOP[WS_02] → Released, notifying 1 waiting processes
15:20:08 | INFO     | t=7135.5: WORKSHOP → Workshop became available
15:20:08 | INFO     | t=7135.5: WORKSHOP[WS_02] → Selected for batch
15:20:08 | INFO     | t=7135.5: DISPATCHER → Hold override for retrofitted_to_parking (waited 95.0 min >= max 45.0 min)
15:20:08 | INFO     | t=7135.5: DISPATCHER → Assigned loco LOCO_02 to workshop_to_retrofitted (waited 186.0 min, pending=1)
15:20:08 | INFO     | t=7135.5: DISPATCHER → Hold override for retrofitted_to_parking (waited 95.0 min >= max 45.0 min)
15:20:08 | INFO     | t=7135.5: WAGON[W5127] → Added to batch
15:20:08 | INFO     | t=7135.5: BATCH[W7263,W5127] → Formed 2 wagons for WS_02
15:20:08 | INFO     | t=7135.5: LOCO[LOCO_02] → Allocated for pickup
15:20:08 | INFO     | t=7135.5: TRACK[retrofit] → Removed 2 wagons (29.6m freed)
15:20:08 | INFO     | t=7135.5: DISPATCHER → Task submitted: retrofit_to_workshop (pending=2)
15:20:08 | INFO     | t=7135.5: COLLECTION → Capacity reserved, allocating locomotive
15:20:08 | INFO     | t=7135.5: DISPATCHER → Task submitted: collection_to_retrofit (pending=3)
15:20:08 | INFO     | t=7142.5: LOCO[LOCO_02] → TRAIN_PREP completed at WS_01 (2.0 min)
15:20:08 | INFO     | t=7147.5: BATCH → Putting 2 wagons on retrofitted track retrofitted
15:20:08 | INFO     | t=7147.5: WAGON[W4726] → Added to retrofitted track retrofitted
15:20:08 | INFO     | t=7147.5: WAGON[W8705] → Added to retrofitted track retrofitted
15:20:08 | INFO     | t=7152.5: WORKSHOP[WS_01] → Released, notifying 0 waiting processes
15:20:08 | INFO     | t=7152.5: DISPATCHER → Hold override for retrofitted_to_parking (waited 112.0 min >= max 45.0 min)
15:20:08 | INFO     | t=7152.5: DISPATCHER → Assigned loco LOCO_02 to retrofit_to_workshop (waited 17.0 min, pending=2)
15:20:08 | INFO     | t=7152.5: DISPATCHER → Hold override for retrofitted_to_parking (waited 112.0 min >= max 45.0 min)
15:20:08 | INFO     | t=7152.5: RAKE[W7263,W5127] → COUPLING at retrofit (1 couplings, 2.0 min)
15:20:08 | INFO     | t=7152.5: WAGON[W6339] → Retrieved from retrofit queue
15:20:08 | INFO     | t=7152.5: WORKSHOP[WS_01] → Selected for batch
15:20:08 | INFO     | t=7152.5: WAGON[W5057] → Added to batch
15:20:08 | INFO     | t=7152.5: BATCH[W6339,W5057] → Formed 2 wagons for WS_01
15:20:08 | INFO     | t=7152.5: TRACK[retrofit] → Removed 2 wagons (34.9m freed)
15:20:08 | INFO     | t=7152.5: DISPATCHER → Task submitted: retrofit_to_workshop (pending=3)
15:20:08 | INFO     | t=7159.5: LOCO[LOCO_02] → COUPLING at retrofit (2.0 min)
15:20:08 | INFO     | t=7161.5: LOCO[LOCO_02] → SHUNTING_PREP at retrofit (1.0 min)
15:20:08 | INFO     | t=7163.5: LOCO[LOCO_01] → DECOUPLING at retrofit (3.0 min)
15:20:08 | INFO     | t=7166.5: RAKE[W7253] → DECOUPLING at retrofit (0 couplings, 0.0 min)
15:20:08 | INFO     | EVENT_PUBLISHED: TrainArrivedEvent | train=T96 | time=7167.5
15:20:08 | INFO     | EVENT_HANDLING: TrainArrivedEvent -> RetrofitWorkshopContext._handle_train_arrived
15:20:08 | INFO     | EVENT_HANDLED: TrainArrivedEvent by RetrofitWorkshopContext._handle_train_arrived
15:20:08 | INFO     | t=7167.5: LOCO[LOCO_02] → DECOUPLING at WS_02 (3.0 min)
15:20:08 | INFO     | t=7170.5: RAKE[W7263,W5127] → DECOUPLING at WS_02 (1 couplings, 3.0 min)
15:20:08 | INFO     | t=7171.5: DISPATCHER → Hold override for retrofitted_to_parking (waited 131.0 min >= max 45.0 min)
15:20:08 | INFO     | t=7171.5: DISPATCHER → Hold override for collection_to_retrofit (waited 36.0 min >= max 30.0 min)
15:20:08 | INFO     | t=7171.5: DISPATCHER → Assigned loco LOCO_01 to collection_to_retrofit (waited 36.0 min, pending=2)
15:20:08 | INFO     | t=7171.5: DISPATCHER → Hold override for retrofitted_to_parking (waited 131.0 min >= max 45.0 min)
15:20:08 | INFO     | t=7171.5: Batch size limited by retrofit capacity: 2 wagons (37.3m) fits, 18 waiting
15:20:08 | INFO     | t=7171.5: COLLECTION → Reserving retrofit track capacity for 2 wagons
15:20:08 | INFO     | t=7171.5: COLLECTION → Capacity reserved, allocating locomotive
15:20:08 | INFO     | t=7171.5: DISPATCHER → Task submitted: collection_to_retrofit (pending=3)
15:20:08 | INFO     | t=7173.5: WAGON[W7263] → RETROFIT_STARTED at WS_02
15:20:08 | INFO     | t=7173.5: WAGON[W5127] → RETROFIT_STARTED at WS_02
15:20:08 | INFO     | t=7178.5: DISPATCHER → Hold override for retrofitted_to_parking (waited 138.0 min >= max 45.0 min)
15:20:08 | INFO     | t=7178.5: DISPATCHER → Assigned loco LOCO_02 to retrofit_to_workshop (waited 26.0 min, pending=2)
15:20:08 | INFO     | t=7178.5: DISPATCHER → Hold override for retrofitted_to_parking (waited 138.0 min >= max 45.0 min)
15:20:08 | INFO     | t=7178.5: RAKE[W6339,W5057] → COUPLING at retrofit (1 couplings, 2.0 min)
15:20:08 | INFO     | t=7178.5: WAGON[W4522] → Retrieved from retrofit queue
15:20:08 | INFO     | t=7178.5: WORKSHOP → No workshop available, waiting...
15:20:08 | INFO     | t=7185.5: LOCO[LOCO_02] → COUPLING at retrofit (2.0 min)
15:20:08 | INFO     | t=7187.5: LOCO[LOCO_02] → SHUNTING_PREP at retrofit (1.0 min)
15:20:08 | INFO     | t=7193.5: LOCO[LOCO_02] → DECOUPLING at WS_01 (3.0 min)
15:20:08 | INFO     | EVENT_PUBLISHED: TrainArrivedEvent | train=T97 | time=7195.2
15:20:08 | INFO     | EVENT_HANDLING: TrainArrivedEvent -> RetrofitWorkshopContext._handle_train_arrived
15:20:08 | INFO     | EVENT_HANDLED: TrainArrivedEvent by RetrofitWorkshopContext._handle_train_arrived
15:20:08 | INFO     | t=7196.5: RAKE[W6339,W5057] → DECOUPLING at WS_01 (1 couplings, 3.0 min)
15:20:08 | INFO     | t=7199.5: WAGON[W6339] → RETROFIT_STARTED at WS_01
15:20:08 | INFO     | t=7199.5: WAGON[W5057] → RETROFIT_STARTED at WS_01
15:20:08 | INFO     | t=7204.5: DISPATCHER → Hold override for retrofitted_to_parking (waited 164.0 min >= max 45.0 min)
15:20:08 | INFO     | t=7204.5: DISPATCHER → Hold override for collection_to_retrofit (waited 33.0 min >= max 30.0 min)
15:20:08 | INFO     | t=7204.5: DISPATCHER → Assigned loco LOCO_02 to collection_to_retrofit (waited 33.0 min, pending=1)
15:20:08 | INFO     | t=7204.5: DISPATCHER → Hold override for retrofitted_to_parking (waited 164.0 min >= max 45.0 min)
15:20:08 | INFO     | t=7231.5: LOCO[LOCO_01] → TRAIN_PREP at collection (coupling + prep, 3.0 min)
15:20:08 | INFO     | t=7233.5: RAKE[W7263,W5127] → COUPLING at WS_02 (1 couplings, 0.5 min)
15:20:08 | INFO     | t=7234.0: LOCO → Allocating for pickup from WS_02
15:20:08 | INFO     | t=7234.0: DISPATCHER → Task submitted: workshop_to_retrofitted (pending=2)
15:20:08 | INFO     | EVENT_PUBLISHED: TrainArrivedEvent | train=T98 | time=7254.5
15:20:08 | INFO     | EVENT_HANDLING: TrainArrivedEvent -> RetrofitWorkshopContext._handle_train_arrived
15:20:08 | INFO     | EVENT_HANDLED: TrainArrivedEvent by RetrofitWorkshopContext._handle_train_arrived
15:20:08 | INFO     | t=7259.5: RAKE[W6339,W5057] → COUPLING at WS_01 (1 couplings, 0.5 min)
15:20:08 | INFO     | t=7260.0: LOCO → Allocating for pickup from WS_01
15:20:08 | INFO     | t=7260.0: DISPATCHER → Task submitted: workshop_to_retrofitted (pending=3)
15:20:08 | INFO     | t=7264.5: LOCO[LOCO_02] → TRAIN_PREP at collection (coupling + prep, 5.0 min)
15:20:08 | INFO     | EVENT_PUBLISHED: TrainArrivedEvent | train=T99 | time=7273.8
15:20:08 | INFO     | EVENT_HANDLING: TrainArrivedEvent -> RetrofitWorkshopContext._handle_train_arrived
15:20:08 | INFO     | EVENT_HANDLED: TrainArrivedEvent by RetrofitWorkshopContext._handle_train_arrived
15:20:08 | INFO     | t=7294.5: LOCO[LOCO_01] → DECOUPLING at retrofit (3.0 min)
15:20:08 | INFO     | t=7297.5: RAKE[W8383] → DECOUPLING at retrofit (0 couplings, 0.0 min)
15:20:08 | INFO     | t=7302.5: Batch size limited by retrofit capacity: 1 wagons (18.0m) fits, 21 waiting
15:20:08 | INFO     | t=7302.5: DISPATCHER → Hold override for retrofitted_to_parking (waited 262.0 min >= max 45.0 min)
15:20:08 | INFO     | t=7302.5: DISPATCHER → Assigned loco LOCO_01 to workshop_to_retrofitted (waited 68.5 min, pending=2)
15:20:08 | INFO     | t=7302.5: DISPATCHER → Hold override for retrofitted_to_parking (waited 262.0 min >= max 45.0 min)
15:20:08 | INFO     | t=7302.5: COLLECTION → Reserving retrofit track capacity for 1 wagons
15:20:08 | INFO     | t=7302.5: LOCO[LOCO_01] → Allocated for pickup
15:20:08 | INFO     | t=7309.5: LOCO[LOCO_01] → TRAIN_PREP completed at WS_02 (2.0 min)
15:20:08 | INFO     | t=7314.5: BATCH → Putting 2 wagons on retrofitted track retrofitted
15:20:08 | INFO     | t=7314.5: WAGON[W7263] → Added to retrofitted track retrofitted
15:20:08 | INFO     | t=7314.5: WAGON[W5127] → Added to retrofitted track retrofitted
15:20:08 | INFO     | t=7319.5: WORKSHOP[WS_02] → Released, notifying 1 waiting processes
15:20:08 | INFO     | t=7319.5: WORKSHOP → Workshop became available
15:20:08 | INFO     | t=7319.5: WORKSHOP[WS_02] → Selected for batch
15:20:08 | INFO     | t=7319.5: DISPATCHER → Hold override for retrofitted_to_parking (waited 279.0 min >= max 45.0 min)
15:20:08 | INFO     | t=7319.5: DISPATCHER → Assigned loco LOCO_01 to workshop_to_retrofitted (waited 59.5 min, pending=1)
15:20:08 | INFO     | t=7319.5: DISPATCHER → Hold override for retrofitted_to_parking (waited 279.0 min >= max 45.0 min)
15:20:08 | INFO     | t=7319.5: WAGON[W7155] → Added to batch
15:20:08 | INFO     | t=7319.5: BATCH[W4522,W7155] → Formed 2 wagons for WS_02
15:20:08 | INFO     | t=7319.5: LOCO[LOCO_01] → Allocated for pickup
15:20:08 | INFO     | t=7319.5: TRACK[retrofit] → Removed 2 wagons (31.5m freed)
15:20:08 | INFO     | t=7319.5: DISPATCHER → Task submitted: retrofit_to_workshop (pending=2)
15:20:08 | INFO     | t=7319.5: COLLECTION → Capacity reserved, allocating locomotive
15:20:08 | INFO     | t=7319.5: DISPATCHER → Task submitted: collection_to_retrofit (pending=3)
15:20:08 | INFO     | t=7326.5: LOCO[LOCO_01] → TRAIN_PREP completed at WS_01 (2.0 min)
15:20:08 | INFO     | t=7329.5: LOCO[LOCO_02] → DECOUPLING at retrofit (6.0 min)
15:20:08 | INFO     | t=7331.5: BATCH → Putting 2 wagons on retrofitted track retrofitted
15:20:08 | INFO     | t=7331.5: WAGON[W6339] → Added to retrofitted track retrofitted
15:20:08 | INFO     | t=7331.5: WAGON[W5057] → Added to retrofitted track retrofitted
15:20:08 | INFO     | t=7335.5: RAKE[W2971,W5694] → DECOUPLING at retrofit (1 couplings, 3.0 min)
15:20:08 | INFO     | t=7336.5: WORKSHOP[WS_01] → Released, notifying 0 waiting processes
15:20:08 | INFO     | t=7336.5: DISPATCHER → Hold override for retrofitted_to_parking (waited 296.0 min >= max 45.0 min)
15:20:08 | INFO     | t=7336.5: DISPATCHER → Assigned loco LOCO_01 to retrofit_to_workshop (waited 17.0 min, pending=2)
15:20:08 | INFO     | t=7336.5: DISPATCHER → Hold override for retrofitted_to_parking (waited 296.0 min >= max 45.0 min)
15:20:08 | INFO     | t=7336.5: RAKE[W4522,W7155] → COUPLING at retrofit (1 couplings, 2.0 min)
15:20:08 | INFO     | t=7336.5: WAGON[W11014] → Retrieved from retrofit queue
15:20:08 | INFO     | t=7336.5: WORKSHOP[WS_01] → Selected for batch
15:20:08 | INFO     | t=7336.5: WAGON[W4479] → Added to batch
15:20:08 | INFO     | t=7336.5: BATCH[W11014,W4479] → Formed 2 wagons for WS_01
15:20:08 | INFO     | t=7336.5: TRACK[retrofit] → Removed 2 wagons (34.3m freed)
15:20:08 | INFO     | t=7336.5: DISPATCHER → Task submitted: retrofit_to_workshop (pending=3)
15:20:08 | INFO     | t=7343.5: LOCO[LOCO_01] → COUPLING at retrofit (2.0 min)
15:20:08 | INFO     | t=7343.5: DISPATCHER → Hold override for retrofitted_to_parking (waited 303.0 min >= max 45.0 min)
15:20:08 | INFO     | t=7343.5: DISPATCHER → Assigned loco LOCO_02 to collection_to_retrofit (waited 24.0 min, pending=2)
15:20:08 | INFO     | t=7343.5: DISPATCHER → Hold override for retrofitted_to_parking (waited 303.0 min >= max 45.0 min)
15:20:08 | INFO     | t=7343.5: Batch size limited by retrofit capacity: 2 wagons (28.1m) fits, 17 waiting
15:20:08 | INFO     | t=7343.5: COLLECTION → Reserving retrofit track capacity for 2 wagons
15:20:08 | INFO     | t=7343.5: COLLECTION → Capacity reserved, allocating locomotive
15:20:08 | INFO     | t=7343.5: DISPATCHER → Task submitted: collection_to_retrofit (pending=3)
15:20:08 | INFO     | t=7345.5: LOCO[LOCO_01] → SHUNTING_PREP at retrofit (1.0 min)
15:20:08 | INFO     | t=7351.5: LOCO[LOCO_01] → DECOUPLING at WS_02 (3.0 min)
15:20:08 | INFO     | t=7354.5: RAKE[W4522,W7155] → DECOUPLING at WS_02 (1 couplings, 3.0 min)
15:20:08 | INFO     | t=7357.5: WAGON[W4522] → RETROFIT_STARTED at WS_02
15:20:08 | INFO     | t=7357.5: WAGON[W7155] → RETROFIT_STARTED at WS_02
15:20:08 | INFO     | EVENT_PUBLISHED: TrainArrivedEvent | train=T100 | time=7360.2
15:20:08 | INFO     | EVENT_HANDLING: TrainArrivedEvent -> RetrofitWorkshopContext._handle_train_arrived
15:20:08 | INFO     | EVENT_HANDLED: TrainArrivedEvent by RetrofitWorkshopContext._handle_train_arrived
15:20:08 | INFO     | t=7362.5: DISPATCHER → Hold override for retrofitted_to_parking (waited 322.0 min >= max 45.0 min)
15:20:08 | INFO     | t=7362.5: DISPATCHER → Assigned loco LOCO_01 to retrofit_to_workshop (waited 26.0 min, pending=2)
15:20:08 | INFO     | t=7362.5: DISPATCHER → Hold override for retrofitted_to_parking (waited 322.0 min >= max 45.0 min)
15:20:08 | INFO     | t=7362.5: RAKE[W11014,W4479] → COUPLING at retrofit (1 couplings, 2.0 min)
15:20:08 | INFO     | t=7362.5: WAGON[W9040] → Retrieved from retrofit queue
15:20:08 | INFO     | t=7362.5: WORKSHOP → No workshop available, waiting...
15:20:08 | INFO     | t=7369.5: LOCO[LOCO_01] → COUPLING at retrofit (2.0 min)
15:20:08 | INFO     | t=7371.5: LOCO[LOCO_01] → SHUNTING_PREP at retrofit (1.0 min)
15:20:08 | INFO     | EVENT_PUBLISHED: TrainArrivedEvent | train=T101 | time=7375.2
15:20:08 | INFO     | EVENT_HANDLING: TrainArrivedEvent -> RetrofitWorkshopContext._handle_train_arrived
15:20:08 | INFO     | EVENT_HANDLED: TrainArrivedEvent by RetrofitWorkshopContext._handle_train_arrived
15:20:08 | INFO     | t=7377.5: LOCO[LOCO_01] → DECOUPLING at WS_01 (3.0 min)
15:20:08 | INFO     | t=7380.5: RAKE[W11014,W4479] → DECOUPLING at WS_01 (1 couplings, 3.0 min)
15:20:08 | INFO     | t=7383.5: WAGON[W11014] → RETROFIT_STARTED at WS_01
15:20:08 | INFO     | t=7383.5: WAGON[W4479] → RETROFIT_STARTED at WS_01
15:20:08 | INFO     | t=7388.5: DISPATCHER → Hold override for retrofitted_to_parking (waited 348.0 min >= max 45.0 min)
15:20:08 | INFO     | t=7388.5: DISPATCHER → Hold override for collection_to_retrofit (waited 45.0 min >= max 30.0 min)
15:20:08 | INFO     | t=7388.5: DISPATCHER → Assigned loco LOCO_01 to collection_to_retrofit (waited 45.0 min, pending=1)
15:20:08 | INFO     | t=7388.5: DISPATCHER → Hold override for retrofitted_to_parking (waited 348.0 min >= max 45.0 min)
15:20:08 | INFO     | t=7403.5: LOCO[LOCO_02] → TRAIN_PREP at collection (coupling + prep, 3.0 min)
15:20:08 | INFO     | t=7417.5: RAKE[W4522,W7155] → COUPLING at WS_02 (1 couplings, 0.5 min)
15:20:08 | INFO     | t=7418.0: LOCO → Allocating for pickup from WS_02
15:20:08 | INFO     | t=7418.0: DISPATCHER → Task submitted: workshop_to_retrofitted (pending=2)
15:20:08 | INFO     | t=7443.5: RAKE[W11014,W4479] → COUPLING at WS_01 (1 couplings, 0.5 min)
15:20:08 | INFO     | t=7444.0: LOCO → Allocating for pickup from WS_01
15:20:08 | INFO     | t=7444.0: DISPATCHER → Task submitted: workshop_to_retrofitted (pending=3)
15:20:08 | INFO     | t=7448.5: LOCO[LOCO_01] → TRAIN_PREP at collection (coupling + prep, 5.0 min)
15:20:08 | INFO     | t=7466.5: LOCO[LOCO_02] → DECOUPLING at retrofit (3.0 min)
15:20:08 | INFO     | t=7469.5: RAKE[W9067] → DECOUPLING at retrofit (0 couplings, 0.0 min)
15:20:08 | INFO     | t=7474.5: Batch size limited by retrofit capacity: 1 wagons (12.5m) fits, 21 waiting
15:20:08 | INFO     | t=7474.5: DISPATCHER → Hold override for retrofitted_to_parking (waited 434.0 min >= max 45.0 min)
15:20:08 | INFO     | t=7474.5: DISPATCHER → Assigned loco LOCO_02 to retrofitted_to_parking (waited 434.0 min, pending=2)
15:20:08 | INFO     | t=7474.5: COLLECTION → Reserving retrofit track capacity for 1 wagons
15:20:08 | INFO     | t=7474.5: LOCO[LOCO_02] → Allocated for parking transport
15:20:08 | INFO     | t=7474.5: COLLECTION → Capacity reserved, allocating locomotive
15:20:08 | INFO     | t=7474.5: DISPATCHER → Task submitted: collection_to_retrofit (pending=3)
15:20:08 | INFO     | t=7479.5: LOCO[LOCO_02] → TRAIN_PREP at retrofitted (coupling + prep, 3.0 min)
15:20:08 | INFO     | t=7513.5: LOCO[LOCO_01] → DECOUPLING at retrofit (6.0 min)
15:20:08 | INFO     | t=7519.5: RAKE[W6246,W5947] → DECOUPLING at retrofit (1 couplings, 3.0 min)
15:20:08 | INFO     | t=7527.5: Batch size limited by retrofit capacity: 1 wagons (22.4m) fits, 18 waiting
15:20:08 | INFO     | t=7527.5: DISPATCHER → Hold override for collection_to_retrofit (waited 53.0 min >= max 30.0 min)
15:20:08 | INFO     | t=7527.5: DISPATCHER → Assigned loco LOCO_01 to collection_to_retrofit (waited 53.0 min, pending=2)
15:20:08 | INFO     | t=7527.5: COLLECTION → Reserving retrofit track capacity for 1 wagons
15:20:08 | INFO     | t=7557.5: LOCO[LOCO_02] → DECOUPLING at parking14 (2.0 min)
15:20:08 | INFO     | t=7559.5: RAKE[W11766,W10878,W10889,W5978] → DECOUPLING at parking14 (3 couplings, 1.5 min)
15:20:08 | INFO     | t=7587.5: LOCO[LOCO_01] → TRAIN_PREP at collection (coupling + prep, 3.0 min)
15:20:08 | INFO     | t=7621.0: LOCO[LOCO_02] → Releasing
15:20:08 | INFO     | t=7621.0: LOCO[LOCO_02] → Released
15:20:08 | INFO     | t=7621.0: PARKING → Got wagon W4793 from retrofitted
15:20:08 | INFO     | t=7621.0: DISPATCHER → Assigned loco LOCO_02 to workshop_to_retrofitted (waited 203.0 min, pending=1)
15:20:08 | INFO     | t=7621.0: LOCO[LOCO_02] → Allocated for pickup
15:20:08 | INFO     | t=7621.0: LOCO → Allocating for parking transport
15:20:08 | INFO     | t=7621.0: DISPATCHER → Task submitted: retrofitted_to_parking (pending=2)
15:20:08 | INFO     | t=7628.0: LOCO[LOCO_02] → TRAIN_PREP completed at WS_02 (2.0 min)
15:20:08 | INFO     | t=7633.0: BATCH → Putting 2 wagons on retrofitted track retrofitted
15:20:08 | INFO     | t=7633.0: WAGON[W4522] → Added to retrofitted track retrofitted
15:20:08 | INFO     | t=7633.0: WAGON[W7155] → Added to retrofitted track retrofitted
15:20:08 | INFO     | t=7638.0: WORKSHOP[WS_02] → Released, notifying 1 waiting processes
15:20:08 | INFO     | t=7638.0: WORKSHOP → Workshop became available
15:20:08 | INFO     | t=7638.0: WORKSHOP[WS_02] → Selected for batch
15:20:08 | INFO     | t=7638.0: DISPATCHER → Assigned loco LOCO_02 to workshop_to_retrofitted (waited 194.0 min, pending=1)
15:20:08 | INFO     | t=7638.0: WAGON[W5446] → Added to batch
15:20:08 | INFO     | t=7638.0: BATCH[W9040,W5446] → Formed 2 wagons for WS_02
15:20:08 | INFO     | t=7638.0: LOCO[LOCO_02] → Allocated for pickup
15:20:08 | INFO     | t=7638.0: TRACK[retrofit] → Removed 2 wagons (34.4m freed)
15:20:08 | INFO     | t=7638.0: DISPATCHER → Task submitted: retrofit_to_workshop (pending=2)
15:20:08 | INFO     | t=7638.0: COLLECTION → Capacity reserved, allocating locomotive
15:20:08 | INFO     | t=7638.0: DISPATCHER → Task submitted: collection_to_retrofit (pending=3)
15:20:08 | INFO     | t=7645.0: LOCO[LOCO_02] → TRAIN_PREP completed at WS_01 (2.0 min)
15:20:08 | INFO     | t=7650.0: BATCH → Putting 2 wagons on retrofitted track retrofitted
15:20:08 | INFO     | t=7650.0: WAGON[W11014] → Added to retrofitted track retrofitted
15:20:08 | INFO     | t=7650.0: WAGON[W4479] → Added to retrofitted track retrofitted
15:20:08 | INFO     | t=7650.5: LOCO[LOCO_01] → DECOUPLING at retrofit (3.0 min)
15:20:08 | INFO     | t=7653.5: RAKE[W11596] → DECOUPLING at retrofit (0 couplings, 0.0 min)
15:20:08 | INFO     | t=7655.0: WORKSHOP[WS_01] → Released, notifying 0 waiting processes
15:20:08 | INFO     | t=7655.0: DISPATCHER → Assigned loco LOCO_02 to retrofit_to_workshop (waited 17.0 min, pending=2)
15:20:08 | INFO     | t=7655.0: RAKE[W9040,W5446] → COUPLING at retrofit (1 couplings, 2.0 min)
15:20:08 | INFO     | t=7655.0: WAGON[W10881] → Retrieved from retrofit queue
15:20:08 | INFO     | t=7655.0: WORKSHOP[WS_01] → Selected for batch
15:20:08 | INFO     | t=7655.0: WAGON[W2737] → Added to batch
15:20:08 | INFO     | t=7655.0: BATCH[W10881,W2737] → Formed 2 wagons for WS_01
15:20:08 | INFO     | t=7655.0: TRACK[retrofit] → Removed 2 wagons (36.6m freed)
15:20:08 | INFO     | t=7655.0: DISPATCHER → Task submitted: retrofit_to_workshop (pending=3)
15:20:08 | INFO     | t=7658.5: DISPATCHER → Assigned loco LOCO_01 to collection_to_retrofit (waited 20.5 min, pending=2)
15:20:08 | INFO     | t=7658.5: Batch size limited by retrofit capacity: 4 wagons (57.4m) fits, 17 waiting
15:20:08 | INFO     | t=7658.5: COLLECTION → Reserving retrofit track capacity for 4 wagons
15:20:08 | INFO     | t=7658.5: COLLECTION → Capacity reserved, allocating locomotive
15:20:08 | INFO     | t=7658.5: DISPATCHER → Task submitted: collection_to_retrofit (pending=3)
15:20:08 | INFO     | t=7662.0: LOCO[LOCO_02] → COUPLING at retrofit (2.0 min)
15:20:08 | INFO     | t=7664.0: LOCO[LOCO_02] → SHUNTING_PREP at retrofit (1.0 min)
15:20:08 | INFO     | t=7670.0: LOCO[LOCO_02] → DECOUPLING at WS_02 (3.0 min)
15:20:08 | INFO     | t=7673.0: RAKE[W9040,W5446] → DECOUPLING at WS_02 (1 couplings, 3.0 min)
15:20:08 | INFO     | t=7676.0: WAGON[W9040] → RETROFIT_STARTED at WS_02
15:20:08 | INFO     | t=7676.0: WAGON[W5446] → RETROFIT_STARTED at WS_02
15:20:08 | INFO     | t=7681.0: DISPATCHER → Hold override for retrofitted_to_parking (waited 60.0 min >= max 45.0 min)
15:20:08 | INFO     | t=7681.0: DISPATCHER → Assigned loco LOCO_02 to retrofit_to_workshop (waited 26.0 min, pending=2)
15:20:08 | INFO     | t=7681.0: DISPATCHER → Hold override for retrofitted_to_parking (waited 60.0 min >= max 45.0 min)
15:20:08 | INFO     | t=7681.0: RAKE[W10881,W2737] → COUPLING at retrofit (1 couplings, 2.0 min)
15:20:08 | INFO     | t=7681.0: WAGON[W0607] → Retrieved from retrofit queue
15:20:08 | INFO     | t=7681.0: WORKSHOP → No workshop available, waiting...
15:20:08 | INFO     | t=7688.0: LOCO[LOCO_02] → COUPLING at retrofit (2.0 min)
15:20:08 | INFO     | t=7690.0: LOCO[LOCO_02] → SHUNTING_PREP at retrofit (1.0 min)
15:20:08 | INFO     | t=7696.0: LOCO[LOCO_02] → DECOUPLING at WS_01 (3.0 min)
15:20:08 | INFO     | t=7699.0: RAKE[W10881,W2737] → DECOUPLING at WS_01 (1 couplings, 3.0 min)
15:20:08 | INFO     | t=7702.0: WAGON[W10881] → RETROFIT_STARTED at WS_01
15:20:08 | INFO     | t=7702.0: WAGON[W2737] → RETROFIT_STARTED at WS_01
15:20:08 | INFO     | t=7707.0: DISPATCHER → Hold override for retrofitted_to_parking (waited 86.0 min >= max 45.0 min)
15:20:08 | INFO     | t=7707.0: DISPATCHER → Hold override for collection_to_retrofit (waited 48.5 min >= max 30.0 min)
15:20:08 | INFO     | t=7707.0: DISPATCHER → Assigned loco LOCO_02 to collection_to_retrofit (waited 48.5 min, pending=1)
15:20:08 | INFO     | t=7707.0: DISPATCHER → Hold override for retrofitted_to_parking (waited 86.0 min >= max 45.0 min)
15:20:08 | INFO     | t=7718.5: LOCO[LOCO_01] → TRAIN_PREP at collection (coupling + prep, 3.0 min)
15:20:08 | INFO     | t=7736.0: RAKE[W9040,W5446] → COUPLING at WS_02 (1 couplings, 0.5 min)
15:20:08 | INFO     | t=7736.5: LOCO → Allocating for pickup from WS_02
15:20:08 | INFO     | t=7736.5: DISPATCHER → Task submitted: workshop_to_retrofitted (pending=2)
15:20:08 | INFO     | t=7762.0: RAKE[W10881,W2737] → COUPLING at WS_01 (1 couplings, 0.5 min)
15:20:08 | INFO     | t=7762.5: LOCO → Allocating for pickup from WS_01
15:20:08 | INFO     | t=7762.5: DISPATCHER → Task submitted: workshop_to_retrofitted (pending=3)
15:20:08 | INFO     | t=7767.0: LOCO[LOCO_02] → TRAIN_PREP at collection (coupling + prep, 9.0 min)
15:20:08 | INFO     | t=7781.5: LOCO[LOCO_01] → DECOUPLING at retrofit (3.0 min)
15:20:08 | INFO     | t=7784.5: RAKE[W8085] → DECOUPLING at retrofit (0 couplings, 0.0 min)
15:20:08 | INFO     | t=7789.5: Batch size limited by retrofit capacity: 1 wagons (19.9m) fits, 17 waiting
15:20:08 | INFO     | t=7789.5: DISPATCHER → Hold override for retrofitted_to_parking (waited 168.5 min >= max 45.0 min)
15:20:08 | INFO     | t=7789.5: DISPATCHER → Assigned loco LOCO_01 to retrofitted_to_parking (waited 168.5 min, pending=2)
15:20:08 | INFO     | t=7789.5: COLLECTION → Reserving retrofit track capacity for 1 wagons
15:20:08 | INFO     | t=7789.5: LOCO[LOCO_01] → Allocated for parking transport
15:20:08 | INFO     | t=7794.5: LOCO[LOCO_01] → TRAIN_PREP at retrofitted (coupling + prep, 5.0 min)
15:20:08 | INFO     | t=7836.0: LOCO[LOCO_02] → DECOUPLING at retrofit (12.0 min)
15:20:08 | INFO     | t=7848.0: RAKE[W10957,W6303,W10958,W6277] → DECOUPLING at retrofit (3 couplings, 9.0 min)
15:20:08 | INFO     | t=7862.0: Batch size limited by retrofit capacity: 1 wagons (15.7m) fits, 16 waiting
15:20:08 | INFO     | t=7862.0: DISPATCHER → Assigned loco LOCO_02 to workshop_to_retrofitted (waited 125.5 min, pending=1)
15:20:08 | INFO     | t=7862.0: COLLECTION → Reserving retrofit track capacity for 1 wagons
15:20:08 | INFO     | t=7862.0: LOCO[LOCO_02] → Allocated for pickup
15:20:08 | INFO     | t=7869.0: LOCO[LOCO_02] → TRAIN_PREP completed at WS_02 (2.0 min)
15:20:08 | INFO     | t=7874.0: BATCH → Putting 2 wagons on retrofitted track retrofitted
15:20:08 | INFO     | t=7874.0: WAGON[W9040] → Added to retrofitted track retrofitted
15:20:08 | INFO     | t=7874.0: WAGON[W5446] → Added to retrofitted track retrofitted
15:20:08 | INFO     | t=7874.5: LOCO[LOCO_01] → DECOUPLING at parking15 (4.0 min)
15:20:08 | INFO     | t=7878.5: RAKE[W4793,W7261,W4726,W8705,W7263,W5127,W6339,W5057] → DECOUPLING at parking15 (7 couplings, 3.5 min)
15:20:08 | INFO     | t=7879.0: WORKSHOP[WS_02] → Released, notifying 1 waiting processes
15:20:08 | INFO     | t=7879.0: WORKSHOP → Workshop became available
15:20:08 | INFO     | t=7879.0: WORKSHOP[WS_02] → Selected for batch
15:20:08 | INFO     | t=7879.0: DISPATCHER → Assigned loco LOCO_02 to workshop_to_retrofitted (waited 116.5 min, pending=0)
15:20:08 | INFO     | t=7879.0: WAGON[W0032] → Added to batch
15:20:08 | INFO     | t=7879.0: BATCH[W0607,W0032] → Formed 2 wagons for WS_02
15:20:08 | INFO     | t=7879.0: LOCO[LOCO_02] → Allocated for pickup
15:20:08 | INFO     | t=7879.0: TRACK[retrofit] → Removed 2 wagons (39.6m freed)
15:20:08 | INFO     | t=7879.0: DISPATCHER → Task submitted: retrofit_to_workshop (pending=1)
15:20:08 | INFO     | t=7879.0: COLLECTION → Capacity reserved, allocating locomotive
15:20:08 | INFO     | t=7879.0: DISPATCHER → Task submitted: collection_to_retrofit (pending=2)
15:20:08 | INFO     | t=7879.0: COLLECTION → Capacity reserved, allocating locomotive
15:20:08 | INFO     | t=7879.0: DISPATCHER → Task submitted: collection_to_retrofit (pending=3)
15:20:08 | INFO     | EVENT_PUBLISHED: TrainArrivedEvent | train=T102 | time=7881.5
15:20:08 | INFO     | EVENT_HANDLING: TrainArrivedEvent -> RetrofitWorkshopContext._handle_train_arrived
15:20:08 | INFO     | EVENT_HANDLED: TrainArrivedEvent by RetrofitWorkshopContext._handle_train_arrived
15:20:08 | INFO     | t=7886.0: LOCO[LOCO_02] → TRAIN_PREP completed at WS_01 (2.0 min)
15:20:08 | INFO     | t=7891.0: BATCH → Putting 2 wagons on retrofitted track retrofitted
15:20:08 | INFO     | t=7891.0: WAGON[W10881] → Added to retrofitted track retrofitted
15:20:08 | INFO     | t=7891.0: WAGON[W2737] → Added to retrofitted track retrofitted
15:20:08 | INFO     | t=7896.0: WORKSHOP[WS_01] → Released, notifying 0 waiting processes
15:20:08 | INFO     | t=7896.0: DISPATCHER → Assigned loco LOCO_02 to retrofit_to_workshop (waited 17.0 min, pending=2)
15:20:08 | INFO     | t=7896.0: RAKE[W0607,W0032] → COUPLING at retrofit (1 couplings, 2.0 min)
15:20:08 | INFO     | t=7896.0: WAGON[W10081] → Retrieved from retrofit queue
15:20:08 | INFO     | t=7896.0: WORKSHOP[WS_01] → Selected for batch
15:20:08 | INFO     | t=7896.0: WAGON[W6592] → Added to batch
15:20:08 | INFO     | t=7896.0: BATCH[W10081,W6592] → Formed 2 wagons for WS_01
15:20:08 | INFO     | t=7896.0: TRACK[retrofit] → Removed 2 wagons (28.2m freed)
15:20:08 | INFO     | t=7896.0: DISPATCHER → Task submitted: retrofit_to_workshop (pending=3)
15:20:08 | INFO     | t=7903.0: LOCO[LOCO_02] → COUPLING at retrofit (2.0 min)
15:20:08 | INFO     | t=7905.0: LOCO[LOCO_02] → SHUNTING_PREP at retrofit (1.0 min)
15:20:08 | INFO     | t=7911.0: LOCO[LOCO_02] → DECOUPLING at WS_02 (3.0 min)
15:20:08 | INFO     | t=7914.0: RAKE[W0607,W0032] → DECOUPLING at WS_02 (1 couplings, 3.0 min)
15:20:08 | INFO     | t=7917.0: WAGON[W0607] → RETROFIT_STARTED at WS_02
15:20:08 | INFO     | t=7917.0: WAGON[W0032] → RETROFIT_STARTED at WS_02
15:20:08 | INFO     | t=7922.0: DISPATCHER → Hold override for collection_to_retrofit (waited 43.0 min >= max 30.0 min)
15:20:08 | INFO     | t=7922.0: DISPATCHER → Hold override for collection_to_retrofit (waited 43.0 min >= max 30.0 min)
15:20:08 | INFO     | t=7922.0: DISPATCHER → Assigned loco LOCO_02 to collection_to_retrofit (waited 43.0 min, pending=2)
15:20:08 | INFO     | t=7922.0: DISPATCHER → Hold override for collection_to_retrofit (waited 43.0 min >= max 30.0 min)
15:20:08 | INFO     | EVENT_PUBLISHED: TrainArrivedEvent | train=T103 | time=7926.0
15:20:08 | INFO     | EVENT_HANDLING: TrainArrivedEvent -> RetrofitWorkshopContext._handle_train_arrived
15:20:08 | INFO     | EVENT_HANDLED: TrainArrivedEvent by RetrofitWorkshopContext._handle_train_arrived
15:20:08 | INFO     | EVENT_PUBLISHED: TrainArrivedEvent | train=T104 | time=7927.8
15:20:08 | INFO     | EVENT_HANDLING: TrainArrivedEvent -> RetrofitWorkshopContext._handle_train_arrived
15:20:08 | INFO     | EVENT_HANDLED: TrainArrivedEvent by RetrofitWorkshopContext._handle_train_arrived
15:20:08 | INFO     | t=7942.0: LOCO[LOCO_01] → Releasing
15:20:08 | INFO     | t=7942.0: LOCO[LOCO_01] → Released
15:20:08 | INFO     | t=7942.0: PARKING → Got wagon W4522 from retrofitted
15:20:08 | INFO     | t=7942.0: DISPATCHER → Hold override for collection_to_retrofit (waited 63.0 min >= max 30.0 min)
15:20:08 | INFO     | t=7942.0: DISPATCHER → Assigned loco LOCO_01 to collection_to_retrofit (waited 63.0 min, pending=1)
15:20:08 | INFO     | t=7942.0: LOCO → Allocating for parking transport
15:20:08 | INFO     | t=7942.0: DISPATCHER → Task submitted: retrofitted_to_parking (pending=2)
15:20:08 | INFO     | t=7977.0: RAKE[W0607,W0032] → COUPLING at WS_02 (1 couplings, 0.5 min)
15:20:08 | INFO     | t=7977.5: LOCO → Allocating for pickup from WS_02
15:20:08 | INFO     | t=7977.5: DISPATCHER → Task submitted: workshop_to_retrofitted (pending=3)
15:20:08 | INFO     | t=7982.0: LOCO[LOCO_02] → TRAIN_PREP at collection (coupling + prep, 3.0 min)
15:20:08 | INFO     | EVENT_PUBLISHED: TrainArrivedEvent | train=T105 | time=7982.8
15:20:08 | INFO     | EVENT_HANDLING: TrainArrivedEvent -> RetrofitWorkshopContext._handle_train_arrived
15:20:08 | INFO     | EVENT_HANDLED: TrainArrivedEvent by RetrofitWorkshopContext._handle_train_arrived
15:20:08 | INFO     | t=8002.0: LOCO[LOCO_01] → TRAIN_PREP at collection (coupling + prep, 3.0 min)
15:20:08 | INFO     | t=8045.0: LOCO[LOCO_02] → DECOUPLING at retrofit (3.0 min)
15:20:08 | INFO     | t=8048.0: RAKE[W4368] → DECOUPLING at retrofit (0 couplings, 0.0 min)
15:20:08 | INFO     | t=8053.0: Batch size limited by retrofit capacity: 1 wagons (28.5m) fits, 18 waiting
15:20:08 | INFO     | t=8053.0: DISPATCHER → Hold override for retrofitted_to_parking (waited 111.0 min >= max 45.0 min)
15:20:08 | INFO     | t=8053.0: DISPATCHER → Assigned loco LOCO_02 to retrofit_to_workshop (waited 157.0 min, pending=2)
15:20:08 | INFO     | t=8053.0: DISPATCHER → Hold override for retrofitted_to_parking (waited 111.0 min >= max 45.0 min)
15:20:08 | INFO     | t=8053.0: COLLECTION → Reserving retrofit track capacity for 1 wagons
15:20:08 | INFO     | t=8053.0: RAKE[W10081,W6592] → COUPLING at retrofit (1 couplings, 2.0 min)
15:20:08 | INFO     | t=8053.0: COLLECTION → Capacity reserved, allocating locomotive
15:20:08 | INFO     | t=8053.0: DISPATCHER → Task submitted: collection_to_retrofit (pending=3)
15:20:08 | INFO     | t=8053.0: WAGON[W5711] → Retrieved from retrofit queue
15:20:08 | INFO     | t=8053.0: WORKSHOP → No workshop available, waiting...
15:20:08 | INFO     | t=8060.0: LOCO[LOCO_02] → COUPLING at retrofit (2.0 min)
15:20:08 | INFO     | t=8062.0: LOCO[LOCO_02] → SHUNTING_PREP at retrofit (1.0 min)
15:20:08 | INFO     | t=8065.0: LOCO[LOCO_01] → DECOUPLING at retrofit (3.0 min)
15:20:08 | INFO     | EVENT_PUBLISHED: TrainArrivedEvent | train=T106 | time=8067.0
15:20:08 | INFO     | EVENT_HANDLING: TrainArrivedEvent -> RetrofitWorkshopContext._handle_train_arrived
15:20:08 | INFO     | EVENT_HANDLED: TrainArrivedEvent by RetrofitWorkshopContext._handle_train_arrived
15:20:08 | INFO     | t=8068.0: LOCO[LOCO_02] → DECOUPLING at WS_01 (3.0 min)
15:20:08 | INFO     | t=8068.0: RAKE[W6634] → DECOUPLING at retrofit (0 couplings, 0.0 min)
15:20:08 | INFO     | t=8071.0: RAKE[W10081,W6592] → DECOUPLING at WS_01 (1 couplings, 3.0 min)
15:20:08 | INFO     | t=8073.0: Batch size limited by retrofit capacity: 1 wagons (14.0m) fits, 19 waiting
15:20:08 | INFO     | t=8073.0: DISPATCHER → Hold override for retrofitted_to_parking (waited 131.0 min >= max 45.0 min)
15:20:08 | INFO     | t=8073.0: DISPATCHER → Assigned loco LOCO_01 to workshop_to_retrofitted (waited 95.5 min, pending=2)
15:20:08 | INFO     | t=8073.0: DISPATCHER → Hold override for retrofitted_to_parking (waited 131.0 min >= max 45.0 min)
15:20:08 | INFO     | t=8073.0: COLLECTION → Reserving retrofit track capacity for 1 wagons
15:20:08 | INFO     | t=8073.0: LOCO[LOCO_01] → Allocated for pickup
15:20:08 | INFO     | t=8074.0: WAGON[W10081] → RETROFIT_STARTED at WS_01
15:20:08 | INFO     | t=8074.0: WAGON[W6592] → RETROFIT_STARTED at WS_01
15:20:08 | INFO     | t=8079.0: DISPATCHER → Hold override for retrofitted_to_parking (waited 137.0 min >= max 45.0 min)
15:20:08 | INFO     | t=8079.0: DISPATCHER → Assigned loco LOCO_02 to retrofitted_to_parking (waited 137.0 min, pending=1)
15:20:08 | INFO     | t=8079.0: LOCO[LOCO_02] → Allocated for parking transport
15:20:08 | INFO     | t=8080.0: LOCO[LOCO_01] → TRAIN_PREP completed at WS_02 (2.0 min)
15:20:08 | INFO     | t=8084.0: DISPATCHER → Hold override for collection_to_retrofit (waited 31.0 min >= max 30.0 min)
15:20:08 | INFO     | t=8084.0: LOCO[LOCO_02] → TRAIN_PREP at retrofitted (coupling + prep, 5.0 min)
15:20:08 | INFO     | t=8085.0: BATCH → Putting 2 wagons on retrofitted track retrofitted
15:20:08 | INFO     | t=8085.0: WAGON[W0607] → Added to retrofitted track retrofitted
15:20:08 | INFO     | t=8085.0: WAGON[W0032] → Added to retrofitted track retrofitted
15:20:08 | INFO     | EVENT_PUBLISHED: TrainArrivedEvent | train=T107 | time=8087.8
15:20:08 | INFO     | EVENT_HANDLING: TrainArrivedEvent -> RetrofitWorkshopContext._handle_train_arrived
15:20:08 | INFO     | EVENT_HANDLED: TrainArrivedEvent by RetrofitWorkshopContext._handle_train_arrived
15:20:08 | INFO     | t=8090.0: WORKSHOP[WS_02] → Released, notifying 1 waiting processes
15:20:08 | INFO     | t=8090.0: WORKSHOP → Workshop became available
15:20:08 | INFO     | t=8090.0: WORKSHOP[WS_02] → Selected for batch
15:20:08 | INFO     | t=8090.0: DISPATCHER → Hold override for collection_to_retrofit (waited 37.0 min >= max 30.0 min)
15:20:08 | INFO     | t=8090.0: DISPATCHER → Assigned loco LOCO_01 to collection_to_retrofit (waited 37.0 min, pending=0)
15:20:08 | INFO     | t=8090.0: WAGON[W6884] → Added to batch
15:20:08 | INFO     | t=8090.0: BATCH[W5711,W6884] → Formed 2 wagons for WS_02
15:20:08 | INFO     | t=8090.0: TRACK[retrofit] → Removed 2 wagons (28.1m freed)
15:20:08 | INFO     | t=8090.0: DISPATCHER → Task submitted: retrofit_to_workshop (pending=1)
15:20:08 | INFO     | t=8090.0: COLLECTION → Capacity reserved, allocating locomotive
15:20:08 | INFO     | t=8090.0: DISPATCHER → Task submitted: collection_to_retrofit (pending=2)
15:20:08 | INFO     | EVENT_PUBLISHED: TrainArrivedEvent | train=T108 | time=8114.8
15:20:08 | INFO     | EVENT_HANDLING: TrainArrivedEvent -> RetrofitWorkshopContext._handle_train_arrived
15:20:08 | INFO     | EVENT_HANDLED: TrainArrivedEvent by RetrofitWorkshopContext._handle_train_arrived
15:20:08 | INFO     | t=8134.0: RAKE[W10081,W6592] → COUPLING at WS_01 (1 couplings, 0.5 min)
15:20:08 | INFO     | t=8134.5: LOCO → Allocating for pickup from WS_01
15:20:08 | INFO     | t=8134.5: DISPATCHER → Task submitted: workshop_to_retrofitted (pending=3)
15:20:08 | INFO     | t=8150.0: LOCO[LOCO_01] → TRAIN_PREP at collection (coupling + prep, 3.0 min)
15:20:08 | INFO     | t=8164.0: LOCO[LOCO_02] → DECOUPLING at parking14 (4.0 min)
15:20:08 | INFO     | t=8168.0: RAKE[W4522,W7155,W11014,W4479,W9040,W5446,W10881,W2737] → DECOUPLING at parking14 (7 couplings, 3.5 min)
15:20:08 | INFO     | t=8213.0: LOCO[LOCO_01] → DECOUPLING at retrofit (3.0 min)
15:20:08 | INFO     | t=8216.0: RAKE[W0677] → DECOUPLING at retrofit (0 couplings, 0.0 min)
15:20:08 | INFO     | t=8221.0: Batch size limited by retrofit capacity: 1 wagons (13.2m) fits, 19 waiting
15:20:08 | INFO     | t=8221.0: DISPATCHER → Hold override for collection_to_retrofit (waited 131.0 min >= max 30.0 min)
15:20:08 | INFO     | t=8221.0: DISPATCHER → Assigned loco LOCO_01 to retrofit_to_workshop (waited 131.0 min, pending=2)
15:20:08 | INFO     | t=8221.0: DISPATCHER → Hold override for collection_to_retrofit (waited 131.0 min >= max 30.0 min)
15:20:08 | INFO     | t=8221.0: COLLECTION → Reserving retrofit track capacity for 1 wagons
15:20:08 | INFO     | t=8221.0: RAKE[W5711,W6884] → COUPLING at retrofit (1 couplings, 2.0 min)
15:20:08 | INFO     | t=8221.0: COLLECTION → Capacity reserved, allocating locomotive
15:20:08 | INFO     | t=8221.0: DISPATCHER → Task submitted: collection_to_retrofit (pending=3)
15:20:08 | INFO     | t=8221.0: WAGON[W7253] → Retrieved from retrofit queue
15:20:08 | INFO     | t=8221.0: WORKSHOP → No workshop available, waiting...
15:20:08 | INFO     | t=8228.0: LOCO[LOCO_01] → COUPLING at retrofit (2.0 min)
15:20:08 | INFO     | t=8230.0: LOCO[LOCO_01] → SHUNTING_PREP at retrofit (1.0 min)
15:20:08 | INFO     | t=8231.5: LOCO[LOCO_02] → Releasing
15:20:08 | INFO     | t=8231.5: LOCO[LOCO_02] → Released
15:20:08 | INFO     | t=8231.5: PARKING → Got wagon W0607 from retrofitted
15:20:08 | INFO     | t=8231.5: DISPATCHER → Hold override for collection_to_retrofit (waited 141.5 min >= max 30.0 min)
15:20:08 | INFO     | t=8231.5: DISPATCHER → Assigned loco LOCO_02 to collection_to_retrofit (waited 141.5 min, pending=2)
15:20:08 | INFO     | t=8231.5: LOCO → Allocating for parking transport
15:20:08 | INFO     | t=8231.5: DISPATCHER → Task submitted: retrofitted_to_parking (pending=3)
15:20:08 | INFO     | t=8236.0: LOCO[LOCO_01] → DECOUPLING at WS_02 (3.0 min)
15:20:08 | INFO     | t=8239.0: RAKE[W5711,W6884] → DECOUPLING at WS_02 (1 couplings, 3.0 min)
15:20:08 | INFO     | t=8242.0: WAGON[W5711] → RETROFIT_STARTED at WS_02
15:20:08 | INFO     | t=8242.0: WAGON[W6884] → RETROFIT_STARTED at WS_02
15:20:08 | INFO     | EVENT_PUBLISHED: TrainArrivedEvent | train=T109 | time=8246.5
15:20:08 | INFO     | EVENT_HANDLING: TrainArrivedEvent -> RetrofitWorkshopContext._handle_train_arrived
15:20:08 | INFO     | EVENT_HANDLED: TrainArrivedEvent by RetrofitWorkshopContext._handle_train_arrived
15:20:08 | INFO     | t=8247.0: DISPATCHER → Assigned loco LOCO_01 to workshop_to_retrofitted (waited 112.5 min, pending=2)
15:20:08 | INFO     | t=8247.0: LOCO[LOCO_01] → Allocated for pickup
15:20:08 | INFO     | t=8252.0: DISPATCHER → Hold override for collection_to_retrofit (waited 31.0 min >= max 30.0 min)
15:20:08 | INFO     | t=8254.0: LOCO[LOCO_01] → TRAIN_PREP completed at WS_01 (2.0 min)
15:20:08 | INFO     | t=8259.0: BATCH → Putting 2 wagons on retrofitted track retrofitted
15:20:08 | INFO     | t=8259.0: WAGON[W10081] → Added to retrofitted track retrofitted
15:20:08 | INFO     | t=8259.0: WAGON[W6592] → Added to retrofitted track retrofitted
15:20:08 | INFO     | t=8264.0: WORKSHOP[WS_01] → Released, notifying 1 waiting processes
15:20:08 | INFO     | t=8264.0: WORKSHOP → Workshop became available
15:20:08 | INFO     | t=8264.0: WORKSHOP[WS_01] → Selected for batch
15:20:08 | INFO     | t=8264.0: DISPATCHER → Hold override for collection_to_retrofit (waited 43.0 min >= max 30.0 min)
15:20:08 | INFO     | t=8264.0: DISPATCHER → Assigned loco LOCO_01 to collection_to_retrofit (waited 43.0 min, pending=1)
15:20:08 | INFO     | t=8264.0: WAGON[W8383] → Added to batch
15:20:08 | INFO     | t=8264.0: BATCH[W7253,W8383] → Formed 2 wagons for WS_01
15:20:08 | INFO     | t=8264.0: TRACK[retrofit] → Removed 2 wagons (47.5m freed)
15:20:08 | INFO     | t=8264.0: DISPATCHER → Task submitted: retrofit_to_workshop (pending=2)
15:20:08 | INFO     | EVENT_PUBLISHED: TrainArrivedEvent | train=T110 | time=8270.2
15:20:08 | INFO     | EVENT_HANDLING: TrainArrivedEvent -> RetrofitWorkshopContext._handle_train_arrived
15:20:08 | INFO     | EVENT_HANDLED: TrainArrivedEvent by RetrofitWorkshopContext._handle_train_arrived
15:20:08 | INFO     | EVENT_PUBLISHED: TrainArrivedEvent | train=T111 | time=8275.2
15:20:08 | INFO     | EVENT_HANDLING: TrainArrivedEvent -> RetrofitWorkshopContext._handle_train_arrived
15:20:08 | INFO     | EVENT_HANDLED: TrainArrivedEvent by RetrofitWorkshopContext._handle_train_arrived
15:20:08 | INFO     | t=8291.5: LOCO[LOCO_02] → TRAIN_PREP at collection (coupling + prep, 3.0 min)
15:20:08 | INFO     | t=8302.0: RAKE[W5711,W6884] → COUPLING at WS_02 (1 couplings, 0.5 min)
15:20:08 | INFO     | t=8302.5: LOCO → Allocating for pickup from WS_02
15:20:08 | INFO     | t=8302.5: DISPATCHER → Task submitted: workshop_to_retrofitted (pending=3)
15:20:08 | INFO     | t=8324.0: LOCO[LOCO_01] → TRAIN_PREP at collection (coupling + prep, 3.0 min)
15:20:08 | INFO     | EVENT_PUBLISHED: TrainArrivedEvent | train=T112 | time=8329.0
15:20:08 | INFO     | EVENT_HANDLING: TrainArrivedEvent -> RetrofitWorkshopContext._handle_train_arrived
15:20:08 | INFO     | EVENT_HANDLED: TrainArrivedEvent by RetrofitWorkshopContext._handle_train_arrived
15:20:08 | INFO     | EVENT_PUBLISHED: TrainArrivedEvent | train=T113 | time=8336.0
15:20:08 | INFO     | EVENT_HANDLING: TrainArrivedEvent -> RetrofitWorkshopContext._handle_train_arrived
15:20:08 | INFO     | EVENT_HANDLED: TrainArrivedEvent by RetrofitWorkshopContext._handle_train_arrived
15:20:08 | INFO     | EVENT_PUBLISHED: TrainArrivedEvent | train=T114 | time=8341.2
15:20:08 | INFO     | EVENT_HANDLING: TrainArrivedEvent -> RetrofitWorkshopContext._handle_train_arrived
15:20:08 | INFO     | EVENT_HANDLED: TrainArrivedEvent by RetrofitWorkshopContext._handle_train_arrived
15:20:08 | INFO     | EVENT_PUBLISHED: TrainArrivedEvent | train=T115 | time=8342.0
15:20:08 | INFO     | EVENT_HANDLING: TrainArrivedEvent -> RetrofitWorkshopContext._handle_train_arrived
15:20:08 | INFO     | EVENT_HANDLED: TrainArrivedEvent by RetrofitWorkshopContext._handle_train_arrived
15:20:08 | INFO     | t=8354.5: LOCO[LOCO_02] → DECOUPLING at retrofit (3.0 min)
15:20:08 | INFO     | t=8357.5: RAKE[W6025] → DECOUPLING at retrofit (0 couplings, 0.0 min)
15:20:08 | INFO     | t=8362.5: DISPATCHER → Hold override for retrofitted_to_parking (waited 131.0 min >= max 45.0 min)
15:20:08 | INFO     | t=8362.5: DISPATCHER → Assigned loco LOCO_02 to retrofit_to_workshop (waited 98.5 min, pending=2)
15:20:08 | INFO     | t=8362.5: DISPATCHER → Hold override for retrofitted_to_parking (waited 131.0 min >= max 45.0 min)
15:20:08 | INFO     | t=8362.5: RAKE[W7253,W8383] → COUPLING at retrofit (1 couplings, 2.0 min)
15:20:08 | INFO     | t=8362.5: WAGON[W2971] → Retrieved from retrofit queue
15:20:08 | INFO     | t=8362.5: WORKSHOP → No workshop available, waiting...
15:20:08 | INFO     | t=8362.5: Batch size limited by retrofit capacity: 4 wagons (51.1m) fits, 17 waiting
15:20:08 | INFO     | t=8362.5: COLLECTION → Reserving retrofit track capacity for 4 wagons
15:20:08 | INFO     | t=8362.5: COLLECTION → Capacity reserved, allocating locomotive
15:20:08 | INFO     | t=8362.5: DISPATCHER → Task submitted: collection_to_retrofit (pending=3)
15:20:08 | INFO     | t=8369.5: LOCO[LOCO_02] → COUPLING at retrofit (2.0 min)
15:20:08 | INFO     | t=8371.5: LOCO[LOCO_02] → SHUNTING_PREP at retrofit (1.0 min)
15:20:08 | INFO     | t=8377.5: LOCO[LOCO_02] → DECOUPLING at WS_01 (3.0 min)
15:20:08 | INFO     | t=8380.5: RAKE[W7253,W8383] → DECOUPLING at WS_01 (1 couplings, 3.0 min)
15:20:08 | INFO     | t=8383.5: WAGON[W7253] → RETROFIT_STARTED at WS_01
15:20:08 | INFO     | t=8383.5: WAGON[W8383] → RETROFIT_STARTED at WS_01
15:20:08 | INFO     | t=8387.0: LOCO[LOCO_01] → DECOUPLING at retrofit (3.0 min)
15:20:08 | INFO     | t=8388.5: DISPATCHER → Hold override for retrofitted_to_parking (waited 157.0 min >= max 45.0 min)
15:20:08 | INFO     | t=8388.5: DISPATCHER → Assigned loco LOCO_02 to workshop_to_retrofitted (waited 86.0 min, pending=2)
15:20:08 | INFO     | t=8388.5: DISPATCHER → Hold override for retrofitted_to_parking (waited 157.0 min >= max 45.0 min)
15:20:08 | INFO     | t=8388.5: LOCO[LOCO_02] → Allocated for pickup
15:20:08 | INFO     | t=8390.0: RAKE[W7265] → DECOUPLING at retrofit (0 couplings, 0.0 min)
15:20:08 | INFO     | t=8395.0: Batch size limited by retrofit capacity: 1 wagons (19.0m) fits, 19 waiting
15:20:08 | INFO     | t=8395.0: DISPATCHER → Hold override for retrofitted_to_parking (waited 163.5 min >= max 45.0 min)
15:20:08 | INFO     | t=8395.0: DISPATCHER → Hold override for collection_to_retrofit (waited 32.5 min >= max 30.0 min)
15:20:08 | INFO     | t=8395.0: DISPATCHER → Assigned loco LOCO_01 to collection_to_retrofit (waited 32.5 min, pending=1)
15:20:08 | INFO     | t=8395.0: DISPATCHER → Hold override for retrofitted_to_parking (waited 163.5 min >= max 45.0 min)
15:20:08 | INFO     | t=8395.0: COLLECTION → Reserving retrofit track capacity for 1 wagons
15:20:08 | INFO     | t=8395.5: LOCO[LOCO_02] → TRAIN_PREP completed at WS_02 (2.0 min)
15:20:08 | INFO     | t=8400.5: BATCH → Putting 2 wagons on retrofitted track retrofitted
15:20:08 | INFO     | t=8400.5: WAGON[W5711] → Added to retrofitted track retrofitted
15:20:08 | INFO     | t=8400.5: WAGON[W6884] → Added to retrofitted track retrofitted
15:20:08 | INFO     | t=8405.5: WORKSHOP[WS_02] → Released, notifying 1 waiting processes
15:20:08 | INFO     | t=8405.5: WORKSHOP → Workshop became available
15:20:08 | INFO     | t=8405.5: WORKSHOP[WS_02] → Selected for batch
15:20:08 | INFO     | t=8405.5: DISPATCHER → Hold override for retrofitted_to_parking (waited 174.0 min >= max 45.0 min)
15:20:08 | INFO     | t=8405.5: DISPATCHER → Assigned loco LOCO_02 to retrofitted_to_parking (waited 174.0 min, pending=0)
15:20:08 | INFO     | t=8405.5: WAGON[W5694] → Added to batch
15:20:08 | INFO     | t=8405.5: BATCH[W2971,W5694] → Formed 2 wagons for WS_02
15:20:08 | INFO     | t=8405.5: LOCO[LOCO_02] → Allocated for parking transport
15:20:08 | INFO     | t=8405.5: TRACK[retrofit] → Removed 2 wagons (37.3m freed)
15:20:08 | INFO     | t=8405.5: DISPATCHER → Task submitted: retrofit_to_workshop (pending=1)
15:20:08 | INFO     | t=8405.5: COLLECTION → Capacity reserved, allocating locomotive
15:20:08 | INFO     | t=8405.5: DISPATCHER → Task submitted: collection_to_retrofit (pending=2)
15:20:08 | INFO     | t=8410.5: LOCO[LOCO_02] → TRAIN_PREP at retrofitted (coupling + prep, 2.0 min)
15:20:08 | INFO     | t=8417.5: LOCO[LOCO_02] → DECOUPLING at parking1 (1.0 min)
15:20:08 | INFO     | t=8418.5: RAKE[W0607,W0032] → DECOUPLING at parking1 (1 couplings, 0.5 min)
15:20:08 | INFO     | t=8424.0: LOCO[LOCO_02] → Releasing
15:20:08 | INFO     | t=8424.0: LOCO[LOCO_02] → Released
15:20:08 | INFO     | t=8424.0: PARKING → Got wagon W10081 from retrofitted
15:20:08 | INFO     | t=8424.0: DISPATCHER → Assigned loco LOCO_02 to retrofit_to_workshop (waited 18.5 min, pending=1)
15:20:08 | INFO     | t=8424.0: RAKE[W2971,W5694] → COUPLING at retrofit (1 couplings, 2.0 min)
15:20:08 | INFO     | t=8424.0: WAGON[W9067] → Retrieved from retrofit queue
15:20:08 | INFO     | t=8424.0: WORKSHOP → No workshop available, waiting...
15:20:08 | INFO     | t=8424.0: LOCO → Allocating for parking transport
15:20:08 | INFO     | t=8424.0: DISPATCHER → Task submitted: retrofitted_to_parking (pending=2)
15:20:08 | INFO     | EVENT_PUBLISHED: TrainArrivedEvent | train=T116 | time=8425.5
15:20:08 | INFO     | EVENT_HANDLING: TrainArrivedEvent -> RetrofitWorkshopContext._handle_train_arrived
15:20:08 | INFO     | EVENT_HANDLED: TrainArrivedEvent by RetrofitWorkshopContext._handle_train_arrived
15:20:08 | INFO     | t=8431.0: LOCO[LOCO_02] → COUPLING at retrofit (2.0 min)
15:20:08 | INFO     | t=8433.0: LOCO[LOCO_02] → SHUNTING_PREP at retrofit (1.0 min)
15:20:08 | INFO     | t=8439.0: LOCO[LOCO_02] → DECOUPLING at WS_02 (3.0 min)
15:20:08 | INFO     | t=8442.0: RAKE[W2971,W5694] → DECOUPLING at WS_02 (1 couplings, 3.0 min)
15:20:08 | INFO     | t=8443.5: RAKE[W7253,W8383] → COUPLING at WS_01 (1 couplings, 0.5 min)
15:20:08 | INFO     | t=8444.0: LOCO → Allocating for pickup from WS_01
15:20:08 | INFO     | t=8444.0: DISPATCHER → Task submitted: workshop_to_retrofitted (pending=3)
15:20:08 | INFO     | t=8445.0: WAGON[W2971] → RETROFIT_STARTED at WS_02
15:20:08 | INFO     | t=8445.0: WAGON[W5694] → RETROFIT_STARTED at WS_02
15:20:08 | INFO     | t=8450.0: DISPATCHER → Hold override for collection_to_retrofit (waited 44.5 min >= max 30.0 min)
15:20:08 | INFO     | t=8450.0: DISPATCHER → Assigned loco LOCO_02 to collection_to_retrofit (waited 44.5 min, pending=2)
15:20:08 | INFO     | t=8455.0: LOCO[LOCO_01] → TRAIN_PREP at collection (coupling + prep, 9.0 min)
15:20:08 | INFO     | EVENT_PUBLISHED: TrainArrivedEvent | train=T117 | time=8456.5
15:20:08 | INFO     | EVENT_HANDLING: TrainArrivedEvent -> RetrofitWorkshopContext._handle_train_arrived
15:20:08 | INFO     | EVENT_HANDLED: TrainArrivedEvent by RetrofitWorkshopContext._handle_train_arrived
15:20:08 | INFO     | t=8505.0: RAKE[W2971,W5694] → COUPLING at WS_02 (1 couplings, 0.5 min)
15:20:08 | INFO     | t=8505.5: LOCO → Allocating for pickup from WS_02
15:20:08 | INFO     | t=8505.5: DISPATCHER → Task submitted: workshop_to_retrofitted (pending=3)
15:20:08 | INFO     | t=8510.0: LOCO[LOCO_02] → TRAIN_PREP at collection (coupling + prep, 3.0 min)
15:20:08 | INFO     | t=8524.0: LOCO[LOCO_01] → DECOUPLING at retrofit (12.0 min)
15:20:08 | INFO     | t=8536.0: RAKE[W11953,W9237,W11252,W12355] → DECOUPLING at retrofit (3 couplings, 9.0 min)
15:20:08 | INFO     | t=8550.0: Batch size limited by retrofit capacity: 1 wagons (23.3m) fits, 19 waiting
15:20:08 | INFO     | t=8550.0: DISPATCHER → Hold override for retrofitted_to_parking (waited 126.0 min >= max 45.0 min)
15:20:08 | INFO     | t=8550.0: DISPATCHER → Assigned loco LOCO_01 to workshop_to_retrofitted (waited 106.0 min, pending=2)
15:20:08 | INFO     | t=8550.0: DISPATCHER → Hold override for retrofitted_to_parking (waited 126.0 min >= max 45.0 min)
15:20:08 | INFO     | t=8550.0: COLLECTION → Reserving retrofit track capacity for 1 wagons
15:20:08 | INFO     | t=8550.0: LOCO[LOCO_01] → Allocated for pickup
15:20:08 | INFO     | t=8557.0: LOCO[LOCO_01] → TRAIN_PREP completed at WS_01 (2.0 min)
15:20:08 | INFO     | t=8562.0: BATCH → Putting 2 wagons on retrofitted track retrofitted
15:20:08 | INFO     | t=8562.0: WAGON[W7253] → Added to retrofitted track retrofitted
15:20:08 | INFO     | t=8562.0: WAGON[W8383] → Added to retrofitted track retrofitted
15:20:08 | INFO     | t=8567.0: WORKSHOP[WS_01] → Released, notifying 1 waiting processes
15:20:08 | INFO     | t=8567.0: WORKSHOP → Workshop became available
15:20:08 | INFO     | t=8567.0: WORKSHOP[WS_01] → Selected for batch
15:20:08 | INFO     | t=8567.0: DISPATCHER → Hold override for retrofitted_to_parking (waited 143.0 min >= max 45.0 min)
15:20:08 | INFO     | t=8567.0: DISPATCHER → Assigned loco LOCO_01 to workshop_to_retrofitted (waited 61.5 min, pending=1)
15:20:08 | INFO     | t=8567.0: DISPATCHER → Hold override for retrofitted_to_parking (waited 143.0 min >= max 45.0 min)
15:20:08 | INFO     | t=8567.0: WAGON[W6246] → Added to batch
15:20:08 | INFO     | t=8567.0: BATCH[W9067,W6246] → Formed 2 wagons for WS_01
15:20:08 | INFO     | t=8567.0: LOCO[LOCO_01] → Allocated for pickup
15:20:08 | INFO     | t=8567.0: TRACK[retrofit] → Removed 2 wagons (32.0m freed)
15:20:08 | INFO     | t=8567.0: DISPATCHER → Task submitted: retrofit_to_workshop (pending=2)
15:20:08 | INFO     | t=8567.0: COLLECTION → Capacity reserved, allocating locomotive
15:20:08 | INFO     | t=8567.0: DISPATCHER → Task submitted: collection_to_retrofit (pending=3)
15:20:08 | INFO     | EVENT_PUBLISHED: TrainArrivedEvent | train=T118 | time=8572.8
15:20:08 | INFO     | EVENT_HANDLING: TrainArrivedEvent -> RetrofitWorkshopContext._handle_train_arrived
15:20:08 | INFO     | EVENT_HANDLED: TrainArrivedEvent by RetrofitWorkshopContext._handle_train_arrived
15:20:08 | INFO     | t=8573.0: LOCO[LOCO_02] → DECOUPLING at retrofit (3.0 min)
15:20:08 | INFO     | t=8574.0: LOCO[LOCO_01] → TRAIN_PREP completed at WS_02 (2.0 min)
15:20:08 | INFO     | t=8576.0: RAKE[W7316] → DECOUPLING at retrofit (0 couplings, 0.0 min)
15:20:08 | INFO     | t=8579.0: BATCH → Putting 2 wagons on retrofitted track retrofitted
15:20:08 | INFO     | t=8579.0: WAGON[W2971] → Added to retrofitted track retrofitted
15:20:08 | INFO     | t=8579.0: WAGON[W5694] → Added to retrofitted track retrofitted
15:20:08 | INFO     | t=8581.0: Batch size limited by retrofit capacity: 1 wagons (19.0m) fits, 19 waiting
15:20:08 | INFO     | t=8581.0: DISPATCHER → Hold override for retrofitted_to_parking (waited 157.0 min >= max 45.0 min)
15:20:08 | INFO     | t=8581.0: DISPATCHER → Assigned loco LOCO_02 to retrofit_to_workshop (waited 14.0 min, pending=2)
15:20:08 | INFO     | t=8581.0: DISPATCHER → Hold override for retrofitted_to_parking (waited 157.0 min >= max 45.0 min)
15:20:08 | INFO     | t=8581.0: COLLECTION → Reserving retrofit track capacity for 1 wagons
15:20:08 | INFO     | t=8581.0: RAKE[W9067,W6246] → COUPLING at retrofit (1 couplings, 2.0 min)
15:20:08 | INFO     | t=8581.0: COLLECTION → Capacity reserved, allocating locomotive
15:20:08 | INFO     | t=8581.0: DISPATCHER → Task submitted: collection_to_retrofit (pending=3)
15:20:08 | INFO     | t=8581.0: WAGON[W5947] → Retrieved from retrofit queue
15:20:08 | INFO     | t=8581.0: WORKSHOP → No workshop available, waiting...
15:20:08 | INFO     | t=8584.0: WORKSHOP[WS_02] → Released, notifying 1 waiting processes
15:20:08 | INFO     | t=8584.0: WORKSHOP → Workshop became available
15:20:08 | INFO     | t=8584.0: WORKSHOP[WS_02] → Selected for batch
15:20:08 | INFO     | t=8584.0: DISPATCHER → Hold override for retrofitted_to_parking (waited 160.0 min >= max 45.0 min)
15:20:08 | INFO     | t=8584.0: DISPATCHER → Assigned loco LOCO_01 to retrofitted_to_parking (waited 160.0 min, pending=2)
15:20:08 | INFO     | t=8584.0: WAGON[W11596] → Added to batch
15:20:08 | INFO     | t=8584.0: BATCH[W5947,W11596] → Formed 2 wagons for WS_02
15:20:08 | INFO     | t=8584.0: LOCO[LOCO_01] → Allocated for parking transport
15:20:08 | INFO     | t=8584.0: TRACK[retrofit] → Removed 2 wagons (26.6m freed)
15:20:08 | INFO     | t=8584.0: DISPATCHER → Task submitted: retrofit_to_workshop (pending=3)
15:20:08 | INFO     | t=8588.0: LOCO[LOCO_02] → COUPLING at retrofit (2.0 min)
15:20:08 | INFO     | t=8589.0: LOCO[LOCO_01] → TRAIN_PREP at retrofitted (coupling + prep, 3.0 min)
15:20:08 | INFO     | t=8590.0: LOCO[LOCO_02] → SHUNTING_PREP at retrofit (1.0 min)
15:20:08 | INFO     | t=8596.0: LOCO[LOCO_02] → DECOUPLING at WS_01 (3.0 min)
15:20:08 | INFO     | t=8599.0: RAKE[W9067,W6246] → DECOUPLING at WS_01 (1 couplings, 3.0 min)
15:20:08 | INFO     | t=8602.0: WAGON[W9067] → RETROFIT_STARTED at WS_01
15:20:08 | INFO     | t=8602.0: WAGON[W6246] → RETROFIT_STARTED at WS_01
15:20:08 | INFO     | t=8607.0: DISPATCHER → Hold override for collection_to_retrofit (waited 40.0 min >= max 30.0 min)
15:20:08 | INFO     | t=8607.0: DISPATCHER → Assigned loco LOCO_02 to collection_to_retrofit (waited 40.0 min, pending=2)
15:20:08 | INFO     | EVENT_PUBLISHED: TrainArrivedEvent | train=T119 | time=8635.2
15:20:08 | INFO     | EVENT_HANDLING: TrainArrivedEvent -> RetrofitWorkshopContext._handle_train_arrived
15:20:08 | INFO     | EVENT_HANDLED: TrainArrivedEvent by RetrofitWorkshopContext._handle_train_arrived
15:20:08 | INFO     | t=8652.0: LOCO[LOCO_01] → DECOUPLING at parking12 (2.0 min)
15:20:08 | INFO     | t=8654.0: RAKE[W10081,W6592,W5711,W6884] → DECOUPLING at parking12 (3 couplings, 1.5 min)
15:20:08 | INFO     | t=8662.0: RAKE[W9067,W6246] → COUPLING at WS_01 (1 couplings, 0.5 min)
15:20:08 | INFO     | t=8662.5: LOCO → Allocating for pickup from WS_01
15:20:08 | INFO     | t=8662.5: DISPATCHER → Task submitted: workshop_to_retrofitted (pending=3)
15:20:08 | INFO     | t=8667.0: LOCO[LOCO_02] → TRAIN_PREP at collection (coupling + prep, 3.0 min)
15:20:08 | INFO     | t=8715.5: LOCO[LOCO_01] → Releasing
15:20:08 | INFO     | t=8715.5: LOCO[LOCO_01] → Released
15:20:08 | INFO     | t=8715.5: PARKING → Got wagon W7253 from retrofitted
15:20:08 | INFO     | t=8715.5: DISPATCHER → Hold override for collection_to_retrofit (waited 134.5 min >= max 30.0 min)
15:20:08 | INFO     | t=8715.5: DISPATCHER → Assigned loco LOCO_01 to collection_to_retrofit (waited 134.5 min, pending=2)
15:20:08 | INFO     | t=8715.5: LOCO → Allocating for parking transport
15:20:08 | INFO     | t=8715.5: DISPATCHER → Task submitted: retrofitted_to_parking (pending=3)
15:20:08 | INFO     | t=8730.0: LOCO[LOCO_02] → DECOUPLING at retrofit (3.0 min)
15:20:08 | INFO     | t=8733.0: RAKE[W10254] → DECOUPLING at retrofit (0 couplings, 0.0 min)
15:20:08 | INFO     | t=8738.0: Batch size limited by retrofit capacity: 1 wagons (23.2m) fits, 19 waiting
15:20:08 | INFO     | t=8738.0: DISPATCHER → Assigned loco LOCO_02 to retrofit_to_workshop (waited 154.0 min, pending=2)
15:20:08 | INFO     | t=8738.0: COLLECTION → Reserving retrofit track capacity for 1 wagons
15:20:08 | INFO     | t=8738.0: RAKE[W5947,W11596] → COUPLING at retrofit (1 couplings, 2.0 min)
15:20:08 | INFO     | t=8738.0: COLLECTION → Capacity reserved, allocating locomotive
15:20:08 | INFO     | t=8738.0: DISPATCHER → Task submitted: collection_to_retrofit (pending=3)
15:20:08 | INFO     | t=8738.0: WAGON[W8085] → Retrieved from retrofit queue
15:20:08 | INFO     | t=8738.0: WORKSHOP → No workshop available, waiting...
15:20:08 | INFO     | t=8745.0: LOCO[LOCO_02] → COUPLING at retrofit (2.0 min)
15:20:08 | INFO     | t=8747.0: LOCO[LOCO_02] → SHUNTING_PREP at retrofit (1.0 min)
15:20:08 | INFO     | t=8753.0: LOCO[LOCO_02] → DECOUPLING at WS_02 (3.0 min)
15:20:08 | INFO     | t=8756.0: RAKE[W5947,W11596] → DECOUPLING at WS_02 (1 couplings, 3.0 min)
15:20:08 | INFO     | t=8759.0: WAGON[W5947] → RETROFIT_STARTED at WS_02
15:20:08 | INFO     | t=8759.0: WAGON[W11596] → RETROFIT_STARTED at WS_02
15:20:08 | INFO     | t=8764.0: DISPATCHER → Hold override for retrofitted_to_parking (waited 48.5 min >= max 45.0 min)
15:20:08 | INFO     | t=8764.0: DISPATCHER → Assigned loco LOCO_02 to workshop_to_retrofitted (waited 101.5 min, pending=2)
15:20:08 | INFO     | t=8764.0: DISPATCHER → Hold override for retrofitted_to_parking (waited 48.5 min >= max 45.0 min)
15:20:08 | INFO     | t=8764.0: LOCO[LOCO_02] → Allocated for pickup
15:20:08 | INFO     | t=8771.0: LOCO[LOCO_02] → TRAIN_PREP completed at WS_01 (2.0 min)
15:20:08 | INFO     | t=8775.5: LOCO[LOCO_01] → TRAIN_PREP at collection (coupling + prep, 3.0 min)
15:20:08 | INFO     | t=8776.0: BATCH → Putting 2 wagons on retrofitted track retrofitted
15:20:08 | INFO     | t=8776.0: WAGON[W9067] → Added to retrofitted track retrofitted
15:20:08 | INFO     | t=8776.0: WAGON[W6246] → Added to retrofitted track retrofitted
15:20:08 | INFO     | t=8781.0: WORKSHOP[WS_01] → Released, notifying 1 waiting processes
15:20:08 | INFO     | t=8781.0: WORKSHOP → Workshop became available
15:20:08 | INFO     | t=8781.0: WORKSHOP[WS_01] → Selected for batch
15:20:08 | INFO     | t=8781.0: DISPATCHER → Hold override for retrofitted_to_parking (waited 65.5 min >= max 45.0 min)
15:20:08 | INFO     | t=8781.0: DISPATCHER → Hold override for collection_to_retrofit (waited 43.0 min >= max 30.0 min)
15:20:08 | INFO     | t=8781.0: DISPATCHER → Assigned loco LOCO_02 to collection_to_retrofit (waited 43.0 min, pending=1)
15:20:08 | INFO     | t=8781.0: DISPATCHER → Hold override for retrofitted_to_parking (waited 65.5 min >= max 45.0 min)
15:20:08 | INFO     | t=8781.0: WAGON[W10957] → Added to batch
15:20:08 | INFO     | t=8781.0: BATCH[W8085,W10957] → Formed 2 wagons for WS_01
15:20:08 | INFO     | t=8781.0: TRACK[retrofit] → Removed 2 wagons (36.8m freed)
15:20:08 | INFO     | t=8781.0: DISPATCHER → Task submitted: retrofit_to_workshop (pending=2)
15:20:08 | INFO     | t=8819.0: RAKE[W5947,W11596] → COUPLING at WS_02 (1 couplings, 0.5 min)
15:20:08 | INFO     | t=8819.5: LOCO → Allocating for pickup from WS_02
15:20:08 | INFO     | t=8819.5: DISPATCHER → Task submitted: workshop_to_retrofitted (pending=3)
15:20:08 | INFO     | t=8838.5: LOCO[LOCO_01] → DECOUPLING at retrofit (3.0 min)
15:20:08 | INFO     | t=8841.0: LOCO[LOCO_02] → TRAIN_PREP at collection (coupling + prep, 3.0 min)
15:20:08 | INFO     | t=8841.5: RAKE[W9534] → DECOUPLING at retrofit (0 couplings, 0.0 min)
15:20:08 | INFO     | t=8846.5: Batch size limited by retrofit capacity: 1 wagons (26.4m) fits, 19 waiting
15:20:08 | INFO     | t=8846.5: DISPATCHER → Hold override for retrofitted_to_parking (waited 131.0 min >= max 45.0 min)
15:20:08 | INFO     | t=8846.5: DISPATCHER → Assigned loco LOCO_01 to retrofit_to_workshop (waited 65.5 min, pending=2)
15:20:08 | INFO     | t=8846.5: DISPATCHER → Hold override for retrofitted_to_parking (waited 131.0 min >= max 45.0 min)
15:20:08 | INFO     | t=8846.5: COLLECTION → Reserving retrofit track capacity for 1 wagons
15:20:08 | INFO     | t=8846.5: RAKE[W8085,W10957] → COUPLING at retrofit (1 couplings, 2.0 min)
15:20:08 | INFO     | t=8846.5: COLLECTION → Capacity reserved, allocating locomotive
15:20:08 | INFO     | t=8846.5: DISPATCHER → Task submitted: collection_to_retrofit (pending=3)
15:20:08 | INFO     | t=8846.5: WAGON[W6303] → Retrieved from retrofit queue
15:20:08 | INFO     | t=8846.5: WORKSHOP → No workshop available, waiting...
15:20:08 | INFO     | t=8853.5: LOCO[LOCO_01] → COUPLING at retrofit (2.0 min)
15:20:08 | INFO     | t=8855.5: LOCO[LOCO_01] → SHUNTING_PREP at retrofit (1.0 min)
15:20:08 | INFO     | t=8861.5: LOCO[LOCO_01] → DECOUPLING at WS_01 (3.0 min)
15:20:08 | INFO     | t=8864.5: RAKE[W8085,W10957] → DECOUPLING at WS_01 (1 couplings, 3.0 min)
15:20:08 | INFO     | t=8867.5: WAGON[W8085] → RETROFIT_STARTED at WS_01
15:20:08 | INFO     | t=8867.5: WAGON[W10957] → RETROFIT_STARTED at WS_01
15:20:08 | INFO     | t=8872.5: DISPATCHER → Hold override for retrofitted_to_parking (waited 157.0 min >= max 45.0 min)
15:20:08 | INFO     | t=8872.5: DISPATCHER → Assigned loco LOCO_01 to workshop_to_retrofitted (waited 53.0 min, pending=2)
15:20:08 | INFO     | t=8872.5: DISPATCHER → Hold override for retrofitted_to_parking (waited 157.0 min >= max 45.0 min)
15:20:08 | INFO     | t=8872.5: LOCO[LOCO_01] → Allocated for pickup
15:20:08 | INFO     | t=8879.5: LOCO[LOCO_01] → TRAIN_PREP completed at WS_02 (2.0 min)
15:20:08 | INFO     | t=8884.5: BATCH → Putting 2 wagons on retrofitted track retrofitted
15:20:08 | INFO     | t=8884.5: WAGON[W5947] → Added to retrofitted track retrofitted
15:20:08 | INFO     | t=8884.5: WAGON[W11596] → Added to retrofitted track retrofitted
15:20:08 | INFO     | t=8889.5: WORKSHOP[WS_02] → Released, notifying 1 waiting processes
15:20:08 | INFO     | t=8889.5: WORKSHOP → Workshop became available
15:20:08 | INFO     | t=8889.5: WORKSHOP[WS_02] → Selected for batch
15:20:08 | INFO     | t=8889.5: DISPATCHER → Hold override for retrofitted_to_parking (waited 174.0 min >= max 45.0 min)
15:20:08 | INFO     | t=8889.5: DISPATCHER → Hold override for collection_to_retrofit (waited 43.0 min >= max 30.0 min)
15:20:08 | INFO     | t=8889.5: DISPATCHER → Assigned loco LOCO_01 to collection_to_retrofit (waited 43.0 min, pending=1)
15:20:08 | INFO     | t=8889.5: DISPATCHER → Hold override for retrofitted_to_parking (waited 174.0 min >= max 45.0 min)
15:20:08 | INFO     | t=8889.5: WAGON[W10958] → Added to batch
15:20:08 | INFO     | t=8889.5: BATCH[W6303,W10958] → Formed 2 wagons for WS_02
15:20:08 | INFO     | t=8889.5: TRACK[retrofit] → Removed 2 wagons (29.0m freed)
15:20:08 | INFO     | t=8889.5: DISPATCHER → Task submitted: retrofit_to_workshop (pending=2)
15:20:08 | INFO     | t=8904.0: LOCO[LOCO_02] → DECOUPLING at retrofit (3.0 min)
15:20:08 | INFO     | t=8907.0: RAKE[W12057] → DECOUPLING at retrofit (0 couplings, 0.0 min)
15:20:08 | INFO     | t=8912.0: DISPATCHER → Hold override for retrofitted_to_parking (waited 196.5 min >= max 45.0 min)
15:20:08 | INFO     | t=8912.0: DISPATCHER → Assigned loco LOCO_02 to retrofit_to_workshop (waited 22.5 min, pending=1)
15:20:08 | INFO     | t=8912.0: DISPATCHER → Hold override for retrofitted_to_parking (waited 196.5 min >= max 45.0 min)
15:20:08 | INFO     | t=8912.0: Batch size limited by retrofit capacity: 2 wagons (34.9m) fits, 17 waiting
15:20:08 | INFO     | t=8912.0: RAKE[W6303,W10958] → COUPLING at retrofit (1 couplings, 2.0 min)
15:20:08 | INFO     | t=8912.0: COLLECTION → Reserving retrofit track capacity for 2 wagons
15:20:08 | INFO     | t=8912.0: WAGON[W6277] → Retrieved from retrofit queue
15:20:08 | INFO     | t=8912.0: WORKSHOP → No workshop available, waiting...
15:20:08 | INFO     | t=8912.0: COLLECTION → Capacity reserved, allocating locomotive
15:20:08 | INFO     | t=8912.0: DISPATCHER → Task submitted: collection_to_retrofit (pending=2)
15:20:08 | INFO     | t=8919.0: LOCO[LOCO_02] → COUPLING at retrofit (2.0 min)
15:20:08 | INFO     | t=8921.0: LOCO[LOCO_02] → SHUNTING_PREP at retrofit (1.0 min)
15:20:08 | INFO     | t=8927.0: LOCO[LOCO_02] → DECOUPLING at WS_02 (3.0 min)
15:20:08 | INFO     | t=8927.5: RAKE[W8085,W10957] → COUPLING at WS_01 (1 couplings, 0.5 min)
15:20:08 | INFO     | t=8928.0: LOCO → Allocating for pickup from WS_01
15:20:08 | INFO     | t=8928.0: DISPATCHER → Task submitted: workshop_to_retrofitted (pending=3)
15:20:08 | INFO     | t=8930.0: RAKE[W6303,W10958] → DECOUPLING at WS_02 (1 couplings, 3.0 min)
15:20:08 | INFO     | t=8933.0: WAGON[W6303] → RETROFIT_STARTED at WS_02
15:20:08 | INFO     | t=8933.0: WAGON[W10958] → RETROFIT_STARTED at WS_02
15:20:08 | INFO     | t=8938.0: DISPATCHER → Hold override for retrofitted_to_parking (waited 222.5 min >= max 45.0 min)
15:20:08 | INFO     | t=8938.0: DISPATCHER → Assigned loco LOCO_02 to workshop_to_retrofitted (waited 10.0 min, pending=2)
15:20:08 | INFO     | t=8938.0: DISPATCHER → Hold override for retrofitted_to_parking (waited 222.5 min >= max 45.0 min)
15:20:08 | INFO     | t=8938.0: LOCO[LOCO_02] → Allocated for pickup
15:20:08 | INFO     | t=8945.0: LOCO[LOCO_02] → TRAIN_PREP completed at WS_01 (2.0 min)
15:20:08 | INFO     | t=8949.5: LOCO[LOCO_01] → TRAIN_PREP at collection (coupling + prep, 3.0 min)
15:20:08 | INFO     | t=8950.0: BATCH → Putting 2 wagons on retrofitted track retrofitted
15:20:08 | INFO     | t=8950.0: WAGON[W8085] → Added to retrofitted track retrofitted
15:20:08 | INFO     | t=8950.0: WAGON[W10957] → Added to retrofitted track retrofitted
15:20:08 | INFO     | t=8955.0: WORKSHOP[WS_01] → Released, notifying 1 waiting processes
15:20:08 | INFO     | t=8955.0: WORKSHOP → Workshop became available
15:20:08 | INFO     | t=8955.0: WORKSHOP[WS_01] → Selected for batch
15:20:08 | INFO     | t=8955.0: DISPATCHER → Hold override for retrofitted_to_parking (waited 239.5 min >= max 45.0 min)
15:20:08 | INFO     | t=8955.0: DISPATCHER → Hold override for collection_to_retrofit (waited 43.0 min >= max 30.0 min)
15:20:08 | INFO     | t=8955.0: DISPATCHER → Assigned loco LOCO_02 to collection_to_retrofit (waited 43.0 min, pending=1)
15:20:08 | INFO     | t=8955.0: DISPATCHER → Hold override for retrofitted_to_parking (waited 239.5 min >= max 45.0 min)
15:20:08 | INFO     | t=8955.0: WAGON[W4368] → Added to batch
15:20:08 | INFO     | t=8955.0: BATCH[W6277,W4368] → Formed 2 wagons for WS_01
15:20:08 | INFO     | t=8955.0: TRACK[retrofit] → Removed 2 wagons (33.9m freed)
15:20:08 | INFO     | t=8955.0: DISPATCHER → Task submitted: retrofit_to_workshop (pending=2)
15:20:08 | INFO     | t=8993.0: RAKE[W6303,W10958] → COUPLING at WS_02 (1 couplings, 0.5 min)
15:20:08 | INFO     | t=8993.5: LOCO → Allocating for pickup from WS_02
15:20:08 | INFO     | t=8993.5: DISPATCHER → Task submitted: workshop_to_retrofitted (pending=3)
15:20:08 | INFO     | t=9012.5: LOCO[LOCO_01] → DECOUPLING at retrofit (3.0 min)
15:20:08 | INFO     | t=9015.0: LOCO[LOCO_02] → TRAIN_PREP at collection (coupling + prep, 5.0 min)
15:20:08 | INFO     | t=9015.5: RAKE[W11482] → DECOUPLING at retrofit (0 couplings, 0.0 min)
15:20:08 | INFO     | t=9020.5: DISPATCHER → Hold override for retrofitted_to_parking (waited 305.0 min >= max 45.0 min)
15:20:08 | INFO     | t=9020.5: DISPATCHER → Assigned loco LOCO_01 to retrofit_to_workshop (waited 65.5 min, pending=2)
15:20:08 | INFO     | t=9020.5: DISPATCHER → Hold override for retrofitted_to_parking (waited 305.0 min >= max 45.0 min)
15:20:08 | INFO     | t=9020.5: Batch size limited by retrofit capacity: 2 wagons (39.0m) fits, 17 waiting
15:20:08 | INFO     | t=9020.5: RAKE[W6277,W4368] → COUPLING at retrofit (1 couplings, 2.0 min)
15:20:08 | INFO     | t=9020.5: COLLECTION → Reserving retrofit track capacity for 2 wagons
15:20:08 | INFO     | t=9020.5: WAGON[W6634] → Retrieved from retrofit queue
15:20:08 | INFO     | t=9020.5: WORKSHOP → No workshop available, waiting...
15:20:08 | INFO     | t=9020.5: COLLECTION → Capacity reserved, allocating locomotive
15:20:08 | INFO     | t=9020.5: DISPATCHER → Task submitted: collection_to_retrofit (pending=3)
15:20:08 | INFO     | t=9027.5: LOCO[LOCO_01] → COUPLING at retrofit (2.0 min)
15:20:08 | INFO     | t=9029.5: LOCO[LOCO_01] → SHUNTING_PREP at retrofit (1.0 min)
15:20:08 | INFO     | t=9035.5: LOCO[LOCO_01] → DECOUPLING at WS_01 (3.0 min)
15:20:08 | INFO     | t=9038.5: RAKE[W6277,W4368] → DECOUPLING at WS_01 (1 couplings, 3.0 min)
15:20:08 | INFO     | t=9041.5: WAGON[W6277] → RETROFIT_STARTED at WS_01
15:20:08 | INFO     | t=9041.5: WAGON[W4368] → RETROFIT_STARTED at WS_01
15:20:08 | INFO     | t=9046.5: DISPATCHER → Hold override for retrofitted_to_parking (waited 331.0 min >= max 45.0 min)
15:20:08 | INFO     | t=9046.5: DISPATCHER → Assigned loco LOCO_01 to retrofitted_to_parking (waited 331.0 min, pending=2)
15:20:08 | INFO     | t=9046.5: LOCO[LOCO_01] → Allocated for parking transport
15:20:08 | INFO     | t=9051.5: LOCO[LOCO_01] → TRAIN_PREP at retrofitted (coupling + prep, 3.0 min)
15:20:08 | INFO     | t=9080.0: LOCO[LOCO_02] → DECOUPLING at retrofit (6.0 min)
15:20:08 | INFO     | EVENT_PUBLISHED: TrainArrivedEvent | train=T120 | time=9084.2
15:20:08 | INFO     | EVENT_HANDLING: TrainArrivedEvent -> RetrofitWorkshopContext._handle_train_arrived
15:20:08 | INFO     | EVENT_HANDLED: TrainArrivedEvent by RetrofitWorkshopContext._handle_train_arrived
15:20:08 | INFO     | t=9086.0: RAKE[W9940,W9081] → DECOUPLING at retrofit (1 couplings, 3.0 min)
15:20:08 | INFO     | t=9094.0: Batch size limited by retrofit capacity: 1 wagons (19.0m) fits, 20 waiting
15:20:08 | INFO     | t=9094.0: DISPATCHER → Hold override for collection_to_retrofit (waited 73.5 min >= max 30.0 min)
15:20:08 | INFO     | t=9094.0: DISPATCHER → Assigned loco LOCO_02 to collection_to_retrofit (waited 73.5 min, pending=1)
15:20:08 | INFO     | t=9094.0: COLLECTION → Reserving retrofit track capacity for 1 wagons
15:20:08 | INFO     | t=9101.5: RAKE[W6277,W4368] → COUPLING at WS_01 (1 couplings, 0.5 min)
15:20:08 | INFO     | t=9102.0: LOCO → Allocating for pickup from WS_01
15:20:08 | INFO     | t=9102.0: DISPATCHER → Task submitted: workshop_to_retrofitted (pending=2)
15:20:08 | INFO     | t=9154.0: LOCO[LOCO_02] → TRAIN_PREP at collection (coupling + prep, 5.0 min)
15:20:08 | INFO     | t=9174.5: LOCO[LOCO_01] → DECOUPLING at parking16 (2.0 min)
15:20:08 | INFO     | t=9176.5: RAKE[W7253,W8383,W2971,W5694] → DECOUPLING at parking16 (3 couplings, 1.5 min)
15:20:08 | INFO     | EVENT_PUBLISHED: TrainArrivedEvent | train=T121 | time=9185.2
15:20:08 | INFO     | EVENT_HANDLING: TrainArrivedEvent -> RetrofitWorkshopContext._handle_train_arrived
15:20:08 | INFO     | EVENT_HANDLED: TrainArrivedEvent by RetrofitWorkshopContext._handle_train_arrived
15:20:08 | INFO     | t=9219.0: LOCO[LOCO_02] → DECOUPLING at retrofit (6.0 min)
15:20:08 | INFO     | t=9225.0: RAKE[W8671,W2112] → DECOUPLING at retrofit (1 couplings, 3.0 min)
15:20:08 | INFO     | t=9233.0: Batch size limited by retrofit capacity: 1 wagons (23.3m) fits, 20 waiting
15:20:08 | INFO     | t=9233.0: DISPATCHER → Assigned loco LOCO_02 to workshop_to_retrofitted (waited 239.5 min, pending=1)
15:20:08 | INFO     | t=9233.0: COLLECTION → Reserving retrofit track capacity for 1 wagons
15:20:08 | INFO     | t=9233.0: LOCO[LOCO_02] → Allocated for pickup
15:20:08 | INFO     | t=9238.0: LOCO[LOCO_01] → Releasing
15:20:08 | INFO     | t=9238.0: LOCO[LOCO_01] → Released
15:20:08 | INFO     | t=9238.0: PARKING → Got wagon W9067 from retrofitted
15:20:08 | INFO     | t=9238.0: DISPATCHER → Assigned loco LOCO_01 to workshop_to_retrofitted (waited 136.0 min, pending=0)
15:20:08 | INFO     | t=9238.0: LOCO[LOCO_01] → Allocated for pickup
15:20:08 | INFO     | t=9238.0: LOCO → Allocating for parking transport
15:20:08 | INFO     | t=9238.0: DISPATCHER → Task submitted: retrofitted_to_parking (pending=1)
15:20:08 | INFO     | t=9240.0: LOCO[LOCO_02] → TRAIN_PREP completed at WS_02 (2.0 min)
15:20:08 | INFO     | t=9245.0: BATCH → Putting 2 wagons on retrofitted track retrofitted
15:20:08 | INFO     | t=9245.0: LOCO[LOCO_01] → TRAIN_PREP completed at WS_01 (2.0 min)
15:20:08 | INFO     | t=9245.0: WAGON[W6303] → Added to retrofitted track retrofitted
15:20:08 | INFO     | t=9245.0: WAGON[W10958] → Added to retrofitted track retrofitted
15:20:08 | INFO     | t=9250.0: BATCH → Putting 2 wagons on retrofitted track retrofitted
15:20:08 | INFO     | t=9250.0: WAGON[W6277] → Added to retrofitted track retrofitted
15:20:08 | INFO     | t=9250.0: WAGON[W4368] → Added to retrofitted track retrofitted
15:20:08 | INFO     | t=9250.0: WORKSHOP[WS_02] → Released, notifying 1 waiting processes
15:20:08 | INFO     | t=9250.0: WORKSHOP → Workshop became available
15:20:08 | INFO     | t=9250.0: WORKSHOP[WS_02] → Selected for batch
15:20:08 | INFO     | t=9250.0: DISPATCHER → Assigned loco LOCO_02 to retrofitted_to_parking (waited 12.0 min, pending=0)
15:20:08 | INFO     | t=9250.0: WAGON[W0677] → Added to batch
15:20:08 | INFO     | t=9250.0: BATCH[W6634,W0677] → Formed 2 wagons for WS_02
15:20:08 | INFO     | t=9250.0: LOCO[LOCO_02] → Allocated for parking transport
15:20:08 | INFO     | t=9250.0: TRACK[retrofit] → Removed 2 wagons (44.3m freed)
15:20:08 | INFO     | t=9250.0: DISPATCHER → Task submitted: retrofit_to_workshop (pending=1)
15:20:08 | INFO     | t=9250.0: COLLECTION → Capacity reserved, allocating locomotive
15:20:08 | INFO     | t=9250.0: DISPATCHER → Task submitted: collection_to_retrofit (pending=2)
15:20:08 | INFO     | t=9250.0: COLLECTION → Capacity reserved, allocating locomotive
15:20:08 | INFO     | t=9250.0: DISPATCHER → Task submitted: collection_to_retrofit (pending=3)
15:20:08 | INFO     | t=9255.0: WORKSHOP[WS_01] → Released, notifying 0 waiting processes
15:20:08 | INFO     | t=9255.0: LOCO[LOCO_02] → TRAIN_PREP at retrofitted (coupling + prep, 4.0 min)
15:20:08 | INFO     | t=9255.0: DISPATCHER → Assigned loco LOCO_01 to retrofit_to_workshop (waited 5.0 min, pending=2)
15:20:08 | INFO     | t=9255.0: RAKE[W6634,W0677] → COUPLING at retrofit (1 couplings, 2.0 min)
15:20:08 | INFO     | t=9255.0: WAGON[W6025] → Retrieved from retrofit queue
15:20:08 | INFO     | t=9255.0: WORKSHOP[WS_01] → Selected for batch
15:20:08 | INFO     | t=9255.0: WAGON[W7265] → Added to batch
15:20:08 | INFO     | t=9255.0: BATCH[W6025,W7265] → Formed 2 wagons for WS_01
15:20:08 | INFO     | t=9255.0: TRACK[retrofit] → Removed 2 wagons (27.3m freed)
15:20:08 | INFO     | t=9255.0: DISPATCHER → Task submitted: retrofit_to_workshop (pending=3)
15:20:08 | INFO     | t=9262.0: LOCO[LOCO_01] → COUPLING at retrofit (2.0 min)
15:20:08 | INFO     | t=9264.0: LOCO[LOCO_01] → SHUNTING_PREP at retrofit (1.0 min)
15:20:08 | INFO     | t=9270.0: LOCO[LOCO_01] → DECOUPLING at WS_02 (3.0 min)
15:20:08 | INFO     | t=9273.0: RAKE[W6634,W0677] → DECOUPLING at WS_02 (1 couplings, 3.0 min)
15:20:08 | INFO     | t=9276.0: WAGON[W6634] → RETROFIT_STARTED at WS_02
15:20:08 | INFO     | t=9276.0: WAGON[W0677] → RETROFIT_STARTED at WS_02
15:20:08 | INFO     | t=9281.0: DISPATCHER → Hold override for collection_to_retrofit (waited 31.0 min >= max 30.0 min)
15:20:08 | INFO     | t=9281.0: DISPATCHER → Hold override for collection_to_retrofit (waited 31.0 min >= max 30.0 min)
15:20:08 | INFO     | t=9281.0: DISPATCHER → Assigned loco LOCO_01 to collection_to_retrofit (waited 31.0 min, pending=2)
15:20:08 | INFO     | t=9281.0: DISPATCHER → Hold override for collection_to_retrofit (waited 31.0 min >= max 30.0 min)
15:20:08 | INFO     | EVENT_PUBLISHED: TrainArrivedEvent | train=T122 | time=9300.5
15:20:08 | INFO     | EVENT_HANDLING: TrainArrivedEvent -> RetrofitWorkshopContext._handle_train_arrived
15:20:08 | INFO     | EVENT_HANDLED: TrainArrivedEvent by RetrofitWorkshopContext._handle_train_arrived
15:20:08 | INFO     | t=9334.0: LOCO[LOCO_02] → DECOUPLING at parking13 (3.0 min)
15:20:08 | INFO     | t=9336.0: RAKE[W6634,W0677] → COUPLING at WS_02 (1 couplings, 0.5 min)
15:20:08 | INFO     | t=9336.5: LOCO → Allocating for pickup from WS_02
15:20:08 | INFO     | t=9336.5: DISPATCHER → Task submitted: workshop_to_retrofitted (pending=3)
15:20:08 | INFO     | t=9337.0: RAKE[W9067,W6246,W5947,W11596,W8085,W10957] → DECOUPLING at parking13 (5 couplings, 2.5 min)
15:20:08 | INFO     | EVENT_PUBLISHED: TrainArrivedEvent | train=T123 | time=9337.2
15:20:08 | INFO     | EVENT_HANDLING: TrainArrivedEvent -> RetrofitWorkshopContext._handle_train_arrived
15:20:08 | INFO     | EVENT_HANDLED: TrainArrivedEvent by RetrofitWorkshopContext._handle_train_arrived
15:20:08 | INFO     | t=9341.0: LOCO[LOCO_01] → TRAIN_PREP at collection (coupling + prep, 3.0 min)
15:20:08 | INFO     | t=9399.5: LOCO[LOCO_02] → Releasing
15:20:08 | INFO     | t=9399.5: LOCO[LOCO_02] → Released
15:20:08 | INFO     | t=9399.5: PARKING → Got wagon W6303 from retrofitted
15:20:08 | INFO     | t=9399.5: DISPATCHER → Hold override for collection_to_retrofit (waited 149.5 min >= max 30.0 min)
15:20:08 | INFO     | t=9399.5: DISPATCHER → Assigned loco LOCO_02 to collection_to_retrofit (waited 149.5 min, pending=2)
15:20:08 | INFO     | t=9399.5: LOCO → Allocating for parking transport
15:20:08 | INFO     | t=9399.5: DISPATCHER → Task submitted: retrofitted_to_parking (pending=3)
15:20:08 | INFO     | EVENT_PUBLISHED: TrainArrivedEvent | train=T124 | time=9400.8
15:20:08 | INFO     | EVENT_HANDLING: TrainArrivedEvent -> RetrofitWorkshopContext._handle_train_arrived
15:20:08 | INFO     | EVENT_HANDLED: TrainArrivedEvent by RetrofitWorkshopContext._handle_train_arrived
15:20:08 | INFO     | t=9404.0: LOCO[LOCO_01] → DECOUPLING at retrofit (3.0 min)
15:20:08 | INFO     | t=9407.0: RAKE[W7542] → DECOUPLING at retrofit (0 couplings, 0.0 min)
15:20:08 | INFO     | t=9412.0: Batch size limited by retrofit capacity: 1 wagons (22.4m) fits, 20 waiting
15:20:08 | INFO     | t=9412.0: DISPATCHER → Assigned loco LOCO_01 to retrofit_to_workshop (waited 157.0 min, pending=2)
15:20:08 | INFO     | t=9412.0: COLLECTION → Reserving retrofit track capacity for 1 wagons
15:20:08 | INFO     | t=9412.0: RAKE[W6025,W7265] → COUPLING at retrofit (1 couplings, 2.0 min)
15:20:08 | INFO     | t=9412.0: COLLECTION → Capacity reserved, allocating locomotive
15:20:08 | INFO     | t=9412.0: DISPATCHER → Task submitted: collection_to_retrofit (pending=3)
15:20:08 | INFO     | t=9412.0: WAGON[W11953] → Retrieved from retrofit queue
15:20:08 | INFO     | t=9412.0: WORKSHOP → No workshop available, waiting...
15:20:08 | INFO     | t=9419.0: LOCO[LOCO_01] → COUPLING at retrofit (2.0 min)
15:20:08 | INFO     | t=9421.0: LOCO[LOCO_01] → SHUNTING_PREP at retrofit (1.0 min)
15:20:08 | INFO     | t=9427.0: LOCO[LOCO_01] → DECOUPLING at WS_01 (3.0 min)
15:20:08 | INFO     | t=9430.0: RAKE[W6025,W7265] → DECOUPLING at WS_01 (1 couplings, 3.0 min)
15:20:08 | INFO     | t=9433.0: WAGON[W6025] → RETROFIT_STARTED at WS_01
15:20:08 | INFO     | t=9433.0: WAGON[W7265] → RETROFIT_STARTED at WS_01
15:20:08 | INFO     | t=9438.0: DISPATCHER → Assigned loco LOCO_01 to workshop_to_retrofitted (waited 101.5 min, pending=2)
15:20:08 | INFO     | t=9438.0: LOCO[LOCO_01] → Allocated for pickup
15:20:08 | INFO     | EVENT_PUBLISHED: TrainArrivedEvent | train=T125 | time=9444.2
15:20:08 | INFO     | EVENT_HANDLING: TrainArrivedEvent -> RetrofitWorkshopContext._handle_train_arrived
15:20:08 | INFO     | EVENT_HANDLED: TrainArrivedEvent by RetrofitWorkshopContext._handle_train_arrived
15:20:08 | INFO     | t=9445.0: LOCO[LOCO_01] → TRAIN_PREP completed at WS_02 (2.0 min)
15:20:08 | INFO     | t=9450.0: BATCH → Putting 2 wagons on retrofitted track retrofitted
15:20:08 | INFO     | t=9450.0: WAGON[W6634] → Added to retrofitted track retrofitted
15:20:08 | INFO     | t=9450.0: WAGON[W0677] → Added to retrofitted track retrofitted
15:20:08 | INFO     | t=9455.0: WORKSHOP[WS_02] → Released, notifying 1 waiting processes
15:20:08 | INFO     | t=9455.0: WORKSHOP → Workshop became available
15:20:08 | INFO     | t=9455.0: WORKSHOP[WS_02] → Selected for batch
15:20:08 | INFO     | t=9455.0: DISPATCHER → Hold override for retrofitted_to_parking (waited 55.5 min >= max 45.0 min)
15:20:08 | INFO     | t=9455.0: DISPATCHER → Hold override for collection_to_retrofit (waited 43.0 min >= max 30.0 min)
15:20:08 | INFO     | t=9455.0: DISPATCHER → Assigned loco LOCO_01 to collection_to_retrofit (waited 43.0 min, pending=1)
15:20:08 | INFO     | t=9455.0: DISPATCHER → Hold override for retrofitted_to_parking (waited 55.5 min >= max 45.0 min)
15:20:08 | INFO     | t=9455.0: WAGON[W9237] → Added to batch
15:20:08 | INFO     | t=9455.0: BATCH[W11953,W9237] → Formed 2 wagons for WS_02
15:20:08 | INFO     | t=9455.0: TRACK[retrofit] → Removed 2 wagons (26.2m freed)
15:20:08 | INFO     | t=9455.0: DISPATCHER → Task submitted: retrofit_to_workshop (pending=2)
15:20:08 | INFO     | t=9459.5: LOCO[LOCO_02] → TRAIN_PREP at collection (coupling + prep, 3.0 min)
15:20:08 | INFO     | t=9493.0: RAKE[W6025,W7265] → COUPLING at WS_01 (1 couplings, 0.5 min)
15:20:08 | INFO     | t=9493.5: LOCO → Allocating for pickup from WS_01
15:20:08 | INFO     | t=9493.5: DISPATCHER → Task submitted: workshop_to_retrofitted (pending=3)
15:20:08 | INFO     | t=9515.0: LOCO[LOCO_01] → TRAIN_PREP at collection (coupling + prep, 3.0 min)
15:20:08 | INFO     | t=9522.5: LOCO[LOCO_02] → DECOUPLING at retrofit (3.0 min)
15:20:08 | INFO     | t=9525.5: RAKE[W10249] → DECOUPLING at retrofit (0 couplings, 0.0 min)
15:20:08 | INFO     | EVENT_PUBLISHED: TrainArrivedEvent | train=T126 | time=9529.5
15:20:08 | INFO     | EVENT_HANDLING: TrainArrivedEvent -> RetrofitWorkshopContext._handle_train_arrived
15:20:08 | INFO     | EVENT_HANDLED: TrainArrivedEvent by RetrofitWorkshopContext._handle_train_arrived
15:20:08 | INFO     | t=9530.5: DISPATCHER → Hold override for retrofitted_to_parking (waited 131.0 min >= max 45.0 min)
15:20:08 | INFO     | t=9530.5: DISPATCHER → Assigned loco LOCO_02 to retrofit_to_workshop (waited 75.5 min, pending=2)
15:20:08 | INFO     | t=9530.5: DISPATCHER → Hold override for retrofitted_to_parking (waited 131.0 min >= max 45.0 min)
15:20:08 | INFO     | t=9530.5: Batch size limited by retrofit capacity: 2 wagons (31.6m) fits, 19 waiting
15:20:08 | INFO     | t=9530.5: RAKE[W11953,W9237] → COUPLING at retrofit (1 couplings, 2.0 min)
15:20:08 | INFO     | t=9530.5: COLLECTION → Reserving retrofit track capacity for 2 wagons
15:20:08 | INFO     | t=9530.5: WAGON[W11252] → Retrieved from retrofit queue
15:20:08 | INFO     | t=9530.5: WORKSHOP → No workshop available, waiting...
15:20:08 | INFO     | t=9530.5: COLLECTION → Capacity reserved, allocating locomotive
15:20:08 | INFO     | t=9530.5: DISPATCHER → Task submitted: collection_to_retrofit (pending=3)
15:20:08 | INFO     | t=9537.5: LOCO[LOCO_02] → COUPLING at retrofit (2.0 min)
15:20:08 | INFO     | t=9539.5: LOCO[LOCO_02] → SHUNTING_PREP at retrofit (1.0 min)
15:20:08 | INFO     | t=9545.5: LOCO[LOCO_02] → DECOUPLING at WS_02 (3.0 min)
15:20:08 | INFO     | t=9548.5: RAKE[W11953,W9237] → DECOUPLING at WS_02 (1 couplings, 3.0 min)
15:20:08 | INFO     | t=9551.5: WAGON[W11953] → RETROFIT_STARTED at WS_02
15:20:08 | INFO     | t=9551.5: WAGON[W9237] → RETROFIT_STARTED at WS_02
15:20:08 | INFO     | t=9556.5: DISPATCHER → Hold override for retrofitted_to_parking (waited 157.0 min >= max 45.0 min)
15:20:08 | INFO     | t=9556.5: DISPATCHER → Assigned loco LOCO_02 to workshop_to_retrofitted (waited 63.0 min, pending=2)
15:20:08 | INFO     | t=9556.5: DISPATCHER → Hold override for retrofitted_to_parking (waited 157.0 min >= max 45.0 min)
15:20:08 | INFO     | t=9556.5: LOCO[LOCO_02] → Allocated for pickup
15:20:08 | INFO     | t=9563.5: LOCO[LOCO_02] → TRAIN_PREP completed at WS_01 (2.0 min)
15:20:08 | INFO     | t=9568.5: BATCH → Putting 2 wagons on retrofitted track retrofitted
15:20:08 | INFO     | t=9568.5: WAGON[W6025] → Added to retrofitted track retrofitted
15:20:08 | INFO     | t=9568.5: WAGON[W7265] → Added to retrofitted track retrofitted
15:20:08 | INFO     | t=9573.5: WORKSHOP[WS_01] → Released, notifying 1 waiting processes
15:20:08 | INFO     | t=9573.5: WORKSHOP → Workshop became available
15:20:08 | INFO     | t=9573.5: WORKSHOP[WS_01] → Selected for batch
15:20:08 | INFO     | t=9573.5: DISPATCHER → Hold override for retrofitted_to_parking (waited 174.0 min >= max 45.0 min)
15:20:08 | INFO     | t=9573.5: DISPATCHER → Hold override for collection_to_retrofit (waited 43.0 min >= max 30.0 min)
15:20:08 | INFO     | t=9573.5: DISPATCHER → Assigned loco LOCO_02 to collection_to_retrofit (waited 43.0 min, pending=1)
15:20:08 | INFO     | t=9573.5: DISPATCHER → Hold override for retrofitted_to_parking (waited 174.0 min >= max 45.0 min)
15:20:08 | INFO     | t=9573.5: WAGON[W12355] → Added to batch
15:20:08 | INFO     | t=9573.5: BATCH[W11252,W12355] → Formed 2 wagons for WS_01
15:20:08 | INFO     | t=9573.5: TRACK[retrofit] → Removed 2 wagons (24.8m freed)
15:20:08 | INFO     | t=9573.5: DISPATCHER → Task submitted: retrofit_to_workshop (pending=2)
15:20:08 | INFO     | t=9578.0: LOCO[LOCO_01] → DECOUPLING at retrofit (3.0 min)
15:20:08 | INFO     | t=9581.0: RAKE[W8990] → DECOUPLING at retrofit (0 couplings, 0.0 min)
15:20:08 | INFO     | t=9586.0: Batch size limited by retrofit capacity: 1 wagons (18.9m) fits, 20 waiting
15:20:08 | INFO     | t=9586.0: DISPATCHER → Hold override for retrofitted_to_parking (waited 186.5 min >= max 45.0 min)
15:20:08 | INFO     | t=9586.0: DISPATCHER → Assigned loco LOCO_01 to retrofit_to_workshop (waited 12.5 min, pending=1)
15:20:08 | INFO     | t=9586.0: DISPATCHER → Hold override for retrofitted_to_parking (waited 186.5 min >= max 45.0 min)
15:20:08 | INFO     | t=9586.0: COLLECTION → Reserving retrofit track capacity for 1 wagons
15:20:08 | INFO     | t=9586.0: RAKE[W11252,W12355] → COUPLING at retrofit (1 couplings, 2.0 min)
15:20:08 | INFO     | t=9586.0: COLLECTION → Capacity reserved, allocating locomotive
15:20:08 | INFO     | t=9586.0: DISPATCHER → Task submitted: collection_to_retrofit (pending=2)
15:20:08 | INFO     | t=9586.0: WAGON[W7316] → Retrieved from retrofit queue
15:20:08 | INFO     | t=9586.0: WORKSHOP → No workshop available, waiting...
15:20:08 | INFO     | t=9593.0: LOCO[LOCO_01] → COUPLING at retrofit (2.0 min)
15:20:08 | INFO     | t=9595.0: LOCO[LOCO_01] → SHUNTING_PREP at retrofit (1.0 min)
15:20:08 | INFO     | t=9601.0: LOCO[LOCO_01] → DECOUPLING at WS_01 (3.0 min)
15:20:08 | INFO     | t=9604.0: RAKE[W11252,W12355] → DECOUPLING at WS_01 (1 couplings, 3.0 min)
15:20:08 | INFO     | t=9607.0: WAGON[W11252] → RETROFIT_STARTED at WS_01
15:20:08 | INFO     | t=9607.0: WAGON[W12355] → RETROFIT_STARTED at WS_01
15:20:08 | INFO     | t=9611.5: RAKE[W11953,W9237] → COUPLING at WS_02 (1 couplings, 0.5 min)
15:20:08 | INFO     | t=9612.0: LOCO → Allocating for pickup from WS_02
15:20:08 | INFO     | t=9612.0: DISPATCHER → Task submitted: workshop_to_retrofitted (pending=3)
15:20:08 | INFO     | t=9612.0: DISPATCHER → Hold override for retrofitted_to_parking (waited 212.5 min >= max 45.0 min)
15:20:08 | INFO     | t=9612.0: DISPATCHER → Assigned loco LOCO_01 to workshop_to_retrofitted (waited 0.0 min, pending=2)
15:20:08 | INFO     | t=9612.0: DISPATCHER → Hold override for retrofitted_to_parking (waited 212.5 min >= max 45.0 min)
15:20:08 | INFO     | t=9612.0: LOCO[LOCO_01] → Allocated for pickup
15:20:08 | INFO     | t=9619.0: LOCO[LOCO_01] → TRAIN_PREP completed at WS_02 (2.0 min)
15:20:08 | INFO     | t=9624.0: BATCH → Putting 2 wagons on retrofitted track retrofitted
15:20:08 | INFO     | t=9624.0: WAGON[W11953] → Added to retrofitted track retrofitted
15:20:08 | INFO     | t=9624.0: WAGON[W9237] → Added to retrofitted track retrofitted
15:20:08 | INFO     | t=9629.0: WORKSHOP[WS_02] → Released, notifying 1 waiting processes
15:20:08 | INFO     | t=9629.0: WORKSHOP → Workshop became available
15:20:08 | INFO     | t=9629.0: WORKSHOP[WS_02] → Selected for batch
15:20:08 | INFO     | t=9629.0: DISPATCHER → Hold override for retrofitted_to_parking (waited 229.5 min >= max 45.0 min)
15:20:08 | INFO     | t=9629.0: DISPATCHER → Hold override for collection_to_retrofit (waited 43.0 min >= max 30.0 min)
15:20:08 | INFO     | t=9629.0: DISPATCHER → Assigned loco LOCO_01 to collection_to_retrofit (waited 43.0 min, pending=1)
15:20:08 | INFO     | t=9629.0: DISPATCHER → Hold override for retrofitted_to_parking (waited 229.5 min >= max 45.0 min)
15:20:08 | INFO     | t=9629.0: WAGON[W10254] → Added to batch
15:20:08 | INFO     | t=9629.0: BATCH[W7316,W10254] → Formed 2 wagons for WS_02
15:20:08 | INFO     | t=9629.0: TRACK[retrofit] → Removed 2 wagons (42.3m freed)
15:20:08 | INFO     | t=9629.0: DISPATCHER → Task submitted: retrofit_to_workshop (pending=2)
15:20:08 | INFO     | t=9633.5: LOCO[LOCO_02] → TRAIN_PREP at collection (coupling + prep, 5.0 min)
15:20:08 | INFO     | t=9667.0: RAKE[W11252,W12355] → COUPLING at WS_01 (1 couplings, 0.5 min)
15:20:08 | INFO     | t=9667.5: LOCO → Allocating for pickup from WS_01
15:20:08 | INFO     | t=9667.5: DISPATCHER → Task submitted: workshop_to_retrofitted (pending=3)
15:20:08 | INFO     | EVENT_PUBLISHED: TrainArrivedEvent | train=T127 | time=9684.0
15:20:08 | INFO     | EVENT_HANDLING: TrainArrivedEvent -> RetrofitWorkshopContext._handle_train_arrived
15:20:08 | INFO     | EVENT_HANDLED: TrainArrivedEvent by RetrofitWorkshopContext._handle_train_arrived
15:20:08 | INFO     | t=9689.0: LOCO[LOCO_01] → TRAIN_PREP at collection (coupling + prep, 3.0 min)
15:20:08 | INFO     | t=9698.5: LOCO[LOCO_02] → DECOUPLING at retrofit (6.0 min)
15:20:08 | INFO     | t=9704.5: RAKE[W2050,W2386] → DECOUPLING at retrofit (1 couplings, 3.0 min)
15:20:08 | INFO     | EVENT_PUBLISHED: TrainArrivedEvent | train=T128 | time=9706.0
15:20:08 | INFO     | EVENT_HANDLING: TrainArrivedEvent -> RetrofitWorkshopContext._handle_train_arrived
15:20:08 | INFO     | EVENT_HANDLED: TrainArrivedEvent by RetrofitWorkshopContext._handle_train_arrived
15:20:08 | INFO     | t=9712.5: DISPATCHER → Hold override for retrofitted_to_parking (waited 313.0 min >= max 45.0 min)
15:20:08 | INFO     | t=9712.5: DISPATCHER → Assigned loco LOCO_02 to retrofit_to_workshop (waited 83.5 min, pending=2)
15:20:08 | INFO     | t=9712.5: DISPATCHER → Hold override for retrofitted_to_parking (waited 313.0 min >= max 45.0 min)
15:20:08 | INFO     | t=9712.5: RAKE[W7316,W10254] → COUPLING at retrofit (1 couplings, 2.0 min)
15:20:08 | INFO     | t=9712.5: Batch size limited by retrofit capacity: 3 wagons (52.6m) fits, 17 waiting
15:20:08 | INFO     | t=9712.5: WAGON[W9534] → Retrieved from retrofit queue
15:20:08 | INFO     | t=9712.5: WORKSHOP → No workshop available, waiting...
15:20:08 | INFO     | t=9712.5: COLLECTION → Reserving retrofit track capacity for 3 wagons
15:20:08 | INFO     | t=9712.5: COLLECTION → Capacity reserved, allocating locomotive
15:20:08 | INFO     | t=9712.5: DISPATCHER → Task submitted: collection_to_retrofit (pending=3)
15:20:08 | INFO     | t=9719.5: LOCO[LOCO_02] → COUPLING at retrofit (2.0 min)
15:20:08 | INFO     | t=9721.5: LOCO[LOCO_02] → SHUNTING_PREP at retrofit (1.0 min)
15:20:08 | INFO     | t=9727.5: LOCO[LOCO_02] → DECOUPLING at WS_02 (3.0 min)
15:20:08 | INFO     | t=9730.5: RAKE[W7316,W10254] → DECOUPLING at WS_02 (1 couplings, 3.0 min)
15:20:08 | INFO     | t=9733.5: WAGON[W7316] → RETROFIT_STARTED at WS_02
15:20:08 | INFO     | t=9733.5: WAGON[W10254] → RETROFIT_STARTED at WS_02
15:20:08 | INFO     | t=9738.5: DISPATCHER → Hold override for retrofitted_to_parking (waited 339.0 min >= max 45.0 min)
15:20:08 | INFO     | t=9738.5: DISPATCHER → Assigned loco LOCO_02 to retrofitted_to_parking (waited 339.0 min, pending=2)
15:20:08 | INFO     | t=9738.5: LOCO[LOCO_02] → Allocated for parking transport
15:20:08 | INFO     | t=9743.5: LOCO[LOCO_02] → TRAIN_PREP at retrofitted (coupling + prep, 3.0 min)
15:20:08 | INFO     | t=9752.0: LOCO[LOCO_01] → DECOUPLING at retrofit (3.0 min)
15:20:08 | INFO     | t=9755.0: RAKE[W12385] → DECOUPLING at retrofit (0 couplings, 0.0 min)
15:20:08 | INFO     | t=9760.0: Batch size limited by retrofit capacity: 1 wagons (26.4m) fits, 19 waiting
15:20:08 | INFO     | t=9760.0: DISPATCHER → Hold override for collection_to_retrofit (waited 47.5 min >= max 30.0 min)
15:20:08 | INFO     | t=9760.0: DISPATCHER → Assigned loco LOCO_01 to collection_to_retrofit (waited 47.5 min, pending=1)
15:20:08 | INFO     | t=9760.0: COLLECTION → Reserving retrofit track capacity for 1 wagons
15:20:08 | INFO     | t=9793.5: RAKE[W7316,W10254] → COUPLING at WS_02 (1 couplings, 0.5 min)
15:20:08 | INFO     | t=9794.0: LOCO → Allocating for pickup from WS_02
15:20:08 | INFO     | t=9794.0: DISPATCHER → Task submitted: workshop_to_retrofitted (pending=2)
15:20:08 | INFO     | EVENT_PUBLISHED: TrainArrivedEvent | train=T129 | time=9800.2
15:20:08 | INFO     | EVENT_HANDLING: TrainArrivedEvent -> RetrofitWorkshopContext._handle_train_arrived
15:20:08 | INFO     | EVENT_HANDLED: TrainArrivedEvent by RetrofitWorkshopContext._handle_train_arrived
15:20:08 | INFO     | t=9806.5: LOCO[LOCO_02] → DECOUPLING at parking10 (2.0 min)
15:20:08 | INFO     | t=9808.5: RAKE[W6303,W10958,W6277,W4368] → DECOUPLING at parking10 (3 couplings, 1.5 min)
15:20:08 | INFO     | t=9820.0: LOCO[LOCO_01] → TRAIN_PREP at collection (coupling + prep, 7.0 min)
15:20:08 | INFO     | t=9870.0: LOCO[LOCO_02] → Releasing
15:20:08 | INFO     | t=9870.0: LOCO[LOCO_02] → Released
15:20:08 | INFO     | t=9870.0: PARKING → Got wagon W6634 from retrofitted
15:20:08 | INFO     | t=9870.0: DISPATCHER → Assigned loco LOCO_02 to workshop_to_retrofitted (waited 202.5 min, pending=1)
15:20:08 | INFO     | t=9870.0: LOCO[LOCO_02] → Allocated for pickup
15:20:08 | INFO     | t=9870.0: LOCO → Allocating for parking transport
15:20:08 | INFO     | t=9870.0: DISPATCHER → Task submitted: retrofitted_to_parking (pending=2)
15:20:08 | INFO     | t=9877.0: LOCO[LOCO_02] → TRAIN_PREP completed at WS_01 (2.0 min)
15:20:08 | INFO     | t=9882.0: BATCH → Putting 2 wagons on retrofitted track retrofitted
15:20:08 | INFO     | t=9882.0: WAGON[W11252] → Added to retrofitted track retrofitted
15:20:08 | INFO     | t=9882.0: WAGON[W12355] → Added to retrofitted track retrofitted
15:20:08 | INFO     | t=9887.0: LOCO[LOCO_01] → DECOUPLING at retrofit (9.0 min)
15:20:08 | INFO     | t=9887.0: WORKSHOP[WS_01] → Released, notifying 1 waiting processes
15:20:08 | INFO     | t=9887.0: WORKSHOP → Workshop became available
15:20:08 | INFO     | t=9887.0: WORKSHOP[WS_01] → Selected for batch
15:20:08 | INFO     | t=9887.0: DISPATCHER → Assigned loco LOCO_02 to workshop_to_retrofitted (waited 93.0 min, pending=1)
15:20:08 | INFO     | t=9887.0: WAGON[W12057] → Added to batch
15:20:08 | INFO     | t=9887.0: BATCH[W9534,W12057] → Formed 2 wagons for WS_01
15:20:08 | INFO     | t=9887.0: LOCO[LOCO_02] → Allocated for pickup
15:20:08 | INFO     | t=9887.0: TRACK[retrofit] → Removed 2 wagons (42.3m freed)
15:20:08 | INFO     | t=9887.0: DISPATCHER → Task submitted: retrofit_to_workshop (pending=2)
15:20:08 | INFO     | t=9887.0: COLLECTION → Capacity reserved, allocating locomotive
15:20:08 | INFO     | t=9887.0: DISPATCHER → Task submitted: collection_to_retrofit (pending=3)
15:20:08 | INFO     | t=9894.0: LOCO[LOCO_02] → TRAIN_PREP completed at WS_02 (2.0 min)
15:20:08 | INFO     | t=9896.0: RAKE[W2136,W5282,W2652] → DECOUPLING at retrofit (2 couplings, 6.0 min)
15:20:08 | INFO     | EVENT_PUBLISHED: TrainArrivedEvent | train=T130 | time=9896.5
15:20:08 | INFO     | EVENT_HANDLING: TrainArrivedEvent -> RetrofitWorkshopContext._handle_train_arrived
15:20:08 | INFO     | EVENT_HANDLED: TrainArrivedEvent by RetrofitWorkshopContext._handle_train_arrived
15:20:08 | INFO     | t=9899.0: BATCH → Putting 2 wagons on retrofitted track retrofitted
15:20:08 | INFO     | t=9899.0: WAGON[W7316] → Added to retrofitted track retrofitted
15:20:08 | INFO     | t=9899.0: WAGON[W10254] → Added to retrofitted track retrofitted
15:20:08 | INFO     | t=9904.0: WORKSHOP[WS_02] → Released, notifying 0 waiting processes
15:20:08 | INFO     | t=9904.0: DISPATCHER → Assigned loco LOCO_02 to retrofit_to_workshop (waited 17.0 min, pending=2)
15:20:08 | INFO     | t=9904.0: RAKE[W9534,W12057] → COUPLING at retrofit (1 couplings, 2.0 min)
15:20:08 | INFO     | t=9904.0: WAGON[W11482] → Retrieved from retrofit queue
15:20:08 | INFO     | t=9904.0: WORKSHOP[WS_02] → Selected for batch
15:20:08 | INFO     | t=9904.0: WAGON[W9940] → Added to batch
15:20:08 | INFO     | t=9904.0: BATCH[W11482,W9940] → Formed 2 wagons for WS_02
15:20:08 | INFO     | t=9904.0: TRACK[retrofit] → Removed 2 wagons (43.3m freed)
15:20:08 | INFO     | t=9904.0: DISPATCHER → Task submitted: retrofit_to_workshop (pending=3)
15:20:08 | INFO     | t=9907.0: DISPATCHER → Assigned loco LOCO_01 to collection_to_retrofit (waited 20.0 min, pending=2)
15:20:08 | INFO     | t=9907.0: Batch size limited by retrofit capacity: 3 wagons (60.5m) fits, 18 waiting
15:20:08 | INFO     | t=9907.0: COLLECTION → Reserving retrofit track capacity for 3 wagons
15:20:08 | INFO     | t=9907.0: COLLECTION → Capacity reserved, allocating locomotive
15:20:08 | INFO     | t=9907.0: DISPATCHER → Task submitted: collection_to_retrofit (pending=3)
15:20:08 | INFO     | t=9911.0: LOCO[LOCO_02] → COUPLING at retrofit (2.0 min)
15:20:08 | INFO     | t=9913.0: LOCO[LOCO_02] → SHUNTING_PREP at retrofit (1.0 min)
15:20:08 | INFO     | t=9919.0: LOCO[LOCO_02] → DECOUPLING at WS_01 (3.0 min)
15:20:08 | INFO     | t=9922.0: RAKE[W9534,W12057] → DECOUPLING at WS_01 (1 couplings, 3.0 min)
15:20:08 | INFO     | t=9925.0: WAGON[W9534] → RETROFIT_STARTED at WS_01
15:20:08 | INFO     | t=9925.0: WAGON[W12057] → RETROFIT_STARTED at WS_01
15:20:08 | INFO     | t=9930.0: DISPATCHER → Hold override for retrofitted_to_parking (waited 60.0 min >= max 45.0 min)
15:20:08 | INFO     | t=9930.0: DISPATCHER → Assigned loco LOCO_02 to retrofit_to_workshop (waited 26.0 min, pending=2)
15:20:08 | INFO     | t=9930.0: DISPATCHER → Hold override for retrofitted_to_parking (waited 60.0 min >= max 45.0 min)
15:20:08 | INFO     | t=9930.0: RAKE[W11482,W9940] → COUPLING at retrofit (1 couplings, 2.0 min)
15:20:08 | INFO     | t=9930.0: WAGON[W9081] → Retrieved from retrofit queue
15:20:08 | INFO     | t=9930.0: WORKSHOP → No workshop available, waiting...
15:20:08 | INFO     | t=9937.0: LOCO[LOCO_02] → COUPLING at retrofit (2.0 min)
15:20:08 | INFO     | t=9939.0: LOCO[LOCO_02] → SHUNTING_PREP at retrofit (1.0 min)
15:20:08 | INFO     | t=9945.0: LOCO[LOCO_02] → DECOUPLING at WS_02 (3.0 min)
15:20:08 | INFO     | t=9948.0: RAKE[W11482,W9940] → DECOUPLING at WS_02 (1 couplings, 3.0 min)
15:20:08 | INFO     | t=9951.0: WAGON[W11482] → RETROFIT_STARTED at WS_02
15:20:08 | INFO     | t=9951.0: WAGON[W9940] → RETROFIT_STARTED at WS_02
15:20:08 | INFO     | t=9956.0: DISPATCHER → Hold override for retrofitted_to_parking (waited 86.0 min >= max 45.0 min)
15:20:08 | INFO     | t=9956.0: DISPATCHER → Hold override for collection_to_retrofit (waited 49.0 min >= max 30.0 min)
15:20:08 | INFO     | t=9956.0: DISPATCHER → Assigned loco LOCO_02 to collection_to_retrofit (waited 49.0 min, pending=1)
15:20:08 | INFO     | t=9956.0: DISPATCHER → Hold override for retrofitted_to_parking (waited 86.0 min >= max 45.0 min)
15:20:08 | INFO     | t=9967.0: LOCO[LOCO_01] → TRAIN_PREP at collection (coupling + prep, 3.0 min)
15:20:08 | INFO     | t=9985.0: RAKE[W9534,W12057] → COUPLING at WS_01 (1 couplings, 0.5 min)
15:20:08 | INFO     | t=9985.5: LOCO → Allocating for pickup from WS_01
15:20:08 | INFO     | t=9985.5: DISPATCHER → Task submitted: workshop_to_retrofitted (pending=2)
15:20:08 | INFO     | t=10011.0: RAKE[W11482,W9940] → COUPLING at WS_02 (1 couplings, 0.5 min)
15:20:08 | INFO     | t=10011.5: LOCO → Allocating for pickup from WS_02
15:20:08 | INFO     | t=10011.5: DISPATCHER → Task submitted: workshop_to_retrofitted (pending=3)
15:20:08 | INFO     | t=10016.0: LOCO[LOCO_02] → TRAIN_PREP at collection (coupling + prep, 7.0 min)
15:20:08 | INFO     | t=10030.0: LOCO[LOCO_01] → DECOUPLING at retrofit (3.0 min)
15:20:08 | INFO     | t=10033.0: RAKE[W11539] → DECOUPLING at retrofit (0 couplings, 0.0 min)
15:20:08 | INFO     | t=10038.0: Batch size limited by retrofit capacity: 1 wagons (19.9m) fits, 20 waiting
15:20:08 | INFO     | t=10038.0: DISPATCHER → Hold override for retrofitted_to_parking (waited 168.0 min >= max 45.0 min)
15:20:08 | INFO     | t=10038.0: DISPATCHER → Assigned loco LOCO_01 to retrofitted_to_parking (waited 168.0 min, pending=2)
15:20:08 | INFO     | t=10038.0: COLLECTION → Reserving retrofit track capacity for 1 wagons
15:20:08 | INFO     | t=10038.0: LOCO[LOCO_01] → Allocated for parking transport
15:20:08 | INFO     | EVENT_PUBLISHED: TrainArrivedEvent | train=T131 | time=10041.5
15:20:08 | INFO     | EVENT_HANDLING: TrainArrivedEvent -> RetrofitWorkshopContext._handle_train_arrived
15:20:08 | INFO     | EVENT_HANDLED: TrainArrivedEvent by RetrofitWorkshopContext._handle_train_arrived
15:20:08 | INFO     | t=10043.0: LOCO[LOCO_01] → TRAIN_PREP at retrofitted (coupling + prep, 4.0 min)
15:20:08 | INFO     | t=10052.0: LOCO[LOCO_01] → DECOUPLING at parking1 (3.0 min)
15:20:08 | INFO     | t=10055.0: RAKE[W6634,W0677,W6025,W7265,W11953,W9237] → DECOUPLING at parking1 (5 couplings, 2.5 min)
15:20:08 | INFO     | t=10062.5: LOCO[LOCO_01] → Releasing
15:20:08 | INFO     | t=10062.5: LOCO[LOCO_01] → Released
15:20:08 | INFO     | t=10062.5: PARKING → Got wagon W11252 from retrofitted
15:20:08 | INFO     | t=10062.5: DISPATCHER → Assigned loco LOCO_01 to workshop_to_retrofitted (waited 77.0 min, pending=1)
15:20:08 | INFO     | t=10062.5: LOCO[LOCO_01] → Allocated for pickup
15:20:08 | INFO     | t=10062.5: LOCO → Allocating for parking transport
15:20:08 | INFO     | t=10062.5: DISPATCHER → Task submitted: retrofitted_to_parking (pending=2)
15:20:08 | INFO     | EVENT_PUBLISHED: TrainArrivedEvent | train=T132 | time=10065.5
15:20:08 | INFO     | EVENT_HANDLING: TrainArrivedEvent -> RetrofitWorkshopContext._handle_train_arrived
15:20:08 | INFO     | EVENT_HANDLED: TrainArrivedEvent by RetrofitWorkshopContext._handle_train_arrived
15:20:08 | INFO     | t=10069.5: LOCO[LOCO_01] → TRAIN_PREP completed at WS_01 (2.0 min)
15:20:08 | INFO     | EVENT_PUBLISHED: TrainArrivedEvent | train=T133 | time=10073.2
15:20:08 | INFO     | EVENT_HANDLING: TrainArrivedEvent -> RetrofitWorkshopContext._handle_train_arrived
15:20:08 | INFO     | EVENT_HANDLED: TrainArrivedEvent by RetrofitWorkshopContext._handle_train_arrived
15:20:08 | INFO     | t=10074.5: BATCH → Putting 2 wagons on retrofitted track retrofitted
15:20:08 | INFO     | t=10074.5: WAGON[W9534] → Added to retrofitted track retrofitted
15:20:08 | INFO     | t=10074.5: WAGON[W12057] → Added to retrofitted track retrofitted
15:20:08 | INFO     | t=10079.5: WORKSHOP[WS_01] → Released, notifying 1 waiting processes
15:20:08 | INFO     | t=10079.5: WORKSHOP → Workshop became available
15:20:08 | INFO     | t=10079.5: WORKSHOP[WS_01] → Selected for batch
15:20:08 | INFO     | t=10079.5: DISPATCHER → Assigned loco LOCO_01 to workshop_to_retrofitted (waited 68.0 min, pending=1)
15:20:08 | INFO     | t=10079.5: WAGON[W8671] → Added to batch
15:20:08 | INFO     | t=10079.5: BATCH[W9081,W8671] → Formed 2 wagons for WS_01
15:20:08 | INFO     | t=10079.5: LOCO[LOCO_01] → Allocated for pickup
15:20:08 | INFO     | t=10079.5: TRACK[retrofit] → Removed 2 wagons (41.2m freed)
15:20:08 | INFO     | t=10079.5: DISPATCHER → Task submitted: retrofit_to_workshop (pending=2)
15:20:08 | INFO     | t=10079.5: COLLECTION → Capacity reserved, allocating locomotive
15:20:08 | INFO     | t=10079.5: DISPATCHER → Task submitted: collection_to_retrofit (pending=3)
15:20:08 | INFO     | t=10083.0: LOCO[LOCO_02] → DECOUPLING at retrofit (9.0 min)
15:20:08 | INFO     | t=10086.5: LOCO[LOCO_01] → TRAIN_PREP completed at WS_02 (2.0 min)
15:20:08 | INFO     | t=10091.5: BATCH → Putting 2 wagons on retrofitted track retrofitted
15:20:08 | INFO     | t=10091.5: WAGON[W11482] → Added to retrofitted track retrofitted
15:20:08 | INFO     | t=10091.5: WAGON[W9940] → Added to retrofitted track retrofitted
15:20:08 | INFO     | t=10092.0: RAKE[W5845,W12195,W2831] → DECOUPLING at retrofit (2 couplings, 6.0 min)
15:20:08 | INFO     | t=10096.5: WORKSHOP[WS_02] → Released, notifying 0 waiting processes
15:20:08 | INFO     | t=10096.5: DISPATCHER → Assigned loco LOCO_01 to retrofit_to_workshop (waited 17.0 min, pending=2)
15:20:08 | INFO     | t=10096.5: RAKE[W9081,W8671] → COUPLING at retrofit (1 couplings, 2.0 min)
15:20:08 | INFO     | t=10096.5: WAGON[W2112] → Retrieved from retrofit queue
15:20:08 | INFO     | t=10096.5: WORKSHOP[WS_02] → Selected for batch
15:20:08 | INFO     | t=10096.5: WAGON[W7542] → Added to batch
15:20:08 | INFO     | t=10096.5: BATCH[W2112,W7542] → Formed 2 wagons for WS_02
15:20:08 | INFO     | t=10096.5: TRACK[retrofit] → Removed 2 wagons (34.8m freed)
15:20:08 | INFO     | t=10096.5: DISPATCHER → Task submitted: retrofit_to_workshop (pending=3)
15:20:08 | INFO     | t=10103.0: DISPATCHER → Assigned loco LOCO_02 to collection_to_retrofit (waited 23.5 min, pending=2)
15:20:08 | INFO     | t=10103.0: Batch size limited by retrofit capacity: 3 wagons (48.9m) fits, 19 waiting
15:20:08 | INFO     | t=10103.0: COLLECTION → Reserving retrofit track capacity for 3 wagons
15:20:08 | INFO     | t=10103.0: COLLECTION → Capacity reserved, allocating locomotive
15:20:08 | INFO     | t=10103.0: DISPATCHER → Task submitted: collection_to_retrofit (pending=3)
15:20:08 | INFO     | t=10103.5: LOCO[LOCO_01] → COUPLING at retrofit (2.0 min)
15:20:08 | INFO     | t=10105.5: LOCO[LOCO_01] → SHUNTING_PREP at retrofit (1.0 min)
15:20:08 | INFO     | t=10111.5: LOCO[LOCO_01] → DECOUPLING at WS_01 (3.0 min)
15:20:08 | INFO     | EVENT_PUBLISHED: TrainArrivedEvent | train=T134 | time=10112.0
15:20:08 | INFO     | EVENT_HANDLING: TrainArrivedEvent -> RetrofitWorkshopContext._handle_train_arrived
15:20:08 | INFO     | EVENT_HANDLED: TrainArrivedEvent by RetrofitWorkshopContext._handle_train_arrived
15:20:08 | INFO     | t=10114.5: RAKE[W9081,W8671] → DECOUPLING at WS_01 (1 couplings, 3.0 min)
15:20:08 | INFO     | t=10117.5: WAGON[W9081] → RETROFIT_STARTED at WS_01
15:20:08 | INFO     | t=10117.5: WAGON[W8671] → RETROFIT_STARTED at WS_01
15:20:08 | INFO     | t=10122.5: DISPATCHER → Hold override for retrofitted_to_parking (waited 60.0 min >= max 45.0 min)
15:20:08 | INFO     | t=10122.5: DISPATCHER → Assigned loco LOCO_01 to retrofit_to_workshop (waited 26.0 min, pending=2)
15:20:08 | INFO     | t=10122.5: DISPATCHER → Hold override for retrofitted_to_parking (waited 60.0 min >= max 45.0 min)
15:20:08 | INFO     | t=10122.5: RAKE[W2112,W7542] → COUPLING at retrofit (1 couplings, 2.0 min)
15:20:08 | INFO     | t=10122.5: WAGON[W10249] → Retrieved from retrofit queue
15:20:08 | INFO     | t=10122.5: WORKSHOP → No workshop available, waiting...
15:20:08 | INFO     | EVENT_PUBLISHED: TrainArrivedEvent | train=T135 | time=10122.8
15:20:08 | INFO     | EVENT_HANDLING: TrainArrivedEvent -> RetrofitWorkshopContext._handle_train_arrived
15:20:08 | INFO     | EVENT_HANDLED: TrainArrivedEvent by RetrofitWorkshopContext._handle_train_arrived
15:20:08 | INFO     | t=10129.5: LOCO[LOCO_01] → COUPLING at retrofit (2.0 min)
15:20:08 | INFO     | t=10131.5: LOCO[LOCO_01] → SHUNTING_PREP at retrofit (1.0 min)
15:20:08 | INFO     | t=10137.5: LOCO[LOCO_01] → DECOUPLING at WS_02 (3.0 min)
15:20:08 | INFO     | t=10140.5: RAKE[W2112,W7542] → DECOUPLING at WS_02 (1 couplings, 3.0 min)
15:20:08 | INFO     | t=10143.5: WAGON[W2112] → RETROFIT_STARTED at WS_02
15:20:08 | INFO     | t=10143.5: WAGON[W7542] → RETROFIT_STARTED at WS_02
15:20:08 | INFO     | t=10148.5: DISPATCHER → Hold override for retrofitted_to_parking (waited 86.0 min >= max 45.0 min)
15:20:08 | INFO     | t=10148.5: DISPATCHER → Hold override for collection_to_retrofit (waited 45.5 min >= max 30.0 min)
15:20:08 | INFO     | t=10148.5: DISPATCHER → Assigned loco LOCO_01 to collection_to_retrofit (waited 45.5 min, pending=1)
15:20:08 | INFO     | t=10148.5: DISPATCHER → Hold override for retrofitted_to_parking (waited 86.0 min >= max 45.0 min)
15:20:08 | INFO     | t=10163.0: LOCO[LOCO_02] → TRAIN_PREP at collection (coupling + prep, 3.0 min)
15:20:08 | INFO     | t=10177.5: RAKE[W9081,W8671] → COUPLING at WS_01 (1 couplings, 0.5 min)
15:20:08 | INFO     | t=10178.0: LOCO → Allocating for pickup from WS_01
15:20:08 | INFO     | t=10178.0: DISPATCHER → Task submitted: workshop_to_retrofitted (pending=2)
15:20:08 | INFO     | t=10203.5: RAKE[W2112,W7542] → COUPLING at WS_02 (1 couplings, 0.5 min)
15:20:08 | INFO     | t=10204.0: LOCO → Allocating for pickup from WS_02
15:20:08 | INFO     | t=10204.0: DISPATCHER → Task submitted: workshop_to_retrofitted (pending=3)
15:20:08 | INFO     | t=10208.5: LOCO[LOCO_01] → TRAIN_PREP at collection (coupling + prep, 7.0 min)
15:20:08 | INFO     | t=10226.0: LOCO[LOCO_02] → DECOUPLING at retrofit (3.0 min)
15:20:08 | INFO     | EVENT_PUBLISHED: TrainArrivedEvent | train=T136 | time=10227.8
15:20:08 | INFO     | EVENT_HANDLING: TrainArrivedEvent -> RetrofitWorkshopContext._handle_train_arrived
15:20:08 | INFO     | EVENT_HANDLED: TrainArrivedEvent by RetrofitWorkshopContext._handle_train_arrived
15:20:08 | INFO     | t=10229.0: RAKE[W4532] → DECOUPLING at retrofit (0 couplings, 0.0 min)
15:20:08 | INFO     | t=10234.0: Batch size limited by retrofit capacity: 1 wagons (16.4m) fits, 20 waiting
15:20:08 | INFO     | t=10234.0: DISPATCHER → Hold override for retrofitted_to_parking (waited 171.5 min >= max 45.0 min)
15:20:08 | INFO     | t=10234.0: DISPATCHER → Assigned loco LOCO_02 to workshop_to_retrofitted (waited 56.0 min, pending=2)
15:20:08 | INFO     | t=10234.0: DISPATCHER → Hold override for retrofitted_to_parking (waited 171.5 min >= max 45.0 min)
15:20:08 | INFO     | t=10234.0: COLLECTION → Reserving retrofit track capacity for 1 wagons
15:20:08 | INFO     | t=10234.0: LOCO[LOCO_02] → Allocated for pickup
15:20:08 | INFO     | t=10241.0: LOCO[LOCO_02] → TRAIN_PREP completed at WS_01 (2.0 min)
15:20:08 | INFO     | t=10246.0: BATCH → Putting 2 wagons on retrofitted track retrofitted
15:20:08 | INFO     | t=10246.0: WAGON[W9081] → Added to retrofitted track retrofitted
15:20:08 | INFO     | t=10246.0: WAGON[W8671] → Added to retrofitted track retrofitted
15:20:08 | INFO     | t=10251.0: WORKSHOP[WS_01] → Released, notifying 1 waiting processes
15:20:08 | INFO     | t=10251.0: WORKSHOP → Workshop became available
15:20:08 | INFO     | t=10251.0: WORKSHOP[WS_01] → Selected for batch
15:20:08 | INFO     | t=10251.0: DISPATCHER → Hold override for retrofitted_to_parking (waited 188.5 min >= max 45.0 min)
15:20:08 | INFO     | t=10251.0: DISPATCHER → Assigned loco LOCO_02 to retrofitted_to_parking (waited 188.5 min, pending=1)
15:20:08 | INFO     | t=10251.0: WAGON[W8990] → Added to batch
15:20:08 | INFO     | t=10251.0: BATCH[W10249,W8990] → Formed 2 wagons for WS_01
15:20:08 | INFO     | t=10251.0: LOCO[LOCO_02] → Allocated for parking transport
15:20:08 | INFO     | t=10251.0: TRACK[retrofit] → Removed 2 wagons (45.7m freed)
15:20:08 | INFO     | t=10251.0: DISPATCHER → Task submitted: retrofit_to_workshop (pending=2)
15:20:08 | INFO     | t=10251.0: COLLECTION → Capacity reserved, allocating locomotive
15:20:08 | INFO     | t=10251.0: DISPATCHER → Task submitted: collection_to_retrofit (pending=3)
15:20:08 | INFO     | EVENT_PUBLISHED: TrainArrivedEvent | train=T137 | time=10253.0
15:20:08 | INFO     | EVENT_HANDLING: TrainArrivedEvent -> RetrofitWorkshopContext._handle_train_arrived
15:20:08 | INFO     | EVENT_HANDLED: TrainArrivedEvent by RetrofitWorkshopContext._handle_train_arrived
15:20:08 | INFO     | t=10256.0: LOCO[LOCO_02] → TRAIN_PREP at retrofitted (coupling + prep, 3.0 min)
15:20:08 | INFO     | t=10275.5: LOCO[LOCO_01] → DECOUPLING at retrofit (9.0 min)
15:20:08 | INFO     | t=10284.5: RAKE[W0881,W8570,W9355] → DECOUPLING at retrofit (2 couplings, 6.0 min)
15:20:08 | INFO     | t=10295.5: DISPATCHER → Hold override for collection_to_retrofit (waited 44.5 min >= max 30.0 min)
15:20:08 | INFO     | t=10295.5: DISPATCHER → Assigned loco LOCO_01 to retrofit_to_workshop (waited 44.5 min, pending=2)
15:20:08 | INFO     | t=10295.5: Batch size limited by retrofit capacity: 2 wagons (38.5m) fits, 20 waiting
15:20:08 | INFO     | t=10295.5: RAKE[W10249,W8990] → COUPLING at retrofit (1 couplings, 2.0 min)
15:20:08 | INFO     | t=10295.5: COLLECTION → Reserving retrofit track capacity for 2 wagons
15:20:08 | INFO     | t=10295.5: WAGON[W2050] → Retrieved from retrofit queue
15:20:08 | INFO     | t=10295.5: WORKSHOP → No workshop available, waiting...
15:20:08 | INFO     | t=10295.5: COLLECTION → Capacity reserved, allocating locomotive
15:20:08 | INFO     | t=10295.5: DISPATCHER → Task submitted: collection_to_retrofit (pending=3)
15:20:08 | INFO     | t=10302.5: LOCO[LOCO_01] → COUPLING at retrofit (2.0 min)
15:20:08 | INFO     | t=10304.5: LOCO[LOCO_01] → SHUNTING_PREP at retrofit (1.0 min)
15:20:08 | INFO     | t=10310.5: LOCO[LOCO_01] → DECOUPLING at WS_01 (3.0 min)
15:20:08 | INFO     | t=10313.5: RAKE[W10249,W8990] → DECOUPLING at WS_01 (1 couplings, 3.0 min)
15:20:08 | INFO     | t=10316.5: WAGON[W10249] → RETROFIT_STARTED at WS_01
15:20:08 | INFO     | t=10316.5: WAGON[W8990] → RETROFIT_STARTED at WS_01
15:20:08 | INFO     | t=10319.0: LOCO[LOCO_02] → DECOUPLING at parking12 (2.0 min)
15:20:08 | INFO     | t=10321.0: RAKE[W11252,W12355,W7316,W10254] → DECOUPLING at parking12 (3 couplings, 1.5 min)
15:20:08 | INFO     | t=10321.5: DISPATCHER → Hold override for collection_to_retrofit (waited 70.5 min >= max 30.0 min)
15:20:08 | INFO     | t=10321.5: DISPATCHER → Assigned loco LOCO_01 to collection_to_retrofit (waited 70.5 min, pending=2)
15:20:08 | INFO     | t=10376.5: RAKE[W10249,W8990] → COUPLING at WS_01 (1 couplings, 0.5 min)
15:20:08 | INFO     | t=10377.0: LOCO → Allocating for pickup from WS_01
15:20:08 | INFO     | t=10377.0: DISPATCHER → Task submitted: workshop_to_retrofitted (pending=3)
15:20:08 | INFO     | t=10381.5: LOCO[LOCO_01] → TRAIN_PREP at collection (coupling + prep, 3.0 min)
15:20:08 | INFO     | t=10382.5: LOCO[LOCO_02] → Releasing
15:20:08 | INFO     | t=10382.5: LOCO[LOCO_02] → Released
15:20:08 | INFO     | t=10382.5: PARKING → Got wagon W9534 from retrofitted
15:20:08 | INFO     | t=10382.5: DISPATCHER → Hold override for collection_to_retrofit (waited 87.0 min >= max 30.0 min)
15:20:08 | INFO     | t=10382.5: DISPATCHER → Assigned loco LOCO_02 to collection_to_retrofit (waited 87.0 min, pending=2)
15:20:08 | INFO     | t=10382.5: LOCO → Allocating for parking transport
15:20:08 | INFO     | t=10382.5: DISPATCHER → Task submitted: retrofitted_to_parking (pending=3)
15:20:08 | INFO     | EVENT_PUBLISHED: TrainArrivedEvent | train=T138 | time=10420.2
15:20:08 | INFO     | EVENT_HANDLING: TrainArrivedEvent -> RetrofitWorkshopContext._handle_train_arrived
15:20:08 | INFO     | EVENT_HANDLED: TrainArrivedEvent by RetrofitWorkshopContext._handle_train_arrived
15:20:08 | INFO     | EVENT_PUBLISHED: TrainArrivedEvent | train=T139 | time=10423.5
15:20:08 | INFO     | EVENT_HANDLING: TrainArrivedEvent -> RetrofitWorkshopContext._handle_train_arrived
15:20:08 | INFO     | EVENT_HANDLED: TrainArrivedEvent by RetrofitWorkshopContext._handle_train_arrived
15:20:08 | INFO     | EVENT_PUBLISHED: TrainArrivedEvent | train=T140 | time=10430.2
15:20:08 | INFO     | EVENT_HANDLING: TrainArrivedEvent -> RetrofitWorkshopContext._handle_train_arrived
15:20:08 | INFO     | EVENT_HANDLED: TrainArrivedEvent by RetrofitWorkshopContext._handle_train_arrived
15:20:08 | INFO     | t=10442.5: LOCO[LOCO_02] → TRAIN_PREP at collection (coupling + prep, 5.0 min)
15:20:08 | INFO     | t=10444.5: LOCO[LOCO_01] → DECOUPLING at retrofit (3.0 min)
15:20:08 | INFO     | t=10447.5: RAKE[W5248] → DECOUPLING at retrofit (0 couplings, 0.0 min)
15:20:08 | INFO     | t=10452.5: Batch size limited by retrofit capacity: 1 wagons (14.2m) fits, 20 waiting
15:20:08 | INFO     | t=10452.5: DISPATCHER → Hold override for retrofitted_to_parking (waited 70.0 min >= max 45.0 min)
15:20:08 | INFO     | t=10452.5: DISPATCHER → Assigned loco LOCO_01 to workshop_to_retrofitted (waited 248.5 min, pending=2)
15:20:08 | INFO     | t=10452.5: COLLECTION → Reserving retrofit track capacity for 1 wagons
15:20:08 | INFO     | t=10452.5: LOCO[LOCO_01] → Allocated for pickup
15:20:08 | INFO     | t=10459.5: LOCO[LOCO_01] → TRAIN_PREP completed at WS_02 (2.0 min)
15:20:08 | INFO     | t=10464.5: BATCH → Putting 2 wagons on retrofitted track retrofitted
15:20:08 | INFO     | t=10464.5: WAGON[W2112] → Added to retrofitted track retrofitted
15:20:08 | INFO     | t=10464.5: WAGON[W7542] → Added to retrofitted track retrofitted
15:20:08 | INFO     | t=10469.5: WORKSHOP[WS_02] → Released, notifying 1 waiting processes
15:20:08 | INFO     | t=10469.5: WORKSHOP → Workshop became available
15:20:08 | INFO     | t=10469.5: WORKSHOP[WS_02] → Selected for batch
15:20:08 | INFO     | t=10469.5: DISPATCHER → Hold override for retrofitted_to_parking (waited 87.0 min >= max 45.0 min)
15:20:08 | INFO     | t=10469.5: DISPATCHER → Assigned loco LOCO_01 to workshop_to_retrofitted (waited 92.5 min, pending=1)
15:20:08 | INFO     | t=10469.5: DISPATCHER → Hold override for retrofitted_to_parking (waited 87.0 min >= max 45.0 min)
15:20:08 | INFO     | t=10469.5: WAGON[W2386] → Added to batch
15:20:08 | INFO     | t=10469.5: BATCH[W2050,W2386] → Formed 2 wagons for WS_02
15:20:08 | INFO     | t=10469.5: LOCO[LOCO_01] → Allocated for pickup
15:20:08 | INFO     | t=10469.5: TRACK[retrofit] → Removed 2 wagons (31.6m freed)
15:20:08 | INFO     | t=10469.5: DISPATCHER → Task submitted: retrofit_to_workshop (pending=2)
15:20:08 | INFO     | t=10469.5: COLLECTION → Capacity reserved, allocating locomotive
15:20:08 | INFO     | t=10469.5: DISPATCHER → Task submitted: collection_to_retrofit (pending=3)
15:20:08 | INFO     | t=10476.5: LOCO[LOCO_01] → TRAIN_PREP completed at WS_01 (2.0 min)
15:20:08 | INFO     | t=10481.5: BATCH → Putting 2 wagons on retrofitted track retrofitted
15:20:08 | INFO     | t=10481.5: WAGON[W10249] → Added to retrofitted track retrofitted
15:20:08 | INFO     | t=10481.5: WAGON[W8990] → Added to retrofitted track retrofitted
15:20:08 | INFO     | t=10486.5: WORKSHOP[WS_01] → Released, notifying 0 waiting processes
15:20:08 | INFO     | t=10486.5: DISPATCHER → Hold override for retrofitted_to_parking (waited 104.0 min >= max 45.0 min)
15:20:08 | INFO     | t=10486.5: DISPATCHER → Assigned loco LOCO_01 to retrofit_to_workshop (waited 17.0 min, pending=2)
15:20:08 | INFO     | t=10486.5: DISPATCHER → Hold override for retrofitted_to_parking (waited 104.0 min >= max 45.0 min)
15:20:08 | INFO     | t=10486.5: RAKE[W2050,W2386] → COUPLING at retrofit (1 couplings, 2.0 min)
15:20:08 | INFO     | t=10486.5: WAGON[W12385] → Retrieved from retrofit queue
15:20:08 | INFO     | t=10486.5: WORKSHOP[WS_01] → Selected for batch
15:20:08 | INFO     | t=10486.5: WAGON[W2136] → Added to batch
15:20:08 | INFO     | t=10486.5: BATCH[W12385,W2136] → Formed 2 wagons for WS_01
15:20:08 | INFO     | t=10486.5: TRACK[retrofit] → Removed 2 wagons (36.1m freed)
15:20:08 | INFO     | t=10486.5: DISPATCHER → Task submitted: retrofit_to_workshop (pending=3)
15:20:08 | INFO     | t=10493.5: LOCO[LOCO_01] → COUPLING at retrofit (2.0 min)
15:20:08 | INFO     | t=10495.5: LOCO[LOCO_01] → SHUNTING_PREP at retrofit (1.0 min)
15:20:08 | INFO     | EVENT_PUBLISHED: TrainArrivedEvent | train=T141 | time=10500.0
15:20:08 | INFO     | EVENT_HANDLING: TrainArrivedEvent -> RetrofitWorkshopContext._handle_train_arrived
15:20:08 | INFO     | EVENT_HANDLED: TrainArrivedEvent by RetrofitWorkshopContext._handle_train_arrived
15:20:08 | INFO     | t=10501.5: LOCO[LOCO_01] → DECOUPLING at WS_02 (3.0 min)
15:20:08 | INFO     | t=10504.5: RAKE[W2050,W2386] → DECOUPLING at WS_02 (1 couplings, 3.0 min)
15:20:08 | INFO     | t=10507.5: LOCO[LOCO_02] → DECOUPLING at retrofit (6.0 min)
15:20:08 | INFO     | t=10507.5: WAGON[W2050] → RETROFIT_STARTED at WS_02
15:20:08 | INFO     | t=10507.5: WAGON[W2386] → RETROFIT_STARTED at WS_02
15:20:08 | INFO     | t=10512.5: DISPATCHER → Hold override for retrofitted_to_parking (waited 130.0 min >= max 45.0 min)
15:20:08 | INFO     | t=10512.5: DISPATCHER → Hold override for collection_to_retrofit (waited 43.0 min >= max 30.0 min)
15:20:08 | INFO     | t=10512.5: DISPATCHER → Assigned loco LOCO_01 to collection_to_retrofit (waited 43.0 min, pending=2)
15:20:08 | INFO     | t=10512.5: DISPATCHER → Hold override for retrofitted_to_parking (waited 130.0 min >= max 45.0 min)
15:20:08 | INFO     | t=10513.5: RAKE[W11847,W2135] → DECOUPLING at retrofit (1 couplings, 3.0 min)
15:20:08 | INFO     | t=10521.5: DISPATCHER → Hold override for retrofitted_to_parking (waited 139.0 min >= max 45.0 min)
15:20:08 | INFO     | t=10521.5: DISPATCHER → Assigned loco LOCO_02 to retrofit_to_workshop (waited 35.0 min, pending=1)
15:20:08 | INFO     | t=10521.5: DISPATCHER → Hold override for retrofitted_to_parking (waited 139.0 min >= max 45.0 min)
15:20:08 | INFO     | t=10521.5: RAKE[W12385,W2136] → COUPLING at retrofit (1 couplings, 2.0 min)
15:20:08 | INFO     | t=10521.5: Batch size limited by retrofit capacity: 3 wagons (51.8m) fits, 19 waiting
15:20:08 | INFO     | t=10521.5: WAGON[W5282] → Retrieved from retrofit queue
15:20:08 | INFO     | t=10521.5: WORKSHOP → No workshop available, waiting...
15:20:08 | INFO     | t=10521.5: COLLECTION → Reserving retrofit track capacity for 3 wagons
15:20:08 | INFO     | t=10521.5: COLLECTION → Capacity reserved, allocating locomotive
15:20:08 | INFO     | t=10521.5: DISPATCHER → Task submitted: collection_to_retrofit (pending=2)
15:20:08 | INFO     | t=10528.5: LOCO[LOCO_02] → COUPLING at retrofit (2.0 min)
15:20:08 | INFO     | t=10530.5: LOCO[LOCO_02] → SHUNTING_PREP at retrofit (1.0 min)
15:20:08 | INFO     | t=10536.5: LOCO[LOCO_02] → DECOUPLING at WS_01 (3.0 min)
15:20:08 | INFO     | t=10539.5: RAKE[W12385,W2136] → DECOUPLING at WS_01 (1 couplings, 3.0 min)
15:20:08 | INFO     | t=10542.5: WAGON[W12385] → RETROFIT_STARTED at WS_01
15:20:08 | INFO     | t=10542.5: WAGON[W2136] → RETROFIT_STARTED at WS_01
15:20:08 | INFO     | t=10547.5: DISPATCHER → Hold override for retrofitted_to_parking (waited 165.0 min >= max 45.0 min)
15:20:08 | INFO     | t=10547.5: DISPATCHER → Assigned loco LOCO_02 to retrofitted_to_parking (waited 165.0 min, pending=1)
15:20:08 | INFO     | t=10547.5: LOCO[LOCO_02] → Allocated for parking transport
15:20:08 | INFO     | t=10552.5: DISPATCHER → Hold override for collection_to_retrofit (waited 31.0 min >= max 30.0 min)
15:20:08 | INFO     | t=10552.5: LOCO[LOCO_02] → TRAIN_PREP at retrofitted (coupling + prep, 4.0 min)
15:20:08 | INFO     | t=10567.5: RAKE[W2050,W2386] → COUPLING at WS_02 (1 couplings, 0.5 min)
15:20:08 | INFO     | t=10568.0: LOCO → Allocating for pickup from WS_02
15:20:08 | INFO     | t=10568.0: DISPATCHER → Task submitted: workshop_to_retrofitted (pending=2)
15:20:08 | INFO     | t=10572.5: LOCO[LOCO_01] → TRAIN_PREP at collection (coupling + prep, 3.0 min)
15:20:08 | INFO     | EVENT_PUBLISHED: TrainArrivedEvent | train=T142 | time=10593.5
15:20:08 | INFO     | EVENT_HANDLING: TrainArrivedEvent -> RetrofitWorkshopContext._handle_train_arrived
15:20:08 | INFO     | EVENT_HANDLED: TrainArrivedEvent by RetrofitWorkshopContext._handle_train_arrived
15:20:08 | INFO     | t=10602.5: RAKE[W12385,W2136] → COUPLING at WS_01 (1 couplings, 0.5 min)
15:20:08 | INFO     | t=10603.0: LOCO → Allocating for pickup from WS_01
15:20:08 | INFO     | t=10603.0: DISPATCHER → Task submitted: workshop_to_retrofitted (pending=3)
15:20:08 | INFO     | EVENT_PUBLISHED: TrainArrivedEvent | train=T143 | time=10616.5
15:20:08 | INFO     | EVENT_HANDLING: TrainArrivedEvent -> RetrofitWorkshopContext._handle_train_arrived
15:20:08 | INFO     | EVENT_HANDLED: TrainArrivedEvent by RetrofitWorkshopContext._handle_train_arrived
15:20:08 | INFO     | t=10631.5: LOCO[LOCO_02] → DECOUPLING at parking15 (3.0 min)
15:20:08 | INFO     | t=10634.5: RAKE[W9534,W12057,W11482,W9940,W9081,W8671] → DECOUPLING at parking15 (5 couplings, 2.5 min)
15:20:08 | INFO     | t=10635.5: LOCO[LOCO_01] → DECOUPLING at retrofit (3.0 min)
15:20:08 | INFO     | t=10638.5: RAKE[W0282] → DECOUPLING at retrofit (0 couplings, 0.0 min)
15:20:08 | INFO     | t=10643.5: Batch size limited by retrofit capacity: 1 wagons (23.9m) fits, 20 waiting
15:20:08 | INFO     | t=10643.5: DISPATCHER → Hold override for collection_to_retrofit (waited 122.0 min >= max 30.0 min)
15:20:08 | INFO     | t=10643.5: DISPATCHER → Assigned loco LOCO_01 to collection_to_retrofit (waited 122.0 min, pending=2)
15:20:08 | INFO     | t=10643.5: COLLECTION → Reserving retrofit track capacity for 1 wagons
15:20:08 | INFO     | t=10697.0: LOCO[LOCO_02] → Releasing
15:20:08 | INFO     | t=10697.0: LOCO[LOCO_02] → Released
15:20:08 | INFO     | t=10697.0: PARKING → Got wagon W2112 from retrofitted
15:20:08 | INFO     | t=10697.0: DISPATCHER → Assigned loco LOCO_02 to workshop_to_retrofitted (waited 129.0 min, pending=1)
15:20:08 | INFO     | t=10697.0: LOCO[LOCO_02] → Allocated for pickup
15:20:08 | INFO     | t=10697.0: LOCO → Allocating for parking transport
15:20:08 | INFO     | t=10697.0: DISPATCHER → Task submitted: retrofitted_to_parking (pending=2)
15:20:08 | INFO     | t=10703.5: LOCO[LOCO_01] → TRAIN_PREP at collection (coupling + prep, 7.0 min)
15:20:08 | INFO     | t=10704.0: LOCO[LOCO_02] → TRAIN_PREP completed at WS_02 (2.0 min)
15:20:08 | INFO     | t=10709.0: BATCH → Putting 2 wagons on retrofitted track retrofitted
15:20:08 | INFO     | t=10709.0: WAGON[W2050] → Added to retrofitted track retrofitted
15:20:08 | INFO     | t=10709.0: WAGON[W2386] → Added to retrofitted track retrofitted
15:20:08 | INFO     | t=10714.0: WORKSHOP[WS_02] → Released, notifying 1 waiting processes
15:20:08 | INFO     | t=10714.0: WORKSHOP → Workshop became available
15:20:08 | INFO     | t=10714.0: WORKSHOP[WS_02] → Selected for batch
15:20:08 | INFO     | t=10714.0: DISPATCHER → Assigned loco LOCO_02 to workshop_to_retrofitted (waited 111.0 min, pending=1)
15:20:08 | INFO     | t=10714.0: WAGON[W2652] → Added to batch
15:20:08 | INFO     | t=10714.0: BATCH[W5282,W2652] → Formed 2 wagons for WS_02
15:20:08 | INFO     | t=10714.0: LOCO[LOCO_02] → Allocated for pickup
15:20:08 | INFO     | t=10714.0: TRACK[retrofit] → Removed 2 wagons (35.4m freed)
15:20:08 | INFO     | t=10714.0: DISPATCHER → Task submitted: retrofit_to_workshop (pending=2)
15:20:08 | INFO     | t=10714.0: COLLECTION → Capacity reserved, allocating locomotive
15:20:08 | INFO     | t=10714.0: DISPATCHER → Task submitted: collection_to_retrofit (pending=3)
15:20:08 | INFO     | t=10721.0: LOCO[LOCO_02] → TRAIN_PREP completed at WS_01 (2.0 min)
15:20:08 | INFO     | t=10726.0: BATCH → Putting 2 wagons on retrofitted track retrofitted
15:20:08 | INFO     | t=10726.0: WAGON[W12385] → Added to retrofitted track retrofitted
15:20:08 | INFO     | t=10726.0: WAGON[W2136] → Added to retrofitted track retrofitted
15:20:08 | INFO     | t=10731.0: WORKSHOP[WS_01] → Released, notifying 0 waiting processes
15:20:08 | INFO     | t=10731.0: DISPATCHER → Assigned loco LOCO_02 to retrofit_to_workshop (waited 17.0 min, pending=2)
15:20:08 | INFO     | t=10731.0: RAKE[W5282,W2652] → COUPLING at retrofit (1 couplings, 2.0 min)
15:20:08 | INFO     | t=10731.0: WAGON[W11539] → Retrieved from retrofit queue
15:20:08 | INFO     | t=10731.0: WORKSHOP[WS_01] → Selected for batch
15:20:08 | INFO     | t=10731.0: WAGON[W5845] → Added to batch
15:20:08 | INFO     | t=10731.0: BATCH[W11539,W5845] → Formed 2 wagons for WS_01
15:20:08 | INFO     | t=10731.0: TRACK[retrofit] → Removed 2 wagons (40.4m freed)
15:20:08 | INFO     | t=10731.0: DISPATCHER → Task submitted: retrofit_to_workshop (pending=3)
15:20:08 | INFO     | t=10738.0: LOCO[LOCO_02] → COUPLING at retrofit (2.0 min)
15:20:08 | INFO     | t=10740.0: LOCO[LOCO_02] → SHUNTING_PREP at retrofit (1.0 min)
15:20:08 | INFO     | t=10746.0: LOCO[LOCO_02] → DECOUPLING at WS_02 (3.0 min)
15:20:08 | INFO     | t=10749.0: RAKE[W5282,W2652] → DECOUPLING at WS_02 (1 couplings, 3.0 min)
15:20:08 | INFO     | t=10752.0: WAGON[W5282] → RETROFIT_STARTED at WS_02
15:20:08 | INFO     | t=10752.0: WAGON[W2652] → RETROFIT_STARTED at WS_02
15:20:08 | INFO     | t=10757.0: DISPATCHER → Hold override for retrofitted_to_parking (waited 60.0 min >= max 45.0 min)
15:20:08 | INFO     | t=10757.0: DISPATCHER → Hold override for collection_to_retrofit (waited 43.0 min >= max 30.0 min)
15:20:08 | INFO     | t=10757.0: DISPATCHER → Assigned loco LOCO_02 to collection_to_retrofit (waited 43.0 min, pending=2)
15:20:08 | INFO     | t=10757.0: DISPATCHER → Hold override for retrofitted_to_parking (waited 60.0 min >= max 45.0 min)
15:20:08 | INFO     | t=10770.5: LOCO[LOCO_01] → DECOUPLING at retrofit (9.0 min)
15:20:08 | INFO     | t=10779.5: RAKE[W5612,W5821,W12186] → DECOUPLING at retrofit (2 couplings, 6.0 min)
15:20:08 | INFO     | EVENT_PUBLISHED: TrainArrivedEvent | train=T144 | time=10788.0
15:20:08 | INFO     | EVENT_HANDLING: TrainArrivedEvent -> RetrofitWorkshopContext._handle_train_arrived
15:20:08 | INFO     | EVENT_HANDLED: TrainArrivedEvent by RetrofitWorkshopContext._handle_train_arrived
15:20:08 | INFO     | t=10790.5: DISPATCHER → Hold override for retrofitted_to_parking (waited 93.5 min >= max 45.0 min)
15:20:08 | INFO     | t=10790.5: DISPATCHER → Assigned loco LOCO_01 to retrofit_to_workshop (waited 59.5 min, pending=1)
15:20:08 | INFO     | t=10790.5: DISPATCHER → Hold override for retrofitted_to_parking (waited 93.5 min >= max 45.0 min)
15:20:08 | INFO     | t=10790.5: RAKE[W11539,W5845] → COUPLING at retrofit (1 couplings, 2.0 min)
15:20:08 | INFO     | t=10790.5: Batch size limited by retrofit capacity: 3 wagons (52.6m) fits, 19 waiting
15:20:08 | INFO     | t=10790.5: WAGON[W12195] → Retrieved from retrofit queue
15:20:08 | INFO     | t=10790.5: WORKSHOP → No workshop available, waiting...
15:20:08 | INFO     | t=10790.5: COLLECTION → Reserving retrofit track capacity for 3 wagons
15:20:08 | INFO     | t=10790.5: COLLECTION → Capacity reserved, allocating locomotive
15:20:08 | INFO     | t=10790.5: DISPATCHER → Task submitted: collection_to_retrofit (pending=2)
15:20:08 | INFO     | EVENT_PUBLISHED: TrainArrivedEvent | train=T145 | time=10793.2
15:20:08 | INFO     | EVENT_HANDLING: TrainArrivedEvent -> RetrofitWorkshopContext._handle_train_arrived
15:20:08 | INFO     | EVENT_HANDLED: TrainArrivedEvent by RetrofitWorkshopContext._handle_train_arrived
15:20:08 | INFO     | EVENT_PUBLISHED: TrainArrivedEvent | train=T146 | time=10795.0
15:20:08 | INFO     | EVENT_HANDLING: TrainArrivedEvent -> RetrofitWorkshopContext._handle_train_arrived
15:20:08 | INFO     | EVENT_HANDLED: TrainArrivedEvent by RetrofitWorkshopContext._handle_train_arrived
15:20:08 | INFO     | EVENT_PUBLISHED: TrainArrivedEvent | train=T147 | time=10796.8
15:20:08 | INFO     | EVENT_HANDLING: TrainArrivedEvent -> RetrofitWorkshopContext._handle_train_arrived
15:20:08 | INFO     | EVENT_HANDLED: TrainArrivedEvent by RetrofitWorkshopContext._handle_train_arrived
15:20:08 | INFO     | t=10797.5: LOCO[LOCO_01] → COUPLING at retrofit (2.0 min)
15:20:08 | INFO     | t=10799.5: LOCO[LOCO_01] → SHUNTING_PREP at retrofit (1.0 min)
15:20:08 | INFO     | t=10805.5: LOCO[LOCO_01] → DECOUPLING at WS_01 (3.0 min)
15:20:08 | INFO     | t=10808.5: RAKE[W11539,W5845] → DECOUPLING at WS_01 (1 couplings, 3.0 min)
15:20:08 | INFO     | t=10811.5: WAGON[W11539] → RETROFIT_STARTED at WS_01
15:20:08 | INFO     | t=10811.5: WAGON[W5845] → RETROFIT_STARTED at WS_01
15:20:08 | INFO     | t=10812.0: RAKE[W5282,W2652] → COUPLING at WS_02 (1 couplings, 0.5 min)
15:20:08 | INFO     | t=10812.5: LOCO → Allocating for pickup from WS_02
15:20:08 | INFO     | t=10812.5: DISPATCHER → Task submitted: workshop_to_retrofitted (pending=3)
15:20:08 | INFO     | t=10816.5: DISPATCHER → Hold override for retrofitted_to_parking (waited 119.5 min >= max 45.0 min)
15:20:08 | INFO     | t=10816.5: DISPATCHER → Assigned loco LOCO_01 to workshop_to_retrofitted (waited 4.0 min, pending=2)
15:20:08 | INFO     | t=10816.5: DISPATCHER → Hold override for retrofitted_to_parking (waited 119.5 min >= max 45.0 min)
15:20:08 | INFO     | t=10816.5: LOCO[LOCO_01] → Allocated for pickup
15:20:08 | INFO     | t=10817.0: LOCO[LOCO_02] → TRAIN_PREP at collection (coupling + prep, 3.0 min)
15:20:08 | INFO     | t=10823.5: LOCO[LOCO_01] → TRAIN_PREP completed at WS_02 (2.0 min)
15:20:08 | INFO     | t=10828.5: BATCH → Putting 2 wagons on retrofitted track retrofitted
15:20:08 | INFO     | t=10828.5: WAGON[W5282] → Added to retrofitted track retrofitted
15:20:08 | INFO     | t=10828.5: WAGON[W2652] → Added to retrofitted track retrofitted
15:20:08 | INFO     | t=10833.5: WORKSHOP[WS_02] → Released, notifying 1 waiting processes
15:20:08 | INFO     | t=10833.5: WORKSHOP → Workshop became available
15:20:08 | INFO     | t=10833.5: WORKSHOP[WS_02] → Selected for batch
15:20:08 | INFO     | t=10833.5: DISPATCHER → Hold override for retrofitted_to_parking (waited 136.5 min >= max 45.0 min)
15:20:08 | INFO     | t=10833.5: DISPATCHER → Hold override for collection_to_retrofit (waited 43.0 min >= max 30.0 min)
15:20:08 | INFO     | t=10833.5: DISPATCHER → Assigned loco LOCO_01 to collection_to_retrofit (waited 43.0 min, pending=1)
15:20:08 | INFO     | t=10833.5: DISPATCHER → Hold override for retrofitted_to_parking (waited 136.5 min >= max 45.0 min)
15:20:08 | INFO     | t=10833.5: WAGON[W2831] → Added to batch
15:20:08 | INFO     | t=10833.5: BATCH[W12195,W2831] → Formed 2 wagons for WS_02
15:20:08 | INFO     | t=10833.5: TRACK[retrofit] → Removed 2 wagons (46.5m freed)
15:20:08 | INFO     | t=10833.5: DISPATCHER → Task submitted: retrofit_to_workshop (pending=2)
15:20:08 | INFO     | EVENT_PUBLISHED: TrainArrivedEvent | train=T148 | time=10842.8
15:20:08 | INFO     | EVENT_HANDLING: TrainArrivedEvent -> RetrofitWorkshopContext._handle_train_arrived
15:20:08 | INFO     | EVENT_HANDLED: TrainArrivedEvent by RetrofitWorkshopContext._handle_train_arrived
15:20:08 | INFO     | EVENT_PUBLISHED: TrainArrivedEvent | train=T149 | time=10860.2
15:20:08 | INFO     | EVENT_HANDLING: TrainArrivedEvent -> RetrofitWorkshopContext._handle_train_arrived
15:20:08 | INFO     | EVENT_HANDLED: TrainArrivedEvent by RetrofitWorkshopContext._handle_train_arrived
15:20:08 | INFO     | t=10871.5: RAKE[W11539,W5845] → COUPLING at WS_01 (1 couplings, 0.5 min)
15:20:08 | INFO     | t=10872.0: LOCO → Allocating for pickup from WS_01
15:20:08 | INFO     | t=10872.0: DISPATCHER → Task submitted: workshop_to_retrofitted (pending=3)
15:20:08 | INFO     | t=10880.0: LOCO[LOCO_02] → DECOUPLING at retrofit (3.0 min)
15:20:08 | INFO     | t=10883.0: RAKE[W8578] → DECOUPLING at retrofit (0 couplings, 0.0 min)
15:20:08 | INFO     | t=10888.0: DISPATCHER → Hold override for retrofitted_to_parking (waited 191.0 min >= max 45.0 min)
15:20:08 | INFO     | t=10888.0: DISPATCHER → Assigned loco LOCO_02 to retrofit_to_workshop (waited 54.5 min, pending=2)
15:20:08 | INFO     | t=10888.0: DISPATCHER → Hold override for retrofitted_to_parking (waited 191.0 min >= max 45.0 min)
15:20:08 | INFO     | t=10888.0: Batch size limited by retrofit capacity: 2 wagons (42.8m) fits, 20 waiting
15:20:08 | INFO     | t=10888.0: RAKE[W12195,W2831] → COUPLING at retrofit (1 couplings, 2.0 min)
15:20:08 | INFO     | t=10888.0: COLLECTION → Reserving retrofit track capacity for 2 wagons
15:20:08 | INFO     | t=10888.0: WAGON[W4532] → Retrieved from retrofit queue
15:20:08 | INFO     | t=10888.0: WORKSHOP → No workshop available, waiting...
15:20:08 | INFO     | t=10888.0: COLLECTION → Capacity reserved, allocating locomotive
15:20:08 | INFO     | t=10888.0: DISPATCHER → Task submitted: collection_to_retrofit (pending=3)
15:20:08 | INFO     | t=10893.5: LOCO[LOCO_01] → TRAIN_PREP at collection (coupling + prep, 7.0 min)
15:20:08 | INFO     | t=10895.0: LOCO[LOCO_02] → COUPLING at retrofit (2.0 min)
15:20:08 | INFO     | t=10897.0: LOCO[LOCO_02] → SHUNTING_PREP at retrofit (1.0 min)
15:20:08 | INFO     | t=10903.0: LOCO[LOCO_02] → DECOUPLING at WS_02 (3.0 min)
15:20:08 | INFO     | t=10906.0: RAKE[W12195,W2831] → DECOUPLING at WS_02 (1 couplings, 3.0 min)
15:20:08 | INFO     | t=10909.0: WAGON[W12195] → RETROFIT_STARTED at WS_02
15:20:08 | INFO     | t=10909.0: WAGON[W2831] → RETROFIT_STARTED at WS_02
15:20:08 | INFO     | t=10914.0: DISPATCHER → Hold override for retrofitted_to_parking (waited 217.0 min >= max 45.0 min)
15:20:08 | INFO     | t=10914.0: DISPATCHER → Assigned loco LOCO_02 to retrofitted_to_parking (waited 217.0 min, pending=2)
15:20:08 | INFO     | t=10914.0: LOCO[LOCO_02] → Allocated for parking transport
15:20:08 | INFO     | t=10919.0: LOCO[LOCO_02] → TRAIN_PREP at retrofitted (coupling + prep, 3.0 min)
15:20:08 | INFO     | EVENT_PUBLISHED: TrainArrivedEvent | train=T150 | time=10947.8
15:20:08 | INFO     | EVENT_HANDLING: TrainArrivedEvent -> RetrofitWorkshopContext._handle_train_arrived
15:20:08 | INFO     | EVENT_HANDLED: TrainArrivedEvent by RetrofitWorkshopContext._handle_train_arrived
15:20:08 | INFO     | t=10960.5: LOCO[LOCO_01] → DECOUPLING at retrofit (9.0 min)
15:20:08 | INFO     | t=10969.0: RAKE[W12195,W2831] → COUPLING at WS_02 (1 couplings, 0.5 min)
15:20:08 | INFO     | t=10969.5: RAKE[W10772,W5316,W9043] → DECOUPLING at retrofit (2 couplings, 6.0 min)
15:20:08 | INFO     | t=10969.5: LOCO → Allocating for pickup from WS_02
15:20:08 | INFO     | t=10969.5: DISPATCHER → Task submitted: workshop_to_retrofitted (pending=3)
15:20:08 | INFO     | EVENT_PUBLISHED: TrainArrivedEvent | train=T151 | time=10973.8
15:20:08 | INFO     | EVENT_HANDLING: TrainArrivedEvent -> RetrofitWorkshopContext._handle_train_arrived
15:20:08 | INFO     | EVENT_HANDLED: TrainArrivedEvent by RetrofitWorkshopContext._handle_train_arrived
15:20:08 | INFO     | t=10980.5: Batch size limited by retrofit capacity: 1 wagons (10.4m) fits, 20 waiting
15:20:08 | INFO     | t=10980.5: DISPATCHER → Hold override for collection_to_retrofit (waited 92.5 min >= max 30.0 min)
15:20:08 | INFO     | t=10980.5: DISPATCHER → Assigned loco LOCO_01 to collection_to_retrofit (waited 92.5 min, pending=2)
15:20:08 | INFO     | t=10980.5: COLLECTION → Reserving retrofit track capacity for 1 wagons
15:20:08 | INFO     | t=10980.5: COLLECTION → Capacity reserved, allocating locomotive
15:20:08 | INFO     | t=10980.5: DISPATCHER → Task submitted: collection_to_retrofit (pending=3)
15:20:08 | INFO     | t=11040.5: LOCO[LOCO_01] → TRAIN_PREP at collection (coupling + prep, 5.0 min)
15:20:08 | INFO     | t=11042.0: LOCO[LOCO_02] → DECOUPLING at parking16 (2.0 min)
15:20:08 | INFO     | t=11044.0: RAKE[W2112,W7542,W10249,W8990] → DECOUPLING at parking16 (3 couplings, 1.5 min)
15:20:08 | INFO     | t=11105.5: LOCO[LOCO_01] → DECOUPLING at retrofit (6.0 min)
15:20:08 | INFO     | t=11105.5: LOCO[LOCO_02] → Releasing
15:20:08 | INFO     | t=11105.5: LOCO[LOCO_02] → Released
15:20:08 | INFO     | t=11105.5: PARKING → Got wagon W2050 from retrofitted
15:20:08 | INFO     | t=11105.5: DISPATCHER → Hold override for collection_to_retrofit (waited 125.0 min >= max 30.0 min)
15:20:08 | INFO     | t=11105.5: DISPATCHER → Assigned loco LOCO_02 to collection_to_retrofit (waited 125.0 min, pending=2)
15:20:08 | INFO     | t=11105.5: LOCO → Allocating for parking transport
15:20:08 | INFO     | t=11105.5: DISPATCHER → Task submitted: retrofitted_to_parking (pending=3)
15:20:08 | INFO     | t=11111.5: RAKE[W0948,W9358] → DECOUPLING at retrofit (1 couplings, 3.0 min)
15:20:08 | INFO     | t=11119.5: Batch size limited by retrofit capacity: 1 wagons (13.9m) fits, 21 waiting
15:20:08 | INFO     | t=11119.5: DISPATCHER → Assigned loco LOCO_01 to workshop_to_retrofitted (waited 247.5 min, pending=2)
15:20:08 | INFO     | t=11119.5: COLLECTION → Reserving retrofit track capacity for 1 wagons
15:20:08 | INFO     | t=11119.5: LOCO[LOCO_01] → Allocated for pickup
15:20:08 | INFO     | t=11126.5: LOCO[LOCO_01] → TRAIN_PREP completed at WS_01 (2.0 min)
15:20:08 | INFO     | t=11131.5: BATCH → Putting 2 wagons on retrofitted track retrofitted
15:20:08 | INFO     | t=11131.5: WAGON[W11539] → Added to retrofitted track retrofitted
15:20:08 | INFO     | t=11131.5: WAGON[W5845] → Added to retrofitted track retrofitted
15:20:08 | INFO     | t=11136.5: WORKSHOP[WS_01] → Released, notifying 1 waiting processes
15:20:08 | INFO     | t=11136.5: WORKSHOP → Workshop became available
15:20:08 | INFO     | t=11136.5: WORKSHOP[WS_01] → Selected for batch
15:20:08 | INFO     | t=11136.5: DISPATCHER → Assigned loco LOCO_01 to workshop_to_retrofitted (waited 167.0 min, pending=1)
15:20:08 | INFO     | t=11136.5: WAGON[W0881] → Added to batch
15:20:08 | INFO     | t=11136.5: BATCH[W4532,W0881] → Formed 2 wagons for WS_01
15:20:08 | INFO     | t=11136.5: LOCO[LOCO_01] → Allocated for pickup
15:20:08 | INFO     | t=11136.5: TRACK[retrofit] → Removed 2 wagons (30.5m freed)
15:20:08 | INFO     | t=11136.5: DISPATCHER → Task submitted: retrofit_to_workshop (pending=2)
15:20:08 | INFO     | t=11136.5: COLLECTION → Capacity reserved, allocating locomotive
15:20:08 | INFO     | t=11136.5: DISPATCHER → Task submitted: collection_to_retrofit (pending=3)
15:20:08 | INFO     | t=11143.5: LOCO[LOCO_01] → TRAIN_PREP completed at WS_02 (2.0 min)
15:20:08 | INFO     | t=11148.5: BATCH → Putting 2 wagons on retrofitted track retrofitted
15:20:08 | INFO     | t=11148.5: WAGON[W12195] → Added to retrofitted track retrofitted
15:20:08 | INFO     | t=11148.5: WAGON[W2831] → Added to retrofitted track retrofitted
15:20:08 | INFO     | t=11153.5: WORKSHOP[WS_02] → Released, notifying 0 waiting processes
15:20:08 | INFO     | t=11153.5: DISPATCHER → Hold override for retrofitted_to_parking (waited 48.0 min >= max 45.0 min)
15:20:08 | INFO     | t=11153.5: DISPATCHER → Assigned loco LOCO_01 to retrofit_to_workshop (waited 17.0 min, pending=2)
15:20:08 | INFO     | t=11153.5: DISPATCHER → Hold override for retrofitted_to_parking (waited 48.0 min >= max 45.0 min)
15:20:08 | INFO     | t=11153.5: RAKE[W4532,W0881] → COUPLING at retrofit (1 couplings, 2.0 min)
15:20:08 | INFO     | t=11153.5: WAGON[W8570] → Retrieved from retrofit queue
15:20:08 | INFO     | t=11153.5: WORKSHOP[WS_02] → Selected for batch
15:20:08 | INFO     | t=11153.5: WAGON[W9355] → Added to batch
15:20:08 | INFO     | t=11153.5: BATCH[W8570,W9355] → Formed 2 wagons for WS_02
15:20:08 | INFO     | t=11153.5: TRACK[retrofit] → Removed 2 wagons (38.3m freed)
15:20:08 | INFO     | t=11153.5: DISPATCHER → Task submitted: retrofit_to_workshop (pending=3)
15:20:08 | INFO     | t=11160.5: LOCO[LOCO_01] → COUPLING at retrofit (2.0 min)
15:20:08 | INFO     | t=11162.5: LOCO[LOCO_01] → SHUNTING_PREP at retrofit (1.0 min)
15:20:08 | INFO     | t=11165.5: LOCO[LOCO_02] → TRAIN_PREP at collection (coupling + prep, 3.0 min)
15:20:08 | INFO     | t=11168.5: LOCO[LOCO_01] → DECOUPLING at WS_01 (3.0 min)
15:20:08 | INFO     | t=11171.5: RAKE[W4532,W0881] → DECOUPLING at WS_01 (1 couplings, 3.0 min)
15:20:08 | INFO     | t=11174.5: WAGON[W4532] → RETROFIT_STARTED at WS_01
15:20:08 | INFO     | t=11174.5: WAGON[W0881] → RETROFIT_STARTED at WS_01
15:20:08 | INFO     | t=11179.5: DISPATCHER → Hold override for retrofitted_to_parking (waited 74.0 min >= max 45.0 min)
15:20:08 | INFO     | t=11179.5: DISPATCHER → Hold override for collection_to_retrofit (waited 43.0 min >= max 30.0 min)
15:20:08 | INFO     | t=11179.5: DISPATCHER → Assigned loco LOCO_01 to collection_to_retrofit (waited 43.0 min, pending=2)
15:20:08 | INFO     | t=11179.5: DISPATCHER → Hold override for retrofitted_to_parking (waited 74.0 min >= max 45.0 min)
15:20:08 | INFO     | t=11228.5: LOCO[LOCO_02] → DECOUPLING at retrofit (3.0 min)
15:20:08 | INFO     | EVENT_PUBLISHED: TrainArrivedEvent | train=T152 | time=11231.5
15:20:08 | INFO     | EVENT_HANDLING: TrainArrivedEvent -> RetrofitWorkshopContext._handle_train_arrived
15:20:08 | INFO     | EVENT_HANDLED: TrainArrivedEvent by RetrofitWorkshopContext._handle_train_arrived
15:20:08 | INFO     | t=11231.5: RAKE[W0875] → DECOUPLING at retrofit (0 couplings, 0.0 min)
15:20:08 | INFO     | t=11234.5: RAKE[W4532,W0881] → COUPLING at WS_01 (1 couplings, 0.5 min)
15:20:08 | INFO     | t=11235.0: LOCO → Allocating for pickup from WS_01
15:20:08 | INFO     | t=11235.0: DISPATCHER → Task submitted: workshop_to_retrofitted (pending=3)
15:20:08 | INFO     | t=11236.5: DISPATCHER → Hold override for retrofitted_to_parking (waited 131.0 min >= max 45.0 min)
15:20:08 | INFO     | t=11236.5: DISPATCHER → Assigned loco LOCO_02 to retrofit_to_workshop (waited 83.0 min, pending=2)
15:20:08 | INFO     | t=11236.5: DISPATCHER → Hold override for retrofitted_to_parking (waited 131.0 min >= max 45.0 min)
15:20:08 | INFO     | t=11236.5: RAKE[W8570,W9355] → COUPLING at retrofit (1 couplings, 2.0 min)
15:20:08 | INFO     | t=11236.5: Batch size limited by retrofit capacity: 3 wagons (54.2m) fits, 18 waiting
15:20:08 | INFO     | t=11236.5: WAGON[W5248] → Retrieved from retrofit queue
15:20:08 | INFO     | t=11236.5: WORKSHOP → No workshop available, waiting...
15:20:08 | INFO     | t=11236.5: COLLECTION → Reserving retrofit track capacity for 3 wagons
15:20:08 | INFO     | t=11236.5: COLLECTION → Capacity reserved, allocating locomotive
15:20:08 | INFO     | t=11236.5: DISPATCHER → Task submitted: collection_to_retrofit (pending=3)
15:20:08 | INFO     | t=11239.5: LOCO[LOCO_01] → TRAIN_PREP at collection (coupling + prep, 3.0 min)
15:20:08 | INFO     | t=11243.5: LOCO[LOCO_02] → COUPLING at retrofit (2.0 min)
15:20:08 | INFO     | t=11245.5: LOCO[LOCO_02] → SHUNTING_PREP at retrofit (1.0 min)
15:20:08 | INFO     | t=11251.5: LOCO[LOCO_02] → DECOUPLING at WS_02 (3.0 min)
15:20:08 | INFO     | t=11254.5: RAKE[W8570,W9355] → DECOUPLING at WS_02 (1 couplings, 3.0 min)
15:20:08 | INFO     | t=11257.5: WAGON[W8570] → RETROFIT_STARTED at WS_02
15:20:08 | INFO     | t=11257.5: WAGON[W9355] → RETROFIT_STARTED at WS_02
15:20:08 | INFO     | t=11262.5: DISPATCHER → Hold override for retrofitted_to_parking (waited 157.0 min >= max 45.0 min)
15:20:08 | INFO     | t=11262.5: DISPATCHER → Assigned loco LOCO_02 to retrofitted_to_parking (waited 157.0 min, pending=2)
15:20:08 | INFO     | t=11262.5: LOCO[LOCO_02] → Allocated for parking transport
15:20:08 | INFO     | t=11267.5: LOCO[LOCO_02] → TRAIN_PREP at retrofitted (coupling + prep, 4.0 min)
15:20:08 | INFO     | t=11302.5: LOCO[LOCO_01] → DECOUPLING at retrofit (3.0 min)
15:20:08 | INFO     | t=11305.5: RAKE[W0367] → DECOUPLING at retrofit (0 couplings, 0.0 min)
15:20:08 | INFO     | t=11310.5: Batch size limited by retrofit capacity: 1 wagons (14.9m) fits, 21 waiting
15:20:08 | INFO     | t=11310.5: DISPATCHER → Hold override for collection_to_retrofit (waited 74.0 min >= max 30.0 min)
15:20:08 | INFO     | t=11310.5: DISPATCHER → Assigned loco LOCO_01 to collection_to_retrofit (waited 74.0 min, pending=1)
15:20:08 | INFO     | t=11310.5: COLLECTION → Reserving retrofit track capacity for 1 wagons
15:20:08 | INFO     | t=11317.5: RAKE[W8570,W9355] → COUPLING at WS_02 (1 couplings, 0.5 min)
15:20:08 | INFO     | t=11318.0: LOCO → Allocating for pickup from WS_02
15:20:08 | INFO     | t=11318.0: DISPATCHER → Task submitted: workshop_to_retrofitted (pending=2)
15:20:08 | INFO     | t=11331.5: LOCO[LOCO_02] → DECOUPLING at parking10 (3.0 min)
15:20:08 | INFO     | t=11334.5: RAKE[W2050,W2386,W12385,W2136,W5282,W2652] → DECOUPLING at parking10 (5 couplings, 2.5 min)
15:20:08 | INFO     | t=11370.5: LOCO[LOCO_01] → TRAIN_PREP at collection (coupling + prep, 7.0 min)
15:20:08 | INFO     | t=11397.0: LOCO[LOCO_02] → Releasing
15:20:08 | INFO     | t=11397.0: LOCO[LOCO_02] → Released
15:20:08 | INFO     | t=11397.0: PARKING → Got wagon W11539 from retrofitted
15:20:08 | INFO     | t=11397.0: DISPATCHER → Assigned loco LOCO_02 to workshop_to_retrofitted (waited 162.0 min, pending=1)
15:20:08 | INFO     | t=11397.0: LOCO[LOCO_02] → Allocated for pickup
15:20:08 | INFO     | t=11397.0: LOCO → Allocating for parking transport
15:20:08 | INFO     | t=11397.0: DISPATCHER → Task submitted: retrofitted_to_parking (pending=2)
15:20:08 | INFO     | t=11404.0: LOCO[LOCO_02] → TRAIN_PREP completed at WS_01 (2.0 min)
15:20:08 | INFO     | t=11409.0: BATCH → Putting 2 wagons on retrofitted track retrofitted
15:20:08 | INFO     | t=11409.0: WAGON[W4532] → Added to retrofitted track retrofitted
15:20:08 | INFO     | t=11409.0: WAGON[W0881] → Added to retrofitted track retrofitted
15:20:08 | INFO     | t=11414.0: WORKSHOP[WS_01] → Released, notifying 1 waiting processes
15:20:08 | INFO     | t=11414.0: WORKSHOP → Workshop became available
15:20:08 | INFO     | t=11414.0: WORKSHOP[WS_01] → Selected for batch
15:20:08 | INFO     | t=11414.0: DISPATCHER → Assigned loco LOCO_02 to workshop_to_retrofitted (waited 96.0 min, pending=1)
15:20:08 | INFO     | t=11414.0: WAGON[W11847] → Added to batch
15:20:08 | INFO     | t=11414.0: BATCH[W5248,W11847] → Formed 2 wagons for WS_01
15:20:08 | INFO     | t=11414.0: LOCO[LOCO_02] → Allocated for pickup
15:20:08 | INFO     | t=11414.0: TRACK[retrofit] → Removed 2 wagons (37.7m freed)
15:20:08 | INFO     | t=11414.0: DISPATCHER → Task submitted: retrofit_to_workshop (pending=2)
15:20:08 | INFO     | t=11414.0: COLLECTION → Capacity reserved, allocating locomotive
15:20:08 | INFO     | t=11414.0: DISPATCHER → Task submitted: collection_to_retrofit (pending=3)
15:20:08 | INFO     | t=11421.0: LOCO[LOCO_02] → TRAIN_PREP completed at WS_02 (2.0 min)
15:20:08 | INFO     | t=11426.0: BATCH → Putting 2 wagons on retrofitted track retrofitted
15:20:08 | INFO     | t=11426.0: WAGON[W8570] → Added to retrofitted track retrofitted
15:20:08 | INFO     | t=11426.0: WAGON[W9355] → Added to retrofitted track retrofitted
15:20:08 | INFO     | t=11431.0: WORKSHOP[WS_02] → Released, notifying 0 waiting processes
15:20:08 | INFO     | t=11431.0: DISPATCHER → Assigned loco LOCO_02 to retrofit_to_workshop (waited 17.0 min, pending=2)
15:20:08 | INFO     | t=11431.0: RAKE[W5248,W11847] → COUPLING at retrofit (1 couplings, 2.0 min)
15:20:08 | INFO     | t=11431.0: WAGON[W2135] → Retrieved from retrofit queue
15:20:08 | INFO     | t=11431.0: WORKSHOP[WS_02] → Selected for batch
15:20:08 | INFO     | t=11431.0: WAGON[W0282] → Added to batch
15:20:08 | INFO     | t=11431.0: BATCH[W2135,W0282] → Formed 2 wagons for WS_02
15:20:08 | INFO     | t=11431.0: TRACK[retrofit] → Removed 2 wagons (31.4m freed)
15:20:08 | INFO     | t=11431.0: DISPATCHER → Task submitted: retrofit_to_workshop (pending=3)
15:20:08 | INFO     | t=11437.5: LOCO[LOCO_01] → DECOUPLING at retrofit (9.0 min)
15:20:08 | INFO     | t=11438.0: LOCO[LOCO_02] → COUPLING at retrofit (2.0 min)
15:20:08 | INFO     | t=11440.0: LOCO[LOCO_02] → SHUNTING_PREP at retrofit (1.0 min)
15:20:08 | INFO     | t=11446.0: LOCO[LOCO_02] → DECOUPLING at WS_01 (3.0 min)
15:20:08 | INFO     | t=11446.5: RAKE[W10441,W4506,W9143] → DECOUPLING at retrofit (2 couplings, 6.0 min)
15:20:08 | INFO     | t=11449.0: RAKE[W5248,W11847] → DECOUPLING at WS_01 (1 couplings, 3.0 min)
15:20:08 | INFO     | t=11452.0: WAGON[W5248] → RETROFIT_STARTED at WS_01
15:20:08 | INFO     | t=11452.0: WAGON[W11847] → RETROFIT_STARTED at WS_01
15:20:08 | INFO     | t=11457.0: DISPATCHER → Hold override for retrofitted_to_parking (waited 60.0 min >= max 45.0 min)
15:20:08 | INFO     | t=11457.0: DISPATCHER → Hold override for collection_to_retrofit (waited 43.0 min >= max 30.0 min)
15:20:08 | INFO     | t=11457.0: DISPATCHER → Assigned loco LOCO_02 to collection_to_retrofit (waited 43.0 min, pending=2)
15:20:08 | INFO     | t=11457.0: DISPATCHER → Hold override for retrofitted_to_parking (waited 60.0 min >= max 45.0 min)
15:20:08 | INFO     | t=11457.5: DISPATCHER → Hold override for retrofitted_to_parking (waited 60.5 min >= max 45.0 min)
15:20:08 | INFO     | t=11457.5: DISPATCHER → Assigned loco LOCO_01 to retrofit_to_workshop (waited 26.5 min, pending=1)
15:20:08 | INFO     | t=11457.5: DISPATCHER → Hold override for retrofitted_to_parking (waited 60.5 min >= max 45.0 min)
15:20:08 | INFO     | t=11457.5: RAKE[W2135,W0282] → COUPLING at retrofit (1 couplings, 2.0 min)
15:20:08 | INFO     | t=11457.5: Batch size limited by retrofit capacity: 3 wagons (48.3m) fits, 15 waiting
15:20:08 | INFO     | t=11457.5: WAGON[W5612] → Retrieved from retrofit queue
15:20:08 | INFO     | t=11457.5: WORKSHOP → No workshop available, waiting...
15:20:08 | INFO     | t=11457.5: COLLECTION → Reserving retrofit track capacity for 3 wagons
15:20:08 | INFO     | t=11457.5: COLLECTION → Capacity reserved, allocating locomotive
15:20:08 | INFO     | t=11457.5: DISPATCHER → Task submitted: collection_to_retrofit (pending=2)
15:20:08 | INFO     | t=11464.5: LOCO[LOCO_01] → COUPLING at retrofit (2.0 min)
15:20:08 | INFO     | t=11466.5: LOCO[LOCO_01] → SHUNTING_PREP at retrofit (1.0 min)
15:20:08 | INFO     | t=11472.5: LOCO[LOCO_01] → DECOUPLING at WS_02 (3.0 min)
15:20:08 | INFO     | t=11475.5: RAKE[W2135,W0282] → DECOUPLING at WS_02 (1 couplings, 3.0 min)
15:20:08 | INFO     | t=11478.5: WAGON[W2135] → RETROFIT_STARTED at WS_02
15:20:08 | INFO     | t=11478.5: WAGON[W0282] → RETROFIT_STARTED at WS_02
15:20:08 | INFO     | t=11483.5: DISPATCHER → Hold override for retrofitted_to_parking (waited 86.5 min >= max 45.0 min)
15:20:08 | INFO     | t=11483.5: DISPATCHER → Assigned loco LOCO_01 to retrofitted_to_parking (waited 86.5 min, pending=1)
15:20:08 | INFO     | t=11483.5: LOCO[LOCO_01] → Allocated for parking transport
15:20:08 | INFO     | t=11488.5: DISPATCHER → Hold override for collection_to_retrofit (waited 31.0 min >= max 30.0 min)
15:20:08 | INFO     | t=11488.5: LOCO[LOCO_01] → TRAIN_PREP at retrofitted (coupling + prep, 3.0 min)
15:20:08 | INFO     | t=11512.0: RAKE[W5248,W11847] → COUPLING at WS_01 (1 couplings, 0.5 min)
15:20:08 | INFO     | t=11512.5: LOCO → Allocating for pickup from WS_01
15:20:08 | INFO     | t=11512.5: DISPATCHER → Task submitted: workshop_to_retrofitted (pending=2)
15:20:08 | INFO     | t=11517.0: LOCO[LOCO_02] → TRAIN_PREP at collection (coupling + prep, 3.0 min)
15:20:08 | INFO     | t=11538.5: RAKE[W2135,W0282] → COUPLING at WS_02 (1 couplings, 0.5 min)
15:20:08 | INFO     | t=11539.0: LOCO → Allocating for pickup from WS_02
15:20:08 | INFO     | t=11539.0: DISPATCHER → Task submitted: workshop_to_retrofitted (pending=3)
15:20:08 | INFO     | EVENT_PUBLISHED: TrainArrivedEvent | train=T153 | time=11544.2
15:20:08 | INFO     | EVENT_HANDLING: TrainArrivedEvent -> RetrofitWorkshopContext._handle_train_arrived
15:20:08 | INFO     | EVENT_HANDLED: TrainArrivedEvent by RetrofitWorkshopContext._handle_train_arrived
15:20:08 | INFO     | t=11566.5: LOCO[LOCO_01] → DECOUPLING at parking13 (2.0 min)
15:20:08 | INFO     | t=11568.5: RAKE[W11539,W5845,W12195,W2831] → DECOUPLING at parking13 (3 couplings, 1.5 min)
15:20:08 | INFO     | t=11580.0: LOCO[LOCO_02] → DECOUPLING at retrofit (3.0 min)
15:20:08 | INFO     | t=11583.0: RAKE[W9733] → DECOUPLING at retrofit (0 couplings, 0.0 min)
15:20:08 | INFO     | t=11588.0: Batch size limited by retrofit capacity: 1 wagons (9.6m) fits, 21 waiting
15:20:08 | INFO     | t=11588.0: DISPATCHER → Hold override for collection_to_retrofit (waited 130.5 min >= max 30.0 min)
15:20:08 | INFO     | t=11588.0: DISPATCHER → Assigned loco LOCO_02 to collection_to_retrofit (waited 130.5 min, pending=2)
15:20:08 | INFO     | t=11588.0: COLLECTION → Reserving retrofit track capacity for 1 wagons
15:20:08 | INFO     | t=11630.0: LOCO[LOCO_01] → Releasing
15:20:08 | INFO     | t=11630.0: LOCO[LOCO_01] → Released
15:20:08 | INFO     | t=11630.0: PARKING → Got wagon W4532 from retrofitted
15:20:08 | INFO     | t=11630.0: DISPATCHER → Assigned loco LOCO_01 to workshop_to_retrofitted (waited 117.5 min, pending=1)
15:20:08 | INFO     | t=11630.0: LOCO[LOCO_01] → Allocated for pickup
15:20:08 | INFO     | t=11630.0: LOCO → Allocating for parking transport
15:20:08 | INFO     | t=11630.0: DISPATCHER → Task submitted: retrofitted_to_parking (pending=2)
15:20:08 | INFO     | t=11637.0: LOCO[LOCO_01] → TRAIN_PREP completed at WS_01 (2.0 min)
15:20:08 | INFO     | t=11642.0: BATCH → Putting 2 wagons on retrofitted track retrofitted
15:20:08 | INFO     | t=11642.0: WAGON[W5248] → Added to retrofitted track retrofitted
15:20:08 | INFO     | t=11642.0: WAGON[W11847] → Added to retrofitted track retrofitted
15:20:08 | INFO     | t=11647.0: WORKSHOP[WS_01] → Released, notifying 1 waiting processes
15:20:08 | INFO     | t=11647.0: WORKSHOP → Workshop became available
15:20:08 | INFO     | t=11647.0: WORKSHOP[WS_01] → Selected for batch
15:20:08 | INFO     | t=11647.0: DISPATCHER → Assigned loco LOCO_01 to workshop_to_retrofitted (waited 108.0 min, pending=1)
15:20:08 | INFO     | t=11647.0: WAGON[W5821] → Added to batch
15:20:08 | INFO     | t=11647.0: BATCH[W5612,W5821] → Formed 2 wagons for WS_01
15:20:08 | INFO     | t=11647.0: LOCO[LOCO_01] → Allocated for pickup
15:20:08 | INFO     | t=11647.0: TRACK[retrofit] → Removed 2 wagons (28.6m freed)
15:20:08 | INFO     | t=11647.0: DISPATCHER → Task submitted: retrofit_to_workshop (pending=2)
15:20:08 | INFO     | t=11647.0: COLLECTION → Capacity reserved, allocating locomotive
15:20:08 | INFO     | t=11647.0: DISPATCHER → Task submitted: collection_to_retrofit (pending=3)
15:20:08 | INFO     | t=11648.0: LOCO[LOCO_02] → TRAIN_PREP at collection (coupling + prep, 7.0 min)
15:20:08 | INFO     | t=11654.0: LOCO[LOCO_01] → TRAIN_PREP completed at WS_02 (2.0 min)
15:20:08 | INFO     | t=11659.0: BATCH → Putting 2 wagons on retrofitted track retrofitted
15:20:08 | INFO     | t=11659.0: WAGON[W2135] → Added to retrofitted track retrofitted
15:20:08 | INFO     | t=11659.0: WAGON[W0282] → Added to retrofitted track retrofitted
15:20:08 | INFO     | t=11664.0: WORKSHOP[WS_02] → Released, notifying 0 waiting processes
15:20:08 | INFO     | t=11664.0: DISPATCHER → Assigned loco LOCO_01 to retrofit_to_workshop (waited 17.0 min, pending=2)
15:20:08 | INFO     | t=11664.0: RAKE[W5612,W5821] → COUPLING at retrofit (1 couplings, 2.0 min)
15:20:08 | INFO     | t=11664.0: WAGON[W12186] → Retrieved from retrofit queue
15:20:08 | INFO     | t=11664.0: WORKSHOP[WS_02] → Selected for batch
15:20:08 | INFO     | t=11664.0: WAGON[W8578] → Added to batch
15:20:08 | INFO     | t=11664.0: BATCH[W12186,W8578] → Formed 2 wagons for WS_02
15:20:08 | INFO     | t=11664.0: TRACK[retrofit] → Removed 2 wagons (47.1m freed)
15:20:08 | INFO     | t=11664.0: DISPATCHER → Task submitted: retrofit_to_workshop (pending=3)
15:20:08 | INFO     | t=11671.0: LOCO[LOCO_01] → COUPLING at retrofit (2.0 min)
15:20:08 | INFO     | t=11673.0: LOCO[LOCO_01] → SHUNTING_PREP at retrofit (1.0 min)
15:20:08 | INFO     | t=11679.0: LOCO[LOCO_01] → DECOUPLING at WS_01 (3.0 min)
15:20:08 | INFO     | t=11682.0: RAKE[W5612,W5821] → DECOUPLING at WS_01 (1 couplings, 3.0 min)
15:20:08 | INFO     | t=11685.0: WAGON[W5612] → RETROFIT_STARTED at WS_01
15:20:08 | INFO     | t=11685.0: WAGON[W5821] → RETROFIT_STARTED at WS_01
15:20:08 | INFO     | t=11690.0: DISPATCHER → Hold override for retrofitted_to_parking (waited 60.0 min >= max 45.0 min)
15:20:08 | INFO     | t=11690.0: DISPATCHER → Hold override for collection_to_retrofit (waited 43.0 min >= max 30.0 min)
15:20:08 | INFO     | t=11690.0: DISPATCHER → Assigned loco LOCO_01 to collection_to_retrofit (waited 43.0 min, pending=2)
15:20:08 | INFO     | t=11690.0: DISPATCHER → Hold override for retrofitted_to_parking (waited 60.0 min >= max 45.0 min)
15:20:08 | INFO     | EVENT_PUBLISHED: TrainArrivedEvent | train=T154 | time=11705.2
15:20:08 | INFO     | EVENT_HANDLING: TrainArrivedEvent -> RetrofitWorkshopContext._handle_train_arrived
15:20:08 | INFO     | EVENT_HANDLED: TrainArrivedEvent by RetrofitWorkshopContext._handle_train_arrived
15:20:08 | INFO     | t=11715.0: LOCO[LOCO_02] → DECOUPLING at retrofit (9.0 min)
15:20:08 | INFO     | t=11724.0: RAKE[W10883,W10896,W10303] → DECOUPLING at retrofit (2 couplings, 6.0 min)
15:20:08 | INFO     | t=11735.0: DISPATCHER → Hold override for retrofitted_to_parking (waited 105.0 min >= max 45.0 min)
15:20:08 | INFO     | t=11735.0: DISPATCHER → Assigned loco LOCO_02 to retrofit_to_workshop (waited 71.0 min, pending=1)
15:20:08 | INFO     | t=11735.0: DISPATCHER → Hold override for retrofitted_to_parking (waited 105.0 min >= max 45.0 min)
15:20:08 | INFO     | t=11735.0: RAKE[W12186,W8578] → COUPLING at retrofit (1 couplings, 2.0 min)
15:20:08 | INFO     | t=11735.0: WAGON[W10772] → Retrieved from retrofit queue
15:20:08 | INFO     | t=11735.0: WORKSHOP → No workshop available, waiting...
15:20:08 | INFO     | t=11735.0: Batch size limited by retrofit capacity: 4 wagons (63.6m) fits, 16 waiting
15:20:08 | INFO     | t=11735.0: COLLECTION → Reserving retrofit track capacity for 4 wagons
15:20:08 | INFO     | t=11735.0: COLLECTION → Capacity reserved, allocating locomotive
15:20:08 | INFO     | t=11735.0: DISPATCHER → Task submitted: collection_to_retrofit (pending=2)
15:20:08 | INFO     | t=11742.0: LOCO[LOCO_02] → COUPLING at retrofit (2.0 min)
15:20:08 | INFO     | t=11744.0: LOCO[LOCO_02] → SHUNTING_PREP at retrofit (1.0 min)
15:20:08 | INFO     | t=11745.0: RAKE[W5612,W5821] → COUPLING at WS_01 (1 couplings, 0.5 min)
15:20:08 | INFO     | t=11745.5: LOCO → Allocating for pickup from WS_01
15:20:08 | INFO     | t=11745.5: DISPATCHER → Task submitted: workshop_to_retrofitted (pending=3)
15:20:08 | INFO     | t=11750.0: LOCO[LOCO_01] → TRAIN_PREP at collection (coupling + prep, 3.0 min)
15:20:08 | INFO     | t=11750.0: LOCO[LOCO_02] → DECOUPLING at WS_02 (3.0 min)
15:20:08 | INFO     | t=11753.0: RAKE[W12186,W8578] → DECOUPLING at WS_02 (1 couplings, 3.0 min)
15:20:08 | INFO     | t=11756.0: WAGON[W12186] → RETROFIT_STARTED at WS_02
15:20:08 | INFO     | t=11756.0: WAGON[W8578] → RETROFIT_STARTED at WS_02
15:20:08 | INFO     | t=11761.0: DISPATCHER → Hold override for retrofitted_to_parking (waited 131.0 min >= max 45.0 min)
15:20:08 | INFO     | t=11761.0: DISPATCHER → Assigned loco LOCO_02 to workshop_to_retrofitted (waited 15.5 min, pending=2)
15:20:08 | INFO     | t=11761.0: DISPATCHER → Hold override for retrofitted_to_parking (waited 131.0 min >= max 45.0 min)
15:20:08 | INFO     | t=11761.0: LOCO[LOCO_02] → Allocated for pickup
15:20:08 | INFO     | t=11768.0: LOCO[LOCO_02] → TRAIN_PREP completed at WS_01 (2.0 min)
15:20:08 | INFO     | t=11773.0: BATCH → Putting 2 wagons on retrofitted track retrofitted
15:20:08 | INFO     | t=11773.0: WAGON[W5612] → Added to retrofitted track retrofitted
15:20:08 | INFO     | t=11773.0: WAGON[W5821] → Added to retrofitted track retrofitted
15:20:08 | INFO     | t=11778.0: WORKSHOP[WS_01] → Released, notifying 1 waiting processes
15:20:08 | INFO     | t=11778.0: WORKSHOP → Workshop became available
15:20:08 | INFO     | t=11778.0: WORKSHOP[WS_01] → Selected for batch
15:20:08 | INFO     | t=11778.0: DISPATCHER → Hold override for retrofitted_to_parking (waited 148.0 min >= max 45.0 min)
15:20:08 | INFO     | t=11778.0: DISPATCHER → Hold override for collection_to_retrofit (waited 43.0 min >= max 30.0 min)
15:20:08 | INFO     | t=11778.0: DISPATCHER → Assigned loco LOCO_02 to collection_to_retrofit (waited 43.0 min, pending=1)
15:20:08 | INFO     | t=11778.0: DISPATCHER → Hold override for retrofitted_to_parking (waited 148.0 min >= max 45.0 min)
15:20:08 | INFO     | t=11778.0: WAGON[W5316] → Added to batch
15:20:08 | INFO     | t=11778.0: BATCH[W10772,W5316] → Formed 2 wagons for WS_01
15:20:08 | INFO     | t=11778.0: TRACK[retrofit] → Removed 2 wagons (34.4m freed)
15:20:08 | INFO     | t=11778.0: DISPATCHER → Task submitted: retrofit_to_workshop (pending=2)
15:20:08 | INFO     | t=11813.0: LOCO[LOCO_01] → DECOUPLING at retrofit (3.0 min)
15:20:08 | INFO     | t=11816.0: RAKE[W0475] → DECOUPLING at retrofit (0 couplings, 0.0 min)
15:20:08 | INFO     | t=11816.0: RAKE[W12186,W8578] → COUPLING at WS_02 (1 couplings, 0.5 min)
15:20:08 | INFO     | t=11816.5: LOCO → Allocating for pickup from WS_02
15:20:08 | INFO     | t=11816.5: DISPATCHER → Task submitted: workshop_to_retrofitted (pending=3)
15:20:08 | INFO     | t=11821.0: DISPATCHER → Hold override for retrofitted_to_parking (waited 191.0 min >= max 45.0 min)
15:20:08 | INFO     | t=11821.0: DISPATCHER → Assigned loco LOCO_01 to retrofit_to_workshop (waited 43.0 min, pending=2)
15:20:08 | INFO     | t=11821.0: DISPATCHER → Hold override for retrofitted_to_parking (waited 191.0 min >= max 45.0 min)
15:20:08 | INFO     | t=11821.0: Batch size limited by retrofit capacity: 2 wagons (28.3m) fits, 19 waiting
15:20:08 | INFO     | t=11821.0: RAKE[W10772,W5316] → COUPLING at retrofit (1 couplings, 2.0 min)
15:20:08 | INFO     | t=11821.0: COLLECTION → Reserving retrofit track capacity for 2 wagons
15:20:08 | INFO     | t=11821.0: WAGON[W9043] → Retrieved from retrofit queue
15:20:08 | INFO     | t=11821.0: WORKSHOP → No workshop available, waiting...
15:20:08 | INFO     | t=11821.0: COLLECTION → Capacity reserved, allocating locomotive
15:20:08 | INFO     | t=11821.0: DISPATCHER → Task submitted: collection_to_retrofit (pending=3)
15:20:08 | INFO     | t=11828.0: LOCO[LOCO_01] → COUPLING at retrofit (2.0 min)
15:20:08 | INFO     | EVENT_PUBLISHED: TrainArrivedEvent | train=T155 | time=11829.8
15:20:08 | INFO     | EVENT_HANDLING: TrainArrivedEvent -> RetrofitWorkshopContext._handle_train_arrived
15:20:08 | INFO     | EVENT_HANDLED: TrainArrivedEvent by RetrofitWorkshopContext._handle_train_arrived
15:20:08 | INFO     | t=11830.0: LOCO[LOCO_01] → SHUNTING_PREP at retrofit (1.0 min)
15:20:08 | INFO     | t=11836.0: LOCO[LOCO_01] → DECOUPLING at WS_01 (3.0 min)
15:20:08 | INFO     | t=11838.0: LOCO[LOCO_02] → TRAIN_PREP at collection (coupling + prep, 9.0 min)
15:20:08 | INFO     | t=11839.0: RAKE[W10772,W5316] → DECOUPLING at WS_01 (1 couplings, 3.0 min)
15:20:08 | INFO     | t=11842.0: WAGON[W10772] → RETROFIT_STARTED at WS_01
15:20:08 | INFO     | t=11842.0: WAGON[W5316] → RETROFIT_STARTED at WS_01
15:20:08 | INFO     | t=11847.0: DISPATCHER → Hold override for retrofitted_to_parking (waited 217.0 min >= max 45.0 min)
15:20:08 | INFO     | t=11847.0: DISPATCHER → Assigned loco LOCO_01 to retrofitted_to_parking (waited 217.0 min, pending=2)
15:20:08 | INFO     | t=11847.0: LOCO[LOCO_01] → Allocated for parking transport
15:20:08 | INFO     | EVENT_PUBLISHED: TrainArrivedEvent | train=T156 | time=11849.0
15:20:08 | INFO     | EVENT_HANDLING: TrainArrivedEvent -> RetrofitWorkshopContext._handle_train_arrived
15:20:08 | INFO     | EVENT_HANDLED: TrainArrivedEvent by RetrofitWorkshopContext._handle_train_arrived
15:20:08 | INFO     | t=11852.0: LOCO[LOCO_01] → TRAIN_PREP at retrofitted (coupling + prep, 3.0 min)
15:20:08 | INFO     | t=11902.0: RAKE[W10772,W5316] → COUPLING at WS_01 (1 couplings, 0.5 min)
15:20:08 | INFO     | t=11902.5: LOCO → Allocating for pickup from WS_01
15:20:08 | INFO     | t=11902.5: DISPATCHER → Task submitted: workshop_to_retrofitted (pending=3)
15:20:08 | INFO     | t=11907.0: LOCO[LOCO_02] → DECOUPLING at retrofit (12.0 min)
15:20:08 | INFO     | EVENT_PUBLISHED: TrainArrivedEvent | train=T157 | time=11913.8
15:20:08 | INFO     | EVENT_HANDLING: TrainArrivedEvent -> RetrofitWorkshopContext._handle_train_arrived
15:20:08 | INFO     | EVENT_HANDLED: TrainArrivedEvent by RetrofitWorkshopContext._handle_train_arrived
15:20:08 | INFO     | t=11919.0: RAKE[W2846,W5760,W6421,W4802] → DECOUPLING at retrofit (3 couplings, 9.0 min)
15:20:08 | INFO     | t=11930.0: LOCO[LOCO_01] → DECOUPLING at parking14 (2.0 min)
15:20:08 | INFO     | t=11932.0: RAKE[W4532,W0881,W8570,W9355] → DECOUPLING at parking14 (3 couplings, 1.5 min)
15:20:08 | INFO     | t=11933.0: Batch size limited by retrofit capacity: 1 wagons (17.2m) fits, 16 waiting
15:20:08 | INFO     | t=11933.0: DISPATCHER → Hold override for collection_to_retrofit (waited 112.0 min >= max 30.0 min)
15:20:08 | INFO     | t=11933.0: DISPATCHER → Assigned loco LOCO_02 to collection_to_retrofit (waited 112.0 min, pending=2)
15:20:08 | INFO     | t=11933.0: COLLECTION → Reserving retrofit track capacity for 1 wagons
15:20:08 | INFO     | t=11993.0: LOCO[LOCO_02] → TRAIN_PREP at collection (coupling + prep, 5.0 min)
15:20:08 | INFO     | t=11993.5: LOCO[LOCO_01] → Releasing
15:20:08 | INFO     | t=11993.5: LOCO[LOCO_01] → Released
15:20:08 | INFO     | t=11993.5: PARKING → Got wagon W5248 from retrofitted
15:20:08 | INFO     | t=11993.5: DISPATCHER → Assigned loco LOCO_01 to workshop_to_retrofitted (waited 177.0 min, pending=1)
15:20:08 | INFO     | t=11993.5: LOCO[LOCO_01] → Allocated for pickup
15:20:08 | INFO     | t=11993.5: LOCO → Allocating for parking transport
15:20:08 | INFO     | t=11993.5: DISPATCHER → Task submitted: retrofitted_to_parking (pending=2)
15:20:08 | INFO     | t=12000.5: LOCO[LOCO_01] → TRAIN_PREP completed at WS_02 (2.0 min)
15:20:08 | INFO     | t=12005.5: BATCH → Putting 2 wagons on retrofitted track retrofitted
15:20:08 | INFO     | t=12005.5: WAGON[W12186] → Added to retrofitted track retrofitted
15:20:08 | INFO     | t=12005.5: WAGON[W8578] → Added to retrofitted track retrofitted
15:20:08 | INFO     | t=12010.5: WORKSHOP[WS_02] → Released, notifying 1 waiting processes
15:20:08 | INFO     | t=12010.5: WORKSHOP → Workshop became available
15:20:08 | INFO     | t=12010.5: WORKSHOP[WS_02] → Selected for batch
15:20:08 | INFO     | t=12010.5: DISPATCHER → Assigned loco LOCO_01 to workshop_to_retrofitted (waited 108.0 min, pending=1)
15:20:08 | INFO     | t=12010.5: WAGON[W0948] → Added to batch
15:20:08 | INFO     | t=12010.5: BATCH[W9043,W0948] → Formed 2 wagons for WS_02
15:20:08 | INFO     | t=12010.5: LOCO[LOCO_01] → Allocated for pickup
15:20:08 | INFO     | t=12010.5: TRACK[retrofit] → Removed 2 wagons (45.2m freed)
15:20:08 | INFO     | t=12010.5: DISPATCHER → Task submitted: retrofit_to_workshop (pending=2)
15:20:08 | INFO     | t=12010.5: COLLECTION → Capacity reserved, allocating locomotive
15:20:08 | INFO     | t=12010.5: DISPATCHER → Task submitted: collection_to_retrofit (pending=3)
15:20:08 | INFO     | t=12017.5: LOCO[LOCO_01] → TRAIN_PREP completed at WS_01 (2.0 min)
15:20:08 | INFO     | t=12022.5: BATCH → Putting 2 wagons on retrofitted track retrofitted
15:20:08 | INFO     | t=12022.5: WAGON[W10772] → Added to retrofitted track retrofitted
15:20:08 | INFO     | t=12022.5: WAGON[W5316] → Added to retrofitted track retrofitted
15:20:08 | INFO     | t=12027.5: WORKSHOP[WS_01] → Released, notifying 0 waiting processes
15:20:08 | INFO     | t=12027.5: DISPATCHER → Assigned loco LOCO_01 to retrofit_to_workshop (waited 17.0 min, pending=2)
15:20:08 | INFO     | t=12027.5: RAKE[W9043,W0948] → COUPLING at retrofit (1 couplings, 2.0 min)
15:20:08 | INFO     | t=12027.5: WAGON[W9358] → Retrieved from retrofit queue
15:20:08 | INFO     | t=12027.5: WORKSHOP[WS_01] → Selected for batch
15:20:08 | INFO     | t=12027.5: WAGON[W0875] → Added to batch
15:20:08 | INFO     | t=12027.5: BATCH[W9358,W0875] → Formed 2 wagons for WS_01
15:20:08 | INFO     | t=12027.5: TRACK[retrofit] → Removed 2 wagons (26.2m freed)
15:20:08 | INFO     | t=12027.5: DISPATCHER → Task submitted: retrofit_to_workshop (pending=3)
15:20:08 | INFO     | t=12034.5: LOCO[LOCO_01] → COUPLING at retrofit (2.0 min)
15:20:08 | INFO     | t=12036.5: LOCO[LOCO_01] → SHUNTING_PREP at retrofit (1.0 min)
15:20:08 | INFO     | t=12042.5: LOCO[LOCO_01] → DECOUPLING at WS_02 (3.0 min)
15:20:08 | INFO     | t=12045.5: RAKE[W9043,W0948] → DECOUPLING at WS_02 (1 couplings, 3.0 min)
15:20:08 | INFO     | EVENT_PUBLISHED: TrainArrivedEvent | train=T158 | time=12046.0
15:20:08 | INFO     | EVENT_HANDLING: TrainArrivedEvent -> RetrofitWorkshopContext._handle_train_arrived
15:20:08 | INFO     | EVENT_HANDLED: TrainArrivedEvent by RetrofitWorkshopContext._handle_train_arrived
15:20:08 | INFO     | t=12048.5: WAGON[W9043] → RETROFIT_STARTED at WS_02
15:20:08 | INFO     | t=12048.5: WAGON[W0948] → RETROFIT_STARTED at WS_02
15:20:08 | INFO     | t=12053.5: DISPATCHER → Hold override for retrofitted_to_parking (waited 60.0 min >= max 45.0 min)
15:20:08 | INFO     | t=12053.5: DISPATCHER → Hold override for collection_to_retrofit (waited 43.0 min >= max 30.0 min)
15:20:08 | INFO     | t=12053.5: DISPATCHER → Assigned loco LOCO_01 to collection_to_retrofit (waited 43.0 min, pending=2)
15:20:08 | INFO     | t=12053.5: DISPATCHER → Hold override for retrofitted_to_parking (waited 60.0 min >= max 45.0 min)
15:20:08 | INFO     | t=12058.0: LOCO[LOCO_02] → DECOUPLING at retrofit (6.0 min)
15:20:08 | INFO     | t=12064.0: RAKE[W6008,W0293] → DECOUPLING at retrofit (1 couplings, 3.0 min)
15:20:08 | INFO     | t=12072.0: DISPATCHER → Hold override for retrofitted_to_parking (waited 78.5 min >= max 45.0 min)
15:20:08 | INFO     | t=12072.0: DISPATCHER → Assigned loco LOCO_02 to retrofit_to_workshop (waited 44.5 min, pending=1)
15:20:08 | INFO     | t=12072.0: DISPATCHER → Hold override for retrofitted_to_parking (waited 78.5 min >= max 45.0 min)
15:20:08 | INFO     | t=12072.0: RAKE[W9358,W0875] → COUPLING at retrofit (1 couplings, 2.0 min)
15:20:08 | INFO     | t=12072.0: Batch size limited by retrofit capacity: 3 wagons (55.3m) fits, 17 waiting
15:20:08 | INFO     | t=12072.0: WAGON[W0367] → Retrieved from retrofit queue
15:20:08 | INFO     | t=12072.0: WORKSHOP → No workshop available, waiting...
15:20:08 | INFO     | t=12072.0: COLLECTION → Reserving retrofit track capacity for 3 wagons
15:20:08 | INFO     | t=12072.0: COLLECTION → Capacity reserved, allocating locomotive
15:20:08 | INFO     | t=12072.0: DISPATCHER → Task submitted: collection_to_retrofit (pending=2)
15:20:08 | INFO     | t=12079.0: LOCO[LOCO_02] → COUPLING at retrofit (2.0 min)
15:20:08 | INFO     | t=12081.0: LOCO[LOCO_02] → SHUNTING_PREP at retrofit (1.0 min)
15:20:08 | INFO     | t=12087.0: LOCO[LOCO_02] → DECOUPLING at WS_01 (3.0 min)
15:20:08 | INFO     | t=12090.0: RAKE[W9358,W0875] → DECOUPLING at WS_01 (1 couplings, 3.0 min)
15:20:08 | INFO     | t=12093.0: WAGON[W9358] → RETROFIT_STARTED at WS_01
15:20:08 | INFO     | t=12093.0: WAGON[W0875] → RETROFIT_STARTED at WS_01
15:20:08 | INFO     | t=12098.0: DISPATCHER → Hold override for retrofitted_to_parking (waited 104.5 min >= max 45.0 min)
15:20:08 | INFO     | t=12098.0: DISPATCHER → Assigned loco LOCO_02 to retrofitted_to_parking (waited 104.5 min, pending=1)
15:20:08 | INFO     | t=12098.0: LOCO[LOCO_02] → Allocated for parking transport
15:20:08 | INFO     | t=12103.0: DISPATCHER → Hold override for collection_to_retrofit (waited 31.0 min >= max 30.0 min)
15:20:08 | INFO     | t=12103.0: LOCO[LOCO_02] → TRAIN_PREP at retrofitted (coupling + prep, 4.0 min)
15:20:08 | INFO     | t=12108.5: RAKE[W9043,W0948] → COUPLING at WS_02 (1 couplings, 0.5 min)
15:20:08 | INFO     | t=12109.0: LOCO → Allocating for pickup from WS_02
15:20:08 | INFO     | t=12109.0: DISPATCHER → Task submitted: workshop_to_retrofitted (pending=2)
15:20:08 | INFO     | t=12113.5: LOCO[LOCO_01] → TRAIN_PREP at collection (coupling + prep, 3.0 min)
15:20:08 | INFO     | t=12153.0: RAKE[W9358,W0875] → COUPLING at WS_01 (1 couplings, 0.5 min)
15:20:08 | INFO     | t=12153.5: LOCO → Allocating for pickup from WS_01
15:20:08 | INFO     | t=12153.5: DISPATCHER → Task submitted: workshop_to_retrofitted (pending=3)
15:20:08 | INFO     | t=12167.0: LOCO[LOCO_02] → DECOUPLING at parking12 (3.0 min)
15:20:08 | INFO     | t=12170.0: RAKE[W5248,W11847,W2135,W0282,W5612,W5821] → DECOUPLING at parking12 (5 couplings, 2.5 min)
15:20:08 | INFO     | t=12176.5: LOCO[LOCO_01] → DECOUPLING at retrofit (3.0 min)
15:20:08 | INFO     | t=12179.5: RAKE[W2165] → DECOUPLING at retrofit (0 couplings, 0.0 min)
15:20:08 | INFO     | t=12184.5: Batch size limited by retrofit capacity: 1 wagons (23.9m) fits, 18 waiting
15:20:08 | INFO     | t=12184.5: DISPATCHER → Hold override for collection_to_retrofit (waited 112.5 min >= max 30.0 min)
15:20:08 | INFO     | t=12184.5: DISPATCHER → Assigned loco LOCO_01 to collection_to_retrofit (waited 112.5 min, pending=2)
15:20:08 | INFO     | t=12184.5: COLLECTION → Reserving retrofit track capacity for 1 wagons
15:20:08 | INFO     | EVENT_PUBLISHED: TrainArrivedEvent | train=T159 | time=12205.2
15:20:08 | INFO     | EVENT_HANDLING: TrainArrivedEvent -> RetrofitWorkshopContext._handle_train_arrived
15:20:08 | INFO     | EVENT_HANDLED: TrainArrivedEvent by RetrofitWorkshopContext._handle_train_arrived
15:20:08 | INFO     | EVENT_PUBLISHED: TrainArrivedEvent | train=T160 | time=12226.5
15:20:08 | INFO     | EVENT_HANDLING: TrainArrivedEvent -> RetrofitWorkshopContext._handle_train_arrived
15:20:08 | INFO     | EVENT_HANDLED: TrainArrivedEvent by RetrofitWorkshopContext._handle_train_arrived
15:20:08 | INFO     | t=12232.5: LOCO[LOCO_02] → Releasing
15:20:08 | INFO     | t=12232.5: LOCO[LOCO_02] → Released
15:20:08 | INFO     | t=12232.5: PARKING → Got wagon W12186 from retrofitted
15:20:08 | INFO     | t=12232.5: DISPATCHER → Assigned loco LOCO_02 to workshop_to_retrofitted (waited 123.5 min, pending=1)
15:20:08 | INFO     | t=12232.5: LOCO[LOCO_02] → Allocated for pickup
15:20:08 | INFO     | t=12232.5: LOCO → Allocating for parking transport
15:20:08 | INFO     | t=12232.5: DISPATCHER → Task submitted: retrofitted_to_parking (pending=2)
15:20:08 | INFO     | EVENT_PUBLISHED: TrainArrivedEvent | train=T161 | time=12234.0
15:20:08 | INFO     | EVENT_HANDLING: TrainArrivedEvent -> RetrofitWorkshopContext._handle_train_arrived
15:20:08 | INFO     | EVENT_HANDLED: TrainArrivedEvent by RetrofitWorkshopContext._handle_train_arrived
15:20:08 | INFO     | t=12239.5: LOCO[LOCO_02] → TRAIN_PREP completed at WS_02 (2.0 min)
15:20:08 | INFO     | t=12244.5: LOCO[LOCO_01] → TRAIN_PREP at collection (coupling + prep, 7.0 min)
15:20:08 | INFO     | t=12244.5: BATCH → Putting 2 wagons on retrofitted track retrofitted
15:20:08 | INFO     | t=12244.5: WAGON[W9043] → Added to retrofitted track retrofitted
15:20:08 | INFO     | t=12244.5: WAGON[W0948] → Added to retrofitted track retrofitted
15:20:08 | INFO     | t=12249.5: WORKSHOP[WS_02] → Released, notifying 1 waiting processes
15:20:08 | INFO     | t=12249.5: WORKSHOP → Workshop became available
15:20:08 | INFO     | t=12249.5: WORKSHOP[WS_02] → Selected for batch
15:20:08 | INFO     | t=12249.5: DISPATCHER → Assigned loco LOCO_02 to workshop_to_retrofitted (waited 96.0 min, pending=1)
15:20:08 | INFO     | t=12249.5: WAGON[W10441] → Added to batch
15:20:08 | INFO     | t=12249.5: BATCH[W0367,W10441] → Formed 2 wagons for WS_02
15:20:08 | INFO     | t=12249.5: LOCO[LOCO_02] → Allocated for pickup
15:20:08 | INFO     | t=12249.5: TRACK[retrofit] → Removed 2 wagons (33.8m freed)
15:20:08 | INFO     | t=12249.5: DISPATCHER → Task submitted: retrofit_to_workshop (pending=2)
15:20:08 | INFO     | t=12249.5: COLLECTION → Capacity reserved, allocating locomotive
15:20:08 | INFO     | t=12249.5: DISPATCHER → Task submitted: collection_to_retrofit (pending=3)
15:20:08 | INFO     | t=12256.5: LOCO[LOCO_02] → TRAIN_PREP completed at WS_01 (2.0 min)
15:20:08 | INFO     | t=12261.5: BATCH → Putting 2 wagons on retrofitted track retrofitted
15:20:08 | INFO     | t=12261.5: WAGON[W9358] → Added to retrofitted track retrofitted
15:20:08 | INFO     | t=12261.5: WAGON[W0875] → Added to retrofitted track retrofitted
15:20:08 | INFO     | t=12266.5: WORKSHOP[WS_01] → Released, notifying 0 waiting processes
15:20:08 | INFO     | t=12266.5: DISPATCHER → Assigned loco LOCO_02 to retrofit_to_workshop (waited 17.0 min, pending=2)
15:20:08 | INFO     | t=12266.5: RAKE[W0367,W10441] → COUPLING at retrofit (1 couplings, 2.0 min)
15:20:08 | INFO     | t=12266.5: WAGON[W4506] → Retrieved from retrofit queue
15:20:08 | INFO     | t=12266.5: WORKSHOP[WS_01] → Selected for batch
15:20:08 | INFO     | t=12266.5: WAGON[W9143] → Added to batch
15:20:08 | INFO     | t=12266.5: BATCH[W4506,W9143] → Formed 2 wagons for WS_01
15:20:08 | INFO     | t=12266.5: TRACK[retrofit] → Removed 2 wagons (34.3m freed)
15:20:08 | INFO     | t=12266.5: DISPATCHER → Task submitted: retrofit_to_workshop (pending=3)
15:20:08 | INFO     | t=12273.5: LOCO[LOCO_02] → COUPLING at retrofit (2.0 min)
15:20:08 | INFO     | t=12275.5: LOCO[LOCO_02] → SHUNTING_PREP at retrofit (1.0 min)
15:20:08 | INFO     | t=12281.5: LOCO[LOCO_02] → DECOUPLING at WS_02 (3.0 min)
15:20:08 | INFO     | t=12284.5: RAKE[W0367,W10441] → DECOUPLING at WS_02 (1 couplings, 3.0 min)
15:20:08 | INFO     | t=12287.5: WAGON[W0367] → RETROFIT_STARTED at WS_02
15:20:08 | INFO     | t=12287.5: WAGON[W10441] → RETROFIT_STARTED at WS_02
15:20:08 | INFO     | t=12292.5: DISPATCHER → Hold override for retrofitted_to_parking (waited 60.0 min >= max 45.0 min)
15:20:08 | INFO     | t=12292.5: DISPATCHER → Hold override for collection_to_retrofit (waited 43.0 min >= max 30.0 min)
15:20:08 | INFO     | t=12292.5: DISPATCHER → Assigned loco LOCO_02 to collection_to_retrofit (waited 43.0 min, pending=2)
15:20:08 | INFO     | t=12292.5: DISPATCHER → Hold override for retrofitted_to_parking (waited 60.0 min >= max 45.0 min)
15:20:08 | INFO     | t=12311.5: LOCO[LOCO_01] → DECOUPLING at retrofit (9.0 min)
15:20:08 | INFO     | EVENT_PUBLISHED: TrainArrivedEvent | train=T162 | time=12314.2
15:20:08 | INFO     | EVENT_HANDLING: TrainArrivedEvent -> RetrofitWorkshopContext._handle_train_arrived
15:20:08 | INFO     | EVENT_HANDLED: TrainArrivedEvent by RetrofitWorkshopContext._handle_train_arrived
15:20:08 | INFO     | t=12320.5: RAKE[W7853,W6704,W2149] → DECOUPLING at retrofit (2 couplings, 6.0 min)
15:20:08 | INFO     | t=12331.5: DISPATCHER → Hold override for retrofitted_to_parking (waited 99.0 min >= max 45.0 min)
15:20:08 | INFO     | t=12331.5: DISPATCHER → Assigned loco LOCO_01 to retrofit_to_workshop (waited 65.0 min, pending=1)
15:20:08 | INFO     | t=12331.5: DISPATCHER → Hold override for retrofitted_to_parking (waited 99.0 min >= max 45.0 min)
15:20:08 | INFO     | t=12331.5: RAKE[W4506,W9143] → COUPLING at retrofit (1 couplings, 2.0 min)
15:20:08 | INFO     | t=12331.5: Batch size limited by retrofit capacity: 3 wagons (47.1m) fits, 17 waiting
15:20:08 | INFO     | t=12331.5: WAGON[W9733] → Retrieved from retrofit queue
15:20:08 | INFO     | t=12331.5: WORKSHOP → No workshop available, waiting...
15:20:08 | INFO     | t=12331.5: COLLECTION → Reserving retrofit track capacity for 3 wagons
15:20:08 | INFO     | t=12331.5: COLLECTION → Capacity reserved, allocating locomotive
15:20:08 | INFO     | t=12331.5: DISPATCHER → Task submitted: collection_to_retrofit (pending=2)
15:20:08 | INFO     | t=12338.5: LOCO[LOCO_01] → COUPLING at retrofit (2.0 min)
15:20:08 | INFO     | t=12340.5: LOCO[LOCO_01] → SHUNTING_PREP at retrofit (1.0 min)
15:20:08 | INFO     | t=12346.5: LOCO[LOCO_01] → DECOUPLING at WS_01 (3.0 min)
15:20:08 | INFO     | t=12347.5: RAKE[W0367,W10441] → COUPLING at WS_02 (1 couplings, 0.5 min)
15:20:08 | INFO     | t=12348.0: LOCO → Allocating for pickup from WS_02
15:20:08 | INFO     | t=12348.0: DISPATCHER → Task submitted: workshop_to_retrofitted (pending=3)
15:20:08 | INFO     | t=12349.5: RAKE[W4506,W9143] → DECOUPLING at WS_01 (1 couplings, 3.0 min)
15:20:08 | INFO     | t=12352.5: LOCO[LOCO_02] → TRAIN_PREP at collection (coupling + prep, 3.0 min)
15:20:08 | INFO     | t=12352.5: WAGON[W4506] → RETROFIT_STARTED at WS_01
15:20:08 | INFO     | t=12352.5: WAGON[W9143] → RETROFIT_STARTED at WS_01
15:20:08 | INFO     | t=12357.5: DISPATCHER → Hold override for retrofitted_to_parking (waited 125.0 min >= max 45.0 min)
15:20:08 | INFO     | t=12357.5: DISPATCHER → Assigned loco LOCO_01 to workshop_to_retrofitted (waited 9.5 min, pending=2)
15:20:08 | INFO     | t=12357.5: DISPATCHER → Hold override for retrofitted_to_parking (waited 125.0 min >= max 45.0 min)
15:20:08 | INFO     | t=12357.5: LOCO[LOCO_01] → Allocated for pickup
15:20:08 | INFO     | t=12364.5: LOCO[LOCO_01] → TRAIN_PREP completed at WS_02 (2.0 min)
15:20:08 | INFO     | t=12369.5: BATCH → Putting 2 wagons on retrofitted track retrofitted
15:20:08 | INFO     | t=12369.5: WAGON[W0367] → Added to retrofitted track retrofitted
15:20:08 | INFO     | t=12369.5: WAGON[W10441] → Added to retrofitted track retrofitted
15:20:08 | INFO     | t=12374.5: WORKSHOP[WS_02] → Released, notifying 1 waiting processes
15:20:08 | INFO     | t=12374.5: WORKSHOP → Workshop became available
15:20:08 | INFO     | t=12374.5: WORKSHOP[WS_02] → Selected for batch
15:20:08 | INFO     | t=12374.5: DISPATCHER → Hold override for retrofitted_to_parking (waited 142.0 min >= max 45.0 min)
15:20:08 | INFO     | t=12374.5: DISPATCHER → Hold override for collection_to_retrofit (waited 43.0 min >= max 30.0 min)
15:20:08 | INFO     | t=12374.5: DISPATCHER → Assigned loco LOCO_01 to collection_to_retrofit (waited 43.0 min, pending=1)
15:20:08 | INFO     | t=12374.5: DISPATCHER → Hold override for retrofitted_to_parking (waited 142.0 min >= max 45.0 min)
15:20:08 | INFO     | t=12374.5: WAGON[W10883] → Added to batch
15:20:08 | INFO     | t=12374.5: BATCH[W9733,W10883] → Formed 2 wagons for WS_02
15:20:08 | INFO     | t=12374.5: TRACK[retrofit] → Removed 2 wagons (27.7m freed)
15:20:08 | INFO     | t=12374.5: DISPATCHER → Task submitted: retrofit_to_workshop (pending=2)
15:20:08 | INFO     | EVENT_PUBLISHED: TrainArrivedEvent | train=T163 | time=12376.5
15:20:08 | INFO     | EVENT_HANDLING: TrainArrivedEvent -> RetrofitWorkshopContext._handle_train_arrived
15:20:08 | INFO     | EVENT_HANDLED: TrainArrivedEvent by RetrofitWorkshopContext._handle_train_arrived
15:20:08 | INFO     | EVENT_PUBLISHED: TrainArrivedEvent | train=T164 | time=12404.0
15:20:08 | INFO     | EVENT_HANDLING: TrainArrivedEvent -> RetrofitWorkshopContext._handle_train_arrived
15:20:08 | INFO     | EVENT_HANDLED: TrainArrivedEvent by RetrofitWorkshopContext._handle_train_arrived
15:20:08 | INFO     | t=12412.5: RAKE[W4506,W9143] → COUPLING at WS_01 (1 couplings, 0.5 min)
15:20:08 | INFO     | t=12413.0: LOCO → Allocating for pickup from WS_01
15:20:08 | INFO     | t=12413.0: DISPATCHER → Task submitted: workshop_to_retrofitted (pending=3)
15:20:08 | INFO     | t=12415.5: LOCO[LOCO_02] → DECOUPLING at retrofit (3.0 min)
15:20:08 | INFO     | t=12418.5: RAKE[W2736] → DECOUPLING at retrofit (0 couplings, 0.0 min)
15:20:08 | INFO     | t=12423.5: DISPATCHER → Hold override for retrofitted_to_parking (waited 191.0 min >= max 45.0 min)
15:20:08 | INFO     | t=12423.5: DISPATCHER → Assigned loco LOCO_02 to retrofit_to_workshop (waited 49.0 min, pending=2)
15:20:08 | INFO     | t=12423.5: DISPATCHER → Hold override for retrofitted_to_parking (waited 191.0 min >= max 45.0 min)
15:20:08 | INFO     | t=12423.5: Batch size limited by retrofit capacity: 2 wagons (37.3m) fits, 18 waiting
15:20:08 | INFO     | t=12423.5: RAKE[W9733,W10883] → COUPLING at retrofit (1 couplings, 2.0 min)
15:20:08 | INFO     | t=12423.5: COLLECTION → Reserving retrofit track capacity for 2 wagons
15:20:08 | INFO     | t=12423.5: WAGON[W10896] → Retrieved from retrofit queue
15:20:08 | INFO     | t=12423.5: WORKSHOP → No workshop available, waiting...
15:20:08 | INFO     | t=12423.5: COLLECTION → Capacity reserved, allocating locomotive
15:20:08 | INFO     | t=12423.5: DISPATCHER → Task submitted: collection_to_retrofit (pending=3)
15:20:08 | INFO     | t=12430.5: LOCO[LOCO_02] → COUPLING at retrofit (2.0 min)
15:20:08 | INFO     | t=12432.5: LOCO[LOCO_02] → SHUNTING_PREP at retrofit (1.0 min)
15:20:08 | INFO     | t=12434.5: LOCO[LOCO_01] → TRAIN_PREP at collection (coupling + prep, 7.0 min)
15:20:08 | INFO     | t=12438.5: LOCO[LOCO_02] → DECOUPLING at WS_02 (3.0 min)
15:20:08 | INFO     | t=12441.5: RAKE[W9733,W10883] → DECOUPLING at WS_02 (1 couplings, 3.0 min)
15:20:08 | INFO     | t=12444.5: WAGON[W9733] → RETROFIT_STARTED at WS_02
15:20:08 | INFO     | t=12444.5: WAGON[W10883] → RETROFIT_STARTED at WS_02
15:20:08 | INFO     | t=12449.5: DISPATCHER → Hold override for retrofitted_to_parking (waited 217.0 min >= max 45.0 min)
15:20:08 | INFO     | t=12449.5: DISPATCHER → Assigned loco LOCO_02 to retrofitted_to_parking (waited 217.0 min, pending=2)
15:20:08 | INFO     | t=12449.5: LOCO[LOCO_02] → Allocated for parking transport
15:20:08 | INFO     | t=12454.5: LOCO[LOCO_02] → TRAIN_PREP at retrofitted (coupling + prep, 3.0 min)
15:20:08 | INFO     | t=12462.5: LOCO[LOCO_02] → DECOUPLING at parking1 (2.0 min)
15:20:08 | INFO     | t=12464.5: RAKE[W12186,W8578,W10772,W5316] → DECOUPLING at parking1 (3 couplings, 1.5 min)
15:20:08 | INFO     | t=12471.0: LOCO[LOCO_02] → Releasing
15:20:08 | INFO     | t=12471.0: LOCO[LOCO_02] → Released
15:20:08 | INFO     | t=12471.0: PARKING → Got wagon W9043 from retrofitted
15:20:08 | INFO     | t=12471.0: DISPATCHER → Hold override for collection_to_retrofit (waited 47.5 min >= max 30.0 min)
15:20:08 | INFO     | t=12471.0: DISPATCHER → Assigned loco LOCO_02 to collection_to_retrofit (waited 47.5 min, pending=1)
15:20:08 | INFO     | t=12471.0: LOCO → Allocating for parking transport
15:20:08 | INFO     | t=12471.0: DISPATCHER → Task submitted: retrofitted_to_parking (pending=2)
15:20:08 | INFO     | t=12501.5: LOCO[LOCO_01] → DECOUPLING at retrofit (9.0 min)
15:20:08 | INFO     | t=12504.5: RAKE[W9733,W10883] → COUPLING at WS_02 (1 couplings, 0.5 min)
15:20:08 | INFO     | t=12505.0: LOCO → Allocating for pickup from WS_02
15:20:08 | INFO     | t=12505.0: DISPATCHER → Task submitted: workshop_to_retrofitted (pending=3)
15:20:08 | INFO     | t=12510.5: RAKE[W5380,W5989,W5415] → DECOUPLING at retrofit (2 couplings, 6.0 min)
15:20:08 | INFO     | t=12521.5: Batch size limited by retrofit capacity: 1 wagons (16.4m) fits, 18 waiting
15:20:08 | INFO     | t=12521.5: DISPATCHER → Hold override for retrofitted_to_parking (waited 50.5 min >= max 45.0 min)
15:20:08 | INFO     | t=12521.5: DISPATCHER → Assigned loco LOCO_01 to workshop_to_retrofitted (waited 108.5 min, pending=2)
15:20:08 | INFO     | t=12521.5: DISPATCHER → Hold override for retrofitted_to_parking (waited 50.5 min >= max 45.0 min)
15:20:08 | INFO     | t=12521.5: COLLECTION → Reserving retrofit track capacity for 1 wagons
15:20:08 | INFO     | t=12521.5: LOCO[LOCO_01] → Allocated for pickup
15:20:08 | INFO     | t=12528.5: LOCO[LOCO_01] → TRAIN_PREP completed at WS_01 (2.0 min)
15:20:08 | INFO     | t=12531.0: LOCO[LOCO_02] → TRAIN_PREP at collection (coupling + prep, 5.0 min)
15:20:08 | INFO     | t=12533.5: BATCH → Putting 2 wagons on retrofitted track retrofitted
15:20:08 | INFO     | t=12533.5: WAGON[W4506] → Added to retrofitted track retrofitted
15:20:08 | INFO     | t=12533.5: WAGON[W9143] → Added to retrofitted track retrofitted
15:20:08 | INFO     | t=12538.5: WORKSHOP[WS_01] → Released, notifying 1 waiting processes
15:20:08 | INFO     | t=12538.5: WORKSHOP → Workshop became available
15:20:08 | INFO     | t=12538.5: WORKSHOP[WS_01] → Selected for batch
15:20:08 | INFO     | t=12538.5: DISPATCHER → Hold override for retrofitted_to_parking (waited 67.5 min >= max 45.0 min)
15:20:08 | INFO     | t=12538.5: DISPATCHER → Assigned loco LOCO_01 to workshop_to_retrofitted (waited 33.5 min, pending=1)
15:20:08 | INFO     | t=12538.5: DISPATCHER → Hold override for retrofitted_to_parking (waited 67.5 min >= max 45.0 min)
15:20:08 | INFO     | t=12538.5: WAGON[W10303] → Added to batch
15:20:08 | INFO     | t=12538.5: BATCH[W10896,W10303] → Formed 2 wagons for WS_01
15:20:08 | INFO     | t=12538.5: LOCO[LOCO_01] → Allocated for pickup
15:20:08 | INFO     | t=12538.5: TRACK[retrofit] → Removed 2 wagons (35.6m freed)
15:20:08 | INFO     | t=12538.5: DISPATCHER → Task submitted: retrofit_to_workshop (pending=2)
15:20:08 | INFO     | t=12538.5: COLLECTION → Capacity reserved, allocating locomotive
15:20:08 | INFO     | t=12538.5: DISPATCHER → Task submitted: collection_to_retrofit (pending=3)
15:20:08 | INFO     | t=12545.5: LOCO[LOCO_01] → TRAIN_PREP completed at WS_02 (2.0 min)
15:20:08 | INFO     | t=12550.5: BATCH → Putting 2 wagons on retrofitted track retrofitted
15:20:08 | INFO     | t=12550.5: WAGON[W9733] → Added to retrofitted track retrofitted
15:20:08 | INFO     | t=12550.5: WAGON[W10883] → Added to retrofitted track retrofitted
15:20:08 | INFO     | t=12555.5: WORKSHOP[WS_02] → Released, notifying 0 waiting processes
15:20:08 | INFO     | t=12555.5: DISPATCHER → Hold override for retrofitted_to_parking (waited 84.5 min >= max 45.0 min)
15:20:08 | INFO     | t=12555.5: DISPATCHER → Assigned loco LOCO_01 to retrofit_to_workshop (waited 17.0 min, pending=2)
15:20:08 | INFO     | t=12555.5: DISPATCHER → Hold override for retrofitted_to_parking (waited 84.5 min >= max 45.0 min)
15:20:08 | INFO     | t=12555.5: RAKE[W10896,W10303] → COUPLING at retrofit (1 couplings, 2.0 min)
15:20:08 | INFO     | t=12555.5: WAGON[W0475] → Retrieved from retrofit queue
15:20:08 | INFO     | t=12555.5: WORKSHOP[WS_02] → Selected for batch
15:20:08 | INFO     | t=12555.5: WAGON[W2846] → Added to batch
15:20:08 | INFO     | t=12555.5: BATCH[W0475,W2846] → Formed 2 wagons for WS_02
15:20:08 | INFO     | t=12555.5: TRACK[retrofit] → Removed 2 wagons (32.9m freed)
15:20:08 | INFO     | t=12555.5: DISPATCHER → Task submitted: retrofit_to_workshop (pending=3)
15:20:08 | INFO     | EVENT_PUBLISHED: TrainArrivedEvent | train=T165 | time=12560.2
15:20:08 | INFO     | EVENT_HANDLING: TrainArrivedEvent -> RetrofitWorkshopContext._handle_train_arrived
15:20:08 | INFO     | EVENT_HANDLED: TrainArrivedEvent by RetrofitWorkshopContext._handle_train_arrived
15:20:08 | INFO     | t=12562.5: LOCO[LOCO_01] → COUPLING at retrofit (2.0 min)
15:20:08 | INFO     | t=12564.5: LOCO[LOCO_01] → SHUNTING_PREP at retrofit (1.0 min)
15:20:08 | INFO     | t=12570.5: LOCO[LOCO_01] → DECOUPLING at WS_01 (3.0 min)
15:20:08 | INFO     | t=12573.5: RAKE[W10896,W10303] → DECOUPLING at WS_01 (1 couplings, 3.0 min)
15:20:08 | INFO     | t=12576.5: WAGON[W10896] → RETROFIT_STARTED at WS_01
15:20:08 | INFO     | t=12576.5: WAGON[W10303] → RETROFIT_STARTED at WS_01
15:20:08 | INFO     | t=12581.5: DISPATCHER → Hold override for retrofitted_to_parking (waited 110.5 min >= max 45.0 min)
15:20:08 | INFO     | t=12581.5: DISPATCHER → Hold override for collection_to_retrofit (waited 43.0 min >= max 30.0 min)
15:20:08 | INFO     | t=12581.5: DISPATCHER → Assigned loco LOCO_01 to collection_to_retrofit (waited 43.0 min, pending=2)
15:20:08 | INFO     | t=12581.5: DISPATCHER → Hold override for retrofitted_to_parking (waited 110.5 min >= max 45.0 min)
15:20:08 | INFO     | EVENT_PUBLISHED: TrainArrivedEvent | train=T166 | time=12594.5
15:20:08 | INFO     | EVENT_HANDLING: TrainArrivedEvent -> RetrofitWorkshopContext._handle_train_arrived
15:20:08 | INFO     | EVENT_HANDLED: TrainArrivedEvent by RetrofitWorkshopContext._handle_train_arrived
15:20:08 | INFO     | t=12596.0: LOCO[LOCO_02] → DECOUPLING at retrofit (6.0 min)
15:20:08 | INFO     | EVENT_PUBLISHED: TrainArrivedEvent | train=T167 | time=12597.0
15:20:08 | INFO     | EVENT_HANDLING: TrainArrivedEvent -> RetrofitWorkshopContext._handle_train_arrived
15:20:08 | INFO     | EVENT_HANDLED: TrainArrivedEvent by RetrofitWorkshopContext._handle_train_arrived
15:20:08 | INFO     | t=12602.0: RAKE[W6323,W2910] → DECOUPLING at retrofit (1 couplings, 3.0 min)
15:20:08 | INFO     | t=12610.0: DISPATCHER → Hold override for retrofitted_to_parking (waited 139.0 min >= max 45.0 min)
15:20:08 | INFO     | t=12610.0: DISPATCHER → Assigned loco LOCO_02 to retrofit_to_workshop (waited 54.5 min, pending=1)
15:20:08 | INFO     | t=12610.0: DISPATCHER → Hold override for retrofitted_to_parking (waited 139.0 min >= max 45.0 min)
15:20:08 | INFO     | t=12610.0: RAKE[W0475,W2846] → COUPLING at retrofit (1 couplings, 2.0 min)
15:20:08 | INFO     | t=12610.0: Batch size limited by retrofit capacity: 3 wagons (51.8m) fits, 17 waiting
15:20:08 | INFO     | t=12610.0: WAGON[W5760] → Retrieved from retrofit queue
15:20:08 | INFO     | t=12610.0: WORKSHOP → No workshop available, waiting...
15:20:08 | INFO     | t=12610.0: COLLECTION → Reserving retrofit track capacity for 3 wagons
15:20:08 | INFO     | t=12610.0: COLLECTION → Capacity reserved, allocating locomotive
15:20:08 | INFO     | t=12610.0: DISPATCHER → Task submitted: collection_to_retrofit (pending=2)
15:20:08 | INFO     | EVENT_PUBLISHED: TrainArrivedEvent | train=T168 | time=12611.0
15:20:08 | INFO     | EVENT_HANDLING: TrainArrivedEvent -> RetrofitWorkshopContext._handle_train_arrived
15:20:08 | INFO     | EVENT_HANDLED: TrainArrivedEvent by RetrofitWorkshopContext._handle_train_arrived
15:20:08 | INFO     | t=12617.0: LOCO[LOCO_02] → COUPLING at retrofit (2.0 min)
15:20:08 | INFO     | t=12619.0: LOCO[LOCO_02] → SHUNTING_PREP at retrofit (1.0 min)
15:20:08 | INFO     | t=12625.0: LOCO[LOCO_02] → DECOUPLING at WS_02 (3.0 min)
15:20:08 | INFO     | t=12628.0: RAKE[W0475,W2846] → DECOUPLING at WS_02 (1 couplings, 3.0 min)
15:20:08 | INFO     | t=12631.0: WAGON[W0475] → RETROFIT_STARTED at WS_02
15:20:08 | INFO     | t=12631.0: WAGON[W2846] → RETROFIT_STARTED at WS_02
15:20:08 | INFO     | t=12636.0: DISPATCHER → Hold override for retrofitted_to_parking (waited 165.0 min >= max 45.0 min)
15:20:08 | INFO     | t=12636.0: DISPATCHER → Assigned loco LOCO_02 to retrofitted_to_parking (waited 165.0 min, pending=1)
15:20:08 | INFO     | t=12636.0: LOCO[LOCO_02] → Allocated for parking transport
15:20:08 | INFO     | t=12636.5: RAKE[W10896,W10303] → COUPLING at WS_01 (1 couplings, 0.5 min)
15:20:08 | INFO     | t=12637.0: LOCO → Allocating for pickup from WS_01
15:20:08 | INFO     | t=12637.0: DISPATCHER → Task submitted: workshop_to_retrofitted (pending=2)
15:20:08 | INFO     | t=12641.0: LOCO[LOCO_02] → TRAIN_PREP at retrofitted (coupling + prep, 4.0 min)
15:20:08 | INFO     | t=12641.5: LOCO[LOCO_01] → TRAIN_PREP at collection (coupling + prep, 3.0 min)
15:20:08 | INFO     | EVENT_PUBLISHED: TrainArrivedEvent | train=T169 | time=12663.0
15:20:08 | INFO     | EVENT_HANDLING: TrainArrivedEvent -> RetrofitWorkshopContext._handle_train_arrived
15:20:08 | INFO     | EVENT_HANDLED: TrainArrivedEvent by RetrofitWorkshopContext._handle_train_arrived
15:20:08 | INFO     | EVENT_PUBLISHED: TrainArrivedEvent | train=T170 | time=12669.0
15:20:08 | INFO     | EVENT_HANDLING: TrainArrivedEvent -> RetrofitWorkshopContext._handle_train_arrived
15:20:08 | INFO     | EVENT_HANDLED: TrainArrivedEvent by RetrofitWorkshopContext._handle_train_arrived
15:20:08 | INFO     | t=12691.0: RAKE[W0475,W2846] → COUPLING at WS_02 (1 couplings, 0.5 min)
15:20:08 | INFO     | t=12691.5: LOCO → Allocating for pickup from WS_02
15:20:08 | INFO     | t=12691.5: DISPATCHER → Task submitted: workshop_to_retrofitted (pending=3)
15:20:08 | INFO     | t=12704.5: LOCO[LOCO_01] → DECOUPLING at retrofit (3.0 min)
15:20:08 | INFO     | t=12707.5: RAKE[W5280] → DECOUPLING at retrofit (0 couplings, 0.0 min)
15:20:08 | INFO     | t=12712.5: Batch size limited by retrofit capacity: 1 wagons (26.4m) fits, 18 waiting
15:20:08 | INFO     | t=12712.5: DISPATCHER → Hold override for collection_to_retrofit (waited 102.5 min >= max 30.0 min)
15:20:08 | INFO     | t=12712.5: DISPATCHER → Assigned loco LOCO_01 to collection_to_retrofit (waited 102.5 min, pending=2)
15:20:08 | INFO     | t=12712.5: COLLECTION → Reserving retrofit track capacity for 1 wagons
15:20:08 | INFO     | EVENT_PUBLISHED: TrainArrivedEvent | train=T171 | time=12748.5
15:20:08 | INFO     | EVENT_HANDLING: TrainArrivedEvent -> RetrofitWorkshopContext._handle_train_arrived
15:20:08 | INFO     | EVENT_HANDLED: TrainArrivedEvent by RetrofitWorkshopContext._handle_train_arrived
15:20:08 | INFO     | t=12765.0: LOCO[LOCO_02] → DECOUPLING at parking16 (3.0 min)
15:20:08 | INFO     | t=12768.0: RAKE[W9043,W0948,W9358,W0875,W0367,W10441] → DECOUPLING at parking16 (5 couplings, 2.5 min)
15:20:08 | INFO     | t=12772.5: LOCO[LOCO_01] → TRAIN_PREP at collection (coupling + prep, 7.0 min)
15:20:08 | INFO     | EVENT_PUBLISHED: TrainArrivedEvent | train=T172 | time=12777.0
15:20:08 | INFO     | EVENT_HANDLING: TrainArrivedEvent -> RetrofitWorkshopContext._handle_train_arrived
15:20:08 | INFO     | EVENT_HANDLED: TrainArrivedEvent by RetrofitWorkshopContext._handle_train_arrived
15:20:08 | INFO     | EVENT_PUBLISHED: TrainArrivedEvent | train=T173 | time=12787.2
15:20:08 | INFO     | EVENT_HANDLING: TrainArrivedEvent -> RetrofitWorkshopContext._handle_train_arrived
15:20:08 | INFO     | EVENT_HANDLED: TrainArrivedEvent by RetrofitWorkshopContext._handle_train_arrived
15:20:08 | INFO     | t=12830.5: LOCO[LOCO_02] → Releasing
15:20:08 | INFO     | t=12830.5: LOCO[LOCO_02] → Released
15:20:08 | INFO     | t=12830.5: PARKING → Got wagon W4506 from retrofitted
15:20:08 | INFO     | t=12830.5: DISPATCHER → Assigned loco LOCO_02 to workshop_to_retrofitted (waited 193.5 min, pending=1)
15:20:08 | INFO     | t=12830.5: LOCO[LOCO_02] → Allocated for pickup
15:20:08 | INFO     | t=12830.5: LOCO → Allocating for parking transport
15:20:08 | INFO     | t=12830.5: DISPATCHER → Task submitted: retrofitted_to_parking (pending=2)
15:20:08 | INFO     | t=12837.5: LOCO[LOCO_02] → TRAIN_PREP completed at WS_01 (2.0 min)
15:20:08 | INFO     | t=12839.5: LOCO[LOCO_01] → DECOUPLING at retrofit (9.0 min)
15:20:08 | INFO     | t=12842.5: BATCH → Putting 2 wagons on retrofitted track retrofitted
15:20:08 | INFO     | t=12842.5: WAGON[W10896] → Added to retrofitted track retrofitted
15:20:08 | INFO     | t=12842.5: WAGON[W10303] → Added to retrofitted track retrofitted
15:20:08 | INFO     | t=12847.5: WORKSHOP[WS_01] → Released, notifying 1 waiting processes
15:20:08 | INFO     | t=12847.5: WORKSHOP → Workshop became available
15:20:08 | INFO     | t=12847.5: WORKSHOP[WS_01] → Selected for batch
15:20:08 | INFO     | t=12847.5: DISPATCHER → Assigned loco LOCO_02 to workshop_to_retrofitted (waited 156.0 min, pending=1)
15:20:08 | INFO     | t=12847.5: WAGON[W6421] → Added to batch
15:20:08 | INFO     | t=12847.5: BATCH[W5760,W6421] → Formed 2 wagons for WS_01
15:20:08 | INFO     | t=12847.5: LOCO[LOCO_02] → Allocated for pickup
15:20:08 | INFO     | t=12847.5: TRACK[retrofit] → Removed 2 wagons (28.3m freed)
15:20:08 | INFO     | t=12847.5: DISPATCHER → Task submitted: retrofit_to_workshop (pending=2)
15:20:08 | INFO     | t=12847.5: COLLECTION → Capacity reserved, allocating locomotive
15:20:08 | INFO     | t=12847.5: DISPATCHER → Task submitted: collection_to_retrofit (pending=3)
15:20:08 | INFO     | t=12848.5: RAKE[W0237,W5173,W4380] → DECOUPLING at retrofit (2 couplings, 6.0 min)
15:20:08 | INFO     | t=12854.5: LOCO[LOCO_02] → TRAIN_PREP completed at WS_02 (2.0 min)
15:20:08 | INFO     | t=12859.5: BATCH → Putting 2 wagons on retrofitted track retrofitted
15:20:08 | INFO     | t=12859.5: WAGON[W0475] → Added to retrofitted track retrofitted
15:20:08 | INFO     | t=12859.5: WAGON[W2846] → Added to retrofitted track retrofitted
15:20:08 | INFO     | t=12859.5: Batch size limited by retrofit capacity: 1 wagons (14.3m) fits, 18 waiting
15:20:08 | INFO     | t=12859.5: DISPATCHER → Assigned loco LOCO_01 to retrofit_to_workshop (waited 12.0 min, pending=2)
15:20:08 | INFO     | t=12859.5: COLLECTION → Reserving retrofit track capacity for 1 wagons
15:20:08 | INFO     | t=12859.5: RAKE[W5760,W6421] → COUPLING at retrofit (1 couplings, 2.0 min)
15:20:08 | INFO     | t=12859.5: WAGON[W4802] → Retrieved from retrofit queue
15:20:08 | INFO     | t=12859.5: WORKSHOP → No workshop available, waiting...
15:20:08 | INFO     | t=12864.5: WORKSHOP[WS_02] → Released, notifying 1 waiting processes
15:20:08 | INFO     | t=12864.5: WORKSHOP → Workshop became available
15:20:08 | INFO     | t=12864.5: WORKSHOP[WS_02] → Selected for batch
15:20:08 | INFO     | t=12864.5: DISPATCHER → Assigned loco LOCO_02 to retrofitted_to_parking (waited 34.0 min, pending=1)
15:20:08 | INFO     | t=12864.5: WAGON[W6008] → Added to batch
15:20:08 | INFO     | t=12864.5: BATCH[W4802,W6008] → Formed 2 wagons for WS_02
15:20:08 | INFO     | t=12864.5: LOCO[LOCO_02] → Allocated for parking transport
15:20:08 | INFO     | t=12864.5: TRACK[retrofit] → Removed 2 wagons (26.1m freed)
15:20:08 | INFO     | t=12864.5: DISPATCHER → Task submitted: retrofit_to_workshop (pending=2)
15:20:08 | INFO     | t=12864.5: COLLECTION → Capacity reserved, allocating locomotive
15:20:08 | INFO     | t=12864.5: DISPATCHER → Task submitted: collection_to_retrofit (pending=3)
15:20:08 | INFO     | t=12866.5: LOCO[LOCO_01] → COUPLING at retrofit (2.0 min)
15:20:08 | INFO     | t=12868.5: LOCO[LOCO_01] → SHUNTING_PREP at retrofit (1.0 min)
15:20:08 | INFO     | t=12869.5: LOCO[LOCO_02] → TRAIN_PREP at retrofitted (coupling + prep, 3.0 min)
15:20:08 | INFO     | t=12874.5: LOCO[LOCO_01] → DECOUPLING at WS_01 (3.0 min)
15:20:08 | INFO     | t=12877.5: LOCO[LOCO_02] → DECOUPLING at parking9 (2.0 min)
15:20:08 | INFO     | t=12877.5: RAKE[W5760,W6421] → DECOUPLING at WS_01 (1 couplings, 3.0 min)
15:20:08 | INFO     | t=12879.5: RAKE[W4506,W9143,W9733,W10883] → DECOUPLING at parking9 (3 couplings, 1.5 min)
15:20:08 | INFO     | t=12880.5: WAGON[W5760] → RETROFIT_STARTED at WS_01
15:20:08 | INFO     | t=12880.5: WAGON[W6421] → RETROFIT_STARTED at WS_01
15:20:08 | INFO     | t=12885.5: DISPATCHER → Hold override for collection_to_retrofit (waited 38.0 min >= max 30.0 min)
15:20:08 | INFO     | t=12885.5: DISPATCHER → Assigned loco LOCO_01 to collection_to_retrofit (waited 38.0 min, pending=2)
15:20:08 | INFO     | t=12886.0: LOCO[LOCO_02] → Releasing
15:20:08 | INFO     | t=12886.0: LOCO[LOCO_02] → Released
15:20:08 | INFO     | t=12886.0: PARKING → Got wagon W10896 from retrofitted
15:20:08 | INFO     | t=12886.0: DISPATCHER → Assigned loco LOCO_02 to retrofit_to_workshop (waited 21.5 min, pending=1)
15:20:08 | INFO     | t=12886.0: RAKE[W4802,W6008] → COUPLING at retrofit (1 couplings, 2.0 min)
15:20:08 | INFO     | t=12886.0: WAGON[W0293] → Retrieved from retrofit queue
15:20:08 | INFO     | t=12886.0: WORKSHOP → No workshop available, waiting...
15:20:08 | INFO     | t=12886.0: LOCO → Allocating for parking transport
15:20:08 | INFO     | t=12886.0: DISPATCHER → Task submitted: retrofitted_to_parking (pending=2)
15:20:08 | INFO     | t=12893.0: LOCO[LOCO_02] → COUPLING at retrofit (2.0 min)
15:20:08 | INFO     | t=12895.0: LOCO[LOCO_02] → SHUNTING_PREP at retrofit (1.0 min)
15:20:08 | INFO     | t=12901.0: LOCO[LOCO_02] → DECOUPLING at WS_02 (3.0 min)
15:20:08 | INFO     | t=12904.0: RAKE[W4802,W6008] → DECOUPLING at WS_02 (1 couplings, 3.0 min)
15:20:08 | INFO     | t=12907.0: WAGON[W4802] → RETROFIT_STARTED at WS_02
15:20:08 | INFO     | t=12907.0: WAGON[W6008] → RETROFIT_STARTED at WS_02
15:20:08 | INFO     | t=12912.0: DISPATCHER → Hold override for collection_to_retrofit (waited 47.5 min >= max 30.0 min)
15:20:08 | INFO     | t=12912.0: DISPATCHER → Assigned loco LOCO_02 to collection_to_retrofit (waited 47.5 min, pending=1)
15:20:08 | INFO     | EVENT_PUBLISHED: TrainArrivedEvent | train=T174 | time=12939.0
15:20:08 | INFO     | EVENT_HANDLING: TrainArrivedEvent -> RetrofitWorkshopContext._handle_train_arrived
15:20:08 | INFO     | EVENT_HANDLED: TrainArrivedEvent by RetrofitWorkshopContext._handle_train_arrived
15:20:08 | INFO     | t=12940.5: RAKE[W5760,W6421] → COUPLING at WS_01 (1 couplings, 0.5 min)
15:20:08 | INFO     | t=12941.0: LOCO → Allocating for pickup from WS_01
15:20:08 | INFO     | t=12941.0: DISPATCHER → Task submitted: workshop_to_retrofitted (pending=2)
15:20:08 | INFO     | t=12945.5: LOCO[LOCO_01] → TRAIN_PREP at collection (coupling + prep, 3.0 min)
15:20:08 | INFO     | EVENT_PUBLISHED: TrainArrivedEvent | train=T175 | time=12954.5
15:20:08 | INFO     | EVENT_HANDLING: TrainArrivedEvent -> RetrofitWorkshopContext._handle_train_arrived
15:20:08 | INFO     | EVENT_HANDLED: TrainArrivedEvent by RetrofitWorkshopContext._handle_train_arrived
15:20:08 | INFO     | EVENT_PUBLISHED: TrainArrivedEvent | train=T176 | time=12963.5
15:20:08 | INFO     | EVENT_HANDLING: TrainArrivedEvent -> RetrofitWorkshopContext._handle_train_arrived
15:20:08 | INFO     | EVENT_HANDLED: TrainArrivedEvent by RetrofitWorkshopContext._handle_train_arrived
15:20:08 | INFO     | t=12967.0: RAKE[W4802,W6008] → COUPLING at WS_02 (1 couplings, 0.5 min)
15:20:08 | INFO     | t=12967.5: LOCO → Allocating for pickup from WS_02
15:20:08 | INFO     | t=12967.5: DISPATCHER → Task submitted: workshop_to_retrofitted (pending=3)
15:20:08 | INFO     | t=12972.0: LOCO[LOCO_02] → TRAIN_PREP at collection (coupling + prep, 3.0 min)
15:20:08 | INFO     | t=13008.5: LOCO[LOCO_01] → DECOUPLING at retrofit (3.0 min)
15:20:08 | INFO     | t=13011.5: RAKE[W11518] → DECOUPLING at retrofit (0 couplings, 0.0 min)
15:20:08 | INFO     | EVENT_PUBLISHED: TrainArrivedEvent | train=T177 | time=13015.8
15:20:08 | INFO     | EVENT_HANDLING: TrainArrivedEvent -> RetrofitWorkshopContext._handle_train_arrived
15:20:08 | INFO     | EVENT_HANDLED: TrainArrivedEvent by RetrofitWorkshopContext._handle_train_arrived
15:20:08 | INFO     | t=13016.5: Batch size limited by retrofit capacity: 1 wagons (16.4m) fits, 19 waiting
15:20:08 | INFO     | t=13016.5: DISPATCHER → Hold override for retrofitted_to_parking (waited 130.5 min >= max 45.0 min)
15:20:08 | INFO     | t=13016.5: DISPATCHER → Assigned loco LOCO_01 to workshop_to_retrofitted (waited 75.5 min, pending=2)
15:20:08 | INFO     | t=13016.5: DISPATCHER → Hold override for retrofitted_to_parking (waited 130.5 min >= max 45.0 min)
15:20:08 | INFO     | t=13016.5: COLLECTION → Reserving retrofit track capacity for 1 wagons
15:20:08 | INFO     | t=13016.5: LOCO[LOCO_01] → Allocated for pickup
15:20:08 | INFO     | t=13023.5: LOCO[LOCO_01] → TRAIN_PREP completed at WS_01 (2.0 min)
15:20:08 | INFO     | t=13028.5: BATCH → Putting 2 wagons on retrofitted track retrofitted
15:20:08 | INFO     | t=13028.5: WAGON[W5760] → Added to retrofitted track retrofitted
15:20:08 | INFO     | t=13028.5: WAGON[W6421] → Added to retrofitted track retrofitted
15:20:08 | INFO     | t=13033.5: WORKSHOP[WS_01] → Released, notifying 1 waiting processes
15:20:08 | INFO     | t=13033.5: WORKSHOP → Workshop became available
15:20:08 | INFO     | t=13033.5: WORKSHOP[WS_01] → Selected for batch
15:20:08 | INFO     | t=13033.5: DISPATCHER → Hold override for retrofitted_to_parking (waited 147.5 min >= max 45.0 min)
15:20:08 | INFO     | t=13033.5: DISPATCHER → Assigned loco LOCO_01 to workshop_to_retrofitted (waited 66.0 min, pending=1)
15:20:08 | INFO     | t=13033.5: DISPATCHER → Hold override for retrofitted_to_parking (waited 147.5 min >= max 45.0 min)
15:20:08 | INFO     | t=13033.5: WAGON[W2165] → Added to batch
15:20:08 | INFO     | t=13033.5: BATCH[W0293,W2165] → Formed 2 wagons for WS_01
15:20:08 | INFO     | t=13033.5: LOCO[LOCO_01] → Allocated for pickup
15:20:08 | INFO     | t=13033.5: TRACK[retrofit] → Removed 2 wagons (31.4m freed)
15:20:08 | INFO     | t=13033.5: DISPATCHER → Task submitted: retrofit_to_workshop (pending=2)
15:20:08 | INFO     | t=13033.5: COLLECTION → Capacity reserved, allocating locomotive
15:20:08 | INFO     | t=13033.5: DISPATCHER → Task submitted: collection_to_retrofit (pending=3)
15:20:08 | INFO     | t=13035.0: LOCO[LOCO_02] → DECOUPLING at retrofit (3.0 min)
15:20:08 | INFO     | t=13038.0: RAKE[W5872] → DECOUPLING at retrofit (0 couplings, 0.0 min)
15:20:08 | INFO     | t=13040.5: LOCO[LOCO_01] → TRAIN_PREP completed at WS_02 (2.0 min)
15:20:08 | INFO     | t=13043.0: Batch size limited by retrofit capacity: 1 wagons (23.2m) fits, 18 waiting
15:20:08 | INFO     | t=13043.0: DISPATCHER → Hold override for retrofitted_to_parking (waited 157.0 min >= max 45.0 min)
15:20:08 | INFO     | t=13043.0: DISPATCHER → Assigned loco LOCO_02 to retrofit_to_workshop (waited 9.5 min, pending=2)
15:20:08 | INFO     | t=13043.0: DISPATCHER → Hold override for retrofitted_to_parking (waited 157.0 min >= max 45.0 min)
15:20:08 | INFO     | t=13043.0: COLLECTION → Reserving retrofit track capacity for 1 wagons
15:20:08 | INFO     | t=13043.0: RAKE[W0293,W2165] → COUPLING at retrofit (1 couplings, 2.0 min)
15:20:08 | INFO     | t=13043.0: COLLECTION → Capacity reserved, allocating locomotive
15:20:08 | INFO     | t=13043.0: DISPATCHER → Task submitted: collection_to_retrofit (pending=3)
15:20:08 | INFO     | t=13043.0: WAGON[W7853] → Retrieved from retrofit queue
15:20:08 | INFO     | t=13043.0: WORKSHOP → No workshop available, waiting...
15:20:08 | INFO     | t=13045.5: BATCH → Putting 2 wagons on retrofitted track retrofitted
15:20:08 | INFO     | t=13045.5: WAGON[W4802] → Added to retrofitted track retrofitted
15:20:08 | INFO     | t=13045.5: WAGON[W6008] → Added to retrofitted track retrofitted
15:20:08 | INFO     | t=13050.0: LOCO[LOCO_02] → COUPLING at retrofit (2.0 min)
15:20:08 | INFO     | t=13050.5: WORKSHOP[WS_02] → Released, notifying 1 waiting processes
15:20:08 | INFO     | t=13050.5: WORKSHOP → Workshop became available
15:20:08 | INFO     | t=13050.5: WORKSHOP[WS_02] → Selected for batch
15:20:08 | INFO     | t=13050.5: DISPATCHER → Hold override for retrofitted_to_parking (waited 164.5 min >= max 45.0 min)
15:20:08 | INFO     | t=13050.5: DISPATCHER → Assigned loco LOCO_01 to retrofitted_to_parking (waited 164.5 min, pending=2)
15:20:08 | INFO     | t=13050.5: WAGON[W6704] → Added to batch
15:20:08 | INFO     | t=13050.5: BATCH[W7853,W6704] → Formed 2 wagons for WS_02
15:20:08 | INFO     | t=13050.5: LOCO[LOCO_01] → Allocated for parking transport
15:20:08 | INFO     | t=13050.5: TRACK[retrofit] → Removed 2 wagons (38.1m freed)
15:20:08 | INFO     | t=13050.5: DISPATCHER → Task submitted: retrofit_to_workshop (pending=3)
15:20:08 | INFO     | t=13052.0: LOCO[LOCO_02] → SHUNTING_PREP at retrofit (1.0 min)
15:20:08 | INFO     | t=13055.5: LOCO[LOCO_01] → TRAIN_PREP at retrofitted (coupling + prep, 3.0 min)
15:20:08 | INFO     | t=13058.0: LOCO[LOCO_02] → DECOUPLING at WS_01 (3.0 min)
15:20:08 | INFO     | t=13061.0: RAKE[W0293,W2165] → DECOUPLING at WS_01 (1 couplings, 3.0 min)
15:20:08 | INFO     | t=13064.0: WAGON[W0293] → RETROFIT_STARTED at WS_01
15:20:08 | INFO     | t=13064.0: WAGON[W2165] → RETROFIT_STARTED at WS_01
15:20:08 | INFO     | t=13069.0: DISPATCHER → Hold override for collection_to_retrofit (waited 35.5 min >= max 30.0 min)
15:20:08 | INFO     | t=13069.0: DISPATCHER → Assigned loco LOCO_02 to collection_to_retrofit (waited 35.5 min, pending=2)
15:20:08 | INFO     | EVENT_PUBLISHED: TrainArrivedEvent | train=T178 | time=13103.5
15:20:08 | INFO     | EVENT_HANDLING: TrainArrivedEvent -> RetrofitWorkshopContext._handle_train_arrived
15:20:08 | INFO     | EVENT_HANDLED: TrainArrivedEvent by RetrofitWorkshopContext._handle_train_arrived
15:20:08 | INFO     | t=13118.5: LOCO[LOCO_01] → DECOUPLING at parking11 (2.0 min)
15:20:08 | INFO     | t=13120.5: RAKE[W10896,W10303,W0475,W2846] → DECOUPLING at parking11 (3 couplings, 1.5 min)
15:20:08 | INFO     | t=13124.0: RAKE[W0293,W2165] → COUPLING at WS_01 (1 couplings, 0.5 min)
15:20:08 | INFO     | t=13124.5: LOCO → Allocating for pickup from WS_01
15:20:08 | INFO     | t=13124.5: DISPATCHER → Task submitted: workshop_to_retrofitted (pending=3)
15:20:08 | INFO     | t=13129.0: LOCO[LOCO_02] → TRAIN_PREP at collection (coupling + prep, 3.0 min)
15:20:08 | INFO     | EVENT_PUBLISHED: TrainArrivedEvent | train=T179 | time=13171.8
15:20:08 | INFO     | EVENT_HANDLING: TrainArrivedEvent -> RetrofitWorkshopContext._handle_train_arrived
15:20:08 | INFO     | EVENT_HANDLED: TrainArrivedEvent by RetrofitWorkshopContext._handle_train_arrived
15:20:08 | INFO     | t=13182.0: LOCO[LOCO_01] → Releasing
15:20:08 | INFO     | t=13182.0: LOCO[LOCO_01] → Released
15:20:08 | INFO     | t=13182.0: PARKING → Got wagon W5760 from retrofitted
15:20:08 | INFO     | t=13182.0: DISPATCHER → Hold override for collection_to_retrofit (waited 139.0 min >= max 30.0 min)
15:20:08 | INFO     | t=13182.0: DISPATCHER → Assigned loco LOCO_01 to collection_to_retrofit (waited 139.0 min, pending=2)
15:20:08 | INFO     | t=13182.0: LOCO → Allocating for parking transport
15:20:08 | INFO     | t=13182.0: DISPATCHER → Task submitted: retrofitted_to_parking (pending=3)
15:20:08 | INFO     | t=13192.0: LOCO[LOCO_02] → DECOUPLING at retrofit (3.0 min)
15:20:08 | INFO     | t=13195.0: RAKE[W5395] → DECOUPLING at retrofit (0 couplings, 0.0 min)
15:20:08 | INFO     | t=13200.0: Batch size limited by retrofit capacity: 1 wagons (23.2m) fits, 19 waiting
15:20:08 | INFO     | t=13200.0: DISPATCHER → Assigned loco LOCO_02 to retrofit_to_workshop (waited 149.5 min, pending=2)
15:20:08 | INFO     | t=13200.0: COLLECTION → Reserving retrofit track capacity for 1 wagons
15:20:08 | INFO     | t=13200.0: RAKE[W7853,W6704] → COUPLING at retrofit (1 couplings, 2.0 min)
15:20:08 | INFO     | t=13200.0: COLLECTION → Capacity reserved, allocating locomotive
15:20:08 | INFO     | t=13200.0: DISPATCHER → Task submitted: collection_to_retrofit (pending=3)
15:20:08 | INFO     | t=13200.0: WAGON[W2149] → Retrieved from retrofit queue
15:20:08 | INFO     | t=13200.0: WORKSHOP → No workshop available, waiting...
15:20:08 | INFO     | t=13207.0: LOCO[LOCO_02] → COUPLING at retrofit (2.0 min)
15:20:08 | INFO     | t=13209.0: LOCO[LOCO_02] → SHUNTING_PREP at retrofit (1.0 min)
15:20:08 | INFO     | t=13215.0: LOCO[LOCO_02] → DECOUPLING at WS_02 (3.0 min)
15:20:08 | INFO     | t=13218.0: RAKE[W7853,W6704] → DECOUPLING at WS_02 (1 couplings, 3.0 min)
15:20:08 | INFO     | t=13221.0: WAGON[W7853] → RETROFIT_STARTED at WS_02
15:20:08 | INFO     | t=13221.0: WAGON[W6704] → RETROFIT_STARTED at WS_02
15:20:08 | INFO     | t=13226.0: DISPATCHER → Assigned loco LOCO_02 to workshop_to_retrofitted (waited 101.5 min, pending=2)
15:20:08 | INFO     | t=13226.0: LOCO[LOCO_02] → Allocated for pickup
15:20:08 | INFO     | t=13233.0: LOCO[LOCO_02] → TRAIN_PREP completed at WS_01 (2.0 min)
15:20:08 | INFO     | t=13238.0: BATCH → Putting 2 wagons on retrofitted track retrofitted
15:20:08 | INFO     | t=13238.0: WAGON[W0293] → Added to retrofitted track retrofitted
15:20:08 | INFO     | t=13238.0: WAGON[W2165] → Added to retrofitted track retrofitted
15:20:08 | INFO     | t=13242.0: LOCO[LOCO_01] → TRAIN_PREP at collection (coupling + prep, 3.0 min)
15:20:08 | INFO     | t=13243.0: WORKSHOP[WS_01] → Released, notifying 1 waiting processes
15:20:08 | INFO     | t=13243.0: WORKSHOP → Workshop became available
15:20:08 | INFO     | t=13243.0: WORKSHOP[WS_01] → Selected for batch
15:20:08 | INFO     | t=13243.0: DISPATCHER → Hold override for retrofitted_to_parking (waited 61.0 min >= max 45.0 min)
15:20:08 | INFO     | t=13243.0: DISPATCHER → Hold override for collection_to_retrofit (waited 43.0 min >= max 30.0 min)
15:20:08 | INFO     | t=13243.0: DISPATCHER → Assigned loco LOCO_02 to collection_to_retrofit (waited 43.0 min, pending=1)
15:20:08 | INFO     | t=13243.0: DISPATCHER → Hold override for retrofitted_to_parking (waited 61.0 min >= max 45.0 min)
15:20:08 | INFO     | t=13243.0: WAGON[W2736] → Added to batch
15:20:08 | INFO     | t=13243.0: BATCH[W2149,W2736] → Formed 2 wagons for WS_01
15:20:08 | INFO     | t=13243.0: TRACK[retrofit] → Removed 2 wagons (41.1m freed)
15:20:08 | INFO     | t=13243.0: DISPATCHER → Task submitted: retrofit_to_workshop (pending=2)
15:20:08 | INFO     | t=13281.0: RAKE[W7853,W6704] → COUPLING at WS_02 (1 couplings, 0.5 min)
15:20:08 | INFO     | t=13281.5: LOCO → Allocating for pickup from WS_02
15:20:08 | INFO     | t=13281.5: DISPATCHER → Task submitted: workshop_to_retrofitted (pending=3)
15:20:08 | INFO     | EVENT_PUBLISHED: TrainArrivedEvent | train=T180 | time=13298.8
15:20:08 | INFO     | EVENT_HANDLING: TrainArrivedEvent -> RetrofitWorkshopContext._handle_train_arrived
15:20:08 | INFO     | EVENT_HANDLED: TrainArrivedEvent by RetrofitWorkshopContext._handle_train_arrived
15:20:08 | INFO     | t=13303.0: LOCO[LOCO_02] → TRAIN_PREP at collection (coupling + prep, 3.0 min)
15:20:08 | INFO     | t=13305.0: LOCO[LOCO_01] → DECOUPLING at retrofit (3.0 min)
15:20:08 | INFO     | t=13308.0: RAKE[W12116] → DECOUPLING at retrofit (0 couplings, 0.0 min)
15:20:08 | INFO     | t=13313.0: DISPATCHER → Hold override for retrofitted_to_parking (waited 131.0 min >= max 45.0 min)
15:20:08 | INFO     | t=13313.0: DISPATCHER → Assigned loco LOCO_01 to retrofit_to_workshop (waited 70.0 min, pending=2)
15:20:08 | INFO     | t=13313.0: DISPATCHER → Hold override for retrofitted_to_parking (waited 131.0 min >= max 45.0 min)
15:20:08 | INFO     | t=13313.0: RAKE[W2149,W2736] → COUPLING at retrofit (1 couplings, 2.0 min)
15:20:08 | INFO     | t=13313.0: Batch size limited by retrofit capacity: 3 wagons (57.5m) fits, 16 waiting
15:20:08 | INFO     | t=13313.0: WAGON[W5380] → Retrieved from retrofit queue
15:20:08 | INFO     | t=13313.0: WORKSHOP → No workshop available, waiting...
15:20:08 | INFO     | t=13313.0: COLLECTION → Reserving retrofit track capacity for 3 wagons
15:20:08 | INFO     | t=13313.0: COLLECTION → Capacity reserved, allocating locomotive
15:20:08 | INFO     | t=13313.0: DISPATCHER → Task submitted: collection_to_retrofit (pending=3)
15:20:08 | INFO     | EVENT_PUBLISHED: TrainArrivedEvent | train=T181 | time=13314.5
15:20:08 | INFO     | EVENT_HANDLING: TrainArrivedEvent -> RetrofitWorkshopContext._handle_train_arrived
15:20:08 | INFO     | EVENT_HANDLED: TrainArrivedEvent by RetrofitWorkshopContext._handle_train_arrived
15:20:08 | INFO     | t=13320.0: LOCO[LOCO_01] → COUPLING at retrofit (2.0 min)
15:20:08 | INFO     | t=13322.0: LOCO[LOCO_01] → SHUNTING_PREP at retrofit (1.0 min)
15:20:08 | INFO     | t=13328.0: LOCO[LOCO_01] → DECOUPLING at WS_01 (3.0 min)
15:20:08 | INFO     | t=13331.0: RAKE[W2149,W2736] → DECOUPLING at WS_01 (1 couplings, 3.0 min)
15:20:08 | INFO     | t=13334.0: WAGON[W2149] → RETROFIT_STARTED at WS_01
15:20:08 | INFO     | t=13334.0: WAGON[W2736] → RETROFIT_STARTED at WS_01
15:20:08 | INFO     | t=13339.0: DISPATCHER → Hold override for retrofitted_to_parking (waited 157.0 min >= max 45.0 min)
15:20:08 | INFO     | t=13339.0: DISPATCHER → Assigned loco LOCO_01 to workshop_to_retrofitted (waited 57.5 min, pending=2)
15:20:08 | INFO     | t=13339.0: DISPATCHER → Hold override for retrofitted_to_parking (waited 157.0 min >= max 45.0 min)
15:20:08 | INFO     | t=13339.0: LOCO[LOCO_01] → Allocated for pickup
15:20:08 | INFO     | t=13346.0: LOCO[LOCO_01] → TRAIN_PREP completed at WS_02 (2.0 min)
15:20:08 | INFO     | t=13351.0: BATCH → Putting 2 wagons on retrofitted track retrofitted
15:20:08 | INFO     | t=13351.0: WAGON[W7853] → Added to retrofitted track retrofitted
15:20:08 | INFO     | t=13351.0: WAGON[W6704] → Added to retrofitted track retrofitted
15:20:08 | INFO     | t=13356.0: WORKSHOP[WS_02] → Released, notifying 1 waiting processes
15:20:08 | INFO     | t=13356.0: WORKSHOP → Workshop became available
15:20:08 | INFO     | t=13356.0: WORKSHOP[WS_02] → Selected for batch
15:20:08 | INFO     | t=13356.0: DISPATCHER → Hold override for retrofitted_to_parking (waited 174.0 min >= max 45.0 min)
15:20:08 | INFO     | t=13356.0: DISPATCHER → Hold override for collection_to_retrofit (waited 43.0 min >= max 30.0 min)
15:20:08 | INFO     | t=13356.0: DISPATCHER → Assigned loco LOCO_01 to collection_to_retrofit (waited 43.0 min, pending=1)
15:20:08 | INFO     | t=13356.0: DISPATCHER → Hold override for retrofitted_to_parking (waited 174.0 min >= max 45.0 min)
15:20:08 | INFO     | t=13356.0: WAGON[W5989] → Added to batch
15:20:08 | INFO     | t=13356.0: BATCH[W5380,W5989] → Formed 2 wagons for WS_02
15:20:08 | INFO     | t=13356.0: TRACK[retrofit] → Removed 2 wagons (30.7m freed)
15:20:08 | INFO     | t=13356.0: DISPATCHER → Task submitted: retrofit_to_workshop (pending=2)
15:20:08 | INFO     | t=13366.0: LOCO[LOCO_02] → DECOUPLING at retrofit (3.0 min)
15:20:08 | INFO     | t=13369.0: RAKE[W2774] → DECOUPLING at retrofit (0 couplings, 0.0 min)
15:20:08 | INFO     | t=13374.0: Batch size limited by retrofit capacity: 1 wagons (23.9m) fits, 19 waiting
15:20:08 | INFO     | t=13374.0: DISPATCHER → Hold override for retrofitted_to_parking (waited 192.0 min >= max 45.0 min)
15:20:08 | INFO     | t=13374.0: DISPATCHER → Assigned loco LOCO_02 to retrofit_to_workshop (waited 18.0 min, pending=1)
15:20:08 | INFO     | t=13374.0: DISPATCHER → Hold override for retrofitted_to_parking (waited 192.0 min >= max 45.0 min)
15:20:08 | INFO     | t=13374.0: COLLECTION → Reserving retrofit track capacity for 1 wagons
15:20:08 | INFO     | t=13374.0: RAKE[W5380,W5989] → COUPLING at retrofit (1 couplings, 2.0 min)
15:20:08 | INFO     | t=13374.0: COLLECTION → Capacity reserved, allocating locomotive
15:20:08 | INFO     | t=13374.0: DISPATCHER → Task submitted: collection_to_retrofit (pending=2)
15:20:08 | INFO     | t=13374.0: WAGON[W5415] → Retrieved from retrofit queue
15:20:08 | INFO     | t=13374.0: WORKSHOP → No workshop available, waiting...
15:20:08 | INFO     | t=13381.0: LOCO[LOCO_02] → COUPLING at retrofit (2.0 min)
15:20:08 | INFO     | t=13383.0: LOCO[LOCO_02] → SHUNTING_PREP at retrofit (1.0 min)
15:20:08 | INFO     | t=13389.0: LOCO[LOCO_02] → DECOUPLING at WS_02 (3.0 min)
15:20:08 | INFO     | EVENT_PUBLISHED: TrainArrivedEvent | train=T182 | time=13389.2
15:20:08 | INFO     | EVENT_HANDLING: TrainArrivedEvent -> RetrofitWorkshopContext._handle_train_arrived
15:20:08 | INFO     | EVENT_HANDLED: TrainArrivedEvent by RetrofitWorkshopContext._handle_train_arrived
15:20:08 | INFO     | t=13392.0: RAKE[W5380,W5989] → DECOUPLING at WS_02 (1 couplings, 3.0 min)
15:20:08 | INFO     | EVENT_PUBLISHED: TrainArrivedEvent | train=T183 | time=13392.5
15:20:08 | INFO     | EVENT_HANDLING: TrainArrivedEvent -> RetrofitWorkshopContext._handle_train_arrived
15:20:08 | INFO     | EVENT_HANDLED: TrainArrivedEvent by RetrofitWorkshopContext._handle_train_arrived
15:20:08 | INFO     | t=13394.0: RAKE[W2149,W2736] → COUPLING at WS_01 (1 couplings, 0.5 min)
15:20:08 | INFO     | t=13394.5: LOCO → Allocating for pickup from WS_01
15:20:08 | INFO     | t=13394.5: DISPATCHER → Task submitted: workshop_to_retrofitted (pending=3)
15:20:08 | INFO     | t=13395.0: WAGON[W5380] → RETROFIT_STARTED at WS_02
15:20:08 | INFO     | t=13395.0: WAGON[W5989] → RETROFIT_STARTED at WS_02
15:20:08 | INFO     | t=13400.0: DISPATCHER → Hold override for retrofitted_to_parking (waited 218.0 min >= max 45.0 min)
15:20:08 | INFO     | t=13400.0: DISPATCHER → Assigned loco LOCO_02 to workshop_to_retrofitted (waited 5.5 min, pending=2)
15:20:08 | INFO     | t=13400.0: DISPATCHER → Hold override for retrofitted_to_parking (waited 218.0 min >= max 45.0 min)
15:20:08 | INFO     | t=13400.0: LOCO[LOCO_02] → Allocated for pickup
15:20:08 | INFO     | t=13407.0: LOCO[LOCO_02] → TRAIN_PREP completed at WS_01 (2.0 min)
15:20:08 | INFO     | t=13412.0: BATCH → Putting 2 wagons on retrofitted track retrofitted
15:20:08 | INFO     | t=13412.0: WAGON[W2149] → Added to retrofitted track retrofitted
15:20:08 | INFO     | t=13412.0: WAGON[W2736] → Added to retrofitted track retrofitted
15:20:08 | INFO     | t=13416.0: LOCO[LOCO_01] → TRAIN_PREP at collection (coupling + prep, 7.0 min)
15:20:08 | INFO     | t=13417.0: WORKSHOP[WS_01] → Released, notifying 1 waiting processes
15:20:08 | INFO     | t=13417.0: WORKSHOP → Workshop became available
15:20:08 | INFO     | t=13417.0: WORKSHOP[WS_01] → Selected for batch
15:20:08 | INFO     | t=13417.0: DISPATCHER → Hold override for retrofitted_to_parking (waited 235.0 min >= max 45.0 min)
15:20:08 | INFO     | t=13417.0: DISPATCHER → Hold override for collection_to_retrofit (waited 43.0 min >= max 30.0 min)
15:20:08 | INFO     | t=13417.0: DISPATCHER → Assigned loco LOCO_02 to collection_to_retrofit (waited 43.0 min, pending=1)
15:20:08 | INFO     | t=13417.0: DISPATCHER → Hold override for retrofitted_to_parking (waited 235.0 min >= max 45.0 min)
15:20:08 | INFO     | t=13417.0: WAGON[W6323] → Added to batch
15:20:08 | INFO     | t=13417.0: BATCH[W5415,W6323] → Formed 2 wagons for WS_01
15:20:08 | INFO     | t=13417.0: TRACK[retrofit] → Removed 2 wagons (30.4m freed)
15:20:08 | INFO     | t=13417.0: DISPATCHER → Task submitted: retrofit_to_workshop (pending=2)
15:20:08 | INFO     | t=13455.0: RAKE[W5380,W5989] → COUPLING at WS_02 (1 couplings, 0.5 min)
15:20:08 | INFO     | t=13455.5: LOCO → Allocating for pickup from WS_02
15:20:08 | INFO     | t=13455.5: DISPATCHER → Task submitted: workshop_to_retrofitted (pending=3)
15:20:08 | INFO     | EVENT_PUBLISHED: TrainArrivedEvent | train=T184 | time=13460.0
15:20:08 | INFO     | EVENT_HANDLING: TrainArrivedEvent -> RetrofitWorkshopContext._handle_train_arrived
15:20:08 | INFO     | EVENT_HANDLED: TrainArrivedEvent by RetrofitWorkshopContext._handle_train_arrived
15:20:08 | INFO     | t=13477.0: LOCO[LOCO_02] → TRAIN_PREP at collection (coupling + prep, 3.0 min)
15:20:08 | INFO     | t=13483.0: LOCO[LOCO_01] → DECOUPLING at retrofit (9.0 min)
15:20:08 | INFO     | EVENT_PUBLISHED: TrainArrivedEvent | train=T185 | time=13487.5
15:20:08 | INFO     | EVENT_HANDLING: TrainArrivedEvent -> RetrofitWorkshopContext._handle_train_arrived
15:20:08 | INFO     | EVENT_HANDLED: TrainArrivedEvent by RetrofitWorkshopContext._handle_train_arrived
15:20:08 | INFO     | t=13492.0: RAKE[W0698,W8339,W12383] → DECOUPLING at retrofit (2 couplings, 6.0 min)
15:20:08 | INFO     | t=13503.0: DISPATCHER → Hold override for retrofitted_to_parking (waited 321.0 min >= max 45.0 min)
15:20:08 | INFO     | t=13503.0: DISPATCHER → Assigned loco LOCO_01 to retrofit_to_workshop (waited 86.0 min, pending=2)
15:20:08 | INFO     | t=13503.0: DISPATCHER → Hold override for retrofitted_to_parking (waited 321.0 min >= max 45.0 min)
15:20:08 | INFO     | t=13503.0: Batch size limited by retrofit capacity: 2 wagons (43.2m) fits, 17 waiting
15:20:08 | INFO     | t=13503.0: RAKE[W5415,W6323] → COUPLING at retrofit (1 couplings, 2.0 min)
15:20:08 | INFO     | t=13503.0: COLLECTION → Reserving retrofit track capacity for 2 wagons
15:20:08 | INFO     | t=13503.0: WAGON[W2910] → Retrieved from retrofit queue
15:20:08 | INFO     | t=13503.0: WORKSHOP → No workshop available, waiting...
15:20:08 | INFO     | t=13503.0: COLLECTION → Capacity reserved, allocating locomotive
15:20:08 | INFO     | t=13503.0: DISPATCHER → Task submitted: collection_to_retrofit (pending=3)
15:20:08 | INFO     | t=13510.0: LOCO[LOCO_01] → COUPLING at retrofit (2.0 min)
15:20:08 | INFO     | t=13512.0: LOCO[LOCO_01] → SHUNTING_PREP at retrofit (1.0 min)
15:20:08 | INFO     | t=13518.0: LOCO[LOCO_01] → DECOUPLING at WS_01 (3.0 min)
15:20:08 | INFO     | t=13521.0: RAKE[W5415,W6323] → DECOUPLING at WS_01 (1 couplings, 3.0 min)
15:20:08 | INFO     | t=13524.0: WAGON[W5415] → RETROFIT_STARTED at WS_01
15:20:08 | INFO     | t=13524.0: WAGON[W6323] → RETROFIT_STARTED at WS_01
15:20:08 | INFO     | t=13529.0: DISPATCHER → Hold override for retrofitted_to_parking (waited 347.0 min >= max 45.0 min)
15:20:08 | INFO     | t=13529.0: DISPATCHER → Assigned loco LOCO_01 to retrofitted_to_parking (waited 347.0 min, pending=2)
15:20:08 | INFO     | t=13529.0: LOCO[LOCO_01] → Allocated for parking transport
15:20:08 | INFO     | t=13534.0: LOCO[LOCO_01] → TRAIN_PREP at retrofitted (coupling + prep, 3.0 min)
15:20:08 | INFO     | t=13540.0: LOCO[LOCO_02] → DECOUPLING at retrofit (3.0 min)
15:20:08 | INFO     | t=13543.0: RAKE[W8616] → DECOUPLING at retrofit (0 couplings, 0.0 min)
15:20:08 | INFO     | t=13548.0: Batch size limited by retrofit capacity: 1 wagons (15.5m) fits, 20 waiting
15:20:08 | INFO     | t=13548.0: DISPATCHER → Hold override for collection_to_retrofit (waited 45.0 min >= max 30.0 min)
15:20:08 | INFO     | t=13548.0: DISPATCHER → Assigned loco LOCO_02 to collection_to_retrofit (waited 45.0 min, pending=1)
15:20:08 | INFO     | t=13548.0: COLLECTION → Reserving retrofit track capacity for 1 wagons
15:20:08 | INFO     | t=13584.0: RAKE[W5415,W6323] → COUPLING at WS_01 (1 couplings, 0.5 min)
15:20:08 | INFO     | t=13584.5: LOCO → Allocating for pickup from WS_01
15:20:08 | INFO     | t=13584.5: DISPATCHER → Task submitted: workshop_to_retrofitted (pending=2)
15:20:08 | INFO     | t=13608.0: LOCO[LOCO_02] → TRAIN_PREP at collection (coupling + prep, 5.0 min)
15:20:08 | INFO     | t=13612.0: LOCO[LOCO_01] → DECOUPLING at parking15 (2.0 min)
15:20:08 | INFO     | t=13614.0: RAKE[W5760,W6421,W4802,W6008] → DECOUPLING at parking15 (3 couplings, 1.5 min)
15:20:08 | INFO     | EVENT_PUBLISHED: TrainArrivedEvent | train=T186 | time=13633.2
15:20:08 | INFO     | EVENT_HANDLING: TrainArrivedEvent -> RetrofitWorkshopContext._handle_train_arrived
15:20:08 | INFO     | EVENT_HANDLED: TrainArrivedEvent by RetrofitWorkshopContext._handle_train_arrived
15:20:08 | INFO     | EVENT_PUBLISHED: TrainArrivedEvent | train=T187 | time=13647.2
15:20:08 | INFO     | EVENT_HANDLING: TrainArrivedEvent -> RetrofitWorkshopContext._handle_train_arrived
15:20:08 | INFO     | EVENT_HANDLED: TrainArrivedEvent by RetrofitWorkshopContext._handle_train_arrived
15:20:08 | INFO     | t=13673.0: LOCO[LOCO_02] → DECOUPLING at retrofit (6.0 min)
15:20:08 | INFO     | t=13675.5: LOCO[LOCO_01] → Releasing
15:20:08 | INFO     | t=13675.5: LOCO[LOCO_01] → Released
15:20:08 | INFO     | t=13675.5: PARKING → Got wagon W0293 from retrofitted
15:20:08 | INFO     | t=13675.5: DISPATCHER → Assigned loco LOCO_01 to workshop_to_retrofitted (waited 220.0 min, pending=1)
15:20:08 | INFO     | t=13675.5: LOCO[LOCO_01] → Allocated for pickup
15:20:08 | INFO     | t=13675.5: LOCO → Allocating for parking transport
15:20:08 | INFO     | t=13675.5: DISPATCHER → Task submitted: retrofitted_to_parking (pending=2)
15:20:08 | INFO     | t=13679.0: RAKE[W9843,W4473] → DECOUPLING at retrofit (1 couplings, 3.0 min)
15:20:08 | INFO     | t=13682.5: LOCO[LOCO_01] → TRAIN_PREP completed at WS_02 (2.0 min)
15:20:08 | INFO     | t=13687.0: Batch size limited by retrofit capacity: 1 wagons (14.4m) fits, 18 waiting
15:20:08 | INFO     | t=13687.0: DISPATCHER → Assigned loco LOCO_02 to workshop_to_retrofitted (waited 102.5 min, pending=1)
15:20:08 | INFO     | t=13687.0: COLLECTION → Reserving retrofit track capacity for 1 wagons
15:20:08 | INFO     | t=13687.0: LOCO[LOCO_02] → Allocated for pickup
15:20:08 | INFO     | t=13687.5: BATCH → Putting 2 wagons on retrofitted track retrofitted
15:20:08 | INFO     | t=13687.5: WAGON[W5380] → Added to retrofitted track retrofitted
15:20:08 | INFO     | t=13687.5: WAGON[W5989] → Added to retrofitted track retrofitted
15:20:08 | INFO     | t=13692.5: WORKSHOP[WS_02] → Released, notifying 1 waiting processes
15:20:08 | INFO     | t=13692.5: WORKSHOP → Workshop became available
15:20:08 | INFO     | t=13692.5: WORKSHOP[WS_02] → Selected for batch
15:20:08 | INFO     | t=13692.5: DISPATCHER → Assigned loco LOCO_01 to retrofitted_to_parking (waited 17.0 min, pending=0)
15:20:08 | INFO     | t=13692.5: WAGON[W5280] → Added to batch
15:20:08 | INFO     | t=13692.5: BATCH[W2910,W5280] → Formed 2 wagons for WS_02
15:20:08 | INFO     | t=13692.5: LOCO[LOCO_01] → Allocated for parking transport
15:20:08 | INFO     | t=13692.5: TRACK[retrofit] → Removed 2 wagons (39.7m freed)
15:20:08 | INFO     | t=13692.5: DISPATCHER → Task submitted: retrofit_to_workshop (pending=1)
15:20:08 | INFO     | t=13692.5: COLLECTION → Capacity reserved, allocating locomotive
15:20:08 | INFO     | t=13692.5: DISPATCHER → Task submitted: collection_to_retrofit (pending=2)
15:20:08 | INFO     | t=13692.5: COLLECTION → Capacity reserved, allocating locomotive
15:20:08 | INFO     | t=13692.5: DISPATCHER → Task submitted: collection_to_retrofit (pending=3)
15:20:08 | INFO     | t=13694.0: LOCO[LOCO_02] → TRAIN_PREP completed at WS_01 (2.0 min)
15:20:08 | INFO     | t=13697.5: LOCO[LOCO_01] → TRAIN_PREP at retrofitted (coupling + prep, 4.0 min)
15:20:08 | INFO     | t=13699.0: BATCH → Putting 2 wagons on retrofitted track retrofitted
15:20:08 | INFO     | t=13699.0: WAGON[W5415] → Added to retrofitted track retrofitted
15:20:08 | INFO     | t=13699.0: WAGON[W6323] → Added to retrofitted track retrofitted
15:20:08 | INFO     | t=13704.0: WORKSHOP[WS_01] → Released, notifying 0 waiting processes
15:20:08 | INFO     | t=13704.0: DISPATCHER → Assigned loco LOCO_02 to retrofit_to_workshop (waited 11.5 min, pending=2)
15:20:08 | INFO     | t=13704.0: RAKE[W2910,W5280] → COUPLING at retrofit (1 couplings, 2.0 min)
15:20:08 | INFO     | t=13704.0: WAGON[W0237] → Retrieved from retrofit queue
15:20:08 | INFO     | t=13704.0: WORKSHOP[WS_01] → Selected for batch
15:20:08 | INFO     | t=13704.0: WAGON[W5173] → Added to batch
15:20:08 | INFO     | t=13704.0: BATCH[W0237,W5173] → Formed 2 wagons for WS_01
15:20:08 | INFO     | t=13704.0: TRACK[retrofit] → Removed 2 wagons (31.9m freed)
15:20:08 | INFO     | t=13704.0: DISPATCHER → Task submitted: retrofit_to_workshop (pending=3)
15:20:08 | INFO     | t=13711.0: LOCO[LOCO_02] → COUPLING at retrofit (2.0 min)
15:20:08 | INFO     | t=13713.0: LOCO[LOCO_02] → SHUNTING_PREP at retrofit (1.0 min)
15:20:08 | INFO     | t=13719.0: LOCO[LOCO_02] → DECOUPLING at WS_02 (3.0 min)
15:20:08 | INFO     | t=13722.0: RAKE[W2910,W5280] → DECOUPLING at WS_02 (1 couplings, 3.0 min)
15:20:08 | INFO     | t=13725.0: WAGON[W2910] → RETROFIT_STARTED at WS_02
15:20:08 | INFO     | t=13725.0: WAGON[W5280] → RETROFIT_STARTED at WS_02
15:20:08 | INFO     | t=13730.0: DISPATCHER → Hold override for collection_to_retrofit (waited 37.5 min >= max 30.0 min)
15:20:08 | INFO     | t=13730.0: DISPATCHER → Hold override for collection_to_retrofit (waited 37.5 min >= max 30.0 min)
15:20:08 | INFO     | t=13730.0: DISPATCHER → Assigned loco LOCO_02 to collection_to_retrofit (waited 37.5 min, pending=2)
15:20:08 | INFO     | t=13730.0: DISPATCHER → Hold override for collection_to_retrofit (waited 37.5 min >= max 30.0 min)
15:20:08 | INFO     | t=13776.5: LOCO[LOCO_01] → DECOUPLING at parking14 (3.0 min)
15:20:08 | INFO     | t=13779.5: RAKE[W0293,W2165,W7853,W6704,W2149,W2736] → DECOUPLING at parking14 (5 couplings, 2.5 min)
15:20:08 | INFO     | t=13785.0: RAKE[W2910,W5280] → COUPLING at WS_02 (1 couplings, 0.5 min)
15:20:08 | INFO     | t=13785.5: LOCO → Allocating for pickup from WS_02
15:20:08 | INFO     | t=13785.5: DISPATCHER → Task submitted: workshop_to_retrofitted (pending=3)
15:20:08 | INFO     | t=13790.0: LOCO[LOCO_02] → TRAIN_PREP at collection (coupling + prep, 3.0 min)
15:20:08 | INFO     | t=13842.0: LOCO[LOCO_01] → Releasing
15:20:08 | INFO     | t=13842.0: LOCO[LOCO_01] → Released
15:20:08 | INFO     | t=13842.0: PARKING → Got wagon W5380 from retrofitted
15:20:08 | INFO     | t=13842.0: DISPATCHER → Hold override for collection_to_retrofit (waited 149.5 min >= max 30.0 min)
15:20:08 | INFO     | t=13842.0: DISPATCHER → Assigned loco LOCO_01 to collection_to_retrofit (waited 149.5 min, pending=2)
15:20:08 | INFO     | t=13842.0: LOCO → Allocating for parking transport
15:20:08 | INFO     | t=13842.0: DISPATCHER → Task submitted: retrofitted_to_parking (pending=3)
15:20:08 | INFO     | t=13853.0: LOCO[LOCO_02] → DECOUPLING at retrofit (3.0 min)
15:20:08 | INFO     | t=13856.0: RAKE[W0234] → DECOUPLING at retrofit (0 couplings, 0.0 min)
15:20:08 | INFO     | t=13861.0: DISPATCHER → Assigned loco LOCO_02 to retrofit_to_workshop (waited 157.0 min, pending=2)
15:20:08 | INFO     | t=13861.0: RAKE[W0237,W5173] → COUPLING at retrofit (1 couplings, 2.0 min)
15:20:08 | INFO     | t=13861.0: Batch size limited by retrofit capacity: 3 wagons (39.3m) fits, 18 waiting
15:20:08 | INFO     | t=13861.0: WAGON[W4380] → Retrieved from retrofit queue
15:20:08 | INFO     | t=13861.0: WORKSHOP → No workshop available, waiting...
15:20:08 | INFO     | t=13861.0: COLLECTION → Reserving retrofit track capacity for 3 wagons
15:20:08 | INFO     | t=13861.0: COLLECTION → Capacity reserved, allocating locomotive
15:20:08 | INFO     | t=13861.0: DISPATCHER → Task submitted: collection_to_retrofit (pending=3)
15:20:08 | INFO     | t=13868.0: LOCO[LOCO_02] → COUPLING at retrofit (2.0 min)
15:20:08 | INFO     | t=13870.0: LOCO[LOCO_02] → SHUNTING_PREP at retrofit (1.0 min)
15:20:08 | INFO     | t=13876.0: LOCO[LOCO_02] → DECOUPLING at WS_01 (3.0 min)
15:20:08 | INFO     | t=13879.0: RAKE[W0237,W5173] → DECOUPLING at WS_01 (1 couplings, 3.0 min)
15:20:08 | INFO     | t=13882.0: WAGON[W0237] → RETROFIT_STARTED at WS_01
15:20:08 | INFO     | t=13882.0: WAGON[W5173] → RETROFIT_STARTED at WS_01
15:20:08 | INFO     | t=13887.0: DISPATCHER → Hold override for retrofitted_to_parking (waited 45.0 min >= max 45.0 min)
15:20:08 | INFO     | t=13887.0: DISPATCHER → Assigned loco LOCO_02 to workshop_to_retrofitted (waited 101.5 min, pending=2)
15:20:08 | INFO     | t=13887.0: DISPATCHER → Hold override for retrofitted_to_parking (waited 45.0 min >= max 45.0 min)
15:20:08 | INFO     | t=13887.0: LOCO[LOCO_02] → Allocated for pickup
15:20:08 | INFO     | t=13894.0: LOCO[LOCO_02] → TRAIN_PREP completed at WS_02 (2.0 min)
15:20:08 | INFO     | t=13899.0: BATCH → Putting 2 wagons on retrofitted track retrofitted
15:20:08 | INFO     | t=13899.0: WAGON[W2910] → Added to retrofitted track retrofitted
15:20:08 | INFO     | t=13899.0: WAGON[W5280] → Added to retrofitted track retrofitted
15:20:08 | INFO     | t=13902.0: LOCO[LOCO_01] → TRAIN_PREP at collection (coupling + prep, 3.0 min)
15:20:08 | INFO     | t=13904.0: WORKSHOP[WS_02] → Released, notifying 1 waiting processes
15:20:08 | INFO     | t=13904.0: WORKSHOP → Workshop became available
15:20:08 | INFO     | t=13904.0: WORKSHOP[WS_02] → Selected for batch
15:20:08 | INFO     | t=13904.0: DISPATCHER → Hold override for retrofitted_to_parking (waited 62.0 min >= max 45.0 min)
15:20:08 | INFO     | t=13904.0: DISPATCHER → Hold override for collection_to_retrofit (waited 43.0 min >= max 30.0 min)
15:20:08 | INFO     | t=13904.0: DISPATCHER → Assigned loco LOCO_02 to collection_to_retrofit (waited 43.0 min, pending=1)
15:20:08 | INFO     | t=13904.0: DISPATCHER → Hold override for retrofitted_to_parking (waited 62.0 min >= max 45.0 min)
15:20:08 | INFO     | t=13904.0: WAGON[W11518] → Added to batch
15:20:08 | INFO     | t=13904.0: BATCH[W4380,W11518] → Formed 2 wagons for WS_02
15:20:08 | INFO     | t=13904.0: TRACK[retrofit] → Removed 2 wagons (46.2m freed)
15:20:08 | INFO     | t=13904.0: DISPATCHER → Task submitted: retrofit_to_workshop (pending=2)
15:20:08 | INFO     | t=13942.0: RAKE[W0237,W5173] → COUPLING at WS_01 (1 couplings, 0.5 min)
15:20:08 | INFO     | t=13942.5: LOCO → Allocating for pickup from WS_01
15:20:08 | INFO     | t=13942.5: DISPATCHER → Task submitted: workshop_to_retrofitted (pending=3)
15:20:08 | INFO     | t=13964.0: LOCO[LOCO_02] → TRAIN_PREP at collection (coupling + prep, 7.0 min)
15:20:08 | INFO     | t=13965.0: LOCO[LOCO_01] → DECOUPLING at retrofit (3.0 min)
15:20:08 | INFO     | t=13968.0: RAKE[W9727] → DECOUPLING at retrofit (0 couplings, 0.0 min)
15:20:08 | INFO     | t=13973.0: DISPATCHER → Hold override for retrofitted_to_parking (waited 131.0 min >= max 45.0 min)
15:20:08 | INFO     | t=13973.0: DISPATCHER → Assigned loco LOCO_01 to retrofit_to_workshop (waited 69.0 min, pending=2)
15:20:08 | INFO     | t=13973.0: DISPATCHER → Hold override for retrofitted_to_parking (waited 131.0 min >= max 45.0 min)
15:20:08 | INFO     | t=13973.0: Batch size limited by retrofit capacity: 2 wagons (34.0m) fits, 16 waiting
15:20:08 | INFO     | t=13973.0: RAKE[W4380,W11518] → COUPLING at retrofit (1 couplings, 2.0 min)
15:20:08 | INFO     | t=13973.0: COLLECTION → Reserving retrofit track capacity for 2 wagons
15:20:08 | INFO     | t=13973.0: WAGON[W5872] → Retrieved from retrofit queue
15:20:08 | INFO     | t=13973.0: WORKSHOP → No workshop available, waiting...
15:20:08 | INFO     | t=13973.0: COLLECTION → Capacity reserved, allocating locomotive
15:20:08 | INFO     | t=13973.0: DISPATCHER → Task submitted: collection_to_retrofit (pending=3)
15:20:08 | INFO     | t=13980.0: LOCO[LOCO_01] → COUPLING at retrofit (2.0 min)
15:20:08 | INFO     | t=13982.0: LOCO[LOCO_01] → SHUNTING_PREP at retrofit (1.0 min)
15:20:08 | INFO     | t=13988.0: LOCO[LOCO_01] → DECOUPLING at WS_02 (3.0 min)
15:20:08 | INFO     | t=13991.0: RAKE[W4380,W11518] → DECOUPLING at WS_02 (1 couplings, 3.0 min)
15:20:08 | INFO     | t=13994.0: WAGON[W4380] → RETROFIT_STARTED at WS_02
15:20:08 | INFO     | t=13994.0: WAGON[W11518] → RETROFIT_STARTED at WS_02
15:20:08 | INFO     | t=13999.0: DISPATCHER → Hold override for retrofitted_to_parking (waited 157.0 min >= max 45.0 min)
15:20:08 | INFO     | t=13999.0: DISPATCHER → Assigned loco LOCO_01 to workshop_to_retrofitted (waited 56.5 min, pending=2)
15:20:08 | INFO     | t=13999.0: DISPATCHER → Hold override for retrofitted_to_parking (waited 157.0 min >= max 45.0 min)
15:20:08 | INFO     | t=13999.0: LOCO[LOCO_01] → Allocated for pickup
15:20:08 | INFO     | t=14006.0: LOCO[LOCO_01] → TRAIN_PREP completed at WS_01 (2.0 min)
15:20:08 | INFO     | t=14011.0: BATCH → Putting 2 wagons on retrofitted track retrofitted
15:20:08 | INFO     | t=14011.0: WAGON[W0237] → Added to retrofitted track retrofitted
15:20:08 | INFO     | t=14011.0: WAGON[W5173] → Added to retrofitted track retrofitted
15:20:08 | INFO     | t=14016.0: WORKSHOP[WS_01] → Released, notifying 1 waiting processes
15:20:08 | INFO     | t=14016.0: WORKSHOP → Workshop became available
15:20:08 | INFO     | t=14016.0: WORKSHOP[WS_01] → Selected for batch
15:20:08 | INFO     | t=14016.0: DISPATCHER → Hold override for retrofitted_to_parking (waited 174.0 min >= max 45.0 min)
15:20:08 | INFO     | t=14016.0: DISPATCHER → Hold override for collection_to_retrofit (waited 43.0 min >= max 30.0 min)
15:20:08 | INFO     | t=14016.0: DISPATCHER → Assigned loco LOCO_01 to collection_to_retrofit (waited 43.0 min, pending=1)
15:20:08 | INFO     | t=14016.0: DISPATCHER → Hold override for retrofitted_to_parking (waited 174.0 min >= max 45.0 min)
15:20:08 | INFO     | t=14016.0: WAGON[W5395] → Added to batch
15:20:08 | INFO     | t=14016.0: BATCH[W5872,W5395] → Formed 2 wagons for WS_01
15:20:08 | INFO     | t=14016.0: TRACK[retrofit] → Removed 2 wagons (30.7m freed)
15:20:08 | INFO     | t=14016.0: DISPATCHER → Task submitted: retrofit_to_workshop (pending=2)
15:20:08 | INFO     | t=14031.0: LOCO[LOCO_02] → DECOUPLING at retrofit (9.0 min)
15:20:08 | INFO     | t=14040.0: RAKE[W6989,W10150,W0839] → DECOUPLING at retrofit (2 couplings, 6.0 min)
15:20:08 | INFO     | t=14051.0: DISPATCHER → Hold override for retrofitted_to_parking (waited 209.0 min >= max 45.0 min)
15:20:08 | INFO     | t=14051.0: DISPATCHER → Assigned loco LOCO_02 to retrofit_to_workshop (waited 35.0 min, pending=1)
15:20:08 | INFO     | t=14051.0: DISPATCHER → Hold override for retrofitted_to_parking (waited 209.0 min >= max 45.0 min)
15:20:08 | INFO     | t=14051.0: Batch size limited by retrofit capacity: 2 wagons (43.2m) fits, 16 waiting
15:20:08 | INFO     | t=14051.0: RAKE[W5872,W5395] → COUPLING at retrofit (1 couplings, 2.0 min)
15:20:08 | INFO     | t=14051.0: COLLECTION → Reserving retrofit track capacity for 2 wagons
15:20:08 | INFO     | t=14051.0: WAGON[W12116] → Retrieved from retrofit queue
15:20:08 | INFO     | t=14051.0: WORKSHOP → No workshop available, waiting...
15:20:08 | INFO     | t=14051.0: COLLECTION → Capacity reserved, allocating locomotive
15:20:08 | INFO     | t=14051.0: DISPATCHER → Task submitted: collection_to_retrofit (pending=2)
15:20:08 | INFO     | t=14054.0: RAKE[W4380,W11518] → COUPLING at WS_02 (1 couplings, 0.5 min)
15:20:08 | INFO     | t=14054.5: LOCO → Allocating for pickup from WS_02
15:20:08 | INFO     | t=14054.5: DISPATCHER → Task submitted: workshop_to_retrofitted (pending=3)
15:20:08 | INFO     | t=14058.0: LOCO[LOCO_02] → COUPLING at retrofit (2.0 min)
15:20:08 | INFO     | t=14060.0: LOCO[LOCO_02] → SHUNTING_PREP at retrofit (1.0 min)
15:20:08 | INFO     | t=14066.0: LOCO[LOCO_02] → DECOUPLING at WS_01 (3.0 min)
15:20:08 | INFO     | t=14069.0: RAKE[W5872,W5395] → DECOUPLING at WS_01 (1 couplings, 3.0 min)
15:20:08 | INFO     | t=14072.0: WAGON[W5872] → RETROFIT_STARTED at WS_01
15:20:08 | INFO     | t=14072.0: WAGON[W5395] → RETROFIT_STARTED at WS_01
15:20:08 | INFO     | t=14076.0: LOCO[LOCO_01] → TRAIN_PREP at collection (coupling + prep, 5.0 min)
15:20:08 | INFO     | t=14077.0: DISPATCHER → Hold override for retrofitted_to_parking (waited 235.0 min >= max 45.0 min)
15:20:08 | INFO     | t=14077.0: DISPATCHER → Assigned loco LOCO_02 to workshop_to_retrofitted (waited 22.5 min, pending=2)
15:20:08 | INFO     | t=14077.0: DISPATCHER → Hold override for retrofitted_to_parking (waited 235.0 min >= max 45.0 min)
15:20:08 | INFO     | t=14077.0: LOCO[LOCO_02] → Allocated for pickup
15:20:08 | INFO     | t=14084.0: LOCO[LOCO_02] → TRAIN_PREP completed at WS_02 (2.0 min)
15:20:08 | INFO     | t=14089.0: BATCH → Putting 2 wagons on retrofitted track retrofitted
15:20:08 | INFO     | t=14089.0: WAGON[W4380] → Added to retrofitted track retrofitted
15:20:08 | INFO     | t=14089.0: WAGON[W11518] → Added to retrofitted track retrofitted
15:20:08 | INFO     | t=14094.0: WORKSHOP[WS_02] → Released, notifying 1 waiting processes
15:20:08 | INFO     | t=14094.0: WORKSHOP → Workshop became available
15:20:08 | INFO     | t=14094.0: WORKSHOP[WS_02] → Selected for batch
15:20:08 | INFO     | t=14094.0: DISPATCHER → Hold override for retrofitted_to_parking (waited 252.0 min >= max 45.0 min)
15:20:08 | INFO     | t=14094.0: DISPATCHER → Hold override for collection_to_retrofit (waited 43.0 min >= max 30.0 min)
15:20:08 | INFO     | t=14094.0: DISPATCHER → Assigned loco LOCO_02 to collection_to_retrofit (waited 43.0 min, pending=1)
15:20:08 | INFO     | t=14094.0: DISPATCHER → Hold override for retrofitted_to_parking (waited 252.0 min >= max 45.0 min)
15:20:08 | INFO     | t=14094.0: WAGON[W2774] → Added to batch
15:20:08 | INFO     | t=14094.0: BATCH[W12116,W2774] → Formed 2 wagons for WS_02
15:20:08 | INFO     | t=14094.0: TRACK[retrofit] → Removed 2 wagons (46.4m freed)
15:20:08 | INFO     | t=14094.0: DISPATCHER → Task submitted: retrofit_to_workshop (pending=2)
15:20:08 | INFO     | EVENT_PUBLISHED: TrainArrivedEvent | train=T188 | time=14097.8
15:20:08 | INFO     | EVENT_HANDLING: TrainArrivedEvent -> RetrofitWorkshopContext._handle_train_arrived
15:20:08 | INFO     | EVENT_HANDLED: TrainArrivedEvent by RetrofitWorkshopContext._handle_train_arrived
15:20:08 | INFO     | t=14132.0: RAKE[W5872,W5395] → COUPLING at WS_01 (1 couplings, 0.5 min)
15:20:08 | INFO     | t=14132.5: LOCO → Allocating for pickup from WS_01
15:20:08 | INFO     | t=14132.5: DISPATCHER → Task submitted: workshop_to_retrofitted (pending=3)
15:20:08 | INFO     | t=14141.0: LOCO[LOCO_01] → DECOUPLING at retrofit (6.0 min)
15:20:08 | INFO     | t=14147.0: RAKE[W9046,W7791] → DECOUPLING at retrofit (1 couplings, 3.0 min)
15:20:08 | INFO     | t=14154.0: LOCO[LOCO_02] → TRAIN_PREP at collection (coupling + prep, 5.0 min)
15:20:08 | INFO     | t=14155.0: Batch size limited by retrofit capacity: 1 wagons (31.0m) fits, 18 waiting
15:20:08 | INFO     | t=14155.0: DISPATCHER → Hold override for retrofitted_to_parking (waited 313.0 min >= max 45.0 min)
15:20:08 | INFO     | t=14155.0: DISPATCHER → Assigned loco LOCO_01 to retrofit_to_workshop (waited 61.0 min, pending=2)
15:20:08 | INFO     | t=14155.0: DISPATCHER → Hold override for retrofitted_to_parking (waited 313.0 min >= max 45.0 min)
15:20:08 | INFO     | t=14155.0: COLLECTION → Reserving retrofit track capacity for 1 wagons
15:20:08 | INFO     | t=14155.0: RAKE[W12116,W2774] → COUPLING at retrofit (1 couplings, 2.0 min)
15:20:08 | INFO     | t=14155.0: COLLECTION → Capacity reserved, allocating locomotive
15:20:08 | INFO     | t=14155.0: DISPATCHER → Task submitted: collection_to_retrofit (pending=3)
15:20:08 | INFO     | t=14155.0: WAGON[W0698] → Retrieved from retrofit queue
15:20:08 | INFO     | t=14155.0: WORKSHOP → No workshop available, waiting...
15:20:08 | INFO     | t=14162.0: LOCO[LOCO_01] → COUPLING at retrofit (2.0 min)
15:20:08 | INFO     | t=14164.0: LOCO[LOCO_01] → SHUNTING_PREP at retrofit (1.0 min)
15:20:08 | INFO     | t=14170.0: LOCO[LOCO_01] → DECOUPLING at WS_02 (3.0 min)
15:20:08 | INFO     | t=14173.0: RAKE[W12116,W2774] → DECOUPLING at WS_02 (1 couplings, 3.0 min)
15:20:08 | INFO     | t=14176.0: WAGON[W12116] → RETROFIT_STARTED at WS_02
15:20:08 | INFO     | t=14176.0: WAGON[W2774] → RETROFIT_STARTED at WS_02
15:20:08 | INFO     | t=14181.0: DISPATCHER → Hold override for retrofitted_to_parking (waited 339.0 min >= max 45.0 min)
15:20:08 | INFO     | t=14181.0: DISPATCHER → Assigned loco LOCO_01 to retrofitted_to_parking (waited 339.0 min, pending=2)
15:20:08 | INFO     | t=14181.0: LOCO[LOCO_01] → Allocated for parking transport
15:20:08 | INFO     | t=14186.0: LOCO[LOCO_01] → TRAIN_PREP at retrofitted (coupling + prep, 3.0 min)
15:20:08 | INFO     | EVENT_PUBLISHED: TrainArrivedEvent | train=T189 | time=14205.2
15:20:08 | INFO     | EVENT_HANDLING: TrainArrivedEvent -> RetrofitWorkshopContext._handle_train_arrived
15:20:08 | INFO     | EVENT_HANDLED: TrainArrivedEvent by RetrofitWorkshopContext._handle_train_arrived
15:20:08 | INFO     | t=14219.0: LOCO[LOCO_02] → DECOUPLING at retrofit (6.0 min)
15:20:08 | INFO     | t=14225.0: RAKE[W3413,W8479] → DECOUPLING at retrofit (1 couplings, 3.0 min)
15:20:08 | INFO     | t=14233.0: Batch size limited by retrofit capacity: 1 wagons (14.3m) fits, 19 waiting
15:20:08 | INFO     | t=14233.0: DISPATCHER → Hold override for collection_to_retrofit (waited 78.0 min >= max 30.0 min)
15:20:08 | INFO     | t=14233.0: DISPATCHER → Assigned loco LOCO_02 to collection_to_retrofit (waited 78.0 min, pending=1)
15:20:08 | INFO     | t=14233.0: COLLECTION → Reserving retrofit track capacity for 1 wagons
15:20:08 | INFO     | t=14233.0: COLLECTION → Capacity reserved, allocating locomotive
15:20:08 | INFO     | t=14233.0: DISPATCHER → Task submitted: collection_to_retrofit (pending=2)
15:20:08 | INFO     | t=14236.0: RAKE[W12116,W2774] → COUPLING at WS_02 (1 couplings, 0.5 min)
15:20:08 | INFO     | t=14236.5: LOCO → Allocating for pickup from WS_02
15:20:08 | INFO     | t=14236.5: DISPATCHER → Task submitted: workshop_to_retrofitted (pending=3)
15:20:08 | INFO     | t=14264.0: LOCO[LOCO_01] → DECOUPLING at parking13 (2.0 min)
15:20:08 | INFO     | t=14266.0: RAKE[W5380,W5989,W5415,W6323] → DECOUPLING at parking13 (3 couplings, 1.5 min)
15:20:08 | INFO     | t=14293.0: LOCO[LOCO_02] → TRAIN_PREP at collection (coupling + prep, 3.0 min)
15:20:08 | INFO     | t=14327.5: LOCO[LOCO_01] → Releasing
15:20:08 | INFO     | t=14327.5: LOCO[LOCO_01] → Released
15:20:08 | INFO     | t=14327.5: PARKING → Got wagon W2910 from retrofitted
15:20:08 | INFO     | t=14327.5: DISPATCHER → Hold override for collection_to_retrofit (waited 94.5 min >= max 30.0 min)
15:20:08 | INFO     | t=14327.5: DISPATCHER → Assigned loco LOCO_01 to collection_to_retrofit (waited 94.5 min, pending=2)
15:20:08 | INFO     | t=14327.5: LOCO → Allocating for parking transport
15:20:08 | INFO     | t=14327.5: DISPATCHER → Task submitted: retrofitted_to_parking (pending=3)
15:20:08 | INFO     | t=14356.0: LOCO[LOCO_02] → DECOUPLING at retrofit (3.0 min)
15:20:08 | INFO     | t=14359.0: RAKE[W0023] → DECOUPLING at retrofit (0 couplings, 0.0 min)
15:20:08 | INFO     | t=14364.0: Batch size limited by retrofit capacity: 1 wagons (19.9m) fits, 19 waiting
15:20:08 | INFO     | t=14364.0: DISPATCHER → Assigned loco LOCO_02 to workshop_to_retrofitted (waited 231.5 min, pending=2)
15:20:08 | INFO     | t=14364.0: COLLECTION → Reserving retrofit track capacity for 1 wagons
15:20:08 | INFO     | t=14364.0: LOCO[LOCO_02] → Allocated for pickup
15:20:08 | INFO     | t=14371.0: LOCO[LOCO_02] → TRAIN_PREP completed at WS_01 (2.0 min)
15:20:08 | INFO     | EVENT_PUBLISHED: TrainArrivedEvent | train=T190 | time=14372.8
15:20:08 | INFO     | EVENT_HANDLING: TrainArrivedEvent -> RetrofitWorkshopContext._handle_train_arrived
15:20:08 | INFO     | EVENT_HANDLED: TrainArrivedEvent by RetrofitWorkshopContext._handle_train_arrived
15:20:08 | INFO     | t=14376.0: BATCH → Putting 2 wagons on retrofitted track retrofitted
15:20:08 | INFO     | t=14376.0: WAGON[W5872] → Added to retrofitted track retrofitted
15:20:08 | INFO     | t=14376.0: WAGON[W5395] → Added to retrofitted track retrofitted
15:20:08 | INFO     | t=14381.0: WORKSHOP[WS_01] → Released, notifying 1 waiting processes
15:20:08 | INFO     | t=14381.0: WORKSHOP → Workshop became available
15:20:08 | INFO     | t=14381.0: WORKSHOP[WS_01] → Selected for batch
15:20:08 | INFO     | t=14381.0: DISPATCHER → Hold override for retrofitted_to_parking (waited 53.5 min >= max 45.0 min)
15:20:08 | INFO     | t=14381.0: DISPATCHER → Assigned loco LOCO_02 to workshop_to_retrofitted (waited 144.5 min, pending=1)
15:20:08 | INFO     | t=14381.0: DISPATCHER → Hold override for retrofitted_to_parking (waited 53.5 min >= max 45.0 min)
15:20:08 | INFO     | t=14381.0: WAGON[W8339] → Added to batch
15:20:08 | INFO     | t=14381.0: BATCH[W0698,W8339] → Formed 2 wagons for WS_01
15:20:08 | INFO     | t=14381.0: LOCO[LOCO_02] → Allocated for pickup
15:20:08 | INFO     | t=14381.0: TRACK[retrofit] → Removed 2 wagons (38.6m freed)
15:20:08 | INFO     | t=14381.0: DISPATCHER → Task submitted: retrofit_to_workshop (pending=2)
15:20:08 | INFO     | t=14381.0: COLLECTION → Capacity reserved, allocating locomotive
15:20:08 | INFO     | t=14381.0: DISPATCHER → Task submitted: collection_to_retrofit (pending=3)
15:20:08 | INFO     | t=14387.5: LOCO[LOCO_01] → TRAIN_PREP at collection (coupling + prep, 3.0 min)
15:20:08 | INFO     | t=14388.0: LOCO[LOCO_02] → TRAIN_PREP completed at WS_02 (2.0 min)
15:20:08 | INFO     | t=14393.0: BATCH → Putting 2 wagons on retrofitted track retrofitted
15:20:08 | INFO     | t=14393.0: WAGON[W12116] → Added to retrofitted track retrofitted
15:20:08 | INFO     | t=14393.0: WAGON[W2774] → Added to retrofitted track retrofitted
15:20:08 | INFO     | t=14398.0: WORKSHOP[WS_02] → Released, notifying 0 waiting processes
15:20:08 | INFO     | t=14398.0: DISPATCHER → Hold override for retrofitted_to_parking (waited 70.5 min >= max 45.0 min)
15:20:08 | INFO     | t=14398.0: DISPATCHER → Assigned loco LOCO_02 to retrofit_to_workshop (waited 17.0 min, pending=2)
15:20:08 | INFO     | t=14398.0: DISPATCHER → Hold override for retrofitted_to_parking (waited 70.5 min >= max 45.0 min)
15:20:08 | INFO     | t=14398.0: RAKE[W0698,W8339] → COUPLING at retrofit (1 couplings, 2.0 min)
15:20:08 | INFO     | t=14398.0: WAGON[W12383] → Retrieved from retrofit queue
15:20:08 | INFO     | t=14398.0: WORKSHOP[WS_02] → Selected for batch
15:20:08 | INFO     | t=14398.0: WAGON[W8616] → Added to batch
15:20:08 | INFO     | t=14398.0: BATCH[W12383,W8616] → Formed 2 wagons for WS_02
15:20:08 | INFO     | t=14398.0: TRACK[retrofit] → Removed 2 wagons (42.8m freed)
15:20:08 | INFO     | t=14398.0: DISPATCHER → Task submitted: retrofit_to_workshop (pending=3)
15:20:08 | INFO     | SIMPY: Simulation completed at t=14400.0
15:20:08 | INFO     |  Simulation completed at t=14400.0
15:20:08 | INFO     | Event metrics: {'events_published': 190, 'events_processed': 190, 'handler_errors': 0, 'subscribers_count': 0, 'event_types_count': 0, 'error_rate': 0.0}
15:20:08 | INFO     |  Collecting results from all contexts
15:20:08 | INFO     | EVENT_PUBLISHED: SimulationEndedEvent | no_data
15:20:08 | WARNING  | EVENT_NO_SUBSCRIBERS: SimulationEndedEvent
15:20:08 | INFO     |  Simulation completed successfully for scenario priority_dispatch_scenario
