timestamp,datetime,locomotive_id,event_type,location,from_location,to_location,purpose,coupler_type,wagon_count,duration_min
360.0,2025-12-01T06:00:00+00:00,LOCO_01,MOVING,collection1,track_19,collection1,,,0,60.0
420.0,2025-12-01T07:00:00+00:00,LOCO_01,ALLOCATED,,,,batch_transport,,0,0.0
420.0,2025-12-01T07:00:00+00:00,LOCO_01,RAKE_COUPLING_STARTED,collection1,,,,SCREW,2,2.0
422.0,2025-12-01T07:02:00+00:00,LOCO_01,RAKE_COUPLING_COMPLETED,collection1,,,,SCREW,2,2.0
422.0,2025-12-01T07:02:00+00:00,LOCO_01,LOCO_COUPLING_STARTED,collection1,,,,SCREW,2,2.0
424.0,2025-12-01T07:04:00+00:00,LOCO_01,LOCO_COUPLING_COMPLETED,collection1,,,,SCREW,2,2.0
424.0,2025-12-01T07:04:00+00:00,LOCO_01,SHUNTING_PREP,collection1,,,,,2,1.0
425.0,2025-12-01T07:05:00+00:00,LOCO_01,MOVING,retrofit,collection1,retrofit,,,0,60.0
485.0,2025-12-01T08:05:00+00:00,LOCO_01,LOCO_DECOUPLING_STARTED,retrofit,,,,SCREW,2,3.0
488.0,2025-12-01T08:08:00+00:00,LOCO_01,LOCO_DECOUPLING_COMPLETED,retrofit,,,,SCREW,2,3.0
488.0,2025-12-01T08:08:00+00:00,LOCO_01,RAKE_DECOUPLING_STARTED,retrofit,,,,SCREW,2,3.0
491.0,2025-12-01T08:11:00+00:00,LOCO_01,RAKE_DECOUPLING_COMPLETED,retrofit,,,,SCREW,2,3.0
494.0,2025-12-01T08:14:00+00:00,LOCO_01,MOVING,track_19,retrofit,track_19,,,0,5.0
499.0,2025-12-01T08:19:00+00:00,LOCO_01,PARKING,,,,,,0,0.0
499.0,2025-12-01T08:19:00+00:00,LOCO_01,MOVING,collection1,track_19,collection1,,,0,60.0
559.0,2025-12-01T09:19:00+00:00,LOCO_01,ALLOCATED,,,,batch_transport,,0,0.0
559.0,2025-12-01T09:19:00+00:00,LOCO_01,RAKE_COUPLING_STARTED,collection1,,,,SCREW,2,2.0
561.0,2025-12-01T09:21:00+00:00,LOCO_01,RAKE_COUPLING_COMPLETED,collection1,,,,SCREW,2,2.0
561.0,2025-12-01T09:21:00+00:00,LOCO_01,LOCO_COUPLING_STARTED,collection1,,,,SCREW,2,2.0
563.0,2025-12-01T09:23:00+00:00,LOCO_01,LOCO_COUPLING_COMPLETED,collection1,,,,SCREW,2,2.0
563.0,2025-12-01T09:23:00+00:00,LOCO_01,SHUNTING_PREP,collection1,,,,,2,1.0
564.0,2025-12-01T09:24:00+00:00,LOCO_01,MOVING,retrofit,collection1,retrofit,,,0,60.0
624.0,2025-12-01T10:24:00+00:00,LOCO_01,LOCO_DECOUPLING_STARTED,retrofit,,,,SCREW,2,3.0
627.0,2025-12-01T10:27:00+00:00,LOCO_01,LOCO_DECOUPLING_COMPLETED,retrofit,,,,SCREW,2,3.0
627.0,2025-12-01T10:27:00+00:00,LOCO_01,RAKE_DECOUPLING_STARTED,retrofit,,,,SCREW,2,3.0
630.0,2025-12-01T10:30:00+00:00,LOCO_01,RAKE_DECOUPLING_COMPLETED,retrofit,,,,SCREW,2,3.0
633.0,2025-12-01T10:33:00+00:00,LOCO_01,MOVING,track_19,retrofit,track_19,,,0,5.0
638.0,2025-12-01T10:38:00+00:00,LOCO_01,PARKING,,,,,,0,2.0
640.0,2025-12-01T10:40:00+00:00,LOCO_01,MOVING,retrofit,track_19,retrofit,,,0,5.0
645.0,2025-12-01T10:45:00+00:00,LOCO_01,COUPLING_STARTED,retrofit,,,,SCREW,0,2.0
647.0,2025-12-01T10:47:00+00:00,LOCO_01,COUPLING_COMPLETED,retrofit,,,,SCREW,0,2.0
647.0,2025-12-01T10:47:00+00:00,LOCO_01,SHUNTING_PREP,retrofit,,,,,0,1.0
648.0,2025-12-01T10:48:00+00:00,LOCO_01,MOVING,WS_01,retrofit,WS_01,,,0,5.0
653.0,2025-12-01T10:53:00+00:00,LOCO_01,DECOUPLING_STARTED,WS_01,,,,SCREW,0,3.0
656.0,2025-12-01T10:56:00+00:00,LOCO_01,DECOUPLING_COMPLETED,WS_01,,,,SCREW,0,3.0
659.0,2025-12-01T10:59:00+00:00,LOCO_01,MOVING,track_19,WS_01,track_19,,,0,5.0
664.0,2025-12-01T11:04:00+00:00,LOCO_01,MOVING,collection1,track_19,collection1,,,0,60.0
724.0,2025-12-01T12:04:00+00:00,LOCO_01,ALLOCATED,,,,batch_transport,,0,0.0
724.0,2025-12-01T12:04:00+00:00,LOCO_01,RAKE_COUPLING_STARTED,collection1,,,,SCREW,4,6.0
730.0,2025-12-01T12:10:00+00:00,LOCO_01,RAKE_COUPLING_COMPLETED,collection1,,,,SCREW,4,6.0
730.0,2025-12-01T12:10:00+00:00,LOCO_01,LOCO_COUPLING_STARTED,collection1,,,,SCREW,4,2.0
732.0,2025-12-01T12:12:00+00:00,LOCO_01,LOCO_COUPLING_COMPLETED,collection1,,,,SCREW,4,2.0
732.0,2025-12-01T12:12:00+00:00,LOCO_01,SHUNTING_PREP,collection1,,,,,4,1.0
733.0,2025-12-01T12:13:00+00:00,LOCO_01,MOVING,retrofit,collection1,retrofit,,,0,60.0
793.0,2025-12-01T13:13:00+00:00,LOCO_01,LOCO_DECOUPLING_STARTED,retrofit,,,,SCREW,4,3.0
796.0,2025-12-01T13:16:00+00:00,LOCO_01,LOCO_DECOUPLING_COMPLETED,retrofit,,,,SCREW,4,3.0
796.0,2025-12-01T13:16:00+00:00,LOCO_01,RAKE_DECOUPLING_STARTED,retrofit,,,,SCREW,4,9.0
805.0,2025-12-01T13:25:00+00:00,LOCO_01,RAKE_DECOUPLING_COMPLETED,retrofit,,,,SCREW,4,9.0
814.0,2025-12-01T13:34:00+00:00,LOCO_01,MOVING,track_19,retrofit,track_19,,,0,5.0
819.0,2025-12-01T13:39:00+00:00,LOCO_01,PARKING,,,,,,0,2.0
821.0,2025-12-01T13:41:00+00:00,LOCO_01,MOVING,retrofit,track_19,retrofit,,,0,5.0
826.0,2025-12-01T13:46:00+00:00,LOCO_01,COUPLING_STARTED,retrofit,,,,SCREW,0,2.0
828.0,2025-12-01T13:48:00+00:00,LOCO_01,COUPLING_COMPLETED,retrofit,,,,SCREW,0,2.0
828.0,2025-12-01T13:48:00+00:00,LOCO_01,SHUNTING_PREP,retrofit,,,,,0,1.0
829.0,2025-12-01T13:49:00+00:00,LOCO_01,MOVING,WS_02,retrofit,WS_02,,,0,5.0
834.0,2025-12-01T13:54:00+00:00,LOCO_01,DECOUPLING_STARTED,WS_02,,,,SCREW,0,3.0
837.0,2025-12-01T13:57:00+00:00,LOCO_01,DECOUPLING_COMPLETED,WS_02,,,,SCREW,0,3.0
840.0,2025-12-01T14:00:00+00:00,LOCO_01,MOVING,track_19,WS_02,track_19,,,0,9.0
849.0,2025-12-01T14:09:00+00:00,LOCO_01,MOVING,collection1,track_19,collection1,,,0,60.0
909.0,2025-12-01T15:09:00+00:00,LOCO_01,ALLOCATED,,,,batch_transport,,0,0.0
909.0,2025-12-01T15:09:00+00:00,LOCO_01,RAKE_COUPLING_STARTED,collection1,,,,SCREW,16,30.0
939.0,2025-12-01T15:39:00+00:00,LOCO_01,RAKE_COUPLING_COMPLETED,collection1,,,,SCREW,16,30.0
939.0,2025-12-01T15:39:00+00:00,LOCO_01,LOCO_COUPLING_STARTED,collection1,,,,SCREW,16,2.0
941.0,2025-12-01T15:41:00+00:00,LOCO_01,LOCO_COUPLING_COMPLETED,collection1,,,,SCREW,16,2.0
941.0,2025-12-01T15:41:00+00:00,LOCO_01,SHUNTING_PREP,collection1,,,,,16,1.0
942.0,2025-12-01T15:42:00+00:00,LOCO_01,MOVING,retrofit,collection1,retrofit,,,0,60.0
1002.0,2025-12-01T16:42:00+00:00,LOCO_01,LOCO_DECOUPLING_STARTED,retrofit,,,,SCREW,16,3.0
1005.0,2025-12-01T16:45:00+00:00,LOCO_01,LOCO_DECOUPLING_COMPLETED,retrofit,,,,SCREW,16,3.0
1005.0,2025-12-01T16:45:00+00:00,LOCO_01,RAKE_DECOUPLING_STARTED,retrofit,,,,SCREW,16,45.0
1050.0,2025-12-01T17:30:00+00:00,LOCO_01,RAKE_DECOUPLING_COMPLETED,retrofit,,,,SCREW,16,45.0
1095.0,2025-12-01T18:15:00+00:00,LOCO_01,MOVING,track_19,retrofit,track_19,,,0,5.0
1100.0,2025-12-01T18:20:00+00:00,LOCO_01,PARKING,,,,,,0,0.0
1100.0,2025-12-01T18:20:00+00:00,LOCO_01,ALLOCATED,,,,batch_transport,,0,0.0
1100.0,2025-12-01T18:20:00+00:00,LOCO_01,MOVING,retrofitted,track_19,retrofitted,,,0,5.0
1105.0,2025-12-01T18:25:00+00:00,LOCO_01,RAKE_COUPLING_STARTED,retrofitted,,,,DAC,2,0.5
1105.5,2025-12-01T18:25:30+00:00,LOCO_01,RAKE_COUPLING_COMPLETED,retrofitted,,,,DAC,2,0.5
1105.5,2025-12-01T18:25:30+00:00,LOCO_01,LOCO_COUPLING_STARTED,retrofitted,,,,DAC,2,0.5
1106.0,2025-12-01T18:26:00+00:00,LOCO_01,LOCO_COUPLING_COMPLETED,retrofitted,,,,DAC,2,0.5
1106.0,2025-12-01T18:26:00+00:00,LOCO_01,SHUNTING_PREP,retrofitted,,,,,2,1.0
1107.0,2025-12-01T18:27:00+00:00,LOCO_01,MOVING,parking16,retrofitted,parking16,,,0,120.0
1227.0,2025-12-01T20:27:00+00:00,LOCO_01,LOCO_DECOUPLING_STARTED,parking16,,,,DAC,2,0.5
1227.5,2025-12-01T20:27:30+00:00,LOCO_01,LOCO_DECOUPLING_COMPLETED,parking16,,,,DAC,2,0.5
1227.5,2025-12-01T20:27:30+00:00,LOCO_01,RAKE_DECOUPLING_STARTED,parking16,,,,DAC,2,0.5
1228.0,2025-12-01T20:28:00+00:00,LOCO_01,RAKE_DECOUPLING_COMPLETED,parking16,,,,DAC,2,0.5
1228.5,2025-12-01T20:28:30+00:00,LOCO_01,MOVING,track_19,parking16,track_19,,,0,60.0
1288.5,2025-12-01T21:28:30+00:00,LOCO_01,MOVING,WS_01,track_19,WS_01,,,0,5.0
1293.5,2025-12-01T21:33:30+00:00,LOCO_01,RAKE_COUPLING_STARTED,WS_01,,,,DAC,2,0.5
1294.0,2025-12-01T21:34:00+00:00,LOCO_01,RAKE_COUPLING_COMPLETED,WS_01,,,,DAC,2,0.5
1294.0,2025-12-01T21:34:00+00:00,LOCO_01,LOCO_COUPLING_STARTED,WS_01,,,,DAC,2,0.5
1294.5,2025-12-01T21:34:30+00:00,LOCO_01,LOCO_COUPLING_COMPLETED,WS_01,,,,DAC,2,0.5
1294.5,2025-12-01T21:34:30+00:00,LOCO_01,SHUNTING_PREP,WS_01,,,,,2,1.0
1295.5,2025-12-01T21:35:30+00:00,LOCO_01,MOVING,retrofitted,WS_01,retrofitted,,,0,5.0
1300.5,2025-12-01T21:40:30+00:00,LOCO_01,MOVING,track_19,retrofitted,track_19,,,0,5.0
1305.5,2025-12-01T21:45:30+00:00,LOCO_01,ALLOCATED,,,,batch_transport,,0,0.0
1305.5,2025-12-01T21:45:30+00:00,LOCO_01,MOVING,retrofitted,track_19,retrofitted,,,0,5.0
1310.5,2025-12-01T21:50:30+00:00,LOCO_01,RAKE_COUPLING_STARTED,retrofitted,,,,DAC,2,0.5
1311.0,2025-12-01T21:51:00+00:00,LOCO_01,RAKE_COUPLING_COMPLETED,retrofitted,,,,DAC,2,0.5
1311.0,2025-12-01T21:51:00+00:00,LOCO_01,LOCO_COUPLING_STARTED,retrofitted,,,,DAC,2,0.5
1311.5,2025-12-01T21:51:30+00:00,LOCO_01,LOCO_COUPLING_COMPLETED,retrofitted,,,,DAC,2,0.5
1311.5,2025-12-01T21:51:30+00:00,LOCO_01,SHUNTING_PREP,retrofitted,,,,,2,1.0
1312.5,2025-12-01T21:52:30+00:00,LOCO_01,MOVING,parking16,retrofitted,parking16,,,0,120.0
1432.5,2025-12-01T23:52:30+00:00,LOCO_01,LOCO_DECOUPLING_STARTED,parking16,,,,DAC,2,0.5
1433.0,2025-12-01T23:53:00+00:00,LOCO_01,LOCO_DECOUPLING_COMPLETED,parking16,,,,DAC,2,0.5
1433.0,2025-12-01T23:53:00+00:00,LOCO_01,RAKE_DECOUPLING_STARTED,parking16,,,,DAC,2,0.5
1433.5,2025-12-01T23:53:30+00:00,LOCO_01,RAKE_DECOUPLING_COMPLETED,parking16,,,,DAC,2,0.5
1434.0,2025-12-01T23:54:00+00:00,LOCO_01,MOVING,track_19,parking16,track_19,,,0,60.0
1494.0,2025-12-02T00:54:00+00:00,LOCO_01,MOVING,WS_01,track_19,WS_01,,,0,5.0
1499.0,2025-12-02T00:59:00+00:00,LOCO_01,RAKE_COUPLING_STARTED,WS_01,,,,DAC,2,0.5
1499.5,2025-12-02T00:59:30+00:00,LOCO_01,RAKE_COUPLING_COMPLETED,WS_01,,,,DAC,2,0.5
1499.5,2025-12-02T00:59:30+00:00,LOCO_01,LOCO_COUPLING_STARTED,WS_01,,,,DAC,2,0.5
1500.0,2025-12-02T01:00:00+00:00,LOCO_01,LOCO_COUPLING_COMPLETED,WS_01,,,,DAC,2,0.5
1500.0,2025-12-02T01:00:00+00:00,LOCO_01,SHUNTING_PREP,WS_01,,,,,2,1.0
1501.0,2025-12-02T01:01:00+00:00,LOCO_01,MOVING,retrofitted,WS_01,retrofitted,,,0,5.0
1506.0,2025-12-02T01:06:00+00:00,LOCO_01,MOVING,track_19,retrofitted,track_19,,,0,5.0
1511.0,2025-12-02T01:11:00+00:00,LOCO_01,ALLOCATED,,,,batch_transport,,0,0.0
1511.0,2025-12-02T01:11:00+00:00,LOCO_01,MOVING,retrofitted,track_19,retrofitted,,,0,5.0
1516.0,2025-12-02T01:16:00+00:00,LOCO_01,RAKE_COUPLING_STARTED,retrofitted,,,,DAC,4,1.5
1517.5,2025-12-02T01:17:30+00:00,LOCO_01,RAKE_COUPLING_COMPLETED,retrofitted,,,,DAC,4,1.5
1517.5,2025-12-02T01:17:30+00:00,LOCO_01,LOCO_COUPLING_STARTED,retrofitted,,,,DAC,4,0.5
1518.0,2025-12-02T01:18:00+00:00,LOCO_01,LOCO_COUPLING_COMPLETED,retrofitted,,,,DAC,4,0.5
1518.0,2025-12-02T01:18:00+00:00,LOCO_01,SHUNTING_PREP,retrofitted,,,,,4,1.0
1519.0,2025-12-02T01:19:00+00:00,LOCO_01,MOVING,parking16,retrofitted,parking16,,,0,120.0
1639.0,2025-12-02T03:19:00+00:00,LOCO_01,LOCO_DECOUPLING_STARTED,parking16,,,,DAC,4,0.5
1639.5,2025-12-02T03:19:30+00:00,LOCO_01,LOCO_DECOUPLING_COMPLETED,parking16,,,,DAC,4,0.5
1639.5,2025-12-02T03:19:30+00:00,LOCO_01,RAKE_DECOUPLING_STARTED,parking16,,,,DAC,4,1.5
1641.0,2025-12-02T03:21:00+00:00,LOCO_01,RAKE_DECOUPLING_COMPLETED,parking16,,,,DAC,4,1.5
1642.5,2025-12-02T03:22:30+00:00,LOCO_01,MOVING,track_19,parking16,track_19,,,0,60.0
1702.5,2025-12-02T04:22:30+00:00,LOCO_01,MOVING,collection2,track_19,collection2,,,0,60.0
1762.5,2025-12-02T05:22:30+00:00,LOCO_01,ALLOCATED,,,,batch_transport,,0,0.0
1762.5,2025-12-02T05:22:30+00:00,LOCO_01,LOCO_COUPLING_STARTED,collection2,,,,SCREW,1,2.0
1764.5,2025-12-02T05:24:30+00:00,LOCO_01,LOCO_COUPLING_COMPLETED,collection2,,,,SCREW,1,2.0
1764.5,2025-12-02T05:24:30+00:00,LOCO_01,SHUNTING_PREP,collection2,,,,,1,1.0
1765.5,2025-12-02T05:25:30+00:00,LOCO_01,MOVING,retrofit,collection2,retrofit,,,0,60.0
1825.5,2025-12-02T06:25:30+00:00,LOCO_01,LOCO_DECOUPLING_STARTED,retrofit,,,,SCREW,1,3.0
1828.5,2025-12-02T06:28:30+00:00,LOCO_01,MOVING,track_19,retrofit,track_19,,,0,0.0
1828.5,2025-12-02T06:28:30+00:00,LOCO_01,LOCO_DECOUPLING_COMPLETED,retrofit,,,,SCREW,1,3.0
1833.5,2025-12-02T06:33:30+00:00,LOCO_01,PARKING,,,,,,0,0.0
1833.5,2025-12-02T06:33:30+00:00,LOCO_01,MOVING,WS_01,track_19,WS_01,,,0,5.0
1838.5,2025-12-02T06:38:30+00:00,LOCO_01,RAKE_COUPLING_STARTED,WS_01,,,,DAC,2,0.5
1839.0,2025-12-02T06:39:00+00:00,LOCO_01,RAKE_COUPLING_COMPLETED,WS_01,,,,DAC,2,0.5
1839.0,2025-12-02T06:39:00+00:00,LOCO_01,LOCO_COUPLING_STARTED,WS_01,,,,DAC,2,0.5
1839.5,2025-12-02T06:39:30+00:00,LOCO_01,LOCO_COUPLING_COMPLETED,WS_01,,,,DAC,2,0.5
1839.5,2025-12-02T06:39:30+00:00,LOCO_01,SHUNTING_PREP,WS_01,,,,,2,1.0
1840.5,2025-12-02T06:40:30+00:00,LOCO_01,MOVING,retrofitted,WS_01,retrofitted,,,0,5.0
1845.5,2025-12-02T06:45:30+00:00,LOCO_01,MOVING,track_19,retrofitted,track_19,,,0,5.0
1850.5,2025-12-02T06:50:30+00:00,LOCO_01,ALLOCATED,,,,batch_transport,,0,0.0
1850.5,2025-12-02T06:50:30+00:00,LOCO_01,MOVING,retrofitted,track_19,retrofitted,,,0,5.0
1855.5,2025-12-02T06:55:30+00:00,LOCO_01,RAKE_COUPLING_STARTED,retrofitted,,,,DAC,4,1.5
1857.0,2025-12-02T06:57:00+00:00,LOCO_01,RAKE_COUPLING_COMPLETED,retrofitted,,,,DAC,4,1.5
1857.0,2025-12-02T06:57:00+00:00,LOCO_01,LOCO_COUPLING_STARTED,retrofitted,,,,DAC,4,0.5
1857.5,2025-12-02T06:57:30+00:00,LOCO_01,LOCO_COUPLING_COMPLETED,retrofitted,,,,DAC,4,0.5
1857.5,2025-12-02T06:57:30+00:00,LOCO_01,SHUNTING_PREP,retrofitted,,,,,4,1.0
1858.5,2025-12-02T06:58:30+00:00,LOCO_01,MOVING,parking16,retrofitted,parking16,,,0,120.0
1978.5,2025-12-02T08:58:30+00:00,LOCO_01,LOCO_DECOUPLING_STARTED,parking16,,,,DAC,4,0.5
1979.0,2025-12-02T08:59:00+00:00,LOCO_01,LOCO_DECOUPLING_COMPLETED,parking16,,,,DAC,4,0.5
1979.0,2025-12-02T08:59:00+00:00,LOCO_01,RAKE_DECOUPLING_STARTED,parking16,,,,DAC,4,1.5
1980.5,2025-12-02T09:00:30+00:00,LOCO_01,RAKE_DECOUPLING_COMPLETED,parking16,,,,DAC,4,1.5
1982.0,2025-12-02T09:02:00+00:00,LOCO_01,MOVING,track_19,parking16,track_19,,,0,60.0
2042.0,2025-12-02T10:02:00+00:00,LOCO_01,MOVING,WS_02,track_19,WS_02,,,0,5.0
2047.0,2025-12-02T10:07:00+00:00,LOCO_01,RAKE_COUPLING_STARTED,WS_02,,,,DAC,2,0.5
2047.5,2025-12-02T10:07:30+00:00,LOCO_01,RAKE_COUPLING_COMPLETED,WS_02,,,,DAC,2,0.5
2047.5,2025-12-02T10:07:30+00:00,LOCO_01,LOCO_COUPLING_STARTED,WS_02,,,,DAC,2,0.5
2048.0,2025-12-02T10:08:00+00:00,LOCO_01,LOCO_COUPLING_COMPLETED,WS_02,,,,DAC,2,0.5
2048.0,2025-12-02T10:08:00+00:00,LOCO_01,SHUNTING_PREP,WS_02,,,,,2,1.0
2049.0,2025-12-02T10:09:00+00:00,LOCO_01,MOVING,retrofitted,WS_02,retrofitted,,,0,5.0
2054.0,2025-12-02T10:14:00+00:00,LOCO_01,MOVING,track_19,retrofitted,track_19,,,0,5.0
2059.0,2025-12-02T10:19:00+00:00,LOCO_01,MOVING,collection1,track_19,collection1,,,0,60.0
2119.0,2025-12-02T11:19:00+00:00,LOCO_01,ALLOCATED,,,,batch_transport,,0,0.0
2119.0,2025-12-02T11:19:00+00:00,LOCO_01,LOCO_COUPLING_STARTED,collection1,,,,SCREW,1,2.0
2121.0,2025-12-02T11:21:00+00:00,LOCO_01,LOCO_COUPLING_COMPLETED,collection1,,,,SCREW,1,2.0
2121.0,2025-12-02T11:21:00+00:00,LOCO_01,SHUNTING_PREP,collection1,,,,,1,1.0
2122.0,2025-12-02T11:22:00+00:00,LOCO_01,MOVING,retrofit,collection1,retrofit,,,0,60.0
2182.0,2025-12-02T12:22:00+00:00,LOCO_01,LOCO_DECOUPLING_STARTED,retrofit,,,,SCREW,1,3.0
2185.0,2025-12-02T12:25:00+00:00,LOCO_01,MOVING,track_19,retrofit,track_19,,,0,0.0
2185.0,2025-12-02T12:25:00+00:00,LOCO_01,LOCO_DECOUPLING_COMPLETED,retrofit,,,,SCREW,1,3.0
2190.0,2025-12-02T12:30:00+00:00,LOCO_01,PARKING,,,,,,0,2.0
2192.0,2025-12-02T12:32:00+00:00,LOCO_01,MOVING,retrofit,track_19,retrofit,,,0,5.0
2197.0,2025-12-02T12:37:00+00:00,LOCO_01,COUPLING_STARTED,retrofit,,,,SCREW,0,2.0
2199.0,2025-12-02T12:39:00+00:00,LOCO_01,COUPLING_COMPLETED,retrofit,,,,SCREW,0,2.0
2199.0,2025-12-02T12:39:00+00:00,LOCO_01,SHUNTING_PREP,retrofit,,,,,0,1.0
2200.0,2025-12-02T12:40:00+00:00,LOCO_01,MOVING,WS_01,retrofit,WS_01,,,0,5.0
2205.0,2025-12-02T12:45:00+00:00,LOCO_01,DECOUPLING_STARTED,WS_01,,,,SCREW,0,3.0
2208.0,2025-12-02T12:48:00+00:00,LOCO_01,DECOUPLING_COMPLETED,WS_01,,,,SCREW,0,3.0
2211.0,2025-12-02T12:51:00+00:00,LOCO_01,MOVING,track_19,WS_01,track_19,,,0,5.0
2216.0,2025-12-02T12:56:00+00:00,LOCO_01,ALLOCATED,,,,batch_transport,,0,0.0
2216.0,2025-12-02T12:56:00+00:00,LOCO_01,MOVING,retrofitted,track_19,retrofitted,,,0,5.0
2221.0,2025-12-02T13:01:00+00:00,LOCO_01,RAKE_COUPLING_STARTED,retrofitted,,,,DAC,6,2.5
2223.5,2025-12-02T13:03:30+00:00,LOCO_01,RAKE_COUPLING_COMPLETED,retrofitted,,,,DAC,6,2.5
2223.5,2025-12-02T13:03:30+00:00,LOCO_01,LOCO_COUPLING_STARTED,retrofitted,,,,DAC,6,0.5
2224.0,2025-12-02T13:04:00+00:00,LOCO_01,LOCO_COUPLING_COMPLETED,retrofitted,,,,DAC,6,0.5
2224.0,2025-12-02T13:04:00+00:00,LOCO_01,SHUNTING_PREP,retrofitted,,,,,6,1.0
2225.0,2025-12-02T13:05:00+00:00,LOCO_01,MOVING,parking16,retrofitted,parking16,,,0,120.0
2345.0,2025-12-02T15:05:00+00:00,LOCO_01,LOCO_DECOUPLING_STARTED,parking16,,,,DAC,6,0.5
2345.5,2025-12-02T15:05:30+00:00,LOCO_01,LOCO_DECOUPLING_COMPLETED,parking16,,,,DAC,6,0.5
2345.5,2025-12-02T15:05:30+00:00,LOCO_01,RAKE_DECOUPLING_STARTED,parking16,,,,DAC,6,2.5
2348.0,2025-12-02T15:08:00+00:00,LOCO_01,RAKE_DECOUPLING_COMPLETED,parking16,,,,DAC,6,2.5
2350.5,2025-12-02T15:10:30+00:00,LOCO_01,MOVING,track_19,parking16,track_19,,,0,60.0
2410.5,2025-12-02T16:10:30+00:00,LOCO_01,MOVING,WS_02,track_19,WS_02,,,0,5.0
2415.5,2025-12-02T16:15:30+00:00,LOCO_01,RAKE_COUPLING_STARTED,WS_02,,,,DAC,2,0.5
2416.0,2025-12-02T16:16:00+00:00,LOCO_01,RAKE_COUPLING_COMPLETED,WS_02,,,,DAC,2,0.5
2416.0,2025-12-02T16:16:00+00:00,LOCO_01,LOCO_COUPLING_STARTED,WS_02,,,,DAC,2,0.5
2416.5,2025-12-02T16:16:30+00:00,LOCO_01,LOCO_COUPLING_COMPLETED,WS_02,,,,DAC,2,0.5
2416.5,2025-12-02T16:16:30+00:00,LOCO_01,SHUNTING_PREP,WS_02,,,,,2,1.0
2417.5,2025-12-02T16:17:30+00:00,LOCO_01,MOVING,retrofitted,WS_02,retrofitted,,,0,5.0
2422.5,2025-12-02T16:22:30+00:00,LOCO_01,MOVING,track_19,retrofitted,track_19,,,0,5.0
2427.5,2025-12-02T16:27:30+00:00,LOCO_01,MOVING,WS_01,track_19,WS_01,,,0,5.0
2432.5,2025-12-02T16:32:30+00:00,LOCO_01,RAKE_COUPLING_STARTED,WS_01,,,,DAC,2,0.5
2433.0,2025-12-02T16:33:00+00:00,LOCO_01,RAKE_COUPLING_COMPLETED,WS_01,,,,DAC,2,0.5
2433.0,2025-12-02T16:33:00+00:00,LOCO_01,LOCO_COUPLING_STARTED,WS_01,,,,DAC,2,0.5
2433.5,2025-12-02T16:33:30+00:00,LOCO_01,LOCO_COUPLING_COMPLETED,WS_01,,,,DAC,2,0.5
2433.5,2025-12-02T16:33:30+00:00,LOCO_01,SHUNTING_PREP,WS_01,,,,,2,1.0
2434.5,2025-12-02T16:34:30+00:00,LOCO_01,MOVING,retrofitted,WS_01,retrofitted,,,0,5.0
2439.5,2025-12-02T16:39:30+00:00,LOCO_01,MOVING,track_19,retrofitted,track_19,,,0,5.0
2444.5,2025-12-02T16:44:30+00:00,LOCO_01,ALLOCATED,,,,batch_transport,,0,0.0
2444.5,2025-12-02T16:44:30+00:00,LOCO_01,MOVING,retrofitted,track_19,retrofitted,,,0,5.0
2449.5,2025-12-02T16:49:30+00:00,LOCO_01,RAKE_COUPLING_STARTED,retrofitted,,,,DAC,4,1.5
2451.0,2025-12-02T16:51:00+00:00,LOCO_01,RAKE_COUPLING_COMPLETED,retrofitted,,,,DAC,4,1.5
2451.0,2025-12-02T16:51:00+00:00,LOCO_01,LOCO_COUPLING_STARTED,retrofitted,,,,DAC,4,0.5
2451.5,2025-12-02T16:51:30+00:00,LOCO_01,LOCO_COUPLING_COMPLETED,retrofitted,,,,DAC,4,0.5
2451.5,2025-12-02T16:51:30+00:00,LOCO_01,SHUNTING_PREP,retrofitted,,,,,4,1.0
2452.5,2025-12-02T16:52:30+00:00,LOCO_01,MOVING,parking16,retrofitted,parking16,,,0,120.0
2572.5,2025-12-02T18:52:30+00:00,LOCO_01,LOCO_DECOUPLING_STARTED,parking16,,,,DAC,4,0.5
2573.0,2025-12-02T18:53:00+00:00,LOCO_01,LOCO_DECOUPLING_COMPLETED,parking16,,,,DAC,4,0.5
2573.0,2025-12-02T18:53:00+00:00,LOCO_01,RAKE_DECOUPLING_STARTED,parking16,,,,DAC,4,1.5
2574.5,2025-12-02T18:54:30+00:00,LOCO_01,RAKE_DECOUPLING_COMPLETED,parking16,,,,DAC,4,1.5
2576.0,2025-12-02T18:56:00+00:00,LOCO_01,MOVING,track_19,parking16,track_19,,,0,62.0
2638.0,2025-12-02T19:58:00+00:00,LOCO_01,MOVING,retrofit,track_19,retrofit,,,0,5.0
2643.0,2025-12-02T20:03:00+00:00,LOCO_01,COUPLING_STARTED,retrofit,,,,SCREW,0,2.0
2645.0,2025-12-02T20:05:00+00:00,LOCO_01,COUPLING_COMPLETED,retrofit,,,,SCREW,0,2.0
2645.0,2025-12-02T20:05:00+00:00,LOCO_01,SHUNTING_PREP,retrofit,,,,,0,1.0
2646.0,2025-12-02T20:06:00+00:00,LOCO_01,MOVING,WS_01,retrofit,WS_01,,,0,5.0
2651.0,2025-12-02T20:11:00+00:00,LOCO_01,DECOUPLING_STARTED,WS_01,,,,SCREW,0,3.0
2654.0,2025-12-02T20:14:00+00:00,LOCO_01,DECOUPLING_COMPLETED,WS_01,,,,SCREW,0,3.0
2657.0,2025-12-02T20:17:00+00:00,LOCO_01,MOVING,track_19,WS_01,track_19,,,0,5.0
2662.0,2025-12-02T20:22:00+00:00,LOCO_01,MOVING,collection2,track_19,collection2,,,0,60.0
2722.0,2025-12-02T21:22:00+00:00,LOCO_01,ALLOCATED,,,,batch_transport,,0,0.0
2722.0,2025-12-02T21:22:00+00:00,LOCO_01,RAKE_COUPLING_STARTED,collection2,,,,SCREW,3,4.0
2726.0,2025-12-02T21:26:00+00:00,LOCO_01,RAKE_COUPLING_COMPLETED,collection2,,,,SCREW,3,4.0
2726.0,2025-12-02T21:26:00+00:00,LOCO_01,LOCO_COUPLING_STARTED,collection2,,,,SCREW,3,2.0
2728.0,2025-12-02T21:28:00+00:00,LOCO_01,LOCO_COUPLING_COMPLETED,collection2,,,,SCREW,3,2.0
2728.0,2025-12-02T21:28:00+00:00,LOCO_01,SHUNTING_PREP,collection2,,,,,3,1.0
2729.0,2025-12-02T21:29:00+00:00,LOCO_01,MOVING,retrofit,collection2,retrofit,,,0,60.0
2789.0,2025-12-02T22:29:00+00:00,LOCO_01,LOCO_DECOUPLING_STARTED,retrofit,,,,SCREW,3,3.0
2792.0,2025-12-02T22:32:00+00:00,LOCO_01,LOCO_DECOUPLING_COMPLETED,retrofit,,,,SCREW,3,3.0
2792.0,2025-12-02T22:32:00+00:00,LOCO_01,RAKE_DECOUPLING_STARTED,retrofit,,,,SCREW,3,6.0
2798.0,2025-12-02T22:38:00+00:00,LOCO_01,RAKE_DECOUPLING_COMPLETED,retrofit,,,,SCREW,3,6.0
2804.0,2025-12-02T22:44:00+00:00,LOCO_01,MOVING,track_19,retrofit,track_19,,,0,5.0
2809.0,2025-12-02T22:49:00+00:00,LOCO_01,PARKING,,,,,,0,2.0
2811.0,2025-12-02T22:51:00+00:00,LOCO_01,MOVING,retrofit,track_19,retrofit,,,0,5.0
2816.0,2025-12-02T22:56:00+00:00,LOCO_01,COUPLING_STARTED,retrofit,,,,SCREW,0,2.0
2818.0,2025-12-02T22:58:00+00:00,LOCO_01,COUPLING_COMPLETED,retrofit,,,,SCREW,0,2.0
2818.0,2025-12-02T22:58:00+00:00,LOCO_01,SHUNTING_PREP,retrofit,,,,,0,1.0
2819.0,2025-12-02T22:59:00+00:00,LOCO_01,MOVING,WS_01,retrofit,WS_01,,,0,5.0
2824.0,2025-12-02T23:04:00+00:00,LOCO_01,DECOUPLING_STARTED,WS_01,,,,SCREW,0,3.0
2827.0,2025-12-02T23:07:00+00:00,LOCO_01,DECOUPLING_COMPLETED,WS_01,,,,SCREW,0,3.0
2830.0,2025-12-02T23:10:00+00:00,LOCO_01,MOVING,track_19,WS_01,track_19,,,0,5.0
2835.0,2025-12-02T23:15:00+00:00,LOCO_01,ALLOCATED,,,,batch_transport,,0,0.0
2835.0,2025-12-02T23:15:00+00:00,LOCO_01,MOVING,retrofitted,track_19,retrofitted,,,0,5.0
2840.0,2025-12-02T23:20:00+00:00,LOCO_01,RAKE_COUPLING_STARTED,retrofitted,,,,DAC,4,1.5
2841.5,2025-12-02T23:21:30+00:00,LOCO_01,RAKE_COUPLING_COMPLETED,retrofitted,,,,DAC,4,1.5
2841.5,2025-12-02T23:21:30+00:00,LOCO_01,LOCO_COUPLING_STARTED,retrofitted,,,,DAC,4,0.5
2842.0,2025-12-02T23:22:00+00:00,LOCO_01,LOCO_COUPLING_COMPLETED,retrofitted,,,,DAC,4,0.5
2842.0,2025-12-02T23:22:00+00:00,LOCO_01,SHUNTING_PREP,retrofitted,,,,,4,1.0
2843.0,2025-12-02T23:23:00+00:00,LOCO_01,MOVING,parking16,retrofitted,parking16,,,0,120.0
2963.0,2025-12-03T01:23:00+00:00,LOCO_01,LOCO_DECOUPLING_STARTED,parking16,,,,DAC,4,0.5
2963.5,2025-12-03T01:23:30+00:00,LOCO_01,LOCO_DECOUPLING_COMPLETED,parking16,,,,DAC,4,0.5
2963.5,2025-12-03T01:23:30+00:00,LOCO_01,RAKE_DECOUPLING_STARTED,parking16,,,,DAC,4,1.5
2965.0,2025-12-03T01:25:00+00:00,LOCO_01,RAKE_DECOUPLING_COMPLETED,parking16,,,,DAC,4,1.5
2966.5,2025-12-03T01:26:30+00:00,LOCO_01,MOVING,track_19,parking16,track_19,,,0,60.0
3026.5,2025-12-03T02:26:30+00:00,LOCO_01,MOVING,WS_02,track_19,WS_02,,,0,5.0
3031.5,2025-12-03T02:31:30+00:00,LOCO_01,RAKE_COUPLING_STARTED,WS_02,,,,DAC,2,0.5
3032.0,2025-12-03T02:32:00+00:00,LOCO_01,RAKE_COUPLING_COMPLETED,WS_02,,,,DAC,2,0.5
3032.0,2025-12-03T02:32:00+00:00,LOCO_01,LOCO_COUPLING_STARTED,WS_02,,,,DAC,2,0.5
3032.5,2025-12-03T02:32:30+00:00,LOCO_01,LOCO_COUPLING_COMPLETED,WS_02,,,,DAC,2,0.5
3032.5,2025-12-03T02:32:30+00:00,LOCO_01,SHUNTING_PREP,WS_02,,,,,2,1.0
3033.5,2025-12-03T02:33:30+00:00,LOCO_01,MOVING,retrofitted,WS_02,retrofitted,,,0,5.0
3038.5,2025-12-03T02:38:30+00:00,LOCO_01,MOVING,track_19,retrofitted,track_19,,,0,5.0
3043.5,2025-12-03T02:43:30+00:00,LOCO_01,MOVING,WS_01,track_19,WS_01,,,0,5.0
3048.5,2025-12-03T02:48:30+00:00,LOCO_01,RAKE_COUPLING_STARTED,WS_01,,,,DAC,2,0.5
3049.0,2025-12-03T02:49:00+00:00,LOCO_01,RAKE_COUPLING_COMPLETED,WS_01,,,,DAC,2,0.5
3049.0,2025-12-03T02:49:00+00:00,LOCO_01,LOCO_COUPLING_STARTED,WS_01,,,,DAC,2,0.5
3049.5,2025-12-03T02:49:30+00:00,LOCO_01,LOCO_COUPLING_COMPLETED,WS_01,,,,DAC,2,0.5
3049.5,2025-12-03T02:49:30+00:00,LOCO_01,SHUNTING_PREP,WS_01,,,,,2,1.0
3050.5,2025-12-03T02:50:30+00:00,LOCO_01,MOVING,retrofitted,WS_01,retrofitted,,,0,5.0
3055.5,2025-12-03T02:55:30+00:00,LOCO_01,MOVING,track_19,retrofitted,track_19,,,0,5.0
3060.5,2025-12-03T03:00:30+00:00,LOCO_01,ALLOCATED,,,,batch_transport,,0,0.0
3060.5,2025-12-03T03:00:30+00:00,LOCO_01,MOVING,retrofitted,track_19,retrofitted,,,0,5.0
3065.5,2025-12-03T03:05:30+00:00,LOCO_01,RAKE_COUPLING_STARTED,retrofitted,,,,DAC,4,1.5
3067.0,2025-12-03T03:07:00+00:00,LOCO_01,RAKE_COUPLING_COMPLETED,retrofitted,,,,DAC,4,1.5
3067.0,2025-12-03T03:07:00+00:00,LOCO_01,LOCO_COUPLING_STARTED,retrofitted,,,,DAC,4,0.5
3067.5,2025-12-03T03:07:30+00:00,LOCO_01,LOCO_COUPLING_COMPLETED,retrofitted,,,,DAC,4,0.5
3067.5,2025-12-03T03:07:30+00:00,LOCO_01,SHUNTING_PREP,retrofitted,,,,,4,1.0
3068.5,2025-12-03T03:08:30+00:00,LOCO_01,MOVING,parking16,retrofitted,parking16,,,0,120.0
3188.5,2025-12-03T05:08:30+00:00,LOCO_01,LOCO_DECOUPLING_STARTED,parking16,,,,DAC,4,0.5
3189.0,2025-12-03T05:09:00+00:00,LOCO_01,LOCO_DECOUPLING_COMPLETED,parking16,,,,DAC,4,0.5
3189.0,2025-12-03T05:09:00+00:00,LOCO_01,RAKE_DECOUPLING_STARTED,parking16,,,,DAC,4,1.5
3190.5,2025-12-03T05:10:30+00:00,LOCO_01,RAKE_DECOUPLING_COMPLETED,parking16,,,,DAC,4,1.5
3192.0,2025-12-03T05:12:00+00:00,LOCO_01,MOVING,track_19,parking16,track_19,,,0,62.0
3254.0,2025-12-03T06:14:00+00:00,LOCO_01,MOVING,retrofit,track_19,retrofit,,,0,5.0
3259.0,2025-12-03T06:19:00+00:00,LOCO_01,COUPLING_STARTED,retrofit,,,,SCREW,0,2.0
3261.0,2025-12-03T06:21:00+00:00,LOCO_01,COUPLING_COMPLETED,retrofit,,,,SCREW,0,2.0
3261.0,2025-12-03T06:21:00+00:00,LOCO_01,SHUNTING_PREP,retrofit,,,,,0,1.0
3262.0,2025-12-03T06:22:00+00:00,LOCO_01,MOVING,WS_01,retrofit,WS_01,,,0,5.0
3267.0,2025-12-03T06:27:00+00:00,LOCO_01,DECOUPLING_STARTED,WS_01,,,,SCREW,0,3.0
3270.0,2025-12-03T06:30:00+00:00,LOCO_01,DECOUPLING_COMPLETED,WS_01,,,,SCREW,0,3.0
3273.0,2025-12-03T06:33:00+00:00,LOCO_01,MOVING,track_19,WS_01,track_19,,,0,5.0
3278.0,2025-12-03T06:38:00+00:00,LOCO_01,MOVING,collection1,track_19,collection1,,,0,60.0
3338.0,2025-12-03T07:38:00+00:00,LOCO_01,ALLOCATED,,,,batch_transport,,0,0.0
3338.0,2025-12-03T07:38:00+00:00,LOCO_01,RAKE_COUPLING_STARTED,collection1,,,,SCREW,2,2.0
3340.0,2025-12-03T07:40:00+00:00,LOCO_01,RAKE_COUPLING_COMPLETED,collection1,,,,SCREW,2,2.0
3340.0,2025-12-03T07:40:00+00:00,LOCO_01,LOCO_COUPLING_STARTED,collection1,,,,SCREW,2,2.0
3342.0,2025-12-03T07:42:00+00:00,LOCO_01,LOCO_COUPLING_COMPLETED,collection1,,,,SCREW,2,2.0
3342.0,2025-12-03T07:42:00+00:00,LOCO_01,SHUNTING_PREP,collection1,,,,,2,1.0
3343.0,2025-12-03T07:43:00+00:00,LOCO_01,MOVING,retrofit,collection1,retrofit,,,0,60.0
3403.0,2025-12-03T08:43:00+00:00,LOCO_01,LOCO_DECOUPLING_STARTED,retrofit,,,,SCREW,2,3.0
3406.0,2025-12-03T08:46:00+00:00,LOCO_01,LOCO_DECOUPLING_COMPLETED,retrofit,,,,SCREW,2,3.0
3406.0,2025-12-03T08:46:00+00:00,LOCO_01,RAKE_DECOUPLING_STARTED,retrofit,,,,SCREW,2,3.0
3409.0,2025-12-03T08:49:00+00:00,LOCO_01,RAKE_DECOUPLING_COMPLETED,retrofit,,,,SCREW,2,3.0
3412.0,2025-12-03T08:52:00+00:00,LOCO_01,MOVING,track_19,retrofit,track_19,,,0,5.0
3417.0,2025-12-03T08:57:00+00:00,LOCO_01,PARKING,,,,,,0,2.0
3419.0,2025-12-03T08:59:00+00:00,LOCO_01,MOVING,retrofit,track_19,retrofit,,,0,5.0
3424.0,2025-12-03T09:04:00+00:00,LOCO_01,COUPLING_STARTED,retrofit,,,,SCREW,0,2.0
3426.0,2025-12-03T09:06:00+00:00,LOCO_01,COUPLING_COMPLETED,retrofit,,,,SCREW,0,2.0
3426.0,2025-12-03T09:06:00+00:00,LOCO_01,SHUNTING_PREP,retrofit,,,,,0,1.0
3427.0,2025-12-03T09:07:00+00:00,LOCO_01,MOVING,WS_01,retrofit,WS_01,,,0,5.0
3432.0,2025-12-03T09:12:00+00:00,LOCO_01,DECOUPLING_STARTED,WS_01,,,,SCREW,0,3.0
3435.0,2025-12-03T09:15:00+00:00,LOCO_01,DECOUPLING_COMPLETED,WS_01,,,,SCREW,0,3.0
3438.0,2025-12-03T09:18:00+00:00,LOCO_01,MOVING,track_19,WS_01,track_19,,,0,5.0
3443.0,2025-12-03T09:23:00+00:00,LOCO_01,ALLOCATED,,,,batch_transport,,0,0.0
3443.0,2025-12-03T09:23:00+00:00,LOCO_01,MOVING,retrofitted,track_19,retrofitted,,,0,5.0
3448.0,2025-12-03T09:28:00+00:00,LOCO_01,RAKE_COUPLING_STARTED,retrofitted,,,,DAC,4,1.5
3449.5,2025-12-03T09:29:30+00:00,LOCO_01,RAKE_COUPLING_COMPLETED,retrofitted,,,,DAC,4,1.5
3449.5,2025-12-03T09:29:30+00:00,LOCO_01,LOCO_COUPLING_STARTED,retrofitted,,,,DAC,4,0.5
3450.0,2025-12-03T09:30:00+00:00,LOCO_01,LOCO_COUPLING_COMPLETED,retrofitted,,,,DAC,4,0.5
3450.0,2025-12-03T09:30:00+00:00,LOCO_01,SHUNTING_PREP,retrofitted,,,,,4,1.0
3451.0,2025-12-03T09:31:00+00:00,LOCO_01,MOVING,parking16,retrofitted,parking16,,,0,120.0
3571.0,2025-12-03T11:31:00+00:00,LOCO_01,LOCO_DECOUPLING_STARTED,parking16,,,,DAC,4,0.5
3571.5,2025-12-03T11:31:30+00:00,LOCO_01,LOCO_DECOUPLING_COMPLETED,parking16,,,,DAC,4,0.5
3571.5,2025-12-03T11:31:30+00:00,LOCO_01,RAKE_DECOUPLING_STARTED,parking16,,,,DAC,4,1.5
3573.0,2025-12-03T11:33:00+00:00,LOCO_01,RAKE_DECOUPLING_COMPLETED,parking16,,,,DAC,4,1.5
3574.5,2025-12-03T11:34:30+00:00,LOCO_01,MOVING,track_19,parking16,track_19,,,0,60.0
3634.5,2025-12-03T12:34:30+00:00,LOCO_01,MOVING,WS_02,track_19,WS_02,,,0,5.0
3639.5,2025-12-03T12:39:30+00:00,LOCO_01,RAKE_COUPLING_STARTED,WS_02,,,,DAC,2,0.5
3640.0,2025-12-03T12:40:00+00:00,LOCO_01,RAKE_COUPLING_COMPLETED,WS_02,,,,DAC,2,0.5
3640.0,2025-12-03T12:40:00+00:00,LOCO_01,LOCO_COUPLING_STARTED,WS_02,,,,DAC,2,0.5
3640.5,2025-12-03T12:40:30+00:00,LOCO_01,LOCO_COUPLING_COMPLETED,WS_02,,,,DAC,2,0.5
3640.5,2025-12-03T12:40:30+00:00,LOCO_01,SHUNTING_PREP,WS_02,,,,,2,1.0
3641.5,2025-12-03T12:41:30+00:00,LOCO_01,MOVING,retrofitted,WS_02,retrofitted,,,0,5.0
3646.5,2025-12-03T12:46:30+00:00,LOCO_01,MOVING,track_19,retrofitted,track_19,,,0,5.0
3651.5,2025-12-03T12:51:30+00:00,LOCO_01,MOVING,WS_01,track_19,WS_01,,,0,5.0
3656.5,2025-12-03T12:56:30+00:00,LOCO_01,RAKE_COUPLING_STARTED,WS_01,,,,DAC,2,0.5
3657.0,2025-12-03T12:57:00+00:00,LOCO_01,RAKE_COUPLING_COMPLETED,WS_01,,,,DAC,2,0.5
3657.0,2025-12-03T12:57:00+00:00,LOCO_01,LOCO_COUPLING_STARTED,WS_01,,,,DAC,2,0.5
3657.5,2025-12-03T12:57:30+00:00,LOCO_01,LOCO_COUPLING_COMPLETED,WS_01,,,,DAC,2,0.5
3657.5,2025-12-03T12:57:30+00:00,LOCO_01,SHUNTING_PREP,WS_01,,,,,2,1.0
3658.5,2025-12-03T12:58:30+00:00,LOCO_01,MOVING,retrofitted,WS_01,retrofitted,,,0,5.0
3663.5,2025-12-03T13:03:30+00:00,LOCO_01,MOVING,track_19,retrofitted,track_19,,,0,7.0
3670.5,2025-12-03T13:10:30+00:00,LOCO_01,MOVING,retrofit,track_19,retrofit,,,0,5.0
3675.5,2025-12-03T13:15:30+00:00,LOCO_01,COUPLING_STARTED,retrofit,,,,SCREW,0,2.0
3677.5,2025-12-03T13:17:30+00:00,LOCO_01,COUPLING_COMPLETED,retrofit,,,,SCREW,0,2.0
3677.5,2025-12-03T13:17:30+00:00,LOCO_01,SHUNTING_PREP,retrofit,,,,,0,1.0
3678.5,2025-12-03T13:18:30+00:00,LOCO_01,MOVING,WS_02,retrofit,WS_02,,,0,5.0
3683.5,2025-12-03T13:23:30+00:00,LOCO_01,DECOUPLING_STARTED,WS_02,,,,SCREW,0,3.0
3686.5,2025-12-03T13:26:30+00:00,LOCO_01,DECOUPLING_COMPLETED,WS_02,,,,SCREW,0,3.0
3689.5,2025-12-03T13:29:30+00:00,LOCO_01,MOVING,track_19,WS_02,track_19,,,0,7.0
3696.5,2025-12-03T13:36:30+00:00,LOCO_01,MOVING,retrofit,track_19,retrofit,,,0,5.0
3701.5,2025-12-03T13:41:30+00:00,LOCO_01,COUPLING_STARTED,retrofit,,,,SCREW,0,2.0
3703.5,2025-12-03T13:43:30+00:00,LOCO_01,COUPLING_COMPLETED,retrofit,,,,SCREW,0,2.0
3703.5,2025-12-03T13:43:30+00:00,LOCO_01,SHUNTING_PREP,retrofit,,,,,0,1.0
3704.5,2025-12-03T13:44:30+00:00,LOCO_01,MOVING,WS_01,retrofit,WS_01,,,0,5.0
3709.5,2025-12-03T13:49:30+00:00,LOCO_01,DECOUPLING_STARTED,WS_01,,,,SCREW,0,3.0
3712.5,2025-12-03T13:52:30+00:00,LOCO_01,DECOUPLING_COMPLETED,WS_01,,,,SCREW,0,3.0
3715.5,2025-12-03T13:55:30+00:00,LOCO_01,MOVING,track_19,WS_01,track_19,,,0,5.0
3720.5,2025-12-03T14:00:30+00:00,LOCO_01,MOVING,collection1,track_19,collection1,,,0,60.0
3780.5,2025-12-03T15:00:30+00:00,LOCO_01,ALLOCATED,,,,batch_transport,,0,0.0
3780.5,2025-12-03T15:00:30+00:00,LOCO_01,RAKE_COUPLING_STARTED,collection1,,,,SCREW,3,4.0
3784.5,2025-12-03T15:04:30+00:00,LOCO_01,RAKE_COUPLING_COMPLETED,collection1,,,,SCREW,3,4.0
3784.5,2025-12-03T15:04:30+00:00,LOCO_01,LOCO_COUPLING_STARTED,collection1,,,,SCREW,3,2.0
3786.5,2025-12-03T15:06:30+00:00,LOCO_01,LOCO_COUPLING_COMPLETED,collection1,,,,SCREW,3,2.0
3786.5,2025-12-03T15:06:30+00:00,LOCO_01,SHUNTING_PREP,collection1,,,,,3,1.0
3787.5,2025-12-03T15:07:30+00:00,LOCO_01,MOVING,retrofit,collection1,retrofit,,,0,60.0
3847.5,2025-12-03T16:07:30+00:00,LOCO_01,LOCO_DECOUPLING_STARTED,retrofit,,,,SCREW,3,3.0
3850.5,2025-12-03T16:10:30+00:00,LOCO_01,LOCO_DECOUPLING_COMPLETED,retrofit,,,,SCREW,3,3.0
3850.5,2025-12-03T16:10:30+00:00,LOCO_01,RAKE_DECOUPLING_STARTED,retrofit,,,,SCREW,3,6.0
3856.5,2025-12-03T16:16:30+00:00,LOCO_01,RAKE_DECOUPLING_COMPLETED,retrofit,,,,SCREW,3,6.0
3862.5,2025-12-03T16:22:30+00:00,LOCO_01,MOVING,track_19,retrofit,track_19,,,0,5.0
3867.5,2025-12-03T16:27:30+00:00,LOCO_01,PARKING,,,,,,0,0.0
3867.5,2025-12-03T16:27:30+00:00,LOCO_01,MOVING,WS_02,track_19,WS_02,,,0,5.0
3872.5,2025-12-03T16:32:30+00:00,LOCO_01,RAKE_COUPLING_STARTED,WS_02,,,,DAC,2,0.5
3873.0,2025-12-03T16:33:00+00:00,LOCO_01,RAKE_COUPLING_COMPLETED,WS_02,,,,DAC,2,0.5
3873.0,2025-12-03T16:33:00+00:00,LOCO_01,LOCO_COUPLING_STARTED,WS_02,,,,DAC,2,0.5
3873.5,2025-12-03T16:33:30+00:00,LOCO_01,LOCO_COUPLING_COMPLETED,WS_02,,,,DAC,2,0.5
3873.5,2025-12-03T16:33:30+00:00,LOCO_01,SHUNTING_PREP,WS_02,,,,,2,1.0
3874.5,2025-12-03T16:34:30+00:00,LOCO_01,MOVING,retrofitted,WS_02,retrofitted,,,0,5.0
3879.5,2025-12-03T16:39:30+00:00,LOCO_01,MOVING,track_19,retrofitted,track_19,,,0,5.0
3884.5,2025-12-03T16:44:30+00:00,LOCO_01,MOVING,WS_01,track_19,WS_01,,,0,5.0
3889.5,2025-12-03T16:49:30+00:00,LOCO_01,RAKE_COUPLING_STARTED,WS_01,,,,DAC,2,0.5
3890.0,2025-12-03T16:50:00+00:00,LOCO_01,RAKE_COUPLING_COMPLETED,WS_01,,,,DAC,2,0.5
3890.0,2025-12-03T16:50:00+00:00,LOCO_01,LOCO_COUPLING_STARTED,WS_01,,,,DAC,2,0.5
3890.5,2025-12-03T16:50:30+00:00,LOCO_01,LOCO_COUPLING_COMPLETED,WS_01,,,,DAC,2,0.5
3890.5,2025-12-03T16:50:30+00:00,LOCO_01,SHUNTING_PREP,WS_01,,,,,2,1.0
3891.5,2025-12-03T16:51:30+00:00,LOCO_01,MOVING,retrofitted,WS_01,retrofitted,,,0,5.0
3896.5,2025-12-03T16:56:30+00:00,LOCO_01,MOVING,track_19,retrofitted,track_19,,,0,7.0
3903.5,2025-12-03T17:03:30+00:00,LOCO_01,MOVING,retrofit,track_19,retrofit,,,0,5.0
3908.5,2025-12-03T17:08:30+00:00,LOCO_01,COUPLING_STARTED,retrofit,,,,SCREW,0,2.0
3910.5,2025-12-03T17:10:30+00:00,LOCO_01,COUPLING_COMPLETED,retrofit,,,,SCREW,0,2.0
3910.5,2025-12-03T17:10:30+00:00,LOCO_01,SHUNTING_PREP,retrofit,,,,,0,1.0
3911.5,2025-12-03T17:11:30+00:00,LOCO_01,MOVING,WS_02,retrofit,WS_02,,,0,5.0
3916.5,2025-12-03T17:16:30+00:00,LOCO_01,DECOUPLING_STARTED,WS_02,,,,SCREW,0,3.0
3919.5,2025-12-03T17:19:30+00:00,LOCO_01,DECOUPLING_COMPLETED,WS_02,,,,SCREW,0,3.0
3922.5,2025-12-03T17:22:30+00:00,LOCO_01,MOVING,track_19,WS_02,track_19,,,0,5.0
3927.5,2025-12-03T17:27:30+00:00,LOCO_01,MOVING,collection2,track_19,collection2,,,0,60.0
3987.5,2025-12-03T18:27:30+00:00,LOCO_01,ALLOCATED,,,,batch_transport,,0,0.0
3987.5,2025-12-03T18:27:30+00:00,LOCO_01,LOCO_COUPLING_STARTED,collection2,,,,SCREW,1,2.0
3989.5,2025-12-03T18:29:30+00:00,LOCO_01,LOCO_COUPLING_COMPLETED,collection2,,,,SCREW,1,2.0
3989.5,2025-12-03T18:29:30+00:00,LOCO_01,SHUNTING_PREP,collection2,,,,,1,1.0
3990.5,2025-12-03T18:30:30+00:00,LOCO_01,MOVING,retrofit,collection2,retrofit,,,0,60.0
4050.5,2025-12-03T19:30:30+00:00,LOCO_01,LOCO_DECOUPLING_STARTED,retrofit,,,,SCREW,1,3.0
4053.5,2025-12-03T19:33:30+00:00,LOCO_01,MOVING,track_19,retrofit,track_19,,,0,0.0
4053.5,2025-12-03T19:33:30+00:00,LOCO_01,LOCO_DECOUPLING_COMPLETED,retrofit,,,,SCREW,1,3.0
4058.5,2025-12-03T19:38:30+00:00,LOCO_01,PARKING,,,,,,0,2.0
4060.5,2025-12-03T19:40:30+00:00,LOCO_01,MOVING,retrofit,track_19,retrofit,,,0,5.0
4065.5,2025-12-03T19:45:30+00:00,LOCO_01,COUPLING_STARTED,retrofit,,,,SCREW,0,2.0
4067.5,2025-12-03T19:47:30+00:00,LOCO_01,COUPLING_COMPLETED,retrofit,,,,SCREW,0,2.0
4067.5,2025-12-03T19:47:30+00:00,LOCO_01,SHUNTING_PREP,retrofit,,,,,0,1.0
4068.5,2025-12-03T19:48:30+00:00,LOCO_01,MOVING,WS_01,retrofit,WS_01,,,0,5.0
4073.5,2025-12-03T19:53:30+00:00,LOCO_01,DECOUPLING_STARTED,WS_01,,,,SCREW,0,3.0
4076.5,2025-12-03T19:56:30+00:00,LOCO_01,DECOUPLING_COMPLETED,WS_01,,,,SCREW,0,3.0
4079.5,2025-12-03T19:59:30+00:00,LOCO_01,MOVING,track_19,WS_01,track_19,,,0,5.0
4084.5,2025-12-03T20:04:30+00:00,LOCO_01,MOVING,WS_02,track_19,WS_02,,,0,5.0
4089.5,2025-12-03T20:09:30+00:00,LOCO_01,RAKE_COUPLING_STARTED,WS_02,,,,DAC,2,0.5
4090.0,2025-12-03T20:10:00+00:00,LOCO_01,RAKE_COUPLING_COMPLETED,WS_02,,,,DAC,2,0.5
4090.0,2025-12-03T20:10:00+00:00,LOCO_01,LOCO_COUPLING_STARTED,WS_02,,,,DAC,2,0.5
4090.5,2025-12-03T20:10:30+00:00,LOCO_01,LOCO_COUPLING_COMPLETED,WS_02,,,,DAC,2,0.5
4090.5,2025-12-03T20:10:30+00:00,LOCO_01,SHUNTING_PREP,WS_02,,,,,2,1.0
4091.5,2025-12-03T20:11:30+00:00,LOCO_01,MOVING,retrofitted,WS_02,retrofitted,,,0,5.0
4096.5,2025-12-03T20:16:30+00:00,LOCO_01,MOVING,track_19,retrofitted,track_19,,,0,5.0
4101.5,2025-12-03T20:21:30+00:00,LOCO_01,MOVING,collection2,track_19,collection2,,,0,60.0
4161.5,2025-12-03T21:21:30+00:00,LOCO_01,ALLOCATED,,,,batch_transport,,0,0.0
4161.5,2025-12-03T21:21:30+00:00,LOCO_01,RAKE_COUPLING_STARTED,collection2,,,,SCREW,2,2.0
4163.5,2025-12-03T21:23:30+00:00,LOCO_01,RAKE_COUPLING_COMPLETED,collection2,,,,SCREW,2,2.0
4163.5,2025-12-03T21:23:30+00:00,LOCO_01,LOCO_COUPLING_STARTED,collection2,,,,SCREW,2,2.0
4165.5,2025-12-03T21:25:30+00:00,LOCO_01,LOCO_COUPLING_COMPLETED,collection2,,,,SCREW,2,2.0
4165.5,2025-12-03T21:25:30+00:00,LOCO_01,SHUNTING_PREP,collection2,,,,,2,1.0
4166.5,2025-12-03T21:26:30+00:00,LOCO_01,MOVING,retrofit,collection2,retrofit,,,0,60.0
4226.5,2025-12-03T22:26:30+00:00,LOCO_01,LOCO_DECOUPLING_STARTED,retrofit,,,,SCREW,2,3.0
4229.5,2025-12-03T22:29:30+00:00,LOCO_01,LOCO_DECOUPLING_COMPLETED,retrofit,,,,SCREW,2,3.0
4229.5,2025-12-03T22:29:30+00:00,LOCO_01,RAKE_DECOUPLING_STARTED,retrofit,,,,SCREW,2,3.0
4232.5,2025-12-03T22:32:30+00:00,LOCO_01,RAKE_DECOUPLING_COMPLETED,retrofit,,,,SCREW,2,3.0
4235.5,2025-12-03T22:35:30+00:00,LOCO_01,MOVING,track_19,retrofit,track_19,,,0,5.0
4240.5,2025-12-03T22:40:30+00:00,LOCO_01,PARKING,,,,,,0,0.0
4240.5,2025-12-03T22:40:30+00:00,LOCO_01,MOVING,collection1,track_19,collection1,,,0,60.0
4300.5,2025-12-03T23:40:30+00:00,LOCO_01,ALLOCATED,,,,batch_transport,,0,0.0
4300.5,2025-12-03T23:40:30+00:00,LOCO_01,RAKE_COUPLING_STARTED,collection1,,,,SCREW,2,2.0
4302.5,2025-12-03T23:42:30+00:00,LOCO_01,RAKE_COUPLING_COMPLETED,collection1,,,,SCREW,2,2.0
4302.5,2025-12-03T23:42:30+00:00,LOCO_01,LOCO_COUPLING_STARTED,collection1,,,,SCREW,2,2.0
4304.5,2025-12-03T23:44:30+00:00,LOCO_01,LOCO_COUPLING_COMPLETED,collection1,,,,SCREW,2,2.0
4304.5,2025-12-03T23:44:30+00:00,LOCO_01,SHUNTING_PREP,collection1,,,,,2,1.0
4305.5,2025-12-03T23:45:30+00:00,LOCO_01,MOVING,retrofit,collection1,retrofit,,,0,60.0
4365.5,2025-12-04T00:45:30+00:00,LOCO_01,LOCO_DECOUPLING_STARTED,retrofit,,,,SCREW,2,3.0
4368.5,2025-12-04T00:48:30+00:00,LOCO_01,LOCO_DECOUPLING_COMPLETED,retrofit,,,,SCREW,2,3.0
4368.5,2025-12-04T00:48:30+00:00,LOCO_01,RAKE_DECOUPLING_STARTED,retrofit,,,,SCREW,2,3.0
4371.5,2025-12-04T00:51:30+00:00,LOCO_01,RAKE_DECOUPLING_COMPLETED,retrofit,,,,SCREW,2,3.0
4374.5,2025-12-04T00:54:30+00:00,LOCO_01,MOVING,track_19,retrofit,track_19,,,0,5.0
4379.5,2025-12-04T00:59:30+00:00,LOCO_01,PARKING,,,,,,0,0.0
4379.5,2025-12-04T00:59:30+00:00,LOCO_01,MOVING,WS_02,track_19,WS_02,,,0,5.0
4384.5,2025-12-04T01:04:30+00:00,LOCO_01,RAKE_COUPLING_STARTED,WS_02,,,,DAC,2,0.5
4385.0,2025-12-04T01:05:00+00:00,LOCO_01,RAKE_COUPLING_COMPLETED,WS_02,,,,DAC,2,0.5
4385.0,2025-12-04T01:05:00+00:00,LOCO_01,LOCO_COUPLING_STARTED,WS_02,,,,DAC,2,0.5
4385.5,2025-12-04T01:05:30+00:00,LOCO_01,LOCO_COUPLING_COMPLETED,WS_02,,,,DAC,2,0.5
4385.5,2025-12-04T01:05:30+00:00,LOCO_01,SHUNTING_PREP,WS_02,,,,,2,1.0
4386.5,2025-12-04T01:06:30+00:00,LOCO_01,MOVING,retrofitted,WS_02,retrofitted,,,0,5.0
4391.5,2025-12-04T01:11:30+00:00,LOCO_01,MOVING,track_19,retrofitted,track_19,,,0,7.0
4398.5,2025-12-04T01:18:30+00:00,LOCO_01,MOVING,retrofit,track_19,retrofit,,,0,5.0
4403.5,2025-12-04T01:23:30+00:00,LOCO_01,COUPLING_STARTED,retrofit,,,,SCREW,0,2.0
4405.5,2025-12-04T01:25:30+00:00,LOCO_01,COUPLING_COMPLETED,retrofit,,,,SCREW,0,2.0
4405.5,2025-12-04T01:25:30+00:00,LOCO_01,SHUNTING_PREP,retrofit,,,,,0,1.0
4406.5,2025-12-04T01:26:30+00:00,LOCO_01,MOVING,WS_01,retrofit,WS_01,,,0,5.0
4411.5,2025-12-04T01:31:30+00:00,LOCO_01,DECOUPLING_STARTED,WS_01,,,,SCREW,0,3.0
4414.5,2025-12-04T01:34:30+00:00,LOCO_01,DECOUPLING_COMPLETED,WS_01,,,,SCREW,0,3.0
4417.5,2025-12-04T01:37:30+00:00,LOCO_01,MOVING,track_19,WS_01,track_19,,,0,5.0
4422.5,2025-12-04T01:42:30+00:00,LOCO_01,MOVING,collection2,track_19,collection2,,,0,60.0
4482.5,2025-12-04T02:42:30+00:00,LOCO_01,ALLOCATED,,,,batch_transport,,0,0.0
4482.5,2025-12-04T02:42:30+00:00,LOCO_01,LOCO_COUPLING_STARTED,collection2,,,,SCREW,1,2.0
4484.5,2025-12-04T02:44:30+00:00,LOCO_01,LOCO_COUPLING_COMPLETED,collection2,,,,SCREW,1,2.0
4484.5,2025-12-04T02:44:30+00:00,LOCO_01,SHUNTING_PREP,collection2,,,,,1,1.0
4485.5,2025-12-04T02:45:30+00:00,LOCO_01,MOVING,retrofit,collection2,retrofit,,,0,60.0
4545.5,2025-12-04T03:45:30+00:00,LOCO_01,LOCO_DECOUPLING_STARTED,retrofit,,,,SCREW,1,3.0
4548.5,2025-12-04T03:48:30+00:00,LOCO_01,MOVING,track_19,retrofit,track_19,,,0,0.0
4548.5,2025-12-04T03:48:30+00:00,LOCO_01,LOCO_DECOUPLING_COMPLETED,retrofit,,,,SCREW,1,3.0
4553.5,2025-12-04T03:53:30+00:00,LOCO_01,PARKING,,,,,,0,0.0
4553.5,2025-12-04T03:53:30+00:00,LOCO_01,MOVING,collection1,track_19,collection1,,,0,60.0
4613.5,2025-12-04T04:53:30+00:00,LOCO_01,ALLOCATED,,,,batch_transport,,0,0.0
4613.5,2025-12-04T04:53:30+00:00,LOCO_01,LOCO_COUPLING_STARTED,collection1,,,,SCREW,1,2.0
4615.5,2025-12-04T04:55:30+00:00,LOCO_01,LOCO_COUPLING_COMPLETED,collection1,,,,SCREW,1,2.0
4615.5,2025-12-04T04:55:30+00:00,LOCO_01,SHUNTING_PREP,collection1,,,,,1,1.0
4616.5,2025-12-04T04:56:30+00:00,LOCO_01,MOVING,retrofit,collection1,retrofit,,,0,60.0
4676.5,2025-12-04T05:56:30+00:00,LOCO_01,LOCO_DECOUPLING_STARTED,retrofit,,,,SCREW,1,3.0
4679.5,2025-12-04T05:59:30+00:00,LOCO_01,MOVING,track_19,retrofit,track_19,,,0,0.0
4679.5,2025-12-04T05:59:30+00:00,LOCO_01,LOCO_DECOUPLING_COMPLETED,retrofit,,,,SCREW,1,3.0
4684.5,2025-12-04T06:04:30+00:00,LOCO_01,PARKING,,,,,,0,0.0
4684.5,2025-12-04T06:04:30+00:00,LOCO_01,MOVING,WS_01,track_19,WS_01,,,0,5.0
4689.5,2025-12-04T06:09:30+00:00,LOCO_01,RAKE_COUPLING_STARTED,WS_01,,,,DAC,2,0.5
4690.0,2025-12-04T06:10:00+00:00,LOCO_01,RAKE_COUPLING_COMPLETED,WS_01,,,,DAC,2,0.5
4690.0,2025-12-04T06:10:00+00:00,LOCO_01,LOCO_COUPLING_STARTED,WS_01,,,,DAC,2,0.5
4690.5,2025-12-04T06:10:30+00:00,LOCO_01,LOCO_COUPLING_COMPLETED,WS_01,,,,DAC,2,0.5
4690.5,2025-12-04T06:10:30+00:00,LOCO_01,SHUNTING_PREP,WS_01,,,,,2,1.0
4691.5,2025-12-04T06:11:30+00:00,LOCO_01,MOVING,retrofitted,WS_01,retrofitted,,,0,5.0
4696.5,2025-12-04T06:16:30+00:00,LOCO_01,MOVING,track_19,retrofitted,track_19,,,0,5.0
4701.5,2025-12-04T06:21:30+00:00,LOCO_01,MOVING,WS_02,track_19,WS_02,,,0,5.0
4706.5,2025-12-04T06:26:30+00:00,LOCO_01,RAKE_COUPLING_STARTED,WS_02,,,,DAC,2,0.5
4707.0,2025-12-04T06:27:00+00:00,LOCO_01,RAKE_COUPLING_COMPLETED,WS_02,,,,DAC,2,0.5
4707.0,2025-12-04T06:27:00+00:00,LOCO_01,LOCO_COUPLING_STARTED,WS_02,,,,DAC,2,0.5
4707.5,2025-12-04T06:27:30+00:00,LOCO_01,LOCO_COUPLING_COMPLETED,WS_02,,,,DAC,2,0.5
4707.5,2025-12-04T06:27:30+00:00,LOCO_01,SHUNTING_PREP,WS_02,,,,,2,1.0
4708.5,2025-12-04T06:28:30+00:00,LOCO_01,MOVING,retrofitted,WS_02,retrofitted,,,0,5.0
4713.5,2025-12-04T06:33:30+00:00,LOCO_01,MOVING,track_19,retrofitted,track_19,,,0,7.0
4720.5,2025-12-04T06:40:30+00:00,LOCO_01,MOVING,retrofit,track_19,retrofit,,,0,5.0
4725.5,2025-12-04T06:45:30+00:00,LOCO_01,COUPLING_STARTED,retrofit,,,,SCREW,0,2.0
4727.5,2025-12-04T06:47:30+00:00,LOCO_01,COUPLING_COMPLETED,retrofit,,,,SCREW,0,2.0
4727.5,2025-12-04T06:47:30+00:00,LOCO_01,SHUNTING_PREP,retrofit,,,,,0,1.0
4728.5,2025-12-04T06:48:30+00:00,LOCO_01,MOVING,WS_01,retrofit,WS_01,,,0,5.0
4733.5,2025-12-04T06:53:30+00:00,LOCO_01,DECOUPLING_STARTED,WS_01,,,,SCREW,0,3.0
4736.5,2025-12-04T06:56:30+00:00,LOCO_01,DECOUPLING_COMPLETED,WS_01,,,,SCREW,0,3.0
4739.5,2025-12-04T06:59:30+00:00,LOCO_01,MOVING,track_19,WS_01,track_19,,,0,7.0
4746.5,2025-12-04T07:06:30+00:00,LOCO_01,MOVING,retrofit,track_19,retrofit,,,0,5.0
4751.5,2025-12-04T07:11:30+00:00,LOCO_01,COUPLING_STARTED,retrofit,,,,SCREW,0,2.0
4753.5,2025-12-04T07:13:30+00:00,LOCO_01,COUPLING_COMPLETED,retrofit,,,,SCREW,0,2.0
4753.5,2025-12-04T07:13:30+00:00,LOCO_01,SHUNTING_PREP,retrofit,,,,,0,1.0
4754.5,2025-12-04T07:14:30+00:00,LOCO_01,MOVING,WS_02,retrofit,WS_02,,,0,5.0
4759.5,2025-12-04T07:19:30+00:00,LOCO_01,DECOUPLING_STARTED,WS_02,,,,SCREW,0,3.0
4762.5,2025-12-04T07:22:30+00:00,LOCO_01,DECOUPLING_COMPLETED,WS_02,,,,SCREW,0,3.0
4765.5,2025-12-04T07:25:30+00:00,LOCO_01,MOVING,track_19,WS_02,track_19,,,0,5.0
4770.5,2025-12-04T07:30:30+00:00,LOCO_01,ALLOCATED,,,,batch_transport,,0,0.0
4770.5,2025-12-04T07:30:30+00:00,LOCO_01,MOVING,retrofitted,track_19,retrofitted,,,0,5.0
4775.5,2025-12-04T07:35:30+00:00,LOCO_01,RAKE_COUPLING_STARTED,retrofitted,,,,DAC,4,1.5
4777.0,2025-12-04T07:37:00+00:00,LOCO_01,RAKE_COUPLING_COMPLETED,retrofitted,,,,DAC,4,1.5
4777.0,2025-12-04T07:37:00+00:00,LOCO_01,LOCO_COUPLING_STARTED,retrofitted,,,,DAC,4,0.5
4777.5,2025-12-04T07:37:30+00:00,LOCO_01,LOCO_COUPLING_COMPLETED,retrofitted,,,,DAC,4,0.5
4777.5,2025-12-04T07:37:30+00:00,LOCO_01,SHUNTING_PREP,retrofitted,,,,,4,1.0
4778.5,2025-12-04T07:38:30+00:00,LOCO_01,MOVING,parking16,retrofitted,parking16,,,0,120.0
4898.5,2025-12-04T09:38:30+00:00,LOCO_01,LOCO_DECOUPLING_STARTED,parking16,,,,DAC,4,0.5
4899.0,2025-12-04T09:39:00+00:00,LOCO_01,LOCO_DECOUPLING_COMPLETED,parking16,,,,DAC,4,0.5
4899.0,2025-12-04T09:39:00+00:00,LOCO_01,RAKE_DECOUPLING_STARTED,parking16,,,,DAC,4,1.5
4900.5,2025-12-04T09:40:30+00:00,LOCO_01,RAKE_DECOUPLING_COMPLETED,parking16,,,,DAC,4,1.5
4902.0,2025-12-04T09:42:00+00:00,LOCO_01,MOVING,track_19,parking16,track_19,,,0,60.0
4962.0,2025-12-04T10:42:00+00:00,LOCO_01,MOVING,WS_01,track_19,WS_01,,,0,5.0
4967.0,2025-12-04T10:47:00+00:00,LOCO_01,RAKE_COUPLING_STARTED,WS_01,,,,DAC,2,0.5
4967.5,2025-12-04T10:47:30+00:00,LOCO_01,RAKE_COUPLING_COMPLETED,WS_01,,,,DAC,2,0.5
4967.5,2025-12-04T10:47:30+00:00,LOCO_01,LOCO_COUPLING_STARTED,WS_01,,,,DAC,2,0.5
4968.0,2025-12-04T10:48:00+00:00,LOCO_01,LOCO_COUPLING_COMPLETED,WS_01,,,,DAC,2,0.5
4968.0,2025-12-04T10:48:00+00:00,LOCO_01,SHUNTING_PREP,WS_01,,,,,2,1.0
4969.0,2025-12-04T10:49:00+00:00,LOCO_01,MOVING,retrofitted,WS_01,retrofitted,,,0,5.0
4974.0,2025-12-04T10:54:00+00:00,LOCO_01,MOVING,track_19,retrofitted,track_19,,,0,5.0
4979.0,2025-12-04T10:59:00+00:00,LOCO_01,MOVING,WS_02,track_19,WS_02,,,0,5.0
4984.0,2025-12-04T11:04:00+00:00,LOCO_01,RAKE_COUPLING_STARTED,WS_02,,,,DAC,2,0.5
4984.5,2025-12-04T11:04:30+00:00,LOCO_01,RAKE_COUPLING_COMPLETED,WS_02,,,,DAC,2,0.5
4984.5,2025-12-04T11:04:30+00:00,LOCO_01,LOCO_COUPLING_STARTED,WS_02,,,,DAC,2,0.5
4985.0,2025-12-04T11:05:00+00:00,LOCO_01,LOCO_COUPLING_COMPLETED,WS_02,,,,DAC,2,0.5
4985.0,2025-12-04T11:05:00+00:00,LOCO_01,SHUNTING_PREP,WS_02,,,,,2,1.0
4986.0,2025-12-04T11:06:00+00:00,LOCO_01,MOVING,retrofitted,WS_02,retrofitted,,,0,5.0
4991.0,2025-12-04T11:11:00+00:00,LOCO_01,MOVING,track_19,retrofitted,track_19,,,0,7.0
4998.0,2025-12-04T11:18:00+00:00,LOCO_01,MOVING,retrofit,track_19,retrofit,,,0,5.0
5003.0,2025-12-04T11:23:00+00:00,LOCO_01,COUPLING_STARTED,retrofit,,,,SCREW,0,2.0
5005.0,2025-12-04T11:25:00+00:00,LOCO_01,COUPLING_COMPLETED,retrofit,,,,SCREW,0,2.0
5005.0,2025-12-04T11:25:00+00:00,LOCO_01,SHUNTING_PREP,retrofit,,,,,0,1.0
5006.0,2025-12-04T11:26:00+00:00,LOCO_01,MOVING,WS_01,retrofit,WS_01,,,0,5.0
5011.0,2025-12-04T11:31:00+00:00,LOCO_01,DECOUPLING_STARTED,WS_01,,,,SCREW,0,3.0
5014.0,2025-12-04T11:34:00+00:00,LOCO_01,DECOUPLING_COMPLETED,WS_01,,,,SCREW,0,3.0
5017.0,2025-12-04T11:37:00+00:00,LOCO_01,MOVING,track_19,WS_01,track_19,,,0,5.0
5022.0,2025-12-04T11:42:00+00:00,LOCO_01,MOVING,collection1,track_19,collection1,,,0,60.0
5082.0,2025-12-04T12:42:00+00:00,LOCO_01,ALLOCATED,,,,batch_transport,,0,0.0
5082.0,2025-12-04T12:42:00+00:00,LOCO_01,LOCO_COUPLING_STARTED,collection1,,,,SCREW,1,2.0
5084.0,2025-12-04T12:44:00+00:00,LOCO_01,LOCO_COUPLING_COMPLETED,collection1,,,,SCREW,1,2.0
5084.0,2025-12-04T12:44:00+00:00,LOCO_01,SHUNTING_PREP,collection1,,,,,1,1.0
5085.0,2025-12-04T12:45:00+00:00,LOCO_01,MOVING,retrofit,collection1,retrofit,,,0,60.0
5145.0,2025-12-04T13:45:00+00:00,LOCO_01,LOCO_DECOUPLING_STARTED,retrofit,,,,SCREW,1,3.0
5148.0,2025-12-04T13:48:00+00:00,LOCO_01,MOVING,track_19,retrofit,track_19,,,0,0.0
5148.0,2025-12-04T13:48:00+00:00,LOCO_01,LOCO_DECOUPLING_COMPLETED,retrofit,,,,SCREW,1,3.0
5153.0,2025-12-04T13:53:00+00:00,LOCO_01,PARKING,,,,,,0,0.0
5153.0,2025-12-04T13:53:00+00:00,LOCO_01,MOVING,collection2,track_19,collection2,,,0,60.0
5213.0,2025-12-04T14:53:00+00:00,LOCO_01,ALLOCATED,,,,batch_transport,,0,0.0
5213.0,2025-12-04T14:53:00+00:00,LOCO_01,RAKE_COUPLING_STARTED,collection2,,,,SCREW,2,2.0
5215.0,2025-12-04T14:55:00+00:00,LOCO_01,RAKE_COUPLING_COMPLETED,collection2,,,,SCREW,2,2.0
5215.0,2025-12-04T14:55:00+00:00,LOCO_01,LOCO_COUPLING_STARTED,collection2,,,,SCREW,2,2.0
5217.0,2025-12-04T14:57:00+00:00,LOCO_01,LOCO_COUPLING_COMPLETED,collection2,,,,SCREW,2,2.0
5217.0,2025-12-04T14:57:00+00:00,LOCO_01,SHUNTING_PREP,collection2,,,,,2,1.0
5218.0,2025-12-04T14:58:00+00:00,LOCO_01,MOVING,retrofit,collection2,retrofit,,,0,60.0
5278.0,2025-12-04T15:58:00+00:00,LOCO_01,LOCO_DECOUPLING_STARTED,retrofit,,,,SCREW,2,3.0
5281.0,2025-12-04T16:01:00+00:00,LOCO_01,LOCO_DECOUPLING_COMPLETED,retrofit,,,,SCREW,2,3.0
5281.0,2025-12-04T16:01:00+00:00,LOCO_01,RAKE_DECOUPLING_STARTED,retrofit,,,,SCREW,2,3.0
5284.0,2025-12-04T16:04:00+00:00,LOCO_01,RAKE_DECOUPLING_COMPLETED,retrofit,,,,SCREW,2,3.0
5287.0,2025-12-04T16:07:00+00:00,LOCO_01,MOVING,track_19,retrofit,track_19,,,0,5.0
5292.0,2025-12-04T16:12:00+00:00,LOCO_01,PARKING,,,,,,0,0.0
5292.0,2025-12-04T16:12:00+00:00,LOCO_01,MOVING,WS_01,track_19,WS_01,,,0,5.0
5297.0,2025-12-04T16:17:00+00:00,LOCO_01,RAKE_COUPLING_STARTED,WS_01,,,,DAC,2,0.5
5297.5,2025-12-04T16:17:30+00:00,LOCO_01,RAKE_COUPLING_COMPLETED,WS_01,,,,DAC,2,0.5
5297.5,2025-12-04T16:17:30+00:00,LOCO_01,LOCO_COUPLING_STARTED,WS_01,,,,DAC,2,0.5
5298.0,2025-12-04T16:18:00+00:00,LOCO_01,LOCO_COUPLING_COMPLETED,WS_01,,,,DAC,2,0.5
5298.0,2025-12-04T16:18:00+00:00,LOCO_01,SHUNTING_PREP,WS_01,,,,,2,1.0
5299.0,2025-12-04T16:19:00+00:00,LOCO_01,MOVING,retrofitted,WS_01,retrofitted,,,0,5.0
5304.0,2025-12-04T16:24:00+00:00,LOCO_01,MOVING,track_19,retrofitted,track_19,,,0,5.0
5309.0,2025-12-04T16:29:00+00:00,LOCO_01,MOVING,WS_02,track_19,WS_02,,,0,5.0
5314.0,2025-12-04T16:34:00+00:00,LOCO_01,RAKE_COUPLING_STARTED,WS_02,,,,DAC,2,0.5
5314.5,2025-12-04T16:34:30+00:00,LOCO_01,RAKE_COUPLING_COMPLETED,WS_02,,,,DAC,2,0.5
5314.5,2025-12-04T16:34:30+00:00,LOCO_01,LOCO_COUPLING_STARTED,WS_02,,,,DAC,2,0.5
5315.0,2025-12-04T16:35:00+00:00,LOCO_01,LOCO_COUPLING_COMPLETED,WS_02,,,,DAC,2,0.5
5315.0,2025-12-04T16:35:00+00:00,LOCO_01,SHUNTING_PREP,WS_02,,,,,2,1.0
5316.0,2025-12-04T16:36:00+00:00,LOCO_01,MOVING,retrofitted,WS_02,retrofitted,,,0,5.0
5321.0,2025-12-04T16:41:00+00:00,LOCO_01,MOVING,track_19,retrofitted,track_19,,,0,7.0
5328.0,2025-12-04T16:48:00+00:00,LOCO_01,MOVING,retrofit,track_19,retrofit,,,0,5.0
5333.0,2025-12-04T16:53:00+00:00,LOCO_01,COUPLING_STARTED,retrofit,,,,SCREW,0,2.0
5335.0,2025-12-04T16:55:00+00:00,LOCO_01,COUPLING_COMPLETED,retrofit,,,,SCREW,0,2.0
5335.0,2025-12-04T16:55:00+00:00,LOCO_01,SHUNTING_PREP,retrofit,,,,,0,1.0
5336.0,2025-12-04T16:56:00+00:00,LOCO_01,MOVING,WS_01,retrofit,WS_01,,,0,5.0
5341.0,2025-12-04T17:01:00+00:00,LOCO_01,DECOUPLING_STARTED,WS_01,,,,SCREW,0,3.0
5344.0,2025-12-04T17:04:00+00:00,LOCO_01,DECOUPLING_COMPLETED,WS_01,,,,SCREW,0,3.0
5347.0,2025-12-04T17:07:00+00:00,LOCO_01,MOVING,track_19,WS_01,track_19,,,0,5.0
5352.0,2025-12-04T17:12:00+00:00,LOCO_01,MOVING,collection2,track_19,collection2,,,0,60.0
5412.0,2025-12-04T18:12:00+00:00,LOCO_01,ALLOCATED,,,,batch_transport,,0,0.0
5412.0,2025-12-04T18:12:00+00:00,LOCO_01,LOCO_COUPLING_STARTED,collection2,,,,SCREW,1,2.0
5414.0,2025-12-04T18:14:00+00:00,LOCO_01,LOCO_COUPLING_COMPLETED,collection2,,,,SCREW,1,2.0
5414.0,2025-12-04T18:14:00+00:00,LOCO_01,SHUNTING_PREP,collection2,,,,,1,1.0
5415.0,2025-12-04T18:15:00+00:00,LOCO_01,MOVING,retrofit,collection2,retrofit,,,0,60.0
5475.0,2025-12-04T19:15:00+00:00,LOCO_01,LOCO_DECOUPLING_STARTED,retrofit,,,,SCREW,1,3.0
5478.0,2025-12-04T19:18:00+00:00,LOCO_01,MOVING,track_19,retrofit,track_19,,,0,0.0
5478.0,2025-12-04T19:18:00+00:00,LOCO_01,LOCO_DECOUPLING_COMPLETED,retrofit,,,,SCREW,1,3.0
5483.0,2025-12-04T19:23:00+00:00,LOCO_01,PARKING,,,,,,0,0.0
5483.0,2025-12-04T19:23:00+00:00,LOCO_01,MOVING,collection1,track_19,collection1,,,0,60.0
5543.0,2025-12-04T20:23:00+00:00,LOCO_01,ALLOCATED,,,,batch_transport,,0,0.0
5543.0,2025-12-04T20:23:00+00:00,LOCO_01,RAKE_COUPLING_STARTED,collection1,,,,SCREW,3,4.0
5547.0,2025-12-04T20:27:00+00:00,LOCO_01,RAKE_COUPLING_COMPLETED,collection1,,,,SCREW,3,4.0
5547.0,2025-12-04T20:27:00+00:00,LOCO_01,LOCO_COUPLING_STARTED,collection1,,,,SCREW,3,2.0
5549.0,2025-12-04T20:29:00+00:00,LOCO_01,LOCO_COUPLING_COMPLETED,collection1,,,,SCREW,3,2.0
5549.0,2025-12-04T20:29:00+00:00,LOCO_01,SHUNTING_PREP,collection1,,,,,3,1.0
5550.0,2025-12-04T20:30:00+00:00,LOCO_01,MOVING,retrofit,collection1,retrofit,,,0,60.0
5610.0,2025-12-04T21:30:00+00:00,LOCO_01,LOCO_DECOUPLING_STARTED,retrofit,,,,SCREW,3,3.0
5613.0,2025-12-04T21:33:00+00:00,LOCO_01,LOCO_DECOUPLING_COMPLETED,retrofit,,,,SCREW,3,3.0
5613.0,2025-12-04T21:33:00+00:00,LOCO_01,RAKE_DECOUPLING_STARTED,retrofit,,,,SCREW,3,6.0
5619.0,2025-12-04T21:39:00+00:00,LOCO_01,RAKE_DECOUPLING_COMPLETED,retrofit,,,,SCREW,3,6.0
5625.0,2025-12-04T21:45:00+00:00,LOCO_01,MOVING,track_19,retrofit,track_19,,,0,5.0
5630.0,2025-12-04T21:50:00+00:00,LOCO_01,PARKING,,,,,,0,0.0
5630.0,2025-12-04T21:50:00+00:00,LOCO_01,MOVING,collection2,track_19,collection2,,,0,60.0
5690.0,2025-12-04T22:50:00+00:00,LOCO_01,ALLOCATED,,,,batch_transport,,0,0.0
5690.0,2025-12-04T22:50:00+00:00,LOCO_01,LOCO_COUPLING_STARTED,collection2,,,,SCREW,1,2.0
5692.0,2025-12-04T22:52:00+00:00,LOCO_01,LOCO_COUPLING_COMPLETED,collection2,,,,SCREW,1,2.0
5692.0,2025-12-04T22:52:00+00:00,LOCO_01,SHUNTING_PREP,collection2,,,,,1,1.0
5693.0,2025-12-04T22:53:00+00:00,LOCO_01,MOVING,retrofit,collection2,retrofit,,,0,60.0
5753.0,2025-12-04T23:53:00+00:00,LOCO_01,LOCO_DECOUPLING_STARTED,retrofit,,,,SCREW,1,3.0
5756.0,2025-12-04T23:56:00+00:00,LOCO_01,MOVING,track_19,retrofit,track_19,,,0,0.0
5756.0,2025-12-04T23:56:00+00:00,LOCO_01,LOCO_DECOUPLING_COMPLETED,retrofit,,,,SCREW,1,3.0
5761.0,2025-12-05T00:01:00+00:00,LOCO_01,PARKING,,,,,,0,0.0
5761.0,2025-12-05T00:01:00+00:00,LOCO_01,MOVING,WS_01,track_19,WS_01,,,0,5.0
5766.0,2025-12-05T00:06:00+00:00,LOCO_01,RAKE_COUPLING_STARTED,WS_01,,,,DAC,2,0.5
5766.5,2025-12-05T00:06:30+00:00,LOCO_01,RAKE_COUPLING_COMPLETED,WS_01,,,,DAC,2,0.5
5766.5,2025-12-05T00:06:30+00:00,LOCO_01,LOCO_COUPLING_STARTED,WS_01,,,,DAC,2,0.5
5767.0,2025-12-05T00:07:00+00:00,LOCO_01,LOCO_COUPLING_COMPLETED,WS_01,,,,DAC,2,0.5
5767.0,2025-12-05T00:07:00+00:00,LOCO_01,SHUNTING_PREP,WS_01,,,,,2,1.0
5768.0,2025-12-05T00:08:00+00:00,LOCO_01,MOVING,retrofitted,WS_01,retrofitted,,,0,5.0
5773.0,2025-12-05T00:13:00+00:00,LOCO_01,MOVING,track_19,retrofitted,track_19,,,0,5.0
5778.0,2025-12-05T00:18:00+00:00,LOCO_01,ALLOCATED,,,,batch_transport,,0,0.0
5778.0,2025-12-05T00:18:00+00:00,LOCO_01,MOVING,retrofitted,track_19,retrofitted,,,0,5.0
5783.0,2025-12-05T00:23:00+00:00,LOCO_01,RAKE_COUPLING_STARTED,retrofitted,,,,DAC,4,1.5
5784.5,2025-12-05T00:24:30+00:00,LOCO_01,RAKE_COUPLING_COMPLETED,retrofitted,,,,DAC,4,1.5
5784.5,2025-12-05T00:24:30+00:00,LOCO_01,LOCO_COUPLING_STARTED,retrofitted,,,,DAC,4,0.5
5785.0,2025-12-05T00:25:00+00:00,LOCO_01,LOCO_COUPLING_COMPLETED,retrofitted,,,,DAC,4,0.5
5785.0,2025-12-05T00:25:00+00:00,LOCO_01,SHUNTING_PREP,retrofitted,,,,,4,1.0
5786.0,2025-12-05T00:26:00+00:00,LOCO_01,MOVING,parking16,retrofitted,parking16,,,0,120.0
5906.0,2025-12-05T02:26:00+00:00,LOCO_01,LOCO_DECOUPLING_STARTED,parking16,,,,DAC,4,0.5
5906.5,2025-12-05T02:26:30+00:00,LOCO_01,LOCO_DECOUPLING_COMPLETED,parking16,,,,DAC,4,0.5
5906.5,2025-12-05T02:26:30+00:00,LOCO_01,RAKE_DECOUPLING_STARTED,parking16,,,,DAC,4,1.5
5908.0,2025-12-05T02:28:00+00:00,LOCO_01,RAKE_DECOUPLING_COMPLETED,parking16,,,,DAC,4,1.5
5909.5,2025-12-05T02:29:30+00:00,LOCO_01,MOVING,track_19,parking16,track_19,,,0,60.0
5969.5,2025-12-05T03:29:30+00:00,LOCO_01,MOVING,collection1,track_19,collection1,,,0,60.0
6029.5,2025-12-05T04:29:30+00:00,LOCO_01,ALLOCATED,,,,batch_transport,,0,0.0
6029.5,2025-12-05T04:29:30+00:00,LOCO_01,LOCO_COUPLING_STARTED,collection1,,,,SCREW,1,2.0
6031.5,2025-12-05T04:31:30+00:00,LOCO_01,LOCO_COUPLING_COMPLETED,collection1,,,,SCREW,1,2.0
6031.5,2025-12-05T04:31:30+00:00,LOCO_01,SHUNTING_PREP,collection1,,,,,1,1.0
6032.5,2025-12-05T04:32:30+00:00,LOCO_01,MOVING,retrofit,collection1,retrofit,,,0,60.0
6092.5,2025-12-05T05:32:30+00:00,LOCO_01,LOCO_DECOUPLING_STARTED,retrofit,,,,SCREW,1,3.0
6095.5,2025-12-05T05:35:30+00:00,LOCO_01,MOVING,track_19,retrofit,track_19,,,0,0.0
6095.5,2025-12-05T05:35:30+00:00,LOCO_01,LOCO_DECOUPLING_COMPLETED,retrofit,,,,SCREW,1,3.0
6100.5,2025-12-05T05:40:30+00:00,LOCO_01,PARKING,,,,,,0,2.0
6102.5,2025-12-05T05:42:30+00:00,LOCO_01,MOVING,retrofit,track_19,retrofit,,,0,5.0
6107.5,2025-12-05T05:47:30+00:00,LOCO_01,COUPLING_STARTED,retrofit,,,,SCREW,0,2.0
6109.5,2025-12-05T05:49:30+00:00,LOCO_01,COUPLING_COMPLETED,retrofit,,,,SCREW,0,2.0
6109.5,2025-12-05T05:49:30+00:00,LOCO_01,SHUNTING_PREP,retrofit,,,,,0,1.0
6110.5,2025-12-05T05:50:30+00:00,LOCO_01,MOVING,WS_02,retrofit,WS_02,,,0,5.0
6115.5,2025-12-05T05:55:30+00:00,LOCO_01,DECOUPLING_STARTED,WS_02,,,,SCREW,0,3.0
6118.5,2025-12-05T05:58:30+00:00,LOCO_01,DECOUPLING_COMPLETED,WS_02,,,,SCREW,0,3.0
6121.5,2025-12-05T06:01:30+00:00,LOCO_01,MOVING,track_19,WS_02,track_19,,,0,7.0
6128.5,2025-12-05T06:08:30+00:00,LOCO_01,MOVING,retrofit,track_19,retrofit,,,0,5.0
6133.5,2025-12-05T06:13:30+00:00,LOCO_01,COUPLING_STARTED,retrofit,,,,SCREW,0,2.0
6135.5,2025-12-05T06:15:30+00:00,LOCO_01,COUPLING_COMPLETED,retrofit,,,,SCREW,0,2.0
6135.5,2025-12-05T06:15:30+00:00,LOCO_01,SHUNTING_PREP,retrofit,,,,,0,1.0
6136.5,2025-12-05T06:16:30+00:00,LOCO_01,MOVING,WS_01,retrofit,WS_01,,,0,5.0
6141.5,2025-12-05T06:21:30+00:00,LOCO_01,DECOUPLING_STARTED,WS_01,,,,SCREW,0,3.0
6144.5,2025-12-05T06:24:30+00:00,LOCO_01,DECOUPLING_COMPLETED,WS_01,,,,SCREW,0,3.0
6147.5,2025-12-05T06:27:30+00:00,LOCO_01,MOVING,track_19,WS_01,track_19,,,0,5.0
6152.5,2025-12-05T06:32:30+00:00,LOCO_01,ALLOCATED,,,,batch_transport,,0,0.0
6152.5,2025-12-05T06:32:30+00:00,LOCO_01,MOVING,retrofitted,track_19,retrofitted,,,0,5.0
6157.5,2025-12-05T06:37:30+00:00,LOCO_01,RAKE_COUPLING_STARTED,retrofitted,,,,DAC,6,2.5
6160.0,2025-12-05T06:40:00+00:00,LOCO_01,RAKE_COUPLING_COMPLETED,retrofitted,,,,DAC,6,2.5
6160.0,2025-12-05T06:40:00+00:00,LOCO_01,LOCO_COUPLING_STARTED,retrofitted,,,,DAC,6,0.5
6160.5,2025-12-05T06:40:30+00:00,LOCO_01,LOCO_COUPLING_COMPLETED,retrofitted,,,,DAC,6,0.5
6160.5,2025-12-05T06:40:30+00:00,LOCO_01,SHUNTING_PREP,retrofitted,,,,,6,1.0
6161.5,2025-12-05T06:41:30+00:00,LOCO_01,MOVING,parking16,retrofitted,parking16,,,0,120.0
6281.5,2025-12-05T08:41:30+00:00,LOCO_01,LOCO_DECOUPLING_STARTED,parking16,,,,DAC,6,0.5
6282.0,2025-12-05T08:42:00+00:00,LOCO_01,LOCO_DECOUPLING_COMPLETED,parking16,,,,DAC,6,0.5
6282.0,2025-12-05T08:42:00+00:00,LOCO_01,RAKE_DECOUPLING_STARTED,parking16,,,,DAC,6,2.5
6284.5,2025-12-05T08:44:30+00:00,LOCO_01,RAKE_DECOUPLING_COMPLETED,parking16,,,,DAC,6,2.5
6287.0,2025-12-05T08:47:00+00:00,LOCO_01,MOVING,track_19,parking16,track_19,,,0,60.0
6347.0,2025-12-05T09:47:00+00:00,LOCO_01,MOVING,WS_02,track_19,WS_02,,,0,5.0
6352.0,2025-12-05T09:52:00+00:00,LOCO_01,RAKE_COUPLING_STARTED,WS_02,,,,DAC,2,0.5
6352.5,2025-12-05T09:52:30+00:00,LOCO_01,RAKE_COUPLING_COMPLETED,WS_02,,,,DAC,2,0.5
6352.5,2025-12-05T09:52:30+00:00,LOCO_01,LOCO_COUPLING_STARTED,WS_02,,,,DAC,2,0.5
6353.0,2025-12-05T09:53:00+00:00,LOCO_01,LOCO_COUPLING_COMPLETED,WS_02,,,,DAC,2,0.5
6353.0,2025-12-05T09:53:00+00:00,LOCO_01,SHUNTING_PREP,WS_02,,,,,2,1.0
6354.0,2025-12-05T09:54:00+00:00,LOCO_01,MOVING,retrofitted,WS_02,retrofitted,,,0,5.0
6359.0,2025-12-05T09:59:00+00:00,LOCO_01,MOVING,track_19,retrofitted,track_19,,,0,5.0
6364.0,2025-12-05T10:04:00+00:00,LOCO_01,MOVING,WS_01,track_19,WS_01,,,0,5.0
6369.0,2025-12-05T10:09:00+00:00,LOCO_01,RAKE_COUPLING_STARTED,WS_01,,,,DAC,2,0.5
6369.5,2025-12-05T10:09:30+00:00,LOCO_01,RAKE_COUPLING_COMPLETED,WS_01,,,,DAC,2,0.5
6369.5,2025-12-05T10:09:30+00:00,LOCO_01,LOCO_COUPLING_STARTED,WS_01,,,,DAC,2,0.5
6370.0,2025-12-05T10:10:00+00:00,LOCO_01,LOCO_COUPLING_COMPLETED,WS_01,,,,DAC,2,0.5
6370.0,2025-12-05T10:10:00+00:00,LOCO_01,SHUNTING_PREP,WS_01,,,,,2,1.0
6371.0,2025-12-05T10:11:00+00:00,LOCO_01,MOVING,retrofitted,WS_01,retrofitted,,,0,5.0
6376.0,2025-12-05T10:16:00+00:00,LOCO_01,MOVING,track_19,retrofitted,track_19,,,0,7.0
6383.0,2025-12-05T10:23:00+00:00,LOCO_01,MOVING,retrofit,track_19,retrofit,,,0,5.0
6388.0,2025-12-05T10:28:00+00:00,LOCO_01,COUPLING_STARTED,retrofit,,,,SCREW,0,2.0
6390.0,2025-12-05T10:30:00+00:00,LOCO_01,COUPLING_COMPLETED,retrofit,,,,SCREW,0,2.0
6390.0,2025-12-05T10:30:00+00:00,LOCO_01,SHUNTING_PREP,retrofit,,,,,0,1.0
6391.0,2025-12-05T10:31:00+00:00,LOCO_01,MOVING,WS_02,retrofit,WS_02,,,0,5.0
6396.0,2025-12-05T10:36:00+00:00,LOCO_01,DECOUPLING_STARTED,WS_02,,,,SCREW,0,3.0
6399.0,2025-12-05T10:39:00+00:00,LOCO_01,DECOUPLING_COMPLETED,WS_02,,,,SCREW,0,3.0
6402.0,2025-12-05T10:42:00+00:00,LOCO_01,MOVING,track_19,WS_02,track_19,,,0,5.0
6407.0,2025-12-05T10:47:00+00:00,LOCO_01,MOVING,collection1,track_19,collection1,,,0,60.0
6467.0,2025-12-05T11:47:00+00:00,LOCO_01,ALLOCATED,,,,batch_transport,,0,0.0
6467.0,2025-12-05T11:47:00+00:00,LOCO_01,LOCO_COUPLING_STARTED,collection1,,,,SCREW,1,2.0
6469.0,2025-12-05T11:49:00+00:00,LOCO_01,LOCO_COUPLING_COMPLETED,collection1,,,,SCREW,1,2.0
6469.0,2025-12-05T11:49:00+00:00,LOCO_01,SHUNTING_PREP,collection1,,,,,1,1.0
6470.0,2025-12-05T11:50:00+00:00,LOCO_01,MOVING,retrofit,collection1,retrofit,,,0,60.0
6530.0,2025-12-05T12:50:00+00:00,LOCO_01,LOCO_DECOUPLING_STARTED,retrofit,,,,SCREW,1,3.0
6533.0,2025-12-05T12:53:00+00:00,LOCO_01,MOVING,track_19,retrofit,track_19,,,0,0.0
6533.0,2025-12-05T12:53:00+00:00,LOCO_01,LOCO_DECOUPLING_COMPLETED,retrofit,,,,SCREW,1,3.0
6538.0,2025-12-05T12:58:00+00:00,LOCO_01,PARKING,,,,,,0,0.0
6538.0,2025-12-05T12:58:00+00:00,LOCO_01,MOVING,WS_02,track_19,WS_02,,,0,5.0
6543.0,2025-12-05T13:03:00+00:00,LOCO_01,RAKE_COUPLING_STARTED,WS_02,,,,DAC,2,0.5
6543.5,2025-12-05T13:03:30+00:00,LOCO_01,RAKE_COUPLING_COMPLETED,WS_02,,,,DAC,2,0.5
6543.5,2025-12-05T13:03:30+00:00,LOCO_01,LOCO_COUPLING_STARTED,WS_02,,,,DAC,2,0.5
6544.0,2025-12-05T13:04:00+00:00,LOCO_01,LOCO_COUPLING_COMPLETED,WS_02,,,,DAC,2,0.5
6544.0,2025-12-05T13:04:00+00:00,LOCO_01,SHUNTING_PREP,WS_02,,,,,2,1.0
6545.0,2025-12-05T13:05:00+00:00,LOCO_01,MOVING,retrofitted,WS_02,retrofitted,,,0,5.0
6550.0,2025-12-05T13:10:00+00:00,LOCO_01,MOVING,track_19,retrofitted,track_19,,,0,5.0
6555.0,2025-12-05T13:15:00+00:00,LOCO_01,MOVING,WS_01,track_19,WS_01,,,0,5.0
6560.0,2025-12-05T13:20:00+00:00,LOCO_01,RAKE_COUPLING_STARTED,WS_01,,,,DAC,2,0.5
6560.5,2025-12-05T13:20:30+00:00,LOCO_01,RAKE_COUPLING_COMPLETED,WS_01,,,,DAC,2,0.5
6560.5,2025-12-05T13:20:30+00:00,LOCO_01,LOCO_COUPLING_STARTED,WS_01,,,,DAC,2,0.5
6561.0,2025-12-05T13:21:00+00:00,LOCO_01,LOCO_COUPLING_COMPLETED,WS_01,,,,DAC,2,0.5
6561.0,2025-12-05T13:21:00+00:00,LOCO_01,SHUNTING_PREP,WS_01,,,,,2,1.0
6562.0,2025-12-05T13:22:00+00:00,LOCO_01,MOVING,retrofitted,WS_01,retrofitted,,,0,5.0
6567.0,2025-12-05T13:27:00+00:00,LOCO_01,MOVING,track_19,retrofitted,track_19,,,0,7.0
6574.0,2025-12-05T13:34:00+00:00,LOCO_01,MOVING,retrofit,track_19,retrofit,,,0,5.0
6579.0,2025-12-05T13:39:00+00:00,LOCO_01,COUPLING_STARTED,retrofit,,,,SCREW,0,2.0
6581.0,2025-12-05T13:41:00+00:00,LOCO_01,COUPLING_COMPLETED,retrofit,,,,SCREW,0,2.0
6581.0,2025-12-05T13:41:00+00:00,LOCO_01,SHUNTING_PREP,retrofit,,,,,0,1.0
6582.0,2025-12-05T13:42:00+00:00,LOCO_01,MOVING,WS_02,retrofit,WS_02,,,0,5.0
6587.0,2025-12-05T13:47:00+00:00,LOCO_01,DECOUPLING_STARTED,WS_02,,,,SCREW,0,3.0
6590.0,2025-12-05T13:50:00+00:00,LOCO_01,DECOUPLING_COMPLETED,WS_02,,,,SCREW,0,3.0
6593.0,2025-12-05T13:53:00+00:00,LOCO_01,MOVING,track_19,WS_02,track_19,,,0,5.0
6598.0,2025-12-05T13:58:00+00:00,LOCO_01,MOVING,collection1,track_19,collection1,,,0,60.0
6658.0,2025-12-05T14:58:00+00:00,LOCO_01,ALLOCATED,,,,batch_transport,,0,0.0
6658.0,2025-12-05T14:58:00+00:00,LOCO_01,LOCO_COUPLING_STARTED,collection1,,,,SCREW,1,2.0
6660.0,2025-12-05T15:00:00+00:00,LOCO_01,LOCO_COUPLING_COMPLETED,collection1,,,,SCREW,1,2.0
6660.0,2025-12-05T15:00:00+00:00,LOCO_01,SHUNTING_PREP,collection1,,,,,1,1.0
6661.0,2025-12-05T15:01:00+00:00,LOCO_01,MOVING,retrofit,collection1,retrofit,,,0,60.0
6721.0,2025-12-05T16:01:00+00:00,LOCO_01,LOCO_DECOUPLING_STARTED,retrofit,,,,SCREW,1,3.0
6724.0,2025-12-05T16:04:00+00:00,LOCO_01,MOVING,track_19,retrofit,track_19,,,0,0.0
6724.0,2025-12-05T16:04:00+00:00,LOCO_01,LOCO_DECOUPLING_COMPLETED,retrofit,,,,SCREW,1,3.0
6729.0,2025-12-05T16:09:00+00:00,LOCO_01,PARKING,,,,,,0,0.0
6729.0,2025-12-05T16:09:00+00:00,LOCO_01,MOVING,collection2,track_19,collection2,,,0,60.0
6789.0,2025-12-05T17:09:00+00:00,LOCO_01,ALLOCATED,,,,batch_transport,,0,0.0
6789.0,2025-12-05T17:09:00+00:00,LOCO_01,RAKE_COUPLING_STARTED,collection2,,,,SCREW,2,2.0
6791.0,2025-12-05T17:11:00+00:00,LOCO_01,RAKE_COUPLING_COMPLETED,collection2,,,,SCREW,2,2.0
6791.0,2025-12-05T17:11:00+00:00,LOCO_01,LOCO_COUPLING_STARTED,collection2,,,,SCREW,2,2.0
6793.0,2025-12-05T17:13:00+00:00,LOCO_01,LOCO_COUPLING_COMPLETED,collection2,,,,SCREW,2,2.0
6793.0,2025-12-05T17:13:00+00:00,LOCO_01,SHUNTING_PREP,collection2,,,,,2,1.0
6794.0,2025-12-05T17:14:00+00:00,LOCO_01,MOVING,retrofit,collection2,retrofit,,,0,60.0
6854.0,2025-12-05T18:14:00+00:00,LOCO_01,LOCO_DECOUPLING_STARTED,retrofit,,,,SCREW,2,3.0
6857.0,2025-12-05T18:17:00+00:00,LOCO_01,LOCO_DECOUPLING_COMPLETED,retrofit,,,,SCREW,2,3.0
6857.0,2025-12-05T18:17:00+00:00,LOCO_01,RAKE_DECOUPLING_STARTED,retrofit,,,,SCREW,2,3.0
6860.0,2025-12-05T18:20:00+00:00,LOCO_01,RAKE_DECOUPLING_COMPLETED,retrofit,,,,SCREW,2,3.0
6863.0,2025-12-05T18:23:00+00:00,LOCO_01,MOVING,track_19,retrofit,track_19,,,0,5.0
6868.0,2025-12-05T18:28:00+00:00,LOCO_01,PARKING,,,,,,0,2.0
6870.0,2025-12-05T18:30:00+00:00,LOCO_01,MOVING,retrofit,track_19,retrofit,,,0,5.0
6875.0,2025-12-05T18:35:00+00:00,LOCO_01,COUPLING_STARTED,retrofit,,,,SCREW,0,2.0
6877.0,2025-12-05T18:37:00+00:00,LOCO_01,COUPLING_COMPLETED,retrofit,,,,SCREW,0,2.0
6877.0,2025-12-05T18:37:00+00:00,LOCO_01,SHUNTING_PREP,retrofit,,,,,0,1.0
6878.0,2025-12-05T18:38:00+00:00,LOCO_01,MOVING,WS_01,retrofit,WS_01,,,0,5.0
6883.0,2025-12-05T18:43:00+00:00,LOCO_01,DECOUPLING_STARTED,WS_01,,,,SCREW,0,3.0
6886.0,2025-12-05T18:46:00+00:00,LOCO_01,DECOUPLING_COMPLETED,WS_01,,,,SCREW,0,3.0
6889.0,2025-12-05T18:49:00+00:00,LOCO_01,MOVING,track_19,WS_01,track_19,,,0,5.0
6894.0,2025-12-05T18:54:00+00:00,LOCO_01,ALLOCATED,,,,batch_transport,,0,0.0
6894.0,2025-12-05T18:54:00+00:00,LOCO_01,MOVING,retrofitted,track_19,retrofitted,,,0,5.0
6899.0,2025-12-05T18:59:00+00:00,LOCO_01,RAKE_COUPLING_STARTED,retrofitted,,,,DAC,4,1.5
6900.5,2025-12-05T19:00:30+00:00,LOCO_01,RAKE_COUPLING_COMPLETED,retrofitted,,,,DAC,4,1.5
6900.5,2025-12-05T19:00:30+00:00,LOCO_01,LOCO_COUPLING_STARTED,retrofitted,,,,DAC,4,0.5
6901.0,2025-12-05T19:01:00+00:00,LOCO_01,LOCO_COUPLING_COMPLETED,retrofitted,,,,DAC,4,0.5
6901.0,2025-12-05T19:01:00+00:00,LOCO_01,SHUNTING_PREP,retrofitted,,,,,4,1.0
6902.0,2025-12-05T19:02:00+00:00,LOCO_01,MOVING,parking13,retrofitted,parking13,,,0,75.0
6977.0,2025-12-05T20:17:00+00:00,LOCO_01,LOCO_DECOUPLING_STARTED,parking13,,,,DAC,4,0.5
6977.5,2025-12-05T20:17:30+00:00,LOCO_01,LOCO_DECOUPLING_COMPLETED,parking13,,,,DAC,4,0.5
6977.5,2025-12-05T20:17:30+00:00,LOCO_01,RAKE_DECOUPLING_STARTED,parking13,,,,DAC,4,1.5
6979.0,2025-12-05T20:19:00+00:00,LOCO_01,RAKE_DECOUPLING_COMPLETED,parking13,,,,DAC,4,1.5
6980.5,2025-12-05T20:20:30+00:00,LOCO_01,MOVING,track_19,parking13,track_19,,,0,60.0
7040.5,2025-12-05T21:20:30+00:00,LOCO_01,MOVING,collection1,track_19,collection1,,,0,60.0
7100.5,2025-12-05T22:20:30+00:00,LOCO_01,ALLOCATED,,,,batch_transport,,0,0.0
7100.5,2025-12-05T22:20:30+00:00,LOCO_01,LOCO_COUPLING_STARTED,collection1,,,,SCREW,1,2.0
7102.5,2025-12-05T22:22:30+00:00,LOCO_01,LOCO_COUPLING_COMPLETED,collection1,,,,SCREW,1,2.0
7102.5,2025-12-05T22:22:30+00:00,LOCO_01,SHUNTING_PREP,collection1,,,,,1,1.0
7103.5,2025-12-05T22:23:30+00:00,LOCO_01,MOVING,retrofit,collection1,retrofit,,,0,60.0
7163.5,2025-12-05T23:23:30+00:00,LOCO_01,LOCO_DECOUPLING_STARTED,retrofit,,,,SCREW,1,3.0
7166.5,2025-12-05T23:26:30+00:00,LOCO_01,MOVING,track_19,retrofit,track_19,,,0,0.0
7166.5,2025-12-05T23:26:30+00:00,LOCO_01,LOCO_DECOUPLING_COMPLETED,retrofit,,,,SCREW,1,3.0
7171.5,2025-12-05T23:31:30+00:00,LOCO_01,PARKING,,,,,,0,0.0
7171.5,2025-12-05T23:31:30+00:00,LOCO_01,MOVING,collection2,track_19,collection2,,,0,60.0
7231.5,2025-12-06T00:31:30+00:00,LOCO_01,ALLOCATED,,,,batch_transport,,0,0.0
7231.5,2025-12-06T00:31:30+00:00,LOCO_01,LOCO_COUPLING_STARTED,collection2,,,,SCREW,1,2.0
7233.5,2025-12-06T00:33:30+00:00,LOCO_01,LOCO_COUPLING_COMPLETED,collection2,,,,SCREW,1,2.0
7233.5,2025-12-06T00:33:30+00:00,LOCO_01,SHUNTING_PREP,collection2,,,,,1,1.0
7234.5,2025-12-06T00:34:30+00:00,LOCO_01,MOVING,retrofit,collection2,retrofit,,,0,60.0
7294.5,2025-12-06T01:34:30+00:00,LOCO_01,LOCO_DECOUPLING_STARTED,retrofit,,,,SCREW,1,3.0
7297.5,2025-12-06T01:37:30+00:00,LOCO_01,MOVING,track_19,retrofit,track_19,,,0,0.0
7297.5,2025-12-06T01:37:30+00:00,LOCO_01,LOCO_DECOUPLING_COMPLETED,retrofit,,,,SCREW,1,3.0
7302.5,2025-12-06T01:42:30+00:00,LOCO_01,PARKING,,,,,,0,0.0
7302.5,2025-12-06T01:42:30+00:00,LOCO_01,MOVING,WS_02,track_19,WS_02,,,0,5.0
7307.5,2025-12-06T01:47:30+00:00,LOCO_01,RAKE_COUPLING_STARTED,WS_02,,,,DAC,2,0.5
7308.0,2025-12-06T01:48:00+00:00,LOCO_01,RAKE_COUPLING_COMPLETED,WS_02,,,,DAC,2,0.5
7308.0,2025-12-06T01:48:00+00:00,LOCO_01,LOCO_COUPLING_STARTED,WS_02,,,,DAC,2,0.5
7308.5,2025-12-06T01:48:30+00:00,LOCO_01,LOCO_COUPLING_COMPLETED,WS_02,,,,DAC,2,0.5
7308.5,2025-12-06T01:48:30+00:00,LOCO_01,SHUNTING_PREP,WS_02,,,,,2,1.0
7309.5,2025-12-06T01:49:30+00:00,LOCO_01,MOVING,retrofitted,WS_02,retrofitted,,,0,5.0
7314.5,2025-12-06T01:54:30+00:00,LOCO_01,MOVING,track_19,retrofitted,track_19,,,0,5.0
7319.5,2025-12-06T01:59:30+00:00,LOCO_01,MOVING,WS_01,track_19,WS_01,,,0,5.0
7324.5,2025-12-06T02:04:30+00:00,LOCO_01,RAKE_COUPLING_STARTED,WS_01,,,,DAC,2,0.5
7325.0,2025-12-06T02:05:00+00:00,LOCO_01,RAKE_COUPLING_COMPLETED,WS_01,,,,DAC,2,0.5
7325.0,2025-12-06T02:05:00+00:00,LOCO_01,LOCO_COUPLING_STARTED,WS_01,,,,DAC,2,0.5
7325.5,2025-12-06T02:05:30+00:00,LOCO_01,LOCO_COUPLING_COMPLETED,WS_01,,,,DAC,2,0.5
7325.5,2025-12-06T02:05:30+00:00,LOCO_01,SHUNTING_PREP,WS_01,,,,,2,1.0
7326.5,2025-12-06T02:06:30+00:00,LOCO_01,MOVING,retrofitted,WS_01,retrofitted,,,0,5.0
7331.5,2025-12-06T02:11:30+00:00,LOCO_01,MOVING,track_19,retrofitted,track_19,,,0,7.0
7338.5,2025-12-06T02:18:30+00:00,LOCO_01,MOVING,retrofit,track_19,retrofit,,,0,5.0
7343.5,2025-12-06T02:23:30+00:00,LOCO_01,COUPLING_STARTED,retrofit,,,,SCREW,0,2.0
7345.5,2025-12-06T02:25:30+00:00,LOCO_01,COUPLING_COMPLETED,retrofit,,,,SCREW,0,2.0
7345.5,2025-12-06T02:25:30+00:00,LOCO_01,SHUNTING_PREP,retrofit,,,,,0,1.0
7346.5,2025-12-06T02:26:30+00:00,LOCO_01,MOVING,WS_02,retrofit,WS_02,,,0,5.0
7351.5,2025-12-06T02:31:30+00:00,LOCO_01,DECOUPLING_STARTED,WS_02,,,,SCREW,0,3.0
7354.5,2025-12-06T02:34:30+00:00,LOCO_01,DECOUPLING_COMPLETED,WS_02,,,,SCREW,0,3.0
7357.5,2025-12-06T02:37:30+00:00,LOCO_01,MOVING,track_19,WS_02,track_19,,,0,7.0
7364.5,2025-12-06T02:44:30+00:00,LOCO_01,MOVING,retrofit,track_19,retrofit,,,0,5.0
7369.5,2025-12-06T02:49:30+00:00,LOCO_01,COUPLING_STARTED,retrofit,,,,SCREW,0,2.0
7371.5,2025-12-06T02:51:30+00:00,LOCO_01,COUPLING_COMPLETED,retrofit,,,,SCREW,0,2.0
7371.5,2025-12-06T02:51:30+00:00,LOCO_01,SHUNTING_PREP,retrofit,,,,,0,1.0
7372.5,2025-12-06T02:52:30+00:00,LOCO_01,MOVING,WS_01,retrofit,WS_01,,,0,5.0
7377.5,2025-12-06T02:57:30+00:00,LOCO_01,DECOUPLING_STARTED,WS_01,,,,SCREW,0,3.0
7380.5,2025-12-06T03:00:30+00:00,LOCO_01,DECOUPLING_COMPLETED,WS_01,,,,SCREW,0,3.0
7383.5,2025-12-06T03:03:30+00:00,LOCO_01,MOVING,track_19,WS_01,track_19,,,0,5.0
7388.5,2025-12-06T03:08:30+00:00,LOCO_01,MOVING,collection1,track_19,collection1,,,0,60.0
7448.5,2025-12-06T04:08:30+00:00,LOCO_01,ALLOCATED,,,,batch_transport,,0,0.0
7448.5,2025-12-06T04:08:30+00:00,LOCO_01,RAKE_COUPLING_STARTED,collection1,,,,SCREW,2,2.0
7450.5,2025-12-06T04:10:30+00:00,LOCO_01,RAKE_COUPLING_COMPLETED,collection1,,,,SCREW,2,2.0
7450.5,2025-12-06T04:10:30+00:00,LOCO_01,LOCO_COUPLING_STARTED,collection1,,,,SCREW,2,2.0
7452.5,2025-12-06T04:12:30+00:00,LOCO_01,LOCO_COUPLING_COMPLETED,collection1,,,,SCREW,2,2.0
7452.5,2025-12-06T04:12:30+00:00,LOCO_01,SHUNTING_PREP,collection1,,,,,2,1.0
7453.5,2025-12-06T04:13:30+00:00,LOCO_01,MOVING,retrofit,collection1,retrofit,,,0,60.0
7513.5,2025-12-06T05:13:30+00:00,LOCO_01,LOCO_DECOUPLING_STARTED,retrofit,,,,SCREW,2,3.0
7516.5,2025-12-06T05:16:30+00:00,LOCO_01,LOCO_DECOUPLING_COMPLETED,retrofit,,,,SCREW,2,3.0
7516.5,2025-12-06T05:16:30+00:00,LOCO_01,RAKE_DECOUPLING_STARTED,retrofit,,,,SCREW,2,3.0
7519.5,2025-12-06T05:19:30+00:00,LOCO_01,RAKE_DECOUPLING_COMPLETED,retrofit,,,,SCREW,2,3.0
7522.5,2025-12-06T05:22:30+00:00,LOCO_01,MOVING,track_19,retrofit,track_19,,,0,5.0
7527.5,2025-12-06T05:27:30+00:00,LOCO_01,PARKING,,,,,,0,0.0
7527.5,2025-12-06T05:27:30+00:00,LOCO_01,MOVING,collection2,track_19,collection2,,,0,60.0
7587.5,2025-12-06T06:27:30+00:00,LOCO_01,ALLOCATED,,,,batch_transport,,0,0.0
7587.5,2025-12-06T06:27:30+00:00,LOCO_01,LOCO_COUPLING_STARTED,collection2,,,,SCREW,1,2.0
7589.5,2025-12-06T06:29:30+00:00,LOCO_01,LOCO_COUPLING_COMPLETED,collection2,,,,SCREW,1,2.0
7589.5,2025-12-06T06:29:30+00:00,LOCO_01,SHUNTING_PREP,collection2,,,,,1,1.0
7590.5,2025-12-06T06:30:30+00:00,LOCO_01,MOVING,retrofit,collection2,retrofit,,,0,60.0
7650.5,2025-12-06T07:30:30+00:00,LOCO_01,LOCO_DECOUPLING_STARTED,retrofit,,,,SCREW,1,3.0
7653.5,2025-12-06T07:33:30+00:00,LOCO_01,MOVING,track_19,retrofit,track_19,,,0,0.0
7653.5,2025-12-06T07:33:30+00:00,LOCO_01,LOCO_DECOUPLING_COMPLETED,retrofit,,,,SCREW,1,3.0
7658.5,2025-12-06T07:38:30+00:00,LOCO_01,PARKING,,,,,,0,0.0
7658.5,2025-12-06T07:38:30+00:00,LOCO_01,MOVING,collection1,track_19,collection1,,,0,60.0
7718.5,2025-12-06T08:38:30+00:00,LOCO_01,ALLOCATED,,,,batch_transport,,0,0.0
7718.5,2025-12-06T08:38:30+00:00,LOCO_01,LOCO_COUPLING_STARTED,collection1,,,,SCREW,1,2.0
7720.5,2025-12-06T08:40:30+00:00,LOCO_01,LOCO_COUPLING_COMPLETED,collection1,,,,SCREW,1,2.0
7720.5,2025-12-06T08:40:30+00:00,LOCO_01,SHUNTING_PREP,collection1,,,,,1,1.0
7721.5,2025-12-06T08:41:30+00:00,LOCO_01,MOVING,retrofit,collection1,retrofit,,,0,60.0
7781.5,2025-12-06T09:41:30+00:00,LOCO_01,LOCO_DECOUPLING_STARTED,retrofit,,,,SCREW,1,3.0
7784.5,2025-12-06T09:44:30+00:00,LOCO_01,MOVING,track_19,retrofit,track_19,,,0,0.0
7784.5,2025-12-06T09:44:30+00:00,LOCO_01,LOCO_DECOUPLING_COMPLETED,retrofit,,,,SCREW,1,3.0
7789.5,2025-12-06T09:49:30+00:00,LOCO_01,PARKING,,,,,,0,0.0
7789.5,2025-12-06T09:49:30+00:00,LOCO_01,ALLOCATED,,,,batch_transport,,0,0.0
7789.5,2025-12-06T09:49:30+00:00,LOCO_01,MOVING,retrofitted,track_19,retrofitted,,,0,5.0
7794.5,2025-12-06T09:54:30+00:00,LOCO_01,RAKE_COUPLING_STARTED,retrofitted,,,,DAC,8,3.5
7798.0,2025-12-06T09:58:00+00:00,LOCO_01,RAKE_COUPLING_COMPLETED,retrofitted,,,,DAC,8,3.5
7798.0,2025-12-06T09:58:00+00:00,LOCO_01,LOCO_COUPLING_STARTED,retrofitted,,,,DAC,8,0.5
7798.5,2025-12-06T09:58:30+00:00,LOCO_01,LOCO_COUPLING_COMPLETED,retrofitted,,,,DAC,8,0.5
7798.5,2025-12-06T09:58:30+00:00,LOCO_01,SHUNTING_PREP,retrofitted,,,,,8,1.0
7799.5,2025-12-06T09:59:30+00:00,LOCO_01,MOVING,parking15,retrofitted,parking15,,,0,75.0
7874.5,2025-12-06T11:14:30+00:00,LOCO_01,LOCO_DECOUPLING_STARTED,parking15,,,,DAC,8,0.5
7875.0,2025-12-06T11:15:00+00:00,LOCO_01,LOCO_DECOUPLING_COMPLETED,parking15,,,,DAC,8,0.5
7875.0,2025-12-06T11:15:00+00:00,LOCO_01,RAKE_DECOUPLING_STARTED,parking15,,,,DAC,8,3.5
7878.5,2025-12-06T11:18:30+00:00,LOCO_01,RAKE_DECOUPLING_COMPLETED,parking15,,,,DAC,8,3.5
7882.0,2025-12-06T11:22:00+00:00,LOCO_01,MOVING,track_19,parking15,track_19,,,0,60.0
7942.0,2025-12-06T12:22:00+00:00,LOCO_01,MOVING,collection2,track_19,collection2,,,0,60.0
8002.0,2025-12-06T13:22:00+00:00,LOCO_01,ALLOCATED,,,,batch_transport,,0,0.0
8002.0,2025-12-06T13:22:00+00:00,LOCO_01,LOCO_COUPLING_STARTED,collection2,,,,SCREW,1,2.0
8004.0,2025-12-06T13:24:00+00:00,LOCO_01,LOCO_COUPLING_COMPLETED,collection2,,,,SCREW,1,2.0
8004.0,2025-12-06T13:24:00+00:00,LOCO_01,SHUNTING_PREP,collection2,,,,,1,1.0
8005.0,2025-12-06T13:25:00+00:00,LOCO_01,MOVING,retrofit,collection2,retrofit,,,0,60.0
8065.0,2025-12-06T14:25:00+00:00,LOCO_01,LOCO_DECOUPLING_STARTED,retrofit,,,,SCREW,1,3.0
8068.0,2025-12-06T14:28:00+00:00,LOCO_01,MOVING,track_19,retrofit,track_19,,,0,0.0
8068.0,2025-12-06T14:28:00+00:00,LOCO_01,LOCO_DECOUPLING_COMPLETED,retrofit,,,,SCREW,1,3.0
8073.0,2025-12-06T14:33:00+00:00,LOCO_01,PARKING,,,,,,0,0.0
8073.0,2025-12-06T14:33:00+00:00,LOCO_01,MOVING,WS_02,track_19,WS_02,,,0,5.0
8078.0,2025-12-06T14:38:00+00:00,LOCO_01,RAKE_COUPLING_STARTED,WS_02,,,,DAC,2,0.5
8078.5,2025-12-06T14:38:30+00:00,LOCO_01,RAKE_COUPLING_COMPLETED,WS_02,,,,DAC,2,0.5
8078.5,2025-12-06T14:38:30+00:00,LOCO_01,LOCO_COUPLING_STARTED,WS_02,,,,DAC,2,0.5
8079.0,2025-12-06T14:39:00+00:00,LOCO_01,LOCO_COUPLING_COMPLETED,WS_02,,,,DAC,2,0.5
8079.0,2025-12-06T14:39:00+00:00,LOCO_01,SHUNTING_PREP,WS_02,,,,,2,1.0
8080.0,2025-12-06T14:40:00+00:00,LOCO_01,MOVING,retrofitted,WS_02,retrofitted,,,0,5.0
8085.0,2025-12-06T14:45:00+00:00,LOCO_01,MOVING,track_19,retrofitted,track_19,,,0,5.0
8090.0,2025-12-06T14:50:00+00:00,LOCO_01,MOVING,collection1,track_19,collection1,,,0,60.0
8150.0,2025-12-06T15:50:00+00:00,LOCO_01,ALLOCATED,,,,batch_transport,,0,0.0
8150.0,2025-12-06T15:50:00+00:00,LOCO_01,LOCO_COUPLING_STARTED,collection1,,,,SCREW,1,2.0
8152.0,2025-12-06T15:52:00+00:00,LOCO_01,LOCO_COUPLING_COMPLETED,collection1,,,,SCREW,1,2.0
8152.0,2025-12-06T15:52:00+00:00,LOCO_01,SHUNTING_PREP,collection1,,,,,1,1.0
8153.0,2025-12-06T15:53:00+00:00,LOCO_01,MOVING,retrofit,collection1,retrofit,,,0,60.0
8213.0,2025-12-06T16:53:00+00:00,LOCO_01,LOCO_DECOUPLING_STARTED,retrofit,,,,SCREW,1,3.0
8216.0,2025-12-06T16:56:00+00:00,LOCO_01,MOVING,track_19,retrofit,track_19,,,0,0.0
8216.0,2025-12-06T16:56:00+00:00,LOCO_01,LOCO_DECOUPLING_COMPLETED,retrofit,,,,SCREW,1,3.0
8221.0,2025-12-06T17:01:00+00:00,LOCO_01,PARKING,,,,,,0,2.0
8223.0,2025-12-06T17:03:00+00:00,LOCO_01,MOVING,retrofit,track_19,retrofit,,,0,5.0
8228.0,2025-12-06T17:08:00+00:00,LOCO_01,COUPLING_STARTED,retrofit,,,,SCREW,0,2.0
8230.0,2025-12-06T17:10:00+00:00,LOCO_01,COUPLING_COMPLETED,retrofit,,,,SCREW,0,2.0
8230.0,2025-12-06T17:10:00+00:00,LOCO_01,SHUNTING_PREP,retrofit,,,,,0,1.0
8231.0,2025-12-06T17:11:00+00:00,LOCO_01,MOVING,WS_02,retrofit,WS_02,,,0,5.0
8236.0,2025-12-06T17:16:00+00:00,LOCO_01,DECOUPLING_STARTED,WS_02,,,,SCREW,0,3.0
8239.0,2025-12-06T17:19:00+00:00,LOCO_01,DECOUPLING_COMPLETED,WS_02,,,,SCREW,0,3.0
8242.0,2025-12-06T17:22:00+00:00,LOCO_01,MOVING,track_19,WS_02,track_19,,,0,5.0
8247.0,2025-12-06T17:27:00+00:00,LOCO_01,MOVING,WS_01,track_19,WS_01,,,0,5.0
8252.0,2025-12-06T17:32:00+00:00,LOCO_01,RAKE_COUPLING_STARTED,WS_01,,,,DAC,2,0.5
8252.5,2025-12-06T17:32:30+00:00,LOCO_01,RAKE_COUPLING_COMPLETED,WS_01,,,,DAC,2,0.5
8252.5,2025-12-06T17:32:30+00:00,LOCO_01,LOCO_COUPLING_STARTED,WS_01,,,,DAC,2,0.5
8253.0,2025-12-06T17:33:00+00:00,LOCO_01,LOCO_COUPLING_COMPLETED,WS_01,,,,DAC,2,0.5
8253.0,2025-12-06T17:33:00+00:00,LOCO_01,SHUNTING_PREP,WS_01,,,,,2,1.0
8254.0,2025-12-06T17:34:00+00:00,LOCO_01,MOVING,retrofitted,WS_01,retrofitted,,,0,5.0
8259.0,2025-12-06T17:39:00+00:00,LOCO_01,MOVING,track_19,retrofitted,track_19,,,0,5.0
8264.0,2025-12-06T17:44:00+00:00,LOCO_01,MOVING,collection1,track_19,collection1,,,0,60.0
8324.0,2025-12-06T18:44:00+00:00,LOCO_01,ALLOCATED,,,,batch_transport,,0,0.0
8324.0,2025-12-06T18:44:00+00:00,LOCO_01,LOCO_COUPLING_STARTED,collection1,,,,SCREW,1,2.0
8326.0,2025-12-06T18:46:00+00:00,LOCO_01,LOCO_COUPLING_COMPLETED,collection1,,,,SCREW,1,2.0
8326.0,2025-12-06T18:46:00+00:00,LOCO_01,SHUNTING_PREP,collection1,,,,,1,1.0
8327.0,2025-12-06T18:47:00+00:00,LOCO_01,MOVING,retrofit,collection1,retrofit,,,0,60.0
8387.0,2025-12-06T19:47:00+00:00,LOCO_01,LOCO_DECOUPLING_STARTED,retrofit,,,,SCREW,1,3.0
8390.0,2025-12-06T19:50:00+00:00,LOCO_01,MOVING,track_19,retrofit,track_19,,,0,0.0
8390.0,2025-12-06T19:50:00+00:00,LOCO_01,LOCO_DECOUPLING_COMPLETED,retrofit,,,,SCREW,1,3.0
8395.0,2025-12-06T19:55:00+00:00,LOCO_01,PARKING,,,,,,0,0.0
8395.0,2025-12-06T19:55:00+00:00,LOCO_01,MOVING,collection2,track_19,collection2,,,0,60.0
8455.0,2025-12-06T20:55:00+00:00,LOCO_01,ALLOCATED,,,,batch_transport,,0,0.0
8455.0,2025-12-06T20:55:00+00:00,LOCO_01,RAKE_COUPLING_STARTED,collection2,,,,SCREW,4,6.0
8461.0,2025-12-06T21:01:00+00:00,LOCO_01,RAKE_COUPLING_COMPLETED,collection2,,,,SCREW,4,6.0
8461.0,2025-12-06T21:01:00+00:00,LOCO_01,LOCO_COUPLING_STARTED,collection2,,,,SCREW,4,2.0
8463.0,2025-12-06T21:03:00+00:00,LOCO_01,LOCO_COUPLING_COMPLETED,collection2,,,,SCREW,4,2.0
8463.0,2025-12-06T21:03:00+00:00,LOCO_01,SHUNTING_PREP,collection2,,,,,4,1.0
8464.0,2025-12-06T21:04:00+00:00,LOCO_01,MOVING,retrofit,collection2,retrofit,,,0,60.0
8524.0,2025-12-06T22:04:00+00:00,LOCO_01,LOCO_DECOUPLING_STARTED,retrofit,,,,SCREW,4,3.0
8527.0,2025-12-06T22:07:00+00:00,LOCO_01,LOCO_DECOUPLING_COMPLETED,retrofit,,,,SCREW,4,3.0
8527.0,2025-12-06T22:07:00+00:00,LOCO_01,RAKE_DECOUPLING_STARTED,retrofit,,,,SCREW,4,9.0
8536.0,2025-12-06T22:16:00+00:00,LOCO_01,RAKE_DECOUPLING_COMPLETED,retrofit,,,,SCREW,4,9.0
8545.0,2025-12-06T22:25:00+00:00,LOCO_01,MOVING,track_19,retrofit,track_19,,,0,5.0
8550.0,2025-12-06T22:30:00+00:00,LOCO_01,PARKING,,,,,,0,0.0
8550.0,2025-12-06T22:30:00+00:00,LOCO_01,MOVING,WS_01,track_19,WS_01,,,0,5.0
8555.0,2025-12-06T22:35:00+00:00,LOCO_01,RAKE_COUPLING_STARTED,WS_01,,,,DAC,2,0.5
8555.5,2025-12-06T22:35:30+00:00,LOCO_01,RAKE_COUPLING_COMPLETED,WS_01,,,,DAC,2,0.5
8555.5,2025-12-06T22:35:30+00:00,LOCO_01,LOCO_COUPLING_STARTED,WS_01,,,,DAC,2,0.5
8556.0,2025-12-06T22:36:00+00:00,LOCO_01,LOCO_COUPLING_COMPLETED,WS_01,,,,DAC,2,0.5
8556.0,2025-12-06T22:36:00+00:00,LOCO_01,SHUNTING_PREP,WS_01,,,,,2,1.0
8557.0,2025-12-06T22:37:00+00:00,LOCO_01,MOVING,retrofitted,WS_01,retrofitted,,,0,5.0
8562.0,2025-12-06T22:42:00+00:00,LOCO_01,MOVING,track_19,retrofitted,track_19,,,0,5.0
8567.0,2025-12-06T22:47:00+00:00,LOCO_01,MOVING,WS_02,track_19,WS_02,,,0,5.0
8572.0,2025-12-06T22:52:00+00:00,LOCO_01,RAKE_COUPLING_STARTED,WS_02,,,,DAC,2,0.5
8572.5,2025-12-06T22:52:30+00:00,LOCO_01,RAKE_COUPLING_COMPLETED,WS_02,,,,DAC,2,0.5
8572.5,2025-12-06T22:52:30+00:00,LOCO_01,LOCO_COUPLING_STARTED,WS_02,,,,DAC,2,0.5
8573.0,2025-12-06T22:53:00+00:00,LOCO_01,LOCO_COUPLING_COMPLETED,WS_02,,,,DAC,2,0.5
8573.0,2025-12-06T22:53:00+00:00,LOCO_01,SHUNTING_PREP,WS_02,,,,,2,1.0
8574.0,2025-12-06T22:54:00+00:00,LOCO_01,MOVING,retrofitted,WS_02,retrofitted,,,0,5.0
8579.0,2025-12-06T22:59:00+00:00,LOCO_01,MOVING,track_19,retrofitted,track_19,,,0,5.0
8584.0,2025-12-06T23:04:00+00:00,LOCO_01,ALLOCATED,,,,batch_transport,,0,0.0
8584.0,2025-12-06T23:04:00+00:00,LOCO_01,MOVING,retrofitted,track_19,retrofitted,,,0,5.0
8589.0,2025-12-06T23:09:00+00:00,LOCO_01,RAKE_COUPLING_STARTED,retrofitted,,,,DAC,4,1.5
8590.5,2025-12-06T23:10:30+00:00,LOCO_01,RAKE_COUPLING_COMPLETED,retrofitted,,,,DAC,4,1.5
8590.5,2025-12-06T23:10:30+00:00,LOCO_01,LOCO_COUPLING_STARTED,retrofitted,,,,DAC,4,0.5
8591.0,2025-12-06T23:11:00+00:00,LOCO_01,LOCO_COUPLING_COMPLETED,retrofitted,,,,DAC,4,0.5
8591.0,2025-12-06T23:11:00+00:00,LOCO_01,SHUNTING_PREP,retrofitted,,,,,4,1.0
8592.0,2025-12-06T23:12:00+00:00,LOCO_01,MOVING,parking12,retrofitted,parking12,,,0,60.0
8652.0,2025-12-07T00:12:00+00:00,LOCO_01,LOCO_DECOUPLING_STARTED,parking12,,,,DAC,4,0.5
8652.5,2025-12-07T00:12:30+00:00,LOCO_01,LOCO_DECOUPLING_COMPLETED,parking12,,,,DAC,4,0.5
8652.5,2025-12-07T00:12:30+00:00,LOCO_01,RAKE_DECOUPLING_STARTED,parking12,,,,DAC,4,1.5
8654.0,2025-12-07T00:14:00+00:00,LOCO_01,RAKE_DECOUPLING_COMPLETED,parking12,,,,DAC,4,1.5
8655.5,2025-12-07T00:15:30+00:00,LOCO_01,MOVING,track_19,parking12,track_19,,,0,60.0
8715.5,2025-12-07T01:15:30+00:00,LOCO_01,MOVING,collection1,track_19,collection1,,,0,60.0
8775.5,2025-12-07T02:15:30+00:00,LOCO_01,ALLOCATED,,,,batch_transport,,0,0.0
8775.5,2025-12-07T02:15:30+00:00,LOCO_01,LOCO_COUPLING_STARTED,collection1,,,,SCREW,1,2.0
8777.5,2025-12-07T02:17:30+00:00,LOCO_01,LOCO_COUPLING_COMPLETED,collection1,,,,SCREW,1,2.0
8777.5,2025-12-07T02:17:30+00:00,LOCO_01,SHUNTING_PREP,collection1,,,,,1,1.0
8778.5,2025-12-07T02:18:30+00:00,LOCO_01,MOVING,retrofit,collection1,retrofit,,,0,60.0
8838.5,2025-12-07T03:18:30+00:00,LOCO_01,LOCO_DECOUPLING_STARTED,retrofit,,,,SCREW,1,3.0
8841.5,2025-12-07T03:21:30+00:00,LOCO_01,MOVING,track_19,retrofit,track_19,,,0,0.0
8841.5,2025-12-07T03:21:30+00:00,LOCO_01,LOCO_DECOUPLING_COMPLETED,retrofit,,,,SCREW,1,3.0
8846.5,2025-12-07T03:26:30+00:00,LOCO_01,PARKING,,,,,,0,2.0
8848.5,2025-12-07T03:28:30+00:00,LOCO_01,MOVING,retrofit,track_19,retrofit,,,0,5.0
8853.5,2025-12-07T03:33:30+00:00,LOCO_01,COUPLING_STARTED,retrofit,,,,SCREW,0,2.0
8855.5,2025-12-07T03:35:30+00:00,LOCO_01,COUPLING_COMPLETED,retrofit,,,,SCREW,0,2.0
8855.5,2025-12-07T03:35:30+00:00,LOCO_01,SHUNTING_PREP,retrofit,,,,,0,1.0
8856.5,2025-12-07T03:36:30+00:00,LOCO_01,MOVING,WS_01,retrofit,WS_01,,,0,5.0
8861.5,2025-12-07T03:41:30+00:00,LOCO_01,DECOUPLING_STARTED,WS_01,,,,SCREW,0,3.0
8864.5,2025-12-07T03:44:30+00:00,LOCO_01,DECOUPLING_COMPLETED,WS_01,,,,SCREW,0,3.0
8867.5,2025-12-07T03:47:30+00:00,LOCO_01,MOVING,track_19,WS_01,track_19,,,0,5.0
8872.5,2025-12-07T03:52:30+00:00,LOCO_01,MOVING,WS_02,track_19,WS_02,,,0,5.0
8877.5,2025-12-07T03:57:30+00:00,LOCO_01,RAKE_COUPLING_STARTED,WS_02,,,,DAC,2,0.5
8878.0,2025-12-07T03:58:00+00:00,LOCO_01,RAKE_COUPLING_COMPLETED,WS_02,,,,DAC,2,0.5
8878.0,2025-12-07T03:58:00+00:00,LOCO_01,LOCO_COUPLING_STARTED,WS_02,,,,DAC,2,0.5
8878.5,2025-12-07T03:58:30+00:00,LOCO_01,LOCO_COUPLING_COMPLETED,WS_02,,,,DAC,2,0.5
8878.5,2025-12-07T03:58:30+00:00,LOCO_01,SHUNTING_PREP,WS_02,,,,,2,1.0
8879.5,2025-12-07T03:59:30+00:00,LOCO_01,MOVING,retrofitted,WS_02,retrofitted,,,0,5.0
8884.5,2025-12-07T04:04:30+00:00,LOCO_01,MOVING,track_19,retrofitted,track_19,,,0,5.0
8889.5,2025-12-07T04:09:30+00:00,LOCO_01,MOVING,collection1,track_19,collection1,,,0,60.0
8949.5,2025-12-07T05:09:30+00:00,LOCO_01,ALLOCATED,,,,batch_transport,,0,0.0
8949.5,2025-12-07T05:09:30+00:00,LOCO_01,LOCO_COUPLING_STARTED,collection1,,,,SCREW,1,2.0
8951.5,2025-12-07T05:11:30+00:00,LOCO_01,LOCO_COUPLING_COMPLETED,collection1,,,,SCREW,1,2.0
8951.5,2025-12-07T05:11:30+00:00,LOCO_01,SHUNTING_PREP,collection1,,,,,1,1.0
8952.5,2025-12-07T05:12:30+00:00,LOCO_01,MOVING,retrofit,collection1,retrofit,,,0,60.0
9012.5,2025-12-07T06:12:30+00:00,LOCO_01,LOCO_DECOUPLING_STARTED,retrofit,,,,SCREW,1,3.0
9015.5,2025-12-07T06:15:30+00:00,LOCO_01,MOVING,track_19,retrofit,track_19,,,0,0.0
9015.5,2025-12-07T06:15:30+00:00,LOCO_01,LOCO_DECOUPLING_COMPLETED,retrofit,,,,SCREW,1,3.0
9020.5,2025-12-07T06:20:30+00:00,LOCO_01,PARKING,,,,,,0,2.0
9022.5,2025-12-07T06:22:30+00:00,LOCO_01,MOVING,retrofit,track_19,retrofit,,,0,5.0
9027.5,2025-12-07T06:27:30+00:00,LOCO_01,COUPLING_STARTED,retrofit,,,,SCREW,0,2.0
9029.5,2025-12-07T06:29:30+00:00,LOCO_01,COUPLING_COMPLETED,retrofit,,,,SCREW,0,2.0
9029.5,2025-12-07T06:29:30+00:00,LOCO_01,SHUNTING_PREP,retrofit,,,,,0,1.0
9030.5,2025-12-07T06:30:30+00:00,LOCO_01,MOVING,WS_01,retrofit,WS_01,,,0,5.0
9035.5,2025-12-07T06:35:30+00:00,LOCO_01,DECOUPLING_STARTED,WS_01,,,,SCREW,0,3.0
9038.5,2025-12-07T06:38:30+00:00,LOCO_01,DECOUPLING_COMPLETED,WS_01,,,,SCREW,0,3.0
9041.5,2025-12-07T06:41:30+00:00,LOCO_01,MOVING,track_19,WS_01,track_19,,,0,5.0
9046.5,2025-12-07T06:46:30+00:00,LOCO_01,ALLOCATED,,,,batch_transport,,0,0.0
9046.5,2025-12-07T06:46:30+00:00,LOCO_01,MOVING,retrofitted,track_19,retrofitted,,,0,5.0
9051.5,2025-12-07T06:51:30+00:00,LOCO_01,RAKE_COUPLING_STARTED,retrofitted,,,,DAC,4,1.5
9053.0,2025-12-07T06:53:00+00:00,LOCO_01,RAKE_COUPLING_COMPLETED,retrofitted,,,,DAC,4,1.5
9053.0,2025-12-07T06:53:00+00:00,LOCO_01,LOCO_COUPLING_STARTED,retrofitted,,,,DAC,4,0.5
9053.5,2025-12-07T06:53:30+00:00,LOCO_01,LOCO_COUPLING_COMPLETED,retrofitted,,,,DAC,4,0.5
9053.5,2025-12-07T06:53:30+00:00,LOCO_01,SHUNTING_PREP,retrofitted,,,,,4,1.0
9054.5,2025-12-07T06:54:30+00:00,LOCO_01,MOVING,parking16,retrofitted,parking16,,,0,120.0
9174.5,2025-12-07T08:54:30+00:00,LOCO_01,LOCO_DECOUPLING_STARTED,parking16,,,,DAC,4,0.5
9175.0,2025-12-07T08:55:00+00:00,LOCO_01,LOCO_DECOUPLING_COMPLETED,parking16,,,,DAC,4,0.5
9175.0,2025-12-07T08:55:00+00:00,LOCO_01,RAKE_DECOUPLING_STARTED,parking16,,,,DAC,4,1.5
9176.5,2025-12-07T08:56:30+00:00,LOCO_01,RAKE_DECOUPLING_COMPLETED,parking16,,,,DAC,4,1.5
9178.0,2025-12-07T08:58:00+00:00,LOCO_01,MOVING,track_19,parking16,track_19,,,0,60.0
9238.0,2025-12-07T09:58:00+00:00,LOCO_01,MOVING,WS_01,track_19,WS_01,,,0,5.0
9243.0,2025-12-07T10:03:00+00:00,LOCO_01,RAKE_COUPLING_STARTED,WS_01,,,,DAC,2,0.5
9243.5,2025-12-07T10:03:30+00:00,LOCO_01,RAKE_COUPLING_COMPLETED,WS_01,,,,DAC,2,0.5
9243.5,2025-12-07T10:03:30+00:00,LOCO_01,LOCO_COUPLING_STARTED,WS_01,,,,DAC,2,0.5
9244.0,2025-12-07T10:04:00+00:00,LOCO_01,LOCO_COUPLING_COMPLETED,WS_01,,,,DAC,2,0.5
9244.0,2025-12-07T10:04:00+00:00,LOCO_01,SHUNTING_PREP,WS_01,,,,,2,1.0
9245.0,2025-12-07T10:05:00+00:00,LOCO_01,MOVING,retrofitted,WS_01,retrofitted,,,0,5.0
9250.0,2025-12-07T10:10:00+00:00,LOCO_01,MOVING,track_19,retrofitted,track_19,,,0,7.0
9257.0,2025-12-07T10:17:00+00:00,LOCO_01,MOVING,retrofit,track_19,retrofit,,,0,5.0
9262.0,2025-12-07T10:22:00+00:00,LOCO_01,COUPLING_STARTED,retrofit,,,,SCREW,0,2.0
9264.0,2025-12-07T10:24:00+00:00,LOCO_01,COUPLING_COMPLETED,retrofit,,,,SCREW,0,2.0
9264.0,2025-12-07T10:24:00+00:00,LOCO_01,SHUNTING_PREP,retrofit,,,,,0,1.0
9265.0,2025-12-07T10:25:00+00:00,LOCO_01,MOVING,WS_02,retrofit,WS_02,,,0,5.0
9270.0,2025-12-07T10:30:00+00:00,LOCO_01,DECOUPLING_STARTED,WS_02,,,,SCREW,0,3.0
9273.0,2025-12-07T10:33:00+00:00,LOCO_01,DECOUPLING_COMPLETED,WS_02,,,,SCREW,0,3.0
9276.0,2025-12-07T10:36:00+00:00,LOCO_01,MOVING,track_19,WS_02,track_19,,,0,5.0
9281.0,2025-12-07T10:41:00+00:00,LOCO_01,MOVING,collection2,track_19,collection2,,,0,60.0
9341.0,2025-12-07T11:41:00+00:00,LOCO_01,ALLOCATED,,,,batch_transport,,0,0.0
9341.0,2025-12-07T11:41:00+00:00,LOCO_01,LOCO_COUPLING_STARTED,collection2,,,,SCREW,1,2.0
9343.0,2025-12-07T11:43:00+00:00,LOCO_01,LOCO_COUPLING_COMPLETED,collection2,,,,SCREW,1,2.0
9343.0,2025-12-07T11:43:00+00:00,LOCO_01,SHUNTING_PREP,collection2,,,,,1,1.0
9344.0,2025-12-07T11:44:00+00:00,LOCO_01,MOVING,retrofit,collection2,retrofit,,,0,60.0
9404.0,2025-12-07T12:44:00+00:00,LOCO_01,LOCO_DECOUPLING_STARTED,retrofit,,,,SCREW,1,3.0
9407.0,2025-12-07T12:47:00+00:00,LOCO_01,MOVING,track_19,retrofit,track_19,,,0,0.0
9407.0,2025-12-07T12:47:00+00:00,LOCO_01,LOCO_DECOUPLING_COMPLETED,retrofit,,,,SCREW,1,3.0
9412.0,2025-12-07T12:52:00+00:00,LOCO_01,PARKING,,,,,,0,2.0
9414.0,2025-12-07T12:54:00+00:00,LOCO_01,MOVING,retrofit,track_19,retrofit,,,0,5.0
9419.0,2025-12-07T12:59:00+00:00,LOCO_01,COUPLING_STARTED,retrofit,,,,SCREW,0,2.0
9421.0,2025-12-07T13:01:00+00:00,LOCO_01,COUPLING_COMPLETED,retrofit,,,,SCREW,0,2.0
9421.0,2025-12-07T13:01:00+00:00,LOCO_01,SHUNTING_PREP,retrofit,,,,,0,1.0
9422.0,2025-12-07T13:02:00+00:00,LOCO_01,MOVING,WS_01,retrofit,WS_01,,,0,5.0
9427.0,2025-12-07T13:07:00+00:00,LOCO_01,DECOUPLING_STARTED,WS_01,,,,SCREW,0,3.0
9430.0,2025-12-07T13:10:00+00:00,LOCO_01,DECOUPLING_COMPLETED,WS_01,,,,SCREW,0,3.0
9433.0,2025-12-07T13:13:00+00:00,LOCO_01,MOVING,track_19,WS_01,track_19,,,0,5.0
9438.0,2025-12-07T13:18:00+00:00,LOCO_01,MOVING,WS_02,track_19,WS_02,,,0,5.0
9443.0,2025-12-07T13:23:00+00:00,LOCO_01,RAKE_COUPLING_STARTED,WS_02,,,,DAC,2,0.5
9443.5,2025-12-07T13:23:30+00:00,LOCO_01,RAKE_COUPLING_COMPLETED,WS_02,,,,DAC,2,0.5
9443.5,2025-12-07T13:23:30+00:00,LOCO_01,LOCO_COUPLING_STARTED,WS_02,,,,DAC,2,0.5
9444.0,2025-12-07T13:24:00+00:00,LOCO_01,LOCO_COUPLING_COMPLETED,WS_02,,,,DAC,2,0.5
9444.0,2025-12-07T13:24:00+00:00,LOCO_01,SHUNTING_PREP,WS_02,,,,,2,1.0
9445.0,2025-12-07T13:25:00+00:00,LOCO_01,MOVING,retrofitted,WS_02,retrofitted,,,0,5.0
9450.0,2025-12-07T13:30:00+00:00,LOCO_01,MOVING,track_19,retrofitted,track_19,,,0,5.0
9455.0,2025-12-07T13:35:00+00:00,LOCO_01,MOVING,collection2,track_19,collection2,,,0,60.0
9515.0,2025-12-07T14:35:00+00:00,LOCO_01,ALLOCATED,,,,batch_transport,,0,0.0
9515.0,2025-12-07T14:35:00+00:00,LOCO_01,LOCO_COUPLING_STARTED,collection2,,,,SCREW,1,2.0
9517.0,2025-12-07T14:37:00+00:00,LOCO_01,LOCO_COUPLING_COMPLETED,collection2,,,,SCREW,1,2.0
9517.0,2025-12-07T14:37:00+00:00,LOCO_01,SHUNTING_PREP,collection2,,,,,1,1.0
9518.0,2025-12-07T14:38:00+00:00,LOCO_01,MOVING,retrofit,collection2,retrofit,,,0,60.0
9578.0,2025-12-07T15:38:00+00:00,LOCO_01,LOCO_DECOUPLING_STARTED,retrofit,,,,SCREW,1,3.0
9581.0,2025-12-07T15:41:00+00:00,LOCO_01,MOVING,track_19,retrofit,track_19,,,0,0.0
9581.0,2025-12-07T15:41:00+00:00,LOCO_01,LOCO_DECOUPLING_COMPLETED,retrofit,,,,SCREW,1,3.0
9586.0,2025-12-07T15:46:00+00:00,LOCO_01,PARKING,,,,,,0,2.0
9588.0,2025-12-07T15:48:00+00:00,LOCO_01,MOVING,retrofit,track_19,retrofit,,,0,5.0
9593.0,2025-12-07T15:53:00+00:00,LOCO_01,COUPLING_STARTED,retrofit,,,,SCREW,0,2.0
9595.0,2025-12-07T15:55:00+00:00,LOCO_01,COUPLING_COMPLETED,retrofit,,,,SCREW,0,2.0
9595.0,2025-12-07T15:55:00+00:00,LOCO_01,SHUNTING_PREP,retrofit,,,,,0,1.0
9596.0,2025-12-07T15:56:00+00:00,LOCO_01,MOVING,WS_01,retrofit,WS_01,,,0,5.0
9601.0,2025-12-07T16:01:00+00:00,LOCO_01,DECOUPLING_STARTED,WS_01,,,,SCREW,0,3.0
9604.0,2025-12-07T16:04:00+00:00,LOCO_01,DECOUPLING_COMPLETED,WS_01,,,,SCREW,0,3.0
9607.0,2025-12-07T16:07:00+00:00,LOCO_01,MOVING,track_19,WS_01,track_19,,,0,5.0
9612.0,2025-12-07T16:12:00+00:00,LOCO_01,MOVING,WS_02,track_19,WS_02,,,0,5.0
9617.0,2025-12-07T16:17:00+00:00,LOCO_01,RAKE_COUPLING_STARTED,WS_02,,,,DAC,2,0.5
9617.5,2025-12-07T16:17:30+00:00,LOCO_01,RAKE_COUPLING_COMPLETED,WS_02,,,,DAC,2,0.5
9617.5,2025-12-07T16:17:30+00:00,LOCO_01,LOCO_COUPLING_STARTED,WS_02,,,,DAC,2,0.5
9618.0,2025-12-07T16:18:00+00:00,LOCO_01,LOCO_COUPLING_COMPLETED,WS_02,,,,DAC,2,0.5
9618.0,2025-12-07T16:18:00+00:00,LOCO_01,SHUNTING_PREP,WS_02,,,,,2,1.0
9619.0,2025-12-07T16:19:00+00:00,LOCO_01,MOVING,retrofitted,WS_02,retrofitted,,,0,5.0
9624.0,2025-12-07T16:24:00+00:00,LOCO_01,MOVING,track_19,retrofitted,track_19,,,0,5.0
9629.0,2025-12-07T16:29:00+00:00,LOCO_01,MOVING,collection2,track_19,collection2,,,0,60.0
9689.0,2025-12-07T17:29:00+00:00,LOCO_01,ALLOCATED,,,,batch_transport,,0,0.0
9689.0,2025-12-07T17:29:00+00:00,LOCO_01,LOCO_COUPLING_STARTED,collection2,,,,SCREW,1,2.0
9691.0,2025-12-07T17:31:00+00:00,LOCO_01,LOCO_COUPLING_COMPLETED,collection2,,,,SCREW,1,2.0
9691.0,2025-12-07T17:31:00+00:00,LOCO_01,SHUNTING_PREP,collection2,,,,,1,1.0
9692.0,2025-12-07T17:32:00+00:00,LOCO_01,MOVING,retrofit,collection2,retrofit,,,0,60.0
9752.0,2025-12-07T18:32:00+00:00,LOCO_01,LOCO_DECOUPLING_STARTED,retrofit,,,,SCREW,1,3.0
9755.0,2025-12-07T18:35:00+00:00,LOCO_01,MOVING,track_19,retrofit,track_19,,,0,0.0
9755.0,2025-12-07T18:35:00+00:00,LOCO_01,LOCO_DECOUPLING_COMPLETED,retrofit,,,,SCREW,1,3.0
9760.0,2025-12-07T18:40:00+00:00,LOCO_01,PARKING,,,,,,0,0.0
9760.0,2025-12-07T18:40:00+00:00,LOCO_01,MOVING,collection1,track_19,collection1,,,0,60.0
9820.0,2025-12-07T19:40:00+00:00,LOCO_01,ALLOCATED,,,,batch_transport,,0,0.0
9820.0,2025-12-07T19:40:00+00:00,LOCO_01,RAKE_COUPLING_STARTED,collection1,,,,SCREW,3,4.0
9824.0,2025-12-07T19:44:00+00:00,LOCO_01,RAKE_COUPLING_COMPLETED,collection1,,,,SCREW,3,4.0
9824.0,2025-12-07T19:44:00+00:00,LOCO_01,LOCO_COUPLING_STARTED,collection1,,,,SCREW,3,2.0
9826.0,2025-12-07T19:46:00+00:00,LOCO_01,LOCO_COUPLING_COMPLETED,collection1,,,,SCREW,3,2.0
9826.0,2025-12-07T19:46:00+00:00,LOCO_01,SHUNTING_PREP,collection1,,,,,3,1.0
9827.0,2025-12-07T19:47:00+00:00,LOCO_01,MOVING,retrofit,collection1,retrofit,,,0,60.0
9887.0,2025-12-07T20:47:00+00:00,LOCO_01,LOCO_DECOUPLING_STARTED,retrofit,,,,SCREW,3,3.0
9890.0,2025-12-07T20:50:00+00:00,LOCO_01,LOCO_DECOUPLING_COMPLETED,retrofit,,,,SCREW,3,3.0
9890.0,2025-12-07T20:50:00+00:00,LOCO_01,RAKE_DECOUPLING_STARTED,retrofit,,,,SCREW,3,6.0
9896.0,2025-12-07T20:56:00+00:00,LOCO_01,RAKE_DECOUPLING_COMPLETED,retrofit,,,,SCREW,3,6.0
9902.0,2025-12-07T21:02:00+00:00,LOCO_01,MOVING,track_19,retrofit,track_19,,,0,5.0
9907.0,2025-12-07T21:07:00+00:00,LOCO_01,PARKING,,,,,,0,0.0
9907.0,2025-12-07T21:07:00+00:00,LOCO_01,MOVING,collection2,track_19,collection2,,,0,60.0
9967.0,2025-12-07T22:07:00+00:00,LOCO_01,ALLOCATED,,,,batch_transport,,0,0.0
9967.0,2025-12-07T22:07:00+00:00,LOCO_01,LOCO_COUPLING_STARTED,collection2,,,,SCREW,1,2.0
9969.0,2025-12-07T22:09:00+00:00,LOCO_01,LOCO_COUPLING_COMPLETED,collection2,,,,SCREW,1,2.0
9969.0,2025-12-07T22:09:00+00:00,LOCO_01,SHUNTING_PREP,collection2,,,,,1,1.0
9970.0,2025-12-07T22:10:00+00:00,LOCO_01,MOVING,retrofit,collection2,retrofit,,,0,60.0
10030.0,2025-12-07T23:10:00+00:00,LOCO_01,LOCO_DECOUPLING_STARTED,retrofit,,,,SCREW,1,3.0
10033.0,2025-12-07T23:13:00+00:00,LOCO_01,MOVING,track_19,retrofit,track_19,,,0,0.0
10033.0,2025-12-07T23:13:00+00:00,LOCO_01,LOCO_DECOUPLING_COMPLETED,retrofit,,,,SCREW,1,3.0
10038.0,2025-12-07T23:18:00+00:00,LOCO_01,PARKING,,,,,,0,0.0
10038.0,2025-12-07T23:18:00+00:00,LOCO_01,ALLOCATED,,,,batch_transport,,0,0.0
10038.0,2025-12-07T23:18:00+00:00,LOCO_01,MOVING,retrofitted,track_19,retrofitted,,,0,5.0
10043.0,2025-12-07T23:23:00+00:00,LOCO_01,RAKE_COUPLING_STARTED,retrofitted,,,,DAC,6,2.5
10045.5,2025-12-07T23:25:30+00:00,LOCO_01,RAKE_COUPLING_COMPLETED,retrofitted,,,,DAC,6,2.5
10045.5,2025-12-07T23:25:30+00:00,LOCO_01,LOCO_COUPLING_STARTED,retrofitted,,,,DAC,6,0.5
10046.0,2025-12-07T23:26:00+00:00,LOCO_01,LOCO_COUPLING_COMPLETED,retrofitted,,,,DAC,6,0.5
10046.0,2025-12-07T23:26:00+00:00,LOCO_01,SHUNTING_PREP,retrofitted,,,,,6,1.0
10047.0,2025-12-07T23:27:00+00:00,LOCO_01,MOVING,parking1,retrofitted,parking1,,,0,5.0
10052.0,2025-12-07T23:32:00+00:00,LOCO_01,LOCO_DECOUPLING_STARTED,parking1,,,,DAC,6,0.5
10052.5,2025-12-07T23:32:30+00:00,LOCO_01,LOCO_DECOUPLING_COMPLETED,parking1,,,,DAC,6,0.5
10052.5,2025-12-07T23:32:30+00:00,LOCO_01,RAKE_DECOUPLING_STARTED,parking1,,,,DAC,6,2.5
10055.0,2025-12-07T23:35:00+00:00,LOCO_01,RAKE_DECOUPLING_COMPLETED,parking1,,,,DAC,6,2.5
10057.5,2025-12-07T23:37:30+00:00,LOCO_01,MOVING,track_19,parking1,track_19,,,0,5.0
10062.5,2025-12-07T23:42:30+00:00,LOCO_01,MOVING,WS_01,track_19,WS_01,,,0,5.0
10067.5,2025-12-07T23:47:30+00:00,LOCO_01,RAKE_COUPLING_STARTED,WS_01,,,,DAC,2,0.5
10068.0,2025-12-07T23:48:00+00:00,LOCO_01,RAKE_COUPLING_COMPLETED,WS_01,,,,DAC,2,0.5
10068.0,2025-12-07T23:48:00+00:00,LOCO_01,LOCO_COUPLING_STARTED,WS_01,,,,DAC,2,0.5
10068.5,2025-12-07T23:48:30+00:00,LOCO_01,LOCO_COUPLING_COMPLETED,WS_01,,,,DAC,2,0.5
10068.5,2025-12-07T23:48:30+00:00,LOCO_01,SHUNTING_PREP,WS_01,,,,,2,1.0
10069.5,2025-12-07T23:49:30+00:00,LOCO_01,MOVING,retrofitted,WS_01,retrofitted,,,0,5.0
10074.5,2025-12-07T23:54:30+00:00,LOCO_01,MOVING,track_19,retrofitted,track_19,,,0,5.0
10079.5,2025-12-07T23:59:30+00:00,LOCO_01,MOVING,WS_02,track_19,WS_02,,,0,5.0
10084.5,2025-12-08T00:04:30+00:00,LOCO_01,RAKE_COUPLING_STARTED,WS_02,,,,DAC,2,0.5
10085.0,2025-12-08T00:05:00+00:00,LOCO_01,RAKE_COUPLING_COMPLETED,WS_02,,,,DAC,2,0.5
10085.0,2025-12-08T00:05:00+00:00,LOCO_01,LOCO_COUPLING_STARTED,WS_02,,,,DAC,2,0.5
10085.5,2025-12-08T00:05:30+00:00,LOCO_01,LOCO_COUPLING_COMPLETED,WS_02,,,,DAC,2,0.5
10085.5,2025-12-08T00:05:30+00:00,LOCO_01,SHUNTING_PREP,WS_02,,,,,2,1.0
10086.5,2025-12-08T00:06:30+00:00,LOCO_01,MOVING,retrofitted,WS_02,retrofitted,,,0,5.0
10091.5,2025-12-08T00:11:30+00:00,LOCO_01,MOVING,track_19,retrofitted,track_19,,,0,7.0
10098.5,2025-12-08T00:18:30+00:00,LOCO_01,MOVING,retrofit,track_19,retrofit,,,0,5.0
10103.5,2025-12-08T00:23:30+00:00,LOCO_01,COUPLING_STARTED,retrofit,,,,SCREW,0,2.0
10105.5,2025-12-08T00:25:30+00:00,LOCO_01,COUPLING_COMPLETED,retrofit,,,,SCREW,0,2.0
10105.5,2025-12-08T00:25:30+00:00,LOCO_01,SHUNTING_PREP,retrofit,,,,,0,1.0
10106.5,2025-12-08T00:26:30+00:00,LOCO_01,MOVING,WS_01,retrofit,WS_01,,,0,5.0
10111.5,2025-12-08T00:31:30+00:00,LOCO_01,DECOUPLING_STARTED,WS_01,,,,SCREW,0,3.0
10114.5,2025-12-08T00:34:30+00:00,LOCO_01,DECOUPLING_COMPLETED,WS_01,,,,SCREW,0,3.0
10117.5,2025-12-08T00:37:30+00:00,LOCO_01,MOVING,track_19,WS_01,track_19,,,0,7.0
10124.5,2025-12-08T00:44:30+00:00,LOCO_01,MOVING,retrofit,track_19,retrofit,,,0,5.0
10129.5,2025-12-08T00:49:30+00:00,LOCO_01,COUPLING_STARTED,retrofit,,,,SCREW,0,2.0
10131.5,2025-12-08T00:51:30+00:00,LOCO_01,COUPLING_COMPLETED,retrofit,,,,SCREW,0,2.0
10131.5,2025-12-08T00:51:30+00:00,LOCO_01,SHUNTING_PREP,retrofit,,,,,0,1.0
10132.5,2025-12-08T00:52:30+00:00,LOCO_01,MOVING,WS_02,retrofit,WS_02,,,0,5.0
10137.5,2025-12-08T00:57:30+00:00,LOCO_01,DECOUPLING_STARTED,WS_02,,,,SCREW,0,3.0
10140.5,2025-12-08T01:00:30+00:00,LOCO_01,DECOUPLING_COMPLETED,WS_02,,,,SCREW,0,3.0
10143.5,2025-12-08T01:03:30+00:00,LOCO_01,MOVING,track_19,WS_02,track_19,,,0,5.0
10148.5,2025-12-08T01:08:30+00:00,LOCO_01,MOVING,collection1,track_19,collection1,,,0,60.0
10208.5,2025-12-08T02:08:30+00:00,LOCO_01,ALLOCATED,,,,batch_transport,,0,0.0
10208.5,2025-12-08T02:08:30+00:00,LOCO_01,RAKE_COUPLING_STARTED,collection1,,,,SCREW,3,4.0
10212.5,2025-12-08T02:12:30+00:00,LOCO_01,RAKE_COUPLING_COMPLETED,collection1,,,,SCREW,3,4.0
10212.5,2025-12-08T02:12:30+00:00,LOCO_01,LOCO_COUPLING_STARTED,collection1,,,,SCREW,3,2.0
10214.5,2025-12-08T02:14:30+00:00,LOCO_01,LOCO_COUPLING_COMPLETED,collection1,,,,SCREW,3,2.0
10214.5,2025-12-08T02:14:30+00:00,LOCO_01,SHUNTING_PREP,collection1,,,,,3,1.0
10215.5,2025-12-08T02:15:30+00:00,LOCO_01,MOVING,retrofit,collection1,retrofit,,,0,60.0
10275.5,2025-12-08T03:15:30+00:00,LOCO_01,LOCO_DECOUPLING_STARTED,retrofit,,,,SCREW,3,3.0
10278.5,2025-12-08T03:18:30+00:00,LOCO_01,LOCO_DECOUPLING_COMPLETED,retrofit,,,,SCREW,3,3.0
10278.5,2025-12-08T03:18:30+00:00,LOCO_01,RAKE_DECOUPLING_STARTED,retrofit,,,,SCREW,3,6.0
10284.5,2025-12-08T03:24:30+00:00,LOCO_01,RAKE_DECOUPLING_COMPLETED,retrofit,,,,SCREW,3,6.0
10290.5,2025-12-08T03:30:30+00:00,LOCO_01,MOVING,track_19,retrofit,track_19,,,0,5.0
10295.5,2025-12-08T03:35:30+00:00,LOCO_01,PARKING,,,,,,0,2.0
10297.5,2025-12-08T03:37:30+00:00,LOCO_01,MOVING,retrofit,track_19,retrofit,,,0,5.0
10302.5,2025-12-08T03:42:30+00:00,LOCO_01,COUPLING_STARTED,retrofit,,,,SCREW,0,2.0
10304.5,2025-12-08T03:44:30+00:00,LOCO_01,COUPLING_COMPLETED,retrofit,,,,SCREW,0,2.0
10304.5,2025-12-08T03:44:30+00:00,LOCO_01,SHUNTING_PREP,retrofit,,,,,0,1.0
10305.5,2025-12-08T03:45:30+00:00,LOCO_01,MOVING,WS_01,retrofit,WS_01,,,0,5.0
10310.5,2025-12-08T03:50:30+00:00,LOCO_01,DECOUPLING_STARTED,WS_01,,,,SCREW,0,3.0
10313.5,2025-12-08T03:53:30+00:00,LOCO_01,DECOUPLING_COMPLETED,WS_01,,,,SCREW,0,3.0
10316.5,2025-12-08T03:56:30+00:00,LOCO_01,MOVING,track_19,WS_01,track_19,,,0,5.0
10321.5,2025-12-08T04:01:30+00:00,LOCO_01,MOVING,collection2,track_19,collection2,,,0,60.0
10381.5,2025-12-08T05:01:30+00:00,LOCO_01,ALLOCATED,,,,batch_transport,,0,0.0
10381.5,2025-12-08T05:01:30+00:00,LOCO_01,LOCO_COUPLING_STARTED,collection2,,,,SCREW,1,2.0
10383.5,2025-12-08T05:03:30+00:00,LOCO_01,LOCO_COUPLING_COMPLETED,collection2,,,,SCREW,1,2.0
10383.5,2025-12-08T05:03:30+00:00,LOCO_01,SHUNTING_PREP,collection2,,,,,1,1.0
10384.5,2025-12-08T05:04:30+00:00,LOCO_01,MOVING,retrofit,collection2,retrofit,,,0,60.0
10444.5,2025-12-08T06:04:30+00:00,LOCO_01,LOCO_DECOUPLING_STARTED,retrofit,,,,SCREW,1,3.0
10447.5,2025-12-08T06:07:30+00:00,LOCO_01,MOVING,track_19,retrofit,track_19,,,0,0.0
10447.5,2025-12-08T06:07:30+00:00,LOCO_01,LOCO_DECOUPLING_COMPLETED,retrofit,,,,SCREW,1,3.0
10452.5,2025-12-08T06:12:30+00:00,LOCO_01,PARKING,,,,,,0,0.0
10452.5,2025-12-08T06:12:30+00:00,LOCO_01,MOVING,WS_02,track_19,WS_02,,,0,5.0
10457.5,2025-12-08T06:17:30+00:00,LOCO_01,RAKE_COUPLING_STARTED,WS_02,,,,DAC,2,0.5
10458.0,2025-12-08T06:18:00+00:00,LOCO_01,RAKE_COUPLING_COMPLETED,WS_02,,,,DAC,2,0.5
10458.0,2025-12-08T06:18:00+00:00,LOCO_01,LOCO_COUPLING_STARTED,WS_02,,,,DAC,2,0.5
10458.5,2025-12-08T06:18:30+00:00,LOCO_01,LOCO_COUPLING_COMPLETED,WS_02,,,,DAC,2,0.5
10458.5,2025-12-08T06:18:30+00:00,LOCO_01,SHUNTING_PREP,WS_02,,,,,2,1.0
10459.5,2025-12-08T06:19:30+00:00,LOCO_01,MOVING,retrofitted,WS_02,retrofitted,,,0,5.0
10464.5,2025-12-08T06:24:30+00:00,LOCO_01,MOVING,track_19,retrofitted,track_19,,,0,5.0
10469.5,2025-12-08T06:29:30+00:00,LOCO_01,MOVING,WS_01,track_19,WS_01,,,0,5.0
10474.5,2025-12-08T06:34:30+00:00,LOCO_01,RAKE_COUPLING_STARTED,WS_01,,,,DAC,2,0.5
10475.0,2025-12-08T06:35:00+00:00,LOCO_01,RAKE_COUPLING_COMPLETED,WS_01,,,,DAC,2,0.5
10475.0,2025-12-08T06:35:00+00:00,LOCO_01,LOCO_COUPLING_STARTED,WS_01,,,,DAC,2,0.5
10475.5,2025-12-08T06:35:30+00:00,LOCO_01,LOCO_COUPLING_COMPLETED,WS_01,,,,DAC,2,0.5
10475.5,2025-12-08T06:35:30+00:00,LOCO_01,SHUNTING_PREP,WS_01,,,,,2,1.0
10476.5,2025-12-08T06:36:30+00:00,LOCO_01,MOVING,retrofitted,WS_01,retrofitted,,,0,5.0
10481.5,2025-12-08T06:41:30+00:00,LOCO_01,MOVING,track_19,retrofitted,track_19,,,0,7.0
10488.5,2025-12-08T06:48:30+00:00,LOCO_01,MOVING,retrofit,track_19,retrofit,,,0,5.0
10493.5,2025-12-08T06:53:30+00:00,LOCO_01,COUPLING_STARTED,retrofit,,,,SCREW,0,2.0
10495.5,2025-12-08T06:55:30+00:00,LOCO_01,COUPLING_COMPLETED,retrofit,,,,SCREW,0,2.0
10495.5,2025-12-08T06:55:30+00:00,LOCO_01,SHUNTING_PREP,retrofit,,,,,0,1.0
10496.5,2025-12-08T06:56:30+00:00,LOCO_01,MOVING,WS_02,retrofit,WS_02,,,0,5.0
10501.5,2025-12-08T07:01:30+00:00,LOCO_01,DECOUPLING_STARTED,WS_02,,,,SCREW,0,3.0
10504.5,2025-12-08T07:04:30+00:00,LOCO_01,DECOUPLING_COMPLETED,WS_02,,,,SCREW,0,3.0
10507.5,2025-12-08T07:07:30+00:00,LOCO_01,MOVING,track_19,WS_02,track_19,,,0,5.0
10512.5,2025-12-08T07:12:30+00:00,LOCO_01,MOVING,collection2,track_19,collection2,,,0,60.0
10572.5,2025-12-08T08:12:30+00:00,LOCO_01,ALLOCATED,,,,batch_transport,,0,0.0
10572.5,2025-12-08T08:12:30+00:00,LOCO_01,LOCO_COUPLING_STARTED,collection2,,,,SCREW,1,2.0
10574.5,2025-12-08T08:14:30+00:00,LOCO_01,LOCO_COUPLING_COMPLETED,collection2,,,,SCREW,1,2.0
10574.5,2025-12-08T08:14:30+00:00,LOCO_01,SHUNTING_PREP,collection2,,,,,1,1.0
10575.5,2025-12-08T08:15:30+00:00,LOCO_01,MOVING,retrofit,collection2,retrofit,,,0,60.0
10635.5,2025-12-08T09:15:30+00:00,LOCO_01,LOCO_DECOUPLING_STARTED,retrofit,,,,SCREW,1,3.0
10638.5,2025-12-08T09:18:30+00:00,LOCO_01,MOVING,track_19,retrofit,track_19,,,0,0.0
10638.5,2025-12-08T09:18:30+00:00,LOCO_01,LOCO_DECOUPLING_COMPLETED,retrofit,,,,SCREW,1,3.0
10643.5,2025-12-08T09:23:30+00:00,LOCO_01,PARKING,,,,,,0,0.0
10643.5,2025-12-08T09:23:30+00:00,LOCO_01,MOVING,collection1,track_19,collection1,,,0,60.0
10703.5,2025-12-08T10:23:30+00:00,LOCO_01,ALLOCATED,,,,batch_transport,,0,0.0
10703.5,2025-12-08T10:23:30+00:00,LOCO_01,RAKE_COUPLING_STARTED,collection1,,,,SCREW,3,4.0
10707.5,2025-12-08T10:27:30+00:00,LOCO_01,RAKE_COUPLING_COMPLETED,collection1,,,,SCREW,3,4.0
10707.5,2025-12-08T10:27:30+00:00,LOCO_01,LOCO_COUPLING_STARTED,collection1,,,,SCREW,3,2.0
10709.5,2025-12-08T10:29:30+00:00,LOCO_01,LOCO_COUPLING_COMPLETED,collection1,,,,SCREW,3,2.0
10709.5,2025-12-08T10:29:30+00:00,LOCO_01,SHUNTING_PREP,collection1,,,,,3,1.0
10710.5,2025-12-08T10:30:30+00:00,LOCO_01,MOVING,retrofit,collection1,retrofit,,,0,60.0
10770.5,2025-12-08T11:30:30+00:00,LOCO_01,LOCO_DECOUPLING_STARTED,retrofit,,,,SCREW,3,3.0
10773.5,2025-12-08T11:33:30+00:00,LOCO_01,LOCO_DECOUPLING_COMPLETED,retrofit,,,,SCREW,3,3.0
10773.5,2025-12-08T11:33:30+00:00,LOCO_01,RAKE_DECOUPLING_STARTED,retrofit,,,,SCREW,3,6.0
10779.5,2025-12-08T11:39:30+00:00,LOCO_01,RAKE_DECOUPLING_COMPLETED,retrofit,,,,SCREW,3,6.0
10785.5,2025-12-08T11:45:30+00:00,LOCO_01,MOVING,track_19,retrofit,track_19,,,0,5.0
10790.5,2025-12-08T11:50:30+00:00,LOCO_01,PARKING,,,,,,0,2.0
10792.5,2025-12-08T11:52:30+00:00,LOCO_01,MOVING,retrofit,track_19,retrofit,,,0,5.0
10797.5,2025-12-08T11:57:30+00:00,LOCO_01,COUPLING_STARTED,retrofit,,,,SCREW,0,2.0
10799.5,2025-12-08T11:59:30+00:00,LOCO_01,COUPLING_COMPLETED,retrofit,,,,SCREW,0,2.0
10799.5,2025-12-08T11:59:30+00:00,LOCO_01,SHUNTING_PREP,retrofit,,,,,0,1.0
10800.5,2025-12-08T12:00:30+00:00,LOCO_01,MOVING,WS_01,retrofit,WS_01,,,0,5.0
10805.5,2025-12-08T12:05:30+00:00,LOCO_01,DECOUPLING_STARTED,WS_01,,,,SCREW,0,3.0
10808.5,2025-12-08T12:08:30+00:00,LOCO_01,DECOUPLING_COMPLETED,WS_01,,,,SCREW,0,3.0
10811.5,2025-12-08T12:11:30+00:00,LOCO_01,MOVING,track_19,WS_01,track_19,,,0,5.0
10816.5,2025-12-08T12:16:30+00:00,LOCO_01,MOVING,WS_02,track_19,WS_02,,,0,5.0
10821.5,2025-12-08T12:21:30+00:00,LOCO_01,RAKE_COUPLING_STARTED,WS_02,,,,DAC,2,0.5
10822.0,2025-12-08T12:22:00+00:00,LOCO_01,RAKE_COUPLING_COMPLETED,WS_02,,,,DAC,2,0.5
10822.0,2025-12-08T12:22:00+00:00,LOCO_01,LOCO_COUPLING_STARTED,WS_02,,,,DAC,2,0.5
10822.5,2025-12-08T12:22:30+00:00,LOCO_01,LOCO_COUPLING_COMPLETED,WS_02,,,,DAC,2,0.5
10822.5,2025-12-08T12:22:30+00:00,LOCO_01,SHUNTING_PREP,WS_02,,,,,2,1.0
10823.5,2025-12-08T12:23:30+00:00,LOCO_01,MOVING,retrofitted,WS_02,retrofitted,,,0,5.0
10828.5,2025-12-08T12:28:30+00:00,LOCO_01,MOVING,track_19,retrofitted,track_19,,,0,5.0
10833.5,2025-12-08T12:33:30+00:00,LOCO_01,MOVING,collection1,track_19,collection1,,,0,60.0
10893.5,2025-12-08T13:33:30+00:00,LOCO_01,ALLOCATED,,,,batch_transport,,0,0.0
10893.5,2025-12-08T13:33:30+00:00,LOCO_01,RAKE_COUPLING_STARTED,collection1,,,,SCREW,3,4.0
10897.5,2025-12-08T13:37:30+00:00,LOCO_01,RAKE_COUPLING_COMPLETED,collection1,,,,SCREW,3,4.0
10897.5,2025-12-08T13:37:30+00:00,LOCO_01,LOCO_COUPLING_STARTED,collection1,,,,SCREW,3,2.0
10899.5,2025-12-08T13:39:30+00:00,LOCO_01,LOCO_COUPLING_COMPLETED,collection1,,,,SCREW,3,2.0
10899.5,2025-12-08T13:39:30+00:00,LOCO_01,SHUNTING_PREP,collection1,,,,,3,1.0
10900.5,2025-12-08T13:40:30+00:00,LOCO_01,MOVING,retrofit,collection1,retrofit,,,0,60.0
10960.5,2025-12-08T14:40:30+00:00,LOCO_01,LOCO_DECOUPLING_STARTED,retrofit,,,,SCREW,3,3.0
10963.5,2025-12-08T14:43:30+00:00,LOCO_01,LOCO_DECOUPLING_COMPLETED,retrofit,,,,SCREW,3,3.0
10963.5,2025-12-08T14:43:30+00:00,LOCO_01,RAKE_DECOUPLING_STARTED,retrofit,,,,SCREW,3,6.0
10969.5,2025-12-08T14:49:30+00:00,LOCO_01,RAKE_DECOUPLING_COMPLETED,retrofit,,,,SCREW,3,6.0
10975.5,2025-12-08T14:55:30+00:00,LOCO_01,MOVING,track_19,retrofit,track_19,,,0,5.0
10980.5,2025-12-08T15:00:30+00:00,LOCO_01,PARKING,,,,,,0,0.0
10980.5,2025-12-08T15:00:30+00:00,LOCO_01,MOVING,collection2,track_19,collection2,,,0,60.0
11040.5,2025-12-08T16:00:30+00:00,LOCO_01,ALLOCATED,,,,batch_transport,,0,0.0
11040.5,2025-12-08T16:00:30+00:00,LOCO_01,RAKE_COUPLING_STARTED,collection2,,,,SCREW,2,2.0
11042.5,2025-12-08T16:02:30+00:00,LOCO_01,RAKE_COUPLING_COMPLETED,collection2,,,,SCREW,2,2.0
11042.5,2025-12-08T16:02:30+00:00,LOCO_01,LOCO_COUPLING_STARTED,collection2,,,,SCREW,2,2.0
11044.5,2025-12-08T16:04:30+00:00,LOCO_01,LOCO_COUPLING_COMPLETED,collection2,,,,SCREW,2,2.0
11044.5,2025-12-08T16:04:30+00:00,LOCO_01,SHUNTING_PREP,collection2,,,,,2,1.0
11045.5,2025-12-08T16:05:30+00:00,LOCO_01,MOVING,retrofit,collection2,retrofit,,,0,60.0
11105.5,2025-12-08T17:05:30+00:00,LOCO_01,LOCO_DECOUPLING_STARTED,retrofit,,,,SCREW,2,3.0
11108.5,2025-12-08T17:08:30+00:00,LOCO_01,LOCO_DECOUPLING_COMPLETED,retrofit,,,,SCREW,2,3.0
11108.5,2025-12-08T17:08:30+00:00,LOCO_01,RAKE_DECOUPLING_STARTED,retrofit,,,,SCREW,2,3.0
11111.5,2025-12-08T17:11:30+00:00,LOCO_01,RAKE_DECOUPLING_COMPLETED,retrofit,,,,SCREW,2,3.0
11114.5,2025-12-08T17:14:30+00:00,LOCO_01,MOVING,track_19,retrofit,track_19,,,0,5.0
11119.5,2025-12-08T17:19:30+00:00,LOCO_01,PARKING,,,,,,0,0.0
11119.5,2025-12-08T17:19:30+00:00,LOCO_01,MOVING,WS_01,track_19,WS_01,,,0,5.0
11124.5,2025-12-08T17:24:30+00:00,LOCO_01,RAKE_COUPLING_STARTED,WS_01,,,,DAC,2,0.5
11125.0,2025-12-08T17:25:00+00:00,LOCO_01,RAKE_COUPLING_COMPLETED,WS_01,,,,DAC,2,0.5
11125.0,2025-12-08T17:25:00+00:00,LOCO_01,LOCO_COUPLING_STARTED,WS_01,,,,DAC,2,0.5
11125.5,2025-12-08T17:25:30+00:00,LOCO_01,LOCO_COUPLING_COMPLETED,WS_01,,,,DAC,2,0.5
11125.5,2025-12-08T17:25:30+00:00,LOCO_01,SHUNTING_PREP,WS_01,,,,,2,1.0
11126.5,2025-12-08T17:26:30+00:00,LOCO_01,MOVING,retrofitted,WS_01,retrofitted,,,0,5.0
11131.5,2025-12-08T17:31:30+00:00,LOCO_01,MOVING,track_19,retrofitted,track_19,,,0,5.0
11136.5,2025-12-08T17:36:30+00:00,LOCO_01,MOVING,WS_02,track_19,WS_02,,,0,5.0
11141.5,2025-12-08T17:41:30+00:00,LOCO_01,RAKE_COUPLING_STARTED,WS_02,,,,DAC,2,0.5
11142.0,2025-12-08T17:42:00+00:00,LOCO_01,RAKE_COUPLING_COMPLETED,WS_02,,,,DAC,2,0.5
11142.0,2025-12-08T17:42:00+00:00,LOCO_01,LOCO_COUPLING_STARTED,WS_02,,,,DAC,2,0.5
11142.5,2025-12-08T17:42:30+00:00,LOCO_01,LOCO_COUPLING_COMPLETED,WS_02,,,,DAC,2,0.5
11142.5,2025-12-08T17:42:30+00:00,LOCO_01,SHUNTING_PREP,WS_02,,,,,2,1.0
11143.5,2025-12-08T17:43:30+00:00,LOCO_01,MOVING,retrofitted,WS_02,retrofitted,,,0,5.0
11148.5,2025-12-08T17:48:30+00:00,LOCO_01,MOVING,track_19,retrofitted,track_19,,,0,7.0
11155.5,2025-12-08T17:55:30+00:00,LOCO_01,MOVING,retrofit,track_19,retrofit,,,0,5.0
11160.5,2025-12-08T18:00:30+00:00,LOCO_01,COUPLING_STARTED,retrofit,,,,SCREW,0,2.0
11162.5,2025-12-08T18:02:30+00:00,LOCO_01,COUPLING_COMPLETED,retrofit,,,,SCREW,0,2.0
11162.5,2025-12-08T18:02:30+00:00,LOCO_01,SHUNTING_PREP,retrofit,,,,,0,1.0
11163.5,2025-12-08T18:03:30+00:00,LOCO_01,MOVING,WS_01,retrofit,WS_01,,,0,5.0
11168.5,2025-12-08T18:08:30+00:00,LOCO_01,DECOUPLING_STARTED,WS_01,,,,SCREW,0,3.0
11171.5,2025-12-08T18:11:30+00:00,LOCO_01,DECOUPLING_COMPLETED,WS_01,,,,SCREW,0,3.0
11174.5,2025-12-08T18:14:30+00:00,LOCO_01,MOVING,track_19,WS_01,track_19,,,0,5.0
11179.5,2025-12-08T18:19:30+00:00,LOCO_01,MOVING,collection2,track_19,collection2,,,0,60.0
11239.5,2025-12-08T19:19:30+00:00,LOCO_01,ALLOCATED,,,,batch_transport,,0,0.0
11239.5,2025-12-08T19:19:30+00:00,LOCO_01,LOCO_COUPLING_STARTED,collection2,,,,SCREW,1,2.0
11241.5,2025-12-08T19:21:30+00:00,LOCO_01,LOCO_COUPLING_COMPLETED,collection2,,,,SCREW,1,2.0
11241.5,2025-12-08T19:21:30+00:00,LOCO_01,SHUNTING_PREP,collection2,,,,,1,1.0
11242.5,2025-12-08T19:22:30+00:00,LOCO_01,MOVING,retrofit,collection2,retrofit,,,0,60.0
11302.5,2025-12-08T20:22:30+00:00,LOCO_01,LOCO_DECOUPLING_STARTED,retrofit,,,,SCREW,1,3.0
11305.5,2025-12-08T20:25:30+00:00,LOCO_01,MOVING,track_19,retrofit,track_19,,,0,0.0
11305.5,2025-12-08T20:25:30+00:00,LOCO_01,LOCO_DECOUPLING_COMPLETED,retrofit,,,,SCREW,1,3.0
11310.5,2025-12-08T20:30:30+00:00,LOCO_01,PARKING,,,,,,0,0.0
11310.5,2025-12-08T20:30:30+00:00,LOCO_01,MOVING,collection1,track_19,collection1,,,0,60.0
11370.5,2025-12-08T21:30:30+00:00,LOCO_01,ALLOCATED,,,,batch_transport,,0,0.0
11370.5,2025-12-08T21:30:30+00:00,LOCO_01,RAKE_COUPLING_STARTED,collection1,,,,SCREW,3,4.0
11374.5,2025-12-08T21:34:30+00:00,LOCO_01,RAKE_COUPLING_COMPLETED,collection1,,,,SCREW,3,4.0
11374.5,2025-12-08T21:34:30+00:00,LOCO_01,LOCO_COUPLING_STARTED,collection1,,,,SCREW,3,2.0
11376.5,2025-12-08T21:36:30+00:00,LOCO_01,LOCO_COUPLING_COMPLETED,collection1,,,,SCREW,3,2.0
11376.5,2025-12-08T21:36:30+00:00,LOCO_01,SHUNTING_PREP,collection1,,,,,3,1.0
11377.5,2025-12-08T21:37:30+00:00,LOCO_01,MOVING,retrofit,collection1,retrofit,,,0,60.0
11437.5,2025-12-08T22:37:30+00:00,LOCO_01,LOCO_DECOUPLING_STARTED,retrofit,,,,SCREW,3,3.0
11440.5,2025-12-08T22:40:30+00:00,LOCO_01,LOCO_DECOUPLING_COMPLETED,retrofit,,,,SCREW,3,3.0
11440.5,2025-12-08T22:40:30+00:00,LOCO_01,RAKE_DECOUPLING_STARTED,retrofit,,,,SCREW,3,6.0
11446.5,2025-12-08T22:46:30+00:00,LOCO_01,RAKE_DECOUPLING_COMPLETED,retrofit,,,,SCREW,3,6.0
11452.5,2025-12-08T22:52:30+00:00,LOCO_01,MOVING,track_19,retrofit,track_19,,,0,5.0
11457.5,2025-12-08T22:57:30+00:00,LOCO_01,PARKING,,,,,,0,2.0
11459.5,2025-12-08T22:59:30+00:00,LOCO_01,MOVING,retrofit,track_19,retrofit,,,0,5.0
11464.5,2025-12-08T23:04:30+00:00,LOCO_01,COUPLING_STARTED,retrofit,,,,SCREW,0,2.0
11466.5,2025-12-08T23:06:30+00:00,LOCO_01,COUPLING_COMPLETED,retrofit,,,,SCREW,0,2.0
11466.5,2025-12-08T23:06:30+00:00,LOCO_01,SHUNTING_PREP,retrofit,,,,,0,1.0
11467.5,2025-12-08T23:07:30+00:00,LOCO_01,MOVING,WS_02,retrofit,WS_02,,,0,5.0
11472.5,2025-12-08T23:12:30+00:00,LOCO_01,DECOUPLING_STARTED,WS_02,,,,SCREW,0,3.0
11475.5,2025-12-08T23:15:30+00:00,LOCO_01,DECOUPLING_COMPLETED,WS_02,,,,SCREW,0,3.0
11478.5,2025-12-08T23:18:30+00:00,LOCO_01,MOVING,track_19,WS_02,track_19,,,0,5.0
11483.5,2025-12-08T23:23:30+00:00,LOCO_01,ALLOCATED,,,,batch_transport,,0,0.0
11483.5,2025-12-08T23:23:30+00:00,LOCO_01,MOVING,retrofitted,track_19,retrofitted,,,0,5.0
11488.5,2025-12-08T23:28:30+00:00,LOCO_01,RAKE_COUPLING_STARTED,retrofitted,,,,DAC,4,1.5
11490.0,2025-12-08T23:30:00+00:00,LOCO_01,RAKE_COUPLING_COMPLETED,retrofitted,,,,DAC,4,1.5
11490.0,2025-12-08T23:30:00+00:00,LOCO_01,LOCO_COUPLING_STARTED,retrofitted,,,,DAC,4,0.5
11490.5,2025-12-08T23:30:30+00:00,LOCO_01,LOCO_COUPLING_COMPLETED,retrofitted,,,,DAC,4,0.5
11490.5,2025-12-08T23:30:30+00:00,LOCO_01,SHUNTING_PREP,retrofitted,,,,,4,1.0
11491.5,2025-12-08T23:31:30+00:00,LOCO_01,MOVING,parking13,retrofitted,parking13,,,0,75.0
11566.5,2025-12-09T00:46:30+00:00,LOCO_01,LOCO_DECOUPLING_STARTED,parking13,,,,DAC,4,0.5
11567.0,2025-12-09T00:47:00+00:00,LOCO_01,LOCO_DECOUPLING_COMPLETED,parking13,,,,DAC,4,0.5
11567.0,2025-12-09T00:47:00+00:00,LOCO_01,RAKE_DECOUPLING_STARTED,parking13,,,,DAC,4,1.5
11568.5,2025-12-09T00:48:30+00:00,LOCO_01,RAKE_DECOUPLING_COMPLETED,parking13,,,,DAC,4,1.5
11570.0,2025-12-09T00:50:00+00:00,LOCO_01,MOVING,track_19,parking13,track_19,,,0,60.0
11630.0,2025-12-09T01:50:00+00:00,LOCO_01,MOVING,WS_01,track_19,WS_01,,,0,5.0
11635.0,2025-12-09T01:55:00+00:00,LOCO_01,RAKE_COUPLING_STARTED,WS_01,,,,DAC,2,0.5
11635.5,2025-12-09T01:55:30+00:00,LOCO_01,RAKE_COUPLING_COMPLETED,WS_01,,,,DAC,2,0.5
11635.5,2025-12-09T01:55:30+00:00,LOCO_01,LOCO_COUPLING_STARTED,WS_01,,,,DAC,2,0.5
11636.0,2025-12-09T01:56:00+00:00,LOCO_01,LOCO_COUPLING_COMPLETED,WS_01,,,,DAC,2,0.5
11636.0,2025-12-09T01:56:00+00:00,LOCO_01,SHUNTING_PREP,WS_01,,,,,2,1.0
11637.0,2025-12-09T01:57:00+00:00,LOCO_01,MOVING,retrofitted,WS_01,retrofitted,,,0,5.0
11642.0,2025-12-09T02:02:00+00:00,LOCO_01,MOVING,track_19,retrofitted,track_19,,,0,5.0
11647.0,2025-12-09T02:07:00+00:00,LOCO_01,MOVING,WS_02,track_19,WS_02,,,0,5.0
11652.0,2025-12-09T02:12:00+00:00,LOCO_01,RAKE_COUPLING_STARTED,WS_02,,,,DAC,2,0.5
11652.5,2025-12-09T02:12:30+00:00,LOCO_01,RAKE_COUPLING_COMPLETED,WS_02,,,,DAC,2,0.5
11652.5,2025-12-09T02:12:30+00:00,LOCO_01,LOCO_COUPLING_STARTED,WS_02,,,,DAC,2,0.5
11653.0,2025-12-09T02:13:00+00:00,LOCO_01,LOCO_COUPLING_COMPLETED,WS_02,,,,DAC,2,0.5
11653.0,2025-12-09T02:13:00+00:00,LOCO_01,SHUNTING_PREP,WS_02,,,,,2,1.0
11654.0,2025-12-09T02:14:00+00:00,LOCO_01,MOVING,retrofitted,WS_02,retrofitted,,,0,5.0
11659.0,2025-12-09T02:19:00+00:00,LOCO_01,MOVING,track_19,retrofitted,track_19,,,0,7.0
11666.0,2025-12-09T02:26:00+00:00,LOCO_01,MOVING,retrofit,track_19,retrofit,,,0,5.0
11671.0,2025-12-09T02:31:00+00:00,LOCO_01,COUPLING_STARTED,retrofit,,,,SCREW,0,2.0
11673.0,2025-12-09T02:33:00+00:00,LOCO_01,COUPLING_COMPLETED,retrofit,,,,SCREW,0,2.0
11673.0,2025-12-09T02:33:00+00:00,LOCO_01,SHUNTING_PREP,retrofit,,,,,0,1.0
11674.0,2025-12-09T02:34:00+00:00,LOCO_01,MOVING,WS_01,retrofit,WS_01,,,0,5.0
11679.0,2025-12-09T02:39:00+00:00,LOCO_01,DECOUPLING_STARTED,WS_01,,,,SCREW,0,3.0
11682.0,2025-12-09T02:42:00+00:00,LOCO_01,DECOUPLING_COMPLETED,WS_01,,,,SCREW,0,3.0
11685.0,2025-12-09T02:45:00+00:00,LOCO_01,MOVING,track_19,WS_01,track_19,,,0,5.0
11690.0,2025-12-09T02:50:00+00:00,LOCO_01,MOVING,collection2,track_19,collection2,,,0,60.0
11750.0,2025-12-09T03:50:00+00:00,LOCO_01,ALLOCATED,,,,batch_transport,,0,0.0
11750.0,2025-12-09T03:50:00+00:00,LOCO_01,LOCO_COUPLING_STARTED,collection2,,,,SCREW,1,2.0
11752.0,2025-12-09T03:52:00+00:00,LOCO_01,LOCO_COUPLING_COMPLETED,collection2,,,,SCREW,1,2.0
11752.0,2025-12-09T03:52:00+00:00,LOCO_01,SHUNTING_PREP,collection2,,,,,1,1.0
11753.0,2025-12-09T03:53:00+00:00,LOCO_01,MOVING,retrofit,collection2,retrofit,,,0,60.0
11813.0,2025-12-09T04:53:00+00:00,LOCO_01,LOCO_DECOUPLING_STARTED,retrofit,,,,SCREW,1,3.0
11816.0,2025-12-09T04:56:00+00:00,LOCO_01,MOVING,track_19,retrofit,track_19,,,0,0.0
11816.0,2025-12-09T04:56:00+00:00,LOCO_01,LOCO_DECOUPLING_COMPLETED,retrofit,,,,SCREW,1,3.0
11821.0,2025-12-09T05:01:00+00:00,LOCO_01,PARKING,,,,,,0,2.0
11823.0,2025-12-09T05:03:00+00:00,LOCO_01,MOVING,retrofit,track_19,retrofit,,,0,5.0
11828.0,2025-12-09T05:08:00+00:00,LOCO_01,COUPLING_STARTED,retrofit,,,,SCREW,0,2.0
11830.0,2025-12-09T05:10:00+00:00,LOCO_01,COUPLING_COMPLETED,retrofit,,,,SCREW,0,2.0
11830.0,2025-12-09T05:10:00+00:00,LOCO_01,SHUNTING_PREP,retrofit,,,,,0,1.0
11831.0,2025-12-09T05:11:00+00:00,LOCO_01,MOVING,WS_01,retrofit,WS_01,,,0,5.0
11836.0,2025-12-09T05:16:00+00:00,LOCO_01,DECOUPLING_STARTED,WS_01,,,,SCREW,0,3.0
11839.0,2025-12-09T05:19:00+00:00,LOCO_01,DECOUPLING_COMPLETED,WS_01,,,,SCREW,0,3.0
11842.0,2025-12-09T05:22:00+00:00,LOCO_01,MOVING,track_19,WS_01,track_19,,,0,5.0
11847.0,2025-12-09T05:27:00+00:00,LOCO_01,ALLOCATED,,,,batch_transport,,0,0.0
11847.0,2025-12-09T05:27:00+00:00,LOCO_01,MOVING,retrofitted,track_19,retrofitted,,,0,5.0
11852.0,2025-12-09T05:32:00+00:00,LOCO_01,RAKE_COUPLING_STARTED,retrofitted,,,,DAC,4,1.5
11853.5,2025-12-09T05:33:30+00:00,LOCO_01,RAKE_COUPLING_COMPLETED,retrofitted,,,,DAC,4,1.5
11853.5,2025-12-09T05:33:30+00:00,LOCO_01,LOCO_COUPLING_STARTED,retrofitted,,,,DAC,4,0.5
11854.0,2025-12-09T05:34:00+00:00,LOCO_01,LOCO_COUPLING_COMPLETED,retrofitted,,,,DAC,4,0.5
11854.0,2025-12-09T05:34:00+00:00,LOCO_01,SHUNTING_PREP,retrofitted,,,,,4,1.0
11855.0,2025-12-09T05:35:00+00:00,LOCO_01,MOVING,parking14,retrofitted,parking14,,,0,75.0
11930.0,2025-12-09T06:50:00+00:00,LOCO_01,LOCO_DECOUPLING_STARTED,parking14,,,,DAC,4,0.5
11930.5,2025-12-09T06:50:30+00:00,LOCO_01,LOCO_DECOUPLING_COMPLETED,parking14,,,,DAC,4,0.5
11930.5,2025-12-09T06:50:30+00:00,LOCO_01,RAKE_DECOUPLING_STARTED,parking14,,,,DAC,4,1.5
11932.0,2025-12-09T06:52:00+00:00,LOCO_01,RAKE_DECOUPLING_COMPLETED,parking14,,,,DAC,4,1.5
11933.5,2025-12-09T06:53:30+00:00,LOCO_01,MOVING,track_19,parking14,track_19,,,0,60.0
11993.5,2025-12-09T07:53:30+00:00,LOCO_01,MOVING,WS_02,track_19,WS_02,,,0,5.0
11998.5,2025-12-09T07:58:30+00:00,LOCO_01,RAKE_COUPLING_STARTED,WS_02,,,,DAC,2,0.5
11999.0,2025-12-09T07:59:00+00:00,LOCO_01,RAKE_COUPLING_COMPLETED,WS_02,,,,DAC,2,0.5
11999.0,2025-12-09T07:59:00+00:00,LOCO_01,LOCO_COUPLING_STARTED,WS_02,,,,DAC,2,0.5
11999.5,2025-12-09T07:59:30+00:00,LOCO_01,LOCO_COUPLING_COMPLETED,WS_02,,,,DAC,2,0.5
11999.5,2025-12-09T07:59:30+00:00,LOCO_01,SHUNTING_PREP,WS_02,,,,,2,1.0
12000.5,2025-12-09T08:00:30+00:00,LOCO_01,MOVING,retrofitted,WS_02,retrofitted,,,0,5.0
12005.5,2025-12-09T08:05:30+00:00,LOCO_01,MOVING,track_19,retrofitted,track_19,,,0,5.0
12010.5,2025-12-09T08:10:30+00:00,LOCO_01,MOVING,WS_01,track_19,WS_01,,,0,5.0
12015.5,2025-12-09T08:15:30+00:00,LOCO_01,RAKE_COUPLING_STARTED,WS_01,,,,DAC,2,0.5
12016.0,2025-12-09T08:16:00+00:00,LOCO_01,RAKE_COUPLING_COMPLETED,WS_01,,,,DAC,2,0.5
12016.0,2025-12-09T08:16:00+00:00,LOCO_01,LOCO_COUPLING_STARTED,WS_01,,,,DAC,2,0.5
12016.5,2025-12-09T08:16:30+00:00,LOCO_01,LOCO_COUPLING_COMPLETED,WS_01,,,,DAC,2,0.5
12016.5,2025-12-09T08:16:30+00:00,LOCO_01,SHUNTING_PREP,WS_01,,,,,2,1.0
12017.5,2025-12-09T08:17:30+00:00,LOCO_01,MOVING,retrofitted,WS_01,retrofitted,,,0,5.0
12022.5,2025-12-09T08:22:30+00:00,LOCO_01,MOVING,track_19,retrofitted,track_19,,,0,7.0
12029.5,2025-12-09T08:29:30+00:00,LOCO_01,MOVING,retrofit,track_19,retrofit,,,0,5.0
12034.5,2025-12-09T08:34:30+00:00,LOCO_01,COUPLING_STARTED,retrofit,,,,SCREW,0,2.0
12036.5,2025-12-09T08:36:30+00:00,LOCO_01,COUPLING_COMPLETED,retrofit,,,,SCREW,0,2.0
12036.5,2025-12-09T08:36:30+00:00,LOCO_01,SHUNTING_PREP,retrofit,,,,,0,1.0
12037.5,2025-12-09T08:37:30+00:00,LOCO_01,MOVING,WS_02,retrofit,WS_02,,,0,5.0
12042.5,2025-12-09T08:42:30+00:00,LOCO_01,DECOUPLING_STARTED,WS_02,,,,SCREW,0,3.0
12045.5,2025-12-09T08:45:30+00:00,LOCO_01,DECOUPLING_COMPLETED,WS_02,,,,SCREW,0,3.0
12048.5,2025-12-09T08:48:30+00:00,LOCO_01,MOVING,track_19,WS_02,track_19,,,0,5.0
12053.5,2025-12-09T08:53:30+00:00,LOCO_01,MOVING,collection1,track_19,collection1,,,0,60.0
12113.5,2025-12-09T09:53:30+00:00,LOCO_01,ALLOCATED,,,,batch_transport,,0,0.0
12113.5,2025-12-09T09:53:30+00:00,LOCO_01,LOCO_COUPLING_STARTED,collection1,,,,SCREW,1,2.0
12115.5,2025-12-09T09:55:30+00:00,LOCO_01,LOCO_COUPLING_COMPLETED,collection1,,,,SCREW,1,2.0
12115.5,2025-12-09T09:55:30+00:00,LOCO_01,SHUNTING_PREP,collection1,,,,,1,1.0
12116.5,2025-12-09T09:56:30+00:00,LOCO_01,MOVING,retrofit,collection1,retrofit,,,0,60.0
12176.5,2025-12-09T10:56:30+00:00,LOCO_01,LOCO_DECOUPLING_STARTED,retrofit,,,,SCREW,1,3.0
12179.5,2025-12-09T10:59:30+00:00,LOCO_01,MOVING,track_19,retrofit,track_19,,,0,0.0
12179.5,2025-12-09T10:59:30+00:00,LOCO_01,LOCO_DECOUPLING_COMPLETED,retrofit,,,,SCREW,1,3.0
12184.5,2025-12-09T11:04:30+00:00,LOCO_01,PARKING,,,,,,0,0.0
12184.5,2025-12-09T11:04:30+00:00,LOCO_01,MOVING,collection2,track_19,collection2,,,0,60.0
12244.5,2025-12-09T12:04:30+00:00,LOCO_01,ALLOCATED,,,,batch_transport,,0,0.0
12244.5,2025-12-09T12:04:30+00:00,LOCO_01,RAKE_COUPLING_STARTED,collection2,,,,SCREW,3,4.0
12248.5,2025-12-09T12:08:30+00:00,LOCO_01,RAKE_COUPLING_COMPLETED,collection2,,,,SCREW,3,4.0
12248.5,2025-12-09T12:08:30+00:00,LOCO_01,LOCO_COUPLING_STARTED,collection2,,,,SCREW,3,2.0
12250.5,2025-12-09T12:10:30+00:00,LOCO_01,LOCO_COUPLING_COMPLETED,collection2,,,,SCREW,3,2.0
12250.5,2025-12-09T12:10:30+00:00,LOCO_01,SHUNTING_PREP,collection2,,,,,3,1.0
12251.5,2025-12-09T12:11:30+00:00,LOCO_01,MOVING,retrofit,collection2,retrofit,,,0,60.0
12311.5,2025-12-09T13:11:30+00:00,LOCO_01,LOCO_DECOUPLING_STARTED,retrofit,,,,SCREW,3,3.0
12314.5,2025-12-09T13:14:30+00:00,LOCO_01,LOCO_DECOUPLING_COMPLETED,retrofit,,,,SCREW,3,3.0
12314.5,2025-12-09T13:14:30+00:00,LOCO_01,RAKE_DECOUPLING_STARTED,retrofit,,,,SCREW,3,6.0
12320.5,2025-12-09T13:20:30+00:00,LOCO_01,RAKE_DECOUPLING_COMPLETED,retrofit,,,,SCREW,3,6.0
12326.5,2025-12-09T13:26:30+00:00,LOCO_01,MOVING,track_19,retrofit,track_19,,,0,5.0
12331.5,2025-12-09T13:31:30+00:00,LOCO_01,PARKING,,,,,,0,2.0
12333.5,2025-12-09T13:33:30+00:00,LOCO_01,MOVING,retrofit,track_19,retrofit,,,0,5.0
12338.5,2025-12-09T13:38:30+00:00,LOCO_01,COUPLING_STARTED,retrofit,,,,SCREW,0,2.0
12340.5,2025-12-09T13:40:30+00:00,LOCO_01,COUPLING_COMPLETED,retrofit,,,,SCREW,0,2.0
12340.5,2025-12-09T13:40:30+00:00,LOCO_01,SHUNTING_PREP,retrofit,,,,,0,1.0
12341.5,2025-12-09T13:41:30+00:00,LOCO_01,MOVING,WS_01,retrofit,WS_01,,,0,5.0
12346.5,2025-12-09T13:46:30+00:00,LOCO_01,DECOUPLING_STARTED,WS_01,,,,SCREW,0,3.0
12349.5,2025-12-09T13:49:30+00:00,LOCO_01,DECOUPLING_COMPLETED,WS_01,,,,SCREW,0,3.0
12352.5,2025-12-09T13:52:30+00:00,LOCO_01,MOVING,track_19,WS_01,track_19,,,0,5.0
12357.5,2025-12-09T13:57:30+00:00,LOCO_01,MOVING,WS_02,track_19,WS_02,,,0,5.0
12362.5,2025-12-09T14:02:30+00:00,LOCO_01,RAKE_COUPLING_STARTED,WS_02,,,,DAC,2,0.5
12363.0,2025-12-09T14:03:00+00:00,LOCO_01,RAKE_COUPLING_COMPLETED,WS_02,,,,DAC,2,0.5
12363.0,2025-12-09T14:03:00+00:00,LOCO_01,LOCO_COUPLING_STARTED,WS_02,,,,DAC,2,0.5
12363.5,2025-12-09T14:03:30+00:00,LOCO_01,LOCO_COUPLING_COMPLETED,WS_02,,,,DAC,2,0.5
12363.5,2025-12-09T14:03:30+00:00,LOCO_01,SHUNTING_PREP,WS_02,,,,,2,1.0
12364.5,2025-12-09T14:04:30+00:00,LOCO_01,MOVING,retrofitted,WS_02,retrofitted,,,0,5.0
12369.5,2025-12-09T14:09:30+00:00,LOCO_01,MOVING,track_19,retrofitted,track_19,,,0,5.0
12374.5,2025-12-09T14:14:30+00:00,LOCO_01,MOVING,collection2,track_19,collection2,,,0,60.0
12434.5,2025-12-09T15:14:30+00:00,LOCO_01,ALLOCATED,,,,batch_transport,,0,0.0
12434.5,2025-12-09T15:14:30+00:00,LOCO_01,RAKE_COUPLING_STARTED,collection2,,,,SCREW,3,4.0
12438.5,2025-12-09T15:18:30+00:00,LOCO_01,RAKE_COUPLING_COMPLETED,collection2,,,,SCREW,3,4.0
12438.5,2025-12-09T15:18:30+00:00,LOCO_01,LOCO_COUPLING_STARTED,collection2,,,,SCREW,3,2.0
12440.5,2025-12-09T15:20:30+00:00,LOCO_01,LOCO_COUPLING_COMPLETED,collection2,,,,SCREW,3,2.0
12440.5,2025-12-09T15:20:30+00:00,LOCO_01,SHUNTING_PREP,collection2,,,,,3,1.0
12441.5,2025-12-09T15:21:30+00:00,LOCO_01,MOVING,retrofit,collection2,retrofit,,,0,60.0
12501.5,2025-12-09T16:21:30+00:00,LOCO_01,LOCO_DECOUPLING_STARTED,retrofit,,,,SCREW,3,3.0
12504.5,2025-12-09T16:24:30+00:00,LOCO_01,LOCO_DECOUPLING_COMPLETED,retrofit,,,,SCREW,3,3.0
12504.5,2025-12-09T16:24:30+00:00,LOCO_01,RAKE_DECOUPLING_STARTED,retrofit,,,,SCREW,3,6.0
12510.5,2025-12-09T16:30:30+00:00,LOCO_01,RAKE_DECOUPLING_COMPLETED,retrofit,,,,SCREW,3,6.0
12516.5,2025-12-09T16:36:30+00:00,LOCO_01,MOVING,track_19,retrofit,track_19,,,0,5.0
12521.5,2025-12-09T16:41:30+00:00,LOCO_01,PARKING,,,,,,0,0.0
12521.5,2025-12-09T16:41:30+00:00,LOCO_01,MOVING,WS_01,track_19,WS_01,,,0,5.0
12526.5,2025-12-09T16:46:30+00:00,LOCO_01,RAKE_COUPLING_STARTED,WS_01,,,,DAC,2,0.5
12527.0,2025-12-09T16:47:00+00:00,LOCO_01,RAKE_COUPLING_COMPLETED,WS_01,,,,DAC,2,0.5
12527.0,2025-12-09T16:47:00+00:00,LOCO_01,LOCO_COUPLING_STARTED,WS_01,,,,DAC,2,0.5
12527.5,2025-12-09T16:47:30+00:00,LOCO_01,LOCO_COUPLING_COMPLETED,WS_01,,,,DAC,2,0.5
12527.5,2025-12-09T16:47:30+00:00,LOCO_01,SHUNTING_PREP,WS_01,,,,,2,1.0
12528.5,2025-12-09T16:48:30+00:00,LOCO_01,MOVING,retrofitted,WS_01,retrofitted,,,0,5.0
12533.5,2025-12-09T16:53:30+00:00,LOCO_01,MOVING,track_19,retrofitted,track_19,,,0,5.0
12538.5,2025-12-09T16:58:30+00:00,LOCO_01,MOVING,WS_02,track_19,WS_02,,,0,5.0
12543.5,2025-12-09T17:03:30+00:00,LOCO_01,RAKE_COUPLING_STARTED,WS_02,,,,DAC,2,0.5
12544.0,2025-12-09T17:04:00+00:00,LOCO_01,RAKE_COUPLING_COMPLETED,WS_02,,,,DAC,2,0.5
12544.0,2025-12-09T17:04:00+00:00,LOCO_01,LOCO_COUPLING_STARTED,WS_02,,,,DAC,2,0.5
12544.5,2025-12-09T17:04:30+00:00,LOCO_01,LOCO_COUPLING_COMPLETED,WS_02,,,,DAC,2,0.5
12544.5,2025-12-09T17:04:30+00:00,LOCO_01,SHUNTING_PREP,WS_02,,,,,2,1.0
12545.5,2025-12-09T17:05:30+00:00,LOCO_01,MOVING,retrofitted,WS_02,retrofitted,,,0,5.0
12550.5,2025-12-09T17:10:30+00:00,LOCO_01,MOVING,track_19,retrofitted,track_19,,,0,7.0
12557.5,2025-12-09T17:17:30+00:00,LOCO_01,MOVING,retrofit,track_19,retrofit,,,0,5.0
12562.5,2025-12-09T17:22:30+00:00,LOCO_01,COUPLING_STARTED,retrofit,,,,SCREW,0,2.0
12564.5,2025-12-09T17:24:30+00:00,LOCO_01,COUPLING_COMPLETED,retrofit,,,,SCREW,0,2.0
12564.5,2025-12-09T17:24:30+00:00,LOCO_01,SHUNTING_PREP,retrofit,,,,,0,1.0
12565.5,2025-12-09T17:25:30+00:00,LOCO_01,MOVING,WS_01,retrofit,WS_01,,,0,5.0
12570.5,2025-12-09T17:30:30+00:00,LOCO_01,DECOUPLING_STARTED,WS_01,,,,SCREW,0,3.0
12573.5,2025-12-09T17:33:30+00:00,LOCO_01,DECOUPLING_COMPLETED,WS_01,,,,SCREW,0,3.0
12576.5,2025-12-09T17:36:30+00:00,LOCO_01,MOVING,track_19,WS_01,track_19,,,0,5.0
12581.5,2025-12-09T17:41:30+00:00,LOCO_01,MOVING,collection2,track_19,collection2,,,0,60.0
12641.5,2025-12-09T18:41:30+00:00,LOCO_01,ALLOCATED,,,,batch_transport,,0,0.0
12641.5,2025-12-09T18:41:30+00:00,LOCO_01,LOCO_COUPLING_STARTED,collection2,,,,SCREW,1,2.0
12643.5,2025-12-09T18:43:30+00:00,LOCO_01,LOCO_COUPLING_COMPLETED,collection2,,,,SCREW,1,2.0
12643.5,2025-12-09T18:43:30+00:00,LOCO_01,SHUNTING_PREP,collection2,,,,,1,1.0
12644.5,2025-12-09T18:44:30+00:00,LOCO_01,MOVING,retrofit,collection2,retrofit,,,0,60.0
12704.5,2025-12-09T19:44:30+00:00,LOCO_01,LOCO_DECOUPLING_STARTED,retrofit,,,,SCREW,1,3.0
12707.5,2025-12-09T19:47:30+00:00,LOCO_01,MOVING,track_19,retrofit,track_19,,,0,0.0
12707.5,2025-12-09T19:47:30+00:00,LOCO_01,LOCO_DECOUPLING_COMPLETED,retrofit,,,,SCREW,1,3.0
12712.5,2025-12-09T19:52:30+00:00,LOCO_01,PARKING,,,,,,0,0.0
12712.5,2025-12-09T19:52:30+00:00,LOCO_01,MOVING,collection1,track_19,collection1,,,0,60.0
12772.5,2025-12-09T20:52:30+00:00,LOCO_01,ALLOCATED,,,,batch_transport,,0,0.0
12772.5,2025-12-09T20:52:30+00:00,LOCO_01,RAKE_COUPLING_STARTED,collection1,,,,SCREW,3,4.0
12776.5,2025-12-09T20:56:30+00:00,LOCO_01,RAKE_COUPLING_COMPLETED,collection1,,,,SCREW,3,4.0
12776.5,2025-12-09T20:56:30+00:00,LOCO_01,LOCO_COUPLING_STARTED,collection1,,,,SCREW,3,2.0
12778.5,2025-12-09T20:58:30+00:00,LOCO_01,LOCO_COUPLING_COMPLETED,collection1,,,,SCREW,3,2.0
12778.5,2025-12-09T20:58:30+00:00,LOCO_01,SHUNTING_PREP,collection1,,,,,3,1.0
12779.5,2025-12-09T20:59:30+00:00,LOCO_01,MOVING,retrofit,collection1,retrofit,,,0,60.0
12839.5,2025-12-09T21:59:30+00:00,LOCO_01,LOCO_DECOUPLING_STARTED,retrofit,,,,SCREW,3,3.0
12842.5,2025-12-09T22:02:30+00:00,LOCO_01,LOCO_DECOUPLING_COMPLETED,retrofit,,,,SCREW,3,3.0
12842.5,2025-12-09T22:02:30+00:00,LOCO_01,RAKE_DECOUPLING_STARTED,retrofit,,,,SCREW,3,6.0
12848.5,2025-12-09T22:08:30+00:00,LOCO_01,RAKE_DECOUPLING_COMPLETED,retrofit,,,,SCREW,3,6.0
12854.5,2025-12-09T22:14:30+00:00,LOCO_01,MOVING,track_19,retrofit,track_19,,,0,5.0
12859.5,2025-12-09T22:19:30+00:00,LOCO_01,PARKING,,,,,,0,2.0
12861.5,2025-12-09T22:21:30+00:00,LOCO_01,MOVING,retrofit,track_19,retrofit,,,0,5.0
12866.5,2025-12-09T22:26:30+00:00,LOCO_01,COUPLING_STARTED,retrofit,,,,SCREW,0,2.0
12868.5,2025-12-09T22:28:30+00:00,LOCO_01,COUPLING_COMPLETED,retrofit,,,,SCREW,0,2.0
12868.5,2025-12-09T22:28:30+00:00,LOCO_01,SHUNTING_PREP,retrofit,,,,,0,1.0
12869.5,2025-12-09T22:29:30+00:00,LOCO_01,MOVING,WS_01,retrofit,WS_01,,,0,5.0
12874.5,2025-12-09T22:34:30+00:00,LOCO_01,DECOUPLING_STARTED,WS_01,,,,SCREW,0,3.0
12877.5,2025-12-09T22:37:30+00:00,LOCO_01,DECOUPLING_COMPLETED,WS_01,,,,SCREW,0,3.0
12880.5,2025-12-09T22:40:30+00:00,LOCO_01,MOVING,track_19,WS_01,track_19,,,0,5.0
12885.5,2025-12-09T22:45:30+00:00,LOCO_01,MOVING,collection2,track_19,collection2,,,0,60.0
12945.5,2025-12-09T23:45:30+00:00,LOCO_01,ALLOCATED,,,,batch_transport,,0,0.0
12945.5,2025-12-09T23:45:30+00:00,LOCO_01,LOCO_COUPLING_STARTED,collection2,,,,SCREW,1,2.0
12947.5,2025-12-09T23:47:30+00:00,LOCO_01,LOCO_COUPLING_COMPLETED,collection2,,,,SCREW,1,2.0
12947.5,2025-12-09T23:47:30+00:00,LOCO_01,SHUNTING_PREP,collection2,,,,,1,1.0
12948.5,2025-12-09T23:48:30+00:00,LOCO_01,MOVING,retrofit,collection2,retrofit,,,0,60.0
13008.5,2025-12-10T00:48:30+00:00,LOCO_01,LOCO_DECOUPLING_STARTED,retrofit,,,,SCREW,1,3.0
13011.5,2025-12-10T00:51:30+00:00,LOCO_01,MOVING,track_19,retrofit,track_19,,,0,0.0
13011.5,2025-12-10T00:51:30+00:00,LOCO_01,LOCO_DECOUPLING_COMPLETED,retrofit,,,,SCREW,1,3.0
13016.5,2025-12-10T00:56:30+00:00,LOCO_01,PARKING,,,,,,0,0.0
13016.5,2025-12-10T00:56:30+00:00,LOCO_01,MOVING,WS_01,track_19,WS_01,,,0,5.0
13021.5,2025-12-10T01:01:30+00:00,LOCO_01,RAKE_COUPLING_STARTED,WS_01,,,,DAC,2,0.5
13022.0,2025-12-10T01:02:00+00:00,LOCO_01,RAKE_COUPLING_COMPLETED,WS_01,,,,DAC,2,0.5
13022.0,2025-12-10T01:02:00+00:00,LOCO_01,LOCO_COUPLING_STARTED,WS_01,,,,DAC,2,0.5
13022.5,2025-12-10T01:02:30+00:00,LOCO_01,LOCO_COUPLING_COMPLETED,WS_01,,,,DAC,2,0.5
13022.5,2025-12-10T01:02:30+00:00,LOCO_01,SHUNTING_PREP,WS_01,,,,,2,1.0
13023.5,2025-12-10T01:03:30+00:00,LOCO_01,MOVING,retrofitted,WS_01,retrofitted,,,0,5.0
13028.5,2025-12-10T01:08:30+00:00,LOCO_01,MOVING,track_19,retrofitted,track_19,,,0,5.0
13033.5,2025-12-10T01:13:30+00:00,LOCO_01,MOVING,WS_02,track_19,WS_02,,,0,5.0
13038.5,2025-12-10T01:18:30+00:00,LOCO_01,RAKE_COUPLING_STARTED,WS_02,,,,DAC,2,0.5
13039.0,2025-12-10T01:19:00+00:00,LOCO_01,RAKE_COUPLING_COMPLETED,WS_02,,,,DAC,2,0.5
13039.0,2025-12-10T01:19:00+00:00,LOCO_01,LOCO_COUPLING_STARTED,WS_02,,,,DAC,2,0.5
13039.5,2025-12-10T01:19:30+00:00,LOCO_01,LOCO_COUPLING_COMPLETED,WS_02,,,,DAC,2,0.5
13039.5,2025-12-10T01:19:30+00:00,LOCO_01,SHUNTING_PREP,WS_02,,,,,2,1.0
13040.5,2025-12-10T01:20:30+00:00,LOCO_01,MOVING,retrofitted,WS_02,retrofitted,,,0,5.0
13045.5,2025-12-10T01:25:30+00:00,LOCO_01,MOVING,track_19,retrofitted,track_19,,,0,5.0
13050.5,2025-12-10T01:30:30+00:00,LOCO_01,ALLOCATED,,,,batch_transport,,0,0.0
13050.5,2025-12-10T01:30:30+00:00,LOCO_01,MOVING,retrofitted,track_19,retrofitted,,,0,5.0
13055.5,2025-12-10T01:35:30+00:00,LOCO_01,RAKE_COUPLING_STARTED,retrofitted,,,,DAC,4,1.5
13057.0,2025-12-10T01:37:00+00:00,LOCO_01,RAKE_COUPLING_COMPLETED,retrofitted,,,,DAC,4,1.5
13057.0,2025-12-10T01:37:00+00:00,LOCO_01,LOCO_COUPLING_STARTED,retrofitted,,,,DAC,4,0.5
13057.5,2025-12-10T01:37:30+00:00,LOCO_01,LOCO_COUPLING_COMPLETED,retrofitted,,,,DAC,4,0.5
13057.5,2025-12-10T01:37:30+00:00,LOCO_01,SHUNTING_PREP,retrofitted,,,,,4,1.0
13058.5,2025-12-10T01:38:30+00:00,LOCO_01,MOVING,parking11,retrofitted,parking11,,,0,60.0
13118.5,2025-12-10T02:38:30+00:00,LOCO_01,LOCO_DECOUPLING_STARTED,parking11,,,,DAC,4,0.5
13119.0,2025-12-10T02:39:00+00:00,LOCO_01,LOCO_DECOUPLING_COMPLETED,parking11,,,,DAC,4,0.5
13119.0,2025-12-10T02:39:00+00:00,LOCO_01,RAKE_DECOUPLING_STARTED,parking11,,,,DAC,4,1.5
13120.5,2025-12-10T02:40:30+00:00,LOCO_01,RAKE_DECOUPLING_COMPLETED,parking11,,,,DAC,4,1.5
13122.0,2025-12-10T02:42:00+00:00,LOCO_01,MOVING,track_19,parking11,track_19,,,0,60.0
13182.0,2025-12-10T03:42:00+00:00,LOCO_01,MOVING,collection1,track_19,collection1,,,0,60.0
13242.0,2025-12-10T04:42:00+00:00,LOCO_01,ALLOCATED,,,,batch_transport,,0,0.0
13242.0,2025-12-10T04:42:00+00:00,LOCO_01,LOCO_COUPLING_STARTED,collection1,,,,SCREW,1,2.0
13244.0,2025-12-10T04:44:00+00:00,LOCO_01,LOCO_COUPLING_COMPLETED,collection1,,,,SCREW,1,2.0
13244.0,2025-12-10T04:44:00+00:00,LOCO_01,SHUNTING_PREP,collection1,,,,,1,1.0
13245.0,2025-12-10T04:45:00+00:00,LOCO_01,MOVING,retrofit,collection1,retrofit,,,0,60.0
13305.0,2025-12-10T05:45:00+00:00,LOCO_01,LOCO_DECOUPLING_STARTED,retrofit,,,,SCREW,1,3.0
13308.0,2025-12-10T05:48:00+00:00,LOCO_01,MOVING,track_19,retrofit,track_19,,,0,0.0
13308.0,2025-12-10T05:48:00+00:00,LOCO_01,LOCO_DECOUPLING_COMPLETED,retrofit,,,,SCREW,1,3.0
13313.0,2025-12-10T05:53:00+00:00,LOCO_01,PARKING,,,,,,0,2.0
13315.0,2025-12-10T05:55:00+00:00,LOCO_01,MOVING,retrofit,track_19,retrofit,,,0,5.0
13320.0,2025-12-10T06:00:00+00:00,LOCO_01,COUPLING_STARTED,retrofit,,,,SCREW,0,2.0
13322.0,2025-12-10T06:02:00+00:00,LOCO_01,COUPLING_COMPLETED,retrofit,,,,SCREW,0,2.0
13322.0,2025-12-10T06:02:00+00:00,LOCO_01,SHUNTING_PREP,retrofit,,,,,0,1.0
13323.0,2025-12-10T06:03:00+00:00,LOCO_01,MOVING,WS_01,retrofit,WS_01,,,0,5.0
13328.0,2025-12-10T06:08:00+00:00,LOCO_01,DECOUPLING_STARTED,WS_01,,,,SCREW,0,3.0
13331.0,2025-12-10T06:11:00+00:00,LOCO_01,DECOUPLING_COMPLETED,WS_01,,,,SCREW,0,3.0
13334.0,2025-12-10T06:14:00+00:00,LOCO_01,MOVING,track_19,WS_01,track_19,,,0,5.0
13339.0,2025-12-10T06:19:00+00:00,LOCO_01,MOVING,WS_02,track_19,WS_02,,,0,5.0
13344.0,2025-12-10T06:24:00+00:00,LOCO_01,RAKE_COUPLING_STARTED,WS_02,,,,DAC,2,0.5
13344.5,2025-12-10T06:24:30+00:00,LOCO_01,RAKE_COUPLING_COMPLETED,WS_02,,,,DAC,2,0.5
13344.5,2025-12-10T06:24:30+00:00,LOCO_01,LOCO_COUPLING_STARTED,WS_02,,,,DAC,2,0.5
13345.0,2025-12-10T06:25:00+00:00,LOCO_01,LOCO_COUPLING_COMPLETED,WS_02,,,,DAC,2,0.5
13345.0,2025-12-10T06:25:00+00:00,LOCO_01,SHUNTING_PREP,WS_02,,,,,2,1.0
13346.0,2025-12-10T06:26:00+00:00,LOCO_01,MOVING,retrofitted,WS_02,retrofitted,,,0,5.0
13351.0,2025-12-10T06:31:00+00:00,LOCO_01,MOVING,track_19,retrofitted,track_19,,,0,5.0
13356.0,2025-12-10T06:36:00+00:00,LOCO_01,MOVING,collection1,track_19,collection1,,,0,60.0
13416.0,2025-12-10T07:36:00+00:00,LOCO_01,ALLOCATED,,,,batch_transport,,0,0.0
13416.0,2025-12-10T07:36:00+00:00,LOCO_01,RAKE_COUPLING_STARTED,collection1,,,,SCREW,3,4.0
13420.0,2025-12-10T07:40:00+00:00,LOCO_01,RAKE_COUPLING_COMPLETED,collection1,,,,SCREW,3,4.0
13420.0,2025-12-10T07:40:00+00:00,LOCO_01,LOCO_COUPLING_STARTED,collection1,,,,SCREW,3,2.0
13422.0,2025-12-10T07:42:00+00:00,LOCO_01,LOCO_COUPLING_COMPLETED,collection1,,,,SCREW,3,2.0
13422.0,2025-12-10T07:42:00+00:00,LOCO_01,SHUNTING_PREP,collection1,,,,,3,1.0
13423.0,2025-12-10T07:43:00+00:00,LOCO_01,MOVING,retrofit,collection1,retrofit,,,0,60.0
13483.0,2025-12-10T08:43:00+00:00,LOCO_01,LOCO_DECOUPLING_STARTED,retrofit,,,,SCREW,3,3.0
13486.0,2025-12-10T08:46:00+00:00,LOCO_01,LOCO_DECOUPLING_COMPLETED,retrofit,,,,SCREW,3,3.0
13486.0,2025-12-10T08:46:00+00:00,LOCO_01,RAKE_DECOUPLING_STARTED,retrofit,,,,SCREW,3,6.0
13492.0,2025-12-10T08:52:00+00:00,LOCO_01,RAKE_DECOUPLING_COMPLETED,retrofit,,,,SCREW,3,6.0
13498.0,2025-12-10T08:58:00+00:00,LOCO_01,MOVING,track_19,retrofit,track_19,,,0,5.0
13503.0,2025-12-10T09:03:00+00:00,LOCO_01,PARKING,,,,,,0,2.0
13505.0,2025-12-10T09:05:00+00:00,LOCO_01,MOVING,retrofit,track_19,retrofit,,,0,5.0
13510.0,2025-12-10T09:10:00+00:00,LOCO_01,COUPLING_STARTED,retrofit,,,,SCREW,0,2.0
13512.0,2025-12-10T09:12:00+00:00,LOCO_01,COUPLING_COMPLETED,retrofit,,,,SCREW,0,2.0
13512.0,2025-12-10T09:12:00+00:00,LOCO_01,SHUNTING_PREP,retrofit,,,,,0,1.0
13513.0,2025-12-10T09:13:00+00:00,LOCO_01,MOVING,WS_01,retrofit,WS_01,,,0,5.0
13518.0,2025-12-10T09:18:00+00:00,LOCO_01,DECOUPLING_STARTED,WS_01,,,,SCREW,0,3.0
13521.0,2025-12-10T09:21:00+00:00,LOCO_01,DECOUPLING_COMPLETED,WS_01,,,,SCREW,0,3.0
13524.0,2025-12-10T09:24:00+00:00,LOCO_01,MOVING,track_19,WS_01,track_19,,,0,5.0
13529.0,2025-12-10T09:29:00+00:00,LOCO_01,ALLOCATED,,,,batch_transport,,0,0.0
13529.0,2025-12-10T09:29:00+00:00,LOCO_01,MOVING,retrofitted,track_19,retrofitted,,,0,5.0
13534.0,2025-12-10T09:34:00+00:00,LOCO_01,RAKE_COUPLING_STARTED,retrofitted,,,,DAC,4,1.5
13535.5,2025-12-10T09:35:30+00:00,LOCO_01,RAKE_COUPLING_COMPLETED,retrofitted,,,,DAC,4,1.5
13535.5,2025-12-10T09:35:30+00:00,LOCO_01,LOCO_COUPLING_STARTED,retrofitted,,,,DAC,4,0.5
13536.0,2025-12-10T09:36:00+00:00,LOCO_01,LOCO_COUPLING_COMPLETED,retrofitted,,,,DAC,4,0.5
13536.0,2025-12-10T09:36:00+00:00,LOCO_01,SHUNTING_PREP,retrofitted,,,,,4,1.0
13537.0,2025-12-10T09:37:00+00:00,LOCO_01,MOVING,parking15,retrofitted,parking15,,,0,75.0
13612.0,2025-12-10T10:52:00+00:00,LOCO_01,LOCO_DECOUPLING_STARTED,parking15,,,,DAC,4,0.5
13612.5,2025-12-10T10:52:30+00:00,LOCO_01,LOCO_DECOUPLING_COMPLETED,parking15,,,,DAC,4,0.5
13612.5,2025-12-10T10:52:30+00:00,LOCO_01,RAKE_DECOUPLING_STARTED,parking15,,,,DAC,4,1.5
13614.0,2025-12-10T10:54:00+00:00,LOCO_01,RAKE_DECOUPLING_COMPLETED,parking15,,,,DAC,4,1.5
13615.5,2025-12-10T10:55:30+00:00,LOCO_01,MOVING,track_19,parking15,track_19,,,0,60.0
13675.5,2025-12-10T11:55:30+00:00,LOCO_01,MOVING,WS_02,track_19,WS_02,,,0,5.0
13680.5,2025-12-10T12:00:30+00:00,LOCO_01,RAKE_COUPLING_STARTED,WS_02,,,,DAC,2,0.5
13681.0,2025-12-10T12:01:00+00:00,LOCO_01,RAKE_COUPLING_COMPLETED,WS_02,,,,DAC,2,0.5
13681.0,2025-12-10T12:01:00+00:00,LOCO_01,LOCO_COUPLING_STARTED,WS_02,,,,DAC,2,0.5
13681.5,2025-12-10T12:01:30+00:00,LOCO_01,LOCO_COUPLING_COMPLETED,WS_02,,,,DAC,2,0.5
13681.5,2025-12-10T12:01:30+00:00,LOCO_01,SHUNTING_PREP,WS_02,,,,,2,1.0
13682.5,2025-12-10T12:02:30+00:00,LOCO_01,MOVING,retrofitted,WS_02,retrofitted,,,0,5.0
13687.5,2025-12-10T12:07:30+00:00,LOCO_01,MOVING,track_19,retrofitted,track_19,,,0,5.0
13692.5,2025-12-10T12:12:30+00:00,LOCO_01,ALLOCATED,,,,batch_transport,,0,0.0
13692.5,2025-12-10T12:12:30+00:00,LOCO_01,MOVING,retrofitted,track_19,retrofitted,,,0,5.0
13697.5,2025-12-10T12:17:30+00:00,LOCO_01,RAKE_COUPLING_STARTED,retrofitted,,,,DAC,6,2.5
13700.0,2025-12-10T12:20:00+00:00,LOCO_01,RAKE_COUPLING_COMPLETED,retrofitted,,,,DAC,6,2.5
13700.0,2025-12-10T12:20:00+00:00,LOCO_01,LOCO_COUPLING_STARTED,retrofitted,,,,DAC,6,0.5
13700.5,2025-12-10T12:20:30+00:00,LOCO_01,LOCO_COUPLING_COMPLETED,retrofitted,,,,DAC,6,0.5
13700.5,2025-12-10T12:20:30+00:00,LOCO_01,SHUNTING_PREP,retrofitted,,,,,6,1.0
13701.5,2025-12-10T12:21:30+00:00,LOCO_01,MOVING,parking14,retrofitted,parking14,,,0,75.0
13776.5,2025-12-10T13:36:30+00:00,LOCO_01,LOCO_DECOUPLING_STARTED,parking14,,,,DAC,6,0.5
13777.0,2025-12-10T13:37:00+00:00,LOCO_01,LOCO_DECOUPLING_COMPLETED,parking14,,,,DAC,6,0.5
13777.0,2025-12-10T13:37:00+00:00,LOCO_01,RAKE_DECOUPLING_STARTED,parking14,,,,DAC,6,2.5
13779.5,2025-12-10T13:39:30+00:00,LOCO_01,RAKE_DECOUPLING_COMPLETED,parking14,,,,DAC,6,2.5
13782.0,2025-12-10T13:42:00+00:00,LOCO_01,MOVING,track_19,parking14,track_19,,,0,60.0
13842.0,2025-12-10T14:42:00+00:00,LOCO_01,MOVING,collection1,track_19,collection1,,,0,60.0
13902.0,2025-12-10T15:42:00+00:00,LOCO_01,ALLOCATED,,,,batch_transport,,0,0.0
13902.0,2025-12-10T15:42:00+00:00,LOCO_01,LOCO_COUPLING_STARTED,collection1,,,,SCREW,1,2.0
13904.0,2025-12-10T15:44:00+00:00,LOCO_01,LOCO_COUPLING_COMPLETED,collection1,,,,SCREW,1,2.0
13904.0,2025-12-10T15:44:00+00:00,LOCO_01,SHUNTING_PREP,collection1,,,,,1,1.0
13905.0,2025-12-10T15:45:00+00:00,LOCO_01,MOVING,retrofit,collection1,retrofit,,,0,60.0
13965.0,2025-12-10T16:45:00+00:00,LOCO_01,LOCO_DECOUPLING_STARTED,retrofit,,,,SCREW,1,3.0
13968.0,2025-12-10T16:48:00+00:00,LOCO_01,MOVING,track_19,retrofit,track_19,,,0,0.0
13968.0,2025-12-10T16:48:00+00:00,LOCO_01,LOCO_DECOUPLING_COMPLETED,retrofit,,,,SCREW,1,3.0
13973.0,2025-12-10T16:53:00+00:00,LOCO_01,PARKING,,,,,,0,2.0
13975.0,2025-12-10T16:55:00+00:00,LOCO_01,MOVING,retrofit,track_19,retrofit,,,0,5.0
13980.0,2025-12-10T17:00:00+00:00,LOCO_01,COUPLING_STARTED,retrofit,,,,SCREW,0,2.0
13982.0,2025-12-10T17:02:00+00:00,LOCO_01,COUPLING_COMPLETED,retrofit,,,,SCREW,0,2.0
13982.0,2025-12-10T17:02:00+00:00,LOCO_01,SHUNTING_PREP,retrofit,,,,,0,1.0
13983.0,2025-12-10T17:03:00+00:00,LOCO_01,MOVING,WS_02,retrofit,WS_02,,,0,5.0
13988.0,2025-12-10T17:08:00+00:00,LOCO_01,DECOUPLING_STARTED,WS_02,,,,SCREW,0,3.0
13991.0,2025-12-10T17:11:00+00:00,LOCO_01,DECOUPLING_COMPLETED,WS_02,,,,SCREW,0,3.0
13994.0,2025-12-10T17:14:00+00:00,LOCO_01,MOVING,track_19,WS_02,track_19,,,0,5.0
13999.0,2025-12-10T17:19:00+00:00,LOCO_01,MOVING,WS_01,track_19,WS_01,,,0,5.0
14004.0,2025-12-10T17:24:00+00:00,LOCO_01,RAKE_COUPLING_STARTED,WS_01,,,,DAC,2,0.5
14004.5,2025-12-10T17:24:30+00:00,LOCO_01,RAKE_COUPLING_COMPLETED,WS_01,,,,DAC,2,0.5
14004.5,2025-12-10T17:24:30+00:00,LOCO_01,LOCO_COUPLING_STARTED,WS_01,,,,DAC,2,0.5
14005.0,2025-12-10T17:25:00+00:00,LOCO_01,LOCO_COUPLING_COMPLETED,WS_01,,,,DAC,2,0.5
14005.0,2025-12-10T17:25:00+00:00,LOCO_01,SHUNTING_PREP,WS_01,,,,,2,1.0
14006.0,2025-12-10T17:26:00+00:00,LOCO_01,MOVING,retrofitted,WS_01,retrofitted,,,0,5.0
14011.0,2025-12-10T17:31:00+00:00,LOCO_01,MOVING,track_19,retrofitted,track_19,,,0,5.0
14016.0,2025-12-10T17:36:00+00:00,LOCO_01,MOVING,collection1,track_19,collection1,,,0,60.0
14076.0,2025-12-10T18:36:00+00:00,LOCO_01,ALLOCATED,,,,batch_transport,,0,0.0
14076.0,2025-12-10T18:36:00+00:00,LOCO_01,RAKE_COUPLING_STARTED,collection1,,,,SCREW,2,2.0
14078.0,2025-12-10T18:38:00+00:00,LOCO_01,RAKE_COUPLING_COMPLETED,collection1,,,,SCREW,2,2.0
14078.0,2025-12-10T18:38:00+00:00,LOCO_01,LOCO_COUPLING_STARTED,collection1,,,,SCREW,2,2.0
14080.0,2025-12-10T18:40:00+00:00,LOCO_01,LOCO_COUPLING_COMPLETED,collection1,,,,SCREW,2,2.0
14080.0,2025-12-10T18:40:00+00:00,LOCO_01,SHUNTING_PREP,collection1,,,,,2,1.0
14081.0,2025-12-10T18:41:00+00:00,LOCO_01,MOVING,retrofit,collection1,retrofit,,,0,60.0
14141.0,2025-12-10T19:41:00+00:00,LOCO_01,LOCO_DECOUPLING_STARTED,retrofit,,,,SCREW,2,3.0
14144.0,2025-12-10T19:44:00+00:00,LOCO_01,LOCO_DECOUPLING_COMPLETED,retrofit,,,,SCREW,2,3.0
14144.0,2025-12-10T19:44:00+00:00,LOCO_01,RAKE_DECOUPLING_STARTED,retrofit,,,,SCREW,2,3.0
14147.0,2025-12-10T19:47:00+00:00,LOCO_01,RAKE_DECOUPLING_COMPLETED,retrofit,,,,SCREW,2,3.0
14150.0,2025-12-10T19:50:00+00:00,LOCO_01,MOVING,track_19,retrofit,track_19,,,0,5.0
14155.0,2025-12-10T19:55:00+00:00,LOCO_01,PARKING,,,,,,0,2.0
14157.0,2025-12-10T19:57:00+00:00,LOCO_01,MOVING,retrofit,track_19,retrofit,,,0,5.0
14162.0,2025-12-10T20:02:00+00:00,LOCO_01,COUPLING_STARTED,retrofit,,,,SCREW,0,2.0
14164.0,2025-12-10T20:04:00+00:00,LOCO_01,COUPLING_COMPLETED,retrofit,,,,SCREW,0,2.0
14164.0,2025-12-10T20:04:00+00:00,LOCO_01,SHUNTING_PREP,retrofit,,,,,0,1.0
14165.0,2025-12-10T20:05:00+00:00,LOCO_01,MOVING,WS_02,retrofit,WS_02,,,0,5.0
14170.0,2025-12-10T20:10:00+00:00,LOCO_01,DECOUPLING_STARTED,WS_02,,,,SCREW,0,3.0
14173.0,2025-12-10T20:13:00+00:00,LOCO_01,DECOUPLING_COMPLETED,WS_02,,,,SCREW,0,3.0
14176.0,2025-12-10T20:16:00+00:00,LOCO_01,MOVING,track_19,WS_02,track_19,,,0,5.0
14181.0,2025-12-10T20:21:00+00:00,LOCO_01,ALLOCATED,,,,batch_transport,,0,0.0
14181.0,2025-12-10T20:21:00+00:00,LOCO_01,MOVING,retrofitted,track_19,retrofitted,,,0,5.0
14186.0,2025-12-10T20:26:00+00:00,LOCO_01,RAKE_COUPLING_STARTED,retrofitted,,,,DAC,4,1.5
14187.5,2025-12-10T20:27:30+00:00,LOCO_01,RAKE_COUPLING_COMPLETED,retrofitted,,,,DAC,4,1.5
14187.5,2025-12-10T20:27:30+00:00,LOCO_01,LOCO_COUPLING_STARTED,retrofitted,,,,DAC,4,0.5
14188.0,2025-12-10T20:28:00+00:00,LOCO_01,LOCO_COUPLING_COMPLETED,retrofitted,,,,DAC,4,0.5
14188.0,2025-12-10T20:28:00+00:00,LOCO_01,SHUNTING_PREP,retrofitted,,,,,4,1.0
14189.0,2025-12-10T20:29:00+00:00,LOCO_01,MOVING,parking13,retrofitted,parking13,,,0,75.0
14264.0,2025-12-10T21:44:00+00:00,LOCO_01,LOCO_DECOUPLING_STARTED,parking13,,,,DAC,4,0.5
14264.5,2025-12-10T21:44:30+00:00,LOCO_01,LOCO_DECOUPLING_COMPLETED,parking13,,,,DAC,4,0.5
14264.5,2025-12-10T21:44:30+00:00,LOCO_01,RAKE_DECOUPLING_STARTED,parking13,,,,DAC,4,1.5
14266.0,2025-12-10T21:46:00+00:00,LOCO_01,RAKE_DECOUPLING_COMPLETED,parking13,,,,DAC,4,1.5
14267.5,2025-12-10T21:47:30+00:00,LOCO_01,MOVING,track_19,parking13,track_19,,,0,60.0
14327.5,2025-12-10T22:47:30+00:00,LOCO_01,MOVING,collection2,track_19,collection2,,,0,60.0
14387.5,2025-12-10T23:47:30+00:00,LOCO_01,ALLOCATED,,,,batch_transport,,0,0.0
14387.5,2025-12-10T23:47:30+00:00,LOCO_01,LOCO_COUPLING_STARTED,collection2,,,,SCREW,1,2.0
14389.5,2025-12-10T23:49:30+00:00,LOCO_01,LOCO_COUPLING_COMPLETED,collection2,,,,SCREW,1,2.0
14389.5,2025-12-10T23:49:30+00:00,LOCO_01,SHUNTING_PREP,collection2,,,,,1,1.0
14390.5,2025-12-10T23:50:30+00:00,LOCO_01,MOVING,retrofit,collection2,retrofit,,,0,0.0
487.0,2025-12-01T08:07:00+00:00,LOCO_02,MOVING,retrofit,track_19,retrofit,,,0,5.0
492.0,2025-12-01T08:12:00+00:00,LOCO_02,COUPLING_STARTED,retrofit,,,,SCREW,0,2.0
494.0,2025-12-01T08:14:00+00:00,LOCO_02,COUPLING_COMPLETED,retrofit,,,,SCREW,0,2.0
494.0,2025-12-01T08:14:00+00:00,LOCO_02,SHUNTING_PREP,retrofit,,,,,0,1.0
495.0,2025-12-01T08:15:00+00:00,LOCO_02,MOVING,WS_01,retrofit,WS_01,,,0,5.0
500.0,2025-12-01T08:20:00+00:00,LOCO_02,DECOUPLING_STARTED,WS_01,,,,SCREW,0,3.0
503.0,2025-12-01T08:23:00+00:00,LOCO_02,DECOUPLING_COMPLETED,WS_01,,,,SCREW,0,3.0
506.0,2025-12-01T08:26:00+00:00,LOCO_02,MOVING,track_19,WS_01,track_19,,,0,60.5
566.5,2025-12-01T09:26:30+00:00,LOCO_02,MOVING,WS_01,track_19,WS_01,,,0,5.0
571.5,2025-12-01T09:31:30+00:00,LOCO_02,RAKE_COUPLING_STARTED,WS_01,,,,DAC,2,0.5
572.0,2025-12-01T09:32:00+00:00,LOCO_02,RAKE_COUPLING_COMPLETED,WS_01,,,,DAC,2,0.5
572.0,2025-12-01T09:32:00+00:00,LOCO_02,LOCO_COUPLING_STARTED,WS_01,,,,DAC,2,0.5
572.5,2025-12-01T09:32:30+00:00,LOCO_02,LOCO_COUPLING_COMPLETED,WS_01,,,,DAC,2,0.5
572.5,2025-12-01T09:32:30+00:00,LOCO_02,SHUNTING_PREP,WS_01,,,,,2,1.0
573.5,2025-12-01T09:33:30+00:00,LOCO_02,MOVING,retrofitted,WS_01,retrofitted,,,0,5.0
578.5,2025-12-01T09:38:30+00:00,LOCO_02,MOVING,track_19,retrofitted,track_19,,,0,5.0
583.5,2025-12-01T09:43:30+00:00,LOCO_02,ALLOCATED,,,,batch_transport,,0,0.0
583.5,2025-12-01T09:43:30+00:00,LOCO_02,MOVING,retrofitted,track_19,retrofitted,,,0,5.0
588.5,2025-12-01T09:48:30+00:00,LOCO_02,RAKE_COUPLING_STARTED,retrofitted,,,,DAC,2,0.5
589.0,2025-12-01T09:49:00+00:00,LOCO_02,RAKE_COUPLING_COMPLETED,retrofitted,,,,DAC,2,0.5
589.0,2025-12-01T09:49:00+00:00,LOCO_02,LOCO_COUPLING_STARTED,retrofitted,,,,DAC,2,0.5
589.5,2025-12-01T09:49:30+00:00,LOCO_02,LOCO_COUPLING_COMPLETED,retrofitted,,,,DAC,2,0.5
589.5,2025-12-01T09:49:30+00:00,LOCO_02,SHUNTING_PREP,retrofitted,,,,,2,1.0
590.5,2025-12-01T09:50:30+00:00,LOCO_02,MOVING,parking16,retrofitted,parking16,,,0,120.0
710.5,2025-12-01T11:50:30+00:00,LOCO_02,LOCO_DECOUPLING_STARTED,parking16,,,,DAC,2,0.5
711.0,2025-12-01T11:51:00+00:00,LOCO_02,LOCO_DECOUPLING_COMPLETED,parking16,,,,DAC,2,0.5
711.0,2025-12-01T11:51:00+00:00,LOCO_02,RAKE_DECOUPLING_STARTED,parking16,,,,DAC,2,0.5
711.5,2025-12-01T11:51:30+00:00,LOCO_02,RAKE_DECOUPLING_COMPLETED,parking16,,,,DAC,2,0.5
712.0,2025-12-01T11:52:00+00:00,LOCO_02,MOVING,track_19,parking16,track_19,,,0,60.0
772.0,2025-12-01T12:52:00+00:00,LOCO_02,MOVING,WS_01,track_19,WS_01,,,0,5.0
777.0,2025-12-01T12:57:00+00:00,LOCO_02,RAKE_COUPLING_STARTED,WS_01,,,,DAC,2,0.5
777.5,2025-12-01T12:57:30+00:00,LOCO_02,RAKE_COUPLING_COMPLETED,WS_01,,,,DAC,2,0.5
777.5,2025-12-01T12:57:30+00:00,LOCO_02,LOCO_COUPLING_STARTED,WS_01,,,,DAC,2,0.5
778.0,2025-12-01T12:58:00+00:00,LOCO_02,LOCO_COUPLING_COMPLETED,WS_01,,,,DAC,2,0.5
778.0,2025-12-01T12:58:00+00:00,LOCO_02,SHUNTING_PREP,WS_01,,,,,2,1.0
779.0,2025-12-01T12:59:00+00:00,LOCO_02,MOVING,retrofitted,WS_01,retrofitted,,,0,5.0
784.0,2025-12-01T13:04:00+00:00,LOCO_02,MOVING,track_19,retrofitted,track_19,,,0,11.0
795.0,2025-12-01T13:15:00+00:00,LOCO_02,MOVING,retrofit,track_19,retrofit,,,0,5.0
800.0,2025-12-01T13:20:00+00:00,LOCO_02,COUPLING_STARTED,retrofit,,,,SCREW,0,2.0
802.0,2025-12-01T13:22:00+00:00,LOCO_02,COUPLING_COMPLETED,retrofit,,,,SCREW,0,2.0
802.0,2025-12-01T13:22:00+00:00,LOCO_02,SHUNTING_PREP,retrofit,,,,,0,1.0
803.0,2025-12-01T13:23:00+00:00,LOCO_02,MOVING,WS_01,retrofit,WS_01,,,0,5.0
808.0,2025-12-01T13:28:00+00:00,LOCO_02,DECOUPLING_STARTED,WS_01,,,,SCREW,0,3.0
811.0,2025-12-01T13:31:00+00:00,LOCO_02,DECOUPLING_COMPLETED,WS_01,,,,SCREW,0,3.0
814.0,2025-12-01T13:34:00+00:00,LOCO_02,MOVING,track_19,WS_01,track_19,,,0,15.0
829.0,2025-12-01T13:49:00+00:00,LOCO_02,ALLOCATED,,,,batch_transport,,0,0.0
829.0,2025-12-01T13:49:00+00:00,LOCO_02,MOVING,retrofitted,track_19,retrofitted,,,0,5.0
834.0,2025-12-01T13:54:00+00:00,LOCO_02,RAKE_COUPLING_STARTED,retrofitted,,,,DAC,2,0.5
834.5,2025-12-01T13:54:30+00:00,LOCO_02,RAKE_COUPLING_COMPLETED,retrofitted,,,,DAC,2,0.5
834.5,2025-12-01T13:54:30+00:00,LOCO_02,LOCO_COUPLING_STARTED,retrofitted,,,,DAC,2,0.5
835.0,2025-12-01T13:55:00+00:00,LOCO_02,LOCO_COUPLING_COMPLETED,retrofitted,,,,DAC,2,0.5
835.0,2025-12-01T13:55:00+00:00,LOCO_02,SHUNTING_PREP,retrofitted,,,,,2,1.0
836.0,2025-12-01T13:56:00+00:00,LOCO_02,MOVING,parking16,retrofitted,parking16,,,0,120.0
956.0,2025-12-01T15:56:00+00:00,LOCO_02,LOCO_DECOUPLING_STARTED,parking16,,,,DAC,2,0.5
956.5,2025-12-01T15:56:30+00:00,LOCO_02,LOCO_DECOUPLING_COMPLETED,parking16,,,,DAC,2,0.5
956.5,2025-12-01T15:56:30+00:00,LOCO_02,RAKE_DECOUPLING_STARTED,parking16,,,,DAC,2,0.5
957.0,2025-12-01T15:57:00+00:00,LOCO_02,RAKE_DECOUPLING_COMPLETED,parking16,,,,DAC,2,0.5
957.5,2025-12-01T15:57:30+00:00,LOCO_02,MOVING,track_19,parking16,track_19,,,0,60.0
1017.5,2025-12-01T16:57:30+00:00,LOCO_02,MOVING,WS_01,track_19,WS_01,,,0,5.0
1022.5,2025-12-01T17:02:30+00:00,LOCO_02,RAKE_COUPLING_STARTED,WS_01,,,,DAC,2,0.5
1023.0,2025-12-01T17:03:00+00:00,LOCO_02,RAKE_COUPLING_COMPLETED,WS_01,,,,DAC,2,0.5
1023.0,2025-12-01T17:03:00+00:00,LOCO_02,LOCO_COUPLING_STARTED,WS_01,,,,DAC,2,0.5
1023.5,2025-12-01T17:03:30+00:00,LOCO_02,LOCO_COUPLING_COMPLETED,WS_01,,,,DAC,2,0.5
1023.5,2025-12-01T17:03:30+00:00,LOCO_02,SHUNTING_PREP,WS_01,,,,,2,1.0
1024.5,2025-12-01T17:04:30+00:00,LOCO_02,MOVING,retrofitted,WS_01,retrofitted,,,0,5.0
1029.5,2025-12-01T17:09:30+00:00,LOCO_02,MOVING,track_19,retrofitted,track_19,,,0,5.0
1034.5,2025-12-01T17:14:30+00:00,LOCO_02,MOVING,WS_02,track_19,WS_02,,,0,5.0
1039.5,2025-12-01T17:19:30+00:00,LOCO_02,RAKE_COUPLING_STARTED,WS_02,,,,DAC,2,0.5
1040.0,2025-12-01T17:20:00+00:00,LOCO_02,RAKE_COUPLING_COMPLETED,WS_02,,,,DAC,2,0.5
1040.0,2025-12-01T17:20:00+00:00,LOCO_02,LOCO_COUPLING_STARTED,WS_02,,,,DAC,2,0.5
1040.5,2025-12-01T17:20:30+00:00,LOCO_02,LOCO_COUPLING_COMPLETED,WS_02,,,,DAC,2,0.5
1040.5,2025-12-01T17:20:30+00:00,LOCO_02,SHUNTING_PREP,WS_02,,,,,2,1.0
1041.5,2025-12-01T17:21:30+00:00,LOCO_02,MOVING,retrofitted,WS_02,retrofitted,,,0,5.0
1046.5,2025-12-01T17:26:30+00:00,LOCO_02,MOVING,track_19,retrofitted,track_19,,,0,7.0
1053.5,2025-12-01T17:33:30+00:00,LOCO_02,MOVING,retrofit,track_19,retrofit,,,0,5.0
1058.5,2025-12-01T17:38:30+00:00,LOCO_02,COUPLING_STARTED,retrofit,,,,SCREW,0,2.0
1060.5,2025-12-01T17:40:30+00:00,LOCO_02,COUPLING_COMPLETED,retrofit,,,,SCREW,0,2.0
1060.5,2025-12-01T17:40:30+00:00,LOCO_02,SHUNTING_PREP,retrofit,,,,,0,1.0
1061.5,2025-12-01T17:41:30+00:00,LOCO_02,MOVING,WS_01,retrofit,WS_01,,,0,5.0
1066.5,2025-12-01T17:46:30+00:00,LOCO_02,DECOUPLING_STARTED,WS_01,,,,SCREW,0,3.0
1069.5,2025-12-01T17:49:30+00:00,LOCO_02,DECOUPLING_COMPLETED,WS_01,,,,SCREW,0,3.0
1072.5,2025-12-01T17:52:30+00:00,LOCO_02,MOVING,track_19,WS_01,track_19,,,0,7.0
1079.5,2025-12-01T17:59:30+00:00,LOCO_02,MOVING,retrofit,track_19,retrofit,,,0,5.0
1084.5,2025-12-01T18:04:30+00:00,LOCO_02,COUPLING_STARTED,retrofit,,,,SCREW,0,2.0
1086.5,2025-12-01T18:06:30+00:00,LOCO_02,COUPLING_COMPLETED,retrofit,,,,SCREW,0,2.0
1086.5,2025-12-01T18:06:30+00:00,LOCO_02,SHUNTING_PREP,retrofit,,,,,0,1.0
1087.5,2025-12-01T18:07:30+00:00,LOCO_02,MOVING,WS_02,retrofit,WS_02,,,0,5.0
1092.5,2025-12-01T18:12:30+00:00,LOCO_02,DECOUPLING_STARTED,WS_02,,,,SCREW,0,3.0
1095.5,2025-12-01T18:15:30+00:00,LOCO_02,DECOUPLING_COMPLETED,WS_02,,,,SCREW,0,3.0
1098.5,2025-12-01T18:18:30+00:00,LOCO_02,MOVING,track_19,WS_02,track_19,,,0,31.5
1130.0,2025-12-01T18:50:00+00:00,LOCO_02,MOVING,collection1,track_19,collection1,,,0,60.0
1190.0,2025-12-01T19:50:00+00:00,LOCO_02,ALLOCATED,,,,batch_transport,,0,0.0
1190.0,2025-12-01T19:50:00+00:00,LOCO_02,RAKE_COUPLING_STARTED,collection1,,,,SCREW,6,10.0
1200.0,2025-12-01T20:00:00+00:00,LOCO_02,RAKE_COUPLING_COMPLETED,collection1,,,,SCREW,6,10.0
1200.0,2025-12-01T20:00:00+00:00,LOCO_02,LOCO_COUPLING_STARTED,collection1,,,,SCREW,6,2.0
1202.0,2025-12-01T20:02:00+00:00,LOCO_02,LOCO_COUPLING_COMPLETED,collection1,,,,SCREW,6,2.0
1202.0,2025-12-01T20:02:00+00:00,LOCO_02,SHUNTING_PREP,collection1,,,,,6,1.0
1203.0,2025-12-01T20:03:00+00:00,LOCO_02,MOVING,retrofit,collection1,retrofit,,,0,60.0
1263.0,2025-12-01T21:03:00+00:00,LOCO_02,LOCO_DECOUPLING_STARTED,retrofit,,,,SCREW,6,3.0
1266.0,2025-12-01T21:06:00+00:00,LOCO_02,LOCO_DECOUPLING_COMPLETED,retrofit,,,,SCREW,6,3.0
1266.0,2025-12-01T21:06:00+00:00,LOCO_02,RAKE_DECOUPLING_STARTED,retrofit,,,,SCREW,6,15.0
1281.0,2025-12-01T21:21:00+00:00,LOCO_02,RAKE_DECOUPLING_COMPLETED,retrofit,,,,SCREW,6,15.0
1296.0,2025-12-01T21:36:00+00:00,LOCO_02,MOVING,track_19,retrofit,track_19,,,0,5.0
1301.0,2025-12-01T21:41:00+00:00,LOCO_02,PARKING,,,,,,0,0.0
1301.0,2025-12-01T21:41:00+00:00,LOCO_02,MOVING,WS_02,track_19,WS_02,,,0,5.0
1306.0,2025-12-01T21:46:00+00:00,LOCO_02,RAKE_COUPLING_STARTED,WS_02,,,,DAC,2,0.5
1306.5,2025-12-01T21:46:30+00:00,LOCO_02,RAKE_COUPLING_COMPLETED,WS_02,,,,DAC,2,0.5
1306.5,2025-12-01T21:46:30+00:00,LOCO_02,LOCO_COUPLING_STARTED,WS_02,,,,DAC,2,0.5
1307.0,2025-12-01T21:47:00+00:00,LOCO_02,LOCO_COUPLING_COMPLETED,WS_02,,,,DAC,2,0.5
1307.0,2025-12-01T21:47:00+00:00,LOCO_02,SHUNTING_PREP,WS_02,,,,,2,1.0
1308.0,2025-12-01T21:48:00+00:00,LOCO_02,MOVING,retrofitted,WS_02,retrofitted,,,0,5.0
1313.0,2025-12-01T21:53:00+00:00,LOCO_02,MOVING,track_19,retrofitted,track_19,,,0,7.0
1320.0,2025-12-01T22:00:00+00:00,LOCO_02,MOVING,retrofit,track_19,retrofit,,,0,5.0
1325.0,2025-12-01T22:05:00+00:00,LOCO_02,COUPLING_STARTED,retrofit,,,,SCREW,0,2.0
1327.0,2025-12-01T22:07:00+00:00,LOCO_02,COUPLING_COMPLETED,retrofit,,,,SCREW,0,2.0
1327.0,2025-12-01T22:07:00+00:00,LOCO_02,SHUNTING_PREP,retrofit,,,,,0,1.0
1328.0,2025-12-01T22:08:00+00:00,LOCO_02,MOVING,WS_01,retrofit,WS_01,,,0,5.0
1333.0,2025-12-01T22:13:00+00:00,LOCO_02,DECOUPLING_STARTED,WS_01,,,,SCREW,0,3.0
1336.0,2025-12-01T22:16:00+00:00,LOCO_02,DECOUPLING_COMPLETED,WS_01,,,,SCREW,0,3.0
1339.0,2025-12-01T22:19:00+00:00,LOCO_02,MOVING,track_19,WS_01,track_19,,,0,7.0
1346.0,2025-12-01T22:26:00+00:00,LOCO_02,MOVING,retrofit,track_19,retrofit,,,0,5.0
1351.0,2025-12-01T22:31:00+00:00,LOCO_02,COUPLING_STARTED,retrofit,,,,SCREW,0,2.0
1353.0,2025-12-01T22:33:00+00:00,LOCO_02,COUPLING_COMPLETED,retrofit,,,,SCREW,0,2.0
1353.0,2025-12-01T22:33:00+00:00,LOCO_02,SHUNTING_PREP,retrofit,,,,,0,1.0
1354.0,2025-12-01T22:34:00+00:00,LOCO_02,MOVING,WS_02,retrofit,WS_02,,,0,5.0
1359.0,2025-12-01T22:39:00+00:00,LOCO_02,DECOUPLING_STARTED,WS_02,,,,SCREW,0,3.0
1362.0,2025-12-01T22:42:00+00:00,LOCO_02,DECOUPLING_COMPLETED,WS_02,,,,SCREW,0,3.0
1365.0,2025-12-01T22:45:00+00:00,LOCO_02,MOVING,track_19,WS_02,track_19,,,0,5.0
1370.0,2025-12-01T22:50:00+00:00,LOCO_02,MOVING,collection1,track_19,collection1,,,0,60.0
1430.0,2025-12-01T23:50:00+00:00,LOCO_02,ALLOCATED,,,,batch_transport,,0,0.0
1430.0,2025-12-01T23:50:00+00:00,LOCO_02,LOCO_COUPLING_STARTED,collection1,,,,SCREW,1,2.0
1432.0,2025-12-01T23:52:00+00:00,LOCO_02,LOCO_COUPLING_COMPLETED,collection1,,,,SCREW,1,2.0
1432.0,2025-12-01T23:52:00+00:00,LOCO_02,SHUNTING_PREP,collection1,,,,,1,1.0
1433.0,2025-12-01T23:53:00+00:00,LOCO_02,MOVING,retrofit,collection1,retrofit,,,0,60.0
1493.0,2025-12-02T00:53:00+00:00,LOCO_02,LOCO_DECOUPLING_STARTED,retrofit,,,,SCREW,1,3.0
1496.0,2025-12-02T00:56:00+00:00,LOCO_02,MOVING,track_19,retrofit,track_19,,,0,0.0
1496.0,2025-12-02T00:56:00+00:00,LOCO_02,LOCO_DECOUPLING_COMPLETED,retrofit,,,,SCREW,1,3.0
1501.0,2025-12-02T01:01:00+00:00,LOCO_02,PARKING,,,,,,0,0.0
1501.0,2025-12-02T01:01:00+00:00,LOCO_02,MOVING,WS_02,track_19,WS_02,,,0,5.0
1506.0,2025-12-02T01:06:00+00:00,LOCO_02,RAKE_COUPLING_STARTED,WS_02,,,,DAC,2,0.5
1506.5,2025-12-02T01:06:30+00:00,LOCO_02,RAKE_COUPLING_COMPLETED,WS_02,,,,DAC,2,0.5
1506.5,2025-12-02T01:06:30+00:00,LOCO_02,LOCO_COUPLING_STARTED,WS_02,,,,DAC,2,0.5
1507.0,2025-12-02T01:07:00+00:00,LOCO_02,LOCO_COUPLING_COMPLETED,WS_02,,,,DAC,2,0.5
1507.0,2025-12-02T01:07:00+00:00,LOCO_02,SHUNTING_PREP,WS_02,,,,,2,1.0
1508.0,2025-12-02T01:08:00+00:00,LOCO_02,MOVING,retrofitted,WS_02,retrofitted,,,0,5.0
1513.0,2025-12-02T01:13:00+00:00,LOCO_02,MOVING,track_19,retrofitted,track_19,,,0,7.0
1520.0,2025-12-02T01:20:00+00:00,LOCO_02,MOVING,retrofit,track_19,retrofit,,,0,5.0
1525.0,2025-12-02T01:25:00+00:00,LOCO_02,COUPLING_STARTED,retrofit,,,,SCREW,0,2.0
1527.0,2025-12-02T01:27:00+00:00,LOCO_02,COUPLING_COMPLETED,retrofit,,,,SCREW,0,2.0
1527.0,2025-12-02T01:27:00+00:00,LOCO_02,SHUNTING_PREP,retrofit,,,,,0,1.0
1528.0,2025-12-02T01:28:00+00:00,LOCO_02,MOVING,WS_01,retrofit,WS_01,,,0,5.0
1533.0,2025-12-02T01:33:00+00:00,LOCO_02,DECOUPLING_STARTED,WS_01,,,,SCREW,0,3.0
1536.0,2025-12-02T01:36:00+00:00,LOCO_02,DECOUPLING_COMPLETED,WS_01,,,,SCREW,0,3.0
1539.0,2025-12-02T01:39:00+00:00,LOCO_02,MOVING,track_19,WS_01,track_19,,,0,7.0
1546.0,2025-12-02T01:46:00+00:00,LOCO_02,MOVING,retrofit,track_19,retrofit,,,0,5.0
1551.0,2025-12-02T01:51:00+00:00,LOCO_02,COUPLING_STARTED,retrofit,,,,SCREW,0,2.0
1553.0,2025-12-02T01:53:00+00:00,LOCO_02,COUPLING_COMPLETED,retrofit,,,,SCREW,0,2.0
1553.0,2025-12-02T01:53:00+00:00,LOCO_02,SHUNTING_PREP,retrofit,,,,,0,1.0
1554.0,2025-12-02T01:54:00+00:00,LOCO_02,MOVING,WS_02,retrofit,WS_02,,,0,5.0
1559.0,2025-12-02T01:59:00+00:00,LOCO_02,DECOUPLING_STARTED,WS_02,,,,SCREW,0,3.0
1562.0,2025-12-02T02:02:00+00:00,LOCO_02,DECOUPLING_COMPLETED,WS_02,,,,SCREW,0,3.0
1565.0,2025-12-02T02:05:00+00:00,LOCO_02,MOVING,track_19,WS_02,track_19,,,0,5.0
1570.0,2025-12-02T02:10:00+00:00,LOCO_02,MOVING,collection1,track_19,collection1,,,0,60.0
1630.0,2025-12-02T03:10:00+00:00,LOCO_02,ALLOCATED,,,,batch_transport,,0,0.0
1630.0,2025-12-02T03:10:00+00:00,LOCO_02,RAKE_COUPLING_STARTED,collection1,,,,SCREW,2,2.0
1632.0,2025-12-02T03:12:00+00:00,LOCO_02,RAKE_COUPLING_COMPLETED,collection1,,,,SCREW,2,2.0
1632.0,2025-12-02T03:12:00+00:00,LOCO_02,LOCO_COUPLING_STARTED,collection1,,,,SCREW,2,2.0
1634.0,2025-12-02T03:14:00+00:00,LOCO_02,LOCO_COUPLING_COMPLETED,collection1,,,,SCREW,2,2.0
1634.0,2025-12-02T03:14:00+00:00,LOCO_02,SHUNTING_PREP,collection1,,,,,2,1.0
1635.0,2025-12-02T03:15:00+00:00,LOCO_02,MOVING,retrofit,collection1,retrofit,,,0,60.0
1695.0,2025-12-02T04:15:00+00:00,LOCO_02,LOCO_DECOUPLING_STARTED,retrofit,,,,SCREW,2,3.0
1698.0,2025-12-02T04:18:00+00:00,LOCO_02,LOCO_DECOUPLING_COMPLETED,retrofit,,,,SCREW,2,3.0
1698.0,2025-12-02T04:18:00+00:00,LOCO_02,RAKE_DECOUPLING_STARTED,retrofit,,,,SCREW,2,3.0
1701.0,2025-12-02T04:21:00+00:00,LOCO_02,RAKE_DECOUPLING_COMPLETED,retrofit,,,,SCREW,2,3.0
1704.0,2025-12-02T04:24:00+00:00,LOCO_02,MOVING,track_19,retrofit,track_19,,,0,5.0
1709.0,2025-12-02T04:29:00+00:00,LOCO_02,PARKING,,,,,,0,0.0
1709.0,2025-12-02T04:29:00+00:00,LOCO_02,MOVING,WS_01,track_19,WS_01,,,0,5.0
1714.0,2025-12-02T04:34:00+00:00,LOCO_02,RAKE_COUPLING_STARTED,WS_01,,,,DAC,2,0.5
1714.5,2025-12-02T04:34:30+00:00,LOCO_02,RAKE_COUPLING_COMPLETED,WS_01,,,,DAC,2,0.5
1714.5,2025-12-02T04:34:30+00:00,LOCO_02,LOCO_COUPLING_STARTED,WS_01,,,,DAC,2,0.5
1715.0,2025-12-02T04:35:00+00:00,LOCO_02,LOCO_COUPLING_COMPLETED,WS_01,,,,DAC,2,0.5
1715.0,2025-12-02T04:35:00+00:00,LOCO_02,SHUNTING_PREP,WS_01,,,,,2,1.0
1716.0,2025-12-02T04:36:00+00:00,LOCO_02,MOVING,retrofitted,WS_01,retrofitted,,,0,5.0
1721.0,2025-12-02T04:41:00+00:00,LOCO_02,MOVING,track_19,retrofitted,track_19,,,0,5.0
1726.0,2025-12-02T04:46:00+00:00,LOCO_02,MOVING,WS_02,track_19,WS_02,,,0,5.0
1731.0,2025-12-02T04:51:00+00:00,LOCO_02,RAKE_COUPLING_STARTED,WS_02,,,,DAC,2,0.5
1731.5,2025-12-02T04:51:30+00:00,LOCO_02,RAKE_COUPLING_COMPLETED,WS_02,,,,DAC,2,0.5
1731.5,2025-12-02T04:51:30+00:00,LOCO_02,LOCO_COUPLING_STARTED,WS_02,,,,DAC,2,0.5
1732.0,2025-12-02T04:52:00+00:00,LOCO_02,LOCO_COUPLING_COMPLETED,WS_02,,,,DAC,2,0.5
1732.0,2025-12-02T04:52:00+00:00,LOCO_02,SHUNTING_PREP,WS_02,,,,,2,1.0
1733.0,2025-12-02T04:53:00+00:00,LOCO_02,MOVING,retrofitted,WS_02,retrofitted,,,0,5.0
1738.0,2025-12-02T04:58:00+00:00,LOCO_02,MOVING,track_19,retrofitted,track_19,,,0,7.0
1745.0,2025-12-02T05:05:00+00:00,LOCO_02,MOVING,retrofit,track_19,retrofit,,,0,5.0
1750.0,2025-12-02T05:10:00+00:00,LOCO_02,COUPLING_STARTED,retrofit,,,,SCREW,0,2.0
1752.0,2025-12-02T05:12:00+00:00,LOCO_02,COUPLING_COMPLETED,retrofit,,,,SCREW,0,2.0
1752.0,2025-12-02T05:12:00+00:00,LOCO_02,SHUNTING_PREP,retrofit,,,,,0,1.0
1753.0,2025-12-02T05:13:00+00:00,LOCO_02,MOVING,WS_01,retrofit,WS_01,,,0,5.0
1758.0,2025-12-02T05:18:00+00:00,LOCO_02,DECOUPLING_STARTED,WS_01,,,,SCREW,0,3.0
1761.0,2025-12-02T05:21:00+00:00,LOCO_02,DECOUPLING_COMPLETED,WS_01,,,,SCREW,0,3.0
1764.0,2025-12-02T05:24:00+00:00,LOCO_02,MOVING,track_19,WS_01,track_19,,,0,7.0
1771.0,2025-12-02T05:31:00+00:00,LOCO_02,MOVING,retrofit,track_19,retrofit,,,0,5.0
1776.0,2025-12-02T05:36:00+00:00,LOCO_02,COUPLING_STARTED,retrofit,,,,SCREW,0,2.0
1778.0,2025-12-02T05:38:00+00:00,LOCO_02,COUPLING_COMPLETED,retrofit,,,,SCREW,0,2.0
1778.0,2025-12-02T05:38:00+00:00,LOCO_02,SHUNTING_PREP,retrofit,,,,,0,1.0
1779.0,2025-12-02T05:39:00+00:00,LOCO_02,MOVING,WS_02,retrofit,WS_02,,,0,5.0
1784.0,2025-12-02T05:44:00+00:00,LOCO_02,DECOUPLING_STARTED,WS_02,,,,SCREW,0,3.0
1787.0,2025-12-02T05:47:00+00:00,LOCO_02,DECOUPLING_COMPLETED,WS_02,,,,SCREW,0,3.0
1790.0,2025-12-02T05:50:00+00:00,LOCO_02,MOVING,track_19,WS_02,track_19,,,0,5.0
1795.0,2025-12-02T05:55:00+00:00,LOCO_02,MOVING,collection1,track_19,collection1,,,0,60.0
1855.0,2025-12-02T06:55:00+00:00,LOCO_02,ALLOCATED,,,,batch_transport,,0,0.0
1855.0,2025-12-02T06:55:00+00:00,LOCO_02,RAKE_COUPLING_STARTED,collection1,,,,SCREW,3,4.0
1859.0,2025-12-02T06:59:00+00:00,LOCO_02,RAKE_COUPLING_COMPLETED,collection1,,,,SCREW,3,4.0
1859.0,2025-12-02T06:59:00+00:00,LOCO_02,LOCO_COUPLING_STARTED,collection1,,,,SCREW,3,2.0
1861.0,2025-12-02T07:01:00+00:00,LOCO_02,LOCO_COUPLING_COMPLETED,collection1,,,,SCREW,3,2.0
1861.0,2025-12-02T07:01:00+00:00,LOCO_02,SHUNTING_PREP,collection1,,,,,3,1.0
1862.0,2025-12-02T07:02:00+00:00,LOCO_02,MOVING,retrofit,collection1,retrofit,,,0,60.0
1922.0,2025-12-02T08:02:00+00:00,LOCO_02,LOCO_DECOUPLING_STARTED,retrofit,,,,SCREW,3,3.0
1925.0,2025-12-02T08:05:00+00:00,LOCO_02,LOCO_DECOUPLING_COMPLETED,retrofit,,,,SCREW,3,3.0
1925.0,2025-12-02T08:05:00+00:00,LOCO_02,RAKE_DECOUPLING_STARTED,retrofit,,,,SCREW,3,6.0
1931.0,2025-12-02T08:11:00+00:00,LOCO_02,RAKE_DECOUPLING_COMPLETED,retrofit,,,,SCREW,3,6.0
1937.0,2025-12-02T08:17:00+00:00,LOCO_02,MOVING,track_19,retrofit,track_19,,,0,5.0
1942.0,2025-12-02T08:22:00+00:00,LOCO_02,PARKING,,,,,,0,2.0
1944.0,2025-12-02T08:24:00+00:00,LOCO_02,MOVING,retrofit,track_19,retrofit,,,0,5.0
1949.0,2025-12-02T08:29:00+00:00,LOCO_02,COUPLING_STARTED,retrofit,,,,SCREW,0,2.0
1951.0,2025-12-02T08:31:00+00:00,LOCO_02,COUPLING_COMPLETED,retrofit,,,,SCREW,0,2.0
1951.0,2025-12-02T08:31:00+00:00,LOCO_02,SHUNTING_PREP,retrofit,,,,,0,1.0
1952.0,2025-12-02T08:32:00+00:00,LOCO_02,MOVING,WS_01,retrofit,WS_01,,,0,5.0
1957.0,2025-12-02T08:37:00+00:00,LOCO_02,DECOUPLING_STARTED,WS_01,,,,SCREW,0,3.0
1960.0,2025-12-02T08:40:00+00:00,LOCO_02,DECOUPLING_COMPLETED,WS_01,,,,SCREW,0,3.0
1963.0,2025-12-02T08:43:00+00:00,LOCO_02,MOVING,track_19,WS_01,track_19,,,0,5.0
1968.0,2025-12-02T08:48:00+00:00,LOCO_02,MOVING,collection2,track_19,collection2,,,0,60.0
2028.0,2025-12-02T09:48:00+00:00,LOCO_02,ALLOCATED,,,,batch_transport,,0,0.0
2028.0,2025-12-02T09:48:00+00:00,LOCO_02,RAKE_COUPLING_STARTED,collection2,,,,SCREW,3,4.0
2032.0,2025-12-02T09:52:00+00:00,LOCO_02,RAKE_COUPLING_COMPLETED,collection2,,,,SCREW,3,4.0
2032.0,2025-12-02T09:52:00+00:00,LOCO_02,LOCO_COUPLING_STARTED,collection2,,,,SCREW,3,2.0
2034.0,2025-12-02T09:54:00+00:00,LOCO_02,LOCO_COUPLING_COMPLETED,collection2,,,,SCREW,3,2.0
2034.0,2025-12-02T09:54:00+00:00,LOCO_02,SHUNTING_PREP,collection2,,,,,3,1.0
2035.0,2025-12-02T09:55:00+00:00,LOCO_02,MOVING,retrofit,collection2,retrofit,,,0,60.0
2095.0,2025-12-02T10:55:00+00:00,LOCO_02,LOCO_DECOUPLING_STARTED,retrofit,,,,SCREW,3,3.0
2098.0,2025-12-02T10:58:00+00:00,LOCO_02,LOCO_DECOUPLING_COMPLETED,retrofit,,,,SCREW,3,3.0
2098.0,2025-12-02T10:58:00+00:00,LOCO_02,RAKE_DECOUPLING_STARTED,retrofit,,,,SCREW,3,6.0
2104.0,2025-12-02T11:04:00+00:00,LOCO_02,RAKE_DECOUPLING_COMPLETED,retrofit,,,,SCREW,3,6.0
2110.0,2025-12-02T11:10:00+00:00,LOCO_02,MOVING,track_19,retrofit,track_19,,,0,5.0
2115.0,2025-12-02T11:15:00+00:00,LOCO_02,PARKING,,,,,,0,2.0
2117.0,2025-12-02T11:17:00+00:00,LOCO_02,MOVING,retrofit,track_19,retrofit,,,0,5.0
2122.0,2025-12-02T11:22:00+00:00,LOCO_02,COUPLING_STARTED,retrofit,,,,SCREW,0,2.0
2124.0,2025-12-02T11:24:00+00:00,LOCO_02,COUPLING_COMPLETED,retrofit,,,,SCREW,0,2.0
2124.0,2025-12-02T11:24:00+00:00,LOCO_02,SHUNTING_PREP,retrofit,,,,,0,1.0
2125.0,2025-12-02T11:25:00+00:00,LOCO_02,MOVING,WS_02,retrofit,WS_02,,,0,5.0
2130.0,2025-12-02T11:30:00+00:00,LOCO_02,DECOUPLING_STARTED,WS_02,,,,SCREW,0,3.0
2133.0,2025-12-02T11:33:00+00:00,LOCO_02,DECOUPLING_COMPLETED,WS_02,,,,SCREW,0,3.0
2136.0,2025-12-02T11:36:00+00:00,LOCO_02,MOVING,track_19,WS_02,track_19,,,0,5.0
2141.0,2025-12-02T11:41:00+00:00,LOCO_02,MOVING,WS_01,track_19,WS_01,,,0,5.0
2146.0,2025-12-02T11:46:00+00:00,LOCO_02,RAKE_COUPLING_STARTED,WS_01,,,,DAC,2,0.5
2146.5,2025-12-02T11:46:30+00:00,LOCO_02,RAKE_COUPLING_COMPLETED,WS_01,,,,DAC,2,0.5
2146.5,2025-12-02T11:46:30+00:00,LOCO_02,LOCO_COUPLING_STARTED,WS_01,,,,DAC,2,0.5
2147.0,2025-12-02T11:47:00+00:00,LOCO_02,LOCO_COUPLING_COMPLETED,WS_01,,,,DAC,2,0.5
2147.0,2025-12-02T11:47:00+00:00,LOCO_02,SHUNTING_PREP,WS_01,,,,,2,1.0
2148.0,2025-12-02T11:48:00+00:00,LOCO_02,MOVING,retrofitted,WS_01,retrofitted,,,0,5.0
2153.0,2025-12-02T11:53:00+00:00,LOCO_02,MOVING,track_19,retrofitted,track_19,,,0,5.0
2158.0,2025-12-02T11:58:00+00:00,LOCO_02,MOVING,collection2,track_19,collection2,,,0,60.0
2218.0,2025-12-02T12:58:00+00:00,LOCO_02,ALLOCATED,,,,batch_transport,,0,0.0
2218.0,2025-12-02T12:58:00+00:00,LOCO_02,RAKE_COUPLING_STARTED,collection2,,,,SCREW,2,2.0
2220.0,2025-12-02T13:00:00+00:00,LOCO_02,RAKE_COUPLING_COMPLETED,collection2,,,,SCREW,2,2.0
2220.0,2025-12-02T13:00:00+00:00,LOCO_02,LOCO_COUPLING_STARTED,collection2,,,,SCREW,2,2.0
2222.0,2025-12-02T13:02:00+00:00,LOCO_02,LOCO_COUPLING_COMPLETED,collection2,,,,SCREW,2,2.0
2222.0,2025-12-02T13:02:00+00:00,LOCO_02,SHUNTING_PREP,collection2,,,,,2,1.0
2223.0,2025-12-02T13:03:00+00:00,LOCO_02,MOVING,retrofit,collection2,retrofit,,,0,60.0
2283.0,2025-12-02T14:03:00+00:00,LOCO_02,LOCO_DECOUPLING_STARTED,retrofit,,,,SCREW,2,3.0
2286.0,2025-12-02T14:06:00+00:00,LOCO_02,LOCO_DECOUPLING_COMPLETED,retrofit,,,,SCREW,2,3.0
2286.0,2025-12-02T14:06:00+00:00,LOCO_02,RAKE_DECOUPLING_STARTED,retrofit,,,,SCREW,2,3.0
2289.0,2025-12-02T14:09:00+00:00,LOCO_02,RAKE_DECOUPLING_COMPLETED,retrofit,,,,SCREW,2,3.0
2292.0,2025-12-02T14:12:00+00:00,LOCO_02,MOVING,track_19,retrofit,track_19,,,0,5.0
2297.0,2025-12-02T14:17:00+00:00,LOCO_02,PARKING,,,,,,0,0.0
2297.0,2025-12-02T14:17:00+00:00,LOCO_02,MOVING,collection1,track_19,collection1,,,0,60.0
2357.0,2025-12-02T15:17:00+00:00,LOCO_02,ALLOCATED,,,,batch_transport,,0,0.0
2357.0,2025-12-02T15:17:00+00:00,LOCO_02,RAKE_COUPLING_STARTED,collection1,,,,SCREW,2,2.0
2359.0,2025-12-02T15:19:00+00:00,LOCO_02,RAKE_COUPLING_COMPLETED,collection1,,,,SCREW,2,2.0
2359.0,2025-12-02T15:19:00+00:00,LOCO_02,LOCO_COUPLING_STARTED,collection1,,,,SCREW,2,2.0
2361.0,2025-12-02T15:21:00+00:00,LOCO_02,LOCO_COUPLING_COMPLETED,collection1,,,,SCREW,2,2.0
2361.0,2025-12-02T15:21:00+00:00,LOCO_02,SHUNTING_PREP,collection1,,,,,2,1.0
2362.0,2025-12-02T15:22:00+00:00,LOCO_02,MOVING,retrofit,collection1,retrofit,,,0,60.0
2422.0,2025-12-02T16:22:00+00:00,LOCO_02,LOCO_DECOUPLING_STARTED,retrofit,,,,SCREW,2,3.0
2425.0,2025-12-02T16:25:00+00:00,LOCO_02,LOCO_DECOUPLING_COMPLETED,retrofit,,,,SCREW,2,3.0
2425.0,2025-12-02T16:25:00+00:00,LOCO_02,RAKE_DECOUPLING_STARTED,retrofit,,,,SCREW,2,3.0
2428.0,2025-12-02T16:28:00+00:00,LOCO_02,RAKE_DECOUPLING_COMPLETED,retrofit,,,,SCREW,2,3.0
2431.0,2025-12-02T16:31:00+00:00,LOCO_02,MOVING,track_19,retrofit,track_19,,,0,5.0
2436.0,2025-12-02T16:36:00+00:00,LOCO_02,PARKING,,,,,,0,2.0
2438.0,2025-12-02T16:38:00+00:00,LOCO_02,MOVING,retrofit,track_19,retrofit,,,0,5.0
2443.0,2025-12-02T16:43:00+00:00,LOCO_02,COUPLING_STARTED,retrofit,,,,SCREW,0,2.0
2445.0,2025-12-02T16:45:00+00:00,LOCO_02,COUPLING_COMPLETED,retrofit,,,,SCREW,0,2.0
2445.0,2025-12-02T16:45:00+00:00,LOCO_02,SHUNTING_PREP,retrofit,,,,,0,1.0
2446.0,2025-12-02T16:46:00+00:00,LOCO_02,MOVING,WS_02,retrofit,WS_02,,,0,5.0
2451.0,2025-12-02T16:51:00+00:00,LOCO_02,DECOUPLING_STARTED,WS_02,,,,SCREW,0,3.0
2454.0,2025-12-02T16:54:00+00:00,LOCO_02,DECOUPLING_COMPLETED,WS_02,,,,SCREW,0,3.0
2457.0,2025-12-02T16:57:00+00:00,LOCO_02,MOVING,track_19,WS_02,track_19,,,0,5.0
2462.0,2025-12-02T17:02:00+00:00,LOCO_02,MOVING,collection2,track_19,collection2,,,0,60.0
2522.0,2025-12-02T18:02:00+00:00,LOCO_02,ALLOCATED,,,,batch_transport,,0,0.0
2522.0,2025-12-02T18:02:00+00:00,LOCO_02,LOCO_COUPLING_STARTED,collection2,,,,SCREW,1,2.0
2524.0,2025-12-02T18:04:00+00:00,LOCO_02,LOCO_COUPLING_COMPLETED,collection2,,,,SCREW,1,2.0
2524.0,2025-12-02T18:04:00+00:00,LOCO_02,SHUNTING_PREP,collection2,,,,,1,1.0
2525.0,2025-12-02T18:05:00+00:00,LOCO_02,MOVING,retrofit,collection2,retrofit,,,0,60.0
2585.0,2025-12-02T19:05:00+00:00,LOCO_02,LOCO_DECOUPLING_STARTED,retrofit,,,,SCREW,1,3.0
2588.0,2025-12-02T19:08:00+00:00,LOCO_02,MOVING,track_19,retrofit,track_19,,,0,0.0
2588.0,2025-12-02T19:08:00+00:00,LOCO_02,LOCO_DECOUPLING_COMPLETED,retrofit,,,,SCREW,1,3.0
2593.0,2025-12-02T19:13:00+00:00,LOCO_02,PARKING,,,,,,0,0.0
2593.0,2025-12-02T19:13:00+00:00,LOCO_02,MOVING,collection1,track_19,collection1,,,0,60.0
2653.0,2025-12-02T20:13:00+00:00,LOCO_02,ALLOCATED,,,,batch_transport,,0,0.0
2653.0,2025-12-02T20:13:00+00:00,LOCO_02,LOCO_COUPLING_STARTED,collection1,,,,SCREW,1,2.0
2655.0,2025-12-02T20:15:00+00:00,LOCO_02,LOCO_COUPLING_COMPLETED,collection1,,,,SCREW,1,2.0
2655.0,2025-12-02T20:15:00+00:00,LOCO_02,SHUNTING_PREP,collection1,,,,,1,1.0
2656.0,2025-12-02T20:16:00+00:00,LOCO_02,MOVING,retrofit,collection1,retrofit,,,0,60.0
2716.0,2025-12-02T21:16:00+00:00,LOCO_02,LOCO_DECOUPLING_STARTED,retrofit,,,,SCREW,1,3.0
2719.0,2025-12-02T21:19:00+00:00,LOCO_02,MOVING,track_19,retrofit,track_19,,,0,0.0
2719.0,2025-12-02T21:19:00+00:00,LOCO_02,LOCO_DECOUPLING_COMPLETED,retrofit,,,,SCREW,1,3.0
2724.0,2025-12-02T21:24:00+00:00,LOCO_02,PARKING,,,,,,0,0.0
2724.0,2025-12-02T21:24:00+00:00,LOCO_02,MOVING,WS_02,track_19,WS_02,,,0,5.0
2729.0,2025-12-02T21:29:00+00:00,LOCO_02,RAKE_COUPLING_STARTED,WS_02,,,,DAC,2,0.5
2729.5,2025-12-02T21:29:30+00:00,LOCO_02,RAKE_COUPLING_COMPLETED,WS_02,,,,DAC,2,0.5
2729.5,2025-12-02T21:29:30+00:00,LOCO_02,LOCO_COUPLING_STARTED,WS_02,,,,DAC,2,0.5
2730.0,2025-12-02T21:30:00+00:00,LOCO_02,LOCO_COUPLING_COMPLETED,WS_02,,,,DAC,2,0.5
2730.0,2025-12-02T21:30:00+00:00,LOCO_02,SHUNTING_PREP,WS_02,,,,,2,1.0
2731.0,2025-12-02T21:31:00+00:00,LOCO_02,MOVING,retrofitted,WS_02,retrofitted,,,0,5.0
2736.0,2025-12-02T21:36:00+00:00,LOCO_02,MOVING,track_19,retrofitted,track_19,,,0,5.0
2741.0,2025-12-02T21:41:00+00:00,LOCO_02,MOVING,WS_01,track_19,WS_01,,,0,5.0
2746.0,2025-12-02T21:46:00+00:00,LOCO_02,RAKE_COUPLING_STARTED,WS_01,,,,DAC,2,0.5
2746.5,2025-12-02T21:46:30+00:00,LOCO_02,RAKE_COUPLING_COMPLETED,WS_01,,,,DAC,2,0.5
2746.5,2025-12-02T21:46:30+00:00,LOCO_02,LOCO_COUPLING_STARTED,WS_01,,,,DAC,2,0.5
2747.0,2025-12-02T21:47:00+00:00,LOCO_02,LOCO_COUPLING_COMPLETED,WS_01,,,,DAC,2,0.5
2747.0,2025-12-02T21:47:00+00:00,LOCO_02,SHUNTING_PREP,WS_01,,,,,2,1.0
2748.0,2025-12-02T21:48:00+00:00,LOCO_02,MOVING,retrofitted,WS_01,retrofitted,,,0,5.0
2753.0,2025-12-02T21:53:00+00:00,LOCO_02,MOVING,track_19,retrofitted,track_19,,,0,7.0
2760.0,2025-12-02T22:00:00+00:00,LOCO_02,MOVING,retrofit,track_19,retrofit,,,0,5.0
2765.0,2025-12-02T22:05:00+00:00,LOCO_02,COUPLING_STARTED,retrofit,,,,SCREW,0,2.0
2767.0,2025-12-02T22:07:00+00:00,LOCO_02,COUPLING_COMPLETED,retrofit,,,,SCREW,0,2.0
2767.0,2025-12-02T22:07:00+00:00,LOCO_02,SHUNTING_PREP,retrofit,,,,,0,1.0
2768.0,2025-12-02T22:08:00+00:00,LOCO_02,MOVING,WS_02,retrofit,WS_02,,,0,5.0
2773.0,2025-12-02T22:13:00+00:00,LOCO_02,DECOUPLING_STARTED,WS_02,,,,SCREW,0,3.0
2776.0,2025-12-02T22:16:00+00:00,LOCO_02,DECOUPLING_COMPLETED,WS_02,,,,SCREW,0,3.0
2779.0,2025-12-02T22:19:00+00:00,LOCO_02,MOVING,track_19,WS_02,track_19,,,0,5.0
2784.0,2025-12-02T22:24:00+00:00,LOCO_02,MOVING,collection1,track_19,collection1,,,0,60.0
2844.0,2025-12-02T23:24:00+00:00,LOCO_02,ALLOCATED,,,,batch_transport,,0,0.0
2844.0,2025-12-02T23:24:00+00:00,LOCO_02,LOCO_COUPLING_STARTED,collection1,,,,SCREW,1,2.0
2846.0,2025-12-02T23:26:00+00:00,LOCO_02,LOCO_COUPLING_COMPLETED,collection1,,,,SCREW,1,2.0
2846.0,2025-12-02T23:26:00+00:00,LOCO_02,SHUNTING_PREP,collection1,,,,,1,1.0
2847.0,2025-12-02T23:27:00+00:00,LOCO_02,MOVING,retrofit,collection1,retrofit,,,0,60.0
2907.0,2025-12-03T00:27:00+00:00,LOCO_02,LOCO_DECOUPLING_STARTED,retrofit,,,,SCREW,1,3.0
2910.0,2025-12-03T00:30:00+00:00,LOCO_02,MOVING,track_19,retrofit,track_19,,,0,0.0
2910.0,2025-12-03T00:30:00+00:00,LOCO_02,LOCO_DECOUPLING_COMPLETED,retrofit,,,,SCREW,1,3.0
2915.0,2025-12-03T00:35:00+00:00,LOCO_02,PARKING,,,,,,0,0.0
2915.0,2025-12-03T00:35:00+00:00,LOCO_02,MOVING,collection2,track_19,collection2,,,0,60.0
2975.0,2025-12-03T01:35:00+00:00,LOCO_02,ALLOCATED,,,,batch_transport,,0,0.0
2975.0,2025-12-03T01:35:00+00:00,LOCO_02,RAKE_COUPLING_STARTED,collection2,,,,SCREW,2,2.0
2977.0,2025-12-03T01:37:00+00:00,LOCO_02,RAKE_COUPLING_COMPLETED,collection2,,,,SCREW,2,2.0
2977.0,2025-12-03T01:37:00+00:00,LOCO_02,LOCO_COUPLING_STARTED,collection2,,,,SCREW,2,2.0
2979.0,2025-12-03T01:39:00+00:00,LOCO_02,LOCO_COUPLING_COMPLETED,collection2,,,,SCREW,2,2.0
2979.0,2025-12-03T01:39:00+00:00,LOCO_02,SHUNTING_PREP,collection2,,,,,2,1.0
2980.0,2025-12-03T01:40:00+00:00,LOCO_02,MOVING,retrofit,collection2,retrofit,,,0,60.0
3040.0,2025-12-03T02:40:00+00:00,LOCO_02,LOCO_DECOUPLING_STARTED,retrofit,,,,SCREW,2,3.0
3043.0,2025-12-03T02:43:00+00:00,LOCO_02,LOCO_DECOUPLING_COMPLETED,retrofit,,,,SCREW,2,3.0
3043.0,2025-12-03T02:43:00+00:00,LOCO_02,RAKE_DECOUPLING_STARTED,retrofit,,,,SCREW,2,3.0
3046.0,2025-12-03T02:46:00+00:00,LOCO_02,RAKE_DECOUPLING_COMPLETED,retrofit,,,,SCREW,2,3.0
3049.0,2025-12-03T02:49:00+00:00,LOCO_02,MOVING,track_19,retrofit,track_19,,,0,5.0
3054.0,2025-12-03T02:54:00+00:00,LOCO_02,PARKING,,,,,,0,2.0
3056.0,2025-12-03T02:56:00+00:00,LOCO_02,MOVING,retrofit,track_19,retrofit,,,0,5.0
3061.0,2025-12-03T03:01:00+00:00,LOCO_02,COUPLING_STARTED,retrofit,,,,SCREW,0,2.0
3063.0,2025-12-03T03:03:00+00:00,LOCO_02,COUPLING_COMPLETED,retrofit,,,,SCREW,0,2.0
3063.0,2025-12-03T03:03:00+00:00,LOCO_02,SHUNTING_PREP,retrofit,,,,,0,1.0
3064.0,2025-12-03T03:04:00+00:00,LOCO_02,MOVING,WS_02,retrofit,WS_02,,,0,5.0
3069.0,2025-12-03T03:09:00+00:00,LOCO_02,DECOUPLING_STARTED,WS_02,,,,SCREW,0,3.0
3072.0,2025-12-03T03:12:00+00:00,LOCO_02,DECOUPLING_COMPLETED,WS_02,,,,SCREW,0,3.0
3075.0,2025-12-03T03:15:00+00:00,LOCO_02,MOVING,track_19,WS_02,track_19,,,0,5.0
3080.0,2025-12-03T03:20:00+00:00,LOCO_02,MOVING,collection1,track_19,collection1,,,0,60.0
3140.0,2025-12-03T04:20:00+00:00,LOCO_02,ALLOCATED,,,,batch_transport,,0,0.0
3140.0,2025-12-03T04:20:00+00:00,LOCO_02,LOCO_COUPLING_STARTED,collection1,,,,SCREW,1,2.0
3142.0,2025-12-03T04:22:00+00:00,LOCO_02,LOCO_COUPLING_COMPLETED,collection1,,,,SCREW,1,2.0
3142.0,2025-12-03T04:22:00+00:00,LOCO_02,SHUNTING_PREP,collection1,,,,,1,1.0
3143.0,2025-12-03T04:23:00+00:00,LOCO_02,MOVING,retrofit,collection1,retrofit,,,0,60.0
3203.0,2025-12-03T05:23:00+00:00,LOCO_02,LOCO_DECOUPLING_STARTED,retrofit,,,,SCREW,1,3.0
3206.0,2025-12-03T05:26:00+00:00,LOCO_02,MOVING,track_19,retrofit,track_19,,,0,0.0
3206.0,2025-12-03T05:26:00+00:00,LOCO_02,LOCO_DECOUPLING_COMPLETED,retrofit,,,,SCREW,1,3.0
3211.0,2025-12-03T05:31:00+00:00,LOCO_02,PARKING,,,,,,0,0.0
3211.0,2025-12-03T05:31:00+00:00,LOCO_02,MOVING,collection2,track_19,collection2,,,0,60.0
3271.0,2025-12-03T06:31:00+00:00,LOCO_02,ALLOCATED,,,,batch_transport,,0,0.0
3271.0,2025-12-03T06:31:00+00:00,LOCO_02,RAKE_COUPLING_STARTED,collection2,,,,SCREW,2,2.0
3273.0,2025-12-03T06:33:00+00:00,LOCO_02,RAKE_COUPLING_COMPLETED,collection2,,,,SCREW,2,2.0
3273.0,2025-12-03T06:33:00+00:00,LOCO_02,LOCO_COUPLING_STARTED,collection2,,,,SCREW,2,2.0
3275.0,2025-12-03T06:35:00+00:00,LOCO_02,LOCO_COUPLING_COMPLETED,collection2,,,,SCREW,2,2.0
3275.0,2025-12-03T06:35:00+00:00,LOCO_02,SHUNTING_PREP,collection2,,,,,2,1.0
3276.0,2025-12-03T06:36:00+00:00,LOCO_02,MOVING,retrofit,collection2,retrofit,,,0,60.0
3336.0,2025-12-03T07:36:00+00:00,LOCO_02,LOCO_DECOUPLING_STARTED,retrofit,,,,SCREW,2,3.0
3339.0,2025-12-03T07:39:00+00:00,LOCO_02,LOCO_DECOUPLING_COMPLETED,retrofit,,,,SCREW,2,3.0
3339.0,2025-12-03T07:39:00+00:00,LOCO_02,RAKE_DECOUPLING_STARTED,retrofit,,,,SCREW,2,3.0
3342.0,2025-12-03T07:42:00+00:00,LOCO_02,RAKE_DECOUPLING_COMPLETED,retrofit,,,,SCREW,2,3.0
3345.0,2025-12-03T07:45:00+00:00,LOCO_02,MOVING,track_19,retrofit,track_19,,,0,5.0
3350.0,2025-12-03T07:50:00+00:00,LOCO_02,PARKING,,,,,,0,0.0
3350.0,2025-12-03T07:50:00+00:00,LOCO_02,MOVING,WS_02,track_19,WS_02,,,0,5.0
3355.0,2025-12-03T07:55:00+00:00,LOCO_02,RAKE_COUPLING_STARTED,WS_02,,,,DAC,2,0.5
3355.5,2025-12-03T07:55:30+00:00,LOCO_02,RAKE_COUPLING_COMPLETED,WS_02,,,,DAC,2,0.5
3355.5,2025-12-03T07:55:30+00:00,LOCO_02,LOCO_COUPLING_STARTED,WS_02,,,,DAC,2,0.5
3356.0,2025-12-03T07:56:00+00:00,LOCO_02,LOCO_COUPLING_COMPLETED,WS_02,,,,DAC,2,0.5
3356.0,2025-12-03T07:56:00+00:00,LOCO_02,SHUNTING_PREP,WS_02,,,,,2,1.0
3357.0,2025-12-03T07:57:00+00:00,LOCO_02,MOVING,retrofitted,WS_02,retrofitted,,,0,5.0
3362.0,2025-12-03T08:02:00+00:00,LOCO_02,MOVING,track_19,retrofitted,track_19,,,0,5.0
3367.0,2025-12-03T08:07:00+00:00,LOCO_02,MOVING,WS_01,track_19,WS_01,,,0,5.0
3372.0,2025-12-03T08:12:00+00:00,LOCO_02,RAKE_COUPLING_STARTED,WS_01,,,,DAC,2,0.5
3372.5,2025-12-03T08:12:30+00:00,LOCO_02,RAKE_COUPLING_COMPLETED,WS_01,,,,DAC,2,0.5
3372.5,2025-12-03T08:12:30+00:00,LOCO_02,LOCO_COUPLING_STARTED,WS_01,,,,DAC,2,0.5
3373.0,2025-12-03T08:13:00+00:00,LOCO_02,LOCO_COUPLING_COMPLETED,WS_01,,,,DAC,2,0.5
3373.0,2025-12-03T08:13:00+00:00,LOCO_02,SHUNTING_PREP,WS_01,,,,,2,1.0
3374.0,2025-12-03T08:14:00+00:00,LOCO_02,MOVING,retrofitted,WS_01,retrofitted,,,0,5.0
3379.0,2025-12-03T08:19:00+00:00,LOCO_02,MOVING,track_19,retrofitted,track_19,,,0,7.0
3386.0,2025-12-03T08:26:00+00:00,LOCO_02,MOVING,retrofit,track_19,retrofit,,,0,5.0
3391.0,2025-12-03T08:31:00+00:00,LOCO_02,COUPLING_STARTED,retrofit,,,,SCREW,0,2.0
3393.0,2025-12-03T08:33:00+00:00,LOCO_02,COUPLING_COMPLETED,retrofit,,,,SCREW,0,2.0
3393.0,2025-12-03T08:33:00+00:00,LOCO_02,SHUNTING_PREP,retrofit,,,,,0,1.0
3394.0,2025-12-03T08:34:00+00:00,LOCO_02,MOVING,WS_02,retrofit,WS_02,,,0,5.0
3399.0,2025-12-03T08:39:00+00:00,LOCO_02,DECOUPLING_STARTED,WS_02,,,,SCREW,0,3.0
3402.0,2025-12-03T08:42:00+00:00,LOCO_02,DECOUPLING_COMPLETED,WS_02,,,,SCREW,0,3.0
3405.0,2025-12-03T08:45:00+00:00,LOCO_02,MOVING,track_19,WS_02,track_19,,,0,5.0
3410.0,2025-12-03T08:50:00+00:00,LOCO_02,MOVING,collection2,track_19,collection2,,,0,60.0
3470.0,2025-12-03T09:50:00+00:00,LOCO_02,ALLOCATED,,,,batch_transport,,0,0.0
3470.0,2025-12-03T09:50:00+00:00,LOCO_02,LOCO_COUPLING_STARTED,collection2,,,,SCREW,1,2.0
3472.0,2025-12-03T09:52:00+00:00,LOCO_02,LOCO_COUPLING_COMPLETED,collection2,,,,SCREW,1,2.0
3472.0,2025-12-03T09:52:00+00:00,LOCO_02,SHUNTING_PREP,collection2,,,,,1,1.0
3473.0,2025-12-03T09:53:00+00:00,LOCO_02,MOVING,retrofit,collection2,retrofit,,,0,60.0
3533.0,2025-12-03T10:53:00+00:00,LOCO_02,LOCO_DECOUPLING_STARTED,retrofit,,,,SCREW,1,3.0
3536.0,2025-12-03T10:56:00+00:00,LOCO_02,MOVING,track_19,retrofit,track_19,,,0,0.0
3536.0,2025-12-03T10:56:00+00:00,LOCO_02,LOCO_DECOUPLING_COMPLETED,retrofit,,,,SCREW,1,3.0
3541.0,2025-12-03T11:01:00+00:00,LOCO_02,PARKING,,,,,,0,0.0
3541.0,2025-12-03T11:01:00+00:00,LOCO_02,MOVING,collection1,track_19,collection1,,,0,60.0
3601.0,2025-12-03T12:01:00+00:00,LOCO_02,ALLOCATED,,,,batch_transport,,0,0.0
3601.0,2025-12-03T12:01:00+00:00,LOCO_02,RAKE_COUPLING_STARTED,collection1,,,,SCREW,3,4.0
3605.0,2025-12-03T12:05:00+00:00,LOCO_02,RAKE_COUPLING_COMPLETED,collection1,,,,SCREW,3,4.0
3605.0,2025-12-03T12:05:00+00:00,LOCO_02,LOCO_COUPLING_STARTED,collection1,,,,SCREW,3,2.0
3607.0,2025-12-03T12:07:00+00:00,LOCO_02,LOCO_COUPLING_COMPLETED,collection1,,,,SCREW,3,2.0
3607.0,2025-12-03T12:07:00+00:00,LOCO_02,SHUNTING_PREP,collection1,,,,,3,1.0
3608.0,2025-12-03T12:08:00+00:00,LOCO_02,MOVING,retrofit,collection1,retrofit,,,0,60.0
3668.0,2025-12-03T13:08:00+00:00,LOCO_02,LOCO_DECOUPLING_STARTED,retrofit,,,,SCREW,3,3.0
3671.0,2025-12-03T13:11:00+00:00,LOCO_02,LOCO_DECOUPLING_COMPLETED,retrofit,,,,SCREW,3,3.0
3671.0,2025-12-03T13:11:00+00:00,LOCO_02,RAKE_DECOUPLING_STARTED,retrofit,,,,SCREW,3,6.0
3677.0,2025-12-03T13:17:00+00:00,LOCO_02,RAKE_DECOUPLING_COMPLETED,retrofit,,,,SCREW,3,6.0
3683.0,2025-12-03T13:23:00+00:00,LOCO_02,MOVING,track_19,retrofit,track_19,,,0,5.0
3688.0,2025-12-03T13:28:00+00:00,LOCO_02,PARKING,,,,,,0,0.0
3688.0,2025-12-03T13:28:00+00:00,LOCO_02,MOVING,collection2,track_19,collection2,,,0,60.0
3748.0,2025-12-03T14:28:00+00:00,LOCO_02,ALLOCATED,,,,batch_transport,,0,0.0
3748.0,2025-12-03T14:28:00+00:00,LOCO_02,LOCO_COUPLING_STARTED,collection2,,,,SCREW,1,2.0
3750.0,2025-12-03T14:30:00+00:00,LOCO_02,LOCO_COUPLING_COMPLETED,collection2,,,,SCREW,1,2.0
3750.0,2025-12-03T14:30:00+00:00,LOCO_02,SHUNTING_PREP,collection2,,,,,1,1.0
3751.0,2025-12-03T14:31:00+00:00,LOCO_02,MOVING,retrofit,collection2,retrofit,,,0,60.0
3811.0,2025-12-03T15:31:00+00:00,LOCO_02,LOCO_DECOUPLING_STARTED,retrofit,,,,SCREW,1,3.0
3814.0,2025-12-03T15:34:00+00:00,LOCO_02,MOVING,track_19,retrofit,track_19,,,0,0.0
3814.0,2025-12-03T15:34:00+00:00,LOCO_02,LOCO_DECOUPLING_COMPLETED,retrofit,,,,SCREW,1,3.0
3819.0,2025-12-03T15:39:00+00:00,LOCO_02,PARKING,,,,,,0,0.0
3819.0,2025-12-03T15:39:00+00:00,LOCO_02,ALLOCATED,,,,batch_transport,,0,0.0
3819.0,2025-12-03T15:39:00+00:00,LOCO_02,MOVING,retrofitted,track_19,retrofitted,,,0,5.0
3824.0,2025-12-03T15:44:00+00:00,LOCO_02,RAKE_COUPLING_STARTED,retrofitted,,,,DAC,4,1.5
3825.5,2025-12-03T15:45:30+00:00,LOCO_02,RAKE_COUPLING_COMPLETED,retrofitted,,,,DAC,4,1.5
3825.5,2025-12-03T15:45:30+00:00,LOCO_02,LOCO_COUPLING_STARTED,retrofitted,,,,DAC,4,0.5
3826.0,2025-12-03T15:46:00+00:00,LOCO_02,LOCO_COUPLING_COMPLETED,retrofitted,,,,DAC,4,0.5
3826.0,2025-12-03T15:46:00+00:00,LOCO_02,SHUNTING_PREP,retrofitted,,,,,4,1.0
3827.0,2025-12-03T15:47:00+00:00,LOCO_02,MOVING,parking16,retrofitted,parking16,,,0,120.0
3947.0,2025-12-03T17:47:00+00:00,LOCO_02,LOCO_DECOUPLING_STARTED,parking16,,,,DAC,4,0.5
3947.5,2025-12-03T17:47:30+00:00,LOCO_02,LOCO_DECOUPLING_COMPLETED,parking16,,,,DAC,4,0.5
3947.5,2025-12-03T17:47:30+00:00,LOCO_02,RAKE_DECOUPLING_STARTED,parking16,,,,DAC,4,1.5
3949.0,2025-12-03T17:49:00+00:00,LOCO_02,RAKE_DECOUPLING_COMPLETED,parking16,,,,DAC,4,1.5
3950.5,2025-12-03T17:50:30+00:00,LOCO_02,MOVING,track_19,parking16,track_19,,,0,60.0
4010.5,2025-12-03T18:50:30+00:00,LOCO_02,MOVING,collection1,track_19,collection1,,,0,60.0
4070.5,2025-12-03T19:50:30+00:00,LOCO_02,ALLOCATED,,,,batch_transport,,0,0.0
4070.5,2025-12-03T19:50:30+00:00,LOCO_02,LOCO_COUPLING_STARTED,collection1,,,,SCREW,1,2.0
4072.5,2025-12-03T19:52:30+00:00,LOCO_02,LOCO_COUPLING_COMPLETED,collection1,,,,SCREW,1,2.0
4072.5,2025-12-03T19:52:30+00:00,LOCO_02,SHUNTING_PREP,collection1,,,,,1,1.0
4073.5,2025-12-03T19:53:30+00:00,LOCO_02,MOVING,retrofit,collection1,retrofit,,,0,60.0
4133.5,2025-12-03T20:53:30+00:00,LOCO_02,LOCO_DECOUPLING_STARTED,retrofit,,,,SCREW,1,3.0
4136.5,2025-12-03T20:56:30+00:00,LOCO_02,MOVING,track_19,retrofit,track_19,,,0,0.0
4136.5,2025-12-03T20:56:30+00:00,LOCO_02,LOCO_DECOUPLING_COMPLETED,retrofit,,,,SCREW,1,3.0
4141.5,2025-12-03T21:01:30+00:00,LOCO_02,PARKING,,,,,,0,2.0
4143.5,2025-12-03T21:03:30+00:00,LOCO_02,MOVING,retrofit,track_19,retrofit,,,0,5.0
4148.5,2025-12-03T21:08:30+00:00,LOCO_02,COUPLING_STARTED,retrofit,,,,SCREW,0,2.0
4150.5,2025-12-03T21:10:30+00:00,LOCO_02,COUPLING_COMPLETED,retrofit,,,,SCREW,0,2.0
4150.5,2025-12-03T21:10:30+00:00,LOCO_02,SHUNTING_PREP,retrofit,,,,,0,1.0
4151.5,2025-12-03T21:11:30+00:00,LOCO_02,MOVING,WS_02,retrofit,WS_02,,,0,5.0
4156.5,2025-12-03T21:16:30+00:00,LOCO_02,DECOUPLING_STARTED,WS_02,,,,SCREW,0,3.0
4159.5,2025-12-03T21:19:30+00:00,LOCO_02,DECOUPLING_COMPLETED,WS_02,,,,SCREW,0,3.0
4162.5,2025-12-03T21:22:30+00:00,LOCO_02,MOVING,track_19,WS_02,track_19,,,0,5.0
4167.5,2025-12-03T21:27:30+00:00,LOCO_02,ALLOCATED,,,,batch_transport,,0,0.0
4167.5,2025-12-03T21:27:30+00:00,LOCO_02,MOVING,retrofitted,track_19,retrofitted,,,0,5.0
4172.5,2025-12-03T21:32:30+00:00,LOCO_02,RAKE_COUPLING_STARTED,retrofitted,,,,DAC,8,3.5
4176.0,2025-12-03T21:36:00+00:00,LOCO_02,RAKE_COUPLING_COMPLETED,retrofitted,,,,DAC,8,3.5
4176.0,2025-12-03T21:36:00+00:00,LOCO_02,LOCO_COUPLING_STARTED,retrofitted,,,,DAC,8,0.5
4176.5,2025-12-03T21:36:30+00:00,LOCO_02,LOCO_COUPLING_COMPLETED,retrofitted,,,,DAC,8,0.5
4176.5,2025-12-03T21:36:30+00:00,LOCO_02,SHUNTING_PREP,retrofitted,,,,,8,1.0
4177.5,2025-12-03T21:37:30+00:00,LOCO_02,MOVING,parking16,retrofitted,parking16,,,0,120.0
4297.5,2025-12-03T23:37:30+00:00,LOCO_02,LOCO_DECOUPLING_STARTED,parking16,,,,DAC,8,0.5
4298.0,2025-12-03T23:38:00+00:00,LOCO_02,LOCO_DECOUPLING_COMPLETED,parking16,,,,DAC,8,0.5
4298.0,2025-12-03T23:38:00+00:00,LOCO_02,RAKE_DECOUPLING_STARTED,parking16,,,,DAC,8,3.5
4301.5,2025-12-03T23:41:30+00:00,LOCO_02,RAKE_DECOUPLING_COMPLETED,parking16,,,,DAC,8,3.5
4305.0,2025-12-03T23:45:00+00:00,LOCO_02,MOVING,track_19,parking16,track_19,,,0,60.0
4365.0,2025-12-04T00:45:00+00:00,LOCO_02,MOVING,WS_01,track_19,WS_01,,,0,5.0
4370.0,2025-12-04T00:50:00+00:00,LOCO_02,RAKE_COUPLING_STARTED,WS_01,,,,DAC,2,0.5
4370.5,2025-12-04T00:50:30+00:00,LOCO_02,RAKE_COUPLING_COMPLETED,WS_01,,,,DAC,2,0.5
4370.5,2025-12-04T00:50:30+00:00,LOCO_02,LOCO_COUPLING_STARTED,WS_01,,,,DAC,2,0.5
4371.0,2025-12-04T00:51:00+00:00,LOCO_02,LOCO_COUPLING_COMPLETED,WS_01,,,,DAC,2,0.5
4371.0,2025-12-04T00:51:00+00:00,LOCO_02,SHUNTING_PREP,WS_01,,,,,2,1.0
4372.0,2025-12-04T00:52:00+00:00,LOCO_02,MOVING,retrofitted,WS_01,retrofitted,,,0,5.0
4377.0,2025-12-04T00:57:00+00:00,LOCO_02,MOVING,track_19,retrofitted,track_19,,,0,5.0
4382.0,2025-12-04T01:02:00+00:00,LOCO_02,ALLOCATED,,,,batch_transport,,0,0.0
4382.0,2025-12-04T01:02:00+00:00,LOCO_02,MOVING,retrofitted,track_19,retrofitted,,,0,5.0
4387.0,2025-12-04T01:07:00+00:00,LOCO_02,RAKE_COUPLING_STARTED,retrofitted,,,,DAC,2,0.5
4387.5,2025-12-04T01:07:30+00:00,LOCO_02,RAKE_COUPLING_COMPLETED,retrofitted,,,,DAC,2,0.5
4387.5,2025-12-04T01:07:30+00:00,LOCO_02,LOCO_COUPLING_STARTED,retrofitted,,,,DAC,2,0.5
4388.0,2025-12-04T01:08:00+00:00,LOCO_02,LOCO_COUPLING_COMPLETED,retrofitted,,,,DAC,2,0.5
4388.0,2025-12-04T01:08:00+00:00,LOCO_02,SHUNTING_PREP,retrofitted,,,,,2,1.0
4389.0,2025-12-04T01:09:00+00:00,LOCO_02,MOVING,parking16,retrofitted,parking16,,,0,120.0
4509.0,2025-12-04T03:09:00+00:00,LOCO_02,LOCO_DECOUPLING_STARTED,parking16,,,,DAC,2,0.5
4509.5,2025-12-04T03:09:30+00:00,LOCO_02,LOCO_DECOUPLING_COMPLETED,parking16,,,,DAC,2,0.5
4509.5,2025-12-04T03:09:30+00:00,LOCO_02,RAKE_DECOUPLING_STARTED,parking16,,,,DAC,2,0.5
4510.0,2025-12-04T03:10:00+00:00,LOCO_02,RAKE_DECOUPLING_COMPLETED,parking16,,,,DAC,2,0.5
4510.5,2025-12-04T03:10:30+00:00,LOCO_02,MOVING,track_19,parking16,track_19,,,0,62.0
4572.5,2025-12-04T04:12:30+00:00,LOCO_02,MOVING,retrofit,track_19,retrofit,,,0,5.0
4577.5,2025-12-04T04:17:30+00:00,LOCO_02,COUPLING_STARTED,retrofit,,,,SCREW,0,2.0
4579.5,2025-12-04T04:19:30+00:00,LOCO_02,COUPLING_COMPLETED,retrofit,,,,SCREW,0,2.0
4579.5,2025-12-04T04:19:30+00:00,LOCO_02,SHUNTING_PREP,retrofit,,,,,0,1.0
4580.5,2025-12-04T04:20:30+00:00,LOCO_02,MOVING,WS_02,retrofit,WS_02,,,0,5.0
4585.5,2025-12-04T04:25:30+00:00,LOCO_02,DECOUPLING_STARTED,WS_02,,,,SCREW,0,3.0
4588.5,2025-12-04T04:28:30+00:00,LOCO_02,DECOUPLING_COMPLETED,WS_02,,,,SCREW,0,3.0
4591.5,2025-12-04T04:31:30+00:00,LOCO_02,MOVING,track_19,WS_02,track_19,,,0,5.0
4596.5,2025-12-04T04:36:30+00:00,LOCO_02,MOVING,collection2,track_19,collection2,,,0,60.0
4656.5,2025-12-04T05:36:30+00:00,LOCO_02,ALLOCATED,,,,batch_transport,,0,0.0
4656.5,2025-12-04T05:36:30+00:00,LOCO_02,RAKE_COUPLING_STARTED,collection2,,,,SCREW,3,4.0
4660.5,2025-12-04T05:40:30+00:00,LOCO_02,RAKE_COUPLING_COMPLETED,collection2,,,,SCREW,3,4.0
4660.5,2025-12-04T05:40:30+00:00,LOCO_02,LOCO_COUPLING_STARTED,collection2,,,,SCREW,3,2.0
4662.5,2025-12-04T05:42:30+00:00,LOCO_02,LOCO_COUPLING_COMPLETED,collection2,,,,SCREW,3,2.0
4662.5,2025-12-04T05:42:30+00:00,LOCO_02,SHUNTING_PREP,collection2,,,,,3,1.0
4663.5,2025-12-04T05:43:30+00:00,LOCO_02,MOVING,retrofit,collection2,retrofit,,,0,60.0
4723.5,2025-12-04T06:43:30+00:00,LOCO_02,LOCO_DECOUPLING_STARTED,retrofit,,,,SCREW,3,3.0
4726.5,2025-12-04T06:46:30+00:00,LOCO_02,LOCO_DECOUPLING_COMPLETED,retrofit,,,,SCREW,3,3.0
4726.5,2025-12-04T06:46:30+00:00,LOCO_02,RAKE_DECOUPLING_STARTED,retrofit,,,,SCREW,3,6.0
4732.5,2025-12-04T06:52:30+00:00,LOCO_02,RAKE_DECOUPLING_COMPLETED,retrofit,,,,SCREW,3,6.0
4738.5,2025-12-04T06:58:30+00:00,LOCO_02,MOVING,track_19,retrofit,track_19,,,0,5.0
4743.5,2025-12-04T07:03:30+00:00,LOCO_02,PARKING,,,,,,0,0.0
4743.5,2025-12-04T07:03:30+00:00,LOCO_02,MOVING,collection1,track_19,collection1,,,0,60.0
4803.5,2025-12-04T08:03:30+00:00,LOCO_02,ALLOCATED,,,,batch_transport,,0,0.0
4803.5,2025-12-04T08:03:30+00:00,LOCO_02,LOCO_COUPLING_STARTED,collection1,,,,SCREW,1,2.0
4805.5,2025-12-04T08:05:30+00:00,LOCO_02,LOCO_COUPLING_COMPLETED,collection1,,,,SCREW,1,2.0
4805.5,2025-12-04T08:05:30+00:00,LOCO_02,SHUNTING_PREP,collection1,,,,,1,1.0
4806.5,2025-12-04T08:06:30+00:00,LOCO_02,MOVING,retrofit,collection1,retrofit,,,0,60.0
4866.5,2025-12-04T09:06:30+00:00,LOCO_02,LOCO_DECOUPLING_STARTED,retrofit,,,,SCREW,1,3.0
4869.5,2025-12-04T09:09:30+00:00,LOCO_02,MOVING,track_19,retrofit,track_19,,,0,0.0
4869.5,2025-12-04T09:09:30+00:00,LOCO_02,LOCO_DECOUPLING_COMPLETED,retrofit,,,,SCREW,1,3.0
4874.5,2025-12-04T09:14:30+00:00,LOCO_02,PARKING,,,,,,0,0.0
4874.5,2025-12-04T09:14:30+00:00,LOCO_02,MOVING,collection2,track_19,collection2,,,0,60.0
4934.5,2025-12-04T10:14:30+00:00,LOCO_02,ALLOCATED,,,,batch_transport,,0,0.0
4934.5,2025-12-04T10:14:30+00:00,LOCO_02,RAKE_COUPLING_STARTED,collection2,,,,SCREW,4,6.0
4940.5,2025-12-04T10:20:30+00:00,LOCO_02,RAKE_COUPLING_COMPLETED,collection2,,,,SCREW,4,6.0
4940.5,2025-12-04T10:20:30+00:00,LOCO_02,LOCO_COUPLING_STARTED,collection2,,,,SCREW,4,2.0
4942.5,2025-12-04T10:22:30+00:00,LOCO_02,LOCO_COUPLING_COMPLETED,collection2,,,,SCREW,4,2.0
4942.5,2025-12-04T10:22:30+00:00,LOCO_02,SHUNTING_PREP,collection2,,,,,4,1.0
4943.5,2025-12-04T10:23:30+00:00,LOCO_02,MOVING,retrofit,collection2,retrofit,,,0,60.0
5003.5,2025-12-04T11:23:30+00:00,LOCO_02,LOCO_DECOUPLING_STARTED,retrofit,,,,SCREW,4,3.0
5006.5,2025-12-04T11:26:30+00:00,LOCO_02,LOCO_DECOUPLING_COMPLETED,retrofit,,,,SCREW,4,3.0
5006.5,2025-12-04T11:26:30+00:00,LOCO_02,RAKE_DECOUPLING_STARTED,retrofit,,,,SCREW,4,9.0
5015.5,2025-12-04T11:35:30+00:00,LOCO_02,RAKE_DECOUPLING_COMPLETED,retrofit,,,,SCREW,4,9.0
5024.5,2025-12-04T11:44:30+00:00,LOCO_02,MOVING,track_19,retrofit,track_19,,,0,5.0
5029.5,2025-12-04T11:49:30+00:00,LOCO_02,PARKING,,,,,,0,2.0
5031.5,2025-12-04T11:51:30+00:00,LOCO_02,MOVING,retrofit,track_19,retrofit,,,0,5.0
5036.5,2025-12-04T11:56:30+00:00,LOCO_02,COUPLING_STARTED,retrofit,,,,SCREW,0,2.0
5038.5,2025-12-04T11:58:30+00:00,LOCO_02,COUPLING_COMPLETED,retrofit,,,,SCREW,0,2.0
5038.5,2025-12-04T11:58:30+00:00,LOCO_02,SHUNTING_PREP,retrofit,,,,,0,1.0
5039.5,2025-12-04T11:59:30+00:00,LOCO_02,MOVING,WS_02,retrofit,WS_02,,,0,5.0
5044.5,2025-12-04T12:04:30+00:00,LOCO_02,DECOUPLING_STARTED,WS_02,,,,SCREW,0,3.0
5047.5,2025-12-04T12:07:30+00:00,LOCO_02,DECOUPLING_COMPLETED,WS_02,,,,SCREW,0,3.0
5050.5,2025-12-04T12:10:30+00:00,LOCO_02,MOVING,track_19,WS_02,track_19,,,0,5.0
5055.5,2025-12-04T12:15:30+00:00,LOCO_02,ALLOCATED,,,,batch_transport,,0,0.0
5055.5,2025-12-04T12:15:30+00:00,LOCO_02,MOVING,retrofitted,track_19,retrofitted,,,0,5.0
5060.5,2025-12-04T12:20:30+00:00,LOCO_02,RAKE_COUPLING_STARTED,retrofitted,,,,DAC,4,1.5
5062.0,2025-12-04T12:22:00+00:00,LOCO_02,RAKE_COUPLING_COMPLETED,retrofitted,,,,DAC,4,1.5
5062.0,2025-12-04T12:22:00+00:00,LOCO_02,LOCO_COUPLING_STARTED,retrofitted,,,,DAC,4,0.5
5062.5,2025-12-04T12:22:30+00:00,LOCO_02,LOCO_COUPLING_COMPLETED,retrofitted,,,,DAC,4,0.5
5062.5,2025-12-04T12:22:30+00:00,LOCO_02,SHUNTING_PREP,retrofitted,,,,,4,1.0
5063.5,2025-12-04T12:23:30+00:00,LOCO_02,MOVING,parking16,retrofitted,parking16,,,0,120.0
5183.5,2025-12-04T14:23:30+00:00,LOCO_02,LOCO_DECOUPLING_STARTED,parking16,,,,DAC,4,0.5
5184.0,2025-12-04T14:24:00+00:00,LOCO_02,LOCO_DECOUPLING_COMPLETED,parking16,,,,DAC,4,0.5
5184.0,2025-12-04T14:24:00+00:00,LOCO_02,RAKE_DECOUPLING_STARTED,parking16,,,,DAC,4,1.5
5185.5,2025-12-04T14:25:30+00:00,LOCO_02,RAKE_DECOUPLING_COMPLETED,parking16,,,,DAC,4,1.5
5187.0,2025-12-04T14:27:00+00:00,LOCO_02,MOVING,track_19,parking16,track_19,,,0,60.0
5247.0,2025-12-04T15:27:00+00:00,LOCO_02,MOVING,collection1,track_19,collection1,,,0,60.0
5307.0,2025-12-04T16:27:00+00:00,LOCO_02,ALLOCATED,,,,batch_transport,,0,0.0
5307.0,2025-12-04T16:27:00+00:00,LOCO_02,LOCO_COUPLING_STARTED,collection1,,,,SCREW,1,2.0
5309.0,2025-12-04T16:29:00+00:00,LOCO_02,LOCO_COUPLING_COMPLETED,collection1,,,,SCREW,1,2.0
5309.0,2025-12-04T16:29:00+00:00,LOCO_02,SHUNTING_PREP,collection1,,,,,1,1.0
5310.0,2025-12-04T16:30:00+00:00,LOCO_02,MOVING,retrofit,collection1,retrofit,,,0,60.0
5370.0,2025-12-04T17:30:00+00:00,LOCO_02,LOCO_DECOUPLING_STARTED,retrofit,,,,SCREW,1,3.0
5373.0,2025-12-04T17:33:00+00:00,LOCO_02,MOVING,track_19,retrofit,track_19,,,0,0.0
5373.0,2025-12-04T17:33:00+00:00,LOCO_02,LOCO_DECOUPLING_COMPLETED,retrofit,,,,SCREW,1,3.0
5378.0,2025-12-04T17:38:00+00:00,LOCO_02,PARKING,,,,,,0,2.0
5380.0,2025-12-04T17:40:00+00:00,LOCO_02,MOVING,retrofit,track_19,retrofit,,,0,5.0
5385.0,2025-12-04T17:45:00+00:00,LOCO_02,COUPLING_STARTED,retrofit,,,,SCREW,0,2.0
5387.0,2025-12-04T17:47:00+00:00,LOCO_02,COUPLING_COMPLETED,retrofit,,,,SCREW,0,2.0
5387.0,2025-12-04T17:47:00+00:00,LOCO_02,SHUNTING_PREP,retrofit,,,,,0,1.0
5388.0,2025-12-04T17:48:00+00:00,LOCO_02,MOVING,WS_02,retrofit,WS_02,,,0,5.0
5393.0,2025-12-04T17:53:00+00:00,LOCO_02,DECOUPLING_STARTED,WS_02,,,,SCREW,0,3.0
5396.0,2025-12-04T17:56:00+00:00,LOCO_02,DECOUPLING_COMPLETED,WS_02,,,,SCREW,0,3.0
5399.0,2025-12-04T17:59:00+00:00,LOCO_02,MOVING,track_19,WS_02,track_19,,,0,5.0
5404.0,2025-12-04T18:04:00+00:00,LOCO_02,ALLOCATED,,,,batch_transport,,0,0.0
5404.0,2025-12-04T18:04:00+00:00,LOCO_02,MOVING,retrofitted,track_19,retrofitted,,,0,5.0
5409.0,2025-12-04T18:09:00+00:00,LOCO_02,RAKE_COUPLING_STARTED,retrofitted,,,,DAC,4,1.5
5410.5,2025-12-04T18:10:30+00:00,LOCO_02,RAKE_COUPLING_COMPLETED,retrofitted,,,,DAC,4,1.5
5410.5,2025-12-04T18:10:30+00:00,LOCO_02,LOCO_COUPLING_STARTED,retrofitted,,,,DAC,4,0.5
5411.0,2025-12-04T18:11:00+00:00,LOCO_02,LOCO_COUPLING_COMPLETED,retrofitted,,,,DAC,4,0.5
5411.0,2025-12-04T18:11:00+00:00,LOCO_02,SHUNTING_PREP,retrofitted,,,,,4,1.0
5412.0,2025-12-04T18:12:00+00:00,LOCO_02,MOVING,parking16,retrofitted,parking16,,,0,120.0
5532.0,2025-12-04T20:12:00+00:00,LOCO_02,LOCO_DECOUPLING_STARTED,parking16,,,,DAC,4,0.5
5532.5,2025-12-04T20:12:30+00:00,LOCO_02,LOCO_DECOUPLING_COMPLETED,parking16,,,,DAC,4,0.5
5532.5,2025-12-04T20:12:30+00:00,LOCO_02,RAKE_DECOUPLING_STARTED,parking16,,,,DAC,4,1.5
5534.0,2025-12-04T20:14:00+00:00,LOCO_02,RAKE_DECOUPLING_COMPLETED,parking16,,,,DAC,4,1.5
5535.5,2025-12-04T20:15:30+00:00,LOCO_02,MOVING,track_19,parking16,track_19,,,0,60.0
5595.5,2025-12-04T21:15:30+00:00,LOCO_02,MOVING,WS_01,track_19,WS_01,,,0,5.0
5600.5,2025-12-04T21:20:30+00:00,LOCO_02,RAKE_COUPLING_STARTED,WS_01,,,,DAC,2,0.5
5601.0,2025-12-04T21:21:00+00:00,LOCO_02,RAKE_COUPLING_COMPLETED,WS_01,,,,DAC,2,0.5
5601.0,2025-12-04T21:21:00+00:00,LOCO_02,LOCO_COUPLING_STARTED,WS_01,,,,DAC,2,0.5
5601.5,2025-12-04T21:21:30+00:00,LOCO_02,LOCO_COUPLING_COMPLETED,WS_01,,,,DAC,2,0.5
5601.5,2025-12-04T21:21:30+00:00,LOCO_02,SHUNTING_PREP,WS_01,,,,,2,1.0
5602.5,2025-12-04T21:22:30+00:00,LOCO_02,MOVING,retrofitted,WS_01,retrofitted,,,0,5.0
5607.5,2025-12-04T21:27:30+00:00,LOCO_02,MOVING,track_19,retrofitted,track_19,,,0,5.0
5612.5,2025-12-04T21:32:30+00:00,LOCO_02,MOVING,WS_02,track_19,WS_02,,,0,5.0
5617.5,2025-12-04T21:37:30+00:00,LOCO_02,RAKE_COUPLING_STARTED,WS_02,,,,DAC,2,0.5
5618.0,2025-12-04T21:38:00+00:00,LOCO_02,RAKE_COUPLING_COMPLETED,WS_02,,,,DAC,2,0.5
5618.0,2025-12-04T21:38:00+00:00,LOCO_02,LOCO_COUPLING_STARTED,WS_02,,,,DAC,2,0.5
5618.5,2025-12-04T21:38:30+00:00,LOCO_02,LOCO_COUPLING_COMPLETED,WS_02,,,,DAC,2,0.5
5618.5,2025-12-04T21:38:30+00:00,LOCO_02,SHUNTING_PREP,WS_02,,,,,2,1.0
5619.5,2025-12-04T21:39:30+00:00,LOCO_02,MOVING,retrofitted,WS_02,retrofitted,,,0,5.0
5624.5,2025-12-04T21:44:30+00:00,LOCO_02,MOVING,track_19,retrofitted,track_19,,,0,7.0
5631.5,2025-12-04T21:51:30+00:00,LOCO_02,MOVING,retrofit,track_19,retrofit,,,0,5.0
5636.5,2025-12-04T21:56:30+00:00,LOCO_02,COUPLING_STARTED,retrofit,,,,SCREW,0,2.0
5638.5,2025-12-04T21:58:30+00:00,LOCO_02,COUPLING_COMPLETED,retrofit,,,,SCREW,0,2.0
5638.5,2025-12-04T21:58:30+00:00,LOCO_02,SHUNTING_PREP,retrofit,,,,,0,1.0
5639.5,2025-12-04T21:59:30+00:00,LOCO_02,MOVING,WS_01,retrofit,WS_01,,,0,5.0
5644.5,2025-12-04T22:04:30+00:00,LOCO_02,DECOUPLING_STARTED,WS_01,,,,SCREW,0,3.0
5647.5,2025-12-04T22:07:30+00:00,LOCO_02,DECOUPLING_COMPLETED,WS_01,,,,SCREW,0,3.0
5650.5,2025-12-04T22:10:30+00:00,LOCO_02,MOVING,track_19,WS_01,track_19,,,0,7.0
5657.5,2025-12-04T22:17:30+00:00,LOCO_02,MOVING,retrofit,track_19,retrofit,,,0,5.0
5662.5,2025-12-04T22:22:30+00:00,LOCO_02,COUPLING_STARTED,retrofit,,,,SCREW,0,2.0
5664.5,2025-12-04T22:24:30+00:00,LOCO_02,COUPLING_COMPLETED,retrofit,,,,SCREW,0,2.0
5664.5,2025-12-04T22:24:30+00:00,LOCO_02,SHUNTING_PREP,retrofit,,,,,0,1.0
5665.5,2025-12-04T22:25:30+00:00,LOCO_02,MOVING,WS_02,retrofit,WS_02,,,0,5.0
5670.5,2025-12-04T22:30:30+00:00,LOCO_02,DECOUPLING_STARTED,WS_02,,,,SCREW,0,3.0
5673.5,2025-12-04T22:33:30+00:00,LOCO_02,DECOUPLING_COMPLETED,WS_02,,,,SCREW,0,3.0
5676.5,2025-12-04T22:36:30+00:00,LOCO_02,MOVING,track_19,WS_02,track_19,,,0,5.0
5681.5,2025-12-04T22:41:30+00:00,LOCO_02,MOVING,collection1,track_19,collection1,,,0,60.0
5741.5,2025-12-04T23:41:30+00:00,LOCO_02,ALLOCATED,,,,batch_transport,,0,0.0
5741.5,2025-12-04T23:41:30+00:00,LOCO_02,RAKE_COUPLING_STARTED,collection1,,,,SCREW,3,4.0
5745.5,2025-12-04T23:45:30+00:00,LOCO_02,RAKE_COUPLING_COMPLETED,collection1,,,,SCREW,3,4.0
5745.5,2025-12-04T23:45:30+00:00,LOCO_02,LOCO_COUPLING_STARTED,collection1,,,,SCREW,3,2.0
5747.5,2025-12-04T23:47:30+00:00,LOCO_02,LOCO_COUPLING_COMPLETED,collection1,,,,SCREW,3,2.0
5747.5,2025-12-04T23:47:30+00:00,LOCO_02,SHUNTING_PREP,collection1,,,,,3,1.0
5748.5,2025-12-04T23:48:30+00:00,LOCO_02,MOVING,retrofit,collection1,retrofit,,,0,60.0
5808.5,2025-12-05T00:48:30+00:00,LOCO_02,LOCO_DECOUPLING_STARTED,retrofit,,,,SCREW,3,3.0
5811.5,2025-12-05T00:51:30+00:00,LOCO_02,LOCO_DECOUPLING_COMPLETED,retrofit,,,,SCREW,3,3.0
5811.5,2025-12-05T00:51:30+00:00,LOCO_02,RAKE_DECOUPLING_STARTED,retrofit,,,,SCREW,3,6.0
5817.5,2025-12-05T00:57:30+00:00,LOCO_02,RAKE_DECOUPLING_COMPLETED,retrofit,,,,SCREW,3,6.0
5823.5,2025-12-05T01:03:30+00:00,LOCO_02,MOVING,track_19,retrofit,track_19,,,0,5.0
5828.5,2025-12-05T01:08:30+00:00,LOCO_02,PARKING,,,,,,0,2.0
5830.5,2025-12-05T01:10:30+00:00,LOCO_02,MOVING,retrofit,track_19,retrofit,,,0,5.0
5835.5,2025-12-05T01:15:30+00:00,LOCO_02,COUPLING_STARTED,retrofit,,,,SCREW,0,2.0
5837.5,2025-12-05T01:17:30+00:00,LOCO_02,COUPLING_COMPLETED,retrofit,,,,SCREW,0,2.0
5837.5,2025-12-05T01:17:30+00:00,LOCO_02,SHUNTING_PREP,retrofit,,,,,0,1.0
5838.5,2025-12-05T01:18:30+00:00,LOCO_02,MOVING,WS_01,retrofit,WS_01,,,0,5.0
5843.5,2025-12-05T01:23:30+00:00,LOCO_02,DECOUPLING_STARTED,WS_01,,,,SCREW,0,3.0
5846.5,2025-12-05T01:26:30+00:00,LOCO_02,DECOUPLING_COMPLETED,WS_01,,,,SCREW,0,3.0
5849.5,2025-12-05T01:29:30+00:00,LOCO_02,MOVING,track_19,WS_01,track_19,,,0,5.0
5854.5,2025-12-05T01:34:30+00:00,LOCO_02,MOVING,collection2,track_19,collection2,,,0,60.0
5914.5,2025-12-05T02:34:30+00:00,LOCO_02,ALLOCATED,,,,batch_transport,,0,0.0
5914.5,2025-12-05T02:34:30+00:00,LOCO_02,LOCO_COUPLING_STARTED,collection2,,,,SCREW,1,2.0
5916.5,2025-12-05T02:36:30+00:00,LOCO_02,LOCO_COUPLING_COMPLETED,collection2,,,,SCREW,1,2.0
5916.5,2025-12-05T02:36:30+00:00,LOCO_02,SHUNTING_PREP,collection2,,,,,1,1.0
5917.5,2025-12-05T02:37:30+00:00,LOCO_02,MOVING,retrofit,collection2,retrofit,,,0,60.0
5977.5,2025-12-05T03:37:30+00:00,LOCO_02,LOCO_DECOUPLING_STARTED,retrofit,,,,SCREW,1,3.0
5980.5,2025-12-05T03:40:30+00:00,LOCO_02,MOVING,track_19,retrofit,track_19,,,0,0.0
5980.5,2025-12-05T03:40:30+00:00,LOCO_02,LOCO_DECOUPLING_COMPLETED,retrofit,,,,SCREW,1,3.0
5985.5,2025-12-05T03:45:30+00:00,LOCO_02,PARKING,,,,,,0,0.0
5985.5,2025-12-05T03:45:30+00:00,LOCO_02,MOVING,WS_02,track_19,WS_02,,,0,5.0
5990.5,2025-12-05T03:50:30+00:00,LOCO_02,RAKE_COUPLING_STARTED,WS_02,,,,DAC,2,0.5
5991.0,2025-12-05T03:51:00+00:00,LOCO_02,RAKE_COUPLING_COMPLETED,WS_02,,,,DAC,2,0.5
5991.0,2025-12-05T03:51:00+00:00,LOCO_02,LOCO_COUPLING_STARTED,WS_02,,,,DAC,2,0.5
5991.5,2025-12-05T03:51:30+00:00,LOCO_02,LOCO_COUPLING_COMPLETED,WS_02,,,,DAC,2,0.5
5991.5,2025-12-05T03:51:30+00:00,LOCO_02,SHUNTING_PREP,WS_02,,,,,2,1.0
5992.5,2025-12-05T03:52:30+00:00,LOCO_02,MOVING,retrofitted,WS_02,retrofitted,,,0,5.0
5997.5,2025-12-05T03:57:30+00:00,LOCO_02,MOVING,track_19,retrofitted,track_19,,,0,5.0
6002.5,2025-12-05T04:02:30+00:00,LOCO_02,MOVING,WS_01,track_19,WS_01,,,0,5.0
6007.5,2025-12-05T04:07:30+00:00,LOCO_02,RAKE_COUPLING_STARTED,WS_01,,,,DAC,2,0.5
6008.0,2025-12-05T04:08:00+00:00,LOCO_02,RAKE_COUPLING_COMPLETED,WS_01,,,,DAC,2,0.5
6008.0,2025-12-05T04:08:00+00:00,LOCO_02,LOCO_COUPLING_STARTED,WS_01,,,,DAC,2,0.5
6008.5,2025-12-05T04:08:30+00:00,LOCO_02,LOCO_COUPLING_COMPLETED,WS_01,,,,DAC,2,0.5
6008.5,2025-12-05T04:08:30+00:00,LOCO_02,SHUNTING_PREP,WS_01,,,,,2,1.0
6009.5,2025-12-05T04:09:30+00:00,LOCO_02,MOVING,retrofitted,WS_01,retrofitted,,,0,5.0
6014.5,2025-12-05T04:14:30+00:00,LOCO_02,MOVING,track_19,retrofitted,track_19,,,0,5.0
6019.5,2025-12-05T04:19:30+00:00,LOCO_02,MOVING,collection2,track_19,collection2,,,0,60.0
6079.5,2025-12-05T05:19:30+00:00,LOCO_02,ALLOCATED,,,,batch_transport,,0,0.0
6079.5,2025-12-05T05:19:30+00:00,LOCO_02,LOCO_COUPLING_STARTED,collection2,,,,SCREW,1,2.0
6081.5,2025-12-05T05:21:30+00:00,LOCO_02,LOCO_COUPLING_COMPLETED,collection2,,,,SCREW,1,2.0
6081.5,2025-12-05T05:21:30+00:00,LOCO_02,SHUNTING_PREP,collection2,,,,,1,1.0
6082.5,2025-12-05T05:22:30+00:00,LOCO_02,MOVING,retrofit,collection2,retrofit,,,0,60.0
6142.5,2025-12-05T06:22:30+00:00,LOCO_02,LOCO_DECOUPLING_STARTED,retrofit,,,,SCREW,1,3.0
6145.5,2025-12-05T06:25:30+00:00,LOCO_02,MOVING,track_19,retrofit,track_19,,,0,0.0
6145.5,2025-12-05T06:25:30+00:00,LOCO_02,LOCO_DECOUPLING_COMPLETED,retrofit,,,,SCREW,1,3.0
6150.5,2025-12-05T06:30:30+00:00,LOCO_02,PARKING,,,,,,0,0.0
6150.5,2025-12-05T06:30:30+00:00,LOCO_02,MOVING,collection1,track_19,collection1,,,0,60.0
6210.5,2025-12-05T07:30:30+00:00,LOCO_02,ALLOCATED,,,,batch_transport,,0,0.0
6210.5,2025-12-05T07:30:30+00:00,LOCO_02,RAKE_COUPLING_STARTED,collection1,,,,SCREW,2,2.0
6212.5,2025-12-05T07:32:30+00:00,LOCO_02,RAKE_COUPLING_COMPLETED,collection1,,,,SCREW,2,2.0
6212.5,2025-12-05T07:32:30+00:00,LOCO_02,LOCO_COUPLING_STARTED,collection1,,,,SCREW,2,2.0
6214.5,2025-12-05T07:34:30+00:00,LOCO_02,LOCO_COUPLING_COMPLETED,collection1,,,,SCREW,2,2.0
6214.5,2025-12-05T07:34:30+00:00,LOCO_02,SHUNTING_PREP,collection1,,,,,2,1.0
6215.5,2025-12-05T07:35:30+00:00,LOCO_02,MOVING,retrofit,collection1,retrofit,,,0,60.0
6275.5,2025-12-05T08:35:30+00:00,LOCO_02,LOCO_DECOUPLING_STARTED,retrofit,,,,SCREW,2,3.0
6278.5,2025-12-05T08:38:30+00:00,LOCO_02,LOCO_DECOUPLING_COMPLETED,retrofit,,,,SCREW,2,3.0
6278.5,2025-12-05T08:38:30+00:00,LOCO_02,RAKE_DECOUPLING_STARTED,retrofit,,,,SCREW,2,3.0
6281.5,2025-12-05T08:41:30+00:00,LOCO_02,RAKE_DECOUPLING_COMPLETED,retrofit,,,,SCREW,2,3.0
6284.5,2025-12-05T08:44:30+00:00,LOCO_02,MOVING,track_19,retrofit,track_19,,,0,5.0
6289.5,2025-12-05T08:49:30+00:00,LOCO_02,PARKING,,,,,,0,0.0
6289.5,2025-12-05T08:49:30+00:00,LOCO_02,MOVING,collection2,track_19,collection2,,,0,60.0
6349.5,2025-12-05T09:49:30+00:00,LOCO_02,ALLOCATED,,,,batch_transport,,0,0.0
6349.5,2025-12-05T09:49:30+00:00,LOCO_02,RAKE_COUPLING_STARTED,collection2,,,,SCREW,2,2.0
6351.5,2025-12-05T09:51:30+00:00,LOCO_02,RAKE_COUPLING_COMPLETED,collection2,,,,SCREW,2,2.0
6351.5,2025-12-05T09:51:30+00:00,LOCO_02,LOCO_COUPLING_STARTED,collection2,,,,SCREW,2,2.0
6353.5,2025-12-05T09:53:30+00:00,LOCO_02,LOCO_COUPLING_COMPLETED,collection2,,,,SCREW,2,2.0
6353.5,2025-12-05T09:53:30+00:00,LOCO_02,SHUNTING_PREP,collection2,,,,,2,1.0
6354.5,2025-12-05T09:54:30+00:00,LOCO_02,MOVING,retrofit,collection2,retrofit,,,0,60.0
6414.5,2025-12-05T10:54:30+00:00,LOCO_02,LOCO_DECOUPLING_STARTED,retrofit,,,,SCREW,2,3.0
6417.5,2025-12-05T10:57:30+00:00,LOCO_02,LOCO_DECOUPLING_COMPLETED,retrofit,,,,SCREW,2,3.0
6417.5,2025-12-05T10:57:30+00:00,LOCO_02,RAKE_DECOUPLING_STARTED,retrofit,,,,SCREW,2,3.0
6420.5,2025-12-05T11:00:30+00:00,LOCO_02,RAKE_DECOUPLING_COMPLETED,retrofit,,,,SCREW,2,3.0
6423.5,2025-12-05T11:03:30+00:00,LOCO_02,MOVING,track_19,retrofit,track_19,,,0,5.0
6428.5,2025-12-05T11:08:30+00:00,LOCO_02,PARKING,,,,,,0,2.0
6430.5,2025-12-05T11:10:30+00:00,LOCO_02,MOVING,retrofit,track_19,retrofit,,,0,5.0
6435.5,2025-12-05T11:15:30+00:00,LOCO_02,COUPLING_STARTED,retrofit,,,,SCREW,0,2.0
6437.5,2025-12-05T11:17:30+00:00,LOCO_02,COUPLING_COMPLETED,retrofit,,,,SCREW,0,2.0
6437.5,2025-12-05T11:17:30+00:00,LOCO_02,SHUNTING_PREP,retrofit,,,,,0,1.0
6438.5,2025-12-05T11:18:30+00:00,LOCO_02,MOVING,WS_01,retrofit,WS_01,,,0,5.0
6443.5,2025-12-05T11:23:30+00:00,LOCO_02,DECOUPLING_STARTED,WS_01,,,,SCREW,0,3.0
6446.5,2025-12-05T11:26:30+00:00,LOCO_02,DECOUPLING_COMPLETED,WS_01,,,,SCREW,0,3.0
6449.5,2025-12-05T11:29:30+00:00,LOCO_02,MOVING,track_19,WS_01,track_19,,,0,5.0
6454.5,2025-12-05T11:34:30+00:00,LOCO_02,ALLOCATED,,,,batch_transport,,0,0.0
6454.5,2025-12-05T11:34:30+00:00,LOCO_02,MOVING,retrofitted,track_19,retrofitted,,,0,5.0
6459.5,2025-12-05T11:39:30+00:00,LOCO_02,RAKE_COUPLING_STARTED,retrofitted,,,,DAC,4,1.5
6461.0,2025-12-05T11:41:00+00:00,LOCO_02,RAKE_COUPLING_COMPLETED,retrofitted,,,,DAC,4,1.5
6461.0,2025-12-05T11:41:00+00:00,LOCO_02,LOCO_COUPLING_STARTED,retrofitted,,,,DAC,4,0.5
6461.5,2025-12-05T11:41:30+00:00,LOCO_02,LOCO_COUPLING_COMPLETED,retrofitted,,,,DAC,4,0.5
6461.5,2025-12-05T11:41:30+00:00,LOCO_02,SHUNTING_PREP,retrofitted,,,,,4,1.0
6462.5,2025-12-05T11:42:30+00:00,LOCO_02,MOVING,parking1,retrofitted,parking1,,,0,5.0
6467.5,2025-12-05T11:47:30+00:00,LOCO_02,LOCO_DECOUPLING_STARTED,parking1,,,,DAC,4,0.5
6468.0,2025-12-05T11:48:00+00:00,LOCO_02,LOCO_DECOUPLING_COMPLETED,parking1,,,,DAC,4,0.5
6468.0,2025-12-05T11:48:00+00:00,LOCO_02,RAKE_DECOUPLING_STARTED,parking1,,,,DAC,4,1.5
6469.5,2025-12-05T11:49:30+00:00,LOCO_02,RAKE_DECOUPLING_COMPLETED,parking1,,,,DAC,4,1.5
6471.0,2025-12-05T11:51:00+00:00,LOCO_02,MOVING,track_19,parking1,track_19,,,0,5.0
6476.0,2025-12-05T11:56:00+00:00,LOCO_02,MOVING,collection2,track_19,collection2,,,0,60.0
6536.0,2025-12-05T12:56:00+00:00,LOCO_02,ALLOCATED,,,,batch_transport,,0,0.0
6536.0,2025-12-05T12:56:00+00:00,LOCO_02,RAKE_COUPLING_STARTED,collection2,,,,SCREW,3,4.0
6540.0,2025-12-05T13:00:00+00:00,LOCO_02,RAKE_COUPLING_COMPLETED,collection2,,,,SCREW,3,4.0
6540.0,2025-12-05T13:00:00+00:00,LOCO_02,LOCO_COUPLING_STARTED,collection2,,,,SCREW,3,2.0
6542.0,2025-12-05T13:02:00+00:00,LOCO_02,LOCO_COUPLING_COMPLETED,collection2,,,,SCREW,3,2.0
6542.0,2025-12-05T13:02:00+00:00,LOCO_02,SHUNTING_PREP,collection2,,,,,3,1.0
6543.0,2025-12-05T13:03:00+00:00,LOCO_02,MOVING,retrofit,collection2,retrofit,,,0,60.0
6603.0,2025-12-05T14:03:00+00:00,LOCO_02,LOCO_DECOUPLING_STARTED,retrofit,,,,SCREW,3,3.0
6606.0,2025-12-05T14:06:00+00:00,LOCO_02,LOCO_DECOUPLING_COMPLETED,retrofit,,,,SCREW,3,3.0
6606.0,2025-12-05T14:06:00+00:00,LOCO_02,RAKE_DECOUPLING_STARTED,retrofit,,,,SCREW,3,6.0
6612.0,2025-12-05T14:12:00+00:00,LOCO_02,RAKE_DECOUPLING_COMPLETED,retrofit,,,,SCREW,3,6.0
6618.0,2025-12-05T14:18:00+00:00,LOCO_02,MOVING,track_19,retrofit,track_19,,,0,5.0
6623.0,2025-12-05T14:23:00+00:00,LOCO_02,PARKING,,,,,,0,2.0
6625.0,2025-12-05T14:25:00+00:00,LOCO_02,MOVING,retrofit,track_19,retrofit,,,0,5.0
6630.0,2025-12-05T14:30:00+00:00,LOCO_02,COUPLING_STARTED,retrofit,,,,SCREW,0,2.0
6632.0,2025-12-05T14:32:00+00:00,LOCO_02,COUPLING_COMPLETED,retrofit,,,,SCREW,0,2.0
6632.0,2025-12-05T14:32:00+00:00,LOCO_02,SHUNTING_PREP,retrofit,,,,,0,1.0
6633.0,2025-12-05T14:33:00+00:00,LOCO_02,MOVING,WS_01,retrofit,WS_01,,,0,5.0
6638.0,2025-12-05T14:38:00+00:00,LOCO_02,DECOUPLING_STARTED,WS_01,,,,SCREW,0,3.0
6641.0,2025-12-05T14:41:00+00:00,LOCO_02,DECOUPLING_COMPLETED,WS_01,,,,SCREW,0,3.0
6644.0,2025-12-05T14:44:00+00:00,LOCO_02,MOVING,track_19,WS_01,track_19,,,0,5.0
6649.0,2025-12-05T14:49:00+00:00,LOCO_02,ALLOCATED,,,,batch_transport,,0,0.0
6649.0,2025-12-05T14:49:00+00:00,LOCO_02,MOVING,retrofitted,track_19,retrofitted,,,0,5.0
6654.0,2025-12-05T14:54:00+00:00,LOCO_02,RAKE_COUPLING_STARTED,retrofitted,,,,DAC,4,1.5
6655.5,2025-12-05T14:55:30+00:00,LOCO_02,RAKE_COUPLING_COMPLETED,retrofitted,,,,DAC,4,1.5
6655.5,2025-12-05T14:55:30+00:00,LOCO_02,LOCO_COUPLING_STARTED,retrofitted,,,,DAC,4,0.5
6656.0,2025-12-05T14:56:00+00:00,LOCO_02,LOCO_COUPLING_COMPLETED,retrofitted,,,,DAC,4,0.5
6656.0,2025-12-05T14:56:00+00:00,LOCO_02,SHUNTING_PREP,retrofitted,,,,,4,1.0
6657.0,2025-12-05T14:57:00+00:00,LOCO_02,MOVING,parking12,retrofitted,parking12,,,0,60.0
6717.0,2025-12-05T15:57:00+00:00,LOCO_02,LOCO_DECOUPLING_STARTED,parking12,,,,DAC,4,0.5
6717.5,2025-12-05T15:57:30+00:00,LOCO_02,LOCO_DECOUPLING_COMPLETED,parking12,,,,DAC,4,0.5
6717.5,2025-12-05T15:57:30+00:00,LOCO_02,RAKE_DECOUPLING_STARTED,parking12,,,,DAC,4,1.5
6719.0,2025-12-05T15:59:00+00:00,LOCO_02,RAKE_DECOUPLING_COMPLETED,parking12,,,,DAC,4,1.5
6720.5,2025-12-05T16:00:30+00:00,LOCO_02,MOVING,track_19,parking12,track_19,,,0,60.0
6780.5,2025-12-05T17:00:30+00:00,LOCO_02,MOVING,WS_02,track_19,WS_02,,,0,5.0
6785.5,2025-12-05T17:05:30+00:00,LOCO_02,RAKE_COUPLING_STARTED,WS_02,,,,DAC,2,0.5
6786.0,2025-12-05T17:06:00+00:00,LOCO_02,RAKE_COUPLING_COMPLETED,WS_02,,,,DAC,2,0.5
6786.0,2025-12-05T17:06:00+00:00,LOCO_02,LOCO_COUPLING_STARTED,WS_02,,,,DAC,2,0.5
6786.5,2025-12-05T17:06:30+00:00,LOCO_02,LOCO_COUPLING_COMPLETED,WS_02,,,,DAC,2,0.5
6786.5,2025-12-05T17:06:30+00:00,LOCO_02,SHUNTING_PREP,WS_02,,,,,2,1.0
6787.5,2025-12-05T17:07:30+00:00,LOCO_02,MOVING,retrofitted,WS_02,retrofitted,,,0,5.0
6792.5,2025-12-05T17:12:30+00:00,LOCO_02,MOVING,track_19,retrofitted,track_19,,,0,5.0
6797.5,2025-12-05T17:17:30+00:00,LOCO_02,MOVING,WS_01,track_19,WS_01,,,0,5.0
6802.5,2025-12-05T17:22:30+00:00,LOCO_02,RAKE_COUPLING_STARTED,WS_01,,,,DAC,2,0.5
6803.0,2025-12-05T17:23:00+00:00,LOCO_02,RAKE_COUPLING_COMPLETED,WS_01,,,,DAC,2,0.5
6803.0,2025-12-05T17:23:00+00:00,LOCO_02,LOCO_COUPLING_STARTED,WS_01,,,,DAC,2,0.5
6803.5,2025-12-05T17:23:30+00:00,LOCO_02,LOCO_COUPLING_COMPLETED,WS_01,,,,DAC,2,0.5
6803.5,2025-12-05T17:23:30+00:00,LOCO_02,SHUNTING_PREP,WS_01,,,,,2,1.0
6804.5,2025-12-05T17:24:30+00:00,LOCO_02,MOVING,retrofitted,WS_01,retrofitted,,,0,5.0
6809.5,2025-12-05T17:29:30+00:00,LOCO_02,MOVING,track_19,retrofitted,track_19,,,0,7.0
6816.5,2025-12-05T17:36:30+00:00,LOCO_02,MOVING,retrofit,track_19,retrofit,,,0,5.0
6821.5,2025-12-05T17:41:30+00:00,LOCO_02,COUPLING_STARTED,retrofit,,,,SCREW,0,2.0
6823.5,2025-12-05T17:43:30+00:00,LOCO_02,COUPLING_COMPLETED,retrofit,,,,SCREW,0,2.0
6823.5,2025-12-05T17:43:30+00:00,LOCO_02,SHUNTING_PREP,retrofit,,,,,0,1.0
6824.5,2025-12-05T17:44:30+00:00,LOCO_02,MOVING,WS_02,retrofit,WS_02,,,0,5.0
6829.5,2025-12-05T17:49:30+00:00,LOCO_02,DECOUPLING_STARTED,WS_02,,,,SCREW,0,3.0
6832.5,2025-12-05T17:52:30+00:00,LOCO_02,DECOUPLING_COMPLETED,WS_02,,,,SCREW,0,3.0
6835.5,2025-12-05T17:55:30+00:00,LOCO_02,MOVING,track_19,WS_02,track_19,,,0,5.0
6840.5,2025-12-05T18:00:30+00:00,LOCO_02,MOVING,collection1,track_19,collection1,,,0,60.0
6900.5,2025-12-05T19:00:30+00:00,LOCO_02,ALLOCATED,,,,batch_transport,,0,0.0
6900.5,2025-12-05T19:00:30+00:00,LOCO_02,LOCO_COUPLING_STARTED,collection1,,,,SCREW,1,2.0
6902.5,2025-12-05T19:02:30+00:00,LOCO_02,LOCO_COUPLING_COMPLETED,collection1,,,,SCREW,1,2.0
6902.5,2025-12-05T19:02:30+00:00,LOCO_02,SHUNTING_PREP,collection1,,,,,1,1.0
6903.5,2025-12-05T19:03:30+00:00,LOCO_02,MOVING,retrofit,collection1,retrofit,,,0,60.0
6963.5,2025-12-05T20:03:30+00:00,LOCO_02,LOCO_DECOUPLING_STARTED,retrofit,,,,SCREW,1,3.0
6966.5,2025-12-05T20:06:30+00:00,LOCO_02,MOVING,track_19,retrofit,track_19,,,0,0.0
6966.5,2025-12-05T20:06:30+00:00,LOCO_02,LOCO_DECOUPLING_COMPLETED,retrofit,,,,SCREW,1,3.0
6971.5,2025-12-05T20:11:30+00:00,LOCO_02,PARKING,,,,,,0,0.0
6971.5,2025-12-05T20:11:30+00:00,LOCO_02,MOVING,collection2,track_19,collection2,,,0,60.0
7031.5,2025-12-05T21:11:30+00:00,LOCO_02,ALLOCATED,,,,batch_transport,,0,0.0
7031.5,2025-12-05T21:11:30+00:00,LOCO_02,RAKE_COUPLING_STARTED,collection2,,,,SCREW,3,4.0
7035.5,2025-12-05T21:15:30+00:00,LOCO_02,RAKE_COUPLING_COMPLETED,collection2,,,,SCREW,3,4.0
7035.5,2025-12-05T21:15:30+00:00,LOCO_02,LOCO_COUPLING_STARTED,collection2,,,,SCREW,3,2.0
7037.5,2025-12-05T21:17:30+00:00,LOCO_02,LOCO_COUPLING_COMPLETED,collection2,,,,SCREW,3,2.0
7037.5,2025-12-05T21:17:30+00:00,LOCO_02,SHUNTING_PREP,collection2,,,,,3,1.0
7038.5,2025-12-05T21:18:30+00:00,LOCO_02,MOVING,retrofit,collection2,retrofit,,,0,60.0
7098.5,2025-12-05T22:18:30+00:00,LOCO_02,LOCO_DECOUPLING_STARTED,retrofit,,,,SCREW,3,3.0
7101.5,2025-12-05T22:21:30+00:00,LOCO_02,LOCO_DECOUPLING_COMPLETED,retrofit,,,,SCREW,3,3.0
7101.5,2025-12-05T22:21:30+00:00,LOCO_02,RAKE_DECOUPLING_STARTED,retrofit,,,,SCREW,3,6.0
7107.5,2025-12-05T22:27:30+00:00,LOCO_02,RAKE_DECOUPLING_COMPLETED,retrofit,,,,SCREW,3,6.0
7113.5,2025-12-05T22:33:30+00:00,LOCO_02,MOVING,track_19,retrofit,track_19,,,0,5.0
7118.5,2025-12-05T22:38:30+00:00,LOCO_02,PARKING,,,,,,0,0.0
7118.5,2025-12-05T22:38:30+00:00,LOCO_02,MOVING,WS_02,track_19,WS_02,,,0,5.0
7123.5,2025-12-05T22:43:30+00:00,LOCO_02,RAKE_COUPLING_STARTED,WS_02,,,,DAC,2,0.5
7124.0,2025-12-05T22:44:00+00:00,LOCO_02,RAKE_COUPLING_COMPLETED,WS_02,,,,DAC,2,0.5
7124.0,2025-12-05T22:44:00+00:00,LOCO_02,LOCO_COUPLING_STARTED,WS_02,,,,DAC,2,0.5
7124.5,2025-12-05T22:44:30+00:00,LOCO_02,LOCO_COUPLING_COMPLETED,WS_02,,,,DAC,2,0.5
7124.5,2025-12-05T22:44:30+00:00,LOCO_02,SHUNTING_PREP,WS_02,,,,,2,1.0
7125.5,2025-12-05T22:45:30+00:00,LOCO_02,MOVING,retrofitted,WS_02,retrofitted,,,0,5.0
7130.5,2025-12-05T22:50:30+00:00,LOCO_02,MOVING,track_19,retrofitted,track_19,,,0,5.0
7135.5,2025-12-05T22:55:30+00:00,LOCO_02,MOVING,WS_01,track_19,WS_01,,,0,5.0
7140.5,2025-12-05T23:00:30+00:00,LOCO_02,RAKE_COUPLING_STARTED,WS_01,,,,DAC,2,0.5
7141.0,2025-12-05T23:01:00+00:00,LOCO_02,RAKE_COUPLING_COMPLETED,WS_01,,,,DAC,2,0.5
7141.0,2025-12-05T23:01:00+00:00,LOCO_02,LOCO_COUPLING_STARTED,WS_01,,,,DAC,2,0.5
7141.5,2025-12-05T23:01:30+00:00,LOCO_02,LOCO_COUPLING_COMPLETED,WS_01,,,,DAC,2,0.5
7141.5,2025-12-05T23:01:30+00:00,LOCO_02,SHUNTING_PREP,WS_01,,,,,2,1.0
7142.5,2025-12-05T23:02:30+00:00,LOCO_02,MOVING,retrofitted,WS_01,retrofitted,,,0,5.0
7147.5,2025-12-05T23:07:30+00:00,LOCO_02,MOVING,track_19,retrofitted,track_19,,,0,7.0
7154.5,2025-12-05T23:14:30+00:00,LOCO_02,MOVING,retrofit,track_19,retrofit,,,0,5.0
7159.5,2025-12-05T23:19:30+00:00,LOCO_02,COUPLING_STARTED,retrofit,,,,SCREW,0,2.0
7161.5,2025-12-05T23:21:30+00:00,LOCO_02,COUPLING_COMPLETED,retrofit,,,,SCREW,0,2.0
7161.5,2025-12-05T23:21:30+00:00,LOCO_02,SHUNTING_PREP,retrofit,,,,,0,1.0
7162.5,2025-12-05T23:22:30+00:00,LOCO_02,MOVING,WS_02,retrofit,WS_02,,,0,5.0
7167.5,2025-12-05T23:27:30+00:00,LOCO_02,DECOUPLING_STARTED,WS_02,,,,SCREW,0,3.0
7170.5,2025-12-05T23:30:30+00:00,LOCO_02,DECOUPLING_COMPLETED,WS_02,,,,SCREW,0,3.0
7173.5,2025-12-05T23:33:30+00:00,LOCO_02,MOVING,track_19,WS_02,track_19,,,0,7.0
7180.5,2025-12-05T23:40:30+00:00,LOCO_02,MOVING,retrofit,track_19,retrofit,,,0,5.0
7185.5,2025-12-05T23:45:30+00:00,LOCO_02,COUPLING_STARTED,retrofit,,,,SCREW,0,2.0
7187.5,2025-12-05T23:47:30+00:00,LOCO_02,COUPLING_COMPLETED,retrofit,,,,SCREW,0,2.0
7187.5,2025-12-05T23:47:30+00:00,LOCO_02,SHUNTING_PREP,retrofit,,,,,0,1.0
7188.5,2025-12-05T23:48:30+00:00,LOCO_02,MOVING,WS_01,retrofit,WS_01,,,0,5.0
7193.5,2025-12-05T23:53:30+00:00,LOCO_02,DECOUPLING_STARTED,WS_01,,,,SCREW,0,3.0
7196.5,2025-12-05T23:56:30+00:00,LOCO_02,DECOUPLING_COMPLETED,WS_01,,,,SCREW,0,3.0
7199.5,2025-12-05T23:59:30+00:00,LOCO_02,MOVING,track_19,WS_01,track_19,,,0,5.0
7204.5,2025-12-06T00:04:30+00:00,LOCO_02,MOVING,collection1,track_19,collection1,,,0,60.0
7264.5,2025-12-06T01:04:30+00:00,LOCO_02,ALLOCATED,,,,batch_transport,,0,0.0
7264.5,2025-12-06T01:04:30+00:00,LOCO_02,RAKE_COUPLING_STARTED,collection1,,,,SCREW,2,2.0
7266.5,2025-12-06T01:06:30+00:00,LOCO_02,RAKE_COUPLING_COMPLETED,collection1,,,,SCREW,2,2.0
7266.5,2025-12-06T01:06:30+00:00,LOCO_02,LOCO_COUPLING_STARTED,collection1,,,,SCREW,2,2.0
7268.5,2025-12-06T01:08:30+00:00,LOCO_02,LOCO_COUPLING_COMPLETED,collection1,,,,SCREW,2,2.0
7268.5,2025-12-06T01:08:30+00:00,LOCO_02,SHUNTING_PREP,collection1,,,,,2,1.0
7269.5,2025-12-06T01:09:30+00:00,LOCO_02,MOVING,retrofit,collection1,retrofit,,,0,60.0
7329.5,2025-12-06T02:09:30+00:00,LOCO_02,LOCO_DECOUPLING_STARTED,retrofit,,,,SCREW,2,3.0
7332.5,2025-12-06T02:12:30+00:00,LOCO_02,LOCO_DECOUPLING_COMPLETED,retrofit,,,,SCREW,2,3.0
7332.5,2025-12-06T02:12:30+00:00,LOCO_02,RAKE_DECOUPLING_STARTED,retrofit,,,,SCREW,2,3.0
7335.5,2025-12-06T02:15:30+00:00,LOCO_02,RAKE_DECOUPLING_COMPLETED,retrofit,,,,SCREW,2,3.0
7338.5,2025-12-06T02:18:30+00:00,LOCO_02,MOVING,track_19,retrofit,track_19,,,0,5.0
7343.5,2025-12-06T02:23:30+00:00,LOCO_02,PARKING,,,,,,0,0.0
7343.5,2025-12-06T02:23:30+00:00,LOCO_02,MOVING,collection2,track_19,collection2,,,0,60.0
7403.5,2025-12-06T03:23:30+00:00,LOCO_02,ALLOCATED,,,,batch_transport,,0,0.0
7403.5,2025-12-06T03:23:30+00:00,LOCO_02,LOCO_COUPLING_STARTED,collection2,,,,SCREW,1,2.0
7405.5,2025-12-06T03:25:30+00:00,LOCO_02,LOCO_COUPLING_COMPLETED,collection2,,,,SCREW,1,2.0
7405.5,2025-12-06T03:25:30+00:00,LOCO_02,SHUNTING_PREP,collection2,,,,,1,1.0
7406.5,2025-12-06T03:26:30+00:00,LOCO_02,MOVING,retrofit,collection2,retrofit,,,0,60.0
7466.5,2025-12-06T04:26:30+00:00,LOCO_02,LOCO_DECOUPLING_STARTED,retrofit,,,,SCREW,1,3.0
7469.5,2025-12-06T04:29:30+00:00,LOCO_02,MOVING,track_19,retrofit,track_19,,,0,0.0
7469.5,2025-12-06T04:29:30+00:00,LOCO_02,LOCO_DECOUPLING_COMPLETED,retrofit,,,,SCREW,1,3.0
7474.5,2025-12-06T04:34:30+00:00,LOCO_02,PARKING,,,,,,0,0.0
7474.5,2025-12-06T04:34:30+00:00,LOCO_02,ALLOCATED,,,,batch_transport,,0,0.0
7474.5,2025-12-06T04:34:30+00:00,LOCO_02,MOVING,retrofitted,track_19,retrofitted,,,0,5.0
7479.5,2025-12-06T04:39:30+00:00,LOCO_02,RAKE_COUPLING_STARTED,retrofitted,,,,DAC,4,1.5
7481.0,2025-12-06T04:41:00+00:00,LOCO_02,RAKE_COUPLING_COMPLETED,retrofitted,,,,DAC,4,1.5
7481.0,2025-12-06T04:41:00+00:00,LOCO_02,LOCO_COUPLING_STARTED,retrofitted,,,,DAC,4,0.5
7481.5,2025-12-06T04:41:30+00:00,LOCO_02,LOCO_COUPLING_COMPLETED,retrofitted,,,,DAC,4,0.5
7481.5,2025-12-06T04:41:30+00:00,LOCO_02,SHUNTING_PREP,retrofitted,,,,,4,1.0
7482.5,2025-12-06T04:42:30+00:00,LOCO_02,MOVING,parking14,retrofitted,parking14,,,0,75.0
7557.5,2025-12-06T05:57:30+00:00,LOCO_02,LOCO_DECOUPLING_STARTED,parking14,,,,DAC,4,0.5
7558.0,2025-12-06T05:58:00+00:00,LOCO_02,LOCO_DECOUPLING_COMPLETED,parking14,,,,DAC,4,0.5
7558.0,2025-12-06T05:58:00+00:00,LOCO_02,RAKE_DECOUPLING_STARTED,parking14,,,,DAC,4,1.5
7559.5,2025-12-06T05:59:30+00:00,LOCO_02,RAKE_DECOUPLING_COMPLETED,parking14,,,,DAC,4,1.5
7561.0,2025-12-06T06:01:00+00:00,LOCO_02,MOVING,track_19,parking14,track_19,,,0,60.0
7621.0,2025-12-06T07:01:00+00:00,LOCO_02,MOVING,WS_02,track_19,WS_02,,,0,5.0
7626.0,2025-12-06T07:06:00+00:00,LOCO_02,RAKE_COUPLING_STARTED,WS_02,,,,DAC,2,0.5
7626.5,2025-12-06T07:06:30+00:00,LOCO_02,RAKE_COUPLING_COMPLETED,WS_02,,,,DAC,2,0.5
7626.5,2025-12-06T07:06:30+00:00,LOCO_02,LOCO_COUPLING_STARTED,WS_02,,,,DAC,2,0.5
7627.0,2025-12-06T07:07:00+00:00,LOCO_02,LOCO_COUPLING_COMPLETED,WS_02,,,,DAC,2,0.5
7627.0,2025-12-06T07:07:00+00:00,LOCO_02,SHUNTING_PREP,WS_02,,,,,2,1.0
7628.0,2025-12-06T07:08:00+00:00,LOCO_02,MOVING,retrofitted,WS_02,retrofitted,,,0,5.0
7633.0,2025-12-06T07:13:00+00:00,LOCO_02,MOVING,track_19,retrofitted,track_19,,,0,5.0
7638.0,2025-12-06T07:18:00+00:00,LOCO_02,MOVING,WS_01,track_19,WS_01,,,0,5.0
7643.0,2025-12-06T07:23:00+00:00,LOCO_02,RAKE_COUPLING_STARTED,WS_01,,,,DAC,2,0.5
7643.5,2025-12-06T07:23:30+00:00,LOCO_02,RAKE_COUPLING_COMPLETED,WS_01,,,,DAC,2,0.5
7643.5,2025-12-06T07:23:30+00:00,LOCO_02,LOCO_COUPLING_STARTED,WS_01,,,,DAC,2,0.5
7644.0,2025-12-06T07:24:00+00:00,LOCO_02,LOCO_COUPLING_COMPLETED,WS_01,,,,DAC,2,0.5
7644.0,2025-12-06T07:24:00+00:00,LOCO_02,SHUNTING_PREP,WS_01,,,,,2,1.0
7645.0,2025-12-06T07:25:00+00:00,LOCO_02,MOVING,retrofitted,WS_01,retrofitted,,,0,5.0
7650.0,2025-12-06T07:30:00+00:00,LOCO_02,MOVING,track_19,retrofitted,track_19,,,0,7.0
7657.0,2025-12-06T07:37:00+00:00,LOCO_02,MOVING,retrofit,track_19,retrofit,,,0,5.0
7662.0,2025-12-06T07:42:00+00:00,LOCO_02,COUPLING_STARTED,retrofit,,,,SCREW,0,2.0
7664.0,2025-12-06T07:44:00+00:00,LOCO_02,COUPLING_COMPLETED,retrofit,,,,SCREW,0,2.0
7664.0,2025-12-06T07:44:00+00:00,LOCO_02,SHUNTING_PREP,retrofit,,,,,0,1.0
7665.0,2025-12-06T07:45:00+00:00,LOCO_02,MOVING,WS_02,retrofit,WS_02,,,0,5.0
7670.0,2025-12-06T07:50:00+00:00,LOCO_02,DECOUPLING_STARTED,WS_02,,,,SCREW,0,3.0
7673.0,2025-12-06T07:53:00+00:00,LOCO_02,DECOUPLING_COMPLETED,WS_02,,,,SCREW,0,3.0
7676.0,2025-12-06T07:56:00+00:00,LOCO_02,MOVING,track_19,WS_02,track_19,,,0,7.0
7683.0,2025-12-06T08:03:00+00:00,LOCO_02,MOVING,retrofit,track_19,retrofit,,,0,5.0
7688.0,2025-12-06T08:08:00+00:00,LOCO_02,COUPLING_STARTED,retrofit,,,,SCREW,0,2.0
7690.0,2025-12-06T08:10:00+00:00,LOCO_02,COUPLING_COMPLETED,retrofit,,,,SCREW,0,2.0
7690.0,2025-12-06T08:10:00+00:00,LOCO_02,SHUNTING_PREP,retrofit,,,,,0,1.0
7691.0,2025-12-06T08:11:00+00:00,LOCO_02,MOVING,WS_01,retrofit,WS_01,,,0,5.0
7696.0,2025-12-06T08:16:00+00:00,LOCO_02,DECOUPLING_STARTED,WS_01,,,,SCREW,0,3.0
7699.0,2025-12-06T08:19:00+00:00,LOCO_02,DECOUPLING_COMPLETED,WS_01,,,,SCREW,0,3.0
7702.0,2025-12-06T08:22:00+00:00,LOCO_02,MOVING,track_19,WS_01,track_19,,,0,5.0
7707.0,2025-12-06T08:27:00+00:00,LOCO_02,MOVING,collection2,track_19,collection2,,,0,60.0
7767.0,2025-12-06T09:27:00+00:00,LOCO_02,ALLOCATED,,,,batch_transport,,0,0.0
7767.0,2025-12-06T09:27:00+00:00,LOCO_02,RAKE_COUPLING_STARTED,collection2,,,,SCREW,4,6.0
7773.0,2025-12-06T09:33:00+00:00,LOCO_02,RAKE_COUPLING_COMPLETED,collection2,,,,SCREW,4,6.0
7773.0,2025-12-06T09:33:00+00:00,LOCO_02,LOCO_COUPLING_STARTED,collection2,,,,SCREW,4,2.0
7775.0,2025-12-06T09:35:00+00:00,LOCO_02,LOCO_COUPLING_COMPLETED,collection2,,,,SCREW,4,2.0
7775.0,2025-12-06T09:35:00+00:00,LOCO_02,SHUNTING_PREP,collection2,,,,,4,1.0
7776.0,2025-12-06T09:36:00+00:00,LOCO_02,MOVING,retrofit,collection2,retrofit,,,0,60.0
7836.0,2025-12-06T10:36:00+00:00,LOCO_02,LOCO_DECOUPLING_STARTED,retrofit,,,,SCREW,4,3.0
7839.0,2025-12-06T10:39:00+00:00,LOCO_02,LOCO_DECOUPLING_COMPLETED,retrofit,,,,SCREW,4,3.0
7839.0,2025-12-06T10:39:00+00:00,LOCO_02,RAKE_DECOUPLING_STARTED,retrofit,,,,SCREW,4,9.0
7848.0,2025-12-06T10:48:00+00:00,LOCO_02,RAKE_DECOUPLING_COMPLETED,retrofit,,,,SCREW,4,9.0
7857.0,2025-12-06T10:57:00+00:00,LOCO_02,MOVING,track_19,retrofit,track_19,,,0,5.0
7862.0,2025-12-06T11:02:00+00:00,LOCO_02,PARKING,,,,,,0,0.0
7862.0,2025-12-06T11:02:00+00:00,LOCO_02,MOVING,WS_02,track_19,WS_02,,,0,5.0
7867.0,2025-12-06T11:07:00+00:00,LOCO_02,RAKE_COUPLING_STARTED,WS_02,,,,DAC,2,0.5
7867.5,2025-12-06T11:07:30+00:00,LOCO_02,RAKE_COUPLING_COMPLETED,WS_02,,,,DAC,2,0.5
7867.5,2025-12-06T11:07:30+00:00,LOCO_02,LOCO_COUPLING_STARTED,WS_02,,,,DAC,2,0.5
7868.0,2025-12-06T11:08:00+00:00,LOCO_02,LOCO_COUPLING_COMPLETED,WS_02,,,,DAC,2,0.5
7868.0,2025-12-06T11:08:00+00:00,LOCO_02,SHUNTING_PREP,WS_02,,,,,2,1.0
7869.0,2025-12-06T11:09:00+00:00,LOCO_02,MOVING,retrofitted,WS_02,retrofitted,,,0,5.0
7874.0,2025-12-06T11:14:00+00:00,LOCO_02,MOVING,track_19,retrofitted,track_19,,,0,5.0
7879.0,2025-12-06T11:19:00+00:00,LOCO_02,MOVING,WS_01,track_19,WS_01,,,0,5.0
7884.0,2025-12-06T11:24:00+00:00,LOCO_02,RAKE_COUPLING_STARTED,WS_01,,,,DAC,2,0.5
7884.5,2025-12-06T11:24:30+00:00,LOCO_02,RAKE_COUPLING_COMPLETED,WS_01,,,,DAC,2,0.5
7884.5,2025-12-06T11:24:30+00:00,LOCO_02,LOCO_COUPLING_STARTED,WS_01,,,,DAC,2,0.5
7885.0,2025-12-06T11:25:00+00:00,LOCO_02,LOCO_COUPLING_COMPLETED,WS_01,,,,DAC,2,0.5
7885.0,2025-12-06T11:25:00+00:00,LOCO_02,SHUNTING_PREP,WS_01,,,,,2,1.0
7886.0,2025-12-06T11:26:00+00:00,LOCO_02,MOVING,retrofitted,WS_01,retrofitted,,,0,5.0
7891.0,2025-12-06T11:31:00+00:00,LOCO_02,MOVING,track_19,retrofitted,track_19,,,0,7.0
7898.0,2025-12-06T11:38:00+00:00,LOCO_02,MOVING,retrofit,track_19,retrofit,,,0,5.0
7903.0,2025-12-06T11:43:00+00:00,LOCO_02,COUPLING_STARTED,retrofit,,,,SCREW,0,2.0
7905.0,2025-12-06T11:45:00+00:00,LOCO_02,COUPLING_COMPLETED,retrofit,,,,SCREW,0,2.0
7905.0,2025-12-06T11:45:00+00:00,LOCO_02,SHUNTING_PREP,retrofit,,,,,0,1.0
7906.0,2025-12-06T11:46:00+00:00,LOCO_02,MOVING,WS_02,retrofit,WS_02,,,0,5.0
7911.0,2025-12-06T11:51:00+00:00,LOCO_02,DECOUPLING_STARTED,WS_02,,,,SCREW,0,3.0
7914.0,2025-12-06T11:54:00+00:00,LOCO_02,DECOUPLING_COMPLETED,WS_02,,,,SCREW,0,3.0
7917.0,2025-12-06T11:57:00+00:00,LOCO_02,MOVING,track_19,WS_02,track_19,,,0,5.0
7922.0,2025-12-06T12:02:00+00:00,LOCO_02,MOVING,collection1,track_19,collection1,,,0,60.0
7982.0,2025-12-06T13:02:00+00:00,LOCO_02,ALLOCATED,,,,batch_transport,,0,0.0
7982.0,2025-12-06T13:02:00+00:00,LOCO_02,LOCO_COUPLING_STARTED,collection1,,,,SCREW,1,2.0
7984.0,2025-12-06T13:04:00+00:00,LOCO_02,LOCO_COUPLING_COMPLETED,collection1,,,,SCREW,1,2.0
7984.0,2025-12-06T13:04:00+00:00,LOCO_02,SHUNTING_PREP,collection1,,,,,1,1.0
7985.0,2025-12-06T13:05:00+00:00,LOCO_02,MOVING,retrofit,collection1,retrofit,,,0,60.0
8045.0,2025-12-06T14:05:00+00:00,LOCO_02,LOCO_DECOUPLING_STARTED,retrofit,,,,SCREW,1,3.0
8048.0,2025-12-06T14:08:00+00:00,LOCO_02,MOVING,track_19,retrofit,track_19,,,0,0.0
8048.0,2025-12-06T14:08:00+00:00,LOCO_02,LOCO_DECOUPLING_COMPLETED,retrofit,,,,SCREW,1,3.0
8053.0,2025-12-06T14:13:00+00:00,LOCO_02,PARKING,,,,,,0,2.0
8055.0,2025-12-06T14:15:00+00:00,LOCO_02,MOVING,retrofit,track_19,retrofit,,,0,5.0
8060.0,2025-12-06T14:20:00+00:00,LOCO_02,COUPLING_STARTED,retrofit,,,,SCREW,0,2.0
8062.0,2025-12-06T14:22:00+00:00,LOCO_02,COUPLING_COMPLETED,retrofit,,,,SCREW,0,2.0
8062.0,2025-12-06T14:22:00+00:00,LOCO_02,SHUNTING_PREP,retrofit,,,,,0,1.0
8063.0,2025-12-06T14:23:00+00:00,LOCO_02,MOVING,WS_01,retrofit,WS_01,,,0,5.0
8068.0,2025-12-06T14:28:00+00:00,LOCO_02,DECOUPLING_STARTED,WS_01,,,,SCREW,0,3.0
8071.0,2025-12-06T14:31:00+00:00,LOCO_02,DECOUPLING_COMPLETED,WS_01,,,,SCREW,0,3.0
8074.0,2025-12-06T14:34:00+00:00,LOCO_02,MOVING,track_19,WS_01,track_19,,,0,5.0
8079.0,2025-12-06T14:39:00+00:00,LOCO_02,ALLOCATED,,,,batch_transport,,0,0.0
8079.0,2025-12-06T14:39:00+00:00,LOCO_02,MOVING,retrofitted,track_19,retrofitted,,,0,5.0
8084.0,2025-12-06T14:44:00+00:00,LOCO_02,RAKE_COUPLING_STARTED,retrofitted,,,,DAC,8,3.5
8087.5,2025-12-06T14:47:30+00:00,LOCO_02,RAKE_COUPLING_COMPLETED,retrofitted,,,,DAC,8,3.5
8087.5,2025-12-06T14:47:30+00:00,LOCO_02,LOCO_COUPLING_STARTED,retrofitted,,,,DAC,8,0.5
8088.0,2025-12-06T14:48:00+00:00,LOCO_02,LOCO_COUPLING_COMPLETED,retrofitted,,,,DAC,8,0.5
8088.0,2025-12-06T14:48:00+00:00,LOCO_02,SHUNTING_PREP,retrofitted,,,,,8,1.0
8089.0,2025-12-06T14:49:00+00:00,LOCO_02,MOVING,parking14,retrofitted,parking14,,,0,75.0
8164.0,2025-12-06T16:04:00+00:00,LOCO_02,LOCO_DECOUPLING_STARTED,parking14,,,,DAC,8,0.5
8164.5,2025-12-06T16:04:30+00:00,LOCO_02,LOCO_DECOUPLING_COMPLETED,parking14,,,,DAC,8,0.5
8164.5,2025-12-06T16:04:30+00:00,LOCO_02,RAKE_DECOUPLING_STARTED,parking14,,,,DAC,8,3.5
8168.0,2025-12-06T16:08:00+00:00,LOCO_02,RAKE_DECOUPLING_COMPLETED,parking14,,,,DAC,8,3.5
8171.5,2025-12-06T16:11:30+00:00,LOCO_02,MOVING,track_19,parking14,track_19,,,0,60.0
8231.5,2025-12-06T17:11:30+00:00,LOCO_02,MOVING,collection2,track_19,collection2,,,0,60.0
8291.5,2025-12-06T18:11:30+00:00,LOCO_02,ALLOCATED,,,,batch_transport,,0,0.0
8291.5,2025-12-06T18:11:30+00:00,LOCO_02,LOCO_COUPLING_STARTED,collection2,,,,SCREW,1,2.0
8293.5,2025-12-06T18:13:30+00:00,LOCO_02,LOCO_COUPLING_COMPLETED,collection2,,,,SCREW,1,2.0
8293.5,2025-12-06T18:13:30+00:00,LOCO_02,SHUNTING_PREP,collection2,,,,,1,1.0
8294.5,2025-12-06T18:14:30+00:00,LOCO_02,MOVING,retrofit,collection2,retrofit,,,0,60.0
8354.5,2025-12-06T19:14:30+00:00,LOCO_02,LOCO_DECOUPLING_STARTED,retrofit,,,,SCREW,1,3.0
8357.5,2025-12-06T19:17:30+00:00,LOCO_02,MOVING,track_19,retrofit,track_19,,,0,0.0
8357.5,2025-12-06T19:17:30+00:00,LOCO_02,LOCO_DECOUPLING_COMPLETED,retrofit,,,,SCREW,1,3.0
8362.5,2025-12-06T19:22:30+00:00,LOCO_02,PARKING,,,,,,0,2.0
8364.5,2025-12-06T19:24:30+00:00,LOCO_02,MOVING,retrofit,track_19,retrofit,,,0,5.0
8369.5,2025-12-06T19:29:30+00:00,LOCO_02,COUPLING_STARTED,retrofit,,,,SCREW,0,2.0
8371.5,2025-12-06T19:31:30+00:00,LOCO_02,COUPLING_COMPLETED,retrofit,,,,SCREW,0,2.0
8371.5,2025-12-06T19:31:30+00:00,LOCO_02,SHUNTING_PREP,retrofit,,,,,0,1.0
8372.5,2025-12-06T19:32:30+00:00,LOCO_02,MOVING,WS_01,retrofit,WS_01,,,0,5.0
8377.5,2025-12-06T19:37:30+00:00,LOCO_02,DECOUPLING_STARTED,WS_01,,,,SCREW,0,3.0
8380.5,2025-12-06T19:40:30+00:00,LOCO_02,DECOUPLING_COMPLETED,WS_01,,,,SCREW,0,3.0
8383.5,2025-12-06T19:43:30+00:00,LOCO_02,MOVING,track_19,WS_01,track_19,,,0,5.0
8388.5,2025-12-06T19:48:30+00:00,LOCO_02,MOVING,WS_02,track_19,WS_02,,,0,5.0
8393.5,2025-12-06T19:53:30+00:00,LOCO_02,RAKE_COUPLING_STARTED,WS_02,,,,DAC,2,0.5
8394.0,2025-12-06T19:54:00+00:00,LOCO_02,RAKE_COUPLING_COMPLETED,WS_02,,,,DAC,2,0.5
8394.0,2025-12-06T19:54:00+00:00,LOCO_02,LOCO_COUPLING_STARTED,WS_02,,,,DAC,2,0.5
8394.5,2025-12-06T19:54:30+00:00,LOCO_02,LOCO_COUPLING_COMPLETED,WS_02,,,,DAC,2,0.5
8394.5,2025-12-06T19:54:30+00:00,LOCO_02,SHUNTING_PREP,WS_02,,,,,2,1.0
8395.5,2025-12-06T19:55:30+00:00,LOCO_02,MOVING,retrofitted,WS_02,retrofitted,,,0,5.0
8400.5,2025-12-06T20:00:30+00:00,LOCO_02,MOVING,track_19,retrofitted,track_19,,,0,5.0
8405.5,2025-12-06T20:05:30+00:00,LOCO_02,ALLOCATED,,,,batch_transport,,0,0.0
8405.5,2025-12-06T20:05:30+00:00,LOCO_02,MOVING,retrofitted,track_19,retrofitted,,,0,5.0
8410.5,2025-12-06T20:10:30+00:00,LOCO_02,RAKE_COUPLING_STARTED,retrofitted,,,,DAC,2,0.5
8411.0,2025-12-06T20:11:00+00:00,LOCO_02,RAKE_COUPLING_COMPLETED,retrofitted,,,,DAC,2,0.5
8411.0,2025-12-06T20:11:00+00:00,LOCO_02,LOCO_COUPLING_STARTED,retrofitted,,,,DAC,2,0.5
8411.5,2025-12-06T20:11:30+00:00,LOCO_02,LOCO_COUPLING_COMPLETED,retrofitted,,,,DAC,2,0.5
8411.5,2025-12-06T20:11:30+00:00,LOCO_02,SHUNTING_PREP,retrofitted,,,,,2,1.0
8412.5,2025-12-06T20:12:30+00:00,LOCO_02,MOVING,parking1,retrofitted,parking1,,,0,5.0
8417.5,2025-12-06T20:17:30+00:00,LOCO_02,LOCO_DECOUPLING_STARTED,parking1,,,,DAC,2,0.5
8418.0,2025-12-06T20:18:00+00:00,LOCO_02,LOCO_DECOUPLING_COMPLETED,parking1,,,,DAC,2,0.5
8418.0,2025-12-06T20:18:00+00:00,LOCO_02,RAKE_DECOUPLING_STARTED,parking1,,,,DAC,2,0.5
8418.5,2025-12-06T20:18:30+00:00,LOCO_02,RAKE_DECOUPLING_COMPLETED,parking1,,,,DAC,2,0.5
8419.0,2025-12-06T20:19:00+00:00,LOCO_02,MOVING,track_19,parking1,track_19,,,0,7.0
8426.0,2025-12-06T20:26:00+00:00,LOCO_02,MOVING,retrofit,track_19,retrofit,,,0,5.0
8431.0,2025-12-06T20:31:00+00:00,LOCO_02,COUPLING_STARTED,retrofit,,,,SCREW,0,2.0
8433.0,2025-12-06T20:33:00+00:00,LOCO_02,COUPLING_COMPLETED,retrofit,,,,SCREW,0,2.0
8433.0,2025-12-06T20:33:00+00:00,LOCO_02,SHUNTING_PREP,retrofit,,,,,0,1.0
8434.0,2025-12-06T20:34:00+00:00,LOCO_02,MOVING,WS_02,retrofit,WS_02,,,0,5.0
8439.0,2025-12-06T20:39:00+00:00,LOCO_02,DECOUPLING_STARTED,WS_02,,,,SCREW,0,3.0
8442.0,2025-12-06T20:42:00+00:00,LOCO_02,DECOUPLING_COMPLETED,WS_02,,,,SCREW,0,3.0
8445.0,2025-12-06T20:45:00+00:00,LOCO_02,MOVING,track_19,WS_02,track_19,,,0,5.0
8450.0,2025-12-06T20:50:00+00:00,LOCO_02,MOVING,collection1,track_19,collection1,,,0,60.0
8510.0,2025-12-06T21:50:00+00:00,LOCO_02,ALLOCATED,,,,batch_transport,,0,0.0
8510.0,2025-12-06T21:50:00+00:00,LOCO_02,LOCO_COUPLING_STARTED,collection1,,,,SCREW,1,2.0
8512.0,2025-12-06T21:52:00+00:00,LOCO_02,LOCO_COUPLING_COMPLETED,collection1,,,,SCREW,1,2.0
8512.0,2025-12-06T21:52:00+00:00,LOCO_02,SHUNTING_PREP,collection1,,,,,1,1.0
8513.0,2025-12-06T21:53:00+00:00,LOCO_02,MOVING,retrofit,collection1,retrofit,,,0,60.0
8573.0,2025-12-06T22:53:00+00:00,LOCO_02,LOCO_DECOUPLING_STARTED,retrofit,,,,SCREW,1,3.0
8576.0,2025-12-06T22:56:00+00:00,LOCO_02,MOVING,track_19,retrofit,track_19,,,0,0.0
8576.0,2025-12-06T22:56:00+00:00,LOCO_02,LOCO_DECOUPLING_COMPLETED,retrofit,,,,SCREW,1,3.0
8581.0,2025-12-06T23:01:00+00:00,LOCO_02,PARKING,,,,,,0,2.0
8583.0,2025-12-06T23:03:00+00:00,LOCO_02,MOVING,retrofit,track_19,retrofit,,,0,5.0
8588.0,2025-12-06T23:08:00+00:00,LOCO_02,COUPLING_STARTED,retrofit,,,,SCREW,0,2.0
8590.0,2025-12-06T23:10:00+00:00,LOCO_02,COUPLING_COMPLETED,retrofit,,,,SCREW,0,2.0
8590.0,2025-12-06T23:10:00+00:00,LOCO_02,SHUNTING_PREP,retrofit,,,,,0,1.0
8591.0,2025-12-06T23:11:00+00:00,LOCO_02,MOVING,WS_01,retrofit,WS_01,,,0,5.0
8596.0,2025-12-06T23:16:00+00:00,LOCO_02,DECOUPLING_STARTED,WS_01,,,,SCREW,0,3.0
8599.0,2025-12-06T23:19:00+00:00,LOCO_02,DECOUPLING_COMPLETED,WS_01,,,,SCREW,0,3.0
8602.0,2025-12-06T23:22:00+00:00,LOCO_02,MOVING,track_19,WS_01,track_19,,,0,5.0
8607.0,2025-12-06T23:27:00+00:00,LOCO_02,MOVING,collection2,track_19,collection2,,,0,60.0
8667.0,2025-12-07T00:27:00+00:00,LOCO_02,ALLOCATED,,,,batch_transport,,0,0.0
8667.0,2025-12-07T00:27:00+00:00,LOCO_02,LOCO_COUPLING_STARTED,collection2,,,,SCREW,1,2.0
8669.0,2025-12-07T00:29:00+00:00,LOCO_02,LOCO_COUPLING_COMPLETED,collection2,,,,SCREW,1,2.0
8669.0,2025-12-07T00:29:00+00:00,LOCO_02,SHUNTING_PREP,collection2,,,,,1,1.0
8670.0,2025-12-07T00:30:00+00:00,LOCO_02,MOVING,retrofit,collection2,retrofit,,,0,60.0
8730.0,2025-12-07T01:30:00+00:00,LOCO_02,LOCO_DECOUPLING_STARTED,retrofit,,,,SCREW,1,3.0
8733.0,2025-12-07T01:33:00+00:00,LOCO_02,MOVING,track_19,retrofit,track_19,,,0,0.0
8733.0,2025-12-07T01:33:00+00:00,LOCO_02,LOCO_DECOUPLING_COMPLETED,retrofit,,,,SCREW,1,3.0
8738.0,2025-12-07T01:38:00+00:00,LOCO_02,PARKING,,,,,,0,2.0
8740.0,2025-12-07T01:40:00+00:00,LOCO_02,MOVING,retrofit,track_19,retrofit,,,0,5.0
8745.0,2025-12-07T01:45:00+00:00,LOCO_02,COUPLING_STARTED,retrofit,,,,SCREW,0,2.0
8747.0,2025-12-07T01:47:00+00:00,LOCO_02,COUPLING_COMPLETED,retrofit,,,,SCREW,0,2.0
8747.0,2025-12-07T01:47:00+00:00,LOCO_02,SHUNTING_PREP,retrofit,,,,,0,1.0
8748.0,2025-12-07T01:48:00+00:00,LOCO_02,MOVING,WS_02,retrofit,WS_02,,,0,5.0
8753.0,2025-12-07T01:53:00+00:00,LOCO_02,DECOUPLING_STARTED,WS_02,,,,SCREW,0,3.0
8756.0,2025-12-07T01:56:00+00:00,LOCO_02,DECOUPLING_COMPLETED,WS_02,,,,SCREW,0,3.0
8759.0,2025-12-07T01:59:00+00:00,LOCO_02,MOVING,track_19,WS_02,track_19,,,0,5.0
8764.0,2025-12-07T02:04:00+00:00,LOCO_02,MOVING,WS_01,track_19,WS_01,,,0,5.0
8769.0,2025-12-07T02:09:00+00:00,LOCO_02,RAKE_COUPLING_STARTED,WS_01,,,,DAC,2,0.5
8769.5,2025-12-07T02:09:30+00:00,LOCO_02,RAKE_COUPLING_COMPLETED,WS_01,,,,DAC,2,0.5
8769.5,2025-12-07T02:09:30+00:00,LOCO_02,LOCO_COUPLING_STARTED,WS_01,,,,DAC,2,0.5
8770.0,2025-12-07T02:10:00+00:00,LOCO_02,LOCO_COUPLING_COMPLETED,WS_01,,,,DAC,2,0.5
8770.0,2025-12-07T02:10:00+00:00,LOCO_02,SHUNTING_PREP,WS_01,,,,,2,1.0
8771.0,2025-12-07T02:11:00+00:00,LOCO_02,MOVING,retrofitted,WS_01,retrofitted,,,0,5.0
8776.0,2025-12-07T02:16:00+00:00,LOCO_02,MOVING,track_19,retrofitted,track_19,,,0,5.0
8781.0,2025-12-07T02:21:00+00:00,LOCO_02,MOVING,collection2,track_19,collection2,,,0,60.0
8841.0,2025-12-07T03:21:00+00:00,LOCO_02,ALLOCATED,,,,batch_transport,,0,0.0
8841.0,2025-12-07T03:21:00+00:00,LOCO_02,LOCO_COUPLING_STARTED,collection2,,,,SCREW,1,2.0
8843.0,2025-12-07T03:23:00+00:00,LOCO_02,LOCO_COUPLING_COMPLETED,collection2,,,,SCREW,1,2.0
8843.0,2025-12-07T03:23:00+00:00,LOCO_02,SHUNTING_PREP,collection2,,,,,1,1.0
8844.0,2025-12-07T03:24:00+00:00,LOCO_02,MOVING,retrofit,collection2,retrofit,,,0,60.0
8904.0,2025-12-07T04:24:00+00:00,LOCO_02,LOCO_DECOUPLING_STARTED,retrofit,,,,SCREW,1,3.0
8907.0,2025-12-07T04:27:00+00:00,LOCO_02,MOVING,track_19,retrofit,track_19,,,0,0.0
8907.0,2025-12-07T04:27:00+00:00,LOCO_02,LOCO_DECOUPLING_COMPLETED,retrofit,,,,SCREW,1,3.0
8912.0,2025-12-07T04:32:00+00:00,LOCO_02,PARKING,,,,,,0,2.0
8914.0,2025-12-07T04:34:00+00:00,LOCO_02,MOVING,retrofit,track_19,retrofit,,,0,5.0
8919.0,2025-12-07T04:39:00+00:00,LOCO_02,COUPLING_STARTED,retrofit,,,,SCREW,0,2.0
8921.0,2025-12-07T04:41:00+00:00,LOCO_02,COUPLING_COMPLETED,retrofit,,,,SCREW,0,2.0
8921.0,2025-12-07T04:41:00+00:00,LOCO_02,SHUNTING_PREP,retrofit,,,,,0,1.0
8922.0,2025-12-07T04:42:00+00:00,LOCO_02,MOVING,WS_02,retrofit,WS_02,,,0,5.0
8927.0,2025-12-07T04:47:00+00:00,LOCO_02,DECOUPLING_STARTED,WS_02,,,,SCREW,0,3.0
8930.0,2025-12-07T04:50:00+00:00,LOCO_02,DECOUPLING_COMPLETED,WS_02,,,,SCREW,0,3.0
8933.0,2025-12-07T04:53:00+00:00,LOCO_02,MOVING,track_19,WS_02,track_19,,,0,5.0
8938.0,2025-12-07T04:58:00+00:00,LOCO_02,MOVING,WS_01,track_19,WS_01,,,0,5.0
8943.0,2025-12-07T05:03:00+00:00,LOCO_02,RAKE_COUPLING_STARTED,WS_01,,,,DAC,2,0.5
8943.5,2025-12-07T05:03:30+00:00,LOCO_02,RAKE_COUPLING_COMPLETED,WS_01,,,,DAC,2,0.5
8943.5,2025-12-07T05:03:30+00:00,LOCO_02,LOCO_COUPLING_STARTED,WS_01,,,,DAC,2,0.5
8944.0,2025-12-07T05:04:00+00:00,LOCO_02,LOCO_COUPLING_COMPLETED,WS_01,,,,DAC,2,0.5
8944.0,2025-12-07T05:04:00+00:00,LOCO_02,SHUNTING_PREP,WS_01,,,,,2,1.0
8945.0,2025-12-07T05:05:00+00:00,LOCO_02,MOVING,retrofitted,WS_01,retrofitted,,,0,5.0
8950.0,2025-12-07T05:10:00+00:00,LOCO_02,MOVING,track_19,retrofitted,track_19,,,0,5.0
8955.0,2025-12-07T05:15:00+00:00,LOCO_02,MOVING,collection2,track_19,collection2,,,0,60.0
9015.0,2025-12-07T06:15:00+00:00,LOCO_02,ALLOCATED,,,,batch_transport,,0,0.0
9015.0,2025-12-07T06:15:00+00:00,LOCO_02,RAKE_COUPLING_STARTED,collection2,,,,SCREW,2,2.0
9017.0,2025-12-07T06:17:00+00:00,LOCO_02,RAKE_COUPLING_COMPLETED,collection2,,,,SCREW,2,2.0
9017.0,2025-12-07T06:17:00+00:00,LOCO_02,LOCO_COUPLING_STARTED,collection2,,,,SCREW,2,2.0
9019.0,2025-12-07T06:19:00+00:00,LOCO_02,LOCO_COUPLING_COMPLETED,collection2,,,,SCREW,2,2.0
9019.0,2025-12-07T06:19:00+00:00,LOCO_02,SHUNTING_PREP,collection2,,,,,2,1.0
9020.0,2025-12-07T06:20:00+00:00,LOCO_02,MOVING,retrofit,collection2,retrofit,,,0,60.0
9080.0,2025-12-07T07:20:00+00:00,LOCO_02,LOCO_DECOUPLING_STARTED,retrofit,,,,SCREW,2,3.0
9083.0,2025-12-07T07:23:00+00:00,LOCO_02,LOCO_DECOUPLING_COMPLETED,retrofit,,,,SCREW,2,3.0
9083.0,2025-12-07T07:23:00+00:00,LOCO_02,RAKE_DECOUPLING_STARTED,retrofit,,,,SCREW,2,3.0
9086.0,2025-12-07T07:26:00+00:00,LOCO_02,RAKE_DECOUPLING_COMPLETED,retrofit,,,,SCREW,2,3.0
9089.0,2025-12-07T07:29:00+00:00,LOCO_02,MOVING,track_19,retrofit,track_19,,,0,5.0
9094.0,2025-12-07T07:34:00+00:00,LOCO_02,PARKING,,,,,,0,0.0
9094.0,2025-12-07T07:34:00+00:00,LOCO_02,MOVING,collection1,track_19,collection1,,,0,60.0
9154.0,2025-12-07T08:34:00+00:00,LOCO_02,ALLOCATED,,,,batch_transport,,0,0.0
9154.0,2025-12-07T08:34:00+00:00,LOCO_02,RAKE_COUPLING_STARTED,collection1,,,,SCREW,2,2.0
9156.0,2025-12-07T08:36:00+00:00,LOCO_02,RAKE_COUPLING_COMPLETED,collection1,,,,SCREW,2,2.0
9156.0,2025-12-07T08:36:00+00:00,LOCO_02,LOCO_COUPLING_STARTED,collection1,,,,SCREW,2,2.0
9158.0,2025-12-07T08:38:00+00:00,LOCO_02,LOCO_COUPLING_COMPLETED,collection1,,,,SCREW,2,2.0
9158.0,2025-12-07T08:38:00+00:00,LOCO_02,SHUNTING_PREP,collection1,,,,,2,1.0
9159.0,2025-12-07T08:39:00+00:00,LOCO_02,MOVING,retrofit,collection1,retrofit,,,0,60.0
9219.0,2025-12-07T09:39:00+00:00,LOCO_02,LOCO_DECOUPLING_STARTED,retrofit,,,,SCREW,2,3.0
9222.0,2025-12-07T09:42:00+00:00,LOCO_02,LOCO_DECOUPLING_COMPLETED,retrofit,,,,SCREW,2,3.0
9222.0,2025-12-07T09:42:00+00:00,LOCO_02,RAKE_DECOUPLING_STARTED,retrofit,,,,SCREW,2,3.0
9225.0,2025-12-07T09:45:00+00:00,LOCO_02,RAKE_DECOUPLING_COMPLETED,retrofit,,,,SCREW,2,3.0
9228.0,2025-12-07T09:48:00+00:00,LOCO_02,MOVING,track_19,retrofit,track_19,,,0,5.0
9233.0,2025-12-07T09:53:00+00:00,LOCO_02,PARKING,,,,,,0,0.0
9233.0,2025-12-07T09:53:00+00:00,LOCO_02,MOVING,WS_02,track_19,WS_02,,,0,5.0
9238.0,2025-12-07T09:58:00+00:00,LOCO_02,RAKE_COUPLING_STARTED,WS_02,,,,DAC,2,0.5
9238.5,2025-12-07T09:58:30+00:00,LOCO_02,RAKE_COUPLING_COMPLETED,WS_02,,,,DAC,2,0.5
9238.5,2025-12-07T09:58:30+00:00,LOCO_02,LOCO_COUPLING_STARTED,WS_02,,,,DAC,2,0.5
9239.0,2025-12-07T09:59:00+00:00,LOCO_02,LOCO_COUPLING_COMPLETED,WS_02,,,,DAC,2,0.5
9239.0,2025-12-07T09:59:00+00:00,LOCO_02,SHUNTING_PREP,WS_02,,,,,2,1.0
9240.0,2025-12-07T10:00:00+00:00,LOCO_02,MOVING,retrofitted,WS_02,retrofitted,,,0,5.0
9245.0,2025-12-07T10:05:00+00:00,LOCO_02,MOVING,track_19,retrofitted,track_19,,,0,5.0
9250.0,2025-12-07T10:10:00+00:00,LOCO_02,ALLOCATED,,,,batch_transport,,0,0.0
9250.0,2025-12-07T10:10:00+00:00,LOCO_02,MOVING,retrofitted,track_19,retrofitted,,,0,5.0
9255.0,2025-12-07T10:15:00+00:00,LOCO_02,RAKE_COUPLING_STARTED,retrofitted,,,,DAC,6,2.5
9257.5,2025-12-07T10:17:30+00:00,LOCO_02,RAKE_COUPLING_COMPLETED,retrofitted,,,,DAC,6,2.5
9257.5,2025-12-07T10:17:30+00:00,LOCO_02,LOCO_COUPLING_STARTED,retrofitted,,,,DAC,6,0.5
9258.0,2025-12-07T10:18:00+00:00,LOCO_02,LOCO_COUPLING_COMPLETED,retrofitted,,,,DAC,6,0.5
9258.0,2025-12-07T10:18:00+00:00,LOCO_02,SHUNTING_PREP,retrofitted,,,,,6,1.0
9259.0,2025-12-07T10:19:00+00:00,LOCO_02,MOVING,parking13,retrofitted,parking13,,,0,75.0
9334.0,2025-12-07T11:34:00+00:00,LOCO_02,LOCO_DECOUPLING_STARTED,parking13,,,,DAC,6,0.5
9334.5,2025-12-07T11:34:30+00:00,LOCO_02,LOCO_DECOUPLING_COMPLETED,parking13,,,,DAC,6,0.5
9334.5,2025-12-07T11:34:30+00:00,LOCO_02,RAKE_DECOUPLING_STARTED,parking13,,,,DAC,6,2.5
9337.0,2025-12-07T11:37:00+00:00,LOCO_02,RAKE_DECOUPLING_COMPLETED,parking13,,,,DAC,6,2.5
9339.5,2025-12-07T11:39:30+00:00,LOCO_02,MOVING,track_19,parking13,track_19,,,0,60.0
9399.5,2025-12-07T12:39:30+00:00,LOCO_02,MOVING,collection1,track_19,collection1,,,0,60.0
9459.5,2025-12-07T13:39:30+00:00,LOCO_02,ALLOCATED,,,,batch_transport,,0,0.0
9459.5,2025-12-07T13:39:30+00:00,LOCO_02,LOCO_COUPLING_STARTED,collection1,,,,SCREW,1,2.0
9461.5,2025-12-07T13:41:30+00:00,LOCO_02,LOCO_COUPLING_COMPLETED,collection1,,,,SCREW,1,2.0
9461.5,2025-12-07T13:41:30+00:00,LOCO_02,SHUNTING_PREP,collection1,,,,,1,1.0
9462.5,2025-12-07T13:42:30+00:00,LOCO_02,MOVING,retrofit,collection1,retrofit,,,0,60.0
9522.5,2025-12-07T14:42:30+00:00,LOCO_02,LOCO_DECOUPLING_STARTED,retrofit,,,,SCREW,1,3.0
9525.5,2025-12-07T14:45:30+00:00,LOCO_02,MOVING,track_19,retrofit,track_19,,,0,0.0
9525.5,2025-12-07T14:45:30+00:00,LOCO_02,LOCO_DECOUPLING_COMPLETED,retrofit,,,,SCREW,1,3.0
9530.5,2025-12-07T14:50:30+00:00,LOCO_02,PARKING,,,,,,0,2.0
9532.5,2025-12-07T14:52:30+00:00,LOCO_02,MOVING,retrofit,track_19,retrofit,,,0,5.0
9537.5,2025-12-07T14:57:30+00:00,LOCO_02,COUPLING_STARTED,retrofit,,,,SCREW,0,2.0
9539.5,2025-12-07T14:59:30+00:00,LOCO_02,COUPLING_COMPLETED,retrofit,,,,SCREW,0,2.0
9539.5,2025-12-07T14:59:30+00:00,LOCO_02,SHUNTING_PREP,retrofit,,,,,0,1.0
9540.5,2025-12-07T15:00:30+00:00,LOCO_02,MOVING,WS_02,retrofit,WS_02,,,0,5.0
9545.5,2025-12-07T15:05:30+00:00,LOCO_02,DECOUPLING_STARTED,WS_02,,,,SCREW,0,3.0
9548.5,2025-12-07T15:08:30+00:00,LOCO_02,DECOUPLING_COMPLETED,WS_02,,,,SCREW,0,3.0
9551.5,2025-12-07T15:11:30+00:00,LOCO_02,MOVING,track_19,WS_02,track_19,,,0,5.0
9556.5,2025-12-07T15:16:30+00:00,LOCO_02,MOVING,WS_01,track_19,WS_01,,,0,5.0
9561.5,2025-12-07T15:21:30+00:00,LOCO_02,RAKE_COUPLING_STARTED,WS_01,,,,DAC,2,0.5
9562.0,2025-12-07T15:22:00+00:00,LOCO_02,RAKE_COUPLING_COMPLETED,WS_01,,,,DAC,2,0.5
9562.0,2025-12-07T15:22:00+00:00,LOCO_02,LOCO_COUPLING_STARTED,WS_01,,,,DAC,2,0.5
9562.5,2025-12-07T15:22:30+00:00,LOCO_02,LOCO_COUPLING_COMPLETED,WS_01,,,,DAC,2,0.5
9562.5,2025-12-07T15:22:30+00:00,LOCO_02,SHUNTING_PREP,WS_01,,,,,2,1.0
9563.5,2025-12-07T15:23:30+00:00,LOCO_02,MOVING,retrofitted,WS_01,retrofitted,,,0,5.0
9568.5,2025-12-07T15:28:30+00:00,LOCO_02,MOVING,track_19,retrofitted,track_19,,,0,5.0
9573.5,2025-12-07T15:33:30+00:00,LOCO_02,MOVING,collection1,track_19,collection1,,,0,60.0
9633.5,2025-12-07T16:33:30+00:00,LOCO_02,ALLOCATED,,,,batch_transport,,0,0.0
9633.5,2025-12-07T16:33:30+00:00,LOCO_02,RAKE_COUPLING_STARTED,collection1,,,,SCREW,2,2.0
9635.5,2025-12-07T16:35:30+00:00,LOCO_02,RAKE_COUPLING_COMPLETED,collection1,,,,SCREW,2,2.0
9635.5,2025-12-07T16:35:30+00:00,LOCO_02,LOCO_COUPLING_STARTED,collection1,,,,SCREW,2,2.0
9637.5,2025-12-07T16:37:30+00:00,LOCO_02,LOCO_COUPLING_COMPLETED,collection1,,,,SCREW,2,2.0
9637.5,2025-12-07T16:37:30+00:00,LOCO_02,SHUNTING_PREP,collection1,,,,,2,1.0
9638.5,2025-12-07T16:38:30+00:00,LOCO_02,MOVING,retrofit,collection1,retrofit,,,0,60.0
9698.5,2025-12-07T17:38:30+00:00,LOCO_02,LOCO_DECOUPLING_STARTED,retrofit,,,,SCREW,2,3.0
9701.5,2025-12-07T17:41:30+00:00,LOCO_02,LOCO_DECOUPLING_COMPLETED,retrofit,,,,SCREW,2,3.0
9701.5,2025-12-07T17:41:30+00:00,LOCO_02,RAKE_DECOUPLING_STARTED,retrofit,,,,SCREW,2,3.0
9704.5,2025-12-07T17:44:30+00:00,LOCO_02,RAKE_DECOUPLING_COMPLETED,retrofit,,,,SCREW,2,3.0
9707.5,2025-12-07T17:47:30+00:00,LOCO_02,MOVING,track_19,retrofit,track_19,,,0,5.0
9712.5,2025-12-07T17:52:30+00:00,LOCO_02,PARKING,,,,,,0,2.0
9714.5,2025-12-07T17:54:30+00:00,LOCO_02,MOVING,retrofit,track_19,retrofit,,,0,5.0
9719.5,2025-12-07T17:59:30+00:00,LOCO_02,COUPLING_STARTED,retrofit,,,,SCREW,0,2.0
9721.5,2025-12-07T18:01:30+00:00,LOCO_02,COUPLING_COMPLETED,retrofit,,,,SCREW,0,2.0
9721.5,2025-12-07T18:01:30+00:00,LOCO_02,SHUNTING_PREP,retrofit,,,,,0,1.0
9722.5,2025-12-07T18:02:30+00:00,LOCO_02,MOVING,WS_02,retrofit,WS_02,,,0,5.0
9727.5,2025-12-07T18:07:30+00:00,LOCO_02,DECOUPLING_STARTED,WS_02,,,,SCREW,0,3.0
9730.5,2025-12-07T18:10:30+00:00,LOCO_02,DECOUPLING_COMPLETED,WS_02,,,,SCREW,0,3.0
9733.5,2025-12-07T18:13:30+00:00,LOCO_02,MOVING,track_19,WS_02,track_19,,,0,5.0
9738.5,2025-12-07T18:18:30+00:00,LOCO_02,ALLOCATED,,,,batch_transport,,0,0.0
9738.5,2025-12-07T18:18:30+00:00,LOCO_02,MOVING,retrofitted,track_19,retrofitted,,,0,5.0
9743.5,2025-12-07T18:23:30+00:00,LOCO_02,RAKE_COUPLING_STARTED,retrofitted,,,,DAC,4,1.5
9745.0,2025-12-07T18:25:00+00:00,LOCO_02,RAKE_COUPLING_COMPLETED,retrofitted,,,,DAC,4,1.5
9745.0,2025-12-07T18:25:00+00:00,LOCO_02,LOCO_COUPLING_STARTED,retrofitted,,,,DAC,4,0.5
9745.5,2025-12-07T18:25:30+00:00,LOCO_02,LOCO_COUPLING_COMPLETED,retrofitted,,,,DAC,4,0.5
9745.5,2025-12-07T18:25:30+00:00,LOCO_02,SHUNTING_PREP,retrofitted,,,,,4,1.0
9746.5,2025-12-07T18:26:30+00:00,LOCO_02,MOVING,parking10,retrofitted,parking10,,,0,60.0
9806.5,2025-12-07T19:26:30+00:00,LOCO_02,LOCO_DECOUPLING_STARTED,parking10,,,,DAC,4,0.5
9807.0,2025-12-07T19:27:00+00:00,LOCO_02,LOCO_DECOUPLING_COMPLETED,parking10,,,,DAC,4,0.5
9807.0,2025-12-07T19:27:00+00:00,LOCO_02,RAKE_DECOUPLING_STARTED,parking10,,,,DAC,4,1.5
9808.5,2025-12-07T19:28:30+00:00,LOCO_02,RAKE_DECOUPLING_COMPLETED,parking10,,,,DAC,4,1.5
9810.0,2025-12-07T19:30:00+00:00,LOCO_02,MOVING,track_19,parking10,track_19,,,0,60.0
9870.0,2025-12-07T20:30:00+00:00,LOCO_02,MOVING,WS_01,track_19,WS_01,,,0,5.0
9875.0,2025-12-07T20:35:00+00:00,LOCO_02,RAKE_COUPLING_STARTED,WS_01,,,,DAC,2,0.5
9875.5,2025-12-07T20:35:30+00:00,LOCO_02,RAKE_COUPLING_COMPLETED,WS_01,,,,DAC,2,0.5
9875.5,2025-12-07T20:35:30+00:00,LOCO_02,LOCO_COUPLING_STARTED,WS_01,,,,DAC,2,0.5
9876.0,2025-12-07T20:36:00+00:00,LOCO_02,LOCO_COUPLING_COMPLETED,WS_01,,,,DAC,2,0.5
9876.0,2025-12-07T20:36:00+00:00,LOCO_02,SHUNTING_PREP,WS_01,,,,,2,1.0
9877.0,2025-12-07T20:37:00+00:00,LOCO_02,MOVING,retrofitted,WS_01,retrofitted,,,0,5.0
9882.0,2025-12-07T20:42:00+00:00,LOCO_02,MOVING,track_19,retrofitted,track_19,,,0,5.0
9887.0,2025-12-07T20:47:00+00:00,LOCO_02,MOVING,WS_02,track_19,WS_02,,,0,5.0
9892.0,2025-12-07T20:52:00+00:00,LOCO_02,RAKE_COUPLING_STARTED,WS_02,,,,DAC,2,0.5
9892.5,2025-12-07T20:52:30+00:00,LOCO_02,RAKE_COUPLING_COMPLETED,WS_02,,,,DAC,2,0.5
9892.5,2025-12-07T20:52:30+00:00,LOCO_02,LOCO_COUPLING_STARTED,WS_02,,,,DAC,2,0.5
9893.0,2025-12-07T20:53:00+00:00,LOCO_02,LOCO_COUPLING_COMPLETED,WS_02,,,,DAC,2,0.5
9893.0,2025-12-07T20:53:00+00:00,LOCO_02,SHUNTING_PREP,WS_02,,,,,2,1.0
9894.0,2025-12-07T20:54:00+00:00,LOCO_02,MOVING,retrofitted,WS_02,retrofitted,,,0,5.0
9899.0,2025-12-07T20:59:00+00:00,LOCO_02,MOVING,track_19,retrofitted,track_19,,,0,7.0
9906.0,2025-12-07T21:06:00+00:00,LOCO_02,MOVING,retrofit,track_19,retrofit,,,0,5.0
9911.0,2025-12-07T21:11:00+00:00,LOCO_02,COUPLING_STARTED,retrofit,,,,SCREW,0,2.0
9913.0,2025-12-07T21:13:00+00:00,LOCO_02,COUPLING_COMPLETED,retrofit,,,,SCREW,0,2.0
9913.0,2025-12-07T21:13:00+00:00,LOCO_02,SHUNTING_PREP,retrofit,,,,,0,1.0
9914.0,2025-12-07T21:14:00+00:00,LOCO_02,MOVING,WS_01,retrofit,WS_01,,,0,5.0
9919.0,2025-12-07T21:19:00+00:00,LOCO_02,DECOUPLING_STARTED,WS_01,,,,SCREW,0,3.0
9922.0,2025-12-07T21:22:00+00:00,LOCO_02,DECOUPLING_COMPLETED,WS_01,,,,SCREW,0,3.0
9925.0,2025-12-07T21:25:00+00:00,LOCO_02,MOVING,track_19,WS_01,track_19,,,0,7.0
9932.0,2025-12-07T21:32:00+00:00,LOCO_02,MOVING,retrofit,track_19,retrofit,,,0,5.0
9937.0,2025-12-07T21:37:00+00:00,LOCO_02,COUPLING_STARTED,retrofit,,,,SCREW,0,2.0
9939.0,2025-12-07T21:39:00+00:00,LOCO_02,COUPLING_COMPLETED,retrofit,,,,SCREW,0,2.0
9939.0,2025-12-07T21:39:00+00:00,LOCO_02,SHUNTING_PREP,retrofit,,,,,0,1.0
9940.0,2025-12-07T21:40:00+00:00,LOCO_02,MOVING,WS_02,retrofit,WS_02,,,0,5.0
9945.0,2025-12-07T21:45:00+00:00,LOCO_02,DECOUPLING_STARTED,WS_02,,,,SCREW,0,3.0
9948.0,2025-12-07T21:48:00+00:00,LOCO_02,DECOUPLING_COMPLETED,WS_02,,,,SCREW,0,3.0
9951.0,2025-12-07T21:51:00+00:00,LOCO_02,MOVING,track_19,WS_02,track_19,,,0,5.0
9956.0,2025-12-07T21:56:00+00:00,LOCO_02,MOVING,collection1,track_19,collection1,,,0,60.0
10016.0,2025-12-07T22:56:00+00:00,LOCO_02,ALLOCATED,,,,batch_transport,,0,0.0
10016.0,2025-12-07T22:56:00+00:00,LOCO_02,RAKE_COUPLING_STARTED,collection1,,,,SCREW,3,4.0
10020.0,2025-12-07T23:00:00+00:00,LOCO_02,RAKE_COUPLING_COMPLETED,collection1,,,,SCREW,3,4.0
10020.0,2025-12-07T23:00:00+00:00,LOCO_02,LOCO_COUPLING_STARTED,collection1,,,,SCREW,3,2.0
10022.0,2025-12-07T23:02:00+00:00,LOCO_02,LOCO_COUPLING_COMPLETED,collection1,,,,SCREW,3,2.0
10022.0,2025-12-07T23:02:00+00:00,LOCO_02,SHUNTING_PREP,collection1,,,,,3,1.0
10023.0,2025-12-07T23:03:00+00:00,LOCO_02,MOVING,retrofit,collection1,retrofit,,,0,60.0
10083.0,2025-12-08T00:03:00+00:00,LOCO_02,LOCO_DECOUPLING_STARTED,retrofit,,,,SCREW,3,3.0
10086.0,2025-12-08T00:06:00+00:00,LOCO_02,LOCO_DECOUPLING_COMPLETED,retrofit,,,,SCREW,3,3.0
10086.0,2025-12-08T00:06:00+00:00,LOCO_02,RAKE_DECOUPLING_STARTED,retrofit,,,,SCREW,3,6.0
10092.0,2025-12-08T00:12:00+00:00,LOCO_02,RAKE_DECOUPLING_COMPLETED,retrofit,,,,SCREW,3,6.0
10098.0,2025-12-08T00:18:00+00:00,LOCO_02,MOVING,track_19,retrofit,track_19,,,0,5.0
10103.0,2025-12-08T00:23:00+00:00,LOCO_02,PARKING,,,,,,0,0.0
10103.0,2025-12-08T00:23:00+00:00,LOCO_02,MOVING,collection2,track_19,collection2,,,0,60.0
10163.0,2025-12-08T01:23:00+00:00,LOCO_02,ALLOCATED,,,,batch_transport,,0,0.0
10163.0,2025-12-08T01:23:00+00:00,LOCO_02,LOCO_COUPLING_STARTED,collection2,,,,SCREW,1,2.0
10165.0,2025-12-08T01:25:00+00:00,LOCO_02,LOCO_COUPLING_COMPLETED,collection2,,,,SCREW,1,2.0
10165.0,2025-12-08T01:25:00+00:00,LOCO_02,SHUNTING_PREP,collection2,,,,,1,1.0
10166.0,2025-12-08T01:26:00+00:00,LOCO_02,MOVING,retrofit,collection2,retrofit,,,0,60.0
10226.0,2025-12-08T02:26:00+00:00,LOCO_02,LOCO_DECOUPLING_STARTED,retrofit,,,,SCREW,1,3.0
10229.0,2025-12-08T02:29:00+00:00,LOCO_02,MOVING,track_19,retrofit,track_19,,,0,0.0
10229.0,2025-12-08T02:29:00+00:00,LOCO_02,LOCO_DECOUPLING_COMPLETED,retrofit,,,,SCREW,1,3.0
10234.0,2025-12-08T02:34:00+00:00,LOCO_02,PARKING,,,,,,0,0.0
10234.0,2025-12-08T02:34:00+00:00,LOCO_02,MOVING,WS_01,track_19,WS_01,,,0,5.0
10239.0,2025-12-08T02:39:00+00:00,LOCO_02,RAKE_COUPLING_STARTED,WS_01,,,,DAC,2,0.5
10239.5,2025-12-08T02:39:30+00:00,LOCO_02,RAKE_COUPLING_COMPLETED,WS_01,,,,DAC,2,0.5
10239.5,2025-12-08T02:39:30+00:00,LOCO_02,LOCO_COUPLING_STARTED,WS_01,,,,DAC,2,0.5
10240.0,2025-12-08T02:40:00+00:00,LOCO_02,LOCO_COUPLING_COMPLETED,WS_01,,,,DAC,2,0.5
10240.0,2025-12-08T02:40:00+00:00,LOCO_02,SHUNTING_PREP,WS_01,,,,,2,1.0
10241.0,2025-12-08T02:41:00+00:00,LOCO_02,MOVING,retrofitted,WS_01,retrofitted,,,0,5.0
10246.0,2025-12-08T02:46:00+00:00,LOCO_02,MOVING,track_19,retrofitted,track_19,,,0,5.0
10251.0,2025-12-08T02:51:00+00:00,LOCO_02,ALLOCATED,,,,batch_transport,,0,0.0
10251.0,2025-12-08T02:51:00+00:00,LOCO_02,MOVING,retrofitted,track_19,retrofitted,,,0,5.0
10256.0,2025-12-08T02:56:00+00:00,LOCO_02,RAKE_COUPLING_STARTED,retrofitted,,,,DAC,4,1.5
10257.5,2025-12-08T02:57:30+00:00,LOCO_02,RAKE_COUPLING_COMPLETED,retrofitted,,,,DAC,4,1.5
10257.5,2025-12-08T02:57:30+00:00,LOCO_02,LOCO_COUPLING_STARTED,retrofitted,,,,DAC,4,0.5
10258.0,2025-12-08T02:58:00+00:00,LOCO_02,LOCO_COUPLING_COMPLETED,retrofitted,,,,DAC,4,0.5
10258.0,2025-12-08T02:58:00+00:00,LOCO_02,SHUNTING_PREP,retrofitted,,,,,4,1.0
10259.0,2025-12-08T02:59:00+00:00,LOCO_02,MOVING,parking12,retrofitted,parking12,,,0,60.0
10319.0,2025-12-08T03:59:00+00:00,LOCO_02,LOCO_DECOUPLING_STARTED,parking12,,,,DAC,4,0.5
10319.5,2025-12-08T03:59:30+00:00,LOCO_02,LOCO_DECOUPLING_COMPLETED,parking12,,,,DAC,4,0.5
10319.5,2025-12-08T03:59:30+00:00,LOCO_02,RAKE_DECOUPLING_STARTED,parking12,,,,DAC,4,1.5
10321.0,2025-12-08T04:01:00+00:00,LOCO_02,RAKE_DECOUPLING_COMPLETED,parking12,,,,DAC,4,1.5
10322.5,2025-12-08T04:02:30+00:00,LOCO_02,MOVING,track_19,parking12,track_19,,,0,60.0
10382.5,2025-12-08T05:02:30+00:00,LOCO_02,MOVING,collection1,track_19,collection1,,,0,60.0
10442.5,2025-12-08T06:02:30+00:00,LOCO_02,ALLOCATED,,,,batch_transport,,0,0.0
10442.5,2025-12-08T06:02:30+00:00,LOCO_02,RAKE_COUPLING_STARTED,collection1,,,,SCREW,2,2.0
10444.5,2025-12-08T06:04:30+00:00,LOCO_02,RAKE_COUPLING_COMPLETED,collection1,,,,SCREW,2,2.0
10444.5,2025-12-08T06:04:30+00:00,LOCO_02,LOCO_COUPLING_STARTED,collection1,,,,SCREW,2,2.0
10446.5,2025-12-08T06:06:30+00:00,LOCO_02,LOCO_COUPLING_COMPLETED,collection1,,,,SCREW,2,2.0
10446.5,2025-12-08T06:06:30+00:00,LOCO_02,SHUNTING_PREP,collection1,,,,,2,1.0
10447.5,2025-12-08T06:07:30+00:00,LOCO_02,MOVING,retrofit,collection1,retrofit,,,0,60.0
10507.5,2025-12-08T07:07:30+00:00,LOCO_02,LOCO_DECOUPLING_STARTED,retrofit,,,,SCREW,2,3.0
10510.5,2025-12-08T07:10:30+00:00,LOCO_02,LOCO_DECOUPLING_COMPLETED,retrofit,,,,SCREW,2,3.0
10510.5,2025-12-08T07:10:30+00:00,LOCO_02,RAKE_DECOUPLING_STARTED,retrofit,,,,SCREW,2,3.0
10513.5,2025-12-08T07:13:30+00:00,LOCO_02,RAKE_DECOUPLING_COMPLETED,retrofit,,,,SCREW,2,3.0
10516.5,2025-12-08T07:16:30+00:00,LOCO_02,MOVING,track_19,retrofit,track_19,,,0,5.0
10521.5,2025-12-08T07:21:30+00:00,LOCO_02,PARKING,,,,,,0,2.0
10523.5,2025-12-08T07:23:30+00:00,LOCO_02,MOVING,retrofit,track_19,retrofit,,,0,5.0
10528.5,2025-12-08T07:28:30+00:00,LOCO_02,COUPLING_STARTED,retrofit,,,,SCREW,0,2.0
10530.5,2025-12-08T07:30:30+00:00,LOCO_02,COUPLING_COMPLETED,retrofit,,,,SCREW,0,2.0
10530.5,2025-12-08T07:30:30+00:00,LOCO_02,SHUNTING_PREP,retrofit,,,,,0,1.0
10531.5,2025-12-08T07:31:30+00:00,LOCO_02,MOVING,WS_01,retrofit,WS_01,,,0,5.0
10536.5,2025-12-08T07:36:30+00:00,LOCO_02,DECOUPLING_STARTED,WS_01,,,,SCREW,0,3.0
10539.5,2025-12-08T07:39:30+00:00,LOCO_02,DECOUPLING_COMPLETED,WS_01,,,,SCREW,0,3.0
10542.5,2025-12-08T07:42:30+00:00,LOCO_02,MOVING,track_19,WS_01,track_19,,,0,5.0
10547.5,2025-12-08T07:47:30+00:00,LOCO_02,ALLOCATED,,,,batch_transport,,0,0.0
10547.5,2025-12-08T07:47:30+00:00,LOCO_02,MOVING,retrofitted,track_19,retrofitted,,,0,5.0
10552.5,2025-12-08T07:52:30+00:00,LOCO_02,RAKE_COUPLING_STARTED,retrofitted,,,,DAC,6,2.5
10555.0,2025-12-08T07:55:00+00:00,LOCO_02,RAKE_COUPLING_COMPLETED,retrofitted,,,,DAC,6,2.5
10555.0,2025-12-08T07:55:00+00:00,LOCO_02,LOCO_COUPLING_STARTED,retrofitted,,,,DAC,6,0.5
10555.5,2025-12-08T07:55:30+00:00,LOCO_02,LOCO_COUPLING_COMPLETED,retrofitted,,,,DAC,6,0.5
10555.5,2025-12-08T07:55:30+00:00,LOCO_02,SHUNTING_PREP,retrofitted,,,,,6,1.0
10556.5,2025-12-08T07:56:30+00:00,LOCO_02,MOVING,parking15,retrofitted,parking15,,,0,75.0
10631.5,2025-12-08T09:11:30+00:00,LOCO_02,LOCO_DECOUPLING_STARTED,parking15,,,,DAC,6,0.5
10632.0,2025-12-08T09:12:00+00:00,LOCO_02,LOCO_DECOUPLING_COMPLETED,parking15,,,,DAC,6,0.5
10632.0,2025-12-08T09:12:00+00:00,LOCO_02,RAKE_DECOUPLING_STARTED,parking15,,,,DAC,6,2.5
10634.5,2025-12-08T09:14:30+00:00,LOCO_02,RAKE_DECOUPLING_COMPLETED,parking15,,,,DAC,6,2.5
10637.0,2025-12-08T09:17:00+00:00,LOCO_02,MOVING,track_19,parking15,track_19,,,0,60.0
10697.0,2025-12-08T10:17:00+00:00,LOCO_02,MOVING,WS_02,track_19,WS_02,,,0,5.0
10702.0,2025-12-08T10:22:00+00:00,LOCO_02,RAKE_COUPLING_STARTED,WS_02,,,,DAC,2,0.5
10702.5,2025-12-08T10:22:30+00:00,LOCO_02,RAKE_COUPLING_COMPLETED,WS_02,,,,DAC,2,0.5
10702.5,2025-12-08T10:22:30+00:00,LOCO_02,LOCO_COUPLING_STARTED,WS_02,,,,DAC,2,0.5
10703.0,2025-12-08T10:23:00+00:00,LOCO_02,LOCO_COUPLING_COMPLETED,WS_02,,,,DAC,2,0.5
10703.0,2025-12-08T10:23:00+00:00,LOCO_02,SHUNTING_PREP,WS_02,,,,,2,1.0
10704.0,2025-12-08T10:24:00+00:00,LOCO_02,MOVING,retrofitted,WS_02,retrofitted,,,0,5.0
10709.0,2025-12-08T10:29:00+00:00,LOCO_02,MOVING,track_19,retrofitted,track_19,,,0,5.0
10714.0,2025-12-08T10:34:00+00:00,LOCO_02,MOVING,WS_01,track_19,WS_01,,,0,5.0
10719.0,2025-12-08T10:39:00+00:00,LOCO_02,RAKE_COUPLING_STARTED,WS_01,,,,DAC,2,0.5
10719.5,2025-12-08T10:39:30+00:00,LOCO_02,RAKE_COUPLING_COMPLETED,WS_01,,,,DAC,2,0.5
10719.5,2025-12-08T10:39:30+00:00,LOCO_02,LOCO_COUPLING_STARTED,WS_01,,,,DAC,2,0.5
10720.0,2025-12-08T10:40:00+00:00,LOCO_02,LOCO_COUPLING_COMPLETED,WS_01,,,,DAC,2,0.5
10720.0,2025-12-08T10:40:00+00:00,LOCO_02,SHUNTING_PREP,WS_01,,,,,2,1.0
10721.0,2025-12-08T10:41:00+00:00,LOCO_02,MOVING,retrofitted,WS_01,retrofitted,,,0,5.0
10726.0,2025-12-08T10:46:00+00:00,LOCO_02,MOVING,track_19,retrofitted,track_19,,,0,7.0
10733.0,2025-12-08T10:53:00+00:00,LOCO_02,MOVING,retrofit,track_19,retrofit,,,0,5.0
10738.0,2025-12-08T10:58:00+00:00,LOCO_02,COUPLING_STARTED,retrofit,,,,SCREW,0,2.0
10740.0,2025-12-08T11:00:00+00:00,LOCO_02,COUPLING_COMPLETED,retrofit,,,,SCREW,0,2.0
10740.0,2025-12-08T11:00:00+00:00,LOCO_02,SHUNTING_PREP,retrofit,,,,,0,1.0
10741.0,2025-12-08T11:01:00+00:00,LOCO_02,MOVING,WS_02,retrofit,WS_02,,,0,5.0
10746.0,2025-12-08T11:06:00+00:00,LOCO_02,DECOUPLING_STARTED,WS_02,,,,SCREW,0,3.0
10749.0,2025-12-08T11:09:00+00:00,LOCO_02,DECOUPLING_COMPLETED,WS_02,,,,SCREW,0,3.0
10752.0,2025-12-08T11:12:00+00:00,LOCO_02,MOVING,track_19,WS_02,track_19,,,0,5.0
10757.0,2025-12-08T11:17:00+00:00,LOCO_02,MOVING,collection2,track_19,collection2,,,0,60.0
10817.0,2025-12-08T12:17:00+00:00,LOCO_02,ALLOCATED,,,,batch_transport,,0,0.0
10817.0,2025-12-08T12:17:00+00:00,LOCO_02,LOCO_COUPLING_STARTED,collection2,,,,SCREW,1,2.0
10819.0,2025-12-08T12:19:00+00:00,LOCO_02,LOCO_COUPLING_COMPLETED,collection2,,,,SCREW,1,2.0
10819.0,2025-12-08T12:19:00+00:00,LOCO_02,SHUNTING_PREP,collection2,,,,,1,1.0
10820.0,2025-12-08T12:20:00+00:00,LOCO_02,MOVING,retrofit,collection2,retrofit,,,0,60.0
10880.0,2025-12-08T13:20:00+00:00,LOCO_02,LOCO_DECOUPLING_STARTED,retrofit,,,,SCREW,1,3.0
10883.0,2025-12-08T13:23:00+00:00,LOCO_02,MOVING,track_19,retrofit,track_19,,,0,0.0
10883.0,2025-12-08T13:23:00+00:00,LOCO_02,LOCO_DECOUPLING_COMPLETED,retrofit,,,,SCREW,1,3.0
10888.0,2025-12-08T13:28:00+00:00,LOCO_02,PARKING,,,,,,0,2.0
10890.0,2025-12-08T13:30:00+00:00,LOCO_02,MOVING,retrofit,track_19,retrofit,,,0,5.0
10895.0,2025-12-08T13:35:00+00:00,LOCO_02,COUPLING_STARTED,retrofit,,,,SCREW,0,2.0
10897.0,2025-12-08T13:37:00+00:00,LOCO_02,COUPLING_COMPLETED,retrofit,,,,SCREW,0,2.0
10897.0,2025-12-08T13:37:00+00:00,LOCO_02,SHUNTING_PREP,retrofit,,,,,0,1.0
10898.0,2025-12-08T13:38:00+00:00,LOCO_02,MOVING,WS_02,retrofit,WS_02,,,0,5.0
10903.0,2025-12-08T13:43:00+00:00,LOCO_02,DECOUPLING_STARTED,WS_02,,,,SCREW,0,3.0
10906.0,2025-12-08T13:46:00+00:00,LOCO_02,DECOUPLING_COMPLETED,WS_02,,,,SCREW,0,3.0
10909.0,2025-12-08T13:49:00+00:00,LOCO_02,MOVING,track_19,WS_02,track_19,,,0,5.0
10914.0,2025-12-08T13:54:00+00:00,LOCO_02,ALLOCATED,,,,batch_transport,,0,0.0
10914.0,2025-12-08T13:54:00+00:00,LOCO_02,MOVING,retrofitted,track_19,retrofitted,,,0,5.0
10919.0,2025-12-08T13:59:00+00:00,LOCO_02,RAKE_COUPLING_STARTED,retrofitted,,,,DAC,4,1.5
10920.5,2025-12-08T14:00:30+00:00,LOCO_02,RAKE_COUPLING_COMPLETED,retrofitted,,,,DAC,4,1.5
10920.5,2025-12-08T14:00:30+00:00,LOCO_02,LOCO_COUPLING_STARTED,retrofitted,,,,DAC,4,0.5
10921.0,2025-12-08T14:01:00+00:00,LOCO_02,LOCO_COUPLING_COMPLETED,retrofitted,,,,DAC,4,0.5
10921.0,2025-12-08T14:01:00+00:00,LOCO_02,SHUNTING_PREP,retrofitted,,,,,4,1.0
10922.0,2025-12-08T14:02:00+00:00,LOCO_02,MOVING,parking16,retrofitted,parking16,,,0,120.0
11042.0,2025-12-08T16:02:00+00:00,LOCO_02,LOCO_DECOUPLING_STARTED,parking16,,,,DAC,4,0.5
11042.5,2025-12-08T16:02:30+00:00,LOCO_02,LOCO_DECOUPLING_COMPLETED,parking16,,,,DAC,4,0.5
11042.5,2025-12-08T16:02:30+00:00,LOCO_02,RAKE_DECOUPLING_STARTED,parking16,,,,DAC,4,1.5
11044.0,2025-12-08T16:04:00+00:00,LOCO_02,RAKE_DECOUPLING_COMPLETED,parking16,,,,DAC,4,1.5
11045.5,2025-12-08T16:05:30+00:00,LOCO_02,MOVING,track_19,parking16,track_19,,,0,60.0
11105.5,2025-12-08T17:05:30+00:00,LOCO_02,MOVING,collection1,track_19,collection1,,,0,60.0
11165.5,2025-12-08T18:05:30+00:00,LOCO_02,ALLOCATED,,,,batch_transport,,0,0.0
11165.5,2025-12-08T18:05:30+00:00,LOCO_02,LOCO_COUPLING_STARTED,collection1,,,,SCREW,1,2.0
11167.5,2025-12-08T18:07:30+00:00,LOCO_02,LOCO_COUPLING_COMPLETED,collection1,,,,SCREW,1,2.0
11167.5,2025-12-08T18:07:30+00:00,LOCO_02,SHUNTING_PREP,collection1,,,,,1,1.0
11168.5,2025-12-08T18:08:30+00:00,LOCO_02,MOVING,retrofit,collection1,retrofit,,,0,60.0
11228.5,2025-12-08T19:08:30+00:00,LOCO_02,LOCO_DECOUPLING_STARTED,retrofit,,,,SCREW,1,3.0
11231.5,2025-12-08T19:11:30+00:00,LOCO_02,MOVING,track_19,retrofit,track_19,,,0,0.0
11231.5,2025-12-08T19:11:30+00:00,LOCO_02,LOCO_DECOUPLING_COMPLETED,retrofit,,,,SCREW,1,3.0
11236.5,2025-12-08T19:16:30+00:00,LOCO_02,PARKING,,,,,,0,2.0
11238.5,2025-12-08T19:18:30+00:00,LOCO_02,MOVING,retrofit,track_19,retrofit,,,0,5.0
11243.5,2025-12-08T19:23:30+00:00,LOCO_02,COUPLING_STARTED,retrofit,,,,SCREW,0,2.0
11245.5,2025-12-08T19:25:30+00:00,LOCO_02,COUPLING_COMPLETED,retrofit,,,,SCREW,0,2.0
11245.5,2025-12-08T19:25:30+00:00,LOCO_02,SHUNTING_PREP,retrofit,,,,,0,1.0
11246.5,2025-12-08T19:26:30+00:00,LOCO_02,MOVING,WS_02,retrofit,WS_02,,,0,5.0
11251.5,2025-12-08T19:31:30+00:00,LOCO_02,DECOUPLING_STARTED,WS_02,,,,SCREW,0,3.0
11254.5,2025-12-08T19:34:30+00:00,LOCO_02,DECOUPLING_COMPLETED,WS_02,,,,SCREW,0,3.0
11257.5,2025-12-08T19:37:30+00:00,LOCO_02,MOVING,track_19,WS_02,track_19,,,0,5.0
11262.5,2025-12-08T19:42:30+00:00,LOCO_02,ALLOCATED,,,,batch_transport,,0,0.0
11262.5,2025-12-08T19:42:30+00:00,LOCO_02,MOVING,retrofitted,track_19,retrofitted,,,0,5.0
11267.5,2025-12-08T19:47:30+00:00,LOCO_02,RAKE_COUPLING_STARTED,retrofitted,,,,DAC,6,2.5
11270.0,2025-12-08T19:50:00+00:00,LOCO_02,RAKE_COUPLING_COMPLETED,retrofitted,,,,DAC,6,2.5
11270.0,2025-12-08T19:50:00+00:00,LOCO_02,LOCO_COUPLING_STARTED,retrofitted,,,,DAC,6,0.5
11270.5,2025-12-08T19:50:30+00:00,LOCO_02,LOCO_COUPLING_COMPLETED,retrofitted,,,,DAC,6,0.5
11270.5,2025-12-08T19:50:30+00:00,LOCO_02,SHUNTING_PREP,retrofitted,,,,,6,1.0
11271.5,2025-12-08T19:51:30+00:00,LOCO_02,MOVING,parking10,retrofitted,parking10,,,0,60.0
11331.5,2025-12-08T20:51:30+00:00,LOCO_02,LOCO_DECOUPLING_STARTED,parking10,,,,DAC,6,0.5
11332.0,2025-12-08T20:52:00+00:00,LOCO_02,LOCO_DECOUPLING_COMPLETED,parking10,,,,DAC,6,0.5
11332.0,2025-12-08T20:52:00+00:00,LOCO_02,RAKE_DECOUPLING_STARTED,parking10,,,,DAC,6,2.5
11334.5,2025-12-08T20:54:30+00:00,LOCO_02,RAKE_DECOUPLING_COMPLETED,parking10,,,,DAC,6,2.5
11337.0,2025-12-08T20:57:00+00:00,LOCO_02,MOVING,track_19,parking10,track_19,,,0,60.0
11397.0,2025-12-08T21:57:00+00:00,LOCO_02,MOVING,WS_01,track_19,WS_01,,,0,5.0
11402.0,2025-12-08T22:02:00+00:00,LOCO_02,RAKE_COUPLING_STARTED,WS_01,,,,DAC,2,0.5
11402.5,2025-12-08T22:02:30+00:00,LOCO_02,RAKE_COUPLING_COMPLETED,WS_01,,,,DAC,2,0.5
11402.5,2025-12-08T22:02:30+00:00,LOCO_02,LOCO_COUPLING_STARTED,WS_01,,,,DAC,2,0.5
11403.0,2025-12-08T22:03:00+00:00,LOCO_02,LOCO_COUPLING_COMPLETED,WS_01,,,,DAC,2,0.5
11403.0,2025-12-08T22:03:00+00:00,LOCO_02,SHUNTING_PREP,WS_01,,,,,2,1.0
11404.0,2025-12-08T22:04:00+00:00,LOCO_02,MOVING,retrofitted,WS_01,retrofitted,,,0,5.0
11409.0,2025-12-08T22:09:00+00:00,LOCO_02,MOVING,track_19,retrofitted,track_19,,,0,5.0
11414.0,2025-12-08T22:14:00+00:00,LOCO_02,MOVING,WS_02,track_19,WS_02,,,0,5.0
11419.0,2025-12-08T22:19:00+00:00,LOCO_02,RAKE_COUPLING_STARTED,WS_02,,,,DAC,2,0.5
11419.5,2025-12-08T22:19:30+00:00,LOCO_02,RAKE_COUPLING_COMPLETED,WS_02,,,,DAC,2,0.5
11419.5,2025-12-08T22:19:30+00:00,LOCO_02,LOCO_COUPLING_STARTED,WS_02,,,,DAC,2,0.5
11420.0,2025-12-08T22:20:00+00:00,LOCO_02,LOCO_COUPLING_COMPLETED,WS_02,,,,DAC,2,0.5
11420.0,2025-12-08T22:20:00+00:00,LOCO_02,SHUNTING_PREP,WS_02,,,,,2,1.0
11421.0,2025-12-08T22:21:00+00:00,LOCO_02,MOVING,retrofitted,WS_02,retrofitted,,,0,5.0
11426.0,2025-12-08T22:26:00+00:00,LOCO_02,MOVING,track_19,retrofitted,track_19,,,0,7.0
11433.0,2025-12-08T22:33:00+00:00,LOCO_02,MOVING,retrofit,track_19,retrofit,,,0,5.0
11438.0,2025-12-08T22:38:00+00:00,LOCO_02,COUPLING_STARTED,retrofit,,,,SCREW,0,2.0
11440.0,2025-12-08T22:40:00+00:00,LOCO_02,COUPLING_COMPLETED,retrofit,,,,SCREW,0,2.0
11440.0,2025-12-08T22:40:00+00:00,LOCO_02,SHUNTING_PREP,retrofit,,,,,0,1.0
11441.0,2025-12-08T22:41:00+00:00,LOCO_02,MOVING,WS_01,retrofit,WS_01,,,0,5.0
11446.0,2025-12-08T22:46:00+00:00,LOCO_02,DECOUPLING_STARTED,WS_01,,,,SCREW,0,3.0
11449.0,2025-12-08T22:49:00+00:00,LOCO_02,DECOUPLING_COMPLETED,WS_01,,,,SCREW,0,3.0
11452.0,2025-12-08T22:52:00+00:00,LOCO_02,MOVING,track_19,WS_01,track_19,,,0,5.0
11457.0,2025-12-08T22:57:00+00:00,LOCO_02,MOVING,collection2,track_19,collection2,,,0,60.0
11517.0,2025-12-08T23:57:00+00:00,LOCO_02,ALLOCATED,,,,batch_transport,,0,0.0
11517.0,2025-12-08T23:57:00+00:00,LOCO_02,LOCO_COUPLING_STARTED,collection2,,,,SCREW,1,2.0
11519.0,2025-12-08T23:59:00+00:00,LOCO_02,LOCO_COUPLING_COMPLETED,collection2,,,,SCREW,1,2.0
11519.0,2025-12-08T23:59:00+00:00,LOCO_02,SHUNTING_PREP,collection2,,,,,1,1.0
11520.0,2025-12-09T00:00:00+00:00,LOCO_02,MOVING,retrofit,collection2,retrofit,,,0,60.0
11580.0,2025-12-09T01:00:00+00:00,LOCO_02,LOCO_DECOUPLING_STARTED,retrofit,,,,SCREW,1,3.0
11583.0,2025-12-09T01:03:00+00:00,LOCO_02,MOVING,track_19,retrofit,track_19,,,0,0.0
11583.0,2025-12-09T01:03:00+00:00,LOCO_02,LOCO_DECOUPLING_COMPLETED,retrofit,,,,SCREW,1,3.0
11588.0,2025-12-09T01:08:00+00:00,LOCO_02,PARKING,,,,,,0,0.0
11588.0,2025-12-09T01:08:00+00:00,LOCO_02,MOVING,collection1,track_19,collection1,,,0,60.0
11648.0,2025-12-09T02:08:00+00:00,LOCO_02,ALLOCATED,,,,batch_transport,,0,0.0
11648.0,2025-12-09T02:08:00+00:00,LOCO_02,RAKE_COUPLING_STARTED,collection1,,,,SCREW,3,4.0
11652.0,2025-12-09T02:12:00+00:00,LOCO_02,RAKE_COUPLING_COMPLETED,collection1,,,,SCREW,3,4.0
11652.0,2025-12-09T02:12:00+00:00,LOCO_02,LOCO_COUPLING_STARTED,collection1,,,,SCREW,3,2.0
11654.0,2025-12-09T02:14:00+00:00,LOCO_02,LOCO_COUPLING_COMPLETED,collection1,,,,SCREW,3,2.0
11654.0,2025-12-09T02:14:00+00:00,LOCO_02,SHUNTING_PREP,collection1,,,,,3,1.0
11655.0,2025-12-09T02:15:00+00:00,LOCO_02,MOVING,retrofit,collection1,retrofit,,,0,60.0
11715.0,2025-12-09T03:15:00+00:00,LOCO_02,LOCO_DECOUPLING_STARTED,retrofit,,,,SCREW,3,3.0
11718.0,2025-12-09T03:18:00+00:00,LOCO_02,LOCO_DECOUPLING_COMPLETED,retrofit,,,,SCREW,3,3.0
11718.0,2025-12-09T03:18:00+00:00,LOCO_02,RAKE_DECOUPLING_STARTED,retrofit,,,,SCREW,3,6.0
11724.0,2025-12-09T03:24:00+00:00,LOCO_02,RAKE_DECOUPLING_COMPLETED,retrofit,,,,SCREW,3,6.0
11730.0,2025-12-09T03:30:00+00:00,LOCO_02,MOVING,track_19,retrofit,track_19,,,0,5.0
11735.0,2025-12-09T03:35:00+00:00,LOCO_02,PARKING,,,,,,0,2.0
11737.0,2025-12-09T03:37:00+00:00,LOCO_02,MOVING,retrofit,track_19,retrofit,,,0,5.0
11742.0,2025-12-09T03:42:00+00:00,LOCO_02,COUPLING_STARTED,retrofit,,,,SCREW,0,2.0
11744.0,2025-12-09T03:44:00+00:00,LOCO_02,COUPLING_COMPLETED,retrofit,,,,SCREW,0,2.0
11744.0,2025-12-09T03:44:00+00:00,LOCO_02,SHUNTING_PREP,retrofit,,,,,0,1.0
11745.0,2025-12-09T03:45:00+00:00,LOCO_02,MOVING,WS_02,retrofit,WS_02,,,0,5.0
11750.0,2025-12-09T03:50:00+00:00,LOCO_02,DECOUPLING_STARTED,WS_02,,,,SCREW,0,3.0
11753.0,2025-12-09T03:53:00+00:00,LOCO_02,DECOUPLING_COMPLETED,WS_02,,,,SCREW,0,3.0
11756.0,2025-12-09T03:56:00+00:00,LOCO_02,MOVING,track_19,WS_02,track_19,,,0,5.0
11761.0,2025-12-09T04:01:00+00:00,LOCO_02,MOVING,WS_01,track_19,WS_01,,,0,5.0
11766.0,2025-12-09T04:06:00+00:00,LOCO_02,RAKE_COUPLING_STARTED,WS_01,,,,DAC,2,0.5
11766.5,2025-12-09T04:06:30+00:00,LOCO_02,RAKE_COUPLING_COMPLETED,WS_01,,,,DAC,2,0.5
11766.5,2025-12-09T04:06:30+00:00,LOCO_02,LOCO_COUPLING_STARTED,WS_01,,,,DAC,2,0.5
11767.0,2025-12-09T04:07:00+00:00,LOCO_02,LOCO_COUPLING_COMPLETED,WS_01,,,,DAC,2,0.5
11767.0,2025-12-09T04:07:00+00:00,LOCO_02,SHUNTING_PREP,WS_01,,,,,2,1.0
11768.0,2025-12-09T04:08:00+00:00,LOCO_02,MOVING,retrofitted,WS_01,retrofitted,,,0,5.0
11773.0,2025-12-09T04:13:00+00:00,LOCO_02,MOVING,track_19,retrofitted,track_19,,,0,5.0
11778.0,2025-12-09T04:18:00+00:00,LOCO_02,MOVING,collection1,track_19,collection1,,,0,60.0
11838.0,2025-12-09T05:18:00+00:00,LOCO_02,ALLOCATED,,,,batch_transport,,0,0.0
11838.0,2025-12-09T05:18:00+00:00,LOCO_02,RAKE_COUPLING_STARTED,collection1,,,,SCREW,4,6.0
11844.0,2025-12-09T05:24:00+00:00,LOCO_02,RAKE_COUPLING_COMPLETED,collection1,,,,SCREW,4,6.0
11844.0,2025-12-09T05:24:00+00:00,LOCO_02,LOCO_COUPLING_STARTED,collection1,,,,SCREW,4,2.0
11846.0,2025-12-09T05:26:00+00:00,LOCO_02,LOCO_COUPLING_COMPLETED,collection1,,,,SCREW,4,2.0
11846.0,2025-12-09T05:26:00+00:00,LOCO_02,SHUNTING_PREP,collection1,,,,,4,1.0
11847.0,2025-12-09T05:27:00+00:00,LOCO_02,MOVING,retrofit,collection1,retrofit,,,0,60.0
11907.0,2025-12-09T06:27:00+00:00,LOCO_02,LOCO_DECOUPLING_STARTED,retrofit,,,,SCREW,4,3.0
11910.0,2025-12-09T06:30:00+00:00,LOCO_02,LOCO_DECOUPLING_COMPLETED,retrofit,,,,SCREW,4,3.0
11910.0,2025-12-09T06:30:00+00:00,LOCO_02,RAKE_DECOUPLING_STARTED,retrofit,,,,SCREW,4,9.0
11919.0,2025-12-09T06:39:00+00:00,LOCO_02,RAKE_DECOUPLING_COMPLETED,retrofit,,,,SCREW,4,9.0
11928.0,2025-12-09T06:48:00+00:00,LOCO_02,MOVING,track_19,retrofit,track_19,,,0,5.0
11933.0,2025-12-09T06:53:00+00:00,LOCO_02,PARKING,,,,,,0,0.0
11933.0,2025-12-09T06:53:00+00:00,LOCO_02,MOVING,collection2,track_19,collection2,,,0,60.0
11993.0,2025-12-09T07:53:00+00:00,LOCO_02,ALLOCATED,,,,batch_transport,,0,0.0
11993.0,2025-12-09T07:53:00+00:00,LOCO_02,RAKE_COUPLING_STARTED,collection2,,,,SCREW,2,2.0
11995.0,2025-12-09T07:55:00+00:00,LOCO_02,RAKE_COUPLING_COMPLETED,collection2,,,,SCREW,2,2.0
11995.0,2025-12-09T07:55:00+00:00,LOCO_02,LOCO_COUPLING_STARTED,collection2,,,,SCREW,2,2.0
11997.0,2025-12-09T07:57:00+00:00,LOCO_02,LOCO_COUPLING_COMPLETED,collection2,,,,SCREW,2,2.0
11997.0,2025-12-09T07:57:00+00:00,LOCO_02,SHUNTING_PREP,collection2,,,,,2,1.0
11998.0,2025-12-09T07:58:00+00:00,LOCO_02,MOVING,retrofit,collection2,retrofit,,,0,60.0
12058.0,2025-12-09T08:58:00+00:00,LOCO_02,LOCO_DECOUPLING_STARTED,retrofit,,,,SCREW,2,3.0
12061.0,2025-12-09T09:01:00+00:00,LOCO_02,LOCO_DECOUPLING_COMPLETED,retrofit,,,,SCREW,2,3.0
12061.0,2025-12-09T09:01:00+00:00,LOCO_02,RAKE_DECOUPLING_STARTED,retrofit,,,,SCREW,2,3.0
12064.0,2025-12-09T09:04:00+00:00,LOCO_02,RAKE_DECOUPLING_COMPLETED,retrofit,,,,SCREW,2,3.0
12067.0,2025-12-09T09:07:00+00:00,LOCO_02,MOVING,track_19,retrofit,track_19,,,0,5.0
12072.0,2025-12-09T09:12:00+00:00,LOCO_02,PARKING,,,,,,0,2.0
12074.0,2025-12-09T09:14:00+00:00,LOCO_02,MOVING,retrofit,track_19,retrofit,,,0,5.0
12079.0,2025-12-09T09:19:00+00:00,LOCO_02,COUPLING_STARTED,retrofit,,,,SCREW,0,2.0
12081.0,2025-12-09T09:21:00+00:00,LOCO_02,COUPLING_COMPLETED,retrofit,,,,SCREW,0,2.0
12081.0,2025-12-09T09:21:00+00:00,LOCO_02,SHUNTING_PREP,retrofit,,,,,0,1.0
12082.0,2025-12-09T09:22:00+00:00,LOCO_02,MOVING,WS_01,retrofit,WS_01,,,0,5.0
12087.0,2025-12-09T09:27:00+00:00,LOCO_02,DECOUPLING_STARTED,WS_01,,,,SCREW,0,3.0
12090.0,2025-12-09T09:30:00+00:00,LOCO_02,DECOUPLING_COMPLETED,WS_01,,,,SCREW,0,3.0
12093.0,2025-12-09T09:33:00+00:00,LOCO_02,MOVING,track_19,WS_01,track_19,,,0,5.0
12098.0,2025-12-09T09:38:00+00:00,LOCO_02,ALLOCATED,,,,batch_transport,,0,0.0
12098.0,2025-12-09T09:38:00+00:00,LOCO_02,MOVING,retrofitted,track_19,retrofitted,,,0,5.0
12103.0,2025-12-09T09:43:00+00:00,LOCO_02,RAKE_COUPLING_STARTED,retrofitted,,,,DAC,6,2.5
12105.5,2025-12-09T09:45:30+00:00,LOCO_02,RAKE_COUPLING_COMPLETED,retrofitted,,,,DAC,6,2.5
12105.5,2025-12-09T09:45:30+00:00,LOCO_02,LOCO_COUPLING_STARTED,retrofitted,,,,DAC,6,0.5
12106.0,2025-12-09T09:46:00+00:00,LOCO_02,LOCO_COUPLING_COMPLETED,retrofitted,,,,DAC,6,0.5
12106.0,2025-12-09T09:46:00+00:00,LOCO_02,SHUNTING_PREP,retrofitted,,,,,6,1.0
12107.0,2025-12-09T09:47:00+00:00,LOCO_02,MOVING,parking12,retrofitted,parking12,,,0,60.0
12167.0,2025-12-09T10:47:00+00:00,LOCO_02,LOCO_DECOUPLING_STARTED,parking12,,,,DAC,6,0.5
12167.5,2025-12-09T10:47:30+00:00,LOCO_02,LOCO_DECOUPLING_COMPLETED,parking12,,,,DAC,6,0.5
12167.5,2025-12-09T10:47:30+00:00,LOCO_02,RAKE_DECOUPLING_STARTED,parking12,,,,DAC,6,2.5
12170.0,2025-12-09T10:50:00+00:00,LOCO_02,RAKE_DECOUPLING_COMPLETED,parking12,,,,DAC,6,2.5
12172.5,2025-12-09T10:52:30+00:00,LOCO_02,MOVING,track_19,parking12,track_19,,,0,60.0
12232.5,2025-12-09T11:52:30+00:00,LOCO_02,MOVING,WS_02,track_19,WS_02,,,0,5.0
12237.5,2025-12-09T11:57:30+00:00,LOCO_02,RAKE_COUPLING_STARTED,WS_02,,,,DAC,2,0.5
12238.0,2025-12-09T11:58:00+00:00,LOCO_02,RAKE_COUPLING_COMPLETED,WS_02,,,,DAC,2,0.5
12238.0,2025-12-09T11:58:00+00:00,LOCO_02,LOCO_COUPLING_STARTED,WS_02,,,,DAC,2,0.5
12238.5,2025-12-09T11:58:30+00:00,LOCO_02,LOCO_COUPLING_COMPLETED,WS_02,,,,DAC,2,0.5
12238.5,2025-12-09T11:58:30+00:00,LOCO_02,SHUNTING_PREP,WS_02,,,,,2,1.0
12239.5,2025-12-09T11:59:30+00:00,LOCO_02,MOVING,retrofitted,WS_02,retrofitted,,,0,5.0
12244.5,2025-12-09T12:04:30+00:00,LOCO_02,MOVING,track_19,retrofitted,track_19,,,0,5.0
12249.5,2025-12-09T12:09:30+00:00,LOCO_02,MOVING,WS_01,track_19,WS_01,,,0,5.0
12254.5,2025-12-09T12:14:30+00:00,LOCO_02,RAKE_COUPLING_STARTED,WS_01,,,,DAC,2,0.5
12255.0,2025-12-09T12:15:00+00:00,LOCO_02,RAKE_COUPLING_COMPLETED,WS_01,,,,DAC,2,0.5
12255.0,2025-12-09T12:15:00+00:00,LOCO_02,LOCO_COUPLING_STARTED,WS_01,,,,DAC,2,0.5
12255.5,2025-12-09T12:15:30+00:00,LOCO_02,LOCO_COUPLING_COMPLETED,WS_01,,,,DAC,2,0.5
12255.5,2025-12-09T12:15:30+00:00,LOCO_02,SHUNTING_PREP,WS_01,,,,,2,1.0
12256.5,2025-12-09T12:16:30+00:00,LOCO_02,MOVING,retrofitted,WS_01,retrofitted,,,0,5.0
12261.5,2025-12-09T12:21:30+00:00,LOCO_02,MOVING,track_19,retrofitted,track_19,,,0,7.0
12268.5,2025-12-09T12:28:30+00:00,LOCO_02,MOVING,retrofit,track_19,retrofit,,,0,5.0
12273.5,2025-12-09T12:33:30+00:00,LOCO_02,COUPLING_STARTED,retrofit,,,,SCREW,0,2.0
12275.5,2025-12-09T12:35:30+00:00,LOCO_02,COUPLING_COMPLETED,retrofit,,,,SCREW,0,2.0
12275.5,2025-12-09T12:35:30+00:00,LOCO_02,SHUNTING_PREP,retrofit,,,,,0,1.0
12276.5,2025-12-09T12:36:30+00:00,LOCO_02,MOVING,WS_02,retrofit,WS_02,,,0,5.0
12281.5,2025-12-09T12:41:30+00:00,LOCO_02,DECOUPLING_STARTED,WS_02,,,,SCREW,0,3.0
12284.5,2025-12-09T12:44:30+00:00,LOCO_02,DECOUPLING_COMPLETED,WS_02,,,,SCREW,0,3.0
12287.5,2025-12-09T12:47:30+00:00,LOCO_02,MOVING,track_19,WS_02,track_19,,,0,5.0
12292.5,2025-12-09T12:52:30+00:00,LOCO_02,MOVING,collection1,track_19,collection1,,,0,60.0
12352.5,2025-12-09T13:52:30+00:00,LOCO_02,ALLOCATED,,,,batch_transport,,0,0.0
12352.5,2025-12-09T13:52:30+00:00,LOCO_02,LOCO_COUPLING_STARTED,collection1,,,,SCREW,1,2.0
12354.5,2025-12-09T13:54:30+00:00,LOCO_02,LOCO_COUPLING_COMPLETED,collection1,,,,SCREW,1,2.0
12354.5,2025-12-09T13:54:30+00:00,LOCO_02,SHUNTING_PREP,collection1,,,,,1,1.0
12355.5,2025-12-09T13:55:30+00:00,LOCO_02,MOVING,retrofit,collection1,retrofit,,,0,60.0
12415.5,2025-12-09T14:55:30+00:00,LOCO_02,LOCO_DECOUPLING_STARTED,retrofit,,,,SCREW,1,3.0
12418.5,2025-12-09T14:58:30+00:00,LOCO_02,MOVING,track_19,retrofit,track_19,,,0,0.0
12418.5,2025-12-09T14:58:30+00:00,LOCO_02,LOCO_DECOUPLING_COMPLETED,retrofit,,,,SCREW,1,3.0
12423.5,2025-12-09T15:03:30+00:00,LOCO_02,PARKING,,,,,,0,2.0
12425.5,2025-12-09T15:05:30+00:00,LOCO_02,MOVING,retrofit,track_19,retrofit,,,0,5.0
12430.5,2025-12-09T15:10:30+00:00,LOCO_02,COUPLING_STARTED,retrofit,,,,SCREW,0,2.0
12432.5,2025-12-09T15:12:30+00:00,LOCO_02,COUPLING_COMPLETED,retrofit,,,,SCREW,0,2.0
12432.5,2025-12-09T15:12:30+00:00,LOCO_02,SHUNTING_PREP,retrofit,,,,,0,1.0
12433.5,2025-12-09T15:13:30+00:00,LOCO_02,MOVING,WS_02,retrofit,WS_02,,,0,5.0
12438.5,2025-12-09T15:18:30+00:00,LOCO_02,DECOUPLING_STARTED,WS_02,,,,SCREW,0,3.0
12441.5,2025-12-09T15:21:30+00:00,LOCO_02,DECOUPLING_COMPLETED,WS_02,,,,SCREW,0,3.0
12444.5,2025-12-09T15:24:30+00:00,LOCO_02,MOVING,track_19,WS_02,track_19,,,0,5.0
12449.5,2025-12-09T15:29:30+00:00,LOCO_02,ALLOCATED,,,,batch_transport,,0,0.0
12449.5,2025-12-09T15:29:30+00:00,LOCO_02,MOVING,retrofitted,track_19,retrofitted,,,0,5.0
12454.5,2025-12-09T15:34:30+00:00,LOCO_02,RAKE_COUPLING_STARTED,retrofitted,,,,DAC,4,1.5
12456.0,2025-12-09T15:36:00+00:00,LOCO_02,RAKE_COUPLING_COMPLETED,retrofitted,,,,DAC,4,1.5
12456.0,2025-12-09T15:36:00+00:00,LOCO_02,LOCO_COUPLING_STARTED,retrofitted,,,,DAC,4,0.5
12456.5,2025-12-09T15:36:30+00:00,LOCO_02,LOCO_COUPLING_COMPLETED,retrofitted,,,,DAC,4,0.5
12456.5,2025-12-09T15:36:30+00:00,LOCO_02,SHUNTING_PREP,retrofitted,,,,,4,1.0
12457.5,2025-12-09T15:37:30+00:00,LOCO_02,MOVING,parking1,retrofitted,parking1,,,0,5.0
12462.5,2025-12-09T15:42:30+00:00,LOCO_02,LOCO_DECOUPLING_STARTED,parking1,,,,DAC,4,0.5
12463.0,2025-12-09T15:43:00+00:00,LOCO_02,LOCO_DECOUPLING_COMPLETED,parking1,,,,DAC,4,0.5
12463.0,2025-12-09T15:43:00+00:00,LOCO_02,RAKE_DECOUPLING_STARTED,parking1,,,,DAC,4,1.5
12464.5,2025-12-09T15:44:30+00:00,LOCO_02,RAKE_DECOUPLING_COMPLETED,parking1,,,,DAC,4,1.5
12466.0,2025-12-09T15:46:00+00:00,LOCO_02,MOVING,track_19,parking1,track_19,,,0,5.0
12471.0,2025-12-09T15:51:00+00:00,LOCO_02,MOVING,collection1,track_19,collection1,,,0,60.0
12531.0,2025-12-09T16:51:00+00:00,LOCO_02,ALLOCATED,,,,batch_transport,,0,0.0
12531.0,2025-12-09T16:51:00+00:00,LOCO_02,RAKE_COUPLING_STARTED,collection1,,,,SCREW,2,2.0
12533.0,2025-12-09T16:53:00+00:00,LOCO_02,RAKE_COUPLING_COMPLETED,collection1,,,,SCREW,2,2.0
12533.0,2025-12-09T16:53:00+00:00,LOCO_02,LOCO_COUPLING_STARTED,collection1,,,,SCREW,2,2.0
12535.0,2025-12-09T16:55:00+00:00,LOCO_02,LOCO_COUPLING_COMPLETED,collection1,,,,SCREW,2,2.0
12535.0,2025-12-09T16:55:00+00:00,LOCO_02,SHUNTING_PREP,collection1,,,,,2,1.0
12536.0,2025-12-09T16:56:00+00:00,LOCO_02,MOVING,retrofit,collection1,retrofit,,,0,60.0
12596.0,2025-12-09T17:56:00+00:00,LOCO_02,LOCO_DECOUPLING_STARTED,retrofit,,,,SCREW,2,3.0
12599.0,2025-12-09T17:59:00+00:00,LOCO_02,LOCO_DECOUPLING_COMPLETED,retrofit,,,,SCREW,2,3.0
12599.0,2025-12-09T17:59:00+00:00,LOCO_02,RAKE_DECOUPLING_STARTED,retrofit,,,,SCREW,2,3.0
12602.0,2025-12-09T18:02:00+00:00,LOCO_02,RAKE_DECOUPLING_COMPLETED,retrofit,,,,SCREW,2,3.0
12605.0,2025-12-09T18:05:00+00:00,LOCO_02,MOVING,track_19,retrofit,track_19,,,0,5.0
12610.0,2025-12-09T18:10:00+00:00,LOCO_02,PARKING,,,,,,0,2.0
12612.0,2025-12-09T18:12:00+00:00,LOCO_02,MOVING,retrofit,track_19,retrofit,,,0,5.0
12617.0,2025-12-09T18:17:00+00:00,LOCO_02,COUPLING_STARTED,retrofit,,,,SCREW,0,2.0
12619.0,2025-12-09T18:19:00+00:00,LOCO_02,COUPLING_COMPLETED,retrofit,,,,SCREW,0,2.0
12619.0,2025-12-09T18:19:00+00:00,LOCO_02,SHUNTING_PREP,retrofit,,,,,0,1.0
12620.0,2025-12-09T18:20:00+00:00,LOCO_02,MOVING,WS_02,retrofit,WS_02,,,0,5.0
12625.0,2025-12-09T18:25:00+00:00,LOCO_02,DECOUPLING_STARTED,WS_02,,,,SCREW,0,3.0
12628.0,2025-12-09T18:28:00+00:00,LOCO_02,DECOUPLING_COMPLETED,WS_02,,,,SCREW,0,3.0
12631.0,2025-12-09T18:31:00+00:00,LOCO_02,MOVING,track_19,WS_02,track_19,,,0,5.0
12636.0,2025-12-09T18:36:00+00:00,LOCO_02,ALLOCATED,,,,batch_transport,,0,0.0
12636.0,2025-12-09T18:36:00+00:00,LOCO_02,MOVING,retrofitted,track_19,retrofitted,,,0,5.0
12641.0,2025-12-09T18:41:00+00:00,LOCO_02,RAKE_COUPLING_STARTED,retrofitted,,,,DAC,6,2.5
12643.5,2025-12-09T18:43:30+00:00,LOCO_02,RAKE_COUPLING_COMPLETED,retrofitted,,,,DAC,6,2.5
12643.5,2025-12-09T18:43:30+00:00,LOCO_02,LOCO_COUPLING_STARTED,retrofitted,,,,DAC,6,0.5
12644.0,2025-12-09T18:44:00+00:00,LOCO_02,LOCO_COUPLING_COMPLETED,retrofitted,,,,DAC,6,0.5
12644.0,2025-12-09T18:44:00+00:00,LOCO_02,SHUNTING_PREP,retrofitted,,,,,6,1.0
12645.0,2025-12-09T18:45:00+00:00,LOCO_02,MOVING,parking16,retrofitted,parking16,,,0,120.0
12765.0,2025-12-09T20:45:00+00:00,LOCO_02,LOCO_DECOUPLING_STARTED,parking16,,,,DAC,6,0.5
12765.5,2025-12-09T20:45:30+00:00,LOCO_02,LOCO_DECOUPLING_COMPLETED,parking16,,,,DAC,6,0.5
12765.5,2025-12-09T20:45:30+00:00,LOCO_02,RAKE_DECOUPLING_STARTED,parking16,,,,DAC,6,2.5
12768.0,2025-12-09T20:48:00+00:00,LOCO_02,RAKE_DECOUPLING_COMPLETED,parking16,,,,DAC,6,2.5
12770.5,2025-12-09T20:50:30+00:00,LOCO_02,MOVING,track_19,parking16,track_19,,,0,60.0
12830.5,2025-12-09T21:50:30+00:00,LOCO_02,MOVING,WS_01,track_19,WS_01,,,0,5.0
12835.5,2025-12-09T21:55:30+00:00,LOCO_02,RAKE_COUPLING_STARTED,WS_01,,,,DAC,2,0.5
12836.0,2025-12-09T21:56:00+00:00,LOCO_02,RAKE_COUPLING_COMPLETED,WS_01,,,,DAC,2,0.5
12836.0,2025-12-09T21:56:00+00:00,LOCO_02,LOCO_COUPLING_STARTED,WS_01,,,,DAC,2,0.5
12836.5,2025-12-09T21:56:30+00:00,LOCO_02,LOCO_COUPLING_COMPLETED,WS_01,,,,DAC,2,0.5
12836.5,2025-12-09T21:56:30+00:00,LOCO_02,SHUNTING_PREP,WS_01,,,,,2,1.0
12837.5,2025-12-09T21:57:30+00:00,LOCO_02,MOVING,retrofitted,WS_01,retrofitted,,,0,5.0
12842.5,2025-12-09T22:02:30+00:00,LOCO_02,MOVING,track_19,retrofitted,track_19,,,0,5.0
12847.5,2025-12-09T22:07:30+00:00,LOCO_02,MOVING,WS_02,track_19,WS_02,,,0,5.0
12852.5,2025-12-09T22:12:30+00:00,LOCO_02,RAKE_COUPLING_STARTED,WS_02,,,,DAC,2,0.5
12853.0,2025-12-09T22:13:00+00:00,LOCO_02,RAKE_COUPLING_COMPLETED,WS_02,,,,DAC,2,0.5
12853.0,2025-12-09T22:13:00+00:00,LOCO_02,LOCO_COUPLING_STARTED,WS_02,,,,DAC,2,0.5
12853.5,2025-12-09T22:13:30+00:00,LOCO_02,LOCO_COUPLING_COMPLETED,WS_02,,,,DAC,2,0.5
12853.5,2025-12-09T22:13:30+00:00,LOCO_02,SHUNTING_PREP,WS_02,,,,,2,1.0
12854.5,2025-12-09T22:14:30+00:00,LOCO_02,MOVING,retrofitted,WS_02,retrofitted,,,0,5.0
12859.5,2025-12-09T22:19:30+00:00,LOCO_02,MOVING,track_19,retrofitted,track_19,,,0,5.0
12864.5,2025-12-09T22:24:30+00:00,LOCO_02,ALLOCATED,,,,batch_transport,,0,0.0
12864.5,2025-12-09T22:24:30+00:00,LOCO_02,MOVING,retrofitted,track_19,retrofitted,,,0,5.0
12869.5,2025-12-09T22:29:30+00:00,LOCO_02,RAKE_COUPLING_STARTED,retrofitted,,,,DAC,4,1.5
12871.0,2025-12-09T22:31:00+00:00,LOCO_02,RAKE_COUPLING_COMPLETED,retrofitted,,,,DAC,4,1.5
12871.0,2025-12-09T22:31:00+00:00,LOCO_02,LOCO_COUPLING_STARTED,retrofitted,,,,DAC,4,0.5
12871.5,2025-12-09T22:31:30+00:00,LOCO_02,LOCO_COUPLING_COMPLETED,retrofitted,,,,DAC,4,0.5
12871.5,2025-12-09T22:31:30+00:00,LOCO_02,SHUNTING_PREP,retrofitted,,,,,4,1.0
12872.5,2025-12-09T22:32:30+00:00,LOCO_02,MOVING,parking9,retrofitted,parking9,,,0,5.0
12877.5,2025-12-09T22:37:30+00:00,LOCO_02,LOCO_DECOUPLING_STARTED,parking9,,,,DAC,4,0.5
12878.0,2025-12-09T22:38:00+00:00,LOCO_02,LOCO_DECOUPLING_COMPLETED,parking9,,,,DAC,4,0.5
12878.0,2025-12-09T22:38:00+00:00,LOCO_02,RAKE_DECOUPLING_STARTED,parking9,,,,DAC,4,1.5
12879.5,2025-12-09T22:39:30+00:00,LOCO_02,RAKE_DECOUPLING_COMPLETED,parking9,,,,DAC,4,1.5
12881.0,2025-12-09T22:41:00+00:00,LOCO_02,MOVING,track_19,parking9,track_19,,,0,7.0
12888.0,2025-12-09T22:48:00+00:00,LOCO_02,MOVING,retrofit,track_19,retrofit,,,0,5.0
12893.0,2025-12-09T22:53:00+00:00,LOCO_02,COUPLING_STARTED,retrofit,,,,SCREW,0,2.0
12895.0,2025-12-09T22:55:00+00:00,LOCO_02,COUPLING_COMPLETED,retrofit,,,,SCREW,0,2.0
12895.0,2025-12-09T22:55:00+00:00,LOCO_02,SHUNTING_PREP,retrofit,,,,,0,1.0
12896.0,2025-12-09T22:56:00+00:00,LOCO_02,MOVING,WS_02,retrofit,WS_02,,,0,5.0
12901.0,2025-12-09T23:01:00+00:00,LOCO_02,DECOUPLING_STARTED,WS_02,,,,SCREW,0,3.0
12904.0,2025-12-09T23:04:00+00:00,LOCO_02,DECOUPLING_COMPLETED,WS_02,,,,SCREW,0,3.0
12907.0,2025-12-09T23:07:00+00:00,LOCO_02,MOVING,track_19,WS_02,track_19,,,0,5.0
12912.0,2025-12-09T23:12:00+00:00,LOCO_02,MOVING,collection1,track_19,collection1,,,0,60.0
12972.0,2025-12-10T00:12:00+00:00,LOCO_02,ALLOCATED,,,,batch_transport,,0,0.0
12972.0,2025-12-10T00:12:00+00:00,LOCO_02,LOCO_COUPLING_STARTED,collection1,,,,SCREW,1,2.0
12974.0,2025-12-10T00:14:00+00:00,LOCO_02,LOCO_COUPLING_COMPLETED,collection1,,,,SCREW,1,2.0
12974.0,2025-12-10T00:14:00+00:00,LOCO_02,SHUNTING_PREP,collection1,,,,,1,1.0
12975.0,2025-12-10T00:15:00+00:00,LOCO_02,MOVING,retrofit,collection1,retrofit,,,0,60.0
13035.0,2025-12-10T01:15:00+00:00,LOCO_02,LOCO_DECOUPLING_STARTED,retrofit,,,,SCREW,1,3.0
13038.0,2025-12-10T01:18:00+00:00,LOCO_02,MOVING,track_19,retrofit,track_19,,,0,0.0
13038.0,2025-12-10T01:18:00+00:00,LOCO_02,LOCO_DECOUPLING_COMPLETED,retrofit,,,,SCREW,1,3.0
13043.0,2025-12-10T01:23:00+00:00,LOCO_02,PARKING,,,,,,0,2.0
13045.0,2025-12-10T01:25:00+00:00,LOCO_02,MOVING,retrofit,track_19,retrofit,,,0,5.0
13050.0,2025-12-10T01:30:00+00:00,LOCO_02,COUPLING_STARTED,retrofit,,,,SCREW,0,2.0
13052.0,2025-12-10T01:32:00+00:00,LOCO_02,COUPLING_COMPLETED,retrofit,,,,SCREW,0,2.0
13052.0,2025-12-10T01:32:00+00:00,LOCO_02,SHUNTING_PREP,retrofit,,,,,0,1.0
13053.0,2025-12-10T01:33:00+00:00,LOCO_02,MOVING,WS_01,retrofit,WS_01,,,0,5.0
13058.0,2025-12-10T01:38:00+00:00,LOCO_02,DECOUPLING_STARTED,WS_01,,,,SCREW,0,3.0
13061.0,2025-12-10T01:41:00+00:00,LOCO_02,DECOUPLING_COMPLETED,WS_01,,,,SCREW,0,3.0
13064.0,2025-12-10T01:44:00+00:00,LOCO_02,MOVING,track_19,WS_01,track_19,,,0,5.0
13069.0,2025-12-10T01:49:00+00:00,LOCO_02,MOVING,collection2,track_19,collection2,,,0,60.0
13129.0,2025-12-10T02:49:00+00:00,LOCO_02,ALLOCATED,,,,batch_transport,,0,0.0
13129.0,2025-12-10T02:49:00+00:00,LOCO_02,LOCO_COUPLING_STARTED,collection2,,,,SCREW,1,2.0
13131.0,2025-12-10T02:51:00+00:00,LOCO_02,LOCO_COUPLING_COMPLETED,collection2,,,,SCREW,1,2.0
13131.0,2025-12-10T02:51:00+00:00,LOCO_02,SHUNTING_PREP,collection2,,,,,1,1.0
13132.0,2025-12-10T02:52:00+00:00,LOCO_02,MOVING,retrofit,collection2,retrofit,,,0,60.0
13192.0,2025-12-10T03:52:00+00:00,LOCO_02,LOCO_DECOUPLING_STARTED,retrofit,,,,SCREW,1,3.0
13195.0,2025-12-10T03:55:00+00:00,LOCO_02,MOVING,track_19,retrofit,track_19,,,0,0.0
13195.0,2025-12-10T03:55:00+00:00,LOCO_02,LOCO_DECOUPLING_COMPLETED,retrofit,,,,SCREW,1,3.0
13200.0,2025-12-10T04:00:00+00:00,LOCO_02,PARKING,,,,,,0,2.0
13202.0,2025-12-10T04:02:00+00:00,LOCO_02,MOVING,retrofit,track_19,retrofit,,,0,5.0
13207.0,2025-12-10T04:07:00+00:00,LOCO_02,COUPLING_STARTED,retrofit,,,,SCREW,0,2.0
13209.0,2025-12-10T04:09:00+00:00,LOCO_02,COUPLING_COMPLETED,retrofit,,,,SCREW,0,2.0
13209.0,2025-12-10T04:09:00+00:00,LOCO_02,SHUNTING_PREP,retrofit,,,,,0,1.0
13210.0,2025-12-10T04:10:00+00:00,LOCO_02,MOVING,WS_02,retrofit,WS_02,,,0,5.0
13215.0,2025-12-10T04:15:00+00:00,LOCO_02,DECOUPLING_STARTED,WS_02,,,,SCREW,0,3.0
13218.0,2025-12-10T04:18:00+00:00,LOCO_02,DECOUPLING_COMPLETED,WS_02,,,,SCREW,0,3.0
13221.0,2025-12-10T04:21:00+00:00,LOCO_02,MOVING,track_19,WS_02,track_19,,,0,5.0
13226.0,2025-12-10T04:26:00+00:00,LOCO_02,MOVING,WS_01,track_19,WS_01,,,0,5.0
13231.0,2025-12-10T04:31:00+00:00,LOCO_02,RAKE_COUPLING_STARTED,WS_01,,,,DAC,2,0.5
13231.5,2025-12-10T04:31:30+00:00,LOCO_02,RAKE_COUPLING_COMPLETED,WS_01,,,,DAC,2,0.5
13231.5,2025-12-10T04:31:30+00:00,LOCO_02,LOCO_COUPLING_STARTED,WS_01,,,,DAC,2,0.5
13232.0,2025-12-10T04:32:00+00:00,LOCO_02,LOCO_COUPLING_COMPLETED,WS_01,,,,DAC,2,0.5
13232.0,2025-12-10T04:32:00+00:00,LOCO_02,SHUNTING_PREP,WS_01,,,,,2,1.0
13233.0,2025-12-10T04:33:00+00:00,LOCO_02,MOVING,retrofitted,WS_01,retrofitted,,,0,5.0
13238.0,2025-12-10T04:38:00+00:00,LOCO_02,MOVING,track_19,retrofitted,track_19,,,0,5.0
13243.0,2025-12-10T04:43:00+00:00,LOCO_02,MOVING,collection2,track_19,collection2,,,0,60.0
13303.0,2025-12-10T05:43:00+00:00,LOCO_02,ALLOCATED,,,,batch_transport,,0,0.0
13303.0,2025-12-10T05:43:00+00:00,LOCO_02,LOCO_COUPLING_STARTED,collection2,,,,SCREW,1,2.0
13305.0,2025-12-10T05:45:00+00:00,LOCO_02,LOCO_COUPLING_COMPLETED,collection2,,,,SCREW,1,2.0
13305.0,2025-12-10T05:45:00+00:00,LOCO_02,SHUNTING_PREP,collection2,,,,,1,1.0
13306.0,2025-12-10T05:46:00+00:00,LOCO_02,MOVING,retrofit,collection2,retrofit,,,0,60.0
13366.0,2025-12-10T06:46:00+00:00,LOCO_02,LOCO_DECOUPLING_STARTED,retrofit,,,,SCREW,1,3.0
13369.0,2025-12-10T06:49:00+00:00,LOCO_02,MOVING,track_19,retrofit,track_19,,,0,0.0
13369.0,2025-12-10T06:49:00+00:00,LOCO_02,LOCO_DECOUPLING_COMPLETED,retrofit,,,,SCREW,1,3.0
13374.0,2025-12-10T06:54:00+00:00,LOCO_02,PARKING,,,,,,0,2.0
13376.0,2025-12-10T06:56:00+00:00,LOCO_02,MOVING,retrofit,track_19,retrofit,,,0,5.0
13381.0,2025-12-10T07:01:00+00:00,LOCO_02,COUPLING_STARTED,retrofit,,,,SCREW,0,2.0
13383.0,2025-12-10T07:03:00+00:00,LOCO_02,COUPLING_COMPLETED,retrofit,,,,SCREW,0,2.0
13383.0,2025-12-10T07:03:00+00:00,LOCO_02,SHUNTING_PREP,retrofit,,,,,0,1.0
13384.0,2025-12-10T07:04:00+00:00,LOCO_02,MOVING,WS_02,retrofit,WS_02,,,0,5.0
13389.0,2025-12-10T07:09:00+00:00,LOCO_02,DECOUPLING_STARTED,WS_02,,,,SCREW,0,3.0
13392.0,2025-12-10T07:12:00+00:00,LOCO_02,DECOUPLING_COMPLETED,WS_02,,,,SCREW,0,3.0
13395.0,2025-12-10T07:15:00+00:00,LOCO_02,MOVING,track_19,WS_02,track_19,,,0,5.0
13400.0,2025-12-10T07:20:00+00:00,LOCO_02,MOVING,WS_01,track_19,WS_01,,,0,5.0
13405.0,2025-12-10T07:25:00+00:00,LOCO_02,RAKE_COUPLING_STARTED,WS_01,,,,DAC,2,0.5
13405.5,2025-12-10T07:25:30+00:00,LOCO_02,RAKE_COUPLING_COMPLETED,WS_01,,,,DAC,2,0.5
13405.5,2025-12-10T07:25:30+00:00,LOCO_02,LOCO_COUPLING_STARTED,WS_01,,,,DAC,2,0.5
13406.0,2025-12-10T07:26:00+00:00,LOCO_02,LOCO_COUPLING_COMPLETED,WS_01,,,,DAC,2,0.5
13406.0,2025-12-10T07:26:00+00:00,LOCO_02,SHUNTING_PREP,WS_01,,,,,2,1.0
13407.0,2025-12-10T07:27:00+00:00,LOCO_02,MOVING,retrofitted,WS_01,retrofitted,,,0,5.0
13412.0,2025-12-10T07:32:00+00:00,LOCO_02,MOVING,track_19,retrofitted,track_19,,,0,5.0
13417.0,2025-12-10T07:37:00+00:00,LOCO_02,MOVING,collection2,track_19,collection2,,,0,60.0
13477.0,2025-12-10T08:37:00+00:00,LOCO_02,ALLOCATED,,,,batch_transport,,0,0.0
13477.0,2025-12-10T08:37:00+00:00,LOCO_02,LOCO_COUPLING_STARTED,collection2,,,,SCREW,1,2.0
13479.0,2025-12-10T08:39:00+00:00,LOCO_02,LOCO_COUPLING_COMPLETED,collection2,,,,SCREW,1,2.0
13479.0,2025-12-10T08:39:00+00:00,LOCO_02,SHUNTING_PREP,collection2,,,,,1,1.0
13480.0,2025-12-10T08:40:00+00:00,LOCO_02,MOVING,retrofit,collection2,retrofit,,,0,60.0
13540.0,2025-12-10T09:40:00+00:00,LOCO_02,LOCO_DECOUPLING_STARTED,retrofit,,,,SCREW,1,3.0
13543.0,2025-12-10T09:43:00+00:00,LOCO_02,MOVING,track_19,retrofit,track_19,,,0,0.0
13543.0,2025-12-10T09:43:00+00:00,LOCO_02,LOCO_DECOUPLING_COMPLETED,retrofit,,,,SCREW,1,3.0
13548.0,2025-12-10T09:48:00+00:00,LOCO_02,PARKING,,,,,,0,0.0
13548.0,2025-12-10T09:48:00+00:00,LOCO_02,MOVING,collection1,track_19,collection1,,,0,60.0
13608.0,2025-12-10T10:48:00+00:00,LOCO_02,ALLOCATED,,,,batch_transport,,0,0.0
13608.0,2025-12-10T10:48:00+00:00,LOCO_02,RAKE_COUPLING_STARTED,collection1,,,,SCREW,2,2.0
13610.0,2025-12-10T10:50:00+00:00,LOCO_02,RAKE_COUPLING_COMPLETED,collection1,,,,SCREW,2,2.0
13610.0,2025-12-10T10:50:00+00:00,LOCO_02,LOCO_COUPLING_STARTED,collection1,,,,SCREW,2,2.0
13612.0,2025-12-10T10:52:00+00:00,LOCO_02,LOCO_COUPLING_COMPLETED,collection1,,,,SCREW,2,2.0
13612.0,2025-12-10T10:52:00+00:00,LOCO_02,SHUNTING_PREP,collection1,,,,,2,1.0
13613.0,2025-12-10T10:53:00+00:00,LOCO_02,MOVING,retrofit,collection1,retrofit,,,0,60.0
13673.0,2025-12-10T11:53:00+00:00,LOCO_02,LOCO_DECOUPLING_STARTED,retrofit,,,,SCREW,2,3.0
13676.0,2025-12-10T11:56:00+00:00,LOCO_02,LOCO_DECOUPLING_COMPLETED,retrofit,,,,SCREW,2,3.0
13676.0,2025-12-10T11:56:00+00:00,LOCO_02,RAKE_DECOUPLING_STARTED,retrofit,,,,SCREW,2,3.0
13679.0,2025-12-10T11:59:00+00:00,LOCO_02,RAKE_DECOUPLING_COMPLETED,retrofit,,,,SCREW,2,3.0
13682.0,2025-12-10T12:02:00+00:00,LOCO_02,MOVING,track_19,retrofit,track_19,,,0,5.0
13687.0,2025-12-10T12:07:00+00:00,LOCO_02,PARKING,,,,,,0,0.0
13687.0,2025-12-10T12:07:00+00:00,LOCO_02,MOVING,WS_01,track_19,WS_01,,,0,5.0
13692.0,2025-12-10T12:12:00+00:00,LOCO_02,RAKE_COUPLING_STARTED,WS_01,,,,DAC,2,0.5
13692.5,2025-12-10T12:12:30+00:00,LOCO_02,RAKE_COUPLING_COMPLETED,WS_01,,,,DAC,2,0.5
13692.5,2025-12-10T12:12:30+00:00,LOCO_02,LOCO_COUPLING_STARTED,WS_01,,,,DAC,2,0.5
13693.0,2025-12-10T12:13:00+00:00,LOCO_02,LOCO_COUPLING_COMPLETED,WS_01,,,,DAC,2,0.5
13693.0,2025-12-10T12:13:00+00:00,LOCO_02,SHUNTING_PREP,WS_01,,,,,2,1.0
13694.0,2025-12-10T12:14:00+00:00,LOCO_02,MOVING,retrofitted,WS_01,retrofitted,,,0,5.0
13699.0,2025-12-10T12:19:00+00:00,LOCO_02,MOVING,track_19,retrofitted,track_19,,,0,7.0
13706.0,2025-12-10T12:26:00+00:00,LOCO_02,MOVING,retrofit,track_19,retrofit,,,0,5.0
13711.0,2025-12-10T12:31:00+00:00,LOCO_02,COUPLING_STARTED,retrofit,,,,SCREW,0,2.0
13713.0,2025-12-10T12:33:00+00:00,LOCO_02,COUPLING_COMPLETED,retrofit,,,,SCREW,0,2.0
13713.0,2025-12-10T12:33:00+00:00,LOCO_02,SHUNTING_PREP,retrofit,,,,,0,1.0
13714.0,2025-12-10T12:34:00+00:00,LOCO_02,MOVING,WS_02,retrofit,WS_02,,,0,5.0
13719.0,2025-12-10T12:39:00+00:00,LOCO_02,DECOUPLING_STARTED,WS_02,,,,SCREW,0,3.0
13722.0,2025-12-10T12:42:00+00:00,LOCO_02,DECOUPLING_COMPLETED,WS_02,,,,SCREW,0,3.0
13725.0,2025-12-10T12:45:00+00:00,LOCO_02,MOVING,track_19,WS_02,track_19,,,0,5.0
13730.0,2025-12-10T12:50:00+00:00,LOCO_02,MOVING,collection2,track_19,collection2,,,0,60.0
13790.0,2025-12-10T13:50:00+00:00,LOCO_02,ALLOCATED,,,,batch_transport,,0,0.0
13790.0,2025-12-10T13:50:00+00:00,LOCO_02,LOCO_COUPLING_STARTED,collection2,,,,SCREW,1,2.0
13792.0,2025-12-10T13:52:00+00:00,LOCO_02,LOCO_COUPLING_COMPLETED,collection2,,,,SCREW,1,2.0
13792.0,2025-12-10T13:52:00+00:00,LOCO_02,SHUNTING_PREP,collection2,,,,,1,1.0
13793.0,2025-12-10T13:53:00+00:00,LOCO_02,MOVING,retrofit,collection2,retrofit,,,0,60.0
13853.0,2025-12-10T14:53:00+00:00,LOCO_02,LOCO_DECOUPLING_STARTED,retrofit,,,,SCREW,1,3.0
13856.0,2025-12-10T14:56:00+00:00,LOCO_02,MOVING,track_19,retrofit,track_19,,,0,0.0
13856.0,2025-12-10T14:56:00+00:00,LOCO_02,LOCO_DECOUPLING_COMPLETED,retrofit,,,,SCREW,1,3.0
13861.0,2025-12-10T15:01:00+00:00,LOCO_02,PARKING,,,,,,0,2.0
13863.0,2025-12-10T15:03:00+00:00,LOCO_02,MOVING,retrofit,track_19,retrofit,,,0,5.0
13868.0,2025-12-10T15:08:00+00:00,LOCO_02,COUPLING_STARTED,retrofit,,,,SCREW,0,2.0
13870.0,2025-12-10T15:10:00+00:00,LOCO_02,COUPLING_COMPLETED,retrofit,,,,SCREW,0,2.0
13870.0,2025-12-10T15:10:00+00:00,LOCO_02,SHUNTING_PREP,retrofit,,,,,0,1.0
13871.0,2025-12-10T15:11:00+00:00,LOCO_02,MOVING,WS_01,retrofit,WS_01,,,0,5.0
13876.0,2025-12-10T15:16:00+00:00,LOCO_02,DECOUPLING_STARTED,WS_01,,,,SCREW,0,3.0
13879.0,2025-12-10T15:19:00+00:00,LOCO_02,DECOUPLING_COMPLETED,WS_01,,,,SCREW,0,3.0
13882.0,2025-12-10T15:22:00+00:00,LOCO_02,MOVING,track_19,WS_01,track_19,,,0,5.0
13887.0,2025-12-10T15:27:00+00:00,LOCO_02,MOVING,WS_02,track_19,WS_02,,,0,5.0
13892.0,2025-12-10T15:32:00+00:00,LOCO_02,RAKE_COUPLING_STARTED,WS_02,,,,DAC,2,0.5
13892.5,2025-12-10T15:32:30+00:00,LOCO_02,RAKE_COUPLING_COMPLETED,WS_02,,,,DAC,2,0.5
13892.5,2025-12-10T15:32:30+00:00,LOCO_02,LOCO_COUPLING_STARTED,WS_02,,,,DAC,2,0.5
13893.0,2025-12-10T15:33:00+00:00,LOCO_02,LOCO_COUPLING_COMPLETED,WS_02,,,,DAC,2,0.5
13893.0,2025-12-10T15:33:00+00:00,LOCO_02,SHUNTING_PREP,WS_02,,,,,2,1.0
13894.0,2025-12-10T15:34:00+00:00,LOCO_02,MOVING,retrofitted,WS_02,retrofitted,,,0,5.0
13899.0,2025-12-10T15:39:00+00:00,LOCO_02,MOVING,track_19,retrofitted,track_19,,,0,5.0
13904.0,2025-12-10T15:44:00+00:00,LOCO_02,MOVING,collection2,track_19,collection2,,,0,60.0
13964.0,2025-12-10T16:44:00+00:00,LOCO_02,ALLOCATED,,,,batch_transport,,0,0.0
13964.0,2025-12-10T16:44:00+00:00,LOCO_02,RAKE_COUPLING_STARTED,collection2,,,,SCREW,3,4.0
13968.0,2025-12-10T16:48:00+00:00,LOCO_02,RAKE_COUPLING_COMPLETED,collection2,,,,SCREW,3,4.0
13968.0,2025-12-10T16:48:00+00:00,LOCO_02,LOCO_COUPLING_STARTED,collection2,,,,SCREW,3,2.0
13970.0,2025-12-10T16:50:00+00:00,LOCO_02,LOCO_COUPLING_COMPLETED,collection2,,,,SCREW,3,2.0
13970.0,2025-12-10T16:50:00+00:00,LOCO_02,SHUNTING_PREP,collection2,,,,,3,1.0
13971.0,2025-12-10T16:51:00+00:00,LOCO_02,MOVING,retrofit,collection2,retrofit,,,0,60.0
14031.0,2025-12-10T17:51:00+00:00,LOCO_02,LOCO_DECOUPLING_STARTED,retrofit,,,,SCREW,3,3.0
14034.0,2025-12-10T17:54:00+00:00,LOCO_02,LOCO_DECOUPLING_COMPLETED,retrofit,,,,SCREW,3,3.0
14034.0,2025-12-10T17:54:00+00:00,LOCO_02,RAKE_DECOUPLING_STARTED,retrofit,,,,SCREW,3,6.0
14040.0,2025-12-10T18:00:00+00:00,LOCO_02,RAKE_DECOUPLING_COMPLETED,retrofit,,,,SCREW,3,6.0
14046.0,2025-12-10T18:06:00+00:00,LOCO_02,MOVING,track_19,retrofit,track_19,,,0,5.0
14051.0,2025-12-10T18:11:00+00:00,LOCO_02,PARKING,,,,,,0,2.0
14053.0,2025-12-10T18:13:00+00:00,LOCO_02,MOVING,retrofit,track_19,retrofit,,,0,5.0
14058.0,2025-12-10T18:18:00+00:00,LOCO_02,COUPLING_STARTED,retrofit,,,,SCREW,0,2.0
14060.0,2025-12-10T18:20:00+00:00,LOCO_02,COUPLING_COMPLETED,retrofit,,,,SCREW,0,2.0
14060.0,2025-12-10T18:20:00+00:00,LOCO_02,SHUNTING_PREP,retrofit,,,,,0,1.0
14061.0,2025-12-10T18:21:00+00:00,LOCO_02,MOVING,WS_01,retrofit,WS_01,,,0,5.0
14066.0,2025-12-10T18:26:00+00:00,LOCO_02,DECOUPLING_STARTED,WS_01,,,,SCREW,0,3.0
14069.0,2025-12-10T18:29:00+00:00,LOCO_02,DECOUPLING_COMPLETED,WS_01,,,,SCREW,0,3.0
14072.0,2025-12-10T18:32:00+00:00,LOCO_02,MOVING,track_19,WS_01,track_19,,,0,5.0
14077.0,2025-12-10T18:37:00+00:00,LOCO_02,MOVING,WS_02,track_19,WS_02,,,0,5.0
14082.0,2025-12-10T18:42:00+00:00,LOCO_02,RAKE_COUPLING_STARTED,WS_02,,,,DAC,2,0.5
14082.5,2025-12-10T18:42:30+00:00,LOCO_02,RAKE_COUPLING_COMPLETED,WS_02,,,,DAC,2,0.5
14082.5,2025-12-10T18:42:30+00:00,LOCO_02,LOCO_COUPLING_STARTED,WS_02,,,,DAC,2,0.5
14083.0,2025-12-10T18:43:00+00:00,LOCO_02,LOCO_COUPLING_COMPLETED,WS_02,,,,DAC,2,0.5
14083.0,2025-12-10T18:43:00+00:00,LOCO_02,SHUNTING_PREP,WS_02,,,,,2,1.0
14084.0,2025-12-10T18:44:00+00:00,LOCO_02,MOVING,retrofitted,WS_02,retrofitted,,,0,5.0
14089.0,2025-12-10T18:49:00+00:00,LOCO_02,MOVING,track_19,retrofitted,track_19,,,0,5.0
14094.0,2025-12-10T18:54:00+00:00,LOCO_02,MOVING,collection2,track_19,collection2,,,0,60.0
14154.0,2025-12-10T19:54:00+00:00,LOCO_02,ALLOCATED,,,,batch_transport,,0,0.0
14154.0,2025-12-10T19:54:00+00:00,LOCO_02,RAKE_COUPLING_STARTED,collection2,,,,SCREW,2,2.0
14156.0,2025-12-10T19:56:00+00:00,LOCO_02,RAKE_COUPLING_COMPLETED,collection2,,,,SCREW,2,2.0
14156.0,2025-12-10T19:56:00+00:00,LOCO_02,LOCO_COUPLING_STARTED,collection2,,,,SCREW,2,2.0
14158.0,2025-12-10T19:58:00+00:00,LOCO_02,LOCO_COUPLING_COMPLETED,collection2,,,,SCREW,2,2.0
14158.0,2025-12-10T19:58:00+00:00,LOCO_02,SHUNTING_PREP,collection2,,,,,2,1.0
14159.0,2025-12-10T19:59:00+00:00,LOCO_02,MOVING,retrofit,collection2,retrofit,,,0,60.0
14219.0,2025-12-10T20:59:00+00:00,LOCO_02,LOCO_DECOUPLING_STARTED,retrofit,,,,SCREW,2,3.0
14222.0,2025-12-10T21:02:00+00:00,LOCO_02,LOCO_DECOUPLING_COMPLETED,retrofit,,,,SCREW,2,3.0
14222.0,2025-12-10T21:02:00+00:00,LOCO_02,RAKE_DECOUPLING_STARTED,retrofit,,,,SCREW,2,3.0
14225.0,2025-12-10T21:05:00+00:00,LOCO_02,RAKE_DECOUPLING_COMPLETED,retrofit,,,,SCREW,2,3.0
14228.0,2025-12-10T21:08:00+00:00,LOCO_02,MOVING,track_19,retrofit,track_19,,,0,5.0
14233.0,2025-12-10T21:13:00+00:00,LOCO_02,PARKING,,,,,,0,0.0
14233.0,2025-12-10T21:13:00+00:00,LOCO_02,MOVING,collection1,track_19,collection1,,,0,60.0
14293.0,2025-12-10T22:13:00+00:00,LOCO_02,ALLOCATED,,,,batch_transport,,0,0.0
14293.0,2025-12-10T22:13:00+00:00,LOCO_02,LOCO_COUPLING_STARTED,collection1,,,,SCREW,1,2.0
14295.0,2025-12-10T22:15:00+00:00,LOCO_02,LOCO_COUPLING_COMPLETED,collection1,,,,SCREW,1,2.0
14295.0,2025-12-10T22:15:00+00:00,LOCO_02,SHUNTING_PREP,collection1,,,,,1,1.0
14296.0,2025-12-10T22:16:00+00:00,LOCO_02,MOVING,retrofit,collection1,retrofit,,,0,60.0
14356.0,2025-12-10T23:16:00+00:00,LOCO_02,LOCO_DECOUPLING_STARTED,retrofit,,,,SCREW,1,3.0
14359.0,2025-12-10T23:19:00+00:00,LOCO_02,MOVING,track_19,retrofit,track_19,,,0,0.0
14359.0,2025-12-10T23:19:00+00:00,LOCO_02,LOCO_DECOUPLING_COMPLETED,retrofit,,,,SCREW,1,3.0
14364.0,2025-12-10T23:24:00+00:00,LOCO_02,PARKING,,,,,,0,0.0
14364.0,2025-12-10T23:24:00+00:00,LOCO_02,MOVING,WS_01,track_19,WS_01,,,0,5.0
14369.0,2025-12-10T23:29:00+00:00,LOCO_02,RAKE_COUPLING_STARTED,WS_01,,,,DAC,2,0.5
14369.5,2025-12-10T23:29:30+00:00,LOCO_02,RAKE_COUPLING_COMPLETED,WS_01,,,,DAC,2,0.5
14369.5,2025-12-10T23:29:30+00:00,LOCO_02,LOCO_COUPLING_STARTED,WS_01,,,,DAC,2,0.5
14370.0,2025-12-10T23:30:00+00:00,LOCO_02,LOCO_COUPLING_COMPLETED,WS_01,,,,DAC,2,0.5
14370.0,2025-12-10T23:30:00+00:00,LOCO_02,SHUNTING_PREP,WS_01,,,,,2,1.0
14371.0,2025-12-10T23:31:00+00:00,LOCO_02,MOVING,retrofitted,WS_01,retrofitted,,,0,5.0
14376.0,2025-12-10T23:36:00+00:00,LOCO_02,MOVING,track_19,retrofitted,track_19,,,0,5.0
14381.0,2025-12-10T23:41:00+00:00,LOCO_02,MOVING,WS_02,track_19,WS_02,,,0,5.0
14386.0,2025-12-10T23:46:00+00:00,LOCO_02,RAKE_COUPLING_STARTED,WS_02,,,,DAC,2,0.5
14386.5,2025-12-10T23:46:30+00:00,LOCO_02,RAKE_COUPLING_COMPLETED,WS_02,,,,DAC,2,0.5
14386.5,2025-12-10T23:46:30+00:00,LOCO_02,LOCO_COUPLING_STARTED,WS_02,,,,DAC,2,0.5
14387.0,2025-12-10T23:47:00+00:00,LOCO_02,LOCO_COUPLING_COMPLETED,WS_02,,,,DAC,2,0.5
14387.0,2025-12-10T23:47:00+00:00,LOCO_02,SHUNTING_PREP,WS_02,,,,,2,1.0
14388.0,2025-12-10T23:48:00+00:00,LOCO_02,MOVING,retrofitted,WS_02,retrofitted,,,0,5.0
14393.0,2025-12-10T23:53:00+00:00,LOCO_02,MOVING,track_19,retrofitted,track_19,,,0,0.0
