timestamp,datetime,track_id,change_type,capacity,used_before,used_after,utilization_before_percent,utilization_after_percent,change_amount,triggered_by
360.0,2025-12-01T06:00:00+00:00,collection1,capacity_reserved,375.0,0.0,34.03,0.0,9.074666666666667,34.03,batch_1_wagons[W11188]
360.0,2025-12-01T06:00:00+00:00,collection1,capacity_reserved,375.0,34.03,53.93,9.074666666666667,14.381333333333332,19.9,batch_1_wagons[W10437]
360.0,2025-12-01T06:00:00+00:00,collection1,capacity_released,375.0,53.93,0.0,14.381333333333332,0.0,-53.93,"batch_2_wagons[W11188,W10437]"
360.0,2025-12-01T06:00:00+00:00,retrofit,capacity_reserved,319.5,0.0,53.93,0.0,16.879499217527385,53.93,"batch_2_wagons[W11188,W10437]"
442.25,2025-12-01T07:22:15+00:00,collection1,capacity_reserved,375.0,0.0,20.82,0.0,5.552,20.82,batch_1_wagons[W12394]
442.25,2025-12-01T07:22:15+00:00,collection1,capacity_reserved,375.0,20.82,38.72,5.552,10.325333333333333,17.9,batch_1_wagons[W9278]
485.0,2025-12-01T08:05:00+00:00,retrofit,capacity_released,319.5,53.93,0.0,16.879499217527385,0.0,-53.93,"batch_2_wagons[W11188,W10437]"
499.0,2025-12-01T08:19:00+00:00,collection1,capacity_released,375.0,38.72,0.0,10.325333333333333,0.0,-38.72,"batch_2_wagons[W12394,W9278]"
499.0,2025-12-01T08:19:00+00:00,retrofit,capacity_reserved,319.5,0.0,38.72,0.0,12.118935837245697,38.72,"batch_2_wagons[W12394,W9278]"
502.5,2025-12-01T08:22:30+00:00,collection1,capacity_reserved,375.0,0.0,19.9,0.0,5.306666666666667,19.9,batch_1_wagons[W3926]
502.5,2025-12-01T08:22:30+00:00,collection1,capacity_reserved,375.0,19.9,33.94,5.306666666666667,9.050666666666666,14.04,batch_1_wagons[W5834]
541.5,2025-12-01T09:01:30+00:00,collection1,capacity_reserved,375.0,33.94,48.98,9.050666666666666,13.061333333333334,15.04,batch_1_wagons[W9460]
541.5,2025-12-01T09:01:30+00:00,collection1,capacity_reserved,375.0,48.98,63.879999999999995,13.061333333333334,17.034666666666666,14.9,batch_1_wagons[W9445]
578.5,2025-12-01T09:38:30+00:00,retrofitted,capacity_reserved,264.0,0.0,53.93,0.0,20.428030303030305,53.93,"batch_2_wagons[W11188,W10437]"
588.5,2025-12-01T09:48:30+00:00,retrofitted,capacity_released,264.0,53.93,0.0,20.428030303030305,0.0,-53.93,"batch_2_wagons[W11188,W10437]"
624.0,2025-12-01T10:24:00+00:00,retrofit,capacity_released,319.5,38.72,0.0,12.118935837245697,0.0,-38.72,"batch_2_wagons[W12394,W9278]"
638.0,2025-12-01T10:38:00+00:00,collection1,capacity_released,375.0,63.879999999999995,0.0,17.034666666666666,0.0,-63.879999999999995,"batch_4_wagons[W3926,W5834,W9460,W9445]"
638.0,2025-12-01T10:38:00+00:00,retrofit,capacity_reserved,319.5,0.0,63.879999999999995,0.0,19.99374021909233,63.879999999999995,"batch_4_wagons[W3926,W5834,W9460,W9445]"
672.75,2025-12-01T11:12:45+00:00,collection1,capacity_reserved,375.0,0.0,14.04,0.0,3.744,14.04,batch_1_wagons[W10704]
672.75,2025-12-01T11:12:45+00:00,collection1,capacity_reserved,375.0,14.04,33.94,3.744,9.050666666666666,19.9,batch_1_wagons[W3675]
712.0,2025-12-01T11:52:00+00:00,parking16,capacity_reserved,1875.0,0.0,53.93,0.0,2.8762666666666665,53.93,"batch_2_wagons[W11188,W10437]"
715.0,2025-12-01T11:55:00+00:00,collection1,capacity_reserved,375.0,33.94,45.54,9.050666666666666,12.143999999999998,11.6,batch_1_wagons[W7132]
715.0,2025-12-01T11:55:00+00:00,collection1,capacity_reserved,375.0,45.54,68.03999999999999,12.143999999999998,18.144,22.5,batch_1_wagons[W8934]
715.0,2025-12-01T11:55:00+00:00,collection1,capacity_reserved,375.0,68.03999999999999,82.07999999999998,18.144,21.887999999999998,14.04,batch_1_wagons[W6253]
715.0,2025-12-01T11:55:00+00:00,collection1,capacity_reserved,375.0,82.07999999999998,98.07999999999998,21.887999999999998,26.154666666666664,16.0,batch_1_wagons[W7747]
715.0,2025-12-01T11:55:00+00:00,collection1,capacity_reserved,375.0,98.07999999999998,117.67999999999998,26.154666666666664,31.381333333333327,19.6,batch_1_wagons[W10546]
715.0,2025-12-01T11:55:00+00:00,collection1,capacity_reserved,375.0,117.67999999999998,129.27999999999997,31.381333333333327,34.47466666666666,11.6,batch_1_wagons[W7222]
724.5,2025-12-01T12:04:30+00:00,collection1,capacity_reserved,375.0,129.27999999999997,157.79999999999998,34.47466666666666,42.08,28.52,batch_1_wagons[W0689]
725.0,2025-12-01T12:05:00+00:00,collection1,capacity_reserved,375.0,157.79999999999998,170.54,42.08,45.477333333333334,12.74,batch_1_wagons[W11268]
725.0,2025-12-01T12:05:00+00:00,collection1,capacity_reserved,375.0,170.54,196.89,45.477333333333334,52.504,26.35,batch_1_wagons[W11509]
725.0,2025-12-01T12:05:00+00:00,collection1,capacity_reserved,375.0,196.89,212.63,52.504,56.70133333333334,15.74,batch_1_wagons[W6557]
753.25,2025-12-01T12:33:15+00:00,collection1,capacity_reserved,375.0,212.63,235.49,56.70133333333334,62.79733333333334,22.86,batch_1_wagons[W10356]
784.0,2025-12-01T13:04:00+00:00,retrofitted,capacity_reserved,264.0,0.0,38.72,0.0,14.666666666666666,38.72,"batch_2_wagons[W12394,W9278]"
785.5,2025-12-01T13:05:30+00:00,collection1,capacity_reserved,375.0,235.49,249.78,62.79733333333334,66.608,14.29,batch_1_wagons[W6006]
785.5,2025-12-01T13:05:30+00:00,collection1,capacity_reserved,375.0,249.78,269.68,66.608,71.91466666666668,19.9,batch_1_wagons[W4440]
785.5,2025-12-01T13:05:30+00:00,collection1,capacity_reserved,375.0,269.68,289.58,71.91466666666668,77.22133333333333,19.9,batch_1_wagons[W10383]
793.0,2025-12-01T13:13:00+00:00,retrofit,capacity_released,319.5,63.879999999999995,29.939999999999998,19.99374021909233,9.370892018779342,-33.94,"batch_2_wagons[W3926,W5834]"
793.0,2025-12-01T13:13:00+00:00,retrofit,capacity_released,319.5,29.939999999999998,0.0,9.370892018779342,0.0,-29.939999999999998,"batch_2_wagons[W9460,W9445]"
819.0,2025-12-01T13:39:00+00:00,collection1,capacity_released,375.0,289.58,0.0,77.22133333333333,0.0,-289.58,"batch_16_wagons[W10704,W3675,W7132,W8934,W6253,W7747,W10546,W7222,W0689,W11268,W11509,W6557,W10356,W6006,W4440,W10383]"
819.0,2025-12-01T13:39:00+00:00,retrofit,capacity_reserved,319.5,0.0,289.58,0.0,90.63536776212831,289.58,"batch_16_wagons[W10704,W3675,W7132,W8934,W6253,W7747,W10546,W7222,W0689,W11268,W11509,W6557,W10356,W6006,W4440,W10383]"
834.0,2025-12-01T13:54:00+00:00,retrofitted,capacity_released,264.0,38.72,0.0,14.666666666666666,0.0,-38.72,"batch_2_wagons[W12394,W9278]"
866.0,2025-12-01T14:26:00+00:00,collection1,capacity_reserved,375.0,0.0,15.8,0.0,4.213333333333334,15.8,batch_1_wagons[W2238]
866.0,2025-12-01T14:26:00+00:00,collection1,capacity_reserved,375.0,15.8,25.44,4.213333333333334,6.784,9.64,batch_1_wagons[W0047]
866.0,2025-12-01T14:26:00+00:00,collection1,capacity_reserved,375.0,25.44,35.08,6.784,9.354666666666667,9.64,batch_1_wagons[W0049]
894.75,2025-12-01T14:54:45+00:00,collection1,capacity_reserved,375.0,35.08,54.12,9.354666666666667,14.432,19.04,batch_1_wagons[W2535]
894.75,2025-12-01T14:54:45+00:00,collection1,capacity_reserved,375.0,54.12,76.92,14.432,20.512,22.8,batch_1_wagons[W7970]
894.75,2025-12-01T14:54:45+00:00,collection1,capacity_reserved,375.0,76.92,88.96000000000001,20.512,23.72266666666667,12.04,batch_1_wagons[W4849]
957.5,2025-12-01T15:57:30+00:00,parking16,capacity_reserved,1875.0,53.93,92.65,2.8762666666666665,4.941333333333334,38.72,"batch_2_wagons[W12394,W9278]"
1029.5,2025-12-01T17:09:30+00:00,retrofitted,capacity_reserved,264.0,0.0,33.94,0.0,12.856060606060604,33.94,"batch_2_wagons[W3926,W5834]"
1034.5,2025-12-01T17:14:30+00:00,retrofit,capacity_released,319.5,289.58,255.64,90.63536776212831,80.01251956181534,-33.94,"batch_2_wagons[W10704,W3675]"
1046.5,2025-12-01T17:26:30+00:00,retrofitted,capacity_reserved,264.0,33.94,63.879999999999995,12.856060606060604,24.196969696969695,29.939999999999998,"batch_2_wagons[W9460,W9445]"
1051.25,2025-12-01T17:31:15+00:00,collection1,capacity_reserved,375.0,88.96000000000001,112.2,23.72266666666667,29.92,23.24,batch_1_wagons[W2967]
1051.25,2025-12-01T17:31:15+00:00,collection1,capacity_reserved,375.0,112.2,135.5,29.92,36.13333333333333,23.3,batch_1_wagons[W9776]
1051.25,2025-12-01T17:31:15+00:00,collection1,capacity_reserved,375.0,135.5,158.74,36.13333333333333,42.330666666666666,23.24,batch_1_wagons[W12208]
1051.25,2025-12-01T17:31:15+00:00,collection1,capacity_reserved,375.0,158.74,175.24,42.330666666666666,46.73066666666667,16.5,batch_1_wagons[W11348]
1051.5,2025-12-01T17:31:30+00:00,retrofit,capacity_released,319.5,255.64,221.54,80.01251956181534,69.339593114241,-34.1,"batch_2_wagons[W7132,W8934]"
1088.75,2025-12-01T18:08:45+00:00,collection1,capacity_reserved,375.0,175.24,198.48000000000002,46.73066666666667,52.92800000000001,23.24,batch_1_wagons[W12037]
1088.75,2025-12-01T18:08:45+00:00,collection1,capacity_reserved,375.0,198.48000000000002,212.50000000000003,52.92800000000001,56.66666666666668,14.02,batch_1_wagons[W0440]
1088.75,2025-12-01T18:08:45+00:00,collection1,capacity_reserved,375.0,212.50000000000003,235.74000000000004,56.66666666666668,62.86400000000001,23.24,batch_1_wagons[W11988]
1088.75,2025-12-01T18:08:45+00:00,collection1,capacity_reserved,375.0,235.74000000000004,258.98,62.86400000000001,69.06133333333334,23.24,batch_1_wagons[W12260]
1088.75,2025-12-01T18:08:45+00:00,collection1,capacity_reserved,375.0,258.98,274.48,69.06133333333334,73.19466666666668,15.5,batch_1_wagons[W0130]
1088.75,2025-12-01T18:08:45+00:00,collection1,capacity_reserved,375.0,274.48,290.58000000000004,73.19466666666668,77.48800000000001,16.1,batch_1_wagons[W9352]
1088.75,2025-12-01T18:08:45+00:00,collection1,capacity_reserved,375.0,290.58000000000004,313.82000000000005,77.48800000000001,83.68533333333335,23.24,batch_1_wagons[W2980]
1088.75,2025-12-01T18:08:45+00:00,collection1,capacity_reserved,375.0,313.82000000000005,329.82000000000005,83.68533333333335,87.95200000000001,16.0,batch_1_wagons[W2406]
1088.75,2025-12-01T18:08:45+00:00,collection1,capacity_reserved,375.0,329.82000000000005,345.62000000000006,87.95200000000001,92.16533333333335,15.8,batch_1_wagons[W2399]
1100.0,2025-12-01T18:20:00+00:00,collection1,capacity_released,375.0,345.62000000000006,256.6600000000001,92.16533333333335,68.44266666666668,-88.96000000000001,"batch_6_wagons[W2238,W0047,W0049,W2535,W7970,W4849]"
1100.0,2025-12-01T18:20:00+00:00,retrofit,capacity_reserved,319.5,221.54,310.5,69.339593114241,97.1830985915493,88.96000000000001,"batch_6_wagons[W2238,W0047,W0049,W2535,W7970,W4849]"
1105.0,2025-12-01T18:25:00+00:00,retrofitted,capacity_released,264.0,63.879999999999995,29.939999999999998,24.196969696969695,11.34090909090909,-33.94,"batch_2_wagons[W3926,W5834]"
1228.5,2025-12-01T20:28:30+00:00,parking16,capacity_reserved,1875.0,92.65,126.59,4.941333333333334,6.7514666666666665,33.94,"batch_2_wagons[W3926,W5834]"
1300.5,2025-12-01T21:40:30+00:00,retrofitted,capacity_reserved,264.0,29.939999999999998,63.879999999999995,11.34090909090909,24.196969696969695,33.94,"batch_2_wagons[W10704,W3675]"
1301.0,2025-12-01T21:41:00+00:00,collection1,capacity_released,375.0,256.6600000000001,233.42000000000007,68.44266666666668,62.24533333333335,-23.24,batch_1_wagons[W2967]
1301.0,2025-12-01T21:41:00+00:00,retrofit,capacity_reserve_blocked,319.5,310.5,310.5,97.1830985915493,97.1830985915493,23.24,batch_1_wagons_WAITING[W2967]
1305.5,2025-12-01T21:45:30+00:00,retrofit,capacity_released,319.5,310.5,303.7,97.1830985915493,95.05477308294209,-30.04,"batch_2_wagons[W6253,W7747]"
1305.5,2025-12-01T21:45:30+00:00,retrofit,capacity_reserved,319.5,280.46,303.7,87.7809076682316,95.05477308294209,23.24,batch_1_wagons[W2967]
1310.5,2025-12-01T21:50:30+00:00,retrofitted,capacity_released,264.0,63.879999999999995,33.94,24.196969696969695,12.856060606060604,-29.939999999999998,"batch_2_wagons[W9460,W9445]"
1313.0,2025-12-01T21:53:00+00:00,retrofitted,capacity_reserved,264.0,33.94,68.03999999999999,12.856060606060604,25.77272727272727,34.1,"batch_2_wagons[W7132,W8934]"
1318.0,2025-12-01T21:58:00+00:00,retrofit,capacity_released,319.5,303.7,272.5,95.05477308294209,85.28951486697966,-31.200000000000003,"batch_2_wagons[W10546,W7222]"
1434.0,2025-12-01T23:54:00+00:00,parking16,capacity_reserved,1875.0,126.59,156.53,6.7514666666666665,8.348266666666666,29.939999999999998,"batch_2_wagons[W9460,W9445]"
1479.0,2025-12-02T00:39:00+00:00,collection1,capacity_reserved,375.0,233.42000000000007,256.68000000000006,62.24533333333335,68.44800000000002,23.26,batch_1_wagons[W9868]
1479.0,2025-12-02T00:39:00+00:00,collection1,capacity_reserved,375.0,256.68000000000006,279.9200000000001,68.44800000000002,74.64533333333335,23.24,batch_1_wagons[W12060]
1479.0,2025-12-02T00:39:00+00:00,collection1,capacity_reserved,375.0,279.9200000000001,303.1600000000001,74.64533333333335,80.84266666666669,23.24,batch_1_wagons[W12210]
1479.0,2025-12-02T00:39:00+00:00,collection1,capacity_reserved,375.0,303.1600000000001,326.4000000000001,80.84266666666669,87.04000000000003,23.24,batch_1_wagons[W8636]
1479.0,2025-12-02T00:39:00+00:00,collection1,capacity_reserved,375.0,326.4000000000001,340.80000000000007,87.04000000000003,90.88000000000001,14.4,batch_1_wagons[W10949]
1479.0,2025-12-02T00:39:00+00:00,collection1,capacity_reserved,375.0,340.80000000000007,364.00000000000006,90.88000000000001,97.06666666666668,23.2,batch_1_wagons[W8631]
1501.0,2025-12-02T01:01:00+00:00,collection1,capacity_released,375.0,364.00000000000006,317.46000000000004,97.06666666666668,84.656,-46.54,"batch_2_wagons[W9776,W12208]"
1501.0,2025-12-02T01:01:00+00:00,retrofit,capacity_reserved,319.5,272.5,319.04,85.28951486697966,99.85602503912364,46.54,"batch_2_wagons[W9776,W12208]"
1506.0,2025-12-02T01:06:00+00:00,retrofitted,capacity_reserved,264.0,68.03999999999999,98.07999999999998,25.77272727272727,37.15151515151515,30.04,"batch_2_wagons[W6253,W7747]"
1509.0,2025-12-02T01:09:00+00:00,collection1,capacity_reserved,375.0,317.46000000000004,331.86,84.656,88.49600000000001,14.4,batch_1_wagons[W9392]
1509.0,2025-12-02T01:09:00+00:00,collection1,capacity_reserved,375.0,331.86,349.76,88.49600000000001,93.26933333333332,17.9,batch_1_wagons[W9274]
1509.0,2025-12-02T01:09:00+00:00,collection1,capacity_reserved,375.0,349.76,373.62,93.26933333333332,99.632,23.86,batch_1_wagons[W8613]
1509.0,2025-12-02T01:09:00+00:00,collection2,capacity_reserved,375.0,0.0,22.24,0.0,5.930666666666666,22.24,batch_1_wagons[W10130]
1509.0,2025-12-02T01:09:00+00:00,collection2,capacity_reserved,375.0,22.24,36.64,5.930666666666666,9.770666666666667,14.4,batch_1_wagons[W9721]
1509.0,2025-12-02T01:09:00+00:00,collection2,capacity_reserved,375.0,36.64,37.7,9.770666666666667,10.053333333333333,23.3,batch_1_wagons[W9756]
1509.0,2025-12-02T01:09:00+00:00,collection2,capacity_released,375.0,59.94,37.7,15.983999999999998,10.053333333333333,-22.24,batch_1_wagons[W10130]
1509.0,2025-12-02T01:09:00+00:00,retrofit,capacity_reserve_blocked,319.5,319.04,319.04,99.85602503912364,99.85602503912364,22.24,batch_1_wagons_WAITING[W10130]
1511.0,2025-12-02T01:11:00+00:00,retrofit,capacity_released,319.5,319.04,300.02000000000004,99.85602503912364,93.90297339593116,-41.26,"batch_2_wagons[W0689,W11268]"
1511.0,2025-12-02T01:11:00+00:00,retrofit,capacity_reserved,319.5,277.78000000000003,300.02000000000004,86.94209702660409,93.90297339593116,22.24,batch_1_wagons[W10130]
1513.0,2025-12-02T01:13:00+00:00,retrofitted,capacity_reserved,264.0,98.07999999999998,129.27999999999997,37.15151515151515,48.969696969696955,31.200000000000003,"batch_2_wagons[W10546,W7222]"
1516.0,2025-12-02T01:16:00+00:00,retrofitted,capacity_released,264.0,129.27999999999997,61.23999999999998,48.969696969696955,23.196969696969692,-68.03999999999999,"batch_4_wagons[W10704,W3675,W7132,W8934]"
1518.0,2025-12-02T01:18:00+00:00,retrofit,capacity_released,319.5,300.02000000000004,257.93000000000006,93.90297339593116,80.72926447574336,-42.09,"batch_2_wagons[W11509,W6557]"
1602.5,2025-12-02T02:42:30+00:00,collection2,capacity_reserved,375.0,37.7,64.05000000000001,10.053333333333333,17.080000000000002,26.35,batch_1_wagons[W11467]
1602.5,2025-12-02T02:42:30+00:00,collection2,capacity_reserved,375.0,64.05000000000001,86.91000000000001,17.080000000000002,23.176000000000002,22.86,batch_1_wagons[W10354]
1602.5,2025-12-02T02:42:30+00:00,collection2,capacity_reserved,375.0,86.91000000000001,106.81,23.176000000000002,28.482666666666667,19.9,batch_1_wagons[W3950]
1602.5,2025-12-02T02:42:30+00:00,collection2,capacity_reserved,375.0,106.81,129.16,28.482666666666667,34.44266666666667,22.35,batch_1_wagons[W7997]
1602.5,2025-12-02T02:42:30+00:00,collection2,capacity_reserved,375.0,129.16,153.01999999999998,34.44266666666667,40.80533333333333,23.86,batch_1_wagons[W8626]
1642.5,2025-12-02T03:22:30+00:00,parking16,capacity_reserved,1875.0,156.53,224.57,8.348266666666666,11.977066666666666,68.03999999999999,"batch_4_wagons[W10704,W3675,W7132,W8934]"
1687.25,2025-12-02T04:07:15+00:00,collection2,capacity_reserved,375.0,153.01999999999998,170.01999999999998,40.80533333333333,45.33866666666666,17.0,batch_1_wagons[W9174]
1687.25,2025-12-02T04:07:15+00:00,collection2,capacity_reserved,375.0,170.01999999999998,187.01999999999998,45.33866666666666,49.87199999999999,17.0,batch_1_wagons[W9169]
1687.25,2025-12-02T04:07:15+00:00,collection2,capacity_reserved,375.0,187.01999999999998,204.01999999999998,49.87199999999999,54.40533333333333,17.0,batch_1_wagons[W9173]
1709.0,2025-12-02T04:29:00+00:00,collection1,capacity_released,375.0,373.62,319.86,99.632,85.296,-53.76,"batch_3_wagons[W11348,W12037,W0440]"
1709.0,2025-12-02T04:29:00+00:00,retrofit,capacity_reserved,319.5,257.93000000000006,311.69000000000005,80.72926447574336,97.55555555555557,53.76,"batch_3_wagons[W11348,W12037,W0440]"
1721.0,2025-12-02T04:41:00+00:00,retrofitted,capacity_reserved,264.0,61.23999999999998,102.49999999999997,23.196969696969692,38.825757575757564,41.26,"batch_2_wagons[W0689,W11268]"
1726.0,2025-12-02T04:46:00+00:00,retrofit,capacity_released,319.5,311.69000000000005,274.5400000000001,97.55555555555557,85.92801251956183,-37.15,"batch_2_wagons[W10356,W6006]"
1738.0,2025-12-02T04:58:00+00:00,retrofitted,capacity_reserved,264.0,102.49999999999997,144.58999999999997,38.825757575757564,54.768939393939384,42.09,"batch_2_wagons[W11509,W6557]"
1743.0,2025-12-02T05:03:00+00:00,retrofit,capacity_released,319.5,274.5400000000001,234.74000000000007,85.92801251956183,73.47104851330205,-39.8,"batch_2_wagons[W4440,W10383]"
1767.0,2025-12-02T05:27:00+00:00,collection1,capacity_reserved,375.0,319.86,333.90000000000003,85.296,89.04,14.04,batch_1_wagons[W6140]
1833.5,2025-12-02T06:33:30+00:00,collection2,capacity_released,375.0,204.01999999999998,139.96999999999997,54.40533333333333,37.325333333333326,-64.05,"batch_3_wagons[W9721,W9756,W11467]"
1833.5,2025-12-02T06:33:30+00:00,retrofit,capacity_reserved,319.5,234.74000000000007,298.7900000000001,73.47104851330205,93.51799687010957,64.05,"batch_3_wagons[W9721,W9756,W11467]"
1845.5,2025-12-02T06:45:30+00:00,retrofitted,capacity_reserved,264.0,144.58999999999997,181.73999999999998,54.768939393939384,68.84090909090908,37.15,"batch_2_wagons[W10356,W6006]"
1850.5,2025-12-02T06:50:30+00:00,retrofit,capacity_released,319.5,298.7900000000001,273.3500000000001,93.51799687010957,85.55555555555559,-25.44,"batch_2_wagons[W2238,W0047]"
1853.5,2025-12-02T06:53:30+00:00,collection1,capacity_reserved,375.0,333.90000000000003,353.8,89.04,94.34666666666666,19.9,batch_1_wagons[W10364]
1853.5,2025-12-02T06:53:30+00:00,collection1,capacity_reserved,375.0,353.8,367.84000000000003,94.34666666666666,98.09066666666666,14.04,batch_1_wagons[W6077]
1855.5,2025-12-02T06:55:30+00:00,retrofitted,capacity_released,264.0,181.73999999999998,120.49999999999997,68.84090909090908,45.643939393939384,-61.24,"batch_4_wagons[W6253,W7747,W10546,W7222]"
1870.0,2025-12-02T07:10:00+00:00,collection2,capacity_reserved,375.0,139.96999999999997,156.06999999999996,37.325333333333326,41.61866666666666,16.1,batch_1_wagons[W9270]
1870.0,2025-12-02T07:10:00+00:00,collection2,capacity_reserved,375.0,156.06999999999996,173.96999999999997,41.61866666666666,46.391999999999996,17.9,batch_1_wagons[W9276]
1870.0,2025-12-02T07:10:00+00:00,collection2,capacity_reserved,375.0,173.96999999999997,194.40999999999997,46.391999999999996,51.84266666666666,20.44,batch_1_wagons[W11578]
1942.0,2025-12-02T08:22:00+00:00,collection1,capacity_released,375.0,367.84000000000003,344.6,98.09066666666666,91.89333333333335,-23.24,batch_1_wagons[W11988]
1942.0,2025-12-02T08:22:00+00:00,retrofit,capacity_reserved,319.5,273.3500000000001,296.5900000000001,85.55555555555559,92.82942097026606,23.24,batch_1_wagons[W11988]
1965.25,2025-12-02T08:45:15+00:00,collection1,capacity_reserved,375.0,344.6,374.17,91.89333333333335,99.77866666666667,29.57,batch_1_wagons[W0623]
1965.25,2025-12-02T08:45:15+00:00,collection2,capacity_reserved,375.0,194.40999999999997,217.64999999999998,51.84266666666666,58.03999999999999,23.24,batch_1_wagons[W11970]
1982.0,2025-12-02T09:02:00+00:00,parking16,capacity_reserved,1875.0,224.57,285.81,11.977066666666666,15.243200000000002,61.24,"batch_4_wagons[W6253,W7747,W10546,W7222]"
2054.0,2025-12-02T10:14:00+00:00,retrofitted,capacity_reserved,264.0,120.49999999999997,160.29999999999995,45.643939393939384,60.719696969696955,39.8,"batch_2_wagons[W4440,W10383]"
2059.0,2025-12-02T10:19:00+00:00,retrofit,capacity_released,319.5,296.5900000000001,267.9100000000001,92.82942097026606,83.85289514866983,-28.68,"batch_2_wagons[W0049,W2535]"
2115.0,2025-12-02T11:15:00+00:00,collection2,capacity_released,375.0,217.64999999999998,174.89,58.03999999999999,46.63733333333333,-42.76,"batch_2_wagons[W10354,W3950]"
2115.0,2025-12-02T11:15:00+00:00,retrofit,capacity_reserved,319.5,267.9100000000001,310.6700000000001,83.85289514866983,97.2363067292645,42.76,"batch_2_wagons[W10354,W3950]"
2138.0,2025-12-02T11:38:00+00:00,collection2,capacity_reserved,375.0,174.89,194.89,46.63733333333333,51.970666666666666,20.0,batch_1_wagons[W3173]
2138.0,2025-12-02T11:38:00+00:00,collection2,capacity_reserved,375.0,194.89,215.73,51.970666666666666,57.528,20.84,batch_1_wagons[W5038]
2138.0,2025-12-02T11:38:00+00:00,collection2,capacity_reserved,375.0,215.73,228.47,57.528,60.925333333333334,12.74,batch_1_wagons[W11261]
2138.0,2025-12-02T11:38:00+00:00,collection2,capacity_reserved,375.0,228.47,241.21,60.925333333333334,64.32266666666668,12.74,batch_1_wagons[W11259]
2138.0,2025-12-02T11:38:00+00:00,collection2,capacity_reserved,375.0,241.21,257.61,64.32266666666668,68.696,16.4,batch_1_wagons[W5167]
2138.0,2025-12-02T11:38:00+00:00,collection2,capacity_reserved,375.0,257.61,280.01,68.696,74.66933333333333,22.4,batch_1_wagons[W4666]
2138.0,2025-12-02T11:38:00+00:00,collection2,capacity_reserved,375.0,280.01,292.75,74.66933333333333,78.06666666666666,12.74,batch_1_wagons[W11269]
2138.0,2025-12-02T11:38:00+00:00,collection2,capacity_reserved,375.0,292.75,312.65,78.06666666666666,83.37333333333333,19.9,batch_1_wagons[W3811]
2138.0,2025-12-02T11:38:00+00:00,collection2,capacity_reserved,375.0,312.65,335.914,83.37333333333333,89.57706666666667,23.264,batch_1_wagons[W2926]
2138.0,2025-12-02T11:38:00+00:00,collection2,capacity_reserved,375.0,335.914,352.31399999999996,89.57706666666667,93.95039999999999,16.4,batch_1_wagons[W5391]
2138.0,2025-12-02T11:38:00+00:00,collection2,capacity_reserved,375.0,352.31399999999996,368.054,93.95039999999999,98.14773333333333,15.74,batch_1_wagons[W6682]
2153.0,2025-12-02T11:53:00+00:00,retrofitted,capacity_reserved,264.0,160.29999999999995,185.73999999999995,60.719696969696955,70.3560606060606,25.44,"batch_2_wagons[W2238,W0047]"
2158.0,2025-12-02T11:58:00+00:00,retrofit,capacity_released,319.5,310.6700000000001,275.83000000000004,97.2363067292645,86.33176838810644,-34.84,"batch_2_wagons[W7970,W4849]"
2190.0,2025-12-02T12:30:00+00:00,collection1,capacity_released,375.0,374.17,335.43,99.77866666666667,89.44800000000001,-38.739999999999995,"batch_2_wagons[W12260,W0130]"
2190.0,2025-12-02T12:30:00+00:00,retrofit,capacity_reserved,319.5,275.83000000000004,314.57000000000005,86.33176838810644,98.4569640062598,38.739999999999995,"batch_2_wagons[W12260,W0130]"
2221.0,2025-12-02T13:01:00+00:00,retrofitted,capacity_released,264.0,185.73999999999995,65.23999999999995,70.3560606060606,24.712121212121193,-120.5,"batch_6_wagons[W0689,W11268,W11509,W6557,W10356,W6006]"
2258.0,2025-12-02T13:38:00+00:00,collection1,capacity_reserved,375.0,335.43,348.17,89.44800000000001,92.84533333333333,12.74,batch_1_wagons[W11254]
2258.0,2025-12-02T13:38:00+00:00,collection1,capacity_reserved,375.0,348.17,360.91,92.84533333333333,96.24266666666668,12.74,batch_1_wagons[W10878]
2258.0,2025-12-02T13:38:00+00:00,collection1,capacity_reserved,375.0,360.91,373.65000000000003,96.24266666666668,99.64,12.74,batch_1_wagons[W10889]
2297.0,2025-12-02T14:17:00+00:00,collection2,capacity_released,375.0,368.054,345.70399999999995,98.14773333333333,92.18773333333333,-22.35,batch_1_wagons[W7997]
2297.0,2025-12-02T14:17:00+00:00,retrofit,capacity_reserve_blocked,319.5,314.57000000000005,314.57000000000005,98.4569640062598,98.4569640062598,22.35,batch_1_wagons_WAITING[W7997]
2303.75,2025-12-02T14:23:45+00:00,collection2,capacity_reserved,375.0,345.70399999999995,360.64399999999995,92.18773333333333,96.17173333333332,14.94,batch_1_wagons[W11320]
2303.75,2025-12-02T14:23:45+00:00,collection2,capacity_reserved,375.0,360.64399999999995,374.68399999999997,96.17173333333332,99.91573333333332,14.04,batch_1_wagons[W5833]
2350.5,2025-12-02T15:10:30+00:00,parking16,capacity_reserved,1875.0,285.81,406.31,15.243200000000002,21.669866666666667,120.5,"batch_6_wagons[W0689,W11268,W11509,W6557,W10356,W6006]"
2422.5,2025-12-02T16:22:30+00:00,retrofitted,capacity_reserved,264.0,65.23999999999995,93.91999999999996,24.712121212121193,35.575757575757564,28.68,"batch_2_wagons[W0049,W2535]"
2427.5,2025-12-02T16:27:30+00:00,retrofit,capacity_released,319.5,314.57000000000005,290.38000000000005,98.4569640062598,90.88575899843508,-46.54,"batch_2_wagons[W2967,W9776]"
2427.5,2025-12-02T16:27:30+00:00,retrofit,capacity_reserved,319.5,268.03000000000003,290.38000000000005,83.89045383411582,90.88575899843508,22.35,batch_1_wagons[W7997]
2436.0,2025-12-02T16:36:00+00:00,collection1,capacity_released,375.0,373.65000000000003,357.55,99.64,95.34666666666666,-16.1,batch_1_wagons[W9352]
2436.0,2025-12-02T16:36:00+00:00,retrofit,capacity_reserved,319.5,290.38000000000005,306.4800000000001,90.88575899843508,95.924882629108,16.1,batch_1_wagons[W9352]
2439.5,2025-12-02T16:39:30+00:00,retrofitted,capacity_reserved,264.0,93.91999999999996,128.75999999999996,35.575757575757564,48.77272727272726,34.84,"batch_2_wagons[W7970,W4849]"
2444.5,2025-12-02T16:44:30+00:00,retrofit,capacity_released,319.5,306.4800000000001,261.00000000000006,95.924882629108,81.69014084507043,-45.48,"batch_2_wagons[W12208,W10130]"
2449.5,2025-12-02T16:49:30+00:00,retrofitted,capacity_released,264.0,128.75999999999996,63.51999999999997,48.77272727272726,24.060606060606048,-65.24,"batch_4_wagons[W4440,W10383,W2238,W0047]"
2484.75,2025-12-02T17:24:45+00:00,collection1,capacity_reserved,375.0,357.55,371.84000000000003,95.34666666666666,99.15733333333334,14.29,batch_1_wagons[W5978]
2576.0,2025-12-02T18:56:00+00:00,parking16,capacity_reserved,1875.0,406.31,471.55,21.669866666666667,25.149333333333335,65.24,"batch_4_wagons[W4440,W10383,W2238,W0047]"
2593.0,2025-12-02T19:13:00+00:00,collection2,capacity_released,375.0,374.68399999999997,316.82399999999996,99.91573333333332,84.48639999999999,-57.86,"batch_3_wagons[W8626,W9174,W9169]"
2593.0,2025-12-02T19:13:00+00:00,retrofit,capacity_reserved,319.5,261.00000000000006,318.86000000000007,81.69014084507043,99.79968701095464,57.86,"batch_3_wagons[W8626,W9174,W9169]"
2666.75,2025-12-02T20:26:45+00:00,collection2,capacity_reserved,375.0,316.82399999999996,340.06399999999996,84.48639999999999,90.68373333333332,23.24,batch_1_wagons[W12077]
2666.75,2025-12-02T20:26:45+00:00,collection2,capacity_reserved,375.0,340.06399999999996,355.864,90.68373333333332,94.89706666666666,15.8,batch_1_wagons[W11766]
2666.75,2025-12-02T20:26:45+00:00,collection2,capacity_reserved,375.0,355.864,367.904,94.89706666666666,98.10773333333333,12.04,batch_1_wagons[W4793]
2724.0,2025-12-02T21:24:00+00:00,collection1,capacity_released,375.0,371.84000000000003,348.6,99.15733333333334,92.96000000000001,-23.24,batch_1_wagons[W2980]
2724.0,2025-12-02T21:24:00+00:00,retrofit,capacity_reserve_blocked,319.5,318.86000000000007,318.86000000000007,99.79968701095464,99.79968701095464,23.24,batch_1_wagons_WAITING[W2980]
2736.0,2025-12-02T21:36:00+00:00,retrofitted,capacity_reserved,264.0,63.51999999999997,110.05999999999997,24.060606060606048,41.68939393939393,46.54,"batch_2_wagons[W2967,W9776]"
2741.0,2025-12-02T21:41:00+00:00,retrofit,capacity_released,319.5,318.86000000000007,302.36000000000007,99.79968701095464,94.63536776212835,-39.739999999999995,"batch_2_wagons[W11348,W12037]"
2741.0,2025-12-02T21:41:00+00:00,retrofit,capacity_reserved,319.5,279.12000000000006,302.36000000000007,87.36150234741787,94.63536776212835,23.24,batch_1_wagons[W2980]
2753.0,2025-12-02T21:53:00+00:00,retrofitted,capacity_reserved,264.0,110.05999999999997,155.53999999999996,41.68939393939393,58.91666666666665,45.48,"batch_2_wagons[W12208,W10130]"
2758.0,2025-12-02T21:58:00+00:00,retrofit,capacity_released,319.5,302.36000000000007,273.94000000000005,94.63536776212835,85.74021909233178,-28.42,"batch_2_wagons[W0440,W9721]"
2809.0,2025-12-02T22:49:00+00:00,collection2,capacity_released,375.0,367.904,334.804,98.10773333333333,89.28106666666666,-33.1,"batch_2_wagons[W9173,W9270]"
2809.0,2025-12-02T22:49:00+00:00,retrofit,capacity_reserved,319.5,273.94000000000005,307.0400000000001,85.74021909233178,96.10015649452272,33.1,"batch_2_wagons[W9173,W9270]"
2840.0,2025-12-02T23:20:00+00:00,retrofitted,capacity_released,264.0,155.53999999999996,92.01999999999997,58.91666666666665,34.856060606060595,-63.519999999999996,"batch_4_wagons[W0049,W2535,W7970,W4849]"
2844.75,2025-12-02T23:24:45+00:00,collection1,capacity_reserved,375.0,348.6,361.85,92.96000000000001,96.49333333333334,13.25,batch_1_wagons[W7261]
2844.75,2025-12-02T23:24:45+00:00,collection2,capacity_reserved,375.0,334.804,348.054,89.28106666666666,92.81439999999999,13.25,batch_1_wagons[W7263]
2844.75,2025-12-02T23:24:45+00:00,collection2,capacity_reserved,375.0,348.054,362.094,92.81439999999999,96.5584,14.04,batch_1_wagons[W6339]
2915.0,2025-12-03T00:35:00+00:00,collection1,capacity_released,375.0,361.85,345.85,96.49333333333334,92.22666666666667,-16.0,batch_1_wagons[W2406]
2915.0,2025-12-03T00:35:00+00:00,retrofit,capacity_reserve_blocked,319.5,307.0400000000001,307.0400000000001,96.10015649452272,96.10015649452272,16.0,batch_1_wagons_WAITING[W2406]
2950.25,2025-12-03T01:10:15+00:00,collection1,capacity_reserved,375.0,345.85,365.49,92.22666666666667,97.46400000000001,19.64,batch_1_wagons[W4726]
2966.5,2025-12-03T01:26:30+00:00,parking16,capacity_reserved,1875.0,471.55,535.07,25.149333333333335,28.53706666666667,63.519999999999996,"batch_4_wagons[W0049,W2535,W7970,W4849]"
3026.75,2025-12-03T02:26:45+00:00,collection2,capacity_reserved,375.0,362.094,373.694,96.5584,99.65173333333334,11.6,batch_1_wagons[W7155]
3038.5,2025-12-03T02:38:30+00:00,retrofitted,capacity_reserved,264.0,92.01999999999997,131.75999999999996,34.856060606060595,49.9090909090909,39.739999999999995,"batch_2_wagons[W11348,W12037]"
3043.5,2025-12-03T02:43:30+00:00,retrofit,capacity_released,319.5,307.0400000000001,273.3900000000001,96.10015649452272,85.56807511737092,-49.650000000000006,"batch_2_wagons[W9756,W11467]"
3043.5,2025-12-03T02:43:30+00:00,retrofit,capacity_reserved,319.5,257.3900000000001,273.3900000000001,80.56025039123634,85.56807511737092,16.0,batch_1_wagons[W2406]
3054.0,2025-12-03T02:54:00+00:00,collection2,capacity_released,375.0,373.694,335.35400000000004,99.65173333333334,89.42773333333335,-38.34,"batch_2_wagons[W9276,W11578]"
3054.0,2025-12-03T02:54:00+00:00,retrofit,capacity_reserved,319.5,273.3900000000001,311.73000000000013,85.56807511737092,97.56807511737094,38.34,"batch_2_wagons[W9276,W11578]"
3055.5,2025-12-03T02:55:30+00:00,retrofitted,capacity_reserved,264.0,131.75999999999996,160.17999999999995,49.9090909090909,60.67424242424241,28.42,"batch_2_wagons[W0440,W9721]"
3060.5,2025-12-03T03:00:30+00:00,retrofit,capacity_released,319.5,311.73000000000013,265.6300000000001,97.56807511737094,83.13928012519565,-46.099999999999994,"batch_2_wagons[W11988,W10354]"
3064.0,2025-12-03T03:04:00+00:00,collection2,capacity_reserved,375.0,335.35400000000004,349.754,89.42773333333335,93.26773333333334,14.4,batch_1_wagons[W11014]
3064.0,2025-12-03T03:04:00+00:00,collection2,capacity_reserved,375.0,349.754,367.754,93.26773333333334,98.06773333333334,18.0,batch_1_wagons[W9040]
3065.5,2025-12-03T03:05:30+00:00,retrofitted,capacity_released,264.0,160.17999999999995,68.15999999999995,60.67424242424241,25.818181818181802,-92.02,"batch_4_wagons[W2967,W9776,W12208,W10130]"
3192.0,2025-12-03T05:12:00+00:00,parking16,capacity_reserved,1875.0,535.07,627.09,28.53706666666667,33.4448,92.02,"batch_4_wagons[W2967,W9776,W12208,W10130]"
3211.0,2025-12-03T05:31:00+00:00,collection1,capacity_released,375.0,365.49,326.43,97.46400000000001,87.048,-39.06,"batch_2_wagons[W2399,W9868]"
3211.0,2025-12-03T05:31:00+00:00,retrofit,capacity_reserved,319.5,265.6300000000001,304.6900000000001,83.13928012519565,95.3646322378717,39.06,"batch_2_wagons[W2399,W9868]"
3239.25,2025-12-03T05:59:15+00:00,collection1,capacity_reserved,375.0,326.43,349.67,87.048,93.24533333333333,23.24,batch_1_wagons[W8705]
3239.25,2025-12-03T05:59:15+00:00,collection1,capacity_reserved,375.0,349.67,366.07,93.24533333333333,97.61866666666667,16.4,batch_1_wagons[W5127]
3350.0,2025-12-03T07:50:00+00:00,collection2,capacity_released,375.0,367.754,344.514,98.06773333333334,91.8704,-23.24,batch_1_wagons[W11970]
3350.0,2025-12-03T07:50:00+00:00,retrofit,capacity_reserve_blocked,319.5,304.6900000000001,304.6900000000001,95.3646322378717,95.3646322378717,23.24,batch_1_wagons_WAITING[W11970]
3362.0,2025-12-03T08:02:00+00:00,retrofitted,capacity_reserved,264.0,68.15999999999995,117.80999999999996,25.818181818181802,44.624999999999986,49.650000000000006,"batch_2_wagons[W9756,W11467]"
3367.0,2025-12-03T08:07:00+00:00,retrofit,capacity_released,319.5,304.6900000000001,284.79000000000013,95.3646322378717,89.13615023474183,-43.14,"batch_2_wagons[W3950,W12260]"
3367.0,2025-12-03T08:07:00+00:00,retrofit,capacity_reserved,319.5,261.5500000000001,284.79000000000013,81.86228482003133,89.13615023474183,23.24,batch_1_wagons[W11970]
3379.0,2025-12-03T08:19:00+00:00,retrofitted,capacity_reserved,264.0,117.80999999999996,163.90999999999997,44.624999999999986,62.0871212121212,46.099999999999994,"batch_2_wagons[W11988,W10354]"
3383.0,2025-12-03T08:23:00+00:00,collection2,capacity_reserved,375.0,344.514,360.914,91.8704,96.24373333333332,16.4,batch_1_wagons[W5446]
3383.0,2025-12-03T08:23:00+00:00,collection2,capacity_reserved,375.0,360.914,373.654,96.24373333333332,99.64106666666666,12.74,batch_1_wagons[W10881]
3384.0,2025-12-03T08:24:00+00:00,retrofit,capacity_released,319.5,284.79000000000013,246.94000000000014,89.13615023474183,77.2895148669797,-37.85,"batch_2_wagons[W0130,W7997]"
3417.0,2025-12-03T08:57:00+00:00,collection1,capacity_released,375.0,366.07,296.35,97.61866666666667,79.02666666666667,-69.72,"batch_3_wagons[W12060,W12210,W8636]"
3417.0,2025-12-03T08:57:00+00:00,retrofit,capacity_reserved,319.5,246.94000000000014,316.66000000000014,77.2895148669797,99.11111111111114,69.72,"batch_3_wagons[W12060,W12210,W8636]"
3448.0,2025-12-03T09:28:00+00:00,retrofitted,capacity_released,264.0,163.90999999999997,95.74999999999997,62.0871212121212,36.268939393939384,-68.16,"batch_4_wagons[W11348,W12037,W0440,W9721]"
3541.0,2025-12-03T11:01:00+00:00,collection2,capacity_released,375.0,373.654,353.654,99.64106666666666,94.30773333333333,-20.0,batch_1_wagons[W3173]
3541.0,2025-12-03T11:01:00+00:00,retrofit,capacity_reserve_blocked,319.5,316.66000000000014,316.66000000000014,99.11111111111114,99.11111111111114,20.0,batch_1_wagons_WAITING[W3173]
3557.75,2025-12-03T11:17:45+00:00,collection1,capacity_reserved,375.0,296.35,317.19,79.02666666666667,84.584,20.84,batch_1_wagons[W5057]
3557.75,2025-12-03T11:17:45+00:00,collection1,capacity_reserved,375.0,317.19,337.09,84.584,89.89066666666666,19.9,batch_1_wagons[W4522]
3557.75,2025-12-03T11:17:45+00:00,collection1,capacity_reserved,375.0,337.09,356.98999999999995,89.89066666666666,95.19733333333332,19.9,batch_1_wagons[W4479]
3574.5,2025-12-03T11:34:30+00:00,parking16,capacity_reserved,1875.0,627.09,695.25,33.4448,37.08,68.16,"batch_4_wagons[W11348,W12037,W0440,W9721]"
3646.5,2025-12-03T12:46:30+00:00,retrofitted,capacity_reserved,264.0,95.74999999999997,138.89,36.268939393939384,52.60984848484848,43.14,"batch_2_wagons[W3950,W12260]"
3651.5,2025-12-03T12:51:30+00:00,retrofit,capacity_released,319.5,316.66000000000014,296.70000000000016,99.11111111111114,92.86384976525827,-39.96,"batch_2_wagons[W9352,W8626]"
3651.5,2025-12-03T12:51:30+00:00,retrofit,capacity_reserved,319.5,276.70000000000016,296.70000000000016,86.60406885759004,92.86384976525827,20.0,batch_1_wagons[W3173]
3663.5,2025-12-03T13:03:30+00:00,retrofitted,capacity_reserved,264.0,138.89,176.73999999999998,52.60984848484848,66.94696969696969,37.85,"batch_2_wagons[W0130,W7997]"
3668.5,2025-12-03T13:08:30+00:00,retrofit,capacity_released,319.5,296.70000000000016,262.70000000000016,92.86384976525827,82.22222222222227,-34.0,"batch_2_wagons[W9174,W9169]"
3688.0,2025-12-03T13:28:00+00:00,collection1,capacity_released,375.0,356.98999999999995,304.98999999999995,95.19733333333332,81.33066666666664,-52.0,"batch_3_wagons[W10949,W8631,W9392]"
3688.0,2025-12-03T13:28:00+00:00,retrofit,capacity_reserved,319.5,262.70000000000016,314.70000000000016,82.22222222222227,98.49765258215967,52.0,"batch_3_wagons[W10949,W8631,W9392]"
3819.0,2025-12-03T15:39:00+00:00,collection2,capacity_released,375.0,353.654,332.814,94.30773333333333,88.75040000000001,-20.84,batch_1_wagons[W5038]
3819.0,2025-12-03T15:39:00+00:00,retrofit,capacity_reserve_blocked,319.5,314.70000000000016,314.70000000000016,98.49765258215967,98.49765258215967,20.84,batch_1_wagons_WAITING[W5038]
3824.0,2025-12-03T15:44:00+00:00,retrofitted,capacity_released,264.0,176.73999999999998,80.98999999999998,66.94696969696969,30.678030303030297,-95.75,"batch_4_wagons[W9756,W11467,W11988,W10354]"
3867.5,2025-12-03T16:27:30+00:00,collection1,capacity_released,375.0,304.98999999999995,287.09,81.33066666666664,76.55733333333332,-17.9,batch_1_wagons[W9274]
3867.5,2025-12-03T16:27:30+00:00,retrofit,capacity_reserve_blocked,319.5,314.70000000000016,314.70000000000016,98.49765258215967,98.49765258215967,17.9,batch_1_wagons_WAITING[W9274]
3879.5,2025-12-03T16:39:30+00:00,retrofitted,capacity_reserved,264.0,80.98999999999998,120.94999999999999,30.678030303030297,45.81439393939393,39.96,"batch_2_wagons[W9352,W8626]"
3884.5,2025-12-03T16:44:30+00:00,retrofit,capacity_released,319.5,314.70000000000016,313.2000000000001,98.49765258215967,98.02816901408454,-40.239999999999995,"batch_2_wagons[W2980,W9173]"
3884.5,2025-12-03T16:44:30+00:00,retrofit,capacity_reserved,319.5,292.3600000000001,313.2000000000001,91.50547730829425,98.02816901408454,20.84,batch_1_wagons[W5038]
3884.5,2025-12-03T16:44:30+00:00,retrofit,capacity_reserved,319.5,295.3000000000001,313.2000000000001,92.42566510172148,98.02816901408454,17.9,batch_1_wagons[W9274]
3896.5,2025-12-03T16:56:30+00:00,retrofitted,capacity_reserved,264.0,120.94999999999999,154.95,45.81439393939393,58.69318181818181,34.0,"batch_2_wagons[W9174,W9169]"
3901.5,2025-12-03T17:01:30+00:00,retrofit,capacity_released,319.5,313.2000000000001,281.1000000000001,98.02816901408454,87.98122065727702,-32.1,"batch_2_wagons[W9270,W2406]"
3940.75,2025-12-03T17:40:45+00:00,collection1,capacity_reserved,375.0,287.09,310.98999999999995,76.55733333333332,82.93066666666665,23.9,batch_1_wagons[W2737]
3940.75,2025-12-03T17:40:45+00:00,collection1,capacity_reserved,375.0,310.98999999999995,323.48999999999995,82.93066666666665,86.26399999999998,12.5,batch_1_wagons[W10081]
3940.75,2025-12-03T17:40:45+00:00,collection1,capacity_reserved,375.0,323.48999999999995,336.73999999999995,86.26399999999998,89.79733333333331,13.25,batch_1_wagons[W7253]
3950.5,2025-12-03T17:50:30+00:00,parking16,capacity_reserved,1875.0,695.25,791.0,37.08,42.18666666666667,95.75,"batch_4_wagons[W9756,W11467,W11988,W10354]"
3955.25,2025-12-03T17:55:15+00:00,collection1,capacity_reserved,375.0,336.73999999999995,359.97999999999996,89.79733333333331,95.99466666666666,23.24,batch_1_wagons[W2971]
3955.25,2025-12-03T17:55:15+00:00,collection2,capacity_reserved,375.0,332.814,362.384,88.75040000000001,96.63573333333333,29.57,batch_1_wagons[W0607]
3997.75,2025-12-03T18:37:45+00:00,collection1,capacity_reserved,375.0,359.97999999999996,374.02,95.99466666666666,99.73866666666666,14.04,batch_1_wagons[W5694]
4058.5,2025-12-03T19:38:30+00:00,collection2,capacity_released,375.0,362.384,336.904,96.63573333333333,89.84106666666666,-25.48,"batch_2_wagons[W11261,W11259]"
4058.5,2025-12-03T19:38:30+00:00,retrofit,capacity_reserved,319.5,281.1000000000001,306.5800000000001,87.98122065727702,95.95618153364636,25.48,"batch_2_wagons[W11261,W11259]"
4093.25,2025-12-03T20:13:15+00:00,collection2,capacity_reserved,375.0,336.904,346.904,89.84106666666666,92.50773333333333,10.0,batch_1_wagons[W0032]
4093.25,2025-12-03T20:13:15+00:00,collection2,capacity_reserved,375.0,346.904,362.644,92.50773333333333,96.70506666666667,15.74,batch_1_wagons[W6592]
4096.5,2025-12-03T20:16:30+00:00,retrofitted,capacity_reserved,264.0,154.95,195.19,58.69318181818181,73.93560606060606,40.239999999999995,"batch_2_wagons[W2980,W9173]"
4101.5,2025-12-03T20:21:30+00:00,retrofit,capacity_released,319.5,306.5800000000001,268.2400000000001,95.95618153364636,83.95618153364636,-38.34,"batch_2_wagons[W9276,W11578]"
4141.5,2025-12-03T21:01:30+00:00,collection1,capacity_released,375.0,374.02,336.12,99.73866666666666,89.632,-37.9,"batch_2_wagons[W8613,W6140]"
4141.5,2025-12-03T21:01:30+00:00,retrofit,capacity_reserved,319.5,268.2400000000001,306.1400000000001,83.95618153364636,95.81846635367765,37.9,"batch_2_wagons[W8613,W6140]"
4172.5,2025-12-03T21:32:30+00:00,retrofitted,capacity_released,264.0,195.19,40.24000000000001,73.93560606060606,15.242424242424246,-154.95,"batch_8_wagons[W3950,W12260,W0130,W7997,W9352,W8626,W9174,W9169]"
4240.5,2025-12-03T22:40:30+00:00,collection2,capacity_released,375.0,362.644,346.244,96.70506666666667,92.33173333333335,-16.4,batch_1_wagons[W5167]
4240.5,2025-12-03T22:40:30+00:00,retrofit,capacity_reserve_blocked,319.5,306.1400000000001,306.1400000000001,95.81846635367765,95.81846635367765,16.4,batch_1_wagons_WAITING[W5167]
4305.0,2025-12-03T23:45:00+00:00,parking16,capacity_reserved,1875.0,791.0,945.95,42.18666666666667,50.45066666666666,154.95,"batch_8_wagons[W3950,W12260,W0130,W7997,W9352,W8626,W9174,W9169]"
4377.0,2025-12-04T00:57:00+00:00,retrofitted,capacity_reserved,264.0,40.24000000000001,72.34,15.242424242424246,27.401515151515156,32.1,"batch_2_wagons[W9270,W2406]"
4379.0,2025-12-04T00:59:00+00:00,collection1,capacity_reserved,375.0,336.12,350.16,89.632,93.376,14.04,batch_1_wagons[W6246]
4379.0,2025-12-04T00:59:00+00:00,collection1,capacity_reserved,375.0,350.16,364.20000000000005,93.376,97.12000000000002,14.04,batch_1_wagons[W5947]
4379.0,2025-12-04T00:59:00+00:00,collection2,capacity_reserved,375.0,346.244,360.28400000000005,92.33173333333335,96.07573333333335,14.04,batch_1_wagons[W5711]
4379.0,2025-12-04T00:59:00+00:00,collection2,capacity_reserved,375.0,360.28400000000005,374.32400000000007,96.07573333333335,99.81973333333335,14.04,batch_1_wagons[W6884]
4379.5,2025-12-04T00:59:30+00:00,collection1,capacity_released,375.0,364.20000000000005,344.30000000000007,97.12000000000002,91.81333333333335,-19.9,batch_1_wagons[W10364]
4379.5,2025-12-04T00:59:30+00:00,retrofit,capacity_reserve_blocked,319.5,306.1400000000001,306.1400000000001,95.81846635367765,95.81846635367765,19.9,batch_1_wagons_WAITING[W10364]
4382.0,2025-12-04T01:02:00+00:00,retrofit,capacity_released,319.5,306.1400000000001,303.38000000000005,95.81846635367765,94.95461658841943,-39.06,"batch_2_wagons[W2399,W9868]"
4382.0,2025-12-04T01:02:00+00:00,retrofit,capacity_reserved,319.5,286.9800000000001,303.38000000000005,89.82159624413147,94.95461658841943,16.4,batch_1_wagons[W5167]
4382.0,2025-12-04T01:02:00+00:00,retrofit,capacity_reserved,319.5,283.4800000000001,303.38000000000005,88.72613458528954,94.95461658841943,19.9,batch_1_wagons[W10364]
4387.0,2025-12-04T01:07:00+00:00,retrofitted,capacity_released,264.0,72.34,32.10000000000001,27.401515151515156,12.159090909090912,-40.239999999999995,"batch_2_wagons[W2980,W9173]"
4391.5,2025-12-04T01:11:30+00:00,retrofitted,capacity_reserved,264.0,32.10000000000001,70.44000000000001,12.159090909090912,26.681818181818183,38.34,"batch_2_wagons[W9276,W11578]"
4396.5,2025-12-04T01:16:30+00:00,retrofit,capacity_released,319.5,303.38000000000005,256.90000000000003,94.95461658841943,80.40688575899844,-46.48,"batch_2_wagons[W11970,W12060]"
4491.5,2025-12-04T02:51:30+00:00,collection1,capacity_reserved,375.0,344.30000000000007,366.6500000000001,91.81333333333335,97.77333333333335,22.35,batch_1_wagons[W8085]
4510.5,2025-12-04T03:10:30+00:00,parking16,capacity_reserved,1875.0,945.95,986.19,50.45066666666666,52.5968,40.239999999999995,"batch_2_wagons[W2980,W9173]"
4553.5,2025-12-04T03:53:30+00:00,collection2,capacity_released,375.0,374.32400000000007,319.28400000000005,99.81973333333335,85.14240000000002,-55.04,"batch_3_wagons[W4666,W11269,W3811]"
4553.5,2025-12-04T03:53:30+00:00,retrofit,capacity_reserved,319.5,256.90000000000003,311.94000000000005,80.40688575899844,97.63380281690142,55.04,"batch_3_wagons[W4666,W11269,W3811]"
4654.5,2025-12-04T05:34:30+00:00,collection2,capacity_reserved,375.0,319.28400000000005,353.48400000000004,85.14240000000002,94.26240000000001,34.2,batch_1_wagons[W8383]
4676.75,2025-12-04T05:56:45+00:00,collection2,capacity_reserved,375.0,353.48400000000004,371.48400000000004,94.26240000000001,99.06240000000001,18.0,batch_1_wagons[W9067]
4684.5,2025-12-04T06:04:30+00:00,collection1,capacity_released,375.0,366.6500000000001,352.61000000000007,97.77333333333335,94.02933333333335,-14.04,batch_1_wagons[W6077]
4684.5,2025-12-04T06:04:30+00:00,retrofit,capacity_reserve_blocked,319.5,311.94000000000005,311.94000000000005,97.63380281690142,97.63380281690142,14.04,batch_1_wagons_WAITING[W6077]
4696.5,2025-12-04T06:16:30+00:00,retrofitted,capacity_reserved,264.0,70.44000000000001,109.50000000000001,26.681818181818183,41.477272727272734,39.06,"batch_2_wagons[W2399,W9868]"
4701.5,2025-12-04T06:21:30+00:00,retrofit,capacity_released,319.5,311.94000000000005,279.50000000000006,97.63380281690142,87.48043818466356,-46.48,"batch_2_wagons[W12210,W8636]"
4701.5,2025-12-04T06:21:30+00:00,retrofit,capacity_reserved,319.5,265.46000000000004,279.50000000000006,83.08607198748045,87.48043818466356,14.04,batch_1_wagons[W6077]
4704.0,2025-12-04T06:24:00+00:00,collection1,capacity_reserved,375.0,352.61000000000007,372.51000000000005,94.02933333333335,99.33600000000001,19.9,batch_1_wagons[W4368]
4713.5,2025-12-04T06:33:30+00:00,retrofitted,capacity_reserved,264.0,109.50000000000001,155.98000000000002,41.477272727272734,59.08333333333334,46.48,"batch_2_wagons[W11970,W12060]"
4718.5,2025-12-04T06:38:30+00:00,retrofit,capacity_released,319.5,279.50000000000006,245.10000000000005,87.48043818466356,76.71361502347419,-34.4,"batch_2_wagons[W3173,W10949]"
4743.5,2025-12-04T07:03:30+00:00,collection2,capacity_released,375.0,371.48400000000004,301.14000000000004,99.06240000000001,80.304,-70.344,"batch_4_wagons[W2926,W5391,W6682,W11320]"
4743.5,2025-12-04T07:03:30+00:00,retrofit,capacity_reserved,319.5,245.10000000000005,315.4440000000001,76.71361502347419,98.73051643192491,70.344,"batch_4_wagons[W2926,W5391,W6682,W11320]"
4761.25,2025-12-04T07:21:15+00:00,collection2,capacity_reserved,375.0,301.14000000000004,313.68000000000006,80.304,83.64800000000002,12.54,batch_1_wagons[W11596]
4761.25,2025-12-04T07:21:15+00:00,collection2,capacity_reserved,375.0,313.68000000000006,328.08000000000004,83.64800000000002,87.48800000000001,14.4,batch_1_wagons[W10957]
4775.5,2025-12-04T07:35:30+00:00,retrofitted,capacity_released,264.0,155.98000000000002,85.54000000000002,59.08333333333334,32.401515151515156,-70.44,"batch_4_wagons[W9270,W2406,W9276,W11578]"
4824.0,2025-12-04T08:24:00+00:00,collection2,capacity_reserved,375.0,328.08000000000004,342.12000000000006,87.48800000000001,91.23200000000001,14.04,batch_1_wagons[W6303]
4824.0,2025-12-04T08:24:00+00:00,collection2,capacity_reserved,375.0,342.12000000000006,357.06000000000006,91.23200000000001,95.21600000000001,14.94,batch_1_wagons[W10958]
4824.0,2025-12-04T08:24:00+00:00,collection2,capacity_reserved,375.0,357.06000000000006,371.1000000000001,95.21600000000001,98.96000000000002,14.04,batch_1_wagons[W6277]
4874.5,2025-12-04T09:14:30+00:00,collection1,capacity_released,375.0,372.51000000000005,342.94000000000005,99.33600000000001,91.45066666666668,-29.57,batch_1_wagons[W0623]
4874.5,2025-12-04T09:14:30+00:00,retrofit,capacity_reserve_blocked,319.5,315.4440000000001,315.4440000000001,98.73051643192491,98.73051643192491,29.57,batch_1_wagons_WAITING[W0623]
4902.0,2025-12-04T09:42:00+00:00,parking16,capacity_reserved,1875.0,986.19,1056.63,52.5968,56.3536,70.44,"batch_4_wagons[W9270,W2406,W9276,W11578]"
4974.0,2025-12-04T10:54:00+00:00,retrofitted,capacity_reserved,264.0,85.54000000000002,132.02,32.401515151515156,50.007575757575765,46.48,"batch_2_wagons[W12210,W8636]"
4979.0,2025-12-04T10:59:00+00:00,retrofit,capacity_released,319.5,315.4440000000001,307.41400000000004,98.73051643192491,96.2172143974961,-37.6,"batch_2_wagons[W8631,W9392]"
4979.0,2025-12-04T10:59:00+00:00,retrofit,capacity_reserved,319.5,277.84400000000005,307.41400000000004,86.96212832550863,96.2172143974961,29.57,batch_1_wagons[W0623]
4991.0,2025-12-04T11:11:00+00:00,retrofitted,capacity_reserved,264.0,132.02,166.42000000000002,50.007575757575765,63.037878787878796,34.4,"batch_2_wagons[W3173,W10949]"
4996.0,2025-12-04T11:16:00+00:00,retrofit,capacity_released,319.5,307.41400000000004,268.67400000000004,96.2172143974961,84.09201877934274,-38.739999999999995,"batch_2_wagons[W5038,W9274]"
5011.0,2025-12-04T11:31:00+00:00,collection1,capacity_reserved,375.0,342.94000000000005,371.46000000000004,91.45066666666668,99.05600000000001,28.52,batch_1_wagons[W0677]
5029.5,2025-12-04T11:49:30+00:00,collection2,capacity_released,375.0,371.1000000000001,333.82000000000005,98.96000000000002,89.01866666666668,-37.28,"batch_2_wagons[W5833,W12077]"
5029.5,2025-12-04T11:49:30+00:00,retrofit,capacity_reserved,319.5,268.67400000000004,305.95400000000006,84.09201877934274,95.76025039123633,37.28,"batch_2_wagons[W5833,W12077]"
5039.75,2025-12-04T11:59:45+00:00,collection2,capacity_reserved,375.0,333.82000000000005,349.56000000000006,89.01866666666668,93.21600000000002,15.74,batch_1_wagons[W6634]
5039.75,2025-12-04T11:59:45+00:00,collection2,capacity_reserved,375.0,349.56000000000006,363.6000000000001,93.21600000000002,96.96000000000002,14.04,batch_1_wagons[W6025]
5060.5,2025-12-04T12:20:30+00:00,retrofitted,capacity_released,264.0,166.42000000000002,80.88000000000002,63.037878787878796,30.636363636363644,-85.53999999999999,"batch_4_wagons[W2399,W9868,W11970,W12060]"
5153.0,2025-12-04T13:53:00+00:00,collection1,capacity_released,375.0,371.46000000000004,358.72,99.05600000000001,95.65866666666668,-12.74,batch_1_wagons[W11254]
5153.0,2025-12-04T13:53:00+00:00,retrofit,capacity_reserved,319.5,305.95400000000006,318.6940000000001,95.76025039123633,99.74773082942099,12.74,batch_1_wagons[W11254]
5187.0,2025-12-04T14:27:00+00:00,parking16,capacity_reserved,1875.0,1056.63,1142.17,56.3536,60.915733333333336,85.53999999999999,"batch_4_wagons[W2399,W9868,W11970,W12060]"
5203.75,2025-12-04T14:43:45+00:00,collection1,capacity_reserved,375.0,358.72,371.97,95.65866666666668,99.19200000000001,13.25,batch_1_wagons[W7265]
5292.0,2025-12-04T16:12:00+00:00,collection2,capacity_released,375.0,363.6000000000001,347.80000000000007,96.96000000000002,92.74666666666668,-15.8,batch_1_wagons[W11766]
5292.0,2025-12-04T16:12:00+00:00,retrofit,capacity_reserve_blocked,319.5,318.6940000000001,318.6940000000001,99.74773082942099,99.74773082942099,15.8,batch_1_wagons_WAITING[W11766]
5304.0,2025-12-04T16:24:00+00:00,retrofitted,capacity_reserved,264.0,80.88000000000002,118.48000000000002,30.636363636363644,44.87878787878788,37.6,"batch_2_wagons[W8631,W9392]"
5309.0,2025-12-04T16:29:00+00:00,retrofit,capacity_released,319.5,318.6940000000001,309.01400000000007,99.74773082942099,96.71799687010957,-25.48,"batch_2_wagons[W11261,W11259]"
5309.0,2025-12-04T16:29:00+00:00,retrofit,capacity_reserved,319.5,293.21400000000006,309.01400000000007,91.77276995305166,96.71799687010957,15.8,batch_1_wagons[W11766]
5321.0,2025-12-04T16:41:00+00:00,retrofitted,capacity_reserved,264.0,118.48000000000002,157.22000000000003,44.87878787878788,59.55303030303032,38.739999999999995,"batch_2_wagons[W5038,W9274]"
5326.0,2025-12-04T16:46:00+00:00,retrofit,capacity_released,319.5,309.01400000000007,271.1140000000001,96.71799687010957,84.85571205007828,-37.9,"batch_2_wagons[W8613,W6140]"
5378.0,2025-12-04T17:38:00+00:00,collection1,capacity_released,375.0,371.97,332.20000000000005,99.19200000000001,88.58666666666667,-39.769999999999996,"batch_3_wagons[W10878,W10889,W5978]"
5378.0,2025-12-04T17:38:00+00:00,retrofit,capacity_reserved,319.5,271.1140000000001,310.88400000000007,84.85571205007828,97.30328638497654,39.769999999999996,"batch_3_wagons[W10878,W10889,W5978]"
5397.75,2025-12-04T17:57:45+00:00,collection1,capacity_reserved,375.0,332.20000000000005,351.24000000000007,88.58666666666667,93.66400000000002,19.04,batch_1_wagons[W7316]
5397.75,2025-12-04T17:57:45+00:00,collection1,capacity_reserved,375.0,351.24000000000007,370.2800000000001,93.66400000000002,98.74133333333336,19.04,batch_1_wagons[W9534]
5397.75,2025-12-04T17:57:45+00:00,collection2,capacity_reserved,375.0,347.80000000000007,360.3500000000001,92.74666666666668,96.09333333333335,12.55,batch_1_wagons[W11953]
5397.75,2025-12-04T17:57:45+00:00,collection2,capacity_reserved,375.0,360.3500000000001,374.05000000000007,96.09333333333335,99.74666666666668,13.7,batch_1_wagons[W9237]
5409.0,2025-12-04T18:09:00+00:00,retrofitted,capacity_released,264.0,157.22000000000003,76.34000000000003,59.55303030303032,28.91666666666668,-80.88,"batch_4_wagons[W12210,W8636,W3173,W10949]"
5483.0,2025-12-04T19:23:00+00:00,collection2,capacity_released,375.0,374.05000000000007,362.01000000000005,99.74666666666668,96.53600000000002,-12.04,batch_1_wagons[W4793]
5483.0,2025-12-04T19:23:00+00:00,retrofit,capacity_reserve_blocked,319.5,310.88400000000007,310.88400000000007,97.30328638497654,97.30328638497654,12.04,batch_1_wagons_WAITING[W4793]
5535.5,2025-12-04T20:15:30+00:00,parking16,capacity_reserved,1875.0,1142.17,1223.0500000000002,60.915733333333336,65.22933333333334,80.88,"batch_4_wagons[W12210,W8636,W3173,W10949]"
5607.5,2025-12-04T21:27:30+00:00,retrofitted,capacity_reserved,264.0,76.34000000000003,101.82000000000004,28.91666666666668,38.56818181818183,25.48,"batch_2_wagons[W11261,W11259]"
5612.5,2025-12-04T21:32:30+00:00,retrofit,capacity_released,319.5,310.88400000000007,286.6240000000001,97.30328638497654,89.71017214397499,-36.3,"batch_2_wagons[W5167,W10364]"
5612.5,2025-12-04T21:32:30+00:00,retrofit,capacity_reserved,319.5,274.58400000000006,286.6240000000001,85.9417840375587,89.71017214397499,12.04,batch_1_wagons[W4793]
5624.5,2025-12-04T21:44:30+00:00,retrofitted,capacity_reserved,264.0,101.82000000000004,139.72000000000003,38.56818181818183,52.92424242424243,37.9,"batch_2_wagons[W8613,W6140]"
5629.5,2025-12-04T21:49:30+00:00,retrofit,capacity_released,319.5,286.6240000000001,251.4840000000001,89.71017214397499,78.7117370892019,-35.14,"batch_2_wagons[W4666,W11269]"
5630.0,2025-12-04T21:50:00+00:00,collection1,capacity_released,375.0,370.2800000000001,314.1500000000001,98.74133333333336,83.77333333333335,-56.129999999999995,"batch_3_wagons[W7261,W4726,W8705]"
5630.0,2025-12-04T21:50:00+00:00,retrofit,capacity_reserved,319.5,251.4840000000001,307.6140000000001,78.7117370892019,96.2798122065728,56.129999999999995,"batch_3_wagons[W7261,W4726,W8705]"
5724.0,2025-12-04T23:24:00+00:00,collection1,capacity_reserved,375.0,314.1500000000001,340.5000000000001,83.77333333333335,90.80000000000003,26.35,batch_1_wagons[W11482]
5724.0,2025-12-04T23:24:00+00:00,collection1,capacity_reserved,375.0,340.5000000000001,363.7400000000001,90.80000000000003,96.99733333333337,23.24,batch_1_wagons[W8671]
5724.0,2025-12-04T23:24:00+00:00,collection2,capacity_reserved,375.0,362.01000000000005,374.75000000000006,96.53600000000002,99.93333333333335,12.74,batch_1_wagons[W11252]
5761.0,2025-12-05T00:01:00+00:00,collection2,capacity_released,375.0,374.75000000000006,361.50000000000006,99.93333333333335,96.40000000000002,-13.25,batch_1_wagons[W7263]
5761.0,2025-12-05T00:01:00+00:00,retrofit,capacity_reserve_blocked,319.5,307.6140000000001,307.6140000000001,96.2798122065728,96.2798122065728,13.25,batch_1_wagons_WAITING[W7263]
5773.0,2025-12-05T00:13:00+00:00,retrofitted,capacity_reserved,264.0,139.72000000000003,176.02000000000004,52.92424242424243,66.67424242424244,36.3,"batch_2_wagons[W5167,W10364]"
5778.0,2025-12-05T00:18:00+00:00,retrofit,capacity_released,319.5,307.6140000000001,286.9240000000001,96.2798122065728,89.80406885759001,-33.94,"batch_2_wagons[W3811,W6077]"
5778.0,2025-12-05T00:18:00+00:00,retrofit,capacity_reserved,319.5,273.6740000000001,286.9240000000001,85.65696400625981,89.80406885759001,13.25,batch_1_wagons[W7263]
5783.0,2025-12-05T00:23:00+00:00,retrofitted,capacity_released,264.0,176.02000000000004,99.68000000000004,66.67424242424244,37.75757575757577,-76.34,"batch_4_wagons[W8631,W9392,W5038,W9274]"
5828.5,2025-12-05T01:08:30+00:00,collection1,capacity_released,375.0,363.7400000000001,347.34000000000015,96.99733333333337,92.62400000000004,-16.4,batch_1_wagons[W5127]
5828.5,2025-12-05T01:08:30+00:00,retrofit,capacity_reserved,319.5,286.9240000000001,303.32400000000007,89.80406885759001,94.93708920187795,16.4,batch_1_wagons[W5127]
5850.25,2025-12-05T01:30:15+00:00,collection1,capacity_reserved,375.0,347.34000000000015,363.14000000000016,92.62400000000004,96.83733333333338,15.8,batch_1_wagons[W2112]
5909.5,2025-12-05T02:29:30+00:00,parking16,capacity_reserved,1875.0,1223.0500000000002,1299.39,65.22933333333334,69.30080000000001,76.34,"batch_4_wagons[W8631,W9392,W5038,W9274]"
5923.75,2025-12-05T02:43:45+00:00,collection2,capacity_reserved,375.0,361.50000000000006,373.6000000000001,96.40000000000002,99.62666666666668,12.1,batch_1_wagons[W12355]
5985.5,2025-12-05T03:45:30+00:00,collection2,capacity_released,375.0,373.6000000000001,359.56000000000006,99.62666666666668,95.88266666666668,-14.04,batch_1_wagons[W6339]
5985.5,2025-12-05T03:45:30+00:00,retrofit,capacity_reserved,319.5,303.32400000000007,317.3640000000001,94.93708920187795,99.33145539906107,14.04,batch_1_wagons[W6339]
5997.5,2025-12-05T03:57:30+00:00,retrofitted,capacity_reserved,264.0,99.68000000000004,134.82000000000005,37.75757575757577,51.068181818181834,35.14,"batch_2_wagons[W4666,W11269]"
6002.5,2025-12-05T04:02:30+00:00,retrofit,capacity_released,319.5,317.3640000000001,277.7000000000001,99.33145539906107,86.91705790297343,-39.664,"batch_2_wagons[W2926,W5391]"
6014.5,2025-12-05T04:14:30+00:00,retrofitted,capacity_reserved,264.0,134.82000000000005,168.76000000000005,51.068181818181834,63.924242424242436,33.94,"batch_2_wagons[W3811,W6077]"
6100.5,2025-12-05T05:40:30+00:00,collection1,capacity_released,375.0,363.14000000000016,322.40000000000015,96.83733333333338,85.97333333333337,-40.739999999999995,"batch_2_wagons[W5057,W4522]"
6100.5,2025-12-05T05:40:30+00:00,retrofit,capacity_reserved,319.5,277.7000000000001,318.4400000000001,86.91705790297343,99.66823161189362,40.739999999999995,"batch_2_wagons[W5057,W4522]"
6100.5,2025-12-05T05:40:30+00:00,retrofit,capacity_released,319.5,318.4400000000001,287.7600000000001,99.66823161189362,90.06572769953056,-30.68,"batch_2_wagons[W6682,W11320]"
6150.5,2025-12-05T06:30:30+00:00,collection2,capacity_released,375.0,359.56000000000006,333.56000000000006,95.88266666666668,88.94933333333334,-26.0,"batch_2_wagons[W7155,W11014]"
6150.5,2025-12-05T06:30:30+00:00,retrofit,capacity_reserved,319.5,287.7600000000001,313.7600000000001,90.06572769953056,98.20344287949925,26.0,"batch_2_wagons[W7155,W11014]"
6157.5,2025-12-05T06:37:30+00:00,retrofitted,capacity_released,264.0,168.76000000000005,69.08000000000006,63.924242424242436,26.16666666666669,-99.67999999999999,"batch_6_wagons[W11261,W11259,W8613,W6140,W5167,W10364]"
6287.0,2025-12-05T08:47:00+00:00,parking16,capacity_reserved,1875.0,1299.39,1399.0700000000002,69.30080000000001,74.61706666666667,99.67999999999999,"batch_6_wagons[W11261,W11259,W8613,W6140,W5167,W10364]"
6289.5,2025-12-05T08:49:30+00:00,collection1,capacity_released,375.0,322.40000000000015,302.50000000000017,85.97333333333337,80.66666666666671,-19.9,batch_1_wagons[W4479]
6289.5,2025-12-05T08:49:30+00:00,retrofit,capacity_reserve_blocked,319.5,313.7600000000001,313.7600000000001,98.20344287949925,98.20344287949925,19.9,batch_1_wagons_WAITING[W4479]
6359.0,2025-12-05T09:59:00+00:00,retrofitted,capacity_reserved,264.0,69.08000000000006,108.74400000000006,26.16666666666669,41.19090909090911,39.664,"batch_2_wagons[W2926,W5391]"
6364.0,2025-12-05T10:04:00+00:00,retrofit,capacity_released,319.5,313.7600000000001,290.05000000000007,98.20344287949925,90.78247261345855,-43.61,"batch_2_wagons[W0623,W5833]"
6364.0,2025-12-05T10:04:00+00:00,retrofit,capacity_reserved,319.5,270.1500000000001,290.05000000000007,84.55399061032867,90.78247261345855,19.9,batch_1_wagons[W4479]
6376.0,2025-12-05T10:16:00+00:00,retrofitted,capacity_reserved,264.0,108.74400000000006,139.42400000000006,41.19090909090911,52.812121212121234,30.68,"batch_2_wagons[W6682,W11320]"
6381.0,2025-12-05T10:21:00+00:00,retrofit,capacity_released,319.5,290.05000000000007,254.07000000000008,90.78247261345855,79.5211267605634,-35.98,"batch_2_wagons[W12077,W11254]"
6428.5,2025-12-05T11:08:30+00:00,collection2,capacity_released,375.0,333.56000000000006,286.4200000000001,88.94933333333334,76.37866666666669,-47.14,"batch_3_wagons[W9040,W5446,W10881]"
6428.5,2025-12-05T11:08:30+00:00,retrofit,capacity_reserved,319.5,254.07000000000008,301.2100000000001,79.5211267605634,94.27543035993743,47.14,"batch_3_wagons[W9040,W5446,W10881]"
6459.5,2025-12-05T11:39:30+00:00,retrofitted,capacity_released,264.0,139.42400000000006,70.34400000000007,52.812121212121234,26.645454545454573,-69.08,"batch_4_wagons[W4666,W11269,W3811,W6077]"
6471.0,2025-12-05T11:51:00+00:00,parking1,capacity_reserved,555.0,0.0,69.08,0.0,12.446846846846848,69.08,"batch_4_wagons[W4666,W11269,W3811,W6077]"
6475.5,2025-12-05T11:55:30+00:00,collection1,capacity_reserved,375.0,302.50000000000017,325.7640000000002,80.66666666666671,86.87040000000005,23.264,batch_1_wagons[W10249]
6475.5,2025-12-05T11:55:30+00:00,collection1,capacity_reserved,375.0,325.7640000000002,341.5640000000002,86.87040000000005,91.08373333333338,15.8,batch_1_wagons[W2050]
6475.5,2025-12-05T11:55:30+00:00,collection1,capacity_reserved,375.0,341.5640000000002,357.3640000000002,91.08373333333338,95.29706666666672,15.8,batch_1_wagons[W2386]
6475.5,2025-12-05T11:55:30+00:00,collection2,capacity_reserved,375.0,286.4200000000001,309.6840000000001,76.37866666666669,82.58240000000002,23.264,batch_1_wagons[W10254]
6475.5,2025-12-05T11:55:30+00:00,collection2,capacity_reserved,375.0,309.6840000000001,332.9240000000001,82.58240000000002,88.77973333333335,23.24,batch_1_wagons[W12057]
6475.5,2025-12-05T11:55:30+00:00,collection1,capacity_reserved,375.0,357.3640000000002,374.5440000000002,95.29706666666672,99.87840000000006,17.18,batch_1_wagons[W2136]
6538.0,2025-12-05T12:58:00+00:00,collection1,capacity_released,375.0,374.5440000000002,350.64400000000023,99.87840000000006,93.50506666666672,-23.9,batch_1_wagons[W2737]
6538.0,2025-12-05T12:58:00+00:00,retrofit,capacity_reserve_blocked,319.5,301.2100000000001,301.2100000000001,94.27543035993743,94.27543035993743,23.9,batch_1_wagons_WAITING[W2737]
6550.0,2025-12-05T13:10:00+00:00,retrofitted,capacity_reserved,264.0,70.34400000000007,113.95400000000006,26.645454545454573,43.16439393939396,43.61,"batch_2_wagons[W0623,W5833]"
6555.0,2025-12-05T13:15:00+00:00,retrofit,capacity_released,319.5,301.2100000000001,296.57000000000005,94.27543035993743,92.82316118935839,-28.54,"batch_2_wagons[W11766,W10878]"
6555.0,2025-12-05T13:15:00+00:00,retrofit,capacity_reserved,319.5,272.6700000000001,296.57000000000005,85.34272300469485,92.82316118935839,23.9,batch_1_wagons[W2737]
6567.0,2025-12-05T13:27:00+00:00,retrofitted,capacity_reserved,264.0,113.95400000000006,149.93400000000005,43.16439393939396,56.793181818181836,35.98,"batch_2_wagons[W12077,W11254]"
6572.0,2025-12-05T13:32:00+00:00,retrofit,capacity_released,319.5,296.57000000000005,269.5400000000001,92.82316118935839,84.36306729264477,-27.03,"batch_2_wagons[W10889,W5978]"
6595.0,2025-12-05T13:55:00+00:00,collection1,capacity_reserved,375.0,350.64400000000023,367.0440000000002,93.50506666666672,97.87840000000006,16.4,batch_1_wagons[W5282]
6595.0,2025-12-05T13:55:00+00:00,collection2,capacity_reserved,375.0,332.9240000000001,349.8640000000001,88.77973333333335,93.2970666666667,16.94,batch_1_wagons[W9940]
6595.0,2025-12-05T13:55:00+00:00,collection2,capacity_reserved,375.0,349.8640000000001,367.8640000000001,93.2970666666667,98.09706666666669,18.0,batch_1_wagons[W9081]
6623.0,2025-12-05T14:23:00+00:00,collection2,capacity_released,375.0,367.8640000000001,328.2940000000001,98.09706666666669,87.5450666666667,-39.57,"batch_2_wagons[W0607,W0032]"
6623.0,2025-12-05T14:23:00+00:00,retrofit,capacity_reserved,319.5,269.5400000000001,309.11000000000007,84.36306729264477,96.74804381846639,39.57,"batch_2_wagons[W0607,W0032]"
6654.0,2025-12-05T14:54:00+00:00,retrofitted,capacity_released,264.0,149.93400000000005,79.59000000000006,56.793181818181836,30.1477272727273,-70.344,"batch_4_wagons[W2926,W5391,W6682,W11320]"
6666.5,2025-12-05T15:06:30+00:00,collection2,capacity_reserved,375.0,328.2940000000001,347.3340000000001,87.5450666666667,92.62240000000003,19.04,batch_1_wagons[W7542]
6666.5,2025-12-05T15:06:30+00:00,collection2,capacity_reserved,375.0,347.3340000000001,369.7340000000001,92.62240000000003,98.59573333333336,22.4,batch_1_wagons[W8990]
6720.5,2025-12-05T16:00:30+00:00,parking12,capacity_reserved,555.0,0.0,70.344,0.0,12.674594594594593,70.344,"batch_4_wagons[W2926,W5391,W6682,W11320]"
6729.0,2025-12-05T16:09:00+00:00,collection1,capacity_released,375.0,367.0440000000002,354.5440000000002,97.87840000000006,94.54506666666673,-12.5,batch_1_wagons[W10081]
6729.0,2025-12-05T16:09:00+00:00,retrofit,capacity_reserve_blocked,319.5,309.11000000000007,309.11000000000007,96.74804381846639,96.74804381846639,12.5,batch_1_wagons_WAITING[W10081]
6792.5,2025-12-05T17:12:30+00:00,retrofitted,capacity_reserved,264.0,79.59000000000006,108.13000000000005,30.1477272727273,40.95833333333335,28.54,"batch_2_wagons[W11766,W10878]"
6797.5,2025-12-05T17:17:30+00:00,retrofit,capacity_released,319.5,309.11000000000007,296.32000000000005,96.74804381846639,92.74491392801254,-25.29,"batch_2_wagons[W4793,W7261]"
6797.5,2025-12-05T17:17:30+00:00,retrofit,capacity_reserved,319.5,283.82000000000005,296.32000000000005,88.83255086071989,92.74491392801254,12.5,batch_1_wagons[W10081]
6809.5,2025-12-05T17:29:30+00:00,retrofitted,capacity_reserved,264.0,108.13000000000005,135.16000000000005,40.95833333333335,51.19696969696972,27.03,"batch_2_wagons[W10889,W5978]"
6814.5,2025-12-05T17:34:30+00:00,retrofit,capacity_released,319.5,296.32000000000005,253.44000000000005,92.74491392801254,79.32394366197185,-42.879999999999995,"batch_2_wagons[W4726,W8705]"
6868.0,2025-12-05T18:28:00+00:00,collection2,capacity_released,375.0,369.7340000000001,325.9140000000001,98.59573333333336,86.91040000000004,-43.82,"batch_3_wagons[W6592,W5711,W6884]"
6868.0,2025-12-05T18:28:00+00:00,retrofit,capacity_reserved,319.5,253.44000000000005,297.26000000000005,79.32394366197185,93.03912363067293,43.82,"batch_3_wagons[W6592,W5711,W6884]"
6899.0,2025-12-05T18:59:00+00:00,retrofitted,capacity_released,264.0,135.16000000000005,55.57000000000005,51.19696969696972,21.049242424242443,-79.59,"batch_4_wagons[W0623,W5833,W12077,W11254]"
6971.5,2025-12-05T20:11:30+00:00,collection1,capacity_released,375.0,354.5440000000002,341.2940000000002,94.54506666666673,91.01173333333338,-13.25,batch_1_wagons[W7253]
6971.5,2025-12-05T20:11:30+00:00,retrofit,capacity_reserved,319.5,297.26000000000005,310.51000000000005,93.03912363067293,97.18622848200314,13.25,batch_1_wagons[W7253]
6980.5,2025-12-05T20:20:30+00:00,parking13,capacity_reserved,555.0,0.0,79.59,0.0,14.340540540540541,79.59,"batch_4_wagons[W0623,W5833,W12077,W11254]"
7002.0,2025-12-05T20:42:00+00:00,collection1,capacity_reserved,375.0,341.2940000000002,360.33400000000023,91.01173333333338,96.08906666666674,19.04,batch_1_wagons[W2652]
7002.0,2025-12-05T20:42:00+00:00,collection2,capacity_reserved,375.0,325.9140000000001,344.8140000000001,86.91040000000004,91.95040000000002,18.9,batch_1_wagons[W12385]
7118.5,2025-12-05T22:38:30+00:00,collection2,capacity_released,375.0,344.8140000000001,310.6140000000001,91.95040000000002,82.83040000000003,-34.2,batch_1_wagons[W8383]
7118.5,2025-12-05T22:38:30+00:00,retrofit,capacity_reserve_blocked,319.5,310.51000000000005,310.51000000000005,97.18622848200314,97.18622848200314,34.2,batch_1_wagons_WAITING[W8383]
7130.5,2025-12-05T22:50:30+00:00,retrofitted,capacity_reserved,264.0,55.57000000000005,80.86000000000004,21.049242424242443,30.628787878787893,25.29,"batch_2_wagons[W4793,W7261]"
7135.5,2025-12-05T22:55:30+00:00,retrofit,capacity_released,319.5,310.51000000000005,315.06000000000006,97.18622848200314,98.61032863849766,-29.65,"batch_2_wagons[W7263,W5127]"
7135.5,2025-12-05T22:55:30+00:00,retrofit,capacity_reserved,319.5,280.86000000000007,315.06000000000006,87.90610328638499,98.61032863849766,34.2,batch_1_wagons[W8383]
7147.5,2025-12-05T23:07:30+00:00,retrofitted,capacity_reserved,264.0,80.86000000000004,123.74000000000004,30.628787878787893,46.87121212121214,42.879999999999995,"batch_2_wagons[W4726,W8705]"
7152.5,2025-12-05T23:12:30+00:00,retrofit,capacity_released,319.5,315.06000000000006,280.18000000000006,98.61032863849766,87.69327073552428,-34.879999999999995,"batch_2_wagons[W6339,W5057]"
7167.5,2025-12-05T23:27:30+00:00,collection2,capacity_reserved,375.0,310.6140000000001,336.9640000000001,82.83040000000003,89.8570666666667,26.35,batch_1_wagons[W11539]
7167.5,2025-12-05T23:27:30+00:00,collection2,capacity_reserved,375.0,336.9640000000001,356.8640000000001,89.8570666666667,95.16373333333335,19.9,batch_1_wagons[W4532]
7167.5,2025-12-05T23:27:30+00:00,collection1,capacity_reserved,375.0,360.33400000000023,374.37400000000025,96.08906666666674,99.83306666666674,14.04,batch_1_wagons[W5845]
7167.5,2025-12-05T23:27:30+00:00,collection2,capacity_reserved,375.0,356.8640000000001,373.26400000000007,95.16373333333335,99.53706666666669,16.4,batch_1_wagons[W5248]
7171.5,2025-12-05T23:31:30+00:00,collection1,capacity_released,375.0,374.37400000000025,337.0940000000003,99.83306666666674,89.8917333333334,-37.28,"batch_2_wagons[W2971,W5694]"
7171.5,2025-12-05T23:31:30+00:00,retrofit,capacity_reserved,319.5,280.18000000000006,317.46000000000004,87.69327073552428,99.36150234741785,37.28,"batch_2_wagons[W2971,W5694]"
7195.25,2025-12-05T23:55:15+00:00,collection1,capacity_reserved,375.0,337.0940000000003,360.3340000000003,89.8917333333334,96.08906666666674,23.24,batch_1_wagons[W12195]
7302.5,2025-12-06T01:42:30+00:00,collection2,capacity_released,375.0,373.26400000000007,355.26400000000007,99.53706666666669,94.73706666666668,-18.0,batch_1_wagons[W9067]
7302.5,2025-12-06T01:42:30+00:00,retrofit,capacity_reserve_blocked,319.5,317.46000000000004,317.46000000000004,99.36150234741785,99.36150234741785,18.0,batch_1_wagons_WAITING[W9067]
7314.5,2025-12-06T01:54:30+00:00,retrofitted,capacity_reserved,264.0,123.74000000000004,153.39000000000004,46.87121212121214,58.10227272727274,29.65,"batch_2_wagons[W7263,W5127]"
7319.5,2025-12-06T01:59:30+00:00,retrofit,capacity_released,319.5,317.46000000000004,303.96000000000004,99.36150234741785,95.1361502347418,-31.5,"batch_2_wagons[W4522,W7155]"
7319.5,2025-12-06T01:59:30+00:00,retrofit,capacity_reserved,319.5,285.96000000000004,303.96000000000004,89.50234741784038,95.1361502347418,18.0,batch_1_wagons[W9067]
7331.5,2025-12-06T02:11:30+00:00,retrofitted,capacity_reserved,264.0,153.39000000000004,188.27000000000004,58.10227272727274,71.31439393939395,34.879999999999995,"batch_2_wagons[W6339,W5057]"
7336.5,2025-12-06T02:16:30+00:00,retrofit,capacity_released,319.5,303.96000000000004,269.66,95.1361502347418,84.40062597809077,-34.3,"batch_2_wagons[W11014,W4479]"
7343.5,2025-12-06T02:23:30+00:00,collection1,capacity_released,375.0,360.3340000000003,332.2540000000003,96.08906666666674,88.60106666666675,-28.08,"batch_2_wagons[W6246,W5947]"
7343.5,2025-12-06T02:23:30+00:00,retrofit,capacity_reserved,319.5,269.66,297.74,84.40062597809077,93.18935837245697,28.08,"batch_2_wagons[W6246,W5947]"
7360.25,2025-12-06T02:40:15+00:00,collection1,capacity_reserved,375.0,332.2540000000003,355.5180000000003,88.60106666666675,94.80480000000009,23.264,batch_1_wagons[W2831]
7360.25,2025-12-06T02:40:15+00:00,collection1,capacity_reserved,375.0,355.5180000000003,366.11800000000034,94.80480000000009,97.63146666666675,10.6,batch_1_wagons[W0881]
7375.25,2025-12-06T02:55:15+00:00,collection2,capacity_reserved,375.0,355.26400000000007,369.4840000000001,94.73706666666668,98.5290666666667,14.22,batch_1_wagons[W0282]
7474.5,2025-12-06T04:34:30+00:00,collection2,capacity_released,375.0,369.4840000000001,356.9440000000001,98.5290666666667,95.18506666666669,-12.54,batch_1_wagons[W11596]
7474.5,2025-12-06T04:34:30+00:00,retrofit,capacity_reserved,319.5,297.74,310.28000000000003,93.18935837245697,97.11424100156495,12.54,batch_1_wagons[W11596]
7479.5,2025-12-06T04:39:30+00:00,retrofitted,capacity_released,264.0,188.27000000000004,132.70000000000005,71.31439393939395,50.26515151515153,-55.57,"batch_4_wagons[W11766,W10878,W10889,W5978]"
7527.5,2025-12-06T05:27:30+00:00,collection1,capacity_released,375.0,366.11800000000034,343.7680000000003,97.63146666666675,91.67146666666675,-22.35,batch_1_wagons[W8085]
7527.5,2025-12-06T05:27:30+00:00,retrofit,capacity_reserve_blocked,319.5,310.28000000000003,310.28000000000003,97.11424100156495,97.11424100156495,22.35,batch_1_wagons_WAITING[W8085]
7561.0,2025-12-06T06:01:00+00:00,parking14,capacity_reserved,555.0,0.0,55.57,0.0,10.012612612612614,55.57,"batch_4_wagons[W11766,W10878,W10889,W5978]"
7633.0,2025-12-06T07:13:00+00:00,retrofitted,capacity_reserved,264.0,132.70000000000005,164.20000000000005,50.26515151515153,62.19696969696972,31.5,"batch_2_wagons[W4522,W7155]"
7638.0,2025-12-06T07:18:00+00:00,retrofit,capacity_released,319.5,310.28000000000003,298.2300000000001,97.11424100156495,93.34272300469486,-34.4,"batch_2_wagons[W9040,W5446]"
7638.0,2025-12-06T07:18:00+00:00,retrofit,capacity_reserved,319.5,275.88000000000005,298.2300000000001,86.34741784037561,93.34272300469486,22.35,batch_1_wagons[W8085]
7650.0,2025-12-06T07:30:00+00:00,retrofitted,capacity_reserved,264.0,164.20000000000005,198.50000000000006,62.19696969696972,75.18939393939395,34.3,"batch_2_wagons[W11014,W4479]"
7655.0,2025-12-06T07:35:00+00:00,retrofit,capacity_released,319.5,298.2300000000001,261.5900000000001,93.34272300469486,81.87480438184667,-36.64,"batch_2_wagons[W10881,W2737]"
7658.5,2025-12-06T07:38:30+00:00,collection2,capacity_released,375.0,356.9440000000001,299.52400000000006,95.18506666666669,79.87306666666669,-57.42,"batch_4_wagons[W10957,W6303,W10958,W6277]"
7658.5,2025-12-06T07:38:30+00:00,retrofit,capacity_reserved,319.5,261.5900000000001,319.0100000000001,81.87480438184667,99.84663536776216,57.42,"batch_4_wagons[W10957,W6303,W10958,W6277]"
7789.5,2025-12-06T09:49:30+00:00,collection1,capacity_released,375.0,343.7680000000003,323.86800000000034,91.67146666666675,86.36480000000009,-19.9,batch_1_wagons[W4368]
7789.5,2025-12-06T09:49:30+00:00,retrofit,capacity_reserve_blocked,319.5,319.0100000000001,319.0100000000001,99.84663536776216,99.84663536776216,19.9,batch_1_wagons_WAITING[W4368]
7794.5,2025-12-06T09:54:30+00:00,retrofitted,capacity_released,264.0,198.50000000000006,65.80000000000007,75.18939393939395,24.92424242424245,-132.7,"batch_8_wagons[W4793,W7261,W4726,W8705,W7263,W5127,W6339,W5057]"
7862.0,2025-12-06T11:02:00+00:00,collection2,capacity_released,375.0,299.52400000000006,283.78400000000005,79.87306666666669,75.67573333333335,-15.74,batch_1_wagons[W6634]
7862.0,2025-12-06T11:02:00+00:00,retrofit,capacity_reserve_blocked,319.5,319.0100000000001,319.0100000000001,99.84663536776216,99.84663536776216,15.74,batch_1_wagons_WAITING[W6634]
7874.0,2025-12-06T11:14:00+00:00,retrofitted,capacity_reserved,264.0,65.80000000000007,100.20000000000007,24.92424242424245,37.95454545454548,34.4,"batch_2_wagons[W9040,W5446]"
7879.0,2025-12-06T11:19:00+00:00,retrofit,capacity_released,319.5,319.0100000000001,315.0800000000001,99.84663536776216,98.61658841940535,-39.57,"batch_2_wagons[W0607,W0032]"
7879.0,2025-12-06T11:19:00+00:00,retrofit,capacity_reserved,319.5,295.1800000000001,315.0800000000001,92.38810641627548,98.61658841940535,19.9,batch_1_wagons[W4368]
7879.0,2025-12-06T11:19:00+00:00,retrofit,capacity_reserved,319.5,299.3400000000001,315.0800000000001,93.69014084507045,98.61658841940535,15.74,batch_1_wagons[W6634]
7881.5,2025-12-06T11:21:30+00:00,collection1,capacity_reserved,375.0,323.86800000000034,347.72800000000035,86.36480000000009,92.72746666666676,23.86,batch_1_wagons[W8570]
7881.5,2025-12-06T11:21:30+00:00,collection1,capacity_reserved,375.0,347.72800000000035,362.1280000000003,92.72746666666676,96.56746666666676,14.4,batch_1_wagons[W9355]
7881.5,2025-12-06T11:21:30+00:00,collection2,capacity_reserved,375.0,283.78400000000005,307.64400000000006,75.67573333333335,82.03840000000001,23.86,batch_1_wagons[W8578]
7881.5,2025-12-06T11:21:30+00:00,collection2,capacity_reserved,375.0,307.64400000000006,334.64400000000006,82.03840000000001,89.23840000000001,27.0,batch_1_wagons[W0948]
7881.5,2025-12-06T11:21:30+00:00,collection2,capacity_reserved,375.0,334.64400000000006,350.4440000000001,89.23840000000001,93.45173333333335,15.8,batch_1_wagons[W9358]
7882.0,2025-12-06T11:22:00+00:00,parking15,capacity_reserved,555.0,0.0,132.7,0.0,23.909909909909906,132.7,"batch_8_wagons[W4793,W7261,W4726,W8705,W7263,W5127,W6339,W5057]"
7891.0,2025-12-06T11:31:00+00:00,retrofitted,capacity_reserved,264.0,100.20000000000007,136.8400000000001,37.95454545454548,51.833333333333364,36.64,"batch_2_wagons[W10881,W2737]"
7896.0,2025-12-06T11:36:00+00:00,retrofit,capacity_released,319.5,315.0800000000001,286.8400000000001,98.61658841940535,89.7777777777778,-28.240000000000002,"batch_2_wagons[W10081,W6592]"
7927.75,2025-12-06T12:07:45+00:00,collection2,capacity_reserved,375.0,350.4440000000001,364.3040000000001,93.45173333333335,97.14773333333335,13.86,batch_1_wagons[W0367]
8053.0,2025-12-06T14:13:00+00:00,collection1,capacity_released,375.0,362.1280000000003,333.60800000000035,96.56746666666676,88.96213333333343,-28.52,batch_1_wagons[W0677]
8053.0,2025-12-06T14:13:00+00:00,retrofit,capacity_reserved,319.5,286.8400000000001,315.36000000000007,89.7777777777778,98.7042253521127,28.52,batch_1_wagons[W0677]
8067.0,2025-12-06T14:27:00+00:00,collection1,capacity_reserved,375.0,333.60800000000035,354.90800000000036,88.96213333333343,94.64213333333343,21.3,batch_1_wagons[W11847]
8067.0,2025-12-06T14:27:00+00:00,collection1,capacity_reserved,375.0,354.90800000000036,372.08800000000036,94.64213333333343,99.22346666666677,17.18,batch_1_wagons[W2135]
8073.0,2025-12-06T14:33:00+00:00,collection2,capacity_released,375.0,364.3040000000001,350.26400000000007,97.14773333333335,93.40373333333335,-14.04,batch_1_wagons[W6025]
8073.0,2025-12-06T14:33:00+00:00,retrofit,capacity_reserve_blocked,319.5,315.36000000000007,315.36000000000007,98.7042253521127,98.7042253521127,14.04,batch_1_wagons_WAITING[W6025]
8084.0,2025-12-06T14:44:00+00:00,retrofitted,capacity_released,264.0,136.8400000000001,8.526512829121202e-14,51.833333333333364,3.2297397080004557e-14,-136.84,"batch_8_wagons[W4522,W7155,W11014,W4479,W9040,W5446,W10881,W2737]"
8085.0,2025-12-06T14:45:00+00:00,retrofitted,capacity_reserved,264.0,8.526512829121202e-14,39.570000000000086,3.2297397080004557e-14,14.988636363636395,39.57,"batch_2_wagons[W0607,W0032]"
8087.75,2025-12-06T14:47:45+00:00,collection2,capacity_reserved,375.0,350.26400000000007,365.20400000000006,93.40373333333335,97.38773333333334,14.94,batch_1_wagons[W9733]
8090.0,2025-12-06T14:50:00+00:00,retrofit,capacity_released,319.5,315.36000000000007,301.3200000000001,98.7042253521127,94.30985915492961,-28.08,"batch_2_wagons[W5711,W6884]"
8090.0,2025-12-06T14:50:00+00:00,retrofit,capacity_reserved,319.5,287.2800000000001,301.3200000000001,89.9154929577465,94.30985915492961,14.04,batch_1_wagons[W6025]
8171.5,2025-12-06T16:11:30+00:00,parking14,capacity_reserved,555.0,55.57,192.41,10.012612612612614,34.66846846846847,136.84,"batch_8_wagons[W4522,W7155,W11014,W4479,W9040,W5446,W10881,W2737]"
8221.0,2025-12-06T17:01:00+00:00,collection1,capacity_released,375.0,372.08800000000036,358.83800000000036,99.22346666666677,95.69013333333342,-13.25,batch_1_wagons[W7265]
8221.0,2025-12-06T17:01:00+00:00,retrofit,capacity_reserved,319.5,301.3200000000001,314.5700000000001,94.30985915492961,98.45696400625982,13.25,batch_1_wagons[W7265]
8246.5,2025-12-06T17:26:30+00:00,collection1,capacity_reserved,375.0,358.83800000000036,373.1280000000004,95.69013333333342,99.5008000000001,14.29,batch_1_wagons[W5612]
8259.0,2025-12-06T17:39:00+00:00,retrofitted,capacity_reserved,264.0,39.570000000000086,67.81000000000009,14.988636363636395,25.68560606060609,28.240000000000002,"batch_2_wagons[W10081,W6592]"
8264.0,2025-12-06T17:44:00+00:00,retrofit,capacity_released,319.5,314.5700000000001,267.1200000000001,98.45696400625982,83.60563380281694,-47.45,"batch_2_wagons[W7253,W8383]"
8341.25,2025-12-06T19:01:15+00:00,collection2,capacity_reserved,375.0,365.20400000000006,374.84400000000005,97.38773333333334,99.95840000000001,9.64,batch_1_wagons[W0475]
8362.5,2025-12-06T19:22:30+00:00,collection2,capacity_released,375.0,374.84400000000005,323.754,99.95840000000001,86.3344,-51.09,"batch_4_wagons[W11953,W9237,W11252,W12355]"
8362.5,2025-12-06T19:22:30+00:00,retrofit,capacity_reserved,319.5,267.1200000000001,318.21000000000015,83.60563380281694,99.59624413145545,51.09,"batch_4_wagons[W11953,W9237,W11252,W12355]"
8395.0,2025-12-06T19:55:00+00:00,collection1,capacity_released,375.0,373.1280000000004,354.08800000000036,99.5008000000001,94.42346666666677,-19.04,batch_1_wagons[W7316]
8395.0,2025-12-06T19:55:00+00:00,retrofit,capacity_reserve_blocked,319.5,318.21000000000015,318.21000000000015,99.59624413145545,99.59624413145545,19.04,batch_1_wagons_WAITING[W7316]
8400.5,2025-12-06T20:00:30+00:00,retrofitted,capacity_reserved,264.0,67.81000000000009,95.89000000000009,25.68560606060609,36.32196969696973,28.08,"batch_2_wagons[W5711,W6884]"
8405.5,2025-12-06T20:05:30+00:00,retrofit,capacity_released,319.5,318.21000000000015,299.9700000000002,99.59624413145545,93.88732394366204,-37.28,"batch_2_wagons[W2971,W5694]"
8405.5,2025-12-06T20:05:30+00:00,retrofit,capacity_reserved,319.5,280.9300000000002,299.9700000000002,87.92801251956188,93.88732394366204,19.04,batch_1_wagons[W7316]
8410.5,2025-12-06T20:10:30+00:00,retrofitted,capacity_released,264.0,95.89000000000009,56.320000000000086,36.32196969696973,21.333333333333364,-39.57,"batch_2_wagons[W0607,W0032]"
8419.0,2025-12-06T20:19:00+00:00,parking1,capacity_reserved,555.0,69.08,108.65,12.446846846846848,19.576576576576578,39.57,"batch_2_wagons[W0607,W0032]"
8425.5,2025-12-06T20:25:30+00:00,collection1,capacity_reserved,375.0,354.08800000000036,368.3780000000004,94.42346666666677,98.23413333333345,14.29,batch_1_wagons[W5821]
8425.5,2025-12-06T20:25:30+00:00,collection2,capacity_reserved,375.0,323.754,337.79400000000004,86.3344,90.07840000000002,14.04,batch_1_wagons[W6008]
8456.5,2025-12-06T20:56:30+00:00,collection2,capacity_reserved,375.0,337.79400000000004,352.01400000000007,90.07840000000002,93.87040000000002,14.22,batch_1_wagons[W0293]
8456.5,2025-12-06T20:56:30+00:00,collection2,capacity_reserved,375.0,352.01400000000007,374.38400000000007,93.87040000000002,99.83573333333335,22.37,batch_1_wagons[W7853]
8550.0,2025-12-06T22:30:00+00:00,collection2,capacity_released,375.0,374.38400000000007,351.12000000000006,99.83573333333335,93.63200000000002,-23.264,batch_1_wagons[W10254]
8550.0,2025-12-06T22:30:00+00:00,retrofit,capacity_reserve_blocked,319.5,299.9700000000002,299.9700000000002,93.88732394366204,93.88732394366204,23.264,batch_1_wagons_WAITING[W10254]
8562.0,2025-12-06T22:42:00+00:00,retrofitted,capacity_reserved,264.0,56.320000000000086,103.7700000000001,21.333333333333364,39.30681818181822,47.45,"batch_2_wagons[W7253,W8383]"
8567.0,2025-12-06T22:47:00+00:00,retrofit,capacity_released,319.5,299.9700000000002,291.1940000000002,93.88732394366204,91.14053208137722,-32.04,"batch_2_wagons[W9067,W6246]"
8567.0,2025-12-06T22:47:00+00:00,retrofit,capacity_reserved,319.5,267.9300000000002,291.1940000000002,83.85915492957751,91.14053208137722,23.264,batch_1_wagons[W10254]
8572.75,2025-12-06T22:52:45+00:00,collection2,capacity_reserved,375.0,351.12000000000006,366.86000000000007,93.63200000000002,97.82933333333335,15.74,batch_1_wagons[W6704]
8579.0,2025-12-06T22:59:00+00:00,retrofitted,capacity_reserved,264.0,103.7700000000001,141.0500000000001,39.30681818181822,53.42803030303034,37.28,"batch_2_wagons[W2971,W5694]"
8581.0,2025-12-06T23:01:00+00:00,collection1,capacity_released,375.0,368.3780000000004,349.33800000000036,98.23413333333345,93.15680000000009,-19.04,batch_1_wagons[W9534]
8581.0,2025-12-06T23:01:00+00:00,retrofit,capacity_reserved,319.5,291.1940000000002,310.2340000000002,91.14053208137722,97.09984350547737,19.04,batch_1_wagons[W9534]
8584.0,2025-12-06T23:04:00+00:00,retrofit,capacity_released,319.5,310.2340000000002,283.6540000000002,97.09984350547737,88.7805946791863,-26.58,"batch_2_wagons[W5947,W11596]"
8589.0,2025-12-06T23:09:00+00:00,retrofitted,capacity_released,264.0,141.0500000000001,84.7300000000001,53.42803030303034,32.094696969697004,-56.32,"batch_4_wagons[W10081,W6592,W5711,W6884]"
8635.25,2025-12-06T23:55:15+00:00,collection1,capacity_reserved,375.0,349.33800000000036,372.5780000000004,93.15680000000009,99.35413333333342,23.24,batch_1_wagons[W12186]
8655.5,2025-12-07T00:15:30+00:00,parking12,capacity_reserved,555.0,70.344,126.66399999999999,12.674594594594593,22.82234234234234,56.32,"batch_4_wagons[W10081,W6592,W5711,W6884]"
8738.0,2025-12-07T01:38:00+00:00,collection2,capacity_released,375.0,366.86000000000007,343.62000000000006,97.82933333333335,91.63200000000002,-23.24,batch_1_wagons[W12057]
8738.0,2025-12-07T01:38:00+00:00,retrofit,capacity_reserved,319.5,283.6540000000002,306.89400000000023,88.7805946791863,96.0544600938968,23.24,batch_1_wagons[W12057]
8776.0,2025-12-07T02:16:00+00:00,retrofitted,capacity_reserved,264.0,84.7300000000001,116.7700000000001,32.094696969697004,44.23106060606064,32.04,"batch_2_wagons[W9067,W6246]"
8781.0,2025-12-07T02:21:00+00:00,retrofit,capacity_released,319.5,306.89400000000023,270.14400000000023,96.0544600938968,84.55211267605641,-36.75,"batch_2_wagons[W8085,W10957]"
8846.5,2025-12-07T03:26:30+00:00,collection1,capacity_released,375.0,372.5780000000004,346.22800000000035,99.35413333333342,92.32746666666675,-26.35,batch_1_wagons[W11482]
8846.5,2025-12-07T03:26:30+00:00,retrofit,capacity_reserved,319.5,270.14400000000023,296.49400000000026,84.55211267605641,92.79937402190932,26.35,batch_1_wagons[W11482]
8884.5,2025-12-07T04:04:30+00:00,retrofitted,capacity_reserved,264.0,116.7700000000001,143.35000000000008,44.23106060606064,54.29924242424246,26.58,"batch_2_wagons[W5947,W11596]"
8889.5,2025-12-07T04:09:30+00:00,retrofit,capacity_released,319.5,296.49400000000026,267.51400000000024,92.79937402190932,83.72895148669805,-28.979999999999997,"batch_2_wagons[W6303,W10958]"
8912.0,2025-12-07T04:32:00+00:00,collection2,capacity_released,375.0,343.62000000000006,308.68000000000006,91.63200000000002,82.31466666666668,-34.94,"batch_2_wagons[W9940,W9081]"
8912.0,2025-12-07T04:32:00+00:00,retrofit,capacity_reserved,319.5,267.51400000000024,302.45400000000024,83.72895148669805,94.66478873239444,34.94,"batch_2_wagons[W9940,W9081]"
8950.0,2025-12-07T05:10:00+00:00,retrofitted,capacity_reserved,264.0,143.35000000000008,180.10000000000008,54.29924242424246,68.219696969697,36.75,"batch_2_wagons[W8085,W10957]"
8955.0,2025-12-07T05:15:00+00:00,retrofit,capacity_released,319.5,302.45400000000024,268.51400000000024,94.66478873239444,84.04194053208145,-33.94,"batch_2_wagons[W6277,W4368]"
9020.5,2025-12-07T06:20:30+00:00,collection1,capacity_released,375.0,346.22800000000035,307.18800000000033,92.32746666666675,81.9168000000001,-39.04,"batch_2_wagons[W8671,W2112]"
9020.5,2025-12-07T06:20:30+00:00,retrofit,capacity_reserved,319.5,268.51400000000024,307.55400000000026,84.04194053208145,96.26103286384985,39.04,"batch_2_wagons[W8671,W2112]"
9051.5,2025-12-07T06:51:30+00:00,retrofitted,capacity_released,264.0,180.10000000000008,95.37000000000008,68.219696969697,36.12500000000003,-84.73,"batch_4_wagons[W7253,W8383,W2971,W5694]"
9084.25,2025-12-07T07:24:15+00:00,collection1,capacity_reserved,375.0,307.18800000000033,325.18800000000033,81.9168000000001,86.71680000000008,18.0,batch_1_wagons[W10772]
9084.25,2025-12-07T07:24:15+00:00,collection1,capacity_reserved,375.0,325.18800000000033,341.5880000000003,86.71680000000008,91.09013333333341,16.4,batch_1_wagons[W5316]
9084.25,2025-12-07T07:24:15+00:00,collection1,capacity_reserved,375.0,341.5880000000003,359.7880000000003,91.09013333333341,95.94346666666674,18.2,batch_1_wagons[W9043]
9084.25,2025-12-07T07:24:15+00:00,collection2,capacity_reserved,375.0,308.68000000000006,325.86000000000007,82.31466666666668,86.89600000000002,17.18,batch_1_wagons[W2149]
9084.25,2025-12-07T07:24:15+00:00,collection2,capacity_reserved,375.0,325.86000000000007,342.26000000000005,86.89600000000002,91.26933333333335,16.4,batch_1_wagons[W5380]
9084.25,2025-12-07T07:24:15+00:00,collection1,capacity_reserved,375.0,359.7880000000003,370.2180000000003,95.94346666666674,98.72480000000007,10.43,batch_1_wagons[W0875]
9084.25,2025-12-07T07:24:15+00:00,collection2,capacity_reserved,375.0,342.26000000000005,356.55000000000007,91.26933333333335,95.08000000000003,14.29,batch_1_wagons[W5989]
9084.25,2025-12-07T07:24:15+00:00,collection2,capacity_reserved,375.0,356.55000000000007,372.95000000000005,95.08000000000003,99.45333333333335,16.4,batch_1_wagons[W5415]
9094.0,2025-12-07T07:34:00+00:00,collection2,capacity_released,375.0,372.95000000000005,353.91,99.45333333333335,94.376,-19.04,batch_1_wagons[W7542]
9094.0,2025-12-07T07:34:00+00:00,retrofit,capacity_reserve_blocked,319.5,307.55400000000026,307.55400000000026,96.26103286384985,96.26103286384985,19.04,batch_1_wagons_WAITING[W7542]
9178.0,2025-12-07T08:58:00+00:00,parking16,capacity_reserved,1875.0,1399.0700000000002,1483.8000000000002,74.61706666666667,79.13600000000001,84.73,"batch_4_wagons[W7253,W8383,W2971,W5694]"
9185.25,2025-12-07T09:05:15+00:00,collection2,capacity_reserved,375.0,353.91,370.31,94.376,98.74933333333334,16.4,batch_1_wagons[W5280]
9233.0,2025-12-07T09:53:00+00:00,collection1,capacity_released,375.0,370.2180000000003,346.9540000000003,98.72480000000007,92.52106666666674,-23.264,batch_1_wagons[W10249]
9233.0,2025-12-07T09:53:00+00:00,retrofit,capacity_reserve_blocked,319.5,307.55400000000026,307.55400000000026,96.26103286384985,96.26103286384985,23.264,batch_1_wagons_WAITING[W10249]
9245.0,2025-12-07T10:05:00+00:00,retrofitted,capacity_reserved,264.0,95.37000000000008,124.35000000000008,36.12500000000003,47.10227272727276,28.979999999999997,"batch_2_wagons[W6303,W10958]"
9250.0,2025-12-07T10:10:00+00:00,retrofitted,capacity_reserved,264.0,124.35000000000008,158.29000000000008,47.10227272727276,59.95833333333336,33.94,"batch_2_wagons[W6277,W4368]"
9250.0,2025-12-07T10:10:00+00:00,retrofit,capacity_released,319.5,307.55400000000026,305.5980000000003,96.26103286384985,95.6488262910799,-44.26,"batch_2_wagons[W6634,W0677]"
9250.0,2025-12-07T10:10:00+00:00,retrofit,capacity_reserved,319.5,286.5580000000003,305.5980000000003,89.68951486697975,95.6488262910799,19.04,batch_1_wagons[W7542]
9250.0,2025-12-07T10:10:00+00:00,retrofit,capacity_reserved,319.5,282.3340000000003,305.5980000000003,88.36744913928023,95.6488262910799,23.264,batch_1_wagons[W10249]
9255.0,2025-12-07T10:15:00+00:00,retrofitted,capacity_released,264.0,158.29000000000008,62.92000000000007,59.95833333333336,23.83333333333336,-95.37,"batch_6_wagons[W9067,W6246,W5947,W11596,W8085,W10957]"
9255.0,2025-12-07T10:15:00+00:00,retrofit,capacity_released,319.5,305.5980000000003,278.3080000000003,95.6488262910799,87.1073552425666,-27.29,"batch_2_wagons[W6025,W7265]"
9337.25,2025-12-07T11:37:15+00:00,collection1,capacity_reserved,375.0,346.9540000000003,366.85400000000027,92.52106666666674,97.8277333333334,19.9,batch_1_wagons[W10441]
9339.5,2025-12-07T11:39:30+00:00,parking13,capacity_reserved,555.0,79.59,174.96,14.340540540540541,31.524324324324326,95.37,"batch_6_wagons[W9067,W6246,W5947,W11596,W8085,W10957]"
9412.0,2025-12-07T12:52:00+00:00,collection2,capacity_released,375.0,370.31,347.91,98.74933333333334,92.776,-22.4,batch_1_wagons[W8990]
9412.0,2025-12-07T12:52:00+00:00,retrofit,capacity_reserved,319.5,278.3080000000003,300.70800000000025,87.1073552425666,94.11830985915502,22.4,batch_1_wagons[W8990]
9444.25,2025-12-07T13:24:15+00:00,collection2,capacity_reserved,375.0,347.91,374.26000000000005,92.776,99.80266666666668,26.35,batch_1_wagons[W11518]
9450.0,2025-12-07T13:30:00+00:00,retrofitted,capacity_reserved,264.0,62.92000000000007,107.18000000000006,23.83333333333336,40.59848484848487,44.26,"batch_2_wagons[W6634,W0677]"
9455.0,2025-12-07T13:35:00+00:00,retrofit,capacity_released,319.5,300.70800000000025,274.45800000000025,94.11830985915502,85.90234741784045,-26.25,"batch_2_wagons[W11953,W9237]"
9530.5,2025-12-07T14:50:30+00:00,collection1,capacity_released,375.0,366.85400000000027,335.25400000000025,97.8277333333334,89.40106666666672,-31.6,"batch_2_wagons[W2050,W2386]"
9530.5,2025-12-07T14:50:30+00:00,retrofit,capacity_reserved,319.5,274.45800000000025,306.0580000000003,85.90234741784045,95.79280125195628,31.6,"batch_2_wagons[W2050,W2386]"
9568.5,2025-12-07T15:28:30+00:00,retrofitted,capacity_reserved,264.0,107.18000000000006,134.47000000000006,40.59848484848487,50.935606060606084,27.29,"batch_2_wagons[W6025,W7265]"
9573.5,2025-12-07T15:33:30+00:00,retrofit,capacity_released,319.5,306.0580000000003,281.2180000000003,95.79280125195628,88.01815336463234,-24.84,"batch_2_wagons[W11252,W12355]"
9586.0,2025-12-07T15:46:00+00:00,collection2,capacity_released,375.0,374.26000000000005,355.36000000000007,99.80266666666668,94.76266666666669,-18.9,batch_1_wagons[W12385]
9586.0,2025-12-07T15:46:00+00:00,retrofit,capacity_reserved,319.5,281.2180000000003,300.1180000000003,88.01815336463234,93.9336463223788,18.9,batch_1_wagons[W12385]
9624.0,2025-12-07T16:24:00+00:00,retrofitted,capacity_reserved,264.0,134.47000000000006,160.72000000000006,50.935606060606084,60.8787878787879,26.25,"batch_2_wagons[W11953,W9237]"
9629.0,2025-12-07T16:29:00+00:00,retrofit,capacity_released,319.5,300.1180000000003,257.8140000000003,93.9336463223788,80.69295774647897,-42.304,"batch_2_wagons[W7316,W10254]"
9684.0,2025-12-07T17:24:00+00:00,collection1,capacity_reserved,375.0,335.25400000000025,355.1540000000002,89.40106666666672,94.7077333333334,19.9,batch_1_wagons[W4506]
9712.5,2025-12-07T17:52:30+00:00,collection1,capacity_released,375.0,355.1540000000002,302.5340000000002,94.7077333333334,80.67573333333338,-52.62,"batch_3_wagons[W2136,W5282,W2652]"
9712.5,2025-12-07T17:52:30+00:00,retrofit,capacity_reserved,319.5,257.8140000000003,310.4340000000003,80.69295774647897,97.16244131455409,52.62,"batch_3_wagons[W2136,W5282,W2652]"
9743.5,2025-12-07T18:23:30+00:00,retrofitted,capacity_released,264.0,160.72000000000006,97.80000000000007,60.8787878787879,37.04545454545457,-62.919999999999995,"batch_4_wagons[W6303,W10958,W6277,W4368]"
9760.0,2025-12-07T18:40:00+00:00,collection2,capacity_released,375.0,355.36000000000007,329.01000000000005,94.76266666666669,87.73600000000002,-26.35,batch_1_wagons[W11539]
9760.0,2025-12-07T18:40:00+00:00,retrofit,capacity_reserve_blocked,319.5,310.4340000000003,310.4340000000003,97.16244131455409,97.16244131455409,26.35,batch_1_wagons_WAITING[W11539]
9800.25,2025-12-07T19:20:15+00:00,collection1,capacity_reserved,375.0,302.5340000000002,316.9340000000002,80.67573333333338,84.51573333333339,14.4,batch_1_wagons[W9143]
9800.25,2025-12-07T19:20:15+00:00,collection1,capacity_reserved,375.0,316.9340000000002,329.6740000000002,84.51573333333339,87.91306666666672,12.74,batch_1_wagons[W10883]
9800.25,2025-12-07T19:20:15+00:00,collection1,capacity_reserved,375.0,329.6740000000002,342.4140000000002,87.91306666666672,91.31040000000006,12.74,batch_1_wagons[W10896]
9810.0,2025-12-07T19:30:00+00:00,parking10,capacity_reserved,450.0,0.0,62.919999999999995,0.0,13.982222222222221,62.919999999999995,"batch_4_wagons[W6303,W10958,W6277,W4368]"
9882.0,2025-12-07T20:42:00+00:00,retrofitted,capacity_reserved,264.0,97.80000000000007,122.64000000000007,37.04545454545457,46.45454545454548,24.84,"batch_2_wagons[W11252,W12355]"
9887.0,2025-12-07T20:47:00+00:00,retrofit,capacity_released,319.5,310.4340000000003,294.50400000000036,97.16244131455409,92.17652582159636,-42.28,"batch_2_wagons[W9534,W12057]"
9887.0,2025-12-07T20:47:00+00:00,retrofit,capacity_reserved,319.5,268.15400000000034,294.50400000000036,83.92926447574347,92.17652582159636,26.35,batch_1_wagons[W11539]
9896.5,2025-12-07T20:56:30+00:00,collection1,capacity_reserved,375.0,342.4140000000002,365.2740000000002,91.31040000000006,97.40640000000006,22.86,batch_1_wagons[W10303]
9896.5,2025-12-07T20:56:30+00:00,collection2,capacity_reserved,375.0,329.01000000000005,345.41,87.73600000000002,92.10933333333334,16.4,batch_1_wagons[W5395]
9896.5,2025-12-07T20:56:30+00:00,collection2,capacity_reserved,375.0,345.41,368.61,92.10933333333334,98.296,23.2,batch_1_wagons[W2774]
9899.0,2025-12-07T20:59:00+00:00,retrofitted,capacity_reserved,264.0,122.64000000000007,164.94400000000007,46.45454545454548,62.47878787878791,42.304,"batch_2_wagons[W7316,W10254]"
9904.0,2025-12-07T21:04:00+00:00,retrofit,capacity_released,319.5,294.50400000000036,251.21400000000034,92.17652582159636,78.62723004694845,-43.290000000000006,"batch_2_wagons[W11482,W9940]"
9907.0,2025-12-07T21:07:00+00:00,collection1,capacity_released,375.0,365.2740000000002,304.73000000000025,97.40640000000006,81.2613333333334,-60.544,"batch_3_wagons[W5845,W12195,W2831]"
9907.0,2025-12-07T21:07:00+00:00,retrofit,capacity_reserved,319.5,251.21400000000034,311.7580000000003,78.62723004694845,97.57683881064173,60.544,"batch_3_wagons[W5845,W12195,W2831]"
10038.0,2025-12-07T23:18:00+00:00,collection2,capacity_released,375.0,368.61,348.71000000000004,98.296,92.98933333333335,-19.9,batch_1_wagons[W4532]
10038.0,2025-12-07T23:18:00+00:00,retrofit,capacity_reserve_blocked,319.5,311.7580000000003,311.7580000000003,97.57683881064173,97.57683881064173,19.9,batch_1_wagons_WAITING[W4532]
10041.5,2025-12-07T23:21:30+00:00,collection1,capacity_reserved,375.0,304.73000000000025,327.99400000000026,81.2613333333334,87.46506666666673,23.264,batch_1_wagons[W2846]
10041.5,2025-12-07T23:21:30+00:00,collection1,capacity_reserved,375.0,327.99400000000026,342.2840000000003,87.46506666666673,91.2757333333334,14.29,batch_1_wagons[W5760]
10041.5,2025-12-07T23:21:30+00:00,collection1,capacity_reserved,375.0,342.2840000000003,356.3240000000003,91.2757333333334,95.0197333333334,14.04,batch_1_wagons[W6421]
10041.5,2025-12-07T23:21:30+00:00,collection1,capacity_reserved,375.0,356.3240000000003,368.3640000000003,95.0197333333334,98.23040000000009,12.04,batch_1_wagons[W4802]
10043.0,2025-12-07T23:23:00+00:00,retrofitted,capacity_released,264.0,164.94400000000007,67.14400000000008,62.47878787878791,25.433333333333362,-97.8,"batch_6_wagons[W6634,W0677,W6025,W7265,W11953,W9237]"
10057.5,2025-12-07T23:37:30+00:00,parking1,capacity_reserved,555.0,108.65,206.45,19.576576576576578,37.1981981981982,97.8,"batch_6_wagons[W6634,W0677,W6025,W7265,W11953,W9237]"
10065.5,2025-12-07T23:45:30+00:00,collection2,capacity_reserved,375.0,348.71000000000004,372.57000000000005,92.98933333333335,99.35200000000002,23.86,batch_1_wagons[W8616]
10074.5,2025-12-07T23:54:30+00:00,retrofitted,capacity_reserved,264.0,67.14400000000008,109.42400000000008,25.433333333333362,41.44848484848488,42.28,"batch_2_wagons[W9534,W12057]"
10079.5,2025-12-07T23:59:30+00:00,retrofit,capacity_released,319.5,311.7580000000003,290.4180000000003,97.57683881064173,90.89765258215972,-41.239999999999995,"batch_2_wagons[W9081,W8671]"
10079.5,2025-12-07T23:59:30+00:00,retrofit,capacity_reserved,319.5,270.5180000000003,290.4180000000003,84.66917057902982,90.89765258215972,19.9,batch_1_wagons[W4532]
10091.5,2025-12-08T00:11:30+00:00,retrofitted,capacity_reserved,264.0,109.42400000000008,152.71400000000008,41.44848484848488,57.84621212121215,43.290000000000006,"batch_2_wagons[W11482,W9940]"
10096.5,2025-12-08T00:16:30+00:00,retrofit,capacity_released,319.5,290.4180000000003,255.5780000000003,90.89765258215972,79.99311424100165,-34.84,"batch_2_wagons[W2112,W7542]"
10103.0,2025-12-08T00:23:00+00:00,collection1,capacity_released,375.0,368.3640000000003,319.5040000000003,98.23040000000009,85.20106666666675,-48.86,"batch_3_wagons[W0881,W8570,W9355]"
10103.0,2025-12-08T00:23:00+00:00,retrofit,capacity_reserved,319.5,255.5780000000003,304.4380000000003,79.99311424100165,95.28575899843514,48.86,"batch_3_wagons[W0881,W8570,W9355]"
10122.75,2025-12-08T00:42:45+00:00,collection1,capacity_reserved,375.0,319.5040000000003,336.6840000000003,85.20106666666675,89.78240000000008,17.18,batch_1_wagons[W2165]
10227.75,2025-12-08T02:27:45+00:00,collection1,capacity_reserved,375.0,336.6840000000003,360.5840000000003,89.78240000000008,96.15573333333342,23.9,batch_1_wagons[W2736]
10234.0,2025-12-08T02:34:00+00:00,collection2,capacity_released,375.0,372.57000000000005,356.1700000000001,99.35200000000002,94.97866666666668,-16.4,batch_1_wagons[W5248]
10234.0,2025-12-08T02:34:00+00:00,retrofit,capacity_reserve_blocked,319.5,304.4380000000003,304.4380000000003,95.28575899843514,95.28575899843514,16.4,batch_1_wagons_WAITING[W5248]
10246.0,2025-12-08T02:46:00+00:00,retrofitted,capacity_reserved,264.0,152.71400000000008,193.95400000000006,57.84621212121215,73.46742424242426,41.239999999999995,"batch_2_wagons[W9081,W8671]"
10251.0,2025-12-08T02:51:00+00:00,retrofit,capacity_released,319.5,304.4380000000003,275.17400000000026,95.28575899843514,86.12644757433499,-45.664,"batch_2_wagons[W10249,W8990]"
10251.0,2025-12-08T02:51:00+00:00,retrofit,capacity_reserved,319.5,258.7740000000003,275.17400000000026,80.99342723004703,86.12644757433499,16.4,batch_1_wagons[W5248]
10253.0,2025-12-08T02:53:00+00:00,collection2,capacity_reserved,375.0,356.1700000000001,371.6700000000001,94.97866666666668,99.11200000000002,15.5,batch_1_wagons[W0234]
10253.0,2025-12-08T02:53:00+00:00,collection1,capacity_reserved,375.0,360.5840000000003,374.6240000000003,96.15573333333342,99.89973333333342,14.04,batch_1_wagons[W6323]
10256.0,2025-12-08T02:56:00+00:00,retrofitted,capacity_released,264.0,193.95400000000006,126.81000000000006,73.46742424242426,48.034090909090935,-67.144,"batch_4_wagons[W11252,W12355,W7316,W10254]"
10295.5,2025-12-08T03:35:30+00:00,collection1,capacity_released,375.0,374.6240000000003,336.1440000000003,99.89973333333342,89.63840000000008,-38.480000000000004,"batch_2_wagons[W11847,W2135]"
10295.5,2025-12-08T03:35:30+00:00,retrofit,capacity_reserved,319.5,275.17400000000026,313.6540000000003,86.12644757433499,98.17026604068866,38.480000000000004,"batch_2_wagons[W11847,W2135]"
10322.5,2025-12-08T04:02:30+00:00,parking12,capacity_reserved,555.0,126.66399999999999,193.808,22.82234234234234,34.920360360360355,67.144,"batch_4_wagons[W11252,W12355,W7316,W10254]"
10420.25,2025-12-08T05:40:15+00:00,collection1,capacity_reserved,375.0,336.1440000000003,359.4080000000003,89.63840000000008,95.84213333333341,23.264,batch_1_wagons[W2910]
10423.5,2025-12-08T05:43:30+00:00,collection1,capacity_reserved,375.0,359.4080000000003,374.9080000000003,95.84213333333341,99.97546666666675,15.5,batch_1_wagons[W0237]
10452.5,2025-12-08T06:12:30+00:00,collection2,capacity_released,375.0,371.6700000000001,357.45000000000005,99.11200000000002,95.32000000000002,-14.22,batch_1_wagons[W0282]
10452.5,2025-12-08T06:12:30+00:00,retrofit,capacity_reserve_blocked,319.5,313.6540000000003,313.6540000000003,98.17026604068866,98.17026604068866,14.22,batch_1_wagons_WAITING[W0282]
10464.5,2025-12-08T06:24:30+00:00,retrofitted,capacity_reserved,264.0,126.81000000000006,161.65000000000006,48.034090909090935,61.23106060606063,34.84,"batch_2_wagons[W2112,W7542]"
10469.5,2025-12-08T06:29:30+00:00,retrofit,capacity_released,319.5,313.6540000000003,296.2740000000003,98.17026604068866,92.73051643192497,-31.6,"batch_2_wagons[W2050,W2386]"
10469.5,2025-12-08T06:29:30+00:00,retrofit,capacity_reserved,319.5,282.05400000000026,296.2740000000003,88.27981220657286,92.73051643192497,14.22,batch_1_wagons[W0282]
10481.5,2025-12-08T06:41:30+00:00,retrofitted,capacity_reserved,264.0,161.65000000000006,207.31400000000008,61.23106060606063,78.52803030303033,45.664,"batch_2_wagons[W10249,W8990]"
10486.5,2025-12-08T06:46:30+00:00,retrofit,capacity_released,319.5,296.2740000000003,260.1940000000003,92.73051643192497,81.43787167449149,-36.08,"batch_2_wagons[W12385,W2136]"
10521.5,2025-12-08T07:21:30+00:00,collection1,capacity_released,375.0,374.9080000000003,323.0880000000003,99.97546666666675,86.15680000000008,-51.81999999999999,"batch_3_wagons[W5612,W5821,W12186]"
10521.5,2025-12-08T07:21:30+00:00,retrofit,capacity_reserved,319.5,260.1940000000003,312.0140000000003,81.43787167449149,97.65696400625987,51.81999999999999,"batch_3_wagons[W5612,W5821,W12186]"
10552.5,2025-12-08T07:52:30+00:00,retrofitted,capacity_released,264.0,207.31400000000008,80.50400000000008,78.52803030303033,30.493939393939424,-126.81,"batch_6_wagons[W9534,W12057,W11482,W9940,W9081,W8671]"
10593.5,2025-12-08T08:33:30+00:00,collection1,capacity_reserved,375.0,323.0880000000003,339.4880000000003,86.15680000000008,90.53013333333341,16.4,batch_1_wagons[W5173]
10593.5,2025-12-08T08:33:30+00:00,collection1,capacity_reserved,375.0,339.4880000000003,359.38800000000026,90.53013333333341,95.83680000000007,19.9,batch_1_wagons[W4380]
10593.5,2025-12-08T08:33:30+00:00,collection1,capacity_reserved,375.0,359.38800000000026,373.6780000000003,95.83680000000007,99.64746666666674,14.29,batch_1_wagons[W5872]
10593.5,2025-12-08T08:33:30+00:00,collection2,capacity_reserved,375.0,357.45000000000005,371.49000000000007,95.32000000000002,99.06400000000002,14.04,batch_1_wagons[W6989]
10637.0,2025-12-08T09:17:00+00:00,parking15,capacity_reserved,555.0,132.7,259.51,23.909909909909906,46.758558558558555,126.81,"batch_6_wagons[W9534,W12057,W11482,W9940,W9081,W8671]"
10643.5,2025-12-08T09:23:30+00:00,collection2,capacity_released,375.0,371.49000000000007,347.63000000000005,99.06400000000002,92.70133333333335,-23.86,batch_1_wagons[W8578]
10643.5,2025-12-08T09:23:30+00:00,retrofit,capacity_reserve_blocked,319.5,312.0140000000003,312.0140000000003,97.65696400625987,97.65696400625987,23.86,batch_1_wagons_WAITING[W8578]
10709.0,2025-12-08T10:29:00+00:00,retrofitted,capacity_reserved,264.0,80.50400000000008,112.10400000000007,30.493939393939424,42.46363636363639,31.6,"batch_2_wagons[W2050,W2386]"
10714.0,2025-12-08T10:34:00+00:00,retrofit,capacity_released,319.5,312.0140000000003,300.4340000000003,97.65696400625987,94.03255086071998,-35.44,"batch_2_wagons[W5282,W2652]"
10714.0,2025-12-08T10:34:00+00:00,retrofit,capacity_reserved,319.5,276.5740000000003,300.4340000000003,86.56463223787176,94.03255086071998,23.86,batch_1_wagons[W8578]
10726.0,2025-12-08T10:46:00+00:00,retrofitted,capacity_reserved,264.0,112.10400000000007,148.18400000000008,42.46363636363639,56.13030303030306,36.08,"batch_2_wagons[W12385,W2136]"
10731.0,2025-12-08T10:51:00+00:00,retrofit,capacity_released,319.5,300.4340000000003,260.0440000000003,94.03255086071998,81.39092331768398,-40.39,"batch_2_wagons[W11539,W5845]"
10790.5,2025-12-08T11:50:30+00:00,collection1,capacity_released,375.0,373.6780000000003,321.0780000000003,99.64746666666674,85.62080000000009,-52.599999999999994,"batch_3_wagons[W10772,W5316,W9043]"
10790.5,2025-12-08T11:50:30+00:00,retrofit,capacity_reserved,319.5,260.0440000000003,312.64400000000035,81.39092331768398,97.85414710485144,52.599999999999994,"batch_3_wagons[W10772,W5316,W9043]"
10793.25,2025-12-08T11:53:15+00:00,collection1,capacity_reserved,375.0,321.0780000000003,344.3180000000003,85.62080000000009,91.81813333333342,23.24,batch_1_wagons[W12116]
10793.25,2025-12-08T11:53:15+00:00,collection1,capacity_reserved,375.0,344.3180000000003,371.3180000000003,91.81813333333342,99.01813333333342,27.0,batch_1_wagons[W0698]
10793.25,2025-12-08T11:53:15+00:00,collection2,capacity_reserved,375.0,347.63000000000005,363.33000000000004,92.70133333333335,96.888,15.7,batch_1_wagons[W10150]
10796.75,2025-12-08T11:56:45+00:00,collection2,capacity_reserved,375.0,363.33000000000004,372.93000000000006,96.888,99.44800000000001,9.6,batch_1_wagons[W0839]
10828.5,2025-12-08T12:28:30+00:00,retrofitted,capacity_reserved,264.0,148.18400000000008,183.62400000000008,56.13030303030306,69.55454545454548,35.44,"batch_2_wagons[W5282,W2652]"
10833.5,2025-12-08T12:33:30+00:00,retrofit,capacity_released,319.5,312.64400000000035,266.1400000000003,97.85414710485144,83.29890453834126,-46.504,"batch_2_wagons[W12195,W2831]"
10888.0,2025-12-08T13:28:00+00:00,collection2,capacity_released,375.0,372.93000000000006,330.13000000000005,99.44800000000001,88.03466666666668,-42.8,"batch_2_wagons[W0948,W9358]"
10888.0,2025-12-08T13:28:00+00:00,retrofit,capacity_reserved,319.5,266.1400000000003,308.94000000000034,83.29890453834126,96.69483568075128,42.8,"batch_2_wagons[W0948,W9358]"
10919.0,2025-12-08T13:59:00+00:00,retrofitted,capacity_released,264.0,183.62400000000008,103.12000000000009,69.55454545454548,39.0606060606061,-80.50399999999999,"batch_4_wagons[W2112,W7542,W10249,W8990]"
10947.75,2025-12-08T14:27:45+00:00,collection2,capacity_reserved,375.0,330.13000000000005,350.03000000000003,88.03466666666668,93.34133333333334,19.9,batch_1_wagons[W3413]
10947.75,2025-12-08T14:27:45+00:00,collection2,capacity_reserved,375.0,350.03000000000003,373.29,93.34133333333334,99.54400000000001,23.26,batch_1_wagons[W8479]
10980.5,2025-12-08T15:00:30+00:00,collection1,capacity_released,375.0,371.3180000000003,360.8880000000003,99.01813333333342,96.23680000000009,-10.43,batch_1_wagons[W0875]
10980.5,2025-12-08T15:00:30+00:00,retrofit,capacity_reserved,319.5,308.94000000000034,319.37000000000035,96.69483568075128,99.95931142410026,10.43,batch_1_wagons[W0875]
11045.5,2025-12-08T16:05:30+00:00,parking16,capacity_reserved,1875.0,1483.8000000000002,1564.304,79.13600000000001,83.42954666666668,80.50399999999999,"batch_4_wagons[W2112,W7542,W10249,W8990]"
11119.5,2025-12-08T17:19:30+00:00,collection2,capacity_released,375.0,373.29,359.43,99.54400000000001,95.848,-13.86,batch_1_wagons[W0367]
11119.5,2025-12-08T17:19:30+00:00,retrofit,capacity_reserve_blocked,319.5,319.37000000000035,319.37000000000035,99.95931142410026,99.95931142410026,13.86,batch_1_wagons_WAITING[W0367]
11131.5,2025-12-08T17:31:30+00:00,retrofitted,capacity_reserved,264.0,103.12000000000009,143.5100000000001,39.0606060606061,54.35984848484853,40.39,"batch_2_wagons[W11539,W5845]"
11136.5,2025-12-08T17:36:30+00:00,retrofit,capacity_released,319.5,319.37000000000035,302.73000000000036,99.95931142410026,94.7511737089203,-30.5,"batch_2_wagons[W4532,W0881]"
11136.5,2025-12-08T17:36:30+00:00,retrofit,capacity_reserved,319.5,288.87000000000035,302.73000000000036,90.41314553990621,94.7511737089203,13.86,batch_1_wagons[W0367]
11148.5,2025-12-08T17:48:30+00:00,retrofitted,capacity_reserved,264.0,143.5100000000001,190.0140000000001,54.35984848484853,71.97500000000004,46.504,"batch_2_wagons[W12195,W2831]"
11153.5,2025-12-08T17:53:30+00:00,retrofit,capacity_released,319.5,302.73000000000036,264.47000000000037,94.7511737089203,82.77621283255098,-38.26,"batch_2_wagons[W8570,W9355]"
11231.5,2025-12-08T19:11:30+00:00,collection2,capacity_reserved,375.0,359.43,373.72,95.848,99.65866666666668,14.29,batch_1_wagons[W5992]
11231.5,2025-12-08T19:11:30+00:00,collection1,capacity_reserved,375.0,360.8880000000003,372.48800000000034,96.23680000000009,99.33013333333342,11.6,batch_1_wagons[W8339]
11236.5,2025-12-08T19:16:30+00:00,collection1,capacity_released,375.0,372.48800000000034,318.28800000000035,99.33013333333342,84.8768000000001,-54.199999999999996,"batch_3_wagons[W10441,W4506,W9143]"
11236.5,2025-12-08T19:16:30+00:00,retrofit,capacity_reserved,319.5,264.47000000000037,318.67000000000036,82.77621283255098,99.74021909233188,54.199999999999996,"batch_3_wagons[W10441,W4506,W9143]"
11267.5,2025-12-08T19:47:30+00:00,retrofitted,capacity_released,264.0,190.0140000000001,86.89400000000009,71.97500000000004,32.914393939393975,-103.12,"batch_6_wagons[W2050,W2386,W12385,W2136,W5282,W2652]"
11310.5,2025-12-08T20:30:30+00:00,collection2,capacity_released,375.0,373.72,358.78000000000003,99.65866666666668,95.67466666666668,-14.94,batch_1_wagons[W9733]
11310.5,2025-12-08T20:30:30+00:00,retrofit,capacity_reserve_blocked,319.5,318.67000000000036,318.67000000000036,99.74021909233188,99.74021909233188,14.94,batch_1_wagons_WAITING[W9733]
11337.0,2025-12-08T20:57:00+00:00,parking10,capacity_reserved,450.0,62.919999999999995,166.04,13.982222222222221,36.897777777777776,103.12,"batch_6_wagons[W2050,W2386,W12385,W2136,W5282,W2652]"
11409.0,2025-12-08T22:09:00+00:00,retrofitted,capacity_reserved,264.0,86.89400000000009,117.39400000000009,32.914393939393975,44.46742424242427,30.5,"batch_2_wagons[W4532,W0881]"
11414.0,2025-12-08T22:14:00+00:00,retrofit,capacity_released,319.5,318.67000000000036,295.91000000000037,99.74021909233188,92.61658841940543,-37.7,"batch_2_wagons[W5248,W11847]"
11414.0,2025-12-08T22:14:00+00:00,retrofit,capacity_reserved,319.5,280.97000000000037,295.91000000000037,87.94053208137727,92.61658841940543,14.94,batch_1_wagons[W9733]
11426.0,2025-12-08T22:26:00+00:00,retrofitted,capacity_reserved,264.0,117.39400000000009,155.65400000000008,44.46742424242427,58.95984848484852,38.26,"batch_2_wagons[W8570,W9355]"
11431.0,2025-12-08T22:31:00+00:00,retrofit,capacity_released,319.5,295.91000000000037,264.5100000000004,92.61658841940543,82.78873239436632,-31.4,"batch_2_wagons[W2135,W0282]"
11457.5,2025-12-08T22:57:30+00:00,collection1,capacity_released,375.0,318.28800000000035,269.9480000000003,84.8768000000001,71.98613333333343,-48.34,"batch_3_wagons[W10883,W10896,W10303]"
11457.5,2025-12-08T22:57:30+00:00,retrofit,capacity_reserved,319.5,264.5100000000004,312.85000000000036,82.78873239436632,97.91862284820043,48.34,"batch_3_wagons[W10883,W10896,W10303]"
11488.5,2025-12-08T23:28:30+00:00,retrofitted,capacity_released,264.0,155.65400000000008,68.76000000000008,58.95984848484852,26.04545454545457,-86.894,"batch_4_wagons[W11539,W5845,W12195,W2831]"
11544.25,2025-12-09T00:24:15+00:00,collection1,capacity_reserved,375.0,269.9480000000003,288.8480000000003,71.98613333333343,77.02613333333342,18.9,batch_1_wagons[W12383]
11544.25,2025-12-09T00:24:15+00:00,collection1,capacity_reserved,375.0,288.8480000000003,312.1080000000003,77.02613333333342,83.22880000000008,23.26,batch_1_wagons[W9843]
11544.25,2025-12-09T00:24:15+00:00,collection1,capacity_reserved,375.0,312.1080000000003,332.00800000000027,83.22880000000008,88.53546666666674,19.9,batch_1_wagons[W4473]
11544.25,2025-12-09T00:24:15+00:00,collection1,capacity_reserved,375.0,332.00800000000027,346.40800000000024,88.53546666666674,92.37546666666672,14.4,batch_1_wagons[W9727]
11544.25,2025-12-09T00:24:15+00:00,collection1,capacity_reserved,375.0,346.40800000000024,364.40800000000024,92.37546666666672,97.17546666666674,18.0,batch_1_wagons[W9046]
11544.25,2025-12-09T00:24:15+00:00,collection2,capacity_reserved,375.0,358.78000000000003,373.18,95.67466666666668,99.51466666666667,14.4,batch_1_wagons[W10976]
11570.0,2025-12-09T00:50:00+00:00,parking13,capacity_reserved,555.0,174.96,261.85400000000004,31.524324324324326,47.18090090090091,86.894,"batch_4_wagons[W11539,W5845,W12195,W2831]"
11588.0,2025-12-09T01:08:00+00:00,collection2,capacity_released,375.0,373.18,363.54,99.51466666666667,96.944,-9.64,batch_1_wagons[W0475]
11588.0,2025-12-09T01:08:00+00:00,retrofit,capacity_reserve_blocked,319.5,312.85000000000036,312.85000000000036,97.91862284820043,97.91862284820043,9.64,batch_1_wagons_WAITING[W0475]
11642.0,2025-12-09T02:02:00+00:00,retrofitted,capacity_reserved,264.0,68.76000000000008,106.46000000000008,26.04545454545457,40.325757575757606,37.7,"batch_2_wagons[W5248,W11847]"
11647.0,2025-12-09T02:07:00+00:00,retrofit,capacity_released,319.5,312.85000000000036,293.91000000000037,97.91862284820043,91.99061032863861,-28.58,"batch_2_wagons[W5612,W5821]"
11647.0,2025-12-09T02:07:00+00:00,retrofit,capacity_reserved,319.5,284.2700000000004,293.91000000000037,88.97339593114253,91.99061032863861,9.64,batch_1_wagons[W0475]
11659.0,2025-12-09T02:19:00+00:00,retrofitted,capacity_reserved,264.0,106.46000000000008,137.86000000000007,40.325757575757606,52.219696969697,31.4,"batch_2_wagons[W2135,W0282]"
11664.0,2025-12-09T02:24:00+00:00,retrofit,capacity_released,319.5,293.91000000000037,246.81000000000037,91.99061032863861,77.24882629107994,-47.099999999999994,"batch_2_wagons[W12186,W8578]"
11735.0,2025-12-09T03:35:00+00:00,collection1,capacity_released,375.0,364.40800000000024,300.7740000000002,97.17546666666674,80.20640000000006,-63.634,"batch_4_wagons[W2846,W5760,W6421,W4802]"
11735.0,2025-12-09T03:35:00+00:00,retrofit,capacity_reserved,319.5,246.81000000000037,310.44400000000036,77.24882629107994,97.16557120500794,63.634,"batch_4_wagons[W2846,W5760,W6421,W4802]"
11773.0,2025-12-09T04:13:00+00:00,retrofitted,capacity_reserved,264.0,137.86000000000007,166.44000000000005,52.219696969697,63.04545454545457,28.58,"batch_2_wagons[W5612,W5821]"
11778.0,2025-12-09T04:18:00+00:00,retrofit,capacity_released,319.5,310.44400000000036,276.0440000000004,97.16557120500794,86.39874804381859,-34.4,"batch_2_wagons[W10772,W5316]"
11821.0,2025-12-09T05:01:00+00:00,collection2,capacity_released,375.0,363.54,335.28000000000003,96.944,89.40800000000002,-28.259999999999998,"batch_2_wagons[W6008,W0293]"
11821.0,2025-12-09T05:01:00+00:00,retrofit,capacity_reserved,319.5,276.0440000000004,304.30400000000037,86.39874804381859,95.24381846635379,28.259999999999998,"batch_2_wagons[W6008,W0293]"
11829.75,2025-12-09T05:09:45+00:00,collection1,capacity_reserved,375.0,300.7740000000002,316.7740000000002,80.20640000000006,84.47306666666672,16.0,batch_1_wagons[W7791]
11852.0,2025-12-09T05:32:00+00:00,retrofitted,capacity_released,264.0,166.44000000000005,97.68000000000006,63.04545454545457,37.00000000000002,-68.75999999999999,"batch_4_wagons[W4532,W0881,W8570,W9355]"
11933.0,2025-12-09T06:53:00+00:00,collection1,capacity_released,375.0,316.7740000000002,299.5940000000002,84.47306666666672,79.89173333333339,-17.18,batch_1_wagons[W2165]
11933.0,2025-12-09T06:53:00+00:00,retrofit,capacity_reserve_blocked,319.5,304.30400000000037,304.30400000000037,95.24381846635379,95.24381846635379,17.18,batch_1_wagons_WAITING[W2165]
11933.5,2025-12-09T06:53:30+00:00,parking14,capacity_reserved,555.0,192.41,261.16999999999996,34.66846846846847,47.05765765765765,68.75999999999999,"batch_4_wagons[W4532,W0881,W8570,W9355]"
12005.5,2025-12-09T08:05:30+00:00,retrofitted,capacity_reserved,264.0,97.68000000000006,144.78000000000006,37.00000000000002,54.840909090909115,47.099999999999994,"batch_2_wagons[W12186,W8578]"
12010.5,2025-12-09T08:10:30+00:00,retrofit,capacity_released,319.5,304.30400000000037,276.2840000000004,95.24381846635379,86.4738654147106,-45.2,"batch_2_wagons[W9043,W0948]"
12010.5,2025-12-09T08:10:30+00:00,retrofit,capacity_reserved,319.5,259.1040000000004,276.2840000000004,81.0967136150236,86.4738654147106,17.18,batch_1_wagons[W2165]
12022.5,2025-12-09T08:22:30+00:00,retrofitted,capacity_reserved,264.0,144.78000000000006,179.18000000000006,54.840909090909115,67.87121212121214,34.4,"batch_2_wagons[W10772,W5316]"
12027.5,2025-12-09T08:27:30+00:00,retrofit,capacity_released,319.5,276.2840000000004,250.0540000000004,86.4738654147106,78.26416275430373,-26.23,"batch_2_wagons[W9358,W0875]"
12046.0,2025-12-09T08:46:00+00:00,collection1,capacity_reserved,375.0,299.5940000000002,330.5940000000002,79.89173333333339,88.15840000000006,31.0,batch_1_wagons[W0023]
12046.0,2025-12-09T08:46:00+00:00,collection1,capacity_reserved,375.0,330.5940000000002,350.4940000000002,88.15840000000006,93.46506666666671,19.9,batch_1_wagons[W10397]
12046.0,2025-12-09T08:46:00+00:00,collection2,capacity_reserved,375.0,335.28000000000003,366.28000000000003,89.40800000000002,97.67466666666668,31.0,batch_1_wagons[W0674]
12046.0,2025-12-09T08:46:00+00:00,collection1,capacity_reserved,375.0,350.4940000000002,366.8940000000002,93.46506666666671,97.83840000000005,16.4,batch_1_wagons[W5420]
12072.0,2025-12-09T09:12:00+00:00,collection2,capacity_released,375.0,366.28000000000003,310.99,97.67466666666668,82.93066666666667,-55.29,"batch_3_wagons[W7853,W6704,W2149]"
12072.0,2025-12-09T09:12:00+00:00,retrofit,capacity_reserved,319.5,250.0540000000004,305.3440000000004,78.26416275430373,95.56932707355254,55.29,"batch_3_wagons[W7853,W6704,W2149]"
12103.0,2025-12-09T09:43:00+00:00,retrofitted,capacity_released,264.0,179.18000000000006,81.50000000000007,67.87121212121214,30.87121212121215,-97.67999999999999,"batch_6_wagons[W5248,W11847,W2135,W0282,W5612,W5821]"
12172.5,2025-12-09T10:52:30+00:00,parking12,capacity_reserved,555.0,193.808,291.488,34.920360360360355,52.520360360360364,97.67999999999999,"batch_6_wagons[W5248,W11847,W2135,W0282,W5612,W5821]"
12184.5,2025-12-09T11:04:30+00:00,collection1,capacity_released,375.0,366.8940000000002,342.9940000000002,97.83840000000005,91.46506666666671,-23.9,batch_1_wagons[W2736]
12184.5,2025-12-09T11:04:30+00:00,retrofit,capacity_reserve_blocked,319.5,305.3440000000004,305.3440000000004,95.56932707355254,95.56932707355254,23.9,batch_1_wagons_WAITING[W2736]
12205.25,2025-12-09T11:25:15+00:00,collection1,capacity_reserved,375.0,342.9940000000002,362.8940000000002,91.46506666666671,96.77173333333337,19.9,batch_1_wagons[W3230]
12205.25,2025-12-09T11:25:15+00:00,collection2,capacity_reserved,375.0,310.99,327.39,82.93066666666667,87.30399999999999,16.4,batch_1_wagons[W5411]
12205.25,2025-12-09T11:25:15+00:00,collection2,capacity_reserved,375.0,327.39,353.74,87.30399999999999,94.33066666666667,26.35,batch_1_wagons[W11513]
12205.25,2025-12-09T11:25:15+00:00,collection2,capacity_reserved,375.0,353.74,373.64,94.33066666666667,99.63733333333333,19.9,batch_1_wagons[W3087]
12226.5,2025-12-09T11:46:30+00:00,collection1,capacity_reserved,375.0,362.8940000000002,372.53400000000016,96.77173333333337,99.34240000000004,9.64,batch_1_wagons[W0039]
12244.5,2025-12-09T12:04:30+00:00,retrofitted,capacity_reserved,264.0,81.50000000000007,126.70000000000007,30.87121212121215,47.99242424242427,45.2,"batch_2_wagons[W9043,W0948]"
12249.5,2025-12-09T12:09:30+00:00,retrofit,capacity_released,319.5,305.3440000000004,295.4840000000004,95.56932707355254,92.4832550860721,-33.76,"batch_2_wagons[W0367,W10441]"
12249.5,2025-12-09T12:09:30+00:00,retrofit,capacity_reserved,319.5,271.5840000000004,295.4840000000004,85.00281690140858,92.4832550860721,23.9,batch_1_wagons[W2736]
12261.5,2025-12-09T12:21:30+00:00,retrofitted,capacity_reserved,264.0,126.70000000000007,152.93000000000006,47.99242424242427,57.92803030303033,26.23,"batch_2_wagons[W9358,W0875]"
12266.5,2025-12-09T12:26:30+00:00,retrofit,capacity_released,319.5,295.4840000000004,261.18400000000037,92.4832550860721,81.74773082942109,-34.3,"batch_2_wagons[W4506,W9143]"
12331.5,2025-12-09T13:31:30+00:00,collection2,capacity_released,375.0,373.64,326.55,99.63733333333333,87.08,-47.089999999999996,"batch_3_wagons[W5380,W5989,W5415]"
12331.5,2025-12-09T13:31:30+00:00,retrofit,capacity_reserved,319.5,261.18400000000037,308.27400000000034,81.74773082942109,96.48638497652593,47.089999999999996,"batch_3_wagons[W5380,W5989,W5415]"
12369.5,2025-12-09T14:09:30+00:00,retrofitted,capacity_reserved,264.0,152.93000000000006,186.69000000000005,57.92803030303033,70.71590909090911,33.76,"batch_2_wagons[W0367,W10441]"
12374.5,2025-12-09T14:14:30+00:00,retrofit,capacity_released,319.5,308.27400000000034,280.59400000000034,96.48638497652593,87.8228482003131,-27.68,"batch_2_wagons[W9733,W10883]"
12376.5,2025-12-09T14:16:30+00:00,collection2,capacity_reserved,375.0,326.55,346.45,87.08,92.38666666666666,19.9,batch_1_wagons[W4370]
12376.5,2025-12-09T14:16:30+00:00,collection2,capacity_reserved,375.0,346.45,360.84999999999997,92.38666666666666,96.22666666666666,14.4,batch_1_wagons[W9406]
12423.5,2025-12-09T15:03:30+00:00,collection1,capacity_released,375.0,372.53400000000016,335.23000000000013,99.34240000000004,89.3946666666667,-37.304,"batch_2_wagons[W6323,W2910]"
12423.5,2025-12-09T15:03:30+00:00,retrofit,capacity_reserved,319.5,280.59400000000034,317.89800000000037,87.8228482003131,99.4985915492959,37.304,"batch_2_wagons[W6323,W2910]"
12454.5,2025-12-09T15:34:30+00:00,retrofitted,capacity_released,264.0,186.69000000000005,105.19000000000005,70.71590909090911,39.84469696969699,-81.5,"batch_4_wagons[W12186,W8578,W10772,W5316]"
12466.0,2025-12-09T15:46:00+00:00,parking1,capacity_reserved,555.0,206.45,287.95,37.1981981981982,51.88288288288289,81.5,"batch_4_wagons[W12186,W8578,W10772,W5316]"
12521.5,2025-12-09T16:41:30+00:00,collection2,capacity_released,375.0,360.84999999999997,344.45,96.22666666666666,91.85333333333332,-16.4,batch_1_wagons[W5280]
12521.5,2025-12-09T16:41:30+00:00,retrofit,capacity_reserve_blocked,319.5,317.89800000000037,317.89800000000037,99.4985915492959,99.4985915492959,16.4,batch_1_wagons_WAITING[W5280]
12533.5,2025-12-09T16:53:30+00:00,retrofitted,capacity_reserved,264.0,105.19000000000005,139.49000000000007,39.84469696969699,52.83712121212124,34.3,"batch_2_wagons[W4506,W9143]"
12538.5,2025-12-09T16:58:30+00:00,retrofit,capacity_released,319.5,317.89800000000037,298.6980000000003,99.4985915492959,93.48920187793436,-35.6,"batch_2_wagons[W10896,W10303]"
12538.5,2025-12-09T16:58:30+00:00,retrofit,capacity_reserved,319.5,282.29800000000034,298.6980000000003,88.35618153364642,93.48920187793436,16.4,batch_1_wagons[W5280]
12550.5,2025-12-09T17:10:30+00:00,retrofitted,capacity_reserved,264.0,139.49000000000007,167.17000000000007,52.83712121212124,63.321969696969724,27.68,"batch_2_wagons[W9733,W10883]"
12555.5,2025-12-09T17:15:30+00:00,retrofit,capacity_released,319.5,298.6980000000003,265.7940000000003,93.48920187793436,83.1906103286386,-32.903999999999996,"batch_2_wagons[W0475,W2846]"
12560.25,2025-12-09T17:20:15+00:00,collection1,capacity_reserved,375.0,335.23000000000013,355.1300000000001,89.3946666666667,94.70133333333337,19.9,batch_1_wagons[W3135]
12560.25,2025-12-09T17:20:15+00:00,collection2,capacity_reserved,375.0,344.45,364.34999999999997,91.85333333333332,97.16,19.9,batch_1_wagons[W3903]
12594.5,2025-12-09T17:54:30+00:00,collection1,capacity_reserved,375.0,355.1300000000001,374.0300000000001,94.70133333333337,99.74133333333336,18.9,batch_1_wagons[W8906]
12610.0,2025-12-09T18:10:00+00:00,collection1,capacity_released,375.0,374.0300000000001,322.2300000000001,99.74133333333336,85.92800000000001,-51.8,"batch_3_wagons[W0237,W5173,W4380]"
12610.0,2025-12-09T18:10:00+00:00,retrofit,capacity_reserved,319.5,265.7940000000003,317.59400000000034,83.1906103286386,99.40344287949932,51.8,"batch_3_wagons[W0237,W5173,W4380]"
12611.0,2025-12-09T18:11:00+00:00,collection1,capacity_reserved,375.0,322.2300000000001,338.63000000000005,85.92800000000001,90.30133333333335,16.4,batch_1_wagons[W12331]
12641.0,2025-12-09T18:41:00+00:00,retrofitted,capacity_released,264.0,167.17000000000007,61.980000000000075,63.321969696969724,23.477272727272755,-105.19,"batch_6_wagons[W9043,W0948,W9358,W0875,W0367,W10441]"
12712.5,2025-12-09T19:52:30+00:00,collection2,capacity_released,375.0,364.34999999999997,337.99999999999994,97.16,90.13333333333333,-26.35,batch_1_wagons[W11518]
12712.5,2025-12-09T19:52:30+00:00,retrofit,capacity_reserve_blocked,319.5,317.59400000000034,317.59400000000034,99.40344287949932,99.40344287949932,26.35,batch_1_wagons_WAITING[W11518]
12748.5,2025-12-09T20:28:30+00:00,collection1,capacity_reserved,375.0,338.63000000000005,361.87000000000006,90.30133333333335,96.4986666666667,23.24,batch_1_wagons[W10109]
12748.5,2025-12-09T20:28:30+00:00,collection2,capacity_reserved,375.0,337.99999999999994,361.19999999999993,90.13333333333333,96.31999999999998,23.2,batch_1_wagons[W10204]
12748.5,2025-12-09T20:28:30+00:00,collection2,capacity_reserved,375.0,361.19999999999993,374.44999999999993,96.31999999999998,99.85333333333331,13.25,batch_1_wagons[W11900]
12770.5,2025-12-09T20:50:30+00:00,parking16,capacity_reserved,1875.0,1564.304,1669.4940000000001,83.42954666666668,89.03968,105.19,"batch_6_wagons[W9043,W0948,W9358,W0875,W0367,W10441]"
12842.5,2025-12-09T22:02:30+00:00,retrofitted,capacity_reserved,264.0,61.980000000000075,97.58000000000007,23.477272727272755,36.96212121212124,35.6,"batch_2_wagons[W10896,W10303]"
12847.5,2025-12-09T22:07:30+00:00,retrofit,capacity_released,319.5,317.59400000000034,315.6140000000004,99.40344287949932,98.78372456964017,-28.33,"batch_2_wagons[W5760,W6421]"
12847.5,2025-12-09T22:07:30+00:00,retrofit,capacity_reserved,319.5,289.26400000000035,315.6140000000004,90.53646322378728,98.78372456964017,26.35,batch_1_wagons[W11518]
12859.5,2025-12-09T22:19:30+00:00,retrofitted,capacity_reserved,264.0,97.58000000000007,130.48400000000007,36.96212121212124,49.4257575757576,32.903999999999996,"batch_2_wagons[W0475,W2846]"
12859.5,2025-12-09T22:19:30+00:00,collection1,capacity_released,375.0,361.87000000000006,347.58000000000004,96.4986666666667,92.68800000000002,-14.29,batch_1_wagons[W5872]
12859.5,2025-12-09T22:19:30+00:00,retrofit,capacity_reserve_blocked,319.5,315.6140000000004,315.6140000000004,98.78372456964017,98.78372456964017,14.29,batch_1_wagons_WAITING[W5872]
12864.5,2025-12-09T22:24:30+00:00,retrofit,capacity_released,319.5,315.6140000000004,303.8240000000004,98.78372456964017,95.09358372456977,-26.08,"batch_2_wagons[W4802,W6008]"
12864.5,2025-12-09T22:24:30+00:00,retrofit,capacity_reserved,319.5,289.5340000000004,303.8240000000004,90.62097026604081,95.09358372456977,14.29,batch_1_wagons[W5872]
12869.5,2025-12-09T22:29:30+00:00,retrofitted,capacity_released,264.0,130.48400000000007,68.50400000000008,49.4257575757576,25.948484848484878,-61.98,"batch_4_wagons[W4506,W9143,W9733,W10883]"
12881.0,2025-12-09T22:41:00+00:00,parking9,capacity_reserved,300.0,0.0,61.98,0.0,20.659999999999997,61.98,"batch_4_wagons[W4506,W9143,W9733,W10883]"
12939.0,2025-12-09T23:39:00+00:00,collection1,capacity_reserved,375.0,347.58000000000004,370.82000000000005,92.68800000000002,98.88533333333335,23.24,batch_1_wagons[W12104]
13016.5,2025-12-10T00:56:30+00:00,collection2,capacity_released,375.0,374.44999999999993,358.04999999999995,99.85333333333331,95.47999999999999,-16.4,batch_1_wagons[W5395]
13016.5,2025-12-10T00:56:30+00:00,retrofit,capacity_reserve_blocked,319.5,303.8240000000004,303.8240000000004,95.09358372456977,95.09358372456977,16.4,batch_1_wagons_WAITING[W5395]
13028.5,2025-12-10T01:08:30+00:00,retrofitted,capacity_reserved,264.0,68.50400000000008,96.83400000000007,25.948484848484878,36.67954545454548,28.33,"batch_2_wagons[W5760,W6421]"
13033.5,2025-12-10T01:13:30+00:00,retrofit,capacity_released,319.5,303.8240000000004,288.8240000000004,95.09358372456977,90.3987480438186,-31.4,"batch_2_wagons[W0293,W2165]"
13033.5,2025-12-10T01:13:30+00:00,retrofit,capacity_reserved,319.5,272.42400000000043,288.8240000000004,85.26572769953064,90.3987480438186,16.4,batch_1_wagons[W5395]
13043.0,2025-12-10T01:23:00+00:00,collection1,capacity_released,375.0,370.82000000000005,347.58000000000004,98.88533333333335,92.68800000000002,-23.24,batch_1_wagons[W12116]
13043.0,2025-12-10T01:23:00+00:00,retrofit,capacity_reserved,319.5,288.8240000000004,312.0640000000004,90.3987480438186,97.67261345852909,23.24,batch_1_wagons[W12116]
13045.5,2025-12-10T01:25:30+00:00,retrofitted,capacity_reserved,264.0,96.83400000000007,122.91400000000007,36.67954545454548,46.558333333333366,26.08,"batch_2_wagons[W4802,W6008]"
13050.5,2025-12-10T01:30:30+00:00,retrofit,capacity_released,319.5,312.0640000000004,273.9540000000004,97.67261345852909,85.74460093896727,-38.11,"batch_2_wagons[W7853,W6704]"
13055.5,2025-12-10T01:35:30+00:00,retrofitted,capacity_released,264.0,122.91400000000007,54.41000000000007,46.558333333333366,20.609848484848513,-68.504,"batch_4_wagons[W10896,W10303,W0475,W2846]"
13103.5,2025-12-10T02:23:30+00:00,collection1,capacity_reserved,375.0,347.58000000000004,367.48,92.68800000000002,97.99466666666667,19.9,batch_1_wagons[W4327]
13103.5,2025-12-10T02:23:30+00:00,collection2,capacity_reserved,375.0,358.04999999999995,372.44999999999993,95.47999999999999,99.32,14.4,batch_1_wagons[W11290]
13122.0,2025-12-10T02:42:00+00:00,parking11,capacity_reserved,300.0,0.0,68.504,0.0,22.834666666666667,68.504,"batch_4_wagons[W10896,W10303,W0475,W2846]"
13200.0,2025-12-10T04:00:00+00:00,collection2,capacity_released,375.0,372.44999999999993,349.24999999999994,99.32,93.13333333333333,-23.2,batch_1_wagons[W2774]
13200.0,2025-12-10T04:00:00+00:00,retrofit,capacity_reserved,319.5,273.9540000000004,297.1540000000004,85.74460093896727,93.0059467918624,23.2,batch_1_wagons[W2774]
13238.0,2025-12-10T04:38:00+00:00,retrofitted,capacity_reserved,264.0,54.41000000000007,85.81000000000006,20.609848484848513,32.5037878787879,31.4,"batch_2_wagons[W0293,W2165]"
13243.0,2025-12-10T04:43:00+00:00,retrofit,capacity_released,319.5,297.1540000000004,256.0740000000004,93.0059467918624,80.14835680751187,-41.08,"batch_2_wagons[W2149,W2736]"
13298.75,2025-12-10T05:38:45+00:00,collection2,capacity_reserved,375.0,349.24999999999994,361.5899999999999,93.13333333333333,96.42399999999998,12.34,batch_1_wagons[W1143]
13313.0,2025-12-10T05:53:00+00:00,collection1,capacity_released,375.0,367.48,309.98,97.99466666666667,82.66133333333335,-57.5,"batch_3_wagons[W0698,W8339,W12383]"
13313.0,2025-12-10T05:53:00+00:00,retrofit,capacity_reserved,319.5,256.0740000000004,313.5740000000004,80.14835680751187,98.14522691705803,57.5,"batch_3_wagons[W0698,W8339,W12383]"
13314.5,2025-12-10T05:54:30+00:00,collection1,capacity_reserved,375.0,309.98,329.88,82.66133333333335,87.968,19.9,batch_1_wagons[W3113]
13314.5,2025-12-10T05:54:30+00:00,collection1,capacity_reserved,375.0,329.88,349.78,87.968,93.27466666666666,19.9,batch_1_wagons[W3106]
13314.5,2025-12-10T05:54:30+00:00,collection1,capacity_reserved,375.0,349.78,369.67999999999995,93.27466666666666,98.58133333333332,19.9,batch_1_wagons[W3134]
13351.0,2025-12-10T06:31:00+00:00,retrofitted,capacity_reserved,264.0,85.81000000000006,123.92000000000006,32.5037878787879,46.939393939393966,38.11,"batch_2_wagons[W7853,W6704]"
13356.0,2025-12-10T06:36:00+00:00,retrofit,capacity_released,319.5,313.5740000000004,282.8840000000004,98.14522691705803,88.53959311424113,-30.689999999999998,"batch_2_wagons[W5380,W5989]"
13374.0,2025-12-10T06:54:00+00:00,collection2,capacity_released,375.0,361.5899999999999,337.7299999999999,96.42399999999998,90.06133333333331,-23.86,batch_1_wagons[W8616]
13374.0,2025-12-10T06:54:00+00:00,retrofit,capacity_reserved,319.5,282.8840000000004,306.7440000000004,88.53959311424113,96.00751173708933,23.86,batch_1_wagons[W8616]
13392.5,2025-12-10T07:12:30+00:00,collection2,capacity_reserved,375.0,337.7299999999999,354.9099999999999,90.06133333333331,94.64266666666664,17.18,batch_1_wagons[W2130]
13392.5,2025-12-10T07:12:30+00:00,collection2,capacity_reserved,375.0,354.9099999999999,370.7099999999999,94.64266666666664,98.85599999999998,15.8,batch_1_wagons[W2119]
13412.0,2025-12-10T07:32:00+00:00,retrofitted,capacity_reserved,264.0,123.92000000000006,165.00000000000006,46.939393939393966,62.50000000000002,41.08,"batch_2_wagons[W2149,W2736]"
13417.0,2025-12-10T07:37:00+00:00,retrofit,capacity_released,319.5,306.7440000000004,276.3040000000004,96.00751173708933,86.48012519561829,-30.439999999999998,"batch_2_wagons[W5415,W6323]"
13503.0,2025-12-10T09:03:00+00:00,collection1,capacity_released,375.0,369.67999999999995,326.52,98.58133333333332,87.07199999999999,-43.16,"batch_2_wagons[W9843,W4473]"
13503.0,2025-12-10T09:03:00+00:00,retrofit,capacity_reserved,319.5,276.3040000000004,319.4640000000004,86.48012519561829,99.98873239436632,43.16,"batch_2_wagons[W9843,W4473]"
13534.0,2025-12-10T09:34:00+00:00,retrofitted,capacity_released,264.0,165.00000000000006,110.59000000000006,62.50000000000002,41.89015151515154,-54.41,"batch_4_wagons[W5760,W6421,W4802,W6008]"
13548.0,2025-12-10T09:48:00+00:00,collection2,capacity_released,375.0,370.7099999999999,355.2099999999999,98.85599999999998,94.72266666666664,-15.5,batch_1_wagons[W0234]
13548.0,2025-12-10T09:48:00+00:00,retrofit,capacity_reserve_blocked,319.5,319.4640000000004,319.4640000000004,99.98873239436632,99.98873239436632,15.5,batch_1_wagons_WAITING[W0234]
13615.5,2025-12-10T10:55:30+00:00,parking15,capacity_reserved,555.0,259.51,313.91999999999996,46.758558558558555,56.56216216216215,54.41,"batch_4_wagons[W5760,W6421,W4802,W6008]"
13633.25,2025-12-10T11:13:15+00:00,collection1,capacity_reserved,375.0,326.52,349.38,87.07199999999999,93.16799999999999,22.86,batch_1_wagons[W10319]
13633.25,2025-12-10T11:13:15+00:00,collection1,capacity_reserved,375.0,349.38,372.24,93.16799999999999,99.26400000000001,22.86,batch_1_wagons[W10278]
13647.25,2025-12-10T11:27:15+00:00,collection2,capacity_reserved,375.0,355.2099999999999,371.6099999999999,94.72266666666664,99.09599999999998,16.4,batch_1_wagons[W5458]
13687.0,2025-12-10T12:07:00+00:00,collection1,capacity_released,375.0,372.24,357.84000000000003,99.26400000000001,95.424,-14.4,batch_1_wagons[W9727]
13687.0,2025-12-10T12:07:00+00:00,retrofit,capacity_reserve_blocked,319.5,319.4640000000004,319.4640000000004,99.98873239436632,99.98873239436632,14.4,batch_1_wagons_WAITING[W9727]
13687.5,2025-12-10T12:07:30+00:00,retrofitted,capacity_reserved,264.0,110.59000000000006,141.28000000000006,41.89015151515154,53.51515151515154,30.689999999999998,"batch_2_wagons[W5380,W5989]"
13692.5,2025-12-10T12:12:30+00:00,retrofit,capacity_released,319.5,319.4640000000004,309.7000000000004,99.98873239436632,96.93270735524268,-39.664,"batch_2_wagons[W2910,W5280]"
13692.5,2025-12-10T12:12:30+00:00,retrofit,capacity_reserved,319.5,294.2000000000004,309.7000000000004,92.0813771517998,96.93270735524268,15.5,batch_1_wagons[W0234]
13692.5,2025-12-10T12:12:30+00:00,retrofit,capacity_reserved,319.5,295.3000000000004,309.7000000000004,92.42566510172156,96.93270735524268,14.4,batch_1_wagons[W9727]
13697.5,2025-12-10T12:17:30+00:00,retrofitted,capacity_released,264.0,141.28000000000006,30.690000000000055,53.51515151515154,11.62500000000002,-110.59,"batch_6_wagons[W0293,W2165,W7853,W6704,W2149,W2736]"
13699.0,2025-12-10T12:19:00+00:00,retrofitted,capacity_reserved,264.0,30.690000000000055,61.13000000000005,11.62500000000002,23.155303030303052,30.439999999999998,"batch_2_wagons[W5415,W6323]"
13704.0,2025-12-10T12:24:00+00:00,retrofit,capacity_released,319.5,309.7000000000004,277.8000000000004,96.93270735524268,86.94835680751186,-31.9,"batch_2_wagons[W0237,W5173]"
13782.0,2025-12-10T13:42:00+00:00,parking14,capacity_reserved,555.0,261.16999999999996,371.76,47.05765765765765,66.98378378378378,110.59,"batch_6_wagons[W0293,W2165,W7853,W6704,W2149,W2736]"
13861.0,2025-12-10T15:01:00+00:00,collection2,capacity_released,375.0,371.6099999999999,332.2699999999999,99.09599999999998,88.60533333333332,-39.339999999999996,"batch_3_wagons[W6989,W10150,W0839]"
13861.0,2025-12-10T15:01:00+00:00,retrofit,capacity_reserved,319.5,277.8000000000004,317.1400000000004,86.94835680751186,99.26134585289526,39.339999999999996,"batch_3_wagons[W6989,W10150,W0839]"
13899.0,2025-12-10T15:39:00+00:00,retrofitted,capacity_reserved,264.0,61.13000000000005,100.79400000000005,23.155303030303052,38.179545454545476,39.664,"batch_2_wagons[W2910,W5280]"
13904.0,2025-12-10T15:44:00+00:00,retrofit,capacity_released,319.5,317.1400000000004,270.8900000000004,99.26134585289526,84.78560250391249,-46.25,"batch_2_wagons[W4380,W11518]"
13973.0,2025-12-10T16:53:00+00:00,collection1,capacity_released,375.0,357.84000000000003,323.84000000000003,95.424,86.35733333333334,-34.0,"batch_2_wagons[W9046,W7791]"
13973.0,2025-12-10T16:53:00+00:00,retrofit,capacity_reserved,319.5,270.8900000000004,304.8900000000004,84.78560250391249,95.42723004694848,34.0,"batch_2_wagons[W9046,W7791]"
14011.0,2025-12-10T17:31:00+00:00,retrofitted,capacity_reserved,264.0,100.79400000000005,132.69400000000005,38.179545454545476,50.262878787878805,31.9,"batch_2_wagons[W0237,W5173]"
14016.0,2025-12-10T17:36:00+00:00,retrofit,capacity_released,319.5,304.8900000000004,274.2000000000004,95.42723004694848,85.82159624413158,-30.689999999999998,"batch_2_wagons[W5872,W5395]"
14051.0,2025-12-10T18:11:00+00:00,collection2,capacity_released,375.0,332.2699999999999,289.1099999999999,88.60533333333332,77.09599999999998,-43.16,"batch_2_wagons[W3413,W8479]"
14051.0,2025-12-10T18:11:00+00:00,retrofit,capacity_reserved,319.5,274.2000000000004,317.36000000000035,85.82159624413158,99.33020344287961,43.16,"batch_2_wagons[W3413,W8479]"
14089.0,2025-12-10T18:49:00+00:00,retrofitted,capacity_reserved,264.0,132.69400000000005,178.94400000000005,50.262878787878805,67.7818181818182,46.25,"batch_2_wagons[W4380,W11518]"
14094.0,2025-12-10T18:54:00+00:00,retrofit,capacity_released,319.5,317.36000000000035,270.92000000000036,99.33020344287961,84.79499217527398,-46.44,"batch_2_wagons[W12116,W2774]"
14097.75,2025-12-10T18:57:45+00:00,collection1,capacity_reserved,375.0,323.84000000000003,338.84000000000003,86.35733333333334,90.35733333333334,15.0,batch_1_wagons[W9710]
14097.75,2025-12-10T18:57:45+00:00,collection1,capacity_reserved,375.0,338.84000000000003,351.38000000000005,90.35733333333334,93.70133333333335,12.54,batch_1_wagons[W11593]
14097.75,2025-12-10T18:57:45+00:00,collection1,capacity_reserved,375.0,351.38000000000005,365.78000000000003,93.70133333333335,97.54133333333334,14.4,batch_1_wagons[W11019]
14097.75,2025-12-10T18:57:45+00:00,collection2,capacity_reserved,375.0,289.1099999999999,309.0099999999999,77.09599999999998,82.40266666666663,19.9,batch_1_wagons[W3315]
14097.75,2025-12-10T18:57:45+00:00,collection2,capacity_reserved,375.0,309.0099999999999,323.40999999999985,82.40266666666663,86.24266666666662,14.4,batch_1_wagons[W9194]
14097.75,2025-12-10T18:57:45+00:00,collection2,capacity_reserved,375.0,323.40999999999985,337.4499999999999,86.24266666666662,89.98666666666664,14.04,batch_1_wagons[W6843]
14155.0,2025-12-10T19:55:00+00:00,collection1,capacity_released,375.0,365.78000000000003,334.78000000000003,97.54133333333334,89.27466666666668,-31.0,batch_1_wagons[W0023]
14155.0,2025-12-10T19:55:00+00:00,retrofit,capacity_reserved,319.5,270.92000000000036,301.92000000000036,84.79499217527398,94.49765258215974,31.0,batch_1_wagons[W0023]
14186.0,2025-12-10T20:26:00+00:00,retrofitted,capacity_released,264.0,178.94400000000005,117.81400000000005,67.7818181818182,44.62651515151517,-61.129999999999995,"batch_4_wagons[W5380,W5989,W5415,W6323]"
14205.25,2025-12-10T20:45:15+00:00,collection1,capacity_reserved,375.0,334.78000000000003,349.18,89.27466666666668,93.11466666666666,14.4,batch_1_wagons[W10955]
14205.25,2025-12-10T20:45:15+00:00,collection1,capacity_reserved,375.0,349.18,366.36,93.11466666666666,97.696,17.18,batch_1_wagons[W2204]
14205.25,2025-12-10T20:45:15+00:00,collection2,capacity_reserved,375.0,337.4499999999999,361.34999999999985,89.98666666666664,96.35999999999996,23.9,batch_1_wagons[W2742]
14233.0,2025-12-10T21:13:00+00:00,collection2,capacity_released,375.0,361.34999999999985,347.05999999999983,96.35999999999996,92.54933333333328,-14.29,batch_1_wagons[W5992]
14233.0,2025-12-10T21:13:00+00:00,retrofit,capacity_reserved,319.5,301.92000000000036,316.2100000000004,94.49765258215974,98.9702660406887,14.29,batch_1_wagons[W5992]
14267.5,2025-12-10T21:47:30+00:00,parking13,capacity_reserved,555.0,261.85400000000004,322.98400000000004,47.18090090090091,58.19531531531532,61.129999999999995,"batch_4_wagons[W5380,W5989,W5415,W6323]"
14364.0,2025-12-10T23:24:00+00:00,collection1,capacity_released,375.0,366.36,346.46000000000004,97.696,92.38933333333334,-19.9,batch_1_wagons[W10397]
14364.0,2025-12-10T23:24:00+00:00,retrofit,capacity_reserve_blocked,319.5,316.2100000000004,316.2100000000004,98.9702660406887,98.9702660406887,19.9,batch_1_wagons_WAITING[W10397]
14376.0,2025-12-10T23:36:00+00:00,retrofitted,capacity_reserved,264.0,117.81400000000005,148.50400000000005,44.62651515151517,56.25151515151517,30.689999999999998,"batch_2_wagons[W5872,W5395]"
14381.0,2025-12-10T23:41:00+00:00,retrofit,capacity_released,319.5,316.2100000000004,297.51000000000033,98.9702660406887,93.11737089201888,-38.6,"batch_2_wagons[W0698,W8339]"
14381.0,2025-12-10T23:41:00+00:00,retrofit,capacity_reserved,319.5,277.61000000000035,297.51000000000033,86.888888888889,93.11737089201888,19.9,batch_1_wagons[W10397]
14393.0,2025-12-10T23:53:00+00:00,retrofitted,capacity_reserved,264.0,148.50400000000005,194.94400000000005,56.25151515151517,73.84242424242427,46.44,"batch_2_wagons[W12116,W2774]"
14398.0,2025-12-10T23:58:00+00:00,retrofit,capacity_released,319.5,297.51000000000033,254.75000000000034,93.11737089201888,79.7339593114242,-42.76,"batch_2_wagons[W12383,W8616]"
