15:39:23 | INFO     | SIMPY: Creating enhanced SimPy engine adapter
15:39:23 | INFO     |  Initializing contexts for scenario priority_dispatch_scenario
15:39:23 | INFO     | EVENT_SUBSCRIBED: TrainArrivedEvent -> RetrofitWorkshopContext._handle_train_arrived (total: 1)
15:39:23 | INFO     |  Registering context: railway
15:39:23 | INFO     |  Registering context: external_trains
15:39:23 | INFO     |  Initializing 2 contexts
15:39:23 | INFO     |  Initializing context: railway
15:39:23 | INFO     | EVENT_SUBSCRIBED: WagonMovedEvent -> TrackOccupancyEventHandler.handle_wagon_moved (total: 1)
15:39:23 | INFO     | EVENT_PUBLISHED: ContextInitializedEvent | no_data
15:39:23 | WARNING  | EVENT_NO_SUBSCRIBERS: ContextInitializedEvent
15:39:23 | INFO     |  Initializing context: external_trains
15:39:23 | INFO     | EVENT_PUBLISHED: ContextInitializedEvent | no_data
15:39:23 | WARNING  | EVENT_NO_SUBSCRIBERS: ContextInitializedEvent
15:39:23 | INFO     | EVENT_PUBLISHED: SimulationStartedEvent | no_data
15:39:23 | WARNING  | EVENT_NO_SUBSCRIBERS: SimulationStartedEvent
15:39:23 | INFO     |  Starting simulation for scenario priority_dispatch_scenario (until=14400.0)
15:39:23 | INFO     |  Starting processes for all contexts
15:39:23 | INFO     | EVENT_PUBLISHED: ContextStartedEvent | no_data
15:39:23 | WARNING  | EVENT_NO_SUBSCRIBERS: ContextStartedEvent
15:39:23 | INFO     | EVENT_SUBSCRIBED: WagonRetrofitCompletedEvent -> ExternalTrainsContext._handle_wagon_completed (total: 1)
15:39:23 | INFO     | EVENT_PUBLISHED: ContextStartedEvent | no_data
15:39:23 | WARNING  | EVENT_NO_SUBSCRIBERS: ContextStartedEvent
15:39:23 | INFO     |  Starting retrofit workflow processes
15:39:23 | INFO     | Started workshop assignment process for retrofit
15:39:23 | INFO     | t=0.0: PARKING → Starting coordinator with strategy=opportunistic
15:39:23 | INFO     | t=0.0: PARKING → Starting single process monitoring 1 retrofitted tracks
15:39:23 | INFO     | SIMPY: Starting simulation run (until=14400.0)
15:39:23 | INFO     |  Starting simulation at t=0.0
15:39:23 | INFO     | EVENT_PUBLISHED: TrainArrivedEvent | train=T1 | time=360.0
15:39:23 | INFO     | EVENT_HANDLING: TrainArrivedEvent -> RetrofitWorkshopContext._handle_train_arrived
15:39:23 | INFO     | EVENT_HANDLED: TrainArrivedEvent by RetrofitWorkshopContext._handle_train_arrived
15:39:23 | INFO     | t=360.0: COLLECTION → Reserving retrofit track capacity for 2 wagons
15:39:23 | INFO     | t=360.0: COLLECTION → Capacity reserved, allocating locomotive
15:39:23 | INFO     | t=360.0: DISPATCHER → Task submitted: collection_to_retrofit (pending=1)
15:39:23 | INFO     | t=360.0: DISPATCHER → Assigned loco LOCO_01 to collection_to_retrofit (waited 0.0 min, pending=0)
15:39:23 | INFO     | t=420.0: LOCO[LOCO_01] → TRAIN_PREP at collection (coupling + prep, 5.0 min)
15:39:23 | INFO     | EVENT_PUBLISHED: TrainArrivedEvent | train=T2 | time=442.2
15:39:23 | INFO     | EVENT_HANDLING: TrainArrivedEvent -> RetrofitWorkshopContext._handle_train_arrived
15:39:23 | INFO     | EVENT_HANDLED: TrainArrivedEvent by RetrofitWorkshopContext._handle_train_arrived
15:39:23 | INFO     | t=485.0: LOCO[LOCO_01] → DECOUPLING at retrofit (6.0 min)
15:39:23 | INFO     | t=485.0: WAGON[W11188] → Retrieved from retrofit queue
15:39:23 | INFO     | t=485.0: WORKSHOP[WS_01] → Selected for batch
15:39:23 | INFO     | t=485.0: WAGON[W10437] → Added to batch
15:39:23 | INFO     | t=485.0: BATCH[W11188,W10437] → Formed 2 wagons for WS_01
15:39:23 | INFO     | t=485.0: TRACK[retrofit] → Removed 2 wagons (53.9m freed)
15:39:23 | INFO     | t=485.0: DISPATCHER → Task submitted: retrofit_to_workshop (pending=1)
15:39:23 | INFO     | t=485.0: DISPATCHER → Assigned loco LOCO_02 to retrofit_to_workshop (waited 0.0 min, pending=0)
15:39:23 | INFO     | t=485.0: RAKE[W11188,W10437] → COUPLING at retrofit (1 couplings, 2.0 min)
15:39:23 | INFO     | t=491.0: RAKE[W11188,W10437] → DECOUPLING at retrofit (1 couplings, 3.0 min)
15:39:23 | INFO     | t=492.0: LOCO[LOCO_02] → COUPLING at retrofit (2.0 min)
15:39:23 | INFO     | t=494.0: LOCO[LOCO_02] → SHUNTING_PREP at retrofit (1.0 min)
15:39:23 | INFO     | t=499.0: COLLECTION → Reserving retrofit track capacity for 2 wagons
15:39:23 | INFO     | t=499.0: COLLECTION → Capacity reserved, allocating locomotive
15:39:23 | INFO     | t=499.0: DISPATCHER → Task submitted: collection_to_retrofit (pending=1)
15:39:23 | INFO     | t=499.0: DISPATCHER → Assigned loco LOCO_01 to collection_to_retrofit (waited 0.0 min, pending=0)
15:39:23 | INFO     | t=500.0: LOCO[LOCO_02] → DECOUPLING at WS_01 (3.0 min)
15:39:23 | INFO     | EVENT_PUBLISHED: TrainArrivedEvent | train=T3 | time=502.5
15:39:23 | INFO     | EVENT_HANDLING: TrainArrivedEvent -> RetrofitWorkshopContext._handle_train_arrived
15:39:23 | INFO     | EVENT_HANDLED: TrainArrivedEvent by RetrofitWorkshopContext._handle_train_arrived
15:39:23 | INFO     | t=503.0: RAKE[W11188,W10437] → DECOUPLING at WS_01 (1 couplings, 3.0 min)
15:39:23 | INFO     | t=506.0: WAGON[W11188] → RETROFIT_STARTED at WS_01
15:39:23 | INFO     | t=506.0: WAGON[W10437] → RETROFIT_STARTED at WS_01
15:39:23 | INFO     | EVENT_PUBLISHED: TrainArrivedEvent | train=T4 | time=541.5
15:39:23 | INFO     | EVENT_HANDLING: TrainArrivedEvent -> RetrofitWorkshopContext._handle_train_arrived
15:39:23 | INFO     | EVENT_HANDLED: TrainArrivedEvent by RetrofitWorkshopContext._handle_train_arrived
15:39:23 | INFO     | t=559.0: LOCO[LOCO_01] → TRAIN_PREP at collection (coupling + prep, 5.0 min)
15:39:23 | INFO     | t=566.0: RAKE[W11188,W10437] → COUPLING at WS_01 (1 couplings, 0.5 min)
15:39:23 | INFO     | t=566.5: LOCO → Allocating for pickup from WS_01
15:39:23 | INFO     | t=566.5: DISPATCHER → Task submitted: workshop_to_retrofitted (pending=1)
15:39:23 | INFO     | t=566.5: DISPATCHER → Assigned loco LOCO_02 to workshop_to_retrofitted (waited 0.0 min, pending=0)
15:39:23 | INFO     | t=566.5: LOCO[LOCO_02] → Allocated for pickup
15:39:23 | INFO     | t=573.5: LOCO[LOCO_02] → TRAIN_PREP completed at WS_01 (2.0 min)
15:39:23 | INFO     | t=578.5: BATCH → Putting 2 wagons on retrofitted track retrofitted
15:39:23 | INFO     | t=578.5: WAGON[W11188] → Added to retrofitted track retrofitted
15:39:23 | INFO     | t=578.5: WAGON[W10437] → Added to retrofitted track retrofitted
15:39:23 | INFO     | t=578.5: PARKING → Got wagon W11188 from retrofitted
15:39:23 | INFO     | t=578.5: LOCO → Allocating for parking transport
15:39:23 | INFO     | t=578.5: DISPATCHER → Task submitted: retrofitted_to_parking (pending=1)
15:39:23 | INFO     | t=583.5: WORKSHOP[WS_01] → Released, notifying 0 waiting processes
15:39:23 | INFO     | t=583.5: DISPATCHER → Assigned loco LOCO_02 to retrofitted_to_parking (waited 5.0 min, pending=0)
15:39:23 | INFO     | t=583.5: LOCO[LOCO_02] → Allocated for parking transport
15:39:23 | INFO     | t=588.5: LOCO[LOCO_02] → TRAIN_PREP at retrofitted (coupling + prep, 2.0 min)
15:39:23 | INFO     | t=624.0: LOCO[LOCO_01] → DECOUPLING at retrofit (6.0 min)
15:39:23 | INFO     | t=624.0: WAGON[W12394] → Retrieved from retrofit queue
15:39:23 | INFO     | t=624.0: WORKSHOP[WS_01] → Selected for batch
15:39:23 | INFO     | t=624.0: WAGON[W9278] → Added to batch
15:39:23 | INFO     | t=624.0: BATCH[W12394,W9278] → Formed 2 wagons for WS_01
15:39:23 | INFO     | t=624.0: TRACK[retrofit] → Removed 2 wagons (38.7m freed)
15:39:23 | INFO     | t=624.0: DISPATCHER → Task submitted: retrofit_to_workshop (pending=1)
15:39:23 | INFO     | t=630.0: RAKE[W12394,W9278] → DECOUPLING at retrofit (1 couplings, 3.0 min)
15:39:23 | INFO     | t=638.0: DISPATCHER → Assigned loco LOCO_01 to retrofit_to_workshop (waited 14.0 min, pending=0)
15:39:23 | INFO     | t=638.0: RAKE[W12394,W9278] → COUPLING at retrofit (1 couplings, 2.0 min)
15:39:23 | INFO     | t=638.0: COLLECTION → Reserving retrofit track capacity for 4 wagons
15:39:23 | INFO     | t=638.0: COLLECTION → Capacity reserved, allocating locomotive
15:39:23 | INFO     | t=638.0: DISPATCHER → Task submitted: collection_to_retrofit (pending=1)
15:39:23 | INFO     | t=645.0: LOCO[LOCO_01] → COUPLING at retrofit (2.0 min)
15:39:23 | INFO     | t=647.0: LOCO[LOCO_01] → SHUNTING_PREP at retrofit (1.0 min)
15:39:23 | INFO     | t=653.0: LOCO[LOCO_01] → DECOUPLING at WS_01 (3.0 min)
15:39:23 | INFO     | t=656.0: RAKE[W12394,W9278] → DECOUPLING at WS_01 (1 couplings, 3.0 min)
15:39:23 | INFO     | t=659.0: WAGON[W12394] → RETROFIT_STARTED at WS_01
15:39:23 | INFO     | t=659.0: WAGON[W9278] → RETROFIT_STARTED at WS_01
15:39:23 | INFO     | t=664.0: DISPATCHER → Assigned loco LOCO_01 to collection_to_retrofit (waited 26.0 min, pending=0)
15:39:23 | INFO     | EVENT_PUBLISHED: TrainArrivedEvent | train=T5 | time=672.8
15:39:23 | INFO     | EVENT_HANDLING: TrainArrivedEvent -> RetrofitWorkshopContext._handle_train_arrived
15:39:23 | INFO     | EVENT_HANDLED: TrainArrivedEvent by RetrofitWorkshopContext._handle_train_arrived
15:39:23 | INFO     | t=710.5: LOCO[LOCO_02] → DECOUPLING at parking16 (1.0 min)
15:39:23 | INFO     | t=711.5: RAKE[W11188,W10437] → DECOUPLING at parking16 (1 couplings, 0.5 min)
15:39:23 | INFO     | EVENT_PUBLISHED: TrainArrivedEvent | train=T6 | time=715.0
15:39:23 | INFO     | EVENT_HANDLING: TrainArrivedEvent -> RetrofitWorkshopContext._handle_train_arrived
15:39:23 | INFO     | EVENT_HANDLED: TrainArrivedEvent by RetrofitWorkshopContext._handle_train_arrived
15:39:23 | INFO     | t=719.0: RAKE[W12394,W9278] → COUPLING at WS_01 (1 couplings, 0.5 min)
15:39:23 | INFO     | t=719.5: LOCO → Allocating for pickup from WS_01
15:39:23 | INFO     | t=719.5: DISPATCHER → Task submitted: workshop_to_retrofitted (pending=1)
15:39:23 | INFO     | t=724.0: LOCO[LOCO_01] → TRAIN_PREP at collection (coupling + prep, 9.0 min)
15:39:23 | INFO     | EVENT_PUBLISHED: TrainArrivedEvent | train=T7 | time=724.5
15:39:23 | INFO     | EVENT_HANDLING: TrainArrivedEvent -> RetrofitWorkshopContext._handle_train_arrived
15:39:23 | INFO     | EVENT_HANDLED: TrainArrivedEvent by RetrofitWorkshopContext._handle_train_arrived
15:39:23 | INFO     | EVENT_PUBLISHED: TrainArrivedEvent | train=T8 | time=725.0
15:39:23 | INFO     | EVENT_HANDLING: TrainArrivedEvent -> RetrofitWorkshopContext._handle_train_arrived
15:39:23 | INFO     | EVENT_HANDLED: TrainArrivedEvent by RetrofitWorkshopContext._handle_train_arrived
15:39:23 | INFO     | EVENT_PUBLISHED: TrainArrivedEvent | train=T9 | time=753.2
15:39:23 | INFO     | EVENT_HANDLING: TrainArrivedEvent -> RetrofitWorkshopContext._handle_train_arrived
15:39:23 | INFO     | EVENT_HANDLED: TrainArrivedEvent by RetrofitWorkshopContext._handle_train_arrived
15:39:23 | INFO     | t=772.0: LOCO[LOCO_02] → Releasing
15:39:23 | INFO     | t=772.0: LOCO[LOCO_02] → Released
15:39:23 | INFO     | t=772.0: DISPATCHER → Assigned loco LOCO_02 to workshop_to_retrofitted (waited 52.5 min, pending=0)
15:39:23 | INFO     | t=772.0: LOCO[LOCO_02] → Allocated for pickup
15:39:23 | INFO     | t=779.0: LOCO[LOCO_02] → TRAIN_PREP completed at WS_01 (2.0 min)
15:39:23 | INFO     | t=784.0: BATCH → Putting 2 wagons on retrofitted track retrofitted
15:39:23 | INFO     | t=784.0: WAGON[W12394] → Added to retrofitted track retrofitted
15:39:23 | INFO     | t=784.0: WAGON[W9278] → Added to retrofitted track retrofitted
15:39:23 | INFO     | t=784.0: PARKING → Got wagon W12394 from retrofitted
15:39:23 | INFO     | t=784.0: LOCO → Allocating for parking transport
15:39:23 | INFO     | t=784.0: DISPATCHER → Task submitted: retrofitted_to_parking (pending=1)
15:39:23 | INFO     | EVENT_PUBLISHED: TrainArrivedEvent | train=T10 | time=785.5
15:39:23 | INFO     | EVENT_HANDLING: TrainArrivedEvent -> RetrofitWorkshopContext._handle_train_arrived
15:39:23 | INFO     | EVENT_HANDLED: TrainArrivedEvent by RetrofitWorkshopContext._handle_train_arrived
15:39:23 | INFO     | t=789.0: WORKSHOP[WS_01] → Released, notifying 0 waiting processes
15:39:23 | INFO     | t=793.0: LOCO[LOCO_01] → DECOUPLING at retrofit (12.0 min)
15:39:23 | INFO     | t=793.0: WAGON[W3926] → Retrieved from retrofit queue
15:39:23 | INFO     | t=793.0: WORKSHOP[WS_01] → Selected for batch
15:39:23 | INFO     | t=793.0: WAGON[W5834] → Added to batch
15:39:23 | INFO     | t=793.0: BATCH[W3926,W5834] → Formed 2 wagons for WS_01
15:39:23 | INFO     | t=793.0: TRACK[retrofit] → Removed 2 wagons (33.9m freed)
15:39:23 | INFO     | t=793.0: DISPATCHER → Task submitted: retrofit_to_workshop (pending=2)
15:39:23 | INFO     | t=793.0: DISPATCHER → Assigned loco LOCO_02 to retrofit_to_workshop (waited 0.0 min, pending=1)
15:39:23 | INFO     | t=793.0: RAKE[W3926,W5834] → COUPLING at retrofit (1 couplings, 2.0 min)
15:39:23 | INFO     | t=793.0: WAGON[W9460] → Retrieved from retrofit queue
15:39:23 | INFO     | t=793.0: WORKSHOP[WS_02] → Selected for batch
15:39:23 | INFO     | t=793.0: WAGON[W9445] → Added to batch
15:39:23 | INFO     | t=793.0: BATCH[W9460,W9445] → Formed 2 wagons for WS_02
15:39:23 | INFO     | t=793.0: TRACK[retrofit] → Removed 2 wagons (29.9m freed)
15:39:23 | INFO     | t=793.0: DISPATCHER → Task submitted: retrofit_to_workshop (pending=2)
15:39:23 | INFO     | t=800.0: LOCO[LOCO_02] → COUPLING at retrofit (2.0 min)
15:39:23 | INFO     | t=802.0: LOCO[LOCO_02] → SHUNTING_PREP at retrofit (1.0 min)
15:39:23 | INFO     | t=805.0: RAKE[W3926,W5834,W9460,W9445] → DECOUPLING at retrofit (3 couplings, 9.0 min)
15:39:23 | INFO     | t=808.0: LOCO[LOCO_02] → DECOUPLING at WS_01 (3.0 min)
15:39:23 | INFO     | t=811.0: RAKE[W3926,W5834] → DECOUPLING at WS_01 (1 couplings, 3.0 min)
15:39:23 | INFO     | t=814.0: WAGON[W3926] → RETROFIT_STARTED at WS_01
15:39:23 | INFO     | t=814.0: WAGON[W5834] → RETROFIT_STARTED at WS_01
15:39:23 | INFO     | t=819.0: DISPATCHER → Assigned loco LOCO_01 to retrofit_to_workshop (waited 26.0 min, pending=1)
15:39:23 | INFO     | t=819.0: RAKE[W9460,W9445] → COUPLING at retrofit (1 couplings, 2.0 min)
15:39:23 | INFO     | t=819.0: COLLECTION → Reserving retrofit track capacity for 16 wagons
15:39:23 | INFO     | t=819.0: COLLECTION → Capacity reserved, allocating locomotive
15:39:23 | INFO     | t=819.0: DISPATCHER → Task submitted: collection_to_retrofit (pending=2)
15:39:23 | INFO     | t=819.0: DISPATCHER → Assigned loco LOCO_02 to collection_to_retrofit (waited 0.0 min, pending=1)
15:39:23 | INFO     | t=826.0: LOCO[LOCO_01] → COUPLING at retrofit (2.0 min)
15:39:23 | INFO     | t=828.0: LOCO[LOCO_01] → SHUNTING_PREP at retrofit (1.0 min)
15:39:23 | INFO     | t=834.0: LOCO[LOCO_01] → DECOUPLING at WS_02 (3.0 min)
15:39:23 | INFO     | t=837.0: RAKE[W9460,W9445] → DECOUPLING at WS_02 (1 couplings, 3.0 min)
15:39:23 | INFO     | t=840.0: WAGON[W9460] → RETROFIT_STARTED at WS_02
15:39:23 | INFO     | t=840.0: WAGON[W9445] → RETROFIT_STARTED at WS_02
15:39:23 | INFO     | EVENT_PUBLISHED: TrainArrivedEvent | train=T11 | time=866.0
15:39:23 | INFO     | EVENT_HANDLING: TrainArrivedEvent -> RetrofitWorkshopContext._handle_train_arrived
15:39:23 | INFO     | EVENT_HANDLED: TrainArrivedEvent by RetrofitWorkshopContext._handle_train_arrived
15:39:23 | INFO     | t=874.0: RAKE[W3926,W5834] → COUPLING at WS_01 (1 couplings, 0.5 min)
15:39:23 | INFO     | t=874.5: LOCO → Allocating for pickup from WS_01
15:39:23 | INFO     | t=874.5: DISPATCHER → Task submitted: workshop_to_retrofitted (pending=2)
15:39:23 | INFO     | t=874.5: DISPATCHER → Assigned loco LOCO_01 to workshop_to_retrofitted (waited 0.0 min, pending=1)
15:39:23 | INFO     | t=874.5: LOCO[LOCO_01] → Allocated for pickup
15:39:23 | INFO     | t=879.0: LOCO[LOCO_02] → TRAIN_PREP at collection (coupling + prep, 33.0 min)
15:39:23 | INFO     | t=881.5: LOCO[LOCO_01] → TRAIN_PREP completed at WS_01 (2.0 min)
15:39:23 | INFO     | t=886.5: BATCH → Putting 2 wagons on retrofitted track retrofitted
15:39:23 | INFO     | t=886.5: WAGON[W3926] → Added to retrofitted track retrofitted
15:39:23 | INFO     | t=886.5: WAGON[W5834] → Added to retrofitted track retrofitted
15:39:23 | INFO     | t=891.5: WORKSHOP[WS_01] → Released, notifying 0 waiting processes
15:39:23 | INFO     | t=891.5: DISPATCHER → Assigned loco LOCO_01 to retrofitted_to_parking (waited 107.5 min, pending=0)
15:39:23 | INFO     | t=891.5: LOCO[LOCO_01] → Allocated for parking transport
15:39:23 | INFO     | EVENT_PUBLISHED: TrainArrivedEvent | train=T12 | time=894.8
15:39:23 | INFO     | EVENT_HANDLING: TrainArrivedEvent -> RetrofitWorkshopContext._handle_train_arrived
15:39:23 | INFO     | EVENT_HANDLED: TrainArrivedEvent by RetrofitWorkshopContext._handle_train_arrived
15:39:23 | INFO     | t=896.5: LOCO[LOCO_01] → TRAIN_PREP at retrofitted (coupling + prep, 2.0 min)
15:39:23 | INFO     | t=900.0: RAKE[W9460,W9445] → COUPLING at WS_02 (1 couplings, 0.5 min)
15:39:23 | INFO     | t=900.5: LOCO → Allocating for pickup from WS_02
15:39:23 | INFO     | t=900.5: DISPATCHER → Task submitted: workshop_to_retrofitted (pending=1)
15:39:23 | INFO     | t=972.0: LOCO[LOCO_02] → DECOUPLING at retrofit (48.0 min)
15:39:23 | INFO     | t=972.0: WAGON[W10704] → Retrieved from retrofit queue
15:39:23 | INFO     | t=972.0: WORKSHOP[WS_01] → Selected for batch
15:39:23 | INFO     | t=972.0: WAGON[W3675] → Added to batch
15:39:23 | INFO     | t=972.0: BATCH[W10704,W3675] → Formed 2 wagons for WS_01
15:39:23 | INFO     | t=972.0: TRACK[retrofit] → Removed 2 wagons (33.9m freed)
15:39:23 | INFO     | t=972.0: DISPATCHER → Task submitted: retrofit_to_workshop (pending=2)
15:39:23 | INFO     | t=1018.5: LOCO[LOCO_01] → DECOUPLING at parking16 (1.0 min)
15:39:23 | INFO     | t=1019.5: RAKE[W12394,W9278] → DECOUPLING at parking16 (1 couplings, 0.5 min)
15:39:23 | INFO     | t=1020.0: RAKE[W10704,W3675,W7132,W8934,W6253,W7747,W10546,W7222,W0689,W11268,W11509,W6557,W10356,W6006,W4440,W10383] → DECOUPLING at retrofit (15 couplings, 45.0 min)
15:39:23 | INFO     | EVENT_PUBLISHED: TrainArrivedEvent | train=T13 | time=1051.2
15:39:23 | INFO     | EVENT_HANDLING: TrainArrivedEvent -> RetrofitWorkshopContext._handle_train_arrived
15:39:23 | INFO     | EVENT_HANDLED: TrainArrivedEvent by RetrofitWorkshopContext._handle_train_arrived
15:39:23 | INFO     | t=1070.0: DISPATCHER → Assigned loco LOCO_02 to retrofit_to_workshop (waited 98.0 min, pending=1)
15:39:23 | INFO     | t=1070.0: RAKE[W10704,W3675] → COUPLING at retrofit (1 couplings, 2.0 min)
15:39:23 | INFO     | t=1070.0: WAGON[W7132] → Retrieved from retrofit queue
15:39:23 | INFO     | t=1070.0: WORKSHOP → No workshop available, waiting...
15:39:23 | INFO     | t=1070.0: Batch size limited by retrofit capacity: 4 wagons (54.1m) fits, 6 waiting
15:39:23 | INFO     | t=1070.0: COLLECTION → Reserving retrofit track capacity for 4 wagons
15:39:23 | INFO     | t=1070.0: COLLECTION → Capacity reserved, allocating locomotive
15:39:23 | INFO     | t=1070.0: DISPATCHER → Task submitted: collection_to_retrofit (pending=2)
15:39:23 | INFO     | t=1077.0: LOCO[LOCO_02] → COUPLING at retrofit (2.0 min)
15:39:23 | INFO     | t=1079.0: LOCO[LOCO_02] → SHUNTING_PREP at retrofit (1.0 min)
15:39:23 | INFO     | t=1080.0: LOCO[LOCO_01] → Releasing
15:39:23 | INFO     | t=1080.0: LOCO[LOCO_01] → Released
15:39:23 | INFO     | t=1080.0: PARKING → Got wagon W3926 from retrofitted
15:39:23 | INFO     | t=1080.0: DISPATCHER → Assigned loco LOCO_01 to workshop_to_retrofitted (waited 179.5 min, pending=1)
15:39:23 | INFO     | t=1080.0: LOCO → Allocating for parking transport
15:39:23 | INFO     | t=1080.0: DISPATCHER → Task submitted: retrofitted_to_parking (pending=2)
15:39:23 | INFO     | t=1080.0: LOCO[LOCO_01] → Allocated for pickup
15:39:23 | INFO     | t=1085.0: LOCO[LOCO_02] → DECOUPLING at WS_01 (3.0 min)
15:39:23 | INFO     | t=1087.0: LOCO[LOCO_01] → TRAIN_PREP completed at WS_02 (2.0 min)
15:39:23 | INFO     | t=1088.0: RAKE[W10704,W3675] → DECOUPLING at WS_01 (1 couplings, 3.0 min)
15:39:23 | INFO     | EVENT_PUBLISHED: TrainArrivedEvent | train=T14 | time=1088.8
15:39:23 | INFO     | EVENT_HANDLING: TrainArrivedEvent -> RetrofitWorkshopContext._handle_train_arrived
15:39:23 | INFO     | EVENT_HANDLED: TrainArrivedEvent by RetrofitWorkshopContext._handle_train_arrived
15:39:23 | INFO     | t=1091.0: WAGON[W10704] → RETROFIT_STARTED at WS_01
15:39:23 | INFO     | t=1091.0: WAGON[W3675] → RETROFIT_STARTED at WS_01
15:39:23 | INFO     | t=1092.0: BATCH → Putting 2 wagons on retrofitted track retrofitted
15:39:23 | INFO     | t=1092.0: WAGON[W9460] → Added to retrofitted track retrofitted
15:39:23 | INFO     | t=1092.0: WAGON[W9445] → Added to retrofitted track retrofitted
15:39:23 | INFO     | t=1096.0: DISPATCHER → Assigned loco LOCO_02 to retrofitted_to_parking (waited 16.0 min, pending=1)
15:39:23 | INFO     | t=1096.0: LOCO[LOCO_02] → Allocated for parking transport
15:39:23 | INFO     | t=1097.0: WORKSHOP[WS_02] → Released, notifying 1 waiting processes
15:39:23 | INFO     | t=1097.0: WORKSHOP → Workshop became available
15:39:23 | INFO     | t=1097.0: WORKSHOP[WS_02] → Selected for batch
15:39:23 | INFO     | t=1097.0: DISPATCHER → Assigned loco LOCO_01 to collection_to_retrofit (waited 27.0 min, pending=0)
15:39:23 | INFO     | t=1097.0: WAGON[W8934] → Added to batch
15:39:23 | INFO     | t=1097.0: BATCH[W7132,W8934] → Formed 2 wagons for WS_02
15:39:23 | INFO     | t=1097.0: TRACK[retrofit] → Removed 2 wagons (34.1m freed)
15:39:23 | INFO     | t=1097.0: DISPATCHER → Task submitted: retrofit_to_workshop (pending=1)
15:39:23 | INFO     | t=1101.0: LOCO[LOCO_02] → TRAIN_PREP at retrofitted (coupling + prep, 2.0 min)
15:39:23 | INFO     | t=1151.0: RAKE[W10704,W3675] → COUPLING at WS_01 (1 couplings, 0.5 min)
15:39:23 | INFO     | t=1151.5: LOCO → Allocating for pickup from WS_01
15:39:23 | INFO     | t=1151.5: DISPATCHER → Task submitted: workshop_to_retrofitted (pending=2)
15:39:23 | INFO     | t=1157.0: LOCO[LOCO_01] → TRAIN_PREP at collection (coupling + prep, 9.0 min)
15:39:23 | INFO     | t=1223.0: LOCO[LOCO_02] → DECOUPLING at parking16 (1.0 min)
15:39:23 | INFO     | t=1224.0: RAKE[W3926,W5834] → DECOUPLING at parking16 (1 couplings, 0.5 min)
15:39:23 | INFO     | t=1226.0: LOCO[LOCO_01] → DECOUPLING at retrofit (12.0 min)
15:39:23 | INFO     | t=1238.0: RAKE[W2238,W0047,W0049,W2535] → DECOUPLING at retrofit (3 couplings, 9.0 min)
15:39:23 | INFO     | t=1252.0: DISPATCHER → Assigned loco LOCO_01 to retrofit_to_workshop (waited 155.0 min, pending=1)
15:39:23 | INFO     | t=1252.0: Batch size limited by retrofit capacity: 2 wagons (34.8m) fits, 13 waiting
15:39:23 | INFO     | t=1252.0: RAKE[W7132,W8934] → COUPLING at retrofit (1 couplings, 2.0 min)
15:39:23 | INFO     | t=1252.0: COLLECTION → Reserving retrofit track capacity for 2 wagons
15:39:23 | INFO     | t=1252.0: WAGON[W6253] → Retrieved from retrofit queue
15:39:23 | INFO     | t=1252.0: WORKSHOP → No workshop available, waiting...
15:39:23 | INFO     | t=1252.0: COLLECTION → Capacity reserved, allocating locomotive
15:39:23 | INFO     | t=1252.0: DISPATCHER → Task submitted: collection_to_retrofit (pending=2)
15:39:23 | INFO     | t=1259.0: LOCO[LOCO_01] → COUPLING at retrofit (2.0 min)
15:39:23 | INFO     | t=1261.0: LOCO[LOCO_01] → SHUNTING_PREP at retrofit (1.0 min)
15:39:23 | INFO     | t=1267.0: LOCO[LOCO_01] → DECOUPLING at WS_02 (3.0 min)
15:39:23 | INFO     | t=1270.0: RAKE[W7132,W8934] → DECOUPLING at WS_02 (1 couplings, 3.0 min)
15:39:23 | INFO     | t=1273.0: WAGON[W7132] → RETROFIT_STARTED at WS_02
15:39:23 | INFO     | t=1273.0: WAGON[W8934] → RETROFIT_STARTED at WS_02
15:39:23 | INFO     | t=1278.0: DISPATCHER → Assigned loco LOCO_01 to workshop_to_retrofitted (waited 126.5 min, pending=1)
15:39:23 | INFO     | t=1278.0: LOCO[LOCO_01] → Allocated for pickup
15:39:23 | INFO     | t=1284.5: LOCO[LOCO_02] → Releasing
15:39:23 | INFO     | t=1284.5: LOCO[LOCO_02] → Released
15:39:23 | INFO     | t=1284.5: PARKING → Got wagon W9460 from retrofitted
15:39:23 | INFO     | t=1284.5: DISPATCHER → Assigned loco LOCO_02 to collection_to_retrofit (waited 32.5 min, pending=0)
15:39:23 | INFO     | t=1284.5: LOCO → Allocating for parking transport
15:39:23 | INFO     | t=1284.5: DISPATCHER → Task submitted: retrofitted_to_parking (pending=1)
15:39:23 | INFO     | t=1285.0: LOCO[LOCO_01] → TRAIN_PREP completed at WS_01 (2.0 min)
15:39:23 | INFO     | t=1290.0: BATCH → Putting 2 wagons on retrofitted track retrofitted
15:39:23 | INFO     | t=1290.0: WAGON[W10704] → Added to retrofitted track retrofitted
15:39:23 | INFO     | t=1290.0: WAGON[W3675] → Added to retrofitted track retrofitted
15:39:23 | INFO     | t=1295.0: WORKSHOP[WS_01] → Released, notifying 1 waiting processes
15:39:23 | INFO     | t=1295.0: WORKSHOP → Workshop became available
15:39:23 | INFO     | t=1295.0: WORKSHOP[WS_01] → Selected for batch
15:39:23 | INFO     | t=1295.0: DISPATCHER → Assigned loco LOCO_01 to retrofitted_to_parking (waited 10.5 min, pending=0)
15:39:23 | INFO     | t=1295.0: WAGON[W7747] → Added to batch
15:39:23 | INFO     | t=1295.0: BATCH[W6253,W7747] → Formed 2 wagons for WS_01
15:39:23 | INFO     | t=1295.0: LOCO[LOCO_01] → Allocated for parking transport
15:39:23 | INFO     | t=1295.0: TRACK[retrofit] → Removed 2 wagons (30.0m freed)
15:39:23 | INFO     | t=1295.0: DISPATCHER → Task submitted: retrofit_to_workshop (pending=1)
15:39:23 | INFO     | t=1300.0: LOCO[LOCO_01] → TRAIN_PREP at retrofitted (coupling + prep, 2.0 min)
15:39:23 | INFO     | t=1333.0: RAKE[W7132,W8934] → COUPLING at WS_02 (1 couplings, 0.5 min)
15:39:23 | INFO     | t=1333.5: LOCO → Allocating for pickup from WS_02
15:39:23 | INFO     | t=1333.5: DISPATCHER → Task submitted: workshop_to_retrofitted (pending=2)
15:39:23 | INFO     | t=1344.5: LOCO[LOCO_02] → TRAIN_PREP at collection (coupling + prep, 5.0 min)
15:39:23 | INFO     | t=1409.5: LOCO[LOCO_02] → DECOUPLING at retrofit (6.0 min)
15:39:23 | INFO     | t=1415.5: RAKE[W7970,W4849] → DECOUPLING at retrofit (1 couplings, 3.0 min)
15:39:23 | INFO     | t=1422.0: LOCO[LOCO_01] → DECOUPLING at parking16 (1.0 min)
15:39:23 | INFO     | t=1423.0: RAKE[W9460,W9445] → DECOUPLING at parking16 (1 couplings, 0.5 min)
15:39:23 | INFO     | t=1423.5: Batch size limited by retrofit capacity: 1 wagons (23.2m) fits, 12 waiting
15:39:23 | INFO     | t=1423.5: DISPATCHER → Assigned loco LOCO_02 to retrofit_to_workshop (waited 128.5 min, pending=1)
15:39:23 | INFO     | t=1423.5: COLLECTION → Reserving retrofit track capacity for 1 wagons
15:39:23 | INFO     | t=1423.5: RAKE[W6253,W7747] → COUPLING at retrofit (1 couplings, 2.0 min)
15:39:23 | INFO     | t=1423.5: COLLECTION → Capacity reserved, allocating locomotive
15:39:23 | INFO     | t=1423.5: DISPATCHER → Task submitted: collection_to_retrofit (pending=2)
15:39:23 | INFO     | t=1423.5: WAGON[W10546] → Retrieved from retrofit queue
15:39:23 | INFO     | t=1423.5: WORKSHOP → No workshop available, waiting...
15:39:23 | INFO     | t=1430.5: LOCO[LOCO_02] → COUPLING at retrofit (2.0 min)
15:39:23 | INFO     | t=1432.5: LOCO[LOCO_02] → SHUNTING_PREP at retrofit (1.0 min)
15:39:23 | INFO     | t=1438.5: LOCO[LOCO_02] → DECOUPLING at WS_01 (3.0 min)
15:39:23 | INFO     | t=1441.5: RAKE[W6253,W7747] → DECOUPLING at WS_01 (1 couplings, 3.0 min)
15:39:23 | INFO     | t=1444.5: WAGON[W6253] → RETROFIT_STARTED at WS_01
15:39:23 | INFO     | t=1444.5: WAGON[W7747] → RETROFIT_STARTED at WS_01
15:39:23 | INFO     | t=1449.5: DISPATCHER → Assigned loco LOCO_02 to workshop_to_retrofitted (waited 116.0 min, pending=1)
15:39:23 | INFO     | t=1449.5: LOCO[LOCO_02] → Allocated for pickup
15:39:23 | INFO     | t=1456.5: LOCO[LOCO_02] → TRAIN_PREP completed at WS_02 (2.0 min)
15:39:23 | INFO     | t=1461.5: BATCH → Putting 2 wagons on retrofitted track retrofitted
15:39:23 | INFO     | t=1461.5: WAGON[W7132] → Added to retrofitted track retrofitted
15:39:23 | INFO     | t=1461.5: WAGON[W8934] → Added to retrofitted track retrofitted
15:39:23 | INFO     | t=1466.5: WORKSHOP[WS_02] → Released, notifying 1 waiting processes
15:39:23 | INFO     | t=1466.5: WORKSHOP → Workshop became available
15:39:23 | INFO     | t=1466.5: WORKSHOP[WS_02] → Selected for batch
15:39:23 | INFO     | t=1466.5: DISPATCHER → Assigned loco LOCO_02 to collection_to_retrofit (waited 43.0 min, pending=0)
15:39:23 | INFO     | t=1466.5: WAGON[W7222] → Added to batch
15:39:23 | INFO     | t=1466.5: BATCH[W10546,W7222] → Formed 2 wagons for WS_02
15:39:23 | INFO     | t=1466.5: TRACK[retrofit] → Removed 2 wagons (31.2m freed)
15:39:23 | INFO     | t=1466.5: DISPATCHER → Task submitted: retrofit_to_workshop (pending=1)
15:39:23 | INFO     | EVENT_PUBLISHED: TrainArrivedEvent | train=T15 | time=1479.0
15:39:23 | INFO     | EVENT_HANDLING: TrainArrivedEvent -> RetrofitWorkshopContext._handle_train_arrived
15:39:23 | INFO     | EVENT_HANDLED: TrainArrivedEvent by RetrofitWorkshopContext._handle_train_arrived
15:39:23 | INFO     | t=1483.5: LOCO[LOCO_01] → Releasing
15:39:23 | INFO     | t=1483.5: LOCO[LOCO_01] → Released
15:39:23 | INFO     | t=1483.5: PARKING → Got wagon W10704 from retrofitted
15:39:23 | INFO     | t=1483.5: DISPATCHER → Assigned loco LOCO_01 to retrofit_to_workshop (waited 17.0 min, pending=0)
15:39:23 | INFO     | t=1483.5: RAKE[W10546,W7222] → COUPLING at retrofit (1 couplings, 2.0 min)
15:39:23 | INFO     | t=1483.5: WAGON[W0689] → Retrieved from retrofit queue
15:39:23 | INFO     | t=1483.5: WORKSHOP → No workshop available, waiting...
15:39:23 | INFO     | t=1483.5: LOCO → Allocating for parking transport
15:39:23 | INFO     | t=1483.5: DISPATCHER → Task submitted: retrofitted_to_parking (pending=1)
15:39:23 | INFO     | t=1490.5: LOCO[LOCO_01] → COUPLING at retrofit (2.0 min)
15:39:23 | INFO     | t=1492.5: LOCO[LOCO_01] → SHUNTING_PREP at retrofit (1.0 min)
15:39:23 | INFO     | t=1498.5: LOCO[LOCO_01] → DECOUPLING at WS_02 (3.0 min)
15:39:23 | INFO     | t=1501.5: RAKE[W10546,W7222] → DECOUPLING at WS_02 (1 couplings, 3.0 min)
15:39:23 | INFO     | t=1504.5: WAGON[W10546] → RETROFIT_STARTED at WS_02
15:39:23 | INFO     | t=1504.5: WAGON[W7222] → RETROFIT_STARTED at WS_02
15:39:23 | INFO     | t=1504.5: RAKE[W6253,W7747] → COUPLING at WS_01 (1 couplings, 0.5 min)
15:39:23 | INFO     | t=1505.0: LOCO → Allocating for pickup from WS_01
15:39:23 | INFO     | t=1505.0: DISPATCHER → Task submitted: workshop_to_retrofitted (pending=2)
15:39:23 | INFO     | EVENT_PUBLISHED: TrainArrivedEvent | train=T16 | time=1509.0
15:39:23 | INFO     | EVENT_HANDLING: TrainArrivedEvent -> RetrofitWorkshopContext._handle_train_arrived
15:39:23 | INFO     | EVENT_HANDLED: TrainArrivedEvent by RetrofitWorkshopContext._handle_train_arrived
15:39:23 | INFO     | t=1509.0: Batch size limited by retrofit capacity: 2 wagons (32.3m) fits, 1 waiting
15:39:23 | INFO     | t=1509.0: COLLECTION → Reserving retrofit track capacity for 2 wagons
15:39:23 | INFO     | t=1509.0: COLLECTION → Capacity reserved, allocating locomotive
15:39:23 | INFO     | t=1509.0: DISPATCHER → Task submitted: collection_to_retrofit (pending=3)
15:39:23 | INFO     | t=1509.5: DISPATCHER → Assigned loco LOCO_01 to workshop_to_retrofitted (waited 4.5 min, pending=2)
15:39:23 | INFO     | t=1509.5: LOCO[LOCO_01] → Allocated for pickup
15:39:23 | INFO     | t=1516.5: LOCO[LOCO_01] → TRAIN_PREP completed at WS_01 (2.0 min)
15:39:23 | INFO     | t=1521.5: BATCH → Putting 2 wagons on retrofitted track retrofitted
15:39:23 | INFO     | t=1521.5: WAGON[W6253] → Added to retrofitted track retrofitted
15:39:23 | INFO     | t=1521.5: WAGON[W7747] → Added to retrofitted track retrofitted
15:39:23 | INFO     | t=1526.5: LOCO[LOCO_02] → TRAIN_PREP at collection (coupling + prep, 3.0 min)
15:39:23 | INFO     | t=1526.5: WORKSHOP[WS_01] → Released, notifying 1 waiting processes
15:39:23 | INFO     | t=1526.5: WORKSHOP → Workshop became available
15:39:23 | INFO     | t=1526.5: WORKSHOP[WS_01] → Selected for batch
15:39:23 | INFO     | t=1526.5: DISPATCHER → Assigned loco LOCO_01 to retrofitted_to_parking (waited 43.0 min, pending=1)
15:39:23 | INFO     | t=1526.5: WAGON[W11268] → Added to batch
15:39:23 | INFO     | t=1526.5: BATCH[W0689,W11268] → Formed 2 wagons for WS_01
15:39:23 | INFO     | t=1526.5: LOCO[LOCO_01] → Allocated for parking transport
15:39:23 | INFO     | t=1526.5: TRACK[retrofit] → Removed 2 wagons (41.3m freed)
15:39:23 | INFO     | t=1526.5: DISPATCHER → Task submitted: retrofit_to_workshop (pending=2)
15:39:23 | INFO     | t=1531.5: LOCO[LOCO_01] → TRAIN_PREP at retrofitted (coupling + prep, 3.0 min)
15:39:23 | INFO     | t=1564.5: RAKE[W10546,W7222] → COUPLING at WS_02 (1 couplings, 0.5 min)
15:39:23 | INFO     | t=1565.0: LOCO → Allocating for pickup from WS_02
15:39:23 | INFO     | t=1565.0: DISPATCHER → Task submitted: workshop_to_retrofitted (pending=3)
15:39:23 | INFO     | t=1589.5: LOCO[LOCO_02] → DECOUPLING at retrofit (3.0 min)
15:39:23 | INFO     | t=1592.5: RAKE[W2967] → DECOUPLING at retrofit (0 couplings, 0.0 min)
15:39:23 | INFO     | t=1597.5: DISPATCHER → Assigned loco LOCO_02 to retrofit_to_workshop (waited 71.0 min, pending=2)
15:39:23 | INFO     | t=1597.5: Batch size limited by retrofit capacity: 2 wagons (46.5m) fits, 16 waiting
15:39:23 | INFO     | t=1597.5: RAKE[W0689,W11268] → COUPLING at retrofit (1 couplings, 2.0 min)
15:39:23 | INFO     | t=1597.5: COLLECTION → Reserving retrofit track capacity for 2 wagons
15:39:23 | INFO     | t=1597.5: WAGON[W11509] → Retrieved from retrofit queue
15:39:23 | INFO     | t=1597.5: WORKSHOP → No workshop available, waiting...
15:39:23 | INFO     | t=1597.5: COLLECTION → Capacity reserved, allocating locomotive
15:39:23 | INFO     | t=1597.5: DISPATCHER → Task submitted: collection_to_retrofit (pending=3)
15:39:23 | INFO     | EVENT_PUBLISHED: TrainArrivedEvent | train=T17 | time=1602.5
15:39:23 | INFO     | EVENT_HANDLING: TrainArrivedEvent -> RetrofitWorkshopContext._handle_train_arrived
15:39:23 | INFO     | EVENT_HANDLED: TrainArrivedEvent by RetrofitWorkshopContext._handle_train_arrived
15:39:23 | INFO     | t=1604.5: LOCO[LOCO_02] → COUPLING at retrofit (2.0 min)
15:39:23 | INFO     | t=1606.5: LOCO[LOCO_02] → SHUNTING_PREP at retrofit (1.0 min)
15:39:23 | INFO     | t=1612.5: LOCO[LOCO_02] → DECOUPLING at WS_01 (3.0 min)
15:39:23 | INFO     | t=1615.5: RAKE[W0689,W11268] → DECOUPLING at WS_01 (1 couplings, 3.0 min)
15:39:23 | INFO     | t=1618.5: WAGON[W0689] → RETROFIT_STARTED at WS_01
15:39:23 | INFO     | t=1618.5: WAGON[W11268] → RETROFIT_STARTED at WS_01
15:39:23 | INFO     | t=1623.5: DISPATCHER → Assigned loco LOCO_02 to workshop_to_retrofitted (waited 58.5 min, pending=2)
15:39:23 | INFO     | t=1623.5: LOCO[LOCO_02] → Allocated for pickup
15:39:23 | INFO     | t=1630.5: LOCO[LOCO_02] → TRAIN_PREP completed at WS_02 (2.0 min)
15:39:23 | INFO     | t=1635.5: BATCH → Putting 2 wagons on retrofitted track retrofitted
15:39:23 | INFO     | t=1635.5: WAGON[W10546] → Added to retrofitted track retrofitted
15:39:23 | INFO     | t=1635.5: WAGON[W7222] → Added to retrofitted track retrofitted
15:39:23 | INFO     | t=1640.5: WORKSHOP[WS_02] → Released, notifying 1 waiting processes
15:39:23 | INFO     | t=1640.5: WORKSHOP → Workshop became available
15:39:23 | INFO     | t=1640.5: WORKSHOP[WS_02] → Selected for batch
15:39:23 | INFO     | t=1640.5: DISPATCHER → Assigned loco LOCO_02 to collection_to_retrofit (waited 131.5 min, pending=1)
15:39:23 | INFO     | t=1640.5: WAGON[W6557] → Added to batch
15:39:23 | INFO     | t=1640.5: BATCH[W11509,W6557] → Formed 2 wagons for WS_02
15:39:23 | INFO     | t=1640.5: TRACK[retrofit] → Removed 2 wagons (42.1m freed)
15:39:23 | INFO     | t=1640.5: DISPATCHER → Task submitted: retrofit_to_workshop (pending=2)
15:39:23 | INFO     | t=1654.5: LOCO[LOCO_01] → DECOUPLING at parking16 (2.0 min)
15:39:23 | INFO     | t=1656.5: RAKE[W10704,W3675,W7132,W8934] → DECOUPLING at parking16 (3 couplings, 1.5 min)
15:39:23 | INFO     | t=1678.5: RAKE[W0689,W11268] → COUPLING at WS_01 (1 couplings, 0.5 min)
15:39:23 | INFO     | t=1679.0: LOCO → Allocating for pickup from WS_01
15:39:23 | INFO     | t=1679.0: DISPATCHER → Task submitted: workshop_to_retrofitted (pending=3)
15:39:23 | INFO     | EVENT_PUBLISHED: TrainArrivedEvent | train=T18 | time=1687.2
15:39:23 | INFO     | EVENT_HANDLING: TrainArrivedEvent -> RetrofitWorkshopContext._handle_train_arrived
15:39:23 | INFO     | EVENT_HANDLED: TrainArrivedEvent by RetrofitWorkshopContext._handle_train_arrived
15:39:23 | INFO     | t=1700.5: LOCO[LOCO_02] → TRAIN_PREP at collection (coupling + prep, 5.0 min)
15:39:23 | INFO     | t=1718.0: LOCO[LOCO_01] → Releasing
15:39:23 | INFO     | t=1718.0: LOCO[LOCO_01] → Released
15:39:23 | INFO     | t=1718.0: PARKING → Got wagon W6253 from retrofitted
15:39:23 | INFO     | t=1718.0: DISPATCHER → Assigned loco LOCO_01 to retrofit_to_workshop (waited 77.5 min, pending=2)
15:39:23 | INFO     | t=1718.0: RAKE[W11509,W6557] → COUPLING at retrofit (1 couplings, 2.0 min)
15:39:23 | INFO     | t=1718.0: WAGON[W10356] → Retrieved from retrofit queue
15:39:23 | INFO     | t=1718.0: WORKSHOP → No workshop available, waiting...
15:39:23 | INFO     | t=1718.0: LOCO → Allocating for parking transport
15:39:23 | INFO     | t=1718.0: DISPATCHER → Task submitted: retrofitted_to_parking (pending=3)
15:39:23 | INFO     | t=1725.0: LOCO[LOCO_01] → COUPLING at retrofit (2.0 min)
15:39:23 | INFO     | t=1727.0: LOCO[LOCO_01] → SHUNTING_PREP at retrofit (1.0 min)
15:39:23 | INFO     | t=1733.0: LOCO[LOCO_01] → DECOUPLING at WS_02 (3.0 min)
15:39:23 | INFO     | t=1736.0: RAKE[W11509,W6557] → DECOUPLING at WS_02 (1 couplings, 3.0 min)
15:39:23 | INFO     | t=1739.0: WAGON[W11509] → RETROFIT_STARTED at WS_02
15:39:23 | INFO     | t=1739.0: WAGON[W6557] → RETROFIT_STARTED at WS_02
15:39:23 | INFO     | t=1744.0: DISPATCHER → Assigned loco LOCO_01 to workshop_to_retrofitted (waited 65.0 min, pending=2)
15:39:23 | INFO     | t=1744.0: LOCO[LOCO_01] → Allocated for pickup
15:39:23 | INFO     | t=1751.0: LOCO[LOCO_01] → TRAIN_PREP completed at WS_01 (2.0 min)
15:39:23 | INFO     | t=1756.0: BATCH → Putting 2 wagons on retrofitted track retrofitted
15:39:23 | INFO     | t=1756.0: WAGON[W0689] → Added to retrofitted track retrofitted
15:39:23 | INFO     | t=1756.0: WAGON[W11268] → Added to retrofitted track retrofitted
15:39:23 | INFO     | t=1761.0: WORKSHOP[WS_01] → Released, notifying 1 waiting processes
15:39:23 | INFO     | t=1761.0: WORKSHOP → Workshop became available
15:39:23 | INFO     | t=1761.0: WORKSHOP[WS_01] → Selected for batch
15:39:23 | INFO     | t=1761.0: DISPATCHER → Assigned loco LOCO_01 to retrofitted_to_parking (waited 43.0 min, pending=1)
15:39:23 | INFO     | t=1761.0: WAGON[W6006] → Added to batch
15:39:23 | INFO     | t=1761.0: BATCH[W10356,W6006] → Formed 2 wagons for WS_01
15:39:23 | INFO     | t=1761.0: LOCO[LOCO_01] → Allocated for parking transport
15:39:23 | INFO     | t=1761.0: TRACK[retrofit] → Removed 2 wagons (37.1m freed)
15:39:23 | INFO     | t=1761.0: DISPATCHER → Task submitted: retrofit_to_workshop (pending=2)
15:39:23 | INFO     | t=1765.5: LOCO[LOCO_02] → DECOUPLING at retrofit (6.0 min)
15:39:23 | INFO     | t=1766.0: LOCO[LOCO_01] → TRAIN_PREP at retrofitted (coupling + prep, 3.0 min)
15:39:23 | INFO     | EVENT_PUBLISHED: TrainArrivedEvent | train=T19 | time=1767.0
15:39:23 | INFO     | EVENT_HANDLING: TrainArrivedEvent -> RetrofitWorkshopContext._handle_train_arrived
15:39:23 | INFO     | EVENT_HANDLED: TrainArrivedEvent by RetrofitWorkshopContext._handle_train_arrived
15:39:23 | INFO     | t=1771.5: RAKE[W9392,W9274] → DECOUPLING at retrofit (1 couplings, 3.0 min)
15:39:23 | INFO     | t=1779.5: DISPATCHER → Assigned loco LOCO_02 to retrofit_to_workshop (waited 18.5 min, pending=1)
15:39:23 | INFO     | t=1779.5: RAKE[W10356,W6006] → COUPLING at retrofit (1 couplings, 2.0 min)
15:39:23 | INFO     | t=1779.5: WAGON[W4440] → Retrieved from retrofit queue
15:39:23 | INFO     | t=1779.5: WORKSHOP → No workshop available, waiting...
15:39:23 | INFO     | t=1779.5: Batch size limited by retrofit capacity: 4 wagons (83.8m) fits, 7 waiting
15:39:23 | INFO     | t=1779.5: COLLECTION → Reserving retrofit track capacity for 4 wagons
15:39:23 | INFO     | t=1779.5: COLLECTION → Capacity reserved, allocating locomotive
15:39:23 | INFO     | t=1779.5: DISPATCHER → Task submitted: collection_to_retrofit (pending=2)
15:39:23 | INFO     | t=1786.5: LOCO[LOCO_02] → COUPLING at retrofit (2.0 min)
15:39:23 | INFO     | t=1788.5: LOCO[LOCO_02] → SHUNTING_PREP at retrofit (1.0 min)
15:39:23 | INFO     | t=1794.5: LOCO[LOCO_02] → DECOUPLING at WS_01 (3.0 min)
15:39:23 | INFO     | t=1797.5: RAKE[W10356,W6006] → DECOUPLING at WS_01 (1 couplings, 3.0 min)
15:39:23 | INFO     | t=1799.0: RAKE[W11509,W6557] → COUPLING at WS_02 (1 couplings, 0.5 min)
15:39:23 | INFO     | t=1799.5: LOCO → Allocating for pickup from WS_02
15:39:23 | INFO     | t=1799.5: DISPATCHER → Task submitted: workshop_to_retrofitted (pending=3)
15:39:23 | INFO     | t=1800.5: WAGON[W10356] → RETROFIT_STARTED at WS_01
15:39:23 | INFO     | t=1800.5: WAGON[W6006] → RETROFIT_STARTED at WS_01
15:39:23 | INFO     | t=1805.5: DISPATCHER → Assigned loco LOCO_02 to workshop_to_retrofitted (waited 6.0 min, pending=2)
15:39:23 | INFO     | t=1805.5: LOCO[LOCO_02] → Allocated for pickup
15:39:23 | INFO     | t=1812.5: LOCO[LOCO_02] → TRAIN_PREP completed at WS_02 (2.0 min)
15:39:23 | INFO     | t=1817.5: BATCH → Putting 2 wagons on retrofitted track retrofitted
15:39:23 | INFO     | t=1817.5: WAGON[W11509] → Added to retrofitted track retrofitted
15:39:23 | INFO     | t=1817.5: WAGON[W6557] → Added to retrofitted track retrofitted
15:39:23 | INFO     | t=1822.5: WORKSHOP[WS_02] → Released, notifying 1 waiting processes
15:39:23 | INFO     | t=1822.5: WORKSHOP → Workshop became available
15:39:23 | INFO     | t=1822.5: WORKSHOP[WS_02] → Selected for batch
15:39:23 | INFO     | t=1822.5: DISPATCHER → Assigned loco LOCO_02 to collection_to_retrofit (waited 225.0 min, pending=1)
15:39:23 | INFO     | t=1822.5: WAGON[W10383] → Added to batch
15:39:23 | INFO     | t=1822.5: BATCH[W4440,W10383] → Formed 2 wagons for WS_02
15:39:23 | INFO     | t=1822.5: TRACK[retrofit] → Removed 2 wagons (39.8m freed)
15:39:23 | INFO     | t=1822.5: DISPATCHER → Task submitted: retrofit_to_workshop (pending=2)
15:39:23 | INFO     | EVENT_PUBLISHED: TrainArrivedEvent | train=T20 | time=1853.5
15:39:23 | INFO     | EVENT_HANDLING: TrainArrivedEvent -> RetrofitWorkshopContext._handle_train_arrived
15:39:23 | INFO     | EVENT_HANDLED: TrainArrivedEvent by RetrofitWorkshopContext._handle_train_arrived
15:39:23 | INFO     | t=1860.5: RAKE[W10356,W6006] → COUPLING at WS_01 (1 couplings, 0.5 min)
15:39:23 | INFO     | t=1861.0: LOCO → Allocating for pickup from WS_01
15:39:23 | INFO     | t=1861.0: DISPATCHER → Task submitted: workshop_to_retrofitted (pending=3)
15:39:23 | INFO     | EVENT_PUBLISHED: TrainArrivedEvent | train=T21 | time=1870.0
15:39:23 | INFO     | EVENT_HANDLING: TrainArrivedEvent -> RetrofitWorkshopContext._handle_train_arrived
15:39:23 | INFO     | EVENT_HANDLED: TrainArrivedEvent by RetrofitWorkshopContext._handle_train_arrived
15:39:23 | INFO     | t=1882.5: LOCO[LOCO_02] → TRAIN_PREP at collection (coupling + prep, 5.0 min)
15:39:23 | INFO     | t=1889.0: LOCO[LOCO_01] → DECOUPLING at parking16 (2.0 min)
15:39:23 | INFO     | t=1891.0: RAKE[W6253,W7747,W10546,W7222] → DECOUPLING at parking16 (3 couplings, 1.5 min)
15:39:23 | INFO     | t=1947.5: LOCO[LOCO_02] → DECOUPLING at retrofit (6.0 min)
15:39:23 | INFO     | t=1952.5: LOCO[LOCO_01] → Releasing
15:39:23 | INFO     | t=1952.5: LOCO[LOCO_01] → Released
15:39:23 | INFO     | t=1952.5: PARKING → Got wagon W0689 from retrofitted
15:39:23 | INFO     | t=1952.5: DISPATCHER → Assigned loco LOCO_01 to retrofit_to_workshop (waited 130.0 min, pending=2)
15:39:23 | INFO     | t=1952.5: RAKE[W4440,W10383] → COUPLING at retrofit (1 couplings, 2.0 min)
15:39:23 | INFO     | t=1952.5: WAGON[W2238] → Retrieved from retrofit queue
15:39:23 | INFO     | t=1952.5: WORKSHOP → No workshop available, waiting...
15:39:23 | INFO     | t=1952.5: LOCO → Allocating for parking transport
15:39:23 | INFO     | t=1952.5: DISPATCHER → Task submitted: retrofitted_to_parking (pending=3)
15:39:23 | INFO     | t=1953.5: RAKE[W9776,W12208] → DECOUPLING at retrofit (1 couplings, 3.0 min)
15:39:23 | INFO     | t=1959.5: LOCO[LOCO_01] → COUPLING at retrofit (2.0 min)
15:39:23 | INFO     | t=1961.5: LOCO[LOCO_01] → SHUNTING_PREP at retrofit (1.0 min)
15:39:23 | INFO     | t=1961.5: DISPATCHER → Assigned loco LOCO_02 to workshop_to_retrofitted (waited 100.5 min, pending=2)
15:39:23 | INFO     | t=1961.5: Batch size limited by retrofit capacity: 2 wagons (39.7m) fits, 16 waiting
15:39:23 | INFO     | t=1961.5: LOCO[LOCO_02] → Allocated for pickup
15:39:23 | INFO     | t=1961.5: COLLECTION → Reserving retrofit track capacity for 2 wagons
15:39:23 | INFO     | t=1961.5: COLLECTION → Capacity reserved, allocating locomotive
15:39:23 | INFO     | t=1961.5: DISPATCHER → Task submitted: collection_to_retrofit (pending=3)
15:39:23 | INFO     | EVENT_PUBLISHED: TrainArrivedEvent | train=T22 | time=1965.2
15:39:23 | INFO     | EVENT_HANDLING: TrainArrivedEvent -> RetrofitWorkshopContext._handle_train_arrived
15:39:23 | INFO     | EVENT_HANDLED: TrainArrivedEvent by RetrofitWorkshopContext._handle_train_arrived
15:39:23 | INFO     | t=1967.5: LOCO[LOCO_01] → DECOUPLING at WS_02 (3.0 min)
15:39:23 | INFO     | t=1968.5: LOCO[LOCO_02] → TRAIN_PREP completed at WS_01 (2.0 min)
15:39:23 | INFO     | t=1970.5: RAKE[W4440,W10383] → DECOUPLING at WS_02 (1 couplings, 3.0 min)
15:39:23 | INFO     | t=1973.5: BATCH → Putting 2 wagons on retrofitted track retrofitted
15:39:23 | INFO     | t=1973.5: WAGON[W4440] → RETROFIT_STARTED at WS_02
15:39:23 | INFO     | t=1973.5: WAGON[W10383] → RETROFIT_STARTED at WS_02
15:39:23 | INFO     | t=1973.5: WAGON[W10356] → Added to retrofitted track retrofitted
15:39:23 | INFO     | t=1973.5: WAGON[W6006] → Added to retrofitted track retrofitted
15:39:23 | INFO     | t=1978.5: WORKSHOP[WS_01] → Released, notifying 1 waiting processes
15:39:23 | INFO     | t=1978.5: WORKSHOP → Workshop became available
15:39:23 | INFO     | t=1978.5: WORKSHOP[WS_01] → Selected for batch
15:39:23 | INFO     | t=1978.5: DISPATCHER → Assigned loco LOCO_02 to retrofitted_to_parking (waited 26.0 min, pending=2)
15:39:23 | INFO     | t=1978.5: WAGON[W0047] → Added to batch
15:39:23 | INFO     | t=1978.5: BATCH[W2238,W0047] → Formed 2 wagons for WS_01
15:39:23 | INFO     | t=1978.5: LOCO[LOCO_02] → Allocated for parking transport
15:39:23 | INFO     | t=1978.5: TRACK[retrofit] → Removed 2 wagons (25.4m freed)
15:39:23 | INFO     | t=1978.5: DISPATCHER → Task submitted: retrofit_to_workshop (pending=3)
15:39:23 | INFO     | t=1978.5: DISPATCHER → Assigned loco LOCO_01 to retrofit_to_workshop (waited 0.0 min, pending=2)
15:39:23 | INFO     | t=1978.5: RAKE[W2238,W0047] → COUPLING at retrofit (1 couplings, 2.0 min)
15:39:23 | INFO     | t=1978.5: WAGON[W0049] → Retrieved from retrofit queue
15:39:23 | INFO     | t=1978.5: WORKSHOP → No workshop available, waiting...
15:39:23 | INFO     | t=1983.5: LOCO[LOCO_02] → TRAIN_PREP at retrofitted (coupling + prep, 3.0 min)
15:39:23 | INFO     | t=1985.5: LOCO[LOCO_01] → COUPLING at retrofit (2.0 min)
15:39:23 | INFO     | t=1987.5: LOCO[LOCO_01] → SHUNTING_PREP at retrofit (1.0 min)
15:39:23 | INFO     | t=1993.5: LOCO[LOCO_01] → DECOUPLING at WS_01 (3.0 min)
15:39:23 | INFO     | t=1996.5: RAKE[W2238,W0047] → DECOUPLING at WS_01 (1 couplings, 3.0 min)
15:39:23 | INFO     | t=1999.5: WAGON[W2238] → RETROFIT_STARTED at WS_01
15:39:23 | INFO     | t=1999.5: WAGON[W0047] → RETROFIT_STARTED at WS_01
15:39:23 | INFO     | t=2004.5: DISPATCHER → Assigned loco LOCO_01 to collection_to_retrofit (waited 225.0 min, pending=1)
15:39:23 | INFO     | t=2033.5: RAKE[W4440,W10383] → COUPLING at WS_02 (1 couplings, 0.5 min)
15:39:23 | INFO     | t=2034.0: LOCO → Allocating for pickup from WS_02
15:39:23 | INFO     | t=2034.0: DISPATCHER → Task submitted: workshop_to_retrofitted (pending=2)
15:39:23 | INFO     | t=2059.5: RAKE[W2238,W0047] → COUPLING at WS_01 (1 couplings, 0.5 min)
15:39:23 | INFO     | t=2060.0: LOCO → Allocating for pickup from WS_01
15:39:23 | INFO     | t=2060.0: DISPATCHER → Task submitted: workshop_to_retrofitted (pending=3)
15:39:23 | INFO     | t=2064.5: LOCO[LOCO_01] → TRAIN_PREP at collection (coupling + prep, 9.0 min)
15:39:23 | INFO     | t=2106.5: LOCO[LOCO_02] → DECOUPLING at parking16 (2.0 min)
15:39:23 | INFO     | t=2108.5: RAKE[W0689,W11268,W11509,W6557] → DECOUPLING at parking16 (3 couplings, 1.5 min)
15:39:23 | INFO     | t=2133.5: LOCO[LOCO_01] → DECOUPLING at retrofit (12.0 min)
15:39:23 | INFO     | EVENT_PUBLISHED: TrainArrivedEvent | train=T23 | time=2138.0
15:39:23 | INFO     | EVENT_HANDLING: TrainArrivedEvent -> RetrofitWorkshopContext._handle_train_arrived
15:39:23 | INFO     | EVENT_HANDLED: TrainArrivedEvent by RetrofitWorkshopContext._handle_train_arrived
15:39:23 | INFO     | t=2145.5: RAKE[W8613,W10130,W9721,W9756] → DECOUPLING at retrofit (3 couplings, 9.0 min)
15:39:23 | INFO     | EVENT_PUBLISHED: TrainArrivedEvent | train=T24 | time=2149.8
15:39:23 | INFO     | EVENT_HANDLING: TrainArrivedEvent -> RetrofitWorkshopContext._handle_train_arrived
15:39:23 | INFO     | EVENT_HANDLED: TrainArrivedEvent by RetrofitWorkshopContext._handle_train_arrived
15:39:23 | INFO     | EVENT_PUBLISHED: TrainArrivedEvent | train=T25 | time=2158.0
15:39:23 | INFO     | EVENT_HANDLING: TrainArrivedEvent -> RetrofitWorkshopContext._handle_train_arrived
15:39:23 | INFO     | EVENT_HANDLED: TrainArrivedEvent by RetrofitWorkshopContext._handle_train_arrived
15:39:23 | INFO     | t=2159.5: Batch size limited by retrofit capacity: 1 wagons (19.9m) fits, 19 waiting
15:39:23 | INFO     | t=2159.5: DISPATCHER → Assigned loco LOCO_01 to workshop_to_retrofitted (waited 125.5 min, pending=2)
15:39:23 | INFO     | t=2159.5: COLLECTION → Reserving retrofit track capacity for 1 wagons
15:39:23 | INFO     | t=2159.5: LOCO[LOCO_01] → Allocated for pickup
15:39:23 | INFO     | t=2159.5: COLLECTION → Capacity reserved, allocating locomotive
15:39:23 | INFO     | t=2159.5: DISPATCHER → Task submitted: collection_to_retrofit (pending=3)
15:39:23 | INFO     | t=2166.5: LOCO[LOCO_01] → TRAIN_PREP completed at WS_02 (2.0 min)
15:39:23 | INFO     | t=2170.0: LOCO[LOCO_02] → Releasing
15:39:23 | INFO     | t=2170.0: LOCO[LOCO_02] → Released
15:39:23 | INFO     | t=2170.0: PARKING → Got wagon W10356 from retrofitted
15:39:23 | INFO     | t=2170.0: DISPATCHER → Assigned loco LOCO_02 to workshop_to_retrofitted (waited 110.0 min, pending=2)
15:39:23 | INFO     | t=2170.0: LOCO → Allocating for parking transport
15:39:23 | INFO     | t=2170.0: DISPATCHER → Task submitted: retrofitted_to_parking (pending=3)
15:39:23 | INFO     | t=2170.0: LOCO[LOCO_02] → Allocated for pickup
15:39:23 | INFO     | t=2171.5: BATCH → Putting 2 wagons on retrofitted track retrofitted
15:39:23 | INFO     | t=2171.5: WAGON[W4440] → Added to retrofitted track retrofitted
15:39:23 | INFO     | t=2171.5: WAGON[W10383] → Added to retrofitted track retrofitted
15:39:23 | INFO     | t=2176.5: WORKSHOP[WS_02] → Released, notifying 1 waiting processes
15:39:23 | INFO     | t=2176.5: WORKSHOP → Workshop became available
15:39:23 | INFO     | t=2176.5: WORKSHOP[WS_02] → Selected for batch
15:39:23 | INFO     | t=2176.5: DISPATCHER → Assigned loco LOCO_01 to retrofitted_to_parking (waited 6.5 min, pending=2)
15:39:23 | INFO     | t=2176.5: WAGON[W2535] → Added to batch
15:39:23 | INFO     | t=2176.5: BATCH[W0049,W2535] → Formed 2 wagons for WS_02
15:39:23 | INFO     | t=2176.5: LOCO[LOCO_01] → Allocated for parking transport
15:39:23 | INFO     | t=2176.5: TRACK[retrofit] → Removed 2 wagons (28.7m freed)
15:39:23 | INFO     | t=2176.5: DISPATCHER → Task submitted: retrofit_to_workshop (pending=3)
15:39:23 | INFO     | t=2177.0: LOCO[LOCO_02] → TRAIN_PREP completed at WS_01 (2.0 min)
15:39:23 | INFO     | t=2181.5: LOCO[LOCO_01] → TRAIN_PREP at retrofitted (coupling + prep, 2.0 min)
15:39:23 | INFO     | t=2182.0: BATCH → Putting 2 wagons on retrofitted track retrofitted
15:39:23 | INFO     | t=2182.0: WAGON[W2238] → Added to retrofitted track retrofitted
15:39:23 | INFO     | t=2182.0: WAGON[W0047] → Added to retrofitted track retrofitted
15:39:23 | INFO     | t=2187.0: WORKSHOP[WS_01] → Released, notifying 0 waiting processes
15:39:23 | INFO     | t=2187.0: DISPATCHER → Assigned loco LOCO_02 to retrofit_to_workshop (waited 10.5 min, pending=2)
15:39:23 | INFO     | t=2187.0: RAKE[W0049,W2535] → COUPLING at retrofit (1 couplings, 2.0 min)
15:39:23 | INFO     | t=2187.0: WAGON[W7970] → Retrieved from retrofit queue
15:39:23 | INFO     | t=2187.0: WORKSHOP[WS_01] → Selected for batch
15:39:23 | INFO     | t=2187.0: WAGON[W4849] → Added to batch
15:39:23 | INFO     | t=2187.0: BATCH[W7970,W4849] → Formed 2 wagons for WS_01
15:39:23 | INFO     | t=2187.0: TRACK[retrofit] → Removed 2 wagons (34.8m freed)
15:39:23 | INFO     | t=2187.0: DISPATCHER → Task submitted: retrofit_to_workshop (pending=3)
15:39:23 | INFO     | t=2194.0: LOCO[LOCO_02] → COUPLING at retrofit (2.0 min)
15:39:23 | INFO     | t=2196.0: LOCO[LOCO_02] → SHUNTING_PREP at retrofit (1.0 min)
15:39:23 | INFO     | t=2202.0: LOCO[LOCO_02] → DECOUPLING at WS_02 (3.0 min)
15:39:23 | INFO     | t=2205.0: RAKE[W0049,W2535] → DECOUPLING at WS_02 (1 couplings, 3.0 min)
15:39:23 | INFO     | t=2208.0: WAGON[W0049] → RETROFIT_STARTED at WS_02
15:39:23 | INFO     | t=2208.0: WAGON[W2535] → RETROFIT_STARTED at WS_02
15:39:23 | INFO     | t=2213.0: DISPATCHER → Assigned loco LOCO_02 to retrofit_to_workshop (waited 26.0 min, pending=2)
15:39:23 | INFO     | t=2213.0: RAKE[W7970,W4849] → COUPLING at retrofit (1 couplings, 2.0 min)
15:39:23 | INFO     | t=2213.0: WAGON[W2967] → Retrieved from retrofit queue
15:39:23 | INFO     | t=2213.0: WORKSHOP → No workshop available, waiting...
15:39:23 | INFO     | t=2220.0: LOCO[LOCO_02] → COUPLING at retrofit (2.0 min)
15:39:23 | INFO     | t=2222.0: LOCO[LOCO_02] → SHUNTING_PREP at retrofit (1.0 min)
15:39:23 | INFO     | t=2228.0: LOCO[LOCO_02] → DECOUPLING at WS_01 (3.0 min)
15:39:23 | INFO     | t=2231.0: RAKE[W7970,W4849] → DECOUPLING at WS_01 (1 couplings, 3.0 min)
15:39:23 | INFO     | t=2234.0: WAGON[W7970] → RETROFIT_STARTED at WS_01
15:39:23 | INFO     | t=2234.0: WAGON[W4849] → RETROFIT_STARTED at WS_01
15:39:23 | INFO     | t=2239.0: DISPATCHER → Assigned loco LOCO_02 to collection_to_retrofit (waited 277.5 min, pending=1)
15:39:23 | INFO     | EVENT_PUBLISHED: TrainArrivedEvent | train=T26 | time=2258.0
15:39:23 | INFO     | EVENT_HANDLING: TrainArrivedEvent -> RetrofitWorkshopContext._handle_train_arrived
15:39:23 | INFO     | EVENT_HANDLED: TrainArrivedEvent by RetrofitWorkshopContext._handle_train_arrived
15:39:23 | INFO     | t=2268.0: RAKE[W0049,W2535] → COUPLING at WS_02 (1 couplings, 0.5 min)
15:39:23 | INFO     | t=2268.5: LOCO → Allocating for pickup from WS_02
15:39:23 | INFO     | t=2268.5: DISPATCHER → Task submitted: workshop_to_retrofitted (pending=2)
15:39:23 | INFO     | t=2294.0: RAKE[W7970,W4849] → COUPLING at WS_01 (1 couplings, 0.5 min)
15:39:23 | INFO     | t=2294.5: LOCO → Allocating for pickup from WS_01
15:39:23 | INFO     | t=2294.5: DISPATCHER → Task submitted: workshop_to_retrofitted (pending=3)
15:39:23 | INFO     | t=2299.0: LOCO[LOCO_02] → TRAIN_PREP at collection (coupling + prep, 5.0 min)
15:39:23 | INFO     | t=2303.5: LOCO[LOCO_01] → DECOUPLING at parking16 (1.0 min)
15:39:23 | INFO     | EVENT_PUBLISHED: TrainArrivedEvent | train=T27 | time=2303.8
15:39:23 | INFO     | EVENT_HANDLING: TrainArrivedEvent -> RetrofitWorkshopContext._handle_train_arrived
15:39:23 | INFO     | EVENT_HANDLED: TrainArrivedEvent by RetrofitWorkshopContext._handle_train_arrived
15:39:23 | INFO     | t=2304.5: RAKE[W10356,W6006] → DECOUPLING at parking16 (1 couplings, 0.5 min)
15:39:23 | INFO     | EVENT_PUBLISHED: TrainArrivedEvent | train=T28 | time=2324.2
15:39:23 | INFO     | EVENT_HANDLING: TrainArrivedEvent -> RetrofitWorkshopContext._handle_train_arrived
15:39:23 | INFO     | EVENT_HANDLED: TrainArrivedEvent by RetrofitWorkshopContext._handle_train_arrived
15:39:23 | INFO     | t=2364.0: LOCO[LOCO_02] → DECOUPLING at retrofit (6.0 min)
15:39:23 | INFO     | t=2365.0: LOCO[LOCO_01] → Releasing
15:39:23 | INFO     | t=2365.0: LOCO[LOCO_01] → Released
15:39:23 | INFO     | t=2365.0: PARKING → Got wagon W4440 from retrofitted
15:39:23 | INFO     | t=2365.0: DISPATCHER → Assigned loco LOCO_01 to workshop_to_retrofitted (waited 96.5 min, pending=2)
15:39:23 | INFO     | t=2365.0: LOCO[LOCO_01] → Allocated for pickup
15:39:23 | INFO     | t=2365.0: LOCO → Allocating for parking transport
15:39:23 | INFO     | t=2365.0: DISPATCHER → Task submitted: retrofitted_to_parking (pending=3)
15:39:23 | INFO     | t=2370.0: RAKE[W11348,W12037] → DECOUPLING at retrofit (1 couplings, 3.0 min)
15:39:23 | INFO     | t=2372.0: LOCO[LOCO_01] → TRAIN_PREP completed at WS_02 (2.0 min)
15:39:23 | INFO     | t=2377.0: BATCH → Putting 2 wagons on retrofitted track retrofitted
15:39:23 | INFO     | t=2377.0: WAGON[W0049] → Added to retrofitted track retrofitted
15:39:23 | INFO     | t=2377.0: WAGON[W2535] → Added to retrofitted track retrofitted
15:39:23 | INFO     | t=2378.0: DISPATCHER → Assigned loco LOCO_02 to workshop_to_retrofitted (waited 83.5 min, pending=2)
15:39:23 | INFO     | t=2378.0: LOCO[LOCO_02] → Allocated for pickup
15:39:23 | INFO     | t=2378.0: Batch size limited by retrofit capacity: 3 wagons (60.5m) fits, 15 waiting
15:39:23 | INFO     | t=2378.0: COLLECTION → Reserving retrofit track capacity for 3 wagons
15:39:23 | INFO     | t=2378.0: COLLECTION → Capacity reserved, allocating locomotive
15:39:23 | INFO     | t=2378.0: DISPATCHER → Task submitted: collection_to_retrofit (pending=3)
15:39:23 | INFO     | t=2382.0: WORKSHOP[WS_02] → Released, notifying 1 waiting processes
15:39:23 | INFO     | t=2382.0: WORKSHOP → Workshop became available
15:39:23 | INFO     | t=2382.0: WORKSHOP[WS_02] → Selected for batch
15:39:23 | INFO     | t=2382.0: DISPATCHER → Assigned loco LOCO_01 to retrofitted_to_parking (waited 17.0 min, pending=2)
15:39:23 | INFO     | t=2382.0: WAGON[W9392] → Added to batch
15:39:23 | INFO     | t=2382.0: BATCH[W2967,W9392] → Formed 2 wagons for WS_02
15:39:23 | INFO     | t=2382.0: LOCO[LOCO_01] → Allocated for parking transport
15:39:23 | INFO     | t=2382.0: TRACK[retrofit] → Removed 2 wagons (37.6m freed)
15:39:23 | INFO     | t=2382.0: DISPATCHER → Task submitted: retrofit_to_workshop (pending=3)
15:39:23 | INFO     | t=2385.0: LOCO[LOCO_02] → TRAIN_PREP completed at WS_01 (2.0 min)
15:39:23 | INFO     | t=2387.0: LOCO[LOCO_01] → TRAIN_PREP at retrofitted (coupling + prep, 3.0 min)
15:39:23 | INFO     | t=2390.0: BATCH → Putting 2 wagons on retrofitted track retrofitted
15:39:23 | INFO     | t=2390.0: WAGON[W7970] → Added to retrofitted track retrofitted
15:39:23 | INFO     | t=2390.0: WAGON[W4849] → Added to retrofitted track retrofitted
15:39:23 | INFO     | t=2395.0: WORKSHOP[WS_01] → Released, notifying 0 waiting processes
15:39:23 | INFO     | t=2395.0: DISPATCHER → Assigned loco LOCO_02 to retrofit_to_workshop (waited 13.0 min, pending=2)
15:39:23 | INFO     | t=2395.0: RAKE[W2967,W9392] → COUPLING at retrofit (1 couplings, 2.0 min)
15:39:23 | INFO     | t=2395.0: WAGON[W9274] → Retrieved from retrofit queue
15:39:23 | INFO     | t=2395.0: WORKSHOP[WS_01] → Selected for batch
15:39:23 | INFO     | t=2395.0: WAGON[W9776] → Added to batch
15:39:23 | INFO     | t=2395.0: BATCH[W9274,W9776] → Formed 2 wagons for WS_01
15:39:23 | INFO     | t=2395.0: TRACK[retrofit] → Removed 2 wagons (41.2m freed)
15:39:23 | INFO     | t=2395.0: DISPATCHER → Task submitted: retrofit_to_workshop (pending=3)
15:39:23 | INFO     | t=2402.0: LOCO[LOCO_02] → COUPLING at retrofit (2.0 min)
15:39:23 | INFO     | t=2404.0: LOCO[LOCO_02] → SHUNTING_PREP at retrofit (1.0 min)
15:39:23 | INFO     | t=2410.0: LOCO[LOCO_02] → DECOUPLING at WS_02 (3.0 min)
15:39:23 | INFO     | t=2413.0: RAKE[W2967,W9392] → DECOUPLING at WS_02 (1 couplings, 3.0 min)
15:39:23 | INFO     | t=2416.0: WAGON[W2967] → RETROFIT_STARTED at WS_02
15:39:23 | INFO     | t=2416.0: WAGON[W9392] → RETROFIT_STARTED at WS_02
15:39:23 | INFO     | t=2421.0: DISPATCHER → Assigned loco LOCO_02 to retrofit_to_workshop (waited 26.0 min, pending=2)
15:39:23 | INFO     | t=2421.0: RAKE[W9274,W9776] → COUPLING at retrofit (1 couplings, 2.0 min)
15:39:23 | INFO     | t=2421.0: WAGON[W12208] → Retrieved from retrofit queue
15:39:23 | INFO     | t=2421.0: WORKSHOP → No workshop available, waiting...
15:39:23 | INFO     | t=2428.0: LOCO[LOCO_02] → COUPLING at retrofit (2.0 min)
15:39:23 | INFO     | t=2430.0: LOCO[LOCO_02] → SHUNTING_PREP at retrofit (1.0 min)
15:39:23 | INFO     | t=2436.0: LOCO[LOCO_02] → DECOUPLING at WS_01 (3.0 min)
15:39:23 | INFO     | t=2439.0: RAKE[W9274,W9776] → DECOUPLING at WS_01 (1 couplings, 3.0 min)
15:39:23 | INFO     | t=2442.0: WAGON[W9274] → RETROFIT_STARTED at WS_01
15:39:23 | INFO     | t=2442.0: WAGON[W9776] → RETROFIT_STARTED at WS_01
15:39:23 | INFO     | t=2447.0: DISPATCHER → Assigned loco LOCO_02 to collection_to_retrofit (waited 287.5 min, pending=1)
15:39:23 | INFO     | t=2476.0: RAKE[W2967,W9392] → COUPLING at WS_02 (1 couplings, 0.5 min)
15:39:23 | INFO     | t=2476.5: LOCO → Allocating for pickup from WS_02
15:39:23 | INFO     | t=2476.5: DISPATCHER → Task submitted: workshop_to_retrofitted (pending=2)
15:39:23 | INFO     | EVENT_PUBLISHED: TrainArrivedEvent | train=T29 | time=2484.8
15:39:23 | INFO     | EVENT_HANDLING: TrainArrivedEvent -> RetrofitWorkshopContext._handle_train_arrived
15:39:23 | INFO     | EVENT_HANDLED: TrainArrivedEvent by RetrofitWorkshopContext._handle_train_arrived
15:39:23 | INFO     | t=2502.0: RAKE[W9274,W9776] → COUPLING at WS_01 (1 couplings, 0.5 min)
15:39:23 | INFO     | t=2502.5: LOCO → Allocating for pickup from WS_01
15:39:23 | INFO     | t=2502.5: DISPATCHER → Task submitted: workshop_to_retrofitted (pending=3)
15:39:23 | INFO     | t=2507.0: LOCO[LOCO_02] → TRAIN_PREP at collection (coupling + prep, 3.0 min)
15:39:23 | INFO     | t=2510.0: LOCO[LOCO_01] → DECOUPLING at parking16 (2.0 min)
15:39:23 | INFO     | t=2512.0: RAKE[W4440,W10383,W2238,W0047] → DECOUPLING at parking16 (3 couplings, 1.5 min)
15:39:23 | INFO     | EVENT_PUBLISHED: TrainArrivedEvent | train=T30 | time=2523.0
15:39:23 | INFO     | EVENT_HANDLING: TrainArrivedEvent -> RetrofitWorkshopContext._handle_train_arrived
15:39:23 | INFO     | EVENT_HANDLED: TrainArrivedEvent by RetrofitWorkshopContext._handle_train_arrived
15:39:23 | INFO     | EVENT_PUBLISHED: TrainArrivedEvent | train=T31 | time=2529.2
15:39:23 | INFO     | EVENT_HANDLING: TrainArrivedEvent -> RetrofitWorkshopContext._handle_train_arrived
15:39:23 | INFO     | EVENT_HANDLED: TrainArrivedEvent by RetrofitWorkshopContext._handle_train_arrived
15:39:23 | INFO     | t=2570.0: LOCO[LOCO_02] → DECOUPLING at retrofit (3.0 min)
15:39:23 | INFO     | EVENT_PUBLISHED: TrainArrivedEvent | train=T32 | time=2571.5
15:39:23 | INFO     | EVENT_HANDLING: TrainArrivedEvent -> RetrofitWorkshopContext._handle_train_arrived
15:39:23 | INFO     | EVENT_HANDLED: TrainArrivedEvent by RetrofitWorkshopContext._handle_train_arrived
15:39:23 | INFO     | t=2573.0: RAKE[W3950] → DECOUPLING at retrofit (0 couplings, 0.0 min)
15:39:23 | INFO     | t=2573.5: LOCO[LOCO_01] → Releasing
15:39:23 | INFO     | t=2573.5: LOCO[LOCO_01] → Released
15:39:23 | INFO     | t=2573.5: PARKING → Got wagon W0049 from retrofitted
15:39:23 | INFO     | t=2573.5: DISPATCHER → Assigned loco LOCO_01 to workshop_to_retrofitted (waited 97.0 min, pending=2)
15:39:23 | INFO     | t=2573.5: LOCO[LOCO_01] → Allocated for pickup
15:39:23 | INFO     | t=2573.5: LOCO → Allocating for parking transport
15:39:23 | INFO     | t=2573.5: DISPATCHER → Task submitted: retrofitted_to_parking (pending=3)
15:39:23 | INFO     | EVENT_PUBLISHED: TrainArrivedEvent | train=T33 | time=2574.0
15:39:23 | INFO     | EVENT_HANDLING: TrainArrivedEvent -> RetrofitWorkshopContext._handle_train_arrived
15:39:23 | INFO     | EVENT_HANDLED: TrainArrivedEvent by RetrofitWorkshopContext._handle_train_arrived
15:39:23 | INFO     | t=2578.0: DISPATCHER → Assigned loco LOCO_02 to workshop_to_retrofitted (waited 75.5 min, pending=2)
15:39:23 | INFO     | t=2578.0: LOCO[LOCO_02] → Allocated for pickup
15:39:23 | INFO     | t=2578.0: Batch size limited by retrofit capacity: 4 wagons (80.2m) fits, 17 waiting
15:39:23 | INFO     | t=2578.0: COLLECTION → Reserving retrofit track capacity for 4 wagons
15:39:23 | INFO     | t=2578.0: COLLECTION → Capacity reserved, allocating locomotive
15:39:23 | INFO     | t=2578.0: DISPATCHER → Task submitted: collection_to_retrofit (pending=3)
15:39:23 | INFO     | t=2580.5: LOCO[LOCO_01] → TRAIN_PREP completed at WS_02 (2.0 min)
15:39:23 | INFO     | t=2585.0: LOCO[LOCO_02] → TRAIN_PREP completed at WS_01 (2.0 min)
15:39:23 | INFO     | t=2585.5: BATCH → Putting 2 wagons on retrofitted track retrofitted
15:39:23 | INFO     | t=2585.5: WAGON[W2967] → Added to retrofitted track retrofitted
15:39:23 | INFO     | t=2585.5: WAGON[W9392] → Added to retrofitted track retrofitted
15:39:23 | INFO     | t=2590.0: BATCH → Putting 2 wagons on retrofitted track retrofitted
15:39:23 | INFO     | t=2590.0: WAGON[W9274] → Added to retrofitted track retrofitted
15:39:23 | INFO     | t=2590.0: WAGON[W9776] → Added to retrofitted track retrofitted
15:39:23 | INFO     | t=2590.5: WORKSHOP[WS_02] → Released, notifying 1 waiting processes
15:39:23 | INFO     | t=2590.5: WORKSHOP → Workshop became available
15:39:23 | INFO     | t=2590.5: WORKSHOP[WS_02] → Selected for batch
15:39:23 | INFO     | t=2590.5: DISPATCHER → Assigned loco LOCO_01 to retrofitted_to_parking (waited 17.0 min, pending=2)
15:39:23 | INFO     | t=2590.5: WAGON[W8613] → Added to batch
15:39:23 | INFO     | t=2590.5: BATCH[W12208,W8613] → Formed 2 wagons for WS_02
15:39:23 | INFO     | t=2590.5: LOCO[LOCO_01] → Allocated for parking transport
15:39:23 | INFO     | t=2590.5: TRACK[retrofit] → Removed 2 wagons (47.1m freed)
15:39:23 | INFO     | t=2590.5: DISPATCHER → Task submitted: retrofit_to_workshop (pending=3)
15:39:23 | INFO     | t=2595.0: WORKSHOP[WS_01] → Released, notifying 0 waiting processes
15:39:23 | INFO     | t=2595.0: DISPATCHER → Assigned loco LOCO_02 to retrofit_to_workshop (waited 4.5 min, pending=2)
15:39:23 | INFO     | t=2595.0: RAKE[W12208,W8613] → COUPLING at retrofit (1 couplings, 2.0 min)
15:39:23 | INFO     | t=2595.0: WAGON[W10130] → Retrieved from retrofit queue
15:39:23 | INFO     | t=2595.0: WORKSHOP[WS_01] → Selected for batch
15:39:23 | INFO     | t=2595.0: WAGON[W9721] → Added to batch
15:39:23 | INFO     | t=2595.0: BATCH[W10130,W9721] → Formed 2 wagons for WS_01
15:39:23 | INFO     | t=2595.0: TRACK[retrofit] → Removed 2 wagons (36.6m freed)
15:39:23 | INFO     | t=2595.0: DISPATCHER → Task submitted: retrofit_to_workshop (pending=3)
15:39:23 | INFO     | t=2595.5: LOCO[LOCO_01] → TRAIN_PREP at retrofitted (coupling + prep, 3.0 min)
15:39:23 | INFO     | t=2602.0: LOCO[LOCO_02] → COUPLING at retrofit (2.0 min)
15:39:23 | INFO     | t=2604.0: LOCO[LOCO_02] → SHUNTING_PREP at retrofit (1.0 min)
15:39:23 | INFO     | t=2610.0: LOCO[LOCO_02] → DECOUPLING at WS_02 (3.0 min)
15:39:23 | INFO     | t=2613.0: RAKE[W12208,W8613] → DECOUPLING at WS_02 (1 couplings, 3.0 min)
15:39:23 | INFO     | t=2616.0: WAGON[W12208] → RETROFIT_STARTED at WS_02
15:39:23 | INFO     | t=2616.0: WAGON[W8613] → RETROFIT_STARTED at WS_02
15:39:23 | INFO     | t=2621.0: DISPATCHER → Assigned loco LOCO_02 to retrofit_to_workshop (waited 26.0 min, pending=2)
15:39:23 | INFO     | t=2621.0: RAKE[W10130,W9721] → COUPLING at retrofit (1 couplings, 2.0 min)
15:39:23 | INFO     | t=2621.0: WAGON[W9756] → Retrieved from retrofit queue
15:39:23 | INFO     | t=2621.0: WORKSHOP → No workshop available, waiting...
15:39:23 | INFO     | t=2628.0: LOCO[LOCO_02] → COUPLING at retrofit (2.0 min)
15:39:23 | INFO     | t=2630.0: LOCO[LOCO_02] → SHUNTING_PREP at retrofit (1.0 min)
15:39:23 | INFO     | t=2636.0: LOCO[LOCO_02] → DECOUPLING at WS_01 (3.0 min)
15:39:23 | INFO     | t=2639.0: RAKE[W10130,W9721] → DECOUPLING at WS_01 (1 couplings, 3.0 min)
15:39:23 | INFO     | t=2642.0: WAGON[W10130] → RETROFIT_STARTED at WS_01
15:39:23 | INFO     | t=2642.0: WAGON[W9721] → RETROFIT_STARTED at WS_01
15:39:23 | INFO     | t=2647.0: DISPATCHER → Assigned loco LOCO_02 to collection_to_retrofit (waited 269.0 min, pending=1)
15:39:23 | INFO     | EVENT_PUBLISHED: TrainArrivedEvent | train=T34 | time=2666.8
15:39:23 | INFO     | EVENT_HANDLING: TrainArrivedEvent -> RetrofitWorkshopContext._handle_train_arrived
15:39:23 | INFO     | EVENT_HANDLED: TrainArrivedEvent by RetrofitWorkshopContext._handle_train_arrived
15:39:23 | INFO     | t=2676.0: RAKE[W12208,W8613] → COUPLING at WS_02 (1 couplings, 0.5 min)
15:39:23 | INFO     | t=2676.5: LOCO → Allocating for pickup from WS_02
15:39:23 | INFO     | t=2676.5: DISPATCHER → Task submitted: workshop_to_retrofitted (pending=2)
15:39:23 | INFO     | t=2702.0: RAKE[W10130,W9721] → COUPLING at WS_01 (1 couplings, 0.5 min)
15:39:23 | INFO     | t=2702.5: LOCO → Allocating for pickup from WS_01
15:39:23 | INFO     | t=2702.5: DISPATCHER → Task submitted: workshop_to_retrofitted (pending=3)
15:39:23 | INFO     | t=2707.0: LOCO[LOCO_02] → TRAIN_PREP at collection (coupling + prep, 7.0 min)
15:39:23 | INFO     | EVENT_PUBLISHED: TrainArrivedEvent | train=T35 | time=2717.8
15:39:23 | INFO     | EVENT_HANDLING: TrainArrivedEvent -> RetrofitWorkshopContext._handle_train_arrived
15:39:23 | INFO     | EVENT_HANDLED: TrainArrivedEvent by RetrofitWorkshopContext._handle_train_arrived
15:39:23 | INFO     | t=2718.5: LOCO[LOCO_01] → DECOUPLING at parking16 (2.0 min)
15:39:23 | INFO     | t=2720.5: RAKE[W0049,W2535,W7970,W4849] → DECOUPLING at parking16 (3 couplings, 1.5 min)
15:39:23 | INFO     | t=2774.0: LOCO[LOCO_02] → DECOUPLING at retrofit (9.0 min)
15:39:23 | INFO     | t=2782.0: LOCO[LOCO_01] → Releasing
15:39:23 | INFO     | t=2782.0: LOCO[LOCO_01] → Released
15:39:23 | INFO     | t=2782.0: PARKING → Got wagon W2967 from retrofitted
15:39:23 | INFO     | t=2782.0: DISPATCHER → Assigned loco LOCO_01 to workshop_to_retrofitted (waited 105.5 min, pending=2)
15:39:23 | INFO     | t=2782.0: LOCO[LOCO_01] → Allocated for pickup
15:39:23 | INFO     | t=2782.0: LOCO → Allocating for parking transport
15:39:23 | INFO     | t=2782.0: DISPATCHER → Task submitted: retrofitted_to_parking (pending=3)
15:39:23 | INFO     | t=2783.0: RAKE[W0440,W11988,W12260] → DECOUPLING at retrofit (2 couplings, 6.0 min)
15:39:23 | INFO     | t=2789.0: LOCO[LOCO_01] → TRAIN_PREP completed at WS_02 (2.0 min)
15:39:23 | INFO     | t=2794.0: BATCH → Putting 2 wagons on retrofitted track retrofitted
15:39:23 | INFO     | t=2794.0: WAGON[W12208] → Added to retrofitted track retrofitted
15:39:23 | INFO     | t=2794.0: WAGON[W8613] → Added to retrofitted track retrofitted
15:39:23 | INFO     | t=2794.0: DISPATCHER → Assigned loco LOCO_02 to workshop_to_retrofitted (waited 91.5 min, pending=2)
15:39:23 | INFO     | t=2794.0: LOCO[LOCO_02] → Allocated for pickup
15:39:23 | INFO     | t=2794.0: Batch size limited by retrofit capacity: 5 wagons (86.6m) fits, 14 waiting
15:39:23 | INFO     | t=2794.0: COLLECTION → Reserving retrofit track capacity for 5 wagons
15:39:23 | INFO     | t=2794.0: COLLECTION → Capacity reserved, allocating locomotive
15:39:23 | INFO     | t=2794.0: DISPATCHER → Task submitted: collection_to_retrofit (pending=3)
15:39:23 | INFO     | t=2799.0: WORKSHOP[WS_02] → Released, notifying 1 waiting processes
15:39:23 | INFO     | t=2799.0: WORKSHOP → Workshop became available
15:39:23 | INFO     | t=2799.0: WORKSHOP[WS_02] → Selected for batch
15:39:23 | INFO     | t=2799.0: DISPATCHER → Assigned loco LOCO_01 to retrofitted_to_parking (waited 17.0 min, pending=2)
15:39:23 | INFO     | t=2799.0: WAGON[W11348] → Added to batch
15:39:23 | INFO     | t=2799.0: BATCH[W9756,W11348] → Formed 2 wagons for WS_02
15:39:23 | INFO     | t=2799.0: LOCO[LOCO_01] → Allocated for parking transport
15:39:23 | INFO     | t=2799.0: TRACK[retrofit] → Removed 2 wagons (39.8m freed)
15:39:23 | INFO     | t=2799.0: DISPATCHER → Task submitted: retrofit_to_workshop (pending=3)
15:39:23 | INFO     | t=2801.0: LOCO[LOCO_02] → TRAIN_PREP completed at WS_01 (2.0 min)
15:39:23 | INFO     | t=2804.0: LOCO[LOCO_01] → TRAIN_PREP at retrofitted (coupling + prep, 3.0 min)
15:39:23 | INFO     | t=2806.0: BATCH → Putting 2 wagons on retrofitted track retrofitted
15:39:23 | INFO     | t=2806.0: WAGON[W10130] → Added to retrofitted track retrofitted
15:39:23 | INFO     | t=2806.0: WAGON[W9721] → Added to retrofitted track retrofitted
15:39:23 | INFO     | t=2811.0: WORKSHOP[WS_01] → Released, notifying 0 waiting processes
15:39:23 | INFO     | t=2811.0: DISPATCHER → Assigned loco LOCO_02 to retrofit_to_workshop (waited 12.0 min, pending=2)
15:39:23 | INFO     | t=2811.0: RAKE[W9756,W11348] → COUPLING at retrofit (1 couplings, 2.0 min)
15:39:23 | INFO     | t=2811.0: WAGON[W12037] → Retrieved from retrofit queue
15:39:23 | INFO     | t=2811.0: WORKSHOP[WS_01] → Selected for batch
15:39:23 | INFO     | t=2811.0: WAGON[W3950] → Added to batch
15:39:23 | INFO     | t=2811.0: BATCH[W12037,W3950] → Formed 2 wagons for WS_01
15:39:23 | INFO     | t=2811.0: TRACK[retrofit] → Removed 2 wagons (43.1m freed)
15:39:23 | INFO     | t=2811.0: DISPATCHER → Task submitted: retrofit_to_workshop (pending=3)
15:39:23 | INFO     | t=2818.0: LOCO[LOCO_02] → COUPLING at retrofit (2.0 min)
15:39:23 | INFO     | t=2820.0: LOCO[LOCO_02] → SHUNTING_PREP at retrofit (1.0 min)
15:39:23 | INFO     | t=2826.0: LOCO[LOCO_02] → DECOUPLING at WS_02 (3.0 min)
15:39:23 | INFO     | t=2829.0: RAKE[W9756,W11348] → DECOUPLING at WS_02 (1 couplings, 3.0 min)
15:39:23 | INFO     | t=2832.0: WAGON[W9756] → RETROFIT_STARTED at WS_02
15:39:23 | INFO     | t=2832.0: WAGON[W11348] → RETROFIT_STARTED at WS_02
15:39:23 | INFO     | t=2837.0: DISPATCHER → Assigned loco LOCO_02 to retrofit_to_workshop (waited 26.0 min, pending=2)
15:39:23 | INFO     | t=2837.0: RAKE[W12037,W3950] → COUPLING at retrofit (1 couplings, 2.0 min)
15:39:23 | INFO     | t=2837.0: WAGON[W0440] → Retrieved from retrofit queue
15:39:23 | INFO     | t=2837.0: WORKSHOP → No workshop available, waiting...
15:39:23 | INFO     | t=2844.0: LOCO[LOCO_02] → COUPLING at retrofit (2.0 min)
15:39:23 | INFO     | EVENT_PUBLISHED: TrainArrivedEvent | train=T36 | time=2844.8
15:39:23 | INFO     | EVENT_HANDLING: TrainArrivedEvent -> RetrofitWorkshopContext._handle_train_arrived
15:39:23 | INFO     | EVENT_HANDLED: TrainArrivedEvent by RetrofitWorkshopContext._handle_train_arrived
15:39:23 | INFO     | t=2846.0: LOCO[LOCO_02] → SHUNTING_PREP at retrofit (1.0 min)
15:39:23 | INFO     | t=2852.0: LOCO[LOCO_02] → DECOUPLING at WS_01 (3.0 min)
15:39:23 | INFO     | t=2855.0: RAKE[W12037,W3950] → DECOUPLING at WS_01 (1 couplings, 3.0 min)
15:39:23 | INFO     | t=2858.0: WAGON[W12037] → RETROFIT_STARTED at WS_01
15:39:23 | INFO     | t=2858.0: WAGON[W3950] → RETROFIT_STARTED at WS_01
15:39:23 | INFO     | t=2863.0: DISPATCHER → Assigned loco LOCO_02 to collection_to_retrofit (waited 285.0 min, pending=1)
15:39:23 | INFO     | t=2892.0: RAKE[W9756,W11348] → COUPLING at WS_02 (1 couplings, 0.5 min)
15:39:23 | INFO     | t=2892.5: LOCO → Allocating for pickup from WS_02
15:39:23 | INFO     | t=2892.5: DISPATCHER → Task submitted: workshop_to_retrofitted (pending=2)
15:39:23 | INFO     | EVENT_PUBLISHED: TrainArrivedEvent | train=T37 | time=2894.8
15:39:23 | INFO     | EVENT_HANDLING: TrainArrivedEvent -> RetrofitWorkshopContext._handle_train_arrived
15:39:23 | INFO     | EVENT_HANDLED: TrainArrivedEvent by RetrofitWorkshopContext._handle_train_arrived
15:39:23 | INFO     | t=2918.0: RAKE[W12037,W3950] → COUPLING at WS_01 (1 couplings, 0.5 min)
15:39:23 | INFO     | t=2918.5: LOCO → Allocating for pickup from WS_01
15:39:23 | INFO     | t=2918.5: DISPATCHER → Task submitted: workshop_to_retrofitted (pending=3)
15:39:23 | INFO     | t=2923.0: LOCO[LOCO_02] → TRAIN_PREP at collection (coupling + prep, 9.0 min)
15:39:23 | INFO     | t=2927.0: LOCO[LOCO_01] → DECOUPLING at parking16 (2.0 min)
15:39:23 | INFO     | t=2929.0: RAKE[W2967,W9392,W9274,W9776] → DECOUPLING at parking16 (3 couplings, 1.5 min)
15:39:23 | INFO     | EVENT_PUBLISHED: TrainArrivedEvent | train=T38 | time=2950.2
15:39:23 | INFO     | EVENT_HANDLING: TrainArrivedEvent -> RetrofitWorkshopContext._handle_train_arrived
15:39:23 | INFO     | EVENT_HANDLED: TrainArrivedEvent by RetrofitWorkshopContext._handle_train_arrived
15:39:23 | INFO     | EVENT_PUBLISHED: TrainArrivedEvent | train=T39 | time=2954.2
15:39:23 | INFO     | EVENT_HANDLING: TrainArrivedEvent -> RetrofitWorkshopContext._handle_train_arrived
15:39:23 | INFO     | EVENT_HANDLED: TrainArrivedEvent by RetrofitWorkshopContext._handle_train_arrived
15:39:23 | INFO     | t=2990.5: LOCO[LOCO_01] → Releasing
15:39:23 | INFO     | t=2990.5: LOCO[LOCO_01] → Released
15:39:23 | INFO     | t=2990.5: PARKING → Got wagon W12208 from retrofitted
15:39:23 | INFO     | t=2990.5: DISPATCHER → Assigned loco LOCO_01 to workshop_to_retrofitted (waited 98.0 min, pending=2)
15:39:23 | INFO     | t=2990.5: LOCO[LOCO_01] → Allocated for pickup
15:39:23 | INFO     | t=2990.5: LOCO → Allocating for parking transport
15:39:23 | INFO     | t=2990.5: DISPATCHER → Task submitted: retrofitted_to_parking (pending=3)
15:39:23 | INFO     | t=2992.0: LOCO[LOCO_02] → DECOUPLING at retrofit (12.0 min)
15:39:23 | INFO     | t=2997.5: LOCO[LOCO_01] → TRAIN_PREP completed at WS_02 (2.0 min)
15:39:23 | INFO     | t=3002.5: BATCH → Putting 2 wagons on retrofitted track retrofitted
15:39:23 | INFO     | t=3002.5: WAGON[W9756] → Added to retrofitted track retrofitted
15:39:23 | INFO     | t=3002.5: WAGON[W11348] → Added to retrofitted track retrofitted
15:39:23 | INFO     | t=3004.0: RAKE[W7997,W8626,W9174,W9169] → DECOUPLING at retrofit (3 couplings, 9.0 min)
15:39:23 | INFO     | t=3007.5: WORKSHOP[WS_02] → Released, notifying 1 waiting processes
15:39:23 | INFO     | t=3007.5: WORKSHOP → Workshop became available
15:39:23 | INFO     | t=3007.5: WORKSHOP[WS_02] → Selected for batch
15:39:23 | INFO     | t=3007.5: DISPATCHER → Assigned loco LOCO_01 to workshop_to_retrofitted (waited 89.0 min, pending=2)
15:39:23 | INFO     | t=3007.5: WAGON[W11988] → Added to batch
15:39:23 | INFO     | t=3007.5: BATCH[W0440,W11988] → Formed 2 wagons for WS_02
15:39:23 | INFO     | t=3007.5: LOCO[LOCO_01] → Allocated for pickup
15:39:23 | INFO     | t=3007.5: TRACK[retrofit] → Removed 2 wagons (37.3m freed)
15:39:23 | INFO     | t=3007.5: DISPATCHER → Task submitted: retrofit_to_workshop (pending=3)
15:39:23 | INFO     | t=3014.5: LOCO[LOCO_01] → TRAIN_PREP completed at WS_01 (2.0 min)
15:39:23 | INFO     | t=3018.0: DISPATCHER → Assigned loco LOCO_02 to retrofit_to_workshop (waited 10.5 min, pending=2)
15:39:23 | INFO     | t=3018.0: RAKE[W0440,W11988] → COUPLING at retrofit (1 couplings, 2.0 min)
15:39:23 | INFO     | t=3018.0: WAGON[W12260] → Retrieved from retrofit queue
15:39:23 | INFO     | t=3018.0: WORKSHOP → No workshop available, waiting...
15:39:23 | INFO     | t=3018.0: Batch size limited by retrofit capacity: 7 wagons (119.4m) fits, 14 waiting
15:39:23 | INFO     | t=3018.0: COLLECTION → Reserving retrofit track capacity for 7 wagons
15:39:23 | INFO     | t=3018.0: COLLECTION → Capacity reserved, allocating locomotive
15:39:23 | INFO     | t=3018.0: DISPATCHER → Task submitted: collection_to_retrofit (pending=3)
15:39:23 | INFO     | t=3019.5: BATCH → Putting 2 wagons on retrofitted track retrofitted
15:39:23 | INFO     | t=3019.5: WAGON[W12037] → Added to retrofitted track retrofitted
15:39:23 | INFO     | t=3019.5: WAGON[W3950] → Added to retrofitted track retrofitted
15:39:23 | INFO     | t=3024.5: WORKSHOP[WS_01] → Released, notifying 1 waiting processes
15:39:23 | INFO     | t=3024.5: WORKSHOP → Workshop became available
15:39:23 | INFO     | t=3024.5: WORKSHOP[WS_01] → Selected for batch
15:39:23 | INFO     | t=3024.5: DISPATCHER → Assigned loco LOCO_01 to retrofitted_to_parking (waited 34.0 min, pending=2)
15:39:23 | INFO     | t=3024.5: WAGON[W7997] → Added to batch
15:39:23 | INFO     | t=3024.5: BATCH[W12260,W7997] → Formed 2 wagons for WS_01
15:39:23 | INFO     | t=3024.5: LOCO[LOCO_01] → Allocated for parking transport
15:39:23 | INFO     | t=3024.5: TRACK[retrofit] → Removed 2 wagons (45.6m freed)
15:39:23 | INFO     | t=3024.5: DISPATCHER → Task submitted: retrofit_to_workshop (pending=3)
15:39:23 | INFO     | t=3025.0: LOCO[LOCO_02] → COUPLING at retrofit (2.0 min)
15:39:23 | INFO     | EVENT_PUBLISHED: TrainArrivedEvent | train=T40 | time=3026.8
15:39:23 | INFO     | EVENT_HANDLING: TrainArrivedEvent -> RetrofitWorkshopContext._handle_train_arrived
15:39:23 | INFO     | EVENT_HANDLED: TrainArrivedEvent by RetrofitWorkshopContext._handle_train_arrived
15:39:23 | INFO     | t=3027.0: LOCO[LOCO_02] → SHUNTING_PREP at retrofit (1.0 min)
15:39:23 | INFO     | t=3029.5: LOCO[LOCO_01] → TRAIN_PREP at retrofitted (coupling + prep, 3.0 min)
15:39:23 | INFO     | t=3033.0: LOCO[LOCO_02] → DECOUPLING at WS_02 (3.0 min)
15:39:23 | INFO     | t=3036.0: RAKE[W0440,W11988] → DECOUPLING at WS_02 (1 couplings, 3.0 min)
15:39:23 | INFO     | t=3039.0: WAGON[W0440] → RETROFIT_STARTED at WS_02
15:39:23 | INFO     | t=3039.0: WAGON[W11988] → RETROFIT_STARTED at WS_02
15:39:23 | INFO     | t=3044.0: DISPATCHER → Assigned loco LOCO_02 to retrofit_to_workshop (waited 19.5 min, pending=2)
15:39:23 | INFO     | t=3044.0: RAKE[W12260,W7997] → COUPLING at retrofit (1 couplings, 2.0 min)
15:39:23 | INFO     | t=3044.0: WAGON[W8626] → Retrieved from retrofit queue
15:39:23 | INFO     | t=3044.0: WORKSHOP → No workshop available, waiting...
15:39:23 | INFO     | t=3051.0: LOCO[LOCO_02] → COUPLING at retrofit (2.0 min)
15:39:23 | INFO     | t=3053.0: LOCO[LOCO_02] → SHUNTING_PREP at retrofit (1.0 min)
15:39:23 | INFO     | t=3059.0: LOCO[LOCO_02] → DECOUPLING at WS_01 (3.0 min)
15:39:23 | INFO     | t=3062.0: RAKE[W12260,W7997] → DECOUPLING at WS_01 (1 couplings, 3.0 min)
15:39:23 | INFO     | EVENT_PUBLISHED: TrainArrivedEvent | train=T41 | time=3064.0
15:39:23 | INFO     | EVENT_HANDLING: TrainArrivedEvent -> RetrofitWorkshopContext._handle_train_arrived
15:39:23 | INFO     | EVENT_HANDLED: TrainArrivedEvent by RetrofitWorkshopContext._handle_train_arrived
15:39:23 | INFO     | t=3065.0: WAGON[W12260] → RETROFIT_STARTED at WS_01
15:39:23 | INFO     | t=3065.0: WAGON[W7997] → RETROFIT_STARTED at WS_01
15:39:23 | INFO     | t=3070.0: DISPATCHER → Assigned loco LOCO_02 to collection_to_retrofit (waited 276.0 min, pending=1)
15:39:23 | INFO     | t=3099.0: RAKE[W0440,W11988] → COUPLING at WS_02 (1 couplings, 0.5 min)
15:39:23 | INFO     | t=3099.5: LOCO → Allocating for pickup from WS_02
15:39:23 | INFO     | t=3099.5: DISPATCHER → Task submitted: workshop_to_retrofitted (pending=2)
15:39:23 | INFO     | t=3125.0: RAKE[W12260,W7997] → COUPLING at WS_01 (1 couplings, 0.5 min)
15:39:23 | INFO     | t=3125.5: LOCO → Allocating for pickup from WS_01
15:39:23 | INFO     | t=3125.5: DISPATCHER → Task submitted: workshop_to_retrofitted (pending=3)
15:39:23 | INFO     | t=3130.0: LOCO[LOCO_02] → TRAIN_PREP at collection (coupling + prep, 11.0 min)
15:39:23 | INFO     | t=3152.5: LOCO[LOCO_01] → DECOUPLING at parking16 (2.0 min)
15:39:23 | INFO     | t=3154.5: RAKE[W12208,W8613,W10130,W9721] → DECOUPLING at parking16 (3 couplings, 1.5 min)
15:39:23 | INFO     | EVENT_PUBLISHED: TrainArrivedEvent | train=T42 | time=3190.8
15:39:23 | INFO     | EVENT_HANDLING: TrainArrivedEvent -> RetrofitWorkshopContext._handle_train_arrived
15:39:23 | INFO     | EVENT_HANDLED: TrainArrivedEvent by RetrofitWorkshopContext._handle_train_arrived
15:39:23 | INFO     | t=3201.0: LOCO[LOCO_02] → DECOUPLING at retrofit (15.0 min)
15:39:23 | INFO     | t=3216.0: LOCO[LOCO_01] → Releasing
15:39:23 | INFO     | t=3216.0: RAKE[W0130,W9352,W2980,W2406,W2399] → DECOUPLING at retrofit (4 couplings, 12.0 min)
15:39:23 | INFO     | t=3216.0: LOCO[LOCO_01] → Released
15:39:23 | INFO     | t=3216.0: PARKING → Got wagon W9756 from retrofitted
15:39:23 | INFO     | t=3216.0: DISPATCHER → Assigned loco LOCO_01 to workshop_to_retrofitted (waited 116.5 min, pending=2)
15:39:23 | INFO     | t=3216.0: LOCO[LOCO_01] → Allocated for pickup
15:39:23 | INFO     | t=3216.0: LOCO → Allocating for parking transport
15:39:23 | INFO     | t=3216.0: DISPATCHER → Task submitted: retrofitted_to_parking (pending=3)
15:39:23 | INFO     | t=3223.0: LOCO[LOCO_01] → TRAIN_PREP completed at WS_02 (2.0 min)
15:39:23 | INFO     | t=3228.0: BATCH → Putting 2 wagons on retrofitted track retrofitted
15:39:23 | INFO     | t=3228.0: WAGON[W0440] → Added to retrofitted track retrofitted
15:39:23 | INFO     | t=3228.0: WAGON[W11988] → Added to retrofitted track retrofitted
15:39:23 | INFO     | t=3233.0: WORKSHOP[WS_02] → Released, notifying 1 waiting processes
15:39:23 | INFO     | t=3233.0: WORKSHOP → Workshop became available
15:39:23 | INFO     | t=3233.0: WORKSHOP[WS_02] → Selected for batch
15:39:23 | INFO     | t=3233.0: DISPATCHER → Assigned loco LOCO_02 to workshop_to_retrofitted (waited 107.5 min, pending=2)
15:39:23 | INFO     | t=3233.0: Batch size limited by retrofit capacity: 2 wagons (46.5m) fits, 18 waiting
15:39:23 | INFO     | t=3233.0: WAGON[W9174] → Added to batch
15:39:23 | INFO     | t=3233.0: BATCH[W8626,W9174] → Formed 2 wagons for WS_02
15:39:23 | INFO     | t=3233.0: LOCO[LOCO_02] → Allocated for pickup
15:39:23 | INFO     | t=3233.0: COLLECTION → Reserving retrofit track capacity for 2 wagons
15:39:23 | INFO     | t=3233.0: TRACK[retrofit] → Removed 2 wagons (40.9m freed)
15:39:23 | INFO     | t=3233.0: DISPATCHER → Task submitted: retrofit_to_workshop (pending=3)
15:39:23 | INFO     | t=3233.0: DISPATCHER → Assigned loco LOCO_01 to retrofit_to_workshop (waited 0.0 min, pending=2)
15:39:23 | INFO     | t=3233.0: COLLECTION → Capacity reserved, allocating locomotive
15:39:23 | INFO     | t=3233.0: DISPATCHER → Task submitted: collection_to_retrofit (pending=3)
15:39:23 | INFO     | t=3233.0: RAKE[W8626,W9174] → COUPLING at retrofit (1 couplings, 2.0 min)
15:39:23 | INFO     | t=3233.0: WAGON[W9169] → Retrieved from retrofit queue
15:39:23 | INFO     | t=3233.0: WORKSHOP → No workshop available, waiting...
15:39:23 | INFO     | EVENT_PUBLISHED: TrainArrivedEvent | train=T43 | time=3237.2
15:39:23 | INFO     | EVENT_HANDLING: TrainArrivedEvent -> RetrofitWorkshopContext._handle_train_arrived
15:39:23 | INFO     | EVENT_HANDLED: TrainArrivedEvent by RetrofitWorkshopContext._handle_train_arrived
15:39:23 | INFO     | EVENT_PUBLISHED: TrainArrivedEvent | train=T44 | time=3239.2
15:39:23 | INFO     | EVENT_HANDLING: TrainArrivedEvent -> RetrofitWorkshopContext._handle_train_arrived
15:39:23 | INFO     | EVENT_HANDLED: TrainArrivedEvent by RetrofitWorkshopContext._handle_train_arrived
15:39:23 | INFO     | t=3240.0: LOCO[LOCO_01] → COUPLING at retrofit (2.0 min)
15:39:23 | INFO     | t=3240.0: LOCO[LOCO_02] → TRAIN_PREP completed at WS_01 (2.0 min)
15:39:23 | INFO     | t=3242.0: LOCO[LOCO_01] → SHUNTING_PREP at retrofit (1.0 min)
15:39:23 | INFO     | t=3245.0: BATCH → Putting 2 wagons on retrofitted track retrofitted
15:39:23 | INFO     | t=3245.0: WAGON[W12260] → Added to retrofitted track retrofitted
15:39:23 | INFO     | t=3245.0: WAGON[W7997] → Added to retrofitted track retrofitted
15:39:23 | INFO     | t=3248.0: LOCO[LOCO_01] → DECOUPLING at WS_02 (3.0 min)
15:39:23 | INFO     | t=3250.0: WORKSHOP[WS_01] → Released, notifying 1 waiting processes
15:39:23 | INFO     | t=3250.0: WORKSHOP → Workshop became available
15:39:23 | INFO     | t=3250.0: WORKSHOP[WS_01] → Selected for batch
15:39:23 | INFO     | t=3250.0: DISPATCHER → Assigned loco LOCO_02 to retrofitted_to_parking (waited 34.0 min, pending=2)
15:39:23 | INFO     | t=3250.0: WAGON[W0130] → Added to batch
15:39:23 | INFO     | t=3250.0: BATCH[W9169,W0130] → Formed 2 wagons for WS_01
15:39:23 | INFO     | t=3250.0: LOCO[LOCO_02] → Allocated for parking transport
15:39:23 | INFO     | t=3250.0: TRACK[retrofit] → Removed 2 wagons (32.5m freed)
15:39:23 | INFO     | t=3250.0: DISPATCHER → Task submitted: retrofit_to_workshop (pending=3)
15:39:23 | INFO     | t=3251.0: RAKE[W8626,W9174] → DECOUPLING at WS_02 (1 couplings, 3.0 min)
15:39:23 | INFO     | t=3254.0: WAGON[W8626] → RETROFIT_STARTED at WS_02
15:39:23 | INFO     | t=3254.0: WAGON[W9174] → RETROFIT_STARTED at WS_02
15:39:23 | INFO     | t=3255.0: LOCO[LOCO_02] → TRAIN_PREP at retrofitted (coupling + prep, 3.0 min)
15:39:23 | INFO     | t=3259.0: DISPATCHER → Assigned loco LOCO_01 to retrofit_to_workshop (waited 9.0 min, pending=2)
15:39:23 | INFO     | t=3259.0: RAKE[W9169,W0130] → COUPLING at retrofit (1 couplings, 2.0 min)
15:39:23 | INFO     | t=3259.0: WAGON[W9352] → Retrieved from retrofit queue
15:39:23 | INFO     | t=3259.0: WORKSHOP → No workshop available, waiting...
15:39:23 | INFO     | t=3266.0: LOCO[LOCO_01] → COUPLING at retrofit (2.0 min)
15:39:23 | INFO     | t=3268.0: LOCO[LOCO_01] → SHUNTING_PREP at retrofit (1.0 min)
15:39:23 | INFO     | t=3274.0: LOCO[LOCO_01] → DECOUPLING at WS_01 (3.0 min)
15:39:23 | INFO     | t=3277.0: RAKE[W9169,W0130] → DECOUPLING at WS_01 (1 couplings, 3.0 min)
15:39:23 | INFO     | t=3280.0: WAGON[W9169] → RETROFIT_STARTED at WS_01
15:39:23 | INFO     | t=3280.0: WAGON[W0130] → RETROFIT_STARTED at WS_01
15:39:23 | INFO     | t=3285.0: DISPATCHER → Assigned loco LOCO_01 to collection_to_retrofit (waited 267.0 min, pending=1)
15:39:23 | INFO     | EVENT_PUBLISHED: TrainArrivedEvent | train=T45 | time=3287.2
15:39:23 | INFO     | EVENT_HANDLING: TrainArrivedEvent -> RetrofitWorkshopContext._handle_train_arrived
15:39:23 | INFO     | EVENT_HANDLED: TrainArrivedEvent by RetrofitWorkshopContext._handle_train_arrived
15:39:23 | INFO     | EVENT_PUBLISHED: TrainArrivedEvent | train=T46 | time=3299.0
15:39:23 | INFO     | EVENT_HANDLING: TrainArrivedEvent -> RetrofitWorkshopContext._handle_train_arrived
15:39:23 | INFO     | EVENT_HANDLED: TrainArrivedEvent by RetrofitWorkshopContext._handle_train_arrived
15:39:23 | INFO     | t=3314.0: RAKE[W8626,W9174] → COUPLING at WS_02 (1 couplings, 0.5 min)
15:39:23 | INFO     | t=3314.5: LOCO → Allocating for pickup from WS_02
15:39:23 | INFO     | t=3314.5: DISPATCHER → Task submitted: workshop_to_retrofitted (pending=2)
15:39:23 | INFO     | t=3340.0: RAKE[W9169,W0130] → COUPLING at WS_01 (1 couplings, 0.5 min)
15:39:23 | INFO     | t=3340.5: LOCO → Allocating for pickup from WS_01
15:39:23 | INFO     | t=3340.5: DISPATCHER → Task submitted: workshop_to_retrofitted (pending=3)
15:39:23 | INFO     | t=3345.0: LOCO[LOCO_01] → TRAIN_PREP at collection (coupling + prep, 15.0 min)
15:39:23 | INFO     | t=3378.0: LOCO[LOCO_02] → DECOUPLING at parking16 (2.0 min)
15:39:23 | INFO     | t=3380.0: RAKE[W9756,W11348,W12037,W3950] → DECOUPLING at parking16 (3 couplings, 1.5 min)
15:39:23 | INFO     | EVENT_PUBLISHED: TrainArrivedEvent | train=T47 | time=3383.0
15:39:23 | INFO     | EVENT_HANDLING: TrainArrivedEvent -> RetrofitWorkshopContext._handle_train_arrived
15:39:23 | INFO     | EVENT_HANDLED: TrainArrivedEvent by RetrofitWorkshopContext._handle_train_arrived
15:39:23 | INFO     | t=3420.0: LOCO[LOCO_01] → DECOUPLING at retrofit (21.0 min)
15:39:23 | INFO     | t=3441.0: RAKE[W9173,W6140,W10364,W6077,W9270,W9276,W11578] → DECOUPLING at retrofit (6 couplings, 18.0 min)
15:39:23 | INFO     | t=3441.5: LOCO[LOCO_02] → Releasing
15:39:23 | INFO     | t=3441.5: LOCO[LOCO_02] → Released
15:39:23 | INFO     | t=3441.5: PARKING → Got wagon W0440 from retrofitted
15:39:23 | INFO     | t=3441.5: DISPATCHER → Assigned loco LOCO_02 to workshop_to_retrofitted (waited 127.0 min, pending=2)
15:39:23 | INFO     | t=3441.5: LOCO[LOCO_02] → Allocated for pickup
15:39:23 | INFO     | t=3441.5: LOCO → Allocating for parking transport
15:39:23 | INFO     | t=3441.5: DISPATCHER → Task submitted: retrofitted_to_parking (pending=3)
15:39:23 | INFO     | t=3448.5: LOCO[LOCO_02] → TRAIN_PREP completed at WS_02 (2.0 min)
15:39:23 | INFO     | t=3453.5: BATCH → Putting 2 wagons on retrofitted track retrofitted
15:39:23 | INFO     | t=3453.5: WAGON[W8626] → Added to retrofitted track retrofitted
15:39:23 | INFO     | t=3453.5: WAGON[W9174] → Added to retrofitted track retrofitted
15:39:23 | INFO     | t=3458.5: WORKSHOP[WS_02] → Released, notifying 1 waiting processes
15:39:23 | INFO     | t=3458.5: WORKSHOP → Workshop became available
15:39:23 | INFO     | t=3458.5: WORKSHOP[WS_02] → Selected for batch
15:39:23 | INFO     | t=3458.5: DISPATCHER → Assigned loco LOCO_02 to workshop_to_retrofitted (waited 118.0 min, pending=2)
15:39:23 | INFO     | t=3458.5: WAGON[W2980] → Added to batch
15:39:23 | INFO     | t=3458.5: BATCH[W9352,W2980] → Formed 2 wagons for WS_02
15:39:23 | INFO     | t=3458.5: LOCO[LOCO_02] → Allocated for pickup
15:39:23 | INFO     | t=3458.5: TRACK[retrofit] → Removed 2 wagons (39.3m freed)
15:39:23 | INFO     | t=3458.5: DISPATCHER → Task submitted: retrofit_to_workshop (pending=3)
15:39:23 | INFO     | t=3464.0: DISPATCHER → Assigned loco LOCO_01 to retrofit_to_workshop (waited 5.5 min, pending=2)
15:39:23 | INFO     | t=3464.0: RAKE[W9352,W2980] → COUPLING at retrofit (1 couplings, 2.0 min)
15:39:23 | INFO     | t=3464.0: WAGON[W2406] → Retrieved from retrofit queue
15:39:23 | INFO     | t=3464.0: WORKSHOP → No workshop available, waiting...
15:39:23 | INFO     | t=3464.0: Batch size limited by retrofit capacity: 6 wagons (115.6m) fits, 16 waiting
15:39:23 | INFO     | t=3464.0: COLLECTION → Reserving retrofit track capacity for 6 wagons
15:39:23 | INFO     | t=3464.0: COLLECTION → Capacity reserved, allocating locomotive
15:39:23 | INFO     | t=3464.0: DISPATCHER → Task submitted: collection_to_retrofit (pending=3)
15:39:23 | INFO     | t=3465.5: LOCO[LOCO_02] → TRAIN_PREP completed at WS_01 (2.0 min)
15:39:23 | INFO     | t=3470.5: BATCH → Putting 2 wagons on retrofitted track retrofitted
15:39:23 | INFO     | t=3470.5: WAGON[W9169] → Added to retrofitted track retrofitted
15:39:23 | INFO     | t=3470.5: WAGON[W0130] → Added to retrofitted track retrofitted
15:39:23 | INFO     | t=3471.0: LOCO[LOCO_01] → COUPLING at retrofit (2.0 min)
15:39:23 | INFO     | t=3473.0: LOCO[LOCO_01] → SHUNTING_PREP at retrofit (1.0 min)
15:39:23 | INFO     | t=3475.5: WORKSHOP[WS_01] → Released, notifying 1 waiting processes
15:39:23 | INFO     | t=3475.5: WORKSHOP → Workshop became available
15:39:23 | INFO     | t=3475.5: WORKSHOP[WS_01] → Selected for batch
15:39:23 | INFO     | t=3475.5: DISPATCHER → Assigned loco LOCO_02 to retrofitted_to_parking (waited 34.0 min, pending=2)
15:39:23 | INFO     | t=3475.5: WAGON[W2399] → Added to batch
15:39:23 | INFO     | t=3475.5: BATCH[W2406,W2399] → Formed 2 wagons for WS_01
15:39:23 | INFO     | t=3475.5: LOCO[LOCO_02] → Allocated for parking transport
15:39:23 | INFO     | t=3475.5: TRACK[retrofit] → Removed 2 wagons (31.8m freed)
15:39:23 | INFO     | t=3475.5: DISPATCHER → Task submitted: retrofit_to_workshop (pending=3)
15:39:23 | INFO     | t=3479.0: LOCO[LOCO_01] → DECOUPLING at WS_02 (3.0 min)
15:39:23 | INFO     | t=3480.5: LOCO[LOCO_02] → TRAIN_PREP at retrofitted (coupling + prep, 3.0 min)
15:39:23 | INFO     | t=3482.0: RAKE[W9352,W2980] → DECOUPLING at WS_02 (1 couplings, 3.0 min)
15:39:23 | INFO     | t=3485.0: WAGON[W9352] → RETROFIT_STARTED at WS_02
15:39:23 | INFO     | t=3485.0: WAGON[W2980] → RETROFIT_STARTED at WS_02
15:39:23 | INFO     | t=3490.0: DISPATCHER → Assigned loco LOCO_01 to retrofit_to_workshop (waited 14.5 min, pending=2)
15:39:23 | INFO     | t=3490.0: RAKE[W2406,W2399] → COUPLING at retrofit (1 couplings, 2.0 min)
15:39:23 | INFO     | t=3490.0: WAGON[W9173] → Retrieved from retrofit queue
15:39:23 | INFO     | t=3490.0: WORKSHOP → No workshop available, waiting...
15:39:23 | INFO     | t=3497.0: LOCO[LOCO_01] → COUPLING at retrofit (2.0 min)
15:39:23 | INFO     | t=3499.0: LOCO[LOCO_01] → SHUNTING_PREP at retrofit (1.0 min)
15:39:23 | INFO     | t=3505.0: LOCO[LOCO_01] → DECOUPLING at WS_01 (3.0 min)
15:39:23 | INFO     | t=3508.0: RAKE[W2406,W2399] → DECOUPLING at WS_01 (1 couplings, 3.0 min)
15:39:23 | INFO     | t=3511.0: WAGON[W2406] → RETROFIT_STARTED at WS_01
15:39:23 | INFO     | t=3511.0: WAGON[W2399] → RETROFIT_STARTED at WS_01
15:39:23 | INFO     | t=3516.0: DISPATCHER → Assigned loco LOCO_01 to collection_to_retrofit (waited 283.0 min, pending=1)
15:39:23 | INFO     | t=3545.0: RAKE[W9352,W2980] → COUPLING at WS_02 (1 couplings, 0.5 min)
15:39:23 | INFO     | t=3545.5: LOCO → Allocating for pickup from WS_02
15:39:23 | INFO     | t=3545.5: DISPATCHER → Task submitted: workshop_to_retrofitted (pending=2)
15:39:23 | INFO     | EVENT_PUBLISHED: TrainArrivedEvent | train=T48 | time=3557.8
15:39:23 | INFO     | EVENT_HANDLING: TrainArrivedEvent -> RetrofitWorkshopContext._handle_train_arrived
15:39:23 | INFO     | EVENT_HANDLED: TrainArrivedEvent by RetrofitWorkshopContext._handle_train_arrived
15:39:23 | INFO     | t=3571.0: RAKE[W2406,W2399] → COUPLING at WS_01 (1 couplings, 0.5 min)
15:39:23 | INFO     | t=3571.5: LOCO → Allocating for pickup from WS_01
15:39:23 | INFO     | t=3571.5: DISPATCHER → Task submitted: workshop_to_retrofitted (pending=3)
15:39:23 | INFO     | t=3576.0: LOCO[LOCO_01] → TRAIN_PREP at collection (coupling + prep, 5.0 min)
15:39:23 | INFO     | t=3603.5: LOCO[LOCO_02] → DECOUPLING at parking16 (2.0 min)
15:39:23 | INFO     | t=3605.5: RAKE[W0440,W11988,W12260,W7997] → DECOUPLING at parking16 (3 couplings, 1.5 min)
15:39:23 | INFO     | t=3641.0: LOCO[LOCO_01] → DECOUPLING at retrofit (6.0 min)
15:39:23 | INFO     | t=3647.0: RAKE[W9868,W12060] → DECOUPLING at retrofit (1 couplings, 3.0 min)
15:39:23 | INFO     | t=3655.0: Batch size limited by retrofit capacity: 1 wagons (23.2m) fits, 20 waiting
15:39:23 | INFO     | t=3655.0: DISPATCHER → Assigned loco LOCO_01 to workshop_to_retrofitted (waited 109.5 min, pending=2)
15:39:23 | INFO     | t=3655.0: COLLECTION → Reserving retrofit track capacity for 1 wagons
15:39:23 | INFO     | t=3655.0: LOCO[LOCO_01] → Allocated for pickup
15:39:23 | INFO     | t=3655.0: COLLECTION → Capacity reserved, allocating locomotive
15:39:23 | INFO     | t=3655.0: DISPATCHER → Task submitted: collection_to_retrofit (pending=3)
15:39:23 | INFO     | t=3662.0: LOCO[LOCO_01] → TRAIN_PREP completed at WS_02 (2.0 min)
15:39:23 | INFO     | t=3667.0: LOCO[LOCO_02] → Releasing
15:39:23 | INFO     | t=3667.0: BATCH → Putting 2 wagons on retrofitted track retrofitted
15:39:23 | INFO     | t=3667.0: LOCO[LOCO_02] → Released
15:39:23 | INFO     | t=3667.0: WAGON[W9352] → Added to retrofitted track retrofitted
15:39:23 | INFO     | t=3667.0: WAGON[W2980] → Added to retrofitted track retrofitted
15:39:23 | INFO     | t=3667.0: PARKING → Got wagon W8626 from retrofitted
15:39:23 | INFO     | t=3667.0: DISPATCHER → Assigned loco LOCO_02 to workshop_to_retrofitted (waited 95.5 min, pending=2)
15:39:23 | INFO     | t=3667.0: LOCO[LOCO_02] → Allocated for pickup
15:39:23 | INFO     | t=3667.0: LOCO → Allocating for parking transport
15:39:23 | INFO     | t=3667.0: DISPATCHER → Task submitted: retrofitted_to_parking (pending=3)
15:39:23 | INFO     | t=3672.0: WORKSHOP[WS_02] → Released, notifying 1 waiting processes
15:39:23 | INFO     | t=3672.0: WORKSHOP → Workshop became available
15:39:23 | INFO     | t=3672.0: WORKSHOP[WS_02] → Selected for batch
15:39:23 | INFO     | t=3672.0: DISPATCHER → Assigned loco LOCO_01 to retrofitted_to_parking (waited 5.0 min, pending=2)
15:39:23 | INFO     | t=3672.0: WAGON[W6140] → Added to batch
15:39:23 | INFO     | t=3672.0: BATCH[W9173,W6140] → Formed 2 wagons for WS_02
15:39:23 | INFO     | t=3672.0: LOCO[LOCO_01] → Allocated for parking transport
15:39:23 | INFO     | t=3672.0: TRACK[retrofit] → Removed 2 wagons (31.0m freed)
15:39:23 | INFO     | t=3672.0: DISPATCHER → Task submitted: retrofit_to_workshop (pending=3)
15:39:23 | INFO     | t=3674.0: LOCO[LOCO_02] → TRAIN_PREP completed at WS_01 (2.0 min)
15:39:23 | INFO     | t=3677.0: LOCO[LOCO_01] → TRAIN_PREP at retrofitted (coupling + prep, 4.0 min)
15:39:23 | INFO     | t=3679.0: BATCH → Putting 2 wagons on retrofitted track retrofitted
15:39:23 | INFO     | t=3679.0: WAGON[W2406] → Added to retrofitted track retrofitted
15:39:23 | INFO     | t=3679.0: WAGON[W2399] → Added to retrofitted track retrofitted
15:39:23 | INFO     | t=3684.0: WORKSHOP[WS_01] → Released, notifying 0 waiting processes
15:39:23 | INFO     | t=3684.0: DISPATCHER → Assigned loco LOCO_02 to retrofit_to_workshop (waited 12.0 min, pending=2)
15:39:23 | INFO     | t=3684.0: RAKE[W9173,W6140] → COUPLING at retrofit (1 couplings, 2.0 min)
15:39:23 | INFO     | t=3684.0: WAGON[W10364] → Retrieved from retrofit queue
15:39:23 | INFO     | t=3684.0: WORKSHOP[WS_01] → Selected for batch
15:39:23 | INFO     | t=3684.0: WAGON[W6077] → Added to batch
15:39:23 | INFO     | t=3684.0: BATCH[W10364,W6077] → Formed 2 wagons for WS_01
15:39:23 | INFO     | t=3684.0: TRACK[retrofit] → Removed 2 wagons (33.9m freed)
15:39:23 | INFO     | t=3684.0: DISPATCHER → Task submitted: retrofit_to_workshop (pending=3)
15:39:23 | INFO     | t=3691.0: LOCO[LOCO_02] → COUPLING at retrofit (2.0 min)
15:39:23 | INFO     | t=3693.0: LOCO[LOCO_02] → SHUNTING_PREP at retrofit (1.0 min)
15:39:23 | INFO     | t=3699.0: LOCO[LOCO_02] → DECOUPLING at WS_02 (3.0 min)
15:39:23 | INFO     | t=3702.0: RAKE[W9173,W6140] → DECOUPLING at WS_02 (1 couplings, 3.0 min)
15:39:23 | INFO     | t=3705.0: WAGON[W9173] → RETROFIT_STARTED at WS_02
15:39:23 | INFO     | t=3705.0: WAGON[W6140] → RETROFIT_STARTED at WS_02
15:39:23 | INFO     | t=3710.0: DISPATCHER → Assigned loco LOCO_02 to retrofit_to_workshop (waited 26.0 min, pending=2)
15:39:23 | INFO     | t=3710.0: RAKE[W10364,W6077] → COUPLING at retrofit (1 couplings, 2.0 min)
15:39:23 | INFO     | t=3710.0: WAGON[W9270] → Retrieved from retrofit queue
15:39:23 | INFO     | t=3710.0: WORKSHOP → No workshop available, waiting...
15:39:23 | INFO     | t=3717.0: LOCO[LOCO_02] → COUPLING at retrofit (2.0 min)
15:39:23 | INFO     | t=3719.0: LOCO[LOCO_02] → SHUNTING_PREP at retrofit (1.0 min)
15:39:23 | INFO     | t=3725.0: LOCO[LOCO_02] → DECOUPLING at WS_01 (3.0 min)
15:39:23 | INFO     | t=3728.0: RAKE[W10364,W6077] → DECOUPLING at WS_01 (1 couplings, 3.0 min)
15:39:23 | INFO     | t=3731.0: WAGON[W10364] → RETROFIT_STARTED at WS_01
15:39:23 | INFO     | t=3731.0: WAGON[W6077] → RETROFIT_STARTED at WS_01
15:39:23 | INFO     | t=3736.0: DISPATCHER → Assigned loco LOCO_02 to collection_to_retrofit (waited 272.0 min, pending=1)
15:39:23 | INFO     | t=3765.0: RAKE[W9173,W6140] → COUPLING at WS_02 (1 couplings, 0.5 min)
15:39:23 | INFO     | t=3765.5: LOCO → Allocating for pickup from WS_02
15:39:23 | INFO     | t=3765.5: DISPATCHER → Task submitted: workshop_to_retrofitted (pending=2)
15:39:23 | INFO     | t=3791.0: RAKE[W10364,W6077] → COUPLING at WS_01 (1 couplings, 0.5 min)
15:39:23 | INFO     | t=3791.5: LOCO → Allocating for pickup from WS_01
15:39:23 | INFO     | t=3791.5: DISPATCHER → Task submitted: workshop_to_retrofitted (pending=3)
15:39:23 | INFO     | t=3796.0: LOCO[LOCO_02] → TRAIN_PREP at collection (coupling + prep, 13.0 min)
15:39:23 | INFO     | t=3801.0: LOCO[LOCO_01] → DECOUPLING at parking16 (3.0 min)
15:39:23 | INFO     | t=3804.0: RAKE[W8626,W9174,W9169,W0130,W9352,W2980] → DECOUPLING at parking16 (5 couplings, 2.5 min)
15:39:23 | INFO     | t=3866.5: LOCO[LOCO_01] → Releasing
15:39:23 | INFO     | t=3866.5: LOCO[LOCO_01] → Released
15:39:23 | INFO     | t=3866.5: PARKING → Got wagon W2406 from retrofitted
15:39:23 | INFO     | t=3866.5: DISPATCHER → Assigned loco LOCO_01 to workshop_to_retrofitted (waited 101.0 min, pending=2)
15:39:23 | INFO     | t=3866.5: LOCO → Allocating for parking transport
15:39:23 | INFO     | t=3866.5: DISPATCHER → Task submitted: retrofitted_to_parking (pending=3)
15:39:23 | INFO     | t=3866.5: LOCO[LOCO_01] → Allocated for pickup
15:39:23 | INFO     | t=3869.0: LOCO[LOCO_02] → DECOUPLING at retrofit (18.0 min)
15:39:23 | INFO     | t=3873.5: LOCO[LOCO_01] → TRAIN_PREP completed at WS_02 (2.0 min)
15:39:23 | INFO     | t=3878.5: BATCH → Putting 2 wagons on retrofitted track retrofitted
15:39:23 | INFO     | t=3878.5: WAGON[W9173] → Added to retrofitted track retrofitted
15:39:23 | INFO     | t=3878.5: WAGON[W6140] → Added to retrofitted track retrofitted
15:39:23 | INFO     | t=3883.5: WORKSHOP[WS_02] → Released, notifying 1 waiting processes
15:39:23 | INFO     | t=3883.5: WORKSHOP → Workshop became available
15:39:23 | INFO     | t=3883.5: WORKSHOP[WS_02] → Selected for batch
15:39:23 | INFO     | t=3883.5: DISPATCHER → Assigned loco LOCO_01 to workshop_to_retrofitted (waited 92.0 min, pending=2)
15:39:23 | INFO     | t=3883.5: WAGON[W9276] → Added to batch
15:39:23 | INFO     | t=3883.5: BATCH[W9270,W9276] → Formed 2 wagons for WS_02
15:39:23 | INFO     | t=3883.5: LOCO[LOCO_01] → Allocated for pickup
15:39:23 | INFO     | t=3883.5: TRACK[retrofit] → Removed 2 wagons (34.0m freed)
15:39:23 | INFO     | t=3883.5: DISPATCHER → Task submitted: retrofit_to_workshop (pending=3)
15:39:23 | INFO     | t=3887.0: RAKE[W11970,W3173,W5038,W11259,W5167,W4666] → DECOUPLING at retrofit (5 couplings, 15.0 min)
15:39:23 | INFO     | t=3890.5: LOCO[LOCO_01] → TRAIN_PREP completed at WS_01 (2.0 min)
15:39:23 | INFO     | t=3895.5: BATCH → Putting 2 wagons on retrofitted track retrofitted
15:39:23 | INFO     | t=3895.5: WAGON[W10364] → Added to retrofitted track retrofitted
15:39:23 | INFO     | t=3895.5: WAGON[W6077] → Added to retrofitted track retrofitted
15:39:23 | INFO     | t=3900.5: WORKSHOP[WS_01] → Released, notifying 0 waiting processes
15:39:23 | INFO     | t=3900.5: DISPATCHER → Assigned loco LOCO_01 to retrofit_to_workshop (waited 17.0 min, pending=2)
15:39:23 | INFO     | t=3900.5: RAKE[W9270,W9276] → COUPLING at retrofit (1 couplings, 2.0 min)
15:39:23 | INFO     | t=3900.5: WAGON[W11578] → Retrieved from retrofit queue
15:39:23 | INFO     | t=3900.5: WORKSHOP[WS_01] → Selected for batch
15:39:23 | INFO     | t=3900.5: WAGON[W9868] → Added to batch
15:39:23 | INFO     | t=3900.5: BATCH[W11578,W9868] → Formed 2 wagons for WS_01
15:39:23 | INFO     | t=3900.5: TRACK[retrofit] → Removed 2 wagons (43.7m freed)
15:39:23 | INFO     | t=3900.5: DISPATCHER → Task submitted: retrofit_to_workshop (pending=3)
15:39:23 | INFO     | t=3907.0: DISPATCHER → Assigned loco LOCO_02 to retrofit_to_workshop (waited 6.5 min, pending=2)
15:39:23 | INFO     | t=3907.0: RAKE[W11578,W9868] → COUPLING at retrofit (1 couplings, 2.0 min)
15:39:23 | INFO     | t=3907.0: WAGON[W12060] → Retrieved from retrofit queue
15:39:23 | INFO     | t=3907.0: WORKSHOP → No workshop available, waiting...
15:39:23 | INFO     | t=3907.0: Batch size limited by retrofit capacity: 9 wagons (147.0m) fits, 10 waiting
15:39:23 | INFO     | t=3907.0: COLLECTION → Reserving retrofit track capacity for 9 wagons
15:39:23 | INFO     | t=3907.0: COLLECTION → Capacity reserved, allocating locomotive
15:39:23 | INFO     | t=3907.0: DISPATCHER → Task submitted: collection_to_retrofit (pending=3)
15:39:23 | INFO     | t=3907.5: LOCO[LOCO_01] → COUPLING at retrofit (2.0 min)
15:39:23 | INFO     | t=3909.5: LOCO[LOCO_01] → SHUNTING_PREP at retrofit (1.0 min)
15:39:23 | INFO     | t=3914.0: LOCO[LOCO_02] → COUPLING at retrofit (2.0 min)
15:39:23 | INFO     | t=3915.5: LOCO[LOCO_01] → DECOUPLING at WS_02 (3.0 min)
15:39:23 | INFO     | t=3916.0: LOCO[LOCO_02] → SHUNTING_PREP at retrofit (1.0 min)
15:39:23 | INFO     | t=3918.5: RAKE[W9270,W9276] → DECOUPLING at WS_02 (1 couplings, 3.0 min)
15:39:23 | INFO     | t=3921.5: WAGON[W9270] → RETROFIT_STARTED at WS_02
15:39:23 | INFO     | t=3921.5: WAGON[W9276] → RETROFIT_STARTED at WS_02
15:39:23 | INFO     | t=3922.0: LOCO[LOCO_02] → DECOUPLING at WS_01 (3.0 min)
15:39:23 | INFO     | t=3925.0: RAKE[W11578,W9868] → DECOUPLING at WS_01 (1 couplings, 3.0 min)
15:39:23 | INFO     | t=3926.5: DISPATCHER → Assigned loco LOCO_01 to retrofitted_to_parking (waited 60.0 min, pending=2)
15:39:23 | INFO     | t=3926.5: LOCO[LOCO_01] → Allocated for parking transport
15:39:23 | INFO     | t=3928.0: WAGON[W11578] → RETROFIT_STARTED at WS_01
15:39:23 | INFO     | t=3928.0: WAGON[W9868] → RETROFIT_STARTED at WS_01
15:39:23 | INFO     | t=3931.5: LOCO[LOCO_01] → TRAIN_PREP at retrofitted (coupling + prep, 2.0 min)
15:39:23 | INFO     | t=3933.0: DISPATCHER → Assigned loco LOCO_02 to collection_to_retrofit (waited 278.0 min, pending=1)
15:39:23 | INFO     | EVENT_PUBLISHED: TrainArrivedEvent | train=T49 | time=3940.8
15:39:23 | INFO     | EVENT_HANDLING: TrainArrivedEvent -> RetrofitWorkshopContext._handle_train_arrived
15:39:23 | INFO     | EVENT_HANDLED: TrainArrivedEvent by RetrofitWorkshopContext._handle_train_arrived
15:39:23 | INFO     | EVENT_PUBLISHED: TrainArrivedEvent | train=T50 | time=3955.2
15:39:23 | INFO     | EVENT_HANDLING: TrainArrivedEvent -> RetrofitWorkshopContext._handle_train_arrived
15:39:23 | INFO     | EVENT_HANDLED: TrainArrivedEvent by RetrofitWorkshopContext._handle_train_arrived
15:39:23 | INFO     | t=3981.5: RAKE[W9270,W9276] → COUPLING at WS_02 (1 couplings, 0.5 min)
15:39:23 | INFO     | t=3982.0: LOCO → Allocating for pickup from WS_02
15:39:23 | INFO     | t=3982.0: DISPATCHER → Task submitted: workshop_to_retrofitted (pending=2)
15:39:23 | INFO     | t=3988.0: RAKE[W11578,W9868] → COUPLING at WS_01 (1 couplings, 0.5 min)
15:39:23 | INFO     | t=3988.5: LOCO → Allocating for pickup from WS_01
15:39:23 | INFO     | t=3988.5: DISPATCHER → Task submitted: workshop_to_retrofitted (pending=3)
15:39:23 | INFO     | t=3993.0: LOCO[LOCO_02] → TRAIN_PREP at collection (coupling + prep, 3.0 min)
15:39:23 | INFO     | EVENT_PUBLISHED: TrainArrivedEvent | train=T51 | time=3997.8
15:39:23 | INFO     | EVENT_HANDLING: TrainArrivedEvent -> RetrofitWorkshopContext._handle_train_arrived
15:39:23 | INFO     | EVENT_HANDLED: TrainArrivedEvent by RetrofitWorkshopContext._handle_train_arrived
15:39:23 | INFO     | t=4053.5: LOCO[LOCO_01] → DECOUPLING at parking16 (1.0 min)
15:39:23 | INFO     | t=4054.5: RAKE[W2406,W2399] → DECOUPLING at parking16 (1 couplings, 0.5 min)
15:39:23 | INFO     | t=4056.0: LOCO[LOCO_02] → DECOUPLING at retrofit (3.0 min)
15:39:23 | INFO     | t=4059.0: RAKE[W12210] → DECOUPLING at retrofit (0 couplings, 0.0 min)
15:39:23 | INFO     | t=4064.0: Batch size limited by retrofit capacity: 1 wagons (23.2m) fits, 20 waiting
15:39:23 | INFO     | t=4064.0: DISPATCHER → Assigned loco LOCO_02 to workshop_to_retrofitted (waited 82.0 min, pending=2)
15:39:23 | INFO     | t=4064.0: COLLECTION → Reserving retrofit track capacity for 1 wagons
15:39:23 | INFO     | t=4064.0: LOCO[LOCO_02] → Allocated for pickup
15:39:23 | INFO     | t=4071.0: LOCO[LOCO_02] → TRAIN_PREP completed at WS_02 (2.0 min)
15:39:23 | INFO     | t=4076.0: BATCH → Putting 2 wagons on retrofitted track retrofitted
15:39:23 | INFO     | t=4076.0: WAGON[W9270] → Added to retrofitted track retrofitted
15:39:23 | INFO     | t=4076.0: WAGON[W9276] → Added to retrofitted track retrofitted
15:39:23 | INFO     | t=4081.0: WORKSHOP[WS_02] → Released, notifying 1 waiting processes
15:39:23 | INFO     | t=4081.0: WORKSHOP → Workshop became available
15:39:23 | INFO     | t=4081.0: WORKSHOP[WS_02] → Selected for batch
15:39:23 | INFO     | t=4081.0: DISPATCHER → Assigned loco LOCO_02 to workshop_to_retrofitted (waited 92.5 min, pending=1)
15:39:23 | INFO     | t=4081.0: WAGON[W11970] → Added to batch
15:39:23 | INFO     | t=4081.0: BATCH[W12060,W11970] → Formed 2 wagons for WS_02
15:39:23 | INFO     | t=4081.0: LOCO[LOCO_02] → Allocated for pickup
15:39:23 | INFO     | t=4081.0: TRACK[retrofit] → Removed 2 wagons (46.5m freed)
15:39:23 | INFO     | t=4081.0: DISPATCHER → Task submitted: retrofit_to_workshop (pending=2)
15:39:23 | INFO     | t=4081.0: COLLECTION → Capacity reserved, allocating locomotive
15:39:23 | INFO     | t=4081.0: DISPATCHER → Task submitted: collection_to_retrofit (pending=3)
15:39:23 | INFO     | t=4088.0: LOCO[LOCO_02] → TRAIN_PREP completed at WS_01 (2.0 min)
15:39:23 | INFO     | t=4093.0: BATCH → Putting 2 wagons on retrofitted track retrofitted
15:39:23 | INFO     | t=4093.0: WAGON[W11578] → Added to retrofitted track retrofitted
15:39:23 | INFO     | t=4093.0: WAGON[W9868] → Added to retrofitted track retrofitted
15:39:23 | INFO     | EVENT_PUBLISHED: TrainArrivedEvent | train=T52 | time=4093.2
15:39:23 | INFO     | EVENT_HANDLING: TrainArrivedEvent -> RetrofitWorkshopContext._handle_train_arrived
15:39:23 | INFO     | EVENT_HANDLED: TrainArrivedEvent by RetrofitWorkshopContext._handle_train_arrived
15:39:23 | INFO     | t=4098.0: WORKSHOP[WS_01] → Released, notifying 0 waiting processes
15:39:23 | INFO     | t=4098.0: DISPATCHER → Assigned loco LOCO_02 to retrofit_to_workshop (waited 17.0 min, pending=2)
15:39:23 | INFO     | t=4098.0: RAKE[W12060,W11970] → COUPLING at retrofit (1 couplings, 2.0 min)
15:39:23 | INFO     | t=4098.0: WAGON[W3173] → Retrieved from retrofit queue
15:39:23 | INFO     | t=4098.0: WORKSHOP[WS_01] → Selected for batch
15:39:23 | INFO     | t=4098.0: WAGON[W5038] → Added to batch
15:39:23 | INFO     | t=4098.0: BATCH[W3173,W5038] → Formed 2 wagons for WS_01
15:39:23 | INFO     | t=4098.0: TRACK[retrofit] → Removed 2 wagons (40.8m freed)
15:39:23 | INFO     | t=4098.0: DISPATCHER → Task submitted: retrofit_to_workshop (pending=3)
15:39:23 | INFO     | t=4105.0: LOCO[LOCO_02] → COUPLING at retrofit (2.0 min)
15:39:23 | INFO     | t=4107.0: LOCO[LOCO_02] → SHUNTING_PREP at retrofit (1.0 min)
15:39:23 | INFO     | t=4113.0: LOCO[LOCO_02] → DECOUPLING at WS_02 (3.0 min)
15:39:23 | INFO     | t=4115.0: LOCO[LOCO_01] → Releasing
15:39:23 | INFO     | t=4115.0: LOCO[LOCO_01] → Released
15:39:23 | INFO     | t=4115.0: PARKING → Got wagon W9173 from retrofitted
15:39:23 | INFO     | t=4115.0: DISPATCHER → Assigned loco LOCO_01 to retrofit_to_workshop (waited 17.0 min, pending=2)
15:39:23 | INFO     | t=4115.0: RAKE[W3173,W5038] → COUPLING at retrofit (1 couplings, 2.0 min)
15:39:23 | INFO     | t=4115.0: WAGON[W11259] → Retrieved from retrofit queue
15:39:23 | INFO     | t=4115.0: WORKSHOP → No workshop available, waiting...
15:39:23 | INFO     | t=4115.0: LOCO → Allocating for parking transport
15:39:23 | INFO     | t=4115.0: DISPATCHER → Task submitted: retrofitted_to_parking (pending=3)
15:39:23 | INFO     | t=4116.0: RAKE[W12060,W11970] → DECOUPLING at WS_02 (1 couplings, 3.0 min)
15:39:23 | INFO     | t=4119.0: WAGON[W12060] → RETROFIT_STARTED at WS_02
15:39:23 | INFO     | t=4119.0: WAGON[W11970] → RETROFIT_STARTED at WS_02
15:39:23 | INFO     | t=4122.0: LOCO[LOCO_01] → COUPLING at retrofit (2.0 min)
15:39:23 | INFO     | t=4124.0: LOCO[LOCO_01] → SHUNTING_PREP at retrofit (1.0 min)
15:39:23 | INFO     | t=4124.0: DISPATCHER → Assigned loco LOCO_02 to retrofitted_to_parking (waited 9.0 min, pending=2)
15:39:23 | INFO     | t=4124.0: LOCO[LOCO_02] → Allocated for parking transport
15:39:23 | INFO     | t=4129.0: LOCO[LOCO_02] → TRAIN_PREP at retrofitted (coupling + prep, 5.0 min)
15:39:23 | INFO     | t=4130.0: LOCO[LOCO_01] → DECOUPLING at WS_01 (3.0 min)
15:39:23 | INFO     | t=4133.0: RAKE[W3173,W5038] → DECOUPLING at WS_01 (1 couplings, 3.0 min)
15:39:23 | INFO     | t=4136.0: WAGON[W3173] → RETROFIT_STARTED at WS_01
15:39:23 | INFO     | t=4136.0: WAGON[W5038] → RETROFIT_STARTED at WS_01
15:39:23 | INFO     | t=4141.0: DISPATCHER → Assigned loco LOCO_01 to collection_to_retrofit (waited 234.0 min, pending=1)
15:39:23 | INFO     | t=4179.0: RAKE[W12060,W11970] → COUPLING at WS_02 (1 couplings, 0.5 min)
15:39:23 | INFO     | t=4179.5: LOCO → Allocating for pickup from WS_02
15:39:23 | INFO     | t=4179.5: DISPATCHER → Task submitted: workshop_to_retrofitted (pending=2)
15:39:23 | INFO     | t=4196.0: RAKE[W3173,W5038] → COUPLING at WS_01 (1 couplings, 0.5 min)
15:39:23 | INFO     | t=4196.5: LOCO → Allocating for pickup from WS_01
15:39:23 | INFO     | t=4196.5: DISPATCHER → Task submitted: workshop_to_retrofitted (pending=3)
15:39:23 | INFO     | t=4201.0: LOCO[LOCO_01] → TRAIN_PREP at collection (coupling + prep, 19.0 min)
15:39:23 | INFO     | t=4254.0: LOCO[LOCO_02] → DECOUPLING at parking16 (4.0 min)
15:39:23 | INFO     | t=4258.0: RAKE[W9173,W6140,W10364,W6077,W9270,W9276,W11578,W9868] → DECOUPLING at parking16 (7 couplings, 3.5 min)
15:39:23 | INFO     | t=4280.0: LOCO[LOCO_01] → DECOUPLING at retrofit (27.0 min)
15:39:23 | INFO     | EVENT_PUBLISHED: TrainArrivedEvent | train=T53 | time=4293.0
15:39:23 | INFO     | EVENT_HANDLING: TrainArrivedEvent -> RetrofitWorkshopContext._handle_train_arrived
15:39:23 | INFO     | EVENT_HANDLED: TrainArrivedEvent by RetrofitWorkshopContext._handle_train_arrived
15:39:23 | INFO     | t=4307.0: RAKE[W11269,W3811,W11254,W10878,W12077,W11766,W4793,W11718,W7155] → DECOUPLING at retrofit (8 couplings, 24.0 min)
15:39:23 | INFO     | EVENT_PUBLISHED: TrainArrivedEvent | train=T54 | time=4320.8
15:39:23 | INFO     | EVENT_HANDLING: TrainArrivedEvent -> RetrofitWorkshopContext._handle_train_arrived
15:39:23 | INFO     | EVENT_HANDLED: TrainArrivedEvent by RetrofitWorkshopContext._handle_train_arrived
15:39:23 | INFO     | t=4321.5: LOCO[LOCO_02] → Releasing
15:39:23 | INFO     | t=4321.5: LOCO[LOCO_02] → Released
15:39:23 | INFO     | t=4321.5: DISPATCHER → Assigned loco LOCO_02 to workshop_to_retrofitted (waited 142.0 min, pending=2)
15:39:23 | INFO     | t=4321.5: LOCO[LOCO_02] → Allocated for pickup
15:39:23 | INFO     | t=4328.5: LOCO[LOCO_02] → TRAIN_PREP completed at WS_02 (2.0 min)
15:39:23 | INFO     | t=4333.5: BATCH → Putting 2 wagons on retrofitted track retrofitted
15:39:23 | INFO     | t=4333.5: WAGON[W12060] → Added to retrofitted track retrofitted
15:39:23 | INFO     | t=4333.5: WAGON[W11970] → Added to retrofitted track retrofitted
15:39:23 | INFO     | t=4333.5: PARKING → Got wagon W12060 from retrofitted
15:39:23 | INFO     | t=4333.5: LOCO → Allocating for parking transport
15:39:23 | INFO     | t=4333.5: DISPATCHER → Task submitted: retrofitted_to_parking (pending=3)
15:39:23 | INFO     | t=4336.0: DISPATCHER → Assigned loco LOCO_01 to workshop_to_retrofitted (waited 139.5 min, pending=2)
15:39:23 | INFO     | t=4336.0: LOCO[LOCO_01] → Allocated for pickup
15:39:23 | INFO     | t=4336.0: Batch size limited by retrofit capacity: 4 wagons (62.1m) fits, 15 waiting
15:39:23 | INFO     | t=4336.0: COLLECTION → Reserving retrofit track capacity for 4 wagons
15:39:23 | INFO     | t=4336.0: COLLECTION → Capacity reserved, allocating locomotive
15:39:23 | INFO     | t=4336.0: DISPATCHER → Task submitted: collection_to_retrofit (pending=3)
15:39:23 | INFO     | t=4338.5: WORKSHOP[WS_02] → Released, notifying 1 waiting processes
15:39:23 | INFO     | t=4338.5: WORKSHOP → Workshop became available
15:39:23 | INFO     | t=4338.5: WORKSHOP[WS_02] → Selected for batch
15:39:23 | INFO     | t=4338.5: DISPATCHER → Assigned loco LOCO_02 to retrofitted_to_parking (waited 5.0 min, pending=2)
15:39:23 | INFO     | t=4338.5: WAGON[W5167] → Added to batch
15:39:23 | INFO     | t=4338.5: BATCH[W11259,W5167] → Formed 2 wagons for WS_02
15:39:23 | INFO     | t=4338.5: LOCO[LOCO_02] → Allocated for parking transport
15:39:23 | INFO     | t=4338.5: TRACK[retrofit] → Removed 2 wagons (29.1m freed)
15:39:23 | INFO     | t=4338.5: DISPATCHER → Task submitted: retrofit_to_workshop (pending=3)
15:39:23 | INFO     | t=4343.0: LOCO[LOCO_01] → TRAIN_PREP completed at WS_01 (2.0 min)
15:39:23 | INFO     | t=4343.5: LOCO[LOCO_02] → TRAIN_PREP at retrofitted (coupling + prep, 2.0 min)
15:39:23 | INFO     | t=4348.0: BATCH → Putting 2 wagons on retrofitted track retrofitted
15:39:23 | INFO     | t=4348.0: WAGON[W3173] → Added to retrofitted track retrofitted
15:39:23 | INFO     | t=4348.0: WAGON[W5038] → Added to retrofitted track retrofitted
15:39:23 | INFO     | t=4353.0: WORKSHOP[WS_01] → Released, notifying 0 waiting processes
15:39:23 | INFO     | t=4353.0: DISPATCHER → Assigned loco LOCO_01 to retrofit_to_workshop (waited 14.5 min, pending=2)
15:39:23 | INFO     | t=4353.0: RAKE[W11259,W5167] → COUPLING at retrofit (1 couplings, 2.0 min)
15:39:23 | INFO     | t=4353.0: WAGON[W4666] → Retrieved from retrofit queue
15:39:23 | INFO     | t=4353.0: WORKSHOP[WS_01] → Selected for batch
15:39:23 | INFO     | t=4353.0: WAGON[W12210] → Added to batch
15:39:23 | INFO     | t=4353.0: BATCH[W4666,W12210] → Formed 2 wagons for WS_01
15:39:23 | INFO     | t=4353.0: TRACK[retrofit] → Removed 2 wagons (45.6m freed)
15:39:23 | INFO     | t=4353.0: DISPATCHER → Task submitted: retrofit_to_workshop (pending=3)
15:39:23 | INFO     | t=4360.0: LOCO[LOCO_01] → COUPLING at retrofit (2.0 min)
15:39:23 | INFO     | t=4362.0: LOCO[LOCO_01] → SHUNTING_PREP at retrofit (1.0 min)
15:39:23 | INFO     | t=4368.0: LOCO[LOCO_01] → DECOUPLING at WS_02 (3.0 min)
15:39:23 | INFO     | t=4371.0: RAKE[W11259,W5167] → DECOUPLING at WS_02 (1 couplings, 3.0 min)
15:39:23 | INFO     | t=4374.0: WAGON[W11259] → RETROFIT_STARTED at WS_02
15:39:23 | INFO     | t=4374.0: WAGON[W5167] → RETROFIT_STARTED at WS_02
15:39:23 | INFO     | EVENT_PUBLISHED: TrainArrivedEvent | train=T55 | time=4379.0
15:39:23 | INFO     | EVENT_HANDLING: TrainArrivedEvent -> RetrofitWorkshopContext._handle_train_arrived
15:39:23 | INFO     | EVENT_HANDLED: TrainArrivedEvent by RetrofitWorkshopContext._handle_train_arrived
15:39:23 | INFO     | t=4379.0: DISPATCHER → Assigned loco LOCO_01 to retrofit_to_workshop (waited 26.0 min, pending=2)
15:39:23 | INFO     | t=4379.0: RAKE[W4666,W12210] → COUPLING at retrofit (1 couplings, 2.0 min)
15:39:23 | INFO     | t=4379.0: WAGON[W11269] → Retrieved from retrofit queue
15:39:23 | INFO     | t=4379.0: WORKSHOP → No workshop available, waiting...
15:39:23 | INFO     | t=4386.0: LOCO[LOCO_01] → COUPLING at retrofit (2.0 min)
15:39:23 | INFO     | EVENT_PUBLISHED: TrainArrivedEvent | train=T56 | time=4387.8
15:39:23 | INFO     | EVENT_HANDLING: TrainArrivedEvent -> RetrofitWorkshopContext._handle_train_arrived
15:39:23 | INFO     | EVENT_HANDLED: TrainArrivedEvent by RetrofitWorkshopContext._handle_train_arrived
15:39:23 | INFO     | t=4388.0: LOCO[LOCO_01] → SHUNTING_PREP at retrofit (1.0 min)
15:39:23 | INFO     | t=4394.0: LOCO[LOCO_01] → DECOUPLING at WS_01 (3.0 min)
15:39:23 | INFO     | t=4397.0: RAKE[W4666,W12210] → DECOUPLING at WS_01 (1 couplings, 3.0 min)
15:39:23 | INFO     | t=4400.0: WAGON[W4666] → RETROFIT_STARTED at WS_01
15:39:23 | INFO     | t=4400.0: WAGON[W12210] → RETROFIT_STARTED at WS_01
15:39:23 | INFO     | t=4405.0: DISPATCHER → Assigned loco LOCO_01 to collection_to_retrofit (waited 324.0 min, pending=1)
15:39:23 | INFO     | t=4434.0: RAKE[W11259,W5167] → COUPLING at WS_02 (1 couplings, 0.5 min)
15:39:23 | INFO     | t=4434.5: LOCO → Allocating for pickup from WS_02
15:39:23 | INFO     | t=4434.5: DISPATCHER → Task submitted: workshop_to_retrofitted (pending=2)
15:39:23 | INFO     | t=4460.0: RAKE[W4666,W12210] → COUPLING at WS_01 (1 couplings, 0.5 min)
15:39:23 | INFO     | t=4460.5: LOCO → Allocating for pickup from WS_01
15:39:23 | INFO     | t=4460.5: DISPATCHER → Task submitted: workshop_to_retrofitted (pending=3)
15:39:23 | INFO     | t=4465.0: LOCO[LOCO_01] → TRAIN_PREP at collection (coupling + prep, 3.0 min)
15:39:23 | INFO     | t=4465.5: LOCO[LOCO_02] → DECOUPLING at parking16 (1.0 min)
15:39:23 | INFO     | t=4466.5: RAKE[W12060,W11970] → DECOUPLING at parking16 (1 couplings, 0.5 min)
15:39:23 | INFO     | EVENT_PUBLISHED: TrainArrivedEvent | train=T57 | time=4491.5
15:39:23 | INFO     | EVENT_HANDLING: TrainArrivedEvent -> RetrofitWorkshopContext._handle_train_arrived
15:39:23 | INFO     | EVENT_HANDLED: TrainArrivedEvent by RetrofitWorkshopContext._handle_train_arrived
15:39:23 | INFO     | t=4527.0: LOCO[LOCO_02] → Releasing
15:39:23 | INFO     | t=4527.0: LOCO[LOCO_02] → Released
15:39:23 | INFO     | t=4527.0: PARKING → Got wagon W3173 from retrofitted
15:39:23 | INFO     | t=4527.0: DISPATCHER → Assigned loco LOCO_02 to workshop_to_retrofitted (waited 92.5 min, pending=2)
15:39:23 | INFO     | t=4527.0: LOCO → Allocating for parking transport
15:39:23 | INFO     | t=4527.0: DISPATCHER → Task submitted: retrofitted_to_parking (pending=3)
15:39:23 | INFO     | t=4527.0: LOCO[LOCO_02] → Allocated for pickup
15:39:23 | INFO     | t=4528.0: LOCO[LOCO_01] → DECOUPLING at retrofit (3.0 min)
15:39:23 | INFO     | t=4531.0: RAKE[W8636] → DECOUPLING at retrofit (0 couplings, 0.0 min)
15:39:23 | INFO     | t=4534.0: LOCO[LOCO_02] → TRAIN_PREP completed at WS_02 (2.0 min)
15:39:23 | INFO     | t=4536.0: DISPATCHER → Assigned loco LOCO_01 to workshop_to_retrofitted (waited 75.5 min, pending=2)
15:39:23 | INFO     | t=4536.0: LOCO[LOCO_01] → Allocated for pickup
15:39:23 | INFO     | t=4536.0: Batch size limited by retrofit capacity: 4 wagons (86.8m) fits, 18 waiting
15:39:23 | INFO     | t=4536.0: COLLECTION → Reserving retrofit track capacity for 4 wagons
15:39:23 | INFO     | t=4536.0: COLLECTION → Capacity reserved, allocating locomotive
15:39:23 | INFO     | t=4536.0: DISPATCHER → Task submitted: collection_to_retrofit (pending=3)
15:39:23 | INFO     | t=4539.0: BATCH → Putting 2 wagons on retrofitted track retrofitted
15:39:23 | INFO     | t=4539.0: WAGON[W11259] → Added to retrofitted track retrofitted
15:39:23 | INFO     | t=4539.0: WAGON[W5167] → Added to retrofitted track retrofitted
15:39:23 | INFO     | t=4543.0: LOCO[LOCO_01] → TRAIN_PREP completed at WS_01 (2.0 min)
15:39:23 | INFO     | t=4544.0: WORKSHOP[WS_02] → Released, notifying 1 waiting processes
15:39:23 | INFO     | t=4544.0: WORKSHOP → Workshop became available
15:39:23 | INFO     | t=4544.0: WORKSHOP[WS_02] → Selected for batch
15:39:23 | INFO     | t=4544.0: DISPATCHER → Assigned loco LOCO_02 to retrofitted_to_parking (waited 17.0 min, pending=2)
15:39:23 | INFO     | t=4544.0: WAGON[W3811] → Added to batch
15:39:23 | INFO     | t=4544.0: BATCH[W11269,W3811] → Formed 2 wagons for WS_02
15:39:23 | INFO     | t=4544.0: LOCO[LOCO_02] → Allocated for parking transport
15:39:23 | INFO     | t=4544.0: TRACK[retrofit] → Removed 2 wagons (32.6m freed)
15:39:23 | INFO     | t=4544.0: DISPATCHER → Task submitted: retrofit_to_workshop (pending=3)
15:39:23 | INFO     | t=4548.0: BATCH → Putting 2 wagons on retrofitted track retrofitted
15:39:23 | INFO     | t=4548.0: WAGON[W4666] → Added to retrofitted track retrofitted
15:39:23 | INFO     | t=4548.0: WAGON[W12210] → Added to retrofitted track retrofitted
15:39:23 | INFO     | t=4549.0: LOCO[LOCO_02] → TRAIN_PREP at retrofitted (coupling + prep, 2.0 min)
15:39:23 | INFO     | t=4553.0: WORKSHOP[WS_01] → Released, notifying 0 waiting processes
15:39:23 | INFO     | t=4553.0: DISPATCHER → Assigned loco LOCO_01 to retrofit_to_workshop (waited 9.0 min, pending=2)
15:39:23 | INFO     | t=4553.0: RAKE[W11269,W3811] → COUPLING at retrofit (1 couplings, 2.0 min)
15:39:23 | INFO     | t=4553.0: WAGON[W11254] → Retrieved from retrofit queue
15:39:23 | INFO     | t=4553.0: WORKSHOP[WS_01] → Selected for batch
15:39:23 | INFO     | t=4553.0: WAGON[W10878] → Added to batch
15:39:23 | INFO     | t=4553.0: BATCH[W11254,W10878] → Formed 2 wagons for WS_01
15:39:23 | INFO     | t=4553.0: TRACK[retrofit] → Removed 2 wagons (25.5m freed)
15:39:23 | INFO     | t=4553.0: DISPATCHER → Task submitted: retrofit_to_workshop (pending=3)
15:39:23 | INFO     | t=4560.0: LOCO[LOCO_01] → COUPLING at retrofit (2.0 min)
15:39:23 | INFO     | t=4562.0: LOCO[LOCO_01] → SHUNTING_PREP at retrofit (1.0 min)
15:39:23 | INFO     | t=4568.0: LOCO[LOCO_01] → DECOUPLING at WS_02 (3.0 min)
15:39:23 | INFO     | t=4571.0: RAKE[W11269,W3811] → DECOUPLING at WS_02 (1 couplings, 3.0 min)
15:39:23 | INFO     | t=4574.0: WAGON[W11269] → RETROFIT_STARTED at WS_02
15:39:23 | INFO     | t=4574.0: WAGON[W3811] → RETROFIT_STARTED at WS_02
15:39:23 | INFO     | t=4579.0: DISPATCHER → Assigned loco LOCO_01 to retrofit_to_workshop (waited 26.0 min, pending=2)
15:39:23 | INFO     | t=4579.0: RAKE[W11254,W10878] → COUPLING at retrofit (1 couplings, 2.0 min)
15:39:23 | INFO     | t=4579.0: WAGON[W12077] → Retrieved from retrofit queue
15:39:23 | INFO     | t=4579.0: WORKSHOP → No workshop available, waiting...
15:39:23 | INFO     | t=4586.0: LOCO[LOCO_01] → COUPLING at retrofit (2.0 min)
15:39:23 | INFO     | t=4588.0: LOCO[LOCO_01] → SHUNTING_PREP at retrofit (1.0 min)
15:39:23 | INFO     | t=4594.0: LOCO[LOCO_01] → DECOUPLING at WS_01 (3.0 min)
15:39:23 | INFO     | t=4597.0: RAKE[W11254,W10878] → DECOUPLING at WS_01 (1 couplings, 3.0 min)
15:39:23 | INFO     | t=4600.0: WAGON[W11254] → RETROFIT_STARTED at WS_01
15:39:23 | INFO     | t=4600.0: WAGON[W10878] → RETROFIT_STARTED at WS_01
15:39:23 | INFO     | t=4605.0: DISPATCHER → Assigned loco LOCO_01 to collection_to_retrofit (waited 269.0 min, pending=1)
15:39:23 | INFO     | t=4634.0: RAKE[W11269,W3811] → COUPLING at WS_02 (1 couplings, 0.5 min)
15:39:23 | INFO     | t=4634.5: LOCO → Allocating for pickup from WS_02
15:39:23 | INFO     | t=4634.5: DISPATCHER → Task submitted: workshop_to_retrofitted (pending=2)
15:39:23 | INFO     | EVENT_PUBLISHED: TrainArrivedEvent | train=T58 | time=4654.5
15:39:23 | INFO     | EVENT_HANDLING: TrainArrivedEvent -> RetrofitWorkshopContext._handle_train_arrived
15:39:23 | INFO     | EVENT_HANDLED: TrainArrivedEvent by RetrofitWorkshopContext._handle_train_arrived
15:39:23 | INFO     | t=4660.0: RAKE[W11254,W10878] → COUPLING at WS_01 (1 couplings, 0.5 min)
15:39:23 | INFO     | t=4660.5: LOCO → Allocating for pickup from WS_01
15:39:23 | INFO     | t=4660.5: DISPATCHER → Task submitted: workshop_to_retrofitted (pending=3)
15:39:23 | INFO     | t=4665.0: LOCO[LOCO_01] → TRAIN_PREP at collection (coupling + prep, 9.0 min)
15:39:23 | INFO     | t=4671.0: LOCO[LOCO_02] → DECOUPLING at parking16 (1.0 min)
15:39:23 | INFO     | t=4672.0: RAKE[W3173,W5038] → DECOUPLING at parking16 (1 couplings, 0.5 min)
15:39:23 | INFO     | EVENT_PUBLISHED: TrainArrivedEvent | train=T59 | time=4676.8
15:39:23 | INFO     | EVENT_HANDLING: TrainArrivedEvent -> RetrofitWorkshopContext._handle_train_arrived
15:39:23 | INFO     | EVENT_HANDLED: TrainArrivedEvent by RetrofitWorkshopContext._handle_train_arrived
15:39:23 | INFO     | EVENT_PUBLISHED: TrainArrivedEvent | train=T60 | time=4704.0
15:39:23 | INFO     | EVENT_HANDLING: TrainArrivedEvent -> RetrofitWorkshopContext._handle_train_arrived
15:39:23 | INFO     | EVENT_HANDLED: TrainArrivedEvent by RetrofitWorkshopContext._handle_train_arrived
15:39:23 | INFO     | t=4732.5: LOCO[LOCO_02] → Releasing
15:39:23 | INFO     | t=4732.5: LOCO[LOCO_02] → Released
15:39:23 | INFO     | t=4732.5: PARKING → Got wagon W11259 from retrofitted
15:39:23 | INFO     | t=4732.5: DISPATCHER → Assigned loco LOCO_02 to workshop_to_retrofitted (waited 98.0 min, pending=2)
15:39:23 | INFO     | t=4732.5: LOCO[LOCO_02] → Allocated for pickup
15:39:23 | INFO     | t=4732.5: LOCO → Allocating for parking transport
15:39:23 | INFO     | t=4732.5: DISPATCHER → Task submitted: retrofitted_to_parking (pending=3)
15:39:23 | INFO     | t=4734.0: LOCO[LOCO_01] → DECOUPLING at retrofit (12.0 min)
15:39:23 | INFO     | t=4739.5: LOCO[LOCO_02] → TRAIN_PREP completed at WS_02 (2.0 min)
15:39:23 | INFO     | t=4744.5: BATCH → Putting 2 wagons on retrofitted track retrofitted
15:39:23 | INFO     | t=4744.5: WAGON[W11269] → Added to retrofitted track retrofitted
15:39:23 | INFO     | t=4744.5: WAGON[W3811] → Added to retrofitted track retrofitted
15:39:23 | INFO     | t=4746.0: RAKE[W7258,W9495,W11014,W9040] → DECOUPLING at retrofit (3 couplings, 9.0 min)
15:39:23 | INFO     | t=4749.5: WORKSHOP[WS_02] → Released, notifying 1 waiting processes
15:39:23 | INFO     | t=4749.5: WORKSHOP → Workshop became available
15:39:23 | INFO     | t=4749.5: WORKSHOP[WS_02] → Selected for batch
15:39:23 | INFO     | t=4749.5: DISPATCHER → Assigned loco LOCO_02 to workshop_to_retrofitted (waited 89.0 min, pending=2)
15:39:23 | INFO     | t=4749.5: WAGON[W11766] → Added to batch
15:39:23 | INFO     | t=4749.5: BATCH[W12077,W11766] → Formed 2 wagons for WS_02
15:39:23 | INFO     | t=4749.5: LOCO[LOCO_02] → Allocated for pickup
15:39:23 | INFO     | t=4749.5: TRACK[retrofit] → Removed 2 wagons (39.0m freed)
15:39:23 | INFO     | t=4749.5: DISPATCHER → Task submitted: retrofit_to_workshop (pending=3)
15:39:23 | INFO     | t=4756.5: LOCO[LOCO_02] → TRAIN_PREP completed at WS_01 (2.0 min)
15:39:23 | INFO     | t=4760.0: DISPATCHER → Assigned loco LOCO_01 to retrofit_to_workshop (waited 10.5 min, pending=2)
15:39:23 | INFO     | t=4760.0: RAKE[W12077,W11766] → COUPLING at retrofit (1 couplings, 2.0 min)
15:39:23 | INFO     | t=4760.0: WAGON[W4793] → Retrieved from retrofit queue
15:39:23 | INFO     | t=4760.0: WORKSHOP → No workshop available, waiting...
15:39:23 | INFO     | t=4760.0: Batch size limited by retrofit capacity: 5 wagons (86.8m) fits, 14 waiting
15:39:23 | INFO     | t=4760.0: COLLECTION → Reserving retrofit track capacity for 5 wagons
15:39:23 | INFO     | t=4760.0: COLLECTION → Capacity reserved, allocating locomotive
15:39:23 | INFO     | t=4760.0: DISPATCHER → Task submitted: collection_to_retrofit (pending=3)
15:39:23 | INFO     | EVENT_PUBLISHED: TrainArrivedEvent | train=T61 | time=4761.2
15:39:23 | INFO     | EVENT_HANDLING: TrainArrivedEvent -> RetrofitWorkshopContext._handle_train_arrived
15:39:23 | INFO     | EVENT_HANDLED: TrainArrivedEvent by RetrofitWorkshopContext._handle_train_arrived
15:39:23 | INFO     | t=4761.5: BATCH → Putting 2 wagons on retrofitted track retrofitted
15:39:23 | INFO     | t=4761.5: WAGON[W11254] → Added to retrofitted track retrofitted
15:39:23 | INFO     | t=4761.5: WAGON[W10878] → Added to retrofitted track retrofitted
15:39:23 | INFO     | t=4766.5: WORKSHOP[WS_01] → Released, notifying 1 waiting processes
15:39:23 | INFO     | t=4766.5: WORKSHOP → Workshop became available
15:39:23 | INFO     | t=4766.5: WORKSHOP[WS_01] → Selected for batch
15:39:23 | INFO     | t=4766.5: DISPATCHER → Assigned loco LOCO_02 to retrofitted_to_parking (waited 34.0 min, pending=2)
15:39:23 | INFO     | t=4766.5: WAGON[W11718] → Added to batch
15:39:23 | INFO     | t=4766.5: BATCH[W4793,W11718] → Formed 2 wagons for WS_01
15:39:23 | INFO     | t=4766.5: LOCO[LOCO_02] → Allocated for parking transport
15:39:23 | INFO     | t=4766.5: TRACK[retrofit] → Removed 2 wagons (38.3m freed)
15:39:23 | INFO     | t=4766.5: DISPATCHER → Task submitted: retrofit_to_workshop (pending=3)
15:39:23 | INFO     | t=4767.0: LOCO[LOCO_01] → COUPLING at retrofit (2.0 min)
15:39:23 | INFO     | t=4769.0: LOCO[LOCO_01] → SHUNTING_PREP at retrofit (1.0 min)
15:39:23 | INFO     | t=4771.5: LOCO[LOCO_02] → TRAIN_PREP at retrofitted (coupling + prep, 3.0 min)
15:39:23 | INFO     | t=4775.0: LOCO[LOCO_01] → DECOUPLING at WS_02 (3.0 min)
15:39:23 | INFO     | t=4778.0: RAKE[W12077,W11766] → DECOUPLING at WS_02 (1 couplings, 3.0 min)
15:39:23 | INFO     | t=4781.0: WAGON[W12077] → RETROFIT_STARTED at WS_02
15:39:23 | INFO     | t=4781.0: WAGON[W11766] → RETROFIT_STARTED at WS_02
15:39:23 | INFO     | t=4786.0: DISPATCHER → Assigned loco LOCO_01 to retrofit_to_workshop (waited 19.5 min, pending=2)
15:39:23 | INFO     | t=4786.0: RAKE[W4793,W11718] → COUPLING at retrofit (1 couplings, 2.0 min)
15:39:23 | INFO     | t=4786.0: WAGON[W7155] → Retrieved from retrofit queue
15:39:23 | INFO     | t=4786.0: WORKSHOP → No workshop available, waiting...
15:39:23 | INFO     | t=4793.0: LOCO[LOCO_01] → COUPLING at retrofit (2.0 min)
15:39:23 | INFO     | t=4795.0: LOCO[LOCO_01] → SHUNTING_PREP at retrofit (1.0 min)
15:39:23 | INFO     | t=4801.0: LOCO[LOCO_01] → DECOUPLING at WS_01 (3.0 min)
15:39:23 | INFO     | EVENT_PUBLISHED: TrainArrivedEvent | train=T62 | time=4804.0
15:39:23 | INFO     | EVENT_HANDLING: TrainArrivedEvent -> RetrofitWorkshopContext._handle_train_arrived
15:39:23 | INFO     | EVENT_HANDLED: TrainArrivedEvent by RetrofitWorkshopContext._handle_train_arrived
15:39:23 | INFO     | t=4804.0: RAKE[W4793,W11718] → DECOUPLING at WS_01 (1 couplings, 3.0 min)
15:39:23 | INFO     | t=4807.0: WAGON[W4793] → RETROFIT_STARTED at WS_01
15:39:23 | INFO     | t=4807.0: WAGON[W11718] → RETROFIT_STARTED at WS_01
15:39:23 | INFO     | t=4812.0: DISPATCHER → Assigned loco LOCO_01 to collection_to_retrofit (waited 276.0 min, pending=1)
15:39:23 | INFO     | EVENT_PUBLISHED: TrainArrivedEvent | train=T63 | time=4824.0
15:39:23 | INFO     | EVENT_HANDLING: TrainArrivedEvent -> RetrofitWorkshopContext._handle_train_arrived
15:39:23 | INFO     | EVENT_HANDLED: TrainArrivedEvent by RetrofitWorkshopContext._handle_train_arrived
15:39:23 | INFO     | t=4841.0: RAKE[W12077,W11766] → COUPLING at WS_02 (1 couplings, 0.5 min)
15:39:23 | INFO     | t=4841.5: LOCO → Allocating for pickup from WS_02
15:39:23 | INFO     | t=4841.5: DISPATCHER → Task submitted: workshop_to_retrofitted (pending=2)
15:39:23 | INFO     | EVENT_PUBLISHED: TrainArrivedEvent | train=T64 | time=4854.0
15:39:23 | INFO     | EVENT_HANDLING: TrainArrivedEvent -> RetrofitWorkshopContext._handle_train_arrived
15:39:23 | INFO     | EVENT_HANDLED: TrainArrivedEvent by RetrofitWorkshopContext._handle_train_arrived
15:39:23 | INFO     | t=4867.0: RAKE[W4793,W11718] → COUPLING at WS_01 (1 couplings, 0.5 min)
15:39:23 | INFO     | t=4867.5: LOCO → Allocating for pickup from WS_01
15:39:23 | INFO     | t=4867.5: DISPATCHER → Task submitted: workshop_to_retrofitted (pending=3)
15:39:23 | INFO     | t=4872.0: LOCO[LOCO_01] → TRAIN_PREP at collection (coupling + prep, 9.0 min)
15:39:23 | INFO     | t=4894.5: LOCO[LOCO_02] → DECOUPLING at parking16 (2.0 min)
15:39:23 | INFO     | t=4896.5: RAKE[W11259,W5167,W4666,W12210] → DECOUPLING at parking16 (3 couplings, 1.5 min)
15:39:23 | INFO     | t=4941.0: LOCO[LOCO_01] → DECOUPLING at retrofit (12.0 min)
15:39:23 | INFO     | t=4953.0: RAKE[W10949,W8631,W11467,W10354] → DECOUPLING at retrofit (3 couplings, 9.0 min)
15:39:23 | INFO     | t=4958.0: LOCO[LOCO_02] → Releasing
15:39:23 | INFO     | t=4958.0: LOCO[LOCO_02] → Released
15:39:23 | INFO     | t=4958.0: PARKING → Got wagon W11269 from retrofitted
15:39:23 | INFO     | t=4958.0: DISPATCHER → Assigned loco LOCO_02 to workshop_to_retrofitted (waited 116.5 min, pending=2)
15:39:23 | INFO     | t=4958.0: LOCO[LOCO_02] → Allocated for pickup
15:39:23 | INFO     | t=4958.0: LOCO → Allocating for parking transport
15:39:23 | INFO     | t=4958.0: DISPATCHER → Task submitted: retrofitted_to_parking (pending=3)
15:39:23 | INFO     | t=4965.0: LOCO[LOCO_02] → TRAIN_PREP completed at WS_02 (2.0 min)
15:39:23 | INFO     | t=4967.0: DISPATCHER → Assigned loco LOCO_01 to workshop_to_retrofitted (waited 99.5 min, pending=2)
15:39:23 | INFO     | t=4967.0: Batch size limited by retrofit capacity: 2 wagons (42.3m) fits, 19 waiting
15:39:23 | INFO     | t=4967.0: LOCO[LOCO_01] → Allocated for pickup
15:39:23 | INFO     | t=4967.0: COLLECTION → Reserving retrofit track capacity for 2 wagons
15:39:23 | INFO     | t=4967.0: COLLECTION → Capacity reserved, allocating locomotive
15:39:23 | INFO     | t=4967.0: DISPATCHER → Task submitted: collection_to_retrofit (pending=3)
15:39:23 | INFO     | t=4970.0: BATCH → Putting 2 wagons on retrofitted track retrofitted
15:39:23 | INFO     | t=4970.0: WAGON[W12077] → Added to retrofitted track retrofitted
15:39:23 | INFO     | t=4970.0: WAGON[W11766] → Added to retrofitted track retrofitted
15:39:23 | INFO     | t=4974.0: LOCO[LOCO_01] → TRAIN_PREP completed at WS_01 (2.0 min)
15:39:23 | INFO     | t=4975.0: WORKSHOP[WS_02] → Released, notifying 1 waiting processes
15:39:23 | INFO     | t=4975.0: WORKSHOP → Workshop became available
15:39:23 | INFO     | t=4975.0: WORKSHOP[WS_02] → Selected for batch
15:39:23 | INFO     | t=4975.0: DISPATCHER → Assigned loco LOCO_02 to retrofitted_to_parking (waited 17.0 min, pending=2)
15:39:23 | INFO     | t=4975.0: WAGON[W8636] → Added to batch
15:39:23 | INFO     | t=4975.0: BATCH[W7155,W8636] → Formed 2 wagons for WS_02
15:39:23 | INFO     | t=4975.0: LOCO[LOCO_02] → Allocated for parking transport
15:39:23 | INFO     | t=4975.0: TRACK[retrofit] → Removed 2 wagons (34.8m freed)
15:39:23 | INFO     | t=4975.0: DISPATCHER → Task submitted: retrofit_to_workshop (pending=3)
15:39:23 | INFO     | t=4979.0: BATCH → Putting 2 wagons on retrofitted track retrofitted
15:39:23 | INFO     | t=4979.0: WAGON[W4793] → Added to retrofitted track retrofitted
15:39:23 | INFO     | t=4979.0: WAGON[W11718] → Added to retrofitted track retrofitted
15:39:23 | INFO     | t=4980.0: LOCO[LOCO_02] → TRAIN_PREP at retrofitted (coupling + prep, 3.0 min)
15:39:23 | INFO     | t=4984.0: WORKSHOP[WS_01] → Released, notifying 0 waiting processes
15:39:23 | INFO     | t=4984.0: DISPATCHER → Assigned loco LOCO_01 to retrofit_to_workshop (waited 9.0 min, pending=2)
15:39:23 | INFO     | t=4984.0: RAKE[W7155,W8636] → COUPLING at retrofit (1 couplings, 2.0 min)
15:39:23 | INFO     | t=4984.0: WAGON[W7258] → Retrieved from retrofit queue
15:39:23 | INFO     | t=4984.0: WORKSHOP[WS_01] → Selected for batch
15:39:23 | INFO     | t=4984.0: WAGON[W9495] → Added to batch
15:39:23 | INFO     | t=4984.0: BATCH[W7258,W9495] → Formed 2 wagons for WS_01
15:39:23 | INFO     | t=4984.0: TRACK[retrofit] → Removed 2 wagons (29.7m freed)
15:39:23 | INFO     | t=4984.0: DISPATCHER → Task submitted: retrofit_to_workshop (pending=3)
15:39:23 | INFO     | t=4991.0: LOCO[LOCO_01] → COUPLING at retrofit (2.0 min)
15:39:23 | INFO     | t=4993.0: LOCO[LOCO_01] → SHUNTING_PREP at retrofit (1.0 min)
15:39:23 | INFO     | EVENT_PUBLISHED: TrainArrivedEvent | train=T65 | time=4999.0
15:39:23 | INFO     | EVENT_HANDLING: TrainArrivedEvent -> RetrofitWorkshopContext._handle_train_arrived
15:39:23 | INFO     | EVENT_HANDLED: TrainArrivedEvent by RetrofitWorkshopContext._handle_train_arrived
15:39:23 | INFO     | t=4999.0: LOCO[LOCO_01] → DECOUPLING at WS_02 (3.0 min)
15:39:23 | INFO     | t=5002.0: RAKE[W7155,W8636] → DECOUPLING at WS_02 (1 couplings, 3.0 min)
15:39:23 | INFO     | t=5005.0: WAGON[W7155] → RETROFIT_STARTED at WS_02
15:39:23 | INFO     | t=5005.0: WAGON[W8636] → RETROFIT_STARTED at WS_02
15:39:23 | INFO     | t=5010.0: DISPATCHER → Assigned loco LOCO_01 to retrofit_to_workshop (waited 26.0 min, pending=2)
15:39:23 | INFO     | t=5010.0: RAKE[W7258,W9495] → COUPLING at retrofit (1 couplings, 2.0 min)
15:39:23 | INFO     | t=5010.0: WAGON[W11014] → Retrieved from retrofit queue
15:39:23 | INFO     | t=5010.0: WORKSHOP → No workshop available, waiting...
15:39:23 | INFO     | EVENT_PUBLISHED: TrainArrivedEvent | train=T66 | time=5011.0
15:39:23 | INFO     | EVENT_HANDLING: TrainArrivedEvent -> RetrofitWorkshopContext._handle_train_arrived
15:39:23 | INFO     | EVENT_HANDLED: TrainArrivedEvent by RetrofitWorkshopContext._handle_train_arrived
15:39:23 | INFO     | EVENT_PUBLISHED: TrainArrivedEvent | train=T67 | time=5014.0
15:39:23 | INFO     | EVENT_HANDLING: TrainArrivedEvent -> RetrofitWorkshopContext._handle_train_arrived
15:39:23 | INFO     | EVENT_HANDLED: TrainArrivedEvent by RetrofitWorkshopContext._handle_train_arrived
15:39:23 | INFO     | t=5017.0: LOCO[LOCO_01] → COUPLING at retrofit (2.0 min)
15:39:23 | INFO     | t=5019.0: LOCO[LOCO_01] → SHUNTING_PREP at retrofit (1.0 min)
15:39:23 | INFO     | t=5025.0: LOCO[LOCO_01] → DECOUPLING at WS_01 (3.0 min)
15:39:23 | INFO     | t=5028.0: RAKE[W7258,W9495] → DECOUPLING at WS_01 (1 couplings, 3.0 min)
15:39:23 | INFO     | t=5031.0: WAGON[W7258] → RETROFIT_STARTED at WS_01
15:39:23 | INFO     | t=5031.0: WAGON[W9495] → RETROFIT_STARTED at WS_01
15:39:23 | INFO     | t=5036.0: DISPATCHER → Assigned loco LOCO_01 to collection_to_retrofit (waited 276.0 min, pending=1)
15:39:23 | INFO     | EVENT_PUBLISHED: TrainArrivedEvent | train=T68 | time=5039.8
15:39:23 | INFO     | EVENT_HANDLING: TrainArrivedEvent -> RetrofitWorkshopContext._handle_train_arrived
15:39:23 | INFO     | EVENT_HANDLED: TrainArrivedEvent by RetrofitWorkshopContext._handle_train_arrived
15:39:23 | INFO     | EVENT_PUBLISHED: TrainArrivedEvent | train=T69 | time=5059.2
15:39:23 | INFO     | EVENT_HANDLING: TrainArrivedEvent -> RetrofitWorkshopContext._handle_train_arrived
15:39:23 | INFO     | EVENT_HANDLED: TrainArrivedEvent by RetrofitWorkshopContext._handle_train_arrived
15:39:23 | INFO     | t=5065.0: RAKE[W7155,W8636] → COUPLING at WS_02 (1 couplings, 0.5 min)
15:39:23 | INFO     | t=5065.5: LOCO → Allocating for pickup from WS_02
15:39:23 | INFO     | t=5065.5: DISPATCHER → Task submitted: workshop_to_retrofitted (pending=2)
15:39:23 | INFO     | t=5091.0: RAKE[W7258,W9495] → COUPLING at WS_01 (1 couplings, 0.5 min)
15:39:23 | INFO     | t=5091.5: LOCO → Allocating for pickup from WS_01
15:39:23 | INFO     | t=5091.5: DISPATCHER → Task submitted: workshop_to_retrofitted (pending=3)
15:39:23 | INFO     | t=5096.0: LOCO[LOCO_01] → TRAIN_PREP at collection (coupling + prep, 11.0 min)
15:39:23 | INFO     | t=5103.0: LOCO[LOCO_02] → DECOUPLING at parking16 (2.0 min)
15:39:23 | INFO     | t=5105.0: RAKE[W11269,W3811,W11254,W10878] → DECOUPLING at parking16 (3 couplings, 1.5 min)
15:39:23 | INFO     | EVENT_PUBLISHED: TrainArrivedEvent | train=T70 | time=5107.8
15:39:23 | INFO     | EVENT_HANDLING: TrainArrivedEvent -> RetrofitWorkshopContext._handle_train_arrived
15:39:23 | INFO     | EVENT_HANDLED: TrainArrivedEvent by RetrofitWorkshopContext._handle_train_arrived
15:39:23 | INFO     | EVENT_PUBLISHED: TrainArrivedEvent | train=T71 | time=5111.8
15:39:23 | INFO     | EVENT_HANDLING: TrainArrivedEvent -> RetrofitWorkshopContext._handle_train_arrived
15:39:23 | INFO     | EVENT_HANDLED: TrainArrivedEvent by RetrofitWorkshopContext._handle_train_arrived
15:39:23 | INFO     | t=5166.5: LOCO[LOCO_02] → Releasing
15:39:23 | INFO     | t=5166.5: LOCO[LOCO_02] → Released
15:39:23 | INFO     | t=5166.5: PARKING → Got wagon W12077 from retrofitted
15:39:23 | INFO     | t=5166.5: DISPATCHER → Assigned loco LOCO_02 to workshop_to_retrofitted (waited 101.0 min, pending=2)
15:39:23 | INFO     | t=5166.5: LOCO[LOCO_02] → Allocated for pickup
15:39:23 | INFO     | t=5166.5: LOCO → Allocating for parking transport
15:39:23 | INFO     | t=5166.5: DISPATCHER → Task submitted: retrofitted_to_parking (pending=3)
15:39:23 | INFO     | t=5167.0: LOCO[LOCO_01] → DECOUPLING at retrofit (15.0 min)
15:39:23 | INFO     | t=5173.5: LOCO[LOCO_02] → TRAIN_PREP completed at WS_02 (2.0 min)
15:39:23 | INFO     | t=5178.5: BATCH → Putting 2 wagons on retrofitted track retrofitted
15:39:23 | INFO     | t=5178.5: WAGON[W7155] → Added to retrofitted track retrofitted
15:39:23 | INFO     | t=5178.5: WAGON[W8636] → Added to retrofitted track retrofitted
15:39:23 | INFO     | t=5182.0: RAKE[W9345,W7115,W10706,W5057,W4522] → DECOUPLING at retrofit (4 couplings, 12.0 min)
15:39:23 | INFO     | t=5183.5: WORKSHOP[WS_02] → Released, notifying 1 waiting processes
15:39:23 | INFO     | t=5183.5: WORKSHOP → Workshop became available
15:39:23 | INFO     | t=5183.5: WORKSHOP[WS_02] → Selected for batch
15:39:23 | INFO     | t=5183.5: DISPATCHER → Assigned loco LOCO_02 to workshop_to_retrofitted (waited 92.0 min, pending=2)
15:39:23 | INFO     | t=5183.5: WAGON[W9040] → Added to batch
15:39:23 | INFO     | t=5183.5: BATCH[W11014,W9040] → Formed 2 wagons for WS_02
15:39:23 | INFO     | t=5183.5: LOCO[LOCO_02] → Allocated for pickup
15:39:23 | INFO     | t=5183.5: TRACK[retrofit] → Removed 2 wagons (32.4m freed)
15:39:23 | INFO     | t=5183.5: DISPATCHER → Task submitted: retrofit_to_workshop (pending=3)
15:39:23 | INFO     | t=5190.5: LOCO[LOCO_02] → TRAIN_PREP completed at WS_01 (2.0 min)
15:39:23 | INFO     | t=5195.5: BATCH → Putting 2 wagons on retrofitted track retrofitted
15:39:23 | INFO     | t=5195.5: WAGON[W7258] → Added to retrofitted track retrofitted
15:39:23 | INFO     | t=5195.5: WAGON[W9495] → Added to retrofitted track retrofitted
15:39:23 | INFO     | t=5199.0: DISPATCHER → Assigned loco LOCO_01 to retrofit_to_workshop (waited 15.5 min, pending=2)
15:39:23 | INFO     | t=5199.0: RAKE[W11014,W9040] → COUPLING at retrofit (1 couplings, 2.0 min)
15:39:23 | INFO     | t=5199.0: WAGON[W10949] → Retrieved from retrofit queue
15:39:23 | INFO     | t=5199.0: WORKSHOP → No workshop available, waiting...
15:39:23 | INFO     | t=5199.0: Batch size limited by retrofit capacity: 4 wagons (80.3m) fits, 17 waiting
15:39:23 | INFO     | t=5199.0: COLLECTION → Reserving retrofit track capacity for 4 wagons
15:39:23 | INFO     | t=5199.0: COLLECTION → Capacity reserved, allocating locomotive
15:39:23 | INFO     | t=5199.0: DISPATCHER → Task submitted: collection_to_retrofit (pending=3)
15:39:23 | INFO     | t=5200.5: WORKSHOP[WS_01] → Released, notifying 1 waiting processes
15:39:23 | INFO     | t=5200.5: WORKSHOP → Workshop became available
15:39:23 | INFO     | t=5200.5: WORKSHOP[WS_01] → Selected for batch
15:39:23 | INFO     | t=5200.5: DISPATCHER → Assigned loco LOCO_02 to retrofitted_to_parking (waited 34.0 min, pending=2)
15:39:23 | INFO     | t=5200.5: WAGON[W8631] → Added to batch
15:39:23 | INFO     | t=5200.5: BATCH[W10949,W8631] → Formed 2 wagons for WS_01
15:39:23 | INFO     | t=5200.5: LOCO[LOCO_02] → Allocated for parking transport
15:39:23 | INFO     | t=5200.5: TRACK[retrofit] → Removed 2 wagons (37.6m freed)
15:39:23 | INFO     | t=5200.5: DISPATCHER → Task submitted: retrofit_to_workshop (pending=3)
15:39:23 | INFO     | EVENT_PUBLISHED: TrainArrivedEvent | train=T72 | time=5203.8
15:39:23 | INFO     | EVENT_HANDLING: TrainArrivedEvent -> RetrofitWorkshopContext._handle_train_arrived
15:39:23 | INFO     | EVENT_HANDLED: TrainArrivedEvent by RetrofitWorkshopContext._handle_train_arrived
15:39:23 | INFO     | t=5205.5: LOCO[LOCO_02] → TRAIN_PREP at retrofitted (coupling + prep, 3.0 min)
15:39:23 | INFO     | t=5206.0: LOCO[LOCO_01] → COUPLING at retrofit (2.0 min)
15:39:23 | INFO     | t=5208.0: LOCO[LOCO_01] → SHUNTING_PREP at retrofit (1.0 min)
15:39:23 | INFO     | t=5213.5: LOCO[LOCO_02] → DECOUPLING at parking1 (2.0 min)
15:39:23 | INFO     | t=5214.0: LOCO[LOCO_01] → DECOUPLING at WS_02 (3.0 min)
15:39:23 | INFO     | t=5215.5: RAKE[W12077,W11766,W4793,W11718] → DECOUPLING at parking1 (3 couplings, 1.5 min)
15:39:23 | INFO     | t=5217.0: RAKE[W11014,W9040] → DECOUPLING at WS_02 (1 couplings, 3.0 min)
15:39:23 | INFO     | t=5220.0: WAGON[W11014] → RETROFIT_STARTED at WS_02
15:39:23 | INFO     | t=5220.0: WAGON[W9040] → RETROFIT_STARTED at WS_02
15:39:23 | INFO     | EVENT_PUBLISHED: TrainArrivedEvent | train=T73 | time=5221.5
15:39:23 | INFO     | EVENT_HANDLING: TrainArrivedEvent -> RetrofitWorkshopContext._handle_train_arrived
15:39:23 | INFO     | EVENT_HANDLED: TrainArrivedEvent by RetrofitWorkshopContext._handle_train_arrived
15:39:23 | INFO     | t=5222.0: LOCO[LOCO_02] → Releasing
15:39:23 | INFO     | t=5222.0: LOCO[LOCO_02] → Released
15:39:23 | INFO     | t=5222.0: PARKING → Got wagon W7155 from retrofitted
15:39:23 | INFO     | t=5222.0: DISPATCHER → Assigned loco LOCO_02 to retrofit_to_workshop (waited 21.5 min, pending=2)
15:39:23 | INFO     | t=5222.0: RAKE[W10949,W8631] → COUPLING at retrofit (1 couplings, 2.0 min)
15:39:23 | INFO     | t=5222.0: WAGON[W11467] → Retrieved from retrofit queue
15:39:23 | INFO     | t=5222.0: WORKSHOP → No workshop available, waiting...
15:39:23 | INFO     | t=5222.0: LOCO → Allocating for parking transport
15:39:23 | INFO     | t=5222.0: DISPATCHER → Task submitted: retrofitted_to_parking (pending=3)
15:39:23 | INFO     | t=5225.0: DISPATCHER → Assigned loco LOCO_01 to retrofitted_to_parking (waited 3.0 min, pending=2)
15:39:23 | INFO     | t=5225.0: LOCO[LOCO_01] → Allocated for parking transport
15:39:23 | INFO     | t=5229.0: LOCO[LOCO_02] → COUPLING at retrofit (2.0 min)
15:39:23 | INFO     | t=5230.0: LOCO[LOCO_01] → TRAIN_PREP at retrofitted (coupling + prep, 3.0 min)
15:39:23 | INFO     | t=5231.0: LOCO[LOCO_02] → SHUNTING_PREP at retrofit (1.0 min)
15:39:23 | INFO     | t=5237.0: LOCO[LOCO_02] → DECOUPLING at WS_01 (3.0 min)
15:39:23 | INFO     | t=5240.0: RAKE[W10949,W8631] → DECOUPLING at WS_01 (1 couplings, 3.0 min)
15:39:23 | INFO     | t=5243.0: WAGON[W10949] → RETROFIT_STARTED at WS_01
15:39:23 | INFO     | t=5243.0: WAGON[W8631] → RETROFIT_STARTED at WS_01
15:39:23 | INFO     | t=5248.0: DISPATCHER → Assigned loco LOCO_02 to collection_to_retrofit (waited 281.0 min, pending=1)
15:39:23 | INFO     | t=5280.0: RAKE[W11014,W9040] → COUPLING at WS_02 (1 couplings, 0.5 min)
15:39:23 | INFO     | t=5280.5: LOCO → Allocating for pickup from WS_02
15:39:23 | INFO     | t=5280.5: DISPATCHER → Task submitted: workshop_to_retrofitted (pending=2)
15:39:23 | INFO     | t=5293.0: LOCO[LOCO_01] → DECOUPLING at parking12 (2.0 min)
15:39:23 | INFO     | t=5295.0: RAKE[W7155,W8636,W7258,W9495] → DECOUPLING at parking12 (3 couplings, 1.5 min)
15:39:23 | INFO     | t=5303.0: RAKE[W10949,W8631] → COUPLING at WS_01 (1 couplings, 0.5 min)
15:39:23 | INFO     | t=5303.5: LOCO → Allocating for pickup from WS_01
15:39:23 | INFO     | t=5303.5: DISPATCHER → Task submitted: workshop_to_retrofitted (pending=3)
15:39:23 | INFO     | t=5308.0: LOCO[LOCO_02] → TRAIN_PREP at collection (coupling + prep, 5.0 min)
15:39:23 | INFO     | t=5356.5: LOCO[LOCO_01] → Releasing
15:39:23 | INFO     | t=5356.5: LOCO[LOCO_01] → Released
15:39:23 | INFO     | t=5356.5: DISPATCHER → Assigned loco LOCO_01 to workshop_to_retrofitted (waited 76.0 min, pending=2)
15:39:23 | INFO     | t=5356.5: LOCO[LOCO_01] → Allocated for pickup
15:39:23 | INFO     | t=5363.5: LOCO[LOCO_01] → TRAIN_PREP completed at WS_02 (2.0 min)
15:39:23 | INFO     | t=5368.5: BATCH → Putting 2 wagons on retrofitted track retrofitted
15:39:23 | INFO     | t=5368.5: WAGON[W11014] → Added to retrofitted track retrofitted
15:39:23 | INFO     | t=5368.5: WAGON[W9040] → Added to retrofitted track retrofitted
15:39:23 | INFO     | t=5368.5: PARKING → Got wagon W11014 from retrofitted
15:39:23 | INFO     | t=5368.5: LOCO → Allocating for parking transport
15:39:23 | INFO     | t=5368.5: DISPATCHER → Task submitted: retrofitted_to_parking (pending=3)
15:39:23 | INFO     | t=5373.0: LOCO[LOCO_02] → DECOUPLING at retrofit (6.0 min)
15:39:23 | INFO     | t=5373.5: WORKSHOP[WS_02] → Released, notifying 1 waiting processes
15:39:23 | INFO     | t=5373.5: WORKSHOP → Workshop became available
15:39:23 | INFO     | t=5373.5: WORKSHOP[WS_02] → Selected for batch
15:39:23 | INFO     | t=5373.5: DISPATCHER → Assigned loco LOCO_01 to workshop_to_retrofitted (waited 70.0 min, pending=2)
15:39:23 | INFO     | t=5373.5: WAGON[W10354] → Added to batch
15:39:23 | INFO     | t=5373.5: BATCH[W11467,W10354] → Formed 2 wagons for WS_02
15:39:23 | INFO     | t=5373.5: LOCO[LOCO_01] → Allocated for pickup
15:39:23 | INFO     | t=5373.5: TRACK[retrofit] → Removed 2 wagons (49.2m freed)
15:39:23 | INFO     | t=5373.5: DISPATCHER → Task submitted: retrofit_to_workshop (pending=3)
15:39:23 | INFO     | t=5379.0: RAKE[W0623,W11261] → DECOUPLING at retrofit (1 couplings, 3.0 min)
15:39:23 | INFO     | t=5380.5: LOCO[LOCO_01] → TRAIN_PREP completed at WS_01 (2.0 min)
15:39:23 | INFO     | t=5385.5: BATCH → Putting 2 wagons on retrofitted track retrofitted
15:39:23 | INFO     | t=5385.5: WAGON[W10949] → Added to retrofitted track retrofitted
15:39:23 | INFO     | t=5385.5: WAGON[W8631] → Added to retrofitted track retrofitted
15:39:23 | INFO     | t=5387.0: DISPATCHER → Assigned loco LOCO_02 to retrofit_to_workshop (waited 13.5 min, pending=2)
15:39:23 | INFO     | t=5387.0: RAKE[W11467,W10354] → COUPLING at retrofit (1 couplings, 2.0 min)
15:39:23 | INFO     | t=5387.0: WAGON[W9345] → Retrieved from retrofit queue
15:39:23 | INFO     | t=5387.0: WORKSHOP → No workshop available, waiting...
15:39:23 | INFO     | t=5387.0: Batch size limited by retrofit capacity: 7 wagons (99.7m) fits, 14 waiting
15:39:23 | INFO     | t=5387.0: COLLECTION → Reserving retrofit track capacity for 7 wagons
15:39:23 | INFO     | t=5387.0: COLLECTION → Capacity reserved, allocating locomotive
15:39:23 | INFO     | t=5387.0: DISPATCHER → Task submitted: collection_to_retrofit (pending=3)
15:39:23 | INFO     | t=5390.5: WORKSHOP[WS_01] → Released, notifying 1 waiting processes
15:39:23 | INFO     | t=5390.5: WORKSHOP → Workshop became available
15:39:23 | INFO     | t=5390.5: WORKSHOP[WS_01] → Selected for batch
15:39:23 | INFO     | t=5390.5: DISPATCHER → Assigned loco LOCO_01 to retrofitted_to_parking (waited 22.0 min, pending=2)
15:39:23 | INFO     | t=5390.5: WAGON[W7115] → Added to batch
15:39:23 | INFO     | t=5390.5: BATCH[W9345,W7115] → Formed 2 wagons for WS_01
15:39:23 | INFO     | t=5390.5: LOCO[LOCO_01] → Allocated for parking transport
15:39:23 | INFO     | t=5390.5: TRACK[retrofit] → Removed 2 wagons (32.0m freed)
15:39:23 | INFO     | t=5390.5: DISPATCHER → Task submitted: retrofit_to_workshop (pending=3)
15:39:23 | INFO     | t=5394.0: LOCO[LOCO_02] → COUPLING at retrofit (2.0 min)
15:39:23 | INFO     | t=5395.5: LOCO[LOCO_01] → TRAIN_PREP at retrofitted (coupling + prep, 2.0 min)
15:39:23 | INFO     | t=5396.0: LOCO[LOCO_02] → SHUNTING_PREP at retrofit (1.0 min)
15:39:23 | INFO     | EVENT_PUBLISHED: TrainArrivedEvent | train=T74 | time=5397.8
15:39:23 | INFO     | EVENT_HANDLING: TrainArrivedEvent -> RetrofitWorkshopContext._handle_train_arrived
15:39:23 | INFO     | EVENT_HANDLED: TrainArrivedEvent by RetrofitWorkshopContext._handle_train_arrived
15:39:23 | INFO     | t=5402.0: LOCO[LOCO_02] → DECOUPLING at WS_02 (3.0 min)
15:39:23 | INFO     | EVENT_PUBLISHED: TrainArrivedEvent | train=T75 | time=5403.8
15:39:23 | INFO     | EVENT_HANDLING: TrainArrivedEvent -> RetrofitWorkshopContext._handle_train_arrived
15:39:23 | INFO     | EVENT_HANDLED: TrainArrivedEvent by RetrofitWorkshopContext._handle_train_arrived
15:39:23 | INFO     | t=5405.0: RAKE[W11467,W10354] → DECOUPLING at WS_02 (1 couplings, 3.0 min)
15:39:23 | INFO     | t=5408.0: WAGON[W11467] → RETROFIT_STARTED at WS_02
15:39:23 | INFO     | t=5408.0: WAGON[W10354] → RETROFIT_STARTED at WS_02
15:39:23 | INFO     | t=5413.0: DISPATCHER → Assigned loco LOCO_02 to retrofit_to_workshop (waited 22.5 min, pending=2)
15:39:23 | INFO     | t=5413.0: RAKE[W9345,W7115] → COUPLING at retrofit (1 couplings, 2.0 min)
15:39:23 | INFO     | t=5413.0: WAGON[W10706] → Retrieved from retrofit queue
15:39:23 | INFO     | t=5413.0: WORKSHOP → No workshop available, waiting...
15:39:23 | INFO     | t=5420.0: LOCO[LOCO_02] → COUPLING at retrofit (2.0 min)
15:39:23 | INFO     | t=5422.0: LOCO[LOCO_02] → SHUNTING_PREP at retrofit (1.0 min)
15:39:23 | INFO     | t=5428.0: LOCO[LOCO_02] → DECOUPLING at WS_01 (3.0 min)
15:39:23 | INFO     | t=5431.0: RAKE[W9345,W7115] → DECOUPLING at WS_01 (1 couplings, 3.0 min)
15:39:23 | INFO     | t=5434.0: WAGON[W9345] → RETROFIT_STARTED at WS_01
15:39:23 | INFO     | t=5434.0: WAGON[W7115] → RETROFIT_STARTED at WS_01
15:39:23 | INFO     | t=5439.0: DISPATCHER → Assigned loco LOCO_02 to collection_to_retrofit (waited 240.0 min, pending=1)
15:39:23 | INFO     | EVENT_PUBLISHED: TrainArrivedEvent | train=T76 | time=5465.2
15:39:23 | INFO     | EVENT_HANDLING: TrainArrivedEvent -> RetrofitWorkshopContext._handle_train_arrived
15:39:23 | INFO     | EVENT_HANDLED: TrainArrivedEvent by RetrofitWorkshopContext._handle_train_arrived
15:39:23 | INFO     | t=5468.0: RAKE[W11467,W10354] → COUPLING at WS_02 (1 couplings, 0.5 min)
15:39:23 | INFO     | t=5468.5: LOCO → Allocating for pickup from WS_02
15:39:23 | INFO     | t=5468.5: DISPATCHER → Task submitted: workshop_to_retrofitted (pending=2)
15:39:23 | INFO     | EVENT_PUBLISHED: TrainArrivedEvent | train=T77 | time=5470.2
15:39:23 | INFO     | EVENT_HANDLING: TrainArrivedEvent -> RetrofitWorkshopContext._handle_train_arrived
15:39:23 | INFO     | EVENT_HANDLED: TrainArrivedEvent by RetrofitWorkshopContext._handle_train_arrived
15:39:23 | INFO     | t=5472.5: LOCO[LOCO_01] → DECOUPLING at parking13 (1.0 min)
15:39:23 | INFO     | t=5473.5: RAKE[W11014,W9040] → DECOUPLING at parking13 (1 couplings, 0.5 min)
15:39:23 | INFO     | EVENT_PUBLISHED: TrainArrivedEvent | train=T78 | time=5477.2
15:39:23 | INFO     | EVENT_HANDLING: TrainArrivedEvent -> RetrofitWorkshopContext._handle_train_arrived
15:39:23 | INFO     | EVENT_HANDLED: TrainArrivedEvent by RetrofitWorkshopContext._handle_train_arrived
15:39:23 | INFO     | t=5494.0: RAKE[W9345,W7115] → COUPLING at WS_01 (1 couplings, 0.5 min)
15:39:23 | INFO     | t=5494.5: LOCO → Allocating for pickup from WS_01
15:39:23 | INFO     | t=5494.5: DISPATCHER → Task submitted: workshop_to_retrofitted (pending=3)
15:39:23 | INFO     | t=5499.0: LOCO[LOCO_02] → TRAIN_PREP at collection (coupling + prep, 9.0 min)
15:39:23 | INFO     | EVENT_PUBLISHED: TrainArrivedEvent | train=T79 | time=5517.8
15:39:23 | INFO     | EVENT_HANDLING: TrainArrivedEvent -> RetrofitWorkshopContext._handle_train_arrived
15:39:23 | INFO     | EVENT_HANDLED: TrainArrivedEvent by RetrofitWorkshopContext._handle_train_arrived
15:39:23 | INFO     | t=5534.0: LOCO[LOCO_01] → Releasing
15:39:23 | INFO     | t=5534.0: LOCO[LOCO_01] → Released
15:39:23 | INFO     | t=5534.0: PARKING → Got wagon W10949 from retrofitted
15:39:23 | INFO     | t=5534.0: DISPATCHER → Assigned loco LOCO_01 to workshop_to_retrofitted (waited 65.5 min, pending=2)
15:39:23 | INFO     | t=5534.0: LOCO → Allocating for parking transport
15:39:23 | INFO     | t=5534.0: DISPATCHER → Task submitted: retrofitted_to_parking (pending=3)
15:39:23 | INFO     | t=5534.0: LOCO[LOCO_01] → Allocated for pickup
15:39:23 | INFO     | t=5541.0: LOCO[LOCO_01] → TRAIN_PREP completed at WS_02 (2.0 min)
15:39:23 | INFO     | t=5546.0: BATCH → Putting 2 wagons on retrofitted track retrofitted
15:39:23 | INFO     | t=5546.0: WAGON[W11467] → Added to retrofitted track retrofitted
15:39:23 | INFO     | t=5546.0: WAGON[W10354] → Added to retrofitted track retrofitted
15:39:23 | INFO     | t=5551.0: WORKSHOP[WS_02] → Released, notifying 1 waiting processes
15:39:23 | INFO     | t=5551.0: WORKSHOP → Workshop became available
15:39:23 | INFO     | t=5551.0: WORKSHOP[WS_02] → Selected for batch
15:39:23 | INFO     | t=5551.0: DISPATCHER → Assigned loco LOCO_01 to workshop_to_retrofitted (waited 56.5 min, pending=2)
15:39:23 | INFO     | t=5551.0: WAGON[W5057] → Added to batch
15:39:23 | INFO     | t=5551.0: BATCH[W10706,W5057] → Formed 2 wagons for WS_02
15:39:23 | INFO     | t=5551.0: LOCO[LOCO_01] → Allocated for pickup
15:39:23 | INFO     | t=5551.0: TRACK[retrofit] → Removed 2 wagons (34.9m freed)
15:39:23 | INFO     | t=5551.0: DISPATCHER → Task submitted: retrofit_to_workshop (pending=3)
15:39:23 | INFO     | EVENT_PUBLISHED: TrainArrivedEvent | train=T80 | time=5557.0
15:39:23 | INFO     | EVENT_HANDLING: TrainArrivedEvent -> RetrofitWorkshopContext._handle_train_arrived
15:39:23 | INFO     | EVENT_HANDLED: TrainArrivedEvent by RetrofitWorkshopContext._handle_train_arrived
15:39:23 | INFO     | t=5558.0: LOCO[LOCO_01] → TRAIN_PREP completed at WS_01 (2.0 min)
15:39:23 | INFO     | t=5563.0: BATCH → Putting 2 wagons on retrofitted track retrofitted
15:39:23 | INFO     | t=5563.0: WAGON[W9345] → Added to retrofitted track retrofitted
15:39:23 | INFO     | t=5563.0: WAGON[W7115] → Added to retrofitted track retrofitted
15:39:23 | INFO     | EVENT_PUBLISHED: TrainArrivedEvent | train=T81 | time=5566.2
15:39:23 | INFO     | EVENT_HANDLING: TrainArrivedEvent -> RetrofitWorkshopContext._handle_train_arrived
15:39:23 | INFO     | EVENT_HANDLED: TrainArrivedEvent by RetrofitWorkshopContext._handle_train_arrived
15:39:23 | INFO     | t=5568.0: LOCO[LOCO_02] → DECOUPLING at retrofit (12.0 min)
15:39:23 | INFO     | t=5568.0: WORKSHOP[WS_01] → Released, notifying 0 waiting processes
15:39:23 | INFO     | t=5568.0: DISPATCHER → Assigned loco LOCO_01 to retrofit_to_workshop (waited 17.0 min, pending=2)
15:39:23 | INFO     | t=5568.0: RAKE[W10706,W5057] → COUPLING at retrofit (1 couplings, 2.0 min)
15:39:23 | INFO     | t=5568.0: WAGON[W4522] → Retrieved from retrofit queue
15:39:23 | INFO     | t=5568.0: WORKSHOP[WS_01] → Selected for batch
15:39:23 | INFO     | t=5568.0: WAGON[W0623] → Added to batch
15:39:23 | INFO     | t=5568.0: BATCH[W4522,W0623] → Formed 2 wagons for WS_01
15:39:23 | INFO     | t=5568.0: TRACK[retrofit] → Removed 2 wagons (49.5m freed)
15:39:23 | INFO     | t=5568.0: DISPATCHER → Task submitted: retrofit_to_workshop (pending=3)
15:39:23 | INFO     | t=5575.0: LOCO[LOCO_01] → COUPLING at retrofit (2.0 min)
15:39:23 | INFO     | t=5577.0: LOCO[LOCO_01] → SHUNTING_PREP at retrofit (1.0 min)
15:39:23 | INFO     | t=5580.0: RAKE[W4479,W2737,W7253,W2971] → DECOUPLING at retrofit (3 couplings, 9.0 min)
15:39:23 | INFO     | t=5583.0: LOCO[LOCO_01] → DECOUPLING at WS_02 (3.0 min)
15:39:23 | INFO     | t=5586.0: RAKE[W10706,W5057] → DECOUPLING at WS_02 (1 couplings, 3.0 min)
15:39:23 | INFO     | t=5589.0: WAGON[W10706] → RETROFIT_STARTED at WS_02
15:39:23 | INFO     | t=5589.0: WAGON[W5057] → RETROFIT_STARTED at WS_02
15:39:23 | INFO     | t=5594.0: DISPATCHER → Assigned loco LOCO_02 to retrofit_to_workshop (waited 26.0 min, pending=2)
15:39:23 | INFO     | t=5594.0: RAKE[W4522,W0623] → COUPLING at retrofit (1 couplings, 2.0 min)
15:39:23 | INFO     | t=5594.0: WAGON[W11261] → Retrieved from retrofit queue
15:39:23 | INFO     | t=5594.0: WORKSHOP → No workshop available, waiting...
15:39:23 | INFO     | t=5594.0: DISPATCHER → Assigned loco LOCO_01 to retrofitted_to_parking (waited 60.0 min, pending=1)
15:39:23 | INFO     | t=5594.0: LOCO[LOCO_01] → Allocated for parking transport
15:39:23 | INFO     | t=5594.0: Batch size limited by retrofit capacity: 5 wagons (125.6m) fits, 17 waiting
15:39:23 | INFO     | t=5594.0: COLLECTION → Reserving retrofit track capacity for 5 wagons
15:39:23 | INFO     | t=5594.0: COLLECTION → Capacity reserved, allocating locomotive
15:39:23 | INFO     | t=5594.0: DISPATCHER → Task submitted: collection_to_retrofit (pending=2)
15:39:23 | INFO     | t=5599.0: LOCO[LOCO_01] → TRAIN_PREP at retrofitted (coupling + prep, 2.0 min)
15:39:23 | INFO     | t=5601.0: LOCO[LOCO_02] → COUPLING at retrofit (2.0 min)
15:39:23 | INFO     | t=5603.0: LOCO[LOCO_02] → SHUNTING_PREP at retrofit (1.0 min)
15:39:23 | INFO     | t=5609.0: LOCO[LOCO_02] → DECOUPLING at WS_01 (3.0 min)
15:39:23 | INFO     | t=5612.0: RAKE[W4522,W0623] → DECOUPLING at WS_01 (1 couplings, 3.0 min)
15:39:23 | INFO     | t=5615.0: WAGON[W4522] → RETROFIT_STARTED at WS_01
15:39:23 | INFO     | t=5615.0: WAGON[W0623] → RETROFIT_STARTED at WS_01
15:39:23 | INFO     | t=5620.0: DISPATCHER → Assigned loco LOCO_02 to collection_to_retrofit (waited 233.0 min, pending=1)
15:39:23 | INFO     | t=5649.0: RAKE[W10706,W5057] → COUPLING at WS_02 (1 couplings, 0.5 min)
15:39:23 | INFO     | t=5649.5: LOCO → Allocating for pickup from WS_02
15:39:23 | INFO     | t=5649.5: DISPATCHER → Task submitted: workshop_to_retrofitted (pending=2)
15:39:23 | INFO     | t=5675.0: RAKE[W4522,W0623] → COUPLING at WS_01 (1 couplings, 0.5 min)
15:39:23 | INFO     | t=5675.5: LOCO → Allocating for pickup from WS_01
15:39:23 | INFO     | t=5675.5: DISPATCHER → Task submitted: workshop_to_retrofitted (pending=3)
15:39:23 | INFO     | t=5676.0: LOCO[LOCO_01] → DECOUPLING at parking14 (1.0 min)
15:39:23 | INFO     | t=5677.0: RAKE[W10949,W8631] → DECOUPLING at parking14 (1 couplings, 0.5 min)
15:39:23 | INFO     | t=5680.0: LOCO[LOCO_02] → TRAIN_PREP at collection (coupling + prep, 15.0 min)
15:39:23 | INFO     | EVENT_PUBLISHED: TrainArrivedEvent | train=T82 | time=5724.0
15:39:23 | INFO     | EVENT_HANDLING: TrainArrivedEvent -> RetrofitWorkshopContext._handle_train_arrived
15:39:23 | INFO     | EVENT_HANDLED: TrainArrivedEvent by RetrofitWorkshopContext._handle_train_arrived
15:39:23 | INFO     | t=5737.5: LOCO[LOCO_01] → Releasing
15:39:23 | INFO     | t=5737.5: LOCO[LOCO_01] → Released
15:39:23 | INFO     | t=5737.5: PARKING → Got wagon W11467 from retrofitted
15:39:23 | INFO     | t=5737.5: DISPATCHER → Assigned loco LOCO_01 to workshop_to_retrofitted (waited 88.0 min, pending=2)
15:39:23 | INFO     | t=5737.5: LOCO[LOCO_01] → Allocated for pickup
15:39:23 | INFO     | t=5737.5: LOCO → Allocating for parking transport
15:39:23 | INFO     | t=5737.5: DISPATCHER → Task submitted: retrofitted_to_parking (pending=3)
15:39:23 | INFO     | t=5744.5: LOCO[LOCO_01] → TRAIN_PREP completed at WS_02 (2.0 min)
15:39:23 | INFO     | t=5749.5: BATCH → Putting 2 wagons on retrofitted track retrofitted
15:39:23 | INFO     | t=5749.5: WAGON[W10706] → Added to retrofitted track retrofitted
15:39:23 | INFO     | t=5749.5: WAGON[W5057] → Added to retrofitted track retrofitted
15:39:23 | INFO     | t=5754.5: WORKSHOP[WS_02] → Released, notifying 1 waiting processes
15:39:23 | INFO     | t=5754.5: WORKSHOP → Workshop became available
15:39:23 | INFO     | t=5754.5: WORKSHOP[WS_02] → Selected for batch
15:39:23 | INFO     | t=5754.5: DISPATCHER → Assigned loco LOCO_01 to workshop_to_retrofitted (waited 79.0 min, pending=2)
15:39:23 | INFO     | t=5754.5: WAGON[W4479] → Added to batch
15:39:23 | INFO     | t=5754.5: BATCH[W11261,W4479] → Formed 2 wagons for WS_02
15:39:23 | INFO     | t=5754.5: LOCO[LOCO_01] → Allocated for pickup
15:39:23 | INFO     | t=5754.5: TRACK[retrofit] → Removed 2 wagons (32.6m freed)
15:39:23 | INFO     | t=5754.5: DISPATCHER → Task submitted: retrofit_to_workshop (pending=3)
15:39:23 | INFO     | t=5755.0: LOCO[LOCO_02] → DECOUPLING at retrofit (21.0 min)
15:39:23 | INFO     | EVENT_PUBLISHED: TrainArrivedEvent | train=T83 | time=5758.0
15:39:23 | INFO     | EVENT_HANDLING: TrainArrivedEvent -> RetrofitWorkshopContext._handle_train_arrived
15:39:23 | INFO     | EVENT_HANDLED: TrainArrivedEvent by RetrofitWorkshopContext._handle_train_arrived
15:39:23 | INFO     | t=5761.5: LOCO[LOCO_01] → TRAIN_PREP completed at WS_01 (2.0 min)
15:39:23 | INFO     | t=5766.5: BATCH → Putting 2 wagons on retrofitted track retrofitted
15:39:23 | INFO     | t=5766.5: WAGON[W4522] → Added to retrofitted track retrofitted
15:39:23 | INFO     | t=5766.5: WAGON[W0623] → Added to retrofitted track retrofitted
15:39:23 | INFO     | EVENT_PUBLISHED: TrainArrivedEvent | train=T84 | time=5768.0
15:39:23 | INFO     | EVENT_HANDLING: TrainArrivedEvent -> RetrofitWorkshopContext._handle_train_arrived
15:39:23 | INFO     | EVENT_HANDLED: TrainArrivedEvent by RetrofitWorkshopContext._handle_train_arrived
15:39:23 | INFO     | t=5771.5: WORKSHOP[WS_01] → Released, notifying 0 waiting processes
15:39:23 | INFO     | t=5771.5: DISPATCHER → Assigned loco LOCO_01 to retrofit_to_workshop (waited 17.0 min, pending=2)
15:39:23 | INFO     | t=5771.5: RAKE[W11261,W4479] → COUPLING at retrofit (1 couplings, 2.0 min)
15:39:23 | INFO     | t=5771.5: WAGON[W2737] → Retrieved from retrofit queue
15:39:23 | INFO     | t=5771.5: WORKSHOP[WS_01] → Selected for batch
15:39:23 | INFO     | t=5771.5: WAGON[W7253] → Added to batch
15:39:23 | INFO     | t=5771.5: BATCH[W2737,W7253] → Formed 2 wagons for WS_01
15:39:23 | INFO     | t=5771.5: TRACK[retrofit] → Removed 2 wagons (37.1m freed)
15:39:23 | INFO     | t=5771.5: DISPATCHER → Task submitted: retrofit_to_workshop (pending=3)
15:39:23 | INFO     | EVENT_PUBLISHED: TrainArrivedEvent | train=T85 | time=5775.2
15:39:23 | INFO     | EVENT_HANDLING: TrainArrivedEvent -> RetrofitWorkshopContext._handle_train_arrived
15:39:23 | INFO     | EVENT_HANDLED: TrainArrivedEvent by RetrofitWorkshopContext._handle_train_arrived
15:39:23 | INFO     | t=5776.0: RAKE[W5978,W5686,W5403,W9401,W7261,W7263,W6339] → DECOUPLING at retrofit (6 couplings, 18.0 min)
15:39:23 | INFO     | t=5778.5: LOCO[LOCO_01] → COUPLING at retrofit (2.0 min)
15:39:23 | INFO     | t=5780.5: LOCO[LOCO_01] → SHUNTING_PREP at retrofit (1.0 min)
15:39:23 | INFO     | t=5786.5: LOCO[LOCO_01] → DECOUPLING at WS_02 (3.0 min)
15:39:23 | INFO     | t=5789.5: RAKE[W11261,W4479] → DECOUPLING at WS_02 (1 couplings, 3.0 min)
15:39:23 | INFO     | t=5792.5: WAGON[W11261] → RETROFIT_STARTED at WS_02
15:39:23 | INFO     | t=5792.5: WAGON[W4479] → RETROFIT_STARTED at WS_02
15:39:23 | INFO     | t=5797.5: DISPATCHER → Assigned loco LOCO_01 to retrofit_to_workshop (waited 26.0 min, pending=2)
15:39:23 | INFO     | t=5797.5: RAKE[W2737,W7253] → COUPLING at retrofit (1 couplings, 2.0 min)
15:39:23 | INFO     | t=5797.5: WAGON[W2971] → Retrieved from retrofit queue
15:39:23 | INFO     | t=5797.5: WORKSHOP → No workshop available, waiting...
15:39:23 | INFO     | t=5799.0: DISPATCHER → Assigned loco LOCO_02 to retrofitted_to_parking (waited 61.5 min, pending=1)
15:39:23 | INFO     | t=5799.0: LOCO[LOCO_02] → Allocated for parking transport
15:39:23 | INFO     | t=5799.0: Batch size limited by retrofit capacity: 4 wagons (70.4m) fits, 16 waiting
15:39:23 | INFO     | t=5799.0: COLLECTION → Reserving retrofit track capacity for 4 wagons
15:39:23 | INFO     | t=5799.0: COLLECTION → Capacity reserved, allocating locomotive
15:39:23 | INFO     | t=5799.0: DISPATCHER → Task submitted: collection_to_retrofit (pending=2)
15:39:23 | INFO     | t=5804.0: LOCO[LOCO_02] → TRAIN_PREP at retrofitted (coupling + prep, 3.0 min)
15:39:23 | INFO     | t=5804.5: LOCO[LOCO_01] → COUPLING at retrofit (2.0 min)
15:39:23 | INFO     | t=5806.5: LOCO[LOCO_01] → SHUNTING_PREP at retrofit (1.0 min)
15:39:23 | INFO     | t=5812.5: LOCO[LOCO_01] → DECOUPLING at WS_01 (3.0 min)
15:39:23 | INFO     | t=5815.5: RAKE[W2737,W7253] → DECOUPLING at WS_01 (1 couplings, 3.0 min)
15:39:23 | INFO     | t=5818.5: WAGON[W2737] → RETROFIT_STARTED at WS_01
15:39:23 | INFO     | t=5818.5: WAGON[W7253] → RETROFIT_STARTED at WS_01
15:39:23 | INFO     | EVENT_PUBLISHED: TrainArrivedEvent | train=T86 | time=5822.2
15:39:23 | INFO     | EVENT_HANDLING: TrainArrivedEvent -> RetrofitWorkshopContext._handle_train_arrived
15:39:23 | INFO     | EVENT_HANDLED: TrainArrivedEvent by RetrofitWorkshopContext._handle_train_arrived
15:39:23 | INFO     | t=5823.5: DISPATCHER → Assigned loco LOCO_01 to collection_to_retrofit (waited 229.5 min, pending=1)
15:39:23 | INFO     | EVENT_PUBLISHED: TrainArrivedEvent | train=T87 | time=5850.2
15:39:23 | INFO     | EVENT_HANDLING: TrainArrivedEvent -> RetrofitWorkshopContext._handle_train_arrived
15:39:23 | INFO     | EVENT_HANDLED: TrainArrivedEvent by RetrofitWorkshopContext._handle_train_arrived
15:39:23 | INFO     | t=5852.5: RAKE[W11261,W4479] → COUPLING at WS_02 (1 couplings, 0.5 min)
15:39:23 | INFO     | t=5853.0: LOCO → Allocating for pickup from WS_02
15:39:23 | INFO     | t=5853.0: DISPATCHER → Task submitted: workshop_to_retrofitted (pending=2)
15:39:23 | INFO     | t=5878.5: RAKE[W2737,W7253] → COUPLING at WS_01 (1 couplings, 0.5 min)
15:39:23 | INFO     | t=5879.0: LOCO → Allocating for pickup from WS_01
15:39:23 | INFO     | t=5879.0: DISPATCHER → Task submitted: workshop_to_retrofitted (pending=3)
15:39:23 | INFO     | t=5882.0: LOCO[LOCO_02] → DECOUPLING at parking15 (2.0 min)
15:39:23 | INFO     | t=5883.5: LOCO[LOCO_01] → TRAIN_PREP at collection (coupling + prep, 11.0 min)
15:39:23 | INFO     | t=5884.0: RAKE[W11467,W10354,W9345,W7115] → DECOUPLING at parking15 (3 couplings, 1.5 min)
15:39:23 | INFO     | EVENT_PUBLISHED: TrainArrivedEvent | train=T88 | time=5903.5
15:39:23 | INFO     | EVENT_HANDLING: TrainArrivedEvent -> RetrofitWorkshopContext._handle_train_arrived
15:39:23 | INFO     | EVENT_HANDLED: TrainArrivedEvent by RetrofitWorkshopContext._handle_train_arrived
15:39:23 | INFO     | EVENT_PUBLISHED: TrainArrivedEvent | train=T89 | time=5923.8
15:39:23 | INFO     | EVENT_HANDLING: TrainArrivedEvent -> RetrofitWorkshopContext._handle_train_arrived
15:39:23 | INFO     | EVENT_HANDLED: TrainArrivedEvent by RetrofitWorkshopContext._handle_train_arrived
15:39:23 | INFO     | t=5945.5: LOCO[LOCO_02] → Releasing
15:39:23 | INFO     | t=5945.5: LOCO[LOCO_02] → Released
15:39:23 | INFO     | t=5945.5: PARKING → Got wagon W10706 from retrofitted
15:39:23 | INFO     | t=5945.5: DISPATCHER → Assigned loco LOCO_02 to workshop_to_retrofitted (waited 92.5 min, pending=2)
15:39:23 | INFO     | t=5945.5: LOCO[LOCO_02] → Allocated for pickup
15:39:23 | INFO     | t=5945.5: LOCO → Allocating for parking transport
15:39:23 | INFO     | t=5945.5: DISPATCHER → Task submitted: retrofitted_to_parking (pending=3)
15:39:23 | INFO     | t=5952.5: LOCO[LOCO_02] → TRAIN_PREP completed at WS_02 (2.0 min)
15:39:23 | INFO     | t=5954.5: LOCO[LOCO_01] → DECOUPLING at retrofit (15.0 min)
15:39:23 | INFO     | t=5957.5: BATCH → Putting 2 wagons on retrofitted track retrofitted
15:39:23 | INFO     | t=5957.5: WAGON[W11261] → Added to retrofitted track retrofitted
15:39:23 | INFO     | t=5957.5: WAGON[W4479] → Added to retrofitted track retrofitted
15:39:23 | INFO     | t=5962.5: WORKSHOP[WS_02] → Released, notifying 1 waiting processes
15:39:23 | INFO     | t=5962.5: WORKSHOP → Workshop became available
15:39:23 | INFO     | t=5962.5: WORKSHOP[WS_02] → Selected for batch
15:39:23 | INFO     | t=5962.5: DISPATCHER → Assigned loco LOCO_02 to workshop_to_retrofitted (waited 83.5 min, pending=2)
15:39:23 | INFO     | t=5962.5: WAGON[W5978] → Added to batch
15:39:23 | INFO     | t=5962.5: BATCH[W2971,W5978] → Formed 2 wagons for WS_02
15:39:23 | INFO     | t=5962.5: LOCO[LOCO_02] → Allocated for pickup
15:39:23 | INFO     | t=5962.5: TRACK[retrofit] → Removed 2 wagons (37.5m freed)
15:39:23 | INFO     | t=5962.5: DISPATCHER → Task submitted: retrofit_to_workshop (pending=3)
15:39:23 | INFO     | t=5969.5: RAKE[W0607,W12036,W2786,W2877,W318166502860] → DECOUPLING at retrofit (4 couplings, 12.0 min)
15:39:23 | INFO     | t=5969.5: LOCO[LOCO_02] → TRAIN_PREP completed at WS_01 (2.0 min)
15:39:23 | INFO     | t=5974.5: BATCH → Putting 2 wagons on retrofitted track retrofitted
15:39:23 | INFO     | t=5974.5: WAGON[W2737] → Added to retrofitted track retrofitted
15:39:23 | INFO     | t=5974.5: WAGON[W7253] → Added to retrofitted track retrofitted
15:39:23 | INFO     | t=5979.5: WORKSHOP[WS_01] → Released, notifying 0 waiting processes
15:39:23 | INFO     | t=5979.5: DISPATCHER → Assigned loco LOCO_02 to retrofit_to_workshop (waited 17.0 min, pending=2)
15:39:23 | INFO     | t=5979.5: RAKE[W2971,W5978] → COUPLING at retrofit (1 couplings, 2.0 min)
15:39:23 | INFO     | t=5979.5: WAGON[W5686] → Retrieved from retrofit queue
15:39:23 | INFO     | t=5979.5: WORKSHOP[WS_01] → Selected for batch
15:39:23 | INFO     | t=5979.5: WAGON[W5403] → Added to batch
15:39:23 | INFO     | t=5979.5: BATCH[W5686,W5403] → Formed 2 wagons for WS_01
15:39:23 | INFO     | t=5979.5: TRACK[retrofit] → Removed 2 wagons (30.4m freed)
15:39:23 | INFO     | t=5979.5: DISPATCHER → Task submitted: retrofit_to_workshop (pending=3)
15:39:23 | INFO     | t=5986.5: LOCO[LOCO_02] → COUPLING at retrofit (2.0 min)
15:39:23 | INFO     | t=5986.5: DISPATCHER → Assigned loco LOCO_01 to retrofit_to_workshop (waited 7.0 min, pending=2)
15:39:23 | INFO     | t=5986.5: RAKE[W5686,W5403] → COUPLING at retrofit (1 couplings, 2.0 min)
15:39:23 | INFO     | t=5986.5: WAGON[W9401] → Retrieved from retrofit queue
15:39:23 | INFO     | t=5986.5: WORKSHOP → No workshop available, waiting...
15:39:23 | INFO     | t=5986.5: Batch size limited by retrofit capacity: 4 wagons (58.0m) fits, 19 waiting
15:39:23 | INFO     | t=5986.5: COLLECTION → Reserving retrofit track capacity for 4 wagons
15:39:23 | INFO     | t=5986.5: COLLECTION → Capacity reserved, allocating locomotive
15:39:23 | INFO     | t=5986.5: DISPATCHER → Task submitted: collection_to_retrofit (pending=3)
15:39:23 | INFO     | t=5988.5: LOCO[LOCO_02] → SHUNTING_PREP at retrofit (1.0 min)
15:39:23 | INFO     | t=5993.5: LOCO[LOCO_01] → COUPLING at retrofit (2.0 min)
15:39:23 | INFO     | t=5994.5: LOCO[LOCO_02] → DECOUPLING at WS_02 (3.0 min)
15:39:23 | INFO     | t=5995.5: LOCO[LOCO_01] → SHUNTING_PREP at retrofit (1.0 min)
15:39:23 | INFO     | t=5997.5: RAKE[W2971,W5978] → DECOUPLING at WS_02 (1 couplings, 3.0 min)
15:39:23 | INFO     | t=6000.5: WAGON[W2971] → RETROFIT_STARTED at WS_02
15:39:23 | INFO     | t=6000.5: WAGON[W5978] → RETROFIT_STARTED at WS_02
15:39:23 | INFO     | t=6001.5: LOCO[LOCO_01] → DECOUPLING at WS_01 (3.0 min)
15:39:23 | INFO     | t=6004.5: RAKE[W5686,W5403] → DECOUPLING at WS_01 (1 couplings, 3.0 min)
15:39:23 | INFO     | t=6005.5: DISPATCHER → Assigned loco LOCO_02 to retrofitted_to_parking (waited 60.0 min, pending=2)
15:39:23 | INFO     | t=6005.5: LOCO[LOCO_02] → Allocated for parking transport
15:39:23 | INFO     | t=6007.5: WAGON[W5686] → RETROFIT_STARTED at WS_01
15:39:23 | INFO     | t=6007.5: WAGON[W5403] → RETROFIT_STARTED at WS_01
15:39:23 | INFO     | t=6010.5: LOCO[LOCO_02] → TRAIN_PREP at retrofitted (coupling + prep, 3.0 min)
15:39:23 | INFO     | t=6012.5: DISPATCHER → Assigned loco LOCO_01 to collection_to_retrofit (waited 213.5 min, pending=1)
15:39:23 | INFO     | t=6060.5: RAKE[W2971,W5978] → COUPLING at WS_02 (1 couplings, 0.5 min)
15:39:23 | INFO     | t=6061.0: LOCO → Allocating for pickup from WS_02
15:39:23 | INFO     | t=6061.0: DISPATCHER → Task submitted: workshop_to_retrofitted (pending=2)
15:39:23 | INFO     | EVENT_PUBLISHED: TrainArrivedEvent | train=T90 | time=6067.5
15:39:23 | INFO     | EVENT_HANDLING: TrainArrivedEvent -> RetrofitWorkshopContext._handle_train_arrived
15:39:23 | INFO     | EVENT_HANDLED: TrainArrivedEvent by RetrofitWorkshopContext._handle_train_arrived
15:39:23 | INFO     | t=6067.5: RAKE[W5686,W5403] → COUPLING at WS_01 (1 couplings, 0.5 min)
15:39:23 | INFO     | t=6068.0: LOCO → Allocating for pickup from WS_01
15:39:23 | INFO     | t=6068.0: DISPATCHER → Task submitted: workshop_to_retrofitted (pending=3)
15:39:23 | INFO     | t=6072.5: LOCO[LOCO_01] → TRAIN_PREP at collection (coupling + prep, 9.0 min)
15:39:23 | INFO     | t=6088.5: LOCO[LOCO_02] → DECOUPLING at parking13 (2.0 min)
15:39:23 | INFO     | t=6090.5: RAKE[W10706,W5057,W4522,W0623] → DECOUPLING at parking13 (3 couplings, 1.5 min)
15:39:23 | INFO     | t=6141.5: LOCO[LOCO_01] → DECOUPLING at retrofit (12.0 min)
15:39:23 | INFO     | t=6152.0: LOCO[LOCO_02] → Releasing
15:39:23 | INFO     | t=6152.0: LOCO[LOCO_02] → Released
15:39:23 | INFO     | t=6152.0: PARKING → Got wagon W11261 from retrofitted
15:39:23 | INFO     | t=6152.0: DISPATCHER → Assigned loco LOCO_02 to workshop_to_retrofitted (waited 91.0 min, pending=2)
15:39:23 | INFO     | t=6152.0: LOCO[LOCO_02] → Allocated for pickup
15:39:23 | INFO     | t=6152.0: LOCO → Allocating for parking transport
15:39:23 | INFO     | t=6152.0: DISPATCHER → Task submitted: retrofitted_to_parking (pending=3)
15:39:23 | INFO     | t=6153.5: RAKE[W3618,W7252,W6352,W8705] → DECOUPLING at retrofit (3 couplings, 9.0 min)
15:39:23 | INFO     | t=6159.0: LOCO[LOCO_02] → TRAIN_PREP completed at WS_02 (2.0 min)
15:39:23 | INFO     | t=6164.0: BATCH → Putting 2 wagons on retrofitted track retrofitted
15:39:23 | INFO     | t=6164.0: WAGON[W2971] → Added to retrofitted track retrofitted
15:39:23 | INFO     | t=6164.0: WAGON[W5978] → Added to retrofitted track retrofitted
15:39:23 | INFO     | t=6167.5: Batch size limited by retrofit capacity: 1 wagons (16.4m) fits, 18 waiting
15:39:23 | INFO     | t=6167.5: DISPATCHER → Assigned loco LOCO_01 to workshop_to_retrofitted (waited 99.5 min, pending=2)
15:39:23 | INFO     | t=6167.5: COLLECTION → Reserving retrofit track capacity for 1 wagons
15:39:23 | INFO     | t=6167.5: LOCO[LOCO_01] → Allocated for pickup
15:39:23 | INFO     | t=6169.0: WORKSHOP[WS_02] → Released, notifying 1 waiting processes
15:39:23 | INFO     | t=6169.0: WORKSHOP → Workshop became available
15:39:23 | INFO     | t=6169.0: WORKSHOP[WS_02] → Selected for batch
15:39:23 | INFO     | t=6169.0: DISPATCHER → Assigned loco LOCO_02 to retrofitted_to_parking (waited 17.0 min, pending=1)
15:39:23 | INFO     | t=6169.0: WAGON[W7261] → Added to batch
15:39:23 | INFO     | t=6169.0: BATCH[W9401,W7261] → Formed 2 wagons for WS_02
15:39:23 | INFO     | t=6169.0: LOCO[LOCO_02] → Allocated for parking transport
15:39:23 | INFO     | t=6169.0: TRACK[retrofit] → Removed 2 wagons (27.6m freed)
15:39:23 | INFO     | t=6169.0: DISPATCHER → Task submitted: retrofit_to_workshop (pending=2)
15:39:23 | INFO     | t=6169.0: COLLECTION → Capacity reserved, allocating locomotive
15:39:23 | INFO     | t=6169.0: DISPATCHER → Task submitted: collection_to_retrofit (pending=3)
15:39:23 | INFO     | t=6174.0: LOCO[LOCO_02] → TRAIN_PREP at retrofitted (coupling + prep, 3.0 min)
15:39:23 | INFO     | t=6174.5: LOCO[LOCO_01] → TRAIN_PREP completed at WS_01 (2.0 min)
15:39:23 | INFO     | t=6179.5: BATCH → Putting 2 wagons on retrofitted track retrofitted
15:39:23 | INFO     | t=6179.5: WAGON[W5686] → Added to retrofitted track retrofitted
15:39:23 | INFO     | t=6179.5: WAGON[W5403] → Added to retrofitted track retrofitted
15:39:23 | INFO     | t=6184.5: WORKSHOP[WS_01] → Released, notifying 0 waiting processes
15:39:23 | INFO     | t=6184.5: DISPATCHER → Assigned loco LOCO_01 to retrofit_to_workshop (waited 15.5 min, pending=2)
15:39:23 | INFO     | t=6184.5: RAKE[W9401,W7261] → COUPLING at retrofit (1 couplings, 2.0 min)
15:39:23 | INFO     | t=6184.5: WAGON[W7263] → Retrieved from retrofit queue
15:39:23 | INFO     | t=6184.5: WORKSHOP[WS_01] → Selected for batch
15:39:23 | INFO     | t=6184.5: WAGON[W6339] → Added to batch
15:39:23 | INFO     | t=6184.5: BATCH[W7263,W6339] → Formed 2 wagons for WS_01
15:39:23 | INFO     | t=6184.5: TRACK[retrofit] → Removed 2 wagons (27.3m freed)
15:39:23 | INFO     | t=6184.5: DISPATCHER → Task submitted: retrofit_to_workshop (pending=3)
15:39:23 | INFO     | t=6191.5: LOCO[LOCO_01] → COUPLING at retrofit (2.0 min)
15:39:23 | INFO     | t=6193.5: LOCO[LOCO_01] → SHUNTING_PREP at retrofit (1.0 min)
15:39:23 | INFO     | t=6199.5: LOCO[LOCO_01] → DECOUPLING at WS_02 (3.0 min)
15:39:23 | INFO     | t=6202.5: RAKE[W9401,W7261] → DECOUPLING at WS_02 (1 couplings, 3.0 min)
15:39:23 | INFO     | t=6205.5: WAGON[W9401] → RETROFIT_STARTED at WS_02
15:39:23 | INFO     | t=6205.5: WAGON[W7261] → RETROFIT_STARTED at WS_02
15:39:23 | INFO     | t=6210.5: DISPATCHER → Assigned loco LOCO_01 to retrofit_to_workshop (waited 26.0 min, pending=2)
15:39:23 | INFO     | t=6210.5: RAKE[W7263,W6339] → COUPLING at retrofit (1 couplings, 2.0 min)
15:39:23 | INFO     | t=6210.5: WAGON[W0607] → Retrieved from retrofit queue
15:39:23 | INFO     | t=6210.5: WORKSHOP → No workshop available, waiting...
15:39:23 | INFO     | t=6217.5: LOCO[LOCO_01] → COUPLING at retrofit (2.0 min)
15:39:23 | INFO     | t=6219.5: LOCO[LOCO_01] → SHUNTING_PREP at retrofit (1.0 min)
15:39:23 | INFO     | t=6225.5: LOCO[LOCO_01] → DECOUPLING at WS_01 (3.0 min)
15:39:23 | INFO     | t=6228.5: RAKE[W7263,W6339] → DECOUPLING at WS_01 (1 couplings, 3.0 min)
15:39:23 | INFO     | t=6231.5: WAGON[W7263] → RETROFIT_STARTED at WS_01
15:39:23 | INFO     | t=6231.5: WAGON[W6339] → RETROFIT_STARTED at WS_01
15:39:23 | INFO     | t=6236.5: DISPATCHER → Assigned loco LOCO_01 to collection_to_retrofit (waited 250.0 min, pending=1)
15:39:23 | INFO     | t=6252.0: LOCO[LOCO_02] → DECOUPLING at parking14 (2.0 min)
15:39:23 | INFO     | t=6254.0: RAKE[W11261,W4479,W2737,W7253] → DECOUPLING at parking14 (3 couplings, 1.5 min)
15:39:23 | INFO     | t=6265.5: RAKE[W9401,W7261] → COUPLING at WS_02 (1 couplings, 0.5 min)
15:39:23 | INFO     | t=6266.0: LOCO → Allocating for pickup from WS_02
15:39:23 | INFO     | t=6266.0: DISPATCHER → Task submitted: workshop_to_retrofitted (pending=2)
15:39:23 | INFO     | t=6291.5: RAKE[W7263,W6339] → COUPLING at WS_01 (1 couplings, 0.5 min)
15:39:23 | INFO     | t=6292.0: LOCO → Allocating for pickup from WS_01
15:39:23 | INFO     | t=6292.0: DISPATCHER → Task submitted: workshop_to_retrofitted (pending=3)
15:39:23 | INFO     | t=6296.5: LOCO[LOCO_01] → TRAIN_PREP at collection (coupling + prep, 9.0 min)
15:39:23 | INFO     | t=6315.5: LOCO[LOCO_02] → Releasing
15:39:23 | INFO     | t=6315.5: LOCO[LOCO_02] → Released
15:39:23 | INFO     | t=6315.5: PARKING → Got wagon W2971 from retrofitted
15:39:23 | INFO     | t=6315.5: DISPATCHER → Assigned loco LOCO_02 to workshop_to_retrofitted (waited 49.5 min, pending=2)
15:39:23 | INFO     | t=6315.5: LOCO[LOCO_02] → Allocated for pickup
15:39:23 | INFO     | t=6315.5: LOCO → Allocating for parking transport
15:39:23 | INFO     | t=6315.5: DISPATCHER → Task submitted: retrofitted_to_parking (pending=3)
15:39:23 | INFO     | t=6322.5: LOCO[LOCO_02] → TRAIN_PREP completed at WS_02 (2.0 min)
15:39:23 | INFO     | t=6327.5: BATCH → Putting 2 wagons on retrofitted track retrofitted
15:39:23 | INFO     | t=6327.5: WAGON[W9401] → Added to retrofitted track retrofitted
15:39:23 | INFO     | t=6327.5: WAGON[W7261] → Added to retrofitted track retrofitted
15:39:23 | INFO     | t=6332.5: WORKSHOP[WS_02] → Released, notifying 1 waiting processes
15:39:23 | INFO     | t=6332.5: WORKSHOP → Workshop became available
15:39:23 | INFO     | t=6332.5: WORKSHOP[WS_02] → Selected for batch
15:39:23 | INFO     | t=6332.5: DISPATCHER → Assigned loco LOCO_02 to workshop_to_retrofitted (waited 40.5 min, pending=2)
15:39:23 | INFO     | t=6332.5: WAGON[W12036] → Added to batch
15:39:23 | INFO     | t=6332.5: BATCH[W0607,W12036] → Formed 2 wagons for WS_02
15:39:23 | INFO     | t=6332.5: LOCO[LOCO_02] → Allocated for pickup
15:39:23 | INFO     | t=6332.5: TRACK[retrofit] → Removed 2 wagons (52.8m freed)
15:39:23 | INFO     | t=6332.5: DISPATCHER → Task submitted: retrofit_to_workshop (pending=3)
15:39:23 | INFO     | t=6339.5: LOCO[LOCO_02] → TRAIN_PREP completed at WS_01 (2.0 min)
15:39:23 | INFO     | t=6344.5: BATCH → Putting 2 wagons on retrofitted track retrofitted
15:39:23 | INFO     | t=6344.5: WAGON[W7263] → Added to retrofitted track retrofitted
15:39:23 | INFO     | t=6344.5: WAGON[W6339] → Added to retrofitted track retrofitted
15:39:23 | INFO     | t=6349.5: WORKSHOP[WS_01] → Released, notifying 0 waiting processes
15:39:23 | INFO     | t=6349.5: DISPATCHER → Assigned loco LOCO_02 to retrofit_to_workshop (waited 17.0 min, pending=2)
15:39:23 | INFO     | t=6349.5: RAKE[W0607,W12036] → COUPLING at retrofit (1 couplings, 2.0 min)
15:39:23 | INFO     | t=6349.5: WAGON[W2786] → Retrieved from retrofit queue
15:39:23 | INFO     | t=6349.5: WORKSHOP[WS_01] → Selected for batch
15:39:23 | INFO     | t=6349.5: WAGON[W2877] → Added to batch
15:39:23 | INFO     | t=6349.5: BATCH[W2786,W2877] → Formed 2 wagons for WS_01
15:39:23 | INFO     | t=6349.5: TRACK[retrofit] → Removed 2 wagons (46.5m freed)
15:39:23 | INFO     | t=6349.5: DISPATCHER → Task submitted: retrofit_to_workshop (pending=3)
15:39:23 | INFO     | t=6356.5: LOCO[LOCO_02] → COUPLING at retrofit (2.0 min)
15:39:23 | INFO     | t=6358.5: LOCO[LOCO_02] → SHUNTING_PREP at retrofit (1.0 min)
15:39:23 | INFO     | t=6364.5: LOCO[LOCO_02] → DECOUPLING at WS_02 (3.0 min)
15:39:23 | INFO     | t=6365.5: LOCO[LOCO_01] → DECOUPLING at retrofit (12.0 min)
15:39:23 | INFO     | t=6367.5: RAKE[W0607,W12036] → DECOUPLING at WS_02 (1 couplings, 3.0 min)
15:39:23 | INFO     | t=6370.5: WAGON[W0607] → RETROFIT_STARTED at WS_02
15:39:23 | INFO     | t=6370.5: WAGON[W12036] → RETROFIT_STARTED at WS_02
15:39:23 | INFO     | t=6375.5: DISPATCHER → Assigned loco LOCO_02 to retrofit_to_workshop (waited 26.0 min, pending=2)
15:39:23 | INFO     | t=6375.5: RAKE[W2786,W2877] → COUPLING at retrofit (1 couplings, 2.0 min)
15:39:23 | INFO     | t=6375.5: WAGON[W318166502860] → Retrieved from retrofit queue
15:39:23 | INFO     | t=6375.5: WORKSHOP → No workshop available, waiting...
15:39:23 | INFO     | t=6377.5: RAKE[W9981,W6246,W5947,W5711] → DECOUPLING at retrofit (3 couplings, 9.0 min)
15:39:23 | INFO     | t=6382.5: LOCO[LOCO_02] → COUPLING at retrofit (2.0 min)
15:39:23 | INFO     | t=6384.5: LOCO[LOCO_02] → SHUNTING_PREP at retrofit (1.0 min)
15:39:23 | INFO     | t=6390.5: LOCO[LOCO_02] → DECOUPLING at WS_01 (3.0 min)
15:39:23 | INFO     | t=6391.5: DISPATCHER → Assigned loco LOCO_01 to retrofitted_to_parking (waited 76.0 min, pending=1)
15:39:23 | INFO     | t=6391.5: LOCO[LOCO_01] → Allocated for parking transport
15:39:23 | INFO     | t=6391.5: Batch size limited by retrofit capacity: 11 wagons (148.4m) fits, 11 waiting
15:39:23 | INFO     | t=6391.5: COLLECTION → Reserving retrofit track capacity for 11 wagons
15:39:23 | INFO     | t=6391.5: COLLECTION → Capacity reserved, allocating locomotive
15:39:23 | INFO     | t=6391.5: DISPATCHER → Task submitted: collection_to_retrofit (pending=2)
15:39:23 | INFO     | t=6393.5: RAKE[W2786,W2877] → DECOUPLING at WS_01 (1 couplings, 3.0 min)
15:39:23 | INFO     | t=6396.5: WAGON[W2786] → RETROFIT_STARTED at WS_01
15:39:23 | INFO     | t=6396.5: WAGON[W2877] → RETROFIT_STARTED at WS_01
15:39:23 | INFO     | t=6396.5: LOCO[LOCO_01] → TRAIN_PREP at retrofitted (coupling + prep, 3.0 min)
15:39:23 | INFO     | t=6401.5: DISPATCHER → Assigned loco LOCO_02 to collection_to_retrofit (waited 232.5 min, pending=1)
15:39:23 | INFO     | t=6430.5: RAKE[W0607,W12036] → COUPLING at WS_02 (1 couplings, 0.5 min)
15:39:23 | INFO     | t=6431.0: LOCO → Allocating for pickup from WS_02
15:39:23 | INFO     | t=6431.0: DISPATCHER → Task submitted: workshop_to_retrofitted (pending=2)
15:39:23 | INFO     | t=6456.5: RAKE[W2786,W2877] → COUPLING at WS_01 (1 couplings, 0.5 min)
15:39:23 | INFO     | t=6457.0: LOCO → Allocating for pickup from WS_01
15:39:23 | INFO     | t=6457.0: DISPATCHER → Task submitted: workshop_to_retrofitted (pending=3)
15:39:23 | INFO     | t=6461.5: LOCO[LOCO_02] → TRAIN_PREP at collection (coupling + prep, 3.0 min)
15:39:23 | INFO     | EVENT_PUBLISHED: TrainArrivedEvent | train=T91 | time=6475.5
15:39:23 | INFO     | EVENT_HANDLING: TrainArrivedEvent -> RetrofitWorkshopContext._handle_train_arrived
15:39:23 | INFO     | EVENT_HANDLED: TrainArrivedEvent by RetrofitWorkshopContext._handle_train_arrived
15:39:23 | INFO     | t=6519.5: LOCO[LOCO_01] → DECOUPLING at parking16 (2.0 min)
15:39:23 | INFO     | t=6521.5: RAKE[W2971,W5978,W5686,W5403] → DECOUPLING at parking16 (3 couplings, 1.5 min)
15:39:23 | INFO     | t=6524.5: LOCO[LOCO_02] → DECOUPLING at retrofit (3.0 min)
15:39:23 | INFO     | t=6527.5: RAKE[W5127] → DECOUPLING at retrofit (0 couplings, 0.0 min)
15:39:23 | INFO     | t=6532.5: Batch size limited by retrofit capacity: 1 wagons (12.7m) fits, 18 waiting
15:39:23 | INFO     | t=6532.5: DISPATCHER → Assigned loco LOCO_02 to workshop_to_retrofitted (waited 101.5 min, pending=2)
15:39:23 | INFO     | t=6532.5: COLLECTION → Reserving retrofit track capacity for 1 wagons
15:39:23 | INFO     | t=6532.5: LOCO[LOCO_02] → Allocated for pickup
15:39:23 | INFO     | t=6539.5: LOCO[LOCO_02] → TRAIN_PREP completed at WS_02 (2.0 min)
15:39:23 | INFO     | t=6544.5: BATCH → Putting 2 wagons on retrofitted track retrofitted
15:39:23 | INFO     | t=6544.5: WAGON[W0607] → Added to retrofitted track retrofitted
15:39:23 | INFO     | t=6544.5: WAGON[W12036] → Added to retrofitted track retrofitted
15:39:23 | INFO     | t=6549.5: WORKSHOP[WS_02] → Released, notifying 1 waiting processes
15:39:23 | INFO     | t=6549.5: WORKSHOP → Workshop became available
15:39:23 | INFO     | t=6549.5: WORKSHOP[WS_02] → Selected for batch
15:39:23 | INFO     | t=6549.5: DISPATCHER → Assigned loco LOCO_02 to workshop_to_retrofitted (waited 92.5 min, pending=1)
15:39:23 | INFO     | t=6549.5: WAGON[W3618] → Added to batch
15:39:23 | INFO     | t=6549.5: BATCH[W318166502860,W3618] → Formed 2 wagons for WS_02
15:39:23 | INFO     | t=6549.5: LOCO[LOCO_02] → Allocated for pickup
15:39:23 | INFO     | t=6549.5: TRACK[retrofit] → Removed 2 wagons (46.1m freed)
15:39:23 | INFO     | t=6549.5: DISPATCHER → Task submitted: retrofit_to_workshop (pending=2)
15:39:23 | INFO     | t=6549.5: COLLECTION → Capacity reserved, allocating locomotive
15:39:23 | INFO     | t=6549.5: DISPATCHER → Task submitted: collection_to_retrofit (pending=3)
15:39:23 | INFO     | t=6556.5: LOCO[LOCO_02] → TRAIN_PREP completed at WS_01 (2.0 min)
15:39:23 | INFO     | t=6561.5: BATCH → Putting 2 wagons on retrofitted track retrofitted
15:39:23 | INFO     | t=6561.5: WAGON[W2786] → Added to retrofitted track retrofitted
15:39:23 | INFO     | t=6561.5: WAGON[W2877] → Added to retrofitted track retrofitted
15:39:23 | INFO     | t=6566.5: WORKSHOP[WS_01] → Released, notifying 0 waiting processes
15:39:23 | INFO     | t=6566.5: DISPATCHER → Assigned loco LOCO_02 to retrofit_to_workshop (waited 17.0 min, pending=2)
15:39:23 | INFO     | t=6566.5: RAKE[W318166502860,W3618] → COUPLING at retrofit (1 couplings, 2.0 min)
15:39:23 | INFO     | t=6566.5: WAGON[W7252] → Retrieved from retrofit queue
15:39:23 | INFO     | t=6566.5: WORKSHOP[WS_01] → Selected for batch
15:39:23 | INFO     | t=6566.5: WAGON[W6352] → Added to batch
15:39:23 | INFO     | t=6566.5: BATCH[W7252,W6352] → Formed 2 wagons for WS_01
15:39:23 | INFO     | t=6566.5: TRACK[retrofit] → Removed 2 wagons (27.3m freed)
15:39:23 | INFO     | t=6566.5: DISPATCHER → Task submitted: retrofit_to_workshop (pending=3)
15:39:23 | INFO     | t=6573.5: LOCO[LOCO_02] → COUPLING at retrofit (2.0 min)
15:39:23 | INFO     | t=6575.5: LOCO[LOCO_02] → SHUNTING_PREP at retrofit (1.0 min)
15:39:23 | INFO     | t=6581.5: LOCO[LOCO_02] → DECOUPLING at WS_02 (3.0 min)
15:39:23 | INFO     | t=6583.0: LOCO[LOCO_01] → Releasing
15:39:23 | INFO     | t=6583.0: LOCO[LOCO_01] → Released
15:39:23 | INFO     | t=6583.0: PARKING → Got wagon W9401 from retrofitted
15:39:23 | INFO     | t=6583.0: DISPATCHER → Assigned loco LOCO_01 to retrofit_to_workshop (waited 16.5 min, pending=2)
15:39:23 | INFO     | t=6583.0: RAKE[W7252,W6352] → COUPLING at retrofit (1 couplings, 2.0 min)
15:39:23 | INFO     | t=6583.0: WAGON[W8705] → Retrieved from retrofit queue
15:39:23 | INFO     | t=6583.0: WORKSHOP → No workshop available, waiting...
15:39:23 | INFO     | t=6583.0: LOCO → Allocating for parking transport
15:39:23 | INFO     | t=6583.0: DISPATCHER → Task submitted: retrofitted_to_parking (pending=3)
15:39:23 | INFO     | t=6584.5: RAKE[W318166502860,W3618] → DECOUPLING at WS_02 (1 couplings, 3.0 min)
15:39:23 | INFO     | t=6587.5: WAGON[W318166502860] → RETROFIT_STARTED at WS_02
15:39:23 | INFO     | t=6587.5: WAGON[W3618] → RETROFIT_STARTED at WS_02
15:39:23 | INFO     | t=6590.0: LOCO[LOCO_01] → COUPLING at retrofit (2.0 min)
15:39:23 | INFO     | t=6592.0: LOCO[LOCO_01] → SHUNTING_PREP at retrofit (1.0 min)
15:39:23 | INFO     | t=6592.5: DISPATCHER → Assigned loco LOCO_02 to retrofitted_to_parking (waited 9.5 min, pending=2)
15:39:23 | INFO     | t=6592.5: LOCO[LOCO_02] → Allocated for parking transport
15:39:23 | INFO     | EVENT_PUBLISHED: TrainArrivedEvent | train=T92 | time=6595.0
15:39:23 | INFO     | EVENT_HANDLING: TrainArrivedEvent -> RetrofitWorkshopContext._handle_train_arrived
15:39:23 | INFO     | EVENT_HANDLED: TrainArrivedEvent by RetrofitWorkshopContext._handle_train_arrived
15:39:23 | INFO     | t=6597.5: LOCO[LOCO_02] → TRAIN_PREP at retrofitted (coupling + prep, 5.0 min)
15:39:23 | INFO     | t=6598.0: LOCO[LOCO_01] → DECOUPLING at WS_01 (3.0 min)
15:39:23 | INFO     | t=6601.0: RAKE[W7252,W6352] → DECOUPLING at WS_01 (1 couplings, 3.0 min)
15:39:23 | INFO     | t=6604.0: WAGON[W7252] → RETROFIT_STARTED at WS_01
15:39:23 | INFO     | t=6604.0: WAGON[W6352] → RETROFIT_STARTED at WS_01
15:39:23 | INFO     | t=6609.0: DISPATCHER → Assigned loco LOCO_01 to collection_to_retrofit (waited 217.5 min, pending=1)
15:39:23 | INFO     | t=6647.5: RAKE[W318166502860,W3618] → COUPLING at WS_02 (1 couplings, 0.5 min)
15:39:23 | INFO     | t=6648.0: LOCO → Allocating for pickup from WS_02
15:39:23 | INFO     | t=6648.0: DISPATCHER → Task submitted: workshop_to_retrofitted (pending=2)
15:39:23 | INFO     | t=6662.5: LOCO[LOCO_02] → DECOUPLING at parking12 (4.0 min)
15:39:23 | INFO     | t=6664.0: RAKE[W7252,W6352] → COUPLING at WS_01 (1 couplings, 0.5 min)
15:39:23 | INFO     | t=6664.5: LOCO → Allocating for pickup from WS_01
15:39:23 | INFO     | t=6664.5: DISPATCHER → Task submitted: workshop_to_retrofitted (pending=3)
15:39:23 | INFO     | EVENT_PUBLISHED: TrainArrivedEvent | train=T93 | time=6666.5
15:39:23 | INFO     | EVENT_HANDLING: TrainArrivedEvent -> RetrofitWorkshopContext._handle_train_arrived
15:39:23 | INFO     | EVENT_HANDLED: TrainArrivedEvent by RetrofitWorkshopContext._handle_train_arrived
15:39:23 | INFO     | t=6666.5: RAKE[W9401,W7261,W7263,W6339,W0607,W12036,W2786,W2877] → DECOUPLING at parking12 (7 couplings, 3.5 min)
15:39:23 | INFO     | t=6669.0: LOCO[LOCO_01] → TRAIN_PREP at collection (coupling + prep, 23.0 min)
15:39:23 | INFO     | t=6730.0: LOCO[LOCO_02] → Releasing
15:39:23 | INFO     | t=6730.0: LOCO[LOCO_02] → Released
15:39:23 | INFO     | t=6730.0: DISPATCHER → Assigned loco LOCO_02 to workshop_to_retrofitted (waited 82.0 min, pending=2)
15:39:23 | INFO     | t=6730.0: LOCO[LOCO_02] → Allocated for pickup
15:39:23 | INFO     | t=6737.0: LOCO[LOCO_02] → TRAIN_PREP completed at WS_02 (2.0 min)
15:39:23 | INFO     | t=6742.0: BATCH → Putting 2 wagons on retrofitted track retrofitted
15:39:23 | INFO     | t=6742.0: WAGON[W318166502860] → Added to retrofitted track retrofitted
15:39:23 | INFO     | t=6742.0: WAGON[W3618] → Added to retrofitted track retrofitted
15:39:23 | INFO     | t=6742.0: PARKING → Got wagon W318166502860 from retrofitted
15:39:23 | INFO     | t=6742.0: LOCO → Allocating for parking transport
15:39:23 | INFO     | t=6742.0: DISPATCHER → Task submitted: retrofitted_to_parking (pending=3)
15:39:23 | INFO     | t=6747.0: WORKSHOP[WS_02] → Released, notifying 1 waiting processes
15:39:23 | INFO     | t=6747.0: WORKSHOP → Workshop became available
15:39:23 | INFO     | t=6747.0: WORKSHOP[WS_02] → Selected for batch
15:39:23 | INFO     | t=6747.0: DISPATCHER → Assigned loco LOCO_02 to workshop_to_retrofitted (waited 82.5 min, pending=2)
15:39:23 | INFO     | t=6747.0: WAGON[W9981] → Added to batch
15:39:23 | INFO     | t=6747.0: BATCH[W8705,W9981] → Formed 2 wagons for WS_02
15:39:23 | INFO     | t=6747.0: LOCO[LOCO_02] → Allocated for pickup
15:39:23 | INFO     | t=6747.0: TRACK[retrofit] → Removed 2 wagons (39.1m freed)
15:39:23 | INFO     | t=6747.0: DISPATCHER → Task submitted: retrofit_to_workshop (pending=3)
15:39:23 | INFO     | t=6752.0: LOCO[LOCO_01] → DECOUPLING at retrofit (33.0 min)
15:39:23 | INFO     | t=6754.0: LOCO[LOCO_02] → TRAIN_PREP completed at WS_01 (2.0 min)
15:39:23 | INFO     | t=6759.0: BATCH → Putting 2 wagons on retrofitted track retrofitted
15:39:23 | INFO     | t=6759.0: WAGON[W7252] → Added to retrofitted track retrofitted
15:39:23 | INFO     | t=6759.0: WAGON[W6352] → Added to retrofitted track retrofitted
15:39:23 | INFO     | t=6764.0: WORKSHOP[WS_01] → Released, notifying 0 waiting processes
15:39:23 | INFO     | t=6764.0: DISPATCHER → Assigned loco LOCO_02 to retrofit_to_workshop (waited 17.0 min, pending=2)
15:39:23 | INFO     | t=6764.0: RAKE[W8705,W9981] → COUPLING at retrofit (1 couplings, 2.0 min)
15:39:23 | INFO     | t=6764.0: WAGON[W6246] → Retrieved from retrofit queue
15:39:23 | INFO     | t=6764.0: WORKSHOP[WS_01] → Selected for batch
15:39:23 | INFO     | t=6764.0: WAGON[W5947] → Added to batch
15:39:23 | INFO     | t=6764.0: BATCH[W6246,W5947] → Formed 2 wagons for WS_01
15:39:23 | INFO     | t=6764.0: TRACK[retrofit] → Removed 2 wagons (28.1m freed)
15:39:23 | INFO     | t=6764.0: DISPATCHER → Task submitted: retrofit_to_workshop (pending=3)
15:39:23 | INFO     | t=6771.0: LOCO[LOCO_02] → COUPLING at retrofit (2.0 min)
15:39:23 | INFO     | t=6773.0: LOCO[LOCO_02] → SHUNTING_PREP at retrofit (1.0 min)
15:39:23 | INFO     | t=6779.0: LOCO[LOCO_02] → DECOUPLING at WS_02 (3.0 min)
15:39:23 | INFO     | t=6782.0: RAKE[W8705,W9981] → DECOUPLING at WS_02 (1 couplings, 3.0 min)
15:39:23 | INFO     | t=6785.0: RAKE[W6884,W11596,W10957,W6303,W10958,W6277,W10928,W7175,W7265,W11947,W11959] → DECOUPLING at retrofit (10 couplings, 30.0 min)
15:39:23 | INFO     | t=6785.0: WAGON[W8705] → RETROFIT_STARTED at WS_02
15:39:23 | INFO     | t=6785.0: WAGON[W9981] → RETROFIT_STARTED at WS_02
15:39:23 | INFO     | t=6790.0: DISPATCHER → Assigned loco LOCO_02 to retrofit_to_workshop (waited 26.0 min, pending=2)
15:39:23 | INFO     | t=6790.0: RAKE[W6246,W5947] → COUPLING at retrofit (1 couplings, 2.0 min)
15:39:23 | INFO     | t=6790.0: WAGON[W5711] → Retrieved from retrofit queue
15:39:23 | INFO     | t=6790.0: WORKSHOP → No workshop available, waiting...
15:39:23 | INFO     | t=6797.0: LOCO[LOCO_02] → COUPLING at retrofit (2.0 min)
15:39:23 | INFO     | t=6799.0: LOCO[LOCO_02] → SHUNTING_PREP at retrofit (1.0 min)
15:39:23 | INFO     | t=6805.0: LOCO[LOCO_02] → DECOUPLING at WS_01 (3.0 min)
15:39:23 | INFO     | t=6808.0: RAKE[W6246,W5947] → DECOUPLING at WS_01 (1 couplings, 3.0 min)
15:39:23 | INFO     | t=6811.0: WAGON[W6246] → RETROFIT_STARTED at WS_01
15:39:23 | INFO     | t=6811.0: WAGON[W5947] → RETROFIT_STARTED at WS_01
15:39:23 | INFO     | EVENT_PUBLISHED: TrainArrivedEvent | train=T94 | time=6812.8
15:39:23 | INFO     | EVENT_HANDLING: TrainArrivedEvent -> RetrofitWorkshopContext._handle_train_arrived
15:39:23 | INFO     | EVENT_HANDLED: TrainArrivedEvent by RetrofitWorkshopContext._handle_train_arrived
15:39:23 | INFO     | t=6816.0: DISPATCHER → Assigned loco LOCO_02 to retrofitted_to_parking (waited 74.0 min, pending=1)
15:39:23 | INFO     | t=6816.0: LOCO[LOCO_02] → Allocated for parking transport
15:39:23 | INFO     | t=6820.0: DISPATCHER → Assigned loco LOCO_01 to collection_to_retrofit (waited 270.5 min, pending=0)
15:39:23 | INFO     | t=6820.0: Batch size limited by retrofit capacity: 7 wagons (124.3m) fits, 12 waiting
15:39:23 | INFO     | t=6820.0: COLLECTION → Reserving retrofit track capacity for 7 wagons
15:39:23 | INFO     | t=6820.0: COLLECTION → Capacity reserved, allocating locomotive
15:39:23 | INFO     | t=6820.0: DISPATCHER → Task submitted: collection_to_retrofit (pending=1)
15:39:23 | INFO     | t=6821.0: LOCO[LOCO_02] → TRAIN_PREP at retrofitted (coupling + prep, 2.0 min)
15:39:23 | INFO     | t=6828.0: LOCO[LOCO_02] → DECOUPLING at parking1 (1.0 min)
15:39:23 | INFO     | t=6829.0: RAKE[W318166502860,W3618] → DECOUPLING at parking1 (1 couplings, 0.5 min)
15:39:23 | INFO     | t=6834.5: LOCO[LOCO_02] → Releasing
15:39:23 | INFO     | t=6834.5: LOCO[LOCO_02] → Released
15:39:23 | INFO     | t=6834.5: PARKING → Got wagon W7252 from retrofitted
15:39:23 | INFO     | t=6834.5: DISPATCHER → Assigned loco LOCO_02 to collection_to_retrofit (waited 14.5 min, pending=0)
15:39:23 | INFO     | t=6834.5: LOCO → Allocating for parking transport
15:39:23 | INFO     | t=6834.5: DISPATCHER → Task submitted: retrofitted_to_parking (pending=1)
15:39:23 | INFO     | t=6845.0: RAKE[W8705,W9981] → COUPLING at WS_02 (1 couplings, 0.5 min)
15:39:23 | INFO     | t=6845.5: LOCO → Allocating for pickup from WS_02
15:39:23 | INFO     | t=6845.5: DISPATCHER → Task submitted: workshop_to_retrofitted (pending=2)
15:39:23 | INFO     | t=6871.0: RAKE[W6246,W5947] → COUPLING at WS_01 (1 couplings, 0.5 min)
15:39:23 | INFO     | t=6871.5: LOCO → Allocating for pickup from WS_01
15:39:23 | INFO     | t=6871.5: DISPATCHER → Task submitted: workshop_to_retrofitted (pending=3)
15:39:23 | INFO     | t=6880.0: LOCO[LOCO_01] → TRAIN_PREP at collection (coupling + prep, 3.0 min)
15:39:23 | INFO     | t=6894.5: LOCO[LOCO_02] → TRAIN_PREP at collection (coupling + prep, 15.0 min)
15:39:23 | INFO     | t=6943.0: LOCO[LOCO_01] → DECOUPLING at retrofit (3.0 min)
15:39:23 | INFO     | t=6946.0: RAKE[W10886] → DECOUPLING at retrofit (0 couplings, 0.0 min)
15:39:23 | INFO     | t=6951.0: Batch size limited by retrofit capacity: 1 wagons (12.5m) fits, 18 waiting
15:39:23 | INFO     | t=6951.0: DISPATCHER → Assigned loco LOCO_01 to workshop_to_retrofitted (waited 105.5 min, pending=2)
15:39:23 | INFO     | t=6951.0: COLLECTION → Reserving retrofit track capacity for 1 wagons
15:39:23 | INFO     | t=6951.0: LOCO[LOCO_01] → Allocated for pickup
15:39:23 | INFO     | t=6958.0: LOCO[LOCO_01] → TRAIN_PREP completed at WS_02 (2.0 min)
15:39:23 | INFO     | t=6963.0: BATCH → Putting 2 wagons on retrofitted track retrofitted
15:39:23 | INFO     | t=6963.0: WAGON[W8705] → Added to retrofitted track retrofitted
15:39:23 | INFO     | t=6963.0: WAGON[W9981] → Added to retrofitted track retrofitted
15:39:23 | INFO     | t=6968.0: WORKSHOP[WS_02] → Released, notifying 1 waiting processes
15:39:23 | INFO     | t=6968.0: WORKSHOP → Workshop became available
15:39:23 | INFO     | t=6968.0: WORKSHOP[WS_02] → Selected for batch
15:39:23 | INFO     | t=6968.0: DISPATCHER → Assigned loco LOCO_01 to workshop_to_retrofitted (waited 96.5 min, pending=1)
15:39:23 | INFO     | t=6968.0: WAGON[W5127] → Added to batch
15:39:23 | INFO     | t=6968.0: BATCH[W5711,W5127] → Formed 2 wagons for WS_02
15:39:23 | INFO     | t=6968.0: LOCO[LOCO_01] → Allocated for pickup
15:39:23 | INFO     | t=6968.0: TRACK[retrofit] → Removed 2 wagons (30.4m freed)
15:39:23 | INFO     | t=6968.0: DISPATCHER → Task submitted: retrofit_to_workshop (pending=2)
15:39:23 | INFO     | t=6968.0: COLLECTION → Capacity reserved, allocating locomotive
15:39:23 | INFO     | t=6968.0: DISPATCHER → Task submitted: collection_to_retrofit (pending=3)
15:39:23 | INFO     | t=6969.5: LOCO[LOCO_02] → DECOUPLING at retrofit (21.0 min)
15:39:23 | INFO     | t=6975.0: LOCO[LOCO_01] → TRAIN_PREP completed at WS_01 (2.0 min)
15:39:23 | INFO     | t=6980.0: BATCH → Putting 2 wagons on retrofitted track retrofitted
15:39:23 | INFO     | t=6980.0: WAGON[W6246] → Added to retrofitted track retrofitted
15:39:23 | INFO     | t=6980.0: WAGON[W5947] → Added to retrofitted track retrofitted
15:39:23 | INFO     | t=6985.0: WORKSHOP[WS_01] → Released, notifying 0 waiting processes
15:39:23 | INFO     | t=6985.0: DISPATCHER → Assigned loco LOCO_01 to retrofit_to_workshop (waited 17.0 min, pending=2)
15:39:23 | INFO     | t=6985.0: RAKE[W5711,W5127] → COUPLING at retrofit (1 couplings, 2.0 min)
15:39:23 | INFO     | t=6985.0: WAGON[W6884] → Retrieved from retrofit queue
15:39:23 | INFO     | t=6985.0: WORKSHOP[WS_01] → Selected for batch
15:39:23 | INFO     | t=6985.0: WAGON[W11596] → Added to batch
15:39:23 | INFO     | t=6985.0: BATCH[W6884,W11596] → Formed 2 wagons for WS_01
15:39:23 | INFO     | t=6985.0: TRACK[retrofit] → Removed 2 wagons (26.6m freed)
15:39:23 | INFO     | t=6985.0: DISPATCHER → Task submitted: retrofit_to_workshop (pending=3)
15:39:23 | INFO     | t=6990.5: RAKE[W10522,W6231,W11482,W8671,W11252,W5452,W6800] → DECOUPLING at retrofit (6 couplings, 18.0 min)
15:39:23 | INFO     | t=6992.0: LOCO[LOCO_01] → COUPLING at retrofit (2.0 min)
15:39:23 | INFO     | t=6994.0: LOCO[LOCO_01] → SHUNTING_PREP at retrofit (1.0 min)
15:39:23 | INFO     | t=7000.0: LOCO[LOCO_01] → DECOUPLING at WS_02 (3.0 min)
15:39:23 | INFO     | EVENT_PUBLISHED: TrainArrivedEvent | train=T95 | time=7002.0
15:39:23 | INFO     | EVENT_HANDLING: TrainArrivedEvent -> RetrofitWorkshopContext._handle_train_arrived
15:39:23 | INFO     | EVENT_HANDLED: TrainArrivedEvent by RetrofitWorkshopContext._handle_train_arrived
15:39:23 | INFO     | t=7003.0: RAKE[W5711,W5127] → DECOUPLING at WS_02 (1 couplings, 3.0 min)
15:39:23 | INFO     | t=7006.0: WAGON[W5711] → RETROFIT_STARTED at WS_02
15:39:23 | INFO     | t=7006.0: WAGON[W5127] → RETROFIT_STARTED at WS_02
15:39:23 | INFO     | t=7011.0: DISPATCHER → Assigned loco LOCO_01 to retrofit_to_workshop (waited 26.0 min, pending=2)
15:39:23 | INFO     | t=7011.0: RAKE[W6884,W11596] → COUPLING at retrofit (1 couplings, 2.0 min)
15:39:23 | INFO     | t=7011.0: WAGON[W10957] → Retrieved from retrofit queue
15:39:23 | INFO     | t=7011.0: WORKSHOP → No workshop available, waiting...
15:39:23 | INFO     | t=7013.5: Batch size limited by retrofit capacity: 1 wagons (34.2m) fits, 13 waiting
15:39:23 | INFO     | t=7013.5: DISPATCHER → Assigned loco LOCO_02 to retrofitted_to_parking (waited 179.0 min, pending=1)
15:39:23 | INFO     | t=7013.5: COLLECTION → Reserving retrofit track capacity for 1 wagons
15:39:23 | INFO     | t=7013.5: LOCO[LOCO_02] → Allocated for parking transport
15:39:23 | INFO     | t=7013.5: COLLECTION → Capacity reserved, allocating locomotive
15:39:23 | INFO     | t=7013.5: DISPATCHER → Task submitted: collection_to_retrofit (pending=2)
15:39:23 | INFO     | t=7018.0: LOCO[LOCO_01] → COUPLING at retrofit (2.0 min)
15:39:23 | INFO     | t=7018.5: LOCO[LOCO_02] → TRAIN_PREP at retrofitted (coupling + prep, 2.0 min)
15:39:23 | INFO     | t=7020.0: LOCO[LOCO_01] → SHUNTING_PREP at retrofit (1.0 min)
15:39:23 | INFO     | t=7026.0: LOCO[LOCO_01] → DECOUPLING at WS_01 (3.0 min)
15:39:23 | INFO     | t=7029.0: RAKE[W6884,W11596] → DECOUPLING at WS_01 (1 couplings, 3.0 min)
15:39:23 | INFO     | t=7032.0: WAGON[W6884] → RETROFIT_STARTED at WS_01
15:39:23 | INFO     | t=7032.0: WAGON[W11596] → RETROFIT_STARTED at WS_01
15:39:23 | INFO     | t=7037.0: DISPATCHER → Assigned loco LOCO_01 to collection_to_retrofit (waited 69.0 min, pending=1)
15:39:23 | INFO     | t=7066.0: RAKE[W5711,W5127] → COUPLING at WS_02 (1 couplings, 0.5 min)
15:39:23 | INFO     | t=7066.5: LOCO → Allocating for pickup from WS_02
15:39:23 | INFO     | t=7066.5: DISPATCHER → Task submitted: workshop_to_retrofitted (pending=2)
15:39:23 | INFO     | t=7092.0: RAKE[W6884,W11596] → COUPLING at WS_01 (1 couplings, 0.5 min)
15:39:23 | INFO     | t=7092.5: LOCO → Allocating for pickup from WS_01
15:39:23 | INFO     | t=7092.5: DISPATCHER → Task submitted: workshop_to_retrofitted (pending=3)
15:39:23 | INFO     | t=7095.5: LOCO[LOCO_02] → DECOUPLING at parking15 (1.0 min)
15:39:23 | INFO     | t=7096.5: RAKE[W7252,W6352] → DECOUPLING at parking15 (1 couplings, 0.5 min)
15:39:23 | INFO     | t=7097.0: LOCO[LOCO_01] → TRAIN_PREP at collection (coupling + prep, 3.0 min)
15:39:23 | INFO     | t=7157.0: LOCO[LOCO_02] → Releasing
15:39:23 | INFO     | t=7157.0: LOCO[LOCO_02] → Released
15:39:23 | INFO     | t=7157.0: PARKING → Got wagon W8705 from retrofitted
15:39:23 | INFO     | t=7157.0: DISPATCHER → Assigned loco LOCO_02 to workshop_to_retrofitted (waited 90.5 min, pending=2)
15:39:23 | INFO     | t=7157.0: LOCO[LOCO_02] → Allocated for pickup
15:39:23 | INFO     | t=7157.0: LOCO → Allocating for parking transport
15:39:23 | INFO     | t=7157.0: DISPATCHER → Task submitted: retrofitted_to_parking (pending=3)
15:39:23 | INFO     | t=7160.0: LOCO[LOCO_01] → DECOUPLING at retrofit (3.0 min)
15:39:23 | INFO     | t=7163.0: RAKE[W10081] → DECOUPLING at retrofit (0 couplings, 0.0 min)
15:39:23 | INFO     | t=7164.0: LOCO[LOCO_02] → TRAIN_PREP completed at WS_02 (2.0 min)
15:39:23 | INFO     | EVENT_PUBLISHED: TrainArrivedEvent | train=T96 | time=7167.5
15:39:23 | INFO     | EVENT_HANDLING: TrainArrivedEvent -> RetrofitWorkshopContext._handle_train_arrived
15:39:23 | INFO     | EVENT_HANDLED: TrainArrivedEvent by RetrofitWorkshopContext._handle_train_arrived
15:39:23 | INFO     | t=7168.0: Batch size limited by retrofit capacity: 1 wagons (10.0m) fits, 18 waiting
15:39:23 | INFO     | t=7168.0: DISPATCHER → Assigned loco LOCO_01 to workshop_to_retrofitted (waited 75.5 min, pending=2)
15:39:23 | INFO     | t=7168.0: COLLECTION → Reserving retrofit track capacity for 1 wagons
15:39:23 | INFO     | t=7168.0: LOCO[LOCO_01] → Allocated for pickup
15:39:23 | INFO     | t=7168.0: COLLECTION → Capacity reserved, allocating locomotive
15:39:23 | INFO     | t=7168.0: DISPATCHER → Task submitted: collection_to_retrofit (pending=3)
15:39:23 | INFO     | t=7169.0: BATCH → Putting 2 wagons on retrofitted track retrofitted
15:39:23 | INFO     | t=7169.0: WAGON[W5711] → Added to retrofitted track retrofitted
15:39:23 | INFO     | t=7169.0: WAGON[W5127] → Added to retrofitted track retrofitted
15:39:23 | INFO     | t=7174.0: WORKSHOP[WS_02] → Released, notifying 1 waiting processes
15:39:23 | INFO     | t=7174.0: WORKSHOP → Workshop became available
15:39:23 | INFO     | t=7174.0: WORKSHOP[WS_02] → Selected for batch
15:39:23 | INFO     | t=7174.0: DISPATCHER → Assigned loco LOCO_02 to retrofitted_to_parking (waited 17.0 min, pending=2)
15:39:23 | INFO     | t=7174.0: WAGON[W6303] → Added to batch
15:39:23 | INFO     | t=7174.0: BATCH[W10957,W6303] → Formed 2 wagons for WS_02
15:39:23 | INFO     | t=7174.0: LOCO[LOCO_02] → Allocated for parking transport
15:39:23 | INFO     | t=7174.0: TRACK[retrofit] → Removed 2 wagons (28.4m freed)
15:39:23 | INFO     | t=7174.0: DISPATCHER → Task submitted: retrofit_to_workshop (pending=3)
15:39:23 | INFO     | t=7175.0: LOCO[LOCO_01] → TRAIN_PREP completed at WS_01 (2.0 min)
15:39:23 | INFO     | t=7179.0: LOCO[LOCO_02] → TRAIN_PREP at retrofitted (coupling + prep, 3.0 min)
15:39:23 | INFO     | t=7180.0: BATCH → Putting 2 wagons on retrofitted track retrofitted
15:39:23 | INFO     | t=7180.0: WAGON[W6884] → Added to retrofitted track retrofitted
15:39:23 | INFO     | t=7180.0: WAGON[W11596] → Added to retrofitted track retrofitted
15:39:23 | INFO     | t=7185.0: WORKSHOP[WS_01] → Released, notifying 0 waiting processes
15:39:23 | INFO     | t=7185.0: DISPATCHER → Assigned loco LOCO_01 to retrofit_to_workshop (waited 11.0 min, pending=2)
15:39:23 | INFO     | t=7185.0: RAKE[W10957,W6303] → COUPLING at retrofit (1 couplings, 2.0 min)
15:39:23 | INFO     | t=7185.0: WAGON[W10958] → Retrieved from retrofit queue
15:39:23 | INFO     | t=7185.0: WORKSHOP[WS_01] → Selected for batch
15:39:23 | INFO     | t=7185.0: WAGON[W6277] → Added to batch
15:39:23 | INFO     | t=7185.0: BATCH[W10958,W6277] → Formed 2 wagons for WS_01
15:39:23 | INFO     | t=7185.0: TRACK[retrofit] → Removed 2 wagons (29.0m freed)
15:39:23 | INFO     | t=7185.0: DISPATCHER → Task submitted: retrofit_to_workshop (pending=3)
15:39:23 | INFO     | t=7192.0: LOCO[LOCO_01] → COUPLING at retrofit (2.0 min)
15:39:23 | INFO     | t=7194.0: LOCO[LOCO_01] → SHUNTING_PREP at retrofit (1.0 min)
15:39:23 | INFO     | EVENT_PUBLISHED: TrainArrivedEvent | train=T97 | time=7195.2
15:39:23 | INFO     | EVENT_HANDLING: TrainArrivedEvent -> RetrofitWorkshopContext._handle_train_arrived
15:39:23 | INFO     | EVENT_HANDLED: TrainArrivedEvent by RetrofitWorkshopContext._handle_train_arrived
15:39:23 | INFO     | t=7200.0: LOCO[LOCO_01] → DECOUPLING at WS_02 (3.0 min)
15:39:23 | INFO     | t=7203.0: RAKE[W10957,W6303] → DECOUPLING at WS_02 (1 couplings, 3.0 min)
15:39:23 | INFO     | t=7206.0: WAGON[W10957] → RETROFIT_STARTED at WS_02
15:39:23 | INFO     | t=7206.0: WAGON[W6303] → RETROFIT_STARTED at WS_02
15:39:23 | INFO     | t=7211.0: DISPATCHER → Assigned loco LOCO_01 to retrofit_to_workshop (waited 26.0 min, pending=2)
15:39:23 | INFO     | t=7211.0: RAKE[W10958,W6277] → COUPLING at retrofit (1 couplings, 2.0 min)
15:39:23 | INFO     | t=7211.0: WAGON[W10928] → Retrieved from retrofit queue
15:39:23 | INFO     | t=7211.0: WORKSHOP → No workshop available, waiting...
15:39:23 | INFO     | t=7218.0: LOCO[LOCO_01] → COUPLING at retrofit (2.0 min)
15:39:23 | INFO     | t=7220.0: LOCO[LOCO_01] → SHUNTING_PREP at retrofit (1.0 min)
15:39:23 | INFO     | t=7226.0: LOCO[LOCO_01] → DECOUPLING at WS_01 (3.0 min)
15:39:23 | INFO     | t=7229.0: RAKE[W10958,W6277] → DECOUPLING at WS_01 (1 couplings, 3.0 min)
15:39:23 | INFO     | t=7232.0: WAGON[W10958] → RETROFIT_STARTED at WS_01
15:39:23 | INFO     | t=7232.0: WAGON[W6277] → RETROFIT_STARTED at WS_01
15:39:23 | INFO     | t=7237.0: DISPATCHER → Assigned loco LOCO_01 to collection_to_retrofit (waited 223.5 min, pending=1)
15:39:23 | INFO     | t=7242.0: LOCO[LOCO_02] → DECOUPLING at parking10 (2.0 min)
15:39:23 | INFO     | t=7244.0: RAKE[W8705,W9981,W6246,W5947] → DECOUPLING at parking10 (3 couplings, 1.5 min)
15:39:23 | INFO     | EVENT_PUBLISHED: TrainArrivedEvent | train=T98 | time=7254.5
15:39:23 | INFO     | EVENT_HANDLING: TrainArrivedEvent -> RetrofitWorkshopContext._handle_train_arrived
15:39:23 | INFO     | EVENT_HANDLED: TrainArrivedEvent by RetrofitWorkshopContext._handle_train_arrived
15:39:23 | INFO     | t=7266.0: RAKE[W10957,W6303] → COUPLING at WS_02 (1 couplings, 0.5 min)
15:39:23 | INFO     | t=7266.5: LOCO → Allocating for pickup from WS_02
15:39:23 | INFO     | t=7266.5: DISPATCHER → Task submitted: workshop_to_retrofitted (pending=2)
15:39:23 | INFO     | EVENT_PUBLISHED: TrainArrivedEvent | train=T99 | time=7273.8
15:39:23 | INFO     | EVENT_HANDLING: TrainArrivedEvent -> RetrofitWorkshopContext._handle_train_arrived
15:39:23 | INFO     | EVENT_HANDLED: TrainArrivedEvent by RetrofitWorkshopContext._handle_train_arrived
15:39:23 | INFO     | t=7292.0: RAKE[W10958,W6277] → COUPLING at WS_01 (1 couplings, 0.5 min)
15:39:23 | INFO     | t=7292.5: LOCO → Allocating for pickup from WS_01
15:39:23 | INFO     | t=7292.5: DISPATCHER → Task submitted: workshop_to_retrofitted (pending=3)
15:39:23 | INFO     | t=7297.0: LOCO[LOCO_01] → TRAIN_PREP at collection (coupling + prep, 3.0 min)
15:39:23 | INFO     | t=7305.5: LOCO[LOCO_02] → Releasing
15:39:23 | INFO     | t=7305.5: LOCO[LOCO_02] → Released
15:39:23 | INFO     | t=7305.5: PARKING → Got wagon W5711 from retrofitted
15:39:23 | INFO     | t=7305.5: DISPATCHER → Assigned loco LOCO_02 to workshop_to_retrofitted (waited 39.0 min, pending=2)
15:39:23 | INFO     | t=7305.5: LOCO[LOCO_02] → Allocated for pickup
15:39:23 | INFO     | t=7305.5: LOCO → Allocating for parking transport
15:39:23 | INFO     | t=7305.5: DISPATCHER → Task submitted: retrofitted_to_parking (pending=3)
15:39:23 | INFO     | t=7312.5: LOCO[LOCO_02] → TRAIN_PREP completed at WS_02 (2.0 min)
15:39:23 | INFO     | t=7317.5: BATCH → Putting 2 wagons on retrofitted track retrofitted
15:39:23 | INFO     | t=7317.5: WAGON[W10957] → Added to retrofitted track retrofitted
15:39:23 | INFO     | t=7317.5: WAGON[W6303] → Added to retrofitted track retrofitted
15:39:23 | INFO     | t=7322.5: WORKSHOP[WS_02] → Released, notifying 1 waiting processes
15:39:23 | INFO     | t=7322.5: WORKSHOP → Workshop became available
15:39:23 | INFO     | t=7322.5: WORKSHOP[WS_02] → Selected for batch
15:39:23 | INFO     | t=7322.5: DISPATCHER → Assigned loco LOCO_02 to workshop_to_retrofitted (waited 30.0 min, pending=2)
15:39:23 | INFO     | t=7322.5: WAGON[W7175] → Added to batch
15:39:23 | INFO     | t=7322.5: BATCH[W10928,W7175] → Formed 2 wagons for WS_02
15:39:23 | INFO     | t=7322.5: LOCO[LOCO_02] → Allocated for pickup
15:39:23 | INFO     | t=7322.5: TRACK[retrofit] → Removed 2 wagons (26.0m freed)
15:39:23 | INFO     | t=7322.5: DISPATCHER → Task submitted: retrofit_to_workshop (pending=3)
15:39:23 | INFO     | t=7329.5: LOCO[LOCO_02] → TRAIN_PREP completed at WS_01 (2.0 min)
15:39:23 | INFO     | t=7334.5: BATCH → Putting 2 wagons on retrofitted track retrofitted
15:39:23 | INFO     | t=7334.5: WAGON[W10958] → Added to retrofitted track retrofitted
15:39:23 | INFO     | t=7334.5: WAGON[W6277] → Added to retrofitted track retrofitted
15:39:23 | INFO     | t=7339.5: WORKSHOP[WS_01] → Released, notifying 0 waiting processes
15:39:23 | INFO     | t=7339.5: DISPATCHER → Assigned loco LOCO_02 to retrofit_to_workshop (waited 17.0 min, pending=2)
15:39:23 | INFO     | t=7339.5: RAKE[W10928,W7175] → COUPLING at retrofit (1 couplings, 2.0 min)
15:39:23 | INFO     | t=7339.5: WAGON[W7265] → Retrieved from retrofit queue
15:39:23 | INFO     | t=7339.5: WORKSHOP[WS_01] → Selected for batch
15:39:23 | INFO     | t=7339.5: WAGON[W11947] → Added to batch
15:39:23 | INFO     | t=7339.5: BATCH[W7265,W11947] → Formed 2 wagons for WS_01
15:39:23 | INFO     | t=7339.5: TRACK[retrofit] → Removed 2 wagons (25.8m freed)
15:39:23 | INFO     | t=7339.5: DISPATCHER → Task submitted: retrofit_to_workshop (pending=3)
15:39:23 | INFO     | t=7346.5: LOCO[LOCO_02] → COUPLING at retrofit (2.0 min)
15:39:23 | INFO     | t=7348.5: LOCO[LOCO_02] → SHUNTING_PREP at retrofit (1.0 min)
15:39:23 | INFO     | t=7354.5: LOCO[LOCO_02] → DECOUPLING at WS_02 (3.0 min)
15:39:23 | INFO     | t=7357.5: RAKE[W10928,W7175] → DECOUPLING at WS_02 (1 couplings, 3.0 min)
15:39:23 | INFO     | t=7360.0: LOCO[LOCO_01] → DECOUPLING at retrofit (3.0 min)
15:39:23 | INFO     | EVENT_PUBLISHED: TrainArrivedEvent | train=T100 | time=7360.2
15:39:23 | INFO     | EVENT_HANDLING: TrainArrivedEvent -> RetrofitWorkshopContext._handle_train_arrived
15:39:23 | INFO     | EVENT_HANDLED: TrainArrivedEvent by RetrofitWorkshopContext._handle_train_arrived
15:39:23 | INFO     | t=7360.5: WAGON[W10928] → RETROFIT_STARTED at WS_02
15:39:23 | INFO     | t=7360.5: WAGON[W7175] → RETROFIT_STARTED at WS_02
15:39:23 | INFO     | t=7363.0: RAKE[W8380] → DECOUPLING at retrofit (0 couplings, 0.0 min)
15:39:23 | INFO     | t=7365.5: DISPATCHER → Assigned loco LOCO_02 to retrofit_to_workshop (waited 26.0 min, pending=2)
15:39:23 | INFO     | t=7365.5: RAKE[W7265,W11947] → COUPLING at retrofit (1 couplings, 2.0 min)
15:39:23 | INFO     | t=7365.5: WAGON[W11959] → Retrieved from retrofit queue
15:39:23 | INFO     | t=7365.5: WORKSHOP → No workshop available, waiting...
15:39:23 | INFO     | t=7368.0: DISPATCHER → Assigned loco LOCO_01 to retrofitted_to_parking (waited 62.5 min, pending=1)
15:39:23 | INFO     | t=7368.0: LOCO[LOCO_01] → Allocated for parking transport
15:39:23 | INFO     | t=7368.0: Batch size limited by retrofit capacity: 6 wagons (111.6m) fits, 13 waiting
15:39:23 | INFO     | t=7368.0: COLLECTION → Reserving retrofit track capacity for 6 wagons
15:39:23 | INFO     | t=7368.0: COLLECTION → Capacity reserved, allocating locomotive
15:39:23 | INFO     | t=7368.0: DISPATCHER → Task submitted: collection_to_retrofit (pending=2)
15:39:23 | INFO     | t=7372.5: LOCO[LOCO_02] → COUPLING at retrofit (2.0 min)
15:39:23 | INFO     | t=7373.0: LOCO[LOCO_01] → TRAIN_PREP at retrofitted (coupling + prep, 3.0 min)
15:39:23 | INFO     | t=7374.5: LOCO[LOCO_02] → SHUNTING_PREP at retrofit (1.0 min)
15:39:23 | INFO     | EVENT_PUBLISHED: TrainArrivedEvent | train=T101 | time=7375.2
15:39:23 | INFO     | EVENT_HANDLING: TrainArrivedEvent -> RetrofitWorkshopContext._handle_train_arrived
15:39:23 | INFO     | EVENT_HANDLED: TrainArrivedEvent by RetrofitWorkshopContext._handle_train_arrived
15:39:23 | INFO     | t=7380.5: LOCO[LOCO_02] → DECOUPLING at WS_01 (3.0 min)
15:39:23 | INFO     | t=7383.5: RAKE[W7265,W11947] → DECOUPLING at WS_01 (1 couplings, 3.0 min)
15:39:23 | INFO     | t=7386.5: WAGON[W7265] → RETROFIT_STARTED at WS_01
15:39:23 | INFO     | t=7386.5: WAGON[W11947] → RETROFIT_STARTED at WS_01
15:39:23 | INFO     | t=7391.5: DISPATCHER → Assigned loco LOCO_02 to collection_to_retrofit (waited 223.5 min, pending=1)
15:39:23 | INFO     | t=7420.5: RAKE[W10928,W7175] → COUPLING at WS_02 (1 couplings, 0.5 min)
15:39:23 | INFO     | t=7421.0: LOCO → Allocating for pickup from WS_02
15:39:23 | INFO     | t=7421.0: DISPATCHER → Task submitted: workshop_to_retrofitted (pending=2)
15:39:23 | INFO     | t=7446.5: RAKE[W7265,W11947] → COUPLING at WS_01 (1 couplings, 0.5 min)
15:39:23 | INFO     | t=7447.0: LOCO → Allocating for pickup from WS_01
15:39:23 | INFO     | t=7447.0: DISPATCHER → Task submitted: workshop_to_retrofitted (pending=3)
15:39:23 | INFO     | t=7451.0: LOCO[LOCO_01] → DECOUPLING at parking14 (2.0 min)
15:39:23 | INFO     | t=7451.5: LOCO[LOCO_02] → TRAIN_PREP at collection (coupling + prep, 3.0 min)
15:39:23 | INFO     | t=7453.0: RAKE[W5711,W5127,W6884,W11596] → DECOUPLING at parking14 (3 couplings, 1.5 min)
15:39:23 | INFO     | t=7514.5: LOCO[LOCO_02] → DECOUPLING at retrofit (3.0 min)
15:39:23 | INFO     | t=7514.5: LOCO[LOCO_01] → Releasing
15:39:23 | INFO     | t=7514.5: LOCO[LOCO_01] → Released
15:39:23 | INFO     | t=7514.5: PARKING → Got wagon W10957 from retrofitted
15:39:23 | INFO     | t=7514.5: DISPATCHER → Assigned loco LOCO_01 to workshop_to_retrofitted (waited 93.5 min, pending=2)
15:39:23 | INFO     | t=7514.5: LOCO[LOCO_01] → Allocated for pickup
15:39:23 | INFO     | t=7514.5: LOCO → Allocating for parking transport
15:39:23 | INFO     | t=7514.5: DISPATCHER → Task submitted: retrofitted_to_parking (pending=3)
15:39:23 | INFO     | t=7517.5: RAKE[W0032] → DECOUPLING at retrofit (0 couplings, 0.0 min)
15:39:23 | INFO     | t=7521.5: LOCO[LOCO_01] → TRAIN_PREP completed at WS_02 (2.0 min)
15:39:23 | INFO     | t=7522.5: Batch size limited by retrofit capacity: 1 wagons (15.7m) fits, 18 waiting
15:39:23 | INFO     | t=7522.5: DISPATCHER → Assigned loco LOCO_02 to workshop_to_retrofitted (waited 75.5 min, pending=2)
15:39:23 | INFO     | t=7522.5: COLLECTION → Reserving retrofit track capacity for 1 wagons
15:39:23 | INFO     | t=7522.5: LOCO[LOCO_02] → Allocated for pickup
15:39:23 | INFO     | t=7526.5: BATCH → Putting 2 wagons on retrofitted track retrofitted
15:39:23 | INFO     | t=7526.5: WAGON[W10928] → Added to retrofitted track retrofitted
15:39:23 | INFO     | t=7526.5: WAGON[W7175] → Added to retrofitted track retrofitted
15:39:23 | INFO     | t=7529.5: LOCO[LOCO_02] → TRAIN_PREP completed at WS_01 (2.0 min)
15:39:23 | INFO     | t=7531.5: WORKSHOP[WS_02] → Released, notifying 1 waiting processes
15:39:23 | INFO     | t=7531.5: WORKSHOP → Workshop became available
15:39:23 | INFO     | t=7531.5: WORKSHOP[WS_02] → Selected for batch
15:39:23 | INFO     | t=7531.5: DISPATCHER → Assigned loco LOCO_01 to retrofitted_to_parking (waited 17.0 min, pending=1)
15:39:23 | INFO     | t=7531.5: WAGON[W10886] → Added to batch
15:39:23 | INFO     | t=7531.5: BATCH[W11959,W10886] → Formed 2 wagons for WS_02
15:39:23 | INFO     | t=7531.5: LOCO[LOCO_01] → Allocated for parking transport
15:39:23 | INFO     | t=7531.5: TRACK[retrofit] → Removed 2 wagons (25.3m freed)
15:39:23 | INFO     | t=7531.5: DISPATCHER → Task submitted: retrofit_to_workshop (pending=2)
15:39:23 | INFO     | t=7531.5: COLLECTION → Capacity reserved, allocating locomotive
15:39:23 | INFO     | t=7531.5: DISPATCHER → Task submitted: collection_to_retrofit (pending=3)
15:39:23 | INFO     | t=7534.5: BATCH → Putting 2 wagons on retrofitted track retrofitted
15:39:23 | INFO     | t=7534.5: WAGON[W7265] → Added to retrofitted track retrofitted
15:39:23 | INFO     | t=7534.5: WAGON[W11947] → Added to retrofitted track retrofitted
15:39:23 | INFO     | t=7536.5: LOCO[LOCO_01] → TRAIN_PREP at retrofitted (coupling + prep, 3.0 min)
15:39:23 | INFO     | t=7539.5: WORKSHOP[WS_01] → Released, notifying 0 waiting processes
15:39:23 | INFO     | t=7539.5: DISPATCHER → Assigned loco LOCO_02 to retrofit_to_workshop (waited 8.0 min, pending=2)
15:39:23 | INFO     | t=7539.5: RAKE[W11959,W10886] → COUPLING at retrofit (1 couplings, 2.0 min)
15:39:23 | INFO     | t=7539.5: WAGON[W10522] → Retrieved from retrofit queue
15:39:23 | INFO     | t=7539.5: WORKSHOP[WS_01] → Selected for batch
15:39:23 | INFO     | t=7539.5: WAGON[W6231] → Added to batch
15:39:23 | INFO     | t=7539.5: BATCH[W10522,W6231] → Formed 2 wagons for WS_01
15:39:23 | INFO     | t=7539.5: TRACK[retrofit] → Removed 2 wagons (31.6m freed)
15:39:23 | INFO     | t=7539.5: DISPATCHER → Task submitted: retrofit_to_workshop (pending=3)
15:39:23 | INFO     | t=7546.5: LOCO[LOCO_02] → COUPLING at retrofit (2.0 min)
15:39:23 | INFO     | t=7548.5: LOCO[LOCO_02] → SHUNTING_PREP at retrofit (1.0 min)
15:39:23 | INFO     | t=7554.5: LOCO[LOCO_02] → DECOUPLING at WS_02 (3.0 min)
15:39:23 | INFO     | t=7557.5: RAKE[W11959,W10886] → DECOUPLING at WS_02 (1 couplings, 3.0 min)
15:39:23 | INFO     | t=7560.5: WAGON[W11959] → RETROFIT_STARTED at WS_02
15:39:23 | INFO     | t=7560.5: WAGON[W10886] → RETROFIT_STARTED at WS_02
15:39:23 | INFO     | t=7565.5: DISPATCHER → Assigned loco LOCO_02 to retrofit_to_workshop (waited 26.0 min, pending=2)
15:39:23 | INFO     | t=7565.5: RAKE[W10522,W6231] → COUPLING at retrofit (1 couplings, 2.0 min)
15:39:23 | INFO     | t=7565.5: WAGON[W11482] → Retrieved from retrofit queue
15:39:23 | INFO     | t=7565.5: WORKSHOP → No workshop available, waiting...
15:39:23 | INFO     | t=7572.5: LOCO[LOCO_02] → COUPLING at retrofit (2.0 min)
15:39:23 | INFO     | t=7574.5: LOCO[LOCO_02] → SHUNTING_PREP at retrofit (1.0 min)
15:39:23 | INFO     | t=7580.5: LOCO[LOCO_02] → DECOUPLING at WS_01 (3.0 min)
15:39:23 | INFO     | t=7583.5: RAKE[W10522,W6231] → DECOUPLING at WS_01 (1 couplings, 3.0 min)
15:39:23 | INFO     | t=7586.5: WAGON[W10522] → RETROFIT_STARTED at WS_01
15:39:23 | INFO     | t=7586.5: WAGON[W6231] → RETROFIT_STARTED at WS_01
15:39:23 | INFO     | t=7591.5: DISPATCHER → Assigned loco LOCO_02 to collection_to_retrofit (waited 223.5 min, pending=1)
15:39:23 | INFO     | t=7614.5: LOCO[LOCO_01] → DECOUPLING at parking15 (2.0 min)
15:39:23 | INFO     | t=7616.5: RAKE[W10957,W6303,W10958,W6277] → DECOUPLING at parking15 (3 couplings, 1.5 min)
15:39:23 | INFO     | t=7620.5: RAKE[W11959,W10886] → COUPLING at WS_02 (1 couplings, 0.5 min)
15:39:23 | INFO     | t=7621.0: LOCO → Allocating for pickup from WS_02
15:39:23 | INFO     | t=7621.0: DISPATCHER → Task submitted: workshop_to_retrofitted (pending=2)
15:39:23 | INFO     | t=7646.5: RAKE[W10522,W6231] → COUPLING at WS_01 (1 couplings, 0.5 min)
15:39:23 | INFO     | t=7647.0: LOCO → Allocating for pickup from WS_01
15:39:23 | INFO     | t=7647.0: DISPATCHER → Task submitted: workshop_to_retrofitted (pending=3)
15:39:23 | INFO     | t=7651.5: LOCO[LOCO_02] → TRAIN_PREP at collection (coupling + prep, 13.0 min)
15:39:23 | INFO     | t=7678.0: LOCO[LOCO_01] → Releasing
15:39:23 | INFO     | t=7678.0: LOCO[LOCO_01] → Released
15:39:23 | INFO     | t=7678.0: PARKING → Got wagon W10928 from retrofitted
15:39:23 | INFO     | t=7678.0: DISPATCHER → Assigned loco LOCO_01 to workshop_to_retrofitted (waited 57.0 min, pending=2)
15:39:23 | INFO     | t=7678.0: LOCO[LOCO_01] → Allocated for pickup
15:39:23 | INFO     | t=7678.0: LOCO → Allocating for parking transport
15:39:23 | INFO     | t=7678.0: DISPATCHER → Task submitted: retrofitted_to_parking (pending=3)
15:39:23 | INFO     | t=7685.0: LOCO[LOCO_01] → TRAIN_PREP completed at WS_02 (2.0 min)
15:39:23 | INFO     | t=7690.0: BATCH → Putting 2 wagons on retrofitted track retrofitted
15:39:23 | INFO     | t=7690.0: WAGON[W11959] → Added to retrofitted track retrofitted
15:39:23 | INFO     | t=7690.0: WAGON[W10886] → Added to retrofitted track retrofitted
15:39:23 | INFO     | t=7695.0: WORKSHOP[WS_02] → Released, notifying 1 waiting processes
15:39:23 | INFO     | t=7695.0: WORKSHOP → Workshop became available
15:39:23 | INFO     | t=7695.0: WORKSHOP[WS_02] → Selected for batch
15:39:23 | INFO     | t=7695.0: DISPATCHER → Assigned loco LOCO_01 to workshop_to_retrofitted (waited 48.0 min, pending=2)
15:39:23 | INFO     | t=7695.0: WAGON[W8671] → Added to batch
15:39:23 | INFO     | t=7695.0: BATCH[W11482,W8671] → Formed 2 wagons for WS_02
15:39:23 | INFO     | t=7695.0: LOCO[LOCO_01] → Allocated for pickup
15:39:23 | INFO     | t=7695.0: TRACK[retrofit] → Removed 2 wagons (49.6m freed)
15:39:23 | INFO     | t=7695.0: DISPATCHER → Task submitted: retrofit_to_workshop (pending=3)
15:39:23 | INFO     | t=7702.0: LOCO[LOCO_01] → TRAIN_PREP completed at WS_01 (2.0 min)
15:39:23 | INFO     | t=7707.0: BATCH → Putting 2 wagons on retrofitted track retrofitted
15:39:23 | INFO     | t=7707.0: WAGON[W10522] → Added to retrofitted track retrofitted
15:39:23 | INFO     | t=7707.0: WAGON[W6231] → Added to retrofitted track retrofitted
15:39:23 | INFO     | t=7712.0: WORKSHOP[WS_01] → Released, notifying 0 waiting processes
15:39:23 | INFO     | t=7712.0: DISPATCHER → Assigned loco LOCO_01 to retrofit_to_workshop (waited 17.0 min, pending=2)
15:39:23 | INFO     | t=7712.0: RAKE[W11482,W8671] → COUPLING at retrofit (1 couplings, 2.0 min)
15:39:23 | INFO     | t=7712.0: WAGON[W11252] → Retrieved from retrofit queue
15:39:23 | INFO     | t=7712.0: WORKSHOP[WS_01] → Selected for batch
15:39:23 | INFO     | t=7712.0: WAGON[W5452] → Added to batch
15:39:23 | INFO     | t=7712.0: BATCH[W11252,W5452] → Formed 2 wagons for WS_01
15:39:23 | INFO     | t=7712.0: TRACK[retrofit] → Removed 2 wagons (29.1m freed)
15:39:23 | INFO     | t=7712.0: DISPATCHER → Task submitted: retrofit_to_workshop (pending=3)
15:39:23 | INFO     | t=7719.0: LOCO[LOCO_01] → COUPLING at retrofit (2.0 min)
15:39:23 | INFO     | t=7721.0: LOCO[LOCO_01] → SHUNTING_PREP at retrofit (1.0 min)
15:39:23 | INFO     | t=7724.5: LOCO[LOCO_02] → DECOUPLING at retrofit (18.0 min)
15:39:23 | INFO     | t=7727.0: LOCO[LOCO_01] → DECOUPLING at WS_02 (3.0 min)
15:39:23 | INFO     | t=7730.0: RAKE[W11482,W8671] → DECOUPLING at WS_02 (1 couplings, 3.0 min)
15:39:23 | INFO     | t=7733.0: WAGON[W11482] → RETROFIT_STARTED at WS_02
15:39:23 | INFO     | t=7733.0: WAGON[W8671] → RETROFIT_STARTED at WS_02
15:39:23 | INFO     | t=7738.0: DISPATCHER → Assigned loco LOCO_01 to retrofit_to_workshop (waited 26.0 min, pending=2)
15:39:23 | INFO     | t=7738.0: RAKE[W11252,W5452] → COUPLING at retrofit (1 couplings, 2.0 min)
15:39:23 | INFO     | t=7738.0: WAGON[W6800] → Retrieved from retrofit queue
15:39:23 | INFO     | t=7738.0: WORKSHOP → No workshop available, waiting...
15:39:23 | INFO     | t=7742.5: RAKE[W9440,W9489,W2712,W2050,W2386,W10254] → DECOUPLING at retrofit (5 couplings, 15.0 min)
15:39:23 | INFO     | t=7745.0: LOCO[LOCO_01] → COUPLING at retrofit (2.0 min)
15:39:23 | INFO     | t=7747.0: LOCO[LOCO_01] → SHUNTING_PREP at retrofit (1.0 min)
15:39:23 | INFO     | t=7753.0: LOCO[LOCO_01] → DECOUPLING at WS_01 (3.0 min)
15:39:23 | INFO     | t=7756.0: RAKE[W11252,W5452] → DECOUPLING at WS_01 (1 couplings, 3.0 min)
15:39:23 | INFO     | t=7759.0: WAGON[W11252] → RETROFIT_STARTED at WS_01
15:39:23 | INFO     | t=7759.0: WAGON[W5452] → RETROFIT_STARTED at WS_01
15:39:23 | INFO     | t=7762.5: DISPATCHER → Assigned loco LOCO_02 to retrofitted_to_parking (waited 84.5 min, pending=1)
15:39:23 | INFO     | t=7762.5: LOCO[LOCO_02] → Allocated for parking transport
15:39:23 | INFO     | t=7762.5: Batch size limited by retrofit capacity: 6 wagons (110.8m) fits, 9 waiting
15:39:23 | INFO     | t=7762.5: COLLECTION → Reserving retrofit track capacity for 6 wagons
15:39:23 | INFO     | t=7762.5: COLLECTION → Capacity reserved, allocating locomotive
15:39:23 | INFO     | t=7762.5: DISPATCHER → Task submitted: collection_to_retrofit (pending=2)
15:39:23 | INFO     | t=7764.0: DISPATCHER → Assigned loco LOCO_01 to collection_to_retrofit (waited 232.5 min, pending=1)
15:39:23 | INFO     | t=7767.5: LOCO[LOCO_02] → TRAIN_PREP at retrofitted (coupling + prep, 3.0 min)
15:39:23 | INFO     | t=7793.0: RAKE[W11482,W8671] → COUPLING at WS_02 (1 couplings, 0.5 min)
15:39:23 | INFO     | t=7793.5: LOCO → Allocating for pickup from WS_02
15:39:23 | INFO     | t=7793.5: DISPATCHER → Task submitted: workshop_to_retrofitted (pending=2)
15:39:23 | INFO     | t=7819.0: RAKE[W11252,W5452] → COUPLING at WS_01 (1 couplings, 0.5 min)
15:39:23 | INFO     | t=7819.5: LOCO → Allocating for pickup from WS_01
15:39:23 | INFO     | t=7819.5: DISPATCHER → Task submitted: workshop_to_retrofitted (pending=3)
15:39:23 | INFO     | t=7824.0: LOCO[LOCO_01] → TRAIN_PREP at collection (coupling + prep, 3.0 min)
15:39:23 | INFO     | t=7845.5: LOCO[LOCO_02] → DECOUPLING at parking13 (2.0 min)
15:39:23 | INFO     | t=7847.5: RAKE[W10928,W7175,W7265,W11947] → DECOUPLING at parking13 (3 couplings, 1.5 min)
15:39:23 | INFO     | EVENT_PUBLISHED: TrainArrivedEvent | train=T102 | time=7881.5
15:39:23 | INFO     | EVENT_HANDLING: TrainArrivedEvent -> RetrofitWorkshopContext._handle_train_arrived
15:39:23 | INFO     | EVENT_HANDLED: TrainArrivedEvent by RetrofitWorkshopContext._handle_train_arrived
15:39:23 | INFO     | t=7887.0: LOCO[LOCO_01] → DECOUPLING at retrofit (3.0 min)
15:39:23 | INFO     | t=7890.0: RAKE[W6592] → DECOUPLING at retrofit (0 couplings, 0.0 min)
15:39:23 | INFO     | t=7895.0: Batch size limited by retrofit capacity: 1 wagons (34.2m) fits, 18 waiting
15:39:23 | INFO     | t=7895.0: DISPATCHER → Assigned loco LOCO_01 to workshop_to_retrofitted (waited 101.5 min, pending=2)
15:39:23 | INFO     | t=7895.0: COLLECTION → Reserving retrofit track capacity for 1 wagons
15:39:23 | INFO     | t=7895.0: LOCO[LOCO_01] → Allocated for pickup
15:39:23 | INFO     | t=7902.0: LOCO[LOCO_01] → TRAIN_PREP completed at WS_02 (2.0 min)
15:39:23 | INFO     | t=7907.0: BATCH → Putting 2 wagons on retrofitted track retrofitted
15:39:23 | INFO     | t=7907.0: WAGON[W11482] → Added to retrofitted track retrofitted
15:39:23 | INFO     | t=7907.0: WAGON[W8671] → Added to retrofitted track retrofitted
15:39:23 | INFO     | t=7909.0: LOCO[LOCO_02] → Releasing
15:39:23 | INFO     | t=7909.0: LOCO[LOCO_02] → Released
15:39:23 | INFO     | t=7909.0: PARKING → Got wagon W11959 from retrofitted
15:39:23 | INFO     | t=7909.0: DISPATCHER → Assigned loco LOCO_02 to workshop_to_retrofitted (waited 89.5 min, pending=1)
15:39:23 | INFO     | t=7909.0: LOCO[LOCO_02] → Allocated for pickup
15:39:23 | INFO     | t=7909.0: LOCO → Allocating for parking transport
15:39:23 | INFO     | t=7909.0: DISPATCHER → Task submitted: retrofitted_to_parking (pending=2)
15:39:23 | INFO     | t=7912.0: WORKSHOP[WS_02] → Released, notifying 1 waiting processes
15:39:23 | INFO     | t=7912.0: WORKSHOP → Workshop became available
15:39:23 | INFO     | t=7912.0: WORKSHOP[WS_02] → Selected for batch
15:39:23 | INFO     | t=7912.0: DISPATCHER → Assigned loco LOCO_01 to retrofitted_to_parking (waited 3.0 min, pending=1)
15:39:23 | INFO     | t=7912.0: WAGON[W10081] → Added to batch
15:39:23 | INFO     | t=7912.0: BATCH[W6800,W10081] → Formed 2 wagons for WS_02
15:39:23 | INFO     | t=7912.0: LOCO[LOCO_01] → Allocated for parking transport
15:39:23 | INFO     | t=7912.0: TRACK[retrofit] → Removed 2 wagons (26.5m freed)
15:39:23 | INFO     | t=7912.0: DISPATCHER → Task submitted: retrofit_to_workshop (pending=2)
15:39:23 | INFO     | t=7912.0: COLLECTION → Capacity reserved, allocating locomotive
15:39:23 | INFO     | t=7912.0: DISPATCHER → Task submitted: collection_to_retrofit (pending=3)
15:39:23 | INFO     | t=7916.0: LOCO[LOCO_02] → TRAIN_PREP completed at WS_01 (2.0 min)
15:39:23 | INFO     | t=7917.0: LOCO[LOCO_01] → TRAIN_PREP at retrofitted (coupling + prep, 4.0 min)
15:39:23 | INFO     | t=7921.0: BATCH → Putting 2 wagons on retrofitted track retrofitted
15:39:23 | INFO     | t=7921.0: WAGON[W11252] → Added to retrofitted track retrofitted
15:39:23 | INFO     | t=7921.0: WAGON[W5452] → Added to retrofitted track retrofitted
15:39:23 | INFO     | EVENT_PUBLISHED: TrainArrivedEvent | train=T103 | time=7926.0
15:39:23 | INFO     | EVENT_HANDLING: TrainArrivedEvent -> RetrofitWorkshopContext._handle_train_arrived
15:39:23 | INFO     | EVENT_HANDLED: TrainArrivedEvent by RetrofitWorkshopContext._handle_train_arrived
15:39:23 | INFO     | t=7926.0: WORKSHOP[WS_01] → Released, notifying 0 waiting processes
15:39:23 | INFO     | t=7926.0: DISPATCHER → Assigned loco LOCO_02 to retrofit_to_workshop (waited 14.0 min, pending=2)
15:39:23 | INFO     | t=7926.0: RAKE[W6800,W10081] → COUPLING at retrofit (1 couplings, 2.0 min)
15:39:23 | INFO     | t=7926.0: WAGON[W8380] → Retrieved from retrofit queue
15:39:23 | INFO     | t=7926.0: WORKSHOP[WS_01] → Selected for batch
15:39:23 | INFO     | t=7926.0: WAGON[W0032] → Added to batch
15:39:23 | INFO     | t=7926.0: BATCH[W8380,W0032] → Formed 2 wagons for WS_01
15:39:23 | INFO     | t=7926.0: TRACK[retrofit] → Removed 2 wagons (44.2m freed)
15:39:23 | INFO     | t=7926.0: DISPATCHER → Task submitted: retrofit_to_workshop (pending=3)
15:39:23 | INFO     | EVENT_PUBLISHED: TrainArrivedEvent | train=T104 | time=7927.8
15:39:23 | INFO     | EVENT_HANDLING: TrainArrivedEvent -> RetrofitWorkshopContext._handle_train_arrived
15:39:23 | INFO     | EVENT_HANDLED: TrainArrivedEvent by RetrofitWorkshopContext._handle_train_arrived
15:39:23 | INFO     | t=7933.0: LOCO[LOCO_02] → COUPLING at retrofit (2.0 min)
15:39:23 | INFO     | t=7935.0: LOCO[LOCO_02] → SHUNTING_PREP at retrofit (1.0 min)
15:39:23 | INFO     | t=7941.0: LOCO[LOCO_02] → DECOUPLING at WS_02 (3.0 min)
15:39:23 | INFO     | t=7944.0: RAKE[W6800,W10081] → DECOUPLING at WS_02 (1 couplings, 3.0 min)
15:39:23 | INFO     | t=7947.0: WAGON[W6800] → RETROFIT_STARTED at WS_02
15:39:23 | INFO     | t=7947.0: WAGON[W10081] → RETROFIT_STARTED at WS_02
15:39:23 | INFO     | t=7952.0: DISPATCHER → Assigned loco LOCO_02 to retrofit_to_workshop (waited 26.0 min, pending=2)
15:39:23 | INFO     | t=7952.0: RAKE[W8380,W0032] → COUPLING at retrofit (1 couplings, 2.0 min)
15:39:23 | INFO     | t=7952.0: WAGON[W9440] → Retrieved from retrofit queue
15:39:23 | INFO     | t=7952.0: WORKSHOP → No workshop available, waiting...
15:39:23 | INFO     | t=7959.0: LOCO[LOCO_02] → COUPLING at retrofit (2.0 min)
15:39:23 | INFO     | t=7961.0: LOCO[LOCO_02] → SHUNTING_PREP at retrofit (1.0 min)
15:39:23 | INFO     | t=7967.0: LOCO[LOCO_02] → DECOUPLING at WS_01 (3.0 min)
15:39:23 | INFO     | t=7970.0: RAKE[W8380,W0032] → DECOUPLING at WS_01 (1 couplings, 3.0 min)
15:39:23 | INFO     | t=7973.0: WAGON[W8380] → RETROFIT_STARTED at WS_01
15:39:23 | INFO     | t=7973.0: WAGON[W0032] → RETROFIT_STARTED at WS_01
15:39:23 | INFO     | t=7978.0: DISPATCHER → Assigned loco LOCO_02 to collection_to_retrofit (waited 215.5 min, pending=1)
15:39:23 | INFO     | EVENT_PUBLISHED: TrainArrivedEvent | train=T105 | time=7982.8
15:39:23 | INFO     | EVENT_HANDLING: TrainArrivedEvent -> RetrofitWorkshopContext._handle_train_arrived
15:39:23 | INFO     | EVENT_HANDLED: TrainArrivedEvent by RetrofitWorkshopContext._handle_train_arrived
15:39:23 | INFO     | t=8007.0: RAKE[W6800,W10081] → COUPLING at WS_02 (1 couplings, 0.5 min)
15:39:23 | INFO     | t=8007.5: LOCO → Allocating for pickup from WS_02
15:39:23 | INFO     | t=8007.5: DISPATCHER → Task submitted: workshop_to_retrofitted (pending=2)
15:39:23 | INFO     | t=8033.0: RAKE[W8380,W0032] → COUPLING at WS_01 (1 couplings, 0.5 min)
15:39:23 | INFO     | t=8033.5: LOCO → Allocating for pickup from WS_01
15:39:23 | INFO     | t=8033.5: DISPATCHER → Task submitted: workshop_to_retrofitted (pending=3)
15:39:23 | INFO     | t=8038.0: LOCO[LOCO_02] → TRAIN_PREP at collection (coupling + prep, 13.0 min)
15:39:23 | INFO     | t=8041.0: LOCO[LOCO_01] → DECOUPLING at parking16 (3.0 min)
15:39:23 | INFO     | t=8044.0: RAKE[W11959,W10886,W10522,W6231,W11482,W8671] → DECOUPLING at parking16 (5 couplings, 2.5 min)
15:39:23 | INFO     | EVENT_PUBLISHED: TrainArrivedEvent | train=T106 | time=8067.0
15:39:23 | INFO     | EVENT_HANDLING: TrainArrivedEvent -> RetrofitWorkshopContext._handle_train_arrived
15:39:23 | INFO     | EVENT_HANDLED: TrainArrivedEvent by RetrofitWorkshopContext._handle_train_arrived
15:39:23 | INFO     | EVENT_PUBLISHED: TrainArrivedEvent | train=T107 | time=8087.8
15:39:23 | INFO     | EVENT_HANDLING: TrainArrivedEvent -> RetrofitWorkshopContext._handle_train_arrived
15:39:23 | INFO     | EVENT_HANDLED: TrainArrivedEvent by RetrofitWorkshopContext._handle_train_arrived
15:39:23 | INFO     | t=8106.5: LOCO[LOCO_01] → Releasing
15:39:23 | INFO     | t=8106.5: LOCO[LOCO_01] → Released
15:39:23 | INFO     | t=8106.5: PARKING → Got wagon W11252 from retrofitted
15:39:23 | INFO     | t=8106.5: DISPATCHER → Assigned loco LOCO_01 to workshop_to_retrofitted (waited 99.0 min, pending=2)
15:39:23 | INFO     | t=8106.5: LOCO → Allocating for parking transport
15:39:23 | INFO     | t=8106.5: DISPATCHER → Task submitted: retrofitted_to_parking (pending=3)
15:39:23 | INFO     | t=8106.5: LOCO[LOCO_01] → Allocated for pickup
15:39:23 | INFO     | t=8111.0: LOCO[LOCO_02] → DECOUPLING at retrofit (18.0 min)
15:39:23 | INFO     | t=8113.5: LOCO[LOCO_01] → TRAIN_PREP completed at WS_02 (2.0 min)
15:39:23 | INFO     | EVENT_PUBLISHED: TrainArrivedEvent | train=T108 | time=8114.8
15:39:23 | INFO     | EVENT_HANDLING: TrainArrivedEvent -> RetrofitWorkshopContext._handle_train_arrived
15:39:23 | INFO     | EVENT_HANDLED: TrainArrivedEvent by RetrofitWorkshopContext._handle_train_arrived
15:39:23 | INFO     | t=8118.5: BATCH → Putting 2 wagons on retrofitted track retrofitted
15:39:23 | INFO     | t=8118.5: WAGON[W6800] → Added to retrofitted track retrofitted
15:39:23 | INFO     | t=8118.5: WAGON[W10081] → Added to retrofitted track retrofitted
15:39:23 | INFO     | t=8123.5: WORKSHOP[WS_02] → Released, notifying 1 waiting processes
15:39:23 | INFO     | t=8123.5: WORKSHOP → Workshop became available
15:39:23 | INFO     | t=8123.5: WORKSHOP[WS_02] → Selected for batch
15:39:23 | INFO     | t=8123.5: DISPATCHER → Assigned loco LOCO_01 to workshop_to_retrofitted (waited 90.0 min, pending=2)
15:39:23 | INFO     | t=8123.5: WAGON[W9489] → Added to batch
15:39:23 | INFO     | t=8123.5: BATCH[W9440,W9489] → Formed 2 wagons for WS_02
15:39:23 | INFO     | t=8123.5: LOCO[LOCO_01] → Allocated for pickup
15:39:23 | INFO     | t=8123.5: TRACK[retrofit] → Removed 2 wagons (32.8m freed)
15:39:23 | INFO     | t=8123.5: DISPATCHER → Task submitted: retrofit_to_workshop (pending=3)
15:39:23 | INFO     | t=8129.0: RAKE[W12057,W2136,W5282,W9940,W9081,W2652] → DECOUPLING at retrofit (5 couplings, 15.0 min)
15:39:23 | INFO     | t=8130.5: LOCO[LOCO_01] → TRAIN_PREP completed at WS_01 (2.0 min)
15:39:23 | INFO     | t=8135.5: BATCH → Putting 2 wagons on retrofitted track retrofitted
15:39:23 | INFO     | t=8135.5: WAGON[W8380] → Added to retrofitted track retrofitted
15:39:23 | INFO     | t=8135.5: WAGON[W0032] → Added to retrofitted track retrofitted
15:39:23 | INFO     | t=8140.5: WORKSHOP[WS_01] → Released, notifying 0 waiting processes
15:39:23 | INFO     | t=8140.5: DISPATCHER → Assigned loco LOCO_01 to retrofit_to_workshop (waited 17.0 min, pending=2)
15:39:23 | INFO     | t=8140.5: RAKE[W9440,W9489] → COUPLING at retrofit (1 couplings, 2.0 min)
15:39:23 | INFO     | t=8140.5: WAGON[W2712] → Retrieved from retrofit queue
15:39:23 | INFO     | t=8140.5: WORKSHOP[WS_01] → Selected for batch
15:39:23 | INFO     | t=8140.5: WAGON[W2050] → Added to batch
15:39:23 | INFO     | t=8140.5: BATCH[W2712,W2050] → Formed 2 wagons for WS_01
15:39:23 | INFO     | t=8140.5: TRACK[retrofit] → Removed 2 wagons (39.7m freed)
15:39:23 | INFO     | t=8140.5: DISPATCHER → Task submitted: retrofit_to_workshop (pending=3)
15:39:23 | INFO     | t=8147.5: LOCO[LOCO_01] → COUPLING at retrofit (2.0 min)
15:39:23 | INFO     | t=8149.0: DISPATCHER → Assigned loco LOCO_02 to retrofit_to_workshop (waited 8.5 min, pending=2)
15:39:23 | INFO     | t=8149.0: RAKE[W2712,W2050] → COUPLING at retrofit (1 couplings, 2.0 min)
15:39:23 | INFO     | t=8149.0: WAGON[W2386] → Retrieved from retrofit queue
15:39:23 | INFO     | t=8149.0: WORKSHOP → No workshop available, waiting...
15:39:23 | INFO     | t=8149.0: Batch size limited by retrofit capacity: 5 wagons (108.3m) fits, 13 waiting
15:39:23 | INFO     | t=8149.0: COLLECTION → Reserving retrofit track capacity for 5 wagons
15:39:23 | INFO     | t=8149.0: COLLECTION → Capacity reserved, allocating locomotive
15:39:23 | INFO     | t=8149.0: DISPATCHER → Task submitted: collection_to_retrofit (pending=3)
15:39:23 | INFO     | t=8149.5: LOCO[LOCO_01] → SHUNTING_PREP at retrofit (1.0 min)
15:39:23 | INFO     | t=8155.5: LOCO[LOCO_01] → DECOUPLING at WS_02 (3.0 min)
15:39:23 | INFO     | t=8156.0: LOCO[LOCO_02] → COUPLING at retrofit (2.0 min)
15:39:23 | INFO     | t=8158.0: LOCO[LOCO_02] → SHUNTING_PREP at retrofit (1.0 min)
15:39:23 | INFO     | t=8158.5: RAKE[W9440,W9489] → DECOUPLING at WS_02 (1 couplings, 3.0 min)
15:39:23 | INFO     | t=8161.5: WAGON[W9440] → RETROFIT_STARTED at WS_02
15:39:23 | INFO     | t=8161.5: WAGON[W9489] → RETROFIT_STARTED at WS_02
15:39:23 | INFO     | t=8164.0: LOCO[LOCO_02] → DECOUPLING at WS_01 (3.0 min)
15:39:23 | INFO     | t=8166.5: DISPATCHER → Assigned loco LOCO_01 to retrofitted_to_parking (waited 60.0 min, pending=2)
15:39:23 | INFO     | t=8166.5: LOCO[LOCO_01] → Allocated for parking transport
15:39:23 | INFO     | t=8167.0: RAKE[W2712,W2050] → DECOUPLING at WS_01 (1 couplings, 3.0 min)
15:39:23 | INFO     | t=8170.0: WAGON[W2712] → RETROFIT_STARTED at WS_01
15:39:23 | INFO     | t=8170.0: WAGON[W2050] → RETROFIT_STARTED at WS_01
15:39:23 | INFO     | t=8171.5: LOCO[LOCO_01] → TRAIN_PREP at retrofitted (coupling + prep, 2.0 min)
15:39:23 | INFO     | t=8175.0: DISPATCHER → Assigned loco LOCO_02 to collection_to_retrofit (waited 263.0 min, pending=1)
15:39:23 | INFO     | t=8178.5: LOCO[LOCO_01] → DECOUPLING at parking1 (1.0 min)
15:39:23 | INFO     | t=8179.5: RAKE[W11252,W5452] → DECOUPLING at parking1 (1 couplings, 0.5 min)
15:39:23 | INFO     | t=8185.0: LOCO[LOCO_01] → Releasing
15:39:23 | INFO     | t=8185.0: LOCO[LOCO_01] → Released
15:39:23 | INFO     | t=8185.0: PARKING → Got wagon W6800 from retrofitted
15:39:23 | INFO     | t=8185.0: DISPATCHER → Assigned loco LOCO_01 to collection_to_retrofit (waited 36.0 min, pending=0)
15:39:23 | INFO     | t=8185.0: LOCO → Allocating for parking transport
15:39:23 | INFO     | t=8185.0: DISPATCHER → Task submitted: retrofitted_to_parking (pending=1)
15:39:23 | INFO     | t=8221.5: RAKE[W9440,W9489] → COUPLING at WS_02 (1 couplings, 0.5 min)
15:39:23 | INFO     | t=8222.0: LOCO → Allocating for pickup from WS_02
15:39:23 | INFO     | t=8222.0: DISPATCHER → Task submitted: workshop_to_retrofitted (pending=2)
15:39:23 | INFO     | t=8230.0: RAKE[W2712,W2050] → COUPLING at WS_01 (1 couplings, 0.5 min)
15:39:23 | INFO     | t=8230.5: LOCO → Allocating for pickup from WS_01
15:39:23 | INFO     | t=8230.5: DISPATCHER → Task submitted: workshop_to_retrofitted (pending=3)
15:39:23 | INFO     | t=8235.0: LOCO[LOCO_02] → TRAIN_PREP at collection (coupling + prep, 3.0 min)
15:39:23 | INFO     | t=8245.0: LOCO[LOCO_01] → TRAIN_PREP at collection (coupling + prep, 11.0 min)
15:39:23 | INFO     | EVENT_PUBLISHED: TrainArrivedEvent | train=T109 | time=8246.5
15:39:23 | INFO     | EVENT_HANDLING: TrainArrivedEvent -> RetrofitWorkshopContext._handle_train_arrived
15:39:23 | INFO     | EVENT_HANDLED: TrainArrivedEvent by RetrofitWorkshopContext._handle_train_arrived
15:39:23 | INFO     | EVENT_PUBLISHED: TrainArrivedEvent | train=T110 | time=8270.2
15:39:23 | INFO     | EVENT_HANDLING: TrainArrivedEvent -> RetrofitWorkshopContext._handle_train_arrived
15:39:23 | INFO     | EVENT_HANDLED: TrainArrivedEvent by RetrofitWorkshopContext._handle_train_arrived
15:39:23 | INFO     | EVENT_PUBLISHED: TrainArrivedEvent | train=T111 | time=8275.2
15:39:23 | INFO     | EVENT_HANDLING: TrainArrivedEvent -> RetrofitWorkshopContext._handle_train_arrived
15:39:23 | INFO     | EVENT_HANDLED: TrainArrivedEvent by RetrofitWorkshopContext._handle_train_arrived
15:39:23 | INFO     | t=8298.0: LOCO[LOCO_02] → DECOUPLING at retrofit (3.0 min)
15:39:23 | INFO     | t=8301.0: RAKE[W8383] → DECOUPLING at retrofit (0 couplings, 0.0 min)
15:39:23 | INFO     | t=8306.0: Batch size limited by retrofit capacity: 1 wagons (34.2m) fits, 18 waiting
15:39:23 | INFO     | t=8306.0: DISPATCHER → Assigned loco LOCO_02 to workshop_to_retrofitted (waited 84.0 min, pending=2)
15:39:23 | INFO     | t=8306.0: COLLECTION → Reserving retrofit track capacity for 1 wagons
15:39:23 | INFO     | t=8306.0: LOCO[LOCO_02] → Allocated for pickup
15:39:23 | INFO     | t=8313.0: LOCO[LOCO_02] → TRAIN_PREP completed at WS_02 (2.0 min)
15:39:23 | INFO     | t=8316.0: LOCO[LOCO_01] → DECOUPLING at retrofit (15.0 min)
15:39:23 | INFO     | t=8318.0: BATCH → Putting 2 wagons on retrofitted track retrofitted
15:39:23 | INFO     | t=8318.0: WAGON[W9440] → Added to retrofitted track retrofitted
15:39:23 | INFO     | t=8318.0: WAGON[W9489] → Added to retrofitted track retrofitted
15:39:23 | INFO     | t=8323.0: WORKSHOP[WS_02] → Released, notifying 1 waiting processes
15:39:23 | INFO     | t=8323.0: WORKSHOP → Workshop became available
15:39:23 | INFO     | t=8323.0: WORKSHOP[WS_02] → Selected for batch
15:39:23 | INFO     | t=8323.0: DISPATCHER → Assigned loco LOCO_02 to workshop_to_retrofitted (waited 92.5 min, pending=1)
15:39:23 | INFO     | t=8323.0: WAGON[W10254] → Added to batch
15:39:23 | INFO     | t=8323.0: BATCH[W2386,W10254] → Formed 2 wagons for WS_02
15:39:23 | INFO     | t=8323.0: LOCO[LOCO_02] → Allocated for pickup
15:39:23 | INFO     | t=8323.0: TRACK[retrofit] → Removed 2 wagons (39.1m freed)
15:39:23 | INFO     | t=8323.0: DISPATCHER → Task submitted: retrofit_to_workshop (pending=2)
15:39:23 | INFO     | t=8323.0: COLLECTION → Capacity reserved, allocating locomotive
15:39:23 | INFO     | t=8323.0: DISPATCHER → Task submitted: collection_to_retrofit (pending=3)
15:39:23 | INFO     | EVENT_PUBLISHED: TrainArrivedEvent | train=T112 | time=8329.0
15:39:23 | INFO     | EVENT_HANDLING: TrainArrivedEvent -> RetrofitWorkshopContext._handle_train_arrived
15:39:23 | INFO     | EVENT_HANDLED: TrainArrivedEvent by RetrofitWorkshopContext._handle_train_arrived
15:39:23 | INFO     | t=8330.0: LOCO[LOCO_02] → TRAIN_PREP completed at WS_01 (2.0 min)
15:39:23 | INFO     | t=8331.0: RAKE[W12385,W11539,W4532,W8676,W4478] → DECOUPLING at retrofit (4 couplings, 12.0 min)
15:39:23 | INFO     | t=8335.0: BATCH → Putting 2 wagons on retrofitted track retrofitted
15:39:23 | INFO     | t=8335.0: WAGON[W2712] → Added to retrofitted track retrofitted
15:39:23 | INFO     | t=8335.0: WAGON[W2050] → Added to retrofitted track retrofitted
15:39:23 | INFO     | EVENT_PUBLISHED: TrainArrivedEvent | train=T113 | time=8336.0
15:39:23 | INFO     | EVENT_HANDLING: TrainArrivedEvent -> RetrofitWorkshopContext._handle_train_arrived
15:39:23 | INFO     | EVENT_HANDLED: TrainArrivedEvent by RetrofitWorkshopContext._handle_train_arrived
15:39:23 | INFO     | t=8340.0: WORKSHOP[WS_01] → Released, notifying 0 waiting processes
15:39:23 | INFO     | t=8340.0: DISPATCHER → Assigned loco LOCO_02 to retrofit_to_workshop (waited 17.0 min, pending=2)
15:39:23 | INFO     | t=8340.0: RAKE[W2386,W10254] → COUPLING at retrofit (1 couplings, 2.0 min)
15:39:23 | INFO     | t=8340.0: WAGON[W6592] → Retrieved from retrofit queue
15:39:23 | INFO     | t=8340.0: WORKSHOP[WS_01] → Selected for batch
15:39:23 | INFO     | t=8340.0: WAGON[W12057] → Added to batch
15:39:23 | INFO     | t=8340.0: BATCH[W6592,W12057] → Formed 2 wagons for WS_01
15:39:23 | INFO     | t=8340.0: TRACK[retrofit] → Removed 2 wagons (39.0m freed)
15:39:23 | INFO     | t=8340.0: DISPATCHER → Task submitted: retrofit_to_workshop (pending=3)
15:39:23 | INFO     | EVENT_PUBLISHED: TrainArrivedEvent | train=T114 | time=8341.2
15:39:23 | INFO     | EVENT_HANDLING: TrainArrivedEvent -> RetrofitWorkshopContext._handle_train_arrived
15:39:23 | INFO     | EVENT_HANDLED: TrainArrivedEvent by RetrofitWorkshopContext._handle_train_arrived
15:39:23 | INFO     | EVENT_PUBLISHED: TrainArrivedEvent | train=T115 | time=8342.0
15:39:23 | INFO     | EVENT_HANDLING: TrainArrivedEvent -> RetrofitWorkshopContext._handle_train_arrived
15:39:23 | INFO     | EVENT_HANDLED: TrainArrivedEvent by RetrofitWorkshopContext._handle_train_arrived
15:39:23 | INFO     | t=8347.0: LOCO[LOCO_02] → COUPLING at retrofit (2.0 min)
15:39:23 | INFO     | t=8348.0: DISPATCHER → Assigned loco LOCO_01 to retrofit_to_workshop (waited 8.0 min, pending=2)
15:39:23 | INFO     | t=8348.0: RAKE[W6592,W12057] → COUPLING at retrofit (1 couplings, 2.0 min)
15:39:23 | INFO     | t=8348.0: Batch size limited by retrofit capacity: 3 wagons (44.7m) fits, 15 waiting
15:39:23 | INFO     | t=8348.0: WAGON[W2136] → Retrieved from retrofit queue
15:39:23 | INFO     | t=8348.0: WORKSHOP → No workshop available, waiting...
15:39:23 | INFO     | t=8348.0: COLLECTION → Reserving retrofit track capacity for 3 wagons
15:39:23 | INFO     | t=8348.0: COLLECTION → Capacity reserved, allocating locomotive
15:39:23 | INFO     | t=8348.0: DISPATCHER → Task submitted: collection_to_retrofit (pending=3)
15:39:23 | INFO     | t=8349.0: LOCO[LOCO_02] → SHUNTING_PREP at retrofit (1.0 min)
15:39:23 | INFO     | t=8355.0: LOCO[LOCO_01] → COUPLING at retrofit (2.0 min)
15:39:23 | INFO     | t=8355.0: LOCO[LOCO_02] → DECOUPLING at WS_02 (3.0 min)
15:39:23 | INFO     | t=8357.0: LOCO[LOCO_01] → SHUNTING_PREP at retrofit (1.0 min)
15:39:23 | INFO     | t=8358.0: RAKE[W2386,W10254] → DECOUPLING at WS_02 (1 couplings, 3.0 min)
15:39:23 | INFO     | t=8361.0: WAGON[W2386] → RETROFIT_STARTED at WS_02
15:39:23 | INFO     | t=8361.0: WAGON[W10254] → RETROFIT_STARTED at WS_02
15:39:23 | INFO     | t=8363.0: LOCO[LOCO_01] → DECOUPLING at WS_01 (3.0 min)
15:39:23 | INFO     | t=8366.0: RAKE[W6592,W12057] → DECOUPLING at WS_01 (1 couplings, 3.0 min)
15:39:23 | INFO     | t=8366.0: DISPATCHER → Assigned loco LOCO_02 to retrofitted_to_parking (waited 181.0 min, pending=2)
15:39:23 | INFO     | t=8366.0: LOCO[LOCO_02] → Allocated for parking transport
15:39:23 | INFO     | t=8369.0: WAGON[W6592] → RETROFIT_STARTED at WS_01
15:39:23 | INFO     | t=8369.0: WAGON[W12057] → RETROFIT_STARTED at WS_01
15:39:23 | INFO     | t=8371.0: LOCO[LOCO_02] → TRAIN_PREP at retrofitted (coupling + prep, 3.0 min)
15:39:23 | INFO     | t=8374.0: DISPATCHER → Assigned loco LOCO_01 to collection_to_retrofit (waited 51.0 min, pending=1)
15:39:23 | INFO     | t=8379.0: LOCO[LOCO_02] → DECOUPLING at parking1 (2.0 min)
15:39:23 | INFO     | t=8381.0: RAKE[W6800,W10081,W8380,W0032] → DECOUPLING at parking1 (3 couplings, 1.5 min)
15:39:23 | INFO     | t=8387.5: LOCO[LOCO_02] → Releasing
15:39:23 | INFO     | t=8387.5: LOCO[LOCO_02] → Released
15:39:23 | INFO     | t=8387.5: PARKING → Got wagon W9440 from retrofitted
15:39:23 | INFO     | t=8387.5: DISPATCHER → Assigned loco LOCO_02 to collection_to_retrofit (waited 39.5 min, pending=0)
15:39:23 | INFO     | t=8387.5: LOCO → Allocating for parking transport
15:39:23 | INFO     | t=8387.5: DISPATCHER → Task submitted: retrofitted_to_parking (pending=1)
15:39:23 | INFO     | t=8421.0: RAKE[W2386,W10254] → COUPLING at WS_02 (1 couplings, 0.5 min)
15:39:23 | INFO     | t=8421.5: LOCO → Allocating for pickup from WS_02
15:39:23 | INFO     | t=8421.5: DISPATCHER → Task submitted: workshop_to_retrofitted (pending=2)
15:39:23 | INFO     | EVENT_PUBLISHED: TrainArrivedEvent | train=T116 | time=8425.5
15:39:23 | INFO     | EVENT_HANDLING: TrainArrivedEvent -> RetrofitWorkshopContext._handle_train_arrived
15:39:23 | INFO     | EVENT_HANDLED: TrainArrivedEvent by RetrofitWorkshopContext._handle_train_arrived
15:39:23 | INFO     | t=8429.0: RAKE[W6592,W12057] → COUPLING at WS_01 (1 couplings, 0.5 min)
15:39:23 | INFO     | t=8429.5: LOCO → Allocating for pickup from WS_01
15:39:23 | INFO     | t=8429.5: DISPATCHER → Task submitted: workshop_to_retrofitted (pending=3)
15:39:23 | INFO     | t=8434.0: LOCO[LOCO_01] → TRAIN_PREP at collection (coupling + prep, 3.0 min)
15:39:23 | INFO     | t=8447.5: LOCO[LOCO_02] → TRAIN_PREP at collection (coupling + prep, 7.0 min)
15:39:23 | INFO     | EVENT_PUBLISHED: TrainArrivedEvent | train=T117 | time=8456.5
15:39:23 | INFO     | EVENT_HANDLING: TrainArrivedEvent -> RetrofitWorkshopContext._handle_train_arrived
15:39:23 | INFO     | EVENT_HANDLED: TrainArrivedEvent by RetrofitWorkshopContext._handle_train_arrived
15:39:23 | INFO     | t=8497.0: LOCO[LOCO_01] → DECOUPLING at retrofit (3.0 min)
15:39:23 | INFO     | t=8500.0: RAKE[W8381] → DECOUPLING at retrofit (0 couplings, 0.0 min)
15:39:23 | INFO     | t=8505.0: Batch size limited by retrofit capacity: 1 wagons (18.0m) fits, 19 waiting
15:39:23 | INFO     | t=8505.0: DISPATCHER → Assigned loco LOCO_01 to workshop_to_retrofitted (waited 83.5 min, pending=2)
15:39:23 | INFO     | t=8505.0: COLLECTION → Reserving retrofit track capacity for 1 wagons
15:39:23 | INFO     | t=8505.0: LOCO[LOCO_01] → Allocated for pickup
15:39:23 | INFO     | t=8512.0: LOCO[LOCO_01] → TRAIN_PREP completed at WS_02 (2.0 min)
15:39:23 | INFO     | t=8514.5: LOCO[LOCO_02] → DECOUPLING at retrofit (9.0 min)
15:39:23 | INFO     | t=8517.0: BATCH → Putting 2 wagons on retrofitted track retrofitted
15:39:23 | INFO     | t=8517.0: WAGON[W2386] → Added to retrofitted track retrofitted
15:39:23 | INFO     | t=8517.0: WAGON[W10254] → Added to retrofitted track retrofitted
15:39:23 | INFO     | t=8522.0: WORKSHOP[WS_02] → Released, notifying 1 waiting processes
15:39:23 | INFO     | t=8522.0: WORKSHOP → Workshop became available
15:39:23 | INFO     | t=8522.0: WORKSHOP[WS_02] → Selected for batch
15:39:23 | INFO     | t=8522.0: DISPATCHER → Assigned loco LOCO_01 to workshop_to_retrofitted (waited 92.5 min, pending=1)
15:39:23 | INFO     | t=8522.0: WAGON[W5282] → Added to batch
15:39:23 | INFO     | t=8522.0: BATCH[W2136,W5282] → Formed 2 wagons for WS_02
15:39:23 | INFO     | t=8522.0: LOCO[LOCO_01] → Allocated for pickup
15:39:23 | INFO     | t=8522.0: TRACK[retrofit] → Removed 2 wagons (33.6m freed)
15:39:23 | INFO     | t=8522.0: DISPATCHER → Task submitted: retrofit_to_workshop (pending=2)
15:39:23 | INFO     | t=8522.0: COLLECTION → Capacity reserved, allocating locomotive
15:39:23 | INFO     | t=8522.0: DISPATCHER → Task submitted: collection_to_retrofit (pending=3)
15:39:23 | INFO     | t=8523.5: RAKE[W5845,W5248,W0282] → DECOUPLING at retrofit (2 couplings, 6.0 min)
15:39:23 | INFO     | t=8529.0: LOCO[LOCO_01] → TRAIN_PREP completed at WS_01 (2.0 min)
15:39:23 | INFO     | t=8534.0: BATCH → Putting 2 wagons on retrofitted track retrofitted
15:39:23 | INFO     | t=8534.0: WAGON[W6592] → Added to retrofitted track retrofitted
15:39:23 | INFO     | t=8534.0: WAGON[W12057] → Added to retrofitted track retrofitted
15:39:23 | INFO     | t=8534.5: Batch size limited by retrofit capacity: 1 wagons (23.9m) fits, 17 waiting
15:39:23 | INFO     | t=8534.5: DISPATCHER → Assigned loco LOCO_02 to retrofit_to_workshop (waited 12.5 min, pending=2)
15:39:23 | INFO     | t=8534.5: COLLECTION → Reserving retrofit track capacity for 1 wagons
15:39:23 | INFO     | t=8534.5: RAKE[W2136,W5282] → COUPLING at retrofit (1 couplings, 2.0 min)
15:39:23 | INFO     | t=8534.5: COLLECTION → Capacity reserved, allocating locomotive
15:39:23 | INFO     | t=8534.5: DISPATCHER → Task submitted: collection_to_retrofit (pending=3)
15:39:23 | INFO     | t=8534.5: WAGON[W9940] → Retrieved from retrofit queue
15:39:23 | INFO     | t=8534.5: WORKSHOP → No workshop available, waiting...
15:39:23 | INFO     | t=8539.0: WORKSHOP[WS_01] → Released, notifying 1 waiting processes
15:39:23 | INFO     | t=8539.0: WORKSHOP → Workshop became available
15:39:23 | INFO     | t=8539.0: WORKSHOP[WS_01] → Selected for batch
15:39:23 | INFO     | t=8539.0: DISPATCHER → Assigned loco LOCO_01 to retrofitted_to_parking (waited 151.5 min, pending=2)
15:39:23 | INFO     | t=8539.0: WAGON[W9081] → Added to batch
15:39:23 | INFO     | t=8539.0: BATCH[W9940,W9081] → Formed 2 wagons for WS_01
15:39:23 | INFO     | t=8539.0: LOCO[LOCO_01] → Allocated for parking transport
15:39:23 | INFO     | t=8539.0: TRACK[retrofit] → Removed 2 wagons (34.9m freed)
15:39:23 | INFO     | t=8539.0: DISPATCHER → Task submitted: retrofit_to_workshop (pending=3)
15:39:23 | INFO     | t=8541.5: LOCO[LOCO_02] → COUPLING at retrofit (2.0 min)
15:39:23 | INFO     | t=8543.5: LOCO[LOCO_02] → SHUNTING_PREP at retrofit (1.0 min)
15:39:23 | INFO     | t=8544.0: LOCO[LOCO_01] → TRAIN_PREP at retrofitted (coupling + prep, 3.0 min)
15:39:23 | INFO     | t=8549.5: LOCO[LOCO_02] → DECOUPLING at WS_02 (3.0 min)
15:39:23 | INFO     | t=8552.5: RAKE[W2136,W5282] → DECOUPLING at WS_02 (1 couplings, 3.0 min)
15:39:23 | INFO     | t=8555.5: WAGON[W2136] → RETROFIT_STARTED at WS_02
15:39:23 | INFO     | t=8555.5: WAGON[W5282] → RETROFIT_STARTED at WS_02
15:39:23 | INFO     | t=8560.5: DISPATCHER → Assigned loco LOCO_02 to retrofit_to_workshop (waited 21.5 min, pending=2)
15:39:23 | INFO     | t=8560.5: RAKE[W9940,W9081] → COUPLING at retrofit (1 couplings, 2.0 min)
15:39:23 | INFO     | t=8560.5: WAGON[W2652] → Retrieved from retrofit queue
15:39:23 | INFO     | t=8560.5: WORKSHOP → No workshop available, waiting...
15:39:23 | INFO     | t=8567.5: LOCO[LOCO_02] → COUPLING at retrofit (2.0 min)
15:39:23 | INFO     | t=8569.5: LOCO[LOCO_02] → SHUNTING_PREP at retrofit (1.0 min)
15:39:23 | INFO     | EVENT_PUBLISHED: TrainArrivedEvent | train=T118 | time=8572.8
15:39:23 | INFO     | EVENT_HANDLING: TrainArrivedEvent -> RetrofitWorkshopContext._handle_train_arrived
15:39:23 | INFO     | EVENT_HANDLED: TrainArrivedEvent by RetrofitWorkshopContext._handle_train_arrived
15:39:23 | INFO     | t=8575.5: LOCO[LOCO_02] → DECOUPLING at WS_01 (3.0 min)
15:39:23 | INFO     | t=8578.5: RAKE[W9940,W9081] → DECOUPLING at WS_01 (1 couplings, 3.0 min)
15:39:23 | INFO     | t=8581.5: WAGON[W9940] → RETROFIT_STARTED at WS_01
15:39:23 | INFO     | t=8581.5: WAGON[W9081] → RETROFIT_STARTED at WS_01
15:39:23 | INFO     | t=8586.5: DISPATCHER → Assigned loco LOCO_02 to collection_to_retrofit (waited 64.5 min, pending=1)
15:39:23 | INFO     | t=8615.5: RAKE[W2136,W5282] → COUPLING at WS_02 (1 couplings, 0.5 min)
15:39:23 | INFO     | t=8616.0: LOCO → Allocating for pickup from WS_02
15:39:23 | INFO     | t=8616.0: DISPATCHER → Task submitted: workshop_to_retrofitted (pending=2)
15:39:23 | INFO     | t=8622.0: LOCO[LOCO_01] → DECOUPLING at parking14 (2.0 min)
15:39:23 | INFO     | t=8624.0: RAKE[W9440,W9489,W2712,W2050] → DECOUPLING at parking14 (3 couplings, 1.5 min)
15:39:23 | INFO     | EVENT_PUBLISHED: TrainArrivedEvent | train=T119 | time=8635.2
15:39:23 | INFO     | EVENT_HANDLING: TrainArrivedEvent -> RetrofitWorkshopContext._handle_train_arrived
15:39:23 | INFO     | EVENT_HANDLED: TrainArrivedEvent by RetrofitWorkshopContext._handle_train_arrived
15:39:23 | INFO     | t=8641.5: RAKE[W9940,W9081] → COUPLING at WS_01 (1 couplings, 0.5 min)
15:39:23 | INFO     | t=8642.0: LOCO → Allocating for pickup from WS_01
15:39:23 | INFO     | t=8642.0: DISPATCHER → Task submitted: workshop_to_retrofitted (pending=3)
15:39:23 | INFO     | t=8646.5: LOCO[LOCO_02] → TRAIN_PREP at collection (coupling + prep, 3.0 min)
15:39:23 | INFO     | t=8685.5: LOCO[LOCO_01] → Releasing
15:39:23 | INFO     | t=8685.5: LOCO[LOCO_01] → Released
15:39:23 | INFO     | t=8685.5: PARKING → Got wagon W2386 from retrofitted
15:39:23 | INFO     | t=8685.5: DISPATCHER → Assigned loco LOCO_01 to workshop_to_retrofitted (waited 69.5 min, pending=2)
15:39:23 | INFO     | t=8685.5: LOCO[LOCO_01] → Allocated for pickup
15:39:23 | INFO     | t=8685.5: LOCO → Allocating for parking transport
15:39:23 | INFO     | t=8685.5: DISPATCHER → Task submitted: retrofitted_to_parking (pending=3)
15:39:23 | INFO     | t=8692.5: LOCO[LOCO_01] → TRAIN_PREP completed at WS_02 (2.0 min)
15:39:23 | INFO     | t=8697.5: BATCH → Putting 2 wagons on retrofitted track retrofitted
15:39:23 | INFO     | t=8697.5: WAGON[W2136] → Added to retrofitted track retrofitted
15:39:23 | INFO     | t=8697.5: WAGON[W5282] → Added to retrofitted track retrofitted
15:39:23 | INFO     | t=8702.5: WORKSHOP[WS_02] → Released, notifying 1 waiting processes
15:39:23 | INFO     | t=8702.5: WORKSHOP → Workshop became available
15:39:23 | INFO     | t=8702.5: WORKSHOP[WS_02] → Selected for batch
15:39:23 | INFO     | t=8702.5: DISPATCHER → Assigned loco LOCO_01 to workshop_to_retrofitted (waited 60.5 min, pending=2)
15:39:23 | INFO     | t=8702.5: WAGON[W8383] → Added to batch
15:39:23 | INFO     | t=8702.5: BATCH[W2652,W8383] → Formed 2 wagons for WS_02
15:39:23 | INFO     | t=8702.5: LOCO[LOCO_01] → Allocated for pickup
15:39:23 | INFO     | t=8702.5: TRACK[retrofit] → Removed 2 wagons (53.2m freed)
15:39:23 | INFO     | t=8702.5: DISPATCHER → Task submitted: retrofit_to_workshop (pending=3)
15:39:23 | INFO     | t=8709.5: LOCO[LOCO_02] → DECOUPLING at retrofit (3.0 min)
15:39:23 | INFO     | t=8709.5: LOCO[LOCO_01] → TRAIN_PREP completed at WS_01 (2.0 min)
15:39:23 | INFO     | t=8712.5: RAKE[W9067] → DECOUPLING at retrofit (0 couplings, 0.0 min)
15:39:23 | INFO     | t=8714.5: BATCH → Putting 2 wagons on retrofitted track retrofitted
15:39:23 | INFO     | t=8714.5: WAGON[W9940] → Added to retrofitted track retrofitted
15:39:23 | INFO     | t=8714.5: WAGON[W9081] → Added to retrofitted track retrofitted
15:39:23 | INFO     | t=8717.5: DISPATCHER → Assigned loco LOCO_02 to retrofit_to_workshop (waited 15.0 min, pending=2)
15:39:23 | INFO     | t=8717.5: RAKE[W2652,W8383] → COUPLING at retrofit (1 couplings, 2.0 min)
15:39:23 | INFO     | t=8717.5: WAGON[W12385] → Retrieved from retrofit queue
15:39:23 | INFO     | t=8717.5: WORKSHOP → No workshop available, waiting...
15:39:23 | INFO     | t=8717.5: Batch size limited by retrofit capacity: 4 wagons (82.3m) fits, 16 waiting
15:39:23 | INFO     | t=8717.5: COLLECTION → Reserving retrofit track capacity for 4 wagons
15:39:23 | INFO     | t=8717.5: COLLECTION → Capacity reserved, allocating locomotive
15:39:23 | INFO     | t=8717.5: DISPATCHER → Task submitted: collection_to_retrofit (pending=3)
15:39:23 | INFO     | t=8719.5: WORKSHOP[WS_01] → Released, notifying 1 waiting processes
15:39:23 | INFO     | t=8719.5: WORKSHOP → Workshop became available
15:39:23 | INFO     | t=8719.5: WORKSHOP[WS_01] → Selected for batch
15:39:23 | INFO     | t=8719.5: DISPATCHER → Assigned loco LOCO_01 to retrofitted_to_parking (waited 34.0 min, pending=2)
15:39:23 | INFO     | t=8719.5: WAGON[W11539] → Added to batch
15:39:23 | INFO     | t=8719.5: BATCH[W12385,W11539] → Formed 2 wagons for WS_01
15:39:23 | INFO     | t=8719.5: LOCO[LOCO_01] → Allocated for parking transport
15:39:23 | INFO     | t=8719.5: TRACK[retrofit] → Removed 2 wagons (45.2m freed)
15:39:23 | INFO     | t=8719.5: DISPATCHER → Task submitted: retrofit_to_workshop (pending=3)
15:39:23 | INFO     | t=8724.5: LOCO[LOCO_02] → COUPLING at retrofit (2.0 min)
15:39:23 | INFO     | t=8724.5: LOCO[LOCO_01] → TRAIN_PREP at retrofitted (coupling + prep, 3.0 min)
15:39:23 | INFO     | t=8726.5: LOCO[LOCO_02] → SHUNTING_PREP at retrofit (1.0 min)
15:39:23 | INFO     | t=8732.5: LOCO[LOCO_02] → DECOUPLING at WS_02 (3.0 min)
15:39:23 | INFO     | t=8735.5: RAKE[W2652,W8383] → DECOUPLING at WS_02 (1 couplings, 3.0 min)
15:39:23 | INFO     | t=8738.5: WAGON[W2652] → RETROFIT_STARTED at WS_02
15:39:23 | INFO     | t=8738.5: WAGON[W8383] → RETROFIT_STARTED at WS_02
15:39:23 | INFO     | t=8743.5: DISPATCHER → Assigned loco LOCO_02 to retrofit_to_workshop (waited 24.0 min, pending=2)
15:39:23 | INFO     | t=8743.5: RAKE[W12385,W11539] → COUPLING at retrofit (1 couplings, 2.0 min)
15:39:23 | INFO     | t=8743.5: WAGON[W4532] → Retrieved from retrofit queue
15:39:23 | INFO     | t=8743.5: WORKSHOP → No workshop available, waiting...
15:39:23 | INFO     | t=8750.5: LOCO[LOCO_02] → COUPLING at retrofit (2.0 min)
15:39:23 | INFO     | t=8752.5: LOCO[LOCO_02] → SHUNTING_PREP at retrofit (1.0 min)
15:39:23 | INFO     | t=8758.5: LOCO[LOCO_02] → DECOUPLING at WS_01 (3.0 min)
15:39:23 | INFO     | t=8761.5: RAKE[W12385,W11539] → DECOUPLING at WS_01 (1 couplings, 3.0 min)
15:39:23 | INFO     | t=8764.5: WAGON[W12385] → RETROFIT_STARTED at WS_01
15:39:23 | INFO     | t=8764.5: WAGON[W11539] → RETROFIT_STARTED at WS_01
15:39:23 | INFO     | t=8769.5: DISPATCHER → Assigned loco LOCO_02 to collection_to_retrofit (waited 235.0 min, pending=1)
15:39:23 | INFO     | t=8798.5: RAKE[W2652,W8383] → COUPLING at WS_02 (1 couplings, 0.5 min)
15:39:23 | INFO     | t=8799.0: LOCO → Allocating for pickup from WS_02
15:39:23 | INFO     | t=8799.0: DISPATCHER → Task submitted: workshop_to_retrofitted (pending=2)
15:39:23 | INFO     | t=8802.5: LOCO[LOCO_01] → DECOUPLING at parking15 (2.0 min)
15:39:23 | INFO     | t=8804.5: RAKE[W2386,W10254,W6592,W12057] → DECOUPLING at parking15 (3 couplings, 1.5 min)
15:39:23 | INFO     | t=8824.5: RAKE[W12385,W11539] → COUPLING at WS_01 (1 couplings, 0.5 min)
15:39:23 | INFO     | t=8825.0: LOCO → Allocating for pickup from WS_01
15:39:23 | INFO     | t=8825.0: DISPATCHER → Task submitted: workshop_to_retrofitted (pending=3)
15:39:23 | INFO     | t=8829.5: LOCO[LOCO_02] → TRAIN_PREP at collection (coupling + prep, 3.0 min)
15:39:23 | INFO     | t=8866.0: LOCO[LOCO_01] → Releasing
15:39:23 | INFO     | t=8866.0: LOCO[LOCO_01] → Released
15:39:23 | INFO     | t=8866.0: PARKING → Got wagon W2136 from retrofitted
15:39:23 | INFO     | t=8866.0: DISPATCHER → Assigned loco LOCO_01 to workshop_to_retrofitted (waited 67.0 min, pending=2)
15:39:23 | INFO     | t=8866.0: LOCO[LOCO_01] → Allocated for pickup
15:39:23 | INFO     | t=8866.0: LOCO → Allocating for parking transport
15:39:23 | INFO     | t=8866.0: DISPATCHER → Task submitted: retrofitted_to_parking (pending=3)
15:39:23 | INFO     | t=8873.0: LOCO[LOCO_01] → TRAIN_PREP completed at WS_02 (2.0 min)
15:39:23 | INFO     | t=8878.0: BATCH → Putting 2 wagons on retrofitted track retrofitted
15:39:23 | INFO     | t=8878.0: WAGON[W2652] → Added to retrofitted track retrofitted
15:39:23 | INFO     | t=8878.0: WAGON[W8383] → Added to retrofitted track retrofitted
15:39:23 | INFO     | t=8883.0: WORKSHOP[WS_02] → Released, notifying 1 waiting processes
15:39:23 | INFO     | t=8883.0: WORKSHOP → Workshop became available
15:39:23 | INFO     | t=8883.0: WORKSHOP[WS_02] → Selected for batch
15:39:23 | INFO     | t=8883.0: DISPATCHER → Assigned loco LOCO_01 to workshop_to_retrofitted (waited 58.0 min, pending=2)
15:39:23 | INFO     | t=8883.0: WAGON[W8676] → Added to batch
15:39:23 | INFO     | t=8883.0: BATCH[W4532,W8676] → Formed 2 wagons for WS_02
15:39:23 | INFO     | t=8883.0: LOCO[LOCO_01] → Allocated for pickup
15:39:23 | INFO     | t=8883.0: TRACK[retrofit] → Removed 2 wagons (43.1m freed)
15:39:23 | INFO     | t=8883.0: DISPATCHER → Task submitted: retrofit_to_workshop (pending=3)
15:39:23 | INFO     | t=8890.0: LOCO[LOCO_01] → TRAIN_PREP completed at WS_01 (2.0 min)
15:39:23 | INFO     | t=8892.5: LOCO[LOCO_02] → DECOUPLING at retrofit (3.0 min)
15:39:23 | INFO     | t=8895.0: BATCH → Putting 2 wagons on retrofitted track retrofitted
15:39:23 | INFO     | t=8895.0: WAGON[W12385] → Added to retrofitted track retrofitted
15:39:23 | INFO     | t=8895.0: WAGON[W11539] → Added to retrofitted track retrofitted
15:39:23 | INFO     | t=8895.5: RAKE[W2701] → DECOUPLING at retrofit (0 couplings, 0.0 min)
15:39:23 | INFO     | t=8900.0: WORKSHOP[WS_01] → Released, notifying 0 waiting processes
15:39:23 | INFO     | t=8900.0: DISPATCHER → Assigned loco LOCO_01 to retrofit_to_workshop (waited 17.0 min, pending=2)
15:39:23 | INFO     | t=8900.0: RAKE[W4532,W8676] → COUPLING at retrofit (1 couplings, 2.0 min)
15:39:23 | INFO     | t=8900.0: WAGON[W4478] → Retrieved from retrofit queue
15:39:23 | INFO     | t=8900.0: WORKSHOP[WS_01] → Selected for batch
15:39:23 | INFO     | t=8900.0: WAGON[W8381] → Added to batch
15:39:23 | INFO     | t=8900.0: BATCH[W4478,W8381] → Formed 2 wagons for WS_01
15:39:23 | INFO     | t=8900.0: TRACK[retrofit] → Removed 2 wagons (54.1m freed)
15:39:23 | INFO     | t=8900.0: DISPATCHER → Task submitted: retrofit_to_workshop (pending=3)
15:39:23 | INFO     | t=8900.5: DISPATCHER → Assigned loco LOCO_02 to retrofit_to_workshop (waited 0.5 min, pending=2)
15:39:23 | INFO     | t=8900.5: RAKE[W4478,W8381] → COUPLING at retrofit (1 couplings, 2.0 min)
15:39:23 | INFO     | t=8900.5: WAGON[W5845] → Retrieved from retrofit queue
15:39:23 | INFO     | t=8900.5: WORKSHOP → No workshop available, waiting...
15:39:23 | INFO     | t=8900.5: Batch size limited by retrofit capacity: 6 wagons (138.4m) fits, 13 waiting
15:39:23 | INFO     | t=8900.5: COLLECTION → Reserving retrofit track capacity for 6 wagons
15:39:23 | INFO     | t=8900.5: COLLECTION → Capacity reserved, allocating locomotive
15:39:23 | INFO     | t=8900.5: DISPATCHER → Task submitted: collection_to_retrofit (pending=3)
15:39:23 | INFO     | t=8907.0: LOCO[LOCO_01] → COUPLING at retrofit (2.0 min)
15:39:23 | INFO     | t=8907.5: LOCO[LOCO_02] → COUPLING at retrofit (2.0 min)
15:39:23 | INFO     | t=8909.0: LOCO[LOCO_01] → SHUNTING_PREP at retrofit (1.0 min)
15:39:23 | INFO     | t=8909.5: LOCO[LOCO_02] → SHUNTING_PREP at retrofit (1.0 min)
15:39:23 | INFO     | t=8915.0: LOCO[LOCO_01] → DECOUPLING at WS_02 (3.0 min)
15:39:23 | INFO     | t=8915.5: LOCO[LOCO_02] → DECOUPLING at WS_01 (3.0 min)
15:39:23 | INFO     | t=8918.0: RAKE[W4532,W8676] → DECOUPLING at WS_02 (1 couplings, 3.0 min)
15:39:23 | INFO     | t=8918.5: RAKE[W4478,W8381] → DECOUPLING at WS_01 (1 couplings, 3.0 min)
15:39:23 | INFO     | t=8921.0: WAGON[W4532] → RETROFIT_STARTED at WS_02
15:39:23 | INFO     | t=8921.0: WAGON[W8676] → RETROFIT_STARTED at WS_02
15:39:23 | INFO     | t=8921.5: WAGON[W4478] → RETROFIT_STARTED at WS_01
15:39:23 | INFO     | t=8921.5: WAGON[W8381] → RETROFIT_STARTED at WS_01
15:39:23 | INFO     | t=8926.0: DISPATCHER → Assigned loco LOCO_01 to retrofitted_to_parking (waited 60.0 min, pending=2)
15:39:23 | INFO     | t=8926.0: LOCO[LOCO_01] → Allocated for parking transport
15:39:23 | INFO     | t=8926.5: DISPATCHER → Assigned loco LOCO_02 to collection_to_retrofit (waited 209.0 min, pending=1)
15:39:23 | INFO     | t=8931.0: LOCO[LOCO_01] → TRAIN_PREP at retrofitted (coupling + prep, 3.0 min)
15:39:23 | INFO     | t=8981.0: RAKE[W4532,W8676] → COUPLING at WS_02 (1 couplings, 0.5 min)
15:39:23 | INFO     | t=8981.5: LOCO → Allocating for pickup from WS_02
15:39:23 | INFO     | t=8981.5: DISPATCHER → Task submitted: workshop_to_retrofitted (pending=2)
15:39:23 | INFO     | t=8981.5: RAKE[W4478,W8381] → COUPLING at WS_01 (1 couplings, 0.5 min)
15:39:23 | INFO     | t=8982.0: LOCO → Allocating for pickup from WS_01
15:39:23 | INFO     | t=8982.0: DISPATCHER → Task submitted: workshop_to_retrofitted (pending=3)
15:39:23 | INFO     | t=8986.5: LOCO[LOCO_02] → TRAIN_PREP at collection (coupling + prep, 9.0 min)
15:39:23 | INFO     | t=9009.0: LOCO[LOCO_01] → DECOUPLING at parking13 (2.0 min)
15:39:23 | INFO     | t=9011.0: RAKE[W2136,W5282,W9940,W9081] → DECOUPLING at parking13 (3 couplings, 1.5 min)
15:39:23 | INFO     | t=9055.5: LOCO[LOCO_02] → DECOUPLING at retrofit (12.0 min)
15:39:23 | INFO     | t=9067.5: RAKE[W0677,W6634,W7316,W9534] → DECOUPLING at retrofit (3 couplings, 9.0 min)
15:39:23 | INFO     | t=9072.5: LOCO[LOCO_01] → Releasing
15:39:23 | INFO     | t=9072.5: LOCO[LOCO_01] → Released
15:39:23 | INFO     | t=9072.5: PARKING → Got wagon W2652 from retrofitted
15:39:23 | INFO     | t=9072.5: DISPATCHER → Assigned loco LOCO_01 to workshop_to_retrofitted (waited 91.0 min, pending=2)
15:39:23 | INFO     | t=9072.5: LOCO[LOCO_01] → Allocated for pickup
15:39:23 | INFO     | t=9072.5: LOCO → Allocating for parking transport
15:39:23 | INFO     | t=9072.5: DISPATCHER → Task submitted: retrofitted_to_parking (pending=3)
15:39:23 | INFO     | t=9079.5: LOCO[LOCO_01] → TRAIN_PREP completed at WS_02 (2.0 min)
15:39:23 | INFO     | t=9081.5: Batch size limited by retrofit capacity: 1 wagons (12.6m) fits, 15 waiting
15:39:23 | INFO     | t=9081.5: DISPATCHER → Assigned loco LOCO_02 to workshop_to_retrofitted (waited 99.5 min, pending=2)
15:39:23 | INFO     | t=9081.5: COLLECTION → Reserving retrofit track capacity for 1 wagons
15:39:23 | INFO     | t=9081.5: LOCO[LOCO_02] → Allocated for pickup
15:39:23 | INFO     | EVENT_PUBLISHED: TrainArrivedEvent | train=T120 | time=9084.2
15:39:23 | INFO     | EVENT_HANDLING: TrainArrivedEvent -> RetrofitWorkshopContext._handle_train_arrived
15:39:23 | INFO     | EVENT_HANDLED: TrainArrivedEvent by RetrofitWorkshopContext._handle_train_arrived
15:39:23 | INFO     | t=9084.5: BATCH → Putting 2 wagons on retrofitted track retrofitted
15:39:23 | INFO     | t=9084.5: WAGON[W4532] → Added to retrofitted track retrofitted
15:39:23 | INFO     | t=9084.5: WAGON[W8676] → Added to retrofitted track retrofitted
15:39:23 | INFO     | t=9088.5: LOCO[LOCO_02] → TRAIN_PREP completed at WS_01 (2.0 min)
15:39:23 | INFO     | t=9089.5: WORKSHOP[WS_02] → Released, notifying 1 waiting processes
15:39:23 | INFO     | t=9089.5: WORKSHOP → Workshop became available
15:39:23 | INFO     | t=9089.5: WORKSHOP[WS_02] → Selected for batch
15:39:23 | INFO     | t=9089.5: DISPATCHER → Assigned loco LOCO_01 to retrofitted_to_parking (waited 17.0 min, pending=1)
15:39:23 | INFO     | t=9089.5: WAGON[W5248] → Added to batch
15:39:23 | INFO     | t=9089.5: BATCH[W5845,W5248] → Formed 2 wagons for WS_02
15:39:23 | INFO     | t=9089.5: LOCO[LOCO_01] → Allocated for parking transport
15:39:23 | INFO     | t=9089.5: TRACK[retrofit] → Removed 2 wagons (30.4m freed)
15:39:23 | INFO     | t=9089.5: DISPATCHER → Task submitted: retrofit_to_workshop (pending=2)
15:39:23 | INFO     | t=9089.5: COLLECTION → Capacity reserved, allocating locomotive
15:39:23 | INFO     | t=9089.5: DISPATCHER → Task submitted: collection_to_retrofit (pending=3)
15:39:23 | INFO     | t=9093.5: BATCH → Putting 2 wagons on retrofitted track retrofitted
15:39:23 | INFO     | t=9093.5: WAGON[W4478] → Added to retrofitted track retrofitted
15:39:23 | INFO     | t=9093.5: WAGON[W8381] → Added to retrofitted track retrofitted
15:39:23 | INFO     | t=9094.5: LOCO[LOCO_01] → TRAIN_PREP at retrofitted (coupling + prep, 3.0 min)
15:39:23 | INFO     | t=9098.5: WORKSHOP[WS_01] → Released, notifying 0 waiting processes
15:39:23 | INFO     | t=9098.5: DISPATCHER → Assigned loco LOCO_02 to retrofit_to_workshop (waited 9.0 min, pending=2)
15:39:23 | INFO     | t=9098.5: RAKE[W5845,W5248] → COUPLING at retrofit (1 couplings, 2.0 min)
15:39:23 | INFO     | t=9098.5: WAGON[W0282] → Retrieved from retrofit queue
15:39:23 | INFO     | t=9098.5: WORKSHOP[WS_01] → Selected for batch
15:39:23 | INFO     | t=9098.5: WAGON[W9067] → Added to batch
15:39:23 | INFO     | t=9098.5: BATCH[W0282,W9067] → Formed 2 wagons for WS_01
15:39:23 | INFO     | t=9098.5: TRACK[retrofit] → Removed 2 wagons (32.2m freed)
15:39:23 | INFO     | t=9098.5: DISPATCHER → Task submitted: retrofit_to_workshop (pending=3)
15:39:23 | INFO     | t=9105.5: LOCO[LOCO_02] → COUPLING at retrofit (2.0 min)
15:39:23 | INFO     | t=9107.5: LOCO[LOCO_02] → SHUNTING_PREP at retrofit (1.0 min)
15:39:23 | INFO     | t=9113.5: LOCO[LOCO_02] → DECOUPLING at WS_02 (3.0 min)
15:39:23 | INFO     | t=9116.5: RAKE[W5845,W5248] → DECOUPLING at WS_02 (1 couplings, 3.0 min)
15:39:23 | INFO     | t=9119.5: WAGON[W5845] → RETROFIT_STARTED at WS_02
15:39:23 | INFO     | t=9119.5: WAGON[W5248] → RETROFIT_STARTED at WS_02
15:39:23 | INFO     | t=9124.5: DISPATCHER → Assigned loco LOCO_02 to retrofit_to_workshop (waited 26.0 min, pending=2)
15:39:23 | INFO     | t=9124.5: RAKE[W0282,W9067] → COUPLING at retrofit (1 couplings, 2.0 min)
15:39:23 | INFO     | t=9124.5: WAGON[W2701] → Retrieved from retrofit queue
15:39:23 | INFO     | t=9124.5: WORKSHOP → No workshop available, waiting...
15:39:23 | INFO     | t=9131.5: LOCO[LOCO_02] → COUPLING at retrofit (2.0 min)
15:39:23 | INFO     | t=9133.5: LOCO[LOCO_02] → SHUNTING_PREP at retrofit (1.0 min)
15:39:23 | INFO     | t=9139.5: LOCO[LOCO_02] → DECOUPLING at WS_01 (3.0 min)
15:39:23 | INFO     | t=9142.5: RAKE[W0282,W9067] → DECOUPLING at WS_01 (1 couplings, 3.0 min)
15:39:23 | INFO     | t=9145.5: WAGON[W0282] → RETROFIT_STARTED at WS_01
15:39:23 | INFO     | t=9145.5: WAGON[W9067] → RETROFIT_STARTED at WS_01
15:39:23 | INFO     | t=9150.5: DISPATCHER → Assigned loco LOCO_02 to collection_to_retrofit (waited 250.0 min, pending=1)
15:39:23 | INFO     | t=9157.5: LOCO[LOCO_01] → DECOUPLING at parking10 (2.0 min)
15:39:23 | INFO     | t=9159.5: RAKE[W2652,W8383,W12385,W11539] → DECOUPLING at parking10 (3 couplings, 1.5 min)
15:39:23 | INFO     | t=9179.5: RAKE[W5845,W5248] → COUPLING at WS_02 (1 couplings, 0.5 min)
15:39:23 | INFO     | t=9180.0: LOCO → Allocating for pickup from WS_02
15:39:23 | INFO     | t=9180.0: DISPATCHER → Task submitted: workshop_to_retrofitted (pending=2)
15:39:23 | INFO     | EVENT_PUBLISHED: TrainArrivedEvent | train=T121 | time=9185.2
15:39:23 | INFO     | EVENT_HANDLING: TrainArrivedEvent -> RetrofitWorkshopContext._handle_train_arrived
15:39:23 | INFO     | EVENT_HANDLED: TrainArrivedEvent by RetrofitWorkshopContext._handle_train_arrived
15:39:23 | INFO     | t=9205.5: RAKE[W0282,W9067] → COUPLING at WS_01 (1 couplings, 0.5 min)
15:39:23 | INFO     | t=9206.0: LOCO → Allocating for pickup from WS_01
15:39:23 | INFO     | t=9206.0: DISPATCHER → Task submitted: workshop_to_retrofitted (pending=3)
15:39:23 | INFO     | t=9210.5: LOCO[LOCO_02] → TRAIN_PREP at collection (coupling + prep, 13.0 min)
15:39:23 | INFO     | t=9221.0: LOCO[LOCO_01] → Releasing
15:39:23 | INFO     | t=9221.0: LOCO[LOCO_01] → Released
15:39:23 | INFO     | t=9221.0: PARKING → Got wagon W4532 from retrofitted
15:39:23 | INFO     | t=9221.0: DISPATCHER → Assigned loco LOCO_01 to workshop_to_retrofitted (waited 41.0 min, pending=2)
15:39:23 | INFO     | t=9221.0: LOCO[LOCO_01] → Allocated for pickup
15:39:23 | INFO     | t=9221.0: LOCO → Allocating for parking transport
15:39:23 | INFO     | t=9221.0: DISPATCHER → Task submitted: retrofitted_to_parking (pending=3)
15:39:23 | INFO     | t=9228.0: LOCO[LOCO_01] → TRAIN_PREP completed at WS_02 (2.0 min)
15:39:23 | INFO     | t=9233.0: BATCH → Putting 2 wagons on retrofitted track retrofitted
15:39:23 | INFO     | t=9233.0: WAGON[W5845] → Added to retrofitted track retrofitted
15:39:23 | INFO     | t=9233.0: WAGON[W5248] → Added to retrofitted track retrofitted
15:39:23 | INFO     | t=9238.0: WORKSHOP[WS_02] → Released, notifying 1 waiting processes
15:39:23 | INFO     | t=9238.0: WORKSHOP → Workshop became available
15:39:23 | INFO     | t=9238.0: WORKSHOP[WS_02] → Selected for batch
15:39:23 | INFO     | t=9238.0: DISPATCHER → Assigned loco LOCO_01 to workshop_to_retrofitted (waited 32.0 min, pending=2)
15:39:23 | INFO     | t=9238.0: WAGON[W0677] → Added to batch
15:39:23 | INFO     | t=9238.0: BATCH[W2701,W0677] → Formed 2 wagons for WS_02
15:39:23 | INFO     | t=9238.0: LOCO[LOCO_01] → Allocated for pickup
15:39:23 | INFO     | t=9238.0: TRACK[retrofit] → Removed 2 wagons (52.4m freed)
15:39:23 | INFO     | t=9238.0: DISPATCHER → Task submitted: retrofit_to_workshop (pending=3)
15:39:23 | INFO     | t=9245.0: LOCO[LOCO_01] → TRAIN_PREP completed at WS_01 (2.0 min)
15:39:23 | INFO     | t=9250.0: BATCH → Putting 2 wagons on retrofitted track retrofitted
15:39:23 | INFO     | t=9250.0: WAGON[W0282] → Added to retrofitted track retrofitted
15:39:23 | INFO     | t=9250.0: WAGON[W9067] → Added to retrofitted track retrofitted
15:39:23 | INFO     | t=9255.0: WORKSHOP[WS_01] → Released, notifying 0 waiting processes
15:39:23 | INFO     | t=9255.0: DISPATCHER → Assigned loco LOCO_01 to retrofit_to_workshop (waited 17.0 min, pending=2)
15:39:23 | INFO     | t=9255.0: RAKE[W2701,W0677] → COUPLING at retrofit (1 couplings, 2.0 min)
15:39:23 | INFO     | t=9255.0: WAGON[W6634] → Retrieved from retrofit queue
15:39:23 | INFO     | t=9255.0: WORKSHOP[WS_01] → Selected for batch
15:39:23 | INFO     | t=9255.0: WAGON[W7316] → Added to batch
15:39:23 | INFO     | t=9255.0: BATCH[W6634,W7316] → Formed 2 wagons for WS_01
15:39:23 | INFO     | t=9255.0: TRACK[retrofit] → Removed 2 wagons (34.8m freed)
15:39:23 | INFO     | t=9255.0: DISPATCHER → Task submitted: retrofit_to_workshop (pending=3)
15:39:23 | INFO     | t=9262.0: LOCO[LOCO_01] → COUPLING at retrofit (2.0 min)
15:39:23 | INFO     | t=9264.0: LOCO[LOCO_01] → SHUNTING_PREP at retrofit (1.0 min)
15:39:23 | INFO     | t=9270.0: LOCO[LOCO_01] → DECOUPLING at WS_02 (3.0 min)
15:39:23 | INFO     | t=9273.0: RAKE[W2701,W0677] → DECOUPLING at WS_02 (1 couplings, 3.0 min)
15:39:23 | INFO     | t=9276.0: WAGON[W2701] → RETROFIT_STARTED at WS_02
15:39:23 | INFO     | t=9276.0: WAGON[W0677] → RETROFIT_STARTED at WS_02
15:39:23 | INFO     | t=9281.0: DISPATCHER → Assigned loco LOCO_01 to retrofit_to_workshop (waited 26.0 min, pending=2)
15:39:23 | INFO     | t=9281.0: RAKE[W6634,W7316] → COUPLING at retrofit (1 couplings, 2.0 min)
15:39:23 | INFO     | t=9281.0: WAGON[W9534] → Retrieved from retrofit queue
15:39:23 | INFO     | t=9281.0: WORKSHOP → No workshop available, waiting...
15:39:23 | INFO     | t=9283.5: LOCO[LOCO_02] → DECOUPLING at retrofit (18.0 min)
15:39:23 | INFO     | t=9288.0: LOCO[LOCO_01] → COUPLING at retrofit (2.0 min)
15:39:23 | INFO     | t=9290.0: LOCO[LOCO_01] → SHUNTING_PREP at retrofit (1.0 min)
15:39:23 | INFO     | t=9296.0: LOCO[LOCO_01] → DECOUPLING at WS_01 (3.0 min)
15:39:23 | INFO     | t=9299.0: RAKE[W6634,W7316] → DECOUPLING at WS_01 (1 couplings, 3.0 min)
15:39:23 | INFO     | EVENT_PUBLISHED: TrainArrivedEvent | train=T122 | time=9300.5
15:39:23 | INFO     | EVENT_HANDLING: TrainArrivedEvent -> RetrofitWorkshopContext._handle_train_arrived
15:39:23 | INFO     | EVENT_HANDLED: TrainArrivedEvent by RetrofitWorkshopContext._handle_train_arrived
15:39:23 | INFO     | t=9301.5: RAKE[W8570,W8578,W0948,W9358,W11195,W0367] → DECOUPLING at retrofit (5 couplings, 15.0 min)
15:39:23 | INFO     | t=9302.0: WAGON[W6634] → RETROFIT_STARTED at WS_01
15:39:23 | INFO     | t=9302.0: WAGON[W7316] → RETROFIT_STARTED at WS_01
15:39:23 | INFO     | t=9307.0: DISPATCHER → Assigned loco LOCO_01 to retrofitted_to_parking (waited 86.0 min, pending=1)
15:39:23 | INFO     | t=9307.0: LOCO[LOCO_01] → Allocated for parking transport
15:39:23 | INFO     | t=9312.0: LOCO[LOCO_01] → TRAIN_PREP at retrofitted (coupling + prep, 3.0 min)
15:39:23 | INFO     | t=9321.5: DISPATCHER → Assigned loco LOCO_02 to collection_to_retrofit (waited 232.0 min, pending=0)
15:39:23 | INFO     | t=9321.5: Batch size limited by retrofit capacity: 7 wagons (135.7m) fits, 13 waiting
15:39:23 | INFO     | t=9321.5: COLLECTION → Reserving retrofit track capacity for 7 wagons
15:39:23 | INFO     | t=9321.5: COLLECTION → Capacity reserved, allocating locomotive
15:39:23 | INFO     | t=9321.5: DISPATCHER → Task submitted: collection_to_retrofit (pending=1)
15:39:23 | INFO     | t=9336.0: RAKE[W2701,W0677] → COUPLING at WS_02 (1 couplings, 0.5 min)
15:39:23 | INFO     | t=9336.5: LOCO → Allocating for pickup from WS_02
15:39:23 | INFO     | t=9336.5: DISPATCHER → Task submitted: workshop_to_retrofitted (pending=2)
15:39:23 | INFO     | EVENT_PUBLISHED: TrainArrivedEvent | train=T123 | time=9337.2
15:39:23 | INFO     | EVENT_HANDLING: TrainArrivedEvent -> RetrofitWorkshopContext._handle_train_arrived
15:39:23 | INFO     | EVENT_HANDLED: TrainArrivedEvent by RetrofitWorkshopContext._handle_train_arrived
15:39:23 | INFO     | t=9362.0: RAKE[W6634,W7316] → COUPLING at WS_01 (1 couplings, 0.5 min)
15:39:23 | INFO     | t=9362.5: LOCO → Allocating for pickup from WS_01
15:39:23 | INFO     | t=9362.5: DISPATCHER → Task submitted: workshop_to_retrofitted (pending=3)
15:39:23 | INFO     | t=9375.0: LOCO[LOCO_01] → DECOUPLING at parking12 (2.0 min)
15:39:23 | INFO     | t=9377.0: RAKE[W4532,W8676,W4478,W8381] → DECOUPLING at parking12 (3 couplings, 1.5 min)
15:39:23 | INFO     | t=9381.5: LOCO[LOCO_02] → TRAIN_PREP at collection (coupling + prep, 3.0 min)
15:39:23 | INFO     | EVENT_PUBLISHED: TrainArrivedEvent | train=T124 | time=9400.8
15:39:23 | INFO     | EVENT_HANDLING: TrainArrivedEvent -> RetrofitWorkshopContext._handle_train_arrived
15:39:23 | INFO     | EVENT_HANDLED: TrainArrivedEvent by RetrofitWorkshopContext._handle_train_arrived
15:39:23 | INFO     | t=9438.5: LOCO[LOCO_01] → Releasing
15:39:23 | INFO     | t=9438.5: LOCO[LOCO_01] → Released
15:39:23 | INFO     | t=9438.5: PARKING → Got wagon W5845 from retrofitted
15:39:23 | INFO     | t=9438.5: DISPATCHER → Assigned loco LOCO_01 to workshop_to_retrofitted (waited 102.0 min, pending=2)
15:39:23 | INFO     | t=9438.5: LOCO[LOCO_01] → Allocated for pickup
15:39:23 | INFO     | t=9438.5: LOCO → Allocating for parking transport
15:39:23 | INFO     | t=9438.5: DISPATCHER → Task submitted: retrofitted_to_parking (pending=3)
15:39:23 | INFO     | EVENT_PUBLISHED: TrainArrivedEvent | train=T125 | time=9444.2
15:39:23 | INFO     | EVENT_HANDLING: TrainArrivedEvent -> RetrofitWorkshopContext._handle_train_arrived
15:39:23 | INFO     | EVENT_HANDLED: TrainArrivedEvent by RetrofitWorkshopContext._handle_train_arrived
15:39:23 | INFO     | t=9444.5: LOCO[LOCO_02] → DECOUPLING at retrofit (3.0 min)
15:39:23 | INFO     | t=9445.5: LOCO[LOCO_01] → TRAIN_PREP completed at WS_02 (2.0 min)
15:39:23 | INFO     | t=9447.5: RAKE[W11953] → DECOUPLING at retrofit (0 couplings, 0.0 min)
15:39:23 | INFO     | t=9450.5: BATCH → Putting 2 wagons on retrofitted track retrofitted
15:39:23 | INFO     | t=9450.5: WAGON[W2701] → Added to retrofitted track retrofitted
15:39:23 | INFO     | t=9450.5: WAGON[W0677] → Added to retrofitted track retrofitted
15:39:23 | INFO     | t=9452.5: Batch size limited by retrofit capacity: 1 wagons (13.7m) fits, 20 waiting
15:39:23 | INFO     | t=9452.5: DISPATCHER → Assigned loco LOCO_02 to workshop_to_retrofitted (waited 90.0 min, pending=2)
15:39:23 | INFO     | t=9452.5: COLLECTION → Reserving retrofit track capacity for 1 wagons
15:39:23 | INFO     | t=9452.5: LOCO[LOCO_02] → Allocated for pickup
15:39:23 | INFO     | t=9452.5: COLLECTION → Capacity reserved, allocating locomotive
15:39:23 | INFO     | t=9452.5: DISPATCHER → Task submitted: collection_to_retrofit (pending=3)
15:39:23 | INFO     | t=9455.5: WORKSHOP[WS_02] → Released, notifying 1 waiting processes
15:39:23 | INFO     | t=9455.5: WORKSHOP → Workshop became available
15:39:23 | INFO     | t=9455.5: WORKSHOP[WS_02] → Selected for batch
15:39:23 | INFO     | t=9455.5: DISPATCHER → Assigned loco LOCO_01 to retrofitted_to_parking (waited 17.0 min, pending=2)
15:39:23 | INFO     | t=9455.5: WAGON[W8570] → Added to batch
15:39:23 | INFO     | t=9455.5: BATCH[W9534,W8570] → Formed 2 wagons for WS_02
15:39:23 | INFO     | t=9455.5: LOCO[LOCO_01] → Allocated for parking transport
15:39:23 | INFO     | t=9455.5: TRACK[retrofit] → Removed 2 wagons (42.9m freed)
15:39:23 | INFO     | t=9455.5: DISPATCHER → Task submitted: retrofit_to_workshop (pending=3)
15:39:23 | INFO     | t=9459.5: LOCO[LOCO_02] → TRAIN_PREP completed at WS_01 (2.0 min)
15:39:23 | INFO     | t=9460.5: LOCO[LOCO_01] → TRAIN_PREP at retrofitted (coupling + prep, 3.0 min)
15:39:23 | INFO     | t=9464.5: BATCH → Putting 2 wagons on retrofitted track retrofitted
15:39:23 | INFO     | t=9464.5: WAGON[W6634] → Added to retrofitted track retrofitted
15:39:23 | INFO     | t=9464.5: WAGON[W7316] → Added to retrofitted track retrofitted
15:39:23 | INFO     | t=9468.5: LOCO[LOCO_01] → DECOUPLING at parking1 (2.0 min)
15:39:23 | INFO     | t=9469.5: WORKSHOP[WS_01] → Released, notifying 0 waiting processes
15:39:23 | INFO     | t=9469.5: DISPATCHER → Assigned loco LOCO_02 to retrofit_to_workshop (waited 14.0 min, pending=2)
15:39:23 | INFO     | t=9469.5: RAKE[W9534,W8570] → COUPLING at retrofit (1 couplings, 2.0 min)
15:39:23 | INFO     | t=9469.5: WAGON[W8578] → Retrieved from retrofit queue
15:39:23 | INFO     | t=9469.5: WORKSHOP[WS_01] → Selected for batch
15:39:23 | INFO     | t=9469.5: WAGON[W0948] → Added to batch
15:39:23 | INFO     | t=9469.5: BATCH[W8578,W0948] → Formed 2 wagons for WS_01
15:39:23 | INFO     | t=9469.5: TRACK[retrofit] → Removed 2 wagons (50.9m freed)
15:39:23 | INFO     | t=9469.5: DISPATCHER → Task submitted: retrofit_to_workshop (pending=3)
15:39:23 | INFO     | t=9470.5: RAKE[W5845,W5248,W0282,W9067] → DECOUPLING at parking1 (3 couplings, 1.5 min)
15:39:23 | INFO     | t=9476.5: LOCO[LOCO_02] → COUPLING at retrofit (2.0 min)
15:39:23 | INFO     | t=9477.0: LOCO[LOCO_01] → Releasing
15:39:23 | INFO     | t=9477.0: LOCO[LOCO_01] → Released
15:39:23 | INFO     | t=9477.0: PARKING → Got wagon W2701 from retrofitted
15:39:23 | INFO     | t=9477.0: DISPATCHER → Assigned loco LOCO_01 to retrofit_to_workshop (waited 7.5 min, pending=2)
15:39:23 | INFO     | t=9477.0: RAKE[W8578,W0948] → COUPLING at retrofit (1 couplings, 2.0 min)
15:39:23 | INFO     | t=9477.0: WAGON[W9358] → Retrieved from retrofit queue
15:39:23 | INFO     | t=9477.0: WORKSHOP → No workshop available, waiting...
15:39:23 | INFO     | t=9477.0: LOCO → Allocating for parking transport
15:39:23 | INFO     | t=9477.0: DISPATCHER → Task submitted: retrofitted_to_parking (pending=3)
15:39:23 | INFO     | t=9478.5: LOCO[LOCO_02] → SHUNTING_PREP at retrofit (1.0 min)
15:39:23 | INFO     | t=9484.0: LOCO[LOCO_01] → COUPLING at retrofit (2.0 min)
15:39:23 | INFO     | t=9484.5: LOCO[LOCO_02] → DECOUPLING at WS_02 (3.0 min)
15:39:23 | INFO     | t=9486.0: LOCO[LOCO_01] → SHUNTING_PREP at retrofit (1.0 min)
15:39:23 | INFO     | t=9487.5: RAKE[W9534,W8570] → DECOUPLING at WS_02 (1 couplings, 3.0 min)
15:39:23 | INFO     | t=9490.5: WAGON[W9534] → RETROFIT_STARTED at WS_02
15:39:23 | INFO     | t=9490.5: WAGON[W8570] → RETROFIT_STARTED at WS_02
15:39:23 | INFO     | t=9492.0: LOCO[LOCO_01] → DECOUPLING at WS_01 (3.0 min)
15:39:23 | INFO     | t=9495.0: RAKE[W8578,W0948] → DECOUPLING at WS_01 (1 couplings, 3.0 min)
15:39:23 | INFO     | t=9495.5: DISPATCHER → Assigned loco LOCO_02 to retrofitted_to_parking (waited 18.5 min, pending=2)
15:39:23 | INFO     | t=9495.5: LOCO[LOCO_02] → Allocated for parking transport
15:39:23 | INFO     | t=9498.0: WAGON[W8578] → RETROFIT_STARTED at WS_01
15:39:23 | INFO     | t=9498.0: WAGON[W0948] → RETROFIT_STARTED at WS_01
15:39:23 | INFO     | t=9500.5: LOCO[LOCO_02] → TRAIN_PREP at retrofitted (coupling + prep, 3.0 min)
15:39:23 | INFO     | t=9503.0: DISPATCHER → Assigned loco LOCO_01 to collection_to_retrofit (waited 181.5 min, pending=1)
15:39:23 | INFO     | EVENT_PUBLISHED: TrainArrivedEvent | train=T126 | time=9529.5
15:39:23 | INFO     | EVENT_HANDLING: TrainArrivedEvent -> RetrofitWorkshopContext._handle_train_arrived
15:39:23 | INFO     | EVENT_HANDLED: TrainArrivedEvent by RetrofitWorkshopContext._handle_train_arrived
15:39:23 | INFO     | t=9550.5: RAKE[W9534,W8570] → COUPLING at WS_02 (1 couplings, 0.5 min)
15:39:23 | INFO     | t=9551.0: LOCO → Allocating for pickup from WS_02
15:39:23 | INFO     | t=9551.0: DISPATCHER → Task submitted: workshop_to_retrofitted (pending=2)
15:39:23 | INFO     | t=9558.0: RAKE[W8578,W0948] → COUPLING at WS_01 (1 couplings, 0.5 min)
15:39:23 | INFO     | t=9558.5: LOCO → Allocating for pickup from WS_01
15:39:23 | INFO     | t=9558.5: DISPATCHER → Task submitted: workshop_to_retrofitted (pending=3)
15:39:23 | INFO     | t=9563.0: LOCO[LOCO_01] → TRAIN_PREP at collection (coupling + prep, 15.0 min)
15:39:23 | INFO     | t=9623.5: LOCO[LOCO_02] → DECOUPLING at parking16 (2.0 min)
15:39:23 | INFO     | t=9625.5: RAKE[W2701,W0677,W6634,W7316] → DECOUPLING at parking16 (3 couplings, 1.5 min)
15:39:23 | INFO     | t=9638.0: LOCO[LOCO_01] → DECOUPLING at retrofit (21.0 min)
15:39:23 | INFO     | t=9659.0: RAKE[W0411,W4337,W2166,W4457,W5612,W0928,W12177] → DECOUPLING at retrofit (6 couplings, 18.0 min)
15:39:23 | INFO     | t=9682.0: DISPATCHER → Assigned loco LOCO_01 to workshop_to_retrofitted (waited 131.0 min, pending=2)
15:39:23 | INFO     | t=9682.0: LOCO[LOCO_01] → Allocated for pickup
15:39:23 | INFO     | t=9682.0: Batch size limited by retrofit capacity: 5 wagons (85.0m) fits, 14 waiting
15:39:23 | INFO     | t=9682.0: COLLECTION → Reserving retrofit track capacity for 5 wagons
15:39:23 | INFO     | t=9682.0: COLLECTION → Capacity reserved, allocating locomotive
15:39:23 | INFO     | t=9682.0: DISPATCHER → Task submitted: collection_to_retrofit (pending=3)
15:39:23 | INFO     | EVENT_PUBLISHED: TrainArrivedEvent | train=T127 | time=9684.0
15:39:23 | INFO     | EVENT_HANDLING: TrainArrivedEvent -> RetrofitWorkshopContext._handle_train_arrived
15:39:23 | INFO     | EVENT_HANDLED: TrainArrivedEvent by RetrofitWorkshopContext._handle_train_arrived
15:39:23 | INFO     | t=9687.0: LOCO[LOCO_02] → Releasing
15:39:23 | INFO     | t=9687.0: LOCO[LOCO_02] → Released
15:39:23 | INFO     | t=9687.0: DISPATCHER → Assigned loco LOCO_02 to workshop_to_retrofitted (waited 128.5 min, pending=2)
15:39:23 | INFO     | t=9687.0: LOCO[LOCO_02] → Allocated for pickup
15:39:23 | INFO     | t=9689.0: LOCO[LOCO_01] → TRAIN_PREP completed at WS_02 (2.0 min)
15:39:23 | INFO     | t=9694.0: BATCH → Putting 2 wagons on retrofitted track retrofitted
15:39:23 | INFO     | t=9694.0: LOCO[LOCO_02] → TRAIN_PREP completed at WS_01 (2.0 min)
15:39:23 | INFO     | t=9694.0: WAGON[W9534] → Added to retrofitted track retrofitted
15:39:23 | INFO     | t=9694.0: WAGON[W8570] → Added to retrofitted track retrofitted
15:39:23 | INFO     | t=9694.0: PARKING → Got wagon W9534 from retrofitted
15:39:23 | INFO     | t=9694.0: LOCO → Allocating for parking transport
15:39:23 | INFO     | t=9694.0: DISPATCHER → Task submitted: retrofitted_to_parking (pending=3)
15:39:23 | INFO     | t=9699.0: BATCH → Putting 2 wagons on retrofitted track retrofitted
15:39:23 | INFO     | t=9699.0: WAGON[W8578] → Added to retrofitted track retrofitted
15:39:23 | INFO     | t=9699.0: WAGON[W0948] → Added to retrofitted track retrofitted
15:39:23 | INFO     | t=9699.0: WORKSHOP[WS_02] → Released, notifying 1 waiting processes
15:39:23 | INFO     | t=9699.0: WORKSHOP → Workshop became available
15:39:23 | INFO     | t=9699.0: WORKSHOP[WS_02] → Selected for batch
15:39:23 | INFO     | t=9699.0: DISPATCHER → Assigned loco LOCO_01 to retrofitted_to_parking (waited 5.0 min, pending=2)
15:39:23 | INFO     | t=9699.0: WAGON[W11195] → Added to batch
15:39:23 | INFO     | t=9699.0: BATCH[W9358,W11195] → Formed 2 wagons for WS_02
15:39:23 | INFO     | t=9699.0: LOCO[LOCO_01] → Allocated for parking transport
15:39:23 | INFO     | t=9699.0: TRACK[retrofit] → Removed 2 wagons (49.8m freed)
15:39:23 | INFO     | t=9699.0: DISPATCHER → Task submitted: retrofit_to_workshop (pending=3)
15:39:23 | INFO     | t=9704.0: WORKSHOP[WS_01] → Released, notifying 0 waiting processes
15:39:23 | INFO     | t=9704.0: LOCO[LOCO_01] → TRAIN_PREP at retrofitted (coupling + prep, 2.0 min)
15:39:23 | INFO     | t=9704.0: DISPATCHER → Assigned loco LOCO_02 to retrofit_to_workshop (waited 5.0 min, pending=2)
15:39:23 | INFO     | t=9704.0: RAKE[W9358,W11195] → COUPLING at retrofit (1 couplings, 2.0 min)
15:39:23 | INFO     | t=9704.0: WAGON[W0367] → Retrieved from retrofit queue
15:39:23 | INFO     | t=9704.0: WORKSHOP[WS_01] → Selected for batch
15:39:23 | INFO     | t=9704.0: WAGON[W11953] → Added to batch
15:39:23 | INFO     | t=9704.0: BATCH[W0367,W11953] → Formed 2 wagons for WS_01
15:39:23 | INFO     | t=9704.0: TRACK[retrofit] → Removed 2 wagons (26.4m freed)
15:39:23 | INFO     | t=9704.0: DISPATCHER → Task submitted: retrofit_to_workshop (pending=3)
15:39:23 | INFO     | EVENT_PUBLISHED: TrainArrivedEvent | train=T128 | time=9706.0
15:39:23 | INFO     | EVENT_HANDLING: TrainArrivedEvent -> RetrofitWorkshopContext._handle_train_arrived
15:39:23 | INFO     | EVENT_HANDLED: TrainArrivedEvent by RetrofitWorkshopContext._handle_train_arrived
15:39:23 | INFO     | t=9711.0: LOCO[LOCO_02] → COUPLING at retrofit (2.0 min)
15:39:23 | INFO     | t=9713.0: LOCO[LOCO_02] → SHUNTING_PREP at retrofit (1.0 min)
15:39:23 | INFO     | t=9719.0: LOCO[LOCO_02] → DECOUPLING at WS_02 (3.0 min)
15:39:23 | INFO     | t=9722.0: RAKE[W9358,W11195] → DECOUPLING at WS_02 (1 couplings, 3.0 min)
15:39:23 | INFO     | t=9725.0: WAGON[W9358] → RETROFIT_STARTED at WS_02
15:39:23 | INFO     | t=9725.0: WAGON[W11195] → RETROFIT_STARTED at WS_02
15:39:23 | INFO     | t=9730.0: DISPATCHER → Assigned loco LOCO_02 to retrofit_to_workshop (waited 26.0 min, pending=2)
15:39:23 | INFO     | t=9730.0: RAKE[W0367,W11953] → COUPLING at retrofit (1 couplings, 2.0 min)
15:39:23 | INFO     | t=9730.0: WAGON[W0411] → Retrieved from retrofit queue
15:39:23 | INFO     | t=9730.0: WORKSHOP → No workshop available, waiting...
15:39:23 | INFO     | t=9737.0: LOCO[LOCO_02] → COUPLING at retrofit (2.0 min)
15:39:23 | INFO     | t=9739.0: LOCO[LOCO_02] → SHUNTING_PREP at retrofit (1.0 min)
15:39:23 | INFO     | t=9745.0: LOCO[LOCO_02] → DECOUPLING at WS_01 (3.0 min)
15:39:23 | INFO     | t=9748.0: RAKE[W0367,W11953] → DECOUPLING at WS_01 (1 couplings, 3.0 min)
15:39:23 | INFO     | t=9751.0: WAGON[W0367] → RETROFIT_STARTED at WS_01
15:39:23 | INFO     | t=9751.0: WAGON[W11953] → RETROFIT_STARTED at WS_01
15:39:23 | INFO     | t=9756.0: DISPATCHER → Assigned loco LOCO_02 to collection_to_retrofit (waited 303.5 min, pending=1)
15:39:23 | INFO     | t=9781.0: LOCO[LOCO_01] → DECOUPLING at parking14 (1.0 min)
15:39:23 | INFO     | t=9782.0: RAKE[W9534,W8570] → DECOUPLING at parking14 (1 couplings, 0.5 min)
15:39:23 | INFO     | t=9785.0: RAKE[W9358,W11195] → COUPLING at WS_02 (1 couplings, 0.5 min)
15:39:23 | INFO     | t=9785.5: LOCO → Allocating for pickup from WS_02
15:39:23 | INFO     | t=9785.5: DISPATCHER → Task submitted: workshop_to_retrofitted (pending=2)
15:39:23 | INFO     | EVENT_PUBLISHED: TrainArrivedEvent | train=T129 | time=9800.2
15:39:23 | INFO     | EVENT_HANDLING: TrainArrivedEvent -> RetrofitWorkshopContext._handle_train_arrived
15:39:23 | INFO     | EVENT_HANDLED: TrainArrivedEvent by RetrofitWorkshopContext._handle_train_arrived
15:39:23 | INFO     | t=9811.0: RAKE[W0367,W11953] → COUPLING at WS_01 (1 couplings, 0.5 min)
15:39:23 | INFO     | t=9811.5: LOCO → Allocating for pickup from WS_01
15:39:23 | INFO     | t=9811.5: DISPATCHER → Task submitted: workshop_to_retrofitted (pending=3)
15:39:23 | INFO     | t=9816.0: LOCO[LOCO_02] → TRAIN_PREP at collection (coupling + prep, 3.0 min)
15:39:23 | INFO     | t=9842.5: LOCO[LOCO_01] → Releasing
15:39:23 | INFO     | t=9842.5: LOCO[LOCO_01] → Released
15:39:23 | INFO     | t=9842.5: PARKING → Got wagon W8578 from retrofitted
15:39:23 | INFO     | t=9842.5: DISPATCHER → Assigned loco LOCO_01 to workshop_to_retrofitted (waited 57.0 min, pending=2)
15:39:23 | INFO     | t=9842.5: LOCO → Allocating for parking transport
15:39:23 | INFO     | t=9842.5: DISPATCHER → Task submitted: retrofitted_to_parking (pending=3)
15:39:23 | INFO     | t=9842.5: LOCO[LOCO_01] → Allocated for pickup
15:39:23 | INFO     | t=9849.5: LOCO[LOCO_01] → TRAIN_PREP completed at WS_02 (2.0 min)
15:39:23 | INFO     | t=9854.5: BATCH → Putting 2 wagons on retrofitted track retrofitted
15:39:23 | INFO     | t=9854.5: WAGON[W9358] → Added to retrofitted track retrofitted
15:39:23 | INFO     | t=9854.5: WAGON[W11195] → Added to retrofitted track retrofitted
15:39:23 | INFO     | t=9859.5: WORKSHOP[WS_02] → Released, notifying 1 waiting processes
15:39:23 | INFO     | t=9859.5: WORKSHOP → Workshop became available
15:39:23 | INFO     | t=9859.5: WORKSHOP[WS_02] → Selected for batch
15:39:23 | INFO     | t=9859.5: DISPATCHER → Assigned loco LOCO_01 to workshop_to_retrofitted (waited 48.0 min, pending=2)
15:39:23 | INFO     | t=9859.5: WAGON[W4337] → Added to batch
15:39:23 | INFO     | t=9859.5: BATCH[W0411,W4337] → Formed 2 wagons for WS_02
15:39:23 | INFO     | t=9859.5: LOCO[LOCO_01] → Allocated for pickup
15:39:23 | INFO     | t=9859.5: TRACK[retrofit] → Removed 2 wagons (34.1m freed)
15:39:23 | INFO     | t=9859.5: DISPATCHER → Task submitted: retrofit_to_workshop (pending=3)
15:39:23 | INFO     | t=9866.5: LOCO[LOCO_01] → TRAIN_PREP completed at WS_01 (2.0 min)
15:39:23 | INFO     | t=9871.5: BATCH → Putting 2 wagons on retrofitted track retrofitted
15:39:23 | INFO     | t=9871.5: WAGON[W0367] → Added to retrofitted track retrofitted
15:39:23 | INFO     | t=9871.5: WAGON[W11953] → Added to retrofitted track retrofitted
15:39:23 | INFO     | t=9876.5: WORKSHOP[WS_01] → Released, notifying 0 waiting processes
15:39:23 | INFO     | t=9876.5: DISPATCHER → Assigned loco LOCO_01 to retrofit_to_workshop (waited 17.0 min, pending=2)
15:39:23 | INFO     | t=9876.5: RAKE[W0411,W4337] → COUPLING at retrofit (1 couplings, 2.0 min)
15:39:23 | INFO     | t=9876.5: WAGON[W2166] → Retrieved from retrofit queue
15:39:23 | INFO     | t=9876.5: WORKSHOP[WS_01] → Selected for batch
15:39:23 | INFO     | t=9876.5: WAGON[W4457] → Added to batch
15:39:23 | INFO     | t=9876.5: BATCH[W2166,W4457] → Formed 2 wagons for WS_01
15:39:23 | INFO     | t=9876.5: TRACK[retrofit] → Removed 2 wagons (37.1m freed)
15:39:23 | INFO     | t=9876.5: DISPATCHER → Task submitted: retrofit_to_workshop (pending=3)
15:39:23 | INFO     | t=9879.0: LOCO[LOCO_02] → DECOUPLING at retrofit (3.0 min)
15:39:23 | INFO     | t=9882.0: RAKE[W9237] → DECOUPLING at retrofit (0 couplings, 0.0 min)
15:39:23 | INFO     | t=9883.5: LOCO[LOCO_01] → COUPLING at retrofit (2.0 min)
15:39:23 | INFO     | t=9885.5: LOCO[LOCO_01] → SHUNTING_PREP at retrofit (1.0 min)
15:39:23 | INFO     | t=9887.0: DISPATCHER → Assigned loco LOCO_02 to retrofit_to_workshop (waited 10.5 min, pending=2)
15:39:23 | INFO     | t=9887.0: RAKE[W2166,W4457] → COUPLING at retrofit (1 couplings, 2.0 min)
15:39:23 | INFO     | t=9887.0: WAGON[W5612] → Retrieved from retrofit queue
15:39:23 | INFO     | t=9887.0: WORKSHOP → No workshop available, waiting...
15:39:23 | INFO     | t=9887.0: Batch size limited by retrofit capacity: 8 wagons (153.4m) fits, 13 waiting
15:39:23 | INFO     | t=9887.0: COLLECTION → Reserving retrofit track capacity for 8 wagons
15:39:23 | INFO     | t=9887.0: COLLECTION → Capacity reserved, allocating locomotive
15:39:23 | INFO     | t=9887.0: DISPATCHER → Task submitted: collection_to_retrofit (pending=3)
15:39:23 | INFO     | t=9891.5: LOCO[LOCO_01] → DECOUPLING at WS_02 (3.0 min)
15:39:23 | INFO     | t=9894.0: LOCO[LOCO_02] → COUPLING at retrofit (2.0 min)
15:39:23 | INFO     | t=9894.5: RAKE[W0411,W4337] → DECOUPLING at WS_02 (1 couplings, 3.0 min)
15:39:23 | INFO     | t=9896.0: LOCO[LOCO_02] → SHUNTING_PREP at retrofit (1.0 min)
15:39:23 | INFO     | EVENT_PUBLISHED: TrainArrivedEvent | train=T130 | time=9896.5
15:39:23 | INFO     | EVENT_HANDLING: TrainArrivedEvent -> RetrofitWorkshopContext._handle_train_arrived
15:39:23 | INFO     | EVENT_HANDLED: TrainArrivedEvent by RetrofitWorkshopContext._handle_train_arrived
15:39:23 | INFO     | t=9897.5: WAGON[W0411] → RETROFIT_STARTED at WS_02
15:39:23 | INFO     | t=9897.5: WAGON[W4337] → RETROFIT_STARTED at WS_02
15:39:23 | INFO     | t=9902.0: LOCO[LOCO_02] → DECOUPLING at WS_01 (3.0 min)
15:39:23 | INFO     | t=9902.5: DISPATCHER → Assigned loco LOCO_01 to retrofitted_to_parking (waited 60.0 min, pending=2)
15:39:23 | INFO     | t=9902.5: LOCO[LOCO_01] → Allocated for parking transport
15:39:23 | INFO     | t=9905.0: RAKE[W2166,W4457] → DECOUPLING at WS_01 (1 couplings, 3.0 min)
15:39:23 | INFO     | t=9907.5: LOCO[LOCO_01] → TRAIN_PREP at retrofitted (coupling + prep, 2.0 min)
15:39:23 | INFO     | t=9908.0: WAGON[W2166] → RETROFIT_STARTED at WS_01
15:39:23 | INFO     | t=9908.0: WAGON[W4457] → RETROFIT_STARTED at WS_01
15:39:23 | INFO     | t=9913.0: DISPATCHER → Assigned loco LOCO_02 to collection_to_retrofit (waited 231.0 min, pending=1)
15:39:23 | INFO     | t=9957.5: RAKE[W0411,W4337] → COUPLING at WS_02 (1 couplings, 0.5 min)
15:39:23 | INFO     | t=9958.0: LOCO → Allocating for pickup from WS_02
15:39:23 | INFO     | t=9958.0: DISPATCHER → Task submitted: workshop_to_retrofitted (pending=2)
15:39:23 | INFO     | t=9968.0: RAKE[W2166,W4457] → COUPLING at WS_01 (1 couplings, 0.5 min)
15:39:23 | INFO     | t=9968.5: LOCO → Allocating for pickup from WS_01
15:39:23 | INFO     | t=9968.5: DISPATCHER → Task submitted: workshop_to_retrofitted (pending=3)
15:39:23 | INFO     | t=9973.0: LOCO[LOCO_02] → TRAIN_PREP at collection (coupling + prep, 11.0 min)
15:39:23 | INFO     | t=9984.5: LOCO[LOCO_01] → DECOUPLING at parking13 (1.0 min)
15:39:23 | INFO     | t=9985.5: RAKE[W8578,W0948] → DECOUPLING at parking13 (1 couplings, 0.5 min)
15:39:23 | INFO     | EVENT_PUBLISHED: TrainArrivedEvent | train=T131 | time=10041.5
15:39:23 | INFO     | EVENT_HANDLING: TrainArrivedEvent -> RetrofitWorkshopContext._handle_train_arrived
15:39:23 | INFO     | EVENT_HANDLED: TrainArrivedEvent by RetrofitWorkshopContext._handle_train_arrived
15:39:23 | INFO     | t=10044.0: LOCO[LOCO_02] → DECOUPLING at retrofit (15.0 min)
15:39:23 | INFO     | t=10046.0: LOCO[LOCO_01] → Releasing
15:39:23 | INFO     | t=10046.0: LOCO[LOCO_01] → Released
15:39:23 | INFO     | t=10046.0: PARKING → Got wagon W9358 from retrofitted
15:39:23 | INFO     | t=10046.0: DISPATCHER → Assigned loco LOCO_01 to workshop_to_retrofitted (waited 88.0 min, pending=2)
15:39:23 | INFO     | t=10046.0: LOCO[LOCO_01] → Allocated for pickup
15:39:23 | INFO     | t=10046.0: LOCO → Allocating for parking transport
15:39:23 | INFO     | t=10046.0: DISPATCHER → Task submitted: retrofitted_to_parking (pending=3)
15:39:23 | INFO     | t=10053.0: LOCO[LOCO_01] → TRAIN_PREP completed at WS_02 (2.0 min)
15:39:23 | INFO     | t=10058.0: BATCH → Putting 2 wagons on retrofitted track retrofitted
15:39:23 | INFO     | t=10058.0: WAGON[W0411] → Added to retrofitted track retrofitted
15:39:23 | INFO     | t=10058.0: WAGON[W4337] → Added to retrofitted track retrofitted
15:39:23 | INFO     | t=10059.0: RAKE[W0888,W5821,W6008,W0293,W0167] → DECOUPLING at retrofit (4 couplings, 12.0 min)
15:39:23 | INFO     | t=10063.0: WORKSHOP[WS_02] → Released, notifying 1 waiting processes
15:39:23 | INFO     | t=10063.0: WORKSHOP → Workshop became available
15:39:23 | INFO     | t=10063.0: WORKSHOP[WS_02] → Selected for batch
15:39:23 | INFO     | t=10063.0: DISPATCHER → Assigned loco LOCO_01 to workshop_to_retrofitted (waited 94.5 min, pending=2)
15:39:23 | INFO     | t=10063.0: WAGON[W0928] → Added to batch
15:39:23 | INFO     | t=10063.0: BATCH[W5612,W0928] → Formed 2 wagons for WS_02
15:39:23 | INFO     | t=10063.0: LOCO[LOCO_01] → Allocated for pickup
15:39:23 | INFO     | t=10063.0: TRACK[retrofit] → Removed 2 wagons (41.3m freed)
15:39:23 | INFO     | t=10063.0: DISPATCHER → Task submitted: retrofit_to_workshop (pending=3)
15:39:23 | INFO     | EVENT_PUBLISHED: TrainArrivedEvent | train=T132 | time=10065.5
15:39:23 | INFO     | EVENT_HANDLING: TrainArrivedEvent -> RetrofitWorkshopContext._handle_train_arrived
15:39:23 | INFO     | EVENT_HANDLED: TrainArrivedEvent by RetrofitWorkshopContext._handle_train_arrived
15:39:23 | INFO     | t=10070.0: LOCO[LOCO_01] → TRAIN_PREP completed at WS_01 (2.0 min)
15:39:23 | INFO     | EVENT_PUBLISHED: TrainArrivedEvent | train=T133 | time=10073.2
15:39:23 | INFO     | EVENT_HANDLING: TrainArrivedEvent -> RetrofitWorkshopContext._handle_train_arrived
15:39:23 | INFO     | EVENT_HANDLED: TrainArrivedEvent by RetrofitWorkshopContext._handle_train_arrived
15:39:23 | INFO     | t=10075.0: BATCH → Putting 2 wagons on retrofitted track retrofitted
15:39:23 | INFO     | t=10075.0: WAGON[W2166] → Added to retrofitted track retrofitted
15:39:23 | INFO     | t=10075.0: WAGON[W4457] → Added to retrofitted track retrofitted
15:39:23 | INFO     | t=10076.0: DISPATCHER → Assigned loco LOCO_02 to retrofit_to_workshop (waited 13.0 min, pending=2)
15:39:23 | INFO     | t=10076.0: Batch size limited by retrofit capacity: 2 wagons (29.8m) fits, 18 waiting
15:39:23 | INFO     | t=10076.0: RAKE[W5612,W0928] → COUPLING at retrofit (1 couplings, 2.0 min)
15:39:23 | INFO     | t=10076.0: COLLECTION → Reserving retrofit track capacity for 2 wagons
15:39:23 | INFO     | t=10076.0: WAGON[W12177] → Retrieved from retrofit queue
15:39:23 | INFO     | t=10076.0: WORKSHOP → No workshop available, waiting...
15:39:23 | INFO     | t=10076.0: COLLECTION → Capacity reserved, allocating locomotive
15:39:23 | INFO     | t=10076.0: DISPATCHER → Task submitted: collection_to_retrofit (pending=3)
15:39:23 | INFO     | t=10080.0: WORKSHOP[WS_01] → Released, notifying 1 waiting processes
15:39:23 | INFO     | t=10080.0: WORKSHOP → Workshop became available
15:39:23 | INFO     | t=10080.0: WORKSHOP[WS_01] → Selected for batch
15:39:23 | INFO     | t=10080.0: DISPATCHER → Assigned loco LOCO_01 to retrofitted_to_parking (waited 34.0 min, pending=2)
15:39:23 | INFO     | t=10080.0: WAGON[W9237] → Added to batch
15:39:23 | INFO     | t=10080.0: BATCH[W12177,W9237] → Formed 2 wagons for WS_01
15:39:23 | INFO     | t=10080.0: LOCO[LOCO_01] → Allocated for parking transport
15:39:23 | INFO     | t=10080.0: TRACK[retrofit] → Removed 2 wagons (36.9m freed)
15:39:23 | INFO     | t=10080.0: DISPATCHER → Task submitted: retrofit_to_workshop (pending=3)
15:39:23 | INFO     | t=10083.0: LOCO[LOCO_02] → COUPLING at retrofit (2.0 min)
15:39:23 | INFO     | t=10085.0: LOCO[LOCO_02] → SHUNTING_PREP at retrofit (1.0 min)
15:39:23 | INFO     | t=10085.0: LOCO[LOCO_01] → TRAIN_PREP at retrofitted (coupling + prep, 3.0 min)
15:39:23 | INFO     | t=10091.0: LOCO[LOCO_02] → DECOUPLING at WS_02 (3.0 min)
15:39:23 | INFO     | t=10094.0: RAKE[W5612,W0928] → DECOUPLING at WS_02 (1 couplings, 3.0 min)
15:39:23 | INFO     | t=10097.0: WAGON[W5612] → RETROFIT_STARTED at WS_02
15:39:23 | INFO     | t=10097.0: WAGON[W0928] → RETROFIT_STARTED at WS_02
15:39:23 | INFO     | t=10102.0: DISPATCHER → Assigned loco LOCO_02 to retrofit_to_workshop (waited 22.0 min, pending=2)
15:39:23 | INFO     | t=10102.0: RAKE[W12177,W9237] → COUPLING at retrofit (1 couplings, 2.0 min)
15:39:23 | INFO     | t=10102.0: WAGON[W0888] → Retrieved from retrofit queue
15:39:23 | INFO     | t=10102.0: WORKSHOP → No workshop available, waiting...
15:39:23 | INFO     | t=10109.0: LOCO[LOCO_02] → COUPLING at retrofit (2.0 min)
15:39:23 | INFO     | t=10111.0: LOCO[LOCO_02] → SHUNTING_PREP at retrofit (1.0 min)
15:39:23 | INFO     | EVENT_PUBLISHED: TrainArrivedEvent | train=T134 | time=10112.0
15:39:23 | INFO     | EVENT_HANDLING: TrainArrivedEvent -> RetrofitWorkshopContext._handle_train_arrived
15:39:23 | INFO     | EVENT_HANDLED: TrainArrivedEvent by RetrofitWorkshopContext._handle_train_arrived
15:39:23 | INFO     | t=10117.0: LOCO[LOCO_02] → DECOUPLING at WS_01 (3.0 min)
15:39:23 | INFO     | t=10120.0: RAKE[W12177,W9237] → DECOUPLING at WS_01 (1 couplings, 3.0 min)
15:39:23 | INFO     | EVENT_PUBLISHED: TrainArrivedEvent | train=T135 | time=10122.8
15:39:23 | INFO     | EVENT_HANDLING: TrainArrivedEvent -> RetrofitWorkshopContext._handle_train_arrived
15:39:23 | INFO     | EVENT_HANDLED: TrainArrivedEvent by RetrofitWorkshopContext._handle_train_arrived
15:39:23 | INFO     | t=10123.0: WAGON[W12177] → RETROFIT_STARTED at WS_01
15:39:23 | INFO     | t=10123.0: WAGON[W9237] → RETROFIT_STARTED at WS_01
15:39:23 | INFO     | t=10128.0: DISPATCHER → Assigned loco LOCO_02 to collection_to_retrofit (waited 241.0 min, pending=1)
15:39:23 | INFO     | t=10157.0: RAKE[W5612,W0928] → COUPLING at WS_02 (1 couplings, 0.5 min)
15:39:23 | INFO     | t=10157.5: LOCO → Allocating for pickup from WS_02
15:39:23 | INFO     | t=10157.5: DISPATCHER → Task submitted: workshop_to_retrofitted (pending=2)
15:39:23 | INFO     | t=10163.0: LOCO[LOCO_01] → DECOUPLING at parking15 (2.0 min)
15:39:23 | INFO     | t=10165.0: RAKE[W9358,W11195,W0367,W11953] → DECOUPLING at parking15 (3 couplings, 1.5 min)
15:39:23 | INFO     | t=10183.0: RAKE[W12177,W9237] → COUPLING at WS_01 (1 couplings, 0.5 min)
15:39:23 | INFO     | t=10183.5: LOCO → Allocating for pickup from WS_01
15:39:23 | INFO     | t=10183.5: DISPATCHER → Task submitted: workshop_to_retrofitted (pending=3)
15:39:23 | INFO     | t=10188.0: LOCO[LOCO_02] → TRAIN_PREP at collection (coupling + prep, 17.0 min)
15:39:23 | INFO     | t=10226.5: LOCO[LOCO_01] → Releasing
15:39:23 | INFO     | t=10226.5: LOCO[LOCO_01] → Released
15:39:23 | INFO     | t=10226.5: PARKING → Got wagon W0411 from retrofitted
15:39:23 | INFO     | t=10226.5: DISPATCHER → Assigned loco LOCO_01 to workshop_to_retrofitted (waited 69.0 min, pending=2)
15:39:23 | INFO     | t=10226.5: LOCO[LOCO_01] → Allocated for pickup
15:39:23 | INFO     | t=10226.5: LOCO → Allocating for parking transport
15:39:23 | INFO     | t=10226.5: DISPATCHER → Task submitted: retrofitted_to_parking (pending=3)
15:39:23 | INFO     | EVENT_PUBLISHED: TrainArrivedEvent | train=T136 | time=10227.8
15:39:23 | INFO     | EVENT_HANDLING: TrainArrivedEvent -> RetrofitWorkshopContext._handle_train_arrived
15:39:23 | INFO     | EVENT_HANDLED: TrainArrivedEvent by RetrofitWorkshopContext._handle_train_arrived
15:39:23 | INFO     | t=10233.5: LOCO[LOCO_01] → TRAIN_PREP completed at WS_02 (2.0 min)
15:39:23 | INFO     | t=10238.5: BATCH → Putting 2 wagons on retrofitted track retrofitted
15:39:23 | INFO     | t=10238.5: WAGON[W5612] → Added to retrofitted track retrofitted
15:39:23 | INFO     | t=10238.5: WAGON[W0928] → Added to retrofitted track retrofitted
15:39:23 | INFO     | t=10243.5: WORKSHOP[WS_02] → Released, notifying 1 waiting processes
15:39:23 | INFO     | t=10243.5: WORKSHOP → Workshop became available
15:39:23 | INFO     | t=10243.5: WORKSHOP[WS_02] → Selected for batch
15:39:23 | INFO     | t=10243.5: DISPATCHER → Assigned loco LOCO_01 to workshop_to_retrofitted (waited 60.0 min, pending=2)
15:39:23 | INFO     | t=10243.5: WAGON[W5821] → Added to batch
15:39:23 | INFO     | t=10243.5: BATCH[W0888,W5821] → Formed 2 wagons for WS_02
15:39:23 | INFO     | t=10243.5: LOCO[LOCO_01] → Allocated for pickup
15:39:23 | INFO     | t=10243.5: TRACK[retrofit] → Removed 2 wagons (41.3m freed)
15:39:23 | INFO     | t=10243.5: DISPATCHER → Task submitted: retrofit_to_workshop (pending=3)
15:39:23 | INFO     | t=10250.5: LOCO[LOCO_01] → TRAIN_PREP completed at WS_01 (2.0 min)
15:39:23 | INFO     | EVENT_PUBLISHED: TrainArrivedEvent | train=T137 | time=10253.0
15:39:23 | INFO     | EVENT_HANDLING: TrainArrivedEvent -> RetrofitWorkshopContext._handle_train_arrived
15:39:23 | INFO     | EVENT_HANDLED: TrainArrivedEvent by RetrofitWorkshopContext._handle_train_arrived
15:39:23 | INFO     | t=10255.5: BATCH → Putting 2 wagons on retrofitted track retrofitted
15:39:23 | INFO     | t=10255.5: WAGON[W12177] → Added to retrofitted track retrofitted
15:39:23 | INFO     | t=10255.5: WAGON[W9237] → Added to retrofitted track retrofitted
15:39:23 | INFO     | t=10260.5: WORKSHOP[WS_01] → Released, notifying 0 waiting processes
15:39:23 | INFO     | t=10260.5: DISPATCHER → Assigned loco LOCO_01 to retrofit_to_workshop (waited 17.0 min, pending=2)
15:39:23 | INFO     | t=10260.5: RAKE[W0888,W5821] → COUPLING at retrofit (1 couplings, 2.0 min)
15:39:23 | INFO     | t=10260.5: WAGON[W6008] → Retrieved from retrofit queue
15:39:23 | INFO     | t=10260.5: WORKSHOP[WS_01] → Selected for batch
15:39:23 | INFO     | t=10260.5: WAGON[W0293] → Added to batch
15:39:23 | INFO     | t=10260.5: BATCH[W6008,W0293] → Formed 2 wagons for WS_01
15:39:23 | INFO     | t=10260.5: TRACK[retrofit] → Removed 2 wagons (28.3m freed)
15:39:23 | INFO     | t=10260.5: DISPATCHER → Task submitted: retrofit_to_workshop (pending=3)
15:39:23 | INFO     | t=10265.0: LOCO[LOCO_02] → DECOUPLING at retrofit (24.0 min)
15:39:23 | INFO     | t=10267.5: LOCO[LOCO_01] → COUPLING at retrofit (2.0 min)
15:39:23 | INFO     | t=10269.5: LOCO[LOCO_01] → SHUNTING_PREP at retrofit (1.0 min)
15:39:23 | INFO     | t=10275.5: LOCO[LOCO_01] → DECOUPLING at WS_02 (3.0 min)
15:39:23 | INFO     | t=10278.5: RAKE[W0888,W5821] → DECOUPLING at WS_02 (1 couplings, 3.0 min)
15:39:23 | INFO     | t=10281.5: WAGON[W0888] → RETROFIT_STARTED at WS_02
15:39:23 | INFO     | t=10281.5: WAGON[W5821] → RETROFIT_STARTED at WS_02
15:39:23 | INFO     | t=10286.5: DISPATCHER → Assigned loco LOCO_01 to retrofit_to_workshop (waited 26.0 min, pending=2)
15:39:23 | INFO     | t=10286.5: RAKE[W6008,W0293] → COUPLING at retrofit (1 couplings, 2.0 min)
15:39:23 | INFO     | t=10286.5: WAGON[W0167] → Retrieved from retrofit queue
15:39:23 | INFO     | t=10286.5: WORKSHOP → No workshop available, waiting...
15:39:23 | INFO     | t=10289.0: RAKE[W2853,W2415,W2112,W7400,W0606,W10249,W10814,W4915] → DECOUPLING at retrofit (7 couplings, 21.0 min)
15:39:23 | INFO     | t=10293.5: LOCO[LOCO_01] → COUPLING at retrofit (2.0 min)
15:39:23 | INFO     | t=10295.5: LOCO[LOCO_01] → SHUNTING_PREP at retrofit (1.0 min)
15:39:23 | INFO     | t=10301.5: LOCO[LOCO_01] → DECOUPLING at WS_01 (3.0 min)
15:39:23 | INFO     | t=10304.5: RAKE[W6008,W0293] → DECOUPLING at WS_01 (1 couplings, 3.0 min)
15:39:23 | INFO     | t=10307.5: WAGON[W6008] → RETROFIT_STARTED at WS_01
15:39:23 | INFO     | t=10307.5: WAGON[W0293] → RETROFIT_STARTED at WS_01
15:39:23 | INFO     | t=10312.5: DISPATCHER → Assigned loco LOCO_01 to retrofitted_to_parking (waited 86.0 min, pending=1)
15:39:23 | INFO     | t=10312.5: LOCO[LOCO_01] → Allocated for parking transport
15:39:23 | INFO     | t=10315.0: DISPATCHER → Assigned loco LOCO_02 to collection_to_retrofit (waited 239.0 min, pending=0)
15:39:23 | INFO     | t=10315.0: Batch size limited by retrofit capacity: 6 wagons (105.3m) fits, 15 waiting
15:39:23 | INFO     | t=10315.0: COLLECTION → Reserving retrofit track capacity for 6 wagons
15:39:23 | INFO     | t=10315.0: COLLECTION → Capacity reserved, allocating locomotive
15:39:23 | INFO     | t=10315.0: DISPATCHER → Task submitted: collection_to_retrofit (pending=1)
15:39:23 | INFO     | t=10317.5: LOCO[LOCO_01] → TRAIN_PREP at retrofitted (coupling + prep, 3.0 min)
15:39:23 | INFO     | t=10325.5: LOCO[LOCO_01] → DECOUPLING at parking9 (2.0 min)
15:39:23 | INFO     | t=10327.5: RAKE[W0411,W4337,W2166,W4457] → DECOUPLING at parking9 (3 couplings, 1.5 min)
15:39:23 | INFO     | t=10334.0: LOCO[LOCO_01] → Releasing
15:39:23 | INFO     | t=10334.0: LOCO[LOCO_01] → Released
15:39:23 | INFO     | t=10334.0: PARKING → Got wagon W5612 from retrofitted
15:39:23 | INFO     | t=10334.0: DISPATCHER → Assigned loco LOCO_01 to collection_to_retrofit (waited 19.0 min, pending=0)
15:39:23 | INFO     | t=10334.0: LOCO → Allocating for parking transport
15:39:23 | INFO     | t=10334.0: DISPATCHER → Task submitted: retrofitted_to_parking (pending=1)
15:39:23 | INFO     | t=10341.5: RAKE[W0888,W5821] → COUPLING at WS_02 (1 couplings, 0.5 min)
15:39:23 | INFO     | t=10342.0: LOCO → Allocating for pickup from WS_02
15:39:23 | INFO     | t=10342.0: DISPATCHER → Task submitted: workshop_to_retrofitted (pending=2)
15:39:23 | INFO     | t=10367.5: RAKE[W6008,W0293] → COUPLING at WS_01 (1 couplings, 0.5 min)
15:39:23 | INFO     | t=10368.0: LOCO → Allocating for pickup from WS_01
15:39:23 | INFO     | t=10368.0: DISPATCHER → Task submitted: workshop_to_retrofitted (pending=3)
15:39:23 | INFO     | t=10375.0: LOCO[LOCO_02] → TRAIN_PREP at collection (coupling + prep, 5.0 min)
15:39:23 | INFO     | t=10394.0: LOCO[LOCO_01] → TRAIN_PREP at collection (coupling + prep, 13.0 min)
15:39:23 | INFO     | EVENT_PUBLISHED: TrainArrivedEvent | train=T138 | time=10420.2
15:39:23 | INFO     | EVENT_HANDLING: TrainArrivedEvent -> RetrofitWorkshopContext._handle_train_arrived
15:39:23 | INFO     | EVENT_HANDLED: TrainArrivedEvent by RetrofitWorkshopContext._handle_train_arrived
15:39:23 | INFO     | EVENT_PUBLISHED: TrainArrivedEvent | train=T139 | time=10423.5
15:39:23 | INFO     | EVENT_HANDLING: TrainArrivedEvent -> RetrofitWorkshopContext._handle_train_arrived
15:39:23 | INFO     | EVENT_HANDLED: TrainArrivedEvent by RetrofitWorkshopContext._handle_train_arrived
15:39:23 | INFO     | EVENT_PUBLISHED: TrainArrivedEvent | train=T140 | time=10430.2
15:39:23 | INFO     | EVENT_HANDLING: TrainArrivedEvent -> RetrofitWorkshopContext._handle_train_arrived
15:39:23 | INFO     | EVENT_HANDLED: TrainArrivedEvent by RetrofitWorkshopContext._handle_train_arrived
15:39:23 | INFO     | t=10440.0: LOCO[LOCO_02] → DECOUPLING at retrofit (6.0 min)
15:39:23 | INFO     | t=10446.0: RAKE[W0128,W5989] → DECOUPLING at retrofit (1 couplings, 3.0 min)
15:39:23 | INFO     | t=10454.0: Batch size limited by retrofit capacity: 1 wagons (16.4m) fits, 19 waiting
15:39:23 | INFO     | t=10454.0: DISPATCHER → Assigned loco LOCO_02 to workshop_to_retrofitted (waited 112.0 min, pending=2)
15:39:23 | INFO     | t=10454.0: COLLECTION → Reserving retrofit track capacity for 1 wagons
15:39:23 | INFO     | t=10454.0: LOCO[LOCO_02] → Allocated for pickup
15:39:23 | INFO     | t=10461.0: LOCO[LOCO_02] → TRAIN_PREP completed at WS_02 (2.0 min)
15:39:23 | INFO     | t=10466.0: BATCH → Putting 2 wagons on retrofitted track retrofitted
15:39:23 | INFO     | t=10466.0: WAGON[W0888] → Added to retrofitted track retrofitted
15:39:23 | INFO     | t=10466.0: WAGON[W5821] → Added to retrofitted track retrofitted
15:39:23 | INFO     | t=10467.0: LOCO[LOCO_01] → DECOUPLING at retrofit (18.0 min)
15:39:23 | INFO     | t=10471.0: WORKSHOP[WS_02] → Released, notifying 1 waiting processes
15:39:23 | INFO     | t=10471.0: WORKSHOP → Workshop became available
15:39:23 | INFO     | t=10471.0: WORKSHOP[WS_02] → Selected for batch
15:39:23 | INFO     | t=10471.0: DISPATCHER → Assigned loco LOCO_02 to workshop_to_retrofitted (waited 103.0 min, pending=1)
15:39:23 | INFO     | t=10471.0: WAGON[W2853] → Added to batch
15:39:23 | INFO     | t=10471.0: BATCH[W0167,W2853] → Formed 2 wagons for WS_02
15:39:23 | INFO     | t=10471.0: LOCO[LOCO_02] → Allocated for pickup
15:39:23 | INFO     | t=10471.0: TRACK[retrofit] → Removed 2 wagons (38.8m freed)
15:39:23 | INFO     | t=10471.0: DISPATCHER → Task submitted: retrofit_to_workshop (pending=2)
15:39:23 | INFO     | t=10471.0: COLLECTION → Capacity reserved, allocating locomotive
15:39:23 | INFO     | t=10471.0: DISPATCHER → Task submitted: collection_to_retrofit (pending=3)
15:39:23 | INFO     | t=10478.0: LOCO[LOCO_02] → TRAIN_PREP completed at WS_01 (2.0 min)
15:39:23 | INFO     | t=10483.0: BATCH → Putting 2 wagons on retrofitted track retrofitted
15:39:23 | INFO     | t=10483.0: WAGON[W6008] → Added to retrofitted track retrofitted
15:39:23 | INFO     | t=10483.0: WAGON[W0293] → Added to retrofitted track retrofitted
15:39:23 | INFO     | t=10485.0: RAKE[W0881,W9355,W0680,W11050,W12319,W6704] → DECOUPLING at retrofit (5 couplings, 15.0 min)
15:39:23 | INFO     | t=10488.0: WORKSHOP[WS_01] → Released, notifying 0 waiting processes
15:39:23 | INFO     | t=10488.0: DISPATCHER → Assigned loco LOCO_02 to retrofit_to_workshop (waited 17.0 min, pending=2)
15:39:23 | INFO     | t=10488.0: RAKE[W0167,W2853] → COUPLING at retrofit (1 couplings, 2.0 min)
15:39:23 | INFO     | t=10488.0: WAGON[W2415] → Retrieved from retrofit queue
15:39:23 | INFO     | t=10488.0: WORKSHOP[WS_01] → Selected for batch
15:39:23 | INFO     | t=10488.0: WAGON[W2112] → Added to batch
15:39:23 | INFO     | t=10488.0: BATCH[W2415,W2112] → Formed 2 wagons for WS_01
15:39:23 | INFO     | t=10488.0: TRACK[retrofit] → Removed 2 wagons (31.8m freed)
15:39:23 | INFO     | t=10488.0: DISPATCHER → Task submitted: retrofit_to_workshop (pending=3)
15:39:23 | INFO     | t=10495.0: LOCO[LOCO_02] → COUPLING at retrofit (2.0 min)
15:39:23 | INFO     | t=10497.0: LOCO[LOCO_02] → SHUNTING_PREP at retrofit (1.0 min)
15:39:23 | INFO     | EVENT_PUBLISHED: TrainArrivedEvent | train=T141 | time=10500.0
15:39:23 | INFO     | EVENT_HANDLING: TrainArrivedEvent -> RetrofitWorkshopContext._handle_train_arrived
15:39:23 | INFO     | EVENT_HANDLED: TrainArrivedEvent by RetrofitWorkshopContext._handle_train_arrived
15:39:23 | INFO     | t=10503.0: LOCO[LOCO_02] → DECOUPLING at WS_02 (3.0 min)
15:39:23 | INFO     | t=10505.0: DISPATCHER → Assigned loco LOCO_01 to retrofit_to_workshop (waited 17.0 min, pending=2)
15:39:23 | INFO     | t=10505.0: RAKE[W2415,W2112] → COUPLING at retrofit (1 couplings, 2.0 min)
15:39:23 | INFO     | t=10505.0: Batch size limited by retrofit capacity: 3 wagons (52.6m) fits, 16 waiting
15:39:23 | INFO     | t=10505.0: WAGON[W7400] → Retrieved from retrofit queue
15:39:23 | INFO     | t=10505.0: WORKSHOP → No workshop available, waiting...
15:39:23 | INFO     | t=10505.0: COLLECTION → Reserving retrofit track capacity for 3 wagons
15:39:23 | INFO     | t=10505.0: COLLECTION → Capacity reserved, allocating locomotive
15:39:23 | INFO     | t=10505.0: DISPATCHER → Task submitted: collection_to_retrofit (pending=3)
15:39:23 | INFO     | t=10506.0: RAKE[W0167,W2853] → DECOUPLING at WS_02 (1 couplings, 3.0 min)
15:39:23 | INFO     | t=10509.0: WAGON[W0167] → RETROFIT_STARTED at WS_02
15:39:23 | INFO     | t=10509.0: WAGON[W2853] → RETROFIT_STARTED at WS_02
15:39:23 | INFO     | t=10512.0: LOCO[LOCO_01] → COUPLING at retrofit (2.0 min)
15:39:23 | INFO     | t=10514.0: LOCO[LOCO_01] → SHUNTING_PREP at retrofit (1.0 min)
15:39:23 | INFO     | t=10514.0: DISPATCHER → Assigned loco LOCO_02 to retrofitted_to_parking (waited 180.0 min, pending=2)
15:39:23 | INFO     | t=10514.0: LOCO[LOCO_02] → Allocated for parking transport
15:39:23 | INFO     | t=10519.0: LOCO[LOCO_02] → TRAIN_PREP at retrofitted (coupling + prep, 3.0 min)
15:39:23 | INFO     | t=10520.0: LOCO[LOCO_01] → DECOUPLING at WS_01 (3.0 min)
15:39:23 | INFO     | t=10523.0: RAKE[W2415,W2112] → DECOUPLING at WS_01 (1 couplings, 3.0 min)
15:39:23 | INFO     | t=10526.0: WAGON[W2415] → RETROFIT_STARTED at WS_01
15:39:23 | INFO     | t=10526.0: WAGON[W2112] → RETROFIT_STARTED at WS_01
15:39:23 | INFO     | t=10531.0: DISPATCHER → Assigned loco LOCO_01 to collection_to_retrofit (waited 60.0 min, pending=1)
15:39:23 | INFO     | t=10569.0: RAKE[W0167,W2853] → COUPLING at WS_02 (1 couplings, 0.5 min)
15:39:23 | INFO     | t=10569.5: LOCO → Allocating for pickup from WS_02
15:39:23 | INFO     | t=10569.5: DISPATCHER → Task submitted: workshop_to_retrofitted (pending=2)
15:39:23 | INFO     | t=10582.0: LOCO[LOCO_02] → DECOUPLING at parking11 (2.0 min)
15:39:23 | INFO     | t=10584.0: RAKE[W5612,W0928,W12177,W9237] → DECOUPLING at parking11 (3 couplings, 1.5 min)
15:39:23 | INFO     | t=10586.0: RAKE[W2415,W2112] → COUPLING at WS_01 (1 couplings, 0.5 min)
15:39:23 | INFO     | t=10586.5: LOCO → Allocating for pickup from WS_01
15:39:23 | INFO     | t=10586.5: DISPATCHER → Task submitted: workshop_to_retrofitted (pending=3)
15:39:23 | INFO     | t=10591.0: LOCO[LOCO_01] → TRAIN_PREP at collection (coupling + prep, 3.0 min)
15:39:23 | INFO     | EVENT_PUBLISHED: TrainArrivedEvent | train=T142 | time=10593.5
15:39:23 | INFO     | EVENT_HANDLING: TrainArrivedEvent -> RetrofitWorkshopContext._handle_train_arrived
15:39:23 | INFO     | EVENT_HANDLED: TrainArrivedEvent by RetrofitWorkshopContext._handle_train_arrived
15:39:23 | INFO     | EVENT_PUBLISHED: TrainArrivedEvent | train=T143 | time=10616.5
15:39:23 | INFO     | EVENT_HANDLING: TrainArrivedEvent -> RetrofitWorkshopContext._handle_train_arrived
15:39:23 | INFO     | EVENT_HANDLED: TrainArrivedEvent by RetrofitWorkshopContext._handle_train_arrived
15:39:23 | INFO     | t=10645.5: LOCO[LOCO_02] → Releasing
15:39:23 | INFO     | t=10645.5: LOCO[LOCO_02] → Released
15:39:23 | INFO     | t=10645.5: PARKING → Got wagon W0888 from retrofitted
15:39:23 | INFO     | t=10645.5: DISPATCHER → Assigned loco LOCO_02 to workshop_to_retrofitted (waited 76.0 min, pending=2)
15:39:23 | INFO     | t=10645.5: LOCO[LOCO_02] → Allocated for pickup
15:39:23 | INFO     | t=10645.5: LOCO → Allocating for parking transport
15:39:23 | INFO     | t=10645.5: DISPATCHER → Task submitted: retrofitted_to_parking (pending=3)
15:39:23 | INFO     | t=10652.5: LOCO[LOCO_02] → TRAIN_PREP completed at WS_02 (2.0 min)
15:39:23 | INFO     | t=10654.0: LOCO[LOCO_01] → DECOUPLING at retrofit (3.0 min)
15:39:23 | INFO     | t=10657.0: RAKE[W5415] → DECOUPLING at retrofit (0 couplings, 0.0 min)
15:39:23 | INFO     | t=10657.5: BATCH → Putting 2 wagons on retrofitted track retrofitted
15:39:23 | INFO     | t=10657.5: WAGON[W0167] → Added to retrofitted track retrofitted
15:39:23 | INFO     | t=10657.5: WAGON[W2853] → Added to retrofitted track retrofitted
15:39:23 | INFO     | t=10662.0: Batch size limited by retrofit capacity: 1 wagons (23.2m) fits, 19 waiting
15:39:23 | INFO     | t=10662.0: DISPATCHER → Assigned loco LOCO_01 to workshop_to_retrofitted (waited 75.5 min, pending=2)
15:39:23 | INFO     | t=10662.0: COLLECTION → Reserving retrofit track capacity for 1 wagons
15:39:23 | INFO     | t=10662.0: LOCO[LOCO_01] → Allocated for pickup
15:39:23 | INFO     | t=10662.5: WORKSHOP[WS_02] → Released, notifying 1 waiting processes
15:39:23 | INFO     | t=10662.5: WORKSHOP → Workshop became available
15:39:23 | INFO     | t=10662.5: WORKSHOP[WS_02] → Selected for batch
15:39:23 | INFO     | t=10662.5: DISPATCHER → Assigned loco LOCO_02 to retrofitted_to_parking (waited 17.0 min, pending=1)
15:39:23 | INFO     | t=10662.5: WAGON[W0606] → Added to batch
15:39:23 | INFO     | t=10662.5: BATCH[W7400,W0606] → Formed 2 wagons for WS_02
15:39:23 | INFO     | t=10662.5: LOCO[LOCO_02] → Allocated for parking transport
15:39:23 | INFO     | t=10662.5: TRACK[retrofit] → Removed 2 wagons (48.6m freed)
15:39:23 | INFO     | t=10662.5: DISPATCHER → Task submitted: retrofit_to_workshop (pending=2)
15:39:23 | INFO     | t=10662.5: COLLECTION → Capacity reserved, allocating locomotive
15:39:23 | INFO     | t=10662.5: DISPATCHER → Task submitted: collection_to_retrofit (pending=3)
15:39:23 | INFO     | t=10667.5: LOCO[LOCO_02] → TRAIN_PREP at retrofitted (coupling + prep, 3.0 min)
15:39:23 | INFO     | t=10669.0: LOCO[LOCO_01] → TRAIN_PREP completed at WS_01 (2.0 min)
15:39:23 | INFO     | t=10674.0: BATCH → Putting 2 wagons on retrofitted track retrofitted
15:39:23 | INFO     | t=10674.0: WAGON[W2415] → Added to retrofitted track retrofitted
15:39:23 | INFO     | t=10674.0: WAGON[W2112] → Added to retrofitted track retrofitted
15:39:23 | INFO     | t=10679.0: WORKSHOP[WS_01] → Released, notifying 0 waiting processes
15:39:23 | INFO     | t=10679.0: DISPATCHER → Assigned loco LOCO_01 to retrofit_to_workshop (waited 16.5 min, pending=2)
15:39:23 | INFO     | t=10679.0: RAKE[W7400,W0606] → COUPLING at retrofit (1 couplings, 2.0 min)
15:39:23 | INFO     | t=10679.0: WAGON[W10249] → Retrieved from retrofit queue
15:39:23 | INFO     | t=10679.0: WORKSHOP[WS_01] → Selected for batch
15:39:23 | INFO     | t=10679.0: WAGON[W10814] → Added to batch
15:39:23 | INFO     | t=10679.0: BATCH[W10249,W10814] → Formed 2 wagons for WS_01
15:39:23 | INFO     | t=10679.0: TRACK[retrofit] → Removed 2 wagons (37.7m freed)
15:39:23 | INFO     | t=10679.0: DISPATCHER → Task submitted: retrofit_to_workshop (pending=3)
15:39:23 | INFO     | t=10686.0: LOCO[LOCO_01] → COUPLING at retrofit (2.0 min)
15:39:23 | INFO     | t=10688.0: LOCO[LOCO_01] → SHUNTING_PREP at retrofit (1.0 min)
15:39:23 | INFO     | t=10694.0: LOCO[LOCO_01] → DECOUPLING at WS_02 (3.0 min)
15:39:23 | INFO     | t=10697.0: RAKE[W7400,W0606] → DECOUPLING at WS_02 (1 couplings, 3.0 min)
15:39:23 | INFO     | t=10700.0: WAGON[W7400] → RETROFIT_STARTED at WS_02
15:39:23 | INFO     | t=10700.0: WAGON[W0606] → RETROFIT_STARTED at WS_02
15:39:23 | INFO     | t=10705.0: DISPATCHER → Assigned loco LOCO_01 to retrofit_to_workshop (waited 26.0 min, pending=2)
15:39:23 | INFO     | t=10705.0: RAKE[W10249,W10814] → COUPLING at retrofit (1 couplings, 2.0 min)
15:39:23 | INFO     | t=10705.0: WAGON[W4915] → Retrieved from retrofit queue
15:39:23 | INFO     | t=10705.0: WORKSHOP → No workshop available, waiting...
15:39:23 | INFO     | t=10712.0: LOCO[LOCO_01] → COUPLING at retrofit (2.0 min)
15:39:23 | INFO     | t=10714.0: LOCO[LOCO_01] → SHUNTING_PREP at retrofit (1.0 min)
15:39:23 | INFO     | t=10720.0: LOCO[LOCO_01] → DECOUPLING at WS_01 (3.0 min)
15:39:23 | INFO     | t=10723.0: RAKE[W10249,W10814] → DECOUPLING at WS_01 (1 couplings, 3.0 min)
15:39:23 | INFO     | t=10726.0: WAGON[W10249] → RETROFIT_STARTED at WS_01
15:39:23 | INFO     | t=10726.0: WAGON[W10814] → RETROFIT_STARTED at WS_01
15:39:23 | INFO     | t=10730.5: LOCO[LOCO_02] → DECOUPLING at parking10 (2.0 min)
15:39:23 | INFO     | t=10731.0: DISPATCHER → Assigned loco LOCO_01 to collection_to_retrofit (waited 226.0 min, pending=1)
15:39:23 | INFO     | t=10732.5: RAKE[W0888,W5821,W6008,W0293] → DECOUPLING at parking10 (3 couplings, 1.5 min)
15:39:23 | INFO     | t=10760.0: RAKE[W7400,W0606] → COUPLING at WS_02 (1 couplings, 0.5 min)
15:39:23 | INFO     | t=10760.5: LOCO → Allocating for pickup from WS_02
15:39:23 | INFO     | t=10760.5: DISPATCHER → Task submitted: workshop_to_retrofitted (pending=2)
15:39:23 | INFO     | t=10786.0: RAKE[W10249,W10814] → COUPLING at WS_01 (1 couplings, 0.5 min)
15:39:23 | INFO     | t=10786.5: LOCO → Allocating for pickup from WS_01
15:39:23 | INFO     | t=10786.5: DISPATCHER → Task submitted: workshop_to_retrofitted (pending=3)
15:39:23 | INFO     | EVENT_PUBLISHED: TrainArrivedEvent | train=T144 | time=10788.0
15:39:23 | INFO     | EVENT_HANDLING: TrainArrivedEvent -> RetrofitWorkshopContext._handle_train_arrived
15:39:23 | INFO     | EVENT_HANDLED: TrainArrivedEvent by RetrofitWorkshopContext._handle_train_arrived
15:39:23 | INFO     | t=10791.0: LOCO[LOCO_01] → TRAIN_PREP at collection (coupling + prep, 7.0 min)
15:39:23 | INFO     | EVENT_PUBLISHED: TrainArrivedEvent | train=T145 | time=10793.2
15:39:23 | INFO     | EVENT_HANDLING: TrainArrivedEvent -> RetrofitWorkshopContext._handle_train_arrived
15:39:23 | INFO     | EVENT_HANDLED: TrainArrivedEvent by RetrofitWorkshopContext._handle_train_arrived
15:39:23 | INFO     | t=10794.0: LOCO[LOCO_02] → Releasing
15:39:23 | INFO     | t=10794.0: LOCO[LOCO_02] → Released
15:39:23 | INFO     | t=10794.0: PARKING → Got wagon W0167 from retrofitted
15:39:23 | INFO     | t=10794.0: DISPATCHER → Assigned loco LOCO_02 to workshop_to_retrofitted (waited 33.5 min, pending=2)
15:39:23 | INFO     | t=10794.0: LOCO[LOCO_02] → Allocated for pickup
15:39:23 | INFO     | t=10794.0: LOCO → Allocating for parking transport
15:39:23 | INFO     | t=10794.0: DISPATCHER → Task submitted: retrofitted_to_parking (pending=3)
15:39:23 | INFO     | EVENT_PUBLISHED: TrainArrivedEvent | train=T146 | time=10795.0
15:39:23 | INFO     | EVENT_HANDLING: TrainArrivedEvent -> RetrofitWorkshopContext._handle_train_arrived
15:39:23 | INFO     | EVENT_HANDLED: TrainArrivedEvent by RetrofitWorkshopContext._handle_train_arrived
15:39:23 | INFO     | EVENT_PUBLISHED: TrainArrivedEvent | train=T147 | time=10796.8
15:39:23 | INFO     | EVENT_HANDLING: TrainArrivedEvent -> RetrofitWorkshopContext._handle_train_arrived
15:39:23 | INFO     | EVENT_HANDLED: TrainArrivedEvent by RetrofitWorkshopContext._handle_train_arrived
15:39:23 | INFO     | t=10801.0: LOCO[LOCO_02] → TRAIN_PREP completed at WS_02 (2.0 min)
15:39:23 | INFO     | t=10806.0: BATCH → Putting 2 wagons on retrofitted track retrofitted
15:39:23 | INFO     | t=10806.0: WAGON[W7400] → Added to retrofitted track retrofitted
15:39:23 | INFO     | t=10806.0: WAGON[W0606] → Added to retrofitted track retrofitted
15:39:23 | INFO     | t=10811.0: WORKSHOP[WS_02] → Released, notifying 1 waiting processes
15:39:23 | INFO     | t=10811.0: WORKSHOP → Workshop became available
15:39:23 | INFO     | t=10811.0: WORKSHOP[WS_02] → Selected for batch
15:39:23 | INFO     | t=10811.0: DISPATCHER → Assigned loco LOCO_02 to workshop_to_retrofitted (waited 24.5 min, pending=2)
15:39:23 | INFO     | t=10811.0: WAGON[W0128] → Added to batch
15:39:23 | INFO     | t=10811.0: BATCH[W4915,W0128] → Formed 2 wagons for WS_02
15:39:23 | INFO     | t=10811.0: LOCO[LOCO_02] → Allocated for pickup
15:39:23 | INFO     | t=10811.0: TRACK[retrofit] → Removed 2 wagons (27.5m freed)
15:39:23 | INFO     | t=10811.0: DISPATCHER → Task submitted: retrofit_to_workshop (pending=3)
15:39:23 | INFO     | t=10818.0: LOCO[LOCO_02] → TRAIN_PREP completed at WS_01 (2.0 min)
15:39:23 | INFO     | t=10823.0: BATCH → Putting 2 wagons on retrofitted track retrofitted
15:39:23 | INFO     | t=10823.0: WAGON[W10249] → Added to retrofitted track retrofitted
15:39:23 | INFO     | t=10823.0: WAGON[W10814] → Added to retrofitted track retrofitted
15:39:23 | INFO     | t=10828.0: WORKSHOP[WS_01] → Released, notifying 0 waiting processes
15:39:23 | INFO     | t=10828.0: DISPATCHER → Assigned loco LOCO_02 to retrofit_to_workshop (waited 17.0 min, pending=2)
15:39:23 | INFO     | t=10828.0: RAKE[W4915,W0128] → COUPLING at retrofit (1 couplings, 2.0 min)
15:39:23 | INFO     | t=10828.0: WAGON[W5989] → Retrieved from retrofit queue
15:39:23 | INFO     | t=10828.0: WORKSHOP[WS_01] → Selected for batch
15:39:23 | INFO     | t=10828.0: WAGON[W0881] → Added to batch
15:39:23 | INFO     | t=10828.0: BATCH[W5989,W0881] → Formed 2 wagons for WS_01
15:39:23 | INFO     | t=10828.0: TRACK[retrofit] → Removed 2 wagons (24.9m freed)
15:39:23 | INFO     | t=10828.0: DISPATCHER → Task submitted: retrofit_to_workshop (pending=3)
15:39:23 | INFO     | t=10835.0: LOCO[LOCO_02] → COUPLING at retrofit (2.0 min)
15:39:23 | INFO     | t=10837.0: LOCO[LOCO_02] → SHUNTING_PREP at retrofit (1.0 min)
15:39:23 | INFO     | EVENT_PUBLISHED: TrainArrivedEvent | train=T148 | time=10842.8
15:39:23 | INFO     | EVENT_HANDLING: TrainArrivedEvent -> RetrofitWorkshopContext._handle_train_arrived
15:39:23 | INFO     | EVENT_HANDLED: TrainArrivedEvent by RetrofitWorkshopContext._handle_train_arrived
15:39:23 | INFO     | t=10843.0: LOCO[LOCO_02] → DECOUPLING at WS_02 (3.0 min)
15:39:23 | INFO     | t=10846.0: RAKE[W4915,W0128] → DECOUPLING at WS_02 (1 couplings, 3.0 min)
15:39:23 | INFO     | t=10849.0: WAGON[W4915] → RETROFIT_STARTED at WS_02
15:39:23 | INFO     | t=10849.0: WAGON[W0128] → RETROFIT_STARTED at WS_02
15:39:23 | INFO     | t=10854.0: DISPATCHER → Assigned loco LOCO_02 to retrofit_to_workshop (waited 26.0 min, pending=2)
15:39:23 | INFO     | t=10854.0: RAKE[W5989,W0881] → COUPLING at retrofit (1 couplings, 2.0 min)
15:39:23 | INFO     | t=10854.0: WAGON[W9355] → Retrieved from retrofit queue
15:39:23 | INFO     | t=10854.0: WORKSHOP → No workshop available, waiting...
15:39:23 | INFO     | t=10858.0: LOCO[LOCO_01] → DECOUPLING at retrofit (9.0 min)
15:39:23 | INFO     | EVENT_PUBLISHED: TrainArrivedEvent | train=T149 | time=10860.2
15:39:23 | INFO     | EVENT_HANDLING: TrainArrivedEvent -> RetrofitWorkshopContext._handle_train_arrived
15:39:23 | INFO     | EVENT_HANDLED: TrainArrivedEvent by RetrofitWorkshopContext._handle_train_arrived
15:39:23 | INFO     | t=10861.0: LOCO[LOCO_02] → COUPLING at retrofit (2.0 min)
15:39:23 | INFO     | t=10863.0: LOCO[LOCO_02] → SHUNTING_PREP at retrofit (1.0 min)
15:39:23 | INFO     | t=10867.0: RAKE[W10772,W5316,W9043] → DECOUPLING at retrofit (2 couplings, 6.0 min)
15:39:23 | INFO     | t=10869.0: LOCO[LOCO_02] → DECOUPLING at WS_01 (3.0 min)
15:39:23 | INFO     | t=10872.0: RAKE[W5989,W0881] → DECOUPLING at WS_01 (1 couplings, 3.0 min)
15:39:23 | INFO     | t=10875.0: WAGON[W5989] → RETROFIT_STARTED at WS_01
15:39:23 | INFO     | t=10875.0: WAGON[W0881] → RETROFIT_STARTED at WS_01
15:39:23 | INFO     | t=10878.0: DISPATCHER → Assigned loco LOCO_01 to retrofitted_to_parking (waited 84.0 min, pending=1)
15:39:23 | INFO     | t=10878.0: LOCO[LOCO_01] → Allocated for parking transport
15:39:23 | INFO     | t=10878.0: Batch size limited by retrofit capacity: 7 wagons (120.9m) fits, 13 waiting
15:39:23 | INFO     | t=10878.0: COLLECTION → Reserving retrofit track capacity for 7 wagons
15:39:23 | INFO     | t=10878.0: COLLECTION → Capacity reserved, allocating locomotive
15:39:23 | INFO     | t=10878.0: DISPATCHER → Task submitted: collection_to_retrofit (pending=2)
15:39:23 | INFO     | t=10880.0: DISPATCHER → Assigned loco LOCO_02 to collection_to_retrofit (waited 217.5 min, pending=1)
15:39:23 | INFO     | t=10883.0: LOCO[LOCO_01] → TRAIN_PREP at retrofitted (coupling + prep, 3.0 min)
15:39:23 | INFO     | t=10909.0: RAKE[W4915,W0128] → COUPLING at WS_02 (1 couplings, 0.5 min)
15:39:23 | INFO     | t=10909.5: LOCO → Allocating for pickup from WS_02
15:39:23 | INFO     | t=10909.5: DISPATCHER → Task submitted: workshop_to_retrofitted (pending=2)
15:39:23 | INFO     | t=10935.0: RAKE[W5989,W0881] → COUPLING at WS_01 (1 couplings, 0.5 min)
15:39:23 | INFO     | t=10935.5: LOCO → Allocating for pickup from WS_01
15:39:23 | INFO     | t=10935.5: DISPATCHER → Task submitted: workshop_to_retrofitted (pending=3)
15:39:23 | INFO     | t=10940.0: LOCO[LOCO_02] → TRAIN_PREP at collection (coupling + prep, 3.0 min)
15:39:23 | INFO     | EVENT_PUBLISHED: TrainArrivedEvent | train=T150 | time=10947.8
15:39:23 | INFO     | EVENT_HANDLING: TrainArrivedEvent -> RetrofitWorkshopContext._handle_train_arrived
15:39:23 | INFO     | EVENT_HANDLED: TrainArrivedEvent by RetrofitWorkshopContext._handle_train_arrived
15:39:23 | INFO     | t=10961.0: LOCO[LOCO_01] → DECOUPLING at parking14 (2.0 min)
15:39:23 | INFO     | t=10963.0: RAKE[W0167,W2853,W2415,W2112] → DECOUPLING at parking14 (3 couplings, 1.5 min)
15:39:23 | INFO     | EVENT_PUBLISHED: TrainArrivedEvent | train=T151 | time=10973.8
15:39:23 | INFO     | EVENT_HANDLING: TrainArrivedEvent -> RetrofitWorkshopContext._handle_train_arrived
15:39:23 | INFO     | EVENT_HANDLED: TrainArrivedEvent by RetrofitWorkshopContext._handle_train_arrived
15:39:23 | INFO     | t=11003.0: LOCO[LOCO_02] → DECOUPLING at retrofit (3.0 min)
15:39:23 | INFO     | t=11006.0: RAKE[W12031] → DECOUPLING at retrofit (0 couplings, 0.0 min)
15:39:23 | INFO     | t=11011.0: Batch size limited by retrofit capacity: 1 wagons (23.2m) fits, 19 waiting
15:39:23 | INFO     | t=11011.0: DISPATCHER → Assigned loco LOCO_02 to workshop_to_retrofitted (waited 101.5 min, pending=2)
15:39:23 | INFO     | t=11011.0: COLLECTION → Reserving retrofit track capacity for 1 wagons
15:39:23 | INFO     | t=11011.0: LOCO[LOCO_02] → Allocated for pickup
15:39:23 | INFO     | t=11018.0: LOCO[LOCO_02] → TRAIN_PREP completed at WS_02 (2.0 min)
15:39:23 | INFO     | t=11023.0: BATCH → Putting 2 wagons on retrofitted track retrofitted
15:39:23 | INFO     | t=11023.0: WAGON[W4915] → Added to retrofitted track retrofitted
15:39:23 | INFO     | t=11023.0: WAGON[W0128] → Added to retrofitted track retrofitted
15:39:23 | INFO     | t=11024.5: LOCO[LOCO_01] → Releasing
15:39:23 | INFO     | t=11024.5: LOCO[LOCO_01] → Released
15:39:23 | INFO     | t=11024.5: PARKING → Got wagon W7400 from retrofitted
15:39:23 | INFO     | t=11024.5: DISPATCHER → Assigned loco LOCO_01 to workshop_to_retrofitted (waited 89.0 min, pending=1)
15:39:23 | INFO     | t=11024.5: LOCO[LOCO_01] → Allocated for pickup
15:39:23 | INFO     | t=11024.5: LOCO → Allocating for parking transport
15:39:23 | INFO     | t=11024.5: DISPATCHER → Task submitted: retrofitted_to_parking (pending=2)
15:39:23 | INFO     | t=11028.0: WORKSHOP[WS_02] → Released, notifying 1 waiting processes
15:39:23 | INFO     | t=11028.0: WORKSHOP → Workshop became available
15:39:23 | INFO     | t=11028.0: WORKSHOP[WS_02] → Selected for batch
15:39:23 | INFO     | t=11028.0: DISPATCHER → Assigned loco LOCO_02 to retrofitted_to_parking (waited 3.5 min, pending=1)
15:39:23 | INFO     | t=11028.0: WAGON[W0680] → Added to batch
15:39:23 | INFO     | t=11028.0: BATCH[W9355,W0680] → Formed 2 wagons for WS_02
15:39:23 | INFO     | t=11028.0: LOCO[LOCO_02] → Allocated for parking transport
15:39:23 | INFO     | t=11028.0: TRACK[retrofit] → Removed 2 wagons (42.9m freed)
15:39:23 | INFO     | t=11028.0: DISPATCHER → Task submitted: retrofit_to_workshop (pending=2)
15:39:23 | INFO     | t=11028.0: COLLECTION → Capacity reserved, allocating locomotive
15:39:23 | INFO     | t=11028.0: DISPATCHER → Task submitted: collection_to_retrofit (pending=3)
15:39:23 | INFO     | t=11031.5: LOCO[LOCO_01] → TRAIN_PREP completed at WS_01 (2.0 min)
15:39:23 | INFO     | t=11033.0: LOCO[LOCO_02] → TRAIN_PREP at retrofitted (coupling + prep, 4.0 min)
15:39:23 | INFO     | t=11036.5: BATCH → Putting 2 wagons on retrofitted track retrofitted
15:39:23 | INFO     | t=11036.5: WAGON[W5989] → Added to retrofitted track retrofitted
15:39:23 | INFO     | t=11036.5: WAGON[W0881] → Added to retrofitted track retrofitted
15:39:23 | INFO     | t=11041.5: WORKSHOP[WS_01] → Released, notifying 0 waiting processes
15:39:23 | INFO     | t=11041.5: DISPATCHER → Assigned loco LOCO_01 to retrofit_to_workshop (waited 13.5 min, pending=2)
15:39:23 | INFO     | t=11041.5: RAKE[W9355,W0680] → COUPLING at retrofit (1 couplings, 2.0 min)
15:39:23 | INFO     | t=11041.5: WAGON[W11050] → Retrieved from retrofit queue
15:39:23 | INFO     | t=11041.5: WORKSHOP[WS_01] → Selected for batch
15:39:23 | INFO     | t=11041.5: WAGON[W12319] → Added to batch
15:39:23 | INFO     | t=11041.5: BATCH[W11050,W12319] → Formed 2 wagons for WS_01
15:39:23 | INFO     | t=11041.5: TRACK[retrofit] → Removed 2 wagons (36.0m freed)
15:39:23 | INFO     | t=11041.5: DISPATCHER → Task submitted: retrofit_to_workshop (pending=3)
15:39:23 | INFO     | t=11042.0: LOCO[LOCO_02] → DECOUPLING at parking1 (3.0 min)
15:39:23 | INFO     | t=11045.0: RAKE[W7400,W0606,W10249,W10814,W4915,W0128] → DECOUPLING at parking1 (5 couplings, 2.5 min)
15:39:23 | INFO     | t=11048.5: LOCO[LOCO_01] → COUPLING at retrofit (2.0 min)
15:39:23 | INFO     | t=11050.5: LOCO[LOCO_01] → SHUNTING_PREP at retrofit (1.0 min)
15:39:23 | INFO     | t=11052.5: LOCO[LOCO_02] → Releasing
15:39:23 | INFO     | t=11052.5: LOCO[LOCO_02] → Released
15:39:23 | INFO     | t=11052.5: PARKING → Got wagon W5989 from retrofitted
15:39:23 | INFO     | t=11052.5: DISPATCHER → Assigned loco LOCO_02 to retrofit_to_workshop (waited 11.0 min, pending=2)
15:39:23 | INFO     | t=11052.5: LOCO → Allocating for parking transport
15:39:23 | INFO     | t=11052.5: DISPATCHER → Task submitted: retrofitted_to_parking (pending=3)
15:39:23 | INFO     | t=11052.5: RAKE[W11050,W12319] → COUPLING at retrofit (1 couplings, 2.0 min)
15:39:23 | INFO     | t=11052.5: WAGON[W6704] → Retrieved from retrofit queue
15:39:23 | INFO     | t=11052.5: WORKSHOP → No workshop available, waiting...
15:39:23 | INFO     | t=11056.5: LOCO[LOCO_01] → DECOUPLING at WS_02 (3.0 min)
15:39:23 | INFO     | t=11059.5: LOCO[LOCO_02] → COUPLING at retrofit (2.0 min)
15:39:23 | INFO     | t=11059.5: RAKE[W9355,W0680] → DECOUPLING at WS_02 (1 couplings, 3.0 min)
15:39:23 | INFO     | t=11061.5: LOCO[LOCO_02] → SHUNTING_PREP at retrofit (1.0 min)
15:39:23 | INFO     | t=11062.5: WAGON[W9355] → RETROFIT_STARTED at WS_02
15:39:23 | INFO     | t=11062.5: WAGON[W0680] → RETROFIT_STARTED at WS_02
15:39:23 | INFO     | t=11067.5: LOCO[LOCO_02] → DECOUPLING at WS_01 (3.0 min)
15:39:23 | INFO     | t=11067.5: DISPATCHER → Assigned loco LOCO_01 to collection_to_retrofit (waited 189.5 min, pending=2)
15:39:23 | INFO     | t=11070.5: RAKE[W11050,W12319] → DECOUPLING at WS_01 (1 couplings, 3.0 min)
15:39:23 | INFO     | t=11073.5: WAGON[W11050] → RETROFIT_STARTED at WS_01
15:39:23 | INFO     | t=11073.5: WAGON[W12319] → RETROFIT_STARTED at WS_01
15:39:23 | INFO     | t=11078.5: DISPATCHER → Assigned loco LOCO_02 to collection_to_retrofit (waited 50.5 min, pending=1)
15:39:23 | INFO     | t=11122.5: RAKE[W9355,W0680] → COUPLING at WS_02 (1 couplings, 0.5 min)
15:39:23 | INFO     | t=11123.0: LOCO → Allocating for pickup from WS_02
15:39:23 | INFO     | t=11123.0: DISPATCHER → Task submitted: workshop_to_retrofitted (pending=2)
15:39:23 | INFO     | t=11127.5: LOCO[LOCO_01] → TRAIN_PREP at collection (coupling + prep, 15.0 min)
15:39:23 | INFO     | t=11133.5: RAKE[W11050,W12319] → COUPLING at WS_01 (1 couplings, 0.5 min)
15:39:23 | INFO     | t=11134.0: LOCO → Allocating for pickup from WS_01
15:39:23 | INFO     | t=11134.0: DISPATCHER → Task submitted: workshop_to_retrofitted (pending=3)
15:39:23 | INFO     | t=11138.5: LOCO[LOCO_02] → TRAIN_PREP at collection (coupling + prep, 3.0 min)
15:39:23 | INFO     | t=11201.5: LOCO[LOCO_02] → DECOUPLING at retrofit (3.0 min)
15:39:23 | INFO     | t=11202.5: LOCO[LOCO_01] → DECOUPLING at retrofit (21.0 min)
15:39:23 | INFO     | t=11204.5: RAKE[W8714] → DECOUPLING at retrofit (0 couplings, 0.0 min)
15:39:23 | INFO     | t=11209.5: DISPATCHER → Assigned loco LOCO_02 to workshop_to_retrofitted (waited 86.5 min, pending=2)
15:39:23 | INFO     | t=11209.5: LOCO[LOCO_02] → Allocated for pickup
15:39:23 | INFO     | t=11209.5: Batch size limited by retrofit capacity: 3 wagons (61.1m) fits, 16 waiting
15:39:23 | INFO     | t=11209.5: COLLECTION → Reserving retrofit track capacity for 3 wagons
15:39:23 | INFO     | t=11209.5: COLLECTION → Capacity reserved, allocating locomotive
15:39:23 | INFO     | t=11209.5: DISPATCHER → Task submitted: collection_to_retrofit (pending=3)
15:39:23 | INFO     | t=11216.5: LOCO[LOCO_02] → TRAIN_PREP completed at WS_02 (2.0 min)
15:39:23 | INFO     | t=11221.5: BATCH → Putting 2 wagons on retrofitted track retrofitted
15:39:23 | INFO     | t=11221.5: WAGON[W9355] → Added to retrofitted track retrofitted
15:39:23 | INFO     | t=11221.5: WAGON[W0680] → Added to retrofitted track retrofitted
15:39:23 | INFO     | t=11223.5: RAKE[W2149,W5380,W0875,W9143,W10303,W5395,W2774] → DECOUPLING at retrofit (6 couplings, 18.0 min)
15:39:23 | INFO     | t=11226.5: WORKSHOP[WS_02] → Released, notifying 1 waiting processes
15:39:23 | INFO     | t=11226.5: WORKSHOP → Workshop became available
15:39:23 | INFO     | t=11226.5: WORKSHOP[WS_02] → Selected for batch
15:39:23 | INFO     | t=11226.5: DISPATCHER → Assigned loco LOCO_02 to workshop_to_retrofitted (waited 92.5 min, pending=2)
15:39:23 | INFO     | t=11226.5: WAGON[W5415] → Added to batch
15:39:23 | INFO     | t=11226.5: BATCH[W6704,W5415] → Formed 2 wagons for WS_02
15:39:23 | INFO     | t=11226.5: LOCO[LOCO_02] → Allocated for pickup
15:39:23 | INFO     | t=11226.5: TRACK[retrofit] → Removed 2 wagons (32.1m freed)
15:39:23 | INFO     | t=11226.5: DISPATCHER → Task submitted: retrofit_to_workshop (pending=3)
15:39:23 | INFO     | EVENT_PUBLISHED: TrainArrivedEvent | train=T152 | time=11231.5
15:39:23 | INFO     | EVENT_HANDLING: TrainArrivedEvent -> RetrofitWorkshopContext._handle_train_arrived
15:39:23 | INFO     | EVENT_HANDLED: TrainArrivedEvent by RetrofitWorkshopContext._handle_train_arrived
15:39:23 | INFO     | t=11233.5: LOCO[LOCO_02] → TRAIN_PREP completed at WS_01 (2.0 min)
15:39:23 | INFO     | t=11238.5: BATCH → Putting 2 wagons on retrofitted track retrofitted
15:39:23 | INFO     | t=11238.5: WAGON[W11050] → Added to retrofitted track retrofitted
15:39:23 | INFO     | t=11238.5: WAGON[W12319] → Added to retrofitted track retrofitted
15:39:23 | INFO     | t=11243.5: WORKSHOP[WS_01] → Released, notifying 0 waiting processes
15:39:23 | INFO     | t=11243.5: DISPATCHER → Assigned loco LOCO_02 to retrofit_to_workshop (waited 17.0 min, pending=2)
15:39:23 | INFO     | t=11243.5: RAKE[W6704,W5415] → COUPLING at retrofit (1 couplings, 2.0 min)
15:39:23 | INFO     | t=11243.5: WAGON[W10772] → Retrieved from retrofit queue
15:39:23 | INFO     | t=11243.5: WORKSHOP[WS_01] → Selected for batch
15:39:23 | INFO     | t=11243.5: WAGON[W5316] → Added to batch
15:39:23 | INFO     | t=11243.5: BATCH[W10772,W5316] → Formed 2 wagons for WS_01
15:39:23 | INFO     | t=11243.5: TRACK[retrofit] → Removed 2 wagons (34.4m freed)
15:39:23 | INFO     | t=11243.5: DISPATCHER → Task submitted: retrofit_to_workshop (pending=3)
15:39:23 | INFO     | t=11246.5: DISPATCHER → Assigned loco LOCO_01 to retrofit_to_workshop (waited 3.0 min, pending=2)
15:39:23 | INFO     | t=11246.5: RAKE[W10772,W5316] → COUPLING at retrofit (1 couplings, 2.0 min)
15:39:23 | INFO     | t=11246.5: Batch size limited by retrofit capacity: 3 wagons (69.8m) fits, 16 waiting
15:39:23 | INFO     | t=11246.5: WAGON[W9043] → Retrieved from retrofit queue
15:39:23 | INFO     | t=11246.5: WORKSHOP → No workshop available, waiting...
15:39:23 | INFO     | t=11246.5: COLLECTION → Reserving retrofit track capacity for 3 wagons
15:39:23 | INFO     | t=11246.5: COLLECTION → Capacity reserved, allocating locomotive
15:39:23 | INFO     | t=11246.5: DISPATCHER → Task submitted: collection_to_retrofit (pending=3)
15:39:23 | INFO     | t=11250.5: LOCO[LOCO_02] → COUPLING at retrofit (2.0 min)
15:39:23 | INFO     | t=11252.5: LOCO[LOCO_02] → SHUNTING_PREP at retrofit (1.0 min)
15:39:23 | INFO     | t=11253.5: LOCO[LOCO_01] → COUPLING at retrofit (2.0 min)
15:39:23 | INFO     | t=11255.5: LOCO[LOCO_01] → SHUNTING_PREP at retrofit (1.0 min)
15:39:23 | INFO     | t=11258.5: LOCO[LOCO_02] → DECOUPLING at WS_02 (3.0 min)
15:39:23 | INFO     | t=11261.5: LOCO[LOCO_01] → DECOUPLING at WS_01 (3.0 min)
15:39:23 | INFO     | t=11261.5: RAKE[W6704,W5415] → DECOUPLING at WS_02 (1 couplings, 3.0 min)
15:39:23 | INFO     | t=11264.5: RAKE[W10772,W5316] → DECOUPLING at WS_01 (1 couplings, 3.0 min)
15:39:23 | INFO     | t=11264.5: WAGON[W6704] → RETROFIT_STARTED at WS_02
15:39:23 | INFO     | t=11264.5: WAGON[W5415] → RETROFIT_STARTED at WS_02
15:39:23 | INFO     | t=11267.5: WAGON[W10772] → RETROFIT_STARTED at WS_01
15:39:23 | INFO     | t=11267.5: WAGON[W5316] → RETROFIT_STARTED at WS_01
15:39:23 | INFO     | t=11269.5: DISPATCHER → Assigned loco LOCO_02 to retrofitted_to_parking (waited 217.0 min, pending=2)
15:39:23 | INFO     | t=11269.5: LOCO[LOCO_02] → Allocated for parking transport
15:39:23 | INFO     | t=11272.5: DISPATCHER → Assigned loco LOCO_01 to collection_to_retrofit (waited 63.0 min, pending=1)
15:39:23 | INFO     | t=11274.5: LOCO[LOCO_02] → TRAIN_PREP at retrofitted (coupling + prep, 2.0 min)
15:39:23 | INFO     | t=11324.5: RAKE[W6704,W5415] → COUPLING at WS_02 (1 couplings, 0.5 min)
15:39:23 | INFO     | t=11325.0: LOCO → Allocating for pickup from WS_02
15:39:23 | INFO     | t=11325.0: DISPATCHER → Task submitted: workshop_to_retrofitted (pending=2)
15:39:23 | INFO     | t=11327.5: RAKE[W10772,W5316] → COUPLING at WS_01 (1 couplings, 0.5 min)
15:39:23 | INFO     | t=11328.0: LOCO → Allocating for pickup from WS_01
15:39:23 | INFO     | t=11328.0: DISPATCHER → Task submitted: workshop_to_retrofitted (pending=3)
15:39:23 | INFO     | t=11332.5: LOCO[LOCO_01] → TRAIN_PREP at collection (coupling + prep, 7.0 min)
15:39:23 | INFO     | t=11351.5: LOCO[LOCO_02] → DECOUPLING at parking13 (1.0 min)
15:39:23 | INFO     | t=11352.5: RAKE[W5989,W0881] → DECOUPLING at parking13 (1 couplings, 0.5 min)
15:39:23 | INFO     | t=11399.5: LOCO[LOCO_01] → DECOUPLING at retrofit (9.0 min)
15:39:23 | INFO     | t=11408.5: RAKE[W7877,W5280,W7897] → DECOUPLING at retrofit (2 couplings, 6.0 min)
15:39:23 | INFO     | t=11413.0: LOCO[LOCO_02] → Releasing
15:39:23 | INFO     | t=11413.0: LOCO[LOCO_02] → Released
15:39:23 | INFO     | t=11413.0: PARKING → Got wagon W9355 from retrofitted
15:39:23 | INFO     | t=11413.0: DISPATCHER → Assigned loco LOCO_02 to workshop_to_retrofitted (waited 88.0 min, pending=2)
15:39:23 | INFO     | t=11413.0: LOCO[LOCO_02] → Allocated for pickup
15:39:23 | INFO     | t=11413.0: LOCO → Allocating for parking transport
15:39:23 | INFO     | t=11413.0: DISPATCHER → Task submitted: retrofitted_to_parking (pending=3)
15:39:23 | INFO     | t=11419.5: Batch size limited by retrofit capacity: 1 wagons (19.9m) fits, 20 waiting
15:39:23 | INFO     | t=11419.5: DISPATCHER → Assigned loco LOCO_01 to workshop_to_retrofitted (waited 91.5 min, pending=2)
15:39:23 | INFO     | t=11419.5: COLLECTION → Reserving retrofit track capacity for 1 wagons
15:39:23 | INFO     | t=11419.5: LOCO[LOCO_01] → Allocated for pickup
15:39:23 | INFO     | t=11420.0: LOCO[LOCO_02] → TRAIN_PREP completed at WS_02 (2.0 min)
15:39:23 | INFO     | t=11425.0: BATCH → Putting 2 wagons on retrofitted track retrofitted
15:39:23 | INFO     | t=11425.0: WAGON[W6704] → Added to retrofitted track retrofitted
15:39:23 | INFO     | t=11425.0: WAGON[W5415] → Added to retrofitted track retrofitted
15:39:23 | INFO     | t=11426.5: LOCO[LOCO_01] → TRAIN_PREP completed at WS_01 (2.0 min)
15:39:23 | INFO     | t=11430.0: WORKSHOP[WS_02] → Released, notifying 1 waiting processes
15:39:23 | INFO     | t=11430.0: WORKSHOP → Workshop became available
15:39:23 | INFO     | t=11430.0: WORKSHOP[WS_02] → Selected for batch
15:39:23 | INFO     | t=11430.0: DISPATCHER → Assigned loco LOCO_02 to retrofitted_to_parking (waited 17.0 min, pending=1)
15:39:23 | INFO     | t=11430.0: WAGON[W12031] → Added to batch
15:39:23 | INFO     | t=11430.0: BATCH[W9043,W12031] → Formed 2 wagons for WS_02
15:39:23 | INFO     | t=11430.0: LOCO[LOCO_02] → Allocated for parking transport
15:39:23 | INFO     | t=11430.0: TRACK[retrofit] → Removed 2 wagons (41.4m freed)
15:39:23 | INFO     | t=11430.0: DISPATCHER → Task submitted: retrofit_to_workshop (pending=2)
15:39:23 | INFO     | t=11430.0: COLLECTION → Capacity reserved, allocating locomotive
15:39:23 | INFO     | t=11430.0: DISPATCHER → Task submitted: collection_to_retrofit (pending=3)
15:39:23 | INFO     | t=11431.5: BATCH → Putting 2 wagons on retrofitted track retrofitted
15:39:23 | INFO     | t=11431.5: WAGON[W10772] → Added to retrofitted track retrofitted
15:39:23 | INFO     | t=11431.5: WAGON[W5316] → Added to retrofitted track retrofitted
15:39:23 | INFO     | t=11435.0: LOCO[LOCO_02] → TRAIN_PREP at retrofitted (coupling + prep, 3.0 min)
15:39:23 | INFO     | t=11436.5: WORKSHOP[WS_01] → Released, notifying 0 waiting processes
15:39:23 | INFO     | t=11436.5: DISPATCHER → Assigned loco LOCO_01 to retrofit_to_workshop (waited 6.5 min, pending=2)
15:39:23 | INFO     | t=11436.5: RAKE[W9043,W12031] → COUPLING at retrofit (1 couplings, 2.0 min)
15:39:23 | INFO     | t=11436.5: WAGON[W8714] → Retrieved from retrofit queue
15:39:23 | INFO     | t=11436.5: WORKSHOP[WS_01] → Selected for batch
15:39:23 | INFO     | t=11436.5: WAGON[W2149] → Added to batch
15:39:23 | INFO     | t=11436.5: BATCH[W8714,W2149] → Formed 2 wagons for WS_01
15:39:23 | INFO     | t=11436.5: TRACK[retrofit] → Removed 2 wagons (40.4m freed)
15:39:23 | INFO     | t=11436.5: DISPATCHER → Task submitted: retrofit_to_workshop (pending=3)
15:39:23 | INFO     | t=11443.5: LOCO[LOCO_01] → COUPLING at retrofit (2.0 min)
15:39:23 | INFO     | t=11445.5: LOCO[LOCO_01] → SHUNTING_PREP at retrofit (1.0 min)
15:39:23 | INFO     | t=11451.5: LOCO[LOCO_01] → DECOUPLING at WS_02 (3.0 min)
15:39:23 | INFO     | t=11454.5: RAKE[W9043,W12031] → DECOUPLING at WS_02 (1 couplings, 3.0 min)
15:39:23 | INFO     | t=11457.5: WAGON[W9043] → RETROFIT_STARTED at WS_02
15:39:23 | INFO     | t=11457.5: WAGON[W12031] → RETROFIT_STARTED at WS_02
15:39:23 | INFO     | t=11462.5: DISPATCHER → Assigned loco LOCO_01 to retrofit_to_workshop (waited 26.0 min, pending=2)
15:39:23 | INFO     | t=11462.5: RAKE[W8714,W2149] → COUPLING at retrofit (1 couplings, 2.0 min)
15:39:23 | INFO     | t=11462.5: WAGON[W5380] → Retrieved from retrofit queue
15:39:23 | INFO     | t=11462.5: WORKSHOP → No workshop available, waiting...
15:39:23 | INFO     | t=11469.5: LOCO[LOCO_01] → COUPLING at retrofit (2.0 min)
15:39:23 | INFO     | t=11471.5: LOCO[LOCO_01] → SHUNTING_PREP at retrofit (1.0 min)
15:39:23 | INFO     | t=11477.5: LOCO[LOCO_01] → DECOUPLING at WS_01 (3.0 min)
15:39:23 | INFO     | t=11480.5: RAKE[W8714,W2149] → DECOUPLING at WS_01 (1 couplings, 3.0 min)
15:39:23 | INFO     | t=11483.5: WAGON[W8714] → RETROFIT_STARTED at WS_01
15:39:23 | INFO     | t=11483.5: WAGON[W2149] → RETROFIT_STARTED at WS_01
15:39:23 | INFO     | t=11488.5: DISPATCHER → Assigned loco LOCO_01 to collection_to_retrofit (waited 242.0 min, pending=1)
15:39:23 | INFO     | t=11517.5: RAKE[W9043,W12031] → COUPLING at WS_02 (1 couplings, 0.5 min)
15:39:23 | INFO     | t=11518.0: LOCO → Allocating for pickup from WS_02
15:39:23 | INFO     | t=11518.0: DISPATCHER → Task submitted: workshop_to_retrofitted (pending=2)
15:39:23 | INFO     | t=11543.5: RAKE[W8714,W2149] → COUPLING at WS_01 (1 couplings, 0.5 min)
15:39:23 | INFO     | t=11544.0: LOCO → Allocating for pickup from WS_01
15:39:23 | INFO     | t=11544.0: DISPATCHER → Task submitted: workshop_to_retrofitted (pending=3)
15:39:23 | INFO     | EVENT_PUBLISHED: TrainArrivedEvent | train=T153 | time=11544.2
15:39:23 | INFO     | EVENT_HANDLING: TrainArrivedEvent -> RetrofitWorkshopContext._handle_train_arrived
15:39:23 | INFO     | EVENT_HANDLED: TrainArrivedEvent by RetrofitWorkshopContext._handle_train_arrived
15:39:23 | INFO     | t=11548.5: LOCO[LOCO_01] → TRAIN_PREP at collection (coupling + prep, 7.0 min)
15:39:23 | INFO     | t=11558.0: LOCO[LOCO_02] → DECOUPLING at parking16 (2.0 min)
15:39:23 | INFO     | t=11560.0: RAKE[W9355,W0680,W11050,W12319] → DECOUPLING at parking16 (3 couplings, 1.5 min)
15:39:23 | INFO     | t=11615.5: LOCO[LOCO_01] → DECOUPLING at retrofit (9.0 min)
15:39:23 | INFO     | t=11621.5: LOCO[LOCO_02] → Releasing
15:39:23 | INFO     | t=11621.5: LOCO[LOCO_02] → Released
15:39:23 | INFO     | t=11621.5: PARKING → Got wagon W6704 from retrofitted
15:39:23 | INFO     | t=11621.5: DISPATCHER → Assigned loco LOCO_02 to workshop_to_retrofitted (waited 103.5 min, pending=2)
15:39:23 | INFO     | t=11621.5: LOCO[LOCO_02] → Allocated for pickup
15:39:23 | INFO     | t=11621.5: LOCO → Allocating for parking transport
15:39:23 | INFO     | t=11621.5: DISPATCHER → Task submitted: retrofitted_to_parking (pending=3)
15:39:23 | INFO     | t=11624.5: RAKE[W10233,W2815,W2846] → DECOUPLING at retrofit (2 couplings, 6.0 min)
15:39:23 | INFO     | t=11628.5: LOCO[LOCO_02] → TRAIN_PREP completed at WS_02 (2.0 min)
15:39:23 | INFO     | t=11633.5: BATCH → Putting 2 wagons on retrofitted track retrofitted
15:39:23 | INFO     | t=11633.5: WAGON[W9043] → Added to retrofitted track retrofitted
15:39:23 | INFO     | t=11633.5: WAGON[W12031] → Added to retrofitted track retrofitted
15:39:23 | INFO     | t=11635.5: DISPATCHER → Assigned loco LOCO_01 to workshop_to_retrofitted (waited 91.5 min, pending=2)
15:39:23 | INFO     | t=11635.5: LOCO[LOCO_01] → Allocated for pickup
15:39:23 | INFO     | t=11635.5: Batch size limited by retrofit capacity: 3 wagons (49.6m) fits, 16 waiting
15:39:23 | INFO     | t=11635.5: COLLECTION → Reserving retrofit track capacity for 3 wagons
15:39:23 | INFO     | t=11635.5: COLLECTION → Capacity reserved, allocating locomotive
15:39:23 | INFO     | t=11635.5: DISPATCHER → Task submitted: collection_to_retrofit (pending=3)
15:39:23 | INFO     | t=11638.5: WORKSHOP[WS_02] → Released, notifying 1 waiting processes
15:39:23 | INFO     | t=11638.5: WORKSHOP → Workshop became available
15:39:23 | INFO     | t=11638.5: WORKSHOP[WS_02] → Selected for batch
15:39:23 | INFO     | t=11638.5: DISPATCHER → Assigned loco LOCO_02 to retrofitted_to_parking (waited 17.0 min, pending=2)
15:39:23 | INFO     | t=11638.5: WAGON[W0875] → Added to batch
15:39:23 | INFO     | t=11638.5: BATCH[W5380,W0875] → Formed 2 wagons for WS_02
15:39:23 | INFO     | t=11638.5: LOCO[LOCO_02] → Allocated for parking transport
15:39:23 | INFO     | t=11638.5: TRACK[retrofit] → Removed 2 wagons (26.8m freed)
15:39:23 | INFO     | t=11638.5: DISPATCHER → Task submitted: retrofit_to_workshop (pending=3)
15:39:23 | INFO     | t=11642.5: LOCO[LOCO_01] → TRAIN_PREP completed at WS_01 (2.0 min)
15:39:23 | INFO     | t=11643.5: LOCO[LOCO_02] → TRAIN_PREP at retrofitted (coupling + prep, 3.0 min)
15:39:23 | INFO     | t=11647.5: BATCH → Putting 2 wagons on retrofitted track retrofitted
15:39:23 | INFO     | t=11647.5: WAGON[W8714] → Added to retrofitted track retrofitted
15:39:23 | INFO     | t=11647.5: WAGON[W2149] → Added to retrofitted track retrofitted
15:39:23 | INFO     | t=11652.5: WORKSHOP[WS_01] → Released, notifying 0 waiting processes
15:39:23 | INFO     | t=11652.5: DISPATCHER → Assigned loco LOCO_01 to retrofit_to_workshop (waited 14.0 min, pending=2)
15:39:23 | INFO     | t=11652.5: RAKE[W5380,W0875] → COUPLING at retrofit (1 couplings, 2.0 min)
15:39:23 | INFO     | t=11652.5: WAGON[W9143] → Retrieved from retrofit queue
15:39:23 | INFO     | t=11652.5: WORKSHOP[WS_01] → Selected for batch
15:39:23 | INFO     | t=11652.5: WAGON[W10303] → Added to batch
15:39:23 | INFO     | t=11652.5: BATCH[W9143,W10303] → Formed 2 wagons for WS_01
15:39:23 | INFO     | t=11652.5: TRACK[retrofit] → Removed 2 wagons (37.3m freed)
15:39:23 | INFO     | t=11652.5: DISPATCHER → Task submitted: retrofit_to_workshop (pending=3)
15:39:23 | INFO     | t=11659.5: LOCO[LOCO_01] → COUPLING at retrofit (2.0 min)
15:39:23 | INFO     | t=11661.5: LOCO[LOCO_01] → SHUNTING_PREP at retrofit (1.0 min)
15:39:23 | INFO     | t=11667.5: LOCO[LOCO_01] → DECOUPLING at WS_02 (3.0 min)
15:39:23 | INFO     | t=11670.5: RAKE[W5380,W0875] → DECOUPLING at WS_02 (1 couplings, 3.0 min)
15:39:23 | INFO     | t=11673.5: WAGON[W5380] → RETROFIT_STARTED at WS_02
15:39:23 | INFO     | t=11673.5: WAGON[W0875] → RETROFIT_STARTED at WS_02
15:39:23 | INFO     | t=11678.5: DISPATCHER → Assigned loco LOCO_01 to retrofit_to_workshop (waited 26.0 min, pending=2)
15:39:23 | INFO     | t=11678.5: RAKE[W9143,W10303] → COUPLING at retrofit (1 couplings, 2.0 min)
15:39:23 | INFO     | t=11678.5: WAGON[W5395] → Retrieved from retrofit queue
15:39:23 | INFO     | t=11678.5: WORKSHOP → No workshop available, waiting...
15:39:23 | INFO     | t=11685.5: LOCO[LOCO_01] → COUPLING at retrofit (2.0 min)
15:39:23 | INFO     | t=11687.5: LOCO[LOCO_01] → SHUNTING_PREP at retrofit (1.0 min)
15:39:23 | INFO     | t=11693.5: LOCO[LOCO_01] → DECOUPLING at WS_01 (3.0 min)
15:39:23 | INFO     | t=11696.5: RAKE[W9143,W10303] → DECOUPLING at WS_01 (1 couplings, 3.0 min)
15:39:23 | INFO     | t=11699.5: WAGON[W9143] → RETROFIT_STARTED at WS_01
15:39:23 | INFO     | t=11699.5: WAGON[W10303] → RETROFIT_STARTED at WS_01
15:39:23 | INFO     | t=11704.5: DISPATCHER → Assigned loco LOCO_01 to collection_to_retrofit (waited 274.5 min, pending=1)
15:39:23 | INFO     | EVENT_PUBLISHED: TrainArrivedEvent | train=T154 | time=11705.2
15:39:23 | INFO     | EVENT_HANDLING: TrainArrivedEvent -> RetrofitWorkshopContext._handle_train_arrived
15:39:23 | INFO     | EVENT_HANDLED: TrainArrivedEvent by RetrofitWorkshopContext._handle_train_arrived
15:39:23 | INFO     | t=11721.5: LOCO[LOCO_02] → DECOUPLING at parking13 (2.0 min)
15:39:23 | INFO     | t=11723.5: RAKE[W6704,W5415,W10772,W5316] → DECOUPLING at parking13 (3 couplings, 1.5 min)
15:39:23 | INFO     | t=11733.5: RAKE[W5380,W0875] → COUPLING at WS_02 (1 couplings, 0.5 min)
15:39:23 | INFO     | t=11734.0: LOCO → Allocating for pickup from WS_02
15:39:23 | INFO     | t=11734.0: DISPATCHER → Task submitted: workshop_to_retrofitted (pending=2)
15:39:23 | INFO     | t=11759.5: RAKE[W9143,W10303] → COUPLING at WS_01 (1 couplings, 0.5 min)
15:39:23 | INFO     | t=11760.0: LOCO → Allocating for pickup from WS_01
15:39:23 | INFO     | t=11760.0: DISPATCHER → Task submitted: workshop_to_retrofitted (pending=3)
15:39:23 | INFO     | t=11764.5: LOCO[LOCO_01] → TRAIN_PREP at collection (coupling + prep, 3.0 min)
15:39:23 | INFO     | t=11785.0: LOCO[LOCO_02] → Releasing
15:39:23 | INFO     | t=11785.0: LOCO[LOCO_02] → Released
15:39:23 | INFO     | t=11785.0: PARKING → Got wagon W9043 from retrofitted
15:39:23 | INFO     | t=11785.0: DISPATCHER → Assigned loco LOCO_02 to workshop_to_retrofitted (waited 51.0 min, pending=2)
15:39:23 | INFO     | t=11785.0: LOCO[LOCO_02] → Allocated for pickup
15:39:23 | INFO     | t=11785.0: LOCO → Allocating for parking transport
15:39:23 | INFO     | t=11785.0: DISPATCHER → Task submitted: retrofitted_to_parking (pending=3)
15:39:23 | INFO     | t=11792.0: LOCO[LOCO_02] → TRAIN_PREP completed at WS_02 (2.0 min)
15:39:23 | INFO     | t=11797.0: BATCH → Putting 2 wagons on retrofitted track retrofitted
15:39:23 | INFO     | t=11797.0: WAGON[W5380] → Added to retrofitted track retrofitted
15:39:23 | INFO     | t=11797.0: WAGON[W0875] → Added to retrofitted track retrofitted
15:39:23 | INFO     | t=11802.0: WORKSHOP[WS_02] → Released, notifying 1 waiting processes
15:39:23 | INFO     | t=11802.0: WORKSHOP → Workshop became available
15:39:23 | INFO     | t=11802.0: WORKSHOP[WS_02] → Selected for batch
15:39:23 | INFO     | t=11802.0: DISPATCHER → Assigned loco LOCO_02 to workshop_to_retrofitted (waited 42.0 min, pending=2)
15:39:23 | INFO     | t=11802.0: WAGON[W2774] → Added to batch
15:39:23 | INFO     | t=11802.0: BATCH[W5395,W2774] → Formed 2 wagons for WS_02
15:39:23 | INFO     | t=11802.0: LOCO[LOCO_02] → Allocated for pickup
15:39:23 | INFO     | t=11802.0: TRACK[retrofit] → Removed 2 wagons (39.6m freed)
15:39:23 | INFO     | t=11802.0: DISPATCHER → Task submitted: retrofit_to_workshop (pending=3)
15:39:23 | INFO     | t=11809.0: LOCO[LOCO_02] → TRAIN_PREP completed at WS_01 (2.0 min)
15:39:23 | INFO     | t=11814.0: BATCH → Putting 2 wagons on retrofitted track retrofitted
15:39:23 | INFO     | t=11814.0: WAGON[W9143] → Added to retrofitted track retrofitted
15:39:23 | INFO     | t=11814.0: WAGON[W10303] → Added to retrofitted track retrofitted
15:39:23 | INFO     | t=11819.0: WORKSHOP[WS_01] → Released, notifying 0 waiting processes
15:39:23 | INFO     | t=11819.0: DISPATCHER → Assigned loco LOCO_02 to retrofit_to_workshop (waited 17.0 min, pending=2)
15:39:23 | INFO     | t=11819.0: RAKE[W5395,W2774] → COUPLING at retrofit (1 couplings, 2.0 min)
15:39:23 | INFO     | t=11819.0: WAGON[W7877] → Retrieved from retrofit queue
15:39:23 | INFO     | t=11819.0: WORKSHOP[WS_01] → Selected for batch
15:39:23 | INFO     | t=11819.0: WAGON[W5280] → Added to batch
15:39:23 | INFO     | t=11819.0: BATCH[W7877,W5280] → Formed 2 wagons for WS_01
15:39:23 | INFO     | t=11819.0: TRACK[retrofit] → Removed 2 wagons (38.8m freed)
15:39:23 | INFO     | t=11819.0: DISPATCHER → Task submitted: retrofit_to_workshop (pending=3)
15:39:23 | INFO     | t=11826.0: LOCO[LOCO_02] → COUPLING at retrofit (2.0 min)
15:39:23 | INFO     | t=11827.5: LOCO[LOCO_01] → DECOUPLING at retrofit (3.0 min)
15:39:23 | INFO     | t=11828.0: LOCO[LOCO_02] → SHUNTING_PREP at retrofit (1.0 min)
15:39:23 | INFO     | EVENT_PUBLISHED: TrainArrivedEvent | train=T155 | time=11829.8
15:39:23 | INFO     | EVENT_HANDLING: TrainArrivedEvent -> RetrofitWorkshopContext._handle_train_arrived
15:39:23 | INFO     | EVENT_HANDLED: TrainArrivedEvent by RetrofitWorkshopContext._handle_train_arrived
15:39:23 | INFO     | t=11830.5: RAKE[W10441] → DECOUPLING at retrofit (0 couplings, 0.0 min)
15:39:23 | INFO     | t=11834.0: LOCO[LOCO_02] → DECOUPLING at WS_02 (3.0 min)
15:39:23 | INFO     | t=11835.5: DISPATCHER → Assigned loco LOCO_01 to retrofit_to_workshop (waited 16.5 min, pending=2)
15:39:23 | INFO     | t=11835.5: RAKE[W7877,W5280] → COUPLING at retrofit (1 couplings, 2.0 min)
15:39:23 | INFO     | t=11835.5: WAGON[W7897] → Retrieved from retrofit queue
15:39:23 | INFO     | t=11835.5: WORKSHOP → No workshop available, waiting...
15:39:23 | INFO     | t=11835.5: Batch size limited by retrofit capacity: 7 wagons (147.1m) fits, 14 waiting
15:39:23 | INFO     | t=11835.5: COLLECTION → Reserving retrofit track capacity for 7 wagons
15:39:23 | INFO     | t=11835.5: COLLECTION → Capacity reserved, allocating locomotive
15:39:23 | INFO     | t=11835.5: DISPATCHER → Task submitted: collection_to_retrofit (pending=3)
15:39:23 | INFO     | t=11837.0: RAKE[W5395,W2774] → DECOUPLING at WS_02 (1 couplings, 3.0 min)
15:39:23 | INFO     | t=11840.0: WAGON[W5395] → RETROFIT_STARTED at WS_02
15:39:23 | INFO     | t=11840.0: WAGON[W2774] → RETROFIT_STARTED at WS_02
15:39:23 | INFO     | t=11842.5: LOCO[LOCO_01] → COUPLING at retrofit (2.0 min)
15:39:23 | INFO     | t=11844.5: LOCO[LOCO_01] → SHUNTING_PREP at retrofit (1.0 min)
15:39:23 | INFO     | t=11845.0: DISPATCHER → Assigned loco LOCO_02 to retrofitted_to_parking (waited 60.0 min, pending=2)
15:39:23 | INFO     | t=11845.0: LOCO[LOCO_02] → Allocated for parking transport
15:39:23 | INFO     | EVENT_PUBLISHED: TrainArrivedEvent | train=T156 | time=11849.0
15:39:23 | INFO     | EVENT_HANDLING: TrainArrivedEvent -> RetrofitWorkshopContext._handle_train_arrived
15:39:23 | INFO     | EVENT_HANDLED: TrainArrivedEvent by RetrofitWorkshopContext._handle_train_arrived
15:39:23 | INFO     | t=11850.0: LOCO[LOCO_02] → TRAIN_PREP at retrofitted (coupling + prep, 3.0 min)
15:39:23 | INFO     | t=11850.5: LOCO[LOCO_01] → DECOUPLING at WS_01 (3.0 min)
15:39:23 | INFO     | t=11853.5: RAKE[W7877,W5280] → DECOUPLING at WS_01 (1 couplings, 3.0 min)
15:39:23 | INFO     | t=11856.5: WAGON[W7877] → RETROFIT_STARTED at WS_01
15:39:23 | INFO     | t=11856.5: WAGON[W5280] → RETROFIT_STARTED at WS_01
15:39:23 | INFO     | t=11861.5: DISPATCHER → Assigned loco LOCO_01 to collection_to_retrofit (waited 226.0 min, pending=1)
15:39:23 | INFO     | t=11900.0: RAKE[W5395,W2774] → COUPLING at WS_02 (1 couplings, 0.5 min)
15:39:23 | INFO     | t=11900.5: LOCO → Allocating for pickup from WS_02
15:39:23 | INFO     | t=11900.5: DISPATCHER → Task submitted: workshop_to_retrofitted (pending=2)
15:39:23 | INFO     | t=11913.0: LOCO[LOCO_02] → DECOUPLING at parking12 (2.0 min)
15:39:23 | INFO     | EVENT_PUBLISHED: TrainArrivedEvent | train=T157 | time=11913.8
15:39:23 | INFO     | EVENT_HANDLING: TrainArrivedEvent -> RetrofitWorkshopContext._handle_train_arrived
15:39:23 | INFO     | EVENT_HANDLED: TrainArrivedEvent by RetrofitWorkshopContext._handle_train_arrived
15:39:23 | INFO     | t=11915.0: RAKE[W9043,W12031,W8714,W2149] → DECOUPLING at parking12 (3 couplings, 1.5 min)
15:39:23 | INFO     | t=11916.5: RAKE[W7877,W5280] → COUPLING at WS_01 (1 couplings, 0.5 min)
15:39:23 | INFO     | t=11917.0: LOCO → Allocating for pickup from WS_01
15:39:23 | INFO     | t=11917.0: DISPATCHER → Task submitted: workshop_to_retrofitted (pending=3)
15:39:23 | INFO     | t=11921.5: LOCO[LOCO_01] → TRAIN_PREP at collection (coupling + prep, 7.0 min)
15:39:23 | INFO     | t=11976.5: LOCO[LOCO_02] → Releasing
15:39:23 | INFO     | t=11976.5: LOCO[LOCO_02] → Released
15:39:23 | INFO     | t=11976.5: PARKING → Got wagon W5380 from retrofitted
15:39:23 | INFO     | t=11976.5: DISPATCHER → Assigned loco LOCO_02 to workshop_to_retrofitted (waited 76.0 min, pending=2)
15:39:23 | INFO     | t=11976.5: LOCO[LOCO_02] → Allocated for pickup
15:39:23 | INFO     | t=11976.5: LOCO → Allocating for parking transport
15:39:23 | INFO     | t=11976.5: DISPATCHER → Task submitted: retrofitted_to_parking (pending=3)
15:39:23 | INFO     | t=11983.5: LOCO[LOCO_02] → TRAIN_PREP completed at WS_02 (2.0 min)
15:39:23 | INFO     | t=11988.5: LOCO[LOCO_01] → DECOUPLING at retrofit (9.0 min)
15:39:23 | INFO     | t=11988.5: BATCH → Putting 2 wagons on retrofitted track retrofitted
15:39:23 | INFO     | t=11988.5: WAGON[W5395] → Added to retrofitted track retrofitted
15:39:23 | INFO     | t=11988.5: WAGON[W2774] → Added to retrofitted track retrofitted
15:39:23 | INFO     | t=11993.5: WORKSHOP[WS_02] → Released, notifying 1 waiting processes
15:39:23 | INFO     | t=11993.5: WORKSHOP → Workshop became available
15:39:23 | INFO     | t=11993.5: WORKSHOP[WS_02] → Selected for batch
15:39:23 | INFO     | t=11993.5: DISPATCHER → Assigned loco LOCO_02 to workshop_to_retrofitted (waited 76.5 min, pending=2)
15:39:23 | INFO     | t=11993.5: WAGON[W10233] → Added to batch
15:39:23 | INFO     | t=11993.5: BATCH[W7897,W10233] → Formed 2 wagons for WS_02
15:39:23 | INFO     | t=11993.5: LOCO[LOCO_02] → Allocated for pickup
15:39:23 | INFO     | t=11993.5: TRACK[retrofit] → Removed 2 wagons (45.6m freed)
15:39:23 | INFO     | t=11993.5: DISPATCHER → Task submitted: retrofit_to_workshop (pending=3)
15:39:23 | INFO     | t=11997.5: RAKE[W5760,W4802,W2910] → DECOUPLING at retrofit (2 couplings, 6.0 min)
15:39:23 | INFO     | t=12000.5: LOCO[LOCO_02] → TRAIN_PREP completed at WS_01 (2.0 min)
15:39:23 | INFO     | t=12005.5: BATCH → Putting 2 wagons on retrofitted track retrofitted
15:39:23 | INFO     | t=12005.5: WAGON[W7877] → Added to retrofitted track retrofitted
15:39:23 | INFO     | t=12005.5: WAGON[W5280] → Added to retrofitted track retrofitted
15:39:23 | INFO     | t=12008.5: DISPATCHER → Assigned loco LOCO_01 to retrofit_to_workshop (waited 15.0 min, pending=2)
15:39:23 | INFO     | t=12008.5: Batch size limited by retrofit capacity: 2 wagons (50.2m) fits, 17 waiting
15:39:23 | INFO     | t=12008.5: RAKE[W7897,W10233] → COUPLING at retrofit (1 couplings, 2.0 min)
15:39:23 | INFO     | t=12008.5: COLLECTION → Reserving retrofit track capacity for 2 wagons
15:39:23 | INFO     | t=12008.5: WAGON[W2815] → Retrieved from retrofit queue
15:39:23 | INFO     | t=12008.5: WORKSHOP → No workshop available, waiting...
15:39:23 | INFO     | t=12008.5: COLLECTION → Capacity reserved, allocating locomotive
15:39:23 | INFO     | t=12008.5: DISPATCHER → Task submitted: collection_to_retrofit (pending=3)
15:39:23 | INFO     | t=12010.5: WORKSHOP[WS_01] → Released, notifying 1 waiting processes
15:39:23 | INFO     | t=12010.5: WORKSHOP → Workshop became available
15:39:23 | INFO     | t=12010.5: WORKSHOP[WS_01] → Selected for batch
15:39:23 | INFO     | t=12010.5: DISPATCHER → Assigned loco LOCO_02 to retrofitted_to_parking (waited 34.0 min, pending=2)
15:39:23 | INFO     | t=12010.5: WAGON[W2846] → Added to batch
15:39:23 | INFO     | t=12010.5: BATCH[W2815,W2846] → Formed 2 wagons for WS_01
15:39:23 | INFO     | t=12010.5: LOCO[LOCO_02] → Allocated for parking transport
15:39:23 | INFO     | t=12010.5: TRACK[retrofit] → Removed 2 wagons (46.5m freed)
15:39:23 | INFO     | t=12010.5: DISPATCHER → Task submitted: retrofit_to_workshop (pending=3)
15:39:23 | INFO     | t=12015.5: LOCO[LOCO_01] → COUPLING at retrofit (2.0 min)
15:39:23 | INFO     | t=12015.5: LOCO[LOCO_02] → TRAIN_PREP at retrofitted (coupling + prep, 3.0 min)
15:39:23 | INFO     | t=12017.5: LOCO[LOCO_01] → SHUNTING_PREP at retrofit (1.0 min)
15:39:23 | INFO     | t=12023.5: LOCO[LOCO_01] → DECOUPLING at WS_02 (3.0 min)
15:39:23 | INFO     | t=12026.5: RAKE[W7897,W10233] → DECOUPLING at WS_02 (1 couplings, 3.0 min)
15:39:23 | INFO     | t=12029.5: WAGON[W7897] → RETROFIT_STARTED at WS_02
15:39:23 | INFO     | t=12029.5: WAGON[W10233] → RETROFIT_STARTED at WS_02
15:39:23 | INFO     | t=12034.5: DISPATCHER → Assigned loco LOCO_01 to retrofit_to_workshop (waited 24.0 min, pending=2)
15:39:23 | INFO     | t=12034.5: RAKE[W2815,W2846] → COUPLING at retrofit (1 couplings, 2.0 min)
15:39:23 | INFO     | t=12034.5: WAGON[W10441] → Retrieved from retrofit queue
15:39:23 | INFO     | t=12034.5: WORKSHOP → No workshop available, waiting...
15:39:23 | INFO     | t=12041.5: LOCO[LOCO_01] → COUPLING at retrofit (2.0 min)
15:39:23 | INFO     | t=12043.5: LOCO[LOCO_01] → SHUNTING_PREP at retrofit (1.0 min)
15:39:23 | INFO     | EVENT_PUBLISHED: TrainArrivedEvent | train=T158 | time=12046.0
15:39:23 | INFO     | EVENT_HANDLING: TrainArrivedEvent -> RetrofitWorkshopContext._handle_train_arrived
15:39:23 | INFO     | EVENT_HANDLED: TrainArrivedEvent by RetrofitWorkshopContext._handle_train_arrived
15:39:23 | INFO     | t=12049.5: LOCO[LOCO_01] → DECOUPLING at WS_01 (3.0 min)
15:39:23 | INFO     | t=12052.5: RAKE[W2815,W2846] → DECOUPLING at WS_01 (1 couplings, 3.0 min)
15:39:23 | INFO     | t=12055.5: WAGON[W2815] → RETROFIT_STARTED at WS_01
15:39:23 | INFO     | t=12055.5: WAGON[W2846] → RETROFIT_STARTED at WS_01
15:39:23 | INFO     | t=12060.5: DISPATCHER → Assigned loco LOCO_01 to collection_to_retrofit (waited 225.0 min, pending=1)
15:39:23 | INFO     | t=12089.5: RAKE[W7897,W10233] → COUPLING at WS_02 (1 couplings, 0.5 min)
15:39:23 | INFO     | t=12090.0: LOCO → Allocating for pickup from WS_02
15:39:23 | INFO     | t=12090.0: DISPATCHER → Task submitted: workshop_to_retrofitted (pending=2)
15:39:23 | INFO     | t=12093.5: LOCO[LOCO_02] → DECOUPLING at parking15 (2.0 min)
15:39:23 | INFO     | t=12095.5: RAKE[W5380,W0875,W9143,W10303] → DECOUPLING at parking15 (3 couplings, 1.5 min)
15:39:23 | INFO     | t=12115.5: RAKE[W2815,W2846] → COUPLING at WS_01 (1 couplings, 0.5 min)
15:39:23 | INFO     | t=12116.0: LOCO → Allocating for pickup from WS_01
15:39:23 | INFO     | t=12116.0: DISPATCHER → Task submitted: workshop_to_retrofitted (pending=3)
15:39:23 | INFO     | t=12120.5: LOCO[LOCO_01] → TRAIN_PREP at collection (coupling + prep, 15.0 min)
15:39:23 | INFO     | t=12157.0: LOCO[LOCO_02] → Releasing
15:39:23 | INFO     | t=12157.0: LOCO[LOCO_02] → Released
15:39:23 | INFO     | t=12157.0: PARKING → Got wagon W5395 from retrofitted
15:39:23 | INFO     | t=12157.0: DISPATCHER → Assigned loco LOCO_02 to workshop_to_retrofitted (waited 67.0 min, pending=2)
15:39:23 | INFO     | t=12157.0: LOCO[LOCO_02] → Allocated for pickup
15:39:23 | INFO     | t=12157.0: LOCO → Allocating for parking transport
15:39:23 | INFO     | t=12157.0: DISPATCHER → Task submitted: retrofitted_to_parking (pending=3)
15:39:23 | INFO     | t=12164.0: LOCO[LOCO_02] → TRAIN_PREP completed at WS_02 (2.0 min)
15:39:23 | INFO     | t=12169.0: BATCH → Putting 2 wagons on retrofitted track retrofitted
15:39:23 | INFO     | t=12169.0: WAGON[W7897] → Added to retrofitted track retrofitted
15:39:23 | INFO     | t=12169.0: WAGON[W10233] → Added to retrofitted track retrofitted
15:39:23 | INFO     | t=12174.0: WORKSHOP[WS_02] → Released, notifying 1 waiting processes
15:39:23 | INFO     | t=12174.0: WORKSHOP → Workshop became available
15:39:23 | INFO     | t=12174.0: WORKSHOP[WS_02] → Selected for batch
15:39:23 | INFO     | t=12174.0: DISPATCHER → Assigned loco LOCO_02 to workshop_to_retrofitted (waited 58.0 min, pending=2)
15:39:23 | INFO     | t=12174.0: WAGON[W5760] → Added to batch
15:39:23 | INFO     | t=12174.0: BATCH[W10441,W5760] → Formed 2 wagons for WS_02
15:39:23 | INFO     | t=12174.0: LOCO[LOCO_02] → Allocated for pickup
15:39:23 | INFO     | t=12174.0: TRACK[retrofit] → Removed 2 wagons (34.2m freed)
15:39:23 | INFO     | t=12174.0: DISPATCHER → Task submitted: retrofit_to_workshop (pending=3)
15:39:23 | INFO     | t=12181.0: LOCO[LOCO_02] → TRAIN_PREP completed at WS_01 (2.0 min)
15:39:23 | INFO     | t=12186.0: BATCH → Putting 2 wagons on retrofitted track retrofitted
15:39:23 | INFO     | t=12186.0: WAGON[W2815] → Added to retrofitted track retrofitted
15:39:23 | INFO     | t=12186.0: WAGON[W2846] → Added to retrofitted track retrofitted
15:39:23 | INFO     | t=12191.0: WORKSHOP[WS_01] → Released, notifying 0 waiting processes
15:39:23 | INFO     | t=12191.0: DISPATCHER → Assigned loco LOCO_02 to retrofit_to_workshop (waited 17.0 min, pending=2)
15:39:23 | INFO     | t=12191.0: RAKE[W10441,W5760] → COUPLING at retrofit (1 couplings, 2.0 min)
15:39:23 | INFO     | t=12191.0: WAGON[W4802] → Retrieved from retrofit queue
15:39:23 | INFO     | t=12191.0: WORKSHOP[WS_01] → Selected for batch
15:39:23 | INFO     | t=12191.0: WAGON[W2910] → Added to batch
15:39:23 | INFO     | t=12191.0: BATCH[W4802,W2910] → Formed 2 wagons for WS_01
15:39:23 | INFO     | t=12191.0: TRACK[retrofit] → Removed 2 wagons (35.3m freed)
15:39:23 | INFO     | t=12191.0: DISPATCHER → Task submitted: retrofit_to_workshop (pending=3)
15:39:23 | INFO     | t=12195.5: LOCO[LOCO_01] → DECOUPLING at retrofit (21.0 min)
15:39:23 | INFO     | t=12198.0: LOCO[LOCO_02] → COUPLING at retrofit (2.0 min)
15:39:23 | INFO     | t=12200.0: LOCO[LOCO_02] → SHUNTING_PREP at retrofit (1.0 min)
15:39:23 | INFO     | EVENT_PUBLISHED: TrainArrivedEvent | train=T159 | time=12205.2
15:39:23 | INFO     | EVENT_HANDLING: TrainArrivedEvent -> RetrofitWorkshopContext._handle_train_arrived
15:39:23 | INFO     | EVENT_HANDLED: TrainArrivedEvent by RetrofitWorkshopContext._handle_train_arrived
15:39:23 | INFO     | t=12206.0: LOCO[LOCO_02] → DECOUPLING at WS_02 (3.0 min)
15:39:23 | INFO     | t=12209.0: RAKE[W10441,W5760] → DECOUPLING at WS_02 (1 couplings, 3.0 min)
15:39:23 | INFO     | t=12212.0: WAGON[W10441] → RETROFIT_STARTED at WS_02
15:39:23 | INFO     | t=12212.0: WAGON[W5760] → RETROFIT_STARTED at WS_02
15:39:23 | INFO     | t=12216.5: RAKE[W10435,W1122,W1120,W11518,W9071,W4506,W1439] → DECOUPLING at retrofit (6 couplings, 18.0 min)
15:39:23 | INFO     | t=12217.0: DISPATCHER → Assigned loco LOCO_02 to retrofit_to_workshop (waited 26.0 min, pending=2)
15:39:23 | INFO     | t=12217.0: RAKE[W4802,W2910] → COUPLING at retrofit (1 couplings, 2.0 min)
15:39:23 | INFO     | t=12217.0: WAGON[W10435] → Retrieved from retrofit queue
15:39:23 | INFO     | t=12217.0: WORKSHOP → No workshop available, waiting...
15:39:23 | INFO     | t=12224.0: LOCO[LOCO_02] → COUPLING at retrofit (2.0 min)
15:39:23 | INFO     | t=12226.0: LOCO[LOCO_02] → SHUNTING_PREP at retrofit (1.0 min)
15:39:23 | INFO     | EVENT_PUBLISHED: TrainArrivedEvent | train=T160 | time=12226.5
15:39:23 | INFO     | EVENT_HANDLING: TrainArrivedEvent -> RetrofitWorkshopContext._handle_train_arrived
15:39:23 | INFO     | EVENT_HANDLED: TrainArrivedEvent by RetrofitWorkshopContext._handle_train_arrived
15:39:23 | INFO     | t=12232.0: LOCO[LOCO_02] → DECOUPLING at WS_01 (3.0 min)
15:39:23 | INFO     | EVENT_PUBLISHED: TrainArrivedEvent | train=T161 | time=12234.0
15:39:23 | INFO     | EVENT_HANDLING: TrainArrivedEvent -> RetrofitWorkshopContext._handle_train_arrived
15:39:23 | INFO     | EVENT_HANDLED: TrainArrivedEvent by RetrofitWorkshopContext._handle_train_arrived
15:39:23 | INFO     | t=12235.0: RAKE[W4802,W2910] → DECOUPLING at WS_01 (1 couplings, 3.0 min)
15:39:23 | INFO     | t=12238.0: WAGON[W4802] → RETROFIT_STARTED at WS_01
15:39:23 | INFO     | t=12238.0: WAGON[W2910] → RETROFIT_STARTED at WS_01
15:39:23 | INFO     | t=12239.5: DISPATCHER → Assigned loco LOCO_01 to retrofitted_to_parking (waited 82.5 min, pending=1)
15:39:23 | INFO     | t=12239.5: LOCO[LOCO_01] → Allocated for parking transport
15:39:23 | INFO     | t=12239.5: Batch size limited by retrofit capacity: 8 wagons (120.5m) fits, 14 waiting
15:39:23 | INFO     | t=12239.5: COLLECTION → Reserving retrofit track capacity for 8 wagons
15:39:23 | INFO     | t=12239.5: COLLECTION → Capacity reserved, allocating locomotive
15:39:23 | INFO     | t=12239.5: DISPATCHER → Task submitted: collection_to_retrofit (pending=2)
15:39:23 | INFO     | t=12243.0: DISPATCHER → Assigned loco LOCO_02 to collection_to_retrofit (waited 234.5 min, pending=1)
15:39:23 | INFO     | t=12244.5: LOCO[LOCO_01] → TRAIN_PREP at retrofitted (coupling + prep, 3.0 min)
15:39:23 | INFO     | t=12252.5: LOCO[LOCO_01] → DECOUPLING at parking9 (2.0 min)
15:39:23 | INFO     | t=12254.5: RAKE[W5395,W2774,W7877,W5280] → DECOUPLING at parking9 (3 couplings, 1.5 min)
15:39:23 | INFO     | t=12261.0: LOCO[LOCO_01] → Releasing
15:39:23 | INFO     | t=12261.0: LOCO[LOCO_01] → Released
15:39:23 | INFO     | t=12261.0: PARKING → Got wagon W7897 from retrofitted
15:39:23 | INFO     | t=12261.0: DISPATCHER → Assigned loco LOCO_01 to collection_to_retrofit (waited 21.5 min, pending=0)
15:39:23 | INFO     | t=12261.0: LOCO → Allocating for parking transport
15:39:23 | INFO     | t=12261.0: DISPATCHER → Task submitted: retrofitted_to_parking (pending=1)
15:39:23 | INFO     | t=12272.0: RAKE[W10441,W5760] → COUPLING at WS_02 (1 couplings, 0.5 min)
15:39:23 | INFO     | t=12272.5: LOCO → Allocating for pickup from WS_02
15:39:23 | INFO     | t=12272.5: DISPATCHER → Task submitted: workshop_to_retrofitted (pending=2)
15:39:23 | INFO     | t=12298.0: RAKE[W4802,W2910] → COUPLING at WS_01 (1 couplings, 0.5 min)
15:39:23 | INFO     | t=12298.5: LOCO → Allocating for pickup from WS_01
15:39:23 | INFO     | t=12298.5: DISPATCHER → Task submitted: workshop_to_retrofitted (pending=3)
15:39:23 | INFO     | t=12303.0: LOCO[LOCO_02] → TRAIN_PREP at collection (coupling + prep, 5.0 min)
15:39:23 | INFO     | EVENT_PUBLISHED: TrainArrivedEvent | train=T162 | time=12314.2
15:39:23 | INFO     | EVENT_HANDLING: TrainArrivedEvent -> RetrofitWorkshopContext._handle_train_arrived
15:39:23 | INFO     | EVENT_HANDLED: TrainArrivedEvent by RetrofitWorkshopContext._handle_train_arrived
15:39:23 | INFO     | t=12321.0: LOCO[LOCO_01] → TRAIN_PREP at collection (coupling + prep, 17.0 min)
15:39:23 | INFO     | t=12368.0: LOCO[LOCO_02] → DECOUPLING at retrofit (6.0 min)
15:39:23 | INFO     | t=12374.0: RAKE[W0681,W8552] → DECOUPLING at retrofit (1 couplings, 3.0 min)
15:39:23 | INFO     | EVENT_PUBLISHED: TrainArrivedEvent | train=T163 | time=12376.5
15:39:23 | INFO     | EVENT_HANDLING: TrainArrivedEvent -> RetrofitWorkshopContext._handle_train_arrived
15:39:23 | INFO     | EVENT_HANDLED: TrainArrivedEvent by RetrofitWorkshopContext._handle_train_arrived
15:39:23 | INFO     | t=12382.0: Batch size limited by retrofit capacity: 1 wagons (23.2m) fits, 19 waiting
15:39:23 | INFO     | t=12382.0: DISPATCHER → Assigned loco LOCO_02 to workshop_to_retrofitted (waited 109.5 min, pending=2)
15:39:23 | INFO     | t=12382.0: COLLECTION → Reserving retrofit track capacity for 1 wagons
15:39:23 | INFO     | t=12382.0: LOCO[LOCO_02] → Allocated for pickup
15:39:23 | INFO     | t=12389.0: LOCO[LOCO_02] → TRAIN_PREP completed at WS_02 (2.0 min)
15:39:23 | INFO     | t=12394.0: BATCH → Putting 2 wagons on retrofitted track retrofitted
15:39:23 | INFO     | t=12394.0: WAGON[W10441] → Added to retrofitted track retrofitted
15:39:23 | INFO     | t=12394.0: WAGON[W5760] → Added to retrofitted track retrofitted
15:39:23 | INFO     | t=12398.0: LOCO[LOCO_01] → DECOUPLING at retrofit (24.0 min)
15:39:23 | INFO     | t=12399.0: WORKSHOP[WS_02] → Released, notifying 1 waiting processes
15:39:23 | INFO     | t=12399.0: WORKSHOP → Workshop became available
15:39:23 | INFO     | t=12399.0: WORKSHOP[WS_02] → Selected for batch
15:39:23 | INFO     | t=12399.0: DISPATCHER → Assigned loco LOCO_02 to workshop_to_retrofitted (waited 100.5 min, pending=1)
15:39:23 | INFO     | t=12399.0: WAGON[W1122] → Added to batch
15:39:23 | INFO     | t=12399.0: BATCH[W10435,W1122] → Formed 2 wagons for WS_02
15:39:23 | INFO     | t=12399.0: LOCO[LOCO_02] → Allocated for pickup
15:39:23 | INFO     | t=12399.0: TRACK[retrofit] → Removed 2 wagons (39.8m freed)
15:39:23 | INFO     | t=12399.0: DISPATCHER → Task submitted: retrofit_to_workshop (pending=2)
15:39:23 | INFO     | t=12399.0: COLLECTION → Capacity reserved, allocating locomotive
15:39:23 | INFO     | t=12399.0: DISPATCHER → Task submitted: collection_to_retrofit (pending=3)
15:39:23 | INFO     | EVENT_PUBLISHED: TrainArrivedEvent | train=T164 | time=12404.0
15:39:23 | INFO     | EVENT_HANDLING: TrainArrivedEvent -> RetrofitWorkshopContext._handle_train_arrived
15:39:23 | INFO     | EVENT_HANDLED: TrainArrivedEvent by RetrofitWorkshopContext._handle_train_arrived
15:39:23 | INFO     | t=12406.0: LOCO[LOCO_02] → TRAIN_PREP completed at WS_01 (2.0 min)
15:39:23 | INFO     | t=12411.0: BATCH → Putting 2 wagons on retrofitted track retrofitted
15:39:23 | INFO     | t=12411.0: WAGON[W4802] → Added to retrofitted track retrofitted
15:39:23 | INFO     | t=12411.0: WAGON[W2910] → Added to retrofitted track retrofitted
15:39:23 | INFO     | t=12416.0: WORKSHOP[WS_01] → Released, notifying 0 waiting processes
15:39:23 | INFO     | t=12416.0: DISPATCHER → Assigned loco LOCO_02 to retrofit_to_workshop (waited 17.0 min, pending=2)
15:39:23 | INFO     | t=12416.0: RAKE[W10435,W1122] → COUPLING at retrofit (1 couplings, 2.0 min)
15:39:23 | INFO     | t=12416.0: WAGON[W1120] → Retrieved from retrofit queue
15:39:23 | INFO     | t=12416.0: WORKSHOP[WS_01] → Selected for batch
15:39:23 | INFO     | t=12416.0: WAGON[W11518] → Added to batch
15:39:23 | INFO     | t=12416.0: BATCH[W1120,W11518] → Formed 2 wagons for WS_01
15:39:23 | INFO     | t=12416.0: TRACK[retrofit] → Removed 2 wagons (46.2m freed)
15:39:23 | INFO     | t=12416.0: DISPATCHER → Task submitted: retrofit_to_workshop (pending=3)
15:39:23 | INFO     | t=12422.0: RAKE[W10883,W10896,W6421,W10100,W2165,W6323,W6989,W12116] → DECOUPLING at retrofit (7 couplings, 21.0 min)
15:39:23 | INFO     | t=12423.0: LOCO[LOCO_02] → COUPLING at retrofit (2.0 min)
15:39:23 | INFO     | t=12425.0: LOCO[LOCO_02] → SHUNTING_PREP at retrofit (1.0 min)
15:39:23 | INFO     | t=12431.0: LOCO[LOCO_02] → DECOUPLING at WS_02 (3.0 min)
15:39:23 | INFO     | t=12434.0: RAKE[W10435,W1122] → DECOUPLING at WS_02 (1 couplings, 3.0 min)
15:39:23 | INFO     | t=12437.0: WAGON[W10435] → RETROFIT_STARTED at WS_02
15:39:23 | INFO     | t=12437.0: WAGON[W1122] → RETROFIT_STARTED at WS_02
15:39:23 | INFO     | t=12442.0: DISPATCHER → Assigned loco LOCO_02 to retrofit_to_workshop (waited 26.0 min, pending=2)
15:39:23 | INFO     | t=12442.0: RAKE[W1120,W11518] → COUPLING at retrofit (1 couplings, 2.0 min)
15:39:23 | INFO     | t=12442.0: WAGON[W9071] → Retrieved from retrofit queue
15:39:23 | INFO     | t=12442.0: WORKSHOP → No workshop available, waiting...
15:39:23 | INFO     | t=12448.0: DISPATCHER → Assigned loco LOCO_01 to retrofitted_to_parking (waited 187.0 min, pending=1)
15:39:23 | INFO     | t=12448.0: LOCO[LOCO_01] → Allocated for parking transport
15:39:23 | INFO     | t=12448.0: Batch size limited by retrofit capacity: 3 wagons (45.9m) fits, 15 waiting
15:39:23 | INFO     | t=12448.0: COLLECTION → Reserving retrofit track capacity for 3 wagons
15:39:23 | INFO     | t=12448.0: COLLECTION → Capacity reserved, allocating locomotive
15:39:23 | INFO     | t=12448.0: DISPATCHER → Task submitted: collection_to_retrofit (pending=2)
15:39:23 | INFO     | t=12449.0: LOCO[LOCO_02] → COUPLING at retrofit (2.0 min)
15:39:23 | INFO     | t=12451.0: LOCO[LOCO_02] → SHUNTING_PREP at retrofit (1.0 min)
15:39:23 | INFO     | t=12453.0: LOCO[LOCO_01] → TRAIN_PREP at retrofitted (coupling + prep, 3.0 min)
15:39:23 | INFO     | t=12457.0: LOCO[LOCO_02] → DECOUPLING at WS_01 (3.0 min)
15:39:23 | INFO     | t=12460.0: RAKE[W1120,W11518] → DECOUPLING at WS_01 (1 couplings, 3.0 min)
15:39:23 | INFO     | t=12463.0: WAGON[W1120] → RETROFIT_STARTED at WS_01
15:39:23 | INFO     | t=12463.0: WAGON[W11518] → RETROFIT_STARTED at WS_01
15:39:23 | INFO     | t=12468.0: DISPATCHER → Assigned loco LOCO_02 to collection_to_retrofit (waited 69.0 min, pending=1)
15:39:23 | INFO     | t=12497.0: RAKE[W10435,W1122] → COUPLING at WS_02 (1 couplings, 0.5 min)
15:39:23 | INFO     | t=12497.5: LOCO → Allocating for pickup from WS_02
15:39:23 | INFO     | t=12497.5: DISPATCHER → Task submitted: workshop_to_retrofitted (pending=2)
15:39:23 | INFO     | t=12516.0: LOCO[LOCO_01] → DECOUPLING at parking11 (2.0 min)
15:39:23 | INFO     | t=12518.0: RAKE[W7897,W10233,W2815,W2846] → DECOUPLING at parking11 (3 couplings, 1.5 min)
15:39:23 | INFO     | t=12523.0: RAKE[W1120,W11518] → COUPLING at WS_01 (1 couplings, 0.5 min)
15:39:23 | INFO     | t=12523.5: LOCO → Allocating for pickup from WS_01
15:39:23 | INFO     | t=12523.5: DISPATCHER → Task submitted: workshop_to_retrofitted (pending=3)
15:39:23 | INFO     | t=12528.0: LOCO[LOCO_02] → TRAIN_PREP at collection (coupling + prep, 3.0 min)
15:39:23 | INFO     | EVENT_PUBLISHED: TrainArrivedEvent | train=T165 | time=12560.2
15:39:23 | INFO     | EVENT_HANDLING: TrainArrivedEvent -> RetrofitWorkshopContext._handle_train_arrived
15:39:23 | INFO     | EVENT_HANDLED: TrainArrivedEvent by RetrofitWorkshopContext._handle_train_arrived
15:39:23 | INFO     | t=12579.5: LOCO[LOCO_01] → Releasing
15:39:23 | INFO     | t=12579.5: LOCO[LOCO_01] → Released
15:39:23 | INFO     | t=12579.5: PARKING → Got wagon W10441 from retrofitted
15:39:23 | INFO     | t=12579.5: DISPATCHER → Assigned loco LOCO_01 to workshop_to_retrofitted (waited 82.0 min, pending=2)
15:39:23 | INFO     | t=12579.5: LOCO[LOCO_01] → Allocated for pickup
15:39:23 | INFO     | t=12579.5: LOCO → Allocating for parking transport
15:39:23 | INFO     | t=12579.5: DISPATCHER → Task submitted: retrofitted_to_parking (pending=3)
15:39:23 | INFO     | t=12586.5: LOCO[LOCO_01] → TRAIN_PREP completed at WS_02 (2.0 min)
15:39:23 | INFO     | t=12591.0: LOCO[LOCO_02] → DECOUPLING at retrofit (3.0 min)
15:39:23 | INFO     | t=12591.5: BATCH → Putting 2 wagons on retrofitted track retrofitted
15:39:23 | INFO     | t=12591.5: WAGON[W10435] → Added to retrofitted track retrofitted
15:39:23 | INFO     | t=12591.5: WAGON[W1122] → Added to retrofitted track retrofitted
15:39:23 | INFO     | t=12594.0: RAKE[W12221] → DECOUPLING at retrofit (0 couplings, 0.0 min)
15:39:23 | INFO     | EVENT_PUBLISHED: TrainArrivedEvent | train=T166 | time=12594.5
15:39:23 | INFO     | EVENT_HANDLING: TrainArrivedEvent -> RetrofitWorkshopContext._handle_train_arrived
15:39:23 | INFO     | EVENT_HANDLED: TrainArrivedEvent by RetrofitWorkshopContext._handle_train_arrived
15:39:23 | INFO     | t=12596.5: WORKSHOP[WS_02] → Released, notifying 1 waiting processes
15:39:23 | INFO     | t=12596.5: WORKSHOP → Workshop became available
15:39:23 | INFO     | t=12596.5: WORKSHOP[WS_02] → Selected for batch
15:39:23 | INFO     | t=12596.5: DISPATCHER → Assigned loco LOCO_01 to workshop_to_retrofitted (waited 73.0 min, pending=2)
15:39:23 | INFO     | t=12596.5: WAGON[W4506] → Added to batch
15:39:23 | INFO     | t=12596.5: BATCH[W9071,W4506] → Formed 2 wagons for WS_02
15:39:23 | INFO     | t=12596.5: LOCO[LOCO_01] → Allocated for pickup
15:39:23 | INFO     | t=12596.5: TRACK[retrofit] → Removed 2 wagons (37.9m freed)
15:39:23 | INFO     | t=12596.5: DISPATCHER → Task submitted: retrofit_to_workshop (pending=3)
15:39:23 | INFO     | EVENT_PUBLISHED: TrainArrivedEvent | train=T167 | time=12597.0
15:39:23 | INFO     | EVENT_HANDLING: TrainArrivedEvent -> RetrofitWorkshopContext._handle_train_arrived
15:39:23 | INFO     | EVENT_HANDLED: TrainArrivedEvent by RetrofitWorkshopContext._handle_train_arrived
15:39:23 | INFO     | t=12599.0: DISPATCHER → Assigned loco LOCO_02 to retrofit_to_workshop (waited 2.5 min, pending=2)
15:39:23 | INFO     | t=12599.0: RAKE[W9071,W4506] → COUPLING at retrofit (1 couplings, 2.0 min)
15:39:23 | INFO     | t=12599.0: Batch size limited by retrofit capacity: 3 wagons (50.6m) fits, 17 waiting
15:39:23 | INFO     | t=12599.0: WAGON[W1439] → Retrieved from retrofit queue
15:39:23 | INFO     | t=12599.0: WORKSHOP → No workshop available, waiting...
15:39:23 | INFO     | t=12599.0: COLLECTION → Reserving retrofit track capacity for 3 wagons
15:39:23 | INFO     | t=12599.0: COLLECTION → Capacity reserved, allocating locomotive
15:39:23 | INFO     | t=12599.0: DISPATCHER → Task submitted: collection_to_retrofit (pending=3)
15:39:23 | INFO     | t=12603.5: LOCO[LOCO_01] → TRAIN_PREP completed at WS_01 (2.0 min)
15:39:23 | INFO     | t=12606.0: LOCO[LOCO_02] → COUPLING at retrofit (2.0 min)
15:39:23 | INFO     | t=12608.0: LOCO[LOCO_02] → SHUNTING_PREP at retrofit (1.0 min)
15:39:23 | INFO     | t=12608.5: BATCH → Putting 2 wagons on retrofitted track retrofitted
15:39:23 | INFO     | t=12608.5: WAGON[W1120] → Added to retrofitted track retrofitted
15:39:23 | INFO     | t=12608.5: WAGON[W11518] → Added to retrofitted track retrofitted
15:39:23 | INFO     | EVENT_PUBLISHED: TrainArrivedEvent | train=T168 | time=12611.0
15:39:23 | INFO     | EVENT_HANDLING: TrainArrivedEvent -> RetrofitWorkshopContext._handle_train_arrived
15:39:23 | INFO     | EVENT_HANDLED: TrainArrivedEvent by RetrofitWorkshopContext._handle_train_arrived
15:39:23 | INFO     | t=12613.5: WORKSHOP[WS_01] → Released, notifying 1 waiting processes
15:39:23 | INFO     | t=12613.5: WORKSHOP → Workshop became available
15:39:23 | INFO     | t=12613.5: WORKSHOP[WS_01] → Selected for batch
15:39:23 | INFO     | t=12613.5: DISPATCHER → Assigned loco LOCO_01 to retrofitted_to_parking (waited 34.0 min, pending=2)
15:39:23 | INFO     | t=12613.5: WAGON[W0681] → Added to batch
15:39:23 | INFO     | t=12613.5: BATCH[W1439,W0681] → Formed 2 wagons for WS_01
15:39:23 | INFO     | t=12613.5: LOCO[LOCO_01] → Allocated for parking transport
15:39:23 | INFO     | t=12613.5: TRACK[retrofit] → Removed 2 wagons (50.2m freed)
15:39:23 | INFO     | t=12613.5: DISPATCHER → Task submitted: retrofit_to_workshop (pending=3)
15:39:23 | INFO     | t=12614.0: LOCO[LOCO_02] → DECOUPLING at WS_02 (3.0 min)
15:39:23 | INFO     | t=12617.0: RAKE[W9071,W4506] → DECOUPLING at WS_02 (1 couplings, 3.0 min)
15:39:23 | INFO     | t=12618.5: LOCO[LOCO_01] → TRAIN_PREP at retrofitted (coupling + prep, 3.0 min)
15:39:23 | INFO     | t=12620.0: WAGON[W9071] → RETROFIT_STARTED at WS_02
15:39:23 | INFO     | t=12620.0: WAGON[W4506] → RETROFIT_STARTED at WS_02
15:39:23 | INFO     | t=12625.0: DISPATCHER → Assigned loco LOCO_02 to retrofit_to_workshop (waited 11.5 min, pending=2)
15:39:23 | INFO     | t=12625.0: RAKE[W1439,W0681] → COUPLING at retrofit (1 couplings, 2.0 min)
15:39:23 | INFO     | t=12625.0: WAGON[W8552] → Retrieved from retrofit queue
15:39:23 | INFO     | t=12625.0: WORKSHOP → No workshop available, waiting...
15:39:23 | INFO     | t=12632.0: LOCO[LOCO_02] → COUPLING at retrofit (2.0 min)
15:39:23 | INFO     | t=12634.0: LOCO[LOCO_02] → SHUNTING_PREP at retrofit (1.0 min)
15:39:23 | INFO     | t=12640.0: LOCO[LOCO_02] → DECOUPLING at WS_01 (3.0 min)
15:39:23 | INFO     | t=12643.0: RAKE[W1439,W0681] → DECOUPLING at WS_01 (1 couplings, 3.0 min)
15:39:23 | INFO     | t=12646.0: WAGON[W1439] → RETROFIT_STARTED at WS_01
15:39:23 | INFO     | t=12646.0: WAGON[W0681] → RETROFIT_STARTED at WS_01
15:39:23 | INFO     | t=12651.0: DISPATCHER → Assigned loco LOCO_02 to collection_to_retrofit (waited 203.0 min, pending=1)
15:39:23 | INFO     | EVENT_PUBLISHED: TrainArrivedEvent | train=T169 | time=12663.0
15:39:23 | INFO     | EVENT_HANDLING: TrainArrivedEvent -> RetrofitWorkshopContext._handle_train_arrived
15:39:23 | INFO     | EVENT_HANDLED: TrainArrivedEvent by RetrofitWorkshopContext._handle_train_arrived
15:39:23 | INFO     | EVENT_PUBLISHED: TrainArrivedEvent | train=T170 | time=12669.0
15:39:23 | INFO     | EVENT_HANDLING: TrainArrivedEvent -> RetrofitWorkshopContext._handle_train_arrived
15:39:23 | INFO     | EVENT_HANDLED: TrainArrivedEvent by RetrofitWorkshopContext._handle_train_arrived
15:39:23 | INFO     | t=12680.0: RAKE[W9071,W4506] → COUPLING at WS_02 (1 couplings, 0.5 min)
15:39:23 | INFO     | t=12680.5: LOCO → Allocating for pickup from WS_02
15:39:23 | INFO     | t=12680.5: DISPATCHER → Task submitted: workshop_to_retrofitted (pending=2)
15:39:23 | INFO     | t=12681.5: LOCO[LOCO_01] → DECOUPLING at parking10 (2.0 min)
15:39:23 | INFO     | t=12683.5: RAKE[W10441,W5760,W4802,W2910] → DECOUPLING at parking10 (3 couplings, 1.5 min)
15:39:23 | INFO     | t=12706.0: RAKE[W1439,W0681] → COUPLING at WS_01 (1 couplings, 0.5 min)
15:39:23 | INFO     | t=12706.5: LOCO → Allocating for pickup from WS_01
15:39:23 | INFO     | t=12706.5: DISPATCHER → Task submitted: workshop_to_retrofitted (pending=3)
15:39:23 | INFO     | t=12711.0: LOCO[LOCO_02] → TRAIN_PREP at collection (coupling + prep, 7.0 min)
15:39:23 | INFO     | t=12745.0: LOCO[LOCO_01] → Releasing
15:39:23 | INFO     | t=12745.0: LOCO[LOCO_01] → Released
15:39:23 | INFO     | t=12745.0: PARKING → Got wagon W10435 from retrofitted
15:39:23 | INFO     | t=12745.0: DISPATCHER → Assigned loco LOCO_01 to workshop_to_retrofitted (waited 64.5 min, pending=2)
15:39:23 | INFO     | t=12745.0: LOCO[LOCO_01] → Allocated for pickup
15:39:23 | INFO     | t=12745.0: LOCO → Allocating for parking transport
15:39:23 | INFO     | t=12745.0: DISPATCHER → Task submitted: retrofitted_to_parking (pending=3)
15:39:23 | INFO     | EVENT_PUBLISHED: TrainArrivedEvent | train=T171 | time=12748.5
15:39:23 | INFO     | EVENT_HANDLING: TrainArrivedEvent -> RetrofitWorkshopContext._handle_train_arrived
15:39:23 | INFO     | EVENT_HANDLED: TrainArrivedEvent by RetrofitWorkshopContext._handle_train_arrived
15:39:23 | INFO     | t=12752.0: LOCO[LOCO_01] → TRAIN_PREP completed at WS_02 (2.0 min)
15:39:23 | INFO     | t=12757.0: BATCH → Putting 2 wagons on retrofitted track retrofitted
15:39:23 | INFO     | t=12757.0: WAGON[W9071] → Added to retrofitted track retrofitted
15:39:23 | INFO     | t=12757.0: WAGON[W4506] → Added to retrofitted track retrofitted
15:39:23 | INFO     | t=12762.0: WORKSHOP[WS_02] → Released, notifying 1 waiting processes
15:39:23 | INFO     | t=12762.0: WORKSHOP → Workshop became available
15:39:23 | INFO     | t=12762.0: WORKSHOP[WS_02] → Selected for batch
15:39:23 | INFO     | t=12762.0: DISPATCHER → Assigned loco LOCO_01 to workshop_to_retrofitted (waited 55.5 min, pending=2)
15:39:23 | INFO     | t=12762.0: WAGON[W10883] → Added to batch
15:39:23 | INFO     | t=12762.0: BATCH[W8552,W10883] → Formed 2 wagons for WS_02
15:39:23 | INFO     | t=12762.0: LOCO[LOCO_01] → Allocated for pickup
15:39:23 | INFO     | t=12762.0: TRACK[retrofit] → Removed 2 wagons (35.9m freed)
15:39:23 | INFO     | t=12762.0: DISPATCHER → Task submitted: retrofit_to_workshop (pending=3)
15:39:23 | INFO     | t=12769.0: LOCO[LOCO_01] → TRAIN_PREP completed at WS_01 (2.0 min)
15:39:23 | INFO     | t=12774.0: BATCH → Putting 2 wagons on retrofitted track retrofitted
15:39:23 | INFO     | t=12774.0: WAGON[W1439] → Added to retrofitted track retrofitted
15:39:23 | INFO     | t=12774.0: WAGON[W0681] → Added to retrofitted track retrofitted
15:39:23 | INFO     | EVENT_PUBLISHED: TrainArrivedEvent | train=T172 | time=12777.0
15:39:23 | INFO     | EVENT_HANDLING: TrainArrivedEvent -> RetrofitWorkshopContext._handle_train_arrived
15:39:23 | INFO     | EVENT_HANDLED: TrainArrivedEvent by RetrofitWorkshopContext._handle_train_arrived
15:39:23 | INFO     | t=12778.0: LOCO[LOCO_02] → DECOUPLING at retrofit (9.0 min)
15:39:23 | INFO     | t=12779.0: WORKSHOP[WS_01] → Released, notifying 0 waiting processes
15:39:23 | INFO     | t=12779.0: DISPATCHER → Assigned loco LOCO_01 to retrofit_to_workshop (waited 17.0 min, pending=2)
15:39:23 | INFO     | t=12779.0: RAKE[W8552,W10883] → COUPLING at retrofit (1 couplings, 2.0 min)
15:39:23 | INFO     | t=12779.0: WAGON[W10896] → Retrieved from retrofit queue
15:39:23 | INFO     | t=12779.0: WORKSHOP[WS_01] → Selected for batch
15:39:23 | INFO     | t=12779.0: WAGON[W6421] → Added to batch
15:39:23 | INFO     | t=12779.0: BATCH[W10896,W6421] → Formed 2 wagons for WS_01
15:39:23 | INFO     | t=12779.0: TRACK[retrofit] → Removed 2 wagons (26.8m freed)
15:39:23 | INFO     | t=12779.0: DISPATCHER → Task submitted: retrofit_to_workshop (pending=3)
15:39:23 | INFO     | t=12786.0: LOCO[LOCO_01] → COUPLING at retrofit (2.0 min)
15:39:23 | INFO     | t=12787.0: RAKE[W5992,W9943,W9430] → DECOUPLING at retrofit (2 couplings, 6.0 min)
15:39:23 | INFO     | EVENT_PUBLISHED: TrainArrivedEvent | train=T173 | time=12787.2
15:39:23 | INFO     | EVENT_HANDLING: TrainArrivedEvent -> RetrofitWorkshopContext._handle_train_arrived
15:39:23 | INFO     | EVENT_HANDLED: TrainArrivedEvent by RetrofitWorkshopContext._handle_train_arrived
15:39:23 | INFO     | t=12788.0: LOCO[LOCO_01] → SHUNTING_PREP at retrofit (1.0 min)
15:39:23 | INFO     | t=12794.0: LOCO[LOCO_01] → DECOUPLING at WS_02 (3.0 min)
15:39:23 | INFO     | t=12797.0: RAKE[W8552,W10883] → DECOUPLING at WS_02 (1 couplings, 3.0 min)
15:39:23 | INFO     | t=12798.0: DISPATCHER → Assigned loco LOCO_02 to retrofit_to_workshop (waited 19.0 min, pending=2)
15:39:23 | INFO     | t=12798.0: RAKE[W10896,W6421] → COUPLING at retrofit (1 couplings, 2.0 min)
15:39:23 | INFO     | t=12798.0: WAGON[W10100] → Retrieved from retrofit queue
15:39:23 | INFO     | t=12798.0: WORKSHOP → No workshop available, waiting...
15:39:23 | INFO     | t=12798.0: Batch size limited by retrofit capacity: 6 wagons (113.9m) fits, 13 waiting
15:39:23 | INFO     | t=12798.0: COLLECTION → Reserving retrofit track capacity for 6 wagons
15:39:23 | INFO     | t=12798.0: COLLECTION → Capacity reserved, allocating locomotive
15:39:23 | INFO     | t=12798.0: DISPATCHER → Task submitted: collection_to_retrofit (pending=3)
15:39:23 | INFO     | t=12800.0: WAGON[W8552] → RETROFIT_STARTED at WS_02
15:39:23 | INFO     | t=12800.0: WAGON[W10883] → RETROFIT_STARTED at WS_02
15:39:23 | INFO     | t=12805.0: LOCO[LOCO_02] → COUPLING at retrofit (2.0 min)
15:39:23 | INFO     | t=12805.0: DISPATCHER → Assigned loco LOCO_01 to retrofitted_to_parking (waited 60.0 min, pending=2)
15:39:23 | INFO     | t=12805.0: LOCO[LOCO_01] → Allocated for parking transport
15:39:23 | INFO     | t=12807.0: LOCO[LOCO_02] → SHUNTING_PREP at retrofit (1.0 min)
15:39:23 | INFO     | t=12810.0: LOCO[LOCO_01] → TRAIN_PREP at retrofitted (coupling + prep, 3.0 min)
15:39:23 | INFO     | t=12813.0: LOCO[LOCO_02] → DECOUPLING at WS_01 (3.0 min)
15:39:23 | INFO     | t=12816.0: RAKE[W10896,W6421] → DECOUPLING at WS_01 (1 couplings, 3.0 min)
15:39:23 | INFO     | t=12819.0: WAGON[W10896] → RETROFIT_STARTED at WS_01
15:39:23 | INFO     | t=12819.0: WAGON[W6421] → RETROFIT_STARTED at WS_01
15:39:23 | INFO     | t=12824.0: DISPATCHER → Assigned loco LOCO_02 to collection_to_retrofit (waited 225.0 min, pending=1)
15:39:23 | INFO     | t=12860.0: RAKE[W8552,W10883] → COUPLING at WS_02 (1 couplings, 0.5 min)
15:39:23 | INFO     | t=12860.5: LOCO → Allocating for pickup from WS_02
15:39:23 | INFO     | t=12860.5: DISPATCHER → Task submitted: workshop_to_retrofitted (pending=2)
15:39:23 | INFO     | t=12879.0: RAKE[W10896,W6421] → COUPLING at WS_01 (1 couplings, 0.5 min)
15:39:23 | INFO     | t=12879.5: LOCO → Allocating for pickup from WS_01
15:39:23 | INFO     | t=12879.5: DISPATCHER → Task submitted: workshop_to_retrofitted (pending=3)
15:39:23 | INFO     | t=12884.0: LOCO[LOCO_02] → TRAIN_PREP at collection (coupling + prep, 7.0 min)
15:39:23 | INFO     | t=12888.0: LOCO[LOCO_01] → DECOUPLING at parking14 (2.0 min)
15:39:23 | INFO     | t=12890.0: RAKE[W10435,W1122,W1120,W11518] → DECOUPLING at parking14 (3 couplings, 1.5 min)
15:39:23 | INFO     | EVENT_PUBLISHED: TrainArrivedEvent | train=T174 | time=12939.0
15:39:23 | INFO     | EVENT_HANDLING: TrainArrivedEvent -> RetrofitWorkshopContext._handle_train_arrived
15:39:23 | INFO     | EVENT_HANDLED: TrainArrivedEvent by RetrofitWorkshopContext._handle_train_arrived
15:39:23 | INFO     | t=12951.0: LOCO[LOCO_02] → DECOUPLING at retrofit (9.0 min)
15:39:23 | INFO     | t=12951.5: LOCO[LOCO_01] → Releasing
15:39:23 | INFO     | t=12951.5: LOCO[LOCO_01] → Released
15:39:23 | INFO     | t=12951.5: PARKING → Got wagon W9071 from retrofitted
15:39:23 | INFO     | t=12951.5: DISPATCHER → Assigned loco LOCO_01 to workshop_to_retrofitted (waited 91.0 min, pending=2)
15:39:23 | INFO     | t=12951.5: LOCO[LOCO_01] → Allocated for pickup
15:39:23 | INFO     | t=12951.5: LOCO → Allocating for parking transport
15:39:23 | INFO     | t=12951.5: DISPATCHER → Task submitted: retrofitted_to_parking (pending=3)
15:39:23 | INFO     | EVENT_PUBLISHED: TrainArrivedEvent | train=T175 | time=12954.5
15:39:23 | INFO     | EVENT_HANDLING: TrainArrivedEvent -> RetrofitWorkshopContext._handle_train_arrived
15:39:23 | INFO     | EVENT_HANDLED: TrainArrivedEvent by RetrofitWorkshopContext._handle_train_arrived
15:39:23 | INFO     | t=12958.5: LOCO[LOCO_01] → TRAIN_PREP completed at WS_02 (2.0 min)
15:39:23 | INFO     | t=12960.0: RAKE[W5173,W4380,W5872] → DECOUPLING at retrofit (2 couplings, 6.0 min)
15:39:23 | INFO     | EVENT_PUBLISHED: TrainArrivedEvent | train=T176 | time=12963.5
15:39:23 | INFO     | EVENT_HANDLING: TrainArrivedEvent -> RetrofitWorkshopContext._handle_train_arrived
15:39:23 | INFO     | EVENT_HANDLED: TrainArrivedEvent by RetrofitWorkshopContext._handle_train_arrived
15:39:23 | INFO     | t=12963.5: BATCH → Putting 2 wagons on retrofitted track retrofitted
15:39:23 | INFO     | t=12963.5: WAGON[W8552] → Added to retrofitted track retrofitted
15:39:23 | INFO     | t=12963.5: WAGON[W10883] → Added to retrofitted track retrofitted
15:39:23 | INFO     | t=12968.5: WORKSHOP[WS_02] → Released, notifying 1 waiting processes
15:39:23 | INFO     | t=12968.5: WORKSHOP → Workshop became available
15:39:23 | INFO     | t=12968.5: WORKSHOP[WS_02] → Selected for batch
15:39:23 | INFO     | t=12968.5: DISPATCHER → Assigned loco LOCO_01 to workshop_to_retrofitted (waited 89.0 min, pending=2)
15:39:23 | INFO     | t=12968.5: WAGON[W2165] → Added to batch
15:39:23 | INFO     | t=12968.5: BATCH[W10100,W2165] → Formed 2 wagons for WS_02
15:39:23 | INFO     | t=12968.5: LOCO[LOCO_01] → Allocated for pickup
15:39:23 | INFO     | t=12968.5: TRACK[retrofit] → Removed 2 wagons (29.7m freed)
15:39:23 | INFO     | t=12968.5: DISPATCHER → Task submitted: retrofit_to_workshop (pending=3)
15:39:23 | INFO     | t=12971.0: DISPATCHER → Assigned loco LOCO_02 to retrofit_to_workshop (waited 2.5 min, pending=2)
15:39:23 | INFO     | t=12971.0: Batch size limited by retrofit capacity: 2 wagons (29.5m) fits, 18 waiting
15:39:23 | INFO     | t=12971.0: RAKE[W10100,W2165] → COUPLING at retrofit (1 couplings, 2.0 min)
15:39:23 | INFO     | t=12971.0: COLLECTION → Reserving retrofit track capacity for 2 wagons
15:39:23 | INFO     | t=12971.0: WAGON[W6323] → Retrieved from retrofit queue
15:39:23 | INFO     | t=12971.0: WORKSHOP → No workshop available, waiting...
15:39:23 | INFO     | t=12971.0: COLLECTION → Capacity reserved, allocating locomotive
15:39:23 | INFO     | t=12971.0: DISPATCHER → Task submitted: collection_to_retrofit (pending=3)
15:39:23 | INFO     | t=12975.5: LOCO[LOCO_01] → TRAIN_PREP completed at WS_01 (2.0 min)
15:39:23 | INFO     | t=12978.0: LOCO[LOCO_02] → COUPLING at retrofit (2.0 min)
15:39:23 | INFO     | t=12980.0: LOCO[LOCO_02] → SHUNTING_PREP at retrofit (1.0 min)
15:39:23 | INFO     | t=12980.5: BATCH → Putting 2 wagons on retrofitted track retrofitted
15:39:23 | INFO     | t=12980.5: WAGON[W10896] → Added to retrofitted track retrofitted
15:39:23 | INFO     | t=12980.5: WAGON[W6421] → Added to retrofitted track retrofitted
15:39:23 | INFO     | t=12985.5: WORKSHOP[WS_01] → Released, notifying 1 waiting processes
15:39:23 | INFO     | t=12985.5: WORKSHOP → Workshop became available
15:39:23 | INFO     | t=12985.5: WORKSHOP[WS_01] → Selected for batch
15:39:23 | INFO     | t=12985.5: DISPATCHER → Assigned loco LOCO_01 to retrofitted_to_parking (waited 34.0 min, pending=2)
15:39:23 | INFO     | t=12985.5: WAGON[W6989] → Added to batch
15:39:23 | INFO     | t=12985.5: BATCH[W6323,W6989] → Formed 2 wagons for WS_01
15:39:23 | INFO     | t=12985.5: LOCO[LOCO_01] → Allocated for parking transport
15:39:23 | INFO     | t=12985.5: TRACK[retrofit] → Removed 2 wagons (28.1m freed)
15:39:23 | INFO     | t=12985.5: DISPATCHER → Task submitted: retrofit_to_workshop (pending=3)
15:39:23 | INFO     | t=12986.0: LOCO[LOCO_02] → DECOUPLING at WS_02 (3.0 min)
15:39:23 | INFO     | t=12989.0: RAKE[W10100,W2165] → DECOUPLING at WS_02 (1 couplings, 3.0 min)
15:39:23 | INFO     | t=12990.5: LOCO[LOCO_01] → TRAIN_PREP at retrofitted (coupling + prep, 3.0 min)
15:39:23 | INFO     | t=12992.0: WAGON[W10100] → RETROFIT_STARTED at WS_02
15:39:23 | INFO     | t=12992.0: WAGON[W2165] → RETROFIT_STARTED at WS_02
15:39:23 | INFO     | t=12997.0: DISPATCHER → Assigned loco LOCO_02 to retrofit_to_workshop (waited 11.5 min, pending=2)
15:39:23 | INFO     | t=12997.0: RAKE[W6323,W6989] → COUPLING at retrofit (1 couplings, 2.0 min)
15:39:23 | INFO     | t=12997.0: WAGON[W12116] → Retrieved from retrofit queue
15:39:23 | INFO     | t=12997.0: WORKSHOP → No workshop available, waiting...
15:39:23 | INFO     | t=12998.5: LOCO[LOCO_01] → DECOUPLING at parking2 (2.0 min)
15:39:23 | INFO     | t=13000.5: RAKE[W9071,W4506,W1439,W0681] → DECOUPLING at parking2 (3 couplings, 1.5 min)
15:39:23 | INFO     | t=13004.0: LOCO[LOCO_02] → COUPLING at retrofit (2.0 min)
15:39:23 | INFO     | t=13006.0: LOCO[LOCO_02] → SHUNTING_PREP at retrofit (1.0 min)
15:39:23 | INFO     | t=13007.0: LOCO[LOCO_01] → Releasing
15:39:23 | INFO     | t=13007.0: LOCO[LOCO_01] → Released
15:39:23 | INFO     | t=13007.0: PARKING → Got wagon W8552 from retrofitted
15:39:23 | INFO     | t=13007.0: DISPATCHER → Assigned loco LOCO_01 to collection_to_retrofit (waited 209.0 min, pending=1)
15:39:23 | INFO     | t=13007.0: LOCO → Allocating for parking transport
15:39:23 | INFO     | t=13007.0: DISPATCHER → Task submitted: retrofitted_to_parking (pending=2)
15:39:23 | INFO     | t=13012.0: LOCO[LOCO_02] → DECOUPLING at WS_01 (3.0 min)
15:39:23 | INFO     | t=13015.0: RAKE[W6323,W6989] → DECOUPLING at WS_01 (1 couplings, 3.0 min)
15:39:23 | INFO     | EVENT_PUBLISHED: TrainArrivedEvent | train=T177 | time=13015.8
15:39:23 | INFO     | EVENT_HANDLING: TrainArrivedEvent -> RetrofitWorkshopContext._handle_train_arrived
15:39:23 | INFO     | EVENT_HANDLED: TrainArrivedEvent by RetrofitWorkshopContext._handle_train_arrived
15:39:23 | INFO     | t=13018.0: WAGON[W6323] → RETROFIT_STARTED at WS_01
15:39:23 | INFO     | t=13018.0: WAGON[W6989] → RETROFIT_STARTED at WS_01
15:39:23 | INFO     | t=13023.0: DISPATCHER → Assigned loco LOCO_02 to retrofitted_to_parking (waited 16.0 min, pending=1)
15:39:23 | INFO     | t=13023.0: LOCO[LOCO_02] → Allocated for parking transport
15:39:23 | INFO     | t=13028.0: LOCO[LOCO_02] → TRAIN_PREP at retrofitted (coupling + prep, 3.0 min)
15:39:23 | INFO     | t=13036.0: LOCO[LOCO_02] → DECOUPLING at parking6 (2.0 min)
15:39:23 | INFO     | t=13038.0: RAKE[W8552,W10883,W10896,W6421] → DECOUPLING at parking6 (3 couplings, 1.5 min)
15:39:23 | INFO     | t=13044.5: LOCO[LOCO_02] → Releasing
15:39:23 | INFO     | t=13044.5: LOCO[LOCO_02] → Released
15:39:23 | INFO     | t=13044.5: DISPATCHER → Assigned loco LOCO_02 to collection_to_retrofit (waited 73.5 min, pending=0)
15:39:23 | INFO     | t=13052.0: RAKE[W10100,W2165] → COUPLING at WS_02 (1 couplings, 0.5 min)
15:39:23 | INFO     | t=13052.5: LOCO → Allocating for pickup from WS_02
15:39:23 | INFO     | t=13052.5: DISPATCHER → Task submitted: workshop_to_retrofitted (pending=1)
15:39:23 | INFO     | t=13067.0: LOCO[LOCO_01] → TRAIN_PREP at collection (coupling + prep, 13.0 min)
15:39:23 | INFO     | t=13078.0: RAKE[W6323,W6989] → COUPLING at WS_01 (1 couplings, 0.5 min)
15:39:23 | INFO     | t=13078.5: LOCO → Allocating for pickup from WS_01
15:39:23 | INFO     | t=13078.5: DISPATCHER → Task submitted: workshop_to_retrofitted (pending=2)
15:39:23 | INFO     | EVENT_PUBLISHED: TrainArrivedEvent | train=T178 | time=13103.5
15:39:23 | INFO     | EVENT_HANDLING: TrainArrivedEvent -> RetrofitWorkshopContext._handle_train_arrived
15:39:23 | INFO     | EVENT_HANDLED: TrainArrivedEvent by RetrofitWorkshopContext._handle_train_arrived
15:39:23 | INFO     | t=13104.5: LOCO[LOCO_02] → TRAIN_PREP at collection (coupling + prep, 5.0 min)
15:39:23 | INFO     | t=13140.0: LOCO[LOCO_01] → DECOUPLING at retrofit (18.0 min)
15:39:23 | INFO     | t=13158.0: RAKE[W7598,W7513,W9727,W0674,W5420,W6936] → DECOUPLING at retrofit (5 couplings, 15.0 min)
15:39:23 | INFO     | t=13169.5: LOCO[LOCO_02] → DECOUPLING at retrofit (6.0 min)
15:39:23 | INFO     | EVENT_PUBLISHED: TrainArrivedEvent | train=T179 | time=13171.8
15:39:23 | INFO     | EVENT_HANDLING: TrainArrivedEvent -> RetrofitWorkshopContext._handle_train_arrived
15:39:23 | INFO     | EVENT_HANDLED: TrainArrivedEvent by RetrofitWorkshopContext._handle_train_arrived
15:39:23 | INFO     | t=13175.5: RAKE[W0093,W3413] → DECOUPLING at retrofit (1 couplings, 3.0 min)
15:39:23 | INFO     | t=13178.0: Batch size limited by retrofit capacity: 1 wagons (19.9m) fits, 19 waiting
15:39:23 | INFO     | t=13178.0: DISPATCHER → Assigned loco LOCO_01 to workshop_to_retrofitted (waited 125.5 min, pending=1)
15:39:23 | INFO     | t=13178.0: COLLECTION → Reserving retrofit track capacity for 1 wagons
15:39:23 | INFO     | t=13178.0: LOCO[LOCO_01] → Allocated for pickup
15:39:23 | INFO     | t=13178.0: COLLECTION → Capacity reserved, allocating locomotive
15:39:23 | INFO     | t=13178.0: DISPATCHER → Task submitted: collection_to_retrofit (pending=2)
15:39:23 | INFO     | t=13183.5: Batch size limited by retrofit capacity: 1 wagons (23.3m) fits, 18 waiting
15:39:23 | INFO     | t=13183.5: DISPATCHER → Assigned loco LOCO_02 to workshop_to_retrofitted (waited 105.0 min, pending=1)
15:39:23 | INFO     | t=13183.5: COLLECTION → Reserving retrofit track capacity for 1 wagons
15:39:23 | INFO     | t=13183.5: LOCO[LOCO_02] → Allocated for pickup
15:39:23 | INFO     | t=13185.0: LOCO[LOCO_01] → TRAIN_PREP completed at WS_02 (2.0 min)
15:39:23 | INFO     | t=13190.0: BATCH → Putting 2 wagons on retrofitted track retrofitted
15:39:23 | INFO     | t=13190.0: WAGON[W10100] → Added to retrofitted track retrofitted
15:39:23 | INFO     | t=13190.0: WAGON[W2165] → Added to retrofitted track retrofitted
15:39:23 | INFO     | t=13190.0: PARKING → Got wagon W10100 from retrofitted
15:39:23 | INFO     | t=13190.0: LOCO → Allocating for parking transport
15:39:23 | INFO     | t=13190.0: DISPATCHER → Task submitted: retrofitted_to_parking (pending=2)
15:39:23 | INFO     | t=13190.5: LOCO[LOCO_02] → TRAIN_PREP completed at WS_01 (2.0 min)
15:39:23 | INFO     | t=13195.0: WORKSHOP[WS_02] → Released, notifying 1 waiting processes
15:39:23 | INFO     | t=13195.0: WORKSHOP → Workshop became available
15:39:23 | INFO     | t=13195.0: WORKSHOP[WS_02] → Selected for batch
15:39:23 | INFO     | t=13195.0: DISPATCHER → Assigned loco LOCO_01 to collection_to_retrofit (waited 17.0 min, pending=1)
15:39:23 | INFO     | t=13195.0: WAGON[W12221] → Added to batch
15:39:23 | INFO     | t=13195.0: BATCH[W12116,W12221] → Formed 2 wagons for WS_02
15:39:23 | INFO     | t=13195.0: TRACK[retrofit] → Removed 2 wagons (46.5m freed)
15:39:23 | INFO     | t=13195.0: DISPATCHER → Task submitted: retrofit_to_workshop (pending=2)
15:39:23 | INFO     | t=13195.0: COLLECTION → Capacity reserved, allocating locomotive
15:39:23 | INFO     | t=13195.0: DISPATCHER → Task submitted: collection_to_retrofit (pending=3)
15:39:23 | INFO     | t=13195.5: BATCH → Putting 2 wagons on retrofitted track retrofitted
15:39:23 | INFO     | t=13195.5: WAGON[W6323] → Added to retrofitted track retrofitted
15:39:23 | INFO     | t=13195.5: WAGON[W6989] → Added to retrofitted track retrofitted
15:39:23 | INFO     | t=13200.5: WORKSHOP[WS_01] → Released, notifying 0 waiting processes
15:39:23 | INFO     | t=13200.5: DISPATCHER → Assigned loco LOCO_02 to retrofit_to_workshop (waited 5.5 min, pending=2)
15:39:23 | INFO     | t=13200.5: RAKE[W12116,W12221] → COUPLING at retrofit (1 couplings, 2.0 min)
15:39:23 | INFO     | t=13200.5: WAGON[W5992] → Retrieved from retrofit queue
15:39:23 | INFO     | t=13200.5: WORKSHOP[WS_01] → Selected for batch
15:39:23 | INFO     | t=13200.5: WAGON[W9943] → Added to batch
15:39:23 | INFO     | t=13200.5: BATCH[W5992,W9943] → Formed 2 wagons for WS_01
15:39:23 | INFO     | t=13200.5: TRACK[retrofit] → Removed 2 wagons (30.1m freed)
15:39:23 | INFO     | t=13200.5: DISPATCHER → Task submitted: retrofit_to_workshop (pending=3)
15:39:23 | INFO     | t=13207.5: LOCO[LOCO_02] → COUPLING at retrofit (2.0 min)
15:39:23 | INFO     | t=13209.5: LOCO[LOCO_02] → SHUNTING_PREP at retrofit (1.0 min)
15:39:23 | INFO     | t=13215.5: LOCO[LOCO_02] → DECOUPLING at WS_02 (3.0 min)
15:39:23 | INFO     | t=13218.5: RAKE[W12116,W12221] → DECOUPLING at WS_02 (1 couplings, 3.0 min)
15:39:23 | INFO     | t=13221.5: WAGON[W12116] → RETROFIT_STARTED at WS_02
15:39:23 | INFO     | t=13221.5: WAGON[W12221] → RETROFIT_STARTED at WS_02
15:39:23 | INFO     | t=13226.5: DISPATCHER → Assigned loco LOCO_02 to retrofit_to_workshop (waited 26.0 min, pending=2)
15:39:23 | INFO     | t=13226.5: RAKE[W5992,W9943] → COUPLING at retrofit (1 couplings, 2.0 min)
15:39:23 | INFO     | t=13226.5: WAGON[W9430] → Retrieved from retrofit queue
15:39:23 | INFO     | t=13226.5: WORKSHOP → No workshop available, waiting...
15:39:23 | INFO     | t=13233.5: LOCO[LOCO_02] → COUPLING at retrofit (2.0 min)
15:39:23 | INFO     | t=13235.5: LOCO[LOCO_02] → SHUNTING_PREP at retrofit (1.0 min)
15:39:23 | INFO     | t=13241.5: LOCO[LOCO_02] → DECOUPLING at WS_01 (3.0 min)
15:39:23 | INFO     | t=13244.5: RAKE[W5992,W9943] → DECOUPLING at WS_01 (1 couplings, 3.0 min)
15:39:23 | INFO     | t=13247.5: WAGON[W5992] → RETROFIT_STARTED at WS_01
15:39:23 | INFO     | t=13247.5: WAGON[W9943] → RETROFIT_STARTED at WS_01
15:39:23 | INFO     | t=13252.5: DISPATCHER → Assigned loco LOCO_02 to retrofitted_to_parking (waited 62.5 min, pending=1)
15:39:23 | INFO     | t=13252.5: LOCO[LOCO_02] → Allocated for parking transport
15:39:23 | INFO     | t=13255.0: LOCO[LOCO_01] → TRAIN_PREP at collection (coupling + prep, 3.0 min)
15:39:23 | INFO     | t=13257.5: LOCO[LOCO_02] → TRAIN_PREP at retrofitted (coupling + prep, 2.0 min)
15:39:23 | INFO     | t=13264.5: LOCO[LOCO_02] → DECOUPLING at parking3 (1.0 min)
15:39:23 | INFO     | t=13265.5: RAKE[W10100,W2165] → DECOUPLING at parking3 (1 couplings, 0.5 min)
15:39:23 | INFO     | t=13271.0: LOCO[LOCO_02] → Releasing
15:39:23 | INFO     | t=13271.0: LOCO[LOCO_02] → Released
15:39:23 | INFO     | t=13271.0: PARKING → Got wagon W6323 from retrofitted
15:39:23 | INFO     | t=13271.0: DISPATCHER → Assigned loco LOCO_02 to collection_to_retrofit (waited 76.0 min, pending=0)
15:39:23 | INFO     | t=13271.0: LOCO → Allocating for parking transport
15:39:23 | INFO     | t=13271.0: DISPATCHER → Task submitted: retrofitted_to_parking (pending=1)
15:39:23 | INFO     | t=13281.5: RAKE[W12116,W12221] → COUPLING at WS_02 (1 couplings, 0.5 min)
15:39:23 | INFO     | t=13282.0: LOCO → Allocating for pickup from WS_02
15:39:23 | INFO     | t=13282.0: DISPATCHER → Task submitted: workshop_to_retrofitted (pending=2)
15:39:23 | INFO     | EVENT_PUBLISHED: TrainArrivedEvent | train=T180 | time=13298.8
15:39:23 | INFO     | EVENT_HANDLING: TrainArrivedEvent -> RetrofitWorkshopContext._handle_train_arrived
15:39:23 | INFO     | EVENT_HANDLED: TrainArrivedEvent by RetrofitWorkshopContext._handle_train_arrived
15:39:23 | INFO     | t=13307.5: RAKE[W5992,W9943] → COUPLING at WS_01 (1 couplings, 0.5 min)
15:39:23 | INFO     | t=13308.0: LOCO → Allocating for pickup from WS_01
15:39:23 | INFO     | t=13308.0: DISPATCHER → Task submitted: workshop_to_retrofitted (pending=3)
15:39:23 | INFO     | EVENT_PUBLISHED: TrainArrivedEvent | train=T181 | time=13314.5
15:39:23 | INFO     | EVENT_HANDLING: TrainArrivedEvent -> RetrofitWorkshopContext._handle_train_arrived
15:39:23 | INFO     | EVENT_HANDLED: TrainArrivedEvent by RetrofitWorkshopContext._handle_train_arrived
15:39:23 | INFO     | t=13318.0: LOCO[LOCO_01] → DECOUPLING at retrofit (3.0 min)
15:39:23 | INFO     | t=13321.0: RAKE[W3230] → DECOUPLING at retrofit (0 couplings, 0.0 min)
15:39:23 | INFO     | t=13326.0: DISPATCHER → Assigned loco LOCO_01 to workshop_to_retrofitted (waited 44.0 min, pending=2)
15:39:23 | INFO     | t=13326.0: LOCO[LOCO_01] → Allocated for pickup
15:39:23 | INFO     | t=13326.0: Batch size limited by retrofit capacity: 3 wagons (62.6m) fits, 17 waiting
15:39:23 | INFO     | t=13326.0: COLLECTION → Reserving retrofit track capacity for 3 wagons
15:39:23 | INFO     | t=13326.0: COLLECTION → Capacity reserved, allocating locomotive
15:39:23 | INFO     | t=13326.0: DISPATCHER → Task submitted: collection_to_retrofit (pending=3)
15:39:23 | INFO     | t=13331.0: LOCO[LOCO_02] → TRAIN_PREP at collection (coupling + prep, 3.0 min)
15:39:23 | INFO     | t=13333.0: LOCO[LOCO_01] → TRAIN_PREP completed at WS_02 (2.0 min)
15:39:23 | INFO     | t=13338.0: BATCH → Putting 2 wagons on retrofitted track retrofitted
15:39:23 | INFO     | t=13338.0: WAGON[W12116] → Added to retrofitted track retrofitted
15:39:23 | INFO     | t=13338.0: WAGON[W12221] → Added to retrofitted track retrofitted
15:39:23 | INFO     | t=13343.0: WORKSHOP[WS_02] → Released, notifying 1 waiting processes
15:39:23 | INFO     | t=13343.0: WORKSHOP → Workshop became available
15:39:23 | INFO     | t=13343.0: WORKSHOP[WS_02] → Selected for batch
15:39:23 | INFO     | t=13343.0: DISPATCHER → Assigned loco LOCO_01 to workshop_to_retrofitted (waited 35.0 min, pending=2)
15:39:23 | INFO     | t=13343.0: WAGON[W5173] → Added to batch
15:39:23 | INFO     | t=13343.0: BATCH[W9430,W5173] → Formed 2 wagons for WS_02
15:39:23 | INFO     | t=13343.0: LOCO[LOCO_01] → Allocated for pickup
15:39:23 | INFO     | t=13343.0: TRACK[retrofit] → Removed 2 wagons (32.2m freed)
15:39:23 | INFO     | t=13343.0: DISPATCHER → Task submitted: retrofit_to_workshop (pending=3)
15:39:23 | INFO     | t=13350.0: LOCO[LOCO_01] → TRAIN_PREP completed at WS_01 (2.0 min)
15:39:23 | INFO     | t=13355.0: BATCH → Putting 2 wagons on retrofitted track retrofitted
15:39:23 | INFO     | t=13355.0: WAGON[W5992] → Added to retrofitted track retrofitted
15:39:23 | INFO     | t=13355.0: WAGON[W9943] → Added to retrofitted track retrofitted
15:39:23 | INFO     | t=13360.0: WORKSHOP[WS_01] → Released, notifying 0 waiting processes
15:39:23 | INFO     | t=13360.0: DISPATCHER → Assigned loco LOCO_01 to retrofit_to_workshop (waited 17.0 min, pending=2)
15:39:23 | INFO     | t=13360.0: RAKE[W9430,W5173] → COUPLING at retrofit (1 couplings, 2.0 min)
15:39:23 | INFO     | t=13360.0: WAGON[W4380] → Retrieved from retrofit queue
15:39:23 | INFO     | t=13360.0: WORKSHOP[WS_01] → Selected for batch
15:39:23 | INFO     | t=13360.0: WAGON[W5872] → Added to batch
15:39:23 | INFO     | t=13360.0: BATCH[W4380,W5872] → Formed 2 wagons for WS_01
15:39:23 | INFO     | t=13360.0: TRACK[retrofit] → Removed 2 wagons (34.2m freed)
15:39:23 | INFO     | t=13360.0: DISPATCHER → Task submitted: retrofit_to_workshop (pending=3)
15:39:23 | INFO     | t=13367.0: LOCO[LOCO_01] → COUPLING at retrofit (2.0 min)
15:39:23 | INFO     | t=13369.0: LOCO[LOCO_01] → SHUNTING_PREP at retrofit (1.0 min)
15:39:23 | INFO     | t=13375.0: LOCO[LOCO_01] → DECOUPLING at WS_02 (3.0 min)
15:39:23 | INFO     | t=13378.0: RAKE[W9430,W5173] → DECOUPLING at WS_02 (1 couplings, 3.0 min)
15:39:23 | INFO     | t=13381.0: WAGON[W9430] → RETROFIT_STARTED at WS_02
15:39:23 | INFO     | t=13381.0: WAGON[W5173] → RETROFIT_STARTED at WS_02
15:39:23 | INFO     | t=13386.0: DISPATCHER → Assigned loco LOCO_01 to retrofit_to_workshop (waited 26.0 min, pending=2)
15:39:23 | INFO     | t=13386.0: RAKE[W4380,W5872] → COUPLING at retrofit (1 couplings, 2.0 min)
15:39:23 | INFO     | t=13386.0: WAGON[W7598] → Retrieved from retrofit queue
15:39:23 | INFO     | t=13386.0: WORKSHOP → No workshop available, waiting...
15:39:23 | INFO     | EVENT_PUBLISHED: TrainArrivedEvent | train=T182 | time=13389.2
15:39:23 | INFO     | EVENT_HANDLING: TrainArrivedEvent -> RetrofitWorkshopContext._handle_train_arrived
15:39:23 | INFO     | EVENT_HANDLED: TrainArrivedEvent by RetrofitWorkshopContext._handle_train_arrived
15:39:23 | INFO     | EVENT_PUBLISHED: TrainArrivedEvent | train=T183 | time=13392.5
15:39:23 | INFO     | EVENT_HANDLING: TrainArrivedEvent -> RetrofitWorkshopContext._handle_train_arrived
15:39:23 | INFO     | EVENT_HANDLED: TrainArrivedEvent by RetrofitWorkshopContext._handle_train_arrived
15:39:23 | INFO     | t=13393.0: LOCO[LOCO_01] → COUPLING at retrofit (2.0 min)
15:39:23 | INFO     | t=13394.0: LOCO[LOCO_02] → DECOUPLING at retrofit (3.0 min)
15:39:23 | INFO     | t=13395.0: LOCO[LOCO_01] → SHUNTING_PREP at retrofit (1.0 min)
15:39:23 | INFO     | t=13397.0: RAKE[W8479] → DECOUPLING at retrofit (0 couplings, 0.0 min)
15:39:23 | INFO     | t=13401.0: LOCO[LOCO_01] → DECOUPLING at WS_01 (3.0 min)
15:39:23 | INFO     | t=13402.0: DISPATCHER → Assigned loco LOCO_02 to retrofitted_to_parking (waited 131.0 min, pending=1)
15:39:23 | INFO     | t=13402.0: LOCO[LOCO_02] → Allocated for parking transport
15:39:23 | INFO     | t=13402.0: Batch size limited by retrofit capacity: 3 wagons (54.0m) fits, 17 waiting
15:39:23 | INFO     | t=13402.0: COLLECTION → Reserving retrofit track capacity for 3 wagons
15:39:23 | INFO     | t=13402.0: COLLECTION → Capacity reserved, allocating locomotive
15:39:23 | INFO     | t=13402.0: DISPATCHER → Task submitted: collection_to_retrofit (pending=2)
15:39:23 | INFO     | t=13404.0: RAKE[W4380,W5872] → DECOUPLING at WS_01 (1 couplings, 3.0 min)
15:39:23 | INFO     | t=13407.0: WAGON[W4380] → RETROFIT_STARTED at WS_01
15:39:23 | INFO     | t=13407.0: WAGON[W5872] → RETROFIT_STARTED at WS_01
15:39:23 | INFO     | t=13407.0: LOCO[LOCO_02] → TRAIN_PREP at retrofitted (coupling + prep, 2.0 min)
15:39:23 | INFO     | t=13412.0: DISPATCHER → Assigned loco LOCO_01 to collection_to_retrofit (waited 86.0 min, pending=1)
15:39:23 | INFO     | t=13441.0: RAKE[W9430,W5173] → COUPLING at WS_02 (1 couplings, 0.5 min)
15:39:23 | INFO     | t=13441.5: LOCO → Allocating for pickup from WS_02
15:39:23 | INFO     | t=13441.5: DISPATCHER → Task submitted: workshop_to_retrofitted (pending=2)
15:39:23 | INFO     | EVENT_PUBLISHED: TrainArrivedEvent | train=T184 | time=13460.0
15:39:23 | INFO     | EVENT_HANDLING: TrainArrivedEvent -> RetrofitWorkshopContext._handle_train_arrived
15:39:23 | INFO     | EVENT_HANDLED: TrainArrivedEvent by RetrofitWorkshopContext._handle_train_arrived
15:39:23 | INFO     | t=13467.0: RAKE[W4380,W5872] → COUPLING at WS_01 (1 couplings, 0.5 min)
15:39:23 | INFO     | t=13467.5: LOCO → Allocating for pickup from WS_01
15:39:23 | INFO     | t=13467.5: DISPATCHER → Task submitted: workshop_to_retrofitted (pending=3)
15:39:23 | INFO     | t=13472.0: LOCO[LOCO_01] → TRAIN_PREP at collection (coupling + prep, 7.0 min)
15:39:23 | INFO     | t=13484.0: LOCO[LOCO_02] → DECOUPLING at parking13 (1.0 min)
15:39:23 | INFO     | t=13485.0: RAKE[W6323,W6989] → DECOUPLING at parking13 (1 couplings, 0.5 min)
15:39:23 | INFO     | EVENT_PUBLISHED: TrainArrivedEvent | train=T185 | time=13487.5
15:39:23 | INFO     | EVENT_HANDLING: TrainArrivedEvent -> RetrofitWorkshopContext._handle_train_arrived
15:39:23 | INFO     | EVENT_HANDLED: TrainArrivedEvent by RetrofitWorkshopContext._handle_train_arrived
15:39:23 | INFO     | t=13539.0: LOCO[LOCO_01] → DECOUPLING at retrofit (9.0 min)
15:39:23 | INFO     | t=13545.5: LOCO[LOCO_02] → Releasing
15:39:23 | INFO     | t=13545.5: LOCO[LOCO_02] → Released
15:39:23 | INFO     | t=13545.5: PARKING → Got wagon W12116 from retrofitted
15:39:23 | INFO     | t=13545.5: DISPATCHER → Assigned loco LOCO_02 to workshop_to_retrofitted (waited 104.0 min, pending=2)
15:39:23 | INFO     | t=13545.5: LOCO[LOCO_02] → Allocated for pickup
15:39:23 | INFO     | t=13545.5: LOCO → Allocating for parking transport
15:39:23 | INFO     | t=13545.5: DISPATCHER → Task submitted: retrofitted_to_parking (pending=3)
15:39:23 | INFO     | t=13548.0: RAKE[W5411,W11513,W3087] → DECOUPLING at retrofit (2 couplings, 6.0 min)
15:39:23 | INFO     | t=13552.5: LOCO[LOCO_02] → TRAIN_PREP completed at WS_02 (2.0 min)
15:39:23 | INFO     | t=13557.5: BATCH → Putting 2 wagons on retrofitted track retrofitted
15:39:23 | INFO     | t=13557.5: WAGON[W9430] → Added to retrofitted track retrofitted
15:39:23 | INFO     | t=13557.5: WAGON[W5173] → Added to retrofitted track retrofitted
15:39:23 | INFO     | t=13559.0: Batch size limited by retrofit capacity: 1 wagons (12.0m) fits, 18 waiting
15:39:23 | INFO     | t=13559.0: DISPATCHER → Assigned loco LOCO_01 to workshop_to_retrofitted (waited 91.5 min, pending=2)
15:39:23 | INFO     | t=13559.0: COLLECTION → Reserving retrofit track capacity for 1 wagons
15:39:23 | INFO     | t=13559.0: LOCO[LOCO_01] → Allocated for pickup
15:39:23 | INFO     | t=13559.0: COLLECTION → Capacity reserved, allocating locomotive
15:39:23 | INFO     | t=13559.0: DISPATCHER → Task submitted: collection_to_retrofit (pending=3)
15:39:23 | INFO     | t=13562.5: WORKSHOP[WS_02] → Released, notifying 1 waiting processes
15:39:23 | INFO     | t=13562.5: WORKSHOP → Workshop became available
15:39:23 | INFO     | t=13562.5: WORKSHOP[WS_02] → Selected for batch
15:39:23 | INFO     | t=13562.5: DISPATCHER → Assigned loco LOCO_02 to retrofitted_to_parking (waited 17.0 min, pending=2)
15:39:23 | INFO     | t=13562.5: WAGON[W7513] → Added to batch
15:39:23 | INFO     | t=13562.5: BATCH[W7598,W7513] → Formed 2 wagons for WS_02
15:39:23 | INFO     | t=13562.5: LOCO[LOCO_02] → Allocated for parking transport
15:39:23 | INFO     | t=13562.5: TRACK[retrofit] → Removed 2 wagons (38.1m freed)
15:39:23 | INFO     | t=13562.5: DISPATCHER → Task submitted: retrofit_to_workshop (pending=3)
15:39:23 | INFO     | t=13566.0: LOCO[LOCO_01] → TRAIN_PREP completed at WS_01 (2.0 min)
15:39:23 | INFO     | t=13567.5: LOCO[LOCO_02] → TRAIN_PREP at retrofitted (coupling + prep, 3.0 min)
15:39:23 | INFO     | t=13571.0: BATCH → Putting 2 wagons on retrofitted track retrofitted
15:39:23 | INFO     | t=13571.0: WAGON[W4380] → Added to retrofitted track retrofitted
15:39:23 | INFO     | t=13571.0: WAGON[W5872] → Added to retrofitted track retrofitted
15:39:23 | INFO     | t=13576.0: WORKSHOP[WS_01] → Released, notifying 0 waiting processes
15:39:23 | INFO     | t=13576.0: DISPATCHER → Assigned loco LOCO_01 to retrofit_to_workshop (waited 13.5 min, pending=2)
15:39:23 | INFO     | t=13576.0: RAKE[W7598,W7513] → COUPLING at retrofit (1 couplings, 2.0 min)
15:39:23 | INFO     | t=13576.0: WAGON[W9727] → Retrieved from retrofit queue
15:39:23 | INFO     | t=13576.0: WORKSHOP[WS_01] → Selected for batch
15:39:23 | INFO     | t=13576.0: WAGON[W0674] → Added to batch
15:39:23 | INFO     | t=13576.0: BATCH[W9727,W0674] → Formed 2 wagons for WS_01
15:39:23 | INFO     | t=13576.0: TRACK[retrofit] → Removed 2 wagons (45.4m freed)
15:39:23 | INFO     | t=13576.0: DISPATCHER → Task submitted: retrofit_to_workshop (pending=3)
15:39:23 | INFO     | t=13583.0: LOCO[LOCO_01] → COUPLING at retrofit (2.0 min)
15:39:23 | INFO     | t=13585.0: LOCO[LOCO_01] → SHUNTING_PREP at retrofit (1.0 min)
15:39:23 | INFO     | t=13591.0: LOCO[LOCO_01] → DECOUPLING at WS_02 (3.0 min)
15:39:23 | INFO     | t=13594.0: RAKE[W7598,W7513] → DECOUPLING at WS_02 (1 couplings, 3.0 min)
15:39:23 | INFO     | t=13597.0: WAGON[W7598] → RETROFIT_STARTED at WS_02
15:39:23 | INFO     | t=13597.0: WAGON[W7513] → RETROFIT_STARTED at WS_02
15:39:23 | INFO     | t=13602.0: DISPATCHER → Assigned loco LOCO_01 to retrofit_to_workshop (waited 26.0 min, pending=2)
15:39:23 | INFO     | t=13602.0: RAKE[W9727,W0674] → COUPLING at retrofit (1 couplings, 2.0 min)
15:39:23 | INFO     | t=13602.0: WAGON[W5420] → Retrieved from retrofit queue
15:39:23 | INFO     | t=13602.0: WORKSHOP → No workshop available, waiting...
15:39:23 | INFO     | t=13609.0: LOCO[LOCO_01] → COUPLING at retrofit (2.0 min)
15:39:23 | INFO     | t=13611.0: LOCO[LOCO_01] → SHUNTING_PREP at retrofit (1.0 min)
15:39:23 | INFO     | t=13617.0: LOCO[LOCO_01] → DECOUPLING at WS_01 (3.0 min)
15:39:23 | INFO     | t=13620.0: RAKE[W9727,W0674] → DECOUPLING at WS_01 (1 couplings, 3.0 min)
15:39:23 | INFO     | t=13623.0: WAGON[W9727] → RETROFIT_STARTED at WS_01
15:39:23 | INFO     | t=13623.0: WAGON[W0674] → RETROFIT_STARTED at WS_01
15:39:23 | INFO     | t=13628.0: DISPATCHER → Assigned loco LOCO_01 to collection_to_retrofit (waited 226.0 min, pending=1)
15:39:23 | INFO     | EVENT_PUBLISHED: TrainArrivedEvent | train=T186 | time=13633.2
15:39:23 | INFO     | EVENT_HANDLING: TrainArrivedEvent -> RetrofitWorkshopContext._handle_train_arrived
15:39:23 | INFO     | EVENT_HANDLED: TrainArrivedEvent by RetrofitWorkshopContext._handle_train_arrived
15:39:23 | INFO     | t=13645.5: LOCO[LOCO_02] → DECOUPLING at parking15 (2.0 min)
15:39:23 | INFO     | EVENT_PUBLISHED: TrainArrivedEvent | train=T187 | time=13647.2
15:39:23 | INFO     | EVENT_HANDLING: TrainArrivedEvent -> RetrofitWorkshopContext._handle_train_arrived
15:39:23 | INFO     | EVENT_HANDLED: TrainArrivedEvent by RetrofitWorkshopContext._handle_train_arrived
15:39:23 | INFO     | t=13647.5: RAKE[W12116,W12221,W5992,W9943] → DECOUPLING at parking15 (3 couplings, 1.5 min)
15:39:23 | INFO     | t=13657.0: RAKE[W7598,W7513] → COUPLING at WS_02 (1 couplings, 0.5 min)
15:39:23 | INFO     | t=13657.5: LOCO → Allocating for pickup from WS_02
15:39:23 | INFO     | t=13657.5: DISPATCHER → Task submitted: workshop_to_retrofitted (pending=2)
15:39:23 | INFO     | t=13683.0: RAKE[W9727,W0674] → COUPLING at WS_01 (1 couplings, 0.5 min)
15:39:23 | INFO     | t=13683.5: LOCO → Allocating for pickup from WS_01
15:39:23 | INFO     | t=13683.5: DISPATCHER → Task submitted: workshop_to_retrofitted (pending=3)
15:39:23 | INFO     | t=13688.0: LOCO[LOCO_01] → TRAIN_PREP at collection (coupling + prep, 7.0 min)
15:39:23 | INFO     | t=13709.0: LOCO[LOCO_02] → Releasing
15:39:23 | INFO     | t=13709.0: LOCO[LOCO_02] → Released
15:39:23 | INFO     | t=13709.0: PARKING → Got wagon W9430 from retrofitted
15:39:23 | INFO     | t=13709.0: DISPATCHER → Assigned loco LOCO_02 to workshop_to_retrofitted (waited 51.5 min, pending=2)
15:39:23 | INFO     | t=13709.0: LOCO[LOCO_02] → Allocated for pickup
15:39:23 | INFO     | t=13709.0: LOCO → Allocating for parking transport
15:39:23 | INFO     | t=13709.0: DISPATCHER → Task submitted: retrofitted_to_parking (pending=3)
15:39:23 | INFO     | t=13716.0: LOCO[LOCO_02] → TRAIN_PREP completed at WS_02 (2.0 min)
15:39:23 | INFO     | t=13721.0: BATCH → Putting 2 wagons on retrofitted track retrofitted
15:39:23 | INFO     | t=13721.0: WAGON[W7598] → Added to retrofitted track retrofitted
15:39:23 | INFO     | t=13721.0: WAGON[W7513] → Added to retrofitted track retrofitted
15:39:23 | INFO     | t=13726.0: WORKSHOP[WS_02] → Released, notifying 1 waiting processes
15:39:23 | INFO     | t=13726.0: WORKSHOP → Workshop became available
15:39:23 | INFO     | t=13726.0: WORKSHOP[WS_02] → Selected for batch
15:39:23 | INFO     | t=13726.0: DISPATCHER → Assigned loco LOCO_02 to workshop_to_retrofitted (waited 42.5 min, pending=2)
15:39:23 | INFO     | t=13726.0: WAGON[W6936] → Added to batch
15:39:23 | INFO     | t=13726.0: BATCH[W5420,W6936] → Formed 2 wagons for WS_02
15:39:23 | INFO     | t=13726.0: LOCO[LOCO_02] → Allocated for pickup
15:39:23 | INFO     | t=13726.0: TRACK[retrofit] → Removed 2 wagons (30.4m freed)
15:39:23 | INFO     | t=13726.0: DISPATCHER → Task submitted: retrofit_to_workshop (pending=3)
15:39:23 | INFO     | t=13733.0: LOCO[LOCO_02] → TRAIN_PREP completed at WS_01 (2.0 min)
15:39:23 | INFO     | t=13738.0: BATCH → Putting 2 wagons on retrofitted track retrofitted
15:39:23 | INFO     | t=13738.0: WAGON[W9727] → Added to retrofitted track retrofitted
15:39:23 | INFO     | t=13738.0: WAGON[W0674] → Added to retrofitted track retrofitted
15:39:23 | INFO     | t=13743.0: WORKSHOP[WS_01] → Released, notifying 0 waiting processes
15:39:23 | INFO     | t=13743.0: DISPATCHER → Assigned loco LOCO_02 to retrofit_to_workshop (waited 17.0 min, pending=2)
15:39:23 | INFO     | t=13743.0: RAKE[W5420,W6936] → COUPLING at retrofit (1 couplings, 2.0 min)
15:39:23 | INFO     | t=13743.0: WAGON[W0093] → Retrieved from retrofit queue
15:39:23 | INFO     | t=13743.0: WORKSHOP[WS_01] → Selected for batch
15:39:23 | INFO     | t=13743.0: WAGON[W3413] → Added to batch
15:39:23 | INFO     | t=13743.0: BATCH[W0093,W3413] → Formed 2 wagons for WS_01
15:39:23 | INFO     | t=13743.0: TRACK[retrofit] → Removed 2 wagons (29.5m freed)
15:39:23 | INFO     | t=13743.0: DISPATCHER → Task submitted: retrofit_to_workshop (pending=3)
15:39:23 | INFO     | t=13750.0: LOCO[LOCO_02] → COUPLING at retrofit (2.0 min)
15:39:23 | INFO     | t=13752.0: LOCO[LOCO_02] → SHUNTING_PREP at retrofit (1.0 min)
15:39:23 | INFO     | t=13755.0: LOCO[LOCO_01] → DECOUPLING at retrofit (9.0 min)
15:39:23 | INFO     | t=13758.0: LOCO[LOCO_02] → DECOUPLING at WS_02 (3.0 min)
15:39:23 | INFO     | t=13761.0: RAKE[W5420,W6936] → DECOUPLING at WS_02 (1 couplings, 3.0 min)
15:39:23 | INFO     | t=13764.0: RAKE[W8637,W2324,W10934] → DECOUPLING at retrofit (2 couplings, 6.0 min)
15:39:23 | INFO     | t=13764.0: WAGON[W5420] → RETROFIT_STARTED at WS_02
15:39:23 | INFO     | t=13764.0: WAGON[W6936] → RETROFIT_STARTED at WS_02
15:39:23 | INFO     | t=13769.0: DISPATCHER → Assigned loco LOCO_02 to retrofit_to_workshop (waited 26.0 min, pending=2)
15:39:23 | INFO     | t=13769.0: RAKE[W0093,W3413] → COUPLING at retrofit (1 couplings, 2.0 min)
15:39:23 | INFO     | t=13769.0: WAGON[W3230] → Retrieved from retrofit queue
15:39:23 | INFO     | t=13769.0: WORKSHOP → No workshop available, waiting...
15:39:23 | INFO     | t=13775.0: DISPATCHER → Assigned loco LOCO_01 to retrofitted_to_parking (waited 66.0 min, pending=1)
15:39:23 | INFO     | t=13775.0: LOCO[LOCO_01] → Allocated for parking transport
15:39:23 | INFO     | t=13775.0: Batch size limited by retrofit capacity: 7 wagons (132.4m) fits, 13 waiting
15:39:23 | INFO     | t=13775.0: COLLECTION → Reserving retrofit track capacity for 7 wagons
15:39:23 | INFO     | t=13775.0: COLLECTION → Capacity reserved, allocating locomotive
15:39:23 | INFO     | t=13775.0: DISPATCHER → Task submitted: collection_to_retrofit (pending=2)
15:39:23 | INFO     | t=13776.0: LOCO[LOCO_02] → COUPLING at retrofit (2.0 min)
15:39:23 | INFO     | t=13778.0: LOCO[LOCO_02] → SHUNTING_PREP at retrofit (1.0 min)
15:39:23 | INFO     | t=13780.0: LOCO[LOCO_01] → TRAIN_PREP at retrofitted (coupling + prep, 3.0 min)
15:39:23 | INFO     | t=13784.0: LOCO[LOCO_02] → DECOUPLING at WS_01 (3.0 min)
15:39:23 | INFO     | t=13787.0: RAKE[W0093,W3413] → DECOUPLING at WS_01 (1 couplings, 3.0 min)
15:39:23 | INFO     | t=13790.0: WAGON[W0093] → RETROFIT_STARTED at WS_01
15:39:23 | INFO     | t=13790.0: WAGON[W3413] → RETROFIT_STARTED at WS_01
15:39:23 | INFO     | t=13795.0: DISPATCHER → Assigned loco LOCO_02 to collection_to_retrofit (waited 236.0 min, pending=1)
15:39:23 | INFO     | t=13824.0: RAKE[W5420,W6936] → COUPLING at WS_02 (1 couplings, 0.5 min)
15:39:23 | INFO     | t=13824.5: LOCO → Allocating for pickup from WS_02
15:39:23 | INFO     | t=13824.5: DISPATCHER → Task submitted: workshop_to_retrofitted (pending=2)
15:39:23 | INFO     | t=13850.0: RAKE[W0093,W3413] → COUPLING at WS_01 (1 couplings, 0.5 min)
15:39:23 | INFO     | t=13850.5: LOCO → Allocating for pickup from WS_01
15:39:23 | INFO     | t=13850.5: DISPATCHER → Task submitted: workshop_to_retrofitted (pending=3)
15:39:23 | INFO     | t=13855.0: LOCO[LOCO_02] → TRAIN_PREP at collection (coupling + prep, 3.0 min)
15:39:23 | INFO     | t=13903.0: LOCO[LOCO_01] → DECOUPLING at parking16 (2.0 min)
15:39:23 | INFO     | t=13905.0: RAKE[W9430,W5173,W4380,W5872] → DECOUPLING at parking16 (3 couplings, 1.5 min)
15:39:23 | INFO     | t=13918.0: LOCO[LOCO_02] → DECOUPLING at retrofit (3.0 min)
15:39:23 | INFO     | t=13921.0: RAKE[W4885] → DECOUPLING at retrofit (0 couplings, 0.0 min)
15:39:23 | INFO     | t=13926.0: Batch size limited by retrofit capacity: 1 wagons (16.4m) fits, 19 waiting
15:39:23 | INFO     | t=13926.0: DISPATCHER → Assigned loco LOCO_02 to workshop_to_retrofitted (waited 101.5 min, pending=2)
15:39:23 | INFO     | t=13926.0: COLLECTION → Reserving retrofit track capacity for 1 wagons
15:39:23 | INFO     | t=13926.0: LOCO[LOCO_02] → Allocated for pickup
15:39:23 | INFO     | t=13933.0: LOCO[LOCO_02] → TRAIN_PREP completed at WS_02 (2.0 min)
15:39:23 | INFO     | t=13938.0: BATCH → Putting 2 wagons on retrofitted track retrofitted
15:39:23 | INFO     | t=13938.0: WAGON[W5420] → Added to retrofitted track retrofitted
15:39:23 | INFO     | t=13938.0: WAGON[W6936] → Added to retrofitted track retrofitted
15:39:23 | INFO     | t=13943.0: WORKSHOP[WS_02] → Released, notifying 1 waiting processes
15:39:23 | INFO     | t=13943.0: WORKSHOP → Workshop became available
15:39:23 | INFO     | t=13943.0: WORKSHOP[WS_02] → Selected for batch
15:39:23 | INFO     | t=13943.0: DISPATCHER → Assigned loco LOCO_02 to workshop_to_retrofitted (waited 92.5 min, pending=1)
15:39:23 | INFO     | t=13943.0: WAGON[W8479] → Added to batch
15:39:23 | INFO     | t=13943.0: BATCH[W3230,W8479] → Formed 2 wagons for WS_02
15:39:23 | INFO     | t=13943.0: LOCO[LOCO_02] → Allocated for pickup
15:39:23 | INFO     | t=13943.0: TRACK[retrofit] → Removed 2 wagons (43.2m freed)
15:39:23 | INFO     | t=13943.0: DISPATCHER → Task submitted: retrofit_to_workshop (pending=2)
15:39:23 | INFO     | t=13943.0: COLLECTION → Capacity reserved, allocating locomotive
15:39:23 | INFO     | t=13943.0: DISPATCHER → Task submitted: collection_to_retrofit (pending=3)
15:39:23 | INFO     | t=13950.0: LOCO[LOCO_02] → TRAIN_PREP completed at WS_01 (2.0 min)
15:39:23 | INFO     | t=13955.0: BATCH → Putting 2 wagons on retrofitted track retrofitted
15:39:23 | INFO     | t=13955.0: WAGON[W0093] → Added to retrofitted track retrofitted
15:39:23 | INFO     | t=13955.0: WAGON[W3413] → Added to retrofitted track retrofitted
15:39:23 | INFO     | t=13960.0: WORKSHOP[WS_01] → Released, notifying 0 waiting processes
15:39:23 | INFO     | t=13960.0: DISPATCHER → Assigned loco LOCO_02 to retrofit_to_workshop (waited 17.0 min, pending=2)
15:39:23 | INFO     | t=13960.0: RAKE[W3230,W8479] → COUPLING at retrofit (1 couplings, 2.0 min)
15:39:23 | INFO     | t=13960.0: WAGON[W5411] → Retrieved from retrofit queue
15:39:23 | INFO     | t=13960.0: WORKSHOP[WS_01] → Selected for batch
15:39:23 | INFO     | t=13960.0: WAGON[W11513] → Added to batch
15:39:23 | INFO     | t=13960.0: BATCH[W5411,W11513] → Formed 2 wagons for WS_01
15:39:23 | INFO     | t=13960.0: TRACK[retrofit] → Removed 2 wagons (42.8m freed)
15:39:23 | INFO     | t=13960.0: DISPATCHER → Task submitted: retrofit_to_workshop (pending=3)
15:39:23 | INFO     | t=13966.5: LOCO[LOCO_01] → Releasing
15:39:23 | INFO     | t=13966.5: LOCO[LOCO_01] → Released
15:39:23 | INFO     | t=13966.5: PARKING → Got wagon W7598 from retrofitted
15:39:23 | INFO     | t=13966.5: DISPATCHER → Assigned loco LOCO_01 to retrofit_to_workshop (waited 6.5 min, pending=2)
15:39:23 | INFO     | t=13966.5: RAKE[W5411,W11513] → COUPLING at retrofit (1 couplings, 2.0 min)
15:39:23 | INFO     | t=13966.5: WAGON[W3087] → Retrieved from retrofit queue
15:39:23 | INFO     | t=13966.5: WORKSHOP → No workshop available, waiting...
15:39:23 | INFO     | t=13966.5: LOCO → Allocating for parking transport
15:39:23 | INFO     | t=13966.5: DISPATCHER → Task submitted: retrofitted_to_parking (pending=3)
15:39:23 | INFO     | t=13967.0: LOCO[LOCO_02] → COUPLING at retrofit (2.0 min)
15:39:23 | INFO     | t=13969.0: LOCO[LOCO_02] → SHUNTING_PREP at retrofit (1.0 min)
15:39:23 | INFO     | t=13973.5: LOCO[LOCO_01] → COUPLING at retrofit (2.0 min)
15:39:23 | INFO     | t=13975.0: LOCO[LOCO_02] → DECOUPLING at WS_02 (3.0 min)
15:39:23 | INFO     | t=13975.5: LOCO[LOCO_01] → SHUNTING_PREP at retrofit (1.0 min)
15:39:23 | INFO     | t=13978.0: RAKE[W3230,W8479] → DECOUPLING at WS_02 (1 couplings, 3.0 min)
15:39:23 | INFO     | t=13981.0: WAGON[W3230] → RETROFIT_STARTED at WS_02
15:39:23 | INFO     | t=13981.0: WAGON[W8479] → RETROFIT_STARTED at WS_02
15:39:23 | INFO     | t=13981.5: LOCO[LOCO_01] → DECOUPLING at WS_01 (3.0 min)
15:39:23 | INFO     | t=13984.5: RAKE[W5411,W11513] → DECOUPLING at WS_01 (1 couplings, 3.0 min)
15:39:23 | INFO     | t=13986.0: DISPATCHER → Assigned loco LOCO_02 to retrofitted_to_parking (waited 19.5 min, pending=2)
15:39:23 | INFO     | t=13986.0: LOCO[LOCO_02] → Allocated for parking transport
15:39:23 | INFO     | t=13987.5: WAGON[W5411] → RETROFIT_STARTED at WS_01
15:39:23 | INFO     | t=13987.5: WAGON[W11513] → RETROFIT_STARTED at WS_01
15:39:23 | INFO     | t=13991.0: LOCO[LOCO_02] → TRAIN_PREP at retrofitted (coupling + prep, 5.0 min)
15:39:23 | INFO     | t=13992.5: DISPATCHER → Assigned loco LOCO_01 to collection_to_retrofit (waited 217.5 min, pending=1)
15:39:23 | INFO     | t=14001.0: LOCO[LOCO_02] → DECOUPLING at parking3 (4.0 min)
15:39:23 | INFO     | t=14005.0: RAKE[W7598,W7513,W9727,W0674,W5420,W6936,W0093,W3413] → DECOUPLING at parking3 (7 couplings, 3.5 min)
15:39:23 | INFO     | t=14013.5: LOCO[LOCO_02] → Releasing
15:39:23 | INFO     | t=14013.5: LOCO[LOCO_02] → Released
15:39:23 | INFO     | t=14013.5: DISPATCHER → Assigned loco LOCO_02 to collection_to_retrofit (waited 70.5 min, pending=0)
15:39:23 | INFO     | t=14041.0: RAKE[W3230,W8479] → COUPLING at WS_02 (1 couplings, 0.5 min)
15:39:23 | INFO     | t=14041.5: LOCO → Allocating for pickup from WS_02
15:39:23 | INFO     | t=14041.5: DISPATCHER → Task submitted: workshop_to_retrofitted (pending=1)
15:39:23 | INFO     | t=14047.5: RAKE[W5411,W11513] → COUPLING at WS_01 (1 couplings, 0.5 min)
15:39:23 | INFO     | t=14048.0: LOCO → Allocating for pickup from WS_01
15:39:23 | INFO     | t=14048.0: DISPATCHER → Task submitted: workshop_to_retrofitted (pending=2)
15:39:23 | INFO     | t=14052.5: LOCO[LOCO_01] → TRAIN_PREP at collection (coupling + prep, 15.0 min)
15:39:23 | INFO     | t=14073.5: LOCO[LOCO_02] → TRAIN_PREP at collection (coupling + prep, 3.0 min)
15:39:23 | INFO     | EVENT_PUBLISHED: TrainArrivedEvent | train=T188 | time=14097.8
15:39:23 | INFO     | EVENT_HANDLING: TrainArrivedEvent -> RetrofitWorkshopContext._handle_train_arrived
15:39:23 | INFO     | EVENT_HANDLED: TrainArrivedEvent by RetrofitWorkshopContext._handle_train_arrived
15:39:23 | INFO     | t=14127.5: LOCO[LOCO_01] → DECOUPLING at retrofit (21.0 min)
15:39:23 | INFO     | t=14136.5: LOCO[LOCO_02] → DECOUPLING at retrofit (3.0 min)
15:39:23 | INFO     | t=14139.5: RAKE[W5346] → DECOUPLING at retrofit (0 couplings, 0.0 min)
15:39:23 | INFO     | t=14144.5: DISPATCHER → Assigned loco LOCO_02 to workshop_to_retrofitted (waited 103.0 min, pending=1)
15:39:23 | INFO     | t=14144.5: LOCO[LOCO_02] → Allocated for pickup
15:39:23 | INFO     | t=14144.5: Batch size limited by retrofit capacity: 4 wagons (70.6m) fits, 15 waiting
15:39:23 | INFO     | t=14144.5: COLLECTION → Reserving retrofit track capacity for 4 wagons
15:39:23 | INFO     | t=14144.5: COLLECTION → Capacity reserved, allocating locomotive
15:39:23 | INFO     | t=14144.5: DISPATCHER → Task submitted: collection_to_retrofit (pending=2)
15:39:23 | INFO     | t=14148.5: RAKE[W3237,W12383,W9843,W4473,W6848,W11356,W4223] → DECOUPLING at retrofit (6 couplings, 18.0 min)
15:39:23 | INFO     | t=14151.5: LOCO[LOCO_02] → TRAIN_PREP completed at WS_02 (2.0 min)
15:39:23 | INFO     | t=14156.5: BATCH → Putting 2 wagons on retrofitted track retrofitted
15:39:23 | INFO     | t=14156.5: WAGON[W3230] → Added to retrofitted track retrofitted
15:39:23 | INFO     | t=14156.5: WAGON[W8479] → Added to retrofitted track retrofitted
15:39:23 | INFO     | t=14156.5: PARKING → Got wagon W3230 from retrofitted
15:39:23 | INFO     | t=14156.5: LOCO → Allocating for parking transport
15:39:23 | INFO     | t=14156.5: DISPATCHER → Task submitted: retrofitted_to_parking (pending=3)
15:39:23 | INFO     | t=14161.5: WORKSHOP[WS_02] → Released, notifying 1 waiting processes
15:39:23 | INFO     | t=14161.5: WORKSHOP → Workshop became available
15:39:23 | INFO     | t=14161.5: WORKSHOP[WS_02] → Selected for batch
15:39:23 | INFO     | t=14161.5: DISPATCHER → Assigned loco LOCO_02 to workshop_to_retrofitted (waited 113.5 min, pending=2)
15:39:23 | INFO     | t=14161.5: WAGON[W8637] → Added to batch
15:39:23 | INFO     | t=14161.5: BATCH[W3087,W8637] → Formed 2 wagons for WS_02
15:39:23 | INFO     | t=14161.5: LOCO[LOCO_02] → Allocated for pickup
15:39:23 | INFO     | t=14161.5: TRACK[retrofit] → Removed 2 wagons (43.1m freed)
15:39:23 | INFO     | t=14161.5: DISPATCHER → Task submitted: retrofit_to_workshop (pending=3)
15:39:23 | INFO     | t=14168.5: LOCO[LOCO_02] → TRAIN_PREP completed at WS_01 (2.0 min)
15:39:23 | INFO     | t=14171.5: DISPATCHER → Assigned loco LOCO_01 to retrofit_to_workshop (waited 10.0 min, pending=2)
15:39:23 | INFO     | t=14171.5: Batch size limited by retrofit capacity: 2 wagons (50.9m) fits, 17 waiting
15:39:23 | INFO     | t=14171.5: RAKE[W3087,W8637] → COUPLING at retrofit (1 couplings, 2.0 min)
15:39:23 | INFO     | t=14171.5: COLLECTION → Reserving retrofit track capacity for 2 wagons
15:39:23 | INFO     | t=14171.5: WAGON[W2324] → Retrieved from retrofit queue
15:39:23 | INFO     | t=14171.5: WORKSHOP → No workshop available, waiting...
15:39:23 | INFO     | t=14171.5: COLLECTION → Capacity reserved, allocating locomotive
15:39:23 | INFO     | t=14171.5: DISPATCHER → Task submitted: collection_to_retrofit (pending=3)
15:39:23 | INFO     | t=14173.5: BATCH → Putting 2 wagons on retrofitted track retrofitted
15:39:23 | INFO     | t=14173.5: WAGON[W5411] → Added to retrofitted track retrofitted
15:39:23 | INFO     | t=14173.5: WAGON[W11513] → Added to retrofitted track retrofitted
15:39:23 | INFO     | t=14178.5: LOCO[LOCO_01] → COUPLING at retrofit (2.0 min)
15:39:23 | INFO     | t=14178.5: WORKSHOP[WS_01] → Released, notifying 1 waiting processes
15:39:23 | INFO     | t=14178.5: WORKSHOP → Workshop became available
15:39:23 | INFO     | t=14178.5: WORKSHOP[WS_01] → Selected for batch
15:39:23 | INFO     | t=14178.5: DISPATCHER → Assigned loco LOCO_02 to retrofitted_to_parking (waited 22.0 min, pending=2)
15:39:23 | INFO     | t=14178.5: WAGON[W10934] → Added to batch
15:39:23 | INFO     | t=14178.5: BATCH[W2324,W10934] → Formed 2 wagons for WS_01
15:39:23 | INFO     | t=14178.5: LOCO[LOCO_02] → Allocated for parking transport
15:39:23 | INFO     | t=14178.5: TRACK[retrofit] → Removed 2 wagons (30.7m freed)
15:39:23 | INFO     | t=14178.5: DISPATCHER → Task submitted: retrofit_to_workshop (pending=3)
15:39:23 | INFO     | t=14180.5: LOCO[LOCO_01] → SHUNTING_PREP at retrofit (1.0 min)
15:39:23 | INFO     | t=14183.5: LOCO[LOCO_02] → TRAIN_PREP at retrofitted (coupling + prep, 2.0 min)
15:39:23 | INFO     | t=14186.5: LOCO[LOCO_01] → DECOUPLING at WS_02 (3.0 min)
15:39:23 | INFO     | t=14189.5: RAKE[W3087,W8637] → DECOUPLING at WS_02 (1 couplings, 3.0 min)
15:39:23 | INFO     | t=14190.5: LOCO[LOCO_02] → DECOUPLING at parking5 (1.0 min)
15:39:23 | INFO     | t=14191.5: RAKE[W3230,W8479] → DECOUPLING at parking5 (1 couplings, 0.5 min)
15:39:23 | INFO     | t=14192.5: WAGON[W3087] → RETROFIT_STARTED at WS_02
15:39:23 | INFO     | t=14192.5: WAGON[W8637] → RETROFIT_STARTED at WS_02
15:39:23 | INFO     | t=14197.0: LOCO[LOCO_02] → Releasing
15:39:23 | INFO     | t=14197.0: LOCO[LOCO_02] → Released
15:39:23 | INFO     | t=14197.0: PARKING → Got wagon W5411 from retrofitted
15:39:23 | INFO     | t=14197.0: DISPATCHER → Assigned loco LOCO_02 to retrofit_to_workshop (waited 18.5 min, pending=2)
15:39:23 | INFO     | t=14197.0: LOCO → Allocating for parking transport
15:39:23 | INFO     | t=14197.0: DISPATCHER → Task submitted: retrofitted_to_parking (pending=3)
15:39:23 | INFO     | t=14197.0: RAKE[W2324,W10934] → COUPLING at retrofit (1 couplings, 2.0 min)
15:39:23 | INFO     | t=14197.0: WAGON[W4885] → Retrieved from retrofit queue
15:39:23 | INFO     | t=14197.0: WORKSHOP → No workshop available, waiting...
15:39:23 | INFO     | t=14197.5: DISPATCHER → Assigned loco LOCO_01 to retrofitted_to_parking (waited 0.5 min, pending=2)
15:39:23 | INFO     | t=14197.5: LOCO[LOCO_01] → Allocated for parking transport
15:39:23 | INFO     | t=14202.5: LOCO[LOCO_01] → TRAIN_PREP at retrofitted (coupling + prep, 2.0 min)
15:39:23 | INFO     | t=14204.0: LOCO[LOCO_02] → COUPLING at retrofit (2.0 min)
15:39:23 | INFO     | EVENT_PUBLISHED: TrainArrivedEvent | train=T189 | time=14205.2
15:39:23 | INFO     | EVENT_HANDLING: TrainArrivedEvent -> RetrofitWorkshopContext._handle_train_arrived
15:39:23 | INFO     | EVENT_HANDLED: TrainArrivedEvent by RetrofitWorkshopContext._handle_train_arrived
15:39:23 | INFO     | t=14206.0: LOCO[LOCO_02] → SHUNTING_PREP at retrofit (1.0 min)
15:39:23 | INFO     | t=14209.5: LOCO[LOCO_01] → DECOUPLING at parking7 (1.0 min)
15:39:23 | INFO     | t=14210.5: RAKE[W5411,W11513] → DECOUPLING at parking7 (1 couplings, 0.5 min)
15:39:23 | INFO     | t=14212.0: LOCO[LOCO_02] → DECOUPLING at WS_01 (3.0 min)
15:39:23 | INFO     | t=14215.0: RAKE[W2324,W10934] → DECOUPLING at WS_01 (1 couplings, 3.0 min)
15:39:23 | INFO     | t=14216.0: LOCO[LOCO_01] → Releasing
15:39:23 | INFO     | t=14216.0: LOCO[LOCO_01] → Released
15:39:23 | INFO     | t=14216.0: DISPATCHER → Assigned loco LOCO_01 to collection_to_retrofit (waited 71.5 min, pending=1)
15:39:23 | INFO     | t=14218.0: WAGON[W2324] → RETROFIT_STARTED at WS_01
15:39:23 | INFO     | t=14218.0: WAGON[W10934] → RETROFIT_STARTED at WS_01
15:39:23 | INFO     | t=14223.0: DISPATCHER → Assigned loco LOCO_02 to collection_to_retrofit (waited 51.5 min, pending=0)
15:39:23 | INFO     | t=14252.5: RAKE[W3087,W8637] → COUPLING at WS_02 (1 couplings, 0.5 min)
15:39:23 | INFO     | t=14253.0: LOCO → Allocating for pickup from WS_02
15:39:23 | INFO     | t=14253.0: DISPATCHER → Task submitted: workshop_to_retrofitted (pending=1)
15:39:23 | INFO     | t=14276.0: LOCO[LOCO_01] → TRAIN_PREP at collection (coupling + prep, 9.0 min)
15:39:23 | INFO     | t=14278.0: RAKE[W2324,W10934] → COUPLING at WS_01 (1 couplings, 0.5 min)
15:39:23 | INFO     | t=14278.5: LOCO → Allocating for pickup from WS_01
15:39:23 | INFO     | t=14278.5: DISPATCHER → Task submitted: workshop_to_retrofitted (pending=2)
15:39:23 | INFO     | t=14283.0: LOCO[LOCO_02] → TRAIN_PREP at collection (coupling + prep, 5.0 min)
15:39:23 | INFO     | t=14345.0: LOCO[LOCO_01] → DECOUPLING at retrofit (12.0 min)
15:39:23 | INFO     | t=14348.0: LOCO[LOCO_02] → DECOUPLING at retrofit (6.0 min)
15:39:23 | INFO     | t=14354.0: RAKE[W0023,W10397] → DECOUPLING at retrofit (1 couplings, 3.0 min)
15:39:23 | INFO     | t=14357.0: RAKE[W4370,W9406,W5153,W3135] → DECOUPLING at retrofit (3 couplings, 9.0 min)
15:39:23 | INFO     | t=14362.0: DISPATCHER → Assigned loco LOCO_02 to workshop_to_retrofitted (waited 109.0 min, pending=1)
15:39:23 | INFO     | t=14362.0: Batch size limited by retrofit capacity: 2 wagons (32.9m) fits, 19 waiting
15:39:23 | INFO     | t=14362.0: LOCO[LOCO_02] → Allocated for pickup
15:39:23 | INFO     | t=14362.0: COLLECTION → Reserving retrofit track capacity for 2 wagons
15:39:23 | INFO     | t=14362.0: COLLECTION → Capacity reserved, allocating locomotive
15:39:23 | INFO     | t=14362.0: DISPATCHER → Task submitted: collection_to_retrofit (pending=2)
15:39:23 | INFO     | t=14369.0: LOCO[LOCO_02] → TRAIN_PREP completed at WS_02 (2.0 min)
15:39:23 | INFO     | t=14371.0: Batch size limited by retrofit capacity: 1 wagons (19.9m) fits, 15 waiting
15:39:23 | INFO     | t=14371.0: DISPATCHER → Assigned loco LOCO_01 to workshop_to_retrofitted (waited 92.5 min, pending=1)
15:39:23 | INFO     | t=14371.0: COLLECTION → Reserving retrofit track capacity for 1 wagons
15:39:23 | INFO     | t=14371.0: LOCO[LOCO_01] → Allocated for pickup
15:39:23 | INFO     | EVENT_PUBLISHED: TrainArrivedEvent | train=T190 | time=14372.8
15:39:23 | INFO     | EVENT_HANDLING: TrainArrivedEvent -> RetrofitWorkshopContext._handle_train_arrived
15:39:23 | INFO     | EVENT_HANDLED: TrainArrivedEvent by RetrofitWorkshopContext._handle_train_arrived
15:39:23 | INFO     | t=14374.0: BATCH → Putting 2 wagons on retrofitted track retrofitted
15:39:23 | INFO     | t=14374.0: WAGON[W3087] → Added to retrofitted track retrofitted
15:39:23 | INFO     | t=14374.0: WAGON[W8637] → Added to retrofitted track retrofitted
15:39:23 | INFO     | t=14374.0: PARKING → Got wagon W3087 from retrofitted
15:39:23 | INFO     | t=14374.0: LOCO → Allocating for parking transport
15:39:23 | INFO     | t=14374.0: DISPATCHER → Task submitted: retrofitted_to_parking (pending=2)
15:39:23 | INFO     | t=14378.0: LOCO[LOCO_01] → TRAIN_PREP completed at WS_01 (2.0 min)
15:39:23 | INFO     | t=14379.0: WORKSHOP[WS_02] → Released, notifying 1 waiting processes
15:39:23 | INFO     | t=14379.0: WORKSHOP → Workshop became available
15:39:23 | INFO     | t=14379.0: WORKSHOP[WS_02] → Selected for batch
15:39:23 | INFO     | t=14379.0: DISPATCHER → Assigned loco LOCO_02 to retrofitted_to_parking (waited 5.0 min, pending=1)
15:39:23 | INFO     | t=14379.0: WAGON[W3237] → Added to batch
15:39:23 | INFO     | t=14379.0: BATCH[W4885,W3237] → Formed 2 wagons for WS_02
15:39:23 | INFO     | t=14379.0: LOCO[LOCO_02] → Allocated for parking transport
15:39:23 | INFO     | t=14379.0: TRACK[retrofit] → Removed 2 wagons (31.9m freed)
15:39:23 | INFO     | t=14379.0: DISPATCHER → Task submitted: retrofit_to_workshop (pending=2)
15:39:23 | INFO     | t=14379.0: COLLECTION → Capacity reserved, allocating locomotive
15:39:23 | INFO     | t=14379.0: DISPATCHER → Task submitted: collection_to_retrofit (pending=3)
15:39:23 | INFO     | t=14383.0: BATCH → Putting 2 wagons on retrofitted track retrofitted
15:39:23 | INFO     | t=14383.0: WAGON[W2324] → Added to retrofitted track retrofitted
15:39:23 | INFO     | t=14383.0: WAGON[W10934] → Added to retrofitted track retrofitted
15:39:23 | INFO     | t=14384.0: LOCO[LOCO_02] → TRAIN_PREP at retrofitted (coupling + prep, 2.0 min)
15:39:23 | INFO     | t=14388.0: WORKSHOP[WS_01] → Released, notifying 0 waiting processes
15:39:23 | INFO     | t=14388.0: DISPATCHER → Assigned loco LOCO_01 to retrofit_to_workshop (waited 9.0 min, pending=2)
15:39:23 | INFO     | t=14388.0: RAKE[W4885,W3237] → COUPLING at retrofit (1 couplings, 2.0 min)
15:39:23 | INFO     | t=14388.0: WAGON[W12383] → Retrieved from retrofit queue
15:39:23 | INFO     | t=14388.0: WORKSHOP[WS_01] → Selected for batch
15:39:23 | INFO     | t=14388.0: WAGON[W9843] → Added to batch
15:39:23 | INFO     | t=14388.0: BATCH[W12383,W9843] → Formed 2 wagons for WS_01
15:39:23 | INFO     | t=14388.0: TRACK[retrofit] → Removed 2 wagons (42.2m freed)
15:39:23 | INFO     | t=14388.0: DISPATCHER → Task submitted: retrofit_to_workshop (pending=3)
15:39:23 | INFO     | t=14395.0: LOCO[LOCO_01] → COUPLING at retrofit (2.0 min)
15:39:23 | INFO     | t=14397.0: LOCO[LOCO_01] → SHUNTING_PREP at retrofit (1.0 min)
15:39:23 | INFO     | SIMPY: Simulation completed at t=14400.0
15:39:23 | INFO     |  Simulation completed at t=14400.0
15:39:23 | INFO     | Event metrics: {'events_published': 190, 'events_processed': 190, 'handler_errors': 0, 'subscribers_count': 0, 'event_types_count': 0, 'error_rate': 0.0}
15:39:23 | INFO     |  Collecting results from all contexts
15:39:23 | INFO     | EVENT_PUBLISHED: SimulationEndedEvent | no_data
15:39:23 | WARNING  | EVENT_NO_SUBSCRIBERS: SimulationEndedEvent
15:39:23 | INFO     |  Simulation completed successfully for scenario priority_dispatch_scenario
