timestamp,datetime,locomotive_id,event_type,location,from_location,to_location,purpose,coupler_type,wagon_count,duration_min
360.0,2025-12-01T06:00:00+00:00,LOCO_01,MOVING,collection1,track_19,collection1,,,0,60.0
420.0,2025-12-01T07:00:00+00:00,LOCO_01,ALLOCATED,,,,batch_transport,,0,0.0
420.0,2025-12-01T07:00:00+00:00,LOCO_01,RAKE_COUPLING_STARTED,collection1,,,,SCREW,2,2.0
422.0,2025-12-01T07:02:00+00:00,LOCO_01,RAKE_COUPLING_COMPLETED,collection1,,,,SCREW,2,2.0
422.0,2025-12-01T07:02:00+00:00,LOCO_01,LOCO_COUPLING_STARTED,collection1,,,,SCREW,2,2.0
424.0,2025-12-01T07:04:00+00:00,LOCO_01,LOCO_COUPLING_COMPLETED,collection1,,,,SCREW,2,2.0
424.0,2025-12-01T07:04:00+00:00,LOCO_01,SHUNTING_PREP,collection1,,,,,2,1.0
425.0,2025-12-01T07:05:00+00:00,LOCO_01,MOVING,retrofit,collection1,retrofit,,,0,60.0
485.0,2025-12-01T08:05:00+00:00,LOCO_01,LOCO_DECOUPLING_STARTED,retrofit,,,,SCREW,2,3.0
488.0,2025-12-01T08:08:00+00:00,LOCO_01,LOCO_DECOUPLING_COMPLETED,retrofit,,,,SCREW,2,3.0
488.0,2025-12-01T08:08:00+00:00,LOCO_01,RAKE_DECOUPLING_STARTED,retrofit,,,,SCREW,2,3.0
491.0,2025-12-01T08:11:00+00:00,LOCO_01,RAKE_DECOUPLING_COMPLETED,retrofit,,,,SCREW,2,3.0
494.0,2025-12-01T08:14:00+00:00,LOCO_01,MOVING,track_19,retrofit,track_19,,,0,5.0
499.0,2025-12-01T08:19:00+00:00,LOCO_01,PARKING,,,,,,0,0.0
499.0,2025-12-01T08:19:00+00:00,LOCO_01,MOVING,collection1,track_19,collection1,,,0,60.0
559.0,2025-12-01T09:19:00+00:00,LOCO_01,ALLOCATED,,,,batch_transport,,0,0.0
559.0,2025-12-01T09:19:00+00:00,LOCO_01,RAKE_COUPLING_STARTED,collection1,,,,SCREW,2,2.0
561.0,2025-12-01T09:21:00+00:00,LOCO_01,RAKE_COUPLING_COMPLETED,collection1,,,,SCREW,2,2.0
561.0,2025-12-01T09:21:00+00:00,LOCO_01,LOCO_COUPLING_STARTED,collection1,,,,SCREW,2,2.0
563.0,2025-12-01T09:23:00+00:00,LOCO_01,LOCO_COUPLING_COMPLETED,collection1,,,,SCREW,2,2.0
563.0,2025-12-01T09:23:00+00:00,LOCO_01,SHUNTING_PREP,collection1,,,,,2,1.0
564.0,2025-12-01T09:24:00+00:00,LOCO_01,MOVING,retrofit,collection1,retrofit,,,0,60.0
624.0,2025-12-01T10:24:00+00:00,LOCO_01,LOCO_DECOUPLING_STARTED,retrofit,,,,SCREW,2,3.0
627.0,2025-12-01T10:27:00+00:00,LOCO_01,LOCO_DECOUPLING_COMPLETED,retrofit,,,,SCREW,2,3.0
627.0,2025-12-01T10:27:00+00:00,LOCO_01,RAKE_DECOUPLING_STARTED,retrofit,,,,SCREW,2,3.0
630.0,2025-12-01T10:30:00+00:00,LOCO_01,RAKE_DECOUPLING_COMPLETED,retrofit,,,,SCREW,2,3.0
633.0,2025-12-01T10:33:00+00:00,LOCO_01,MOVING,track_19,retrofit,track_19,,,0,5.0
638.0,2025-12-01T10:38:00+00:00,LOCO_01,PARKING,,,,,,0,2.0
640.0,2025-12-01T10:40:00+00:00,LOCO_01,MOVING,retrofit,track_19,retrofit,,,0,5.0
645.0,2025-12-01T10:45:00+00:00,LOCO_01,COUPLING_STARTED,retrofit,,,,SCREW,0,2.0
647.0,2025-12-01T10:47:00+00:00,LOCO_01,COUPLING_COMPLETED,retrofit,,,,SCREW,0,2.0
647.0,2025-12-01T10:47:00+00:00,LOCO_01,SHUNTING_PREP,retrofit,,,,,0,1.0
648.0,2025-12-01T10:48:00+00:00,LOCO_01,MOVING,WS_01,retrofit,WS_01,,,0,5.0
653.0,2025-12-01T10:53:00+00:00,LOCO_01,DECOUPLING_STARTED,WS_01,,,,SCREW,0,3.0
656.0,2025-12-01T10:56:00+00:00,LOCO_01,DECOUPLING_COMPLETED,WS_01,,,,SCREW,0,3.0
659.0,2025-12-01T10:59:00+00:00,LOCO_01,MOVING,track_19,WS_01,track_19,,,0,5.0
664.0,2025-12-01T11:04:00+00:00,LOCO_01,MOVING,collection1,track_19,collection1,,,0,60.0
724.0,2025-12-01T12:04:00+00:00,LOCO_01,ALLOCATED,,,,batch_transport,,0,0.0
724.0,2025-12-01T12:04:00+00:00,LOCO_01,RAKE_COUPLING_STARTED,collection1,,,,SCREW,4,6.0
730.0,2025-12-01T12:10:00+00:00,LOCO_01,RAKE_COUPLING_COMPLETED,collection1,,,,SCREW,4,6.0
730.0,2025-12-01T12:10:00+00:00,LOCO_01,LOCO_COUPLING_STARTED,collection1,,,,SCREW,4,2.0
732.0,2025-12-01T12:12:00+00:00,LOCO_01,LOCO_COUPLING_COMPLETED,collection1,,,,SCREW,4,2.0
732.0,2025-12-01T12:12:00+00:00,LOCO_01,SHUNTING_PREP,collection1,,,,,4,1.0
733.0,2025-12-01T12:13:00+00:00,LOCO_01,MOVING,retrofit,collection1,retrofit,,,0,60.0
793.0,2025-12-01T13:13:00+00:00,LOCO_01,LOCO_DECOUPLING_STARTED,retrofit,,,,SCREW,4,3.0
796.0,2025-12-01T13:16:00+00:00,LOCO_01,LOCO_DECOUPLING_COMPLETED,retrofit,,,,SCREW,4,3.0
796.0,2025-12-01T13:16:00+00:00,LOCO_01,RAKE_DECOUPLING_STARTED,retrofit,,,,SCREW,4,9.0
805.0,2025-12-01T13:25:00+00:00,LOCO_01,RAKE_DECOUPLING_COMPLETED,retrofit,,,,SCREW,4,9.0
814.0,2025-12-01T13:34:00+00:00,LOCO_01,MOVING,track_19,retrofit,track_19,,,0,5.0
819.0,2025-12-01T13:39:00+00:00,LOCO_01,PARKING,,,,,,0,2.0
821.0,2025-12-01T13:41:00+00:00,LOCO_01,MOVING,retrofit,track_19,retrofit,,,0,5.0
826.0,2025-12-01T13:46:00+00:00,LOCO_01,COUPLING_STARTED,retrofit,,,,SCREW,0,2.0
828.0,2025-12-01T13:48:00+00:00,LOCO_01,COUPLING_COMPLETED,retrofit,,,,SCREW,0,2.0
828.0,2025-12-01T13:48:00+00:00,LOCO_01,SHUNTING_PREP,retrofit,,,,,0,1.0
829.0,2025-12-01T13:49:00+00:00,LOCO_01,MOVING,WS_02,retrofit,WS_02,,,0,5.0
834.0,2025-12-01T13:54:00+00:00,LOCO_01,DECOUPLING_STARTED,WS_02,,,,SCREW,0,3.0
837.0,2025-12-01T13:57:00+00:00,LOCO_01,DECOUPLING_COMPLETED,WS_02,,,,SCREW,0,3.0
840.0,2025-12-01T14:00:00+00:00,LOCO_01,MOVING,track_19,WS_02,track_19,,,0,34.5
874.5,2025-12-01T14:34:30+00:00,LOCO_01,MOVING,WS_01,track_19,WS_01,,,0,5.0
879.5,2025-12-01T14:39:30+00:00,LOCO_01,RAKE_COUPLING_STARTED,WS_01,,,,DAC,2,0.5
880.0,2025-12-01T14:40:00+00:00,LOCO_01,RAKE_COUPLING_COMPLETED,WS_01,,,,DAC,2,0.5
880.0,2025-12-01T14:40:00+00:00,LOCO_01,LOCO_COUPLING_STARTED,WS_01,,,,DAC,2,0.5
880.5,2025-12-01T14:40:30+00:00,LOCO_01,LOCO_COUPLING_COMPLETED,WS_01,,,,DAC,2,0.5
880.5,2025-12-01T14:40:30+00:00,LOCO_01,SHUNTING_PREP,WS_01,,,,,2,1.0
881.5,2025-12-01T14:41:30+00:00,LOCO_01,MOVING,retrofitted,WS_01,retrofitted,,,0,5.0
886.5,2025-12-01T14:46:30+00:00,LOCO_01,MOVING,track_19,retrofitted,track_19,,,0,5.0
891.5,2025-12-01T14:51:30+00:00,LOCO_01,ALLOCATED,,,,batch_transport,,0,0.0
891.5,2025-12-01T14:51:30+00:00,LOCO_01,MOVING,retrofitted,track_19,retrofitted,,,0,5.0
896.5,2025-12-01T14:56:30+00:00,LOCO_01,RAKE_COUPLING_STARTED,retrofitted,,,,DAC,2,0.5
897.0,2025-12-01T14:57:00+00:00,LOCO_01,RAKE_COUPLING_COMPLETED,retrofitted,,,,DAC,2,0.5
897.0,2025-12-01T14:57:00+00:00,LOCO_01,LOCO_COUPLING_STARTED,retrofitted,,,,DAC,2,0.5
897.5,2025-12-01T14:57:30+00:00,LOCO_01,LOCO_COUPLING_COMPLETED,retrofitted,,,,DAC,2,0.5
897.5,2025-12-01T14:57:30+00:00,LOCO_01,SHUNTING_PREP,retrofitted,,,,,2,1.0
898.5,2025-12-01T14:58:30+00:00,LOCO_01,MOVING,parking16,retrofitted,parking16,,,0,120.0
1018.5,2025-12-01T16:58:30+00:00,LOCO_01,LOCO_DECOUPLING_STARTED,parking16,,,,DAC,2,0.5
1019.0,2025-12-01T16:59:00+00:00,LOCO_01,LOCO_DECOUPLING_COMPLETED,parking16,,,,DAC,2,0.5
1019.0,2025-12-01T16:59:00+00:00,LOCO_01,RAKE_DECOUPLING_STARTED,parking16,,,,DAC,2,0.5
1019.5,2025-12-01T16:59:30+00:00,LOCO_01,RAKE_DECOUPLING_COMPLETED,parking16,,,,DAC,2,0.5
1020.0,2025-12-01T17:00:00+00:00,LOCO_01,MOVING,track_19,parking16,track_19,,,0,60.0
1080.0,2025-12-01T18:00:00+00:00,LOCO_01,MOVING,WS_02,track_19,WS_02,,,0,5.0
1085.0,2025-12-01T18:05:00+00:00,LOCO_01,RAKE_COUPLING_STARTED,WS_02,,,,DAC,2,0.5
1085.5,2025-12-01T18:05:30+00:00,LOCO_01,RAKE_COUPLING_COMPLETED,WS_02,,,,DAC,2,0.5
1085.5,2025-12-01T18:05:30+00:00,LOCO_01,LOCO_COUPLING_STARTED,WS_02,,,,DAC,2,0.5
1086.0,2025-12-01T18:06:00+00:00,LOCO_01,LOCO_COUPLING_COMPLETED,WS_02,,,,DAC,2,0.5
1086.0,2025-12-01T18:06:00+00:00,LOCO_01,SHUNTING_PREP,WS_02,,,,,2,1.0
1087.0,2025-12-01T18:07:00+00:00,LOCO_01,MOVING,retrofitted,WS_02,retrofitted,,,0,5.0
1092.0,2025-12-01T18:12:00+00:00,LOCO_01,MOVING,track_19,retrofitted,track_19,,,0,5.0
1097.0,2025-12-01T18:17:00+00:00,LOCO_01,MOVING,collection1,track_19,collection1,,,0,60.0
1157.0,2025-12-01T19:17:00+00:00,LOCO_01,ALLOCATED,,,,batch_transport,,0,0.0
1157.0,2025-12-01T19:17:00+00:00,LOCO_01,RAKE_COUPLING_STARTED,collection1,,,,SCREW,4,6.0
1163.0,2025-12-01T19:23:00+00:00,LOCO_01,RAKE_COUPLING_COMPLETED,collection1,,,,SCREW,4,6.0
1163.0,2025-12-01T19:23:00+00:00,LOCO_01,LOCO_COUPLING_STARTED,collection1,,,,SCREW,4,2.0
1165.0,2025-12-01T19:25:00+00:00,LOCO_01,LOCO_COUPLING_COMPLETED,collection1,,,,SCREW,4,2.0
1165.0,2025-12-01T19:25:00+00:00,LOCO_01,SHUNTING_PREP,collection1,,,,,4,1.0
1166.0,2025-12-01T19:26:00+00:00,LOCO_01,MOVING,retrofit,collection1,retrofit,,,0,60.0
1226.0,2025-12-01T20:26:00+00:00,LOCO_01,LOCO_DECOUPLING_STARTED,retrofit,,,,SCREW,4,3.0
1229.0,2025-12-01T20:29:00+00:00,LOCO_01,LOCO_DECOUPLING_COMPLETED,retrofit,,,,SCREW,4,3.0
1229.0,2025-12-01T20:29:00+00:00,LOCO_01,RAKE_DECOUPLING_STARTED,retrofit,,,,SCREW,4,9.0
1238.0,2025-12-01T20:38:00+00:00,LOCO_01,RAKE_DECOUPLING_COMPLETED,retrofit,,,,SCREW,4,9.0
1247.0,2025-12-01T20:47:00+00:00,LOCO_01,MOVING,track_19,retrofit,track_19,,,0,5.0
1252.0,2025-12-01T20:52:00+00:00,LOCO_01,PARKING,,,,,,0,2.0
1254.0,2025-12-01T20:54:00+00:00,LOCO_01,MOVING,retrofit,track_19,retrofit,,,0,5.0
1259.0,2025-12-01T20:59:00+00:00,LOCO_01,COUPLING_STARTED,retrofit,,,,SCREW,0,2.0
1261.0,2025-12-01T21:01:00+00:00,LOCO_01,COUPLING_COMPLETED,retrofit,,,,SCREW,0,2.0
1261.0,2025-12-01T21:01:00+00:00,LOCO_01,SHUNTING_PREP,retrofit,,,,,0,1.0
1262.0,2025-12-01T21:02:00+00:00,LOCO_01,MOVING,WS_02,retrofit,WS_02,,,0,5.0
1267.0,2025-12-01T21:07:00+00:00,LOCO_01,DECOUPLING_STARTED,WS_02,,,,SCREW,0,3.0
1270.0,2025-12-01T21:10:00+00:00,LOCO_01,DECOUPLING_COMPLETED,WS_02,,,,SCREW,0,3.0
1273.0,2025-12-01T21:13:00+00:00,LOCO_01,MOVING,track_19,WS_02,track_19,,,0,5.0
1278.0,2025-12-01T21:18:00+00:00,LOCO_01,MOVING,WS_01,track_19,WS_01,,,0,5.0
1283.0,2025-12-01T21:23:00+00:00,LOCO_01,RAKE_COUPLING_STARTED,WS_01,,,,DAC,2,0.5
1283.5,2025-12-01T21:23:30+00:00,LOCO_01,RAKE_COUPLING_COMPLETED,WS_01,,,,DAC,2,0.5
1283.5,2025-12-01T21:23:30+00:00,LOCO_01,LOCO_COUPLING_STARTED,WS_01,,,,DAC,2,0.5
1284.0,2025-12-01T21:24:00+00:00,LOCO_01,LOCO_COUPLING_COMPLETED,WS_01,,,,DAC,2,0.5
1284.0,2025-12-01T21:24:00+00:00,LOCO_01,SHUNTING_PREP,WS_01,,,,,2,1.0
1285.0,2025-12-01T21:25:00+00:00,LOCO_01,MOVING,retrofitted,WS_01,retrofitted,,,0,5.0
1290.0,2025-12-01T21:30:00+00:00,LOCO_01,MOVING,track_19,retrofitted,track_19,,,0,5.0
1295.0,2025-12-01T21:35:00+00:00,LOCO_01,ALLOCATED,,,,batch_transport,,0,0.0
1295.0,2025-12-01T21:35:00+00:00,LOCO_01,MOVING,retrofitted,track_19,retrofitted,,,0,5.0
1300.0,2025-12-01T21:40:00+00:00,LOCO_01,RAKE_COUPLING_STARTED,retrofitted,,,,DAC,2,0.5
1300.5,2025-12-01T21:40:30+00:00,LOCO_01,RAKE_COUPLING_COMPLETED,retrofitted,,,,DAC,2,0.5
1300.5,2025-12-01T21:40:30+00:00,LOCO_01,LOCO_COUPLING_STARTED,retrofitted,,,,DAC,2,0.5
1301.0,2025-12-01T21:41:00+00:00,LOCO_01,LOCO_COUPLING_COMPLETED,retrofitted,,,,DAC,2,0.5
1301.0,2025-12-01T21:41:00+00:00,LOCO_01,SHUNTING_PREP,retrofitted,,,,,2,1.0
1302.0,2025-12-01T21:42:00+00:00,LOCO_01,MOVING,parking16,retrofitted,parking16,,,0,120.0
1422.0,2025-12-01T23:42:00+00:00,LOCO_01,LOCO_DECOUPLING_STARTED,parking16,,,,DAC,2,0.5
1422.5,2025-12-01T23:42:30+00:00,LOCO_01,LOCO_DECOUPLING_COMPLETED,parking16,,,,DAC,2,0.5
1422.5,2025-12-01T23:42:30+00:00,LOCO_01,RAKE_DECOUPLING_STARTED,parking16,,,,DAC,2,0.5
1423.0,2025-12-01T23:43:00+00:00,LOCO_01,RAKE_DECOUPLING_COMPLETED,parking16,,,,DAC,2,0.5
1423.5,2025-12-01T23:43:30+00:00,LOCO_01,MOVING,track_19,parking16,track_19,,,0,62.0
1485.5,2025-12-02T00:45:30+00:00,LOCO_01,MOVING,retrofit,track_19,retrofit,,,0,5.0
1490.5,2025-12-02T00:50:30+00:00,LOCO_01,COUPLING_STARTED,retrofit,,,,SCREW,0,2.0
1492.5,2025-12-02T00:52:30+00:00,LOCO_01,COUPLING_COMPLETED,retrofit,,,,SCREW,0,2.0
1492.5,2025-12-02T00:52:30+00:00,LOCO_01,SHUNTING_PREP,retrofit,,,,,0,1.0
1493.5,2025-12-02T00:53:30+00:00,LOCO_01,MOVING,WS_02,retrofit,WS_02,,,0,5.0
1498.5,2025-12-02T00:58:30+00:00,LOCO_01,DECOUPLING_STARTED,WS_02,,,,SCREW,0,3.0
1501.5,2025-12-02T01:01:30+00:00,LOCO_01,DECOUPLING_COMPLETED,WS_02,,,,SCREW,0,3.0
1504.5,2025-12-02T01:04:30+00:00,LOCO_01,MOVING,track_19,WS_02,track_19,,,0,5.0
1509.5,2025-12-02T01:09:30+00:00,LOCO_01,MOVING,WS_01,track_19,WS_01,,,0,5.0
1514.5,2025-12-02T01:14:30+00:00,LOCO_01,RAKE_COUPLING_STARTED,WS_01,,,,DAC,2,0.5
1515.0,2025-12-02T01:15:00+00:00,LOCO_01,RAKE_COUPLING_COMPLETED,WS_01,,,,DAC,2,0.5
1515.0,2025-12-02T01:15:00+00:00,LOCO_01,LOCO_COUPLING_STARTED,WS_01,,,,DAC,2,0.5
1515.5,2025-12-02T01:15:30+00:00,LOCO_01,LOCO_COUPLING_COMPLETED,WS_01,,,,DAC,2,0.5
1515.5,2025-12-02T01:15:30+00:00,LOCO_01,SHUNTING_PREP,WS_01,,,,,2,1.0
1516.5,2025-12-02T01:16:30+00:00,LOCO_01,MOVING,retrofitted,WS_01,retrofitted,,,0,5.0
1521.5,2025-12-02T01:21:30+00:00,LOCO_01,MOVING,track_19,retrofitted,track_19,,,0,5.0
1526.5,2025-12-02T01:26:30+00:00,LOCO_01,ALLOCATED,,,,batch_transport,,0,0.0
1526.5,2025-12-02T01:26:30+00:00,LOCO_01,MOVING,retrofitted,track_19,retrofitted,,,0,5.0
1531.5,2025-12-02T01:31:30+00:00,LOCO_01,RAKE_COUPLING_STARTED,retrofitted,,,,DAC,4,1.5
1533.0,2025-12-02T01:33:00+00:00,LOCO_01,RAKE_COUPLING_COMPLETED,retrofitted,,,,DAC,4,1.5
1533.0,2025-12-02T01:33:00+00:00,LOCO_01,LOCO_COUPLING_STARTED,retrofitted,,,,DAC,4,0.5
1533.5,2025-12-02T01:33:30+00:00,LOCO_01,LOCO_COUPLING_COMPLETED,retrofitted,,,,DAC,4,0.5
1533.5,2025-12-02T01:33:30+00:00,LOCO_01,SHUNTING_PREP,retrofitted,,,,,4,1.0
1534.5,2025-12-02T01:34:30+00:00,LOCO_01,MOVING,parking16,retrofitted,parking16,,,0,120.0
1654.5,2025-12-02T03:34:30+00:00,LOCO_01,LOCO_DECOUPLING_STARTED,parking16,,,,DAC,4,0.5
1655.0,2025-12-02T03:35:00+00:00,LOCO_01,LOCO_DECOUPLING_COMPLETED,parking16,,,,DAC,4,0.5
1655.0,2025-12-02T03:35:00+00:00,LOCO_01,RAKE_DECOUPLING_STARTED,parking16,,,,DAC,4,1.5
1656.5,2025-12-02T03:36:30+00:00,LOCO_01,RAKE_DECOUPLING_COMPLETED,parking16,,,,DAC,4,1.5
1658.0,2025-12-02T03:38:00+00:00,LOCO_01,MOVING,track_19,parking16,track_19,,,0,62.0
1720.0,2025-12-02T04:40:00+00:00,LOCO_01,MOVING,retrofit,track_19,retrofit,,,0,5.0
1725.0,2025-12-02T04:45:00+00:00,LOCO_01,COUPLING_STARTED,retrofit,,,,SCREW,0,2.0
1727.0,2025-12-02T04:47:00+00:00,LOCO_01,COUPLING_COMPLETED,retrofit,,,,SCREW,0,2.0
1727.0,2025-12-02T04:47:00+00:00,LOCO_01,SHUNTING_PREP,retrofit,,,,,0,1.0
1728.0,2025-12-02T04:48:00+00:00,LOCO_01,MOVING,WS_02,retrofit,WS_02,,,0,5.0
1733.0,2025-12-02T04:53:00+00:00,LOCO_01,DECOUPLING_STARTED,WS_02,,,,SCREW,0,3.0
1736.0,2025-12-02T04:56:00+00:00,LOCO_01,DECOUPLING_COMPLETED,WS_02,,,,SCREW,0,3.0
1739.0,2025-12-02T04:59:00+00:00,LOCO_01,MOVING,track_19,WS_02,track_19,,,0,5.0
1744.0,2025-12-02T05:04:00+00:00,LOCO_01,MOVING,WS_01,track_19,WS_01,,,0,5.0
1749.0,2025-12-02T05:09:00+00:00,LOCO_01,RAKE_COUPLING_STARTED,WS_01,,,,DAC,2,0.5
1749.5,2025-12-02T05:09:30+00:00,LOCO_01,RAKE_COUPLING_COMPLETED,WS_01,,,,DAC,2,0.5
1749.5,2025-12-02T05:09:30+00:00,LOCO_01,LOCO_COUPLING_STARTED,WS_01,,,,DAC,2,0.5
1750.0,2025-12-02T05:10:00+00:00,LOCO_01,LOCO_COUPLING_COMPLETED,WS_01,,,,DAC,2,0.5
1750.0,2025-12-02T05:10:00+00:00,LOCO_01,SHUNTING_PREP,WS_01,,,,,2,1.0
1751.0,2025-12-02T05:11:00+00:00,LOCO_01,MOVING,retrofitted,WS_01,retrofitted,,,0,5.0
1756.0,2025-12-02T05:16:00+00:00,LOCO_01,MOVING,track_19,retrofitted,track_19,,,0,5.0
1761.0,2025-12-02T05:21:00+00:00,LOCO_01,ALLOCATED,,,,batch_transport,,0,0.0
1761.0,2025-12-02T05:21:00+00:00,LOCO_01,MOVING,retrofitted,track_19,retrofitted,,,0,5.0
1766.0,2025-12-02T05:26:00+00:00,LOCO_01,RAKE_COUPLING_STARTED,retrofitted,,,,DAC,4,1.5
1767.5,2025-12-02T05:27:30+00:00,LOCO_01,RAKE_COUPLING_COMPLETED,retrofitted,,,,DAC,4,1.5
1767.5,2025-12-02T05:27:30+00:00,LOCO_01,LOCO_COUPLING_STARTED,retrofitted,,,,DAC,4,0.5
1768.0,2025-12-02T05:28:00+00:00,LOCO_01,LOCO_COUPLING_COMPLETED,retrofitted,,,,DAC,4,0.5
1768.0,2025-12-02T05:28:00+00:00,LOCO_01,SHUNTING_PREP,retrofitted,,,,,4,1.0
1769.0,2025-12-02T05:29:00+00:00,LOCO_01,MOVING,parking16,retrofitted,parking16,,,0,120.0
1889.0,2025-12-02T07:29:00+00:00,LOCO_01,LOCO_DECOUPLING_STARTED,parking16,,,,DAC,4,0.5
1889.5,2025-12-02T07:29:30+00:00,LOCO_01,LOCO_DECOUPLING_COMPLETED,parking16,,,,DAC,4,0.5
1889.5,2025-12-02T07:29:30+00:00,LOCO_01,RAKE_DECOUPLING_STARTED,parking16,,,,DAC,4,1.5
1891.0,2025-12-02T07:31:00+00:00,LOCO_01,RAKE_DECOUPLING_COMPLETED,parking16,,,,DAC,4,1.5
1892.5,2025-12-02T07:32:30+00:00,LOCO_01,MOVING,track_19,parking16,track_19,,,0,62.0
1954.5,2025-12-02T08:34:30+00:00,LOCO_01,MOVING,retrofit,track_19,retrofit,,,0,5.0
1959.5,2025-12-02T08:39:30+00:00,LOCO_01,COUPLING_STARTED,retrofit,,,,SCREW,0,2.0
1961.5,2025-12-02T08:41:30+00:00,LOCO_01,COUPLING_COMPLETED,retrofit,,,,SCREW,0,2.0
1961.5,2025-12-02T08:41:30+00:00,LOCO_01,SHUNTING_PREP,retrofit,,,,,0,1.0
1962.5,2025-12-02T08:42:30+00:00,LOCO_01,MOVING,WS_02,retrofit,WS_02,,,0,5.0
1967.5,2025-12-02T08:47:30+00:00,LOCO_01,DECOUPLING_STARTED,WS_02,,,,SCREW,0,3.0
1970.5,2025-12-02T08:50:30+00:00,LOCO_01,DECOUPLING_COMPLETED,WS_02,,,,SCREW,0,3.0
1973.5,2025-12-02T08:53:30+00:00,LOCO_01,MOVING,track_19,WS_02,track_19,,,0,7.0
1980.5,2025-12-02T09:00:30+00:00,LOCO_01,MOVING,retrofit,track_19,retrofit,,,0,5.0
1985.5,2025-12-02T09:05:30+00:00,LOCO_01,COUPLING_STARTED,retrofit,,,,SCREW,0,2.0
1987.5,2025-12-02T09:07:30+00:00,LOCO_01,COUPLING_COMPLETED,retrofit,,,,SCREW,0,2.0
1987.5,2025-12-02T09:07:30+00:00,LOCO_01,SHUNTING_PREP,retrofit,,,,,0,1.0
1988.5,2025-12-02T09:08:30+00:00,LOCO_01,MOVING,WS_01,retrofit,WS_01,,,0,5.0
1993.5,2025-12-02T09:13:30+00:00,LOCO_01,DECOUPLING_STARTED,WS_01,,,,SCREW,0,3.0
1996.5,2025-12-02T09:16:30+00:00,LOCO_01,DECOUPLING_COMPLETED,WS_01,,,,SCREW,0,3.0
1999.5,2025-12-02T09:19:30+00:00,LOCO_01,MOVING,track_19,WS_01,track_19,,,0,5.0
2004.5,2025-12-02T09:24:30+00:00,LOCO_01,MOVING,collection2,track_19,collection2,,,0,60.0
2064.5,2025-12-02T10:24:30+00:00,LOCO_01,ALLOCATED,,,,batch_transport,,0,0.0
2064.5,2025-12-02T10:24:30+00:00,LOCO_01,RAKE_COUPLING_STARTED,collection2,,,,SCREW,4,6.0
2070.5,2025-12-02T10:30:30+00:00,LOCO_01,RAKE_COUPLING_COMPLETED,collection2,,,,SCREW,4,6.0
2070.5,2025-12-02T10:30:30+00:00,LOCO_01,LOCO_COUPLING_STARTED,collection2,,,,SCREW,4,2.0
2072.5,2025-12-02T10:32:30+00:00,LOCO_01,LOCO_COUPLING_COMPLETED,collection2,,,,SCREW,4,2.0
2072.5,2025-12-02T10:32:30+00:00,LOCO_01,SHUNTING_PREP,collection2,,,,,4,1.0
2073.5,2025-12-02T10:33:30+00:00,LOCO_01,MOVING,retrofit,collection2,retrofit,,,0,60.0
2133.5,2025-12-02T11:33:30+00:00,LOCO_01,LOCO_DECOUPLING_STARTED,retrofit,,,,SCREW,4,3.0
2136.5,2025-12-02T11:36:30+00:00,LOCO_01,LOCO_DECOUPLING_COMPLETED,retrofit,,,,SCREW,4,3.0
2136.5,2025-12-02T11:36:30+00:00,LOCO_01,RAKE_DECOUPLING_STARTED,retrofit,,,,SCREW,4,9.0
2145.5,2025-12-02T11:45:30+00:00,LOCO_01,RAKE_DECOUPLING_COMPLETED,retrofit,,,,SCREW,4,9.0
2154.5,2025-12-02T11:54:30+00:00,LOCO_01,MOVING,track_19,retrofit,track_19,,,0,5.0
2159.5,2025-12-02T11:59:30+00:00,LOCO_01,PARKING,,,,,,0,0.0
2159.5,2025-12-02T11:59:30+00:00,LOCO_01,MOVING,WS_02,track_19,WS_02,,,0,5.0
2164.5,2025-12-02T12:04:30+00:00,LOCO_01,RAKE_COUPLING_STARTED,WS_02,,,,DAC,2,0.5
2165.0,2025-12-02T12:05:00+00:00,LOCO_01,RAKE_COUPLING_COMPLETED,WS_02,,,,DAC,2,0.5
2165.0,2025-12-02T12:05:00+00:00,LOCO_01,LOCO_COUPLING_STARTED,WS_02,,,,DAC,2,0.5
2165.5,2025-12-02T12:05:30+00:00,LOCO_01,LOCO_COUPLING_COMPLETED,WS_02,,,,DAC,2,0.5
2165.5,2025-12-02T12:05:30+00:00,LOCO_01,SHUNTING_PREP,WS_02,,,,,2,1.0
2166.5,2025-12-02T12:06:30+00:00,LOCO_01,MOVING,retrofitted,WS_02,retrofitted,,,0,5.0
2171.5,2025-12-02T12:11:30+00:00,LOCO_01,MOVING,track_19,retrofitted,track_19,,,0,5.0
2176.5,2025-12-02T12:16:30+00:00,LOCO_01,ALLOCATED,,,,batch_transport,,0,0.0
2176.5,2025-12-02T12:16:30+00:00,LOCO_01,MOVING,retrofitted,track_19,retrofitted,,,0,5.0
2181.5,2025-12-02T12:21:30+00:00,LOCO_01,RAKE_COUPLING_STARTED,retrofitted,,,,DAC,2,0.5
2182.0,2025-12-02T12:22:00+00:00,LOCO_01,RAKE_COUPLING_COMPLETED,retrofitted,,,,DAC,2,0.5
2182.0,2025-12-02T12:22:00+00:00,LOCO_01,LOCO_COUPLING_STARTED,retrofitted,,,,DAC,2,0.5
2182.5,2025-12-02T12:22:30+00:00,LOCO_01,LOCO_COUPLING_COMPLETED,retrofitted,,,,DAC,2,0.5
2182.5,2025-12-02T12:22:30+00:00,LOCO_01,SHUNTING_PREP,retrofitted,,,,,2,1.0
2183.5,2025-12-02T12:23:30+00:00,LOCO_01,MOVING,parking16,retrofitted,parking16,,,0,120.0
2303.5,2025-12-02T14:23:30+00:00,LOCO_01,LOCO_DECOUPLING_STARTED,parking16,,,,DAC,2,0.5
2304.0,2025-12-02T14:24:00+00:00,LOCO_01,LOCO_DECOUPLING_COMPLETED,parking16,,,,DAC,2,0.5
2304.0,2025-12-02T14:24:00+00:00,LOCO_01,RAKE_DECOUPLING_STARTED,parking16,,,,DAC,2,0.5
2304.5,2025-12-02T14:24:30+00:00,LOCO_01,RAKE_DECOUPLING_COMPLETED,parking16,,,,DAC,2,0.5
2305.0,2025-12-02T14:25:00+00:00,LOCO_01,MOVING,track_19,parking16,track_19,,,0,60.0
2365.0,2025-12-02T15:25:00+00:00,LOCO_01,MOVING,WS_02,track_19,WS_02,,,0,5.0
2370.0,2025-12-02T15:30:00+00:00,LOCO_01,RAKE_COUPLING_STARTED,WS_02,,,,DAC,2,0.5
2370.5,2025-12-02T15:30:30+00:00,LOCO_01,RAKE_COUPLING_COMPLETED,WS_02,,,,DAC,2,0.5
2370.5,2025-12-02T15:30:30+00:00,LOCO_01,LOCO_COUPLING_STARTED,WS_02,,,,DAC,2,0.5
2371.0,2025-12-02T15:31:00+00:00,LOCO_01,LOCO_COUPLING_COMPLETED,WS_02,,,,DAC,2,0.5
2371.0,2025-12-02T15:31:00+00:00,LOCO_01,SHUNTING_PREP,WS_02,,,,,2,1.0
2372.0,2025-12-02T15:32:00+00:00,LOCO_01,MOVING,retrofitted,WS_02,retrofitted,,,0,5.0
2377.0,2025-12-02T15:37:00+00:00,LOCO_01,MOVING,track_19,retrofitted,track_19,,,0,5.0
2382.0,2025-12-02T15:42:00+00:00,LOCO_01,ALLOCATED,,,,batch_transport,,0,0.0
2382.0,2025-12-02T15:42:00+00:00,LOCO_01,MOVING,retrofitted,track_19,retrofitted,,,0,5.0
2387.0,2025-12-02T15:47:00+00:00,LOCO_01,RAKE_COUPLING_STARTED,retrofitted,,,,DAC,4,1.5
2388.5,2025-12-02T15:48:30+00:00,LOCO_01,RAKE_COUPLING_COMPLETED,retrofitted,,,,DAC,4,1.5
2388.5,2025-12-02T15:48:30+00:00,LOCO_01,LOCO_COUPLING_STARTED,retrofitted,,,,DAC,4,0.5
2389.0,2025-12-02T15:49:00+00:00,LOCO_01,LOCO_COUPLING_COMPLETED,retrofitted,,,,DAC,4,0.5
2389.0,2025-12-02T15:49:00+00:00,LOCO_01,SHUNTING_PREP,retrofitted,,,,,4,1.0
2390.0,2025-12-02T15:50:00+00:00,LOCO_01,MOVING,parking16,retrofitted,parking16,,,0,120.0
2510.0,2025-12-02T17:50:00+00:00,LOCO_01,LOCO_DECOUPLING_STARTED,parking16,,,,DAC,4,0.5
2510.5,2025-12-02T17:50:30+00:00,LOCO_01,LOCO_DECOUPLING_COMPLETED,parking16,,,,DAC,4,0.5
2510.5,2025-12-02T17:50:30+00:00,LOCO_01,RAKE_DECOUPLING_STARTED,parking16,,,,DAC,4,1.5
2512.0,2025-12-02T17:52:00+00:00,LOCO_01,RAKE_DECOUPLING_COMPLETED,parking16,,,,DAC,4,1.5
2513.5,2025-12-02T17:53:30+00:00,LOCO_01,MOVING,track_19,parking16,track_19,,,0,60.0
2573.5,2025-12-02T18:53:30+00:00,LOCO_01,MOVING,WS_02,track_19,WS_02,,,0,5.0
2578.5,2025-12-02T18:58:30+00:00,LOCO_01,RAKE_COUPLING_STARTED,WS_02,,,,DAC,2,0.5
2579.0,2025-12-02T18:59:00+00:00,LOCO_01,RAKE_COUPLING_COMPLETED,WS_02,,,,DAC,2,0.5
2579.0,2025-12-02T18:59:00+00:00,LOCO_01,LOCO_COUPLING_STARTED,WS_02,,,,DAC,2,0.5
2579.5,2025-12-02T18:59:30+00:00,LOCO_01,LOCO_COUPLING_COMPLETED,WS_02,,,,DAC,2,0.5
2579.5,2025-12-02T18:59:30+00:00,LOCO_01,SHUNTING_PREP,WS_02,,,,,2,1.0
2580.5,2025-12-02T19:00:30+00:00,LOCO_01,MOVING,retrofitted,WS_02,retrofitted,,,0,5.0
2585.5,2025-12-02T19:05:30+00:00,LOCO_01,MOVING,track_19,retrofitted,track_19,,,0,5.0
2590.5,2025-12-02T19:10:30+00:00,LOCO_01,ALLOCATED,,,,batch_transport,,0,0.0
2590.5,2025-12-02T19:10:30+00:00,LOCO_01,MOVING,retrofitted,track_19,retrofitted,,,0,5.0
2595.5,2025-12-02T19:15:30+00:00,LOCO_01,RAKE_COUPLING_STARTED,retrofitted,,,,DAC,4,1.5
2597.0,2025-12-02T19:17:00+00:00,LOCO_01,RAKE_COUPLING_COMPLETED,retrofitted,,,,DAC,4,1.5
2597.0,2025-12-02T19:17:00+00:00,LOCO_01,LOCO_COUPLING_STARTED,retrofitted,,,,DAC,4,0.5
2597.5,2025-12-02T19:17:30+00:00,LOCO_01,LOCO_COUPLING_COMPLETED,retrofitted,,,,DAC,4,0.5
2597.5,2025-12-02T19:17:30+00:00,LOCO_01,SHUNTING_PREP,retrofitted,,,,,4,1.0
2598.5,2025-12-02T19:18:30+00:00,LOCO_01,MOVING,parking16,retrofitted,parking16,,,0,120.0
2718.5,2025-12-02T21:18:30+00:00,LOCO_01,LOCO_DECOUPLING_STARTED,parking16,,,,DAC,4,0.5
2719.0,2025-12-02T21:19:00+00:00,LOCO_01,LOCO_DECOUPLING_COMPLETED,parking16,,,,DAC,4,0.5
2719.0,2025-12-02T21:19:00+00:00,LOCO_01,RAKE_DECOUPLING_STARTED,parking16,,,,DAC,4,1.5
2720.5,2025-12-02T21:20:30+00:00,LOCO_01,RAKE_DECOUPLING_COMPLETED,parking16,,,,DAC,4,1.5
2722.0,2025-12-02T21:22:00+00:00,LOCO_01,MOVING,track_19,parking16,track_19,,,0,60.0
2782.0,2025-12-02T22:22:00+00:00,LOCO_01,MOVING,WS_02,track_19,WS_02,,,0,5.0
2787.0,2025-12-02T22:27:00+00:00,LOCO_01,RAKE_COUPLING_STARTED,WS_02,,,,DAC,2,0.5
2787.5,2025-12-02T22:27:30+00:00,LOCO_01,RAKE_COUPLING_COMPLETED,WS_02,,,,DAC,2,0.5
2787.5,2025-12-02T22:27:30+00:00,LOCO_01,LOCO_COUPLING_STARTED,WS_02,,,,DAC,2,0.5
2788.0,2025-12-02T22:28:00+00:00,LOCO_01,LOCO_COUPLING_COMPLETED,WS_02,,,,DAC,2,0.5
2788.0,2025-12-02T22:28:00+00:00,LOCO_01,SHUNTING_PREP,WS_02,,,,,2,1.0
2789.0,2025-12-02T22:29:00+00:00,LOCO_01,MOVING,retrofitted,WS_02,retrofitted,,,0,5.0
2794.0,2025-12-02T22:34:00+00:00,LOCO_01,MOVING,track_19,retrofitted,track_19,,,0,5.0
2799.0,2025-12-02T22:39:00+00:00,LOCO_01,ALLOCATED,,,,batch_transport,,0,0.0
2799.0,2025-12-02T22:39:00+00:00,LOCO_01,MOVING,retrofitted,track_19,retrofitted,,,0,5.0
2804.0,2025-12-02T22:44:00+00:00,LOCO_01,RAKE_COUPLING_STARTED,retrofitted,,,,DAC,4,1.5
2805.5,2025-12-02T22:45:30+00:00,LOCO_01,RAKE_COUPLING_COMPLETED,retrofitted,,,,DAC,4,1.5
2805.5,2025-12-02T22:45:30+00:00,LOCO_01,LOCO_COUPLING_STARTED,retrofitted,,,,DAC,4,0.5
2806.0,2025-12-02T22:46:00+00:00,LOCO_01,LOCO_COUPLING_COMPLETED,retrofitted,,,,DAC,4,0.5
2806.0,2025-12-02T22:46:00+00:00,LOCO_01,SHUNTING_PREP,retrofitted,,,,,4,1.0
2807.0,2025-12-02T22:47:00+00:00,LOCO_01,MOVING,parking16,retrofitted,parking16,,,0,120.0
2927.0,2025-12-03T00:47:00+00:00,LOCO_01,LOCO_DECOUPLING_STARTED,parking16,,,,DAC,4,0.5
2927.5,2025-12-03T00:47:30+00:00,LOCO_01,LOCO_DECOUPLING_COMPLETED,parking16,,,,DAC,4,0.5
2927.5,2025-12-03T00:47:30+00:00,LOCO_01,RAKE_DECOUPLING_STARTED,parking16,,,,DAC,4,1.5
2929.0,2025-12-03T00:49:00+00:00,LOCO_01,RAKE_DECOUPLING_COMPLETED,parking16,,,,DAC,4,1.5
2930.5,2025-12-03T00:50:30+00:00,LOCO_01,MOVING,track_19,parking16,track_19,,,0,60.0
2990.5,2025-12-03T01:50:30+00:00,LOCO_01,MOVING,WS_02,track_19,WS_02,,,0,5.0
2995.5,2025-12-03T01:55:30+00:00,LOCO_01,RAKE_COUPLING_STARTED,WS_02,,,,DAC,2,0.5
2996.0,2025-12-03T01:56:00+00:00,LOCO_01,RAKE_COUPLING_COMPLETED,WS_02,,,,DAC,2,0.5
2996.0,2025-12-03T01:56:00+00:00,LOCO_01,LOCO_COUPLING_STARTED,WS_02,,,,DAC,2,0.5
2996.5,2025-12-03T01:56:30+00:00,LOCO_01,LOCO_COUPLING_COMPLETED,WS_02,,,,DAC,2,0.5
2996.5,2025-12-03T01:56:30+00:00,LOCO_01,SHUNTING_PREP,WS_02,,,,,2,1.0
2997.5,2025-12-03T01:57:30+00:00,LOCO_01,MOVING,retrofitted,WS_02,retrofitted,,,0,5.0
3002.5,2025-12-03T02:02:30+00:00,LOCO_01,MOVING,track_19,retrofitted,track_19,,,0,5.0
3007.5,2025-12-03T02:07:30+00:00,LOCO_01,MOVING,WS_01,track_19,WS_01,,,0,5.0
3012.5,2025-12-03T02:12:30+00:00,LOCO_01,RAKE_COUPLING_STARTED,WS_01,,,,DAC,2,0.5
3013.0,2025-12-03T02:13:00+00:00,LOCO_01,RAKE_COUPLING_COMPLETED,WS_01,,,,DAC,2,0.5
3013.0,2025-12-03T02:13:00+00:00,LOCO_01,LOCO_COUPLING_STARTED,WS_01,,,,DAC,2,0.5
3013.5,2025-12-03T02:13:30+00:00,LOCO_01,LOCO_COUPLING_COMPLETED,WS_01,,,,DAC,2,0.5
3013.5,2025-12-03T02:13:30+00:00,LOCO_01,SHUNTING_PREP,WS_01,,,,,2,1.0
3014.5,2025-12-03T02:14:30+00:00,LOCO_01,MOVING,retrofitted,WS_01,retrofitted,,,0,5.0
3019.5,2025-12-03T02:19:30+00:00,LOCO_01,MOVING,track_19,retrofitted,track_19,,,0,5.0
3024.5,2025-12-03T02:24:30+00:00,LOCO_01,ALLOCATED,,,,batch_transport,,0,0.0
3024.5,2025-12-03T02:24:30+00:00,LOCO_01,MOVING,retrofitted,track_19,retrofitted,,,0,5.0
3029.5,2025-12-03T02:29:30+00:00,LOCO_01,RAKE_COUPLING_STARTED,retrofitted,,,,DAC,4,1.5
3031.0,2025-12-03T02:31:00+00:00,LOCO_01,RAKE_COUPLING_COMPLETED,retrofitted,,,,DAC,4,1.5
3031.0,2025-12-03T02:31:00+00:00,LOCO_01,LOCO_COUPLING_STARTED,retrofitted,,,,DAC,4,0.5
3031.5,2025-12-03T02:31:30+00:00,LOCO_01,LOCO_COUPLING_COMPLETED,retrofitted,,,,DAC,4,0.5
3031.5,2025-12-03T02:31:30+00:00,LOCO_01,SHUNTING_PREP,retrofitted,,,,,4,1.0
3032.5,2025-12-03T02:32:30+00:00,LOCO_01,MOVING,parking16,retrofitted,parking16,,,0,120.0
3152.5,2025-12-03T04:32:30+00:00,LOCO_01,LOCO_DECOUPLING_STARTED,parking16,,,,DAC,4,0.5
3153.0,2025-12-03T04:33:00+00:00,LOCO_01,LOCO_DECOUPLING_COMPLETED,parking16,,,,DAC,4,0.5
3153.0,2025-12-03T04:33:00+00:00,LOCO_01,RAKE_DECOUPLING_STARTED,parking16,,,,DAC,4,1.5
3154.5,2025-12-03T04:34:30+00:00,LOCO_01,RAKE_DECOUPLING_COMPLETED,parking16,,,,DAC,4,1.5
3156.0,2025-12-03T04:36:00+00:00,LOCO_01,MOVING,track_19,parking16,track_19,,,0,60.0
3216.0,2025-12-03T05:36:00+00:00,LOCO_01,MOVING,WS_02,track_19,WS_02,,,0,5.0
3221.0,2025-12-03T05:41:00+00:00,LOCO_01,RAKE_COUPLING_STARTED,WS_02,,,,DAC,2,0.5
3221.5,2025-12-03T05:41:30+00:00,LOCO_01,RAKE_COUPLING_COMPLETED,WS_02,,,,DAC,2,0.5
3221.5,2025-12-03T05:41:30+00:00,LOCO_01,LOCO_COUPLING_STARTED,WS_02,,,,DAC,2,0.5
3222.0,2025-12-03T05:42:00+00:00,LOCO_01,LOCO_COUPLING_COMPLETED,WS_02,,,,DAC,2,0.5
3222.0,2025-12-03T05:42:00+00:00,LOCO_01,SHUNTING_PREP,WS_02,,,,,2,1.0
3223.0,2025-12-03T05:43:00+00:00,LOCO_01,MOVING,retrofitted,WS_02,retrofitted,,,0,5.0
3228.0,2025-12-03T05:48:00+00:00,LOCO_01,MOVING,track_19,retrofitted,track_19,,,0,7.0
3235.0,2025-12-03T05:55:00+00:00,LOCO_01,MOVING,retrofit,track_19,retrofit,,,0,5.0
3240.0,2025-12-03T06:00:00+00:00,LOCO_01,COUPLING_STARTED,retrofit,,,,SCREW,0,2.0
3242.0,2025-12-03T06:02:00+00:00,LOCO_01,COUPLING_COMPLETED,retrofit,,,,SCREW,0,2.0
3242.0,2025-12-03T06:02:00+00:00,LOCO_01,SHUNTING_PREP,retrofit,,,,,0,1.0
3243.0,2025-12-03T06:03:00+00:00,LOCO_01,MOVING,WS_02,retrofit,WS_02,,,0,5.0
3248.0,2025-12-03T06:08:00+00:00,LOCO_01,DECOUPLING_STARTED,WS_02,,,,SCREW,0,3.0
3251.0,2025-12-03T06:11:00+00:00,LOCO_01,DECOUPLING_COMPLETED,WS_02,,,,SCREW,0,3.0
3254.0,2025-12-03T06:14:00+00:00,LOCO_01,MOVING,track_19,WS_02,track_19,,,0,7.0
3261.0,2025-12-03T06:21:00+00:00,LOCO_01,MOVING,retrofit,track_19,retrofit,,,0,5.0
3266.0,2025-12-03T06:26:00+00:00,LOCO_01,COUPLING_STARTED,retrofit,,,,SCREW,0,2.0
3268.0,2025-12-03T06:28:00+00:00,LOCO_01,COUPLING_COMPLETED,retrofit,,,,SCREW,0,2.0
3268.0,2025-12-03T06:28:00+00:00,LOCO_01,SHUNTING_PREP,retrofit,,,,,0,1.0
3269.0,2025-12-03T06:29:00+00:00,LOCO_01,MOVING,WS_01,retrofit,WS_01,,,0,5.0
3274.0,2025-12-03T06:34:00+00:00,LOCO_01,DECOUPLING_STARTED,WS_01,,,,SCREW,0,3.0
3277.0,2025-12-03T06:37:00+00:00,LOCO_01,DECOUPLING_COMPLETED,WS_01,,,,SCREW,0,3.0
3280.0,2025-12-03T06:40:00+00:00,LOCO_01,MOVING,track_19,WS_01,track_19,,,0,5.0
3285.0,2025-12-03T06:45:00+00:00,LOCO_01,MOVING,collection2,track_19,collection2,,,0,60.0
3345.0,2025-12-03T07:45:00+00:00,LOCO_01,ALLOCATED,,,,batch_transport,,0,0.0
3345.0,2025-12-03T07:45:00+00:00,LOCO_01,RAKE_COUPLING_STARTED,collection2,,,,SCREW,7,12.0
3357.0,2025-12-03T07:57:00+00:00,LOCO_01,RAKE_COUPLING_COMPLETED,collection2,,,,SCREW,7,12.0
3357.0,2025-12-03T07:57:00+00:00,LOCO_01,LOCO_COUPLING_STARTED,collection2,,,,SCREW,7,2.0
3359.0,2025-12-03T07:59:00+00:00,LOCO_01,LOCO_COUPLING_COMPLETED,collection2,,,,SCREW,7,2.0
3359.0,2025-12-03T07:59:00+00:00,LOCO_01,SHUNTING_PREP,collection2,,,,,7,1.0
3360.0,2025-12-03T08:00:00+00:00,LOCO_01,MOVING,retrofit,collection2,retrofit,,,0,60.0
3420.0,2025-12-03T09:00:00+00:00,LOCO_01,LOCO_DECOUPLING_STARTED,retrofit,,,,SCREW,7,3.0
3423.0,2025-12-03T09:03:00+00:00,LOCO_01,LOCO_DECOUPLING_COMPLETED,retrofit,,,,SCREW,7,3.0
3423.0,2025-12-03T09:03:00+00:00,LOCO_01,RAKE_DECOUPLING_STARTED,retrofit,,,,SCREW,7,18.0
3441.0,2025-12-03T09:21:00+00:00,LOCO_01,RAKE_DECOUPLING_COMPLETED,retrofit,,,,SCREW,7,18.0
3459.0,2025-12-03T09:39:00+00:00,LOCO_01,MOVING,track_19,retrofit,track_19,,,0,5.0
3464.0,2025-12-03T09:44:00+00:00,LOCO_01,PARKING,,,,,,0,2.0
3466.0,2025-12-03T09:46:00+00:00,LOCO_01,MOVING,retrofit,track_19,retrofit,,,0,5.0
3471.0,2025-12-03T09:51:00+00:00,LOCO_01,COUPLING_STARTED,retrofit,,,,SCREW,0,2.0
3473.0,2025-12-03T09:53:00+00:00,LOCO_01,COUPLING_COMPLETED,retrofit,,,,SCREW,0,2.0
3473.0,2025-12-03T09:53:00+00:00,LOCO_01,SHUNTING_PREP,retrofit,,,,,0,1.0
3474.0,2025-12-03T09:54:00+00:00,LOCO_01,MOVING,WS_02,retrofit,WS_02,,,0,5.0
3479.0,2025-12-03T09:59:00+00:00,LOCO_01,DECOUPLING_STARTED,WS_02,,,,SCREW,0,3.0
3482.0,2025-12-03T10:02:00+00:00,LOCO_01,DECOUPLING_COMPLETED,WS_02,,,,SCREW,0,3.0
3485.0,2025-12-03T10:05:00+00:00,LOCO_01,MOVING,track_19,WS_02,track_19,,,0,7.0
3492.0,2025-12-03T10:12:00+00:00,LOCO_01,MOVING,retrofit,track_19,retrofit,,,0,5.0
3497.0,2025-12-03T10:17:00+00:00,LOCO_01,COUPLING_STARTED,retrofit,,,,SCREW,0,2.0
3499.0,2025-12-03T10:19:00+00:00,LOCO_01,COUPLING_COMPLETED,retrofit,,,,SCREW,0,2.0
3499.0,2025-12-03T10:19:00+00:00,LOCO_01,SHUNTING_PREP,retrofit,,,,,0,1.0
3500.0,2025-12-03T10:20:00+00:00,LOCO_01,MOVING,WS_01,retrofit,WS_01,,,0,5.0
3505.0,2025-12-03T10:25:00+00:00,LOCO_01,DECOUPLING_STARTED,WS_01,,,,SCREW,0,3.0
3508.0,2025-12-03T10:28:00+00:00,LOCO_01,DECOUPLING_COMPLETED,WS_01,,,,SCREW,0,3.0
3511.0,2025-12-03T10:31:00+00:00,LOCO_01,MOVING,track_19,WS_01,track_19,,,0,5.0
3516.0,2025-12-03T10:36:00+00:00,LOCO_01,MOVING,collection1,track_19,collection1,,,0,60.0
3576.0,2025-12-03T11:36:00+00:00,LOCO_01,ALLOCATED,,,,batch_transport,,0,0.0
3576.0,2025-12-03T11:36:00+00:00,LOCO_01,RAKE_COUPLING_STARTED,collection1,,,,SCREW,2,2.0
3578.0,2025-12-03T11:38:00+00:00,LOCO_01,RAKE_COUPLING_COMPLETED,collection1,,,,SCREW,2,2.0
3578.0,2025-12-03T11:38:00+00:00,LOCO_01,LOCO_COUPLING_STARTED,collection1,,,,SCREW,2,2.0
3580.0,2025-12-03T11:40:00+00:00,LOCO_01,LOCO_COUPLING_COMPLETED,collection1,,,,SCREW,2,2.0
3580.0,2025-12-03T11:40:00+00:00,LOCO_01,SHUNTING_PREP,collection1,,,,,2,1.0
3581.0,2025-12-03T11:41:00+00:00,LOCO_01,MOVING,retrofit,collection1,retrofit,,,0,60.0
3641.0,2025-12-03T12:41:00+00:00,LOCO_01,LOCO_DECOUPLING_STARTED,retrofit,,,,SCREW,2,3.0
3644.0,2025-12-03T12:44:00+00:00,LOCO_01,LOCO_DECOUPLING_COMPLETED,retrofit,,,,SCREW,2,3.0
3644.0,2025-12-03T12:44:00+00:00,LOCO_01,RAKE_DECOUPLING_STARTED,retrofit,,,,SCREW,2,3.0
3647.0,2025-12-03T12:47:00+00:00,LOCO_01,RAKE_DECOUPLING_COMPLETED,retrofit,,,,SCREW,2,3.0
3650.0,2025-12-03T12:50:00+00:00,LOCO_01,MOVING,track_19,retrofit,track_19,,,0,5.0
3655.0,2025-12-03T12:55:00+00:00,LOCO_01,PARKING,,,,,,0,0.0
3655.0,2025-12-03T12:55:00+00:00,LOCO_01,MOVING,WS_02,track_19,WS_02,,,0,5.0
3660.0,2025-12-03T13:00:00+00:00,LOCO_01,RAKE_COUPLING_STARTED,WS_02,,,,DAC,2,0.5
3660.5,2025-12-03T13:00:30+00:00,LOCO_01,RAKE_COUPLING_COMPLETED,WS_02,,,,DAC,2,0.5
3660.5,2025-12-03T13:00:30+00:00,LOCO_01,LOCO_COUPLING_STARTED,WS_02,,,,DAC,2,0.5
3661.0,2025-12-03T13:01:00+00:00,LOCO_01,LOCO_COUPLING_COMPLETED,WS_02,,,,DAC,2,0.5
3661.0,2025-12-03T13:01:00+00:00,LOCO_01,SHUNTING_PREP,WS_02,,,,,2,1.0
3662.0,2025-12-03T13:02:00+00:00,LOCO_01,MOVING,retrofitted,WS_02,retrofitted,,,0,5.0
3667.0,2025-12-03T13:07:00+00:00,LOCO_01,MOVING,track_19,retrofitted,track_19,,,0,5.0
3672.0,2025-12-03T13:12:00+00:00,LOCO_01,ALLOCATED,,,,batch_transport,,0,0.0
3672.0,2025-12-03T13:12:00+00:00,LOCO_01,MOVING,retrofitted,track_19,retrofitted,,,0,5.0
3677.0,2025-12-03T13:17:00+00:00,LOCO_01,RAKE_COUPLING_STARTED,retrofitted,,,,DAC,6,2.5
3679.5,2025-12-03T13:19:30+00:00,LOCO_01,RAKE_COUPLING_COMPLETED,retrofitted,,,,DAC,6,2.5
3679.5,2025-12-03T13:19:30+00:00,LOCO_01,LOCO_COUPLING_STARTED,retrofitted,,,,DAC,6,0.5
3680.0,2025-12-03T13:20:00+00:00,LOCO_01,LOCO_COUPLING_COMPLETED,retrofitted,,,,DAC,6,0.5
3680.0,2025-12-03T13:20:00+00:00,LOCO_01,SHUNTING_PREP,retrofitted,,,,,6,1.0
3681.0,2025-12-03T13:21:00+00:00,LOCO_01,MOVING,parking16,retrofitted,parking16,,,0,120.0
3801.0,2025-12-03T15:21:00+00:00,LOCO_01,LOCO_DECOUPLING_STARTED,parking16,,,,DAC,6,0.5
3801.5,2025-12-03T15:21:30+00:00,LOCO_01,LOCO_DECOUPLING_COMPLETED,parking16,,,,DAC,6,0.5
3801.5,2025-12-03T15:21:30+00:00,LOCO_01,RAKE_DECOUPLING_STARTED,parking16,,,,DAC,6,2.5
3804.0,2025-12-03T15:24:00+00:00,LOCO_01,RAKE_DECOUPLING_COMPLETED,parking16,,,,DAC,6,2.5
3806.5,2025-12-03T15:26:30+00:00,LOCO_01,MOVING,track_19,parking16,track_19,,,0,60.0
3866.5,2025-12-03T16:26:30+00:00,LOCO_01,MOVING,WS_02,track_19,WS_02,,,0,5.0
3871.5,2025-12-03T16:31:30+00:00,LOCO_01,RAKE_COUPLING_STARTED,WS_02,,,,DAC,2,0.5
3872.0,2025-12-03T16:32:00+00:00,LOCO_01,RAKE_COUPLING_COMPLETED,WS_02,,,,DAC,2,0.5
3872.0,2025-12-03T16:32:00+00:00,LOCO_01,LOCO_COUPLING_STARTED,WS_02,,,,DAC,2,0.5
3872.5,2025-12-03T16:32:30+00:00,LOCO_01,LOCO_COUPLING_COMPLETED,WS_02,,,,DAC,2,0.5
3872.5,2025-12-03T16:32:30+00:00,LOCO_01,SHUNTING_PREP,WS_02,,,,,2,1.0
3873.5,2025-12-03T16:33:30+00:00,LOCO_01,MOVING,retrofitted,WS_02,retrofitted,,,0,5.0
3878.5,2025-12-03T16:38:30+00:00,LOCO_01,MOVING,track_19,retrofitted,track_19,,,0,5.0
3883.5,2025-12-03T16:43:30+00:00,LOCO_01,MOVING,WS_01,track_19,WS_01,,,0,5.0
3888.5,2025-12-03T16:48:30+00:00,LOCO_01,RAKE_COUPLING_STARTED,WS_01,,,,DAC,2,0.5
3889.0,2025-12-03T16:49:00+00:00,LOCO_01,RAKE_COUPLING_COMPLETED,WS_01,,,,DAC,2,0.5
3889.0,2025-12-03T16:49:00+00:00,LOCO_01,LOCO_COUPLING_STARTED,WS_01,,,,DAC,2,0.5
3889.5,2025-12-03T16:49:30+00:00,LOCO_01,LOCO_COUPLING_COMPLETED,WS_01,,,,DAC,2,0.5
3889.5,2025-12-03T16:49:30+00:00,LOCO_01,SHUNTING_PREP,WS_01,,,,,2,1.0
3890.5,2025-12-03T16:50:30+00:00,LOCO_01,MOVING,retrofitted,WS_01,retrofitted,,,0,5.0
3895.5,2025-12-03T16:55:30+00:00,LOCO_01,MOVING,track_19,retrofitted,track_19,,,0,7.0
3902.5,2025-12-03T17:02:30+00:00,LOCO_01,MOVING,retrofit,track_19,retrofit,,,0,5.0
3907.5,2025-12-03T17:07:30+00:00,LOCO_01,COUPLING_STARTED,retrofit,,,,SCREW,0,2.0
3909.5,2025-12-03T17:09:30+00:00,LOCO_01,COUPLING_COMPLETED,retrofit,,,,SCREW,0,2.0
3909.5,2025-12-03T17:09:30+00:00,LOCO_01,SHUNTING_PREP,retrofit,,,,,0,1.0
3910.5,2025-12-03T17:10:30+00:00,LOCO_01,MOVING,WS_02,retrofit,WS_02,,,0,5.0
3915.5,2025-12-03T17:15:30+00:00,LOCO_01,DECOUPLING_STARTED,WS_02,,,,SCREW,0,3.0
3918.5,2025-12-03T17:18:30+00:00,LOCO_01,DECOUPLING_COMPLETED,WS_02,,,,SCREW,0,3.0
3921.5,2025-12-03T17:21:30+00:00,LOCO_01,MOVING,track_19,WS_02,track_19,,,0,5.0
3926.5,2025-12-03T17:26:30+00:00,LOCO_01,ALLOCATED,,,,batch_transport,,0,0.0
3926.5,2025-12-03T17:26:30+00:00,LOCO_01,MOVING,retrofitted,track_19,retrofitted,,,0,5.0
3931.5,2025-12-03T17:31:30+00:00,LOCO_01,RAKE_COUPLING_STARTED,retrofitted,,,,DAC,2,0.5
3932.0,2025-12-03T17:32:00+00:00,LOCO_01,RAKE_COUPLING_COMPLETED,retrofitted,,,,DAC,2,0.5
3932.0,2025-12-03T17:32:00+00:00,LOCO_01,LOCO_COUPLING_STARTED,retrofitted,,,,DAC,2,0.5
3932.5,2025-12-03T17:32:30+00:00,LOCO_01,LOCO_COUPLING_COMPLETED,retrofitted,,,,DAC,2,0.5
3932.5,2025-12-03T17:32:30+00:00,LOCO_01,SHUNTING_PREP,retrofitted,,,,,2,1.0
3933.5,2025-12-03T17:33:30+00:00,LOCO_01,MOVING,parking16,retrofitted,parking16,,,0,120.0
4053.5,2025-12-03T19:33:30+00:00,LOCO_01,LOCO_DECOUPLING_STARTED,parking16,,,,DAC,2,0.5
4054.0,2025-12-03T19:34:00+00:00,LOCO_01,LOCO_DECOUPLING_COMPLETED,parking16,,,,DAC,2,0.5
4054.0,2025-12-03T19:34:00+00:00,LOCO_01,RAKE_DECOUPLING_STARTED,parking16,,,,DAC,2,0.5
4054.5,2025-12-03T19:34:30+00:00,LOCO_01,RAKE_DECOUPLING_COMPLETED,parking16,,,,DAC,2,0.5
4055.0,2025-12-03T19:35:00+00:00,LOCO_01,MOVING,track_19,parking16,track_19,,,0,62.0
4117.0,2025-12-03T20:37:00+00:00,LOCO_01,MOVING,retrofit,track_19,retrofit,,,0,5.0
4122.0,2025-12-03T20:42:00+00:00,LOCO_01,COUPLING_STARTED,retrofit,,,,SCREW,0,2.0
4124.0,2025-12-03T20:44:00+00:00,LOCO_01,COUPLING_COMPLETED,retrofit,,,,SCREW,0,2.0
4124.0,2025-12-03T20:44:00+00:00,LOCO_01,SHUNTING_PREP,retrofit,,,,,0,1.0
4125.0,2025-12-03T20:45:00+00:00,LOCO_01,MOVING,WS_01,retrofit,WS_01,,,0,5.0
4130.0,2025-12-03T20:50:00+00:00,LOCO_01,DECOUPLING_STARTED,WS_01,,,,SCREW,0,3.0
4133.0,2025-12-03T20:53:00+00:00,LOCO_01,DECOUPLING_COMPLETED,WS_01,,,,SCREW,0,3.0
4136.0,2025-12-03T20:56:00+00:00,LOCO_01,MOVING,track_19,WS_01,track_19,,,0,5.0
4141.0,2025-12-03T21:01:00+00:00,LOCO_01,MOVING,collection2,track_19,collection2,,,0,60.0
4201.0,2025-12-03T22:01:00+00:00,LOCO_01,ALLOCATED,,,,batch_transport,,0,0.0
4201.0,2025-12-03T22:01:00+00:00,LOCO_01,RAKE_COUPLING_STARTED,collection2,,,,SCREW,9,16.0
4217.0,2025-12-03T22:17:00+00:00,LOCO_01,RAKE_COUPLING_COMPLETED,collection2,,,,SCREW,9,16.0
4217.0,2025-12-03T22:17:00+00:00,LOCO_01,LOCO_COUPLING_STARTED,collection2,,,,SCREW,9,2.0
4219.0,2025-12-03T22:19:00+00:00,LOCO_01,LOCO_COUPLING_COMPLETED,collection2,,,,SCREW,9,2.0
4219.0,2025-12-03T22:19:00+00:00,LOCO_01,SHUNTING_PREP,collection2,,,,,9,1.0
4220.0,2025-12-03T22:20:00+00:00,LOCO_01,MOVING,retrofit,collection2,retrofit,,,0,60.0
4280.0,2025-12-03T23:20:00+00:00,LOCO_01,LOCO_DECOUPLING_STARTED,retrofit,,,,SCREW,9,3.0
4283.0,2025-12-03T23:23:00+00:00,LOCO_01,LOCO_DECOUPLING_COMPLETED,retrofit,,,,SCREW,9,3.0
4283.0,2025-12-03T23:23:00+00:00,LOCO_01,RAKE_DECOUPLING_STARTED,retrofit,,,,SCREW,9,24.0
4307.0,2025-12-03T23:47:00+00:00,LOCO_01,RAKE_DECOUPLING_COMPLETED,retrofit,,,,SCREW,9,24.0
4331.0,2025-12-04T00:11:00+00:00,LOCO_01,MOVING,track_19,retrofit,track_19,,,0,5.0
4336.0,2025-12-04T00:16:00+00:00,LOCO_01,PARKING,,,,,,0,0.0
4336.0,2025-12-04T00:16:00+00:00,LOCO_01,MOVING,WS_01,track_19,WS_01,,,0,5.0
4341.0,2025-12-04T00:21:00+00:00,LOCO_01,RAKE_COUPLING_STARTED,WS_01,,,,DAC,2,0.5
4341.5,2025-12-04T00:21:30+00:00,LOCO_01,RAKE_COUPLING_COMPLETED,WS_01,,,,DAC,2,0.5
4341.5,2025-12-04T00:21:30+00:00,LOCO_01,LOCO_COUPLING_STARTED,WS_01,,,,DAC,2,0.5
4342.0,2025-12-04T00:22:00+00:00,LOCO_01,LOCO_COUPLING_COMPLETED,WS_01,,,,DAC,2,0.5
4342.0,2025-12-04T00:22:00+00:00,LOCO_01,SHUNTING_PREP,WS_01,,,,,2,1.0
4343.0,2025-12-04T00:23:00+00:00,LOCO_01,MOVING,retrofitted,WS_01,retrofitted,,,0,5.0
4348.0,2025-12-04T00:28:00+00:00,LOCO_01,MOVING,track_19,retrofitted,track_19,,,0,7.0
4355.0,2025-12-04T00:35:00+00:00,LOCO_01,MOVING,retrofit,track_19,retrofit,,,0,5.0
4360.0,2025-12-04T00:40:00+00:00,LOCO_01,COUPLING_STARTED,retrofit,,,,SCREW,0,2.0
4362.0,2025-12-04T00:42:00+00:00,LOCO_01,COUPLING_COMPLETED,retrofit,,,,SCREW,0,2.0
4362.0,2025-12-04T00:42:00+00:00,LOCO_01,SHUNTING_PREP,retrofit,,,,,0,1.0
4363.0,2025-12-04T00:43:00+00:00,LOCO_01,MOVING,WS_02,retrofit,WS_02,,,0,5.0
4368.0,2025-12-04T00:48:00+00:00,LOCO_01,DECOUPLING_STARTED,WS_02,,,,SCREW,0,3.0
4371.0,2025-12-04T00:51:00+00:00,LOCO_01,DECOUPLING_COMPLETED,WS_02,,,,SCREW,0,3.0
4374.0,2025-12-04T00:54:00+00:00,LOCO_01,MOVING,track_19,WS_02,track_19,,,0,7.0
4381.0,2025-12-04T01:01:00+00:00,LOCO_01,MOVING,retrofit,track_19,retrofit,,,0,5.0
4386.0,2025-12-04T01:06:00+00:00,LOCO_01,COUPLING_STARTED,retrofit,,,,SCREW,0,2.0
4388.0,2025-12-04T01:08:00+00:00,LOCO_01,COUPLING_COMPLETED,retrofit,,,,SCREW,0,2.0
4388.0,2025-12-04T01:08:00+00:00,LOCO_01,SHUNTING_PREP,retrofit,,,,,0,1.0
4389.0,2025-12-04T01:09:00+00:00,LOCO_01,MOVING,WS_01,retrofit,WS_01,,,0,5.0
4394.0,2025-12-04T01:14:00+00:00,LOCO_01,DECOUPLING_STARTED,WS_01,,,,SCREW,0,3.0
4397.0,2025-12-04T01:17:00+00:00,LOCO_01,DECOUPLING_COMPLETED,WS_01,,,,SCREW,0,3.0
4400.0,2025-12-04T01:20:00+00:00,LOCO_01,MOVING,track_19,WS_01,track_19,,,0,5.0
4405.0,2025-12-04T01:25:00+00:00,LOCO_01,MOVING,collection1,track_19,collection1,,,0,60.0
4465.0,2025-12-04T02:25:00+00:00,LOCO_01,ALLOCATED,,,,batch_transport,,0,0.0
4465.0,2025-12-04T02:25:00+00:00,LOCO_01,LOCO_COUPLING_STARTED,collection1,,,,SCREW,1,2.0
4467.0,2025-12-04T02:27:00+00:00,LOCO_01,LOCO_COUPLING_COMPLETED,collection1,,,,SCREW,1,2.0
4467.0,2025-12-04T02:27:00+00:00,LOCO_01,SHUNTING_PREP,collection1,,,,,1,1.0
4468.0,2025-12-04T02:28:00+00:00,LOCO_01,MOVING,retrofit,collection1,retrofit,,,0,60.0
4528.0,2025-12-04T03:28:00+00:00,LOCO_01,LOCO_DECOUPLING_STARTED,retrofit,,,,SCREW,1,3.0
4531.0,2025-12-04T03:31:00+00:00,LOCO_01,MOVING,track_19,retrofit,track_19,,,0,0.0
4531.0,2025-12-04T03:31:00+00:00,LOCO_01,LOCO_DECOUPLING_COMPLETED,retrofit,,,,SCREW,1,3.0
4536.0,2025-12-04T03:36:00+00:00,LOCO_01,PARKING,,,,,,0,0.0
4536.0,2025-12-04T03:36:00+00:00,LOCO_01,MOVING,WS_01,track_19,WS_01,,,0,5.0
4541.0,2025-12-04T03:41:00+00:00,LOCO_01,RAKE_COUPLING_STARTED,WS_01,,,,DAC,2,0.5
4541.5,2025-12-04T03:41:30+00:00,LOCO_01,RAKE_COUPLING_COMPLETED,WS_01,,,,DAC,2,0.5
4541.5,2025-12-04T03:41:30+00:00,LOCO_01,LOCO_COUPLING_STARTED,WS_01,,,,DAC,2,0.5
4542.0,2025-12-04T03:42:00+00:00,LOCO_01,LOCO_COUPLING_COMPLETED,WS_01,,,,DAC,2,0.5
4542.0,2025-12-04T03:42:00+00:00,LOCO_01,SHUNTING_PREP,WS_01,,,,,2,1.0
4543.0,2025-12-04T03:43:00+00:00,LOCO_01,MOVING,retrofitted,WS_01,retrofitted,,,0,5.0
4548.0,2025-12-04T03:48:00+00:00,LOCO_01,MOVING,track_19,retrofitted,track_19,,,0,7.0
4555.0,2025-12-04T03:55:00+00:00,LOCO_01,MOVING,retrofit,track_19,retrofit,,,0,5.0
4560.0,2025-12-04T04:00:00+00:00,LOCO_01,COUPLING_STARTED,retrofit,,,,SCREW,0,2.0
4562.0,2025-12-04T04:02:00+00:00,LOCO_01,COUPLING_COMPLETED,retrofit,,,,SCREW,0,2.0
4562.0,2025-12-04T04:02:00+00:00,LOCO_01,SHUNTING_PREP,retrofit,,,,,0,1.0
4563.0,2025-12-04T04:03:00+00:00,LOCO_01,MOVING,WS_02,retrofit,WS_02,,,0,5.0
4568.0,2025-12-04T04:08:00+00:00,LOCO_01,DECOUPLING_STARTED,WS_02,,,,SCREW,0,3.0
4571.0,2025-12-04T04:11:00+00:00,LOCO_01,DECOUPLING_COMPLETED,WS_02,,,,SCREW,0,3.0
4574.0,2025-12-04T04:14:00+00:00,LOCO_01,MOVING,track_19,WS_02,track_19,,,0,7.0
4581.0,2025-12-04T04:21:00+00:00,LOCO_01,MOVING,retrofit,track_19,retrofit,,,0,5.0
4586.0,2025-12-04T04:26:00+00:00,LOCO_01,COUPLING_STARTED,retrofit,,,,SCREW,0,2.0
4588.0,2025-12-04T04:28:00+00:00,LOCO_01,COUPLING_COMPLETED,retrofit,,,,SCREW,0,2.0
4588.0,2025-12-04T04:28:00+00:00,LOCO_01,SHUNTING_PREP,retrofit,,,,,0,1.0
4589.0,2025-12-04T04:29:00+00:00,LOCO_01,MOVING,WS_01,retrofit,WS_01,,,0,5.0
4594.0,2025-12-04T04:34:00+00:00,LOCO_01,DECOUPLING_STARTED,WS_01,,,,SCREW,0,3.0
4597.0,2025-12-04T04:37:00+00:00,LOCO_01,DECOUPLING_COMPLETED,WS_01,,,,SCREW,0,3.0
4600.0,2025-12-04T04:40:00+00:00,LOCO_01,MOVING,track_19,WS_01,track_19,,,0,5.0
4605.0,2025-12-04T04:45:00+00:00,LOCO_01,MOVING,collection2,track_19,collection2,,,0,60.0
4665.0,2025-12-04T05:45:00+00:00,LOCO_01,ALLOCATED,,,,batch_transport,,0,0.0
4665.0,2025-12-04T05:45:00+00:00,LOCO_01,RAKE_COUPLING_STARTED,collection2,,,,SCREW,4,6.0
4671.0,2025-12-04T05:51:00+00:00,LOCO_01,RAKE_COUPLING_COMPLETED,collection2,,,,SCREW,4,6.0
4671.0,2025-12-04T05:51:00+00:00,LOCO_01,LOCO_COUPLING_STARTED,collection2,,,,SCREW,4,2.0
4673.0,2025-12-04T05:53:00+00:00,LOCO_01,LOCO_COUPLING_COMPLETED,collection2,,,,SCREW,4,2.0
4673.0,2025-12-04T05:53:00+00:00,LOCO_01,SHUNTING_PREP,collection2,,,,,4,1.0
4674.0,2025-12-04T05:54:00+00:00,LOCO_01,MOVING,retrofit,collection2,retrofit,,,0,60.0
4734.0,2025-12-04T06:54:00+00:00,LOCO_01,LOCO_DECOUPLING_STARTED,retrofit,,,,SCREW,4,3.0
4737.0,2025-12-04T06:57:00+00:00,LOCO_01,LOCO_DECOUPLING_COMPLETED,retrofit,,,,SCREW,4,3.0
4737.0,2025-12-04T06:57:00+00:00,LOCO_01,RAKE_DECOUPLING_STARTED,retrofit,,,,SCREW,4,9.0
4746.0,2025-12-04T07:06:00+00:00,LOCO_01,RAKE_DECOUPLING_COMPLETED,retrofit,,,,SCREW,4,9.0
4755.0,2025-12-04T07:15:00+00:00,LOCO_01,MOVING,track_19,retrofit,track_19,,,0,5.0
4760.0,2025-12-04T07:20:00+00:00,LOCO_01,PARKING,,,,,,0,2.0
4762.0,2025-12-04T07:22:00+00:00,LOCO_01,MOVING,retrofit,track_19,retrofit,,,0,5.0
4767.0,2025-12-04T07:27:00+00:00,LOCO_01,COUPLING_STARTED,retrofit,,,,SCREW,0,2.0
4769.0,2025-12-04T07:29:00+00:00,LOCO_01,COUPLING_COMPLETED,retrofit,,,,SCREW,0,2.0
4769.0,2025-12-04T07:29:00+00:00,LOCO_01,SHUNTING_PREP,retrofit,,,,,0,1.0
4770.0,2025-12-04T07:30:00+00:00,LOCO_01,MOVING,WS_02,retrofit,WS_02,,,0,5.0
4775.0,2025-12-04T07:35:00+00:00,LOCO_01,DECOUPLING_STARTED,WS_02,,,,SCREW,0,3.0
4778.0,2025-12-04T07:38:00+00:00,LOCO_01,DECOUPLING_COMPLETED,WS_02,,,,SCREW,0,3.0
4781.0,2025-12-04T07:41:00+00:00,LOCO_01,MOVING,track_19,WS_02,track_19,,,0,7.0
4788.0,2025-12-04T07:48:00+00:00,LOCO_01,MOVING,retrofit,track_19,retrofit,,,0,5.0
4793.0,2025-12-04T07:53:00+00:00,LOCO_01,COUPLING_STARTED,retrofit,,,,SCREW,0,2.0
4795.0,2025-12-04T07:55:00+00:00,LOCO_01,COUPLING_COMPLETED,retrofit,,,,SCREW,0,2.0
4795.0,2025-12-04T07:55:00+00:00,LOCO_01,SHUNTING_PREP,retrofit,,,,,0,1.0
4796.0,2025-12-04T07:56:00+00:00,LOCO_01,MOVING,WS_01,retrofit,WS_01,,,0,5.0
4801.0,2025-12-04T08:01:00+00:00,LOCO_01,DECOUPLING_STARTED,WS_01,,,,SCREW,0,3.0
4804.0,2025-12-04T08:04:00+00:00,LOCO_01,DECOUPLING_COMPLETED,WS_01,,,,SCREW,0,3.0
4807.0,2025-12-04T08:07:00+00:00,LOCO_01,MOVING,track_19,WS_01,track_19,,,0,5.0
4812.0,2025-12-04T08:12:00+00:00,LOCO_01,MOVING,collection1,track_19,collection1,,,0,60.0
4872.0,2025-12-04T09:12:00+00:00,LOCO_01,ALLOCATED,,,,batch_transport,,0,0.0
4872.0,2025-12-04T09:12:00+00:00,LOCO_01,RAKE_COUPLING_STARTED,collection1,,,,SCREW,4,6.0
4878.0,2025-12-04T09:18:00+00:00,LOCO_01,RAKE_COUPLING_COMPLETED,collection1,,,,SCREW,4,6.0
4878.0,2025-12-04T09:18:00+00:00,LOCO_01,LOCO_COUPLING_STARTED,collection1,,,,SCREW,4,2.0
4880.0,2025-12-04T09:20:00+00:00,LOCO_01,LOCO_COUPLING_COMPLETED,collection1,,,,SCREW,4,2.0
4880.0,2025-12-04T09:20:00+00:00,LOCO_01,SHUNTING_PREP,collection1,,,,,4,1.0
4881.0,2025-12-04T09:21:00+00:00,LOCO_01,MOVING,retrofit,collection1,retrofit,,,0,60.0
4941.0,2025-12-04T10:21:00+00:00,LOCO_01,LOCO_DECOUPLING_STARTED,retrofit,,,,SCREW,4,3.0
4944.0,2025-12-04T10:24:00+00:00,LOCO_01,LOCO_DECOUPLING_COMPLETED,retrofit,,,,SCREW,4,3.0
4944.0,2025-12-04T10:24:00+00:00,LOCO_01,RAKE_DECOUPLING_STARTED,retrofit,,,,SCREW,4,9.0
4953.0,2025-12-04T10:33:00+00:00,LOCO_01,RAKE_DECOUPLING_COMPLETED,retrofit,,,,SCREW,4,9.0
4962.0,2025-12-04T10:42:00+00:00,LOCO_01,MOVING,track_19,retrofit,track_19,,,0,5.0
4967.0,2025-12-04T10:47:00+00:00,LOCO_01,PARKING,,,,,,0,0.0
4967.0,2025-12-04T10:47:00+00:00,LOCO_01,MOVING,WS_01,track_19,WS_01,,,0,5.0
4972.0,2025-12-04T10:52:00+00:00,LOCO_01,RAKE_COUPLING_STARTED,WS_01,,,,DAC,2,0.5
4972.5,2025-12-04T10:52:30+00:00,LOCO_01,RAKE_COUPLING_COMPLETED,WS_01,,,,DAC,2,0.5
4972.5,2025-12-04T10:52:30+00:00,LOCO_01,LOCO_COUPLING_STARTED,WS_01,,,,DAC,2,0.5
4973.0,2025-12-04T10:53:00+00:00,LOCO_01,LOCO_COUPLING_COMPLETED,WS_01,,,,DAC,2,0.5
4973.0,2025-12-04T10:53:00+00:00,LOCO_01,SHUNTING_PREP,WS_01,,,,,2,1.0
4974.0,2025-12-04T10:54:00+00:00,LOCO_01,MOVING,retrofitted,WS_01,retrofitted,,,0,5.0
4979.0,2025-12-04T10:59:00+00:00,LOCO_01,MOVING,track_19,retrofitted,track_19,,,0,7.0
4986.0,2025-12-04T11:06:00+00:00,LOCO_01,MOVING,retrofit,track_19,retrofit,,,0,5.0
4991.0,2025-12-04T11:11:00+00:00,LOCO_01,COUPLING_STARTED,retrofit,,,,SCREW,0,2.0
4993.0,2025-12-04T11:13:00+00:00,LOCO_01,COUPLING_COMPLETED,retrofit,,,,SCREW,0,2.0
4993.0,2025-12-04T11:13:00+00:00,LOCO_01,SHUNTING_PREP,retrofit,,,,,0,1.0
4994.0,2025-12-04T11:14:00+00:00,LOCO_01,MOVING,WS_02,retrofit,WS_02,,,0,5.0
4999.0,2025-12-04T11:19:00+00:00,LOCO_01,DECOUPLING_STARTED,WS_02,,,,SCREW,0,3.0
5002.0,2025-12-04T11:22:00+00:00,LOCO_01,DECOUPLING_COMPLETED,WS_02,,,,SCREW,0,3.0
5005.0,2025-12-04T11:25:00+00:00,LOCO_01,MOVING,track_19,WS_02,track_19,,,0,7.0
5012.0,2025-12-04T11:32:00+00:00,LOCO_01,MOVING,retrofit,track_19,retrofit,,,0,5.0
5017.0,2025-12-04T11:37:00+00:00,LOCO_01,COUPLING_STARTED,retrofit,,,,SCREW,0,2.0
5019.0,2025-12-04T11:39:00+00:00,LOCO_01,COUPLING_COMPLETED,retrofit,,,,SCREW,0,2.0
5019.0,2025-12-04T11:39:00+00:00,LOCO_01,SHUNTING_PREP,retrofit,,,,,0,1.0
5020.0,2025-12-04T11:40:00+00:00,LOCO_01,MOVING,WS_01,retrofit,WS_01,,,0,5.0
5025.0,2025-12-04T11:45:00+00:00,LOCO_01,DECOUPLING_STARTED,WS_01,,,,SCREW,0,3.0
5028.0,2025-12-04T11:48:00+00:00,LOCO_01,DECOUPLING_COMPLETED,WS_01,,,,SCREW,0,3.0
5031.0,2025-12-04T11:51:00+00:00,LOCO_01,MOVING,track_19,WS_01,track_19,,,0,5.0
5036.0,2025-12-04T11:56:00+00:00,LOCO_01,MOVING,collection2,track_19,collection2,,,0,60.0
5096.0,2025-12-04T12:56:00+00:00,LOCO_01,ALLOCATED,,,,batch_transport,,0,0.0
5096.0,2025-12-04T12:56:00+00:00,LOCO_01,RAKE_COUPLING_STARTED,collection2,,,,SCREW,5,8.0
5104.0,2025-12-04T13:04:00+00:00,LOCO_01,RAKE_COUPLING_COMPLETED,collection2,,,,SCREW,5,8.0
5104.0,2025-12-04T13:04:00+00:00,LOCO_01,LOCO_COUPLING_STARTED,collection2,,,,SCREW,5,2.0
5106.0,2025-12-04T13:06:00+00:00,LOCO_01,LOCO_COUPLING_COMPLETED,collection2,,,,SCREW,5,2.0
5106.0,2025-12-04T13:06:00+00:00,LOCO_01,SHUNTING_PREP,collection2,,,,,5,1.0
5107.0,2025-12-04T13:07:00+00:00,LOCO_01,MOVING,retrofit,collection2,retrofit,,,0,60.0
5167.0,2025-12-04T14:07:00+00:00,LOCO_01,LOCO_DECOUPLING_STARTED,retrofit,,,,SCREW,5,3.0
5170.0,2025-12-04T14:10:00+00:00,LOCO_01,LOCO_DECOUPLING_COMPLETED,retrofit,,,,SCREW,5,3.0
5170.0,2025-12-04T14:10:00+00:00,LOCO_01,RAKE_DECOUPLING_STARTED,retrofit,,,,SCREW,5,12.0
5182.0,2025-12-04T14:22:00+00:00,LOCO_01,RAKE_DECOUPLING_COMPLETED,retrofit,,,,SCREW,5,12.0
5194.0,2025-12-04T14:34:00+00:00,LOCO_01,MOVING,track_19,retrofit,track_19,,,0,5.0
5199.0,2025-12-04T14:39:00+00:00,LOCO_01,PARKING,,,,,,0,2.0
5201.0,2025-12-04T14:41:00+00:00,LOCO_01,MOVING,retrofit,track_19,retrofit,,,0,5.0
5206.0,2025-12-04T14:46:00+00:00,LOCO_01,COUPLING_STARTED,retrofit,,,,SCREW,0,2.0
5208.0,2025-12-04T14:48:00+00:00,LOCO_01,COUPLING_COMPLETED,retrofit,,,,SCREW,0,2.0
5208.0,2025-12-04T14:48:00+00:00,LOCO_01,SHUNTING_PREP,retrofit,,,,,0,1.0
5209.0,2025-12-04T14:49:00+00:00,LOCO_01,MOVING,WS_02,retrofit,WS_02,,,0,5.0
5214.0,2025-12-04T14:54:00+00:00,LOCO_01,DECOUPLING_STARTED,WS_02,,,,SCREW,0,3.0
5217.0,2025-12-04T14:57:00+00:00,LOCO_01,DECOUPLING_COMPLETED,WS_02,,,,SCREW,0,3.0
5220.0,2025-12-04T15:00:00+00:00,LOCO_01,MOVING,track_19,WS_02,track_19,,,0,5.0
5225.0,2025-12-04T15:05:00+00:00,LOCO_01,ALLOCATED,,,,batch_transport,,0,0.0
5225.0,2025-12-04T15:05:00+00:00,LOCO_01,MOVING,retrofitted,track_19,retrofitted,,,0,5.0
5230.0,2025-12-04T15:10:00+00:00,LOCO_01,RAKE_COUPLING_STARTED,retrofitted,,,,DAC,4,1.5
5231.5,2025-12-04T15:11:30+00:00,LOCO_01,RAKE_COUPLING_COMPLETED,retrofitted,,,,DAC,4,1.5
5231.5,2025-12-04T15:11:30+00:00,LOCO_01,LOCO_COUPLING_STARTED,retrofitted,,,,DAC,4,0.5
5232.0,2025-12-04T15:12:00+00:00,LOCO_01,LOCO_COUPLING_COMPLETED,retrofitted,,,,DAC,4,0.5
5232.0,2025-12-04T15:12:00+00:00,LOCO_01,SHUNTING_PREP,retrofitted,,,,,4,1.0
5233.0,2025-12-04T15:13:00+00:00,LOCO_01,MOVING,parking12,retrofitted,parking12,,,0,60.0
5293.0,2025-12-04T16:13:00+00:00,LOCO_01,LOCO_DECOUPLING_STARTED,parking12,,,,DAC,4,0.5
5293.5,2025-12-04T16:13:30+00:00,LOCO_01,LOCO_DECOUPLING_COMPLETED,parking12,,,,DAC,4,0.5
5293.5,2025-12-04T16:13:30+00:00,LOCO_01,RAKE_DECOUPLING_STARTED,parking12,,,,DAC,4,1.5
5295.0,2025-12-04T16:15:00+00:00,LOCO_01,RAKE_DECOUPLING_COMPLETED,parking12,,,,DAC,4,1.5
5296.5,2025-12-04T16:16:30+00:00,LOCO_01,MOVING,track_19,parking12,track_19,,,0,60.0
5356.5,2025-12-04T17:16:30+00:00,LOCO_01,MOVING,WS_02,track_19,WS_02,,,0,5.0
5361.5,2025-12-04T17:21:30+00:00,LOCO_01,RAKE_COUPLING_STARTED,WS_02,,,,DAC,2,0.5
5362.0,2025-12-04T17:22:00+00:00,LOCO_01,RAKE_COUPLING_COMPLETED,WS_02,,,,DAC,2,0.5
5362.0,2025-12-04T17:22:00+00:00,LOCO_01,LOCO_COUPLING_STARTED,WS_02,,,,DAC,2,0.5
5362.5,2025-12-04T17:22:30+00:00,LOCO_01,LOCO_COUPLING_COMPLETED,WS_02,,,,DAC,2,0.5
5362.5,2025-12-04T17:22:30+00:00,LOCO_01,SHUNTING_PREP,WS_02,,,,,2,1.0
5363.5,2025-12-04T17:23:30+00:00,LOCO_01,MOVING,retrofitted,WS_02,retrofitted,,,0,5.0
5368.5,2025-12-04T17:28:30+00:00,LOCO_01,MOVING,track_19,retrofitted,track_19,,,0,5.0
5373.5,2025-12-04T17:33:30+00:00,LOCO_01,MOVING,WS_01,track_19,WS_01,,,0,5.0
5378.5,2025-12-04T17:38:30+00:00,LOCO_01,RAKE_COUPLING_STARTED,WS_01,,,,DAC,2,0.5
5379.0,2025-12-04T17:39:00+00:00,LOCO_01,RAKE_COUPLING_COMPLETED,WS_01,,,,DAC,2,0.5
5379.0,2025-12-04T17:39:00+00:00,LOCO_01,LOCO_COUPLING_STARTED,WS_01,,,,DAC,2,0.5
5379.5,2025-12-04T17:39:30+00:00,LOCO_01,LOCO_COUPLING_COMPLETED,WS_01,,,,DAC,2,0.5
5379.5,2025-12-04T17:39:30+00:00,LOCO_01,SHUNTING_PREP,WS_01,,,,,2,1.0
5380.5,2025-12-04T17:40:30+00:00,LOCO_01,MOVING,retrofitted,WS_01,retrofitted,,,0,5.0
5385.5,2025-12-04T17:45:30+00:00,LOCO_01,MOVING,track_19,retrofitted,track_19,,,0,5.0
5390.5,2025-12-04T17:50:30+00:00,LOCO_01,ALLOCATED,,,,batch_transport,,0,0.0
5390.5,2025-12-04T17:50:30+00:00,LOCO_01,MOVING,retrofitted,track_19,retrofitted,,,0,5.0
5395.5,2025-12-04T17:55:30+00:00,LOCO_01,RAKE_COUPLING_STARTED,retrofitted,,,,DAC,2,0.5
5396.0,2025-12-04T17:56:00+00:00,LOCO_01,RAKE_COUPLING_COMPLETED,retrofitted,,,,DAC,2,0.5
5396.0,2025-12-04T17:56:00+00:00,LOCO_01,LOCO_COUPLING_STARTED,retrofitted,,,,DAC,2,0.5
5396.5,2025-12-04T17:56:30+00:00,LOCO_01,LOCO_COUPLING_COMPLETED,retrofitted,,,,DAC,2,0.5
5396.5,2025-12-04T17:56:30+00:00,LOCO_01,SHUNTING_PREP,retrofitted,,,,,2,1.0
5397.5,2025-12-04T17:57:30+00:00,LOCO_01,MOVING,parking13,retrofitted,parking13,,,0,75.0
5472.5,2025-12-04T19:12:30+00:00,LOCO_01,LOCO_DECOUPLING_STARTED,parking13,,,,DAC,2,0.5
5473.0,2025-12-04T19:13:00+00:00,LOCO_01,LOCO_DECOUPLING_COMPLETED,parking13,,,,DAC,2,0.5
5473.0,2025-12-04T19:13:00+00:00,LOCO_01,RAKE_DECOUPLING_STARTED,parking13,,,,DAC,2,0.5
5473.5,2025-12-04T19:13:30+00:00,LOCO_01,RAKE_DECOUPLING_COMPLETED,parking13,,,,DAC,2,0.5
5474.0,2025-12-04T19:14:00+00:00,LOCO_01,MOVING,track_19,parking13,track_19,,,0,60.0
5534.0,2025-12-04T20:14:00+00:00,LOCO_01,MOVING,WS_02,track_19,WS_02,,,0,5.0
5539.0,2025-12-04T20:19:00+00:00,LOCO_01,RAKE_COUPLING_STARTED,WS_02,,,,DAC,2,0.5
5539.5,2025-12-04T20:19:30+00:00,LOCO_01,RAKE_COUPLING_COMPLETED,WS_02,,,,DAC,2,0.5
5539.5,2025-12-04T20:19:30+00:00,LOCO_01,LOCO_COUPLING_STARTED,WS_02,,,,DAC,2,0.5
5540.0,2025-12-04T20:20:00+00:00,LOCO_01,LOCO_COUPLING_COMPLETED,WS_02,,,,DAC,2,0.5
5540.0,2025-12-04T20:20:00+00:00,LOCO_01,SHUNTING_PREP,WS_02,,,,,2,1.0
5541.0,2025-12-04T20:21:00+00:00,LOCO_01,MOVING,retrofitted,WS_02,retrofitted,,,0,5.0
5546.0,2025-12-04T20:26:00+00:00,LOCO_01,MOVING,track_19,retrofitted,track_19,,,0,5.0
5551.0,2025-12-04T20:31:00+00:00,LOCO_01,MOVING,WS_01,track_19,WS_01,,,0,5.0
5556.0,2025-12-04T20:36:00+00:00,LOCO_01,RAKE_COUPLING_STARTED,WS_01,,,,DAC,2,0.5
5556.5,2025-12-04T20:36:30+00:00,LOCO_01,RAKE_COUPLING_COMPLETED,WS_01,,,,DAC,2,0.5
5556.5,2025-12-04T20:36:30+00:00,LOCO_01,LOCO_COUPLING_STARTED,WS_01,,,,DAC,2,0.5
5557.0,2025-12-04T20:37:00+00:00,LOCO_01,LOCO_COUPLING_COMPLETED,WS_01,,,,DAC,2,0.5
5557.0,2025-12-04T20:37:00+00:00,LOCO_01,SHUNTING_PREP,WS_01,,,,,2,1.0
5558.0,2025-12-04T20:38:00+00:00,LOCO_01,MOVING,retrofitted,WS_01,retrofitted,,,0,5.0
5563.0,2025-12-04T20:43:00+00:00,LOCO_01,MOVING,track_19,retrofitted,track_19,,,0,7.0
5570.0,2025-12-04T20:50:00+00:00,LOCO_01,MOVING,retrofit,track_19,retrofit,,,0,5.0
5575.0,2025-12-04T20:55:00+00:00,LOCO_01,COUPLING_STARTED,retrofit,,,,SCREW,0,2.0
5577.0,2025-12-04T20:57:00+00:00,LOCO_01,COUPLING_COMPLETED,retrofit,,,,SCREW,0,2.0
5577.0,2025-12-04T20:57:00+00:00,LOCO_01,SHUNTING_PREP,retrofit,,,,,0,1.0
5578.0,2025-12-04T20:58:00+00:00,LOCO_01,MOVING,WS_02,retrofit,WS_02,,,0,5.0
5583.0,2025-12-04T21:03:00+00:00,LOCO_01,DECOUPLING_STARTED,WS_02,,,,SCREW,0,3.0
5586.0,2025-12-04T21:06:00+00:00,LOCO_01,DECOUPLING_COMPLETED,WS_02,,,,SCREW,0,3.0
5589.0,2025-12-04T21:09:00+00:00,LOCO_01,MOVING,track_19,WS_02,track_19,,,0,5.0
5594.0,2025-12-04T21:14:00+00:00,LOCO_01,ALLOCATED,,,,batch_transport,,0,0.0
5594.0,2025-12-04T21:14:00+00:00,LOCO_01,MOVING,retrofitted,track_19,retrofitted,,,0,5.0
5599.0,2025-12-04T21:19:00+00:00,LOCO_01,RAKE_COUPLING_STARTED,retrofitted,,,,DAC,2,0.5
5599.5,2025-12-04T21:19:30+00:00,LOCO_01,RAKE_COUPLING_COMPLETED,retrofitted,,,,DAC,2,0.5
5599.5,2025-12-04T21:19:30+00:00,LOCO_01,LOCO_COUPLING_STARTED,retrofitted,,,,DAC,2,0.5
5600.0,2025-12-04T21:20:00+00:00,LOCO_01,LOCO_COUPLING_COMPLETED,retrofitted,,,,DAC,2,0.5
5600.0,2025-12-04T21:20:00+00:00,LOCO_01,SHUNTING_PREP,retrofitted,,,,,2,1.0
5601.0,2025-12-04T21:21:00+00:00,LOCO_01,MOVING,parking14,retrofitted,parking14,,,0,75.0
5676.0,2025-12-04T22:36:00+00:00,LOCO_01,LOCO_DECOUPLING_STARTED,parking14,,,,DAC,2,0.5
5676.5,2025-12-04T22:36:30+00:00,LOCO_01,LOCO_DECOUPLING_COMPLETED,parking14,,,,DAC,2,0.5
5676.5,2025-12-04T22:36:30+00:00,LOCO_01,RAKE_DECOUPLING_STARTED,parking14,,,,DAC,2,0.5
5677.0,2025-12-04T22:37:00+00:00,LOCO_01,RAKE_DECOUPLING_COMPLETED,parking14,,,,DAC,2,0.5
5677.5,2025-12-04T22:37:30+00:00,LOCO_01,MOVING,track_19,parking14,track_19,,,0,60.0
5737.5,2025-12-04T23:37:30+00:00,LOCO_01,MOVING,WS_02,track_19,WS_02,,,0,5.0
5742.5,2025-12-04T23:42:30+00:00,LOCO_01,RAKE_COUPLING_STARTED,WS_02,,,,DAC,2,0.5
5743.0,2025-12-04T23:43:00+00:00,LOCO_01,RAKE_COUPLING_COMPLETED,WS_02,,,,DAC,2,0.5
5743.0,2025-12-04T23:43:00+00:00,LOCO_01,LOCO_COUPLING_STARTED,WS_02,,,,DAC,2,0.5
5743.5,2025-12-04T23:43:30+00:00,LOCO_01,LOCO_COUPLING_COMPLETED,WS_02,,,,DAC,2,0.5
5743.5,2025-12-04T23:43:30+00:00,LOCO_01,SHUNTING_PREP,WS_02,,,,,2,1.0
5744.5,2025-12-04T23:44:30+00:00,LOCO_01,MOVING,retrofitted,WS_02,retrofitted,,,0,5.0
5749.5,2025-12-04T23:49:30+00:00,LOCO_01,MOVING,track_19,retrofitted,track_19,,,0,5.0
5754.5,2025-12-04T23:54:30+00:00,LOCO_01,MOVING,WS_01,track_19,WS_01,,,0,5.0
5759.5,2025-12-04T23:59:30+00:00,LOCO_01,RAKE_COUPLING_STARTED,WS_01,,,,DAC,2,0.5
5760.0,2025-12-05T00:00:00+00:00,LOCO_01,RAKE_COUPLING_COMPLETED,WS_01,,,,DAC,2,0.5
5760.0,2025-12-05T00:00:00+00:00,LOCO_01,LOCO_COUPLING_STARTED,WS_01,,,,DAC,2,0.5
5760.5,2025-12-05T00:00:30+00:00,LOCO_01,LOCO_COUPLING_COMPLETED,WS_01,,,,DAC,2,0.5
5760.5,2025-12-05T00:00:30+00:00,LOCO_01,SHUNTING_PREP,WS_01,,,,,2,1.0
5761.5,2025-12-05T00:01:30+00:00,LOCO_01,MOVING,retrofitted,WS_01,retrofitted,,,0,5.0
5766.5,2025-12-05T00:06:30+00:00,LOCO_01,MOVING,track_19,retrofitted,track_19,,,0,7.0
5773.5,2025-12-05T00:13:30+00:00,LOCO_01,MOVING,retrofit,track_19,retrofit,,,0,5.0
5778.5,2025-12-05T00:18:30+00:00,LOCO_01,COUPLING_STARTED,retrofit,,,,SCREW,0,2.0
5780.5,2025-12-05T00:20:30+00:00,LOCO_01,COUPLING_COMPLETED,retrofit,,,,SCREW,0,2.0
5780.5,2025-12-05T00:20:30+00:00,LOCO_01,SHUNTING_PREP,retrofit,,,,,0,1.0
5781.5,2025-12-05T00:21:30+00:00,LOCO_01,MOVING,WS_02,retrofit,WS_02,,,0,5.0
5786.5,2025-12-05T00:26:30+00:00,LOCO_01,DECOUPLING_STARTED,WS_02,,,,SCREW,0,3.0
5789.5,2025-12-05T00:29:30+00:00,LOCO_01,DECOUPLING_COMPLETED,WS_02,,,,SCREW,0,3.0
5792.5,2025-12-05T00:32:30+00:00,LOCO_01,MOVING,track_19,WS_02,track_19,,,0,7.0
5799.5,2025-12-05T00:39:30+00:00,LOCO_01,MOVING,retrofit,track_19,retrofit,,,0,5.0
5804.5,2025-12-05T00:44:30+00:00,LOCO_01,COUPLING_STARTED,retrofit,,,,SCREW,0,2.0
5806.5,2025-12-05T00:46:30+00:00,LOCO_01,COUPLING_COMPLETED,retrofit,,,,SCREW,0,2.0
5806.5,2025-12-05T00:46:30+00:00,LOCO_01,SHUNTING_PREP,retrofit,,,,,0,1.0
5807.5,2025-12-05T00:47:30+00:00,LOCO_01,MOVING,WS_01,retrofit,WS_01,,,0,5.0
5812.5,2025-12-05T00:52:30+00:00,LOCO_01,DECOUPLING_STARTED,WS_01,,,,SCREW,0,3.0
5815.5,2025-12-05T00:55:30+00:00,LOCO_01,DECOUPLING_COMPLETED,WS_01,,,,SCREW,0,3.0
5818.5,2025-12-05T00:58:30+00:00,LOCO_01,MOVING,track_19,WS_01,track_19,,,0,5.0
5823.5,2025-12-05T01:03:30+00:00,LOCO_01,MOVING,collection2,track_19,collection2,,,0,60.0
5883.5,2025-12-05T02:03:30+00:00,LOCO_01,ALLOCATED,,,,batch_transport,,0,0.0
5883.5,2025-12-05T02:03:30+00:00,LOCO_01,RAKE_COUPLING_STARTED,collection2,,,,SCREW,5,8.0
5891.5,2025-12-05T02:11:30+00:00,LOCO_01,RAKE_COUPLING_COMPLETED,collection2,,,,SCREW,5,8.0
5891.5,2025-12-05T02:11:30+00:00,LOCO_01,LOCO_COUPLING_STARTED,collection2,,,,SCREW,5,2.0
5893.5,2025-12-05T02:13:30+00:00,LOCO_01,LOCO_COUPLING_COMPLETED,collection2,,,,SCREW,5,2.0
5893.5,2025-12-05T02:13:30+00:00,LOCO_01,SHUNTING_PREP,collection2,,,,,5,1.0
5894.5,2025-12-05T02:14:30+00:00,LOCO_01,MOVING,retrofit,collection2,retrofit,,,0,60.0
5954.5,2025-12-05T03:14:30+00:00,LOCO_01,LOCO_DECOUPLING_STARTED,retrofit,,,,SCREW,5,3.0
5957.5,2025-12-05T03:17:30+00:00,LOCO_01,LOCO_DECOUPLING_COMPLETED,retrofit,,,,SCREW,5,3.0
5957.5,2025-12-05T03:17:30+00:00,LOCO_01,RAKE_DECOUPLING_STARTED,retrofit,,,,SCREW,5,12.0
5969.5,2025-12-05T03:29:30+00:00,LOCO_01,RAKE_DECOUPLING_COMPLETED,retrofit,,,,SCREW,5,12.0
5981.5,2025-12-05T03:41:30+00:00,LOCO_01,MOVING,track_19,retrofit,track_19,,,0,5.0
5986.5,2025-12-05T03:46:30+00:00,LOCO_01,PARKING,,,,,,0,2.0
5988.5,2025-12-05T03:48:30+00:00,LOCO_01,MOVING,retrofit,track_19,retrofit,,,0,5.0
5993.5,2025-12-05T03:53:30+00:00,LOCO_01,COUPLING_STARTED,retrofit,,,,SCREW,0,2.0
5995.5,2025-12-05T03:55:30+00:00,LOCO_01,COUPLING_COMPLETED,retrofit,,,,SCREW,0,2.0
5995.5,2025-12-05T03:55:30+00:00,LOCO_01,SHUNTING_PREP,retrofit,,,,,0,1.0
5996.5,2025-12-05T03:56:30+00:00,LOCO_01,MOVING,WS_01,retrofit,WS_01,,,0,5.0
6001.5,2025-12-05T04:01:30+00:00,LOCO_01,DECOUPLING_STARTED,WS_01,,,,SCREW,0,3.0
6004.5,2025-12-05T04:04:30+00:00,LOCO_01,DECOUPLING_COMPLETED,WS_01,,,,SCREW,0,3.0
6007.5,2025-12-05T04:07:30+00:00,LOCO_01,MOVING,track_19,WS_01,track_19,,,0,5.0
6012.5,2025-12-05T04:12:30+00:00,LOCO_01,MOVING,collection1,track_19,collection1,,,0,60.0
6072.5,2025-12-05T05:12:30+00:00,LOCO_01,ALLOCATED,,,,batch_transport,,0,0.0
6072.5,2025-12-05T05:12:30+00:00,LOCO_01,RAKE_COUPLING_STARTED,collection1,,,,SCREW,4,6.0
6078.5,2025-12-05T05:18:30+00:00,LOCO_01,RAKE_COUPLING_COMPLETED,collection1,,,,SCREW,4,6.0
6078.5,2025-12-05T05:18:30+00:00,LOCO_01,LOCO_COUPLING_STARTED,collection1,,,,SCREW,4,2.0
6080.5,2025-12-05T05:20:30+00:00,LOCO_01,LOCO_COUPLING_COMPLETED,collection1,,,,SCREW,4,2.0
6080.5,2025-12-05T05:20:30+00:00,LOCO_01,SHUNTING_PREP,collection1,,,,,4,1.0
6081.5,2025-12-05T05:21:30+00:00,LOCO_01,MOVING,retrofit,collection1,retrofit,,,0,60.0
6141.5,2025-12-05T06:21:30+00:00,LOCO_01,LOCO_DECOUPLING_STARTED,retrofit,,,,SCREW,4,3.0
6144.5,2025-12-05T06:24:30+00:00,LOCO_01,LOCO_DECOUPLING_COMPLETED,retrofit,,,,SCREW,4,3.0
6144.5,2025-12-05T06:24:30+00:00,LOCO_01,RAKE_DECOUPLING_STARTED,retrofit,,,,SCREW,4,9.0
6153.5,2025-12-05T06:33:30+00:00,LOCO_01,RAKE_DECOUPLING_COMPLETED,retrofit,,,,SCREW,4,9.0
6162.5,2025-12-05T06:42:30+00:00,LOCO_01,MOVING,track_19,retrofit,track_19,,,0,5.0
6167.5,2025-12-05T06:47:30+00:00,LOCO_01,PARKING,,,,,,0,0.0
6167.5,2025-12-05T06:47:30+00:00,LOCO_01,MOVING,WS_01,track_19,WS_01,,,0,5.0
6172.5,2025-12-05T06:52:30+00:00,LOCO_01,RAKE_COUPLING_STARTED,WS_01,,,,DAC,2,0.5
6173.0,2025-12-05T06:53:00+00:00,LOCO_01,RAKE_COUPLING_COMPLETED,WS_01,,,,DAC,2,0.5
6173.0,2025-12-05T06:53:00+00:00,LOCO_01,LOCO_COUPLING_STARTED,WS_01,,,,DAC,2,0.5
6173.5,2025-12-05T06:53:30+00:00,LOCO_01,LOCO_COUPLING_COMPLETED,WS_01,,,,DAC,2,0.5
6173.5,2025-12-05T06:53:30+00:00,LOCO_01,SHUNTING_PREP,WS_01,,,,,2,1.0
6174.5,2025-12-05T06:54:30+00:00,LOCO_01,MOVING,retrofitted,WS_01,retrofitted,,,0,5.0
6179.5,2025-12-05T06:59:30+00:00,LOCO_01,MOVING,track_19,retrofitted,track_19,,,0,7.0
6186.5,2025-12-05T07:06:30+00:00,LOCO_01,MOVING,retrofit,track_19,retrofit,,,0,5.0
6191.5,2025-12-05T07:11:30+00:00,LOCO_01,COUPLING_STARTED,retrofit,,,,SCREW,0,2.0
6193.5,2025-12-05T07:13:30+00:00,LOCO_01,COUPLING_COMPLETED,retrofit,,,,SCREW,0,2.0
6193.5,2025-12-05T07:13:30+00:00,LOCO_01,SHUNTING_PREP,retrofit,,,,,0,1.0
6194.5,2025-12-05T07:14:30+00:00,LOCO_01,MOVING,WS_02,retrofit,WS_02,,,0,5.0
6199.5,2025-12-05T07:19:30+00:00,LOCO_01,DECOUPLING_STARTED,WS_02,,,,SCREW,0,3.0
6202.5,2025-12-05T07:22:30+00:00,LOCO_01,DECOUPLING_COMPLETED,WS_02,,,,SCREW,0,3.0
6205.5,2025-12-05T07:25:30+00:00,LOCO_01,MOVING,track_19,WS_02,track_19,,,0,7.0
6212.5,2025-12-05T07:32:30+00:00,LOCO_01,MOVING,retrofit,track_19,retrofit,,,0,5.0
6217.5,2025-12-05T07:37:30+00:00,LOCO_01,COUPLING_STARTED,retrofit,,,,SCREW,0,2.0
6219.5,2025-12-05T07:39:30+00:00,LOCO_01,COUPLING_COMPLETED,retrofit,,,,SCREW,0,2.0
6219.5,2025-12-05T07:39:30+00:00,LOCO_01,SHUNTING_PREP,retrofit,,,,,0,1.0
6220.5,2025-12-05T07:40:30+00:00,LOCO_01,MOVING,WS_01,retrofit,WS_01,,,0,5.0
6225.5,2025-12-05T07:45:30+00:00,LOCO_01,DECOUPLING_STARTED,WS_01,,,,SCREW,0,3.0
6228.5,2025-12-05T07:48:30+00:00,LOCO_01,DECOUPLING_COMPLETED,WS_01,,,,SCREW,0,3.0
6231.5,2025-12-05T07:51:30+00:00,LOCO_01,MOVING,track_19,WS_01,track_19,,,0,5.0
6236.5,2025-12-05T07:56:30+00:00,LOCO_01,MOVING,collection2,track_19,collection2,,,0,60.0
6296.5,2025-12-05T08:56:30+00:00,LOCO_01,ALLOCATED,,,,batch_transport,,0,0.0
6296.5,2025-12-05T08:56:30+00:00,LOCO_01,RAKE_COUPLING_STARTED,collection2,,,,SCREW,4,6.0
6302.5,2025-12-05T09:02:30+00:00,LOCO_01,RAKE_COUPLING_COMPLETED,collection2,,,,SCREW,4,6.0
6302.5,2025-12-05T09:02:30+00:00,LOCO_01,LOCO_COUPLING_STARTED,collection2,,,,SCREW,4,2.0
6304.5,2025-12-05T09:04:30+00:00,LOCO_01,LOCO_COUPLING_COMPLETED,collection2,,,,SCREW,4,2.0
6304.5,2025-12-05T09:04:30+00:00,LOCO_01,SHUNTING_PREP,collection2,,,,,4,1.0
6305.5,2025-12-05T09:05:30+00:00,LOCO_01,MOVING,retrofit,collection2,retrofit,,,0,60.0
6365.5,2025-12-05T10:05:30+00:00,LOCO_01,LOCO_DECOUPLING_STARTED,retrofit,,,,SCREW,4,3.0
6368.5,2025-12-05T10:08:30+00:00,LOCO_01,LOCO_DECOUPLING_COMPLETED,retrofit,,,,SCREW,4,3.0
6368.5,2025-12-05T10:08:30+00:00,LOCO_01,RAKE_DECOUPLING_STARTED,retrofit,,,,SCREW,4,9.0
6377.5,2025-12-05T10:17:30+00:00,LOCO_01,RAKE_DECOUPLING_COMPLETED,retrofit,,,,SCREW,4,9.0
6386.5,2025-12-05T10:26:30+00:00,LOCO_01,MOVING,track_19,retrofit,track_19,,,0,5.0
6391.5,2025-12-05T10:31:30+00:00,LOCO_01,PARKING,,,,,,0,0.0
6391.5,2025-12-05T10:31:30+00:00,LOCO_01,ALLOCATED,,,,batch_transport,,0,0.0
6391.5,2025-12-05T10:31:30+00:00,LOCO_01,MOVING,retrofitted,track_19,retrofitted,,,0,5.0
6396.5,2025-12-05T10:36:30+00:00,LOCO_01,RAKE_COUPLING_STARTED,retrofitted,,,,DAC,4,1.5
6398.0,2025-12-05T10:38:00+00:00,LOCO_01,RAKE_COUPLING_COMPLETED,retrofitted,,,,DAC,4,1.5
6398.0,2025-12-05T10:38:00+00:00,LOCO_01,LOCO_COUPLING_STARTED,retrofitted,,,,DAC,4,0.5
6398.5,2025-12-05T10:38:30+00:00,LOCO_01,LOCO_COUPLING_COMPLETED,retrofitted,,,,DAC,4,0.5
6398.5,2025-12-05T10:38:30+00:00,LOCO_01,SHUNTING_PREP,retrofitted,,,,,4,1.0
6399.5,2025-12-05T10:39:30+00:00,LOCO_01,MOVING,parking16,retrofitted,parking16,,,0,120.0
6519.5,2025-12-05T12:39:30+00:00,LOCO_01,LOCO_DECOUPLING_STARTED,parking16,,,,DAC,4,0.5
6520.0,2025-12-05T12:40:00+00:00,LOCO_01,LOCO_DECOUPLING_COMPLETED,parking16,,,,DAC,4,0.5
6520.0,2025-12-05T12:40:00+00:00,LOCO_01,RAKE_DECOUPLING_STARTED,parking16,,,,DAC,4,1.5
6521.5,2025-12-05T12:41:30+00:00,LOCO_01,RAKE_DECOUPLING_COMPLETED,parking16,,,,DAC,4,1.5
6523.0,2025-12-05T12:43:00+00:00,LOCO_01,MOVING,track_19,parking16,track_19,,,0,62.0
6585.0,2025-12-05T13:45:00+00:00,LOCO_01,MOVING,retrofit,track_19,retrofit,,,0,5.0
6590.0,2025-12-05T13:50:00+00:00,LOCO_01,COUPLING_STARTED,retrofit,,,,SCREW,0,2.0
6592.0,2025-12-05T13:52:00+00:00,LOCO_01,COUPLING_COMPLETED,retrofit,,,,SCREW,0,2.0
6592.0,2025-12-05T13:52:00+00:00,LOCO_01,SHUNTING_PREP,retrofit,,,,,0,1.0
6593.0,2025-12-05T13:53:00+00:00,LOCO_01,MOVING,WS_01,retrofit,WS_01,,,0,5.0
6598.0,2025-12-05T13:58:00+00:00,LOCO_01,DECOUPLING_STARTED,WS_01,,,,SCREW,0,3.0
6601.0,2025-12-05T14:01:00+00:00,LOCO_01,DECOUPLING_COMPLETED,WS_01,,,,SCREW,0,3.0
6604.0,2025-12-05T14:04:00+00:00,LOCO_01,MOVING,track_19,WS_01,track_19,,,0,5.0
6609.0,2025-12-05T14:09:00+00:00,LOCO_01,MOVING,collection2,track_19,collection2,,,0,60.0
6669.0,2025-12-05T15:09:00+00:00,LOCO_01,ALLOCATED,,,,batch_transport,,0,0.0
6669.0,2025-12-05T15:09:00+00:00,LOCO_01,RAKE_COUPLING_STARTED,collection2,,,,SCREW,11,20.0
6689.0,2025-12-05T15:29:00+00:00,LOCO_01,RAKE_COUPLING_COMPLETED,collection2,,,,SCREW,11,20.0
6689.0,2025-12-05T15:29:00+00:00,LOCO_01,LOCO_COUPLING_STARTED,collection2,,,,SCREW,11,2.0
6691.0,2025-12-05T15:31:00+00:00,LOCO_01,LOCO_COUPLING_COMPLETED,collection2,,,,SCREW,11,2.0
6691.0,2025-12-05T15:31:00+00:00,LOCO_01,SHUNTING_PREP,collection2,,,,,11,1.0
6692.0,2025-12-05T15:32:00+00:00,LOCO_01,MOVING,retrofit,collection2,retrofit,,,0,60.0
6752.0,2025-12-05T16:32:00+00:00,LOCO_01,LOCO_DECOUPLING_STARTED,retrofit,,,,SCREW,11,3.0
6755.0,2025-12-05T16:35:00+00:00,LOCO_01,LOCO_DECOUPLING_COMPLETED,retrofit,,,,SCREW,11,3.0
6755.0,2025-12-05T16:35:00+00:00,LOCO_01,RAKE_DECOUPLING_STARTED,retrofit,,,,SCREW,11,30.0
6785.0,2025-12-05T17:05:00+00:00,LOCO_01,RAKE_DECOUPLING_COMPLETED,retrofit,,,,SCREW,11,30.0
6815.0,2025-12-05T17:35:00+00:00,LOCO_01,MOVING,track_19,retrofit,track_19,,,0,5.0
6820.0,2025-12-05T17:40:00+00:00,LOCO_01,PARKING,,,,,,0,0.0
6820.0,2025-12-05T17:40:00+00:00,LOCO_01,MOVING,collection1,track_19,collection1,,,0,60.0
6880.0,2025-12-05T18:40:00+00:00,LOCO_01,ALLOCATED,,,,batch_transport,,0,0.0
6880.0,2025-12-05T18:40:00+00:00,LOCO_01,LOCO_COUPLING_STARTED,collection1,,,,SCREW,1,2.0
6882.0,2025-12-05T18:42:00+00:00,LOCO_01,LOCO_COUPLING_COMPLETED,collection1,,,,SCREW,1,2.0
6882.0,2025-12-05T18:42:00+00:00,LOCO_01,SHUNTING_PREP,collection1,,,,,1,1.0
6883.0,2025-12-05T18:43:00+00:00,LOCO_01,MOVING,retrofit,collection1,retrofit,,,0,60.0
6943.0,2025-12-05T19:43:00+00:00,LOCO_01,LOCO_DECOUPLING_STARTED,retrofit,,,,SCREW,1,3.0
6946.0,2025-12-05T19:46:00+00:00,LOCO_01,MOVING,track_19,retrofit,track_19,,,0,0.0
6946.0,2025-12-05T19:46:00+00:00,LOCO_01,LOCO_DECOUPLING_COMPLETED,retrofit,,,,SCREW,1,3.0
6951.0,2025-12-05T19:51:00+00:00,LOCO_01,PARKING,,,,,,0,0.0
6951.0,2025-12-05T19:51:00+00:00,LOCO_01,MOVING,WS_02,track_19,WS_02,,,0,5.0
6956.0,2025-12-05T19:56:00+00:00,LOCO_01,RAKE_COUPLING_STARTED,WS_02,,,,DAC,2,0.5
6956.5,2025-12-05T19:56:30+00:00,LOCO_01,RAKE_COUPLING_COMPLETED,WS_02,,,,DAC,2,0.5
6956.5,2025-12-05T19:56:30+00:00,LOCO_01,LOCO_COUPLING_STARTED,WS_02,,,,DAC,2,0.5
6957.0,2025-12-05T19:57:00+00:00,LOCO_01,LOCO_COUPLING_COMPLETED,WS_02,,,,DAC,2,0.5
6957.0,2025-12-05T19:57:00+00:00,LOCO_01,SHUNTING_PREP,WS_02,,,,,2,1.0
6958.0,2025-12-05T19:58:00+00:00,LOCO_01,MOVING,retrofitted,WS_02,retrofitted,,,0,5.0
6963.0,2025-12-05T20:03:00+00:00,LOCO_01,MOVING,track_19,retrofitted,track_19,,,0,5.0
6968.0,2025-12-05T20:08:00+00:00,LOCO_01,MOVING,WS_01,track_19,WS_01,,,0,5.0
6973.0,2025-12-05T20:13:00+00:00,LOCO_01,RAKE_COUPLING_STARTED,WS_01,,,,DAC,2,0.5
6973.5,2025-12-05T20:13:30+00:00,LOCO_01,RAKE_COUPLING_COMPLETED,WS_01,,,,DAC,2,0.5
6973.5,2025-12-05T20:13:30+00:00,LOCO_01,LOCO_COUPLING_STARTED,WS_01,,,,DAC,2,0.5
6974.0,2025-12-05T20:14:00+00:00,LOCO_01,LOCO_COUPLING_COMPLETED,WS_01,,,,DAC,2,0.5
6974.0,2025-12-05T20:14:00+00:00,LOCO_01,SHUNTING_PREP,WS_01,,,,,2,1.0
6975.0,2025-12-05T20:15:00+00:00,LOCO_01,MOVING,retrofitted,WS_01,retrofitted,,,0,5.0
6980.0,2025-12-05T20:20:00+00:00,LOCO_01,MOVING,track_19,retrofitted,track_19,,,0,7.0
6987.0,2025-12-05T20:27:00+00:00,LOCO_01,MOVING,retrofit,track_19,retrofit,,,0,5.0
6992.0,2025-12-05T20:32:00+00:00,LOCO_01,COUPLING_STARTED,retrofit,,,,SCREW,0,2.0
6994.0,2025-12-05T20:34:00+00:00,LOCO_01,COUPLING_COMPLETED,retrofit,,,,SCREW,0,2.0
6994.0,2025-12-05T20:34:00+00:00,LOCO_01,SHUNTING_PREP,retrofit,,,,,0,1.0
6995.0,2025-12-05T20:35:00+00:00,LOCO_01,MOVING,WS_02,retrofit,WS_02,,,0,5.0
7000.0,2025-12-05T20:40:00+00:00,LOCO_01,DECOUPLING_STARTED,WS_02,,,,SCREW,0,3.0
7003.0,2025-12-05T20:43:00+00:00,LOCO_01,DECOUPLING_COMPLETED,WS_02,,,,SCREW,0,3.0
7006.0,2025-12-05T20:46:00+00:00,LOCO_01,MOVING,track_19,WS_02,track_19,,,0,7.0
7013.0,2025-12-05T20:53:00+00:00,LOCO_01,MOVING,retrofit,track_19,retrofit,,,0,5.0
7018.0,2025-12-05T20:58:00+00:00,LOCO_01,COUPLING_STARTED,retrofit,,,,SCREW,0,2.0
7020.0,2025-12-05T21:00:00+00:00,LOCO_01,COUPLING_COMPLETED,retrofit,,,,SCREW,0,2.0
7020.0,2025-12-05T21:00:00+00:00,LOCO_01,SHUNTING_PREP,retrofit,,,,,0,1.0
7021.0,2025-12-05T21:01:00+00:00,LOCO_01,MOVING,WS_01,retrofit,WS_01,,,0,5.0
7026.0,2025-12-05T21:06:00+00:00,LOCO_01,DECOUPLING_STARTED,WS_01,,,,SCREW,0,3.0
7029.0,2025-12-05T21:09:00+00:00,LOCO_01,DECOUPLING_COMPLETED,WS_01,,,,SCREW,0,3.0
7032.0,2025-12-05T21:12:00+00:00,LOCO_01,MOVING,track_19,WS_01,track_19,,,0,5.0
7037.0,2025-12-05T21:17:00+00:00,LOCO_01,MOVING,collection1,track_19,collection1,,,0,60.0
7097.0,2025-12-05T22:17:00+00:00,LOCO_01,ALLOCATED,,,,batch_transport,,0,0.0
7097.0,2025-12-05T22:17:00+00:00,LOCO_01,LOCO_COUPLING_STARTED,collection1,,,,SCREW,1,2.0
7099.0,2025-12-05T22:19:00+00:00,LOCO_01,LOCO_COUPLING_COMPLETED,collection1,,,,SCREW,1,2.0
7099.0,2025-12-05T22:19:00+00:00,LOCO_01,SHUNTING_PREP,collection1,,,,,1,1.0
7100.0,2025-12-05T22:20:00+00:00,LOCO_01,MOVING,retrofit,collection1,retrofit,,,0,60.0
7160.0,2025-12-05T23:20:00+00:00,LOCO_01,LOCO_DECOUPLING_STARTED,retrofit,,,,SCREW,1,3.0
7163.0,2025-12-05T23:23:00+00:00,LOCO_01,MOVING,track_19,retrofit,track_19,,,0,0.0
7163.0,2025-12-05T23:23:00+00:00,LOCO_01,LOCO_DECOUPLING_COMPLETED,retrofit,,,,SCREW,1,3.0
7168.0,2025-12-05T23:28:00+00:00,LOCO_01,PARKING,,,,,,0,0.0
7168.0,2025-12-05T23:28:00+00:00,LOCO_01,MOVING,WS_01,track_19,WS_01,,,0,5.0
7173.0,2025-12-05T23:33:00+00:00,LOCO_01,RAKE_COUPLING_STARTED,WS_01,,,,DAC,2,0.5
7173.5,2025-12-05T23:33:30+00:00,LOCO_01,RAKE_COUPLING_COMPLETED,WS_01,,,,DAC,2,0.5
7173.5,2025-12-05T23:33:30+00:00,LOCO_01,LOCO_COUPLING_STARTED,WS_01,,,,DAC,2,0.5
7174.0,2025-12-05T23:34:00+00:00,LOCO_01,LOCO_COUPLING_COMPLETED,WS_01,,,,DAC,2,0.5
7174.0,2025-12-05T23:34:00+00:00,LOCO_01,SHUNTING_PREP,WS_01,,,,,2,1.0
7175.0,2025-12-05T23:35:00+00:00,LOCO_01,MOVING,retrofitted,WS_01,retrofitted,,,0,5.0
7180.0,2025-12-05T23:40:00+00:00,LOCO_01,MOVING,track_19,retrofitted,track_19,,,0,7.0
7187.0,2025-12-05T23:47:00+00:00,LOCO_01,MOVING,retrofit,track_19,retrofit,,,0,5.0
7192.0,2025-12-05T23:52:00+00:00,LOCO_01,COUPLING_STARTED,retrofit,,,,SCREW,0,2.0
7194.0,2025-12-05T23:54:00+00:00,LOCO_01,COUPLING_COMPLETED,retrofit,,,,SCREW,0,2.0
7194.0,2025-12-05T23:54:00+00:00,LOCO_01,SHUNTING_PREP,retrofit,,,,,0,1.0
7195.0,2025-12-05T23:55:00+00:00,LOCO_01,MOVING,WS_02,retrofit,WS_02,,,0,5.0
7200.0,2025-12-06T00:00:00+00:00,LOCO_01,DECOUPLING_STARTED,WS_02,,,,SCREW,0,3.0
7203.0,2025-12-06T00:03:00+00:00,LOCO_01,DECOUPLING_COMPLETED,WS_02,,,,SCREW,0,3.0
7206.0,2025-12-06T00:06:00+00:00,LOCO_01,MOVING,track_19,WS_02,track_19,,,0,7.0
7213.0,2025-12-06T00:13:00+00:00,LOCO_01,MOVING,retrofit,track_19,retrofit,,,0,5.0
7218.0,2025-12-06T00:18:00+00:00,LOCO_01,COUPLING_STARTED,retrofit,,,,SCREW,0,2.0
7220.0,2025-12-06T00:20:00+00:00,LOCO_01,COUPLING_COMPLETED,retrofit,,,,SCREW,0,2.0
7220.0,2025-12-06T00:20:00+00:00,LOCO_01,SHUNTING_PREP,retrofit,,,,,0,1.0
7221.0,2025-12-06T00:21:00+00:00,LOCO_01,MOVING,WS_01,retrofit,WS_01,,,0,5.0
7226.0,2025-12-06T00:26:00+00:00,LOCO_01,DECOUPLING_STARTED,WS_01,,,,SCREW,0,3.0
7229.0,2025-12-06T00:29:00+00:00,LOCO_01,DECOUPLING_COMPLETED,WS_01,,,,SCREW,0,3.0
7232.0,2025-12-06T00:32:00+00:00,LOCO_01,MOVING,track_19,WS_01,track_19,,,0,5.0
7237.0,2025-12-06T00:37:00+00:00,LOCO_01,MOVING,collection2,track_19,collection2,,,0,60.0
7297.0,2025-12-06T01:37:00+00:00,LOCO_01,ALLOCATED,,,,batch_transport,,0,0.0
7297.0,2025-12-06T01:37:00+00:00,LOCO_01,LOCO_COUPLING_STARTED,collection2,,,,SCREW,1,2.0
7299.0,2025-12-06T01:39:00+00:00,LOCO_01,LOCO_COUPLING_COMPLETED,collection2,,,,SCREW,1,2.0
7299.0,2025-12-06T01:39:00+00:00,LOCO_01,SHUNTING_PREP,collection2,,,,,1,1.0
7300.0,2025-12-06T01:40:00+00:00,LOCO_01,MOVING,retrofit,collection2,retrofit,,,0,60.0
7360.0,2025-12-06T02:40:00+00:00,LOCO_01,LOCO_DECOUPLING_STARTED,retrofit,,,,SCREW,1,3.0
7363.0,2025-12-06T02:43:00+00:00,LOCO_01,MOVING,track_19,retrofit,track_19,,,0,0.0
7363.0,2025-12-06T02:43:00+00:00,LOCO_01,LOCO_DECOUPLING_COMPLETED,retrofit,,,,SCREW,1,3.0
7368.0,2025-12-06T02:48:00+00:00,LOCO_01,PARKING,,,,,,0,0.0
7368.0,2025-12-06T02:48:00+00:00,LOCO_01,ALLOCATED,,,,batch_transport,,0,0.0
7368.0,2025-12-06T02:48:00+00:00,LOCO_01,MOVING,retrofitted,track_19,retrofitted,,,0,5.0
7373.0,2025-12-06T02:53:00+00:00,LOCO_01,RAKE_COUPLING_STARTED,retrofitted,,,,DAC,4,1.5
7374.5,2025-12-06T02:54:30+00:00,LOCO_01,RAKE_COUPLING_COMPLETED,retrofitted,,,,DAC,4,1.5
7374.5,2025-12-06T02:54:30+00:00,LOCO_01,LOCO_COUPLING_STARTED,retrofitted,,,,DAC,4,0.5
7375.0,2025-12-06T02:55:00+00:00,LOCO_01,LOCO_COUPLING_COMPLETED,retrofitted,,,,DAC,4,0.5
7375.0,2025-12-06T02:55:00+00:00,LOCO_01,SHUNTING_PREP,retrofitted,,,,,4,1.0
7376.0,2025-12-06T02:56:00+00:00,LOCO_01,MOVING,parking14,retrofitted,parking14,,,0,75.0
7451.0,2025-12-06T04:11:00+00:00,LOCO_01,LOCO_DECOUPLING_STARTED,parking14,,,,DAC,4,0.5
7451.5,2025-12-06T04:11:30+00:00,LOCO_01,LOCO_DECOUPLING_COMPLETED,parking14,,,,DAC,4,0.5
7451.5,2025-12-06T04:11:30+00:00,LOCO_01,RAKE_DECOUPLING_STARTED,parking14,,,,DAC,4,1.5
7453.0,2025-12-06T04:13:00+00:00,LOCO_01,RAKE_DECOUPLING_COMPLETED,parking14,,,,DAC,4,1.5
7454.5,2025-12-06T04:14:30+00:00,LOCO_01,MOVING,track_19,parking14,track_19,,,0,60.0
7514.5,2025-12-06T05:14:30+00:00,LOCO_01,MOVING,WS_02,track_19,WS_02,,,0,5.0
7519.5,2025-12-06T05:19:30+00:00,LOCO_01,RAKE_COUPLING_STARTED,WS_02,,,,DAC,2,0.5
7520.0,2025-12-06T05:20:00+00:00,LOCO_01,RAKE_COUPLING_COMPLETED,WS_02,,,,DAC,2,0.5
7520.0,2025-12-06T05:20:00+00:00,LOCO_01,LOCO_COUPLING_STARTED,WS_02,,,,DAC,2,0.5
7520.5,2025-12-06T05:20:30+00:00,LOCO_01,LOCO_COUPLING_COMPLETED,WS_02,,,,DAC,2,0.5
7520.5,2025-12-06T05:20:30+00:00,LOCO_01,SHUNTING_PREP,WS_02,,,,,2,1.0
7521.5,2025-12-06T05:21:30+00:00,LOCO_01,MOVING,retrofitted,WS_02,retrofitted,,,0,5.0
7526.5,2025-12-06T05:26:30+00:00,LOCO_01,MOVING,track_19,retrofitted,track_19,,,0,5.0
7531.5,2025-12-06T05:31:30+00:00,LOCO_01,ALLOCATED,,,,batch_transport,,0,0.0
7531.5,2025-12-06T05:31:30+00:00,LOCO_01,MOVING,retrofitted,track_19,retrofitted,,,0,5.0
7536.5,2025-12-06T05:36:30+00:00,LOCO_01,RAKE_COUPLING_STARTED,retrofitted,,,,DAC,4,1.5
7538.0,2025-12-06T05:38:00+00:00,LOCO_01,RAKE_COUPLING_COMPLETED,retrofitted,,,,DAC,4,1.5
7538.0,2025-12-06T05:38:00+00:00,LOCO_01,LOCO_COUPLING_STARTED,retrofitted,,,,DAC,4,0.5
7538.5,2025-12-06T05:38:30+00:00,LOCO_01,LOCO_COUPLING_COMPLETED,retrofitted,,,,DAC,4,0.5
7538.5,2025-12-06T05:38:30+00:00,LOCO_01,SHUNTING_PREP,retrofitted,,,,,4,1.0
7539.5,2025-12-06T05:39:30+00:00,LOCO_01,MOVING,parking15,retrofitted,parking15,,,0,75.0
7614.5,2025-12-06T06:54:30+00:00,LOCO_01,LOCO_DECOUPLING_STARTED,parking15,,,,DAC,4,0.5
7615.0,2025-12-06T06:55:00+00:00,LOCO_01,LOCO_DECOUPLING_COMPLETED,parking15,,,,DAC,4,0.5
7615.0,2025-12-06T06:55:00+00:00,LOCO_01,RAKE_DECOUPLING_STARTED,parking15,,,,DAC,4,1.5
7616.5,2025-12-06T06:56:30+00:00,LOCO_01,RAKE_DECOUPLING_COMPLETED,parking15,,,,DAC,4,1.5
7618.0,2025-12-06T06:58:00+00:00,LOCO_01,MOVING,track_19,parking15,track_19,,,0,60.0
7678.0,2025-12-06T07:58:00+00:00,LOCO_01,MOVING,WS_02,track_19,WS_02,,,0,5.0
7683.0,2025-12-06T08:03:00+00:00,LOCO_01,RAKE_COUPLING_STARTED,WS_02,,,,DAC,2,0.5
7683.5,2025-12-06T08:03:30+00:00,LOCO_01,RAKE_COUPLING_COMPLETED,WS_02,,,,DAC,2,0.5
7683.5,2025-12-06T08:03:30+00:00,LOCO_01,LOCO_COUPLING_STARTED,WS_02,,,,DAC,2,0.5
7684.0,2025-12-06T08:04:00+00:00,LOCO_01,LOCO_COUPLING_COMPLETED,WS_02,,,,DAC,2,0.5
7684.0,2025-12-06T08:04:00+00:00,LOCO_01,SHUNTING_PREP,WS_02,,,,,2,1.0
7685.0,2025-12-06T08:05:00+00:00,LOCO_01,MOVING,retrofitted,WS_02,retrofitted,,,0,5.0
7690.0,2025-12-06T08:10:00+00:00,LOCO_01,MOVING,track_19,retrofitted,track_19,,,0,5.0
7695.0,2025-12-06T08:15:00+00:00,LOCO_01,MOVING,WS_01,track_19,WS_01,,,0,5.0
7700.0,2025-12-06T08:20:00+00:00,LOCO_01,RAKE_COUPLING_STARTED,WS_01,,,,DAC,2,0.5
7700.5,2025-12-06T08:20:30+00:00,LOCO_01,RAKE_COUPLING_COMPLETED,WS_01,,,,DAC,2,0.5
7700.5,2025-12-06T08:20:30+00:00,LOCO_01,LOCO_COUPLING_STARTED,WS_01,,,,DAC,2,0.5
7701.0,2025-12-06T08:21:00+00:00,LOCO_01,LOCO_COUPLING_COMPLETED,WS_01,,,,DAC,2,0.5
7701.0,2025-12-06T08:21:00+00:00,LOCO_01,SHUNTING_PREP,WS_01,,,,,2,1.0
7702.0,2025-12-06T08:22:00+00:00,LOCO_01,MOVING,retrofitted,WS_01,retrofitted,,,0,5.0
7707.0,2025-12-06T08:27:00+00:00,LOCO_01,MOVING,track_19,retrofitted,track_19,,,0,7.0
7714.0,2025-12-06T08:34:00+00:00,LOCO_01,MOVING,retrofit,track_19,retrofit,,,0,5.0
7719.0,2025-12-06T08:39:00+00:00,LOCO_01,COUPLING_STARTED,retrofit,,,,SCREW,0,2.0
7721.0,2025-12-06T08:41:00+00:00,LOCO_01,COUPLING_COMPLETED,retrofit,,,,SCREW,0,2.0
7721.0,2025-12-06T08:41:00+00:00,LOCO_01,SHUNTING_PREP,retrofit,,,,,0,1.0
7722.0,2025-12-06T08:42:00+00:00,LOCO_01,MOVING,WS_02,retrofit,WS_02,,,0,5.0
7727.0,2025-12-06T08:47:00+00:00,LOCO_01,DECOUPLING_STARTED,WS_02,,,,SCREW,0,3.0
7730.0,2025-12-06T08:50:00+00:00,LOCO_01,DECOUPLING_COMPLETED,WS_02,,,,SCREW,0,3.0
7733.0,2025-12-06T08:53:00+00:00,LOCO_01,MOVING,track_19,WS_02,track_19,,,0,7.0
7740.0,2025-12-06T09:00:00+00:00,LOCO_01,MOVING,retrofit,track_19,retrofit,,,0,5.0
7745.0,2025-12-06T09:05:00+00:00,LOCO_01,COUPLING_STARTED,retrofit,,,,SCREW,0,2.0
7747.0,2025-12-06T09:07:00+00:00,LOCO_01,COUPLING_COMPLETED,retrofit,,,,SCREW,0,2.0
7747.0,2025-12-06T09:07:00+00:00,LOCO_01,SHUNTING_PREP,retrofit,,,,,0,1.0
7748.0,2025-12-06T09:08:00+00:00,LOCO_01,MOVING,WS_01,retrofit,WS_01,,,0,5.0
7753.0,2025-12-06T09:13:00+00:00,LOCO_01,DECOUPLING_STARTED,WS_01,,,,SCREW,0,3.0
7756.0,2025-12-06T09:16:00+00:00,LOCO_01,DECOUPLING_COMPLETED,WS_01,,,,SCREW,0,3.0
7759.0,2025-12-06T09:19:00+00:00,LOCO_01,MOVING,track_19,WS_01,track_19,,,0,5.0
7764.0,2025-12-06T09:24:00+00:00,LOCO_01,MOVING,collection1,track_19,collection1,,,0,60.0
7824.0,2025-12-06T10:24:00+00:00,LOCO_01,ALLOCATED,,,,batch_transport,,0,0.0
7824.0,2025-12-06T10:24:00+00:00,LOCO_01,LOCO_COUPLING_STARTED,collection1,,,,SCREW,1,2.0
7826.0,2025-12-06T10:26:00+00:00,LOCO_01,LOCO_COUPLING_COMPLETED,collection1,,,,SCREW,1,2.0
7826.0,2025-12-06T10:26:00+00:00,LOCO_01,SHUNTING_PREP,collection1,,,,,1,1.0
7827.0,2025-12-06T10:27:00+00:00,LOCO_01,MOVING,retrofit,collection1,retrofit,,,0,60.0
7887.0,2025-12-06T11:27:00+00:00,LOCO_01,LOCO_DECOUPLING_STARTED,retrofit,,,,SCREW,1,3.0
7890.0,2025-12-06T11:30:00+00:00,LOCO_01,MOVING,track_19,retrofit,track_19,,,0,0.0
7890.0,2025-12-06T11:30:00+00:00,LOCO_01,LOCO_DECOUPLING_COMPLETED,retrofit,,,,SCREW,1,3.0
7895.0,2025-12-06T11:35:00+00:00,LOCO_01,PARKING,,,,,,0,0.0
7895.0,2025-12-06T11:35:00+00:00,LOCO_01,MOVING,WS_02,track_19,WS_02,,,0,5.0
7900.0,2025-12-06T11:40:00+00:00,LOCO_01,RAKE_COUPLING_STARTED,WS_02,,,,DAC,2,0.5
7900.5,2025-12-06T11:40:30+00:00,LOCO_01,RAKE_COUPLING_COMPLETED,WS_02,,,,DAC,2,0.5
7900.5,2025-12-06T11:40:30+00:00,LOCO_01,LOCO_COUPLING_STARTED,WS_02,,,,DAC,2,0.5
7901.0,2025-12-06T11:41:00+00:00,LOCO_01,LOCO_COUPLING_COMPLETED,WS_02,,,,DAC,2,0.5
7901.0,2025-12-06T11:41:00+00:00,LOCO_01,SHUNTING_PREP,WS_02,,,,,2,1.0
7902.0,2025-12-06T11:42:00+00:00,LOCO_01,MOVING,retrofitted,WS_02,retrofitted,,,0,5.0
7907.0,2025-12-06T11:47:00+00:00,LOCO_01,MOVING,track_19,retrofitted,track_19,,,0,5.0
7912.0,2025-12-06T11:52:00+00:00,LOCO_01,ALLOCATED,,,,batch_transport,,0,0.0
7912.0,2025-12-06T11:52:00+00:00,LOCO_01,MOVING,retrofitted,track_19,retrofitted,,,0,5.0
7917.0,2025-12-06T11:57:00+00:00,LOCO_01,RAKE_COUPLING_STARTED,retrofitted,,,,DAC,6,2.5
7919.5,2025-12-06T11:59:30+00:00,LOCO_01,RAKE_COUPLING_COMPLETED,retrofitted,,,,DAC,6,2.5
7919.5,2025-12-06T11:59:30+00:00,LOCO_01,LOCO_COUPLING_STARTED,retrofitted,,,,DAC,6,0.5
7920.0,2025-12-06T12:00:00+00:00,LOCO_01,LOCO_COUPLING_COMPLETED,retrofitted,,,,DAC,6,0.5
7920.0,2025-12-06T12:00:00+00:00,LOCO_01,SHUNTING_PREP,retrofitted,,,,,6,1.0
7921.0,2025-12-06T12:01:00+00:00,LOCO_01,MOVING,parking16,retrofitted,parking16,,,0,120.0
8041.0,2025-12-06T14:01:00+00:00,LOCO_01,LOCO_DECOUPLING_STARTED,parking16,,,,DAC,6,0.5
8041.5,2025-12-06T14:01:30+00:00,LOCO_01,LOCO_DECOUPLING_COMPLETED,parking16,,,,DAC,6,0.5
8041.5,2025-12-06T14:01:30+00:00,LOCO_01,RAKE_DECOUPLING_STARTED,parking16,,,,DAC,6,2.5
8044.0,2025-12-06T14:04:00+00:00,LOCO_01,RAKE_DECOUPLING_COMPLETED,parking16,,,,DAC,6,2.5
8046.5,2025-12-06T14:06:30+00:00,LOCO_01,MOVING,track_19,parking16,track_19,,,0,60.0
8106.5,2025-12-06T15:06:30+00:00,LOCO_01,MOVING,WS_02,track_19,WS_02,,,0,5.0
8111.5,2025-12-06T15:11:30+00:00,LOCO_01,RAKE_COUPLING_STARTED,WS_02,,,,DAC,2,0.5
8112.0,2025-12-06T15:12:00+00:00,LOCO_01,RAKE_COUPLING_COMPLETED,WS_02,,,,DAC,2,0.5
8112.0,2025-12-06T15:12:00+00:00,LOCO_01,LOCO_COUPLING_STARTED,WS_02,,,,DAC,2,0.5
8112.5,2025-12-06T15:12:30+00:00,LOCO_01,LOCO_COUPLING_COMPLETED,WS_02,,,,DAC,2,0.5
8112.5,2025-12-06T15:12:30+00:00,LOCO_01,SHUNTING_PREP,WS_02,,,,,2,1.0
8113.5,2025-12-06T15:13:30+00:00,LOCO_01,MOVING,retrofitted,WS_02,retrofitted,,,0,5.0
8118.5,2025-12-06T15:18:30+00:00,LOCO_01,MOVING,track_19,retrofitted,track_19,,,0,5.0
8123.5,2025-12-06T15:23:30+00:00,LOCO_01,MOVING,WS_01,track_19,WS_01,,,0,5.0
8128.5,2025-12-06T15:28:30+00:00,LOCO_01,RAKE_COUPLING_STARTED,WS_01,,,,DAC,2,0.5
8129.0,2025-12-06T15:29:00+00:00,LOCO_01,RAKE_COUPLING_COMPLETED,WS_01,,,,DAC,2,0.5
8129.0,2025-12-06T15:29:00+00:00,LOCO_01,LOCO_COUPLING_STARTED,WS_01,,,,DAC,2,0.5
8129.5,2025-12-06T15:29:30+00:00,LOCO_01,LOCO_COUPLING_COMPLETED,WS_01,,,,DAC,2,0.5
8129.5,2025-12-06T15:29:30+00:00,LOCO_01,SHUNTING_PREP,WS_01,,,,,2,1.0
8130.5,2025-12-06T15:30:30+00:00,LOCO_01,MOVING,retrofitted,WS_01,retrofitted,,,0,5.0
8135.5,2025-12-06T15:35:30+00:00,LOCO_01,MOVING,track_19,retrofitted,track_19,,,0,7.0
8142.5,2025-12-06T15:42:30+00:00,LOCO_01,MOVING,retrofit,track_19,retrofit,,,0,5.0
8147.5,2025-12-06T15:47:30+00:00,LOCO_01,COUPLING_STARTED,retrofit,,,,SCREW,0,2.0
8149.5,2025-12-06T15:49:30+00:00,LOCO_01,COUPLING_COMPLETED,retrofit,,,,SCREW,0,2.0
8149.5,2025-12-06T15:49:30+00:00,LOCO_01,SHUNTING_PREP,retrofit,,,,,0,1.0
8150.5,2025-12-06T15:50:30+00:00,LOCO_01,MOVING,WS_02,retrofit,WS_02,,,0,5.0
8155.5,2025-12-06T15:55:30+00:00,LOCO_01,DECOUPLING_STARTED,WS_02,,,,SCREW,0,3.0
8158.5,2025-12-06T15:58:30+00:00,LOCO_01,DECOUPLING_COMPLETED,WS_02,,,,SCREW,0,3.0
8161.5,2025-12-06T16:01:30+00:00,LOCO_01,MOVING,track_19,WS_02,track_19,,,0,5.0
8166.5,2025-12-06T16:06:30+00:00,LOCO_01,ALLOCATED,,,,batch_transport,,0,0.0
8166.5,2025-12-06T16:06:30+00:00,LOCO_01,MOVING,retrofitted,track_19,retrofitted,,,0,5.0
8171.5,2025-12-06T16:11:30+00:00,LOCO_01,RAKE_COUPLING_STARTED,retrofitted,,,,DAC,2,0.5
8172.0,2025-12-06T16:12:00+00:00,LOCO_01,RAKE_COUPLING_COMPLETED,retrofitted,,,,DAC,2,0.5
8172.0,2025-12-06T16:12:00+00:00,LOCO_01,LOCO_COUPLING_STARTED,retrofitted,,,,DAC,2,0.5
8172.5,2025-12-06T16:12:30+00:00,LOCO_01,LOCO_COUPLING_COMPLETED,retrofitted,,,,DAC,2,0.5
8172.5,2025-12-06T16:12:30+00:00,LOCO_01,SHUNTING_PREP,retrofitted,,,,,2,1.0
8173.5,2025-12-06T16:13:30+00:00,LOCO_01,MOVING,parking1,retrofitted,parking1,,,0,5.0
8178.5,2025-12-06T16:18:30+00:00,LOCO_01,LOCO_DECOUPLING_STARTED,parking1,,,,DAC,2,0.5
8179.0,2025-12-06T16:19:00+00:00,LOCO_01,LOCO_DECOUPLING_COMPLETED,parking1,,,,DAC,2,0.5
8179.0,2025-12-06T16:19:00+00:00,LOCO_01,RAKE_DECOUPLING_STARTED,parking1,,,,DAC,2,0.5
8179.5,2025-12-06T16:19:30+00:00,LOCO_01,RAKE_DECOUPLING_COMPLETED,parking1,,,,DAC,2,0.5
8180.0,2025-12-06T16:20:00+00:00,LOCO_01,MOVING,track_19,parking1,track_19,,,0,5.0
8185.0,2025-12-06T16:25:00+00:00,LOCO_01,MOVING,collection2,track_19,collection2,,,0,60.0
8245.0,2025-12-06T17:25:00+00:00,LOCO_01,ALLOCATED,,,,batch_transport,,0,0.0
8245.0,2025-12-06T17:25:00+00:00,LOCO_01,RAKE_COUPLING_STARTED,collection2,,,,SCREW,5,8.0
8253.0,2025-12-06T17:33:00+00:00,LOCO_01,RAKE_COUPLING_COMPLETED,collection2,,,,SCREW,5,8.0
8253.0,2025-12-06T17:33:00+00:00,LOCO_01,LOCO_COUPLING_STARTED,collection2,,,,SCREW,5,2.0
8255.0,2025-12-06T17:35:00+00:00,LOCO_01,LOCO_COUPLING_COMPLETED,collection2,,,,SCREW,5,2.0
8255.0,2025-12-06T17:35:00+00:00,LOCO_01,SHUNTING_PREP,collection2,,,,,5,1.0
8256.0,2025-12-06T17:36:00+00:00,LOCO_01,MOVING,retrofit,collection2,retrofit,,,0,60.0
8316.0,2025-12-06T18:36:00+00:00,LOCO_01,LOCO_DECOUPLING_STARTED,retrofit,,,,SCREW,5,3.0
8319.0,2025-12-06T18:39:00+00:00,LOCO_01,LOCO_DECOUPLING_COMPLETED,retrofit,,,,SCREW,5,3.0
8319.0,2025-12-06T18:39:00+00:00,LOCO_01,RAKE_DECOUPLING_STARTED,retrofit,,,,SCREW,5,12.0
8331.0,2025-12-06T18:51:00+00:00,LOCO_01,RAKE_DECOUPLING_COMPLETED,retrofit,,,,SCREW,5,12.0
8343.0,2025-12-06T19:03:00+00:00,LOCO_01,MOVING,track_19,retrofit,track_19,,,0,5.0
8348.0,2025-12-06T19:08:00+00:00,LOCO_01,PARKING,,,,,,0,2.0
8350.0,2025-12-06T19:10:00+00:00,LOCO_01,MOVING,retrofit,track_19,retrofit,,,0,5.0
8355.0,2025-12-06T19:15:00+00:00,LOCO_01,COUPLING_STARTED,retrofit,,,,SCREW,0,2.0
8357.0,2025-12-06T19:17:00+00:00,LOCO_01,COUPLING_COMPLETED,retrofit,,,,SCREW,0,2.0
8357.0,2025-12-06T19:17:00+00:00,LOCO_01,SHUNTING_PREP,retrofit,,,,,0,1.0
8358.0,2025-12-06T19:18:00+00:00,LOCO_01,MOVING,WS_01,retrofit,WS_01,,,0,5.0
8363.0,2025-12-06T19:23:00+00:00,LOCO_01,DECOUPLING_STARTED,WS_01,,,,SCREW,0,3.0
8366.0,2025-12-06T19:26:00+00:00,LOCO_01,DECOUPLING_COMPLETED,WS_01,,,,SCREW,0,3.0
8369.0,2025-12-06T19:29:00+00:00,LOCO_01,MOVING,track_19,WS_01,track_19,,,0,5.0
8374.0,2025-12-06T19:34:00+00:00,LOCO_01,MOVING,collection1,track_19,collection1,,,0,60.0
8434.0,2025-12-06T20:34:00+00:00,LOCO_01,ALLOCATED,,,,batch_transport,,0,0.0
8434.0,2025-12-06T20:34:00+00:00,LOCO_01,LOCO_COUPLING_STARTED,collection1,,,,SCREW,1,2.0
8436.0,2025-12-06T20:36:00+00:00,LOCO_01,LOCO_COUPLING_COMPLETED,collection1,,,,SCREW,1,2.0
8436.0,2025-12-06T20:36:00+00:00,LOCO_01,SHUNTING_PREP,collection1,,,,,1,1.0
8437.0,2025-12-06T20:37:00+00:00,LOCO_01,MOVING,retrofit,collection1,retrofit,,,0,60.0
8497.0,2025-12-06T21:37:00+00:00,LOCO_01,LOCO_DECOUPLING_STARTED,retrofit,,,,SCREW,1,3.0
8500.0,2025-12-06T21:40:00+00:00,LOCO_01,MOVING,track_19,retrofit,track_19,,,0,0.0
8500.0,2025-12-06T21:40:00+00:00,LOCO_01,LOCO_DECOUPLING_COMPLETED,retrofit,,,,SCREW,1,3.0
8505.0,2025-12-06T21:45:00+00:00,LOCO_01,PARKING,,,,,,0,0.0
8505.0,2025-12-06T21:45:00+00:00,LOCO_01,MOVING,WS_02,track_19,WS_02,,,0,5.0
8510.0,2025-12-06T21:50:00+00:00,LOCO_01,RAKE_COUPLING_STARTED,WS_02,,,,DAC,2,0.5
8510.5,2025-12-06T21:50:30+00:00,LOCO_01,RAKE_COUPLING_COMPLETED,WS_02,,,,DAC,2,0.5
8510.5,2025-12-06T21:50:30+00:00,LOCO_01,LOCO_COUPLING_STARTED,WS_02,,,,DAC,2,0.5
8511.0,2025-12-06T21:51:00+00:00,LOCO_01,LOCO_COUPLING_COMPLETED,WS_02,,,,DAC,2,0.5
8511.0,2025-12-06T21:51:00+00:00,LOCO_01,SHUNTING_PREP,WS_02,,,,,2,1.0
8512.0,2025-12-06T21:52:00+00:00,LOCO_01,MOVING,retrofitted,WS_02,retrofitted,,,0,5.0
8517.0,2025-12-06T21:57:00+00:00,LOCO_01,MOVING,track_19,retrofitted,track_19,,,0,5.0
8522.0,2025-12-06T22:02:00+00:00,LOCO_01,MOVING,WS_01,track_19,WS_01,,,0,5.0
8527.0,2025-12-06T22:07:00+00:00,LOCO_01,RAKE_COUPLING_STARTED,WS_01,,,,DAC,2,0.5
8527.5,2025-12-06T22:07:30+00:00,LOCO_01,RAKE_COUPLING_COMPLETED,WS_01,,,,DAC,2,0.5
8527.5,2025-12-06T22:07:30+00:00,LOCO_01,LOCO_COUPLING_STARTED,WS_01,,,,DAC,2,0.5
8528.0,2025-12-06T22:08:00+00:00,LOCO_01,LOCO_COUPLING_COMPLETED,WS_01,,,,DAC,2,0.5
8528.0,2025-12-06T22:08:00+00:00,LOCO_01,SHUNTING_PREP,WS_01,,,,,2,1.0
8529.0,2025-12-06T22:09:00+00:00,LOCO_01,MOVING,retrofitted,WS_01,retrofitted,,,0,5.0
8534.0,2025-12-06T22:14:00+00:00,LOCO_01,MOVING,track_19,retrofitted,track_19,,,0,5.0
8539.0,2025-12-06T22:19:00+00:00,LOCO_01,ALLOCATED,,,,batch_transport,,0,0.0
8539.0,2025-12-06T22:19:00+00:00,LOCO_01,MOVING,retrofitted,track_19,retrofitted,,,0,5.0
8544.0,2025-12-06T22:24:00+00:00,LOCO_01,RAKE_COUPLING_STARTED,retrofitted,,,,DAC,4,1.5
8545.5,2025-12-06T22:25:30+00:00,LOCO_01,RAKE_COUPLING_COMPLETED,retrofitted,,,,DAC,4,1.5
8545.5,2025-12-06T22:25:30+00:00,LOCO_01,LOCO_COUPLING_STARTED,retrofitted,,,,DAC,4,0.5
8546.0,2025-12-06T22:26:00+00:00,LOCO_01,LOCO_COUPLING_COMPLETED,retrofitted,,,,DAC,4,0.5
8546.0,2025-12-06T22:26:00+00:00,LOCO_01,SHUNTING_PREP,retrofitted,,,,,4,1.0
8547.0,2025-12-06T22:27:00+00:00,LOCO_01,MOVING,parking14,retrofitted,parking14,,,0,75.0
8622.0,2025-12-06T23:42:00+00:00,LOCO_01,LOCO_DECOUPLING_STARTED,parking14,,,,DAC,4,0.5
8622.5,2025-12-06T23:42:30+00:00,LOCO_01,LOCO_DECOUPLING_COMPLETED,parking14,,,,DAC,4,0.5
8622.5,2025-12-06T23:42:30+00:00,LOCO_01,RAKE_DECOUPLING_STARTED,parking14,,,,DAC,4,1.5
8624.0,2025-12-06T23:44:00+00:00,LOCO_01,RAKE_DECOUPLING_COMPLETED,parking14,,,,DAC,4,1.5
8625.5,2025-12-06T23:45:30+00:00,LOCO_01,MOVING,track_19,parking14,track_19,,,0,60.0
8685.5,2025-12-07T00:45:30+00:00,LOCO_01,MOVING,WS_02,track_19,WS_02,,,0,5.0
8690.5,2025-12-07T00:50:30+00:00,LOCO_01,RAKE_COUPLING_STARTED,WS_02,,,,DAC,2,0.5
8691.0,2025-12-07T00:51:00+00:00,LOCO_01,RAKE_COUPLING_COMPLETED,WS_02,,,,DAC,2,0.5
8691.0,2025-12-07T00:51:00+00:00,LOCO_01,LOCO_COUPLING_STARTED,WS_02,,,,DAC,2,0.5
8691.5,2025-12-07T00:51:30+00:00,LOCO_01,LOCO_COUPLING_COMPLETED,WS_02,,,,DAC,2,0.5
8691.5,2025-12-07T00:51:30+00:00,LOCO_01,SHUNTING_PREP,WS_02,,,,,2,1.0
8692.5,2025-12-07T00:52:30+00:00,LOCO_01,MOVING,retrofitted,WS_02,retrofitted,,,0,5.0
8697.5,2025-12-07T00:57:30+00:00,LOCO_01,MOVING,track_19,retrofitted,track_19,,,0,5.0
8702.5,2025-12-07T01:02:30+00:00,LOCO_01,MOVING,WS_01,track_19,WS_01,,,0,5.0
8707.5,2025-12-07T01:07:30+00:00,LOCO_01,RAKE_COUPLING_STARTED,WS_01,,,,DAC,2,0.5
8708.0,2025-12-07T01:08:00+00:00,LOCO_01,RAKE_COUPLING_COMPLETED,WS_01,,,,DAC,2,0.5
8708.0,2025-12-07T01:08:00+00:00,LOCO_01,LOCO_COUPLING_STARTED,WS_01,,,,DAC,2,0.5
8708.5,2025-12-07T01:08:30+00:00,LOCO_01,LOCO_COUPLING_COMPLETED,WS_01,,,,DAC,2,0.5
8708.5,2025-12-07T01:08:30+00:00,LOCO_01,SHUNTING_PREP,WS_01,,,,,2,1.0
8709.5,2025-12-07T01:09:30+00:00,LOCO_01,MOVING,retrofitted,WS_01,retrofitted,,,0,5.0
8714.5,2025-12-07T01:14:30+00:00,LOCO_01,MOVING,track_19,retrofitted,track_19,,,0,5.0
8719.5,2025-12-07T01:19:30+00:00,LOCO_01,ALLOCATED,,,,batch_transport,,0,0.0
8719.5,2025-12-07T01:19:30+00:00,LOCO_01,MOVING,retrofitted,track_19,retrofitted,,,0,5.0
8724.5,2025-12-07T01:24:30+00:00,LOCO_01,RAKE_COUPLING_STARTED,retrofitted,,,,DAC,4,1.5
8726.0,2025-12-07T01:26:00+00:00,LOCO_01,RAKE_COUPLING_COMPLETED,retrofitted,,,,DAC,4,1.5
8726.0,2025-12-07T01:26:00+00:00,LOCO_01,LOCO_COUPLING_STARTED,retrofitted,,,,DAC,4,0.5
8726.5,2025-12-07T01:26:30+00:00,LOCO_01,LOCO_COUPLING_COMPLETED,retrofitted,,,,DAC,4,0.5
8726.5,2025-12-07T01:26:30+00:00,LOCO_01,SHUNTING_PREP,retrofitted,,,,,4,1.0
8727.5,2025-12-07T01:27:30+00:00,LOCO_01,MOVING,parking15,retrofitted,parking15,,,0,75.0
8802.5,2025-12-07T02:42:30+00:00,LOCO_01,LOCO_DECOUPLING_STARTED,parking15,,,,DAC,4,0.5
8803.0,2025-12-07T02:43:00+00:00,LOCO_01,LOCO_DECOUPLING_COMPLETED,parking15,,,,DAC,4,0.5
8803.0,2025-12-07T02:43:00+00:00,LOCO_01,RAKE_DECOUPLING_STARTED,parking15,,,,DAC,4,1.5
8804.5,2025-12-07T02:44:30+00:00,LOCO_01,RAKE_DECOUPLING_COMPLETED,parking15,,,,DAC,4,1.5
8806.0,2025-12-07T02:46:00+00:00,LOCO_01,MOVING,track_19,parking15,track_19,,,0,60.0
8866.0,2025-12-07T03:46:00+00:00,LOCO_01,MOVING,WS_02,track_19,WS_02,,,0,5.0
8871.0,2025-12-07T03:51:00+00:00,LOCO_01,RAKE_COUPLING_STARTED,WS_02,,,,DAC,2,0.5
8871.5,2025-12-07T03:51:30+00:00,LOCO_01,RAKE_COUPLING_COMPLETED,WS_02,,,,DAC,2,0.5
8871.5,2025-12-07T03:51:30+00:00,LOCO_01,LOCO_COUPLING_STARTED,WS_02,,,,DAC,2,0.5
8872.0,2025-12-07T03:52:00+00:00,LOCO_01,LOCO_COUPLING_COMPLETED,WS_02,,,,DAC,2,0.5
8872.0,2025-12-07T03:52:00+00:00,LOCO_01,SHUNTING_PREP,WS_02,,,,,2,1.0
8873.0,2025-12-07T03:53:00+00:00,LOCO_01,MOVING,retrofitted,WS_02,retrofitted,,,0,5.0
8878.0,2025-12-07T03:58:00+00:00,LOCO_01,MOVING,track_19,retrofitted,track_19,,,0,5.0
8883.0,2025-12-07T04:03:00+00:00,LOCO_01,MOVING,WS_01,track_19,WS_01,,,0,5.0
8888.0,2025-12-07T04:08:00+00:00,LOCO_01,RAKE_COUPLING_STARTED,WS_01,,,,DAC,2,0.5
8888.5,2025-12-07T04:08:30+00:00,LOCO_01,RAKE_COUPLING_COMPLETED,WS_01,,,,DAC,2,0.5
8888.5,2025-12-07T04:08:30+00:00,LOCO_01,LOCO_COUPLING_STARTED,WS_01,,,,DAC,2,0.5
8889.0,2025-12-07T04:09:00+00:00,LOCO_01,LOCO_COUPLING_COMPLETED,WS_01,,,,DAC,2,0.5
8889.0,2025-12-07T04:09:00+00:00,LOCO_01,SHUNTING_PREP,WS_01,,,,,2,1.0
8890.0,2025-12-07T04:10:00+00:00,LOCO_01,MOVING,retrofitted,WS_01,retrofitted,,,0,5.0
8895.0,2025-12-07T04:15:00+00:00,LOCO_01,MOVING,track_19,retrofitted,track_19,,,0,7.0
8902.0,2025-12-07T04:22:00+00:00,LOCO_01,MOVING,retrofit,track_19,retrofit,,,0,5.0
8907.0,2025-12-07T04:27:00+00:00,LOCO_01,COUPLING_STARTED,retrofit,,,,SCREW,0,2.0
8909.0,2025-12-07T04:29:00+00:00,LOCO_01,COUPLING_COMPLETED,retrofit,,,,SCREW,0,2.0
8909.0,2025-12-07T04:29:00+00:00,LOCO_01,SHUNTING_PREP,retrofit,,,,,0,1.0
8910.0,2025-12-07T04:30:00+00:00,LOCO_01,MOVING,WS_02,retrofit,WS_02,,,0,5.0
8915.0,2025-12-07T04:35:00+00:00,LOCO_01,DECOUPLING_STARTED,WS_02,,,,SCREW,0,3.0
8918.0,2025-12-07T04:38:00+00:00,LOCO_01,DECOUPLING_COMPLETED,WS_02,,,,SCREW,0,3.0
8921.0,2025-12-07T04:41:00+00:00,LOCO_01,MOVING,track_19,WS_02,track_19,,,0,5.0
8926.0,2025-12-07T04:46:00+00:00,LOCO_01,ALLOCATED,,,,batch_transport,,0,0.0
8926.0,2025-12-07T04:46:00+00:00,LOCO_01,MOVING,retrofitted,track_19,retrofitted,,,0,5.0
8931.0,2025-12-07T04:51:00+00:00,LOCO_01,RAKE_COUPLING_STARTED,retrofitted,,,,DAC,4,1.5
8932.5,2025-12-07T04:52:30+00:00,LOCO_01,RAKE_COUPLING_COMPLETED,retrofitted,,,,DAC,4,1.5
8932.5,2025-12-07T04:52:30+00:00,LOCO_01,LOCO_COUPLING_STARTED,retrofitted,,,,DAC,4,0.5
8933.0,2025-12-07T04:53:00+00:00,LOCO_01,LOCO_COUPLING_COMPLETED,retrofitted,,,,DAC,4,0.5
8933.0,2025-12-07T04:53:00+00:00,LOCO_01,SHUNTING_PREP,retrofitted,,,,,4,1.0
8934.0,2025-12-07T04:54:00+00:00,LOCO_01,MOVING,parking13,retrofitted,parking13,,,0,75.0
9009.0,2025-12-07T06:09:00+00:00,LOCO_01,LOCO_DECOUPLING_STARTED,parking13,,,,DAC,4,0.5
9009.5,2025-12-07T06:09:30+00:00,LOCO_01,LOCO_DECOUPLING_COMPLETED,parking13,,,,DAC,4,0.5
9009.5,2025-12-07T06:09:30+00:00,LOCO_01,RAKE_DECOUPLING_STARTED,parking13,,,,DAC,4,1.5
9011.0,2025-12-07T06:11:00+00:00,LOCO_01,RAKE_DECOUPLING_COMPLETED,parking13,,,,DAC,4,1.5
9012.5,2025-12-07T06:12:30+00:00,LOCO_01,MOVING,track_19,parking13,track_19,,,0,60.0
9072.5,2025-12-07T07:12:30+00:00,LOCO_01,MOVING,WS_02,track_19,WS_02,,,0,5.0
9077.5,2025-12-07T07:17:30+00:00,LOCO_01,RAKE_COUPLING_STARTED,WS_02,,,,DAC,2,0.5
9078.0,2025-12-07T07:18:00+00:00,LOCO_01,RAKE_COUPLING_COMPLETED,WS_02,,,,DAC,2,0.5
9078.0,2025-12-07T07:18:00+00:00,LOCO_01,LOCO_COUPLING_STARTED,WS_02,,,,DAC,2,0.5
9078.5,2025-12-07T07:18:30+00:00,LOCO_01,LOCO_COUPLING_COMPLETED,WS_02,,,,DAC,2,0.5
9078.5,2025-12-07T07:18:30+00:00,LOCO_01,SHUNTING_PREP,WS_02,,,,,2,1.0
9079.5,2025-12-07T07:19:30+00:00,LOCO_01,MOVING,retrofitted,WS_02,retrofitted,,,0,5.0
9084.5,2025-12-07T07:24:30+00:00,LOCO_01,MOVING,track_19,retrofitted,track_19,,,0,5.0
9089.5,2025-12-07T07:29:30+00:00,LOCO_01,ALLOCATED,,,,batch_transport,,0,0.0
9089.5,2025-12-07T07:29:30+00:00,LOCO_01,MOVING,retrofitted,track_19,retrofitted,,,0,5.0
9094.5,2025-12-07T07:34:30+00:00,LOCO_01,RAKE_COUPLING_STARTED,retrofitted,,,,DAC,4,1.5
9096.0,2025-12-07T07:36:00+00:00,LOCO_01,RAKE_COUPLING_COMPLETED,retrofitted,,,,DAC,4,1.5
9096.0,2025-12-07T07:36:00+00:00,LOCO_01,LOCO_COUPLING_STARTED,retrofitted,,,,DAC,4,0.5
9096.5,2025-12-07T07:36:30+00:00,LOCO_01,LOCO_COUPLING_COMPLETED,retrofitted,,,,DAC,4,0.5
9096.5,2025-12-07T07:36:30+00:00,LOCO_01,SHUNTING_PREP,retrofitted,,,,,4,1.0
9097.5,2025-12-07T07:37:30+00:00,LOCO_01,MOVING,parking10,retrofitted,parking10,,,0,60.0
9157.5,2025-12-07T08:37:30+00:00,LOCO_01,LOCO_DECOUPLING_STARTED,parking10,,,,DAC,4,0.5
9158.0,2025-12-07T08:38:00+00:00,LOCO_01,LOCO_DECOUPLING_COMPLETED,parking10,,,,DAC,4,0.5
9158.0,2025-12-07T08:38:00+00:00,LOCO_01,RAKE_DECOUPLING_STARTED,parking10,,,,DAC,4,1.5
9159.5,2025-12-07T08:39:30+00:00,LOCO_01,RAKE_DECOUPLING_COMPLETED,parking10,,,,DAC,4,1.5
9161.0,2025-12-07T08:41:00+00:00,LOCO_01,MOVING,track_19,parking10,track_19,,,0,60.0
9221.0,2025-12-07T09:41:00+00:00,LOCO_01,MOVING,WS_02,track_19,WS_02,,,0,5.0
9226.0,2025-12-07T09:46:00+00:00,LOCO_01,RAKE_COUPLING_STARTED,WS_02,,,,DAC,2,0.5
9226.5,2025-12-07T09:46:30+00:00,LOCO_01,RAKE_COUPLING_COMPLETED,WS_02,,,,DAC,2,0.5
9226.5,2025-12-07T09:46:30+00:00,LOCO_01,LOCO_COUPLING_STARTED,WS_02,,,,DAC,2,0.5
9227.0,2025-12-07T09:47:00+00:00,LOCO_01,LOCO_COUPLING_COMPLETED,WS_02,,,,DAC,2,0.5
9227.0,2025-12-07T09:47:00+00:00,LOCO_01,SHUNTING_PREP,WS_02,,,,,2,1.0
9228.0,2025-12-07T09:48:00+00:00,LOCO_01,MOVING,retrofitted,WS_02,retrofitted,,,0,5.0
9233.0,2025-12-07T09:53:00+00:00,LOCO_01,MOVING,track_19,retrofitted,track_19,,,0,5.0
9238.0,2025-12-07T09:58:00+00:00,LOCO_01,MOVING,WS_01,track_19,WS_01,,,0,5.0
9243.0,2025-12-07T10:03:00+00:00,LOCO_01,RAKE_COUPLING_STARTED,WS_01,,,,DAC,2,0.5
9243.5,2025-12-07T10:03:30+00:00,LOCO_01,RAKE_COUPLING_COMPLETED,WS_01,,,,DAC,2,0.5
9243.5,2025-12-07T10:03:30+00:00,LOCO_01,LOCO_COUPLING_STARTED,WS_01,,,,DAC,2,0.5
9244.0,2025-12-07T10:04:00+00:00,LOCO_01,LOCO_COUPLING_COMPLETED,WS_01,,,,DAC,2,0.5
9244.0,2025-12-07T10:04:00+00:00,LOCO_01,SHUNTING_PREP,WS_01,,,,,2,1.0
9245.0,2025-12-07T10:05:00+00:00,LOCO_01,MOVING,retrofitted,WS_01,retrofitted,,,0,5.0
9250.0,2025-12-07T10:10:00+00:00,LOCO_01,MOVING,track_19,retrofitted,track_19,,,0,7.0
9257.0,2025-12-07T10:17:00+00:00,LOCO_01,MOVING,retrofit,track_19,retrofit,,,0,5.0
9262.0,2025-12-07T10:22:00+00:00,LOCO_01,COUPLING_STARTED,retrofit,,,,SCREW,0,2.0
9264.0,2025-12-07T10:24:00+00:00,LOCO_01,COUPLING_COMPLETED,retrofit,,,,SCREW,0,2.0
9264.0,2025-12-07T10:24:00+00:00,LOCO_01,SHUNTING_PREP,retrofit,,,,,0,1.0
9265.0,2025-12-07T10:25:00+00:00,LOCO_01,MOVING,WS_02,retrofit,WS_02,,,0,5.0
9270.0,2025-12-07T10:30:00+00:00,LOCO_01,DECOUPLING_STARTED,WS_02,,,,SCREW,0,3.0
9273.0,2025-12-07T10:33:00+00:00,LOCO_01,DECOUPLING_COMPLETED,WS_02,,,,SCREW,0,3.0
9276.0,2025-12-07T10:36:00+00:00,LOCO_01,MOVING,track_19,WS_02,track_19,,,0,7.0
9283.0,2025-12-07T10:43:00+00:00,LOCO_01,MOVING,retrofit,track_19,retrofit,,,0,5.0
9288.0,2025-12-07T10:48:00+00:00,LOCO_01,COUPLING_STARTED,retrofit,,,,SCREW,0,2.0
9290.0,2025-12-07T10:50:00+00:00,LOCO_01,COUPLING_COMPLETED,retrofit,,,,SCREW,0,2.0
9290.0,2025-12-07T10:50:00+00:00,LOCO_01,SHUNTING_PREP,retrofit,,,,,0,1.0
9291.0,2025-12-07T10:51:00+00:00,LOCO_01,MOVING,WS_01,retrofit,WS_01,,,0,5.0
9296.0,2025-12-07T10:56:00+00:00,LOCO_01,DECOUPLING_STARTED,WS_01,,,,SCREW,0,3.0
9299.0,2025-12-07T10:59:00+00:00,LOCO_01,DECOUPLING_COMPLETED,WS_01,,,,SCREW,0,3.0
9302.0,2025-12-07T11:02:00+00:00,LOCO_01,MOVING,track_19,WS_01,track_19,,,0,5.0
9307.0,2025-12-07T11:07:00+00:00,LOCO_01,ALLOCATED,,,,batch_transport,,0,0.0
9307.0,2025-12-07T11:07:00+00:00,LOCO_01,MOVING,retrofitted,track_19,retrofitted,,,0,5.0
9312.0,2025-12-07T11:12:00+00:00,LOCO_01,RAKE_COUPLING_STARTED,retrofitted,,,,DAC,4,1.5
9313.5,2025-12-07T11:13:30+00:00,LOCO_01,RAKE_COUPLING_COMPLETED,retrofitted,,,,DAC,4,1.5
9313.5,2025-12-07T11:13:30+00:00,LOCO_01,LOCO_COUPLING_STARTED,retrofitted,,,,DAC,4,0.5
9314.0,2025-12-07T11:14:00+00:00,LOCO_01,LOCO_COUPLING_COMPLETED,retrofitted,,,,DAC,4,0.5
9314.0,2025-12-07T11:14:00+00:00,LOCO_01,SHUNTING_PREP,retrofitted,,,,,4,1.0
9315.0,2025-12-07T11:15:00+00:00,LOCO_01,MOVING,parking12,retrofitted,parking12,,,0,60.0
9375.0,2025-12-07T12:15:00+00:00,LOCO_01,LOCO_DECOUPLING_STARTED,parking12,,,,DAC,4,0.5
9375.5,2025-12-07T12:15:30+00:00,LOCO_01,LOCO_DECOUPLING_COMPLETED,parking12,,,,DAC,4,0.5
9375.5,2025-12-07T12:15:30+00:00,LOCO_01,RAKE_DECOUPLING_STARTED,parking12,,,,DAC,4,1.5
9377.0,2025-12-07T12:17:00+00:00,LOCO_01,RAKE_DECOUPLING_COMPLETED,parking12,,,,DAC,4,1.5
9378.5,2025-12-07T12:18:30+00:00,LOCO_01,MOVING,track_19,parking12,track_19,,,0,60.0
9438.5,2025-12-07T13:18:30+00:00,LOCO_01,MOVING,WS_02,track_19,WS_02,,,0,5.0
9443.5,2025-12-07T13:23:30+00:00,LOCO_01,RAKE_COUPLING_STARTED,WS_02,,,,DAC,2,0.5
9444.0,2025-12-07T13:24:00+00:00,LOCO_01,RAKE_COUPLING_COMPLETED,WS_02,,,,DAC,2,0.5
9444.0,2025-12-07T13:24:00+00:00,LOCO_01,LOCO_COUPLING_STARTED,WS_02,,,,DAC,2,0.5
9444.5,2025-12-07T13:24:30+00:00,LOCO_01,LOCO_COUPLING_COMPLETED,WS_02,,,,DAC,2,0.5
9444.5,2025-12-07T13:24:30+00:00,LOCO_01,SHUNTING_PREP,WS_02,,,,,2,1.0
9445.5,2025-12-07T13:25:30+00:00,LOCO_01,MOVING,retrofitted,WS_02,retrofitted,,,0,5.0
9450.5,2025-12-07T13:30:30+00:00,LOCO_01,MOVING,track_19,retrofitted,track_19,,,0,5.0
9455.5,2025-12-07T13:35:30+00:00,LOCO_01,ALLOCATED,,,,batch_transport,,0,0.0
9455.5,2025-12-07T13:35:30+00:00,LOCO_01,MOVING,retrofitted,track_19,retrofitted,,,0,5.0
9460.5,2025-12-07T13:40:30+00:00,LOCO_01,RAKE_COUPLING_STARTED,retrofitted,,,,DAC,4,1.5
9462.0,2025-12-07T13:42:00+00:00,LOCO_01,RAKE_COUPLING_COMPLETED,retrofitted,,,,DAC,4,1.5
9462.0,2025-12-07T13:42:00+00:00,LOCO_01,LOCO_COUPLING_STARTED,retrofitted,,,,DAC,4,0.5
9462.5,2025-12-07T13:42:30+00:00,LOCO_01,LOCO_COUPLING_COMPLETED,retrofitted,,,,DAC,4,0.5
9462.5,2025-12-07T13:42:30+00:00,LOCO_01,SHUNTING_PREP,retrofitted,,,,,4,1.0
9463.5,2025-12-07T13:43:30+00:00,LOCO_01,MOVING,parking1,retrofitted,parking1,,,0,5.0
9468.5,2025-12-07T13:48:30+00:00,LOCO_01,LOCO_DECOUPLING_STARTED,parking1,,,,DAC,4,0.5
9469.0,2025-12-07T13:49:00+00:00,LOCO_01,LOCO_DECOUPLING_COMPLETED,parking1,,,,DAC,4,0.5
9469.0,2025-12-07T13:49:00+00:00,LOCO_01,RAKE_DECOUPLING_STARTED,parking1,,,,DAC,4,1.5
9470.5,2025-12-07T13:50:30+00:00,LOCO_01,RAKE_DECOUPLING_COMPLETED,parking1,,,,DAC,4,1.5
9472.0,2025-12-07T13:52:00+00:00,LOCO_01,MOVING,track_19,parking1,track_19,,,0,7.0
9479.0,2025-12-07T13:59:00+00:00,LOCO_01,MOVING,retrofit,track_19,retrofit,,,0,5.0
9484.0,2025-12-07T14:04:00+00:00,LOCO_01,COUPLING_STARTED,retrofit,,,,SCREW,0,2.0
9486.0,2025-12-07T14:06:00+00:00,LOCO_01,COUPLING_COMPLETED,retrofit,,,,SCREW,0,2.0
9486.0,2025-12-07T14:06:00+00:00,LOCO_01,SHUNTING_PREP,retrofit,,,,,0,1.0
9487.0,2025-12-07T14:07:00+00:00,LOCO_01,MOVING,WS_01,retrofit,WS_01,,,0,5.0
9492.0,2025-12-07T14:12:00+00:00,LOCO_01,DECOUPLING_STARTED,WS_01,,,,SCREW,0,3.0
9495.0,2025-12-07T14:15:00+00:00,LOCO_01,DECOUPLING_COMPLETED,WS_01,,,,SCREW,0,3.0
9498.0,2025-12-07T14:18:00+00:00,LOCO_01,MOVING,track_19,WS_01,track_19,,,0,5.0
9503.0,2025-12-07T14:23:00+00:00,LOCO_01,MOVING,collection2,track_19,collection2,,,0,60.0
9563.0,2025-12-07T15:23:00+00:00,LOCO_01,ALLOCATED,,,,batch_transport,,0,0.0
9563.0,2025-12-07T15:23:00+00:00,LOCO_01,RAKE_COUPLING_STARTED,collection2,,,,SCREW,7,12.0
9575.0,2025-12-07T15:35:00+00:00,LOCO_01,RAKE_COUPLING_COMPLETED,collection2,,,,SCREW,7,12.0
9575.0,2025-12-07T15:35:00+00:00,LOCO_01,LOCO_COUPLING_STARTED,collection2,,,,SCREW,7,2.0
9577.0,2025-12-07T15:37:00+00:00,LOCO_01,LOCO_COUPLING_COMPLETED,collection2,,,,SCREW,7,2.0
9577.0,2025-12-07T15:37:00+00:00,LOCO_01,SHUNTING_PREP,collection2,,,,,7,1.0
9578.0,2025-12-07T15:38:00+00:00,LOCO_01,MOVING,retrofit,collection2,retrofit,,,0,60.0
9638.0,2025-12-07T16:38:00+00:00,LOCO_01,LOCO_DECOUPLING_STARTED,retrofit,,,,SCREW,7,3.0
9641.0,2025-12-07T16:41:00+00:00,LOCO_01,LOCO_DECOUPLING_COMPLETED,retrofit,,,,SCREW,7,3.0
9641.0,2025-12-07T16:41:00+00:00,LOCO_01,RAKE_DECOUPLING_STARTED,retrofit,,,,SCREW,7,18.0
9659.0,2025-12-07T16:59:00+00:00,LOCO_01,RAKE_DECOUPLING_COMPLETED,retrofit,,,,SCREW,7,18.0
9677.0,2025-12-07T17:17:00+00:00,LOCO_01,MOVING,track_19,retrofit,track_19,,,0,5.0
9682.0,2025-12-07T17:22:00+00:00,LOCO_01,PARKING,,,,,,0,0.0
9682.0,2025-12-07T17:22:00+00:00,LOCO_01,MOVING,WS_02,track_19,WS_02,,,0,5.0
9687.0,2025-12-07T17:27:00+00:00,LOCO_01,RAKE_COUPLING_STARTED,WS_02,,,,DAC,2,0.5
9687.5,2025-12-07T17:27:30+00:00,LOCO_01,RAKE_COUPLING_COMPLETED,WS_02,,,,DAC,2,0.5
9687.5,2025-12-07T17:27:30+00:00,LOCO_01,LOCO_COUPLING_STARTED,WS_02,,,,DAC,2,0.5
9688.0,2025-12-07T17:28:00+00:00,LOCO_01,LOCO_COUPLING_COMPLETED,WS_02,,,,DAC,2,0.5
9688.0,2025-12-07T17:28:00+00:00,LOCO_01,SHUNTING_PREP,WS_02,,,,,2,1.0
9689.0,2025-12-07T17:29:00+00:00,LOCO_01,MOVING,retrofitted,WS_02,retrofitted,,,0,5.0
9694.0,2025-12-07T17:34:00+00:00,LOCO_01,MOVING,track_19,retrofitted,track_19,,,0,5.0
9699.0,2025-12-07T17:39:00+00:00,LOCO_01,ALLOCATED,,,,batch_transport,,0,0.0
9699.0,2025-12-07T17:39:00+00:00,LOCO_01,MOVING,retrofitted,track_19,retrofitted,,,0,5.0
9704.0,2025-12-07T17:44:00+00:00,LOCO_01,RAKE_COUPLING_STARTED,retrofitted,,,,DAC,2,0.5
9704.5,2025-12-07T17:44:30+00:00,LOCO_01,RAKE_COUPLING_COMPLETED,retrofitted,,,,DAC,2,0.5
9704.5,2025-12-07T17:44:30+00:00,LOCO_01,LOCO_COUPLING_STARTED,retrofitted,,,,DAC,2,0.5
9705.0,2025-12-07T17:45:00+00:00,LOCO_01,LOCO_COUPLING_COMPLETED,retrofitted,,,,DAC,2,0.5
9705.0,2025-12-07T17:45:00+00:00,LOCO_01,SHUNTING_PREP,retrofitted,,,,,2,1.0
9706.0,2025-12-07T17:46:00+00:00,LOCO_01,MOVING,parking14,retrofitted,parking14,,,0,75.0
9781.0,2025-12-07T19:01:00+00:00,LOCO_01,LOCO_DECOUPLING_STARTED,parking14,,,,DAC,2,0.5
9781.5,2025-12-07T19:01:30+00:00,LOCO_01,LOCO_DECOUPLING_COMPLETED,parking14,,,,DAC,2,0.5
9781.5,2025-12-07T19:01:30+00:00,LOCO_01,RAKE_DECOUPLING_STARTED,parking14,,,,DAC,2,0.5
9782.0,2025-12-07T19:02:00+00:00,LOCO_01,RAKE_DECOUPLING_COMPLETED,parking14,,,,DAC,2,0.5
9782.5,2025-12-07T19:02:30+00:00,LOCO_01,MOVING,track_19,parking14,track_19,,,0,60.0
9842.5,2025-12-07T20:02:30+00:00,LOCO_01,MOVING,WS_02,track_19,WS_02,,,0,5.0
9847.5,2025-12-07T20:07:30+00:00,LOCO_01,RAKE_COUPLING_STARTED,WS_02,,,,DAC,2,0.5
9848.0,2025-12-07T20:08:00+00:00,LOCO_01,RAKE_COUPLING_COMPLETED,WS_02,,,,DAC,2,0.5
9848.0,2025-12-07T20:08:00+00:00,LOCO_01,LOCO_COUPLING_STARTED,WS_02,,,,DAC,2,0.5
9848.5,2025-12-07T20:08:30+00:00,LOCO_01,LOCO_COUPLING_COMPLETED,WS_02,,,,DAC,2,0.5
9848.5,2025-12-07T20:08:30+00:00,LOCO_01,SHUNTING_PREP,WS_02,,,,,2,1.0
9849.5,2025-12-07T20:09:30+00:00,LOCO_01,MOVING,retrofitted,WS_02,retrofitted,,,0,5.0
9854.5,2025-12-07T20:14:30+00:00,LOCO_01,MOVING,track_19,retrofitted,track_19,,,0,5.0
9859.5,2025-12-07T20:19:30+00:00,LOCO_01,MOVING,WS_01,track_19,WS_01,,,0,5.0
9864.5,2025-12-07T20:24:30+00:00,LOCO_01,RAKE_COUPLING_STARTED,WS_01,,,,DAC,2,0.5
9865.0,2025-12-07T20:25:00+00:00,LOCO_01,RAKE_COUPLING_COMPLETED,WS_01,,,,DAC,2,0.5
9865.0,2025-12-07T20:25:00+00:00,LOCO_01,LOCO_COUPLING_STARTED,WS_01,,,,DAC,2,0.5
9865.5,2025-12-07T20:25:30+00:00,LOCO_01,LOCO_COUPLING_COMPLETED,WS_01,,,,DAC,2,0.5
9865.5,2025-12-07T20:25:30+00:00,LOCO_01,SHUNTING_PREP,WS_01,,,,,2,1.0
9866.5,2025-12-07T20:26:30+00:00,LOCO_01,MOVING,retrofitted,WS_01,retrofitted,,,0,5.0
9871.5,2025-12-07T20:31:30+00:00,LOCO_01,MOVING,track_19,retrofitted,track_19,,,0,7.0
9878.5,2025-12-07T20:38:30+00:00,LOCO_01,MOVING,retrofit,track_19,retrofit,,,0,5.0
9883.5,2025-12-07T20:43:30+00:00,LOCO_01,COUPLING_STARTED,retrofit,,,,SCREW,0,2.0
9885.5,2025-12-07T20:45:30+00:00,LOCO_01,COUPLING_COMPLETED,retrofit,,,,SCREW,0,2.0
9885.5,2025-12-07T20:45:30+00:00,LOCO_01,SHUNTING_PREP,retrofit,,,,,0,1.0
9886.5,2025-12-07T20:46:30+00:00,LOCO_01,MOVING,WS_02,retrofit,WS_02,,,0,5.0
9891.5,2025-12-07T20:51:30+00:00,LOCO_01,DECOUPLING_STARTED,WS_02,,,,SCREW,0,3.0
9894.5,2025-12-07T20:54:30+00:00,LOCO_01,DECOUPLING_COMPLETED,WS_02,,,,SCREW,0,3.0
9897.5,2025-12-07T20:57:30+00:00,LOCO_01,MOVING,track_19,WS_02,track_19,,,0,5.0
9902.5,2025-12-07T21:02:30+00:00,LOCO_01,ALLOCATED,,,,batch_transport,,0,0.0
9902.5,2025-12-07T21:02:30+00:00,LOCO_01,MOVING,retrofitted,track_19,retrofitted,,,0,5.0
9907.5,2025-12-07T21:07:30+00:00,LOCO_01,RAKE_COUPLING_STARTED,retrofitted,,,,DAC,2,0.5
9908.0,2025-12-07T21:08:00+00:00,LOCO_01,RAKE_COUPLING_COMPLETED,retrofitted,,,,DAC,2,0.5
9908.0,2025-12-07T21:08:00+00:00,LOCO_01,LOCO_COUPLING_STARTED,retrofitted,,,,DAC,2,0.5
9908.5,2025-12-07T21:08:30+00:00,LOCO_01,LOCO_COUPLING_COMPLETED,retrofitted,,,,DAC,2,0.5
9908.5,2025-12-07T21:08:30+00:00,LOCO_01,SHUNTING_PREP,retrofitted,,,,,2,1.0
9909.5,2025-12-07T21:09:30+00:00,LOCO_01,MOVING,parking13,retrofitted,parking13,,,0,75.0
9984.5,2025-12-07T22:24:30+00:00,LOCO_01,LOCO_DECOUPLING_STARTED,parking13,,,,DAC,2,0.5
9985.0,2025-12-07T22:25:00+00:00,LOCO_01,LOCO_DECOUPLING_COMPLETED,parking13,,,,DAC,2,0.5
9985.0,2025-12-07T22:25:00+00:00,LOCO_01,RAKE_DECOUPLING_STARTED,parking13,,,,DAC,2,0.5
9985.5,2025-12-07T22:25:30+00:00,LOCO_01,RAKE_DECOUPLING_COMPLETED,parking13,,,,DAC,2,0.5
9986.0,2025-12-07T22:26:00+00:00,LOCO_01,MOVING,track_19,parking13,track_19,,,0,60.0
10046.0,2025-12-07T23:26:00+00:00,LOCO_01,MOVING,WS_02,track_19,WS_02,,,0,5.0
10051.0,2025-12-07T23:31:00+00:00,LOCO_01,RAKE_COUPLING_STARTED,WS_02,,,,DAC,2,0.5
10051.5,2025-12-07T23:31:30+00:00,LOCO_01,RAKE_COUPLING_COMPLETED,WS_02,,,,DAC,2,0.5
10051.5,2025-12-07T23:31:30+00:00,LOCO_01,LOCO_COUPLING_STARTED,WS_02,,,,DAC,2,0.5
10052.0,2025-12-07T23:32:00+00:00,LOCO_01,LOCO_COUPLING_COMPLETED,WS_02,,,,DAC,2,0.5
10052.0,2025-12-07T23:32:00+00:00,LOCO_01,SHUNTING_PREP,WS_02,,,,,2,1.0
10053.0,2025-12-07T23:33:00+00:00,LOCO_01,MOVING,retrofitted,WS_02,retrofitted,,,0,5.0
10058.0,2025-12-07T23:38:00+00:00,LOCO_01,MOVING,track_19,retrofitted,track_19,,,0,5.0
10063.0,2025-12-07T23:43:00+00:00,LOCO_01,MOVING,WS_01,track_19,WS_01,,,0,5.0
10068.0,2025-12-07T23:48:00+00:00,LOCO_01,RAKE_COUPLING_STARTED,WS_01,,,,DAC,2,0.5
10068.5,2025-12-07T23:48:30+00:00,LOCO_01,RAKE_COUPLING_COMPLETED,WS_01,,,,DAC,2,0.5
10068.5,2025-12-07T23:48:30+00:00,LOCO_01,LOCO_COUPLING_STARTED,WS_01,,,,DAC,2,0.5
10069.0,2025-12-07T23:49:00+00:00,LOCO_01,LOCO_COUPLING_COMPLETED,WS_01,,,,DAC,2,0.5
10069.0,2025-12-07T23:49:00+00:00,LOCO_01,SHUNTING_PREP,WS_01,,,,,2,1.0
10070.0,2025-12-07T23:50:00+00:00,LOCO_01,MOVING,retrofitted,WS_01,retrofitted,,,0,5.0
10075.0,2025-12-07T23:55:00+00:00,LOCO_01,MOVING,track_19,retrofitted,track_19,,,0,5.0
10080.0,2025-12-08T00:00:00+00:00,LOCO_01,ALLOCATED,,,,batch_transport,,0,0.0
10080.0,2025-12-08T00:00:00+00:00,LOCO_01,MOVING,retrofitted,track_19,retrofitted,,,0,5.0
10085.0,2025-12-08T00:05:00+00:00,LOCO_01,RAKE_COUPLING_STARTED,retrofitted,,,,DAC,4,1.5
10086.5,2025-12-08T00:06:30+00:00,LOCO_01,RAKE_COUPLING_COMPLETED,retrofitted,,,,DAC,4,1.5
10086.5,2025-12-08T00:06:30+00:00,LOCO_01,LOCO_COUPLING_STARTED,retrofitted,,,,DAC,4,0.5
10087.0,2025-12-08T00:07:00+00:00,LOCO_01,LOCO_COUPLING_COMPLETED,retrofitted,,,,DAC,4,0.5
10087.0,2025-12-08T00:07:00+00:00,LOCO_01,SHUNTING_PREP,retrofitted,,,,,4,1.0
10088.0,2025-12-08T00:08:00+00:00,LOCO_01,MOVING,parking15,retrofitted,parking15,,,0,75.0
10163.0,2025-12-08T01:23:00+00:00,LOCO_01,LOCO_DECOUPLING_STARTED,parking15,,,,DAC,4,0.5
10163.5,2025-12-08T01:23:30+00:00,LOCO_01,LOCO_DECOUPLING_COMPLETED,parking15,,,,DAC,4,0.5
10163.5,2025-12-08T01:23:30+00:00,LOCO_01,RAKE_DECOUPLING_STARTED,parking15,,,,DAC,4,1.5
10165.0,2025-12-08T01:25:00+00:00,LOCO_01,RAKE_DECOUPLING_COMPLETED,parking15,,,,DAC,4,1.5
10166.5,2025-12-08T01:26:30+00:00,LOCO_01,MOVING,track_19,parking15,track_19,,,0,60.0
10226.5,2025-12-08T02:26:30+00:00,LOCO_01,MOVING,WS_02,track_19,WS_02,,,0,5.0
10231.5,2025-12-08T02:31:30+00:00,LOCO_01,RAKE_COUPLING_STARTED,WS_02,,,,DAC,2,0.5
10232.0,2025-12-08T02:32:00+00:00,LOCO_01,RAKE_COUPLING_COMPLETED,WS_02,,,,DAC,2,0.5
10232.0,2025-12-08T02:32:00+00:00,LOCO_01,LOCO_COUPLING_STARTED,WS_02,,,,DAC,2,0.5
10232.5,2025-12-08T02:32:30+00:00,LOCO_01,LOCO_COUPLING_COMPLETED,WS_02,,,,DAC,2,0.5
10232.5,2025-12-08T02:32:30+00:00,LOCO_01,SHUNTING_PREP,WS_02,,,,,2,1.0
10233.5,2025-12-08T02:33:30+00:00,LOCO_01,MOVING,retrofitted,WS_02,retrofitted,,,0,5.0
10238.5,2025-12-08T02:38:30+00:00,LOCO_01,MOVING,track_19,retrofitted,track_19,,,0,5.0
10243.5,2025-12-08T02:43:30+00:00,LOCO_01,MOVING,WS_01,track_19,WS_01,,,0,5.0
10248.5,2025-12-08T02:48:30+00:00,LOCO_01,RAKE_COUPLING_STARTED,WS_01,,,,DAC,2,0.5
10249.0,2025-12-08T02:49:00+00:00,LOCO_01,RAKE_COUPLING_COMPLETED,WS_01,,,,DAC,2,0.5
10249.0,2025-12-08T02:49:00+00:00,LOCO_01,LOCO_COUPLING_STARTED,WS_01,,,,DAC,2,0.5
10249.5,2025-12-08T02:49:30+00:00,LOCO_01,LOCO_COUPLING_COMPLETED,WS_01,,,,DAC,2,0.5
10249.5,2025-12-08T02:49:30+00:00,LOCO_01,SHUNTING_PREP,WS_01,,,,,2,1.0
10250.5,2025-12-08T02:50:30+00:00,LOCO_01,MOVING,retrofitted,WS_01,retrofitted,,,0,5.0
10255.5,2025-12-08T02:55:30+00:00,LOCO_01,MOVING,track_19,retrofitted,track_19,,,0,7.0
10262.5,2025-12-08T03:02:30+00:00,LOCO_01,MOVING,retrofit,track_19,retrofit,,,0,5.0
10267.5,2025-12-08T03:07:30+00:00,LOCO_01,COUPLING_STARTED,retrofit,,,,SCREW,0,2.0
10269.5,2025-12-08T03:09:30+00:00,LOCO_01,COUPLING_COMPLETED,retrofit,,,,SCREW,0,2.0
10269.5,2025-12-08T03:09:30+00:00,LOCO_01,SHUNTING_PREP,retrofit,,,,,0,1.0
10270.5,2025-12-08T03:10:30+00:00,LOCO_01,MOVING,WS_02,retrofit,WS_02,,,0,5.0
10275.5,2025-12-08T03:15:30+00:00,LOCO_01,DECOUPLING_STARTED,WS_02,,,,SCREW,0,3.0
10278.5,2025-12-08T03:18:30+00:00,LOCO_01,DECOUPLING_COMPLETED,WS_02,,,,SCREW,0,3.0
10281.5,2025-12-08T03:21:30+00:00,LOCO_01,MOVING,track_19,WS_02,track_19,,,0,7.0
10288.5,2025-12-08T03:28:30+00:00,LOCO_01,MOVING,retrofit,track_19,retrofit,,,0,5.0
10293.5,2025-12-08T03:33:30+00:00,LOCO_01,COUPLING_STARTED,retrofit,,,,SCREW,0,2.0
10295.5,2025-12-08T03:35:30+00:00,LOCO_01,COUPLING_COMPLETED,retrofit,,,,SCREW,0,2.0
10295.5,2025-12-08T03:35:30+00:00,LOCO_01,SHUNTING_PREP,retrofit,,,,,0,1.0
10296.5,2025-12-08T03:36:30+00:00,LOCO_01,MOVING,WS_01,retrofit,WS_01,,,0,5.0
10301.5,2025-12-08T03:41:30+00:00,LOCO_01,DECOUPLING_STARTED,WS_01,,,,SCREW,0,3.0
10304.5,2025-12-08T03:44:30+00:00,LOCO_01,DECOUPLING_COMPLETED,WS_01,,,,SCREW,0,3.0
10307.5,2025-12-08T03:47:30+00:00,LOCO_01,MOVING,track_19,WS_01,track_19,,,0,5.0
10312.5,2025-12-08T03:52:30+00:00,LOCO_01,ALLOCATED,,,,batch_transport,,0,0.0
10312.5,2025-12-08T03:52:30+00:00,LOCO_01,MOVING,retrofitted,track_19,retrofitted,,,0,5.0
10317.5,2025-12-08T03:57:30+00:00,LOCO_01,RAKE_COUPLING_STARTED,retrofitted,,,,DAC,4,1.5
10319.0,2025-12-08T03:59:00+00:00,LOCO_01,RAKE_COUPLING_COMPLETED,retrofitted,,,,DAC,4,1.5
10319.0,2025-12-08T03:59:00+00:00,LOCO_01,LOCO_COUPLING_STARTED,retrofitted,,,,DAC,4,0.5
10319.5,2025-12-08T03:59:30+00:00,LOCO_01,LOCO_COUPLING_COMPLETED,retrofitted,,,,DAC,4,0.5
10319.5,2025-12-08T03:59:30+00:00,LOCO_01,SHUNTING_PREP,retrofitted,,,,,4,1.0
10320.5,2025-12-08T04:00:30+00:00,LOCO_01,MOVING,parking9,retrofitted,parking9,,,0,5.0
10325.5,2025-12-08T04:05:30+00:00,LOCO_01,LOCO_DECOUPLING_STARTED,parking9,,,,DAC,4,0.5
10326.0,2025-12-08T04:06:00+00:00,LOCO_01,LOCO_DECOUPLING_COMPLETED,parking9,,,,DAC,4,0.5
10326.0,2025-12-08T04:06:00+00:00,LOCO_01,RAKE_DECOUPLING_STARTED,parking9,,,,DAC,4,1.5
10327.5,2025-12-08T04:07:30+00:00,LOCO_01,RAKE_DECOUPLING_COMPLETED,parking9,,,,DAC,4,1.5
10329.0,2025-12-08T04:09:00+00:00,LOCO_01,MOVING,track_19,parking9,track_19,,,0,5.0
10334.0,2025-12-08T04:14:00+00:00,LOCO_01,MOVING,collection1,track_19,collection1,,,0,60.0
10394.0,2025-12-08T05:14:00+00:00,LOCO_01,ALLOCATED,,,,batch_transport,,0,0.0
10394.0,2025-12-08T05:14:00+00:00,LOCO_01,RAKE_COUPLING_STARTED,collection1,,,,SCREW,6,10.0
10404.0,2025-12-08T05:24:00+00:00,LOCO_01,RAKE_COUPLING_COMPLETED,collection1,,,,SCREW,6,10.0
10404.0,2025-12-08T05:24:00+00:00,LOCO_01,LOCO_COUPLING_STARTED,collection1,,,,SCREW,6,2.0
10406.0,2025-12-08T05:26:00+00:00,LOCO_01,LOCO_COUPLING_COMPLETED,collection1,,,,SCREW,6,2.0
10406.0,2025-12-08T05:26:00+00:00,LOCO_01,SHUNTING_PREP,collection1,,,,,6,1.0
10407.0,2025-12-08T05:27:00+00:00,LOCO_01,MOVING,retrofit,collection1,retrofit,,,0,60.0
10467.0,2025-12-08T06:27:00+00:00,LOCO_01,LOCO_DECOUPLING_STARTED,retrofit,,,,SCREW,6,3.0
10470.0,2025-12-08T06:30:00+00:00,LOCO_01,LOCO_DECOUPLING_COMPLETED,retrofit,,,,SCREW,6,3.0
10470.0,2025-12-08T06:30:00+00:00,LOCO_01,RAKE_DECOUPLING_STARTED,retrofit,,,,SCREW,6,15.0
10485.0,2025-12-08T06:45:00+00:00,LOCO_01,RAKE_DECOUPLING_COMPLETED,retrofit,,,,SCREW,6,15.0
10500.0,2025-12-08T07:00:00+00:00,LOCO_01,MOVING,track_19,retrofit,track_19,,,0,5.0
10505.0,2025-12-08T07:05:00+00:00,LOCO_01,PARKING,,,,,,0,2.0
10507.0,2025-12-08T07:07:00+00:00,LOCO_01,MOVING,retrofit,track_19,retrofit,,,0,5.0
10512.0,2025-12-08T07:12:00+00:00,LOCO_01,COUPLING_STARTED,retrofit,,,,SCREW,0,2.0
10514.0,2025-12-08T07:14:00+00:00,LOCO_01,COUPLING_COMPLETED,retrofit,,,,SCREW,0,2.0
10514.0,2025-12-08T07:14:00+00:00,LOCO_01,SHUNTING_PREP,retrofit,,,,,0,1.0
10515.0,2025-12-08T07:15:00+00:00,LOCO_01,MOVING,WS_01,retrofit,WS_01,,,0,5.0
10520.0,2025-12-08T07:20:00+00:00,LOCO_01,DECOUPLING_STARTED,WS_01,,,,SCREW,0,3.0
10523.0,2025-12-08T07:23:00+00:00,LOCO_01,DECOUPLING_COMPLETED,WS_01,,,,SCREW,0,3.0
10526.0,2025-12-08T07:26:00+00:00,LOCO_01,MOVING,track_19,WS_01,track_19,,,0,5.0
10531.0,2025-12-08T07:31:00+00:00,LOCO_01,MOVING,collection2,track_19,collection2,,,0,60.0
10591.0,2025-12-08T08:31:00+00:00,LOCO_01,ALLOCATED,,,,batch_transport,,0,0.0
10591.0,2025-12-08T08:31:00+00:00,LOCO_01,LOCO_COUPLING_STARTED,collection2,,,,SCREW,1,2.0
10593.0,2025-12-08T08:33:00+00:00,LOCO_01,LOCO_COUPLING_COMPLETED,collection2,,,,SCREW,1,2.0
10593.0,2025-12-08T08:33:00+00:00,LOCO_01,SHUNTING_PREP,collection2,,,,,1,1.0
10594.0,2025-12-08T08:34:00+00:00,LOCO_01,MOVING,retrofit,collection2,retrofit,,,0,60.0
10654.0,2025-12-08T09:34:00+00:00,LOCO_01,LOCO_DECOUPLING_STARTED,retrofit,,,,SCREW,1,3.0
10657.0,2025-12-08T09:37:00+00:00,LOCO_01,MOVING,track_19,retrofit,track_19,,,0,0.0
10657.0,2025-12-08T09:37:00+00:00,LOCO_01,LOCO_DECOUPLING_COMPLETED,retrofit,,,,SCREW,1,3.0
10662.0,2025-12-08T09:42:00+00:00,LOCO_01,PARKING,,,,,,0,0.0
10662.0,2025-12-08T09:42:00+00:00,LOCO_01,MOVING,WS_01,track_19,WS_01,,,0,5.0
10667.0,2025-12-08T09:47:00+00:00,LOCO_01,RAKE_COUPLING_STARTED,WS_01,,,,DAC,2,0.5
10667.5,2025-12-08T09:47:30+00:00,LOCO_01,RAKE_COUPLING_COMPLETED,WS_01,,,,DAC,2,0.5
10667.5,2025-12-08T09:47:30+00:00,LOCO_01,LOCO_COUPLING_STARTED,WS_01,,,,DAC,2,0.5
10668.0,2025-12-08T09:48:00+00:00,LOCO_01,LOCO_COUPLING_COMPLETED,WS_01,,,,DAC,2,0.5
10668.0,2025-12-08T09:48:00+00:00,LOCO_01,SHUNTING_PREP,WS_01,,,,,2,1.0
10669.0,2025-12-08T09:49:00+00:00,LOCO_01,MOVING,retrofitted,WS_01,retrofitted,,,0,5.0
10674.0,2025-12-08T09:54:00+00:00,LOCO_01,MOVING,track_19,retrofitted,track_19,,,0,7.0
10681.0,2025-12-08T10:01:00+00:00,LOCO_01,MOVING,retrofit,track_19,retrofit,,,0,5.0
10686.0,2025-12-08T10:06:00+00:00,LOCO_01,COUPLING_STARTED,retrofit,,,,SCREW,0,2.0
10688.0,2025-12-08T10:08:00+00:00,LOCO_01,COUPLING_COMPLETED,retrofit,,,,SCREW,0,2.0
10688.0,2025-12-08T10:08:00+00:00,LOCO_01,SHUNTING_PREP,retrofit,,,,,0,1.0
10689.0,2025-12-08T10:09:00+00:00,LOCO_01,MOVING,WS_02,retrofit,WS_02,,,0,5.0
10694.0,2025-12-08T10:14:00+00:00,LOCO_01,DECOUPLING_STARTED,WS_02,,,,SCREW,0,3.0
10697.0,2025-12-08T10:17:00+00:00,LOCO_01,DECOUPLING_COMPLETED,WS_02,,,,SCREW,0,3.0
10700.0,2025-12-08T10:20:00+00:00,LOCO_01,MOVING,track_19,WS_02,track_19,,,0,7.0
10707.0,2025-12-08T10:27:00+00:00,LOCO_01,MOVING,retrofit,track_19,retrofit,,,0,5.0
10712.0,2025-12-08T10:32:00+00:00,LOCO_01,COUPLING_STARTED,retrofit,,,,SCREW,0,2.0
10714.0,2025-12-08T10:34:00+00:00,LOCO_01,COUPLING_COMPLETED,retrofit,,,,SCREW,0,2.0
10714.0,2025-12-08T10:34:00+00:00,LOCO_01,SHUNTING_PREP,retrofit,,,,,0,1.0
10715.0,2025-12-08T10:35:00+00:00,LOCO_01,MOVING,WS_01,retrofit,WS_01,,,0,5.0
10720.0,2025-12-08T10:40:00+00:00,LOCO_01,DECOUPLING_STARTED,WS_01,,,,SCREW,0,3.0
10723.0,2025-12-08T10:43:00+00:00,LOCO_01,DECOUPLING_COMPLETED,WS_01,,,,SCREW,0,3.0
10726.0,2025-12-08T10:46:00+00:00,LOCO_01,MOVING,track_19,WS_01,track_19,,,0,5.0
10731.0,2025-12-08T10:51:00+00:00,LOCO_01,MOVING,collection1,track_19,collection1,,,0,60.0
10791.0,2025-12-08T11:51:00+00:00,LOCO_01,ALLOCATED,,,,batch_transport,,0,0.0
10791.0,2025-12-08T11:51:00+00:00,LOCO_01,RAKE_COUPLING_STARTED,collection1,,,,SCREW,3,4.0
10795.0,2025-12-08T11:55:00+00:00,LOCO_01,RAKE_COUPLING_COMPLETED,collection1,,,,SCREW,3,4.0
10795.0,2025-12-08T11:55:00+00:00,LOCO_01,LOCO_COUPLING_STARTED,collection1,,,,SCREW,3,2.0
10797.0,2025-12-08T11:57:00+00:00,LOCO_01,LOCO_COUPLING_COMPLETED,collection1,,,,SCREW,3,2.0
10797.0,2025-12-08T11:57:00+00:00,LOCO_01,SHUNTING_PREP,collection1,,,,,3,1.0
10798.0,2025-12-08T11:58:00+00:00,LOCO_01,MOVING,retrofit,collection1,retrofit,,,0,60.0
10858.0,2025-12-08T12:58:00+00:00,LOCO_01,LOCO_DECOUPLING_STARTED,retrofit,,,,SCREW,3,3.0
10861.0,2025-12-08T13:01:00+00:00,LOCO_01,LOCO_DECOUPLING_COMPLETED,retrofit,,,,SCREW,3,3.0
10861.0,2025-12-08T13:01:00+00:00,LOCO_01,RAKE_DECOUPLING_STARTED,retrofit,,,,SCREW,3,6.0
10867.0,2025-12-08T13:07:00+00:00,LOCO_01,RAKE_DECOUPLING_COMPLETED,retrofit,,,,SCREW,3,6.0
10873.0,2025-12-08T13:13:00+00:00,LOCO_01,MOVING,track_19,retrofit,track_19,,,0,5.0
10878.0,2025-12-08T13:18:00+00:00,LOCO_01,PARKING,,,,,,0,0.0
10878.0,2025-12-08T13:18:00+00:00,LOCO_01,ALLOCATED,,,,batch_transport,,0,0.0
10878.0,2025-12-08T13:18:00+00:00,LOCO_01,MOVING,retrofitted,track_19,retrofitted,,,0,5.0
10883.0,2025-12-08T13:23:00+00:00,LOCO_01,RAKE_COUPLING_STARTED,retrofitted,,,,DAC,4,1.5
10884.5,2025-12-08T13:24:30+00:00,LOCO_01,RAKE_COUPLING_COMPLETED,retrofitted,,,,DAC,4,1.5
10884.5,2025-12-08T13:24:30+00:00,LOCO_01,LOCO_COUPLING_STARTED,retrofitted,,,,DAC,4,0.5
10885.0,2025-12-08T13:25:00+00:00,LOCO_01,LOCO_COUPLING_COMPLETED,retrofitted,,,,DAC,4,0.5
10885.0,2025-12-08T13:25:00+00:00,LOCO_01,SHUNTING_PREP,retrofitted,,,,,4,1.0
10886.0,2025-12-08T13:26:00+00:00,LOCO_01,MOVING,parking14,retrofitted,parking14,,,0,75.0
10961.0,2025-12-08T14:41:00+00:00,LOCO_01,LOCO_DECOUPLING_STARTED,parking14,,,,DAC,4,0.5
10961.5,2025-12-08T14:41:30+00:00,LOCO_01,LOCO_DECOUPLING_COMPLETED,parking14,,,,DAC,4,0.5
10961.5,2025-12-08T14:41:30+00:00,LOCO_01,RAKE_DECOUPLING_STARTED,parking14,,,,DAC,4,1.5
10963.0,2025-12-08T14:43:00+00:00,LOCO_01,RAKE_DECOUPLING_COMPLETED,parking14,,,,DAC,4,1.5
10964.5,2025-12-08T14:44:30+00:00,LOCO_01,MOVING,track_19,parking14,track_19,,,0,60.0
11024.5,2025-12-08T15:44:30+00:00,LOCO_01,MOVING,WS_01,track_19,WS_01,,,0,5.0
11029.5,2025-12-08T15:49:30+00:00,LOCO_01,RAKE_COUPLING_STARTED,WS_01,,,,DAC,2,0.5
11030.0,2025-12-08T15:50:00+00:00,LOCO_01,RAKE_COUPLING_COMPLETED,WS_01,,,,DAC,2,0.5
11030.0,2025-12-08T15:50:00+00:00,LOCO_01,LOCO_COUPLING_STARTED,WS_01,,,,DAC,2,0.5
11030.5,2025-12-08T15:50:30+00:00,LOCO_01,LOCO_COUPLING_COMPLETED,WS_01,,,,DAC,2,0.5
11030.5,2025-12-08T15:50:30+00:00,LOCO_01,SHUNTING_PREP,WS_01,,,,,2,1.0
11031.5,2025-12-08T15:51:30+00:00,LOCO_01,MOVING,retrofitted,WS_01,retrofitted,,,0,5.0
11036.5,2025-12-08T15:56:30+00:00,LOCO_01,MOVING,track_19,retrofitted,track_19,,,0,7.0
11043.5,2025-12-08T16:03:30+00:00,LOCO_01,MOVING,retrofit,track_19,retrofit,,,0,5.0
11048.5,2025-12-08T16:08:30+00:00,LOCO_01,COUPLING_STARTED,retrofit,,,,SCREW,0,2.0
11050.5,2025-12-08T16:10:30+00:00,LOCO_01,COUPLING_COMPLETED,retrofit,,,,SCREW,0,2.0
11050.5,2025-12-08T16:10:30+00:00,LOCO_01,SHUNTING_PREP,retrofit,,,,,0,1.0
11051.5,2025-12-08T16:11:30+00:00,LOCO_01,MOVING,WS_02,retrofit,WS_02,,,0,5.0
11056.5,2025-12-08T16:16:30+00:00,LOCO_01,DECOUPLING_STARTED,WS_02,,,,SCREW,0,3.0
11059.5,2025-12-08T16:19:30+00:00,LOCO_01,DECOUPLING_COMPLETED,WS_02,,,,SCREW,0,3.0
11062.5,2025-12-08T16:22:30+00:00,LOCO_01,MOVING,track_19,WS_02,track_19,,,0,5.0
11067.5,2025-12-08T16:27:30+00:00,LOCO_01,MOVING,collection1,track_19,collection1,,,0,60.0
11127.5,2025-12-08T17:27:30+00:00,LOCO_01,ALLOCATED,,,,batch_transport,,0,0.0
11127.5,2025-12-08T17:27:30+00:00,LOCO_01,RAKE_COUPLING_STARTED,collection1,,,,SCREW,7,12.0
11139.5,2025-12-08T17:39:30+00:00,LOCO_01,RAKE_COUPLING_COMPLETED,collection1,,,,SCREW,7,12.0
11139.5,2025-12-08T17:39:30+00:00,LOCO_01,LOCO_COUPLING_STARTED,collection1,,,,SCREW,7,2.0
11141.5,2025-12-08T17:41:30+00:00,LOCO_01,LOCO_COUPLING_COMPLETED,collection1,,,,SCREW,7,2.0
11141.5,2025-12-08T17:41:30+00:00,LOCO_01,SHUNTING_PREP,collection1,,,,,7,1.0
11142.5,2025-12-08T17:42:30+00:00,LOCO_01,MOVING,retrofit,collection1,retrofit,,,0,60.0
11202.5,2025-12-08T18:42:30+00:00,LOCO_01,LOCO_DECOUPLING_STARTED,retrofit,,,,SCREW,7,3.0
11205.5,2025-12-08T18:45:30+00:00,LOCO_01,LOCO_DECOUPLING_COMPLETED,retrofit,,,,SCREW,7,3.0
11205.5,2025-12-08T18:45:30+00:00,LOCO_01,RAKE_DECOUPLING_STARTED,retrofit,,,,SCREW,7,18.0
11223.5,2025-12-08T19:03:30+00:00,LOCO_01,RAKE_DECOUPLING_COMPLETED,retrofit,,,,SCREW,7,18.0
11241.5,2025-12-08T19:21:30+00:00,LOCO_01,MOVING,track_19,retrofit,track_19,,,0,5.0
11246.5,2025-12-08T19:26:30+00:00,LOCO_01,PARKING,,,,,,0,2.0
11248.5,2025-12-08T19:28:30+00:00,LOCO_01,MOVING,retrofit,track_19,retrofit,,,0,5.0
11253.5,2025-12-08T19:33:30+00:00,LOCO_01,COUPLING_STARTED,retrofit,,,,SCREW,0,2.0
11255.5,2025-12-08T19:35:30+00:00,LOCO_01,COUPLING_COMPLETED,retrofit,,,,SCREW,0,2.0
11255.5,2025-12-08T19:35:30+00:00,LOCO_01,SHUNTING_PREP,retrofit,,,,,0,1.0
11256.5,2025-12-08T19:36:30+00:00,LOCO_01,MOVING,WS_01,retrofit,WS_01,,,0,5.0
11261.5,2025-12-08T19:41:30+00:00,LOCO_01,DECOUPLING_STARTED,WS_01,,,,SCREW,0,3.0
11264.5,2025-12-08T19:44:30+00:00,LOCO_01,DECOUPLING_COMPLETED,WS_01,,,,SCREW,0,3.0
11267.5,2025-12-08T19:47:30+00:00,LOCO_01,MOVING,track_19,WS_01,track_19,,,0,5.0
11272.5,2025-12-08T19:52:30+00:00,LOCO_01,MOVING,collection2,track_19,collection2,,,0,60.0
11332.5,2025-12-08T20:52:30+00:00,LOCO_01,ALLOCATED,,,,batch_transport,,0,0.0
11332.5,2025-12-08T20:52:30+00:00,LOCO_01,RAKE_COUPLING_STARTED,collection2,,,,SCREW,3,4.0
11336.5,2025-12-08T20:56:30+00:00,LOCO_01,RAKE_COUPLING_COMPLETED,collection2,,,,SCREW,3,4.0
11336.5,2025-12-08T20:56:30+00:00,LOCO_01,LOCO_COUPLING_STARTED,collection2,,,,SCREW,3,2.0
11338.5,2025-12-08T20:58:30+00:00,LOCO_01,LOCO_COUPLING_COMPLETED,collection2,,,,SCREW,3,2.0
11338.5,2025-12-08T20:58:30+00:00,LOCO_01,SHUNTING_PREP,collection2,,,,,3,1.0
11339.5,2025-12-08T20:59:30+00:00,LOCO_01,MOVING,retrofit,collection2,retrofit,,,0,60.0
11399.5,2025-12-08T21:59:30+00:00,LOCO_01,LOCO_DECOUPLING_STARTED,retrofit,,,,SCREW,3,3.0
11402.5,2025-12-08T22:02:30+00:00,LOCO_01,LOCO_DECOUPLING_COMPLETED,retrofit,,,,SCREW,3,3.0
11402.5,2025-12-08T22:02:30+00:00,LOCO_01,RAKE_DECOUPLING_STARTED,retrofit,,,,SCREW,3,6.0
11408.5,2025-12-08T22:08:30+00:00,LOCO_01,RAKE_DECOUPLING_COMPLETED,retrofit,,,,SCREW,3,6.0
11414.5,2025-12-08T22:14:30+00:00,LOCO_01,MOVING,track_19,retrofit,track_19,,,0,5.0
11419.5,2025-12-08T22:19:30+00:00,LOCO_01,PARKING,,,,,,0,0.0
11419.5,2025-12-08T22:19:30+00:00,LOCO_01,MOVING,WS_01,track_19,WS_01,,,0,5.0
11424.5,2025-12-08T22:24:30+00:00,LOCO_01,RAKE_COUPLING_STARTED,WS_01,,,,DAC,2,0.5
11425.0,2025-12-08T22:25:00+00:00,LOCO_01,RAKE_COUPLING_COMPLETED,WS_01,,,,DAC,2,0.5
11425.0,2025-12-08T22:25:00+00:00,LOCO_01,LOCO_COUPLING_STARTED,WS_01,,,,DAC,2,0.5
11425.5,2025-12-08T22:25:30+00:00,LOCO_01,LOCO_COUPLING_COMPLETED,WS_01,,,,DAC,2,0.5
11425.5,2025-12-08T22:25:30+00:00,LOCO_01,SHUNTING_PREP,WS_01,,,,,2,1.0
11426.5,2025-12-08T22:26:30+00:00,LOCO_01,MOVING,retrofitted,WS_01,retrofitted,,,0,5.0
11431.5,2025-12-08T22:31:30+00:00,LOCO_01,MOVING,track_19,retrofitted,track_19,,,0,7.0
11438.5,2025-12-08T22:38:30+00:00,LOCO_01,MOVING,retrofit,track_19,retrofit,,,0,5.0
11443.5,2025-12-08T22:43:30+00:00,LOCO_01,COUPLING_STARTED,retrofit,,,,SCREW,0,2.0
11445.5,2025-12-08T22:45:30+00:00,LOCO_01,COUPLING_COMPLETED,retrofit,,,,SCREW,0,2.0
11445.5,2025-12-08T22:45:30+00:00,LOCO_01,SHUNTING_PREP,retrofit,,,,,0,1.0
11446.5,2025-12-08T22:46:30+00:00,LOCO_01,MOVING,WS_02,retrofit,WS_02,,,0,5.0
11451.5,2025-12-08T22:51:30+00:00,LOCO_01,DECOUPLING_STARTED,WS_02,,,,SCREW,0,3.0
11454.5,2025-12-08T22:54:30+00:00,LOCO_01,DECOUPLING_COMPLETED,WS_02,,,,SCREW,0,3.0
11457.5,2025-12-08T22:57:30+00:00,LOCO_01,MOVING,track_19,WS_02,track_19,,,0,7.0
11464.5,2025-12-08T23:04:30+00:00,LOCO_01,MOVING,retrofit,track_19,retrofit,,,0,5.0
11469.5,2025-12-08T23:09:30+00:00,LOCO_01,COUPLING_STARTED,retrofit,,,,SCREW,0,2.0
11471.5,2025-12-08T23:11:30+00:00,LOCO_01,COUPLING_COMPLETED,retrofit,,,,SCREW,0,2.0
11471.5,2025-12-08T23:11:30+00:00,LOCO_01,SHUNTING_PREP,retrofit,,,,,0,1.0
11472.5,2025-12-08T23:12:30+00:00,LOCO_01,MOVING,WS_01,retrofit,WS_01,,,0,5.0
11477.5,2025-12-08T23:17:30+00:00,LOCO_01,DECOUPLING_STARTED,WS_01,,,,SCREW,0,3.0
11480.5,2025-12-08T23:20:30+00:00,LOCO_01,DECOUPLING_COMPLETED,WS_01,,,,SCREW,0,3.0
11483.5,2025-12-08T23:23:30+00:00,LOCO_01,MOVING,track_19,WS_01,track_19,,,0,5.0
11488.5,2025-12-08T23:28:30+00:00,LOCO_01,MOVING,collection1,track_19,collection1,,,0,60.0
11548.5,2025-12-09T00:28:30+00:00,LOCO_01,ALLOCATED,,,,batch_transport,,0,0.0
11548.5,2025-12-09T00:28:30+00:00,LOCO_01,RAKE_COUPLING_STARTED,collection1,,,,SCREW,3,4.0
11552.5,2025-12-09T00:32:30+00:00,LOCO_01,RAKE_COUPLING_COMPLETED,collection1,,,,SCREW,3,4.0
11552.5,2025-12-09T00:32:30+00:00,LOCO_01,LOCO_COUPLING_STARTED,collection1,,,,SCREW,3,2.0
11554.5,2025-12-09T00:34:30+00:00,LOCO_01,LOCO_COUPLING_COMPLETED,collection1,,,,SCREW,3,2.0
11554.5,2025-12-09T00:34:30+00:00,LOCO_01,SHUNTING_PREP,collection1,,,,,3,1.0
11555.5,2025-12-09T00:35:30+00:00,LOCO_01,MOVING,retrofit,collection1,retrofit,,,0,60.0
11615.5,2025-12-09T01:35:30+00:00,LOCO_01,LOCO_DECOUPLING_STARTED,retrofit,,,,SCREW,3,3.0
11618.5,2025-12-09T01:38:30+00:00,LOCO_01,LOCO_DECOUPLING_COMPLETED,retrofit,,,,SCREW,3,3.0
11618.5,2025-12-09T01:38:30+00:00,LOCO_01,RAKE_DECOUPLING_STARTED,retrofit,,,,SCREW,3,6.0
11624.5,2025-12-09T01:44:30+00:00,LOCO_01,RAKE_DECOUPLING_COMPLETED,retrofit,,,,SCREW,3,6.0
11630.5,2025-12-09T01:50:30+00:00,LOCO_01,MOVING,track_19,retrofit,track_19,,,0,5.0
11635.5,2025-12-09T01:55:30+00:00,LOCO_01,PARKING,,,,,,0,0.0
11635.5,2025-12-09T01:55:30+00:00,LOCO_01,MOVING,WS_01,track_19,WS_01,,,0,5.0
11640.5,2025-12-09T02:00:30+00:00,LOCO_01,RAKE_COUPLING_STARTED,WS_01,,,,DAC,2,0.5
11641.0,2025-12-09T02:01:00+00:00,LOCO_01,RAKE_COUPLING_COMPLETED,WS_01,,,,DAC,2,0.5
11641.0,2025-12-09T02:01:00+00:00,LOCO_01,LOCO_COUPLING_STARTED,WS_01,,,,DAC,2,0.5
11641.5,2025-12-09T02:01:30+00:00,LOCO_01,LOCO_COUPLING_COMPLETED,WS_01,,,,DAC,2,0.5
11641.5,2025-12-09T02:01:30+00:00,LOCO_01,SHUNTING_PREP,WS_01,,,,,2,1.0
11642.5,2025-12-09T02:02:30+00:00,LOCO_01,MOVING,retrofitted,WS_01,retrofitted,,,0,5.0
11647.5,2025-12-09T02:07:30+00:00,LOCO_01,MOVING,track_19,retrofitted,track_19,,,0,7.0
11654.5,2025-12-09T02:14:30+00:00,LOCO_01,MOVING,retrofit,track_19,retrofit,,,0,5.0
11659.5,2025-12-09T02:19:30+00:00,LOCO_01,COUPLING_STARTED,retrofit,,,,SCREW,0,2.0
11661.5,2025-12-09T02:21:30+00:00,LOCO_01,COUPLING_COMPLETED,retrofit,,,,SCREW,0,2.0
11661.5,2025-12-09T02:21:30+00:00,LOCO_01,SHUNTING_PREP,retrofit,,,,,0,1.0
11662.5,2025-12-09T02:22:30+00:00,LOCO_01,MOVING,WS_02,retrofit,WS_02,,,0,5.0
11667.5,2025-12-09T02:27:30+00:00,LOCO_01,DECOUPLING_STARTED,WS_02,,,,SCREW,0,3.0
11670.5,2025-12-09T02:30:30+00:00,LOCO_01,DECOUPLING_COMPLETED,WS_02,,,,SCREW,0,3.0
11673.5,2025-12-09T02:33:30+00:00,LOCO_01,MOVING,track_19,WS_02,track_19,,,0,7.0
11680.5,2025-12-09T02:40:30+00:00,LOCO_01,MOVING,retrofit,track_19,retrofit,,,0,5.0
11685.5,2025-12-09T02:45:30+00:00,LOCO_01,COUPLING_STARTED,retrofit,,,,SCREW,0,2.0
11687.5,2025-12-09T02:47:30+00:00,LOCO_01,COUPLING_COMPLETED,retrofit,,,,SCREW,0,2.0
11687.5,2025-12-09T02:47:30+00:00,LOCO_01,SHUNTING_PREP,retrofit,,,,,0,1.0
11688.5,2025-12-09T02:48:30+00:00,LOCO_01,MOVING,WS_01,retrofit,WS_01,,,0,5.0
11693.5,2025-12-09T02:53:30+00:00,LOCO_01,DECOUPLING_STARTED,WS_01,,,,SCREW,0,3.0
11696.5,2025-12-09T02:56:30+00:00,LOCO_01,DECOUPLING_COMPLETED,WS_01,,,,SCREW,0,3.0
11699.5,2025-12-09T02:59:30+00:00,LOCO_01,MOVING,track_19,WS_01,track_19,,,0,5.0
11704.5,2025-12-09T03:04:30+00:00,LOCO_01,MOVING,collection2,track_19,collection2,,,0,60.0
11764.5,2025-12-09T04:04:30+00:00,LOCO_01,ALLOCATED,,,,batch_transport,,0,0.0
11764.5,2025-12-09T04:04:30+00:00,LOCO_01,LOCO_COUPLING_STARTED,collection2,,,,SCREW,1,2.0
11766.5,2025-12-09T04:06:30+00:00,LOCO_01,LOCO_COUPLING_COMPLETED,collection2,,,,SCREW,1,2.0
11766.5,2025-12-09T04:06:30+00:00,LOCO_01,SHUNTING_PREP,collection2,,,,,1,1.0
11767.5,2025-12-09T04:07:30+00:00,LOCO_01,MOVING,retrofit,collection2,retrofit,,,0,60.0
11827.5,2025-12-09T05:07:30+00:00,LOCO_01,LOCO_DECOUPLING_STARTED,retrofit,,,,SCREW,1,3.0
11830.5,2025-12-09T05:10:30+00:00,LOCO_01,MOVING,track_19,retrofit,track_19,,,0,0.0
11830.5,2025-12-09T05:10:30+00:00,LOCO_01,LOCO_DECOUPLING_COMPLETED,retrofit,,,,SCREW,1,3.0
11835.5,2025-12-09T05:15:30+00:00,LOCO_01,PARKING,,,,,,0,2.0
11837.5,2025-12-09T05:17:30+00:00,LOCO_01,MOVING,retrofit,track_19,retrofit,,,0,5.0
11842.5,2025-12-09T05:22:30+00:00,LOCO_01,COUPLING_STARTED,retrofit,,,,SCREW,0,2.0
11844.5,2025-12-09T05:24:30+00:00,LOCO_01,COUPLING_COMPLETED,retrofit,,,,SCREW,0,2.0
11844.5,2025-12-09T05:24:30+00:00,LOCO_01,SHUNTING_PREP,retrofit,,,,,0,1.0
11845.5,2025-12-09T05:25:30+00:00,LOCO_01,MOVING,WS_01,retrofit,WS_01,,,0,5.0
11850.5,2025-12-09T05:30:30+00:00,LOCO_01,DECOUPLING_STARTED,WS_01,,,,SCREW,0,3.0
11853.5,2025-12-09T05:33:30+00:00,LOCO_01,DECOUPLING_COMPLETED,WS_01,,,,SCREW,0,3.0
11856.5,2025-12-09T05:36:30+00:00,LOCO_01,MOVING,track_19,WS_01,track_19,,,0,5.0
11861.5,2025-12-09T05:41:30+00:00,LOCO_01,MOVING,collection1,track_19,collection1,,,0,60.0
11921.5,2025-12-09T06:41:30+00:00,LOCO_01,ALLOCATED,,,,batch_transport,,0,0.0
11921.5,2025-12-09T06:41:30+00:00,LOCO_01,RAKE_COUPLING_STARTED,collection1,,,,SCREW,3,4.0
11925.5,2025-12-09T06:45:30+00:00,LOCO_01,RAKE_COUPLING_COMPLETED,collection1,,,,SCREW,3,4.0
11925.5,2025-12-09T06:45:30+00:00,LOCO_01,LOCO_COUPLING_STARTED,collection1,,,,SCREW,3,2.0
11927.5,2025-12-09T06:47:30+00:00,LOCO_01,LOCO_COUPLING_COMPLETED,collection1,,,,SCREW,3,2.0
11927.5,2025-12-09T06:47:30+00:00,LOCO_01,SHUNTING_PREP,collection1,,,,,3,1.0
11928.5,2025-12-09T06:48:30+00:00,LOCO_01,MOVING,retrofit,collection1,retrofit,,,0,60.0
11988.5,2025-12-09T07:48:30+00:00,LOCO_01,LOCO_DECOUPLING_STARTED,retrofit,,,,SCREW,3,3.0
11991.5,2025-12-09T07:51:30+00:00,LOCO_01,LOCO_DECOUPLING_COMPLETED,retrofit,,,,SCREW,3,3.0
11991.5,2025-12-09T07:51:30+00:00,LOCO_01,RAKE_DECOUPLING_STARTED,retrofit,,,,SCREW,3,6.0
11997.5,2025-12-09T07:57:30+00:00,LOCO_01,RAKE_DECOUPLING_COMPLETED,retrofit,,,,SCREW,3,6.0
12003.5,2025-12-09T08:03:30+00:00,LOCO_01,MOVING,track_19,retrofit,track_19,,,0,5.0
12008.5,2025-12-09T08:08:30+00:00,LOCO_01,PARKING,,,,,,0,2.0
12010.5,2025-12-09T08:10:30+00:00,LOCO_01,MOVING,retrofit,track_19,retrofit,,,0,5.0
12015.5,2025-12-09T08:15:30+00:00,LOCO_01,COUPLING_STARTED,retrofit,,,,SCREW,0,2.0
12017.5,2025-12-09T08:17:30+00:00,LOCO_01,COUPLING_COMPLETED,retrofit,,,,SCREW,0,2.0
12017.5,2025-12-09T08:17:30+00:00,LOCO_01,SHUNTING_PREP,retrofit,,,,,0,1.0
12018.5,2025-12-09T08:18:30+00:00,LOCO_01,MOVING,WS_02,retrofit,WS_02,,,0,5.0
12023.5,2025-12-09T08:23:30+00:00,LOCO_01,DECOUPLING_STARTED,WS_02,,,,SCREW,0,3.0
12026.5,2025-12-09T08:26:30+00:00,LOCO_01,DECOUPLING_COMPLETED,WS_02,,,,SCREW,0,3.0
12029.5,2025-12-09T08:29:30+00:00,LOCO_01,MOVING,track_19,WS_02,track_19,,,0,7.0
12036.5,2025-12-09T08:36:30+00:00,LOCO_01,MOVING,retrofit,track_19,retrofit,,,0,5.0
12041.5,2025-12-09T08:41:30+00:00,LOCO_01,COUPLING_STARTED,retrofit,,,,SCREW,0,2.0
12043.5,2025-12-09T08:43:30+00:00,LOCO_01,COUPLING_COMPLETED,retrofit,,,,SCREW,0,2.0
12043.5,2025-12-09T08:43:30+00:00,LOCO_01,SHUNTING_PREP,retrofit,,,,,0,1.0
12044.5,2025-12-09T08:44:30+00:00,LOCO_01,MOVING,WS_01,retrofit,WS_01,,,0,5.0
12049.5,2025-12-09T08:49:30+00:00,LOCO_01,DECOUPLING_STARTED,WS_01,,,,SCREW,0,3.0
12052.5,2025-12-09T08:52:30+00:00,LOCO_01,DECOUPLING_COMPLETED,WS_01,,,,SCREW,0,3.0
12055.5,2025-12-09T08:55:30+00:00,LOCO_01,MOVING,track_19,WS_01,track_19,,,0,5.0
12060.5,2025-12-09T09:00:30+00:00,LOCO_01,MOVING,collection2,track_19,collection2,,,0,60.0
12120.5,2025-12-09T10:00:30+00:00,LOCO_01,ALLOCATED,,,,batch_transport,,0,0.0
12120.5,2025-12-09T10:00:30+00:00,LOCO_01,RAKE_COUPLING_STARTED,collection2,,,,SCREW,7,12.0
12132.5,2025-12-09T10:12:30+00:00,LOCO_01,RAKE_COUPLING_COMPLETED,collection2,,,,SCREW,7,12.0
12132.5,2025-12-09T10:12:30+00:00,LOCO_01,LOCO_COUPLING_STARTED,collection2,,,,SCREW,7,2.0
12134.5,2025-12-09T10:14:30+00:00,LOCO_01,LOCO_COUPLING_COMPLETED,collection2,,,,SCREW,7,2.0
12134.5,2025-12-09T10:14:30+00:00,LOCO_01,SHUNTING_PREP,collection2,,,,,7,1.0
12135.5,2025-12-09T10:15:30+00:00,LOCO_01,MOVING,retrofit,collection2,retrofit,,,0,60.0
12195.5,2025-12-09T11:15:30+00:00,LOCO_01,LOCO_DECOUPLING_STARTED,retrofit,,,,SCREW,7,3.0
12198.5,2025-12-09T11:18:30+00:00,LOCO_01,LOCO_DECOUPLING_COMPLETED,retrofit,,,,SCREW,7,3.0
12198.5,2025-12-09T11:18:30+00:00,LOCO_01,RAKE_DECOUPLING_STARTED,retrofit,,,,SCREW,7,18.0
12216.5,2025-12-09T11:36:30+00:00,LOCO_01,RAKE_DECOUPLING_COMPLETED,retrofit,,,,SCREW,7,18.0
12234.5,2025-12-09T11:54:30+00:00,LOCO_01,MOVING,track_19,retrofit,track_19,,,0,5.0
12239.5,2025-12-09T11:59:30+00:00,LOCO_01,PARKING,,,,,,0,0.0
12239.5,2025-12-09T11:59:30+00:00,LOCO_01,ALLOCATED,,,,batch_transport,,0,0.0
12239.5,2025-12-09T11:59:30+00:00,LOCO_01,MOVING,retrofitted,track_19,retrofitted,,,0,5.0
12244.5,2025-12-09T12:04:30+00:00,LOCO_01,RAKE_COUPLING_STARTED,retrofitted,,,,DAC,4,1.5
12246.0,2025-12-09T12:06:00+00:00,LOCO_01,RAKE_COUPLING_COMPLETED,retrofitted,,,,DAC,4,1.5
12246.0,2025-12-09T12:06:00+00:00,LOCO_01,LOCO_COUPLING_STARTED,retrofitted,,,,DAC,4,0.5
12246.5,2025-12-09T12:06:30+00:00,LOCO_01,LOCO_COUPLING_COMPLETED,retrofitted,,,,DAC,4,0.5
12246.5,2025-12-09T12:06:30+00:00,LOCO_01,SHUNTING_PREP,retrofitted,,,,,4,1.0
12247.5,2025-12-09T12:07:30+00:00,LOCO_01,MOVING,parking9,retrofitted,parking9,,,0,5.0
12252.5,2025-12-09T12:12:30+00:00,LOCO_01,LOCO_DECOUPLING_STARTED,parking9,,,,DAC,4,0.5
12253.0,2025-12-09T12:13:00+00:00,LOCO_01,LOCO_DECOUPLING_COMPLETED,parking9,,,,DAC,4,0.5
12253.0,2025-12-09T12:13:00+00:00,LOCO_01,RAKE_DECOUPLING_STARTED,parking9,,,,DAC,4,1.5
12254.5,2025-12-09T12:14:30+00:00,LOCO_01,RAKE_DECOUPLING_COMPLETED,parking9,,,,DAC,4,1.5
12256.0,2025-12-09T12:16:00+00:00,LOCO_01,MOVING,track_19,parking9,track_19,,,0,5.0
12261.0,2025-12-09T12:21:00+00:00,LOCO_01,MOVING,collection2,track_19,collection2,,,0,60.0
12321.0,2025-12-09T13:21:00+00:00,LOCO_01,ALLOCATED,,,,batch_transport,,0,0.0
12321.0,2025-12-09T13:21:00+00:00,LOCO_01,RAKE_COUPLING_STARTED,collection2,,,,SCREW,8,14.0
12335.0,2025-12-09T13:35:00+00:00,LOCO_01,RAKE_COUPLING_COMPLETED,collection2,,,,SCREW,8,14.0
12335.0,2025-12-09T13:35:00+00:00,LOCO_01,LOCO_COUPLING_STARTED,collection2,,,,SCREW,8,2.0
12337.0,2025-12-09T13:37:00+00:00,LOCO_01,LOCO_COUPLING_COMPLETED,collection2,,,,SCREW,8,2.0
12337.0,2025-12-09T13:37:00+00:00,LOCO_01,SHUNTING_PREP,collection2,,,,,8,1.0
12338.0,2025-12-09T13:38:00+00:00,LOCO_01,MOVING,retrofit,collection2,retrofit,,,0,60.0
12398.0,2025-12-09T14:38:00+00:00,LOCO_01,LOCO_DECOUPLING_STARTED,retrofit,,,,SCREW,8,3.0
12401.0,2025-12-09T14:41:00+00:00,LOCO_01,LOCO_DECOUPLING_COMPLETED,retrofit,,,,SCREW,8,3.0
12401.0,2025-12-09T14:41:00+00:00,LOCO_01,RAKE_DECOUPLING_STARTED,retrofit,,,,SCREW,8,21.0
12422.0,2025-12-09T15:02:00+00:00,LOCO_01,RAKE_DECOUPLING_COMPLETED,retrofit,,,,SCREW,8,21.0
12443.0,2025-12-09T15:23:00+00:00,LOCO_01,MOVING,track_19,retrofit,track_19,,,0,5.0
12448.0,2025-12-09T15:28:00+00:00,LOCO_01,PARKING,,,,,,0,0.0
12448.0,2025-12-09T15:28:00+00:00,LOCO_01,ALLOCATED,,,,batch_transport,,0,0.0
12448.0,2025-12-09T15:28:00+00:00,LOCO_01,MOVING,retrofitted,track_19,retrofitted,,,0,5.0
12453.0,2025-12-09T15:33:00+00:00,LOCO_01,RAKE_COUPLING_STARTED,retrofitted,,,,DAC,4,1.5
12454.5,2025-12-09T15:34:30+00:00,LOCO_01,RAKE_COUPLING_COMPLETED,retrofitted,,,,DAC,4,1.5
12454.5,2025-12-09T15:34:30+00:00,LOCO_01,LOCO_COUPLING_STARTED,retrofitted,,,,DAC,4,0.5
12455.0,2025-12-09T15:35:00+00:00,LOCO_01,LOCO_COUPLING_COMPLETED,retrofitted,,,,DAC,4,0.5
12455.0,2025-12-09T15:35:00+00:00,LOCO_01,SHUNTING_PREP,retrofitted,,,,,4,1.0
12456.0,2025-12-09T15:36:00+00:00,LOCO_01,MOVING,parking11,retrofitted,parking11,,,0,60.0
12516.0,2025-12-09T16:36:00+00:00,LOCO_01,LOCO_DECOUPLING_STARTED,parking11,,,,DAC,4,0.5
12516.5,2025-12-09T16:36:30+00:00,LOCO_01,LOCO_DECOUPLING_COMPLETED,parking11,,,,DAC,4,0.5
12516.5,2025-12-09T16:36:30+00:00,LOCO_01,RAKE_DECOUPLING_STARTED,parking11,,,,DAC,4,1.5
12518.0,2025-12-09T16:38:00+00:00,LOCO_01,RAKE_DECOUPLING_COMPLETED,parking11,,,,DAC,4,1.5
12519.5,2025-12-09T16:39:30+00:00,LOCO_01,MOVING,track_19,parking11,track_19,,,0,60.0
12579.5,2025-12-09T17:39:30+00:00,LOCO_01,MOVING,WS_02,track_19,WS_02,,,0,5.0
12584.5,2025-12-09T17:44:30+00:00,LOCO_01,RAKE_COUPLING_STARTED,WS_02,,,,DAC,2,0.5
12585.0,2025-12-09T17:45:00+00:00,LOCO_01,RAKE_COUPLING_COMPLETED,WS_02,,,,DAC,2,0.5
12585.0,2025-12-09T17:45:00+00:00,LOCO_01,LOCO_COUPLING_STARTED,WS_02,,,,DAC,2,0.5
12585.5,2025-12-09T17:45:30+00:00,LOCO_01,LOCO_COUPLING_COMPLETED,WS_02,,,,DAC,2,0.5
12585.5,2025-12-09T17:45:30+00:00,LOCO_01,SHUNTING_PREP,WS_02,,,,,2,1.0
12586.5,2025-12-09T17:46:30+00:00,LOCO_01,MOVING,retrofitted,WS_02,retrofitted,,,0,5.0
12591.5,2025-12-09T17:51:30+00:00,LOCO_01,MOVING,track_19,retrofitted,track_19,,,0,5.0
12596.5,2025-12-09T17:56:30+00:00,LOCO_01,MOVING,WS_01,track_19,WS_01,,,0,5.0
12601.5,2025-12-09T18:01:30+00:00,LOCO_01,RAKE_COUPLING_STARTED,WS_01,,,,DAC,2,0.5
12602.0,2025-12-09T18:02:00+00:00,LOCO_01,RAKE_COUPLING_COMPLETED,WS_01,,,,DAC,2,0.5
12602.0,2025-12-09T18:02:00+00:00,LOCO_01,LOCO_COUPLING_STARTED,WS_01,,,,DAC,2,0.5
12602.5,2025-12-09T18:02:30+00:00,LOCO_01,LOCO_COUPLING_COMPLETED,WS_01,,,,DAC,2,0.5
12602.5,2025-12-09T18:02:30+00:00,LOCO_01,SHUNTING_PREP,WS_01,,,,,2,1.0
12603.5,2025-12-09T18:03:30+00:00,LOCO_01,MOVING,retrofitted,WS_01,retrofitted,,,0,5.0
12608.5,2025-12-09T18:08:30+00:00,LOCO_01,MOVING,track_19,retrofitted,track_19,,,0,5.0
12613.5,2025-12-09T18:13:30+00:00,LOCO_01,ALLOCATED,,,,batch_transport,,0,0.0
12613.5,2025-12-09T18:13:30+00:00,LOCO_01,MOVING,retrofitted,track_19,retrofitted,,,0,5.0
12618.5,2025-12-09T18:18:30+00:00,LOCO_01,RAKE_COUPLING_STARTED,retrofitted,,,,DAC,4,1.5
12620.0,2025-12-09T18:20:00+00:00,LOCO_01,RAKE_COUPLING_COMPLETED,retrofitted,,,,DAC,4,1.5
12620.0,2025-12-09T18:20:00+00:00,LOCO_01,LOCO_COUPLING_STARTED,retrofitted,,,,DAC,4,0.5
12620.5,2025-12-09T18:20:30+00:00,LOCO_01,LOCO_COUPLING_COMPLETED,retrofitted,,,,DAC,4,0.5
12620.5,2025-12-09T18:20:30+00:00,LOCO_01,SHUNTING_PREP,retrofitted,,,,,4,1.0
12621.5,2025-12-09T18:21:30+00:00,LOCO_01,MOVING,parking10,retrofitted,parking10,,,0,60.0
12681.5,2025-12-09T19:21:30+00:00,LOCO_01,LOCO_DECOUPLING_STARTED,parking10,,,,DAC,4,0.5
12682.0,2025-12-09T19:22:00+00:00,LOCO_01,LOCO_DECOUPLING_COMPLETED,parking10,,,,DAC,4,0.5
12682.0,2025-12-09T19:22:00+00:00,LOCO_01,RAKE_DECOUPLING_STARTED,parking10,,,,DAC,4,1.5
12683.5,2025-12-09T19:23:30+00:00,LOCO_01,RAKE_DECOUPLING_COMPLETED,parking10,,,,DAC,4,1.5
12685.0,2025-12-09T19:25:00+00:00,LOCO_01,MOVING,track_19,parking10,track_19,,,0,60.0
12745.0,2025-12-09T20:25:00+00:00,LOCO_01,MOVING,WS_02,track_19,WS_02,,,0,5.0
12750.0,2025-12-09T20:30:00+00:00,LOCO_01,RAKE_COUPLING_STARTED,WS_02,,,,DAC,2,0.5
12750.5,2025-12-09T20:30:30+00:00,LOCO_01,RAKE_COUPLING_COMPLETED,WS_02,,,,DAC,2,0.5
12750.5,2025-12-09T20:30:30+00:00,LOCO_01,LOCO_COUPLING_STARTED,WS_02,,,,DAC,2,0.5
12751.0,2025-12-09T20:31:00+00:00,LOCO_01,LOCO_COUPLING_COMPLETED,WS_02,,,,DAC,2,0.5
12751.0,2025-12-09T20:31:00+00:00,LOCO_01,SHUNTING_PREP,WS_02,,,,,2,1.0
12752.0,2025-12-09T20:32:00+00:00,LOCO_01,MOVING,retrofitted,WS_02,retrofitted,,,0,5.0
12757.0,2025-12-09T20:37:00+00:00,LOCO_01,MOVING,track_19,retrofitted,track_19,,,0,5.0
12762.0,2025-12-09T20:42:00+00:00,LOCO_01,MOVING,WS_01,track_19,WS_01,,,0,5.0
12767.0,2025-12-09T20:47:00+00:00,LOCO_01,RAKE_COUPLING_STARTED,WS_01,,,,DAC,2,0.5
12767.5,2025-12-09T20:47:30+00:00,LOCO_01,RAKE_COUPLING_COMPLETED,WS_01,,,,DAC,2,0.5
12767.5,2025-12-09T20:47:30+00:00,LOCO_01,LOCO_COUPLING_STARTED,WS_01,,,,DAC,2,0.5
12768.0,2025-12-09T20:48:00+00:00,LOCO_01,LOCO_COUPLING_COMPLETED,WS_01,,,,DAC,2,0.5
12768.0,2025-12-09T20:48:00+00:00,LOCO_01,SHUNTING_PREP,WS_01,,,,,2,1.0
12769.0,2025-12-09T20:49:00+00:00,LOCO_01,MOVING,retrofitted,WS_01,retrofitted,,,0,5.0
12774.0,2025-12-09T20:54:00+00:00,LOCO_01,MOVING,track_19,retrofitted,track_19,,,0,7.0
12781.0,2025-12-09T21:01:00+00:00,LOCO_01,MOVING,retrofit,track_19,retrofit,,,0,5.0
12786.0,2025-12-09T21:06:00+00:00,LOCO_01,COUPLING_STARTED,retrofit,,,,SCREW,0,2.0
12788.0,2025-12-09T21:08:00+00:00,LOCO_01,COUPLING_COMPLETED,retrofit,,,,SCREW,0,2.0
12788.0,2025-12-09T21:08:00+00:00,LOCO_01,SHUNTING_PREP,retrofit,,,,,0,1.0
12789.0,2025-12-09T21:09:00+00:00,LOCO_01,MOVING,WS_02,retrofit,WS_02,,,0,5.0
12794.0,2025-12-09T21:14:00+00:00,LOCO_01,DECOUPLING_STARTED,WS_02,,,,SCREW,0,3.0
12797.0,2025-12-09T21:17:00+00:00,LOCO_01,DECOUPLING_COMPLETED,WS_02,,,,SCREW,0,3.0
12800.0,2025-12-09T21:20:00+00:00,LOCO_01,MOVING,track_19,WS_02,track_19,,,0,5.0
12805.0,2025-12-09T21:25:00+00:00,LOCO_01,ALLOCATED,,,,batch_transport,,0,0.0
12805.0,2025-12-09T21:25:00+00:00,LOCO_01,MOVING,retrofitted,track_19,retrofitted,,,0,5.0
12810.0,2025-12-09T21:30:00+00:00,LOCO_01,RAKE_COUPLING_STARTED,retrofitted,,,,DAC,4,1.5
12811.5,2025-12-09T21:31:30+00:00,LOCO_01,RAKE_COUPLING_COMPLETED,retrofitted,,,,DAC,4,1.5
12811.5,2025-12-09T21:31:30+00:00,LOCO_01,LOCO_COUPLING_STARTED,retrofitted,,,,DAC,4,0.5
12812.0,2025-12-09T21:32:00+00:00,LOCO_01,LOCO_COUPLING_COMPLETED,retrofitted,,,,DAC,4,0.5
12812.0,2025-12-09T21:32:00+00:00,LOCO_01,SHUNTING_PREP,retrofitted,,,,,4,1.0
12813.0,2025-12-09T21:33:00+00:00,LOCO_01,MOVING,parking14,retrofitted,parking14,,,0,75.0
12888.0,2025-12-09T22:48:00+00:00,LOCO_01,LOCO_DECOUPLING_STARTED,parking14,,,,DAC,4,0.5
12888.5,2025-12-09T22:48:30+00:00,LOCO_01,LOCO_DECOUPLING_COMPLETED,parking14,,,,DAC,4,0.5
12888.5,2025-12-09T22:48:30+00:00,LOCO_01,RAKE_DECOUPLING_STARTED,parking14,,,,DAC,4,1.5
12890.0,2025-12-09T22:50:00+00:00,LOCO_01,RAKE_DECOUPLING_COMPLETED,parking14,,,,DAC,4,1.5
12891.5,2025-12-09T22:51:30+00:00,LOCO_01,MOVING,track_19,parking14,track_19,,,0,60.0
12951.5,2025-12-09T23:51:30+00:00,LOCO_01,MOVING,WS_02,track_19,WS_02,,,0,5.0
12956.5,2025-12-09T23:56:30+00:00,LOCO_01,RAKE_COUPLING_STARTED,WS_02,,,,DAC,2,0.5
12957.0,2025-12-09T23:57:00+00:00,LOCO_01,RAKE_COUPLING_COMPLETED,WS_02,,,,DAC,2,0.5
12957.0,2025-12-09T23:57:00+00:00,LOCO_01,LOCO_COUPLING_STARTED,WS_02,,,,DAC,2,0.5
12957.5,2025-12-09T23:57:30+00:00,LOCO_01,LOCO_COUPLING_COMPLETED,WS_02,,,,DAC,2,0.5
12957.5,2025-12-09T23:57:30+00:00,LOCO_01,SHUNTING_PREP,WS_02,,,,,2,1.0
12958.5,2025-12-09T23:58:30+00:00,LOCO_01,MOVING,retrofitted,WS_02,retrofitted,,,0,5.0
12963.5,2025-12-10T00:03:30+00:00,LOCO_01,MOVING,track_19,retrofitted,track_19,,,0,5.0
12968.5,2025-12-10T00:08:30+00:00,LOCO_01,MOVING,WS_01,track_19,WS_01,,,0,5.0
12973.5,2025-12-10T00:13:30+00:00,LOCO_01,RAKE_COUPLING_STARTED,WS_01,,,,DAC,2,0.5
12974.0,2025-12-10T00:14:00+00:00,LOCO_01,RAKE_COUPLING_COMPLETED,WS_01,,,,DAC,2,0.5
12974.0,2025-12-10T00:14:00+00:00,LOCO_01,LOCO_COUPLING_STARTED,WS_01,,,,DAC,2,0.5
12974.5,2025-12-10T00:14:30+00:00,LOCO_01,LOCO_COUPLING_COMPLETED,WS_01,,,,DAC,2,0.5
12974.5,2025-12-10T00:14:30+00:00,LOCO_01,SHUNTING_PREP,WS_01,,,,,2,1.0
12975.5,2025-12-10T00:15:30+00:00,LOCO_01,MOVING,retrofitted,WS_01,retrofitted,,,0,5.0
12980.5,2025-12-10T00:20:30+00:00,LOCO_01,MOVING,track_19,retrofitted,track_19,,,0,5.0
12985.5,2025-12-10T00:25:30+00:00,LOCO_01,ALLOCATED,,,,batch_transport,,0,0.0
12985.5,2025-12-10T00:25:30+00:00,LOCO_01,MOVING,retrofitted,track_19,retrofitted,,,0,5.0
12990.5,2025-12-10T00:30:30+00:00,LOCO_01,RAKE_COUPLING_STARTED,retrofitted,,,,DAC,4,1.5
12992.0,2025-12-10T00:32:00+00:00,LOCO_01,RAKE_COUPLING_COMPLETED,retrofitted,,,,DAC,4,1.5
12992.0,2025-12-10T00:32:00+00:00,LOCO_01,LOCO_COUPLING_STARTED,retrofitted,,,,DAC,4,0.5
12992.5,2025-12-10T00:32:30+00:00,LOCO_01,LOCO_COUPLING_COMPLETED,retrofitted,,,,DAC,4,0.5
12992.5,2025-12-10T00:32:30+00:00,LOCO_01,SHUNTING_PREP,retrofitted,,,,,4,1.0
12993.5,2025-12-10T00:33:30+00:00,LOCO_01,MOVING,parking2,retrofitted,parking2,,,0,5.0
12998.5,2025-12-10T00:38:30+00:00,LOCO_01,LOCO_DECOUPLING_STARTED,parking2,,,,DAC,4,0.5
12999.0,2025-12-10T00:39:00+00:00,LOCO_01,LOCO_DECOUPLING_COMPLETED,parking2,,,,DAC,4,0.5
12999.0,2025-12-10T00:39:00+00:00,LOCO_01,RAKE_DECOUPLING_STARTED,parking2,,,,DAC,4,1.5
13000.5,2025-12-10T00:40:30+00:00,LOCO_01,RAKE_DECOUPLING_COMPLETED,parking2,,,,DAC,4,1.5
13002.0,2025-12-10T00:42:00+00:00,LOCO_01,MOVING,track_19,parking2,track_19,,,0,5.0
13007.0,2025-12-10T00:47:00+00:00,LOCO_01,MOVING,collection2,track_19,collection2,,,0,60.0
13067.0,2025-12-10T01:47:00+00:00,LOCO_01,ALLOCATED,,,,batch_transport,,0,0.0
13067.0,2025-12-10T01:47:00+00:00,LOCO_01,RAKE_COUPLING_STARTED,collection2,,,,SCREW,6,10.0
13077.0,2025-12-10T01:57:00+00:00,LOCO_01,RAKE_COUPLING_COMPLETED,collection2,,,,SCREW,6,10.0
13077.0,2025-12-10T01:57:00+00:00,LOCO_01,LOCO_COUPLING_STARTED,collection2,,,,SCREW,6,2.0
13079.0,2025-12-10T01:59:00+00:00,LOCO_01,LOCO_COUPLING_COMPLETED,collection2,,,,SCREW,6,2.0
13079.0,2025-12-10T01:59:00+00:00,LOCO_01,SHUNTING_PREP,collection2,,,,,6,1.0
13080.0,2025-12-10T02:00:00+00:00,LOCO_01,MOVING,retrofit,collection2,retrofit,,,0,60.0
13140.0,2025-12-10T03:00:00+00:00,LOCO_01,LOCO_DECOUPLING_STARTED,retrofit,,,,SCREW,6,3.0
13143.0,2025-12-10T03:03:00+00:00,LOCO_01,LOCO_DECOUPLING_COMPLETED,retrofit,,,,SCREW,6,3.0
13143.0,2025-12-10T03:03:00+00:00,LOCO_01,RAKE_DECOUPLING_STARTED,retrofit,,,,SCREW,6,15.0
13158.0,2025-12-10T03:18:00+00:00,LOCO_01,RAKE_DECOUPLING_COMPLETED,retrofit,,,,SCREW,6,15.0
13173.0,2025-12-10T03:33:00+00:00,LOCO_01,MOVING,track_19,retrofit,track_19,,,0,5.0
13178.0,2025-12-10T03:38:00+00:00,LOCO_01,PARKING,,,,,,0,0.0
13178.0,2025-12-10T03:38:00+00:00,LOCO_01,MOVING,WS_02,track_19,WS_02,,,0,5.0
13183.0,2025-12-10T03:43:00+00:00,LOCO_01,RAKE_COUPLING_STARTED,WS_02,,,,DAC,2,0.5
13183.5,2025-12-10T03:43:30+00:00,LOCO_01,RAKE_COUPLING_COMPLETED,WS_02,,,,DAC,2,0.5
13183.5,2025-12-10T03:43:30+00:00,LOCO_01,LOCO_COUPLING_STARTED,WS_02,,,,DAC,2,0.5
13184.0,2025-12-10T03:44:00+00:00,LOCO_01,LOCO_COUPLING_COMPLETED,WS_02,,,,DAC,2,0.5
13184.0,2025-12-10T03:44:00+00:00,LOCO_01,SHUNTING_PREP,WS_02,,,,,2,1.0
13185.0,2025-12-10T03:45:00+00:00,LOCO_01,MOVING,retrofitted,WS_02,retrofitted,,,0,5.0
13190.0,2025-12-10T03:50:00+00:00,LOCO_01,MOVING,track_19,retrofitted,track_19,,,0,5.0
13195.0,2025-12-10T03:55:00+00:00,LOCO_01,MOVING,collection2,track_19,collection2,,,0,60.0
13255.0,2025-12-10T04:55:00+00:00,LOCO_01,ALLOCATED,,,,batch_transport,,0,0.0
13255.0,2025-12-10T04:55:00+00:00,LOCO_01,LOCO_COUPLING_STARTED,collection2,,,,SCREW,1,2.0
13257.0,2025-12-10T04:57:00+00:00,LOCO_01,LOCO_COUPLING_COMPLETED,collection2,,,,SCREW,1,2.0
13257.0,2025-12-10T04:57:00+00:00,LOCO_01,SHUNTING_PREP,collection2,,,,,1,1.0
13258.0,2025-12-10T04:58:00+00:00,LOCO_01,MOVING,retrofit,collection2,retrofit,,,0,60.0
13318.0,2025-12-10T05:58:00+00:00,LOCO_01,LOCO_DECOUPLING_STARTED,retrofit,,,,SCREW,1,3.0
13321.0,2025-12-10T06:01:00+00:00,LOCO_01,MOVING,track_19,retrofit,track_19,,,0,0.0
13321.0,2025-12-10T06:01:00+00:00,LOCO_01,LOCO_DECOUPLING_COMPLETED,retrofit,,,,SCREW,1,3.0
13326.0,2025-12-10T06:06:00+00:00,LOCO_01,PARKING,,,,,,0,0.0
13326.0,2025-12-10T06:06:00+00:00,LOCO_01,MOVING,WS_02,track_19,WS_02,,,0,5.0
13331.0,2025-12-10T06:11:00+00:00,LOCO_01,RAKE_COUPLING_STARTED,WS_02,,,,DAC,2,0.5
13331.5,2025-12-10T06:11:30+00:00,LOCO_01,RAKE_COUPLING_COMPLETED,WS_02,,,,DAC,2,0.5
13331.5,2025-12-10T06:11:30+00:00,LOCO_01,LOCO_COUPLING_STARTED,WS_02,,,,DAC,2,0.5
13332.0,2025-12-10T06:12:00+00:00,LOCO_01,LOCO_COUPLING_COMPLETED,WS_02,,,,DAC,2,0.5
13332.0,2025-12-10T06:12:00+00:00,LOCO_01,SHUNTING_PREP,WS_02,,,,,2,1.0
13333.0,2025-12-10T06:13:00+00:00,LOCO_01,MOVING,retrofitted,WS_02,retrofitted,,,0,5.0
13338.0,2025-12-10T06:18:00+00:00,LOCO_01,MOVING,track_19,retrofitted,track_19,,,0,5.0
13343.0,2025-12-10T06:23:00+00:00,LOCO_01,MOVING,WS_01,track_19,WS_01,,,0,5.0
13348.0,2025-12-10T06:28:00+00:00,LOCO_01,RAKE_COUPLING_STARTED,WS_01,,,,DAC,2,0.5
13348.5,2025-12-10T06:28:30+00:00,LOCO_01,RAKE_COUPLING_COMPLETED,WS_01,,,,DAC,2,0.5
13348.5,2025-12-10T06:28:30+00:00,LOCO_01,LOCO_COUPLING_STARTED,WS_01,,,,DAC,2,0.5
13349.0,2025-12-10T06:29:00+00:00,LOCO_01,LOCO_COUPLING_COMPLETED,WS_01,,,,DAC,2,0.5
13349.0,2025-12-10T06:29:00+00:00,LOCO_01,SHUNTING_PREP,WS_01,,,,,2,1.0
13350.0,2025-12-10T06:30:00+00:00,LOCO_01,MOVING,retrofitted,WS_01,retrofitted,,,0,5.0
13355.0,2025-12-10T06:35:00+00:00,LOCO_01,MOVING,track_19,retrofitted,track_19,,,0,7.0
13362.0,2025-12-10T06:42:00+00:00,LOCO_01,MOVING,retrofit,track_19,retrofit,,,0,5.0
13367.0,2025-12-10T06:47:00+00:00,LOCO_01,COUPLING_STARTED,retrofit,,,,SCREW,0,2.0
13369.0,2025-12-10T06:49:00+00:00,LOCO_01,COUPLING_COMPLETED,retrofit,,,,SCREW,0,2.0
13369.0,2025-12-10T06:49:00+00:00,LOCO_01,SHUNTING_PREP,retrofit,,,,,0,1.0
13370.0,2025-12-10T06:50:00+00:00,LOCO_01,MOVING,WS_02,retrofit,WS_02,,,0,5.0
13375.0,2025-12-10T06:55:00+00:00,LOCO_01,DECOUPLING_STARTED,WS_02,,,,SCREW,0,3.0
13378.0,2025-12-10T06:58:00+00:00,LOCO_01,DECOUPLING_COMPLETED,WS_02,,,,SCREW,0,3.0
13381.0,2025-12-10T07:01:00+00:00,LOCO_01,MOVING,track_19,WS_02,track_19,,,0,7.0
13388.0,2025-12-10T07:08:00+00:00,LOCO_01,MOVING,retrofit,track_19,retrofit,,,0,5.0
13393.0,2025-12-10T07:13:00+00:00,LOCO_01,COUPLING_STARTED,retrofit,,,,SCREW,0,2.0
13395.0,2025-12-10T07:15:00+00:00,LOCO_01,COUPLING_COMPLETED,retrofit,,,,SCREW,0,2.0
13395.0,2025-12-10T07:15:00+00:00,LOCO_01,SHUNTING_PREP,retrofit,,,,,0,1.0
13396.0,2025-12-10T07:16:00+00:00,LOCO_01,MOVING,WS_01,retrofit,WS_01,,,0,5.0
13401.0,2025-12-10T07:21:00+00:00,LOCO_01,DECOUPLING_STARTED,WS_01,,,,SCREW,0,3.0
13404.0,2025-12-10T07:24:00+00:00,LOCO_01,DECOUPLING_COMPLETED,WS_01,,,,SCREW,0,3.0
13407.0,2025-12-10T07:27:00+00:00,LOCO_01,MOVING,track_19,WS_01,track_19,,,0,5.0
13412.0,2025-12-10T07:32:00+00:00,LOCO_01,MOVING,collection2,track_19,collection2,,,0,60.0
13472.0,2025-12-10T08:32:00+00:00,LOCO_01,ALLOCATED,,,,batch_transport,,0,0.0
13472.0,2025-12-10T08:32:00+00:00,LOCO_01,RAKE_COUPLING_STARTED,collection2,,,,SCREW,3,4.0
13476.0,2025-12-10T08:36:00+00:00,LOCO_01,RAKE_COUPLING_COMPLETED,collection2,,,,SCREW,3,4.0
13476.0,2025-12-10T08:36:00+00:00,LOCO_01,LOCO_COUPLING_STARTED,collection2,,,,SCREW,3,2.0
13478.0,2025-12-10T08:38:00+00:00,LOCO_01,LOCO_COUPLING_COMPLETED,collection2,,,,SCREW,3,2.0
13478.0,2025-12-10T08:38:00+00:00,LOCO_01,SHUNTING_PREP,collection2,,,,,3,1.0
13479.0,2025-12-10T08:39:00+00:00,LOCO_01,MOVING,retrofit,collection2,retrofit,,,0,60.0
13539.0,2025-12-10T09:39:00+00:00,LOCO_01,LOCO_DECOUPLING_STARTED,retrofit,,,,SCREW,3,3.0
13542.0,2025-12-10T09:42:00+00:00,LOCO_01,LOCO_DECOUPLING_COMPLETED,retrofit,,,,SCREW,3,3.0
13542.0,2025-12-10T09:42:00+00:00,LOCO_01,RAKE_DECOUPLING_STARTED,retrofit,,,,SCREW,3,6.0
13548.0,2025-12-10T09:48:00+00:00,LOCO_01,RAKE_DECOUPLING_COMPLETED,retrofit,,,,SCREW,3,6.0
13554.0,2025-12-10T09:54:00+00:00,LOCO_01,MOVING,track_19,retrofit,track_19,,,0,5.0
13559.0,2025-12-10T09:59:00+00:00,LOCO_01,PARKING,,,,,,0,0.0
13559.0,2025-12-10T09:59:00+00:00,LOCO_01,MOVING,WS_01,track_19,WS_01,,,0,5.0
13564.0,2025-12-10T10:04:00+00:00,LOCO_01,RAKE_COUPLING_STARTED,WS_01,,,,DAC,2,0.5
13564.5,2025-12-10T10:04:30+00:00,LOCO_01,RAKE_COUPLING_COMPLETED,WS_01,,,,DAC,2,0.5
13564.5,2025-12-10T10:04:30+00:00,LOCO_01,LOCO_COUPLING_STARTED,WS_01,,,,DAC,2,0.5
13565.0,2025-12-10T10:05:00+00:00,LOCO_01,LOCO_COUPLING_COMPLETED,WS_01,,,,DAC,2,0.5
13565.0,2025-12-10T10:05:00+00:00,LOCO_01,SHUNTING_PREP,WS_01,,,,,2,1.0
13566.0,2025-12-10T10:06:00+00:00,LOCO_01,MOVING,retrofitted,WS_01,retrofitted,,,0,5.0
13571.0,2025-12-10T10:11:00+00:00,LOCO_01,MOVING,track_19,retrofitted,track_19,,,0,7.0
13578.0,2025-12-10T10:18:00+00:00,LOCO_01,MOVING,retrofit,track_19,retrofit,,,0,5.0
13583.0,2025-12-10T10:23:00+00:00,LOCO_01,COUPLING_STARTED,retrofit,,,,SCREW,0,2.0
13585.0,2025-12-10T10:25:00+00:00,LOCO_01,COUPLING_COMPLETED,retrofit,,,,SCREW,0,2.0
13585.0,2025-12-10T10:25:00+00:00,LOCO_01,SHUNTING_PREP,retrofit,,,,,0,1.0
13586.0,2025-12-10T10:26:00+00:00,LOCO_01,MOVING,WS_02,retrofit,WS_02,,,0,5.0
13591.0,2025-12-10T10:31:00+00:00,LOCO_01,DECOUPLING_STARTED,WS_02,,,,SCREW,0,3.0
13594.0,2025-12-10T10:34:00+00:00,LOCO_01,DECOUPLING_COMPLETED,WS_02,,,,SCREW,0,3.0
13597.0,2025-12-10T10:37:00+00:00,LOCO_01,MOVING,track_19,WS_02,track_19,,,0,7.0
13604.0,2025-12-10T10:44:00+00:00,LOCO_01,MOVING,retrofit,track_19,retrofit,,,0,5.0
13609.0,2025-12-10T10:49:00+00:00,LOCO_01,COUPLING_STARTED,retrofit,,,,SCREW,0,2.0
13611.0,2025-12-10T10:51:00+00:00,LOCO_01,COUPLING_COMPLETED,retrofit,,,,SCREW,0,2.0
13611.0,2025-12-10T10:51:00+00:00,LOCO_01,SHUNTING_PREP,retrofit,,,,,0,1.0
13612.0,2025-12-10T10:52:00+00:00,LOCO_01,MOVING,WS_01,retrofit,WS_01,,,0,5.0
13617.0,2025-12-10T10:57:00+00:00,LOCO_01,DECOUPLING_STARTED,WS_01,,,,SCREW,0,3.0
13620.0,2025-12-10T11:00:00+00:00,LOCO_01,DECOUPLING_COMPLETED,WS_01,,,,SCREW,0,3.0
13623.0,2025-12-10T11:03:00+00:00,LOCO_01,MOVING,track_19,WS_01,track_19,,,0,5.0
13628.0,2025-12-10T11:08:00+00:00,LOCO_01,MOVING,collection1,track_19,collection1,,,0,60.0
13688.0,2025-12-10T12:08:00+00:00,LOCO_01,ALLOCATED,,,,batch_transport,,0,0.0
13688.0,2025-12-10T12:08:00+00:00,LOCO_01,RAKE_COUPLING_STARTED,collection1,,,,SCREW,3,4.0
13692.0,2025-12-10T12:12:00+00:00,LOCO_01,RAKE_COUPLING_COMPLETED,collection1,,,,SCREW,3,4.0
13692.0,2025-12-10T12:12:00+00:00,LOCO_01,LOCO_COUPLING_STARTED,collection1,,,,SCREW,3,2.0
13694.0,2025-12-10T12:14:00+00:00,LOCO_01,LOCO_COUPLING_COMPLETED,collection1,,,,SCREW,3,2.0
13694.0,2025-12-10T12:14:00+00:00,LOCO_01,SHUNTING_PREP,collection1,,,,,3,1.0
13695.0,2025-12-10T12:15:00+00:00,LOCO_01,MOVING,retrofit,collection1,retrofit,,,0,60.0
13755.0,2025-12-10T13:15:00+00:00,LOCO_01,LOCO_DECOUPLING_STARTED,retrofit,,,,SCREW,3,3.0
13758.0,2025-12-10T13:18:00+00:00,LOCO_01,LOCO_DECOUPLING_COMPLETED,retrofit,,,,SCREW,3,3.0
13758.0,2025-12-10T13:18:00+00:00,LOCO_01,RAKE_DECOUPLING_STARTED,retrofit,,,,SCREW,3,6.0
13764.0,2025-12-10T13:24:00+00:00,LOCO_01,RAKE_DECOUPLING_COMPLETED,retrofit,,,,SCREW,3,6.0
13770.0,2025-12-10T13:30:00+00:00,LOCO_01,MOVING,track_19,retrofit,track_19,,,0,5.0
13775.0,2025-12-10T13:35:00+00:00,LOCO_01,PARKING,,,,,,0,0.0
13775.0,2025-12-10T13:35:00+00:00,LOCO_01,ALLOCATED,,,,batch_transport,,0,0.0
13775.0,2025-12-10T13:35:00+00:00,LOCO_01,MOVING,retrofitted,track_19,retrofitted,,,0,5.0
13780.0,2025-12-10T13:40:00+00:00,LOCO_01,RAKE_COUPLING_STARTED,retrofitted,,,,DAC,4,1.5
13781.5,2025-12-10T13:41:30+00:00,LOCO_01,RAKE_COUPLING_COMPLETED,retrofitted,,,,DAC,4,1.5
13781.5,2025-12-10T13:41:30+00:00,LOCO_01,LOCO_COUPLING_STARTED,retrofitted,,,,DAC,4,0.5
13782.0,2025-12-10T13:42:00+00:00,LOCO_01,LOCO_COUPLING_COMPLETED,retrofitted,,,,DAC,4,0.5
13782.0,2025-12-10T13:42:00+00:00,LOCO_01,SHUNTING_PREP,retrofitted,,,,,4,1.0
13783.0,2025-12-10T13:43:00+00:00,LOCO_01,MOVING,parking16,retrofitted,parking16,,,0,120.0
13903.0,2025-12-10T15:43:00+00:00,LOCO_01,LOCO_DECOUPLING_STARTED,parking16,,,,DAC,4,0.5
13903.5,2025-12-10T15:43:30+00:00,LOCO_01,LOCO_DECOUPLING_COMPLETED,parking16,,,,DAC,4,0.5
13903.5,2025-12-10T15:43:30+00:00,LOCO_01,RAKE_DECOUPLING_STARTED,parking16,,,,DAC,4,1.5
13905.0,2025-12-10T15:45:00+00:00,LOCO_01,RAKE_DECOUPLING_COMPLETED,parking16,,,,DAC,4,1.5
13906.5,2025-12-10T15:46:30+00:00,LOCO_01,MOVING,track_19,parking16,track_19,,,0,62.0
13968.5,2025-12-10T16:48:30+00:00,LOCO_01,MOVING,retrofit,track_19,retrofit,,,0,5.0
13973.5,2025-12-10T16:53:30+00:00,LOCO_01,COUPLING_STARTED,retrofit,,,,SCREW,0,2.0
13975.5,2025-12-10T16:55:30+00:00,LOCO_01,COUPLING_COMPLETED,retrofit,,,,SCREW,0,2.0
13975.5,2025-12-10T16:55:30+00:00,LOCO_01,SHUNTING_PREP,retrofit,,,,,0,1.0
13976.5,2025-12-10T16:56:30+00:00,LOCO_01,MOVING,WS_01,retrofit,WS_01,,,0,5.0
13981.5,2025-12-10T17:01:30+00:00,LOCO_01,DECOUPLING_STARTED,WS_01,,,,SCREW,0,3.0
13984.5,2025-12-10T17:04:30+00:00,LOCO_01,DECOUPLING_COMPLETED,WS_01,,,,SCREW,0,3.0
13987.5,2025-12-10T17:07:30+00:00,LOCO_01,MOVING,track_19,WS_01,track_19,,,0,5.0
13992.5,2025-12-10T17:12:30+00:00,LOCO_01,MOVING,collection1,track_19,collection1,,,0,60.0
14052.5,2025-12-10T18:12:30+00:00,LOCO_01,ALLOCATED,,,,batch_transport,,0,0.0
14052.5,2025-12-10T18:12:30+00:00,LOCO_01,RAKE_COUPLING_STARTED,collection1,,,,SCREW,7,12.0
14064.5,2025-12-10T18:24:30+00:00,LOCO_01,RAKE_COUPLING_COMPLETED,collection1,,,,SCREW,7,12.0
14064.5,2025-12-10T18:24:30+00:00,LOCO_01,LOCO_COUPLING_STARTED,collection1,,,,SCREW,7,2.0
14066.5,2025-12-10T18:26:30+00:00,LOCO_01,LOCO_COUPLING_COMPLETED,collection1,,,,SCREW,7,2.0
14066.5,2025-12-10T18:26:30+00:00,LOCO_01,SHUNTING_PREP,collection1,,,,,7,1.0
14067.5,2025-12-10T18:27:30+00:00,LOCO_01,MOVING,retrofit,collection1,retrofit,,,0,60.0
14127.5,2025-12-10T19:27:30+00:00,LOCO_01,LOCO_DECOUPLING_STARTED,retrofit,,,,SCREW,7,3.0
14130.5,2025-12-10T19:30:30+00:00,LOCO_01,LOCO_DECOUPLING_COMPLETED,retrofit,,,,SCREW,7,3.0
14130.5,2025-12-10T19:30:30+00:00,LOCO_01,RAKE_DECOUPLING_STARTED,retrofit,,,,SCREW,7,18.0
14148.5,2025-12-10T19:48:30+00:00,LOCO_01,RAKE_DECOUPLING_COMPLETED,retrofit,,,,SCREW,7,18.0
14166.5,2025-12-10T20:06:30+00:00,LOCO_01,MOVING,track_19,retrofit,track_19,,,0,5.0
14171.5,2025-12-10T20:11:30+00:00,LOCO_01,PARKING,,,,,,0,2.0
14173.5,2025-12-10T20:13:30+00:00,LOCO_01,MOVING,retrofit,track_19,retrofit,,,0,5.0
14178.5,2025-12-10T20:18:30+00:00,LOCO_01,COUPLING_STARTED,retrofit,,,,SCREW,0,2.0
14180.5,2025-12-10T20:20:30+00:00,LOCO_01,COUPLING_COMPLETED,retrofit,,,,SCREW,0,2.0
14180.5,2025-12-10T20:20:30+00:00,LOCO_01,SHUNTING_PREP,retrofit,,,,,0,1.0
14181.5,2025-12-10T20:21:30+00:00,LOCO_01,MOVING,WS_02,retrofit,WS_02,,,0,5.0
14186.5,2025-12-10T20:26:30+00:00,LOCO_01,DECOUPLING_STARTED,WS_02,,,,SCREW,0,3.0
14189.5,2025-12-10T20:29:30+00:00,LOCO_01,DECOUPLING_COMPLETED,WS_02,,,,SCREW,0,3.0
14192.5,2025-12-10T20:32:30+00:00,LOCO_01,MOVING,track_19,WS_02,track_19,,,0,5.0
14197.5,2025-12-10T20:37:30+00:00,LOCO_01,ALLOCATED,,,,batch_transport,,0,0.0
14197.5,2025-12-10T20:37:30+00:00,LOCO_01,MOVING,retrofitted,track_19,retrofitted,,,0,5.0
14202.5,2025-12-10T20:42:30+00:00,LOCO_01,RAKE_COUPLING_STARTED,retrofitted,,,,DAC,2,0.5
14203.0,2025-12-10T20:43:00+00:00,LOCO_01,RAKE_COUPLING_COMPLETED,retrofitted,,,,DAC,2,0.5
14203.0,2025-12-10T20:43:00+00:00,LOCO_01,LOCO_COUPLING_STARTED,retrofitted,,,,DAC,2,0.5
14203.5,2025-12-10T20:43:30+00:00,LOCO_01,LOCO_COUPLING_COMPLETED,retrofitted,,,,DAC,2,0.5
14203.5,2025-12-10T20:43:30+00:00,LOCO_01,SHUNTING_PREP,retrofitted,,,,,2,1.0
14204.5,2025-12-10T20:44:30+00:00,LOCO_01,MOVING,parking7,retrofitted,parking7,,,0,5.0
14209.5,2025-12-10T20:49:30+00:00,LOCO_01,LOCO_DECOUPLING_STARTED,parking7,,,,DAC,2,0.5
14210.0,2025-12-10T20:50:00+00:00,LOCO_01,LOCO_DECOUPLING_COMPLETED,parking7,,,,DAC,2,0.5
14210.0,2025-12-10T20:50:00+00:00,LOCO_01,RAKE_DECOUPLING_STARTED,parking7,,,,DAC,2,0.5
14210.5,2025-12-10T20:50:30+00:00,LOCO_01,RAKE_DECOUPLING_COMPLETED,parking7,,,,DAC,2,0.5
14211.0,2025-12-10T20:51:00+00:00,LOCO_01,MOVING,track_19,parking7,track_19,,,0,5.0
14216.0,2025-12-10T20:56:00+00:00,LOCO_01,MOVING,collection2,track_19,collection2,,,0,60.0
14276.0,2025-12-10T21:56:00+00:00,LOCO_01,ALLOCATED,,,,batch_transport,,0,0.0
14276.0,2025-12-10T21:56:00+00:00,LOCO_01,RAKE_COUPLING_STARTED,collection2,,,,SCREW,4,6.0
14282.0,2025-12-10T22:02:00+00:00,LOCO_01,RAKE_COUPLING_COMPLETED,collection2,,,,SCREW,4,6.0
14282.0,2025-12-10T22:02:00+00:00,LOCO_01,LOCO_COUPLING_STARTED,collection2,,,,SCREW,4,2.0
14284.0,2025-12-10T22:04:00+00:00,LOCO_01,LOCO_COUPLING_COMPLETED,collection2,,,,SCREW,4,2.0
14284.0,2025-12-10T22:04:00+00:00,LOCO_01,SHUNTING_PREP,collection2,,,,,4,1.0
14285.0,2025-12-10T22:05:00+00:00,LOCO_01,MOVING,retrofit,collection2,retrofit,,,0,60.0
14345.0,2025-12-10T23:05:00+00:00,LOCO_01,LOCO_DECOUPLING_STARTED,retrofit,,,,SCREW,4,3.0
14348.0,2025-12-10T23:08:00+00:00,LOCO_01,LOCO_DECOUPLING_COMPLETED,retrofit,,,,SCREW,4,3.0
14348.0,2025-12-10T23:08:00+00:00,LOCO_01,RAKE_DECOUPLING_STARTED,retrofit,,,,SCREW,4,9.0
14357.0,2025-12-10T23:17:00+00:00,LOCO_01,RAKE_DECOUPLING_COMPLETED,retrofit,,,,SCREW,4,9.0
14366.0,2025-12-10T23:26:00+00:00,LOCO_01,MOVING,track_19,retrofit,track_19,,,0,5.0
14371.0,2025-12-10T23:31:00+00:00,LOCO_01,PARKING,,,,,,0,0.0
14371.0,2025-12-10T23:31:00+00:00,LOCO_01,MOVING,WS_01,track_19,WS_01,,,0,5.0
14376.0,2025-12-10T23:36:00+00:00,LOCO_01,RAKE_COUPLING_STARTED,WS_01,,,,DAC,2,0.5
14376.5,2025-12-10T23:36:30+00:00,LOCO_01,RAKE_COUPLING_COMPLETED,WS_01,,,,DAC,2,0.5
14376.5,2025-12-10T23:36:30+00:00,LOCO_01,LOCO_COUPLING_STARTED,WS_01,,,,DAC,2,0.5
14377.0,2025-12-10T23:37:00+00:00,LOCO_01,LOCO_COUPLING_COMPLETED,WS_01,,,,DAC,2,0.5
14377.0,2025-12-10T23:37:00+00:00,LOCO_01,SHUNTING_PREP,WS_01,,,,,2,1.0
14378.0,2025-12-10T23:38:00+00:00,LOCO_01,MOVING,retrofitted,WS_01,retrofitted,,,0,5.0
14383.0,2025-12-10T23:43:00+00:00,LOCO_01,MOVING,track_19,retrofitted,track_19,,,0,7.0
14390.0,2025-12-10T23:50:00+00:00,LOCO_01,MOVING,retrofit,track_19,retrofit,,,0,5.0
14395.0,2025-12-10T23:55:00+00:00,LOCO_01,COUPLING_STARTED,retrofit,,,,SCREW,0,2.0
14397.0,2025-12-10T23:57:00+00:00,LOCO_01,COUPLING_COMPLETED,retrofit,,,,SCREW,0,2.0
14397.0,2025-12-10T23:57:00+00:00,LOCO_01,SHUNTING_PREP,retrofit,,,,,0,1.0
14398.0,2025-12-10T23:58:00+00:00,LOCO_01,MOVING,WS_02,retrofit,WS_02,,,0,0.0
487.0,2025-12-01T08:07:00+00:00,LOCO_02,MOVING,retrofit,track_19,retrofit,,,0,5.0
492.0,2025-12-01T08:12:00+00:00,LOCO_02,COUPLING_STARTED,retrofit,,,,SCREW,0,2.0
494.0,2025-12-01T08:14:00+00:00,LOCO_02,COUPLING_COMPLETED,retrofit,,,,SCREW,0,2.0
494.0,2025-12-01T08:14:00+00:00,LOCO_02,SHUNTING_PREP,retrofit,,,,,0,1.0
495.0,2025-12-01T08:15:00+00:00,LOCO_02,MOVING,WS_01,retrofit,WS_01,,,0,5.0
500.0,2025-12-01T08:20:00+00:00,LOCO_02,DECOUPLING_STARTED,WS_01,,,,SCREW,0,3.0
503.0,2025-12-01T08:23:00+00:00,LOCO_02,DECOUPLING_COMPLETED,WS_01,,,,SCREW,0,3.0
506.0,2025-12-01T08:26:00+00:00,LOCO_02,MOVING,track_19,WS_01,track_19,,,0,60.5
566.5,2025-12-01T09:26:30+00:00,LOCO_02,MOVING,WS_01,track_19,WS_01,,,0,5.0
571.5,2025-12-01T09:31:30+00:00,LOCO_02,RAKE_COUPLING_STARTED,WS_01,,,,DAC,2,0.5
572.0,2025-12-01T09:32:00+00:00,LOCO_02,RAKE_COUPLING_COMPLETED,WS_01,,,,DAC,2,0.5
572.0,2025-12-01T09:32:00+00:00,LOCO_02,LOCO_COUPLING_STARTED,WS_01,,,,DAC,2,0.5
572.5,2025-12-01T09:32:30+00:00,LOCO_02,LOCO_COUPLING_COMPLETED,WS_01,,,,DAC,2,0.5
572.5,2025-12-01T09:32:30+00:00,LOCO_02,SHUNTING_PREP,WS_01,,,,,2,1.0
573.5,2025-12-01T09:33:30+00:00,LOCO_02,MOVING,retrofitted,WS_01,retrofitted,,,0,5.0
578.5,2025-12-01T09:38:30+00:00,LOCO_02,MOVING,track_19,retrofitted,track_19,,,0,5.0
583.5,2025-12-01T09:43:30+00:00,LOCO_02,ALLOCATED,,,,batch_transport,,0,0.0
583.5,2025-12-01T09:43:30+00:00,LOCO_02,MOVING,retrofitted,track_19,retrofitted,,,0,5.0
588.5,2025-12-01T09:48:30+00:00,LOCO_02,RAKE_COUPLING_STARTED,retrofitted,,,,DAC,2,0.5
589.0,2025-12-01T09:49:00+00:00,LOCO_02,RAKE_COUPLING_COMPLETED,retrofitted,,,,DAC,2,0.5
589.0,2025-12-01T09:49:00+00:00,LOCO_02,LOCO_COUPLING_STARTED,retrofitted,,,,DAC,2,0.5
589.5,2025-12-01T09:49:30+00:00,LOCO_02,LOCO_COUPLING_COMPLETED,retrofitted,,,,DAC,2,0.5
589.5,2025-12-01T09:49:30+00:00,LOCO_02,SHUNTING_PREP,retrofitted,,,,,2,1.0
590.5,2025-12-01T09:50:30+00:00,LOCO_02,MOVING,parking16,retrofitted,parking16,,,0,120.0
710.5,2025-12-01T11:50:30+00:00,LOCO_02,LOCO_DECOUPLING_STARTED,parking16,,,,DAC,2,0.5
711.0,2025-12-01T11:51:00+00:00,LOCO_02,LOCO_DECOUPLING_COMPLETED,parking16,,,,DAC,2,0.5
711.0,2025-12-01T11:51:00+00:00,LOCO_02,RAKE_DECOUPLING_STARTED,parking16,,,,DAC,2,0.5
711.5,2025-12-01T11:51:30+00:00,LOCO_02,RAKE_DECOUPLING_COMPLETED,parking16,,,,DAC,2,0.5
712.0,2025-12-01T11:52:00+00:00,LOCO_02,MOVING,track_19,parking16,track_19,,,0,60.0
772.0,2025-12-01T12:52:00+00:00,LOCO_02,MOVING,WS_01,track_19,WS_01,,,0,5.0
777.0,2025-12-01T12:57:00+00:00,LOCO_02,RAKE_COUPLING_STARTED,WS_01,,,,DAC,2,0.5
777.5,2025-12-01T12:57:30+00:00,LOCO_02,RAKE_COUPLING_COMPLETED,WS_01,,,,DAC,2,0.5
777.5,2025-12-01T12:57:30+00:00,LOCO_02,LOCO_COUPLING_STARTED,WS_01,,,,DAC,2,0.5
778.0,2025-12-01T12:58:00+00:00,LOCO_02,LOCO_COUPLING_COMPLETED,WS_01,,,,DAC,2,0.5
778.0,2025-12-01T12:58:00+00:00,LOCO_02,SHUNTING_PREP,WS_01,,,,,2,1.0
779.0,2025-12-01T12:59:00+00:00,LOCO_02,MOVING,retrofitted,WS_01,retrofitted,,,0,5.0
784.0,2025-12-01T13:04:00+00:00,LOCO_02,MOVING,track_19,retrofitted,track_19,,,0,11.0
795.0,2025-12-01T13:15:00+00:00,LOCO_02,MOVING,retrofit,track_19,retrofit,,,0,5.0
800.0,2025-12-01T13:20:00+00:00,LOCO_02,COUPLING_STARTED,retrofit,,,,SCREW,0,2.0
802.0,2025-12-01T13:22:00+00:00,LOCO_02,COUPLING_COMPLETED,retrofit,,,,SCREW,0,2.0
802.0,2025-12-01T13:22:00+00:00,LOCO_02,SHUNTING_PREP,retrofit,,,,,0,1.0
803.0,2025-12-01T13:23:00+00:00,LOCO_02,MOVING,WS_01,retrofit,WS_01,,,0,5.0
808.0,2025-12-01T13:28:00+00:00,LOCO_02,DECOUPLING_STARTED,WS_01,,,,SCREW,0,3.0
811.0,2025-12-01T13:31:00+00:00,LOCO_02,DECOUPLING_COMPLETED,WS_01,,,,SCREW,0,3.0
814.0,2025-12-01T13:34:00+00:00,LOCO_02,MOVING,track_19,WS_01,track_19,,,0,5.0
819.0,2025-12-01T13:39:00+00:00,LOCO_02,MOVING,collection1,track_19,collection1,,,0,60.0
879.0,2025-12-01T14:39:00+00:00,LOCO_02,ALLOCATED,,,,batch_transport,,0,0.0
879.0,2025-12-01T14:39:00+00:00,LOCO_02,RAKE_COUPLING_STARTED,collection1,,,,SCREW,16,30.0
909.0,2025-12-01T15:09:00+00:00,LOCO_02,RAKE_COUPLING_COMPLETED,collection1,,,,SCREW,16,30.0
909.0,2025-12-01T15:09:00+00:00,LOCO_02,LOCO_COUPLING_STARTED,collection1,,,,SCREW,16,2.0
911.0,2025-12-01T15:11:00+00:00,LOCO_02,LOCO_COUPLING_COMPLETED,collection1,,,,SCREW,16,2.0
911.0,2025-12-01T15:11:00+00:00,LOCO_02,SHUNTING_PREP,collection1,,,,,16,1.0
912.0,2025-12-01T15:12:00+00:00,LOCO_02,MOVING,retrofit,collection1,retrofit,,,0,60.0
972.0,2025-12-01T16:12:00+00:00,LOCO_02,LOCO_DECOUPLING_STARTED,retrofit,,,,SCREW,16,3.0
975.0,2025-12-01T16:15:00+00:00,LOCO_02,LOCO_DECOUPLING_COMPLETED,retrofit,,,,SCREW,16,3.0
975.0,2025-12-01T16:15:00+00:00,LOCO_02,RAKE_DECOUPLING_STARTED,retrofit,,,,SCREW,16,45.0
1020.0,2025-12-01T17:00:00+00:00,LOCO_02,RAKE_DECOUPLING_COMPLETED,retrofit,,,,SCREW,16,45.0
1065.0,2025-12-01T17:45:00+00:00,LOCO_02,MOVING,track_19,retrofit,track_19,,,0,5.0
1070.0,2025-12-01T17:50:00+00:00,LOCO_02,PARKING,,,,,,0,2.0
1072.0,2025-12-01T17:52:00+00:00,LOCO_02,MOVING,retrofit,track_19,retrofit,,,0,5.0
1077.0,2025-12-01T17:57:00+00:00,LOCO_02,COUPLING_STARTED,retrofit,,,,SCREW,0,2.0
1079.0,2025-12-01T17:59:00+00:00,LOCO_02,COUPLING_COMPLETED,retrofit,,,,SCREW,0,2.0
1079.0,2025-12-01T17:59:00+00:00,LOCO_02,SHUNTING_PREP,retrofit,,,,,0,1.0
1080.0,2025-12-01T18:00:00+00:00,LOCO_02,MOVING,WS_01,retrofit,WS_01,,,0,5.0
1085.0,2025-12-01T18:05:00+00:00,LOCO_02,DECOUPLING_STARTED,WS_01,,,,SCREW,0,3.0
1088.0,2025-12-01T18:08:00+00:00,LOCO_02,DECOUPLING_COMPLETED,WS_01,,,,SCREW,0,3.0
1091.0,2025-12-01T18:11:00+00:00,LOCO_02,MOVING,track_19,WS_01,track_19,,,0,5.0
1096.0,2025-12-01T18:16:00+00:00,LOCO_02,ALLOCATED,,,,batch_transport,,0,0.0
1096.0,2025-12-01T18:16:00+00:00,LOCO_02,MOVING,retrofitted,track_19,retrofitted,,,0,5.0
1101.0,2025-12-01T18:21:00+00:00,LOCO_02,RAKE_COUPLING_STARTED,retrofitted,,,,DAC,2,0.5
1101.5,2025-12-01T18:21:30+00:00,LOCO_02,RAKE_COUPLING_COMPLETED,retrofitted,,,,DAC,2,0.5
1101.5,2025-12-01T18:21:30+00:00,LOCO_02,LOCO_COUPLING_STARTED,retrofitted,,,,DAC,2,0.5
1102.0,2025-12-01T18:22:00+00:00,LOCO_02,LOCO_COUPLING_COMPLETED,retrofitted,,,,DAC,2,0.5
1102.0,2025-12-01T18:22:00+00:00,LOCO_02,SHUNTING_PREP,retrofitted,,,,,2,1.0
1103.0,2025-12-01T18:23:00+00:00,LOCO_02,MOVING,parking16,retrofitted,parking16,,,0,120.0
1223.0,2025-12-01T20:23:00+00:00,LOCO_02,LOCO_DECOUPLING_STARTED,parking16,,,,DAC,2,0.5
1223.5,2025-12-01T20:23:30+00:00,LOCO_02,LOCO_DECOUPLING_COMPLETED,parking16,,,,DAC,2,0.5
1223.5,2025-12-01T20:23:30+00:00,LOCO_02,RAKE_DECOUPLING_STARTED,parking16,,,,DAC,2,0.5
1224.0,2025-12-01T20:24:00+00:00,LOCO_02,RAKE_DECOUPLING_COMPLETED,parking16,,,,DAC,2,0.5
1224.5,2025-12-01T20:24:30+00:00,LOCO_02,MOVING,track_19,parking16,track_19,,,0,60.0
1284.5,2025-12-01T21:24:30+00:00,LOCO_02,MOVING,collection1,track_19,collection1,,,0,60.0
1344.5,2025-12-01T22:24:30+00:00,LOCO_02,ALLOCATED,,,,batch_transport,,0,0.0
1344.5,2025-12-01T22:24:30+00:00,LOCO_02,RAKE_COUPLING_STARTED,collection1,,,,SCREW,2,2.0
1346.5,2025-12-01T22:26:30+00:00,LOCO_02,RAKE_COUPLING_COMPLETED,collection1,,,,SCREW,2,2.0
1346.5,2025-12-01T22:26:30+00:00,LOCO_02,LOCO_COUPLING_STARTED,collection1,,,,SCREW,2,2.0
1348.5,2025-12-01T22:28:30+00:00,LOCO_02,LOCO_COUPLING_COMPLETED,collection1,,,,SCREW,2,2.0
1348.5,2025-12-01T22:28:30+00:00,LOCO_02,SHUNTING_PREP,collection1,,,,,2,1.0
1349.5,2025-12-01T22:29:30+00:00,LOCO_02,MOVING,retrofit,collection1,retrofit,,,0,60.0
1409.5,2025-12-01T23:29:30+00:00,LOCO_02,LOCO_DECOUPLING_STARTED,retrofit,,,,SCREW,2,3.0
1412.5,2025-12-01T23:32:30+00:00,LOCO_02,LOCO_DECOUPLING_COMPLETED,retrofit,,,,SCREW,2,3.0
1412.5,2025-12-01T23:32:30+00:00,LOCO_02,RAKE_DECOUPLING_STARTED,retrofit,,,,SCREW,2,3.0
1415.5,2025-12-01T23:35:30+00:00,LOCO_02,RAKE_DECOUPLING_COMPLETED,retrofit,,,,SCREW,2,3.0
1418.5,2025-12-01T23:38:30+00:00,LOCO_02,MOVING,track_19,retrofit,track_19,,,0,5.0
1423.5,2025-12-01T23:43:30+00:00,LOCO_02,PARKING,,,,,,0,2.0
1425.5,2025-12-01T23:45:30+00:00,LOCO_02,MOVING,retrofit,track_19,retrofit,,,0,5.0
1430.5,2025-12-01T23:50:30+00:00,LOCO_02,COUPLING_STARTED,retrofit,,,,SCREW,0,2.0
1432.5,2025-12-01T23:52:30+00:00,LOCO_02,COUPLING_COMPLETED,retrofit,,,,SCREW,0,2.0
1432.5,2025-12-01T23:52:30+00:00,LOCO_02,SHUNTING_PREP,retrofit,,,,,0,1.0
1433.5,2025-12-01T23:53:30+00:00,LOCO_02,MOVING,WS_01,retrofit,WS_01,,,0,5.0
1438.5,2025-12-01T23:58:30+00:00,LOCO_02,DECOUPLING_STARTED,WS_01,,,,SCREW,0,3.0
1441.5,2025-12-02T00:01:30+00:00,LOCO_02,DECOUPLING_COMPLETED,WS_01,,,,SCREW,0,3.0
1444.5,2025-12-02T00:04:30+00:00,LOCO_02,MOVING,track_19,WS_01,track_19,,,0,5.0
1449.5,2025-12-02T00:09:30+00:00,LOCO_02,MOVING,WS_02,track_19,WS_02,,,0,5.0
1454.5,2025-12-02T00:14:30+00:00,LOCO_02,RAKE_COUPLING_STARTED,WS_02,,,,DAC,2,0.5
1455.0,2025-12-02T00:15:00+00:00,LOCO_02,RAKE_COUPLING_COMPLETED,WS_02,,,,DAC,2,0.5
1455.0,2025-12-02T00:15:00+00:00,LOCO_02,LOCO_COUPLING_STARTED,WS_02,,,,DAC,2,0.5
1455.5,2025-12-02T00:15:30+00:00,LOCO_02,LOCO_COUPLING_COMPLETED,WS_02,,,,DAC,2,0.5
1455.5,2025-12-02T00:15:30+00:00,LOCO_02,SHUNTING_PREP,WS_02,,,,,2,1.0
1456.5,2025-12-02T00:16:30+00:00,LOCO_02,MOVING,retrofitted,WS_02,retrofitted,,,0,5.0
1461.5,2025-12-02T00:21:30+00:00,LOCO_02,MOVING,track_19,retrofitted,track_19,,,0,5.0
1466.5,2025-12-02T00:26:30+00:00,LOCO_02,MOVING,collection1,track_19,collection1,,,0,60.0
1526.5,2025-12-02T01:26:30+00:00,LOCO_02,ALLOCATED,,,,batch_transport,,0,0.0
1526.5,2025-12-02T01:26:30+00:00,LOCO_02,LOCO_COUPLING_STARTED,collection1,,,,SCREW,1,2.0
1528.5,2025-12-02T01:28:30+00:00,LOCO_02,LOCO_COUPLING_COMPLETED,collection1,,,,SCREW,1,2.0
1528.5,2025-12-02T01:28:30+00:00,LOCO_02,SHUNTING_PREP,collection1,,,,,1,1.0
1529.5,2025-12-02T01:29:30+00:00,LOCO_02,MOVING,retrofit,collection1,retrofit,,,0,60.0
1589.5,2025-12-02T02:29:30+00:00,LOCO_02,LOCO_DECOUPLING_STARTED,retrofit,,,,SCREW,1,3.0
1592.5,2025-12-02T02:32:30+00:00,LOCO_02,MOVING,track_19,retrofit,track_19,,,0,0.0
1592.5,2025-12-02T02:32:30+00:00,LOCO_02,LOCO_DECOUPLING_COMPLETED,retrofit,,,,SCREW,1,3.0
1597.5,2025-12-02T02:37:30+00:00,LOCO_02,PARKING,,,,,,0,2.0
1599.5,2025-12-02T02:39:30+00:00,LOCO_02,MOVING,retrofit,track_19,retrofit,,,0,5.0
1604.5,2025-12-02T02:44:30+00:00,LOCO_02,COUPLING_STARTED,retrofit,,,,SCREW,0,2.0
1606.5,2025-12-02T02:46:30+00:00,LOCO_02,COUPLING_COMPLETED,retrofit,,,,SCREW,0,2.0
1606.5,2025-12-02T02:46:30+00:00,LOCO_02,SHUNTING_PREP,retrofit,,,,,0,1.0
1607.5,2025-12-02T02:47:30+00:00,LOCO_02,MOVING,WS_01,retrofit,WS_01,,,0,5.0
1612.5,2025-12-02T02:52:30+00:00,LOCO_02,DECOUPLING_STARTED,WS_01,,,,SCREW,0,3.0
1615.5,2025-12-02T02:55:30+00:00,LOCO_02,DECOUPLING_COMPLETED,WS_01,,,,SCREW,0,3.0
1618.5,2025-12-02T02:58:30+00:00,LOCO_02,MOVING,track_19,WS_01,track_19,,,0,5.0
1623.5,2025-12-02T03:03:30+00:00,LOCO_02,MOVING,WS_02,track_19,WS_02,,,0,5.0
1628.5,2025-12-02T03:08:30+00:00,LOCO_02,RAKE_COUPLING_STARTED,WS_02,,,,DAC,2,0.5
1629.0,2025-12-02T03:09:00+00:00,LOCO_02,RAKE_COUPLING_COMPLETED,WS_02,,,,DAC,2,0.5
1629.0,2025-12-02T03:09:00+00:00,LOCO_02,LOCO_COUPLING_STARTED,WS_02,,,,DAC,2,0.5
1629.5,2025-12-02T03:09:30+00:00,LOCO_02,LOCO_COUPLING_COMPLETED,WS_02,,,,DAC,2,0.5
1629.5,2025-12-02T03:09:30+00:00,LOCO_02,SHUNTING_PREP,WS_02,,,,,2,1.0
1630.5,2025-12-02T03:10:30+00:00,LOCO_02,MOVING,retrofitted,WS_02,retrofitted,,,0,5.0
1635.5,2025-12-02T03:15:30+00:00,LOCO_02,MOVING,track_19,retrofitted,track_19,,,0,5.0
1640.5,2025-12-02T03:20:30+00:00,LOCO_02,MOVING,collection2,track_19,collection2,,,0,60.0
1700.5,2025-12-02T04:20:30+00:00,LOCO_02,ALLOCATED,,,,batch_transport,,0,0.0
1700.5,2025-12-02T04:20:30+00:00,LOCO_02,RAKE_COUPLING_STARTED,collection2,,,,SCREW,2,2.0
1702.5,2025-12-02T04:22:30+00:00,LOCO_02,RAKE_COUPLING_COMPLETED,collection2,,,,SCREW,2,2.0
1702.5,2025-12-02T04:22:30+00:00,LOCO_02,LOCO_COUPLING_STARTED,collection2,,,,SCREW,2,2.0
1704.5,2025-12-02T04:24:30+00:00,LOCO_02,LOCO_COUPLING_COMPLETED,collection2,,,,SCREW,2,2.0
1704.5,2025-12-02T04:24:30+00:00,LOCO_02,SHUNTING_PREP,collection2,,,,,2,1.0
1705.5,2025-12-02T04:25:30+00:00,LOCO_02,MOVING,retrofit,collection2,retrofit,,,0,60.0
1765.5,2025-12-02T05:25:30+00:00,LOCO_02,LOCO_DECOUPLING_STARTED,retrofit,,,,SCREW,2,3.0
1768.5,2025-12-02T05:28:30+00:00,LOCO_02,LOCO_DECOUPLING_COMPLETED,retrofit,,,,SCREW,2,3.0
1768.5,2025-12-02T05:28:30+00:00,LOCO_02,RAKE_DECOUPLING_STARTED,retrofit,,,,SCREW,2,3.0
1771.5,2025-12-02T05:31:30+00:00,LOCO_02,RAKE_DECOUPLING_COMPLETED,retrofit,,,,SCREW,2,3.0
1774.5,2025-12-02T05:34:30+00:00,LOCO_02,MOVING,track_19,retrofit,track_19,,,0,5.0
1779.5,2025-12-02T05:39:30+00:00,LOCO_02,PARKING,,,,,,0,2.0
1781.5,2025-12-02T05:41:30+00:00,LOCO_02,MOVING,retrofit,track_19,retrofit,,,0,5.0
1786.5,2025-12-02T05:46:30+00:00,LOCO_02,COUPLING_STARTED,retrofit,,,,SCREW,0,2.0
1788.5,2025-12-02T05:48:30+00:00,LOCO_02,COUPLING_COMPLETED,retrofit,,,,SCREW,0,2.0
1788.5,2025-12-02T05:48:30+00:00,LOCO_02,SHUNTING_PREP,retrofit,,,,,0,1.0
1789.5,2025-12-02T05:49:30+00:00,LOCO_02,MOVING,WS_01,retrofit,WS_01,,,0,5.0
1794.5,2025-12-02T05:54:30+00:00,LOCO_02,DECOUPLING_STARTED,WS_01,,,,SCREW,0,3.0
1797.5,2025-12-02T05:57:30+00:00,LOCO_02,DECOUPLING_COMPLETED,WS_01,,,,SCREW,0,3.0
1800.5,2025-12-02T06:00:30+00:00,LOCO_02,MOVING,track_19,WS_01,track_19,,,0,5.0
1805.5,2025-12-02T06:05:30+00:00,LOCO_02,MOVING,WS_02,track_19,WS_02,,,0,5.0
1810.5,2025-12-02T06:10:30+00:00,LOCO_02,RAKE_COUPLING_STARTED,WS_02,,,,DAC,2,0.5
1811.0,2025-12-02T06:11:00+00:00,LOCO_02,RAKE_COUPLING_COMPLETED,WS_02,,,,DAC,2,0.5
1811.0,2025-12-02T06:11:00+00:00,LOCO_02,LOCO_COUPLING_STARTED,WS_02,,,,DAC,2,0.5
1811.5,2025-12-02T06:11:30+00:00,LOCO_02,LOCO_COUPLING_COMPLETED,WS_02,,,,DAC,2,0.5
1811.5,2025-12-02T06:11:30+00:00,LOCO_02,SHUNTING_PREP,WS_02,,,,,2,1.0
1812.5,2025-12-02T06:12:30+00:00,LOCO_02,MOVING,retrofitted,WS_02,retrofitted,,,0,5.0
1817.5,2025-12-02T06:17:30+00:00,LOCO_02,MOVING,track_19,retrofitted,track_19,,,0,5.0
1822.5,2025-12-02T06:22:30+00:00,LOCO_02,MOVING,collection1,track_19,collection1,,,0,60.0
1882.5,2025-12-02T07:22:30+00:00,LOCO_02,ALLOCATED,,,,batch_transport,,0,0.0
1882.5,2025-12-02T07:22:30+00:00,LOCO_02,RAKE_COUPLING_STARTED,collection1,,,,SCREW,2,2.0
1884.5,2025-12-02T07:24:30+00:00,LOCO_02,RAKE_COUPLING_COMPLETED,collection1,,,,SCREW,2,2.0
1884.5,2025-12-02T07:24:30+00:00,LOCO_02,LOCO_COUPLING_STARTED,collection1,,,,SCREW,2,2.0
1886.5,2025-12-02T07:26:30+00:00,LOCO_02,LOCO_COUPLING_COMPLETED,collection1,,,,SCREW,2,2.0
1886.5,2025-12-02T07:26:30+00:00,LOCO_02,SHUNTING_PREP,collection1,,,,,2,1.0
1887.5,2025-12-02T07:27:30+00:00,LOCO_02,MOVING,retrofit,collection1,retrofit,,,0,60.0
1947.5,2025-12-02T08:27:30+00:00,LOCO_02,LOCO_DECOUPLING_STARTED,retrofit,,,,SCREW,2,3.0
1950.5,2025-12-02T08:30:30+00:00,LOCO_02,LOCO_DECOUPLING_COMPLETED,retrofit,,,,SCREW,2,3.0
1950.5,2025-12-02T08:30:30+00:00,LOCO_02,RAKE_DECOUPLING_STARTED,retrofit,,,,SCREW,2,3.0
1953.5,2025-12-02T08:33:30+00:00,LOCO_02,RAKE_DECOUPLING_COMPLETED,retrofit,,,,SCREW,2,3.0
1956.5,2025-12-02T08:36:30+00:00,LOCO_02,MOVING,track_19,retrofit,track_19,,,0,5.0
1961.5,2025-12-02T08:41:30+00:00,LOCO_02,PARKING,,,,,,0,0.0
1961.5,2025-12-02T08:41:30+00:00,LOCO_02,MOVING,WS_01,track_19,WS_01,,,0,5.0
1966.5,2025-12-02T08:46:30+00:00,LOCO_02,RAKE_COUPLING_STARTED,WS_01,,,,DAC,2,0.5
1967.0,2025-12-02T08:47:00+00:00,LOCO_02,RAKE_COUPLING_COMPLETED,WS_01,,,,DAC,2,0.5
1967.0,2025-12-02T08:47:00+00:00,LOCO_02,LOCO_COUPLING_STARTED,WS_01,,,,DAC,2,0.5
1967.5,2025-12-02T08:47:30+00:00,LOCO_02,LOCO_COUPLING_COMPLETED,WS_01,,,,DAC,2,0.5
1967.5,2025-12-02T08:47:30+00:00,LOCO_02,SHUNTING_PREP,WS_01,,,,,2,1.0
1968.5,2025-12-02T08:48:30+00:00,LOCO_02,MOVING,retrofitted,WS_01,retrofitted,,,0,5.0
1973.5,2025-12-02T08:53:30+00:00,LOCO_02,MOVING,track_19,retrofitted,track_19,,,0,5.0
1978.5,2025-12-02T08:58:30+00:00,LOCO_02,ALLOCATED,,,,batch_transport,,0,0.0
1978.5,2025-12-02T08:58:30+00:00,LOCO_02,MOVING,retrofitted,track_19,retrofitted,,,0,5.0
1983.5,2025-12-02T09:03:30+00:00,LOCO_02,RAKE_COUPLING_STARTED,retrofitted,,,,DAC,4,1.5
1985.0,2025-12-02T09:05:00+00:00,LOCO_02,RAKE_COUPLING_COMPLETED,retrofitted,,,,DAC,4,1.5
1985.0,2025-12-02T09:05:00+00:00,LOCO_02,LOCO_COUPLING_STARTED,retrofitted,,,,DAC,4,0.5
1985.5,2025-12-02T09:05:30+00:00,LOCO_02,LOCO_COUPLING_COMPLETED,retrofitted,,,,DAC,4,0.5
1985.5,2025-12-02T09:05:30+00:00,LOCO_02,SHUNTING_PREP,retrofitted,,,,,4,1.0
1986.5,2025-12-02T09:06:30+00:00,LOCO_02,MOVING,parking16,retrofitted,parking16,,,0,120.0
2106.5,2025-12-02T11:06:30+00:00,LOCO_02,LOCO_DECOUPLING_STARTED,parking16,,,,DAC,4,0.5
2107.0,2025-12-02T11:07:00+00:00,LOCO_02,LOCO_DECOUPLING_COMPLETED,parking16,,,,DAC,4,0.5
2107.0,2025-12-02T11:07:00+00:00,LOCO_02,RAKE_DECOUPLING_STARTED,parking16,,,,DAC,4,1.5
2108.5,2025-12-02T11:08:30+00:00,LOCO_02,RAKE_DECOUPLING_COMPLETED,parking16,,,,DAC,4,1.5
2110.0,2025-12-02T11:10:00+00:00,LOCO_02,MOVING,track_19,parking16,track_19,,,0,60.0
2170.0,2025-12-02T12:10:00+00:00,LOCO_02,MOVING,WS_01,track_19,WS_01,,,0,5.0
2175.0,2025-12-02T12:15:00+00:00,LOCO_02,RAKE_COUPLING_STARTED,WS_01,,,,DAC,2,0.5
2175.5,2025-12-02T12:15:30+00:00,LOCO_02,RAKE_COUPLING_COMPLETED,WS_01,,,,DAC,2,0.5
2175.5,2025-12-02T12:15:30+00:00,LOCO_02,LOCO_COUPLING_STARTED,WS_01,,,,DAC,2,0.5
2176.0,2025-12-02T12:16:00+00:00,LOCO_02,LOCO_COUPLING_COMPLETED,WS_01,,,,DAC,2,0.5
2176.0,2025-12-02T12:16:00+00:00,LOCO_02,SHUNTING_PREP,WS_01,,,,,2,1.0
2177.0,2025-12-02T12:17:00+00:00,LOCO_02,MOVING,retrofitted,WS_01,retrofitted,,,0,5.0
2182.0,2025-12-02T12:22:00+00:00,LOCO_02,MOVING,track_19,retrofitted,track_19,,,0,7.0
2189.0,2025-12-02T12:29:00+00:00,LOCO_02,MOVING,retrofit,track_19,retrofit,,,0,5.0
2194.0,2025-12-02T12:34:00+00:00,LOCO_02,COUPLING_STARTED,retrofit,,,,SCREW,0,2.0
2196.0,2025-12-02T12:36:00+00:00,LOCO_02,COUPLING_COMPLETED,retrofit,,,,SCREW,0,2.0
2196.0,2025-12-02T12:36:00+00:00,LOCO_02,SHUNTING_PREP,retrofit,,,,,0,1.0
2197.0,2025-12-02T12:37:00+00:00,LOCO_02,MOVING,WS_02,retrofit,WS_02,,,0,5.0
2202.0,2025-12-02T12:42:00+00:00,LOCO_02,DECOUPLING_STARTED,WS_02,,,,SCREW,0,3.0
2205.0,2025-12-02T12:45:00+00:00,LOCO_02,DECOUPLING_COMPLETED,WS_02,,,,SCREW,0,3.0
2208.0,2025-12-02T12:48:00+00:00,LOCO_02,MOVING,track_19,WS_02,track_19,,,0,7.0
2215.0,2025-12-02T12:55:00+00:00,LOCO_02,MOVING,retrofit,track_19,retrofit,,,0,5.0
2220.0,2025-12-02T13:00:00+00:00,LOCO_02,COUPLING_STARTED,retrofit,,,,SCREW,0,2.0
2222.0,2025-12-02T13:02:00+00:00,LOCO_02,COUPLING_COMPLETED,retrofit,,,,SCREW,0,2.0
2222.0,2025-12-02T13:02:00+00:00,LOCO_02,SHUNTING_PREP,retrofit,,,,,0,1.0
2223.0,2025-12-02T13:03:00+00:00,LOCO_02,MOVING,WS_01,retrofit,WS_01,,,0,5.0
2228.0,2025-12-02T13:08:00+00:00,LOCO_02,DECOUPLING_STARTED,WS_01,,,,SCREW,0,3.0
2231.0,2025-12-02T13:11:00+00:00,LOCO_02,DECOUPLING_COMPLETED,WS_01,,,,SCREW,0,3.0
2234.0,2025-12-02T13:14:00+00:00,LOCO_02,MOVING,track_19,WS_01,track_19,,,0,5.0
2239.0,2025-12-02T13:19:00+00:00,LOCO_02,MOVING,collection1,track_19,collection1,,,0,60.0
2299.0,2025-12-02T14:19:00+00:00,LOCO_02,ALLOCATED,,,,batch_transport,,0,0.0
2299.0,2025-12-02T14:19:00+00:00,LOCO_02,RAKE_COUPLING_STARTED,collection1,,,,SCREW,2,2.0
2301.0,2025-12-02T14:21:00+00:00,LOCO_02,RAKE_COUPLING_COMPLETED,collection1,,,,SCREW,2,2.0
2301.0,2025-12-02T14:21:00+00:00,LOCO_02,LOCO_COUPLING_STARTED,collection1,,,,SCREW,2,2.0
2303.0,2025-12-02T14:23:00+00:00,LOCO_02,LOCO_COUPLING_COMPLETED,collection1,,,,SCREW,2,2.0
2303.0,2025-12-02T14:23:00+00:00,LOCO_02,SHUNTING_PREP,collection1,,,,,2,1.0
2304.0,2025-12-02T14:24:00+00:00,LOCO_02,MOVING,retrofit,collection1,retrofit,,,0,60.0
2364.0,2025-12-02T15:24:00+00:00,LOCO_02,LOCO_DECOUPLING_STARTED,retrofit,,,,SCREW,2,3.0
2367.0,2025-12-02T15:27:00+00:00,LOCO_02,LOCO_DECOUPLING_COMPLETED,retrofit,,,,SCREW,2,3.0
2367.0,2025-12-02T15:27:00+00:00,LOCO_02,RAKE_DECOUPLING_STARTED,retrofit,,,,SCREW,2,3.0
2370.0,2025-12-02T15:30:00+00:00,LOCO_02,RAKE_DECOUPLING_COMPLETED,retrofit,,,,SCREW,2,3.0
2373.0,2025-12-02T15:33:00+00:00,LOCO_02,MOVING,track_19,retrofit,track_19,,,0,5.0
2378.0,2025-12-02T15:38:00+00:00,LOCO_02,PARKING,,,,,,0,0.0
2378.0,2025-12-02T15:38:00+00:00,LOCO_02,MOVING,WS_01,track_19,WS_01,,,0,5.0
2383.0,2025-12-02T15:43:00+00:00,LOCO_02,RAKE_COUPLING_STARTED,WS_01,,,,DAC,2,0.5
2383.5,2025-12-02T15:43:30+00:00,LOCO_02,RAKE_COUPLING_COMPLETED,WS_01,,,,DAC,2,0.5
2383.5,2025-12-02T15:43:30+00:00,LOCO_02,LOCO_COUPLING_STARTED,WS_01,,,,DAC,2,0.5
2384.0,2025-12-02T15:44:00+00:00,LOCO_02,LOCO_COUPLING_COMPLETED,WS_01,,,,DAC,2,0.5
2384.0,2025-12-02T15:44:00+00:00,LOCO_02,SHUNTING_PREP,WS_01,,,,,2,1.0
2385.0,2025-12-02T15:45:00+00:00,LOCO_02,MOVING,retrofitted,WS_01,retrofitted,,,0,5.0
2390.0,2025-12-02T15:50:00+00:00,LOCO_02,MOVING,track_19,retrofitted,track_19,,,0,7.0
2397.0,2025-12-02T15:57:00+00:00,LOCO_02,MOVING,retrofit,track_19,retrofit,,,0,5.0
2402.0,2025-12-02T16:02:00+00:00,LOCO_02,COUPLING_STARTED,retrofit,,,,SCREW,0,2.0
2404.0,2025-12-02T16:04:00+00:00,LOCO_02,COUPLING_COMPLETED,retrofit,,,,SCREW,0,2.0
2404.0,2025-12-02T16:04:00+00:00,LOCO_02,SHUNTING_PREP,retrofit,,,,,0,1.0
2405.0,2025-12-02T16:05:00+00:00,LOCO_02,MOVING,WS_02,retrofit,WS_02,,,0,5.0
2410.0,2025-12-02T16:10:00+00:00,LOCO_02,DECOUPLING_STARTED,WS_02,,,,SCREW,0,3.0
2413.0,2025-12-02T16:13:00+00:00,LOCO_02,DECOUPLING_COMPLETED,WS_02,,,,SCREW,0,3.0
2416.0,2025-12-02T16:16:00+00:00,LOCO_02,MOVING,track_19,WS_02,track_19,,,0,7.0
2423.0,2025-12-02T16:23:00+00:00,LOCO_02,MOVING,retrofit,track_19,retrofit,,,0,5.0
2428.0,2025-12-02T16:28:00+00:00,LOCO_02,COUPLING_STARTED,retrofit,,,,SCREW,0,2.0
2430.0,2025-12-02T16:30:00+00:00,LOCO_02,COUPLING_COMPLETED,retrofit,,,,SCREW,0,2.0
2430.0,2025-12-02T16:30:00+00:00,LOCO_02,SHUNTING_PREP,retrofit,,,,,0,1.0
2431.0,2025-12-02T16:31:00+00:00,LOCO_02,MOVING,WS_01,retrofit,WS_01,,,0,5.0
2436.0,2025-12-02T16:36:00+00:00,LOCO_02,DECOUPLING_STARTED,WS_01,,,,SCREW,0,3.0
2439.0,2025-12-02T16:39:00+00:00,LOCO_02,DECOUPLING_COMPLETED,WS_01,,,,SCREW,0,3.0
2442.0,2025-12-02T16:42:00+00:00,LOCO_02,MOVING,track_19,WS_01,track_19,,,0,5.0
2447.0,2025-12-02T16:47:00+00:00,LOCO_02,MOVING,collection2,track_19,collection2,,,0,60.0
2507.0,2025-12-02T17:47:00+00:00,LOCO_02,ALLOCATED,,,,batch_transport,,0,0.0
2507.0,2025-12-02T17:47:00+00:00,LOCO_02,LOCO_COUPLING_STARTED,collection2,,,,SCREW,1,2.0
2509.0,2025-12-02T17:49:00+00:00,LOCO_02,LOCO_COUPLING_COMPLETED,collection2,,,,SCREW,1,2.0
2509.0,2025-12-02T17:49:00+00:00,LOCO_02,SHUNTING_PREP,collection2,,,,,1,1.0
2510.0,2025-12-02T17:50:00+00:00,LOCO_02,MOVING,retrofit,collection2,retrofit,,,0,60.0
2570.0,2025-12-02T18:50:00+00:00,LOCO_02,LOCO_DECOUPLING_STARTED,retrofit,,,,SCREW,1,3.0
2573.0,2025-12-02T18:53:00+00:00,LOCO_02,MOVING,track_19,retrofit,track_19,,,0,0.0
2573.0,2025-12-02T18:53:00+00:00,LOCO_02,LOCO_DECOUPLING_COMPLETED,retrofit,,,,SCREW,1,3.0
2578.0,2025-12-02T18:58:00+00:00,LOCO_02,PARKING,,,,,,0,0.0
2578.0,2025-12-02T18:58:00+00:00,LOCO_02,MOVING,WS_01,track_19,WS_01,,,0,5.0
2583.0,2025-12-02T19:03:00+00:00,LOCO_02,RAKE_COUPLING_STARTED,WS_01,,,,DAC,2,0.5
2583.5,2025-12-02T19:03:30+00:00,LOCO_02,RAKE_COUPLING_COMPLETED,WS_01,,,,DAC,2,0.5
2583.5,2025-12-02T19:03:30+00:00,LOCO_02,LOCO_COUPLING_STARTED,WS_01,,,,DAC,2,0.5
2584.0,2025-12-02T19:04:00+00:00,LOCO_02,LOCO_COUPLING_COMPLETED,WS_01,,,,DAC,2,0.5
2584.0,2025-12-02T19:04:00+00:00,LOCO_02,SHUNTING_PREP,WS_01,,,,,2,1.0
2585.0,2025-12-02T19:05:00+00:00,LOCO_02,MOVING,retrofitted,WS_01,retrofitted,,,0,5.0
2590.0,2025-12-02T19:10:00+00:00,LOCO_02,MOVING,track_19,retrofitted,track_19,,,0,7.0
2597.0,2025-12-02T19:17:00+00:00,LOCO_02,MOVING,retrofit,track_19,retrofit,,,0,5.0
2602.0,2025-12-02T19:22:00+00:00,LOCO_02,COUPLING_STARTED,retrofit,,,,SCREW,0,2.0
2604.0,2025-12-02T19:24:00+00:00,LOCO_02,COUPLING_COMPLETED,retrofit,,,,SCREW,0,2.0
2604.0,2025-12-02T19:24:00+00:00,LOCO_02,SHUNTING_PREP,retrofit,,,,,0,1.0
2605.0,2025-12-02T19:25:00+00:00,LOCO_02,MOVING,WS_02,retrofit,WS_02,,,0,5.0
2610.0,2025-12-02T19:30:00+00:00,LOCO_02,DECOUPLING_STARTED,WS_02,,,,SCREW,0,3.0
2613.0,2025-12-02T19:33:00+00:00,LOCO_02,DECOUPLING_COMPLETED,WS_02,,,,SCREW,0,3.0
2616.0,2025-12-02T19:36:00+00:00,LOCO_02,MOVING,track_19,WS_02,track_19,,,0,7.0
2623.0,2025-12-02T19:43:00+00:00,LOCO_02,MOVING,retrofit,track_19,retrofit,,,0,5.0
2628.0,2025-12-02T19:48:00+00:00,LOCO_02,COUPLING_STARTED,retrofit,,,,SCREW,0,2.0
2630.0,2025-12-02T19:50:00+00:00,LOCO_02,COUPLING_COMPLETED,retrofit,,,,SCREW,0,2.0
2630.0,2025-12-02T19:50:00+00:00,LOCO_02,SHUNTING_PREP,retrofit,,,,,0,1.0
2631.0,2025-12-02T19:51:00+00:00,LOCO_02,MOVING,WS_01,retrofit,WS_01,,,0,5.0
2636.0,2025-12-02T19:56:00+00:00,LOCO_02,DECOUPLING_STARTED,WS_01,,,,SCREW,0,3.0
2639.0,2025-12-02T19:59:00+00:00,LOCO_02,DECOUPLING_COMPLETED,WS_01,,,,SCREW,0,3.0
2642.0,2025-12-02T20:02:00+00:00,LOCO_02,MOVING,track_19,WS_01,track_19,,,0,5.0
2647.0,2025-12-02T20:07:00+00:00,LOCO_02,MOVING,collection1,track_19,collection1,,,0,60.0
2707.0,2025-12-02T21:07:00+00:00,LOCO_02,ALLOCATED,,,,batch_transport,,0,0.0
2707.0,2025-12-02T21:07:00+00:00,LOCO_02,RAKE_COUPLING_STARTED,collection1,,,,SCREW,3,4.0
2711.0,2025-12-02T21:11:00+00:00,LOCO_02,RAKE_COUPLING_COMPLETED,collection1,,,,SCREW,3,4.0
2711.0,2025-12-02T21:11:00+00:00,LOCO_02,LOCO_COUPLING_STARTED,collection1,,,,SCREW,3,2.0
2713.0,2025-12-02T21:13:00+00:00,LOCO_02,LOCO_COUPLING_COMPLETED,collection1,,,,SCREW,3,2.0
2713.0,2025-12-02T21:13:00+00:00,LOCO_02,SHUNTING_PREP,collection1,,,,,3,1.0
2714.0,2025-12-02T21:14:00+00:00,LOCO_02,MOVING,retrofit,collection1,retrofit,,,0,60.0
2774.0,2025-12-02T22:14:00+00:00,LOCO_02,LOCO_DECOUPLING_STARTED,retrofit,,,,SCREW,3,3.0
2777.0,2025-12-02T22:17:00+00:00,LOCO_02,LOCO_DECOUPLING_COMPLETED,retrofit,,,,SCREW,3,3.0
2777.0,2025-12-02T22:17:00+00:00,LOCO_02,RAKE_DECOUPLING_STARTED,retrofit,,,,SCREW,3,6.0
2783.0,2025-12-02T22:23:00+00:00,LOCO_02,RAKE_DECOUPLING_COMPLETED,retrofit,,,,SCREW,3,6.0
2789.0,2025-12-02T22:29:00+00:00,LOCO_02,MOVING,track_19,retrofit,track_19,,,0,5.0
2794.0,2025-12-02T22:34:00+00:00,LOCO_02,PARKING,,,,,,0,0.0
2794.0,2025-12-02T22:34:00+00:00,LOCO_02,MOVING,WS_01,track_19,WS_01,,,0,5.0
2799.0,2025-12-02T22:39:00+00:00,LOCO_02,RAKE_COUPLING_STARTED,WS_01,,,,DAC,2,0.5
2799.5,2025-12-02T22:39:30+00:00,LOCO_02,RAKE_COUPLING_COMPLETED,WS_01,,,,DAC,2,0.5
2799.5,2025-12-02T22:39:30+00:00,LOCO_02,LOCO_COUPLING_STARTED,WS_01,,,,DAC,2,0.5
2800.0,2025-12-02T22:40:00+00:00,LOCO_02,LOCO_COUPLING_COMPLETED,WS_01,,,,DAC,2,0.5
2800.0,2025-12-02T22:40:00+00:00,LOCO_02,SHUNTING_PREP,WS_01,,,,,2,1.0
2801.0,2025-12-02T22:41:00+00:00,LOCO_02,MOVING,retrofitted,WS_01,retrofitted,,,0,5.0
2806.0,2025-12-02T22:46:00+00:00,LOCO_02,MOVING,track_19,retrofitted,track_19,,,0,7.0
2813.0,2025-12-02T22:53:00+00:00,LOCO_02,MOVING,retrofit,track_19,retrofit,,,0,5.0
2818.0,2025-12-02T22:58:00+00:00,LOCO_02,COUPLING_STARTED,retrofit,,,,SCREW,0,2.0
2820.0,2025-12-02T23:00:00+00:00,LOCO_02,COUPLING_COMPLETED,retrofit,,,,SCREW,0,2.0
2820.0,2025-12-02T23:00:00+00:00,LOCO_02,SHUNTING_PREP,retrofit,,,,,0,1.0
2821.0,2025-12-02T23:01:00+00:00,LOCO_02,MOVING,WS_02,retrofit,WS_02,,,0,5.0
2826.0,2025-12-02T23:06:00+00:00,LOCO_02,DECOUPLING_STARTED,WS_02,,,,SCREW,0,3.0
2829.0,2025-12-02T23:09:00+00:00,LOCO_02,DECOUPLING_COMPLETED,WS_02,,,,SCREW,0,3.0
2832.0,2025-12-02T23:12:00+00:00,LOCO_02,MOVING,track_19,WS_02,track_19,,,0,7.0
2839.0,2025-12-02T23:19:00+00:00,LOCO_02,MOVING,retrofit,track_19,retrofit,,,0,5.0
2844.0,2025-12-02T23:24:00+00:00,LOCO_02,COUPLING_STARTED,retrofit,,,,SCREW,0,2.0
2846.0,2025-12-02T23:26:00+00:00,LOCO_02,COUPLING_COMPLETED,retrofit,,,,SCREW,0,2.0
2846.0,2025-12-02T23:26:00+00:00,LOCO_02,SHUNTING_PREP,retrofit,,,,,0,1.0
2847.0,2025-12-02T23:27:00+00:00,LOCO_02,MOVING,WS_01,retrofit,WS_01,,,0,5.0
2852.0,2025-12-02T23:32:00+00:00,LOCO_02,DECOUPLING_STARTED,WS_01,,,,SCREW,0,3.0
2855.0,2025-12-02T23:35:00+00:00,LOCO_02,DECOUPLING_COMPLETED,WS_01,,,,SCREW,0,3.0
2858.0,2025-12-02T23:38:00+00:00,LOCO_02,MOVING,track_19,WS_01,track_19,,,0,5.0
2863.0,2025-12-02T23:43:00+00:00,LOCO_02,MOVING,collection2,track_19,collection2,,,0,60.0
2923.0,2025-12-03T00:43:00+00:00,LOCO_02,ALLOCATED,,,,batch_transport,,0,0.0
2923.0,2025-12-03T00:43:00+00:00,LOCO_02,RAKE_COUPLING_STARTED,collection2,,,,SCREW,4,6.0
2929.0,2025-12-03T00:49:00+00:00,LOCO_02,RAKE_COUPLING_COMPLETED,collection2,,,,SCREW,4,6.0
2929.0,2025-12-03T00:49:00+00:00,LOCO_02,LOCO_COUPLING_STARTED,collection2,,,,SCREW,4,2.0
2931.0,2025-12-03T00:51:00+00:00,LOCO_02,LOCO_COUPLING_COMPLETED,collection2,,,,SCREW,4,2.0
2931.0,2025-12-03T00:51:00+00:00,LOCO_02,SHUNTING_PREP,collection2,,,,,4,1.0
2932.0,2025-12-03T00:52:00+00:00,LOCO_02,MOVING,retrofit,collection2,retrofit,,,0,60.0
2992.0,2025-12-03T01:52:00+00:00,LOCO_02,LOCO_DECOUPLING_STARTED,retrofit,,,,SCREW,4,3.0
2995.0,2025-12-03T01:55:00+00:00,LOCO_02,LOCO_DECOUPLING_COMPLETED,retrofit,,,,SCREW,4,3.0
2995.0,2025-12-03T01:55:00+00:00,LOCO_02,RAKE_DECOUPLING_STARTED,retrofit,,,,SCREW,4,9.0
3004.0,2025-12-03T02:04:00+00:00,LOCO_02,RAKE_DECOUPLING_COMPLETED,retrofit,,,,SCREW,4,9.0
3013.0,2025-12-03T02:13:00+00:00,LOCO_02,MOVING,track_19,retrofit,track_19,,,0,5.0
3018.0,2025-12-03T02:18:00+00:00,LOCO_02,PARKING,,,,,,0,2.0
3020.0,2025-12-03T02:20:00+00:00,LOCO_02,MOVING,retrofit,track_19,retrofit,,,0,5.0
3025.0,2025-12-03T02:25:00+00:00,LOCO_02,COUPLING_STARTED,retrofit,,,,SCREW,0,2.0
3027.0,2025-12-03T02:27:00+00:00,LOCO_02,COUPLING_COMPLETED,retrofit,,,,SCREW,0,2.0
3027.0,2025-12-03T02:27:00+00:00,LOCO_02,SHUNTING_PREP,retrofit,,,,,0,1.0
3028.0,2025-12-03T02:28:00+00:00,LOCO_02,MOVING,WS_02,retrofit,WS_02,,,0,5.0
3033.0,2025-12-03T02:33:00+00:00,LOCO_02,DECOUPLING_STARTED,WS_02,,,,SCREW,0,3.0
3036.0,2025-12-03T02:36:00+00:00,LOCO_02,DECOUPLING_COMPLETED,WS_02,,,,SCREW,0,3.0
3039.0,2025-12-03T02:39:00+00:00,LOCO_02,MOVING,track_19,WS_02,track_19,,,0,7.0
3046.0,2025-12-03T02:46:00+00:00,LOCO_02,MOVING,retrofit,track_19,retrofit,,,0,5.0
3051.0,2025-12-03T02:51:00+00:00,LOCO_02,COUPLING_STARTED,retrofit,,,,SCREW,0,2.0
3053.0,2025-12-03T02:53:00+00:00,LOCO_02,COUPLING_COMPLETED,retrofit,,,,SCREW,0,2.0
3053.0,2025-12-03T02:53:00+00:00,LOCO_02,SHUNTING_PREP,retrofit,,,,,0,1.0
3054.0,2025-12-03T02:54:00+00:00,LOCO_02,MOVING,WS_01,retrofit,WS_01,,,0,5.0
3059.0,2025-12-03T02:59:00+00:00,LOCO_02,DECOUPLING_STARTED,WS_01,,,,SCREW,0,3.0
3062.0,2025-12-03T03:02:00+00:00,LOCO_02,DECOUPLING_COMPLETED,WS_01,,,,SCREW,0,3.0
3065.0,2025-12-03T03:05:00+00:00,LOCO_02,MOVING,track_19,WS_01,track_19,,,0,5.0
3070.0,2025-12-03T03:10:00+00:00,LOCO_02,MOVING,collection1,track_19,collection1,,,0,60.0
3130.0,2025-12-03T04:10:00+00:00,LOCO_02,ALLOCATED,,,,batch_transport,,0,0.0
3130.0,2025-12-03T04:10:00+00:00,LOCO_02,RAKE_COUPLING_STARTED,collection1,,,,SCREW,5,8.0
3138.0,2025-12-03T04:18:00+00:00,LOCO_02,RAKE_COUPLING_COMPLETED,collection1,,,,SCREW,5,8.0
3138.0,2025-12-03T04:18:00+00:00,LOCO_02,LOCO_COUPLING_STARTED,collection1,,,,SCREW,5,2.0
3140.0,2025-12-03T04:20:00+00:00,LOCO_02,LOCO_COUPLING_COMPLETED,collection1,,,,SCREW,5,2.0
3140.0,2025-12-03T04:20:00+00:00,LOCO_02,SHUNTING_PREP,collection1,,,,,5,1.0
3141.0,2025-12-03T04:21:00+00:00,LOCO_02,MOVING,retrofit,collection1,retrofit,,,0,60.0
3201.0,2025-12-03T05:21:00+00:00,LOCO_02,LOCO_DECOUPLING_STARTED,retrofit,,,,SCREW,5,3.0
3204.0,2025-12-03T05:24:00+00:00,LOCO_02,LOCO_DECOUPLING_COMPLETED,retrofit,,,,SCREW,5,3.0
3204.0,2025-12-03T05:24:00+00:00,LOCO_02,RAKE_DECOUPLING_STARTED,retrofit,,,,SCREW,5,12.0
3216.0,2025-12-03T05:36:00+00:00,LOCO_02,RAKE_DECOUPLING_COMPLETED,retrofit,,,,SCREW,5,12.0
3228.0,2025-12-03T05:48:00+00:00,LOCO_02,MOVING,track_19,retrofit,track_19,,,0,5.0
3233.0,2025-12-03T05:53:00+00:00,LOCO_02,PARKING,,,,,,0,0.0
3233.0,2025-12-03T05:53:00+00:00,LOCO_02,MOVING,WS_01,track_19,WS_01,,,0,5.0
3238.0,2025-12-03T05:58:00+00:00,LOCO_02,RAKE_COUPLING_STARTED,WS_01,,,,DAC,2,0.5
3238.5,2025-12-03T05:58:30+00:00,LOCO_02,RAKE_COUPLING_COMPLETED,WS_01,,,,DAC,2,0.5
3238.5,2025-12-03T05:58:30+00:00,LOCO_02,LOCO_COUPLING_STARTED,WS_01,,,,DAC,2,0.5
3239.0,2025-12-03T05:59:00+00:00,LOCO_02,LOCO_COUPLING_COMPLETED,WS_01,,,,DAC,2,0.5
3239.0,2025-12-03T05:59:00+00:00,LOCO_02,SHUNTING_PREP,WS_01,,,,,2,1.0
3240.0,2025-12-03T06:00:00+00:00,LOCO_02,MOVING,retrofitted,WS_01,retrofitted,,,0,5.0
3245.0,2025-12-03T06:05:00+00:00,LOCO_02,MOVING,track_19,retrofitted,track_19,,,0,5.0
3250.0,2025-12-03T06:10:00+00:00,LOCO_02,ALLOCATED,,,,batch_transport,,0,0.0
3250.0,2025-12-03T06:10:00+00:00,LOCO_02,MOVING,retrofitted,track_19,retrofitted,,,0,5.0
3255.0,2025-12-03T06:15:00+00:00,LOCO_02,RAKE_COUPLING_STARTED,retrofitted,,,,DAC,4,1.5
3256.5,2025-12-03T06:16:30+00:00,LOCO_02,RAKE_COUPLING_COMPLETED,retrofitted,,,,DAC,4,1.5
3256.5,2025-12-03T06:16:30+00:00,LOCO_02,LOCO_COUPLING_STARTED,retrofitted,,,,DAC,4,0.5
3257.0,2025-12-03T06:17:00+00:00,LOCO_02,LOCO_COUPLING_COMPLETED,retrofitted,,,,DAC,4,0.5
3257.0,2025-12-03T06:17:00+00:00,LOCO_02,SHUNTING_PREP,retrofitted,,,,,4,1.0
3258.0,2025-12-03T06:18:00+00:00,LOCO_02,MOVING,parking16,retrofitted,parking16,,,0,120.0
3378.0,2025-12-03T08:18:00+00:00,LOCO_02,LOCO_DECOUPLING_STARTED,parking16,,,,DAC,4,0.5
3378.5,2025-12-03T08:18:30+00:00,LOCO_02,LOCO_DECOUPLING_COMPLETED,parking16,,,,DAC,4,0.5
3378.5,2025-12-03T08:18:30+00:00,LOCO_02,RAKE_DECOUPLING_STARTED,parking16,,,,DAC,4,1.5
3380.0,2025-12-03T08:20:00+00:00,LOCO_02,RAKE_DECOUPLING_COMPLETED,parking16,,,,DAC,4,1.5
3381.5,2025-12-03T08:21:30+00:00,LOCO_02,MOVING,track_19,parking16,track_19,,,0,60.0
3441.5,2025-12-03T09:21:30+00:00,LOCO_02,MOVING,WS_02,track_19,WS_02,,,0,5.0
3446.5,2025-12-03T09:26:30+00:00,LOCO_02,RAKE_COUPLING_STARTED,WS_02,,,,DAC,2,0.5
3447.0,2025-12-03T09:27:00+00:00,LOCO_02,RAKE_COUPLING_COMPLETED,WS_02,,,,DAC,2,0.5
3447.0,2025-12-03T09:27:00+00:00,LOCO_02,LOCO_COUPLING_STARTED,WS_02,,,,DAC,2,0.5
3447.5,2025-12-03T09:27:30+00:00,LOCO_02,LOCO_COUPLING_COMPLETED,WS_02,,,,DAC,2,0.5
3447.5,2025-12-03T09:27:30+00:00,LOCO_02,SHUNTING_PREP,WS_02,,,,,2,1.0
3448.5,2025-12-03T09:28:30+00:00,LOCO_02,MOVING,retrofitted,WS_02,retrofitted,,,0,5.0
3453.5,2025-12-03T09:33:30+00:00,LOCO_02,MOVING,track_19,retrofitted,track_19,,,0,5.0
3458.5,2025-12-03T09:38:30+00:00,LOCO_02,MOVING,WS_01,track_19,WS_01,,,0,5.0
3463.5,2025-12-03T09:43:30+00:00,LOCO_02,RAKE_COUPLING_STARTED,WS_01,,,,DAC,2,0.5
3464.0,2025-12-03T09:44:00+00:00,LOCO_02,RAKE_COUPLING_COMPLETED,WS_01,,,,DAC,2,0.5
3464.0,2025-12-03T09:44:00+00:00,LOCO_02,LOCO_COUPLING_STARTED,WS_01,,,,DAC,2,0.5
3464.5,2025-12-03T09:44:30+00:00,LOCO_02,LOCO_COUPLING_COMPLETED,WS_01,,,,DAC,2,0.5
3464.5,2025-12-03T09:44:30+00:00,LOCO_02,SHUNTING_PREP,WS_01,,,,,2,1.0
3465.5,2025-12-03T09:45:30+00:00,LOCO_02,MOVING,retrofitted,WS_01,retrofitted,,,0,5.0
3470.5,2025-12-03T09:50:30+00:00,LOCO_02,MOVING,track_19,retrofitted,track_19,,,0,5.0
3475.5,2025-12-03T09:55:30+00:00,LOCO_02,ALLOCATED,,,,batch_transport,,0,0.0
3475.5,2025-12-03T09:55:30+00:00,LOCO_02,MOVING,retrofitted,track_19,retrofitted,,,0,5.0
3480.5,2025-12-03T10:00:30+00:00,LOCO_02,RAKE_COUPLING_STARTED,retrofitted,,,,DAC,4,1.5
3482.0,2025-12-03T10:02:00+00:00,LOCO_02,RAKE_COUPLING_COMPLETED,retrofitted,,,,DAC,4,1.5
3482.0,2025-12-03T10:02:00+00:00,LOCO_02,LOCO_COUPLING_STARTED,retrofitted,,,,DAC,4,0.5
3482.5,2025-12-03T10:02:30+00:00,LOCO_02,LOCO_COUPLING_COMPLETED,retrofitted,,,,DAC,4,0.5
3482.5,2025-12-03T10:02:30+00:00,LOCO_02,SHUNTING_PREP,retrofitted,,,,,4,1.0
3483.5,2025-12-03T10:03:30+00:00,LOCO_02,MOVING,parking16,retrofitted,parking16,,,0,120.0
3603.5,2025-12-03T12:03:30+00:00,LOCO_02,LOCO_DECOUPLING_STARTED,parking16,,,,DAC,4,0.5
3604.0,2025-12-03T12:04:00+00:00,LOCO_02,LOCO_DECOUPLING_COMPLETED,parking16,,,,DAC,4,0.5
3604.0,2025-12-03T12:04:00+00:00,LOCO_02,RAKE_DECOUPLING_STARTED,parking16,,,,DAC,4,1.5
3605.5,2025-12-03T12:05:30+00:00,LOCO_02,RAKE_DECOUPLING_COMPLETED,parking16,,,,DAC,4,1.5
3607.0,2025-12-03T12:07:00+00:00,LOCO_02,MOVING,track_19,parking16,track_19,,,0,60.0
3667.0,2025-12-03T13:07:00+00:00,LOCO_02,MOVING,WS_01,track_19,WS_01,,,0,5.0
3672.0,2025-12-03T13:12:00+00:00,LOCO_02,RAKE_COUPLING_STARTED,WS_01,,,,DAC,2,0.5
3672.5,2025-12-03T13:12:30+00:00,LOCO_02,RAKE_COUPLING_COMPLETED,WS_01,,,,DAC,2,0.5
3672.5,2025-12-03T13:12:30+00:00,LOCO_02,LOCO_COUPLING_STARTED,WS_01,,,,DAC,2,0.5
3673.0,2025-12-03T13:13:00+00:00,LOCO_02,LOCO_COUPLING_COMPLETED,WS_01,,,,DAC,2,0.5
3673.0,2025-12-03T13:13:00+00:00,LOCO_02,SHUNTING_PREP,WS_01,,,,,2,1.0
3674.0,2025-12-03T13:14:00+00:00,LOCO_02,MOVING,retrofitted,WS_01,retrofitted,,,0,5.0
3679.0,2025-12-03T13:19:00+00:00,LOCO_02,MOVING,track_19,retrofitted,track_19,,,0,7.0
3686.0,2025-12-03T13:26:00+00:00,LOCO_02,MOVING,retrofit,track_19,retrofit,,,0,5.0
3691.0,2025-12-03T13:31:00+00:00,LOCO_02,COUPLING_STARTED,retrofit,,,,SCREW,0,2.0
3693.0,2025-12-03T13:33:00+00:00,LOCO_02,COUPLING_COMPLETED,retrofit,,,,SCREW,0,2.0
3693.0,2025-12-03T13:33:00+00:00,LOCO_02,SHUNTING_PREP,retrofit,,,,,0,1.0
3694.0,2025-12-03T13:34:00+00:00,LOCO_02,MOVING,WS_02,retrofit,WS_02,,,0,5.0
3699.0,2025-12-03T13:39:00+00:00,LOCO_02,DECOUPLING_STARTED,WS_02,,,,SCREW,0,3.0
3702.0,2025-12-03T13:42:00+00:00,LOCO_02,DECOUPLING_COMPLETED,WS_02,,,,SCREW,0,3.0
3705.0,2025-12-03T13:45:00+00:00,LOCO_02,MOVING,track_19,WS_02,track_19,,,0,7.0
3712.0,2025-12-03T13:52:00+00:00,LOCO_02,MOVING,retrofit,track_19,retrofit,,,0,5.0
3717.0,2025-12-03T13:57:00+00:00,LOCO_02,COUPLING_STARTED,retrofit,,,,SCREW,0,2.0
3719.0,2025-12-03T13:59:00+00:00,LOCO_02,COUPLING_COMPLETED,retrofit,,,,SCREW,0,2.0
3719.0,2025-12-03T13:59:00+00:00,LOCO_02,SHUNTING_PREP,retrofit,,,,,0,1.0
3720.0,2025-12-03T14:00:00+00:00,LOCO_02,MOVING,WS_01,retrofit,WS_01,,,0,5.0
3725.0,2025-12-03T14:05:00+00:00,LOCO_02,DECOUPLING_STARTED,WS_01,,,,SCREW,0,3.0
3728.0,2025-12-03T14:08:00+00:00,LOCO_02,DECOUPLING_COMPLETED,WS_01,,,,SCREW,0,3.0
3731.0,2025-12-03T14:11:00+00:00,LOCO_02,MOVING,track_19,WS_01,track_19,,,0,5.0
3736.0,2025-12-03T14:16:00+00:00,LOCO_02,MOVING,collection2,track_19,collection2,,,0,60.0
3796.0,2025-12-03T15:16:00+00:00,LOCO_02,ALLOCATED,,,,batch_transport,,0,0.0
3796.0,2025-12-03T15:16:00+00:00,LOCO_02,RAKE_COUPLING_STARTED,collection2,,,,SCREW,6,10.0
3806.0,2025-12-03T15:26:00+00:00,LOCO_02,RAKE_COUPLING_COMPLETED,collection2,,,,SCREW,6,10.0
3806.0,2025-12-03T15:26:00+00:00,LOCO_02,LOCO_COUPLING_STARTED,collection2,,,,SCREW,6,2.0
3808.0,2025-12-03T15:28:00+00:00,LOCO_02,LOCO_COUPLING_COMPLETED,collection2,,,,SCREW,6,2.0
3808.0,2025-12-03T15:28:00+00:00,LOCO_02,SHUNTING_PREP,collection2,,,,,6,1.0
3809.0,2025-12-03T15:29:00+00:00,LOCO_02,MOVING,retrofit,collection2,retrofit,,,0,60.0
3869.0,2025-12-03T16:29:00+00:00,LOCO_02,LOCO_DECOUPLING_STARTED,retrofit,,,,SCREW,6,3.0
3872.0,2025-12-03T16:32:00+00:00,LOCO_02,LOCO_DECOUPLING_COMPLETED,retrofit,,,,SCREW,6,3.0
3872.0,2025-12-03T16:32:00+00:00,LOCO_02,RAKE_DECOUPLING_STARTED,retrofit,,,,SCREW,6,15.0
3887.0,2025-12-03T16:47:00+00:00,LOCO_02,RAKE_DECOUPLING_COMPLETED,retrofit,,,,SCREW,6,15.0
3902.0,2025-12-03T17:02:00+00:00,LOCO_02,MOVING,track_19,retrofit,track_19,,,0,5.0
3907.0,2025-12-03T17:07:00+00:00,LOCO_02,PARKING,,,,,,0,2.0
3909.0,2025-12-03T17:09:00+00:00,LOCO_02,MOVING,retrofit,track_19,retrofit,,,0,5.0
3914.0,2025-12-03T17:14:00+00:00,LOCO_02,COUPLING_STARTED,retrofit,,,,SCREW,0,2.0
3916.0,2025-12-03T17:16:00+00:00,LOCO_02,COUPLING_COMPLETED,retrofit,,,,SCREW,0,2.0
3916.0,2025-12-03T17:16:00+00:00,LOCO_02,SHUNTING_PREP,retrofit,,,,,0,1.0
3917.0,2025-12-03T17:17:00+00:00,LOCO_02,MOVING,WS_01,retrofit,WS_01,,,0,5.0
3922.0,2025-12-03T17:22:00+00:00,LOCO_02,DECOUPLING_STARTED,WS_01,,,,SCREW,0,3.0
3925.0,2025-12-03T17:25:00+00:00,LOCO_02,DECOUPLING_COMPLETED,WS_01,,,,SCREW,0,3.0
3928.0,2025-12-03T17:28:00+00:00,LOCO_02,MOVING,track_19,WS_01,track_19,,,0,5.0
3933.0,2025-12-03T17:33:00+00:00,LOCO_02,MOVING,collection1,track_19,collection1,,,0,60.0
3993.0,2025-12-03T18:33:00+00:00,LOCO_02,ALLOCATED,,,,batch_transport,,0,0.0
3993.0,2025-12-03T18:33:00+00:00,LOCO_02,LOCO_COUPLING_STARTED,collection1,,,,SCREW,1,2.0
3995.0,2025-12-03T18:35:00+00:00,LOCO_02,LOCO_COUPLING_COMPLETED,collection1,,,,SCREW,1,2.0
3995.0,2025-12-03T18:35:00+00:00,LOCO_02,SHUNTING_PREP,collection1,,,,,1,1.0
3996.0,2025-12-03T18:36:00+00:00,LOCO_02,MOVING,retrofit,collection1,retrofit,,,0,60.0
4056.0,2025-12-03T19:36:00+00:00,LOCO_02,LOCO_DECOUPLING_STARTED,retrofit,,,,SCREW,1,3.0
4059.0,2025-12-03T19:39:00+00:00,LOCO_02,MOVING,track_19,retrofit,track_19,,,0,0.0
4059.0,2025-12-03T19:39:00+00:00,LOCO_02,LOCO_DECOUPLING_COMPLETED,retrofit,,,,SCREW,1,3.0
4064.0,2025-12-03T19:44:00+00:00,LOCO_02,PARKING,,,,,,0,0.0
4064.0,2025-12-03T19:44:00+00:00,LOCO_02,MOVING,WS_02,track_19,WS_02,,,0,5.0
4069.0,2025-12-03T19:49:00+00:00,LOCO_02,RAKE_COUPLING_STARTED,WS_02,,,,DAC,2,0.5
4069.5,2025-12-03T19:49:30+00:00,LOCO_02,RAKE_COUPLING_COMPLETED,WS_02,,,,DAC,2,0.5
4069.5,2025-12-03T19:49:30+00:00,LOCO_02,LOCO_COUPLING_STARTED,WS_02,,,,DAC,2,0.5
4070.0,2025-12-03T19:50:00+00:00,LOCO_02,LOCO_COUPLING_COMPLETED,WS_02,,,,DAC,2,0.5
4070.0,2025-12-03T19:50:00+00:00,LOCO_02,SHUNTING_PREP,WS_02,,,,,2,1.0
4071.0,2025-12-03T19:51:00+00:00,LOCO_02,MOVING,retrofitted,WS_02,retrofitted,,,0,5.0
4076.0,2025-12-03T19:56:00+00:00,LOCO_02,MOVING,track_19,retrofitted,track_19,,,0,5.0
4081.0,2025-12-03T20:01:00+00:00,LOCO_02,MOVING,WS_01,track_19,WS_01,,,0,5.0
4086.0,2025-12-03T20:06:00+00:00,LOCO_02,RAKE_COUPLING_STARTED,WS_01,,,,DAC,2,0.5
4086.5,2025-12-03T20:06:30+00:00,LOCO_02,RAKE_COUPLING_COMPLETED,WS_01,,,,DAC,2,0.5
4086.5,2025-12-03T20:06:30+00:00,LOCO_02,LOCO_COUPLING_STARTED,WS_01,,,,DAC,2,0.5
4087.0,2025-12-03T20:07:00+00:00,LOCO_02,LOCO_COUPLING_COMPLETED,WS_01,,,,DAC,2,0.5
4087.0,2025-12-03T20:07:00+00:00,LOCO_02,SHUNTING_PREP,WS_01,,,,,2,1.0
4088.0,2025-12-03T20:08:00+00:00,LOCO_02,MOVING,retrofitted,WS_01,retrofitted,,,0,5.0
4093.0,2025-12-03T20:13:00+00:00,LOCO_02,MOVING,track_19,retrofitted,track_19,,,0,7.0
4100.0,2025-12-03T20:20:00+00:00,LOCO_02,MOVING,retrofit,track_19,retrofit,,,0,5.0
4105.0,2025-12-03T20:25:00+00:00,LOCO_02,COUPLING_STARTED,retrofit,,,,SCREW,0,2.0
4107.0,2025-12-03T20:27:00+00:00,LOCO_02,COUPLING_COMPLETED,retrofit,,,,SCREW,0,2.0
4107.0,2025-12-03T20:27:00+00:00,LOCO_02,SHUNTING_PREP,retrofit,,,,,0,1.0
4108.0,2025-12-03T20:28:00+00:00,LOCO_02,MOVING,WS_02,retrofit,WS_02,,,0,5.0
4113.0,2025-12-03T20:33:00+00:00,LOCO_02,DECOUPLING_STARTED,WS_02,,,,SCREW,0,3.0
4116.0,2025-12-03T20:36:00+00:00,LOCO_02,DECOUPLING_COMPLETED,WS_02,,,,SCREW,0,3.0
4119.0,2025-12-03T20:39:00+00:00,LOCO_02,MOVING,track_19,WS_02,track_19,,,0,5.0
4124.0,2025-12-03T20:44:00+00:00,LOCO_02,ALLOCATED,,,,batch_transport,,0,0.0
4124.0,2025-12-03T20:44:00+00:00,LOCO_02,MOVING,retrofitted,track_19,retrofitted,,,0,5.0
4129.0,2025-12-03T20:49:00+00:00,LOCO_02,RAKE_COUPLING_STARTED,retrofitted,,,,DAC,8,3.5
4132.5,2025-12-03T20:52:30+00:00,LOCO_02,RAKE_COUPLING_COMPLETED,retrofitted,,,,DAC,8,3.5
4132.5,2025-12-03T20:52:30+00:00,LOCO_02,LOCO_COUPLING_STARTED,retrofitted,,,,DAC,8,0.5
4133.0,2025-12-03T20:53:00+00:00,LOCO_02,LOCO_COUPLING_COMPLETED,retrofitted,,,,DAC,8,0.5
4133.0,2025-12-03T20:53:00+00:00,LOCO_02,SHUNTING_PREP,retrofitted,,,,,8,1.0
4134.0,2025-12-03T20:54:00+00:00,LOCO_02,MOVING,parking16,retrofitted,parking16,,,0,120.0
4254.0,2025-12-03T22:54:00+00:00,LOCO_02,LOCO_DECOUPLING_STARTED,parking16,,,,DAC,8,0.5
4254.5,2025-12-03T22:54:30+00:00,LOCO_02,LOCO_DECOUPLING_COMPLETED,parking16,,,,DAC,8,0.5
4254.5,2025-12-03T22:54:30+00:00,LOCO_02,RAKE_DECOUPLING_STARTED,parking16,,,,DAC,8,3.5
4258.0,2025-12-03T22:58:00+00:00,LOCO_02,RAKE_DECOUPLING_COMPLETED,parking16,,,,DAC,8,3.5
4261.5,2025-12-03T23:01:30+00:00,LOCO_02,MOVING,track_19,parking16,track_19,,,0,60.0
4321.5,2025-12-04T00:01:30+00:00,LOCO_02,MOVING,WS_02,track_19,WS_02,,,0,5.0
4326.5,2025-12-04T00:06:30+00:00,LOCO_02,RAKE_COUPLING_STARTED,WS_02,,,,DAC,2,0.5
4327.0,2025-12-04T00:07:00+00:00,LOCO_02,RAKE_COUPLING_COMPLETED,WS_02,,,,DAC,2,0.5
4327.0,2025-12-04T00:07:00+00:00,LOCO_02,LOCO_COUPLING_STARTED,WS_02,,,,DAC,2,0.5
4327.5,2025-12-04T00:07:30+00:00,LOCO_02,LOCO_COUPLING_COMPLETED,WS_02,,,,DAC,2,0.5
4327.5,2025-12-04T00:07:30+00:00,LOCO_02,SHUNTING_PREP,WS_02,,,,,2,1.0
4328.5,2025-12-04T00:08:30+00:00,LOCO_02,MOVING,retrofitted,WS_02,retrofitted,,,0,5.0
4333.5,2025-12-04T00:13:30+00:00,LOCO_02,MOVING,track_19,retrofitted,track_19,,,0,5.0
4338.5,2025-12-04T00:18:30+00:00,LOCO_02,ALLOCATED,,,,batch_transport,,0,0.0
4338.5,2025-12-04T00:18:30+00:00,LOCO_02,MOVING,retrofitted,track_19,retrofitted,,,0,5.0
4343.5,2025-12-04T00:23:30+00:00,LOCO_02,RAKE_COUPLING_STARTED,retrofitted,,,,DAC,2,0.5
4344.0,2025-12-04T00:24:00+00:00,LOCO_02,RAKE_COUPLING_COMPLETED,retrofitted,,,,DAC,2,0.5
4344.0,2025-12-04T00:24:00+00:00,LOCO_02,LOCO_COUPLING_STARTED,retrofitted,,,,DAC,2,0.5
4344.5,2025-12-04T00:24:30+00:00,LOCO_02,LOCO_COUPLING_COMPLETED,retrofitted,,,,DAC,2,0.5
4344.5,2025-12-04T00:24:30+00:00,LOCO_02,SHUNTING_PREP,retrofitted,,,,,2,1.0
4345.5,2025-12-04T00:25:30+00:00,LOCO_02,MOVING,parking16,retrofitted,parking16,,,0,120.0
4465.5,2025-12-04T02:25:30+00:00,LOCO_02,LOCO_DECOUPLING_STARTED,parking16,,,,DAC,2,0.5
4466.0,2025-12-04T02:26:00+00:00,LOCO_02,LOCO_DECOUPLING_COMPLETED,parking16,,,,DAC,2,0.5
4466.0,2025-12-04T02:26:00+00:00,LOCO_02,RAKE_DECOUPLING_STARTED,parking16,,,,DAC,2,0.5
4466.5,2025-12-04T02:26:30+00:00,LOCO_02,RAKE_DECOUPLING_COMPLETED,parking16,,,,DAC,2,0.5
4467.0,2025-12-04T02:27:00+00:00,LOCO_02,MOVING,track_19,parking16,track_19,,,0,60.0
4527.0,2025-12-04T03:27:00+00:00,LOCO_02,MOVING,WS_02,track_19,WS_02,,,0,5.0
4532.0,2025-12-04T03:32:00+00:00,LOCO_02,RAKE_COUPLING_STARTED,WS_02,,,,DAC,2,0.5
4532.5,2025-12-04T03:32:30+00:00,LOCO_02,RAKE_COUPLING_COMPLETED,WS_02,,,,DAC,2,0.5
4532.5,2025-12-04T03:32:30+00:00,LOCO_02,LOCO_COUPLING_STARTED,WS_02,,,,DAC,2,0.5
4533.0,2025-12-04T03:33:00+00:00,LOCO_02,LOCO_COUPLING_COMPLETED,WS_02,,,,DAC,2,0.5
4533.0,2025-12-04T03:33:00+00:00,LOCO_02,SHUNTING_PREP,WS_02,,,,,2,1.0
4534.0,2025-12-04T03:34:00+00:00,LOCO_02,MOVING,retrofitted,WS_02,retrofitted,,,0,5.0
4539.0,2025-12-04T03:39:00+00:00,LOCO_02,MOVING,track_19,retrofitted,track_19,,,0,5.0
4544.0,2025-12-04T03:44:00+00:00,LOCO_02,ALLOCATED,,,,batch_transport,,0,0.0
4544.0,2025-12-04T03:44:00+00:00,LOCO_02,MOVING,retrofitted,track_19,retrofitted,,,0,5.0
4549.0,2025-12-04T03:49:00+00:00,LOCO_02,RAKE_COUPLING_STARTED,retrofitted,,,,DAC,2,0.5
4549.5,2025-12-04T03:49:30+00:00,LOCO_02,RAKE_COUPLING_COMPLETED,retrofitted,,,,DAC,2,0.5
4549.5,2025-12-04T03:49:30+00:00,LOCO_02,LOCO_COUPLING_STARTED,retrofitted,,,,DAC,2,0.5
4550.0,2025-12-04T03:50:00+00:00,LOCO_02,LOCO_COUPLING_COMPLETED,retrofitted,,,,DAC,2,0.5
4550.0,2025-12-04T03:50:00+00:00,LOCO_02,SHUNTING_PREP,retrofitted,,,,,2,1.0
4551.0,2025-12-04T03:51:00+00:00,LOCO_02,MOVING,parking16,retrofitted,parking16,,,0,120.0
4671.0,2025-12-04T05:51:00+00:00,LOCO_02,LOCO_DECOUPLING_STARTED,parking16,,,,DAC,2,0.5
4671.5,2025-12-04T05:51:30+00:00,LOCO_02,LOCO_DECOUPLING_COMPLETED,parking16,,,,DAC,2,0.5
4671.5,2025-12-04T05:51:30+00:00,LOCO_02,RAKE_DECOUPLING_STARTED,parking16,,,,DAC,2,0.5
4672.0,2025-12-04T05:52:00+00:00,LOCO_02,RAKE_DECOUPLING_COMPLETED,parking16,,,,DAC,2,0.5
4672.5,2025-12-04T05:52:30+00:00,LOCO_02,MOVING,track_19,parking16,track_19,,,0,60.0
4732.5,2025-12-04T06:52:30+00:00,LOCO_02,MOVING,WS_02,track_19,WS_02,,,0,5.0
4737.5,2025-12-04T06:57:30+00:00,LOCO_02,RAKE_COUPLING_STARTED,WS_02,,,,DAC,2,0.5
4738.0,2025-12-04T06:58:00+00:00,LOCO_02,RAKE_COUPLING_COMPLETED,WS_02,,,,DAC,2,0.5
4738.0,2025-12-04T06:58:00+00:00,LOCO_02,LOCO_COUPLING_STARTED,WS_02,,,,DAC,2,0.5
4738.5,2025-12-04T06:58:30+00:00,LOCO_02,LOCO_COUPLING_COMPLETED,WS_02,,,,DAC,2,0.5
4738.5,2025-12-04T06:58:30+00:00,LOCO_02,SHUNTING_PREP,WS_02,,,,,2,1.0
4739.5,2025-12-04T06:59:30+00:00,LOCO_02,MOVING,retrofitted,WS_02,retrofitted,,,0,5.0
4744.5,2025-12-04T07:04:30+00:00,LOCO_02,MOVING,track_19,retrofitted,track_19,,,0,5.0
4749.5,2025-12-04T07:09:30+00:00,LOCO_02,MOVING,WS_01,track_19,WS_01,,,0,5.0
4754.5,2025-12-04T07:14:30+00:00,LOCO_02,RAKE_COUPLING_STARTED,WS_01,,,,DAC,2,0.5
4755.0,2025-12-04T07:15:00+00:00,LOCO_02,RAKE_COUPLING_COMPLETED,WS_01,,,,DAC,2,0.5
4755.0,2025-12-04T07:15:00+00:00,LOCO_02,LOCO_COUPLING_STARTED,WS_01,,,,DAC,2,0.5
4755.5,2025-12-04T07:15:30+00:00,LOCO_02,LOCO_COUPLING_COMPLETED,WS_01,,,,DAC,2,0.5
4755.5,2025-12-04T07:15:30+00:00,LOCO_02,SHUNTING_PREP,WS_01,,,,,2,1.0
4756.5,2025-12-04T07:16:30+00:00,LOCO_02,MOVING,retrofitted,WS_01,retrofitted,,,0,5.0
4761.5,2025-12-04T07:21:30+00:00,LOCO_02,MOVING,track_19,retrofitted,track_19,,,0,5.0
4766.5,2025-12-04T07:26:30+00:00,LOCO_02,ALLOCATED,,,,batch_transport,,0,0.0
4766.5,2025-12-04T07:26:30+00:00,LOCO_02,MOVING,retrofitted,track_19,retrofitted,,,0,5.0
4771.5,2025-12-04T07:31:30+00:00,LOCO_02,RAKE_COUPLING_STARTED,retrofitted,,,,DAC,4,1.5
4773.0,2025-12-04T07:33:00+00:00,LOCO_02,RAKE_COUPLING_COMPLETED,retrofitted,,,,DAC,4,1.5
4773.0,2025-12-04T07:33:00+00:00,LOCO_02,LOCO_COUPLING_STARTED,retrofitted,,,,DAC,4,0.5
4773.5,2025-12-04T07:33:30+00:00,LOCO_02,LOCO_COUPLING_COMPLETED,retrofitted,,,,DAC,4,0.5
4773.5,2025-12-04T07:33:30+00:00,LOCO_02,SHUNTING_PREP,retrofitted,,,,,4,1.0
4774.5,2025-12-04T07:34:30+00:00,LOCO_02,MOVING,parking16,retrofitted,parking16,,,0,120.0
4894.5,2025-12-04T09:34:30+00:00,LOCO_02,LOCO_DECOUPLING_STARTED,parking16,,,,DAC,4,0.5
4895.0,2025-12-04T09:35:00+00:00,LOCO_02,LOCO_DECOUPLING_COMPLETED,parking16,,,,DAC,4,0.5
4895.0,2025-12-04T09:35:00+00:00,LOCO_02,RAKE_DECOUPLING_STARTED,parking16,,,,DAC,4,1.5
4896.5,2025-12-04T09:36:30+00:00,LOCO_02,RAKE_DECOUPLING_COMPLETED,parking16,,,,DAC,4,1.5
4898.0,2025-12-04T09:38:00+00:00,LOCO_02,MOVING,track_19,parking16,track_19,,,0,60.0
4958.0,2025-12-04T10:38:00+00:00,LOCO_02,MOVING,WS_02,track_19,WS_02,,,0,5.0
4963.0,2025-12-04T10:43:00+00:00,LOCO_02,RAKE_COUPLING_STARTED,WS_02,,,,DAC,2,0.5
4963.5,2025-12-04T10:43:30+00:00,LOCO_02,RAKE_COUPLING_COMPLETED,WS_02,,,,DAC,2,0.5
4963.5,2025-12-04T10:43:30+00:00,LOCO_02,LOCO_COUPLING_STARTED,WS_02,,,,DAC,2,0.5
4964.0,2025-12-04T10:44:00+00:00,LOCO_02,LOCO_COUPLING_COMPLETED,WS_02,,,,DAC,2,0.5
4964.0,2025-12-04T10:44:00+00:00,LOCO_02,SHUNTING_PREP,WS_02,,,,,2,1.0
4965.0,2025-12-04T10:45:00+00:00,LOCO_02,MOVING,retrofitted,WS_02,retrofitted,,,0,5.0
4970.0,2025-12-04T10:50:00+00:00,LOCO_02,MOVING,track_19,retrofitted,track_19,,,0,5.0
4975.0,2025-12-04T10:55:00+00:00,LOCO_02,ALLOCATED,,,,batch_transport,,0,0.0
4975.0,2025-12-04T10:55:00+00:00,LOCO_02,MOVING,retrofitted,track_19,retrofitted,,,0,5.0
4980.0,2025-12-04T11:00:00+00:00,LOCO_02,RAKE_COUPLING_STARTED,retrofitted,,,,DAC,4,1.5
4981.5,2025-12-04T11:01:30+00:00,LOCO_02,RAKE_COUPLING_COMPLETED,retrofitted,,,,DAC,4,1.5
4981.5,2025-12-04T11:01:30+00:00,LOCO_02,LOCO_COUPLING_STARTED,retrofitted,,,,DAC,4,0.5
4982.0,2025-12-04T11:02:00+00:00,LOCO_02,LOCO_COUPLING_COMPLETED,retrofitted,,,,DAC,4,0.5
4982.0,2025-12-04T11:02:00+00:00,LOCO_02,SHUNTING_PREP,retrofitted,,,,,4,1.0
4983.0,2025-12-04T11:03:00+00:00,LOCO_02,MOVING,parking16,retrofitted,parking16,,,0,120.0
5103.0,2025-12-04T13:03:00+00:00,LOCO_02,LOCO_DECOUPLING_STARTED,parking16,,,,DAC,4,0.5
5103.5,2025-12-04T13:03:30+00:00,LOCO_02,LOCO_DECOUPLING_COMPLETED,parking16,,,,DAC,4,0.5
5103.5,2025-12-04T13:03:30+00:00,LOCO_02,RAKE_DECOUPLING_STARTED,parking16,,,,DAC,4,1.5
5105.0,2025-12-04T13:05:00+00:00,LOCO_02,RAKE_DECOUPLING_COMPLETED,parking16,,,,DAC,4,1.5
5106.5,2025-12-04T13:06:30+00:00,LOCO_02,MOVING,track_19,parking16,track_19,,,0,60.0
5166.5,2025-12-04T14:06:30+00:00,LOCO_02,MOVING,WS_02,track_19,WS_02,,,0,5.0
5171.5,2025-12-04T14:11:30+00:00,LOCO_02,RAKE_COUPLING_STARTED,WS_02,,,,DAC,2,0.5
5172.0,2025-12-04T14:12:00+00:00,LOCO_02,RAKE_COUPLING_COMPLETED,WS_02,,,,DAC,2,0.5
5172.0,2025-12-04T14:12:00+00:00,LOCO_02,LOCO_COUPLING_STARTED,WS_02,,,,DAC,2,0.5
5172.5,2025-12-04T14:12:30+00:00,LOCO_02,LOCO_COUPLING_COMPLETED,WS_02,,,,DAC,2,0.5
5172.5,2025-12-04T14:12:30+00:00,LOCO_02,SHUNTING_PREP,WS_02,,,,,2,1.0
5173.5,2025-12-04T14:13:30+00:00,LOCO_02,MOVING,retrofitted,WS_02,retrofitted,,,0,5.0
5178.5,2025-12-04T14:18:30+00:00,LOCO_02,MOVING,track_19,retrofitted,track_19,,,0,5.0
5183.5,2025-12-04T14:23:30+00:00,LOCO_02,MOVING,WS_01,track_19,WS_01,,,0,5.0
5188.5,2025-12-04T14:28:30+00:00,LOCO_02,RAKE_COUPLING_STARTED,WS_01,,,,DAC,2,0.5
5189.0,2025-12-04T14:29:00+00:00,LOCO_02,RAKE_COUPLING_COMPLETED,WS_01,,,,DAC,2,0.5
5189.0,2025-12-04T14:29:00+00:00,LOCO_02,LOCO_COUPLING_STARTED,WS_01,,,,DAC,2,0.5
5189.5,2025-12-04T14:29:30+00:00,LOCO_02,LOCO_COUPLING_COMPLETED,WS_01,,,,DAC,2,0.5
5189.5,2025-12-04T14:29:30+00:00,LOCO_02,SHUNTING_PREP,WS_01,,,,,2,1.0
5190.5,2025-12-04T14:30:30+00:00,LOCO_02,MOVING,retrofitted,WS_01,retrofitted,,,0,5.0
5195.5,2025-12-04T14:35:30+00:00,LOCO_02,MOVING,track_19,retrofitted,track_19,,,0,5.0
5200.5,2025-12-04T14:40:30+00:00,LOCO_02,ALLOCATED,,,,batch_transport,,0,0.0
5200.5,2025-12-04T14:40:30+00:00,LOCO_02,MOVING,retrofitted,track_19,retrofitted,,,0,5.0
5205.5,2025-12-04T14:45:30+00:00,LOCO_02,RAKE_COUPLING_STARTED,retrofitted,,,,DAC,4,1.5
5207.0,2025-12-04T14:47:00+00:00,LOCO_02,RAKE_COUPLING_COMPLETED,retrofitted,,,,DAC,4,1.5
5207.0,2025-12-04T14:47:00+00:00,LOCO_02,LOCO_COUPLING_STARTED,retrofitted,,,,DAC,4,0.5
5207.5,2025-12-04T14:47:30+00:00,LOCO_02,LOCO_COUPLING_COMPLETED,retrofitted,,,,DAC,4,0.5
5207.5,2025-12-04T14:47:30+00:00,LOCO_02,SHUNTING_PREP,retrofitted,,,,,4,1.0
5208.5,2025-12-04T14:48:30+00:00,LOCO_02,MOVING,parking1,retrofitted,parking1,,,0,5.0
5213.5,2025-12-04T14:53:30+00:00,LOCO_02,LOCO_DECOUPLING_STARTED,parking1,,,,DAC,4,0.5
5214.0,2025-12-04T14:54:00+00:00,LOCO_02,LOCO_DECOUPLING_COMPLETED,parking1,,,,DAC,4,0.5
5214.0,2025-12-04T14:54:00+00:00,LOCO_02,RAKE_DECOUPLING_STARTED,parking1,,,,DAC,4,1.5
5215.5,2025-12-04T14:55:30+00:00,LOCO_02,RAKE_DECOUPLING_COMPLETED,parking1,,,,DAC,4,1.5
5217.0,2025-12-04T14:57:00+00:00,LOCO_02,MOVING,track_19,parking1,track_19,,,0,7.0
5224.0,2025-12-04T15:04:00+00:00,LOCO_02,MOVING,retrofit,track_19,retrofit,,,0,5.0
5229.0,2025-12-04T15:09:00+00:00,LOCO_02,COUPLING_STARTED,retrofit,,,,SCREW,0,2.0
5231.0,2025-12-04T15:11:00+00:00,LOCO_02,COUPLING_COMPLETED,retrofit,,,,SCREW,0,2.0
5231.0,2025-12-04T15:11:00+00:00,LOCO_02,SHUNTING_PREP,retrofit,,,,,0,1.0
5232.0,2025-12-04T15:12:00+00:00,LOCO_02,MOVING,WS_01,retrofit,WS_01,,,0,5.0
5237.0,2025-12-04T15:17:00+00:00,LOCO_02,DECOUPLING_STARTED,WS_01,,,,SCREW,0,3.0
5240.0,2025-12-04T15:20:00+00:00,LOCO_02,DECOUPLING_COMPLETED,WS_01,,,,SCREW,0,3.0
5243.0,2025-12-04T15:23:00+00:00,LOCO_02,MOVING,track_19,WS_01,track_19,,,0,5.0
5248.0,2025-12-04T15:28:00+00:00,LOCO_02,MOVING,collection1,track_19,collection1,,,0,60.0
5308.0,2025-12-04T16:28:00+00:00,LOCO_02,ALLOCATED,,,,batch_transport,,0,0.0
5308.0,2025-12-04T16:28:00+00:00,LOCO_02,RAKE_COUPLING_STARTED,collection1,,,,SCREW,2,2.0
5310.0,2025-12-04T16:30:00+00:00,LOCO_02,RAKE_COUPLING_COMPLETED,collection1,,,,SCREW,2,2.0
5310.0,2025-12-04T16:30:00+00:00,LOCO_02,LOCO_COUPLING_STARTED,collection1,,,,SCREW,2,2.0
5312.0,2025-12-04T16:32:00+00:00,LOCO_02,LOCO_COUPLING_COMPLETED,collection1,,,,SCREW,2,2.0
5312.0,2025-12-04T16:32:00+00:00,LOCO_02,SHUNTING_PREP,collection1,,,,,2,1.0
5313.0,2025-12-04T16:33:00+00:00,LOCO_02,MOVING,retrofit,collection1,retrofit,,,0,60.0
5373.0,2025-12-04T17:33:00+00:00,LOCO_02,LOCO_DECOUPLING_STARTED,retrofit,,,,SCREW,2,3.0
5376.0,2025-12-04T17:36:00+00:00,LOCO_02,LOCO_DECOUPLING_COMPLETED,retrofit,,,,SCREW,2,3.0
5376.0,2025-12-04T17:36:00+00:00,LOCO_02,RAKE_DECOUPLING_STARTED,retrofit,,,,SCREW,2,3.0
5379.0,2025-12-04T17:39:00+00:00,LOCO_02,RAKE_DECOUPLING_COMPLETED,retrofit,,,,SCREW,2,3.0
5382.0,2025-12-04T17:42:00+00:00,LOCO_02,MOVING,track_19,retrofit,track_19,,,0,5.0
5387.0,2025-12-04T17:47:00+00:00,LOCO_02,PARKING,,,,,,0,2.0
5389.0,2025-12-04T17:49:00+00:00,LOCO_02,MOVING,retrofit,track_19,retrofit,,,0,5.0
5394.0,2025-12-04T17:54:00+00:00,LOCO_02,COUPLING_STARTED,retrofit,,,,SCREW,0,2.0
5396.0,2025-12-04T17:56:00+00:00,LOCO_02,COUPLING_COMPLETED,retrofit,,,,SCREW,0,2.0
5396.0,2025-12-04T17:56:00+00:00,LOCO_02,SHUNTING_PREP,retrofit,,,,,0,1.0
5397.0,2025-12-04T17:57:00+00:00,LOCO_02,MOVING,WS_02,retrofit,WS_02,,,0,5.0
5402.0,2025-12-04T18:02:00+00:00,LOCO_02,DECOUPLING_STARTED,WS_02,,,,SCREW,0,3.0
5405.0,2025-12-04T18:05:00+00:00,LOCO_02,DECOUPLING_COMPLETED,WS_02,,,,SCREW,0,3.0
5408.0,2025-12-04T18:08:00+00:00,LOCO_02,MOVING,track_19,WS_02,track_19,,,0,7.0
5415.0,2025-12-04T18:15:00+00:00,LOCO_02,MOVING,retrofit,track_19,retrofit,,,0,5.0
5420.0,2025-12-04T18:20:00+00:00,LOCO_02,COUPLING_STARTED,retrofit,,,,SCREW,0,2.0
5422.0,2025-12-04T18:22:00+00:00,LOCO_02,COUPLING_COMPLETED,retrofit,,,,SCREW,0,2.0
5422.0,2025-12-04T18:22:00+00:00,LOCO_02,SHUNTING_PREP,retrofit,,,,,0,1.0
5423.0,2025-12-04T18:23:00+00:00,LOCO_02,MOVING,WS_01,retrofit,WS_01,,,0,5.0
5428.0,2025-12-04T18:28:00+00:00,LOCO_02,DECOUPLING_STARTED,WS_01,,,,SCREW,0,3.0
5431.0,2025-12-04T18:31:00+00:00,LOCO_02,DECOUPLING_COMPLETED,WS_01,,,,SCREW,0,3.0
5434.0,2025-12-04T18:34:00+00:00,LOCO_02,MOVING,track_19,WS_01,track_19,,,0,5.0
5439.0,2025-12-04T18:39:00+00:00,LOCO_02,MOVING,collection2,track_19,collection2,,,0,60.0
5499.0,2025-12-04T19:39:00+00:00,LOCO_02,ALLOCATED,,,,batch_transport,,0,0.0
5499.0,2025-12-04T19:39:00+00:00,LOCO_02,RAKE_COUPLING_STARTED,collection2,,,,SCREW,4,6.0
5505.0,2025-12-04T19:45:00+00:00,LOCO_02,RAKE_COUPLING_COMPLETED,collection2,,,,SCREW,4,6.0
5505.0,2025-12-04T19:45:00+00:00,LOCO_02,LOCO_COUPLING_STARTED,collection2,,,,SCREW,4,2.0
5507.0,2025-12-04T19:47:00+00:00,LOCO_02,LOCO_COUPLING_COMPLETED,collection2,,,,SCREW,4,2.0
5507.0,2025-12-04T19:47:00+00:00,LOCO_02,SHUNTING_PREP,collection2,,,,,4,1.0
5508.0,2025-12-04T19:48:00+00:00,LOCO_02,MOVING,retrofit,collection2,retrofit,,,0,60.0
5568.0,2025-12-04T20:48:00+00:00,LOCO_02,LOCO_DECOUPLING_STARTED,retrofit,,,,SCREW,4,3.0
5571.0,2025-12-04T20:51:00+00:00,LOCO_02,LOCO_DECOUPLING_COMPLETED,retrofit,,,,SCREW,4,3.0
5571.0,2025-12-04T20:51:00+00:00,LOCO_02,RAKE_DECOUPLING_STARTED,retrofit,,,,SCREW,4,9.0
5580.0,2025-12-04T21:00:00+00:00,LOCO_02,RAKE_DECOUPLING_COMPLETED,retrofit,,,,SCREW,4,9.0
5589.0,2025-12-04T21:09:00+00:00,LOCO_02,MOVING,track_19,retrofit,track_19,,,0,5.0
5594.0,2025-12-04T21:14:00+00:00,LOCO_02,PARKING,,,,,,0,2.0
5596.0,2025-12-04T21:16:00+00:00,LOCO_02,MOVING,retrofit,track_19,retrofit,,,0,5.0
5601.0,2025-12-04T21:21:00+00:00,LOCO_02,COUPLING_STARTED,retrofit,,,,SCREW,0,2.0
5603.0,2025-12-04T21:23:00+00:00,LOCO_02,COUPLING_COMPLETED,retrofit,,,,SCREW,0,2.0
5603.0,2025-12-04T21:23:00+00:00,LOCO_02,SHUNTING_PREP,retrofit,,,,,0,1.0
5604.0,2025-12-04T21:24:00+00:00,LOCO_02,MOVING,WS_01,retrofit,WS_01,,,0,5.0
5609.0,2025-12-04T21:29:00+00:00,LOCO_02,DECOUPLING_STARTED,WS_01,,,,SCREW,0,3.0
5612.0,2025-12-04T21:32:00+00:00,LOCO_02,DECOUPLING_COMPLETED,WS_01,,,,SCREW,0,3.0
5615.0,2025-12-04T21:35:00+00:00,LOCO_02,MOVING,track_19,WS_01,track_19,,,0,5.0
5620.0,2025-12-04T21:40:00+00:00,LOCO_02,MOVING,collection1,track_19,collection1,,,0,60.0
5680.0,2025-12-04T22:40:00+00:00,LOCO_02,ALLOCATED,,,,batch_transport,,0,0.0
5680.0,2025-12-04T22:40:00+00:00,LOCO_02,RAKE_COUPLING_STARTED,collection1,,,,SCREW,7,12.0
5692.0,2025-12-04T22:52:00+00:00,LOCO_02,RAKE_COUPLING_COMPLETED,collection1,,,,SCREW,7,12.0
5692.0,2025-12-04T22:52:00+00:00,LOCO_02,LOCO_COUPLING_STARTED,collection1,,,,SCREW,7,2.0
5694.0,2025-12-04T22:54:00+00:00,LOCO_02,LOCO_COUPLING_COMPLETED,collection1,,,,SCREW,7,2.0
5694.0,2025-12-04T22:54:00+00:00,LOCO_02,SHUNTING_PREP,collection1,,,,,7,1.0
5695.0,2025-12-04T22:55:00+00:00,LOCO_02,MOVING,retrofit,collection1,retrofit,,,0,60.0
5755.0,2025-12-04T23:55:00+00:00,LOCO_02,LOCO_DECOUPLING_STARTED,retrofit,,,,SCREW,7,3.0
5758.0,2025-12-04T23:58:00+00:00,LOCO_02,LOCO_DECOUPLING_COMPLETED,retrofit,,,,SCREW,7,3.0
5758.0,2025-12-04T23:58:00+00:00,LOCO_02,RAKE_DECOUPLING_STARTED,retrofit,,,,SCREW,7,18.0
5776.0,2025-12-05T00:16:00+00:00,LOCO_02,RAKE_DECOUPLING_COMPLETED,retrofit,,,,SCREW,7,18.0
5794.0,2025-12-05T00:34:00+00:00,LOCO_02,MOVING,track_19,retrofit,track_19,,,0,5.0
5799.0,2025-12-05T00:39:00+00:00,LOCO_02,PARKING,,,,,,0,0.0
5799.0,2025-12-05T00:39:00+00:00,LOCO_02,ALLOCATED,,,,batch_transport,,0,0.0
5799.0,2025-12-05T00:39:00+00:00,LOCO_02,MOVING,retrofitted,track_19,retrofitted,,,0,5.0
5804.0,2025-12-05T00:44:00+00:00,LOCO_02,RAKE_COUPLING_STARTED,retrofitted,,,,DAC,4,1.5
5805.5,2025-12-05T00:45:30+00:00,LOCO_02,RAKE_COUPLING_COMPLETED,retrofitted,,,,DAC,4,1.5
5805.5,2025-12-05T00:45:30+00:00,LOCO_02,LOCO_COUPLING_STARTED,retrofitted,,,,DAC,4,0.5
5806.0,2025-12-05T00:46:00+00:00,LOCO_02,LOCO_COUPLING_COMPLETED,retrofitted,,,,DAC,4,0.5
5806.0,2025-12-05T00:46:00+00:00,LOCO_02,SHUNTING_PREP,retrofitted,,,,,4,1.0
5807.0,2025-12-05T00:47:00+00:00,LOCO_02,MOVING,parking15,retrofitted,parking15,,,0,75.0
5882.0,2025-12-05T02:02:00+00:00,LOCO_02,LOCO_DECOUPLING_STARTED,parking15,,,,DAC,4,0.5
5882.5,2025-12-05T02:02:30+00:00,LOCO_02,LOCO_DECOUPLING_COMPLETED,parking15,,,,DAC,4,0.5
5882.5,2025-12-05T02:02:30+00:00,LOCO_02,RAKE_DECOUPLING_STARTED,parking15,,,,DAC,4,1.5
5884.0,2025-12-05T02:04:00+00:00,LOCO_02,RAKE_DECOUPLING_COMPLETED,parking15,,,,DAC,4,1.5
5885.5,2025-12-05T02:05:30+00:00,LOCO_02,MOVING,track_19,parking15,track_19,,,0,60.0
5945.5,2025-12-05T03:05:30+00:00,LOCO_02,MOVING,WS_02,track_19,WS_02,,,0,5.0
5950.5,2025-12-05T03:10:30+00:00,LOCO_02,RAKE_COUPLING_STARTED,WS_02,,,,DAC,2,0.5
5951.0,2025-12-05T03:11:00+00:00,LOCO_02,RAKE_COUPLING_COMPLETED,WS_02,,,,DAC,2,0.5
5951.0,2025-12-05T03:11:00+00:00,LOCO_02,LOCO_COUPLING_STARTED,WS_02,,,,DAC,2,0.5
5951.5,2025-12-05T03:11:30+00:00,LOCO_02,LOCO_COUPLING_COMPLETED,WS_02,,,,DAC,2,0.5
5951.5,2025-12-05T03:11:30+00:00,LOCO_02,SHUNTING_PREP,WS_02,,,,,2,1.0
5952.5,2025-12-05T03:12:30+00:00,LOCO_02,MOVING,retrofitted,WS_02,retrofitted,,,0,5.0
5957.5,2025-12-05T03:17:30+00:00,LOCO_02,MOVING,track_19,retrofitted,track_19,,,0,5.0
5962.5,2025-12-05T03:22:30+00:00,LOCO_02,MOVING,WS_01,track_19,WS_01,,,0,5.0
5967.5,2025-12-05T03:27:30+00:00,LOCO_02,RAKE_COUPLING_STARTED,WS_01,,,,DAC,2,0.5
5968.0,2025-12-05T03:28:00+00:00,LOCO_02,RAKE_COUPLING_COMPLETED,WS_01,,,,DAC,2,0.5
5968.0,2025-12-05T03:28:00+00:00,LOCO_02,LOCO_COUPLING_STARTED,WS_01,,,,DAC,2,0.5
5968.5,2025-12-05T03:28:30+00:00,LOCO_02,LOCO_COUPLING_COMPLETED,WS_01,,,,DAC,2,0.5
5968.5,2025-12-05T03:28:30+00:00,LOCO_02,SHUNTING_PREP,WS_01,,,,,2,1.0
5969.5,2025-12-05T03:29:30+00:00,LOCO_02,MOVING,retrofitted,WS_01,retrofitted,,,0,5.0
5974.5,2025-12-05T03:34:30+00:00,LOCO_02,MOVING,track_19,retrofitted,track_19,,,0,7.0
5981.5,2025-12-05T03:41:30+00:00,LOCO_02,MOVING,retrofit,track_19,retrofit,,,0,5.0
5986.5,2025-12-05T03:46:30+00:00,LOCO_02,COUPLING_STARTED,retrofit,,,,SCREW,0,2.0
5988.5,2025-12-05T03:48:30+00:00,LOCO_02,COUPLING_COMPLETED,retrofit,,,,SCREW,0,2.0
5988.5,2025-12-05T03:48:30+00:00,LOCO_02,SHUNTING_PREP,retrofit,,,,,0,1.0
5989.5,2025-12-05T03:49:30+00:00,LOCO_02,MOVING,WS_02,retrofit,WS_02,,,0,5.0
5994.5,2025-12-05T03:54:30+00:00,LOCO_02,DECOUPLING_STARTED,WS_02,,,,SCREW,0,3.0
5997.5,2025-12-05T03:57:30+00:00,LOCO_02,DECOUPLING_COMPLETED,WS_02,,,,SCREW,0,3.0
6000.5,2025-12-05T04:00:30+00:00,LOCO_02,MOVING,track_19,WS_02,track_19,,,0,5.0
6005.5,2025-12-05T04:05:30+00:00,LOCO_02,ALLOCATED,,,,batch_transport,,0,0.0
6005.5,2025-12-05T04:05:30+00:00,LOCO_02,MOVING,retrofitted,track_19,retrofitted,,,0,5.0
6010.5,2025-12-05T04:10:30+00:00,LOCO_02,RAKE_COUPLING_STARTED,retrofitted,,,,DAC,4,1.5
6012.0,2025-12-05T04:12:00+00:00,LOCO_02,RAKE_COUPLING_COMPLETED,retrofitted,,,,DAC,4,1.5
6012.0,2025-12-05T04:12:00+00:00,LOCO_02,LOCO_COUPLING_STARTED,retrofitted,,,,DAC,4,0.5
6012.5,2025-12-05T04:12:30+00:00,LOCO_02,LOCO_COUPLING_COMPLETED,retrofitted,,,,DAC,4,0.5
6012.5,2025-12-05T04:12:30+00:00,LOCO_02,SHUNTING_PREP,retrofitted,,,,,4,1.0
6013.5,2025-12-05T04:13:30+00:00,LOCO_02,MOVING,parking13,retrofitted,parking13,,,0,75.0
6088.5,2025-12-05T05:28:30+00:00,LOCO_02,LOCO_DECOUPLING_STARTED,parking13,,,,DAC,4,0.5
6089.0,2025-12-05T05:29:00+00:00,LOCO_02,LOCO_DECOUPLING_COMPLETED,parking13,,,,DAC,4,0.5
6089.0,2025-12-05T05:29:00+00:00,LOCO_02,RAKE_DECOUPLING_STARTED,parking13,,,,DAC,4,1.5
6090.5,2025-12-05T05:30:30+00:00,LOCO_02,RAKE_DECOUPLING_COMPLETED,parking13,,,,DAC,4,1.5
6092.0,2025-12-05T05:32:00+00:00,LOCO_02,MOVING,track_19,parking13,track_19,,,0,60.0
6152.0,2025-12-05T06:32:00+00:00,LOCO_02,MOVING,WS_02,track_19,WS_02,,,0,5.0
6157.0,2025-12-05T06:37:00+00:00,LOCO_02,RAKE_COUPLING_STARTED,WS_02,,,,DAC,2,0.5
6157.5,2025-12-05T06:37:30+00:00,LOCO_02,RAKE_COUPLING_COMPLETED,WS_02,,,,DAC,2,0.5
6157.5,2025-12-05T06:37:30+00:00,LOCO_02,LOCO_COUPLING_STARTED,WS_02,,,,DAC,2,0.5
6158.0,2025-12-05T06:38:00+00:00,LOCO_02,LOCO_COUPLING_COMPLETED,WS_02,,,,DAC,2,0.5
6158.0,2025-12-05T06:38:00+00:00,LOCO_02,SHUNTING_PREP,WS_02,,,,,2,1.0
6159.0,2025-12-05T06:39:00+00:00,LOCO_02,MOVING,retrofitted,WS_02,retrofitted,,,0,5.0
6164.0,2025-12-05T06:44:00+00:00,LOCO_02,MOVING,track_19,retrofitted,track_19,,,0,5.0
6169.0,2025-12-05T06:49:00+00:00,LOCO_02,ALLOCATED,,,,batch_transport,,0,0.0
6169.0,2025-12-05T06:49:00+00:00,LOCO_02,MOVING,retrofitted,track_19,retrofitted,,,0,5.0
6174.0,2025-12-05T06:54:00+00:00,LOCO_02,RAKE_COUPLING_STARTED,retrofitted,,,,DAC,4,1.5
6175.5,2025-12-05T06:55:30+00:00,LOCO_02,RAKE_COUPLING_COMPLETED,retrofitted,,,,DAC,4,1.5
6175.5,2025-12-05T06:55:30+00:00,LOCO_02,LOCO_COUPLING_STARTED,retrofitted,,,,DAC,4,0.5
6176.0,2025-12-05T06:56:00+00:00,LOCO_02,LOCO_COUPLING_COMPLETED,retrofitted,,,,DAC,4,0.5
6176.0,2025-12-05T06:56:00+00:00,LOCO_02,SHUNTING_PREP,retrofitted,,,,,4,1.0
6177.0,2025-12-05T06:57:00+00:00,LOCO_02,MOVING,parking14,retrofitted,parking14,,,0,75.0
6252.0,2025-12-05T08:12:00+00:00,LOCO_02,LOCO_DECOUPLING_STARTED,parking14,,,,DAC,4,0.5
6252.5,2025-12-05T08:12:30+00:00,LOCO_02,LOCO_DECOUPLING_COMPLETED,parking14,,,,DAC,4,0.5
6252.5,2025-12-05T08:12:30+00:00,LOCO_02,RAKE_DECOUPLING_STARTED,parking14,,,,DAC,4,1.5
6254.0,2025-12-05T08:14:00+00:00,LOCO_02,RAKE_DECOUPLING_COMPLETED,parking14,,,,DAC,4,1.5
6255.5,2025-12-05T08:15:30+00:00,LOCO_02,MOVING,track_19,parking14,track_19,,,0,60.0
6315.5,2025-12-05T09:15:30+00:00,LOCO_02,MOVING,WS_02,track_19,WS_02,,,0,5.0
6320.5,2025-12-05T09:20:30+00:00,LOCO_02,RAKE_COUPLING_STARTED,WS_02,,,,DAC,2,0.5
6321.0,2025-12-05T09:21:00+00:00,LOCO_02,RAKE_COUPLING_COMPLETED,WS_02,,,,DAC,2,0.5
6321.0,2025-12-05T09:21:00+00:00,LOCO_02,LOCO_COUPLING_STARTED,WS_02,,,,DAC,2,0.5
6321.5,2025-12-05T09:21:30+00:00,LOCO_02,LOCO_COUPLING_COMPLETED,WS_02,,,,DAC,2,0.5
6321.5,2025-12-05T09:21:30+00:00,LOCO_02,SHUNTING_PREP,WS_02,,,,,2,1.0
6322.5,2025-12-05T09:22:30+00:00,LOCO_02,MOVING,retrofitted,WS_02,retrofitted,,,0,5.0
6327.5,2025-12-05T09:27:30+00:00,LOCO_02,MOVING,track_19,retrofitted,track_19,,,0,5.0
6332.5,2025-12-05T09:32:30+00:00,LOCO_02,MOVING,WS_01,track_19,WS_01,,,0,5.0
6337.5,2025-12-05T09:37:30+00:00,LOCO_02,RAKE_COUPLING_STARTED,WS_01,,,,DAC,2,0.5
6338.0,2025-12-05T09:38:00+00:00,LOCO_02,RAKE_COUPLING_COMPLETED,WS_01,,,,DAC,2,0.5
6338.0,2025-12-05T09:38:00+00:00,LOCO_02,LOCO_COUPLING_STARTED,WS_01,,,,DAC,2,0.5
6338.5,2025-12-05T09:38:30+00:00,LOCO_02,LOCO_COUPLING_COMPLETED,WS_01,,,,DAC,2,0.5
6338.5,2025-12-05T09:38:30+00:00,LOCO_02,SHUNTING_PREP,WS_01,,,,,2,1.0
6339.5,2025-12-05T09:39:30+00:00,LOCO_02,MOVING,retrofitted,WS_01,retrofitted,,,0,5.0
6344.5,2025-12-05T09:44:30+00:00,LOCO_02,MOVING,track_19,retrofitted,track_19,,,0,7.0
6351.5,2025-12-05T09:51:30+00:00,LOCO_02,MOVING,retrofit,track_19,retrofit,,,0,5.0
6356.5,2025-12-05T09:56:30+00:00,LOCO_02,COUPLING_STARTED,retrofit,,,,SCREW,0,2.0
6358.5,2025-12-05T09:58:30+00:00,LOCO_02,COUPLING_COMPLETED,retrofit,,,,SCREW,0,2.0
6358.5,2025-12-05T09:58:30+00:00,LOCO_02,SHUNTING_PREP,retrofit,,,,,0,1.0
6359.5,2025-12-05T09:59:30+00:00,LOCO_02,MOVING,WS_02,retrofit,WS_02,,,0,5.0
6364.5,2025-12-05T10:04:30+00:00,LOCO_02,DECOUPLING_STARTED,WS_02,,,,SCREW,0,3.0
6367.5,2025-12-05T10:07:30+00:00,LOCO_02,DECOUPLING_COMPLETED,WS_02,,,,SCREW,0,3.0
6370.5,2025-12-05T10:10:30+00:00,LOCO_02,MOVING,track_19,WS_02,track_19,,,0,7.0
6377.5,2025-12-05T10:17:30+00:00,LOCO_02,MOVING,retrofit,track_19,retrofit,,,0,5.0
6382.5,2025-12-05T10:22:30+00:00,LOCO_02,COUPLING_STARTED,retrofit,,,,SCREW,0,2.0
6384.5,2025-12-05T10:24:30+00:00,LOCO_02,COUPLING_COMPLETED,retrofit,,,,SCREW,0,2.0
6384.5,2025-12-05T10:24:30+00:00,LOCO_02,SHUNTING_PREP,retrofit,,,,,0,1.0
6385.5,2025-12-05T10:25:30+00:00,LOCO_02,MOVING,WS_01,retrofit,WS_01,,,0,5.0
6390.5,2025-12-05T10:30:30+00:00,LOCO_02,DECOUPLING_STARTED,WS_01,,,,SCREW,0,3.0
6393.5,2025-12-05T10:33:30+00:00,LOCO_02,DECOUPLING_COMPLETED,WS_01,,,,SCREW,0,3.0
6396.5,2025-12-05T10:36:30+00:00,LOCO_02,MOVING,track_19,WS_01,track_19,,,0,5.0
6401.5,2025-12-05T10:41:30+00:00,LOCO_02,MOVING,collection1,track_19,collection1,,,0,60.0
6461.5,2025-12-05T11:41:30+00:00,LOCO_02,ALLOCATED,,,,batch_transport,,0,0.0
6461.5,2025-12-05T11:41:30+00:00,LOCO_02,LOCO_COUPLING_STARTED,collection1,,,,SCREW,1,2.0
6463.5,2025-12-05T11:43:30+00:00,LOCO_02,LOCO_COUPLING_COMPLETED,collection1,,,,SCREW,1,2.0
6463.5,2025-12-05T11:43:30+00:00,LOCO_02,SHUNTING_PREP,collection1,,,,,1,1.0
6464.5,2025-12-05T11:44:30+00:00,LOCO_02,MOVING,retrofit,collection1,retrofit,,,0,60.0
6524.5,2025-12-05T12:44:30+00:00,LOCO_02,LOCO_DECOUPLING_STARTED,retrofit,,,,SCREW,1,3.0
6527.5,2025-12-05T12:47:30+00:00,LOCO_02,MOVING,track_19,retrofit,track_19,,,0,0.0
6527.5,2025-12-05T12:47:30+00:00,LOCO_02,LOCO_DECOUPLING_COMPLETED,retrofit,,,,SCREW,1,3.0
6532.5,2025-12-05T12:52:30+00:00,LOCO_02,PARKING,,,,,,0,0.0
6532.5,2025-12-05T12:52:30+00:00,LOCO_02,MOVING,WS_02,track_19,WS_02,,,0,5.0
6537.5,2025-12-05T12:57:30+00:00,LOCO_02,RAKE_COUPLING_STARTED,WS_02,,,,DAC,2,0.5
6538.0,2025-12-05T12:58:00+00:00,LOCO_02,RAKE_COUPLING_COMPLETED,WS_02,,,,DAC,2,0.5
6538.0,2025-12-05T12:58:00+00:00,LOCO_02,LOCO_COUPLING_STARTED,WS_02,,,,DAC,2,0.5
6538.5,2025-12-05T12:58:30+00:00,LOCO_02,LOCO_COUPLING_COMPLETED,WS_02,,,,DAC,2,0.5
6538.5,2025-12-05T12:58:30+00:00,LOCO_02,SHUNTING_PREP,WS_02,,,,,2,1.0
6539.5,2025-12-05T12:59:30+00:00,LOCO_02,MOVING,retrofitted,WS_02,retrofitted,,,0,5.0
6544.5,2025-12-05T13:04:30+00:00,LOCO_02,MOVING,track_19,retrofitted,track_19,,,0,5.0
6549.5,2025-12-05T13:09:30+00:00,LOCO_02,MOVING,WS_01,track_19,WS_01,,,0,5.0
6554.5,2025-12-05T13:14:30+00:00,LOCO_02,RAKE_COUPLING_STARTED,WS_01,,,,DAC,2,0.5
6555.0,2025-12-05T13:15:00+00:00,LOCO_02,RAKE_COUPLING_COMPLETED,WS_01,,,,DAC,2,0.5
6555.0,2025-12-05T13:15:00+00:00,LOCO_02,LOCO_COUPLING_STARTED,WS_01,,,,DAC,2,0.5
6555.5,2025-12-05T13:15:30+00:00,LOCO_02,LOCO_COUPLING_COMPLETED,WS_01,,,,DAC,2,0.5
6555.5,2025-12-05T13:15:30+00:00,LOCO_02,SHUNTING_PREP,WS_01,,,,,2,1.0
6556.5,2025-12-05T13:16:30+00:00,LOCO_02,MOVING,retrofitted,WS_01,retrofitted,,,0,5.0
6561.5,2025-12-05T13:21:30+00:00,LOCO_02,MOVING,track_19,retrofitted,track_19,,,0,7.0
6568.5,2025-12-05T13:28:30+00:00,LOCO_02,MOVING,retrofit,track_19,retrofit,,,0,5.0
6573.5,2025-12-05T13:33:30+00:00,LOCO_02,COUPLING_STARTED,retrofit,,,,SCREW,0,2.0
6575.5,2025-12-05T13:35:30+00:00,LOCO_02,COUPLING_COMPLETED,retrofit,,,,SCREW,0,2.0
6575.5,2025-12-05T13:35:30+00:00,LOCO_02,SHUNTING_PREP,retrofit,,,,,0,1.0
6576.5,2025-12-05T13:36:30+00:00,LOCO_02,MOVING,WS_02,retrofit,WS_02,,,0,5.0
6581.5,2025-12-05T13:41:30+00:00,LOCO_02,DECOUPLING_STARTED,WS_02,,,,SCREW,0,3.0
6584.5,2025-12-05T13:44:30+00:00,LOCO_02,DECOUPLING_COMPLETED,WS_02,,,,SCREW,0,3.0
6587.5,2025-12-05T13:47:30+00:00,LOCO_02,MOVING,track_19,WS_02,track_19,,,0,5.0
6592.5,2025-12-05T13:52:30+00:00,LOCO_02,ALLOCATED,,,,batch_transport,,0,0.0
6592.5,2025-12-05T13:52:30+00:00,LOCO_02,MOVING,retrofitted,track_19,retrofitted,,,0,5.0
6597.5,2025-12-05T13:57:30+00:00,LOCO_02,RAKE_COUPLING_STARTED,retrofitted,,,,DAC,8,3.5
6601.0,2025-12-05T14:01:00+00:00,LOCO_02,RAKE_COUPLING_COMPLETED,retrofitted,,,,DAC,8,3.5
6601.0,2025-12-05T14:01:00+00:00,LOCO_02,LOCO_COUPLING_STARTED,retrofitted,,,,DAC,8,0.5
6601.5,2025-12-05T14:01:30+00:00,LOCO_02,LOCO_COUPLING_COMPLETED,retrofitted,,,,DAC,8,0.5
6601.5,2025-12-05T14:01:30+00:00,LOCO_02,SHUNTING_PREP,retrofitted,,,,,8,1.0
6602.5,2025-12-05T14:02:30+00:00,LOCO_02,MOVING,parking12,retrofitted,parking12,,,0,60.0
6662.5,2025-12-05T15:02:30+00:00,LOCO_02,LOCO_DECOUPLING_STARTED,parking12,,,,DAC,8,0.5
6663.0,2025-12-05T15:03:00+00:00,LOCO_02,LOCO_DECOUPLING_COMPLETED,parking12,,,,DAC,8,0.5
6663.0,2025-12-05T15:03:00+00:00,LOCO_02,RAKE_DECOUPLING_STARTED,parking12,,,,DAC,8,3.5
6666.5,2025-12-05T15:06:30+00:00,LOCO_02,RAKE_DECOUPLING_COMPLETED,parking12,,,,DAC,8,3.5
6670.0,2025-12-05T15:10:00+00:00,LOCO_02,MOVING,track_19,parking12,track_19,,,0,60.0
6730.0,2025-12-05T16:10:00+00:00,LOCO_02,MOVING,WS_02,track_19,WS_02,,,0,5.0
6735.0,2025-12-05T16:15:00+00:00,LOCO_02,RAKE_COUPLING_STARTED,WS_02,,,,DAC,2,0.5
6735.5,2025-12-05T16:15:30+00:00,LOCO_02,RAKE_COUPLING_COMPLETED,WS_02,,,,DAC,2,0.5
6735.5,2025-12-05T16:15:30+00:00,LOCO_02,LOCO_COUPLING_STARTED,WS_02,,,,DAC,2,0.5
6736.0,2025-12-05T16:16:00+00:00,LOCO_02,LOCO_COUPLING_COMPLETED,WS_02,,,,DAC,2,0.5
6736.0,2025-12-05T16:16:00+00:00,LOCO_02,SHUNTING_PREP,WS_02,,,,,2,1.0
6737.0,2025-12-05T16:17:00+00:00,LOCO_02,MOVING,retrofitted,WS_02,retrofitted,,,0,5.0
6742.0,2025-12-05T16:22:00+00:00,LOCO_02,MOVING,track_19,retrofitted,track_19,,,0,5.0
6747.0,2025-12-05T16:27:00+00:00,LOCO_02,MOVING,WS_01,track_19,WS_01,,,0,5.0
6752.0,2025-12-05T16:32:00+00:00,LOCO_02,RAKE_COUPLING_STARTED,WS_01,,,,DAC,2,0.5
6752.5,2025-12-05T16:32:30+00:00,LOCO_02,RAKE_COUPLING_COMPLETED,WS_01,,,,DAC,2,0.5
6752.5,2025-12-05T16:32:30+00:00,LOCO_02,LOCO_COUPLING_STARTED,WS_01,,,,DAC,2,0.5
6753.0,2025-12-05T16:33:00+00:00,LOCO_02,LOCO_COUPLING_COMPLETED,WS_01,,,,DAC,2,0.5
6753.0,2025-12-05T16:33:00+00:00,LOCO_02,SHUNTING_PREP,WS_01,,,,,2,1.0
6754.0,2025-12-05T16:34:00+00:00,LOCO_02,MOVING,retrofitted,WS_01,retrofitted,,,0,5.0
6759.0,2025-12-05T16:39:00+00:00,LOCO_02,MOVING,track_19,retrofitted,track_19,,,0,7.0
6766.0,2025-12-05T16:46:00+00:00,LOCO_02,MOVING,retrofit,track_19,retrofit,,,0,5.0
6771.0,2025-12-05T16:51:00+00:00,LOCO_02,COUPLING_STARTED,retrofit,,,,SCREW,0,2.0
6773.0,2025-12-05T16:53:00+00:00,LOCO_02,COUPLING_COMPLETED,retrofit,,,,SCREW,0,2.0
6773.0,2025-12-05T16:53:00+00:00,LOCO_02,SHUNTING_PREP,retrofit,,,,,0,1.0
6774.0,2025-12-05T16:54:00+00:00,LOCO_02,MOVING,WS_02,retrofit,WS_02,,,0,5.0
6779.0,2025-12-05T16:59:00+00:00,LOCO_02,DECOUPLING_STARTED,WS_02,,,,SCREW,0,3.0
6782.0,2025-12-05T17:02:00+00:00,LOCO_02,DECOUPLING_COMPLETED,WS_02,,,,SCREW,0,3.0
6785.0,2025-12-05T17:05:00+00:00,LOCO_02,MOVING,track_19,WS_02,track_19,,,0,7.0
6792.0,2025-12-05T17:12:00+00:00,LOCO_02,MOVING,retrofit,track_19,retrofit,,,0,5.0
6797.0,2025-12-05T17:17:00+00:00,LOCO_02,COUPLING_STARTED,retrofit,,,,SCREW,0,2.0
6799.0,2025-12-05T17:19:00+00:00,LOCO_02,COUPLING_COMPLETED,retrofit,,,,SCREW,0,2.0
6799.0,2025-12-05T17:19:00+00:00,LOCO_02,SHUNTING_PREP,retrofit,,,,,0,1.0
6800.0,2025-12-05T17:20:00+00:00,LOCO_02,MOVING,WS_01,retrofit,WS_01,,,0,5.0
6805.0,2025-12-05T17:25:00+00:00,LOCO_02,DECOUPLING_STARTED,WS_01,,,,SCREW,0,3.0
6808.0,2025-12-05T17:28:00+00:00,LOCO_02,DECOUPLING_COMPLETED,WS_01,,,,SCREW,0,3.0
6811.0,2025-12-05T17:31:00+00:00,LOCO_02,MOVING,track_19,WS_01,track_19,,,0,5.0
6816.0,2025-12-05T17:36:00+00:00,LOCO_02,ALLOCATED,,,,batch_transport,,0,0.0
6816.0,2025-12-05T17:36:00+00:00,LOCO_02,MOVING,retrofitted,track_19,retrofitted,,,0,5.0
6821.0,2025-12-05T17:41:00+00:00,LOCO_02,RAKE_COUPLING_STARTED,retrofitted,,,,DAC,2,0.5
6821.5,2025-12-05T17:41:30+00:00,LOCO_02,RAKE_COUPLING_COMPLETED,retrofitted,,,,DAC,2,0.5
6821.5,2025-12-05T17:41:30+00:00,LOCO_02,LOCO_COUPLING_STARTED,retrofitted,,,,DAC,2,0.5
6822.0,2025-12-05T17:42:00+00:00,LOCO_02,LOCO_COUPLING_COMPLETED,retrofitted,,,,DAC,2,0.5
6822.0,2025-12-05T17:42:00+00:00,LOCO_02,SHUNTING_PREP,retrofitted,,,,,2,1.0
6823.0,2025-12-05T17:43:00+00:00,LOCO_02,MOVING,parking1,retrofitted,parking1,,,0,5.0
6828.0,2025-12-05T17:48:00+00:00,LOCO_02,LOCO_DECOUPLING_STARTED,parking1,,,,DAC,2,0.5
6828.5,2025-12-05T17:48:30+00:00,LOCO_02,LOCO_DECOUPLING_COMPLETED,parking1,,,,DAC,2,0.5
6828.5,2025-12-05T17:48:30+00:00,LOCO_02,RAKE_DECOUPLING_STARTED,parking1,,,,DAC,2,0.5
6829.0,2025-12-05T17:49:00+00:00,LOCO_02,RAKE_DECOUPLING_COMPLETED,parking1,,,,DAC,2,0.5
6829.5,2025-12-05T17:49:30+00:00,LOCO_02,MOVING,track_19,parking1,track_19,,,0,5.0
6834.5,2025-12-05T17:54:30+00:00,LOCO_02,MOVING,collection2,track_19,collection2,,,0,60.0
6894.5,2025-12-05T18:54:30+00:00,LOCO_02,ALLOCATED,,,,batch_transport,,0,0.0
6894.5,2025-12-05T18:54:30+00:00,LOCO_02,RAKE_COUPLING_STARTED,collection2,,,,SCREW,7,12.0
6906.5,2025-12-05T19:06:30+00:00,LOCO_02,RAKE_COUPLING_COMPLETED,collection2,,,,SCREW,7,12.0
6906.5,2025-12-05T19:06:30+00:00,LOCO_02,LOCO_COUPLING_STARTED,collection2,,,,SCREW,7,2.0
6908.5,2025-12-05T19:08:30+00:00,LOCO_02,LOCO_COUPLING_COMPLETED,collection2,,,,SCREW,7,2.0
6908.5,2025-12-05T19:08:30+00:00,LOCO_02,SHUNTING_PREP,collection2,,,,,7,1.0
6909.5,2025-12-05T19:09:30+00:00,LOCO_02,MOVING,retrofit,collection2,retrofit,,,0,60.0
6969.5,2025-12-05T20:09:30+00:00,LOCO_02,LOCO_DECOUPLING_STARTED,retrofit,,,,SCREW,7,3.0
6972.5,2025-12-05T20:12:30+00:00,LOCO_02,LOCO_DECOUPLING_COMPLETED,retrofit,,,,SCREW,7,3.0
6972.5,2025-12-05T20:12:30+00:00,LOCO_02,RAKE_DECOUPLING_STARTED,retrofit,,,,SCREW,7,18.0
6990.5,2025-12-05T20:30:30+00:00,LOCO_02,RAKE_DECOUPLING_COMPLETED,retrofit,,,,SCREW,7,18.0
7008.5,2025-12-05T20:48:30+00:00,LOCO_02,MOVING,track_19,retrofit,track_19,,,0,5.0
7013.5,2025-12-05T20:53:30+00:00,LOCO_02,PARKING,,,,,,0,0.0
7013.5,2025-12-05T20:53:30+00:00,LOCO_02,ALLOCATED,,,,batch_transport,,0,0.0
7013.5,2025-12-05T20:53:30+00:00,LOCO_02,MOVING,retrofitted,track_19,retrofitted,,,0,5.0
7018.5,2025-12-05T20:58:30+00:00,LOCO_02,RAKE_COUPLING_STARTED,retrofitted,,,,DAC,2,0.5
7019.0,2025-12-05T20:59:00+00:00,LOCO_02,RAKE_COUPLING_COMPLETED,retrofitted,,,,DAC,2,0.5
7019.0,2025-12-05T20:59:00+00:00,LOCO_02,LOCO_COUPLING_STARTED,retrofitted,,,,DAC,2,0.5
7019.5,2025-12-05T20:59:30+00:00,LOCO_02,LOCO_COUPLING_COMPLETED,retrofitted,,,,DAC,2,0.5
7019.5,2025-12-05T20:59:30+00:00,LOCO_02,SHUNTING_PREP,retrofitted,,,,,2,1.0
7020.5,2025-12-05T21:00:30+00:00,LOCO_02,MOVING,parking15,retrofitted,parking15,,,0,75.0
7095.5,2025-12-05T22:15:30+00:00,LOCO_02,LOCO_DECOUPLING_STARTED,parking15,,,,DAC,2,0.5
7096.0,2025-12-05T22:16:00+00:00,LOCO_02,LOCO_DECOUPLING_COMPLETED,parking15,,,,DAC,2,0.5
7096.0,2025-12-05T22:16:00+00:00,LOCO_02,RAKE_DECOUPLING_STARTED,parking15,,,,DAC,2,0.5
7096.5,2025-12-05T22:16:30+00:00,LOCO_02,RAKE_DECOUPLING_COMPLETED,parking15,,,,DAC,2,0.5
7097.0,2025-12-05T22:17:00+00:00,LOCO_02,MOVING,track_19,parking15,track_19,,,0,60.0
7157.0,2025-12-05T23:17:00+00:00,LOCO_02,MOVING,WS_02,track_19,WS_02,,,0,5.0
7162.0,2025-12-05T23:22:00+00:00,LOCO_02,RAKE_COUPLING_STARTED,WS_02,,,,DAC,2,0.5
7162.5,2025-12-05T23:22:30+00:00,LOCO_02,RAKE_COUPLING_COMPLETED,WS_02,,,,DAC,2,0.5
7162.5,2025-12-05T23:22:30+00:00,LOCO_02,LOCO_COUPLING_STARTED,WS_02,,,,DAC,2,0.5
7163.0,2025-12-05T23:23:00+00:00,LOCO_02,LOCO_COUPLING_COMPLETED,WS_02,,,,DAC,2,0.5
7163.0,2025-12-05T23:23:00+00:00,LOCO_02,SHUNTING_PREP,WS_02,,,,,2,1.0
7164.0,2025-12-05T23:24:00+00:00,LOCO_02,MOVING,retrofitted,WS_02,retrofitted,,,0,5.0
7169.0,2025-12-05T23:29:00+00:00,LOCO_02,MOVING,track_19,retrofitted,track_19,,,0,5.0
7174.0,2025-12-05T23:34:00+00:00,LOCO_02,ALLOCATED,,,,batch_transport,,0,0.0
7174.0,2025-12-05T23:34:00+00:00,LOCO_02,MOVING,retrofitted,track_19,retrofitted,,,0,5.0
7179.0,2025-12-05T23:39:00+00:00,LOCO_02,RAKE_COUPLING_STARTED,retrofitted,,,,DAC,4,1.5
7180.5,2025-12-05T23:40:30+00:00,LOCO_02,RAKE_COUPLING_COMPLETED,retrofitted,,,,DAC,4,1.5
7180.5,2025-12-05T23:40:30+00:00,LOCO_02,LOCO_COUPLING_STARTED,retrofitted,,,,DAC,4,0.5
7181.0,2025-12-05T23:41:00+00:00,LOCO_02,LOCO_COUPLING_COMPLETED,retrofitted,,,,DAC,4,0.5
7181.0,2025-12-05T23:41:00+00:00,LOCO_02,SHUNTING_PREP,retrofitted,,,,,4,1.0
7182.0,2025-12-05T23:42:00+00:00,LOCO_02,MOVING,parking10,retrofitted,parking10,,,0,60.0
7242.0,2025-12-06T00:42:00+00:00,LOCO_02,LOCO_DECOUPLING_STARTED,parking10,,,,DAC,4,0.5
7242.5,2025-12-06T00:42:30+00:00,LOCO_02,LOCO_DECOUPLING_COMPLETED,parking10,,,,DAC,4,0.5
7242.5,2025-12-06T00:42:30+00:00,LOCO_02,RAKE_DECOUPLING_STARTED,parking10,,,,DAC,4,1.5
7244.0,2025-12-06T00:44:00+00:00,LOCO_02,RAKE_DECOUPLING_COMPLETED,parking10,,,,DAC,4,1.5
7245.5,2025-12-06T00:45:30+00:00,LOCO_02,MOVING,track_19,parking10,track_19,,,0,60.0
7305.5,2025-12-06T01:45:30+00:00,LOCO_02,MOVING,WS_02,track_19,WS_02,,,0,5.0
7310.5,2025-12-06T01:50:30+00:00,LOCO_02,RAKE_COUPLING_STARTED,WS_02,,,,DAC,2,0.5
7311.0,2025-12-06T01:51:00+00:00,LOCO_02,RAKE_COUPLING_COMPLETED,WS_02,,,,DAC,2,0.5
7311.0,2025-12-06T01:51:00+00:00,LOCO_02,LOCO_COUPLING_STARTED,WS_02,,,,DAC,2,0.5
7311.5,2025-12-06T01:51:30+00:00,LOCO_02,LOCO_COUPLING_COMPLETED,WS_02,,,,DAC,2,0.5
7311.5,2025-12-06T01:51:30+00:00,LOCO_02,SHUNTING_PREP,WS_02,,,,,2,1.0
7312.5,2025-12-06T01:52:30+00:00,LOCO_02,MOVING,retrofitted,WS_02,retrofitted,,,0,5.0
7317.5,2025-12-06T01:57:30+00:00,LOCO_02,MOVING,track_19,retrofitted,track_19,,,0,5.0
7322.5,2025-12-06T02:02:30+00:00,LOCO_02,MOVING,WS_01,track_19,WS_01,,,0,5.0
7327.5,2025-12-06T02:07:30+00:00,LOCO_02,RAKE_COUPLING_STARTED,WS_01,,,,DAC,2,0.5
7328.0,2025-12-06T02:08:00+00:00,LOCO_02,RAKE_COUPLING_COMPLETED,WS_01,,,,DAC,2,0.5
7328.0,2025-12-06T02:08:00+00:00,LOCO_02,LOCO_COUPLING_STARTED,WS_01,,,,DAC,2,0.5
7328.5,2025-12-06T02:08:30+00:00,LOCO_02,LOCO_COUPLING_COMPLETED,WS_01,,,,DAC,2,0.5
7328.5,2025-12-06T02:08:30+00:00,LOCO_02,SHUNTING_PREP,WS_01,,,,,2,1.0
7329.5,2025-12-06T02:09:30+00:00,LOCO_02,MOVING,retrofitted,WS_01,retrofitted,,,0,5.0
7334.5,2025-12-06T02:14:30+00:00,LOCO_02,MOVING,track_19,retrofitted,track_19,,,0,7.0
7341.5,2025-12-06T02:21:30+00:00,LOCO_02,MOVING,retrofit,track_19,retrofit,,,0,5.0
7346.5,2025-12-06T02:26:30+00:00,LOCO_02,COUPLING_STARTED,retrofit,,,,SCREW,0,2.0
7348.5,2025-12-06T02:28:30+00:00,LOCO_02,COUPLING_COMPLETED,retrofit,,,,SCREW,0,2.0
7348.5,2025-12-06T02:28:30+00:00,LOCO_02,SHUNTING_PREP,retrofit,,,,,0,1.0
7349.5,2025-12-06T02:29:30+00:00,LOCO_02,MOVING,WS_02,retrofit,WS_02,,,0,5.0
7354.5,2025-12-06T02:34:30+00:00,LOCO_02,DECOUPLING_STARTED,WS_02,,,,SCREW,0,3.0
7357.5,2025-12-06T02:37:30+00:00,LOCO_02,DECOUPLING_COMPLETED,WS_02,,,,SCREW,0,3.0
7360.5,2025-12-06T02:40:30+00:00,LOCO_02,MOVING,track_19,WS_02,track_19,,,0,7.0
7367.5,2025-12-06T02:47:30+00:00,LOCO_02,MOVING,retrofit,track_19,retrofit,,,0,5.0
7372.5,2025-12-06T02:52:30+00:00,LOCO_02,COUPLING_STARTED,retrofit,,,,SCREW,0,2.0
7374.5,2025-12-06T02:54:30+00:00,LOCO_02,COUPLING_COMPLETED,retrofit,,,,SCREW,0,2.0
7374.5,2025-12-06T02:54:30+00:00,LOCO_02,SHUNTING_PREP,retrofit,,,,,0,1.0
7375.5,2025-12-06T02:55:30+00:00,LOCO_02,MOVING,WS_01,retrofit,WS_01,,,0,5.0
7380.5,2025-12-06T03:00:30+00:00,LOCO_02,DECOUPLING_STARTED,WS_01,,,,SCREW,0,3.0
7383.5,2025-12-06T03:03:30+00:00,LOCO_02,DECOUPLING_COMPLETED,WS_01,,,,SCREW,0,3.0
7386.5,2025-12-06T03:06:30+00:00,LOCO_02,MOVING,track_19,WS_01,track_19,,,0,5.0
7391.5,2025-12-06T03:11:30+00:00,LOCO_02,MOVING,collection1,track_19,collection1,,,0,60.0
7451.5,2025-12-06T04:11:30+00:00,LOCO_02,ALLOCATED,,,,batch_transport,,0,0.0
7451.5,2025-12-06T04:11:30+00:00,LOCO_02,LOCO_COUPLING_STARTED,collection1,,,,SCREW,1,2.0
7453.5,2025-12-06T04:13:30+00:00,LOCO_02,LOCO_COUPLING_COMPLETED,collection1,,,,SCREW,1,2.0
7453.5,2025-12-06T04:13:30+00:00,LOCO_02,SHUNTING_PREP,collection1,,,,,1,1.0
7454.5,2025-12-06T04:14:30+00:00,LOCO_02,MOVING,retrofit,collection1,retrofit,,,0,60.0
7514.5,2025-12-06T05:14:30+00:00,LOCO_02,LOCO_DECOUPLING_STARTED,retrofit,,,,SCREW,1,3.0
7517.5,2025-12-06T05:17:30+00:00,LOCO_02,MOVING,track_19,retrofit,track_19,,,0,0.0
7517.5,2025-12-06T05:17:30+00:00,LOCO_02,LOCO_DECOUPLING_COMPLETED,retrofit,,,,SCREW,1,3.0
7522.5,2025-12-06T05:22:30+00:00,LOCO_02,PARKING,,,,,,0,0.0
7522.5,2025-12-06T05:22:30+00:00,LOCO_02,MOVING,WS_01,track_19,WS_01,,,0,5.0
7527.5,2025-12-06T05:27:30+00:00,LOCO_02,RAKE_COUPLING_STARTED,WS_01,,,,DAC,2,0.5
7528.0,2025-12-06T05:28:00+00:00,LOCO_02,RAKE_COUPLING_COMPLETED,WS_01,,,,DAC,2,0.5
7528.0,2025-12-06T05:28:00+00:00,LOCO_02,LOCO_COUPLING_STARTED,WS_01,,,,DAC,2,0.5
7528.5,2025-12-06T05:28:30+00:00,LOCO_02,LOCO_COUPLING_COMPLETED,WS_01,,,,DAC,2,0.5
7528.5,2025-12-06T05:28:30+00:00,LOCO_02,SHUNTING_PREP,WS_01,,,,,2,1.0
7529.5,2025-12-06T05:29:30+00:00,LOCO_02,MOVING,retrofitted,WS_01,retrofitted,,,0,5.0
7534.5,2025-12-06T05:34:30+00:00,LOCO_02,MOVING,track_19,retrofitted,track_19,,,0,7.0
7541.5,2025-12-06T05:41:30+00:00,LOCO_02,MOVING,retrofit,track_19,retrofit,,,0,5.0
7546.5,2025-12-06T05:46:30+00:00,LOCO_02,COUPLING_STARTED,retrofit,,,,SCREW,0,2.0
7548.5,2025-12-06T05:48:30+00:00,LOCO_02,COUPLING_COMPLETED,retrofit,,,,SCREW,0,2.0
7548.5,2025-12-06T05:48:30+00:00,LOCO_02,SHUNTING_PREP,retrofit,,,,,0,1.0
7549.5,2025-12-06T05:49:30+00:00,LOCO_02,MOVING,WS_02,retrofit,WS_02,,,0,5.0
7554.5,2025-12-06T05:54:30+00:00,LOCO_02,DECOUPLING_STARTED,WS_02,,,,SCREW,0,3.0
7557.5,2025-12-06T05:57:30+00:00,LOCO_02,DECOUPLING_COMPLETED,WS_02,,,,SCREW,0,3.0
7560.5,2025-12-06T06:00:30+00:00,LOCO_02,MOVING,track_19,WS_02,track_19,,,0,7.0
7567.5,2025-12-06T06:07:30+00:00,LOCO_02,MOVING,retrofit,track_19,retrofit,,,0,5.0
7572.5,2025-12-06T06:12:30+00:00,LOCO_02,COUPLING_STARTED,retrofit,,,,SCREW,0,2.0
7574.5,2025-12-06T06:14:30+00:00,LOCO_02,COUPLING_COMPLETED,retrofit,,,,SCREW,0,2.0
7574.5,2025-12-06T06:14:30+00:00,LOCO_02,SHUNTING_PREP,retrofit,,,,,0,1.0
7575.5,2025-12-06T06:15:30+00:00,LOCO_02,MOVING,WS_01,retrofit,WS_01,,,0,5.0
7580.5,2025-12-06T06:20:30+00:00,LOCO_02,DECOUPLING_STARTED,WS_01,,,,SCREW,0,3.0
7583.5,2025-12-06T06:23:30+00:00,LOCO_02,DECOUPLING_COMPLETED,WS_01,,,,SCREW,0,3.0
7586.5,2025-12-06T06:26:30+00:00,LOCO_02,MOVING,track_19,WS_01,track_19,,,0,5.0
7591.5,2025-12-06T06:31:30+00:00,LOCO_02,MOVING,collection2,track_19,collection2,,,0,60.0
7651.5,2025-12-06T07:31:30+00:00,LOCO_02,ALLOCATED,,,,batch_transport,,0,0.0
7651.5,2025-12-06T07:31:30+00:00,LOCO_02,RAKE_COUPLING_STARTED,collection2,,,,SCREW,6,10.0
7661.5,2025-12-06T07:41:30+00:00,LOCO_02,RAKE_COUPLING_COMPLETED,collection2,,,,SCREW,6,10.0
7661.5,2025-12-06T07:41:30+00:00,LOCO_02,LOCO_COUPLING_STARTED,collection2,,,,SCREW,6,2.0
7663.5,2025-12-06T07:43:30+00:00,LOCO_02,LOCO_COUPLING_COMPLETED,collection2,,,,SCREW,6,2.0
7663.5,2025-12-06T07:43:30+00:00,LOCO_02,SHUNTING_PREP,collection2,,,,,6,1.0
7664.5,2025-12-06T07:44:30+00:00,LOCO_02,MOVING,retrofit,collection2,retrofit,,,0,60.0
7724.5,2025-12-06T08:44:30+00:00,LOCO_02,LOCO_DECOUPLING_STARTED,retrofit,,,,SCREW,6,3.0
7727.5,2025-12-06T08:47:30+00:00,LOCO_02,LOCO_DECOUPLING_COMPLETED,retrofit,,,,SCREW,6,3.0
7727.5,2025-12-06T08:47:30+00:00,LOCO_02,RAKE_DECOUPLING_STARTED,retrofit,,,,SCREW,6,15.0
7742.5,2025-12-06T09:02:30+00:00,LOCO_02,RAKE_DECOUPLING_COMPLETED,retrofit,,,,SCREW,6,15.0
7757.5,2025-12-06T09:17:30+00:00,LOCO_02,MOVING,track_19,retrofit,track_19,,,0,5.0
7762.5,2025-12-06T09:22:30+00:00,LOCO_02,PARKING,,,,,,0,0.0
7762.5,2025-12-06T09:22:30+00:00,LOCO_02,ALLOCATED,,,,batch_transport,,0,0.0
7762.5,2025-12-06T09:22:30+00:00,LOCO_02,MOVING,retrofitted,track_19,retrofitted,,,0,5.0
7767.5,2025-12-06T09:27:30+00:00,LOCO_02,RAKE_COUPLING_STARTED,retrofitted,,,,DAC,4,1.5
7769.0,2025-12-06T09:29:00+00:00,LOCO_02,RAKE_COUPLING_COMPLETED,retrofitted,,,,DAC,4,1.5
7769.0,2025-12-06T09:29:00+00:00,LOCO_02,LOCO_COUPLING_STARTED,retrofitted,,,,DAC,4,0.5
7769.5,2025-12-06T09:29:30+00:00,LOCO_02,LOCO_COUPLING_COMPLETED,retrofitted,,,,DAC,4,0.5
7769.5,2025-12-06T09:29:30+00:00,LOCO_02,SHUNTING_PREP,retrofitted,,,,,4,1.0
7770.5,2025-12-06T09:30:30+00:00,LOCO_02,MOVING,parking13,retrofitted,parking13,,,0,75.0
7845.5,2025-12-06T10:45:30+00:00,LOCO_02,LOCO_DECOUPLING_STARTED,parking13,,,,DAC,4,0.5
7846.0,2025-12-06T10:46:00+00:00,LOCO_02,LOCO_DECOUPLING_COMPLETED,parking13,,,,DAC,4,0.5
7846.0,2025-12-06T10:46:00+00:00,LOCO_02,RAKE_DECOUPLING_STARTED,parking13,,,,DAC,4,1.5
7847.5,2025-12-06T10:47:30+00:00,LOCO_02,RAKE_DECOUPLING_COMPLETED,parking13,,,,DAC,4,1.5
7849.0,2025-12-06T10:49:00+00:00,LOCO_02,MOVING,track_19,parking13,track_19,,,0,60.0
7909.0,2025-12-06T11:49:00+00:00,LOCO_02,MOVING,WS_01,track_19,WS_01,,,0,5.0
7914.0,2025-12-06T11:54:00+00:00,LOCO_02,RAKE_COUPLING_STARTED,WS_01,,,,DAC,2,0.5
7914.5,2025-12-06T11:54:30+00:00,LOCO_02,RAKE_COUPLING_COMPLETED,WS_01,,,,DAC,2,0.5
7914.5,2025-12-06T11:54:30+00:00,LOCO_02,LOCO_COUPLING_STARTED,WS_01,,,,DAC,2,0.5
7915.0,2025-12-06T11:55:00+00:00,LOCO_02,LOCO_COUPLING_COMPLETED,WS_01,,,,DAC,2,0.5
7915.0,2025-12-06T11:55:00+00:00,LOCO_02,SHUNTING_PREP,WS_01,,,,,2,1.0
7916.0,2025-12-06T11:56:00+00:00,LOCO_02,MOVING,retrofitted,WS_01,retrofitted,,,0,5.0
7921.0,2025-12-06T12:01:00+00:00,LOCO_02,MOVING,track_19,retrofitted,track_19,,,0,7.0
7928.0,2025-12-06T12:08:00+00:00,LOCO_02,MOVING,retrofit,track_19,retrofit,,,0,5.0
7933.0,2025-12-06T12:13:00+00:00,LOCO_02,COUPLING_STARTED,retrofit,,,,SCREW,0,2.0
7935.0,2025-12-06T12:15:00+00:00,LOCO_02,COUPLING_COMPLETED,retrofit,,,,SCREW,0,2.0
7935.0,2025-12-06T12:15:00+00:00,LOCO_02,SHUNTING_PREP,retrofit,,,,,0,1.0
7936.0,2025-12-06T12:16:00+00:00,LOCO_02,MOVING,WS_02,retrofit,WS_02,,,0,5.0
7941.0,2025-12-06T12:21:00+00:00,LOCO_02,DECOUPLING_STARTED,WS_02,,,,SCREW,0,3.0
7944.0,2025-12-06T12:24:00+00:00,LOCO_02,DECOUPLING_COMPLETED,WS_02,,,,SCREW,0,3.0
7947.0,2025-12-06T12:27:00+00:00,LOCO_02,MOVING,track_19,WS_02,track_19,,,0,7.0
7954.0,2025-12-06T12:34:00+00:00,LOCO_02,MOVING,retrofit,track_19,retrofit,,,0,5.0
7959.0,2025-12-06T12:39:00+00:00,LOCO_02,COUPLING_STARTED,retrofit,,,,SCREW,0,2.0
7961.0,2025-12-06T12:41:00+00:00,LOCO_02,COUPLING_COMPLETED,retrofit,,,,SCREW,0,2.0
7961.0,2025-12-06T12:41:00+00:00,LOCO_02,SHUNTING_PREP,retrofit,,,,,0,1.0
7962.0,2025-12-06T12:42:00+00:00,LOCO_02,MOVING,WS_01,retrofit,WS_01,,,0,5.0
7967.0,2025-12-06T12:47:00+00:00,LOCO_02,DECOUPLING_STARTED,WS_01,,,,SCREW,0,3.0
7970.0,2025-12-06T12:50:00+00:00,LOCO_02,DECOUPLING_COMPLETED,WS_01,,,,SCREW,0,3.0
7973.0,2025-12-06T12:53:00+00:00,LOCO_02,MOVING,track_19,WS_01,track_19,,,0,5.0
7978.0,2025-12-06T12:58:00+00:00,LOCO_02,MOVING,collection2,track_19,collection2,,,0,60.0
8038.0,2025-12-06T13:58:00+00:00,LOCO_02,ALLOCATED,,,,batch_transport,,0,0.0
8038.0,2025-12-06T13:58:00+00:00,LOCO_02,RAKE_COUPLING_STARTED,collection2,,,,SCREW,6,10.0
8048.0,2025-12-06T14:08:00+00:00,LOCO_02,RAKE_COUPLING_COMPLETED,collection2,,,,SCREW,6,10.0
8048.0,2025-12-06T14:08:00+00:00,LOCO_02,LOCO_COUPLING_STARTED,collection2,,,,SCREW,6,2.0
8050.0,2025-12-06T14:10:00+00:00,LOCO_02,LOCO_COUPLING_COMPLETED,collection2,,,,SCREW,6,2.0
8050.0,2025-12-06T14:10:00+00:00,LOCO_02,SHUNTING_PREP,collection2,,,,,6,1.0
8051.0,2025-12-06T14:11:00+00:00,LOCO_02,MOVING,retrofit,collection2,retrofit,,,0,60.0
8111.0,2025-12-06T15:11:00+00:00,LOCO_02,LOCO_DECOUPLING_STARTED,retrofit,,,,SCREW,6,3.0
8114.0,2025-12-06T15:14:00+00:00,LOCO_02,LOCO_DECOUPLING_COMPLETED,retrofit,,,,SCREW,6,3.0
8114.0,2025-12-06T15:14:00+00:00,LOCO_02,RAKE_DECOUPLING_STARTED,retrofit,,,,SCREW,6,15.0
8129.0,2025-12-06T15:29:00+00:00,LOCO_02,RAKE_DECOUPLING_COMPLETED,retrofit,,,,SCREW,6,15.0
8144.0,2025-12-06T15:44:00+00:00,LOCO_02,MOVING,track_19,retrofit,track_19,,,0,5.0
8149.0,2025-12-06T15:49:00+00:00,LOCO_02,PARKING,,,,,,0,2.0
8151.0,2025-12-06T15:51:00+00:00,LOCO_02,MOVING,retrofit,track_19,retrofit,,,0,5.0
8156.0,2025-12-06T15:56:00+00:00,LOCO_02,COUPLING_STARTED,retrofit,,,,SCREW,0,2.0
8158.0,2025-12-06T15:58:00+00:00,LOCO_02,COUPLING_COMPLETED,retrofit,,,,SCREW,0,2.0
8158.0,2025-12-06T15:58:00+00:00,LOCO_02,SHUNTING_PREP,retrofit,,,,,0,1.0
8159.0,2025-12-06T15:59:00+00:00,LOCO_02,MOVING,WS_01,retrofit,WS_01,,,0,5.0
8164.0,2025-12-06T16:04:00+00:00,LOCO_02,DECOUPLING_STARTED,WS_01,,,,SCREW,0,3.0
8167.0,2025-12-06T16:07:00+00:00,LOCO_02,DECOUPLING_COMPLETED,WS_01,,,,SCREW,0,3.0
8170.0,2025-12-06T16:10:00+00:00,LOCO_02,MOVING,track_19,WS_01,track_19,,,0,5.0
8175.0,2025-12-06T16:15:00+00:00,LOCO_02,MOVING,collection1,track_19,collection1,,,0,60.0
8235.0,2025-12-06T17:15:00+00:00,LOCO_02,ALLOCATED,,,,batch_transport,,0,0.0
8235.0,2025-12-06T17:15:00+00:00,LOCO_02,LOCO_COUPLING_STARTED,collection1,,,,SCREW,1,2.0
8237.0,2025-12-06T17:17:00+00:00,LOCO_02,LOCO_COUPLING_COMPLETED,collection1,,,,SCREW,1,2.0
8237.0,2025-12-06T17:17:00+00:00,LOCO_02,SHUNTING_PREP,collection1,,,,,1,1.0
8238.0,2025-12-06T17:18:00+00:00,LOCO_02,MOVING,retrofit,collection1,retrofit,,,0,60.0
8298.0,2025-12-06T18:18:00+00:00,LOCO_02,LOCO_DECOUPLING_STARTED,retrofit,,,,SCREW,1,3.0
8301.0,2025-12-06T18:21:00+00:00,LOCO_02,MOVING,track_19,retrofit,track_19,,,0,0.0
8301.0,2025-12-06T18:21:00+00:00,LOCO_02,LOCO_DECOUPLING_COMPLETED,retrofit,,,,SCREW,1,3.0
8306.0,2025-12-06T18:26:00+00:00,LOCO_02,PARKING,,,,,,0,0.0
8306.0,2025-12-06T18:26:00+00:00,LOCO_02,MOVING,WS_02,track_19,WS_02,,,0,5.0
8311.0,2025-12-06T18:31:00+00:00,LOCO_02,RAKE_COUPLING_STARTED,WS_02,,,,DAC,2,0.5
8311.5,2025-12-06T18:31:30+00:00,LOCO_02,RAKE_COUPLING_COMPLETED,WS_02,,,,DAC,2,0.5
8311.5,2025-12-06T18:31:30+00:00,LOCO_02,LOCO_COUPLING_STARTED,WS_02,,,,DAC,2,0.5
8312.0,2025-12-06T18:32:00+00:00,LOCO_02,LOCO_COUPLING_COMPLETED,WS_02,,,,DAC,2,0.5
8312.0,2025-12-06T18:32:00+00:00,LOCO_02,SHUNTING_PREP,WS_02,,,,,2,1.0
8313.0,2025-12-06T18:33:00+00:00,LOCO_02,MOVING,retrofitted,WS_02,retrofitted,,,0,5.0
8318.0,2025-12-06T18:38:00+00:00,LOCO_02,MOVING,track_19,retrofitted,track_19,,,0,5.0
8323.0,2025-12-06T18:43:00+00:00,LOCO_02,MOVING,WS_01,track_19,WS_01,,,0,5.0
8328.0,2025-12-06T18:48:00+00:00,LOCO_02,RAKE_COUPLING_STARTED,WS_01,,,,DAC,2,0.5
8328.5,2025-12-06T18:48:30+00:00,LOCO_02,RAKE_COUPLING_COMPLETED,WS_01,,,,DAC,2,0.5
8328.5,2025-12-06T18:48:30+00:00,LOCO_02,LOCO_COUPLING_STARTED,WS_01,,,,DAC,2,0.5
8329.0,2025-12-06T18:49:00+00:00,LOCO_02,LOCO_COUPLING_COMPLETED,WS_01,,,,DAC,2,0.5
8329.0,2025-12-06T18:49:00+00:00,LOCO_02,SHUNTING_PREP,WS_01,,,,,2,1.0
8330.0,2025-12-06T18:50:00+00:00,LOCO_02,MOVING,retrofitted,WS_01,retrofitted,,,0,5.0
8335.0,2025-12-06T18:55:00+00:00,LOCO_02,MOVING,track_19,retrofitted,track_19,,,0,7.0
8342.0,2025-12-06T19:02:00+00:00,LOCO_02,MOVING,retrofit,track_19,retrofit,,,0,5.0
8347.0,2025-12-06T19:07:00+00:00,LOCO_02,COUPLING_STARTED,retrofit,,,,SCREW,0,2.0
8349.0,2025-12-06T19:09:00+00:00,LOCO_02,COUPLING_COMPLETED,retrofit,,,,SCREW,0,2.0
8349.0,2025-12-06T19:09:00+00:00,LOCO_02,SHUNTING_PREP,retrofit,,,,,0,1.0
8350.0,2025-12-06T19:10:00+00:00,LOCO_02,MOVING,WS_02,retrofit,WS_02,,,0,5.0
8355.0,2025-12-06T19:15:00+00:00,LOCO_02,DECOUPLING_STARTED,WS_02,,,,SCREW,0,3.0
8358.0,2025-12-06T19:18:00+00:00,LOCO_02,DECOUPLING_COMPLETED,WS_02,,,,SCREW,0,3.0
8361.0,2025-12-06T19:21:00+00:00,LOCO_02,MOVING,track_19,WS_02,track_19,,,0,5.0
8366.0,2025-12-06T19:26:00+00:00,LOCO_02,ALLOCATED,,,,batch_transport,,0,0.0
8366.0,2025-12-06T19:26:00+00:00,LOCO_02,MOVING,retrofitted,track_19,retrofitted,,,0,5.0
8371.0,2025-12-06T19:31:00+00:00,LOCO_02,RAKE_COUPLING_STARTED,retrofitted,,,,DAC,4,1.5
8372.5,2025-12-06T19:32:30+00:00,LOCO_02,RAKE_COUPLING_COMPLETED,retrofitted,,,,DAC,4,1.5
8372.5,2025-12-06T19:32:30+00:00,LOCO_02,LOCO_COUPLING_STARTED,retrofitted,,,,DAC,4,0.5
8373.0,2025-12-06T19:33:00+00:00,LOCO_02,LOCO_COUPLING_COMPLETED,retrofitted,,,,DAC,4,0.5
8373.0,2025-12-06T19:33:00+00:00,LOCO_02,SHUNTING_PREP,retrofitted,,,,,4,1.0
8374.0,2025-12-06T19:34:00+00:00,LOCO_02,MOVING,parking1,retrofitted,parking1,,,0,5.0
8379.0,2025-12-06T19:39:00+00:00,LOCO_02,LOCO_DECOUPLING_STARTED,parking1,,,,DAC,4,0.5
8379.5,2025-12-06T19:39:30+00:00,LOCO_02,LOCO_DECOUPLING_COMPLETED,parking1,,,,DAC,4,0.5
8379.5,2025-12-06T19:39:30+00:00,LOCO_02,RAKE_DECOUPLING_STARTED,parking1,,,,DAC,4,1.5
8381.0,2025-12-06T19:41:00+00:00,LOCO_02,RAKE_DECOUPLING_COMPLETED,parking1,,,,DAC,4,1.5
8382.5,2025-12-06T19:42:30+00:00,LOCO_02,MOVING,track_19,parking1,track_19,,,0,5.0
8387.5,2025-12-06T19:47:30+00:00,LOCO_02,MOVING,collection2,track_19,collection2,,,0,60.0
8447.5,2025-12-06T20:47:30+00:00,LOCO_02,ALLOCATED,,,,batch_transport,,0,0.0
8447.5,2025-12-06T20:47:30+00:00,LOCO_02,RAKE_COUPLING_STARTED,collection2,,,,SCREW,3,4.0
8451.5,2025-12-06T20:51:30+00:00,LOCO_02,RAKE_COUPLING_COMPLETED,collection2,,,,SCREW,3,4.0
8451.5,2025-12-06T20:51:30+00:00,LOCO_02,LOCO_COUPLING_STARTED,collection2,,,,SCREW,3,2.0
8453.5,2025-12-06T20:53:30+00:00,LOCO_02,LOCO_COUPLING_COMPLETED,collection2,,,,SCREW,3,2.0
8453.5,2025-12-06T20:53:30+00:00,LOCO_02,SHUNTING_PREP,collection2,,,,,3,1.0
8454.5,2025-12-06T20:54:30+00:00,LOCO_02,MOVING,retrofit,collection2,retrofit,,,0,60.0
8514.5,2025-12-06T21:54:30+00:00,LOCO_02,LOCO_DECOUPLING_STARTED,retrofit,,,,SCREW,3,3.0
8517.5,2025-12-06T21:57:30+00:00,LOCO_02,LOCO_DECOUPLING_COMPLETED,retrofit,,,,SCREW,3,3.0
8517.5,2025-12-06T21:57:30+00:00,LOCO_02,RAKE_DECOUPLING_STARTED,retrofit,,,,SCREW,3,6.0
8523.5,2025-12-06T22:03:30+00:00,LOCO_02,RAKE_DECOUPLING_COMPLETED,retrofit,,,,SCREW,3,6.0
8529.5,2025-12-06T22:09:30+00:00,LOCO_02,MOVING,track_19,retrofit,track_19,,,0,5.0
8534.5,2025-12-06T22:14:30+00:00,LOCO_02,PARKING,,,,,,0,2.0
8536.5,2025-12-06T22:16:30+00:00,LOCO_02,MOVING,retrofit,track_19,retrofit,,,0,5.0
8541.5,2025-12-06T22:21:30+00:00,LOCO_02,COUPLING_STARTED,retrofit,,,,SCREW,0,2.0
8543.5,2025-12-06T22:23:30+00:00,LOCO_02,COUPLING_COMPLETED,retrofit,,,,SCREW,0,2.0
8543.5,2025-12-06T22:23:30+00:00,LOCO_02,SHUNTING_PREP,retrofit,,,,,0,1.0
8544.5,2025-12-06T22:24:30+00:00,LOCO_02,MOVING,WS_02,retrofit,WS_02,,,0,5.0
8549.5,2025-12-06T22:29:30+00:00,LOCO_02,DECOUPLING_STARTED,WS_02,,,,SCREW,0,3.0
8552.5,2025-12-06T22:32:30+00:00,LOCO_02,DECOUPLING_COMPLETED,WS_02,,,,SCREW,0,3.0
8555.5,2025-12-06T22:35:30+00:00,LOCO_02,MOVING,track_19,WS_02,track_19,,,0,7.0
8562.5,2025-12-06T22:42:30+00:00,LOCO_02,MOVING,retrofit,track_19,retrofit,,,0,5.0
8567.5,2025-12-06T22:47:30+00:00,LOCO_02,COUPLING_STARTED,retrofit,,,,SCREW,0,2.0
8569.5,2025-12-06T22:49:30+00:00,LOCO_02,COUPLING_COMPLETED,retrofit,,,,SCREW,0,2.0
8569.5,2025-12-06T22:49:30+00:00,LOCO_02,SHUNTING_PREP,retrofit,,,,,0,1.0
8570.5,2025-12-06T22:50:30+00:00,LOCO_02,MOVING,WS_01,retrofit,WS_01,,,0,5.0
8575.5,2025-12-06T22:55:30+00:00,LOCO_02,DECOUPLING_STARTED,WS_01,,,,SCREW,0,3.0
8578.5,2025-12-06T22:58:30+00:00,LOCO_02,DECOUPLING_COMPLETED,WS_01,,,,SCREW,0,3.0
8581.5,2025-12-06T23:01:30+00:00,LOCO_02,MOVING,track_19,WS_01,track_19,,,0,5.0
8586.5,2025-12-06T23:06:30+00:00,LOCO_02,MOVING,collection1,track_19,collection1,,,0,60.0
8646.5,2025-12-07T00:06:30+00:00,LOCO_02,ALLOCATED,,,,batch_transport,,0,0.0
8646.5,2025-12-07T00:06:30+00:00,LOCO_02,LOCO_COUPLING_STARTED,collection1,,,,SCREW,1,2.0
8648.5,2025-12-07T00:08:30+00:00,LOCO_02,LOCO_COUPLING_COMPLETED,collection1,,,,SCREW,1,2.0
8648.5,2025-12-07T00:08:30+00:00,LOCO_02,SHUNTING_PREP,collection1,,,,,1,1.0
8649.5,2025-12-07T00:09:30+00:00,LOCO_02,MOVING,retrofit,collection1,retrofit,,,0,60.0
8709.5,2025-12-07T01:09:30+00:00,LOCO_02,LOCO_DECOUPLING_STARTED,retrofit,,,,SCREW,1,3.0
8712.5,2025-12-07T01:12:30+00:00,LOCO_02,MOVING,track_19,retrofit,track_19,,,0,0.0
8712.5,2025-12-07T01:12:30+00:00,LOCO_02,LOCO_DECOUPLING_COMPLETED,retrofit,,,,SCREW,1,3.0
8717.5,2025-12-07T01:17:30+00:00,LOCO_02,PARKING,,,,,,0,2.0
8719.5,2025-12-07T01:19:30+00:00,LOCO_02,MOVING,retrofit,track_19,retrofit,,,0,5.0
8724.5,2025-12-07T01:24:30+00:00,LOCO_02,COUPLING_STARTED,retrofit,,,,SCREW,0,2.0
8726.5,2025-12-07T01:26:30+00:00,LOCO_02,COUPLING_COMPLETED,retrofit,,,,SCREW,0,2.0
8726.5,2025-12-07T01:26:30+00:00,LOCO_02,SHUNTING_PREP,retrofit,,,,,0,1.0
8727.5,2025-12-07T01:27:30+00:00,LOCO_02,MOVING,WS_02,retrofit,WS_02,,,0,5.0
8732.5,2025-12-07T01:32:30+00:00,LOCO_02,DECOUPLING_STARTED,WS_02,,,,SCREW,0,3.0
8735.5,2025-12-07T01:35:30+00:00,LOCO_02,DECOUPLING_COMPLETED,WS_02,,,,SCREW,0,3.0
8738.5,2025-12-07T01:38:30+00:00,LOCO_02,MOVING,track_19,WS_02,track_19,,,0,7.0
8745.5,2025-12-07T01:45:30+00:00,LOCO_02,MOVING,retrofit,track_19,retrofit,,,0,5.0
8750.5,2025-12-07T01:50:30+00:00,LOCO_02,COUPLING_STARTED,retrofit,,,,SCREW,0,2.0
8752.5,2025-12-07T01:52:30+00:00,LOCO_02,COUPLING_COMPLETED,retrofit,,,,SCREW,0,2.0
8752.5,2025-12-07T01:52:30+00:00,LOCO_02,SHUNTING_PREP,retrofit,,,,,0,1.0
8753.5,2025-12-07T01:53:30+00:00,LOCO_02,MOVING,WS_01,retrofit,WS_01,,,0,5.0
8758.5,2025-12-07T01:58:30+00:00,LOCO_02,DECOUPLING_STARTED,WS_01,,,,SCREW,0,3.0
8761.5,2025-12-07T02:01:30+00:00,LOCO_02,DECOUPLING_COMPLETED,WS_01,,,,SCREW,0,3.0
8764.5,2025-12-07T02:04:30+00:00,LOCO_02,MOVING,track_19,WS_01,track_19,,,0,5.0
8769.5,2025-12-07T02:09:30+00:00,LOCO_02,MOVING,collection2,track_19,collection2,,,0,60.0
8829.5,2025-12-07T03:09:30+00:00,LOCO_02,ALLOCATED,,,,batch_transport,,0,0.0
8829.5,2025-12-07T03:09:30+00:00,LOCO_02,LOCO_COUPLING_STARTED,collection2,,,,SCREW,1,2.0
8831.5,2025-12-07T03:11:30+00:00,LOCO_02,LOCO_COUPLING_COMPLETED,collection2,,,,SCREW,1,2.0
8831.5,2025-12-07T03:11:30+00:00,LOCO_02,SHUNTING_PREP,collection2,,,,,1,1.0
8832.5,2025-12-07T03:12:30+00:00,LOCO_02,MOVING,retrofit,collection2,retrofit,,,0,60.0
8892.5,2025-12-07T04:12:30+00:00,LOCO_02,LOCO_DECOUPLING_STARTED,retrofit,,,,SCREW,1,3.0
8895.5,2025-12-07T04:15:30+00:00,LOCO_02,MOVING,track_19,retrofit,track_19,,,0,0.0
8895.5,2025-12-07T04:15:30+00:00,LOCO_02,LOCO_DECOUPLING_COMPLETED,retrofit,,,,SCREW,1,3.0
8900.5,2025-12-07T04:20:30+00:00,LOCO_02,PARKING,,,,,,0,2.0
8902.5,2025-12-07T04:22:30+00:00,LOCO_02,MOVING,retrofit,track_19,retrofit,,,0,5.0
8907.5,2025-12-07T04:27:30+00:00,LOCO_02,COUPLING_STARTED,retrofit,,,,SCREW,0,2.0
8909.5,2025-12-07T04:29:30+00:00,LOCO_02,COUPLING_COMPLETED,retrofit,,,,SCREW,0,2.0
8909.5,2025-12-07T04:29:30+00:00,LOCO_02,SHUNTING_PREP,retrofit,,,,,0,1.0
8910.5,2025-12-07T04:30:30+00:00,LOCO_02,MOVING,WS_01,retrofit,WS_01,,,0,5.0
8915.5,2025-12-07T04:35:30+00:00,LOCO_02,DECOUPLING_STARTED,WS_01,,,,SCREW,0,3.0
8918.5,2025-12-07T04:38:30+00:00,LOCO_02,DECOUPLING_COMPLETED,WS_01,,,,SCREW,0,3.0
8921.5,2025-12-07T04:41:30+00:00,LOCO_02,MOVING,track_19,WS_01,track_19,,,0,5.0
8926.5,2025-12-07T04:46:30+00:00,LOCO_02,MOVING,collection1,track_19,collection1,,,0,60.0
8986.5,2025-12-07T05:46:30+00:00,LOCO_02,ALLOCATED,,,,batch_transport,,0,0.0
8986.5,2025-12-07T05:46:30+00:00,LOCO_02,RAKE_COUPLING_STARTED,collection1,,,,SCREW,4,6.0
8992.5,2025-12-07T05:52:30+00:00,LOCO_02,RAKE_COUPLING_COMPLETED,collection1,,,,SCREW,4,6.0
8992.5,2025-12-07T05:52:30+00:00,LOCO_02,LOCO_COUPLING_STARTED,collection1,,,,SCREW,4,2.0
8994.5,2025-12-07T05:54:30+00:00,LOCO_02,LOCO_COUPLING_COMPLETED,collection1,,,,SCREW,4,2.0
8994.5,2025-12-07T05:54:30+00:00,LOCO_02,SHUNTING_PREP,collection1,,,,,4,1.0
8995.5,2025-12-07T05:55:30+00:00,LOCO_02,MOVING,retrofit,collection1,retrofit,,,0,60.0
9055.5,2025-12-07T06:55:30+00:00,LOCO_02,LOCO_DECOUPLING_STARTED,retrofit,,,,SCREW,4,3.0
9058.5,2025-12-07T06:58:30+00:00,LOCO_02,LOCO_DECOUPLING_COMPLETED,retrofit,,,,SCREW,4,3.0
9058.5,2025-12-07T06:58:30+00:00,LOCO_02,RAKE_DECOUPLING_STARTED,retrofit,,,,SCREW,4,9.0
9067.5,2025-12-07T07:07:30+00:00,LOCO_02,RAKE_DECOUPLING_COMPLETED,retrofit,,,,SCREW,4,9.0
9076.5,2025-12-07T07:16:30+00:00,LOCO_02,MOVING,track_19,retrofit,track_19,,,0,5.0
9081.5,2025-12-07T07:21:30+00:00,LOCO_02,PARKING,,,,,,0,0.0
9081.5,2025-12-07T07:21:30+00:00,LOCO_02,MOVING,WS_01,track_19,WS_01,,,0,5.0
9086.5,2025-12-07T07:26:30+00:00,LOCO_02,RAKE_COUPLING_STARTED,WS_01,,,,DAC,2,0.5
9087.0,2025-12-07T07:27:00+00:00,LOCO_02,RAKE_COUPLING_COMPLETED,WS_01,,,,DAC,2,0.5
9087.0,2025-12-07T07:27:00+00:00,LOCO_02,LOCO_COUPLING_STARTED,WS_01,,,,DAC,2,0.5
9087.5,2025-12-07T07:27:30+00:00,LOCO_02,LOCO_COUPLING_COMPLETED,WS_01,,,,DAC,2,0.5
9087.5,2025-12-07T07:27:30+00:00,LOCO_02,SHUNTING_PREP,WS_01,,,,,2,1.0
9088.5,2025-12-07T07:28:30+00:00,LOCO_02,MOVING,retrofitted,WS_01,retrofitted,,,0,5.0
9093.5,2025-12-07T07:33:30+00:00,LOCO_02,MOVING,track_19,retrofitted,track_19,,,0,7.0
9100.5,2025-12-07T07:40:30+00:00,LOCO_02,MOVING,retrofit,track_19,retrofit,,,0,5.0
9105.5,2025-12-07T07:45:30+00:00,LOCO_02,COUPLING_STARTED,retrofit,,,,SCREW,0,2.0
9107.5,2025-12-07T07:47:30+00:00,LOCO_02,COUPLING_COMPLETED,retrofit,,,,SCREW,0,2.0
9107.5,2025-12-07T07:47:30+00:00,LOCO_02,SHUNTING_PREP,retrofit,,,,,0,1.0
9108.5,2025-12-07T07:48:30+00:00,LOCO_02,MOVING,WS_02,retrofit,WS_02,,,0,5.0
9113.5,2025-12-07T07:53:30+00:00,LOCO_02,DECOUPLING_STARTED,WS_02,,,,SCREW,0,3.0
9116.5,2025-12-07T07:56:30+00:00,LOCO_02,DECOUPLING_COMPLETED,WS_02,,,,SCREW,0,3.0
9119.5,2025-12-07T07:59:30+00:00,LOCO_02,MOVING,track_19,WS_02,track_19,,,0,7.0
9126.5,2025-12-07T08:06:30+00:00,LOCO_02,MOVING,retrofit,track_19,retrofit,,,0,5.0
9131.5,2025-12-07T08:11:30+00:00,LOCO_02,COUPLING_STARTED,retrofit,,,,SCREW,0,2.0
9133.5,2025-12-07T08:13:30+00:00,LOCO_02,COUPLING_COMPLETED,retrofit,,,,SCREW,0,2.0
9133.5,2025-12-07T08:13:30+00:00,LOCO_02,SHUNTING_PREP,retrofit,,,,,0,1.0
9134.5,2025-12-07T08:14:30+00:00,LOCO_02,MOVING,WS_01,retrofit,WS_01,,,0,5.0
9139.5,2025-12-07T08:19:30+00:00,LOCO_02,DECOUPLING_STARTED,WS_01,,,,SCREW,0,3.0
9142.5,2025-12-07T08:22:30+00:00,LOCO_02,DECOUPLING_COMPLETED,WS_01,,,,SCREW,0,3.0
9145.5,2025-12-07T08:25:30+00:00,LOCO_02,MOVING,track_19,WS_01,track_19,,,0,5.0
9150.5,2025-12-07T08:30:30+00:00,LOCO_02,MOVING,collection2,track_19,collection2,,,0,60.0
9210.5,2025-12-07T09:30:30+00:00,LOCO_02,ALLOCATED,,,,batch_transport,,0,0.0
9210.5,2025-12-07T09:30:30+00:00,LOCO_02,RAKE_COUPLING_STARTED,collection2,,,,SCREW,6,10.0
9220.5,2025-12-07T09:40:30+00:00,LOCO_02,RAKE_COUPLING_COMPLETED,collection2,,,,SCREW,6,10.0
9220.5,2025-12-07T09:40:30+00:00,LOCO_02,LOCO_COUPLING_STARTED,collection2,,,,SCREW,6,2.0
9222.5,2025-12-07T09:42:30+00:00,LOCO_02,LOCO_COUPLING_COMPLETED,collection2,,,,SCREW,6,2.0
9222.5,2025-12-07T09:42:30+00:00,LOCO_02,SHUNTING_PREP,collection2,,,,,6,1.0
9223.5,2025-12-07T09:43:30+00:00,LOCO_02,MOVING,retrofit,collection2,retrofit,,,0,60.0
9283.5,2025-12-07T10:43:30+00:00,LOCO_02,LOCO_DECOUPLING_STARTED,retrofit,,,,SCREW,6,3.0
9286.5,2025-12-07T10:46:30+00:00,LOCO_02,LOCO_DECOUPLING_COMPLETED,retrofit,,,,SCREW,6,3.0
9286.5,2025-12-07T10:46:30+00:00,LOCO_02,RAKE_DECOUPLING_STARTED,retrofit,,,,SCREW,6,15.0
9301.5,2025-12-07T11:01:30+00:00,LOCO_02,RAKE_DECOUPLING_COMPLETED,retrofit,,,,SCREW,6,15.0
9316.5,2025-12-07T11:16:30+00:00,LOCO_02,MOVING,track_19,retrofit,track_19,,,0,5.0
9321.5,2025-12-07T11:21:30+00:00,LOCO_02,PARKING,,,,,,0,0.0
9321.5,2025-12-07T11:21:30+00:00,LOCO_02,MOVING,collection1,track_19,collection1,,,0,60.0
9381.5,2025-12-07T12:21:30+00:00,LOCO_02,ALLOCATED,,,,batch_transport,,0,0.0
9381.5,2025-12-07T12:21:30+00:00,LOCO_02,LOCO_COUPLING_STARTED,collection1,,,,SCREW,1,2.0
9383.5,2025-12-07T12:23:30+00:00,LOCO_02,LOCO_COUPLING_COMPLETED,collection1,,,,SCREW,1,2.0
9383.5,2025-12-07T12:23:30+00:00,LOCO_02,SHUNTING_PREP,collection1,,,,,1,1.0
9384.5,2025-12-07T12:24:30+00:00,LOCO_02,MOVING,retrofit,collection1,retrofit,,,0,60.0
9444.5,2025-12-07T13:24:30+00:00,LOCO_02,LOCO_DECOUPLING_STARTED,retrofit,,,,SCREW,1,3.0
9447.5,2025-12-07T13:27:30+00:00,LOCO_02,MOVING,track_19,retrofit,track_19,,,0,0.0
9447.5,2025-12-07T13:27:30+00:00,LOCO_02,LOCO_DECOUPLING_COMPLETED,retrofit,,,,SCREW,1,3.0
9452.5,2025-12-07T13:32:30+00:00,LOCO_02,PARKING,,,,,,0,0.0
9452.5,2025-12-07T13:32:30+00:00,LOCO_02,MOVING,WS_01,track_19,WS_01,,,0,5.0
9457.5,2025-12-07T13:37:30+00:00,LOCO_02,RAKE_COUPLING_STARTED,WS_01,,,,DAC,2,0.5
9458.0,2025-12-07T13:38:00+00:00,LOCO_02,RAKE_COUPLING_COMPLETED,WS_01,,,,DAC,2,0.5
9458.0,2025-12-07T13:38:00+00:00,LOCO_02,LOCO_COUPLING_STARTED,WS_01,,,,DAC,2,0.5
9458.5,2025-12-07T13:38:30+00:00,LOCO_02,LOCO_COUPLING_COMPLETED,WS_01,,,,DAC,2,0.5
9458.5,2025-12-07T13:38:30+00:00,LOCO_02,SHUNTING_PREP,WS_01,,,,,2,1.0
9459.5,2025-12-07T13:39:30+00:00,LOCO_02,MOVING,retrofitted,WS_01,retrofitted,,,0,5.0
9464.5,2025-12-07T13:44:30+00:00,LOCO_02,MOVING,track_19,retrofitted,track_19,,,0,7.0
9471.5,2025-12-07T13:51:30+00:00,LOCO_02,MOVING,retrofit,track_19,retrofit,,,0,5.0
9476.5,2025-12-07T13:56:30+00:00,LOCO_02,COUPLING_STARTED,retrofit,,,,SCREW,0,2.0
9478.5,2025-12-07T13:58:30+00:00,LOCO_02,COUPLING_COMPLETED,retrofit,,,,SCREW,0,2.0
9478.5,2025-12-07T13:58:30+00:00,LOCO_02,SHUNTING_PREP,retrofit,,,,,0,1.0
9479.5,2025-12-07T13:59:30+00:00,LOCO_02,MOVING,WS_02,retrofit,WS_02,,,0,5.0
9484.5,2025-12-07T14:04:30+00:00,LOCO_02,DECOUPLING_STARTED,WS_02,,,,SCREW,0,3.0
9487.5,2025-12-07T14:07:30+00:00,LOCO_02,DECOUPLING_COMPLETED,WS_02,,,,SCREW,0,3.0
9490.5,2025-12-07T14:10:30+00:00,LOCO_02,MOVING,track_19,WS_02,track_19,,,0,5.0
9495.5,2025-12-07T14:15:30+00:00,LOCO_02,ALLOCATED,,,,batch_transport,,0,0.0
9495.5,2025-12-07T14:15:30+00:00,LOCO_02,MOVING,retrofitted,track_19,retrofitted,,,0,5.0
9500.5,2025-12-07T14:20:30+00:00,LOCO_02,RAKE_COUPLING_STARTED,retrofitted,,,,DAC,4,1.5
9502.0,2025-12-07T14:22:00+00:00,LOCO_02,RAKE_COUPLING_COMPLETED,retrofitted,,,,DAC,4,1.5
9502.0,2025-12-07T14:22:00+00:00,LOCO_02,LOCO_COUPLING_STARTED,retrofitted,,,,DAC,4,0.5
9502.5,2025-12-07T14:22:30+00:00,LOCO_02,LOCO_COUPLING_COMPLETED,retrofitted,,,,DAC,4,0.5
9502.5,2025-12-07T14:22:30+00:00,LOCO_02,SHUNTING_PREP,retrofitted,,,,,4,1.0
9503.5,2025-12-07T14:23:30+00:00,LOCO_02,MOVING,parking16,retrofitted,parking16,,,0,120.0
9623.5,2025-12-07T16:23:30+00:00,LOCO_02,LOCO_DECOUPLING_STARTED,parking16,,,,DAC,4,0.5
9624.0,2025-12-07T16:24:00+00:00,LOCO_02,LOCO_DECOUPLING_COMPLETED,parking16,,,,DAC,4,0.5
9624.0,2025-12-07T16:24:00+00:00,LOCO_02,RAKE_DECOUPLING_STARTED,parking16,,,,DAC,4,1.5
9625.5,2025-12-07T16:25:30+00:00,LOCO_02,RAKE_DECOUPLING_COMPLETED,parking16,,,,DAC,4,1.5
9627.0,2025-12-07T16:27:00+00:00,LOCO_02,MOVING,track_19,parking16,track_19,,,0,60.0
9687.0,2025-12-07T17:27:00+00:00,LOCO_02,MOVING,WS_01,track_19,WS_01,,,0,5.0
9692.0,2025-12-07T17:32:00+00:00,LOCO_02,RAKE_COUPLING_STARTED,WS_01,,,,DAC,2,0.5
9692.5,2025-12-07T17:32:30+00:00,LOCO_02,RAKE_COUPLING_COMPLETED,WS_01,,,,DAC,2,0.5
9692.5,2025-12-07T17:32:30+00:00,LOCO_02,LOCO_COUPLING_STARTED,WS_01,,,,DAC,2,0.5
9693.0,2025-12-07T17:33:00+00:00,LOCO_02,LOCO_COUPLING_COMPLETED,WS_01,,,,DAC,2,0.5
9693.0,2025-12-07T17:33:00+00:00,LOCO_02,SHUNTING_PREP,WS_01,,,,,2,1.0
9694.0,2025-12-07T17:34:00+00:00,LOCO_02,MOVING,retrofitted,WS_01,retrofitted,,,0,5.0
9699.0,2025-12-07T17:39:00+00:00,LOCO_02,MOVING,track_19,retrofitted,track_19,,,0,7.0
9706.0,2025-12-07T17:46:00+00:00,LOCO_02,MOVING,retrofit,track_19,retrofit,,,0,5.0
9711.0,2025-12-07T17:51:00+00:00,LOCO_02,COUPLING_STARTED,retrofit,,,,SCREW,0,2.0
9713.0,2025-12-07T17:53:00+00:00,LOCO_02,COUPLING_COMPLETED,retrofit,,,,SCREW,0,2.0
9713.0,2025-12-07T17:53:00+00:00,LOCO_02,SHUNTING_PREP,retrofit,,,,,0,1.0
9714.0,2025-12-07T17:54:00+00:00,LOCO_02,MOVING,WS_02,retrofit,WS_02,,,0,5.0
9719.0,2025-12-07T17:59:00+00:00,LOCO_02,DECOUPLING_STARTED,WS_02,,,,SCREW,0,3.0
9722.0,2025-12-07T18:02:00+00:00,LOCO_02,DECOUPLING_COMPLETED,WS_02,,,,SCREW,0,3.0
9725.0,2025-12-07T18:05:00+00:00,LOCO_02,MOVING,track_19,WS_02,track_19,,,0,7.0
9732.0,2025-12-07T18:12:00+00:00,LOCO_02,MOVING,retrofit,track_19,retrofit,,,0,5.0
9737.0,2025-12-07T18:17:00+00:00,LOCO_02,COUPLING_STARTED,retrofit,,,,SCREW,0,2.0
9739.0,2025-12-07T18:19:00+00:00,LOCO_02,COUPLING_COMPLETED,retrofit,,,,SCREW,0,2.0
9739.0,2025-12-07T18:19:00+00:00,LOCO_02,SHUNTING_PREP,retrofit,,,,,0,1.0
9740.0,2025-12-07T18:20:00+00:00,LOCO_02,MOVING,WS_01,retrofit,WS_01,,,0,5.0
9745.0,2025-12-07T18:25:00+00:00,LOCO_02,DECOUPLING_STARTED,WS_01,,,,SCREW,0,3.0
9748.0,2025-12-07T18:28:00+00:00,LOCO_02,DECOUPLING_COMPLETED,WS_01,,,,SCREW,0,3.0
9751.0,2025-12-07T18:31:00+00:00,LOCO_02,MOVING,track_19,WS_01,track_19,,,0,5.0
9756.0,2025-12-07T18:36:00+00:00,LOCO_02,MOVING,collection1,track_19,collection1,,,0,60.0
9816.0,2025-12-07T19:36:00+00:00,LOCO_02,ALLOCATED,,,,batch_transport,,0,0.0
9816.0,2025-12-07T19:36:00+00:00,LOCO_02,LOCO_COUPLING_STARTED,collection1,,,,SCREW,1,2.0
9818.0,2025-12-07T19:38:00+00:00,LOCO_02,LOCO_COUPLING_COMPLETED,collection1,,,,SCREW,1,2.0
9818.0,2025-12-07T19:38:00+00:00,LOCO_02,SHUNTING_PREP,collection1,,,,,1,1.0
9819.0,2025-12-07T19:39:00+00:00,LOCO_02,MOVING,retrofit,collection1,retrofit,,,0,60.0
9879.0,2025-12-07T20:39:00+00:00,LOCO_02,LOCO_DECOUPLING_STARTED,retrofit,,,,SCREW,1,3.0
9882.0,2025-12-07T20:42:00+00:00,LOCO_02,MOVING,track_19,retrofit,track_19,,,0,0.0
9882.0,2025-12-07T20:42:00+00:00,LOCO_02,LOCO_DECOUPLING_COMPLETED,retrofit,,,,SCREW,1,3.0
9887.0,2025-12-07T20:47:00+00:00,LOCO_02,PARKING,,,,,,0,2.0
9889.0,2025-12-07T20:49:00+00:00,LOCO_02,MOVING,retrofit,track_19,retrofit,,,0,5.0
9894.0,2025-12-07T20:54:00+00:00,LOCO_02,COUPLING_STARTED,retrofit,,,,SCREW,0,2.0
9896.0,2025-12-07T20:56:00+00:00,LOCO_02,COUPLING_COMPLETED,retrofit,,,,SCREW,0,2.0
9896.0,2025-12-07T20:56:00+00:00,LOCO_02,SHUNTING_PREP,retrofit,,,,,0,1.0
9897.0,2025-12-07T20:57:00+00:00,LOCO_02,MOVING,WS_01,retrofit,WS_01,,,0,5.0
9902.0,2025-12-07T21:02:00+00:00,LOCO_02,DECOUPLING_STARTED,WS_01,,,,SCREW,0,3.0
9905.0,2025-12-07T21:05:00+00:00,LOCO_02,DECOUPLING_COMPLETED,WS_01,,,,SCREW,0,3.0
9908.0,2025-12-07T21:08:00+00:00,LOCO_02,MOVING,track_19,WS_01,track_19,,,0,5.0
9913.0,2025-12-07T21:13:00+00:00,LOCO_02,MOVING,collection2,track_19,collection2,,,0,60.0
9973.0,2025-12-07T22:13:00+00:00,LOCO_02,ALLOCATED,,,,batch_transport,,0,0.0
9973.0,2025-12-07T22:13:00+00:00,LOCO_02,RAKE_COUPLING_STARTED,collection2,,,,SCREW,5,8.0
9981.0,2025-12-07T22:21:00+00:00,LOCO_02,RAKE_COUPLING_COMPLETED,collection2,,,,SCREW,5,8.0
9981.0,2025-12-07T22:21:00+00:00,LOCO_02,LOCO_COUPLING_STARTED,collection2,,,,SCREW,5,2.0
9983.0,2025-12-07T22:23:00+00:00,LOCO_02,LOCO_COUPLING_COMPLETED,collection2,,,,SCREW,5,2.0
9983.0,2025-12-07T22:23:00+00:00,LOCO_02,SHUNTING_PREP,collection2,,,,,5,1.0
9984.0,2025-12-07T22:24:00+00:00,LOCO_02,MOVING,retrofit,collection2,retrofit,,,0,60.0
10044.0,2025-12-07T23:24:00+00:00,LOCO_02,LOCO_DECOUPLING_STARTED,retrofit,,,,SCREW,5,3.0
10047.0,2025-12-07T23:27:00+00:00,LOCO_02,LOCO_DECOUPLING_COMPLETED,retrofit,,,,SCREW,5,3.0
10047.0,2025-12-07T23:27:00+00:00,LOCO_02,RAKE_DECOUPLING_STARTED,retrofit,,,,SCREW,5,12.0
10059.0,2025-12-07T23:39:00+00:00,LOCO_02,RAKE_DECOUPLING_COMPLETED,retrofit,,,,SCREW,5,12.0
10071.0,2025-12-07T23:51:00+00:00,LOCO_02,MOVING,track_19,retrofit,track_19,,,0,5.0
10076.0,2025-12-07T23:56:00+00:00,LOCO_02,PARKING,,,,,,0,2.0
10078.0,2025-12-07T23:58:00+00:00,LOCO_02,MOVING,retrofit,track_19,retrofit,,,0,5.0
10083.0,2025-12-08T00:03:00+00:00,LOCO_02,COUPLING_STARTED,retrofit,,,,SCREW,0,2.0
10085.0,2025-12-08T00:05:00+00:00,LOCO_02,COUPLING_COMPLETED,retrofit,,,,SCREW,0,2.0
10085.0,2025-12-08T00:05:00+00:00,LOCO_02,SHUNTING_PREP,retrofit,,,,,0,1.0
10086.0,2025-12-08T00:06:00+00:00,LOCO_02,MOVING,WS_02,retrofit,WS_02,,,0,5.0
10091.0,2025-12-08T00:11:00+00:00,LOCO_02,DECOUPLING_STARTED,WS_02,,,,SCREW,0,3.0
10094.0,2025-12-08T00:14:00+00:00,LOCO_02,DECOUPLING_COMPLETED,WS_02,,,,SCREW,0,3.0
10097.0,2025-12-08T00:17:00+00:00,LOCO_02,MOVING,track_19,WS_02,track_19,,,0,7.0
10104.0,2025-12-08T00:24:00+00:00,LOCO_02,MOVING,retrofit,track_19,retrofit,,,0,5.0
10109.0,2025-12-08T00:29:00+00:00,LOCO_02,COUPLING_STARTED,retrofit,,,,SCREW,0,2.0
10111.0,2025-12-08T00:31:00+00:00,LOCO_02,COUPLING_COMPLETED,retrofit,,,,SCREW,0,2.0
10111.0,2025-12-08T00:31:00+00:00,LOCO_02,SHUNTING_PREP,retrofit,,,,,0,1.0
10112.0,2025-12-08T00:32:00+00:00,LOCO_02,MOVING,WS_01,retrofit,WS_01,,,0,5.0
10117.0,2025-12-08T00:37:00+00:00,LOCO_02,DECOUPLING_STARTED,WS_01,,,,SCREW,0,3.0
10120.0,2025-12-08T00:40:00+00:00,LOCO_02,DECOUPLING_COMPLETED,WS_01,,,,SCREW,0,3.0
10123.0,2025-12-08T00:43:00+00:00,LOCO_02,MOVING,track_19,WS_01,track_19,,,0,5.0
10128.0,2025-12-08T00:48:00+00:00,LOCO_02,MOVING,collection1,track_19,collection1,,,0,60.0
10188.0,2025-12-08T01:48:00+00:00,LOCO_02,ALLOCATED,,,,batch_transport,,0,0.0
10188.0,2025-12-08T01:48:00+00:00,LOCO_02,RAKE_COUPLING_STARTED,collection1,,,,SCREW,8,14.0
10202.0,2025-12-08T02:02:00+00:00,LOCO_02,RAKE_COUPLING_COMPLETED,collection1,,,,SCREW,8,14.0
10202.0,2025-12-08T02:02:00+00:00,LOCO_02,LOCO_COUPLING_STARTED,collection1,,,,SCREW,8,2.0
10204.0,2025-12-08T02:04:00+00:00,LOCO_02,LOCO_COUPLING_COMPLETED,collection1,,,,SCREW,8,2.0
10204.0,2025-12-08T02:04:00+00:00,LOCO_02,SHUNTING_PREP,collection1,,,,,8,1.0
10205.0,2025-12-08T02:05:00+00:00,LOCO_02,MOVING,retrofit,collection1,retrofit,,,0,60.0
10265.0,2025-12-08T03:05:00+00:00,LOCO_02,LOCO_DECOUPLING_STARTED,retrofit,,,,SCREW,8,3.0
10268.0,2025-12-08T03:08:00+00:00,LOCO_02,LOCO_DECOUPLING_COMPLETED,retrofit,,,,SCREW,8,3.0
10268.0,2025-12-08T03:08:00+00:00,LOCO_02,RAKE_DECOUPLING_STARTED,retrofit,,,,SCREW,8,21.0
10289.0,2025-12-08T03:29:00+00:00,LOCO_02,RAKE_DECOUPLING_COMPLETED,retrofit,,,,SCREW,8,21.0
10310.0,2025-12-08T03:50:00+00:00,LOCO_02,MOVING,track_19,retrofit,track_19,,,0,5.0
10315.0,2025-12-08T03:55:00+00:00,LOCO_02,PARKING,,,,,,0,0.0
10315.0,2025-12-08T03:55:00+00:00,LOCO_02,MOVING,collection2,track_19,collection2,,,0,60.0
10375.0,2025-12-08T04:55:00+00:00,LOCO_02,ALLOCATED,,,,batch_transport,,0,0.0
10375.0,2025-12-08T04:55:00+00:00,LOCO_02,RAKE_COUPLING_STARTED,collection2,,,,SCREW,2,2.0
10377.0,2025-12-08T04:57:00+00:00,LOCO_02,RAKE_COUPLING_COMPLETED,collection2,,,,SCREW,2,2.0
10377.0,2025-12-08T04:57:00+00:00,LOCO_02,LOCO_COUPLING_STARTED,collection2,,,,SCREW,2,2.0
10379.0,2025-12-08T04:59:00+00:00,LOCO_02,LOCO_COUPLING_COMPLETED,collection2,,,,SCREW,2,2.0
10379.0,2025-12-08T04:59:00+00:00,LOCO_02,SHUNTING_PREP,collection2,,,,,2,1.0
10380.0,2025-12-08T05:00:00+00:00,LOCO_02,MOVING,retrofit,collection2,retrofit,,,0,60.0
10440.0,2025-12-08T06:00:00+00:00,LOCO_02,LOCO_DECOUPLING_STARTED,retrofit,,,,SCREW,2,3.0
10443.0,2025-12-08T06:03:00+00:00,LOCO_02,LOCO_DECOUPLING_COMPLETED,retrofit,,,,SCREW,2,3.0
10443.0,2025-12-08T06:03:00+00:00,LOCO_02,RAKE_DECOUPLING_STARTED,retrofit,,,,SCREW,2,3.0
10446.0,2025-12-08T06:06:00+00:00,LOCO_02,RAKE_DECOUPLING_COMPLETED,retrofit,,,,SCREW,2,3.0
10449.0,2025-12-08T06:09:00+00:00,LOCO_02,MOVING,track_19,retrofit,track_19,,,0,5.0
10454.0,2025-12-08T06:14:00+00:00,LOCO_02,PARKING,,,,,,0,0.0
10454.0,2025-12-08T06:14:00+00:00,LOCO_02,MOVING,WS_02,track_19,WS_02,,,0,5.0
10459.0,2025-12-08T06:19:00+00:00,LOCO_02,RAKE_COUPLING_STARTED,WS_02,,,,DAC,2,0.5
10459.5,2025-12-08T06:19:30+00:00,LOCO_02,RAKE_COUPLING_COMPLETED,WS_02,,,,DAC,2,0.5
10459.5,2025-12-08T06:19:30+00:00,LOCO_02,LOCO_COUPLING_STARTED,WS_02,,,,DAC,2,0.5
10460.0,2025-12-08T06:20:00+00:00,LOCO_02,LOCO_COUPLING_COMPLETED,WS_02,,,,DAC,2,0.5
10460.0,2025-12-08T06:20:00+00:00,LOCO_02,SHUNTING_PREP,WS_02,,,,,2,1.0
10461.0,2025-12-08T06:21:00+00:00,LOCO_02,MOVING,retrofitted,WS_02,retrofitted,,,0,5.0
10466.0,2025-12-08T06:26:00+00:00,LOCO_02,MOVING,track_19,retrofitted,track_19,,,0,5.0
10471.0,2025-12-08T06:31:00+00:00,LOCO_02,MOVING,WS_01,track_19,WS_01,,,0,5.0
10476.0,2025-12-08T06:36:00+00:00,LOCO_02,RAKE_COUPLING_STARTED,WS_01,,,,DAC,2,0.5
10476.5,2025-12-08T06:36:30+00:00,LOCO_02,RAKE_COUPLING_COMPLETED,WS_01,,,,DAC,2,0.5
10476.5,2025-12-08T06:36:30+00:00,LOCO_02,LOCO_COUPLING_STARTED,WS_01,,,,DAC,2,0.5
10477.0,2025-12-08T06:37:00+00:00,LOCO_02,LOCO_COUPLING_COMPLETED,WS_01,,,,DAC,2,0.5
10477.0,2025-12-08T06:37:00+00:00,LOCO_02,SHUNTING_PREP,WS_01,,,,,2,1.0
10478.0,2025-12-08T06:38:00+00:00,LOCO_02,MOVING,retrofitted,WS_01,retrofitted,,,0,5.0
10483.0,2025-12-08T06:43:00+00:00,LOCO_02,MOVING,track_19,retrofitted,track_19,,,0,7.0
10490.0,2025-12-08T06:50:00+00:00,LOCO_02,MOVING,retrofit,track_19,retrofit,,,0,5.0
10495.0,2025-12-08T06:55:00+00:00,LOCO_02,COUPLING_STARTED,retrofit,,,,SCREW,0,2.0
10497.0,2025-12-08T06:57:00+00:00,LOCO_02,COUPLING_COMPLETED,retrofit,,,,SCREW,0,2.0
10497.0,2025-12-08T06:57:00+00:00,LOCO_02,SHUNTING_PREP,retrofit,,,,,0,1.0
10498.0,2025-12-08T06:58:00+00:00,LOCO_02,MOVING,WS_02,retrofit,WS_02,,,0,5.0
10503.0,2025-12-08T07:03:00+00:00,LOCO_02,DECOUPLING_STARTED,WS_02,,,,SCREW,0,3.0
10506.0,2025-12-08T07:06:00+00:00,LOCO_02,DECOUPLING_COMPLETED,WS_02,,,,SCREW,0,3.0
10509.0,2025-12-08T07:09:00+00:00,LOCO_02,MOVING,track_19,WS_02,track_19,,,0,5.0
10514.0,2025-12-08T07:14:00+00:00,LOCO_02,ALLOCATED,,,,batch_transport,,0,0.0
10514.0,2025-12-08T07:14:00+00:00,LOCO_02,MOVING,retrofitted,track_19,retrofitted,,,0,5.0
10519.0,2025-12-08T07:19:00+00:00,LOCO_02,RAKE_COUPLING_STARTED,retrofitted,,,,DAC,4,1.5
10520.5,2025-12-08T07:20:30+00:00,LOCO_02,RAKE_COUPLING_COMPLETED,retrofitted,,,,DAC,4,1.5
10520.5,2025-12-08T07:20:30+00:00,LOCO_02,LOCO_COUPLING_STARTED,retrofitted,,,,DAC,4,0.5
10521.0,2025-12-08T07:21:00+00:00,LOCO_02,LOCO_COUPLING_COMPLETED,retrofitted,,,,DAC,4,0.5
10521.0,2025-12-08T07:21:00+00:00,LOCO_02,SHUNTING_PREP,retrofitted,,,,,4,1.0
10522.0,2025-12-08T07:22:00+00:00,LOCO_02,MOVING,parking11,retrofitted,parking11,,,0,60.0
10582.0,2025-12-08T08:22:00+00:00,LOCO_02,LOCO_DECOUPLING_STARTED,parking11,,,,DAC,4,0.5
10582.5,2025-12-08T08:22:30+00:00,LOCO_02,LOCO_DECOUPLING_COMPLETED,parking11,,,,DAC,4,0.5
10582.5,2025-12-08T08:22:30+00:00,LOCO_02,RAKE_DECOUPLING_STARTED,parking11,,,,DAC,4,1.5
10584.0,2025-12-08T08:24:00+00:00,LOCO_02,RAKE_DECOUPLING_COMPLETED,parking11,,,,DAC,4,1.5
10585.5,2025-12-08T08:25:30+00:00,LOCO_02,MOVING,track_19,parking11,track_19,,,0,60.0
10645.5,2025-12-08T09:25:30+00:00,LOCO_02,MOVING,WS_02,track_19,WS_02,,,0,5.0
10650.5,2025-12-08T09:30:30+00:00,LOCO_02,RAKE_COUPLING_STARTED,WS_02,,,,DAC,2,0.5
10651.0,2025-12-08T09:31:00+00:00,LOCO_02,RAKE_COUPLING_COMPLETED,WS_02,,,,DAC,2,0.5
10651.0,2025-12-08T09:31:00+00:00,LOCO_02,LOCO_COUPLING_STARTED,WS_02,,,,DAC,2,0.5
10651.5,2025-12-08T09:31:30+00:00,LOCO_02,LOCO_COUPLING_COMPLETED,WS_02,,,,DAC,2,0.5
10651.5,2025-12-08T09:31:30+00:00,LOCO_02,SHUNTING_PREP,WS_02,,,,,2,1.0
10652.5,2025-12-08T09:32:30+00:00,LOCO_02,MOVING,retrofitted,WS_02,retrofitted,,,0,5.0
10657.5,2025-12-08T09:37:30+00:00,LOCO_02,MOVING,track_19,retrofitted,track_19,,,0,5.0
10662.5,2025-12-08T09:42:30+00:00,LOCO_02,ALLOCATED,,,,batch_transport,,0,0.0
10662.5,2025-12-08T09:42:30+00:00,LOCO_02,MOVING,retrofitted,track_19,retrofitted,,,0,5.0
10667.5,2025-12-08T09:47:30+00:00,LOCO_02,RAKE_COUPLING_STARTED,retrofitted,,,,DAC,4,1.5
10669.0,2025-12-08T09:49:00+00:00,LOCO_02,RAKE_COUPLING_COMPLETED,retrofitted,,,,DAC,4,1.5
10669.0,2025-12-08T09:49:00+00:00,LOCO_02,LOCO_COUPLING_STARTED,retrofitted,,,,DAC,4,0.5
10669.5,2025-12-08T09:49:30+00:00,LOCO_02,LOCO_COUPLING_COMPLETED,retrofitted,,,,DAC,4,0.5
10669.5,2025-12-08T09:49:30+00:00,LOCO_02,SHUNTING_PREP,retrofitted,,,,,4,1.0
10670.5,2025-12-08T09:50:30+00:00,LOCO_02,MOVING,parking10,retrofitted,parking10,,,0,60.0
10730.5,2025-12-08T10:50:30+00:00,LOCO_02,LOCO_DECOUPLING_STARTED,parking10,,,,DAC,4,0.5
10731.0,2025-12-08T10:51:00+00:00,LOCO_02,LOCO_DECOUPLING_COMPLETED,parking10,,,,DAC,4,0.5
10731.0,2025-12-08T10:51:00+00:00,LOCO_02,RAKE_DECOUPLING_STARTED,parking10,,,,DAC,4,1.5
10732.5,2025-12-08T10:52:30+00:00,LOCO_02,RAKE_DECOUPLING_COMPLETED,parking10,,,,DAC,4,1.5
10734.0,2025-12-08T10:54:00+00:00,LOCO_02,MOVING,track_19,parking10,track_19,,,0,60.0
10794.0,2025-12-08T11:54:00+00:00,LOCO_02,MOVING,WS_02,track_19,WS_02,,,0,5.0
10799.0,2025-12-08T11:59:00+00:00,LOCO_02,RAKE_COUPLING_STARTED,WS_02,,,,DAC,2,0.5
10799.5,2025-12-08T11:59:30+00:00,LOCO_02,RAKE_COUPLING_COMPLETED,WS_02,,,,DAC,2,0.5
10799.5,2025-12-08T11:59:30+00:00,LOCO_02,LOCO_COUPLING_STARTED,WS_02,,,,DAC,2,0.5
10800.0,2025-12-08T12:00:00+00:00,LOCO_02,LOCO_COUPLING_COMPLETED,WS_02,,,,DAC,2,0.5
10800.0,2025-12-08T12:00:00+00:00,LOCO_02,SHUNTING_PREP,WS_02,,,,,2,1.0
10801.0,2025-12-08T12:01:00+00:00,LOCO_02,MOVING,retrofitted,WS_02,retrofitted,,,0,5.0
10806.0,2025-12-08T12:06:00+00:00,LOCO_02,MOVING,track_19,retrofitted,track_19,,,0,5.0
10811.0,2025-12-08T12:11:00+00:00,LOCO_02,MOVING,WS_01,track_19,WS_01,,,0,5.0
10816.0,2025-12-08T12:16:00+00:00,LOCO_02,RAKE_COUPLING_STARTED,WS_01,,,,DAC,2,0.5
10816.5,2025-12-08T12:16:30+00:00,LOCO_02,RAKE_COUPLING_COMPLETED,WS_01,,,,DAC,2,0.5
10816.5,2025-12-08T12:16:30+00:00,LOCO_02,LOCO_COUPLING_STARTED,WS_01,,,,DAC,2,0.5
10817.0,2025-12-08T12:17:00+00:00,LOCO_02,LOCO_COUPLING_COMPLETED,WS_01,,,,DAC,2,0.5
10817.0,2025-12-08T12:17:00+00:00,LOCO_02,SHUNTING_PREP,WS_01,,,,,2,1.0
10818.0,2025-12-08T12:18:00+00:00,LOCO_02,MOVING,retrofitted,WS_01,retrofitted,,,0,5.0
10823.0,2025-12-08T12:23:00+00:00,LOCO_02,MOVING,track_19,retrofitted,track_19,,,0,7.0
10830.0,2025-12-08T12:30:00+00:00,LOCO_02,MOVING,retrofit,track_19,retrofit,,,0,5.0
10835.0,2025-12-08T12:35:00+00:00,LOCO_02,COUPLING_STARTED,retrofit,,,,SCREW,0,2.0
10837.0,2025-12-08T12:37:00+00:00,LOCO_02,COUPLING_COMPLETED,retrofit,,,,SCREW,0,2.0
10837.0,2025-12-08T12:37:00+00:00,LOCO_02,SHUNTING_PREP,retrofit,,,,,0,1.0
10838.0,2025-12-08T12:38:00+00:00,LOCO_02,MOVING,WS_02,retrofit,WS_02,,,0,5.0
10843.0,2025-12-08T12:43:00+00:00,LOCO_02,DECOUPLING_STARTED,WS_02,,,,SCREW,0,3.0
10846.0,2025-12-08T12:46:00+00:00,LOCO_02,DECOUPLING_COMPLETED,WS_02,,,,SCREW,0,3.0
10849.0,2025-12-08T12:49:00+00:00,LOCO_02,MOVING,track_19,WS_02,track_19,,,0,7.0
10856.0,2025-12-08T12:56:00+00:00,LOCO_02,MOVING,retrofit,track_19,retrofit,,,0,5.0
10861.0,2025-12-08T13:01:00+00:00,LOCO_02,COUPLING_STARTED,retrofit,,,,SCREW,0,2.0
10863.0,2025-12-08T13:03:00+00:00,LOCO_02,COUPLING_COMPLETED,retrofit,,,,SCREW,0,2.0
10863.0,2025-12-08T13:03:00+00:00,LOCO_02,SHUNTING_PREP,retrofit,,,,,0,1.0
10864.0,2025-12-08T13:04:00+00:00,LOCO_02,MOVING,WS_01,retrofit,WS_01,,,0,5.0
10869.0,2025-12-08T13:09:00+00:00,LOCO_02,DECOUPLING_STARTED,WS_01,,,,SCREW,0,3.0
10872.0,2025-12-08T13:12:00+00:00,LOCO_02,DECOUPLING_COMPLETED,WS_01,,,,SCREW,0,3.0
10875.0,2025-12-08T13:15:00+00:00,LOCO_02,MOVING,track_19,WS_01,track_19,,,0,5.0
10880.0,2025-12-08T13:20:00+00:00,LOCO_02,MOVING,collection2,track_19,collection2,,,0,60.0
10940.0,2025-12-08T14:20:00+00:00,LOCO_02,ALLOCATED,,,,batch_transport,,0,0.0
10940.0,2025-12-08T14:20:00+00:00,LOCO_02,LOCO_COUPLING_STARTED,collection2,,,,SCREW,1,2.0
10942.0,2025-12-08T14:22:00+00:00,LOCO_02,LOCO_COUPLING_COMPLETED,collection2,,,,SCREW,1,2.0
10942.0,2025-12-08T14:22:00+00:00,LOCO_02,SHUNTING_PREP,collection2,,,,,1,1.0
10943.0,2025-12-08T14:23:00+00:00,LOCO_02,MOVING,retrofit,collection2,retrofit,,,0,60.0
11003.0,2025-12-08T15:23:00+00:00,LOCO_02,LOCO_DECOUPLING_STARTED,retrofit,,,,SCREW,1,3.0
11006.0,2025-12-08T15:26:00+00:00,LOCO_02,MOVING,track_19,retrofit,track_19,,,0,0.0
11006.0,2025-12-08T15:26:00+00:00,LOCO_02,LOCO_DECOUPLING_COMPLETED,retrofit,,,,SCREW,1,3.0
11011.0,2025-12-08T15:31:00+00:00,LOCO_02,PARKING,,,,,,0,0.0
11011.0,2025-12-08T15:31:00+00:00,LOCO_02,MOVING,WS_02,track_19,WS_02,,,0,5.0
11016.0,2025-12-08T15:36:00+00:00,LOCO_02,RAKE_COUPLING_STARTED,WS_02,,,,DAC,2,0.5
11016.5,2025-12-08T15:36:30+00:00,LOCO_02,RAKE_COUPLING_COMPLETED,WS_02,,,,DAC,2,0.5
11016.5,2025-12-08T15:36:30+00:00,LOCO_02,LOCO_COUPLING_STARTED,WS_02,,,,DAC,2,0.5
11017.0,2025-12-08T15:37:00+00:00,LOCO_02,LOCO_COUPLING_COMPLETED,WS_02,,,,DAC,2,0.5
11017.0,2025-12-08T15:37:00+00:00,LOCO_02,SHUNTING_PREP,WS_02,,,,,2,1.0
11018.0,2025-12-08T15:38:00+00:00,LOCO_02,MOVING,retrofitted,WS_02,retrofitted,,,0,5.0
11023.0,2025-12-08T15:43:00+00:00,LOCO_02,MOVING,track_19,retrofitted,track_19,,,0,5.0
11028.0,2025-12-08T15:48:00+00:00,LOCO_02,ALLOCATED,,,,batch_transport,,0,0.0
11028.0,2025-12-08T15:48:00+00:00,LOCO_02,MOVING,retrofitted,track_19,retrofitted,,,0,5.0
11033.0,2025-12-08T15:53:00+00:00,LOCO_02,RAKE_COUPLING_STARTED,retrofitted,,,,DAC,6,2.5
11035.5,2025-12-08T15:55:30+00:00,LOCO_02,RAKE_COUPLING_COMPLETED,retrofitted,,,,DAC,6,2.5
11035.5,2025-12-08T15:55:30+00:00,LOCO_02,LOCO_COUPLING_STARTED,retrofitted,,,,DAC,6,0.5
11036.0,2025-12-08T15:56:00+00:00,LOCO_02,LOCO_COUPLING_COMPLETED,retrofitted,,,,DAC,6,0.5
11036.0,2025-12-08T15:56:00+00:00,LOCO_02,SHUNTING_PREP,retrofitted,,,,,6,1.0
11037.0,2025-12-08T15:57:00+00:00,LOCO_02,MOVING,parking1,retrofitted,parking1,,,0,5.0
11042.0,2025-12-08T16:02:00+00:00,LOCO_02,LOCO_DECOUPLING_STARTED,parking1,,,,DAC,6,0.5
11042.5,2025-12-08T16:02:30+00:00,LOCO_02,LOCO_DECOUPLING_COMPLETED,parking1,,,,DAC,6,0.5
11042.5,2025-12-08T16:02:30+00:00,LOCO_02,RAKE_DECOUPLING_STARTED,parking1,,,,DAC,6,2.5
11045.0,2025-12-08T16:05:00+00:00,LOCO_02,RAKE_DECOUPLING_COMPLETED,parking1,,,,DAC,6,2.5
11047.5,2025-12-08T16:07:30+00:00,LOCO_02,MOVING,track_19,parking1,track_19,,,0,7.0
11054.5,2025-12-08T16:14:30+00:00,LOCO_02,MOVING,retrofit,track_19,retrofit,,,0,5.0
11059.5,2025-12-08T16:19:30+00:00,LOCO_02,COUPLING_STARTED,retrofit,,,,SCREW,0,2.0
11061.5,2025-12-08T16:21:30+00:00,LOCO_02,COUPLING_COMPLETED,retrofit,,,,SCREW,0,2.0
11061.5,2025-12-08T16:21:30+00:00,LOCO_02,SHUNTING_PREP,retrofit,,,,,0,1.0
11062.5,2025-12-08T16:22:30+00:00,LOCO_02,MOVING,WS_01,retrofit,WS_01,,,0,5.0
11067.5,2025-12-08T16:27:30+00:00,LOCO_02,DECOUPLING_STARTED,WS_01,,,,SCREW,0,3.0
11070.5,2025-12-08T16:30:30+00:00,LOCO_02,DECOUPLING_COMPLETED,WS_01,,,,SCREW,0,3.0
11073.5,2025-12-08T16:33:30+00:00,LOCO_02,MOVING,track_19,WS_01,track_19,,,0,5.0
11078.5,2025-12-08T16:38:30+00:00,LOCO_02,MOVING,collection2,track_19,collection2,,,0,60.0
11138.5,2025-12-08T17:38:30+00:00,LOCO_02,ALLOCATED,,,,batch_transport,,0,0.0
11138.5,2025-12-08T17:38:30+00:00,LOCO_02,LOCO_COUPLING_STARTED,collection2,,,,SCREW,1,2.0
11140.5,2025-12-08T17:40:30+00:00,LOCO_02,LOCO_COUPLING_COMPLETED,collection2,,,,SCREW,1,2.0
11140.5,2025-12-08T17:40:30+00:00,LOCO_02,SHUNTING_PREP,collection2,,,,,1,1.0
11141.5,2025-12-08T17:41:30+00:00,LOCO_02,MOVING,retrofit,collection2,retrofit,,,0,60.0
11201.5,2025-12-08T18:41:30+00:00,LOCO_02,LOCO_DECOUPLING_STARTED,retrofit,,,,SCREW,1,3.0
11204.5,2025-12-08T18:44:30+00:00,LOCO_02,MOVING,track_19,retrofit,track_19,,,0,0.0
11204.5,2025-12-08T18:44:30+00:00,LOCO_02,LOCO_DECOUPLING_COMPLETED,retrofit,,,,SCREW,1,3.0
11209.5,2025-12-08T18:49:30+00:00,LOCO_02,PARKING,,,,,,0,0.0
11209.5,2025-12-08T18:49:30+00:00,LOCO_02,MOVING,WS_02,track_19,WS_02,,,0,5.0
11214.5,2025-12-08T18:54:30+00:00,LOCO_02,RAKE_COUPLING_STARTED,WS_02,,,,DAC,2,0.5
11215.0,2025-12-08T18:55:00+00:00,LOCO_02,RAKE_COUPLING_COMPLETED,WS_02,,,,DAC,2,0.5
11215.0,2025-12-08T18:55:00+00:00,LOCO_02,LOCO_COUPLING_STARTED,WS_02,,,,DAC,2,0.5
11215.5,2025-12-08T18:55:30+00:00,LOCO_02,LOCO_COUPLING_COMPLETED,WS_02,,,,DAC,2,0.5
11215.5,2025-12-08T18:55:30+00:00,LOCO_02,SHUNTING_PREP,WS_02,,,,,2,1.0
11216.5,2025-12-08T18:56:30+00:00,LOCO_02,MOVING,retrofitted,WS_02,retrofitted,,,0,5.0
11221.5,2025-12-08T19:01:30+00:00,LOCO_02,MOVING,track_19,retrofitted,track_19,,,0,5.0
11226.5,2025-12-08T19:06:30+00:00,LOCO_02,MOVING,WS_01,track_19,WS_01,,,0,5.0
11231.5,2025-12-08T19:11:30+00:00,LOCO_02,RAKE_COUPLING_STARTED,WS_01,,,,DAC,2,0.5
11232.0,2025-12-08T19:12:00+00:00,LOCO_02,RAKE_COUPLING_COMPLETED,WS_01,,,,DAC,2,0.5
11232.0,2025-12-08T19:12:00+00:00,LOCO_02,LOCO_COUPLING_STARTED,WS_01,,,,DAC,2,0.5
11232.5,2025-12-08T19:12:30+00:00,LOCO_02,LOCO_COUPLING_COMPLETED,WS_01,,,,DAC,2,0.5
11232.5,2025-12-08T19:12:30+00:00,LOCO_02,SHUNTING_PREP,WS_01,,,,,2,1.0
11233.5,2025-12-08T19:13:30+00:00,LOCO_02,MOVING,retrofitted,WS_01,retrofitted,,,0,5.0
11238.5,2025-12-08T19:18:30+00:00,LOCO_02,MOVING,track_19,retrofitted,track_19,,,0,7.0
11245.5,2025-12-08T19:25:30+00:00,LOCO_02,MOVING,retrofit,track_19,retrofit,,,0,5.0
11250.5,2025-12-08T19:30:30+00:00,LOCO_02,COUPLING_STARTED,retrofit,,,,SCREW,0,2.0
11252.5,2025-12-08T19:32:30+00:00,LOCO_02,COUPLING_COMPLETED,retrofit,,,,SCREW,0,2.0
11252.5,2025-12-08T19:32:30+00:00,LOCO_02,SHUNTING_PREP,retrofit,,,,,0,1.0
11253.5,2025-12-08T19:33:30+00:00,LOCO_02,MOVING,WS_02,retrofit,WS_02,,,0,5.0
11258.5,2025-12-08T19:38:30+00:00,LOCO_02,DECOUPLING_STARTED,WS_02,,,,SCREW,0,3.0
11261.5,2025-12-08T19:41:30+00:00,LOCO_02,DECOUPLING_COMPLETED,WS_02,,,,SCREW,0,3.0
11264.5,2025-12-08T19:44:30+00:00,LOCO_02,MOVING,track_19,WS_02,track_19,,,0,5.0
11269.5,2025-12-08T19:49:30+00:00,LOCO_02,ALLOCATED,,,,batch_transport,,0,0.0
11269.5,2025-12-08T19:49:30+00:00,LOCO_02,MOVING,retrofitted,track_19,retrofitted,,,0,5.0
11274.5,2025-12-08T19:54:30+00:00,LOCO_02,RAKE_COUPLING_STARTED,retrofitted,,,,DAC,2,0.5
11275.0,2025-12-08T19:55:00+00:00,LOCO_02,RAKE_COUPLING_COMPLETED,retrofitted,,,,DAC,2,0.5
11275.0,2025-12-08T19:55:00+00:00,LOCO_02,LOCO_COUPLING_STARTED,retrofitted,,,,DAC,2,0.5
11275.5,2025-12-08T19:55:30+00:00,LOCO_02,LOCO_COUPLING_COMPLETED,retrofitted,,,,DAC,2,0.5
11275.5,2025-12-08T19:55:30+00:00,LOCO_02,SHUNTING_PREP,retrofitted,,,,,2,1.0
11276.5,2025-12-08T19:56:30+00:00,LOCO_02,MOVING,parking13,retrofitted,parking13,,,0,75.0
11351.5,2025-12-08T21:11:30+00:00,LOCO_02,LOCO_DECOUPLING_STARTED,parking13,,,,DAC,2,0.5
11352.0,2025-12-08T21:12:00+00:00,LOCO_02,LOCO_DECOUPLING_COMPLETED,parking13,,,,DAC,2,0.5
11352.0,2025-12-08T21:12:00+00:00,LOCO_02,RAKE_DECOUPLING_STARTED,parking13,,,,DAC,2,0.5
11352.5,2025-12-08T21:12:30+00:00,LOCO_02,RAKE_DECOUPLING_COMPLETED,parking13,,,,DAC,2,0.5
11353.0,2025-12-08T21:13:00+00:00,LOCO_02,MOVING,track_19,parking13,track_19,,,0,60.0
11413.0,2025-12-08T22:13:00+00:00,LOCO_02,MOVING,WS_02,track_19,WS_02,,,0,5.0
11418.0,2025-12-08T22:18:00+00:00,LOCO_02,RAKE_COUPLING_STARTED,WS_02,,,,DAC,2,0.5
11418.5,2025-12-08T22:18:30+00:00,LOCO_02,RAKE_COUPLING_COMPLETED,WS_02,,,,DAC,2,0.5
11418.5,2025-12-08T22:18:30+00:00,LOCO_02,LOCO_COUPLING_STARTED,WS_02,,,,DAC,2,0.5
11419.0,2025-12-08T22:19:00+00:00,LOCO_02,LOCO_COUPLING_COMPLETED,WS_02,,,,DAC,2,0.5
11419.0,2025-12-08T22:19:00+00:00,LOCO_02,SHUNTING_PREP,WS_02,,,,,2,1.0
11420.0,2025-12-08T22:20:00+00:00,LOCO_02,MOVING,retrofitted,WS_02,retrofitted,,,0,5.0
11425.0,2025-12-08T22:25:00+00:00,LOCO_02,MOVING,track_19,retrofitted,track_19,,,0,5.0
11430.0,2025-12-08T22:30:00+00:00,LOCO_02,ALLOCATED,,,,batch_transport,,0,0.0
11430.0,2025-12-08T22:30:00+00:00,LOCO_02,MOVING,retrofitted,track_19,retrofitted,,,0,5.0
11435.0,2025-12-08T22:35:00+00:00,LOCO_02,RAKE_COUPLING_STARTED,retrofitted,,,,DAC,4,1.5
11436.5,2025-12-08T22:36:30+00:00,LOCO_02,RAKE_COUPLING_COMPLETED,retrofitted,,,,DAC,4,1.5
11436.5,2025-12-08T22:36:30+00:00,LOCO_02,LOCO_COUPLING_STARTED,retrofitted,,,,DAC,4,0.5
11437.0,2025-12-08T22:37:00+00:00,LOCO_02,LOCO_COUPLING_COMPLETED,retrofitted,,,,DAC,4,0.5
11437.0,2025-12-08T22:37:00+00:00,LOCO_02,SHUNTING_PREP,retrofitted,,,,,4,1.0
11438.0,2025-12-08T22:38:00+00:00,LOCO_02,MOVING,parking16,retrofitted,parking16,,,0,120.0
11558.0,2025-12-09T00:38:00+00:00,LOCO_02,LOCO_DECOUPLING_STARTED,parking16,,,,DAC,4,0.5
11558.5,2025-12-09T00:38:30+00:00,LOCO_02,LOCO_DECOUPLING_COMPLETED,parking16,,,,DAC,4,0.5
11558.5,2025-12-09T00:38:30+00:00,LOCO_02,RAKE_DECOUPLING_STARTED,parking16,,,,DAC,4,1.5
11560.0,2025-12-09T00:40:00+00:00,LOCO_02,RAKE_DECOUPLING_COMPLETED,parking16,,,,DAC,4,1.5
11561.5,2025-12-09T00:41:30+00:00,LOCO_02,MOVING,track_19,parking16,track_19,,,0,60.0
11621.5,2025-12-09T01:41:30+00:00,LOCO_02,MOVING,WS_02,track_19,WS_02,,,0,5.0
11626.5,2025-12-09T01:46:30+00:00,LOCO_02,RAKE_COUPLING_STARTED,WS_02,,,,DAC,2,0.5
11627.0,2025-12-09T01:47:00+00:00,LOCO_02,RAKE_COUPLING_COMPLETED,WS_02,,,,DAC,2,0.5
11627.0,2025-12-09T01:47:00+00:00,LOCO_02,LOCO_COUPLING_STARTED,WS_02,,,,DAC,2,0.5
11627.5,2025-12-09T01:47:30+00:00,LOCO_02,LOCO_COUPLING_COMPLETED,WS_02,,,,DAC,2,0.5
11627.5,2025-12-09T01:47:30+00:00,LOCO_02,SHUNTING_PREP,WS_02,,,,,2,1.0
11628.5,2025-12-09T01:48:30+00:00,LOCO_02,MOVING,retrofitted,WS_02,retrofitted,,,0,5.0
11633.5,2025-12-09T01:53:30+00:00,LOCO_02,MOVING,track_19,retrofitted,track_19,,,0,5.0
11638.5,2025-12-09T01:58:30+00:00,LOCO_02,ALLOCATED,,,,batch_transport,,0,0.0
11638.5,2025-12-09T01:58:30+00:00,LOCO_02,MOVING,retrofitted,track_19,retrofitted,,,0,5.0
11643.5,2025-12-09T02:03:30+00:00,LOCO_02,RAKE_COUPLING_STARTED,retrofitted,,,,DAC,4,1.5
11645.0,2025-12-09T02:05:00+00:00,LOCO_02,RAKE_COUPLING_COMPLETED,retrofitted,,,,DAC,4,1.5
11645.0,2025-12-09T02:05:00+00:00,LOCO_02,LOCO_COUPLING_STARTED,retrofitted,,,,DAC,4,0.5
11645.5,2025-12-09T02:05:30+00:00,LOCO_02,LOCO_COUPLING_COMPLETED,retrofitted,,,,DAC,4,0.5
11645.5,2025-12-09T02:05:30+00:00,LOCO_02,SHUNTING_PREP,retrofitted,,,,,4,1.0
11646.5,2025-12-09T02:06:30+00:00,LOCO_02,MOVING,parking13,retrofitted,parking13,,,0,75.0
11721.5,2025-12-09T03:21:30+00:00,LOCO_02,LOCO_DECOUPLING_STARTED,parking13,,,,DAC,4,0.5
11722.0,2025-12-09T03:22:00+00:00,LOCO_02,LOCO_DECOUPLING_COMPLETED,parking13,,,,DAC,4,0.5
11722.0,2025-12-09T03:22:00+00:00,LOCO_02,RAKE_DECOUPLING_STARTED,parking13,,,,DAC,4,1.5
11723.5,2025-12-09T03:23:30+00:00,LOCO_02,RAKE_DECOUPLING_COMPLETED,parking13,,,,DAC,4,1.5
11725.0,2025-12-09T03:25:00+00:00,LOCO_02,MOVING,track_19,parking13,track_19,,,0,60.0
11785.0,2025-12-09T04:25:00+00:00,LOCO_02,MOVING,WS_02,track_19,WS_02,,,0,5.0
11790.0,2025-12-09T04:30:00+00:00,LOCO_02,RAKE_COUPLING_STARTED,WS_02,,,,DAC,2,0.5
11790.5,2025-12-09T04:30:30+00:00,LOCO_02,RAKE_COUPLING_COMPLETED,WS_02,,,,DAC,2,0.5
11790.5,2025-12-09T04:30:30+00:00,LOCO_02,LOCO_COUPLING_STARTED,WS_02,,,,DAC,2,0.5
11791.0,2025-12-09T04:31:00+00:00,LOCO_02,LOCO_COUPLING_COMPLETED,WS_02,,,,DAC,2,0.5
11791.0,2025-12-09T04:31:00+00:00,LOCO_02,SHUNTING_PREP,WS_02,,,,,2,1.0
11792.0,2025-12-09T04:32:00+00:00,LOCO_02,MOVING,retrofitted,WS_02,retrofitted,,,0,5.0
11797.0,2025-12-09T04:37:00+00:00,LOCO_02,MOVING,track_19,retrofitted,track_19,,,0,5.0
11802.0,2025-12-09T04:42:00+00:00,LOCO_02,MOVING,WS_01,track_19,WS_01,,,0,5.0
11807.0,2025-12-09T04:47:00+00:00,LOCO_02,RAKE_COUPLING_STARTED,WS_01,,,,DAC,2,0.5
11807.5,2025-12-09T04:47:30+00:00,LOCO_02,RAKE_COUPLING_COMPLETED,WS_01,,,,DAC,2,0.5
11807.5,2025-12-09T04:47:30+00:00,LOCO_02,LOCO_COUPLING_STARTED,WS_01,,,,DAC,2,0.5
11808.0,2025-12-09T04:48:00+00:00,LOCO_02,LOCO_COUPLING_COMPLETED,WS_01,,,,DAC,2,0.5
11808.0,2025-12-09T04:48:00+00:00,LOCO_02,SHUNTING_PREP,WS_01,,,,,2,1.0
11809.0,2025-12-09T04:49:00+00:00,LOCO_02,MOVING,retrofitted,WS_01,retrofitted,,,0,5.0
11814.0,2025-12-09T04:54:00+00:00,LOCO_02,MOVING,track_19,retrofitted,track_19,,,0,7.0
11821.0,2025-12-09T05:01:00+00:00,LOCO_02,MOVING,retrofit,track_19,retrofit,,,0,5.0
11826.0,2025-12-09T05:06:00+00:00,LOCO_02,COUPLING_STARTED,retrofit,,,,SCREW,0,2.0
11828.0,2025-12-09T05:08:00+00:00,LOCO_02,COUPLING_COMPLETED,retrofit,,,,SCREW,0,2.0
11828.0,2025-12-09T05:08:00+00:00,LOCO_02,SHUNTING_PREP,retrofit,,,,,0,1.0
11829.0,2025-12-09T05:09:00+00:00,LOCO_02,MOVING,WS_02,retrofit,WS_02,,,0,5.0
11834.0,2025-12-09T05:14:00+00:00,LOCO_02,DECOUPLING_STARTED,WS_02,,,,SCREW,0,3.0
11837.0,2025-12-09T05:17:00+00:00,LOCO_02,DECOUPLING_COMPLETED,WS_02,,,,SCREW,0,3.0
11840.0,2025-12-09T05:20:00+00:00,LOCO_02,MOVING,track_19,WS_02,track_19,,,0,5.0
11845.0,2025-12-09T05:25:00+00:00,LOCO_02,ALLOCATED,,,,batch_transport,,0,0.0
11845.0,2025-12-09T05:25:00+00:00,LOCO_02,MOVING,retrofitted,track_19,retrofitted,,,0,5.0
11850.0,2025-12-09T05:30:00+00:00,LOCO_02,RAKE_COUPLING_STARTED,retrofitted,,,,DAC,4,1.5
11851.5,2025-12-09T05:31:30+00:00,LOCO_02,RAKE_COUPLING_COMPLETED,retrofitted,,,,DAC,4,1.5
11851.5,2025-12-09T05:31:30+00:00,LOCO_02,LOCO_COUPLING_STARTED,retrofitted,,,,DAC,4,0.5
11852.0,2025-12-09T05:32:00+00:00,LOCO_02,LOCO_COUPLING_COMPLETED,retrofitted,,,,DAC,4,0.5
11852.0,2025-12-09T05:32:00+00:00,LOCO_02,SHUNTING_PREP,retrofitted,,,,,4,1.0
11853.0,2025-12-09T05:33:00+00:00,LOCO_02,MOVING,parking12,retrofitted,parking12,,,0,60.0
11913.0,2025-12-09T06:33:00+00:00,LOCO_02,LOCO_DECOUPLING_STARTED,parking12,,,,DAC,4,0.5
11913.5,2025-12-09T06:33:30+00:00,LOCO_02,LOCO_DECOUPLING_COMPLETED,parking12,,,,DAC,4,0.5
11913.5,2025-12-09T06:33:30+00:00,LOCO_02,RAKE_DECOUPLING_STARTED,parking12,,,,DAC,4,1.5
11915.0,2025-12-09T06:35:00+00:00,LOCO_02,RAKE_DECOUPLING_COMPLETED,parking12,,,,DAC,4,1.5
11916.5,2025-12-09T06:36:30+00:00,LOCO_02,MOVING,track_19,parking12,track_19,,,0,60.0
11976.5,2025-12-09T07:36:30+00:00,LOCO_02,MOVING,WS_02,track_19,WS_02,,,0,5.0
11981.5,2025-12-09T07:41:30+00:00,LOCO_02,RAKE_COUPLING_STARTED,WS_02,,,,DAC,2,0.5
11982.0,2025-12-09T07:42:00+00:00,LOCO_02,RAKE_COUPLING_COMPLETED,WS_02,,,,DAC,2,0.5
11982.0,2025-12-09T07:42:00+00:00,LOCO_02,LOCO_COUPLING_STARTED,WS_02,,,,DAC,2,0.5
11982.5,2025-12-09T07:42:30+00:00,LOCO_02,LOCO_COUPLING_COMPLETED,WS_02,,,,DAC,2,0.5
11982.5,2025-12-09T07:42:30+00:00,LOCO_02,SHUNTING_PREP,WS_02,,,,,2,1.0
11983.5,2025-12-09T07:43:30+00:00,LOCO_02,MOVING,retrofitted,WS_02,retrofitted,,,0,5.0
11988.5,2025-12-09T07:48:30+00:00,LOCO_02,MOVING,track_19,retrofitted,track_19,,,0,5.0
11993.5,2025-12-09T07:53:30+00:00,LOCO_02,MOVING,WS_01,track_19,WS_01,,,0,5.0
11998.5,2025-12-09T07:58:30+00:00,LOCO_02,RAKE_COUPLING_STARTED,WS_01,,,,DAC,2,0.5
11999.0,2025-12-09T07:59:00+00:00,LOCO_02,RAKE_COUPLING_COMPLETED,WS_01,,,,DAC,2,0.5
11999.0,2025-12-09T07:59:00+00:00,LOCO_02,LOCO_COUPLING_STARTED,WS_01,,,,DAC,2,0.5
11999.5,2025-12-09T07:59:30+00:00,LOCO_02,LOCO_COUPLING_COMPLETED,WS_01,,,,DAC,2,0.5
11999.5,2025-12-09T07:59:30+00:00,LOCO_02,SHUNTING_PREP,WS_01,,,,,2,1.0
12000.5,2025-12-09T08:00:30+00:00,LOCO_02,MOVING,retrofitted,WS_01,retrofitted,,,0,5.0
12005.5,2025-12-09T08:05:30+00:00,LOCO_02,MOVING,track_19,retrofitted,track_19,,,0,5.0
12010.5,2025-12-09T08:10:30+00:00,LOCO_02,ALLOCATED,,,,batch_transport,,0,0.0
12010.5,2025-12-09T08:10:30+00:00,LOCO_02,MOVING,retrofitted,track_19,retrofitted,,,0,5.0
12015.5,2025-12-09T08:15:30+00:00,LOCO_02,RAKE_COUPLING_STARTED,retrofitted,,,,DAC,4,1.5
12017.0,2025-12-09T08:17:00+00:00,LOCO_02,RAKE_COUPLING_COMPLETED,retrofitted,,,,DAC,4,1.5
12017.0,2025-12-09T08:17:00+00:00,LOCO_02,LOCO_COUPLING_STARTED,retrofitted,,,,DAC,4,0.5
12017.5,2025-12-09T08:17:30+00:00,LOCO_02,LOCO_COUPLING_COMPLETED,retrofitted,,,,DAC,4,0.5
12017.5,2025-12-09T08:17:30+00:00,LOCO_02,SHUNTING_PREP,retrofitted,,,,,4,1.0
12018.5,2025-12-09T08:18:30+00:00,LOCO_02,MOVING,parking15,retrofitted,parking15,,,0,75.0
12093.5,2025-12-09T09:33:30+00:00,LOCO_02,LOCO_DECOUPLING_STARTED,parking15,,,,DAC,4,0.5
12094.0,2025-12-09T09:34:00+00:00,LOCO_02,LOCO_DECOUPLING_COMPLETED,parking15,,,,DAC,4,0.5
12094.0,2025-12-09T09:34:00+00:00,LOCO_02,RAKE_DECOUPLING_STARTED,parking15,,,,DAC,4,1.5
12095.5,2025-12-09T09:35:30+00:00,LOCO_02,RAKE_DECOUPLING_COMPLETED,parking15,,,,DAC,4,1.5
12097.0,2025-12-09T09:37:00+00:00,LOCO_02,MOVING,track_19,parking15,track_19,,,0,60.0
12157.0,2025-12-09T10:37:00+00:00,LOCO_02,MOVING,WS_02,track_19,WS_02,,,0,5.0
12162.0,2025-12-09T10:42:00+00:00,LOCO_02,RAKE_COUPLING_STARTED,WS_02,,,,DAC,2,0.5
12162.5,2025-12-09T10:42:30+00:00,LOCO_02,RAKE_COUPLING_COMPLETED,WS_02,,,,DAC,2,0.5
12162.5,2025-12-09T10:42:30+00:00,LOCO_02,LOCO_COUPLING_STARTED,WS_02,,,,DAC,2,0.5
12163.0,2025-12-09T10:43:00+00:00,LOCO_02,LOCO_COUPLING_COMPLETED,WS_02,,,,DAC,2,0.5
12163.0,2025-12-09T10:43:00+00:00,LOCO_02,SHUNTING_PREP,WS_02,,,,,2,1.0
12164.0,2025-12-09T10:44:00+00:00,LOCO_02,MOVING,retrofitted,WS_02,retrofitted,,,0,5.0
12169.0,2025-12-09T10:49:00+00:00,LOCO_02,MOVING,track_19,retrofitted,track_19,,,0,5.0
12174.0,2025-12-09T10:54:00+00:00,LOCO_02,MOVING,WS_01,track_19,WS_01,,,0,5.0
12179.0,2025-12-09T10:59:00+00:00,LOCO_02,RAKE_COUPLING_STARTED,WS_01,,,,DAC,2,0.5
12179.5,2025-12-09T10:59:30+00:00,LOCO_02,RAKE_COUPLING_COMPLETED,WS_01,,,,DAC,2,0.5
12179.5,2025-12-09T10:59:30+00:00,LOCO_02,LOCO_COUPLING_STARTED,WS_01,,,,DAC,2,0.5
12180.0,2025-12-09T11:00:00+00:00,LOCO_02,LOCO_COUPLING_COMPLETED,WS_01,,,,DAC,2,0.5
12180.0,2025-12-09T11:00:00+00:00,LOCO_02,SHUNTING_PREP,WS_01,,,,,2,1.0
12181.0,2025-12-09T11:01:00+00:00,LOCO_02,MOVING,retrofitted,WS_01,retrofitted,,,0,5.0
12186.0,2025-12-09T11:06:00+00:00,LOCO_02,MOVING,track_19,retrofitted,track_19,,,0,7.0
12193.0,2025-12-09T11:13:00+00:00,LOCO_02,MOVING,retrofit,track_19,retrofit,,,0,5.0
12198.0,2025-12-09T11:18:00+00:00,LOCO_02,COUPLING_STARTED,retrofit,,,,SCREW,0,2.0
12200.0,2025-12-09T11:20:00+00:00,LOCO_02,COUPLING_COMPLETED,retrofit,,,,SCREW,0,2.0
12200.0,2025-12-09T11:20:00+00:00,LOCO_02,SHUNTING_PREP,retrofit,,,,,0,1.0
12201.0,2025-12-09T11:21:00+00:00,LOCO_02,MOVING,WS_02,retrofit,WS_02,,,0,5.0
12206.0,2025-12-09T11:26:00+00:00,LOCO_02,DECOUPLING_STARTED,WS_02,,,,SCREW,0,3.0
12209.0,2025-12-09T11:29:00+00:00,LOCO_02,DECOUPLING_COMPLETED,WS_02,,,,SCREW,0,3.0
12212.0,2025-12-09T11:32:00+00:00,LOCO_02,MOVING,track_19,WS_02,track_19,,,0,7.0
12219.0,2025-12-09T11:39:00+00:00,LOCO_02,MOVING,retrofit,track_19,retrofit,,,0,5.0
12224.0,2025-12-09T11:44:00+00:00,LOCO_02,COUPLING_STARTED,retrofit,,,,SCREW,0,2.0
12226.0,2025-12-09T11:46:00+00:00,LOCO_02,COUPLING_COMPLETED,retrofit,,,,SCREW,0,2.0
12226.0,2025-12-09T11:46:00+00:00,LOCO_02,SHUNTING_PREP,retrofit,,,,,0,1.0
12227.0,2025-12-09T11:47:00+00:00,LOCO_02,MOVING,WS_01,retrofit,WS_01,,,0,5.0
12232.0,2025-12-09T11:52:00+00:00,LOCO_02,DECOUPLING_STARTED,WS_01,,,,SCREW,0,3.0
12235.0,2025-12-09T11:55:00+00:00,LOCO_02,DECOUPLING_COMPLETED,WS_01,,,,SCREW,0,3.0
12238.0,2025-12-09T11:58:00+00:00,LOCO_02,MOVING,track_19,WS_01,track_19,,,0,5.0
12243.0,2025-12-09T12:03:00+00:00,LOCO_02,MOVING,collection1,track_19,collection1,,,0,60.0
12303.0,2025-12-09T13:03:00+00:00,LOCO_02,ALLOCATED,,,,batch_transport,,0,0.0
12303.0,2025-12-09T13:03:00+00:00,LOCO_02,RAKE_COUPLING_STARTED,collection1,,,,SCREW,2,2.0
12305.0,2025-12-09T13:05:00+00:00,LOCO_02,RAKE_COUPLING_COMPLETED,collection1,,,,SCREW,2,2.0
12305.0,2025-12-09T13:05:00+00:00,LOCO_02,LOCO_COUPLING_STARTED,collection1,,,,SCREW,2,2.0
12307.0,2025-12-09T13:07:00+00:00,LOCO_02,LOCO_COUPLING_COMPLETED,collection1,,,,SCREW,2,2.0
12307.0,2025-12-09T13:07:00+00:00,LOCO_02,SHUNTING_PREP,collection1,,,,,2,1.0
12308.0,2025-12-09T13:08:00+00:00,LOCO_02,MOVING,retrofit,collection1,retrofit,,,0,60.0
12368.0,2025-12-09T14:08:00+00:00,LOCO_02,LOCO_DECOUPLING_STARTED,retrofit,,,,SCREW,2,3.0
12371.0,2025-12-09T14:11:00+00:00,LOCO_02,LOCO_DECOUPLING_COMPLETED,retrofit,,,,SCREW,2,3.0
12371.0,2025-12-09T14:11:00+00:00,LOCO_02,RAKE_DECOUPLING_STARTED,retrofit,,,,SCREW,2,3.0
12374.0,2025-12-09T14:14:00+00:00,LOCO_02,RAKE_DECOUPLING_COMPLETED,retrofit,,,,SCREW,2,3.0
12377.0,2025-12-09T14:17:00+00:00,LOCO_02,MOVING,track_19,retrofit,track_19,,,0,5.0
12382.0,2025-12-09T14:22:00+00:00,LOCO_02,PARKING,,,,,,0,0.0
12382.0,2025-12-09T14:22:00+00:00,LOCO_02,MOVING,WS_02,track_19,WS_02,,,0,5.0
12387.0,2025-12-09T14:27:00+00:00,LOCO_02,RAKE_COUPLING_STARTED,WS_02,,,,DAC,2,0.5
12387.5,2025-12-09T14:27:30+00:00,LOCO_02,RAKE_COUPLING_COMPLETED,WS_02,,,,DAC,2,0.5
12387.5,2025-12-09T14:27:30+00:00,LOCO_02,LOCO_COUPLING_STARTED,WS_02,,,,DAC,2,0.5
12388.0,2025-12-09T14:28:00+00:00,LOCO_02,LOCO_COUPLING_COMPLETED,WS_02,,,,DAC,2,0.5
12388.0,2025-12-09T14:28:00+00:00,LOCO_02,SHUNTING_PREP,WS_02,,,,,2,1.0
12389.0,2025-12-09T14:29:00+00:00,LOCO_02,MOVING,retrofitted,WS_02,retrofitted,,,0,5.0
12394.0,2025-12-09T14:34:00+00:00,LOCO_02,MOVING,track_19,retrofitted,track_19,,,0,5.0
12399.0,2025-12-09T14:39:00+00:00,LOCO_02,MOVING,WS_01,track_19,WS_01,,,0,5.0
12404.0,2025-12-09T14:44:00+00:00,LOCO_02,RAKE_COUPLING_STARTED,WS_01,,,,DAC,2,0.5
12404.5,2025-12-09T14:44:30+00:00,LOCO_02,RAKE_COUPLING_COMPLETED,WS_01,,,,DAC,2,0.5
12404.5,2025-12-09T14:44:30+00:00,LOCO_02,LOCO_COUPLING_STARTED,WS_01,,,,DAC,2,0.5
12405.0,2025-12-09T14:45:00+00:00,LOCO_02,LOCO_COUPLING_COMPLETED,WS_01,,,,DAC,2,0.5
12405.0,2025-12-09T14:45:00+00:00,LOCO_02,SHUNTING_PREP,WS_01,,,,,2,1.0
12406.0,2025-12-09T14:46:00+00:00,LOCO_02,MOVING,retrofitted,WS_01,retrofitted,,,0,5.0
12411.0,2025-12-09T14:51:00+00:00,LOCO_02,MOVING,track_19,retrofitted,track_19,,,0,7.0
12418.0,2025-12-09T14:58:00+00:00,LOCO_02,MOVING,retrofit,track_19,retrofit,,,0,5.0
12423.0,2025-12-09T15:03:00+00:00,LOCO_02,COUPLING_STARTED,retrofit,,,,SCREW,0,2.0
12425.0,2025-12-09T15:05:00+00:00,LOCO_02,COUPLING_COMPLETED,retrofit,,,,SCREW,0,2.0
12425.0,2025-12-09T15:05:00+00:00,LOCO_02,SHUNTING_PREP,retrofit,,,,,0,1.0
12426.0,2025-12-09T15:06:00+00:00,LOCO_02,MOVING,WS_02,retrofit,WS_02,,,0,5.0
12431.0,2025-12-09T15:11:00+00:00,LOCO_02,DECOUPLING_STARTED,WS_02,,,,SCREW,0,3.0
12434.0,2025-12-09T15:14:00+00:00,LOCO_02,DECOUPLING_COMPLETED,WS_02,,,,SCREW,0,3.0
12437.0,2025-12-09T15:17:00+00:00,LOCO_02,MOVING,track_19,WS_02,track_19,,,0,7.0
12444.0,2025-12-09T15:24:00+00:00,LOCO_02,MOVING,retrofit,track_19,retrofit,,,0,5.0
12449.0,2025-12-09T15:29:00+00:00,LOCO_02,COUPLING_STARTED,retrofit,,,,SCREW,0,2.0
12451.0,2025-12-09T15:31:00+00:00,LOCO_02,COUPLING_COMPLETED,retrofit,,,,SCREW,0,2.0
12451.0,2025-12-09T15:31:00+00:00,LOCO_02,SHUNTING_PREP,retrofit,,,,,0,1.0
12452.0,2025-12-09T15:32:00+00:00,LOCO_02,MOVING,WS_01,retrofit,WS_01,,,0,5.0
12457.0,2025-12-09T15:37:00+00:00,LOCO_02,DECOUPLING_STARTED,WS_01,,,,SCREW,0,3.0
12460.0,2025-12-09T15:40:00+00:00,LOCO_02,DECOUPLING_COMPLETED,WS_01,,,,SCREW,0,3.0
12463.0,2025-12-09T15:43:00+00:00,LOCO_02,MOVING,track_19,WS_01,track_19,,,0,5.0
12468.0,2025-12-09T15:48:00+00:00,LOCO_02,MOVING,collection1,track_19,collection1,,,0,60.0
12528.0,2025-12-09T16:48:00+00:00,LOCO_02,ALLOCATED,,,,batch_transport,,0,0.0
12528.0,2025-12-09T16:48:00+00:00,LOCO_02,LOCO_COUPLING_STARTED,collection1,,,,SCREW,1,2.0
12530.0,2025-12-09T16:50:00+00:00,LOCO_02,LOCO_COUPLING_COMPLETED,collection1,,,,SCREW,1,2.0
12530.0,2025-12-09T16:50:00+00:00,LOCO_02,SHUNTING_PREP,collection1,,,,,1,1.0
12531.0,2025-12-09T16:51:00+00:00,LOCO_02,MOVING,retrofit,collection1,retrofit,,,0,60.0
12591.0,2025-12-09T17:51:00+00:00,LOCO_02,LOCO_DECOUPLING_STARTED,retrofit,,,,SCREW,1,3.0
12594.0,2025-12-09T17:54:00+00:00,LOCO_02,MOVING,track_19,retrofit,track_19,,,0,0.0
12594.0,2025-12-09T17:54:00+00:00,LOCO_02,LOCO_DECOUPLING_COMPLETED,retrofit,,,,SCREW,1,3.0
12599.0,2025-12-09T17:59:00+00:00,LOCO_02,PARKING,,,,,,0,2.0
12601.0,2025-12-09T18:01:00+00:00,LOCO_02,MOVING,retrofit,track_19,retrofit,,,0,5.0
12606.0,2025-12-09T18:06:00+00:00,LOCO_02,COUPLING_STARTED,retrofit,,,,SCREW,0,2.0
12608.0,2025-12-09T18:08:00+00:00,LOCO_02,COUPLING_COMPLETED,retrofit,,,,SCREW,0,2.0
12608.0,2025-12-09T18:08:00+00:00,LOCO_02,SHUNTING_PREP,retrofit,,,,,0,1.0
12609.0,2025-12-09T18:09:00+00:00,LOCO_02,MOVING,WS_02,retrofit,WS_02,,,0,5.0
12614.0,2025-12-09T18:14:00+00:00,LOCO_02,DECOUPLING_STARTED,WS_02,,,,SCREW,0,3.0
12617.0,2025-12-09T18:17:00+00:00,LOCO_02,DECOUPLING_COMPLETED,WS_02,,,,SCREW,0,3.0
12620.0,2025-12-09T18:20:00+00:00,LOCO_02,MOVING,track_19,WS_02,track_19,,,0,7.0
12627.0,2025-12-09T18:27:00+00:00,LOCO_02,MOVING,retrofit,track_19,retrofit,,,0,5.0
12632.0,2025-12-09T18:32:00+00:00,LOCO_02,COUPLING_STARTED,retrofit,,,,SCREW,0,2.0
12634.0,2025-12-09T18:34:00+00:00,LOCO_02,COUPLING_COMPLETED,retrofit,,,,SCREW,0,2.0
12634.0,2025-12-09T18:34:00+00:00,LOCO_02,SHUNTING_PREP,retrofit,,,,,0,1.0
12635.0,2025-12-09T18:35:00+00:00,LOCO_02,MOVING,WS_01,retrofit,WS_01,,,0,5.0
12640.0,2025-12-09T18:40:00+00:00,LOCO_02,DECOUPLING_STARTED,WS_01,,,,SCREW,0,3.0
12643.0,2025-12-09T18:43:00+00:00,LOCO_02,DECOUPLING_COMPLETED,WS_01,,,,SCREW,0,3.0
12646.0,2025-12-09T18:46:00+00:00,LOCO_02,MOVING,track_19,WS_01,track_19,,,0,5.0
12651.0,2025-12-09T18:51:00+00:00,LOCO_02,MOVING,collection2,track_19,collection2,,,0,60.0
12711.0,2025-12-09T19:51:00+00:00,LOCO_02,ALLOCATED,,,,batch_transport,,0,0.0
12711.0,2025-12-09T19:51:00+00:00,LOCO_02,RAKE_COUPLING_STARTED,collection2,,,,SCREW,3,4.0
12715.0,2025-12-09T19:55:00+00:00,LOCO_02,RAKE_COUPLING_COMPLETED,collection2,,,,SCREW,3,4.0
12715.0,2025-12-09T19:55:00+00:00,LOCO_02,LOCO_COUPLING_STARTED,collection2,,,,SCREW,3,2.0
12717.0,2025-12-09T19:57:00+00:00,LOCO_02,LOCO_COUPLING_COMPLETED,collection2,,,,SCREW,3,2.0
12717.0,2025-12-09T19:57:00+00:00,LOCO_02,SHUNTING_PREP,collection2,,,,,3,1.0
12718.0,2025-12-09T19:58:00+00:00,LOCO_02,MOVING,retrofit,collection2,retrofit,,,0,60.0
12778.0,2025-12-09T20:58:00+00:00,LOCO_02,LOCO_DECOUPLING_STARTED,retrofit,,,,SCREW,3,3.0
12781.0,2025-12-09T21:01:00+00:00,LOCO_02,LOCO_DECOUPLING_COMPLETED,retrofit,,,,SCREW,3,3.0
12781.0,2025-12-09T21:01:00+00:00,LOCO_02,RAKE_DECOUPLING_STARTED,retrofit,,,,SCREW,3,6.0
12787.0,2025-12-09T21:07:00+00:00,LOCO_02,RAKE_DECOUPLING_COMPLETED,retrofit,,,,SCREW,3,6.0
12793.0,2025-12-09T21:13:00+00:00,LOCO_02,MOVING,track_19,retrofit,track_19,,,0,5.0
12798.0,2025-12-09T21:18:00+00:00,LOCO_02,PARKING,,,,,,0,2.0
12800.0,2025-12-09T21:20:00+00:00,LOCO_02,MOVING,retrofit,track_19,retrofit,,,0,5.0
12805.0,2025-12-09T21:25:00+00:00,LOCO_02,COUPLING_STARTED,retrofit,,,,SCREW,0,2.0
12807.0,2025-12-09T21:27:00+00:00,LOCO_02,COUPLING_COMPLETED,retrofit,,,,SCREW,0,2.0
12807.0,2025-12-09T21:27:00+00:00,LOCO_02,SHUNTING_PREP,retrofit,,,,,0,1.0
12808.0,2025-12-09T21:28:00+00:00,LOCO_02,MOVING,WS_01,retrofit,WS_01,,,0,5.0
12813.0,2025-12-09T21:33:00+00:00,LOCO_02,DECOUPLING_STARTED,WS_01,,,,SCREW,0,3.0
12816.0,2025-12-09T21:36:00+00:00,LOCO_02,DECOUPLING_COMPLETED,WS_01,,,,SCREW,0,3.0
12819.0,2025-12-09T21:39:00+00:00,LOCO_02,MOVING,track_19,WS_01,track_19,,,0,5.0
12824.0,2025-12-09T21:44:00+00:00,LOCO_02,MOVING,collection1,track_19,collection1,,,0,60.0
12884.0,2025-12-09T22:44:00+00:00,LOCO_02,ALLOCATED,,,,batch_transport,,0,0.0
12884.0,2025-12-09T22:44:00+00:00,LOCO_02,RAKE_COUPLING_STARTED,collection1,,,,SCREW,3,4.0
12888.0,2025-12-09T22:48:00+00:00,LOCO_02,RAKE_COUPLING_COMPLETED,collection1,,,,SCREW,3,4.0
12888.0,2025-12-09T22:48:00+00:00,LOCO_02,LOCO_COUPLING_STARTED,collection1,,,,SCREW,3,2.0
12890.0,2025-12-09T22:50:00+00:00,LOCO_02,LOCO_COUPLING_COMPLETED,collection1,,,,SCREW,3,2.0
12890.0,2025-12-09T22:50:00+00:00,LOCO_02,SHUNTING_PREP,collection1,,,,,3,1.0
12891.0,2025-12-09T22:51:00+00:00,LOCO_02,MOVING,retrofit,collection1,retrofit,,,0,60.0
12951.0,2025-12-09T23:51:00+00:00,LOCO_02,LOCO_DECOUPLING_STARTED,retrofit,,,,SCREW,3,3.0
12954.0,2025-12-09T23:54:00+00:00,LOCO_02,LOCO_DECOUPLING_COMPLETED,retrofit,,,,SCREW,3,3.0
12954.0,2025-12-09T23:54:00+00:00,LOCO_02,RAKE_DECOUPLING_STARTED,retrofit,,,,SCREW,3,6.0
12960.0,2025-12-10T00:00:00+00:00,LOCO_02,RAKE_DECOUPLING_COMPLETED,retrofit,,,,SCREW,3,6.0
12966.0,2025-12-10T00:06:00+00:00,LOCO_02,MOVING,track_19,retrofit,track_19,,,0,5.0
12971.0,2025-12-10T00:11:00+00:00,LOCO_02,PARKING,,,,,,0,2.0
12973.0,2025-12-10T00:13:00+00:00,LOCO_02,MOVING,retrofit,track_19,retrofit,,,0,5.0
12978.0,2025-12-10T00:18:00+00:00,LOCO_02,COUPLING_STARTED,retrofit,,,,SCREW,0,2.0
12980.0,2025-12-10T00:20:00+00:00,LOCO_02,COUPLING_COMPLETED,retrofit,,,,SCREW,0,2.0
12980.0,2025-12-10T00:20:00+00:00,LOCO_02,SHUNTING_PREP,retrofit,,,,,0,1.0
12981.0,2025-12-10T00:21:00+00:00,LOCO_02,MOVING,WS_02,retrofit,WS_02,,,0,5.0
12986.0,2025-12-10T00:26:00+00:00,LOCO_02,DECOUPLING_STARTED,WS_02,,,,SCREW,0,3.0
12989.0,2025-12-10T00:29:00+00:00,LOCO_02,DECOUPLING_COMPLETED,WS_02,,,,SCREW,0,3.0
12992.0,2025-12-10T00:32:00+00:00,LOCO_02,MOVING,track_19,WS_02,track_19,,,0,7.0
12999.0,2025-12-10T00:39:00+00:00,LOCO_02,MOVING,retrofit,track_19,retrofit,,,0,5.0
13004.0,2025-12-10T00:44:00+00:00,LOCO_02,COUPLING_STARTED,retrofit,,,,SCREW,0,2.0
13006.0,2025-12-10T00:46:00+00:00,LOCO_02,COUPLING_COMPLETED,retrofit,,,,SCREW,0,2.0
13006.0,2025-12-10T00:46:00+00:00,LOCO_02,SHUNTING_PREP,retrofit,,,,,0,1.0
13007.0,2025-12-10T00:47:00+00:00,LOCO_02,MOVING,WS_01,retrofit,WS_01,,,0,5.0
13012.0,2025-12-10T00:52:00+00:00,LOCO_02,DECOUPLING_STARTED,WS_01,,,,SCREW,0,3.0
13015.0,2025-12-10T00:55:00+00:00,LOCO_02,DECOUPLING_COMPLETED,WS_01,,,,SCREW,0,3.0
13018.0,2025-12-10T00:58:00+00:00,LOCO_02,MOVING,track_19,WS_01,track_19,,,0,5.0
13023.0,2025-12-10T01:03:00+00:00,LOCO_02,ALLOCATED,,,,batch_transport,,0,0.0
13023.0,2025-12-10T01:03:00+00:00,LOCO_02,MOVING,retrofitted,track_19,retrofitted,,,0,5.0
13028.0,2025-12-10T01:08:00+00:00,LOCO_02,RAKE_COUPLING_STARTED,retrofitted,,,,DAC,4,1.5
13029.5,2025-12-10T01:09:30+00:00,LOCO_02,RAKE_COUPLING_COMPLETED,retrofitted,,,,DAC,4,1.5
13029.5,2025-12-10T01:09:30+00:00,LOCO_02,LOCO_COUPLING_STARTED,retrofitted,,,,DAC,4,0.5
13030.0,2025-12-10T01:10:00+00:00,LOCO_02,LOCO_COUPLING_COMPLETED,retrofitted,,,,DAC,4,0.5
13030.0,2025-12-10T01:10:00+00:00,LOCO_02,SHUNTING_PREP,retrofitted,,,,,4,1.0
13031.0,2025-12-10T01:11:00+00:00,LOCO_02,MOVING,parking6,retrofitted,parking6,,,0,5.0
13036.0,2025-12-10T01:16:00+00:00,LOCO_02,LOCO_DECOUPLING_STARTED,parking6,,,,DAC,4,0.5
13036.5,2025-12-10T01:16:30+00:00,LOCO_02,LOCO_DECOUPLING_COMPLETED,parking6,,,,DAC,4,0.5
13036.5,2025-12-10T01:16:30+00:00,LOCO_02,RAKE_DECOUPLING_STARTED,parking6,,,,DAC,4,1.5
13038.0,2025-12-10T01:18:00+00:00,LOCO_02,RAKE_DECOUPLING_COMPLETED,parking6,,,,DAC,4,1.5
13039.5,2025-12-10T01:19:30+00:00,LOCO_02,MOVING,track_19,parking6,track_19,,,0,5.0
13044.5,2025-12-10T01:24:30+00:00,LOCO_02,MOVING,collection1,track_19,collection1,,,0,60.0
13104.5,2025-12-10T02:24:30+00:00,LOCO_02,ALLOCATED,,,,batch_transport,,0,0.0
13104.5,2025-12-10T02:24:30+00:00,LOCO_02,RAKE_COUPLING_STARTED,collection1,,,,SCREW,2,2.0
13106.5,2025-12-10T02:26:30+00:00,LOCO_02,RAKE_COUPLING_COMPLETED,collection1,,,,SCREW,2,2.0
13106.5,2025-12-10T02:26:30+00:00,LOCO_02,LOCO_COUPLING_STARTED,collection1,,,,SCREW,2,2.0
13108.5,2025-12-10T02:28:30+00:00,LOCO_02,LOCO_COUPLING_COMPLETED,collection1,,,,SCREW,2,2.0
13108.5,2025-12-10T02:28:30+00:00,LOCO_02,SHUNTING_PREP,collection1,,,,,2,1.0
13109.5,2025-12-10T02:29:30+00:00,LOCO_02,MOVING,retrofit,collection1,retrofit,,,0,60.0
13169.5,2025-12-10T03:29:30+00:00,LOCO_02,LOCO_DECOUPLING_STARTED,retrofit,,,,SCREW,2,3.0
13172.5,2025-12-10T03:32:30+00:00,LOCO_02,LOCO_DECOUPLING_COMPLETED,retrofit,,,,SCREW,2,3.0
13172.5,2025-12-10T03:32:30+00:00,LOCO_02,RAKE_DECOUPLING_STARTED,retrofit,,,,SCREW,2,3.0
13175.5,2025-12-10T03:35:30+00:00,LOCO_02,RAKE_DECOUPLING_COMPLETED,retrofit,,,,SCREW,2,3.0
13178.5,2025-12-10T03:38:30+00:00,LOCO_02,MOVING,track_19,retrofit,track_19,,,0,5.0
13183.5,2025-12-10T03:43:30+00:00,LOCO_02,PARKING,,,,,,0,0.0
13183.5,2025-12-10T03:43:30+00:00,LOCO_02,MOVING,WS_01,track_19,WS_01,,,0,5.0
13188.5,2025-12-10T03:48:30+00:00,LOCO_02,RAKE_COUPLING_STARTED,WS_01,,,,DAC,2,0.5
13189.0,2025-12-10T03:49:00+00:00,LOCO_02,RAKE_COUPLING_COMPLETED,WS_01,,,,DAC,2,0.5
13189.0,2025-12-10T03:49:00+00:00,LOCO_02,LOCO_COUPLING_STARTED,WS_01,,,,DAC,2,0.5
13189.5,2025-12-10T03:49:30+00:00,LOCO_02,LOCO_COUPLING_COMPLETED,WS_01,,,,DAC,2,0.5
13189.5,2025-12-10T03:49:30+00:00,LOCO_02,SHUNTING_PREP,WS_01,,,,,2,1.0
13190.5,2025-12-10T03:50:30+00:00,LOCO_02,MOVING,retrofitted,WS_01,retrofitted,,,0,5.0
13195.5,2025-12-10T03:55:30+00:00,LOCO_02,MOVING,track_19,retrofitted,track_19,,,0,7.0
13202.5,2025-12-10T04:02:30+00:00,LOCO_02,MOVING,retrofit,track_19,retrofit,,,0,5.0
13207.5,2025-12-10T04:07:30+00:00,LOCO_02,COUPLING_STARTED,retrofit,,,,SCREW,0,2.0
13209.5,2025-12-10T04:09:30+00:00,LOCO_02,COUPLING_COMPLETED,retrofit,,,,SCREW,0,2.0
13209.5,2025-12-10T04:09:30+00:00,LOCO_02,SHUNTING_PREP,retrofit,,,,,0,1.0
13210.5,2025-12-10T04:10:30+00:00,LOCO_02,MOVING,WS_02,retrofit,WS_02,,,0,5.0
13215.5,2025-12-10T04:15:30+00:00,LOCO_02,DECOUPLING_STARTED,WS_02,,,,SCREW,0,3.0
13218.5,2025-12-10T04:18:30+00:00,LOCO_02,DECOUPLING_COMPLETED,WS_02,,,,SCREW,0,3.0
13221.5,2025-12-10T04:21:30+00:00,LOCO_02,MOVING,track_19,WS_02,track_19,,,0,7.0
13228.5,2025-12-10T04:28:30+00:00,LOCO_02,MOVING,retrofit,track_19,retrofit,,,0,5.0
13233.5,2025-12-10T04:33:30+00:00,LOCO_02,COUPLING_STARTED,retrofit,,,,SCREW,0,2.0
13235.5,2025-12-10T04:35:30+00:00,LOCO_02,COUPLING_COMPLETED,retrofit,,,,SCREW,0,2.0
13235.5,2025-12-10T04:35:30+00:00,LOCO_02,SHUNTING_PREP,retrofit,,,,,0,1.0
13236.5,2025-12-10T04:36:30+00:00,LOCO_02,MOVING,WS_01,retrofit,WS_01,,,0,5.0
13241.5,2025-12-10T04:41:30+00:00,LOCO_02,DECOUPLING_STARTED,WS_01,,,,SCREW,0,3.0
13244.5,2025-12-10T04:44:30+00:00,LOCO_02,DECOUPLING_COMPLETED,WS_01,,,,SCREW,0,3.0
13247.5,2025-12-10T04:47:30+00:00,LOCO_02,MOVING,track_19,WS_01,track_19,,,0,5.0
13252.5,2025-12-10T04:52:30+00:00,LOCO_02,ALLOCATED,,,,batch_transport,,0,0.0
13252.5,2025-12-10T04:52:30+00:00,LOCO_02,MOVING,retrofitted,track_19,retrofitted,,,0,5.0
13257.5,2025-12-10T04:57:30+00:00,LOCO_02,RAKE_COUPLING_STARTED,retrofitted,,,,DAC,2,0.5
13258.0,2025-12-10T04:58:00+00:00,LOCO_02,RAKE_COUPLING_COMPLETED,retrofitted,,,,DAC,2,0.5
13258.0,2025-12-10T04:58:00+00:00,LOCO_02,LOCO_COUPLING_STARTED,retrofitted,,,,DAC,2,0.5
13258.5,2025-12-10T04:58:30+00:00,LOCO_02,LOCO_COUPLING_COMPLETED,retrofitted,,,,DAC,2,0.5
13258.5,2025-12-10T04:58:30+00:00,LOCO_02,SHUNTING_PREP,retrofitted,,,,,2,1.0
13259.5,2025-12-10T04:59:30+00:00,LOCO_02,MOVING,parking3,retrofitted,parking3,,,0,5.0
13264.5,2025-12-10T05:04:30+00:00,LOCO_02,LOCO_DECOUPLING_STARTED,parking3,,,,DAC,2,0.5
13265.0,2025-12-10T05:05:00+00:00,LOCO_02,LOCO_DECOUPLING_COMPLETED,parking3,,,,DAC,2,0.5
13265.0,2025-12-10T05:05:00+00:00,LOCO_02,RAKE_DECOUPLING_STARTED,parking3,,,,DAC,2,0.5
13265.5,2025-12-10T05:05:30+00:00,LOCO_02,RAKE_DECOUPLING_COMPLETED,parking3,,,,DAC,2,0.5
13266.0,2025-12-10T05:06:00+00:00,LOCO_02,MOVING,track_19,parking3,track_19,,,0,5.0
13271.0,2025-12-10T05:11:00+00:00,LOCO_02,MOVING,collection1,track_19,collection1,,,0,60.0
13331.0,2025-12-10T06:11:00+00:00,LOCO_02,ALLOCATED,,,,batch_transport,,0,0.0
13331.0,2025-12-10T06:11:00+00:00,LOCO_02,LOCO_COUPLING_STARTED,collection1,,,,SCREW,1,2.0
13333.0,2025-12-10T06:13:00+00:00,LOCO_02,LOCO_COUPLING_COMPLETED,collection1,,,,SCREW,1,2.0
13333.0,2025-12-10T06:13:00+00:00,LOCO_02,SHUNTING_PREP,collection1,,,,,1,1.0
13334.0,2025-12-10T06:14:00+00:00,LOCO_02,MOVING,retrofit,collection1,retrofit,,,0,60.0
13394.0,2025-12-10T07:14:00+00:00,LOCO_02,LOCO_DECOUPLING_STARTED,retrofit,,,,SCREW,1,3.0
13397.0,2025-12-10T07:17:00+00:00,LOCO_02,MOVING,track_19,retrofit,track_19,,,0,0.0
13397.0,2025-12-10T07:17:00+00:00,LOCO_02,LOCO_DECOUPLING_COMPLETED,retrofit,,,,SCREW,1,3.0
13402.0,2025-12-10T07:22:00+00:00,LOCO_02,PARKING,,,,,,0,0.0
13402.0,2025-12-10T07:22:00+00:00,LOCO_02,ALLOCATED,,,,batch_transport,,0,0.0
13402.0,2025-12-10T07:22:00+00:00,LOCO_02,MOVING,retrofitted,track_19,retrofitted,,,0,5.0
13407.0,2025-12-10T07:27:00+00:00,LOCO_02,RAKE_COUPLING_STARTED,retrofitted,,,,DAC,2,0.5
13407.5,2025-12-10T07:27:30+00:00,LOCO_02,RAKE_COUPLING_COMPLETED,retrofitted,,,,DAC,2,0.5
13407.5,2025-12-10T07:27:30+00:00,LOCO_02,LOCO_COUPLING_STARTED,retrofitted,,,,DAC,2,0.5
13408.0,2025-12-10T07:28:00+00:00,LOCO_02,LOCO_COUPLING_COMPLETED,retrofitted,,,,DAC,2,0.5
13408.0,2025-12-10T07:28:00+00:00,LOCO_02,SHUNTING_PREP,retrofitted,,,,,2,1.0
13409.0,2025-12-10T07:29:00+00:00,LOCO_02,MOVING,parking13,retrofitted,parking13,,,0,75.0
13484.0,2025-12-10T08:44:00+00:00,LOCO_02,LOCO_DECOUPLING_STARTED,parking13,,,,DAC,2,0.5
13484.5,2025-12-10T08:44:30+00:00,LOCO_02,LOCO_DECOUPLING_COMPLETED,parking13,,,,DAC,2,0.5
13484.5,2025-12-10T08:44:30+00:00,LOCO_02,RAKE_DECOUPLING_STARTED,parking13,,,,DAC,2,0.5
13485.0,2025-12-10T08:45:00+00:00,LOCO_02,RAKE_DECOUPLING_COMPLETED,parking13,,,,DAC,2,0.5
13485.5,2025-12-10T08:45:30+00:00,LOCO_02,MOVING,track_19,parking13,track_19,,,0,60.0
13545.5,2025-12-10T09:45:30+00:00,LOCO_02,MOVING,WS_02,track_19,WS_02,,,0,5.0
13550.5,2025-12-10T09:50:30+00:00,LOCO_02,RAKE_COUPLING_STARTED,WS_02,,,,DAC,2,0.5
13551.0,2025-12-10T09:51:00+00:00,LOCO_02,RAKE_COUPLING_COMPLETED,WS_02,,,,DAC,2,0.5
13551.0,2025-12-10T09:51:00+00:00,LOCO_02,LOCO_COUPLING_STARTED,WS_02,,,,DAC,2,0.5
13551.5,2025-12-10T09:51:30+00:00,LOCO_02,LOCO_COUPLING_COMPLETED,WS_02,,,,DAC,2,0.5
13551.5,2025-12-10T09:51:30+00:00,LOCO_02,SHUNTING_PREP,WS_02,,,,,2,1.0
13552.5,2025-12-10T09:52:30+00:00,LOCO_02,MOVING,retrofitted,WS_02,retrofitted,,,0,5.0
13557.5,2025-12-10T09:57:30+00:00,LOCO_02,MOVING,track_19,retrofitted,track_19,,,0,5.0
13562.5,2025-12-10T10:02:30+00:00,LOCO_02,ALLOCATED,,,,batch_transport,,0,0.0
13562.5,2025-12-10T10:02:30+00:00,LOCO_02,MOVING,retrofitted,track_19,retrofitted,,,0,5.0
13567.5,2025-12-10T10:07:30+00:00,LOCO_02,RAKE_COUPLING_STARTED,retrofitted,,,,DAC,4,1.5
13569.0,2025-12-10T10:09:00+00:00,LOCO_02,RAKE_COUPLING_COMPLETED,retrofitted,,,,DAC,4,1.5
13569.0,2025-12-10T10:09:00+00:00,LOCO_02,LOCO_COUPLING_STARTED,retrofitted,,,,DAC,4,0.5
13569.5,2025-12-10T10:09:30+00:00,LOCO_02,LOCO_COUPLING_COMPLETED,retrofitted,,,,DAC,4,0.5
13569.5,2025-12-10T10:09:30+00:00,LOCO_02,SHUNTING_PREP,retrofitted,,,,,4,1.0
13570.5,2025-12-10T10:10:30+00:00,LOCO_02,MOVING,parking15,retrofitted,parking15,,,0,75.0
13645.5,2025-12-10T11:25:30+00:00,LOCO_02,LOCO_DECOUPLING_STARTED,parking15,,,,DAC,4,0.5
13646.0,2025-12-10T11:26:00+00:00,LOCO_02,LOCO_DECOUPLING_COMPLETED,parking15,,,,DAC,4,0.5
13646.0,2025-12-10T11:26:00+00:00,LOCO_02,RAKE_DECOUPLING_STARTED,parking15,,,,DAC,4,1.5
13647.5,2025-12-10T11:27:30+00:00,LOCO_02,RAKE_DECOUPLING_COMPLETED,parking15,,,,DAC,4,1.5
13649.0,2025-12-10T11:29:00+00:00,LOCO_02,MOVING,track_19,parking15,track_19,,,0,60.0
13709.0,2025-12-10T12:29:00+00:00,LOCO_02,MOVING,WS_02,track_19,WS_02,,,0,5.0
13714.0,2025-12-10T12:34:00+00:00,LOCO_02,RAKE_COUPLING_STARTED,WS_02,,,,DAC,2,0.5
13714.5,2025-12-10T12:34:30+00:00,LOCO_02,RAKE_COUPLING_COMPLETED,WS_02,,,,DAC,2,0.5
13714.5,2025-12-10T12:34:30+00:00,LOCO_02,LOCO_COUPLING_STARTED,WS_02,,,,DAC,2,0.5
13715.0,2025-12-10T12:35:00+00:00,LOCO_02,LOCO_COUPLING_COMPLETED,WS_02,,,,DAC,2,0.5
13715.0,2025-12-10T12:35:00+00:00,LOCO_02,SHUNTING_PREP,WS_02,,,,,2,1.0
13716.0,2025-12-10T12:36:00+00:00,LOCO_02,MOVING,retrofitted,WS_02,retrofitted,,,0,5.0
13721.0,2025-12-10T12:41:00+00:00,LOCO_02,MOVING,track_19,retrofitted,track_19,,,0,5.0
13726.0,2025-12-10T12:46:00+00:00,LOCO_02,MOVING,WS_01,track_19,WS_01,,,0,5.0
13731.0,2025-12-10T12:51:00+00:00,LOCO_02,RAKE_COUPLING_STARTED,WS_01,,,,DAC,2,0.5
13731.5,2025-12-10T12:51:30+00:00,LOCO_02,RAKE_COUPLING_COMPLETED,WS_01,,,,DAC,2,0.5
13731.5,2025-12-10T12:51:30+00:00,LOCO_02,LOCO_COUPLING_STARTED,WS_01,,,,DAC,2,0.5
13732.0,2025-12-10T12:52:00+00:00,LOCO_02,LOCO_COUPLING_COMPLETED,WS_01,,,,DAC,2,0.5
13732.0,2025-12-10T12:52:00+00:00,LOCO_02,SHUNTING_PREP,WS_01,,,,,2,1.0
13733.0,2025-12-10T12:53:00+00:00,LOCO_02,MOVING,retrofitted,WS_01,retrofitted,,,0,5.0
13738.0,2025-12-10T12:58:00+00:00,LOCO_02,MOVING,track_19,retrofitted,track_19,,,0,7.0
13745.0,2025-12-10T13:05:00+00:00,LOCO_02,MOVING,retrofit,track_19,retrofit,,,0,5.0
13750.0,2025-12-10T13:10:00+00:00,LOCO_02,COUPLING_STARTED,retrofit,,,,SCREW,0,2.0
13752.0,2025-12-10T13:12:00+00:00,LOCO_02,COUPLING_COMPLETED,retrofit,,,,SCREW,0,2.0
13752.0,2025-12-10T13:12:00+00:00,LOCO_02,SHUNTING_PREP,retrofit,,,,,0,1.0
13753.0,2025-12-10T13:13:00+00:00,LOCO_02,MOVING,WS_02,retrofit,WS_02,,,0,5.0
13758.0,2025-12-10T13:18:00+00:00,LOCO_02,DECOUPLING_STARTED,WS_02,,,,SCREW,0,3.0
13761.0,2025-12-10T13:21:00+00:00,LOCO_02,DECOUPLING_COMPLETED,WS_02,,,,SCREW,0,3.0
13764.0,2025-12-10T13:24:00+00:00,LOCO_02,MOVING,track_19,WS_02,track_19,,,0,7.0
13771.0,2025-12-10T13:31:00+00:00,LOCO_02,MOVING,retrofit,track_19,retrofit,,,0,5.0
13776.0,2025-12-10T13:36:00+00:00,LOCO_02,COUPLING_STARTED,retrofit,,,,SCREW,0,2.0
13778.0,2025-12-10T13:38:00+00:00,LOCO_02,COUPLING_COMPLETED,retrofit,,,,SCREW,0,2.0
13778.0,2025-12-10T13:38:00+00:00,LOCO_02,SHUNTING_PREP,retrofit,,,,,0,1.0
13779.0,2025-12-10T13:39:00+00:00,LOCO_02,MOVING,WS_01,retrofit,WS_01,,,0,5.0
13784.0,2025-12-10T13:44:00+00:00,LOCO_02,DECOUPLING_STARTED,WS_01,,,,SCREW,0,3.0
13787.0,2025-12-10T13:47:00+00:00,LOCO_02,DECOUPLING_COMPLETED,WS_01,,,,SCREW,0,3.0
13790.0,2025-12-10T13:50:00+00:00,LOCO_02,MOVING,track_19,WS_01,track_19,,,0,5.0
13795.0,2025-12-10T13:55:00+00:00,LOCO_02,MOVING,collection2,track_19,collection2,,,0,60.0
13855.0,2025-12-10T14:55:00+00:00,LOCO_02,ALLOCATED,,,,batch_transport,,0,0.0
13855.0,2025-12-10T14:55:00+00:00,LOCO_02,LOCO_COUPLING_STARTED,collection2,,,,SCREW,1,2.0
13857.0,2025-12-10T14:57:00+00:00,LOCO_02,LOCO_COUPLING_COMPLETED,collection2,,,,SCREW,1,2.0
13857.0,2025-12-10T14:57:00+00:00,LOCO_02,SHUNTING_PREP,collection2,,,,,1,1.0
13858.0,2025-12-10T14:58:00+00:00,LOCO_02,MOVING,retrofit,collection2,retrofit,,,0,60.0
13918.0,2025-12-10T15:58:00+00:00,LOCO_02,LOCO_DECOUPLING_STARTED,retrofit,,,,SCREW,1,3.0
13921.0,2025-12-10T16:01:00+00:00,LOCO_02,MOVING,track_19,retrofit,track_19,,,0,0.0
13921.0,2025-12-10T16:01:00+00:00,LOCO_02,LOCO_DECOUPLING_COMPLETED,retrofit,,,,SCREW,1,3.0
13926.0,2025-12-10T16:06:00+00:00,LOCO_02,PARKING,,,,,,0,0.0
13926.0,2025-12-10T16:06:00+00:00,LOCO_02,MOVING,WS_02,track_19,WS_02,,,0,5.0
13931.0,2025-12-10T16:11:00+00:00,LOCO_02,RAKE_COUPLING_STARTED,WS_02,,,,DAC,2,0.5
13931.5,2025-12-10T16:11:30+00:00,LOCO_02,RAKE_COUPLING_COMPLETED,WS_02,,,,DAC,2,0.5
13931.5,2025-12-10T16:11:30+00:00,LOCO_02,LOCO_COUPLING_STARTED,WS_02,,,,DAC,2,0.5
13932.0,2025-12-10T16:12:00+00:00,LOCO_02,LOCO_COUPLING_COMPLETED,WS_02,,,,DAC,2,0.5
13932.0,2025-12-10T16:12:00+00:00,LOCO_02,SHUNTING_PREP,WS_02,,,,,2,1.0
13933.0,2025-12-10T16:13:00+00:00,LOCO_02,MOVING,retrofitted,WS_02,retrofitted,,,0,5.0
13938.0,2025-12-10T16:18:00+00:00,LOCO_02,MOVING,track_19,retrofitted,track_19,,,0,5.0
13943.0,2025-12-10T16:23:00+00:00,LOCO_02,MOVING,WS_01,track_19,WS_01,,,0,5.0
13948.0,2025-12-10T16:28:00+00:00,LOCO_02,RAKE_COUPLING_STARTED,WS_01,,,,DAC,2,0.5
13948.5,2025-12-10T16:28:30+00:00,LOCO_02,RAKE_COUPLING_COMPLETED,WS_01,,,,DAC,2,0.5
13948.5,2025-12-10T16:28:30+00:00,LOCO_02,LOCO_COUPLING_STARTED,WS_01,,,,DAC,2,0.5
13949.0,2025-12-10T16:29:00+00:00,LOCO_02,LOCO_COUPLING_COMPLETED,WS_01,,,,DAC,2,0.5
13949.0,2025-12-10T16:29:00+00:00,LOCO_02,SHUNTING_PREP,WS_01,,,,,2,1.0
13950.0,2025-12-10T16:30:00+00:00,LOCO_02,MOVING,retrofitted,WS_01,retrofitted,,,0,5.0
13955.0,2025-12-10T16:35:00+00:00,LOCO_02,MOVING,track_19,retrofitted,track_19,,,0,7.0
13962.0,2025-12-10T16:42:00+00:00,LOCO_02,MOVING,retrofit,track_19,retrofit,,,0,5.0
13967.0,2025-12-10T16:47:00+00:00,LOCO_02,COUPLING_STARTED,retrofit,,,,SCREW,0,2.0
13969.0,2025-12-10T16:49:00+00:00,LOCO_02,COUPLING_COMPLETED,retrofit,,,,SCREW,0,2.0
13969.0,2025-12-10T16:49:00+00:00,LOCO_02,SHUNTING_PREP,retrofit,,,,,0,1.0
13970.0,2025-12-10T16:50:00+00:00,LOCO_02,MOVING,WS_02,retrofit,WS_02,,,0,5.0
13975.0,2025-12-10T16:55:00+00:00,LOCO_02,DECOUPLING_STARTED,WS_02,,,,SCREW,0,3.0
13978.0,2025-12-10T16:58:00+00:00,LOCO_02,DECOUPLING_COMPLETED,WS_02,,,,SCREW,0,3.0
13981.0,2025-12-10T17:01:00+00:00,LOCO_02,MOVING,track_19,WS_02,track_19,,,0,5.0
13986.0,2025-12-10T17:06:00+00:00,LOCO_02,ALLOCATED,,,,batch_transport,,0,0.0
13986.0,2025-12-10T17:06:00+00:00,LOCO_02,MOVING,retrofitted,track_19,retrofitted,,,0,5.0
13991.0,2025-12-10T17:11:00+00:00,LOCO_02,RAKE_COUPLING_STARTED,retrofitted,,,,DAC,8,3.5
13994.5,2025-12-10T17:14:30+00:00,LOCO_02,RAKE_COUPLING_COMPLETED,retrofitted,,,,DAC,8,3.5
13994.5,2025-12-10T17:14:30+00:00,LOCO_02,LOCO_COUPLING_STARTED,retrofitted,,,,DAC,8,0.5
13995.0,2025-12-10T17:15:00+00:00,LOCO_02,LOCO_COUPLING_COMPLETED,retrofitted,,,,DAC,8,0.5
13995.0,2025-12-10T17:15:00+00:00,LOCO_02,SHUNTING_PREP,retrofitted,,,,,8,1.0
13996.0,2025-12-10T17:16:00+00:00,LOCO_02,MOVING,parking3,retrofitted,parking3,,,0,5.0
14001.0,2025-12-10T17:21:00+00:00,LOCO_02,LOCO_DECOUPLING_STARTED,parking3,,,,DAC,8,0.5
14001.5,2025-12-10T17:21:30+00:00,LOCO_02,LOCO_DECOUPLING_COMPLETED,parking3,,,,DAC,8,0.5
14001.5,2025-12-10T17:21:30+00:00,LOCO_02,RAKE_DECOUPLING_STARTED,parking3,,,,DAC,8,3.5
14005.0,2025-12-10T17:25:00+00:00,LOCO_02,RAKE_DECOUPLING_COMPLETED,parking3,,,,DAC,8,3.5
14008.5,2025-12-10T17:28:30+00:00,LOCO_02,MOVING,track_19,parking3,track_19,,,0,5.0
14013.5,2025-12-10T17:33:30+00:00,LOCO_02,MOVING,collection2,track_19,collection2,,,0,60.0
14073.5,2025-12-10T18:33:30+00:00,LOCO_02,ALLOCATED,,,,batch_transport,,0,0.0
14073.5,2025-12-10T18:33:30+00:00,LOCO_02,LOCO_COUPLING_STARTED,collection2,,,,SCREW,1,2.0
14075.5,2025-12-10T18:35:30+00:00,LOCO_02,LOCO_COUPLING_COMPLETED,collection2,,,,SCREW,1,2.0
14075.5,2025-12-10T18:35:30+00:00,LOCO_02,SHUNTING_PREP,collection2,,,,,1,1.0
14076.5,2025-12-10T18:36:30+00:00,LOCO_02,MOVING,retrofit,collection2,retrofit,,,0,60.0
14136.5,2025-12-10T19:36:30+00:00,LOCO_02,LOCO_DECOUPLING_STARTED,retrofit,,,,SCREW,1,3.0
14139.5,2025-12-10T19:39:30+00:00,LOCO_02,MOVING,track_19,retrofit,track_19,,,0,0.0
14139.5,2025-12-10T19:39:30+00:00,LOCO_02,LOCO_DECOUPLING_COMPLETED,retrofit,,,,SCREW,1,3.0
14144.5,2025-12-10T19:44:30+00:00,LOCO_02,PARKING,,,,,,0,0.0
14144.5,2025-12-10T19:44:30+00:00,LOCO_02,MOVING,WS_02,track_19,WS_02,,,0,5.0
14149.5,2025-12-10T19:49:30+00:00,LOCO_02,RAKE_COUPLING_STARTED,WS_02,,,,DAC,2,0.5
14150.0,2025-12-10T19:50:00+00:00,LOCO_02,RAKE_COUPLING_COMPLETED,WS_02,,,,DAC,2,0.5
14150.0,2025-12-10T19:50:00+00:00,LOCO_02,LOCO_COUPLING_STARTED,WS_02,,,,DAC,2,0.5
14150.5,2025-12-10T19:50:30+00:00,LOCO_02,LOCO_COUPLING_COMPLETED,WS_02,,,,DAC,2,0.5
14150.5,2025-12-10T19:50:30+00:00,LOCO_02,SHUNTING_PREP,WS_02,,,,,2,1.0
14151.5,2025-12-10T19:51:30+00:00,LOCO_02,MOVING,retrofitted,WS_02,retrofitted,,,0,5.0
14156.5,2025-12-10T19:56:30+00:00,LOCO_02,MOVING,track_19,retrofitted,track_19,,,0,5.0
14161.5,2025-12-10T20:01:30+00:00,LOCO_02,MOVING,WS_01,track_19,WS_01,,,0,5.0
14166.5,2025-12-10T20:06:30+00:00,LOCO_02,RAKE_COUPLING_STARTED,WS_01,,,,DAC,2,0.5
14167.0,2025-12-10T20:07:00+00:00,LOCO_02,RAKE_COUPLING_COMPLETED,WS_01,,,,DAC,2,0.5
14167.0,2025-12-10T20:07:00+00:00,LOCO_02,LOCO_COUPLING_STARTED,WS_01,,,,DAC,2,0.5
14167.5,2025-12-10T20:07:30+00:00,LOCO_02,LOCO_COUPLING_COMPLETED,WS_01,,,,DAC,2,0.5
14167.5,2025-12-10T20:07:30+00:00,LOCO_02,SHUNTING_PREP,WS_01,,,,,2,1.0
14168.5,2025-12-10T20:08:30+00:00,LOCO_02,MOVING,retrofitted,WS_01,retrofitted,,,0,5.0
14173.5,2025-12-10T20:13:30+00:00,LOCO_02,MOVING,track_19,retrofitted,track_19,,,0,5.0
14178.5,2025-12-10T20:18:30+00:00,LOCO_02,ALLOCATED,,,,batch_transport,,0,0.0
14178.5,2025-12-10T20:18:30+00:00,LOCO_02,MOVING,retrofitted,track_19,retrofitted,,,0,5.0
14183.5,2025-12-10T20:23:30+00:00,LOCO_02,RAKE_COUPLING_STARTED,retrofitted,,,,DAC,2,0.5
14184.0,2025-12-10T20:24:00+00:00,LOCO_02,RAKE_COUPLING_COMPLETED,retrofitted,,,,DAC,2,0.5
14184.0,2025-12-10T20:24:00+00:00,LOCO_02,LOCO_COUPLING_STARTED,retrofitted,,,,DAC,2,0.5
14184.5,2025-12-10T20:24:30+00:00,LOCO_02,LOCO_COUPLING_COMPLETED,retrofitted,,,,DAC,2,0.5
14184.5,2025-12-10T20:24:30+00:00,LOCO_02,SHUNTING_PREP,retrofitted,,,,,2,1.0
14185.5,2025-12-10T20:25:30+00:00,LOCO_02,MOVING,parking5,retrofitted,parking5,,,0,5.0
14190.5,2025-12-10T20:30:30+00:00,LOCO_02,LOCO_DECOUPLING_STARTED,parking5,,,,DAC,2,0.5
14191.0,2025-12-10T20:31:00+00:00,LOCO_02,LOCO_DECOUPLING_COMPLETED,parking5,,,,DAC,2,0.5
14191.0,2025-12-10T20:31:00+00:00,LOCO_02,RAKE_DECOUPLING_STARTED,parking5,,,,DAC,2,0.5
14191.5,2025-12-10T20:31:30+00:00,LOCO_02,RAKE_DECOUPLING_COMPLETED,parking5,,,,DAC,2,0.5
14192.0,2025-12-10T20:32:00+00:00,LOCO_02,MOVING,track_19,parking5,track_19,,,0,7.0
14199.0,2025-12-10T20:39:00+00:00,LOCO_02,MOVING,retrofit,track_19,retrofit,,,0,5.0
14204.0,2025-12-10T20:44:00+00:00,LOCO_02,COUPLING_STARTED,retrofit,,,,SCREW,0,2.0
14206.0,2025-12-10T20:46:00+00:00,LOCO_02,COUPLING_COMPLETED,retrofit,,,,SCREW,0,2.0
14206.0,2025-12-10T20:46:00+00:00,LOCO_02,SHUNTING_PREP,retrofit,,,,,0,1.0
14207.0,2025-12-10T20:47:00+00:00,LOCO_02,MOVING,WS_01,retrofit,WS_01,,,0,5.0
14212.0,2025-12-10T20:52:00+00:00,LOCO_02,DECOUPLING_STARTED,WS_01,,,,SCREW,0,3.0
14215.0,2025-12-10T20:55:00+00:00,LOCO_02,DECOUPLING_COMPLETED,WS_01,,,,SCREW,0,3.0
14218.0,2025-12-10T20:58:00+00:00,LOCO_02,MOVING,track_19,WS_01,track_19,,,0,5.0
14223.0,2025-12-10T21:03:00+00:00,LOCO_02,MOVING,collection1,track_19,collection1,,,0,60.0
14283.0,2025-12-10T22:03:00+00:00,LOCO_02,ALLOCATED,,,,batch_transport,,0,0.0
14283.0,2025-12-10T22:03:00+00:00,LOCO_02,RAKE_COUPLING_STARTED,collection1,,,,SCREW,2,2.0
14285.0,2025-12-10T22:05:00+00:00,LOCO_02,RAKE_COUPLING_COMPLETED,collection1,,,,SCREW,2,2.0
14285.0,2025-12-10T22:05:00+00:00,LOCO_02,LOCO_COUPLING_STARTED,collection1,,,,SCREW,2,2.0
14287.0,2025-12-10T22:07:00+00:00,LOCO_02,LOCO_COUPLING_COMPLETED,collection1,,,,SCREW,2,2.0
14287.0,2025-12-10T22:07:00+00:00,LOCO_02,SHUNTING_PREP,collection1,,,,,2,1.0
14288.0,2025-12-10T22:08:00+00:00,LOCO_02,MOVING,retrofit,collection1,retrofit,,,0,60.0
14348.0,2025-12-10T23:08:00+00:00,LOCO_02,LOCO_DECOUPLING_STARTED,retrofit,,,,SCREW,2,3.0
14351.0,2025-12-10T23:11:00+00:00,LOCO_02,LOCO_DECOUPLING_COMPLETED,retrofit,,,,SCREW,2,3.0
14351.0,2025-12-10T23:11:00+00:00,LOCO_02,RAKE_DECOUPLING_STARTED,retrofit,,,,SCREW,2,3.0
14354.0,2025-12-10T23:14:00+00:00,LOCO_02,RAKE_DECOUPLING_COMPLETED,retrofit,,,,SCREW,2,3.0
14357.0,2025-12-10T23:17:00+00:00,LOCO_02,MOVING,track_19,retrofit,track_19,,,0,5.0
14362.0,2025-12-10T23:22:00+00:00,LOCO_02,PARKING,,,,,,0,0.0
14362.0,2025-12-10T23:22:00+00:00,LOCO_02,MOVING,WS_02,track_19,WS_02,,,0,5.0
14367.0,2025-12-10T23:27:00+00:00,LOCO_02,RAKE_COUPLING_STARTED,WS_02,,,,DAC,2,0.5
14367.5,2025-12-10T23:27:30+00:00,LOCO_02,RAKE_COUPLING_COMPLETED,WS_02,,,,DAC,2,0.5
14367.5,2025-12-10T23:27:30+00:00,LOCO_02,LOCO_COUPLING_STARTED,WS_02,,,,DAC,2,0.5
14368.0,2025-12-10T23:28:00+00:00,LOCO_02,LOCO_COUPLING_COMPLETED,WS_02,,,,DAC,2,0.5
14368.0,2025-12-10T23:28:00+00:00,LOCO_02,SHUNTING_PREP,WS_02,,,,,2,1.0
14369.0,2025-12-10T23:29:00+00:00,LOCO_02,MOVING,retrofitted,WS_02,retrofitted,,,0,5.0
14374.0,2025-12-10T23:34:00+00:00,LOCO_02,MOVING,track_19,retrofitted,track_19,,,0,5.0
14379.0,2025-12-10T23:39:00+00:00,LOCO_02,ALLOCATED,,,,batch_transport,,0,0.0
14379.0,2025-12-10T23:39:00+00:00,LOCO_02,MOVING,retrofitted,track_19,retrofitted,,,0,5.0
14384.0,2025-12-10T23:44:00+00:00,LOCO_02,RAKE_COUPLING_STARTED,retrofitted,,,,DAC,2,0.5
14384.5,2025-12-10T23:44:30+00:00,LOCO_02,RAKE_COUPLING_COMPLETED,retrofitted,,,,DAC,2,0.5
14384.5,2025-12-10T23:44:30+00:00,LOCO_02,LOCO_COUPLING_STARTED,retrofitted,,,,DAC,2,0.5
14385.0,2025-12-10T23:45:00+00:00,LOCO_02,LOCO_COUPLING_COMPLETED,retrofitted,,,,DAC,2,0.5
14385.0,2025-12-10T23:45:00+00:00,LOCO_02,SHUNTING_PREP,retrofitted,,,,,2,1.0
14386.0,2025-12-10T23:46:00+00:00,LOCO_02,MOVING,parking12,retrofitted,parking12,,,0,0.0
