timestamp,datetime,locomotive_id,event,from_location,to_location,purpose
360.0,2025-12-01T06:00:00+00:00,LOCO_01,MOVING,track_19,collection1,
420.0,2025-12-01T07:00:00+00:00,LOCO_01,ALLOCATED,,,batch_transport
425.0,2025-12-01T07:05:00+00:00,LOCO_01,MOVING,collection1,retrofit,
487.0,2025-12-01T08:07:00+00:00,LOCO_02,MOVING,track_19,retrofit,
494.0,2025-12-01T08:14:00+00:00,LOCO_01,MOVING,retrofit,track_19,
495.0,2025-12-01T08:15:00+00:00,LOCO_02,MOVING,retrofit,WS_01,
499.0,2025-12-01T08:19:00+00:00,LOCO_01,PARKING,,,
499.0,2025-12-01T08:19:00+00:00,LOCO_01,MOVING,track_19,collection1,
506.0,2025-12-01T08:26:00+00:00,LOCO_02,MOVING,WS_01,track_19,
559.0,2025-12-01T09:19:00+00:00,LOCO_01,ALLOCATED,,,batch_transport
564.0,2025-12-01T09:24:00+00:00,LOCO_01,MOVING,collection1,retrofit,
566.5,2025-12-01T09:26:30+00:00,LOCO_02,MOVING,track_19,WS_01,
573.5,2025-12-01T09:33:30+00:00,LOCO_02,MOVING,WS_01,retrofitted,
578.5,2025-12-01T09:38:30+00:00,LOCO_02,MOVING,retrofitted,track_19,
583.5,2025-12-01T09:43:30+00:00,LOCO_02,ALLOCATED,,,batch_transport
583.5,2025-12-01T09:43:30+00:00,LOCO_02,MOVING,track_19,retrofitted,
590.5,2025-12-01T09:50:30+00:00,LOCO_02,MOVING,retrofitted,parking16,
633.0,2025-12-01T10:33:00+00:00,LOCO_01,MOVING,retrofit,track_19,
638.0,2025-12-01T10:38:00+00:00,LOCO_01,PARKING,,,
640.0,2025-12-01T10:40:00+00:00,LOCO_01,MOVING,track_19,retrofit,
648.0,2025-12-01T10:48:00+00:00,LOCO_01,MOVING,retrofit,WS_01,
659.0,2025-12-01T10:59:00+00:00,LOCO_01,MOVING,WS_01,track_19,
664.0,2025-12-01T11:04:00+00:00,LOCO_01,MOVING,track_19,collection1,
712.0,2025-12-01T11:52:00+00:00,LOCO_02,MOVING,parking16,track_19,
724.0,2025-12-01T12:04:00+00:00,LOCO_01,ALLOCATED,,,batch_transport
733.0,2025-12-01T12:13:00+00:00,LOCO_01,MOVING,collection1,retrofit,
772.0,2025-12-01T12:52:00+00:00,LOCO_02,MOVING,track_19,WS_01,
779.0,2025-12-01T12:59:00+00:00,LOCO_02,MOVING,WS_01,retrofitted,
784.0,2025-12-01T13:04:00+00:00,LOCO_02,MOVING,retrofitted,track_19,
795.0,2025-12-01T13:15:00+00:00,LOCO_02,MOVING,track_19,retrofit,
803.0,2025-12-01T13:23:00+00:00,LOCO_02,MOVING,retrofit,WS_01,
814.0,2025-12-01T13:34:00+00:00,LOCO_01,MOVING,retrofit,track_19,
814.0,2025-12-01T13:34:00+00:00,LOCO_02,MOVING,WS_01,track_19,
819.0,2025-12-01T13:39:00+00:00,LOCO_01,PARKING,,,
819.0,2025-12-01T13:39:00+00:00,LOCO_02,MOVING,track_19,collection1,
821.0,2025-12-01T13:41:00+00:00,LOCO_01,MOVING,track_19,retrofit,
829.0,2025-12-01T13:49:00+00:00,LOCO_01,MOVING,retrofit,WS_02,
840.0,2025-12-01T14:00:00+00:00,LOCO_01,MOVING,WS_02,track_19,
874.5,2025-12-01T14:34:30+00:00,LOCO_01,MOVING,track_19,WS_01,
879.0,2025-12-01T14:39:00+00:00,LOCO_02,ALLOCATED,,,batch_transport
881.5,2025-12-01T14:41:30+00:00,LOCO_01,MOVING,WS_01,retrofitted,
886.5,2025-12-01T14:46:30+00:00,LOCO_01,MOVING,retrofitted,track_19,
891.5,2025-12-01T14:51:30+00:00,LOCO_01,ALLOCATED,,,batch_transport
891.5,2025-12-01T14:51:30+00:00,LOCO_01,MOVING,track_19,retrofitted,
898.5,2025-12-01T14:58:30+00:00,LOCO_01,MOVING,retrofitted,parking16,
912.0,2025-12-01T15:12:00+00:00,LOCO_02,MOVING,collection1,retrofit,
1020.0,2025-12-01T17:00:00+00:00,LOCO_01,MOVING,parking16,track_19,
1065.0,2025-12-01T17:45:00+00:00,LOCO_02,MOVING,retrofit,track_19,
1070.0,2025-12-01T17:50:00+00:00,LOCO_02,PARKING,,,
1072.0,2025-12-01T17:52:00+00:00,LOCO_02,MOVING,track_19,retrofit,
1080.0,2025-12-01T18:00:00+00:00,LOCO_02,MOVING,retrofit,WS_01,
1080.0,2025-12-01T18:00:00+00:00,LOCO_01,MOVING,track_19,WS_02,
1087.0,2025-12-01T18:07:00+00:00,LOCO_01,MOVING,WS_02,retrofitted,
1091.0,2025-12-01T18:11:00+00:00,LOCO_02,MOVING,WS_01,track_19,
1092.0,2025-12-01T18:12:00+00:00,LOCO_01,MOVING,retrofitted,track_19,
1096.0,2025-12-01T18:16:00+00:00,LOCO_02,ALLOCATED,,,batch_transport
1096.0,2025-12-01T18:16:00+00:00,LOCO_02,MOVING,track_19,retrofitted,
1097.0,2025-12-01T18:17:00+00:00,LOCO_01,MOVING,track_19,collection1,
1103.0,2025-12-01T18:23:00+00:00,LOCO_02,MOVING,retrofitted,parking16,
1157.0,2025-12-01T19:17:00+00:00,LOCO_01,ALLOCATED,,,batch_transport
1166.0,2025-12-01T19:26:00+00:00,LOCO_01,MOVING,collection1,retrofit,
1224.5,2025-12-01T20:24:30+00:00,LOCO_02,MOVING,parking16,track_19,
1247.0,2025-12-01T20:47:00+00:00,LOCO_01,MOVING,retrofit,track_19,
1252.0,2025-12-01T20:52:00+00:00,LOCO_01,PARKING,,,
1254.0,2025-12-01T20:54:00+00:00,LOCO_01,MOVING,track_19,retrofit,
1262.0,2025-12-01T21:02:00+00:00,LOCO_01,MOVING,retrofit,WS_02,
1273.0,2025-12-01T21:13:00+00:00,LOCO_01,MOVING,WS_02,track_19,
1278.0,2025-12-01T21:18:00+00:00,LOCO_01,MOVING,track_19,WS_01,
1284.5,2025-12-01T21:24:30+00:00,LOCO_02,MOVING,track_19,collection1,
1285.0,2025-12-01T21:25:00+00:00,LOCO_01,MOVING,WS_01,retrofitted,
1290.0,2025-12-01T21:30:00+00:00,LOCO_01,MOVING,retrofitted,track_19,
1295.0,2025-12-01T21:35:00+00:00,LOCO_01,ALLOCATED,,,batch_transport
1295.0,2025-12-01T21:35:00+00:00,LOCO_01,MOVING,track_19,retrofitted,
1302.0,2025-12-01T21:42:00+00:00,LOCO_01,MOVING,retrofitted,parking16,
1344.5,2025-12-01T22:24:30+00:00,LOCO_02,ALLOCATED,,,batch_transport
1349.5,2025-12-01T22:29:30+00:00,LOCO_02,MOVING,collection1,retrofit,
1418.5,2025-12-01T23:38:30+00:00,LOCO_02,MOVING,retrofit,track_19,
1423.5,2025-12-01T23:43:30+00:00,LOCO_02,PARKING,,,
1423.5,2025-12-01T23:43:30+00:00,LOCO_01,MOVING,parking16,track_19,
1425.5,2025-12-01T23:45:30+00:00,LOCO_02,MOVING,track_19,retrofit,
1433.5,2025-12-01T23:53:30+00:00,LOCO_02,MOVING,retrofit,WS_01,
1444.5,2025-12-02T00:04:30+00:00,LOCO_02,MOVING,WS_01,track_19,
1449.5,2025-12-02T00:09:30+00:00,LOCO_02,MOVING,track_19,WS_02,
1456.5,2025-12-02T00:16:30+00:00,LOCO_02,MOVING,WS_02,retrofitted,
1461.5,2025-12-02T00:21:30+00:00,LOCO_02,MOVING,retrofitted,track_19,
1466.5,2025-12-02T00:26:30+00:00,LOCO_02,MOVING,track_19,collection1,
1485.5,2025-12-02T00:45:30+00:00,LOCO_01,MOVING,track_19,retrofit,
1493.5,2025-12-02T00:53:30+00:00,LOCO_01,MOVING,retrofit,WS_02,
1504.5,2025-12-02T01:04:30+00:00,LOCO_01,MOVING,WS_02,track_19,
1509.5,2025-12-02T01:09:30+00:00,LOCO_01,MOVING,track_19,WS_01,
1516.5,2025-12-02T01:16:30+00:00,LOCO_01,MOVING,WS_01,retrofitted,
1521.5,2025-12-02T01:21:30+00:00,LOCO_01,MOVING,retrofitted,track_19,
1526.5,2025-12-02T01:26:30+00:00,LOCO_02,ALLOCATED,,,batch_transport
1526.5,2025-12-02T01:26:30+00:00,LOCO_01,ALLOCATED,,,batch_transport
1526.5,2025-12-02T01:26:30+00:00,LOCO_01,MOVING,track_19,retrofitted,
1529.5,2025-12-02T01:29:30+00:00,LOCO_02,MOVING,collection1,retrofit,
1534.5,2025-12-02T01:34:30+00:00,LOCO_01,MOVING,retrofitted,parking16,
1592.5,2025-12-02T02:32:30+00:00,LOCO_02,MOVING,retrofit,track_19,
1597.5,2025-12-02T02:37:30+00:00,LOCO_02,PARKING,,,
1599.5,2025-12-02T02:39:30+00:00,LOCO_02,MOVING,track_19,retrofit,
1607.5,2025-12-02T02:47:30+00:00,LOCO_02,MOVING,retrofit,WS_01,
1618.5,2025-12-02T02:58:30+00:00,LOCO_02,MOVING,WS_01,track_19,
1623.5,2025-12-02T03:03:30+00:00,LOCO_02,MOVING,track_19,WS_02,
1630.5,2025-12-02T03:10:30+00:00,LOCO_02,MOVING,WS_02,retrofitted,
1635.5,2025-12-02T03:15:30+00:00,LOCO_02,MOVING,retrofitted,track_19,
1640.5,2025-12-02T03:20:30+00:00,LOCO_02,MOVING,track_19,collection2,
1658.0,2025-12-02T03:38:00+00:00,LOCO_01,MOVING,parking16,track_19,
1700.5,2025-12-02T04:20:30+00:00,LOCO_02,ALLOCATED,,,batch_transport
1705.5,2025-12-02T04:25:30+00:00,LOCO_02,MOVING,collection2,retrofit,
1720.0,2025-12-02T04:40:00+00:00,LOCO_01,MOVING,track_19,retrofit,
1728.0,2025-12-02T04:48:00+00:00,LOCO_01,MOVING,retrofit,WS_02,
1739.0,2025-12-02T04:59:00+00:00,LOCO_01,MOVING,WS_02,track_19,
1744.0,2025-12-02T05:04:00+00:00,LOCO_01,MOVING,track_19,WS_01,
1751.0,2025-12-02T05:11:00+00:00,LOCO_01,MOVING,WS_01,retrofitted,
1756.0,2025-12-02T05:16:00+00:00,LOCO_01,MOVING,retrofitted,track_19,
1761.0,2025-12-02T05:21:00+00:00,LOCO_01,ALLOCATED,,,batch_transport
1761.0,2025-12-02T05:21:00+00:00,LOCO_01,MOVING,track_19,retrofitted,
1769.0,2025-12-02T05:29:00+00:00,LOCO_01,MOVING,retrofitted,parking16,
1774.5,2025-12-02T05:34:30+00:00,LOCO_02,MOVING,retrofit,track_19,
1779.5,2025-12-02T05:39:30+00:00,LOCO_02,PARKING,,,
1781.5,2025-12-02T05:41:30+00:00,LOCO_02,MOVING,track_19,retrofit,
1789.5,2025-12-02T05:49:30+00:00,LOCO_02,MOVING,retrofit,WS_01,
1800.5,2025-12-02T06:00:30+00:00,LOCO_02,MOVING,WS_01,track_19,
1805.5,2025-12-02T06:05:30+00:00,LOCO_02,MOVING,track_19,WS_02,
1812.5,2025-12-02T06:12:30+00:00,LOCO_02,MOVING,WS_02,retrofitted,
1817.5,2025-12-02T06:17:30+00:00,LOCO_02,MOVING,retrofitted,track_19,
1822.5,2025-12-02T06:22:30+00:00,LOCO_02,MOVING,track_19,collection1,
1882.5,2025-12-02T07:22:30+00:00,LOCO_02,ALLOCATED,,,batch_transport
1887.5,2025-12-02T07:27:30+00:00,LOCO_02,MOVING,collection1,retrofit,
1892.5,2025-12-02T07:32:30+00:00,LOCO_01,MOVING,parking16,track_19,
1954.5,2025-12-02T08:34:30+00:00,LOCO_01,MOVING,track_19,retrofit,
1956.5,2025-12-02T08:36:30+00:00,LOCO_02,MOVING,retrofit,track_19,
1961.5,2025-12-02T08:41:30+00:00,LOCO_02,PARKING,,,
1961.5,2025-12-02T08:41:30+00:00,LOCO_02,MOVING,track_19,WS_01,
1962.5,2025-12-02T08:42:30+00:00,LOCO_01,MOVING,retrofit,WS_02,
1968.5,2025-12-02T08:48:30+00:00,LOCO_02,MOVING,WS_01,retrofitted,
1973.5,2025-12-02T08:53:30+00:00,LOCO_02,MOVING,retrofitted,track_19,
1973.5,2025-12-02T08:53:30+00:00,LOCO_01,MOVING,WS_02,track_19,
1978.5,2025-12-02T08:58:30+00:00,LOCO_02,ALLOCATED,,,batch_transport
1978.5,2025-12-02T08:58:30+00:00,LOCO_02,MOVING,track_19,retrofitted,
1980.5,2025-12-02T09:00:30+00:00,LOCO_01,MOVING,track_19,retrofit,
1986.5,2025-12-02T09:06:30+00:00,LOCO_02,MOVING,retrofitted,parking16,
1988.5,2025-12-02T09:08:30+00:00,LOCO_01,MOVING,retrofit,WS_01,
1999.5,2025-12-02T09:19:30+00:00,LOCO_01,MOVING,WS_01,track_19,
2004.5,2025-12-02T09:24:30+00:00,LOCO_01,MOVING,track_19,collection2,
2064.5,2025-12-02T10:24:30+00:00,LOCO_01,ALLOCATED,,,batch_transport
2073.5,2025-12-02T10:33:30+00:00,LOCO_01,MOVING,collection2,retrofit,
2110.0,2025-12-02T11:10:00+00:00,LOCO_02,MOVING,parking16,track_19,
2154.5,2025-12-02T11:54:30+00:00,LOCO_01,MOVING,retrofit,track_19,
2159.5,2025-12-02T11:59:30+00:00,LOCO_01,PARKING,,,
2159.5,2025-12-02T11:59:30+00:00,LOCO_01,MOVING,track_19,WS_02,
2166.5,2025-12-02T12:06:30+00:00,LOCO_01,MOVING,WS_02,retrofitted,
2170.0,2025-12-02T12:10:00+00:00,LOCO_02,MOVING,track_19,WS_01,
2171.5,2025-12-02T12:11:30+00:00,LOCO_01,MOVING,retrofitted,track_19,
2176.5,2025-12-02T12:16:30+00:00,LOCO_01,ALLOCATED,,,batch_transport
2176.5,2025-12-02T12:16:30+00:00,LOCO_01,MOVING,track_19,retrofitted,
2177.0,2025-12-02T12:17:00+00:00,LOCO_02,MOVING,WS_01,retrofitted,
2182.0,2025-12-02T12:22:00+00:00,LOCO_02,MOVING,retrofitted,track_19,
2183.5,2025-12-02T12:23:30+00:00,LOCO_01,MOVING,retrofitted,parking16,
2189.0,2025-12-02T12:29:00+00:00,LOCO_02,MOVING,track_19,retrofit,
2197.0,2025-12-02T12:37:00+00:00,LOCO_02,MOVING,retrofit,WS_02,
2208.0,2025-12-02T12:48:00+00:00,LOCO_02,MOVING,WS_02,track_19,
2215.0,2025-12-02T12:55:00+00:00,LOCO_02,MOVING,track_19,retrofit,
2223.0,2025-12-02T13:03:00+00:00,LOCO_02,MOVING,retrofit,WS_01,
2234.0,2025-12-02T13:14:00+00:00,LOCO_02,MOVING,WS_01,track_19,
2239.0,2025-12-02T13:19:00+00:00,LOCO_02,MOVING,track_19,collection1,
2299.0,2025-12-02T14:19:00+00:00,LOCO_02,ALLOCATED,,,batch_transport
2304.0,2025-12-02T14:24:00+00:00,LOCO_02,MOVING,collection1,retrofit,
2305.0,2025-12-02T14:25:00+00:00,LOCO_01,MOVING,parking16,track_19,
2365.0,2025-12-02T15:25:00+00:00,LOCO_01,MOVING,track_19,WS_02,
2372.0,2025-12-02T15:32:00+00:00,LOCO_01,MOVING,WS_02,retrofitted,
2373.0,2025-12-02T15:33:00+00:00,LOCO_02,MOVING,retrofit,track_19,
2377.0,2025-12-02T15:37:00+00:00,LOCO_01,MOVING,retrofitted,track_19,
2378.0,2025-12-02T15:38:00+00:00,LOCO_02,PARKING,,,
2378.0,2025-12-02T15:38:00+00:00,LOCO_02,MOVING,track_19,WS_01,
2382.0,2025-12-02T15:42:00+00:00,LOCO_01,ALLOCATED,,,batch_transport
2382.0,2025-12-02T15:42:00+00:00,LOCO_01,MOVING,track_19,retrofitted,
2385.0,2025-12-02T15:45:00+00:00,LOCO_02,MOVING,WS_01,retrofitted,
2390.0,2025-12-02T15:50:00+00:00,LOCO_01,MOVING,retrofitted,parking16,
2390.0,2025-12-02T15:50:00+00:00,LOCO_02,MOVING,retrofitted,track_19,
2397.0,2025-12-02T15:57:00+00:00,LOCO_02,MOVING,track_19,retrofit,
2405.0,2025-12-02T16:05:00+00:00,LOCO_02,MOVING,retrofit,WS_02,
2416.0,2025-12-02T16:16:00+00:00,LOCO_02,MOVING,WS_02,track_19,
2423.0,2025-12-02T16:23:00+00:00,LOCO_02,MOVING,track_19,retrofit,
2431.0,2025-12-02T16:31:00+00:00,LOCO_02,MOVING,retrofit,WS_01,
2442.0,2025-12-02T16:42:00+00:00,LOCO_02,MOVING,WS_01,track_19,
2447.0,2025-12-02T16:47:00+00:00,LOCO_02,MOVING,track_19,collection2,
2507.0,2025-12-02T17:47:00+00:00,LOCO_02,ALLOCATED,,,batch_transport
2510.0,2025-12-02T17:50:00+00:00,LOCO_02,MOVING,collection2,retrofit,
2513.5,2025-12-02T17:53:30+00:00,LOCO_01,MOVING,parking16,track_19,
2573.0,2025-12-02T18:53:00+00:00,LOCO_02,MOVING,retrofit,track_19,
2573.5,2025-12-02T18:53:30+00:00,LOCO_01,MOVING,track_19,WS_02,
2578.0,2025-12-02T18:58:00+00:00,LOCO_02,PARKING,,,
2578.0,2025-12-02T18:58:00+00:00,LOCO_02,MOVING,track_19,WS_01,
2580.5,2025-12-02T19:00:30+00:00,LOCO_01,MOVING,WS_02,retrofitted,
2585.0,2025-12-02T19:05:00+00:00,LOCO_02,MOVING,WS_01,retrofitted,
2585.5,2025-12-02T19:05:30+00:00,LOCO_01,MOVING,retrofitted,track_19,
2590.0,2025-12-02T19:10:00+00:00,LOCO_02,MOVING,retrofitted,track_19,
2590.5,2025-12-02T19:10:30+00:00,LOCO_01,ALLOCATED,,,batch_transport
2590.5,2025-12-02T19:10:30+00:00,LOCO_01,MOVING,track_19,retrofitted,
2597.0,2025-12-02T19:17:00+00:00,LOCO_02,MOVING,track_19,retrofit,
2598.5,2025-12-02T19:18:30+00:00,LOCO_01,MOVING,retrofitted,parking16,
2605.0,2025-12-02T19:25:00+00:00,LOCO_02,MOVING,retrofit,WS_02,
2616.0,2025-12-02T19:36:00+00:00,LOCO_02,MOVING,WS_02,track_19,
2623.0,2025-12-02T19:43:00+00:00,LOCO_02,MOVING,track_19,retrofit,
2631.0,2025-12-02T19:51:00+00:00,LOCO_02,MOVING,retrofit,WS_01,
2642.0,2025-12-02T20:02:00+00:00,LOCO_02,MOVING,WS_01,track_19,
2647.0,2025-12-02T20:07:00+00:00,LOCO_02,MOVING,track_19,collection1,
2707.0,2025-12-02T21:07:00+00:00,LOCO_02,ALLOCATED,,,batch_transport
2714.0,2025-12-02T21:14:00+00:00,LOCO_02,MOVING,collection1,retrofit,
2722.0,2025-12-02T21:22:00+00:00,LOCO_01,MOVING,parking16,track_19,
2782.0,2025-12-02T22:22:00+00:00,LOCO_01,MOVING,track_19,WS_02,
2789.0,2025-12-02T22:29:00+00:00,LOCO_02,MOVING,retrofit,track_19,
2789.0,2025-12-02T22:29:00+00:00,LOCO_01,MOVING,WS_02,retrofitted,
2794.0,2025-12-02T22:34:00+00:00,LOCO_02,PARKING,,,
2794.0,2025-12-02T22:34:00+00:00,LOCO_01,MOVING,retrofitted,track_19,
2794.0,2025-12-02T22:34:00+00:00,LOCO_02,MOVING,track_19,WS_01,
2799.0,2025-12-02T22:39:00+00:00,LOCO_01,ALLOCATED,,,batch_transport
2799.0,2025-12-02T22:39:00+00:00,LOCO_01,MOVING,track_19,retrofitted,
2801.0,2025-12-02T22:41:00+00:00,LOCO_02,MOVING,WS_01,retrofitted,
2806.0,2025-12-02T22:46:00+00:00,LOCO_02,MOVING,retrofitted,track_19,
2807.0,2025-12-02T22:47:00+00:00,LOCO_01,MOVING,retrofitted,parking16,
2813.0,2025-12-02T22:53:00+00:00,LOCO_02,MOVING,track_19,retrofit,
2821.0,2025-12-02T23:01:00+00:00,LOCO_02,MOVING,retrofit,WS_02,
2832.0,2025-12-02T23:12:00+00:00,LOCO_02,MOVING,WS_02,track_19,
2839.0,2025-12-02T23:19:00+00:00,LOCO_02,MOVING,track_19,retrofit,
2847.0,2025-12-02T23:27:00+00:00,LOCO_02,MOVING,retrofit,WS_01,
2858.0,2025-12-02T23:38:00+00:00,LOCO_02,MOVING,WS_01,track_19,
2863.0,2025-12-02T23:43:00+00:00,LOCO_02,MOVING,track_19,collection2,
2923.0,2025-12-03T00:43:00+00:00,LOCO_02,ALLOCATED,,,batch_transport
2930.5,2025-12-03T00:50:30+00:00,LOCO_01,MOVING,parking16,track_19,
2932.0,2025-12-03T00:52:00+00:00,LOCO_02,MOVING,collection2,retrofit,
2990.5,2025-12-03T01:50:30+00:00,LOCO_01,MOVING,track_19,WS_02,
2997.5,2025-12-03T01:57:30+00:00,LOCO_01,MOVING,WS_02,retrofitted,
3002.5,2025-12-03T02:02:30+00:00,LOCO_01,MOVING,retrofitted,track_19,
3007.5,2025-12-03T02:07:30+00:00,LOCO_01,MOVING,track_19,WS_01,
3013.0,2025-12-03T02:13:00+00:00,LOCO_02,MOVING,retrofit,track_19,
3014.5,2025-12-03T02:14:30+00:00,LOCO_01,MOVING,WS_01,retrofitted,
3018.0,2025-12-03T02:18:00+00:00,LOCO_02,PARKING,,,
3019.5,2025-12-03T02:19:30+00:00,LOCO_01,MOVING,retrofitted,track_19,
3020.0,2025-12-03T02:20:00+00:00,LOCO_02,MOVING,track_19,retrofit,
3024.5,2025-12-03T02:24:30+00:00,LOCO_01,ALLOCATED,,,batch_transport
3024.5,2025-12-03T02:24:30+00:00,LOCO_01,MOVING,track_19,retrofitted,
3028.0,2025-12-03T02:28:00+00:00,LOCO_02,MOVING,retrofit,WS_02,
3032.5,2025-12-03T02:32:30+00:00,LOCO_01,MOVING,retrofitted,parking16,
3039.0,2025-12-03T02:39:00+00:00,LOCO_02,MOVING,WS_02,track_19,
3046.0,2025-12-03T02:46:00+00:00,LOCO_02,MOVING,track_19,retrofit,
3054.0,2025-12-03T02:54:00+00:00,LOCO_02,MOVING,retrofit,WS_01,
3065.0,2025-12-03T03:05:00+00:00,LOCO_02,MOVING,WS_01,track_19,
3070.0,2025-12-03T03:10:00+00:00,LOCO_02,MOVING,track_19,collection1,
3130.0,2025-12-03T04:10:00+00:00,LOCO_02,ALLOCATED,,,batch_transport
3141.0,2025-12-03T04:21:00+00:00,LOCO_02,MOVING,collection1,retrofit,
3156.0,2025-12-03T04:36:00+00:00,LOCO_01,MOVING,parking16,track_19,
3216.0,2025-12-03T05:36:00+00:00,LOCO_01,MOVING,track_19,WS_02,
3223.0,2025-12-03T05:43:00+00:00,LOCO_01,MOVING,WS_02,retrofitted,
3228.0,2025-12-03T05:48:00+00:00,LOCO_02,MOVING,retrofit,track_19,
3228.0,2025-12-03T05:48:00+00:00,LOCO_01,MOVING,retrofitted,track_19,
3233.0,2025-12-03T05:53:00+00:00,LOCO_02,PARKING,,,
3233.0,2025-12-03T05:53:00+00:00,LOCO_02,MOVING,track_19,WS_01,
3235.0,2025-12-03T05:55:00+00:00,LOCO_01,MOVING,track_19,retrofit,
3240.0,2025-12-03T06:00:00+00:00,LOCO_02,MOVING,WS_01,retrofitted,
3243.0,2025-12-03T06:03:00+00:00,LOCO_01,MOVING,retrofit,WS_02,
3245.0,2025-12-03T06:05:00+00:00,LOCO_02,MOVING,retrofitted,track_19,
3250.0,2025-12-03T06:10:00+00:00,LOCO_02,ALLOCATED,,,batch_transport
3250.0,2025-12-03T06:10:00+00:00,LOCO_02,MOVING,track_19,retrofitted,
3254.0,2025-12-03T06:14:00+00:00,LOCO_01,MOVING,WS_02,track_19,
3258.0,2025-12-03T06:18:00+00:00,LOCO_02,MOVING,retrofitted,parking16,
3261.0,2025-12-03T06:21:00+00:00,LOCO_01,MOVING,track_19,retrofit,
3269.0,2025-12-03T06:29:00+00:00,LOCO_01,MOVING,retrofit,WS_01,
3280.0,2025-12-03T06:40:00+00:00,LOCO_01,MOVING,WS_01,track_19,
3285.0,2025-12-03T06:45:00+00:00,LOCO_01,MOVING,track_19,collection2,
3345.0,2025-12-03T07:45:00+00:00,LOCO_01,ALLOCATED,,,batch_transport
3360.0,2025-12-03T08:00:00+00:00,LOCO_01,MOVING,collection2,retrofit,
3381.5,2025-12-03T08:21:30+00:00,LOCO_02,MOVING,parking16,track_19,
3441.5,2025-12-03T09:21:30+00:00,LOCO_02,MOVING,track_19,WS_02,
3448.5,2025-12-03T09:28:30+00:00,LOCO_02,MOVING,WS_02,retrofitted,
3453.5,2025-12-03T09:33:30+00:00,LOCO_02,MOVING,retrofitted,track_19,
3458.5,2025-12-03T09:38:30+00:00,LOCO_02,MOVING,track_19,WS_01,
3459.0,2025-12-03T09:39:00+00:00,LOCO_01,MOVING,retrofit,track_19,
3464.0,2025-12-03T09:44:00+00:00,LOCO_01,PARKING,,,
3465.5,2025-12-03T09:45:30+00:00,LOCO_02,MOVING,WS_01,retrofitted,
3466.0,2025-12-03T09:46:00+00:00,LOCO_01,MOVING,track_19,retrofit,
3470.5,2025-12-03T09:50:30+00:00,LOCO_02,MOVING,retrofitted,track_19,
3474.0,2025-12-03T09:54:00+00:00,LOCO_01,MOVING,retrofit,WS_02,
3475.5,2025-12-03T09:55:30+00:00,LOCO_02,ALLOCATED,,,batch_transport
3475.5,2025-12-03T09:55:30+00:00,LOCO_02,MOVING,track_19,retrofitted,
3483.5,2025-12-03T10:03:30+00:00,LOCO_02,MOVING,retrofitted,parking16,
3485.0,2025-12-03T10:05:00+00:00,LOCO_01,MOVING,WS_02,track_19,
3492.0,2025-12-03T10:12:00+00:00,LOCO_01,MOVING,track_19,retrofit,
3500.0,2025-12-03T10:20:00+00:00,LOCO_01,MOVING,retrofit,WS_01,
3511.0,2025-12-03T10:31:00+00:00,LOCO_01,MOVING,WS_01,track_19,
3516.0,2025-12-03T10:36:00+00:00,LOCO_01,MOVING,track_19,collection1,
3576.0,2025-12-03T11:36:00+00:00,LOCO_01,ALLOCATED,,,batch_transport
3581.0,2025-12-03T11:41:00+00:00,LOCO_01,MOVING,collection1,retrofit,
3607.0,2025-12-03T12:07:00+00:00,LOCO_02,MOVING,parking16,track_19,
3650.0,2025-12-03T12:50:00+00:00,LOCO_01,MOVING,retrofit,track_19,
3655.0,2025-12-03T12:55:00+00:00,LOCO_01,PARKING,,,
3655.0,2025-12-03T12:55:00+00:00,LOCO_01,MOVING,track_19,WS_02,
3662.0,2025-12-03T13:02:00+00:00,LOCO_01,MOVING,WS_02,retrofitted,
3667.0,2025-12-03T13:07:00+00:00,LOCO_01,MOVING,retrofitted,track_19,
3667.0,2025-12-03T13:07:00+00:00,LOCO_02,MOVING,track_19,WS_01,
3672.0,2025-12-03T13:12:00+00:00,LOCO_01,ALLOCATED,,,batch_transport
3672.0,2025-12-03T13:12:00+00:00,LOCO_01,MOVING,track_19,retrofitted,
3674.0,2025-12-03T13:14:00+00:00,LOCO_02,MOVING,WS_01,retrofitted,
3679.0,2025-12-03T13:19:00+00:00,LOCO_02,MOVING,retrofitted,track_19,
3681.0,2025-12-03T13:21:00+00:00,LOCO_01,MOVING,retrofitted,parking16,
3686.0,2025-12-03T13:26:00+00:00,LOCO_02,MOVING,track_19,retrofit,
3694.0,2025-12-03T13:34:00+00:00,LOCO_02,MOVING,retrofit,WS_02,
3705.0,2025-12-03T13:45:00+00:00,LOCO_02,MOVING,WS_02,track_19,
3712.0,2025-12-03T13:52:00+00:00,LOCO_02,MOVING,track_19,retrofit,
3720.0,2025-12-03T14:00:00+00:00,LOCO_02,MOVING,retrofit,WS_01,
3731.0,2025-12-03T14:11:00+00:00,LOCO_02,MOVING,WS_01,track_19,
3736.0,2025-12-03T14:16:00+00:00,LOCO_02,MOVING,track_19,collection2,
3796.0,2025-12-03T15:16:00+00:00,LOCO_02,ALLOCATED,,,batch_transport
3806.5,2025-12-03T15:26:30+00:00,LOCO_01,MOVING,parking16,track_19,
3809.0,2025-12-03T15:29:00+00:00,LOCO_02,MOVING,collection2,retrofit,
3866.5,2025-12-03T16:26:30+00:00,LOCO_01,MOVING,track_19,WS_02,
3873.5,2025-12-03T16:33:30+00:00,LOCO_01,MOVING,WS_02,retrofitted,
3878.5,2025-12-03T16:38:30+00:00,LOCO_01,MOVING,retrofitted,track_19,
3883.5,2025-12-03T16:43:30+00:00,LOCO_01,MOVING,track_19,WS_01,
3890.5,2025-12-03T16:50:30+00:00,LOCO_01,MOVING,WS_01,retrofitted,
3895.5,2025-12-03T16:55:30+00:00,LOCO_01,MOVING,retrofitted,track_19,
3902.0,2025-12-03T17:02:00+00:00,LOCO_02,MOVING,retrofit,track_19,
3902.5,2025-12-03T17:02:30+00:00,LOCO_01,MOVING,track_19,retrofit,
3907.0,2025-12-03T17:07:00+00:00,LOCO_02,PARKING,,,
3909.0,2025-12-03T17:09:00+00:00,LOCO_02,MOVING,track_19,retrofit,
3910.5,2025-12-03T17:10:30+00:00,LOCO_01,MOVING,retrofit,WS_02,
3917.0,2025-12-03T17:17:00+00:00,LOCO_02,MOVING,retrofit,WS_01,
3921.5,2025-12-03T17:21:30+00:00,LOCO_01,MOVING,WS_02,track_19,
3926.5,2025-12-03T17:26:30+00:00,LOCO_01,ALLOCATED,,,batch_transport
3926.5,2025-12-03T17:26:30+00:00,LOCO_01,MOVING,track_19,retrofitted,
3928.0,2025-12-03T17:28:00+00:00,LOCO_02,MOVING,WS_01,track_19,
3933.0,2025-12-03T17:33:00+00:00,LOCO_02,MOVING,track_19,collection1,
3933.5,2025-12-03T17:33:30+00:00,LOCO_01,MOVING,retrofitted,parking16,
3993.0,2025-12-03T18:33:00+00:00,LOCO_02,ALLOCATED,,,batch_transport
3996.0,2025-12-03T18:36:00+00:00,LOCO_02,MOVING,collection1,retrofit,
4055.0,2025-12-03T19:35:00+00:00,LOCO_01,MOVING,parking16,track_19,
4059.0,2025-12-03T19:39:00+00:00,LOCO_02,MOVING,retrofit,track_19,
4064.0,2025-12-03T19:44:00+00:00,LOCO_02,PARKING,,,
4064.0,2025-12-03T19:44:00+00:00,LOCO_02,MOVING,track_19,WS_02,
4071.0,2025-12-03T19:51:00+00:00,LOCO_02,MOVING,WS_02,retrofitted,
4076.0,2025-12-03T19:56:00+00:00,LOCO_02,MOVING,retrofitted,track_19,
4081.0,2025-12-03T20:01:00+00:00,LOCO_02,MOVING,track_19,WS_01,
4088.0,2025-12-03T20:08:00+00:00,LOCO_02,MOVING,WS_01,retrofitted,
4093.0,2025-12-03T20:13:00+00:00,LOCO_02,MOVING,retrofitted,track_19,
4100.0,2025-12-03T20:20:00+00:00,LOCO_02,MOVING,track_19,retrofit,
4108.0,2025-12-03T20:28:00+00:00,LOCO_02,MOVING,retrofit,WS_02,
4117.0,2025-12-03T20:37:00+00:00,LOCO_01,MOVING,track_19,retrofit,
4119.0,2025-12-03T20:39:00+00:00,LOCO_02,MOVING,WS_02,track_19,
4124.0,2025-12-03T20:44:00+00:00,LOCO_02,ALLOCATED,,,batch_transport
4124.0,2025-12-03T20:44:00+00:00,LOCO_02,MOVING,track_19,retrofitted,
4125.0,2025-12-03T20:45:00+00:00,LOCO_01,MOVING,retrofit,WS_01,
4134.0,2025-12-03T20:54:00+00:00,LOCO_02,MOVING,retrofitted,parking16,
4136.0,2025-12-03T20:56:00+00:00,LOCO_01,MOVING,WS_01,track_19,
4141.0,2025-12-03T21:01:00+00:00,LOCO_01,MOVING,track_19,collection2,
4201.0,2025-12-03T22:01:00+00:00,LOCO_01,ALLOCATED,,,batch_transport
4220.0,2025-12-03T22:20:00+00:00,LOCO_01,MOVING,collection2,retrofit,
4261.5,2025-12-03T23:01:30+00:00,LOCO_02,MOVING,parking16,track_19,
4321.5,2025-12-04T00:01:30+00:00,LOCO_02,MOVING,track_19,WS_02,
4328.5,2025-12-04T00:08:30+00:00,LOCO_02,MOVING,WS_02,retrofitted,
4331.0,2025-12-04T00:11:00+00:00,LOCO_01,MOVING,retrofit,track_19,
4333.5,2025-12-04T00:13:30+00:00,LOCO_02,MOVING,retrofitted,track_19,
4336.0,2025-12-04T00:16:00+00:00,LOCO_01,PARKING,,,
4336.0,2025-12-04T00:16:00+00:00,LOCO_01,MOVING,track_19,WS_01,
4338.5,2025-12-04T00:18:30+00:00,LOCO_02,ALLOCATED,,,batch_transport
4338.5,2025-12-04T00:18:30+00:00,LOCO_02,MOVING,track_19,retrofitted,
4343.0,2025-12-04T00:23:00+00:00,LOCO_01,MOVING,WS_01,retrofitted,
4345.5,2025-12-04T00:25:30+00:00,LOCO_02,MOVING,retrofitted,parking16,
4348.0,2025-12-04T00:28:00+00:00,LOCO_01,MOVING,retrofitted,track_19,
4355.0,2025-12-04T00:35:00+00:00,LOCO_01,MOVING,track_19,retrofit,
4363.0,2025-12-04T00:43:00+00:00,LOCO_01,MOVING,retrofit,WS_02,
4374.0,2025-12-04T00:54:00+00:00,LOCO_01,MOVING,WS_02,track_19,
4381.0,2025-12-04T01:01:00+00:00,LOCO_01,MOVING,track_19,retrofit,
4389.0,2025-12-04T01:09:00+00:00,LOCO_01,MOVING,retrofit,WS_01,
4400.0,2025-12-04T01:20:00+00:00,LOCO_01,MOVING,WS_01,track_19,
4405.0,2025-12-04T01:25:00+00:00,LOCO_01,MOVING,track_19,collection1,
4465.0,2025-12-04T02:25:00+00:00,LOCO_01,ALLOCATED,,,batch_transport
4467.0,2025-12-04T02:27:00+00:00,LOCO_02,MOVING,parking16,track_19,
4468.0,2025-12-04T02:28:00+00:00,LOCO_01,MOVING,collection1,retrofit,
4527.0,2025-12-04T03:27:00+00:00,LOCO_02,MOVING,track_19,WS_02,
4531.0,2025-12-04T03:31:00+00:00,LOCO_01,MOVING,retrofit,track_19,
4534.0,2025-12-04T03:34:00+00:00,LOCO_02,MOVING,WS_02,retrofitted,
4536.0,2025-12-04T03:36:00+00:00,LOCO_01,PARKING,,,
4536.0,2025-12-04T03:36:00+00:00,LOCO_01,MOVING,track_19,WS_01,
4539.0,2025-12-04T03:39:00+00:00,LOCO_02,MOVING,retrofitted,track_19,
4543.0,2025-12-04T03:43:00+00:00,LOCO_01,MOVING,WS_01,retrofitted,
4544.0,2025-12-04T03:44:00+00:00,LOCO_02,ALLOCATED,,,batch_transport
4544.0,2025-12-04T03:44:00+00:00,LOCO_02,MOVING,track_19,retrofitted,
4548.0,2025-12-04T03:48:00+00:00,LOCO_01,MOVING,retrofitted,track_19,
4551.0,2025-12-04T03:51:00+00:00,LOCO_02,MOVING,retrofitted,parking16,
4555.0,2025-12-04T03:55:00+00:00,LOCO_01,MOVING,track_19,retrofit,
4563.0,2025-12-04T04:03:00+00:00,LOCO_01,MOVING,retrofit,WS_02,
4574.0,2025-12-04T04:14:00+00:00,LOCO_01,MOVING,WS_02,track_19,
4581.0,2025-12-04T04:21:00+00:00,LOCO_01,MOVING,track_19,retrofit,
4589.0,2025-12-04T04:29:00+00:00,LOCO_01,MOVING,retrofit,WS_01,
4600.0,2025-12-04T04:40:00+00:00,LOCO_01,MOVING,WS_01,track_19,
4605.0,2025-12-04T04:45:00+00:00,LOCO_01,MOVING,track_19,collection2,
4665.0,2025-12-04T05:45:00+00:00,LOCO_01,ALLOCATED,,,batch_transport
4672.5,2025-12-04T05:52:30+00:00,LOCO_02,MOVING,parking16,track_19,
4674.0,2025-12-04T05:54:00+00:00,LOCO_01,MOVING,collection2,retrofit,
4732.5,2025-12-04T06:52:30+00:00,LOCO_02,MOVING,track_19,WS_02,
4739.5,2025-12-04T06:59:30+00:00,LOCO_02,MOVING,WS_02,retrofitted,
4744.5,2025-12-04T07:04:30+00:00,LOCO_02,MOVING,retrofitted,track_19,
4749.5,2025-12-04T07:09:30+00:00,LOCO_02,MOVING,track_19,WS_01,
4755.0,2025-12-04T07:15:00+00:00,LOCO_01,MOVING,retrofit,track_19,
4756.5,2025-12-04T07:16:30+00:00,LOCO_02,MOVING,WS_01,retrofitted,
4760.0,2025-12-04T07:20:00+00:00,LOCO_01,PARKING,,,
4761.5,2025-12-04T07:21:30+00:00,LOCO_02,MOVING,retrofitted,track_19,
4762.0,2025-12-04T07:22:00+00:00,LOCO_01,MOVING,track_19,retrofit,
4766.5,2025-12-04T07:26:30+00:00,LOCO_02,ALLOCATED,,,batch_transport
4766.5,2025-12-04T07:26:30+00:00,LOCO_02,MOVING,track_19,retrofitted,
4770.0,2025-12-04T07:30:00+00:00,LOCO_01,MOVING,retrofit,WS_02,
4774.5,2025-12-04T07:34:30+00:00,LOCO_02,MOVING,retrofitted,parking16,
4781.0,2025-12-04T07:41:00+00:00,LOCO_01,MOVING,WS_02,track_19,
4788.0,2025-12-04T07:48:00+00:00,LOCO_01,MOVING,track_19,retrofit,
4796.0,2025-12-04T07:56:00+00:00,LOCO_01,MOVING,retrofit,WS_01,
4807.0,2025-12-04T08:07:00+00:00,LOCO_01,MOVING,WS_01,track_19,
4812.0,2025-12-04T08:12:00+00:00,LOCO_01,MOVING,track_19,collection1,
4872.0,2025-12-04T09:12:00+00:00,LOCO_01,ALLOCATED,,,batch_transport
4881.0,2025-12-04T09:21:00+00:00,LOCO_01,MOVING,collection1,retrofit,
4898.0,2025-12-04T09:38:00+00:00,LOCO_02,MOVING,parking16,track_19,
4958.0,2025-12-04T10:38:00+00:00,LOCO_02,MOVING,track_19,WS_02,
4962.0,2025-12-04T10:42:00+00:00,LOCO_01,MOVING,retrofit,track_19,
4965.0,2025-12-04T10:45:00+00:00,LOCO_02,MOVING,WS_02,retrofitted,
4967.0,2025-12-04T10:47:00+00:00,LOCO_01,PARKING,,,
4967.0,2025-12-04T10:47:00+00:00,LOCO_01,MOVING,track_19,WS_01,
4970.0,2025-12-04T10:50:00+00:00,LOCO_02,MOVING,retrofitted,track_19,
4974.0,2025-12-04T10:54:00+00:00,LOCO_01,MOVING,WS_01,retrofitted,
4975.0,2025-12-04T10:55:00+00:00,LOCO_02,ALLOCATED,,,batch_transport
4975.0,2025-12-04T10:55:00+00:00,LOCO_02,MOVING,track_19,retrofitted,
4979.0,2025-12-04T10:59:00+00:00,LOCO_01,MOVING,retrofitted,track_19,
4983.0,2025-12-04T11:03:00+00:00,LOCO_02,MOVING,retrofitted,parking16,
4986.0,2025-12-04T11:06:00+00:00,LOCO_01,MOVING,track_19,retrofit,
4994.0,2025-12-04T11:14:00+00:00,LOCO_01,MOVING,retrofit,WS_02,
5005.0,2025-12-04T11:25:00+00:00,LOCO_01,MOVING,WS_02,track_19,
5012.0,2025-12-04T11:32:00+00:00,LOCO_01,MOVING,track_19,retrofit,
5020.0,2025-12-04T11:40:00+00:00,LOCO_01,MOVING,retrofit,WS_01,
5031.0,2025-12-04T11:51:00+00:00,LOCO_01,MOVING,WS_01,track_19,
5036.0,2025-12-04T11:56:00+00:00,LOCO_01,MOVING,track_19,collection2,
5096.0,2025-12-04T12:56:00+00:00,LOCO_01,ALLOCATED,,,batch_transport
5106.5,2025-12-04T13:06:30+00:00,LOCO_02,MOVING,parking16,track_19,
5107.0,2025-12-04T13:07:00+00:00,LOCO_01,MOVING,collection2,retrofit,
5166.5,2025-12-04T14:06:30+00:00,LOCO_02,MOVING,track_19,WS_02,
5173.5,2025-12-04T14:13:30+00:00,LOCO_02,MOVING,WS_02,retrofitted,
5178.5,2025-12-04T14:18:30+00:00,LOCO_02,MOVING,retrofitted,track_19,
5183.5,2025-12-04T14:23:30+00:00,LOCO_02,MOVING,track_19,WS_01,
5190.5,2025-12-04T14:30:30+00:00,LOCO_02,MOVING,WS_01,retrofitted,
5194.0,2025-12-04T14:34:00+00:00,LOCO_01,MOVING,retrofit,track_19,
5195.5,2025-12-04T14:35:30+00:00,LOCO_02,MOVING,retrofitted,track_19,
5199.0,2025-12-04T14:39:00+00:00,LOCO_01,PARKING,,,
5200.5,2025-12-04T14:40:30+00:00,LOCO_02,ALLOCATED,,,batch_transport
5200.5,2025-12-04T14:40:30+00:00,LOCO_02,MOVING,track_19,retrofitted,
5201.0,2025-12-04T14:41:00+00:00,LOCO_01,MOVING,track_19,retrofit,
5208.5,2025-12-04T14:48:30+00:00,LOCO_02,MOVING,retrofitted,parking1,
5209.0,2025-12-04T14:49:00+00:00,LOCO_01,MOVING,retrofit,WS_02,
5217.0,2025-12-04T14:57:00+00:00,LOCO_02,MOVING,parking1,track_19,
5220.0,2025-12-04T15:00:00+00:00,LOCO_01,MOVING,WS_02,track_19,
5224.0,2025-12-04T15:04:00+00:00,LOCO_02,MOVING,track_19,retrofit,
5225.0,2025-12-04T15:05:00+00:00,LOCO_01,ALLOCATED,,,batch_transport
5225.0,2025-12-04T15:05:00+00:00,LOCO_01,MOVING,track_19,retrofitted,
5232.0,2025-12-04T15:12:00+00:00,LOCO_02,MOVING,retrofit,WS_01,
5233.0,2025-12-04T15:13:00+00:00,LOCO_01,MOVING,retrofitted,parking12,
5243.0,2025-12-04T15:23:00+00:00,LOCO_02,MOVING,WS_01,track_19,
5248.0,2025-12-04T15:28:00+00:00,LOCO_02,MOVING,track_19,collection1,
5296.5,2025-12-04T16:16:30+00:00,LOCO_01,MOVING,parking12,track_19,
5308.0,2025-12-04T16:28:00+00:00,LOCO_02,ALLOCATED,,,batch_transport
5313.0,2025-12-04T16:33:00+00:00,LOCO_02,MOVING,collection1,retrofit,
5356.5,2025-12-04T17:16:30+00:00,LOCO_01,MOVING,track_19,WS_02,
5363.5,2025-12-04T17:23:30+00:00,LOCO_01,MOVING,WS_02,retrofitted,
5368.5,2025-12-04T17:28:30+00:00,LOCO_01,MOVING,retrofitted,track_19,
5373.5,2025-12-04T17:33:30+00:00,LOCO_01,MOVING,track_19,WS_01,
5380.5,2025-12-04T17:40:30+00:00,LOCO_01,MOVING,WS_01,retrofitted,
5382.0,2025-12-04T17:42:00+00:00,LOCO_02,MOVING,retrofit,track_19,
5385.5,2025-12-04T17:45:30+00:00,LOCO_01,MOVING,retrofitted,track_19,
5387.0,2025-12-04T17:47:00+00:00,LOCO_02,PARKING,,,
5389.0,2025-12-04T17:49:00+00:00,LOCO_02,MOVING,track_19,retrofit,
5390.5,2025-12-04T17:50:30+00:00,LOCO_01,ALLOCATED,,,batch_transport
5390.5,2025-12-04T17:50:30+00:00,LOCO_01,MOVING,track_19,retrofitted,
5397.0,2025-12-04T17:57:00+00:00,LOCO_02,MOVING,retrofit,WS_02,
5397.5,2025-12-04T17:57:30+00:00,LOCO_01,MOVING,retrofitted,parking13,
5408.0,2025-12-04T18:08:00+00:00,LOCO_02,MOVING,WS_02,track_19,
5415.0,2025-12-04T18:15:00+00:00,LOCO_02,MOVING,track_19,retrofit,
5423.0,2025-12-04T18:23:00+00:00,LOCO_02,MOVING,retrofit,WS_01,
5434.0,2025-12-04T18:34:00+00:00,LOCO_02,MOVING,WS_01,track_19,
5439.0,2025-12-04T18:39:00+00:00,LOCO_02,MOVING,track_19,collection2,
5474.0,2025-12-04T19:14:00+00:00,LOCO_01,MOVING,parking13,track_19,
5499.0,2025-12-04T19:39:00+00:00,LOCO_02,ALLOCATED,,,batch_transport
5508.0,2025-12-04T19:48:00+00:00,LOCO_02,MOVING,collection2,retrofit,
5534.0,2025-12-04T20:14:00+00:00,LOCO_01,MOVING,track_19,WS_02,
5541.0,2025-12-04T20:21:00+00:00,LOCO_01,MOVING,WS_02,retrofitted,
5546.0,2025-12-04T20:26:00+00:00,LOCO_01,MOVING,retrofitted,track_19,
5551.0,2025-12-04T20:31:00+00:00,LOCO_01,MOVING,track_19,WS_01,
5558.0,2025-12-04T20:38:00+00:00,LOCO_01,MOVING,WS_01,retrofitted,
5563.0,2025-12-04T20:43:00+00:00,LOCO_01,MOVING,retrofitted,track_19,
5570.0,2025-12-04T20:50:00+00:00,LOCO_01,MOVING,track_19,retrofit,
5578.0,2025-12-04T20:58:00+00:00,LOCO_01,MOVING,retrofit,WS_02,
5589.0,2025-12-04T21:09:00+00:00,LOCO_02,MOVING,retrofit,track_19,
5589.0,2025-12-04T21:09:00+00:00,LOCO_01,MOVING,WS_02,track_19,
5594.0,2025-12-04T21:14:00+00:00,LOCO_02,PARKING,,,
5594.0,2025-12-04T21:14:00+00:00,LOCO_01,ALLOCATED,,,batch_transport
5594.0,2025-12-04T21:14:00+00:00,LOCO_01,MOVING,track_19,retrofitted,
5596.0,2025-12-04T21:16:00+00:00,LOCO_02,MOVING,track_19,retrofit,
5601.0,2025-12-04T21:21:00+00:00,LOCO_01,MOVING,retrofitted,parking14,
5604.0,2025-12-04T21:24:00+00:00,LOCO_02,MOVING,retrofit,WS_01,
5615.0,2025-12-04T21:35:00+00:00,LOCO_02,MOVING,WS_01,track_19,
5620.0,2025-12-04T21:40:00+00:00,LOCO_02,MOVING,track_19,collection1,
5677.5,2025-12-04T22:37:30+00:00,LOCO_01,MOVING,parking14,track_19,
5680.0,2025-12-04T22:40:00+00:00,LOCO_02,ALLOCATED,,,batch_transport
5695.0,2025-12-04T22:55:00+00:00,LOCO_02,MOVING,collection1,retrofit,
5737.5,2025-12-04T23:37:30+00:00,LOCO_01,MOVING,track_19,WS_02,
5744.5,2025-12-04T23:44:30+00:00,LOCO_01,MOVING,WS_02,retrofitted,
5749.5,2025-12-04T23:49:30+00:00,LOCO_01,MOVING,retrofitted,track_19,
5754.5,2025-12-04T23:54:30+00:00,LOCO_01,MOVING,track_19,WS_01,
5761.5,2025-12-05T00:01:30+00:00,LOCO_01,MOVING,WS_01,retrofitted,
5766.5,2025-12-05T00:06:30+00:00,LOCO_01,MOVING,retrofitted,track_19,
5773.5,2025-12-05T00:13:30+00:00,LOCO_01,MOVING,track_19,retrofit,
5781.5,2025-12-05T00:21:30+00:00,LOCO_01,MOVING,retrofit,WS_02,
5792.5,2025-12-05T00:32:30+00:00,LOCO_01,MOVING,WS_02,track_19,
5794.0,2025-12-05T00:34:00+00:00,LOCO_02,MOVING,retrofit,track_19,
5799.0,2025-12-05T00:39:00+00:00,LOCO_02,PARKING,,,
5799.0,2025-12-05T00:39:00+00:00,LOCO_02,ALLOCATED,,,batch_transport
5799.0,2025-12-05T00:39:00+00:00,LOCO_02,MOVING,track_19,retrofitted,
5799.5,2025-12-05T00:39:30+00:00,LOCO_01,MOVING,track_19,retrofit,
5807.0,2025-12-05T00:47:00+00:00,LOCO_02,MOVING,retrofitted,parking15,
5807.5,2025-12-05T00:47:30+00:00,LOCO_01,MOVING,retrofit,WS_01,
5818.5,2025-12-05T00:58:30+00:00,LOCO_01,MOVING,WS_01,track_19,
5823.5,2025-12-05T01:03:30+00:00,LOCO_01,MOVING,track_19,collection2,
5883.5,2025-12-05T02:03:30+00:00,LOCO_01,ALLOCATED,,,batch_transport
5885.5,2025-12-05T02:05:30+00:00,LOCO_02,MOVING,parking15,track_19,
5894.5,2025-12-05T02:14:30+00:00,LOCO_01,MOVING,collection2,retrofit,
5945.5,2025-12-05T03:05:30+00:00,LOCO_02,MOVING,track_19,WS_02,
5952.5,2025-12-05T03:12:30+00:00,LOCO_02,MOVING,WS_02,retrofitted,
5957.5,2025-12-05T03:17:30+00:00,LOCO_02,MOVING,retrofitted,track_19,
5962.5,2025-12-05T03:22:30+00:00,LOCO_02,MOVING,track_19,WS_01,
5969.5,2025-12-05T03:29:30+00:00,LOCO_02,MOVING,WS_01,retrofitted,
5974.5,2025-12-05T03:34:30+00:00,LOCO_02,MOVING,retrofitted,track_19,
5981.5,2025-12-05T03:41:30+00:00,LOCO_01,MOVING,retrofit,track_19,
5981.5,2025-12-05T03:41:30+00:00,LOCO_02,MOVING,track_19,retrofit,
5986.5,2025-12-05T03:46:30+00:00,LOCO_01,PARKING,,,
5988.5,2025-12-05T03:48:30+00:00,LOCO_01,MOVING,track_19,retrofit,
5989.5,2025-12-05T03:49:30+00:00,LOCO_02,MOVING,retrofit,WS_02,
5996.5,2025-12-05T03:56:30+00:00,LOCO_01,MOVING,retrofit,WS_01,
6000.5,2025-12-05T04:00:30+00:00,LOCO_02,MOVING,WS_02,track_19,
6005.5,2025-12-05T04:05:30+00:00,LOCO_02,ALLOCATED,,,batch_transport
6005.5,2025-12-05T04:05:30+00:00,LOCO_02,MOVING,track_19,retrofitted,
6007.5,2025-12-05T04:07:30+00:00,LOCO_01,MOVING,WS_01,track_19,
6012.5,2025-12-05T04:12:30+00:00,LOCO_01,MOVING,track_19,collection1,
6013.5,2025-12-05T04:13:30+00:00,LOCO_02,MOVING,retrofitted,parking13,
6072.5,2025-12-05T05:12:30+00:00,LOCO_01,ALLOCATED,,,batch_transport
6081.5,2025-12-05T05:21:30+00:00,LOCO_01,MOVING,collection1,retrofit,
6092.0,2025-12-05T05:32:00+00:00,LOCO_02,MOVING,parking13,track_19,
6152.0,2025-12-05T06:32:00+00:00,LOCO_02,MOVING,track_19,WS_02,
6159.0,2025-12-05T06:39:00+00:00,LOCO_02,MOVING,WS_02,retrofitted,
6162.5,2025-12-05T06:42:30+00:00,LOCO_01,MOVING,retrofit,track_19,
6164.0,2025-12-05T06:44:00+00:00,LOCO_02,MOVING,retrofitted,track_19,
6167.5,2025-12-05T06:47:30+00:00,LOCO_01,PARKING,,,
6167.5,2025-12-05T06:47:30+00:00,LOCO_01,MOVING,track_19,WS_01,
6169.0,2025-12-05T06:49:00+00:00,LOCO_02,ALLOCATED,,,batch_transport
6169.0,2025-12-05T06:49:00+00:00,LOCO_02,MOVING,track_19,retrofitted,
6174.5,2025-12-05T06:54:30+00:00,LOCO_01,MOVING,WS_01,retrofitted,
6177.0,2025-12-05T06:57:00+00:00,LOCO_02,MOVING,retrofitted,parking14,
6179.5,2025-12-05T06:59:30+00:00,LOCO_01,MOVING,retrofitted,track_19,
6186.5,2025-12-05T07:06:30+00:00,LOCO_01,MOVING,track_19,retrofit,
6194.5,2025-12-05T07:14:30+00:00,LOCO_01,MOVING,retrofit,WS_02,
6205.5,2025-12-05T07:25:30+00:00,LOCO_01,MOVING,WS_02,track_19,
6212.5,2025-12-05T07:32:30+00:00,LOCO_01,MOVING,track_19,retrofit,
6220.5,2025-12-05T07:40:30+00:00,LOCO_01,MOVING,retrofit,WS_01,
6231.5,2025-12-05T07:51:30+00:00,LOCO_01,MOVING,WS_01,track_19,
6236.5,2025-12-05T07:56:30+00:00,LOCO_01,MOVING,track_19,collection2,
6255.5,2025-12-05T08:15:30+00:00,LOCO_02,MOVING,parking14,track_19,
6296.5,2025-12-05T08:56:30+00:00,LOCO_01,ALLOCATED,,,batch_transport
6305.5,2025-12-05T09:05:30+00:00,LOCO_01,MOVING,collection2,retrofit,
6315.5,2025-12-05T09:15:30+00:00,LOCO_02,MOVING,track_19,WS_02,
6322.5,2025-12-05T09:22:30+00:00,LOCO_02,MOVING,WS_02,retrofitted,
6327.5,2025-12-05T09:27:30+00:00,LOCO_02,MOVING,retrofitted,track_19,
6332.5,2025-12-05T09:32:30+00:00,LOCO_02,MOVING,track_19,WS_01,
6339.5,2025-12-05T09:39:30+00:00,LOCO_02,MOVING,WS_01,retrofitted,
6344.5,2025-12-05T09:44:30+00:00,LOCO_02,MOVING,retrofitted,track_19,
6351.5,2025-12-05T09:51:30+00:00,LOCO_02,MOVING,track_19,retrofit,
6359.5,2025-12-05T09:59:30+00:00,LOCO_02,MOVING,retrofit,WS_02,
6370.5,2025-12-05T10:10:30+00:00,LOCO_02,MOVING,WS_02,track_19,
6377.5,2025-12-05T10:17:30+00:00,LOCO_02,MOVING,track_19,retrofit,
6385.5,2025-12-05T10:25:30+00:00,LOCO_02,MOVING,retrofit,WS_01,
6386.5,2025-12-05T10:26:30+00:00,LOCO_01,MOVING,retrofit,track_19,
6391.5,2025-12-05T10:31:30+00:00,LOCO_01,PARKING,,,
6391.5,2025-12-05T10:31:30+00:00,LOCO_01,ALLOCATED,,,batch_transport
6391.5,2025-12-05T10:31:30+00:00,LOCO_01,MOVING,track_19,retrofitted,
6396.5,2025-12-05T10:36:30+00:00,LOCO_02,MOVING,WS_01,track_19,
6399.5,2025-12-05T10:39:30+00:00,LOCO_01,MOVING,retrofitted,parking16,
6401.5,2025-12-05T10:41:30+00:00,LOCO_02,MOVING,track_19,collection1,
6461.5,2025-12-05T11:41:30+00:00,LOCO_02,ALLOCATED,,,batch_transport
6464.5,2025-12-05T11:44:30+00:00,LOCO_02,MOVING,collection1,retrofit,
6523.0,2025-12-05T12:43:00+00:00,LOCO_01,MOVING,parking16,track_19,
6527.5,2025-12-05T12:47:30+00:00,LOCO_02,MOVING,retrofit,track_19,
6532.5,2025-12-05T12:52:30+00:00,LOCO_02,PARKING,,,
6532.5,2025-12-05T12:52:30+00:00,LOCO_02,MOVING,track_19,WS_02,
6539.5,2025-12-05T12:59:30+00:00,LOCO_02,MOVING,WS_02,retrofitted,
6544.5,2025-12-05T13:04:30+00:00,LOCO_02,MOVING,retrofitted,track_19,
6549.5,2025-12-05T13:09:30+00:00,LOCO_02,MOVING,track_19,WS_01,
6556.5,2025-12-05T13:16:30+00:00,LOCO_02,MOVING,WS_01,retrofitted,
6561.5,2025-12-05T13:21:30+00:00,LOCO_02,MOVING,retrofitted,track_19,
6568.5,2025-12-05T13:28:30+00:00,LOCO_02,MOVING,track_19,retrofit,
6576.5,2025-12-05T13:36:30+00:00,LOCO_02,MOVING,retrofit,WS_02,
6585.0,2025-12-05T13:45:00+00:00,LOCO_01,MOVING,track_19,retrofit,
6587.5,2025-12-05T13:47:30+00:00,LOCO_02,MOVING,WS_02,track_19,
6592.5,2025-12-05T13:52:30+00:00,LOCO_02,ALLOCATED,,,batch_transport
6592.5,2025-12-05T13:52:30+00:00,LOCO_02,MOVING,track_19,retrofitted,
6593.0,2025-12-05T13:53:00+00:00,LOCO_01,MOVING,retrofit,WS_01,
6602.5,2025-12-05T14:02:30+00:00,LOCO_02,MOVING,retrofitted,parking12,
6604.0,2025-12-05T14:04:00+00:00,LOCO_01,MOVING,WS_01,track_19,
6609.0,2025-12-05T14:09:00+00:00,LOCO_01,MOVING,track_19,collection2,
6669.0,2025-12-05T15:09:00+00:00,LOCO_01,ALLOCATED,,,batch_transport
6670.0,2025-12-05T15:10:00+00:00,LOCO_02,MOVING,parking12,track_19,
6692.0,2025-12-05T15:32:00+00:00,LOCO_01,MOVING,collection2,retrofit,
6730.0,2025-12-05T16:10:00+00:00,LOCO_02,MOVING,track_19,WS_02,
6737.0,2025-12-05T16:17:00+00:00,LOCO_02,MOVING,WS_02,retrofitted,
6742.0,2025-12-05T16:22:00+00:00,LOCO_02,MOVING,retrofitted,track_19,
6747.0,2025-12-05T16:27:00+00:00,LOCO_02,MOVING,track_19,WS_01,
6754.0,2025-12-05T16:34:00+00:00,LOCO_02,MOVING,WS_01,retrofitted,
6759.0,2025-12-05T16:39:00+00:00,LOCO_02,MOVING,retrofitted,track_19,
6766.0,2025-12-05T16:46:00+00:00,LOCO_02,MOVING,track_19,retrofit,
6774.0,2025-12-05T16:54:00+00:00,LOCO_02,MOVING,retrofit,WS_02,
6785.0,2025-12-05T17:05:00+00:00,LOCO_02,MOVING,WS_02,track_19,
6792.0,2025-12-05T17:12:00+00:00,LOCO_02,MOVING,track_19,retrofit,
6800.0,2025-12-05T17:20:00+00:00,LOCO_02,MOVING,retrofit,WS_01,
6811.0,2025-12-05T17:31:00+00:00,LOCO_02,MOVING,WS_01,track_19,
6815.0,2025-12-05T17:35:00+00:00,LOCO_01,MOVING,retrofit,track_19,
6816.0,2025-12-05T17:36:00+00:00,LOCO_02,ALLOCATED,,,batch_transport
6816.0,2025-12-05T17:36:00+00:00,LOCO_02,MOVING,track_19,retrofitted,
6820.0,2025-12-05T17:40:00+00:00,LOCO_01,PARKING,,,
6820.0,2025-12-05T17:40:00+00:00,LOCO_01,MOVING,track_19,collection1,
6823.0,2025-12-05T17:43:00+00:00,LOCO_02,MOVING,retrofitted,parking1,
6829.5,2025-12-05T17:49:30+00:00,LOCO_02,MOVING,parking1,track_19,
6834.5,2025-12-05T17:54:30+00:00,LOCO_02,MOVING,track_19,collection2,
6880.0,2025-12-05T18:40:00+00:00,LOCO_01,ALLOCATED,,,batch_transport
6883.0,2025-12-05T18:43:00+00:00,LOCO_01,MOVING,collection1,retrofit,
6894.5,2025-12-05T18:54:30+00:00,LOCO_02,ALLOCATED,,,batch_transport
6909.5,2025-12-05T19:09:30+00:00,LOCO_02,MOVING,collection2,retrofit,
6946.0,2025-12-05T19:46:00+00:00,LOCO_01,MOVING,retrofit,track_19,
6951.0,2025-12-05T19:51:00+00:00,LOCO_01,PARKING,,,
6951.0,2025-12-05T19:51:00+00:00,LOCO_01,MOVING,track_19,WS_02,
6958.0,2025-12-05T19:58:00+00:00,LOCO_01,MOVING,WS_02,retrofitted,
6963.0,2025-12-05T20:03:00+00:00,LOCO_01,MOVING,retrofitted,track_19,
6968.0,2025-12-05T20:08:00+00:00,LOCO_01,MOVING,track_19,WS_01,
6975.0,2025-12-05T20:15:00+00:00,LOCO_01,MOVING,WS_01,retrofitted,
6980.0,2025-12-05T20:20:00+00:00,LOCO_01,MOVING,retrofitted,track_19,
6987.0,2025-12-05T20:27:00+00:00,LOCO_01,MOVING,track_19,retrofit,
6995.0,2025-12-05T20:35:00+00:00,LOCO_01,MOVING,retrofit,WS_02,
7006.0,2025-12-05T20:46:00+00:00,LOCO_01,MOVING,WS_02,track_19,
7008.5,2025-12-05T20:48:30+00:00,LOCO_02,MOVING,retrofit,track_19,
7013.0,2025-12-05T20:53:00+00:00,LOCO_01,MOVING,track_19,retrofit,
7013.5,2025-12-05T20:53:30+00:00,LOCO_02,PARKING,,,
7013.5,2025-12-05T20:53:30+00:00,LOCO_02,ALLOCATED,,,batch_transport
7013.5,2025-12-05T20:53:30+00:00,LOCO_02,MOVING,track_19,retrofitted,
7020.5,2025-12-05T21:00:30+00:00,LOCO_02,MOVING,retrofitted,parking15,
7021.0,2025-12-05T21:01:00+00:00,LOCO_01,MOVING,retrofit,WS_01,
7032.0,2025-12-05T21:12:00+00:00,LOCO_01,MOVING,WS_01,track_19,
7037.0,2025-12-05T21:17:00+00:00,LOCO_01,MOVING,track_19,collection1,
7097.0,2025-12-05T22:17:00+00:00,LOCO_01,ALLOCATED,,,batch_transport
7097.0,2025-12-05T22:17:00+00:00,LOCO_02,MOVING,parking15,track_19,
7100.0,2025-12-05T22:20:00+00:00,LOCO_01,MOVING,collection1,retrofit,
7157.0,2025-12-05T23:17:00+00:00,LOCO_02,MOVING,track_19,WS_02,
7163.0,2025-12-05T23:23:00+00:00,LOCO_01,MOVING,retrofit,track_19,
7164.0,2025-12-05T23:24:00+00:00,LOCO_02,MOVING,WS_02,retrofitted,
7168.0,2025-12-05T23:28:00+00:00,LOCO_01,PARKING,,,
7168.0,2025-12-05T23:28:00+00:00,LOCO_01,MOVING,track_19,WS_01,
7169.0,2025-12-05T23:29:00+00:00,LOCO_02,MOVING,retrofitted,track_19,
7174.0,2025-12-05T23:34:00+00:00,LOCO_02,ALLOCATED,,,batch_transport
7174.0,2025-12-05T23:34:00+00:00,LOCO_02,MOVING,track_19,retrofitted,
7175.0,2025-12-05T23:35:00+00:00,LOCO_01,MOVING,WS_01,retrofitted,
7180.0,2025-12-05T23:40:00+00:00,LOCO_01,MOVING,retrofitted,track_19,
7182.0,2025-12-05T23:42:00+00:00,LOCO_02,MOVING,retrofitted,parking10,
7187.0,2025-12-05T23:47:00+00:00,LOCO_01,MOVING,track_19,retrofit,
7195.0,2025-12-05T23:55:00+00:00,LOCO_01,MOVING,retrofit,WS_02,
7206.0,2025-12-06T00:06:00+00:00,LOCO_01,MOVING,WS_02,track_19,
7213.0,2025-12-06T00:13:00+00:00,LOCO_01,MOVING,track_19,retrofit,
7221.0,2025-12-06T00:21:00+00:00,LOCO_01,MOVING,retrofit,WS_01,
7232.0,2025-12-06T00:32:00+00:00,LOCO_01,MOVING,WS_01,track_19,
7237.0,2025-12-06T00:37:00+00:00,LOCO_01,MOVING,track_19,collection2,
7245.5,2025-12-06T00:45:30+00:00,LOCO_02,MOVING,parking10,track_19,
7297.0,2025-12-06T01:37:00+00:00,LOCO_01,ALLOCATED,,,batch_transport
7300.0,2025-12-06T01:40:00+00:00,LOCO_01,MOVING,collection2,retrofit,
7305.5,2025-12-06T01:45:30+00:00,LOCO_02,MOVING,track_19,WS_02,
7312.5,2025-12-06T01:52:30+00:00,LOCO_02,MOVING,WS_02,retrofitted,
7317.5,2025-12-06T01:57:30+00:00,LOCO_02,MOVING,retrofitted,track_19,
7322.5,2025-12-06T02:02:30+00:00,LOCO_02,MOVING,track_19,WS_01,
7329.5,2025-12-06T02:09:30+00:00,LOCO_02,MOVING,WS_01,retrofitted,
7334.5,2025-12-06T02:14:30+00:00,LOCO_02,MOVING,retrofitted,track_19,
7341.5,2025-12-06T02:21:30+00:00,LOCO_02,MOVING,track_19,retrofit,
7349.5,2025-12-06T02:29:30+00:00,LOCO_02,MOVING,retrofit,WS_02,
7360.5,2025-12-06T02:40:30+00:00,LOCO_02,MOVING,WS_02,track_19,
7363.0,2025-12-06T02:43:00+00:00,LOCO_01,MOVING,retrofit,track_19,
7367.5,2025-12-06T02:47:30+00:00,LOCO_02,MOVING,track_19,retrofit,
7368.0,2025-12-06T02:48:00+00:00,LOCO_01,PARKING,,,
7368.0,2025-12-06T02:48:00+00:00,LOCO_01,ALLOCATED,,,batch_transport
7368.0,2025-12-06T02:48:00+00:00,LOCO_01,MOVING,track_19,retrofitted,
7375.5,2025-12-06T02:55:30+00:00,LOCO_02,MOVING,retrofit,WS_01,
7376.0,2025-12-06T02:56:00+00:00,LOCO_01,MOVING,retrofitted,parking14,
7386.5,2025-12-06T03:06:30+00:00,LOCO_02,MOVING,WS_01,track_19,
7391.5,2025-12-06T03:11:30+00:00,LOCO_02,MOVING,track_19,collection1,
7451.5,2025-12-06T04:11:30+00:00,LOCO_02,ALLOCATED,,,batch_transport
7454.5,2025-12-06T04:14:30+00:00,LOCO_02,MOVING,collection1,retrofit,
7454.5,2025-12-06T04:14:30+00:00,LOCO_01,MOVING,parking14,track_19,
7514.5,2025-12-06T05:14:30+00:00,LOCO_01,MOVING,track_19,WS_02,
7517.5,2025-12-06T05:17:30+00:00,LOCO_02,MOVING,retrofit,track_19,
7521.5,2025-12-06T05:21:30+00:00,LOCO_01,MOVING,WS_02,retrofitted,
7522.5,2025-12-06T05:22:30+00:00,LOCO_02,PARKING,,,
7522.5,2025-12-06T05:22:30+00:00,LOCO_02,MOVING,track_19,WS_01,
7526.5,2025-12-06T05:26:30+00:00,LOCO_01,MOVING,retrofitted,track_19,
7529.5,2025-12-06T05:29:30+00:00,LOCO_02,MOVING,WS_01,retrofitted,
7531.5,2025-12-06T05:31:30+00:00,LOCO_01,ALLOCATED,,,batch_transport
7531.5,2025-12-06T05:31:30+00:00,LOCO_01,MOVING,track_19,retrofitted,
7534.5,2025-12-06T05:34:30+00:00,LOCO_02,MOVING,retrofitted,track_19,
7539.5,2025-12-06T05:39:30+00:00,LOCO_01,MOVING,retrofitted,parking15,
7541.5,2025-12-06T05:41:30+00:00,LOCO_02,MOVING,track_19,retrofit,
7549.5,2025-12-06T05:49:30+00:00,LOCO_02,MOVING,retrofit,WS_02,
7560.5,2025-12-06T06:00:30+00:00,LOCO_02,MOVING,WS_02,track_19,
7567.5,2025-12-06T06:07:30+00:00,LOCO_02,MOVING,track_19,retrofit,
7575.5,2025-12-06T06:15:30+00:00,LOCO_02,MOVING,retrofit,WS_01,
7586.5,2025-12-06T06:26:30+00:00,LOCO_02,MOVING,WS_01,track_19,
7591.5,2025-12-06T06:31:30+00:00,LOCO_02,MOVING,track_19,collection2,
7618.0,2025-12-06T06:58:00+00:00,LOCO_01,MOVING,parking15,track_19,
7651.5,2025-12-06T07:31:30+00:00,LOCO_02,ALLOCATED,,,batch_transport
7664.5,2025-12-06T07:44:30+00:00,LOCO_02,MOVING,collection2,retrofit,
7678.0,2025-12-06T07:58:00+00:00,LOCO_01,MOVING,track_19,WS_02,
7685.0,2025-12-06T08:05:00+00:00,LOCO_01,MOVING,WS_02,retrofitted,
7690.0,2025-12-06T08:10:00+00:00,LOCO_01,MOVING,retrofitted,track_19,
7695.0,2025-12-06T08:15:00+00:00,LOCO_01,MOVING,track_19,WS_01,
7702.0,2025-12-06T08:22:00+00:00,LOCO_01,MOVING,WS_01,retrofitted,
7707.0,2025-12-06T08:27:00+00:00,LOCO_01,MOVING,retrofitted,track_19,
7714.0,2025-12-06T08:34:00+00:00,LOCO_01,MOVING,track_19,retrofit,
7722.0,2025-12-06T08:42:00+00:00,LOCO_01,MOVING,retrofit,WS_02,
7733.0,2025-12-06T08:53:00+00:00,LOCO_01,MOVING,WS_02,track_19,
7740.0,2025-12-06T09:00:00+00:00,LOCO_01,MOVING,track_19,retrofit,
7748.0,2025-12-06T09:08:00+00:00,LOCO_01,MOVING,retrofit,WS_01,
7757.5,2025-12-06T09:17:30+00:00,LOCO_02,MOVING,retrofit,track_19,
7759.0,2025-12-06T09:19:00+00:00,LOCO_01,MOVING,WS_01,track_19,
7762.5,2025-12-06T09:22:30+00:00,LOCO_02,PARKING,,,
7762.5,2025-12-06T09:22:30+00:00,LOCO_02,ALLOCATED,,,batch_transport
7762.5,2025-12-06T09:22:30+00:00,LOCO_02,MOVING,track_19,retrofitted,
7764.0,2025-12-06T09:24:00+00:00,LOCO_01,MOVING,track_19,collection1,
7770.5,2025-12-06T09:30:30+00:00,LOCO_02,MOVING,retrofitted,parking13,
7824.0,2025-12-06T10:24:00+00:00,LOCO_01,ALLOCATED,,,batch_transport
7827.0,2025-12-06T10:27:00+00:00,LOCO_01,MOVING,collection1,retrofit,
7849.0,2025-12-06T10:49:00+00:00,LOCO_02,MOVING,parking13,track_19,
7890.0,2025-12-06T11:30:00+00:00,LOCO_01,MOVING,retrofit,track_19,
7895.0,2025-12-06T11:35:00+00:00,LOCO_01,PARKING,,,
7895.0,2025-12-06T11:35:00+00:00,LOCO_01,MOVING,track_19,WS_02,
7902.0,2025-12-06T11:42:00+00:00,LOCO_01,MOVING,WS_02,retrofitted,
7907.0,2025-12-06T11:47:00+00:00,LOCO_01,MOVING,retrofitted,track_19,
7909.0,2025-12-06T11:49:00+00:00,LOCO_02,MOVING,track_19,WS_01,
7912.0,2025-12-06T11:52:00+00:00,LOCO_01,ALLOCATED,,,batch_transport
7912.0,2025-12-06T11:52:00+00:00,LOCO_01,MOVING,track_19,retrofitted,
7916.0,2025-12-06T11:56:00+00:00,LOCO_02,MOVING,WS_01,retrofitted,
7921.0,2025-12-06T12:01:00+00:00,LOCO_01,MOVING,retrofitted,parking16,
7921.0,2025-12-06T12:01:00+00:00,LOCO_02,MOVING,retrofitted,track_19,
7928.0,2025-12-06T12:08:00+00:00,LOCO_02,MOVING,track_19,retrofit,
7936.0,2025-12-06T12:16:00+00:00,LOCO_02,MOVING,retrofit,WS_02,
7947.0,2025-12-06T12:27:00+00:00,LOCO_02,MOVING,WS_02,track_19,
7954.0,2025-12-06T12:34:00+00:00,LOCO_02,MOVING,track_19,retrofit,
7962.0,2025-12-06T12:42:00+00:00,LOCO_02,MOVING,retrofit,WS_01,
7973.0,2025-12-06T12:53:00+00:00,LOCO_02,MOVING,WS_01,track_19,
7978.0,2025-12-06T12:58:00+00:00,LOCO_02,MOVING,track_19,collection2,
8038.0,2025-12-06T13:58:00+00:00,LOCO_02,ALLOCATED,,,batch_transport
8046.5,2025-12-06T14:06:30+00:00,LOCO_01,MOVING,parking16,track_19,
8051.0,2025-12-06T14:11:00+00:00,LOCO_02,MOVING,collection2,retrofit,
8106.5,2025-12-06T15:06:30+00:00,LOCO_01,MOVING,track_19,WS_02,
8113.5,2025-12-06T15:13:30+00:00,LOCO_01,MOVING,WS_02,retrofitted,
8118.5,2025-12-06T15:18:30+00:00,LOCO_01,MOVING,retrofitted,track_19,
8123.5,2025-12-06T15:23:30+00:00,LOCO_01,MOVING,track_19,WS_01,
8130.5,2025-12-06T15:30:30+00:00,LOCO_01,MOVING,WS_01,retrofitted,
8135.5,2025-12-06T15:35:30+00:00,LOCO_01,MOVING,retrofitted,track_19,
8142.5,2025-12-06T15:42:30+00:00,LOCO_01,MOVING,track_19,retrofit,
8144.0,2025-12-06T15:44:00+00:00,LOCO_02,MOVING,retrofit,track_19,
8149.0,2025-12-06T15:49:00+00:00,LOCO_02,PARKING,,,
8150.5,2025-12-06T15:50:30+00:00,LOCO_01,MOVING,retrofit,WS_02,
8151.0,2025-12-06T15:51:00+00:00,LOCO_02,MOVING,track_19,retrofit,
8159.0,2025-12-06T15:59:00+00:00,LOCO_02,MOVING,retrofit,WS_01,
8161.5,2025-12-06T16:01:30+00:00,LOCO_01,MOVING,WS_02,track_19,
8166.5,2025-12-06T16:06:30+00:00,LOCO_01,ALLOCATED,,,batch_transport
8166.5,2025-12-06T16:06:30+00:00,LOCO_01,MOVING,track_19,retrofitted,
8170.0,2025-12-06T16:10:00+00:00,LOCO_02,MOVING,WS_01,track_19,
8173.5,2025-12-06T16:13:30+00:00,LOCO_01,MOVING,retrofitted,parking1,
8175.0,2025-12-06T16:15:00+00:00,LOCO_02,MOVING,track_19,collection1,
8180.0,2025-12-06T16:20:00+00:00,LOCO_01,MOVING,parking1,track_19,
8185.0,2025-12-06T16:25:00+00:00,LOCO_01,MOVING,track_19,collection2,
8235.0,2025-12-06T17:15:00+00:00,LOCO_02,ALLOCATED,,,batch_transport
8238.0,2025-12-06T17:18:00+00:00,LOCO_02,MOVING,collection1,retrofit,
8245.0,2025-12-06T17:25:00+00:00,LOCO_01,ALLOCATED,,,batch_transport
8256.0,2025-12-06T17:36:00+00:00,LOCO_01,MOVING,collection2,retrofit,
8301.0,2025-12-06T18:21:00+00:00,LOCO_02,MOVING,retrofit,track_19,
8306.0,2025-12-06T18:26:00+00:00,LOCO_02,PARKING,,,
8306.0,2025-12-06T18:26:00+00:00,LOCO_02,MOVING,track_19,WS_02,
8313.0,2025-12-06T18:33:00+00:00,LOCO_02,MOVING,WS_02,retrofitted,
8318.0,2025-12-06T18:38:00+00:00,LOCO_02,MOVING,retrofitted,track_19,
8323.0,2025-12-06T18:43:00+00:00,LOCO_02,MOVING,track_19,WS_01,
8330.0,2025-12-06T18:50:00+00:00,LOCO_02,MOVING,WS_01,retrofitted,
8335.0,2025-12-06T18:55:00+00:00,LOCO_02,MOVING,retrofitted,track_19,
8342.0,2025-12-06T19:02:00+00:00,LOCO_02,MOVING,track_19,retrofit,
8343.0,2025-12-06T19:03:00+00:00,LOCO_01,MOVING,retrofit,track_19,
8348.0,2025-12-06T19:08:00+00:00,LOCO_01,PARKING,,,
8350.0,2025-12-06T19:10:00+00:00,LOCO_01,MOVING,track_19,retrofit,
8350.0,2025-12-06T19:10:00+00:00,LOCO_02,MOVING,retrofit,WS_02,
8358.0,2025-12-06T19:18:00+00:00,LOCO_01,MOVING,retrofit,WS_01,
8361.0,2025-12-06T19:21:00+00:00,LOCO_02,MOVING,WS_02,track_19,
8366.0,2025-12-06T19:26:00+00:00,LOCO_02,ALLOCATED,,,batch_transport
8366.0,2025-12-06T19:26:00+00:00,LOCO_02,MOVING,track_19,retrofitted,
8369.0,2025-12-06T19:29:00+00:00,LOCO_01,MOVING,WS_01,track_19,
8374.0,2025-12-06T19:34:00+00:00,LOCO_02,MOVING,retrofitted,parking1,
8374.0,2025-12-06T19:34:00+00:00,LOCO_01,MOVING,track_19,collection1,
8382.5,2025-12-06T19:42:30+00:00,LOCO_02,MOVING,parking1,track_19,
8387.5,2025-12-06T19:47:30+00:00,LOCO_02,MOVING,track_19,collection2,
8434.0,2025-12-06T20:34:00+00:00,LOCO_01,ALLOCATED,,,batch_transport
8437.0,2025-12-06T20:37:00+00:00,LOCO_01,MOVING,collection1,retrofit,
8447.5,2025-12-06T20:47:30+00:00,LOCO_02,ALLOCATED,,,batch_transport
8454.5,2025-12-06T20:54:30+00:00,LOCO_02,MOVING,collection2,retrofit,
8500.0,2025-12-06T21:40:00+00:00,LOCO_01,MOVING,retrofit,track_19,
8505.0,2025-12-06T21:45:00+00:00,LOCO_01,PARKING,,,
8505.0,2025-12-06T21:45:00+00:00,LOCO_01,MOVING,track_19,WS_02,
8512.0,2025-12-06T21:52:00+00:00,LOCO_01,MOVING,WS_02,retrofitted,
8517.0,2025-12-06T21:57:00+00:00,LOCO_01,MOVING,retrofitted,track_19,
8522.0,2025-12-06T22:02:00+00:00,LOCO_01,MOVING,track_19,WS_01,
8529.0,2025-12-06T22:09:00+00:00,LOCO_01,MOVING,WS_01,retrofitted,
8529.5,2025-12-06T22:09:30+00:00,LOCO_02,MOVING,retrofit,track_19,
8534.0,2025-12-06T22:14:00+00:00,LOCO_01,MOVING,retrofitted,track_19,
8534.5,2025-12-06T22:14:30+00:00,LOCO_02,PARKING,,,
8536.5,2025-12-06T22:16:30+00:00,LOCO_02,MOVING,track_19,retrofit,
8539.0,2025-12-06T22:19:00+00:00,LOCO_01,ALLOCATED,,,batch_transport
8539.0,2025-12-06T22:19:00+00:00,LOCO_01,MOVING,track_19,retrofitted,
8544.5,2025-12-06T22:24:30+00:00,LOCO_02,MOVING,retrofit,WS_02,
8547.0,2025-12-06T22:27:00+00:00,LOCO_01,MOVING,retrofitted,parking14,
8555.5,2025-12-06T22:35:30+00:00,LOCO_02,MOVING,WS_02,track_19,
8562.5,2025-12-06T22:42:30+00:00,LOCO_02,MOVING,track_19,retrofit,
8570.5,2025-12-06T22:50:30+00:00,LOCO_02,MOVING,retrofit,WS_01,
8581.5,2025-12-06T23:01:30+00:00,LOCO_02,MOVING,WS_01,track_19,
8586.5,2025-12-06T23:06:30+00:00,LOCO_02,MOVING,track_19,collection1,
8625.5,2025-12-06T23:45:30+00:00,LOCO_01,MOVING,parking14,track_19,
8646.5,2025-12-07T00:06:30+00:00,LOCO_02,ALLOCATED,,,batch_transport
8649.5,2025-12-07T00:09:30+00:00,LOCO_02,MOVING,collection1,retrofit,
8685.5,2025-12-07T00:45:30+00:00,LOCO_01,MOVING,track_19,WS_02,
8692.5,2025-12-07T00:52:30+00:00,LOCO_01,MOVING,WS_02,retrofitted,
8697.5,2025-12-07T00:57:30+00:00,LOCO_01,MOVING,retrofitted,track_19,
8702.5,2025-12-07T01:02:30+00:00,LOCO_01,MOVING,track_19,WS_01,
8709.5,2025-12-07T01:09:30+00:00,LOCO_01,MOVING,WS_01,retrofitted,
8712.5,2025-12-07T01:12:30+00:00,LOCO_02,MOVING,retrofit,track_19,
8714.5,2025-12-07T01:14:30+00:00,LOCO_01,MOVING,retrofitted,track_19,
8717.5,2025-12-07T01:17:30+00:00,LOCO_02,PARKING,,,
8719.5,2025-12-07T01:19:30+00:00,LOCO_02,MOVING,track_19,retrofit,
8719.5,2025-12-07T01:19:30+00:00,LOCO_01,ALLOCATED,,,batch_transport
8719.5,2025-12-07T01:19:30+00:00,LOCO_01,MOVING,track_19,retrofitted,
8727.5,2025-12-07T01:27:30+00:00,LOCO_01,MOVING,retrofitted,parking15,
8727.5,2025-12-07T01:27:30+00:00,LOCO_02,MOVING,retrofit,WS_02,
8738.5,2025-12-07T01:38:30+00:00,LOCO_02,MOVING,WS_02,track_19,
8745.5,2025-12-07T01:45:30+00:00,LOCO_02,MOVING,track_19,retrofit,
8753.5,2025-12-07T01:53:30+00:00,LOCO_02,MOVING,retrofit,WS_01,
8764.5,2025-12-07T02:04:30+00:00,LOCO_02,MOVING,WS_01,track_19,
8769.5,2025-12-07T02:09:30+00:00,LOCO_02,MOVING,track_19,collection2,
8806.0,2025-12-07T02:46:00+00:00,LOCO_01,MOVING,parking15,track_19,
8829.5,2025-12-07T03:09:30+00:00,LOCO_02,ALLOCATED,,,batch_transport
8832.5,2025-12-07T03:12:30+00:00,LOCO_02,MOVING,collection2,retrofit,
8866.0,2025-12-07T03:46:00+00:00,LOCO_01,MOVING,track_19,WS_02,
8873.0,2025-12-07T03:53:00+00:00,LOCO_01,MOVING,WS_02,retrofitted,
8878.0,2025-12-07T03:58:00+00:00,LOCO_01,MOVING,retrofitted,track_19,
8883.0,2025-12-07T04:03:00+00:00,LOCO_01,MOVING,track_19,WS_01,
8890.0,2025-12-07T04:10:00+00:00,LOCO_01,MOVING,WS_01,retrofitted,
8895.0,2025-12-07T04:15:00+00:00,LOCO_01,MOVING,retrofitted,track_19,
8895.5,2025-12-07T04:15:30+00:00,LOCO_02,MOVING,retrofit,track_19,
8900.5,2025-12-07T04:20:30+00:00,LOCO_02,PARKING,,,
8902.0,2025-12-07T04:22:00+00:00,LOCO_01,MOVING,track_19,retrofit,
8902.5,2025-12-07T04:22:30+00:00,LOCO_02,MOVING,track_19,retrofit,
8910.0,2025-12-07T04:30:00+00:00,LOCO_01,MOVING,retrofit,WS_02,
8910.5,2025-12-07T04:30:30+00:00,LOCO_02,MOVING,retrofit,WS_01,
8921.0,2025-12-07T04:41:00+00:00,LOCO_01,MOVING,WS_02,track_19,
8921.5,2025-12-07T04:41:30+00:00,LOCO_02,MOVING,WS_01,track_19,
8926.0,2025-12-07T04:46:00+00:00,LOCO_01,ALLOCATED,,,batch_transport
8926.0,2025-12-07T04:46:00+00:00,LOCO_01,MOVING,track_19,retrofitted,
8926.5,2025-12-07T04:46:30+00:00,LOCO_02,MOVING,track_19,collection1,
8934.0,2025-12-07T04:54:00+00:00,LOCO_01,MOVING,retrofitted,parking13,
8986.5,2025-12-07T05:46:30+00:00,LOCO_02,ALLOCATED,,,batch_transport
8995.5,2025-12-07T05:55:30+00:00,LOCO_02,MOVING,collection1,retrofit,
9012.5,2025-12-07T06:12:30+00:00,LOCO_01,MOVING,parking13,track_19,
9072.5,2025-12-07T07:12:30+00:00,LOCO_01,MOVING,track_19,WS_02,
9076.5,2025-12-07T07:16:30+00:00,LOCO_02,MOVING,retrofit,track_19,
9079.5,2025-12-07T07:19:30+00:00,LOCO_01,MOVING,WS_02,retrofitted,
9081.5,2025-12-07T07:21:30+00:00,LOCO_02,PARKING,,,
9081.5,2025-12-07T07:21:30+00:00,LOCO_02,MOVING,track_19,WS_01,
9084.5,2025-12-07T07:24:30+00:00,LOCO_01,MOVING,retrofitted,track_19,
9088.5,2025-12-07T07:28:30+00:00,LOCO_02,MOVING,WS_01,retrofitted,
9089.5,2025-12-07T07:29:30+00:00,LOCO_01,ALLOCATED,,,batch_transport
9089.5,2025-12-07T07:29:30+00:00,LOCO_01,MOVING,track_19,retrofitted,
9093.5,2025-12-07T07:33:30+00:00,LOCO_02,MOVING,retrofitted,track_19,
9097.5,2025-12-07T07:37:30+00:00,LOCO_01,MOVING,retrofitted,parking10,
9100.5,2025-12-07T07:40:30+00:00,LOCO_02,MOVING,track_19,retrofit,
9108.5,2025-12-07T07:48:30+00:00,LOCO_02,MOVING,retrofit,WS_02,
9119.5,2025-12-07T07:59:30+00:00,LOCO_02,MOVING,WS_02,track_19,
9126.5,2025-12-07T08:06:30+00:00,LOCO_02,MOVING,track_19,retrofit,
9134.5,2025-12-07T08:14:30+00:00,LOCO_02,MOVING,retrofit,WS_01,
9145.5,2025-12-07T08:25:30+00:00,LOCO_02,MOVING,WS_01,track_19,
9150.5,2025-12-07T08:30:30+00:00,LOCO_02,MOVING,track_19,collection2,
9161.0,2025-12-07T08:41:00+00:00,LOCO_01,MOVING,parking10,track_19,
9210.5,2025-12-07T09:30:30+00:00,LOCO_02,ALLOCATED,,,batch_transport
9221.0,2025-12-07T09:41:00+00:00,LOCO_01,MOVING,track_19,WS_02,
9223.5,2025-12-07T09:43:30+00:00,LOCO_02,MOVING,collection2,retrofit,
9228.0,2025-12-07T09:48:00+00:00,LOCO_01,MOVING,WS_02,retrofitted,
9233.0,2025-12-07T09:53:00+00:00,LOCO_01,MOVING,retrofitted,track_19,
9238.0,2025-12-07T09:58:00+00:00,LOCO_01,MOVING,track_19,WS_01,
9245.0,2025-12-07T10:05:00+00:00,LOCO_01,MOVING,WS_01,retrofitted,
9250.0,2025-12-07T10:10:00+00:00,LOCO_01,MOVING,retrofitted,track_19,
9257.0,2025-12-07T10:17:00+00:00,LOCO_01,MOVING,track_19,retrofit,
9265.0,2025-12-07T10:25:00+00:00,LOCO_01,MOVING,retrofit,WS_02,
9276.0,2025-12-07T10:36:00+00:00,LOCO_01,MOVING,WS_02,track_19,
9283.0,2025-12-07T10:43:00+00:00,LOCO_01,MOVING,track_19,retrofit,
9291.0,2025-12-07T10:51:00+00:00,LOCO_01,MOVING,retrofit,WS_01,
9302.0,2025-12-07T11:02:00+00:00,LOCO_01,MOVING,WS_01,track_19,
9307.0,2025-12-07T11:07:00+00:00,LOCO_01,ALLOCATED,,,batch_transport
9307.0,2025-12-07T11:07:00+00:00,LOCO_01,MOVING,track_19,retrofitted,
9315.0,2025-12-07T11:15:00+00:00,LOCO_01,MOVING,retrofitted,parking12,
9316.5,2025-12-07T11:16:30+00:00,LOCO_02,MOVING,retrofit,track_19,
9321.5,2025-12-07T11:21:30+00:00,LOCO_02,PARKING,,,
9321.5,2025-12-07T11:21:30+00:00,LOCO_02,MOVING,track_19,collection1,
9378.5,2025-12-07T12:18:30+00:00,LOCO_01,MOVING,parking12,track_19,
9381.5,2025-12-07T12:21:30+00:00,LOCO_02,ALLOCATED,,,batch_transport
9384.5,2025-12-07T12:24:30+00:00,LOCO_02,MOVING,collection1,retrofit,
9438.5,2025-12-07T13:18:30+00:00,LOCO_01,MOVING,track_19,WS_02,
9445.5,2025-12-07T13:25:30+00:00,LOCO_01,MOVING,WS_02,retrofitted,
9447.5,2025-12-07T13:27:30+00:00,LOCO_02,MOVING,retrofit,track_19,
9450.5,2025-12-07T13:30:30+00:00,LOCO_01,MOVING,retrofitted,track_19,
9452.5,2025-12-07T13:32:30+00:00,LOCO_02,PARKING,,,
9452.5,2025-12-07T13:32:30+00:00,LOCO_02,MOVING,track_19,WS_01,
9455.5,2025-12-07T13:35:30+00:00,LOCO_01,ALLOCATED,,,batch_transport
9455.5,2025-12-07T13:35:30+00:00,LOCO_01,MOVING,track_19,retrofitted,
9459.5,2025-12-07T13:39:30+00:00,LOCO_02,MOVING,WS_01,retrofitted,
9463.5,2025-12-07T13:43:30+00:00,LOCO_01,MOVING,retrofitted,parking1,
9464.5,2025-12-07T13:44:30+00:00,LOCO_02,MOVING,retrofitted,track_19,
9471.5,2025-12-07T13:51:30+00:00,LOCO_02,MOVING,track_19,retrofit,
9472.0,2025-12-07T13:52:00+00:00,LOCO_01,MOVING,parking1,track_19,
9479.0,2025-12-07T13:59:00+00:00,LOCO_01,MOVING,track_19,retrofit,
9479.5,2025-12-07T13:59:30+00:00,LOCO_02,MOVING,retrofit,WS_02,
9487.0,2025-12-07T14:07:00+00:00,LOCO_01,MOVING,retrofit,WS_01,
9490.5,2025-12-07T14:10:30+00:00,LOCO_02,MOVING,WS_02,track_19,
9495.5,2025-12-07T14:15:30+00:00,LOCO_02,ALLOCATED,,,batch_transport
9495.5,2025-12-07T14:15:30+00:00,LOCO_02,MOVING,track_19,retrofitted,
9498.0,2025-12-07T14:18:00+00:00,LOCO_01,MOVING,WS_01,track_19,
9503.0,2025-12-07T14:23:00+00:00,LOCO_01,MOVING,track_19,collection2,
9503.5,2025-12-07T14:23:30+00:00,LOCO_02,MOVING,retrofitted,parking16,
9563.0,2025-12-07T15:23:00+00:00,LOCO_01,ALLOCATED,,,batch_transport
9578.0,2025-12-07T15:38:00+00:00,LOCO_01,MOVING,collection2,retrofit,
9627.0,2025-12-07T16:27:00+00:00,LOCO_02,MOVING,parking16,track_19,
9677.0,2025-12-07T17:17:00+00:00,LOCO_01,MOVING,retrofit,track_19,
9682.0,2025-12-07T17:22:00+00:00,LOCO_01,PARKING,,,
9682.0,2025-12-07T17:22:00+00:00,LOCO_01,MOVING,track_19,WS_02,
9687.0,2025-12-07T17:27:00+00:00,LOCO_02,MOVING,track_19,WS_01,
9689.0,2025-12-07T17:29:00+00:00,LOCO_01,MOVING,WS_02,retrofitted,
9694.0,2025-12-07T17:34:00+00:00,LOCO_02,MOVING,WS_01,retrofitted,
9694.0,2025-12-07T17:34:00+00:00,LOCO_01,MOVING,retrofitted,track_19,
9699.0,2025-12-07T17:39:00+00:00,LOCO_02,MOVING,retrofitted,track_19,
9699.0,2025-12-07T17:39:00+00:00,LOCO_01,ALLOCATED,,,batch_transport
9699.0,2025-12-07T17:39:00+00:00,LOCO_01,MOVING,track_19,retrofitted,
9706.0,2025-12-07T17:46:00+00:00,LOCO_01,MOVING,retrofitted,parking14,
9706.0,2025-12-07T17:46:00+00:00,LOCO_02,MOVING,track_19,retrofit,
9714.0,2025-12-07T17:54:00+00:00,LOCO_02,MOVING,retrofit,WS_02,
9725.0,2025-12-07T18:05:00+00:00,LOCO_02,MOVING,WS_02,track_19,
9732.0,2025-12-07T18:12:00+00:00,LOCO_02,MOVING,track_19,retrofit,
9740.0,2025-12-07T18:20:00+00:00,LOCO_02,MOVING,retrofit,WS_01,
9751.0,2025-12-07T18:31:00+00:00,LOCO_02,MOVING,WS_01,track_19,
9756.0,2025-12-07T18:36:00+00:00,LOCO_02,MOVING,track_19,collection1,
9782.5,2025-12-07T19:02:30+00:00,LOCO_01,MOVING,parking14,track_19,
9816.0,2025-12-07T19:36:00+00:00,LOCO_02,ALLOCATED,,,batch_transport
9819.0,2025-12-07T19:39:00+00:00,LOCO_02,MOVING,collection1,retrofit,
9842.5,2025-12-07T20:02:30+00:00,LOCO_01,MOVING,track_19,WS_02,
9849.5,2025-12-07T20:09:30+00:00,LOCO_01,MOVING,WS_02,retrofitted,
9854.5,2025-12-07T20:14:30+00:00,LOCO_01,MOVING,retrofitted,track_19,
9859.5,2025-12-07T20:19:30+00:00,LOCO_01,MOVING,track_19,WS_01,
9866.5,2025-12-07T20:26:30+00:00,LOCO_01,MOVING,WS_01,retrofitted,
9871.5,2025-12-07T20:31:30+00:00,LOCO_01,MOVING,retrofitted,track_19,
9878.5,2025-12-07T20:38:30+00:00,LOCO_01,MOVING,track_19,retrofit,
9882.0,2025-12-07T20:42:00+00:00,LOCO_02,MOVING,retrofit,track_19,
9886.5,2025-12-07T20:46:30+00:00,LOCO_01,MOVING,retrofit,WS_02,
9887.0,2025-12-07T20:47:00+00:00,LOCO_02,PARKING,,,
9889.0,2025-12-07T20:49:00+00:00,LOCO_02,MOVING,track_19,retrofit,
9897.0,2025-12-07T20:57:00+00:00,LOCO_02,MOVING,retrofit,WS_01,
9897.5,2025-12-07T20:57:30+00:00,LOCO_01,MOVING,WS_02,track_19,
9902.5,2025-12-07T21:02:30+00:00,LOCO_01,ALLOCATED,,,batch_transport
9902.5,2025-12-07T21:02:30+00:00,LOCO_01,MOVING,track_19,retrofitted,
9908.0,2025-12-07T21:08:00+00:00,LOCO_02,MOVING,WS_01,track_19,
9909.5,2025-12-07T21:09:30+00:00,LOCO_01,MOVING,retrofitted,parking13,
9913.0,2025-12-07T21:13:00+00:00,LOCO_02,MOVING,track_19,collection2,
9973.0,2025-12-07T22:13:00+00:00,LOCO_02,ALLOCATED,,,batch_transport
9984.0,2025-12-07T22:24:00+00:00,LOCO_02,MOVING,collection2,retrofit,
9986.0,2025-12-07T22:26:00+00:00,LOCO_01,MOVING,parking13,track_19,
10046.0,2025-12-07T23:26:00+00:00,LOCO_01,MOVING,track_19,WS_02,
10053.0,2025-12-07T23:33:00+00:00,LOCO_01,MOVING,WS_02,retrofitted,
10058.0,2025-12-07T23:38:00+00:00,LOCO_01,MOVING,retrofitted,track_19,
10063.0,2025-12-07T23:43:00+00:00,LOCO_01,MOVING,track_19,WS_01,
10070.0,2025-12-07T23:50:00+00:00,LOCO_01,MOVING,WS_01,retrofitted,
10071.0,2025-12-07T23:51:00+00:00,LOCO_02,MOVING,retrofit,track_19,
10075.0,2025-12-07T23:55:00+00:00,LOCO_01,MOVING,retrofitted,track_19,
10076.0,2025-12-07T23:56:00+00:00,LOCO_02,PARKING,,,
10078.0,2025-12-07T23:58:00+00:00,LOCO_02,MOVING,track_19,retrofit,
10080.0,2025-12-08T00:00:00+00:00,LOCO_01,ALLOCATED,,,batch_transport
10080.0,2025-12-08T00:00:00+00:00,LOCO_01,MOVING,track_19,retrofitted,
10086.0,2025-12-08T00:06:00+00:00,LOCO_02,MOVING,retrofit,WS_02,
10088.0,2025-12-08T00:08:00+00:00,LOCO_01,MOVING,retrofitted,parking15,
10097.0,2025-12-08T00:17:00+00:00,LOCO_02,MOVING,WS_02,track_19,
10104.0,2025-12-08T00:24:00+00:00,LOCO_02,MOVING,track_19,retrofit,
10112.0,2025-12-08T00:32:00+00:00,LOCO_02,MOVING,retrofit,WS_01,
10123.0,2025-12-08T00:43:00+00:00,LOCO_02,MOVING,WS_01,track_19,
10128.0,2025-12-08T00:48:00+00:00,LOCO_02,MOVING,track_19,collection1,
10166.5,2025-12-08T01:26:30+00:00,LOCO_01,MOVING,parking15,track_19,
10188.0,2025-12-08T01:48:00+00:00,LOCO_02,ALLOCATED,,,batch_transport
10205.0,2025-12-08T02:05:00+00:00,LOCO_02,MOVING,collection1,retrofit,
10226.5,2025-12-08T02:26:30+00:00,LOCO_01,MOVING,track_19,WS_02,
10233.5,2025-12-08T02:33:30+00:00,LOCO_01,MOVING,WS_02,retrofitted,
10238.5,2025-12-08T02:38:30+00:00,LOCO_01,MOVING,retrofitted,track_19,
10243.5,2025-12-08T02:43:30+00:00,LOCO_01,MOVING,track_19,WS_01,
10250.5,2025-12-08T02:50:30+00:00,LOCO_01,MOVING,WS_01,retrofitted,
10255.5,2025-12-08T02:55:30+00:00,LOCO_01,MOVING,retrofitted,track_19,
10262.5,2025-12-08T03:02:30+00:00,LOCO_01,MOVING,track_19,retrofit,
10270.5,2025-12-08T03:10:30+00:00,LOCO_01,MOVING,retrofit,WS_02,
10281.5,2025-12-08T03:21:30+00:00,LOCO_01,MOVING,WS_02,track_19,
10288.5,2025-12-08T03:28:30+00:00,LOCO_01,MOVING,track_19,retrofit,
10296.5,2025-12-08T03:36:30+00:00,LOCO_01,MOVING,retrofit,WS_01,
10307.5,2025-12-08T03:47:30+00:00,LOCO_01,MOVING,WS_01,track_19,
10310.0,2025-12-08T03:50:00+00:00,LOCO_02,MOVING,retrofit,track_19,
10312.5,2025-12-08T03:52:30+00:00,LOCO_01,ALLOCATED,,,batch_transport
10312.5,2025-12-08T03:52:30+00:00,LOCO_01,MOVING,track_19,retrofitted,
10315.0,2025-12-08T03:55:00+00:00,LOCO_02,PARKING,,,
10315.0,2025-12-08T03:55:00+00:00,LOCO_02,MOVING,track_19,collection2,
10320.5,2025-12-08T04:00:30+00:00,LOCO_01,MOVING,retrofitted,parking9,
10329.0,2025-12-08T04:09:00+00:00,LOCO_01,MOVING,parking9,track_19,
10334.0,2025-12-08T04:14:00+00:00,LOCO_01,MOVING,track_19,collection1,
10375.0,2025-12-08T04:55:00+00:00,LOCO_02,ALLOCATED,,,batch_transport
10380.0,2025-12-08T05:00:00+00:00,LOCO_02,MOVING,collection2,retrofit,
10394.0,2025-12-08T05:14:00+00:00,LOCO_01,ALLOCATED,,,batch_transport
10407.0,2025-12-08T05:27:00+00:00,LOCO_01,MOVING,collection1,retrofit,
10449.0,2025-12-08T06:09:00+00:00,LOCO_02,MOVING,retrofit,track_19,
10454.0,2025-12-08T06:14:00+00:00,LOCO_02,PARKING,,,
10454.0,2025-12-08T06:14:00+00:00,LOCO_02,MOVING,track_19,WS_02,
10461.0,2025-12-08T06:21:00+00:00,LOCO_02,MOVING,WS_02,retrofitted,
10466.0,2025-12-08T06:26:00+00:00,LOCO_02,MOVING,retrofitted,track_19,
10471.0,2025-12-08T06:31:00+00:00,LOCO_02,MOVING,track_19,WS_01,
10478.0,2025-12-08T06:38:00+00:00,LOCO_02,MOVING,WS_01,retrofitted,
10483.0,2025-12-08T06:43:00+00:00,LOCO_02,MOVING,retrofitted,track_19,
10490.0,2025-12-08T06:50:00+00:00,LOCO_02,MOVING,track_19,retrofit,
10498.0,2025-12-08T06:58:00+00:00,LOCO_02,MOVING,retrofit,WS_02,
10500.0,2025-12-08T07:00:00+00:00,LOCO_01,MOVING,retrofit,track_19,
10505.0,2025-12-08T07:05:00+00:00,LOCO_01,PARKING,,,
10507.0,2025-12-08T07:07:00+00:00,LOCO_01,MOVING,track_19,retrofit,
10509.0,2025-12-08T07:09:00+00:00,LOCO_02,MOVING,WS_02,track_19,
10514.0,2025-12-08T07:14:00+00:00,LOCO_02,ALLOCATED,,,batch_transport
10514.0,2025-12-08T07:14:00+00:00,LOCO_02,MOVING,track_19,retrofitted,
10515.0,2025-12-08T07:15:00+00:00,LOCO_01,MOVING,retrofit,WS_01,
10522.0,2025-12-08T07:22:00+00:00,LOCO_02,MOVING,retrofitted,parking11,
10526.0,2025-12-08T07:26:00+00:00,LOCO_01,MOVING,WS_01,track_19,
10531.0,2025-12-08T07:31:00+00:00,LOCO_01,MOVING,track_19,collection2,
10585.5,2025-12-08T08:25:30+00:00,LOCO_02,MOVING,parking11,track_19,
10591.0,2025-12-08T08:31:00+00:00,LOCO_01,ALLOCATED,,,batch_transport
10594.0,2025-12-08T08:34:00+00:00,LOCO_01,MOVING,collection2,retrofit,
10645.5,2025-12-08T09:25:30+00:00,LOCO_02,MOVING,track_19,WS_02,
10652.5,2025-12-08T09:32:30+00:00,LOCO_02,MOVING,WS_02,retrofitted,
10657.0,2025-12-08T09:37:00+00:00,LOCO_01,MOVING,retrofit,track_19,
10657.5,2025-12-08T09:37:30+00:00,LOCO_02,MOVING,retrofitted,track_19,
10662.0,2025-12-08T09:42:00+00:00,LOCO_01,PARKING,,,
10662.0,2025-12-08T09:42:00+00:00,LOCO_01,MOVING,track_19,WS_01,
10662.5,2025-12-08T09:42:30+00:00,LOCO_02,ALLOCATED,,,batch_transport
10662.5,2025-12-08T09:42:30+00:00,LOCO_02,MOVING,track_19,retrofitted,
10669.0,2025-12-08T09:49:00+00:00,LOCO_01,MOVING,WS_01,retrofitted,
10670.5,2025-12-08T09:50:30+00:00,LOCO_02,MOVING,retrofitted,parking10,
10674.0,2025-12-08T09:54:00+00:00,LOCO_01,MOVING,retrofitted,track_19,
10681.0,2025-12-08T10:01:00+00:00,LOCO_01,MOVING,track_19,retrofit,
10689.0,2025-12-08T10:09:00+00:00,LOCO_01,MOVING,retrofit,WS_02,
10700.0,2025-12-08T10:20:00+00:00,LOCO_01,MOVING,WS_02,track_19,
10707.0,2025-12-08T10:27:00+00:00,LOCO_01,MOVING,track_19,retrofit,
10715.0,2025-12-08T10:35:00+00:00,LOCO_01,MOVING,retrofit,WS_01,
10726.0,2025-12-08T10:46:00+00:00,LOCO_01,MOVING,WS_01,track_19,
10731.0,2025-12-08T10:51:00+00:00,LOCO_01,MOVING,track_19,collection1,
10734.0,2025-12-08T10:54:00+00:00,LOCO_02,MOVING,parking10,track_19,
10791.0,2025-12-08T11:51:00+00:00,LOCO_01,ALLOCATED,,,batch_transport
10794.0,2025-12-08T11:54:00+00:00,LOCO_02,MOVING,track_19,WS_02,
10798.0,2025-12-08T11:58:00+00:00,LOCO_01,MOVING,collection1,retrofit,
10801.0,2025-12-08T12:01:00+00:00,LOCO_02,MOVING,WS_02,retrofitted,
10806.0,2025-12-08T12:06:00+00:00,LOCO_02,MOVING,retrofitted,track_19,
10811.0,2025-12-08T12:11:00+00:00,LOCO_02,MOVING,track_19,WS_01,
10818.0,2025-12-08T12:18:00+00:00,LOCO_02,MOVING,WS_01,retrofitted,
10823.0,2025-12-08T12:23:00+00:00,LOCO_02,MOVING,retrofitted,track_19,
10830.0,2025-12-08T12:30:00+00:00,LOCO_02,MOVING,track_19,retrofit,
10838.0,2025-12-08T12:38:00+00:00,LOCO_02,MOVING,retrofit,WS_02,
10849.0,2025-12-08T12:49:00+00:00,LOCO_02,MOVING,WS_02,track_19,
10856.0,2025-12-08T12:56:00+00:00,LOCO_02,MOVING,track_19,retrofit,
10864.0,2025-12-08T13:04:00+00:00,LOCO_02,MOVING,retrofit,WS_01,
10873.0,2025-12-08T13:13:00+00:00,LOCO_01,MOVING,retrofit,track_19,
10875.0,2025-12-08T13:15:00+00:00,LOCO_02,MOVING,WS_01,track_19,
10878.0,2025-12-08T13:18:00+00:00,LOCO_01,PARKING,,,
10878.0,2025-12-08T13:18:00+00:00,LOCO_01,ALLOCATED,,,batch_transport
10878.0,2025-12-08T13:18:00+00:00,LOCO_01,MOVING,track_19,retrofitted,
10880.0,2025-12-08T13:20:00+00:00,LOCO_02,MOVING,track_19,collection2,
10886.0,2025-12-08T13:26:00+00:00,LOCO_01,MOVING,retrofitted,parking14,
10940.0,2025-12-08T14:20:00+00:00,LOCO_02,ALLOCATED,,,batch_transport
10943.0,2025-12-08T14:23:00+00:00,LOCO_02,MOVING,collection2,retrofit,
10964.5,2025-12-08T14:44:30+00:00,LOCO_01,MOVING,parking14,track_19,
11006.0,2025-12-08T15:26:00+00:00,LOCO_02,MOVING,retrofit,track_19,
11011.0,2025-12-08T15:31:00+00:00,LOCO_02,PARKING,,,
11011.0,2025-12-08T15:31:00+00:00,LOCO_02,MOVING,track_19,WS_02,
11018.0,2025-12-08T15:38:00+00:00,LOCO_02,MOVING,WS_02,retrofitted,
11023.0,2025-12-08T15:43:00+00:00,LOCO_02,MOVING,retrofitted,track_19,
11024.5,2025-12-08T15:44:30+00:00,LOCO_01,MOVING,track_19,WS_01,
11028.0,2025-12-08T15:48:00+00:00,LOCO_02,ALLOCATED,,,batch_transport
11028.0,2025-12-08T15:48:00+00:00,LOCO_02,MOVING,track_19,retrofitted,
11031.5,2025-12-08T15:51:30+00:00,LOCO_01,MOVING,WS_01,retrofitted,
11036.5,2025-12-08T15:56:30+00:00,LOCO_01,MOVING,retrofitted,track_19,
11037.0,2025-12-08T15:57:00+00:00,LOCO_02,MOVING,retrofitted,parking1,
11043.5,2025-12-08T16:03:30+00:00,LOCO_01,MOVING,track_19,retrofit,
11047.5,2025-12-08T16:07:30+00:00,LOCO_02,MOVING,parking1,track_19,
11051.5,2025-12-08T16:11:30+00:00,LOCO_01,MOVING,retrofit,WS_02,
11054.5,2025-12-08T16:14:30+00:00,LOCO_02,MOVING,track_19,retrofit,
11062.5,2025-12-08T16:22:30+00:00,LOCO_02,MOVING,retrofit,WS_01,
11062.5,2025-12-08T16:22:30+00:00,LOCO_01,MOVING,WS_02,track_19,
11067.5,2025-12-08T16:27:30+00:00,LOCO_01,MOVING,track_19,collection1,
11073.5,2025-12-08T16:33:30+00:00,LOCO_02,MOVING,WS_01,track_19,
11078.5,2025-12-08T16:38:30+00:00,LOCO_02,MOVING,track_19,collection2,
11127.5,2025-12-08T17:27:30+00:00,LOCO_01,ALLOCATED,,,batch_transport
11138.5,2025-12-08T17:38:30+00:00,LOCO_02,ALLOCATED,,,batch_transport
11141.5,2025-12-08T17:41:30+00:00,LOCO_02,MOVING,collection2,retrofit,
11142.5,2025-12-08T17:42:30+00:00,LOCO_01,MOVING,collection1,retrofit,
11204.5,2025-12-08T18:44:30+00:00,LOCO_02,MOVING,retrofit,track_19,
11209.5,2025-12-08T18:49:30+00:00,LOCO_02,PARKING,,,
11209.5,2025-12-08T18:49:30+00:00,LOCO_02,MOVING,track_19,WS_02,
11216.5,2025-12-08T18:56:30+00:00,LOCO_02,MOVING,WS_02,retrofitted,
11221.5,2025-12-08T19:01:30+00:00,LOCO_02,MOVING,retrofitted,track_19,
11226.5,2025-12-08T19:06:30+00:00,LOCO_02,MOVING,track_19,WS_01,
11233.5,2025-12-08T19:13:30+00:00,LOCO_02,MOVING,WS_01,retrofitted,
11238.5,2025-12-08T19:18:30+00:00,LOCO_02,MOVING,retrofitted,track_19,
11241.5,2025-12-08T19:21:30+00:00,LOCO_01,MOVING,retrofit,track_19,
11245.5,2025-12-08T19:25:30+00:00,LOCO_02,MOVING,track_19,retrofit,
11246.5,2025-12-08T19:26:30+00:00,LOCO_01,PARKING,,,
11248.5,2025-12-08T19:28:30+00:00,LOCO_01,MOVING,track_19,retrofit,
11253.5,2025-12-08T19:33:30+00:00,LOCO_02,MOVING,retrofit,WS_02,
11256.5,2025-12-08T19:36:30+00:00,LOCO_01,MOVING,retrofit,WS_01,
11264.5,2025-12-08T19:44:30+00:00,LOCO_02,MOVING,WS_02,track_19,
11267.5,2025-12-08T19:47:30+00:00,LOCO_01,MOVING,WS_01,track_19,
11269.5,2025-12-08T19:49:30+00:00,LOCO_02,ALLOCATED,,,batch_transport
11269.5,2025-12-08T19:49:30+00:00,LOCO_02,MOVING,track_19,retrofitted,
11272.5,2025-12-08T19:52:30+00:00,LOCO_01,MOVING,track_19,collection2,
11276.5,2025-12-08T19:56:30+00:00,LOCO_02,MOVING,retrofitted,parking13,
11332.5,2025-12-08T20:52:30+00:00,LOCO_01,ALLOCATED,,,batch_transport
11339.5,2025-12-08T20:59:30+00:00,LOCO_01,MOVING,collection2,retrofit,
11353.0,2025-12-08T21:13:00+00:00,LOCO_02,MOVING,parking13,track_19,
11413.0,2025-12-08T22:13:00+00:00,LOCO_02,MOVING,track_19,WS_02,
11414.5,2025-12-08T22:14:30+00:00,LOCO_01,MOVING,retrofit,track_19,
11419.5,2025-12-08T22:19:30+00:00,LOCO_01,PARKING,,,
11419.5,2025-12-08T22:19:30+00:00,LOCO_01,MOVING,track_19,WS_01,
11420.0,2025-12-08T22:20:00+00:00,LOCO_02,MOVING,WS_02,retrofitted,
11425.0,2025-12-08T22:25:00+00:00,LOCO_02,MOVING,retrofitted,track_19,
11426.5,2025-12-08T22:26:30+00:00,LOCO_01,MOVING,WS_01,retrofitted,
11430.0,2025-12-08T22:30:00+00:00,LOCO_02,ALLOCATED,,,batch_transport
11430.0,2025-12-08T22:30:00+00:00,LOCO_02,MOVING,track_19,retrofitted,
11431.5,2025-12-08T22:31:30+00:00,LOCO_01,MOVING,retrofitted,track_19,
11438.0,2025-12-08T22:38:00+00:00,LOCO_02,MOVING,retrofitted,parking16,
11438.5,2025-12-08T22:38:30+00:00,LOCO_01,MOVING,track_19,retrofit,
11446.5,2025-12-08T22:46:30+00:00,LOCO_01,MOVING,retrofit,WS_02,
11457.5,2025-12-08T22:57:30+00:00,LOCO_01,MOVING,WS_02,track_19,
11464.5,2025-12-08T23:04:30+00:00,LOCO_01,MOVING,track_19,retrofit,
11472.5,2025-12-08T23:12:30+00:00,LOCO_01,MOVING,retrofit,WS_01,
11483.5,2025-12-08T23:23:30+00:00,LOCO_01,MOVING,WS_01,track_19,
11488.5,2025-12-08T23:28:30+00:00,LOCO_01,MOVING,track_19,collection1,
11548.5,2025-12-09T00:28:30+00:00,LOCO_01,ALLOCATED,,,batch_transport
11555.5,2025-12-09T00:35:30+00:00,LOCO_01,MOVING,collection1,retrofit,
11561.5,2025-12-09T00:41:30+00:00,LOCO_02,MOVING,parking16,track_19,
11621.5,2025-12-09T01:41:30+00:00,LOCO_02,MOVING,track_19,WS_02,
11628.5,2025-12-09T01:48:30+00:00,LOCO_02,MOVING,WS_02,retrofitted,
11630.5,2025-12-09T01:50:30+00:00,LOCO_01,MOVING,retrofit,track_19,
11633.5,2025-12-09T01:53:30+00:00,LOCO_02,MOVING,retrofitted,track_19,
11635.5,2025-12-09T01:55:30+00:00,LOCO_01,PARKING,,,
11635.5,2025-12-09T01:55:30+00:00,LOCO_01,MOVING,track_19,WS_01,
11638.5,2025-12-09T01:58:30+00:00,LOCO_02,ALLOCATED,,,batch_transport
11638.5,2025-12-09T01:58:30+00:00,LOCO_02,MOVING,track_19,retrofitted,
11642.5,2025-12-09T02:02:30+00:00,LOCO_01,MOVING,WS_01,retrofitted,
11646.5,2025-12-09T02:06:30+00:00,LOCO_02,MOVING,retrofitted,parking13,
11647.5,2025-12-09T02:07:30+00:00,LOCO_01,MOVING,retrofitted,track_19,
11654.5,2025-12-09T02:14:30+00:00,LOCO_01,MOVING,track_19,retrofit,
11662.5,2025-12-09T02:22:30+00:00,LOCO_01,MOVING,retrofit,WS_02,
11673.5,2025-12-09T02:33:30+00:00,LOCO_01,MOVING,WS_02,track_19,
11680.5,2025-12-09T02:40:30+00:00,LOCO_01,MOVING,track_19,retrofit,
11688.5,2025-12-09T02:48:30+00:00,LOCO_01,MOVING,retrofit,WS_01,
11699.5,2025-12-09T02:59:30+00:00,LOCO_01,MOVING,WS_01,track_19,
11704.5,2025-12-09T03:04:30+00:00,LOCO_01,MOVING,track_19,collection2,
11725.0,2025-12-09T03:25:00+00:00,LOCO_02,MOVING,parking13,track_19,
11764.5,2025-12-09T04:04:30+00:00,LOCO_01,ALLOCATED,,,batch_transport
11767.5,2025-12-09T04:07:30+00:00,LOCO_01,MOVING,collection2,retrofit,
11785.0,2025-12-09T04:25:00+00:00,LOCO_02,MOVING,track_19,WS_02,
11792.0,2025-12-09T04:32:00+00:00,LOCO_02,MOVING,WS_02,retrofitted,
11797.0,2025-12-09T04:37:00+00:00,LOCO_02,MOVING,retrofitted,track_19,
11802.0,2025-12-09T04:42:00+00:00,LOCO_02,MOVING,track_19,WS_01,
11809.0,2025-12-09T04:49:00+00:00,LOCO_02,MOVING,WS_01,retrofitted,
11814.0,2025-12-09T04:54:00+00:00,LOCO_02,MOVING,retrofitted,track_19,
11821.0,2025-12-09T05:01:00+00:00,LOCO_02,MOVING,track_19,retrofit,
11829.0,2025-12-09T05:09:00+00:00,LOCO_02,MOVING,retrofit,WS_02,
11830.5,2025-12-09T05:10:30+00:00,LOCO_01,MOVING,retrofit,track_19,
11835.5,2025-12-09T05:15:30+00:00,LOCO_01,PARKING,,,
11837.5,2025-12-09T05:17:30+00:00,LOCO_01,MOVING,track_19,retrofit,
11840.0,2025-12-09T05:20:00+00:00,LOCO_02,MOVING,WS_02,track_19,
11845.0,2025-12-09T05:25:00+00:00,LOCO_02,ALLOCATED,,,batch_transport
11845.0,2025-12-09T05:25:00+00:00,LOCO_02,MOVING,track_19,retrofitted,
11845.5,2025-12-09T05:25:30+00:00,LOCO_01,MOVING,retrofit,WS_01,
11853.0,2025-12-09T05:33:00+00:00,LOCO_02,MOVING,retrofitted,parking12,
11856.5,2025-12-09T05:36:30+00:00,LOCO_01,MOVING,WS_01,track_19,
11861.5,2025-12-09T05:41:30+00:00,LOCO_01,MOVING,track_19,collection1,
11916.5,2025-12-09T06:36:30+00:00,LOCO_02,MOVING,parking12,track_19,
11921.5,2025-12-09T06:41:30+00:00,LOCO_01,ALLOCATED,,,batch_transport
11928.5,2025-12-09T06:48:30+00:00,LOCO_01,MOVING,collection1,retrofit,
11976.5,2025-12-09T07:36:30+00:00,LOCO_02,MOVING,track_19,WS_02,
11983.5,2025-12-09T07:43:30+00:00,LOCO_02,MOVING,WS_02,retrofitted,
11988.5,2025-12-09T07:48:30+00:00,LOCO_02,MOVING,retrofitted,track_19,
11993.5,2025-12-09T07:53:30+00:00,LOCO_02,MOVING,track_19,WS_01,
12000.5,2025-12-09T08:00:30+00:00,LOCO_02,MOVING,WS_01,retrofitted,
12003.5,2025-12-09T08:03:30+00:00,LOCO_01,MOVING,retrofit,track_19,
12005.5,2025-12-09T08:05:30+00:00,LOCO_02,MOVING,retrofitted,track_19,
12008.5,2025-12-09T08:08:30+00:00,LOCO_01,PARKING,,,
12010.5,2025-12-09T08:10:30+00:00,LOCO_01,MOVING,track_19,retrofit,
12010.5,2025-12-09T08:10:30+00:00,LOCO_02,ALLOCATED,,,batch_transport
12010.5,2025-12-09T08:10:30+00:00,LOCO_02,MOVING,track_19,retrofitted,
12018.5,2025-12-09T08:18:30+00:00,LOCO_02,MOVING,retrofitted,parking15,
12018.5,2025-12-09T08:18:30+00:00,LOCO_01,MOVING,retrofit,WS_02,
12029.5,2025-12-09T08:29:30+00:00,LOCO_01,MOVING,WS_02,track_19,
12036.5,2025-12-09T08:36:30+00:00,LOCO_01,MOVING,track_19,retrofit,
12044.5,2025-12-09T08:44:30+00:00,LOCO_01,MOVING,retrofit,WS_01,
12055.5,2025-12-09T08:55:30+00:00,LOCO_01,MOVING,WS_01,track_19,
12060.5,2025-12-09T09:00:30+00:00,LOCO_01,MOVING,track_19,collection2,
12097.0,2025-12-09T09:37:00+00:00,LOCO_02,MOVING,parking15,track_19,
12120.5,2025-12-09T10:00:30+00:00,LOCO_01,ALLOCATED,,,batch_transport
12135.5,2025-12-09T10:15:30+00:00,LOCO_01,MOVING,collection2,retrofit,
12157.0,2025-12-09T10:37:00+00:00,LOCO_02,MOVING,track_19,WS_02,
12164.0,2025-12-09T10:44:00+00:00,LOCO_02,MOVING,WS_02,retrofitted,
12169.0,2025-12-09T10:49:00+00:00,LOCO_02,MOVING,retrofitted,track_19,
12174.0,2025-12-09T10:54:00+00:00,LOCO_02,MOVING,track_19,WS_01,
12181.0,2025-12-09T11:01:00+00:00,LOCO_02,MOVING,WS_01,retrofitted,
12186.0,2025-12-09T11:06:00+00:00,LOCO_02,MOVING,retrofitted,track_19,
12193.0,2025-12-09T11:13:00+00:00,LOCO_02,MOVING,track_19,retrofit,
12201.0,2025-12-09T11:21:00+00:00,LOCO_02,MOVING,retrofit,WS_02,
12212.0,2025-12-09T11:32:00+00:00,LOCO_02,MOVING,WS_02,track_19,
12219.0,2025-12-09T11:39:00+00:00,LOCO_02,MOVING,track_19,retrofit,
12227.0,2025-12-09T11:47:00+00:00,LOCO_02,MOVING,retrofit,WS_01,
12234.5,2025-12-09T11:54:30+00:00,LOCO_01,MOVING,retrofit,track_19,
12238.0,2025-12-09T11:58:00+00:00,LOCO_02,MOVING,WS_01,track_19,
12239.5,2025-12-09T11:59:30+00:00,LOCO_01,PARKING,,,
12239.5,2025-12-09T11:59:30+00:00,LOCO_01,ALLOCATED,,,batch_transport
12239.5,2025-12-09T11:59:30+00:00,LOCO_01,MOVING,track_19,retrofitted,
12243.0,2025-12-09T12:03:00+00:00,LOCO_02,MOVING,track_19,collection1,
12247.5,2025-12-09T12:07:30+00:00,LOCO_01,MOVING,retrofitted,parking9,
12256.0,2025-12-09T12:16:00+00:00,LOCO_01,MOVING,parking9,track_19,
12261.0,2025-12-09T12:21:00+00:00,LOCO_01,MOVING,track_19,collection2,
12303.0,2025-12-09T13:03:00+00:00,LOCO_02,ALLOCATED,,,batch_transport
12308.0,2025-12-09T13:08:00+00:00,LOCO_02,MOVING,collection1,retrofit,
12321.0,2025-12-09T13:21:00+00:00,LOCO_01,ALLOCATED,,,batch_transport
12338.0,2025-12-09T13:38:00+00:00,LOCO_01,MOVING,collection2,retrofit,
12377.0,2025-12-09T14:17:00+00:00,LOCO_02,MOVING,retrofit,track_19,
12382.0,2025-12-09T14:22:00+00:00,LOCO_02,PARKING,,,
12382.0,2025-12-09T14:22:00+00:00,LOCO_02,MOVING,track_19,WS_02,
12389.0,2025-12-09T14:29:00+00:00,LOCO_02,MOVING,WS_02,retrofitted,
12394.0,2025-12-09T14:34:00+00:00,LOCO_02,MOVING,retrofitted,track_19,
12399.0,2025-12-09T14:39:00+00:00,LOCO_02,MOVING,track_19,WS_01,
12406.0,2025-12-09T14:46:00+00:00,LOCO_02,MOVING,WS_01,retrofitted,
12411.0,2025-12-09T14:51:00+00:00,LOCO_02,MOVING,retrofitted,track_19,
12418.0,2025-12-09T14:58:00+00:00,LOCO_02,MOVING,track_19,retrofit,
12426.0,2025-12-09T15:06:00+00:00,LOCO_02,MOVING,retrofit,WS_02,
12437.0,2025-12-09T15:17:00+00:00,LOCO_02,MOVING,WS_02,track_19,
12443.0,2025-12-09T15:23:00+00:00,LOCO_01,MOVING,retrofit,track_19,
12444.0,2025-12-09T15:24:00+00:00,LOCO_02,MOVING,track_19,retrofit,
12448.0,2025-12-09T15:28:00+00:00,LOCO_01,PARKING,,,
12448.0,2025-12-09T15:28:00+00:00,LOCO_01,ALLOCATED,,,batch_transport
12448.0,2025-12-09T15:28:00+00:00,LOCO_01,MOVING,track_19,retrofitted,
12452.0,2025-12-09T15:32:00+00:00,LOCO_02,MOVING,retrofit,WS_01,
12456.0,2025-12-09T15:36:00+00:00,LOCO_01,MOVING,retrofitted,parking11,
12463.0,2025-12-09T15:43:00+00:00,LOCO_02,MOVING,WS_01,track_19,
12468.0,2025-12-09T15:48:00+00:00,LOCO_02,MOVING,track_19,collection1,
12519.5,2025-12-09T16:39:30+00:00,LOCO_01,MOVING,parking11,track_19,
12528.0,2025-12-09T16:48:00+00:00,LOCO_02,ALLOCATED,,,batch_transport
12531.0,2025-12-09T16:51:00+00:00,LOCO_02,MOVING,collection1,retrofit,
12579.5,2025-12-09T17:39:30+00:00,LOCO_01,MOVING,track_19,WS_02,
12586.5,2025-12-09T17:46:30+00:00,LOCO_01,MOVING,WS_02,retrofitted,
12591.5,2025-12-09T17:51:30+00:00,LOCO_01,MOVING,retrofitted,track_19,
12594.0,2025-12-09T17:54:00+00:00,LOCO_02,MOVING,retrofit,track_19,
12596.5,2025-12-09T17:56:30+00:00,LOCO_01,MOVING,track_19,WS_01,
12599.0,2025-12-09T17:59:00+00:00,LOCO_02,PARKING,,,
12601.0,2025-12-09T18:01:00+00:00,LOCO_02,MOVING,track_19,retrofit,
12603.5,2025-12-09T18:03:30+00:00,LOCO_01,MOVING,WS_01,retrofitted,
12608.5,2025-12-09T18:08:30+00:00,LOCO_01,MOVING,retrofitted,track_19,
12609.0,2025-12-09T18:09:00+00:00,LOCO_02,MOVING,retrofit,WS_02,
12613.5,2025-12-09T18:13:30+00:00,LOCO_01,ALLOCATED,,,batch_transport
12613.5,2025-12-09T18:13:30+00:00,LOCO_01,MOVING,track_19,retrofitted,
12620.0,2025-12-09T18:20:00+00:00,LOCO_02,MOVING,WS_02,track_19,
12621.5,2025-12-09T18:21:30+00:00,LOCO_01,MOVING,retrofitted,parking10,
12627.0,2025-12-09T18:27:00+00:00,LOCO_02,MOVING,track_19,retrofit,
12635.0,2025-12-09T18:35:00+00:00,LOCO_02,MOVING,retrofit,WS_01,
12646.0,2025-12-09T18:46:00+00:00,LOCO_02,MOVING,WS_01,track_19,
12651.0,2025-12-09T18:51:00+00:00,LOCO_02,MOVING,track_19,collection2,
12685.0,2025-12-09T19:25:00+00:00,LOCO_01,MOVING,parking10,track_19,
12711.0,2025-12-09T19:51:00+00:00,LOCO_02,ALLOCATED,,,batch_transport
12718.0,2025-12-09T19:58:00+00:00,LOCO_02,MOVING,collection2,retrofit,
12745.0,2025-12-09T20:25:00+00:00,LOCO_01,MOVING,track_19,WS_02,
12752.0,2025-12-09T20:32:00+00:00,LOCO_01,MOVING,WS_02,retrofitted,
12757.0,2025-12-09T20:37:00+00:00,LOCO_01,MOVING,retrofitted,track_19,
12762.0,2025-12-09T20:42:00+00:00,LOCO_01,MOVING,track_19,WS_01,
12769.0,2025-12-09T20:49:00+00:00,LOCO_01,MOVING,WS_01,retrofitted,
12774.0,2025-12-09T20:54:00+00:00,LOCO_01,MOVING,retrofitted,track_19,
12781.0,2025-12-09T21:01:00+00:00,LOCO_01,MOVING,track_19,retrofit,
12789.0,2025-12-09T21:09:00+00:00,LOCO_01,MOVING,retrofit,WS_02,
12793.0,2025-12-09T21:13:00+00:00,LOCO_02,MOVING,retrofit,track_19,
12798.0,2025-12-09T21:18:00+00:00,LOCO_02,PARKING,,,
12800.0,2025-12-09T21:20:00+00:00,LOCO_02,MOVING,track_19,retrofit,
12800.0,2025-12-09T21:20:00+00:00,LOCO_01,MOVING,WS_02,track_19,
12805.0,2025-12-09T21:25:00+00:00,LOCO_01,ALLOCATED,,,batch_transport
12805.0,2025-12-09T21:25:00+00:00,LOCO_01,MOVING,track_19,retrofitted,
12808.0,2025-12-09T21:28:00+00:00,LOCO_02,MOVING,retrofit,WS_01,
12813.0,2025-12-09T21:33:00+00:00,LOCO_01,MOVING,retrofitted,parking14,
12819.0,2025-12-09T21:39:00+00:00,LOCO_02,MOVING,WS_01,track_19,
12824.0,2025-12-09T21:44:00+00:00,LOCO_02,MOVING,track_19,collection1,
12884.0,2025-12-09T22:44:00+00:00,LOCO_02,ALLOCATED,,,batch_transport
12891.0,2025-12-09T22:51:00+00:00,LOCO_02,MOVING,collection1,retrofit,
12891.5,2025-12-09T22:51:30+00:00,LOCO_01,MOVING,parking14,track_19,
12951.5,2025-12-09T23:51:30+00:00,LOCO_01,MOVING,track_19,WS_02,
12958.5,2025-12-09T23:58:30+00:00,LOCO_01,MOVING,WS_02,retrofitted,
12963.5,2025-12-10T00:03:30+00:00,LOCO_01,MOVING,retrofitted,track_19,
12966.0,2025-12-10T00:06:00+00:00,LOCO_02,MOVING,retrofit,track_19,
12968.5,2025-12-10T00:08:30+00:00,LOCO_01,MOVING,track_19,WS_01,
12971.0,2025-12-10T00:11:00+00:00,LOCO_02,PARKING,,,
12973.0,2025-12-10T00:13:00+00:00,LOCO_02,MOVING,track_19,retrofit,
12975.5,2025-12-10T00:15:30+00:00,LOCO_01,MOVING,WS_01,retrofitted,
12980.5,2025-12-10T00:20:30+00:00,LOCO_01,MOVING,retrofitted,track_19,
12981.0,2025-12-10T00:21:00+00:00,LOCO_02,MOVING,retrofit,WS_02,
12985.5,2025-12-10T00:25:30+00:00,LOCO_01,ALLOCATED,,,batch_transport
12985.5,2025-12-10T00:25:30+00:00,LOCO_01,MOVING,track_19,retrofitted,
12992.0,2025-12-10T00:32:00+00:00,LOCO_02,MOVING,WS_02,track_19,
12993.5,2025-12-10T00:33:30+00:00,LOCO_01,MOVING,retrofitted,parking2,
12999.0,2025-12-10T00:39:00+00:00,LOCO_02,MOVING,track_19,retrofit,
13002.0,2025-12-10T00:42:00+00:00,LOCO_01,MOVING,parking2,track_19,
13007.0,2025-12-10T00:47:00+00:00,LOCO_02,MOVING,retrofit,WS_01,
13007.0,2025-12-10T00:47:00+00:00,LOCO_01,MOVING,track_19,collection2,
13018.0,2025-12-10T00:58:00+00:00,LOCO_02,MOVING,WS_01,track_19,
13023.0,2025-12-10T01:03:00+00:00,LOCO_02,ALLOCATED,,,batch_transport
13023.0,2025-12-10T01:03:00+00:00,LOCO_02,MOVING,track_19,retrofitted,
13031.0,2025-12-10T01:11:00+00:00,LOCO_02,MOVING,retrofitted,parking6,
13039.5,2025-12-10T01:19:30+00:00,LOCO_02,MOVING,parking6,track_19,
13044.5,2025-12-10T01:24:30+00:00,LOCO_02,MOVING,track_19,collection1,
13067.0,2025-12-10T01:47:00+00:00,LOCO_01,ALLOCATED,,,batch_transport
13080.0,2025-12-10T02:00:00+00:00,LOCO_01,MOVING,collection2,retrofit,
13104.5,2025-12-10T02:24:30+00:00,LOCO_02,ALLOCATED,,,batch_transport
13109.5,2025-12-10T02:29:30+00:00,LOCO_02,MOVING,collection1,retrofit,
13173.0,2025-12-10T03:33:00+00:00,LOCO_01,MOVING,retrofit,track_19,
13178.0,2025-12-10T03:38:00+00:00,LOCO_01,PARKING,,,
13178.0,2025-12-10T03:38:00+00:00,LOCO_01,MOVING,track_19,WS_02,
13178.5,2025-12-10T03:38:30+00:00,LOCO_02,MOVING,retrofit,track_19,
13183.5,2025-12-10T03:43:30+00:00,LOCO_02,PARKING,,,
13183.5,2025-12-10T03:43:30+00:00,LOCO_02,MOVING,track_19,WS_01,
13185.0,2025-12-10T03:45:00+00:00,LOCO_01,MOVING,WS_02,retrofitted,
13190.0,2025-12-10T03:50:00+00:00,LOCO_01,MOVING,retrofitted,track_19,
13190.5,2025-12-10T03:50:30+00:00,LOCO_02,MOVING,WS_01,retrofitted,
13195.0,2025-12-10T03:55:00+00:00,LOCO_01,MOVING,track_19,collection2,
13195.5,2025-12-10T03:55:30+00:00,LOCO_02,MOVING,retrofitted,track_19,
13202.5,2025-12-10T04:02:30+00:00,LOCO_02,MOVING,track_19,retrofit,
13210.5,2025-12-10T04:10:30+00:00,LOCO_02,MOVING,retrofit,WS_02,
13221.5,2025-12-10T04:21:30+00:00,LOCO_02,MOVING,WS_02,track_19,
13228.5,2025-12-10T04:28:30+00:00,LOCO_02,MOVING,track_19,retrofit,
13236.5,2025-12-10T04:36:30+00:00,LOCO_02,MOVING,retrofit,WS_01,
13247.5,2025-12-10T04:47:30+00:00,LOCO_02,MOVING,WS_01,track_19,
13252.5,2025-12-10T04:52:30+00:00,LOCO_02,ALLOCATED,,,batch_transport
13252.5,2025-12-10T04:52:30+00:00,LOCO_02,MOVING,track_19,retrofitted,
13255.0,2025-12-10T04:55:00+00:00,LOCO_01,ALLOCATED,,,batch_transport
13258.0,2025-12-10T04:58:00+00:00,LOCO_01,MOVING,collection2,retrofit,
13259.5,2025-12-10T04:59:30+00:00,LOCO_02,MOVING,retrofitted,parking3,
13266.0,2025-12-10T05:06:00+00:00,LOCO_02,MOVING,parking3,track_19,
13271.0,2025-12-10T05:11:00+00:00,LOCO_02,MOVING,track_19,collection1,
13321.0,2025-12-10T06:01:00+00:00,LOCO_01,MOVING,retrofit,track_19,
13326.0,2025-12-10T06:06:00+00:00,LOCO_01,PARKING,,,
13326.0,2025-12-10T06:06:00+00:00,LOCO_01,MOVING,track_19,WS_02,
13331.0,2025-12-10T06:11:00+00:00,LOCO_02,ALLOCATED,,,batch_transport
13333.0,2025-12-10T06:13:00+00:00,LOCO_01,MOVING,WS_02,retrofitted,
13334.0,2025-12-10T06:14:00+00:00,LOCO_02,MOVING,collection1,retrofit,
13338.0,2025-12-10T06:18:00+00:00,LOCO_01,MOVING,retrofitted,track_19,
13343.0,2025-12-10T06:23:00+00:00,LOCO_01,MOVING,track_19,WS_01,
13350.0,2025-12-10T06:30:00+00:00,LOCO_01,MOVING,WS_01,retrofitted,
13355.0,2025-12-10T06:35:00+00:00,LOCO_01,MOVING,retrofitted,track_19,
13362.0,2025-12-10T06:42:00+00:00,LOCO_01,MOVING,track_19,retrofit,
13370.0,2025-12-10T06:50:00+00:00,LOCO_01,MOVING,retrofit,WS_02,
13381.0,2025-12-10T07:01:00+00:00,LOCO_01,MOVING,WS_02,track_19,
13388.0,2025-12-10T07:08:00+00:00,LOCO_01,MOVING,track_19,retrofit,
13396.0,2025-12-10T07:16:00+00:00,LOCO_01,MOVING,retrofit,WS_01,
13397.0,2025-12-10T07:17:00+00:00,LOCO_02,MOVING,retrofit,track_19,
13402.0,2025-12-10T07:22:00+00:00,LOCO_02,PARKING,,,
13402.0,2025-12-10T07:22:00+00:00,LOCO_02,ALLOCATED,,,batch_transport
13402.0,2025-12-10T07:22:00+00:00,LOCO_02,MOVING,track_19,retrofitted,
13407.0,2025-12-10T07:27:00+00:00,LOCO_01,MOVING,WS_01,track_19,
13409.0,2025-12-10T07:29:00+00:00,LOCO_02,MOVING,retrofitted,parking13,
13412.0,2025-12-10T07:32:00+00:00,LOCO_01,MOVING,track_19,collection2,
13472.0,2025-12-10T08:32:00+00:00,LOCO_01,ALLOCATED,,,batch_transport
13479.0,2025-12-10T08:39:00+00:00,LOCO_01,MOVING,collection2,retrofit,
13485.5,2025-12-10T08:45:30+00:00,LOCO_02,MOVING,parking13,track_19,
13545.5,2025-12-10T09:45:30+00:00,LOCO_02,MOVING,track_19,WS_02,
13552.5,2025-12-10T09:52:30+00:00,LOCO_02,MOVING,WS_02,retrofitted,
13554.0,2025-12-10T09:54:00+00:00,LOCO_01,MOVING,retrofit,track_19,
13557.5,2025-12-10T09:57:30+00:00,LOCO_02,MOVING,retrofitted,track_19,
13559.0,2025-12-10T09:59:00+00:00,LOCO_01,PARKING,,,
13559.0,2025-12-10T09:59:00+00:00,LOCO_01,MOVING,track_19,WS_01,
13562.5,2025-12-10T10:02:30+00:00,LOCO_02,ALLOCATED,,,batch_transport
13562.5,2025-12-10T10:02:30+00:00,LOCO_02,MOVING,track_19,retrofitted,
13566.0,2025-12-10T10:06:00+00:00,LOCO_01,MOVING,WS_01,retrofitted,
13570.5,2025-12-10T10:10:30+00:00,LOCO_02,MOVING,retrofitted,parking15,
13571.0,2025-12-10T10:11:00+00:00,LOCO_01,MOVING,retrofitted,track_19,
13578.0,2025-12-10T10:18:00+00:00,LOCO_01,MOVING,track_19,retrofit,
13586.0,2025-12-10T10:26:00+00:00,LOCO_01,MOVING,retrofit,WS_02,
13597.0,2025-12-10T10:37:00+00:00,LOCO_01,MOVING,WS_02,track_19,
13604.0,2025-12-10T10:44:00+00:00,LOCO_01,MOVING,track_19,retrofit,
13612.0,2025-12-10T10:52:00+00:00,LOCO_01,MOVING,retrofit,WS_01,
13623.0,2025-12-10T11:03:00+00:00,LOCO_01,MOVING,WS_01,track_19,
13628.0,2025-12-10T11:08:00+00:00,LOCO_01,MOVING,track_19,collection1,
13649.0,2025-12-10T11:29:00+00:00,LOCO_02,MOVING,parking15,track_19,
13688.0,2025-12-10T12:08:00+00:00,LOCO_01,ALLOCATED,,,batch_transport
13695.0,2025-12-10T12:15:00+00:00,LOCO_01,MOVING,collection1,retrofit,
13709.0,2025-12-10T12:29:00+00:00,LOCO_02,MOVING,track_19,WS_02,
13716.0,2025-12-10T12:36:00+00:00,LOCO_02,MOVING,WS_02,retrofitted,
13721.0,2025-12-10T12:41:00+00:00,LOCO_02,MOVING,retrofitted,track_19,
13726.0,2025-12-10T12:46:00+00:00,LOCO_02,MOVING,track_19,WS_01,
13733.0,2025-12-10T12:53:00+00:00,LOCO_02,MOVING,WS_01,retrofitted,
13738.0,2025-12-10T12:58:00+00:00,LOCO_02,MOVING,retrofitted,track_19,
13745.0,2025-12-10T13:05:00+00:00,LOCO_02,MOVING,track_19,retrofit,
13753.0,2025-12-10T13:13:00+00:00,LOCO_02,MOVING,retrofit,WS_02,
13764.0,2025-12-10T13:24:00+00:00,LOCO_02,MOVING,WS_02,track_19,
13770.0,2025-12-10T13:30:00+00:00,LOCO_01,MOVING,retrofit,track_19,
13771.0,2025-12-10T13:31:00+00:00,LOCO_02,MOVING,track_19,retrofit,
13775.0,2025-12-10T13:35:00+00:00,LOCO_01,PARKING,,,
13775.0,2025-12-10T13:35:00+00:00,LOCO_01,ALLOCATED,,,batch_transport
13775.0,2025-12-10T13:35:00+00:00,LOCO_01,MOVING,track_19,retrofitted,
13779.0,2025-12-10T13:39:00+00:00,LOCO_02,MOVING,retrofit,WS_01,
13783.0,2025-12-10T13:43:00+00:00,LOCO_01,MOVING,retrofitted,parking16,
13790.0,2025-12-10T13:50:00+00:00,LOCO_02,MOVING,WS_01,track_19,
13795.0,2025-12-10T13:55:00+00:00,LOCO_02,MOVING,track_19,collection2,
13855.0,2025-12-10T14:55:00+00:00,LOCO_02,ALLOCATED,,,batch_transport
13858.0,2025-12-10T14:58:00+00:00,LOCO_02,MOVING,collection2,retrofit,
13906.5,2025-12-10T15:46:30+00:00,LOCO_01,MOVING,parking16,track_19,
13921.0,2025-12-10T16:01:00+00:00,LOCO_02,MOVING,retrofit,track_19,
13926.0,2025-12-10T16:06:00+00:00,LOCO_02,PARKING,,,
13926.0,2025-12-10T16:06:00+00:00,LOCO_02,MOVING,track_19,WS_02,
13933.0,2025-12-10T16:13:00+00:00,LOCO_02,MOVING,WS_02,retrofitted,
13938.0,2025-12-10T16:18:00+00:00,LOCO_02,MOVING,retrofitted,track_19,
13943.0,2025-12-10T16:23:00+00:00,LOCO_02,MOVING,track_19,WS_01,
13950.0,2025-12-10T16:30:00+00:00,LOCO_02,MOVING,WS_01,retrofitted,
13955.0,2025-12-10T16:35:00+00:00,LOCO_02,MOVING,retrofitted,track_19,
13962.0,2025-12-10T16:42:00+00:00,LOCO_02,MOVING,track_19,retrofit,
13968.5,2025-12-10T16:48:30+00:00,LOCO_01,MOVING,track_19,retrofit,
13970.0,2025-12-10T16:50:00+00:00,LOCO_02,MOVING,retrofit,WS_02,
13976.5,2025-12-10T16:56:30+00:00,LOCO_01,MOVING,retrofit,WS_01,
13981.0,2025-12-10T17:01:00+00:00,LOCO_02,MOVING,WS_02,track_19,
13986.0,2025-12-10T17:06:00+00:00,LOCO_02,ALLOCATED,,,batch_transport
13986.0,2025-12-10T17:06:00+00:00,LOCO_02,MOVING,track_19,retrofitted,
13987.5,2025-12-10T17:07:30+00:00,LOCO_01,MOVING,WS_01,track_19,
13992.5,2025-12-10T17:12:30+00:00,LOCO_01,MOVING,track_19,collection1,
13996.0,2025-12-10T17:16:00+00:00,LOCO_02,MOVING,retrofitted,parking3,
14008.5,2025-12-10T17:28:30+00:00,LOCO_02,MOVING,parking3,track_19,
14013.5,2025-12-10T17:33:30+00:00,LOCO_02,MOVING,track_19,collection2,
14052.5,2025-12-10T18:12:30+00:00,LOCO_01,ALLOCATED,,,batch_transport
14067.5,2025-12-10T18:27:30+00:00,LOCO_01,MOVING,collection1,retrofit,
14073.5,2025-12-10T18:33:30+00:00,LOCO_02,ALLOCATED,,,batch_transport
14076.5,2025-12-10T18:36:30+00:00,LOCO_02,MOVING,collection2,retrofit,
14139.5,2025-12-10T19:39:30+00:00,LOCO_02,MOVING,retrofit,track_19,
14144.5,2025-12-10T19:44:30+00:00,LOCO_02,PARKING,,,
14144.5,2025-12-10T19:44:30+00:00,LOCO_02,MOVING,track_19,WS_02,
14151.5,2025-12-10T19:51:30+00:00,LOCO_02,MOVING,WS_02,retrofitted,
14156.5,2025-12-10T19:56:30+00:00,LOCO_02,MOVING,retrofitted,track_19,
14161.5,2025-12-10T20:01:30+00:00,LOCO_02,MOVING,track_19,WS_01,
14166.5,2025-12-10T20:06:30+00:00,LOCO_01,MOVING,retrofit,track_19,
14168.5,2025-12-10T20:08:30+00:00,LOCO_02,MOVING,WS_01,retrofitted,
14171.5,2025-12-10T20:11:30+00:00,LOCO_01,PARKING,,,
14173.5,2025-12-10T20:13:30+00:00,LOCO_01,MOVING,track_19,retrofit,
14173.5,2025-12-10T20:13:30+00:00,LOCO_02,MOVING,retrofitted,track_19,
14178.5,2025-12-10T20:18:30+00:00,LOCO_02,ALLOCATED,,,batch_transport
14178.5,2025-12-10T20:18:30+00:00,LOCO_02,MOVING,track_19,retrofitted,
14181.5,2025-12-10T20:21:30+00:00,LOCO_01,MOVING,retrofit,WS_02,
14185.5,2025-12-10T20:25:30+00:00,LOCO_02,MOVING,retrofitted,parking5,
14192.0,2025-12-10T20:32:00+00:00,LOCO_02,MOVING,parking5,track_19,
14192.5,2025-12-10T20:32:30+00:00,LOCO_01,MOVING,WS_02,track_19,
14197.5,2025-12-10T20:37:30+00:00,LOCO_01,ALLOCATED,,,batch_transport
14197.5,2025-12-10T20:37:30+00:00,LOCO_01,MOVING,track_19,retrofitted,
14199.0,2025-12-10T20:39:00+00:00,LOCO_02,MOVING,track_19,retrofit,
14204.5,2025-12-10T20:44:30+00:00,LOCO_01,MOVING,retrofitted,parking7,
14207.0,2025-12-10T20:47:00+00:00,LOCO_02,MOVING,retrofit,WS_01,
14211.0,2025-12-10T20:51:00+00:00,LOCO_01,MOVING,parking7,track_19,
14216.0,2025-12-10T20:56:00+00:00,LOCO_01,MOVING,track_19,collection2,
14218.0,2025-12-10T20:58:00+00:00,LOCO_02,MOVING,WS_01,track_19,
14223.0,2025-12-10T21:03:00+00:00,LOCO_02,MOVING,track_19,collection1,
14276.0,2025-12-10T21:56:00+00:00,LOCO_01,ALLOCATED,,,batch_transport
14283.0,2025-12-10T22:03:00+00:00,LOCO_02,ALLOCATED,,,batch_transport
14285.0,2025-12-10T22:05:00+00:00,LOCO_01,MOVING,collection2,retrofit,
14288.0,2025-12-10T22:08:00+00:00,LOCO_02,MOVING,collection1,retrofit,
14357.0,2025-12-10T23:17:00+00:00,LOCO_02,MOVING,retrofit,track_19,
14362.0,2025-12-10T23:22:00+00:00,LOCO_02,PARKING,,,
14362.0,2025-12-10T23:22:00+00:00,LOCO_02,MOVING,track_19,WS_02,
14366.0,2025-12-10T23:26:00+00:00,LOCO_01,MOVING,retrofit,track_19,
14369.0,2025-12-10T23:29:00+00:00,LOCO_02,MOVING,WS_02,retrofitted,
14371.0,2025-12-10T23:31:00+00:00,LOCO_01,PARKING,,,
14371.0,2025-12-10T23:31:00+00:00,LOCO_01,MOVING,track_19,WS_01,
14374.0,2025-12-10T23:34:00+00:00,LOCO_02,MOVING,retrofitted,track_19,
14378.0,2025-12-10T23:38:00+00:00,LOCO_01,MOVING,WS_01,retrofitted,
14379.0,2025-12-10T23:39:00+00:00,LOCO_02,ALLOCATED,,,batch_transport
14379.0,2025-12-10T23:39:00+00:00,LOCO_02,MOVING,track_19,retrofitted,
14383.0,2025-12-10T23:43:00+00:00,LOCO_01,MOVING,retrofitted,track_19,
14386.0,2025-12-10T23:46:00+00:00,LOCO_02,MOVING,retrofitted,parking12,
14390.0,2025-12-10T23:50:00+00:00,LOCO_01,MOVING,track_19,retrofit,
14398.0,2025-12-10T23:58:00+00:00,LOCO_01,MOVING,retrofit,WS_02,
