timestamp,datetime,resource_id,resource_type,state,train_id,batch_id,rejection_reason
360.0,2025-12-01T06:00:00+00:00,W11188,wagon,arrived,T1,,
360.0,2025-12-01T06:00:00+00:00,W10437,wagon,arrived,T1,,
360.0,2025-12-01T06:00:00+00:00,LOCO_01,locomotive,moving,,,
420.0,2025-12-01T07:00:00+00:00,LOCO_01,locomotive,assigned,,,
425.0,2025-12-01T07:05:00+00:00,LOCO_01,locomotive,moving,,,
425.0,2025-12-01T07:05:00+00:00,W11188,wagon,moving,,,
425.0,2025-12-01T07:05:00+00:00,W10437,wagon,moving,,,
442.25,2025-12-01T07:22:15+00:00,W12394,wagon,arrived,T2,,
442.25,2025-12-01T07:22:15+00:00,W9278,wagon,arrived,T2,,
485.0,2025-12-01T08:05:00+00:00,W11188,wagon,queued,,,
485.0,2025-12-01T08:05:00+00:00,W10437,wagon,queued,,,
487.0,2025-12-01T08:07:00+00:00,LOCO_02,locomotive,moving,,,
494.0,2025-12-01T08:14:00+00:00,LOCO_01,locomotive,moving,,,
495.0,2025-12-01T08:15:00+00:00,LOCO_02,locomotive,moving,,,
495.0,2025-12-01T08:15:00+00:00,W11188,wagon,moving,,,
495.0,2025-12-01T08:15:00+00:00,W10437,wagon,moving,,,
499.0,2025-12-01T08:19:00+00:00,LOCO_01,locomotive,moving,,,
500.0,2025-12-01T08:20:00+00:00,W11188,wagon,in_workshop,,,
500.0,2025-12-01T08:20:00+00:00,W10437,wagon,in_workshop,,,
502.5,2025-12-01T08:22:30+00:00,W3926,wagon,arrived,T3,,
502.5,2025-12-01T08:22:30+00:00,W5834,wagon,arrived,T3,,
506.0,2025-12-01T08:26:00+00:00,W11188,wagon,in_workshop,,,
506.0,2025-12-01T08:26:00+00:00,W10437,wagon,in_workshop,,,
506.0,2025-12-01T08:26:00+00:00,LOCO_02,locomotive,moving,,,
541.5,2025-12-01T09:01:30+00:00,W9460,wagon,arrived,T4,,
541.5,2025-12-01T09:01:30+00:00,W9445,wagon,arrived,T4,,
559.0,2025-12-01T09:19:00+00:00,LOCO_01,locomotive,assigned,,,
564.0,2025-12-01T09:24:00+00:00,LOCO_01,locomotive,moving,,,
564.0,2025-12-01T09:24:00+00:00,W12394,wagon,moving,,,
564.0,2025-12-01T09:24:00+00:00,W9278,wagon,moving,,,
566.0,2025-12-01T09:26:00+00:00,W11188,wagon,retrofitted,,,
566.0,2025-12-01T09:26:00+00:00,W10437,wagon,retrofitted,,,
566.5,2025-12-01T09:26:30+00:00,LOCO_02,locomotive,moving,,,
573.5,2025-12-01T09:33:30+00:00,LOCO_02,locomotive,moving,,,
573.5,2025-12-01T09:33:30+00:00,W11188,wagon,moving,,,
573.5,2025-12-01T09:33:30+00:00,W10437,wagon,moving,,,
578.5,2025-12-01T09:38:30+00:00,LOCO_02,locomotive,moving,,,
583.5,2025-12-01T09:43:30+00:00,LOCO_02,locomotive,assigned,,,
583.5,2025-12-01T09:43:30+00:00,LOCO_02,locomotive,moving,,,
590.5,2025-12-01T09:50:30+00:00,LOCO_02,locomotive,moving,,,
624.0,2025-12-01T10:24:00+00:00,W12394,wagon,queued,,,
624.0,2025-12-01T10:24:00+00:00,W9278,wagon,queued,,,
633.0,2025-12-01T10:33:00+00:00,LOCO_01,locomotive,moving,,,
640.0,2025-12-01T10:40:00+00:00,LOCO_01,locomotive,moving,,,
648.0,2025-12-01T10:48:00+00:00,LOCO_01,locomotive,moving,,,
648.0,2025-12-01T10:48:00+00:00,W12394,wagon,moving,,,
648.0,2025-12-01T10:48:00+00:00,W9278,wagon,moving,,,
653.0,2025-12-01T10:53:00+00:00,W12394,wagon,in_workshop,,,
653.0,2025-12-01T10:53:00+00:00,W9278,wagon,in_workshop,,,
659.0,2025-12-01T10:59:00+00:00,W12394,wagon,in_workshop,,,
659.0,2025-12-01T10:59:00+00:00,W9278,wagon,in_workshop,,,
659.0,2025-12-01T10:59:00+00:00,LOCO_01,locomotive,moving,,,
664.0,2025-12-01T11:04:00+00:00,LOCO_01,locomotive,moving,,,
672.75,2025-12-01T11:12:45+00:00,W10704,wagon,arrived,T5,,
672.75,2025-12-01T11:12:45+00:00,W3675,wagon,arrived,T5,,
712.0,2025-12-01T11:52:00+00:00,W11188,wagon,parked,,,
712.0,2025-12-01T11:52:00+00:00,W10437,wagon,parked,,,
712.0,2025-12-01T11:52:00+00:00,LOCO_02,locomotive,moving,,,
715.0,2025-12-01T11:55:00+00:00,W7132,wagon,arrived,T6,,
715.0,2025-12-01T11:55:00+00:00,W8934,wagon,arrived,T6,,
715.0,2025-12-01T11:55:00+00:00,W6253,wagon,arrived,T6,,
715.0,2025-12-01T11:55:00+00:00,W7747,wagon,arrived,T6,,
715.0,2025-12-01T11:55:00+00:00,W10546,wagon,arrived,T6,,
715.0,2025-12-01T11:55:00+00:00,W7222,wagon,arrived,T6,,
719.0,2025-12-01T11:59:00+00:00,W12394,wagon,retrofitted,,,
719.0,2025-12-01T11:59:00+00:00,W9278,wagon,retrofitted,,,
724.0,2025-12-01T12:04:00+00:00,LOCO_01,locomotive,assigned,,,
724.5,2025-12-01T12:04:30+00:00,W0689,wagon,arrived,T7,,
725.0,2025-12-01T12:05:00+00:00,W11268,wagon,arrived,T8,,
725.0,2025-12-01T12:05:00+00:00,W11509,wagon,arrived,T8,,
725.0,2025-12-01T12:05:00+00:00,W6557,wagon,arrived,T8,,
733.0,2025-12-01T12:13:00+00:00,LOCO_01,locomotive,moving,,,
733.0,2025-12-01T12:13:00+00:00,W3926,wagon,moving,,,
733.0,2025-12-01T12:13:00+00:00,W5834,wagon,moving,,,
733.0,2025-12-01T12:13:00+00:00,W9460,wagon,moving,,,
733.0,2025-12-01T12:13:00+00:00,W9445,wagon,moving,,,
753.25,2025-12-01T12:33:15+00:00,W10356,wagon,arrived,T9,,
772.0,2025-12-01T12:52:00+00:00,LOCO_02,locomotive,moving,,,
779.0,2025-12-01T12:59:00+00:00,LOCO_02,locomotive,moving,,,
779.0,2025-12-01T12:59:00+00:00,W12394,wagon,moving,,,
779.0,2025-12-01T12:59:00+00:00,W9278,wagon,moving,,,
784.0,2025-12-01T13:04:00+00:00,LOCO_02,locomotive,moving,,,
785.5,2025-12-01T13:05:30+00:00,W6006,wagon,arrived,T10,,
785.5,2025-12-01T13:05:30+00:00,W4440,wagon,arrived,T10,,
785.5,2025-12-01T13:05:30+00:00,W10383,wagon,arrived,T10,,
793.0,2025-12-01T13:13:00+00:00,W3926,wagon,queued,,,
793.0,2025-12-01T13:13:00+00:00,W5834,wagon,queued,,,
793.0,2025-12-01T13:13:00+00:00,W9460,wagon,queued,,,
793.0,2025-12-01T13:13:00+00:00,W9445,wagon,queued,,,
795.0,2025-12-01T13:15:00+00:00,LOCO_02,locomotive,moving,,,
803.0,2025-12-01T13:23:00+00:00,LOCO_02,locomotive,moving,,,
803.0,2025-12-01T13:23:00+00:00,W3926,wagon,moving,,,
803.0,2025-12-01T13:23:00+00:00,W5834,wagon,moving,,,
808.0,2025-12-01T13:28:00+00:00,W3926,wagon,in_workshop,,,
808.0,2025-12-01T13:28:00+00:00,W5834,wagon,in_workshop,,,
814.0,2025-12-01T13:34:00+00:00,LOCO_01,locomotive,moving,,,
814.0,2025-12-01T13:34:00+00:00,W3926,wagon,in_workshop,,,
814.0,2025-12-01T13:34:00+00:00,W5834,wagon,in_workshop,,,
814.0,2025-12-01T13:34:00+00:00,LOCO_02,locomotive,moving,,,
819.0,2025-12-01T13:39:00+00:00,LOCO_02,locomotive,moving,,,
821.0,2025-12-01T13:41:00+00:00,LOCO_01,locomotive,moving,,,
829.0,2025-12-01T13:49:00+00:00,LOCO_01,locomotive,moving,,,
829.0,2025-12-01T13:49:00+00:00,W9460,wagon,moving,,,
829.0,2025-12-01T13:49:00+00:00,W9445,wagon,moving,,,
834.0,2025-12-01T13:54:00+00:00,W9460,wagon,in_workshop,,,
834.0,2025-12-01T13:54:00+00:00,W9445,wagon,in_workshop,,,
840.0,2025-12-01T14:00:00+00:00,W9460,wagon,in_workshop,,,
840.0,2025-12-01T14:00:00+00:00,W9445,wagon,in_workshop,,,
840.0,2025-12-01T14:00:00+00:00,LOCO_01,locomotive,moving,,,
866.0,2025-12-01T14:26:00+00:00,W2238,wagon,arrived,T11,,
866.0,2025-12-01T14:26:00+00:00,W0047,wagon,arrived,T11,,
866.0,2025-12-01T14:26:00+00:00,W0049,wagon,arrived,T11,,
874.0,2025-12-01T14:34:00+00:00,W3926,wagon,retrofitted,,,
874.0,2025-12-01T14:34:00+00:00,W5834,wagon,retrofitted,,,
874.5,2025-12-01T14:34:30+00:00,LOCO_01,locomotive,moving,,,
879.0,2025-12-01T14:39:00+00:00,LOCO_02,locomotive,assigned,,,
881.5,2025-12-01T14:41:30+00:00,LOCO_01,locomotive,moving,,,
881.5,2025-12-01T14:41:30+00:00,W3926,wagon,moving,,,
881.5,2025-12-01T14:41:30+00:00,W5834,wagon,moving,,,
886.5,2025-12-01T14:46:30+00:00,LOCO_01,locomotive,moving,,,
891.5,2025-12-01T14:51:30+00:00,LOCO_01,locomotive,assigned,,,
891.5,2025-12-01T14:51:30+00:00,LOCO_01,locomotive,moving,,,
894.75,2025-12-01T14:54:45+00:00,W2535,wagon,arrived,T12,,
894.75,2025-12-01T14:54:45+00:00,W7970,wagon,arrived,T12,,
894.75,2025-12-01T14:54:45+00:00,W4849,wagon,arrived,T12,,
898.5,2025-12-01T14:58:30+00:00,LOCO_01,locomotive,moving,,,
900.0,2025-12-01T15:00:00+00:00,W9460,wagon,retrofitted,,,
900.0,2025-12-01T15:00:00+00:00,W9445,wagon,retrofitted,,,
912.0,2025-12-01T15:12:00+00:00,LOCO_02,locomotive,moving,,,
912.0,2025-12-01T15:12:00+00:00,W10704,wagon,moving,,,
912.0,2025-12-01T15:12:00+00:00,W3675,wagon,moving,,,
912.0,2025-12-01T15:12:00+00:00,W7132,wagon,moving,,,
912.0,2025-12-01T15:12:00+00:00,W8934,wagon,moving,,,
912.0,2025-12-01T15:12:00+00:00,W6253,wagon,moving,,,
912.0,2025-12-01T15:12:00+00:00,W7747,wagon,moving,,,
912.0,2025-12-01T15:12:00+00:00,W10546,wagon,moving,,,
912.0,2025-12-01T15:12:00+00:00,W7222,wagon,moving,,,
912.0,2025-12-01T15:12:00+00:00,W0689,wagon,moving,,,
912.0,2025-12-01T15:12:00+00:00,W11268,wagon,moving,,,
912.0,2025-12-01T15:12:00+00:00,W11509,wagon,moving,,,
912.0,2025-12-01T15:12:00+00:00,W6557,wagon,moving,,,
912.0,2025-12-01T15:12:00+00:00,W10356,wagon,moving,,,
912.0,2025-12-01T15:12:00+00:00,W6006,wagon,moving,,,
912.0,2025-12-01T15:12:00+00:00,W4440,wagon,moving,,,
912.0,2025-12-01T15:12:00+00:00,W10383,wagon,moving,,,
972.0,2025-12-01T16:12:00+00:00,W10704,wagon,queued,,,
972.0,2025-12-01T16:12:00+00:00,W3675,wagon,queued,,,
972.0,2025-12-01T16:12:00+00:00,W7132,wagon,queued,,,
972.0,2025-12-01T16:12:00+00:00,W8934,wagon,queued,,,
972.0,2025-12-01T16:12:00+00:00,W6253,wagon,queued,,,
972.0,2025-12-01T16:12:00+00:00,W7747,wagon,queued,,,
972.0,2025-12-01T16:12:00+00:00,W10546,wagon,queued,,,
972.0,2025-12-01T16:12:00+00:00,W7222,wagon,queued,,,
972.0,2025-12-01T16:12:00+00:00,W0689,wagon,queued,,,
972.0,2025-12-01T16:12:00+00:00,W11268,wagon,queued,,,
972.0,2025-12-01T16:12:00+00:00,W11509,wagon,queued,,,
972.0,2025-12-01T16:12:00+00:00,W6557,wagon,queued,,,
972.0,2025-12-01T16:12:00+00:00,W10356,wagon,queued,,,
972.0,2025-12-01T16:12:00+00:00,W6006,wagon,queued,,,
972.0,2025-12-01T16:12:00+00:00,W4440,wagon,queued,,,
972.0,2025-12-01T16:12:00+00:00,W10383,wagon,queued,,,
1020.0,2025-12-01T17:00:00+00:00,W12394,wagon,parked,,,
1020.0,2025-12-01T17:00:00+00:00,W9278,wagon,parked,,,
1020.0,2025-12-01T17:00:00+00:00,LOCO_01,locomotive,moving,,,
1051.25,2025-12-01T17:31:15+00:00,W2967,wagon,arrived,T13,,
1051.25,2025-12-01T17:31:15+00:00,W9776,wagon,arrived,T13,,
1051.25,2025-12-01T17:31:15+00:00,W12208,wagon,arrived,T13,,
1051.25,2025-12-01T17:31:15+00:00,W11348,wagon,arrived,T13,,
1065.0,2025-12-01T17:45:00+00:00,LOCO_02,locomotive,moving,,,
1072.0,2025-12-01T17:52:00+00:00,LOCO_02,locomotive,moving,,,
1080.0,2025-12-01T18:00:00+00:00,LOCO_02,locomotive,moving,,,
1080.0,2025-12-01T18:00:00+00:00,W10704,wagon,moving,,,
1080.0,2025-12-01T18:00:00+00:00,W3675,wagon,moving,,,
1080.0,2025-12-01T18:00:00+00:00,LOCO_01,locomotive,moving,,,
1085.0,2025-12-01T18:05:00+00:00,W10704,wagon,in_workshop,,,
1085.0,2025-12-01T18:05:00+00:00,W3675,wagon,in_workshop,,,
1087.0,2025-12-01T18:07:00+00:00,LOCO_01,locomotive,moving,,,
1087.0,2025-12-01T18:07:00+00:00,W9460,wagon,moving,,,
1087.0,2025-12-01T18:07:00+00:00,W9445,wagon,moving,,,
1088.75,2025-12-01T18:08:45+00:00,W12037,wagon,arrived,T14,,
1088.75,2025-12-01T18:08:45+00:00,W0440,wagon,arrived,T14,,
1088.75,2025-12-01T18:08:45+00:00,W11988,wagon,arrived,T14,,
1088.75,2025-12-01T18:08:45+00:00,W12260,wagon,arrived,T14,,
1088.75,2025-12-01T18:08:45+00:00,W0130,wagon,arrived,T14,,
1088.75,2025-12-01T18:08:45+00:00,W9352,wagon,arrived,T14,,
1088.75,2025-12-01T18:08:45+00:00,W2980,wagon,arrived,T14,,
1088.75,2025-12-01T18:08:45+00:00,W2406,wagon,arrived,T14,,
1088.75,2025-12-01T18:08:45+00:00,W2399,wagon,arrived,T14,,
1091.0,2025-12-01T18:11:00+00:00,W10704,wagon,in_workshop,,,
1091.0,2025-12-01T18:11:00+00:00,W3675,wagon,in_workshop,,,
1091.0,2025-12-01T18:11:00+00:00,LOCO_02,locomotive,moving,,,
1092.0,2025-12-01T18:12:00+00:00,LOCO_01,locomotive,moving,,,
1096.0,2025-12-01T18:16:00+00:00,LOCO_02,locomotive,assigned,,,
1096.0,2025-12-01T18:16:00+00:00,LOCO_02,locomotive,moving,,,
1097.0,2025-12-01T18:17:00+00:00,LOCO_01,locomotive,moving,,,
1103.0,2025-12-01T18:23:00+00:00,LOCO_02,locomotive,moving,,,
1151.0,2025-12-01T19:11:00+00:00,W10704,wagon,retrofitted,,,
1151.0,2025-12-01T19:11:00+00:00,W3675,wagon,retrofitted,,,
1157.0,2025-12-01T19:17:00+00:00,LOCO_01,locomotive,assigned,,,
1166.0,2025-12-01T19:26:00+00:00,LOCO_01,locomotive,moving,,,
1166.0,2025-12-01T19:26:00+00:00,W2238,wagon,moving,,,
1166.0,2025-12-01T19:26:00+00:00,W0047,wagon,moving,,,
1166.0,2025-12-01T19:26:00+00:00,W0049,wagon,moving,,,
1166.0,2025-12-01T19:26:00+00:00,W2535,wagon,moving,,,
1224.5,2025-12-01T20:24:30+00:00,W3926,wagon,parked,,,
1224.5,2025-12-01T20:24:30+00:00,W5834,wagon,parked,,,
1224.5,2025-12-01T20:24:30+00:00,LOCO_02,locomotive,moving,,,
1226.0,2025-12-01T20:26:00+00:00,W2238,wagon,queued,,,
1226.0,2025-12-01T20:26:00+00:00,W0047,wagon,queued,,,
1226.0,2025-12-01T20:26:00+00:00,W0049,wagon,queued,,,
1226.0,2025-12-01T20:26:00+00:00,W2535,wagon,queued,,,
1247.0,2025-12-01T20:47:00+00:00,LOCO_01,locomotive,moving,,,
1254.0,2025-12-01T20:54:00+00:00,LOCO_01,locomotive,moving,,,
1262.0,2025-12-01T21:02:00+00:00,LOCO_01,locomotive,moving,,,
1262.0,2025-12-01T21:02:00+00:00,W7132,wagon,moving,,,
1262.0,2025-12-01T21:02:00+00:00,W8934,wagon,moving,,,
1267.0,2025-12-01T21:07:00+00:00,W7132,wagon,in_workshop,,,
1267.0,2025-12-01T21:07:00+00:00,W8934,wagon,in_workshop,,,
1273.0,2025-12-01T21:13:00+00:00,W7132,wagon,in_workshop,,,
1273.0,2025-12-01T21:13:00+00:00,W8934,wagon,in_workshop,,,
1273.0,2025-12-01T21:13:00+00:00,LOCO_01,locomotive,moving,,,
1278.0,2025-12-01T21:18:00+00:00,LOCO_01,locomotive,moving,,,
1284.5,2025-12-01T21:24:30+00:00,LOCO_02,locomotive,moving,,,
1285.0,2025-12-01T21:25:00+00:00,LOCO_01,locomotive,moving,,,
1285.0,2025-12-01T21:25:00+00:00,W10704,wagon,moving,,,
1285.0,2025-12-01T21:25:00+00:00,W3675,wagon,moving,,,
1290.0,2025-12-01T21:30:00+00:00,LOCO_01,locomotive,moving,,,
1295.0,2025-12-01T21:35:00+00:00,LOCO_01,locomotive,assigned,,,
1295.0,2025-12-01T21:35:00+00:00,LOCO_01,locomotive,moving,,,
1302.0,2025-12-01T21:42:00+00:00,LOCO_01,locomotive,moving,,,
1333.0,2025-12-01T22:13:00+00:00,W7132,wagon,retrofitted,,,
1333.0,2025-12-01T22:13:00+00:00,W8934,wagon,retrofitted,,,
1344.5,2025-12-01T22:24:30+00:00,LOCO_02,locomotive,assigned,,,
1349.5,2025-12-01T22:29:30+00:00,LOCO_02,locomotive,moving,,,
1349.5,2025-12-01T22:29:30+00:00,W7970,wagon,moving,,,
1349.5,2025-12-01T22:29:30+00:00,W4849,wagon,moving,,,
1409.5,2025-12-01T23:29:30+00:00,W7970,wagon,queued,,,
1409.5,2025-12-01T23:29:30+00:00,W4849,wagon,queued,,,
1418.5,2025-12-01T23:38:30+00:00,LOCO_02,locomotive,moving,,,
1423.5,2025-12-01T23:43:30+00:00,W9460,wagon,parked,,,
1423.5,2025-12-01T23:43:30+00:00,W9445,wagon,parked,,,
1423.5,2025-12-01T23:43:30+00:00,LOCO_01,locomotive,moving,,,
1425.5,2025-12-01T23:45:30+00:00,LOCO_02,locomotive,moving,,,
1433.5,2025-12-01T23:53:30+00:00,LOCO_02,locomotive,moving,,,
1433.5,2025-12-01T23:53:30+00:00,W6253,wagon,moving,,,
1433.5,2025-12-01T23:53:30+00:00,W7747,wagon,moving,,,
1438.5,2025-12-01T23:58:30+00:00,W6253,wagon,in_workshop,,,
1438.5,2025-12-01T23:58:30+00:00,W7747,wagon,in_workshop,,,
1444.5,2025-12-02T00:04:30+00:00,W6253,wagon,in_workshop,,,
1444.5,2025-12-02T00:04:30+00:00,W7747,wagon,in_workshop,,,
1444.5,2025-12-02T00:04:30+00:00,LOCO_02,locomotive,moving,,,
1449.5,2025-12-02T00:09:30+00:00,LOCO_02,locomotive,moving,,,
1456.5,2025-12-02T00:16:30+00:00,LOCO_02,locomotive,moving,,,
1456.5,2025-12-02T00:16:30+00:00,W7132,wagon,moving,,,
1456.5,2025-12-02T00:16:30+00:00,W8934,wagon,moving,,,
1461.5,2025-12-02T00:21:30+00:00,LOCO_02,locomotive,moving,,,
1466.5,2025-12-02T00:26:30+00:00,LOCO_02,locomotive,moving,,,
1479.0,2025-12-02T00:39:00+00:00,W1078,wagon,rejected,T15,,No Retrofit Needed
1479.0,2025-12-02T00:39:00+00:00,W9868,wagon,arrived,T15,,
1479.0,2025-12-02T00:39:00+00:00,W12060,wagon,arrived,T15,,
1479.0,2025-12-02T00:39:00+00:00,W12210,wagon,arrived,T15,,
1479.0,2025-12-02T00:39:00+00:00,W8636,wagon,arrived,T15,,
1479.0,2025-12-02T00:39:00+00:00,W10949,wagon,arrived,T15,,
1479.0,2025-12-02T00:39:00+00:00,W8631,wagon,arrived,T15,,
1485.5,2025-12-02T00:45:30+00:00,LOCO_01,locomotive,moving,,,
1493.5,2025-12-02T00:53:30+00:00,LOCO_01,locomotive,moving,,,
1493.5,2025-12-02T00:53:30+00:00,W10546,wagon,moving,,,
1493.5,2025-12-02T00:53:30+00:00,W7222,wagon,moving,,,
1498.5,2025-12-02T00:58:30+00:00,W10546,wagon,in_workshop,,,
1498.5,2025-12-02T00:58:30+00:00,W7222,wagon,in_workshop,,,
1504.5,2025-12-02T01:04:30+00:00,W6253,wagon,retrofitted,,,
1504.5,2025-12-02T01:04:30+00:00,W7747,wagon,retrofitted,,,
1504.5,2025-12-02T01:04:30+00:00,W10546,wagon,in_workshop,,,
1504.5,2025-12-02T01:04:30+00:00,W7222,wagon,in_workshop,,,
1504.5,2025-12-02T01:04:30+00:00,LOCO_01,locomotive,moving,,,
1509.0,2025-12-02T01:09:00+00:00,W9392,wagon,arrived,T16,,
1509.0,2025-12-02T01:09:00+00:00,W9274,wagon,arrived,T16,,
1509.0,2025-12-02T01:09:00+00:00,W8613,wagon,arrived,T16,,
1509.0,2025-12-02T01:09:00+00:00,W10130,wagon,arrived,T16,,
1509.0,2025-12-02T01:09:00+00:00,W9721,wagon,arrived,T16,,
1509.0,2025-12-02T01:09:00+00:00,W9756,wagon,arrived,T16,,
1509.5,2025-12-02T01:09:30+00:00,LOCO_01,locomotive,moving,,,
1516.5,2025-12-02T01:16:30+00:00,LOCO_01,locomotive,moving,,,
1516.5,2025-12-02T01:16:30+00:00,W6253,wagon,moving,,,
1516.5,2025-12-02T01:16:30+00:00,W7747,wagon,moving,,,
1521.5,2025-12-02T01:21:30+00:00,LOCO_01,locomotive,moving,,,
1526.5,2025-12-02T01:26:30+00:00,LOCO_02,locomotive,assigned,,,
1526.5,2025-12-02T01:26:30+00:00,LOCO_01,locomotive,assigned,,,
1526.5,2025-12-02T01:26:30+00:00,LOCO_01,locomotive,moving,,,
1529.5,2025-12-02T01:29:30+00:00,LOCO_02,locomotive,moving,,,
1529.5,2025-12-02T01:29:30+00:00,W2967,wagon,moving,,,
1534.5,2025-12-02T01:34:30+00:00,LOCO_01,locomotive,moving,,,
1564.5,2025-12-02T02:04:30+00:00,W10546,wagon,retrofitted,,,
1564.5,2025-12-02T02:04:30+00:00,W7222,wagon,retrofitted,,,
1589.5,2025-12-02T02:29:30+00:00,W2967,wagon,queued,,,
1592.5,2025-12-02T02:32:30+00:00,LOCO_02,locomotive,moving,,,
1599.5,2025-12-02T02:39:30+00:00,LOCO_02,locomotive,moving,,,
1602.5,2025-12-02T02:42:30+00:00,W3926,wagon,rejected,T17,,No Retrofit Needed
1602.5,2025-12-02T02:42:30+00:00,W11467,wagon,arrived,T17,,
1602.5,2025-12-02T02:42:30+00:00,W10354,wagon,arrived,T17,,
1602.5,2025-12-02T02:42:30+00:00,W3950,wagon,arrived,T17,,
1602.5,2025-12-02T02:42:30+00:00,W7997,wagon,arrived,T17,,
1602.5,2025-12-02T02:42:30+00:00,W8626,wagon,arrived,T17,,
1607.5,2025-12-02T02:47:30+00:00,LOCO_02,locomotive,moving,,,
1607.5,2025-12-02T02:47:30+00:00,W0689,wagon,moving,,,
1607.5,2025-12-02T02:47:30+00:00,W11268,wagon,moving,,,
1612.5,2025-12-02T02:52:30+00:00,W0689,wagon,in_workshop,,,
1612.5,2025-12-02T02:52:30+00:00,W11268,wagon,in_workshop,,,
1618.5,2025-12-02T02:58:30+00:00,W0689,wagon,in_workshop,,,
1618.5,2025-12-02T02:58:30+00:00,W11268,wagon,in_workshop,,,
1618.5,2025-12-02T02:58:30+00:00,LOCO_02,locomotive,moving,,,
1623.5,2025-12-02T03:03:30+00:00,LOCO_02,locomotive,moving,,,
1630.5,2025-12-02T03:10:30+00:00,LOCO_02,locomotive,moving,,,
1630.5,2025-12-02T03:10:30+00:00,W10546,wagon,moving,,,
1630.5,2025-12-02T03:10:30+00:00,W7222,wagon,moving,,,
1635.5,2025-12-02T03:15:30+00:00,LOCO_02,locomotive,moving,,,
1640.5,2025-12-02T03:20:30+00:00,LOCO_02,locomotive,moving,,,
1658.0,2025-12-02T03:38:00+00:00,W10704,wagon,parked,,,
1658.0,2025-12-02T03:38:00+00:00,W3675,wagon,parked,,,
1658.0,2025-12-02T03:38:00+00:00,W7132,wagon,parked,,,
1658.0,2025-12-02T03:38:00+00:00,W8934,wagon,parked,,,
1658.0,2025-12-02T03:38:00+00:00,LOCO_01,locomotive,moving,,,
1678.5,2025-12-02T03:58:30+00:00,W0689,wagon,retrofitted,,,
1678.5,2025-12-02T03:58:30+00:00,W11268,wagon,retrofitted,,,
1687.25,2025-12-02T04:07:15+00:00,W9174,wagon,arrived,T18,,
1687.25,2025-12-02T04:07:15+00:00,W9169,wagon,arrived,T18,,
1687.25,2025-12-02T04:07:15+00:00,W9173,wagon,arrived,T18,,
1700.5,2025-12-02T04:20:30+00:00,LOCO_02,locomotive,assigned,,,
1705.5,2025-12-02T04:25:30+00:00,LOCO_02,locomotive,moving,,,
1705.5,2025-12-02T04:25:30+00:00,W9392,wagon,moving,,,
1705.5,2025-12-02T04:25:30+00:00,W9274,wagon,moving,,,
1720.0,2025-12-02T04:40:00+00:00,LOCO_01,locomotive,moving,,,
1728.0,2025-12-02T04:48:00+00:00,LOCO_01,locomotive,moving,,,
1728.0,2025-12-02T04:48:00+00:00,W11509,wagon,moving,,,
1728.0,2025-12-02T04:48:00+00:00,W6557,wagon,moving,,,
1733.0,2025-12-02T04:53:00+00:00,W11509,wagon,in_workshop,,,
1733.0,2025-12-02T04:53:00+00:00,W6557,wagon,in_workshop,,,
1739.0,2025-12-02T04:59:00+00:00,W11509,wagon,in_workshop,,,
1739.0,2025-12-02T04:59:00+00:00,W6557,wagon,in_workshop,,,
1739.0,2025-12-02T04:59:00+00:00,LOCO_01,locomotive,moving,,,
1744.0,2025-12-02T05:04:00+00:00,LOCO_01,locomotive,moving,,,
1751.0,2025-12-02T05:11:00+00:00,LOCO_01,locomotive,moving,,,
1751.0,2025-12-02T05:11:00+00:00,W0689,wagon,moving,,,
1751.0,2025-12-02T05:11:00+00:00,W11268,wagon,moving,,,
1756.0,2025-12-02T05:16:00+00:00,LOCO_01,locomotive,moving,,,
1761.0,2025-12-02T05:21:00+00:00,LOCO_01,locomotive,assigned,,,
1761.0,2025-12-02T05:21:00+00:00,LOCO_01,locomotive,moving,,,
1765.5,2025-12-02T05:25:30+00:00,W9392,wagon,queued,,,
1765.5,2025-12-02T05:25:30+00:00,W9274,wagon,queued,,,
1767.0,2025-12-02T05:27:00+00:00,W6140,wagon,arrived,T19,,
1769.0,2025-12-02T05:29:00+00:00,LOCO_01,locomotive,moving,,,
1774.5,2025-12-02T05:34:30+00:00,LOCO_02,locomotive,moving,,,
1781.5,2025-12-02T05:41:30+00:00,LOCO_02,locomotive,moving,,,
1789.5,2025-12-02T05:49:30+00:00,LOCO_02,locomotive,moving,,,
1789.5,2025-12-02T05:49:30+00:00,W10356,wagon,moving,,,
1789.5,2025-12-02T05:49:30+00:00,W6006,wagon,moving,,,
1794.5,2025-12-02T05:54:30+00:00,W10356,wagon,in_workshop,,,
1794.5,2025-12-02T05:54:30+00:00,W6006,wagon,in_workshop,,,
1799.0,2025-12-02T05:59:00+00:00,W11509,wagon,retrofitted,,,
1799.0,2025-12-02T05:59:00+00:00,W6557,wagon,retrofitted,,,
1800.5,2025-12-02T06:00:30+00:00,W10356,wagon,in_workshop,,,
1800.5,2025-12-02T06:00:30+00:00,W6006,wagon,in_workshop,,,
1800.5,2025-12-02T06:00:30+00:00,LOCO_02,locomotive,moving,,,
1805.5,2025-12-02T06:05:30+00:00,LOCO_02,locomotive,moving,,,
1812.5,2025-12-02T06:12:30+00:00,LOCO_02,locomotive,moving,,,
1812.5,2025-12-02T06:12:30+00:00,W11509,wagon,moving,,,
1812.5,2025-12-02T06:12:30+00:00,W6557,wagon,moving,,,
1817.5,2025-12-02T06:17:30+00:00,LOCO_02,locomotive,moving,,,
1822.5,2025-12-02T06:22:30+00:00,LOCO_02,locomotive,moving,,,
1853.5,2025-12-02T06:53:30+00:00,W10364,wagon,arrived,T20,,
1853.5,2025-12-02T06:53:30+00:00,W6077,wagon,arrived,T20,,
1860.5,2025-12-02T07:00:30+00:00,W10356,wagon,retrofitted,,,
1860.5,2025-12-02T07:00:30+00:00,W6006,wagon,retrofitted,,,
1870.0,2025-12-02T07:10:00+00:00,W9270,wagon,arrived,T21,,
1870.0,2025-12-02T07:10:00+00:00,W9276,wagon,arrived,T21,,
1870.0,2025-12-02T07:10:00+00:00,W11578,wagon,arrived,T21,,
1882.5,2025-12-02T07:22:30+00:00,LOCO_02,locomotive,assigned,,,
1887.5,2025-12-02T07:27:30+00:00,LOCO_02,locomotive,moving,,,
1887.5,2025-12-02T07:27:30+00:00,W9776,wagon,moving,,,
1887.5,2025-12-02T07:27:30+00:00,W12208,wagon,moving,,,
1892.5,2025-12-02T07:32:30+00:00,W6253,wagon,parked,,,
1892.5,2025-12-02T07:32:30+00:00,W7747,wagon,parked,,,
1892.5,2025-12-02T07:32:30+00:00,W10546,wagon,parked,,,
1892.5,2025-12-02T07:32:30+00:00,W7222,wagon,parked,,,
1892.5,2025-12-02T07:32:30+00:00,LOCO_01,locomotive,moving,,,
1947.5,2025-12-02T08:27:30+00:00,W9776,wagon,queued,,,
1947.5,2025-12-02T08:27:30+00:00,W12208,wagon,queued,,,
1954.5,2025-12-02T08:34:30+00:00,LOCO_01,locomotive,moving,,,
1956.5,2025-12-02T08:36:30+00:00,LOCO_02,locomotive,moving,,,
1961.5,2025-12-02T08:41:30+00:00,LOCO_02,locomotive,moving,,,
1962.5,2025-12-02T08:42:30+00:00,LOCO_01,locomotive,moving,,,
1962.5,2025-12-02T08:42:30+00:00,W4440,wagon,moving,,,
1962.5,2025-12-02T08:42:30+00:00,W10383,wagon,moving,,,
1965.25,2025-12-02T08:45:15+00:00,W0623,wagon,arrived,T22,,
1965.25,2025-12-02T08:45:15+00:00,W11970,wagon,arrived,T22,,
1967.5,2025-12-02T08:47:30+00:00,W4440,wagon,in_workshop,,,
1967.5,2025-12-02T08:47:30+00:00,W10383,wagon,in_workshop,,,
1968.5,2025-12-02T08:48:30+00:00,LOCO_02,locomotive,moving,,,
1968.5,2025-12-02T08:48:30+00:00,W10356,wagon,moving,,,
1968.5,2025-12-02T08:48:30+00:00,W6006,wagon,moving,,,
1973.5,2025-12-02T08:53:30+00:00,W4440,wagon,in_workshop,,,
1973.5,2025-12-02T08:53:30+00:00,W10383,wagon,in_workshop,,,
1973.5,2025-12-02T08:53:30+00:00,LOCO_02,locomotive,moving,,,
1973.5,2025-12-02T08:53:30+00:00,LOCO_01,locomotive,moving,,,
1978.5,2025-12-02T08:58:30+00:00,LOCO_02,locomotive,assigned,,,
1978.5,2025-12-02T08:58:30+00:00,LOCO_02,locomotive,moving,,,
1980.5,2025-12-02T09:00:30+00:00,LOCO_01,locomotive,moving,,,
1986.5,2025-12-02T09:06:30+00:00,LOCO_02,locomotive,moving,,,
1988.5,2025-12-02T09:08:30+00:00,LOCO_01,locomotive,moving,,,
1988.5,2025-12-02T09:08:30+00:00,W2238,wagon,moving,,,
1988.5,2025-12-02T09:08:30+00:00,W0047,wagon,moving,,,
1993.5,2025-12-02T09:13:30+00:00,W2238,wagon,in_workshop,,,
1993.5,2025-12-02T09:13:30+00:00,W0047,wagon,in_workshop,,,
1999.5,2025-12-02T09:19:30+00:00,W2238,wagon,in_workshop,,,
1999.5,2025-12-02T09:19:30+00:00,W0047,wagon,in_workshop,,,
1999.5,2025-12-02T09:19:30+00:00,LOCO_01,locomotive,moving,,,
2004.5,2025-12-02T09:24:30+00:00,LOCO_01,locomotive,moving,,,
2033.5,2025-12-02T09:53:30+00:00,W4440,wagon,retrofitted,,,
2033.5,2025-12-02T09:53:30+00:00,W10383,wagon,retrofitted,,,
2059.5,2025-12-02T10:19:30+00:00,W2238,wagon,retrofitted,,,
2059.5,2025-12-02T10:19:30+00:00,W0047,wagon,retrofitted,,,
2064.5,2025-12-02T10:24:30+00:00,LOCO_01,locomotive,assigned,,,
2073.5,2025-12-02T10:33:30+00:00,LOCO_01,locomotive,moving,,,
2073.5,2025-12-02T10:33:30+00:00,W8613,wagon,moving,,,
2073.5,2025-12-02T10:33:30+00:00,W10130,wagon,moving,,,
2073.5,2025-12-02T10:33:30+00:00,W9721,wagon,moving,,,
2073.5,2025-12-02T10:33:30+00:00,W9756,wagon,moving,,,
2110.0,2025-12-02T11:10:00+00:00,W0689,wagon,parked,,,
2110.0,2025-12-02T11:10:00+00:00,W11268,wagon,parked,,,
2110.0,2025-12-02T11:10:00+00:00,W11509,wagon,parked,,,
2110.0,2025-12-02T11:10:00+00:00,W6557,wagon,parked,,,
2110.0,2025-12-02T11:10:00+00:00,LOCO_02,locomotive,moving,,,
2133.5,2025-12-02T11:33:30+00:00,W8613,wagon,queued,,,
2133.5,2025-12-02T11:33:30+00:00,W10130,wagon,queued,,,
2133.5,2025-12-02T11:33:30+00:00,W9721,wagon,queued,,,
2133.5,2025-12-02T11:33:30+00:00,W9756,wagon,queued,,,
2138.0,2025-12-02T11:38:00+00:00,W2926,wagon,rejected,T23,,NO_COLLECTION_TRACK
2138.0,2025-12-02T11:38:00+00:00,W5391,wagon,rejected,T23,,NO_COLLECTION_TRACK
2138.0,2025-12-02T11:38:00+00:00,W6682,wagon,rejected,T23,,NO_COLLECTION_TRACK
2138.0,2025-12-02T11:38:00+00:00,W11256,wagon,rejected,T23,,NO_COLLECTION_TRACK
2138.0,2025-12-02T11:38:00+00:00,W10892,wagon,rejected,T23,,NO_COLLECTION_TRACK
2138.0,2025-12-02T11:38:00+00:00,W3173,wagon,arrived,T23,,
2138.0,2025-12-02T11:38:00+00:00,W5038,wagon,arrived,T23,,
2138.0,2025-12-02T11:38:00+00:00,W11261,wagon,arrived,T23,,
2138.0,2025-12-02T11:38:00+00:00,W11259,wagon,arrived,T23,,
2138.0,2025-12-02T11:38:00+00:00,W5167,wagon,arrived,T23,,
2138.0,2025-12-02T11:38:00+00:00,W4666,wagon,arrived,T23,,
2138.0,2025-12-02T11:38:00+00:00,W11269,wagon,arrived,T23,,
2138.0,2025-12-02T11:38:00+00:00,W3811,wagon,arrived,T23,,
2149.75,2025-12-02T11:49:45+00:00,W3926,wagon,rejected,T24,,No Retrofit Needed
2149.75,2025-12-02T11:49:45+00:00,W1906,wagon,rejected,T24,,NO_COLLECTION_TRACK
2154.5,2025-12-02T11:54:30+00:00,LOCO_01,locomotive,moving,,,
2158.0,2025-12-02T11:58:00+00:00,W1158,wagon,rejected,T25,,NO_COLLECTION_TRACK
2158.0,2025-12-02T11:58:00+00:00,W1139,wagon,rejected,T25,,NO_COLLECTION_TRACK
2158.0,2025-12-02T11:58:00+00:00,W1149,wagon,rejected,T25,,NO_COLLECTION_TRACK
2158.0,2025-12-02T11:58:00+00:00,W1150,wagon,rejected,T25,,NO_COLLECTION_TRACK
2158.0,2025-12-02T11:58:00+00:00,W1151,wagon,rejected,T25,,NO_COLLECTION_TRACK
2158.0,2025-12-02T11:58:00+00:00,W1152,wagon,rejected,T25,,NO_COLLECTION_TRACK
2158.0,2025-12-02T11:58:00+00:00,W1156,wagon,rejected,T25,,NO_COLLECTION_TRACK
2158.0,2025-12-02T11:58:00+00:00,W1174,wagon,rejected,T25,,NO_COLLECTION_TRACK
2158.0,2025-12-02T11:58:00+00:00,W1161,wagon,rejected,T25,,NO_COLLECTION_TRACK
2159.5,2025-12-02T11:59:30+00:00,LOCO_01,locomotive,moving,,,
2166.5,2025-12-02T12:06:30+00:00,LOCO_01,locomotive,moving,,,
2166.5,2025-12-02T12:06:30+00:00,W4440,wagon,moving,,,
2166.5,2025-12-02T12:06:30+00:00,W10383,wagon,moving,,,
2170.0,2025-12-02T12:10:00+00:00,LOCO_02,locomotive,moving,,,
2171.5,2025-12-02T12:11:30+00:00,LOCO_01,locomotive,moving,,,
2176.5,2025-12-02T12:16:30+00:00,LOCO_01,locomotive,assigned,,,
2176.5,2025-12-02T12:16:30+00:00,LOCO_01,locomotive,moving,,,
2177.0,2025-12-02T12:17:00+00:00,LOCO_02,locomotive,moving,,,
2177.0,2025-12-02T12:17:00+00:00,W2238,wagon,moving,,,
2177.0,2025-12-02T12:17:00+00:00,W0047,wagon,moving,,,
2182.0,2025-12-02T12:22:00+00:00,LOCO_02,locomotive,moving,,,
2183.5,2025-12-02T12:23:30+00:00,LOCO_01,locomotive,moving,,,
2189.0,2025-12-02T12:29:00+00:00,LOCO_02,locomotive,moving,,,
2197.0,2025-12-02T12:37:00+00:00,LOCO_02,locomotive,moving,,,
2197.0,2025-12-02T12:37:00+00:00,W0049,wagon,moving,,,
2197.0,2025-12-02T12:37:00+00:00,W2535,wagon,moving,,,
2202.0,2025-12-02T12:42:00+00:00,W0049,wagon,in_workshop,,,
2202.0,2025-12-02T12:42:00+00:00,W2535,wagon,in_workshop,,,
2208.0,2025-12-02T12:48:00+00:00,W0049,wagon,in_workshop,,,
2208.0,2025-12-02T12:48:00+00:00,W2535,wagon,in_workshop,,,
2208.0,2025-12-02T12:48:00+00:00,LOCO_02,locomotive,moving,,,
2215.0,2025-12-02T12:55:00+00:00,LOCO_02,locomotive,moving,,,
2223.0,2025-12-02T13:03:00+00:00,LOCO_02,locomotive,moving,,,
2223.0,2025-12-02T13:03:00+00:00,W7970,wagon,moving,,,
2223.0,2025-12-02T13:03:00+00:00,W4849,wagon,moving,,,
2228.0,2025-12-02T13:08:00+00:00,W7970,wagon,in_workshop,,,
2228.0,2025-12-02T13:08:00+00:00,W4849,wagon,in_workshop,,,
2234.0,2025-12-02T13:14:00+00:00,W7970,wagon,in_workshop,,,
2234.0,2025-12-02T13:14:00+00:00,W4849,wagon,in_workshop,,,
2234.0,2025-12-02T13:14:00+00:00,LOCO_02,locomotive,moving,,,
2239.0,2025-12-02T13:19:00+00:00,LOCO_02,locomotive,moving,,,
2258.0,2025-12-02T13:38:00+00:00,W10889,wagon,rejected,T26,,NO_COLLECTION_TRACK
2258.0,2025-12-02T13:38:00+00:00,W11254,wagon,arrived,T26,,
2258.0,2025-12-02T13:38:00+00:00,W10878,wagon,arrived,T26,,
2268.0,2025-12-02T13:48:00+00:00,W0049,wagon,retrofitted,,,
2268.0,2025-12-02T13:48:00+00:00,W2535,wagon,retrofitted,,,
2294.0,2025-12-02T14:14:00+00:00,W7970,wagon,retrofitted,,,
2294.0,2025-12-02T14:14:00+00:00,W4849,wagon,retrofitted,,,
2299.0,2025-12-02T14:19:00+00:00,LOCO_02,locomotive,assigned,,,
2303.75,2025-12-02T14:23:45+00:00,W11320,wagon,rejected,T27,,NO_COLLECTION_TRACK
2303.75,2025-12-02T14:23:45+00:00,W5833,wagon,rejected,T27,,NO_COLLECTION_TRACK
2303.75,2025-12-02T14:23:45+00:00,W6096,wagon,rejected,T27,,NO_COLLECTION_TRACK
2303.75,2025-12-02T14:23:45+00:00,W0874,wagon,rejected,T27,,NO_COLLECTION_TRACK
2303.75,2025-12-02T14:23:45+00:00,W10689,wagon,rejected,T27,,NO_COLLECTION_TRACK
2303.75,2025-12-02T14:23:45+00:00,W5838,wagon,rejected,T27,,NO_COLLECTION_TRACK
2303.75,2025-12-02T14:23:45+00:00,W11241,wagon,rejected,T27,,NO_COLLECTION_TRACK
2303.75,2025-12-02T14:23:45+00:00,W2444,wagon,rejected,T27,,NO_COLLECTION_TRACK
2303.75,2025-12-02T14:23:45+00:00,W10134,wagon,rejected,T27,,NO_COLLECTION_TRACK
2304.0,2025-12-02T14:24:00+00:00,LOCO_02,locomotive,moving,,,
2304.0,2025-12-02T14:24:00+00:00,W11348,wagon,moving,,,
2304.0,2025-12-02T14:24:00+00:00,W12037,wagon,moving,,,
2305.0,2025-12-02T14:25:00+00:00,W10356,wagon,parked,,,
2305.0,2025-12-02T14:25:00+00:00,W6006,wagon,parked,,,
2305.0,2025-12-02T14:25:00+00:00,LOCO_01,locomotive,moving,,,
2324.25,2025-12-02T14:44:15+00:00,W7862,wagon,rejected,T28,,NO_COLLECTION_TRACK
2324.25,2025-12-02T14:44:15+00:00,W10284,wagon,rejected,T28,,NO_COLLECTION_TRACK
2324.25,2025-12-02T14:44:15+00:00,W2696,wagon,rejected,T28,,NO_COLLECTION_TRACK
2324.25,2025-12-02T14:44:15+00:00,W9329,wagon,rejected,T28,,NO_COLLECTION_TRACK
2364.0,2025-12-02T15:24:00+00:00,W11348,wagon,queued,,,
2364.0,2025-12-02T15:24:00+00:00,W12037,wagon,queued,,,
2365.0,2025-12-02T15:25:00+00:00,LOCO_01,locomotive,moving,,,
2372.0,2025-12-02T15:32:00+00:00,LOCO_01,locomotive,moving,,,
2372.0,2025-12-02T15:32:00+00:00,W0049,wagon,moving,,,
2372.0,2025-12-02T15:32:00+00:00,W2535,wagon,moving,,,
2373.0,2025-12-02T15:33:00+00:00,LOCO_02,locomotive,moving,,,
2377.0,2025-12-02T15:37:00+00:00,LOCO_01,locomotive,moving,,,
2378.0,2025-12-02T15:38:00+00:00,LOCO_02,locomotive,moving,,,
2382.0,2025-12-02T15:42:00+00:00,LOCO_01,locomotive,assigned,,,
2382.0,2025-12-02T15:42:00+00:00,LOCO_01,locomotive,moving,,,
2385.0,2025-12-02T15:45:00+00:00,LOCO_02,locomotive,moving,,,
2385.0,2025-12-02T15:45:00+00:00,W7970,wagon,moving,,,
2385.0,2025-12-02T15:45:00+00:00,W4849,wagon,moving,,,
2390.0,2025-12-02T15:50:00+00:00,LOCO_01,locomotive,moving,,,
2390.0,2025-12-02T15:50:00+00:00,LOCO_02,locomotive,moving,,,
2397.0,2025-12-02T15:57:00+00:00,LOCO_02,locomotive,moving,,,
2405.0,2025-12-02T16:05:00+00:00,LOCO_02,locomotive,moving,,,
2405.0,2025-12-02T16:05:00+00:00,W2967,wagon,moving,,,
2405.0,2025-12-02T16:05:00+00:00,W9392,wagon,moving,,,
2410.0,2025-12-02T16:10:00+00:00,W2967,wagon,in_workshop,,,
2410.0,2025-12-02T16:10:00+00:00,W9392,wagon,in_workshop,,,
2416.0,2025-12-02T16:16:00+00:00,W2967,wagon,in_workshop,,,
2416.0,2025-12-02T16:16:00+00:00,W9392,wagon,in_workshop,,,
2416.0,2025-12-02T16:16:00+00:00,LOCO_02,locomotive,moving,,,
2423.0,2025-12-02T16:23:00+00:00,LOCO_02,locomotive,moving,,,
2431.0,2025-12-02T16:31:00+00:00,LOCO_02,locomotive,moving,,,
2431.0,2025-12-02T16:31:00+00:00,W9274,wagon,moving,,,
2431.0,2025-12-02T16:31:00+00:00,W9776,wagon,moving,,,
2436.0,2025-12-02T16:36:00+00:00,W9274,wagon,in_workshop,,,
2436.0,2025-12-02T16:36:00+00:00,W9776,wagon,in_workshop,,,
2442.0,2025-12-02T16:42:00+00:00,W9274,wagon,in_workshop,,,
2442.0,2025-12-02T16:42:00+00:00,W9776,wagon,in_workshop,,,
2442.0,2025-12-02T16:42:00+00:00,LOCO_02,locomotive,moving,,,
2447.0,2025-12-02T16:47:00+00:00,LOCO_02,locomotive,moving,,,
2476.0,2025-12-02T17:16:00+00:00,W2967,wagon,retrofitted,,,
2476.0,2025-12-02T17:16:00+00:00,W9392,wagon,retrofitted,,,
2484.75,2025-12-02T17:24:45+00:00,W8549,wagon,rejected,T29,,NO_COLLECTION_TRACK
2484.75,2025-12-02T17:24:45+00:00,W5978,wagon,arrived,T29,,
2484.75,2025-12-02T17:24:45+00:00,W5686,wagon,arrived,T29,,
2484.75,2025-12-02T17:24:45+00:00,W5403,wagon,arrived,T29,,
2484.75,2025-12-02T17:24:45+00:00,W9401,wagon,arrived,T29,,
2502.0,2025-12-02T17:42:00+00:00,W9274,wagon,retrofitted,,,
2502.0,2025-12-02T17:42:00+00:00,W9776,wagon,retrofitted,,,
2507.0,2025-12-02T17:47:00+00:00,LOCO_02,locomotive,assigned,,,
2510.0,2025-12-02T17:50:00+00:00,LOCO_02,locomotive,moving,,,
2510.0,2025-12-02T17:50:00+00:00,W3950,wagon,moving,,,
2513.5,2025-12-02T17:53:30+00:00,W4440,wagon,parked,,,
2513.5,2025-12-02T17:53:30+00:00,W10383,wagon,parked,,,
2513.5,2025-12-02T17:53:30+00:00,W2238,wagon,parked,,,
2513.5,2025-12-02T17:53:30+00:00,W0047,wagon,parked,,,
2513.5,2025-12-02T17:53:30+00:00,LOCO_01,locomotive,moving,,,
2523.0,2025-12-02T18:03:00+00:00,W8467,wagon,rejected,T30,,NO_COLLECTION_TRACK
2523.0,2025-12-02T18:03:00+00:00,W11192,wagon,rejected,T30,,NO_COLLECTION_TRACK
2523.0,2025-12-02T18:03:00+00:00,W11193,wagon,rejected,T30,,NO_COLLECTION_TRACK
2529.25,2025-12-02T18:09:15+00:00,W10099,wagon,rejected,T31,,NO_COLLECTION_TRACK
2529.25,2025-12-02T18:09:15+00:00,W3424,wagon,rejected,T31,,NO_COLLECTION_TRACK
2529.25,2025-12-02T18:09:15+00:00,W11541,wagon,rejected,T31,,NO_COLLECTION_TRACK
2529.25,2025-12-02T18:09:15+00:00,W8706,wagon,rejected,T31,,NO_COLLECTION_TRACK
2529.25,2025-12-02T18:09:15+00:00,W10826,wagon,rejected,T31,,NO_COLLECTION_TRACK
2529.25,2025-12-02T18:09:15+00:00,W10396,wagon,rejected,T31,,NO_COLLECTION_TRACK
2570.0,2025-12-02T18:50:00+00:00,W3950,wagon,queued,,,
2571.5,2025-12-02T18:51:30+00:00,W11361,wagon,rejected,T32,,NO_COLLECTION_TRACK
2571.5,2025-12-02T18:51:30+00:00,W12313,wagon,rejected,T32,,NO_COLLECTION_TRACK
2573.0,2025-12-02T18:53:00+00:00,LOCO_02,locomotive,moving,,,
2573.5,2025-12-02T18:53:30+00:00,LOCO_01,locomotive,moving,,,
2574.0,2025-12-02T18:54:00+00:00,W5897,wagon,rejected,T33,,NO_COLLECTION_TRACK
2574.0,2025-12-02T18:54:00+00:00,W6930,wagon,rejected,T33,,NO_COLLECTION_TRACK
2574.0,2025-12-02T18:54:00+00:00,W6224,wagon,rejected,T33,,NO_COLLECTION_TRACK
2578.0,2025-12-02T18:58:00+00:00,LOCO_02,locomotive,moving,,,
2580.5,2025-12-02T19:00:30+00:00,LOCO_01,locomotive,moving,,,
2580.5,2025-12-02T19:00:30+00:00,W2967,wagon,moving,,,
2580.5,2025-12-02T19:00:30+00:00,W9392,wagon,moving,,,
2585.0,2025-12-02T19:05:00+00:00,LOCO_02,locomotive,moving,,,
2585.0,2025-12-02T19:05:00+00:00,W9274,wagon,moving,,,
2585.0,2025-12-02T19:05:00+00:00,W9776,wagon,moving,,,
2585.5,2025-12-02T19:05:30+00:00,LOCO_01,locomotive,moving,,,
2590.0,2025-12-02T19:10:00+00:00,LOCO_02,locomotive,moving,,,
2590.5,2025-12-02T19:10:30+00:00,LOCO_01,locomotive,assigned,,,
2590.5,2025-12-02T19:10:30+00:00,LOCO_01,locomotive,moving,,,
2597.0,2025-12-02T19:17:00+00:00,LOCO_02,locomotive,moving,,,
2598.5,2025-12-02T19:18:30+00:00,LOCO_01,locomotive,moving,,,
2605.0,2025-12-02T19:25:00+00:00,LOCO_02,locomotive,moving,,,
2605.0,2025-12-02T19:25:00+00:00,W12208,wagon,moving,,,
2605.0,2025-12-02T19:25:00+00:00,W8613,wagon,moving,,,
2610.0,2025-12-02T19:30:00+00:00,W12208,wagon,in_workshop,,,
2610.0,2025-12-02T19:30:00+00:00,W8613,wagon,in_workshop,,,
2616.0,2025-12-02T19:36:00+00:00,W12208,wagon,in_workshop,,,
2616.0,2025-12-02T19:36:00+00:00,W8613,wagon,in_workshop,,,
2616.0,2025-12-02T19:36:00+00:00,LOCO_02,locomotive,moving,,,
2623.0,2025-12-02T19:43:00+00:00,LOCO_02,locomotive,moving,,,
2631.0,2025-12-02T19:51:00+00:00,LOCO_02,locomotive,moving,,,
2631.0,2025-12-02T19:51:00+00:00,W10130,wagon,moving,,,
2631.0,2025-12-02T19:51:00+00:00,W9721,wagon,moving,,,
2636.0,2025-12-02T19:56:00+00:00,W10130,wagon,in_workshop,,,
2636.0,2025-12-02T19:56:00+00:00,W9721,wagon,in_workshop,,,
2642.0,2025-12-02T20:02:00+00:00,W10130,wagon,in_workshop,,,
2642.0,2025-12-02T20:02:00+00:00,W9721,wagon,in_workshop,,,
2642.0,2025-12-02T20:02:00+00:00,LOCO_02,locomotive,moving,,,
2647.0,2025-12-02T20:07:00+00:00,LOCO_02,locomotive,moving,,,
2666.75,2025-12-02T20:26:45+00:00,W8527,wagon,rejected,T34,,NO_COLLECTION_TRACK
2666.75,2025-12-02T20:26:45+00:00,W0043,wagon,rejected,T34,,NO_COLLECTION_TRACK
2666.75,2025-12-02T20:26:45+00:00,W12077,wagon,arrived,T34,,
2666.75,2025-12-02T20:26:45+00:00,W11766,wagon,arrived,T34,,
2666.75,2025-12-02T20:26:45+00:00,W4793,wagon,arrived,T34,,
2666.75,2025-12-02T20:26:45+00:00,W11718,wagon,arrived,T34,,
2676.0,2025-12-02T20:36:00+00:00,W12208,wagon,retrofitted,,,
2676.0,2025-12-02T20:36:00+00:00,W8613,wagon,retrofitted,,,
2702.0,2025-12-02T21:02:00+00:00,W10130,wagon,retrofitted,,,
2702.0,2025-12-02T21:02:00+00:00,W9721,wagon,retrofitted,,,
2707.0,2025-12-02T21:07:00+00:00,LOCO_02,locomotive,assigned,,,
2714.0,2025-12-02T21:14:00+00:00,LOCO_02,locomotive,moving,,,
2714.0,2025-12-02T21:14:00+00:00,W0440,wagon,moving,,,
2714.0,2025-12-02T21:14:00+00:00,W11988,wagon,moving,,,
2714.0,2025-12-02T21:14:00+00:00,W12260,wagon,moving,,,
2717.75,2025-12-02T21:17:45+00:00,W2772,wagon,rejected,T35,,NO_COLLECTION_TRACK
2717.75,2025-12-02T21:17:45+00:00,W3651,wagon,rejected,T35,,NO_COLLECTION_TRACK
2717.75,2025-12-02T21:17:45+00:00,W4026,wagon,rejected,T35,,NO_COLLECTION_TRACK
2717.75,2025-12-02T21:17:45+00:00,W2716,wagon,rejected,T35,,NO_COLLECTION_TRACK
2717.75,2025-12-02T21:17:45+00:00,W11989,wagon,rejected,T35,,NO_COLLECTION_TRACK
2717.75,2025-12-02T21:17:45+00:00,W10725,wagon,rejected,T35,,NO_COLLECTION_TRACK
2717.75,2025-12-02T21:17:45+00:00,W10728,wagon,rejected,T35,,NO_COLLECTION_TRACK
2722.0,2025-12-02T21:22:00+00:00,W0049,wagon,parked,,,
2722.0,2025-12-02T21:22:00+00:00,W2535,wagon,parked,,,
2722.0,2025-12-02T21:22:00+00:00,W7970,wagon,parked,,,
2722.0,2025-12-02T21:22:00+00:00,W4849,wagon,parked,,,
2722.0,2025-12-02T21:22:00+00:00,LOCO_01,locomotive,moving,,,
2774.0,2025-12-02T22:14:00+00:00,W0440,wagon,queued,,,
2774.0,2025-12-02T22:14:00+00:00,W11988,wagon,queued,,,
2774.0,2025-12-02T22:14:00+00:00,W12260,wagon,queued,,,
2782.0,2025-12-02T22:22:00+00:00,LOCO_01,locomotive,moving,,,
2789.0,2025-12-02T22:29:00+00:00,LOCO_02,locomotive,moving,,,
2789.0,2025-12-02T22:29:00+00:00,LOCO_01,locomotive,moving,,,
2789.0,2025-12-02T22:29:00+00:00,W12208,wagon,moving,,,
2789.0,2025-12-02T22:29:00+00:00,W8613,wagon,moving,,,
2794.0,2025-12-02T22:34:00+00:00,LOCO_01,locomotive,moving,,,
2794.0,2025-12-02T22:34:00+00:00,LOCO_02,locomotive,moving,,,
2799.0,2025-12-02T22:39:00+00:00,LOCO_01,locomotive,assigned,,,
2799.0,2025-12-02T22:39:00+00:00,LOCO_01,locomotive,moving,,,
2801.0,2025-12-02T22:41:00+00:00,LOCO_02,locomotive,moving,,,
2801.0,2025-12-02T22:41:00+00:00,W10130,wagon,moving,,,
2801.0,2025-12-02T22:41:00+00:00,W9721,wagon,moving,,,
2806.0,2025-12-02T22:46:00+00:00,LOCO_02,locomotive,moving,,,
2807.0,2025-12-02T22:47:00+00:00,LOCO_01,locomotive,moving,,,
2813.0,2025-12-02T22:53:00+00:00,LOCO_02,locomotive,moving,,,
2821.0,2025-12-02T23:01:00+00:00,LOCO_02,locomotive,moving,,,
2821.0,2025-12-02T23:01:00+00:00,W9756,wagon,moving,,,
2821.0,2025-12-02T23:01:00+00:00,W11348,wagon,moving,,,
2826.0,2025-12-02T23:06:00+00:00,W9756,wagon,in_workshop,,,
2826.0,2025-12-02T23:06:00+00:00,W11348,wagon,in_workshop,,,
2832.0,2025-12-02T23:12:00+00:00,W9756,wagon,in_workshop,,,
2832.0,2025-12-02T23:12:00+00:00,W11348,wagon,in_workshop,,,
2832.0,2025-12-02T23:12:00+00:00,LOCO_02,locomotive,moving,,,
2839.0,2025-12-02T23:19:00+00:00,LOCO_02,locomotive,moving,,,
2844.75,2025-12-02T23:24:45+00:00,W7261,wagon,arrived,T36,,
2844.75,2025-12-02T23:24:45+00:00,W7263,wagon,arrived,T36,,
2844.75,2025-12-02T23:24:45+00:00,W6339,wagon,arrived,T36,,
2844.75,2025-12-02T23:24:45+00:00,W3618,wagon,arrived,T36,,
2844.75,2025-12-02T23:24:45+00:00,W7252,wagon,arrived,T36,,
2847.0,2025-12-02T23:27:00+00:00,LOCO_02,locomotive,moving,,,
2847.0,2025-12-02T23:27:00+00:00,W12037,wagon,moving,,,
2847.0,2025-12-02T23:27:00+00:00,W3950,wagon,moving,,,
2852.0,2025-12-02T23:32:00+00:00,W12037,wagon,in_workshop,,,
2852.0,2025-12-02T23:32:00+00:00,W3950,wagon,in_workshop,,,
2858.0,2025-12-02T23:38:00+00:00,W12037,wagon,in_workshop,,,
2858.0,2025-12-02T23:38:00+00:00,W3950,wagon,in_workshop,,,
2858.0,2025-12-02T23:38:00+00:00,LOCO_02,locomotive,moving,,,
2863.0,2025-12-02T23:43:00+00:00,LOCO_02,locomotive,moving,,,
2892.0,2025-12-03T00:12:00+00:00,W9756,wagon,retrofitted,,,
2892.0,2025-12-03T00:12:00+00:00,W11348,wagon,retrofitted,,,
2894.75,2025-12-03T00:14:45+00:00,W10321,wagon,rejected,T37,,NO_COLLECTION_TRACK
2894.75,2025-12-03T00:14:45+00:00,W7806,wagon,rejected,T37,,NO_COLLECTION_TRACK
2894.75,2025-12-03T00:14:45+00:00,W6352,wagon,arrived,T37,,
2918.0,2025-12-03T00:38:00+00:00,W12037,wagon,retrofitted,,,
2918.0,2025-12-03T00:38:00+00:00,W3950,wagon,retrofitted,,,
2923.0,2025-12-03T00:43:00+00:00,LOCO_02,locomotive,assigned,,,
2930.5,2025-12-03T00:50:30+00:00,W2967,wagon,parked,,,
2930.5,2025-12-03T00:50:30+00:00,W9392,wagon,parked,,,
2930.5,2025-12-03T00:50:30+00:00,W9274,wagon,parked,,,
2930.5,2025-12-03T00:50:30+00:00,W9776,wagon,parked,,,
2930.5,2025-12-03T00:50:30+00:00,LOCO_01,locomotive,moving,,,
2932.0,2025-12-03T00:52:00+00:00,LOCO_02,locomotive,moving,,,
2932.0,2025-12-03T00:52:00+00:00,W7997,wagon,moving,,,
2932.0,2025-12-03T00:52:00+00:00,W8626,wagon,moving,,,
2932.0,2025-12-03T00:52:00+00:00,W9174,wagon,moving,,,
2932.0,2025-12-03T00:52:00+00:00,W9169,wagon,moving,,,
2950.25,2025-12-03T01:10:15+00:00,W4726,wagon,rejected,T38,,NO_COLLECTION_TRACK
2950.25,2025-12-03T01:10:15+00:00,W4701,wagon,rejected,T38,,NO_COLLECTION_TRACK
2950.25,2025-12-03T01:10:15+00:00,W4754,wagon,rejected,T38,,NO_COLLECTION_TRACK
2954.25,2025-12-03T01:14:15+00:00,W1906,wagon,rejected,T39,,No Retrofit Needed
2954.25,2025-12-03T01:14:15+00:00,W3811,wagon,rejected,T39,,No Retrofit Needed
2954.25,2025-12-03T01:14:15+00:00,W3173,wagon,rejected,T39,,No Retrofit Needed
2954.25,2025-12-03T01:14:15+00:00,W4666,wagon,rejected,T39,,No Retrofit Needed
2990.5,2025-12-03T01:50:30+00:00,LOCO_01,locomotive,moving,,,
2992.0,2025-12-03T01:52:00+00:00,W7997,wagon,queued,,,
2992.0,2025-12-03T01:52:00+00:00,W8626,wagon,queued,,,
2992.0,2025-12-03T01:52:00+00:00,W9174,wagon,queued,,,
2992.0,2025-12-03T01:52:00+00:00,W9169,wagon,queued,,,
2997.5,2025-12-03T01:57:30+00:00,LOCO_01,locomotive,moving,,,
2997.5,2025-12-03T01:57:30+00:00,W9756,wagon,moving,,,
2997.5,2025-12-03T01:57:30+00:00,W11348,wagon,moving,,,
3002.5,2025-12-03T02:02:30+00:00,LOCO_01,locomotive,moving,,,
3007.5,2025-12-03T02:07:30+00:00,LOCO_01,locomotive,moving,,,
3013.0,2025-12-03T02:13:00+00:00,LOCO_02,locomotive,moving,,,
3014.5,2025-12-03T02:14:30+00:00,LOCO_01,locomotive,moving,,,
3014.5,2025-12-03T02:14:30+00:00,W12037,wagon,moving,,,
3014.5,2025-12-03T02:14:30+00:00,W3950,wagon,moving,,,
3019.5,2025-12-03T02:19:30+00:00,LOCO_01,locomotive,moving,,,
3020.0,2025-12-03T02:20:00+00:00,LOCO_02,locomotive,moving,,,
3024.5,2025-12-03T02:24:30+00:00,LOCO_01,locomotive,assigned,,,
3024.5,2025-12-03T02:24:30+00:00,LOCO_01,locomotive,moving,,,
3026.75,2025-12-03T02:26:45+00:00,W7155,wagon,arrived,T40,,
3026.75,2025-12-03T02:26:45+00:00,W7258,wagon,arrived,T40,,
3026.75,2025-12-03T02:26:45+00:00,W9495,wagon,arrived,T40,,
3028.0,2025-12-03T02:28:00+00:00,LOCO_02,locomotive,moving,,,
3028.0,2025-12-03T02:28:00+00:00,W0440,wagon,moving,,,
3028.0,2025-12-03T02:28:00+00:00,W11988,wagon,moving,,,
3032.5,2025-12-03T02:32:30+00:00,LOCO_01,locomotive,moving,,,
3033.0,2025-12-03T02:33:00+00:00,W0440,wagon,in_workshop,,,
3033.0,2025-12-03T02:33:00+00:00,W11988,wagon,in_workshop,,,
3039.0,2025-12-03T02:39:00+00:00,W0440,wagon,in_workshop,,,
3039.0,2025-12-03T02:39:00+00:00,W11988,wagon,in_workshop,,,
3039.0,2025-12-03T02:39:00+00:00,LOCO_02,locomotive,moving,,,
3046.0,2025-12-03T02:46:00+00:00,LOCO_02,locomotive,moving,,,
3054.0,2025-12-03T02:54:00+00:00,LOCO_02,locomotive,moving,,,
3054.0,2025-12-03T02:54:00+00:00,W12260,wagon,moving,,,
3054.0,2025-12-03T02:54:00+00:00,W7997,wagon,moving,,,
3059.0,2025-12-03T02:59:00+00:00,W12260,wagon,in_workshop,,,
3059.0,2025-12-03T02:59:00+00:00,W7997,wagon,in_workshop,,,
3064.0,2025-12-03T03:04:00+00:00,W11014,wagon,arrived,T41,,
3064.0,2025-12-03T03:04:00+00:00,W9040,wagon,arrived,T41,,
3064.0,2025-12-03T03:04:00+00:00,W9345,wagon,arrived,T41,,
3065.0,2025-12-03T03:05:00+00:00,W12260,wagon,in_workshop,,,
3065.0,2025-12-03T03:05:00+00:00,W7997,wagon,in_workshop,,,
3065.0,2025-12-03T03:05:00+00:00,LOCO_02,locomotive,moving,,,
3070.0,2025-12-03T03:10:00+00:00,LOCO_02,locomotive,moving,,,
3099.0,2025-12-03T03:39:00+00:00,W0440,wagon,retrofitted,,,
3099.0,2025-12-03T03:39:00+00:00,W11988,wagon,retrofitted,,,
3125.0,2025-12-03T04:05:00+00:00,W12260,wagon,retrofitted,,,
3125.0,2025-12-03T04:05:00+00:00,W7997,wagon,retrofitted,,,
3130.0,2025-12-03T04:10:00+00:00,LOCO_02,locomotive,assigned,,,
3141.0,2025-12-03T04:21:00+00:00,LOCO_02,locomotive,moving,,,
3141.0,2025-12-03T04:21:00+00:00,W0130,wagon,moving,,,
3141.0,2025-12-03T04:21:00+00:00,W9352,wagon,moving,,,
3141.0,2025-12-03T04:21:00+00:00,W2980,wagon,moving,,,
3141.0,2025-12-03T04:21:00+00:00,W2406,wagon,moving,,,
3141.0,2025-12-03T04:21:00+00:00,W2399,wagon,moving,,,
3156.0,2025-12-03T04:36:00+00:00,W12208,wagon,parked,,,
3156.0,2025-12-03T04:36:00+00:00,W8613,wagon,parked,,,
3156.0,2025-12-03T04:36:00+00:00,W10130,wagon,parked,,,
3156.0,2025-12-03T04:36:00+00:00,W9721,wagon,parked,,,
3156.0,2025-12-03T04:36:00+00:00,LOCO_01,locomotive,moving,,,
3190.75,2025-12-03T05:10:45+00:00,W11723,wagon,rejected,T42,,NO_COLLECTION_TRACK
3190.75,2025-12-03T05:10:45+00:00,W8675,wagon,rejected,T42,,NO_COLLECTION_TRACK
3190.75,2025-12-03T05:10:45+00:00,W9959,wagon,rejected,T42,,NO_COLLECTION_TRACK
3190.75,2025-12-03T05:10:45+00:00,W7115,wagon,arrived,T42,,
3190.75,2025-12-03T05:10:45+00:00,W10706,wagon,arrived,T42,,
3201.0,2025-12-03T05:21:00+00:00,W0130,wagon,queued,,,
3201.0,2025-12-03T05:21:00+00:00,W9352,wagon,queued,,,
3201.0,2025-12-03T05:21:00+00:00,W2980,wagon,queued,,,
3201.0,2025-12-03T05:21:00+00:00,W2406,wagon,queued,,,
3201.0,2025-12-03T05:21:00+00:00,W2399,wagon,queued,,,
3216.0,2025-12-03T05:36:00+00:00,LOCO_01,locomotive,moving,,,
3223.0,2025-12-03T05:43:00+00:00,LOCO_01,locomotive,moving,,,
3223.0,2025-12-03T05:43:00+00:00,W0440,wagon,moving,,,
3223.0,2025-12-03T05:43:00+00:00,W11988,wagon,moving,,,
3228.0,2025-12-03T05:48:00+00:00,LOCO_02,locomotive,moving,,,
3228.0,2025-12-03T05:48:00+00:00,LOCO_01,locomotive,moving,,,
3233.0,2025-12-03T05:53:00+00:00,LOCO_02,locomotive,moving,,,
3235.0,2025-12-03T05:55:00+00:00,LOCO_01,locomotive,moving,,,
3237.25,2025-12-03T05:57:15+00:00,W4849,wagon,rejected,T43,,No Retrofit Needed
3239.25,2025-12-03T05:59:15+00:00,W8705,wagon,arrived,T44,,
3239.25,2025-12-03T05:59:15+00:00,W5127,wagon,arrived,T44,,
3240.0,2025-12-03T06:00:00+00:00,LOCO_02,locomotive,moving,,,
3240.0,2025-12-03T06:00:00+00:00,W12260,wagon,moving,,,
3240.0,2025-12-03T06:00:00+00:00,W7997,wagon,moving,,,
3243.0,2025-12-03T06:03:00+00:00,LOCO_01,locomotive,moving,,,
3243.0,2025-12-03T06:03:00+00:00,W8626,wagon,moving,,,
3243.0,2025-12-03T06:03:00+00:00,W9174,wagon,moving,,,
3245.0,2025-12-03T06:05:00+00:00,LOCO_02,locomotive,moving,,,
3248.0,2025-12-03T06:08:00+00:00,W8626,wagon,in_workshop,,,
3248.0,2025-12-03T06:08:00+00:00,W9174,wagon,in_workshop,,,
3250.0,2025-12-03T06:10:00+00:00,LOCO_02,locomotive,assigned,,,
3250.0,2025-12-03T06:10:00+00:00,LOCO_02,locomotive,moving,,,
3254.0,2025-12-03T06:14:00+00:00,W8626,wagon,in_workshop,,,
3254.0,2025-12-03T06:14:00+00:00,W9174,wagon,in_workshop,,,
3254.0,2025-12-03T06:14:00+00:00,LOCO_01,locomotive,moving,,,
3258.0,2025-12-03T06:18:00+00:00,LOCO_02,locomotive,moving,,,
3261.0,2025-12-03T06:21:00+00:00,LOCO_01,locomotive,moving,,,
3269.0,2025-12-03T06:29:00+00:00,LOCO_01,locomotive,moving,,,
3269.0,2025-12-03T06:29:00+00:00,W9169,wagon,moving,,,
3269.0,2025-12-03T06:29:00+00:00,W0130,wagon,moving,,,
3274.0,2025-12-03T06:34:00+00:00,W9169,wagon,in_workshop,,,
3274.0,2025-12-03T06:34:00+00:00,W0130,wagon,in_workshop,,,
3280.0,2025-12-03T06:40:00+00:00,W9169,wagon,in_workshop,,,
3280.0,2025-12-03T06:40:00+00:00,W0130,wagon,in_workshop,,,
3280.0,2025-12-03T06:40:00+00:00,LOCO_01,locomotive,moving,,,
3285.0,2025-12-03T06:45:00+00:00,LOCO_01,locomotive,moving,,,
3287.25,2025-12-03T06:47:15+00:00,W6213,wagon,rejected,T45,,NO_COLLECTION_TRACK
3287.25,2025-12-03T06:47:15+00:00,W1578,wagon,rejected,T45,,NO_COLLECTION_TRACK
3299.0,2025-12-03T06:59:00+00:00,W9274,wagon,rejected,T46,,No Retrofit Needed
3299.0,2025-12-03T06:59:00+00:00,W9352,wagon,rejected,T46,,No Retrofit Needed
3299.0,2025-12-03T06:59:00+00:00,W5403,wagon,rejected,T46,,No Retrofit Needed
3299.0,2025-12-03T06:59:00+00:00,W10886,wagon,arrived,T46,,
3314.0,2025-12-03T07:14:00+00:00,W8626,wagon,retrofitted,,,
3314.0,2025-12-03T07:14:00+00:00,W9174,wagon,retrofitted,,,
3340.0,2025-12-03T07:40:00+00:00,W9169,wagon,retrofitted,,,
3340.0,2025-12-03T07:40:00+00:00,W0130,wagon,retrofitted,,,
3345.0,2025-12-03T07:45:00+00:00,LOCO_01,locomotive,assigned,,,
3360.0,2025-12-03T08:00:00+00:00,LOCO_01,locomotive,moving,,,
3360.0,2025-12-03T08:00:00+00:00,W9173,wagon,moving,,,
3360.0,2025-12-03T08:00:00+00:00,W6140,wagon,moving,,,
3360.0,2025-12-03T08:00:00+00:00,W10364,wagon,moving,,,
3360.0,2025-12-03T08:00:00+00:00,W6077,wagon,moving,,,
3360.0,2025-12-03T08:00:00+00:00,W9270,wagon,moving,,,
3360.0,2025-12-03T08:00:00+00:00,W9276,wagon,moving,,,
3360.0,2025-12-03T08:00:00+00:00,W11578,wagon,moving,,,
3381.5,2025-12-03T08:21:30+00:00,W9756,wagon,parked,,,
3381.5,2025-12-03T08:21:30+00:00,W11348,wagon,parked,,,
3381.5,2025-12-03T08:21:30+00:00,W12037,wagon,parked,,,
3381.5,2025-12-03T08:21:30+00:00,W3950,wagon,parked,,,
3381.5,2025-12-03T08:21:30+00:00,LOCO_02,locomotive,moving,,,
3383.0,2025-12-03T08:23:00+00:00,W5446,wagon,rejected,T47,,NO_COLLECTION_TRACK
3383.0,2025-12-03T08:23:00+00:00,W10881,wagon,rejected,T47,,NO_COLLECTION_TRACK
3383.0,2025-12-03T08:23:00+00:00,W10924,wagon,rejected,T47,,NO_COLLECTION_TRACK
3383.0,2025-12-03T08:23:00+00:00,W0678,wagon,rejected,T47,,NO_COLLECTION_TRACK
3383.0,2025-12-03T08:23:00+00:00,W4655,wagon,rejected,T47,,NO_COLLECTION_TRACK
3383.0,2025-12-03T08:23:00+00:00,W5705,wagon,rejected,T47,,NO_COLLECTION_TRACK
3420.0,2025-12-03T09:00:00+00:00,W9173,wagon,queued,,,
3420.0,2025-12-03T09:00:00+00:00,W6140,wagon,queued,,,
3420.0,2025-12-03T09:00:00+00:00,W10364,wagon,queued,,,
3420.0,2025-12-03T09:00:00+00:00,W6077,wagon,queued,,,
3420.0,2025-12-03T09:00:00+00:00,W9270,wagon,queued,,,
3420.0,2025-12-03T09:00:00+00:00,W9276,wagon,queued,,,
3420.0,2025-12-03T09:00:00+00:00,W11578,wagon,queued,,,
3441.5,2025-12-03T09:21:30+00:00,LOCO_02,locomotive,moving,,,
3448.5,2025-12-03T09:28:30+00:00,LOCO_02,locomotive,moving,,,
3448.5,2025-12-03T09:28:30+00:00,W8626,wagon,moving,,,
3448.5,2025-12-03T09:28:30+00:00,W9174,wagon,moving,,,
3453.5,2025-12-03T09:33:30+00:00,LOCO_02,locomotive,moving,,,
3458.5,2025-12-03T09:38:30+00:00,LOCO_02,locomotive,moving,,,
3459.0,2025-12-03T09:39:00+00:00,LOCO_01,locomotive,moving,,,
3465.5,2025-12-03T09:45:30+00:00,LOCO_02,locomotive,moving,,,
3465.5,2025-12-03T09:45:30+00:00,W9169,wagon,moving,,,
3465.5,2025-12-03T09:45:30+00:00,W0130,wagon,moving,,,
3466.0,2025-12-03T09:46:00+00:00,LOCO_01,locomotive,moving,,,
3470.5,2025-12-03T09:50:30+00:00,LOCO_02,locomotive,moving,,,
3474.0,2025-12-03T09:54:00+00:00,LOCO_01,locomotive,moving,,,
3474.0,2025-12-03T09:54:00+00:00,W9352,wagon,moving,,,
3474.0,2025-12-03T09:54:00+00:00,W2980,wagon,moving,,,
3475.5,2025-12-03T09:55:30+00:00,LOCO_02,locomotive,assigned,,,
3475.5,2025-12-03T09:55:30+00:00,LOCO_02,locomotive,moving,,,
3479.0,2025-12-03T09:59:00+00:00,W9352,wagon,in_workshop,,,
3479.0,2025-12-03T09:59:00+00:00,W2980,wagon,in_workshop,,,
3483.5,2025-12-03T10:03:30+00:00,LOCO_02,locomotive,moving,,,
3485.0,2025-12-03T10:05:00+00:00,W9352,wagon,in_workshop,,,
3485.0,2025-12-03T10:05:00+00:00,W2980,wagon,in_workshop,,,
3485.0,2025-12-03T10:05:00+00:00,LOCO_01,locomotive,moving,,,
3492.0,2025-12-03T10:12:00+00:00,LOCO_01,locomotive,moving,,,
3500.0,2025-12-03T10:20:00+00:00,LOCO_01,locomotive,moving,,,
3500.0,2025-12-03T10:20:00+00:00,W2406,wagon,moving,,,
3500.0,2025-12-03T10:20:00+00:00,W2399,wagon,moving,,,
3505.0,2025-12-03T10:25:00+00:00,W2406,wagon,in_workshop,,,
3505.0,2025-12-03T10:25:00+00:00,W2399,wagon,in_workshop,,,
3511.0,2025-12-03T10:31:00+00:00,W2406,wagon,in_workshop,,,
3511.0,2025-12-03T10:31:00+00:00,W2399,wagon,in_workshop,,,
3511.0,2025-12-03T10:31:00+00:00,LOCO_01,locomotive,moving,,,
3516.0,2025-12-03T10:36:00+00:00,LOCO_01,locomotive,moving,,,
3545.0,2025-12-03T11:05:00+00:00,W9352,wagon,retrofitted,,,
3545.0,2025-12-03T11:05:00+00:00,W2980,wagon,retrofitted,,,
3557.75,2025-12-03T11:17:45+00:00,W5057,wagon,arrived,T48,,
3557.75,2025-12-03T11:17:45+00:00,W4522,wagon,arrived,T48,,
3557.75,2025-12-03T11:17:45+00:00,W4479,wagon,arrived,T48,,
3571.0,2025-12-03T11:31:00+00:00,W2406,wagon,retrofitted,,,
3571.0,2025-12-03T11:31:00+00:00,W2399,wagon,retrofitted,,,
3576.0,2025-12-03T11:36:00+00:00,LOCO_01,locomotive,assigned,,,
3581.0,2025-12-03T11:41:00+00:00,LOCO_01,locomotive,moving,,,
3581.0,2025-12-03T11:41:00+00:00,W9868,wagon,moving,,,
3581.0,2025-12-03T11:41:00+00:00,W12060,wagon,moving,,,
3607.0,2025-12-03T12:07:00+00:00,W0440,wagon,parked,,,
3607.0,2025-12-03T12:07:00+00:00,W11988,wagon,parked,,,
3607.0,2025-12-03T12:07:00+00:00,W12260,wagon,parked,,,
3607.0,2025-12-03T12:07:00+00:00,W7997,wagon,parked,,,
3607.0,2025-12-03T12:07:00+00:00,LOCO_02,locomotive,moving,,,
3641.0,2025-12-03T12:41:00+00:00,W9868,wagon,queued,,,
3641.0,2025-12-03T12:41:00+00:00,W12060,wagon,queued,,,
3650.0,2025-12-03T12:50:00+00:00,LOCO_01,locomotive,moving,,,
3655.0,2025-12-03T12:55:00+00:00,LOCO_01,locomotive,moving,,,
3662.0,2025-12-03T13:02:00+00:00,LOCO_01,locomotive,moving,,,
3662.0,2025-12-03T13:02:00+00:00,W9352,wagon,moving,,,
3662.0,2025-12-03T13:02:00+00:00,W2980,wagon,moving,,,
3667.0,2025-12-03T13:07:00+00:00,LOCO_01,locomotive,moving,,,
3667.0,2025-12-03T13:07:00+00:00,LOCO_02,locomotive,moving,,,
3672.0,2025-12-03T13:12:00+00:00,LOCO_01,locomotive,assigned,,,
3672.0,2025-12-03T13:12:00+00:00,LOCO_01,locomotive,moving,,,
3674.0,2025-12-03T13:14:00+00:00,LOCO_02,locomotive,moving,,,
3674.0,2025-12-03T13:14:00+00:00,W2406,wagon,moving,,,
3674.0,2025-12-03T13:14:00+00:00,W2399,wagon,moving,,,
3679.0,2025-12-03T13:19:00+00:00,LOCO_02,locomotive,moving,,,
3681.0,2025-12-03T13:21:00+00:00,LOCO_01,locomotive,moving,,,
3686.0,2025-12-03T13:26:00+00:00,LOCO_02,locomotive,moving,,,
3694.0,2025-12-03T13:34:00+00:00,LOCO_02,locomotive,moving,,,
3694.0,2025-12-03T13:34:00+00:00,W9173,wagon,moving,,,
3694.0,2025-12-03T13:34:00+00:00,W6140,wagon,moving,,,
3699.0,2025-12-03T13:39:00+00:00,W9173,wagon,in_workshop,,,
3699.0,2025-12-03T13:39:00+00:00,W6140,wagon,in_workshop,,,
3705.0,2025-12-03T13:45:00+00:00,W9173,wagon,in_workshop,,,
3705.0,2025-12-03T13:45:00+00:00,W6140,wagon,in_workshop,,,
3705.0,2025-12-03T13:45:00+00:00,LOCO_02,locomotive,moving,,,
3712.0,2025-12-03T13:52:00+00:00,LOCO_02,locomotive,moving,,,
3720.0,2025-12-03T14:00:00+00:00,LOCO_02,locomotive,moving,,,
3720.0,2025-12-03T14:00:00+00:00,W10364,wagon,moving,,,
3720.0,2025-12-03T14:00:00+00:00,W6077,wagon,moving,,,
3725.0,2025-12-03T14:05:00+00:00,W10364,wagon,in_workshop,,,
3725.0,2025-12-03T14:05:00+00:00,W6077,wagon,in_workshop,,,
3731.0,2025-12-03T14:11:00+00:00,W10364,wagon,in_workshop,,,
3731.0,2025-12-03T14:11:00+00:00,W6077,wagon,in_workshop,,,
3731.0,2025-12-03T14:11:00+00:00,LOCO_02,locomotive,moving,,,
3736.0,2025-12-03T14:16:00+00:00,LOCO_02,locomotive,moving,,,
3765.0,2025-12-03T14:45:00+00:00,W9173,wagon,retrofitted,,,
3765.0,2025-12-03T14:45:00+00:00,W6140,wagon,retrofitted,,,
3791.0,2025-12-03T15:11:00+00:00,W10364,wagon,retrofitted,,,
3791.0,2025-12-03T15:11:00+00:00,W6077,wagon,retrofitted,,,
3796.0,2025-12-03T15:16:00+00:00,LOCO_02,locomotive,assigned,,,
3806.5,2025-12-03T15:26:30+00:00,W8626,wagon,parked,,,
3806.5,2025-12-03T15:26:30+00:00,W9174,wagon,parked,,,
3806.5,2025-12-03T15:26:30+00:00,W9169,wagon,parked,,,
3806.5,2025-12-03T15:26:30+00:00,W0130,wagon,parked,,,
3806.5,2025-12-03T15:26:30+00:00,W9352,wagon,parked,,,
3806.5,2025-12-03T15:26:30+00:00,W2980,wagon,parked,,,
3806.5,2025-12-03T15:26:30+00:00,LOCO_01,locomotive,moving,,,
3809.0,2025-12-03T15:29:00+00:00,LOCO_02,locomotive,moving,,,
3809.0,2025-12-03T15:29:00+00:00,W11970,wagon,moving,,,
3809.0,2025-12-03T15:29:00+00:00,W3173,wagon,moving,,,
3809.0,2025-12-03T15:29:00+00:00,W5038,wagon,moving,,,
3809.0,2025-12-03T15:29:00+00:00,W11259,wagon,moving,,,
3809.0,2025-12-03T15:29:00+00:00,W5167,wagon,moving,,,
3809.0,2025-12-03T15:29:00+00:00,W4666,wagon,moving,,,
3866.5,2025-12-03T16:26:30+00:00,LOCO_01,locomotive,moving,,,
3869.0,2025-12-03T16:29:00+00:00,W11970,wagon,queued,,,
3869.0,2025-12-03T16:29:00+00:00,W3173,wagon,queued,,,
3869.0,2025-12-03T16:29:00+00:00,W5038,wagon,queued,,,
3869.0,2025-12-03T16:29:00+00:00,W11259,wagon,queued,,,
3869.0,2025-12-03T16:29:00+00:00,W5167,wagon,queued,,,
3869.0,2025-12-03T16:29:00+00:00,W4666,wagon,queued,,,
3873.5,2025-12-03T16:33:30+00:00,LOCO_01,locomotive,moving,,,
3873.5,2025-12-03T16:33:30+00:00,W9173,wagon,moving,,,
3873.5,2025-12-03T16:33:30+00:00,W6140,wagon,moving,,,
3878.5,2025-12-03T16:38:30+00:00,LOCO_01,locomotive,moving,,,
3883.5,2025-12-03T16:43:30+00:00,LOCO_01,locomotive,moving,,,
3890.5,2025-12-03T16:50:30+00:00,LOCO_01,locomotive,moving,,,
3890.5,2025-12-03T16:50:30+00:00,W10364,wagon,moving,,,
3890.5,2025-12-03T16:50:30+00:00,W6077,wagon,moving,,,
3895.5,2025-12-03T16:55:30+00:00,LOCO_01,locomotive,moving,,,
3902.0,2025-12-03T17:02:00+00:00,LOCO_02,locomotive,moving,,,
3902.5,2025-12-03T17:02:30+00:00,LOCO_01,locomotive,moving,,,
3909.0,2025-12-03T17:09:00+00:00,LOCO_02,locomotive,moving,,,
3910.5,2025-12-03T17:10:30+00:00,LOCO_01,locomotive,moving,,,
3910.5,2025-12-03T17:10:30+00:00,W9270,wagon,moving,,,
3910.5,2025-12-03T17:10:30+00:00,W9276,wagon,moving,,,
3915.5,2025-12-03T17:15:30+00:00,W9270,wagon,in_workshop,,,
3915.5,2025-12-03T17:15:30+00:00,W9276,wagon,in_workshop,,,
3917.0,2025-12-03T17:17:00+00:00,LOCO_02,locomotive,moving,,,
3917.0,2025-12-03T17:17:00+00:00,W11578,wagon,moving,,,
3917.0,2025-12-03T17:17:00+00:00,W9868,wagon,moving,,,
3921.5,2025-12-03T17:21:30+00:00,W9270,wagon,in_workshop,,,
3921.5,2025-12-03T17:21:30+00:00,W9276,wagon,in_workshop,,,
3921.5,2025-12-03T17:21:30+00:00,LOCO_01,locomotive,moving,,,
3922.0,2025-12-03T17:22:00+00:00,W11578,wagon,in_workshop,,,
3922.0,2025-12-03T17:22:00+00:00,W9868,wagon,in_workshop,,,
3926.5,2025-12-03T17:26:30+00:00,LOCO_01,locomotive,assigned,,,
3926.5,2025-12-03T17:26:30+00:00,LOCO_01,locomotive,moving,,,
3928.0,2025-12-03T17:28:00+00:00,W11578,wagon,in_workshop,,,
3928.0,2025-12-03T17:28:00+00:00,W9868,wagon,in_workshop,,,
3928.0,2025-12-03T17:28:00+00:00,LOCO_02,locomotive,moving,,,
3933.0,2025-12-03T17:33:00+00:00,LOCO_02,locomotive,moving,,,
3933.5,2025-12-03T17:33:30+00:00,LOCO_01,locomotive,moving,,,
3940.75,2025-12-03T17:40:45+00:00,W2737,wagon,arrived,T49,,
3940.75,2025-12-03T17:40:45+00:00,W10081,wagon,arrived,T49,,
3940.75,2025-12-03T17:40:45+00:00,W7253,wagon,arrived,T49,,
3955.25,2025-12-03T17:55:15+00:00,W2971,wagon,arrived,T50,,
3955.25,2025-12-03T17:55:15+00:00,W0607,wagon,arrived,T50,,
3981.5,2025-12-03T18:21:30+00:00,W9270,wagon,retrofitted,,,
3981.5,2025-12-03T18:21:30+00:00,W9276,wagon,retrofitted,,,
3988.0,2025-12-03T18:28:00+00:00,W11578,wagon,retrofitted,,,
3988.0,2025-12-03T18:28:00+00:00,W9868,wagon,retrofitted,,,
3993.0,2025-12-03T18:33:00+00:00,LOCO_02,locomotive,assigned,,,
3996.0,2025-12-03T18:36:00+00:00,LOCO_02,locomotive,moving,,,
3996.0,2025-12-03T18:36:00+00:00,W12210,wagon,moving,,,
3997.75,2025-12-03T18:37:45+00:00,W8717,wagon,rejected,T51,,NO_COLLECTION_TRACK
3997.75,2025-12-03T18:37:45+00:00,W5694,wagon,rejected,T51,,NO_COLLECTION_TRACK
3997.75,2025-12-03T18:37:45+00:00,W2771,wagon,rejected,T51,,NO_COLLECTION_TRACK
3997.75,2025-12-03T18:37:45+00:00,W12036,wagon,arrived,T51,,
3997.75,2025-12-03T18:37:45+00:00,W2786,wagon,arrived,T51,,
3997.75,2025-12-03T18:37:45+00:00,W2877,wagon,arrived,T51,,
3997.75,2025-12-03T18:37:45+00:00,W318166502860,wagon,arrived,T51,,
3997.75,2025-12-03T18:37:45+00:00,W9981,wagon,arrived,T51,,
4055.0,2025-12-03T19:35:00+00:00,W2406,wagon,parked,,,
4055.0,2025-12-03T19:35:00+00:00,W2399,wagon,parked,,,
4055.0,2025-12-03T19:35:00+00:00,LOCO_01,locomotive,moving,,,
4056.0,2025-12-03T19:36:00+00:00,W12210,wagon,queued,,,
4059.0,2025-12-03T19:39:00+00:00,LOCO_02,locomotive,moving,,,
4064.0,2025-12-03T19:44:00+00:00,LOCO_02,locomotive,moving,,,
4071.0,2025-12-03T19:51:00+00:00,LOCO_02,locomotive,moving,,,
4071.0,2025-12-03T19:51:00+00:00,W9270,wagon,moving,,,
4071.0,2025-12-03T19:51:00+00:00,W9276,wagon,moving,,,
4076.0,2025-12-03T19:56:00+00:00,LOCO_02,locomotive,moving,,,
4081.0,2025-12-03T20:01:00+00:00,LOCO_02,locomotive,moving,,,
4088.0,2025-12-03T20:08:00+00:00,LOCO_02,locomotive,moving,,,
4088.0,2025-12-03T20:08:00+00:00,W11578,wagon,moving,,,
4088.0,2025-12-03T20:08:00+00:00,W9868,wagon,moving,,,
4093.0,2025-12-03T20:13:00+00:00,LOCO_02,locomotive,moving,,,
4093.25,2025-12-03T20:13:15+00:00,W10601,wagon,rejected,T52,,NO_COLLECTION_TRACK
4093.25,2025-12-03T20:13:15+00:00,W6942,wagon,rejected,T52,,NO_COLLECTION_TRACK
4093.25,2025-12-03T20:13:15+00:00,W2744,wagon,rejected,T52,,NO_COLLECTION_TRACK
4093.25,2025-12-03T20:13:15+00:00,W2686,wagon,rejected,T52,,NO_COLLECTION_TRACK
4093.25,2025-12-03T20:13:15+00:00,W8473,wagon,rejected,T52,,NO_COLLECTION_TRACK
4093.25,2025-12-03T20:13:15+00:00,W0032,wagon,arrived,T52,,
4093.25,2025-12-03T20:13:15+00:00,W6592,wagon,arrived,T52,,
4100.0,2025-12-03T20:20:00+00:00,LOCO_02,locomotive,moving,,,
4108.0,2025-12-03T20:28:00+00:00,LOCO_02,locomotive,moving,,,
4108.0,2025-12-03T20:28:00+00:00,W12060,wagon,moving,,,
4108.0,2025-12-03T20:28:00+00:00,W11970,wagon,moving,,,
4113.0,2025-12-03T20:33:00+00:00,W12060,wagon,in_workshop,,,
4113.0,2025-12-03T20:33:00+00:00,W11970,wagon,in_workshop,,,
4117.0,2025-12-03T20:37:00+00:00,LOCO_01,locomotive,moving,,,
4119.0,2025-12-03T20:39:00+00:00,W12060,wagon,in_workshop,,,
4119.0,2025-12-03T20:39:00+00:00,W11970,wagon,in_workshop,,,
4119.0,2025-12-03T20:39:00+00:00,LOCO_02,locomotive,moving,,,
4124.0,2025-12-03T20:44:00+00:00,LOCO_02,locomotive,assigned,,,
4124.0,2025-12-03T20:44:00+00:00,LOCO_02,locomotive,moving,,,
4125.0,2025-12-03T20:45:00+00:00,LOCO_01,locomotive,moving,,,
4125.0,2025-12-03T20:45:00+00:00,W3173,wagon,moving,,,
4125.0,2025-12-03T20:45:00+00:00,W5038,wagon,moving,,,
4130.0,2025-12-03T20:50:00+00:00,W3173,wagon,in_workshop,,,
4130.0,2025-12-03T20:50:00+00:00,W5038,wagon,in_workshop,,,
4134.0,2025-12-03T20:54:00+00:00,LOCO_02,locomotive,moving,,,
4136.0,2025-12-03T20:56:00+00:00,W3173,wagon,in_workshop,,,
4136.0,2025-12-03T20:56:00+00:00,W5038,wagon,in_workshop,,,
4136.0,2025-12-03T20:56:00+00:00,LOCO_01,locomotive,moving,,,
4141.0,2025-12-03T21:01:00+00:00,LOCO_01,locomotive,moving,,,
4179.0,2025-12-03T21:39:00+00:00,W12060,wagon,retrofitted,,,
4179.0,2025-12-03T21:39:00+00:00,W11970,wagon,retrofitted,,,
4196.0,2025-12-03T21:56:00+00:00,W3173,wagon,retrofitted,,,
4196.0,2025-12-03T21:56:00+00:00,W5038,wagon,retrofitted,,,
4201.0,2025-12-03T22:01:00+00:00,LOCO_01,locomotive,assigned,,,
4220.0,2025-12-03T22:20:00+00:00,LOCO_01,locomotive,moving,,,
4220.0,2025-12-03T22:20:00+00:00,W11269,wagon,moving,,,
4220.0,2025-12-03T22:20:00+00:00,W3811,wagon,moving,,,
4220.0,2025-12-03T22:20:00+00:00,W11254,wagon,moving,,,
4220.0,2025-12-03T22:20:00+00:00,W10878,wagon,moving,,,
4220.0,2025-12-03T22:20:00+00:00,W12077,wagon,moving,,,
4220.0,2025-12-03T22:20:00+00:00,W11766,wagon,moving,,,
4220.0,2025-12-03T22:20:00+00:00,W4793,wagon,moving,,,
4220.0,2025-12-03T22:20:00+00:00,W11718,wagon,moving,,,
4220.0,2025-12-03T22:20:00+00:00,W7155,wagon,moving,,,
4261.5,2025-12-03T23:01:30+00:00,W9173,wagon,parked,,,
4261.5,2025-12-03T23:01:30+00:00,W6140,wagon,parked,,,
4261.5,2025-12-03T23:01:30+00:00,W10364,wagon,parked,,,
4261.5,2025-12-03T23:01:30+00:00,W6077,wagon,parked,,,
4261.5,2025-12-03T23:01:30+00:00,W9270,wagon,parked,,,
4261.5,2025-12-03T23:01:30+00:00,W9276,wagon,parked,,,
4261.5,2025-12-03T23:01:30+00:00,W11578,wagon,parked,,,
4261.5,2025-12-03T23:01:30+00:00,W9868,wagon,parked,,,
4261.5,2025-12-03T23:01:30+00:00,LOCO_02,locomotive,moving,,,
4280.0,2025-12-03T23:20:00+00:00,W11269,wagon,queued,,,
4280.0,2025-12-03T23:20:00+00:00,W3811,wagon,queued,,,
4280.0,2025-12-03T23:20:00+00:00,W11254,wagon,queued,,,
4280.0,2025-12-03T23:20:00+00:00,W10878,wagon,queued,,,
4280.0,2025-12-03T23:20:00+00:00,W12077,wagon,queued,,,
4280.0,2025-12-03T23:20:00+00:00,W11766,wagon,queued,,,
4280.0,2025-12-03T23:20:00+00:00,W4793,wagon,queued,,,
4280.0,2025-12-03T23:20:00+00:00,W11718,wagon,queued,,,
4280.0,2025-12-03T23:20:00+00:00,W7155,wagon,queued,,,
4293.0,2025-12-03T23:33:00+00:00,W5167,wagon,rejected,T53,,No Retrofit Needed
4293.0,2025-12-03T23:33:00+00:00,W5391,wagon,rejected,T53,,No Retrofit Needed
4320.75,2025-12-04T00:00:45+00:00,W4026,wagon,rejected,T54,,No Retrofit Needed
4320.75,2025-12-04T00:00:45+00:00,W2772,wagon,rejected,T54,,No Retrofit Needed
4320.75,2025-12-04T00:00:45+00:00,W3651,wagon,rejected,T54,,No Retrofit Needed
4321.5,2025-12-04T00:01:30+00:00,LOCO_02,locomotive,moving,,,
4328.5,2025-12-04T00:08:30+00:00,LOCO_02,locomotive,moving,,,
4328.5,2025-12-04T00:08:30+00:00,W12060,wagon,moving,,,
4328.5,2025-12-04T00:08:30+00:00,W11970,wagon,moving,,,
4331.0,2025-12-04T00:11:00+00:00,LOCO_01,locomotive,moving,,,
4333.5,2025-12-04T00:13:30+00:00,LOCO_02,locomotive,moving,,,
4336.0,2025-12-04T00:16:00+00:00,LOCO_01,locomotive,moving,,,
4338.5,2025-12-04T00:18:30+00:00,LOCO_02,locomotive,assigned,,,
4338.5,2025-12-04T00:18:30+00:00,LOCO_02,locomotive,moving,,,
4343.0,2025-12-04T00:23:00+00:00,LOCO_01,locomotive,moving,,,
4343.0,2025-12-04T00:23:00+00:00,W3173,wagon,moving,,,
4343.0,2025-12-04T00:23:00+00:00,W5038,wagon,moving,,,
4345.5,2025-12-04T00:25:30+00:00,LOCO_02,locomotive,moving,,,
4348.0,2025-12-04T00:28:00+00:00,LOCO_01,locomotive,moving,,,
4355.0,2025-12-04T00:35:00+00:00,LOCO_01,locomotive,moving,,,
4363.0,2025-12-04T00:43:00+00:00,LOCO_01,locomotive,moving,,,
4363.0,2025-12-04T00:43:00+00:00,W11259,wagon,moving,,,
4363.0,2025-12-04T00:43:00+00:00,W5167,wagon,moving,,,
4368.0,2025-12-04T00:48:00+00:00,W11259,wagon,in_workshop,,,
4368.0,2025-12-04T00:48:00+00:00,W5167,wagon,in_workshop,,,
4374.0,2025-12-04T00:54:00+00:00,W11259,wagon,in_workshop,,,
4374.0,2025-12-04T00:54:00+00:00,W5167,wagon,in_workshop,,,
4374.0,2025-12-04T00:54:00+00:00,LOCO_01,locomotive,moving,,,
4379.0,2025-12-04T00:59:00+00:00,W5575,wagon,rejected,T55,,NO_COLLECTION_TRACK
4379.0,2025-12-04T00:59:00+00:00,W6246,wagon,arrived,T55,,
4379.0,2025-12-04T00:59:00+00:00,W5947,wagon,arrived,T55,,
4379.0,2025-12-04T00:59:00+00:00,W5711,wagon,arrived,T55,,
4379.0,2025-12-04T00:59:00+00:00,W6884,wagon,arrived,T55,,
4381.0,2025-12-04T01:01:00+00:00,LOCO_01,locomotive,moving,,,
4387.75,2025-12-04T01:07:45+00:00,W11718,wagon,rejected,T56,,No Retrofit Needed
4387.75,2025-12-04T01:07:45+00:00,W6339,wagon,rejected,T56,,No Retrofit Needed
4387.75,2025-12-04T01:07:45+00:00,W3618,wagon,rejected,T56,,No Retrofit Needed
4389.0,2025-12-04T01:09:00+00:00,LOCO_01,locomotive,moving,,,
4389.0,2025-12-04T01:09:00+00:00,W4666,wagon,moving,,,
4389.0,2025-12-04T01:09:00+00:00,W12210,wagon,moving,,,
4394.0,2025-12-04T01:14:00+00:00,W4666,wagon,in_workshop,,,
4394.0,2025-12-04T01:14:00+00:00,W12210,wagon,in_workshop,,,
4400.0,2025-12-04T01:20:00+00:00,W4666,wagon,in_workshop,,,
4400.0,2025-12-04T01:20:00+00:00,W12210,wagon,in_workshop,,,
4400.0,2025-12-04T01:20:00+00:00,LOCO_01,locomotive,moving,,,
4405.0,2025-12-04T01:25:00+00:00,LOCO_01,locomotive,moving,,,
4434.0,2025-12-04T01:54:00+00:00,W11259,wagon,retrofitted,,,
4434.0,2025-12-04T01:54:00+00:00,W5167,wagon,retrofitted,,,
4460.0,2025-12-04T02:20:00+00:00,W4666,wagon,retrofitted,,,
4460.0,2025-12-04T02:20:00+00:00,W12210,wagon,retrofitted,,,
4465.0,2025-12-04T02:25:00+00:00,LOCO_01,locomotive,assigned,,,
4467.0,2025-12-04T02:27:00+00:00,W12060,wagon,parked,,,
4467.0,2025-12-04T02:27:00+00:00,W11970,wagon,parked,,,
4467.0,2025-12-04T02:27:00+00:00,LOCO_02,locomotive,moving,,,
4468.0,2025-12-04T02:28:00+00:00,LOCO_01,locomotive,moving,,,
4468.0,2025-12-04T02:28:00+00:00,W8636,wagon,moving,,,
4491.5,2025-12-04T02:51:30+00:00,W11268,wagon,rejected,T57,,No Retrofit Needed
4491.5,2025-12-04T02:51:30+00:00,W8085,wagon,rejected,T57,,NO_COLLECTION_TRACK
4491.5,2025-12-04T02:51:30+00:00,W8082,wagon,rejected,T57,,NO_COLLECTION_TRACK
4491.5,2025-12-04T02:51:30+00:00,W8052,wagon,rejected,T57,,NO_COLLECTION_TRACK
4491.5,2025-12-04T02:51:30+00:00,W0600,wagon,rejected,T57,,NO_COLLECTION_TRACK
4491.5,2025-12-04T02:51:30+00:00,W8096,wagon,rejected,T57,,NO_COLLECTION_TRACK
4527.0,2025-12-04T03:27:00+00:00,LOCO_02,locomotive,moving,,,
4528.0,2025-12-04T03:28:00+00:00,W8636,wagon,queued,,,
4531.0,2025-12-04T03:31:00+00:00,LOCO_01,locomotive,moving,,,
4534.0,2025-12-04T03:34:00+00:00,LOCO_02,locomotive,moving,,,
4534.0,2025-12-04T03:34:00+00:00,W11259,wagon,moving,,,
4534.0,2025-12-04T03:34:00+00:00,W5167,wagon,moving,,,
4536.0,2025-12-04T03:36:00+00:00,LOCO_01,locomotive,moving,,,
4539.0,2025-12-04T03:39:00+00:00,LOCO_02,locomotive,moving,,,
4543.0,2025-12-04T03:43:00+00:00,LOCO_01,locomotive,moving,,,
4543.0,2025-12-04T03:43:00+00:00,W4666,wagon,moving,,,
4543.0,2025-12-04T03:43:00+00:00,W12210,wagon,moving,,,
4544.0,2025-12-04T03:44:00+00:00,LOCO_02,locomotive,assigned,,,
4544.0,2025-12-04T03:44:00+00:00,LOCO_02,locomotive,moving,,,
4548.0,2025-12-04T03:48:00+00:00,LOCO_01,locomotive,moving,,,
4551.0,2025-12-04T03:51:00+00:00,LOCO_02,locomotive,moving,,,
4555.0,2025-12-04T03:55:00+00:00,LOCO_01,locomotive,moving,,,
4563.0,2025-12-04T04:03:00+00:00,LOCO_01,locomotive,moving,,,
4563.0,2025-12-04T04:03:00+00:00,W11269,wagon,moving,,,
4563.0,2025-12-04T04:03:00+00:00,W3811,wagon,moving,,,
4568.0,2025-12-04T04:08:00+00:00,W11269,wagon,in_workshop,,,
4568.0,2025-12-04T04:08:00+00:00,W3811,wagon,in_workshop,,,
4574.0,2025-12-04T04:14:00+00:00,W11269,wagon,in_workshop,,,
4574.0,2025-12-04T04:14:00+00:00,W3811,wagon,in_workshop,,,
4574.0,2025-12-04T04:14:00+00:00,LOCO_01,locomotive,moving,,,
4581.0,2025-12-04T04:21:00+00:00,LOCO_01,locomotive,moving,,,
4589.0,2025-12-04T04:29:00+00:00,LOCO_01,locomotive,moving,,,
4589.0,2025-12-04T04:29:00+00:00,W11254,wagon,moving,,,
4589.0,2025-12-04T04:29:00+00:00,W10878,wagon,moving,,,
4594.0,2025-12-04T04:34:00+00:00,W11254,wagon,in_workshop,,,
4594.0,2025-12-04T04:34:00+00:00,W10878,wagon,in_workshop,,,
4600.0,2025-12-04T04:40:00+00:00,W11254,wagon,in_workshop,,,
4600.0,2025-12-04T04:40:00+00:00,W10878,wagon,in_workshop,,,
4600.0,2025-12-04T04:40:00+00:00,LOCO_01,locomotive,moving,,,
4605.0,2025-12-04T04:45:00+00:00,LOCO_01,locomotive,moving,,,
4634.0,2025-12-04T05:14:00+00:00,W11269,wagon,retrofitted,,,
4634.0,2025-12-04T05:14:00+00:00,W3811,wagon,retrofitted,,,
4654.5,2025-12-04T05:34:30+00:00,W8383,wagon,arrived,T58,,
4654.5,2025-12-04T05:34:30+00:00,W8381,wagon,arrived,T58,,
4660.0,2025-12-04T05:40:00+00:00,W11254,wagon,retrofitted,,,
4660.0,2025-12-04T05:40:00+00:00,W10878,wagon,retrofitted,,,
4665.0,2025-12-04T05:45:00+00:00,LOCO_01,locomotive,assigned,,,
4672.5,2025-12-04T05:52:30+00:00,W3173,wagon,parked,,,
4672.5,2025-12-04T05:52:30+00:00,W5038,wagon,parked,,,
4672.5,2025-12-04T05:52:30+00:00,LOCO_02,locomotive,moving,,,
4674.0,2025-12-04T05:54:00+00:00,LOCO_01,locomotive,moving,,,
4674.0,2025-12-04T05:54:00+00:00,W7258,wagon,moving,,,
4674.0,2025-12-04T05:54:00+00:00,W9495,wagon,moving,,,
4674.0,2025-12-04T05:54:00+00:00,W11014,wagon,moving,,,
4674.0,2025-12-04T05:54:00+00:00,W9040,wagon,moving,,,
4676.75,2025-12-04T05:56:45+00:00,W0117,wagon,rejected,T59,,NO_COLLECTION_TRACK
4676.75,2025-12-04T05:56:45+00:00,W0191,wagon,rejected,T59,,NO_COLLECTION_TRACK
4676.75,2025-12-04T05:56:45+00:00,W11315,wagon,rejected,T59,,NO_COLLECTION_TRACK
4676.75,2025-12-04T05:56:45+00:00,W9067,wagon,arrived,T59,,
4704.0,2025-12-04T06:24:00+00:00,W4368,wagon,rejected,T60,,NO_COLLECTION_TRACK
4704.0,2025-12-04T06:24:00+00:00,W6862,wagon,rejected,T60,,NO_COLLECTION_TRACK
4704.0,2025-12-04T06:24:00+00:00,W1084,wagon,rejected,T60,,NO_COLLECTION_TRACK
4704.0,2025-12-04T06:24:00+00:00,W11555,wagon,rejected,T60,,NO_COLLECTION_TRACK
4732.5,2025-12-04T06:52:30+00:00,LOCO_02,locomotive,moving,,,
4734.0,2025-12-04T06:54:00+00:00,W7258,wagon,queued,,,
4734.0,2025-12-04T06:54:00+00:00,W9495,wagon,queued,,,
4734.0,2025-12-04T06:54:00+00:00,W11014,wagon,queued,,,
4734.0,2025-12-04T06:54:00+00:00,W9040,wagon,queued,,,
4739.5,2025-12-04T06:59:30+00:00,LOCO_02,locomotive,moving,,,
4739.5,2025-12-04T06:59:30+00:00,W11269,wagon,moving,,,
4739.5,2025-12-04T06:59:30+00:00,W3811,wagon,moving,,,
4744.5,2025-12-04T07:04:30+00:00,LOCO_02,locomotive,moving,,,
4749.5,2025-12-04T07:09:30+00:00,LOCO_02,locomotive,moving,,,
4755.0,2025-12-04T07:15:00+00:00,LOCO_01,locomotive,moving,,,
4756.5,2025-12-04T07:16:30+00:00,LOCO_02,locomotive,moving,,,
4756.5,2025-12-04T07:16:30+00:00,W11254,wagon,moving,,,
4756.5,2025-12-04T07:16:30+00:00,W10878,wagon,moving,,,
4761.25,2025-12-04T07:21:15+00:00,W11723,wagon,rejected,T61,,No Retrofit Needed
4761.25,2025-12-04T07:21:15+00:00,W2926,wagon,rejected,T61,,No Retrofit Needed
4761.25,2025-12-04T07:21:15+00:00,W4655,wagon,rejected,T61,,No Retrofit Needed
4761.25,2025-12-04T07:21:15+00:00,W11596,wagon,arrived,T61,,
4761.25,2025-12-04T07:21:15+00:00,W10957,wagon,arrived,T61,,
4761.5,2025-12-04T07:21:30+00:00,LOCO_02,locomotive,moving,,,
4762.0,2025-12-04T07:22:00+00:00,LOCO_01,locomotive,moving,,,
4766.5,2025-12-04T07:26:30+00:00,LOCO_02,locomotive,assigned,,,
4766.5,2025-12-04T07:26:30+00:00,LOCO_02,locomotive,moving,,,
4770.0,2025-12-04T07:30:00+00:00,LOCO_01,locomotive,moving,,,
4770.0,2025-12-04T07:30:00+00:00,W12077,wagon,moving,,,
4770.0,2025-12-04T07:30:00+00:00,W11766,wagon,moving,,,
4774.5,2025-12-04T07:34:30+00:00,LOCO_02,locomotive,moving,,,
4775.0,2025-12-04T07:35:00+00:00,W12077,wagon,in_workshop,,,
4775.0,2025-12-04T07:35:00+00:00,W11766,wagon,in_workshop,,,
4781.0,2025-12-04T07:41:00+00:00,W12077,wagon,in_workshop,,,
4781.0,2025-12-04T07:41:00+00:00,W11766,wagon,in_workshop,,,
4781.0,2025-12-04T07:41:00+00:00,LOCO_01,locomotive,moving,,,
4788.0,2025-12-04T07:48:00+00:00,LOCO_01,locomotive,moving,,,
4796.0,2025-12-04T07:56:00+00:00,LOCO_01,locomotive,moving,,,
4796.0,2025-12-04T07:56:00+00:00,W4793,wagon,moving,,,
4796.0,2025-12-04T07:56:00+00:00,W11718,wagon,moving,,,
4801.0,2025-12-04T08:01:00+00:00,W4793,wagon,in_workshop,,,
4801.0,2025-12-04T08:01:00+00:00,W11718,wagon,in_workshop,,,
4804.0,2025-12-04T08:04:00+00:00,W4701,wagon,rejected,T62,,No Retrofit Needed
4804.0,2025-12-04T08:04:00+00:00,W4754,wagon,rejected,T62,,No Retrofit Needed
4804.0,2025-12-04T08:04:00+00:00,W4726,wagon,rejected,T62,,No Retrofit Needed
4807.0,2025-12-04T08:07:00+00:00,W4793,wagon,in_workshop,,,
4807.0,2025-12-04T08:07:00+00:00,W11718,wagon,in_workshop,,,
4807.0,2025-12-04T08:07:00+00:00,LOCO_01,locomotive,moving,,,
4812.0,2025-12-04T08:12:00+00:00,LOCO_01,locomotive,moving,,,
4824.0,2025-12-04T08:24:00+00:00,W6303,wagon,arrived,T63,,
4824.0,2025-12-04T08:24:00+00:00,W10958,wagon,arrived,T63,,
4824.0,2025-12-04T08:24:00+00:00,W6277,wagon,arrived,T63,,
4824.0,2025-12-04T08:24:00+00:00,W10928,wagon,arrived,T63,,
4841.0,2025-12-04T08:41:00+00:00,W12077,wagon,retrofitted,,,
4841.0,2025-12-04T08:41:00+00:00,W11766,wagon,retrofitted,,,
4854.0,2025-12-04T08:54:00+00:00,W0605,wagon,rejected,T64,,NO_COLLECTION_TRACK
4854.0,2025-12-04T08:54:00+00:00,W2291,wagon,rejected,T64,,NO_COLLECTION_TRACK
4854.0,2025-12-04T08:54:00+00:00,W0615,wagon,rejected,T64,,NO_COLLECTION_TRACK
4867.0,2025-12-04T09:07:00+00:00,W4793,wagon,retrofitted,,,
4867.0,2025-12-04T09:07:00+00:00,W11718,wagon,retrofitted,,,
4872.0,2025-12-04T09:12:00+00:00,LOCO_01,locomotive,assigned,,,
4881.0,2025-12-04T09:21:00+00:00,LOCO_01,locomotive,moving,,,
4881.0,2025-12-04T09:21:00+00:00,W10949,wagon,moving,,,
4881.0,2025-12-04T09:21:00+00:00,W8631,wagon,moving,,,
4881.0,2025-12-04T09:21:00+00:00,W11467,wagon,moving,,,
4881.0,2025-12-04T09:21:00+00:00,W10354,wagon,moving,,,
4898.0,2025-12-04T09:38:00+00:00,W11259,wagon,parked,,,
4898.0,2025-12-04T09:38:00+00:00,W5167,wagon,parked,,,
4898.0,2025-12-04T09:38:00+00:00,W4666,wagon,parked,,,
4898.0,2025-12-04T09:38:00+00:00,W12210,wagon,parked,,,
4898.0,2025-12-04T09:38:00+00:00,LOCO_02,locomotive,moving,,,
4941.0,2025-12-04T10:21:00+00:00,W10949,wagon,queued,,,
4941.0,2025-12-04T10:21:00+00:00,W8631,wagon,queued,,,
4941.0,2025-12-04T10:21:00+00:00,W11467,wagon,queued,,,
4941.0,2025-12-04T10:21:00+00:00,W10354,wagon,queued,,,
4958.0,2025-12-04T10:38:00+00:00,LOCO_02,locomotive,moving,,,
4962.0,2025-12-04T10:42:00+00:00,LOCO_01,locomotive,moving,,,
4965.0,2025-12-04T10:45:00+00:00,LOCO_02,locomotive,moving,,,
4965.0,2025-12-04T10:45:00+00:00,W12077,wagon,moving,,,
4965.0,2025-12-04T10:45:00+00:00,W11766,wagon,moving,,,
4967.0,2025-12-04T10:47:00+00:00,LOCO_01,locomotive,moving,,,
4970.0,2025-12-04T10:50:00+00:00,LOCO_02,locomotive,moving,,,
4974.0,2025-12-04T10:54:00+00:00,LOCO_01,locomotive,moving,,,
4974.0,2025-12-04T10:54:00+00:00,W4793,wagon,moving,,,
4974.0,2025-12-04T10:54:00+00:00,W11718,wagon,moving,,,
4975.0,2025-12-04T10:55:00+00:00,LOCO_02,locomotive,assigned,,,
4975.0,2025-12-04T10:55:00+00:00,LOCO_02,locomotive,moving,,,
4979.0,2025-12-04T10:59:00+00:00,LOCO_01,locomotive,moving,,,
4983.0,2025-12-04T11:03:00+00:00,LOCO_02,locomotive,moving,,,
4986.0,2025-12-04T11:06:00+00:00,LOCO_01,locomotive,moving,,,
4994.0,2025-12-04T11:14:00+00:00,LOCO_01,locomotive,moving,,,
4994.0,2025-12-04T11:14:00+00:00,W7155,wagon,moving,,,
4994.0,2025-12-04T11:14:00+00:00,W8636,wagon,moving,,,
4999.0,2025-12-04T11:19:00+00:00,W5446,wagon,rejected,T65,,No Retrofit Needed
4999.0,2025-12-04T11:19:00+00:00,W7155,wagon,in_workshop,,,
4999.0,2025-12-04T11:19:00+00:00,W8636,wagon,in_workshop,,,
5005.0,2025-12-04T11:25:00+00:00,W7155,wagon,in_workshop,,,
5005.0,2025-12-04T11:25:00+00:00,W8636,wagon,in_workshop,,,
5005.0,2025-12-04T11:25:00+00:00,LOCO_01,locomotive,moving,,,
5011.0,2025-12-04T11:31:00+00:00,W8613,wagon,rejected,T66,,No Retrofit Needed
5011.0,2025-12-04T11:31:00+00:00,W0924,wagon,rejected,T66,,NO_COLLECTION_TRACK
5011.0,2025-12-04T11:31:00+00:00,W0685,wagon,rejected,T66,,NO_COLLECTION_TRACK
5011.0,2025-12-04T11:31:00+00:00,W0701,wagon,rejected,T66,,NO_COLLECTION_TRACK
5011.0,2025-12-04T11:31:00+00:00,W0677,wagon,arrived,T66,,
5012.0,2025-12-04T11:32:00+00:00,LOCO_01,locomotive,moving,,,
5014.0,2025-12-04T11:34:00+00:00,W0020,wagon,rejected,T67,,NO_COLLECTION_TRACK
5014.0,2025-12-04T11:34:00+00:00,W11419,wagon,rejected,T67,,NO_COLLECTION_TRACK
5020.0,2025-12-04T11:40:00+00:00,LOCO_01,locomotive,moving,,,
5020.0,2025-12-04T11:40:00+00:00,W7258,wagon,moving,,,
5020.0,2025-12-04T11:40:00+00:00,W9495,wagon,moving,,,
5025.0,2025-12-04T11:45:00+00:00,W7258,wagon,in_workshop,,,
5025.0,2025-12-04T11:45:00+00:00,W9495,wagon,in_workshop,,,
5031.0,2025-12-04T11:51:00+00:00,W7258,wagon,in_workshop,,,
5031.0,2025-12-04T11:51:00+00:00,W9495,wagon,in_workshop,,,
5031.0,2025-12-04T11:51:00+00:00,LOCO_01,locomotive,moving,,,
5036.0,2025-12-04T11:56:00+00:00,LOCO_01,locomotive,moving,,,
5039.75,2025-12-04T11:59:45+00:00,W4368,wagon,rejected,T68,,No Retrofit Needed
5039.75,2025-12-04T11:59:45+00:00,W6025,wagon,rejected,T68,,NO_COLLECTION_TRACK
5039.75,2025-12-04T11:59:45+00:00,W6634,wagon,arrived,T68,,
5059.25,2025-12-04T12:19:15+00:00,W10284,wagon,rejected,T69,,No Retrofit Needed
5059.25,2025-12-04T12:19:15+00:00,W7175,wagon,arrived,T69,,
5065.0,2025-12-04T12:25:00+00:00,W7155,wagon,retrofitted,,,
5065.0,2025-12-04T12:25:00+00:00,W8636,wagon,retrofitted,,,
5091.0,2025-12-04T12:51:00+00:00,W7258,wagon,retrofitted,,,
5091.0,2025-12-04T12:51:00+00:00,W9495,wagon,retrofitted,,,
5096.0,2025-12-04T12:56:00+00:00,LOCO_01,locomotive,assigned,,,
5106.5,2025-12-04T13:06:30+00:00,W11269,wagon,parked,,,
5106.5,2025-12-04T13:06:30+00:00,W3811,wagon,parked,,,
5106.5,2025-12-04T13:06:30+00:00,W11254,wagon,parked,,,
5106.5,2025-12-04T13:06:30+00:00,W10878,wagon,parked,,,
5106.5,2025-12-04T13:06:30+00:00,LOCO_02,locomotive,moving,,,
5107.0,2025-12-04T13:07:00+00:00,LOCO_01,locomotive,moving,,,
5107.0,2025-12-04T13:07:00+00:00,W9345,wagon,moving,,,
5107.0,2025-12-04T13:07:00+00:00,W7115,wagon,moving,,,
5107.0,2025-12-04T13:07:00+00:00,W10706,wagon,moving,,,
5107.0,2025-12-04T13:07:00+00:00,W5057,wagon,moving,,,
5107.0,2025-12-04T13:07:00+00:00,W4522,wagon,moving,,,
5107.75,2025-12-04T13:07:45+00:00,W10689,wagon,rejected,T70,,No Retrofit Needed
5107.75,2025-12-04T13:07:45+00:00,W4522,wagon,rejected,T70,,No Retrofit Needed
5107.75,2025-12-04T13:07:45+00:00,W4479,wagon,rejected,T70,,No Retrofit Needed
5107.75,2025-12-04T13:07:45+00:00,W10396,wagon,rejected,T70,,No Retrofit Needed
5107.75,2025-12-04T13:07:45+00:00,W6803,wagon,rejected,T70,,NO_COLLECTION_TRACK
5111.75,2025-12-04T13:11:45+00:00,W8473,wagon,rejected,T71,,No Retrofit Needed
5111.75,2025-12-04T13:11:45+00:00,W5057,wagon,rejected,T71,,No Retrofit Needed
5111.75,2025-12-04T13:11:45+00:00,W318166502860,wagon,rejected,T71,,No Retrofit Needed
5166.5,2025-12-04T14:06:30+00:00,LOCO_02,locomotive,moving,,,
5167.0,2025-12-04T14:07:00+00:00,W9345,wagon,queued,,,
5167.0,2025-12-04T14:07:00+00:00,W7115,wagon,queued,,,
5167.0,2025-12-04T14:07:00+00:00,W10706,wagon,queued,,,
5167.0,2025-12-04T14:07:00+00:00,W5057,wagon,queued,,,
5167.0,2025-12-04T14:07:00+00:00,W4522,wagon,queued,,,
5173.5,2025-12-04T14:13:30+00:00,LOCO_02,locomotive,moving,,,
5173.5,2025-12-04T14:13:30+00:00,W7155,wagon,moving,,,
5173.5,2025-12-04T14:13:30+00:00,W8636,wagon,moving,,,
5178.5,2025-12-04T14:18:30+00:00,LOCO_02,locomotive,moving,,,
5183.5,2025-12-04T14:23:30+00:00,LOCO_02,locomotive,moving,,,
5190.5,2025-12-04T14:30:30+00:00,LOCO_02,locomotive,moving,,,
5190.5,2025-12-04T14:30:30+00:00,W7258,wagon,moving,,,
5190.5,2025-12-04T14:30:30+00:00,W9495,wagon,moving,,,
5194.0,2025-12-04T14:34:00+00:00,LOCO_01,locomotive,moving,,,
5195.5,2025-12-04T14:35:30+00:00,LOCO_02,locomotive,moving,,,
5200.5,2025-12-04T14:40:30+00:00,LOCO_02,locomotive,assigned,,,
5200.5,2025-12-04T14:40:30+00:00,LOCO_02,locomotive,moving,,,
5201.0,2025-12-04T14:41:00+00:00,LOCO_01,locomotive,moving,,,
5203.75,2025-12-04T14:43:45+00:00,W7265,wagon,arrived,T72,,
5203.75,2025-12-04T14:43:45+00:00,W11947,wagon,arrived,T72,,
5203.75,2025-12-04T14:43:45+00:00,W11959,wagon,arrived,T72,,
5203.75,2025-12-04T14:43:45+00:00,W10522,wagon,arrived,T72,,
5203.75,2025-12-04T14:43:45+00:00,W6231,wagon,arrived,T72,,
5208.5,2025-12-04T14:48:30+00:00,LOCO_02,locomotive,moving,,,
5209.0,2025-12-04T14:49:00+00:00,LOCO_01,locomotive,moving,,,
5209.0,2025-12-04T14:49:00+00:00,W11014,wagon,moving,,,
5209.0,2025-12-04T14:49:00+00:00,W9040,wagon,moving,,,
5214.0,2025-12-04T14:54:00+00:00,W11014,wagon,in_workshop,,,
5214.0,2025-12-04T14:54:00+00:00,W9040,wagon,in_workshop,,,
5217.0,2025-12-04T14:57:00+00:00,W12077,wagon,parked,,,
5217.0,2025-12-04T14:57:00+00:00,W11766,wagon,parked,,,
5217.0,2025-12-04T14:57:00+00:00,W4793,wagon,parked,,,
5217.0,2025-12-04T14:57:00+00:00,W11718,wagon,parked,,,
5217.0,2025-12-04T14:57:00+00:00,LOCO_02,locomotive,moving,,,
5220.0,2025-12-04T15:00:00+00:00,W11014,wagon,in_workshop,,,
5220.0,2025-12-04T15:00:00+00:00,W9040,wagon,in_workshop,,,
5220.0,2025-12-04T15:00:00+00:00,LOCO_01,locomotive,moving,,,
5221.5,2025-12-04T15:01:30+00:00,W12349,wagon,rejected,T73,,NO_COLLECTION_TRACK
5224.0,2025-12-04T15:04:00+00:00,LOCO_02,locomotive,moving,,,
5225.0,2025-12-04T15:05:00+00:00,LOCO_01,locomotive,assigned,,,
5225.0,2025-12-04T15:05:00+00:00,LOCO_01,locomotive,moving,,,
5232.0,2025-12-04T15:12:00+00:00,LOCO_02,locomotive,moving,,,
5232.0,2025-12-04T15:12:00+00:00,W10949,wagon,moving,,,
5232.0,2025-12-04T15:12:00+00:00,W8631,wagon,moving,,,
5233.0,2025-12-04T15:13:00+00:00,LOCO_01,locomotive,moving,,,
5237.0,2025-12-04T15:17:00+00:00,W10949,wagon,in_workshop,,,
5237.0,2025-12-04T15:17:00+00:00,W8631,wagon,in_workshop,,,
5243.0,2025-12-04T15:23:00+00:00,W10949,wagon,in_workshop,,,
5243.0,2025-12-04T15:23:00+00:00,W8631,wagon,in_workshop,,,
5243.0,2025-12-04T15:23:00+00:00,LOCO_02,locomotive,moving,,,
5248.0,2025-12-04T15:28:00+00:00,LOCO_02,locomotive,moving,,,
5280.0,2025-12-04T16:00:00+00:00,W11014,wagon,retrofitted,,,
5280.0,2025-12-04T16:00:00+00:00,W9040,wagon,retrofitted,,,
5296.5,2025-12-04T16:16:30+00:00,W7155,wagon,parked,,,
5296.5,2025-12-04T16:16:30+00:00,W8636,wagon,parked,,,
5296.5,2025-12-04T16:16:30+00:00,W7258,wagon,parked,,,
5296.5,2025-12-04T16:16:30+00:00,W9495,wagon,parked,,,
5296.5,2025-12-04T16:16:30+00:00,LOCO_01,locomotive,moving,,,
5303.0,2025-12-04T16:23:00+00:00,W10949,wagon,retrofitted,,,
5303.0,2025-12-04T16:23:00+00:00,W8631,wagon,retrofitted,,,
5308.0,2025-12-04T16:28:00+00:00,LOCO_02,locomotive,assigned,,,
5313.0,2025-12-04T16:33:00+00:00,LOCO_02,locomotive,moving,,,
5313.0,2025-12-04T16:33:00+00:00,W0623,wagon,moving,,,
5313.0,2025-12-04T16:33:00+00:00,W11261,wagon,moving,,,
5356.5,2025-12-04T17:16:30+00:00,LOCO_01,locomotive,moving,,,
5363.5,2025-12-04T17:23:30+00:00,LOCO_01,locomotive,moving,,,
5363.5,2025-12-04T17:23:30+00:00,W11014,wagon,moving,,,
5363.5,2025-12-04T17:23:30+00:00,W9040,wagon,moving,,,
5368.5,2025-12-04T17:28:30+00:00,LOCO_01,locomotive,moving,,,
5373.0,2025-12-04T17:33:00+00:00,W0623,wagon,queued,,,
5373.0,2025-12-04T17:33:00+00:00,W11261,wagon,queued,,,
5373.5,2025-12-04T17:33:30+00:00,LOCO_01,locomotive,moving,,,
5380.5,2025-12-04T17:40:30+00:00,LOCO_01,locomotive,moving,,,
5380.5,2025-12-04T17:40:30+00:00,W10949,wagon,moving,,,
5380.5,2025-12-04T17:40:30+00:00,W8631,wagon,moving,,,
5382.0,2025-12-04T17:42:00+00:00,LOCO_02,locomotive,moving,,,
5385.5,2025-12-04T17:45:30+00:00,LOCO_01,locomotive,moving,,,
5389.0,2025-12-04T17:49:00+00:00,LOCO_02,locomotive,moving,,,
5390.5,2025-12-04T17:50:30+00:00,LOCO_01,locomotive,assigned,,,
5390.5,2025-12-04T17:50:30+00:00,LOCO_01,locomotive,moving,,,
5397.0,2025-12-04T17:57:00+00:00,LOCO_02,locomotive,moving,,,
5397.0,2025-12-04T17:57:00+00:00,W11467,wagon,moving,,,
5397.0,2025-12-04T17:57:00+00:00,W10354,wagon,moving,,,
5397.5,2025-12-04T17:57:30+00:00,LOCO_01,locomotive,moving,,,
5397.75,2025-12-04T17:57:45+00:00,W10093,wagon,rejected,T74,,NO_COLLECTION_TRACK
5397.75,2025-12-04T17:57:45+00:00,W11640,wagon,rejected,T74,,NO_COLLECTION_TRACK
5397.75,2025-12-04T17:57:45+00:00,W7316,wagon,arrived,T74,,
5397.75,2025-12-04T17:57:45+00:00,W9534,wagon,arrived,T74,,
5397.75,2025-12-04T17:57:45+00:00,W11953,wagon,arrived,T74,,
5397.75,2025-12-04T17:57:45+00:00,W9237,wagon,arrived,T74,,
5397.75,2025-12-04T17:57:45+00:00,W2853,wagon,arrived,T74,,
5397.75,2025-12-04T17:57:45+00:00,W2415,wagon,arrived,T74,,
5402.0,2025-12-04T18:02:00+00:00,W11467,wagon,in_workshop,,,
5402.0,2025-12-04T18:02:00+00:00,W10354,wagon,in_workshop,,,
5403.75,2025-12-04T18:03:45+00:00,W8626,wagon,rejected,T75,,No Retrofit Needed
5403.75,2025-12-04T18:03:45+00:00,W0117,wagon,rejected,T75,,No Retrofit Needed
5403.75,2025-12-04T18:03:45+00:00,W0191,wagon,rejected,T75,,No Retrofit Needed
5408.0,2025-12-04T18:08:00+00:00,W11467,wagon,in_workshop,,,
5408.0,2025-12-04T18:08:00+00:00,W10354,wagon,in_workshop,,,
5408.0,2025-12-04T18:08:00+00:00,LOCO_02,locomotive,moving,,,
5415.0,2025-12-04T18:15:00+00:00,LOCO_02,locomotive,moving,,,
5423.0,2025-12-04T18:23:00+00:00,LOCO_02,locomotive,moving,,,
5423.0,2025-12-04T18:23:00+00:00,W9345,wagon,moving,,,
5423.0,2025-12-04T18:23:00+00:00,W7115,wagon,moving,,,
5428.0,2025-12-04T18:28:00+00:00,W9345,wagon,in_workshop,,,
5428.0,2025-12-04T18:28:00+00:00,W7115,wagon,in_workshop,,,
5434.0,2025-12-04T18:34:00+00:00,W9345,wagon,in_workshop,,,
5434.0,2025-12-04T18:34:00+00:00,W7115,wagon,in_workshop,,,
5434.0,2025-12-04T18:34:00+00:00,LOCO_02,locomotive,moving,,,
5439.0,2025-12-04T18:39:00+00:00,LOCO_02,locomotive,moving,,,
5465.25,2025-12-04T19:05:15+00:00,W12060,wagon,rejected,T76,,No Retrofit Needed
5465.25,2025-12-04T19:05:15+00:00,W2973,wagon,rejected,T76,,NO_COLLECTION_TRACK
5465.25,2025-12-04T19:05:15+00:00,W0430,wagon,rejected,T76,,NO_COLLECTION_TRACK
5465.25,2025-12-04T19:05:15+00:00,W5757,wagon,rejected,T76,,NO_COLLECTION_TRACK
5465.25,2025-12-04T19:05:15+00:00,W7272,wagon,rejected,T76,,NO_COLLECTION_TRACK
5465.25,2025-12-04T19:05:15+00:00,W9009,wagon,rejected,T76,,NO_COLLECTION_TRACK
5468.0,2025-12-04T19:08:00+00:00,W11467,wagon,retrofitted,,,
5468.0,2025-12-04T19:08:00+00:00,W10354,wagon,retrofitted,,,
5470.25,2025-12-04T19:10:15+00:00,W11256,wagon,rejected,T77,,No Retrofit Needed
5470.25,2025-12-04T19:10:15+00:00,W11261,wagon,rejected,T77,,No Retrofit Needed
5470.25,2025-12-04T19:10:15+00:00,W11269,wagon,rejected,T77,,No Retrofit Needed
5470.25,2025-12-04T19:10:15+00:00,W11555,wagon,rejected,T77,,No Retrofit Needed
5470.25,2025-12-04T19:10:15+00:00,W11348,wagon,rejected,T77,,No Retrofit Needed
5470.25,2025-12-04T19:10:15+00:00,W9238,wagon,rejected,T77,,NO_COLLECTION_TRACK
5474.0,2025-12-04T19:14:00+00:00,W11014,wagon,parked,,,
5474.0,2025-12-04T19:14:00+00:00,W9040,wagon,parked,,,
5474.0,2025-12-04T19:14:00+00:00,LOCO_01,locomotive,moving,,,
5477.25,2025-12-04T19:17:15+00:00,W4701,wagon,rejected,T78,,No Retrofit Needed
5477.25,2025-12-04T19:17:15+00:00,W4726,wagon,rejected,T78,,No Retrofit Needed
5477.25,2025-12-04T19:17:15+00:00,W4754,wagon,rejected,T78,,No Retrofit Needed
5494.0,2025-12-04T19:34:00+00:00,W9345,wagon,retrofitted,,,
5494.0,2025-12-04T19:34:00+00:00,W7115,wagon,retrofitted,,,
5499.0,2025-12-04T19:39:00+00:00,LOCO_02,locomotive,assigned,,,
5508.0,2025-12-04T19:48:00+00:00,LOCO_02,locomotive,moving,,,
5508.0,2025-12-04T19:48:00+00:00,W4479,wagon,moving,,,
5508.0,2025-12-04T19:48:00+00:00,W2737,wagon,moving,,,
5508.0,2025-12-04T19:48:00+00:00,W7253,wagon,moving,,,
5508.0,2025-12-04T19:48:00+00:00,W2971,wagon,moving,,,
5517.75,2025-12-04T19:57:45+00:00,W2298,wagon,rejected,T79,,NO_COLLECTION_TRACK
5517.75,2025-12-04T19:57:45+00:00,W2162,wagon,rejected,T79,,NO_COLLECTION_TRACK
5517.75,2025-12-04T19:57:45+00:00,W2362,wagon,rejected,T79,,NO_COLLECTION_TRACK
5517.75,2025-12-04T19:57:45+00:00,W2207,wagon,rejected,T79,,NO_COLLECTION_TRACK
5517.75,2025-12-04T19:57:45+00:00,W2126,wagon,rejected,T79,,NO_COLLECTION_TRACK
5517.75,2025-12-04T19:57:45+00:00,W2083,wagon,rejected,T79,,NO_COLLECTION_TRACK
5517.75,2025-12-04T19:57:45+00:00,W7103,wagon,rejected,T79,,NO_COLLECTION_TRACK
5517.75,2025-12-04T19:57:45+00:00,W4733,wagon,rejected,T79,,NO_COLLECTION_TRACK
5534.0,2025-12-04T20:14:00+00:00,LOCO_01,locomotive,moving,,,
5541.0,2025-12-04T20:21:00+00:00,LOCO_01,locomotive,moving,,,
5541.0,2025-12-04T20:21:00+00:00,W11467,wagon,moving,,,
5541.0,2025-12-04T20:21:00+00:00,W10354,wagon,moving,,,
5546.0,2025-12-04T20:26:00+00:00,LOCO_01,locomotive,moving,,,
5551.0,2025-12-04T20:31:00+00:00,LOCO_01,locomotive,moving,,,
5557.0,2025-12-04T20:37:00+00:00,W8634,wagon,rejected,T80,,NO_COLLECTION_TRACK
5557.0,2025-12-04T20:37:00+00:00,W11915,wagon,rejected,T80,,NO_COLLECTION_TRACK
5557.0,2025-12-04T20:37:00+00:00,W2405,wagon,rejected,T80,,NO_COLLECTION_TRACK
5557.0,2025-12-04T20:37:00+00:00,W10113,wagon,rejected,T80,,NO_COLLECTION_TRACK
5557.0,2025-12-04T20:37:00+00:00,W5172,wagon,rejected,T80,,NO_COLLECTION_TRACK
5558.0,2025-12-04T20:38:00+00:00,LOCO_01,locomotive,moving,,,
5558.0,2025-12-04T20:38:00+00:00,W9345,wagon,moving,,,
5558.0,2025-12-04T20:38:00+00:00,W7115,wagon,moving,,,
5563.0,2025-12-04T20:43:00+00:00,LOCO_01,locomotive,moving,,,
5566.25,2025-12-04T20:46:15+00:00,W5592,wagon,rejected,T81,,NO_COLLECTION_TRACK
5566.25,2025-12-04T20:46:15+00:00,W2898,wagon,rejected,T81,,NO_COLLECTION_TRACK
5566.25,2025-12-04T20:46:15+00:00,W2586,wagon,rejected,T81,,NO_COLLECTION_TRACK
5568.0,2025-12-04T20:48:00+00:00,W4479,wagon,queued,,,
5568.0,2025-12-04T20:48:00+00:00,W2737,wagon,queued,,,
5568.0,2025-12-04T20:48:00+00:00,W7253,wagon,queued,,,
5568.0,2025-12-04T20:48:00+00:00,W2971,wagon,queued,,,
5570.0,2025-12-04T20:50:00+00:00,LOCO_01,locomotive,moving,,,
5578.0,2025-12-04T20:58:00+00:00,LOCO_01,locomotive,moving,,,
5578.0,2025-12-04T20:58:00+00:00,W10706,wagon,moving,,,
5578.0,2025-12-04T20:58:00+00:00,W5057,wagon,moving,,,
5583.0,2025-12-04T21:03:00+00:00,W10706,wagon,in_workshop,,,
5583.0,2025-12-04T21:03:00+00:00,W5057,wagon,in_workshop,,,
5589.0,2025-12-04T21:09:00+00:00,LOCO_02,locomotive,moving,,,
5589.0,2025-12-04T21:09:00+00:00,W10706,wagon,in_workshop,,,
5589.0,2025-12-04T21:09:00+00:00,W5057,wagon,in_workshop,,,
5589.0,2025-12-04T21:09:00+00:00,LOCO_01,locomotive,moving,,,
5594.0,2025-12-04T21:14:00+00:00,LOCO_01,locomotive,assigned,,,
5594.0,2025-12-04T21:14:00+00:00,LOCO_01,locomotive,moving,,,
5596.0,2025-12-04T21:16:00+00:00,LOCO_02,locomotive,moving,,,
5601.0,2025-12-04T21:21:00+00:00,LOCO_01,locomotive,moving,,,
5604.0,2025-12-04T21:24:00+00:00,LOCO_02,locomotive,moving,,,
5604.0,2025-12-04T21:24:00+00:00,W4522,wagon,moving,,,
5604.0,2025-12-04T21:24:00+00:00,W0623,wagon,moving,,,
5609.0,2025-12-04T21:29:00+00:00,W4522,wagon,in_workshop,,,
5609.0,2025-12-04T21:29:00+00:00,W0623,wagon,in_workshop,,,
5615.0,2025-12-04T21:35:00+00:00,W4522,wagon,in_workshop,,,
5615.0,2025-12-04T21:35:00+00:00,W0623,wagon,in_workshop,,,
5615.0,2025-12-04T21:35:00+00:00,LOCO_02,locomotive,moving,,,
5620.0,2025-12-04T21:40:00+00:00,LOCO_02,locomotive,moving,,,
5649.0,2025-12-04T22:09:00+00:00,W10706,wagon,retrofitted,,,
5649.0,2025-12-04T22:09:00+00:00,W5057,wagon,retrofitted,,,
5675.0,2025-12-04T22:35:00+00:00,W4522,wagon,retrofitted,,,
5675.0,2025-12-04T22:35:00+00:00,W0623,wagon,retrofitted,,,
5677.5,2025-12-04T22:37:30+00:00,W10949,wagon,parked,,,
5677.5,2025-12-04T22:37:30+00:00,W8631,wagon,parked,,,
5677.5,2025-12-04T22:37:30+00:00,LOCO_01,locomotive,moving,,,
5680.0,2025-12-04T22:40:00+00:00,LOCO_02,locomotive,assigned,,,
5695.0,2025-12-04T22:55:00+00:00,LOCO_02,locomotive,moving,,,
5695.0,2025-12-04T22:55:00+00:00,W5978,wagon,moving,,,
5695.0,2025-12-04T22:55:00+00:00,W5686,wagon,moving,,,
5695.0,2025-12-04T22:55:00+00:00,W5403,wagon,moving,,,
5695.0,2025-12-04T22:55:00+00:00,W9401,wagon,moving,,,
5695.0,2025-12-04T22:55:00+00:00,W7261,wagon,moving,,,
5695.0,2025-12-04T22:55:00+00:00,W7263,wagon,moving,,,
5695.0,2025-12-04T22:55:00+00:00,W6339,wagon,moving,,,
5724.0,2025-12-04T23:24:00+00:00,W11482,wagon,arrived,T82,,
5724.0,2025-12-04T23:24:00+00:00,W8671,wagon,arrived,T82,,
5724.0,2025-12-04T23:24:00+00:00,W11252,wagon,arrived,T82,,
5724.0,2025-12-04T23:24:00+00:00,W5452,wagon,arrived,T82,,
5724.0,2025-12-04T23:24:00+00:00,W6800,wagon,arrived,T82,,
5737.5,2025-12-04T23:37:30+00:00,LOCO_01,locomotive,moving,,,
5744.5,2025-12-04T23:44:30+00:00,LOCO_01,locomotive,moving,,,
5744.5,2025-12-04T23:44:30+00:00,W10706,wagon,moving,,,
5744.5,2025-12-04T23:44:30+00:00,W5057,wagon,moving,,,
5749.5,2025-12-04T23:49:30+00:00,LOCO_01,locomotive,moving,,,
5754.5,2025-12-04T23:54:30+00:00,LOCO_01,locomotive,moving,,,
5755.0,2025-12-04T23:55:00+00:00,W5978,wagon,queued,,,
5755.0,2025-12-04T23:55:00+00:00,W5686,wagon,queued,,,
5755.0,2025-12-04T23:55:00+00:00,W5403,wagon,queued,,,
5755.0,2025-12-04T23:55:00+00:00,W9401,wagon,queued,,,
5755.0,2025-12-04T23:55:00+00:00,W7261,wagon,queued,,,
5755.0,2025-12-04T23:55:00+00:00,W7263,wagon,queued,,,
5755.0,2025-12-04T23:55:00+00:00,W6339,wagon,queued,,,
5758.0,2025-12-04T23:58:00+00:00,W0678,wagon,rejected,T83,,No Retrofit Needed
5758.0,2025-12-04T23:58:00+00:00,W8378,wagon,rejected,T83,,NO_COLLECTION_TRACK
5758.0,2025-12-04T23:58:00+00:00,W8380,wagon,arrived,T83,,
5761.5,2025-12-05T00:01:30+00:00,LOCO_01,locomotive,moving,,,
5761.5,2025-12-05T00:01:30+00:00,W4522,wagon,moving,,,
5761.5,2025-12-05T00:01:30+00:00,W0623,wagon,moving,,,
5766.5,2025-12-05T00:06:30+00:00,LOCO_01,locomotive,moving,,,
5768.0,2025-12-05T00:08:00+00:00,W10354,wagon,rejected,T84,,No Retrofit Needed
5768.0,2025-12-05T00:08:00+00:00,W10321,wagon,rejected,T84,,No Retrofit Needed
5773.5,2025-12-05T00:13:30+00:00,LOCO_01,locomotive,moving,,,
5775.25,2025-12-05T00:15:15+00:00,W9397,wagon,rejected,T85,,NO_COLLECTION_TRACK
5775.25,2025-12-05T00:15:15+00:00,W9591,wagon,rejected,T85,,NO_COLLECTION_TRACK
5775.25,2025-12-05T00:15:15+00:00,W9573,wagon,rejected,T85,,NO_COLLECTION_TRACK
5775.25,2025-12-05T00:15:15+00:00,W10336,wagon,rejected,T85,,NO_COLLECTION_TRACK
5775.25,2025-12-05T00:15:15+00:00,W9517,wagon,rejected,T85,,NO_COLLECTION_TRACK
5775.25,2025-12-05T00:15:15+00:00,W9543,wagon,rejected,T85,,NO_COLLECTION_TRACK
5775.25,2025-12-05T00:15:15+00:00,W9544,wagon,rejected,T85,,NO_COLLECTION_TRACK
5781.5,2025-12-05T00:21:30+00:00,LOCO_01,locomotive,moving,,,
5781.5,2025-12-05T00:21:30+00:00,W11261,wagon,moving,,,
5781.5,2025-12-05T00:21:30+00:00,W4479,wagon,moving,,,
5786.5,2025-12-05T00:26:30+00:00,W11261,wagon,in_workshop,,,
5786.5,2025-12-05T00:26:30+00:00,W4479,wagon,in_workshop,,,
5792.5,2025-12-05T00:32:30+00:00,W11261,wagon,in_workshop,,,
5792.5,2025-12-05T00:32:30+00:00,W4479,wagon,in_workshop,,,
5792.5,2025-12-05T00:32:30+00:00,LOCO_01,locomotive,moving,,,
5794.0,2025-12-05T00:34:00+00:00,LOCO_02,locomotive,moving,,,
5799.0,2025-12-05T00:39:00+00:00,LOCO_02,locomotive,assigned,,,
5799.0,2025-12-05T00:39:00+00:00,LOCO_02,locomotive,moving,,,
5799.5,2025-12-05T00:39:30+00:00,LOCO_01,locomotive,moving,,,
5807.0,2025-12-05T00:47:00+00:00,LOCO_02,locomotive,moving,,,
5807.5,2025-12-05T00:47:30+00:00,LOCO_01,locomotive,moving,,,
5807.5,2025-12-05T00:47:30+00:00,W2737,wagon,moving,,,
5807.5,2025-12-05T00:47:30+00:00,W7253,wagon,moving,,,
5812.5,2025-12-05T00:52:30+00:00,W2737,wagon,in_workshop,,,
5812.5,2025-12-05T00:52:30+00:00,W7253,wagon,in_workshop,,,
5818.5,2025-12-05T00:58:30+00:00,W2737,wagon,in_workshop,,,
5818.5,2025-12-05T00:58:30+00:00,W7253,wagon,in_workshop,,,
5818.5,2025-12-05T00:58:30+00:00,LOCO_01,locomotive,moving,,,
5822.25,2025-12-05T01:02:15+00:00,W6592,wagon,rejected,T86,,No Retrofit Needed
5822.25,2025-12-05T01:02:15+00:00,W6682,wagon,rejected,T86,,No Retrofit Needed
5823.5,2025-12-05T01:03:30+00:00,LOCO_01,locomotive,moving,,,
5850.25,2025-12-05T01:30:15+00:00,W11259,wagon,rejected,T87,,No Retrofit Needed
5850.25,2025-12-05T01:30:15+00:00,W2112,wagon,arrived,T87,,
5852.5,2025-12-05T01:32:30+00:00,W11261,wagon,retrofitted,,,
5852.5,2025-12-05T01:32:30+00:00,W4479,wagon,retrofitted,,,
5878.5,2025-12-05T01:58:30+00:00,W2737,wagon,retrofitted,,,
5878.5,2025-12-05T01:58:30+00:00,W7253,wagon,retrofitted,,,
5883.5,2025-12-05T02:03:30+00:00,LOCO_01,locomotive,assigned,,,
5885.5,2025-12-05T02:05:30+00:00,W11467,wagon,parked,,,
5885.5,2025-12-05T02:05:30+00:00,W10354,wagon,parked,,,
5885.5,2025-12-05T02:05:30+00:00,W9345,wagon,parked,,,
5885.5,2025-12-05T02:05:30+00:00,W7115,wagon,parked,,,
5885.5,2025-12-05T02:05:30+00:00,LOCO_02,locomotive,moving,,,
5894.5,2025-12-05T02:14:30+00:00,LOCO_01,locomotive,moving,,,
5894.5,2025-12-05T02:14:30+00:00,W0607,wagon,moving,,,
5894.5,2025-12-05T02:14:30+00:00,W12036,wagon,moving,,,
5894.5,2025-12-05T02:14:30+00:00,W2786,wagon,moving,,,
5894.5,2025-12-05T02:14:30+00:00,W2877,wagon,moving,,,
5894.5,2025-12-05T02:14:30+00:00,W318166502860,wagon,moving,,,
5903.5,2025-12-05T02:23:30+00:00,W9868,wagon,rejected,T88,,No Retrofit Needed
5903.5,2025-12-05T02:23:30+00:00,W8631,wagon,rejected,T88,,No Retrofit Needed
5903.5,2025-12-05T02:23:30+00:00,W2548,wagon,rejected,T88,,NO_COLLECTION_TRACK
5903.5,2025-12-05T02:23:30+00:00,W9948,wagon,rejected,T88,,NO_COLLECTION_TRACK
5903.5,2025-12-05T02:23:30+00:00,W9708,wagon,rejected,T88,,NO_COLLECTION_TRACK
5903.5,2025-12-05T02:23:30+00:00,W0630,wagon,rejected,T88,,NO_COLLECTION_TRACK
5903.5,2025-12-05T02:23:30+00:00,W9491,wagon,rejected,T88,,NO_COLLECTION_TRACK
5903.5,2025-12-05T02:23:30+00:00,W7400,wagon,arrived,T88,,
5903.5,2025-12-05T02:23:30+00:00,W0606,wagon,arrived,T88,,
5923.75,2025-12-05T02:43:45+00:00,W10581,wagon,rejected,T89,,NO_COLLECTION_TRACK
5923.75,2025-12-05T02:43:45+00:00,W11344,wagon,rejected,T89,,NO_COLLECTION_TRACK
5923.75,2025-12-05T02:43:45+00:00,W10258,wagon,rejected,T89,,NO_COLLECTION_TRACK
5923.75,2025-12-05T02:43:45+00:00,W5310,wagon,rejected,T89,,NO_COLLECTION_TRACK
5923.75,2025-12-05T02:43:45+00:00,W12355,wagon,rejected,T89,,NO_COLLECTION_TRACK
5945.5,2025-12-05T03:05:30+00:00,LOCO_02,locomotive,moving,,,
5952.5,2025-12-05T03:12:30+00:00,LOCO_02,locomotive,moving,,,
5952.5,2025-12-05T03:12:30+00:00,W11261,wagon,moving,,,
5952.5,2025-12-05T03:12:30+00:00,W4479,wagon,moving,,,
5954.5,2025-12-05T03:14:30+00:00,W0607,wagon,queued,,,
5954.5,2025-12-05T03:14:30+00:00,W12036,wagon,queued,,,
5954.5,2025-12-05T03:14:30+00:00,W2786,wagon,queued,,,
5954.5,2025-12-05T03:14:30+00:00,W2877,wagon,queued,,,
5954.5,2025-12-05T03:14:30+00:00,W318166502860,wagon,queued,,,
5957.5,2025-12-05T03:17:30+00:00,LOCO_02,locomotive,moving,,,
5962.5,2025-12-05T03:22:30+00:00,LOCO_02,locomotive,moving,,,
5969.5,2025-12-05T03:29:30+00:00,LOCO_02,locomotive,moving,,,
5969.5,2025-12-05T03:29:30+00:00,W2737,wagon,moving,,,
5969.5,2025-12-05T03:29:30+00:00,W7253,wagon,moving,,,
5974.5,2025-12-05T03:34:30+00:00,LOCO_02,locomotive,moving,,,
5981.5,2025-12-05T03:41:30+00:00,LOCO_01,locomotive,moving,,,
5981.5,2025-12-05T03:41:30+00:00,LOCO_02,locomotive,moving,,,
5988.5,2025-12-05T03:48:30+00:00,LOCO_01,locomotive,moving,,,
5989.5,2025-12-05T03:49:30+00:00,LOCO_02,locomotive,moving,,,
5989.5,2025-12-05T03:49:30+00:00,W2971,wagon,moving,,,
5989.5,2025-12-05T03:49:30+00:00,W5978,wagon,moving,,,
5994.5,2025-12-05T03:54:30+00:00,W2971,wagon,in_workshop,,,
5994.5,2025-12-05T03:54:30+00:00,W5978,wagon,in_workshop,,,
5996.5,2025-12-05T03:56:30+00:00,LOCO_01,locomotive,moving,,,
5996.5,2025-12-05T03:56:30+00:00,W5686,wagon,moving,,,
5996.5,2025-12-05T03:56:30+00:00,W5403,wagon,moving,,,
6000.5,2025-12-05T04:00:30+00:00,W2971,wagon,in_workshop,,,
6000.5,2025-12-05T04:00:30+00:00,W5978,wagon,in_workshop,,,
6000.5,2025-12-05T04:00:30+00:00,LOCO_02,locomotive,moving,,,
6001.5,2025-12-05T04:01:30+00:00,W5686,wagon,in_workshop,,,
6001.5,2025-12-05T04:01:30+00:00,W5403,wagon,in_workshop,,,
6005.5,2025-12-05T04:05:30+00:00,LOCO_02,locomotive,assigned,,,
6005.5,2025-12-05T04:05:30+00:00,LOCO_02,locomotive,moving,,,
6007.5,2025-12-05T04:07:30+00:00,W5686,wagon,in_workshop,,,
6007.5,2025-12-05T04:07:30+00:00,W5403,wagon,in_workshop,,,
6007.5,2025-12-05T04:07:30+00:00,LOCO_01,locomotive,moving,,,
6012.5,2025-12-05T04:12:30+00:00,LOCO_01,locomotive,moving,,,
6013.5,2025-12-05T04:13:30+00:00,LOCO_02,locomotive,moving,,,
6060.5,2025-12-05T05:00:30+00:00,W2971,wagon,retrofitted,,,
6060.5,2025-12-05T05:00:30+00:00,W5978,wagon,retrofitted,,,
6067.5,2025-12-05T05:07:30+00:00,W5686,wagon,retrofitted,,,
6067.5,2025-12-05T05:07:30+00:00,W5403,wagon,retrofitted,,,
6067.5,2025-12-05T05:07:30+00:00,W0943,wagon,rejected,T90,,NO_COLLECTION_TRACK
6067.5,2025-12-05T05:07:30+00:00,W9440,wagon,arrived,T90,,
6067.5,2025-12-05T05:07:30+00:00,W9489,wagon,arrived,T90,,
6067.5,2025-12-05T05:07:30+00:00,W2712,wagon,arrived,T90,,
6072.5,2025-12-05T05:12:30+00:00,LOCO_01,locomotive,assigned,,,
6081.5,2025-12-05T05:21:30+00:00,LOCO_01,locomotive,moving,,,
6081.5,2025-12-05T05:21:30+00:00,W3618,wagon,moving,,,
6081.5,2025-12-05T05:21:30+00:00,W7252,wagon,moving,,,
6081.5,2025-12-05T05:21:30+00:00,W6352,wagon,moving,,,
6081.5,2025-12-05T05:21:30+00:00,W8705,wagon,moving,,,
6092.0,2025-12-05T05:32:00+00:00,W10706,wagon,parked,,,
6092.0,2025-12-05T05:32:00+00:00,W5057,wagon,parked,,,
6092.0,2025-12-05T05:32:00+00:00,W4522,wagon,parked,,,
6092.0,2025-12-05T05:32:00+00:00,W0623,wagon,parked,,,
6092.0,2025-12-05T05:32:00+00:00,LOCO_02,locomotive,moving,,,
6141.5,2025-12-05T06:21:30+00:00,W3618,wagon,queued,,,
6141.5,2025-12-05T06:21:30+00:00,W7252,wagon,queued,,,
6141.5,2025-12-05T06:21:30+00:00,W6352,wagon,queued,,,
6141.5,2025-12-05T06:21:30+00:00,W8705,wagon,queued,,,
6152.0,2025-12-05T06:32:00+00:00,LOCO_02,locomotive,moving,,,
6159.0,2025-12-05T06:39:00+00:00,LOCO_02,locomotive,moving,,,
6159.0,2025-12-05T06:39:00+00:00,W2971,wagon,moving,,,
6159.0,2025-12-05T06:39:00+00:00,W5978,wagon,moving,,,
6162.5,2025-12-05T06:42:30+00:00,LOCO_01,locomotive,moving,,,
6164.0,2025-12-05T06:44:00+00:00,LOCO_02,locomotive,moving,,,
6167.5,2025-12-05T06:47:30+00:00,LOCO_01,locomotive,moving,,,
6169.0,2025-12-05T06:49:00+00:00,LOCO_02,locomotive,assigned,,,
6169.0,2025-12-05T06:49:00+00:00,LOCO_02,locomotive,moving,,,
6174.5,2025-12-05T06:54:30+00:00,LOCO_01,locomotive,moving,,,
6174.5,2025-12-05T06:54:30+00:00,W5686,wagon,moving,,,
6174.5,2025-12-05T06:54:30+00:00,W5403,wagon,moving,,,
6177.0,2025-12-05T06:57:00+00:00,LOCO_02,locomotive,moving,,,
6179.5,2025-12-05T06:59:30+00:00,LOCO_01,locomotive,moving,,,
6186.5,2025-12-05T07:06:30+00:00,LOCO_01,locomotive,moving,,,
6194.5,2025-12-05T07:14:30+00:00,LOCO_01,locomotive,moving,,,
6194.5,2025-12-05T07:14:30+00:00,W9401,wagon,moving,,,
6194.5,2025-12-05T07:14:30+00:00,W7261,wagon,moving,,,
6199.5,2025-12-05T07:19:30+00:00,W9401,wagon,in_workshop,,,
6199.5,2025-12-05T07:19:30+00:00,W7261,wagon,in_workshop,,,
6205.5,2025-12-05T07:25:30+00:00,W9401,wagon,in_workshop,,,
6205.5,2025-12-05T07:25:30+00:00,W7261,wagon,in_workshop,,,
6205.5,2025-12-05T07:25:30+00:00,LOCO_01,locomotive,moving,,,
6212.5,2025-12-05T07:32:30+00:00,LOCO_01,locomotive,moving,,,
6220.5,2025-12-05T07:40:30+00:00,LOCO_01,locomotive,moving,,,
6220.5,2025-12-05T07:40:30+00:00,W7263,wagon,moving,,,
6220.5,2025-12-05T07:40:30+00:00,W6339,wagon,moving,,,
6225.5,2025-12-05T07:45:30+00:00,W7263,wagon,in_workshop,,,
6225.5,2025-12-05T07:45:30+00:00,W6339,wagon,in_workshop,,,
6231.5,2025-12-05T07:51:30+00:00,W7263,wagon,in_workshop,,,
6231.5,2025-12-05T07:51:30+00:00,W6339,wagon,in_workshop,,,
6231.5,2025-12-05T07:51:30+00:00,LOCO_01,locomotive,moving,,,
6236.5,2025-12-05T07:56:30+00:00,LOCO_01,locomotive,moving,,,
6255.5,2025-12-05T08:15:30+00:00,W11261,wagon,parked,,,
6255.5,2025-12-05T08:15:30+00:00,W4479,wagon,parked,,,
6255.5,2025-12-05T08:15:30+00:00,W2737,wagon,parked,,,
6255.5,2025-12-05T08:15:30+00:00,W7253,wagon,parked,,,
6255.5,2025-12-05T08:15:30+00:00,LOCO_02,locomotive,moving,,,
6265.5,2025-12-05T08:25:30+00:00,W9401,wagon,retrofitted,,,
6265.5,2025-12-05T08:25:30+00:00,W7261,wagon,retrofitted,,,
6291.5,2025-12-05T08:51:30+00:00,W7263,wagon,retrofitted,,,
6291.5,2025-12-05T08:51:30+00:00,W6339,wagon,retrofitted,,,
6296.5,2025-12-05T08:56:30+00:00,LOCO_01,locomotive,assigned,,,
6305.5,2025-12-05T09:05:30+00:00,LOCO_01,locomotive,moving,,,
6305.5,2025-12-05T09:05:30+00:00,W9981,wagon,moving,,,
6305.5,2025-12-05T09:05:30+00:00,W6246,wagon,moving,,,
6305.5,2025-12-05T09:05:30+00:00,W5947,wagon,moving,,,
6305.5,2025-12-05T09:05:30+00:00,W5711,wagon,moving,,,
6315.5,2025-12-05T09:15:30+00:00,LOCO_02,locomotive,moving,,,
6322.5,2025-12-05T09:22:30+00:00,LOCO_02,locomotive,moving,,,
6322.5,2025-12-05T09:22:30+00:00,W9401,wagon,moving,,,
6322.5,2025-12-05T09:22:30+00:00,W7261,wagon,moving,,,
6327.5,2025-12-05T09:27:30+00:00,LOCO_02,locomotive,moving,,,
6332.5,2025-12-05T09:32:30+00:00,LOCO_02,locomotive,moving,,,
6339.5,2025-12-05T09:39:30+00:00,LOCO_02,locomotive,moving,,,
6339.5,2025-12-05T09:39:30+00:00,W7263,wagon,moving,,,
6339.5,2025-12-05T09:39:30+00:00,W6339,wagon,moving,,,
6344.5,2025-12-05T09:44:30+00:00,LOCO_02,locomotive,moving,,,
6351.5,2025-12-05T09:51:30+00:00,LOCO_02,locomotive,moving,,,
6359.5,2025-12-05T09:59:30+00:00,LOCO_02,locomotive,moving,,,
6359.5,2025-12-05T09:59:30+00:00,W0607,wagon,moving,,,
6359.5,2025-12-05T09:59:30+00:00,W12036,wagon,moving,,,
6364.5,2025-12-05T10:04:30+00:00,W0607,wagon,in_workshop,,,
6364.5,2025-12-05T10:04:30+00:00,W12036,wagon,in_workshop,,,
6365.5,2025-12-05T10:05:30+00:00,W9981,wagon,queued,,,
6365.5,2025-12-05T10:05:30+00:00,W6246,wagon,queued,,,
6365.5,2025-12-05T10:05:30+00:00,W5947,wagon,queued,,,
6365.5,2025-12-05T10:05:30+00:00,W5711,wagon,queued,,,
6370.5,2025-12-05T10:10:30+00:00,W0607,wagon,in_workshop,,,
6370.5,2025-12-05T10:10:30+00:00,W12036,wagon,in_workshop,,,
6370.5,2025-12-05T10:10:30+00:00,LOCO_02,locomotive,moving,,,
6377.5,2025-12-05T10:17:30+00:00,LOCO_02,locomotive,moving,,,
6385.5,2025-12-05T10:25:30+00:00,LOCO_02,locomotive,moving,,,
6385.5,2025-12-05T10:25:30+00:00,W2786,wagon,moving,,,
6385.5,2025-12-05T10:25:30+00:00,W2877,wagon,moving,,,
6386.5,2025-12-05T10:26:30+00:00,LOCO_01,locomotive,moving,,,
6390.5,2025-12-05T10:30:30+00:00,W2786,wagon,in_workshop,,,
6390.5,2025-12-05T10:30:30+00:00,W2877,wagon,in_workshop,,,
6391.5,2025-12-05T10:31:30+00:00,LOCO_01,locomotive,assigned,,,
6391.5,2025-12-05T10:31:30+00:00,LOCO_01,locomotive,moving,,,
6396.5,2025-12-05T10:36:30+00:00,W2786,wagon,in_workshop,,,
6396.5,2025-12-05T10:36:30+00:00,W2877,wagon,in_workshop,,,
6396.5,2025-12-05T10:36:30+00:00,LOCO_02,locomotive,moving,,,
6399.5,2025-12-05T10:39:30+00:00,LOCO_01,locomotive,moving,,,
6401.5,2025-12-05T10:41:30+00:00,LOCO_02,locomotive,moving,,,
6430.5,2025-12-05T11:10:30+00:00,W0607,wagon,retrofitted,,,
6430.5,2025-12-05T11:10:30+00:00,W12036,wagon,retrofitted,,,
6456.5,2025-12-05T11:36:30+00:00,W2786,wagon,retrofitted,,,
6456.5,2025-12-05T11:36:30+00:00,W2877,wagon,retrofitted,,,
6461.5,2025-12-05T11:41:30+00:00,LOCO_02,locomotive,assigned,,,
6464.5,2025-12-05T11:44:30+00:00,LOCO_02,locomotive,moving,,,
6464.5,2025-12-05T11:44:30+00:00,W5127,wagon,moving,,,
6475.5,2025-12-05T11:55:30+00:00,W10249,wagon,arrived,T91,,
6475.5,2025-12-05T11:55:30+00:00,W2050,wagon,arrived,T91,,
6475.5,2025-12-05T11:55:30+00:00,W2386,wagon,arrived,T91,,
6475.5,2025-12-05T11:55:30+00:00,W10254,wagon,arrived,T91,,
6475.5,2025-12-05T11:55:30+00:00,W12057,wagon,arrived,T91,,
6475.5,2025-12-05T11:55:30+00:00,W2136,wagon,arrived,T91,,
6523.0,2025-12-05T12:43:00+00:00,W2971,wagon,parked,,,
6523.0,2025-12-05T12:43:00+00:00,W5978,wagon,parked,,,
6523.0,2025-12-05T12:43:00+00:00,W5686,wagon,parked,,,
6523.0,2025-12-05T12:43:00+00:00,W5403,wagon,parked,,,
6523.0,2025-12-05T12:43:00+00:00,LOCO_01,locomotive,moving,,,
6524.5,2025-12-05T12:44:30+00:00,W5127,wagon,queued,,,
6527.5,2025-12-05T12:47:30+00:00,LOCO_02,locomotive,moving,,,
6532.5,2025-12-05T12:52:30+00:00,LOCO_02,locomotive,moving,,,
6539.5,2025-12-05T12:59:30+00:00,LOCO_02,locomotive,moving,,,
6539.5,2025-12-05T12:59:30+00:00,W0607,wagon,moving,,,
6539.5,2025-12-05T12:59:30+00:00,W12036,wagon,moving,,,
6544.5,2025-12-05T13:04:30+00:00,LOCO_02,locomotive,moving,,,
6549.5,2025-12-05T13:09:30+00:00,LOCO_02,locomotive,moving,,,
6556.5,2025-12-05T13:16:30+00:00,LOCO_02,locomotive,moving,,,
6556.5,2025-12-05T13:16:30+00:00,W2786,wagon,moving,,,
6556.5,2025-12-05T13:16:30+00:00,W2877,wagon,moving,,,
6561.5,2025-12-05T13:21:30+00:00,LOCO_02,locomotive,moving,,,
6568.5,2025-12-05T13:28:30+00:00,LOCO_02,locomotive,moving,,,
6576.5,2025-12-05T13:36:30+00:00,LOCO_02,locomotive,moving,,,
6576.5,2025-12-05T13:36:30+00:00,W318166502860,wagon,moving,,,
6576.5,2025-12-05T13:36:30+00:00,W3618,wagon,moving,,,
6581.5,2025-12-05T13:41:30+00:00,W318166502860,wagon,in_workshop,,,
6581.5,2025-12-05T13:41:30+00:00,W3618,wagon,in_workshop,,,
6585.0,2025-12-05T13:45:00+00:00,LOCO_01,locomotive,moving,,,
6587.5,2025-12-05T13:47:30+00:00,W318166502860,wagon,in_workshop,,,
6587.5,2025-12-05T13:47:30+00:00,W3618,wagon,in_workshop,,,
6587.5,2025-12-05T13:47:30+00:00,LOCO_02,locomotive,moving,,,
6592.5,2025-12-05T13:52:30+00:00,LOCO_02,locomotive,assigned,,,
6592.5,2025-12-05T13:52:30+00:00,LOCO_02,locomotive,moving,,,
6593.0,2025-12-05T13:53:00+00:00,LOCO_01,locomotive,moving,,,
6593.0,2025-12-05T13:53:00+00:00,W7252,wagon,moving,,,
6593.0,2025-12-05T13:53:00+00:00,W6352,wagon,moving,,,
6595.0,2025-12-05T13:55:00+00:00,W12074,wagon,rejected,T92,,NO_COLLECTION_TRACK
6595.0,2025-12-05T13:55:00+00:00,W5282,wagon,arrived,T92,,
6595.0,2025-12-05T13:55:00+00:00,W9940,wagon,arrived,T92,,
6595.0,2025-12-05T13:55:00+00:00,W9081,wagon,arrived,T92,,
6598.0,2025-12-05T13:58:00+00:00,W7252,wagon,in_workshop,,,
6598.0,2025-12-05T13:58:00+00:00,W6352,wagon,in_workshop,,,
6602.5,2025-12-05T14:02:30+00:00,LOCO_02,locomotive,moving,,,
6604.0,2025-12-05T14:04:00+00:00,W7252,wagon,in_workshop,,,
6604.0,2025-12-05T14:04:00+00:00,W6352,wagon,in_workshop,,,
6604.0,2025-12-05T14:04:00+00:00,LOCO_01,locomotive,moving,,,
6609.0,2025-12-05T14:09:00+00:00,LOCO_01,locomotive,moving,,,
6647.5,2025-12-05T14:47:30+00:00,W318166502860,wagon,retrofitted,,,
6647.5,2025-12-05T14:47:30+00:00,W3618,wagon,retrofitted,,,
6664.0,2025-12-05T15:04:00+00:00,W7252,wagon,retrofitted,,,
6664.0,2025-12-05T15:04:00+00:00,W6352,wagon,retrofitted,,,
6666.5,2025-12-05T15:06:30+00:00,W10886,wagon,rejected,T93,,No Retrofit Needed
6666.5,2025-12-05T15:06:30+00:00,W7542,wagon,rejected,T93,,NO_COLLECTION_TRACK
6666.5,2025-12-05T15:06:30+00:00,W8990,wagon,rejected,T93,,NO_COLLECTION_TRACK
6666.5,2025-12-05T15:06:30+00:00,W8952,wagon,rejected,T93,,NO_COLLECTION_TRACK
6666.5,2025-12-05T15:06:30+00:00,W10814,wagon,arrived,T93,,
6669.0,2025-12-05T15:09:00+00:00,LOCO_01,locomotive,assigned,,,
6670.0,2025-12-05T15:10:00+00:00,W9401,wagon,parked,,,
6670.0,2025-12-05T15:10:00+00:00,W7261,wagon,parked,,,
6670.0,2025-12-05T15:10:00+00:00,W7263,wagon,parked,,,
6670.0,2025-12-05T15:10:00+00:00,W6339,wagon,parked,,,
6670.0,2025-12-05T15:10:00+00:00,W0607,wagon,parked,,,
6670.0,2025-12-05T15:10:00+00:00,W12036,wagon,parked,,,
6670.0,2025-12-05T15:10:00+00:00,W2786,wagon,parked,,,
6670.0,2025-12-05T15:10:00+00:00,W2877,wagon,parked,,,
6670.0,2025-12-05T15:10:00+00:00,LOCO_02,locomotive,moving,,,
6692.0,2025-12-05T15:32:00+00:00,LOCO_01,locomotive,moving,,,
6692.0,2025-12-05T15:32:00+00:00,W6884,wagon,moving,,,
6692.0,2025-12-05T15:32:00+00:00,W11596,wagon,moving,,,
6692.0,2025-12-05T15:32:00+00:00,W10957,wagon,moving,,,
6692.0,2025-12-05T15:32:00+00:00,W6303,wagon,moving,,,
6692.0,2025-12-05T15:32:00+00:00,W10958,wagon,moving,,,
6692.0,2025-12-05T15:32:00+00:00,W6277,wagon,moving,,,
6692.0,2025-12-05T15:32:00+00:00,W10928,wagon,moving,,,
6692.0,2025-12-05T15:32:00+00:00,W7175,wagon,moving,,,
6692.0,2025-12-05T15:32:00+00:00,W7265,wagon,moving,,,
6692.0,2025-12-05T15:32:00+00:00,W11947,wagon,moving,,,
6692.0,2025-12-05T15:32:00+00:00,W11959,wagon,moving,,,
6730.0,2025-12-05T16:10:00+00:00,LOCO_02,locomotive,moving,,,
6737.0,2025-12-05T16:17:00+00:00,LOCO_02,locomotive,moving,,,
6737.0,2025-12-05T16:17:00+00:00,W318166502860,wagon,moving,,,
6737.0,2025-12-05T16:17:00+00:00,W3618,wagon,moving,,,
6742.0,2025-12-05T16:22:00+00:00,LOCO_02,locomotive,moving,,,
6747.0,2025-12-05T16:27:00+00:00,LOCO_02,locomotive,moving,,,
6752.0,2025-12-05T16:32:00+00:00,W6884,wagon,queued,,,
6752.0,2025-12-05T16:32:00+00:00,W11596,wagon,queued,,,
6752.0,2025-12-05T16:32:00+00:00,W10957,wagon,queued,,,
6752.0,2025-12-05T16:32:00+00:00,W6303,wagon,queued,,,
6752.0,2025-12-05T16:32:00+00:00,W10958,wagon,queued,,,
6752.0,2025-12-05T16:32:00+00:00,W6277,wagon,queued,,,
6752.0,2025-12-05T16:32:00+00:00,W10928,wagon,queued,,,
6752.0,2025-12-05T16:32:00+00:00,W7175,wagon,queued,,,
6752.0,2025-12-05T16:32:00+00:00,W7265,wagon,queued,,,
6752.0,2025-12-05T16:32:00+00:00,W11947,wagon,queued,,,
6752.0,2025-12-05T16:32:00+00:00,W11959,wagon,queued,,,
6754.0,2025-12-05T16:34:00+00:00,LOCO_02,locomotive,moving,,,
6754.0,2025-12-05T16:34:00+00:00,W7252,wagon,moving,,,
6754.0,2025-12-05T16:34:00+00:00,W6352,wagon,moving,,,
6759.0,2025-12-05T16:39:00+00:00,LOCO_02,locomotive,moving,,,
6766.0,2025-12-05T16:46:00+00:00,LOCO_02,locomotive,moving,,,
6774.0,2025-12-05T16:54:00+00:00,LOCO_02,locomotive,moving,,,
6774.0,2025-12-05T16:54:00+00:00,W8705,wagon,moving,,,
6774.0,2025-12-05T16:54:00+00:00,W9981,wagon,moving,,,
6779.0,2025-12-05T16:59:00+00:00,W8705,wagon,in_workshop,,,
6779.0,2025-12-05T16:59:00+00:00,W9981,wagon,in_workshop,,,
6785.0,2025-12-05T17:05:00+00:00,W8705,wagon,in_workshop,,,
6785.0,2025-12-05T17:05:00+00:00,W9981,wagon,in_workshop,,,
6785.0,2025-12-05T17:05:00+00:00,LOCO_02,locomotive,moving,,,
6792.0,2025-12-05T17:12:00+00:00,LOCO_02,locomotive,moving,,,
6800.0,2025-12-05T17:20:00+00:00,LOCO_02,locomotive,moving,,,
6800.0,2025-12-05T17:20:00+00:00,W6246,wagon,moving,,,
6800.0,2025-12-05T17:20:00+00:00,W5947,wagon,moving,,,
6805.0,2025-12-05T17:25:00+00:00,W6246,wagon,in_workshop,,,
6805.0,2025-12-05T17:25:00+00:00,W5947,wagon,in_workshop,,,
6811.0,2025-12-05T17:31:00+00:00,W6246,wagon,in_workshop,,,
6811.0,2025-12-05T17:31:00+00:00,W5947,wagon,in_workshop,,,
6811.0,2025-12-05T17:31:00+00:00,LOCO_02,locomotive,moving,,,
6812.75,2025-12-05T17:32:45+00:00,W2853,wagon,rejected,T94,,No Retrofit Needed
6815.0,2025-12-05T17:35:00+00:00,LOCO_01,locomotive,moving,,,
6816.0,2025-12-05T17:36:00+00:00,LOCO_02,locomotive,assigned,,,
6816.0,2025-12-05T17:36:00+00:00,LOCO_02,locomotive,moving,,,
6820.0,2025-12-05T17:40:00+00:00,LOCO_01,locomotive,moving,,,
6823.0,2025-12-05T17:43:00+00:00,LOCO_02,locomotive,moving,,,
6829.5,2025-12-05T17:49:30+00:00,W318166502860,wagon,parked,,,
6829.5,2025-12-05T17:49:30+00:00,W3618,wagon,parked,,,
6829.5,2025-12-05T17:49:30+00:00,LOCO_02,locomotive,moving,,,
6834.5,2025-12-05T17:54:30+00:00,LOCO_02,locomotive,moving,,,
6845.0,2025-12-05T18:05:00+00:00,W8705,wagon,retrofitted,,,
6845.0,2025-12-05T18:05:00+00:00,W9981,wagon,retrofitted,,,
6871.0,2025-12-05T18:31:00+00:00,W6246,wagon,retrofitted,,,
6871.0,2025-12-05T18:31:00+00:00,W5947,wagon,retrofitted,,,
6880.0,2025-12-05T18:40:00+00:00,LOCO_01,locomotive,assigned,,,
6883.0,2025-12-05T18:43:00+00:00,LOCO_01,locomotive,moving,,,
6883.0,2025-12-05T18:43:00+00:00,W10886,wagon,moving,,,
6894.5,2025-12-05T18:54:30+00:00,LOCO_02,locomotive,assigned,,,
6909.5,2025-12-05T19:09:30+00:00,LOCO_02,locomotive,moving,,,
6909.5,2025-12-05T19:09:30+00:00,W10522,wagon,moving,,,
6909.5,2025-12-05T19:09:30+00:00,W6231,wagon,moving,,,
6909.5,2025-12-05T19:09:30+00:00,W11482,wagon,moving,,,
6909.5,2025-12-05T19:09:30+00:00,W8671,wagon,moving,,,
6909.5,2025-12-05T19:09:30+00:00,W11252,wagon,moving,,,
6909.5,2025-12-05T19:09:30+00:00,W5452,wagon,moving,,,
6909.5,2025-12-05T19:09:30+00:00,W6800,wagon,moving,,,
6943.0,2025-12-05T19:43:00+00:00,W10886,wagon,queued,,,
6946.0,2025-12-05T19:46:00+00:00,LOCO_01,locomotive,moving,,,
6951.0,2025-12-05T19:51:00+00:00,LOCO_01,locomotive,moving,,,
6958.0,2025-12-05T19:58:00+00:00,LOCO_01,locomotive,moving,,,
6958.0,2025-12-05T19:58:00+00:00,W8705,wagon,moving,,,
6958.0,2025-12-05T19:58:00+00:00,W9981,wagon,moving,,,
6963.0,2025-12-05T20:03:00+00:00,LOCO_01,locomotive,moving,,,
6968.0,2025-12-05T20:08:00+00:00,LOCO_01,locomotive,moving,,,
6969.5,2025-12-05T20:09:30+00:00,W10522,wagon,queued,,,
6969.5,2025-12-05T20:09:30+00:00,W6231,wagon,queued,,,
6969.5,2025-12-05T20:09:30+00:00,W11482,wagon,queued,,,
6969.5,2025-12-05T20:09:30+00:00,W8671,wagon,queued,,,
6969.5,2025-12-05T20:09:30+00:00,W11252,wagon,queued,,,
6969.5,2025-12-05T20:09:30+00:00,W5452,wagon,queued,,,
6969.5,2025-12-05T20:09:30+00:00,W6800,wagon,queued,,,
6975.0,2025-12-05T20:15:00+00:00,LOCO_01,locomotive,moving,,,
6975.0,2025-12-05T20:15:00+00:00,W6246,wagon,moving,,,
6975.0,2025-12-05T20:15:00+00:00,W5947,wagon,moving,,,
6980.0,2025-12-05T20:20:00+00:00,LOCO_01,locomotive,moving,,,
6987.0,2025-12-05T20:27:00+00:00,LOCO_01,locomotive,moving,,,
6995.0,2025-12-05T20:35:00+00:00,LOCO_01,locomotive,moving,,,
6995.0,2025-12-05T20:35:00+00:00,W5711,wagon,moving,,,
6995.0,2025-12-05T20:35:00+00:00,W5127,wagon,moving,,,
7000.0,2025-12-05T20:40:00+00:00,W5711,wagon,in_workshop,,,
7000.0,2025-12-05T20:40:00+00:00,W5127,wagon,in_workshop,,,
7002.0,2025-12-05T20:42:00+00:00,W2652,wagon,arrived,T95,,
7002.0,2025-12-05T20:42:00+00:00,W12385,wagon,arrived,T95,,
7006.0,2025-12-05T20:46:00+00:00,W5711,wagon,in_workshop,,,
7006.0,2025-12-05T20:46:00+00:00,W5127,wagon,in_workshop,,,
7006.0,2025-12-05T20:46:00+00:00,LOCO_01,locomotive,moving,,,
7008.5,2025-12-05T20:48:30+00:00,LOCO_02,locomotive,moving,,,
7013.0,2025-12-05T20:53:00+00:00,LOCO_01,locomotive,moving,,,
7013.5,2025-12-05T20:53:30+00:00,LOCO_02,locomotive,assigned,,,
7013.5,2025-12-05T20:53:30+00:00,LOCO_02,locomotive,moving,,,
7020.5,2025-12-05T21:00:30+00:00,LOCO_02,locomotive,moving,,,
7021.0,2025-12-05T21:01:00+00:00,LOCO_01,locomotive,moving,,,
7021.0,2025-12-05T21:01:00+00:00,W6884,wagon,moving,,,
7021.0,2025-12-05T21:01:00+00:00,W11596,wagon,moving,,,
7026.0,2025-12-05T21:06:00+00:00,W6884,wagon,in_workshop,,,
7026.0,2025-12-05T21:06:00+00:00,W11596,wagon,in_workshop,,,
7032.0,2025-12-05T21:12:00+00:00,W6884,wagon,in_workshop,,,
7032.0,2025-12-05T21:12:00+00:00,W11596,wagon,in_workshop,,,
7032.0,2025-12-05T21:12:00+00:00,LOCO_01,locomotive,moving,,,
7037.0,2025-12-05T21:17:00+00:00,LOCO_01,locomotive,moving,,,
7066.0,2025-12-05T21:46:00+00:00,W5711,wagon,retrofitted,,,
7066.0,2025-12-05T21:46:00+00:00,W5127,wagon,retrofitted,,,
7092.0,2025-12-05T22:12:00+00:00,W6884,wagon,retrofitted,,,
7092.0,2025-12-05T22:12:00+00:00,W11596,wagon,retrofitted,,,
7097.0,2025-12-05T22:17:00+00:00,LOCO_01,locomotive,assigned,,,
7097.0,2025-12-05T22:17:00+00:00,W7252,wagon,parked,,,
7097.0,2025-12-05T22:17:00+00:00,W6352,wagon,parked,,,
7097.0,2025-12-05T22:17:00+00:00,LOCO_02,locomotive,moving,,,
7100.0,2025-12-05T22:20:00+00:00,LOCO_01,locomotive,moving,,,
7100.0,2025-12-05T22:20:00+00:00,W10081,wagon,moving,,,
7157.0,2025-12-05T23:17:00+00:00,LOCO_02,locomotive,moving,,,
7160.0,2025-12-05T23:20:00+00:00,W10081,wagon,queued,,,
7163.0,2025-12-05T23:23:00+00:00,LOCO_01,locomotive,moving,,,
7164.0,2025-12-05T23:24:00+00:00,LOCO_02,locomotive,moving,,,
7164.0,2025-12-05T23:24:00+00:00,W5711,wagon,moving,,,
7164.0,2025-12-05T23:24:00+00:00,W5127,wagon,moving,,,
7167.5,2025-12-05T23:27:30+00:00,W11254,wagon,rejected,T96,,No Retrofit Needed
7167.5,2025-12-05T23:27:30+00:00,W10889,wagon,rejected,T96,,No Retrofit Needed
7167.5,2025-12-05T23:27:30+00:00,W3562,wagon,rejected,T96,,NO_COLLECTION_TRACK
7167.5,2025-12-05T23:27:30+00:00,W11539,wagon,arrived,T96,,
7167.5,2025-12-05T23:27:30+00:00,W4532,wagon,arrived,T96,,
7167.5,2025-12-05T23:27:30+00:00,W8676,wagon,arrived,T96,,
7167.5,2025-12-05T23:27:30+00:00,W4478,wagon,arrived,T96,,
7167.5,2025-12-05T23:27:30+00:00,W5845,wagon,arrived,T96,,
7167.5,2025-12-05T23:27:30+00:00,W5248,wagon,arrived,T96,,
7167.5,2025-12-05T23:27:30+00:00,W4915,wagon,arrived,T96,,
7168.0,2025-12-05T23:28:00+00:00,LOCO_01,locomotive,moving,,,
7169.0,2025-12-05T23:29:00+00:00,LOCO_02,locomotive,moving,,,
7174.0,2025-12-05T23:34:00+00:00,LOCO_02,locomotive,assigned,,,
7174.0,2025-12-05T23:34:00+00:00,LOCO_02,locomotive,moving,,,
7175.0,2025-12-05T23:35:00+00:00,LOCO_01,locomotive,moving,,,
7175.0,2025-12-05T23:35:00+00:00,W6884,wagon,moving,,,
7175.0,2025-12-05T23:35:00+00:00,W11596,wagon,moving,,,
7180.0,2025-12-05T23:40:00+00:00,LOCO_01,locomotive,moving,,,
7182.0,2025-12-05T23:42:00+00:00,LOCO_02,locomotive,moving,,,
7187.0,2025-12-05T23:47:00+00:00,LOCO_01,locomotive,moving,,,
7195.0,2025-12-05T23:55:00+00:00,LOCO_01,locomotive,moving,,,
7195.0,2025-12-05T23:55:00+00:00,W10957,wagon,moving,,,
7195.0,2025-12-05T23:55:00+00:00,W6303,wagon,moving,,,
7195.25,2025-12-05T23:55:15+00:00,W12195,wagon,rejected,T97,,NO_COLLECTION_TRACK
7195.25,2025-12-05T23:55:15+00:00,W0883,wagon,rejected,T97,,NO_COLLECTION_TRACK
7195.25,2025-12-05T23:55:15+00:00,W10330,wagon,rejected,T97,,NO_COLLECTION_TRACK
7195.25,2025-12-05T23:55:15+00:00,W5036,wagon,rejected,T97,,NO_COLLECTION_TRACK
7195.25,2025-12-05T23:55:15+00:00,W0665,wagon,rejected,T97,,NO_COLLECTION_TRACK
7195.25,2025-12-05T23:55:15+00:00,W5519,wagon,rejected,T97,,NO_COLLECTION_TRACK
7200.0,2025-12-06T00:00:00+00:00,W10957,wagon,in_workshop,,,
7200.0,2025-12-06T00:00:00+00:00,W6303,wagon,in_workshop,,,
7206.0,2025-12-06T00:06:00+00:00,W10957,wagon,in_workshop,,,
7206.0,2025-12-06T00:06:00+00:00,W6303,wagon,in_workshop,,,
7206.0,2025-12-06T00:06:00+00:00,LOCO_01,locomotive,moving,,,
7213.0,2025-12-06T00:13:00+00:00,LOCO_01,locomotive,moving,,,
7221.0,2025-12-06T00:21:00+00:00,LOCO_01,locomotive,moving,,,
7221.0,2025-12-06T00:21:00+00:00,W10958,wagon,moving,,,
7221.0,2025-12-06T00:21:00+00:00,W6277,wagon,moving,,,
7226.0,2025-12-06T00:26:00+00:00,W10958,wagon,in_workshop,,,
7226.0,2025-12-06T00:26:00+00:00,W6277,wagon,in_workshop,,,
7232.0,2025-12-06T00:32:00+00:00,W10958,wagon,in_workshop,,,
7232.0,2025-12-06T00:32:00+00:00,W6277,wagon,in_workshop,,,
7232.0,2025-12-06T00:32:00+00:00,LOCO_01,locomotive,moving,,,
7237.0,2025-12-06T00:37:00+00:00,LOCO_01,locomotive,moving,,,
7245.5,2025-12-06T00:45:30+00:00,W8705,wagon,parked,,,
7245.5,2025-12-06T00:45:30+00:00,W9981,wagon,parked,,,
7245.5,2025-12-06T00:45:30+00:00,W6246,wagon,parked,,,
7245.5,2025-12-06T00:45:30+00:00,W5947,wagon,parked,,,
7245.5,2025-12-06T00:45:30+00:00,LOCO_02,locomotive,moving,,,
7254.5,2025-12-06T00:54:30+00:00,W4701,wagon,rejected,T98,,No Retrofit Needed
7254.5,2025-12-06T00:54:30+00:00,W4726,wagon,rejected,T98,,No Retrofit Needed
7254.5,2025-12-06T00:54:30+00:00,W4754,wagon,rejected,T98,,No Retrofit Needed
7266.0,2025-12-06T01:06:00+00:00,W10957,wagon,retrofitted,,,
7266.0,2025-12-06T01:06:00+00:00,W6303,wagon,retrofitted,,,
7273.75,2025-12-06T01:13:45+00:00,W11482,wagon,rejected,T99,,No Retrofit Needed
7292.0,2025-12-06T01:32:00+00:00,W10958,wagon,retrofitted,,,
7292.0,2025-12-06T01:32:00+00:00,W6277,wagon,retrofitted,,,
7297.0,2025-12-06T01:37:00+00:00,LOCO_01,locomotive,assigned,,,
7300.0,2025-12-06T01:40:00+00:00,LOCO_01,locomotive,moving,,,
7300.0,2025-12-06T01:40:00+00:00,W8380,wagon,moving,,,
7305.5,2025-12-06T01:45:30+00:00,LOCO_02,locomotive,moving,,,
7312.5,2025-12-06T01:52:30+00:00,LOCO_02,locomotive,moving,,,
7312.5,2025-12-06T01:52:30+00:00,W10957,wagon,moving,,,
7312.5,2025-12-06T01:52:30+00:00,W6303,wagon,moving,,,
7317.5,2025-12-06T01:57:30+00:00,LOCO_02,locomotive,moving,,,
7322.5,2025-12-06T02:02:30+00:00,LOCO_02,locomotive,moving,,,
7329.5,2025-12-06T02:09:30+00:00,LOCO_02,locomotive,moving,,,
7329.5,2025-12-06T02:09:30+00:00,W10958,wagon,moving,,,
7329.5,2025-12-06T02:09:30+00:00,W6277,wagon,moving,,,
7334.5,2025-12-06T02:14:30+00:00,LOCO_02,locomotive,moving,,,
7341.5,2025-12-06T02:21:30+00:00,LOCO_02,locomotive,moving,,,
7349.5,2025-12-06T02:29:30+00:00,LOCO_02,locomotive,moving,,,
7349.5,2025-12-06T02:29:30+00:00,W10928,wagon,moving,,,
7349.5,2025-12-06T02:29:30+00:00,W7175,wagon,moving,,,
7354.5,2025-12-06T02:34:30+00:00,W10928,wagon,in_workshop,,,
7354.5,2025-12-06T02:34:30+00:00,W7175,wagon,in_workshop,,,
7360.0,2025-12-06T02:40:00+00:00,W8380,wagon,queued,,,
7360.25,2025-12-06T02:40:15+00:00,W2831,wagon,rejected,T100,,NO_COLLECTION_TRACK
7360.25,2025-12-06T02:40:15+00:00,W11999,wagon,rejected,T100,,NO_COLLECTION_TRACK
7360.25,2025-12-06T02:40:15+00:00,W12400,wagon,rejected,T100,,NO_COLLECTION_TRACK
7360.25,2025-12-06T02:40:15+00:00,W0881,wagon,arrived,T100,,
7360.5,2025-12-06T02:40:30+00:00,W10928,wagon,in_workshop,,,
7360.5,2025-12-06T02:40:30+00:00,W7175,wagon,in_workshop,,,
7360.5,2025-12-06T02:40:30+00:00,LOCO_02,locomotive,moving,,,
7363.0,2025-12-06T02:43:00+00:00,LOCO_01,locomotive,moving,,,
7367.5,2025-12-06T02:47:30+00:00,LOCO_02,locomotive,moving,,,
7368.0,2025-12-06T02:48:00+00:00,LOCO_01,locomotive,assigned,,,
7368.0,2025-12-06T02:48:00+00:00,LOCO_01,locomotive,moving,,,
7375.25,2025-12-06T02:55:15+00:00,W0282,wagon,arrived,T101,,
7375.25,2025-12-06T02:55:15+00:00,W2701,wagon,arrived,T101,,
7375.5,2025-12-06T02:55:30+00:00,LOCO_02,locomotive,moving,,,
7375.5,2025-12-06T02:55:30+00:00,W7265,wagon,moving,,,
7375.5,2025-12-06T02:55:30+00:00,W11947,wagon,moving,,,
7376.0,2025-12-06T02:56:00+00:00,LOCO_01,locomotive,moving,,,
7380.5,2025-12-06T03:00:30+00:00,W7265,wagon,in_workshop,,,
7380.5,2025-12-06T03:00:30+00:00,W11947,wagon,in_workshop,,,
7386.5,2025-12-06T03:06:30+00:00,W7265,wagon,in_workshop,,,
7386.5,2025-12-06T03:06:30+00:00,W11947,wagon,in_workshop,,,
7386.5,2025-12-06T03:06:30+00:00,LOCO_02,locomotive,moving,,,
7391.5,2025-12-06T03:11:30+00:00,LOCO_02,locomotive,moving,,,
7420.5,2025-12-06T03:40:30+00:00,W10928,wagon,retrofitted,,,
7420.5,2025-12-06T03:40:30+00:00,W7175,wagon,retrofitted,,,
7446.5,2025-12-06T04:06:30+00:00,W7265,wagon,retrofitted,,,
7446.5,2025-12-06T04:06:30+00:00,W11947,wagon,retrofitted,,,
7451.5,2025-12-06T04:11:30+00:00,LOCO_02,locomotive,assigned,,,
7454.5,2025-12-06T04:14:30+00:00,LOCO_02,locomotive,moving,,,
7454.5,2025-12-06T04:14:30+00:00,W0032,wagon,moving,,,
7454.5,2025-12-06T04:14:30+00:00,W5711,wagon,parked,,,
7454.5,2025-12-06T04:14:30+00:00,W5127,wagon,parked,,,
7454.5,2025-12-06T04:14:30+00:00,W6884,wagon,parked,,,
7454.5,2025-12-06T04:14:30+00:00,W11596,wagon,parked,,,
7454.5,2025-12-06T04:14:30+00:00,LOCO_01,locomotive,moving,,,
7514.5,2025-12-06T05:14:30+00:00,W0032,wagon,queued,,,
7514.5,2025-12-06T05:14:30+00:00,LOCO_01,locomotive,moving,,,
7517.5,2025-12-06T05:17:30+00:00,LOCO_02,locomotive,moving,,,
7521.5,2025-12-06T05:21:30+00:00,LOCO_01,locomotive,moving,,,
7521.5,2025-12-06T05:21:30+00:00,W10928,wagon,moving,,,
7521.5,2025-12-06T05:21:30+00:00,W7175,wagon,moving,,,
7522.5,2025-12-06T05:22:30+00:00,LOCO_02,locomotive,moving,,,
7526.5,2025-12-06T05:26:30+00:00,LOCO_01,locomotive,moving,,,
7529.5,2025-12-06T05:29:30+00:00,LOCO_02,locomotive,moving,,,
7529.5,2025-12-06T05:29:30+00:00,W7265,wagon,moving,,,
7529.5,2025-12-06T05:29:30+00:00,W11947,wagon,moving,,,
7531.5,2025-12-06T05:31:30+00:00,LOCO_01,locomotive,assigned,,,
7531.5,2025-12-06T05:31:30+00:00,LOCO_01,locomotive,moving,,,
7534.5,2025-12-06T05:34:30+00:00,LOCO_02,locomotive,moving,,,
7539.5,2025-12-06T05:39:30+00:00,LOCO_01,locomotive,moving,,,
7541.5,2025-12-06T05:41:30+00:00,LOCO_02,locomotive,moving,,,
7549.5,2025-12-06T05:49:30+00:00,LOCO_02,locomotive,moving,,,
7549.5,2025-12-06T05:49:30+00:00,W11959,wagon,moving,,,
7549.5,2025-12-06T05:49:30+00:00,W10886,wagon,moving,,,
7554.5,2025-12-06T05:54:30+00:00,W11959,wagon,in_workshop,,,
7554.5,2025-12-06T05:54:30+00:00,W10886,wagon,in_workshop,,,
7560.5,2025-12-06T06:00:30+00:00,W11959,wagon,in_workshop,,,
7560.5,2025-12-06T06:00:30+00:00,W10886,wagon,in_workshop,,,
7560.5,2025-12-06T06:00:30+00:00,LOCO_02,locomotive,moving,,,
7567.5,2025-12-06T06:07:30+00:00,LOCO_02,locomotive,moving,,,
7575.5,2025-12-06T06:15:30+00:00,LOCO_02,locomotive,moving,,,
7575.5,2025-12-06T06:15:30+00:00,W10522,wagon,moving,,,
7575.5,2025-12-06T06:15:30+00:00,W6231,wagon,moving,,,
7580.5,2025-12-06T06:20:30+00:00,W10522,wagon,in_workshop,,,
7580.5,2025-12-06T06:20:30+00:00,W6231,wagon,in_workshop,,,
7586.5,2025-12-06T06:26:30+00:00,W10522,wagon,in_workshop,,,
7586.5,2025-12-06T06:26:30+00:00,W6231,wagon,in_workshop,,,
7586.5,2025-12-06T06:26:30+00:00,LOCO_02,locomotive,moving,,,
7591.5,2025-12-06T06:31:30+00:00,LOCO_02,locomotive,moving,,,
7618.0,2025-12-06T06:58:00+00:00,W10957,wagon,parked,,,
7618.0,2025-12-06T06:58:00+00:00,W6303,wagon,parked,,,
7618.0,2025-12-06T06:58:00+00:00,W10958,wagon,parked,,,
7618.0,2025-12-06T06:58:00+00:00,W6277,wagon,parked,,,
7618.0,2025-12-06T06:58:00+00:00,LOCO_01,locomotive,moving,,,
7620.5,2025-12-06T07:00:30+00:00,W11959,wagon,retrofitted,,,
7620.5,2025-12-06T07:00:30+00:00,W10886,wagon,retrofitted,,,
7646.5,2025-12-06T07:26:30+00:00,W10522,wagon,retrofitted,,,
7646.5,2025-12-06T07:26:30+00:00,W6231,wagon,retrofitted,,,
7651.5,2025-12-06T07:31:30+00:00,LOCO_02,locomotive,assigned,,,
7664.5,2025-12-06T07:44:30+00:00,LOCO_02,locomotive,moving,,,
7664.5,2025-12-06T07:44:30+00:00,W9440,wagon,moving,,,
7664.5,2025-12-06T07:44:30+00:00,W9489,wagon,moving,,,
7664.5,2025-12-06T07:44:30+00:00,W2712,wagon,moving,,,
7664.5,2025-12-06T07:44:30+00:00,W2050,wagon,moving,,,
7664.5,2025-12-06T07:44:30+00:00,W2386,wagon,moving,,,
7664.5,2025-12-06T07:44:30+00:00,W10254,wagon,moving,,,
7678.0,2025-12-06T07:58:00+00:00,LOCO_01,locomotive,moving,,,
7685.0,2025-12-06T08:05:00+00:00,LOCO_01,locomotive,moving,,,
7685.0,2025-12-06T08:05:00+00:00,W11959,wagon,moving,,,
7685.0,2025-12-06T08:05:00+00:00,W10886,wagon,moving,,,
7690.0,2025-12-06T08:10:00+00:00,LOCO_01,locomotive,moving,,,
7695.0,2025-12-06T08:15:00+00:00,LOCO_01,locomotive,moving,,,
7702.0,2025-12-06T08:22:00+00:00,LOCO_01,locomotive,moving,,,
7702.0,2025-12-06T08:22:00+00:00,W10522,wagon,moving,,,
7702.0,2025-12-06T08:22:00+00:00,W6231,wagon,moving,,,
7707.0,2025-12-06T08:27:00+00:00,LOCO_01,locomotive,moving,,,
7714.0,2025-12-06T08:34:00+00:00,LOCO_01,locomotive,moving,,,
7722.0,2025-12-06T08:42:00+00:00,LOCO_01,locomotive,moving,,,
7722.0,2025-12-06T08:42:00+00:00,W11482,wagon,moving,,,
7722.0,2025-12-06T08:42:00+00:00,W8671,wagon,moving,,,
7724.5,2025-12-06T08:44:30+00:00,W9440,wagon,queued,,,
7724.5,2025-12-06T08:44:30+00:00,W9489,wagon,queued,,,
7724.5,2025-12-06T08:44:30+00:00,W2712,wagon,queued,,,
7724.5,2025-12-06T08:44:30+00:00,W2050,wagon,queued,,,
7724.5,2025-12-06T08:44:30+00:00,W2386,wagon,queued,,,
7724.5,2025-12-06T08:44:30+00:00,W10254,wagon,queued,,,
7727.0,2025-12-06T08:47:00+00:00,W11482,wagon,in_workshop,,,
7727.0,2025-12-06T08:47:00+00:00,W8671,wagon,in_workshop,,,
7733.0,2025-12-06T08:53:00+00:00,W11482,wagon,in_workshop,,,
7733.0,2025-12-06T08:53:00+00:00,W8671,wagon,in_workshop,,,
7733.0,2025-12-06T08:53:00+00:00,LOCO_01,locomotive,moving,,,
7740.0,2025-12-06T09:00:00+00:00,LOCO_01,locomotive,moving,,,
7748.0,2025-12-06T09:08:00+00:00,LOCO_01,locomotive,moving,,,
7748.0,2025-12-06T09:08:00+00:00,W11252,wagon,moving,,,
7748.0,2025-12-06T09:08:00+00:00,W5452,wagon,moving,,,
7753.0,2025-12-06T09:13:00+00:00,W11252,wagon,in_workshop,,,
7753.0,2025-12-06T09:13:00+00:00,W5452,wagon,in_workshop,,,
7757.5,2025-12-06T09:17:30+00:00,LOCO_02,locomotive,moving,,,
7759.0,2025-12-06T09:19:00+00:00,W11252,wagon,in_workshop,,,
7759.0,2025-12-06T09:19:00+00:00,W5452,wagon,in_workshop,,,
7759.0,2025-12-06T09:19:00+00:00,LOCO_01,locomotive,moving,,,
7762.5,2025-12-06T09:22:30+00:00,LOCO_02,locomotive,assigned,,,
7762.5,2025-12-06T09:22:30+00:00,LOCO_02,locomotive,moving,,,
7764.0,2025-12-06T09:24:00+00:00,LOCO_01,locomotive,moving,,,
7770.5,2025-12-06T09:30:30+00:00,LOCO_02,locomotive,moving,,,
7793.0,2025-12-06T09:53:00+00:00,W11482,wagon,retrofitted,,,
7793.0,2025-12-06T09:53:00+00:00,W8671,wagon,retrofitted,,,
7819.0,2025-12-06T10:19:00+00:00,W11252,wagon,retrofitted,,,
7819.0,2025-12-06T10:19:00+00:00,W5452,wagon,retrofitted,,,
7824.0,2025-12-06T10:24:00+00:00,LOCO_01,locomotive,assigned,,,
7827.0,2025-12-06T10:27:00+00:00,LOCO_01,locomotive,moving,,,
7827.0,2025-12-06T10:27:00+00:00,W6592,wagon,moving,,,
7849.0,2025-12-06T10:49:00+00:00,W10928,wagon,parked,,,
7849.0,2025-12-06T10:49:00+00:00,W7175,wagon,parked,,,
7849.0,2025-12-06T10:49:00+00:00,W7265,wagon,parked,,,
7849.0,2025-12-06T10:49:00+00:00,W11947,wagon,parked,,,
7849.0,2025-12-06T10:49:00+00:00,LOCO_02,locomotive,moving,,,
7881.5,2025-12-06T11:21:30+00:00,W8570,wagon,arrived,T102,,
7881.5,2025-12-06T11:21:30+00:00,W9355,wagon,arrived,T102,,
7881.5,2025-12-06T11:21:30+00:00,W8578,wagon,arrived,T102,,
7881.5,2025-12-06T11:21:30+00:00,W0948,wagon,arrived,T102,,
7881.5,2025-12-06T11:21:30+00:00,W9358,wagon,arrived,T102,,
7887.0,2025-12-06T11:27:00+00:00,W6592,wagon,queued,,,
7890.0,2025-12-06T11:30:00+00:00,LOCO_01,locomotive,moving,,,
7895.0,2025-12-06T11:35:00+00:00,LOCO_01,locomotive,moving,,,
7902.0,2025-12-06T11:42:00+00:00,LOCO_01,locomotive,moving,,,
7902.0,2025-12-06T11:42:00+00:00,W11482,wagon,moving,,,
7902.0,2025-12-06T11:42:00+00:00,W8671,wagon,moving,,,
7907.0,2025-12-06T11:47:00+00:00,LOCO_01,locomotive,moving,,,
7909.0,2025-12-06T11:49:00+00:00,LOCO_02,locomotive,moving,,,
7912.0,2025-12-06T11:52:00+00:00,LOCO_01,locomotive,assigned,,,
7912.0,2025-12-06T11:52:00+00:00,LOCO_01,locomotive,moving,,,
7916.0,2025-12-06T11:56:00+00:00,LOCO_02,locomotive,moving,,,
7916.0,2025-12-06T11:56:00+00:00,W11252,wagon,moving,,,
7916.0,2025-12-06T11:56:00+00:00,W5452,wagon,moving,,,
7921.0,2025-12-06T12:01:00+00:00,LOCO_01,locomotive,moving,,,
7921.0,2025-12-06T12:01:00+00:00,LOCO_02,locomotive,moving,,,
7926.0,2025-12-06T12:06:00+00:00,W8527,wagon,rejected,T103,,No Retrofit Needed
7926.0,2025-12-06T12:06:00+00:00,W0680,wagon,arrived,T103,,
7926.0,2025-12-06T12:06:00+00:00,W11195,wagon,arrived,T103,,
7927.75,2025-12-06T12:07:45+00:00,W2112,wagon,rejected,T104,,No Retrofit Needed
7927.75,2025-12-06T12:07:45+00:00,W0367,wagon,arrived,T104,,
7927.75,2025-12-06T12:07:45+00:00,W0411,wagon,arrived,T104,,
7927.75,2025-12-06T12:07:45+00:00,W4337,wagon,arrived,T104,,
7927.75,2025-12-06T12:07:45+00:00,W2166,wagon,arrived,T104,,
7928.0,2025-12-06T12:08:00+00:00,LOCO_02,locomotive,moving,,,
7936.0,2025-12-06T12:16:00+00:00,LOCO_02,locomotive,moving,,,
7936.0,2025-12-06T12:16:00+00:00,W6800,wagon,moving,,,
7936.0,2025-12-06T12:16:00+00:00,W10081,wagon,moving,,,
7941.0,2025-12-06T12:21:00+00:00,W6800,wagon,in_workshop,,,
7941.0,2025-12-06T12:21:00+00:00,W10081,wagon,in_workshop,,,
7947.0,2025-12-06T12:27:00+00:00,W6800,wagon,in_workshop,,,
7947.0,2025-12-06T12:27:00+00:00,W10081,wagon,in_workshop,,,
7947.0,2025-12-06T12:27:00+00:00,LOCO_02,locomotive,moving,,,
7954.0,2025-12-06T12:34:00+00:00,LOCO_02,locomotive,moving,,,
7962.0,2025-12-06T12:42:00+00:00,LOCO_02,locomotive,moving,,,
7962.0,2025-12-06T12:42:00+00:00,W8380,wagon,moving,,,
7962.0,2025-12-06T12:42:00+00:00,W0032,wagon,moving,,,
7967.0,2025-12-06T12:47:00+00:00,W8380,wagon,in_workshop,,,
7967.0,2025-12-06T12:47:00+00:00,W0032,wagon,in_workshop,,,
7973.0,2025-12-06T12:53:00+00:00,W8380,wagon,in_workshop,,,
7973.0,2025-12-06T12:53:00+00:00,W0032,wagon,in_workshop,,,
7973.0,2025-12-06T12:53:00+00:00,LOCO_02,locomotive,moving,,,
7978.0,2025-12-06T12:58:00+00:00,LOCO_02,locomotive,moving,,,
7982.75,2025-12-06T13:02:45+00:00,W11539,wagon,rejected,T105,,No Retrofit Needed
8007.0,2025-12-06T13:27:00+00:00,W6800,wagon,retrofitted,,,
8007.0,2025-12-06T13:27:00+00:00,W10081,wagon,retrofitted,,,
8033.0,2025-12-06T13:53:00+00:00,W8380,wagon,retrofitted,,,
8033.0,2025-12-06T13:53:00+00:00,W0032,wagon,retrofitted,,,
8038.0,2025-12-06T13:58:00+00:00,LOCO_02,locomotive,assigned,,,
8046.5,2025-12-06T14:06:30+00:00,W11959,wagon,parked,,,
8046.5,2025-12-06T14:06:30+00:00,W10886,wagon,parked,,,
8046.5,2025-12-06T14:06:30+00:00,W10522,wagon,parked,,,
8046.5,2025-12-06T14:06:30+00:00,W6231,wagon,parked,,,
8046.5,2025-12-06T14:06:30+00:00,W11482,wagon,parked,,,
8046.5,2025-12-06T14:06:30+00:00,W8671,wagon,parked,,,
8046.5,2025-12-06T14:06:30+00:00,LOCO_01,locomotive,moving,,,
8051.0,2025-12-06T14:11:00+00:00,LOCO_02,locomotive,moving,,,
8051.0,2025-12-06T14:11:00+00:00,W12057,wagon,moving,,,
8051.0,2025-12-06T14:11:00+00:00,W2136,wagon,moving,,,
8051.0,2025-12-06T14:11:00+00:00,W5282,wagon,moving,,,
8051.0,2025-12-06T14:11:00+00:00,W9940,wagon,moving,,,
8051.0,2025-12-06T14:11:00+00:00,W9081,wagon,moving,,,
8051.0,2025-12-06T14:11:00+00:00,W2652,wagon,moving,,,
8067.0,2025-12-06T14:27:00+00:00,W11320,wagon,rejected,T106,,No Retrofit Needed
8067.0,2025-12-06T14:27:00+00:00,W11847,wagon,rejected,T106,,NO_COLLECTION_TRACK
8067.0,2025-12-06T14:27:00+00:00,W11884,wagon,rejected,T106,,NO_COLLECTION_TRACK
8067.0,2025-12-06T14:27:00+00:00,W2135,wagon,rejected,T106,,NO_COLLECTION_TRACK
8067.0,2025-12-06T14:27:00+00:00,W9420,wagon,rejected,T106,,NO_COLLECTION_TRACK
8067.0,2025-12-06T14:27:00+00:00,W9744,wagon,rejected,T106,,NO_COLLECTION_TRACK
8067.0,2025-12-06T14:27:00+00:00,W10936,wagon,rejected,T106,,NO_COLLECTION_TRACK
8067.0,2025-12-06T14:27:00+00:00,W2184,wagon,rejected,T106,,NO_COLLECTION_TRACK
8067.0,2025-12-06T14:27:00+00:00,W2839,wagon,rejected,T106,,NO_COLLECTION_TRACK
8087.75,2025-12-06T14:47:45+00:00,W11482,wagon,rejected,T107,,No Retrofit Needed
8087.75,2025-12-06T14:47:45+00:00,W9733,wagon,rejected,T107,,NO_COLLECTION_TRACK
8087.75,2025-12-06T14:47:45+00:00,W10993,wagon,rejected,T107,,NO_COLLECTION_TRACK
8106.5,2025-12-06T15:06:30+00:00,LOCO_01,locomotive,moving,,,
8111.0,2025-12-06T15:11:00+00:00,W12057,wagon,queued,,,
8111.0,2025-12-06T15:11:00+00:00,W2136,wagon,queued,,,
8111.0,2025-12-06T15:11:00+00:00,W5282,wagon,queued,,,
8111.0,2025-12-06T15:11:00+00:00,W9940,wagon,queued,,,
8111.0,2025-12-06T15:11:00+00:00,W9081,wagon,queued,,,
8111.0,2025-12-06T15:11:00+00:00,W2652,wagon,queued,,,
8113.5,2025-12-06T15:13:30+00:00,LOCO_01,locomotive,moving,,,
8113.5,2025-12-06T15:13:30+00:00,W6800,wagon,moving,,,
8113.5,2025-12-06T15:13:30+00:00,W10081,wagon,moving,,,
8114.75,2025-12-06T15:14:45+00:00,W4726,wagon,rejected,T108,,No Retrofit Needed
8114.75,2025-12-06T15:14:45+00:00,W4754,wagon,rejected,T108,,No Retrofit Needed
8114.75,2025-12-06T15:14:45+00:00,W4701,wagon,rejected,T108,,No Retrofit Needed
8118.5,2025-12-06T15:18:30+00:00,LOCO_01,locomotive,moving,,,
8123.5,2025-12-06T15:23:30+00:00,LOCO_01,locomotive,moving,,,
8130.5,2025-12-06T15:30:30+00:00,LOCO_01,locomotive,moving,,,
8130.5,2025-12-06T15:30:30+00:00,W8380,wagon,moving,,,
8130.5,2025-12-06T15:30:30+00:00,W0032,wagon,moving,,,
8135.5,2025-12-06T15:35:30+00:00,LOCO_01,locomotive,moving,,,
8142.5,2025-12-06T15:42:30+00:00,LOCO_01,locomotive,moving,,,
8144.0,2025-12-06T15:44:00+00:00,LOCO_02,locomotive,moving,,,
8150.5,2025-12-06T15:50:30+00:00,LOCO_01,locomotive,moving,,,
8150.5,2025-12-06T15:50:30+00:00,W9440,wagon,moving,,,
8150.5,2025-12-06T15:50:30+00:00,W9489,wagon,moving,,,
8151.0,2025-12-06T15:51:00+00:00,LOCO_02,locomotive,moving,,,
8155.5,2025-12-06T15:55:30+00:00,W9440,wagon,in_workshop,,,
8155.5,2025-12-06T15:55:30+00:00,W9489,wagon,in_workshop,,,
8159.0,2025-12-06T15:59:00+00:00,LOCO_02,locomotive,moving,,,
8159.0,2025-12-06T15:59:00+00:00,W2712,wagon,moving,,,
8159.0,2025-12-06T15:59:00+00:00,W2050,wagon,moving,,,
8161.5,2025-12-06T16:01:30+00:00,W9440,wagon,in_workshop,,,
8161.5,2025-12-06T16:01:30+00:00,W9489,wagon,in_workshop,,,
8161.5,2025-12-06T16:01:30+00:00,LOCO_01,locomotive,moving,,,
8164.0,2025-12-06T16:04:00+00:00,W2712,wagon,in_workshop,,,
8164.0,2025-12-06T16:04:00+00:00,W2050,wagon,in_workshop,,,
8166.5,2025-12-06T16:06:30+00:00,LOCO_01,locomotive,assigned,,,
8166.5,2025-12-06T16:06:30+00:00,LOCO_01,locomotive,moving,,,
8170.0,2025-12-06T16:10:00+00:00,W2712,wagon,in_workshop,,,
8170.0,2025-12-06T16:10:00+00:00,W2050,wagon,in_workshop,,,
8170.0,2025-12-06T16:10:00+00:00,LOCO_02,locomotive,moving,,,
8173.5,2025-12-06T16:13:30+00:00,LOCO_01,locomotive,moving,,,
8175.0,2025-12-06T16:15:00+00:00,LOCO_02,locomotive,moving,,,
8180.0,2025-12-06T16:20:00+00:00,W11252,wagon,parked,,,
8180.0,2025-12-06T16:20:00+00:00,W5452,wagon,parked,,,
8180.0,2025-12-06T16:20:00+00:00,LOCO_01,locomotive,moving,,,
8185.0,2025-12-06T16:25:00+00:00,LOCO_01,locomotive,moving,,,
8221.5,2025-12-06T17:01:30+00:00,W9440,wagon,retrofitted,,,
8221.5,2025-12-06T17:01:30+00:00,W9489,wagon,retrofitted,,,
8230.0,2025-12-06T17:10:00+00:00,W2712,wagon,retrofitted,,,
8230.0,2025-12-06T17:10:00+00:00,W2050,wagon,retrofitted,,,
8235.0,2025-12-06T17:15:00+00:00,LOCO_02,locomotive,assigned,,,
8238.0,2025-12-06T17:18:00+00:00,LOCO_02,locomotive,moving,,,
8238.0,2025-12-06T17:18:00+00:00,W8383,wagon,moving,,,
8245.0,2025-12-06T17:25:00+00:00,LOCO_01,locomotive,assigned,,,
8246.5,2025-12-06T17:26:30+00:00,W11510,wagon,rejected,T109,,NO_COLLECTION_TRACK
8246.5,2025-12-06T17:26:30+00:00,W3210,wagon,rejected,T109,,NO_COLLECTION_TRACK
8246.5,2025-12-06T17:26:30+00:00,W4457,wagon,arrived,T109,,
8246.5,2025-12-06T17:26:30+00:00,W5612,wagon,arrived,T109,,
8246.5,2025-12-06T17:26:30+00:00,W0928,wagon,arrived,T109,,
8246.5,2025-12-06T17:26:30+00:00,W12177,wagon,arrived,T109,,
8246.5,2025-12-06T17:26:30+00:00,W0888,wagon,arrived,T109,,
8256.0,2025-12-06T17:36:00+00:00,LOCO_01,locomotive,moving,,,
8256.0,2025-12-06T17:36:00+00:00,W12385,wagon,moving,,,
8256.0,2025-12-06T17:36:00+00:00,W11539,wagon,moving,,,
8256.0,2025-12-06T17:36:00+00:00,W4532,wagon,moving,,,
8256.0,2025-12-06T17:36:00+00:00,W8676,wagon,moving,,,
8256.0,2025-12-06T17:36:00+00:00,W4478,wagon,moving,,,
8270.25,2025-12-06T17:50:15+00:00,W12260,wagon,rejected,T110,,No Retrofit Needed
8270.25,2025-12-06T17:50:15+00:00,W0709,wagon,rejected,T110,,NO_COLLECTION_TRACK
8275.25,2025-12-06T17:55:15+00:00,W6823,wagon,rejected,T111,,NO_COLLECTION_TRACK
8275.25,2025-12-06T17:55:15+00:00,W6640,wagon,rejected,T111,,NO_COLLECTION_TRACK
8275.25,2025-12-06T17:55:15+00:00,W5646,wagon,rejected,T111,,NO_COLLECTION_TRACK
8275.25,2025-12-06T17:55:15+00:00,W6681,wagon,rejected,T111,,NO_COLLECTION_TRACK
8275.25,2025-12-06T17:55:15+00:00,W6467,wagon,rejected,T111,,NO_COLLECTION_TRACK
8298.0,2025-12-06T18:18:00+00:00,W8383,wagon,queued,,,
8301.0,2025-12-06T18:21:00+00:00,LOCO_02,locomotive,moving,,,
8306.0,2025-12-06T18:26:00+00:00,LOCO_02,locomotive,moving,,,
8313.0,2025-12-06T18:33:00+00:00,LOCO_02,locomotive,moving,,,
8313.0,2025-12-06T18:33:00+00:00,W9440,wagon,moving,,,
8313.0,2025-12-06T18:33:00+00:00,W9489,wagon,moving,,,
8316.0,2025-12-06T18:36:00+00:00,W12385,wagon,queued,,,
8316.0,2025-12-06T18:36:00+00:00,W11539,wagon,queued,,,
8316.0,2025-12-06T18:36:00+00:00,W4532,wagon,queued,,,
8316.0,2025-12-06T18:36:00+00:00,W8676,wagon,queued,,,
8316.0,2025-12-06T18:36:00+00:00,W4478,wagon,queued,,,
8318.0,2025-12-06T18:38:00+00:00,LOCO_02,locomotive,moving,,,
8323.0,2025-12-06T18:43:00+00:00,LOCO_02,locomotive,moving,,,
8329.0,2025-12-06T18:49:00+00:00,W11050,wagon,arrived,T112,,
8329.0,2025-12-06T18:49:00+00:00,W12319,wagon,arrived,T112,,
8330.0,2025-12-06T18:50:00+00:00,LOCO_02,locomotive,moving,,,
8330.0,2025-12-06T18:50:00+00:00,W2712,wagon,moving,,,
8330.0,2025-12-06T18:50:00+00:00,W2050,wagon,moving,,,
8335.0,2025-12-06T18:55:00+00:00,LOCO_02,locomotive,moving,,,
8336.0,2025-12-06T18:56:00+00:00,W6025,wagon,rejected,T113,,No Retrofit Needed
8336.0,2025-12-06T18:56:00+00:00,W6634,wagon,rejected,T113,,No Retrofit Needed
8341.25,2025-12-06T19:01:15+00:00,W0475,wagon,rejected,T114,,NO_COLLECTION_TRACK
8341.25,2025-12-06T19:01:15+00:00,W0827,wagon,rejected,T114,,NO_COLLECTION_TRACK
8341.25,2025-12-06T19:01:15+00:00,W0561,wagon,rejected,T114,,NO_COLLECTION_TRACK
8341.25,2025-12-06T19:01:15+00:00,W7563,wagon,rejected,T114,,NO_COLLECTION_TRACK
8342.0,2025-12-06T19:02:00+00:00,W10886,wagon,rejected,T115,,No Retrofit Needed
8342.0,2025-12-06T19:02:00+00:00,LOCO_02,locomotive,moving,,,
8343.0,2025-12-06T19:03:00+00:00,LOCO_01,locomotive,moving,,,
8350.0,2025-12-06T19:10:00+00:00,LOCO_01,locomotive,moving,,,
8350.0,2025-12-06T19:10:00+00:00,LOCO_02,locomotive,moving,,,
8350.0,2025-12-06T19:10:00+00:00,W2386,wagon,moving,,,
8350.0,2025-12-06T19:10:00+00:00,W10254,wagon,moving,,,
8355.0,2025-12-06T19:15:00+00:00,W2386,wagon,in_workshop,,,
8355.0,2025-12-06T19:15:00+00:00,W10254,wagon,in_workshop,,,
8358.0,2025-12-06T19:18:00+00:00,LOCO_01,locomotive,moving,,,
8358.0,2025-12-06T19:18:00+00:00,W6592,wagon,moving,,,
8358.0,2025-12-06T19:18:00+00:00,W12057,wagon,moving,,,
8361.0,2025-12-06T19:21:00+00:00,W2386,wagon,in_workshop,,,
8361.0,2025-12-06T19:21:00+00:00,W10254,wagon,in_workshop,,,
8361.0,2025-12-06T19:21:00+00:00,LOCO_02,locomotive,moving,,,
8363.0,2025-12-06T19:23:00+00:00,W6592,wagon,in_workshop,,,
8363.0,2025-12-06T19:23:00+00:00,W12057,wagon,in_workshop,,,
8366.0,2025-12-06T19:26:00+00:00,LOCO_02,locomotive,assigned,,,
8366.0,2025-12-06T19:26:00+00:00,LOCO_02,locomotive,moving,,,
8369.0,2025-12-06T19:29:00+00:00,W6592,wagon,in_workshop,,,
8369.0,2025-12-06T19:29:00+00:00,W12057,wagon,in_workshop,,,
8369.0,2025-12-06T19:29:00+00:00,LOCO_01,locomotive,moving,,,
8374.0,2025-12-06T19:34:00+00:00,LOCO_02,locomotive,moving,,,
8374.0,2025-12-06T19:34:00+00:00,LOCO_01,locomotive,moving,,,
8382.5,2025-12-06T19:42:30+00:00,W6800,wagon,parked,,,
8382.5,2025-12-06T19:42:30+00:00,W10081,wagon,parked,,,
8382.5,2025-12-06T19:42:30+00:00,W8380,wagon,parked,,,
8382.5,2025-12-06T19:42:30+00:00,W0032,wagon,parked,,,
8382.5,2025-12-06T19:42:30+00:00,LOCO_02,locomotive,moving,,,
8387.5,2025-12-06T19:47:30+00:00,LOCO_02,locomotive,moving,,,
8421.0,2025-12-06T20:21:00+00:00,W2386,wagon,retrofitted,,,
8421.0,2025-12-06T20:21:00+00:00,W10254,wagon,retrofitted,,,
8425.5,2025-12-06T20:25:30+00:00,W2744,wagon,rejected,T116,,No Retrofit Needed
8425.5,2025-12-06T20:25:30+00:00,W5833,wagon,rejected,T116,,No Retrofit Needed
8425.5,2025-12-06T20:25:30+00:00,W5821,wagon,arrived,T116,,
8425.5,2025-12-06T20:25:30+00:00,W6008,wagon,arrived,T116,,
8429.0,2025-12-06T20:29:00+00:00,W6592,wagon,retrofitted,,,
8429.0,2025-12-06T20:29:00+00:00,W12057,wagon,retrofitted,,,
8434.0,2025-12-06T20:34:00+00:00,LOCO_01,locomotive,assigned,,,
8437.0,2025-12-06T20:37:00+00:00,LOCO_01,locomotive,moving,,,
8437.0,2025-12-06T20:37:00+00:00,W8381,wagon,moving,,,
8447.5,2025-12-06T20:47:30+00:00,LOCO_02,locomotive,assigned,,,
8454.5,2025-12-06T20:54:30+00:00,LOCO_02,locomotive,moving,,,
8454.5,2025-12-06T20:54:30+00:00,W5845,wagon,moving,,,
8454.5,2025-12-06T20:54:30+00:00,W5248,wagon,moving,,,
8454.5,2025-12-06T20:54:30+00:00,W0282,wagon,moving,,,
8456.5,2025-12-06T20:56:30+00:00,W0616,wagon,rejected,T117,,NO_COLLECTION_TRACK
8456.5,2025-12-06T20:56:30+00:00,W7853,wagon,rejected,T117,,NO_COLLECTION_TRACK
8456.5,2025-12-06T20:56:30+00:00,W0293,wagon,arrived,T117,,
8497.0,2025-12-06T21:37:00+00:00,W8381,wagon,queued,,,
8500.0,2025-12-06T21:40:00+00:00,LOCO_01,locomotive,moving,,,
8505.0,2025-12-06T21:45:00+00:00,LOCO_01,locomotive,moving,,,
8512.0,2025-12-06T21:52:00+00:00,LOCO_01,locomotive,moving,,,
8512.0,2025-12-06T21:52:00+00:00,W2386,wagon,moving,,,
8512.0,2025-12-06T21:52:00+00:00,W10254,wagon,moving,,,
8514.5,2025-12-06T21:54:30+00:00,W5845,wagon,queued,,,
8514.5,2025-12-06T21:54:30+00:00,W5248,wagon,queued,,,
8514.5,2025-12-06T21:54:30+00:00,W0282,wagon,queued,,,
8517.0,2025-12-06T21:57:00+00:00,LOCO_01,locomotive,moving,,,
8522.0,2025-12-06T22:02:00+00:00,LOCO_01,locomotive,moving,,,
8529.0,2025-12-06T22:09:00+00:00,LOCO_01,locomotive,moving,,,
8529.0,2025-12-06T22:09:00+00:00,W6592,wagon,moving,,,
8529.0,2025-12-06T22:09:00+00:00,W12057,wagon,moving,,,
8529.5,2025-12-06T22:09:30+00:00,LOCO_02,locomotive,moving,,,
8534.0,2025-12-06T22:14:00+00:00,LOCO_01,locomotive,moving,,,
8536.5,2025-12-06T22:16:30+00:00,LOCO_02,locomotive,moving,,,
8539.0,2025-12-06T22:19:00+00:00,LOCO_01,locomotive,assigned,,,
8539.0,2025-12-06T22:19:00+00:00,LOCO_01,locomotive,moving,,,
8544.5,2025-12-06T22:24:30+00:00,LOCO_02,locomotive,moving,,,
8544.5,2025-12-06T22:24:30+00:00,W2136,wagon,moving,,,
8544.5,2025-12-06T22:24:30+00:00,W5282,wagon,moving,,,
8547.0,2025-12-06T22:27:00+00:00,LOCO_01,locomotive,moving,,,
8549.5,2025-12-06T22:29:30+00:00,W2136,wagon,in_workshop,,,
8549.5,2025-12-06T22:29:30+00:00,W5282,wagon,in_workshop,,,
8555.5,2025-12-06T22:35:30+00:00,W2136,wagon,in_workshop,,,
8555.5,2025-12-06T22:35:30+00:00,W5282,wagon,in_workshop,,,
8555.5,2025-12-06T22:35:30+00:00,LOCO_02,locomotive,moving,,,
8562.5,2025-12-06T22:42:30+00:00,LOCO_02,locomotive,moving,,,
8570.5,2025-12-06T22:50:30+00:00,LOCO_02,locomotive,moving,,,
8570.5,2025-12-06T22:50:30+00:00,W9940,wagon,moving,,,
8570.5,2025-12-06T22:50:30+00:00,W9081,wagon,moving,,,
8572.75,2025-12-06T22:52:45+00:00,W10134,wagon,rejected,T118,,No Retrofit Needed
8572.75,2025-12-06T22:52:45+00:00,W0002,wagon,rejected,T118,,NO_COLLECTION_TRACK
8572.75,2025-12-06T22:52:45+00:00,W0956,wagon,rejected,T118,,NO_COLLECTION_TRACK
8572.75,2025-12-06T22:52:45+00:00,W12146,wagon,rejected,T118,,NO_COLLECTION_TRACK
8572.75,2025-12-06T22:52:45+00:00,W2794,wagon,rejected,T118,,NO_COLLECTION_TRACK
8572.75,2025-12-06T22:52:45+00:00,W6704,wagon,arrived,T118,,
8572.75,2025-12-06T22:52:45+00:00,W0167,wagon,arrived,T118,,
8575.5,2025-12-06T22:55:30+00:00,W9940,wagon,in_workshop,,,
8575.5,2025-12-06T22:55:30+00:00,W9081,wagon,in_workshop,,,
8581.5,2025-12-06T23:01:30+00:00,W9940,wagon,in_workshop,,,
8581.5,2025-12-06T23:01:30+00:00,W9081,wagon,in_workshop,,,
8581.5,2025-12-06T23:01:30+00:00,LOCO_02,locomotive,moving,,,
8586.5,2025-12-06T23:06:30+00:00,LOCO_02,locomotive,moving,,,
8615.5,2025-12-06T23:35:30+00:00,W2136,wagon,retrofitted,,,
8615.5,2025-12-06T23:35:30+00:00,W5282,wagon,retrofitted,,,
8625.5,2025-12-06T23:45:30+00:00,W9440,wagon,parked,,,
8625.5,2025-12-06T23:45:30+00:00,W9489,wagon,parked,,,
8625.5,2025-12-06T23:45:30+00:00,W2712,wagon,parked,,,
8625.5,2025-12-06T23:45:30+00:00,W2050,wagon,parked,,,
8625.5,2025-12-06T23:45:30+00:00,LOCO_01,locomotive,moving,,,
8635.25,2025-12-06T23:55:15+00:00,W12186,wagon,rejected,T119,,NO_COLLECTION_TRACK
8635.25,2025-12-06T23:55:15+00:00,W7755,wagon,rejected,T119,,NO_COLLECTION_TRACK
8635.25,2025-12-06T23:55:15+00:00,W9951,wagon,rejected,T119,,NO_COLLECTION_TRACK
8635.25,2025-12-06T23:55:15+00:00,W4605,wagon,rejected,T119,,NO_COLLECTION_TRACK
8635.25,2025-12-06T23:55:15+00:00,W0128,wagon,arrived,T119,,
8641.5,2025-12-07T00:01:30+00:00,W9940,wagon,retrofitted,,,
8641.5,2025-12-07T00:01:30+00:00,W9081,wagon,retrofitted,,,
8646.5,2025-12-07T00:06:30+00:00,LOCO_02,locomotive,assigned,,,
8649.5,2025-12-07T00:09:30+00:00,LOCO_02,locomotive,moving,,,
8649.5,2025-12-07T00:09:30+00:00,W9067,wagon,moving,,,
8685.5,2025-12-07T00:45:30+00:00,LOCO_01,locomotive,moving,,,
8692.5,2025-12-07T00:52:30+00:00,LOCO_01,locomotive,moving,,,
8692.5,2025-12-07T00:52:30+00:00,W2136,wagon,moving,,,
8692.5,2025-12-07T00:52:30+00:00,W5282,wagon,moving,,,
8697.5,2025-12-07T00:57:30+00:00,LOCO_01,locomotive,moving,,,
8702.5,2025-12-07T01:02:30+00:00,LOCO_01,locomotive,moving,,,
8709.5,2025-12-07T01:09:30+00:00,W9067,wagon,queued,,,
8709.5,2025-12-07T01:09:30+00:00,LOCO_01,locomotive,moving,,,
8709.5,2025-12-07T01:09:30+00:00,W9940,wagon,moving,,,
8709.5,2025-12-07T01:09:30+00:00,W9081,wagon,moving,,,
8712.5,2025-12-07T01:12:30+00:00,LOCO_02,locomotive,moving,,,
8714.5,2025-12-07T01:14:30+00:00,LOCO_01,locomotive,moving,,,
8719.5,2025-12-07T01:19:30+00:00,LOCO_02,locomotive,moving,,,
8719.5,2025-12-07T01:19:30+00:00,LOCO_01,locomotive,assigned,,,
8719.5,2025-12-07T01:19:30+00:00,LOCO_01,locomotive,moving,,,
8727.5,2025-12-07T01:27:30+00:00,LOCO_01,locomotive,moving,,,
8727.5,2025-12-07T01:27:30+00:00,LOCO_02,locomotive,moving,,,
8727.5,2025-12-07T01:27:30+00:00,W2652,wagon,moving,,,
8727.5,2025-12-07T01:27:30+00:00,W8383,wagon,moving,,,
8732.5,2025-12-07T01:32:30+00:00,W2652,wagon,in_workshop,,,
8732.5,2025-12-07T01:32:30+00:00,W8383,wagon,in_workshop,,,
8738.5,2025-12-07T01:38:30+00:00,W2652,wagon,in_workshop,,,
8738.5,2025-12-07T01:38:30+00:00,W8383,wagon,in_workshop,,,
8738.5,2025-12-07T01:38:30+00:00,LOCO_02,locomotive,moving,,,
8745.5,2025-12-07T01:45:30+00:00,LOCO_02,locomotive,moving,,,
8753.5,2025-12-07T01:53:30+00:00,LOCO_02,locomotive,moving,,,
8753.5,2025-12-07T01:53:30+00:00,W12385,wagon,moving,,,
8753.5,2025-12-07T01:53:30+00:00,W11539,wagon,moving,,,
8758.5,2025-12-07T01:58:30+00:00,W12385,wagon,in_workshop,,,
8758.5,2025-12-07T01:58:30+00:00,W11539,wagon,in_workshop,,,
8764.5,2025-12-07T02:04:30+00:00,W12385,wagon,in_workshop,,,
8764.5,2025-12-07T02:04:30+00:00,W11539,wagon,in_workshop,,,
8764.5,2025-12-07T02:04:30+00:00,LOCO_02,locomotive,moving,,,
8769.5,2025-12-07T02:09:30+00:00,LOCO_02,locomotive,moving,,,
8798.5,2025-12-07T02:38:30+00:00,W2652,wagon,retrofitted,,,
8798.5,2025-12-07T02:38:30+00:00,W8383,wagon,retrofitted,,,
8806.0,2025-12-07T02:46:00+00:00,W2386,wagon,parked,,,
8806.0,2025-12-07T02:46:00+00:00,W10254,wagon,parked,,,
8806.0,2025-12-07T02:46:00+00:00,W6592,wagon,parked,,,
8806.0,2025-12-07T02:46:00+00:00,W12057,wagon,parked,,,
8806.0,2025-12-07T02:46:00+00:00,LOCO_01,locomotive,moving,,,
8824.5,2025-12-07T03:04:30+00:00,W12385,wagon,retrofitted,,,
8824.5,2025-12-07T03:04:30+00:00,W11539,wagon,retrofitted,,,
8829.5,2025-12-07T03:09:30+00:00,LOCO_02,locomotive,assigned,,,
8832.5,2025-12-07T03:12:30+00:00,LOCO_02,locomotive,moving,,,
8832.5,2025-12-07T03:12:30+00:00,W2701,wagon,moving,,,
8866.0,2025-12-07T03:46:00+00:00,LOCO_01,locomotive,moving,,,
8873.0,2025-12-07T03:53:00+00:00,LOCO_01,locomotive,moving,,,
8873.0,2025-12-07T03:53:00+00:00,W2652,wagon,moving,,,
8873.0,2025-12-07T03:53:00+00:00,W8383,wagon,moving,,,
8878.0,2025-12-07T03:58:00+00:00,LOCO_01,locomotive,moving,,,
8883.0,2025-12-07T04:03:00+00:00,LOCO_01,locomotive,moving,,,
8890.0,2025-12-07T04:10:00+00:00,LOCO_01,locomotive,moving,,,
8890.0,2025-12-07T04:10:00+00:00,W12385,wagon,moving,,,
8890.0,2025-12-07T04:10:00+00:00,W11539,wagon,moving,,,
8892.5,2025-12-07T04:12:30+00:00,W2701,wagon,queued,,,
8895.0,2025-12-07T04:15:00+00:00,LOCO_01,locomotive,moving,,,
8895.5,2025-12-07T04:15:30+00:00,LOCO_02,locomotive,moving,,,
8902.0,2025-12-07T04:22:00+00:00,LOCO_01,locomotive,moving,,,
8902.5,2025-12-07T04:22:30+00:00,LOCO_02,locomotive,moving,,,
8910.0,2025-12-07T04:30:00+00:00,LOCO_01,locomotive,moving,,,
8910.0,2025-12-07T04:30:00+00:00,W4532,wagon,moving,,,
8910.0,2025-12-07T04:30:00+00:00,W8676,wagon,moving,,,
8910.5,2025-12-07T04:30:30+00:00,LOCO_02,locomotive,moving,,,
8910.5,2025-12-07T04:30:30+00:00,W4478,wagon,moving,,,
8910.5,2025-12-07T04:30:30+00:00,W8381,wagon,moving,,,
8915.0,2025-12-07T04:35:00+00:00,W4532,wagon,in_workshop,,,
8915.0,2025-12-07T04:35:00+00:00,W8676,wagon,in_workshop,,,
8915.5,2025-12-07T04:35:30+00:00,W4478,wagon,in_workshop,,,
8915.5,2025-12-07T04:35:30+00:00,W8381,wagon,in_workshop,,,
8921.0,2025-12-07T04:41:00+00:00,W4532,wagon,in_workshop,,,
8921.0,2025-12-07T04:41:00+00:00,W8676,wagon,in_workshop,,,
8921.0,2025-12-07T04:41:00+00:00,LOCO_01,locomotive,moving,,,
8921.5,2025-12-07T04:41:30+00:00,W4478,wagon,in_workshop,,,
8921.5,2025-12-07T04:41:30+00:00,W8381,wagon,in_workshop,,,
8921.5,2025-12-07T04:41:30+00:00,LOCO_02,locomotive,moving,,,
8926.0,2025-12-07T04:46:00+00:00,LOCO_01,locomotive,assigned,,,
8926.0,2025-12-07T04:46:00+00:00,LOCO_01,locomotive,moving,,,
8926.5,2025-12-07T04:46:30+00:00,LOCO_02,locomotive,moving,,,
8934.0,2025-12-07T04:54:00+00:00,LOCO_01,locomotive,moving,,,
8981.0,2025-12-07T05:41:00+00:00,W4532,wagon,retrofitted,,,
8981.0,2025-12-07T05:41:00+00:00,W8676,wagon,retrofitted,,,
8981.5,2025-12-07T05:41:30+00:00,W4478,wagon,retrofitted,,,
8981.5,2025-12-07T05:41:30+00:00,W8381,wagon,retrofitted,,,
8986.5,2025-12-07T05:46:30+00:00,LOCO_02,locomotive,assigned,,,
8995.5,2025-12-07T05:55:30+00:00,LOCO_02,locomotive,moving,,,
8995.5,2025-12-07T05:55:30+00:00,W0677,wagon,moving,,,
8995.5,2025-12-07T05:55:30+00:00,W6634,wagon,moving,,,
8995.5,2025-12-07T05:55:30+00:00,W7316,wagon,moving,,,
8995.5,2025-12-07T05:55:30+00:00,W9534,wagon,moving,,,
9012.5,2025-12-07T06:12:30+00:00,W2136,wagon,parked,,,
9012.5,2025-12-07T06:12:30+00:00,W5282,wagon,parked,,,
9012.5,2025-12-07T06:12:30+00:00,W9940,wagon,parked,,,
9012.5,2025-12-07T06:12:30+00:00,W9081,wagon,parked,,,
9012.5,2025-12-07T06:12:30+00:00,LOCO_01,locomotive,moving,,,
9055.5,2025-12-07T06:55:30+00:00,W0677,wagon,queued,,,
9055.5,2025-12-07T06:55:30+00:00,W6634,wagon,queued,,,
9055.5,2025-12-07T06:55:30+00:00,W7316,wagon,queued,,,
9055.5,2025-12-07T06:55:30+00:00,W9534,wagon,queued,,,
9072.5,2025-12-07T07:12:30+00:00,LOCO_01,locomotive,moving,,,
9076.5,2025-12-07T07:16:30+00:00,LOCO_02,locomotive,moving,,,
9079.5,2025-12-07T07:19:30+00:00,LOCO_01,locomotive,moving,,,
9079.5,2025-12-07T07:19:30+00:00,W4532,wagon,moving,,,
9079.5,2025-12-07T07:19:30+00:00,W8676,wagon,moving,,,
9081.5,2025-12-07T07:21:30+00:00,LOCO_02,locomotive,moving,,,
9084.25,2025-12-07T07:24:15+00:00,W11256,wagon,rejected,T120,,No Retrofit Needed
9084.25,2025-12-07T07:24:15+00:00,W10878,wagon,rejected,T120,,No Retrofit Needed
9084.25,2025-12-07T07:24:15+00:00,W10772,wagon,arrived,T120,,
9084.25,2025-12-07T07:24:15+00:00,W5316,wagon,arrived,T120,,
9084.25,2025-12-07T07:24:15+00:00,W9043,wagon,arrived,T120,,
9084.25,2025-12-07T07:24:15+00:00,W2149,wagon,arrived,T120,,
9084.25,2025-12-07T07:24:15+00:00,W5380,wagon,arrived,T120,,
9084.25,2025-12-07T07:24:15+00:00,W0875,wagon,arrived,T120,,
9084.25,2025-12-07T07:24:15+00:00,W5989,wagon,arrived,T120,,
9084.25,2025-12-07T07:24:15+00:00,W5415,wagon,arrived,T120,,
9084.25,2025-12-07T07:24:15+00:00,W12031,wagon,arrived,T120,,
9084.5,2025-12-07T07:24:30+00:00,LOCO_01,locomotive,moving,,,
9088.5,2025-12-07T07:28:30+00:00,LOCO_02,locomotive,moving,,,
9088.5,2025-12-07T07:28:30+00:00,W4478,wagon,moving,,,
9088.5,2025-12-07T07:28:30+00:00,W8381,wagon,moving,,,
9089.5,2025-12-07T07:29:30+00:00,LOCO_01,locomotive,assigned,,,
9089.5,2025-12-07T07:29:30+00:00,LOCO_01,locomotive,moving,,,
9093.5,2025-12-07T07:33:30+00:00,LOCO_02,locomotive,moving,,,
9097.5,2025-12-07T07:37:30+00:00,LOCO_01,locomotive,moving,,,
9100.5,2025-12-07T07:40:30+00:00,LOCO_02,locomotive,moving,,,
9108.5,2025-12-07T07:48:30+00:00,LOCO_02,locomotive,moving,,,
9108.5,2025-12-07T07:48:30+00:00,W5845,wagon,moving,,,
9108.5,2025-12-07T07:48:30+00:00,W5248,wagon,moving,,,
9113.5,2025-12-07T07:53:30+00:00,W5845,wagon,in_workshop,,,
9113.5,2025-12-07T07:53:30+00:00,W5248,wagon,in_workshop,,,
9119.5,2025-12-07T07:59:30+00:00,W5845,wagon,in_workshop,,,
9119.5,2025-12-07T07:59:30+00:00,W5248,wagon,in_workshop,,,
9119.5,2025-12-07T07:59:30+00:00,LOCO_02,locomotive,moving,,,
9126.5,2025-12-07T08:06:30+00:00,LOCO_02,locomotive,moving,,,
9134.5,2025-12-07T08:14:30+00:00,LOCO_02,locomotive,moving,,,
9134.5,2025-12-07T08:14:30+00:00,W0282,wagon,moving,,,
9134.5,2025-12-07T08:14:30+00:00,W9067,wagon,moving,,,
9139.5,2025-12-07T08:19:30+00:00,W0282,wagon,in_workshop,,,
9139.5,2025-12-07T08:19:30+00:00,W9067,wagon,in_workshop,,,
9145.5,2025-12-07T08:25:30+00:00,W0282,wagon,in_workshop,,,
9145.5,2025-12-07T08:25:30+00:00,W9067,wagon,in_workshop,,,
9145.5,2025-12-07T08:25:30+00:00,LOCO_02,locomotive,moving,,,
9150.5,2025-12-07T08:30:30+00:00,LOCO_02,locomotive,moving,,,
9161.0,2025-12-07T08:41:00+00:00,W2652,wagon,parked,,,
9161.0,2025-12-07T08:41:00+00:00,W8383,wagon,parked,,,
9161.0,2025-12-07T08:41:00+00:00,W12385,wagon,parked,,,
9161.0,2025-12-07T08:41:00+00:00,W11539,wagon,parked,,,
9161.0,2025-12-07T08:41:00+00:00,LOCO_01,locomotive,moving,,,
9179.5,2025-12-07T08:59:30+00:00,W5845,wagon,retrofitted,,,
9179.5,2025-12-07T08:59:30+00:00,W5248,wagon,retrofitted,,,
9185.25,2025-12-07T09:05:15+00:00,W12208,wagon,rejected,T121,,No Retrofit Needed
9185.25,2025-12-07T09:05:15+00:00,W11259,wagon,rejected,T121,,No Retrofit Needed
9185.25,2025-12-07T09:05:15+00:00,W0962,wagon,rejected,T121,,NO_COLLECTION_TRACK
9185.25,2025-12-07T09:05:15+00:00,W8714,wagon,arrived,T121,,
9185.25,2025-12-07T09:05:15+00:00,W7877,wagon,arrived,T121,,
9185.25,2025-12-07T09:05:15+00:00,W5280,wagon,arrived,T121,,
9185.25,2025-12-07T09:05:15+00:00,W7897,wagon,arrived,T121,,
9205.5,2025-12-07T09:25:30+00:00,W0282,wagon,retrofitted,,,
9205.5,2025-12-07T09:25:30+00:00,W9067,wagon,retrofitted,,,
9210.5,2025-12-07T09:30:30+00:00,LOCO_02,locomotive,assigned,,,
9221.0,2025-12-07T09:41:00+00:00,LOCO_01,locomotive,moving,,,
9223.5,2025-12-07T09:43:30+00:00,LOCO_02,locomotive,moving,,,
9223.5,2025-12-07T09:43:30+00:00,W8570,wagon,moving,,,
9223.5,2025-12-07T09:43:30+00:00,W8578,wagon,moving,,,
9223.5,2025-12-07T09:43:30+00:00,W0948,wagon,moving,,,
9223.5,2025-12-07T09:43:30+00:00,W9358,wagon,moving,,,
9223.5,2025-12-07T09:43:30+00:00,W11195,wagon,moving,,,
9223.5,2025-12-07T09:43:30+00:00,W0367,wagon,moving,,,
9228.0,2025-12-07T09:48:00+00:00,LOCO_01,locomotive,moving,,,
9228.0,2025-12-07T09:48:00+00:00,W5845,wagon,moving,,,
9228.0,2025-12-07T09:48:00+00:00,W5248,wagon,moving,,,
9233.0,2025-12-07T09:53:00+00:00,LOCO_01,locomotive,moving,,,
9238.0,2025-12-07T09:58:00+00:00,LOCO_01,locomotive,moving,,,
9245.0,2025-12-07T10:05:00+00:00,LOCO_01,locomotive,moving,,,
9245.0,2025-12-07T10:05:00+00:00,W0282,wagon,moving,,,
9245.0,2025-12-07T10:05:00+00:00,W9067,wagon,moving,,,
9250.0,2025-12-07T10:10:00+00:00,LOCO_01,locomotive,moving,,,
9257.0,2025-12-07T10:17:00+00:00,LOCO_01,locomotive,moving,,,
9265.0,2025-12-07T10:25:00+00:00,LOCO_01,locomotive,moving,,,
9265.0,2025-12-07T10:25:00+00:00,W2701,wagon,moving,,,
9265.0,2025-12-07T10:25:00+00:00,W0677,wagon,moving,,,
9270.0,2025-12-07T10:30:00+00:00,W2701,wagon,in_workshop,,,
9270.0,2025-12-07T10:30:00+00:00,W0677,wagon,in_workshop,,,
9276.0,2025-12-07T10:36:00+00:00,W2701,wagon,in_workshop,,,
9276.0,2025-12-07T10:36:00+00:00,W0677,wagon,in_workshop,,,
9276.0,2025-12-07T10:36:00+00:00,LOCO_01,locomotive,moving,,,
9283.0,2025-12-07T10:43:00+00:00,LOCO_01,locomotive,moving,,,
9283.5,2025-12-07T10:43:30+00:00,W8570,wagon,queued,,,
9283.5,2025-12-07T10:43:30+00:00,W8578,wagon,queued,,,
9283.5,2025-12-07T10:43:30+00:00,W0948,wagon,queued,,,
9283.5,2025-12-07T10:43:30+00:00,W9358,wagon,queued,,,
9283.5,2025-12-07T10:43:30+00:00,W11195,wagon,queued,,,
9283.5,2025-12-07T10:43:30+00:00,W0367,wagon,queued,,,
9291.0,2025-12-07T10:51:00+00:00,LOCO_01,locomotive,moving,,,
9291.0,2025-12-07T10:51:00+00:00,W6634,wagon,moving,,,
9291.0,2025-12-07T10:51:00+00:00,W7316,wagon,moving,,,
9296.0,2025-12-07T10:56:00+00:00,W6634,wagon,in_workshop,,,
9296.0,2025-12-07T10:56:00+00:00,W7316,wagon,in_workshop,,,
9300.5,2025-12-07T11:00:30+00:00,W5248,wagon,rejected,T122,,No Retrofit Needed
9300.5,2025-12-07T11:00:30+00:00,W5310,wagon,rejected,T122,,No Retrofit Needed
9302.0,2025-12-07T11:02:00+00:00,W6634,wagon,in_workshop,,,
9302.0,2025-12-07T11:02:00+00:00,W7316,wagon,in_workshop,,,
9302.0,2025-12-07T11:02:00+00:00,LOCO_01,locomotive,moving,,,
9307.0,2025-12-07T11:07:00+00:00,LOCO_01,locomotive,assigned,,,
9307.0,2025-12-07T11:07:00+00:00,LOCO_01,locomotive,moving,,,
9315.0,2025-12-07T11:15:00+00:00,LOCO_01,locomotive,moving,,,
9316.5,2025-12-07T11:16:30+00:00,LOCO_02,locomotive,moving,,,
9321.5,2025-12-07T11:21:30+00:00,LOCO_02,locomotive,moving,,,
9336.0,2025-12-07T11:36:00+00:00,W2701,wagon,retrofitted,,,
9336.0,2025-12-07T11:36:00+00:00,W0677,wagon,retrofitted,,,
9337.25,2025-12-07T11:37:15+00:00,W10441,wagon,arrived,T123,,
9337.25,2025-12-07T11:37:15+00:00,W10435,wagon,arrived,T123,,
9362.0,2025-12-07T12:02:00+00:00,W6634,wagon,retrofitted,,,
9362.0,2025-12-07T12:02:00+00:00,W7316,wagon,retrofitted,,,
9378.5,2025-12-07T12:18:30+00:00,W4532,wagon,parked,,,
9378.5,2025-12-07T12:18:30+00:00,W8676,wagon,parked,,,
9378.5,2025-12-07T12:18:30+00:00,W4478,wagon,parked,,,
9378.5,2025-12-07T12:18:30+00:00,W8381,wagon,parked,,,
9378.5,2025-12-07T12:18:30+00:00,LOCO_01,locomotive,moving,,,
9381.5,2025-12-07T12:21:30+00:00,LOCO_02,locomotive,assigned,,,
9384.5,2025-12-07T12:24:30+00:00,LOCO_02,locomotive,moving,,,
9384.5,2025-12-07T12:24:30+00:00,W11953,wagon,moving,,,
9400.75,2025-12-07T12:40:45+00:00,W1122,wagon,arrived,T124,,
9400.75,2025-12-07T12:40:45+00:00,W1120,wagon,arrived,T124,,
9438.5,2025-12-07T13:18:30+00:00,LOCO_01,locomotive,moving,,,
9444.25,2025-12-07T13:24:15+00:00,W0943,wagon,rejected,T125,,No Retrofit Needed
9444.25,2025-12-07T13:24:15+00:00,W10081,wagon,rejected,T125,,No Retrofit Needed
9444.25,2025-12-07T13:24:15+00:00,W10881,wagon,rejected,T125,,No Retrofit Needed
9444.25,2025-12-07T13:24:15+00:00,W11516,wagon,rejected,T125,,NO_COLLECTION_TRACK
9444.25,2025-12-07T13:24:15+00:00,W5434,wagon,rejected,T125,,NO_COLLECTION_TRACK
9444.25,2025-12-07T13:24:15+00:00,W11518,wagon,arrived,T125,,
9444.25,2025-12-07T13:24:15+00:00,W9071,wagon,arrived,T125,,
9444.5,2025-12-07T13:24:30+00:00,W11953,wagon,queued,,,
9445.5,2025-12-07T13:25:30+00:00,LOCO_01,locomotive,moving,,,
9445.5,2025-12-07T13:25:30+00:00,W2701,wagon,moving,,,
9445.5,2025-12-07T13:25:30+00:00,W0677,wagon,moving,,,
9447.5,2025-12-07T13:27:30+00:00,LOCO_02,locomotive,moving,,,
9450.5,2025-12-07T13:30:30+00:00,LOCO_01,locomotive,moving,,,
9452.5,2025-12-07T13:32:30+00:00,LOCO_02,locomotive,moving,,,
9455.5,2025-12-07T13:35:30+00:00,LOCO_01,locomotive,assigned,,,
9455.5,2025-12-07T13:35:30+00:00,LOCO_01,locomotive,moving,,,
9459.5,2025-12-07T13:39:30+00:00,LOCO_02,locomotive,moving,,,
9459.5,2025-12-07T13:39:30+00:00,W6634,wagon,moving,,,
9459.5,2025-12-07T13:39:30+00:00,W7316,wagon,moving,,,
9463.5,2025-12-07T13:43:30+00:00,LOCO_01,locomotive,moving,,,
9464.5,2025-12-07T13:44:30+00:00,LOCO_02,locomotive,moving,,,
9471.5,2025-12-07T13:51:30+00:00,LOCO_02,locomotive,moving,,,
9472.0,2025-12-07T13:52:00+00:00,W5845,wagon,parked,,,
9472.0,2025-12-07T13:52:00+00:00,W5248,wagon,parked,,,
9472.0,2025-12-07T13:52:00+00:00,W0282,wagon,parked,,,
9472.0,2025-12-07T13:52:00+00:00,W9067,wagon,parked,,,
9472.0,2025-12-07T13:52:00+00:00,LOCO_01,locomotive,moving,,,
9479.0,2025-12-07T13:59:00+00:00,LOCO_01,locomotive,moving,,,
9479.5,2025-12-07T13:59:30+00:00,LOCO_02,locomotive,moving,,,
9479.5,2025-12-07T13:59:30+00:00,W9534,wagon,moving,,,
9479.5,2025-12-07T13:59:30+00:00,W8570,wagon,moving,,,
9484.5,2025-12-07T14:04:30+00:00,W9534,wagon,in_workshop,,,
9484.5,2025-12-07T14:04:30+00:00,W8570,wagon,in_workshop,,,
9487.0,2025-12-07T14:07:00+00:00,LOCO_01,locomotive,moving,,,
9487.0,2025-12-07T14:07:00+00:00,W8578,wagon,moving,,,
9487.0,2025-12-07T14:07:00+00:00,W0948,wagon,moving,,,
9490.5,2025-12-07T14:10:30+00:00,W9534,wagon,in_workshop,,,
9490.5,2025-12-07T14:10:30+00:00,W8570,wagon,in_workshop,,,
9490.5,2025-12-07T14:10:30+00:00,LOCO_02,locomotive,moving,,,
9492.0,2025-12-07T14:12:00+00:00,W8578,wagon,in_workshop,,,
9492.0,2025-12-07T14:12:00+00:00,W0948,wagon,in_workshop,,,
9495.5,2025-12-07T14:15:30+00:00,LOCO_02,locomotive,assigned,,,
9495.5,2025-12-07T14:15:30+00:00,LOCO_02,locomotive,moving,,,
9498.0,2025-12-07T14:18:00+00:00,W8578,wagon,in_workshop,,,
9498.0,2025-12-07T14:18:00+00:00,W0948,wagon,in_workshop,,,
9498.0,2025-12-07T14:18:00+00:00,LOCO_01,locomotive,moving,,,
9503.0,2025-12-07T14:23:00+00:00,LOCO_01,locomotive,moving,,,
9503.5,2025-12-07T14:23:30+00:00,LOCO_02,locomotive,moving,,,
9529.5,2025-12-07T14:49:30+00:00,W10348,wagon,rejected,T126,,NO_COLLECTION_TRACK
9529.5,2025-12-07T14:49:30+00:00,W10272,wagon,rejected,T126,,NO_COLLECTION_TRACK
9529.5,2025-12-07T14:49:30+00:00,W10292,wagon,rejected,T126,,NO_COLLECTION_TRACK
9550.5,2025-12-07T15:10:30+00:00,W9534,wagon,retrofitted,,,
9550.5,2025-12-07T15:10:30+00:00,W8570,wagon,retrofitted,,,
9558.0,2025-12-07T15:18:00+00:00,W8578,wagon,retrofitted,,,
9558.0,2025-12-07T15:18:00+00:00,W0948,wagon,retrofitted,,,
9563.0,2025-12-07T15:23:00+00:00,LOCO_01,locomotive,assigned,,,
9578.0,2025-12-07T15:38:00+00:00,LOCO_01,locomotive,moving,,,
9578.0,2025-12-07T15:38:00+00:00,W0411,wagon,moving,,,
9578.0,2025-12-07T15:38:00+00:00,W4337,wagon,moving,,,
9578.0,2025-12-07T15:38:00+00:00,W2166,wagon,moving,,,
9578.0,2025-12-07T15:38:00+00:00,W4457,wagon,moving,,,
9578.0,2025-12-07T15:38:00+00:00,W5612,wagon,moving,,,
9578.0,2025-12-07T15:38:00+00:00,W0928,wagon,moving,,,
9578.0,2025-12-07T15:38:00+00:00,W12177,wagon,moving,,,
9627.0,2025-12-07T16:27:00+00:00,W2701,wagon,parked,,,
9627.0,2025-12-07T16:27:00+00:00,W0677,wagon,parked,,,
9627.0,2025-12-07T16:27:00+00:00,W6634,wagon,parked,,,
9627.0,2025-12-07T16:27:00+00:00,W7316,wagon,parked,,,
9627.0,2025-12-07T16:27:00+00:00,LOCO_02,locomotive,moving,,,
9638.0,2025-12-07T16:38:00+00:00,W0411,wagon,queued,,,
9638.0,2025-12-07T16:38:00+00:00,W4337,wagon,queued,,,
9638.0,2025-12-07T16:38:00+00:00,W2166,wagon,queued,,,
9638.0,2025-12-07T16:38:00+00:00,W4457,wagon,queued,,,
9638.0,2025-12-07T16:38:00+00:00,W5612,wagon,queued,,,
9638.0,2025-12-07T16:38:00+00:00,W0928,wagon,queued,,,
9638.0,2025-12-07T16:38:00+00:00,W12177,wagon,queued,,,
9677.0,2025-12-07T17:17:00+00:00,LOCO_01,locomotive,moving,,,
9682.0,2025-12-07T17:22:00+00:00,LOCO_01,locomotive,moving,,,
9684.0,2025-12-07T17:24:00+00:00,W318166502860,wagon,rejected,T127,,No Retrofit Needed
9684.0,2025-12-07T17:24:00+00:00,W2696,wagon,rejected,T127,,No Retrofit Needed
9684.0,2025-12-07T17:24:00+00:00,W4506,wagon,arrived,T127,,
9684.0,2025-12-07T17:24:00+00:00,W1439,wagon,arrived,T127,,
9687.0,2025-12-07T17:27:00+00:00,LOCO_02,locomotive,moving,,,
9689.0,2025-12-07T17:29:00+00:00,LOCO_01,locomotive,moving,,,
9689.0,2025-12-07T17:29:00+00:00,W9534,wagon,moving,,,
9689.0,2025-12-07T17:29:00+00:00,W8570,wagon,moving,,,
9694.0,2025-12-07T17:34:00+00:00,LOCO_02,locomotive,moving,,,
9694.0,2025-12-07T17:34:00+00:00,W8578,wagon,moving,,,
9694.0,2025-12-07T17:34:00+00:00,W0948,wagon,moving,,,
9694.0,2025-12-07T17:34:00+00:00,LOCO_01,locomotive,moving,,,
9699.0,2025-12-07T17:39:00+00:00,LOCO_02,locomotive,moving,,,
9699.0,2025-12-07T17:39:00+00:00,LOCO_01,locomotive,assigned,,,
9699.0,2025-12-07T17:39:00+00:00,LOCO_01,locomotive,moving,,,
9706.0,2025-12-07T17:46:00+00:00,W0128,wagon,rejected,T128,,No Retrofit Needed
9706.0,2025-12-07T17:46:00+00:00,W4605,wagon,rejected,T128,,No Retrofit Needed
9706.0,2025-12-07T17:46:00+00:00,LOCO_01,locomotive,moving,,,
9706.0,2025-12-07T17:46:00+00:00,LOCO_02,locomotive,moving,,,
9714.0,2025-12-07T17:54:00+00:00,LOCO_02,locomotive,moving,,,
9714.0,2025-12-07T17:54:00+00:00,W9358,wagon,moving,,,
9714.0,2025-12-07T17:54:00+00:00,W11195,wagon,moving,,,
9719.0,2025-12-07T17:59:00+00:00,W9358,wagon,in_workshop,,,
9719.0,2025-12-07T17:59:00+00:00,W11195,wagon,in_workshop,,,
9725.0,2025-12-07T18:05:00+00:00,W9358,wagon,in_workshop,,,
9725.0,2025-12-07T18:05:00+00:00,W11195,wagon,in_workshop,,,
9725.0,2025-12-07T18:05:00+00:00,LOCO_02,locomotive,moving,,,
9732.0,2025-12-07T18:12:00+00:00,LOCO_02,locomotive,moving,,,
9740.0,2025-12-07T18:20:00+00:00,LOCO_02,locomotive,moving,,,
9740.0,2025-12-07T18:20:00+00:00,W0367,wagon,moving,,,
9740.0,2025-12-07T18:20:00+00:00,W11953,wagon,moving,,,
9745.0,2025-12-07T18:25:00+00:00,W0367,wagon,in_workshop,,,
9745.0,2025-12-07T18:25:00+00:00,W11953,wagon,in_workshop,,,
9751.0,2025-12-07T18:31:00+00:00,W0367,wagon,in_workshop,,,
9751.0,2025-12-07T18:31:00+00:00,W11953,wagon,in_workshop,,,
9751.0,2025-12-07T18:31:00+00:00,LOCO_02,locomotive,moving,,,
9756.0,2025-12-07T18:36:00+00:00,LOCO_02,locomotive,moving,,,
9782.5,2025-12-07T19:02:30+00:00,W9534,wagon,parked,,,
9782.5,2025-12-07T19:02:30+00:00,W8570,wagon,parked,,,
9782.5,2025-12-07T19:02:30+00:00,LOCO_01,locomotive,moving,,,
9785.0,2025-12-07T19:05:00+00:00,W9358,wagon,retrofitted,,,
9785.0,2025-12-07T19:05:00+00:00,W11195,wagon,retrofitted,,,
9800.25,2025-12-07T19:20:15+00:00,W3210,wagon,rejected,T129,,No Retrofit Needed
9800.25,2025-12-07T19:20:15+00:00,W0002,wagon,rejected,T129,,No Retrofit Needed
9800.25,2025-12-07T19:20:15+00:00,W11510,wagon,rejected,T129,,No Retrofit Needed
9800.25,2025-12-07T19:20:15+00:00,W9143,wagon,arrived,T129,,
9800.25,2025-12-07T19:20:15+00:00,W10883,wagon,arrived,T129,,
9800.25,2025-12-07T19:20:15+00:00,W10896,wagon,arrived,T129,,
9811.0,2025-12-07T19:31:00+00:00,W0367,wagon,retrofitted,,,
9811.0,2025-12-07T19:31:00+00:00,W11953,wagon,retrofitted,,,
9816.0,2025-12-07T19:36:00+00:00,LOCO_02,locomotive,assigned,,,
9819.0,2025-12-07T19:39:00+00:00,LOCO_02,locomotive,moving,,,
9819.0,2025-12-07T19:39:00+00:00,W9237,wagon,moving,,,
9842.5,2025-12-07T20:02:30+00:00,LOCO_01,locomotive,moving,,,
9849.5,2025-12-07T20:09:30+00:00,LOCO_01,locomotive,moving,,,
9849.5,2025-12-07T20:09:30+00:00,W9358,wagon,moving,,,
9849.5,2025-12-07T20:09:30+00:00,W11195,wagon,moving,,,
9854.5,2025-12-07T20:14:30+00:00,LOCO_01,locomotive,moving,,,
9859.5,2025-12-07T20:19:30+00:00,LOCO_01,locomotive,moving,,,
9866.5,2025-12-07T20:26:30+00:00,LOCO_01,locomotive,moving,,,
9866.5,2025-12-07T20:26:30+00:00,W0367,wagon,moving,,,
9866.5,2025-12-07T20:26:30+00:00,W11953,wagon,moving,,,
9871.5,2025-12-07T20:31:30+00:00,LOCO_01,locomotive,moving,,,
9878.5,2025-12-07T20:38:30+00:00,LOCO_01,locomotive,moving,,,
9879.0,2025-12-07T20:39:00+00:00,W9237,wagon,queued,,,
9882.0,2025-12-07T20:42:00+00:00,LOCO_02,locomotive,moving,,,
9886.5,2025-12-07T20:46:30+00:00,LOCO_01,locomotive,moving,,,
9886.5,2025-12-07T20:46:30+00:00,W0411,wagon,moving,,,
9886.5,2025-12-07T20:46:30+00:00,W4337,wagon,moving,,,
9889.0,2025-12-07T20:49:00+00:00,LOCO_02,locomotive,moving,,,
9891.5,2025-12-07T20:51:30+00:00,W0411,wagon,in_workshop,,,
9891.5,2025-12-07T20:51:30+00:00,W4337,wagon,in_workshop,,,
9896.5,2025-12-07T20:56:30+00:00,W10303,wagon,arrived,T130,,
9896.5,2025-12-07T20:56:30+00:00,W5395,wagon,arrived,T130,,
9896.5,2025-12-07T20:56:30+00:00,W2774,wagon,arrived,T130,,
9896.5,2025-12-07T20:56:30+00:00,W10233,wagon,arrived,T130,,
9896.5,2025-12-07T20:56:30+00:00,W2815,wagon,arrived,T130,,
9897.0,2025-12-07T20:57:00+00:00,LOCO_02,locomotive,moving,,,
9897.0,2025-12-07T20:57:00+00:00,W2166,wagon,moving,,,
9897.0,2025-12-07T20:57:00+00:00,W4457,wagon,moving,,,
9897.5,2025-12-07T20:57:30+00:00,W0411,wagon,in_workshop,,,
9897.5,2025-12-07T20:57:30+00:00,W4337,wagon,in_workshop,,,
9897.5,2025-12-07T20:57:30+00:00,LOCO_01,locomotive,moving,,,
9902.0,2025-12-07T21:02:00+00:00,W2166,wagon,in_workshop,,,
9902.0,2025-12-07T21:02:00+00:00,W4457,wagon,in_workshop,,,
9902.5,2025-12-07T21:02:30+00:00,LOCO_01,locomotive,assigned,,,
9902.5,2025-12-07T21:02:30+00:00,LOCO_01,locomotive,moving,,,
9908.0,2025-12-07T21:08:00+00:00,W2166,wagon,in_workshop,,,
9908.0,2025-12-07T21:08:00+00:00,W4457,wagon,in_workshop,,,
9908.0,2025-12-07T21:08:00+00:00,LOCO_02,locomotive,moving,,,
9909.5,2025-12-07T21:09:30+00:00,LOCO_01,locomotive,moving,,,
9913.0,2025-12-07T21:13:00+00:00,LOCO_02,locomotive,moving,,,
9957.5,2025-12-07T21:57:30+00:00,W0411,wagon,retrofitted,,,
9957.5,2025-12-07T21:57:30+00:00,W4337,wagon,retrofitted,,,
9968.0,2025-12-07T22:08:00+00:00,W2166,wagon,retrofitted,,,
9968.0,2025-12-07T22:08:00+00:00,W4457,wagon,retrofitted,,,
9973.0,2025-12-07T22:13:00+00:00,LOCO_02,locomotive,assigned,,,
9984.0,2025-12-07T22:24:00+00:00,LOCO_02,locomotive,moving,,,
9984.0,2025-12-07T22:24:00+00:00,W0888,wagon,moving,,,
9984.0,2025-12-07T22:24:00+00:00,W5821,wagon,moving,,,
9984.0,2025-12-07T22:24:00+00:00,W6008,wagon,moving,,,
9984.0,2025-12-07T22:24:00+00:00,W0293,wagon,moving,,,
9984.0,2025-12-07T22:24:00+00:00,W0167,wagon,moving,,,
9986.0,2025-12-07T22:26:00+00:00,W8578,wagon,parked,,,
9986.0,2025-12-07T22:26:00+00:00,W0948,wagon,parked,,,
9986.0,2025-12-07T22:26:00+00:00,LOCO_01,locomotive,moving,,,
10041.5,2025-12-07T23:21:30+00:00,W2846,wagon,arrived,T131,,
10041.5,2025-12-07T23:21:30+00:00,W5760,wagon,arrived,T131,,
10041.5,2025-12-07T23:21:30+00:00,W6421,wagon,arrived,T131,,
10041.5,2025-12-07T23:21:30+00:00,W4802,wagon,arrived,T131,,
10044.0,2025-12-07T23:24:00+00:00,W0888,wagon,queued,,,
10044.0,2025-12-07T23:24:00+00:00,W5821,wagon,queued,,,
10044.0,2025-12-07T23:24:00+00:00,W6008,wagon,queued,,,
10044.0,2025-12-07T23:24:00+00:00,W0293,wagon,queued,,,
10044.0,2025-12-07T23:24:00+00:00,W0167,wagon,queued,,,
10046.0,2025-12-07T23:26:00+00:00,LOCO_01,locomotive,moving,,,
10053.0,2025-12-07T23:33:00+00:00,LOCO_01,locomotive,moving,,,
10053.0,2025-12-07T23:33:00+00:00,W0411,wagon,moving,,,
10053.0,2025-12-07T23:33:00+00:00,W4337,wagon,moving,,,
10058.0,2025-12-07T23:38:00+00:00,LOCO_01,locomotive,moving,,,
10063.0,2025-12-07T23:43:00+00:00,LOCO_01,locomotive,moving,,,
10065.5,2025-12-07T23:45:30+00:00,W8616,wagon,rejected,T132,,NO_COLLECTION_TRACK
10070.0,2025-12-07T23:50:00+00:00,LOCO_01,locomotive,moving,,,
10070.0,2025-12-07T23:50:00+00:00,W2166,wagon,moving,,,
10070.0,2025-12-07T23:50:00+00:00,W4457,wagon,moving,,,
10071.0,2025-12-07T23:51:00+00:00,LOCO_02,locomotive,moving,,,
10073.25,2025-12-07T23:53:15+00:00,W10387,wagon,rejected,T133,,NO_COLLECTION_TRACK
10073.25,2025-12-07T23:53:15+00:00,W10959,wagon,rejected,T133,,NO_COLLECTION_TRACK
10073.25,2025-12-07T23:53:15+00:00,W1888,wagon,rejected,T133,,NO_COLLECTION_TRACK
10073.25,2025-12-07T23:53:15+00:00,W0139,wagon,rejected,T133,,NO_COLLECTION_TRACK
10073.25,2025-12-07T23:53:15+00:00,W10100,wagon,arrived,T133,,
10075.0,2025-12-07T23:55:00+00:00,LOCO_01,locomotive,moving,,,
10078.0,2025-12-07T23:58:00+00:00,LOCO_02,locomotive,moving,,,
10080.0,2025-12-08T00:00:00+00:00,LOCO_01,locomotive,assigned,,,
10080.0,2025-12-08T00:00:00+00:00,LOCO_01,locomotive,moving,,,
10086.0,2025-12-08T00:06:00+00:00,LOCO_02,locomotive,moving,,,
10086.0,2025-12-08T00:06:00+00:00,W5612,wagon,moving,,,
10086.0,2025-12-08T00:06:00+00:00,W0928,wagon,moving,,,
10088.0,2025-12-08T00:08:00+00:00,LOCO_01,locomotive,moving,,,
10091.0,2025-12-08T00:11:00+00:00,W5612,wagon,in_workshop,,,
10091.0,2025-12-08T00:11:00+00:00,W0928,wagon,in_workshop,,,
10097.0,2025-12-08T00:17:00+00:00,W5612,wagon,in_workshop,,,
10097.0,2025-12-08T00:17:00+00:00,W0928,wagon,in_workshop,,,
10097.0,2025-12-08T00:17:00+00:00,LOCO_02,locomotive,moving,,,
10104.0,2025-12-08T00:24:00+00:00,LOCO_02,locomotive,moving,,,
10112.0,2025-12-08T00:32:00+00:00,W10330,wagon,rejected,T134,,No Retrofit Needed
10112.0,2025-12-08T00:32:00+00:00,LOCO_02,locomotive,moving,,,
10112.0,2025-12-08T00:32:00+00:00,W12177,wagon,moving,,,
10112.0,2025-12-08T00:32:00+00:00,W9237,wagon,moving,,,
10117.0,2025-12-08T00:37:00+00:00,W12177,wagon,in_workshop,,,
10117.0,2025-12-08T00:37:00+00:00,W9237,wagon,in_workshop,,,
10122.75,2025-12-08T00:42:45+00:00,W2165,wagon,arrived,T135,,
10123.0,2025-12-08T00:43:00+00:00,W12177,wagon,in_workshop,,,
10123.0,2025-12-08T00:43:00+00:00,W9237,wagon,in_workshop,,,
10123.0,2025-12-08T00:43:00+00:00,LOCO_02,locomotive,moving,,,
10128.0,2025-12-08T00:48:00+00:00,LOCO_02,locomotive,moving,,,
10157.0,2025-12-08T01:17:00+00:00,W5612,wagon,retrofitted,,,
10157.0,2025-12-08T01:17:00+00:00,W0928,wagon,retrofitted,,,
10166.5,2025-12-08T01:26:30+00:00,W9358,wagon,parked,,,
10166.5,2025-12-08T01:26:30+00:00,W11195,wagon,parked,,,
10166.5,2025-12-08T01:26:30+00:00,W0367,wagon,parked,,,
10166.5,2025-12-08T01:26:30+00:00,W11953,wagon,parked,,,
10166.5,2025-12-08T01:26:30+00:00,LOCO_01,locomotive,moving,,,
10183.0,2025-12-08T01:43:00+00:00,W12177,wagon,retrofitted,,,
10183.0,2025-12-08T01:43:00+00:00,W9237,wagon,retrofitted,,,
10188.0,2025-12-08T01:48:00+00:00,LOCO_02,locomotive,assigned,,,
10205.0,2025-12-08T02:05:00+00:00,LOCO_02,locomotive,moving,,,
10205.0,2025-12-08T02:05:00+00:00,W2853,wagon,moving,,,
10205.0,2025-12-08T02:05:00+00:00,W2415,wagon,moving,,,
10205.0,2025-12-08T02:05:00+00:00,W2112,wagon,moving,,,
10205.0,2025-12-08T02:05:00+00:00,W7400,wagon,moving,,,
10205.0,2025-12-08T02:05:00+00:00,W0606,wagon,moving,,,
10205.0,2025-12-08T02:05:00+00:00,W10249,wagon,moving,,,
10205.0,2025-12-08T02:05:00+00:00,W10814,wagon,moving,,,
10205.0,2025-12-08T02:05:00+00:00,W4915,wagon,moving,,,
10226.5,2025-12-08T02:26:30+00:00,LOCO_01,locomotive,moving,,,
10227.75,2025-12-08T02:27:45+00:00,W5834,wagon,rejected,T136,,No Retrofit Needed
10227.75,2025-12-08T02:27:45+00:00,W5838,wagon,rejected,T136,,No Retrofit Needed
10227.75,2025-12-08T02:27:45+00:00,W2736,wagon,rejected,T136,,NO_COLLECTION_TRACK
10227.75,2025-12-08T02:27:45+00:00,W10873,wagon,rejected,T136,,NO_COLLECTION_TRACK
10227.75,2025-12-08T02:27:45+00:00,W9427,wagon,rejected,T136,,NO_COLLECTION_TRACK
10233.5,2025-12-08T02:33:30+00:00,LOCO_01,locomotive,moving,,,
10233.5,2025-12-08T02:33:30+00:00,W5612,wagon,moving,,,
10233.5,2025-12-08T02:33:30+00:00,W0928,wagon,moving,,,
10238.5,2025-12-08T02:38:30+00:00,LOCO_01,locomotive,moving,,,
10243.5,2025-12-08T02:43:30+00:00,LOCO_01,locomotive,moving,,,
10250.5,2025-12-08T02:50:30+00:00,LOCO_01,locomotive,moving,,,
10250.5,2025-12-08T02:50:30+00:00,W12177,wagon,moving,,,
10250.5,2025-12-08T02:50:30+00:00,W9237,wagon,moving,,,
10253.0,2025-12-08T02:53:00+00:00,W0234,wagon,rejected,T137,,NO_COLLECTION_TRACK
10253.0,2025-12-08T02:53:00+00:00,W12229,wagon,rejected,T137,,NO_COLLECTION_TRACK
10253.0,2025-12-08T02:53:00+00:00,W6323,wagon,arrived,T137,,
10255.5,2025-12-08T02:55:30+00:00,LOCO_01,locomotive,moving,,,
10262.5,2025-12-08T03:02:30+00:00,LOCO_01,locomotive,moving,,,
10265.0,2025-12-08T03:05:00+00:00,W2853,wagon,queued,,,
10265.0,2025-12-08T03:05:00+00:00,W2415,wagon,queued,,,
10265.0,2025-12-08T03:05:00+00:00,W2112,wagon,queued,,,
10265.0,2025-12-08T03:05:00+00:00,W7400,wagon,queued,,,
10265.0,2025-12-08T03:05:00+00:00,W0606,wagon,queued,,,
10265.0,2025-12-08T03:05:00+00:00,W10249,wagon,queued,,,
10265.0,2025-12-08T03:05:00+00:00,W10814,wagon,queued,,,
10265.0,2025-12-08T03:05:00+00:00,W4915,wagon,queued,,,
10270.5,2025-12-08T03:10:30+00:00,LOCO_01,locomotive,moving,,,
10270.5,2025-12-08T03:10:30+00:00,W0888,wagon,moving,,,
10270.5,2025-12-08T03:10:30+00:00,W5821,wagon,moving,,,
10275.5,2025-12-08T03:15:30+00:00,W0888,wagon,in_workshop,,,
10275.5,2025-12-08T03:15:30+00:00,W5821,wagon,in_workshop,,,
10281.5,2025-12-08T03:21:30+00:00,W0888,wagon,in_workshop,,,
10281.5,2025-12-08T03:21:30+00:00,W5821,wagon,in_workshop,,,
10281.5,2025-12-08T03:21:30+00:00,LOCO_01,locomotive,moving,,,
10288.5,2025-12-08T03:28:30+00:00,LOCO_01,locomotive,moving,,,
10296.5,2025-12-08T03:36:30+00:00,LOCO_01,locomotive,moving,,,
10296.5,2025-12-08T03:36:30+00:00,W6008,wagon,moving,,,
10296.5,2025-12-08T03:36:30+00:00,W0293,wagon,moving,,,
10301.5,2025-12-08T03:41:30+00:00,W6008,wagon,in_workshop,,,
10301.5,2025-12-08T03:41:30+00:00,W0293,wagon,in_workshop,,,
10307.5,2025-12-08T03:47:30+00:00,W6008,wagon,in_workshop,,,
10307.5,2025-12-08T03:47:30+00:00,W0293,wagon,in_workshop,,,
10307.5,2025-12-08T03:47:30+00:00,LOCO_01,locomotive,moving,,,
10310.0,2025-12-08T03:50:00+00:00,LOCO_02,locomotive,moving,,,
10312.5,2025-12-08T03:52:30+00:00,LOCO_01,locomotive,assigned,,,
10312.5,2025-12-08T03:52:30+00:00,LOCO_01,locomotive,moving,,,
10315.0,2025-12-08T03:55:00+00:00,LOCO_02,locomotive,moving,,,
10320.5,2025-12-08T04:00:30+00:00,LOCO_01,locomotive,moving,,,
10329.0,2025-12-08T04:09:00+00:00,W0411,wagon,parked,,,
10329.0,2025-12-08T04:09:00+00:00,W4337,wagon,parked,,,
10329.0,2025-12-08T04:09:00+00:00,W2166,wagon,parked,,,
10329.0,2025-12-08T04:09:00+00:00,W4457,wagon,parked,,,
10329.0,2025-12-08T04:09:00+00:00,LOCO_01,locomotive,moving,,,
10334.0,2025-12-08T04:14:00+00:00,LOCO_01,locomotive,moving,,,
10341.5,2025-12-08T04:21:30+00:00,W0888,wagon,retrofitted,,,
10341.5,2025-12-08T04:21:30+00:00,W5821,wagon,retrofitted,,,
10367.5,2025-12-08T04:47:30+00:00,W6008,wagon,retrofitted,,,
10367.5,2025-12-08T04:47:30+00:00,W0293,wagon,retrofitted,,,
10375.0,2025-12-08T04:55:00+00:00,LOCO_02,locomotive,assigned,,,
10380.0,2025-12-08T05:00:00+00:00,LOCO_02,locomotive,moving,,,
10380.0,2025-12-08T05:00:00+00:00,W0128,wagon,moving,,,
10380.0,2025-12-08T05:00:00+00:00,W5989,wagon,moving,,,
10394.0,2025-12-08T05:14:00+00:00,LOCO_01,locomotive,assigned,,,
10407.0,2025-12-08T05:27:00+00:00,LOCO_01,locomotive,moving,,,
10407.0,2025-12-08T05:27:00+00:00,W0881,wagon,moving,,,
10407.0,2025-12-08T05:27:00+00:00,W9355,wagon,moving,,,
10407.0,2025-12-08T05:27:00+00:00,W0680,wagon,moving,,,
10407.0,2025-12-08T05:27:00+00:00,W11050,wagon,moving,,,
10407.0,2025-12-08T05:27:00+00:00,W12319,wagon,moving,,,
10407.0,2025-12-08T05:27:00+00:00,W6704,wagon,moving,,,
10420.25,2025-12-08T05:40:15+00:00,W11261,wagon,rejected,T138,,No Retrofit Needed
10420.25,2025-12-08T05:40:15+00:00,W11269,wagon,rejected,T138,,No Retrofit Needed
10420.25,2025-12-08T05:40:15+00:00,W2973,wagon,rejected,T138,,No Retrofit Needed
10420.25,2025-12-08T05:40:15+00:00,W2910,wagon,arrived,T138,,
10420.25,2025-12-08T05:40:15+00:00,W0681,wagon,arrived,T138,,
10420.25,2025-12-08T05:40:15+00:00,W8552,wagon,arrived,T138,,
10423.5,2025-12-08T05:43:30+00:00,W4422,wagon,rejected,T139,,NO_COLLECTION_TRACK
10423.5,2025-12-08T05:43:30+00:00,W4392,wagon,rejected,T139,,NO_COLLECTION_TRACK
10423.5,2025-12-08T05:43:30+00:00,W0237,wagon,rejected,T139,,NO_COLLECTION_TRACK
10423.5,2025-12-08T05:43:30+00:00,W9833,wagon,rejected,T139,,NO_COLLECTION_TRACK
10423.5,2025-12-08T05:43:30+00:00,W0841,wagon,rejected,T139,,NO_COLLECTION_TRACK
10423.5,2025-12-08T05:43:30+00:00,W12221,wagon,arrived,T139,,
10430.25,2025-12-08T05:50:15+00:00,W6734,wagon,rejected,T140,,NO_COLLECTION_TRACK
10430.25,2025-12-08T05:50:15+00:00,W4085,wagon,rejected,T140,,NO_COLLECTION_TRACK
10430.25,2025-12-08T05:50:15+00:00,W3909,wagon,rejected,T140,,NO_COLLECTION_TRACK
10430.25,2025-12-08T05:50:15+00:00,W3822,wagon,rejected,T140,,NO_COLLECTION_TRACK
10430.25,2025-12-08T05:50:15+00:00,W4571,wagon,rejected,T140,,NO_COLLECTION_TRACK
10440.0,2025-12-08T06:00:00+00:00,W0128,wagon,queued,,,
10440.0,2025-12-08T06:00:00+00:00,W5989,wagon,queued,,,
10449.0,2025-12-08T06:09:00+00:00,LOCO_02,locomotive,moving,,,
10454.0,2025-12-08T06:14:00+00:00,LOCO_02,locomotive,moving,,,
10461.0,2025-12-08T06:21:00+00:00,LOCO_02,locomotive,moving,,,
10461.0,2025-12-08T06:21:00+00:00,W0888,wagon,moving,,,
10461.0,2025-12-08T06:21:00+00:00,W5821,wagon,moving,,,
10466.0,2025-12-08T06:26:00+00:00,LOCO_02,locomotive,moving,,,
10467.0,2025-12-08T06:27:00+00:00,W0881,wagon,queued,,,
10467.0,2025-12-08T06:27:00+00:00,W9355,wagon,queued,,,
10467.0,2025-12-08T06:27:00+00:00,W0680,wagon,queued,,,
10467.0,2025-12-08T06:27:00+00:00,W11050,wagon,queued,,,
10467.0,2025-12-08T06:27:00+00:00,W12319,wagon,queued,,,
10467.0,2025-12-08T06:27:00+00:00,W6704,wagon,queued,,,
10471.0,2025-12-08T06:31:00+00:00,LOCO_02,locomotive,moving,,,
10478.0,2025-12-08T06:38:00+00:00,LOCO_02,locomotive,moving,,,
10478.0,2025-12-08T06:38:00+00:00,W6008,wagon,moving,,,
10478.0,2025-12-08T06:38:00+00:00,W0293,wagon,moving,,,
10483.0,2025-12-08T06:43:00+00:00,LOCO_02,locomotive,moving,,,
10490.0,2025-12-08T06:50:00+00:00,LOCO_02,locomotive,moving,,,
10498.0,2025-12-08T06:58:00+00:00,LOCO_02,locomotive,moving,,,
10498.0,2025-12-08T06:58:00+00:00,W0167,wagon,moving,,,
10498.0,2025-12-08T06:58:00+00:00,W2853,wagon,moving,,,
10500.0,2025-12-08T07:00:00+00:00,W9043,wagon,rejected,T141,,No Retrofit Needed
10500.0,2025-12-08T07:00:00+00:00,W10772,wagon,rejected,T141,,No Retrofit Needed
10500.0,2025-12-08T07:00:00+00:00,W318166502860,wagon,rejected,T141,,No Retrofit Needed
10500.0,2025-12-08T07:00:00+00:00,W1419,wagon,rejected,T141,,NO_COLLECTION_TRACK
10500.0,2025-12-08T07:00:00+00:00,LOCO_01,locomotive,moving,,,
10503.0,2025-12-08T07:03:00+00:00,W0167,wagon,in_workshop,,,
10503.0,2025-12-08T07:03:00+00:00,W2853,wagon,in_workshop,,,
10507.0,2025-12-08T07:07:00+00:00,LOCO_01,locomotive,moving,,,
10509.0,2025-12-08T07:09:00+00:00,W0167,wagon,in_workshop,,,
10509.0,2025-12-08T07:09:00+00:00,W2853,wagon,in_workshop,,,
10509.0,2025-12-08T07:09:00+00:00,LOCO_02,locomotive,moving,,,
10514.0,2025-12-08T07:14:00+00:00,LOCO_02,locomotive,assigned,,,
10514.0,2025-12-08T07:14:00+00:00,LOCO_02,locomotive,moving,,,
10515.0,2025-12-08T07:15:00+00:00,LOCO_01,locomotive,moving,,,
10515.0,2025-12-08T07:15:00+00:00,W2415,wagon,moving,,,
10515.0,2025-12-08T07:15:00+00:00,W2112,wagon,moving,,,
10520.0,2025-12-08T07:20:00+00:00,W2415,wagon,in_workshop,,,
10520.0,2025-12-08T07:20:00+00:00,W2112,wagon,in_workshop,,,
10522.0,2025-12-08T07:22:00+00:00,LOCO_02,locomotive,moving,,,
10526.0,2025-12-08T07:26:00+00:00,W2415,wagon,in_workshop,,,
10526.0,2025-12-08T07:26:00+00:00,W2112,wagon,in_workshop,,,
10526.0,2025-12-08T07:26:00+00:00,LOCO_01,locomotive,moving,,,
10531.0,2025-12-08T07:31:00+00:00,LOCO_01,locomotive,moving,,,
10569.0,2025-12-08T08:09:00+00:00,W0167,wagon,retrofitted,,,
10569.0,2025-12-08T08:09:00+00:00,W2853,wagon,retrofitted,,,
10585.5,2025-12-08T08:25:30+00:00,W5612,wagon,parked,,,
10585.5,2025-12-08T08:25:30+00:00,W0928,wagon,parked,,,
10585.5,2025-12-08T08:25:30+00:00,W12177,wagon,parked,,,
10585.5,2025-12-08T08:25:30+00:00,W9237,wagon,parked,,,
10585.5,2025-12-08T08:25:30+00:00,LOCO_02,locomotive,moving,,,
10586.0,2025-12-08T08:26:00+00:00,W2415,wagon,retrofitted,,,
10586.0,2025-12-08T08:26:00+00:00,W2112,wagon,retrofitted,,,
10591.0,2025-12-08T08:31:00+00:00,LOCO_01,locomotive,assigned,,,
10593.5,2025-12-08T08:33:30+00:00,W9959,wagon,rejected,T142,,No Retrofit Needed
10593.5,2025-12-08T08:33:30+00:00,W12179,wagon,rejected,T142,,NO_COLLECTION_TRACK
10593.5,2025-12-08T08:33:30+00:00,W0131,wagon,rejected,T142,,NO_COLLECTION_TRACK
10593.5,2025-12-08T08:33:30+00:00,W5173,wagon,arrived,T142,,
10593.5,2025-12-08T08:33:30+00:00,W4380,wagon,arrived,T142,,
10593.5,2025-12-08T08:33:30+00:00,W5872,wagon,arrived,T142,,
10593.5,2025-12-08T08:33:30+00:00,W6989,wagon,arrived,T142,,
10593.5,2025-12-08T08:33:30+00:00,W0093,wagon,arrived,T142,,
10594.0,2025-12-08T08:34:00+00:00,LOCO_01,locomotive,moving,,,
10594.0,2025-12-08T08:34:00+00:00,W5415,wagon,moving,,,
10616.5,2025-12-08T08:56:30+00:00,W8335,wagon,rejected,T143,,NO_COLLECTION_TRACK
10616.5,2025-12-08T08:56:30+00:00,W7282,wagon,rejected,T143,,NO_COLLECTION_TRACK
10616.5,2025-12-08T08:56:30+00:00,W12073,wagon,rejected,T143,,NO_COLLECTION_TRACK
10645.5,2025-12-08T09:25:30+00:00,LOCO_02,locomotive,moving,,,
10652.5,2025-12-08T09:32:30+00:00,LOCO_02,locomotive,moving,,,
10652.5,2025-12-08T09:32:30+00:00,W0167,wagon,moving,,,
10652.5,2025-12-08T09:32:30+00:00,W2853,wagon,moving,,,
10654.0,2025-12-08T09:34:00+00:00,W5415,wagon,queued,,,
10657.0,2025-12-08T09:37:00+00:00,LOCO_01,locomotive,moving,,,
10657.5,2025-12-08T09:37:30+00:00,LOCO_02,locomotive,moving,,,
10662.0,2025-12-08T09:42:00+00:00,LOCO_01,locomotive,moving,,,
10662.5,2025-12-08T09:42:30+00:00,LOCO_02,locomotive,assigned,,,
10662.5,2025-12-08T09:42:30+00:00,LOCO_02,locomotive,moving,,,
10669.0,2025-12-08T09:49:00+00:00,LOCO_01,locomotive,moving,,,
10669.0,2025-12-08T09:49:00+00:00,W2415,wagon,moving,,,
10669.0,2025-12-08T09:49:00+00:00,W2112,wagon,moving,,,
10670.5,2025-12-08T09:50:30+00:00,LOCO_02,locomotive,moving,,,
10674.0,2025-12-08T09:54:00+00:00,LOCO_01,locomotive,moving,,,
10681.0,2025-12-08T10:01:00+00:00,LOCO_01,locomotive,moving,,,
10689.0,2025-12-08T10:09:00+00:00,LOCO_01,locomotive,moving,,,
10689.0,2025-12-08T10:09:00+00:00,W7400,wagon,moving,,,
10689.0,2025-12-08T10:09:00+00:00,W0606,wagon,moving,,,
10694.0,2025-12-08T10:14:00+00:00,W7400,wagon,in_workshop,,,
10694.0,2025-12-08T10:14:00+00:00,W0606,wagon,in_workshop,,,
10700.0,2025-12-08T10:20:00+00:00,W7400,wagon,in_workshop,,,
10700.0,2025-12-08T10:20:00+00:00,W0606,wagon,in_workshop,,,
10700.0,2025-12-08T10:20:00+00:00,LOCO_01,locomotive,moving,,,
10707.0,2025-12-08T10:27:00+00:00,LOCO_01,locomotive,moving,,,
10715.0,2025-12-08T10:35:00+00:00,LOCO_01,locomotive,moving,,,
10715.0,2025-12-08T10:35:00+00:00,W10249,wagon,moving,,,
10715.0,2025-12-08T10:35:00+00:00,W10814,wagon,moving,,,
10720.0,2025-12-08T10:40:00+00:00,W10249,wagon,in_workshop,,,
10720.0,2025-12-08T10:40:00+00:00,W10814,wagon,in_workshop,,,
10726.0,2025-12-08T10:46:00+00:00,W10249,wagon,in_workshop,,,
10726.0,2025-12-08T10:46:00+00:00,W10814,wagon,in_workshop,,,
10726.0,2025-12-08T10:46:00+00:00,LOCO_01,locomotive,moving,,,
10731.0,2025-12-08T10:51:00+00:00,LOCO_01,locomotive,moving,,,
10734.0,2025-12-08T10:54:00+00:00,W0888,wagon,parked,,,
10734.0,2025-12-08T10:54:00+00:00,W5821,wagon,parked,,,
10734.0,2025-12-08T10:54:00+00:00,W6008,wagon,parked,,,
10734.0,2025-12-08T10:54:00+00:00,W0293,wagon,parked,,,
10734.0,2025-12-08T10:54:00+00:00,LOCO_02,locomotive,moving,,,
10760.0,2025-12-08T11:20:00+00:00,W7400,wagon,retrofitted,,,
10760.0,2025-12-08T11:20:00+00:00,W0606,wagon,retrofitted,,,
10786.0,2025-12-08T11:46:00+00:00,W10249,wagon,retrofitted,,,
10786.0,2025-12-08T11:46:00+00:00,W10814,wagon,retrofitted,,,
10788.0,2025-12-08T11:48:00+00:00,W0139,wagon,rejected,T144,,No Retrofit Needed
10791.0,2025-12-08T11:51:00+00:00,LOCO_01,locomotive,assigned,,,
10793.25,2025-12-08T11:53:15+00:00,W0698,wagon,rejected,T145,,NO_COLLECTION_TRACK
10793.25,2025-12-08T11:53:15+00:00,W10150,wagon,rejected,T145,,NO_COLLECTION_TRACK
10793.25,2025-12-08T11:53:15+00:00,W4099,wagon,rejected,T145,,NO_COLLECTION_TRACK
10793.25,2025-12-08T11:53:15+00:00,W12116,wagon,arrived,T145,,
10794.0,2025-12-08T11:54:00+00:00,LOCO_02,locomotive,moving,,,
10795.0,2025-12-08T11:55:00+00:00,W12155,wagon,rejected,T146,,NO_COLLECTION_TRACK
10795.0,2025-12-08T11:55:00+00:00,W5987,wagon,rejected,T146,,NO_COLLECTION_TRACK
10795.0,2025-12-08T11:55:00+00:00,W10815,wagon,rejected,T146,,NO_COLLECTION_TRACK
10795.0,2025-12-08T11:55:00+00:00,W9311,wagon,rejected,T146,,NO_COLLECTION_TRACK
10795.0,2025-12-08T11:55:00+00:00,W8090,wagon,rejected,T146,,NO_COLLECTION_TRACK
10796.75,2025-12-08T11:56:45+00:00,W7601,wagon,rejected,T147,,NO_COLLECTION_TRACK
10796.75,2025-12-08T11:56:45+00:00,W0839,wagon,rejected,T147,,NO_COLLECTION_TRACK
10796.75,2025-12-08T11:56:45+00:00,W0848,wagon,rejected,T147,,NO_COLLECTION_TRACK
10796.75,2025-12-08T11:56:45+00:00,W5493,wagon,rejected,T147,,NO_COLLECTION_TRACK
10798.0,2025-12-08T11:58:00+00:00,LOCO_01,locomotive,moving,,,
10798.0,2025-12-08T11:58:00+00:00,W10772,wagon,moving,,,
10798.0,2025-12-08T11:58:00+00:00,W5316,wagon,moving,,,
10798.0,2025-12-08T11:58:00+00:00,W9043,wagon,moving,,,
10801.0,2025-12-08T12:01:00+00:00,LOCO_02,locomotive,moving,,,
10801.0,2025-12-08T12:01:00+00:00,W7400,wagon,moving,,,
10801.0,2025-12-08T12:01:00+00:00,W0606,wagon,moving,,,
10806.0,2025-12-08T12:06:00+00:00,LOCO_02,locomotive,moving,,,
10811.0,2025-12-08T12:11:00+00:00,LOCO_02,locomotive,moving,,,
10818.0,2025-12-08T12:18:00+00:00,LOCO_02,locomotive,moving,,,
10818.0,2025-12-08T12:18:00+00:00,W10249,wagon,moving,,,
10818.0,2025-12-08T12:18:00+00:00,W10814,wagon,moving,,,
10823.0,2025-12-08T12:23:00+00:00,LOCO_02,locomotive,moving,,,
10830.0,2025-12-08T12:30:00+00:00,LOCO_02,locomotive,moving,,,
10838.0,2025-12-08T12:38:00+00:00,LOCO_02,locomotive,moving,,,
10838.0,2025-12-08T12:38:00+00:00,W4915,wagon,moving,,,
10838.0,2025-12-08T12:38:00+00:00,W0128,wagon,moving,,,
10842.75,2025-12-08T12:42:45+00:00,W6352,wagon,rejected,T148,,No Retrofit Needed
10842.75,2025-12-08T12:42:45+00:00,W2444,wagon,rejected,T148,,No Retrofit Needed
10843.0,2025-12-08T12:43:00+00:00,W4915,wagon,in_workshop,,,
10843.0,2025-12-08T12:43:00+00:00,W0128,wagon,in_workshop,,,
10849.0,2025-12-08T12:49:00+00:00,W4915,wagon,in_workshop,,,
10849.0,2025-12-08T12:49:00+00:00,W0128,wagon,in_workshop,,,
10849.0,2025-12-08T12:49:00+00:00,LOCO_02,locomotive,moving,,,
10856.0,2025-12-08T12:56:00+00:00,LOCO_02,locomotive,moving,,,
10858.0,2025-12-08T12:58:00+00:00,W10772,wagon,queued,,,
10858.0,2025-12-08T12:58:00+00:00,W5316,wagon,queued,,,
10858.0,2025-12-08T12:58:00+00:00,W9043,wagon,queued,,,
10860.25,2025-12-08T13:00:15+00:00,W0962,wagon,rejected,T149,,No Retrofit Needed
10860.25,2025-12-08T13:00:15+00:00,W1888,wagon,rejected,T149,,No Retrofit Needed
10860.25,2025-12-08T13:00:15+00:00,W0013,wagon,rejected,T149,,NO_COLLECTION_TRACK
10864.0,2025-12-08T13:04:00+00:00,LOCO_02,locomotive,moving,,,
10864.0,2025-12-08T13:04:00+00:00,W5989,wagon,moving,,,
10864.0,2025-12-08T13:04:00+00:00,W0881,wagon,moving,,,
10869.0,2025-12-08T13:09:00+00:00,W5989,wagon,in_workshop,,,
10869.0,2025-12-08T13:09:00+00:00,W0881,wagon,in_workshop,,,
10873.0,2025-12-08T13:13:00+00:00,LOCO_01,locomotive,moving,,,
10875.0,2025-12-08T13:15:00+00:00,W5989,wagon,in_workshop,,,
10875.0,2025-12-08T13:15:00+00:00,W0881,wagon,in_workshop,,,
10875.0,2025-12-08T13:15:00+00:00,LOCO_02,locomotive,moving,,,
10878.0,2025-12-08T13:18:00+00:00,LOCO_01,locomotive,assigned,,,
10878.0,2025-12-08T13:18:00+00:00,LOCO_01,locomotive,moving,,,
10880.0,2025-12-08T13:20:00+00:00,LOCO_02,locomotive,moving,,,
10886.0,2025-12-08T13:26:00+00:00,LOCO_01,locomotive,moving,,,
10909.0,2025-12-08T13:49:00+00:00,W4915,wagon,retrofitted,,,
10909.0,2025-12-08T13:49:00+00:00,W0128,wagon,retrofitted,,,
10935.0,2025-12-08T14:15:00+00:00,W5989,wagon,retrofitted,,,
10935.0,2025-12-08T14:15:00+00:00,W0881,wagon,retrofitted,,,
10940.0,2025-12-08T14:20:00+00:00,LOCO_02,locomotive,assigned,,,
10943.0,2025-12-08T14:23:00+00:00,LOCO_02,locomotive,moving,,,
10943.0,2025-12-08T14:23:00+00:00,W12031,wagon,moving,,,
10947.75,2025-12-08T14:27:45+00:00,W2980,wagon,rejected,T150,,No Retrofit Needed
10947.75,2025-12-08T14:27:45+00:00,W3413,wagon,arrived,T150,,
10947.75,2025-12-08T14:27:45+00:00,W8479,wagon,arrived,T150,,
10947.75,2025-12-08T14:27:45+00:00,W8637,wagon,arrived,T150,,
10947.75,2025-12-08T14:27:45+00:00,W2324,wagon,arrived,T150,,
10947.75,2025-12-08T14:27:45+00:00,W10934,wagon,arrived,T150,,
10947.75,2025-12-08T14:27:45+00:00,W3237,wagon,arrived,T150,,
10964.5,2025-12-08T14:44:30+00:00,W0167,wagon,parked,,,
10964.5,2025-12-08T14:44:30+00:00,W2853,wagon,parked,,,
10964.5,2025-12-08T14:44:30+00:00,W2415,wagon,parked,,,
10964.5,2025-12-08T14:44:30+00:00,W2112,wagon,parked,,,
10964.5,2025-12-08T14:44:30+00:00,LOCO_01,locomotive,moving,,,
10973.75,2025-12-08T14:53:45+00:00,W5611,wagon,rejected,T151,,NO_COLLECTION_TRACK
10973.75,2025-12-08T14:53:45+00:00,W8094,wagon,rejected,T151,,NO_COLLECTION_TRACK
10973.75,2025-12-08T14:53:45+00:00,W2299,wagon,rejected,T151,,NO_COLLECTION_TRACK
10973.75,2025-12-08T14:53:45+00:00,W2263,wagon,rejected,T151,,NO_COLLECTION_TRACK
10973.75,2025-12-08T14:53:45+00:00,W8075,wagon,rejected,T151,,NO_COLLECTION_TRACK
10973.75,2025-12-08T14:53:45+00:00,W5681,wagon,rejected,T151,,NO_COLLECTION_TRACK
10973.75,2025-12-08T14:53:45+00:00,W6409,wagon,rejected,T151,,NO_COLLECTION_TRACK
10973.75,2025-12-08T14:53:45+00:00,W8498,wagon,rejected,T151,,NO_COLLECTION_TRACK
10973.75,2025-12-08T14:53:45+00:00,W2133,wagon,rejected,T151,,NO_COLLECTION_TRACK
10973.75,2025-12-08T14:53:45+00:00,W10562,wagon,rejected,T151,,NO_COLLECTION_TRACK
11003.0,2025-12-08T15:23:00+00:00,W12031,wagon,queued,,,
11006.0,2025-12-08T15:26:00+00:00,LOCO_02,locomotive,moving,,,
11011.0,2025-12-08T15:31:00+00:00,LOCO_02,locomotive,moving,,,
11018.0,2025-12-08T15:38:00+00:00,LOCO_02,locomotive,moving,,,
11018.0,2025-12-08T15:38:00+00:00,W4915,wagon,moving,,,
11018.0,2025-12-08T15:38:00+00:00,W0128,wagon,moving,,,
11023.0,2025-12-08T15:43:00+00:00,LOCO_02,locomotive,moving,,,
11024.5,2025-12-08T15:44:30+00:00,LOCO_01,locomotive,moving,,,
11028.0,2025-12-08T15:48:00+00:00,LOCO_02,locomotive,assigned,,,
11028.0,2025-12-08T15:48:00+00:00,LOCO_02,locomotive,moving,,,
11031.5,2025-12-08T15:51:30+00:00,LOCO_01,locomotive,moving,,,
11031.5,2025-12-08T15:51:30+00:00,W5989,wagon,moving,,,
11031.5,2025-12-08T15:51:30+00:00,W0881,wagon,moving,,,
11036.5,2025-12-08T15:56:30+00:00,LOCO_01,locomotive,moving,,,
11037.0,2025-12-08T15:57:00+00:00,LOCO_02,locomotive,moving,,,
11043.5,2025-12-08T16:03:30+00:00,LOCO_01,locomotive,moving,,,
11047.5,2025-12-08T16:07:30+00:00,W7400,wagon,parked,,,
11047.5,2025-12-08T16:07:30+00:00,W0606,wagon,parked,,,
11047.5,2025-12-08T16:07:30+00:00,W10249,wagon,parked,,,
11047.5,2025-12-08T16:07:30+00:00,W10814,wagon,parked,,,
11047.5,2025-12-08T16:07:30+00:00,W4915,wagon,parked,,,
11047.5,2025-12-08T16:07:30+00:00,W0128,wagon,parked,,,
11047.5,2025-12-08T16:07:30+00:00,LOCO_02,locomotive,moving,,,
11051.5,2025-12-08T16:11:30+00:00,LOCO_01,locomotive,moving,,,
11051.5,2025-12-08T16:11:30+00:00,W9355,wagon,moving,,,
11051.5,2025-12-08T16:11:30+00:00,W0680,wagon,moving,,,
11054.5,2025-12-08T16:14:30+00:00,LOCO_02,locomotive,moving,,,
11056.5,2025-12-08T16:16:30+00:00,W9355,wagon,in_workshop,,,
11056.5,2025-12-08T16:16:30+00:00,W0680,wagon,in_workshop,,,
11062.5,2025-12-08T16:22:30+00:00,W9355,wagon,in_workshop,,,
11062.5,2025-12-08T16:22:30+00:00,W0680,wagon,in_workshop,,,
11062.5,2025-12-08T16:22:30+00:00,LOCO_02,locomotive,moving,,,
11062.5,2025-12-08T16:22:30+00:00,W11050,wagon,moving,,,
11062.5,2025-12-08T16:22:30+00:00,W12319,wagon,moving,,,
11062.5,2025-12-08T16:22:30+00:00,LOCO_01,locomotive,moving,,,
11067.5,2025-12-08T16:27:30+00:00,W11050,wagon,in_workshop,,,
11067.5,2025-12-08T16:27:30+00:00,W12319,wagon,in_workshop,,,
11067.5,2025-12-08T16:27:30+00:00,LOCO_01,locomotive,moving,,,
11073.5,2025-12-08T16:33:30+00:00,W11050,wagon,in_workshop,,,
11073.5,2025-12-08T16:33:30+00:00,W12319,wagon,in_workshop,,,
11073.5,2025-12-08T16:33:30+00:00,LOCO_02,locomotive,moving,,,
11078.5,2025-12-08T16:38:30+00:00,LOCO_02,locomotive,moving,,,
11122.5,2025-12-08T17:22:30+00:00,W9355,wagon,retrofitted,,,
11122.5,2025-12-08T17:22:30+00:00,W0680,wagon,retrofitted,,,
11127.5,2025-12-08T17:27:30+00:00,LOCO_01,locomotive,assigned,,,
11133.5,2025-12-08T17:33:30+00:00,W11050,wagon,retrofitted,,,
11133.5,2025-12-08T17:33:30+00:00,W12319,wagon,retrofitted,,,
11138.5,2025-12-08T17:38:30+00:00,LOCO_02,locomotive,assigned,,,
11141.5,2025-12-08T17:41:30+00:00,LOCO_02,locomotive,moving,,,
11141.5,2025-12-08T17:41:30+00:00,W8714,wagon,moving,,,
11142.5,2025-12-08T17:42:30+00:00,LOCO_01,locomotive,moving,,,
11142.5,2025-12-08T17:42:30+00:00,W2149,wagon,moving,,,
11142.5,2025-12-08T17:42:30+00:00,W5380,wagon,moving,,,
11142.5,2025-12-08T17:42:30+00:00,W0875,wagon,moving,,,
11142.5,2025-12-08T17:42:30+00:00,W9143,wagon,moving,,,
11142.5,2025-12-08T17:42:30+00:00,W10303,wagon,moving,,,
11142.5,2025-12-08T17:42:30+00:00,W5395,wagon,moving,,,
11142.5,2025-12-08T17:42:30+00:00,W2774,wagon,moving,,,
11201.5,2025-12-08T18:41:30+00:00,W8714,wagon,queued,,,
11202.5,2025-12-08T18:42:30+00:00,W2149,wagon,queued,,,
11202.5,2025-12-08T18:42:30+00:00,W5380,wagon,queued,,,
11202.5,2025-12-08T18:42:30+00:00,W0875,wagon,queued,,,
11202.5,2025-12-08T18:42:30+00:00,W9143,wagon,queued,,,
11202.5,2025-12-08T18:42:30+00:00,W10303,wagon,queued,,,
11202.5,2025-12-08T18:42:30+00:00,W5395,wagon,queued,,,
11202.5,2025-12-08T18:42:30+00:00,W2774,wagon,queued,,,
11204.5,2025-12-08T18:44:30+00:00,LOCO_02,locomotive,moving,,,
11209.5,2025-12-08T18:49:30+00:00,LOCO_02,locomotive,moving,,,
11216.5,2025-12-08T18:56:30+00:00,LOCO_02,locomotive,moving,,,
11216.5,2025-12-08T18:56:30+00:00,W9355,wagon,moving,,,
11216.5,2025-12-08T18:56:30+00:00,W0680,wagon,moving,,,
11221.5,2025-12-08T19:01:30+00:00,LOCO_02,locomotive,moving,,,
11226.5,2025-12-08T19:06:30+00:00,LOCO_02,locomotive,moving,,,
11231.5,2025-12-08T19:11:30+00:00,W1040,wagon,rejected,T152,,No Retrofit Needed
11231.5,2025-12-08T19:11:30+00:00,W4380,wagon,rejected,T152,,No Retrofit Needed
11231.5,2025-12-08T19:11:30+00:00,W9446,wagon,rejected,T152,,NO_COLLECTION_TRACK
11231.5,2025-12-08T19:11:30+00:00,W2844,wagon,rejected,T152,,NO_COLLECTION_TRACK
11231.5,2025-12-08T19:11:30+00:00,W8339,wagon,rejected,T152,,NO_COLLECTION_TRACK
11231.5,2025-12-08T19:11:30+00:00,W0555,wagon,rejected,T152,,NO_COLLECTION_TRACK
11231.5,2025-12-08T19:11:30+00:00,W5992,wagon,arrived,T152,,
11231.5,2025-12-08T19:11:30+00:00,W9943,wagon,arrived,T152,,
11231.5,2025-12-08T19:11:30+00:00,W9430,wagon,arrived,T152,,
11231.5,2025-12-08T19:11:30+00:00,W7598,wagon,arrived,T152,,
11231.5,2025-12-08T19:11:30+00:00,W7513,wagon,arrived,T152,,
11233.5,2025-12-08T19:13:30+00:00,LOCO_02,locomotive,moving,,,
11233.5,2025-12-08T19:13:30+00:00,W11050,wagon,moving,,,
11233.5,2025-12-08T19:13:30+00:00,W12319,wagon,moving,,,
11238.5,2025-12-08T19:18:30+00:00,LOCO_02,locomotive,moving,,,
11241.5,2025-12-08T19:21:30+00:00,LOCO_01,locomotive,moving,,,
11245.5,2025-12-08T19:25:30+00:00,LOCO_02,locomotive,moving,,,
11248.5,2025-12-08T19:28:30+00:00,LOCO_01,locomotive,moving,,,
11253.5,2025-12-08T19:33:30+00:00,LOCO_02,locomotive,moving,,,
11253.5,2025-12-08T19:33:30+00:00,W6704,wagon,moving,,,
11253.5,2025-12-08T19:33:30+00:00,W5415,wagon,moving,,,
11256.5,2025-12-08T19:36:30+00:00,LOCO_01,locomotive,moving,,,
11256.5,2025-12-08T19:36:30+00:00,W10772,wagon,moving,,,
11256.5,2025-12-08T19:36:30+00:00,W5316,wagon,moving,,,
11258.5,2025-12-08T19:38:30+00:00,W6704,wagon,in_workshop,,,
11258.5,2025-12-08T19:38:30+00:00,W5415,wagon,in_workshop,,,
11261.5,2025-12-08T19:41:30+00:00,W10772,wagon,in_workshop,,,
11261.5,2025-12-08T19:41:30+00:00,W5316,wagon,in_workshop,,,
11264.5,2025-12-08T19:44:30+00:00,W6704,wagon,in_workshop,,,
11264.5,2025-12-08T19:44:30+00:00,W5415,wagon,in_workshop,,,
11264.5,2025-12-08T19:44:30+00:00,LOCO_02,locomotive,moving,,,
11267.5,2025-12-08T19:47:30+00:00,W10772,wagon,in_workshop,,,
11267.5,2025-12-08T19:47:30+00:00,W5316,wagon,in_workshop,,,
11267.5,2025-12-08T19:47:30+00:00,LOCO_01,locomotive,moving,,,
11269.5,2025-12-08T19:49:30+00:00,LOCO_02,locomotive,assigned,,,
11269.5,2025-12-08T19:49:30+00:00,LOCO_02,locomotive,moving,,,
11272.5,2025-12-08T19:52:30+00:00,LOCO_01,locomotive,moving,,,
11276.5,2025-12-08T19:56:30+00:00,LOCO_02,locomotive,moving,,,
11324.5,2025-12-08T20:44:30+00:00,W6704,wagon,retrofitted,,,
11324.5,2025-12-08T20:44:30+00:00,W5415,wagon,retrofitted,,,
11327.5,2025-12-08T20:47:30+00:00,W10772,wagon,retrofitted,,,
11327.5,2025-12-08T20:47:30+00:00,W5316,wagon,retrofitted,,,
11332.5,2025-12-08T20:52:30+00:00,LOCO_01,locomotive,assigned,,,
11339.5,2025-12-08T20:59:30+00:00,LOCO_01,locomotive,moving,,,
11339.5,2025-12-08T20:59:30+00:00,W7877,wagon,moving,,,
11339.5,2025-12-08T20:59:30+00:00,W5280,wagon,moving,,,
11339.5,2025-12-08T20:59:30+00:00,W7897,wagon,moving,,,
11353.0,2025-12-08T21:13:00+00:00,W5989,wagon,parked,,,
11353.0,2025-12-08T21:13:00+00:00,W0881,wagon,parked,,,
11353.0,2025-12-08T21:13:00+00:00,LOCO_02,locomotive,moving,,,
11399.5,2025-12-08T21:59:30+00:00,W7877,wagon,queued,,,
11399.5,2025-12-08T21:59:30+00:00,W5280,wagon,queued,,,
11399.5,2025-12-08T21:59:30+00:00,W7897,wagon,queued,,,
11413.0,2025-12-08T22:13:00+00:00,LOCO_02,locomotive,moving,,,
11414.5,2025-12-08T22:14:30+00:00,LOCO_01,locomotive,moving,,,
11419.5,2025-12-08T22:19:30+00:00,LOCO_01,locomotive,moving,,,
11420.0,2025-12-08T22:20:00+00:00,LOCO_02,locomotive,moving,,,
11420.0,2025-12-08T22:20:00+00:00,W6704,wagon,moving,,,
11420.0,2025-12-08T22:20:00+00:00,W5415,wagon,moving,,,
11425.0,2025-12-08T22:25:00+00:00,LOCO_02,locomotive,moving,,,
11426.5,2025-12-08T22:26:30+00:00,LOCO_01,locomotive,moving,,,
11426.5,2025-12-08T22:26:30+00:00,W10772,wagon,moving,,,
11426.5,2025-12-08T22:26:30+00:00,W5316,wagon,moving,,,
11430.0,2025-12-08T22:30:00+00:00,LOCO_02,locomotive,assigned,,,
11430.0,2025-12-08T22:30:00+00:00,LOCO_02,locomotive,moving,,,
11431.5,2025-12-08T22:31:30+00:00,LOCO_01,locomotive,moving,,,
11438.0,2025-12-08T22:38:00+00:00,LOCO_02,locomotive,moving,,,
11438.5,2025-12-08T22:38:30+00:00,LOCO_01,locomotive,moving,,,
11446.5,2025-12-08T22:46:30+00:00,LOCO_01,locomotive,moving,,,
11446.5,2025-12-08T22:46:30+00:00,W9043,wagon,moving,,,
11446.5,2025-12-08T22:46:30+00:00,W12031,wagon,moving,,,
11451.5,2025-12-08T22:51:30+00:00,W9043,wagon,in_workshop,,,
11451.5,2025-12-08T22:51:30+00:00,W12031,wagon,in_workshop,,,
11457.5,2025-12-08T22:57:30+00:00,W9043,wagon,in_workshop,,,
11457.5,2025-12-08T22:57:30+00:00,W12031,wagon,in_workshop,,,
11457.5,2025-12-08T22:57:30+00:00,LOCO_01,locomotive,moving,,,
11464.5,2025-12-08T23:04:30+00:00,LOCO_01,locomotive,moving,,,
11472.5,2025-12-08T23:12:30+00:00,LOCO_01,locomotive,moving,,,
11472.5,2025-12-08T23:12:30+00:00,W8714,wagon,moving,,,
11472.5,2025-12-08T23:12:30+00:00,W2149,wagon,moving,,,
11477.5,2025-12-08T23:17:30+00:00,W8714,wagon,in_workshop,,,
11477.5,2025-12-08T23:17:30+00:00,W2149,wagon,in_workshop,,,
11483.5,2025-12-08T23:23:30+00:00,W8714,wagon,in_workshop,,,
11483.5,2025-12-08T23:23:30+00:00,W2149,wagon,in_workshop,,,
11483.5,2025-12-08T23:23:30+00:00,LOCO_01,locomotive,moving,,,
11488.5,2025-12-08T23:28:30+00:00,LOCO_01,locomotive,moving,,,
11517.5,2025-12-08T23:57:30+00:00,W9043,wagon,retrofitted,,,
11517.5,2025-12-08T23:57:30+00:00,W12031,wagon,retrofitted,,,
11543.5,2025-12-09T00:23:30+00:00,W8714,wagon,retrofitted,,,
11543.5,2025-12-09T00:23:30+00:00,W2149,wagon,retrofitted,,,
11544.25,2025-12-09T00:24:15+00:00,W9046,wagon,rejected,T153,,NO_COLLECTION_TRACK
11544.25,2025-12-09T00:24:15+00:00,W2217,wagon,rejected,T153,,NO_COLLECTION_TRACK
11544.25,2025-12-09T00:24:15+00:00,W10976,wagon,rejected,T153,,NO_COLLECTION_TRACK
11544.25,2025-12-09T00:24:15+00:00,W2225,wagon,rejected,T153,,NO_COLLECTION_TRACK
11544.25,2025-12-09T00:24:15+00:00,W4491,wagon,rejected,T153,,NO_COLLECTION_TRACK
11544.25,2025-12-09T00:24:15+00:00,W12383,wagon,arrived,T153,,
11544.25,2025-12-09T00:24:15+00:00,W9843,wagon,arrived,T153,,
11544.25,2025-12-09T00:24:15+00:00,W4473,wagon,arrived,T153,,
11544.25,2025-12-09T00:24:15+00:00,W9727,wagon,arrived,T153,,
11548.5,2025-12-09T00:28:30+00:00,LOCO_01,locomotive,assigned,,,
11555.5,2025-12-09T00:35:30+00:00,LOCO_01,locomotive,moving,,,
11555.5,2025-12-09T00:35:30+00:00,W10233,wagon,moving,,,
11555.5,2025-12-09T00:35:30+00:00,W2815,wagon,moving,,,
11555.5,2025-12-09T00:35:30+00:00,W2846,wagon,moving,,,
11561.5,2025-12-09T00:41:30+00:00,W9355,wagon,parked,,,
11561.5,2025-12-09T00:41:30+00:00,W0680,wagon,parked,,,
11561.5,2025-12-09T00:41:30+00:00,W11050,wagon,parked,,,
11561.5,2025-12-09T00:41:30+00:00,W12319,wagon,parked,,,
11561.5,2025-12-09T00:41:30+00:00,LOCO_02,locomotive,moving,,,
11615.5,2025-12-09T01:35:30+00:00,W10233,wagon,queued,,,
11615.5,2025-12-09T01:35:30+00:00,W2815,wagon,queued,,,
11615.5,2025-12-09T01:35:30+00:00,W2846,wagon,queued,,,
11621.5,2025-12-09T01:41:30+00:00,LOCO_02,locomotive,moving,,,
11628.5,2025-12-09T01:48:30+00:00,LOCO_02,locomotive,moving,,,
11628.5,2025-12-09T01:48:30+00:00,W9043,wagon,moving,,,
11628.5,2025-12-09T01:48:30+00:00,W12031,wagon,moving,,,
11630.5,2025-12-09T01:50:30+00:00,LOCO_01,locomotive,moving,,,
11633.5,2025-12-09T01:53:30+00:00,LOCO_02,locomotive,moving,,,
11635.5,2025-12-09T01:55:30+00:00,LOCO_01,locomotive,moving,,,
11638.5,2025-12-09T01:58:30+00:00,LOCO_02,locomotive,assigned,,,
11638.5,2025-12-09T01:58:30+00:00,LOCO_02,locomotive,moving,,,
11642.5,2025-12-09T02:02:30+00:00,LOCO_01,locomotive,moving,,,
11642.5,2025-12-09T02:02:30+00:00,W8714,wagon,moving,,,
11642.5,2025-12-09T02:02:30+00:00,W2149,wagon,moving,,,
11646.5,2025-12-09T02:06:30+00:00,LOCO_02,locomotive,moving,,,
11647.5,2025-12-09T02:07:30+00:00,LOCO_01,locomotive,moving,,,
11654.5,2025-12-09T02:14:30+00:00,LOCO_01,locomotive,moving,,,
11662.5,2025-12-09T02:22:30+00:00,LOCO_01,locomotive,moving,,,
11662.5,2025-12-09T02:22:30+00:00,W5380,wagon,moving,,,
11662.5,2025-12-09T02:22:30+00:00,W0875,wagon,moving,,,
11667.5,2025-12-09T02:27:30+00:00,W5380,wagon,in_workshop,,,
11667.5,2025-12-09T02:27:30+00:00,W0875,wagon,in_workshop,,,
11673.5,2025-12-09T02:33:30+00:00,W5380,wagon,in_workshop,,,
11673.5,2025-12-09T02:33:30+00:00,W0875,wagon,in_workshop,,,
11673.5,2025-12-09T02:33:30+00:00,LOCO_01,locomotive,moving,,,
11680.5,2025-12-09T02:40:30+00:00,LOCO_01,locomotive,moving,,,
11688.5,2025-12-09T02:48:30+00:00,LOCO_01,locomotive,moving,,,
11688.5,2025-12-09T02:48:30+00:00,W9143,wagon,moving,,,
11688.5,2025-12-09T02:48:30+00:00,W10303,wagon,moving,,,
11693.5,2025-12-09T02:53:30+00:00,W9143,wagon,in_workshop,,,
11693.5,2025-12-09T02:53:30+00:00,W10303,wagon,in_workshop,,,
11699.5,2025-12-09T02:59:30+00:00,W9143,wagon,in_workshop,,,
11699.5,2025-12-09T02:59:30+00:00,W10303,wagon,in_workshop,,,
11699.5,2025-12-09T02:59:30+00:00,LOCO_01,locomotive,moving,,,
11704.5,2025-12-09T03:04:30+00:00,LOCO_01,locomotive,moving,,,
11705.25,2025-12-09T03:05:15+00:00,W1826,wagon,rejected,T154,,NO_COLLECTION_TRACK
11705.25,2025-12-09T03:05:15+00:00,W8494,wagon,rejected,T154,,NO_COLLECTION_TRACK
11705.25,2025-12-09T03:05:15+00:00,W1427,wagon,rejected,T154,,NO_COLLECTION_TRACK
11705.25,2025-12-09T03:05:15+00:00,W3860,wagon,rejected,T154,,NO_COLLECTION_TRACK
11705.25,2025-12-09T03:05:15+00:00,W6848,wagon,arrived,T154,,
11705.25,2025-12-09T03:05:15+00:00,W11356,wagon,arrived,T154,,
11705.25,2025-12-09T03:05:15+00:00,W4223,wagon,arrived,T154,,
11725.0,2025-12-09T03:25:00+00:00,W6704,wagon,parked,,,
11725.0,2025-12-09T03:25:00+00:00,W5415,wagon,parked,,,
11725.0,2025-12-09T03:25:00+00:00,W10772,wagon,parked,,,
11725.0,2025-12-09T03:25:00+00:00,W5316,wagon,parked,,,
11725.0,2025-12-09T03:25:00+00:00,LOCO_02,locomotive,moving,,,
11733.5,2025-12-09T03:33:30+00:00,W5380,wagon,retrofitted,,,
11733.5,2025-12-09T03:33:30+00:00,W0875,wagon,retrofitted,,,
11759.5,2025-12-09T03:59:30+00:00,W9143,wagon,retrofitted,,,
11759.5,2025-12-09T03:59:30+00:00,W10303,wagon,retrofitted,,,
11764.5,2025-12-09T04:04:30+00:00,LOCO_01,locomotive,assigned,,,
11767.5,2025-12-09T04:07:30+00:00,LOCO_01,locomotive,moving,,,
11767.5,2025-12-09T04:07:30+00:00,W10441,wagon,moving,,,
11785.0,2025-12-09T04:25:00+00:00,LOCO_02,locomotive,moving,,,
11792.0,2025-12-09T04:32:00+00:00,LOCO_02,locomotive,moving,,,
11792.0,2025-12-09T04:32:00+00:00,W5380,wagon,moving,,,
11792.0,2025-12-09T04:32:00+00:00,W0875,wagon,moving,,,
11797.0,2025-12-09T04:37:00+00:00,LOCO_02,locomotive,moving,,,
11802.0,2025-12-09T04:42:00+00:00,LOCO_02,locomotive,moving,,,
11809.0,2025-12-09T04:49:00+00:00,LOCO_02,locomotive,moving,,,
11809.0,2025-12-09T04:49:00+00:00,W9143,wagon,moving,,,
11809.0,2025-12-09T04:49:00+00:00,W10303,wagon,moving,,,
11814.0,2025-12-09T04:54:00+00:00,LOCO_02,locomotive,moving,,,
11821.0,2025-12-09T05:01:00+00:00,LOCO_02,locomotive,moving,,,
11827.5,2025-12-09T05:07:30+00:00,W10441,wagon,queued,,,
11829.0,2025-12-09T05:09:00+00:00,LOCO_02,locomotive,moving,,,
11829.0,2025-12-09T05:09:00+00:00,W5395,wagon,moving,,,
11829.0,2025-12-09T05:09:00+00:00,W2774,wagon,moving,,,
11829.75,2025-12-09T05:09:45+00:00,W7791,wagon,rejected,T155,,NO_COLLECTION_TRACK
11830.5,2025-12-09T05:10:30+00:00,LOCO_01,locomotive,moving,,,
11834.0,2025-12-09T05:14:00+00:00,W5395,wagon,in_workshop,,,
11834.0,2025-12-09T05:14:00+00:00,W2774,wagon,in_workshop,,,
11837.5,2025-12-09T05:17:30+00:00,LOCO_01,locomotive,moving,,,
11840.0,2025-12-09T05:20:00+00:00,W5395,wagon,in_workshop,,,
11840.0,2025-12-09T05:20:00+00:00,W2774,wagon,in_workshop,,,
11840.0,2025-12-09T05:20:00+00:00,LOCO_02,locomotive,moving,,,
11845.0,2025-12-09T05:25:00+00:00,LOCO_02,locomotive,assigned,,,
11845.0,2025-12-09T05:25:00+00:00,LOCO_02,locomotive,moving,,,
11845.5,2025-12-09T05:25:30+00:00,LOCO_01,locomotive,moving,,,
11845.5,2025-12-09T05:25:30+00:00,W7877,wagon,moving,,,
11845.5,2025-12-09T05:25:30+00:00,W5280,wagon,moving,,,
11849.0,2025-12-09T05:29:00+00:00,W0237,wagon,rejected,T156,,No Retrofit Needed
11850.5,2025-12-09T05:30:30+00:00,W7877,wagon,in_workshop,,,
11850.5,2025-12-09T05:30:30+00:00,W5280,wagon,in_workshop,,,
11853.0,2025-12-09T05:33:00+00:00,LOCO_02,locomotive,moving,,,
11856.5,2025-12-09T05:36:30+00:00,W7877,wagon,in_workshop,,,
11856.5,2025-12-09T05:36:30+00:00,W5280,wagon,in_workshop,,,
11856.5,2025-12-09T05:36:30+00:00,LOCO_01,locomotive,moving,,,
11861.5,2025-12-09T05:41:30+00:00,LOCO_01,locomotive,moving,,,
11900.0,2025-12-09T06:20:00+00:00,W5395,wagon,retrofitted,,,
11900.0,2025-12-09T06:20:00+00:00,W2774,wagon,retrofitted,,,
11913.75,2025-12-09T06:33:45+00:00,W0948,wagon,rejected,T157,,No Retrofit Needed
11916.5,2025-12-09T06:36:30+00:00,W7877,wagon,retrofitted,,,
11916.5,2025-12-09T06:36:30+00:00,W5280,wagon,retrofitted,,,
11916.5,2025-12-09T06:36:30+00:00,W9043,wagon,parked,,,
11916.5,2025-12-09T06:36:30+00:00,W12031,wagon,parked,,,
11916.5,2025-12-09T06:36:30+00:00,W8714,wagon,parked,,,
11916.5,2025-12-09T06:36:30+00:00,W2149,wagon,parked,,,
11916.5,2025-12-09T06:36:30+00:00,LOCO_02,locomotive,moving,,,
11921.5,2025-12-09T06:41:30+00:00,LOCO_01,locomotive,assigned,,,
11928.5,2025-12-09T06:48:30+00:00,LOCO_01,locomotive,moving,,,
11928.5,2025-12-09T06:48:30+00:00,W5760,wagon,moving,,,
11928.5,2025-12-09T06:48:30+00:00,W4802,wagon,moving,,,
11928.5,2025-12-09T06:48:30+00:00,W2910,wagon,moving,,,
11976.5,2025-12-09T07:36:30+00:00,LOCO_02,locomotive,moving,,,
11983.5,2025-12-09T07:43:30+00:00,LOCO_02,locomotive,moving,,,
11983.5,2025-12-09T07:43:30+00:00,W5395,wagon,moving,,,
11983.5,2025-12-09T07:43:30+00:00,W2774,wagon,moving,,,
11988.5,2025-12-09T07:48:30+00:00,W5760,wagon,queued,,,
11988.5,2025-12-09T07:48:30+00:00,W4802,wagon,queued,,,
11988.5,2025-12-09T07:48:30+00:00,W2910,wagon,queued,,,
11988.5,2025-12-09T07:48:30+00:00,LOCO_02,locomotive,moving,,,
11993.5,2025-12-09T07:53:30+00:00,LOCO_02,locomotive,moving,,,
12000.5,2025-12-09T08:00:30+00:00,LOCO_02,locomotive,moving,,,
12000.5,2025-12-09T08:00:30+00:00,W7877,wagon,moving,,,
12000.5,2025-12-09T08:00:30+00:00,W5280,wagon,moving,,,
12003.5,2025-12-09T08:03:30+00:00,LOCO_01,locomotive,moving,,,
12005.5,2025-12-09T08:05:30+00:00,LOCO_02,locomotive,moving,,,
12010.5,2025-12-09T08:10:30+00:00,LOCO_01,locomotive,moving,,,
12010.5,2025-12-09T08:10:30+00:00,LOCO_02,locomotive,assigned,,,
12010.5,2025-12-09T08:10:30+00:00,LOCO_02,locomotive,moving,,,
12018.5,2025-12-09T08:18:30+00:00,LOCO_02,locomotive,moving,,,
12018.5,2025-12-09T08:18:30+00:00,LOCO_01,locomotive,moving,,,
12018.5,2025-12-09T08:18:30+00:00,W7897,wagon,moving,,,
12018.5,2025-12-09T08:18:30+00:00,W10233,wagon,moving,,,
12023.5,2025-12-09T08:23:30+00:00,W7897,wagon,in_workshop,,,
12023.5,2025-12-09T08:23:30+00:00,W10233,wagon,in_workshop,,,
12029.5,2025-12-09T08:29:30+00:00,W7897,wagon,in_workshop,,,
12029.5,2025-12-09T08:29:30+00:00,W10233,wagon,in_workshop,,,
12029.5,2025-12-09T08:29:30+00:00,LOCO_01,locomotive,moving,,,
12036.5,2025-12-09T08:36:30+00:00,LOCO_01,locomotive,moving,,,
12044.5,2025-12-09T08:44:30+00:00,LOCO_01,locomotive,moving,,,
12044.5,2025-12-09T08:44:30+00:00,W2815,wagon,moving,,,
12044.5,2025-12-09T08:44:30+00:00,W2846,wagon,moving,,,
12046.0,2025-12-09T08:46:00+00:00,W0020,wagon,rejected,T158,,No Retrofit Needed
12046.0,2025-12-09T08:46:00+00:00,W0023,wagon,arrived,T158,,
12046.0,2025-12-09T08:46:00+00:00,W10397,wagon,arrived,T158,,
12046.0,2025-12-09T08:46:00+00:00,W0674,wagon,arrived,T158,,
12046.0,2025-12-09T08:46:00+00:00,W5420,wagon,arrived,T158,,
12046.0,2025-12-09T08:46:00+00:00,W6936,wagon,arrived,T158,,
12049.5,2025-12-09T08:49:30+00:00,W2815,wagon,in_workshop,,,
12049.5,2025-12-09T08:49:30+00:00,W2846,wagon,in_workshop,,,
12055.5,2025-12-09T08:55:30+00:00,W2815,wagon,in_workshop,,,
12055.5,2025-12-09T08:55:30+00:00,W2846,wagon,in_workshop,,,
12055.5,2025-12-09T08:55:30+00:00,LOCO_01,locomotive,moving,,,
12060.5,2025-12-09T09:00:30+00:00,LOCO_01,locomotive,moving,,,
12089.5,2025-12-09T09:29:30+00:00,W7897,wagon,retrofitted,,,
12089.5,2025-12-09T09:29:30+00:00,W10233,wagon,retrofitted,,,
12097.0,2025-12-09T09:37:00+00:00,W5380,wagon,parked,,,
12097.0,2025-12-09T09:37:00+00:00,W0875,wagon,parked,,,
12097.0,2025-12-09T09:37:00+00:00,W9143,wagon,parked,,,
12097.0,2025-12-09T09:37:00+00:00,W10303,wagon,parked,,,
12097.0,2025-12-09T09:37:00+00:00,LOCO_02,locomotive,moving,,,
12115.5,2025-12-09T09:55:30+00:00,W2815,wagon,retrofitted,,,
12115.5,2025-12-09T09:55:30+00:00,W2846,wagon,retrofitted,,,
12120.5,2025-12-09T10:00:30+00:00,LOCO_01,locomotive,assigned,,,
12135.5,2025-12-09T10:15:30+00:00,LOCO_01,locomotive,moving,,,
12135.5,2025-12-09T10:15:30+00:00,W10435,wagon,moving,,,
12135.5,2025-12-09T10:15:30+00:00,W1122,wagon,moving,,,
12135.5,2025-12-09T10:15:30+00:00,W1120,wagon,moving,,,
12135.5,2025-12-09T10:15:30+00:00,W11518,wagon,moving,,,
12135.5,2025-12-09T10:15:30+00:00,W9071,wagon,moving,,,
12135.5,2025-12-09T10:15:30+00:00,W4506,wagon,moving,,,
12135.5,2025-12-09T10:15:30+00:00,W1439,wagon,moving,,,
12157.0,2025-12-09T10:37:00+00:00,LOCO_02,locomotive,moving,,,
12164.0,2025-12-09T10:44:00+00:00,LOCO_02,locomotive,moving,,,
12164.0,2025-12-09T10:44:00+00:00,W7897,wagon,moving,,,
12164.0,2025-12-09T10:44:00+00:00,W10233,wagon,moving,,,
12169.0,2025-12-09T10:49:00+00:00,LOCO_02,locomotive,moving,,,
12174.0,2025-12-09T10:54:00+00:00,LOCO_02,locomotive,moving,,,
12181.0,2025-12-09T11:01:00+00:00,LOCO_02,locomotive,moving,,,
12181.0,2025-12-09T11:01:00+00:00,W2815,wagon,moving,,,
12181.0,2025-12-09T11:01:00+00:00,W2846,wagon,moving,,,
12186.0,2025-12-09T11:06:00+00:00,LOCO_02,locomotive,moving,,,
12193.0,2025-12-09T11:13:00+00:00,LOCO_02,locomotive,moving,,,
12195.5,2025-12-09T11:15:30+00:00,W10435,wagon,queued,,,
12195.5,2025-12-09T11:15:30+00:00,W1122,wagon,queued,,,
12195.5,2025-12-09T11:15:30+00:00,W1120,wagon,queued,,,
12195.5,2025-12-09T11:15:30+00:00,W11518,wagon,queued,,,
12195.5,2025-12-09T11:15:30+00:00,W9071,wagon,queued,,,
12195.5,2025-12-09T11:15:30+00:00,W4506,wagon,queued,,,
12195.5,2025-12-09T11:15:30+00:00,W1439,wagon,queued,,,
12201.0,2025-12-09T11:21:00+00:00,LOCO_02,locomotive,moving,,,
12201.0,2025-12-09T11:21:00+00:00,W10441,wagon,moving,,,
12201.0,2025-12-09T11:21:00+00:00,W5760,wagon,moving,,,
12205.25,2025-12-09T11:25:15+00:00,W12182,wagon,rejected,T159,,NO_COLLECTION_TRACK
12205.25,2025-12-09T11:25:15+00:00,W3230,wagon,arrived,T159,,
12205.25,2025-12-09T11:25:15+00:00,W5411,wagon,arrived,T159,,
12205.25,2025-12-09T11:25:15+00:00,W11513,wagon,arrived,T159,,
12205.25,2025-12-09T11:25:15+00:00,W3087,wagon,arrived,T159,,
12206.0,2025-12-09T11:26:00+00:00,W10441,wagon,in_workshop,,,
12206.0,2025-12-09T11:26:00+00:00,W5760,wagon,in_workshop,,,
12212.0,2025-12-09T11:32:00+00:00,W10441,wagon,in_workshop,,,
12212.0,2025-12-09T11:32:00+00:00,W5760,wagon,in_workshop,,,
12212.0,2025-12-09T11:32:00+00:00,LOCO_02,locomotive,moving,,,
12219.0,2025-12-09T11:39:00+00:00,LOCO_02,locomotive,moving,,,
12226.5,2025-12-09T11:46:30+00:00,W4285,wagon,rejected,T160,,NO_COLLECTION_TRACK
12226.5,2025-12-09T11:46:30+00:00,W3948,wagon,rejected,T160,,NO_COLLECTION_TRACK
12226.5,2025-12-09T11:46:30+00:00,W3752,wagon,rejected,T160,,NO_COLLECTION_TRACK
12226.5,2025-12-09T11:46:30+00:00,W4298,wagon,rejected,T160,,NO_COLLECTION_TRACK
12226.5,2025-12-09T11:46:30+00:00,W0039,wagon,arrived,T160,,
12226.5,2025-12-09T11:46:30+00:00,W4885,wagon,arrived,T160,,
12227.0,2025-12-09T11:47:00+00:00,LOCO_02,locomotive,moving,,,
12227.0,2025-12-09T11:47:00+00:00,W4802,wagon,moving,,,
12227.0,2025-12-09T11:47:00+00:00,W2910,wagon,moving,,,
12232.0,2025-12-09T11:52:00+00:00,W4802,wagon,in_workshop,,,
12232.0,2025-12-09T11:52:00+00:00,W2910,wagon,in_workshop,,,
12234.0,2025-12-09T11:54:00+00:00,W10284,wagon,rejected,T161,,No Retrofit Needed
12234.0,2025-12-09T11:54:00+00:00,W9967,wagon,rejected,T161,,NO_COLLECTION_TRACK
12234.0,2025-12-09T11:54:00+00:00,W10568,wagon,rejected,T161,,NO_COLLECTION_TRACK
12234.0,2025-12-09T11:54:00+00:00,W10590,wagon,rejected,T161,,NO_COLLECTION_TRACK
12234.0,2025-12-09T11:54:00+00:00,W10269,wagon,rejected,T161,,NO_COLLECTION_TRACK
12234.5,2025-12-09T11:54:30+00:00,LOCO_01,locomotive,moving,,,
12238.0,2025-12-09T11:58:00+00:00,W4802,wagon,in_workshop,,,
12238.0,2025-12-09T11:58:00+00:00,W2910,wagon,in_workshop,,,
12238.0,2025-12-09T11:58:00+00:00,LOCO_02,locomotive,moving,,,
12239.5,2025-12-09T11:59:30+00:00,LOCO_01,locomotive,assigned,,,
12239.5,2025-12-09T11:59:30+00:00,LOCO_01,locomotive,moving,,,
12243.0,2025-12-09T12:03:00+00:00,LOCO_02,locomotive,moving,,,
12247.5,2025-12-09T12:07:30+00:00,LOCO_01,locomotive,moving,,,
12256.0,2025-12-09T12:16:00+00:00,W5395,wagon,parked,,,
12256.0,2025-12-09T12:16:00+00:00,W2774,wagon,parked,,,
12256.0,2025-12-09T12:16:00+00:00,W7877,wagon,parked,,,
12256.0,2025-12-09T12:16:00+00:00,W5280,wagon,parked,,,
12256.0,2025-12-09T12:16:00+00:00,LOCO_01,locomotive,moving,,,
12261.0,2025-12-09T12:21:00+00:00,LOCO_01,locomotive,moving,,,
12272.0,2025-12-09T12:32:00+00:00,W10441,wagon,retrofitted,,,
12272.0,2025-12-09T12:32:00+00:00,W5760,wagon,retrofitted,,,
12298.0,2025-12-09T12:58:00+00:00,W4802,wagon,retrofitted,,,
12298.0,2025-12-09T12:58:00+00:00,W2910,wagon,retrofitted,,,
12303.0,2025-12-09T13:03:00+00:00,LOCO_02,locomotive,assigned,,,
12308.0,2025-12-09T13:08:00+00:00,LOCO_02,locomotive,moving,,,
12308.0,2025-12-09T13:08:00+00:00,W0681,wagon,moving,,,
12308.0,2025-12-09T13:08:00+00:00,W8552,wagon,moving,,,
12314.25,2025-12-09T13:14:15+00:00,W10878,wagon,rejected,T162,,No Retrofit Needed
12314.25,2025-12-09T13:14:15+00:00,W11259,wagon,rejected,T162,,No Retrofit Needed
12314.25,2025-12-09T13:14:15+00:00,W5173,wagon,rejected,T162,,No Retrofit Needed
12314.25,2025-12-09T13:14:15+00:00,W5346,wagon,arrived,T162,,
12321.0,2025-12-09T13:21:00+00:00,LOCO_01,locomotive,assigned,,,
12338.0,2025-12-09T13:38:00+00:00,LOCO_01,locomotive,moving,,,
12338.0,2025-12-09T13:38:00+00:00,W10883,wagon,moving,,,
12338.0,2025-12-09T13:38:00+00:00,W10896,wagon,moving,,,
12338.0,2025-12-09T13:38:00+00:00,W6421,wagon,moving,,,
12338.0,2025-12-09T13:38:00+00:00,W10100,wagon,moving,,,
12338.0,2025-12-09T13:38:00+00:00,W2165,wagon,moving,,,
12338.0,2025-12-09T13:38:00+00:00,W6323,wagon,moving,,,
12338.0,2025-12-09T13:38:00+00:00,W6989,wagon,moving,,,
12338.0,2025-12-09T13:38:00+00:00,W12116,wagon,moving,,,
12368.0,2025-12-09T14:08:00+00:00,W0681,wagon,queued,,,
12368.0,2025-12-09T14:08:00+00:00,W8552,wagon,queued,,,
12376.5,2025-12-09T14:16:30+00:00,W4370,wagon,arrived,T163,,
12376.5,2025-12-09T14:16:30+00:00,W9406,wagon,arrived,T163,,
12376.5,2025-12-09T14:16:30+00:00,W5153,wagon,arrived,T163,,
12377.0,2025-12-09T14:17:00+00:00,LOCO_02,locomotive,moving,,,
12382.0,2025-12-09T14:22:00+00:00,LOCO_02,locomotive,moving,,,
12389.0,2025-12-09T14:29:00+00:00,LOCO_02,locomotive,moving,,,
12389.0,2025-12-09T14:29:00+00:00,W10441,wagon,moving,,,
12389.0,2025-12-09T14:29:00+00:00,W5760,wagon,moving,,,
12394.0,2025-12-09T14:34:00+00:00,LOCO_02,locomotive,moving,,,
12398.0,2025-12-09T14:38:00+00:00,W10883,wagon,queued,,,
12398.0,2025-12-09T14:38:00+00:00,W10896,wagon,queued,,,
12398.0,2025-12-09T14:38:00+00:00,W6421,wagon,queued,,,
12398.0,2025-12-09T14:38:00+00:00,W10100,wagon,queued,,,
12398.0,2025-12-09T14:38:00+00:00,W2165,wagon,queued,,,
12398.0,2025-12-09T14:38:00+00:00,W6323,wagon,queued,,,
12398.0,2025-12-09T14:38:00+00:00,W6989,wagon,queued,,,
12398.0,2025-12-09T14:38:00+00:00,W12116,wagon,queued,,,
12399.0,2025-12-09T14:39:00+00:00,LOCO_02,locomotive,moving,,,
12404.0,2025-12-09T14:44:00+00:00,W2916,wagon,arrived,T164,,
12406.0,2025-12-09T14:46:00+00:00,LOCO_02,locomotive,moving,,,
12406.0,2025-12-09T14:46:00+00:00,W4802,wagon,moving,,,
12406.0,2025-12-09T14:46:00+00:00,W2910,wagon,moving,,,
12411.0,2025-12-09T14:51:00+00:00,LOCO_02,locomotive,moving,,,
12418.0,2025-12-09T14:58:00+00:00,LOCO_02,locomotive,moving,,,
12426.0,2025-12-09T15:06:00+00:00,LOCO_02,locomotive,moving,,,
12426.0,2025-12-09T15:06:00+00:00,W10435,wagon,moving,,,
12426.0,2025-12-09T15:06:00+00:00,W1122,wagon,moving,,,
12431.0,2025-12-09T15:11:00+00:00,W10435,wagon,in_workshop,,,
12431.0,2025-12-09T15:11:00+00:00,W1122,wagon,in_workshop,,,
12437.0,2025-12-09T15:17:00+00:00,W10435,wagon,in_workshop,,,
12437.0,2025-12-09T15:17:00+00:00,W1122,wagon,in_workshop,,,
12437.0,2025-12-09T15:17:00+00:00,LOCO_02,locomotive,moving,,,
12443.0,2025-12-09T15:23:00+00:00,LOCO_01,locomotive,moving,,,
12444.0,2025-12-09T15:24:00+00:00,LOCO_02,locomotive,moving,,,
12448.0,2025-12-09T15:28:00+00:00,LOCO_01,locomotive,assigned,,,
12448.0,2025-12-09T15:28:00+00:00,LOCO_01,locomotive,moving,,,
12452.0,2025-12-09T15:32:00+00:00,LOCO_02,locomotive,moving,,,
12452.0,2025-12-09T15:32:00+00:00,W1120,wagon,moving,,,
12452.0,2025-12-09T15:32:00+00:00,W11518,wagon,moving,,,
12456.0,2025-12-09T15:36:00+00:00,LOCO_01,locomotive,moving,,,
12457.0,2025-12-09T15:37:00+00:00,W1120,wagon,in_workshop,,,
12457.0,2025-12-09T15:37:00+00:00,W11518,wagon,in_workshop,,,
12463.0,2025-12-09T15:43:00+00:00,W1120,wagon,in_workshop,,,
12463.0,2025-12-09T15:43:00+00:00,W11518,wagon,in_workshop,,,
12463.0,2025-12-09T15:43:00+00:00,LOCO_02,locomotive,moving,,,
12468.0,2025-12-09T15:48:00+00:00,LOCO_02,locomotive,moving,,,
12497.0,2025-12-09T16:17:00+00:00,W10435,wagon,retrofitted,,,
12497.0,2025-12-09T16:17:00+00:00,W1122,wagon,retrofitted,,,
12519.5,2025-12-09T16:39:30+00:00,W7897,wagon,parked,,,
12519.5,2025-12-09T16:39:30+00:00,W10233,wagon,parked,,,
12519.5,2025-12-09T16:39:30+00:00,W2815,wagon,parked,,,
12519.5,2025-12-09T16:39:30+00:00,W2846,wagon,parked,,,
12519.5,2025-12-09T16:39:30+00:00,LOCO_01,locomotive,moving,,,
12523.0,2025-12-09T16:43:00+00:00,W1120,wagon,retrofitted,,,
12523.0,2025-12-09T16:43:00+00:00,W11518,wagon,retrofitted,,,
12528.0,2025-12-09T16:48:00+00:00,LOCO_02,locomotive,assigned,,,
12531.0,2025-12-09T16:51:00+00:00,LOCO_02,locomotive,moving,,,
12531.0,2025-12-09T16:51:00+00:00,W12221,wagon,moving,,,
12560.25,2025-12-09T17:20:15+00:00,W3135,wagon,arrived,T165,,
12560.25,2025-12-09T17:20:15+00:00,W3903,wagon,arrived,T165,,
12579.5,2025-12-09T17:39:30+00:00,LOCO_01,locomotive,moving,,,
12586.5,2025-12-09T17:46:30+00:00,LOCO_01,locomotive,moving,,,
12586.5,2025-12-09T17:46:30+00:00,W10435,wagon,moving,,,
12586.5,2025-12-09T17:46:30+00:00,W1122,wagon,moving,,,
12591.0,2025-12-09T17:51:00+00:00,W12221,wagon,queued,,,
12591.5,2025-12-09T17:51:30+00:00,LOCO_01,locomotive,moving,,,
12594.0,2025-12-09T17:54:00+00:00,LOCO_02,locomotive,moving,,,
12594.5,2025-12-09T17:54:30+00:00,W8906,wagon,rejected,T166,,NO_COLLECTION_TRACK
12594.5,2025-12-09T17:54:30+00:00,W8903,wagon,rejected,T166,,NO_COLLECTION_TRACK
12594.5,2025-12-09T17:54:30+00:00,W10624,wagon,rejected,T166,,NO_COLLECTION_TRACK
12594.5,2025-12-09T17:54:30+00:00,W10192,wagon,arrived,T166,,
12594.5,2025-12-09T17:54:30+00:00,W8908,wagon,arrived,T166,,
12596.5,2025-12-09T17:56:30+00:00,LOCO_01,locomotive,moving,,,
12597.0,2025-12-09T17:57:00+00:00,W2844,wagon,rejected,T167,,No Retrofit Needed
12597.0,2025-12-09T17:57:00+00:00,W3860,wagon,rejected,T167,,No Retrofit Needed
12597.0,2025-12-09T17:57:00+00:00,W4223,wagon,rejected,T167,,No Retrofit Needed
12601.0,2025-12-09T18:01:00+00:00,LOCO_02,locomotive,moving,,,
12603.5,2025-12-09T18:03:30+00:00,LOCO_01,locomotive,moving,,,
12603.5,2025-12-09T18:03:30+00:00,W1120,wagon,moving,,,
12603.5,2025-12-09T18:03:30+00:00,W11518,wagon,moving,,,
12608.5,2025-12-09T18:08:30+00:00,LOCO_01,locomotive,moving,,,
12609.0,2025-12-09T18:09:00+00:00,LOCO_02,locomotive,moving,,,
12609.0,2025-12-09T18:09:00+00:00,W9071,wagon,moving,,,
12609.0,2025-12-09T18:09:00+00:00,W4506,wagon,moving,,,
12611.0,2025-12-09T18:11:00+00:00,W12331,wagon,arrived,T168,,
12613.5,2025-12-09T18:13:30+00:00,LOCO_01,locomotive,assigned,,,
12613.5,2025-12-09T18:13:30+00:00,LOCO_01,locomotive,moving,,,
12614.0,2025-12-09T18:14:00+00:00,W9071,wagon,in_workshop,,,
12614.0,2025-12-09T18:14:00+00:00,W4506,wagon,in_workshop,,,
12620.0,2025-12-09T18:20:00+00:00,W9071,wagon,in_workshop,,,
12620.0,2025-12-09T18:20:00+00:00,W4506,wagon,in_workshop,,,
12620.0,2025-12-09T18:20:00+00:00,LOCO_02,locomotive,moving,,,
12621.5,2025-12-09T18:21:30+00:00,LOCO_01,locomotive,moving,,,
12627.0,2025-12-09T18:27:00+00:00,LOCO_02,locomotive,moving,,,
12635.0,2025-12-09T18:35:00+00:00,LOCO_02,locomotive,moving,,,
12635.0,2025-12-09T18:35:00+00:00,W1439,wagon,moving,,,
12635.0,2025-12-09T18:35:00+00:00,W0681,wagon,moving,,,
12640.0,2025-12-09T18:40:00+00:00,W1439,wagon,in_workshop,,,
12640.0,2025-12-09T18:40:00+00:00,W0681,wagon,in_workshop,,,
12646.0,2025-12-09T18:46:00+00:00,W1439,wagon,in_workshop,,,
12646.0,2025-12-09T18:46:00+00:00,W0681,wagon,in_workshop,,,
12646.0,2025-12-09T18:46:00+00:00,LOCO_02,locomotive,moving,,,
12651.0,2025-12-09T18:51:00+00:00,LOCO_02,locomotive,moving,,,
12663.0,2025-12-09T19:03:00+00:00,W5612,wagon,rejected,T169,,No Retrofit Needed
12663.0,2025-12-09T19:03:00+00:00,W6823,wagon,rejected,T169,,No Retrofit Needed
12669.0,2025-12-09T19:09:00+00:00,W9311,wagon,rejected,T170,,No Retrofit Needed
12680.0,2025-12-09T19:20:00+00:00,W9071,wagon,retrofitted,,,
12680.0,2025-12-09T19:20:00+00:00,W4506,wagon,retrofitted,,,
12685.0,2025-12-09T19:25:00+00:00,W10441,wagon,parked,,,
12685.0,2025-12-09T19:25:00+00:00,W5760,wagon,parked,,,
12685.0,2025-12-09T19:25:00+00:00,W4802,wagon,parked,,,
12685.0,2025-12-09T19:25:00+00:00,W2910,wagon,parked,,,
12685.0,2025-12-09T19:25:00+00:00,LOCO_01,locomotive,moving,,,
12706.0,2025-12-09T19:46:00+00:00,W1439,wagon,retrofitted,,,
12706.0,2025-12-09T19:46:00+00:00,W0681,wagon,retrofitted,,,
12711.0,2025-12-09T19:51:00+00:00,LOCO_02,locomotive,assigned,,,
12718.0,2025-12-09T19:58:00+00:00,LOCO_02,locomotive,moving,,,
12718.0,2025-12-09T19:58:00+00:00,W5992,wagon,moving,,,
12718.0,2025-12-09T19:58:00+00:00,W9943,wagon,moving,,,
12718.0,2025-12-09T19:58:00+00:00,W9430,wagon,moving,,,
12745.0,2025-12-09T20:25:00+00:00,LOCO_01,locomotive,moving,,,
12748.5,2025-12-09T20:28:30+00:00,W10522,wagon,rejected,T171,,No Retrofit Needed
12748.5,2025-12-09T20:28:30+00:00,W12031,wagon,rejected,T171,,No Retrofit Needed
12748.5,2025-12-09T20:28:30+00:00,W10204,wagon,rejected,T171,,NO_COLLECTION_TRACK
12748.5,2025-12-09T20:28:30+00:00,W11900,wagon,rejected,T171,,NO_COLLECTION_TRACK
12748.5,2025-12-09T20:28:30+00:00,W10109,wagon,arrived,T171,,
12752.0,2025-12-09T20:32:00+00:00,LOCO_01,locomotive,moving,,,
12752.0,2025-12-09T20:32:00+00:00,W9071,wagon,moving,,,
12752.0,2025-12-09T20:32:00+00:00,W4506,wagon,moving,,,
12757.0,2025-12-09T20:37:00+00:00,LOCO_01,locomotive,moving,,,
12762.0,2025-12-09T20:42:00+00:00,LOCO_01,locomotive,moving,,,
12769.0,2025-12-09T20:49:00+00:00,LOCO_01,locomotive,moving,,,
12769.0,2025-12-09T20:49:00+00:00,W1439,wagon,moving,,,
12769.0,2025-12-09T20:49:00+00:00,W0681,wagon,moving,,,
12774.0,2025-12-09T20:54:00+00:00,LOCO_01,locomotive,moving,,,
12777.0,2025-12-09T20:57:00+00:00,W3919,wagon,rejected,T172,,NO_COLLECTION_TRACK
12777.0,2025-12-09T20:57:00+00:00,W4150,wagon,rejected,T172,,NO_COLLECTION_TRACK
12777.0,2025-12-09T20:57:00+00:00,W4249,wagon,rejected,T172,,NO_COLLECTION_TRACK
12778.0,2025-12-09T20:58:00+00:00,W5992,wagon,queued,,,
12778.0,2025-12-09T20:58:00+00:00,W9943,wagon,queued,,,
12778.0,2025-12-09T20:58:00+00:00,W9430,wagon,queued,,,
12781.0,2025-12-09T21:01:00+00:00,LOCO_01,locomotive,moving,,,
12787.25,2025-12-09T21:07:15+00:00,W3790,wagon,rejected,T173,,NO_COLLECTION_TRACK
12787.25,2025-12-09T21:07:15+00:00,W7399,wagon,rejected,T173,,NO_COLLECTION_TRACK
12787.25,2025-12-09T21:07:15+00:00,W2829,wagon,rejected,T173,,NO_COLLECTION_TRACK
12789.0,2025-12-09T21:09:00+00:00,LOCO_01,locomotive,moving,,,
12789.0,2025-12-09T21:09:00+00:00,W8552,wagon,moving,,,
12789.0,2025-12-09T21:09:00+00:00,W10883,wagon,moving,,,
12793.0,2025-12-09T21:13:00+00:00,LOCO_02,locomotive,moving,,,
12794.0,2025-12-09T21:14:00+00:00,W8552,wagon,in_workshop,,,
12794.0,2025-12-09T21:14:00+00:00,W10883,wagon,in_workshop,,,
12800.0,2025-12-09T21:20:00+00:00,W8552,wagon,in_workshop,,,
12800.0,2025-12-09T21:20:00+00:00,W10883,wagon,in_workshop,,,
12800.0,2025-12-09T21:20:00+00:00,LOCO_02,locomotive,moving,,,
12800.0,2025-12-09T21:20:00+00:00,LOCO_01,locomotive,moving,,,
12805.0,2025-12-09T21:25:00+00:00,LOCO_01,locomotive,assigned,,,
12805.0,2025-12-09T21:25:00+00:00,LOCO_01,locomotive,moving,,,
12808.0,2025-12-09T21:28:00+00:00,LOCO_02,locomotive,moving,,,
12808.0,2025-12-09T21:28:00+00:00,W10896,wagon,moving,,,
12808.0,2025-12-09T21:28:00+00:00,W6421,wagon,moving,,,
12813.0,2025-12-09T21:33:00+00:00,W10896,wagon,in_workshop,,,
12813.0,2025-12-09T21:33:00+00:00,W6421,wagon,in_workshop,,,
12813.0,2025-12-09T21:33:00+00:00,LOCO_01,locomotive,moving,,,
12819.0,2025-12-09T21:39:00+00:00,W10896,wagon,in_workshop,,,
12819.0,2025-12-09T21:39:00+00:00,W6421,wagon,in_workshop,,,
12819.0,2025-12-09T21:39:00+00:00,LOCO_02,locomotive,moving,,,
12824.0,2025-12-09T21:44:00+00:00,LOCO_02,locomotive,moving,,,
12860.0,2025-12-09T22:20:00+00:00,W8552,wagon,retrofitted,,,
12860.0,2025-12-09T22:20:00+00:00,W10883,wagon,retrofitted,,,
12879.0,2025-12-09T22:39:00+00:00,W10896,wagon,retrofitted,,,
12879.0,2025-12-09T22:39:00+00:00,W6421,wagon,retrofitted,,,
12884.0,2025-12-09T22:44:00+00:00,LOCO_02,locomotive,assigned,,,
12891.0,2025-12-09T22:51:00+00:00,LOCO_02,locomotive,moving,,,
12891.0,2025-12-09T22:51:00+00:00,W5173,wagon,moving,,,
12891.0,2025-12-09T22:51:00+00:00,W4380,wagon,moving,,,
12891.0,2025-12-09T22:51:00+00:00,W5872,wagon,moving,,,
12891.5,2025-12-09T22:51:30+00:00,W10435,wagon,parked,,,
12891.5,2025-12-09T22:51:30+00:00,W1122,wagon,parked,,,
12891.5,2025-12-09T22:51:30+00:00,W1120,wagon,parked,,,
12891.5,2025-12-09T22:51:30+00:00,W11518,wagon,parked,,,
12891.5,2025-12-09T22:51:30+00:00,LOCO_01,locomotive,moving,,,
12939.0,2025-12-09T23:39:00+00:00,W10881,wagon,rejected,T174,,No Retrofit Needed
12939.0,2025-12-09T23:39:00+00:00,W10883,wagon,rejected,T174,,No Retrofit Needed
12939.0,2025-12-09T23:39:00+00:00,W10896,wagon,rejected,T174,,No Retrofit Needed
12939.0,2025-12-09T23:39:00+00:00,W10081,wagon,rejected,T174,,No Retrofit Needed
12939.0,2025-12-09T23:39:00+00:00,W9143,wagon,rejected,T174,,No Retrofit Needed
12939.0,2025-12-09T23:39:00+00:00,W12104,wagon,arrived,T174,,
12939.0,2025-12-09T23:39:00+00:00,W7218,wagon,arrived,T174,,
12951.0,2025-12-09T23:51:00+00:00,W5173,wagon,queued,,,
12951.0,2025-12-09T23:51:00+00:00,W4380,wagon,queued,,,
12951.0,2025-12-09T23:51:00+00:00,W5872,wagon,queued,,,
12951.5,2025-12-09T23:51:30+00:00,LOCO_01,locomotive,moving,,,
12954.5,2025-12-09T23:54:30+00:00,W4370,wagon,rejected,T175,,No Retrofit Needed
12958.5,2025-12-09T23:58:30+00:00,LOCO_01,locomotive,moving,,,
12958.5,2025-12-09T23:58:30+00:00,W8552,wagon,moving,,,
12958.5,2025-12-09T23:58:30+00:00,W10883,wagon,moving,,,
12963.5,2025-12-10T00:03:30+00:00,W10938,wagon,arrived,T176,,
12963.5,2025-12-10T00:03:30+00:00,LOCO_01,locomotive,moving,,,
12966.0,2025-12-10T00:06:00+00:00,LOCO_02,locomotive,moving,,,
12968.5,2025-12-10T00:08:30+00:00,LOCO_01,locomotive,moving,,,
12973.0,2025-12-10T00:13:00+00:00,LOCO_02,locomotive,moving,,,
12975.5,2025-12-10T00:15:30+00:00,LOCO_01,locomotive,moving,,,
12975.5,2025-12-10T00:15:30+00:00,W10896,wagon,moving,,,
12975.5,2025-12-10T00:15:30+00:00,W6421,wagon,moving,,,
12980.5,2025-12-10T00:20:30+00:00,LOCO_01,locomotive,moving,,,
12981.0,2025-12-10T00:21:00+00:00,LOCO_02,locomotive,moving,,,
12981.0,2025-12-10T00:21:00+00:00,W10100,wagon,moving,,,
12981.0,2025-12-10T00:21:00+00:00,W2165,wagon,moving,,,
12985.5,2025-12-10T00:25:30+00:00,LOCO_01,locomotive,assigned,,,
12985.5,2025-12-10T00:25:30+00:00,LOCO_01,locomotive,moving,,,
12986.0,2025-12-10T00:26:00+00:00,W10100,wagon,in_workshop,,,
12986.0,2025-12-10T00:26:00+00:00,W2165,wagon,in_workshop,,,
12992.0,2025-12-10T00:32:00+00:00,W10100,wagon,in_workshop,,,
12992.0,2025-12-10T00:32:00+00:00,W2165,wagon,in_workshop,,,
12992.0,2025-12-10T00:32:00+00:00,LOCO_02,locomotive,moving,,,
12993.5,2025-12-10T00:33:30+00:00,LOCO_01,locomotive,moving,,,
12999.0,2025-12-10T00:39:00+00:00,LOCO_02,locomotive,moving,,,
13002.0,2025-12-10T00:42:00+00:00,W9071,wagon,parked,,,
13002.0,2025-12-10T00:42:00+00:00,W4506,wagon,parked,,,
13002.0,2025-12-10T00:42:00+00:00,W1439,wagon,parked,,,
13002.0,2025-12-10T00:42:00+00:00,W0681,wagon,parked,,,
13002.0,2025-12-10T00:42:00+00:00,LOCO_01,locomotive,moving,,,
13007.0,2025-12-10T00:47:00+00:00,LOCO_02,locomotive,moving,,,
13007.0,2025-12-10T00:47:00+00:00,W6323,wagon,moving,,,
13007.0,2025-12-10T00:47:00+00:00,W6989,wagon,moving,,,
13007.0,2025-12-10T00:47:00+00:00,LOCO_01,locomotive,moving,,,
13012.0,2025-12-10T00:52:00+00:00,W6323,wagon,in_workshop,,,
13012.0,2025-12-10T00:52:00+00:00,W6989,wagon,in_workshop,,,
13015.75,2025-12-10T00:55:45+00:00,W5411,wagon,rejected,T177,,No Retrofit Needed
13015.75,2025-12-10T00:55:45+00:00,W11513,wagon,rejected,T177,,No Retrofit Needed
13018.0,2025-12-10T00:58:00+00:00,W6323,wagon,in_workshop,,,
13018.0,2025-12-10T00:58:00+00:00,W6989,wagon,in_workshop,,,
13018.0,2025-12-10T00:58:00+00:00,LOCO_02,locomotive,moving,,,
13023.0,2025-12-10T01:03:00+00:00,LOCO_02,locomotive,assigned,,,
13023.0,2025-12-10T01:03:00+00:00,LOCO_02,locomotive,moving,,,
13031.0,2025-12-10T01:11:00+00:00,LOCO_02,locomotive,moving,,,
13039.5,2025-12-10T01:19:30+00:00,W8552,wagon,parked,,,
13039.5,2025-12-10T01:19:30+00:00,W10883,wagon,parked,,,
13039.5,2025-12-10T01:19:30+00:00,W10896,wagon,parked,,,
13039.5,2025-12-10T01:19:30+00:00,W6421,wagon,parked,,,
13039.5,2025-12-10T01:19:30+00:00,LOCO_02,locomotive,moving,,,
13044.5,2025-12-10T01:24:30+00:00,LOCO_02,locomotive,moving,,,
13052.0,2025-12-10T01:32:00+00:00,W10100,wagon,retrofitted,,,
13052.0,2025-12-10T01:32:00+00:00,W2165,wagon,retrofitted,,,
13067.0,2025-12-10T01:47:00+00:00,LOCO_01,locomotive,assigned,,,
13078.0,2025-12-10T01:58:00+00:00,W6323,wagon,retrofitted,,,
13078.0,2025-12-10T01:58:00+00:00,W6989,wagon,retrofitted,,,
13080.0,2025-12-10T02:00:00+00:00,LOCO_01,locomotive,moving,,,
13080.0,2025-12-10T02:00:00+00:00,W7598,wagon,moving,,,
13080.0,2025-12-10T02:00:00+00:00,W7513,wagon,moving,,,
13080.0,2025-12-10T02:00:00+00:00,W9727,wagon,moving,,,
13080.0,2025-12-10T02:00:00+00:00,W0674,wagon,moving,,,
13080.0,2025-12-10T02:00:00+00:00,W5420,wagon,moving,,,
13080.0,2025-12-10T02:00:00+00:00,W6936,wagon,moving,,,
13103.5,2025-12-10T02:23:30+00:00,W9744,wagon,rejected,T178,,No Retrofit Needed
13103.5,2025-12-10T02:23:30+00:00,W4327,wagon,arrived,T178,,
13103.5,2025-12-10T02:23:30+00:00,W11290,wagon,arrived,T178,,
13104.5,2025-12-10T02:24:30+00:00,LOCO_02,locomotive,assigned,,,
13109.5,2025-12-10T02:29:30+00:00,LOCO_02,locomotive,moving,,,
13109.5,2025-12-10T02:29:30+00:00,W0093,wagon,moving,,,
13109.5,2025-12-10T02:29:30+00:00,W3413,wagon,moving,,,
13140.0,2025-12-10T03:00:00+00:00,W7598,wagon,queued,,,
13140.0,2025-12-10T03:00:00+00:00,W7513,wagon,queued,,,
13140.0,2025-12-10T03:00:00+00:00,W9727,wagon,queued,,,
13140.0,2025-12-10T03:00:00+00:00,W0674,wagon,queued,,,
13140.0,2025-12-10T03:00:00+00:00,W5420,wagon,queued,,,
13140.0,2025-12-10T03:00:00+00:00,W6936,wagon,queued,,,
13169.5,2025-12-10T03:29:30+00:00,W0093,wagon,queued,,,
13169.5,2025-12-10T03:29:30+00:00,W3413,wagon,queued,,,
13171.75,2025-12-10T03:31:45+00:00,W5410,wagon,rejected,T179,,NO_COLLECTION_TRACK
13171.75,2025-12-10T03:31:45+00:00,W11298,wagon,arrived,T179,,
13171.75,2025-12-10T03:31:45+00:00,W2064,wagon,arrived,T179,,
13171.75,2025-12-10T03:31:45+00:00,W10999,wagon,arrived,T179,,
13171.75,2025-12-10T03:31:45+00:00,W10366,wagon,arrived,T179,,
13173.0,2025-12-10T03:33:00+00:00,LOCO_01,locomotive,moving,,,
13178.0,2025-12-10T03:38:00+00:00,LOCO_01,locomotive,moving,,,
13178.5,2025-12-10T03:38:30+00:00,LOCO_02,locomotive,moving,,,
13183.5,2025-12-10T03:43:30+00:00,LOCO_02,locomotive,moving,,,
13185.0,2025-12-10T03:45:00+00:00,LOCO_01,locomotive,moving,,,
13185.0,2025-12-10T03:45:00+00:00,W10100,wagon,moving,,,
13185.0,2025-12-10T03:45:00+00:00,W2165,wagon,moving,,,
13190.0,2025-12-10T03:50:00+00:00,LOCO_01,locomotive,moving,,,
13190.5,2025-12-10T03:50:30+00:00,LOCO_02,locomotive,moving,,,
13190.5,2025-12-10T03:50:30+00:00,W6323,wagon,moving,,,
13190.5,2025-12-10T03:50:30+00:00,W6989,wagon,moving,,,
13195.0,2025-12-10T03:55:00+00:00,LOCO_01,locomotive,moving,,,
13195.5,2025-12-10T03:55:30+00:00,LOCO_02,locomotive,moving,,,
13202.5,2025-12-10T04:02:30+00:00,LOCO_02,locomotive,moving,,,
13210.5,2025-12-10T04:10:30+00:00,LOCO_02,locomotive,moving,,,
13210.5,2025-12-10T04:10:30+00:00,W12116,wagon,moving,,,
13210.5,2025-12-10T04:10:30+00:00,W12221,wagon,moving,,,
13215.5,2025-12-10T04:15:30+00:00,W12116,wagon,in_workshop,,,
13215.5,2025-12-10T04:15:30+00:00,W12221,wagon,in_workshop,,,
13221.5,2025-12-10T04:21:30+00:00,W12116,wagon,in_workshop,,,
13221.5,2025-12-10T04:21:30+00:00,W12221,wagon,in_workshop,,,
13221.5,2025-12-10T04:21:30+00:00,LOCO_02,locomotive,moving,,,
13228.5,2025-12-10T04:28:30+00:00,LOCO_02,locomotive,moving,,,
13236.5,2025-12-10T04:36:30+00:00,LOCO_02,locomotive,moving,,,
13236.5,2025-12-10T04:36:30+00:00,W5992,wagon,moving,,,
13236.5,2025-12-10T04:36:30+00:00,W9943,wagon,moving,,,
13241.5,2025-12-10T04:41:30+00:00,W5992,wagon,in_workshop,,,
13241.5,2025-12-10T04:41:30+00:00,W9943,wagon,in_workshop,,,
13247.5,2025-12-10T04:47:30+00:00,W5992,wagon,in_workshop,,,
13247.5,2025-12-10T04:47:30+00:00,W9943,wagon,in_workshop,,,
13247.5,2025-12-10T04:47:30+00:00,LOCO_02,locomotive,moving,,,
13252.5,2025-12-10T04:52:30+00:00,LOCO_02,locomotive,assigned,,,
13252.5,2025-12-10T04:52:30+00:00,LOCO_02,locomotive,moving,,,
13255.0,2025-12-10T04:55:00+00:00,LOCO_01,locomotive,assigned,,,
13258.0,2025-12-10T04:58:00+00:00,LOCO_01,locomotive,moving,,,
13258.0,2025-12-10T04:58:00+00:00,W3230,wagon,moving,,,
13259.5,2025-12-10T04:59:30+00:00,LOCO_02,locomotive,moving,,,
13266.0,2025-12-10T05:06:00+00:00,W10100,wagon,parked,,,
13266.0,2025-12-10T05:06:00+00:00,W2165,wagon,parked,,,
13266.0,2025-12-10T05:06:00+00:00,LOCO_02,locomotive,moving,,,
13271.0,2025-12-10T05:11:00+00:00,LOCO_02,locomotive,moving,,,
13281.5,2025-12-10T05:21:30+00:00,W12116,wagon,retrofitted,,,
13281.5,2025-12-10T05:21:30+00:00,W12221,wagon,retrofitted,,,
13298.75,2025-12-10T05:38:45+00:00,W1161,wagon,rejected,T180,,No Retrofit Needed
13298.75,2025-12-10T05:38:45+00:00,W1158,wagon,rejected,T180,,No Retrofit Needed
13298.75,2025-12-10T05:38:45+00:00,W1156,wagon,rejected,T180,,No Retrofit Needed
13298.75,2025-12-10T05:38:45+00:00,W1152,wagon,rejected,T180,,No Retrofit Needed
13298.75,2025-12-10T05:38:45+00:00,W1139,wagon,rejected,T180,,No Retrofit Needed
13298.75,2025-12-10T05:38:45+00:00,W1174,wagon,rejected,T180,,No Retrofit Needed
13298.75,2025-12-10T05:38:45+00:00,W1149,wagon,rejected,T180,,No Retrofit Needed
13298.75,2025-12-10T05:38:45+00:00,W1143,wagon,arrived,T180,,
13307.5,2025-12-10T05:47:30+00:00,W5992,wagon,retrofitted,,,
13307.5,2025-12-10T05:47:30+00:00,W9943,wagon,retrofitted,,,
13314.5,2025-12-10T05:54:30+00:00,W3134,wagon,rejected,T181,,NO_COLLECTION_TRACK
13314.5,2025-12-10T05:54:30+00:00,W10715,wagon,rejected,T181,,NO_COLLECTION_TRACK
13314.5,2025-12-10T05:54:30+00:00,W3172,wagon,rejected,T181,,NO_COLLECTION_TRACK
13314.5,2025-12-10T05:54:30+00:00,W3113,wagon,arrived,T181,,
13314.5,2025-12-10T05:54:30+00:00,W3106,wagon,arrived,T181,,
13318.0,2025-12-10T05:58:00+00:00,W3230,wagon,queued,,,
13321.0,2025-12-10T06:01:00+00:00,LOCO_01,locomotive,moving,,,
13326.0,2025-12-10T06:06:00+00:00,LOCO_01,locomotive,moving,,,
13331.0,2025-12-10T06:11:00+00:00,LOCO_02,locomotive,assigned,,,
13333.0,2025-12-10T06:13:00+00:00,LOCO_01,locomotive,moving,,,
13333.0,2025-12-10T06:13:00+00:00,W12116,wagon,moving,,,
13333.0,2025-12-10T06:13:00+00:00,W12221,wagon,moving,,,
13334.0,2025-12-10T06:14:00+00:00,LOCO_02,locomotive,moving,,,
13334.0,2025-12-10T06:14:00+00:00,W8479,wagon,moving,,,
13338.0,2025-12-10T06:18:00+00:00,LOCO_01,locomotive,moving,,,
13343.0,2025-12-10T06:23:00+00:00,LOCO_01,locomotive,moving,,,
13350.0,2025-12-10T06:30:00+00:00,LOCO_01,locomotive,moving,,,
13350.0,2025-12-10T06:30:00+00:00,W5992,wagon,moving,,,
13350.0,2025-12-10T06:30:00+00:00,W9943,wagon,moving,,,
13355.0,2025-12-10T06:35:00+00:00,LOCO_01,locomotive,moving,,,
13362.0,2025-12-10T06:42:00+00:00,LOCO_01,locomotive,moving,,,
13370.0,2025-12-10T06:50:00+00:00,LOCO_01,locomotive,moving,,,
13370.0,2025-12-10T06:50:00+00:00,W9430,wagon,moving,,,
13370.0,2025-12-10T06:50:00+00:00,W5173,wagon,moving,,,
13375.0,2025-12-10T06:55:00+00:00,W9430,wagon,in_workshop,,,
13375.0,2025-12-10T06:55:00+00:00,W5173,wagon,in_workshop,,,
13381.0,2025-12-10T07:01:00+00:00,W9430,wagon,in_workshop,,,
13381.0,2025-12-10T07:01:00+00:00,W5173,wagon,in_workshop,,,
13381.0,2025-12-10T07:01:00+00:00,LOCO_01,locomotive,moving,,,
13388.0,2025-12-10T07:08:00+00:00,LOCO_01,locomotive,moving,,,
13389.25,2025-12-10T07:09:15+00:00,W6989,wagon,rejected,T182,,No Retrofit Needed
13389.25,2025-12-10T07:09:15+00:00,W10397,wagon,rejected,T182,,No Retrofit Needed
13389.25,2025-12-10T07:09:15+00:00,W4392,wagon,rejected,T182,,No Retrofit Needed
13389.25,2025-12-10T07:09:15+00:00,W4422,wagon,rejected,T182,,No Retrofit Needed
13392.5,2025-12-10T07:12:30+00:00,W10889,wagon,rejected,T183,,No Retrofit Needed
13392.5,2025-12-10T07:12:30+00:00,W3087,wagon,rejected,T183,,No Retrofit Needed
13392.5,2025-12-10T07:12:30+00:00,W10958,wagon,rejected,T183,,No Retrofit Needed
13392.5,2025-12-10T07:12:30+00:00,W11254,wagon,rejected,T183,,No Retrofit Needed
13392.5,2025-12-10T07:12:30+00:00,W5420,wagon,rejected,T183,,No Retrofit Needed
13392.5,2025-12-10T07:12:30+00:00,W11261,wagon,rejected,T183,,No Retrofit Needed
13392.5,2025-12-10T07:12:30+00:00,W11269,wagon,rejected,T183,,No Retrofit Needed
13392.5,2025-12-10T07:12:30+00:00,W9046,wagon,rejected,T183,,No Retrofit Needed
13392.5,2025-12-10T07:12:30+00:00,W2130,wagon,arrived,T183,,
13392.5,2025-12-10T07:12:30+00:00,W2119,wagon,arrived,T183,,
13394.0,2025-12-10T07:14:00+00:00,W8479,wagon,queued,,,
13396.0,2025-12-10T07:16:00+00:00,LOCO_01,locomotive,moving,,,
13396.0,2025-12-10T07:16:00+00:00,W4380,wagon,moving,,,
13396.0,2025-12-10T07:16:00+00:00,W5872,wagon,moving,,,
13397.0,2025-12-10T07:17:00+00:00,LOCO_02,locomotive,moving,,,
13401.0,2025-12-10T07:21:00+00:00,W4380,wagon,in_workshop,,,
13401.0,2025-12-10T07:21:00+00:00,W5872,wagon,in_workshop,,,
13402.0,2025-12-10T07:22:00+00:00,LOCO_02,locomotive,assigned,,,
13402.0,2025-12-10T07:22:00+00:00,LOCO_02,locomotive,moving,,,
13407.0,2025-12-10T07:27:00+00:00,W4380,wagon,in_workshop,,,
13407.0,2025-12-10T07:27:00+00:00,W5872,wagon,in_workshop,,,
13407.0,2025-12-10T07:27:00+00:00,LOCO_01,locomotive,moving,,,
13409.0,2025-12-10T07:29:00+00:00,LOCO_02,locomotive,moving,,,
13412.0,2025-12-10T07:32:00+00:00,LOCO_01,locomotive,moving,,,
13441.0,2025-12-10T08:01:00+00:00,W9430,wagon,retrofitted,,,
13441.0,2025-12-10T08:01:00+00:00,W5173,wagon,retrofitted,,,
13460.0,2025-12-10T08:20:00+00:00,W0874,wagon,rejected,T184,,No Retrofit Needed
13460.0,2025-12-10T08:20:00+00:00,W8648,wagon,arrived,T184,,
13467.0,2025-12-10T08:27:00+00:00,W4380,wagon,retrofitted,,,
13467.0,2025-12-10T08:27:00+00:00,W5872,wagon,retrofitted,,,
13472.0,2025-12-10T08:32:00+00:00,LOCO_01,locomotive,assigned,,,
13479.0,2025-12-10T08:39:00+00:00,LOCO_01,locomotive,moving,,,
13479.0,2025-12-10T08:39:00+00:00,W5411,wagon,moving,,,
13479.0,2025-12-10T08:39:00+00:00,W11513,wagon,moving,,,
13479.0,2025-12-10T08:39:00+00:00,W3087,wagon,moving,,,
13485.5,2025-12-10T08:45:30+00:00,W6323,wagon,parked,,,
13485.5,2025-12-10T08:45:30+00:00,W6989,wagon,parked,,,
13485.5,2025-12-10T08:45:30+00:00,LOCO_02,locomotive,moving,,,
13487.5,2025-12-10T08:47:30+00:00,W6207,wagon,arrived,T185,,
13539.0,2025-12-10T09:39:00+00:00,W5411,wagon,queued,,,
13539.0,2025-12-10T09:39:00+00:00,W11513,wagon,queued,,,
13539.0,2025-12-10T09:39:00+00:00,W3087,wagon,queued,,,
13545.5,2025-12-10T09:45:30+00:00,LOCO_02,locomotive,moving,,,
13552.5,2025-12-10T09:52:30+00:00,LOCO_02,locomotive,moving,,,
13552.5,2025-12-10T09:52:30+00:00,W9430,wagon,moving,,,
13552.5,2025-12-10T09:52:30+00:00,W5173,wagon,moving,,,
13554.0,2025-12-10T09:54:00+00:00,LOCO_01,locomotive,moving,,,
13557.5,2025-12-10T09:57:30+00:00,LOCO_02,locomotive,moving,,,
13559.0,2025-12-10T09:59:00+00:00,LOCO_01,locomotive,moving,,,
13562.5,2025-12-10T10:02:30+00:00,LOCO_02,locomotive,assigned,,,
13562.5,2025-12-10T10:02:30+00:00,LOCO_02,locomotive,moving,,,
13566.0,2025-12-10T10:06:00+00:00,LOCO_01,locomotive,moving,,,
13566.0,2025-12-10T10:06:00+00:00,W4380,wagon,moving,,,
13566.0,2025-12-10T10:06:00+00:00,W5872,wagon,moving,,,
13570.5,2025-12-10T10:10:30+00:00,LOCO_02,locomotive,moving,,,
13571.0,2025-12-10T10:11:00+00:00,LOCO_01,locomotive,moving,,,
13578.0,2025-12-10T10:18:00+00:00,LOCO_01,locomotive,moving,,,
13586.0,2025-12-10T10:26:00+00:00,LOCO_01,locomotive,moving,,,
13586.0,2025-12-10T10:26:00+00:00,W7598,wagon,moving,,,
13586.0,2025-12-10T10:26:00+00:00,W7513,wagon,moving,,,
13591.0,2025-12-10T10:31:00+00:00,W7598,wagon,in_workshop,,,
13591.0,2025-12-10T10:31:00+00:00,W7513,wagon,in_workshop,,,
13597.0,2025-12-10T10:37:00+00:00,W7598,wagon,in_workshop,,,
13597.0,2025-12-10T10:37:00+00:00,W7513,wagon,in_workshop,,,
13597.0,2025-12-10T10:37:00+00:00,LOCO_01,locomotive,moving,,,
13604.0,2025-12-10T10:44:00+00:00,LOCO_01,locomotive,moving,,,
13612.0,2025-12-10T10:52:00+00:00,LOCO_01,locomotive,moving,,,
13612.0,2025-12-10T10:52:00+00:00,W9727,wagon,moving,,,
13612.0,2025-12-10T10:52:00+00:00,W0674,wagon,moving,,,
13617.0,2025-12-10T10:57:00+00:00,W9727,wagon,in_workshop,,,
13617.0,2025-12-10T10:57:00+00:00,W0674,wagon,in_workshop,,,
13623.0,2025-12-10T11:03:00+00:00,W9727,wagon,in_workshop,,,
13623.0,2025-12-10T11:03:00+00:00,W0674,wagon,in_workshop,,,
13623.0,2025-12-10T11:03:00+00:00,LOCO_01,locomotive,moving,,,
13628.0,2025-12-10T11:08:00+00:00,LOCO_01,locomotive,moving,,,
13633.25,2025-12-10T11:13:15+00:00,W10319,wagon,arrived,T186,,
13633.25,2025-12-10T11:13:15+00:00,W10278,wagon,arrived,T186,,
13647.25,2025-12-10T11:27:15+00:00,W10521,wagon,rejected,T187,,NO_COLLECTION_TRACK
13647.25,2025-12-10T11:27:15+00:00,W12051,wagon,rejected,T187,,NO_COLLECTION_TRACK
13647.25,2025-12-10T11:27:15+00:00,W2236,wagon,rejected,T187,,NO_COLLECTION_TRACK
13647.25,2025-12-10T11:27:15+00:00,W9767,wagon,rejected,T187,,NO_COLLECTION_TRACK
13647.25,2025-12-10T11:27:15+00:00,W5458,wagon,arrived,T187,,
13649.0,2025-12-10T11:29:00+00:00,W12116,wagon,parked,,,
13649.0,2025-12-10T11:29:00+00:00,W12221,wagon,parked,,,
13649.0,2025-12-10T11:29:00+00:00,W5992,wagon,parked,,,
13649.0,2025-12-10T11:29:00+00:00,W9943,wagon,parked,,,
13649.0,2025-12-10T11:29:00+00:00,LOCO_02,locomotive,moving,,,
13657.0,2025-12-10T11:37:00+00:00,W7598,wagon,retrofitted,,,
13657.0,2025-12-10T11:37:00+00:00,W7513,wagon,retrofitted,,,
13683.0,2025-12-10T12:03:00+00:00,W9727,wagon,retrofitted,,,
13683.0,2025-12-10T12:03:00+00:00,W0674,wagon,retrofitted,,,
13688.0,2025-12-10T12:08:00+00:00,LOCO_01,locomotive,assigned,,,
13695.0,2025-12-10T12:15:00+00:00,LOCO_01,locomotive,moving,,,
13695.0,2025-12-10T12:15:00+00:00,W8637,wagon,moving,,,
13695.0,2025-12-10T12:15:00+00:00,W2324,wagon,moving,,,
13695.0,2025-12-10T12:15:00+00:00,W10934,wagon,moving,,,
13709.0,2025-12-10T12:29:00+00:00,LOCO_02,locomotive,moving,,,
13716.0,2025-12-10T12:36:00+00:00,LOCO_02,locomotive,moving,,,
13716.0,2025-12-10T12:36:00+00:00,W7598,wagon,moving,,,
13716.0,2025-12-10T12:36:00+00:00,W7513,wagon,moving,,,
13721.0,2025-12-10T12:41:00+00:00,LOCO_02,locomotive,moving,,,
13726.0,2025-12-10T12:46:00+00:00,LOCO_02,locomotive,moving,,,
13733.0,2025-12-10T12:53:00+00:00,LOCO_02,locomotive,moving,,,
13733.0,2025-12-10T12:53:00+00:00,W9727,wagon,moving,,,
13733.0,2025-12-10T12:53:00+00:00,W0674,wagon,moving,,,
13738.0,2025-12-10T12:58:00+00:00,LOCO_02,locomotive,moving,,,
13745.0,2025-12-10T13:05:00+00:00,LOCO_02,locomotive,moving,,,
13753.0,2025-12-10T13:13:00+00:00,LOCO_02,locomotive,moving,,,
13753.0,2025-12-10T13:13:00+00:00,W5420,wagon,moving,,,
13753.0,2025-12-10T13:13:00+00:00,W6936,wagon,moving,,,
13755.0,2025-12-10T13:15:00+00:00,W8637,wagon,queued,,,
13755.0,2025-12-10T13:15:00+00:00,W2324,wagon,queued,,,
13755.0,2025-12-10T13:15:00+00:00,W10934,wagon,queued,,,
13758.0,2025-12-10T13:18:00+00:00,W5420,wagon,in_workshop,,,
13758.0,2025-12-10T13:18:00+00:00,W6936,wagon,in_workshop,,,
13764.0,2025-12-10T13:24:00+00:00,W5420,wagon,in_workshop,,,
13764.0,2025-12-10T13:24:00+00:00,W6936,wagon,in_workshop,,,
13764.0,2025-12-10T13:24:00+00:00,LOCO_02,locomotive,moving,,,
13770.0,2025-12-10T13:30:00+00:00,LOCO_01,locomotive,moving,,,
13771.0,2025-12-10T13:31:00+00:00,LOCO_02,locomotive,moving,,,
13775.0,2025-12-10T13:35:00+00:00,LOCO_01,locomotive,assigned,,,
13775.0,2025-12-10T13:35:00+00:00,LOCO_01,locomotive,moving,,,
13779.0,2025-12-10T13:39:00+00:00,LOCO_02,locomotive,moving,,,
13779.0,2025-12-10T13:39:00+00:00,W0093,wagon,moving,,,
13779.0,2025-12-10T13:39:00+00:00,W3413,wagon,moving,,,
13783.0,2025-12-10T13:43:00+00:00,LOCO_01,locomotive,moving,,,
13784.0,2025-12-10T13:44:00+00:00,W0093,wagon,in_workshop,,,
13784.0,2025-12-10T13:44:00+00:00,W3413,wagon,in_workshop,,,
13790.0,2025-12-10T13:50:00+00:00,W0093,wagon,in_workshop,,,
13790.0,2025-12-10T13:50:00+00:00,W3413,wagon,in_workshop,,,
13790.0,2025-12-10T13:50:00+00:00,LOCO_02,locomotive,moving,,,
13795.0,2025-12-10T13:55:00+00:00,LOCO_02,locomotive,moving,,,
13824.0,2025-12-10T14:24:00+00:00,W5420,wagon,retrofitted,,,
13824.0,2025-12-10T14:24:00+00:00,W6936,wagon,retrofitted,,,
13850.0,2025-12-10T14:50:00+00:00,W0093,wagon,retrofitted,,,
13850.0,2025-12-10T14:50:00+00:00,W3413,wagon,retrofitted,,,
13855.0,2025-12-10T14:55:00+00:00,LOCO_02,locomotive,assigned,,,
13858.0,2025-12-10T14:58:00+00:00,LOCO_02,locomotive,moving,,,
13858.0,2025-12-10T14:58:00+00:00,W4885,wagon,moving,,,
13906.5,2025-12-10T15:46:30+00:00,W9430,wagon,parked,,,
13906.5,2025-12-10T15:46:30+00:00,W5173,wagon,parked,,,
13906.5,2025-12-10T15:46:30+00:00,W4380,wagon,parked,,,
13906.5,2025-12-10T15:46:30+00:00,W5872,wagon,parked,,,
13906.5,2025-12-10T15:46:30+00:00,LOCO_01,locomotive,moving,,,
13918.0,2025-12-10T15:58:00+00:00,W4885,wagon,queued,,,
13921.0,2025-12-10T16:01:00+00:00,LOCO_02,locomotive,moving,,,
13926.0,2025-12-10T16:06:00+00:00,LOCO_02,locomotive,moving,,,
13933.0,2025-12-10T16:13:00+00:00,LOCO_02,locomotive,moving,,,
13933.0,2025-12-10T16:13:00+00:00,W5420,wagon,moving,,,
13933.0,2025-12-10T16:13:00+00:00,W6936,wagon,moving,,,
13938.0,2025-12-10T16:18:00+00:00,LOCO_02,locomotive,moving,,,
13943.0,2025-12-10T16:23:00+00:00,LOCO_02,locomotive,moving,,,
13950.0,2025-12-10T16:30:00+00:00,LOCO_02,locomotive,moving,,,
13950.0,2025-12-10T16:30:00+00:00,W0093,wagon,moving,,,
13950.0,2025-12-10T16:30:00+00:00,W3413,wagon,moving,,,
13955.0,2025-12-10T16:35:00+00:00,LOCO_02,locomotive,moving,,,
13962.0,2025-12-10T16:42:00+00:00,LOCO_02,locomotive,moving,,,
13968.5,2025-12-10T16:48:30+00:00,LOCO_01,locomotive,moving,,,
13970.0,2025-12-10T16:50:00+00:00,LOCO_02,locomotive,moving,,,
13970.0,2025-12-10T16:50:00+00:00,W3230,wagon,moving,,,
13970.0,2025-12-10T16:50:00+00:00,W8479,wagon,moving,,,
13975.0,2025-12-10T16:55:00+00:00,W3230,wagon,in_workshop,,,
13975.0,2025-12-10T16:55:00+00:00,W8479,wagon,in_workshop,,,
13976.5,2025-12-10T16:56:30+00:00,LOCO_01,locomotive,moving,,,
13976.5,2025-12-10T16:56:30+00:00,W5411,wagon,moving,,,
13976.5,2025-12-10T16:56:30+00:00,W11513,wagon,moving,,,
13981.0,2025-12-10T17:01:00+00:00,W3230,wagon,in_workshop,,,
13981.0,2025-12-10T17:01:00+00:00,W8479,wagon,in_workshop,,,
13981.0,2025-12-10T17:01:00+00:00,LOCO_02,locomotive,moving,,,
13981.5,2025-12-10T17:01:30+00:00,W5411,wagon,in_workshop,,,
13981.5,2025-12-10T17:01:30+00:00,W11513,wagon,in_workshop,,,
13986.0,2025-12-10T17:06:00+00:00,LOCO_02,locomotive,assigned,,,
13986.0,2025-12-10T17:06:00+00:00,LOCO_02,locomotive,moving,,,
13987.5,2025-12-10T17:07:30+00:00,W5411,wagon,in_workshop,,,
13987.5,2025-12-10T17:07:30+00:00,W11513,wagon,in_workshop,,,
13987.5,2025-12-10T17:07:30+00:00,LOCO_01,locomotive,moving,,,
13992.5,2025-12-10T17:12:30+00:00,LOCO_01,locomotive,moving,,,
13996.0,2025-12-10T17:16:00+00:00,LOCO_02,locomotive,moving,,,
14008.5,2025-12-10T17:28:30+00:00,W7598,wagon,parked,,,
14008.5,2025-12-10T17:28:30+00:00,W7513,wagon,parked,,,
14008.5,2025-12-10T17:28:30+00:00,W9727,wagon,parked,,,
14008.5,2025-12-10T17:28:30+00:00,W0674,wagon,parked,,,
14008.5,2025-12-10T17:28:30+00:00,W5420,wagon,parked,,,
14008.5,2025-12-10T17:28:30+00:00,W6936,wagon,parked,,,
14008.5,2025-12-10T17:28:30+00:00,W0093,wagon,parked,,,
14008.5,2025-12-10T17:28:30+00:00,W3413,wagon,parked,,,
14008.5,2025-12-10T17:28:30+00:00,LOCO_02,locomotive,moving,,,
14013.5,2025-12-10T17:33:30+00:00,LOCO_02,locomotive,moving,,,
14041.0,2025-12-10T18:01:00+00:00,W3230,wagon,retrofitted,,,
14041.0,2025-12-10T18:01:00+00:00,W8479,wagon,retrofitted,,,
14047.5,2025-12-10T18:07:30+00:00,W5411,wagon,retrofitted,,,
14047.5,2025-12-10T18:07:30+00:00,W11513,wagon,retrofitted,,,
14052.5,2025-12-10T18:12:30+00:00,LOCO_01,locomotive,assigned,,,
14067.5,2025-12-10T18:27:30+00:00,LOCO_01,locomotive,moving,,,
14067.5,2025-12-10T18:27:30+00:00,W3237,wagon,moving,,,
14067.5,2025-12-10T18:27:30+00:00,W12383,wagon,moving,,,
14067.5,2025-12-10T18:27:30+00:00,W9843,wagon,moving,,,
14067.5,2025-12-10T18:27:30+00:00,W4473,wagon,moving,,,
14067.5,2025-12-10T18:27:30+00:00,W6848,wagon,moving,,,
14067.5,2025-12-10T18:27:30+00:00,W11356,wagon,moving,,,
14067.5,2025-12-10T18:27:30+00:00,W4223,wagon,moving,,,
14073.5,2025-12-10T18:33:30+00:00,LOCO_02,locomotive,assigned,,,
14076.5,2025-12-10T18:36:30+00:00,LOCO_02,locomotive,moving,,,
14076.5,2025-12-10T18:36:30+00:00,W5346,wagon,moving,,,
14097.75,2025-12-10T18:57:45+00:00,W11348,wagon,rejected,T188,,No Retrofit Needed
14097.75,2025-12-10T18:57:45+00:00,W11970,wagon,rejected,T188,,No Retrofit Needed
14097.75,2025-12-10T18:57:45+00:00,W9710,wagon,arrived,T188,,
14097.75,2025-12-10T18:57:45+00:00,W11593,wagon,arrived,T188,,
14097.75,2025-12-10T18:57:45+00:00,W11019,wagon,arrived,T188,,
14097.75,2025-12-10T18:57:45+00:00,W3315,wagon,arrived,T188,,
14097.75,2025-12-10T18:57:45+00:00,W9194,wagon,arrived,T188,,
14097.75,2025-12-10T18:57:45+00:00,W6843,wagon,arrived,T188,,
14127.5,2025-12-10T19:27:30+00:00,W3237,wagon,queued,,,
14127.5,2025-12-10T19:27:30+00:00,W12383,wagon,queued,,,
14127.5,2025-12-10T19:27:30+00:00,W9843,wagon,queued,,,
14127.5,2025-12-10T19:27:30+00:00,W4473,wagon,queued,,,
14127.5,2025-12-10T19:27:30+00:00,W6848,wagon,queued,,,
14127.5,2025-12-10T19:27:30+00:00,W11356,wagon,queued,,,
14127.5,2025-12-10T19:27:30+00:00,W4223,wagon,queued,,,
14136.5,2025-12-10T19:36:30+00:00,W5346,wagon,queued,,,
14139.5,2025-12-10T19:39:30+00:00,LOCO_02,locomotive,moving,,,
14144.5,2025-12-10T19:44:30+00:00,LOCO_02,locomotive,moving,,,
14151.5,2025-12-10T19:51:30+00:00,LOCO_02,locomotive,moving,,,
14151.5,2025-12-10T19:51:30+00:00,W3230,wagon,moving,,,
14151.5,2025-12-10T19:51:30+00:00,W8479,wagon,moving,,,
14156.5,2025-12-10T19:56:30+00:00,LOCO_02,locomotive,moving,,,
14161.5,2025-12-10T20:01:30+00:00,LOCO_02,locomotive,moving,,,
14166.5,2025-12-10T20:06:30+00:00,LOCO_01,locomotive,moving,,,
14168.5,2025-12-10T20:08:30+00:00,LOCO_02,locomotive,moving,,,
14168.5,2025-12-10T20:08:30+00:00,W5411,wagon,moving,,,
14168.5,2025-12-10T20:08:30+00:00,W11513,wagon,moving,,,
14173.5,2025-12-10T20:13:30+00:00,LOCO_01,locomotive,moving,,,
14173.5,2025-12-10T20:13:30+00:00,LOCO_02,locomotive,moving,,,
14178.5,2025-12-10T20:18:30+00:00,LOCO_02,locomotive,assigned,,,
14178.5,2025-12-10T20:18:30+00:00,LOCO_02,locomotive,moving,,,
14181.5,2025-12-10T20:21:30+00:00,LOCO_01,locomotive,moving,,,
14181.5,2025-12-10T20:21:30+00:00,W3087,wagon,moving,,,
14181.5,2025-12-10T20:21:30+00:00,W8637,wagon,moving,,,
14185.5,2025-12-10T20:25:30+00:00,LOCO_02,locomotive,moving,,,
14186.5,2025-12-10T20:26:30+00:00,W3087,wagon,in_workshop,,,
14186.5,2025-12-10T20:26:30+00:00,W8637,wagon,in_workshop,,,
14192.0,2025-12-10T20:32:00+00:00,W3230,wagon,parked,,,
14192.0,2025-12-10T20:32:00+00:00,W8479,wagon,parked,,,
14192.0,2025-12-10T20:32:00+00:00,LOCO_02,locomotive,moving,,,
14192.5,2025-12-10T20:32:30+00:00,W3087,wagon,in_workshop,,,
14192.5,2025-12-10T20:32:30+00:00,W8637,wagon,in_workshop,,,
14192.5,2025-12-10T20:32:30+00:00,LOCO_01,locomotive,moving,,,
14197.5,2025-12-10T20:37:30+00:00,LOCO_01,locomotive,assigned,,,
14197.5,2025-12-10T20:37:30+00:00,LOCO_01,locomotive,moving,,,
14199.0,2025-12-10T20:39:00+00:00,LOCO_02,locomotive,moving,,,
14204.5,2025-12-10T20:44:30+00:00,LOCO_01,locomotive,moving,,,
14205.25,2025-12-10T20:45:15+00:00,W10955,wagon,arrived,T189,,
14205.25,2025-12-10T20:45:15+00:00,W2204,wagon,arrived,T189,,
14205.25,2025-12-10T20:45:15+00:00,W2742,wagon,arrived,T189,,
14205.25,2025-12-10T20:45:15+00:00,W10614,wagon,arrived,T189,,
14205.25,2025-12-10T20:45:15+00:00,W7889,wagon,arrived,T189,,
14207.0,2025-12-10T20:47:00+00:00,LOCO_02,locomotive,moving,,,
14207.0,2025-12-10T20:47:00+00:00,W2324,wagon,moving,,,
14207.0,2025-12-10T20:47:00+00:00,W10934,wagon,moving,,,
14211.0,2025-12-10T20:51:00+00:00,W5411,wagon,parked,,,
14211.0,2025-12-10T20:51:00+00:00,W11513,wagon,parked,,,
14211.0,2025-12-10T20:51:00+00:00,LOCO_01,locomotive,moving,,,
14212.0,2025-12-10T20:52:00+00:00,W2324,wagon,in_workshop,,,
14212.0,2025-12-10T20:52:00+00:00,W10934,wagon,in_workshop,,,
14216.0,2025-12-10T20:56:00+00:00,LOCO_01,locomotive,moving,,,
14218.0,2025-12-10T20:58:00+00:00,W2324,wagon,in_workshop,,,
14218.0,2025-12-10T20:58:00+00:00,W10934,wagon,in_workshop,,,
14218.0,2025-12-10T20:58:00+00:00,LOCO_02,locomotive,moving,,,
14223.0,2025-12-10T21:03:00+00:00,LOCO_02,locomotive,moving,,,
14252.5,2025-12-10T21:32:30+00:00,W3087,wagon,retrofitted,,,
14252.5,2025-12-10T21:32:30+00:00,W8637,wagon,retrofitted,,,
14276.0,2025-12-10T21:56:00+00:00,LOCO_01,locomotive,assigned,,,
14278.0,2025-12-10T21:58:00+00:00,W2324,wagon,retrofitted,,,
14278.0,2025-12-10T21:58:00+00:00,W10934,wagon,retrofitted,,,
14283.0,2025-12-10T22:03:00+00:00,LOCO_02,locomotive,assigned,,,
14285.0,2025-12-10T22:05:00+00:00,LOCO_01,locomotive,moving,,,
14285.0,2025-12-10T22:05:00+00:00,W4370,wagon,moving,,,
14285.0,2025-12-10T22:05:00+00:00,W9406,wagon,moving,,,
14285.0,2025-12-10T22:05:00+00:00,W5153,wagon,moving,,,
14285.0,2025-12-10T22:05:00+00:00,W3135,wagon,moving,,,
14288.0,2025-12-10T22:08:00+00:00,LOCO_02,locomotive,moving,,,
14288.0,2025-12-10T22:08:00+00:00,W0023,wagon,moving,,,
14288.0,2025-12-10T22:08:00+00:00,W10397,wagon,moving,,,
14345.0,2025-12-10T23:05:00+00:00,W4370,wagon,queued,,,
14345.0,2025-12-10T23:05:00+00:00,W9406,wagon,queued,,,
14345.0,2025-12-10T23:05:00+00:00,W5153,wagon,queued,,,
14345.0,2025-12-10T23:05:00+00:00,W3135,wagon,queued,,,
14348.0,2025-12-10T23:08:00+00:00,W0023,wagon,queued,,,
14348.0,2025-12-10T23:08:00+00:00,W10397,wagon,queued,,,
14357.0,2025-12-10T23:17:00+00:00,LOCO_02,locomotive,moving,,,
14362.0,2025-12-10T23:22:00+00:00,LOCO_02,locomotive,moving,,,
14366.0,2025-12-10T23:26:00+00:00,LOCO_01,locomotive,moving,,,
14369.0,2025-12-10T23:29:00+00:00,LOCO_02,locomotive,moving,,,
14369.0,2025-12-10T23:29:00+00:00,W3087,wagon,moving,,,
14369.0,2025-12-10T23:29:00+00:00,W8637,wagon,moving,,,
14371.0,2025-12-10T23:31:00+00:00,LOCO_01,locomotive,moving,,,
14372.75,2025-12-10T23:32:45+00:00,W5872,wagon,rejected,T190,,No Retrofit Needed
14372.75,2025-12-10T23:32:45+00:00,W4802,wagon,rejected,T190,,No Retrofit Needed
14372.75,2025-12-10T23:32:45+00:00,W6323,wagon,rejected,T190,,No Retrofit Needed
14374.0,2025-12-10T23:34:00+00:00,LOCO_02,locomotive,moving,,,
14378.0,2025-12-10T23:38:00+00:00,LOCO_01,locomotive,moving,,,
14378.0,2025-12-10T23:38:00+00:00,W2324,wagon,moving,,,
14378.0,2025-12-10T23:38:00+00:00,W10934,wagon,moving,,,
14379.0,2025-12-10T23:39:00+00:00,LOCO_02,locomotive,assigned,,,
14379.0,2025-12-10T23:39:00+00:00,LOCO_02,locomotive,moving,,,
14383.0,2025-12-10T23:43:00+00:00,LOCO_01,locomotive,moving,,,
14386.0,2025-12-10T23:46:00+00:00,LOCO_02,locomotive,moving,,,
14390.0,2025-12-10T23:50:00+00:00,LOCO_01,locomotive,moving,,,
14398.0,2025-12-10T23:58:00+00:00,LOCO_01,locomotive,moving,,,
14398.0,2025-12-10T23:58:00+00:00,W4885,wagon,moving,,,
14398.0,2025-12-10T23:58:00+00:00,W3237,wagon,moving,,,
