timestamp,datetime,track_id,change_type,capacity,used_before,used_after,utilization_before_percent,utilization_after_percent,change_amount,triggered_by
360.0,2025-12-01T06:00:00+00:00,collection1,capacity_reserved,375.0,0.0,34.03,0.0,9.074666666666667,34.03,batch_1_wagons[W11188]
360.0,2025-12-01T06:00:00+00:00,collection1,capacity_reserved,375.0,34.03,53.93,9.074666666666667,14.381333333333332,19.9,batch_1_wagons[W10437]
360.0,2025-12-01T06:00:00+00:00,collection1,capacity_released,375.0,53.93,0.0,14.381333333333332,0.0,-53.93,"batch_2_wagons[W11188,W10437]"
360.0,2025-12-01T06:00:00+00:00,retrofit,capacity_reserved,319.5,0.0,53.93,0.0,16.879499217527385,53.93,"batch_2_wagons[W11188,W10437]"
442.25,2025-12-01T07:22:15+00:00,collection1,capacity_reserved,375.0,0.0,20.82,0.0,5.552,20.82,batch_1_wagons[W12394]
442.25,2025-12-01T07:22:15+00:00,collection1,capacity_reserved,375.0,20.82,38.72,5.552,10.325333333333333,17.9,batch_1_wagons[W9278]
485.0,2025-12-01T08:05:00+00:00,retrofit,capacity_released,319.5,53.93,0.0,16.879499217527385,0.0,-53.93,"batch_2_wagons[W11188,W10437]"
499.0,2025-12-01T08:19:00+00:00,collection1,capacity_released,375.0,38.72,0.0,10.325333333333333,0.0,-38.72,"batch_2_wagons[W12394,W9278]"
499.0,2025-12-01T08:19:00+00:00,retrofit,capacity_reserved,319.5,0.0,38.72,0.0,12.118935837245697,38.72,"batch_2_wagons[W12394,W9278]"
502.5,2025-12-01T08:22:30+00:00,collection1,capacity_reserved,375.0,0.0,19.9,0.0,5.306666666666667,19.9,batch_1_wagons[W3926]
502.5,2025-12-01T08:22:30+00:00,collection1,capacity_reserved,375.0,19.9,33.94,5.306666666666667,9.050666666666666,14.04,batch_1_wagons[W5834]
541.5,2025-12-01T09:01:30+00:00,collection1,capacity_reserved,375.0,33.94,48.98,9.050666666666666,13.061333333333334,15.04,batch_1_wagons[W9460]
541.5,2025-12-01T09:01:30+00:00,collection1,capacity_reserved,375.0,48.98,63.879999999999995,13.061333333333334,17.034666666666666,14.9,batch_1_wagons[W9445]
578.5,2025-12-01T09:38:30+00:00,retrofitted,capacity_reserved,264.0,0.0,53.93,0.0,20.428030303030305,53.93,"batch_2_wagons[W11188,W10437]"
588.5,2025-12-01T09:48:30+00:00,retrofitted,capacity_released,264.0,53.93,0.0,20.428030303030305,0.0,-53.93,"batch_2_wagons[W11188,W10437]"
624.0,2025-12-01T10:24:00+00:00,retrofit,capacity_released,319.5,38.72,0.0,12.118935837245697,0.0,-38.72,"batch_2_wagons[W12394,W9278]"
638.0,2025-12-01T10:38:00+00:00,collection1,capacity_released,375.0,63.879999999999995,0.0,17.034666666666666,0.0,-63.879999999999995,"batch_4_wagons[W3926,W5834,W9460,W9445]"
638.0,2025-12-01T10:38:00+00:00,retrofit,capacity_reserved,319.5,0.0,63.879999999999995,0.0,19.99374021909233,63.879999999999995,"batch_4_wagons[W3926,W5834,W9460,W9445]"
672.75,2025-12-01T11:12:45+00:00,collection1,capacity_reserved,375.0,0.0,14.04,0.0,3.744,14.04,batch_1_wagons[W10704]
672.75,2025-12-01T11:12:45+00:00,collection1,capacity_reserved,375.0,14.04,33.94,3.744,9.050666666666666,19.9,batch_1_wagons[W3675]
712.0,2025-12-01T11:52:00+00:00,parking16,capacity_reserved,1875.0,0.0,53.93,0.0,2.8762666666666665,53.93,"batch_2_wagons[W11188,W10437]"
715.0,2025-12-01T11:55:00+00:00,collection1,capacity_reserved,375.0,33.94,45.54,9.050666666666666,12.143999999999998,11.6,batch_1_wagons[W7132]
715.0,2025-12-01T11:55:00+00:00,collection1,capacity_reserved,375.0,45.54,68.03999999999999,12.143999999999998,18.144,22.5,batch_1_wagons[W8934]
715.0,2025-12-01T11:55:00+00:00,collection1,capacity_reserved,375.0,68.03999999999999,82.07999999999998,18.144,21.887999999999998,14.04,batch_1_wagons[W6253]
715.0,2025-12-01T11:55:00+00:00,collection1,capacity_reserved,375.0,82.07999999999998,98.07999999999998,21.887999999999998,26.154666666666664,16.0,batch_1_wagons[W7747]
715.0,2025-12-01T11:55:00+00:00,collection1,capacity_reserved,375.0,98.07999999999998,117.67999999999998,26.154666666666664,31.381333333333327,19.6,batch_1_wagons[W10546]
715.0,2025-12-01T11:55:00+00:00,collection1,capacity_reserved,375.0,117.67999999999998,129.27999999999997,31.381333333333327,34.47466666666666,11.6,batch_1_wagons[W7222]
724.5,2025-12-01T12:04:30+00:00,collection1,capacity_reserved,375.0,129.27999999999997,157.79999999999998,34.47466666666666,42.08,28.52,batch_1_wagons[W0689]
725.0,2025-12-01T12:05:00+00:00,collection1,capacity_reserved,375.0,157.79999999999998,170.54,42.08,45.477333333333334,12.74,batch_1_wagons[W11268]
725.0,2025-12-01T12:05:00+00:00,collection1,capacity_reserved,375.0,170.54,196.89,45.477333333333334,52.504,26.35,batch_1_wagons[W11509]
725.0,2025-12-01T12:05:00+00:00,collection1,capacity_reserved,375.0,196.89,212.63,52.504,56.70133333333334,15.74,batch_1_wagons[W6557]
753.25,2025-12-01T12:33:15+00:00,collection1,capacity_reserved,375.0,212.63,235.49,56.70133333333334,62.79733333333334,22.86,batch_1_wagons[W10356]
784.0,2025-12-01T13:04:00+00:00,retrofitted,capacity_reserved,264.0,0.0,38.72,0.0,14.666666666666666,38.72,"batch_2_wagons[W12394,W9278]"
785.5,2025-12-01T13:05:30+00:00,collection1,capacity_reserved,375.0,235.49,249.78,62.79733333333334,66.608,14.29,batch_1_wagons[W6006]
785.5,2025-12-01T13:05:30+00:00,collection1,capacity_reserved,375.0,249.78,269.68,66.608,71.91466666666668,19.9,batch_1_wagons[W4440]
785.5,2025-12-01T13:05:30+00:00,collection1,capacity_reserved,375.0,269.68,289.58,71.91466666666668,77.22133333333333,19.9,batch_1_wagons[W10383]
793.0,2025-12-01T13:13:00+00:00,retrofit,capacity_released,319.5,63.879999999999995,29.939999999999998,19.99374021909233,9.370892018779342,-33.94,"batch_2_wagons[W3926,W5834]"
793.0,2025-12-01T13:13:00+00:00,retrofit,capacity_released,319.5,29.939999999999998,0.0,9.370892018779342,0.0,-29.939999999999998,"batch_2_wagons[W9460,W9445]"
819.0,2025-12-01T13:39:00+00:00,collection1,capacity_released,375.0,289.58,0.0,77.22133333333333,0.0,-289.58,"batch_16_wagons[W10704,W3675,W7132,W8934,W6253,W7747,W10546,W7222,W0689,W11268,W11509,W6557,W10356,W6006,W4440,W10383]"
819.0,2025-12-01T13:39:00+00:00,retrofit,capacity_reserved,319.5,0.0,289.58,0.0,90.63536776212831,289.58,"batch_16_wagons[W10704,W3675,W7132,W8934,W6253,W7747,W10546,W7222,W0689,W11268,W11509,W6557,W10356,W6006,W4440,W10383]"
866.0,2025-12-01T14:26:00+00:00,collection1,capacity_reserved,375.0,0.0,15.8,0.0,4.213333333333334,15.8,batch_1_wagons[W2238]
866.0,2025-12-01T14:26:00+00:00,collection1,capacity_reserved,375.0,15.8,25.44,4.213333333333334,6.784,9.64,batch_1_wagons[W0047]
866.0,2025-12-01T14:26:00+00:00,collection1,capacity_reserved,375.0,25.44,35.08,6.784,9.354666666666667,9.64,batch_1_wagons[W0049]
886.5,2025-12-01T14:46:30+00:00,retrofitted,capacity_reserved,264.0,38.72,72.66,14.666666666666666,27.52272727272727,33.94,"batch_2_wagons[W3926,W5834]"
894.75,2025-12-01T14:54:45+00:00,collection1,capacity_reserved,375.0,35.08,54.12,9.354666666666667,14.432,19.04,batch_1_wagons[W2535]
894.75,2025-12-01T14:54:45+00:00,collection1,capacity_reserved,375.0,54.12,76.92,14.432,20.512,22.8,batch_1_wagons[W7970]
894.75,2025-12-01T14:54:45+00:00,collection1,capacity_reserved,375.0,76.92,88.96000000000001,20.512,23.72266666666667,12.04,batch_1_wagons[W4849]
896.5,2025-12-01T14:56:30+00:00,retrofitted,capacity_released,264.0,72.66,33.94,27.52272727272727,12.856060606060604,-38.72,"batch_2_wagons[W12394,W9278]"
972.0,2025-12-01T16:12:00+00:00,retrofit,capacity_released,319.5,289.58,255.64,90.63536776212831,80.01251956181534,-33.94,"batch_2_wagons[W10704,W3675]"
1020.0,2025-12-01T17:00:00+00:00,parking16,capacity_reserved,1875.0,53.93,92.65,2.8762666666666665,4.941333333333334,38.72,"batch_2_wagons[W12394,W9278]"
1051.25,2025-12-01T17:31:15+00:00,collection1,capacity_reserved,375.0,88.96000000000001,112.2,23.72266666666667,29.92,23.24,batch_1_wagons[W2967]
1051.25,2025-12-01T17:31:15+00:00,collection1,capacity_reserved,375.0,112.2,135.5,29.92,36.13333333333333,23.3,batch_1_wagons[W9776]
1051.25,2025-12-01T17:31:15+00:00,collection1,capacity_reserved,375.0,135.5,158.74,36.13333333333333,42.330666666666666,23.24,batch_1_wagons[W12208]
1051.25,2025-12-01T17:31:15+00:00,collection1,capacity_reserved,375.0,158.74,175.24,42.330666666666666,46.73066666666667,16.5,batch_1_wagons[W11348]
1070.0,2025-12-01T17:50:00+00:00,collection1,capacity_released,375.0,175.24,121.12,46.73066666666667,32.29866666666667,-54.120000000000005,"batch_4_wagons[W2238,W0047,W0049,W2535]"
1070.0,2025-12-01T17:50:00+00:00,retrofit,capacity_reserved,319.5,255.64,309.76,80.01251956181534,96.95148669796558,54.120000000000005,"batch_4_wagons[W2238,W0047,W0049,W2535]"
1088.75,2025-12-01T18:08:45+00:00,collection1,capacity_reserved,375.0,121.12,144.36,32.29866666666667,38.496,23.24,batch_1_wagons[W12037]
1088.75,2025-12-01T18:08:45+00:00,collection1,capacity_reserved,375.0,144.36,158.38000000000002,38.496,42.23466666666667,14.02,batch_1_wagons[W0440]
1088.75,2025-12-01T18:08:45+00:00,collection1,capacity_reserved,375.0,158.38000000000002,181.62000000000003,42.23466666666667,48.43200000000001,23.24,batch_1_wagons[W11988]
1088.75,2025-12-01T18:08:45+00:00,collection1,capacity_reserved,375.0,181.62000000000003,204.86000000000004,48.43200000000001,54.62933333333334,23.24,batch_1_wagons[W12260]
1088.75,2025-12-01T18:08:45+00:00,collection1,capacity_reserved,375.0,204.86000000000004,220.36000000000004,54.62933333333334,58.762666666666675,15.5,batch_1_wagons[W0130]
1088.75,2025-12-01T18:08:45+00:00,collection1,capacity_reserved,375.0,220.36000000000004,236.46000000000004,58.762666666666675,63.05600000000001,16.1,batch_1_wagons[W9352]
1088.75,2025-12-01T18:08:45+00:00,collection1,capacity_reserved,375.0,236.46000000000004,259.70000000000005,63.05600000000001,69.25333333333334,23.24,batch_1_wagons[W2980]
1088.75,2025-12-01T18:08:45+00:00,collection1,capacity_reserved,375.0,259.70000000000005,275.70000000000005,69.25333333333334,73.52000000000001,16.0,batch_1_wagons[W2406]
1088.75,2025-12-01T18:08:45+00:00,collection1,capacity_reserved,375.0,275.70000000000005,291.50000000000006,73.52000000000001,77.73333333333335,15.8,batch_1_wagons[W2399]
1092.0,2025-12-01T18:12:00+00:00,retrofitted,capacity_reserved,264.0,33.94,63.879999999999995,12.856060606060604,24.196969696969695,29.939999999999998,"batch_2_wagons[W9460,W9445]"
1097.0,2025-12-01T18:17:00+00:00,retrofit,capacity_released,319.5,309.76,275.65999999999997,96.95148669796558,86.27856025039122,-34.1,"batch_2_wagons[W7132,W8934]"
1101.0,2025-12-01T18:21:00+00:00,retrofitted,capacity_released,264.0,63.879999999999995,29.939999999999998,24.196969696969695,11.34090909090909,-33.94,"batch_2_wagons[W3926,W5834]"
1224.5,2025-12-01T20:24:30+00:00,parking16,capacity_reserved,1875.0,92.65,126.59,4.941333333333334,6.7514666666666665,33.94,"batch_2_wagons[W3926,W5834]"
1252.0,2025-12-01T20:52:00+00:00,collection1,capacity_released,375.0,291.50000000000006,256.6600000000001,77.73333333333335,68.44266666666668,-34.84,"batch_2_wagons[W7970,W4849]"
1252.0,2025-12-01T20:52:00+00:00,retrofit,capacity_reserved,319.5,275.65999999999997,310.5,86.27856025039122,97.1830985915493,34.84,"batch_2_wagons[W7970,W4849]"
1290.0,2025-12-01T21:30:00+00:00,retrofitted,capacity_reserved,264.0,29.939999999999998,63.879999999999995,11.34090909090909,24.196969696969695,33.94,"batch_2_wagons[W10704,W3675]"
1295.0,2025-12-01T21:35:00+00:00,retrofit,capacity_released,319.5,310.5,280.46,97.1830985915493,87.7809076682316,-30.04,"batch_2_wagons[W6253,W7747]"
1300.0,2025-12-01T21:40:00+00:00,retrofitted,capacity_released,264.0,63.879999999999995,33.94,24.196969696969695,12.856060606060604,-29.939999999999998,"batch_2_wagons[W9460,W9445]"
1423.5,2025-12-01T23:43:30+00:00,parking16,capacity_reserved,1875.0,126.59,156.53,6.7514666666666665,8.348266666666666,29.939999999999998,"batch_2_wagons[W9460,W9445]"
1423.5,2025-12-01T23:43:30+00:00,collection1,capacity_released,375.0,256.6600000000001,233.42000000000007,68.44266666666668,62.24533333333335,-23.24,batch_1_wagons[W2967]
1423.5,2025-12-01T23:43:30+00:00,retrofit,capacity_reserved,319.5,280.46,303.7,87.7809076682316,95.05477308294209,23.24,batch_1_wagons[W2967]
1461.5,2025-12-02T00:21:30+00:00,retrofitted,capacity_reserved,264.0,33.94,68.03999999999999,12.856060606060604,25.77272727272727,34.1,"batch_2_wagons[W7132,W8934]"
1466.5,2025-12-02T00:26:30+00:00,retrofit,capacity_released,319.5,303.7,272.5,95.05477308294209,85.28951486697966,-31.200000000000003,"batch_2_wagons[W10546,W7222]"
1479.0,2025-12-02T00:39:00+00:00,collection1,capacity_reserved,375.0,233.42000000000007,256.68000000000006,62.24533333333335,68.44800000000002,23.26,batch_1_wagons[W9868]
1479.0,2025-12-02T00:39:00+00:00,collection1,capacity_reserved,375.0,256.68000000000006,279.9200000000001,68.44800000000002,74.64533333333335,23.24,batch_1_wagons[W12060]
1479.0,2025-12-02T00:39:00+00:00,collection1,capacity_reserved,375.0,279.9200000000001,303.1600000000001,74.64533333333335,80.84266666666669,23.24,batch_1_wagons[W12210]
1479.0,2025-12-02T00:39:00+00:00,collection1,capacity_reserved,375.0,303.1600000000001,326.4000000000001,80.84266666666669,87.04000000000003,23.24,batch_1_wagons[W8636]
1479.0,2025-12-02T00:39:00+00:00,collection1,capacity_reserved,375.0,326.4000000000001,340.80000000000007,87.04000000000003,90.88000000000001,14.4,batch_1_wagons[W10949]
1479.0,2025-12-02T00:39:00+00:00,collection1,capacity_reserved,375.0,340.80000000000007,364.00000000000006,90.88000000000001,97.06666666666668,23.2,batch_1_wagons[W8631]
1509.0,2025-12-02T01:09:00+00:00,collection2,capacity_reserved,375.0,0.0,14.4,0.0,3.8400000000000003,14.4,batch_1_wagons[W9392]
1509.0,2025-12-02T01:09:00+00:00,collection2,capacity_reserved,375.0,14.4,32.3,3.8400000000000003,8.613333333333333,17.9,batch_1_wagons[W9274]
1509.0,2025-12-02T01:09:00+00:00,collection2,capacity_reserved,375.0,32.3,56.16,8.613333333333333,14.976,23.86,batch_1_wagons[W8613]
1509.0,2025-12-02T01:09:00+00:00,collection2,capacity_reserved,375.0,56.16,46.099999999999994,14.976,12.293333333333333,22.24,batch_1_wagons[W10130]
1509.0,2025-12-02T01:09:00+00:00,collection2,capacity_released,375.0,78.39999999999999,60.49999999999999,20.906666666666666,16.13333333333333,-32.3,"batch_2_wagons[W9392,W9274]"
1509.0,2025-12-02T01:09:00+00:00,collection2,capacity_reserved,375.0,46.099999999999994,60.49999999999999,12.293333333333333,16.13333333333333,14.4,batch_1_wagons[W9721]
1509.0,2025-12-02T01:09:00+00:00,retrofit,capacity_reserved,319.5,272.5,304.8,85.28951486697966,95.39906103286386,32.3,"batch_2_wagons[W9392,W9274]"
1509.0,2025-12-02T01:09:00+00:00,collection2,capacity_reserved,375.0,60.49999999999999,83.8,16.13333333333333,22.346666666666664,23.3,batch_1_wagons[W9756]
1521.5,2025-12-02T01:21:30+00:00,retrofitted,capacity_reserved,264.0,68.03999999999999,98.07999999999998,25.77272727272727,37.15151515151515,30.04,"batch_2_wagons[W6253,W7747]"
1526.5,2025-12-02T01:26:30+00:00,retrofit,capacity_released,319.5,304.8,263.54,95.39906103286386,82.48513302034429,-41.26,"batch_2_wagons[W0689,W11268]"
1531.5,2025-12-02T01:31:30+00:00,retrofitted,capacity_released,264.0,98.07999999999998,30.039999999999992,37.15151515151515,11.378787878787875,-68.03999999999999,"batch_4_wagons[W10704,W3675,W7132,W8934]"
1597.5,2025-12-02T02:37:30+00:00,collection1,capacity_released,375.0,364.00000000000006,317.46000000000004,97.06666666666668,84.656,-46.54,"batch_2_wagons[W9776,W12208]"
1597.5,2025-12-02T02:37:30+00:00,retrofit,capacity_reserved,319.5,263.54,310.08000000000004,82.48513302034429,97.05164319248829,46.54,"batch_2_wagons[W9776,W12208]"
1602.5,2025-12-02T02:42:30+00:00,collection1,capacity_reserved,375.0,317.46000000000004,343.81000000000006,84.656,91.68266666666668,26.35,batch_1_wagons[W11467]
1602.5,2025-12-02T02:42:30+00:00,collection1,capacity_reserved,375.0,343.81000000000006,366.6700000000001,91.68266666666668,97.7786666666667,22.86,batch_1_wagons[W10354]
1602.5,2025-12-02T02:42:30+00:00,collection2,capacity_reserved,375.0,83.8,103.69999999999999,22.346666666666664,27.65333333333333,19.9,batch_1_wagons[W3950]
1602.5,2025-12-02T02:42:30+00:00,collection2,capacity_reserved,375.0,103.69999999999999,126.04999999999998,27.65333333333333,33.61333333333333,22.35,batch_1_wagons[W7997]
1602.5,2025-12-02T02:42:30+00:00,collection2,capacity_reserved,375.0,126.04999999999998,149.90999999999997,33.61333333333333,39.97599999999999,23.86,batch_1_wagons[W8626]
1635.5,2025-12-02T03:15:30+00:00,retrofitted,capacity_reserved,264.0,30.039999999999992,61.239999999999995,11.378787878787875,23.196969696969695,31.200000000000003,"batch_2_wagons[W10546,W7222]"
1640.5,2025-12-02T03:20:30+00:00,retrofit,capacity_released,319.5,310.08000000000004,267.99,97.05164319248829,83.87793427230046,-42.09,"batch_2_wagons[W11509,W6557]"
1658.0,2025-12-02T03:38:00+00:00,parking16,capacity_reserved,1875.0,156.53,224.57,8.348266666666666,11.977066666666666,68.03999999999999,"batch_4_wagons[W10704,W3675,W7132,W8934]"
1687.25,2025-12-02T04:07:15+00:00,collection2,capacity_reserved,375.0,149.90999999999997,166.90999999999997,39.97599999999999,44.50933333333332,17.0,batch_1_wagons[W9174]
1687.25,2025-12-02T04:07:15+00:00,collection2,capacity_reserved,375.0,166.90999999999997,183.90999999999997,44.50933333333332,49.042666666666655,17.0,batch_1_wagons[W9169]
1687.25,2025-12-02T04:07:15+00:00,collection2,capacity_reserved,375.0,183.90999999999997,200.90999999999997,49.042666666666655,53.57599999999999,17.0,batch_1_wagons[W9173]
1756.0,2025-12-02T05:16:00+00:00,retrofitted,capacity_reserved,264.0,61.239999999999995,102.5,23.196969696969695,38.82575757575758,41.26,"batch_2_wagons[W0689,W11268]"
1761.0,2025-12-02T05:21:00+00:00,retrofit,capacity_released,319.5,267.99,230.84,83.87793427230046,72.25039123630673,-37.15,"batch_2_wagons[W10356,W6006]"
1766.0,2025-12-02T05:26:00+00:00,retrofitted,capacity_released,264.0,102.5,41.26,38.82575757575758,15.628787878787879,-61.24,"batch_4_wagons[W6253,W7747,W10546,W7222]"
1767.0,2025-12-02T05:27:00+00:00,collection2,capacity_reserved,375.0,200.90999999999997,214.94999999999996,53.57599999999999,57.31999999999999,14.04,batch_1_wagons[W6140]
1779.5,2025-12-02T05:39:30+00:00,collection2,capacity_released,375.0,214.94999999999996,131.14999999999998,57.31999999999999,34.97333333333333,-83.8,"batch_4_wagons[W8613,W10130,W9721,W9756]"
1779.5,2025-12-02T05:39:30+00:00,retrofit,capacity_reserved,319.5,230.84,314.64,72.25039123630673,98.47887323943661,83.8,"batch_4_wagons[W8613,W10130,W9721,W9756]"
1817.5,2025-12-02T06:17:30+00:00,retrofitted,capacity_reserved,264.0,41.26,83.35,15.628787878787879,31.571969696969692,42.09,"batch_2_wagons[W11509,W6557]"
1822.5,2025-12-02T06:22:30+00:00,retrofit,capacity_released,319.5,314.64,274.84,98.47887323943661,86.02190923317683,-39.8,"batch_2_wagons[W4440,W10383]"
1853.5,2025-12-02T06:53:30+00:00,collection2,capacity_reserved,375.0,131.14999999999998,151.04999999999998,34.97333333333333,40.279999999999994,19.9,batch_1_wagons[W10364]
1853.5,2025-12-02T06:53:30+00:00,collection2,capacity_reserved,375.0,151.04999999999998,165.08999999999997,40.279999999999994,44.023999999999994,14.04,batch_1_wagons[W6077]
1870.0,2025-12-02T07:10:00+00:00,collection2,capacity_reserved,375.0,165.08999999999997,181.18999999999997,44.023999999999994,48.31733333333332,16.1,batch_1_wagons[W9270]
1870.0,2025-12-02T07:10:00+00:00,collection2,capacity_reserved,375.0,181.18999999999997,199.08999999999997,48.31733333333332,53.090666666666664,17.9,batch_1_wagons[W9276]
1870.0,2025-12-02T07:10:00+00:00,collection2,capacity_reserved,375.0,199.08999999999997,219.52999999999997,53.090666666666664,58.54133333333332,20.44,batch_1_wagons[W11578]
1892.5,2025-12-02T07:32:30+00:00,parking16,capacity_reserved,1875.0,224.57,285.81,11.977066666666666,15.243200000000002,61.24,"batch_4_wagons[W6253,W7747,W10546,W7222]"
1961.5,2025-12-02T08:41:30+00:00,collection1,capacity_released,375.0,366.6700000000001,326.93000000000006,97.7786666666667,87.18133333333336,-39.739999999999995,"batch_2_wagons[W11348,W12037]"
1961.5,2025-12-02T08:41:30+00:00,retrofit,capacity_reserved,319.5,274.84,314.58,86.02190923317683,98.4600938967136,39.739999999999995,"batch_2_wagons[W11348,W12037]"
1965.25,2025-12-02T08:45:15+00:00,collection1,capacity_reserved,375.0,326.93000000000006,356.50000000000006,87.18133333333336,95.06666666666668,29.57,batch_1_wagons[W0623]
1965.25,2025-12-02T08:45:15+00:00,collection2,capacity_reserved,375.0,219.52999999999997,242.76999999999998,58.54133333333332,64.73866666666666,23.24,batch_1_wagons[W11970]
1973.5,2025-12-02T08:53:30+00:00,retrofitted,capacity_reserved,264.0,83.35,120.5,31.571969696969692,45.64393939393939,37.15,"batch_2_wagons[W10356,W6006]"
1978.5,2025-12-02T08:58:30+00:00,retrofit,capacity_released,319.5,314.58,289.14,98.4600938967136,90.49765258215962,-25.44,"batch_2_wagons[W2238,W0047]"
1983.5,2025-12-02T09:03:30+00:00,retrofitted,capacity_released,264.0,120.5,37.150000000000006,45.64393939393939,14.071969696969699,-83.35,"batch_4_wagons[W0689,W11268,W11509,W6557]"
2110.0,2025-12-02T11:10:00+00:00,parking16,capacity_reserved,1875.0,285.81,369.15999999999997,15.243200000000002,19.688533333333332,83.35,"batch_4_wagons[W0689,W11268,W11509,W6557]"
2138.0,2025-12-02T11:38:00+00:00,collection2,capacity_reserved,375.0,242.76999999999998,262.77,64.73866666666666,70.07199999999999,20.0,batch_1_wagons[W3173]
2138.0,2025-12-02T11:38:00+00:00,collection2,capacity_reserved,375.0,262.77,283.60999999999996,70.07199999999999,75.62933333333332,20.84,batch_1_wagons[W5038]
2138.0,2025-12-02T11:38:00+00:00,collection1,capacity_reserved,375.0,356.50000000000006,369.24000000000007,95.06666666666668,98.46400000000001,12.74,batch_1_wagons[W11261]
2138.0,2025-12-02T11:38:00+00:00,collection2,capacity_reserved,375.0,283.60999999999996,296.34999999999997,75.62933333333332,79.02666666666666,12.74,batch_1_wagons[W11259]
2138.0,2025-12-02T11:38:00+00:00,collection2,capacity_reserved,375.0,296.34999999999997,312.74999999999994,79.02666666666666,83.39999999999999,16.4,batch_1_wagons[W5167]
2138.0,2025-12-02T11:38:00+00:00,collection2,capacity_reserved,375.0,312.74999999999994,335.1499999999999,83.39999999999999,89.37333333333332,22.4,batch_1_wagons[W4666]
2138.0,2025-12-02T11:38:00+00:00,collection2,capacity_reserved,375.0,335.1499999999999,347.88999999999993,89.37333333333332,92.77066666666664,12.74,batch_1_wagons[W11269]
2138.0,2025-12-02T11:38:00+00:00,collection2,capacity_reserved,375.0,347.88999999999993,367.7899999999999,92.77066666666664,98.0773333333333,19.9,batch_1_wagons[W3811]
2159.5,2025-12-02T11:59:30+00:00,collection2,capacity_released,375.0,367.7899999999999,347.88999999999993,98.0773333333333,92.77066666666664,-19.9,batch_1_wagons[W3950]
2159.5,2025-12-02T11:59:30+00:00,retrofit,capacity_reserved,319.5,289.14,309.03999999999996,90.49765258215962,96.7261345852895,19.9,batch_1_wagons[W3950]
2171.5,2025-12-02T12:11:30+00:00,retrofitted,capacity_reserved,264.0,37.150000000000006,76.95,14.071969696969699,29.147727272727273,39.8,"batch_2_wagons[W4440,W10383]"
2176.5,2025-12-02T12:16:30+00:00,retrofit,capacity_released,319.5,309.03999999999996,280.35999999999996,96.7261345852895,87.74960876369326,-28.68,"batch_2_wagons[W0049,W2535]"
2181.5,2025-12-02T12:21:30+00:00,retrofitted,capacity_released,264.0,76.95,39.800000000000004,29.147727272727273,15.075757575757578,-37.15,"batch_2_wagons[W10356,W6006]"
2182.0,2025-12-02T12:22:00+00:00,retrofitted,capacity_reserved,264.0,39.800000000000004,65.24000000000001,15.075757575757578,24.712121212121215,25.44,"batch_2_wagons[W2238,W0047]"
2187.0,2025-12-02T12:27:00+00:00,retrofit,capacity_released,319.5,280.35999999999996,245.51999999999995,87.74960876369326,76.8450704225352,-34.84,"batch_2_wagons[W7970,W4849]"
2258.0,2025-12-02T13:38:00+00:00,collection2,capacity_reserved,375.0,347.88999999999993,360.62999999999994,92.77066666666664,96.16799999999999,12.74,batch_1_wagons[W11254]
2258.0,2025-12-02T13:38:00+00:00,collection2,capacity_reserved,375.0,360.62999999999994,373.36999999999995,96.16799999999999,99.56533333333331,12.74,batch_1_wagons[W10878]
2305.0,2025-12-02T14:25:00+00:00,parking16,capacity_reserved,1875.0,369.15999999999997,406.30999999999995,19.688533333333332,21.669866666666664,37.15,"batch_2_wagons[W10356,W6006]"
2377.0,2025-12-02T15:37:00+00:00,retrofitted,capacity_reserved,264.0,65.24000000000001,93.92000000000002,24.712121212121215,35.575757575757585,28.68,"batch_2_wagons[W0049,W2535]"
2378.0,2025-12-02T15:38:00+00:00,collection1,capacity_released,375.0,369.24000000000007,308.74000000000007,98.46400000000001,82.33066666666669,-60.5,"batch_3_wagons[W0440,W11988,W12260]"
2378.0,2025-12-02T15:38:00+00:00,retrofit,capacity_reserved,319.5,245.51999999999995,306.02,76.8450704225352,95.7809076682316,60.5,"batch_3_wagons[W0440,W11988,W12260]"
2382.0,2025-12-02T15:42:00+00:00,retrofit,capacity_released,319.5,306.02,268.38,95.7809076682316,84.0,-37.64,"batch_2_wagons[W2967,W9392]"
2387.0,2025-12-02T15:47:00+00:00,retrofitted,capacity_released,264.0,93.92000000000002,28.68000000000002,35.575757575757585,10.86363636363637,-65.24,"batch_4_wagons[W4440,W10383,W2238,W0047]"
2390.0,2025-12-02T15:50:00+00:00,retrofitted,capacity_reserved,264.0,28.68000000000002,63.520000000000024,10.86363636363637,24.06060606060607,34.84,"batch_2_wagons[W7970,W4849]"
2395.0,2025-12-02T15:55:00+00:00,retrofit,capacity_released,319.5,268.38,227.18,84.0,71.10485133020345,-41.2,"batch_2_wagons[W9274,W9776]"
2484.75,2025-12-02T17:24:45+00:00,collection1,capacity_reserved,375.0,308.74000000000007,323.0300000000001,82.33066666666669,86.14133333333336,14.29,batch_1_wagons[W5978]
2484.75,2025-12-02T17:24:45+00:00,collection1,capacity_reserved,375.0,323.0300000000001,337.0700000000001,86.14133333333336,89.88533333333336,14.04,batch_1_wagons[W5686]
2484.75,2025-12-02T17:24:45+00:00,collection1,capacity_reserved,375.0,337.0700000000001,353.4700000000001,89.88533333333336,94.25866666666668,16.4,batch_1_wagons[W5403]
2484.75,2025-12-02T17:24:45+00:00,collection1,capacity_reserved,375.0,353.4700000000001,367.87000000000006,94.25866666666668,98.09866666666667,14.4,batch_1_wagons[W9401]
2513.5,2025-12-02T17:53:30+00:00,parking16,capacity_reserved,1875.0,406.30999999999995,471.54999999999995,21.669866666666664,25.149333333333328,65.24,"batch_4_wagons[W4440,W10383,W2238,W0047]"
2578.0,2025-12-02T18:58:00+00:00,collection2,capacity_released,375.0,373.36999999999995,293.15999999999997,99.56533333333331,78.17599999999999,-80.21000000000001,"batch_4_wagons[W7997,W8626,W9174,W9169]"
2578.0,2025-12-02T18:58:00+00:00,retrofit,capacity_reserved,319.5,227.18,307.39,71.10485133020345,96.20970266040688,80.21000000000001,"batch_4_wagons[W7997,W8626,W9174,W9169]"
2585.5,2025-12-02T19:05:30+00:00,retrofitted,capacity_reserved,264.0,63.520000000000024,101.16000000000003,24.06060606060607,38.31818181818183,37.64,"batch_2_wagons[W2967,W9392]"
2590.0,2025-12-02T19:10:00+00:00,retrofitted,capacity_reserved,264.0,101.16000000000003,142.36,38.31818181818183,53.92424242424243,41.2,"batch_2_wagons[W9274,W9776]"
2590.5,2025-12-02T19:10:30+00:00,retrofit,capacity_released,319.5,307.39,260.28999999999996,96.20970266040688,81.46791862284819,-47.099999999999994,"batch_2_wagons[W12208,W8613]"
2595.0,2025-12-02T19:15:00+00:00,retrofit,capacity_released,319.5,260.28999999999996,223.64999999999998,81.46791862284819,70.0,-36.64,"batch_2_wagons[W10130,W9721]"
2595.5,2025-12-02T19:15:30+00:00,retrofitted,capacity_released,264.0,142.36,78.84000000000002,53.92424242424243,29.86363636363637,-63.519999999999996,"batch_4_wagons[W0049,W2535,W7970,W4849]"
2666.75,2025-12-02T20:26:45+00:00,collection2,capacity_reserved,375.0,293.15999999999997,316.4,78.17599999999999,84.37333333333332,23.24,batch_1_wagons[W12077]
2666.75,2025-12-02T20:26:45+00:00,collection2,capacity_reserved,375.0,316.4,332.2,84.37333333333332,88.58666666666667,15.8,batch_1_wagons[W11766]
2666.75,2025-12-02T20:26:45+00:00,collection2,capacity_reserved,375.0,332.2,344.24,88.58666666666667,91.79733333333333,12.04,batch_1_wagons[W4793]
2666.75,2025-12-02T20:26:45+00:00,collection2,capacity_reserved,375.0,344.24,370.48,91.79733333333333,98.79466666666667,26.24,batch_1_wagons[W11718]
2722.0,2025-12-02T21:22:00+00:00,parking16,capacity_reserved,1875.0,471.54999999999995,535.0699999999999,25.149333333333328,28.53706666666666,63.519999999999996,"batch_4_wagons[W0049,W2535,W7970,W4849]"
2794.0,2025-12-02T22:34:00+00:00,retrofitted,capacity_reserved,264.0,78.84000000000002,125.94000000000001,29.86363636363637,47.70454545454546,47.099999999999994,"batch_2_wagons[W12208,W8613]"
2794.0,2025-12-02T22:34:00+00:00,collection1,capacity_released,375.0,367.87000000000006,281.2300000000001,98.09866666666667,74.99466666666669,-86.64,"batch_5_wagons[W0130,W9352,W2980,W2406,W2399]"
2794.0,2025-12-02T22:34:00+00:00,retrofit,capacity_reserved,319.5,223.64999999999998,310.28999999999996,70.0,97.11737089201877,86.64,"batch_5_wagons[W0130,W9352,W2980,W2406,W2399]"
2799.0,2025-12-02T22:39:00+00:00,retrofit,capacity_released,319.5,310.28999999999996,270.48999999999995,97.11737089201877,84.66040688575899,-39.8,"batch_2_wagons[W9756,W11348]"
2804.0,2025-12-02T22:44:00+00:00,retrofitted,capacity_released,264.0,125.94000000000001,47.10000000000001,47.70454545454546,17.840909090909093,-78.84,"batch_4_wagons[W2967,W9392,W9274,W9776]"
2806.0,2025-12-02T22:46:00+00:00,retrofitted,capacity_reserved,264.0,47.10000000000001,83.74000000000001,17.840909090909093,31.719696969696976,36.64,"batch_2_wagons[W10130,W9721]"
2811.0,2025-12-02T22:51:00+00:00,retrofit,capacity_released,319.5,270.48999999999995,227.34999999999997,84.66040688575899,71.1580594679186,-43.14,"batch_2_wagons[W12037,W3950]"
2844.75,2025-12-02T23:24:45+00:00,collection1,capacity_reserved,375.0,281.2300000000001,294.4800000000001,74.99466666666669,78.52800000000002,13.25,batch_1_wagons[W7261]
2844.75,2025-12-02T23:24:45+00:00,collection1,capacity_reserved,375.0,294.4800000000001,307.7300000000001,78.52800000000002,82.06133333333335,13.25,batch_1_wagons[W7263]
2844.75,2025-12-02T23:24:45+00:00,collection1,capacity_reserved,375.0,307.7300000000001,321.7700000000001,82.06133333333335,85.80533333333335,14.04,batch_1_wagons[W6339]
2844.75,2025-12-02T23:24:45+00:00,collection1,capacity_reserved,375.0,321.7700000000001,341.6700000000001,85.80533333333335,91.11200000000001,19.9,batch_1_wagons[W3618]
2844.75,2025-12-02T23:24:45+00:00,collection1,capacity_reserved,375.0,341.6700000000001,354.9200000000001,91.11200000000001,94.64533333333335,13.25,batch_1_wagons[W7252]
2894.75,2025-12-03T00:14:45+00:00,collection1,capacity_reserved,375.0,354.9200000000001,368.9600000000001,94.64533333333335,98.38933333333337,14.04,batch_1_wagons[W6352]
2930.5,2025-12-03T00:50:30+00:00,parking16,capacity_reserved,1875.0,535.0699999999999,613.91,28.53706666666666,32.74186666666667,78.84,"batch_4_wagons[W2967,W9392,W9274,W9776]"
3002.5,2025-12-03T02:02:30+00:00,retrofitted,capacity_reserved,264.0,83.74000000000001,123.54,31.719696969696976,46.79545454545455,39.8,"batch_2_wagons[W9756,W11348]"
3007.5,2025-12-03T02:07:30+00:00,retrofit,capacity_released,319.5,227.34999999999997,190.08999999999997,71.1580594679186,59.49608763693271,-37.26,"batch_2_wagons[W0440,W11988]"
3018.0,2025-12-03T02:18:00+00:00,collection2,capacity_released,375.0,370.48,251.06,98.79466666666667,66.94933333333334,-119.42,"batch_7_wagons[W9173,W6140,W10364,W6077,W9270,W9276,W11578]"
3018.0,2025-12-03T02:18:00+00:00,retrofit,capacity_reserved,319.5,190.08999999999997,309.51,59.49608763693271,96.87323943661971,119.42,"batch_7_wagons[W9173,W6140,W10364,W6077,W9270,W9276,W11578]"
3019.5,2025-12-03T02:19:30+00:00,retrofitted,capacity_reserved,264.0,123.54,166.68,46.79545454545455,63.13636363636363,43.14,"batch_2_wagons[W12037,W3950]"
3024.5,2025-12-03T02:24:30+00:00,retrofit,capacity_released,319.5,309.51,263.91999999999996,96.87323943661971,82.60406885758998,-45.59,"batch_2_wagons[W12260,W7997]"
3026.75,2025-12-03T02:26:45+00:00,collection2,capacity_reserved,375.0,251.06,262.66,66.94933333333334,70.04266666666668,11.6,batch_1_wagons[W7155]
3026.75,2025-12-03T02:26:45+00:00,collection2,capacity_reserved,375.0,262.66,275.91,70.04266666666668,73.57600000000001,13.25,batch_1_wagons[W7258]
3026.75,2025-12-03T02:26:45+00:00,collection2,capacity_reserved,375.0,275.91,292.35,73.57600000000001,77.96000000000001,16.44,batch_1_wagons[W9495]
3029.5,2025-12-03T02:29:30+00:00,retrofitted,capacity_released,264.0,166.68,82.94000000000001,63.13636363636363,31.41666666666667,-83.74,"batch_4_wagons[W12208,W8613,W10130,W9721]"
3064.0,2025-12-03T03:04:00+00:00,collection2,capacity_reserved,375.0,292.35,306.75,77.96000000000001,81.8,14.4,batch_1_wagons[W11014]
3064.0,2025-12-03T03:04:00+00:00,collection2,capacity_reserved,375.0,306.75,324.75,81.8,86.6,18.0,batch_1_wagons[W9040]
3064.0,2025-12-03T03:04:00+00:00,collection2,capacity_reserved,375.0,324.75,342.75,86.6,91.4,18.0,batch_1_wagons[W9345]
3156.0,2025-12-03T04:36:00+00:00,parking16,capacity_reserved,1875.0,613.91,697.65,32.74186666666667,37.208,83.74,"batch_4_wagons[W12208,W8613,W10130,W9721]"
3190.75,2025-12-03T05:10:45+00:00,collection2,capacity_reserved,375.0,342.75,356.79,91.4,95.144,14.04,batch_1_wagons[W7115]
3190.75,2025-12-03T05:10:45+00:00,collection2,capacity_reserved,375.0,356.79,370.83000000000004,95.144,98.888,14.04,batch_1_wagons[W10706]
3228.0,2025-12-03T05:48:00+00:00,retrofitted,capacity_reserved,264.0,82.94000000000001,120.20000000000002,31.41666666666667,45.53030303030304,37.26,"batch_2_wagons[W0440,W11988]"
3233.0,2025-12-03T05:53:00+00:00,collection1,capacity_released,375.0,368.9600000000001,322.4600000000001,98.38933333333337,85.98933333333336,-46.5,"batch_2_wagons[W9868,W12060]"
3233.0,2025-12-03T05:53:00+00:00,retrofit,capacity_released,319.5,263.91999999999996,269.55999999999995,82.60406885758998,84.36932707355241,-40.86,"batch_2_wagons[W8626,W9174]"
3233.0,2025-12-03T05:53:00+00:00,retrofit,capacity_reserved,319.5,223.05999999999995,269.55999999999995,69.81533646322376,84.36932707355241,46.5,"batch_2_wagons[W9868,W12060]"
3239.25,2025-12-03T05:59:15+00:00,collection1,capacity_reserved,375.0,322.4600000000001,345.7000000000001,85.98933333333336,92.1866666666667,23.24,batch_1_wagons[W8705]
3239.25,2025-12-03T05:59:15+00:00,collection1,capacity_reserved,375.0,345.7000000000001,362.1000000000001,92.1866666666667,96.56000000000003,16.4,batch_1_wagons[W5127]
3245.0,2025-12-03T06:05:00+00:00,retrofitted,capacity_reserved,264.0,120.20000000000002,165.79000000000002,45.53030303030304,62.79924242424243,45.59,"batch_2_wagons[W12260,W7997]"
3250.0,2025-12-03T06:10:00+00:00,retrofit,capacity_released,319.5,269.55999999999995,237.05999999999995,84.36932707355241,74.19718309859154,-32.5,"batch_2_wagons[W9169,W0130]"
3255.0,2025-12-03T06:15:00+00:00,retrofitted,capacity_released,264.0,165.79000000000002,82.85000000000002,62.79924242424243,31.382575757575765,-82.94,"batch_4_wagons[W9756,W11348,W12037,W3950]"
3299.0,2025-12-03T06:59:00+00:00,collection1,capacity_reserved,375.0,362.1000000000001,374.8400000000001,96.56000000000003,99.95733333333335,12.74,batch_1_wagons[W10886]
3381.5,2025-12-03T08:21:30+00:00,parking16,capacity_reserved,1875.0,697.65,780.5899999999999,37.208,41.63146666666666,82.94,"batch_4_wagons[W9756,W11348,W12037,W3950]"
3453.5,2025-12-03T09:33:30+00:00,retrofitted,capacity_reserved,264.0,82.85000000000002,123.71000000000002,31.382575757575765,46.85984848484849,40.86,"batch_2_wagons[W8626,W9174]"
3458.5,2025-12-03T09:38:30+00:00,retrofit,capacity_released,319.5,237.05999999999995,197.71999999999994,74.19718309859154,61.88419405320812,-39.34,"batch_2_wagons[W9352,W2980]"
3464.0,2025-12-03T09:44:00+00:00,collection2,capacity_released,375.0,370.83000000000004,255.21000000000004,98.888,68.05600000000001,-115.61999999999999,"batch_6_wagons[W11970,W3173,W5038,W11259,W5167,W4666]"
3464.0,2025-12-03T09:44:00+00:00,retrofit,capacity_reserved,319.5,197.71999999999994,313.3399999999999,61.88419405320812,98.07198748043817,115.61999999999999,"batch_6_wagons[W11970,W3173,W5038,W11259,W5167,W4666]"
3470.5,2025-12-03T09:50:30+00:00,retrofitted,capacity_reserved,264.0,123.71000000000002,156.21000000000004,46.85984848484849,59.170454545454554,32.5,"batch_2_wagons[W9169,W0130]"
3475.5,2025-12-03T09:55:30+00:00,retrofit,capacity_released,319.5,313.3399999999999,281.5399999999999,98.07198748043817,88.11893583724567,-31.8,"batch_2_wagons[W2406,W2399]"
3480.5,2025-12-03T10:00:30+00:00,retrofitted,capacity_released,264.0,156.21000000000004,73.36000000000004,59.170454545454554,27.787878787878807,-82.85,"batch_4_wagons[W0440,W11988,W12260,W7997]"
3557.75,2025-12-03T11:17:45+00:00,collection2,capacity_reserved,375.0,255.21000000000004,276.05,68.05600000000001,73.61333333333334,20.84,batch_1_wagons[W5057]
3557.75,2025-12-03T11:17:45+00:00,collection2,capacity_reserved,375.0,276.05,295.95,73.61333333333334,78.92,19.9,batch_1_wagons[W4522]
3557.75,2025-12-03T11:17:45+00:00,collection2,capacity_reserved,375.0,295.95,315.84999999999997,78.92,84.22666666666666,19.9,batch_1_wagons[W4479]
3607.0,2025-12-03T12:07:00+00:00,parking16,capacity_reserved,1875.0,780.5899999999999,863.4399999999999,41.63146666666666,46.050133333333335,82.85,"batch_4_wagons[W0440,W11988,W12260,W7997]"
3655.0,2025-12-03T12:55:00+00:00,collection1,capacity_released,375.0,374.8400000000001,351.6000000000001,99.95733333333335,93.76000000000002,-23.24,batch_1_wagons[W12210]
3655.0,2025-12-03T12:55:00+00:00,retrofit,capacity_reserved,319.5,281.5399999999999,304.7799999999999,88.11893583724567,95.39280125195614,23.24,batch_1_wagons[W12210]
3667.0,2025-12-03T13:07:00+00:00,retrofitted,capacity_reserved,264.0,73.36000000000004,112.70000000000005,27.787878787878807,42.68939393939395,39.34,"batch_2_wagons[W9352,W2980]"
3672.0,2025-12-03T13:12:00+00:00,retrofit,capacity_released,319.5,304.7799999999999,273.7399999999999,95.39280125195614,85.67762128325505,-31.04,"batch_2_wagons[W9173,W6140]"
3677.0,2025-12-03T13:17:00+00:00,retrofitted,capacity_released,264.0,112.70000000000005,4.263256414560601e-14,42.68939393939395,1.6148698540002278e-14,-112.7,"batch_6_wagons[W8626,W9174,W9169,W0130,W9352,W2980]"
3679.0,2025-12-03T13:19:00+00:00,retrofitted,capacity_reserved,264.0,4.263256414560601e-14,31.800000000000043,1.6148698540002278e-14,12.045454545454563,31.8,"batch_2_wagons[W2406,W2399]"
3684.0,2025-12-03T13:24:00+00:00,retrofit,capacity_released,319.5,273.7399999999999,239.7999999999999,85.67762128325505,75.05477308294206,-33.94,"batch_2_wagons[W10364,W6077]"
3806.5,2025-12-03T15:26:30+00:00,parking16,capacity_reserved,1875.0,863.4399999999999,976.14,46.050133333333335,52.06079999999999,112.7,"batch_6_wagons[W8626,W9174,W9169,W0130,W9352,W2980]"
3878.5,2025-12-03T16:38:30+00:00,retrofitted,capacity_reserved,264.0,31.800000000000043,62.840000000000046,12.045454545454563,23.80303030303032,31.04,"batch_2_wagons[W9173,W6140]"
3883.5,2025-12-03T16:43:30+00:00,retrofit,capacity_released,319.5,239.7999999999999,205.7999999999999,75.05477308294206,64.41314553990607,-34.0,"batch_2_wagons[W9270,W9276]"
3895.5,2025-12-03T16:55:30+00:00,retrofitted,capacity_reserved,264.0,62.840000000000046,96.78000000000004,23.80303030303032,36.65909090909093,33.94,"batch_2_wagons[W10364,W6077]"
3900.5,2025-12-03T17:00:30+00:00,retrofit,capacity_released,319.5,205.7999999999999,162.0999999999999,64.41314553990607,50.73552425665099,-43.7,"batch_2_wagons[W11578,W9868]"
3907.0,2025-12-03T17:07:00+00:00,collection2,capacity_released,375.0,315.84999999999997,168.80999999999997,84.22666666666666,45.016,-147.04,"batch_9_wagons[W11269,W3811,W11254,W10878,W12077,W11766,W4793,W11718,W7155]"
3907.0,2025-12-03T17:07:00+00:00,retrofit,capacity_reserved,319.5,162.0999999999999,309.1399999999999,50.73552425665099,96.75743348982782,147.04,"batch_9_wagons[W11269,W3811,W11254,W10878,W12077,W11766,W4793,W11718,W7155]"
3931.5,2025-12-03T17:31:30+00:00,retrofitted,capacity_released,264.0,96.78000000000004,64.98000000000005,36.65909090909093,24.61363636363638,-31.8,"batch_2_wagons[W2406,W2399]"
3940.75,2025-12-03T17:40:45+00:00,collection2,capacity_reserved,375.0,168.80999999999997,192.70999999999998,45.016,51.38933333333333,23.9,batch_1_wagons[W2737]
3940.75,2025-12-03T17:40:45+00:00,collection1,capacity_reserved,375.0,351.6000000000001,364.1000000000001,93.76000000000002,97.09333333333335,12.5,batch_1_wagons[W10081]
3940.75,2025-12-03T17:40:45+00:00,collection2,capacity_reserved,375.0,192.70999999999998,205.95999999999998,51.38933333333333,54.922666666666665,13.25,batch_1_wagons[W7253]
3955.25,2025-12-03T17:55:15+00:00,collection2,capacity_reserved,375.0,205.95999999999998,229.2,54.922666666666665,61.12,23.24,batch_1_wagons[W2971]
3955.25,2025-12-03T17:55:15+00:00,collection2,capacity_reserved,375.0,229.2,258.77,61.12,69.00533333333333,29.57,batch_1_wagons[W0607]
3997.75,2025-12-03T18:37:45+00:00,collection2,capacity_reserved,375.0,258.77,282.01,69.00533333333333,75.20266666666666,23.24,batch_1_wagons[W12036]
3997.75,2025-12-03T18:37:45+00:00,collection2,capacity_reserved,375.0,282.01,305.274,75.20266666666666,81.4064,23.264,batch_1_wagons[W2786]
3997.75,2025-12-03T18:37:45+00:00,collection2,capacity_reserved,375.0,305.274,328.538,81.4064,87.61013333333334,23.264,batch_1_wagons[W2877]
3997.75,2025-12-03T18:37:45+00:00,collection2,capacity_reserved,375.0,328.538,354.778,87.61013333333334,94.60746666666667,26.24,batch_1_wagons[W318166502860]
3997.75,2025-12-03T18:37:45+00:00,collection2,capacity_reserved,375.0,354.778,370.678,94.60746666666667,98.84746666666666,15.9,batch_1_wagons[W9981]
4055.0,2025-12-03T19:35:00+00:00,parking16,capacity_reserved,1875.0,976.14,1007.9399999999999,52.06079999999999,53.75679999999999,31.8,"batch_2_wagons[W2406,W2399]"
4064.0,2025-12-03T19:44:00+00:00,collection1,capacity_released,375.0,364.1000000000001,340.86000000000007,97.09333333333335,90.89600000000002,-23.24,batch_1_wagons[W8636]
4064.0,2025-12-03T19:44:00+00:00,retrofit,capacity_reserve_blocked,319.5,309.1399999999999,309.1399999999999,96.75743348982782,96.75743348982782,23.24,batch_1_wagons_WAITING[W8636]
4076.0,2025-12-03T19:56:00+00:00,retrofitted,capacity_reserved,264.0,64.98000000000005,98.98000000000005,24.61363636363638,37.49242424242426,34.0,"batch_2_wagons[W9270,W9276]"
4081.0,2025-12-03T20:01:00+00:00,retrofit,capacity_released,319.5,309.1399999999999,285.89999999999986,96.75743348982782,89.48356807511732,-46.48,"batch_2_wagons[W12060,W11970]"
4081.0,2025-12-03T20:01:00+00:00,retrofit,capacity_reserved,319.5,262.65999999999985,285.89999999999986,82.20970266040683,89.48356807511732,23.24,batch_1_wagons[W8636]
4093.0,2025-12-03T20:13:00+00:00,retrofitted,capacity_reserved,264.0,98.98000000000005,142.68000000000006,37.49242424242426,54.045454545454575,43.7,"batch_2_wagons[W11578,W9868]"
4093.25,2025-12-03T20:13:15+00:00,collection1,capacity_reserved,375.0,340.86000000000007,350.86000000000007,90.89600000000002,93.56266666666669,10.0,batch_1_wagons[W0032]
4093.25,2025-12-03T20:13:15+00:00,collection1,capacity_reserved,375.0,350.86000000000007,366.6000000000001,93.56266666666669,97.76000000000002,15.74,batch_1_wagons[W6592]
4098.0,2025-12-03T20:18:00+00:00,retrofit,capacity_released,319.5,285.89999999999986,245.05999999999986,89.48356807511732,76.7010954616588,-40.84,"batch_2_wagons[W3173,W5038]"
4129.0,2025-12-03T20:49:00+00:00,retrofitted,capacity_released,264.0,142.68000000000006,5.684341886080802e-14,54.045454545454575,2.153159805333637e-14,-142.68,"batch_8_wagons[W9173,W6140,W10364,W6077,W9270,W9276,W11578,W9868]"
4261.5,2025-12-03T23:01:30+00:00,parking16,capacity_reserved,1875.0,1007.9399999999999,1150.62,53.75679999999999,61.3664,142.68,"batch_8_wagons[W9173,W6140,W10364,W6077,W9270,W9276,W11578,W9868]"
4333.5,2025-12-04T00:13:30+00:00,retrofitted,capacity_reserved,264.0,5.684341886080802e-14,46.480000000000054,2.153159805333637e-14,17.606060606060623,46.48,"batch_2_wagons[W12060,W11970]"
4336.0,2025-12-04T00:16:00+00:00,collection2,capacity_released,375.0,370.678,308.58799999999997,98.84746666666666,82.29013333333333,-62.09,"batch_4_wagons[W7258,W9495,W11014,W9040]"
4336.0,2025-12-04T00:16:00+00:00,retrofit,capacity_reserved,319.5,245.05999999999986,307.14999999999986,76.7010954616588,96.13458528951483,62.09,"batch_4_wagons[W7258,W9495,W11014,W9040]"
4338.5,2025-12-04T00:18:30+00:00,retrofit,capacity_released,319.5,307.14999999999986,278.0099999999999,96.13458528951483,87.01408450704221,-29.14,"batch_2_wagons[W11259,W5167]"
4343.5,2025-12-04T00:23:30+00:00,retrofitted,capacity_released,264.0,46.480000000000054,5.684341886080802e-14,17.606060606060623,2.153159805333637e-14,-46.48,"batch_2_wagons[W12060,W11970]"
4348.0,2025-12-04T00:28:00+00:00,retrofitted,capacity_reserved,264.0,5.684341886080802e-14,40.84000000000006,2.153159805333637e-14,15.469696969696992,40.84,"batch_2_wagons[W3173,W5038]"
4353.0,2025-12-04T00:33:00+00:00,retrofit,capacity_released,319.5,278.0099999999999,232.3699999999999,87.01408450704221,72.72926447574332,-45.64,"batch_2_wagons[W4666,W12210]"
4379.0,2025-12-04T00:59:00+00:00,collection2,capacity_reserved,375.0,308.58799999999997,322.628,82.29013333333333,86.03413333333333,14.04,batch_1_wagons[W6246]
4379.0,2025-12-04T00:59:00+00:00,collection2,capacity_reserved,375.0,322.628,336.668,86.03413333333333,89.77813333333333,14.04,batch_1_wagons[W5947]
4379.0,2025-12-04T00:59:00+00:00,collection2,capacity_reserved,375.0,336.668,350.708,89.77813333333333,93.52213333333334,14.04,batch_1_wagons[W5711]
4379.0,2025-12-04T00:59:00+00:00,collection2,capacity_reserved,375.0,350.708,364.74800000000005,93.52213333333334,97.26613333333334,14.04,batch_1_wagons[W6884]
4467.0,2025-12-04T02:27:00+00:00,parking16,capacity_reserved,1875.0,1150.62,1197.1,61.3664,63.84533333333333,46.48,"batch_2_wagons[W12060,W11970]"
4536.0,2025-12-04T03:36:00+00:00,collection1,capacity_released,375.0,366.6000000000001,279.7900000000001,97.76000000000002,74.61066666666669,-86.81,"batch_4_wagons[W10949,W8631,W11467,W10354]"
4536.0,2025-12-04T03:36:00+00:00,retrofit,capacity_reserved,319.5,232.3699999999999,319.1799999999999,72.72926447574332,99.89984350547726,86.81,"batch_4_wagons[W10949,W8631,W11467,W10354]"
4539.0,2025-12-04T03:39:00+00:00,retrofitted,capacity_reserved,264.0,40.84000000000006,69.98000000000006,15.469696969696992,26.50757575757578,29.14,"batch_2_wagons[W11259,W5167]"
4544.0,2025-12-04T03:44:00+00:00,retrofit,capacity_released,319.5,319.1799999999999,286.5399999999999,99.89984350547726,89.68388106416273,-32.64,"batch_2_wagons[W11269,W3811]"
4548.0,2025-12-04T03:48:00+00:00,retrofitted,capacity_reserved,264.0,69.98000000000006,115.62000000000006,26.50757575757578,43.79545454545457,45.64,"batch_2_wagons[W4666,W12210]"
4549.0,2025-12-04T03:49:00+00:00,retrofitted,capacity_released,264.0,115.62000000000006,74.78000000000006,43.79545454545457,28.3257575757576,-40.84,"batch_2_wagons[W3173,W5038]"
4553.0,2025-12-04T03:53:00+00:00,retrofit,capacity_released,319.5,286.5399999999999,261.0599999999999,89.68388106416273,81.70892018779338,-25.48,"batch_2_wagons[W11254,W10878]"
4654.5,2025-12-04T05:34:30+00:00,collection1,capacity_reserved,375.0,279.7900000000001,313.99000000000007,74.61066666666669,83.73066666666669,34.2,batch_1_wagons[W8383]
4654.5,2025-12-04T05:34:30+00:00,collection1,capacity_reserved,375.0,313.99000000000007,348.19000000000005,83.73066666666669,92.85066666666668,34.2,batch_1_wagons[W8381]
4672.5,2025-12-04T05:52:30+00:00,parking16,capacity_reserved,1875.0,1197.1,1237.9399999999998,63.84533333333333,66.02346666666665,40.84,"batch_2_wagons[W3173,W5038]"
4676.75,2025-12-04T05:56:45+00:00,collection1,capacity_reserved,375.0,348.19000000000005,366.19000000000005,92.85066666666668,97.65066666666668,18.0,batch_1_wagons[W9067]
4744.5,2025-12-04T07:04:30+00:00,retrofitted,capacity_reserved,264.0,74.78000000000006,107.42000000000006,28.3257575757576,40.689393939393966,32.64,"batch_2_wagons[W11269,W3811]"
4749.5,2025-12-04T07:09:30+00:00,retrofit,capacity_released,319.5,261.0599999999999,222.0199999999999,81.70892018779338,69.48982785602502,-39.04,"batch_2_wagons[W12077,W11766]"
4760.0,2025-12-04T07:20:00+00:00,collection2,capacity_released,375.0,364.74800000000005,277.92800000000005,97.26613333333334,74.11413333333334,-86.82,"batch_5_wagons[W9345,W7115,W10706,W5057,W4522]"
4760.0,2025-12-04T07:20:00+00:00,retrofit,capacity_reserved,319.5,222.0199999999999,308.8399999999999,69.48982785602502,96.66353677621281,86.82,"batch_5_wagons[W9345,W7115,W10706,W5057,W4522]"
4761.25,2025-12-04T07:21:15+00:00,collection2,capacity_reserved,375.0,277.92800000000005,290.4680000000001,74.11413333333334,77.45813333333335,12.54,batch_1_wagons[W11596]
4761.25,2025-12-04T07:21:15+00:00,collection2,capacity_reserved,375.0,290.4680000000001,304.86800000000005,77.45813333333335,81.29813333333334,14.4,batch_1_wagons[W10957]
4761.5,2025-12-04T07:21:30+00:00,retrofitted,capacity_reserved,264.0,107.42000000000006,132.90000000000006,40.689393939393966,50.340909090909115,25.48,"batch_2_wagons[W11254,W10878]"
4766.5,2025-12-04T07:26:30+00:00,retrofit,capacity_released,319.5,308.8399999999999,270.55999999999995,96.66353677621281,84.68231611893582,-38.28,"batch_2_wagons[W4793,W11718]"
4771.5,2025-12-04T07:31:30+00:00,retrofitted,capacity_released,264.0,132.90000000000006,58.12000000000006,50.340909090909115,22.015151515151537,-74.78,"batch_4_wagons[W11259,W5167,W4666,W12210]"
4824.0,2025-12-04T08:24:00+00:00,collection2,capacity_reserved,375.0,304.86800000000005,318.9080000000001,81.29813333333334,85.04213333333335,14.04,batch_1_wagons[W6303]
4824.0,2025-12-04T08:24:00+00:00,collection2,capacity_reserved,375.0,318.9080000000001,333.84800000000007,85.04213333333335,89.02613333333336,14.94,batch_1_wagons[W10958]
4824.0,2025-12-04T08:24:00+00:00,collection2,capacity_reserved,375.0,333.84800000000007,347.8880000000001,89.02613333333336,92.77013333333336,14.04,batch_1_wagons[W6277]
4824.0,2025-12-04T08:24:00+00:00,collection2,capacity_reserved,375.0,347.8880000000001,362.28800000000007,92.77013333333336,96.61013333333335,14.4,batch_1_wagons[W10928]
4898.0,2025-12-04T09:38:00+00:00,parking16,capacity_reserved,1875.0,1237.9399999999998,1312.7199999999998,66.02346666666665,70.01173333333332,74.78,"batch_4_wagons[W11259,W5167,W4666,W12210]"
4967.0,2025-12-04T10:47:00+00:00,collection1,capacity_released,375.0,366.19000000000005,323.88000000000005,97.65066666666668,86.36800000000001,-42.31,"batch_2_wagons[W0623,W11261]"
4967.0,2025-12-04T10:47:00+00:00,retrofit,capacity_reserved,319.5,270.55999999999995,312.86999999999995,84.68231611893582,97.92488262910797,42.31,"batch_2_wagons[W0623,W11261]"
4970.0,2025-12-04T10:50:00+00:00,retrofitted,capacity_reserved,264.0,58.12000000000006,97.16000000000005,22.015151515151537,36.80303030303032,39.04,"batch_2_wagons[W12077,W11766]"
4975.0,2025-12-04T10:55:00+00:00,retrofit,capacity_released,319.5,312.86999999999995,278.03,97.92488262910797,87.02034428794991,-34.839999999999996,"batch_2_wagons[W7155,W8636]"
4979.0,2025-12-04T10:59:00+00:00,retrofitted,capacity_reserved,264.0,97.16000000000005,135.44000000000005,36.80303030303032,51.303030303030326,38.28,"batch_2_wagons[W4793,W11718]"
4980.0,2025-12-04T11:00:00+00:00,retrofitted,capacity_released,264.0,135.44000000000005,77.32000000000005,51.303030303030326,29.287878787878807,-58.12,"batch_4_wagons[W11269,W3811,W11254,W10878]"
4984.0,2025-12-04T11:04:00+00:00,retrofit,capacity_released,319.5,278.03,248.33999999999997,87.02034428794991,77.72769953051643,-29.69,"batch_2_wagons[W7258,W9495]"
5011.0,2025-12-04T11:31:00+00:00,collection1,capacity_reserved,375.0,323.88000000000005,352.40000000000003,86.36800000000001,93.97333333333334,28.52,batch_1_wagons[W0677]
5039.75,2025-12-04T11:59:45+00:00,collection1,capacity_reserved,375.0,352.40000000000003,368.14000000000004,93.97333333333334,98.17066666666668,15.74,batch_1_wagons[W6634]
5059.25,2025-12-04T12:19:15+00:00,collection2,capacity_reserved,375.0,362.28800000000007,373.8880000000001,96.61013333333335,99.7034666666667,11.6,batch_1_wagons[W7175]
5106.5,2025-12-04T13:06:30+00:00,parking16,capacity_reserved,1875.0,1312.7199999999998,1370.8399999999997,70.01173333333332,73.11146666666664,58.12,"batch_4_wagons[W11269,W3811,W11254,W10878]"
5178.5,2025-12-04T14:18:30+00:00,retrofitted,capacity_reserved,264.0,77.32000000000005,112.16000000000005,29.287878787878807,42.484848484848506,34.839999999999996,"batch_2_wagons[W7155,W8636]"
5183.5,2025-12-04T14:23:30+00:00,retrofit,capacity_released,319.5,248.33999999999997,215.93999999999997,77.72769953051643,67.58685446009389,-32.4,"batch_2_wagons[W11014,W9040]"
5195.5,2025-12-04T14:35:30+00:00,retrofitted,capacity_reserved,264.0,112.16000000000005,141.85000000000005,42.484848484848506,53.73106060606062,29.69,"batch_2_wagons[W7258,W9495]"
5199.0,2025-12-04T14:39:00+00:00,collection2,capacity_released,375.0,373.8880000000001,293.59800000000007,99.7034666666667,78.29280000000001,-80.28999999999999,"batch_4_wagons[W4479,W2737,W7253,W2971]"
5199.0,2025-12-04T14:39:00+00:00,retrofit,capacity_reserved,319.5,215.93999999999997,296.22999999999996,67.58685446009389,92.716744913928,80.28999999999999,"batch_4_wagons[W4479,W2737,W7253,W2971]"
5200.5,2025-12-04T14:40:30+00:00,retrofit,capacity_released,319.5,296.22999999999996,258.62999999999994,92.716744913928,80.94835680751173,-37.6,"batch_2_wagons[W10949,W8631]"
5203.75,2025-12-04T14:43:45+00:00,collection2,capacity_reserved,375.0,293.59800000000007,306.84800000000007,78.29280000000001,81.82613333333335,13.25,batch_1_wagons[W7265]
5203.75,2025-12-04T14:43:45+00:00,collection2,capacity_reserved,375.0,306.84800000000007,319.3980000000001,81.82613333333335,85.17280000000002,12.55,batch_1_wagons[W11947]
5203.75,2025-12-04T14:43:45+00:00,collection2,capacity_reserved,375.0,319.3980000000001,331.9480000000001,85.17280000000002,88.51946666666669,12.55,batch_1_wagons[W11959]
5203.75,2025-12-04T14:43:45+00:00,collection2,capacity_reserved,375.0,331.9480000000001,349.4880000000001,88.51946666666669,93.19680000000004,17.54,batch_1_wagons[W10522]
5203.75,2025-12-04T14:43:45+00:00,collection2,capacity_reserved,375.0,349.4880000000001,363.52800000000013,93.19680000000004,96.94080000000004,14.04,batch_1_wagons[W6231]
5205.5,2025-12-04T14:45:30+00:00,retrofitted,capacity_released,264.0,141.85000000000005,64.53000000000006,53.73106060606062,24.443181818181838,-77.32,"batch_4_wagons[W12077,W11766,W4793,W11718]"
5217.0,2025-12-04T14:57:00+00:00,parking1,capacity_reserved,555.0,0.0,77.32,0.0,13.93153153153153,77.32,"batch_4_wagons[W12077,W11766,W4793,W11718]"
5230.0,2025-12-04T15:10:00+00:00,retrofitted,capacity_released,264.0,64.53000000000006,5.684341886080802e-14,24.443181818181838,2.153159805333637e-14,-64.53,"batch_4_wagons[W7155,W8636,W7258,W9495]"
5296.5,2025-12-04T16:16:30+00:00,parking12,capacity_reserved,555.0,0.0,64.53,0.0,11.627027027027028,64.53,"batch_4_wagons[W7155,W8636,W7258,W9495]"
5368.5,2025-12-04T17:28:30+00:00,retrofitted,capacity_reserved,264.0,5.684341886080802e-14,32.400000000000055,2.153159805333637e-14,12.272727272727293,32.4,"batch_2_wagons[W11014,W9040]"
5373.5,2025-12-04T17:33:30+00:00,retrofit,capacity_released,319.5,258.62999999999994,209.41999999999993,80.94835680751173,65.54616588419402,-49.21,"batch_2_wagons[W11467,W10354]"
5385.5,2025-12-04T17:45:30+00:00,retrofitted,capacity_reserved,264.0,32.400000000000055,70.00000000000006,12.272727272727293,26.515151515151537,37.6,"batch_2_wagons[W10949,W8631]"
5387.0,2025-12-04T17:47:00+00:00,collection1,capacity_released,375.0,368.14000000000004,268.47,98.17066666666668,71.59200000000001,-99.67,"batch_7_wagons[W5978,W5686,W5403,W9401,W7261,W7263,W6339]"
5387.0,2025-12-04T17:47:00+00:00,retrofit,capacity_reserved,319.5,209.41999999999993,309.0899999999999,65.54616588419402,96.74178403755866,99.67,"batch_7_wagons[W5978,W5686,W5403,W9401,W7261,W7263,W6339]"
5390.5,2025-12-04T17:50:30+00:00,retrofit,capacity_released,319.5,309.0899999999999,277.0499999999999,96.74178403755866,86.71361502347415,-32.04,"batch_2_wagons[W9345,W7115]"
5395.5,2025-12-04T17:55:30+00:00,retrofitted,capacity_released,264.0,70.00000000000006,37.60000000000006,26.515151515151537,14.242424242424265,-32.4,"batch_2_wagons[W11014,W9040]"
5397.75,2025-12-04T17:57:45+00:00,collection1,capacity_reserved,375.0,268.47,287.51000000000005,71.59200000000001,76.66933333333334,19.04,batch_1_wagons[W7316]
5397.75,2025-12-04T17:57:45+00:00,collection1,capacity_reserved,375.0,287.51000000000005,306.55000000000007,76.66933333333334,81.74666666666668,19.04,batch_1_wagons[W9534]
5397.75,2025-12-04T17:57:45+00:00,collection1,capacity_reserved,375.0,306.55000000000007,319.1000000000001,81.74666666666668,85.09333333333335,12.55,batch_1_wagons[W11953]
5397.75,2025-12-04T17:57:45+00:00,collection1,capacity_reserved,375.0,319.1000000000001,332.80000000000007,85.09333333333335,88.74666666666668,13.7,batch_1_wagons[W9237]
5397.75,2025-12-04T17:57:45+00:00,collection1,capacity_reserved,375.0,332.80000000000007,356.0640000000001,88.74666666666668,94.95040000000003,23.264,batch_1_wagons[W2853]
5397.75,2025-12-04T17:57:45+00:00,collection1,capacity_reserved,375.0,356.0640000000001,372.0640000000001,94.95040000000003,99.21706666666668,16.0,batch_1_wagons[W2415]
5474.0,2025-12-04T19:14:00+00:00,parking13,capacity_reserved,555.0,0.0,32.4,0.0,5.837837837837838,32.4,"batch_2_wagons[W11014,W9040]"
5546.0,2025-12-04T20:26:00+00:00,retrofitted,capacity_reserved,264.0,37.60000000000006,86.81000000000006,14.242424242424265,32.88257575757578,49.21,"batch_2_wagons[W11467,W10354]"
5551.0,2025-12-04T20:31:00+00:00,retrofit,capacity_released,319.5,277.0499999999999,242.1699999999999,86.71361502347415,75.79655712050075,-34.879999999999995,"batch_2_wagons[W10706,W5057]"
5563.0,2025-12-04T20:43:00+00:00,retrofitted,capacity_reserved,264.0,86.81000000000006,118.85000000000005,32.88257575757578,45.01893939393941,32.04,"batch_2_wagons[W9345,W7115]"
5568.0,2025-12-04T20:48:00+00:00,retrofit,capacity_released,319.5,242.1699999999999,192.6999999999999,75.79655712050075,60.31298904538338,-49.47,"batch_2_wagons[W4522,W0623]"
5594.0,2025-12-04T21:14:00+00:00,collection2,capacity_released,375.0,363.52800000000013,237.95000000000013,96.94080000000004,63.453333333333376,-125.578,"batch_5_wagons[W0607,W12036,W2786,W2877,W318166502860]"
5594.0,2025-12-04T21:14:00+00:00,retrofit,capacity_reserved,319.5,192.6999999999999,318.2779999999999,60.31298904538338,99.61752738654144,125.578,"batch_5_wagons[W0607,W12036,W2786,W2877,W318166502860]"
5599.0,2025-12-04T21:19:00+00:00,retrofitted,capacity_released,264.0,118.85000000000005,81.25000000000006,45.01893939393941,30.77651515151517,-37.6,"batch_2_wagons[W10949,W8631]"
5677.5,2025-12-04T22:37:30+00:00,parking14,capacity_reserved,555.0,0.0,37.6,0.0,6.774774774774775,37.6,"batch_2_wagons[W10949,W8631]"
5724.0,2025-12-04T23:24:00+00:00,collection2,capacity_reserved,375.0,237.95000000000013,264.3000000000001,63.453333333333376,70.48000000000003,26.35,batch_1_wagons[W11482]
5724.0,2025-12-04T23:24:00+00:00,collection2,capacity_reserved,375.0,264.3000000000001,287.54000000000013,70.48000000000003,76.67733333333337,23.24,batch_1_wagons[W8671]
5724.0,2025-12-04T23:24:00+00:00,collection2,capacity_reserved,375.0,287.54000000000013,300.28000000000014,76.67733333333337,80.0746666666667,12.74,batch_1_wagons[W11252]
5724.0,2025-12-04T23:24:00+00:00,collection2,capacity_reserved,375.0,300.28000000000014,316.6800000000001,80.0746666666667,84.44800000000004,16.4,batch_1_wagons[W5452]
5724.0,2025-12-04T23:24:00+00:00,collection2,capacity_reserved,375.0,316.6800000000001,330.72000000000014,84.44800000000004,88.19200000000004,14.04,batch_1_wagons[W6800]
5749.5,2025-12-04T23:49:30+00:00,retrofitted,capacity_reserved,264.0,81.25000000000006,116.13000000000005,30.77651515151517,43.98863636363639,34.879999999999995,"batch_2_wagons[W10706,W5057]"
5754.5,2025-12-04T23:54:30+00:00,retrofit,capacity_released,319.5,318.2779999999999,285.6379999999999,99.61752738654144,89.4015649452269,-32.64,"batch_2_wagons[W11261,W4479]"
5758.0,2025-12-04T23:58:00+00:00,collection2,capacity_reserved,375.0,330.72000000000014,364.92000000000013,88.19200000000004,97.31200000000003,34.2,batch_1_wagons[W8380]
5766.5,2025-12-05T00:06:30+00:00,retrofitted,capacity_reserved,264.0,116.13000000000005,165.60000000000005,43.98863636363639,62.72727272727274,49.47,"batch_2_wagons[W4522,W0623]"
5771.5,2025-12-05T00:11:30+00:00,retrofit,capacity_released,319.5,285.6379999999999,248.48799999999991,89.4015649452269,77.77402190923314,-37.15,"batch_2_wagons[W2737,W7253]"
5799.0,2025-12-05T00:39:00+00:00,collection1,capacity_released,375.0,372.0640000000001,301.63400000000007,99.21706666666668,80.43573333333335,-70.42999999999999,"batch_4_wagons[W3618,W7252,W6352,W8705]"
5799.0,2025-12-05T00:39:00+00:00,retrofit,capacity_reserved,319.5,248.48799999999991,318.9179999999999,77.77402190923314,99.81784037558683,70.42999999999999,"batch_4_wagons[W3618,W7252,W6352,W8705]"
5804.0,2025-12-05T00:44:00+00:00,retrofitted,capacity_released,264.0,165.60000000000005,84.35000000000005,62.72727272727274,31.950757575757592,-81.25,"batch_4_wagons[W11467,W10354,W9345,W7115]"
5850.25,2025-12-05T01:30:15+00:00,collection1,capacity_reserved,375.0,301.63400000000007,317.4340000000001,80.43573333333335,84.64906666666668,15.8,batch_1_wagons[W2112]
5885.5,2025-12-05T02:05:30+00:00,parking15,capacity_reserved,555.0,0.0,81.25,0.0,14.63963963963964,81.25,"batch_4_wagons[W11467,W10354,W9345,W7115]"
5903.5,2025-12-05T02:23:30+00:00,collection1,capacity_reserved,375.0,317.4340000000001,336.4740000000001,84.64906666666668,89.72640000000003,19.04,batch_1_wagons[W7400]
5903.5,2025-12-05T02:23:30+00:00,collection1,capacity_reserved,375.0,336.4740000000001,366.0440000000001,89.72640000000003,97.61173333333336,29.57,batch_1_wagons[W0606]
5957.5,2025-12-05T03:17:30+00:00,retrofitted,capacity_reserved,264.0,84.35000000000005,116.99000000000005,31.950757575757592,44.31439393939396,32.64,"batch_2_wagons[W11261,W4479]"
5962.5,2025-12-05T03:22:30+00:00,retrofit,capacity_released,319.5,318.9179999999999,281.3879999999999,99.81784037558683,88.07136150234739,-37.53,"batch_2_wagons[W2971,W5978]"
5974.5,2025-12-05T03:34:30+00:00,retrofitted,capacity_reserved,264.0,116.99000000000005,154.14000000000004,44.31439393939396,58.38636363636365,37.15,"batch_2_wagons[W2737,W7253]"
5979.5,2025-12-05T03:39:30+00:00,retrofit,capacity_released,319.5,281.3879999999999,250.94799999999992,88.07136150234739,78.54397496087635,-30.439999999999998,"batch_2_wagons[W5686,W5403]"
5986.5,2025-12-05T03:46:30+00:00,collection2,capacity_released,375.0,364.92000000000013,306.90000000000015,97.31200000000003,81.84000000000003,-58.019999999999996,"batch_4_wagons[W9981,W6246,W5947,W5711]"
5986.5,2025-12-05T03:46:30+00:00,retrofit,capacity_reserved,319.5,250.94799999999992,308.9679999999999,78.54397496087635,96.70359937402188,58.019999999999996,"batch_4_wagons[W9981,W6246,W5947,W5711]"
6010.5,2025-12-05T04:10:30+00:00,retrofitted,capacity_released,264.0,154.14000000000004,69.79000000000005,58.38636363636365,26.43560606060608,-84.35,"batch_4_wagons[W10706,W5057,W4522,W0623]"
6067.5,2025-12-05T05:07:30+00:00,collection2,capacity_reserved,375.0,306.90000000000015,323.3000000000001,81.84000000000003,86.21333333333337,16.4,batch_1_wagons[W9440]
6067.5,2025-12-05T05:07:30+00:00,collection2,capacity_reserved,375.0,323.3000000000001,339.7000000000001,86.21333333333337,90.58666666666669,16.4,batch_1_wagons[W9489]
6067.5,2025-12-05T05:07:30+00:00,collection2,capacity_reserved,375.0,339.7000000000001,363.6000000000001,90.58666666666669,96.96000000000002,23.9,batch_1_wagons[W2712]
6092.0,2025-12-05T05:32:00+00:00,parking13,capacity_reserved,555.0,32.4,116.75,5.837837837837838,21.036036036036034,84.35,"batch_4_wagons[W10706,W5057,W4522,W0623]"
6164.0,2025-12-05T06:44:00+00:00,retrofitted,capacity_reserved,264.0,69.79000000000005,107.32000000000005,26.43560606060608,40.65151515151517,37.53,"batch_2_wagons[W2971,W5978]"
6167.5,2025-12-05T06:47:30+00:00,collection1,capacity_released,375.0,366.0440000000001,349.6440000000001,97.61173333333336,93.23840000000003,-16.4,batch_1_wagons[W5127]
6167.5,2025-12-05T06:47:30+00:00,retrofit,capacity_reserve_blocked,319.5,308.9679999999999,308.9679999999999,96.70359937402188,96.70359937402188,16.4,batch_1_wagons_WAITING[W5127]
6169.0,2025-12-05T06:49:00+00:00,retrofit,capacity_released,319.5,308.9679999999999,297.7179999999999,96.70359937402188,93.1824726134585,-27.65,"batch_2_wagons[W9401,W7261]"
6169.0,2025-12-05T06:49:00+00:00,retrofit,capacity_reserved,319.5,281.3179999999999,297.7179999999999,88.04945226917056,93.1824726134585,16.4,batch_1_wagons[W5127]
6174.0,2025-12-05T06:54:00+00:00,retrofitted,capacity_released,264.0,107.32000000000005,37.53000000000006,40.65151515151517,14.215909090909113,-69.78999999999999,"batch_4_wagons[W11261,W4479,W2737,W7253]"
6179.5,2025-12-05T06:59:30+00:00,retrofitted,capacity_reserved,264.0,37.53000000000006,67.97000000000006,14.215909090909113,25.746212121212142,30.439999999999998,"batch_2_wagons[W5686,W5403]"
6184.5,2025-12-05T07:04:30+00:00,retrofit,capacity_released,319.5,297.7179999999999,270.4279999999999,93.1824726134585,84.6410015649452,-27.29,"batch_2_wagons[W7263,W6339]"
6255.5,2025-12-05T08:15:30+00:00,parking14,capacity_reserved,555.0,37.6,107.38999999999999,6.774774774774775,19.349549549549547,69.78999999999999,"batch_4_wagons[W11261,W4479,W2737,W7253]"
6327.5,2025-12-05T09:27:30+00:00,retrofitted,capacity_reserved,264.0,67.97000000000006,95.62000000000006,25.746212121212142,36.21969696969699,27.65,"batch_2_wagons[W9401,W7261]"
6332.5,2025-12-05T09:32:30+00:00,retrofit,capacity_released,319.5,270.4279999999999,217.61799999999988,84.6410015649452,68.11205007824722,-52.81,"batch_2_wagons[W0607,W12036]"
6344.5,2025-12-05T09:44:30+00:00,retrofitted,capacity_reserved,264.0,95.62000000000006,122.91000000000005,36.21969696969699,46.5568181818182,27.29,"batch_2_wagons[W7263,W6339]"
6349.5,2025-12-05T09:49:30+00:00,retrofit,capacity_released,319.5,217.61799999999988,171.0899999999999,68.11205007824722,53.54929577464785,-46.528,"batch_2_wagons[W2786,W2877]"
6391.5,2025-12-05T10:31:30+00:00,collection2,capacity_released,375.0,363.6000000000001,215.25000000000009,96.96000000000002,57.40000000000002,-148.35,"batch_11_wagons[W6884,W11596,W10957,W6303,W10958,W6277,W10928,W7175,W7265,W11947,W11959]"
6391.5,2025-12-05T10:31:30+00:00,retrofit,capacity_reserved,319.5,171.0899999999999,319.4399999999999,53.54929577464785,99.98122065727696,148.35,"batch_11_wagons[W6884,W11596,W10957,W6303,W10958,W6277,W10928,W7175,W7265,W11947,W11959]"
6396.5,2025-12-05T10:36:30+00:00,retrofitted,capacity_released,264.0,122.91000000000005,54.940000000000055,46.5568181818182,20.810606060606084,-67.97,"batch_4_wagons[W2971,W5978,W5686,W5403]"
6475.5,2025-12-05T11:55:30+00:00,collection1,capacity_reserved,375.0,349.6440000000001,372.90800000000013,93.23840000000003,99.44213333333337,23.264,batch_1_wagons[W10249]
6475.5,2025-12-05T11:55:30+00:00,collection2,capacity_reserved,375.0,215.25000000000009,231.0500000000001,57.40000000000002,61.613333333333365,15.8,batch_1_wagons[W2050]
6475.5,2025-12-05T11:55:30+00:00,collection2,capacity_reserved,375.0,231.0500000000001,246.8500000000001,61.613333333333365,65.8266666666667,15.8,batch_1_wagons[W2386]
6475.5,2025-12-05T11:55:30+00:00,collection2,capacity_reserved,375.0,246.8500000000001,270.1140000000001,65.8266666666667,72.03040000000003,23.264,batch_1_wagons[W10254]
6475.5,2025-12-05T11:55:30+00:00,collection2,capacity_reserved,375.0,270.1140000000001,293.3540000000001,72.03040000000003,78.22773333333336,23.24,batch_1_wagons[W12057]
6475.5,2025-12-05T11:55:30+00:00,collection2,capacity_reserved,375.0,293.3540000000001,310.5340000000001,78.22773333333336,82.8090666666667,17.18,batch_1_wagons[W2136]
6523.0,2025-12-05T12:43:00+00:00,parking16,capacity_reserved,1875.0,1370.8399999999997,1438.8099999999997,73.11146666666664,76.73653333333333,67.97,"batch_4_wagons[W2971,W5978,W5686,W5403]"
6532.5,2025-12-05T12:52:30+00:00,collection1,capacity_released,375.0,372.90800000000013,360.1680000000001,99.44213333333337,96.04480000000002,-12.74,batch_1_wagons[W10886]
6532.5,2025-12-05T12:52:30+00:00,retrofit,capacity_reserve_blocked,319.5,319.4399999999999,319.4399999999999,99.98122065727696,99.98122065727696,12.74,batch_1_wagons_WAITING[W10886]
6544.5,2025-12-05T13:04:30+00:00,retrofitted,capacity_reserved,264.0,54.940000000000055,107.75000000000006,20.810606060606084,40.81439393939396,52.81,"batch_2_wagons[W0607,W12036]"
6549.5,2025-12-05T13:09:30+00:00,retrofit,capacity_released,319.5,319.4399999999999,286.0399999999999,99.98122065727696,89.52738654147102,-46.14,"batch_2_wagons[W318166502860,W3618]"
6549.5,2025-12-05T13:09:30+00:00,retrofit,capacity_reserved,319.5,273.2999999999999,286.0399999999999,85.53990610328636,89.52738654147102,12.74,batch_1_wagons[W10886]
6561.5,2025-12-05T13:21:30+00:00,retrofitted,capacity_reserved,264.0,107.75000000000006,154.27800000000005,40.81439393939396,58.438636363636384,46.528,"batch_2_wagons[W2786,W2877]"
6566.5,2025-12-05T13:26:30+00:00,retrofit,capacity_released,319.5,286.0399999999999,258.7499999999999,89.52738654147102,80.98591549295772,-27.29,"batch_2_wagons[W7252,W6352]"
6595.0,2025-12-05T13:55:00+00:00,collection2,capacity_reserved,375.0,310.5340000000001,326.9340000000001,82.8090666666667,87.18240000000003,16.4,batch_1_wagons[W5282]
6595.0,2025-12-05T13:55:00+00:00,collection2,capacity_reserved,375.0,326.9340000000001,343.8740000000001,87.18240000000003,91.69973333333336,16.94,batch_1_wagons[W9940]
6595.0,2025-12-05T13:55:00+00:00,collection2,capacity_reserved,375.0,343.8740000000001,361.8740000000001,91.69973333333336,96.49973333333335,18.0,batch_1_wagons[W9081]
6597.5,2025-12-05T13:57:30+00:00,retrofitted,capacity_released,264.0,154.27800000000005,5.684341886080802e-14,58.438636363636384,2.153159805333637e-14,-154.278,"batch_8_wagons[W9401,W7261,W7263,W6339,W0607,W12036,W2786,W2877]"
6666.5,2025-12-05T15:06:30+00:00,collection1,capacity_reserved,375.0,360.1680000000001,374.5680000000001,96.04480000000002,99.88480000000003,14.4,batch_1_wagons[W10814]
6670.0,2025-12-05T15:10:00+00:00,parking12,capacity_reserved,555.0,64.53,218.808,11.627027027027028,39.42486486486486,154.278,"batch_8_wagons[W9401,W7261,W7263,W6339,W0607,W12036,W2786,W2877]"
6742.0,2025-12-05T16:22:00+00:00,retrofitted,capacity_reserved,264.0,5.684341886080802e-14,46.14000000000006,2.153159805333637e-14,17.477272727272748,46.14,"batch_2_wagons[W318166502860,W3618]"
6747.0,2025-12-05T16:27:00+00:00,retrofit,capacity_released,319.5,258.7499999999999,219.6099999999999,80.98591549295772,68.73552425665098,-39.14,"batch_2_wagons[W8705,W9981]"
6759.0,2025-12-05T16:39:00+00:00,retrofitted,capacity_reserved,264.0,46.14000000000006,73.43000000000006,17.477272727272748,27.814393939393963,27.29,"batch_2_wagons[W7252,W6352]"
6764.0,2025-12-05T16:44:00+00:00,retrofit,capacity_released,319.5,219.6099999999999,191.52999999999992,68.73552425665098,59.9467918622848,-28.08,"batch_2_wagons[W6246,W5947]"
6820.0,2025-12-05T17:40:00+00:00,collection2,capacity_released,375.0,361.8740000000001,237.5240000000001,96.49973333333335,63.339733333333356,-124.35,"batch_7_wagons[W10522,W6231,W11482,W8671,W11252,W5452,W6800]"
6820.0,2025-12-05T17:40:00+00:00,retrofit,capacity_reserved,319.5,191.52999999999992,315.8799999999999,59.9467918622848,98.86697965571202,124.35,"batch_7_wagons[W10522,W6231,W11482,W8671,W11252,W5452,W6800]"
6821.0,2025-12-05T17:41:00+00:00,retrofitted,capacity_released,264.0,73.43000000000006,27.290000000000063,27.814393939393963,10.337121212121236,-46.14,"batch_2_wagons[W318166502860,W3618]"
6829.5,2025-12-05T17:49:30+00:00,parking1,capacity_reserved,555.0,77.32,123.46,13.93153153153153,22.245045045045046,46.14,"batch_2_wagons[W318166502860,W3618]"
6951.0,2025-12-05T19:51:00+00:00,collection1,capacity_released,375.0,374.5680000000001,362.0680000000001,99.88480000000003,96.5514666666667,-12.5,batch_1_wagons[W10081]
6951.0,2025-12-05T19:51:00+00:00,retrofit,capacity_reserve_blocked,319.5,315.8799999999999,315.8799999999999,98.86697965571202,98.86697965571202,12.5,batch_1_wagons_WAITING[W10081]
6963.0,2025-12-05T20:03:00+00:00,retrofitted,capacity_reserved,264.0,27.290000000000063,66.43000000000006,10.337121212121236,25.16287878787881,39.14,"batch_2_wagons[W8705,W9981]"
6968.0,2025-12-05T20:08:00+00:00,retrofit,capacity_released,319.5,315.8799999999999,297.9399999999999,98.86697965571202,93.25195618153361,-30.439999999999998,"batch_2_wagons[W5711,W5127]"
6968.0,2025-12-05T20:08:00+00:00,retrofit,capacity_reserved,319.5,285.4399999999999,297.9399999999999,89.33959311424097,93.25195618153361,12.5,batch_1_wagons[W10081]
6980.0,2025-12-05T20:20:00+00:00,retrofitted,capacity_reserved,264.0,66.43000000000006,94.51000000000006,25.16287878787881,35.79924242424245,28.08,"batch_2_wagons[W6246,W5947]"
6985.0,2025-12-05T20:25:00+00:00,retrofit,capacity_released,319.5,297.9399999999999,271.3599999999999,93.25195618153361,84.93270735524253,-26.58,"batch_2_wagons[W6884,W11596]"
7002.0,2025-12-05T20:42:00+00:00,collection2,capacity_reserved,375.0,237.5240000000001,256.5640000000001,63.339733333333356,68.4170666666667,19.04,batch_1_wagons[W2652]
7002.0,2025-12-05T20:42:00+00:00,collection2,capacity_reserved,375.0,256.5640000000001,275.46400000000006,68.4170666666667,73.45706666666668,18.9,batch_1_wagons[W12385]
7013.5,2025-12-05T20:53:30+00:00,collection2,capacity_released,375.0,275.46400000000006,241.26400000000007,73.45706666666668,64.33706666666669,-34.2,batch_1_wagons[W8380]
7013.5,2025-12-05T20:53:30+00:00,retrofit,capacity_reserved,319.5,271.3599999999999,305.5599999999999,84.93270735524253,95.6369327073552,34.2,batch_1_wagons[W8380]
7018.5,2025-12-05T20:58:30+00:00,retrofitted,capacity_released,264.0,94.51000000000006,67.22000000000006,35.79924242424245,25.462121212121236,-27.29,"batch_2_wagons[W7252,W6352]"
7097.0,2025-12-05T22:17:00+00:00,parking15,capacity_reserved,555.0,81.25,108.53999999999999,14.63963963963964,19.556756756756755,27.29,"batch_2_wagons[W7252,W6352]"
7167.5,2025-12-05T23:27:30+00:00,collection2,capacity_reserved,375.0,241.26400000000007,267.6140000000001,64.33706666666669,71.36373333333336,26.35,batch_1_wagons[W11539]
7167.5,2025-12-05T23:27:30+00:00,collection2,capacity_reserved,375.0,267.6140000000001,287.51400000000007,71.36373333333336,76.67040000000001,19.9,batch_1_wagons[W4532]
7167.5,2025-12-05T23:27:30+00:00,collection2,capacity_reserved,375.0,287.51400000000007,310.7540000000001,76.67040000000001,82.86773333333335,23.24,batch_1_wagons[W8676]
7167.5,2025-12-05T23:27:30+00:00,collection2,capacity_reserved,375.0,310.7540000000001,330.65400000000005,82.86773333333335,88.17440000000002,19.9,batch_1_wagons[W4478]
7167.5,2025-12-05T23:27:30+00:00,collection2,capacity_reserved,375.0,330.65400000000005,344.6940000000001,88.17440000000002,91.91840000000002,14.04,batch_1_wagons[W5845]
7167.5,2025-12-05T23:27:30+00:00,collection2,capacity_reserved,375.0,344.6940000000001,361.09400000000005,91.91840000000002,96.29173333333335,16.4,batch_1_wagons[W5248]
7167.5,2025-12-05T23:27:30+00:00,collection1,capacity_reserved,375.0,362.0680000000001,374.1080000000001,96.5514666666667,99.76213333333337,12.04,batch_1_wagons[W4915]
7168.0,2025-12-05T23:28:00+00:00,collection1,capacity_released,375.0,374.1080000000001,364.1080000000001,99.76213333333337,97.0954666666667,-10.0,batch_1_wagons[W0032]
7168.0,2025-12-05T23:28:00+00:00,retrofit,capacity_reserved,319.5,305.5599999999999,315.5599999999999,95.6369327073552,98.76682316118932,10.0,batch_1_wagons[W0032]
7169.0,2025-12-05T23:29:00+00:00,retrofitted,capacity_reserved,264.0,67.22000000000006,97.66000000000005,25.462121212121236,36.99242424242426,30.439999999999998,"batch_2_wagons[W5711,W5127]"
7174.0,2025-12-05T23:34:00+00:00,retrofit,capacity_released,319.5,315.5599999999999,287.1199999999999,98.76682316118932,89.8654147104851,-28.439999999999998,"batch_2_wagons[W10957,W6303]"
7179.0,2025-12-05T23:39:00+00:00,retrofitted,capacity_released,264.0,97.66000000000005,30.440000000000055,36.99242424242426,11.53030303030305,-67.22,"batch_4_wagons[W8705,W9981,W6246,W5947]"
7180.0,2025-12-05T23:40:00+00:00,retrofitted,capacity_reserved,264.0,30.440000000000055,57.02000000000005,11.53030303030305,21.59848484848487,26.58,"batch_2_wagons[W6884,W11596]"
7185.0,2025-12-05T23:45:00+00:00,retrofit,capacity_released,319.5,287.1199999999999,258.1399999999999,89.8654147104851,80.79499217527383,-28.979999999999997,"batch_2_wagons[W10958,W6277]"
7245.5,2025-12-06T00:45:30+00:00,parking10,capacity_reserved,450.0,0.0,67.22,0.0,14.937777777777777,67.22,"batch_4_wagons[W8705,W9981,W6246,W5947]"
7317.5,2025-12-06T01:57:30+00:00,retrofitted,capacity_reserved,264.0,57.02000000000005,85.46000000000005,21.59848484848487,32.37121212121214,28.439999999999998,"batch_2_wagons[W10957,W6303]"
7322.5,2025-12-06T02:02:30+00:00,retrofit,capacity_released,319.5,258.1399999999999,232.13999999999987,80.79499217527383,72.65727699530512,-26.0,"batch_2_wagons[W10928,W7175]"
7334.5,2025-12-06T02:14:30+00:00,retrofitted,capacity_reserved,264.0,85.46000000000005,114.44000000000005,32.37121212121214,43.34848484848487,28.979999999999997,"batch_2_wagons[W10958,W6277]"
7339.5,2025-12-06T02:19:30+00:00,retrofit,capacity_released,319.5,232.13999999999987,206.33999999999986,72.65727699530512,64.58215962441311,-25.8,"batch_2_wagons[W7265,W11947]"
7360.25,2025-12-06T02:40:15+00:00,collection1,capacity_reserved,375.0,364.1080000000001,374.70800000000014,97.0954666666667,99.92213333333338,10.6,batch_1_wagons[W0881]
7368.0,2025-12-06T02:48:00+00:00,collection2,capacity_released,375.0,361.09400000000005,249.53000000000006,96.29173333333335,66.54133333333336,-111.564,"batch_6_wagons[W9440,W9489,W2712,W2050,W2386,W10254]"
7368.0,2025-12-06T02:48:00+00:00,retrofit,capacity_reserved,319.5,206.33999999999986,317.9039999999999,64.58215962441311,99.50046948356804,111.564,"batch_6_wagons[W9440,W9489,W2712,W2050,W2386,W10254]"
7373.0,2025-12-06T02:53:00+00:00,retrofitted,capacity_released,264.0,114.44000000000005,57.42000000000006,43.34848484848487,21.75000000000002,-57.019999999999996,"batch_4_wagons[W5711,W5127,W6884,W11596]"
7375.25,2025-12-06T02:55:15+00:00,collection2,capacity_reserved,375.0,249.53000000000006,263.75000000000006,66.54133333333336,70.33333333333334,14.22,batch_1_wagons[W0282]
7375.25,2025-12-06T02:55:15+00:00,collection2,capacity_reserved,375.0,263.75000000000006,287.65000000000003,70.33333333333334,76.70666666666668,23.9,batch_1_wagons[W2701]
7454.5,2025-12-06T04:14:30+00:00,parking14,capacity_reserved,555.0,107.38999999999999,164.40999999999997,19.349549549549547,29.623423423423418,57.019999999999996,"batch_4_wagons[W5711,W5127,W6884,W11596]"
7522.5,2025-12-06T05:22:30+00:00,collection1,capacity_released,375.0,374.70800000000014,358.96800000000013,99.92213333333338,95.72480000000003,-15.74,batch_1_wagons[W6592]
7522.5,2025-12-06T05:22:30+00:00,retrofit,capacity_reserve_blocked,319.5,317.9039999999999,317.9039999999999,99.50046948356804,99.50046948356804,15.74,batch_1_wagons_WAITING[W6592]
7526.5,2025-12-06T05:26:30+00:00,retrofitted,capacity_reserved,264.0,57.42000000000006,83.42000000000006,21.75000000000002,31.59848484848487,26.0,"batch_2_wagons[W10928,W7175]"
7531.5,2025-12-06T05:31:30+00:00,retrofit,capacity_released,319.5,317.9039999999999,308.35399999999987,99.50046948356804,96.51142410015645,-25.29,"batch_2_wagons[W11959,W10886]"
7531.5,2025-12-06T05:31:30+00:00,retrofit,capacity_reserved,319.5,292.61399999999986,308.35399999999987,91.58497652582155,96.51142410015645,15.74,batch_1_wagons[W6592]
7534.5,2025-12-06T05:34:30+00:00,retrofitted,capacity_reserved,264.0,83.42000000000006,109.22000000000006,31.59848484848487,41.37121212121214,25.8,"batch_2_wagons[W7265,W11947]"
7536.5,2025-12-06T05:36:30+00:00,retrofitted,capacity_released,264.0,109.22000000000006,51.800000000000054,41.37121212121214,19.621212121212142,-57.42,"batch_4_wagons[W10957,W6303,W10958,W6277]"
7539.5,2025-12-06T05:39:30+00:00,retrofit,capacity_released,319.5,308.35399999999987,276.7739999999999,96.51142410015645,86.62723004694833,-31.58,"batch_2_wagons[W10522,W6231]"
7618.0,2025-12-06T06:58:00+00:00,parking15,capacity_reserved,555.0,108.53999999999999,165.95999999999998,19.556756756756755,29.902702702702697,57.42,"batch_4_wagons[W10957,W6303,W10958,W6277]"
7690.0,2025-12-06T08:10:00+00:00,retrofitted,capacity_reserved,264.0,51.800000000000054,77.09000000000006,19.621212121212142,29.200757575757596,25.29,"batch_2_wagons[W11959,W10886]"
7695.0,2025-12-06T08:15:00+00:00,retrofit,capacity_released,319.5,276.7739999999999,227.18399999999988,86.62723004694833,71.10610328638494,-49.59,"batch_2_wagons[W11482,W8671]"
7707.0,2025-12-06T08:27:00+00:00,retrofitted,capacity_reserved,264.0,77.09000000000006,108.67000000000006,29.200757575757596,41.16287878787881,31.58,"batch_2_wagons[W10522,W6231]"
7712.0,2025-12-06T08:32:00+00:00,retrofit,capacity_released,319.5,227.18399999999988,198.04399999999987,71.10610328638494,61.98560250391232,-29.14,"batch_2_wagons[W11252,W5452]"
7762.5,2025-12-06T09:22:30+00:00,collection2,capacity_released,375.0,287.65000000000003,176.85000000000002,76.70666666666668,47.16000000000001,-110.8,"batch_6_wagons[W12057,W2136,W5282,W9940,W9081,W2652]"
7762.5,2025-12-06T09:22:30+00:00,retrofit,capacity_reserved,319.5,198.04399999999987,308.8439999999999,61.98560250391232,96.66478873239433,110.8,"batch_6_wagons[W12057,W2136,W5282,W9940,W9081,W2652]"
7767.5,2025-12-06T09:27:30+00:00,retrofitted,capacity_released,264.0,108.67000000000006,56.87000000000006,41.16287878787881,21.54166666666669,-51.8,"batch_4_wagons[W10928,W7175,W7265,W11947]"
7849.0,2025-12-06T10:49:00+00:00,parking13,capacity_reserved,555.0,116.75,168.55,21.036036036036034,30.36936936936937,51.8,"batch_4_wagons[W10928,W7175,W7265,W11947]"
7881.5,2025-12-06T11:21:30+00:00,collection2,capacity_reserved,375.0,176.85000000000002,200.71000000000004,47.16000000000001,53.52266666666667,23.86,batch_1_wagons[W8570]
7881.5,2025-12-06T11:21:30+00:00,collection1,capacity_reserved,375.0,358.96800000000013,373.3680000000001,95.72480000000003,99.56480000000003,14.4,batch_1_wagons[W9355]
7881.5,2025-12-06T11:21:30+00:00,collection2,capacity_reserved,375.0,200.71000000000004,224.57000000000005,53.52266666666667,59.88533333333335,23.86,batch_1_wagons[W8578]
7881.5,2025-12-06T11:21:30+00:00,collection2,capacity_reserved,375.0,224.57000000000005,251.57000000000005,59.88533333333335,67.08533333333334,27.0,batch_1_wagons[W0948]
7881.5,2025-12-06T11:21:30+00:00,collection2,capacity_reserved,375.0,251.57000000000005,267.37000000000006,67.08533333333334,71.29866666666669,15.8,batch_1_wagons[W9358]
7895.0,2025-12-06T11:35:00+00:00,collection1,capacity_released,375.0,373.3680000000001,339.1680000000001,99.56480000000003,90.44480000000004,-34.2,batch_1_wagons[W8383]
7895.0,2025-12-06T11:35:00+00:00,retrofit,capacity_reserve_blocked,319.5,308.8439999999999,308.8439999999999,96.66478873239433,96.66478873239433,34.2,batch_1_wagons_WAITING[W8383]
7907.0,2025-12-06T11:47:00+00:00,retrofitted,capacity_reserved,264.0,56.87000000000006,106.46000000000006,21.54166666666669,40.3257575757576,49.59,"batch_2_wagons[W11482,W8671]"
7912.0,2025-12-06T11:52:00+00:00,retrofit,capacity_released,319.5,308.8439999999999,316.50399999999985,96.66478873239433,99.06228482003125,-26.54,"batch_2_wagons[W6800,W10081]"
7912.0,2025-12-06T11:52:00+00:00,retrofit,capacity_reserved,319.5,282.30399999999986,316.50399999999985,88.35805946791858,99.06228482003125,34.2,batch_1_wagons[W8383]
7917.0,2025-12-06T11:57:00+00:00,retrofitted,capacity_released,264.0,106.46000000000006,7.105427357601002e-14,40.3257575757576,2.6914497566670463e-14,-106.46,"batch_6_wagons[W11959,W10886,W10522,W6231,W11482,W8671]"
7921.0,2025-12-06T12:01:00+00:00,retrofitted,capacity_reserved,264.0,7.105427357601002e-14,29.14000000000007,2.6914497566670463e-14,11.037878787878814,29.14,"batch_2_wagons[W11252,W5452]"
7926.0,2025-12-06T12:06:00+00:00,collection1,capacity_reserved,375.0,339.1680000000001,367.6880000000001,90.44480000000004,98.05013333333335,28.52,batch_1_wagons[W0680]
7926.0,2025-12-06T12:06:00+00:00,collection2,capacity_reserved,375.0,267.37000000000006,301.4000000000001,71.29866666666669,80.37333333333335,34.03,batch_1_wagons[W11195]
7926.0,2025-12-06T12:06:00+00:00,retrofit,capacity_released,319.5,316.50399999999985,272.30399999999986,99.06228482003125,85.22816901408447,-44.2,"batch_2_wagons[W8380,W0032]"
7927.75,2025-12-06T12:07:45+00:00,collection2,capacity_reserved,375.0,301.4000000000001,315.2600000000001,80.37333333333335,84.06933333333336,13.86,batch_1_wagons[W0367]
7927.75,2025-12-06T12:07:45+00:00,collection2,capacity_reserved,375.0,315.2600000000001,329.4900000000001,84.06933333333336,87.86400000000003,14.23,batch_1_wagons[W0411]
7927.75,2025-12-06T12:07:45+00:00,collection2,capacity_reserved,375.0,329.4900000000001,349.3900000000001,87.86400000000003,93.17066666666669,19.9,batch_1_wagons[W4337]
7927.75,2025-12-06T12:07:45+00:00,collection2,capacity_reserved,375.0,349.3900000000001,366.5700000000001,93.17066666666669,97.75200000000002,17.18,batch_1_wagons[W2166]
8046.5,2025-12-06T14:06:30+00:00,parking16,capacity_reserved,1875.0,1438.8099999999997,1545.2699999999998,76.73653333333333,82.41439999999999,106.46,"batch_6_wagons[W11959,W10886,W10522,W6231,W11482,W8671]"
8118.5,2025-12-06T15:18:30+00:00,retrofitted,capacity_reserved,264.0,29.14000000000007,55.68000000000007,11.037878787878814,21.09090909090912,26.54,"batch_2_wagons[W6800,W10081]"
8123.5,2025-12-06T15:23:30+00:00,retrofit,capacity_released,319.5,272.30399999999986,239.50399999999985,85.22816901408447,74.96212832550856,-32.8,"batch_2_wagons[W9440,W9489]"
8135.5,2025-12-06T15:35:30+00:00,retrofitted,capacity_reserved,264.0,55.68000000000007,99.88000000000008,21.09090909090912,37.833333333333364,44.2,"batch_2_wagons[W8380,W0032]"
8140.5,2025-12-06T15:40:30+00:00,retrofit,capacity_released,319.5,239.50399999999985,199.80399999999986,74.96212832550856,62.53646322378712,-39.7,"batch_2_wagons[W2712,W2050]"
8149.0,2025-12-06T15:49:00+00:00,collection2,capacity_released,375.0,366.5700000000001,258.2800000000001,97.75200000000002,68.8746666666667,-108.28999999999999,"batch_5_wagons[W12385,W11539,W4532,W8676,W4478]"
8149.0,2025-12-06T15:49:00+00:00,retrofit,capacity_reserved,319.5,199.80399999999986,308.0939999999998,62.53646322378712,96.43004694835675,108.28999999999999,"batch_5_wagons[W12385,W11539,W4532,W8676,W4478]"
8171.5,2025-12-06T16:11:30+00:00,retrofitted,capacity_released,264.0,99.88000000000008,70.74000000000008,37.833333333333364,26.79545454545458,-29.14,"batch_2_wagons[W11252,W5452]"
8180.0,2025-12-06T16:20:00+00:00,parking1,capacity_reserved,555.0,123.46,152.6,22.245045045045046,27.495495495495494,29.14,"batch_2_wagons[W11252,W5452]"
8246.5,2025-12-06T17:26:30+00:00,collection2,capacity_reserved,375.0,258.2800000000001,278.18000000000006,68.8746666666667,74.18133333333336,19.9,batch_1_wagons[W4457]
8246.5,2025-12-06T17:26:30+00:00,collection2,capacity_reserved,375.0,278.18000000000006,292.4700000000001,74.18133333333336,77.99200000000003,14.29,batch_1_wagons[W5612]
8246.5,2025-12-06T17:26:30+00:00,collection2,capacity_reserved,375.0,292.4700000000001,319.4700000000001,77.99200000000003,85.19200000000002,27.0,batch_1_wagons[W0928]
8246.5,2025-12-06T17:26:30+00:00,collection2,capacity_reserved,375.0,319.4700000000001,342.7100000000001,85.19200000000002,91.38933333333335,23.24,batch_1_wagons[W12177]
8246.5,2025-12-06T17:26:30+00:00,collection2,capacity_reserved,375.0,342.7100000000001,369.7100000000001,91.38933333333335,98.58933333333336,27.0,batch_1_wagons[W0888]
8306.0,2025-12-06T18:26:00+00:00,collection1,capacity_released,375.0,367.6880000000001,333.4880000000001,98.05013333333335,88.93013333333336,-34.2,batch_1_wagons[W8381]
8306.0,2025-12-06T18:26:00+00:00,retrofit,capacity_reserve_blocked,319.5,308.0939999999998,308.0939999999998,96.43004694835675,96.43004694835675,34.2,batch_1_wagons_WAITING[W8381]
8318.0,2025-12-06T18:38:00+00:00,retrofitted,capacity_reserved,264.0,70.74000000000008,103.54000000000008,26.79545454545458,39.219696969697,32.8,"batch_2_wagons[W9440,W9489]"
8323.0,2025-12-06T18:43:00+00:00,retrofit,capacity_released,319.5,308.0939999999998,303.2299999999998,96.43004694835675,94.90766823161184,-39.064,"batch_2_wagons[W2386,W10254]"
8323.0,2025-12-06T18:43:00+00:00,retrofit,capacity_reserved,319.5,269.0299999999998,303.2299999999998,84.20344287949916,94.90766823161184,34.2,batch_1_wagons[W8381]
8329.0,2025-12-06T18:49:00+00:00,collection1,capacity_reserved,375.0,333.4880000000001,348.7280000000001,88.93013333333336,92.99413333333337,15.24,batch_1_wagons[W11050]
8329.0,2025-12-06T18:49:00+00:00,collection1,capacity_reserved,375.0,348.7280000000001,369.4880000000001,92.99413333333337,98.53013333333335,20.76,batch_1_wagons[W12319]
8335.0,2025-12-06T18:55:00+00:00,retrofitted,capacity_reserved,264.0,103.54000000000008,143.24000000000007,39.219696969697,54.25757575757578,39.7,"batch_2_wagons[W2712,W2050]"
8340.0,2025-12-06T19:00:00+00:00,retrofit,capacity_released,319.5,303.2299999999998,264.2499999999998,94.90766823161184,82.70735524256644,-38.98,"batch_2_wagons[W6592,W12057]"
8348.0,2025-12-06T19:08:00+00:00,collection2,capacity_released,375.0,369.7100000000001,325.05000000000007,98.58933333333336,86.68000000000002,-44.66,"batch_3_wagons[W5845,W5248,W0282]"
8348.0,2025-12-06T19:08:00+00:00,retrofit,capacity_reserved,319.5,264.2499999999998,308.90999999999974,82.70735524256644,96.68544600938958,44.66,"batch_3_wagons[W5845,W5248,W0282]"
8371.0,2025-12-06T19:31:00+00:00,retrofitted,capacity_released,264.0,143.24000000000007,72.50000000000006,54.25757575757578,27.462121212121232,-70.74000000000001,"batch_4_wagons[W6800,W10081,W8380,W0032]"
8382.5,2025-12-06T19:42:30+00:00,parking1,capacity_reserved,555.0,152.6,223.34,27.495495495495494,40.241441441441445,70.74000000000001,"batch_4_wagons[W6800,W10081,W8380,W0032]"
8425.5,2025-12-06T20:25:30+00:00,collection2,capacity_reserved,375.0,325.05000000000007,339.3400000000001,86.68000000000002,90.49066666666668,14.29,batch_1_wagons[W5821]
8425.5,2025-12-06T20:25:30+00:00,collection2,capacity_reserved,375.0,339.3400000000001,353.3800000000001,90.49066666666668,94.2346666666667,14.04,batch_1_wagons[W6008]
8456.5,2025-12-06T20:56:30+00:00,collection2,capacity_reserved,375.0,353.3800000000001,367.60000000000014,94.2346666666667,98.0266666666667,14.22,batch_1_wagons[W0293]
8505.0,2025-12-06T21:45:00+00:00,collection1,capacity_released,375.0,369.4880000000001,351.4880000000001,98.53013333333335,93.73013333333337,-18.0,batch_1_wagons[W9067]
8505.0,2025-12-06T21:45:00+00:00,retrofit,capacity_reserve_blocked,319.5,308.90999999999974,308.90999999999974,96.68544600938958,96.68544600938958,18.0,batch_1_wagons_WAITING[W9067]
8517.0,2025-12-06T21:57:00+00:00,retrofitted,capacity_reserved,264.0,72.50000000000006,111.56400000000005,27.462121212121232,42.25909090909093,39.064,"batch_2_wagons[W2386,W10254]"
8522.0,2025-12-06T22:02:00+00:00,retrofit,capacity_released,319.5,308.90999999999974,293.32999999999976,96.68544600938958,91.80907668231603,-33.58,"batch_2_wagons[W2136,W5282]"
8522.0,2025-12-06T22:02:00+00:00,retrofit,capacity_reserved,319.5,275.32999999999976,293.32999999999976,86.17527386541464,91.80907668231603,18.0,batch_1_wagons[W9067]
8534.0,2025-12-06T22:14:00+00:00,retrofitted,capacity_reserved,264.0,111.56400000000005,150.54400000000004,42.25909090909093,57.024242424242445,38.98,"batch_2_wagons[W6592,W12057]"
8534.5,2025-12-06T22:14:30+00:00,collection2,capacity_released,375.0,367.60000000000014,343.70000000000016,98.0266666666667,91.65333333333338,-23.9,batch_1_wagons[W2701]
8534.5,2025-12-06T22:14:30+00:00,retrofit,capacity_reserved,319.5,293.32999999999976,317.22999999999973,91.80907668231603,99.28951486697957,23.9,batch_1_wagons[W2701]
8539.0,2025-12-06T22:19:00+00:00,retrofit,capacity_released,319.5,317.22999999999973,282.28999999999974,99.28951486697957,88.35367762128318,-34.94,"batch_2_wagons[W9940,W9081]"
8544.0,2025-12-06T22:24:00+00:00,retrofitted,capacity_released,264.0,150.54400000000004,78.04400000000004,57.024242424242445,29.562121212121227,-72.5,"batch_4_wagons[W9440,W9489,W2712,W2050]"
8572.75,2025-12-06T22:52:45+00:00,collection1,capacity_reserved,375.0,351.4880000000001,367.2280000000001,93.73013333333337,97.9274666666667,15.74,batch_1_wagons[W6704]
8572.75,2025-12-06T22:52:45+00:00,collection2,capacity_reserved,375.0,343.70000000000016,359.20000000000016,91.65333333333338,95.7866666666667,15.5,batch_1_wagons[W0167]
8625.5,2025-12-06T23:45:30+00:00,parking14,capacity_reserved,555.0,164.40999999999997,236.90999999999997,29.623423423423418,42.68648648648648,72.5,"batch_4_wagons[W9440,W9489,W2712,W2050]"
8635.25,2025-12-06T23:55:15+00:00,collection2,capacity_reserved,375.0,359.20000000000016,374.70000000000016,95.7866666666667,99.92000000000004,15.5,batch_1_wagons[W0128]
8697.5,2025-12-07T00:57:30+00:00,retrofitted,capacity_reserved,264.0,78.04400000000004,111.62400000000004,29.562121212121227,42.281818181818196,33.58,"batch_2_wagons[W2136,W5282]"
8702.5,2025-12-07T01:02:30+00:00,retrofit,capacity_released,319.5,282.28999999999974,229.04999999999973,88.35367762128318,71.69014084507033,-53.24,"batch_2_wagons[W2652,W8383]"
8714.5,2025-12-07T01:14:30+00:00,retrofitted,capacity_reserved,264.0,111.62400000000004,146.56400000000002,42.281818181818196,55.51666666666667,34.94,"batch_2_wagons[W9940,W9081]"
8717.5,2025-12-07T01:17:30+00:00,collection1,capacity_released,375.0,367.2280000000001,284.88800000000015,97.9274666666667,75.97013333333337,-82.34,"batch_4_wagons[W0677,W6634,W7316,W9534]"
8717.5,2025-12-07T01:17:30+00:00,retrofit,capacity_reserved,319.5,229.04999999999973,311.38999999999976,71.69014084507033,97.46165884194046,82.34,"batch_4_wagons[W0677,W6634,W7316,W9534]"
8719.5,2025-12-07T01:19:30+00:00,retrofit,capacity_released,319.5,311.38999999999976,266.13999999999976,97.46165884194046,83.29890453834108,-45.25,"batch_2_wagons[W12385,W11539]"
8724.5,2025-12-07T01:24:30+00:00,retrofitted,capacity_released,264.0,146.56400000000002,68.52000000000002,55.51666666666667,25.954545454545464,-78.044,"batch_4_wagons[W2386,W10254,W6592,W12057]"
8806.0,2025-12-07T02:46:00+00:00,parking15,capacity_reserved,555.0,165.95999999999998,244.00399999999996,29.902702702702697,43.96468468468468,78.044,"batch_4_wagons[W2386,W10254,W6592,W12057]"
8878.0,2025-12-07T03:58:00+00:00,retrofitted,capacity_reserved,264.0,68.52000000000002,121.76000000000002,25.954545454545464,46.12121212121213,53.24,"batch_2_wagons[W2652,W8383]"
8883.0,2025-12-07T04:03:00+00:00,retrofit,capacity_released,319.5,266.13999999999976,222.99999999999977,83.29890453834108,69.79655712050071,-43.14,"batch_2_wagons[W4532,W8676]"
8895.0,2025-12-07T04:15:00+00:00,retrofitted,capacity_reserved,264.0,121.76000000000002,167.01000000000002,46.12121212121213,63.26136363636364,45.25,"batch_2_wagons[W12385,W11539]"
8900.0,2025-12-07T04:20:00+00:00,retrofit,capacity_released,319.5,222.99999999999977,168.89999999999978,69.79655712050071,52.863849765258145,-54.1,"batch_2_wagons[W4478,W8381]"
8900.5,2025-12-07T04:20:30+00:00,collection2,capacity_released,375.0,374.70000000000016,236.29000000000016,99.92000000000004,63.010666666666715,-138.41,"batch_6_wagons[W8570,W8578,W0948,W9358,W11195,W0367]"
8900.5,2025-12-07T04:20:30+00:00,retrofit,capacity_reserved,319.5,168.89999999999978,307.3099999999998,52.863849765258145,96.18466353677614,138.41,"batch_6_wagons[W8570,W8578,W0948,W9358,W11195,W0367]"
8931.0,2025-12-07T04:51:00+00:00,retrofitted,capacity_released,264.0,167.01000000000002,98.49000000000002,63.26136363636364,37.306818181818194,-68.52,"batch_4_wagons[W2136,W5282,W9940,W9081]"
9012.5,2025-12-07T06:12:30+00:00,parking13,capacity_reserved,555.0,168.55,237.07,30.36936936936937,42.715315315315316,68.52,"batch_4_wagons[W2136,W5282,W9940,W9081]"
9081.5,2025-12-07T07:21:30+00:00,collection1,capacity_released,375.0,284.88800000000015,272.33800000000014,75.97013333333337,72.6234666666667,-12.55,batch_1_wagons[W11953]
9081.5,2025-12-07T07:21:30+00:00,retrofit,capacity_reserve_blocked,319.5,307.3099999999998,307.3099999999998,96.18466353677614,96.18466353677614,12.55,batch_1_wagons_WAITING[W11953]
9084.25,2025-12-07T07:24:15+00:00,collection1,capacity_reserved,375.0,272.33800000000014,290.33800000000014,72.6234666666667,77.42346666666671,18.0,batch_1_wagons[W10772]
9084.25,2025-12-07T07:24:15+00:00,collection1,capacity_reserved,375.0,290.33800000000014,306.7380000000001,77.42346666666671,81.79680000000002,16.4,batch_1_wagons[W5316]
9084.25,2025-12-07T07:24:15+00:00,collection1,capacity_reserved,375.0,306.7380000000001,324.9380000000001,81.79680000000002,86.65013333333336,18.2,batch_1_wagons[W9043]
9084.25,2025-12-07T07:24:15+00:00,collection1,capacity_reserved,375.0,324.9380000000001,342.1180000000001,86.65013333333336,91.23146666666669,17.18,batch_1_wagons[W2149]
9084.25,2025-12-07T07:24:15+00:00,collection1,capacity_reserved,375.0,342.1180000000001,358.5180000000001,91.23146666666669,95.60480000000003,16.4,batch_1_wagons[W5380]
9084.25,2025-12-07T07:24:15+00:00,collection1,capacity_reserved,375.0,358.5180000000001,368.9480000000001,95.60480000000003,98.38613333333336,10.43,batch_1_wagons[W0875]
9084.25,2025-12-07T07:24:15+00:00,collection2,capacity_reserved,375.0,236.29000000000016,250.58000000000015,63.010666666666715,66.82133333333337,14.29,batch_1_wagons[W5989]
9084.25,2025-12-07T07:24:15+00:00,collection2,capacity_reserved,375.0,250.58000000000015,266.98000000000013,66.82133333333337,71.1946666666667,16.4,batch_1_wagons[W5415]
9084.25,2025-12-07T07:24:15+00:00,collection2,capacity_reserved,375.0,266.98000000000013,290.22000000000014,71.1946666666667,77.39200000000004,23.24,batch_1_wagons[W12031]
9084.5,2025-12-07T07:24:30+00:00,retrofitted,capacity_reserved,264.0,98.49000000000002,141.63000000000002,37.306818181818194,53.64772727272729,43.14,"batch_2_wagons[W4532,W8676]"
9089.5,2025-12-07T07:29:30+00:00,retrofit,capacity_released,319.5,307.3099999999998,289.4199999999998,96.18466353677614,90.58528951486691,-30.439999999999998,"batch_2_wagons[W5845,W5248]"
9089.5,2025-12-07T07:29:30+00:00,retrofit,capacity_reserved,319.5,276.8699999999998,289.4199999999998,86.6572769953051,90.58528951486691,12.55,batch_1_wagons[W11953]
9093.5,2025-12-07T07:33:30+00:00,retrofitted,capacity_reserved,264.0,141.63000000000002,195.73000000000002,53.64772727272729,74.14015151515152,54.1,"batch_2_wagons[W4478,W8381]"
9094.5,2025-12-07T07:34:30+00:00,retrofitted,capacity_released,264.0,195.73000000000002,97.24000000000001,74.14015151515152,36.833333333333336,-98.49000000000001,"batch_4_wagons[W2652,W8383,W12385,W11539]"
9098.5,2025-12-07T07:38:30+00:00,retrofit,capacity_released,319.5,289.4199999999998,257.1999999999998,90.58528951486691,80.5007824726134,-32.22,"batch_2_wagons[W0282,W9067]"
9161.0,2025-12-07T08:41:00+00:00,parking10,capacity_reserved,450.0,67.22,165.71,14.937777777777777,36.824444444444445,98.49000000000001,"batch_4_wagons[W2652,W8383,W12385,W11539]"
9185.25,2025-12-07T09:05:15+00:00,collection2,capacity_reserved,375.0,290.22000000000014,313.46000000000015,77.39200000000004,83.58933333333337,23.24,batch_1_wagons[W8714]
9185.25,2025-12-07T09:05:15+00:00,collection2,capacity_reserved,375.0,313.46000000000015,335.83000000000015,83.58933333333337,89.5546666666667,22.37,batch_1_wagons[W7877]
9185.25,2025-12-07T09:05:15+00:00,collection2,capacity_reserved,375.0,335.83000000000015,352.23000000000013,89.5546666666667,93.92800000000004,16.4,batch_1_wagons[W5280]
9185.25,2025-12-07T09:05:15+00:00,collection2,capacity_reserved,375.0,352.23000000000013,374.60000000000014,93.92800000000004,99.89333333333337,22.37,batch_1_wagons[W7897]
9233.0,2025-12-07T09:53:00+00:00,retrofitted,capacity_reserved,264.0,97.24000000000001,127.68,36.833333333333336,48.36363636363637,30.439999999999998,"batch_2_wagons[W5845,W5248]"
9238.0,2025-12-07T09:58:00+00:00,retrofit,capacity_released,319.5,257.1999999999998,204.7799999999998,80.5007824726134,64.09389671361497,-52.42,"batch_2_wagons[W2701,W0677]"
9250.0,2025-12-07T10:10:00+00:00,retrofitted,capacity_reserved,264.0,127.68,159.9,48.36363636363637,60.56818181818182,32.22,"batch_2_wagons[W0282,W9067]"
9255.0,2025-12-07T10:15:00+00:00,retrofit,capacity_released,319.5,204.7799999999998,169.9999999999998,64.09389671361497,53.2081377151799,-34.78,"batch_2_wagons[W6634,W7316]"
9312.0,2025-12-07T11:12:00+00:00,retrofitted,capacity_released,264.0,159.9,62.66000000000001,60.56818181818182,23.734848484848488,-97.24,"batch_4_wagons[W4532,W8676,W4478,W8381]"
9321.5,2025-12-07T11:21:30+00:00,collection2,capacity_released,375.0,374.60000000000014,238.86000000000013,99.89333333333337,63.69600000000003,-135.74,"batch_7_wagons[W0411,W4337,W2166,W4457,W5612,W0928,W12177]"
9321.5,2025-12-07T11:21:30+00:00,retrofit,capacity_reserved,319.5,169.9999999999998,305.7399999999998,53.2081377151799,95.69327073552418,135.74,"batch_7_wagons[W0411,W4337,W2166,W4457,W5612,W0928,W12177]"
9337.25,2025-12-07T11:37:15+00:00,collection2,capacity_reserved,375.0,238.86000000000013,258.7600000000001,63.69600000000003,69.00266666666668,19.9,batch_1_wagons[W10441]
9337.25,2025-12-07T11:37:15+00:00,collection2,capacity_reserved,375.0,258.7600000000001,278.6600000000001,69.00266666666668,74.30933333333336,19.9,batch_1_wagons[W10435]
9378.5,2025-12-07T12:18:30+00:00,parking12,capacity_reserved,555.0,218.808,316.048,39.42486486486486,56.94558558558559,97.24,"batch_4_wagons[W4532,W8676,W4478,W8381]"
9400.75,2025-12-07T12:40:45+00:00,collection2,capacity_reserved,375.0,278.6600000000001,298.56000000000006,74.30933333333336,79.61600000000001,19.9,batch_1_wagons[W1122]
9400.75,2025-12-07T12:40:45+00:00,collection2,capacity_reserved,375.0,298.56000000000006,318.46000000000004,79.61600000000001,84.92266666666669,19.9,batch_1_wagons[W1120]
9444.25,2025-12-07T13:24:15+00:00,collection2,capacity_reserved,375.0,318.46000000000004,344.81000000000006,84.92266666666669,91.94933333333336,26.35,batch_1_wagons[W11518]
9444.25,2025-12-07T13:24:15+00:00,collection2,capacity_reserved,375.0,344.81000000000006,362.81000000000006,91.94933333333336,96.74933333333335,18.0,batch_1_wagons[W9071]
9450.5,2025-12-07T13:30:30+00:00,retrofitted,capacity_reserved,264.0,62.66000000000001,115.08000000000001,23.734848484848488,43.59090909090909,52.42,"batch_2_wagons[W2701,W0677]"
9452.5,2025-12-07T13:32:30+00:00,collection1,capacity_released,375.0,368.9480000000001,355.2480000000001,98.38613333333336,94.73280000000003,-13.7,batch_1_wagons[W9237]
9452.5,2025-12-07T13:32:30+00:00,retrofit,capacity_reserved,319.5,305.7399999999998,319.43999999999977,95.69327073552418,99.98122065727692,13.7,batch_1_wagons[W9237]
9455.5,2025-12-07T13:35:30+00:00,retrofit,capacity_released,319.5,319.43999999999977,276.5399999999998,99.98122065727692,86.55399061032857,-42.9,"batch_2_wagons[W9534,W8570]"
9460.5,2025-12-07T13:40:30+00:00,retrofitted,capacity_released,264.0,115.08000000000001,52.420000000000016,43.59090909090909,19.856060606060613,-62.66,"batch_4_wagons[W5845,W5248,W0282,W9067]"
9464.5,2025-12-07T13:44:30+00:00,retrofitted,capacity_reserved,264.0,52.420000000000016,87.20000000000002,19.856060606060613,33.03030303030304,34.78,"batch_2_wagons[W6634,W7316]"
9469.5,2025-12-07T13:49:30+00:00,retrofit,capacity_released,319.5,276.5399999999998,225.67999999999978,86.55399061032857,70.63536776212825,-50.86,"batch_2_wagons[W8578,W0948]"
9472.0,2025-12-07T13:52:00+00:00,parking1,capacity_reserved,555.0,223.34,286.0,40.241441441441445,51.53153153153153,62.66,"batch_4_wagons[W5845,W5248,W0282,W9067]"
9500.5,2025-12-07T14:20:30+00:00,retrofitted,capacity_released,264.0,87.20000000000002,1.4210854715202004e-14,33.03030303030304,5.382899513334092e-15,-87.2,"batch_4_wagons[W2701,W0677,W6634,W7316]"
9627.0,2025-12-07T16:27:00+00:00,parking16,capacity_reserved,1875.0,1545.2699999999998,1632.4699999999998,82.41439999999999,87.06506666666665,87.2,"batch_4_wagons[W2701,W0677,W6634,W7316]"
9682.0,2025-12-07T17:22:00+00:00,collection2,capacity_released,375.0,362.81000000000006,277.76000000000005,96.74933333333335,74.06933333333335,-85.05,"batch_5_wagons[W0888,W5821,W6008,W0293,W0167]"
9682.0,2025-12-07T17:22:00+00:00,retrofit,capacity_reserved,319.5,225.67999999999978,310.7299999999998,70.63536776212825,97.25508607198742,85.05,"batch_5_wagons[W0888,W5821,W6008,W0293,W0167]"
9684.0,2025-12-07T17:24:00+00:00,collection2,capacity_reserved,375.0,277.76000000000005,297.66,74.06933333333335,79.376,19.9,batch_1_wagons[W4506]
9684.0,2025-12-07T17:24:00+00:00,collection2,capacity_reserved,375.0,297.66,320.86,79.376,85.56266666666667,23.2,batch_1_wagons[W1439]
9694.0,2025-12-07T17:34:00+00:00,retrofitted,capacity_reserved,264.0,1.4210854715202004e-14,42.90000000000001,5.382899513334092e-15,16.250000000000007,42.9,"batch_2_wagons[W9534,W8570]"
9699.0,2025-12-07T17:39:00+00:00,retrofitted,capacity_reserved,264.0,42.90000000000001,93.76000000000002,16.250000000000007,35.51515151515152,50.86,"batch_2_wagons[W8578,W0948]"
9699.0,2025-12-07T17:39:00+00:00,retrofit,capacity_released,319.5,310.7299999999998,260.8999999999998,97.25508607198742,81.65884194053203,-49.83,"batch_2_wagons[W9358,W11195]"
9704.0,2025-12-07T17:44:00+00:00,retrofitted,capacity_released,264.0,93.76000000000002,50.86000000000002,35.51515151515152,19.265151515151523,-42.9,"batch_2_wagons[W9534,W8570]"
9704.0,2025-12-07T17:44:00+00:00,retrofit,capacity_released,319.5,260.8999999999998,234.4899999999998,81.65884194053203,73.39280125195612,-26.41,"batch_2_wagons[W0367,W11953]"
9782.5,2025-12-07T19:02:30+00:00,parking14,capacity_reserved,555.0,236.90999999999997,279.80999999999995,42.68648648648648,50.416216216216206,42.9,"batch_2_wagons[W9534,W8570]"
9800.25,2025-12-07T19:20:15+00:00,collection1,capacity_reserved,375.0,355.2480000000001,369.6480000000001,94.73280000000003,98.57280000000003,14.4,batch_1_wagons[W9143]
9800.25,2025-12-07T19:20:15+00:00,collection2,capacity_reserved,375.0,320.86,333.6,85.56266666666667,88.96000000000001,12.74,batch_1_wagons[W10883]
9800.25,2025-12-07T19:20:15+00:00,collection2,capacity_reserved,375.0,333.6,346.34000000000003,88.96000000000001,92.35733333333334,12.74,batch_1_wagons[W10896]
9854.5,2025-12-07T20:14:30+00:00,retrofitted,capacity_reserved,264.0,50.86000000000002,100.69000000000003,19.265151515151523,38.14015151515153,49.83,"batch_2_wagons[W9358,W11195]"
9859.5,2025-12-07T20:19:30+00:00,retrofit,capacity_released,319.5,234.4899999999998,200.35999999999981,73.39280125195612,62.710485133020285,-34.129999999999995,"batch_2_wagons[W0411,W4337]"
9871.5,2025-12-07T20:31:30+00:00,retrofitted,capacity_reserved,264.0,100.69000000000003,127.10000000000002,38.14015151515153,48.1439393939394,26.41,"batch_2_wagons[W0367,W11953]"
9876.5,2025-12-07T20:36:30+00:00,retrofit,capacity_released,319.5,200.35999999999981,163.2799999999998,62.710485133020285,51.10485133020338,-37.08,"batch_2_wagons[W2166,W4457]"
9887.0,2025-12-07T20:47:00+00:00,collection1,capacity_released,375.0,369.6480000000001,216.2700000000001,98.57280000000003,57.672000000000025,-153.378,"batch_8_wagons[W2853,W2415,W2112,W7400,W0606,W10249,W10814,W4915]"
9887.0,2025-12-07T20:47:00+00:00,retrofit,capacity_reserved,319.5,163.2799999999998,316.6579999999998,51.10485133020338,99.11048513302028,153.378,"batch_8_wagons[W2853,W2415,W2112,W7400,W0606,W10249,W10814,W4915]"
9896.5,2025-12-07T20:56:30+00:00,collection1,capacity_reserved,375.0,216.2700000000001,239.1300000000001,57.672000000000025,63.76800000000002,22.86,batch_1_wagons[W10303]
9896.5,2025-12-07T20:56:30+00:00,collection1,capacity_reserved,375.0,239.1300000000001,255.53000000000011,63.76800000000002,68.14133333333336,16.4,batch_1_wagons[W5395]
9896.5,2025-12-07T20:56:30+00:00,collection1,capacity_reserved,375.0,255.53000000000011,278.73000000000013,68.14133333333336,74.32800000000003,23.2,batch_1_wagons[W2774]
9896.5,2025-12-07T20:56:30+00:00,collection1,capacity_reserved,375.0,278.73000000000013,301.99400000000014,74.32800000000003,80.53173333333336,23.264,batch_1_wagons[W10233]
9896.5,2025-12-07T20:56:30+00:00,collection1,capacity_reserved,375.0,301.99400000000014,325.25800000000015,80.53173333333336,86.73546666666671,23.264,batch_1_wagons[W2815]
9907.5,2025-12-07T21:07:30+00:00,retrofitted,capacity_released,264.0,127.10000000000002,76.24000000000002,48.1439393939394,28.878787878787886,-50.86,"batch_2_wagons[W8578,W0948]"
9986.0,2025-12-07T22:26:00+00:00,parking13,capacity_reserved,555.0,237.07,287.93,42.715315315315316,51.87927927927928,50.86,"batch_2_wagons[W8578,W0948]"
10041.5,2025-12-07T23:21:30+00:00,collection1,capacity_reserved,375.0,325.25800000000015,348.52200000000016,86.73546666666671,92.93920000000004,23.264,batch_1_wagons[W2846]
10041.5,2025-12-07T23:21:30+00:00,collection1,capacity_reserved,375.0,348.52200000000016,362.8120000000002,92.93920000000004,96.74986666666672,14.29,batch_1_wagons[W5760]
10041.5,2025-12-07T23:21:30+00:00,collection2,capacity_reserved,375.0,346.34000000000003,360.38000000000005,92.35733333333334,96.10133333333334,14.04,batch_1_wagons[W6421]
10041.5,2025-12-07T23:21:30+00:00,collection1,capacity_reserved,375.0,362.8120000000002,374.8520000000002,96.74986666666672,99.96053333333339,12.04,batch_1_wagons[W4802]
10058.0,2025-12-07T23:38:00+00:00,retrofitted,capacity_reserved,264.0,76.24000000000002,110.37000000000002,28.878787878787886,41.80681818181819,34.129999999999995,"batch_2_wagons[W0411,W4337]"
10063.0,2025-12-07T23:43:00+00:00,retrofit,capacity_released,319.5,316.6579999999998,275.36799999999977,99.11048513302028,86.18716744913921,-41.29,"batch_2_wagons[W5612,W0928]"
10073.25,2025-12-07T23:53:15+00:00,collection2,capacity_reserved,375.0,360.38000000000005,372.88000000000005,96.10133333333334,99.43466666666669,12.5,batch_1_wagons[W10100]
10075.0,2025-12-07T23:55:00+00:00,retrofitted,capacity_reserved,264.0,110.37000000000002,147.45000000000002,41.80681818181819,55.852272727272734,37.08,"batch_2_wagons[W2166,W4457]"
10076.0,2025-12-07T23:56:00+00:00,collection2,capacity_released,375.0,372.88000000000005,343.09000000000003,99.43466666666669,91.49066666666667,-29.79,"batch_2_wagons[W0128,W5989]"
10076.0,2025-12-07T23:56:00+00:00,retrofit,capacity_reserved,319.5,275.36799999999977,305.1579999999998,86.18716744913921,95.51111111111105,29.79,"batch_2_wagons[W0128,W5989]"
10080.0,2025-12-08T00:00:00+00:00,retrofit,capacity_released,319.5,305.1579999999998,268.2179999999998,95.51111111111105,83.94929577464782,-36.94,"batch_2_wagons[W12177,W9237]"
10085.0,2025-12-08T00:05:00+00:00,retrofitted,capacity_released,264.0,147.45000000000002,71.21000000000001,55.852272727272734,26.97348484848485,-76.24000000000001,"batch_4_wagons[W9358,W11195,W0367,W11953]"
10122.75,2025-12-08T00:42:45+00:00,collection2,capacity_reserved,375.0,343.09000000000003,360.27000000000004,91.49066666666667,96.07200000000002,17.18,batch_1_wagons[W2165]
10166.5,2025-12-08T01:26:30+00:00,parking15,capacity_reserved,555.0,244.00399999999996,320.24399999999997,43.96468468468468,57.70162162162161,76.24000000000001,"batch_4_wagons[W9358,W11195,W0367,W11953]"
10238.5,2025-12-08T02:38:30+00:00,retrofitted,capacity_reserved,264.0,71.21000000000001,112.5,26.97348484848485,42.61363636363637,41.29,"batch_2_wagons[W5612,W0928]"
10243.5,2025-12-08T02:43:30+00:00,retrofit,capacity_released,319.5,268.2179999999998,226.9279999999998,83.94929577464782,71.02597809076676,-41.29,"batch_2_wagons[W0888,W5821]"
10253.0,2025-12-08T02:53:00+00:00,collection2,capacity_reserved,375.0,360.27000000000004,374.31000000000006,96.07200000000002,99.81600000000002,14.04,batch_1_wagons[W6323]
10255.5,2025-12-08T02:55:30+00:00,retrofitted,capacity_reserved,264.0,112.5,149.44,42.61363636363637,56.6060606060606,36.94,"batch_2_wagons[W12177,W9237]"
10260.5,2025-12-08T03:00:30+00:00,retrofit,capacity_released,319.5,226.9279999999998,198.6679999999998,71.02597809076676,62.180907668231555,-28.259999999999998,"batch_2_wagons[W6008,W0293]"
10315.0,2025-12-08T03:55:00+00:00,collection1,capacity_released,375.0,374.8520000000002,269.5920000000002,99.96053333333339,71.89120000000005,-105.26,"batch_6_wagons[W0881,W9355,W0680,W11050,W12319,W6704]"
10315.0,2025-12-08T03:55:00+00:00,retrofit,capacity_reserved,319.5,198.6679999999998,303.9279999999998,62.180907668231555,95.12613458528946,105.26,"batch_6_wagons[W0881,W9355,W0680,W11050,W12319,W6704]"
10317.5,2025-12-08T03:57:30+00:00,retrofitted,capacity_released,264.0,149.44,78.23,56.6060606060606,29.632575757575758,-71.21,"batch_4_wagons[W0411,W4337,W2166,W4457]"
10329.0,2025-12-08T04:09:00+00:00,parking9,capacity_reserved,300.0,0.0,71.21,0.0,23.736666666666665,71.21,"batch_4_wagons[W0411,W4337,W2166,W4457]"
10420.25,2025-12-08T05:40:15+00:00,collection1,capacity_reserved,375.0,269.5920000000002,292.8560000000002,71.89120000000005,78.09493333333339,23.264,batch_1_wagons[W2910]
10420.25,2025-12-08T05:40:15+00:00,collection1,capacity_reserved,375.0,292.8560000000002,319.8560000000002,78.09493333333339,85.29493333333339,27.0,batch_1_wagons[W0681]
10420.25,2025-12-08T05:40:15+00:00,collection1,capacity_reserved,375.0,319.8560000000002,343.0560000000002,85.29493333333339,91.48160000000006,23.2,batch_1_wagons[W8552]
10423.5,2025-12-08T05:43:30+00:00,collection1,capacity_reserved,375.0,343.0560000000002,366.2960000000002,91.48160000000006,97.67893333333339,23.24,batch_1_wagons[W12221]
10454.0,2025-12-08T06:14:00+00:00,collection2,capacity_released,375.0,374.31000000000006,357.9100000000001,99.81600000000002,95.44266666666668,-16.4,batch_1_wagons[W5415]
10454.0,2025-12-08T06:14:00+00:00,retrofit,capacity_reserve_blocked,319.5,303.9279999999998,303.9279999999998,95.12613458528946,95.12613458528946,16.4,batch_1_wagons_WAITING[W5415]
10466.0,2025-12-08T06:26:00+00:00,retrofitted,capacity_reserved,264.0,78.23,119.52000000000001,29.632575757575758,45.27272727272727,41.29,"batch_2_wagons[W0888,W5821]"
10471.0,2025-12-08T06:31:00+00:00,retrofit,capacity_released,319.5,303.9279999999998,281.5639999999998,95.12613458528946,88.12644757433483,-38.763999999999996,"batch_2_wagons[W0167,W2853]"
10471.0,2025-12-08T06:31:00+00:00,retrofit,capacity_reserved,319.5,265.1639999999998,281.5639999999998,82.99342723004689,88.12644757433483,16.4,batch_1_wagons[W5415]
10483.0,2025-12-08T06:43:00+00:00,retrofitted,capacity_reserved,264.0,119.52000000000001,147.78,45.27272727272727,55.977272727272734,28.259999999999998,"batch_2_wagons[W6008,W0293]"
10488.0,2025-12-08T06:48:00+00:00,retrofit,capacity_released,319.5,281.5639999999998,249.76399999999978,88.12644757433483,78.17339593114234,-31.8,"batch_2_wagons[W2415,W2112]"
10505.0,2025-12-08T07:05:00+00:00,collection1,capacity_released,375.0,366.2960000000002,313.69600000000025,97.67893333333339,83.65226666666673,-52.599999999999994,"batch_3_wagons[W10772,W5316,W9043]"
10505.0,2025-12-08T07:05:00+00:00,retrofit,capacity_reserved,319.5,249.76399999999978,302.3639999999998,78.17339593114234,94.6366197183098,52.599999999999994,"batch_3_wagons[W10772,W5316,W9043]"
10519.0,2025-12-08T07:19:00+00:00,retrofitted,capacity_released,264.0,147.78,69.55000000000001,55.977272727272734,26.344696969696972,-78.22999999999999,"batch_4_wagons[W5612,W0928,W12177,W9237]"
10585.5,2025-12-08T08:25:30+00:00,parking11,capacity_reserved,300.0,0.0,78.22999999999999,0.0,26.076666666666664,78.22999999999999,"batch_4_wagons[W5612,W0928,W12177,W9237]"
10593.5,2025-12-08T08:33:30+00:00,collection1,capacity_reserved,375.0,313.69600000000025,330.09600000000023,83.65226666666673,88.02560000000005,16.4,batch_1_wagons[W5173]
10593.5,2025-12-08T08:33:30+00:00,collection1,capacity_reserved,375.0,330.09600000000023,349.9960000000002,88.02560000000005,93.33226666666673,19.9,batch_1_wagons[W4380]
10593.5,2025-12-08T08:33:30+00:00,collection1,capacity_reserved,375.0,349.9960000000002,364.28600000000023,93.33226666666673,97.14293333333339,14.29,batch_1_wagons[W5872]
10593.5,2025-12-08T08:33:30+00:00,collection2,capacity_reserved,375.0,357.9100000000001,371.9500000000001,95.44266666666668,99.1866666666667,14.04,batch_1_wagons[W6989]
10593.5,2025-12-08T08:33:30+00:00,collection1,capacity_reserved,375.0,364.28600000000023,373.9260000000002,97.14293333333339,99.71360000000006,9.64,batch_1_wagons[W0093]
10657.5,2025-12-08T09:37:30+00:00,retrofitted,capacity_reserved,264.0,69.55000000000001,108.31400000000001,26.344696969696972,41.028030303030306,38.763999999999996,"batch_2_wagons[W0167,W2853]"
10662.0,2025-12-08T09:42:00+00:00,collection2,capacity_released,375.0,371.9500000000001,348.7100000000001,99.1866666666667,92.98933333333336,-23.24,batch_1_wagons[W12031]
10662.0,2025-12-08T09:42:00+00:00,retrofit,capacity_reserve_blocked,319.5,302.3639999999998,302.3639999999998,94.6366197183098,94.6366197183098,23.24,batch_1_wagons_WAITING[W12031]
10662.5,2025-12-08T09:42:30+00:00,retrofit,capacity_released,319.5,302.3639999999998,276.9939999999998,94.6366197183098,86.69608763693265,-48.61,"batch_2_wagons[W7400,W0606]"
10662.5,2025-12-08T09:42:30+00:00,retrofit,capacity_reserved,319.5,253.7539999999998,276.9939999999998,79.42222222222216,86.69608763693265,23.24,batch_1_wagons[W12031]
10667.5,2025-12-08T09:47:30+00:00,retrofitted,capacity_released,264.0,108.31400000000001,38.76400000000001,41.028030303030306,14.683333333333337,-69.55,"batch_4_wagons[W0888,W5821,W6008,W0293]"
10674.0,2025-12-08T09:54:00+00:00,retrofitted,capacity_reserved,264.0,38.76400000000001,70.56400000000001,14.683333333333337,26.72878787878788,31.8,"batch_2_wagons[W2415,W2112]"
10679.0,2025-12-08T09:59:00+00:00,retrofit,capacity_released,319.5,276.9939999999998,239.3299999999998,86.69608763693265,74.90766823161184,-37.664,"batch_2_wagons[W10249,W10814]"
10734.0,2025-12-08T10:54:00+00:00,parking10,capacity_reserved,450.0,165.71,235.26,36.824444444444445,52.279999999999994,69.55,"batch_4_wagons[W0888,W5821,W6008,W0293]"
10793.25,2025-12-08T11:53:15+00:00,collection2,capacity_reserved,375.0,348.7100000000001,371.9500000000001,92.98933333333336,99.1866666666667,23.24,batch_1_wagons[W12116]
10806.0,2025-12-08T12:06:00+00:00,retrofitted,capacity_reserved,264.0,70.56400000000001,119.174,26.72878787878788,45.141666666666666,48.61,"batch_2_wagons[W7400,W0606]"
10811.0,2025-12-08T12:11:00+00:00,retrofit,capacity_released,319.5,239.3299999999998,211.78999999999982,74.90766823161184,66.28794992175268,-27.54,"batch_2_wagons[W4915,W0128]"
10823.0,2025-12-08T12:23:00+00:00,retrofitted,capacity_reserved,264.0,119.174,156.83800000000002,45.141666666666666,59.40833333333334,37.664,"batch_2_wagons[W10249,W10814]"
10828.0,2025-12-08T12:28:00+00:00,retrofit,capacity_released,319.5,211.78999999999982,186.8999999999998,66.28794992175268,58.49765258215957,-24.89,"batch_2_wagons[W5989,W0881]"
10878.0,2025-12-08T13:18:00+00:00,collection1,capacity_released,375.0,373.9260000000002,253.0560000000002,99.71360000000006,67.48160000000006,-120.86999999999999,"batch_7_wagons[W2149,W5380,W0875,W9143,W10303,W5395,W2774]"
10878.0,2025-12-08T13:18:00+00:00,retrofit,capacity_reserved,319.5,186.8999999999998,307.7699999999998,58.49765258215957,96.32863849765252,120.86999999999999,"batch_7_wagons[W2149,W5380,W0875,W9143,W10303,W5395,W2774]"
10883.0,2025-12-08T13:23:00+00:00,retrofitted,capacity_released,264.0,156.83800000000002,86.27400000000003,59.40833333333334,32.67954545454547,-70.564,"batch_4_wagons[W0167,W2853,W2415,W2112]"
10947.75,2025-12-08T14:27:45+00:00,collection1,capacity_reserved,375.0,253.0560000000002,272.9560000000002,67.48160000000006,72.78826666666671,19.9,batch_1_wagons[W3413]
10947.75,2025-12-08T14:27:45+00:00,collection1,capacity_reserved,375.0,272.9560000000002,296.2160000000002,72.78826666666671,78.99093333333337,23.26,batch_1_wagons[W8479]
10947.75,2025-12-08T14:27:45+00:00,collection1,capacity_reserved,375.0,296.2160000000002,319.4560000000002,78.99093333333337,85.1882666666667,23.24,batch_1_wagons[W8637]
10947.75,2025-12-08T14:27:45+00:00,collection1,capacity_reserved,375.0,319.4560000000002,335.2560000000002,85.1882666666667,89.40160000000004,15.8,batch_1_wagons[W2324]
10947.75,2025-12-08T14:27:45+00:00,collection1,capacity_reserved,375.0,335.2560000000002,350.1960000000002,89.40160000000004,93.38560000000005,14.94,batch_1_wagons[W10934]
10947.75,2025-12-08T14:27:45+00:00,collection1,capacity_reserved,375.0,350.1960000000002,370.0960000000002,93.38560000000005,98.69226666666671,19.9,batch_1_wagons[W3237]
10964.5,2025-12-08T14:44:30+00:00,parking14,capacity_reserved,555.0,279.80999999999995,350.3739999999999,50.416216216216206,63.13045045045044,70.564,"batch_4_wagons[W0167,W2853,W2415,W2112]"
11011.0,2025-12-08T15:31:00+00:00,collection2,capacity_released,375.0,371.9500000000001,348.7100000000001,99.1866666666667,92.98933333333336,-23.24,batch_1_wagons[W8714]
11011.0,2025-12-08T15:31:00+00:00,retrofit,capacity_reserve_blocked,319.5,307.7699999999998,307.7699999999998,96.32863849765252,96.32863849765252,23.24,batch_1_wagons_WAITING[W8714]
11023.0,2025-12-08T15:43:00+00:00,retrofitted,capacity_reserved,264.0,86.27400000000003,113.81400000000002,32.67954545454547,43.11136363636364,27.54,"batch_2_wagons[W4915,W0128]"
11028.0,2025-12-08T15:48:00+00:00,retrofit,capacity_released,319.5,307.7699999999998,288.0899999999998,96.32863849765252,90.16901408450698,-42.92,"batch_2_wagons[W9355,W0680]"
11028.0,2025-12-08T15:48:00+00:00,retrofit,capacity_reserved,319.5,264.8499999999998,288.0899999999998,82.8951486697965,90.16901408450698,23.24,batch_1_wagons[W8714]
11033.0,2025-12-08T15:53:00+00:00,retrofitted,capacity_released,264.0,113.81400000000002,2.842170943040401e-14,43.11136363636364,1.0765799026668185e-14,-113.814,"batch_6_wagons[W7400,W0606,W10249,W10814,W4915,W0128]"
11036.5,2025-12-08T15:56:30+00:00,retrofitted,capacity_reserved,264.0,2.842170943040401e-14,24.89000000000003,1.0765799026668185e-14,9.428030303030315,24.89,"batch_2_wagons[W5989,W0881]"
11041.5,2025-12-08T16:01:30+00:00,retrofit,capacity_released,319.5,288.0899999999998,252.0899999999998,90.16901408450698,78.90140845070417,-36.0,"batch_2_wagons[W11050,W12319]"
11047.5,2025-12-08T16:07:30+00:00,parking1,capacity_reserved,555.0,286.0,399.81399999999996,51.53153153153153,72.03855855855855,113.814,"batch_6_wagons[W7400,W0606,W10249,W10814,W4915,W0128]"
11209.5,2025-12-08T18:49:30+00:00,collection2,capacity_released,375.0,348.7100000000001,287.5700000000001,92.98933333333336,76.68533333333336,-61.14,"batch_3_wagons[W7877,W5280,W7897]"
11209.5,2025-12-08T18:49:30+00:00,retrofit,capacity_reserved,319.5,252.0899999999998,313.2299999999998,78.90140845070417,98.03755868544594,61.14,"batch_3_wagons[W7877,W5280,W7897]"
11221.5,2025-12-08T19:01:30+00:00,retrofitted,capacity_reserved,264.0,24.89000000000003,67.81000000000003,9.428030303030315,25.68560606060607,42.92,"batch_2_wagons[W9355,W0680]"
11226.5,2025-12-08T19:06:30+00:00,retrofit,capacity_released,319.5,313.2299999999998,281.0899999999998,98.03755868544594,87.9780907668231,-32.14,"batch_2_wagons[W6704,W5415]"
11231.5,2025-12-08T19:11:30+00:00,collection2,capacity_reserved,375.0,287.5700000000001,301.8600000000001,76.68533333333336,80.49600000000004,14.29,batch_1_wagons[W5992]
11231.5,2025-12-08T19:11:30+00:00,collection2,capacity_reserved,375.0,301.8600000000001,317.66000000000014,80.49600000000004,84.70933333333338,15.8,batch_1_wagons[W9943]
11231.5,2025-12-08T19:11:30+00:00,collection2,capacity_reserved,375.0,317.66000000000014,333.46000000000015,84.70933333333338,88.9226666666667,15.8,batch_1_wagons[W9430]
11231.5,2025-12-08T19:11:30+00:00,collection2,capacity_reserved,375.0,333.46000000000015,352.50000000000017,88.9226666666667,94.00000000000006,19.04,batch_1_wagons[W7598]
11231.5,2025-12-08T19:11:30+00:00,collection2,capacity_reserved,375.0,352.50000000000017,371.5400000000002,94.00000000000006,99.07733333333339,19.04,batch_1_wagons[W7513]
11238.5,2025-12-08T19:18:30+00:00,retrofitted,capacity_reserved,264.0,67.81000000000003,103.81000000000003,25.68560606060607,39.32196969696971,36.0,"batch_2_wagons[W11050,W12319]"
11243.5,2025-12-08T19:23:30+00:00,retrofit,capacity_released,319.5,281.0899999999998,246.6899999999998,87.9780907668231,77.21126760563374,-34.4,"batch_2_wagons[W10772,W5316]"
11246.5,2025-12-08T19:26:30+00:00,collection1,capacity_released,375.0,370.0960000000002,300.3040000000002,98.69226666666671,80.08106666666673,-69.792,"batch_3_wagons[W10233,W2815,W2846]"
11246.5,2025-12-08T19:26:30+00:00,retrofit,capacity_reserved,319.5,246.6899999999998,316.4819999999998,77.21126760563374,99.0553990610328,69.792,"batch_3_wagons[W10233,W2815,W2846]"
11274.5,2025-12-08T19:54:30+00:00,retrofitted,capacity_released,264.0,103.81000000000003,78.92000000000003,39.32196969696971,29.893939393939405,-24.89,"batch_2_wagons[W5989,W0881]"
11353.0,2025-12-08T21:13:00+00:00,parking13,capacity_reserved,555.0,287.93,312.82,51.87927927927928,56.36396396396396,24.89,"batch_2_wagons[W5989,W0881]"
11419.5,2025-12-08T22:19:30+00:00,collection2,capacity_released,375.0,371.5400000000002,351.6400000000002,99.07733333333339,93.77066666666673,-19.9,batch_1_wagons[W10441]
11419.5,2025-12-08T22:19:30+00:00,retrofit,capacity_reserve_blocked,319.5,316.4819999999998,316.4819999999998,99.0553990610328,99.0553990610328,19.9,batch_1_wagons_WAITING[W10441]
11425.0,2025-12-08T22:25:00+00:00,retrofitted,capacity_reserved,264.0,78.92000000000003,111.06000000000003,29.893939393939405,42.068181818181834,32.14,"batch_2_wagons[W6704,W5415]"
11430.0,2025-12-08T22:30:00+00:00,retrofit,capacity_released,319.5,316.4819999999998,294.9419999999998,99.0553990610328,92.3136150234741,-41.44,"batch_2_wagons[W9043,W12031]"
11430.0,2025-12-08T22:30:00+00:00,retrofit,capacity_reserved,319.5,275.0419999999998,294.9419999999998,86.08513302034423,92.3136150234741,19.9,batch_1_wagons[W10441]
11431.5,2025-12-08T22:31:30+00:00,retrofitted,capacity_reserved,264.0,111.06000000000003,145.46000000000004,42.068181818181834,55.098484848484865,34.4,"batch_2_wagons[W10772,W5316]"
11435.0,2025-12-08T22:35:00+00:00,retrofitted,capacity_released,264.0,145.46000000000004,66.54000000000003,55.098484848484865,25.204545454545467,-78.92,"batch_4_wagons[W9355,W0680,W11050,W12319]"
11436.5,2025-12-08T22:36:30+00:00,retrofit,capacity_released,319.5,294.9419999999998,254.52199999999976,92.3136150234741,79.6625978090766,-40.42,"batch_2_wagons[W8714,W2149]"
11544.25,2025-12-09T00:24:15+00:00,collection1,capacity_reserved,375.0,300.3040000000002,319.2040000000002,80.08106666666673,85.1210666666667,18.9,batch_1_wagons[W12383]
11544.25,2025-12-09T00:24:15+00:00,collection1,capacity_reserved,375.0,319.2040000000002,342.46400000000017,85.1210666666667,91.32373333333338,23.26,batch_1_wagons[W9843]
11544.25,2025-12-09T00:24:15+00:00,collection1,capacity_reserved,375.0,342.46400000000017,362.36400000000015,91.32373333333338,96.63040000000004,19.9,batch_1_wagons[W4473]
11544.25,2025-12-09T00:24:15+00:00,collection2,capacity_reserved,375.0,351.6400000000002,366.0400000000002,93.77066666666673,97.61066666666672,14.4,batch_1_wagons[W9727]
11561.5,2025-12-09T00:41:30+00:00,parking16,capacity_reserved,1875.0,1632.4699999999998,1711.3899999999999,87.06506666666665,91.27413333333332,78.92,"batch_4_wagons[W9355,W0680,W11050,W12319]"
11633.5,2025-12-09T01:53:30+00:00,retrofitted,capacity_reserved,264.0,66.54000000000003,107.98000000000003,25.204545454545467,40.90151515151517,41.44,"batch_2_wagons[W9043,W12031]"
11635.5,2025-12-09T01:55:30+00:00,collection1,capacity_released,375.0,362.36400000000015,312.77000000000015,96.63040000000004,83.40533333333337,-49.593999999999994,"batch_3_wagons[W5760,W4802,W2910]"
11635.5,2025-12-09T01:55:30+00:00,retrofit,capacity_reserved,319.5,254.52199999999976,304.11599999999976,79.6625978090766,95.18497652582153,49.593999999999994,"batch_3_wagons[W5760,W4802,W2910]"
11638.5,2025-12-09T01:58:30+00:00,retrofit,capacity_released,319.5,304.11599999999976,277.2859999999998,95.18497652582153,86.78748043818459,-26.83,"batch_2_wagons[W5380,W0875]"
11643.5,2025-12-09T02:03:30+00:00,retrofitted,capacity_released,264.0,107.98000000000003,41.44000000000004,40.90151515151517,15.696969696969711,-66.53999999999999,"batch_4_wagons[W6704,W5415,W10772,W5316]"
11647.5,2025-12-09T02:07:30+00:00,retrofitted,capacity_reserved,264.0,41.44000000000004,81.86000000000004,15.696969696969711,31.007575757575772,40.42,"batch_2_wagons[W8714,W2149]"
11652.5,2025-12-09T02:12:30+00:00,retrofit,capacity_released,319.5,277.2859999999998,240.02599999999978,86.78748043818459,75.12550860719868,-37.26,"batch_2_wagons[W9143,W10303]"
11705.25,2025-12-09T03:05:15+00:00,collection1,capacity_reserved,375.0,312.77000000000015,326.8100000000002,83.40533333333337,87.14933333333337,14.04,batch_1_wagons[W6848]
11705.25,2025-12-09T03:05:15+00:00,collection1,capacity_reserved,375.0,326.8100000000002,343.3100000000002,87.14933333333337,91.54933333333338,16.5,batch_1_wagons[W11356]
11705.25,2025-12-09T03:05:15+00:00,collection1,capacity_reserved,375.0,343.3100000000002,363.21000000000015,91.54933333333338,96.85600000000004,19.9,batch_1_wagons[W4223]
11725.0,2025-12-09T03:25:00+00:00,parking13,capacity_reserved,555.0,312.82,379.36,56.36396396396396,68.35315315315316,66.53999999999999,"batch_4_wagons[W6704,W5415,W10772,W5316]"
11797.0,2025-12-09T04:37:00+00:00,retrofitted,capacity_reserved,264.0,81.86000000000004,108.69000000000004,31.007575757575772,41.17045454545456,26.83,"batch_2_wagons[W5380,W0875]"
11802.0,2025-12-09T04:42:00+00:00,retrofit,capacity_released,319.5,240.02599999999978,200.4259999999998,75.12550860719868,62.731142410015586,-39.599999999999994,"batch_2_wagons[W5395,W2774]"
11814.0,2025-12-09T04:54:00+00:00,retrofitted,capacity_reserved,264.0,108.69000000000004,145.95000000000005,41.17045454545456,55.28409090909092,37.26,"batch_2_wagons[W9143,W10303]"
11819.0,2025-12-09T04:59:00+00:00,retrofit,capacity_released,319.5,200.4259999999998,161.65599999999978,62.731142410015586,50.59655712050072,-38.769999999999996,"batch_2_wagons[W7877,W5280]"
11835.5,2025-12-09T05:15:30+00:00,collection2,capacity_released,375.0,366.0400000000002,218.89000000000019,97.61066666666672,58.370666666666715,-147.15,"batch_7_wagons[W10435,W1122,W1120,W11518,W9071,W4506,W1439]"
11835.5,2025-12-09T05:15:30+00:00,retrofit,capacity_reserved,319.5,161.65599999999978,308.8059999999998,50.59655712050072,96.65289514866974,147.15,"batch_7_wagons[W10435,W1122,W1120,W11518,W9071,W4506,W1439]"
11850.0,2025-12-09T05:30:00+00:00,retrofitted,capacity_released,264.0,145.95000000000005,64.09000000000005,55.28409090909092,24.27651515151517,-81.86,"batch_4_wagons[W9043,W12031,W8714,W2149]"
11916.5,2025-12-09T06:36:30+00:00,parking12,capacity_reserved,555.0,316.048,397.908,56.94558558558559,71.69513513513513,81.86,"batch_4_wagons[W9043,W12031,W8714,W2149]"
11988.5,2025-12-09T07:48:30+00:00,retrofitted,capacity_reserved,264.0,64.09000000000005,103.69000000000004,24.27651515151517,39.27651515151517,39.599999999999994,"batch_2_wagons[W5395,W2774]"
11993.5,2025-12-09T07:53:30+00:00,retrofit,capacity_released,319.5,308.8059999999998,263.1719999999998,96.65289514866974,82.36995305164314,-45.634,"batch_2_wagons[W7897,W10233]"
12005.5,2025-12-09T08:05:30+00:00,retrofitted,capacity_reserved,264.0,103.69000000000004,142.46000000000004,39.27651515151517,53.962121212121225,38.769999999999996,"batch_2_wagons[W7877,W5280]"
12008.5,2025-12-09T08:08:30+00:00,collection1,capacity_released,375.0,363.21000000000015,313.01000000000016,96.85600000000004,83.46933333333337,-50.2,"batch_2_wagons[W0681,W8552]"
12008.5,2025-12-09T08:08:30+00:00,retrofit,capacity_reserved,319.5,263.1719999999998,313.3719999999998,82.36995305164314,98.08200312989038,50.2,"batch_2_wagons[W0681,W8552]"
12010.5,2025-12-09T08:10:30+00:00,retrofit,capacity_released,319.5,313.3719999999998,266.84399999999977,98.08200312989038,83.519248826291,-46.528,"batch_2_wagons[W2815,W2846]"
12015.5,2025-12-09T08:15:30+00:00,retrofitted,capacity_released,264.0,142.46000000000004,78.37000000000003,53.962121212121225,29.685606060606073,-64.09,"batch_4_wagons[W5380,W0875,W9143,W10303]"
12046.0,2025-12-09T08:46:00+00:00,collection1,capacity_reserved,375.0,313.01000000000016,344.01000000000016,83.46933333333337,91.73600000000005,31.0,batch_1_wagons[W0023]
12046.0,2025-12-09T08:46:00+00:00,collection1,capacity_reserved,375.0,344.01000000000016,363.91000000000014,91.73600000000005,97.0426666666667,19.9,batch_1_wagons[W10397]
12046.0,2025-12-09T08:46:00+00:00,collection2,capacity_reserved,375.0,218.89000000000019,249.89000000000019,58.370666666666715,66.63733333333339,31.0,batch_1_wagons[W0674]
12046.0,2025-12-09T08:46:00+00:00,collection2,capacity_reserved,375.0,249.89000000000019,266.2900000000002,66.63733333333339,71.01066666666672,16.4,batch_1_wagons[W5420]
12046.0,2025-12-09T08:46:00+00:00,collection2,capacity_reserved,375.0,266.2900000000002,280.3300000000002,71.01066666666672,74.75466666666672,14.04,batch_1_wagons[W6936]
12097.0,2025-12-09T09:37:00+00:00,parking15,capacity_reserved,555.0,320.24399999999997,384.33399999999995,57.70162162162161,69.24936936936936,64.09,"batch_4_wagons[W5380,W0875,W9143,W10303]"
12169.0,2025-12-09T10:49:00+00:00,retrofitted,capacity_reserved,264.0,78.37000000000003,124.00400000000003,29.685606060606073,46.97121212121213,45.634,"batch_2_wagons[W7897,W10233]"
12174.0,2025-12-09T10:54:00+00:00,retrofit,capacity_released,319.5,266.84399999999977,232.65399999999977,83.519248826291,72.81815336463217,-34.19,"batch_2_wagons[W10441,W5760]"
12186.0,2025-12-09T11:06:00+00:00,retrofitted,capacity_reserved,264.0,124.00400000000003,170.53200000000004,46.97121212121213,64.59545454545456,46.528,"batch_2_wagons[W2815,W2846]"
12191.0,2025-12-09T11:11:00+00:00,retrofit,capacity_released,319.5,232.65399999999977,197.34999999999977,72.81815336463217,61.768388106416204,-35.304,"batch_2_wagons[W4802,W2910]"
12205.25,2025-12-09T11:25:15+00:00,collection2,capacity_reserved,375.0,280.3300000000002,300.2300000000002,74.75466666666672,80.06133333333338,19.9,batch_1_wagons[W3230]
12205.25,2025-12-09T11:25:15+00:00,collection2,capacity_reserved,375.0,300.2300000000002,316.63000000000017,80.06133333333338,84.43466666666671,16.4,batch_1_wagons[W5411]
12205.25,2025-12-09T11:25:15+00:00,collection2,capacity_reserved,375.0,316.63000000000017,342.9800000000002,84.43466666666671,91.46133333333339,26.35,batch_1_wagons[W11513]
12205.25,2025-12-09T11:25:15+00:00,collection2,capacity_reserved,375.0,342.9800000000002,362.88000000000017,91.46133333333339,96.76800000000004,19.9,batch_1_wagons[W3087]
12226.5,2025-12-09T11:46:30+00:00,collection1,capacity_reserved,375.0,363.91000000000014,373.5500000000001,97.0426666666667,99.61333333333336,9.64,batch_1_wagons[W0039]
12226.5,2025-12-09T11:46:30+00:00,collection2,capacity_reserved,375.0,362.88000000000017,374.9200000000002,96.76800000000004,99.97866666666671,12.04,batch_1_wagons[W4885]
12239.5,2025-12-09T11:59:30+00:00,collection2,capacity_released,375.0,374.9200000000002,254.4000000000002,99.97866666666671,67.84000000000006,-120.52,"batch_8_wagons[W10883,W10896,W6421,W10100,W2165,W6323,W6989,W12116]"
12239.5,2025-12-09T11:59:30+00:00,retrofit,capacity_reserved,319.5,197.34999999999977,317.8699999999998,61.768388106416204,99.48982785602497,120.52,"batch_8_wagons[W10883,W10896,W6421,W10100,W2165,W6323,W6989,W12116]"
12244.5,2025-12-09T12:04:30+00:00,retrofitted,capacity_released,264.0,170.53200000000004,92.16200000000003,64.59545454545456,34.909848484848496,-78.37,"batch_4_wagons[W5395,W2774,W7877,W5280]"
12256.0,2025-12-09T12:16:00+00:00,parking9,capacity_reserved,300.0,71.21,149.57999999999998,23.736666666666665,49.85999999999999,78.37,"batch_4_wagons[W5395,W2774,W7877,W5280]"
12314.25,2025-12-09T13:14:15+00:00,collection2,capacity_reserved,375.0,254.4000000000002,270.8000000000002,67.84000000000006,72.21333333333338,16.4,batch_1_wagons[W5346]
12376.5,2025-12-09T14:16:30+00:00,collection2,capacity_reserved,375.0,270.8000000000002,290.70000000000016,72.21333333333338,77.52000000000004,19.9,batch_1_wagons[W4370]
12376.5,2025-12-09T14:16:30+00:00,collection2,capacity_reserved,375.0,290.70000000000016,305.10000000000014,77.52000000000004,81.36000000000003,14.4,batch_1_wagons[W9406]
12376.5,2025-12-09T14:16:30+00:00,collection2,capacity_reserved,375.0,305.10000000000014,321.5000000000001,81.36000000000003,85.73333333333336,16.4,batch_1_wagons[W5153]
12382.0,2025-12-09T14:22:00+00:00,collection1,capacity_released,375.0,373.5500000000001,350.3100000000001,99.61333333333336,93.41600000000003,-23.24,batch_1_wagons[W12221]
12382.0,2025-12-09T14:22:00+00:00,retrofit,capacity_reserve_blocked,319.5,317.8699999999998,317.8699999999998,99.48982785602497,99.48982785602497,23.24,batch_1_wagons_WAITING[W12221]
12394.0,2025-12-09T14:34:00+00:00,retrofitted,capacity_reserved,264.0,92.16200000000003,126.35200000000003,34.909848484848496,47.860606060606074,34.19,"batch_2_wagons[W10441,W5760]"
12399.0,2025-12-09T14:39:00+00:00,retrofit,capacity_released,319.5,317.8699999999998,301.3099999999998,99.48982785602497,94.30672926447568,-39.8,"batch_2_wagons[W10435,W1122]"
12399.0,2025-12-09T14:39:00+00:00,retrofit,capacity_reserved,319.5,278.06999999999977,301.3099999999998,87.03286384976519,94.30672926447568,23.24,batch_1_wagons[W12221]
12404.0,2025-12-09T14:44:00+00:00,collection1,capacity_reserved,375.0,350.3100000000001,373.5740000000001,93.41600000000003,99.61973333333337,23.264,batch_1_wagons[W2916]
12411.0,2025-12-09T14:51:00+00:00,retrofitted,capacity_reserved,264.0,126.35200000000003,161.65600000000003,47.860606060606074,61.23333333333335,35.304,"batch_2_wagons[W4802,W2910]"
12416.0,2025-12-09T14:56:00+00:00,retrofit,capacity_released,319.5,301.3099999999998,255.05999999999977,94.30672926447568,79.83098591549289,-46.25,"batch_2_wagons[W1120,W11518]"
12448.0,2025-12-09T15:28:00+00:00,collection2,capacity_released,375.0,321.5000000000001,275.6100000000001,85.73333333333336,73.49600000000004,-45.89,"batch_3_wagons[W5992,W9943,W9430]"
12448.0,2025-12-09T15:28:00+00:00,retrofit,capacity_reserved,319.5,255.05999999999977,300.94999999999976,79.83098591549289,94.19405320813765,45.89,"batch_3_wagons[W5992,W9943,W9430]"
12453.0,2025-12-09T15:33:00+00:00,retrofitted,capacity_released,264.0,161.65600000000003,69.49400000000003,61.23333333333335,26.323484848484856,-92.162,"batch_4_wagons[W7897,W10233,W2815,W2846]"
12519.5,2025-12-09T16:39:30+00:00,parking11,capacity_reserved,300.0,78.22999999999999,170.392,26.076666666666664,56.797333333333334,92.162,"batch_4_wagons[W7897,W10233,W2815,W2846]"
12560.25,2025-12-09T17:20:15+00:00,collection2,capacity_reserved,375.0,275.6100000000001,295.5100000000001,73.49600000000004,78.8026666666667,19.9,batch_1_wagons[W3135]
12560.25,2025-12-09T17:20:15+00:00,collection2,capacity_reserved,375.0,295.5100000000001,315.4100000000001,78.8026666666667,84.10933333333335,19.9,batch_1_wagons[W3903]
12591.5,2025-12-09T17:51:30+00:00,retrofitted,capacity_reserved,264.0,69.49400000000003,109.29400000000003,26.323484848484856,41.39924242424243,39.8,"batch_2_wagons[W10435,W1122]"
12594.5,2025-12-09T17:54:30+00:00,collection2,capacity_reserved,375.0,315.4100000000001,338.6700000000001,84.10933333333335,90.31200000000001,23.26,batch_1_wagons[W10192]
12594.5,2025-12-09T17:54:30+00:00,collection2,capacity_reserved,375.0,338.6700000000001,362.6700000000001,90.31200000000001,96.71200000000002,24.0,batch_1_wagons[W8908]
12596.5,2025-12-09T17:56:30+00:00,retrofit,capacity_released,319.5,300.94999999999976,263.0499999999998,94.19405320813765,82.33176838810635,-37.9,"batch_2_wagons[W9071,W4506]"
12599.0,2025-12-09T17:59:00+00:00,collection1,capacity_released,375.0,373.5740000000001,322.98400000000015,99.61973333333337,86.12906666666672,-50.589999999999996,"batch_3_wagons[W5173,W4380,W5872]"
12599.0,2025-12-09T17:59:00+00:00,retrofit,capacity_reserved,319.5,263.0499999999998,313.63999999999976,82.33176838810635,98.16588419405313,50.589999999999996,"batch_3_wagons[W5173,W4380,W5872]"
12608.5,2025-12-09T18:08:30+00:00,retrofitted,capacity_reserved,264.0,109.29400000000003,155.54400000000004,41.39924242424243,58.918181818181836,46.25,"batch_2_wagons[W1120,W11518]"
12611.0,2025-12-09T18:11:00+00:00,collection1,capacity_reserved,375.0,322.98400000000015,339.3840000000001,86.12906666666672,90.50240000000004,16.4,batch_1_wagons[W12331]
12613.5,2025-12-09T18:13:30+00:00,retrofit,capacity_released,319.5,313.63999999999976,263.43999999999977,98.16588419405313,82.45383411580588,-50.2,"batch_2_wagons[W1439,W0681]"
12618.5,2025-12-09T18:18:30+00:00,retrofitted,capacity_released,264.0,155.54400000000004,86.05000000000004,58.918181818181836,32.59469696969698,-69.494,"batch_4_wagons[W10441,W5760,W4802,W2910]"
12685.0,2025-12-09T19:25:00+00:00,parking10,capacity_reserved,450.0,235.26,304.754,52.279999999999994,67.72311111111111,69.494,"batch_4_wagons[W10441,W5760,W4802,W2910]"
12748.5,2025-12-09T20:28:30+00:00,collection1,capacity_reserved,375.0,339.3840000000001,362.62400000000014,90.50240000000004,96.69973333333337,23.24,batch_1_wagons[W10109]
12757.0,2025-12-09T20:37:00+00:00,retrofitted,capacity_reserved,264.0,86.05000000000004,123.95000000000005,32.59469696969698,46.95075757575759,37.9,"batch_2_wagons[W9071,W4506]"
12762.0,2025-12-09T20:42:00+00:00,retrofit,capacity_released,319.5,263.43999999999977,227.49999999999977,82.45383411580588,71.20500782472607,-35.94,"batch_2_wagons[W8552,W10883]"
12774.0,2025-12-09T20:54:00+00:00,retrofitted,capacity_reserved,264.0,123.95000000000005,174.15000000000003,46.95075757575759,65.96590909090911,50.2,"batch_2_wagons[W1439,W0681]"
12779.0,2025-12-09T20:59:00+00:00,retrofit,capacity_released,319.5,227.49999999999977,200.71999999999977,71.20500782472607,62.8231611893583,-26.78,"batch_2_wagons[W10896,W6421]"
12798.0,2025-12-09T21:18:00+00:00,collection2,capacity_released,375.0,362.6700000000001,248.75000000000006,96.71200000000002,66.33333333333334,-113.92,"batch_6_wagons[W7598,W7513,W9727,W0674,W5420,W6936]"
12798.0,2025-12-09T21:18:00+00:00,retrofit,capacity_reserved,319.5,200.71999999999977,314.63999999999976,62.8231611893583,98.47887323943655,113.92,"batch_6_wagons[W7598,W7513,W9727,W0674,W5420,W6936]"
12810.0,2025-12-09T21:30:00+00:00,retrofitted,capacity_released,264.0,174.15000000000003,88.10000000000004,65.96590909090911,33.37121212121213,-86.05,"batch_4_wagons[W10435,W1122,W1120,W11518]"
12891.5,2025-12-09T22:51:30+00:00,parking14,capacity_reserved,555.0,350.3739999999999,436.4239999999999,63.13045045045044,78.63495495495494,86.05,"batch_4_wagons[W10435,W1122,W1120,W11518]"
12939.0,2025-12-09T23:39:00+00:00,collection2,capacity_reserved,375.0,248.75000000000006,271.99000000000007,66.33333333333334,72.53066666666669,23.24,batch_1_wagons[W12104]
12939.0,2025-12-09T23:39:00+00:00,collection1,capacity_reserved,375.0,362.62400000000014,374.22400000000016,96.69973333333337,99.7930666666667,11.6,batch_1_wagons[W7218]
12963.5,2025-12-10T00:03:30+00:00,collection2,capacity_reserved,375.0,271.99000000000007,286.93000000000006,72.53066666666669,76.51466666666668,14.94,batch_1_wagons[W10938]
12963.5,2025-12-10T00:03:30+00:00,retrofitted,capacity_reserved,264.0,88.10000000000004,124.04000000000003,33.37121212121213,46.9848484848485,35.94,"batch_2_wagons[W8552,W10883]"
12968.5,2025-12-10T00:08:30+00:00,retrofit,capacity_released,319.5,314.63999999999976,284.95999999999975,98.47887323943655,89.18935837245688,-29.68,"batch_2_wagons[W10100,W2165]"
12971.0,2025-12-10T00:11:00+00:00,collection1,capacity_released,375.0,374.22400000000016,344.68400000000014,99.7930666666667,91.91573333333338,-29.54,"batch_2_wagons[W0093,W3413]"
12971.0,2025-12-10T00:11:00+00:00,retrofit,capacity_reserved,319.5,284.95999999999975,314.4999999999998,89.18935837245688,98.43505477308287,29.54,"batch_2_wagons[W0093,W3413]"
12980.5,2025-12-10T00:20:30+00:00,retrofitted,capacity_reserved,264.0,124.04000000000003,150.82000000000005,46.9848484848485,57.128787878787904,26.78,"batch_2_wagons[W10896,W6421]"
12985.5,2025-12-10T00:25:30+00:00,retrofit,capacity_released,319.5,314.4999999999998,286.4199999999998,98.43505477308287,89.64632237871668,-28.08,"batch_2_wagons[W6323,W6989]"
12990.5,2025-12-10T00:30:30+00:00,retrofitted,capacity_released,264.0,150.82000000000005,62.720000000000056,57.128787878787904,23.75757575757578,-88.1,"batch_4_wagons[W9071,W4506,W1439,W0681]"
13002.0,2025-12-10T00:42:00+00:00,parking2,capacity_reserved,202.5,0.0,88.1,0.0,43.50617283950617,88.1,"batch_4_wagons[W9071,W4506,W1439,W0681]"
13028.0,2025-12-10T01:08:00+00:00,retrofitted,capacity_released,264.0,62.720000000000056,5.684341886080802e-14,23.75757575757578,2.153159805333637e-14,-62.72,"batch_4_wagons[W8552,W10883,W10896,W6421]"
13039.5,2025-12-10T01:19:30+00:00,parking6,capacity_reserved,199.5,0.0,62.72,0.0,31.438596491228072,62.72,"batch_4_wagons[W8552,W10883,W10896,W6421]"
13103.5,2025-12-10T02:23:30+00:00,collection1,capacity_reserved,375.0,344.68400000000014,364.5840000000001,91.91573333333338,97.22240000000004,19.9,batch_1_wagons[W4327]
13103.5,2025-12-10T02:23:30+00:00,collection2,capacity_reserved,375.0,286.93000000000006,301.33000000000004,76.51466666666668,80.35466666666667,14.4,batch_1_wagons[W11290]
13171.75,2025-12-10T03:31:45+00:00,collection2,capacity_reserved,375.0,301.33000000000004,315.12000000000006,80.35466666666667,84.03200000000001,13.79,batch_1_wagons[W11298]
13171.75,2025-12-10T03:31:45+00:00,collection2,capacity_reserved,375.0,315.12000000000006,330.9200000000001,84.03200000000001,88.24533333333335,15.8,batch_1_wagons[W2064]
13171.75,2025-12-10T03:31:45+00:00,collection2,capacity_reserved,375.0,330.9200000000001,343.4200000000001,88.24533333333335,91.57866666666669,12.5,batch_1_wagons[W10999]
13171.75,2025-12-10T03:31:45+00:00,collection2,capacity_reserved,375.0,343.4200000000001,363.32000000000005,91.57866666666669,96.88533333333335,19.9,batch_1_wagons[W10366]
13178.0,2025-12-10T03:38:00+00:00,collection2,capacity_released,375.0,363.32000000000005,343.4200000000001,96.88533333333335,91.57866666666669,-19.9,batch_1_wagons[W3230]
13178.0,2025-12-10T03:38:00+00:00,retrofit,capacity_reserved,319.5,286.4199999999998,306.31999999999977,89.64632237871668,95.87480438184656,19.9,batch_1_wagons[W3230]
13183.5,2025-12-10T03:43:30+00:00,collection1,capacity_released,375.0,364.5840000000001,341.3240000000001,97.22240000000004,91.01973333333336,-23.26,batch_1_wagons[W8479]
13183.5,2025-12-10T03:43:30+00:00,retrofit,capacity_reserve_blocked,319.5,306.31999999999977,306.31999999999977,95.87480438184656,95.87480438184656,23.26,batch_1_wagons_WAITING[W8479]
13190.0,2025-12-10T03:50:00+00:00,retrofitted,capacity_reserved,264.0,5.684341886080802e-14,29.680000000000057,2.153159805333637e-14,11.242424242424264,29.68,"batch_2_wagons[W10100,W2165]"
13195.0,2025-12-10T03:55:00+00:00,retrofit,capacity_released,319.5,306.31999999999977,283.09999999999974,95.87480438184656,88.60719874804374,-46.48,"batch_2_wagons[W12116,W12221]"
13195.0,2025-12-10T03:55:00+00:00,retrofit,capacity_reserved,319.5,259.83999999999975,283.09999999999974,81.32707355242559,88.60719874804374,23.26,batch_1_wagons[W8479]
13195.5,2025-12-10T03:55:30+00:00,retrofitted,capacity_reserved,264.0,29.680000000000057,57.760000000000055,11.242424242424264,21.8787878787879,28.08,"batch_2_wagons[W6323,W6989]"
13200.5,2025-12-10T04:00:30+00:00,retrofit,capacity_released,319.5,283.09999999999974,253.00999999999974,88.60719874804374,79.18935837245688,-30.09,"batch_2_wagons[W5992,W9943]"
13257.5,2025-12-10T04:57:30+00:00,retrofitted,capacity_released,264.0,57.760000000000055,28.080000000000055,21.8787878787879,10.636363636363658,-29.68,"batch_2_wagons[W10100,W2165]"
13266.0,2025-12-10T05:06:00+00:00,parking3,capacity_reserved,192.75,0.0,29.68,0.0,15.398184176394292,29.68,"batch_2_wagons[W10100,W2165]"
13298.75,2025-12-10T05:38:45+00:00,collection1,capacity_reserved,375.0,341.3240000000001,353.6640000000001,91.01973333333336,94.31040000000003,12.34,batch_1_wagons[W1143]
13314.5,2025-12-10T05:54:30+00:00,collection1,capacity_reserved,375.0,353.6640000000001,373.5640000000001,94.31040000000003,99.61706666666669,19.9,batch_1_wagons[W3113]
13314.5,2025-12-10T05:54:30+00:00,collection2,capacity_reserved,375.0,343.4200000000001,363.32000000000005,91.57866666666669,96.88533333333335,19.9,batch_1_wagons[W3106]
13326.0,2025-12-10T06:06:00+00:00,collection2,capacity_released,375.0,363.32000000000005,300.6700000000001,96.88533333333335,80.17866666666669,-62.65,"batch_3_wagons[W5411,W11513,W3087]"
13326.0,2025-12-10T06:06:00+00:00,retrofit,capacity_reserved,319.5,253.00999999999974,315.65999999999974,79.18935837245688,98.79812206572763,62.65,"batch_3_wagons[W5411,W11513,W3087]"
13338.0,2025-12-10T06:18:00+00:00,retrofitted,capacity_reserved,264.0,28.080000000000055,74.56000000000006,10.636363636363658,28.242424242424264,46.48,"batch_2_wagons[W12116,W12221]"
13343.0,2025-12-10T06:23:00+00:00,retrofit,capacity_released,319.5,315.65999999999974,283.45999999999975,98.79812206572763,88.71987480438177,-32.2,"batch_2_wagons[W9430,W5173]"
13355.0,2025-12-10T06:35:00+00:00,retrofitted,capacity_reserved,264.0,74.56000000000006,104.65000000000006,28.242424242424264,39.64015151515154,30.09,"batch_2_wagons[W5992,W9943]"
13360.0,2025-12-10T06:40:00+00:00,retrofit,capacity_released,319.5,283.45999999999975,249.26999999999975,88.71987480438177,78.01877934272294,-34.19,"batch_2_wagons[W4380,W5872]"
13392.5,2025-12-10T07:12:30+00:00,collection2,capacity_reserved,375.0,300.6700000000001,317.8500000000001,80.17866666666669,84.76000000000002,17.18,batch_1_wagons[W2130]
13392.5,2025-12-10T07:12:30+00:00,collection2,capacity_reserved,375.0,317.8500000000001,333.6500000000001,84.76000000000002,88.97333333333336,15.8,batch_1_wagons[W2119]
13402.0,2025-12-10T07:22:00+00:00,collection1,capacity_released,375.0,373.5640000000001,319.58400000000006,99.61706666666669,85.22240000000002,-53.98,"batch_3_wagons[W8637,W2324,W10934]"
13402.0,2025-12-10T07:22:00+00:00,retrofit,capacity_reserved,319.5,249.26999999999975,303.2499999999998,78.01877934272294,94.91392801251949,53.98,"batch_3_wagons[W8637,W2324,W10934]"
13407.0,2025-12-10T07:27:00+00:00,retrofitted,capacity_released,264.0,104.65000000000006,76.57000000000006,39.64015151515154,29.0037878787879,-28.08,"batch_2_wagons[W6323,W6989]"
13460.0,2025-12-10T08:20:00+00:00,collection1,capacity_reserved,375.0,319.58400000000006,342.82400000000007,85.22240000000002,91.41973333333335,23.24,batch_1_wagons[W8648]
13485.5,2025-12-10T08:45:30+00:00,parking13,capacity_reserved,555.0,379.36,407.44,68.35315315315316,73.41261261261262,28.08,"batch_2_wagons[W6323,W6989]"
13487.5,2025-12-10T08:47:30+00:00,collection1,capacity_reserved,375.0,342.82400000000007,356.8640000000001,91.41973333333335,95.16373333333335,14.04,batch_1_wagons[W6207]
13557.5,2025-12-10T09:57:30+00:00,retrofitted,capacity_reserved,264.0,76.57000000000006,108.77000000000007,29.0037878787879,41.2007575757576,32.2,"batch_2_wagons[W9430,W5173]"
13559.0,2025-12-10T09:59:00+00:00,collection2,capacity_released,375.0,333.6500000000001,321.61000000000007,88.97333333333336,85.76266666666669,-12.04,batch_1_wagons[W4885]
13559.0,2025-12-10T09:59:00+00:00,retrofit,capacity_reserved,319.5,303.2499999999998,315.2899999999998,94.91392801251949,98.68231611893577,12.04,batch_1_wagons[W4885]
13562.5,2025-12-10T10:02:30+00:00,retrofit,capacity_released,319.5,315.2899999999998,277.2099999999998,98.68231611893577,86.76369327073546,-38.08,"batch_2_wagons[W7598,W7513]"
13567.5,2025-12-10T10:07:30+00:00,retrofitted,capacity_released,264.0,108.77000000000007,32.200000000000074,41.2007575757576,12.196969696969726,-76.57,"batch_4_wagons[W12116,W12221,W5992,W9943]"
13571.0,2025-12-10T10:11:00+00:00,retrofitted,capacity_reserved,264.0,32.200000000000074,66.39000000000007,12.196969696969726,25.1477272727273,34.19,"batch_2_wagons[W4380,W5872]"
13576.0,2025-12-10T10:16:00+00:00,retrofit,capacity_released,319.5,277.2099999999998,231.8099999999998,86.76369327073546,72.55399061032858,-45.4,"batch_2_wagons[W9727,W0674]"
13633.25,2025-12-10T11:13:15+00:00,collection2,capacity_reserved,375.0,321.61000000000007,344.4700000000001,85.76266666666669,91.85866666666669,22.86,batch_1_wagons[W10319]
13633.25,2025-12-10T11:13:15+00:00,collection2,capacity_reserved,375.0,344.4700000000001,367.3300000000001,91.85866666666669,97.9546666666667,22.86,batch_1_wagons[W10278]
13647.25,2025-12-10T11:27:15+00:00,collection1,capacity_reserved,375.0,356.8640000000001,373.26400000000007,95.16373333333335,99.53706666666669,16.4,batch_1_wagons[W5458]
13649.0,2025-12-10T11:29:00+00:00,parking15,capacity_reserved,555.0,384.33399999999995,460.90399999999994,69.24936936936936,83.04576576576575,76.57,"batch_4_wagons[W12116,W12221,W5992,W9943]"
13721.0,2025-12-10T12:41:00+00:00,retrofitted,capacity_reserved,264.0,66.39000000000007,104.47000000000007,25.1477272727273,39.571969696969724,38.08,"batch_2_wagons[W7598,W7513]"
13726.0,2025-12-10T12:46:00+00:00,retrofit,capacity_released,319.5,231.8099999999998,201.3699999999998,72.55399061032858,63.02660406885753,-30.439999999999998,"batch_2_wagons[W5420,W6936]"
13738.0,2025-12-10T12:58:00+00:00,retrofitted,capacity_reserved,264.0,104.47000000000007,149.87000000000006,39.571969696969724,56.76893939393942,45.4,"batch_2_wagons[W9727,W0674]"
13743.0,2025-12-10T13:03:00+00:00,retrofit,capacity_released,319.5,201.3699999999998,171.8299999999998,63.02660406885753,53.780907668231556,-29.54,"batch_2_wagons[W0093,W3413]"
13775.0,2025-12-10T13:35:00+00:00,collection1,capacity_released,375.0,373.26400000000007,240.86400000000006,99.53706666666669,64.23040000000002,-132.4,"batch_7_wagons[W3237,W12383,W9843,W4473,W6848,W11356,W4223]"
13775.0,2025-12-10T13:35:00+00:00,retrofit,capacity_reserved,319.5,171.8299999999998,304.2299999999998,53.780907668231556,95.22065727699524,132.4,"batch_7_wagons[W3237,W12383,W9843,W4473,W6848,W11356,W4223]"
13780.0,2025-12-10T13:40:00+00:00,retrofitted,capacity_released,264.0,149.87000000000006,83.48000000000006,56.76893939393942,31.621212121212146,-66.39,"batch_4_wagons[W9430,W5173,W4380,W5872]"
13906.5,2025-12-10T15:46:30+00:00,parking16,capacity_reserved,1875.0,1711.3899999999999,1777.78,91.27413333333332,94.81493333333333,66.39,"batch_4_wagons[W9430,W5173,W4380,W5872]"
13926.0,2025-12-10T16:06:00+00:00,collection2,capacity_released,375.0,367.3300000000001,350.9300000000001,97.9546666666667,93.58133333333336,-16.4,batch_1_wagons[W5346]
13926.0,2025-12-10T16:06:00+00:00,retrofit,capacity_reserve_blocked,319.5,304.2299999999998,304.2299999999998,95.22065727699524,95.22065727699524,16.4,batch_1_wagons_WAITING[W5346]
13938.0,2025-12-10T16:18:00+00:00,retrofitted,capacity_reserved,264.0,83.48000000000006,113.92000000000006,31.621212121212146,43.15151515151518,30.439999999999998,"batch_2_wagons[W5420,W6936]"
13943.0,2025-12-10T16:23:00+00:00,retrofit,capacity_released,319.5,304.2299999999998,277.4699999999998,95.22065727699524,86.84507042253516,-43.16,"batch_2_wagons[W3230,W8479]"
13943.0,2025-12-10T16:23:00+00:00,retrofit,capacity_reserved,319.5,261.0699999999998,277.4699999999998,81.7120500782472,86.84507042253516,16.4,batch_1_wagons[W5346]
13955.0,2025-12-10T16:35:00+00:00,retrofitted,capacity_reserved,264.0,113.92000000000006,143.46000000000006,43.15151515151518,54.340909090909115,29.54,"batch_2_wagons[W0093,W3413]"
13960.0,2025-12-10T16:40:00+00:00,retrofit,capacity_released,319.5,277.4699999999998,234.7199999999998,86.84507042253516,73.46478873239431,-42.75,"batch_2_wagons[W5411,W11513]"
13991.0,2025-12-10T17:11:00+00:00,retrofitted,capacity_released,264.0,143.46000000000006,5.684341886080802e-14,54.340909090909115,2.153159805333637e-14,-143.46,"batch_8_wagons[W7598,W7513,W9727,W0674,W5420,W6936,W0093,W3413]"
14008.5,2025-12-10T17:28:30+00:00,parking3,capacity_reserved,192.75,29.68,173.14000000000001,15.398184176394292,89.82619974059664,143.46,"batch_8_wagons[W7598,W7513,W9727,W0674,W5420,W6936,W0093,W3413]"
14097.75,2025-12-10T18:57:45+00:00,collection1,capacity_reserved,375.0,240.86400000000006,255.86400000000006,64.23040000000002,68.23040000000002,15.0,batch_1_wagons[W9710]
14097.75,2025-12-10T18:57:45+00:00,collection1,capacity_reserved,375.0,255.86400000000006,268.40400000000005,68.23040000000002,71.57440000000001,12.54,batch_1_wagons[W11593]
14097.75,2025-12-10T18:57:45+00:00,collection1,capacity_reserved,375.0,268.40400000000005,282.80400000000003,71.57440000000001,75.4144,14.4,batch_1_wagons[W11019]
14097.75,2025-12-10T18:57:45+00:00,collection1,capacity_reserved,375.0,282.80400000000003,302.704,75.4144,80.72106666666666,19.9,batch_1_wagons[W3315]
14097.75,2025-12-10T18:57:45+00:00,collection1,capacity_reserved,375.0,302.704,317.104,80.72106666666666,84.56106666666666,14.4,batch_1_wagons[W9194]
14097.75,2025-12-10T18:57:45+00:00,collection1,capacity_reserved,375.0,317.104,331.144,84.56106666666666,88.30506666666666,14.04,batch_1_wagons[W6843]
14144.5,2025-12-10T19:44:30+00:00,collection2,capacity_released,375.0,350.9300000000001,280.33000000000015,93.58133333333336,74.75466666666671,-70.6,"batch_4_wagons[W4370,W9406,W5153,W3135]"
14144.5,2025-12-10T19:44:30+00:00,retrofit,capacity_reserved,319.5,234.7199999999998,305.3199999999998,73.46478873239431,95.56181533646317,70.6,"batch_4_wagons[W4370,W9406,W5153,W3135]"
14156.5,2025-12-10T19:56:30+00:00,retrofitted,capacity_reserved,264.0,5.684341886080802e-14,43.16000000000005,2.153159805333637e-14,16.34848484848487,43.16,"batch_2_wagons[W3230,W8479]"
14161.5,2025-12-10T20:01:30+00:00,retrofit,capacity_released,319.5,305.3199999999998,262.17999999999984,95.56181533646317,82.0594679186228,-43.14,"batch_2_wagons[W3087,W8637]"
14171.5,2025-12-10T20:11:30+00:00,collection1,capacity_released,375.0,331.144,280.244,88.30506666666666,74.73173333333334,-50.9,"batch_2_wagons[W0023,W10397]"
14171.5,2025-12-10T20:11:30+00:00,retrofit,capacity_reserved,319.5,262.17999999999984,313.0799999999998,82.0594679186228,97.99061032863844,50.9,"batch_2_wagons[W0023,W10397]"
14173.5,2025-12-10T20:13:30+00:00,retrofitted,capacity_reserved,264.0,43.16000000000005,85.91000000000005,16.34848484848487,32.541666666666686,42.75,"batch_2_wagons[W5411,W11513]"
14178.5,2025-12-10T20:18:30+00:00,retrofit,capacity_released,319.5,313.0799999999998,282.3399999999998,97.99061032863844,88.36932707355236,-30.740000000000002,"batch_2_wagons[W2324,W10934]"
14183.5,2025-12-10T20:23:30+00:00,retrofitted,capacity_released,264.0,85.91000000000005,42.75000000000006,32.541666666666686,16.19318181818184,-43.16,"batch_2_wagons[W3230,W8479]"
14192.0,2025-12-10T20:32:00+00:00,parking5,capacity_reserved,162.0,0.0,43.16,0.0,26.641975308641975,43.16,"batch_2_wagons[W3230,W8479]"
14202.5,2025-12-10T20:42:30+00:00,retrofitted,capacity_released,264.0,42.75000000000006,5.684341886080802e-14,16.19318181818184,2.153159805333637e-14,-42.75,"batch_2_wagons[W5411,W11513]"
14205.25,2025-12-10T20:45:15+00:00,collection1,capacity_reserved,375.0,280.244,294.644,74.73173333333334,78.57173333333334,14.4,batch_1_wagons[W10955]
14205.25,2025-12-10T20:45:15+00:00,collection1,capacity_reserved,375.0,294.644,311.824,78.57173333333334,83.15306666666667,17.18,batch_1_wagons[W2204]
14205.25,2025-12-10T20:45:15+00:00,collection1,capacity_reserved,375.0,311.824,335.724,83.15306666666667,89.5264,23.9,batch_1_wagons[W2742]
14205.25,2025-12-10T20:45:15+00:00,collection1,capacity_reserved,375.0,335.724,356.56399999999996,89.5264,95.08373333333331,20.84,batch_1_wagons[W10614]
14205.25,2025-12-10T20:45:15+00:00,collection2,capacity_reserved,375.0,280.33000000000015,302.70000000000016,74.75466666666671,80.72000000000004,22.37,batch_1_wagons[W7889]
14211.0,2025-12-10T20:51:00+00:00,parking7,capacity_reserved,159.0,0.0,42.75,0.0,26.88679245283019,42.75,"batch_2_wagons[W5411,W11513]"
14362.0,2025-12-10T23:22:00+00:00,collection1,capacity_released,375.0,356.56399999999996,323.65999999999997,95.08373333333331,86.30933333333333,-32.903999999999996,"batch_2_wagons[W0039,W2916]"
14362.0,2025-12-10T23:22:00+00:00,retrofit,capacity_reserved,319.5,282.3399999999998,315.2439999999998,88.36932707355236,98.66791862284813,32.903999999999996,"batch_2_wagons[W0039,W2916]"
14371.0,2025-12-10T23:31:00+00:00,collection2,capacity_released,375.0,302.70000000000016,282.8000000000002,80.72000000000004,75.41333333333338,-19.9,batch_1_wagons[W3903]
14371.0,2025-12-10T23:31:00+00:00,retrofit,capacity_reserve_blocked,319.5,315.2439999999998,315.2439999999998,98.66791862284813,98.66791862284813,19.9,batch_1_wagons_WAITING[W3903]
14374.0,2025-12-10T23:34:00+00:00,retrofitted,capacity_reserved,264.0,5.684341886080802e-14,43.14000000000006,2.153159805333637e-14,16.34090909090911,43.14,"batch_2_wagons[W3087,W8637]"
14379.0,2025-12-10T23:39:00+00:00,retrofit,capacity_released,319.5,315.2439999999998,303.2039999999998,98.66791862284813,94.89953051643185,-31.939999999999998,"batch_2_wagons[W4885,W3237]"
14379.0,2025-12-10T23:39:00+00:00,retrofit,capacity_reserved,319.5,283.3039999999998,303.2039999999998,88.67104851330197,94.89953051643185,19.9,batch_1_wagons[W3903]
14383.0,2025-12-10T23:43:00+00:00,retrofitted,capacity_reserved,264.0,43.14000000000006,73.88000000000005,16.34090909090911,27.984848484848506,30.740000000000002,"batch_2_wagons[W2324,W10934]"
14384.0,2025-12-10T23:44:00+00:00,retrofitted,capacity_released,264.0,73.88000000000005,30.74000000000005,27.984848484848506,11.643939393939414,-43.14,"batch_2_wagons[W3087,W8637]"
14388.0,2025-12-10T23:48:00+00:00,retrofit,capacity_released,319.5,303.2039999999998,261.04399999999976,94.89953051643185,81.70391236306722,-42.16,"batch_2_wagons[W12383,W9843]"
