timestamp,datetime,wagon_id,train_id,event,track_id,status,rejection_reason,rejection_description
360.0,2025-12-01T06:00:00+00:00,W11188,T1,ARRIVED,collection1,ARRIVED,,
360.0,2025-12-01T06:00:00+00:00,W10437,T1,ARRIVED,collection1,ARRIVED,,
420.0,2025-12-01T07:00:00+00:00,W11188,,RAKE_COUPLING_STARTED,collection1,COUPLING,,
420.0,2025-12-01T07:00:00+00:00,W10437,,RAKE_COUPLING_STARTED,collection1,COUPLING,,
425.0,2025-12-01T07:05:00+00:00,W11188,,MOVING,collection1,MOVING,,
425.0,2025-12-01T07:05:00+00:00,W10437,,MOVING,collection1,MOVING,,
442.25,2025-12-01T07:22:15+00:00,W12394,T2,ARRIVED,collection1,ARRIVED,,
442.25,2025-12-01T07:22:15+00:00,W9278,T2,ARRIVED,collection1,ARRIVED,,
485.0,2025-12-01T08:05:00+00:00,W11188,,ON_RETROFIT_TRACK,retrofit,WAITING,,
485.0,2025-12-01T08:05:00+00:00,W10437,,ON_RETROFIT_TRACK,retrofit,WAITING,,
495.0,2025-12-01T08:15:00+00:00,W11188,,MOVING,retrofit,MOVING,,
495.0,2025-12-01T08:15:00+00:00,W10437,,MOVING,retrofit,MOVING,,
500.0,2025-12-01T08:20:00+00:00,W11188,,AT_WORKSHOP,WS_01,ARRIVED,,
500.0,2025-12-01T08:20:00+00:00,W10437,,AT_WORKSHOP,WS_01,ARRIVED,,
502.5,2025-12-01T08:22:30+00:00,W3926,T3,ARRIVED,collection1,ARRIVED,,
502.5,2025-12-01T08:22:30+00:00,W5834,T3,ARRIVED,collection1,ARRIVED,,
506.0,2025-12-01T08:26:00+00:00,W11188,,RETROFIT_STARTED,WS_01,PROCESSING,,
506.0,2025-12-01T08:26:00+00:00,W10437,,RETROFIT_STARTED,WS_01,PROCESSING,,
541.5,2025-12-01T09:01:30+00:00,W9460,T4,ARRIVED,collection1,ARRIVED,,
541.5,2025-12-01T09:01:30+00:00,W9445,T4,ARRIVED,collection1,ARRIVED,,
559.0,2025-12-01T09:19:00+00:00,W12394,,RAKE_COUPLING_STARTED,collection1,COUPLING,,
559.0,2025-12-01T09:19:00+00:00,W9278,,RAKE_COUPLING_STARTED,collection1,COUPLING,,
564.0,2025-12-01T09:24:00+00:00,W12394,,MOVING,collection1,MOVING,,
564.0,2025-12-01T09:24:00+00:00,W9278,,MOVING,collection1,MOVING,,
566.0,2025-12-01T09:26:00+00:00,W11188,,RETROFIT_COMPLETED,WS_01,COMPLETED,,
566.0,2025-12-01T09:26:00+00:00,W10437,,RETROFIT_COMPLETED,WS_01,COMPLETED,,
571.5,2025-12-01T09:31:30+00:00,W11188,,RAKE_COUPLING_STARTED,WS_01,COUPLING,,
571.5,2025-12-01T09:31:30+00:00,W10437,,RAKE_COUPLING_STARTED,WS_01,COUPLING,,
573.5,2025-12-01T09:33:30+00:00,W11188,,RAKE_COUPLING_COMPLETED,WS_01,WAITING,,
573.5,2025-12-01T09:33:30+00:00,W10437,,RAKE_COUPLING_COMPLETED,WS_01,WAITING,,
573.5,2025-12-01T09:33:30+00:00,W11188,,MOVING,WS_01,MOVING,,
573.5,2025-12-01T09:33:30+00:00,W10437,,MOVING,WS_01,MOVING,,
578.5,2025-12-01T09:38:30+00:00,W11188,,ON_RETROFITTED_TRACK,retrofitted,WAITING,,
578.5,2025-12-01T09:38:30+00:00,W10437,,ON_RETROFITTED_TRACK,retrofitted,WAITING,,
624.0,2025-12-01T10:24:00+00:00,W12394,,ON_RETROFIT_TRACK,retrofit,WAITING,,
624.0,2025-12-01T10:24:00+00:00,W9278,,ON_RETROFIT_TRACK,retrofit,WAITING,,
648.0,2025-12-01T10:48:00+00:00,W12394,,MOVING,retrofit,MOVING,,
648.0,2025-12-01T10:48:00+00:00,W9278,,MOVING,retrofit,MOVING,,
653.0,2025-12-01T10:53:00+00:00,W12394,,AT_WORKSHOP,WS_01,ARRIVED,,
653.0,2025-12-01T10:53:00+00:00,W9278,,AT_WORKSHOP,WS_01,ARRIVED,,
659.0,2025-12-01T10:59:00+00:00,W12394,,RETROFIT_STARTED,WS_01,PROCESSING,,
659.0,2025-12-01T10:59:00+00:00,W9278,,RETROFIT_STARTED,WS_01,PROCESSING,,
672.75,2025-12-01T11:12:45+00:00,W10704,T5,ARRIVED,collection1,ARRIVED,,
672.75,2025-12-01T11:12:45+00:00,W3675,T5,ARRIVED,collection1,ARRIVED,,
712.0,2025-12-01T11:52:00+00:00,W11188,,PARKED,parking16,PARKED,,
712.0,2025-12-01T11:52:00+00:00,W10437,,PARKED,parking16,PARKED,,
715.0,2025-12-01T11:55:00+00:00,W7132,T6,ARRIVED,collection1,ARRIVED,,
715.0,2025-12-01T11:55:00+00:00,W8934,T6,ARRIVED,collection1,ARRIVED,,
715.0,2025-12-01T11:55:00+00:00,W6253,T6,ARRIVED,collection1,ARRIVED,,
715.0,2025-12-01T11:55:00+00:00,W7747,T6,ARRIVED,collection1,ARRIVED,,
715.0,2025-12-01T11:55:00+00:00,W10546,T6,ARRIVED,collection1,ARRIVED,,
715.0,2025-12-01T11:55:00+00:00,W7222,T6,ARRIVED,collection1,ARRIVED,,
719.0,2025-12-01T11:59:00+00:00,W12394,,RETROFIT_COMPLETED,WS_01,COMPLETED,,
719.0,2025-12-01T11:59:00+00:00,W9278,,RETROFIT_COMPLETED,WS_01,COMPLETED,,
724.0,2025-12-01T12:04:00+00:00,W3926,,RAKE_COUPLING_STARTED,collection1,COUPLING,,
724.0,2025-12-01T12:04:00+00:00,W5834,,RAKE_COUPLING_STARTED,collection1,COUPLING,,
724.0,2025-12-01T12:04:00+00:00,W9460,,RAKE_COUPLING_STARTED,collection1,COUPLING,,
724.0,2025-12-01T12:04:00+00:00,W9445,,RAKE_COUPLING_STARTED,collection1,COUPLING,,
724.5,2025-12-01T12:04:30+00:00,W0689,T7,ARRIVED,collection1,ARRIVED,,
725.0,2025-12-01T12:05:00+00:00,W11268,T8,ARRIVED,collection1,ARRIVED,,
725.0,2025-12-01T12:05:00+00:00,W11509,T8,ARRIVED,collection1,ARRIVED,,
725.0,2025-12-01T12:05:00+00:00,W6557,T8,ARRIVED,collection1,ARRIVED,,
733.0,2025-12-01T12:13:00+00:00,W3926,,MOVING,collection1,MOVING,,
733.0,2025-12-01T12:13:00+00:00,W5834,,MOVING,collection1,MOVING,,
733.0,2025-12-01T12:13:00+00:00,W9460,,MOVING,collection1,MOVING,,
733.0,2025-12-01T12:13:00+00:00,W9445,,MOVING,collection1,MOVING,,
753.25,2025-12-01T12:33:15+00:00,W10356,T9,ARRIVED,collection1,ARRIVED,,
777.0,2025-12-01T12:57:00+00:00,W12394,,RAKE_COUPLING_STARTED,WS_01,COUPLING,,
777.0,2025-12-01T12:57:00+00:00,W9278,,RAKE_COUPLING_STARTED,WS_01,COUPLING,,
779.0,2025-12-01T12:59:00+00:00,W12394,,RAKE_COUPLING_COMPLETED,WS_01,WAITING,,
779.0,2025-12-01T12:59:00+00:00,W9278,,RAKE_COUPLING_COMPLETED,WS_01,WAITING,,
779.0,2025-12-01T12:59:00+00:00,W12394,,MOVING,WS_01,MOVING,,
779.0,2025-12-01T12:59:00+00:00,W9278,,MOVING,WS_01,MOVING,,
784.0,2025-12-01T13:04:00+00:00,W12394,,ON_RETROFITTED_TRACK,retrofitted,WAITING,,
784.0,2025-12-01T13:04:00+00:00,W9278,,ON_RETROFITTED_TRACK,retrofitted,WAITING,,
785.5,2025-12-01T13:05:30+00:00,W6006,T10,ARRIVED,collection1,ARRIVED,,
785.5,2025-12-01T13:05:30+00:00,W4440,T10,ARRIVED,collection1,ARRIVED,,
785.5,2025-12-01T13:05:30+00:00,W10383,T10,ARRIVED,collection1,ARRIVED,,
793.0,2025-12-01T13:13:00+00:00,W3926,,ON_RETROFIT_TRACK,retrofit,WAITING,,
793.0,2025-12-01T13:13:00+00:00,W5834,,ON_RETROFIT_TRACK,retrofit,WAITING,,
793.0,2025-12-01T13:13:00+00:00,W9460,,ON_RETROFIT_TRACK,retrofit,WAITING,,
793.0,2025-12-01T13:13:00+00:00,W9445,,ON_RETROFIT_TRACK,retrofit,WAITING,,
803.0,2025-12-01T13:23:00+00:00,W3926,,MOVING,retrofit,MOVING,,
803.0,2025-12-01T13:23:00+00:00,W5834,,MOVING,retrofit,MOVING,,
808.0,2025-12-01T13:28:00+00:00,W3926,,AT_WORKSHOP,WS_01,ARRIVED,,
808.0,2025-12-01T13:28:00+00:00,W5834,,AT_WORKSHOP,WS_01,ARRIVED,,
814.0,2025-12-01T13:34:00+00:00,W3926,,RETROFIT_STARTED,WS_01,PROCESSING,,
814.0,2025-12-01T13:34:00+00:00,W5834,,RETROFIT_STARTED,WS_01,PROCESSING,,
829.0,2025-12-01T13:49:00+00:00,W9460,,MOVING,retrofit,MOVING,,
829.0,2025-12-01T13:49:00+00:00,W9445,,MOVING,retrofit,MOVING,,
834.0,2025-12-01T13:54:00+00:00,W9460,,AT_WORKSHOP,WS_02,ARRIVED,,
834.0,2025-12-01T13:54:00+00:00,W9445,,AT_WORKSHOP,WS_02,ARRIVED,,
840.0,2025-12-01T14:00:00+00:00,W9460,,RETROFIT_STARTED,WS_02,PROCESSING,,
840.0,2025-12-01T14:00:00+00:00,W9445,,RETROFIT_STARTED,WS_02,PROCESSING,,
866.0,2025-12-01T14:26:00+00:00,W2238,T11,ARRIVED,collection1,ARRIVED,,
866.0,2025-12-01T14:26:00+00:00,W0047,T11,ARRIVED,collection1,ARRIVED,,
866.0,2025-12-01T14:26:00+00:00,W0049,T11,ARRIVED,collection1,ARRIVED,,
874.0,2025-12-01T14:34:00+00:00,W3926,,RETROFIT_COMPLETED,WS_01,COMPLETED,,
874.0,2025-12-01T14:34:00+00:00,W5834,,RETROFIT_COMPLETED,WS_01,COMPLETED,,
879.0,2025-12-01T14:39:00+00:00,W10704,,RAKE_COUPLING_STARTED,collection1,COUPLING,,
879.0,2025-12-01T14:39:00+00:00,W3675,,RAKE_COUPLING_STARTED,collection1,COUPLING,,
879.0,2025-12-01T14:39:00+00:00,W7132,,RAKE_COUPLING_STARTED,collection1,COUPLING,,
879.0,2025-12-01T14:39:00+00:00,W8934,,RAKE_COUPLING_STARTED,collection1,COUPLING,,
879.0,2025-12-01T14:39:00+00:00,W6253,,RAKE_COUPLING_STARTED,collection1,COUPLING,,
879.0,2025-12-01T14:39:00+00:00,W7747,,RAKE_COUPLING_STARTED,collection1,COUPLING,,
879.0,2025-12-01T14:39:00+00:00,W10546,,RAKE_COUPLING_STARTED,collection1,COUPLING,,
879.0,2025-12-01T14:39:00+00:00,W7222,,RAKE_COUPLING_STARTED,collection1,COUPLING,,
879.0,2025-12-01T14:39:00+00:00,W0689,,RAKE_COUPLING_STARTED,collection1,COUPLING,,
879.0,2025-12-01T14:39:00+00:00,W11268,,RAKE_COUPLING_STARTED,collection1,COUPLING,,
879.0,2025-12-01T14:39:00+00:00,W11509,,RAKE_COUPLING_STARTED,collection1,COUPLING,,
879.0,2025-12-01T14:39:00+00:00,W6557,,RAKE_COUPLING_STARTED,collection1,COUPLING,,
879.0,2025-12-01T14:39:00+00:00,W10356,,RAKE_COUPLING_STARTED,collection1,COUPLING,,
879.0,2025-12-01T14:39:00+00:00,W6006,,RAKE_COUPLING_STARTED,collection1,COUPLING,,
879.0,2025-12-01T14:39:00+00:00,W4440,,RAKE_COUPLING_STARTED,collection1,COUPLING,,
879.0,2025-12-01T14:39:00+00:00,W10383,,RAKE_COUPLING_STARTED,collection1,COUPLING,,
879.5,2025-12-01T14:39:30+00:00,W3926,,RAKE_COUPLING_STARTED,WS_01,COUPLING,,
879.5,2025-12-01T14:39:30+00:00,W5834,,RAKE_COUPLING_STARTED,WS_01,COUPLING,,
881.5,2025-12-01T14:41:30+00:00,W3926,,RAKE_COUPLING_COMPLETED,WS_01,WAITING,,
881.5,2025-12-01T14:41:30+00:00,W5834,,RAKE_COUPLING_COMPLETED,WS_01,WAITING,,
881.5,2025-12-01T14:41:30+00:00,W3926,,MOVING,WS_01,MOVING,,
881.5,2025-12-01T14:41:30+00:00,W5834,,MOVING,WS_01,MOVING,,
886.5,2025-12-01T14:46:30+00:00,W3926,,ON_RETROFITTED_TRACK,retrofitted,WAITING,,
886.5,2025-12-01T14:46:30+00:00,W5834,,ON_RETROFITTED_TRACK,retrofitted,WAITING,,
894.75,2025-12-01T14:54:45+00:00,W2535,T12,ARRIVED,collection1,ARRIVED,,
894.75,2025-12-01T14:54:45+00:00,W7970,T12,ARRIVED,collection1,ARRIVED,,
894.75,2025-12-01T14:54:45+00:00,W4849,T12,ARRIVED,collection1,ARRIVED,,
900.0,2025-12-01T15:00:00+00:00,W9460,,RETROFIT_COMPLETED,WS_02,COMPLETED,,
900.0,2025-12-01T15:00:00+00:00,W9445,,RETROFIT_COMPLETED,WS_02,COMPLETED,,
912.0,2025-12-01T15:12:00+00:00,W10704,,MOVING,collection1,MOVING,,
912.0,2025-12-01T15:12:00+00:00,W3675,,MOVING,collection1,MOVING,,
912.0,2025-12-01T15:12:00+00:00,W7132,,MOVING,collection1,MOVING,,
912.0,2025-12-01T15:12:00+00:00,W8934,,MOVING,collection1,MOVING,,
912.0,2025-12-01T15:12:00+00:00,W6253,,MOVING,collection1,MOVING,,
912.0,2025-12-01T15:12:00+00:00,W7747,,MOVING,collection1,MOVING,,
912.0,2025-12-01T15:12:00+00:00,W10546,,MOVING,collection1,MOVING,,
912.0,2025-12-01T15:12:00+00:00,W7222,,MOVING,collection1,MOVING,,
912.0,2025-12-01T15:12:00+00:00,W0689,,MOVING,collection1,MOVING,,
912.0,2025-12-01T15:12:00+00:00,W11268,,MOVING,collection1,MOVING,,
912.0,2025-12-01T15:12:00+00:00,W11509,,MOVING,collection1,MOVING,,
912.0,2025-12-01T15:12:00+00:00,W6557,,MOVING,collection1,MOVING,,
912.0,2025-12-01T15:12:00+00:00,W10356,,MOVING,collection1,MOVING,,
912.0,2025-12-01T15:12:00+00:00,W6006,,MOVING,collection1,MOVING,,
912.0,2025-12-01T15:12:00+00:00,W4440,,MOVING,collection1,MOVING,,
912.0,2025-12-01T15:12:00+00:00,W10383,,MOVING,collection1,MOVING,,
972.0,2025-12-01T16:12:00+00:00,W10704,,ON_RETROFIT_TRACK,retrofit,WAITING,,
972.0,2025-12-01T16:12:00+00:00,W3675,,ON_RETROFIT_TRACK,retrofit,WAITING,,
972.0,2025-12-01T16:12:00+00:00,W7132,,ON_RETROFIT_TRACK,retrofit,WAITING,,
972.0,2025-12-01T16:12:00+00:00,W8934,,ON_RETROFIT_TRACK,retrofit,WAITING,,
972.0,2025-12-01T16:12:00+00:00,W6253,,ON_RETROFIT_TRACK,retrofit,WAITING,,
972.0,2025-12-01T16:12:00+00:00,W7747,,ON_RETROFIT_TRACK,retrofit,WAITING,,
972.0,2025-12-01T16:12:00+00:00,W10546,,ON_RETROFIT_TRACK,retrofit,WAITING,,
972.0,2025-12-01T16:12:00+00:00,W7222,,ON_RETROFIT_TRACK,retrofit,WAITING,,
972.0,2025-12-01T16:12:00+00:00,W0689,,ON_RETROFIT_TRACK,retrofit,WAITING,,
972.0,2025-12-01T16:12:00+00:00,W11268,,ON_RETROFIT_TRACK,retrofit,WAITING,,
972.0,2025-12-01T16:12:00+00:00,W11509,,ON_RETROFIT_TRACK,retrofit,WAITING,,
972.0,2025-12-01T16:12:00+00:00,W6557,,ON_RETROFIT_TRACK,retrofit,WAITING,,
972.0,2025-12-01T16:12:00+00:00,W10356,,ON_RETROFIT_TRACK,retrofit,WAITING,,
972.0,2025-12-01T16:12:00+00:00,W6006,,ON_RETROFIT_TRACK,retrofit,WAITING,,
972.0,2025-12-01T16:12:00+00:00,W4440,,ON_RETROFIT_TRACK,retrofit,WAITING,,
972.0,2025-12-01T16:12:00+00:00,W10383,,ON_RETROFIT_TRACK,retrofit,WAITING,,
1020.0,2025-12-01T17:00:00+00:00,W12394,,PARKED,parking16,PARKED,,
1020.0,2025-12-01T17:00:00+00:00,W9278,,PARKED,parking16,PARKED,,
1051.25,2025-12-01T17:31:15+00:00,W2967,T13,ARRIVED,collection1,ARRIVED,,
1051.25,2025-12-01T17:31:15+00:00,W9776,T13,ARRIVED,collection1,ARRIVED,,
1051.25,2025-12-01T17:31:15+00:00,W12208,T13,ARRIVED,collection1,ARRIVED,,
1051.25,2025-12-01T17:31:15+00:00,W11348,T13,ARRIVED,collection1,ARRIVED,,
1080.0,2025-12-01T18:00:00+00:00,W10704,,MOVING,retrofit,MOVING,,
1080.0,2025-12-01T18:00:00+00:00,W3675,,MOVING,retrofit,MOVING,,
1085.0,2025-12-01T18:05:00+00:00,W10704,,AT_WORKSHOP,WS_01,ARRIVED,,
1085.0,2025-12-01T18:05:00+00:00,W3675,,AT_WORKSHOP,WS_01,ARRIVED,,
1085.0,2025-12-01T18:05:00+00:00,W9460,,RAKE_COUPLING_STARTED,WS_02,COUPLING,,
1085.0,2025-12-01T18:05:00+00:00,W9445,,RAKE_COUPLING_STARTED,WS_02,COUPLING,,
1087.0,2025-12-01T18:07:00+00:00,W9460,,RAKE_COUPLING_COMPLETED,WS_02,WAITING,,
1087.0,2025-12-01T18:07:00+00:00,W9445,,RAKE_COUPLING_COMPLETED,WS_02,WAITING,,
1087.0,2025-12-01T18:07:00+00:00,W9460,,MOVING,WS_02,MOVING,,
1087.0,2025-12-01T18:07:00+00:00,W9445,,MOVING,WS_02,MOVING,,
1088.75,2025-12-01T18:08:45+00:00,W12037,T14,ARRIVED,collection1,ARRIVED,,
1088.75,2025-12-01T18:08:45+00:00,W0440,T14,ARRIVED,collection1,ARRIVED,,
1088.75,2025-12-01T18:08:45+00:00,W11988,T14,ARRIVED,collection1,ARRIVED,,
1088.75,2025-12-01T18:08:45+00:00,W12260,T14,ARRIVED,collection1,ARRIVED,,
1088.75,2025-12-01T18:08:45+00:00,W0130,T14,ARRIVED,collection1,ARRIVED,,
1088.75,2025-12-01T18:08:45+00:00,W9352,T14,ARRIVED,collection1,ARRIVED,,
1088.75,2025-12-01T18:08:45+00:00,W2980,T14,ARRIVED,collection1,ARRIVED,,
1088.75,2025-12-01T18:08:45+00:00,W2406,T14,ARRIVED,collection1,ARRIVED,,
1088.75,2025-12-01T18:08:45+00:00,W2399,T14,ARRIVED,collection1,ARRIVED,,
1091.0,2025-12-01T18:11:00+00:00,W10704,,RETROFIT_STARTED,WS_01,PROCESSING,,
1091.0,2025-12-01T18:11:00+00:00,W3675,,RETROFIT_STARTED,WS_01,PROCESSING,,
1092.0,2025-12-01T18:12:00+00:00,W9460,,ON_RETROFITTED_TRACK,retrofitted,WAITING,,
1092.0,2025-12-01T18:12:00+00:00,W9445,,ON_RETROFITTED_TRACK,retrofitted,WAITING,,
1151.0,2025-12-01T19:11:00+00:00,W10704,,RETROFIT_COMPLETED,WS_01,COMPLETED,,
1151.0,2025-12-01T19:11:00+00:00,W3675,,RETROFIT_COMPLETED,WS_01,COMPLETED,,
1157.0,2025-12-01T19:17:00+00:00,W2238,,RAKE_COUPLING_STARTED,collection1,COUPLING,,
1157.0,2025-12-01T19:17:00+00:00,W0047,,RAKE_COUPLING_STARTED,collection1,COUPLING,,
1157.0,2025-12-01T19:17:00+00:00,W0049,,RAKE_COUPLING_STARTED,collection1,COUPLING,,
1157.0,2025-12-01T19:17:00+00:00,W2535,,RAKE_COUPLING_STARTED,collection1,COUPLING,,
1166.0,2025-12-01T19:26:00+00:00,W2238,,MOVING,collection1,MOVING,,
1166.0,2025-12-01T19:26:00+00:00,W0047,,MOVING,collection1,MOVING,,
1166.0,2025-12-01T19:26:00+00:00,W0049,,MOVING,collection1,MOVING,,
1166.0,2025-12-01T19:26:00+00:00,W2535,,MOVING,collection1,MOVING,,
1224.5,2025-12-01T20:24:30+00:00,W3926,,PARKED,parking16,PARKED,,
1224.5,2025-12-01T20:24:30+00:00,W5834,,PARKED,parking16,PARKED,,
1226.0,2025-12-01T20:26:00+00:00,W2238,,ON_RETROFIT_TRACK,retrofit,WAITING,,
1226.0,2025-12-01T20:26:00+00:00,W0047,,ON_RETROFIT_TRACK,retrofit,WAITING,,
1226.0,2025-12-01T20:26:00+00:00,W0049,,ON_RETROFIT_TRACK,retrofit,WAITING,,
1226.0,2025-12-01T20:26:00+00:00,W2535,,ON_RETROFIT_TRACK,retrofit,WAITING,,
1262.0,2025-12-01T21:02:00+00:00,W7132,,MOVING,retrofit,MOVING,,
1262.0,2025-12-01T21:02:00+00:00,W8934,,MOVING,retrofit,MOVING,,
1267.0,2025-12-01T21:07:00+00:00,W7132,,AT_WORKSHOP,WS_02,ARRIVED,,
1267.0,2025-12-01T21:07:00+00:00,W8934,,AT_WORKSHOP,WS_02,ARRIVED,,
1273.0,2025-12-01T21:13:00+00:00,W7132,,RETROFIT_STARTED,WS_02,PROCESSING,,
1273.0,2025-12-01T21:13:00+00:00,W8934,,RETROFIT_STARTED,WS_02,PROCESSING,,
1283.0,2025-12-01T21:23:00+00:00,W10704,,RAKE_COUPLING_STARTED,WS_01,COUPLING,,
1283.0,2025-12-01T21:23:00+00:00,W3675,,RAKE_COUPLING_STARTED,WS_01,COUPLING,,
1285.0,2025-12-01T21:25:00+00:00,W10704,,RAKE_COUPLING_COMPLETED,WS_01,WAITING,,
1285.0,2025-12-01T21:25:00+00:00,W3675,,RAKE_COUPLING_COMPLETED,WS_01,WAITING,,
1285.0,2025-12-01T21:25:00+00:00,W10704,,MOVING,WS_01,MOVING,,
1285.0,2025-12-01T21:25:00+00:00,W3675,,MOVING,WS_01,MOVING,,
1290.0,2025-12-01T21:30:00+00:00,W10704,,ON_RETROFITTED_TRACK,retrofitted,WAITING,,
1290.0,2025-12-01T21:30:00+00:00,W3675,,ON_RETROFITTED_TRACK,retrofitted,WAITING,,
1333.0,2025-12-01T22:13:00+00:00,W7132,,RETROFIT_COMPLETED,WS_02,COMPLETED,,
1333.0,2025-12-01T22:13:00+00:00,W8934,,RETROFIT_COMPLETED,WS_02,COMPLETED,,
1344.5,2025-12-01T22:24:30+00:00,W7970,,RAKE_COUPLING_STARTED,collection1,COUPLING,,
1344.5,2025-12-01T22:24:30+00:00,W4849,,RAKE_COUPLING_STARTED,collection1,COUPLING,,
1349.5,2025-12-01T22:29:30+00:00,W7970,,MOVING,collection1,MOVING,,
1349.5,2025-12-01T22:29:30+00:00,W4849,,MOVING,collection1,MOVING,,
1409.5,2025-12-01T23:29:30+00:00,W7970,,ON_RETROFIT_TRACK,retrofit,WAITING,,
1409.5,2025-12-01T23:29:30+00:00,W4849,,ON_RETROFIT_TRACK,retrofit,WAITING,,
1423.5,2025-12-01T23:43:30+00:00,W9460,,PARKED,parking16,PARKED,,
1423.5,2025-12-01T23:43:30+00:00,W9445,,PARKED,parking16,PARKED,,
1433.5,2025-12-01T23:53:30+00:00,W6253,,MOVING,retrofit,MOVING,,
1433.5,2025-12-01T23:53:30+00:00,W7747,,MOVING,retrofit,MOVING,,
1438.5,2025-12-01T23:58:30+00:00,W6253,,AT_WORKSHOP,WS_01,ARRIVED,,
1438.5,2025-12-01T23:58:30+00:00,W7747,,AT_WORKSHOP,WS_01,ARRIVED,,
1444.5,2025-12-02T00:04:30+00:00,W6253,,RETROFIT_STARTED,WS_01,PROCESSING,,
1444.5,2025-12-02T00:04:30+00:00,W7747,,RETROFIT_STARTED,WS_01,PROCESSING,,
1454.5,2025-12-02T00:14:30+00:00,W7132,,RAKE_COUPLING_STARTED,WS_02,COUPLING,,
1454.5,2025-12-02T00:14:30+00:00,W8934,,RAKE_COUPLING_STARTED,WS_02,COUPLING,,
1456.5,2025-12-02T00:16:30+00:00,W7132,,RAKE_COUPLING_COMPLETED,WS_02,WAITING,,
1456.5,2025-12-02T00:16:30+00:00,W8934,,RAKE_COUPLING_COMPLETED,WS_02,WAITING,,
1456.5,2025-12-02T00:16:30+00:00,W7132,,MOVING,WS_02,MOVING,,
1456.5,2025-12-02T00:16:30+00:00,W8934,,MOVING,WS_02,MOVING,,
1461.5,2025-12-02T00:21:30+00:00,W7132,,ON_RETROFITTED_TRACK,retrofitted,WAITING,,
1461.5,2025-12-02T00:21:30+00:00,W8934,,ON_RETROFITTED_TRACK,retrofitted,WAITING,,
1479.0,2025-12-02T00:39:00+00:00,W1078,T15,REJECTED,REJECTED,REJECTED_NO_RETROFIT_NEEDED,No Retrofit Needed,Wagon doesn't need retrofit
1479.0,2025-12-02T00:39:00+00:00,W9868,T15,ARRIVED,collection1,ARRIVED,,
1479.0,2025-12-02T00:39:00+00:00,W12060,T15,ARRIVED,collection1,ARRIVED,,
1479.0,2025-12-02T00:39:00+00:00,W12210,T15,ARRIVED,collection1,ARRIVED,,
1479.0,2025-12-02T00:39:00+00:00,W8636,T15,ARRIVED,collection1,ARRIVED,,
1479.0,2025-12-02T00:39:00+00:00,W10949,T15,ARRIVED,collection1,ARRIVED,,
1479.0,2025-12-02T00:39:00+00:00,W8631,T15,ARRIVED,collection1,ARRIVED,,
1493.5,2025-12-02T00:53:30+00:00,W10546,,MOVING,retrofit,MOVING,,
1493.5,2025-12-02T00:53:30+00:00,W7222,,MOVING,retrofit,MOVING,,
1498.5,2025-12-02T00:58:30+00:00,W10546,,AT_WORKSHOP,WS_02,ARRIVED,,
1498.5,2025-12-02T00:58:30+00:00,W7222,,AT_WORKSHOP,WS_02,ARRIVED,,
1504.5,2025-12-02T01:04:30+00:00,W6253,,RETROFIT_COMPLETED,WS_01,COMPLETED,,
1504.5,2025-12-02T01:04:30+00:00,W7747,,RETROFIT_COMPLETED,WS_01,COMPLETED,,
1504.5,2025-12-02T01:04:30+00:00,W10546,,RETROFIT_STARTED,WS_02,PROCESSING,,
1504.5,2025-12-02T01:04:30+00:00,W7222,,RETROFIT_STARTED,WS_02,PROCESSING,,
1509.0,2025-12-02T01:09:00+00:00,W9392,T16,ARRIVED,collection2,ARRIVED,,
1509.0,2025-12-02T01:09:00+00:00,W9274,T16,ARRIVED,collection2,ARRIVED,,
1509.0,2025-12-02T01:09:00+00:00,W8613,T16,ARRIVED,collection2,ARRIVED,,
1509.0,2025-12-02T01:09:00+00:00,W10130,T16,ARRIVED,collection2,ARRIVED,,
1509.0,2025-12-02T01:09:00+00:00,W9721,T16,ARRIVED,collection2,ARRIVED,,
1509.0,2025-12-02T01:09:00+00:00,W9756,T16,ARRIVED,collection2,ARRIVED,,
1514.5,2025-12-02T01:14:30+00:00,W6253,,RAKE_COUPLING_STARTED,WS_01,COUPLING,,
1514.5,2025-12-02T01:14:30+00:00,W7747,,RAKE_COUPLING_STARTED,WS_01,COUPLING,,
1516.5,2025-12-02T01:16:30+00:00,W6253,,RAKE_COUPLING_COMPLETED,WS_01,WAITING,,
1516.5,2025-12-02T01:16:30+00:00,W7747,,RAKE_COUPLING_COMPLETED,WS_01,WAITING,,
1516.5,2025-12-02T01:16:30+00:00,W6253,,MOVING,WS_01,MOVING,,
1516.5,2025-12-02T01:16:30+00:00,W7747,,MOVING,WS_01,MOVING,,
1521.5,2025-12-02T01:21:30+00:00,W6253,,ON_RETROFITTED_TRACK,retrofitted,WAITING,,
1521.5,2025-12-02T01:21:30+00:00,W7747,,ON_RETROFITTED_TRACK,retrofitted,WAITING,,
1529.5,2025-12-02T01:29:30+00:00,W2967,,MOVING,collection1,MOVING,,
1564.5,2025-12-02T02:04:30+00:00,W10546,,RETROFIT_COMPLETED,WS_02,COMPLETED,,
1564.5,2025-12-02T02:04:30+00:00,W7222,,RETROFIT_COMPLETED,WS_02,COMPLETED,,
1589.5,2025-12-02T02:29:30+00:00,W2967,,ON_RETROFIT_TRACK,retrofit,WAITING,,
1602.5,2025-12-02T02:42:30+00:00,W3926,T17,REJECTED,REJECTED,REJECTED_NO_RETROFIT_NEEDED,No Retrofit Needed,Wagon doesn't need retrofit
1602.5,2025-12-02T02:42:30+00:00,W11467,T17,ARRIVED,collection1,ARRIVED,,
1602.5,2025-12-02T02:42:30+00:00,W10354,T17,ARRIVED,collection1,ARRIVED,,
1602.5,2025-12-02T02:42:30+00:00,W3950,T17,ARRIVED,collection2,ARRIVED,,
1602.5,2025-12-02T02:42:30+00:00,W7997,T17,ARRIVED,collection2,ARRIVED,,
1602.5,2025-12-02T02:42:30+00:00,W8626,T17,ARRIVED,collection2,ARRIVED,,
1607.5,2025-12-02T02:47:30+00:00,W0689,,MOVING,retrofit,MOVING,,
1607.5,2025-12-02T02:47:30+00:00,W11268,,MOVING,retrofit,MOVING,,
1612.5,2025-12-02T02:52:30+00:00,W0689,,AT_WORKSHOP,WS_01,ARRIVED,,
1612.5,2025-12-02T02:52:30+00:00,W11268,,AT_WORKSHOP,WS_01,ARRIVED,,
1618.5,2025-12-02T02:58:30+00:00,W0689,,RETROFIT_STARTED,WS_01,PROCESSING,,
1618.5,2025-12-02T02:58:30+00:00,W11268,,RETROFIT_STARTED,WS_01,PROCESSING,,
1628.5,2025-12-02T03:08:30+00:00,W10546,,RAKE_COUPLING_STARTED,WS_02,COUPLING,,
1628.5,2025-12-02T03:08:30+00:00,W7222,,RAKE_COUPLING_STARTED,WS_02,COUPLING,,
1630.5,2025-12-02T03:10:30+00:00,W10546,,RAKE_COUPLING_COMPLETED,WS_02,WAITING,,
1630.5,2025-12-02T03:10:30+00:00,W7222,,RAKE_COUPLING_COMPLETED,WS_02,WAITING,,
1630.5,2025-12-02T03:10:30+00:00,W10546,,MOVING,WS_02,MOVING,,
1630.5,2025-12-02T03:10:30+00:00,W7222,,MOVING,WS_02,MOVING,,
1635.5,2025-12-02T03:15:30+00:00,W10546,,ON_RETROFITTED_TRACK,retrofitted,WAITING,,
1635.5,2025-12-02T03:15:30+00:00,W7222,,ON_RETROFITTED_TRACK,retrofitted,WAITING,,
1658.0,2025-12-02T03:38:00+00:00,W10704,,PARKED,parking16,PARKED,,
1658.0,2025-12-02T03:38:00+00:00,W3675,,PARKED,parking16,PARKED,,
1658.0,2025-12-02T03:38:00+00:00,W7132,,PARKED,parking16,PARKED,,
1658.0,2025-12-02T03:38:00+00:00,W8934,,PARKED,parking16,PARKED,,
1678.5,2025-12-02T03:58:30+00:00,W0689,,RETROFIT_COMPLETED,WS_01,COMPLETED,,
1678.5,2025-12-02T03:58:30+00:00,W11268,,RETROFIT_COMPLETED,WS_01,COMPLETED,,
1687.25,2025-12-02T04:07:15+00:00,W9174,T18,ARRIVED,collection2,ARRIVED,,
1687.25,2025-12-02T04:07:15+00:00,W9169,T18,ARRIVED,collection2,ARRIVED,,
1687.25,2025-12-02T04:07:15+00:00,W9173,T18,ARRIVED,collection2,ARRIVED,,
1700.5,2025-12-02T04:20:30+00:00,W9392,,RAKE_COUPLING_STARTED,collection2,COUPLING,,
1700.5,2025-12-02T04:20:30+00:00,W9274,,RAKE_COUPLING_STARTED,collection2,COUPLING,,
1705.5,2025-12-02T04:25:30+00:00,W9392,,MOVING,collection2,MOVING,,
1705.5,2025-12-02T04:25:30+00:00,W9274,,MOVING,collection2,MOVING,,
1728.0,2025-12-02T04:48:00+00:00,W11509,,MOVING,retrofit,MOVING,,
1728.0,2025-12-02T04:48:00+00:00,W6557,,MOVING,retrofit,MOVING,,
1733.0,2025-12-02T04:53:00+00:00,W11509,,AT_WORKSHOP,WS_02,ARRIVED,,
1733.0,2025-12-02T04:53:00+00:00,W6557,,AT_WORKSHOP,WS_02,ARRIVED,,
1739.0,2025-12-02T04:59:00+00:00,W11509,,RETROFIT_STARTED,WS_02,PROCESSING,,
1739.0,2025-12-02T04:59:00+00:00,W6557,,RETROFIT_STARTED,WS_02,PROCESSING,,
1749.0,2025-12-02T05:09:00+00:00,W0689,,RAKE_COUPLING_STARTED,WS_01,COUPLING,,
1749.0,2025-12-02T05:09:00+00:00,W11268,,RAKE_COUPLING_STARTED,WS_01,COUPLING,,
1751.0,2025-12-02T05:11:00+00:00,W0689,,RAKE_COUPLING_COMPLETED,WS_01,WAITING,,
1751.0,2025-12-02T05:11:00+00:00,W11268,,RAKE_COUPLING_COMPLETED,WS_01,WAITING,,
1751.0,2025-12-02T05:11:00+00:00,W0689,,MOVING,WS_01,MOVING,,
1751.0,2025-12-02T05:11:00+00:00,W11268,,MOVING,WS_01,MOVING,,
1756.0,2025-12-02T05:16:00+00:00,W0689,,ON_RETROFITTED_TRACK,retrofitted,WAITING,,
1756.0,2025-12-02T05:16:00+00:00,W11268,,ON_RETROFITTED_TRACK,retrofitted,WAITING,,
1765.5,2025-12-02T05:25:30+00:00,W9392,,ON_RETROFIT_TRACK,retrofit,WAITING,,
1765.5,2025-12-02T05:25:30+00:00,W9274,,ON_RETROFIT_TRACK,retrofit,WAITING,,
1767.0,2025-12-02T05:27:00+00:00,W6140,T19,ARRIVED,collection2,ARRIVED,,
1789.5,2025-12-02T05:49:30+00:00,W10356,,MOVING,retrofit,MOVING,,
1789.5,2025-12-02T05:49:30+00:00,W6006,,MOVING,retrofit,MOVING,,
1794.5,2025-12-02T05:54:30+00:00,W10356,,AT_WORKSHOP,WS_01,ARRIVED,,
1794.5,2025-12-02T05:54:30+00:00,W6006,,AT_WORKSHOP,WS_01,ARRIVED,,
1799.0,2025-12-02T05:59:00+00:00,W11509,,RETROFIT_COMPLETED,WS_02,COMPLETED,,
1799.0,2025-12-02T05:59:00+00:00,W6557,,RETROFIT_COMPLETED,WS_02,COMPLETED,,
1800.5,2025-12-02T06:00:30+00:00,W10356,,RETROFIT_STARTED,WS_01,PROCESSING,,
1800.5,2025-12-02T06:00:30+00:00,W6006,,RETROFIT_STARTED,WS_01,PROCESSING,,
1810.5,2025-12-02T06:10:30+00:00,W11509,,RAKE_COUPLING_STARTED,WS_02,COUPLING,,
1810.5,2025-12-02T06:10:30+00:00,W6557,,RAKE_COUPLING_STARTED,WS_02,COUPLING,,
1812.5,2025-12-02T06:12:30+00:00,W11509,,RAKE_COUPLING_COMPLETED,WS_02,WAITING,,
1812.5,2025-12-02T06:12:30+00:00,W6557,,RAKE_COUPLING_COMPLETED,WS_02,WAITING,,
1812.5,2025-12-02T06:12:30+00:00,W11509,,MOVING,WS_02,MOVING,,
1812.5,2025-12-02T06:12:30+00:00,W6557,,MOVING,WS_02,MOVING,,
1817.5,2025-12-02T06:17:30+00:00,W11509,,ON_RETROFITTED_TRACK,retrofitted,WAITING,,
1817.5,2025-12-02T06:17:30+00:00,W6557,,ON_RETROFITTED_TRACK,retrofitted,WAITING,,
1853.5,2025-12-02T06:53:30+00:00,W10364,T20,ARRIVED,collection2,ARRIVED,,
1853.5,2025-12-02T06:53:30+00:00,W6077,T20,ARRIVED,collection2,ARRIVED,,
1860.5,2025-12-02T07:00:30+00:00,W10356,,RETROFIT_COMPLETED,WS_01,COMPLETED,,
1860.5,2025-12-02T07:00:30+00:00,W6006,,RETROFIT_COMPLETED,WS_01,COMPLETED,,
1870.0,2025-12-02T07:10:00+00:00,W9270,T21,ARRIVED,collection2,ARRIVED,,
1870.0,2025-12-02T07:10:00+00:00,W9276,T21,ARRIVED,collection2,ARRIVED,,
1870.0,2025-12-02T07:10:00+00:00,W11578,T21,ARRIVED,collection2,ARRIVED,,
1882.5,2025-12-02T07:22:30+00:00,W9776,,RAKE_COUPLING_STARTED,collection1,COUPLING,,
1882.5,2025-12-02T07:22:30+00:00,W12208,,RAKE_COUPLING_STARTED,collection1,COUPLING,,
1887.5,2025-12-02T07:27:30+00:00,W9776,,MOVING,collection1,MOVING,,
1887.5,2025-12-02T07:27:30+00:00,W12208,,MOVING,collection1,MOVING,,
1892.5,2025-12-02T07:32:30+00:00,W6253,,PARKED,parking16,PARKED,,
1892.5,2025-12-02T07:32:30+00:00,W7747,,PARKED,parking16,PARKED,,
1892.5,2025-12-02T07:32:30+00:00,W10546,,PARKED,parking16,PARKED,,
1892.5,2025-12-02T07:32:30+00:00,W7222,,PARKED,parking16,PARKED,,
1947.5,2025-12-02T08:27:30+00:00,W9776,,ON_RETROFIT_TRACK,retrofit,WAITING,,
1947.5,2025-12-02T08:27:30+00:00,W12208,,ON_RETROFIT_TRACK,retrofit,WAITING,,
1962.5,2025-12-02T08:42:30+00:00,W4440,,MOVING,retrofit,MOVING,,
1962.5,2025-12-02T08:42:30+00:00,W10383,,MOVING,retrofit,MOVING,,
1965.25,2025-12-02T08:45:15+00:00,W0623,T22,ARRIVED,collection1,ARRIVED,,
1965.25,2025-12-02T08:45:15+00:00,W11970,T22,ARRIVED,collection2,ARRIVED,,
1966.5,2025-12-02T08:46:30+00:00,W10356,,RAKE_COUPLING_STARTED,WS_01,COUPLING,,
1966.5,2025-12-02T08:46:30+00:00,W6006,,RAKE_COUPLING_STARTED,WS_01,COUPLING,,
1967.5,2025-12-02T08:47:30+00:00,W4440,,AT_WORKSHOP,WS_02,ARRIVED,,
1967.5,2025-12-02T08:47:30+00:00,W10383,,AT_WORKSHOP,WS_02,ARRIVED,,
1968.5,2025-12-02T08:48:30+00:00,W10356,,RAKE_COUPLING_COMPLETED,WS_01,WAITING,,
1968.5,2025-12-02T08:48:30+00:00,W6006,,RAKE_COUPLING_COMPLETED,WS_01,WAITING,,
1968.5,2025-12-02T08:48:30+00:00,W10356,,MOVING,WS_01,MOVING,,
1968.5,2025-12-02T08:48:30+00:00,W6006,,MOVING,WS_01,MOVING,,
1973.5,2025-12-02T08:53:30+00:00,W4440,,RETROFIT_STARTED,WS_02,PROCESSING,,
1973.5,2025-12-02T08:53:30+00:00,W10383,,RETROFIT_STARTED,WS_02,PROCESSING,,
1973.5,2025-12-02T08:53:30+00:00,W10356,,ON_RETROFITTED_TRACK,retrofitted,WAITING,,
1973.5,2025-12-02T08:53:30+00:00,W6006,,ON_RETROFITTED_TRACK,retrofitted,WAITING,,
1988.5,2025-12-02T09:08:30+00:00,W2238,,MOVING,retrofit,MOVING,,
1988.5,2025-12-02T09:08:30+00:00,W0047,,MOVING,retrofit,MOVING,,
1993.5,2025-12-02T09:13:30+00:00,W2238,,AT_WORKSHOP,WS_01,ARRIVED,,
1993.5,2025-12-02T09:13:30+00:00,W0047,,AT_WORKSHOP,WS_01,ARRIVED,,
1999.5,2025-12-02T09:19:30+00:00,W2238,,RETROFIT_STARTED,WS_01,PROCESSING,,
1999.5,2025-12-02T09:19:30+00:00,W0047,,RETROFIT_STARTED,WS_01,PROCESSING,,
2033.5,2025-12-02T09:53:30+00:00,W4440,,RETROFIT_COMPLETED,WS_02,COMPLETED,,
2033.5,2025-12-02T09:53:30+00:00,W10383,,RETROFIT_COMPLETED,WS_02,COMPLETED,,
2059.5,2025-12-02T10:19:30+00:00,W2238,,RETROFIT_COMPLETED,WS_01,COMPLETED,,
2059.5,2025-12-02T10:19:30+00:00,W0047,,RETROFIT_COMPLETED,WS_01,COMPLETED,,
2064.5,2025-12-02T10:24:30+00:00,W8613,,RAKE_COUPLING_STARTED,collection2,COUPLING,,
2064.5,2025-12-02T10:24:30+00:00,W10130,,RAKE_COUPLING_STARTED,collection2,COUPLING,,
2064.5,2025-12-02T10:24:30+00:00,W9721,,RAKE_COUPLING_STARTED,collection2,COUPLING,,
2064.5,2025-12-02T10:24:30+00:00,W9756,,RAKE_COUPLING_STARTED,collection2,COUPLING,,
2073.5,2025-12-02T10:33:30+00:00,W8613,,MOVING,collection2,MOVING,,
2073.5,2025-12-02T10:33:30+00:00,W10130,,MOVING,collection2,MOVING,,
2073.5,2025-12-02T10:33:30+00:00,W9721,,MOVING,collection2,MOVING,,
2073.5,2025-12-02T10:33:30+00:00,W9756,,MOVING,collection2,MOVING,,
2110.0,2025-12-02T11:10:00+00:00,W0689,,PARKED,parking16,PARKED,,
2110.0,2025-12-02T11:10:00+00:00,W11268,,PARKED,parking16,PARKED,,
2110.0,2025-12-02T11:10:00+00:00,W11509,,PARKED,parking16,PARKED,,
2110.0,2025-12-02T11:10:00+00:00,W6557,,PARKED,parking16,PARKED,,
2133.5,2025-12-02T11:33:30+00:00,W8613,,ON_RETROFIT_TRACK,retrofit,WAITING,,
2133.5,2025-12-02T11:33:30+00:00,W10130,,ON_RETROFIT_TRACK,retrofit,WAITING,,
2133.5,2025-12-02T11:33:30+00:00,W9721,,ON_RETROFIT_TRACK,retrofit,WAITING,,
2133.5,2025-12-02T11:33:30+00:00,W9756,,ON_RETROFIT_TRACK,retrofit,WAITING,,
2138.0,2025-12-02T11:38:00+00:00,W2926,T23,REJECTED,REJECTED,REJECTED,NO_COLLECTION_TRACK,No collection track available
2138.0,2025-12-02T11:38:00+00:00,W5391,T23,REJECTED,REJECTED,REJECTED,NO_COLLECTION_TRACK,No collection track available
2138.0,2025-12-02T11:38:00+00:00,W6682,T23,REJECTED,REJECTED,REJECTED,NO_COLLECTION_TRACK,No collection track available
2138.0,2025-12-02T11:38:00+00:00,W11256,T23,REJECTED,REJECTED,REJECTED,NO_COLLECTION_TRACK,No collection track available
2138.0,2025-12-02T11:38:00+00:00,W10892,T23,REJECTED,REJECTED,REJECTED,NO_COLLECTION_TRACK,No collection track available
2138.0,2025-12-02T11:38:00+00:00,W3173,T23,ARRIVED,collection2,ARRIVED,,
2138.0,2025-12-02T11:38:00+00:00,W5038,T23,ARRIVED,collection2,ARRIVED,,
2138.0,2025-12-02T11:38:00+00:00,W11261,T23,ARRIVED,collection1,ARRIVED,,
2138.0,2025-12-02T11:38:00+00:00,W11259,T23,ARRIVED,collection2,ARRIVED,,
2138.0,2025-12-02T11:38:00+00:00,W5167,T23,ARRIVED,collection2,ARRIVED,,
2138.0,2025-12-02T11:38:00+00:00,W4666,T23,ARRIVED,collection2,ARRIVED,,
2138.0,2025-12-02T11:38:00+00:00,W11269,T23,ARRIVED,collection2,ARRIVED,,
2138.0,2025-12-02T11:38:00+00:00,W3811,T23,ARRIVED,collection2,ARRIVED,,
2149.75,2025-12-02T11:49:45+00:00,W3926,T24,REJECTED,REJECTED,REJECTED_NO_RETROFIT_NEEDED,No Retrofit Needed,Wagon doesn't need retrofit
2149.75,2025-12-02T11:49:45+00:00,W1906,T24,REJECTED,REJECTED,REJECTED,NO_COLLECTION_TRACK,No collection track available
2158.0,2025-12-02T11:58:00+00:00,W1158,T25,REJECTED,REJECTED,REJECTED,NO_COLLECTION_TRACK,No collection track available
2158.0,2025-12-02T11:58:00+00:00,W1139,T25,REJECTED,REJECTED,REJECTED,NO_COLLECTION_TRACK,No collection track available
2158.0,2025-12-02T11:58:00+00:00,W1149,T25,REJECTED,REJECTED,REJECTED,NO_COLLECTION_TRACK,No collection track available
2158.0,2025-12-02T11:58:00+00:00,W1150,T25,REJECTED,REJECTED,REJECTED,NO_COLLECTION_TRACK,No collection track available
2158.0,2025-12-02T11:58:00+00:00,W1151,T25,REJECTED,REJECTED,REJECTED,NO_COLLECTION_TRACK,No collection track available
2158.0,2025-12-02T11:58:00+00:00,W1152,T25,REJECTED,REJECTED,REJECTED,NO_COLLECTION_TRACK,No collection track available
2158.0,2025-12-02T11:58:00+00:00,W1156,T25,REJECTED,REJECTED,REJECTED,NO_COLLECTION_TRACK,No collection track available
2158.0,2025-12-02T11:58:00+00:00,W1174,T25,REJECTED,REJECTED,REJECTED,NO_COLLECTION_TRACK,No collection track available
2158.0,2025-12-02T11:58:00+00:00,W1161,T25,REJECTED,REJECTED,REJECTED,NO_COLLECTION_TRACK,No collection track available
2164.5,2025-12-02T12:04:30+00:00,W4440,,RAKE_COUPLING_STARTED,WS_02,COUPLING,,
2164.5,2025-12-02T12:04:30+00:00,W10383,,RAKE_COUPLING_STARTED,WS_02,COUPLING,,
2166.5,2025-12-02T12:06:30+00:00,W4440,,RAKE_COUPLING_COMPLETED,WS_02,WAITING,,
2166.5,2025-12-02T12:06:30+00:00,W10383,,RAKE_COUPLING_COMPLETED,WS_02,WAITING,,
2166.5,2025-12-02T12:06:30+00:00,W4440,,MOVING,WS_02,MOVING,,
2166.5,2025-12-02T12:06:30+00:00,W10383,,MOVING,WS_02,MOVING,,
2171.5,2025-12-02T12:11:30+00:00,W4440,,ON_RETROFITTED_TRACK,retrofitted,WAITING,,
2171.5,2025-12-02T12:11:30+00:00,W10383,,ON_RETROFITTED_TRACK,retrofitted,WAITING,,
2175.0,2025-12-02T12:15:00+00:00,W2238,,RAKE_COUPLING_STARTED,WS_01,COUPLING,,
2175.0,2025-12-02T12:15:00+00:00,W0047,,RAKE_COUPLING_STARTED,WS_01,COUPLING,,
2177.0,2025-12-02T12:17:00+00:00,W2238,,RAKE_COUPLING_COMPLETED,WS_01,WAITING,,
2177.0,2025-12-02T12:17:00+00:00,W0047,,RAKE_COUPLING_COMPLETED,WS_01,WAITING,,
2177.0,2025-12-02T12:17:00+00:00,W2238,,MOVING,WS_01,MOVING,,
2177.0,2025-12-02T12:17:00+00:00,W0047,,MOVING,WS_01,MOVING,,
2182.0,2025-12-02T12:22:00+00:00,W2238,,ON_RETROFITTED_TRACK,retrofitted,WAITING,,
2182.0,2025-12-02T12:22:00+00:00,W0047,,ON_RETROFITTED_TRACK,retrofitted,WAITING,,
2197.0,2025-12-02T12:37:00+00:00,W0049,,MOVING,retrofit,MOVING,,
2197.0,2025-12-02T12:37:00+00:00,W2535,,MOVING,retrofit,MOVING,,
2202.0,2025-12-02T12:42:00+00:00,W0049,,AT_WORKSHOP,WS_02,ARRIVED,,
2202.0,2025-12-02T12:42:00+00:00,W2535,,AT_WORKSHOP,WS_02,ARRIVED,,
2208.0,2025-12-02T12:48:00+00:00,W0049,,RETROFIT_STARTED,WS_02,PROCESSING,,
2208.0,2025-12-02T12:48:00+00:00,W2535,,RETROFIT_STARTED,WS_02,PROCESSING,,
2223.0,2025-12-02T13:03:00+00:00,W7970,,MOVING,retrofit,MOVING,,
2223.0,2025-12-02T13:03:00+00:00,W4849,,MOVING,retrofit,MOVING,,
2228.0,2025-12-02T13:08:00+00:00,W7970,,AT_WORKSHOP,WS_01,ARRIVED,,
2228.0,2025-12-02T13:08:00+00:00,W4849,,AT_WORKSHOP,WS_01,ARRIVED,,
2234.0,2025-12-02T13:14:00+00:00,W7970,,RETROFIT_STARTED,WS_01,PROCESSING,,
2234.0,2025-12-02T13:14:00+00:00,W4849,,RETROFIT_STARTED,WS_01,PROCESSING,,
2258.0,2025-12-02T13:38:00+00:00,W10889,T26,REJECTED,REJECTED,REJECTED,NO_COLLECTION_TRACK,No collection track available
2258.0,2025-12-02T13:38:00+00:00,W11254,T26,ARRIVED,collection2,ARRIVED,,
2258.0,2025-12-02T13:38:00+00:00,W10878,T26,ARRIVED,collection2,ARRIVED,,
2268.0,2025-12-02T13:48:00+00:00,W0049,,RETROFIT_COMPLETED,WS_02,COMPLETED,,
2268.0,2025-12-02T13:48:00+00:00,W2535,,RETROFIT_COMPLETED,WS_02,COMPLETED,,
2294.0,2025-12-02T14:14:00+00:00,W7970,,RETROFIT_COMPLETED,WS_01,COMPLETED,,
2294.0,2025-12-02T14:14:00+00:00,W4849,,RETROFIT_COMPLETED,WS_01,COMPLETED,,
2299.0,2025-12-02T14:19:00+00:00,W11348,,RAKE_COUPLING_STARTED,collection1,COUPLING,,
2299.0,2025-12-02T14:19:00+00:00,W12037,,RAKE_COUPLING_STARTED,collection1,COUPLING,,
2303.75,2025-12-02T14:23:45+00:00,W11320,T27,REJECTED,REJECTED,REJECTED,NO_COLLECTION_TRACK,No collection track available
2303.75,2025-12-02T14:23:45+00:00,W5833,T27,REJECTED,REJECTED,REJECTED,NO_COLLECTION_TRACK,No collection track available
2303.75,2025-12-02T14:23:45+00:00,W6096,T27,REJECTED,REJECTED,REJECTED,NO_COLLECTION_TRACK,No collection track available
2303.75,2025-12-02T14:23:45+00:00,W0874,T27,REJECTED,REJECTED,REJECTED,NO_COLLECTION_TRACK,No collection track available
2303.75,2025-12-02T14:23:45+00:00,W10689,T27,REJECTED,REJECTED,REJECTED,NO_COLLECTION_TRACK,No collection track available
2303.75,2025-12-02T14:23:45+00:00,W5838,T27,REJECTED,REJECTED,REJECTED,NO_COLLECTION_TRACK,No collection track available
2303.75,2025-12-02T14:23:45+00:00,W11241,T27,REJECTED,REJECTED,REJECTED,NO_COLLECTION_TRACK,No collection track available
2303.75,2025-12-02T14:23:45+00:00,W2444,T27,REJECTED,REJECTED,REJECTED,NO_COLLECTION_TRACK,No collection track available
2303.75,2025-12-02T14:23:45+00:00,W10134,T27,REJECTED,REJECTED,REJECTED,NO_COLLECTION_TRACK,No collection track available
2304.0,2025-12-02T14:24:00+00:00,W11348,,MOVING,collection1,MOVING,,
2304.0,2025-12-02T14:24:00+00:00,W12037,,MOVING,collection1,MOVING,,
2305.0,2025-12-02T14:25:00+00:00,W10356,,PARKED,parking16,PARKED,,
2305.0,2025-12-02T14:25:00+00:00,W6006,,PARKED,parking16,PARKED,,
2324.25,2025-12-02T14:44:15+00:00,W7862,T28,REJECTED,REJECTED,REJECTED,NO_COLLECTION_TRACK,No collection track available
2324.25,2025-12-02T14:44:15+00:00,W10284,T28,REJECTED,REJECTED,REJECTED,NO_COLLECTION_TRACK,No collection track available
2324.25,2025-12-02T14:44:15+00:00,W2696,T28,REJECTED,REJECTED,REJECTED,NO_COLLECTION_TRACK,No collection track available
2324.25,2025-12-02T14:44:15+00:00,W9329,T28,REJECTED,REJECTED,REJECTED,NO_COLLECTION_TRACK,No collection track available
2364.0,2025-12-02T15:24:00+00:00,W11348,,ON_RETROFIT_TRACK,retrofit,WAITING,,
2364.0,2025-12-02T15:24:00+00:00,W12037,,ON_RETROFIT_TRACK,retrofit,WAITING,,
2370.0,2025-12-02T15:30:00+00:00,W0049,,RAKE_COUPLING_STARTED,WS_02,COUPLING,,
2370.0,2025-12-02T15:30:00+00:00,W2535,,RAKE_COUPLING_STARTED,WS_02,COUPLING,,
2372.0,2025-12-02T15:32:00+00:00,W0049,,RAKE_COUPLING_COMPLETED,WS_02,WAITING,,
2372.0,2025-12-02T15:32:00+00:00,W2535,,RAKE_COUPLING_COMPLETED,WS_02,WAITING,,
2372.0,2025-12-02T15:32:00+00:00,W0049,,MOVING,WS_02,MOVING,,
2372.0,2025-12-02T15:32:00+00:00,W2535,,MOVING,WS_02,MOVING,,
2377.0,2025-12-02T15:37:00+00:00,W0049,,ON_RETROFITTED_TRACK,retrofitted,WAITING,,
2377.0,2025-12-02T15:37:00+00:00,W2535,,ON_RETROFITTED_TRACK,retrofitted,WAITING,,
2383.0,2025-12-02T15:43:00+00:00,W7970,,RAKE_COUPLING_STARTED,WS_01,COUPLING,,
2383.0,2025-12-02T15:43:00+00:00,W4849,,RAKE_COUPLING_STARTED,WS_01,COUPLING,,
2385.0,2025-12-02T15:45:00+00:00,W7970,,RAKE_COUPLING_COMPLETED,WS_01,WAITING,,
2385.0,2025-12-02T15:45:00+00:00,W4849,,RAKE_COUPLING_COMPLETED,WS_01,WAITING,,
2385.0,2025-12-02T15:45:00+00:00,W7970,,MOVING,WS_01,MOVING,,
2385.0,2025-12-02T15:45:00+00:00,W4849,,MOVING,WS_01,MOVING,,
2390.0,2025-12-02T15:50:00+00:00,W7970,,ON_RETROFITTED_TRACK,retrofitted,WAITING,,
2390.0,2025-12-02T15:50:00+00:00,W4849,,ON_RETROFITTED_TRACK,retrofitted,WAITING,,
2405.0,2025-12-02T16:05:00+00:00,W2967,,MOVING,retrofit,MOVING,,
2405.0,2025-12-02T16:05:00+00:00,W9392,,MOVING,retrofit,MOVING,,
2410.0,2025-12-02T16:10:00+00:00,W2967,,AT_WORKSHOP,WS_02,ARRIVED,,
2410.0,2025-12-02T16:10:00+00:00,W9392,,AT_WORKSHOP,WS_02,ARRIVED,,
2416.0,2025-12-02T16:16:00+00:00,W2967,,RETROFIT_STARTED,WS_02,PROCESSING,,
2416.0,2025-12-02T16:16:00+00:00,W9392,,RETROFIT_STARTED,WS_02,PROCESSING,,
2431.0,2025-12-02T16:31:00+00:00,W9274,,MOVING,retrofit,MOVING,,
2431.0,2025-12-02T16:31:00+00:00,W9776,,MOVING,retrofit,MOVING,,
2436.0,2025-12-02T16:36:00+00:00,W9274,,AT_WORKSHOP,WS_01,ARRIVED,,
2436.0,2025-12-02T16:36:00+00:00,W9776,,AT_WORKSHOP,WS_01,ARRIVED,,
2442.0,2025-12-02T16:42:00+00:00,W9274,,RETROFIT_STARTED,WS_01,PROCESSING,,
2442.0,2025-12-02T16:42:00+00:00,W9776,,RETROFIT_STARTED,WS_01,PROCESSING,,
2476.0,2025-12-02T17:16:00+00:00,W2967,,RETROFIT_COMPLETED,WS_02,COMPLETED,,
2476.0,2025-12-02T17:16:00+00:00,W9392,,RETROFIT_COMPLETED,WS_02,COMPLETED,,
2484.75,2025-12-02T17:24:45+00:00,W8549,T29,REJECTED,REJECTED,REJECTED,NO_COLLECTION_TRACK,No collection track available
2484.75,2025-12-02T17:24:45+00:00,W5978,T29,ARRIVED,collection1,ARRIVED,,
2484.75,2025-12-02T17:24:45+00:00,W5686,T29,ARRIVED,collection1,ARRIVED,,
2484.75,2025-12-02T17:24:45+00:00,W5403,T29,ARRIVED,collection1,ARRIVED,,
2484.75,2025-12-02T17:24:45+00:00,W9401,T29,ARRIVED,collection1,ARRIVED,,
2502.0,2025-12-02T17:42:00+00:00,W9274,,RETROFIT_COMPLETED,WS_01,COMPLETED,,
2502.0,2025-12-02T17:42:00+00:00,W9776,,RETROFIT_COMPLETED,WS_01,COMPLETED,,
2510.0,2025-12-02T17:50:00+00:00,W3950,,MOVING,collection2,MOVING,,
2513.5,2025-12-02T17:53:30+00:00,W4440,,PARKED,parking16,PARKED,,
2513.5,2025-12-02T17:53:30+00:00,W10383,,PARKED,parking16,PARKED,,
2513.5,2025-12-02T17:53:30+00:00,W2238,,PARKED,parking16,PARKED,,
2513.5,2025-12-02T17:53:30+00:00,W0047,,PARKED,parking16,PARKED,,
2523.0,2025-12-02T18:03:00+00:00,W8467,T30,REJECTED,REJECTED,REJECTED,NO_COLLECTION_TRACK,No collection track available
2523.0,2025-12-02T18:03:00+00:00,W11192,T30,REJECTED,REJECTED,REJECTED,NO_COLLECTION_TRACK,No collection track available
2523.0,2025-12-02T18:03:00+00:00,W11193,T30,REJECTED,REJECTED,REJECTED,NO_COLLECTION_TRACK,No collection track available
2529.25,2025-12-02T18:09:15+00:00,W10099,T31,REJECTED,REJECTED,REJECTED,NO_COLLECTION_TRACK,No collection track available
2529.25,2025-12-02T18:09:15+00:00,W3424,T31,REJECTED,REJECTED,REJECTED,NO_COLLECTION_TRACK,No collection track available
2529.25,2025-12-02T18:09:15+00:00,W11541,T31,REJECTED,REJECTED,REJECTED,NO_COLLECTION_TRACK,No collection track available
2529.25,2025-12-02T18:09:15+00:00,W8706,T31,REJECTED,REJECTED,REJECTED,NO_COLLECTION_TRACK,No collection track available
2529.25,2025-12-02T18:09:15+00:00,W10826,T31,REJECTED,REJECTED,REJECTED,NO_COLLECTION_TRACK,No collection track available
2529.25,2025-12-02T18:09:15+00:00,W10396,T31,REJECTED,REJECTED,REJECTED,NO_COLLECTION_TRACK,No collection track available
2570.0,2025-12-02T18:50:00+00:00,W3950,,ON_RETROFIT_TRACK,retrofit,WAITING,,
2571.5,2025-12-02T18:51:30+00:00,W11361,T32,REJECTED,REJECTED,REJECTED,NO_COLLECTION_TRACK,No collection track available
2571.5,2025-12-02T18:51:30+00:00,W12313,T32,REJECTED,REJECTED,REJECTED,NO_COLLECTION_TRACK,No collection track available
2574.0,2025-12-02T18:54:00+00:00,W5897,T33,REJECTED,REJECTED,REJECTED,NO_COLLECTION_TRACK,No collection track available
2574.0,2025-12-02T18:54:00+00:00,W6930,T33,REJECTED,REJECTED,REJECTED,NO_COLLECTION_TRACK,No collection track available
2574.0,2025-12-02T18:54:00+00:00,W6224,T33,REJECTED,REJECTED,REJECTED,NO_COLLECTION_TRACK,No collection track available
2578.5,2025-12-02T18:58:30+00:00,W2967,,RAKE_COUPLING_STARTED,WS_02,COUPLING,,
2578.5,2025-12-02T18:58:30+00:00,W9392,,RAKE_COUPLING_STARTED,WS_02,COUPLING,,
2580.5,2025-12-02T19:00:30+00:00,W2967,,RAKE_COUPLING_COMPLETED,WS_02,WAITING,,
2580.5,2025-12-02T19:00:30+00:00,W9392,,RAKE_COUPLING_COMPLETED,WS_02,WAITING,,
2580.5,2025-12-02T19:00:30+00:00,W2967,,MOVING,WS_02,MOVING,,
2580.5,2025-12-02T19:00:30+00:00,W9392,,MOVING,WS_02,MOVING,,
2583.0,2025-12-02T19:03:00+00:00,W9274,,RAKE_COUPLING_STARTED,WS_01,COUPLING,,
2583.0,2025-12-02T19:03:00+00:00,W9776,,RAKE_COUPLING_STARTED,WS_01,COUPLING,,
2585.0,2025-12-02T19:05:00+00:00,W9274,,RAKE_COUPLING_COMPLETED,WS_01,WAITING,,
2585.0,2025-12-02T19:05:00+00:00,W9776,,RAKE_COUPLING_COMPLETED,WS_01,WAITING,,
2585.0,2025-12-02T19:05:00+00:00,W9274,,MOVING,WS_01,MOVING,,
2585.0,2025-12-02T19:05:00+00:00,W9776,,MOVING,WS_01,MOVING,,
2585.5,2025-12-02T19:05:30+00:00,W2967,,ON_RETROFITTED_TRACK,retrofitted,WAITING,,
2585.5,2025-12-02T19:05:30+00:00,W9392,,ON_RETROFITTED_TRACK,retrofitted,WAITING,,
2590.0,2025-12-02T19:10:00+00:00,W9274,,ON_RETROFITTED_TRACK,retrofitted,WAITING,,
2590.0,2025-12-02T19:10:00+00:00,W9776,,ON_RETROFITTED_TRACK,retrofitted,WAITING,,
2605.0,2025-12-02T19:25:00+00:00,W12208,,MOVING,retrofit,MOVING,,
2605.0,2025-12-02T19:25:00+00:00,W8613,,MOVING,retrofit,MOVING,,
2610.0,2025-12-02T19:30:00+00:00,W12208,,AT_WORKSHOP,WS_02,ARRIVED,,
2610.0,2025-12-02T19:30:00+00:00,W8613,,AT_WORKSHOP,WS_02,ARRIVED,,
2616.0,2025-12-02T19:36:00+00:00,W12208,,RETROFIT_STARTED,WS_02,PROCESSING,,
2616.0,2025-12-02T19:36:00+00:00,W8613,,RETROFIT_STARTED,WS_02,PROCESSING,,
2631.0,2025-12-02T19:51:00+00:00,W10130,,MOVING,retrofit,MOVING,,
2631.0,2025-12-02T19:51:00+00:00,W9721,,MOVING,retrofit,MOVING,,
2636.0,2025-12-02T19:56:00+00:00,W10130,,AT_WORKSHOP,WS_01,ARRIVED,,
2636.0,2025-12-02T19:56:00+00:00,W9721,,AT_WORKSHOP,WS_01,ARRIVED,,
2642.0,2025-12-02T20:02:00+00:00,W10130,,RETROFIT_STARTED,WS_01,PROCESSING,,
2642.0,2025-12-02T20:02:00+00:00,W9721,,RETROFIT_STARTED,WS_01,PROCESSING,,
2666.75,2025-12-02T20:26:45+00:00,W8527,T34,REJECTED,REJECTED,REJECTED,NO_COLLECTION_TRACK,No collection track available
2666.75,2025-12-02T20:26:45+00:00,W0043,T34,REJECTED,REJECTED,REJECTED,NO_COLLECTION_TRACK,No collection track available
2666.75,2025-12-02T20:26:45+00:00,W12077,T34,ARRIVED,collection2,ARRIVED,,
2666.75,2025-12-02T20:26:45+00:00,W11766,T34,ARRIVED,collection2,ARRIVED,,
2666.75,2025-12-02T20:26:45+00:00,W4793,T34,ARRIVED,collection2,ARRIVED,,
2666.75,2025-12-02T20:26:45+00:00,W11718,T34,ARRIVED,collection2,ARRIVED,,
2676.0,2025-12-02T20:36:00+00:00,W12208,,RETROFIT_COMPLETED,WS_02,COMPLETED,,
2676.0,2025-12-02T20:36:00+00:00,W8613,,RETROFIT_COMPLETED,WS_02,COMPLETED,,
2702.0,2025-12-02T21:02:00+00:00,W10130,,RETROFIT_COMPLETED,WS_01,COMPLETED,,
2702.0,2025-12-02T21:02:00+00:00,W9721,,RETROFIT_COMPLETED,WS_01,COMPLETED,,
2707.0,2025-12-02T21:07:00+00:00,W0440,,RAKE_COUPLING_STARTED,collection1,COUPLING,,
2707.0,2025-12-02T21:07:00+00:00,W11988,,RAKE_COUPLING_STARTED,collection1,COUPLING,,
2707.0,2025-12-02T21:07:00+00:00,W12260,,RAKE_COUPLING_STARTED,collection1,COUPLING,,
2714.0,2025-12-02T21:14:00+00:00,W0440,,MOVING,collection1,MOVING,,
2714.0,2025-12-02T21:14:00+00:00,W11988,,MOVING,collection1,MOVING,,
2714.0,2025-12-02T21:14:00+00:00,W12260,,MOVING,collection1,MOVING,,
2717.75,2025-12-02T21:17:45+00:00,W2772,T35,REJECTED,REJECTED,REJECTED,NO_COLLECTION_TRACK,No collection track available
2717.75,2025-12-02T21:17:45+00:00,W3651,T35,REJECTED,REJECTED,REJECTED,NO_COLLECTION_TRACK,No collection track available
2717.75,2025-12-02T21:17:45+00:00,W4026,T35,REJECTED,REJECTED,REJECTED,NO_COLLECTION_TRACK,No collection track available
2717.75,2025-12-02T21:17:45+00:00,W2716,T35,REJECTED,REJECTED,REJECTED,NO_COLLECTION_TRACK,No collection track available
2717.75,2025-12-02T21:17:45+00:00,W11989,T35,REJECTED,REJECTED,REJECTED,NO_COLLECTION_TRACK,No collection track available
2717.75,2025-12-02T21:17:45+00:00,W10725,T35,REJECTED,REJECTED,REJECTED,NO_COLLECTION_TRACK,No collection track available
2717.75,2025-12-02T21:17:45+00:00,W10728,T35,REJECTED,REJECTED,REJECTED,NO_COLLECTION_TRACK,No collection track available
2722.0,2025-12-02T21:22:00+00:00,W0049,,PARKED,parking16,PARKED,,
2722.0,2025-12-02T21:22:00+00:00,W2535,,PARKED,parking16,PARKED,,
2722.0,2025-12-02T21:22:00+00:00,W7970,,PARKED,parking16,PARKED,,
2722.0,2025-12-02T21:22:00+00:00,W4849,,PARKED,parking16,PARKED,,
2774.0,2025-12-02T22:14:00+00:00,W0440,,ON_RETROFIT_TRACK,retrofit,WAITING,,
2774.0,2025-12-02T22:14:00+00:00,W11988,,ON_RETROFIT_TRACK,retrofit,WAITING,,
2774.0,2025-12-02T22:14:00+00:00,W12260,,ON_RETROFIT_TRACK,retrofit,WAITING,,
2787.0,2025-12-02T22:27:00+00:00,W12208,,RAKE_COUPLING_STARTED,WS_02,COUPLING,,
2787.0,2025-12-02T22:27:00+00:00,W8613,,RAKE_COUPLING_STARTED,WS_02,COUPLING,,
2789.0,2025-12-02T22:29:00+00:00,W12208,,RAKE_COUPLING_COMPLETED,WS_02,WAITING,,
2789.0,2025-12-02T22:29:00+00:00,W8613,,RAKE_COUPLING_COMPLETED,WS_02,WAITING,,
2789.0,2025-12-02T22:29:00+00:00,W12208,,MOVING,WS_02,MOVING,,
2789.0,2025-12-02T22:29:00+00:00,W8613,,MOVING,WS_02,MOVING,,
2794.0,2025-12-02T22:34:00+00:00,W12208,,ON_RETROFITTED_TRACK,retrofitted,WAITING,,
2794.0,2025-12-02T22:34:00+00:00,W8613,,ON_RETROFITTED_TRACK,retrofitted,WAITING,,
2799.0,2025-12-02T22:39:00+00:00,W10130,,RAKE_COUPLING_STARTED,WS_01,COUPLING,,
2799.0,2025-12-02T22:39:00+00:00,W9721,,RAKE_COUPLING_STARTED,WS_01,COUPLING,,
2801.0,2025-12-02T22:41:00+00:00,W10130,,RAKE_COUPLING_COMPLETED,WS_01,WAITING,,
2801.0,2025-12-02T22:41:00+00:00,W9721,,RAKE_COUPLING_COMPLETED,WS_01,WAITING,,
2801.0,2025-12-02T22:41:00+00:00,W10130,,MOVING,WS_01,MOVING,,
2801.0,2025-12-02T22:41:00+00:00,W9721,,MOVING,WS_01,MOVING,,
2806.0,2025-12-02T22:46:00+00:00,W10130,,ON_RETROFITTED_TRACK,retrofitted,WAITING,,
2806.0,2025-12-02T22:46:00+00:00,W9721,,ON_RETROFITTED_TRACK,retrofitted,WAITING,,
2821.0,2025-12-02T23:01:00+00:00,W9756,,MOVING,retrofit,MOVING,,
2821.0,2025-12-02T23:01:00+00:00,W11348,,MOVING,retrofit,MOVING,,
2826.0,2025-12-02T23:06:00+00:00,W9756,,AT_WORKSHOP,WS_02,ARRIVED,,
2826.0,2025-12-02T23:06:00+00:00,W11348,,AT_WORKSHOP,WS_02,ARRIVED,,
2832.0,2025-12-02T23:12:00+00:00,W9756,,RETROFIT_STARTED,WS_02,PROCESSING,,
2832.0,2025-12-02T23:12:00+00:00,W11348,,RETROFIT_STARTED,WS_02,PROCESSING,,
2844.75,2025-12-02T23:24:45+00:00,W7261,T36,ARRIVED,collection1,ARRIVED,,
2844.75,2025-12-02T23:24:45+00:00,W7263,T36,ARRIVED,collection1,ARRIVED,,
2844.75,2025-12-02T23:24:45+00:00,W6339,T36,ARRIVED,collection1,ARRIVED,,
2844.75,2025-12-02T23:24:45+00:00,W3618,T36,ARRIVED,collection1,ARRIVED,,
2844.75,2025-12-02T23:24:45+00:00,W7252,T36,ARRIVED,collection1,ARRIVED,,
2847.0,2025-12-02T23:27:00+00:00,W12037,,MOVING,retrofit,MOVING,,
2847.0,2025-12-02T23:27:00+00:00,W3950,,MOVING,retrofit,MOVING,,
2852.0,2025-12-02T23:32:00+00:00,W12037,,AT_WORKSHOP,WS_01,ARRIVED,,
2852.0,2025-12-02T23:32:00+00:00,W3950,,AT_WORKSHOP,WS_01,ARRIVED,,
2858.0,2025-12-02T23:38:00+00:00,W12037,,RETROFIT_STARTED,WS_01,PROCESSING,,
2858.0,2025-12-02T23:38:00+00:00,W3950,,RETROFIT_STARTED,WS_01,PROCESSING,,
2892.0,2025-12-03T00:12:00+00:00,W9756,,RETROFIT_COMPLETED,WS_02,COMPLETED,,
2892.0,2025-12-03T00:12:00+00:00,W11348,,RETROFIT_COMPLETED,WS_02,COMPLETED,,
2894.75,2025-12-03T00:14:45+00:00,W10321,T37,REJECTED,REJECTED,REJECTED,NO_COLLECTION_TRACK,No collection track available
2894.75,2025-12-03T00:14:45+00:00,W7806,T37,REJECTED,REJECTED,REJECTED,NO_COLLECTION_TRACK,No collection track available
2894.75,2025-12-03T00:14:45+00:00,W6352,T37,ARRIVED,collection1,ARRIVED,,
2918.0,2025-12-03T00:38:00+00:00,W12037,,RETROFIT_COMPLETED,WS_01,COMPLETED,,
2918.0,2025-12-03T00:38:00+00:00,W3950,,RETROFIT_COMPLETED,WS_01,COMPLETED,,
2923.0,2025-12-03T00:43:00+00:00,W7997,,RAKE_COUPLING_STARTED,collection2,COUPLING,,
2923.0,2025-12-03T00:43:00+00:00,W8626,,RAKE_COUPLING_STARTED,collection2,COUPLING,,
2923.0,2025-12-03T00:43:00+00:00,W9174,,RAKE_COUPLING_STARTED,collection2,COUPLING,,
2923.0,2025-12-03T00:43:00+00:00,W9169,,RAKE_COUPLING_STARTED,collection2,COUPLING,,
2930.5,2025-12-03T00:50:30+00:00,W2967,,PARKED,parking16,PARKED,,
2930.5,2025-12-03T00:50:30+00:00,W9392,,PARKED,parking16,PARKED,,
2930.5,2025-12-03T00:50:30+00:00,W9274,,PARKED,parking16,PARKED,,
2930.5,2025-12-03T00:50:30+00:00,W9776,,PARKED,parking16,PARKED,,
2932.0,2025-12-03T00:52:00+00:00,W7997,,MOVING,collection2,MOVING,,
2932.0,2025-12-03T00:52:00+00:00,W8626,,MOVING,collection2,MOVING,,
2932.0,2025-12-03T00:52:00+00:00,W9174,,MOVING,collection2,MOVING,,
2932.0,2025-12-03T00:52:00+00:00,W9169,,MOVING,collection2,MOVING,,
2950.25,2025-12-03T01:10:15+00:00,W4726,T38,REJECTED,REJECTED,REJECTED,NO_COLLECTION_TRACK,No collection track available
2950.25,2025-12-03T01:10:15+00:00,W4701,T38,REJECTED,REJECTED,REJECTED,NO_COLLECTION_TRACK,No collection track available
2950.25,2025-12-03T01:10:15+00:00,W4754,T38,REJECTED,REJECTED,REJECTED,NO_COLLECTION_TRACK,No collection track available
2954.25,2025-12-03T01:14:15+00:00,W1906,T39,REJECTED,REJECTED,REJECTED_NO_RETROFIT_NEEDED,No Retrofit Needed,Wagon doesn't need retrofit
2954.25,2025-12-03T01:14:15+00:00,W3811,T39,REJECTED,REJECTED,REJECTED_NO_RETROFIT_NEEDED,No Retrofit Needed,Wagon doesn't need retrofit
2954.25,2025-12-03T01:14:15+00:00,W3173,T39,REJECTED,REJECTED,REJECTED_NO_RETROFIT_NEEDED,No Retrofit Needed,Wagon doesn't need retrofit
2954.25,2025-12-03T01:14:15+00:00,W4666,T39,REJECTED,REJECTED,REJECTED_NO_RETROFIT_NEEDED,No Retrofit Needed,Wagon doesn't need retrofit
2992.0,2025-12-03T01:52:00+00:00,W7997,,ON_RETROFIT_TRACK,retrofit,WAITING,,
2992.0,2025-12-03T01:52:00+00:00,W8626,,ON_RETROFIT_TRACK,retrofit,WAITING,,
2992.0,2025-12-03T01:52:00+00:00,W9174,,ON_RETROFIT_TRACK,retrofit,WAITING,,
2992.0,2025-12-03T01:52:00+00:00,W9169,,ON_RETROFIT_TRACK,retrofit,WAITING,,
2995.5,2025-12-03T01:55:30+00:00,W9756,,RAKE_COUPLING_STARTED,WS_02,COUPLING,,
2995.5,2025-12-03T01:55:30+00:00,W11348,,RAKE_COUPLING_STARTED,WS_02,COUPLING,,
2997.5,2025-12-03T01:57:30+00:00,W9756,,RAKE_COUPLING_COMPLETED,WS_02,WAITING,,
2997.5,2025-12-03T01:57:30+00:00,W11348,,RAKE_COUPLING_COMPLETED,WS_02,WAITING,,
2997.5,2025-12-03T01:57:30+00:00,W9756,,MOVING,WS_02,MOVING,,
2997.5,2025-12-03T01:57:30+00:00,W11348,,MOVING,WS_02,MOVING,,
3002.5,2025-12-03T02:02:30+00:00,W9756,,ON_RETROFITTED_TRACK,retrofitted,WAITING,,
3002.5,2025-12-03T02:02:30+00:00,W11348,,ON_RETROFITTED_TRACK,retrofitted,WAITING,,
3012.5,2025-12-03T02:12:30+00:00,W12037,,RAKE_COUPLING_STARTED,WS_01,COUPLING,,
3012.5,2025-12-03T02:12:30+00:00,W3950,,RAKE_COUPLING_STARTED,WS_01,COUPLING,,
3014.5,2025-12-03T02:14:30+00:00,W12037,,RAKE_COUPLING_COMPLETED,WS_01,WAITING,,
3014.5,2025-12-03T02:14:30+00:00,W3950,,RAKE_COUPLING_COMPLETED,WS_01,WAITING,,
3014.5,2025-12-03T02:14:30+00:00,W12037,,MOVING,WS_01,MOVING,,
3014.5,2025-12-03T02:14:30+00:00,W3950,,MOVING,WS_01,MOVING,,
3019.5,2025-12-03T02:19:30+00:00,W12037,,ON_RETROFITTED_TRACK,retrofitted,WAITING,,
3019.5,2025-12-03T02:19:30+00:00,W3950,,ON_RETROFITTED_TRACK,retrofitted,WAITING,,
3026.75,2025-12-03T02:26:45+00:00,W7155,T40,ARRIVED,collection2,ARRIVED,,
3026.75,2025-12-03T02:26:45+00:00,W7258,T40,ARRIVED,collection2,ARRIVED,,
3026.75,2025-12-03T02:26:45+00:00,W9495,T40,ARRIVED,collection2,ARRIVED,,
3028.0,2025-12-03T02:28:00+00:00,W0440,,MOVING,retrofit,MOVING,,
3028.0,2025-12-03T02:28:00+00:00,W11988,,MOVING,retrofit,MOVING,,
3033.0,2025-12-03T02:33:00+00:00,W0440,,AT_WORKSHOP,WS_02,ARRIVED,,
3033.0,2025-12-03T02:33:00+00:00,W11988,,AT_WORKSHOP,WS_02,ARRIVED,,
3039.0,2025-12-03T02:39:00+00:00,W0440,,RETROFIT_STARTED,WS_02,PROCESSING,,
3039.0,2025-12-03T02:39:00+00:00,W11988,,RETROFIT_STARTED,WS_02,PROCESSING,,
3054.0,2025-12-03T02:54:00+00:00,W12260,,MOVING,retrofit,MOVING,,
3054.0,2025-12-03T02:54:00+00:00,W7997,,MOVING,retrofit,MOVING,,
3059.0,2025-12-03T02:59:00+00:00,W12260,,AT_WORKSHOP,WS_01,ARRIVED,,
3059.0,2025-12-03T02:59:00+00:00,W7997,,AT_WORKSHOP,WS_01,ARRIVED,,
3064.0,2025-12-03T03:04:00+00:00,W11014,T41,ARRIVED,collection2,ARRIVED,,
3064.0,2025-12-03T03:04:00+00:00,W9040,T41,ARRIVED,collection2,ARRIVED,,
3064.0,2025-12-03T03:04:00+00:00,W9345,T41,ARRIVED,collection2,ARRIVED,,
3065.0,2025-12-03T03:05:00+00:00,W12260,,RETROFIT_STARTED,WS_01,PROCESSING,,
3065.0,2025-12-03T03:05:00+00:00,W7997,,RETROFIT_STARTED,WS_01,PROCESSING,,
3099.0,2025-12-03T03:39:00+00:00,W0440,,RETROFIT_COMPLETED,WS_02,COMPLETED,,
3099.0,2025-12-03T03:39:00+00:00,W11988,,RETROFIT_COMPLETED,WS_02,COMPLETED,,
3125.0,2025-12-03T04:05:00+00:00,W12260,,RETROFIT_COMPLETED,WS_01,COMPLETED,,
3125.0,2025-12-03T04:05:00+00:00,W7997,,RETROFIT_COMPLETED,WS_01,COMPLETED,,
3130.0,2025-12-03T04:10:00+00:00,W0130,,RAKE_COUPLING_STARTED,collection1,COUPLING,,
3130.0,2025-12-03T04:10:00+00:00,W9352,,RAKE_COUPLING_STARTED,collection1,COUPLING,,
3130.0,2025-12-03T04:10:00+00:00,W2980,,RAKE_COUPLING_STARTED,collection1,COUPLING,,
3130.0,2025-12-03T04:10:00+00:00,W2406,,RAKE_COUPLING_STARTED,collection1,COUPLING,,
3130.0,2025-12-03T04:10:00+00:00,W2399,,RAKE_COUPLING_STARTED,collection1,COUPLING,,
3141.0,2025-12-03T04:21:00+00:00,W0130,,MOVING,collection1,MOVING,,
3141.0,2025-12-03T04:21:00+00:00,W9352,,MOVING,collection1,MOVING,,
3141.0,2025-12-03T04:21:00+00:00,W2980,,MOVING,collection1,MOVING,,
3141.0,2025-12-03T04:21:00+00:00,W2406,,MOVING,collection1,MOVING,,
3141.0,2025-12-03T04:21:00+00:00,W2399,,MOVING,collection1,MOVING,,
3156.0,2025-12-03T04:36:00+00:00,W12208,,PARKED,parking16,PARKED,,
3156.0,2025-12-03T04:36:00+00:00,W8613,,PARKED,parking16,PARKED,,
3156.0,2025-12-03T04:36:00+00:00,W10130,,PARKED,parking16,PARKED,,
3156.0,2025-12-03T04:36:00+00:00,W9721,,PARKED,parking16,PARKED,,
3190.75,2025-12-03T05:10:45+00:00,W11723,T42,REJECTED,REJECTED,REJECTED,NO_COLLECTION_TRACK,No collection track available
3190.75,2025-12-03T05:10:45+00:00,W8675,T42,REJECTED,REJECTED,REJECTED,NO_COLLECTION_TRACK,No collection track available
3190.75,2025-12-03T05:10:45+00:00,W9959,T42,REJECTED,REJECTED,REJECTED,NO_COLLECTION_TRACK,No collection track available
3190.75,2025-12-03T05:10:45+00:00,W7115,T42,ARRIVED,collection2,ARRIVED,,
3190.75,2025-12-03T05:10:45+00:00,W10706,T42,ARRIVED,collection2,ARRIVED,,
3201.0,2025-12-03T05:21:00+00:00,W0130,,ON_RETROFIT_TRACK,retrofit,WAITING,,
3201.0,2025-12-03T05:21:00+00:00,W9352,,ON_RETROFIT_TRACK,retrofit,WAITING,,
3201.0,2025-12-03T05:21:00+00:00,W2980,,ON_RETROFIT_TRACK,retrofit,WAITING,,
3201.0,2025-12-03T05:21:00+00:00,W2406,,ON_RETROFIT_TRACK,retrofit,WAITING,,
3201.0,2025-12-03T05:21:00+00:00,W2399,,ON_RETROFIT_TRACK,retrofit,WAITING,,
3221.0,2025-12-03T05:41:00+00:00,W0440,,RAKE_COUPLING_STARTED,WS_02,COUPLING,,
3221.0,2025-12-03T05:41:00+00:00,W11988,,RAKE_COUPLING_STARTED,WS_02,COUPLING,,
3223.0,2025-12-03T05:43:00+00:00,W0440,,RAKE_COUPLING_COMPLETED,WS_02,WAITING,,
3223.0,2025-12-03T05:43:00+00:00,W11988,,RAKE_COUPLING_COMPLETED,WS_02,WAITING,,
3223.0,2025-12-03T05:43:00+00:00,W0440,,MOVING,WS_02,MOVING,,
3223.0,2025-12-03T05:43:00+00:00,W11988,,MOVING,WS_02,MOVING,,
3228.0,2025-12-03T05:48:00+00:00,W0440,,ON_RETROFITTED_TRACK,retrofitted,WAITING,,
3228.0,2025-12-03T05:48:00+00:00,W11988,,ON_RETROFITTED_TRACK,retrofitted,WAITING,,
3237.25,2025-12-03T05:57:15+00:00,W4849,T43,REJECTED,REJECTED,REJECTED_NO_RETROFIT_NEEDED,No Retrofit Needed,Wagon doesn't need retrofit
3238.0,2025-12-03T05:58:00+00:00,W12260,,RAKE_COUPLING_STARTED,WS_01,COUPLING,,
3238.0,2025-12-03T05:58:00+00:00,W7997,,RAKE_COUPLING_STARTED,WS_01,COUPLING,,
3239.25,2025-12-03T05:59:15+00:00,W8705,T44,ARRIVED,collection1,ARRIVED,,
3239.25,2025-12-03T05:59:15+00:00,W5127,T44,ARRIVED,collection1,ARRIVED,,
3240.0,2025-12-03T06:00:00+00:00,W12260,,RAKE_COUPLING_COMPLETED,WS_01,WAITING,,
3240.0,2025-12-03T06:00:00+00:00,W7997,,RAKE_COUPLING_COMPLETED,WS_01,WAITING,,
3240.0,2025-12-03T06:00:00+00:00,W12260,,MOVING,WS_01,MOVING,,
3240.0,2025-12-03T06:00:00+00:00,W7997,,MOVING,WS_01,MOVING,,
3243.0,2025-12-03T06:03:00+00:00,W8626,,MOVING,retrofit,MOVING,,
3243.0,2025-12-03T06:03:00+00:00,W9174,,MOVING,retrofit,MOVING,,
3245.0,2025-12-03T06:05:00+00:00,W12260,,ON_RETROFITTED_TRACK,retrofitted,WAITING,,
3245.0,2025-12-03T06:05:00+00:00,W7997,,ON_RETROFITTED_TRACK,retrofitted,WAITING,,
3248.0,2025-12-03T06:08:00+00:00,W8626,,AT_WORKSHOP,WS_02,ARRIVED,,
3248.0,2025-12-03T06:08:00+00:00,W9174,,AT_WORKSHOP,WS_02,ARRIVED,,
3254.0,2025-12-03T06:14:00+00:00,W8626,,RETROFIT_STARTED,WS_02,PROCESSING,,
3254.0,2025-12-03T06:14:00+00:00,W9174,,RETROFIT_STARTED,WS_02,PROCESSING,,
3269.0,2025-12-03T06:29:00+00:00,W9169,,MOVING,retrofit,MOVING,,
3269.0,2025-12-03T06:29:00+00:00,W0130,,MOVING,retrofit,MOVING,,
3274.0,2025-12-03T06:34:00+00:00,W9169,,AT_WORKSHOP,WS_01,ARRIVED,,
3274.0,2025-12-03T06:34:00+00:00,W0130,,AT_WORKSHOP,WS_01,ARRIVED,,
3280.0,2025-12-03T06:40:00+00:00,W9169,,RETROFIT_STARTED,WS_01,PROCESSING,,
3280.0,2025-12-03T06:40:00+00:00,W0130,,RETROFIT_STARTED,WS_01,PROCESSING,,
3287.25,2025-12-03T06:47:15+00:00,W6213,T45,REJECTED,REJECTED,REJECTED,NO_COLLECTION_TRACK,No collection track available
3287.25,2025-12-03T06:47:15+00:00,W1578,T45,REJECTED,REJECTED,REJECTED,NO_COLLECTION_TRACK,No collection track available
3299.0,2025-12-03T06:59:00+00:00,W9274,T46,REJECTED,REJECTED,REJECTED_NO_RETROFIT_NEEDED,No Retrofit Needed,Wagon doesn't need retrofit
3299.0,2025-12-03T06:59:00+00:00,W9352,T46,REJECTED,REJECTED,REJECTED_NO_RETROFIT_NEEDED,No Retrofit Needed,Wagon doesn't need retrofit
3299.0,2025-12-03T06:59:00+00:00,W5403,T46,REJECTED,REJECTED,REJECTED_NO_RETROFIT_NEEDED,No Retrofit Needed,Wagon doesn't need retrofit
3299.0,2025-12-03T06:59:00+00:00,W10886,T46,ARRIVED,collection1,ARRIVED,,
3314.0,2025-12-03T07:14:00+00:00,W8626,,RETROFIT_COMPLETED,WS_02,COMPLETED,,
3314.0,2025-12-03T07:14:00+00:00,W9174,,RETROFIT_COMPLETED,WS_02,COMPLETED,,
3340.0,2025-12-03T07:40:00+00:00,W9169,,RETROFIT_COMPLETED,WS_01,COMPLETED,,
3340.0,2025-12-03T07:40:00+00:00,W0130,,RETROFIT_COMPLETED,WS_01,COMPLETED,,
3345.0,2025-12-03T07:45:00+00:00,W9173,,RAKE_COUPLING_STARTED,collection2,COUPLING,,
3345.0,2025-12-03T07:45:00+00:00,W6140,,RAKE_COUPLING_STARTED,collection2,COUPLING,,
3345.0,2025-12-03T07:45:00+00:00,W10364,,RAKE_COUPLING_STARTED,collection2,COUPLING,,
3345.0,2025-12-03T07:45:00+00:00,W6077,,RAKE_COUPLING_STARTED,collection2,COUPLING,,
3345.0,2025-12-03T07:45:00+00:00,W9270,,RAKE_COUPLING_STARTED,collection2,COUPLING,,
3345.0,2025-12-03T07:45:00+00:00,W9276,,RAKE_COUPLING_STARTED,collection2,COUPLING,,
3345.0,2025-12-03T07:45:00+00:00,W11578,,RAKE_COUPLING_STARTED,collection2,COUPLING,,
3360.0,2025-12-03T08:00:00+00:00,W9173,,MOVING,collection2,MOVING,,
3360.0,2025-12-03T08:00:00+00:00,W6140,,MOVING,collection2,MOVING,,
3360.0,2025-12-03T08:00:00+00:00,W10364,,MOVING,collection2,MOVING,,
3360.0,2025-12-03T08:00:00+00:00,W6077,,MOVING,collection2,MOVING,,
3360.0,2025-12-03T08:00:00+00:00,W9270,,MOVING,collection2,MOVING,,
3360.0,2025-12-03T08:00:00+00:00,W9276,,MOVING,collection2,MOVING,,
3360.0,2025-12-03T08:00:00+00:00,W11578,,MOVING,collection2,MOVING,,
3381.5,2025-12-03T08:21:30+00:00,W9756,,PARKED,parking16,PARKED,,
3381.5,2025-12-03T08:21:30+00:00,W11348,,PARKED,parking16,PARKED,,
3381.5,2025-12-03T08:21:30+00:00,W12037,,PARKED,parking16,PARKED,,
3381.5,2025-12-03T08:21:30+00:00,W3950,,PARKED,parking16,PARKED,,
3383.0,2025-12-03T08:23:00+00:00,W5446,T47,REJECTED,REJECTED,REJECTED,NO_COLLECTION_TRACK,No collection track available
3383.0,2025-12-03T08:23:00+00:00,W10881,T47,REJECTED,REJECTED,REJECTED,NO_COLLECTION_TRACK,No collection track available
3383.0,2025-12-03T08:23:00+00:00,W10924,T47,REJECTED,REJECTED,REJECTED,NO_COLLECTION_TRACK,No collection track available
3383.0,2025-12-03T08:23:00+00:00,W0678,T47,REJECTED,REJECTED,REJECTED,NO_COLLECTION_TRACK,No collection track available
3383.0,2025-12-03T08:23:00+00:00,W4655,T47,REJECTED,REJECTED,REJECTED,NO_COLLECTION_TRACK,No collection track available
3383.0,2025-12-03T08:23:00+00:00,W5705,T47,REJECTED,REJECTED,REJECTED,NO_COLLECTION_TRACK,No collection track available
3420.0,2025-12-03T09:00:00+00:00,W9173,,ON_RETROFIT_TRACK,retrofit,WAITING,,
3420.0,2025-12-03T09:00:00+00:00,W6140,,ON_RETROFIT_TRACK,retrofit,WAITING,,
3420.0,2025-12-03T09:00:00+00:00,W10364,,ON_RETROFIT_TRACK,retrofit,WAITING,,
3420.0,2025-12-03T09:00:00+00:00,W6077,,ON_RETROFIT_TRACK,retrofit,WAITING,,
3420.0,2025-12-03T09:00:00+00:00,W9270,,ON_RETROFIT_TRACK,retrofit,WAITING,,
3420.0,2025-12-03T09:00:00+00:00,W9276,,ON_RETROFIT_TRACK,retrofit,WAITING,,
3420.0,2025-12-03T09:00:00+00:00,W11578,,ON_RETROFIT_TRACK,retrofit,WAITING,,
3446.5,2025-12-03T09:26:30+00:00,W8626,,RAKE_COUPLING_STARTED,WS_02,COUPLING,,
3446.5,2025-12-03T09:26:30+00:00,W9174,,RAKE_COUPLING_STARTED,WS_02,COUPLING,,
3448.5,2025-12-03T09:28:30+00:00,W8626,,RAKE_COUPLING_COMPLETED,WS_02,WAITING,,
3448.5,2025-12-03T09:28:30+00:00,W9174,,RAKE_COUPLING_COMPLETED,WS_02,WAITING,,
3448.5,2025-12-03T09:28:30+00:00,W8626,,MOVING,WS_02,MOVING,,
3448.5,2025-12-03T09:28:30+00:00,W9174,,MOVING,WS_02,MOVING,,
3453.5,2025-12-03T09:33:30+00:00,W8626,,ON_RETROFITTED_TRACK,retrofitted,WAITING,,
3453.5,2025-12-03T09:33:30+00:00,W9174,,ON_RETROFITTED_TRACK,retrofitted,WAITING,,
3463.5,2025-12-03T09:43:30+00:00,W9169,,RAKE_COUPLING_STARTED,WS_01,COUPLING,,
3463.5,2025-12-03T09:43:30+00:00,W0130,,RAKE_COUPLING_STARTED,WS_01,COUPLING,,
3465.5,2025-12-03T09:45:30+00:00,W9169,,RAKE_COUPLING_COMPLETED,WS_01,WAITING,,
3465.5,2025-12-03T09:45:30+00:00,W0130,,RAKE_COUPLING_COMPLETED,WS_01,WAITING,,
3465.5,2025-12-03T09:45:30+00:00,W9169,,MOVING,WS_01,MOVING,,
3465.5,2025-12-03T09:45:30+00:00,W0130,,MOVING,WS_01,MOVING,,
3470.5,2025-12-03T09:50:30+00:00,W9169,,ON_RETROFITTED_TRACK,retrofitted,WAITING,,
3470.5,2025-12-03T09:50:30+00:00,W0130,,ON_RETROFITTED_TRACK,retrofitted,WAITING,,
3474.0,2025-12-03T09:54:00+00:00,W9352,,MOVING,retrofit,MOVING,,
3474.0,2025-12-03T09:54:00+00:00,W2980,,MOVING,retrofit,MOVING,,
3479.0,2025-12-03T09:59:00+00:00,W9352,,AT_WORKSHOP,WS_02,ARRIVED,,
3479.0,2025-12-03T09:59:00+00:00,W2980,,AT_WORKSHOP,WS_02,ARRIVED,,
3485.0,2025-12-03T10:05:00+00:00,W9352,,RETROFIT_STARTED,WS_02,PROCESSING,,
3485.0,2025-12-03T10:05:00+00:00,W2980,,RETROFIT_STARTED,WS_02,PROCESSING,,
3500.0,2025-12-03T10:20:00+00:00,W2406,,MOVING,retrofit,MOVING,,
3500.0,2025-12-03T10:20:00+00:00,W2399,,MOVING,retrofit,MOVING,,
3505.0,2025-12-03T10:25:00+00:00,W2406,,AT_WORKSHOP,WS_01,ARRIVED,,
3505.0,2025-12-03T10:25:00+00:00,W2399,,AT_WORKSHOP,WS_01,ARRIVED,,
3511.0,2025-12-03T10:31:00+00:00,W2406,,RETROFIT_STARTED,WS_01,PROCESSING,,
3511.0,2025-12-03T10:31:00+00:00,W2399,,RETROFIT_STARTED,WS_01,PROCESSING,,
3545.0,2025-12-03T11:05:00+00:00,W9352,,RETROFIT_COMPLETED,WS_02,COMPLETED,,
3545.0,2025-12-03T11:05:00+00:00,W2980,,RETROFIT_COMPLETED,WS_02,COMPLETED,,
3557.75,2025-12-03T11:17:45+00:00,W5057,T48,ARRIVED,collection2,ARRIVED,,
3557.75,2025-12-03T11:17:45+00:00,W4522,T48,ARRIVED,collection2,ARRIVED,,
3557.75,2025-12-03T11:17:45+00:00,W4479,T48,ARRIVED,collection2,ARRIVED,,
3571.0,2025-12-03T11:31:00+00:00,W2406,,RETROFIT_COMPLETED,WS_01,COMPLETED,,
3571.0,2025-12-03T11:31:00+00:00,W2399,,RETROFIT_COMPLETED,WS_01,COMPLETED,,
3576.0,2025-12-03T11:36:00+00:00,W9868,,RAKE_COUPLING_STARTED,collection1,COUPLING,,
3576.0,2025-12-03T11:36:00+00:00,W12060,,RAKE_COUPLING_STARTED,collection1,COUPLING,,
3581.0,2025-12-03T11:41:00+00:00,W9868,,MOVING,collection1,MOVING,,
3581.0,2025-12-03T11:41:00+00:00,W12060,,MOVING,collection1,MOVING,,
3607.0,2025-12-03T12:07:00+00:00,W0440,,PARKED,parking16,PARKED,,
3607.0,2025-12-03T12:07:00+00:00,W11988,,PARKED,parking16,PARKED,,
3607.0,2025-12-03T12:07:00+00:00,W12260,,PARKED,parking16,PARKED,,
3607.0,2025-12-03T12:07:00+00:00,W7997,,PARKED,parking16,PARKED,,
3641.0,2025-12-03T12:41:00+00:00,W9868,,ON_RETROFIT_TRACK,retrofit,WAITING,,
3641.0,2025-12-03T12:41:00+00:00,W12060,,ON_RETROFIT_TRACK,retrofit,WAITING,,
3660.0,2025-12-03T13:00:00+00:00,W9352,,RAKE_COUPLING_STARTED,WS_02,COUPLING,,
3660.0,2025-12-03T13:00:00+00:00,W2980,,RAKE_COUPLING_STARTED,WS_02,COUPLING,,
3662.0,2025-12-03T13:02:00+00:00,W9352,,RAKE_COUPLING_COMPLETED,WS_02,WAITING,,
3662.0,2025-12-03T13:02:00+00:00,W2980,,RAKE_COUPLING_COMPLETED,WS_02,WAITING,,
3662.0,2025-12-03T13:02:00+00:00,W9352,,MOVING,WS_02,MOVING,,
3662.0,2025-12-03T13:02:00+00:00,W2980,,MOVING,WS_02,MOVING,,
3667.0,2025-12-03T13:07:00+00:00,W9352,,ON_RETROFITTED_TRACK,retrofitted,WAITING,,
3667.0,2025-12-03T13:07:00+00:00,W2980,,ON_RETROFITTED_TRACK,retrofitted,WAITING,,
3672.0,2025-12-03T13:12:00+00:00,W2406,,RAKE_COUPLING_STARTED,WS_01,COUPLING,,
3672.0,2025-12-03T13:12:00+00:00,W2399,,RAKE_COUPLING_STARTED,WS_01,COUPLING,,
3674.0,2025-12-03T13:14:00+00:00,W2406,,RAKE_COUPLING_COMPLETED,WS_01,WAITING,,
3674.0,2025-12-03T13:14:00+00:00,W2399,,RAKE_COUPLING_COMPLETED,WS_01,WAITING,,
3674.0,2025-12-03T13:14:00+00:00,W2406,,MOVING,WS_01,MOVING,,
3674.0,2025-12-03T13:14:00+00:00,W2399,,MOVING,WS_01,MOVING,,
3679.0,2025-12-03T13:19:00+00:00,W2406,,ON_RETROFITTED_TRACK,retrofitted,WAITING,,
3679.0,2025-12-03T13:19:00+00:00,W2399,,ON_RETROFITTED_TRACK,retrofitted,WAITING,,
3694.0,2025-12-03T13:34:00+00:00,W9173,,MOVING,retrofit,MOVING,,
3694.0,2025-12-03T13:34:00+00:00,W6140,,MOVING,retrofit,MOVING,,
3699.0,2025-12-03T13:39:00+00:00,W9173,,AT_WORKSHOP,WS_02,ARRIVED,,
3699.0,2025-12-03T13:39:00+00:00,W6140,,AT_WORKSHOP,WS_02,ARRIVED,,
3705.0,2025-12-03T13:45:00+00:00,W9173,,RETROFIT_STARTED,WS_02,PROCESSING,,
3705.0,2025-12-03T13:45:00+00:00,W6140,,RETROFIT_STARTED,WS_02,PROCESSING,,
3720.0,2025-12-03T14:00:00+00:00,W10364,,MOVING,retrofit,MOVING,,
3720.0,2025-12-03T14:00:00+00:00,W6077,,MOVING,retrofit,MOVING,,
3725.0,2025-12-03T14:05:00+00:00,W10364,,AT_WORKSHOP,WS_01,ARRIVED,,
3725.0,2025-12-03T14:05:00+00:00,W6077,,AT_WORKSHOP,WS_01,ARRIVED,,
3731.0,2025-12-03T14:11:00+00:00,W10364,,RETROFIT_STARTED,WS_01,PROCESSING,,
3731.0,2025-12-03T14:11:00+00:00,W6077,,RETROFIT_STARTED,WS_01,PROCESSING,,
3765.0,2025-12-03T14:45:00+00:00,W9173,,RETROFIT_COMPLETED,WS_02,COMPLETED,,
3765.0,2025-12-03T14:45:00+00:00,W6140,,RETROFIT_COMPLETED,WS_02,COMPLETED,,
3791.0,2025-12-03T15:11:00+00:00,W10364,,RETROFIT_COMPLETED,WS_01,COMPLETED,,
3791.0,2025-12-03T15:11:00+00:00,W6077,,RETROFIT_COMPLETED,WS_01,COMPLETED,,
3796.0,2025-12-03T15:16:00+00:00,W11970,,RAKE_COUPLING_STARTED,collection2,COUPLING,,
3796.0,2025-12-03T15:16:00+00:00,W3173,,RAKE_COUPLING_STARTED,collection2,COUPLING,,
3796.0,2025-12-03T15:16:00+00:00,W5038,,RAKE_COUPLING_STARTED,collection2,COUPLING,,
3796.0,2025-12-03T15:16:00+00:00,W11259,,RAKE_COUPLING_STARTED,collection2,COUPLING,,
3796.0,2025-12-03T15:16:00+00:00,W5167,,RAKE_COUPLING_STARTED,collection2,COUPLING,,
3796.0,2025-12-03T15:16:00+00:00,W4666,,RAKE_COUPLING_STARTED,collection2,COUPLING,,
3806.5,2025-12-03T15:26:30+00:00,W8626,,PARKED,parking16,PARKED,,
3806.5,2025-12-03T15:26:30+00:00,W9174,,PARKED,parking16,PARKED,,
3806.5,2025-12-03T15:26:30+00:00,W9169,,PARKED,parking16,PARKED,,
3806.5,2025-12-03T15:26:30+00:00,W0130,,PARKED,parking16,PARKED,,
3806.5,2025-12-03T15:26:30+00:00,W9352,,PARKED,parking16,PARKED,,
3806.5,2025-12-03T15:26:30+00:00,W2980,,PARKED,parking16,PARKED,,
3809.0,2025-12-03T15:29:00+00:00,W11970,,MOVING,collection2,MOVING,,
3809.0,2025-12-03T15:29:00+00:00,W3173,,MOVING,collection2,MOVING,,
3809.0,2025-12-03T15:29:00+00:00,W5038,,MOVING,collection2,MOVING,,
3809.0,2025-12-03T15:29:00+00:00,W11259,,MOVING,collection2,MOVING,,
3809.0,2025-12-03T15:29:00+00:00,W5167,,MOVING,collection2,MOVING,,
3809.0,2025-12-03T15:29:00+00:00,W4666,,MOVING,collection2,MOVING,,
3869.0,2025-12-03T16:29:00+00:00,W11970,,ON_RETROFIT_TRACK,retrofit,WAITING,,
3869.0,2025-12-03T16:29:00+00:00,W3173,,ON_RETROFIT_TRACK,retrofit,WAITING,,
3869.0,2025-12-03T16:29:00+00:00,W5038,,ON_RETROFIT_TRACK,retrofit,WAITING,,
3869.0,2025-12-03T16:29:00+00:00,W11259,,ON_RETROFIT_TRACK,retrofit,WAITING,,
3869.0,2025-12-03T16:29:00+00:00,W5167,,ON_RETROFIT_TRACK,retrofit,WAITING,,
3869.0,2025-12-03T16:29:00+00:00,W4666,,ON_RETROFIT_TRACK,retrofit,WAITING,,
3871.5,2025-12-03T16:31:30+00:00,W9173,,RAKE_COUPLING_STARTED,WS_02,COUPLING,,
3871.5,2025-12-03T16:31:30+00:00,W6140,,RAKE_COUPLING_STARTED,WS_02,COUPLING,,
3873.5,2025-12-03T16:33:30+00:00,W9173,,RAKE_COUPLING_COMPLETED,WS_02,WAITING,,
3873.5,2025-12-03T16:33:30+00:00,W6140,,RAKE_COUPLING_COMPLETED,WS_02,WAITING,,
3873.5,2025-12-03T16:33:30+00:00,W9173,,MOVING,WS_02,MOVING,,
3873.5,2025-12-03T16:33:30+00:00,W6140,,MOVING,WS_02,MOVING,,
3878.5,2025-12-03T16:38:30+00:00,W9173,,ON_RETROFITTED_TRACK,retrofitted,WAITING,,
3878.5,2025-12-03T16:38:30+00:00,W6140,,ON_RETROFITTED_TRACK,retrofitted,WAITING,,
3888.5,2025-12-03T16:48:30+00:00,W10364,,RAKE_COUPLING_STARTED,WS_01,COUPLING,,
3888.5,2025-12-03T16:48:30+00:00,W6077,,RAKE_COUPLING_STARTED,WS_01,COUPLING,,
3890.5,2025-12-03T16:50:30+00:00,W10364,,RAKE_COUPLING_COMPLETED,WS_01,WAITING,,
3890.5,2025-12-03T16:50:30+00:00,W6077,,RAKE_COUPLING_COMPLETED,WS_01,WAITING,,
3890.5,2025-12-03T16:50:30+00:00,W10364,,MOVING,WS_01,MOVING,,
3890.5,2025-12-03T16:50:30+00:00,W6077,,MOVING,WS_01,MOVING,,
3895.5,2025-12-03T16:55:30+00:00,W10364,,ON_RETROFITTED_TRACK,retrofitted,WAITING,,
3895.5,2025-12-03T16:55:30+00:00,W6077,,ON_RETROFITTED_TRACK,retrofitted,WAITING,,
3910.5,2025-12-03T17:10:30+00:00,W9270,,MOVING,retrofit,MOVING,,
3910.5,2025-12-03T17:10:30+00:00,W9276,,MOVING,retrofit,MOVING,,
3915.5,2025-12-03T17:15:30+00:00,W9270,,AT_WORKSHOP,WS_02,ARRIVED,,
3915.5,2025-12-03T17:15:30+00:00,W9276,,AT_WORKSHOP,WS_02,ARRIVED,,
3917.0,2025-12-03T17:17:00+00:00,W11578,,MOVING,retrofit,MOVING,,
3917.0,2025-12-03T17:17:00+00:00,W9868,,MOVING,retrofit,MOVING,,
3921.5,2025-12-03T17:21:30+00:00,W9270,,RETROFIT_STARTED,WS_02,PROCESSING,,
3921.5,2025-12-03T17:21:30+00:00,W9276,,RETROFIT_STARTED,WS_02,PROCESSING,,
3922.0,2025-12-03T17:22:00+00:00,W11578,,AT_WORKSHOP,WS_01,ARRIVED,,
3922.0,2025-12-03T17:22:00+00:00,W9868,,AT_WORKSHOP,WS_01,ARRIVED,,
3928.0,2025-12-03T17:28:00+00:00,W11578,,RETROFIT_STARTED,WS_01,PROCESSING,,
3928.0,2025-12-03T17:28:00+00:00,W9868,,RETROFIT_STARTED,WS_01,PROCESSING,,
3940.75,2025-12-03T17:40:45+00:00,W2737,T49,ARRIVED,collection2,ARRIVED,,
3940.75,2025-12-03T17:40:45+00:00,W10081,T49,ARRIVED,collection1,ARRIVED,,
3940.75,2025-12-03T17:40:45+00:00,W7253,T49,ARRIVED,collection2,ARRIVED,,
3955.25,2025-12-03T17:55:15+00:00,W2971,T50,ARRIVED,collection2,ARRIVED,,
3955.25,2025-12-03T17:55:15+00:00,W0607,T50,ARRIVED,collection2,ARRIVED,,
3981.5,2025-12-03T18:21:30+00:00,W9270,,RETROFIT_COMPLETED,WS_02,COMPLETED,,
3981.5,2025-12-03T18:21:30+00:00,W9276,,RETROFIT_COMPLETED,WS_02,COMPLETED,,
3988.0,2025-12-03T18:28:00+00:00,W11578,,RETROFIT_COMPLETED,WS_01,COMPLETED,,
3988.0,2025-12-03T18:28:00+00:00,W9868,,RETROFIT_COMPLETED,WS_01,COMPLETED,,
3996.0,2025-12-03T18:36:00+00:00,W12210,,MOVING,collection1,MOVING,,
3997.75,2025-12-03T18:37:45+00:00,W8717,T51,REJECTED,REJECTED,REJECTED,NO_COLLECTION_TRACK,No collection track available
3997.75,2025-12-03T18:37:45+00:00,W5694,T51,REJECTED,REJECTED,REJECTED,NO_COLLECTION_TRACK,No collection track available
3997.75,2025-12-03T18:37:45+00:00,W2771,T51,REJECTED,REJECTED,REJECTED,NO_COLLECTION_TRACK,No collection track available
3997.75,2025-12-03T18:37:45+00:00,W12036,T51,ARRIVED,collection2,ARRIVED,,
3997.75,2025-12-03T18:37:45+00:00,W2786,T51,ARRIVED,collection2,ARRIVED,,
3997.75,2025-12-03T18:37:45+00:00,W2877,T51,ARRIVED,collection2,ARRIVED,,
3997.75,2025-12-03T18:37:45+00:00,W318166502860,T51,ARRIVED,collection2,ARRIVED,,
3997.75,2025-12-03T18:37:45+00:00,W9981,T51,ARRIVED,collection2,ARRIVED,,
4055.0,2025-12-03T19:35:00+00:00,W2406,,PARKED,parking16,PARKED,,
4055.0,2025-12-03T19:35:00+00:00,W2399,,PARKED,parking16,PARKED,,
4056.0,2025-12-03T19:36:00+00:00,W12210,,ON_RETROFIT_TRACK,retrofit,WAITING,,
4069.0,2025-12-03T19:49:00+00:00,W9270,,RAKE_COUPLING_STARTED,WS_02,COUPLING,,
4069.0,2025-12-03T19:49:00+00:00,W9276,,RAKE_COUPLING_STARTED,WS_02,COUPLING,,
4071.0,2025-12-03T19:51:00+00:00,W9270,,RAKE_COUPLING_COMPLETED,WS_02,WAITING,,
4071.0,2025-12-03T19:51:00+00:00,W9276,,RAKE_COUPLING_COMPLETED,WS_02,WAITING,,
4071.0,2025-12-03T19:51:00+00:00,W9270,,MOVING,WS_02,MOVING,,
4071.0,2025-12-03T19:51:00+00:00,W9276,,MOVING,WS_02,MOVING,,
4076.0,2025-12-03T19:56:00+00:00,W9270,,ON_RETROFITTED_TRACK,retrofitted,WAITING,,
4076.0,2025-12-03T19:56:00+00:00,W9276,,ON_RETROFITTED_TRACK,retrofitted,WAITING,,
4086.0,2025-12-03T20:06:00+00:00,W11578,,RAKE_COUPLING_STARTED,WS_01,COUPLING,,
4086.0,2025-12-03T20:06:00+00:00,W9868,,RAKE_COUPLING_STARTED,WS_01,COUPLING,,
4088.0,2025-12-03T20:08:00+00:00,W11578,,RAKE_COUPLING_COMPLETED,WS_01,WAITING,,
4088.0,2025-12-03T20:08:00+00:00,W9868,,RAKE_COUPLING_COMPLETED,WS_01,WAITING,,
4088.0,2025-12-03T20:08:00+00:00,W11578,,MOVING,WS_01,MOVING,,
4088.0,2025-12-03T20:08:00+00:00,W9868,,MOVING,WS_01,MOVING,,
4093.0,2025-12-03T20:13:00+00:00,W11578,,ON_RETROFITTED_TRACK,retrofitted,WAITING,,
4093.0,2025-12-03T20:13:00+00:00,W9868,,ON_RETROFITTED_TRACK,retrofitted,WAITING,,
4093.25,2025-12-03T20:13:15+00:00,W10601,T52,REJECTED,REJECTED,REJECTED,NO_COLLECTION_TRACK,No collection track available
4093.25,2025-12-03T20:13:15+00:00,W6942,T52,REJECTED,REJECTED,REJECTED,NO_COLLECTION_TRACK,No collection track available
4093.25,2025-12-03T20:13:15+00:00,W2744,T52,REJECTED,REJECTED,REJECTED,NO_COLLECTION_TRACK,No collection track available
4093.25,2025-12-03T20:13:15+00:00,W2686,T52,REJECTED,REJECTED,REJECTED,NO_COLLECTION_TRACK,No collection track available
4093.25,2025-12-03T20:13:15+00:00,W8473,T52,REJECTED,REJECTED,REJECTED,NO_COLLECTION_TRACK,No collection track available
4093.25,2025-12-03T20:13:15+00:00,W0032,T52,ARRIVED,collection1,ARRIVED,,
4093.25,2025-12-03T20:13:15+00:00,W6592,T52,ARRIVED,collection1,ARRIVED,,
4108.0,2025-12-03T20:28:00+00:00,W12060,,MOVING,retrofit,MOVING,,
4108.0,2025-12-03T20:28:00+00:00,W11970,,MOVING,retrofit,MOVING,,
4113.0,2025-12-03T20:33:00+00:00,W12060,,AT_WORKSHOP,WS_02,ARRIVED,,
4113.0,2025-12-03T20:33:00+00:00,W11970,,AT_WORKSHOP,WS_02,ARRIVED,,
4119.0,2025-12-03T20:39:00+00:00,W12060,,RETROFIT_STARTED,WS_02,PROCESSING,,
4119.0,2025-12-03T20:39:00+00:00,W11970,,RETROFIT_STARTED,WS_02,PROCESSING,,
4125.0,2025-12-03T20:45:00+00:00,W3173,,MOVING,retrofit,MOVING,,
4125.0,2025-12-03T20:45:00+00:00,W5038,,MOVING,retrofit,MOVING,,
4130.0,2025-12-03T20:50:00+00:00,W3173,,AT_WORKSHOP,WS_01,ARRIVED,,
4130.0,2025-12-03T20:50:00+00:00,W5038,,AT_WORKSHOP,WS_01,ARRIVED,,
4136.0,2025-12-03T20:56:00+00:00,W3173,,RETROFIT_STARTED,WS_01,PROCESSING,,
4136.0,2025-12-03T20:56:00+00:00,W5038,,RETROFIT_STARTED,WS_01,PROCESSING,,
4179.0,2025-12-03T21:39:00+00:00,W12060,,RETROFIT_COMPLETED,WS_02,COMPLETED,,
4179.0,2025-12-03T21:39:00+00:00,W11970,,RETROFIT_COMPLETED,WS_02,COMPLETED,,
4196.0,2025-12-03T21:56:00+00:00,W3173,,RETROFIT_COMPLETED,WS_01,COMPLETED,,
4196.0,2025-12-03T21:56:00+00:00,W5038,,RETROFIT_COMPLETED,WS_01,COMPLETED,,
4201.0,2025-12-03T22:01:00+00:00,W11269,,RAKE_COUPLING_STARTED,collection2,COUPLING,,
4201.0,2025-12-03T22:01:00+00:00,W3811,,RAKE_COUPLING_STARTED,collection2,COUPLING,,
4201.0,2025-12-03T22:01:00+00:00,W11254,,RAKE_COUPLING_STARTED,collection2,COUPLING,,
4201.0,2025-12-03T22:01:00+00:00,W10878,,RAKE_COUPLING_STARTED,collection2,COUPLING,,
4201.0,2025-12-03T22:01:00+00:00,W12077,,RAKE_COUPLING_STARTED,collection2,COUPLING,,
4201.0,2025-12-03T22:01:00+00:00,W11766,,RAKE_COUPLING_STARTED,collection2,COUPLING,,
4201.0,2025-12-03T22:01:00+00:00,W4793,,RAKE_COUPLING_STARTED,collection2,COUPLING,,
4201.0,2025-12-03T22:01:00+00:00,W11718,,RAKE_COUPLING_STARTED,collection2,COUPLING,,
4201.0,2025-12-03T22:01:00+00:00,W7155,,RAKE_COUPLING_STARTED,collection2,COUPLING,,
4220.0,2025-12-03T22:20:00+00:00,W11269,,MOVING,collection2,MOVING,,
4220.0,2025-12-03T22:20:00+00:00,W3811,,MOVING,collection2,MOVING,,
4220.0,2025-12-03T22:20:00+00:00,W11254,,MOVING,collection2,MOVING,,
4220.0,2025-12-03T22:20:00+00:00,W10878,,MOVING,collection2,MOVING,,
4220.0,2025-12-03T22:20:00+00:00,W12077,,MOVING,collection2,MOVING,,
4220.0,2025-12-03T22:20:00+00:00,W11766,,MOVING,collection2,MOVING,,
4220.0,2025-12-03T22:20:00+00:00,W4793,,MOVING,collection2,MOVING,,
4220.0,2025-12-03T22:20:00+00:00,W11718,,MOVING,collection2,MOVING,,
4220.0,2025-12-03T22:20:00+00:00,W7155,,MOVING,collection2,MOVING,,
4261.5,2025-12-03T23:01:30+00:00,W9173,,PARKED,parking16,PARKED,,
4261.5,2025-12-03T23:01:30+00:00,W6140,,PARKED,parking16,PARKED,,
4261.5,2025-12-03T23:01:30+00:00,W10364,,PARKED,parking16,PARKED,,
4261.5,2025-12-03T23:01:30+00:00,W6077,,PARKED,parking16,PARKED,,
4261.5,2025-12-03T23:01:30+00:00,W9270,,PARKED,parking16,PARKED,,
4261.5,2025-12-03T23:01:30+00:00,W9276,,PARKED,parking16,PARKED,,
4261.5,2025-12-03T23:01:30+00:00,W11578,,PARKED,parking16,PARKED,,
4261.5,2025-12-03T23:01:30+00:00,W9868,,PARKED,parking16,PARKED,,
4280.0,2025-12-03T23:20:00+00:00,W11269,,ON_RETROFIT_TRACK,retrofit,WAITING,,
4280.0,2025-12-03T23:20:00+00:00,W3811,,ON_RETROFIT_TRACK,retrofit,WAITING,,
4280.0,2025-12-03T23:20:00+00:00,W11254,,ON_RETROFIT_TRACK,retrofit,WAITING,,
4280.0,2025-12-03T23:20:00+00:00,W10878,,ON_RETROFIT_TRACK,retrofit,WAITING,,
4280.0,2025-12-03T23:20:00+00:00,W12077,,ON_RETROFIT_TRACK,retrofit,WAITING,,
4280.0,2025-12-03T23:20:00+00:00,W11766,,ON_RETROFIT_TRACK,retrofit,WAITING,,
4280.0,2025-12-03T23:20:00+00:00,W4793,,ON_RETROFIT_TRACK,retrofit,WAITING,,
4280.0,2025-12-03T23:20:00+00:00,W11718,,ON_RETROFIT_TRACK,retrofit,WAITING,,
4280.0,2025-12-03T23:20:00+00:00,W7155,,ON_RETROFIT_TRACK,retrofit,WAITING,,
4293.0,2025-12-03T23:33:00+00:00,W5167,T53,REJECTED,REJECTED,REJECTED_NO_RETROFIT_NEEDED,No Retrofit Needed,Wagon doesn't need retrofit
4293.0,2025-12-03T23:33:00+00:00,W5391,T53,REJECTED,REJECTED,REJECTED_NO_RETROFIT_NEEDED,No Retrofit Needed,Wagon doesn't need retrofit
4320.75,2025-12-04T00:00:45+00:00,W4026,T54,REJECTED,REJECTED,REJECTED_NO_RETROFIT_NEEDED,No Retrofit Needed,Wagon doesn't need retrofit
4320.75,2025-12-04T00:00:45+00:00,W2772,T54,REJECTED,REJECTED,REJECTED_NO_RETROFIT_NEEDED,No Retrofit Needed,Wagon doesn't need retrofit
4320.75,2025-12-04T00:00:45+00:00,W3651,T54,REJECTED,REJECTED,REJECTED_NO_RETROFIT_NEEDED,No Retrofit Needed,Wagon doesn't need retrofit
4326.5,2025-12-04T00:06:30+00:00,W12060,,RAKE_COUPLING_STARTED,WS_02,COUPLING,,
4326.5,2025-12-04T00:06:30+00:00,W11970,,RAKE_COUPLING_STARTED,WS_02,COUPLING,,
4328.5,2025-12-04T00:08:30+00:00,W12060,,RAKE_COUPLING_COMPLETED,WS_02,WAITING,,
4328.5,2025-12-04T00:08:30+00:00,W11970,,RAKE_COUPLING_COMPLETED,WS_02,WAITING,,
4328.5,2025-12-04T00:08:30+00:00,W12060,,MOVING,WS_02,MOVING,,
4328.5,2025-12-04T00:08:30+00:00,W11970,,MOVING,WS_02,MOVING,,
4333.5,2025-12-04T00:13:30+00:00,W12060,,ON_RETROFITTED_TRACK,retrofitted,WAITING,,
4333.5,2025-12-04T00:13:30+00:00,W11970,,ON_RETROFITTED_TRACK,retrofitted,WAITING,,
4341.0,2025-12-04T00:21:00+00:00,W3173,,RAKE_COUPLING_STARTED,WS_01,COUPLING,,
4341.0,2025-12-04T00:21:00+00:00,W5038,,RAKE_COUPLING_STARTED,WS_01,COUPLING,,
4343.0,2025-12-04T00:23:00+00:00,W3173,,RAKE_COUPLING_COMPLETED,WS_01,WAITING,,
4343.0,2025-12-04T00:23:00+00:00,W5038,,RAKE_COUPLING_COMPLETED,WS_01,WAITING,,
4343.0,2025-12-04T00:23:00+00:00,W3173,,MOVING,WS_01,MOVING,,
4343.0,2025-12-04T00:23:00+00:00,W5038,,MOVING,WS_01,MOVING,,
4348.0,2025-12-04T00:28:00+00:00,W3173,,ON_RETROFITTED_TRACK,retrofitted,WAITING,,
4348.0,2025-12-04T00:28:00+00:00,W5038,,ON_RETROFITTED_TRACK,retrofitted,WAITING,,
4363.0,2025-12-04T00:43:00+00:00,W11259,,MOVING,retrofit,MOVING,,
4363.0,2025-12-04T00:43:00+00:00,W5167,,MOVING,retrofit,MOVING,,
4368.0,2025-12-04T00:48:00+00:00,W11259,,AT_WORKSHOP,WS_02,ARRIVED,,
4368.0,2025-12-04T00:48:00+00:00,W5167,,AT_WORKSHOP,WS_02,ARRIVED,,
4374.0,2025-12-04T00:54:00+00:00,W11259,,RETROFIT_STARTED,WS_02,PROCESSING,,
4374.0,2025-12-04T00:54:00+00:00,W5167,,RETROFIT_STARTED,WS_02,PROCESSING,,
4379.0,2025-12-04T00:59:00+00:00,W5575,T55,REJECTED,REJECTED,REJECTED,NO_COLLECTION_TRACK,No collection track available
4379.0,2025-12-04T00:59:00+00:00,W6246,T55,ARRIVED,collection2,ARRIVED,,
4379.0,2025-12-04T00:59:00+00:00,W5947,T55,ARRIVED,collection2,ARRIVED,,
4379.0,2025-12-04T00:59:00+00:00,W5711,T55,ARRIVED,collection2,ARRIVED,,
4379.0,2025-12-04T00:59:00+00:00,W6884,T55,ARRIVED,collection2,ARRIVED,,
4387.75,2025-12-04T01:07:45+00:00,W11718,T56,REJECTED,REJECTED,REJECTED_NO_RETROFIT_NEEDED,No Retrofit Needed,Wagon doesn't need retrofit
4387.75,2025-12-04T01:07:45+00:00,W6339,T56,REJECTED,REJECTED,REJECTED_NO_RETROFIT_NEEDED,No Retrofit Needed,Wagon doesn't need retrofit
4387.75,2025-12-04T01:07:45+00:00,W3618,T56,REJECTED,REJECTED,REJECTED_NO_RETROFIT_NEEDED,No Retrofit Needed,Wagon doesn't need retrofit
4389.0,2025-12-04T01:09:00+00:00,W4666,,MOVING,retrofit,MOVING,,
4389.0,2025-12-04T01:09:00+00:00,W12210,,MOVING,retrofit,MOVING,,
4394.0,2025-12-04T01:14:00+00:00,W4666,,AT_WORKSHOP,WS_01,ARRIVED,,
4394.0,2025-12-04T01:14:00+00:00,W12210,,AT_WORKSHOP,WS_01,ARRIVED,,
4400.0,2025-12-04T01:20:00+00:00,W4666,,RETROFIT_STARTED,WS_01,PROCESSING,,
4400.0,2025-12-04T01:20:00+00:00,W12210,,RETROFIT_STARTED,WS_01,PROCESSING,,
4434.0,2025-12-04T01:54:00+00:00,W11259,,RETROFIT_COMPLETED,WS_02,COMPLETED,,
4434.0,2025-12-04T01:54:00+00:00,W5167,,RETROFIT_COMPLETED,WS_02,COMPLETED,,
4460.0,2025-12-04T02:20:00+00:00,W4666,,RETROFIT_COMPLETED,WS_01,COMPLETED,,
4460.0,2025-12-04T02:20:00+00:00,W12210,,RETROFIT_COMPLETED,WS_01,COMPLETED,,
4467.0,2025-12-04T02:27:00+00:00,W12060,,PARKED,parking16,PARKED,,
4467.0,2025-12-04T02:27:00+00:00,W11970,,PARKED,parking16,PARKED,,
4468.0,2025-12-04T02:28:00+00:00,W8636,,MOVING,collection1,MOVING,,
4491.5,2025-12-04T02:51:30+00:00,W11268,T57,REJECTED,REJECTED,REJECTED_NO_RETROFIT_NEEDED,No Retrofit Needed,Wagon doesn't need retrofit
4491.5,2025-12-04T02:51:30+00:00,W8085,T57,REJECTED,REJECTED,REJECTED,NO_COLLECTION_TRACK,No collection track available
4491.5,2025-12-04T02:51:30+00:00,W8082,T57,REJECTED,REJECTED,REJECTED,NO_COLLECTION_TRACK,No collection track available
4491.5,2025-12-04T02:51:30+00:00,W8052,T57,REJECTED,REJECTED,REJECTED,NO_COLLECTION_TRACK,No collection track available
4491.5,2025-12-04T02:51:30+00:00,W0600,T57,REJECTED,REJECTED,REJECTED,NO_COLLECTION_TRACK,No collection track available
4491.5,2025-12-04T02:51:30+00:00,W8096,T57,REJECTED,REJECTED,REJECTED,NO_COLLECTION_TRACK,No collection track available
4528.0,2025-12-04T03:28:00+00:00,W8636,,ON_RETROFIT_TRACK,retrofit,WAITING,,
4532.0,2025-12-04T03:32:00+00:00,W11259,,RAKE_COUPLING_STARTED,WS_02,COUPLING,,
4532.0,2025-12-04T03:32:00+00:00,W5167,,RAKE_COUPLING_STARTED,WS_02,COUPLING,,
4534.0,2025-12-04T03:34:00+00:00,W11259,,RAKE_COUPLING_COMPLETED,WS_02,WAITING,,
4534.0,2025-12-04T03:34:00+00:00,W5167,,RAKE_COUPLING_COMPLETED,WS_02,WAITING,,
4534.0,2025-12-04T03:34:00+00:00,W11259,,MOVING,WS_02,MOVING,,
4534.0,2025-12-04T03:34:00+00:00,W5167,,MOVING,WS_02,MOVING,,
4539.0,2025-12-04T03:39:00+00:00,W11259,,ON_RETROFITTED_TRACK,retrofitted,WAITING,,
4539.0,2025-12-04T03:39:00+00:00,W5167,,ON_RETROFITTED_TRACK,retrofitted,WAITING,,
4541.0,2025-12-04T03:41:00+00:00,W4666,,RAKE_COUPLING_STARTED,WS_01,COUPLING,,
4541.0,2025-12-04T03:41:00+00:00,W12210,,RAKE_COUPLING_STARTED,WS_01,COUPLING,,
4543.0,2025-12-04T03:43:00+00:00,W4666,,RAKE_COUPLING_COMPLETED,WS_01,WAITING,,
4543.0,2025-12-04T03:43:00+00:00,W12210,,RAKE_COUPLING_COMPLETED,WS_01,WAITING,,
4543.0,2025-12-04T03:43:00+00:00,W4666,,MOVING,WS_01,MOVING,,
4543.0,2025-12-04T03:43:00+00:00,W12210,,MOVING,WS_01,MOVING,,
4548.0,2025-12-04T03:48:00+00:00,W4666,,ON_RETROFITTED_TRACK,retrofitted,WAITING,,
4548.0,2025-12-04T03:48:00+00:00,W12210,,ON_RETROFITTED_TRACK,retrofitted,WAITING,,
4563.0,2025-12-04T04:03:00+00:00,W11269,,MOVING,retrofit,MOVING,,
4563.0,2025-12-04T04:03:00+00:00,W3811,,MOVING,retrofit,MOVING,,
4568.0,2025-12-04T04:08:00+00:00,W11269,,AT_WORKSHOP,WS_02,ARRIVED,,
4568.0,2025-12-04T04:08:00+00:00,W3811,,AT_WORKSHOP,WS_02,ARRIVED,,
4574.0,2025-12-04T04:14:00+00:00,W11269,,RETROFIT_STARTED,WS_02,PROCESSING,,
4574.0,2025-12-04T04:14:00+00:00,W3811,,RETROFIT_STARTED,WS_02,PROCESSING,,
4589.0,2025-12-04T04:29:00+00:00,W11254,,MOVING,retrofit,MOVING,,
4589.0,2025-12-04T04:29:00+00:00,W10878,,MOVING,retrofit,MOVING,,
4594.0,2025-12-04T04:34:00+00:00,W11254,,AT_WORKSHOP,WS_01,ARRIVED,,
4594.0,2025-12-04T04:34:00+00:00,W10878,,AT_WORKSHOP,WS_01,ARRIVED,,
4600.0,2025-12-04T04:40:00+00:00,W11254,,RETROFIT_STARTED,WS_01,PROCESSING,,
4600.0,2025-12-04T04:40:00+00:00,W10878,,RETROFIT_STARTED,WS_01,PROCESSING,,
4634.0,2025-12-04T05:14:00+00:00,W11269,,RETROFIT_COMPLETED,WS_02,COMPLETED,,
4634.0,2025-12-04T05:14:00+00:00,W3811,,RETROFIT_COMPLETED,WS_02,COMPLETED,,
4654.5,2025-12-04T05:34:30+00:00,W8383,T58,ARRIVED,collection1,ARRIVED,,
4654.5,2025-12-04T05:34:30+00:00,W8381,T58,ARRIVED,collection1,ARRIVED,,
4660.0,2025-12-04T05:40:00+00:00,W11254,,RETROFIT_COMPLETED,WS_01,COMPLETED,,
4660.0,2025-12-04T05:40:00+00:00,W10878,,RETROFIT_COMPLETED,WS_01,COMPLETED,,
4665.0,2025-12-04T05:45:00+00:00,W7258,,RAKE_COUPLING_STARTED,collection2,COUPLING,,
4665.0,2025-12-04T05:45:00+00:00,W9495,,RAKE_COUPLING_STARTED,collection2,COUPLING,,
4665.0,2025-12-04T05:45:00+00:00,W11014,,RAKE_COUPLING_STARTED,collection2,COUPLING,,
4665.0,2025-12-04T05:45:00+00:00,W9040,,RAKE_COUPLING_STARTED,collection2,COUPLING,,
4672.5,2025-12-04T05:52:30+00:00,W3173,,PARKED,parking16,PARKED,,
4672.5,2025-12-04T05:52:30+00:00,W5038,,PARKED,parking16,PARKED,,
4674.0,2025-12-04T05:54:00+00:00,W7258,,MOVING,collection2,MOVING,,
4674.0,2025-12-04T05:54:00+00:00,W9495,,MOVING,collection2,MOVING,,
4674.0,2025-12-04T05:54:00+00:00,W11014,,MOVING,collection2,MOVING,,
4674.0,2025-12-04T05:54:00+00:00,W9040,,MOVING,collection2,MOVING,,
4676.75,2025-12-04T05:56:45+00:00,W0117,T59,REJECTED,REJECTED,REJECTED,NO_COLLECTION_TRACK,No collection track available
4676.75,2025-12-04T05:56:45+00:00,W0191,T59,REJECTED,REJECTED,REJECTED,NO_COLLECTION_TRACK,No collection track available
4676.75,2025-12-04T05:56:45+00:00,W11315,T59,REJECTED,REJECTED,REJECTED,NO_COLLECTION_TRACK,No collection track available
4676.75,2025-12-04T05:56:45+00:00,W9067,T59,ARRIVED,collection1,ARRIVED,,
4704.0,2025-12-04T06:24:00+00:00,W4368,T60,REJECTED,REJECTED,REJECTED,NO_COLLECTION_TRACK,No collection track available
4704.0,2025-12-04T06:24:00+00:00,W6862,T60,REJECTED,REJECTED,REJECTED,NO_COLLECTION_TRACK,No collection track available
4704.0,2025-12-04T06:24:00+00:00,W1084,T60,REJECTED,REJECTED,REJECTED,NO_COLLECTION_TRACK,No collection track available
4704.0,2025-12-04T06:24:00+00:00,W11555,T60,REJECTED,REJECTED,REJECTED,NO_COLLECTION_TRACK,No collection track available
4734.0,2025-12-04T06:54:00+00:00,W7258,,ON_RETROFIT_TRACK,retrofit,WAITING,,
4734.0,2025-12-04T06:54:00+00:00,W9495,,ON_RETROFIT_TRACK,retrofit,WAITING,,
4734.0,2025-12-04T06:54:00+00:00,W11014,,ON_RETROFIT_TRACK,retrofit,WAITING,,
4734.0,2025-12-04T06:54:00+00:00,W9040,,ON_RETROFIT_TRACK,retrofit,WAITING,,
4737.5,2025-12-04T06:57:30+00:00,W11269,,RAKE_COUPLING_STARTED,WS_02,COUPLING,,
4737.5,2025-12-04T06:57:30+00:00,W3811,,RAKE_COUPLING_STARTED,WS_02,COUPLING,,
4739.5,2025-12-04T06:59:30+00:00,W11269,,RAKE_COUPLING_COMPLETED,WS_02,WAITING,,
4739.5,2025-12-04T06:59:30+00:00,W3811,,RAKE_COUPLING_COMPLETED,WS_02,WAITING,,
4739.5,2025-12-04T06:59:30+00:00,W11269,,MOVING,WS_02,MOVING,,
4739.5,2025-12-04T06:59:30+00:00,W3811,,MOVING,WS_02,MOVING,,
4744.5,2025-12-04T07:04:30+00:00,W11269,,ON_RETROFITTED_TRACK,retrofitted,WAITING,,
4744.5,2025-12-04T07:04:30+00:00,W3811,,ON_RETROFITTED_TRACK,retrofitted,WAITING,,
4754.5,2025-12-04T07:14:30+00:00,W11254,,RAKE_COUPLING_STARTED,WS_01,COUPLING,,
4754.5,2025-12-04T07:14:30+00:00,W10878,,RAKE_COUPLING_STARTED,WS_01,COUPLING,,
4756.5,2025-12-04T07:16:30+00:00,W11254,,RAKE_COUPLING_COMPLETED,WS_01,WAITING,,
4756.5,2025-12-04T07:16:30+00:00,W10878,,RAKE_COUPLING_COMPLETED,WS_01,WAITING,,
4756.5,2025-12-04T07:16:30+00:00,W11254,,MOVING,WS_01,MOVING,,
4756.5,2025-12-04T07:16:30+00:00,W10878,,MOVING,WS_01,MOVING,,
4761.25,2025-12-04T07:21:15+00:00,W11723,T61,REJECTED,REJECTED,REJECTED_NO_RETROFIT_NEEDED,No Retrofit Needed,Wagon doesn't need retrofit
4761.25,2025-12-04T07:21:15+00:00,W2926,T61,REJECTED,REJECTED,REJECTED_NO_RETROFIT_NEEDED,No Retrofit Needed,Wagon doesn't need retrofit
4761.25,2025-12-04T07:21:15+00:00,W4655,T61,REJECTED,REJECTED,REJECTED_NO_RETROFIT_NEEDED,No Retrofit Needed,Wagon doesn't need retrofit
4761.25,2025-12-04T07:21:15+00:00,W11596,T61,ARRIVED,collection2,ARRIVED,,
4761.25,2025-12-04T07:21:15+00:00,W10957,T61,ARRIVED,collection2,ARRIVED,,
4761.5,2025-12-04T07:21:30+00:00,W11254,,ON_RETROFITTED_TRACK,retrofitted,WAITING,,
4761.5,2025-12-04T07:21:30+00:00,W10878,,ON_RETROFITTED_TRACK,retrofitted,WAITING,,
4770.0,2025-12-04T07:30:00+00:00,W12077,,MOVING,retrofit,MOVING,,
4770.0,2025-12-04T07:30:00+00:00,W11766,,MOVING,retrofit,MOVING,,
4775.0,2025-12-04T07:35:00+00:00,W12077,,AT_WORKSHOP,WS_02,ARRIVED,,
4775.0,2025-12-04T07:35:00+00:00,W11766,,AT_WORKSHOP,WS_02,ARRIVED,,
4781.0,2025-12-04T07:41:00+00:00,W12077,,RETROFIT_STARTED,WS_02,PROCESSING,,
4781.0,2025-12-04T07:41:00+00:00,W11766,,RETROFIT_STARTED,WS_02,PROCESSING,,
4796.0,2025-12-04T07:56:00+00:00,W4793,,MOVING,retrofit,MOVING,,
4796.0,2025-12-04T07:56:00+00:00,W11718,,MOVING,retrofit,MOVING,,
4801.0,2025-12-04T08:01:00+00:00,W4793,,AT_WORKSHOP,WS_01,ARRIVED,,
4801.0,2025-12-04T08:01:00+00:00,W11718,,AT_WORKSHOP,WS_01,ARRIVED,,
4804.0,2025-12-04T08:04:00+00:00,W4701,T62,REJECTED,REJECTED,REJECTED_NO_RETROFIT_NEEDED,No Retrofit Needed,Wagon doesn't need retrofit
4804.0,2025-12-04T08:04:00+00:00,W4754,T62,REJECTED,REJECTED,REJECTED_NO_RETROFIT_NEEDED,No Retrofit Needed,Wagon doesn't need retrofit
4804.0,2025-12-04T08:04:00+00:00,W4726,T62,REJECTED,REJECTED,REJECTED_NO_RETROFIT_NEEDED,No Retrofit Needed,Wagon doesn't need retrofit
4807.0,2025-12-04T08:07:00+00:00,W4793,,RETROFIT_STARTED,WS_01,PROCESSING,,
4807.0,2025-12-04T08:07:00+00:00,W11718,,RETROFIT_STARTED,WS_01,PROCESSING,,
4824.0,2025-12-04T08:24:00+00:00,W6303,T63,ARRIVED,collection2,ARRIVED,,
4824.0,2025-12-04T08:24:00+00:00,W10958,T63,ARRIVED,collection2,ARRIVED,,
4824.0,2025-12-04T08:24:00+00:00,W6277,T63,ARRIVED,collection2,ARRIVED,,
4824.0,2025-12-04T08:24:00+00:00,W10928,T63,ARRIVED,collection2,ARRIVED,,
4841.0,2025-12-04T08:41:00+00:00,W12077,,RETROFIT_COMPLETED,WS_02,COMPLETED,,
4841.0,2025-12-04T08:41:00+00:00,W11766,,RETROFIT_COMPLETED,WS_02,COMPLETED,,
4854.0,2025-12-04T08:54:00+00:00,W0605,T64,REJECTED,REJECTED,REJECTED,NO_COLLECTION_TRACK,No collection track available
4854.0,2025-12-04T08:54:00+00:00,W2291,T64,REJECTED,REJECTED,REJECTED,NO_COLLECTION_TRACK,No collection track available
4854.0,2025-12-04T08:54:00+00:00,W0615,T64,REJECTED,REJECTED,REJECTED,NO_COLLECTION_TRACK,No collection track available
4867.0,2025-12-04T09:07:00+00:00,W4793,,RETROFIT_COMPLETED,WS_01,COMPLETED,,
4867.0,2025-12-04T09:07:00+00:00,W11718,,RETROFIT_COMPLETED,WS_01,COMPLETED,,
4872.0,2025-12-04T09:12:00+00:00,W10949,,RAKE_COUPLING_STARTED,collection1,COUPLING,,
4872.0,2025-12-04T09:12:00+00:00,W8631,,RAKE_COUPLING_STARTED,collection1,COUPLING,,
4872.0,2025-12-04T09:12:00+00:00,W11467,,RAKE_COUPLING_STARTED,collection1,COUPLING,,
4872.0,2025-12-04T09:12:00+00:00,W10354,,RAKE_COUPLING_STARTED,collection1,COUPLING,,
4881.0,2025-12-04T09:21:00+00:00,W10949,,MOVING,collection1,MOVING,,
4881.0,2025-12-04T09:21:00+00:00,W8631,,MOVING,collection1,MOVING,,
4881.0,2025-12-04T09:21:00+00:00,W11467,,MOVING,collection1,MOVING,,
4881.0,2025-12-04T09:21:00+00:00,W10354,,MOVING,collection1,MOVING,,
4898.0,2025-12-04T09:38:00+00:00,W11259,,PARKED,parking16,PARKED,,
4898.0,2025-12-04T09:38:00+00:00,W5167,,PARKED,parking16,PARKED,,
4898.0,2025-12-04T09:38:00+00:00,W4666,,PARKED,parking16,PARKED,,
4898.0,2025-12-04T09:38:00+00:00,W12210,,PARKED,parking16,PARKED,,
4941.0,2025-12-04T10:21:00+00:00,W10949,,ON_RETROFIT_TRACK,retrofit,WAITING,,
4941.0,2025-12-04T10:21:00+00:00,W8631,,ON_RETROFIT_TRACK,retrofit,WAITING,,
4941.0,2025-12-04T10:21:00+00:00,W11467,,ON_RETROFIT_TRACK,retrofit,WAITING,,
4941.0,2025-12-04T10:21:00+00:00,W10354,,ON_RETROFIT_TRACK,retrofit,WAITING,,
4963.0,2025-12-04T10:43:00+00:00,W12077,,RAKE_COUPLING_STARTED,WS_02,COUPLING,,
4963.0,2025-12-04T10:43:00+00:00,W11766,,RAKE_COUPLING_STARTED,WS_02,COUPLING,,
4965.0,2025-12-04T10:45:00+00:00,W12077,,RAKE_COUPLING_COMPLETED,WS_02,WAITING,,
4965.0,2025-12-04T10:45:00+00:00,W11766,,RAKE_COUPLING_COMPLETED,WS_02,WAITING,,
4965.0,2025-12-04T10:45:00+00:00,W12077,,MOVING,WS_02,MOVING,,
4965.0,2025-12-04T10:45:00+00:00,W11766,,MOVING,WS_02,MOVING,,
4970.0,2025-12-04T10:50:00+00:00,W12077,,ON_RETROFITTED_TRACK,retrofitted,WAITING,,
4970.0,2025-12-04T10:50:00+00:00,W11766,,ON_RETROFITTED_TRACK,retrofitted,WAITING,,
4972.0,2025-12-04T10:52:00+00:00,W4793,,RAKE_COUPLING_STARTED,WS_01,COUPLING,,
4972.0,2025-12-04T10:52:00+00:00,W11718,,RAKE_COUPLING_STARTED,WS_01,COUPLING,,
4974.0,2025-12-04T10:54:00+00:00,W4793,,RAKE_COUPLING_COMPLETED,WS_01,WAITING,,
4974.0,2025-12-04T10:54:00+00:00,W11718,,RAKE_COUPLING_COMPLETED,WS_01,WAITING,,
4974.0,2025-12-04T10:54:00+00:00,W4793,,MOVING,WS_01,MOVING,,
4974.0,2025-12-04T10:54:00+00:00,W11718,,MOVING,WS_01,MOVING,,
4979.0,2025-12-04T10:59:00+00:00,W4793,,ON_RETROFITTED_TRACK,retrofitted,WAITING,,
4979.0,2025-12-04T10:59:00+00:00,W11718,,ON_RETROFITTED_TRACK,retrofitted,WAITING,,
4994.0,2025-12-04T11:14:00+00:00,W7155,,MOVING,retrofit,MOVING,,
4994.0,2025-12-04T11:14:00+00:00,W8636,,MOVING,retrofit,MOVING,,
4999.0,2025-12-04T11:19:00+00:00,W5446,T65,REJECTED,REJECTED,REJECTED_NO_RETROFIT_NEEDED,No Retrofit Needed,Wagon doesn't need retrofit
4999.0,2025-12-04T11:19:00+00:00,W7155,,AT_WORKSHOP,WS_02,ARRIVED,,
4999.0,2025-12-04T11:19:00+00:00,W8636,,AT_WORKSHOP,WS_02,ARRIVED,,
5005.0,2025-12-04T11:25:00+00:00,W7155,,RETROFIT_STARTED,WS_02,PROCESSING,,
5005.0,2025-12-04T11:25:00+00:00,W8636,,RETROFIT_STARTED,WS_02,PROCESSING,,
5011.0,2025-12-04T11:31:00+00:00,W8613,T66,REJECTED,REJECTED,REJECTED_NO_RETROFIT_NEEDED,No Retrofit Needed,Wagon doesn't need retrofit
5011.0,2025-12-04T11:31:00+00:00,W0924,T66,REJECTED,REJECTED,REJECTED,NO_COLLECTION_TRACK,No collection track available
5011.0,2025-12-04T11:31:00+00:00,W0685,T66,REJECTED,REJECTED,REJECTED,NO_COLLECTION_TRACK,No collection track available
5011.0,2025-12-04T11:31:00+00:00,W0701,T66,REJECTED,REJECTED,REJECTED,NO_COLLECTION_TRACK,No collection track available
5011.0,2025-12-04T11:31:00+00:00,W0677,T66,ARRIVED,collection1,ARRIVED,,
5014.0,2025-12-04T11:34:00+00:00,W0020,T67,REJECTED,REJECTED,REJECTED,NO_COLLECTION_TRACK,No collection track available
5014.0,2025-12-04T11:34:00+00:00,W11419,T67,REJECTED,REJECTED,REJECTED,NO_COLLECTION_TRACK,No collection track available
5020.0,2025-12-04T11:40:00+00:00,W7258,,MOVING,retrofit,MOVING,,
5020.0,2025-12-04T11:40:00+00:00,W9495,,MOVING,retrofit,MOVING,,
5025.0,2025-12-04T11:45:00+00:00,W7258,,AT_WORKSHOP,WS_01,ARRIVED,,
5025.0,2025-12-04T11:45:00+00:00,W9495,,AT_WORKSHOP,WS_01,ARRIVED,,
5031.0,2025-12-04T11:51:00+00:00,W7258,,RETROFIT_STARTED,WS_01,PROCESSING,,
5031.0,2025-12-04T11:51:00+00:00,W9495,,RETROFIT_STARTED,WS_01,PROCESSING,,
5039.75,2025-12-04T11:59:45+00:00,W4368,T68,REJECTED,REJECTED,REJECTED_NO_RETROFIT_NEEDED,No Retrofit Needed,Wagon doesn't need retrofit
5039.75,2025-12-04T11:59:45+00:00,W6025,T68,REJECTED,REJECTED,REJECTED,NO_COLLECTION_TRACK,No collection track available
5039.75,2025-12-04T11:59:45+00:00,W6634,T68,ARRIVED,collection1,ARRIVED,,
5059.25,2025-12-04T12:19:15+00:00,W10284,T69,REJECTED,REJECTED,REJECTED_NO_RETROFIT_NEEDED,No Retrofit Needed,Wagon doesn't need retrofit
5059.25,2025-12-04T12:19:15+00:00,W7175,T69,ARRIVED,collection2,ARRIVED,,
5065.0,2025-12-04T12:25:00+00:00,W7155,,RETROFIT_COMPLETED,WS_02,COMPLETED,,
5065.0,2025-12-04T12:25:00+00:00,W8636,,RETROFIT_COMPLETED,WS_02,COMPLETED,,
5091.0,2025-12-04T12:51:00+00:00,W7258,,RETROFIT_COMPLETED,WS_01,COMPLETED,,
5091.0,2025-12-04T12:51:00+00:00,W9495,,RETROFIT_COMPLETED,WS_01,COMPLETED,,
5096.0,2025-12-04T12:56:00+00:00,W9345,,RAKE_COUPLING_STARTED,collection2,COUPLING,,
5096.0,2025-12-04T12:56:00+00:00,W7115,,RAKE_COUPLING_STARTED,collection2,COUPLING,,
5096.0,2025-12-04T12:56:00+00:00,W10706,,RAKE_COUPLING_STARTED,collection2,COUPLING,,
5096.0,2025-12-04T12:56:00+00:00,W5057,,RAKE_COUPLING_STARTED,collection2,COUPLING,,
5096.0,2025-12-04T12:56:00+00:00,W4522,,RAKE_COUPLING_STARTED,collection2,COUPLING,,
5106.5,2025-12-04T13:06:30+00:00,W11269,,PARKED,parking16,PARKED,,
5106.5,2025-12-04T13:06:30+00:00,W3811,,PARKED,parking16,PARKED,,
5106.5,2025-12-04T13:06:30+00:00,W11254,,PARKED,parking16,PARKED,,
5106.5,2025-12-04T13:06:30+00:00,W10878,,PARKED,parking16,PARKED,,
5107.0,2025-12-04T13:07:00+00:00,W9345,,MOVING,collection2,MOVING,,
5107.0,2025-12-04T13:07:00+00:00,W7115,,MOVING,collection2,MOVING,,
5107.0,2025-12-04T13:07:00+00:00,W10706,,MOVING,collection2,MOVING,,
5107.0,2025-12-04T13:07:00+00:00,W5057,,MOVING,collection2,MOVING,,
5107.0,2025-12-04T13:07:00+00:00,W4522,,MOVING,collection2,MOVING,,
5107.75,2025-12-04T13:07:45+00:00,W10689,T70,REJECTED,REJECTED,REJECTED_NO_RETROFIT_NEEDED,No Retrofit Needed,Wagon doesn't need retrofit
5107.75,2025-12-04T13:07:45+00:00,W4522,T70,REJECTED,REJECTED,REJECTED_NO_RETROFIT_NEEDED,No Retrofit Needed,Wagon doesn't need retrofit
5107.75,2025-12-04T13:07:45+00:00,W4479,T70,REJECTED,REJECTED,REJECTED_NO_RETROFIT_NEEDED,No Retrofit Needed,Wagon doesn't need retrofit
5107.75,2025-12-04T13:07:45+00:00,W10396,T70,REJECTED,REJECTED,REJECTED_NO_RETROFIT_NEEDED,No Retrofit Needed,Wagon doesn't need retrofit
5107.75,2025-12-04T13:07:45+00:00,W6803,T70,REJECTED,REJECTED,REJECTED,NO_COLLECTION_TRACK,No collection track available
5111.75,2025-12-04T13:11:45+00:00,W8473,T71,REJECTED,REJECTED,REJECTED_NO_RETROFIT_NEEDED,No Retrofit Needed,Wagon doesn't need retrofit
5111.75,2025-12-04T13:11:45+00:00,W5057,T71,REJECTED,REJECTED,REJECTED_NO_RETROFIT_NEEDED,No Retrofit Needed,Wagon doesn't need retrofit
5111.75,2025-12-04T13:11:45+00:00,W318166502860,T71,REJECTED,REJECTED,REJECTED_NO_RETROFIT_NEEDED,No Retrofit Needed,Wagon doesn't need retrofit
5167.0,2025-12-04T14:07:00+00:00,W9345,,ON_RETROFIT_TRACK,retrofit,WAITING,,
5167.0,2025-12-04T14:07:00+00:00,W7115,,ON_RETROFIT_TRACK,retrofit,WAITING,,
5167.0,2025-12-04T14:07:00+00:00,W10706,,ON_RETROFIT_TRACK,retrofit,WAITING,,
5167.0,2025-12-04T14:07:00+00:00,W5057,,ON_RETROFIT_TRACK,retrofit,WAITING,,
5167.0,2025-12-04T14:07:00+00:00,W4522,,ON_RETROFIT_TRACK,retrofit,WAITING,,
5171.5,2025-12-04T14:11:30+00:00,W7155,,RAKE_COUPLING_STARTED,WS_02,COUPLING,,
5171.5,2025-12-04T14:11:30+00:00,W8636,,RAKE_COUPLING_STARTED,WS_02,COUPLING,,
5173.5,2025-12-04T14:13:30+00:00,W7155,,RAKE_COUPLING_COMPLETED,WS_02,WAITING,,
5173.5,2025-12-04T14:13:30+00:00,W8636,,RAKE_COUPLING_COMPLETED,WS_02,WAITING,,
5173.5,2025-12-04T14:13:30+00:00,W7155,,MOVING,WS_02,MOVING,,
5173.5,2025-12-04T14:13:30+00:00,W8636,,MOVING,WS_02,MOVING,,
5178.5,2025-12-04T14:18:30+00:00,W7155,,ON_RETROFITTED_TRACK,retrofitted,WAITING,,
5178.5,2025-12-04T14:18:30+00:00,W8636,,ON_RETROFITTED_TRACK,retrofitted,WAITING,,
5188.5,2025-12-04T14:28:30+00:00,W7258,,RAKE_COUPLING_STARTED,WS_01,COUPLING,,
5188.5,2025-12-04T14:28:30+00:00,W9495,,RAKE_COUPLING_STARTED,WS_01,COUPLING,,
5190.5,2025-12-04T14:30:30+00:00,W7258,,RAKE_COUPLING_COMPLETED,WS_01,WAITING,,
5190.5,2025-12-04T14:30:30+00:00,W9495,,RAKE_COUPLING_COMPLETED,WS_01,WAITING,,
5190.5,2025-12-04T14:30:30+00:00,W7258,,MOVING,WS_01,MOVING,,
5190.5,2025-12-04T14:30:30+00:00,W9495,,MOVING,WS_01,MOVING,,
5195.5,2025-12-04T14:35:30+00:00,W7258,,ON_RETROFITTED_TRACK,retrofitted,WAITING,,
5195.5,2025-12-04T14:35:30+00:00,W9495,,ON_RETROFITTED_TRACK,retrofitted,WAITING,,
5203.75,2025-12-04T14:43:45+00:00,W7265,T72,ARRIVED,collection2,ARRIVED,,
5203.75,2025-12-04T14:43:45+00:00,W11947,T72,ARRIVED,collection2,ARRIVED,,
5203.75,2025-12-04T14:43:45+00:00,W11959,T72,ARRIVED,collection2,ARRIVED,,
5203.75,2025-12-04T14:43:45+00:00,W10522,T72,ARRIVED,collection2,ARRIVED,,
5203.75,2025-12-04T14:43:45+00:00,W6231,T72,ARRIVED,collection2,ARRIVED,,
5209.0,2025-12-04T14:49:00+00:00,W11014,,MOVING,retrofit,MOVING,,
5209.0,2025-12-04T14:49:00+00:00,W9040,,MOVING,retrofit,MOVING,,
5214.0,2025-12-04T14:54:00+00:00,W11014,,AT_WORKSHOP,WS_02,ARRIVED,,
5214.0,2025-12-04T14:54:00+00:00,W9040,,AT_WORKSHOP,WS_02,ARRIVED,,
5217.0,2025-12-04T14:57:00+00:00,W12077,,PARKED,parking1,PARKED,,
5217.0,2025-12-04T14:57:00+00:00,W11766,,PARKED,parking1,PARKED,,
5217.0,2025-12-04T14:57:00+00:00,W4793,,PARKED,parking1,PARKED,,
5217.0,2025-12-04T14:57:00+00:00,W11718,,PARKED,parking1,PARKED,,
5220.0,2025-12-04T15:00:00+00:00,W11014,,RETROFIT_STARTED,WS_02,PROCESSING,,
5220.0,2025-12-04T15:00:00+00:00,W9040,,RETROFIT_STARTED,WS_02,PROCESSING,,
5221.5,2025-12-04T15:01:30+00:00,W12349,T73,REJECTED,REJECTED,REJECTED,NO_COLLECTION_TRACK,No collection track available
5232.0,2025-12-04T15:12:00+00:00,W10949,,MOVING,retrofit,MOVING,,
5232.0,2025-12-04T15:12:00+00:00,W8631,,MOVING,retrofit,MOVING,,
5237.0,2025-12-04T15:17:00+00:00,W10949,,AT_WORKSHOP,WS_01,ARRIVED,,
5237.0,2025-12-04T15:17:00+00:00,W8631,,AT_WORKSHOP,WS_01,ARRIVED,,
5243.0,2025-12-04T15:23:00+00:00,W10949,,RETROFIT_STARTED,WS_01,PROCESSING,,
5243.0,2025-12-04T15:23:00+00:00,W8631,,RETROFIT_STARTED,WS_01,PROCESSING,,
5280.0,2025-12-04T16:00:00+00:00,W11014,,RETROFIT_COMPLETED,WS_02,COMPLETED,,
5280.0,2025-12-04T16:00:00+00:00,W9040,,RETROFIT_COMPLETED,WS_02,COMPLETED,,
5296.5,2025-12-04T16:16:30+00:00,W7155,,PARKED,parking12,PARKED,,
5296.5,2025-12-04T16:16:30+00:00,W8636,,PARKED,parking12,PARKED,,
5296.5,2025-12-04T16:16:30+00:00,W7258,,PARKED,parking12,PARKED,,
5296.5,2025-12-04T16:16:30+00:00,W9495,,PARKED,parking12,PARKED,,
5303.0,2025-12-04T16:23:00+00:00,W10949,,RETROFIT_COMPLETED,WS_01,COMPLETED,,
5303.0,2025-12-04T16:23:00+00:00,W8631,,RETROFIT_COMPLETED,WS_01,COMPLETED,,
5308.0,2025-12-04T16:28:00+00:00,W0623,,RAKE_COUPLING_STARTED,collection1,COUPLING,,
5308.0,2025-12-04T16:28:00+00:00,W11261,,RAKE_COUPLING_STARTED,collection1,COUPLING,,
5313.0,2025-12-04T16:33:00+00:00,W0623,,MOVING,collection1,MOVING,,
5313.0,2025-12-04T16:33:00+00:00,W11261,,MOVING,collection1,MOVING,,
5361.5,2025-12-04T17:21:30+00:00,W11014,,RAKE_COUPLING_STARTED,WS_02,COUPLING,,
5361.5,2025-12-04T17:21:30+00:00,W9040,,RAKE_COUPLING_STARTED,WS_02,COUPLING,,
5363.5,2025-12-04T17:23:30+00:00,W11014,,RAKE_COUPLING_COMPLETED,WS_02,WAITING,,
5363.5,2025-12-04T17:23:30+00:00,W9040,,RAKE_COUPLING_COMPLETED,WS_02,WAITING,,
5363.5,2025-12-04T17:23:30+00:00,W11014,,MOVING,WS_02,MOVING,,
5363.5,2025-12-04T17:23:30+00:00,W9040,,MOVING,WS_02,MOVING,,
5368.5,2025-12-04T17:28:30+00:00,W11014,,ON_RETROFITTED_TRACK,retrofitted,WAITING,,
5368.5,2025-12-04T17:28:30+00:00,W9040,,ON_RETROFITTED_TRACK,retrofitted,WAITING,,
5373.0,2025-12-04T17:33:00+00:00,W0623,,ON_RETROFIT_TRACK,retrofit,WAITING,,
5373.0,2025-12-04T17:33:00+00:00,W11261,,ON_RETROFIT_TRACK,retrofit,WAITING,,
5378.5,2025-12-04T17:38:30+00:00,W10949,,RAKE_COUPLING_STARTED,WS_01,COUPLING,,
5378.5,2025-12-04T17:38:30+00:00,W8631,,RAKE_COUPLING_STARTED,WS_01,COUPLING,,
5380.5,2025-12-04T17:40:30+00:00,W10949,,RAKE_COUPLING_COMPLETED,WS_01,WAITING,,
5380.5,2025-12-04T17:40:30+00:00,W8631,,RAKE_COUPLING_COMPLETED,WS_01,WAITING,,
5380.5,2025-12-04T17:40:30+00:00,W10949,,MOVING,WS_01,MOVING,,
5380.5,2025-12-04T17:40:30+00:00,W8631,,MOVING,WS_01,MOVING,,
5385.5,2025-12-04T17:45:30+00:00,W10949,,ON_RETROFITTED_TRACK,retrofitted,WAITING,,
5385.5,2025-12-04T17:45:30+00:00,W8631,,ON_RETROFITTED_TRACK,retrofitted,WAITING,,
5397.0,2025-12-04T17:57:00+00:00,W11467,,MOVING,retrofit,MOVING,,
5397.0,2025-12-04T17:57:00+00:00,W10354,,MOVING,retrofit,MOVING,,
5397.75,2025-12-04T17:57:45+00:00,W10093,T74,REJECTED,REJECTED,REJECTED,NO_COLLECTION_TRACK,No collection track available
5397.75,2025-12-04T17:57:45+00:00,W11640,T74,REJECTED,REJECTED,REJECTED,NO_COLLECTION_TRACK,No collection track available
5397.75,2025-12-04T17:57:45+00:00,W7316,T74,ARRIVED,collection1,ARRIVED,,
5397.75,2025-12-04T17:57:45+00:00,W9534,T74,ARRIVED,collection1,ARRIVED,,
5397.75,2025-12-04T17:57:45+00:00,W11953,T74,ARRIVED,collection1,ARRIVED,,
5397.75,2025-12-04T17:57:45+00:00,W9237,T74,ARRIVED,collection1,ARRIVED,,
5397.75,2025-12-04T17:57:45+00:00,W2853,T74,ARRIVED,collection1,ARRIVED,,
5397.75,2025-12-04T17:57:45+00:00,W2415,T74,ARRIVED,collection1,ARRIVED,,
5402.0,2025-12-04T18:02:00+00:00,W11467,,AT_WORKSHOP,WS_02,ARRIVED,,
5402.0,2025-12-04T18:02:00+00:00,W10354,,AT_WORKSHOP,WS_02,ARRIVED,,
5403.75,2025-12-04T18:03:45+00:00,W8626,T75,REJECTED,REJECTED,REJECTED_NO_RETROFIT_NEEDED,No Retrofit Needed,Wagon doesn't need retrofit
5403.75,2025-12-04T18:03:45+00:00,W0117,T75,REJECTED,REJECTED,REJECTED_NO_RETROFIT_NEEDED,No Retrofit Needed,Wagon doesn't need retrofit
5403.75,2025-12-04T18:03:45+00:00,W0191,T75,REJECTED,REJECTED,REJECTED_NO_RETROFIT_NEEDED,No Retrofit Needed,Wagon doesn't need retrofit
5408.0,2025-12-04T18:08:00+00:00,W11467,,RETROFIT_STARTED,WS_02,PROCESSING,,
5408.0,2025-12-04T18:08:00+00:00,W10354,,RETROFIT_STARTED,WS_02,PROCESSING,,
5423.0,2025-12-04T18:23:00+00:00,W9345,,MOVING,retrofit,MOVING,,
5423.0,2025-12-04T18:23:00+00:00,W7115,,MOVING,retrofit,MOVING,,
5428.0,2025-12-04T18:28:00+00:00,W9345,,AT_WORKSHOP,WS_01,ARRIVED,,
5428.0,2025-12-04T18:28:00+00:00,W7115,,AT_WORKSHOP,WS_01,ARRIVED,,
5434.0,2025-12-04T18:34:00+00:00,W9345,,RETROFIT_STARTED,WS_01,PROCESSING,,
5434.0,2025-12-04T18:34:00+00:00,W7115,,RETROFIT_STARTED,WS_01,PROCESSING,,
5465.25,2025-12-04T19:05:15+00:00,W12060,T76,REJECTED,REJECTED,REJECTED_NO_RETROFIT_NEEDED,No Retrofit Needed,Wagon doesn't need retrofit
5465.25,2025-12-04T19:05:15+00:00,W2973,T76,REJECTED,REJECTED,REJECTED,NO_COLLECTION_TRACK,No collection track available
5465.25,2025-12-04T19:05:15+00:00,W0430,T76,REJECTED,REJECTED,REJECTED,NO_COLLECTION_TRACK,No collection track available
5465.25,2025-12-04T19:05:15+00:00,W5757,T76,REJECTED,REJECTED,REJECTED,NO_COLLECTION_TRACK,No collection track available
5465.25,2025-12-04T19:05:15+00:00,W7272,T76,REJECTED,REJECTED,REJECTED,NO_COLLECTION_TRACK,No collection track available
5465.25,2025-12-04T19:05:15+00:00,W9009,T76,REJECTED,REJECTED,REJECTED,NO_COLLECTION_TRACK,No collection track available
5468.0,2025-12-04T19:08:00+00:00,W11467,,RETROFIT_COMPLETED,WS_02,COMPLETED,,
5468.0,2025-12-04T19:08:00+00:00,W10354,,RETROFIT_COMPLETED,WS_02,COMPLETED,,
5470.25,2025-12-04T19:10:15+00:00,W11256,T77,REJECTED,REJECTED,REJECTED_NO_RETROFIT_NEEDED,No Retrofit Needed,Wagon doesn't need retrofit
5470.25,2025-12-04T19:10:15+00:00,W11261,T77,REJECTED,REJECTED,REJECTED_NO_RETROFIT_NEEDED,No Retrofit Needed,Wagon doesn't need retrofit
5470.25,2025-12-04T19:10:15+00:00,W11269,T77,REJECTED,REJECTED,REJECTED_NO_RETROFIT_NEEDED,No Retrofit Needed,Wagon doesn't need retrofit
5470.25,2025-12-04T19:10:15+00:00,W11555,T77,REJECTED,REJECTED,REJECTED_NO_RETROFIT_NEEDED,No Retrofit Needed,Wagon doesn't need retrofit
5470.25,2025-12-04T19:10:15+00:00,W11348,T77,REJECTED,REJECTED,REJECTED_NO_RETROFIT_NEEDED,No Retrofit Needed,Wagon doesn't need retrofit
5470.25,2025-12-04T19:10:15+00:00,W9238,T77,REJECTED,REJECTED,REJECTED,NO_COLLECTION_TRACK,No collection track available
5474.0,2025-12-04T19:14:00+00:00,W11014,,PARKED,parking13,PARKED,,
5474.0,2025-12-04T19:14:00+00:00,W9040,,PARKED,parking13,PARKED,,
5477.25,2025-12-04T19:17:15+00:00,W4701,T78,REJECTED,REJECTED,REJECTED_NO_RETROFIT_NEEDED,No Retrofit Needed,Wagon doesn't need retrofit
5477.25,2025-12-04T19:17:15+00:00,W4726,T78,REJECTED,REJECTED,REJECTED_NO_RETROFIT_NEEDED,No Retrofit Needed,Wagon doesn't need retrofit
5477.25,2025-12-04T19:17:15+00:00,W4754,T78,REJECTED,REJECTED,REJECTED_NO_RETROFIT_NEEDED,No Retrofit Needed,Wagon doesn't need retrofit
5494.0,2025-12-04T19:34:00+00:00,W9345,,RETROFIT_COMPLETED,WS_01,COMPLETED,,
5494.0,2025-12-04T19:34:00+00:00,W7115,,RETROFIT_COMPLETED,WS_01,COMPLETED,,
5499.0,2025-12-04T19:39:00+00:00,W4479,,RAKE_COUPLING_STARTED,collection2,COUPLING,,
5499.0,2025-12-04T19:39:00+00:00,W2737,,RAKE_COUPLING_STARTED,collection2,COUPLING,,
5499.0,2025-12-04T19:39:00+00:00,W7253,,RAKE_COUPLING_STARTED,collection2,COUPLING,,
5499.0,2025-12-04T19:39:00+00:00,W2971,,RAKE_COUPLING_STARTED,collection2,COUPLING,,
5508.0,2025-12-04T19:48:00+00:00,W4479,,MOVING,collection2,MOVING,,
5508.0,2025-12-04T19:48:00+00:00,W2737,,MOVING,collection2,MOVING,,
5508.0,2025-12-04T19:48:00+00:00,W7253,,MOVING,collection2,MOVING,,
5508.0,2025-12-04T19:48:00+00:00,W2971,,MOVING,collection2,MOVING,,
5517.75,2025-12-04T19:57:45+00:00,W2298,T79,REJECTED,REJECTED,REJECTED,NO_COLLECTION_TRACK,No collection track available
5517.75,2025-12-04T19:57:45+00:00,W2162,T79,REJECTED,REJECTED,REJECTED,NO_COLLECTION_TRACK,No collection track available
5517.75,2025-12-04T19:57:45+00:00,W2362,T79,REJECTED,REJECTED,REJECTED,NO_COLLECTION_TRACK,No collection track available
5517.75,2025-12-04T19:57:45+00:00,W2207,T79,REJECTED,REJECTED,REJECTED,NO_COLLECTION_TRACK,No collection track available
5517.75,2025-12-04T19:57:45+00:00,W2126,T79,REJECTED,REJECTED,REJECTED,NO_COLLECTION_TRACK,No collection track available
5517.75,2025-12-04T19:57:45+00:00,W2083,T79,REJECTED,REJECTED,REJECTED,NO_COLLECTION_TRACK,No collection track available
5517.75,2025-12-04T19:57:45+00:00,W7103,T79,REJECTED,REJECTED,REJECTED,NO_COLLECTION_TRACK,No collection track available
5517.75,2025-12-04T19:57:45+00:00,W4733,T79,REJECTED,REJECTED,REJECTED,NO_COLLECTION_TRACK,No collection track available
5539.0,2025-12-04T20:19:00+00:00,W11467,,RAKE_COUPLING_STARTED,WS_02,COUPLING,,
5539.0,2025-12-04T20:19:00+00:00,W10354,,RAKE_COUPLING_STARTED,WS_02,COUPLING,,
5541.0,2025-12-04T20:21:00+00:00,W11467,,RAKE_COUPLING_COMPLETED,WS_02,WAITING,,
5541.0,2025-12-04T20:21:00+00:00,W10354,,RAKE_COUPLING_COMPLETED,WS_02,WAITING,,
5541.0,2025-12-04T20:21:00+00:00,W11467,,MOVING,WS_02,MOVING,,
5541.0,2025-12-04T20:21:00+00:00,W10354,,MOVING,WS_02,MOVING,,
5546.0,2025-12-04T20:26:00+00:00,W11467,,ON_RETROFITTED_TRACK,retrofitted,WAITING,,
5546.0,2025-12-04T20:26:00+00:00,W10354,,ON_RETROFITTED_TRACK,retrofitted,WAITING,,
5556.0,2025-12-04T20:36:00+00:00,W9345,,RAKE_COUPLING_STARTED,WS_01,COUPLING,,
5556.0,2025-12-04T20:36:00+00:00,W7115,,RAKE_COUPLING_STARTED,WS_01,COUPLING,,
5557.0,2025-12-04T20:37:00+00:00,W8634,T80,REJECTED,REJECTED,REJECTED,NO_COLLECTION_TRACK,No collection track available
5557.0,2025-12-04T20:37:00+00:00,W11915,T80,REJECTED,REJECTED,REJECTED,NO_COLLECTION_TRACK,No collection track available
5557.0,2025-12-04T20:37:00+00:00,W2405,T80,REJECTED,REJECTED,REJECTED,NO_COLLECTION_TRACK,No collection track available
5557.0,2025-12-04T20:37:00+00:00,W10113,T80,REJECTED,REJECTED,REJECTED,NO_COLLECTION_TRACK,No collection track available
5557.0,2025-12-04T20:37:00+00:00,W5172,T80,REJECTED,REJECTED,REJECTED,NO_COLLECTION_TRACK,No collection track available
5558.0,2025-12-04T20:38:00+00:00,W9345,,RAKE_COUPLING_COMPLETED,WS_01,WAITING,,
5558.0,2025-12-04T20:38:00+00:00,W7115,,RAKE_COUPLING_COMPLETED,WS_01,WAITING,,
5558.0,2025-12-04T20:38:00+00:00,W9345,,MOVING,WS_01,MOVING,,
5558.0,2025-12-04T20:38:00+00:00,W7115,,MOVING,WS_01,MOVING,,
5563.0,2025-12-04T20:43:00+00:00,W9345,,ON_RETROFITTED_TRACK,retrofitted,WAITING,,
5563.0,2025-12-04T20:43:00+00:00,W7115,,ON_RETROFITTED_TRACK,retrofitted,WAITING,,
5566.25,2025-12-04T20:46:15+00:00,W5592,T81,REJECTED,REJECTED,REJECTED,NO_COLLECTION_TRACK,No collection track available
5566.25,2025-12-04T20:46:15+00:00,W2898,T81,REJECTED,REJECTED,REJECTED,NO_COLLECTION_TRACK,No collection track available
5566.25,2025-12-04T20:46:15+00:00,W2586,T81,REJECTED,REJECTED,REJECTED,NO_COLLECTION_TRACK,No collection track available
5568.0,2025-12-04T20:48:00+00:00,W4479,,ON_RETROFIT_TRACK,retrofit,WAITING,,
5568.0,2025-12-04T20:48:00+00:00,W2737,,ON_RETROFIT_TRACK,retrofit,WAITING,,
5568.0,2025-12-04T20:48:00+00:00,W7253,,ON_RETROFIT_TRACK,retrofit,WAITING,,
5568.0,2025-12-04T20:48:00+00:00,W2971,,ON_RETROFIT_TRACK,retrofit,WAITING,,
5578.0,2025-12-04T20:58:00+00:00,W10706,,MOVING,retrofit,MOVING,,
5578.0,2025-12-04T20:58:00+00:00,W5057,,MOVING,retrofit,MOVING,,
5583.0,2025-12-04T21:03:00+00:00,W10706,,AT_WORKSHOP,WS_02,ARRIVED,,
5583.0,2025-12-04T21:03:00+00:00,W5057,,AT_WORKSHOP,WS_02,ARRIVED,,
5589.0,2025-12-04T21:09:00+00:00,W10706,,RETROFIT_STARTED,WS_02,PROCESSING,,
5589.0,2025-12-04T21:09:00+00:00,W5057,,RETROFIT_STARTED,WS_02,PROCESSING,,
5604.0,2025-12-04T21:24:00+00:00,W4522,,MOVING,retrofit,MOVING,,
5604.0,2025-12-04T21:24:00+00:00,W0623,,MOVING,retrofit,MOVING,,
5609.0,2025-12-04T21:29:00+00:00,W4522,,AT_WORKSHOP,WS_01,ARRIVED,,
5609.0,2025-12-04T21:29:00+00:00,W0623,,AT_WORKSHOP,WS_01,ARRIVED,,
5615.0,2025-12-04T21:35:00+00:00,W4522,,RETROFIT_STARTED,WS_01,PROCESSING,,
5615.0,2025-12-04T21:35:00+00:00,W0623,,RETROFIT_STARTED,WS_01,PROCESSING,,
5649.0,2025-12-04T22:09:00+00:00,W10706,,RETROFIT_COMPLETED,WS_02,COMPLETED,,
5649.0,2025-12-04T22:09:00+00:00,W5057,,RETROFIT_COMPLETED,WS_02,COMPLETED,,
5675.0,2025-12-04T22:35:00+00:00,W4522,,RETROFIT_COMPLETED,WS_01,COMPLETED,,
5675.0,2025-12-04T22:35:00+00:00,W0623,,RETROFIT_COMPLETED,WS_01,COMPLETED,,
5677.5,2025-12-04T22:37:30+00:00,W10949,,PARKED,parking14,PARKED,,
5677.5,2025-12-04T22:37:30+00:00,W8631,,PARKED,parking14,PARKED,,
5680.0,2025-12-04T22:40:00+00:00,W5978,,RAKE_COUPLING_STARTED,collection1,COUPLING,,
5680.0,2025-12-04T22:40:00+00:00,W5686,,RAKE_COUPLING_STARTED,collection1,COUPLING,,
5680.0,2025-12-04T22:40:00+00:00,W5403,,RAKE_COUPLING_STARTED,collection1,COUPLING,,
5680.0,2025-12-04T22:40:00+00:00,W9401,,RAKE_COUPLING_STARTED,collection1,COUPLING,,
5680.0,2025-12-04T22:40:00+00:00,W7261,,RAKE_COUPLING_STARTED,collection1,COUPLING,,
5680.0,2025-12-04T22:40:00+00:00,W7263,,RAKE_COUPLING_STARTED,collection1,COUPLING,,
5680.0,2025-12-04T22:40:00+00:00,W6339,,RAKE_COUPLING_STARTED,collection1,COUPLING,,
5695.0,2025-12-04T22:55:00+00:00,W5978,,MOVING,collection1,MOVING,,
5695.0,2025-12-04T22:55:00+00:00,W5686,,MOVING,collection1,MOVING,,
5695.0,2025-12-04T22:55:00+00:00,W5403,,MOVING,collection1,MOVING,,
5695.0,2025-12-04T22:55:00+00:00,W9401,,MOVING,collection1,MOVING,,
5695.0,2025-12-04T22:55:00+00:00,W7261,,MOVING,collection1,MOVING,,
5695.0,2025-12-04T22:55:00+00:00,W7263,,MOVING,collection1,MOVING,,
5695.0,2025-12-04T22:55:00+00:00,W6339,,MOVING,collection1,MOVING,,
5724.0,2025-12-04T23:24:00+00:00,W11482,T82,ARRIVED,collection2,ARRIVED,,
5724.0,2025-12-04T23:24:00+00:00,W8671,T82,ARRIVED,collection2,ARRIVED,,
5724.0,2025-12-04T23:24:00+00:00,W11252,T82,ARRIVED,collection2,ARRIVED,,
5724.0,2025-12-04T23:24:00+00:00,W5452,T82,ARRIVED,collection2,ARRIVED,,
5724.0,2025-12-04T23:24:00+00:00,W6800,T82,ARRIVED,collection2,ARRIVED,,
5742.5,2025-12-04T23:42:30+00:00,W10706,,RAKE_COUPLING_STARTED,WS_02,COUPLING,,
5742.5,2025-12-04T23:42:30+00:00,W5057,,RAKE_COUPLING_STARTED,WS_02,COUPLING,,
5744.5,2025-12-04T23:44:30+00:00,W10706,,RAKE_COUPLING_COMPLETED,WS_02,WAITING,,
5744.5,2025-12-04T23:44:30+00:00,W5057,,RAKE_COUPLING_COMPLETED,WS_02,WAITING,,
5744.5,2025-12-04T23:44:30+00:00,W10706,,MOVING,WS_02,MOVING,,
5744.5,2025-12-04T23:44:30+00:00,W5057,,MOVING,WS_02,MOVING,,
5749.5,2025-12-04T23:49:30+00:00,W10706,,ON_RETROFITTED_TRACK,retrofitted,WAITING,,
5749.5,2025-12-04T23:49:30+00:00,W5057,,ON_RETROFITTED_TRACK,retrofitted,WAITING,,
5755.0,2025-12-04T23:55:00+00:00,W5978,,ON_RETROFIT_TRACK,retrofit,WAITING,,
5755.0,2025-12-04T23:55:00+00:00,W5686,,ON_RETROFIT_TRACK,retrofit,WAITING,,
5755.0,2025-12-04T23:55:00+00:00,W5403,,ON_RETROFIT_TRACK,retrofit,WAITING,,
5755.0,2025-12-04T23:55:00+00:00,W9401,,ON_RETROFIT_TRACK,retrofit,WAITING,,
5755.0,2025-12-04T23:55:00+00:00,W7261,,ON_RETROFIT_TRACK,retrofit,WAITING,,
5755.0,2025-12-04T23:55:00+00:00,W7263,,ON_RETROFIT_TRACK,retrofit,WAITING,,
5755.0,2025-12-04T23:55:00+00:00,W6339,,ON_RETROFIT_TRACK,retrofit,WAITING,,
5758.0,2025-12-04T23:58:00+00:00,W0678,T83,REJECTED,REJECTED,REJECTED_NO_RETROFIT_NEEDED,No Retrofit Needed,Wagon doesn't need retrofit
5758.0,2025-12-04T23:58:00+00:00,W8378,T83,REJECTED,REJECTED,REJECTED,NO_COLLECTION_TRACK,No collection track available
5758.0,2025-12-04T23:58:00+00:00,W8380,T83,ARRIVED,collection2,ARRIVED,,
5759.5,2025-12-04T23:59:30+00:00,W4522,,RAKE_COUPLING_STARTED,WS_01,COUPLING,,
5759.5,2025-12-04T23:59:30+00:00,W0623,,RAKE_COUPLING_STARTED,WS_01,COUPLING,,
5761.5,2025-12-05T00:01:30+00:00,W4522,,RAKE_COUPLING_COMPLETED,WS_01,WAITING,,
5761.5,2025-12-05T00:01:30+00:00,W0623,,RAKE_COUPLING_COMPLETED,WS_01,WAITING,,
5761.5,2025-12-05T00:01:30+00:00,W4522,,MOVING,WS_01,MOVING,,
5761.5,2025-12-05T00:01:30+00:00,W0623,,MOVING,WS_01,MOVING,,
5766.5,2025-12-05T00:06:30+00:00,W4522,,ON_RETROFITTED_TRACK,retrofitted,WAITING,,
5766.5,2025-12-05T00:06:30+00:00,W0623,,ON_RETROFITTED_TRACK,retrofitted,WAITING,,
5768.0,2025-12-05T00:08:00+00:00,W10354,T84,REJECTED,REJECTED,REJECTED_NO_RETROFIT_NEEDED,No Retrofit Needed,Wagon doesn't need retrofit
5768.0,2025-12-05T00:08:00+00:00,W10321,T84,REJECTED,REJECTED,REJECTED_NO_RETROFIT_NEEDED,No Retrofit Needed,Wagon doesn't need retrofit
5775.25,2025-12-05T00:15:15+00:00,W9397,T85,REJECTED,REJECTED,REJECTED,NO_COLLECTION_TRACK,No collection track available
5775.25,2025-12-05T00:15:15+00:00,W9591,T85,REJECTED,REJECTED,REJECTED,NO_COLLECTION_TRACK,No collection track available
5775.25,2025-12-05T00:15:15+00:00,W9573,T85,REJECTED,REJECTED,REJECTED,NO_COLLECTION_TRACK,No collection track available
5775.25,2025-12-05T00:15:15+00:00,W10336,T85,REJECTED,REJECTED,REJECTED,NO_COLLECTION_TRACK,No collection track available
5775.25,2025-12-05T00:15:15+00:00,W9517,T85,REJECTED,REJECTED,REJECTED,NO_COLLECTION_TRACK,No collection track available
5775.25,2025-12-05T00:15:15+00:00,W9543,T85,REJECTED,REJECTED,REJECTED,NO_COLLECTION_TRACK,No collection track available
5775.25,2025-12-05T00:15:15+00:00,W9544,T85,REJECTED,REJECTED,REJECTED,NO_COLLECTION_TRACK,No collection track available
5781.5,2025-12-05T00:21:30+00:00,W11261,,MOVING,retrofit,MOVING,,
5781.5,2025-12-05T00:21:30+00:00,W4479,,MOVING,retrofit,MOVING,,
5786.5,2025-12-05T00:26:30+00:00,W11261,,AT_WORKSHOP,WS_02,ARRIVED,,
5786.5,2025-12-05T00:26:30+00:00,W4479,,AT_WORKSHOP,WS_02,ARRIVED,,
5792.5,2025-12-05T00:32:30+00:00,W11261,,RETROFIT_STARTED,WS_02,PROCESSING,,
5792.5,2025-12-05T00:32:30+00:00,W4479,,RETROFIT_STARTED,WS_02,PROCESSING,,
5807.5,2025-12-05T00:47:30+00:00,W2737,,MOVING,retrofit,MOVING,,
5807.5,2025-12-05T00:47:30+00:00,W7253,,MOVING,retrofit,MOVING,,
5812.5,2025-12-05T00:52:30+00:00,W2737,,AT_WORKSHOP,WS_01,ARRIVED,,
5812.5,2025-12-05T00:52:30+00:00,W7253,,AT_WORKSHOP,WS_01,ARRIVED,,
5818.5,2025-12-05T00:58:30+00:00,W2737,,RETROFIT_STARTED,WS_01,PROCESSING,,
5818.5,2025-12-05T00:58:30+00:00,W7253,,RETROFIT_STARTED,WS_01,PROCESSING,,
5822.25,2025-12-05T01:02:15+00:00,W6592,T86,REJECTED,REJECTED,REJECTED_NO_RETROFIT_NEEDED,No Retrofit Needed,Wagon doesn't need retrofit
5822.25,2025-12-05T01:02:15+00:00,W6682,T86,REJECTED,REJECTED,REJECTED_NO_RETROFIT_NEEDED,No Retrofit Needed,Wagon doesn't need retrofit
5850.25,2025-12-05T01:30:15+00:00,W11259,T87,REJECTED,REJECTED,REJECTED_NO_RETROFIT_NEEDED,No Retrofit Needed,Wagon doesn't need retrofit
5850.25,2025-12-05T01:30:15+00:00,W2112,T87,ARRIVED,collection1,ARRIVED,,
5852.5,2025-12-05T01:32:30+00:00,W11261,,RETROFIT_COMPLETED,WS_02,COMPLETED,,
5852.5,2025-12-05T01:32:30+00:00,W4479,,RETROFIT_COMPLETED,WS_02,COMPLETED,,
5878.5,2025-12-05T01:58:30+00:00,W2737,,RETROFIT_COMPLETED,WS_01,COMPLETED,,
5878.5,2025-12-05T01:58:30+00:00,W7253,,RETROFIT_COMPLETED,WS_01,COMPLETED,,
5883.5,2025-12-05T02:03:30+00:00,W0607,,RAKE_COUPLING_STARTED,collection2,COUPLING,,
5883.5,2025-12-05T02:03:30+00:00,W12036,,RAKE_COUPLING_STARTED,collection2,COUPLING,,
5883.5,2025-12-05T02:03:30+00:00,W2786,,RAKE_COUPLING_STARTED,collection2,COUPLING,,
5883.5,2025-12-05T02:03:30+00:00,W2877,,RAKE_COUPLING_STARTED,collection2,COUPLING,,
5883.5,2025-12-05T02:03:30+00:00,W318166502860,,RAKE_COUPLING_STARTED,collection2,COUPLING,,
5885.5,2025-12-05T02:05:30+00:00,W11467,,PARKED,parking15,PARKED,,
5885.5,2025-12-05T02:05:30+00:00,W10354,,PARKED,parking15,PARKED,,
5885.5,2025-12-05T02:05:30+00:00,W9345,,PARKED,parking15,PARKED,,
5885.5,2025-12-05T02:05:30+00:00,W7115,,PARKED,parking15,PARKED,,
5894.5,2025-12-05T02:14:30+00:00,W0607,,MOVING,collection2,MOVING,,
5894.5,2025-12-05T02:14:30+00:00,W12036,,MOVING,collection2,MOVING,,
5894.5,2025-12-05T02:14:30+00:00,W2786,,MOVING,collection2,MOVING,,
5894.5,2025-12-05T02:14:30+00:00,W2877,,MOVING,collection2,MOVING,,
5894.5,2025-12-05T02:14:30+00:00,W318166502860,,MOVING,collection2,MOVING,,
5903.5,2025-12-05T02:23:30+00:00,W9868,T88,REJECTED,REJECTED,REJECTED_NO_RETROFIT_NEEDED,No Retrofit Needed,Wagon doesn't need retrofit
5903.5,2025-12-05T02:23:30+00:00,W8631,T88,REJECTED,REJECTED,REJECTED_NO_RETROFIT_NEEDED,No Retrofit Needed,Wagon doesn't need retrofit
5903.5,2025-12-05T02:23:30+00:00,W2548,T88,REJECTED,REJECTED,REJECTED,NO_COLLECTION_TRACK,No collection track available
5903.5,2025-12-05T02:23:30+00:00,W9948,T88,REJECTED,REJECTED,REJECTED,NO_COLLECTION_TRACK,No collection track available
5903.5,2025-12-05T02:23:30+00:00,W9708,T88,REJECTED,REJECTED,REJECTED,NO_COLLECTION_TRACK,No collection track available
5903.5,2025-12-05T02:23:30+00:00,W0630,T88,REJECTED,REJECTED,REJECTED,NO_COLLECTION_TRACK,No collection track available
5903.5,2025-12-05T02:23:30+00:00,W9491,T88,REJECTED,REJECTED,REJECTED,NO_COLLECTION_TRACK,No collection track available
5903.5,2025-12-05T02:23:30+00:00,W7400,T88,ARRIVED,collection1,ARRIVED,,
5903.5,2025-12-05T02:23:30+00:00,W0606,T88,ARRIVED,collection1,ARRIVED,,
5923.75,2025-12-05T02:43:45+00:00,W10581,T89,REJECTED,REJECTED,REJECTED,NO_COLLECTION_TRACK,No collection track available
5923.75,2025-12-05T02:43:45+00:00,W11344,T89,REJECTED,REJECTED,REJECTED,NO_COLLECTION_TRACK,No collection track available
5923.75,2025-12-05T02:43:45+00:00,W10258,T89,REJECTED,REJECTED,REJECTED,NO_COLLECTION_TRACK,No collection track available
5923.75,2025-12-05T02:43:45+00:00,W5310,T89,REJECTED,REJECTED,REJECTED,NO_COLLECTION_TRACK,No collection track available
5923.75,2025-12-05T02:43:45+00:00,W12355,T89,REJECTED,REJECTED,REJECTED,NO_COLLECTION_TRACK,No collection track available
5950.5,2025-12-05T03:10:30+00:00,W11261,,RAKE_COUPLING_STARTED,WS_02,COUPLING,,
5950.5,2025-12-05T03:10:30+00:00,W4479,,RAKE_COUPLING_STARTED,WS_02,COUPLING,,
5952.5,2025-12-05T03:12:30+00:00,W11261,,RAKE_COUPLING_COMPLETED,WS_02,WAITING,,
5952.5,2025-12-05T03:12:30+00:00,W4479,,RAKE_COUPLING_COMPLETED,WS_02,WAITING,,
5952.5,2025-12-05T03:12:30+00:00,W11261,,MOVING,WS_02,MOVING,,
5952.5,2025-12-05T03:12:30+00:00,W4479,,MOVING,WS_02,MOVING,,
5954.5,2025-12-05T03:14:30+00:00,W0607,,ON_RETROFIT_TRACK,retrofit,WAITING,,
5954.5,2025-12-05T03:14:30+00:00,W12036,,ON_RETROFIT_TRACK,retrofit,WAITING,,
5954.5,2025-12-05T03:14:30+00:00,W2786,,ON_RETROFIT_TRACK,retrofit,WAITING,,
5954.5,2025-12-05T03:14:30+00:00,W2877,,ON_RETROFIT_TRACK,retrofit,WAITING,,
5954.5,2025-12-05T03:14:30+00:00,W318166502860,,ON_RETROFIT_TRACK,retrofit,WAITING,,
5957.5,2025-12-05T03:17:30+00:00,W11261,,ON_RETROFITTED_TRACK,retrofitted,WAITING,,
5957.5,2025-12-05T03:17:30+00:00,W4479,,ON_RETROFITTED_TRACK,retrofitted,WAITING,,
5967.5,2025-12-05T03:27:30+00:00,W2737,,RAKE_COUPLING_STARTED,WS_01,COUPLING,,
5967.5,2025-12-05T03:27:30+00:00,W7253,,RAKE_COUPLING_STARTED,WS_01,COUPLING,,
5969.5,2025-12-05T03:29:30+00:00,W2737,,RAKE_COUPLING_COMPLETED,WS_01,WAITING,,
5969.5,2025-12-05T03:29:30+00:00,W7253,,RAKE_COUPLING_COMPLETED,WS_01,WAITING,,
5969.5,2025-12-05T03:29:30+00:00,W2737,,MOVING,WS_01,MOVING,,
5969.5,2025-12-05T03:29:30+00:00,W7253,,MOVING,WS_01,MOVING,,
5974.5,2025-12-05T03:34:30+00:00,W2737,,ON_RETROFITTED_TRACK,retrofitted,WAITING,,
5974.5,2025-12-05T03:34:30+00:00,W7253,,ON_RETROFITTED_TRACK,retrofitted,WAITING,,
5989.5,2025-12-05T03:49:30+00:00,W2971,,MOVING,retrofit,MOVING,,
5989.5,2025-12-05T03:49:30+00:00,W5978,,MOVING,retrofit,MOVING,,
5994.5,2025-12-05T03:54:30+00:00,W2971,,AT_WORKSHOP,WS_02,ARRIVED,,
5994.5,2025-12-05T03:54:30+00:00,W5978,,AT_WORKSHOP,WS_02,ARRIVED,,
5996.5,2025-12-05T03:56:30+00:00,W5686,,MOVING,retrofit,MOVING,,
5996.5,2025-12-05T03:56:30+00:00,W5403,,MOVING,retrofit,MOVING,,
6000.5,2025-12-05T04:00:30+00:00,W2971,,RETROFIT_STARTED,WS_02,PROCESSING,,
6000.5,2025-12-05T04:00:30+00:00,W5978,,RETROFIT_STARTED,WS_02,PROCESSING,,
6001.5,2025-12-05T04:01:30+00:00,W5686,,AT_WORKSHOP,WS_01,ARRIVED,,
6001.5,2025-12-05T04:01:30+00:00,W5403,,AT_WORKSHOP,WS_01,ARRIVED,,
6007.5,2025-12-05T04:07:30+00:00,W5686,,RETROFIT_STARTED,WS_01,PROCESSING,,
6007.5,2025-12-05T04:07:30+00:00,W5403,,RETROFIT_STARTED,WS_01,PROCESSING,,
6060.5,2025-12-05T05:00:30+00:00,W2971,,RETROFIT_COMPLETED,WS_02,COMPLETED,,
6060.5,2025-12-05T05:00:30+00:00,W5978,,RETROFIT_COMPLETED,WS_02,COMPLETED,,
6067.5,2025-12-05T05:07:30+00:00,W5686,,RETROFIT_COMPLETED,WS_01,COMPLETED,,
6067.5,2025-12-05T05:07:30+00:00,W5403,,RETROFIT_COMPLETED,WS_01,COMPLETED,,
6067.5,2025-12-05T05:07:30+00:00,W0943,T90,REJECTED,REJECTED,REJECTED,NO_COLLECTION_TRACK,No collection track available
6067.5,2025-12-05T05:07:30+00:00,W9440,T90,ARRIVED,collection2,ARRIVED,,
6067.5,2025-12-05T05:07:30+00:00,W9489,T90,ARRIVED,collection2,ARRIVED,,
6067.5,2025-12-05T05:07:30+00:00,W2712,T90,ARRIVED,collection2,ARRIVED,,
6072.5,2025-12-05T05:12:30+00:00,W3618,,RAKE_COUPLING_STARTED,collection1,COUPLING,,
6072.5,2025-12-05T05:12:30+00:00,W7252,,RAKE_COUPLING_STARTED,collection1,COUPLING,,
6072.5,2025-12-05T05:12:30+00:00,W6352,,RAKE_COUPLING_STARTED,collection1,COUPLING,,
6072.5,2025-12-05T05:12:30+00:00,W8705,,RAKE_COUPLING_STARTED,collection1,COUPLING,,
6081.5,2025-12-05T05:21:30+00:00,W3618,,MOVING,collection1,MOVING,,
6081.5,2025-12-05T05:21:30+00:00,W7252,,MOVING,collection1,MOVING,,
6081.5,2025-12-05T05:21:30+00:00,W6352,,MOVING,collection1,MOVING,,
6081.5,2025-12-05T05:21:30+00:00,W8705,,MOVING,collection1,MOVING,,
6092.0,2025-12-05T05:32:00+00:00,W10706,,PARKED,parking13,PARKED,,
6092.0,2025-12-05T05:32:00+00:00,W5057,,PARKED,parking13,PARKED,,
6092.0,2025-12-05T05:32:00+00:00,W4522,,PARKED,parking13,PARKED,,
6092.0,2025-12-05T05:32:00+00:00,W0623,,PARKED,parking13,PARKED,,
6141.5,2025-12-05T06:21:30+00:00,W3618,,ON_RETROFIT_TRACK,retrofit,WAITING,,
6141.5,2025-12-05T06:21:30+00:00,W7252,,ON_RETROFIT_TRACK,retrofit,WAITING,,
6141.5,2025-12-05T06:21:30+00:00,W6352,,ON_RETROFIT_TRACK,retrofit,WAITING,,
6141.5,2025-12-05T06:21:30+00:00,W8705,,ON_RETROFIT_TRACK,retrofit,WAITING,,
6157.0,2025-12-05T06:37:00+00:00,W2971,,RAKE_COUPLING_STARTED,WS_02,COUPLING,,
6157.0,2025-12-05T06:37:00+00:00,W5978,,RAKE_COUPLING_STARTED,WS_02,COUPLING,,
6159.0,2025-12-05T06:39:00+00:00,W2971,,RAKE_COUPLING_COMPLETED,WS_02,WAITING,,
6159.0,2025-12-05T06:39:00+00:00,W5978,,RAKE_COUPLING_COMPLETED,WS_02,WAITING,,
6159.0,2025-12-05T06:39:00+00:00,W2971,,MOVING,WS_02,MOVING,,
6159.0,2025-12-05T06:39:00+00:00,W5978,,MOVING,WS_02,MOVING,,
6164.0,2025-12-05T06:44:00+00:00,W2971,,ON_RETROFITTED_TRACK,retrofitted,WAITING,,
6164.0,2025-12-05T06:44:00+00:00,W5978,,ON_RETROFITTED_TRACK,retrofitted,WAITING,,
6172.5,2025-12-05T06:52:30+00:00,W5686,,RAKE_COUPLING_STARTED,WS_01,COUPLING,,
6172.5,2025-12-05T06:52:30+00:00,W5403,,RAKE_COUPLING_STARTED,WS_01,COUPLING,,
6174.5,2025-12-05T06:54:30+00:00,W5686,,RAKE_COUPLING_COMPLETED,WS_01,WAITING,,
6174.5,2025-12-05T06:54:30+00:00,W5403,,RAKE_COUPLING_COMPLETED,WS_01,WAITING,,
6174.5,2025-12-05T06:54:30+00:00,W5686,,MOVING,WS_01,MOVING,,
6174.5,2025-12-05T06:54:30+00:00,W5403,,MOVING,WS_01,MOVING,,
6179.5,2025-12-05T06:59:30+00:00,W5686,,ON_RETROFITTED_TRACK,retrofitted,WAITING,,
6179.5,2025-12-05T06:59:30+00:00,W5403,,ON_RETROFITTED_TRACK,retrofitted,WAITING,,
6194.5,2025-12-05T07:14:30+00:00,W9401,,MOVING,retrofit,MOVING,,
6194.5,2025-12-05T07:14:30+00:00,W7261,,MOVING,retrofit,MOVING,,
6199.5,2025-12-05T07:19:30+00:00,W9401,,AT_WORKSHOP,WS_02,ARRIVED,,
6199.5,2025-12-05T07:19:30+00:00,W7261,,AT_WORKSHOP,WS_02,ARRIVED,,
6205.5,2025-12-05T07:25:30+00:00,W9401,,RETROFIT_STARTED,WS_02,PROCESSING,,
6205.5,2025-12-05T07:25:30+00:00,W7261,,RETROFIT_STARTED,WS_02,PROCESSING,,
6220.5,2025-12-05T07:40:30+00:00,W7263,,MOVING,retrofit,MOVING,,
6220.5,2025-12-05T07:40:30+00:00,W6339,,MOVING,retrofit,MOVING,,
6225.5,2025-12-05T07:45:30+00:00,W7263,,AT_WORKSHOP,WS_01,ARRIVED,,
6225.5,2025-12-05T07:45:30+00:00,W6339,,AT_WORKSHOP,WS_01,ARRIVED,,
6231.5,2025-12-05T07:51:30+00:00,W7263,,RETROFIT_STARTED,WS_01,PROCESSING,,
6231.5,2025-12-05T07:51:30+00:00,W6339,,RETROFIT_STARTED,WS_01,PROCESSING,,
6255.5,2025-12-05T08:15:30+00:00,W11261,,PARKED,parking14,PARKED,,
6255.5,2025-12-05T08:15:30+00:00,W4479,,PARKED,parking14,PARKED,,
6255.5,2025-12-05T08:15:30+00:00,W2737,,PARKED,parking14,PARKED,,
6255.5,2025-12-05T08:15:30+00:00,W7253,,PARKED,parking14,PARKED,,
6265.5,2025-12-05T08:25:30+00:00,W9401,,RETROFIT_COMPLETED,WS_02,COMPLETED,,
6265.5,2025-12-05T08:25:30+00:00,W7261,,RETROFIT_COMPLETED,WS_02,COMPLETED,,
6291.5,2025-12-05T08:51:30+00:00,W7263,,RETROFIT_COMPLETED,WS_01,COMPLETED,,
6291.5,2025-12-05T08:51:30+00:00,W6339,,RETROFIT_COMPLETED,WS_01,COMPLETED,,
6296.5,2025-12-05T08:56:30+00:00,W9981,,RAKE_COUPLING_STARTED,collection2,COUPLING,,
6296.5,2025-12-05T08:56:30+00:00,W6246,,RAKE_COUPLING_STARTED,collection2,COUPLING,,
6296.5,2025-12-05T08:56:30+00:00,W5947,,RAKE_COUPLING_STARTED,collection2,COUPLING,,
6296.5,2025-12-05T08:56:30+00:00,W5711,,RAKE_COUPLING_STARTED,collection2,COUPLING,,
6305.5,2025-12-05T09:05:30+00:00,W9981,,MOVING,collection2,MOVING,,
6305.5,2025-12-05T09:05:30+00:00,W6246,,MOVING,collection2,MOVING,,
6305.5,2025-12-05T09:05:30+00:00,W5947,,MOVING,collection2,MOVING,,
6305.5,2025-12-05T09:05:30+00:00,W5711,,MOVING,collection2,MOVING,,
6320.5,2025-12-05T09:20:30+00:00,W9401,,RAKE_COUPLING_STARTED,WS_02,COUPLING,,
6320.5,2025-12-05T09:20:30+00:00,W7261,,RAKE_COUPLING_STARTED,WS_02,COUPLING,,
6322.5,2025-12-05T09:22:30+00:00,W9401,,RAKE_COUPLING_COMPLETED,WS_02,WAITING,,
6322.5,2025-12-05T09:22:30+00:00,W7261,,RAKE_COUPLING_COMPLETED,WS_02,WAITING,,
6322.5,2025-12-05T09:22:30+00:00,W9401,,MOVING,WS_02,MOVING,,
6322.5,2025-12-05T09:22:30+00:00,W7261,,MOVING,WS_02,MOVING,,
6327.5,2025-12-05T09:27:30+00:00,W9401,,ON_RETROFITTED_TRACK,retrofitted,WAITING,,
6327.5,2025-12-05T09:27:30+00:00,W7261,,ON_RETROFITTED_TRACK,retrofitted,WAITING,,
6337.5,2025-12-05T09:37:30+00:00,W7263,,RAKE_COUPLING_STARTED,WS_01,COUPLING,,
6337.5,2025-12-05T09:37:30+00:00,W6339,,RAKE_COUPLING_STARTED,WS_01,COUPLING,,
6339.5,2025-12-05T09:39:30+00:00,W7263,,RAKE_COUPLING_COMPLETED,WS_01,WAITING,,
6339.5,2025-12-05T09:39:30+00:00,W6339,,RAKE_COUPLING_COMPLETED,WS_01,WAITING,,
6339.5,2025-12-05T09:39:30+00:00,W7263,,MOVING,WS_01,MOVING,,
6339.5,2025-12-05T09:39:30+00:00,W6339,,MOVING,WS_01,MOVING,,
6344.5,2025-12-05T09:44:30+00:00,W7263,,ON_RETROFITTED_TRACK,retrofitted,WAITING,,
6344.5,2025-12-05T09:44:30+00:00,W6339,,ON_RETROFITTED_TRACK,retrofitted,WAITING,,
6359.5,2025-12-05T09:59:30+00:00,W0607,,MOVING,retrofit,MOVING,,
6359.5,2025-12-05T09:59:30+00:00,W12036,,MOVING,retrofit,MOVING,,
6364.5,2025-12-05T10:04:30+00:00,W0607,,AT_WORKSHOP,WS_02,ARRIVED,,
6364.5,2025-12-05T10:04:30+00:00,W12036,,AT_WORKSHOP,WS_02,ARRIVED,,
6365.5,2025-12-05T10:05:30+00:00,W9981,,ON_RETROFIT_TRACK,retrofit,WAITING,,
6365.5,2025-12-05T10:05:30+00:00,W6246,,ON_RETROFIT_TRACK,retrofit,WAITING,,
6365.5,2025-12-05T10:05:30+00:00,W5947,,ON_RETROFIT_TRACK,retrofit,WAITING,,
6365.5,2025-12-05T10:05:30+00:00,W5711,,ON_RETROFIT_TRACK,retrofit,WAITING,,
6370.5,2025-12-05T10:10:30+00:00,W0607,,RETROFIT_STARTED,WS_02,PROCESSING,,
6370.5,2025-12-05T10:10:30+00:00,W12036,,RETROFIT_STARTED,WS_02,PROCESSING,,
6385.5,2025-12-05T10:25:30+00:00,W2786,,MOVING,retrofit,MOVING,,
6385.5,2025-12-05T10:25:30+00:00,W2877,,MOVING,retrofit,MOVING,,
6390.5,2025-12-05T10:30:30+00:00,W2786,,AT_WORKSHOP,WS_01,ARRIVED,,
6390.5,2025-12-05T10:30:30+00:00,W2877,,AT_WORKSHOP,WS_01,ARRIVED,,
6396.5,2025-12-05T10:36:30+00:00,W2786,,RETROFIT_STARTED,WS_01,PROCESSING,,
6396.5,2025-12-05T10:36:30+00:00,W2877,,RETROFIT_STARTED,WS_01,PROCESSING,,
6430.5,2025-12-05T11:10:30+00:00,W0607,,RETROFIT_COMPLETED,WS_02,COMPLETED,,
6430.5,2025-12-05T11:10:30+00:00,W12036,,RETROFIT_COMPLETED,WS_02,COMPLETED,,
6456.5,2025-12-05T11:36:30+00:00,W2786,,RETROFIT_COMPLETED,WS_01,COMPLETED,,
6456.5,2025-12-05T11:36:30+00:00,W2877,,RETROFIT_COMPLETED,WS_01,COMPLETED,,
6464.5,2025-12-05T11:44:30+00:00,W5127,,MOVING,collection1,MOVING,,
6475.5,2025-12-05T11:55:30+00:00,W10249,T91,ARRIVED,collection1,ARRIVED,,
6475.5,2025-12-05T11:55:30+00:00,W2050,T91,ARRIVED,collection2,ARRIVED,,
6475.5,2025-12-05T11:55:30+00:00,W2386,T91,ARRIVED,collection2,ARRIVED,,
6475.5,2025-12-05T11:55:30+00:00,W10254,T91,ARRIVED,collection2,ARRIVED,,
6475.5,2025-12-05T11:55:30+00:00,W12057,T91,ARRIVED,collection2,ARRIVED,,
6475.5,2025-12-05T11:55:30+00:00,W2136,T91,ARRIVED,collection2,ARRIVED,,
6523.0,2025-12-05T12:43:00+00:00,W2971,,PARKED,parking16,PARKED,,
6523.0,2025-12-05T12:43:00+00:00,W5978,,PARKED,parking16,PARKED,,
6523.0,2025-12-05T12:43:00+00:00,W5686,,PARKED,parking16,PARKED,,
6523.0,2025-12-05T12:43:00+00:00,W5403,,PARKED,parking16,PARKED,,
6524.5,2025-12-05T12:44:30+00:00,W5127,,ON_RETROFIT_TRACK,retrofit,WAITING,,
6537.5,2025-12-05T12:57:30+00:00,W0607,,RAKE_COUPLING_STARTED,WS_02,COUPLING,,
6537.5,2025-12-05T12:57:30+00:00,W12036,,RAKE_COUPLING_STARTED,WS_02,COUPLING,,
6539.5,2025-12-05T12:59:30+00:00,W0607,,RAKE_COUPLING_COMPLETED,WS_02,WAITING,,
6539.5,2025-12-05T12:59:30+00:00,W12036,,RAKE_COUPLING_COMPLETED,WS_02,WAITING,,
6539.5,2025-12-05T12:59:30+00:00,W0607,,MOVING,WS_02,MOVING,,
6539.5,2025-12-05T12:59:30+00:00,W12036,,MOVING,WS_02,MOVING,,
6544.5,2025-12-05T13:04:30+00:00,W0607,,ON_RETROFITTED_TRACK,retrofitted,WAITING,,
6544.5,2025-12-05T13:04:30+00:00,W12036,,ON_RETROFITTED_TRACK,retrofitted,WAITING,,
6554.5,2025-12-05T13:14:30+00:00,W2786,,RAKE_COUPLING_STARTED,WS_01,COUPLING,,
6554.5,2025-12-05T13:14:30+00:00,W2877,,RAKE_COUPLING_STARTED,WS_01,COUPLING,,
6556.5,2025-12-05T13:16:30+00:00,W2786,,RAKE_COUPLING_COMPLETED,WS_01,WAITING,,
6556.5,2025-12-05T13:16:30+00:00,W2877,,RAKE_COUPLING_COMPLETED,WS_01,WAITING,,
6556.5,2025-12-05T13:16:30+00:00,W2786,,MOVING,WS_01,MOVING,,
6556.5,2025-12-05T13:16:30+00:00,W2877,,MOVING,WS_01,MOVING,,
6561.5,2025-12-05T13:21:30+00:00,W2786,,ON_RETROFITTED_TRACK,retrofitted,WAITING,,
6561.5,2025-12-05T13:21:30+00:00,W2877,,ON_RETROFITTED_TRACK,retrofitted,WAITING,,
6576.5,2025-12-05T13:36:30+00:00,W318166502860,,MOVING,retrofit,MOVING,,
6576.5,2025-12-05T13:36:30+00:00,W3618,,MOVING,retrofit,MOVING,,
6581.5,2025-12-05T13:41:30+00:00,W318166502860,,AT_WORKSHOP,WS_02,ARRIVED,,
6581.5,2025-12-05T13:41:30+00:00,W3618,,AT_WORKSHOP,WS_02,ARRIVED,,
6587.5,2025-12-05T13:47:30+00:00,W318166502860,,RETROFIT_STARTED,WS_02,PROCESSING,,
6587.5,2025-12-05T13:47:30+00:00,W3618,,RETROFIT_STARTED,WS_02,PROCESSING,,
6593.0,2025-12-05T13:53:00+00:00,W7252,,MOVING,retrofit,MOVING,,
6593.0,2025-12-05T13:53:00+00:00,W6352,,MOVING,retrofit,MOVING,,
6595.0,2025-12-05T13:55:00+00:00,W12074,T92,REJECTED,REJECTED,REJECTED,NO_COLLECTION_TRACK,No collection track available
6595.0,2025-12-05T13:55:00+00:00,W5282,T92,ARRIVED,collection2,ARRIVED,,
6595.0,2025-12-05T13:55:00+00:00,W9940,T92,ARRIVED,collection2,ARRIVED,,
6595.0,2025-12-05T13:55:00+00:00,W9081,T92,ARRIVED,collection2,ARRIVED,,
6598.0,2025-12-05T13:58:00+00:00,W7252,,AT_WORKSHOP,WS_01,ARRIVED,,
6598.0,2025-12-05T13:58:00+00:00,W6352,,AT_WORKSHOP,WS_01,ARRIVED,,
6604.0,2025-12-05T14:04:00+00:00,W7252,,RETROFIT_STARTED,WS_01,PROCESSING,,
6604.0,2025-12-05T14:04:00+00:00,W6352,,RETROFIT_STARTED,WS_01,PROCESSING,,
6647.5,2025-12-05T14:47:30+00:00,W318166502860,,RETROFIT_COMPLETED,WS_02,COMPLETED,,
6647.5,2025-12-05T14:47:30+00:00,W3618,,RETROFIT_COMPLETED,WS_02,COMPLETED,,
6664.0,2025-12-05T15:04:00+00:00,W7252,,RETROFIT_COMPLETED,WS_01,COMPLETED,,
6664.0,2025-12-05T15:04:00+00:00,W6352,,RETROFIT_COMPLETED,WS_01,COMPLETED,,
6666.5,2025-12-05T15:06:30+00:00,W10886,T93,REJECTED,REJECTED,REJECTED_NO_RETROFIT_NEEDED,No Retrofit Needed,Wagon doesn't need retrofit
6666.5,2025-12-05T15:06:30+00:00,W7542,T93,REJECTED,REJECTED,REJECTED,NO_COLLECTION_TRACK,No collection track available
6666.5,2025-12-05T15:06:30+00:00,W8990,T93,REJECTED,REJECTED,REJECTED,NO_COLLECTION_TRACK,No collection track available
6666.5,2025-12-05T15:06:30+00:00,W8952,T93,REJECTED,REJECTED,REJECTED,NO_COLLECTION_TRACK,No collection track available
6666.5,2025-12-05T15:06:30+00:00,W10814,T93,ARRIVED,collection1,ARRIVED,,
6669.0,2025-12-05T15:09:00+00:00,W6884,,RAKE_COUPLING_STARTED,collection2,COUPLING,,
6669.0,2025-12-05T15:09:00+00:00,W11596,,RAKE_COUPLING_STARTED,collection2,COUPLING,,
6669.0,2025-12-05T15:09:00+00:00,W10957,,RAKE_COUPLING_STARTED,collection2,COUPLING,,
6669.0,2025-12-05T15:09:00+00:00,W6303,,RAKE_COUPLING_STARTED,collection2,COUPLING,,
6669.0,2025-12-05T15:09:00+00:00,W10958,,RAKE_COUPLING_STARTED,collection2,COUPLING,,
6669.0,2025-12-05T15:09:00+00:00,W6277,,RAKE_COUPLING_STARTED,collection2,COUPLING,,
6669.0,2025-12-05T15:09:00+00:00,W10928,,RAKE_COUPLING_STARTED,collection2,COUPLING,,
6669.0,2025-12-05T15:09:00+00:00,W7175,,RAKE_COUPLING_STARTED,collection2,COUPLING,,
6669.0,2025-12-05T15:09:00+00:00,W7265,,RAKE_COUPLING_STARTED,collection2,COUPLING,,
6669.0,2025-12-05T15:09:00+00:00,W11947,,RAKE_COUPLING_STARTED,collection2,COUPLING,,
6669.0,2025-12-05T15:09:00+00:00,W11959,,RAKE_COUPLING_STARTED,collection2,COUPLING,,
6670.0,2025-12-05T15:10:00+00:00,W9401,,PARKED,parking12,PARKED,,
6670.0,2025-12-05T15:10:00+00:00,W7261,,PARKED,parking12,PARKED,,
6670.0,2025-12-05T15:10:00+00:00,W7263,,PARKED,parking12,PARKED,,
6670.0,2025-12-05T15:10:00+00:00,W6339,,PARKED,parking12,PARKED,,
6670.0,2025-12-05T15:10:00+00:00,W0607,,PARKED,parking12,PARKED,,
6670.0,2025-12-05T15:10:00+00:00,W12036,,PARKED,parking12,PARKED,,
6670.0,2025-12-05T15:10:00+00:00,W2786,,PARKED,parking12,PARKED,,
6670.0,2025-12-05T15:10:00+00:00,W2877,,PARKED,parking12,PARKED,,
6692.0,2025-12-05T15:32:00+00:00,W6884,,MOVING,collection2,MOVING,,
6692.0,2025-12-05T15:32:00+00:00,W11596,,MOVING,collection2,MOVING,,
6692.0,2025-12-05T15:32:00+00:00,W10957,,MOVING,collection2,MOVING,,
6692.0,2025-12-05T15:32:00+00:00,W6303,,MOVING,collection2,MOVING,,
6692.0,2025-12-05T15:32:00+00:00,W10958,,MOVING,collection2,MOVING,,
6692.0,2025-12-05T15:32:00+00:00,W6277,,MOVING,collection2,MOVING,,
6692.0,2025-12-05T15:32:00+00:00,W10928,,MOVING,collection2,MOVING,,
6692.0,2025-12-05T15:32:00+00:00,W7175,,MOVING,collection2,MOVING,,
6692.0,2025-12-05T15:32:00+00:00,W7265,,MOVING,collection2,MOVING,,
6692.0,2025-12-05T15:32:00+00:00,W11947,,MOVING,collection2,MOVING,,
6692.0,2025-12-05T15:32:00+00:00,W11959,,MOVING,collection2,MOVING,,
6735.0,2025-12-05T16:15:00+00:00,W318166502860,,RAKE_COUPLING_STARTED,WS_02,COUPLING,,
6735.0,2025-12-05T16:15:00+00:00,W3618,,RAKE_COUPLING_STARTED,WS_02,COUPLING,,
6737.0,2025-12-05T16:17:00+00:00,W318166502860,,RAKE_COUPLING_COMPLETED,WS_02,WAITING,,
6737.0,2025-12-05T16:17:00+00:00,W3618,,RAKE_COUPLING_COMPLETED,WS_02,WAITING,,
6737.0,2025-12-05T16:17:00+00:00,W318166502860,,MOVING,WS_02,MOVING,,
6737.0,2025-12-05T16:17:00+00:00,W3618,,MOVING,WS_02,MOVING,,
6742.0,2025-12-05T16:22:00+00:00,W318166502860,,ON_RETROFITTED_TRACK,retrofitted,WAITING,,
6742.0,2025-12-05T16:22:00+00:00,W3618,,ON_RETROFITTED_TRACK,retrofitted,WAITING,,
6752.0,2025-12-05T16:32:00+00:00,W6884,,ON_RETROFIT_TRACK,retrofit,WAITING,,
6752.0,2025-12-05T16:32:00+00:00,W11596,,ON_RETROFIT_TRACK,retrofit,WAITING,,
6752.0,2025-12-05T16:32:00+00:00,W10957,,ON_RETROFIT_TRACK,retrofit,WAITING,,
6752.0,2025-12-05T16:32:00+00:00,W6303,,ON_RETROFIT_TRACK,retrofit,WAITING,,
6752.0,2025-12-05T16:32:00+00:00,W10958,,ON_RETROFIT_TRACK,retrofit,WAITING,,
6752.0,2025-12-05T16:32:00+00:00,W6277,,ON_RETROFIT_TRACK,retrofit,WAITING,,
6752.0,2025-12-05T16:32:00+00:00,W10928,,ON_RETROFIT_TRACK,retrofit,WAITING,,
6752.0,2025-12-05T16:32:00+00:00,W7175,,ON_RETROFIT_TRACK,retrofit,WAITING,,
6752.0,2025-12-05T16:32:00+00:00,W7265,,ON_RETROFIT_TRACK,retrofit,WAITING,,
6752.0,2025-12-05T16:32:00+00:00,W11947,,ON_RETROFIT_TRACK,retrofit,WAITING,,
6752.0,2025-12-05T16:32:00+00:00,W11959,,ON_RETROFIT_TRACK,retrofit,WAITING,,
6752.0,2025-12-05T16:32:00+00:00,W7252,,RAKE_COUPLING_STARTED,WS_01,COUPLING,,
6752.0,2025-12-05T16:32:00+00:00,W6352,,RAKE_COUPLING_STARTED,WS_01,COUPLING,,
6754.0,2025-12-05T16:34:00+00:00,W7252,,RAKE_COUPLING_COMPLETED,WS_01,WAITING,,
6754.0,2025-12-05T16:34:00+00:00,W6352,,RAKE_COUPLING_COMPLETED,WS_01,WAITING,,
6754.0,2025-12-05T16:34:00+00:00,W7252,,MOVING,WS_01,MOVING,,
6754.0,2025-12-05T16:34:00+00:00,W6352,,MOVING,WS_01,MOVING,,
6759.0,2025-12-05T16:39:00+00:00,W7252,,ON_RETROFITTED_TRACK,retrofitted,WAITING,,
6759.0,2025-12-05T16:39:00+00:00,W6352,,ON_RETROFITTED_TRACK,retrofitted,WAITING,,
6774.0,2025-12-05T16:54:00+00:00,W8705,,MOVING,retrofit,MOVING,,
6774.0,2025-12-05T16:54:00+00:00,W9981,,MOVING,retrofit,MOVING,,
6779.0,2025-12-05T16:59:00+00:00,W8705,,AT_WORKSHOP,WS_02,ARRIVED,,
6779.0,2025-12-05T16:59:00+00:00,W9981,,AT_WORKSHOP,WS_02,ARRIVED,,
6785.0,2025-12-05T17:05:00+00:00,W8705,,RETROFIT_STARTED,WS_02,PROCESSING,,
6785.0,2025-12-05T17:05:00+00:00,W9981,,RETROFIT_STARTED,WS_02,PROCESSING,,
6800.0,2025-12-05T17:20:00+00:00,W6246,,MOVING,retrofit,MOVING,,
6800.0,2025-12-05T17:20:00+00:00,W5947,,MOVING,retrofit,MOVING,,
6805.0,2025-12-05T17:25:00+00:00,W6246,,AT_WORKSHOP,WS_01,ARRIVED,,
6805.0,2025-12-05T17:25:00+00:00,W5947,,AT_WORKSHOP,WS_01,ARRIVED,,
6811.0,2025-12-05T17:31:00+00:00,W6246,,RETROFIT_STARTED,WS_01,PROCESSING,,
6811.0,2025-12-05T17:31:00+00:00,W5947,,RETROFIT_STARTED,WS_01,PROCESSING,,
6812.75,2025-12-05T17:32:45+00:00,W2853,T94,REJECTED,REJECTED,REJECTED_NO_RETROFIT_NEEDED,No Retrofit Needed,Wagon doesn't need retrofit
6829.5,2025-12-05T17:49:30+00:00,W318166502860,,PARKED,parking1,PARKED,,
6829.5,2025-12-05T17:49:30+00:00,W3618,,PARKED,parking1,PARKED,,
6845.0,2025-12-05T18:05:00+00:00,W8705,,RETROFIT_COMPLETED,WS_02,COMPLETED,,
6845.0,2025-12-05T18:05:00+00:00,W9981,,RETROFIT_COMPLETED,WS_02,COMPLETED,,
6871.0,2025-12-05T18:31:00+00:00,W6246,,RETROFIT_COMPLETED,WS_01,COMPLETED,,
6871.0,2025-12-05T18:31:00+00:00,W5947,,RETROFIT_COMPLETED,WS_01,COMPLETED,,
6883.0,2025-12-05T18:43:00+00:00,W10886,,MOVING,collection1,MOVING,,
6894.5,2025-12-05T18:54:30+00:00,W10522,,RAKE_COUPLING_STARTED,collection2,COUPLING,,
6894.5,2025-12-05T18:54:30+00:00,W6231,,RAKE_COUPLING_STARTED,collection2,COUPLING,,
6894.5,2025-12-05T18:54:30+00:00,W11482,,RAKE_COUPLING_STARTED,collection2,COUPLING,,
6894.5,2025-12-05T18:54:30+00:00,W8671,,RAKE_COUPLING_STARTED,collection2,COUPLING,,
6894.5,2025-12-05T18:54:30+00:00,W11252,,RAKE_COUPLING_STARTED,collection2,COUPLING,,
6894.5,2025-12-05T18:54:30+00:00,W5452,,RAKE_COUPLING_STARTED,collection2,COUPLING,,
6894.5,2025-12-05T18:54:30+00:00,W6800,,RAKE_COUPLING_STARTED,collection2,COUPLING,,
6909.5,2025-12-05T19:09:30+00:00,W10522,,MOVING,collection2,MOVING,,
6909.5,2025-12-05T19:09:30+00:00,W6231,,MOVING,collection2,MOVING,,
6909.5,2025-12-05T19:09:30+00:00,W11482,,MOVING,collection2,MOVING,,
6909.5,2025-12-05T19:09:30+00:00,W8671,,MOVING,collection2,MOVING,,
6909.5,2025-12-05T19:09:30+00:00,W11252,,MOVING,collection2,MOVING,,
6909.5,2025-12-05T19:09:30+00:00,W5452,,MOVING,collection2,MOVING,,
6909.5,2025-12-05T19:09:30+00:00,W6800,,MOVING,collection2,MOVING,,
6943.0,2025-12-05T19:43:00+00:00,W10886,,ON_RETROFIT_TRACK,retrofit,WAITING,,
6956.0,2025-12-05T19:56:00+00:00,W8705,,RAKE_COUPLING_STARTED,WS_02,COUPLING,,
6956.0,2025-12-05T19:56:00+00:00,W9981,,RAKE_COUPLING_STARTED,WS_02,COUPLING,,
6958.0,2025-12-05T19:58:00+00:00,W8705,,RAKE_COUPLING_COMPLETED,WS_02,WAITING,,
6958.0,2025-12-05T19:58:00+00:00,W9981,,RAKE_COUPLING_COMPLETED,WS_02,WAITING,,
6958.0,2025-12-05T19:58:00+00:00,W8705,,MOVING,WS_02,MOVING,,
6958.0,2025-12-05T19:58:00+00:00,W9981,,MOVING,WS_02,MOVING,,
6963.0,2025-12-05T20:03:00+00:00,W8705,,ON_RETROFITTED_TRACK,retrofitted,WAITING,,
6963.0,2025-12-05T20:03:00+00:00,W9981,,ON_RETROFITTED_TRACK,retrofitted,WAITING,,
6969.5,2025-12-05T20:09:30+00:00,W10522,,ON_RETROFIT_TRACK,retrofit,WAITING,,
6969.5,2025-12-05T20:09:30+00:00,W6231,,ON_RETROFIT_TRACK,retrofit,WAITING,,
6969.5,2025-12-05T20:09:30+00:00,W11482,,ON_RETROFIT_TRACK,retrofit,WAITING,,
6969.5,2025-12-05T20:09:30+00:00,W8671,,ON_RETROFIT_TRACK,retrofit,WAITING,,
6969.5,2025-12-05T20:09:30+00:00,W11252,,ON_RETROFIT_TRACK,retrofit,WAITING,,
6969.5,2025-12-05T20:09:30+00:00,W5452,,ON_RETROFIT_TRACK,retrofit,WAITING,,
6969.5,2025-12-05T20:09:30+00:00,W6800,,ON_RETROFIT_TRACK,retrofit,WAITING,,
6973.0,2025-12-05T20:13:00+00:00,W6246,,RAKE_COUPLING_STARTED,WS_01,COUPLING,,
6973.0,2025-12-05T20:13:00+00:00,W5947,,RAKE_COUPLING_STARTED,WS_01,COUPLING,,
6975.0,2025-12-05T20:15:00+00:00,W6246,,RAKE_COUPLING_COMPLETED,WS_01,WAITING,,
6975.0,2025-12-05T20:15:00+00:00,W5947,,RAKE_COUPLING_COMPLETED,WS_01,WAITING,,
6975.0,2025-12-05T20:15:00+00:00,W6246,,MOVING,WS_01,MOVING,,
6975.0,2025-12-05T20:15:00+00:00,W5947,,MOVING,WS_01,MOVING,,
6980.0,2025-12-05T20:20:00+00:00,W6246,,ON_RETROFITTED_TRACK,retrofitted,WAITING,,
6980.0,2025-12-05T20:20:00+00:00,W5947,,ON_RETROFITTED_TRACK,retrofitted,WAITING,,
6995.0,2025-12-05T20:35:00+00:00,W5711,,MOVING,retrofit,MOVING,,
6995.0,2025-12-05T20:35:00+00:00,W5127,,MOVING,retrofit,MOVING,,
7000.0,2025-12-05T20:40:00+00:00,W5711,,AT_WORKSHOP,WS_02,ARRIVED,,
7000.0,2025-12-05T20:40:00+00:00,W5127,,AT_WORKSHOP,WS_02,ARRIVED,,
7002.0,2025-12-05T20:42:00+00:00,W2652,T95,ARRIVED,collection2,ARRIVED,,
7002.0,2025-12-05T20:42:00+00:00,W12385,T95,ARRIVED,collection2,ARRIVED,,
7006.0,2025-12-05T20:46:00+00:00,W5711,,RETROFIT_STARTED,WS_02,PROCESSING,,
7006.0,2025-12-05T20:46:00+00:00,W5127,,RETROFIT_STARTED,WS_02,PROCESSING,,
7021.0,2025-12-05T21:01:00+00:00,W6884,,MOVING,retrofit,MOVING,,
7021.0,2025-12-05T21:01:00+00:00,W11596,,MOVING,retrofit,MOVING,,
7026.0,2025-12-05T21:06:00+00:00,W6884,,AT_WORKSHOP,WS_01,ARRIVED,,
7026.0,2025-12-05T21:06:00+00:00,W11596,,AT_WORKSHOP,WS_01,ARRIVED,,
7032.0,2025-12-05T21:12:00+00:00,W6884,,RETROFIT_STARTED,WS_01,PROCESSING,,
7032.0,2025-12-05T21:12:00+00:00,W11596,,RETROFIT_STARTED,WS_01,PROCESSING,,
7066.0,2025-12-05T21:46:00+00:00,W5711,,RETROFIT_COMPLETED,WS_02,COMPLETED,,
7066.0,2025-12-05T21:46:00+00:00,W5127,,RETROFIT_COMPLETED,WS_02,COMPLETED,,
7092.0,2025-12-05T22:12:00+00:00,W6884,,RETROFIT_COMPLETED,WS_01,COMPLETED,,
7092.0,2025-12-05T22:12:00+00:00,W11596,,RETROFIT_COMPLETED,WS_01,COMPLETED,,
7097.0,2025-12-05T22:17:00+00:00,W7252,,PARKED,parking15,PARKED,,
7097.0,2025-12-05T22:17:00+00:00,W6352,,PARKED,parking15,PARKED,,
7100.0,2025-12-05T22:20:00+00:00,W10081,,MOVING,collection1,MOVING,,
7160.0,2025-12-05T23:20:00+00:00,W10081,,ON_RETROFIT_TRACK,retrofit,WAITING,,
7162.0,2025-12-05T23:22:00+00:00,W5711,,RAKE_COUPLING_STARTED,WS_02,COUPLING,,
7162.0,2025-12-05T23:22:00+00:00,W5127,,RAKE_COUPLING_STARTED,WS_02,COUPLING,,
7164.0,2025-12-05T23:24:00+00:00,W5711,,RAKE_COUPLING_COMPLETED,WS_02,WAITING,,
7164.0,2025-12-05T23:24:00+00:00,W5127,,RAKE_COUPLING_COMPLETED,WS_02,WAITING,,
7164.0,2025-12-05T23:24:00+00:00,W5711,,MOVING,WS_02,MOVING,,
7164.0,2025-12-05T23:24:00+00:00,W5127,,MOVING,WS_02,MOVING,,
7167.5,2025-12-05T23:27:30+00:00,W11254,T96,REJECTED,REJECTED,REJECTED_NO_RETROFIT_NEEDED,No Retrofit Needed,Wagon doesn't need retrofit
7167.5,2025-12-05T23:27:30+00:00,W10889,T96,REJECTED,REJECTED,REJECTED_NO_RETROFIT_NEEDED,No Retrofit Needed,Wagon doesn't need retrofit
7167.5,2025-12-05T23:27:30+00:00,W3562,T96,REJECTED,REJECTED,REJECTED,NO_COLLECTION_TRACK,No collection track available
7167.5,2025-12-05T23:27:30+00:00,W11539,T96,ARRIVED,collection2,ARRIVED,,
7167.5,2025-12-05T23:27:30+00:00,W4532,T96,ARRIVED,collection2,ARRIVED,,
7167.5,2025-12-05T23:27:30+00:00,W8676,T96,ARRIVED,collection2,ARRIVED,,
7167.5,2025-12-05T23:27:30+00:00,W4478,T96,ARRIVED,collection2,ARRIVED,,
7167.5,2025-12-05T23:27:30+00:00,W5845,T96,ARRIVED,collection2,ARRIVED,,
7167.5,2025-12-05T23:27:30+00:00,W5248,T96,ARRIVED,collection2,ARRIVED,,
7167.5,2025-12-05T23:27:30+00:00,W4915,T96,ARRIVED,collection1,ARRIVED,,
7169.0,2025-12-05T23:29:00+00:00,W5711,,ON_RETROFITTED_TRACK,retrofitted,WAITING,,
7169.0,2025-12-05T23:29:00+00:00,W5127,,ON_RETROFITTED_TRACK,retrofitted,WAITING,,
7173.0,2025-12-05T23:33:00+00:00,W6884,,RAKE_COUPLING_STARTED,WS_01,COUPLING,,
7173.0,2025-12-05T23:33:00+00:00,W11596,,RAKE_COUPLING_STARTED,WS_01,COUPLING,,
7175.0,2025-12-05T23:35:00+00:00,W6884,,RAKE_COUPLING_COMPLETED,WS_01,WAITING,,
7175.0,2025-12-05T23:35:00+00:00,W11596,,RAKE_COUPLING_COMPLETED,WS_01,WAITING,,
7175.0,2025-12-05T23:35:00+00:00,W6884,,MOVING,WS_01,MOVING,,
7175.0,2025-12-05T23:35:00+00:00,W11596,,MOVING,WS_01,MOVING,,
7180.0,2025-12-05T23:40:00+00:00,W6884,,ON_RETROFITTED_TRACK,retrofitted,WAITING,,
7180.0,2025-12-05T23:40:00+00:00,W11596,,ON_RETROFITTED_TRACK,retrofitted,WAITING,,
7195.0,2025-12-05T23:55:00+00:00,W10957,,MOVING,retrofit,MOVING,,
7195.0,2025-12-05T23:55:00+00:00,W6303,,MOVING,retrofit,MOVING,,
7195.25,2025-12-05T23:55:15+00:00,W12195,T97,REJECTED,REJECTED,REJECTED,NO_COLLECTION_TRACK,No collection track available
7195.25,2025-12-05T23:55:15+00:00,W0883,T97,REJECTED,REJECTED,REJECTED,NO_COLLECTION_TRACK,No collection track available
7195.25,2025-12-05T23:55:15+00:00,W10330,T97,REJECTED,REJECTED,REJECTED,NO_COLLECTION_TRACK,No collection track available
7195.25,2025-12-05T23:55:15+00:00,W5036,T97,REJECTED,REJECTED,REJECTED,NO_COLLECTION_TRACK,No collection track available
7195.25,2025-12-05T23:55:15+00:00,W0665,T97,REJECTED,REJECTED,REJECTED,NO_COLLECTION_TRACK,No collection track available
7195.25,2025-12-05T23:55:15+00:00,W5519,T97,REJECTED,REJECTED,REJECTED,NO_COLLECTION_TRACK,No collection track available
7200.0,2025-12-06T00:00:00+00:00,W10957,,AT_WORKSHOP,WS_02,ARRIVED,,
7200.0,2025-12-06T00:00:00+00:00,W6303,,AT_WORKSHOP,WS_02,ARRIVED,,
7206.0,2025-12-06T00:06:00+00:00,W10957,,RETROFIT_STARTED,WS_02,PROCESSING,,
7206.0,2025-12-06T00:06:00+00:00,W6303,,RETROFIT_STARTED,WS_02,PROCESSING,,
7221.0,2025-12-06T00:21:00+00:00,W10958,,MOVING,retrofit,MOVING,,
7221.0,2025-12-06T00:21:00+00:00,W6277,,MOVING,retrofit,MOVING,,
7226.0,2025-12-06T00:26:00+00:00,W10958,,AT_WORKSHOP,WS_01,ARRIVED,,
7226.0,2025-12-06T00:26:00+00:00,W6277,,AT_WORKSHOP,WS_01,ARRIVED,,
7232.0,2025-12-06T00:32:00+00:00,W10958,,RETROFIT_STARTED,WS_01,PROCESSING,,
7232.0,2025-12-06T00:32:00+00:00,W6277,,RETROFIT_STARTED,WS_01,PROCESSING,,
7245.5,2025-12-06T00:45:30+00:00,W8705,,PARKED,parking10,PARKED,,
7245.5,2025-12-06T00:45:30+00:00,W9981,,PARKED,parking10,PARKED,,
7245.5,2025-12-06T00:45:30+00:00,W6246,,PARKED,parking10,PARKED,,
7245.5,2025-12-06T00:45:30+00:00,W5947,,PARKED,parking10,PARKED,,
7254.5,2025-12-06T00:54:30+00:00,W4701,T98,REJECTED,REJECTED,REJECTED_NO_RETROFIT_NEEDED,No Retrofit Needed,Wagon doesn't need retrofit
7254.5,2025-12-06T00:54:30+00:00,W4726,T98,REJECTED,REJECTED,REJECTED_NO_RETROFIT_NEEDED,No Retrofit Needed,Wagon doesn't need retrofit
7254.5,2025-12-06T00:54:30+00:00,W4754,T98,REJECTED,REJECTED,REJECTED_NO_RETROFIT_NEEDED,No Retrofit Needed,Wagon doesn't need retrofit
7266.0,2025-12-06T01:06:00+00:00,W10957,,RETROFIT_COMPLETED,WS_02,COMPLETED,,
7266.0,2025-12-06T01:06:00+00:00,W6303,,RETROFIT_COMPLETED,WS_02,COMPLETED,,
7273.75,2025-12-06T01:13:45+00:00,W11482,T99,REJECTED,REJECTED,REJECTED_NO_RETROFIT_NEEDED,No Retrofit Needed,Wagon doesn't need retrofit
7292.0,2025-12-06T01:32:00+00:00,W10958,,RETROFIT_COMPLETED,WS_01,COMPLETED,,
7292.0,2025-12-06T01:32:00+00:00,W6277,,RETROFIT_COMPLETED,WS_01,COMPLETED,,
7300.0,2025-12-06T01:40:00+00:00,W8380,,MOVING,collection2,MOVING,,
7310.5,2025-12-06T01:50:30+00:00,W10957,,RAKE_COUPLING_STARTED,WS_02,COUPLING,,
7310.5,2025-12-06T01:50:30+00:00,W6303,,RAKE_COUPLING_STARTED,WS_02,COUPLING,,
7312.5,2025-12-06T01:52:30+00:00,W10957,,RAKE_COUPLING_COMPLETED,WS_02,WAITING,,
7312.5,2025-12-06T01:52:30+00:00,W6303,,RAKE_COUPLING_COMPLETED,WS_02,WAITING,,
7312.5,2025-12-06T01:52:30+00:00,W10957,,MOVING,WS_02,MOVING,,
7312.5,2025-12-06T01:52:30+00:00,W6303,,MOVING,WS_02,MOVING,,
7317.5,2025-12-06T01:57:30+00:00,W10957,,ON_RETROFITTED_TRACK,retrofitted,WAITING,,
7317.5,2025-12-06T01:57:30+00:00,W6303,,ON_RETROFITTED_TRACK,retrofitted,WAITING,,
7327.5,2025-12-06T02:07:30+00:00,W10958,,RAKE_COUPLING_STARTED,WS_01,COUPLING,,
7327.5,2025-12-06T02:07:30+00:00,W6277,,RAKE_COUPLING_STARTED,WS_01,COUPLING,,
7329.5,2025-12-06T02:09:30+00:00,W10958,,RAKE_COUPLING_COMPLETED,WS_01,WAITING,,
7329.5,2025-12-06T02:09:30+00:00,W6277,,RAKE_COUPLING_COMPLETED,WS_01,WAITING,,
7329.5,2025-12-06T02:09:30+00:00,W10958,,MOVING,WS_01,MOVING,,
7329.5,2025-12-06T02:09:30+00:00,W6277,,MOVING,WS_01,MOVING,,
7334.5,2025-12-06T02:14:30+00:00,W10958,,ON_RETROFITTED_TRACK,retrofitted,WAITING,,
7334.5,2025-12-06T02:14:30+00:00,W6277,,ON_RETROFITTED_TRACK,retrofitted,WAITING,,
7349.5,2025-12-06T02:29:30+00:00,W10928,,MOVING,retrofit,MOVING,,
7349.5,2025-12-06T02:29:30+00:00,W7175,,MOVING,retrofit,MOVING,,
7354.5,2025-12-06T02:34:30+00:00,W10928,,AT_WORKSHOP,WS_02,ARRIVED,,
7354.5,2025-12-06T02:34:30+00:00,W7175,,AT_WORKSHOP,WS_02,ARRIVED,,
7360.0,2025-12-06T02:40:00+00:00,W8380,,ON_RETROFIT_TRACK,retrofit,WAITING,,
7360.25,2025-12-06T02:40:15+00:00,W2831,T100,REJECTED,REJECTED,REJECTED,NO_COLLECTION_TRACK,No collection track available
7360.25,2025-12-06T02:40:15+00:00,W11999,T100,REJECTED,REJECTED,REJECTED,NO_COLLECTION_TRACK,No collection track available
7360.25,2025-12-06T02:40:15+00:00,W12400,T100,REJECTED,REJECTED,REJECTED,NO_COLLECTION_TRACK,No collection track available
7360.25,2025-12-06T02:40:15+00:00,W0881,T100,ARRIVED,collection1,ARRIVED,,
7360.5,2025-12-06T02:40:30+00:00,W10928,,RETROFIT_STARTED,WS_02,PROCESSING,,
7360.5,2025-12-06T02:40:30+00:00,W7175,,RETROFIT_STARTED,WS_02,PROCESSING,,
7375.25,2025-12-06T02:55:15+00:00,W0282,T101,ARRIVED,collection2,ARRIVED,,
7375.25,2025-12-06T02:55:15+00:00,W2701,T101,ARRIVED,collection2,ARRIVED,,
7375.5,2025-12-06T02:55:30+00:00,W7265,,MOVING,retrofit,MOVING,,
7375.5,2025-12-06T02:55:30+00:00,W11947,,MOVING,retrofit,MOVING,,
7380.5,2025-12-06T03:00:30+00:00,W7265,,AT_WORKSHOP,WS_01,ARRIVED,,
7380.5,2025-12-06T03:00:30+00:00,W11947,,AT_WORKSHOP,WS_01,ARRIVED,,
7386.5,2025-12-06T03:06:30+00:00,W7265,,RETROFIT_STARTED,WS_01,PROCESSING,,
7386.5,2025-12-06T03:06:30+00:00,W11947,,RETROFIT_STARTED,WS_01,PROCESSING,,
7420.5,2025-12-06T03:40:30+00:00,W10928,,RETROFIT_COMPLETED,WS_02,COMPLETED,,
7420.5,2025-12-06T03:40:30+00:00,W7175,,RETROFIT_COMPLETED,WS_02,COMPLETED,,
7446.5,2025-12-06T04:06:30+00:00,W7265,,RETROFIT_COMPLETED,WS_01,COMPLETED,,
7446.5,2025-12-06T04:06:30+00:00,W11947,,RETROFIT_COMPLETED,WS_01,COMPLETED,,
7454.5,2025-12-06T04:14:30+00:00,W0032,,MOVING,collection1,MOVING,,
7454.5,2025-12-06T04:14:30+00:00,W5711,,PARKED,parking14,PARKED,,
7454.5,2025-12-06T04:14:30+00:00,W5127,,PARKED,parking14,PARKED,,
7454.5,2025-12-06T04:14:30+00:00,W6884,,PARKED,parking14,PARKED,,
7454.5,2025-12-06T04:14:30+00:00,W11596,,PARKED,parking14,PARKED,,
7514.5,2025-12-06T05:14:30+00:00,W0032,,ON_RETROFIT_TRACK,retrofit,WAITING,,
7519.5,2025-12-06T05:19:30+00:00,W10928,,RAKE_COUPLING_STARTED,WS_02,COUPLING,,
7519.5,2025-12-06T05:19:30+00:00,W7175,,RAKE_COUPLING_STARTED,WS_02,COUPLING,,
7521.5,2025-12-06T05:21:30+00:00,W10928,,RAKE_COUPLING_COMPLETED,WS_02,WAITING,,
7521.5,2025-12-06T05:21:30+00:00,W7175,,RAKE_COUPLING_COMPLETED,WS_02,WAITING,,
7521.5,2025-12-06T05:21:30+00:00,W10928,,MOVING,WS_02,MOVING,,
7521.5,2025-12-06T05:21:30+00:00,W7175,,MOVING,WS_02,MOVING,,
7526.5,2025-12-06T05:26:30+00:00,W10928,,ON_RETROFITTED_TRACK,retrofitted,WAITING,,
7526.5,2025-12-06T05:26:30+00:00,W7175,,ON_RETROFITTED_TRACK,retrofitted,WAITING,,
7527.5,2025-12-06T05:27:30+00:00,W7265,,RAKE_COUPLING_STARTED,WS_01,COUPLING,,
7527.5,2025-12-06T05:27:30+00:00,W11947,,RAKE_COUPLING_STARTED,WS_01,COUPLING,,
7529.5,2025-12-06T05:29:30+00:00,W7265,,RAKE_COUPLING_COMPLETED,WS_01,WAITING,,
7529.5,2025-12-06T05:29:30+00:00,W11947,,RAKE_COUPLING_COMPLETED,WS_01,WAITING,,
7529.5,2025-12-06T05:29:30+00:00,W7265,,MOVING,WS_01,MOVING,,
7529.5,2025-12-06T05:29:30+00:00,W11947,,MOVING,WS_01,MOVING,,
7534.5,2025-12-06T05:34:30+00:00,W7265,,ON_RETROFITTED_TRACK,retrofitted,WAITING,,
7534.5,2025-12-06T05:34:30+00:00,W11947,,ON_RETROFITTED_TRACK,retrofitted,WAITING,,
7549.5,2025-12-06T05:49:30+00:00,W11959,,MOVING,retrofit,MOVING,,
7549.5,2025-12-06T05:49:30+00:00,W10886,,MOVING,retrofit,MOVING,,
7554.5,2025-12-06T05:54:30+00:00,W11959,,AT_WORKSHOP,WS_02,ARRIVED,,
7554.5,2025-12-06T05:54:30+00:00,W10886,,AT_WORKSHOP,WS_02,ARRIVED,,
7560.5,2025-12-06T06:00:30+00:00,W11959,,RETROFIT_STARTED,WS_02,PROCESSING,,
7560.5,2025-12-06T06:00:30+00:00,W10886,,RETROFIT_STARTED,WS_02,PROCESSING,,
7575.5,2025-12-06T06:15:30+00:00,W10522,,MOVING,retrofit,MOVING,,
7575.5,2025-12-06T06:15:30+00:00,W6231,,MOVING,retrofit,MOVING,,
7580.5,2025-12-06T06:20:30+00:00,W10522,,AT_WORKSHOP,WS_01,ARRIVED,,
7580.5,2025-12-06T06:20:30+00:00,W6231,,AT_WORKSHOP,WS_01,ARRIVED,,
7586.5,2025-12-06T06:26:30+00:00,W10522,,RETROFIT_STARTED,WS_01,PROCESSING,,
7586.5,2025-12-06T06:26:30+00:00,W6231,,RETROFIT_STARTED,WS_01,PROCESSING,,
7618.0,2025-12-06T06:58:00+00:00,W10957,,PARKED,parking15,PARKED,,
7618.0,2025-12-06T06:58:00+00:00,W6303,,PARKED,parking15,PARKED,,
7618.0,2025-12-06T06:58:00+00:00,W10958,,PARKED,parking15,PARKED,,
7618.0,2025-12-06T06:58:00+00:00,W6277,,PARKED,parking15,PARKED,,
7620.5,2025-12-06T07:00:30+00:00,W11959,,RETROFIT_COMPLETED,WS_02,COMPLETED,,
7620.5,2025-12-06T07:00:30+00:00,W10886,,RETROFIT_COMPLETED,WS_02,COMPLETED,,
7646.5,2025-12-06T07:26:30+00:00,W10522,,RETROFIT_COMPLETED,WS_01,COMPLETED,,
7646.5,2025-12-06T07:26:30+00:00,W6231,,RETROFIT_COMPLETED,WS_01,COMPLETED,,
7651.5,2025-12-06T07:31:30+00:00,W9440,,RAKE_COUPLING_STARTED,collection2,COUPLING,,
7651.5,2025-12-06T07:31:30+00:00,W9489,,RAKE_COUPLING_STARTED,collection2,COUPLING,,
7651.5,2025-12-06T07:31:30+00:00,W2712,,RAKE_COUPLING_STARTED,collection2,COUPLING,,
7651.5,2025-12-06T07:31:30+00:00,W2050,,RAKE_COUPLING_STARTED,collection2,COUPLING,,
7651.5,2025-12-06T07:31:30+00:00,W2386,,RAKE_COUPLING_STARTED,collection2,COUPLING,,
7651.5,2025-12-06T07:31:30+00:00,W10254,,RAKE_COUPLING_STARTED,collection2,COUPLING,,
7664.5,2025-12-06T07:44:30+00:00,W9440,,MOVING,collection2,MOVING,,
7664.5,2025-12-06T07:44:30+00:00,W9489,,MOVING,collection2,MOVING,,
7664.5,2025-12-06T07:44:30+00:00,W2712,,MOVING,collection2,MOVING,,
7664.5,2025-12-06T07:44:30+00:00,W2050,,MOVING,collection2,MOVING,,
7664.5,2025-12-06T07:44:30+00:00,W2386,,MOVING,collection2,MOVING,,
7664.5,2025-12-06T07:44:30+00:00,W10254,,MOVING,collection2,MOVING,,
7683.0,2025-12-06T08:03:00+00:00,W11959,,RAKE_COUPLING_STARTED,WS_02,COUPLING,,
7683.0,2025-12-06T08:03:00+00:00,W10886,,RAKE_COUPLING_STARTED,WS_02,COUPLING,,
7685.0,2025-12-06T08:05:00+00:00,W11959,,RAKE_COUPLING_COMPLETED,WS_02,WAITING,,
7685.0,2025-12-06T08:05:00+00:00,W10886,,RAKE_COUPLING_COMPLETED,WS_02,WAITING,,
7685.0,2025-12-06T08:05:00+00:00,W11959,,MOVING,WS_02,MOVING,,
7685.0,2025-12-06T08:05:00+00:00,W10886,,MOVING,WS_02,MOVING,,
7690.0,2025-12-06T08:10:00+00:00,W11959,,ON_RETROFITTED_TRACK,retrofitted,WAITING,,
7690.0,2025-12-06T08:10:00+00:00,W10886,,ON_RETROFITTED_TRACK,retrofitted,WAITING,,
7700.0,2025-12-06T08:20:00+00:00,W10522,,RAKE_COUPLING_STARTED,WS_01,COUPLING,,
7700.0,2025-12-06T08:20:00+00:00,W6231,,RAKE_COUPLING_STARTED,WS_01,COUPLING,,
7702.0,2025-12-06T08:22:00+00:00,W10522,,RAKE_COUPLING_COMPLETED,WS_01,WAITING,,
7702.0,2025-12-06T08:22:00+00:00,W6231,,RAKE_COUPLING_COMPLETED,WS_01,WAITING,,
7702.0,2025-12-06T08:22:00+00:00,W10522,,MOVING,WS_01,MOVING,,
7702.0,2025-12-06T08:22:00+00:00,W6231,,MOVING,WS_01,MOVING,,
7707.0,2025-12-06T08:27:00+00:00,W10522,,ON_RETROFITTED_TRACK,retrofitted,WAITING,,
7707.0,2025-12-06T08:27:00+00:00,W6231,,ON_RETROFITTED_TRACK,retrofitted,WAITING,,
7722.0,2025-12-06T08:42:00+00:00,W11482,,MOVING,retrofit,MOVING,,
7722.0,2025-12-06T08:42:00+00:00,W8671,,MOVING,retrofit,MOVING,,
7724.5,2025-12-06T08:44:30+00:00,W9440,,ON_RETROFIT_TRACK,retrofit,WAITING,,
7724.5,2025-12-06T08:44:30+00:00,W9489,,ON_RETROFIT_TRACK,retrofit,WAITING,,
7724.5,2025-12-06T08:44:30+00:00,W2712,,ON_RETROFIT_TRACK,retrofit,WAITING,,
7724.5,2025-12-06T08:44:30+00:00,W2050,,ON_RETROFIT_TRACK,retrofit,WAITING,,
7724.5,2025-12-06T08:44:30+00:00,W2386,,ON_RETROFIT_TRACK,retrofit,WAITING,,
7724.5,2025-12-06T08:44:30+00:00,W10254,,ON_RETROFIT_TRACK,retrofit,WAITING,,
7727.0,2025-12-06T08:47:00+00:00,W11482,,AT_WORKSHOP,WS_02,ARRIVED,,
7727.0,2025-12-06T08:47:00+00:00,W8671,,AT_WORKSHOP,WS_02,ARRIVED,,
7733.0,2025-12-06T08:53:00+00:00,W11482,,RETROFIT_STARTED,WS_02,PROCESSING,,
7733.0,2025-12-06T08:53:00+00:00,W8671,,RETROFIT_STARTED,WS_02,PROCESSING,,
7748.0,2025-12-06T09:08:00+00:00,W11252,,MOVING,retrofit,MOVING,,
7748.0,2025-12-06T09:08:00+00:00,W5452,,MOVING,retrofit,MOVING,,
7753.0,2025-12-06T09:13:00+00:00,W11252,,AT_WORKSHOP,WS_01,ARRIVED,,
7753.0,2025-12-06T09:13:00+00:00,W5452,,AT_WORKSHOP,WS_01,ARRIVED,,
7759.0,2025-12-06T09:19:00+00:00,W11252,,RETROFIT_STARTED,WS_01,PROCESSING,,
7759.0,2025-12-06T09:19:00+00:00,W5452,,RETROFIT_STARTED,WS_01,PROCESSING,,
7793.0,2025-12-06T09:53:00+00:00,W11482,,RETROFIT_COMPLETED,WS_02,COMPLETED,,
7793.0,2025-12-06T09:53:00+00:00,W8671,,RETROFIT_COMPLETED,WS_02,COMPLETED,,
7819.0,2025-12-06T10:19:00+00:00,W11252,,RETROFIT_COMPLETED,WS_01,COMPLETED,,
7819.0,2025-12-06T10:19:00+00:00,W5452,,RETROFIT_COMPLETED,WS_01,COMPLETED,,
7827.0,2025-12-06T10:27:00+00:00,W6592,,MOVING,collection1,MOVING,,
7849.0,2025-12-06T10:49:00+00:00,W10928,,PARKED,parking13,PARKED,,
7849.0,2025-12-06T10:49:00+00:00,W7175,,PARKED,parking13,PARKED,,
7849.0,2025-12-06T10:49:00+00:00,W7265,,PARKED,parking13,PARKED,,
7849.0,2025-12-06T10:49:00+00:00,W11947,,PARKED,parking13,PARKED,,
7881.5,2025-12-06T11:21:30+00:00,W8570,T102,ARRIVED,collection2,ARRIVED,,
7881.5,2025-12-06T11:21:30+00:00,W9355,T102,ARRIVED,collection1,ARRIVED,,
7881.5,2025-12-06T11:21:30+00:00,W8578,T102,ARRIVED,collection2,ARRIVED,,
7881.5,2025-12-06T11:21:30+00:00,W0948,T102,ARRIVED,collection2,ARRIVED,,
7881.5,2025-12-06T11:21:30+00:00,W9358,T102,ARRIVED,collection2,ARRIVED,,
7887.0,2025-12-06T11:27:00+00:00,W6592,,ON_RETROFIT_TRACK,retrofit,WAITING,,
7900.0,2025-12-06T11:40:00+00:00,W11482,,RAKE_COUPLING_STARTED,WS_02,COUPLING,,
7900.0,2025-12-06T11:40:00+00:00,W8671,,RAKE_COUPLING_STARTED,WS_02,COUPLING,,
7902.0,2025-12-06T11:42:00+00:00,W11482,,RAKE_COUPLING_COMPLETED,WS_02,WAITING,,
7902.0,2025-12-06T11:42:00+00:00,W8671,,RAKE_COUPLING_COMPLETED,WS_02,WAITING,,
7902.0,2025-12-06T11:42:00+00:00,W11482,,MOVING,WS_02,MOVING,,
7902.0,2025-12-06T11:42:00+00:00,W8671,,MOVING,WS_02,MOVING,,
7907.0,2025-12-06T11:47:00+00:00,W11482,,ON_RETROFITTED_TRACK,retrofitted,WAITING,,
7907.0,2025-12-06T11:47:00+00:00,W8671,,ON_RETROFITTED_TRACK,retrofitted,WAITING,,
7914.0,2025-12-06T11:54:00+00:00,W11252,,RAKE_COUPLING_STARTED,WS_01,COUPLING,,
7914.0,2025-12-06T11:54:00+00:00,W5452,,RAKE_COUPLING_STARTED,WS_01,COUPLING,,
7916.0,2025-12-06T11:56:00+00:00,W11252,,RAKE_COUPLING_COMPLETED,WS_01,WAITING,,
7916.0,2025-12-06T11:56:00+00:00,W5452,,RAKE_COUPLING_COMPLETED,WS_01,WAITING,,
7916.0,2025-12-06T11:56:00+00:00,W11252,,MOVING,WS_01,MOVING,,
7916.0,2025-12-06T11:56:00+00:00,W5452,,MOVING,WS_01,MOVING,,
7921.0,2025-12-06T12:01:00+00:00,W11252,,ON_RETROFITTED_TRACK,retrofitted,WAITING,,
7921.0,2025-12-06T12:01:00+00:00,W5452,,ON_RETROFITTED_TRACK,retrofitted,WAITING,,
7926.0,2025-12-06T12:06:00+00:00,W8527,T103,REJECTED,REJECTED,REJECTED_NO_RETROFIT_NEEDED,No Retrofit Needed,Wagon doesn't need retrofit
7926.0,2025-12-06T12:06:00+00:00,W0680,T103,ARRIVED,collection1,ARRIVED,,
7926.0,2025-12-06T12:06:00+00:00,W11195,T103,ARRIVED,collection2,ARRIVED,,
7927.75,2025-12-06T12:07:45+00:00,W2112,T104,REJECTED,REJECTED,REJECTED_NO_RETROFIT_NEEDED,No Retrofit Needed,Wagon doesn't need retrofit
7927.75,2025-12-06T12:07:45+00:00,W0367,T104,ARRIVED,collection2,ARRIVED,,
7927.75,2025-12-06T12:07:45+00:00,W0411,T104,ARRIVED,collection2,ARRIVED,,
7927.75,2025-12-06T12:07:45+00:00,W4337,T104,ARRIVED,collection2,ARRIVED,,
7927.75,2025-12-06T12:07:45+00:00,W2166,T104,ARRIVED,collection2,ARRIVED,,
7936.0,2025-12-06T12:16:00+00:00,W6800,,MOVING,retrofit,MOVING,,
7936.0,2025-12-06T12:16:00+00:00,W10081,,MOVING,retrofit,MOVING,,
7941.0,2025-12-06T12:21:00+00:00,W6800,,AT_WORKSHOP,WS_02,ARRIVED,,
7941.0,2025-12-06T12:21:00+00:00,W10081,,AT_WORKSHOP,WS_02,ARRIVED,,
7947.0,2025-12-06T12:27:00+00:00,W6800,,RETROFIT_STARTED,WS_02,PROCESSING,,
7947.0,2025-12-06T12:27:00+00:00,W10081,,RETROFIT_STARTED,WS_02,PROCESSING,,
7962.0,2025-12-06T12:42:00+00:00,W8380,,MOVING,retrofit,MOVING,,
7962.0,2025-12-06T12:42:00+00:00,W0032,,MOVING,retrofit,MOVING,,
7967.0,2025-12-06T12:47:00+00:00,W8380,,AT_WORKSHOP,WS_01,ARRIVED,,
7967.0,2025-12-06T12:47:00+00:00,W0032,,AT_WORKSHOP,WS_01,ARRIVED,,
7973.0,2025-12-06T12:53:00+00:00,W8380,,RETROFIT_STARTED,WS_01,PROCESSING,,
7973.0,2025-12-06T12:53:00+00:00,W0032,,RETROFIT_STARTED,WS_01,PROCESSING,,
7982.75,2025-12-06T13:02:45+00:00,W11539,T105,REJECTED,REJECTED,REJECTED_NO_RETROFIT_NEEDED,No Retrofit Needed,Wagon doesn't need retrofit
8007.0,2025-12-06T13:27:00+00:00,W6800,,RETROFIT_COMPLETED,WS_02,COMPLETED,,
8007.0,2025-12-06T13:27:00+00:00,W10081,,RETROFIT_COMPLETED,WS_02,COMPLETED,,
8033.0,2025-12-06T13:53:00+00:00,W8380,,RETROFIT_COMPLETED,WS_01,COMPLETED,,
8033.0,2025-12-06T13:53:00+00:00,W0032,,RETROFIT_COMPLETED,WS_01,COMPLETED,,
8038.0,2025-12-06T13:58:00+00:00,W12057,,RAKE_COUPLING_STARTED,collection2,COUPLING,,
8038.0,2025-12-06T13:58:00+00:00,W2136,,RAKE_COUPLING_STARTED,collection2,COUPLING,,
8038.0,2025-12-06T13:58:00+00:00,W5282,,RAKE_COUPLING_STARTED,collection2,COUPLING,,
8038.0,2025-12-06T13:58:00+00:00,W9940,,RAKE_COUPLING_STARTED,collection2,COUPLING,,
8038.0,2025-12-06T13:58:00+00:00,W9081,,RAKE_COUPLING_STARTED,collection2,COUPLING,,
8038.0,2025-12-06T13:58:00+00:00,W2652,,RAKE_COUPLING_STARTED,collection2,COUPLING,,
8046.5,2025-12-06T14:06:30+00:00,W11959,,PARKED,parking16,PARKED,,
8046.5,2025-12-06T14:06:30+00:00,W10886,,PARKED,parking16,PARKED,,
8046.5,2025-12-06T14:06:30+00:00,W10522,,PARKED,parking16,PARKED,,
8046.5,2025-12-06T14:06:30+00:00,W6231,,PARKED,parking16,PARKED,,
8046.5,2025-12-06T14:06:30+00:00,W11482,,PARKED,parking16,PARKED,,
8046.5,2025-12-06T14:06:30+00:00,W8671,,PARKED,parking16,PARKED,,
8051.0,2025-12-06T14:11:00+00:00,W12057,,MOVING,collection2,MOVING,,
8051.0,2025-12-06T14:11:00+00:00,W2136,,MOVING,collection2,MOVING,,
8051.0,2025-12-06T14:11:00+00:00,W5282,,MOVING,collection2,MOVING,,
8051.0,2025-12-06T14:11:00+00:00,W9940,,MOVING,collection2,MOVING,,
8051.0,2025-12-06T14:11:00+00:00,W9081,,MOVING,collection2,MOVING,,
8051.0,2025-12-06T14:11:00+00:00,W2652,,MOVING,collection2,MOVING,,
8067.0,2025-12-06T14:27:00+00:00,W11320,T106,REJECTED,REJECTED,REJECTED_NO_RETROFIT_NEEDED,No Retrofit Needed,Wagon doesn't need retrofit
8067.0,2025-12-06T14:27:00+00:00,W11847,T106,REJECTED,REJECTED,REJECTED,NO_COLLECTION_TRACK,No collection track available
8067.0,2025-12-06T14:27:00+00:00,W11884,T106,REJECTED,REJECTED,REJECTED,NO_COLLECTION_TRACK,No collection track available
8067.0,2025-12-06T14:27:00+00:00,W2135,T106,REJECTED,REJECTED,REJECTED,NO_COLLECTION_TRACK,No collection track available
8067.0,2025-12-06T14:27:00+00:00,W9420,T106,REJECTED,REJECTED,REJECTED,NO_COLLECTION_TRACK,No collection track available
8067.0,2025-12-06T14:27:00+00:00,W9744,T106,REJECTED,REJECTED,REJECTED,NO_COLLECTION_TRACK,No collection track available
8067.0,2025-12-06T14:27:00+00:00,W10936,T106,REJECTED,REJECTED,REJECTED,NO_COLLECTION_TRACK,No collection track available
8067.0,2025-12-06T14:27:00+00:00,W2184,T106,REJECTED,REJECTED,REJECTED,NO_COLLECTION_TRACK,No collection track available
8067.0,2025-12-06T14:27:00+00:00,W2839,T106,REJECTED,REJECTED,REJECTED,NO_COLLECTION_TRACK,No collection track available
8087.75,2025-12-06T14:47:45+00:00,W11482,T107,REJECTED,REJECTED,REJECTED_NO_RETROFIT_NEEDED,No Retrofit Needed,Wagon doesn't need retrofit
8087.75,2025-12-06T14:47:45+00:00,W9733,T107,REJECTED,REJECTED,REJECTED,NO_COLLECTION_TRACK,No collection track available
8087.75,2025-12-06T14:47:45+00:00,W10993,T107,REJECTED,REJECTED,REJECTED,NO_COLLECTION_TRACK,No collection track available
8111.0,2025-12-06T15:11:00+00:00,W12057,,ON_RETROFIT_TRACK,retrofit,WAITING,,
8111.0,2025-12-06T15:11:00+00:00,W2136,,ON_RETROFIT_TRACK,retrofit,WAITING,,
8111.0,2025-12-06T15:11:00+00:00,W5282,,ON_RETROFIT_TRACK,retrofit,WAITING,,
8111.0,2025-12-06T15:11:00+00:00,W9940,,ON_RETROFIT_TRACK,retrofit,WAITING,,
8111.0,2025-12-06T15:11:00+00:00,W9081,,ON_RETROFIT_TRACK,retrofit,WAITING,,
8111.0,2025-12-06T15:11:00+00:00,W2652,,ON_RETROFIT_TRACK,retrofit,WAITING,,
8111.5,2025-12-06T15:11:30+00:00,W6800,,RAKE_COUPLING_STARTED,WS_02,COUPLING,,
8111.5,2025-12-06T15:11:30+00:00,W10081,,RAKE_COUPLING_STARTED,WS_02,COUPLING,,
8113.5,2025-12-06T15:13:30+00:00,W6800,,RAKE_COUPLING_COMPLETED,WS_02,WAITING,,
8113.5,2025-12-06T15:13:30+00:00,W10081,,RAKE_COUPLING_COMPLETED,WS_02,WAITING,,
8113.5,2025-12-06T15:13:30+00:00,W6800,,MOVING,WS_02,MOVING,,
8113.5,2025-12-06T15:13:30+00:00,W10081,,MOVING,WS_02,MOVING,,
8114.75,2025-12-06T15:14:45+00:00,W4726,T108,REJECTED,REJECTED,REJECTED_NO_RETROFIT_NEEDED,No Retrofit Needed,Wagon doesn't need retrofit
8114.75,2025-12-06T15:14:45+00:00,W4754,T108,REJECTED,REJECTED,REJECTED_NO_RETROFIT_NEEDED,No Retrofit Needed,Wagon doesn't need retrofit
8114.75,2025-12-06T15:14:45+00:00,W4701,T108,REJECTED,REJECTED,REJECTED_NO_RETROFIT_NEEDED,No Retrofit Needed,Wagon doesn't need retrofit
8118.5,2025-12-06T15:18:30+00:00,W6800,,ON_RETROFITTED_TRACK,retrofitted,WAITING,,
8118.5,2025-12-06T15:18:30+00:00,W10081,,ON_RETROFITTED_TRACK,retrofitted,WAITING,,
8128.5,2025-12-06T15:28:30+00:00,W8380,,RAKE_COUPLING_STARTED,WS_01,COUPLING,,
8128.5,2025-12-06T15:28:30+00:00,W0032,,RAKE_COUPLING_STARTED,WS_01,COUPLING,,
8130.5,2025-12-06T15:30:30+00:00,W8380,,RAKE_COUPLING_COMPLETED,WS_01,WAITING,,
8130.5,2025-12-06T15:30:30+00:00,W0032,,RAKE_COUPLING_COMPLETED,WS_01,WAITING,,
8130.5,2025-12-06T15:30:30+00:00,W8380,,MOVING,WS_01,MOVING,,
8130.5,2025-12-06T15:30:30+00:00,W0032,,MOVING,WS_01,MOVING,,
8135.5,2025-12-06T15:35:30+00:00,W8380,,ON_RETROFITTED_TRACK,retrofitted,WAITING,,
8135.5,2025-12-06T15:35:30+00:00,W0032,,ON_RETROFITTED_TRACK,retrofitted,WAITING,,
8150.5,2025-12-06T15:50:30+00:00,W9440,,MOVING,retrofit,MOVING,,
8150.5,2025-12-06T15:50:30+00:00,W9489,,MOVING,retrofit,MOVING,,
8155.5,2025-12-06T15:55:30+00:00,W9440,,AT_WORKSHOP,WS_02,ARRIVED,,
8155.5,2025-12-06T15:55:30+00:00,W9489,,AT_WORKSHOP,WS_02,ARRIVED,,
8159.0,2025-12-06T15:59:00+00:00,W2712,,MOVING,retrofit,MOVING,,
8159.0,2025-12-06T15:59:00+00:00,W2050,,MOVING,retrofit,MOVING,,
8161.5,2025-12-06T16:01:30+00:00,W9440,,RETROFIT_STARTED,WS_02,PROCESSING,,
8161.5,2025-12-06T16:01:30+00:00,W9489,,RETROFIT_STARTED,WS_02,PROCESSING,,
8164.0,2025-12-06T16:04:00+00:00,W2712,,AT_WORKSHOP,WS_01,ARRIVED,,
8164.0,2025-12-06T16:04:00+00:00,W2050,,AT_WORKSHOP,WS_01,ARRIVED,,
8170.0,2025-12-06T16:10:00+00:00,W2712,,RETROFIT_STARTED,WS_01,PROCESSING,,
8170.0,2025-12-06T16:10:00+00:00,W2050,,RETROFIT_STARTED,WS_01,PROCESSING,,
8180.0,2025-12-06T16:20:00+00:00,W11252,,PARKED,parking1,PARKED,,
8180.0,2025-12-06T16:20:00+00:00,W5452,,PARKED,parking1,PARKED,,
8221.5,2025-12-06T17:01:30+00:00,W9440,,RETROFIT_COMPLETED,WS_02,COMPLETED,,
8221.5,2025-12-06T17:01:30+00:00,W9489,,RETROFIT_COMPLETED,WS_02,COMPLETED,,
8230.0,2025-12-06T17:10:00+00:00,W2712,,RETROFIT_COMPLETED,WS_01,COMPLETED,,
8230.0,2025-12-06T17:10:00+00:00,W2050,,RETROFIT_COMPLETED,WS_01,COMPLETED,,
8238.0,2025-12-06T17:18:00+00:00,W8383,,MOVING,collection1,MOVING,,
8245.0,2025-12-06T17:25:00+00:00,W12385,,RAKE_COUPLING_STARTED,collection2,COUPLING,,
8245.0,2025-12-06T17:25:00+00:00,W11539,,RAKE_COUPLING_STARTED,collection2,COUPLING,,
8245.0,2025-12-06T17:25:00+00:00,W4532,,RAKE_COUPLING_STARTED,collection2,COUPLING,,
8245.0,2025-12-06T17:25:00+00:00,W8676,,RAKE_COUPLING_STARTED,collection2,COUPLING,,
8245.0,2025-12-06T17:25:00+00:00,W4478,,RAKE_COUPLING_STARTED,collection2,COUPLING,,
8246.5,2025-12-06T17:26:30+00:00,W11510,T109,REJECTED,REJECTED,REJECTED,NO_COLLECTION_TRACK,No collection track available
8246.5,2025-12-06T17:26:30+00:00,W3210,T109,REJECTED,REJECTED,REJECTED,NO_COLLECTION_TRACK,No collection track available
8246.5,2025-12-06T17:26:30+00:00,W4457,T109,ARRIVED,collection2,ARRIVED,,
8246.5,2025-12-06T17:26:30+00:00,W5612,T109,ARRIVED,collection2,ARRIVED,,
8246.5,2025-12-06T17:26:30+00:00,W0928,T109,ARRIVED,collection2,ARRIVED,,
8246.5,2025-12-06T17:26:30+00:00,W12177,T109,ARRIVED,collection2,ARRIVED,,
8246.5,2025-12-06T17:26:30+00:00,W0888,T109,ARRIVED,collection2,ARRIVED,,
8256.0,2025-12-06T17:36:00+00:00,W12385,,MOVING,collection2,MOVING,,
8256.0,2025-12-06T17:36:00+00:00,W11539,,MOVING,collection2,MOVING,,
8256.0,2025-12-06T17:36:00+00:00,W4532,,MOVING,collection2,MOVING,,
8256.0,2025-12-06T17:36:00+00:00,W8676,,MOVING,collection2,MOVING,,
8256.0,2025-12-06T17:36:00+00:00,W4478,,MOVING,collection2,MOVING,,
8270.25,2025-12-06T17:50:15+00:00,W12260,T110,REJECTED,REJECTED,REJECTED_NO_RETROFIT_NEEDED,No Retrofit Needed,Wagon doesn't need retrofit
8270.25,2025-12-06T17:50:15+00:00,W0709,T110,REJECTED,REJECTED,REJECTED,NO_COLLECTION_TRACK,No collection track available
8275.25,2025-12-06T17:55:15+00:00,W6823,T111,REJECTED,REJECTED,REJECTED,NO_COLLECTION_TRACK,No collection track available
8275.25,2025-12-06T17:55:15+00:00,W6640,T111,REJECTED,REJECTED,REJECTED,NO_COLLECTION_TRACK,No collection track available
8275.25,2025-12-06T17:55:15+00:00,W5646,T111,REJECTED,REJECTED,REJECTED,NO_COLLECTION_TRACK,No collection track available
8275.25,2025-12-06T17:55:15+00:00,W6681,T111,REJECTED,REJECTED,REJECTED,NO_COLLECTION_TRACK,No collection track available
8275.25,2025-12-06T17:55:15+00:00,W6467,T111,REJECTED,REJECTED,REJECTED,NO_COLLECTION_TRACK,No collection track available
8298.0,2025-12-06T18:18:00+00:00,W8383,,ON_RETROFIT_TRACK,retrofit,WAITING,,
8311.0,2025-12-06T18:31:00+00:00,W9440,,RAKE_COUPLING_STARTED,WS_02,COUPLING,,
8311.0,2025-12-06T18:31:00+00:00,W9489,,RAKE_COUPLING_STARTED,WS_02,COUPLING,,
8313.0,2025-12-06T18:33:00+00:00,W9440,,RAKE_COUPLING_COMPLETED,WS_02,WAITING,,
8313.0,2025-12-06T18:33:00+00:00,W9489,,RAKE_COUPLING_COMPLETED,WS_02,WAITING,,
8313.0,2025-12-06T18:33:00+00:00,W9440,,MOVING,WS_02,MOVING,,
8313.0,2025-12-06T18:33:00+00:00,W9489,,MOVING,WS_02,MOVING,,
8316.0,2025-12-06T18:36:00+00:00,W12385,,ON_RETROFIT_TRACK,retrofit,WAITING,,
8316.0,2025-12-06T18:36:00+00:00,W11539,,ON_RETROFIT_TRACK,retrofit,WAITING,,
8316.0,2025-12-06T18:36:00+00:00,W4532,,ON_RETROFIT_TRACK,retrofit,WAITING,,
8316.0,2025-12-06T18:36:00+00:00,W8676,,ON_RETROFIT_TRACK,retrofit,WAITING,,
8316.0,2025-12-06T18:36:00+00:00,W4478,,ON_RETROFIT_TRACK,retrofit,WAITING,,
8318.0,2025-12-06T18:38:00+00:00,W9440,,ON_RETROFITTED_TRACK,retrofitted,WAITING,,
8318.0,2025-12-06T18:38:00+00:00,W9489,,ON_RETROFITTED_TRACK,retrofitted,WAITING,,
8328.0,2025-12-06T18:48:00+00:00,W2712,,RAKE_COUPLING_STARTED,WS_01,COUPLING,,
8328.0,2025-12-06T18:48:00+00:00,W2050,,RAKE_COUPLING_STARTED,WS_01,COUPLING,,
8329.0,2025-12-06T18:49:00+00:00,W11050,T112,ARRIVED,collection1,ARRIVED,,
8329.0,2025-12-06T18:49:00+00:00,W12319,T112,ARRIVED,collection1,ARRIVED,,
8330.0,2025-12-06T18:50:00+00:00,W2712,,RAKE_COUPLING_COMPLETED,WS_01,WAITING,,
8330.0,2025-12-06T18:50:00+00:00,W2050,,RAKE_COUPLING_COMPLETED,WS_01,WAITING,,
8330.0,2025-12-06T18:50:00+00:00,W2712,,MOVING,WS_01,MOVING,,
8330.0,2025-12-06T18:50:00+00:00,W2050,,MOVING,WS_01,MOVING,,
8335.0,2025-12-06T18:55:00+00:00,W2712,,ON_RETROFITTED_TRACK,retrofitted,WAITING,,
8335.0,2025-12-06T18:55:00+00:00,W2050,,ON_RETROFITTED_TRACK,retrofitted,WAITING,,
8336.0,2025-12-06T18:56:00+00:00,W6025,T113,REJECTED,REJECTED,REJECTED_NO_RETROFIT_NEEDED,No Retrofit Needed,Wagon doesn't need retrofit
8336.0,2025-12-06T18:56:00+00:00,W6634,T113,REJECTED,REJECTED,REJECTED_NO_RETROFIT_NEEDED,No Retrofit Needed,Wagon doesn't need retrofit
8341.25,2025-12-06T19:01:15+00:00,W0475,T114,REJECTED,REJECTED,REJECTED,NO_COLLECTION_TRACK,No collection track available
8341.25,2025-12-06T19:01:15+00:00,W0827,T114,REJECTED,REJECTED,REJECTED,NO_COLLECTION_TRACK,No collection track available
8341.25,2025-12-06T19:01:15+00:00,W0561,T114,REJECTED,REJECTED,REJECTED,NO_COLLECTION_TRACK,No collection track available
8341.25,2025-12-06T19:01:15+00:00,W7563,T114,REJECTED,REJECTED,REJECTED,NO_COLLECTION_TRACK,No collection track available
8342.0,2025-12-06T19:02:00+00:00,W10886,T115,REJECTED,REJECTED,REJECTED_NO_RETROFIT_NEEDED,No Retrofit Needed,Wagon doesn't need retrofit
8350.0,2025-12-06T19:10:00+00:00,W2386,,MOVING,retrofit,MOVING,,
8350.0,2025-12-06T19:10:00+00:00,W10254,,MOVING,retrofit,MOVING,,
8355.0,2025-12-06T19:15:00+00:00,W2386,,AT_WORKSHOP,WS_02,ARRIVED,,
8355.0,2025-12-06T19:15:00+00:00,W10254,,AT_WORKSHOP,WS_02,ARRIVED,,
8358.0,2025-12-06T19:18:00+00:00,W6592,,MOVING,retrofit,MOVING,,
8358.0,2025-12-06T19:18:00+00:00,W12057,,MOVING,retrofit,MOVING,,
8361.0,2025-12-06T19:21:00+00:00,W2386,,RETROFIT_STARTED,WS_02,PROCESSING,,
8361.0,2025-12-06T19:21:00+00:00,W10254,,RETROFIT_STARTED,WS_02,PROCESSING,,
8363.0,2025-12-06T19:23:00+00:00,W6592,,AT_WORKSHOP,WS_01,ARRIVED,,
8363.0,2025-12-06T19:23:00+00:00,W12057,,AT_WORKSHOP,WS_01,ARRIVED,,
8369.0,2025-12-06T19:29:00+00:00,W6592,,RETROFIT_STARTED,WS_01,PROCESSING,,
8369.0,2025-12-06T19:29:00+00:00,W12057,,RETROFIT_STARTED,WS_01,PROCESSING,,
8382.5,2025-12-06T19:42:30+00:00,W6800,,PARKED,parking1,PARKED,,
8382.5,2025-12-06T19:42:30+00:00,W10081,,PARKED,parking1,PARKED,,
8382.5,2025-12-06T19:42:30+00:00,W8380,,PARKED,parking1,PARKED,,
8382.5,2025-12-06T19:42:30+00:00,W0032,,PARKED,parking1,PARKED,,
8421.0,2025-12-06T20:21:00+00:00,W2386,,RETROFIT_COMPLETED,WS_02,COMPLETED,,
8421.0,2025-12-06T20:21:00+00:00,W10254,,RETROFIT_COMPLETED,WS_02,COMPLETED,,
8425.5,2025-12-06T20:25:30+00:00,W2744,T116,REJECTED,REJECTED,REJECTED_NO_RETROFIT_NEEDED,No Retrofit Needed,Wagon doesn't need retrofit
8425.5,2025-12-06T20:25:30+00:00,W5833,T116,REJECTED,REJECTED,REJECTED_NO_RETROFIT_NEEDED,No Retrofit Needed,Wagon doesn't need retrofit
8425.5,2025-12-06T20:25:30+00:00,W5821,T116,ARRIVED,collection2,ARRIVED,,
8425.5,2025-12-06T20:25:30+00:00,W6008,T116,ARRIVED,collection2,ARRIVED,,
8429.0,2025-12-06T20:29:00+00:00,W6592,,RETROFIT_COMPLETED,WS_01,COMPLETED,,
8429.0,2025-12-06T20:29:00+00:00,W12057,,RETROFIT_COMPLETED,WS_01,COMPLETED,,
8437.0,2025-12-06T20:37:00+00:00,W8381,,MOVING,collection1,MOVING,,
8447.5,2025-12-06T20:47:30+00:00,W5845,,RAKE_COUPLING_STARTED,collection2,COUPLING,,
8447.5,2025-12-06T20:47:30+00:00,W5248,,RAKE_COUPLING_STARTED,collection2,COUPLING,,
8447.5,2025-12-06T20:47:30+00:00,W0282,,RAKE_COUPLING_STARTED,collection2,COUPLING,,
8454.5,2025-12-06T20:54:30+00:00,W5845,,MOVING,collection2,MOVING,,
8454.5,2025-12-06T20:54:30+00:00,W5248,,MOVING,collection2,MOVING,,
8454.5,2025-12-06T20:54:30+00:00,W0282,,MOVING,collection2,MOVING,,
8456.5,2025-12-06T20:56:30+00:00,W0616,T117,REJECTED,REJECTED,REJECTED,NO_COLLECTION_TRACK,No collection track available
8456.5,2025-12-06T20:56:30+00:00,W7853,T117,REJECTED,REJECTED,REJECTED,NO_COLLECTION_TRACK,No collection track available
8456.5,2025-12-06T20:56:30+00:00,W0293,T117,ARRIVED,collection2,ARRIVED,,
8497.0,2025-12-06T21:37:00+00:00,W8381,,ON_RETROFIT_TRACK,retrofit,WAITING,,
8510.0,2025-12-06T21:50:00+00:00,W2386,,RAKE_COUPLING_STARTED,WS_02,COUPLING,,
8510.0,2025-12-06T21:50:00+00:00,W10254,,RAKE_COUPLING_STARTED,WS_02,COUPLING,,
8512.0,2025-12-06T21:52:00+00:00,W2386,,RAKE_COUPLING_COMPLETED,WS_02,WAITING,,
8512.0,2025-12-06T21:52:00+00:00,W10254,,RAKE_COUPLING_COMPLETED,WS_02,WAITING,,
8512.0,2025-12-06T21:52:00+00:00,W2386,,MOVING,WS_02,MOVING,,
8512.0,2025-12-06T21:52:00+00:00,W10254,,MOVING,WS_02,MOVING,,
8514.5,2025-12-06T21:54:30+00:00,W5845,,ON_RETROFIT_TRACK,retrofit,WAITING,,
8514.5,2025-12-06T21:54:30+00:00,W5248,,ON_RETROFIT_TRACK,retrofit,WAITING,,
8514.5,2025-12-06T21:54:30+00:00,W0282,,ON_RETROFIT_TRACK,retrofit,WAITING,,
8517.0,2025-12-06T21:57:00+00:00,W2386,,ON_RETROFITTED_TRACK,retrofitted,WAITING,,
8517.0,2025-12-06T21:57:00+00:00,W10254,,ON_RETROFITTED_TRACK,retrofitted,WAITING,,
8527.0,2025-12-06T22:07:00+00:00,W6592,,RAKE_COUPLING_STARTED,WS_01,COUPLING,,
8527.0,2025-12-06T22:07:00+00:00,W12057,,RAKE_COUPLING_STARTED,WS_01,COUPLING,,
8529.0,2025-12-06T22:09:00+00:00,W6592,,RAKE_COUPLING_COMPLETED,WS_01,WAITING,,
8529.0,2025-12-06T22:09:00+00:00,W12057,,RAKE_COUPLING_COMPLETED,WS_01,WAITING,,
8529.0,2025-12-06T22:09:00+00:00,W6592,,MOVING,WS_01,MOVING,,
8529.0,2025-12-06T22:09:00+00:00,W12057,,MOVING,WS_01,MOVING,,
8534.0,2025-12-06T22:14:00+00:00,W6592,,ON_RETROFITTED_TRACK,retrofitted,WAITING,,
8534.0,2025-12-06T22:14:00+00:00,W12057,,ON_RETROFITTED_TRACK,retrofitted,WAITING,,
8544.5,2025-12-06T22:24:30+00:00,W2136,,MOVING,retrofit,MOVING,,
8544.5,2025-12-06T22:24:30+00:00,W5282,,MOVING,retrofit,MOVING,,
8549.5,2025-12-06T22:29:30+00:00,W2136,,AT_WORKSHOP,WS_02,ARRIVED,,
8549.5,2025-12-06T22:29:30+00:00,W5282,,AT_WORKSHOP,WS_02,ARRIVED,,
8555.5,2025-12-06T22:35:30+00:00,W2136,,RETROFIT_STARTED,WS_02,PROCESSING,,
8555.5,2025-12-06T22:35:30+00:00,W5282,,RETROFIT_STARTED,WS_02,PROCESSING,,
8570.5,2025-12-06T22:50:30+00:00,W9940,,MOVING,retrofit,MOVING,,
8570.5,2025-12-06T22:50:30+00:00,W9081,,MOVING,retrofit,MOVING,,
8572.75,2025-12-06T22:52:45+00:00,W10134,T118,REJECTED,REJECTED,REJECTED_NO_RETROFIT_NEEDED,No Retrofit Needed,Wagon doesn't need retrofit
8572.75,2025-12-06T22:52:45+00:00,W0002,T118,REJECTED,REJECTED,REJECTED,NO_COLLECTION_TRACK,No collection track available
8572.75,2025-12-06T22:52:45+00:00,W0956,T118,REJECTED,REJECTED,REJECTED,NO_COLLECTION_TRACK,No collection track available
8572.75,2025-12-06T22:52:45+00:00,W12146,T118,REJECTED,REJECTED,REJECTED,NO_COLLECTION_TRACK,No collection track available
8572.75,2025-12-06T22:52:45+00:00,W2794,T118,REJECTED,REJECTED,REJECTED,NO_COLLECTION_TRACK,No collection track available
8572.75,2025-12-06T22:52:45+00:00,W6704,T118,ARRIVED,collection1,ARRIVED,,
8572.75,2025-12-06T22:52:45+00:00,W0167,T118,ARRIVED,collection2,ARRIVED,,
8575.5,2025-12-06T22:55:30+00:00,W9940,,AT_WORKSHOP,WS_01,ARRIVED,,
8575.5,2025-12-06T22:55:30+00:00,W9081,,AT_WORKSHOP,WS_01,ARRIVED,,
8581.5,2025-12-06T23:01:30+00:00,W9940,,RETROFIT_STARTED,WS_01,PROCESSING,,
8581.5,2025-12-06T23:01:30+00:00,W9081,,RETROFIT_STARTED,WS_01,PROCESSING,,
8615.5,2025-12-06T23:35:30+00:00,W2136,,RETROFIT_COMPLETED,WS_02,COMPLETED,,
8615.5,2025-12-06T23:35:30+00:00,W5282,,RETROFIT_COMPLETED,WS_02,COMPLETED,,
8625.5,2025-12-06T23:45:30+00:00,W9440,,PARKED,parking14,PARKED,,
8625.5,2025-12-06T23:45:30+00:00,W9489,,PARKED,parking14,PARKED,,
8625.5,2025-12-06T23:45:30+00:00,W2712,,PARKED,parking14,PARKED,,
8625.5,2025-12-06T23:45:30+00:00,W2050,,PARKED,parking14,PARKED,,
8635.25,2025-12-06T23:55:15+00:00,W12186,T119,REJECTED,REJECTED,REJECTED,NO_COLLECTION_TRACK,No collection track available
8635.25,2025-12-06T23:55:15+00:00,W7755,T119,REJECTED,REJECTED,REJECTED,NO_COLLECTION_TRACK,No collection track available
8635.25,2025-12-06T23:55:15+00:00,W9951,T119,REJECTED,REJECTED,REJECTED,NO_COLLECTION_TRACK,No collection track available
8635.25,2025-12-06T23:55:15+00:00,W4605,T119,REJECTED,REJECTED,REJECTED,NO_COLLECTION_TRACK,No collection track available
8635.25,2025-12-06T23:55:15+00:00,W0128,T119,ARRIVED,collection2,ARRIVED,,
8641.5,2025-12-07T00:01:30+00:00,W9940,,RETROFIT_COMPLETED,WS_01,COMPLETED,,
8641.5,2025-12-07T00:01:30+00:00,W9081,,RETROFIT_COMPLETED,WS_01,COMPLETED,,
8649.5,2025-12-07T00:09:30+00:00,W9067,,MOVING,collection1,MOVING,,
8690.5,2025-12-07T00:50:30+00:00,W2136,,RAKE_COUPLING_STARTED,WS_02,COUPLING,,
8690.5,2025-12-07T00:50:30+00:00,W5282,,RAKE_COUPLING_STARTED,WS_02,COUPLING,,
8692.5,2025-12-07T00:52:30+00:00,W2136,,RAKE_COUPLING_COMPLETED,WS_02,WAITING,,
8692.5,2025-12-07T00:52:30+00:00,W5282,,RAKE_COUPLING_COMPLETED,WS_02,WAITING,,
8692.5,2025-12-07T00:52:30+00:00,W2136,,MOVING,WS_02,MOVING,,
8692.5,2025-12-07T00:52:30+00:00,W5282,,MOVING,WS_02,MOVING,,
8697.5,2025-12-07T00:57:30+00:00,W2136,,ON_RETROFITTED_TRACK,retrofitted,WAITING,,
8697.5,2025-12-07T00:57:30+00:00,W5282,,ON_RETROFITTED_TRACK,retrofitted,WAITING,,
8707.5,2025-12-07T01:07:30+00:00,W9940,,RAKE_COUPLING_STARTED,WS_01,COUPLING,,
8707.5,2025-12-07T01:07:30+00:00,W9081,,RAKE_COUPLING_STARTED,WS_01,COUPLING,,
8709.5,2025-12-07T01:09:30+00:00,W9067,,ON_RETROFIT_TRACK,retrofit,WAITING,,
8709.5,2025-12-07T01:09:30+00:00,W9940,,RAKE_COUPLING_COMPLETED,WS_01,WAITING,,
8709.5,2025-12-07T01:09:30+00:00,W9081,,RAKE_COUPLING_COMPLETED,WS_01,WAITING,,
8709.5,2025-12-07T01:09:30+00:00,W9940,,MOVING,WS_01,MOVING,,
8709.5,2025-12-07T01:09:30+00:00,W9081,,MOVING,WS_01,MOVING,,
8714.5,2025-12-07T01:14:30+00:00,W9940,,ON_RETROFITTED_TRACK,retrofitted,WAITING,,
8714.5,2025-12-07T01:14:30+00:00,W9081,,ON_RETROFITTED_TRACK,retrofitted,WAITING,,
8727.5,2025-12-07T01:27:30+00:00,W2652,,MOVING,retrofit,MOVING,,
8727.5,2025-12-07T01:27:30+00:00,W8383,,MOVING,retrofit,MOVING,,
8732.5,2025-12-07T01:32:30+00:00,W2652,,AT_WORKSHOP,WS_02,ARRIVED,,
8732.5,2025-12-07T01:32:30+00:00,W8383,,AT_WORKSHOP,WS_02,ARRIVED,,
8738.5,2025-12-07T01:38:30+00:00,W2652,,RETROFIT_STARTED,WS_02,PROCESSING,,
8738.5,2025-12-07T01:38:30+00:00,W8383,,RETROFIT_STARTED,WS_02,PROCESSING,,
8753.5,2025-12-07T01:53:30+00:00,W12385,,MOVING,retrofit,MOVING,,
8753.5,2025-12-07T01:53:30+00:00,W11539,,MOVING,retrofit,MOVING,,
8758.5,2025-12-07T01:58:30+00:00,W12385,,AT_WORKSHOP,WS_01,ARRIVED,,
8758.5,2025-12-07T01:58:30+00:00,W11539,,AT_WORKSHOP,WS_01,ARRIVED,,
8764.5,2025-12-07T02:04:30+00:00,W12385,,RETROFIT_STARTED,WS_01,PROCESSING,,
8764.5,2025-12-07T02:04:30+00:00,W11539,,RETROFIT_STARTED,WS_01,PROCESSING,,
8798.5,2025-12-07T02:38:30+00:00,W2652,,RETROFIT_COMPLETED,WS_02,COMPLETED,,
8798.5,2025-12-07T02:38:30+00:00,W8383,,RETROFIT_COMPLETED,WS_02,COMPLETED,,
8806.0,2025-12-07T02:46:00+00:00,W2386,,PARKED,parking15,PARKED,,
8806.0,2025-12-07T02:46:00+00:00,W10254,,PARKED,parking15,PARKED,,
8806.0,2025-12-07T02:46:00+00:00,W6592,,PARKED,parking15,PARKED,,
8806.0,2025-12-07T02:46:00+00:00,W12057,,PARKED,parking15,PARKED,,
8824.5,2025-12-07T03:04:30+00:00,W12385,,RETROFIT_COMPLETED,WS_01,COMPLETED,,
8824.5,2025-12-07T03:04:30+00:00,W11539,,RETROFIT_COMPLETED,WS_01,COMPLETED,,
8832.5,2025-12-07T03:12:30+00:00,W2701,,MOVING,collection2,MOVING,,
8871.0,2025-12-07T03:51:00+00:00,W2652,,RAKE_COUPLING_STARTED,WS_02,COUPLING,,
8871.0,2025-12-07T03:51:00+00:00,W8383,,RAKE_COUPLING_STARTED,WS_02,COUPLING,,
8873.0,2025-12-07T03:53:00+00:00,W2652,,RAKE_COUPLING_COMPLETED,WS_02,WAITING,,
8873.0,2025-12-07T03:53:00+00:00,W8383,,RAKE_COUPLING_COMPLETED,WS_02,WAITING,,
8873.0,2025-12-07T03:53:00+00:00,W2652,,MOVING,WS_02,MOVING,,
8873.0,2025-12-07T03:53:00+00:00,W8383,,MOVING,WS_02,MOVING,,
8878.0,2025-12-07T03:58:00+00:00,W2652,,ON_RETROFITTED_TRACK,retrofitted,WAITING,,
8878.0,2025-12-07T03:58:00+00:00,W8383,,ON_RETROFITTED_TRACK,retrofitted,WAITING,,
8888.0,2025-12-07T04:08:00+00:00,W12385,,RAKE_COUPLING_STARTED,WS_01,COUPLING,,
8888.0,2025-12-07T04:08:00+00:00,W11539,,RAKE_COUPLING_STARTED,WS_01,COUPLING,,
8890.0,2025-12-07T04:10:00+00:00,W12385,,RAKE_COUPLING_COMPLETED,WS_01,WAITING,,
8890.0,2025-12-07T04:10:00+00:00,W11539,,RAKE_COUPLING_COMPLETED,WS_01,WAITING,,
8890.0,2025-12-07T04:10:00+00:00,W12385,,MOVING,WS_01,MOVING,,
8890.0,2025-12-07T04:10:00+00:00,W11539,,MOVING,WS_01,MOVING,,
8892.5,2025-12-07T04:12:30+00:00,W2701,,ON_RETROFIT_TRACK,retrofit,WAITING,,
8895.0,2025-12-07T04:15:00+00:00,W12385,,ON_RETROFITTED_TRACK,retrofitted,WAITING,,
8895.0,2025-12-07T04:15:00+00:00,W11539,,ON_RETROFITTED_TRACK,retrofitted,WAITING,,
8910.0,2025-12-07T04:30:00+00:00,W4532,,MOVING,retrofit,MOVING,,
8910.0,2025-12-07T04:30:00+00:00,W8676,,MOVING,retrofit,MOVING,,
8910.5,2025-12-07T04:30:30+00:00,W4478,,MOVING,retrofit,MOVING,,
8910.5,2025-12-07T04:30:30+00:00,W8381,,MOVING,retrofit,MOVING,,
8915.0,2025-12-07T04:35:00+00:00,W4532,,AT_WORKSHOP,WS_02,ARRIVED,,
8915.0,2025-12-07T04:35:00+00:00,W8676,,AT_WORKSHOP,WS_02,ARRIVED,,
8915.5,2025-12-07T04:35:30+00:00,W4478,,AT_WORKSHOP,WS_01,ARRIVED,,
8915.5,2025-12-07T04:35:30+00:00,W8381,,AT_WORKSHOP,WS_01,ARRIVED,,
8921.0,2025-12-07T04:41:00+00:00,W4532,,RETROFIT_STARTED,WS_02,PROCESSING,,
8921.0,2025-12-07T04:41:00+00:00,W8676,,RETROFIT_STARTED,WS_02,PROCESSING,,
8921.5,2025-12-07T04:41:30+00:00,W4478,,RETROFIT_STARTED,WS_01,PROCESSING,,
8921.5,2025-12-07T04:41:30+00:00,W8381,,RETROFIT_STARTED,WS_01,PROCESSING,,
8981.0,2025-12-07T05:41:00+00:00,W4532,,RETROFIT_COMPLETED,WS_02,COMPLETED,,
8981.0,2025-12-07T05:41:00+00:00,W8676,,RETROFIT_COMPLETED,WS_02,COMPLETED,,
8981.5,2025-12-07T05:41:30+00:00,W4478,,RETROFIT_COMPLETED,WS_01,COMPLETED,,
8981.5,2025-12-07T05:41:30+00:00,W8381,,RETROFIT_COMPLETED,WS_01,COMPLETED,,
8986.5,2025-12-07T05:46:30+00:00,W0677,,RAKE_COUPLING_STARTED,collection1,COUPLING,,
8986.5,2025-12-07T05:46:30+00:00,W6634,,RAKE_COUPLING_STARTED,collection1,COUPLING,,
8986.5,2025-12-07T05:46:30+00:00,W7316,,RAKE_COUPLING_STARTED,collection1,COUPLING,,
8986.5,2025-12-07T05:46:30+00:00,W9534,,RAKE_COUPLING_STARTED,collection1,COUPLING,,
8995.5,2025-12-07T05:55:30+00:00,W0677,,MOVING,collection1,MOVING,,
8995.5,2025-12-07T05:55:30+00:00,W6634,,MOVING,collection1,MOVING,,
8995.5,2025-12-07T05:55:30+00:00,W7316,,MOVING,collection1,MOVING,,
8995.5,2025-12-07T05:55:30+00:00,W9534,,MOVING,collection1,MOVING,,
9012.5,2025-12-07T06:12:30+00:00,W2136,,PARKED,parking13,PARKED,,
9012.5,2025-12-07T06:12:30+00:00,W5282,,PARKED,parking13,PARKED,,
9012.5,2025-12-07T06:12:30+00:00,W9940,,PARKED,parking13,PARKED,,
9012.5,2025-12-07T06:12:30+00:00,W9081,,PARKED,parking13,PARKED,,
9055.5,2025-12-07T06:55:30+00:00,W0677,,ON_RETROFIT_TRACK,retrofit,WAITING,,
9055.5,2025-12-07T06:55:30+00:00,W6634,,ON_RETROFIT_TRACK,retrofit,WAITING,,
9055.5,2025-12-07T06:55:30+00:00,W7316,,ON_RETROFIT_TRACK,retrofit,WAITING,,
9055.5,2025-12-07T06:55:30+00:00,W9534,,ON_RETROFIT_TRACK,retrofit,WAITING,,
9077.5,2025-12-07T07:17:30+00:00,W4532,,RAKE_COUPLING_STARTED,WS_02,COUPLING,,
9077.5,2025-12-07T07:17:30+00:00,W8676,,RAKE_COUPLING_STARTED,WS_02,COUPLING,,
9079.5,2025-12-07T07:19:30+00:00,W4532,,RAKE_COUPLING_COMPLETED,WS_02,WAITING,,
9079.5,2025-12-07T07:19:30+00:00,W8676,,RAKE_COUPLING_COMPLETED,WS_02,WAITING,,
9079.5,2025-12-07T07:19:30+00:00,W4532,,MOVING,WS_02,MOVING,,
9079.5,2025-12-07T07:19:30+00:00,W8676,,MOVING,WS_02,MOVING,,
9084.25,2025-12-07T07:24:15+00:00,W11256,T120,REJECTED,REJECTED,REJECTED_NO_RETROFIT_NEEDED,No Retrofit Needed,Wagon doesn't need retrofit
9084.25,2025-12-07T07:24:15+00:00,W10878,T120,REJECTED,REJECTED,REJECTED_NO_RETROFIT_NEEDED,No Retrofit Needed,Wagon doesn't need retrofit
9084.25,2025-12-07T07:24:15+00:00,W10772,T120,ARRIVED,collection1,ARRIVED,,
9084.25,2025-12-07T07:24:15+00:00,W5316,T120,ARRIVED,collection1,ARRIVED,,
9084.25,2025-12-07T07:24:15+00:00,W9043,T120,ARRIVED,collection1,ARRIVED,,
9084.25,2025-12-07T07:24:15+00:00,W2149,T120,ARRIVED,collection1,ARRIVED,,
9084.25,2025-12-07T07:24:15+00:00,W5380,T120,ARRIVED,collection1,ARRIVED,,
9084.25,2025-12-07T07:24:15+00:00,W0875,T120,ARRIVED,collection1,ARRIVED,,
9084.25,2025-12-07T07:24:15+00:00,W5989,T120,ARRIVED,collection2,ARRIVED,,
9084.25,2025-12-07T07:24:15+00:00,W5415,T120,ARRIVED,collection2,ARRIVED,,
9084.25,2025-12-07T07:24:15+00:00,W12031,T120,ARRIVED,collection2,ARRIVED,,
9084.5,2025-12-07T07:24:30+00:00,W4532,,ON_RETROFITTED_TRACK,retrofitted,WAITING,,
9084.5,2025-12-07T07:24:30+00:00,W8676,,ON_RETROFITTED_TRACK,retrofitted,WAITING,,
9086.5,2025-12-07T07:26:30+00:00,W4478,,RAKE_COUPLING_STARTED,WS_01,COUPLING,,
9086.5,2025-12-07T07:26:30+00:00,W8381,,RAKE_COUPLING_STARTED,WS_01,COUPLING,,
9088.5,2025-12-07T07:28:30+00:00,W4478,,RAKE_COUPLING_COMPLETED,WS_01,WAITING,,
9088.5,2025-12-07T07:28:30+00:00,W8381,,RAKE_COUPLING_COMPLETED,WS_01,WAITING,,
9088.5,2025-12-07T07:28:30+00:00,W4478,,MOVING,WS_01,MOVING,,
9088.5,2025-12-07T07:28:30+00:00,W8381,,MOVING,WS_01,MOVING,,
9093.5,2025-12-07T07:33:30+00:00,W4478,,ON_RETROFITTED_TRACK,retrofitted,WAITING,,
9093.5,2025-12-07T07:33:30+00:00,W8381,,ON_RETROFITTED_TRACK,retrofitted,WAITING,,
9108.5,2025-12-07T07:48:30+00:00,W5845,,MOVING,retrofit,MOVING,,
9108.5,2025-12-07T07:48:30+00:00,W5248,,MOVING,retrofit,MOVING,,
9113.5,2025-12-07T07:53:30+00:00,W5845,,AT_WORKSHOP,WS_02,ARRIVED,,
9113.5,2025-12-07T07:53:30+00:00,W5248,,AT_WORKSHOP,WS_02,ARRIVED,,
9119.5,2025-12-07T07:59:30+00:00,W5845,,RETROFIT_STARTED,WS_02,PROCESSING,,
9119.5,2025-12-07T07:59:30+00:00,W5248,,RETROFIT_STARTED,WS_02,PROCESSING,,
9134.5,2025-12-07T08:14:30+00:00,W0282,,MOVING,retrofit,MOVING,,
9134.5,2025-12-07T08:14:30+00:00,W9067,,MOVING,retrofit,MOVING,,
9139.5,2025-12-07T08:19:30+00:00,W0282,,AT_WORKSHOP,WS_01,ARRIVED,,
9139.5,2025-12-07T08:19:30+00:00,W9067,,AT_WORKSHOP,WS_01,ARRIVED,,
9145.5,2025-12-07T08:25:30+00:00,W0282,,RETROFIT_STARTED,WS_01,PROCESSING,,
9145.5,2025-12-07T08:25:30+00:00,W9067,,RETROFIT_STARTED,WS_01,PROCESSING,,
9161.0,2025-12-07T08:41:00+00:00,W2652,,PARKED,parking10,PARKED,,
9161.0,2025-12-07T08:41:00+00:00,W8383,,PARKED,parking10,PARKED,,
9161.0,2025-12-07T08:41:00+00:00,W12385,,PARKED,parking10,PARKED,,
9161.0,2025-12-07T08:41:00+00:00,W11539,,PARKED,parking10,PARKED,,
9179.5,2025-12-07T08:59:30+00:00,W5845,,RETROFIT_COMPLETED,WS_02,COMPLETED,,
9179.5,2025-12-07T08:59:30+00:00,W5248,,RETROFIT_COMPLETED,WS_02,COMPLETED,,
9185.25,2025-12-07T09:05:15+00:00,W12208,T121,REJECTED,REJECTED,REJECTED_NO_RETROFIT_NEEDED,No Retrofit Needed,Wagon doesn't need retrofit
9185.25,2025-12-07T09:05:15+00:00,W11259,T121,REJECTED,REJECTED,REJECTED_NO_RETROFIT_NEEDED,No Retrofit Needed,Wagon doesn't need retrofit
9185.25,2025-12-07T09:05:15+00:00,W0962,T121,REJECTED,REJECTED,REJECTED,NO_COLLECTION_TRACK,No collection track available
9185.25,2025-12-07T09:05:15+00:00,W8714,T121,ARRIVED,collection2,ARRIVED,,
9185.25,2025-12-07T09:05:15+00:00,W7877,T121,ARRIVED,collection2,ARRIVED,,
9185.25,2025-12-07T09:05:15+00:00,W5280,T121,ARRIVED,collection2,ARRIVED,,
9185.25,2025-12-07T09:05:15+00:00,W7897,T121,ARRIVED,collection2,ARRIVED,,
9205.5,2025-12-07T09:25:30+00:00,W0282,,RETROFIT_COMPLETED,WS_01,COMPLETED,,
9205.5,2025-12-07T09:25:30+00:00,W9067,,RETROFIT_COMPLETED,WS_01,COMPLETED,,
9210.5,2025-12-07T09:30:30+00:00,W8570,,RAKE_COUPLING_STARTED,collection2,COUPLING,,
9210.5,2025-12-07T09:30:30+00:00,W8578,,RAKE_COUPLING_STARTED,collection2,COUPLING,,
9210.5,2025-12-07T09:30:30+00:00,W0948,,RAKE_COUPLING_STARTED,collection2,COUPLING,,
9210.5,2025-12-07T09:30:30+00:00,W9358,,RAKE_COUPLING_STARTED,collection2,COUPLING,,
9210.5,2025-12-07T09:30:30+00:00,W11195,,RAKE_COUPLING_STARTED,collection2,COUPLING,,
9210.5,2025-12-07T09:30:30+00:00,W0367,,RAKE_COUPLING_STARTED,collection2,COUPLING,,
9223.5,2025-12-07T09:43:30+00:00,W8570,,MOVING,collection2,MOVING,,
9223.5,2025-12-07T09:43:30+00:00,W8578,,MOVING,collection2,MOVING,,
9223.5,2025-12-07T09:43:30+00:00,W0948,,MOVING,collection2,MOVING,,
9223.5,2025-12-07T09:43:30+00:00,W9358,,MOVING,collection2,MOVING,,
9223.5,2025-12-07T09:43:30+00:00,W11195,,MOVING,collection2,MOVING,,
9223.5,2025-12-07T09:43:30+00:00,W0367,,MOVING,collection2,MOVING,,
9226.0,2025-12-07T09:46:00+00:00,W5845,,RAKE_COUPLING_STARTED,WS_02,COUPLING,,
9226.0,2025-12-07T09:46:00+00:00,W5248,,RAKE_COUPLING_STARTED,WS_02,COUPLING,,
9228.0,2025-12-07T09:48:00+00:00,W5845,,RAKE_COUPLING_COMPLETED,WS_02,WAITING,,
9228.0,2025-12-07T09:48:00+00:00,W5248,,RAKE_COUPLING_COMPLETED,WS_02,WAITING,,
9228.0,2025-12-07T09:48:00+00:00,W5845,,MOVING,WS_02,MOVING,,
9228.0,2025-12-07T09:48:00+00:00,W5248,,MOVING,WS_02,MOVING,,
9233.0,2025-12-07T09:53:00+00:00,W5845,,ON_RETROFITTED_TRACK,retrofitted,WAITING,,
9233.0,2025-12-07T09:53:00+00:00,W5248,,ON_RETROFITTED_TRACK,retrofitted,WAITING,,
9243.0,2025-12-07T10:03:00+00:00,W0282,,RAKE_COUPLING_STARTED,WS_01,COUPLING,,
9243.0,2025-12-07T10:03:00+00:00,W9067,,RAKE_COUPLING_STARTED,WS_01,COUPLING,,
9245.0,2025-12-07T10:05:00+00:00,W0282,,RAKE_COUPLING_COMPLETED,WS_01,WAITING,,
9245.0,2025-12-07T10:05:00+00:00,W9067,,RAKE_COUPLING_COMPLETED,WS_01,WAITING,,
9245.0,2025-12-07T10:05:00+00:00,W0282,,MOVING,WS_01,MOVING,,
9245.0,2025-12-07T10:05:00+00:00,W9067,,MOVING,WS_01,MOVING,,
9250.0,2025-12-07T10:10:00+00:00,W0282,,ON_RETROFITTED_TRACK,retrofitted,WAITING,,
9250.0,2025-12-07T10:10:00+00:00,W9067,,ON_RETROFITTED_TRACK,retrofitted,WAITING,,
9265.0,2025-12-07T10:25:00+00:00,W2701,,MOVING,retrofit,MOVING,,
9265.0,2025-12-07T10:25:00+00:00,W0677,,MOVING,retrofit,MOVING,,
9270.0,2025-12-07T10:30:00+00:00,W2701,,AT_WORKSHOP,WS_02,ARRIVED,,
9270.0,2025-12-07T10:30:00+00:00,W0677,,AT_WORKSHOP,WS_02,ARRIVED,,
9276.0,2025-12-07T10:36:00+00:00,W2701,,RETROFIT_STARTED,WS_02,PROCESSING,,
9276.0,2025-12-07T10:36:00+00:00,W0677,,RETROFIT_STARTED,WS_02,PROCESSING,,
9283.5,2025-12-07T10:43:30+00:00,W8570,,ON_RETROFIT_TRACK,retrofit,WAITING,,
9283.5,2025-12-07T10:43:30+00:00,W8578,,ON_RETROFIT_TRACK,retrofit,WAITING,,
9283.5,2025-12-07T10:43:30+00:00,W0948,,ON_RETROFIT_TRACK,retrofit,WAITING,,
9283.5,2025-12-07T10:43:30+00:00,W9358,,ON_RETROFIT_TRACK,retrofit,WAITING,,
9283.5,2025-12-07T10:43:30+00:00,W11195,,ON_RETROFIT_TRACK,retrofit,WAITING,,
9283.5,2025-12-07T10:43:30+00:00,W0367,,ON_RETROFIT_TRACK,retrofit,WAITING,,
9291.0,2025-12-07T10:51:00+00:00,W6634,,MOVING,retrofit,MOVING,,
9291.0,2025-12-07T10:51:00+00:00,W7316,,MOVING,retrofit,MOVING,,
9296.0,2025-12-07T10:56:00+00:00,W6634,,AT_WORKSHOP,WS_01,ARRIVED,,
9296.0,2025-12-07T10:56:00+00:00,W7316,,AT_WORKSHOP,WS_01,ARRIVED,,
9300.5,2025-12-07T11:00:30+00:00,W5248,T122,REJECTED,REJECTED,REJECTED_NO_RETROFIT_NEEDED,No Retrofit Needed,Wagon doesn't need retrofit
9300.5,2025-12-07T11:00:30+00:00,W5310,T122,REJECTED,REJECTED,REJECTED_NO_RETROFIT_NEEDED,No Retrofit Needed,Wagon doesn't need retrofit
9302.0,2025-12-07T11:02:00+00:00,W6634,,RETROFIT_STARTED,WS_01,PROCESSING,,
9302.0,2025-12-07T11:02:00+00:00,W7316,,RETROFIT_STARTED,WS_01,PROCESSING,,
9336.0,2025-12-07T11:36:00+00:00,W2701,,RETROFIT_COMPLETED,WS_02,COMPLETED,,
9336.0,2025-12-07T11:36:00+00:00,W0677,,RETROFIT_COMPLETED,WS_02,COMPLETED,,
9337.25,2025-12-07T11:37:15+00:00,W10441,T123,ARRIVED,collection2,ARRIVED,,
9337.25,2025-12-07T11:37:15+00:00,W10435,T123,ARRIVED,collection2,ARRIVED,,
9362.0,2025-12-07T12:02:00+00:00,W6634,,RETROFIT_COMPLETED,WS_01,COMPLETED,,
9362.0,2025-12-07T12:02:00+00:00,W7316,,RETROFIT_COMPLETED,WS_01,COMPLETED,,
9378.5,2025-12-07T12:18:30+00:00,W4532,,PARKED,parking12,PARKED,,
9378.5,2025-12-07T12:18:30+00:00,W8676,,PARKED,parking12,PARKED,,
9378.5,2025-12-07T12:18:30+00:00,W4478,,PARKED,parking12,PARKED,,
9378.5,2025-12-07T12:18:30+00:00,W8381,,PARKED,parking12,PARKED,,
9384.5,2025-12-07T12:24:30+00:00,W11953,,MOVING,collection1,MOVING,,
9400.75,2025-12-07T12:40:45+00:00,W1122,T124,ARRIVED,collection2,ARRIVED,,
9400.75,2025-12-07T12:40:45+00:00,W1120,T124,ARRIVED,collection2,ARRIVED,,
9443.5,2025-12-07T13:23:30+00:00,W2701,,RAKE_COUPLING_STARTED,WS_02,COUPLING,,
9443.5,2025-12-07T13:23:30+00:00,W0677,,RAKE_COUPLING_STARTED,WS_02,COUPLING,,
9444.25,2025-12-07T13:24:15+00:00,W0943,T125,REJECTED,REJECTED,REJECTED_NO_RETROFIT_NEEDED,No Retrofit Needed,Wagon doesn't need retrofit
9444.25,2025-12-07T13:24:15+00:00,W10081,T125,REJECTED,REJECTED,REJECTED_NO_RETROFIT_NEEDED,No Retrofit Needed,Wagon doesn't need retrofit
9444.25,2025-12-07T13:24:15+00:00,W10881,T125,REJECTED,REJECTED,REJECTED_NO_RETROFIT_NEEDED,No Retrofit Needed,Wagon doesn't need retrofit
9444.25,2025-12-07T13:24:15+00:00,W11516,T125,REJECTED,REJECTED,REJECTED,NO_COLLECTION_TRACK,No collection track available
9444.25,2025-12-07T13:24:15+00:00,W5434,T125,REJECTED,REJECTED,REJECTED,NO_COLLECTION_TRACK,No collection track available
9444.25,2025-12-07T13:24:15+00:00,W11518,T125,ARRIVED,collection2,ARRIVED,,
9444.25,2025-12-07T13:24:15+00:00,W9071,T125,ARRIVED,collection2,ARRIVED,,
9444.5,2025-12-07T13:24:30+00:00,W11953,,ON_RETROFIT_TRACK,retrofit,WAITING,,
9445.5,2025-12-07T13:25:30+00:00,W2701,,RAKE_COUPLING_COMPLETED,WS_02,WAITING,,
9445.5,2025-12-07T13:25:30+00:00,W0677,,RAKE_COUPLING_COMPLETED,WS_02,WAITING,,
9445.5,2025-12-07T13:25:30+00:00,W2701,,MOVING,WS_02,MOVING,,
9445.5,2025-12-07T13:25:30+00:00,W0677,,MOVING,WS_02,MOVING,,
9450.5,2025-12-07T13:30:30+00:00,W2701,,ON_RETROFITTED_TRACK,retrofitted,WAITING,,
9450.5,2025-12-07T13:30:30+00:00,W0677,,ON_RETROFITTED_TRACK,retrofitted,WAITING,,
9457.5,2025-12-07T13:37:30+00:00,W6634,,RAKE_COUPLING_STARTED,WS_01,COUPLING,,
9457.5,2025-12-07T13:37:30+00:00,W7316,,RAKE_COUPLING_STARTED,WS_01,COUPLING,,
9459.5,2025-12-07T13:39:30+00:00,W6634,,RAKE_COUPLING_COMPLETED,WS_01,WAITING,,
9459.5,2025-12-07T13:39:30+00:00,W7316,,RAKE_COUPLING_COMPLETED,WS_01,WAITING,,
9459.5,2025-12-07T13:39:30+00:00,W6634,,MOVING,WS_01,MOVING,,
9459.5,2025-12-07T13:39:30+00:00,W7316,,MOVING,WS_01,MOVING,,
9464.5,2025-12-07T13:44:30+00:00,W6634,,ON_RETROFITTED_TRACK,retrofitted,WAITING,,
9464.5,2025-12-07T13:44:30+00:00,W7316,,ON_RETROFITTED_TRACK,retrofitted,WAITING,,
9472.0,2025-12-07T13:52:00+00:00,W5845,,PARKED,parking1,PARKED,,
9472.0,2025-12-07T13:52:00+00:00,W5248,,PARKED,parking1,PARKED,,
9472.0,2025-12-07T13:52:00+00:00,W0282,,PARKED,parking1,PARKED,,
9472.0,2025-12-07T13:52:00+00:00,W9067,,PARKED,parking1,PARKED,,
9479.5,2025-12-07T13:59:30+00:00,W9534,,MOVING,retrofit,MOVING,,
9479.5,2025-12-07T13:59:30+00:00,W8570,,MOVING,retrofit,MOVING,,
9484.5,2025-12-07T14:04:30+00:00,W9534,,AT_WORKSHOP,WS_02,ARRIVED,,
9484.5,2025-12-07T14:04:30+00:00,W8570,,AT_WORKSHOP,WS_02,ARRIVED,,
9487.0,2025-12-07T14:07:00+00:00,W8578,,MOVING,retrofit,MOVING,,
9487.0,2025-12-07T14:07:00+00:00,W0948,,MOVING,retrofit,MOVING,,
9490.5,2025-12-07T14:10:30+00:00,W9534,,RETROFIT_STARTED,WS_02,PROCESSING,,
9490.5,2025-12-07T14:10:30+00:00,W8570,,RETROFIT_STARTED,WS_02,PROCESSING,,
9492.0,2025-12-07T14:12:00+00:00,W8578,,AT_WORKSHOP,WS_01,ARRIVED,,
9492.0,2025-12-07T14:12:00+00:00,W0948,,AT_WORKSHOP,WS_01,ARRIVED,,
9498.0,2025-12-07T14:18:00+00:00,W8578,,RETROFIT_STARTED,WS_01,PROCESSING,,
9498.0,2025-12-07T14:18:00+00:00,W0948,,RETROFIT_STARTED,WS_01,PROCESSING,,
9529.5,2025-12-07T14:49:30+00:00,W10348,T126,REJECTED,REJECTED,REJECTED,NO_COLLECTION_TRACK,No collection track available
9529.5,2025-12-07T14:49:30+00:00,W10272,T126,REJECTED,REJECTED,REJECTED,NO_COLLECTION_TRACK,No collection track available
9529.5,2025-12-07T14:49:30+00:00,W10292,T126,REJECTED,REJECTED,REJECTED,NO_COLLECTION_TRACK,No collection track available
9550.5,2025-12-07T15:10:30+00:00,W9534,,RETROFIT_COMPLETED,WS_02,COMPLETED,,
9550.5,2025-12-07T15:10:30+00:00,W8570,,RETROFIT_COMPLETED,WS_02,COMPLETED,,
9558.0,2025-12-07T15:18:00+00:00,W8578,,RETROFIT_COMPLETED,WS_01,COMPLETED,,
9558.0,2025-12-07T15:18:00+00:00,W0948,,RETROFIT_COMPLETED,WS_01,COMPLETED,,
9563.0,2025-12-07T15:23:00+00:00,W0411,,RAKE_COUPLING_STARTED,collection2,COUPLING,,
9563.0,2025-12-07T15:23:00+00:00,W4337,,RAKE_COUPLING_STARTED,collection2,COUPLING,,
9563.0,2025-12-07T15:23:00+00:00,W2166,,RAKE_COUPLING_STARTED,collection2,COUPLING,,
9563.0,2025-12-07T15:23:00+00:00,W4457,,RAKE_COUPLING_STARTED,collection2,COUPLING,,
9563.0,2025-12-07T15:23:00+00:00,W5612,,RAKE_COUPLING_STARTED,collection2,COUPLING,,
9563.0,2025-12-07T15:23:00+00:00,W0928,,RAKE_COUPLING_STARTED,collection2,COUPLING,,
9563.0,2025-12-07T15:23:00+00:00,W12177,,RAKE_COUPLING_STARTED,collection2,COUPLING,,
9578.0,2025-12-07T15:38:00+00:00,W0411,,MOVING,collection2,MOVING,,
9578.0,2025-12-07T15:38:00+00:00,W4337,,MOVING,collection2,MOVING,,
9578.0,2025-12-07T15:38:00+00:00,W2166,,MOVING,collection2,MOVING,,
9578.0,2025-12-07T15:38:00+00:00,W4457,,MOVING,collection2,MOVING,,
9578.0,2025-12-07T15:38:00+00:00,W5612,,MOVING,collection2,MOVING,,
9578.0,2025-12-07T15:38:00+00:00,W0928,,MOVING,collection2,MOVING,,
9578.0,2025-12-07T15:38:00+00:00,W12177,,MOVING,collection2,MOVING,,
9627.0,2025-12-07T16:27:00+00:00,W2701,,PARKED,parking16,PARKED,,
9627.0,2025-12-07T16:27:00+00:00,W0677,,PARKED,parking16,PARKED,,
9627.0,2025-12-07T16:27:00+00:00,W6634,,PARKED,parking16,PARKED,,
9627.0,2025-12-07T16:27:00+00:00,W7316,,PARKED,parking16,PARKED,,
9638.0,2025-12-07T16:38:00+00:00,W0411,,ON_RETROFIT_TRACK,retrofit,WAITING,,
9638.0,2025-12-07T16:38:00+00:00,W4337,,ON_RETROFIT_TRACK,retrofit,WAITING,,
9638.0,2025-12-07T16:38:00+00:00,W2166,,ON_RETROFIT_TRACK,retrofit,WAITING,,
9638.0,2025-12-07T16:38:00+00:00,W4457,,ON_RETROFIT_TRACK,retrofit,WAITING,,
9638.0,2025-12-07T16:38:00+00:00,W5612,,ON_RETROFIT_TRACK,retrofit,WAITING,,
9638.0,2025-12-07T16:38:00+00:00,W0928,,ON_RETROFIT_TRACK,retrofit,WAITING,,
9638.0,2025-12-07T16:38:00+00:00,W12177,,ON_RETROFIT_TRACK,retrofit,WAITING,,
9684.0,2025-12-07T17:24:00+00:00,W318166502860,T127,REJECTED,REJECTED,REJECTED_NO_RETROFIT_NEEDED,No Retrofit Needed,Wagon doesn't need retrofit
9684.0,2025-12-07T17:24:00+00:00,W2696,T127,REJECTED,REJECTED,REJECTED_NO_RETROFIT_NEEDED,No Retrofit Needed,Wagon doesn't need retrofit
9684.0,2025-12-07T17:24:00+00:00,W4506,T127,ARRIVED,collection2,ARRIVED,,
9684.0,2025-12-07T17:24:00+00:00,W1439,T127,ARRIVED,collection2,ARRIVED,,
9687.0,2025-12-07T17:27:00+00:00,W9534,,RAKE_COUPLING_STARTED,WS_02,COUPLING,,
9687.0,2025-12-07T17:27:00+00:00,W8570,,RAKE_COUPLING_STARTED,WS_02,COUPLING,,
9689.0,2025-12-07T17:29:00+00:00,W9534,,RAKE_COUPLING_COMPLETED,WS_02,WAITING,,
9689.0,2025-12-07T17:29:00+00:00,W8570,,RAKE_COUPLING_COMPLETED,WS_02,WAITING,,
9689.0,2025-12-07T17:29:00+00:00,W9534,,MOVING,WS_02,MOVING,,
9689.0,2025-12-07T17:29:00+00:00,W8570,,MOVING,WS_02,MOVING,,
9692.0,2025-12-07T17:32:00+00:00,W8578,,RAKE_COUPLING_STARTED,WS_01,COUPLING,,
9692.0,2025-12-07T17:32:00+00:00,W0948,,RAKE_COUPLING_STARTED,WS_01,COUPLING,,
9694.0,2025-12-07T17:34:00+00:00,W8578,,RAKE_COUPLING_COMPLETED,WS_01,WAITING,,
9694.0,2025-12-07T17:34:00+00:00,W0948,,RAKE_COUPLING_COMPLETED,WS_01,WAITING,,
9694.0,2025-12-07T17:34:00+00:00,W8578,,MOVING,WS_01,MOVING,,
9694.0,2025-12-07T17:34:00+00:00,W0948,,MOVING,WS_01,MOVING,,
9694.0,2025-12-07T17:34:00+00:00,W9534,,ON_RETROFITTED_TRACK,retrofitted,WAITING,,
9694.0,2025-12-07T17:34:00+00:00,W8570,,ON_RETROFITTED_TRACK,retrofitted,WAITING,,
9699.0,2025-12-07T17:39:00+00:00,W8578,,ON_RETROFITTED_TRACK,retrofitted,WAITING,,
9699.0,2025-12-07T17:39:00+00:00,W0948,,ON_RETROFITTED_TRACK,retrofitted,WAITING,,
9706.0,2025-12-07T17:46:00+00:00,W0128,T128,REJECTED,REJECTED,REJECTED_NO_RETROFIT_NEEDED,No Retrofit Needed,Wagon doesn't need retrofit
9706.0,2025-12-07T17:46:00+00:00,W4605,T128,REJECTED,REJECTED,REJECTED_NO_RETROFIT_NEEDED,No Retrofit Needed,Wagon doesn't need retrofit
9714.0,2025-12-07T17:54:00+00:00,W9358,,MOVING,retrofit,MOVING,,
9714.0,2025-12-07T17:54:00+00:00,W11195,,MOVING,retrofit,MOVING,,
9719.0,2025-12-07T17:59:00+00:00,W9358,,AT_WORKSHOP,WS_02,ARRIVED,,
9719.0,2025-12-07T17:59:00+00:00,W11195,,AT_WORKSHOP,WS_02,ARRIVED,,
9725.0,2025-12-07T18:05:00+00:00,W9358,,RETROFIT_STARTED,WS_02,PROCESSING,,
9725.0,2025-12-07T18:05:00+00:00,W11195,,RETROFIT_STARTED,WS_02,PROCESSING,,
9740.0,2025-12-07T18:20:00+00:00,W0367,,MOVING,retrofit,MOVING,,
9740.0,2025-12-07T18:20:00+00:00,W11953,,MOVING,retrofit,MOVING,,
9745.0,2025-12-07T18:25:00+00:00,W0367,,AT_WORKSHOP,WS_01,ARRIVED,,
9745.0,2025-12-07T18:25:00+00:00,W11953,,AT_WORKSHOP,WS_01,ARRIVED,,
9751.0,2025-12-07T18:31:00+00:00,W0367,,RETROFIT_STARTED,WS_01,PROCESSING,,
9751.0,2025-12-07T18:31:00+00:00,W11953,,RETROFIT_STARTED,WS_01,PROCESSING,,
9782.5,2025-12-07T19:02:30+00:00,W9534,,PARKED,parking14,PARKED,,
9782.5,2025-12-07T19:02:30+00:00,W8570,,PARKED,parking14,PARKED,,
9785.0,2025-12-07T19:05:00+00:00,W9358,,RETROFIT_COMPLETED,WS_02,COMPLETED,,
9785.0,2025-12-07T19:05:00+00:00,W11195,,RETROFIT_COMPLETED,WS_02,COMPLETED,,
9800.25,2025-12-07T19:20:15+00:00,W3210,T129,REJECTED,REJECTED,REJECTED_NO_RETROFIT_NEEDED,No Retrofit Needed,Wagon doesn't need retrofit
9800.25,2025-12-07T19:20:15+00:00,W0002,T129,REJECTED,REJECTED,REJECTED_NO_RETROFIT_NEEDED,No Retrofit Needed,Wagon doesn't need retrofit
9800.25,2025-12-07T19:20:15+00:00,W11510,T129,REJECTED,REJECTED,REJECTED_NO_RETROFIT_NEEDED,No Retrofit Needed,Wagon doesn't need retrofit
9800.25,2025-12-07T19:20:15+00:00,W9143,T129,ARRIVED,collection1,ARRIVED,,
9800.25,2025-12-07T19:20:15+00:00,W10883,T129,ARRIVED,collection2,ARRIVED,,
9800.25,2025-12-07T19:20:15+00:00,W10896,T129,ARRIVED,collection2,ARRIVED,,
9811.0,2025-12-07T19:31:00+00:00,W0367,,RETROFIT_COMPLETED,WS_01,COMPLETED,,
9811.0,2025-12-07T19:31:00+00:00,W11953,,RETROFIT_COMPLETED,WS_01,COMPLETED,,
9819.0,2025-12-07T19:39:00+00:00,W9237,,MOVING,collection1,MOVING,,
9847.5,2025-12-07T20:07:30+00:00,W9358,,RAKE_COUPLING_STARTED,WS_02,COUPLING,,
9847.5,2025-12-07T20:07:30+00:00,W11195,,RAKE_COUPLING_STARTED,WS_02,COUPLING,,
9849.5,2025-12-07T20:09:30+00:00,W9358,,RAKE_COUPLING_COMPLETED,WS_02,WAITING,,
9849.5,2025-12-07T20:09:30+00:00,W11195,,RAKE_COUPLING_COMPLETED,WS_02,WAITING,,
9849.5,2025-12-07T20:09:30+00:00,W9358,,MOVING,WS_02,MOVING,,
9849.5,2025-12-07T20:09:30+00:00,W11195,,MOVING,WS_02,MOVING,,
9854.5,2025-12-07T20:14:30+00:00,W9358,,ON_RETROFITTED_TRACK,retrofitted,WAITING,,
9854.5,2025-12-07T20:14:30+00:00,W11195,,ON_RETROFITTED_TRACK,retrofitted,WAITING,,
9864.5,2025-12-07T20:24:30+00:00,W0367,,RAKE_COUPLING_STARTED,WS_01,COUPLING,,
9864.5,2025-12-07T20:24:30+00:00,W11953,,RAKE_COUPLING_STARTED,WS_01,COUPLING,,
9866.5,2025-12-07T20:26:30+00:00,W0367,,RAKE_COUPLING_COMPLETED,WS_01,WAITING,,
9866.5,2025-12-07T20:26:30+00:00,W11953,,RAKE_COUPLING_COMPLETED,WS_01,WAITING,,
9866.5,2025-12-07T20:26:30+00:00,W0367,,MOVING,WS_01,MOVING,,
9866.5,2025-12-07T20:26:30+00:00,W11953,,MOVING,WS_01,MOVING,,
9871.5,2025-12-07T20:31:30+00:00,W0367,,ON_RETROFITTED_TRACK,retrofitted,WAITING,,
9871.5,2025-12-07T20:31:30+00:00,W11953,,ON_RETROFITTED_TRACK,retrofitted,WAITING,,
9879.0,2025-12-07T20:39:00+00:00,W9237,,ON_RETROFIT_TRACK,retrofit,WAITING,,
9886.5,2025-12-07T20:46:30+00:00,W0411,,MOVING,retrofit,MOVING,,
9886.5,2025-12-07T20:46:30+00:00,W4337,,MOVING,retrofit,MOVING,,
9891.5,2025-12-07T20:51:30+00:00,W0411,,AT_WORKSHOP,WS_02,ARRIVED,,
9891.5,2025-12-07T20:51:30+00:00,W4337,,AT_WORKSHOP,WS_02,ARRIVED,,
9896.5,2025-12-07T20:56:30+00:00,W10303,T130,ARRIVED,collection1,ARRIVED,,
9896.5,2025-12-07T20:56:30+00:00,W5395,T130,ARRIVED,collection1,ARRIVED,,
9896.5,2025-12-07T20:56:30+00:00,W2774,T130,ARRIVED,collection1,ARRIVED,,
9896.5,2025-12-07T20:56:30+00:00,W10233,T130,ARRIVED,collection1,ARRIVED,,
9896.5,2025-12-07T20:56:30+00:00,W2815,T130,ARRIVED,collection1,ARRIVED,,
9897.0,2025-12-07T20:57:00+00:00,W2166,,MOVING,retrofit,MOVING,,
9897.0,2025-12-07T20:57:00+00:00,W4457,,MOVING,retrofit,MOVING,,
9897.5,2025-12-07T20:57:30+00:00,W0411,,RETROFIT_STARTED,WS_02,PROCESSING,,
9897.5,2025-12-07T20:57:30+00:00,W4337,,RETROFIT_STARTED,WS_02,PROCESSING,,
9902.0,2025-12-07T21:02:00+00:00,W2166,,AT_WORKSHOP,WS_01,ARRIVED,,
9902.0,2025-12-07T21:02:00+00:00,W4457,,AT_WORKSHOP,WS_01,ARRIVED,,
9908.0,2025-12-07T21:08:00+00:00,W2166,,RETROFIT_STARTED,WS_01,PROCESSING,,
9908.0,2025-12-07T21:08:00+00:00,W4457,,RETROFIT_STARTED,WS_01,PROCESSING,,
9957.5,2025-12-07T21:57:30+00:00,W0411,,RETROFIT_COMPLETED,WS_02,COMPLETED,,
9957.5,2025-12-07T21:57:30+00:00,W4337,,RETROFIT_COMPLETED,WS_02,COMPLETED,,
9968.0,2025-12-07T22:08:00+00:00,W2166,,RETROFIT_COMPLETED,WS_01,COMPLETED,,
9968.0,2025-12-07T22:08:00+00:00,W4457,,RETROFIT_COMPLETED,WS_01,COMPLETED,,
9973.0,2025-12-07T22:13:00+00:00,W0888,,RAKE_COUPLING_STARTED,collection2,COUPLING,,
9973.0,2025-12-07T22:13:00+00:00,W5821,,RAKE_COUPLING_STARTED,collection2,COUPLING,,
9973.0,2025-12-07T22:13:00+00:00,W6008,,RAKE_COUPLING_STARTED,collection2,COUPLING,,
9973.0,2025-12-07T22:13:00+00:00,W0293,,RAKE_COUPLING_STARTED,collection2,COUPLING,,
9973.0,2025-12-07T22:13:00+00:00,W0167,,RAKE_COUPLING_STARTED,collection2,COUPLING,,
9984.0,2025-12-07T22:24:00+00:00,W0888,,MOVING,collection2,MOVING,,
9984.0,2025-12-07T22:24:00+00:00,W5821,,MOVING,collection2,MOVING,,
9984.0,2025-12-07T22:24:00+00:00,W6008,,MOVING,collection2,MOVING,,
9984.0,2025-12-07T22:24:00+00:00,W0293,,MOVING,collection2,MOVING,,
9984.0,2025-12-07T22:24:00+00:00,W0167,,MOVING,collection2,MOVING,,
9986.0,2025-12-07T22:26:00+00:00,W8578,,PARKED,parking13,PARKED,,
9986.0,2025-12-07T22:26:00+00:00,W0948,,PARKED,parking13,PARKED,,
10041.5,2025-12-07T23:21:30+00:00,W2846,T131,ARRIVED,collection1,ARRIVED,,
10041.5,2025-12-07T23:21:30+00:00,W5760,T131,ARRIVED,collection1,ARRIVED,,
10041.5,2025-12-07T23:21:30+00:00,W6421,T131,ARRIVED,collection2,ARRIVED,,
10041.5,2025-12-07T23:21:30+00:00,W4802,T131,ARRIVED,collection1,ARRIVED,,
10044.0,2025-12-07T23:24:00+00:00,W0888,,ON_RETROFIT_TRACK,retrofit,WAITING,,
10044.0,2025-12-07T23:24:00+00:00,W5821,,ON_RETROFIT_TRACK,retrofit,WAITING,,
10044.0,2025-12-07T23:24:00+00:00,W6008,,ON_RETROFIT_TRACK,retrofit,WAITING,,
10044.0,2025-12-07T23:24:00+00:00,W0293,,ON_RETROFIT_TRACK,retrofit,WAITING,,
10044.0,2025-12-07T23:24:00+00:00,W0167,,ON_RETROFIT_TRACK,retrofit,WAITING,,
10051.0,2025-12-07T23:31:00+00:00,W0411,,RAKE_COUPLING_STARTED,WS_02,COUPLING,,
10051.0,2025-12-07T23:31:00+00:00,W4337,,RAKE_COUPLING_STARTED,WS_02,COUPLING,,
10053.0,2025-12-07T23:33:00+00:00,W0411,,RAKE_COUPLING_COMPLETED,WS_02,WAITING,,
10053.0,2025-12-07T23:33:00+00:00,W4337,,RAKE_COUPLING_COMPLETED,WS_02,WAITING,,
10053.0,2025-12-07T23:33:00+00:00,W0411,,MOVING,WS_02,MOVING,,
10053.0,2025-12-07T23:33:00+00:00,W4337,,MOVING,WS_02,MOVING,,
10058.0,2025-12-07T23:38:00+00:00,W0411,,ON_RETROFITTED_TRACK,retrofitted,WAITING,,
10058.0,2025-12-07T23:38:00+00:00,W4337,,ON_RETROFITTED_TRACK,retrofitted,WAITING,,
10065.5,2025-12-07T23:45:30+00:00,W8616,T132,REJECTED,REJECTED,REJECTED,NO_COLLECTION_TRACK,No collection track available
10068.0,2025-12-07T23:48:00+00:00,W2166,,RAKE_COUPLING_STARTED,WS_01,COUPLING,,
10068.0,2025-12-07T23:48:00+00:00,W4457,,RAKE_COUPLING_STARTED,WS_01,COUPLING,,
10070.0,2025-12-07T23:50:00+00:00,W2166,,RAKE_COUPLING_COMPLETED,WS_01,WAITING,,
10070.0,2025-12-07T23:50:00+00:00,W4457,,RAKE_COUPLING_COMPLETED,WS_01,WAITING,,
10070.0,2025-12-07T23:50:00+00:00,W2166,,MOVING,WS_01,MOVING,,
10070.0,2025-12-07T23:50:00+00:00,W4457,,MOVING,WS_01,MOVING,,
10073.25,2025-12-07T23:53:15+00:00,W10387,T133,REJECTED,REJECTED,REJECTED,NO_COLLECTION_TRACK,No collection track available
10073.25,2025-12-07T23:53:15+00:00,W10959,T133,REJECTED,REJECTED,REJECTED,NO_COLLECTION_TRACK,No collection track available
10073.25,2025-12-07T23:53:15+00:00,W1888,T133,REJECTED,REJECTED,REJECTED,NO_COLLECTION_TRACK,No collection track available
10073.25,2025-12-07T23:53:15+00:00,W0139,T133,REJECTED,REJECTED,REJECTED,NO_COLLECTION_TRACK,No collection track available
10073.25,2025-12-07T23:53:15+00:00,W10100,T133,ARRIVED,collection2,ARRIVED,,
10075.0,2025-12-07T23:55:00+00:00,W2166,,ON_RETROFITTED_TRACK,retrofitted,WAITING,,
10075.0,2025-12-07T23:55:00+00:00,W4457,,ON_RETROFITTED_TRACK,retrofitted,WAITING,,
10086.0,2025-12-08T00:06:00+00:00,W5612,,MOVING,retrofit,MOVING,,
10086.0,2025-12-08T00:06:00+00:00,W0928,,MOVING,retrofit,MOVING,,
10091.0,2025-12-08T00:11:00+00:00,W5612,,AT_WORKSHOP,WS_02,ARRIVED,,
10091.0,2025-12-08T00:11:00+00:00,W0928,,AT_WORKSHOP,WS_02,ARRIVED,,
10097.0,2025-12-08T00:17:00+00:00,W5612,,RETROFIT_STARTED,WS_02,PROCESSING,,
10097.0,2025-12-08T00:17:00+00:00,W0928,,RETROFIT_STARTED,WS_02,PROCESSING,,
10112.0,2025-12-08T00:32:00+00:00,W10330,T134,REJECTED,REJECTED,REJECTED_NO_RETROFIT_NEEDED,No Retrofit Needed,Wagon doesn't need retrofit
10112.0,2025-12-08T00:32:00+00:00,W12177,,MOVING,retrofit,MOVING,,
10112.0,2025-12-08T00:32:00+00:00,W9237,,MOVING,retrofit,MOVING,,
10117.0,2025-12-08T00:37:00+00:00,W12177,,AT_WORKSHOP,WS_01,ARRIVED,,
10117.0,2025-12-08T00:37:00+00:00,W9237,,AT_WORKSHOP,WS_01,ARRIVED,,
10122.75,2025-12-08T00:42:45+00:00,W2165,T135,ARRIVED,collection2,ARRIVED,,
10123.0,2025-12-08T00:43:00+00:00,W12177,,RETROFIT_STARTED,WS_01,PROCESSING,,
10123.0,2025-12-08T00:43:00+00:00,W9237,,RETROFIT_STARTED,WS_01,PROCESSING,,
10157.0,2025-12-08T01:17:00+00:00,W5612,,RETROFIT_COMPLETED,WS_02,COMPLETED,,
10157.0,2025-12-08T01:17:00+00:00,W0928,,RETROFIT_COMPLETED,WS_02,COMPLETED,,
10166.5,2025-12-08T01:26:30+00:00,W9358,,PARKED,parking15,PARKED,,
10166.5,2025-12-08T01:26:30+00:00,W11195,,PARKED,parking15,PARKED,,
10166.5,2025-12-08T01:26:30+00:00,W0367,,PARKED,parking15,PARKED,,
10166.5,2025-12-08T01:26:30+00:00,W11953,,PARKED,parking15,PARKED,,
10183.0,2025-12-08T01:43:00+00:00,W12177,,RETROFIT_COMPLETED,WS_01,COMPLETED,,
10183.0,2025-12-08T01:43:00+00:00,W9237,,RETROFIT_COMPLETED,WS_01,COMPLETED,,
10188.0,2025-12-08T01:48:00+00:00,W2853,,RAKE_COUPLING_STARTED,collection1,COUPLING,,
10188.0,2025-12-08T01:48:00+00:00,W2415,,RAKE_COUPLING_STARTED,collection1,COUPLING,,
10188.0,2025-12-08T01:48:00+00:00,W2112,,RAKE_COUPLING_STARTED,collection1,COUPLING,,
10188.0,2025-12-08T01:48:00+00:00,W7400,,RAKE_COUPLING_STARTED,collection1,COUPLING,,
10188.0,2025-12-08T01:48:00+00:00,W0606,,RAKE_COUPLING_STARTED,collection1,COUPLING,,
10188.0,2025-12-08T01:48:00+00:00,W10249,,RAKE_COUPLING_STARTED,collection1,COUPLING,,
10188.0,2025-12-08T01:48:00+00:00,W10814,,RAKE_COUPLING_STARTED,collection1,COUPLING,,
10188.0,2025-12-08T01:48:00+00:00,W4915,,RAKE_COUPLING_STARTED,collection1,COUPLING,,
10205.0,2025-12-08T02:05:00+00:00,W2853,,MOVING,collection1,MOVING,,
10205.0,2025-12-08T02:05:00+00:00,W2415,,MOVING,collection1,MOVING,,
10205.0,2025-12-08T02:05:00+00:00,W2112,,MOVING,collection1,MOVING,,
10205.0,2025-12-08T02:05:00+00:00,W7400,,MOVING,collection1,MOVING,,
10205.0,2025-12-08T02:05:00+00:00,W0606,,MOVING,collection1,MOVING,,
10205.0,2025-12-08T02:05:00+00:00,W10249,,MOVING,collection1,MOVING,,
10205.0,2025-12-08T02:05:00+00:00,W10814,,MOVING,collection1,MOVING,,
10205.0,2025-12-08T02:05:00+00:00,W4915,,MOVING,collection1,MOVING,,
10227.75,2025-12-08T02:27:45+00:00,W5834,T136,REJECTED,REJECTED,REJECTED_NO_RETROFIT_NEEDED,No Retrofit Needed,Wagon doesn't need retrofit
10227.75,2025-12-08T02:27:45+00:00,W5838,T136,REJECTED,REJECTED,REJECTED_NO_RETROFIT_NEEDED,No Retrofit Needed,Wagon doesn't need retrofit
10227.75,2025-12-08T02:27:45+00:00,W2736,T136,REJECTED,REJECTED,REJECTED,NO_COLLECTION_TRACK,No collection track available
10227.75,2025-12-08T02:27:45+00:00,W10873,T136,REJECTED,REJECTED,REJECTED,NO_COLLECTION_TRACK,No collection track available
10227.75,2025-12-08T02:27:45+00:00,W9427,T136,REJECTED,REJECTED,REJECTED,NO_COLLECTION_TRACK,No collection track available
10231.5,2025-12-08T02:31:30+00:00,W5612,,RAKE_COUPLING_STARTED,WS_02,COUPLING,,
10231.5,2025-12-08T02:31:30+00:00,W0928,,RAKE_COUPLING_STARTED,WS_02,COUPLING,,
10233.5,2025-12-08T02:33:30+00:00,W5612,,RAKE_COUPLING_COMPLETED,WS_02,WAITING,,
10233.5,2025-12-08T02:33:30+00:00,W0928,,RAKE_COUPLING_COMPLETED,WS_02,WAITING,,
10233.5,2025-12-08T02:33:30+00:00,W5612,,MOVING,WS_02,MOVING,,
10233.5,2025-12-08T02:33:30+00:00,W0928,,MOVING,WS_02,MOVING,,
10238.5,2025-12-08T02:38:30+00:00,W5612,,ON_RETROFITTED_TRACK,retrofitted,WAITING,,
10238.5,2025-12-08T02:38:30+00:00,W0928,,ON_RETROFITTED_TRACK,retrofitted,WAITING,,
10248.5,2025-12-08T02:48:30+00:00,W12177,,RAKE_COUPLING_STARTED,WS_01,COUPLING,,
10248.5,2025-12-08T02:48:30+00:00,W9237,,RAKE_COUPLING_STARTED,WS_01,COUPLING,,
10250.5,2025-12-08T02:50:30+00:00,W12177,,RAKE_COUPLING_COMPLETED,WS_01,WAITING,,
10250.5,2025-12-08T02:50:30+00:00,W9237,,RAKE_COUPLING_COMPLETED,WS_01,WAITING,,
10250.5,2025-12-08T02:50:30+00:00,W12177,,MOVING,WS_01,MOVING,,
10250.5,2025-12-08T02:50:30+00:00,W9237,,MOVING,WS_01,MOVING,,
10253.0,2025-12-08T02:53:00+00:00,W0234,T137,REJECTED,REJECTED,REJECTED,NO_COLLECTION_TRACK,No collection track available
10253.0,2025-12-08T02:53:00+00:00,W12229,T137,REJECTED,REJECTED,REJECTED,NO_COLLECTION_TRACK,No collection track available
10253.0,2025-12-08T02:53:00+00:00,W6323,T137,ARRIVED,collection2,ARRIVED,,
10255.5,2025-12-08T02:55:30+00:00,W12177,,ON_RETROFITTED_TRACK,retrofitted,WAITING,,
10255.5,2025-12-08T02:55:30+00:00,W9237,,ON_RETROFITTED_TRACK,retrofitted,WAITING,,
10265.0,2025-12-08T03:05:00+00:00,W2853,,ON_RETROFIT_TRACK,retrofit,WAITING,,
10265.0,2025-12-08T03:05:00+00:00,W2415,,ON_RETROFIT_TRACK,retrofit,WAITING,,
10265.0,2025-12-08T03:05:00+00:00,W2112,,ON_RETROFIT_TRACK,retrofit,WAITING,,
10265.0,2025-12-08T03:05:00+00:00,W7400,,ON_RETROFIT_TRACK,retrofit,WAITING,,
10265.0,2025-12-08T03:05:00+00:00,W0606,,ON_RETROFIT_TRACK,retrofit,WAITING,,
10265.0,2025-12-08T03:05:00+00:00,W10249,,ON_RETROFIT_TRACK,retrofit,WAITING,,
10265.0,2025-12-08T03:05:00+00:00,W10814,,ON_RETROFIT_TRACK,retrofit,WAITING,,
10265.0,2025-12-08T03:05:00+00:00,W4915,,ON_RETROFIT_TRACK,retrofit,WAITING,,
10270.5,2025-12-08T03:10:30+00:00,W0888,,MOVING,retrofit,MOVING,,
10270.5,2025-12-08T03:10:30+00:00,W5821,,MOVING,retrofit,MOVING,,
10275.5,2025-12-08T03:15:30+00:00,W0888,,AT_WORKSHOP,WS_02,ARRIVED,,
10275.5,2025-12-08T03:15:30+00:00,W5821,,AT_WORKSHOP,WS_02,ARRIVED,,
10281.5,2025-12-08T03:21:30+00:00,W0888,,RETROFIT_STARTED,WS_02,PROCESSING,,
10281.5,2025-12-08T03:21:30+00:00,W5821,,RETROFIT_STARTED,WS_02,PROCESSING,,
10296.5,2025-12-08T03:36:30+00:00,W6008,,MOVING,retrofit,MOVING,,
10296.5,2025-12-08T03:36:30+00:00,W0293,,MOVING,retrofit,MOVING,,
10301.5,2025-12-08T03:41:30+00:00,W6008,,AT_WORKSHOP,WS_01,ARRIVED,,
10301.5,2025-12-08T03:41:30+00:00,W0293,,AT_WORKSHOP,WS_01,ARRIVED,,
10307.5,2025-12-08T03:47:30+00:00,W6008,,RETROFIT_STARTED,WS_01,PROCESSING,,
10307.5,2025-12-08T03:47:30+00:00,W0293,,RETROFIT_STARTED,WS_01,PROCESSING,,
10329.0,2025-12-08T04:09:00+00:00,W0411,,PARKED,parking9,PARKED,,
10329.0,2025-12-08T04:09:00+00:00,W4337,,PARKED,parking9,PARKED,,
10329.0,2025-12-08T04:09:00+00:00,W2166,,PARKED,parking9,PARKED,,
10329.0,2025-12-08T04:09:00+00:00,W4457,,PARKED,parking9,PARKED,,
10341.5,2025-12-08T04:21:30+00:00,W0888,,RETROFIT_COMPLETED,WS_02,COMPLETED,,
10341.5,2025-12-08T04:21:30+00:00,W5821,,RETROFIT_COMPLETED,WS_02,COMPLETED,,
10367.5,2025-12-08T04:47:30+00:00,W6008,,RETROFIT_COMPLETED,WS_01,COMPLETED,,
10367.5,2025-12-08T04:47:30+00:00,W0293,,RETROFIT_COMPLETED,WS_01,COMPLETED,,
10375.0,2025-12-08T04:55:00+00:00,W0128,,RAKE_COUPLING_STARTED,collection2,COUPLING,,
10375.0,2025-12-08T04:55:00+00:00,W5989,,RAKE_COUPLING_STARTED,collection2,COUPLING,,
10380.0,2025-12-08T05:00:00+00:00,W0128,,MOVING,collection2,MOVING,,
10380.0,2025-12-08T05:00:00+00:00,W5989,,MOVING,collection2,MOVING,,
10394.0,2025-12-08T05:14:00+00:00,W0881,,RAKE_COUPLING_STARTED,collection1,COUPLING,,
10394.0,2025-12-08T05:14:00+00:00,W9355,,RAKE_COUPLING_STARTED,collection1,COUPLING,,
10394.0,2025-12-08T05:14:00+00:00,W0680,,RAKE_COUPLING_STARTED,collection1,COUPLING,,
10394.0,2025-12-08T05:14:00+00:00,W11050,,RAKE_COUPLING_STARTED,collection1,COUPLING,,
10394.0,2025-12-08T05:14:00+00:00,W12319,,RAKE_COUPLING_STARTED,collection1,COUPLING,,
10394.0,2025-12-08T05:14:00+00:00,W6704,,RAKE_COUPLING_STARTED,collection1,COUPLING,,
10407.0,2025-12-08T05:27:00+00:00,W0881,,MOVING,collection1,MOVING,,
10407.0,2025-12-08T05:27:00+00:00,W9355,,MOVING,collection1,MOVING,,
10407.0,2025-12-08T05:27:00+00:00,W0680,,MOVING,collection1,MOVING,,
10407.0,2025-12-08T05:27:00+00:00,W11050,,MOVING,collection1,MOVING,,
10407.0,2025-12-08T05:27:00+00:00,W12319,,MOVING,collection1,MOVING,,
10407.0,2025-12-08T05:27:00+00:00,W6704,,MOVING,collection1,MOVING,,
10420.25,2025-12-08T05:40:15+00:00,W11261,T138,REJECTED,REJECTED,REJECTED_NO_RETROFIT_NEEDED,No Retrofit Needed,Wagon doesn't need retrofit
10420.25,2025-12-08T05:40:15+00:00,W11269,T138,REJECTED,REJECTED,REJECTED_NO_RETROFIT_NEEDED,No Retrofit Needed,Wagon doesn't need retrofit
10420.25,2025-12-08T05:40:15+00:00,W2973,T138,REJECTED,REJECTED,REJECTED_NO_RETROFIT_NEEDED,No Retrofit Needed,Wagon doesn't need retrofit
10420.25,2025-12-08T05:40:15+00:00,W2910,T138,ARRIVED,collection1,ARRIVED,,
10420.25,2025-12-08T05:40:15+00:00,W0681,T138,ARRIVED,collection1,ARRIVED,,
10420.25,2025-12-08T05:40:15+00:00,W8552,T138,ARRIVED,collection1,ARRIVED,,
10423.5,2025-12-08T05:43:30+00:00,W4422,T139,REJECTED,REJECTED,REJECTED,NO_COLLECTION_TRACK,No collection track available
10423.5,2025-12-08T05:43:30+00:00,W4392,T139,REJECTED,REJECTED,REJECTED,NO_COLLECTION_TRACK,No collection track available
10423.5,2025-12-08T05:43:30+00:00,W0237,T139,REJECTED,REJECTED,REJECTED,NO_COLLECTION_TRACK,No collection track available
10423.5,2025-12-08T05:43:30+00:00,W9833,T139,REJECTED,REJECTED,REJECTED,NO_COLLECTION_TRACK,No collection track available
10423.5,2025-12-08T05:43:30+00:00,W0841,T139,REJECTED,REJECTED,REJECTED,NO_COLLECTION_TRACK,No collection track available
10423.5,2025-12-08T05:43:30+00:00,W12221,T139,ARRIVED,collection1,ARRIVED,,
10430.25,2025-12-08T05:50:15+00:00,W6734,T140,REJECTED,REJECTED,REJECTED,NO_COLLECTION_TRACK,No collection track available
10430.25,2025-12-08T05:50:15+00:00,W4085,T140,REJECTED,REJECTED,REJECTED,NO_COLLECTION_TRACK,No collection track available
10430.25,2025-12-08T05:50:15+00:00,W3909,T140,REJECTED,REJECTED,REJECTED,NO_COLLECTION_TRACK,No collection track available
10430.25,2025-12-08T05:50:15+00:00,W3822,T140,REJECTED,REJECTED,REJECTED,NO_COLLECTION_TRACK,No collection track available
10430.25,2025-12-08T05:50:15+00:00,W4571,T140,REJECTED,REJECTED,REJECTED,NO_COLLECTION_TRACK,No collection track available
10440.0,2025-12-08T06:00:00+00:00,W0128,,ON_RETROFIT_TRACK,retrofit,WAITING,,
10440.0,2025-12-08T06:00:00+00:00,W5989,,ON_RETROFIT_TRACK,retrofit,WAITING,,
10459.0,2025-12-08T06:19:00+00:00,W0888,,RAKE_COUPLING_STARTED,WS_02,COUPLING,,
10459.0,2025-12-08T06:19:00+00:00,W5821,,RAKE_COUPLING_STARTED,WS_02,COUPLING,,
10461.0,2025-12-08T06:21:00+00:00,W0888,,RAKE_COUPLING_COMPLETED,WS_02,WAITING,,
10461.0,2025-12-08T06:21:00+00:00,W5821,,RAKE_COUPLING_COMPLETED,WS_02,WAITING,,
10461.0,2025-12-08T06:21:00+00:00,W0888,,MOVING,WS_02,MOVING,,
10461.0,2025-12-08T06:21:00+00:00,W5821,,MOVING,WS_02,MOVING,,
10466.0,2025-12-08T06:26:00+00:00,W0888,,ON_RETROFITTED_TRACK,retrofitted,WAITING,,
10466.0,2025-12-08T06:26:00+00:00,W5821,,ON_RETROFITTED_TRACK,retrofitted,WAITING,,
10467.0,2025-12-08T06:27:00+00:00,W0881,,ON_RETROFIT_TRACK,retrofit,WAITING,,
10467.0,2025-12-08T06:27:00+00:00,W9355,,ON_RETROFIT_TRACK,retrofit,WAITING,,
10467.0,2025-12-08T06:27:00+00:00,W0680,,ON_RETROFIT_TRACK,retrofit,WAITING,,
10467.0,2025-12-08T06:27:00+00:00,W11050,,ON_RETROFIT_TRACK,retrofit,WAITING,,
10467.0,2025-12-08T06:27:00+00:00,W12319,,ON_RETROFIT_TRACK,retrofit,WAITING,,
10467.0,2025-12-08T06:27:00+00:00,W6704,,ON_RETROFIT_TRACK,retrofit,WAITING,,
10476.0,2025-12-08T06:36:00+00:00,W6008,,RAKE_COUPLING_STARTED,WS_01,COUPLING,,
10476.0,2025-12-08T06:36:00+00:00,W0293,,RAKE_COUPLING_STARTED,WS_01,COUPLING,,
10478.0,2025-12-08T06:38:00+00:00,W6008,,RAKE_COUPLING_COMPLETED,WS_01,WAITING,,
10478.0,2025-12-08T06:38:00+00:00,W0293,,RAKE_COUPLING_COMPLETED,WS_01,WAITING,,
10478.0,2025-12-08T06:38:00+00:00,W6008,,MOVING,WS_01,MOVING,,
10478.0,2025-12-08T06:38:00+00:00,W0293,,MOVING,WS_01,MOVING,,
10483.0,2025-12-08T06:43:00+00:00,W6008,,ON_RETROFITTED_TRACK,retrofitted,WAITING,,
10483.0,2025-12-08T06:43:00+00:00,W0293,,ON_RETROFITTED_TRACK,retrofitted,WAITING,,
10498.0,2025-12-08T06:58:00+00:00,W0167,,MOVING,retrofit,MOVING,,
10498.0,2025-12-08T06:58:00+00:00,W2853,,MOVING,retrofit,MOVING,,
10500.0,2025-12-08T07:00:00+00:00,W9043,T141,REJECTED,REJECTED,REJECTED_NO_RETROFIT_NEEDED,No Retrofit Needed,Wagon doesn't need retrofit
10500.0,2025-12-08T07:00:00+00:00,W10772,T141,REJECTED,REJECTED,REJECTED_NO_RETROFIT_NEEDED,No Retrofit Needed,Wagon doesn't need retrofit
10500.0,2025-12-08T07:00:00+00:00,W318166502860,T141,REJECTED,REJECTED,REJECTED_NO_RETROFIT_NEEDED,No Retrofit Needed,Wagon doesn't need retrofit
10500.0,2025-12-08T07:00:00+00:00,W1419,T141,REJECTED,REJECTED,REJECTED,NO_COLLECTION_TRACK,No collection track available
10503.0,2025-12-08T07:03:00+00:00,W0167,,AT_WORKSHOP,WS_02,ARRIVED,,
10503.0,2025-12-08T07:03:00+00:00,W2853,,AT_WORKSHOP,WS_02,ARRIVED,,
10509.0,2025-12-08T07:09:00+00:00,W0167,,RETROFIT_STARTED,WS_02,PROCESSING,,
10509.0,2025-12-08T07:09:00+00:00,W2853,,RETROFIT_STARTED,WS_02,PROCESSING,,
10515.0,2025-12-08T07:15:00+00:00,W2415,,MOVING,retrofit,MOVING,,
10515.0,2025-12-08T07:15:00+00:00,W2112,,MOVING,retrofit,MOVING,,
10520.0,2025-12-08T07:20:00+00:00,W2415,,AT_WORKSHOP,WS_01,ARRIVED,,
10520.0,2025-12-08T07:20:00+00:00,W2112,,AT_WORKSHOP,WS_01,ARRIVED,,
10526.0,2025-12-08T07:26:00+00:00,W2415,,RETROFIT_STARTED,WS_01,PROCESSING,,
10526.0,2025-12-08T07:26:00+00:00,W2112,,RETROFIT_STARTED,WS_01,PROCESSING,,
10569.0,2025-12-08T08:09:00+00:00,W0167,,RETROFIT_COMPLETED,WS_02,COMPLETED,,
10569.0,2025-12-08T08:09:00+00:00,W2853,,RETROFIT_COMPLETED,WS_02,COMPLETED,,
10585.5,2025-12-08T08:25:30+00:00,W5612,,PARKED,parking11,PARKED,,
10585.5,2025-12-08T08:25:30+00:00,W0928,,PARKED,parking11,PARKED,,
10585.5,2025-12-08T08:25:30+00:00,W12177,,PARKED,parking11,PARKED,,
10585.5,2025-12-08T08:25:30+00:00,W9237,,PARKED,parking11,PARKED,,
10586.0,2025-12-08T08:26:00+00:00,W2415,,RETROFIT_COMPLETED,WS_01,COMPLETED,,
10586.0,2025-12-08T08:26:00+00:00,W2112,,RETROFIT_COMPLETED,WS_01,COMPLETED,,
10593.5,2025-12-08T08:33:30+00:00,W9959,T142,REJECTED,REJECTED,REJECTED_NO_RETROFIT_NEEDED,No Retrofit Needed,Wagon doesn't need retrofit
10593.5,2025-12-08T08:33:30+00:00,W12179,T142,REJECTED,REJECTED,REJECTED,NO_COLLECTION_TRACK,No collection track available
10593.5,2025-12-08T08:33:30+00:00,W0131,T142,REJECTED,REJECTED,REJECTED,NO_COLLECTION_TRACK,No collection track available
10593.5,2025-12-08T08:33:30+00:00,W5173,T142,ARRIVED,collection1,ARRIVED,,
10593.5,2025-12-08T08:33:30+00:00,W4380,T142,ARRIVED,collection1,ARRIVED,,
10593.5,2025-12-08T08:33:30+00:00,W5872,T142,ARRIVED,collection1,ARRIVED,,
10593.5,2025-12-08T08:33:30+00:00,W6989,T142,ARRIVED,collection2,ARRIVED,,
10593.5,2025-12-08T08:33:30+00:00,W0093,T142,ARRIVED,collection1,ARRIVED,,
10594.0,2025-12-08T08:34:00+00:00,W5415,,MOVING,collection2,MOVING,,
10616.5,2025-12-08T08:56:30+00:00,W8335,T143,REJECTED,REJECTED,REJECTED,NO_COLLECTION_TRACK,No collection track available
10616.5,2025-12-08T08:56:30+00:00,W7282,T143,REJECTED,REJECTED,REJECTED,NO_COLLECTION_TRACK,No collection track available
10616.5,2025-12-08T08:56:30+00:00,W12073,T143,REJECTED,REJECTED,REJECTED,NO_COLLECTION_TRACK,No collection track available
10650.5,2025-12-08T09:30:30+00:00,W0167,,RAKE_COUPLING_STARTED,WS_02,COUPLING,,
10650.5,2025-12-08T09:30:30+00:00,W2853,,RAKE_COUPLING_STARTED,WS_02,COUPLING,,
10652.5,2025-12-08T09:32:30+00:00,W0167,,RAKE_COUPLING_COMPLETED,WS_02,WAITING,,
10652.5,2025-12-08T09:32:30+00:00,W2853,,RAKE_COUPLING_COMPLETED,WS_02,WAITING,,
10652.5,2025-12-08T09:32:30+00:00,W0167,,MOVING,WS_02,MOVING,,
10652.5,2025-12-08T09:32:30+00:00,W2853,,MOVING,WS_02,MOVING,,
10654.0,2025-12-08T09:34:00+00:00,W5415,,ON_RETROFIT_TRACK,retrofit,WAITING,,
10657.5,2025-12-08T09:37:30+00:00,W0167,,ON_RETROFITTED_TRACK,retrofitted,WAITING,,
10657.5,2025-12-08T09:37:30+00:00,W2853,,ON_RETROFITTED_TRACK,retrofitted,WAITING,,
10667.0,2025-12-08T09:47:00+00:00,W2415,,RAKE_COUPLING_STARTED,WS_01,COUPLING,,
10667.0,2025-12-08T09:47:00+00:00,W2112,,RAKE_COUPLING_STARTED,WS_01,COUPLING,,
10669.0,2025-12-08T09:49:00+00:00,W2415,,RAKE_COUPLING_COMPLETED,WS_01,WAITING,,
10669.0,2025-12-08T09:49:00+00:00,W2112,,RAKE_COUPLING_COMPLETED,WS_01,WAITING,,
10669.0,2025-12-08T09:49:00+00:00,W2415,,MOVING,WS_01,MOVING,,
10669.0,2025-12-08T09:49:00+00:00,W2112,,MOVING,WS_01,MOVING,,
10674.0,2025-12-08T09:54:00+00:00,W2415,,ON_RETROFITTED_TRACK,retrofitted,WAITING,,
10674.0,2025-12-08T09:54:00+00:00,W2112,,ON_RETROFITTED_TRACK,retrofitted,WAITING,,
10689.0,2025-12-08T10:09:00+00:00,W7400,,MOVING,retrofit,MOVING,,
10689.0,2025-12-08T10:09:00+00:00,W0606,,MOVING,retrofit,MOVING,,
10694.0,2025-12-08T10:14:00+00:00,W7400,,AT_WORKSHOP,WS_02,ARRIVED,,
10694.0,2025-12-08T10:14:00+00:00,W0606,,AT_WORKSHOP,WS_02,ARRIVED,,
10700.0,2025-12-08T10:20:00+00:00,W7400,,RETROFIT_STARTED,WS_02,PROCESSING,,
10700.0,2025-12-08T10:20:00+00:00,W0606,,RETROFIT_STARTED,WS_02,PROCESSING,,
10715.0,2025-12-08T10:35:00+00:00,W10249,,MOVING,retrofit,MOVING,,
10715.0,2025-12-08T10:35:00+00:00,W10814,,MOVING,retrofit,MOVING,,
10720.0,2025-12-08T10:40:00+00:00,W10249,,AT_WORKSHOP,WS_01,ARRIVED,,
10720.0,2025-12-08T10:40:00+00:00,W10814,,AT_WORKSHOP,WS_01,ARRIVED,,
10726.0,2025-12-08T10:46:00+00:00,W10249,,RETROFIT_STARTED,WS_01,PROCESSING,,
10726.0,2025-12-08T10:46:00+00:00,W10814,,RETROFIT_STARTED,WS_01,PROCESSING,,
10734.0,2025-12-08T10:54:00+00:00,W0888,,PARKED,parking10,PARKED,,
10734.0,2025-12-08T10:54:00+00:00,W5821,,PARKED,parking10,PARKED,,
10734.0,2025-12-08T10:54:00+00:00,W6008,,PARKED,parking10,PARKED,,
10734.0,2025-12-08T10:54:00+00:00,W0293,,PARKED,parking10,PARKED,,
10760.0,2025-12-08T11:20:00+00:00,W7400,,RETROFIT_COMPLETED,WS_02,COMPLETED,,
10760.0,2025-12-08T11:20:00+00:00,W0606,,RETROFIT_COMPLETED,WS_02,COMPLETED,,
10786.0,2025-12-08T11:46:00+00:00,W10249,,RETROFIT_COMPLETED,WS_01,COMPLETED,,
10786.0,2025-12-08T11:46:00+00:00,W10814,,RETROFIT_COMPLETED,WS_01,COMPLETED,,
10788.0,2025-12-08T11:48:00+00:00,W0139,T144,REJECTED,REJECTED,REJECTED_NO_RETROFIT_NEEDED,No Retrofit Needed,Wagon doesn't need retrofit
10791.0,2025-12-08T11:51:00+00:00,W10772,,RAKE_COUPLING_STARTED,collection1,COUPLING,,
10791.0,2025-12-08T11:51:00+00:00,W5316,,RAKE_COUPLING_STARTED,collection1,COUPLING,,
10791.0,2025-12-08T11:51:00+00:00,W9043,,RAKE_COUPLING_STARTED,collection1,COUPLING,,
10793.25,2025-12-08T11:53:15+00:00,W0698,T145,REJECTED,REJECTED,REJECTED,NO_COLLECTION_TRACK,No collection track available
10793.25,2025-12-08T11:53:15+00:00,W10150,T145,REJECTED,REJECTED,REJECTED,NO_COLLECTION_TRACK,No collection track available
10793.25,2025-12-08T11:53:15+00:00,W4099,T145,REJECTED,REJECTED,REJECTED,NO_COLLECTION_TRACK,No collection track available
10793.25,2025-12-08T11:53:15+00:00,W12116,T145,ARRIVED,collection2,ARRIVED,,
10795.0,2025-12-08T11:55:00+00:00,W12155,T146,REJECTED,REJECTED,REJECTED,NO_COLLECTION_TRACK,No collection track available
10795.0,2025-12-08T11:55:00+00:00,W5987,T146,REJECTED,REJECTED,REJECTED,NO_COLLECTION_TRACK,No collection track available
10795.0,2025-12-08T11:55:00+00:00,W10815,T146,REJECTED,REJECTED,REJECTED,NO_COLLECTION_TRACK,No collection track available
10795.0,2025-12-08T11:55:00+00:00,W9311,T146,REJECTED,REJECTED,REJECTED,NO_COLLECTION_TRACK,No collection track available
10795.0,2025-12-08T11:55:00+00:00,W8090,T146,REJECTED,REJECTED,REJECTED,NO_COLLECTION_TRACK,No collection track available
10796.75,2025-12-08T11:56:45+00:00,W7601,T147,REJECTED,REJECTED,REJECTED,NO_COLLECTION_TRACK,No collection track available
10796.75,2025-12-08T11:56:45+00:00,W0839,T147,REJECTED,REJECTED,REJECTED,NO_COLLECTION_TRACK,No collection track available
10796.75,2025-12-08T11:56:45+00:00,W0848,T147,REJECTED,REJECTED,REJECTED,NO_COLLECTION_TRACK,No collection track available
10796.75,2025-12-08T11:56:45+00:00,W5493,T147,REJECTED,REJECTED,REJECTED,NO_COLLECTION_TRACK,No collection track available
10798.0,2025-12-08T11:58:00+00:00,W10772,,MOVING,collection1,MOVING,,
10798.0,2025-12-08T11:58:00+00:00,W5316,,MOVING,collection1,MOVING,,
10798.0,2025-12-08T11:58:00+00:00,W9043,,MOVING,collection1,MOVING,,
10799.0,2025-12-08T11:59:00+00:00,W7400,,RAKE_COUPLING_STARTED,WS_02,COUPLING,,
10799.0,2025-12-08T11:59:00+00:00,W0606,,RAKE_COUPLING_STARTED,WS_02,COUPLING,,
10801.0,2025-12-08T12:01:00+00:00,W7400,,RAKE_COUPLING_COMPLETED,WS_02,WAITING,,
10801.0,2025-12-08T12:01:00+00:00,W0606,,RAKE_COUPLING_COMPLETED,WS_02,WAITING,,
10801.0,2025-12-08T12:01:00+00:00,W7400,,MOVING,WS_02,MOVING,,
10801.0,2025-12-08T12:01:00+00:00,W0606,,MOVING,WS_02,MOVING,,
10806.0,2025-12-08T12:06:00+00:00,W7400,,ON_RETROFITTED_TRACK,retrofitted,WAITING,,
10806.0,2025-12-08T12:06:00+00:00,W0606,,ON_RETROFITTED_TRACK,retrofitted,WAITING,,
10816.0,2025-12-08T12:16:00+00:00,W10249,,RAKE_COUPLING_STARTED,WS_01,COUPLING,,
10816.0,2025-12-08T12:16:00+00:00,W10814,,RAKE_COUPLING_STARTED,WS_01,COUPLING,,
10818.0,2025-12-08T12:18:00+00:00,W10249,,RAKE_COUPLING_COMPLETED,WS_01,WAITING,,
10818.0,2025-12-08T12:18:00+00:00,W10814,,RAKE_COUPLING_COMPLETED,WS_01,WAITING,,
10818.0,2025-12-08T12:18:00+00:00,W10249,,MOVING,WS_01,MOVING,,
10818.0,2025-12-08T12:18:00+00:00,W10814,,MOVING,WS_01,MOVING,,
10823.0,2025-12-08T12:23:00+00:00,W10249,,ON_RETROFITTED_TRACK,retrofitted,WAITING,,
10823.0,2025-12-08T12:23:00+00:00,W10814,,ON_RETROFITTED_TRACK,retrofitted,WAITING,,
10838.0,2025-12-08T12:38:00+00:00,W4915,,MOVING,retrofit,MOVING,,
10838.0,2025-12-08T12:38:00+00:00,W0128,,MOVING,retrofit,MOVING,,
10842.75,2025-12-08T12:42:45+00:00,W6352,T148,REJECTED,REJECTED,REJECTED_NO_RETROFIT_NEEDED,No Retrofit Needed,Wagon doesn't need retrofit
10842.75,2025-12-08T12:42:45+00:00,W2444,T148,REJECTED,REJECTED,REJECTED_NO_RETROFIT_NEEDED,No Retrofit Needed,Wagon doesn't need retrofit
10843.0,2025-12-08T12:43:00+00:00,W4915,,AT_WORKSHOP,WS_02,ARRIVED,,
10843.0,2025-12-08T12:43:00+00:00,W0128,,AT_WORKSHOP,WS_02,ARRIVED,,
10849.0,2025-12-08T12:49:00+00:00,W4915,,RETROFIT_STARTED,WS_02,PROCESSING,,
10849.0,2025-12-08T12:49:00+00:00,W0128,,RETROFIT_STARTED,WS_02,PROCESSING,,
10858.0,2025-12-08T12:58:00+00:00,W10772,,ON_RETROFIT_TRACK,retrofit,WAITING,,
10858.0,2025-12-08T12:58:00+00:00,W5316,,ON_RETROFIT_TRACK,retrofit,WAITING,,
10858.0,2025-12-08T12:58:00+00:00,W9043,,ON_RETROFIT_TRACK,retrofit,WAITING,,
10860.25,2025-12-08T13:00:15+00:00,W0962,T149,REJECTED,REJECTED,REJECTED_NO_RETROFIT_NEEDED,No Retrofit Needed,Wagon doesn't need retrofit
10860.25,2025-12-08T13:00:15+00:00,W1888,T149,REJECTED,REJECTED,REJECTED_NO_RETROFIT_NEEDED,No Retrofit Needed,Wagon doesn't need retrofit
10860.25,2025-12-08T13:00:15+00:00,W0013,T149,REJECTED,REJECTED,REJECTED,NO_COLLECTION_TRACK,No collection track available
10864.0,2025-12-08T13:04:00+00:00,W5989,,MOVING,retrofit,MOVING,,
10864.0,2025-12-08T13:04:00+00:00,W0881,,MOVING,retrofit,MOVING,,
10869.0,2025-12-08T13:09:00+00:00,W5989,,AT_WORKSHOP,WS_01,ARRIVED,,
10869.0,2025-12-08T13:09:00+00:00,W0881,,AT_WORKSHOP,WS_01,ARRIVED,,
10875.0,2025-12-08T13:15:00+00:00,W5989,,RETROFIT_STARTED,WS_01,PROCESSING,,
10875.0,2025-12-08T13:15:00+00:00,W0881,,RETROFIT_STARTED,WS_01,PROCESSING,,
10909.0,2025-12-08T13:49:00+00:00,W4915,,RETROFIT_COMPLETED,WS_02,COMPLETED,,
10909.0,2025-12-08T13:49:00+00:00,W0128,,RETROFIT_COMPLETED,WS_02,COMPLETED,,
10935.0,2025-12-08T14:15:00+00:00,W5989,,RETROFIT_COMPLETED,WS_01,COMPLETED,,
10935.0,2025-12-08T14:15:00+00:00,W0881,,RETROFIT_COMPLETED,WS_01,COMPLETED,,
10943.0,2025-12-08T14:23:00+00:00,W12031,,MOVING,collection2,MOVING,,
10947.75,2025-12-08T14:27:45+00:00,W2980,T150,REJECTED,REJECTED,REJECTED_NO_RETROFIT_NEEDED,No Retrofit Needed,Wagon doesn't need retrofit
10947.75,2025-12-08T14:27:45+00:00,W3413,T150,ARRIVED,collection1,ARRIVED,,
10947.75,2025-12-08T14:27:45+00:00,W8479,T150,ARRIVED,collection1,ARRIVED,,
10947.75,2025-12-08T14:27:45+00:00,W8637,T150,ARRIVED,collection1,ARRIVED,,
10947.75,2025-12-08T14:27:45+00:00,W2324,T150,ARRIVED,collection1,ARRIVED,,
10947.75,2025-12-08T14:27:45+00:00,W10934,T150,ARRIVED,collection1,ARRIVED,,
10947.75,2025-12-08T14:27:45+00:00,W3237,T150,ARRIVED,collection1,ARRIVED,,
10964.5,2025-12-08T14:44:30+00:00,W0167,,PARKED,parking14,PARKED,,
10964.5,2025-12-08T14:44:30+00:00,W2853,,PARKED,parking14,PARKED,,
10964.5,2025-12-08T14:44:30+00:00,W2415,,PARKED,parking14,PARKED,,
10964.5,2025-12-08T14:44:30+00:00,W2112,,PARKED,parking14,PARKED,,
10973.75,2025-12-08T14:53:45+00:00,W5611,T151,REJECTED,REJECTED,REJECTED,NO_COLLECTION_TRACK,No collection track available
10973.75,2025-12-08T14:53:45+00:00,W8094,T151,REJECTED,REJECTED,REJECTED,NO_COLLECTION_TRACK,No collection track available
10973.75,2025-12-08T14:53:45+00:00,W2299,T151,REJECTED,REJECTED,REJECTED,NO_COLLECTION_TRACK,No collection track available
10973.75,2025-12-08T14:53:45+00:00,W2263,T151,REJECTED,REJECTED,REJECTED,NO_COLLECTION_TRACK,No collection track available
10973.75,2025-12-08T14:53:45+00:00,W8075,T151,REJECTED,REJECTED,REJECTED,NO_COLLECTION_TRACK,No collection track available
10973.75,2025-12-08T14:53:45+00:00,W5681,T151,REJECTED,REJECTED,REJECTED,NO_COLLECTION_TRACK,No collection track available
10973.75,2025-12-08T14:53:45+00:00,W6409,T151,REJECTED,REJECTED,REJECTED,NO_COLLECTION_TRACK,No collection track available
10973.75,2025-12-08T14:53:45+00:00,W8498,T151,REJECTED,REJECTED,REJECTED,NO_COLLECTION_TRACK,No collection track available
10973.75,2025-12-08T14:53:45+00:00,W2133,T151,REJECTED,REJECTED,REJECTED,NO_COLLECTION_TRACK,No collection track available
10973.75,2025-12-08T14:53:45+00:00,W10562,T151,REJECTED,REJECTED,REJECTED,NO_COLLECTION_TRACK,No collection track available
11003.0,2025-12-08T15:23:00+00:00,W12031,,ON_RETROFIT_TRACK,retrofit,WAITING,,
11016.0,2025-12-08T15:36:00+00:00,W4915,,RAKE_COUPLING_STARTED,WS_02,COUPLING,,
11016.0,2025-12-08T15:36:00+00:00,W0128,,RAKE_COUPLING_STARTED,WS_02,COUPLING,,
11018.0,2025-12-08T15:38:00+00:00,W4915,,RAKE_COUPLING_COMPLETED,WS_02,WAITING,,
11018.0,2025-12-08T15:38:00+00:00,W0128,,RAKE_COUPLING_COMPLETED,WS_02,WAITING,,
11018.0,2025-12-08T15:38:00+00:00,W4915,,MOVING,WS_02,MOVING,,
11018.0,2025-12-08T15:38:00+00:00,W0128,,MOVING,WS_02,MOVING,,
11023.0,2025-12-08T15:43:00+00:00,W4915,,ON_RETROFITTED_TRACK,retrofitted,WAITING,,
11023.0,2025-12-08T15:43:00+00:00,W0128,,ON_RETROFITTED_TRACK,retrofitted,WAITING,,
11029.5,2025-12-08T15:49:30+00:00,W5989,,RAKE_COUPLING_STARTED,WS_01,COUPLING,,
11029.5,2025-12-08T15:49:30+00:00,W0881,,RAKE_COUPLING_STARTED,WS_01,COUPLING,,
11031.5,2025-12-08T15:51:30+00:00,W5989,,RAKE_COUPLING_COMPLETED,WS_01,WAITING,,
11031.5,2025-12-08T15:51:30+00:00,W0881,,RAKE_COUPLING_COMPLETED,WS_01,WAITING,,
11031.5,2025-12-08T15:51:30+00:00,W5989,,MOVING,WS_01,MOVING,,
11031.5,2025-12-08T15:51:30+00:00,W0881,,MOVING,WS_01,MOVING,,
11036.5,2025-12-08T15:56:30+00:00,W5989,,ON_RETROFITTED_TRACK,retrofitted,WAITING,,
11036.5,2025-12-08T15:56:30+00:00,W0881,,ON_RETROFITTED_TRACK,retrofitted,WAITING,,
11047.5,2025-12-08T16:07:30+00:00,W7400,,PARKED,parking1,PARKED,,
11047.5,2025-12-08T16:07:30+00:00,W0606,,PARKED,parking1,PARKED,,
11047.5,2025-12-08T16:07:30+00:00,W10249,,PARKED,parking1,PARKED,,
11047.5,2025-12-08T16:07:30+00:00,W10814,,PARKED,parking1,PARKED,,
11047.5,2025-12-08T16:07:30+00:00,W4915,,PARKED,parking1,PARKED,,
11047.5,2025-12-08T16:07:30+00:00,W0128,,PARKED,parking1,PARKED,,
11051.5,2025-12-08T16:11:30+00:00,W9355,,MOVING,retrofit,MOVING,,
11051.5,2025-12-08T16:11:30+00:00,W0680,,MOVING,retrofit,MOVING,,
11056.5,2025-12-08T16:16:30+00:00,W9355,,AT_WORKSHOP,WS_02,ARRIVED,,
11056.5,2025-12-08T16:16:30+00:00,W0680,,AT_WORKSHOP,WS_02,ARRIVED,,
11062.5,2025-12-08T16:22:30+00:00,W9355,,RETROFIT_STARTED,WS_02,PROCESSING,,
11062.5,2025-12-08T16:22:30+00:00,W0680,,RETROFIT_STARTED,WS_02,PROCESSING,,
11062.5,2025-12-08T16:22:30+00:00,W11050,,MOVING,retrofit,MOVING,,
11062.5,2025-12-08T16:22:30+00:00,W12319,,MOVING,retrofit,MOVING,,
11067.5,2025-12-08T16:27:30+00:00,W11050,,AT_WORKSHOP,WS_01,ARRIVED,,
11067.5,2025-12-08T16:27:30+00:00,W12319,,AT_WORKSHOP,WS_01,ARRIVED,,
11073.5,2025-12-08T16:33:30+00:00,W11050,,RETROFIT_STARTED,WS_01,PROCESSING,,
11073.5,2025-12-08T16:33:30+00:00,W12319,,RETROFIT_STARTED,WS_01,PROCESSING,,
11122.5,2025-12-08T17:22:30+00:00,W9355,,RETROFIT_COMPLETED,WS_02,COMPLETED,,
11122.5,2025-12-08T17:22:30+00:00,W0680,,RETROFIT_COMPLETED,WS_02,COMPLETED,,
11127.5,2025-12-08T17:27:30+00:00,W2149,,RAKE_COUPLING_STARTED,collection1,COUPLING,,
11127.5,2025-12-08T17:27:30+00:00,W5380,,RAKE_COUPLING_STARTED,collection1,COUPLING,,
11127.5,2025-12-08T17:27:30+00:00,W0875,,RAKE_COUPLING_STARTED,collection1,COUPLING,,
11127.5,2025-12-08T17:27:30+00:00,W9143,,RAKE_COUPLING_STARTED,collection1,COUPLING,,
11127.5,2025-12-08T17:27:30+00:00,W10303,,RAKE_COUPLING_STARTED,collection1,COUPLING,,
11127.5,2025-12-08T17:27:30+00:00,W5395,,RAKE_COUPLING_STARTED,collection1,COUPLING,,
11127.5,2025-12-08T17:27:30+00:00,W2774,,RAKE_COUPLING_STARTED,collection1,COUPLING,,
11133.5,2025-12-08T17:33:30+00:00,W11050,,RETROFIT_COMPLETED,WS_01,COMPLETED,,
11133.5,2025-12-08T17:33:30+00:00,W12319,,RETROFIT_COMPLETED,WS_01,COMPLETED,,
11141.5,2025-12-08T17:41:30+00:00,W8714,,MOVING,collection2,MOVING,,
11142.5,2025-12-08T17:42:30+00:00,W2149,,MOVING,collection1,MOVING,,
11142.5,2025-12-08T17:42:30+00:00,W5380,,MOVING,collection1,MOVING,,
11142.5,2025-12-08T17:42:30+00:00,W0875,,MOVING,collection1,MOVING,,
11142.5,2025-12-08T17:42:30+00:00,W9143,,MOVING,collection1,MOVING,,
11142.5,2025-12-08T17:42:30+00:00,W10303,,MOVING,collection1,MOVING,,
11142.5,2025-12-08T17:42:30+00:00,W5395,,MOVING,collection1,MOVING,,
11142.5,2025-12-08T17:42:30+00:00,W2774,,MOVING,collection1,MOVING,,
11201.5,2025-12-08T18:41:30+00:00,W8714,,ON_RETROFIT_TRACK,retrofit,WAITING,,
11202.5,2025-12-08T18:42:30+00:00,W2149,,ON_RETROFIT_TRACK,retrofit,WAITING,,
11202.5,2025-12-08T18:42:30+00:00,W5380,,ON_RETROFIT_TRACK,retrofit,WAITING,,
11202.5,2025-12-08T18:42:30+00:00,W0875,,ON_RETROFIT_TRACK,retrofit,WAITING,,
11202.5,2025-12-08T18:42:30+00:00,W9143,,ON_RETROFIT_TRACK,retrofit,WAITING,,
11202.5,2025-12-08T18:42:30+00:00,W10303,,ON_RETROFIT_TRACK,retrofit,WAITING,,
11202.5,2025-12-08T18:42:30+00:00,W5395,,ON_RETROFIT_TRACK,retrofit,WAITING,,
11202.5,2025-12-08T18:42:30+00:00,W2774,,ON_RETROFIT_TRACK,retrofit,WAITING,,
11214.5,2025-12-08T18:54:30+00:00,W9355,,RAKE_COUPLING_STARTED,WS_02,COUPLING,,
11214.5,2025-12-08T18:54:30+00:00,W0680,,RAKE_COUPLING_STARTED,WS_02,COUPLING,,
11216.5,2025-12-08T18:56:30+00:00,W9355,,RAKE_COUPLING_COMPLETED,WS_02,WAITING,,
11216.5,2025-12-08T18:56:30+00:00,W0680,,RAKE_COUPLING_COMPLETED,WS_02,WAITING,,
11216.5,2025-12-08T18:56:30+00:00,W9355,,MOVING,WS_02,MOVING,,
11216.5,2025-12-08T18:56:30+00:00,W0680,,MOVING,WS_02,MOVING,,
11221.5,2025-12-08T19:01:30+00:00,W9355,,ON_RETROFITTED_TRACK,retrofitted,WAITING,,
11221.5,2025-12-08T19:01:30+00:00,W0680,,ON_RETROFITTED_TRACK,retrofitted,WAITING,,
11231.5,2025-12-08T19:11:30+00:00,W1040,T152,REJECTED,REJECTED,REJECTED_NO_RETROFIT_NEEDED,No Retrofit Needed,Wagon doesn't need retrofit
11231.5,2025-12-08T19:11:30+00:00,W4380,T152,REJECTED,REJECTED,REJECTED_NO_RETROFIT_NEEDED,No Retrofit Needed,Wagon doesn't need retrofit
11231.5,2025-12-08T19:11:30+00:00,W11050,,RAKE_COUPLING_STARTED,WS_01,COUPLING,,
11231.5,2025-12-08T19:11:30+00:00,W12319,,RAKE_COUPLING_STARTED,WS_01,COUPLING,,
11231.5,2025-12-08T19:11:30+00:00,W9446,T152,REJECTED,REJECTED,REJECTED,NO_COLLECTION_TRACK,No collection track available
11231.5,2025-12-08T19:11:30+00:00,W2844,T152,REJECTED,REJECTED,REJECTED,NO_COLLECTION_TRACK,No collection track available
11231.5,2025-12-08T19:11:30+00:00,W8339,T152,REJECTED,REJECTED,REJECTED,NO_COLLECTION_TRACK,No collection track available
11231.5,2025-12-08T19:11:30+00:00,W0555,T152,REJECTED,REJECTED,REJECTED,NO_COLLECTION_TRACK,No collection track available
11231.5,2025-12-08T19:11:30+00:00,W5992,T152,ARRIVED,collection2,ARRIVED,,
11231.5,2025-12-08T19:11:30+00:00,W9943,T152,ARRIVED,collection2,ARRIVED,,
11231.5,2025-12-08T19:11:30+00:00,W9430,T152,ARRIVED,collection2,ARRIVED,,
11231.5,2025-12-08T19:11:30+00:00,W7598,T152,ARRIVED,collection2,ARRIVED,,
11231.5,2025-12-08T19:11:30+00:00,W7513,T152,ARRIVED,collection2,ARRIVED,,
11233.5,2025-12-08T19:13:30+00:00,W11050,,RAKE_COUPLING_COMPLETED,WS_01,WAITING,,
11233.5,2025-12-08T19:13:30+00:00,W12319,,RAKE_COUPLING_COMPLETED,WS_01,WAITING,,
11233.5,2025-12-08T19:13:30+00:00,W11050,,MOVING,WS_01,MOVING,,
11233.5,2025-12-08T19:13:30+00:00,W12319,,MOVING,WS_01,MOVING,,
11238.5,2025-12-08T19:18:30+00:00,W11050,,ON_RETROFITTED_TRACK,retrofitted,WAITING,,
11238.5,2025-12-08T19:18:30+00:00,W12319,,ON_RETROFITTED_TRACK,retrofitted,WAITING,,
11253.5,2025-12-08T19:33:30+00:00,W6704,,MOVING,retrofit,MOVING,,
11253.5,2025-12-08T19:33:30+00:00,W5415,,MOVING,retrofit,MOVING,,
11256.5,2025-12-08T19:36:30+00:00,W10772,,MOVING,retrofit,MOVING,,
11256.5,2025-12-08T19:36:30+00:00,W5316,,MOVING,retrofit,MOVING,,
11258.5,2025-12-08T19:38:30+00:00,W6704,,AT_WORKSHOP,WS_02,ARRIVED,,
11258.5,2025-12-08T19:38:30+00:00,W5415,,AT_WORKSHOP,WS_02,ARRIVED,,
11261.5,2025-12-08T19:41:30+00:00,W10772,,AT_WORKSHOP,WS_01,ARRIVED,,
11261.5,2025-12-08T19:41:30+00:00,W5316,,AT_WORKSHOP,WS_01,ARRIVED,,
11264.5,2025-12-08T19:44:30+00:00,W6704,,RETROFIT_STARTED,WS_02,PROCESSING,,
11264.5,2025-12-08T19:44:30+00:00,W5415,,RETROFIT_STARTED,WS_02,PROCESSING,,
11267.5,2025-12-08T19:47:30+00:00,W10772,,RETROFIT_STARTED,WS_01,PROCESSING,,
11267.5,2025-12-08T19:47:30+00:00,W5316,,RETROFIT_STARTED,WS_01,PROCESSING,,
11324.5,2025-12-08T20:44:30+00:00,W6704,,RETROFIT_COMPLETED,WS_02,COMPLETED,,
11324.5,2025-12-08T20:44:30+00:00,W5415,,RETROFIT_COMPLETED,WS_02,COMPLETED,,
11327.5,2025-12-08T20:47:30+00:00,W10772,,RETROFIT_COMPLETED,WS_01,COMPLETED,,
11327.5,2025-12-08T20:47:30+00:00,W5316,,RETROFIT_COMPLETED,WS_01,COMPLETED,,
11332.5,2025-12-08T20:52:30+00:00,W7877,,RAKE_COUPLING_STARTED,collection2,COUPLING,,
11332.5,2025-12-08T20:52:30+00:00,W5280,,RAKE_COUPLING_STARTED,collection2,COUPLING,,
11332.5,2025-12-08T20:52:30+00:00,W7897,,RAKE_COUPLING_STARTED,collection2,COUPLING,,
11339.5,2025-12-08T20:59:30+00:00,W7877,,MOVING,collection2,MOVING,,
11339.5,2025-12-08T20:59:30+00:00,W5280,,MOVING,collection2,MOVING,,
11339.5,2025-12-08T20:59:30+00:00,W7897,,MOVING,collection2,MOVING,,
11353.0,2025-12-08T21:13:00+00:00,W5989,,PARKED,parking13,PARKED,,
11353.0,2025-12-08T21:13:00+00:00,W0881,,PARKED,parking13,PARKED,,
11399.5,2025-12-08T21:59:30+00:00,W7877,,ON_RETROFIT_TRACK,retrofit,WAITING,,
11399.5,2025-12-08T21:59:30+00:00,W5280,,ON_RETROFIT_TRACK,retrofit,WAITING,,
11399.5,2025-12-08T21:59:30+00:00,W7897,,ON_RETROFIT_TRACK,retrofit,WAITING,,
11418.0,2025-12-08T22:18:00+00:00,W6704,,RAKE_COUPLING_STARTED,WS_02,COUPLING,,
11418.0,2025-12-08T22:18:00+00:00,W5415,,RAKE_COUPLING_STARTED,WS_02,COUPLING,,
11420.0,2025-12-08T22:20:00+00:00,W6704,,RAKE_COUPLING_COMPLETED,WS_02,WAITING,,
11420.0,2025-12-08T22:20:00+00:00,W5415,,RAKE_COUPLING_COMPLETED,WS_02,WAITING,,
11420.0,2025-12-08T22:20:00+00:00,W6704,,MOVING,WS_02,MOVING,,
11420.0,2025-12-08T22:20:00+00:00,W5415,,MOVING,WS_02,MOVING,,
11424.5,2025-12-08T22:24:30+00:00,W10772,,RAKE_COUPLING_STARTED,WS_01,COUPLING,,
11424.5,2025-12-08T22:24:30+00:00,W5316,,RAKE_COUPLING_STARTED,WS_01,COUPLING,,
11425.0,2025-12-08T22:25:00+00:00,W6704,,ON_RETROFITTED_TRACK,retrofitted,WAITING,,
11425.0,2025-12-08T22:25:00+00:00,W5415,,ON_RETROFITTED_TRACK,retrofitted,WAITING,,
11426.5,2025-12-08T22:26:30+00:00,W10772,,RAKE_COUPLING_COMPLETED,WS_01,WAITING,,
11426.5,2025-12-08T22:26:30+00:00,W5316,,RAKE_COUPLING_COMPLETED,WS_01,WAITING,,
11426.5,2025-12-08T22:26:30+00:00,W10772,,MOVING,WS_01,MOVING,,
11426.5,2025-12-08T22:26:30+00:00,W5316,,MOVING,WS_01,MOVING,,
11431.5,2025-12-08T22:31:30+00:00,W10772,,ON_RETROFITTED_TRACK,retrofitted,WAITING,,
11431.5,2025-12-08T22:31:30+00:00,W5316,,ON_RETROFITTED_TRACK,retrofitted,WAITING,,
11446.5,2025-12-08T22:46:30+00:00,W9043,,MOVING,retrofit,MOVING,,
11446.5,2025-12-08T22:46:30+00:00,W12031,,MOVING,retrofit,MOVING,,
11451.5,2025-12-08T22:51:30+00:00,W9043,,AT_WORKSHOP,WS_02,ARRIVED,,
11451.5,2025-12-08T22:51:30+00:00,W12031,,AT_WORKSHOP,WS_02,ARRIVED,,
11457.5,2025-12-08T22:57:30+00:00,W9043,,RETROFIT_STARTED,WS_02,PROCESSING,,
11457.5,2025-12-08T22:57:30+00:00,W12031,,RETROFIT_STARTED,WS_02,PROCESSING,,
11472.5,2025-12-08T23:12:30+00:00,W8714,,MOVING,retrofit,MOVING,,
11472.5,2025-12-08T23:12:30+00:00,W2149,,MOVING,retrofit,MOVING,,
11477.5,2025-12-08T23:17:30+00:00,W8714,,AT_WORKSHOP,WS_01,ARRIVED,,
11477.5,2025-12-08T23:17:30+00:00,W2149,,AT_WORKSHOP,WS_01,ARRIVED,,
11483.5,2025-12-08T23:23:30+00:00,W8714,,RETROFIT_STARTED,WS_01,PROCESSING,,
11483.5,2025-12-08T23:23:30+00:00,W2149,,RETROFIT_STARTED,WS_01,PROCESSING,,
11517.5,2025-12-08T23:57:30+00:00,W9043,,RETROFIT_COMPLETED,WS_02,COMPLETED,,
11517.5,2025-12-08T23:57:30+00:00,W12031,,RETROFIT_COMPLETED,WS_02,COMPLETED,,
11543.5,2025-12-09T00:23:30+00:00,W8714,,RETROFIT_COMPLETED,WS_01,COMPLETED,,
11543.5,2025-12-09T00:23:30+00:00,W2149,,RETROFIT_COMPLETED,WS_01,COMPLETED,,
11544.25,2025-12-09T00:24:15+00:00,W9046,T153,REJECTED,REJECTED,REJECTED,NO_COLLECTION_TRACK,No collection track available
11544.25,2025-12-09T00:24:15+00:00,W2217,T153,REJECTED,REJECTED,REJECTED,NO_COLLECTION_TRACK,No collection track available
11544.25,2025-12-09T00:24:15+00:00,W10976,T153,REJECTED,REJECTED,REJECTED,NO_COLLECTION_TRACK,No collection track available
11544.25,2025-12-09T00:24:15+00:00,W2225,T153,REJECTED,REJECTED,REJECTED,NO_COLLECTION_TRACK,No collection track available
11544.25,2025-12-09T00:24:15+00:00,W4491,T153,REJECTED,REJECTED,REJECTED,NO_COLLECTION_TRACK,No collection track available
11544.25,2025-12-09T00:24:15+00:00,W12383,T153,ARRIVED,collection1,ARRIVED,,
11544.25,2025-12-09T00:24:15+00:00,W9843,T153,ARRIVED,collection1,ARRIVED,,
11544.25,2025-12-09T00:24:15+00:00,W4473,T153,ARRIVED,collection1,ARRIVED,,
11544.25,2025-12-09T00:24:15+00:00,W9727,T153,ARRIVED,collection2,ARRIVED,,
11548.5,2025-12-09T00:28:30+00:00,W10233,,RAKE_COUPLING_STARTED,collection1,COUPLING,,
11548.5,2025-12-09T00:28:30+00:00,W2815,,RAKE_COUPLING_STARTED,collection1,COUPLING,,
11548.5,2025-12-09T00:28:30+00:00,W2846,,RAKE_COUPLING_STARTED,collection1,COUPLING,,
11555.5,2025-12-09T00:35:30+00:00,W10233,,MOVING,collection1,MOVING,,
11555.5,2025-12-09T00:35:30+00:00,W2815,,MOVING,collection1,MOVING,,
11555.5,2025-12-09T00:35:30+00:00,W2846,,MOVING,collection1,MOVING,,
11561.5,2025-12-09T00:41:30+00:00,W9355,,PARKED,parking16,PARKED,,
11561.5,2025-12-09T00:41:30+00:00,W0680,,PARKED,parking16,PARKED,,
11561.5,2025-12-09T00:41:30+00:00,W11050,,PARKED,parking16,PARKED,,
11561.5,2025-12-09T00:41:30+00:00,W12319,,PARKED,parking16,PARKED,,
11615.5,2025-12-09T01:35:30+00:00,W10233,,ON_RETROFIT_TRACK,retrofit,WAITING,,
11615.5,2025-12-09T01:35:30+00:00,W2815,,ON_RETROFIT_TRACK,retrofit,WAITING,,
11615.5,2025-12-09T01:35:30+00:00,W2846,,ON_RETROFIT_TRACK,retrofit,WAITING,,
11626.5,2025-12-09T01:46:30+00:00,W9043,,RAKE_COUPLING_STARTED,WS_02,COUPLING,,
11626.5,2025-12-09T01:46:30+00:00,W12031,,RAKE_COUPLING_STARTED,WS_02,COUPLING,,
11628.5,2025-12-09T01:48:30+00:00,W9043,,RAKE_COUPLING_COMPLETED,WS_02,WAITING,,
11628.5,2025-12-09T01:48:30+00:00,W12031,,RAKE_COUPLING_COMPLETED,WS_02,WAITING,,
11628.5,2025-12-09T01:48:30+00:00,W9043,,MOVING,WS_02,MOVING,,
11628.5,2025-12-09T01:48:30+00:00,W12031,,MOVING,WS_02,MOVING,,
11633.5,2025-12-09T01:53:30+00:00,W9043,,ON_RETROFITTED_TRACK,retrofitted,WAITING,,
11633.5,2025-12-09T01:53:30+00:00,W12031,,ON_RETROFITTED_TRACK,retrofitted,WAITING,,
11640.5,2025-12-09T02:00:30+00:00,W8714,,RAKE_COUPLING_STARTED,WS_01,COUPLING,,
11640.5,2025-12-09T02:00:30+00:00,W2149,,RAKE_COUPLING_STARTED,WS_01,COUPLING,,
11642.5,2025-12-09T02:02:30+00:00,W8714,,RAKE_COUPLING_COMPLETED,WS_01,WAITING,,
11642.5,2025-12-09T02:02:30+00:00,W2149,,RAKE_COUPLING_COMPLETED,WS_01,WAITING,,
11642.5,2025-12-09T02:02:30+00:00,W8714,,MOVING,WS_01,MOVING,,
11642.5,2025-12-09T02:02:30+00:00,W2149,,MOVING,WS_01,MOVING,,
11647.5,2025-12-09T02:07:30+00:00,W8714,,ON_RETROFITTED_TRACK,retrofitted,WAITING,,
11647.5,2025-12-09T02:07:30+00:00,W2149,,ON_RETROFITTED_TRACK,retrofitted,WAITING,,
11662.5,2025-12-09T02:22:30+00:00,W5380,,MOVING,retrofit,MOVING,,
11662.5,2025-12-09T02:22:30+00:00,W0875,,MOVING,retrofit,MOVING,,
11667.5,2025-12-09T02:27:30+00:00,W5380,,AT_WORKSHOP,WS_02,ARRIVED,,
11667.5,2025-12-09T02:27:30+00:00,W0875,,AT_WORKSHOP,WS_02,ARRIVED,,
11673.5,2025-12-09T02:33:30+00:00,W5380,,RETROFIT_STARTED,WS_02,PROCESSING,,
11673.5,2025-12-09T02:33:30+00:00,W0875,,RETROFIT_STARTED,WS_02,PROCESSING,,
11688.5,2025-12-09T02:48:30+00:00,W9143,,MOVING,retrofit,MOVING,,
11688.5,2025-12-09T02:48:30+00:00,W10303,,MOVING,retrofit,MOVING,,
11693.5,2025-12-09T02:53:30+00:00,W9143,,AT_WORKSHOP,WS_01,ARRIVED,,
11693.5,2025-12-09T02:53:30+00:00,W10303,,AT_WORKSHOP,WS_01,ARRIVED,,
11699.5,2025-12-09T02:59:30+00:00,W9143,,RETROFIT_STARTED,WS_01,PROCESSING,,
11699.5,2025-12-09T02:59:30+00:00,W10303,,RETROFIT_STARTED,WS_01,PROCESSING,,
11705.25,2025-12-09T03:05:15+00:00,W1826,T154,REJECTED,REJECTED,REJECTED,NO_COLLECTION_TRACK,No collection track available
11705.25,2025-12-09T03:05:15+00:00,W8494,T154,REJECTED,REJECTED,REJECTED,NO_COLLECTION_TRACK,No collection track available
11705.25,2025-12-09T03:05:15+00:00,W1427,T154,REJECTED,REJECTED,REJECTED,NO_COLLECTION_TRACK,No collection track available
11705.25,2025-12-09T03:05:15+00:00,W3860,T154,REJECTED,REJECTED,REJECTED,NO_COLLECTION_TRACK,No collection track available
11705.25,2025-12-09T03:05:15+00:00,W6848,T154,ARRIVED,collection1,ARRIVED,,
11705.25,2025-12-09T03:05:15+00:00,W11356,T154,ARRIVED,collection1,ARRIVED,,
11705.25,2025-12-09T03:05:15+00:00,W4223,T154,ARRIVED,collection1,ARRIVED,,
11725.0,2025-12-09T03:25:00+00:00,W6704,,PARKED,parking13,PARKED,,
11725.0,2025-12-09T03:25:00+00:00,W5415,,PARKED,parking13,PARKED,,
11725.0,2025-12-09T03:25:00+00:00,W10772,,PARKED,parking13,PARKED,,
11725.0,2025-12-09T03:25:00+00:00,W5316,,PARKED,parking13,PARKED,,
11733.5,2025-12-09T03:33:30+00:00,W5380,,RETROFIT_COMPLETED,WS_02,COMPLETED,,
11733.5,2025-12-09T03:33:30+00:00,W0875,,RETROFIT_COMPLETED,WS_02,COMPLETED,,
11759.5,2025-12-09T03:59:30+00:00,W9143,,RETROFIT_COMPLETED,WS_01,COMPLETED,,
11759.5,2025-12-09T03:59:30+00:00,W10303,,RETROFIT_COMPLETED,WS_01,COMPLETED,,
11767.5,2025-12-09T04:07:30+00:00,W10441,,MOVING,collection2,MOVING,,
11790.0,2025-12-09T04:30:00+00:00,W5380,,RAKE_COUPLING_STARTED,WS_02,COUPLING,,
11790.0,2025-12-09T04:30:00+00:00,W0875,,RAKE_COUPLING_STARTED,WS_02,COUPLING,,
11792.0,2025-12-09T04:32:00+00:00,W5380,,RAKE_COUPLING_COMPLETED,WS_02,WAITING,,
11792.0,2025-12-09T04:32:00+00:00,W0875,,RAKE_COUPLING_COMPLETED,WS_02,WAITING,,
11792.0,2025-12-09T04:32:00+00:00,W5380,,MOVING,WS_02,MOVING,,
11792.0,2025-12-09T04:32:00+00:00,W0875,,MOVING,WS_02,MOVING,,
11797.0,2025-12-09T04:37:00+00:00,W5380,,ON_RETROFITTED_TRACK,retrofitted,WAITING,,
11797.0,2025-12-09T04:37:00+00:00,W0875,,ON_RETROFITTED_TRACK,retrofitted,WAITING,,
11807.0,2025-12-09T04:47:00+00:00,W9143,,RAKE_COUPLING_STARTED,WS_01,COUPLING,,
11807.0,2025-12-09T04:47:00+00:00,W10303,,RAKE_COUPLING_STARTED,WS_01,COUPLING,,
11809.0,2025-12-09T04:49:00+00:00,W9143,,RAKE_COUPLING_COMPLETED,WS_01,WAITING,,
11809.0,2025-12-09T04:49:00+00:00,W10303,,RAKE_COUPLING_COMPLETED,WS_01,WAITING,,
11809.0,2025-12-09T04:49:00+00:00,W9143,,MOVING,WS_01,MOVING,,
11809.0,2025-12-09T04:49:00+00:00,W10303,,MOVING,WS_01,MOVING,,
11814.0,2025-12-09T04:54:00+00:00,W9143,,ON_RETROFITTED_TRACK,retrofitted,WAITING,,
11814.0,2025-12-09T04:54:00+00:00,W10303,,ON_RETROFITTED_TRACK,retrofitted,WAITING,,
11827.5,2025-12-09T05:07:30+00:00,W10441,,ON_RETROFIT_TRACK,retrofit,WAITING,,
11829.0,2025-12-09T05:09:00+00:00,W5395,,MOVING,retrofit,MOVING,,
11829.0,2025-12-09T05:09:00+00:00,W2774,,MOVING,retrofit,MOVING,,
11829.75,2025-12-09T05:09:45+00:00,W7791,T155,REJECTED,REJECTED,REJECTED,NO_COLLECTION_TRACK,No collection track available
11834.0,2025-12-09T05:14:00+00:00,W5395,,AT_WORKSHOP,WS_02,ARRIVED,,
11834.0,2025-12-09T05:14:00+00:00,W2774,,AT_WORKSHOP,WS_02,ARRIVED,,
11840.0,2025-12-09T05:20:00+00:00,W5395,,RETROFIT_STARTED,WS_02,PROCESSING,,
11840.0,2025-12-09T05:20:00+00:00,W2774,,RETROFIT_STARTED,WS_02,PROCESSING,,
11845.5,2025-12-09T05:25:30+00:00,W7877,,MOVING,retrofit,MOVING,,
11845.5,2025-12-09T05:25:30+00:00,W5280,,MOVING,retrofit,MOVING,,
11849.0,2025-12-09T05:29:00+00:00,W0237,T156,REJECTED,REJECTED,REJECTED_NO_RETROFIT_NEEDED,No Retrofit Needed,Wagon doesn't need retrofit
11850.5,2025-12-09T05:30:30+00:00,W7877,,AT_WORKSHOP,WS_01,ARRIVED,,
11850.5,2025-12-09T05:30:30+00:00,W5280,,AT_WORKSHOP,WS_01,ARRIVED,,
11856.5,2025-12-09T05:36:30+00:00,W7877,,RETROFIT_STARTED,WS_01,PROCESSING,,
11856.5,2025-12-09T05:36:30+00:00,W5280,,RETROFIT_STARTED,WS_01,PROCESSING,,
11900.0,2025-12-09T06:20:00+00:00,W5395,,RETROFIT_COMPLETED,WS_02,COMPLETED,,
11900.0,2025-12-09T06:20:00+00:00,W2774,,RETROFIT_COMPLETED,WS_02,COMPLETED,,
11913.75,2025-12-09T06:33:45+00:00,W0948,T157,REJECTED,REJECTED,REJECTED_NO_RETROFIT_NEEDED,No Retrofit Needed,Wagon doesn't need retrofit
11916.5,2025-12-09T06:36:30+00:00,W7877,,RETROFIT_COMPLETED,WS_01,COMPLETED,,
11916.5,2025-12-09T06:36:30+00:00,W5280,,RETROFIT_COMPLETED,WS_01,COMPLETED,,
11916.5,2025-12-09T06:36:30+00:00,W9043,,PARKED,parking12,PARKED,,
11916.5,2025-12-09T06:36:30+00:00,W12031,,PARKED,parking12,PARKED,,
11916.5,2025-12-09T06:36:30+00:00,W8714,,PARKED,parking12,PARKED,,
11916.5,2025-12-09T06:36:30+00:00,W2149,,PARKED,parking12,PARKED,,
11921.5,2025-12-09T06:41:30+00:00,W5760,,RAKE_COUPLING_STARTED,collection1,COUPLING,,
11921.5,2025-12-09T06:41:30+00:00,W4802,,RAKE_COUPLING_STARTED,collection1,COUPLING,,
11921.5,2025-12-09T06:41:30+00:00,W2910,,RAKE_COUPLING_STARTED,collection1,COUPLING,,
11928.5,2025-12-09T06:48:30+00:00,W5760,,MOVING,collection1,MOVING,,
11928.5,2025-12-09T06:48:30+00:00,W4802,,MOVING,collection1,MOVING,,
11928.5,2025-12-09T06:48:30+00:00,W2910,,MOVING,collection1,MOVING,,
11981.5,2025-12-09T07:41:30+00:00,W5395,,RAKE_COUPLING_STARTED,WS_02,COUPLING,,
11981.5,2025-12-09T07:41:30+00:00,W2774,,RAKE_COUPLING_STARTED,WS_02,COUPLING,,
11983.5,2025-12-09T07:43:30+00:00,W5395,,RAKE_COUPLING_COMPLETED,WS_02,WAITING,,
11983.5,2025-12-09T07:43:30+00:00,W2774,,RAKE_COUPLING_COMPLETED,WS_02,WAITING,,
11983.5,2025-12-09T07:43:30+00:00,W5395,,MOVING,WS_02,MOVING,,
11983.5,2025-12-09T07:43:30+00:00,W2774,,MOVING,WS_02,MOVING,,
11988.5,2025-12-09T07:48:30+00:00,W5760,,ON_RETROFIT_TRACK,retrofit,WAITING,,
11988.5,2025-12-09T07:48:30+00:00,W4802,,ON_RETROFIT_TRACK,retrofit,WAITING,,
11988.5,2025-12-09T07:48:30+00:00,W2910,,ON_RETROFIT_TRACK,retrofit,WAITING,,
11988.5,2025-12-09T07:48:30+00:00,W5395,,ON_RETROFITTED_TRACK,retrofitted,WAITING,,
11988.5,2025-12-09T07:48:30+00:00,W2774,,ON_RETROFITTED_TRACK,retrofitted,WAITING,,
11998.5,2025-12-09T07:58:30+00:00,W7877,,RAKE_COUPLING_STARTED,WS_01,COUPLING,,
11998.5,2025-12-09T07:58:30+00:00,W5280,,RAKE_COUPLING_STARTED,WS_01,COUPLING,,
12000.5,2025-12-09T08:00:30+00:00,W7877,,RAKE_COUPLING_COMPLETED,WS_01,WAITING,,
12000.5,2025-12-09T08:00:30+00:00,W5280,,RAKE_COUPLING_COMPLETED,WS_01,WAITING,,
12000.5,2025-12-09T08:00:30+00:00,W7877,,MOVING,WS_01,MOVING,,
12000.5,2025-12-09T08:00:30+00:00,W5280,,MOVING,WS_01,MOVING,,
12005.5,2025-12-09T08:05:30+00:00,W7877,,ON_RETROFITTED_TRACK,retrofitted,WAITING,,
12005.5,2025-12-09T08:05:30+00:00,W5280,,ON_RETROFITTED_TRACK,retrofitted,WAITING,,
12018.5,2025-12-09T08:18:30+00:00,W7897,,MOVING,retrofit,MOVING,,
12018.5,2025-12-09T08:18:30+00:00,W10233,,MOVING,retrofit,MOVING,,
12023.5,2025-12-09T08:23:30+00:00,W7897,,AT_WORKSHOP,WS_02,ARRIVED,,
12023.5,2025-12-09T08:23:30+00:00,W10233,,AT_WORKSHOP,WS_02,ARRIVED,,
12029.5,2025-12-09T08:29:30+00:00,W7897,,RETROFIT_STARTED,WS_02,PROCESSING,,
12029.5,2025-12-09T08:29:30+00:00,W10233,,RETROFIT_STARTED,WS_02,PROCESSING,,
12044.5,2025-12-09T08:44:30+00:00,W2815,,MOVING,retrofit,MOVING,,
12044.5,2025-12-09T08:44:30+00:00,W2846,,MOVING,retrofit,MOVING,,
12046.0,2025-12-09T08:46:00+00:00,W0020,T158,REJECTED,REJECTED,REJECTED_NO_RETROFIT_NEEDED,No Retrofit Needed,Wagon doesn't need retrofit
12046.0,2025-12-09T08:46:00+00:00,W0023,T158,ARRIVED,collection1,ARRIVED,,
12046.0,2025-12-09T08:46:00+00:00,W10397,T158,ARRIVED,collection1,ARRIVED,,
12046.0,2025-12-09T08:46:00+00:00,W0674,T158,ARRIVED,collection2,ARRIVED,,
12046.0,2025-12-09T08:46:00+00:00,W5420,T158,ARRIVED,collection2,ARRIVED,,
12046.0,2025-12-09T08:46:00+00:00,W6936,T158,ARRIVED,collection2,ARRIVED,,
12049.5,2025-12-09T08:49:30+00:00,W2815,,AT_WORKSHOP,WS_01,ARRIVED,,
12049.5,2025-12-09T08:49:30+00:00,W2846,,AT_WORKSHOP,WS_01,ARRIVED,,
12055.5,2025-12-09T08:55:30+00:00,W2815,,RETROFIT_STARTED,WS_01,PROCESSING,,
12055.5,2025-12-09T08:55:30+00:00,W2846,,RETROFIT_STARTED,WS_01,PROCESSING,,
12089.5,2025-12-09T09:29:30+00:00,W7897,,RETROFIT_COMPLETED,WS_02,COMPLETED,,
12089.5,2025-12-09T09:29:30+00:00,W10233,,RETROFIT_COMPLETED,WS_02,COMPLETED,,
12097.0,2025-12-09T09:37:00+00:00,W5380,,PARKED,parking15,PARKED,,
12097.0,2025-12-09T09:37:00+00:00,W0875,,PARKED,parking15,PARKED,,
12097.0,2025-12-09T09:37:00+00:00,W9143,,PARKED,parking15,PARKED,,
12097.0,2025-12-09T09:37:00+00:00,W10303,,PARKED,parking15,PARKED,,
12115.5,2025-12-09T09:55:30+00:00,W2815,,RETROFIT_COMPLETED,WS_01,COMPLETED,,
12115.5,2025-12-09T09:55:30+00:00,W2846,,RETROFIT_COMPLETED,WS_01,COMPLETED,,
12120.5,2025-12-09T10:00:30+00:00,W10435,,RAKE_COUPLING_STARTED,collection2,COUPLING,,
12120.5,2025-12-09T10:00:30+00:00,W1122,,RAKE_COUPLING_STARTED,collection2,COUPLING,,
12120.5,2025-12-09T10:00:30+00:00,W1120,,RAKE_COUPLING_STARTED,collection2,COUPLING,,
12120.5,2025-12-09T10:00:30+00:00,W11518,,RAKE_COUPLING_STARTED,collection2,COUPLING,,
12120.5,2025-12-09T10:00:30+00:00,W9071,,RAKE_COUPLING_STARTED,collection2,COUPLING,,
12120.5,2025-12-09T10:00:30+00:00,W4506,,RAKE_COUPLING_STARTED,collection2,COUPLING,,
12120.5,2025-12-09T10:00:30+00:00,W1439,,RAKE_COUPLING_STARTED,collection2,COUPLING,,
12135.5,2025-12-09T10:15:30+00:00,W10435,,MOVING,collection2,MOVING,,
12135.5,2025-12-09T10:15:30+00:00,W1122,,MOVING,collection2,MOVING,,
12135.5,2025-12-09T10:15:30+00:00,W1120,,MOVING,collection2,MOVING,,
12135.5,2025-12-09T10:15:30+00:00,W11518,,MOVING,collection2,MOVING,,
12135.5,2025-12-09T10:15:30+00:00,W9071,,MOVING,collection2,MOVING,,
12135.5,2025-12-09T10:15:30+00:00,W4506,,MOVING,collection2,MOVING,,
12135.5,2025-12-09T10:15:30+00:00,W1439,,MOVING,collection2,MOVING,,
12162.0,2025-12-09T10:42:00+00:00,W7897,,RAKE_COUPLING_STARTED,WS_02,COUPLING,,
12162.0,2025-12-09T10:42:00+00:00,W10233,,RAKE_COUPLING_STARTED,WS_02,COUPLING,,
12164.0,2025-12-09T10:44:00+00:00,W7897,,RAKE_COUPLING_COMPLETED,WS_02,WAITING,,
12164.0,2025-12-09T10:44:00+00:00,W10233,,RAKE_COUPLING_COMPLETED,WS_02,WAITING,,
12164.0,2025-12-09T10:44:00+00:00,W7897,,MOVING,WS_02,MOVING,,
12164.0,2025-12-09T10:44:00+00:00,W10233,,MOVING,WS_02,MOVING,,
12169.0,2025-12-09T10:49:00+00:00,W7897,,ON_RETROFITTED_TRACK,retrofitted,WAITING,,
12169.0,2025-12-09T10:49:00+00:00,W10233,,ON_RETROFITTED_TRACK,retrofitted,WAITING,,
12179.0,2025-12-09T10:59:00+00:00,W2815,,RAKE_COUPLING_STARTED,WS_01,COUPLING,,
12179.0,2025-12-09T10:59:00+00:00,W2846,,RAKE_COUPLING_STARTED,WS_01,COUPLING,,
12181.0,2025-12-09T11:01:00+00:00,W2815,,RAKE_COUPLING_COMPLETED,WS_01,WAITING,,
12181.0,2025-12-09T11:01:00+00:00,W2846,,RAKE_COUPLING_COMPLETED,WS_01,WAITING,,
12181.0,2025-12-09T11:01:00+00:00,W2815,,MOVING,WS_01,MOVING,,
12181.0,2025-12-09T11:01:00+00:00,W2846,,MOVING,WS_01,MOVING,,
12186.0,2025-12-09T11:06:00+00:00,W2815,,ON_RETROFITTED_TRACK,retrofitted,WAITING,,
12186.0,2025-12-09T11:06:00+00:00,W2846,,ON_RETROFITTED_TRACK,retrofitted,WAITING,,
12195.5,2025-12-09T11:15:30+00:00,W10435,,ON_RETROFIT_TRACK,retrofit,WAITING,,
12195.5,2025-12-09T11:15:30+00:00,W1122,,ON_RETROFIT_TRACK,retrofit,WAITING,,
12195.5,2025-12-09T11:15:30+00:00,W1120,,ON_RETROFIT_TRACK,retrofit,WAITING,,
12195.5,2025-12-09T11:15:30+00:00,W11518,,ON_RETROFIT_TRACK,retrofit,WAITING,,
12195.5,2025-12-09T11:15:30+00:00,W9071,,ON_RETROFIT_TRACK,retrofit,WAITING,,
12195.5,2025-12-09T11:15:30+00:00,W4506,,ON_RETROFIT_TRACK,retrofit,WAITING,,
12195.5,2025-12-09T11:15:30+00:00,W1439,,ON_RETROFIT_TRACK,retrofit,WAITING,,
12201.0,2025-12-09T11:21:00+00:00,W10441,,MOVING,retrofit,MOVING,,
12201.0,2025-12-09T11:21:00+00:00,W5760,,MOVING,retrofit,MOVING,,
12205.25,2025-12-09T11:25:15+00:00,W12182,T159,REJECTED,REJECTED,REJECTED,NO_COLLECTION_TRACK,No collection track available
12205.25,2025-12-09T11:25:15+00:00,W3230,T159,ARRIVED,collection2,ARRIVED,,
12205.25,2025-12-09T11:25:15+00:00,W5411,T159,ARRIVED,collection2,ARRIVED,,
12205.25,2025-12-09T11:25:15+00:00,W11513,T159,ARRIVED,collection2,ARRIVED,,
12205.25,2025-12-09T11:25:15+00:00,W3087,T159,ARRIVED,collection2,ARRIVED,,
12206.0,2025-12-09T11:26:00+00:00,W10441,,AT_WORKSHOP,WS_02,ARRIVED,,
12206.0,2025-12-09T11:26:00+00:00,W5760,,AT_WORKSHOP,WS_02,ARRIVED,,
12212.0,2025-12-09T11:32:00+00:00,W10441,,RETROFIT_STARTED,WS_02,PROCESSING,,
12212.0,2025-12-09T11:32:00+00:00,W5760,,RETROFIT_STARTED,WS_02,PROCESSING,,
12226.5,2025-12-09T11:46:30+00:00,W4285,T160,REJECTED,REJECTED,REJECTED,NO_COLLECTION_TRACK,No collection track available
12226.5,2025-12-09T11:46:30+00:00,W3948,T160,REJECTED,REJECTED,REJECTED,NO_COLLECTION_TRACK,No collection track available
12226.5,2025-12-09T11:46:30+00:00,W3752,T160,REJECTED,REJECTED,REJECTED,NO_COLLECTION_TRACK,No collection track available
12226.5,2025-12-09T11:46:30+00:00,W4298,T160,REJECTED,REJECTED,REJECTED,NO_COLLECTION_TRACK,No collection track available
12226.5,2025-12-09T11:46:30+00:00,W0039,T160,ARRIVED,collection1,ARRIVED,,
12226.5,2025-12-09T11:46:30+00:00,W4885,T160,ARRIVED,collection2,ARRIVED,,
12227.0,2025-12-09T11:47:00+00:00,W4802,,MOVING,retrofit,MOVING,,
12227.0,2025-12-09T11:47:00+00:00,W2910,,MOVING,retrofit,MOVING,,
12232.0,2025-12-09T11:52:00+00:00,W4802,,AT_WORKSHOP,WS_01,ARRIVED,,
12232.0,2025-12-09T11:52:00+00:00,W2910,,AT_WORKSHOP,WS_01,ARRIVED,,
12234.0,2025-12-09T11:54:00+00:00,W10284,T161,REJECTED,REJECTED,REJECTED_NO_RETROFIT_NEEDED,No Retrofit Needed,Wagon doesn't need retrofit
12234.0,2025-12-09T11:54:00+00:00,W9967,T161,REJECTED,REJECTED,REJECTED,NO_COLLECTION_TRACK,No collection track available
12234.0,2025-12-09T11:54:00+00:00,W10568,T161,REJECTED,REJECTED,REJECTED,NO_COLLECTION_TRACK,No collection track available
12234.0,2025-12-09T11:54:00+00:00,W10590,T161,REJECTED,REJECTED,REJECTED,NO_COLLECTION_TRACK,No collection track available
12234.0,2025-12-09T11:54:00+00:00,W10269,T161,REJECTED,REJECTED,REJECTED,NO_COLLECTION_TRACK,No collection track available
12238.0,2025-12-09T11:58:00+00:00,W4802,,RETROFIT_STARTED,WS_01,PROCESSING,,
12238.0,2025-12-09T11:58:00+00:00,W2910,,RETROFIT_STARTED,WS_01,PROCESSING,,
12256.0,2025-12-09T12:16:00+00:00,W5395,,PARKED,parking9,PARKED,,
12256.0,2025-12-09T12:16:00+00:00,W2774,,PARKED,parking9,PARKED,,
12256.0,2025-12-09T12:16:00+00:00,W7877,,PARKED,parking9,PARKED,,
12256.0,2025-12-09T12:16:00+00:00,W5280,,PARKED,parking9,PARKED,,
12272.0,2025-12-09T12:32:00+00:00,W10441,,RETROFIT_COMPLETED,WS_02,COMPLETED,,
12272.0,2025-12-09T12:32:00+00:00,W5760,,RETROFIT_COMPLETED,WS_02,COMPLETED,,
12298.0,2025-12-09T12:58:00+00:00,W4802,,RETROFIT_COMPLETED,WS_01,COMPLETED,,
12298.0,2025-12-09T12:58:00+00:00,W2910,,RETROFIT_COMPLETED,WS_01,COMPLETED,,
12303.0,2025-12-09T13:03:00+00:00,W0681,,RAKE_COUPLING_STARTED,collection1,COUPLING,,
12303.0,2025-12-09T13:03:00+00:00,W8552,,RAKE_COUPLING_STARTED,collection1,COUPLING,,
12308.0,2025-12-09T13:08:00+00:00,W0681,,MOVING,collection1,MOVING,,
12308.0,2025-12-09T13:08:00+00:00,W8552,,MOVING,collection1,MOVING,,
12314.25,2025-12-09T13:14:15+00:00,W10878,T162,REJECTED,REJECTED,REJECTED_NO_RETROFIT_NEEDED,No Retrofit Needed,Wagon doesn't need retrofit
12314.25,2025-12-09T13:14:15+00:00,W11259,T162,REJECTED,REJECTED,REJECTED_NO_RETROFIT_NEEDED,No Retrofit Needed,Wagon doesn't need retrofit
12314.25,2025-12-09T13:14:15+00:00,W5173,T162,REJECTED,REJECTED,REJECTED_NO_RETROFIT_NEEDED,No Retrofit Needed,Wagon doesn't need retrofit
12314.25,2025-12-09T13:14:15+00:00,W5346,T162,ARRIVED,collection2,ARRIVED,,
12321.0,2025-12-09T13:21:00+00:00,W10883,,RAKE_COUPLING_STARTED,collection2,COUPLING,,
12321.0,2025-12-09T13:21:00+00:00,W10896,,RAKE_COUPLING_STARTED,collection2,COUPLING,,
12321.0,2025-12-09T13:21:00+00:00,W6421,,RAKE_COUPLING_STARTED,collection2,COUPLING,,
12321.0,2025-12-09T13:21:00+00:00,W10100,,RAKE_COUPLING_STARTED,collection2,COUPLING,,
12321.0,2025-12-09T13:21:00+00:00,W2165,,RAKE_COUPLING_STARTED,collection2,COUPLING,,
12321.0,2025-12-09T13:21:00+00:00,W6323,,RAKE_COUPLING_STARTED,collection2,COUPLING,,
12321.0,2025-12-09T13:21:00+00:00,W6989,,RAKE_COUPLING_STARTED,collection2,COUPLING,,
12321.0,2025-12-09T13:21:00+00:00,W12116,,RAKE_COUPLING_STARTED,collection2,COUPLING,,
12338.0,2025-12-09T13:38:00+00:00,W10883,,MOVING,collection2,MOVING,,
12338.0,2025-12-09T13:38:00+00:00,W10896,,MOVING,collection2,MOVING,,
12338.0,2025-12-09T13:38:00+00:00,W6421,,MOVING,collection2,MOVING,,
12338.0,2025-12-09T13:38:00+00:00,W10100,,MOVING,collection2,MOVING,,
12338.0,2025-12-09T13:38:00+00:00,W2165,,MOVING,collection2,MOVING,,
12338.0,2025-12-09T13:38:00+00:00,W6323,,MOVING,collection2,MOVING,,
12338.0,2025-12-09T13:38:00+00:00,W6989,,MOVING,collection2,MOVING,,
12338.0,2025-12-09T13:38:00+00:00,W12116,,MOVING,collection2,MOVING,,
12368.0,2025-12-09T14:08:00+00:00,W0681,,ON_RETROFIT_TRACK,retrofit,WAITING,,
12368.0,2025-12-09T14:08:00+00:00,W8552,,ON_RETROFIT_TRACK,retrofit,WAITING,,
12376.5,2025-12-09T14:16:30+00:00,W4370,T163,ARRIVED,collection2,ARRIVED,,
12376.5,2025-12-09T14:16:30+00:00,W9406,T163,ARRIVED,collection2,ARRIVED,,
12376.5,2025-12-09T14:16:30+00:00,W5153,T163,ARRIVED,collection2,ARRIVED,,
12387.0,2025-12-09T14:27:00+00:00,W10441,,RAKE_COUPLING_STARTED,WS_02,COUPLING,,
12387.0,2025-12-09T14:27:00+00:00,W5760,,RAKE_COUPLING_STARTED,WS_02,COUPLING,,
12389.0,2025-12-09T14:29:00+00:00,W10441,,RAKE_COUPLING_COMPLETED,WS_02,WAITING,,
12389.0,2025-12-09T14:29:00+00:00,W5760,,RAKE_COUPLING_COMPLETED,WS_02,WAITING,,
12389.0,2025-12-09T14:29:00+00:00,W10441,,MOVING,WS_02,MOVING,,
12389.0,2025-12-09T14:29:00+00:00,W5760,,MOVING,WS_02,MOVING,,
12394.0,2025-12-09T14:34:00+00:00,W10441,,ON_RETROFITTED_TRACK,retrofitted,WAITING,,
12394.0,2025-12-09T14:34:00+00:00,W5760,,ON_RETROFITTED_TRACK,retrofitted,WAITING,,
12398.0,2025-12-09T14:38:00+00:00,W10883,,ON_RETROFIT_TRACK,retrofit,WAITING,,
12398.0,2025-12-09T14:38:00+00:00,W10896,,ON_RETROFIT_TRACK,retrofit,WAITING,,
12398.0,2025-12-09T14:38:00+00:00,W6421,,ON_RETROFIT_TRACK,retrofit,WAITING,,
12398.0,2025-12-09T14:38:00+00:00,W10100,,ON_RETROFIT_TRACK,retrofit,WAITING,,
12398.0,2025-12-09T14:38:00+00:00,W2165,,ON_RETROFIT_TRACK,retrofit,WAITING,,
12398.0,2025-12-09T14:38:00+00:00,W6323,,ON_RETROFIT_TRACK,retrofit,WAITING,,
12398.0,2025-12-09T14:38:00+00:00,W6989,,ON_RETROFIT_TRACK,retrofit,WAITING,,
12398.0,2025-12-09T14:38:00+00:00,W12116,,ON_RETROFIT_TRACK,retrofit,WAITING,,
12404.0,2025-12-09T14:44:00+00:00,W4802,,RAKE_COUPLING_STARTED,WS_01,COUPLING,,
12404.0,2025-12-09T14:44:00+00:00,W2910,,RAKE_COUPLING_STARTED,WS_01,COUPLING,,
12404.0,2025-12-09T14:44:00+00:00,W2916,T164,ARRIVED,collection1,ARRIVED,,
12406.0,2025-12-09T14:46:00+00:00,W4802,,RAKE_COUPLING_COMPLETED,WS_01,WAITING,,
12406.0,2025-12-09T14:46:00+00:00,W2910,,RAKE_COUPLING_COMPLETED,WS_01,WAITING,,
12406.0,2025-12-09T14:46:00+00:00,W4802,,MOVING,WS_01,MOVING,,
12406.0,2025-12-09T14:46:00+00:00,W2910,,MOVING,WS_01,MOVING,,
12411.0,2025-12-09T14:51:00+00:00,W4802,,ON_RETROFITTED_TRACK,retrofitted,WAITING,,
12411.0,2025-12-09T14:51:00+00:00,W2910,,ON_RETROFITTED_TRACK,retrofitted,WAITING,,
12426.0,2025-12-09T15:06:00+00:00,W10435,,MOVING,retrofit,MOVING,,
12426.0,2025-12-09T15:06:00+00:00,W1122,,MOVING,retrofit,MOVING,,
12431.0,2025-12-09T15:11:00+00:00,W10435,,AT_WORKSHOP,WS_02,ARRIVED,,
12431.0,2025-12-09T15:11:00+00:00,W1122,,AT_WORKSHOP,WS_02,ARRIVED,,
12437.0,2025-12-09T15:17:00+00:00,W10435,,RETROFIT_STARTED,WS_02,PROCESSING,,
12437.0,2025-12-09T15:17:00+00:00,W1122,,RETROFIT_STARTED,WS_02,PROCESSING,,
12452.0,2025-12-09T15:32:00+00:00,W1120,,MOVING,retrofit,MOVING,,
12452.0,2025-12-09T15:32:00+00:00,W11518,,MOVING,retrofit,MOVING,,
12457.0,2025-12-09T15:37:00+00:00,W1120,,AT_WORKSHOP,WS_01,ARRIVED,,
12457.0,2025-12-09T15:37:00+00:00,W11518,,AT_WORKSHOP,WS_01,ARRIVED,,
12463.0,2025-12-09T15:43:00+00:00,W1120,,RETROFIT_STARTED,WS_01,PROCESSING,,
12463.0,2025-12-09T15:43:00+00:00,W11518,,RETROFIT_STARTED,WS_01,PROCESSING,,
12497.0,2025-12-09T16:17:00+00:00,W10435,,RETROFIT_COMPLETED,WS_02,COMPLETED,,
12497.0,2025-12-09T16:17:00+00:00,W1122,,RETROFIT_COMPLETED,WS_02,COMPLETED,,
12519.5,2025-12-09T16:39:30+00:00,W7897,,PARKED,parking11,PARKED,,
12519.5,2025-12-09T16:39:30+00:00,W10233,,PARKED,parking11,PARKED,,
12519.5,2025-12-09T16:39:30+00:00,W2815,,PARKED,parking11,PARKED,,
12519.5,2025-12-09T16:39:30+00:00,W2846,,PARKED,parking11,PARKED,,
12523.0,2025-12-09T16:43:00+00:00,W1120,,RETROFIT_COMPLETED,WS_01,COMPLETED,,
12523.0,2025-12-09T16:43:00+00:00,W11518,,RETROFIT_COMPLETED,WS_01,COMPLETED,,
12531.0,2025-12-09T16:51:00+00:00,W12221,,MOVING,collection1,MOVING,,
12560.25,2025-12-09T17:20:15+00:00,W3135,T165,ARRIVED,collection2,ARRIVED,,
12560.25,2025-12-09T17:20:15+00:00,W3903,T165,ARRIVED,collection2,ARRIVED,,
12584.5,2025-12-09T17:44:30+00:00,W10435,,RAKE_COUPLING_STARTED,WS_02,COUPLING,,
12584.5,2025-12-09T17:44:30+00:00,W1122,,RAKE_COUPLING_STARTED,WS_02,COUPLING,,
12586.5,2025-12-09T17:46:30+00:00,W10435,,RAKE_COUPLING_COMPLETED,WS_02,WAITING,,
12586.5,2025-12-09T17:46:30+00:00,W1122,,RAKE_COUPLING_COMPLETED,WS_02,WAITING,,
12586.5,2025-12-09T17:46:30+00:00,W10435,,MOVING,WS_02,MOVING,,
12586.5,2025-12-09T17:46:30+00:00,W1122,,MOVING,WS_02,MOVING,,
12591.0,2025-12-09T17:51:00+00:00,W12221,,ON_RETROFIT_TRACK,retrofit,WAITING,,
12591.5,2025-12-09T17:51:30+00:00,W10435,,ON_RETROFITTED_TRACK,retrofitted,WAITING,,
12591.5,2025-12-09T17:51:30+00:00,W1122,,ON_RETROFITTED_TRACK,retrofitted,WAITING,,
12594.5,2025-12-09T17:54:30+00:00,W8906,T166,REJECTED,REJECTED,REJECTED,NO_COLLECTION_TRACK,No collection track available
12594.5,2025-12-09T17:54:30+00:00,W8903,T166,REJECTED,REJECTED,REJECTED,NO_COLLECTION_TRACK,No collection track available
12594.5,2025-12-09T17:54:30+00:00,W10624,T166,REJECTED,REJECTED,REJECTED,NO_COLLECTION_TRACK,No collection track available
12594.5,2025-12-09T17:54:30+00:00,W10192,T166,ARRIVED,collection2,ARRIVED,,
12594.5,2025-12-09T17:54:30+00:00,W8908,T166,ARRIVED,collection2,ARRIVED,,
12597.0,2025-12-09T17:57:00+00:00,W2844,T167,REJECTED,REJECTED,REJECTED_NO_RETROFIT_NEEDED,No Retrofit Needed,Wagon doesn't need retrofit
12597.0,2025-12-09T17:57:00+00:00,W3860,T167,REJECTED,REJECTED,REJECTED_NO_RETROFIT_NEEDED,No Retrofit Needed,Wagon doesn't need retrofit
12597.0,2025-12-09T17:57:00+00:00,W4223,T167,REJECTED,REJECTED,REJECTED_NO_RETROFIT_NEEDED,No Retrofit Needed,Wagon doesn't need retrofit
12601.5,2025-12-09T18:01:30+00:00,W1120,,RAKE_COUPLING_STARTED,WS_01,COUPLING,,
12601.5,2025-12-09T18:01:30+00:00,W11518,,RAKE_COUPLING_STARTED,WS_01,COUPLING,,
12603.5,2025-12-09T18:03:30+00:00,W1120,,RAKE_COUPLING_COMPLETED,WS_01,WAITING,,
12603.5,2025-12-09T18:03:30+00:00,W11518,,RAKE_COUPLING_COMPLETED,WS_01,WAITING,,
12603.5,2025-12-09T18:03:30+00:00,W1120,,MOVING,WS_01,MOVING,,
12603.5,2025-12-09T18:03:30+00:00,W11518,,MOVING,WS_01,MOVING,,
12608.5,2025-12-09T18:08:30+00:00,W1120,,ON_RETROFITTED_TRACK,retrofitted,WAITING,,
12608.5,2025-12-09T18:08:30+00:00,W11518,,ON_RETROFITTED_TRACK,retrofitted,WAITING,,
12609.0,2025-12-09T18:09:00+00:00,W9071,,MOVING,retrofit,MOVING,,
12609.0,2025-12-09T18:09:00+00:00,W4506,,MOVING,retrofit,MOVING,,
12611.0,2025-12-09T18:11:00+00:00,W12331,T168,ARRIVED,collection1,ARRIVED,,
12614.0,2025-12-09T18:14:00+00:00,W9071,,AT_WORKSHOP,WS_02,ARRIVED,,
12614.0,2025-12-09T18:14:00+00:00,W4506,,AT_WORKSHOP,WS_02,ARRIVED,,
12620.0,2025-12-09T18:20:00+00:00,W9071,,RETROFIT_STARTED,WS_02,PROCESSING,,
12620.0,2025-12-09T18:20:00+00:00,W4506,,RETROFIT_STARTED,WS_02,PROCESSING,,
12635.0,2025-12-09T18:35:00+00:00,W1439,,MOVING,retrofit,MOVING,,
12635.0,2025-12-09T18:35:00+00:00,W0681,,MOVING,retrofit,MOVING,,
12640.0,2025-12-09T18:40:00+00:00,W1439,,AT_WORKSHOP,WS_01,ARRIVED,,
12640.0,2025-12-09T18:40:00+00:00,W0681,,AT_WORKSHOP,WS_01,ARRIVED,,
12646.0,2025-12-09T18:46:00+00:00,W1439,,RETROFIT_STARTED,WS_01,PROCESSING,,
12646.0,2025-12-09T18:46:00+00:00,W0681,,RETROFIT_STARTED,WS_01,PROCESSING,,
12663.0,2025-12-09T19:03:00+00:00,W5612,T169,REJECTED,REJECTED,REJECTED_NO_RETROFIT_NEEDED,No Retrofit Needed,Wagon doesn't need retrofit
12663.0,2025-12-09T19:03:00+00:00,W6823,T169,REJECTED,REJECTED,REJECTED_NO_RETROFIT_NEEDED,No Retrofit Needed,Wagon doesn't need retrofit
12669.0,2025-12-09T19:09:00+00:00,W9311,T170,REJECTED,REJECTED,REJECTED_NO_RETROFIT_NEEDED,No Retrofit Needed,Wagon doesn't need retrofit
12680.0,2025-12-09T19:20:00+00:00,W9071,,RETROFIT_COMPLETED,WS_02,COMPLETED,,
12680.0,2025-12-09T19:20:00+00:00,W4506,,RETROFIT_COMPLETED,WS_02,COMPLETED,,
12685.0,2025-12-09T19:25:00+00:00,W10441,,PARKED,parking10,PARKED,,
12685.0,2025-12-09T19:25:00+00:00,W5760,,PARKED,parking10,PARKED,,
12685.0,2025-12-09T19:25:00+00:00,W4802,,PARKED,parking10,PARKED,,
12685.0,2025-12-09T19:25:00+00:00,W2910,,PARKED,parking10,PARKED,,
12706.0,2025-12-09T19:46:00+00:00,W1439,,RETROFIT_COMPLETED,WS_01,COMPLETED,,
12706.0,2025-12-09T19:46:00+00:00,W0681,,RETROFIT_COMPLETED,WS_01,COMPLETED,,
12711.0,2025-12-09T19:51:00+00:00,W5992,,RAKE_COUPLING_STARTED,collection2,COUPLING,,
12711.0,2025-12-09T19:51:00+00:00,W9943,,RAKE_COUPLING_STARTED,collection2,COUPLING,,
12711.0,2025-12-09T19:51:00+00:00,W9430,,RAKE_COUPLING_STARTED,collection2,COUPLING,,
12718.0,2025-12-09T19:58:00+00:00,W5992,,MOVING,collection2,MOVING,,
12718.0,2025-12-09T19:58:00+00:00,W9943,,MOVING,collection2,MOVING,,
12718.0,2025-12-09T19:58:00+00:00,W9430,,MOVING,collection2,MOVING,,
12748.5,2025-12-09T20:28:30+00:00,W10522,T171,REJECTED,REJECTED,REJECTED_NO_RETROFIT_NEEDED,No Retrofit Needed,Wagon doesn't need retrofit
12748.5,2025-12-09T20:28:30+00:00,W12031,T171,REJECTED,REJECTED,REJECTED_NO_RETROFIT_NEEDED,No Retrofit Needed,Wagon doesn't need retrofit
12748.5,2025-12-09T20:28:30+00:00,W10204,T171,REJECTED,REJECTED,REJECTED,NO_COLLECTION_TRACK,No collection track available
12748.5,2025-12-09T20:28:30+00:00,W11900,T171,REJECTED,REJECTED,REJECTED,NO_COLLECTION_TRACK,No collection track available
12748.5,2025-12-09T20:28:30+00:00,W10109,T171,ARRIVED,collection1,ARRIVED,,
12750.0,2025-12-09T20:30:00+00:00,W9071,,RAKE_COUPLING_STARTED,WS_02,COUPLING,,
12750.0,2025-12-09T20:30:00+00:00,W4506,,RAKE_COUPLING_STARTED,WS_02,COUPLING,,
12752.0,2025-12-09T20:32:00+00:00,W9071,,RAKE_COUPLING_COMPLETED,WS_02,WAITING,,
12752.0,2025-12-09T20:32:00+00:00,W4506,,RAKE_COUPLING_COMPLETED,WS_02,WAITING,,
12752.0,2025-12-09T20:32:00+00:00,W9071,,MOVING,WS_02,MOVING,,
12752.0,2025-12-09T20:32:00+00:00,W4506,,MOVING,WS_02,MOVING,,
12757.0,2025-12-09T20:37:00+00:00,W9071,,ON_RETROFITTED_TRACK,retrofitted,WAITING,,
12757.0,2025-12-09T20:37:00+00:00,W4506,,ON_RETROFITTED_TRACK,retrofitted,WAITING,,
12767.0,2025-12-09T20:47:00+00:00,W1439,,RAKE_COUPLING_STARTED,WS_01,COUPLING,,
12767.0,2025-12-09T20:47:00+00:00,W0681,,RAKE_COUPLING_STARTED,WS_01,COUPLING,,
12769.0,2025-12-09T20:49:00+00:00,W1439,,RAKE_COUPLING_COMPLETED,WS_01,WAITING,,
12769.0,2025-12-09T20:49:00+00:00,W0681,,RAKE_COUPLING_COMPLETED,WS_01,WAITING,,
12769.0,2025-12-09T20:49:00+00:00,W1439,,MOVING,WS_01,MOVING,,
12769.0,2025-12-09T20:49:00+00:00,W0681,,MOVING,WS_01,MOVING,,
12774.0,2025-12-09T20:54:00+00:00,W1439,,ON_RETROFITTED_TRACK,retrofitted,WAITING,,
12774.0,2025-12-09T20:54:00+00:00,W0681,,ON_RETROFITTED_TRACK,retrofitted,WAITING,,
12777.0,2025-12-09T20:57:00+00:00,W3919,T172,REJECTED,REJECTED,REJECTED,NO_COLLECTION_TRACK,No collection track available
12777.0,2025-12-09T20:57:00+00:00,W4150,T172,REJECTED,REJECTED,REJECTED,NO_COLLECTION_TRACK,No collection track available
12777.0,2025-12-09T20:57:00+00:00,W4249,T172,REJECTED,REJECTED,REJECTED,NO_COLLECTION_TRACK,No collection track available
12778.0,2025-12-09T20:58:00+00:00,W5992,,ON_RETROFIT_TRACK,retrofit,WAITING,,
12778.0,2025-12-09T20:58:00+00:00,W9943,,ON_RETROFIT_TRACK,retrofit,WAITING,,
12778.0,2025-12-09T20:58:00+00:00,W9430,,ON_RETROFIT_TRACK,retrofit,WAITING,,
12787.25,2025-12-09T21:07:15+00:00,W3790,T173,REJECTED,REJECTED,REJECTED,NO_COLLECTION_TRACK,No collection track available
12787.25,2025-12-09T21:07:15+00:00,W7399,T173,REJECTED,REJECTED,REJECTED,NO_COLLECTION_TRACK,No collection track available
12787.25,2025-12-09T21:07:15+00:00,W2829,T173,REJECTED,REJECTED,REJECTED,NO_COLLECTION_TRACK,No collection track available
12789.0,2025-12-09T21:09:00+00:00,W8552,,MOVING,retrofit,MOVING,,
12789.0,2025-12-09T21:09:00+00:00,W10883,,MOVING,retrofit,MOVING,,
12794.0,2025-12-09T21:14:00+00:00,W8552,,AT_WORKSHOP,WS_02,ARRIVED,,
12794.0,2025-12-09T21:14:00+00:00,W10883,,AT_WORKSHOP,WS_02,ARRIVED,,
12800.0,2025-12-09T21:20:00+00:00,W8552,,RETROFIT_STARTED,WS_02,PROCESSING,,
12800.0,2025-12-09T21:20:00+00:00,W10883,,RETROFIT_STARTED,WS_02,PROCESSING,,
12808.0,2025-12-09T21:28:00+00:00,W10896,,MOVING,retrofit,MOVING,,
12808.0,2025-12-09T21:28:00+00:00,W6421,,MOVING,retrofit,MOVING,,
12813.0,2025-12-09T21:33:00+00:00,W10896,,AT_WORKSHOP,WS_01,ARRIVED,,
12813.0,2025-12-09T21:33:00+00:00,W6421,,AT_WORKSHOP,WS_01,ARRIVED,,
12819.0,2025-12-09T21:39:00+00:00,W10896,,RETROFIT_STARTED,WS_01,PROCESSING,,
12819.0,2025-12-09T21:39:00+00:00,W6421,,RETROFIT_STARTED,WS_01,PROCESSING,,
12860.0,2025-12-09T22:20:00+00:00,W8552,,RETROFIT_COMPLETED,WS_02,COMPLETED,,
12860.0,2025-12-09T22:20:00+00:00,W10883,,RETROFIT_COMPLETED,WS_02,COMPLETED,,
12879.0,2025-12-09T22:39:00+00:00,W10896,,RETROFIT_COMPLETED,WS_01,COMPLETED,,
12879.0,2025-12-09T22:39:00+00:00,W6421,,RETROFIT_COMPLETED,WS_01,COMPLETED,,
12884.0,2025-12-09T22:44:00+00:00,W5173,,RAKE_COUPLING_STARTED,collection1,COUPLING,,
12884.0,2025-12-09T22:44:00+00:00,W4380,,RAKE_COUPLING_STARTED,collection1,COUPLING,,
12884.0,2025-12-09T22:44:00+00:00,W5872,,RAKE_COUPLING_STARTED,collection1,COUPLING,,
12891.0,2025-12-09T22:51:00+00:00,W5173,,MOVING,collection1,MOVING,,
12891.0,2025-12-09T22:51:00+00:00,W4380,,MOVING,collection1,MOVING,,
12891.0,2025-12-09T22:51:00+00:00,W5872,,MOVING,collection1,MOVING,,
12891.5,2025-12-09T22:51:30+00:00,W10435,,PARKED,parking14,PARKED,,
12891.5,2025-12-09T22:51:30+00:00,W1122,,PARKED,parking14,PARKED,,
12891.5,2025-12-09T22:51:30+00:00,W1120,,PARKED,parking14,PARKED,,
12891.5,2025-12-09T22:51:30+00:00,W11518,,PARKED,parking14,PARKED,,
12939.0,2025-12-09T23:39:00+00:00,W10881,T174,REJECTED,REJECTED,REJECTED_NO_RETROFIT_NEEDED,No Retrofit Needed,Wagon doesn't need retrofit
12939.0,2025-12-09T23:39:00+00:00,W10883,T174,REJECTED,REJECTED,REJECTED_NO_RETROFIT_NEEDED,No Retrofit Needed,Wagon doesn't need retrofit
12939.0,2025-12-09T23:39:00+00:00,W10896,T174,REJECTED,REJECTED,REJECTED_NO_RETROFIT_NEEDED,No Retrofit Needed,Wagon doesn't need retrofit
12939.0,2025-12-09T23:39:00+00:00,W10081,T174,REJECTED,REJECTED,REJECTED_NO_RETROFIT_NEEDED,No Retrofit Needed,Wagon doesn't need retrofit
12939.0,2025-12-09T23:39:00+00:00,W9143,T174,REJECTED,REJECTED,REJECTED_NO_RETROFIT_NEEDED,No Retrofit Needed,Wagon doesn't need retrofit
12939.0,2025-12-09T23:39:00+00:00,W12104,T174,ARRIVED,collection2,ARRIVED,,
12939.0,2025-12-09T23:39:00+00:00,W7218,T174,ARRIVED,collection1,ARRIVED,,
12951.0,2025-12-09T23:51:00+00:00,W5173,,ON_RETROFIT_TRACK,retrofit,WAITING,,
12951.0,2025-12-09T23:51:00+00:00,W4380,,ON_RETROFIT_TRACK,retrofit,WAITING,,
12951.0,2025-12-09T23:51:00+00:00,W5872,,ON_RETROFIT_TRACK,retrofit,WAITING,,
12954.5,2025-12-09T23:54:30+00:00,W4370,T175,REJECTED,REJECTED,REJECTED_NO_RETROFIT_NEEDED,No Retrofit Needed,Wagon doesn't need retrofit
12956.5,2025-12-09T23:56:30+00:00,W8552,,RAKE_COUPLING_STARTED,WS_02,COUPLING,,
12956.5,2025-12-09T23:56:30+00:00,W10883,,RAKE_COUPLING_STARTED,WS_02,COUPLING,,
12958.5,2025-12-09T23:58:30+00:00,W8552,,RAKE_COUPLING_COMPLETED,WS_02,WAITING,,
12958.5,2025-12-09T23:58:30+00:00,W10883,,RAKE_COUPLING_COMPLETED,WS_02,WAITING,,
12958.5,2025-12-09T23:58:30+00:00,W8552,,MOVING,WS_02,MOVING,,
12958.5,2025-12-09T23:58:30+00:00,W10883,,MOVING,WS_02,MOVING,,
12963.5,2025-12-10T00:03:30+00:00,W10938,T176,ARRIVED,collection2,ARRIVED,,
12963.5,2025-12-10T00:03:30+00:00,W8552,,ON_RETROFITTED_TRACK,retrofitted,WAITING,,
12963.5,2025-12-10T00:03:30+00:00,W10883,,ON_RETROFITTED_TRACK,retrofitted,WAITING,,
12973.5,2025-12-10T00:13:30+00:00,W10896,,RAKE_COUPLING_STARTED,WS_01,COUPLING,,
12973.5,2025-12-10T00:13:30+00:00,W6421,,RAKE_COUPLING_STARTED,WS_01,COUPLING,,
12975.5,2025-12-10T00:15:30+00:00,W10896,,RAKE_COUPLING_COMPLETED,WS_01,WAITING,,
12975.5,2025-12-10T00:15:30+00:00,W6421,,RAKE_COUPLING_COMPLETED,WS_01,WAITING,,
12975.5,2025-12-10T00:15:30+00:00,W10896,,MOVING,WS_01,MOVING,,
12975.5,2025-12-10T00:15:30+00:00,W6421,,MOVING,WS_01,MOVING,,
12980.5,2025-12-10T00:20:30+00:00,W10896,,ON_RETROFITTED_TRACK,retrofitted,WAITING,,
12980.5,2025-12-10T00:20:30+00:00,W6421,,ON_RETROFITTED_TRACK,retrofitted,WAITING,,
12981.0,2025-12-10T00:21:00+00:00,W10100,,MOVING,retrofit,MOVING,,
12981.0,2025-12-10T00:21:00+00:00,W2165,,MOVING,retrofit,MOVING,,
12986.0,2025-12-10T00:26:00+00:00,W10100,,AT_WORKSHOP,WS_02,ARRIVED,,
12986.0,2025-12-10T00:26:00+00:00,W2165,,AT_WORKSHOP,WS_02,ARRIVED,,
12992.0,2025-12-10T00:32:00+00:00,W10100,,RETROFIT_STARTED,WS_02,PROCESSING,,
12992.0,2025-12-10T00:32:00+00:00,W2165,,RETROFIT_STARTED,WS_02,PROCESSING,,
13002.0,2025-12-10T00:42:00+00:00,W9071,,PARKED,parking2,PARKED,,
13002.0,2025-12-10T00:42:00+00:00,W4506,,PARKED,parking2,PARKED,,
13002.0,2025-12-10T00:42:00+00:00,W1439,,PARKED,parking2,PARKED,,
13002.0,2025-12-10T00:42:00+00:00,W0681,,PARKED,parking2,PARKED,,
13007.0,2025-12-10T00:47:00+00:00,W6323,,MOVING,retrofit,MOVING,,
13007.0,2025-12-10T00:47:00+00:00,W6989,,MOVING,retrofit,MOVING,,
13012.0,2025-12-10T00:52:00+00:00,W6323,,AT_WORKSHOP,WS_01,ARRIVED,,
13012.0,2025-12-10T00:52:00+00:00,W6989,,AT_WORKSHOP,WS_01,ARRIVED,,
13015.75,2025-12-10T00:55:45+00:00,W5411,T177,REJECTED,REJECTED,REJECTED_NO_RETROFIT_NEEDED,No Retrofit Needed,Wagon doesn't need retrofit
13015.75,2025-12-10T00:55:45+00:00,W11513,T177,REJECTED,REJECTED,REJECTED_NO_RETROFIT_NEEDED,No Retrofit Needed,Wagon doesn't need retrofit
13018.0,2025-12-10T00:58:00+00:00,W6323,,RETROFIT_STARTED,WS_01,PROCESSING,,
13018.0,2025-12-10T00:58:00+00:00,W6989,,RETROFIT_STARTED,WS_01,PROCESSING,,
13039.5,2025-12-10T01:19:30+00:00,W8552,,PARKED,parking6,PARKED,,
13039.5,2025-12-10T01:19:30+00:00,W10883,,PARKED,parking6,PARKED,,
13039.5,2025-12-10T01:19:30+00:00,W10896,,PARKED,parking6,PARKED,,
13039.5,2025-12-10T01:19:30+00:00,W6421,,PARKED,parking6,PARKED,,
13052.0,2025-12-10T01:32:00+00:00,W10100,,RETROFIT_COMPLETED,WS_02,COMPLETED,,
13052.0,2025-12-10T01:32:00+00:00,W2165,,RETROFIT_COMPLETED,WS_02,COMPLETED,,
13067.0,2025-12-10T01:47:00+00:00,W7598,,RAKE_COUPLING_STARTED,collection2,COUPLING,,
13067.0,2025-12-10T01:47:00+00:00,W7513,,RAKE_COUPLING_STARTED,collection2,COUPLING,,
13067.0,2025-12-10T01:47:00+00:00,W9727,,RAKE_COUPLING_STARTED,collection2,COUPLING,,
13067.0,2025-12-10T01:47:00+00:00,W0674,,RAKE_COUPLING_STARTED,collection2,COUPLING,,
13067.0,2025-12-10T01:47:00+00:00,W5420,,RAKE_COUPLING_STARTED,collection2,COUPLING,,
13067.0,2025-12-10T01:47:00+00:00,W6936,,RAKE_COUPLING_STARTED,collection2,COUPLING,,
13078.0,2025-12-10T01:58:00+00:00,W6323,,RETROFIT_COMPLETED,WS_01,COMPLETED,,
13078.0,2025-12-10T01:58:00+00:00,W6989,,RETROFIT_COMPLETED,WS_01,COMPLETED,,
13080.0,2025-12-10T02:00:00+00:00,W7598,,MOVING,collection2,MOVING,,
13080.0,2025-12-10T02:00:00+00:00,W7513,,MOVING,collection2,MOVING,,
13080.0,2025-12-10T02:00:00+00:00,W9727,,MOVING,collection2,MOVING,,
13080.0,2025-12-10T02:00:00+00:00,W0674,,MOVING,collection2,MOVING,,
13080.0,2025-12-10T02:00:00+00:00,W5420,,MOVING,collection2,MOVING,,
13080.0,2025-12-10T02:00:00+00:00,W6936,,MOVING,collection2,MOVING,,
13103.5,2025-12-10T02:23:30+00:00,W9744,T178,REJECTED,REJECTED,REJECTED_NO_RETROFIT_NEEDED,No Retrofit Needed,Wagon doesn't need retrofit
13103.5,2025-12-10T02:23:30+00:00,W4327,T178,ARRIVED,collection1,ARRIVED,,
13103.5,2025-12-10T02:23:30+00:00,W11290,T178,ARRIVED,collection2,ARRIVED,,
13104.5,2025-12-10T02:24:30+00:00,W0093,,RAKE_COUPLING_STARTED,collection1,COUPLING,,
13104.5,2025-12-10T02:24:30+00:00,W3413,,RAKE_COUPLING_STARTED,collection1,COUPLING,,
13109.5,2025-12-10T02:29:30+00:00,W0093,,MOVING,collection1,MOVING,,
13109.5,2025-12-10T02:29:30+00:00,W3413,,MOVING,collection1,MOVING,,
13140.0,2025-12-10T03:00:00+00:00,W7598,,ON_RETROFIT_TRACK,retrofit,WAITING,,
13140.0,2025-12-10T03:00:00+00:00,W7513,,ON_RETROFIT_TRACK,retrofit,WAITING,,
13140.0,2025-12-10T03:00:00+00:00,W9727,,ON_RETROFIT_TRACK,retrofit,WAITING,,
13140.0,2025-12-10T03:00:00+00:00,W0674,,ON_RETROFIT_TRACK,retrofit,WAITING,,
13140.0,2025-12-10T03:00:00+00:00,W5420,,ON_RETROFIT_TRACK,retrofit,WAITING,,
13140.0,2025-12-10T03:00:00+00:00,W6936,,ON_RETROFIT_TRACK,retrofit,WAITING,,
13169.5,2025-12-10T03:29:30+00:00,W0093,,ON_RETROFIT_TRACK,retrofit,WAITING,,
13169.5,2025-12-10T03:29:30+00:00,W3413,,ON_RETROFIT_TRACK,retrofit,WAITING,,
13171.75,2025-12-10T03:31:45+00:00,W5410,T179,REJECTED,REJECTED,REJECTED,NO_COLLECTION_TRACK,No collection track available
13171.75,2025-12-10T03:31:45+00:00,W11298,T179,ARRIVED,collection2,ARRIVED,,
13171.75,2025-12-10T03:31:45+00:00,W2064,T179,ARRIVED,collection2,ARRIVED,,
13171.75,2025-12-10T03:31:45+00:00,W10999,T179,ARRIVED,collection2,ARRIVED,,
13171.75,2025-12-10T03:31:45+00:00,W10366,T179,ARRIVED,collection2,ARRIVED,,
13183.0,2025-12-10T03:43:00+00:00,W10100,,RAKE_COUPLING_STARTED,WS_02,COUPLING,,
13183.0,2025-12-10T03:43:00+00:00,W2165,,RAKE_COUPLING_STARTED,WS_02,COUPLING,,
13185.0,2025-12-10T03:45:00+00:00,W10100,,RAKE_COUPLING_COMPLETED,WS_02,WAITING,,
13185.0,2025-12-10T03:45:00+00:00,W2165,,RAKE_COUPLING_COMPLETED,WS_02,WAITING,,
13185.0,2025-12-10T03:45:00+00:00,W10100,,MOVING,WS_02,MOVING,,
13185.0,2025-12-10T03:45:00+00:00,W2165,,MOVING,WS_02,MOVING,,
13188.5,2025-12-10T03:48:30+00:00,W6323,,RAKE_COUPLING_STARTED,WS_01,COUPLING,,
13188.5,2025-12-10T03:48:30+00:00,W6989,,RAKE_COUPLING_STARTED,WS_01,COUPLING,,
13190.0,2025-12-10T03:50:00+00:00,W10100,,ON_RETROFITTED_TRACK,retrofitted,WAITING,,
13190.0,2025-12-10T03:50:00+00:00,W2165,,ON_RETROFITTED_TRACK,retrofitted,WAITING,,
13190.5,2025-12-10T03:50:30+00:00,W6323,,RAKE_COUPLING_COMPLETED,WS_01,WAITING,,
13190.5,2025-12-10T03:50:30+00:00,W6989,,RAKE_COUPLING_COMPLETED,WS_01,WAITING,,
13190.5,2025-12-10T03:50:30+00:00,W6323,,MOVING,WS_01,MOVING,,
13190.5,2025-12-10T03:50:30+00:00,W6989,,MOVING,WS_01,MOVING,,
13195.5,2025-12-10T03:55:30+00:00,W6323,,ON_RETROFITTED_TRACK,retrofitted,WAITING,,
13195.5,2025-12-10T03:55:30+00:00,W6989,,ON_RETROFITTED_TRACK,retrofitted,WAITING,,
13210.5,2025-12-10T04:10:30+00:00,W12116,,MOVING,retrofit,MOVING,,
13210.5,2025-12-10T04:10:30+00:00,W12221,,MOVING,retrofit,MOVING,,
13215.5,2025-12-10T04:15:30+00:00,W12116,,AT_WORKSHOP,WS_02,ARRIVED,,
13215.5,2025-12-10T04:15:30+00:00,W12221,,AT_WORKSHOP,WS_02,ARRIVED,,
13221.5,2025-12-10T04:21:30+00:00,W12116,,RETROFIT_STARTED,WS_02,PROCESSING,,
13221.5,2025-12-10T04:21:30+00:00,W12221,,RETROFIT_STARTED,WS_02,PROCESSING,,
13236.5,2025-12-10T04:36:30+00:00,W5992,,MOVING,retrofit,MOVING,,
13236.5,2025-12-10T04:36:30+00:00,W9943,,MOVING,retrofit,MOVING,,
13241.5,2025-12-10T04:41:30+00:00,W5992,,AT_WORKSHOP,WS_01,ARRIVED,,
13241.5,2025-12-10T04:41:30+00:00,W9943,,AT_WORKSHOP,WS_01,ARRIVED,,
13247.5,2025-12-10T04:47:30+00:00,W5992,,RETROFIT_STARTED,WS_01,PROCESSING,,
13247.5,2025-12-10T04:47:30+00:00,W9943,,RETROFIT_STARTED,WS_01,PROCESSING,,
13258.0,2025-12-10T04:58:00+00:00,W3230,,MOVING,collection2,MOVING,,
13266.0,2025-12-10T05:06:00+00:00,W10100,,PARKED,parking3,PARKED,,
13266.0,2025-12-10T05:06:00+00:00,W2165,,PARKED,parking3,PARKED,,
13281.5,2025-12-10T05:21:30+00:00,W12116,,RETROFIT_COMPLETED,WS_02,COMPLETED,,
13281.5,2025-12-10T05:21:30+00:00,W12221,,RETROFIT_COMPLETED,WS_02,COMPLETED,,
13298.75,2025-12-10T05:38:45+00:00,W1161,T180,REJECTED,REJECTED,REJECTED_NO_RETROFIT_NEEDED,No Retrofit Needed,Wagon doesn't need retrofit
13298.75,2025-12-10T05:38:45+00:00,W1158,T180,REJECTED,REJECTED,REJECTED_NO_RETROFIT_NEEDED,No Retrofit Needed,Wagon doesn't need retrofit
13298.75,2025-12-10T05:38:45+00:00,W1156,T180,REJECTED,REJECTED,REJECTED_NO_RETROFIT_NEEDED,No Retrofit Needed,Wagon doesn't need retrofit
13298.75,2025-12-10T05:38:45+00:00,W1152,T180,REJECTED,REJECTED,REJECTED_NO_RETROFIT_NEEDED,No Retrofit Needed,Wagon doesn't need retrofit
13298.75,2025-12-10T05:38:45+00:00,W1139,T180,REJECTED,REJECTED,REJECTED_NO_RETROFIT_NEEDED,No Retrofit Needed,Wagon doesn't need retrofit
13298.75,2025-12-10T05:38:45+00:00,W1174,T180,REJECTED,REJECTED,REJECTED_NO_RETROFIT_NEEDED,No Retrofit Needed,Wagon doesn't need retrofit
13298.75,2025-12-10T05:38:45+00:00,W1149,T180,REJECTED,REJECTED,REJECTED_NO_RETROFIT_NEEDED,No Retrofit Needed,Wagon doesn't need retrofit
13298.75,2025-12-10T05:38:45+00:00,W1143,T180,ARRIVED,collection1,ARRIVED,,
13307.5,2025-12-10T05:47:30+00:00,W5992,,RETROFIT_COMPLETED,WS_01,COMPLETED,,
13307.5,2025-12-10T05:47:30+00:00,W9943,,RETROFIT_COMPLETED,WS_01,COMPLETED,,
13314.5,2025-12-10T05:54:30+00:00,W3134,T181,REJECTED,REJECTED,REJECTED,NO_COLLECTION_TRACK,No collection track available
13314.5,2025-12-10T05:54:30+00:00,W10715,T181,REJECTED,REJECTED,REJECTED,NO_COLLECTION_TRACK,No collection track available
13314.5,2025-12-10T05:54:30+00:00,W3172,T181,REJECTED,REJECTED,REJECTED,NO_COLLECTION_TRACK,No collection track available
13314.5,2025-12-10T05:54:30+00:00,W3113,T181,ARRIVED,collection1,ARRIVED,,
13314.5,2025-12-10T05:54:30+00:00,W3106,T181,ARRIVED,collection2,ARRIVED,,
13318.0,2025-12-10T05:58:00+00:00,W3230,,ON_RETROFIT_TRACK,retrofit,WAITING,,
13331.0,2025-12-10T06:11:00+00:00,W12116,,RAKE_COUPLING_STARTED,WS_02,COUPLING,,
13331.0,2025-12-10T06:11:00+00:00,W12221,,RAKE_COUPLING_STARTED,WS_02,COUPLING,,
13333.0,2025-12-10T06:13:00+00:00,W12116,,RAKE_COUPLING_COMPLETED,WS_02,WAITING,,
13333.0,2025-12-10T06:13:00+00:00,W12221,,RAKE_COUPLING_COMPLETED,WS_02,WAITING,,
13333.0,2025-12-10T06:13:00+00:00,W12116,,MOVING,WS_02,MOVING,,
13333.0,2025-12-10T06:13:00+00:00,W12221,,MOVING,WS_02,MOVING,,
13334.0,2025-12-10T06:14:00+00:00,W8479,,MOVING,collection1,MOVING,,
13338.0,2025-12-10T06:18:00+00:00,W12116,,ON_RETROFITTED_TRACK,retrofitted,WAITING,,
13338.0,2025-12-10T06:18:00+00:00,W12221,,ON_RETROFITTED_TRACK,retrofitted,WAITING,,
13348.0,2025-12-10T06:28:00+00:00,W5992,,RAKE_COUPLING_STARTED,WS_01,COUPLING,,
13348.0,2025-12-10T06:28:00+00:00,W9943,,RAKE_COUPLING_STARTED,WS_01,COUPLING,,
13350.0,2025-12-10T06:30:00+00:00,W5992,,RAKE_COUPLING_COMPLETED,WS_01,WAITING,,
13350.0,2025-12-10T06:30:00+00:00,W9943,,RAKE_COUPLING_COMPLETED,WS_01,WAITING,,
13350.0,2025-12-10T06:30:00+00:00,W5992,,MOVING,WS_01,MOVING,,
13350.0,2025-12-10T06:30:00+00:00,W9943,,MOVING,WS_01,MOVING,,
13355.0,2025-12-10T06:35:00+00:00,W5992,,ON_RETROFITTED_TRACK,retrofitted,WAITING,,
13355.0,2025-12-10T06:35:00+00:00,W9943,,ON_RETROFITTED_TRACK,retrofitted,WAITING,,
13370.0,2025-12-10T06:50:00+00:00,W9430,,MOVING,retrofit,MOVING,,
13370.0,2025-12-10T06:50:00+00:00,W5173,,MOVING,retrofit,MOVING,,
13375.0,2025-12-10T06:55:00+00:00,W9430,,AT_WORKSHOP,WS_02,ARRIVED,,
13375.0,2025-12-10T06:55:00+00:00,W5173,,AT_WORKSHOP,WS_02,ARRIVED,,
13381.0,2025-12-10T07:01:00+00:00,W9430,,RETROFIT_STARTED,WS_02,PROCESSING,,
13381.0,2025-12-10T07:01:00+00:00,W5173,,RETROFIT_STARTED,WS_02,PROCESSING,,
13389.25,2025-12-10T07:09:15+00:00,W6989,T182,REJECTED,REJECTED,REJECTED_NO_RETROFIT_NEEDED,No Retrofit Needed,Wagon doesn't need retrofit
13389.25,2025-12-10T07:09:15+00:00,W10397,T182,REJECTED,REJECTED,REJECTED_NO_RETROFIT_NEEDED,No Retrofit Needed,Wagon doesn't need retrofit
13389.25,2025-12-10T07:09:15+00:00,W4392,T182,REJECTED,REJECTED,REJECTED_NO_RETROFIT_NEEDED,No Retrofit Needed,Wagon doesn't need retrofit
13389.25,2025-12-10T07:09:15+00:00,W4422,T182,REJECTED,REJECTED,REJECTED_NO_RETROFIT_NEEDED,No Retrofit Needed,Wagon doesn't need retrofit
13392.5,2025-12-10T07:12:30+00:00,W10889,T183,REJECTED,REJECTED,REJECTED_NO_RETROFIT_NEEDED,No Retrofit Needed,Wagon doesn't need retrofit
13392.5,2025-12-10T07:12:30+00:00,W3087,T183,REJECTED,REJECTED,REJECTED_NO_RETROFIT_NEEDED,No Retrofit Needed,Wagon doesn't need retrofit
13392.5,2025-12-10T07:12:30+00:00,W10958,T183,REJECTED,REJECTED,REJECTED_NO_RETROFIT_NEEDED,No Retrofit Needed,Wagon doesn't need retrofit
13392.5,2025-12-10T07:12:30+00:00,W11254,T183,REJECTED,REJECTED,REJECTED_NO_RETROFIT_NEEDED,No Retrofit Needed,Wagon doesn't need retrofit
13392.5,2025-12-10T07:12:30+00:00,W5420,T183,REJECTED,REJECTED,REJECTED_NO_RETROFIT_NEEDED,No Retrofit Needed,Wagon doesn't need retrofit
13392.5,2025-12-10T07:12:30+00:00,W11261,T183,REJECTED,REJECTED,REJECTED_NO_RETROFIT_NEEDED,No Retrofit Needed,Wagon doesn't need retrofit
13392.5,2025-12-10T07:12:30+00:00,W11269,T183,REJECTED,REJECTED,REJECTED_NO_RETROFIT_NEEDED,No Retrofit Needed,Wagon doesn't need retrofit
13392.5,2025-12-10T07:12:30+00:00,W9046,T183,REJECTED,REJECTED,REJECTED_NO_RETROFIT_NEEDED,No Retrofit Needed,Wagon doesn't need retrofit
13392.5,2025-12-10T07:12:30+00:00,W2130,T183,ARRIVED,collection2,ARRIVED,,
13392.5,2025-12-10T07:12:30+00:00,W2119,T183,ARRIVED,collection2,ARRIVED,,
13394.0,2025-12-10T07:14:00+00:00,W8479,,ON_RETROFIT_TRACK,retrofit,WAITING,,
13396.0,2025-12-10T07:16:00+00:00,W4380,,MOVING,retrofit,MOVING,,
13396.0,2025-12-10T07:16:00+00:00,W5872,,MOVING,retrofit,MOVING,,
13401.0,2025-12-10T07:21:00+00:00,W4380,,AT_WORKSHOP,WS_01,ARRIVED,,
13401.0,2025-12-10T07:21:00+00:00,W5872,,AT_WORKSHOP,WS_01,ARRIVED,,
13407.0,2025-12-10T07:27:00+00:00,W4380,,RETROFIT_STARTED,WS_01,PROCESSING,,
13407.0,2025-12-10T07:27:00+00:00,W5872,,RETROFIT_STARTED,WS_01,PROCESSING,,
13441.0,2025-12-10T08:01:00+00:00,W9430,,RETROFIT_COMPLETED,WS_02,COMPLETED,,
13441.0,2025-12-10T08:01:00+00:00,W5173,,RETROFIT_COMPLETED,WS_02,COMPLETED,,
13460.0,2025-12-10T08:20:00+00:00,W0874,T184,REJECTED,REJECTED,REJECTED_NO_RETROFIT_NEEDED,No Retrofit Needed,Wagon doesn't need retrofit
13460.0,2025-12-10T08:20:00+00:00,W8648,T184,ARRIVED,collection1,ARRIVED,,
13467.0,2025-12-10T08:27:00+00:00,W4380,,RETROFIT_COMPLETED,WS_01,COMPLETED,,
13467.0,2025-12-10T08:27:00+00:00,W5872,,RETROFIT_COMPLETED,WS_01,COMPLETED,,
13472.0,2025-12-10T08:32:00+00:00,W5411,,RAKE_COUPLING_STARTED,collection2,COUPLING,,
13472.0,2025-12-10T08:32:00+00:00,W11513,,RAKE_COUPLING_STARTED,collection2,COUPLING,,
13472.0,2025-12-10T08:32:00+00:00,W3087,,RAKE_COUPLING_STARTED,collection2,COUPLING,,
13479.0,2025-12-10T08:39:00+00:00,W5411,,MOVING,collection2,MOVING,,
13479.0,2025-12-10T08:39:00+00:00,W11513,,MOVING,collection2,MOVING,,
13479.0,2025-12-10T08:39:00+00:00,W3087,,MOVING,collection2,MOVING,,
13485.5,2025-12-10T08:45:30+00:00,W6323,,PARKED,parking13,PARKED,,
13485.5,2025-12-10T08:45:30+00:00,W6989,,PARKED,parking13,PARKED,,
13487.5,2025-12-10T08:47:30+00:00,W6207,T185,ARRIVED,collection1,ARRIVED,,
13539.0,2025-12-10T09:39:00+00:00,W5411,,ON_RETROFIT_TRACK,retrofit,WAITING,,
13539.0,2025-12-10T09:39:00+00:00,W11513,,ON_RETROFIT_TRACK,retrofit,WAITING,,
13539.0,2025-12-10T09:39:00+00:00,W3087,,ON_RETROFIT_TRACK,retrofit,WAITING,,
13550.5,2025-12-10T09:50:30+00:00,W9430,,RAKE_COUPLING_STARTED,WS_02,COUPLING,,
13550.5,2025-12-10T09:50:30+00:00,W5173,,RAKE_COUPLING_STARTED,WS_02,COUPLING,,
13552.5,2025-12-10T09:52:30+00:00,W9430,,RAKE_COUPLING_COMPLETED,WS_02,WAITING,,
13552.5,2025-12-10T09:52:30+00:00,W5173,,RAKE_COUPLING_COMPLETED,WS_02,WAITING,,
13552.5,2025-12-10T09:52:30+00:00,W9430,,MOVING,WS_02,MOVING,,
13552.5,2025-12-10T09:52:30+00:00,W5173,,MOVING,WS_02,MOVING,,
13557.5,2025-12-10T09:57:30+00:00,W9430,,ON_RETROFITTED_TRACK,retrofitted,WAITING,,
13557.5,2025-12-10T09:57:30+00:00,W5173,,ON_RETROFITTED_TRACK,retrofitted,WAITING,,
13564.0,2025-12-10T10:04:00+00:00,W4380,,RAKE_COUPLING_STARTED,WS_01,COUPLING,,
13564.0,2025-12-10T10:04:00+00:00,W5872,,RAKE_COUPLING_STARTED,WS_01,COUPLING,,
13566.0,2025-12-10T10:06:00+00:00,W4380,,RAKE_COUPLING_COMPLETED,WS_01,WAITING,,
13566.0,2025-12-10T10:06:00+00:00,W5872,,RAKE_COUPLING_COMPLETED,WS_01,WAITING,,
13566.0,2025-12-10T10:06:00+00:00,W4380,,MOVING,WS_01,MOVING,,
13566.0,2025-12-10T10:06:00+00:00,W5872,,MOVING,WS_01,MOVING,,
13571.0,2025-12-10T10:11:00+00:00,W4380,,ON_RETROFITTED_TRACK,retrofitted,WAITING,,
13571.0,2025-12-10T10:11:00+00:00,W5872,,ON_RETROFITTED_TRACK,retrofitted,WAITING,,
13586.0,2025-12-10T10:26:00+00:00,W7598,,MOVING,retrofit,MOVING,,
13586.0,2025-12-10T10:26:00+00:00,W7513,,MOVING,retrofit,MOVING,,
13591.0,2025-12-10T10:31:00+00:00,W7598,,AT_WORKSHOP,WS_02,ARRIVED,,
13591.0,2025-12-10T10:31:00+00:00,W7513,,AT_WORKSHOP,WS_02,ARRIVED,,
13597.0,2025-12-10T10:37:00+00:00,W7598,,RETROFIT_STARTED,WS_02,PROCESSING,,
13597.0,2025-12-10T10:37:00+00:00,W7513,,RETROFIT_STARTED,WS_02,PROCESSING,,
13612.0,2025-12-10T10:52:00+00:00,W9727,,MOVING,retrofit,MOVING,,
13612.0,2025-12-10T10:52:00+00:00,W0674,,MOVING,retrofit,MOVING,,
13617.0,2025-12-10T10:57:00+00:00,W9727,,AT_WORKSHOP,WS_01,ARRIVED,,
13617.0,2025-12-10T10:57:00+00:00,W0674,,AT_WORKSHOP,WS_01,ARRIVED,,
13623.0,2025-12-10T11:03:00+00:00,W9727,,RETROFIT_STARTED,WS_01,PROCESSING,,
13623.0,2025-12-10T11:03:00+00:00,W0674,,RETROFIT_STARTED,WS_01,PROCESSING,,
13633.25,2025-12-10T11:13:15+00:00,W10319,T186,ARRIVED,collection2,ARRIVED,,
13633.25,2025-12-10T11:13:15+00:00,W10278,T186,ARRIVED,collection2,ARRIVED,,
13647.25,2025-12-10T11:27:15+00:00,W10521,T187,REJECTED,REJECTED,REJECTED,NO_COLLECTION_TRACK,No collection track available
13647.25,2025-12-10T11:27:15+00:00,W12051,T187,REJECTED,REJECTED,REJECTED,NO_COLLECTION_TRACK,No collection track available
13647.25,2025-12-10T11:27:15+00:00,W2236,T187,REJECTED,REJECTED,REJECTED,NO_COLLECTION_TRACK,No collection track available
13647.25,2025-12-10T11:27:15+00:00,W9767,T187,REJECTED,REJECTED,REJECTED,NO_COLLECTION_TRACK,No collection track available
13647.25,2025-12-10T11:27:15+00:00,W5458,T187,ARRIVED,collection1,ARRIVED,,
13649.0,2025-12-10T11:29:00+00:00,W12116,,PARKED,parking15,PARKED,,
13649.0,2025-12-10T11:29:00+00:00,W12221,,PARKED,parking15,PARKED,,
13649.0,2025-12-10T11:29:00+00:00,W5992,,PARKED,parking15,PARKED,,
13649.0,2025-12-10T11:29:00+00:00,W9943,,PARKED,parking15,PARKED,,
13657.0,2025-12-10T11:37:00+00:00,W7598,,RETROFIT_COMPLETED,WS_02,COMPLETED,,
13657.0,2025-12-10T11:37:00+00:00,W7513,,RETROFIT_COMPLETED,WS_02,COMPLETED,,
13683.0,2025-12-10T12:03:00+00:00,W9727,,RETROFIT_COMPLETED,WS_01,COMPLETED,,
13683.0,2025-12-10T12:03:00+00:00,W0674,,RETROFIT_COMPLETED,WS_01,COMPLETED,,
13688.0,2025-12-10T12:08:00+00:00,W8637,,RAKE_COUPLING_STARTED,collection1,COUPLING,,
13688.0,2025-12-10T12:08:00+00:00,W2324,,RAKE_COUPLING_STARTED,collection1,COUPLING,,
13688.0,2025-12-10T12:08:00+00:00,W10934,,RAKE_COUPLING_STARTED,collection1,COUPLING,,
13695.0,2025-12-10T12:15:00+00:00,W8637,,MOVING,collection1,MOVING,,
13695.0,2025-12-10T12:15:00+00:00,W2324,,MOVING,collection1,MOVING,,
13695.0,2025-12-10T12:15:00+00:00,W10934,,MOVING,collection1,MOVING,,
13714.0,2025-12-10T12:34:00+00:00,W7598,,RAKE_COUPLING_STARTED,WS_02,COUPLING,,
13714.0,2025-12-10T12:34:00+00:00,W7513,,RAKE_COUPLING_STARTED,WS_02,COUPLING,,
13716.0,2025-12-10T12:36:00+00:00,W7598,,RAKE_COUPLING_COMPLETED,WS_02,WAITING,,
13716.0,2025-12-10T12:36:00+00:00,W7513,,RAKE_COUPLING_COMPLETED,WS_02,WAITING,,
13716.0,2025-12-10T12:36:00+00:00,W7598,,MOVING,WS_02,MOVING,,
13716.0,2025-12-10T12:36:00+00:00,W7513,,MOVING,WS_02,MOVING,,
13721.0,2025-12-10T12:41:00+00:00,W7598,,ON_RETROFITTED_TRACK,retrofitted,WAITING,,
13721.0,2025-12-10T12:41:00+00:00,W7513,,ON_RETROFITTED_TRACK,retrofitted,WAITING,,
13731.0,2025-12-10T12:51:00+00:00,W9727,,RAKE_COUPLING_STARTED,WS_01,COUPLING,,
13731.0,2025-12-10T12:51:00+00:00,W0674,,RAKE_COUPLING_STARTED,WS_01,COUPLING,,
13733.0,2025-12-10T12:53:00+00:00,W9727,,RAKE_COUPLING_COMPLETED,WS_01,WAITING,,
13733.0,2025-12-10T12:53:00+00:00,W0674,,RAKE_COUPLING_COMPLETED,WS_01,WAITING,,
13733.0,2025-12-10T12:53:00+00:00,W9727,,MOVING,WS_01,MOVING,,
13733.0,2025-12-10T12:53:00+00:00,W0674,,MOVING,WS_01,MOVING,,
13738.0,2025-12-10T12:58:00+00:00,W9727,,ON_RETROFITTED_TRACK,retrofitted,WAITING,,
13738.0,2025-12-10T12:58:00+00:00,W0674,,ON_RETROFITTED_TRACK,retrofitted,WAITING,,
13753.0,2025-12-10T13:13:00+00:00,W5420,,MOVING,retrofit,MOVING,,
13753.0,2025-12-10T13:13:00+00:00,W6936,,MOVING,retrofit,MOVING,,
13755.0,2025-12-10T13:15:00+00:00,W8637,,ON_RETROFIT_TRACK,retrofit,WAITING,,
13755.0,2025-12-10T13:15:00+00:00,W2324,,ON_RETROFIT_TRACK,retrofit,WAITING,,
13755.0,2025-12-10T13:15:00+00:00,W10934,,ON_RETROFIT_TRACK,retrofit,WAITING,,
13758.0,2025-12-10T13:18:00+00:00,W5420,,AT_WORKSHOP,WS_02,ARRIVED,,
13758.0,2025-12-10T13:18:00+00:00,W6936,,AT_WORKSHOP,WS_02,ARRIVED,,
13764.0,2025-12-10T13:24:00+00:00,W5420,,RETROFIT_STARTED,WS_02,PROCESSING,,
13764.0,2025-12-10T13:24:00+00:00,W6936,,RETROFIT_STARTED,WS_02,PROCESSING,,
13779.0,2025-12-10T13:39:00+00:00,W0093,,MOVING,retrofit,MOVING,,
13779.0,2025-12-10T13:39:00+00:00,W3413,,MOVING,retrofit,MOVING,,
13784.0,2025-12-10T13:44:00+00:00,W0093,,AT_WORKSHOP,WS_01,ARRIVED,,
13784.0,2025-12-10T13:44:00+00:00,W3413,,AT_WORKSHOP,WS_01,ARRIVED,,
13790.0,2025-12-10T13:50:00+00:00,W0093,,RETROFIT_STARTED,WS_01,PROCESSING,,
13790.0,2025-12-10T13:50:00+00:00,W3413,,RETROFIT_STARTED,WS_01,PROCESSING,,
13824.0,2025-12-10T14:24:00+00:00,W5420,,RETROFIT_COMPLETED,WS_02,COMPLETED,,
13824.0,2025-12-10T14:24:00+00:00,W6936,,RETROFIT_COMPLETED,WS_02,COMPLETED,,
13850.0,2025-12-10T14:50:00+00:00,W0093,,RETROFIT_COMPLETED,WS_01,COMPLETED,,
13850.0,2025-12-10T14:50:00+00:00,W3413,,RETROFIT_COMPLETED,WS_01,COMPLETED,,
13858.0,2025-12-10T14:58:00+00:00,W4885,,MOVING,collection2,MOVING,,
13906.5,2025-12-10T15:46:30+00:00,W9430,,PARKED,parking16,PARKED,,
13906.5,2025-12-10T15:46:30+00:00,W5173,,PARKED,parking16,PARKED,,
13906.5,2025-12-10T15:46:30+00:00,W4380,,PARKED,parking16,PARKED,,
13906.5,2025-12-10T15:46:30+00:00,W5872,,PARKED,parking16,PARKED,,
13918.0,2025-12-10T15:58:00+00:00,W4885,,ON_RETROFIT_TRACK,retrofit,WAITING,,
13931.0,2025-12-10T16:11:00+00:00,W5420,,RAKE_COUPLING_STARTED,WS_02,COUPLING,,
13931.0,2025-12-10T16:11:00+00:00,W6936,,RAKE_COUPLING_STARTED,WS_02,COUPLING,,
13933.0,2025-12-10T16:13:00+00:00,W5420,,RAKE_COUPLING_COMPLETED,WS_02,WAITING,,
13933.0,2025-12-10T16:13:00+00:00,W6936,,RAKE_COUPLING_COMPLETED,WS_02,WAITING,,
13933.0,2025-12-10T16:13:00+00:00,W5420,,MOVING,WS_02,MOVING,,
13933.0,2025-12-10T16:13:00+00:00,W6936,,MOVING,WS_02,MOVING,,
13938.0,2025-12-10T16:18:00+00:00,W5420,,ON_RETROFITTED_TRACK,retrofitted,WAITING,,
13938.0,2025-12-10T16:18:00+00:00,W6936,,ON_RETROFITTED_TRACK,retrofitted,WAITING,,
13948.0,2025-12-10T16:28:00+00:00,W0093,,RAKE_COUPLING_STARTED,WS_01,COUPLING,,
13948.0,2025-12-10T16:28:00+00:00,W3413,,RAKE_COUPLING_STARTED,WS_01,COUPLING,,
13950.0,2025-12-10T16:30:00+00:00,W0093,,RAKE_COUPLING_COMPLETED,WS_01,WAITING,,
13950.0,2025-12-10T16:30:00+00:00,W3413,,RAKE_COUPLING_COMPLETED,WS_01,WAITING,,
13950.0,2025-12-10T16:30:00+00:00,W0093,,MOVING,WS_01,MOVING,,
13950.0,2025-12-10T16:30:00+00:00,W3413,,MOVING,WS_01,MOVING,,
13955.0,2025-12-10T16:35:00+00:00,W0093,,ON_RETROFITTED_TRACK,retrofitted,WAITING,,
13955.0,2025-12-10T16:35:00+00:00,W3413,,ON_RETROFITTED_TRACK,retrofitted,WAITING,,
13970.0,2025-12-10T16:50:00+00:00,W3230,,MOVING,retrofit,MOVING,,
13970.0,2025-12-10T16:50:00+00:00,W8479,,MOVING,retrofit,MOVING,,
13975.0,2025-12-10T16:55:00+00:00,W3230,,AT_WORKSHOP,WS_02,ARRIVED,,
13975.0,2025-12-10T16:55:00+00:00,W8479,,AT_WORKSHOP,WS_02,ARRIVED,,
13976.5,2025-12-10T16:56:30+00:00,W5411,,MOVING,retrofit,MOVING,,
13976.5,2025-12-10T16:56:30+00:00,W11513,,MOVING,retrofit,MOVING,,
13981.0,2025-12-10T17:01:00+00:00,W3230,,RETROFIT_STARTED,WS_02,PROCESSING,,
13981.0,2025-12-10T17:01:00+00:00,W8479,,RETROFIT_STARTED,WS_02,PROCESSING,,
13981.5,2025-12-10T17:01:30+00:00,W5411,,AT_WORKSHOP,WS_01,ARRIVED,,
13981.5,2025-12-10T17:01:30+00:00,W11513,,AT_WORKSHOP,WS_01,ARRIVED,,
13987.5,2025-12-10T17:07:30+00:00,W5411,,RETROFIT_STARTED,WS_01,PROCESSING,,
13987.5,2025-12-10T17:07:30+00:00,W11513,,RETROFIT_STARTED,WS_01,PROCESSING,,
14008.5,2025-12-10T17:28:30+00:00,W7598,,PARKED,parking3,PARKED,,
14008.5,2025-12-10T17:28:30+00:00,W7513,,PARKED,parking3,PARKED,,
14008.5,2025-12-10T17:28:30+00:00,W9727,,PARKED,parking3,PARKED,,
14008.5,2025-12-10T17:28:30+00:00,W0674,,PARKED,parking3,PARKED,,
14008.5,2025-12-10T17:28:30+00:00,W5420,,PARKED,parking3,PARKED,,
14008.5,2025-12-10T17:28:30+00:00,W6936,,PARKED,parking3,PARKED,,
14008.5,2025-12-10T17:28:30+00:00,W0093,,PARKED,parking3,PARKED,,
14008.5,2025-12-10T17:28:30+00:00,W3413,,PARKED,parking3,PARKED,,
14041.0,2025-12-10T18:01:00+00:00,W3230,,RETROFIT_COMPLETED,WS_02,COMPLETED,,
14041.0,2025-12-10T18:01:00+00:00,W8479,,RETROFIT_COMPLETED,WS_02,COMPLETED,,
14047.5,2025-12-10T18:07:30+00:00,W5411,,RETROFIT_COMPLETED,WS_01,COMPLETED,,
14047.5,2025-12-10T18:07:30+00:00,W11513,,RETROFIT_COMPLETED,WS_01,COMPLETED,,
14052.5,2025-12-10T18:12:30+00:00,W3237,,RAKE_COUPLING_STARTED,collection1,COUPLING,,
14052.5,2025-12-10T18:12:30+00:00,W12383,,RAKE_COUPLING_STARTED,collection1,COUPLING,,
14052.5,2025-12-10T18:12:30+00:00,W9843,,RAKE_COUPLING_STARTED,collection1,COUPLING,,
14052.5,2025-12-10T18:12:30+00:00,W4473,,RAKE_COUPLING_STARTED,collection1,COUPLING,,
14052.5,2025-12-10T18:12:30+00:00,W6848,,RAKE_COUPLING_STARTED,collection1,COUPLING,,
14052.5,2025-12-10T18:12:30+00:00,W11356,,RAKE_COUPLING_STARTED,collection1,COUPLING,,
14052.5,2025-12-10T18:12:30+00:00,W4223,,RAKE_COUPLING_STARTED,collection1,COUPLING,,
14067.5,2025-12-10T18:27:30+00:00,W3237,,MOVING,collection1,MOVING,,
14067.5,2025-12-10T18:27:30+00:00,W12383,,MOVING,collection1,MOVING,,
14067.5,2025-12-10T18:27:30+00:00,W9843,,MOVING,collection1,MOVING,,
14067.5,2025-12-10T18:27:30+00:00,W4473,,MOVING,collection1,MOVING,,
14067.5,2025-12-10T18:27:30+00:00,W6848,,MOVING,collection1,MOVING,,
14067.5,2025-12-10T18:27:30+00:00,W11356,,MOVING,collection1,MOVING,,
14067.5,2025-12-10T18:27:30+00:00,W4223,,MOVING,collection1,MOVING,,
14076.5,2025-12-10T18:36:30+00:00,W5346,,MOVING,collection2,MOVING,,
14097.75,2025-12-10T18:57:45+00:00,W11348,T188,REJECTED,REJECTED,REJECTED_NO_RETROFIT_NEEDED,No Retrofit Needed,Wagon doesn't need retrofit
14097.75,2025-12-10T18:57:45+00:00,W11970,T188,REJECTED,REJECTED,REJECTED_NO_RETROFIT_NEEDED,No Retrofit Needed,Wagon doesn't need retrofit
14097.75,2025-12-10T18:57:45+00:00,W9710,T188,ARRIVED,collection1,ARRIVED,,
14097.75,2025-12-10T18:57:45+00:00,W11593,T188,ARRIVED,collection1,ARRIVED,,
14097.75,2025-12-10T18:57:45+00:00,W11019,T188,ARRIVED,collection1,ARRIVED,,
14097.75,2025-12-10T18:57:45+00:00,W3315,T188,ARRIVED,collection1,ARRIVED,,
14097.75,2025-12-10T18:57:45+00:00,W9194,T188,ARRIVED,collection1,ARRIVED,,
14097.75,2025-12-10T18:57:45+00:00,W6843,T188,ARRIVED,collection1,ARRIVED,,
14127.5,2025-12-10T19:27:30+00:00,W3237,,ON_RETROFIT_TRACK,retrofit,WAITING,,
14127.5,2025-12-10T19:27:30+00:00,W12383,,ON_RETROFIT_TRACK,retrofit,WAITING,,
14127.5,2025-12-10T19:27:30+00:00,W9843,,ON_RETROFIT_TRACK,retrofit,WAITING,,
14127.5,2025-12-10T19:27:30+00:00,W4473,,ON_RETROFIT_TRACK,retrofit,WAITING,,
14127.5,2025-12-10T19:27:30+00:00,W6848,,ON_RETROFIT_TRACK,retrofit,WAITING,,
14127.5,2025-12-10T19:27:30+00:00,W11356,,ON_RETROFIT_TRACK,retrofit,WAITING,,
14127.5,2025-12-10T19:27:30+00:00,W4223,,ON_RETROFIT_TRACK,retrofit,WAITING,,
14136.5,2025-12-10T19:36:30+00:00,W5346,,ON_RETROFIT_TRACK,retrofit,WAITING,,
14149.5,2025-12-10T19:49:30+00:00,W3230,,RAKE_COUPLING_STARTED,WS_02,COUPLING,,
14149.5,2025-12-10T19:49:30+00:00,W8479,,RAKE_COUPLING_STARTED,WS_02,COUPLING,,
14151.5,2025-12-10T19:51:30+00:00,W3230,,RAKE_COUPLING_COMPLETED,WS_02,WAITING,,
14151.5,2025-12-10T19:51:30+00:00,W8479,,RAKE_COUPLING_COMPLETED,WS_02,WAITING,,
14151.5,2025-12-10T19:51:30+00:00,W3230,,MOVING,WS_02,MOVING,,
14151.5,2025-12-10T19:51:30+00:00,W8479,,MOVING,WS_02,MOVING,,
14156.5,2025-12-10T19:56:30+00:00,W3230,,ON_RETROFITTED_TRACK,retrofitted,WAITING,,
14156.5,2025-12-10T19:56:30+00:00,W8479,,ON_RETROFITTED_TRACK,retrofitted,WAITING,,
14166.5,2025-12-10T20:06:30+00:00,W5411,,RAKE_COUPLING_STARTED,WS_01,COUPLING,,
14166.5,2025-12-10T20:06:30+00:00,W11513,,RAKE_COUPLING_STARTED,WS_01,COUPLING,,
14168.5,2025-12-10T20:08:30+00:00,W5411,,RAKE_COUPLING_COMPLETED,WS_01,WAITING,,
14168.5,2025-12-10T20:08:30+00:00,W11513,,RAKE_COUPLING_COMPLETED,WS_01,WAITING,,
14168.5,2025-12-10T20:08:30+00:00,W5411,,MOVING,WS_01,MOVING,,
14168.5,2025-12-10T20:08:30+00:00,W11513,,MOVING,WS_01,MOVING,,
14173.5,2025-12-10T20:13:30+00:00,W5411,,ON_RETROFITTED_TRACK,retrofitted,WAITING,,
14173.5,2025-12-10T20:13:30+00:00,W11513,,ON_RETROFITTED_TRACK,retrofitted,WAITING,,
14181.5,2025-12-10T20:21:30+00:00,W3087,,MOVING,retrofit,MOVING,,
14181.5,2025-12-10T20:21:30+00:00,W8637,,MOVING,retrofit,MOVING,,
14186.5,2025-12-10T20:26:30+00:00,W3087,,AT_WORKSHOP,WS_02,ARRIVED,,
14186.5,2025-12-10T20:26:30+00:00,W8637,,AT_WORKSHOP,WS_02,ARRIVED,,
14192.0,2025-12-10T20:32:00+00:00,W3230,,PARKED,parking5,PARKED,,
14192.0,2025-12-10T20:32:00+00:00,W8479,,PARKED,parking5,PARKED,,
14192.5,2025-12-10T20:32:30+00:00,W3087,,RETROFIT_STARTED,WS_02,PROCESSING,,
14192.5,2025-12-10T20:32:30+00:00,W8637,,RETROFIT_STARTED,WS_02,PROCESSING,,
14205.25,2025-12-10T20:45:15+00:00,W10955,T189,ARRIVED,collection1,ARRIVED,,
14205.25,2025-12-10T20:45:15+00:00,W2204,T189,ARRIVED,collection1,ARRIVED,,
14205.25,2025-12-10T20:45:15+00:00,W2742,T189,ARRIVED,collection1,ARRIVED,,
14205.25,2025-12-10T20:45:15+00:00,W10614,T189,ARRIVED,collection1,ARRIVED,,
14205.25,2025-12-10T20:45:15+00:00,W7889,T189,ARRIVED,collection2,ARRIVED,,
14207.0,2025-12-10T20:47:00+00:00,W2324,,MOVING,retrofit,MOVING,,
14207.0,2025-12-10T20:47:00+00:00,W10934,,MOVING,retrofit,MOVING,,
14211.0,2025-12-10T20:51:00+00:00,W5411,,PARKED,parking7,PARKED,,
14211.0,2025-12-10T20:51:00+00:00,W11513,,PARKED,parking7,PARKED,,
14212.0,2025-12-10T20:52:00+00:00,W2324,,AT_WORKSHOP,WS_01,ARRIVED,,
14212.0,2025-12-10T20:52:00+00:00,W10934,,AT_WORKSHOP,WS_01,ARRIVED,,
14218.0,2025-12-10T20:58:00+00:00,W2324,,RETROFIT_STARTED,WS_01,PROCESSING,,
14218.0,2025-12-10T20:58:00+00:00,W10934,,RETROFIT_STARTED,WS_01,PROCESSING,,
14252.5,2025-12-10T21:32:30+00:00,W3087,,RETROFIT_COMPLETED,WS_02,COMPLETED,,
14252.5,2025-12-10T21:32:30+00:00,W8637,,RETROFIT_COMPLETED,WS_02,COMPLETED,,
14276.0,2025-12-10T21:56:00+00:00,W4370,,RAKE_COUPLING_STARTED,collection2,COUPLING,,
14276.0,2025-12-10T21:56:00+00:00,W9406,,RAKE_COUPLING_STARTED,collection2,COUPLING,,
14276.0,2025-12-10T21:56:00+00:00,W5153,,RAKE_COUPLING_STARTED,collection2,COUPLING,,
14276.0,2025-12-10T21:56:00+00:00,W3135,,RAKE_COUPLING_STARTED,collection2,COUPLING,,
14278.0,2025-12-10T21:58:00+00:00,W2324,,RETROFIT_COMPLETED,WS_01,COMPLETED,,
14278.0,2025-12-10T21:58:00+00:00,W10934,,RETROFIT_COMPLETED,WS_01,COMPLETED,,
14283.0,2025-12-10T22:03:00+00:00,W0023,,RAKE_COUPLING_STARTED,collection1,COUPLING,,
14283.0,2025-12-10T22:03:00+00:00,W10397,,RAKE_COUPLING_STARTED,collection1,COUPLING,,
14285.0,2025-12-10T22:05:00+00:00,W4370,,MOVING,collection2,MOVING,,
14285.0,2025-12-10T22:05:00+00:00,W9406,,MOVING,collection2,MOVING,,
14285.0,2025-12-10T22:05:00+00:00,W5153,,MOVING,collection2,MOVING,,
14285.0,2025-12-10T22:05:00+00:00,W3135,,MOVING,collection2,MOVING,,
14288.0,2025-12-10T22:08:00+00:00,W0023,,MOVING,collection1,MOVING,,
14288.0,2025-12-10T22:08:00+00:00,W10397,,MOVING,collection1,MOVING,,
14345.0,2025-12-10T23:05:00+00:00,W4370,,ON_RETROFIT_TRACK,retrofit,WAITING,,
14345.0,2025-12-10T23:05:00+00:00,W9406,,ON_RETROFIT_TRACK,retrofit,WAITING,,
14345.0,2025-12-10T23:05:00+00:00,W5153,,ON_RETROFIT_TRACK,retrofit,WAITING,,
14345.0,2025-12-10T23:05:00+00:00,W3135,,ON_RETROFIT_TRACK,retrofit,WAITING,,
14348.0,2025-12-10T23:08:00+00:00,W0023,,ON_RETROFIT_TRACK,retrofit,WAITING,,
14348.0,2025-12-10T23:08:00+00:00,W10397,,ON_RETROFIT_TRACK,retrofit,WAITING,,
14367.0,2025-12-10T23:27:00+00:00,W3087,,RAKE_COUPLING_STARTED,WS_02,COUPLING,,
14367.0,2025-12-10T23:27:00+00:00,W8637,,RAKE_COUPLING_STARTED,WS_02,COUPLING,,
14369.0,2025-12-10T23:29:00+00:00,W3087,,RAKE_COUPLING_COMPLETED,WS_02,WAITING,,
14369.0,2025-12-10T23:29:00+00:00,W8637,,RAKE_COUPLING_COMPLETED,WS_02,WAITING,,
14369.0,2025-12-10T23:29:00+00:00,W3087,,MOVING,WS_02,MOVING,,
14369.0,2025-12-10T23:29:00+00:00,W8637,,MOVING,WS_02,MOVING,,
14372.75,2025-12-10T23:32:45+00:00,W5872,T190,REJECTED,REJECTED,REJECTED_NO_RETROFIT_NEEDED,No Retrofit Needed,Wagon doesn't need retrofit
14372.75,2025-12-10T23:32:45+00:00,W4802,T190,REJECTED,REJECTED,REJECTED_NO_RETROFIT_NEEDED,No Retrofit Needed,Wagon doesn't need retrofit
14372.75,2025-12-10T23:32:45+00:00,W6323,T190,REJECTED,REJECTED,REJECTED_NO_RETROFIT_NEEDED,No Retrofit Needed,Wagon doesn't need retrofit
14374.0,2025-12-10T23:34:00+00:00,W3087,,ON_RETROFITTED_TRACK,retrofitted,WAITING,,
14374.0,2025-12-10T23:34:00+00:00,W8637,,ON_RETROFITTED_TRACK,retrofitted,WAITING,,
14376.0,2025-12-10T23:36:00+00:00,W2324,,RAKE_COUPLING_STARTED,WS_01,COUPLING,,
14376.0,2025-12-10T23:36:00+00:00,W10934,,RAKE_COUPLING_STARTED,WS_01,COUPLING,,
14378.0,2025-12-10T23:38:00+00:00,W2324,,RAKE_COUPLING_COMPLETED,WS_01,WAITING,,
14378.0,2025-12-10T23:38:00+00:00,W10934,,RAKE_COUPLING_COMPLETED,WS_01,WAITING,,
14378.0,2025-12-10T23:38:00+00:00,W2324,,MOVING,WS_01,MOVING,,
14378.0,2025-12-10T23:38:00+00:00,W10934,,MOVING,WS_01,MOVING,,
14383.0,2025-12-10T23:43:00+00:00,W2324,,ON_RETROFITTED_TRACK,retrofitted,WAITING,,
14383.0,2025-12-10T23:43:00+00:00,W10934,,ON_RETROFITTED_TRACK,retrofitted,WAITING,,
14398.0,2025-12-10T23:58:00+00:00,W4885,,MOVING,retrofit,MOVING,,
14398.0,2025-12-10T23:58:00+00:00,W3237,,MOVING,retrofit,MOVING,,
