09:49:39 | INFO     | SIMPY: Creating enhanced SimPy engine adapter
09:49:39 | INFO     |  Initializing contexts for scenario priority_dispatch_scenario
09:49:39 | INFO     | EVENT_SUBSCRIBED: TrainArrivedEvent -> RetrofitWorkshopContext._handle_train_arrived (total: 1)
09:49:39 | INFO     |  Registering context: railway
09:49:39 | INFO     |  Registering context: external_trains
09:49:39 | INFO     |  Initializing 2 contexts
09:49:39 | INFO     |  Initializing context: railway
09:49:39 | INFO     | EVENT_SUBSCRIBED: WagonMovedEvent -> TrackOccupancyEventHandler.handle_wagon_moved (total: 1)
09:49:39 | INFO     | EVENT_PUBLISHED: ContextInitializedEvent | no_data
09:49:39 | WARNING  | EVENT_NO_SUBSCRIBERS: ContextInitializedEvent
09:49:39 | INFO     |  Initializing context: external_trains
09:49:39 | INFO     | EVENT_PUBLISHED: ContextInitializedEvent | no_data
09:49:39 | WARNING  | EVENT_NO_SUBSCRIBERS: ContextInitializedEvent
09:49:39 | INFO     | EVENT_PUBLISHED: SimulationStartedEvent | no_data
09:49:39 | WARNING  | EVENT_NO_SUBSCRIBERS: SimulationStartedEvent
09:49:39 | INFO     |  Starting simulation for scenario priority_dispatch_scenario (until=14400.0)
09:49:39 | INFO     |  Starting processes for all contexts
09:49:39 | INFO     | EVENT_PUBLISHED: ContextStartedEvent | no_data
09:49:39 | WARNING  | EVENT_NO_SUBSCRIBERS: ContextStartedEvent
09:49:39 | INFO     | EVENT_SUBSCRIBED: WagonRetrofitCompletedEvent -> ExternalTrainsContext._handle_wagon_completed (total: 1)
09:49:39 | INFO     | EVENT_PUBLISHED: ContextStartedEvent | no_data
09:49:39 | WARNING  | EVENT_NO_SUBSCRIBERS: ContextStartedEvent
09:49:39 | INFO     |  Starting retrofit workflow processes
09:49:39 | INFO     | Started workshop assignment process for retrofit
09:49:39 | INFO     | t=0.0: PARKING → Starting coordinator with strategy=opportunistic
09:49:39 | INFO     | t=0.0: PARKING → Starting single process monitoring 1 retrofitted tracks
09:49:39 | INFO     | SIMPY: Starting simulation run (until=14400.0)
09:49:39 | INFO     |  Starting simulation at t=0.0
09:49:39 | INFO     | EVENT_PUBLISHED: TrainArrivedEvent | train=T1 | time=360.0
09:49:39 | INFO     | EVENT_HANDLING: TrainArrivedEvent -> RetrofitWorkshopContext._handle_train_arrived
09:49:39 | INFO     | EVENT_HANDLED: TrainArrivedEvent by RetrofitWorkshopContext._handle_train_arrived
09:49:39 | INFO     | t=360.0: COLLECTION → Reserving retrofit track capacity for 2 wagons
09:49:39 | INFO     | t=360.0: COLLECTION → Capacity reserved, allocating locomotive
09:49:39 | INFO     | t=360.0: DISPATCHER → Task submitted: collection_to_retrofit (pending=1)
09:49:39 | INFO     | t=360.0: DISPATCHER → Assigned loco LOCO_01 to collection_to_retrofit (waited 0.0 min, pending=0)
09:49:39 | INFO     | t=420.0: LOCO[LOCO_01] → TRAIN_PREP at collection (coupling + prep, 5.0 min)
09:49:39 | INFO     | EVENT_PUBLISHED: TrainArrivedEvent | train=T2 | time=442.2
09:49:39 | INFO     | EVENT_HANDLING: TrainArrivedEvent -> RetrofitWorkshopContext._handle_train_arrived
09:49:39 | INFO     | EVENT_HANDLED: TrainArrivedEvent by RetrofitWorkshopContext._handle_train_arrived
09:49:39 | INFO     | t=485.0: LOCO[LOCO_01] → DECOUPLING at retrofit (6.0 min)
09:49:39 | INFO     | t=485.0: WAGON[W11188] → Retrieved from retrofit queue
09:49:39 | INFO     | t=485.0: WORKSHOP[WS_01] → Selected for batch
09:49:39 | INFO     | t=485.0: WAGON[W10437] → Added to batch
09:49:39 | INFO     | t=485.0: BATCH[W11188,W10437] → Formed 2 wagons for WS_01
09:49:39 | INFO     | t=485.0: TRACK[retrofit] → Removed 2 wagons (53.9m freed)
09:49:39 | INFO     | t=485.0: DISPATCHER → Task submitted: retrofit_to_workshop (pending=1)
09:49:39 | INFO     | t=485.0: DISPATCHER → Assigned loco LOCO_02 to retrofit_to_workshop (waited 0.0 min, pending=0)
09:49:39 | INFO     | t=485.0: RAKE[W11188,W10437] → COUPLING at retrofit (1 couplings, 2.0 min)
09:49:39 | INFO     | t=491.0: RAKE[W11188,W10437] → DECOUPLING at retrofit (1 couplings, 3.0 min)
09:49:39 | INFO     | t=492.0: LOCO[LOCO_02] → COUPLING at retrofit (2.0 min)
09:49:39 | INFO     | t=494.0: LOCO[LOCO_02] → SHUNTING_PREP at retrofit (1.0 min)
09:49:39 | INFO     | t=499.0: COLLECTION → Reserving retrofit track capacity for 2 wagons
09:49:39 | INFO     | t=499.0: COLLECTION → Capacity reserved, allocating locomotive
09:49:39 | INFO     | t=499.0: DISPATCHER → Task submitted: collection_to_retrofit (pending=1)
09:49:39 | INFO     | t=499.0: DISPATCHER → Assigned loco LOCO_01 to collection_to_retrofit (waited 0.0 min, pending=0)
09:49:39 | INFO     | t=500.0: LOCO[LOCO_02] → DECOUPLING at WS_01 (3.0 min)
09:49:39 | INFO     | EVENT_PUBLISHED: TrainArrivedEvent | train=T3 | time=502.5
09:49:39 | INFO     | EVENT_HANDLING: TrainArrivedEvent -> RetrofitWorkshopContext._handle_train_arrived
09:49:39 | INFO     | EVENT_HANDLED: TrainArrivedEvent by RetrofitWorkshopContext._handle_train_arrived
09:49:39 | INFO     | t=503.0: RAKE[W11188,W10437] → DECOUPLING at WS_01 (1 couplings, 3.0 min)
09:49:39 | INFO     | t=506.0: WAGON[W11188] → RETROFIT_STARTED at WS_01
09:49:39 | INFO     | t=506.0: WAGON[W10437] → RETROFIT_STARTED at WS_01
09:49:39 | INFO     | EVENT_PUBLISHED: TrainArrivedEvent | train=T4 | time=541.5
09:49:39 | INFO     | EVENT_HANDLING: TrainArrivedEvent -> RetrofitWorkshopContext._handle_train_arrived
09:49:39 | INFO     | EVENT_HANDLED: TrainArrivedEvent by RetrofitWorkshopContext._handle_train_arrived
09:49:39 | INFO     | t=559.0: LOCO[LOCO_01] → TRAIN_PREP at collection (coupling + prep, 5.0 min)
09:49:39 | INFO     | t=566.0: RAKE[W11188,W10437] → COUPLING at WS_01 (1 couplings, 0.5 min)
09:49:39 | INFO     | t=566.5: LOCO → Allocating for pickup from WS_01
09:49:39 | INFO     | t=566.5: DISPATCHER → Task submitted: workshop_to_retrofitted (pending=1)
09:49:39 | INFO     | t=566.5: DISPATCHER → Assigned loco LOCO_02 to workshop_to_retrofitted (waited 0.0 min, pending=0)
09:49:39 | INFO     | t=566.5: LOCO[LOCO_02] → Allocated for pickup
09:49:39 | INFO     | t=573.5: LOCO[LOCO_02] → TRAIN_PREP completed at WS_01 (2.0 min)
09:49:39 | INFO     | t=578.5: BATCH → Putting 2 wagons on retrofitted track retrofitted
09:49:39 | INFO     | t=578.5: WAGON[W11188] → Added to retrofitted track retrofitted
09:49:39 | INFO     | t=578.5: WAGON[W10437] → Added to retrofitted track retrofitted
09:49:39 | INFO     | t=578.5: PARKING → Got wagon W11188 from retrofitted
09:49:39 | INFO     | t=578.5: LOCO → Allocating for parking transport
09:49:39 | INFO     | t=578.5: DISPATCHER → Task submitted: retrofitted_to_parking (pending=1)
09:49:39 | INFO     | t=583.5: WORKSHOP[WS_01] → Released, notifying 0 waiting processes
09:49:39 | INFO     | t=623.5: DISPATCHER → Hold override for retrofitted_to_parking (waited 45.0 min >= max 45.0 min)
09:49:39 | INFO     | t=623.5: DISPATCHER → Hold override for retrofitted_to_parking (waited 45.0 min >= max 45.0 min)
09:49:39 | INFO     | t=623.5: DISPATCHER → Assigned loco LOCO_02 to retrofitted_to_parking (waited 45.0 min, pending=0)
09:49:39 | INFO     | t=623.5: LOCO[LOCO_02] → Allocated for parking transport
09:49:39 | INFO     | t=624.0: LOCO[LOCO_01] → DECOUPLING at retrofit (6.0 min)
09:49:39 | INFO     | t=624.0: WAGON[W12394] → Retrieved from retrofit queue
09:49:39 | INFO     | t=624.0: WORKSHOP[WS_01] → Selected for batch
09:49:39 | INFO     | t=624.0: WAGON[W9278] → Added to batch
09:49:39 | INFO     | t=624.0: BATCH[W12394,W9278] → Formed 2 wagons for WS_01
09:49:39 | INFO     | t=624.0: TRACK[retrofit] → Removed 2 wagons (38.7m freed)
09:49:39 | INFO     | t=624.0: DISPATCHER → Task submitted: retrofit_to_workshop (pending=1)
09:49:39 | INFO     | t=628.5: LOCO[LOCO_02] → TRAIN_PREP at retrofitted (coupling + prep, 2.0 min)
09:49:39 | INFO     | t=630.0: RAKE[W12394,W9278] → DECOUPLING at retrofit (1 couplings, 3.0 min)
09:49:39 | INFO     | t=638.0: DISPATCHER → Assigned loco LOCO_01 to retrofit_to_workshop (waited 14.0 min, pending=0)
09:49:39 | INFO     | t=638.0: RAKE[W12394,W9278] → COUPLING at retrofit (1 couplings, 2.0 min)
09:49:39 | INFO     | t=638.0: COLLECTION → Reserving retrofit track capacity for 4 wagons
09:49:39 | INFO     | t=638.0: COLLECTION → Capacity reserved, allocating locomotive
09:49:39 | INFO     | t=638.0: DISPATCHER → Task submitted: collection_to_retrofit (pending=1)
09:49:39 | INFO     | t=645.0: LOCO[LOCO_01] → COUPLING at retrofit (2.0 min)
09:49:39 | INFO     | t=647.0: LOCO[LOCO_01] → SHUNTING_PREP at retrofit (1.0 min)
09:49:39 | INFO     | t=653.0: LOCO[LOCO_01] → DECOUPLING at WS_01 (3.0 min)
09:49:39 | INFO     | t=656.0: RAKE[W12394,W9278] → DECOUPLING at WS_01 (1 couplings, 3.0 min)
09:49:39 | INFO     | t=659.0: WAGON[W12394] → RETROFIT_STARTED at WS_01
09:49:39 | INFO     | t=659.0: WAGON[W9278] → RETROFIT_STARTED at WS_01
09:49:39 | INFO     | t=664.0: DISPATCHER → Assigned loco LOCO_01 to collection_to_retrofit (waited 26.0 min, pending=0)
09:49:39 | INFO     | EVENT_PUBLISHED: TrainArrivedEvent | train=T5 | time=672.8
09:49:39 | INFO     | EVENT_HANDLING: TrainArrivedEvent -> RetrofitWorkshopContext._handle_train_arrived
09:49:39 | INFO     | EVENT_HANDLED: TrainArrivedEvent by RetrofitWorkshopContext._handle_train_arrived
09:49:39 | INFO     | EVENT_PUBLISHED: TrainArrivedEvent | train=T6 | time=715.0
09:49:39 | INFO     | EVENT_HANDLING: TrainArrivedEvent -> RetrofitWorkshopContext._handle_train_arrived
09:49:39 | INFO     | EVENT_HANDLED: TrainArrivedEvent by RetrofitWorkshopContext._handle_train_arrived
09:49:39 | INFO     | t=719.0: RAKE[W12394,W9278] → COUPLING at WS_01 (1 couplings, 0.5 min)
09:49:39 | INFO     | t=719.5: LOCO → Allocating for pickup from WS_01
09:49:39 | INFO     | t=719.5: DISPATCHER → Task submitted: workshop_to_retrofitted (pending=1)
09:49:39 | INFO     | t=724.0: LOCO[LOCO_01] → TRAIN_PREP at collection (coupling + prep, 9.0 min)
09:49:39 | INFO     | EVENT_PUBLISHED: TrainArrivedEvent | train=T7 | time=724.5
09:49:39 | INFO     | EVENT_HANDLING: TrainArrivedEvent -> RetrofitWorkshopContext._handle_train_arrived
09:49:39 | INFO     | EVENT_HANDLED: TrainArrivedEvent by RetrofitWorkshopContext._handle_train_arrived
09:49:39 | INFO     | EVENT_PUBLISHED: TrainArrivedEvent | train=T8 | time=725.0
09:49:39 | INFO     | EVENT_HANDLING: TrainArrivedEvent -> RetrofitWorkshopContext._handle_train_arrived
09:49:39 | INFO     | EVENT_HANDLED: TrainArrivedEvent by RetrofitWorkshopContext._handle_train_arrived
09:49:39 | INFO     | t=750.5: LOCO[LOCO_02] → DECOUPLING at parking16 (1.0 min)
09:49:39 | INFO     | t=751.5: RAKE[W11188,W10437] → DECOUPLING at parking16 (1 couplings, 0.5 min)
09:49:39 | INFO     | EVENT_PUBLISHED: TrainArrivedEvent | train=T9 | time=753.2
09:49:39 | INFO     | EVENT_HANDLING: TrainArrivedEvent -> RetrofitWorkshopContext._handle_train_arrived
09:49:39 | INFO     | EVENT_HANDLED: TrainArrivedEvent by RetrofitWorkshopContext._handle_train_arrived
09:49:39 | INFO     | EVENT_PUBLISHED: TrainArrivedEvent | train=T10 | time=785.5
09:49:39 | INFO     | EVENT_HANDLING: TrainArrivedEvent -> RetrofitWorkshopContext._handle_train_arrived
09:49:39 | INFO     | EVENT_HANDLED: TrainArrivedEvent by RetrofitWorkshopContext._handle_train_arrived
09:49:39 | INFO     | t=793.0: LOCO[LOCO_01] → DECOUPLING at retrofit (12.0 min)
09:49:39 | INFO     | t=793.0: WAGON[W3926] → Retrieved from retrofit queue
09:49:39 | INFO     | t=793.0: WORKSHOP[WS_02] → Selected for batch
09:49:39 | INFO     | t=793.0: WAGON[W5834] → Added to batch
09:49:39 | INFO     | t=793.0: BATCH[W3926,W5834] → Formed 2 wagons for WS_02
09:49:39 | INFO     | t=793.0: TRACK[retrofit] → Removed 2 wagons (33.9m freed)
09:49:39 | INFO     | t=793.0: DISPATCHER → Task submitted: retrofit_to_workshop (pending=2)
09:49:39 | INFO     | t=805.0: RAKE[W3926,W5834,W9460,W9445] → DECOUPLING at retrofit (3 couplings, 9.0 min)
09:49:39 | INFO     | t=812.0: LOCO[LOCO_02] → Releasing
09:49:39 | INFO     | t=812.0: LOCO[LOCO_02] → Released
09:49:39 | INFO     | t=812.0: DISPATCHER → Assigned loco LOCO_02 to workshop_to_retrofitted (waited 92.5 min, pending=1)
09:49:39 | INFO     | t=812.0: LOCO[LOCO_02] → Allocated for pickup
09:49:39 | INFO     | t=819.0: LOCO[LOCO_02] → TRAIN_PREP completed at WS_01 (2.0 min)
09:49:39 | INFO     | t=819.0: DISPATCHER → Assigned loco LOCO_01 to retrofit_to_workshop (waited 26.0 min, pending=0)
09:49:39 | INFO     | t=819.0: RAKE[W3926,W5834] → COUPLING at retrofit (1 couplings, 2.0 min)
09:49:39 | INFO     | t=819.0: WAGON[W9460] → Retrieved from retrofit queue
09:49:39 | INFO     | t=819.0: WORKSHOP → No workshop available, waiting...
09:49:39 | INFO     | t=819.0: Batch size limited by retrofit capacity: 15 wagons (269.7m) fits, 1 waiting
09:49:39 | INFO     | t=819.0: COLLECTION → Reserving retrofit track capacity for 15 wagons
09:49:39 | INFO     | t=819.0: COLLECTION → Capacity reserved, allocating locomotive
09:49:39 | INFO     | t=819.0: DISPATCHER → Task submitted: collection_to_retrofit (pending=1)
09:49:39 | INFO     | t=824.0: BATCH → Putting 2 wagons on retrofitted track retrofitted
09:49:39 | INFO     | t=824.0: WAGON[W12394] → Added to retrofitted track retrofitted
09:49:39 | INFO     | t=824.0: WAGON[W9278] → Added to retrofitted track retrofitted
09:49:39 | INFO     | t=824.0: PARKING → Got wagon W12394 from retrofitted
09:49:39 | INFO     | t=824.0: LOCO → Allocating for parking transport
09:49:39 | INFO     | t=824.0: DISPATCHER → Task submitted: retrofitted_to_parking (pending=2)
09:49:39 | INFO     | t=826.0: LOCO[LOCO_01] → COUPLING at retrofit (2.0 min)
09:49:39 | INFO     | t=828.0: LOCO[LOCO_01] → SHUNTING_PREP at retrofit (1.0 min)
09:49:39 | INFO     | t=829.0: WORKSHOP[WS_01] → Released, notifying 1 waiting processes
09:49:39 | INFO     | t=829.0: WORKSHOP → Workshop became available
09:49:39 | INFO     | t=829.0: WORKSHOP[WS_01] → Selected for batch
09:49:39 | INFO     | t=829.0: WAGON[W9445] → Added to batch
09:49:39 | INFO     | t=829.0: BATCH[W9460,W9445] → Formed 2 wagons for WS_01
09:49:39 | INFO     | t=829.0: TRACK[retrofit] → Removed 2 wagons (29.9m freed)
09:49:39 | INFO     | t=829.0: DISPATCHER → Task submitted: retrofit_to_workshop (pending=3)
09:49:39 | INFO     | t=829.0: DISPATCHER → Assigned loco LOCO_02 to retrofit_to_workshop (waited 0.0 min, pending=2)
09:49:39 | INFO     | t=829.0: RAKE[W9460,W9445] → COUPLING at retrofit (1 couplings, 2.0 min)
09:49:39 | INFO     | t=834.0: LOCO[LOCO_01] → DECOUPLING at WS_02 (3.0 min)
09:49:39 | INFO     | t=836.0: LOCO[LOCO_02] → COUPLING at retrofit (2.0 min)
09:49:39 | INFO     | t=837.0: RAKE[W3926,W5834] → DECOUPLING at WS_02 (1 couplings, 3.0 min)
09:49:39 | INFO     | t=838.0: LOCO[LOCO_02] → SHUNTING_PREP at retrofit (1.0 min)
09:49:39 | INFO     | t=840.0: WAGON[W3926] → RETROFIT_STARTED at WS_02
09:49:39 | INFO     | t=840.0: WAGON[W5834] → RETROFIT_STARTED at WS_02
09:49:39 | INFO     | t=844.0: LOCO[LOCO_02] → DECOUPLING at WS_01 (3.0 min)
09:49:39 | INFO     | t=845.0: DISPATCHER → Assigned loco LOCO_01 to collection_to_retrofit (waited 26.0 min, pending=1)
09:49:39 | INFO     | t=847.0: RAKE[W9460,W9445] → DECOUPLING at WS_01 (1 couplings, 3.0 min)
09:49:39 | INFO     | t=850.0: WAGON[W9460] → RETROFIT_STARTED at WS_01
09:49:39 | INFO     | t=850.0: WAGON[W9445] → RETROFIT_STARTED at WS_01
09:49:39 | INFO     | EVENT_PUBLISHED: TrainArrivedEvent | train=T11 | time=866.0
09:49:39 | INFO     | EVENT_HANDLING: TrainArrivedEvent -> RetrofitWorkshopContext._handle_train_arrived
09:49:39 | INFO     | EVENT_HANDLED: TrainArrivedEvent by RetrofitWorkshopContext._handle_train_arrived
09:49:39 | INFO     | t=870.0: DISPATCHER → Hold override for retrofitted_to_parking (waited 46.0 min >= max 45.0 min)
09:49:39 | INFO     | t=870.0: DISPATCHER → Hold override for retrofitted_to_parking (waited 46.0 min >= max 45.0 min)
09:49:39 | INFO     | t=870.0: DISPATCHER → Assigned loco LOCO_02 to retrofitted_to_parking (waited 46.0 min, pending=0)
09:49:39 | INFO     | t=870.0: LOCO[LOCO_02] → Allocated for parking transport
09:49:39 | INFO     | t=875.0: LOCO[LOCO_02] → TRAIN_PREP at retrofitted (coupling + prep, 2.0 min)
09:49:39 | INFO     | EVENT_PUBLISHED: TrainArrivedEvent | train=T12 | time=894.8
09:49:39 | INFO     | EVENT_HANDLING: TrainArrivedEvent -> RetrofitWorkshopContext._handle_train_arrived
09:49:39 | INFO     | EVENT_HANDLED: TrainArrivedEvent by RetrofitWorkshopContext._handle_train_arrived
09:49:39 | INFO     | t=900.0: RAKE[W3926,W5834] → COUPLING at WS_02 (1 couplings, 0.5 min)
09:49:39 | INFO     | t=900.5: LOCO → Allocating for pickup from WS_02
09:49:39 | INFO     | t=900.5: DISPATCHER → Task submitted: workshop_to_retrofitted (pending=1)
09:49:39 | INFO     | t=905.0: LOCO[LOCO_01] → TRAIN_PREP at collection (coupling + prep, 31.0 min)
09:49:39 | INFO     | t=910.0: RAKE[W9460,W9445] → COUPLING at WS_01 (1 couplings, 0.5 min)
09:49:39 | INFO     | t=910.5: LOCO → Allocating for pickup from WS_01
09:49:39 | INFO     | t=910.5: DISPATCHER → Task submitted: workshop_to_retrofitted (pending=2)
09:49:39 | INFO     | t=996.0: LOCO[LOCO_01] → DECOUPLING at retrofit (45.0 min)
09:49:39 | INFO     | t=996.0: WAGON[W10704] → Retrieved from retrofit queue
09:49:39 | INFO     | t=996.0: WORKSHOP → No workshop available, waiting...
09:49:39 | INFO     | t=997.0: LOCO[LOCO_02] → DECOUPLING at parking16 (1.0 min)
09:49:39 | INFO     | t=998.0: RAKE[W12394,W9278] → DECOUPLING at parking16 (1 couplings, 0.5 min)
09:49:39 | INFO     | t=1041.0: RAKE[W10704,W3675,W7132,W8934,W6253,W7747,W10546,W7222,W0689,W11268,W11509,W6557,W10356,W6006,W4440] → DECOUPLING at retrofit (14 couplings, 42.0 min)
09:49:39 | INFO     | EVENT_PUBLISHED: TrainArrivedEvent | train=T13 | time=1051.2
09:49:39 | INFO     | EVENT_HANDLING: TrainArrivedEvent -> RetrofitWorkshopContext._handle_train_arrived
09:49:39 | INFO     | EVENT_HANDLED: TrainArrivedEvent by RetrofitWorkshopContext._handle_train_arrived
09:49:39 | INFO     | t=1058.5: LOCO[LOCO_02] → Releasing
09:49:39 | INFO     | t=1058.5: LOCO[LOCO_02] → Released
09:49:39 | INFO     | t=1058.5: DISPATCHER → Assigned loco LOCO_02 to workshop_to_retrofitted (waited 158.0 min, pending=1)
09:49:39 | INFO     | t=1058.5: LOCO[LOCO_02] → Allocated for pickup
09:49:39 | INFO     | t=1065.5: LOCO[LOCO_02] → TRAIN_PREP completed at WS_02 (2.0 min)
09:49:39 | INFO     | t=1070.5: BATCH → Putting 2 wagons on retrofitted track retrofitted
09:49:39 | INFO     | t=1070.5: WAGON[W3926] → Added to retrofitted track retrofitted
09:49:39 | INFO     | t=1070.5: WAGON[W5834] → Added to retrofitted track retrofitted
09:49:39 | INFO     | t=1070.5: PARKING → Got wagon W3926 from retrofitted
09:49:39 | INFO     | t=1070.5: LOCO → Allocating for parking transport
09:49:39 | INFO     | t=1070.5: DISPATCHER → Task submitted: retrofitted_to_parking (pending=2)
09:49:39 | INFO     | t=1075.5: WORKSHOP[WS_02] → Released, notifying 1 waiting processes
09:49:39 | INFO     | t=1075.5: WORKSHOP → Workshop became available
09:49:39 | INFO     | t=1075.5: WORKSHOP[WS_02] → Selected for batch
09:49:39 | INFO     | t=1075.5: DISPATCHER → Assigned loco LOCO_02 to workshop_to_retrofitted (waited 165.0 min, pending=1)
09:49:39 | INFO     | t=1075.5: WAGON[W3675] → Added to batch
09:49:39 | INFO     | t=1075.5: BATCH[W10704,W3675] → Formed 2 wagons for WS_02
09:49:39 | INFO     | t=1075.5: LOCO[LOCO_02] → Allocated for pickup
09:49:39 | INFO     | t=1075.5: TRACK[retrofit] → Removed 2 wagons (33.9m freed)
09:49:39 | INFO     | t=1075.5: DISPATCHER → Task submitted: retrofit_to_workshop (pending=2)
09:49:39 | INFO     | t=1082.5: LOCO[LOCO_02] → TRAIN_PREP completed at WS_01 (2.0 min)
09:49:39 | INFO     | t=1087.5: BATCH → Putting 2 wagons on retrofitted track retrofitted
09:49:39 | INFO     | t=1087.5: WAGON[W9460] → Added to retrofitted track retrofitted
09:49:39 | INFO     | t=1087.5: WAGON[W9445] → Added to retrofitted track retrofitted
09:49:39 | INFO     | t=1088.0: DISPATCHER → Assigned loco LOCO_01 to retrofit_to_workshop (waited 12.5 min, pending=1)
09:49:39 | INFO     | t=1088.0: RAKE[W10704,W3675] → COUPLING at retrofit (1 couplings, 2.0 min)
09:49:39 | INFO     | t=1088.0: WAGON[W7132] → Retrieved from retrofit queue
09:49:39 | INFO     | t=1088.0: WORKSHOP → No workshop available, waiting...
09:49:39 | INFO     | t=1088.0: Batch size limited by retrofit capacity: 5 wagons (74.0m) fits, 6 waiting
09:49:39 | INFO     | t=1088.0: COLLECTION → Reserving retrofit track capacity for 5 wagons
09:49:39 | INFO     | t=1088.0: COLLECTION → Capacity reserved, allocating locomotive
09:49:39 | INFO     | t=1088.0: DISPATCHER → Task submitted: collection_to_retrofit (pending=2)
09:49:39 | INFO     | EVENT_PUBLISHED: TrainArrivedEvent | train=T14 | time=1088.8
09:49:39 | INFO     | EVENT_HANDLING: TrainArrivedEvent -> RetrofitWorkshopContext._handle_train_arrived
09:49:39 | INFO     | EVENT_HANDLED: TrainArrivedEvent by RetrofitWorkshopContext._handle_train_arrived
09:49:39 | INFO     | t=1092.5: WORKSHOP[WS_01] → Released, notifying 1 waiting processes
09:49:39 | INFO     | t=1092.5: WORKSHOP → Workshop became available
09:49:39 | INFO     | t=1092.5: WORKSHOP[WS_01] → Selected for batch
09:49:39 | INFO     | t=1092.5: WAGON[W8934] → Added to batch
09:49:39 | INFO     | t=1092.5: BATCH[W7132,W8934] → Formed 2 wagons for WS_01
09:49:39 | INFO     | t=1092.5: TRACK[retrofit] → Removed 2 wagons (34.1m freed)
09:49:39 | INFO     | t=1092.5: DISPATCHER → Task submitted: retrofit_to_workshop (pending=3)
09:49:39 | INFO     | t=1092.5: DISPATCHER → Assigned loco LOCO_02 to retrofit_to_workshop (waited 0.0 min, pending=2)
09:49:39 | INFO     | t=1092.5: RAKE[W7132,W8934] → COUPLING at retrofit (1 couplings, 2.0 min)
09:49:39 | INFO     | t=1092.5: WAGON[W6253] → Retrieved from retrofit queue
09:49:39 | INFO     | t=1092.5: WORKSHOP → No workshop available, waiting...
09:49:39 | INFO     | t=1095.0: LOCO[LOCO_01] → COUPLING at retrofit (2.0 min)
09:49:39 | INFO     | t=1097.0: LOCO[LOCO_01] → SHUNTING_PREP at retrofit (1.0 min)
09:49:39 | INFO     | t=1099.5: LOCO[LOCO_02] → COUPLING at retrofit (2.0 min)
09:49:39 | INFO     | t=1101.5: LOCO[LOCO_02] → SHUNTING_PREP at retrofit (1.0 min)
09:49:39 | INFO     | t=1103.0: LOCO[LOCO_01] → DECOUPLING at WS_02 (3.0 min)
09:49:39 | INFO     | t=1106.0: RAKE[W10704,W3675] → DECOUPLING at WS_02 (1 couplings, 3.0 min)
09:49:39 | INFO     | t=1107.5: LOCO[LOCO_02] → DECOUPLING at WS_01 (3.0 min)
09:49:39 | INFO     | t=1109.0: WAGON[W10704] → RETROFIT_STARTED at WS_02
09:49:39 | INFO     | t=1109.0: WAGON[W3675] → RETROFIT_STARTED at WS_02
09:49:39 | INFO     | t=1110.5: RAKE[W7132,W8934] → DECOUPLING at WS_01 (1 couplings, 3.0 min)
09:49:39 | INFO     | t=1113.5: WAGON[W7132] → RETROFIT_STARTED at WS_01
09:49:39 | INFO     | t=1113.5: WAGON[W8934] → RETROFIT_STARTED at WS_01
09:49:39 | INFO     | t=1117.5: DISPATCHER → Hold override for retrofitted_to_parking (waited 47.0 min >= max 45.0 min)
09:49:39 | INFO     | t=1117.5: DISPATCHER → Hold override for retrofitted_to_parking (waited 47.0 min >= max 45.0 min)
09:49:39 | INFO     | t=1117.5: DISPATCHER → Assigned loco LOCO_01 to retrofitted_to_parking (waited 47.0 min, pending=1)
09:49:39 | INFO     | t=1117.5: LOCO[LOCO_01] → Allocated for parking transport
09:49:39 | INFO     | t=1122.5: LOCO[LOCO_01] → TRAIN_PREP at retrofitted (coupling + prep, 2.0 min)
09:49:39 | INFO     | t=1169.0: RAKE[W10704,W3675] → COUPLING at WS_02 (1 couplings, 0.5 min)
09:49:39 | INFO     | t=1169.5: LOCO → Allocating for pickup from WS_02
09:49:39 | INFO     | t=1169.5: DISPATCHER → Task submitted: workshop_to_retrofitted (pending=2)
09:49:39 | INFO     | t=1169.5: DISPATCHER → Assigned loco LOCO_02 to workshop_to_retrofitted (waited 0.0 min, pending=1)
09:49:39 | INFO     | t=1169.5: LOCO[LOCO_02] → Allocated for pickup
09:49:39 | INFO     | t=1173.5: RAKE[W7132,W8934] → COUPLING at WS_01 (1 couplings, 0.5 min)
09:49:39 | INFO     | t=1174.0: LOCO → Allocating for pickup from WS_01
09:49:39 | INFO     | t=1174.0: DISPATCHER → Task submitted: workshop_to_retrofitted (pending=2)
09:49:39 | INFO     | t=1176.5: LOCO[LOCO_02] → TRAIN_PREP completed at WS_02 (2.0 min)
09:49:39 | INFO     | t=1181.5: BATCH → Putting 2 wagons on retrofitted track retrofitted
09:49:39 | INFO     | t=1181.5: WAGON[W10704] → Added to retrofitted track retrofitted
09:49:39 | INFO     | t=1181.5: WAGON[W3675] → Added to retrofitted track retrofitted
09:49:39 | INFO     | t=1186.5: WORKSHOP[WS_02] → Released, notifying 1 waiting processes
09:49:39 | INFO     | t=1186.5: WORKSHOP → Workshop became available
09:49:39 | INFO     | t=1186.5: WORKSHOP[WS_02] → Selected for batch
09:49:39 | INFO     | t=1186.5: DISPATCHER → Assigned loco LOCO_02 to workshop_to_retrofitted (waited 12.5 min, pending=1)
09:49:39 | INFO     | t=1186.5: WAGON[W7747] → Added to batch
09:49:39 | INFO     | t=1186.5: BATCH[W6253,W7747] → Formed 2 wagons for WS_02
09:49:39 | INFO     | t=1186.5: LOCO[LOCO_02] → Allocated for pickup
09:49:39 | INFO     | t=1186.5: TRACK[retrofit] → Removed 2 wagons (30.0m freed)
09:49:39 | INFO     | t=1186.5: DISPATCHER → Task submitted: retrofit_to_workshop (pending=2)
09:49:39 | INFO     | t=1193.5: LOCO[LOCO_02] → TRAIN_PREP completed at WS_01 (2.0 min)
09:49:39 | INFO     | t=1198.5: BATCH → Putting 2 wagons on retrofitted track retrofitted
09:49:39 | INFO     | t=1198.5: WAGON[W7132] → Added to retrofitted track retrofitted
09:49:39 | INFO     | t=1198.5: WAGON[W8934] → Added to retrofitted track retrofitted
09:49:39 | INFO     | t=1203.5: WORKSHOP[WS_01] → Released, notifying 0 waiting processes
09:49:39 | INFO     | t=1203.5: DISPATCHER → Assigned loco LOCO_02 to retrofit_to_workshop (waited 17.0 min, pending=1)
09:49:39 | INFO     | t=1203.5: RAKE[W6253,W7747] → COUPLING at retrofit (1 couplings, 2.0 min)
09:49:39 | INFO     | t=1203.5: WAGON[W10546] → Retrieved from retrofit queue
09:49:39 | INFO     | t=1203.5: WORKSHOP[WS_01] → Selected for batch
09:49:39 | INFO     | t=1203.5: WAGON[W7222] → Added to batch
09:49:39 | INFO     | t=1203.5: BATCH[W10546,W7222] → Formed 2 wagons for WS_01
09:49:39 | INFO     | t=1203.5: TRACK[retrofit] → Removed 2 wagons (31.2m freed)
09:49:39 | INFO     | t=1203.5: DISPATCHER → Task submitted: retrofit_to_workshop (pending=2)
09:49:39 | INFO     | t=1210.5: LOCO[LOCO_02] → COUPLING at retrofit (2.0 min)
09:49:39 | INFO     | t=1212.5: LOCO[LOCO_02] → SHUNTING_PREP at retrofit (1.0 min)
09:49:39 | INFO     | t=1218.5: LOCO[LOCO_02] → DECOUPLING at WS_02 (3.0 min)
09:49:39 | INFO     | t=1221.5: RAKE[W6253,W7747] → DECOUPLING at WS_02 (1 couplings, 3.0 min)
09:49:39 | INFO     | t=1224.5: WAGON[W6253] → RETROFIT_STARTED at WS_02
09:49:39 | INFO     | t=1224.5: WAGON[W7747] → RETROFIT_STARTED at WS_02
09:49:39 | INFO     | t=1229.5: DISPATCHER → Assigned loco LOCO_02 to retrofit_to_workshop (waited 26.0 min, pending=1)
09:49:39 | INFO     | t=1229.5: RAKE[W10546,W7222] → COUPLING at retrofit (1 couplings, 2.0 min)
09:49:39 | INFO     | t=1229.5: WAGON[W0689] → Retrieved from retrofit queue
09:49:39 | INFO     | t=1229.5: WORKSHOP → No workshop available, waiting...
09:49:39 | INFO     | t=1236.5: LOCO[LOCO_02] → COUPLING at retrofit (2.0 min)
09:49:39 | INFO     | t=1238.5: LOCO[LOCO_02] → SHUNTING_PREP at retrofit (1.0 min)
09:49:39 | INFO     | t=1244.5: LOCO[LOCO_01] → DECOUPLING at parking16 (1.0 min)
09:49:39 | INFO     | t=1244.5: LOCO[LOCO_02] → DECOUPLING at WS_01 (3.0 min)
09:49:39 | INFO     | t=1245.5: RAKE[W3926,W5834] → DECOUPLING at parking16 (1 couplings, 0.5 min)
09:49:39 | INFO     | t=1247.5: RAKE[W10546,W7222] → DECOUPLING at WS_01 (1 couplings, 3.0 min)
09:49:39 | INFO     | t=1250.5: WAGON[W10546] → RETROFIT_STARTED at WS_01
09:49:39 | INFO     | t=1250.5: WAGON[W7222] → RETROFIT_STARTED at WS_01
09:49:39 | INFO     | t=1255.5: DISPATCHER → Assigned loco LOCO_02 to collection_to_retrofit (waited 167.5 min, pending=0)
09:49:39 | INFO     | t=1284.5: RAKE[W6253,W7747] → COUPLING at WS_02 (1 couplings, 0.5 min)
09:49:39 | INFO     | t=1285.0: LOCO → Allocating for pickup from WS_02
09:49:39 | INFO     | t=1285.0: DISPATCHER → Task submitted: workshop_to_retrofitted (pending=1)
09:49:39 | INFO     | t=1306.0: LOCO[LOCO_01] → Releasing
09:49:39 | INFO     | t=1306.0: LOCO[LOCO_01] → Released
09:49:39 | INFO     | t=1306.0: PARKING → Got wagon W9460 from retrofitted
09:49:39 | INFO     | t=1306.0: DISPATCHER → Assigned loco LOCO_01 to workshop_to_retrofitted (waited 21.0 min, pending=0)
09:49:39 | INFO     | t=1306.0: LOCO[LOCO_01] → Allocated for pickup
09:49:39 | INFO     | t=1306.0: LOCO → Allocating for parking transport
09:49:39 | INFO     | t=1306.0: DISPATCHER → Task submitted: retrofitted_to_parking (pending=1)
09:49:39 | INFO     | t=1310.5: RAKE[W10546,W7222] → COUPLING at WS_01 (1 couplings, 0.5 min)
09:49:39 | INFO     | t=1311.0: LOCO → Allocating for pickup from WS_01
09:49:39 | INFO     | t=1311.0: DISPATCHER → Task submitted: workshop_to_retrofitted (pending=2)
09:49:39 | INFO     | t=1313.0: LOCO[LOCO_01] → TRAIN_PREP completed at WS_02 (2.0 min)
09:49:39 | INFO     | t=1315.5: LOCO[LOCO_02] → TRAIN_PREP at collection (coupling + prep, 11.0 min)
09:49:39 | INFO     | t=1318.0: BATCH → Putting 2 wagons on retrofitted track retrofitted
09:49:39 | INFO     | t=1318.0: WAGON[W6253] → Added to retrofitted track retrofitted
09:49:39 | INFO     | t=1318.0: WAGON[W7747] → Added to retrofitted track retrofitted
09:49:39 | INFO     | t=1323.0: WORKSHOP[WS_02] → Released, notifying 1 waiting processes
09:49:39 | INFO     | t=1323.0: WORKSHOP → Workshop became available
09:49:39 | INFO     | t=1323.0: WORKSHOP[WS_02] → Selected for batch
09:49:39 | INFO     | t=1323.0: DISPATCHER → Assigned loco LOCO_01 to workshop_to_retrofitted (waited 12.0 min, pending=1)
09:49:39 | INFO     | t=1323.0: WAGON[W11268] → Added to batch
09:49:39 | INFO     | t=1323.0: BATCH[W0689,W11268] → Formed 2 wagons for WS_02
09:49:39 | INFO     | t=1323.0: LOCO[LOCO_01] → Allocated for pickup
09:49:39 | INFO     | t=1323.0: TRACK[retrofit] → Removed 2 wagons (41.3m freed)
09:49:39 | INFO     | t=1323.0: DISPATCHER → Task submitted: retrofit_to_workshop (pending=2)
09:49:39 | INFO     | t=1330.0: LOCO[LOCO_01] → TRAIN_PREP completed at WS_01 (2.0 min)
09:49:39 | INFO     | t=1335.0: BATCH → Putting 2 wagons on retrofitted track retrofitted
09:49:39 | INFO     | t=1335.0: WAGON[W10546] → Added to retrofitted track retrofitted
09:49:39 | INFO     | t=1335.0: WAGON[W7222] → Added to retrofitted track retrofitted
09:49:39 | INFO     | t=1340.0: WORKSHOP[WS_01] → Released, notifying 0 waiting processes
09:49:39 | INFO     | t=1340.0: DISPATCHER → Assigned loco LOCO_01 to retrofit_to_workshop (waited 17.0 min, pending=1)
09:49:39 | INFO     | t=1340.0: RAKE[W0689,W11268] → COUPLING at retrofit (1 couplings, 2.0 min)
09:49:39 | INFO     | t=1340.0: WAGON[W11509] → Retrieved from retrofit queue
09:49:39 | INFO     | t=1340.0: WORKSHOP[WS_01] → Selected for batch
09:49:39 | INFO     | t=1340.0: WAGON[W6557] → Added to batch
09:49:39 | INFO     | t=1340.0: BATCH[W11509,W6557] → Formed 2 wagons for WS_01
09:49:39 | INFO     | t=1340.0: TRACK[retrofit] → Removed 2 wagons (42.1m freed)
09:49:39 | INFO     | t=1340.0: DISPATCHER → Task submitted: retrofit_to_workshop (pending=2)
09:49:39 | INFO     | t=1347.0: LOCO[LOCO_01] → COUPLING at retrofit (2.0 min)
09:49:39 | INFO     | t=1349.0: LOCO[LOCO_01] → SHUNTING_PREP at retrofit (1.0 min)
09:49:39 | INFO     | t=1355.0: LOCO[LOCO_01] → DECOUPLING at WS_02 (3.0 min)
09:49:39 | INFO     | t=1358.0: RAKE[W0689,W11268] → DECOUPLING at WS_02 (1 couplings, 3.0 min)
09:49:39 | INFO     | t=1361.0: WAGON[W0689] → RETROFIT_STARTED at WS_02
09:49:39 | INFO     | t=1361.0: WAGON[W11268] → RETROFIT_STARTED at WS_02
09:49:39 | INFO     | t=1366.0: DISPATCHER → Hold override for retrofitted_to_parking (waited 60.0 min >= max 45.0 min)
09:49:39 | INFO     | t=1366.0: DISPATCHER → Assigned loco LOCO_01 to retrofit_to_workshop (waited 26.0 min, pending=1)
09:49:39 | INFO     | t=1366.0: DISPATCHER → Hold override for retrofitted_to_parking (waited 60.0 min >= max 45.0 min)
09:49:39 | INFO     | t=1366.0: RAKE[W11509,W6557] → COUPLING at retrofit (1 couplings, 2.0 min)
09:49:39 | INFO     | t=1366.0: WAGON[W10356] → Retrieved from retrofit queue
09:49:39 | INFO     | t=1366.0: WORKSHOP → No workshop available, waiting...
09:49:39 | INFO     | t=1373.0: LOCO[LOCO_01] → COUPLING at retrofit (2.0 min)
09:49:39 | INFO     | t=1375.0: LOCO[LOCO_01] → SHUNTING_PREP at retrofit (1.0 min)
09:49:39 | INFO     | t=1381.0: LOCO[LOCO_01] → DECOUPLING at WS_01 (3.0 min)
09:49:39 | INFO     | t=1384.0: RAKE[W11509,W6557] → DECOUPLING at WS_01 (1 couplings, 3.0 min)
09:49:39 | INFO     | t=1386.5: LOCO[LOCO_02] → DECOUPLING at retrofit (15.0 min)
09:49:39 | INFO     | t=1387.0: WAGON[W11509] → RETROFIT_STARTED at WS_01
09:49:39 | INFO     | t=1387.0: WAGON[W6557] → RETROFIT_STARTED at WS_01
09:49:39 | INFO     | t=1392.0: DISPATCHER → Hold override for retrofitted_to_parking (waited 86.0 min >= max 45.0 min)
09:49:39 | INFO     | t=1392.0: DISPATCHER → Assigned loco LOCO_01 to retrofitted_to_parking (waited 86.0 min, pending=0)
09:49:39 | INFO     | t=1392.0: LOCO[LOCO_01] → Allocated for parking transport
09:49:39 | INFO     | t=1397.0: LOCO[LOCO_01] → TRAIN_PREP at retrofitted (coupling + prep, 4.0 min)
09:49:39 | INFO     | t=1401.5: RAKE[W10383,W2238,W0047,W0049,W2535] → DECOUPLING at retrofit (4 couplings, 12.0 min)
09:49:39 | INFO     | t=1418.5: Batch size limited by retrofit capacity: 9 wagons (181.6m) fits, 6 waiting
09:49:39 | INFO     | t=1418.5: COLLECTION → Reserving retrofit track capacity for 9 wagons
09:49:39 | INFO     | t=1418.5: COLLECTION → Capacity reserved, allocating locomotive
09:49:39 | INFO     | t=1418.5: DISPATCHER → Task submitted: collection_to_retrofit (pending=1)
09:49:39 | INFO     | t=1421.0: RAKE[W0689,W11268] → COUPLING at WS_02 (1 couplings, 0.5 min)
09:49:39 | INFO     | t=1421.5: LOCO → Allocating for pickup from WS_02
09:49:39 | INFO     | t=1421.5: DISPATCHER → Task submitted: workshop_to_retrofitted (pending=2)
09:49:39 | INFO     | t=1421.5: DISPATCHER → Assigned loco LOCO_02 to workshop_to_retrofitted (waited 0.0 min, pending=1)
09:49:39 | INFO     | t=1421.5: LOCO[LOCO_02] → Allocated for pickup
09:49:39 | INFO     | t=1428.5: LOCO[LOCO_02] → TRAIN_PREP completed at WS_02 (2.0 min)
09:49:39 | INFO     | t=1433.5: BATCH → Putting 2 wagons on retrofitted track retrofitted
09:49:39 | INFO     | t=1433.5: WAGON[W0689] → Added to retrofitted track retrofitted
09:49:39 | INFO     | t=1433.5: WAGON[W11268] → Added to retrofitted track retrofitted
09:49:39 | INFO     | t=1438.5: WORKSHOP[WS_02] → Released, notifying 1 waiting processes
09:49:39 | INFO     | t=1438.5: WORKSHOP → Workshop became available
09:49:39 | INFO     | t=1438.5: WORKSHOP[WS_02] → Selected for batch
09:49:39 | INFO     | t=1438.5: WAGON[W6006] → Added to batch
09:49:39 | INFO     | t=1438.5: BATCH[W10356,W6006] → Formed 2 wagons for WS_02
09:49:39 | INFO     | t=1438.5: TRACK[retrofit] → Removed 2 wagons (37.1m freed)
09:49:39 | INFO     | t=1438.5: DISPATCHER → Task submitted: retrofit_to_workshop (pending=2)
09:49:39 | INFO     | t=1438.5: DISPATCHER → Assigned loco LOCO_02 to retrofit_to_workshop (waited 0.0 min, pending=1)
09:49:39 | INFO     | t=1438.5: RAKE[W10356,W6006] → COUPLING at retrofit (1 couplings, 2.0 min)
09:49:39 | INFO     | t=1438.5: WAGON[W4440] → Retrieved from retrofit queue
09:49:39 | INFO     | t=1438.5: WORKSHOP → No workshop available, waiting...
09:49:39 | INFO     | t=1445.5: LOCO[LOCO_02] → COUPLING at retrofit (2.0 min)
09:49:39 | INFO     | t=1447.0: RAKE[W11509,W6557] → COUPLING at WS_01 (1 couplings, 0.5 min)
09:49:39 | INFO     | t=1447.5: LOCO[LOCO_02] → SHUNTING_PREP at retrofit (1.0 min)
09:49:39 | INFO     | t=1447.5: LOCO → Allocating for pickup from WS_01
09:49:39 | INFO     | t=1447.5: DISPATCHER → Task submitted: workshop_to_retrofitted (pending=2)
09:49:39 | INFO     | t=1453.5: LOCO[LOCO_02] → DECOUPLING at WS_02 (3.0 min)
09:49:39 | INFO     | t=1456.5: RAKE[W10356,W6006] → DECOUPLING at WS_02 (1 couplings, 3.0 min)
09:49:39 | INFO     | t=1459.5: WAGON[W10356] → RETROFIT_STARTED at WS_02
09:49:39 | INFO     | t=1459.5: WAGON[W6006] → RETROFIT_STARTED at WS_02
09:49:39 | INFO     | t=1464.5: DISPATCHER → Assigned loco LOCO_02 to workshop_to_retrofitted (waited 17.0 min, pending=1)
09:49:39 | INFO     | t=1464.5: LOCO[LOCO_02] → Allocated for pickup
09:49:39 | INFO     | t=1471.5: LOCO[LOCO_02] → TRAIN_PREP completed at WS_01 (2.0 min)
09:49:39 | INFO     | t=1476.5: BATCH → Putting 2 wagons on retrofitted track retrofitted
09:49:39 | INFO     | t=1476.5: WAGON[W11509] → Added to retrofitted track retrofitted
09:49:39 | INFO     | t=1476.5: WAGON[W6557] → Added to retrofitted track retrofitted
09:49:39 | INFO     | EVENT_PUBLISHED: TrainArrivedEvent | train=T15 | time=1479.0
09:49:39 | INFO     | EVENT_HANDLING: TrainArrivedEvent -> RetrofitWorkshopContext._handle_train_arrived
09:49:39 | INFO     | EVENT_HANDLED: TrainArrivedEvent by RetrofitWorkshopContext._handle_train_arrived
09:49:39 | INFO     | t=1481.5: WORKSHOP[WS_01] → Released, notifying 1 waiting processes
09:49:39 | INFO     | t=1481.5: WORKSHOP → Workshop became available
09:49:39 | INFO     | t=1481.5: WORKSHOP[WS_01] → Selected for batch
09:49:39 | INFO     | t=1481.5: WAGON[W10383] → Added to batch
09:49:39 | INFO     | t=1481.5: BATCH[W4440,W10383] → Formed 2 wagons for WS_01
09:49:39 | INFO     | t=1481.5: TRACK[retrofit] → Removed 2 wagons (39.8m freed)
09:49:39 | INFO     | t=1481.5: DISPATCHER → Task submitted: retrofit_to_workshop (pending=2)
09:49:39 | INFO     | t=1481.5: DISPATCHER → Assigned loco LOCO_02 to retrofit_to_workshop (waited 0.0 min, pending=1)
09:49:39 | INFO     | t=1481.5: RAKE[W4440,W10383] → COUPLING at retrofit (1 couplings, 2.0 min)
09:49:39 | INFO     | t=1481.5: WAGON[W2238] → Retrieved from retrofit queue
09:49:39 | INFO     | t=1481.5: WORKSHOP → No workshop available, waiting...
09:49:39 | INFO     | t=1488.5: LOCO[LOCO_02] → COUPLING at retrofit (2.0 min)
09:49:39 | INFO     | t=1490.5: LOCO[LOCO_02] → SHUNTING_PREP at retrofit (1.0 min)
09:49:39 | INFO     | t=1496.5: LOCO[LOCO_02] → DECOUPLING at WS_01 (3.0 min)
09:49:39 | INFO     | t=1499.5: RAKE[W4440,W10383] → DECOUPLING at WS_01 (1 couplings, 3.0 min)
09:49:39 | INFO     | t=1502.5: WAGON[W4440] → RETROFIT_STARTED at WS_01
09:49:39 | INFO     | t=1502.5: WAGON[W10383] → RETROFIT_STARTED at WS_01
09:49:39 | INFO     | t=1507.5: DISPATCHER → Assigned loco LOCO_02 to collection_to_retrofit (waited 89.0 min, pending=0)
09:49:39 | INFO     | EVENT_PUBLISHED: TrainArrivedEvent | train=T16 | time=1509.0
09:49:39 | INFO     | EVENT_HANDLING: TrainArrivedEvent -> RetrofitWorkshopContext._handle_train_arrived
09:49:39 | INFO     | EVENT_HANDLED: TrainArrivedEvent by RetrofitWorkshopContext._handle_train_arrived
09:49:39 | INFO     | t=1519.5: RAKE[W10356,W6006] → COUPLING at WS_02 (1 couplings, 0.5 min)
09:49:39 | INFO     | t=1520.0: LOCO → Allocating for pickup from WS_02
09:49:39 | INFO     | t=1520.0: DISPATCHER → Task submitted: workshop_to_retrofitted (pending=1)
09:49:39 | INFO     | t=1521.0: LOCO[LOCO_01] → DECOUPLING at parking16 (3.0 min)
09:49:39 | INFO     | t=1524.0: RAKE[W9460,W9445,W10704,W3675,W7132,W8934] → DECOUPLING at parking16 (5 couplings, 2.5 min)
09:49:39 | INFO     | t=1562.5: RAKE[W4440,W10383] → COUPLING at WS_01 (1 couplings, 0.5 min)
09:49:39 | INFO     | t=1563.0: LOCO → Allocating for pickup from WS_01
09:49:39 | INFO     | t=1563.0: DISPATCHER → Task submitted: workshop_to_retrofitted (pending=2)
09:49:39 | INFO     | t=1567.5: LOCO[LOCO_02] → TRAIN_PREP at collection (coupling + prep, 19.0 min)
09:49:39 | INFO     | t=1586.5: LOCO[LOCO_01] → Releasing
09:49:39 | INFO     | t=1586.5: LOCO[LOCO_01] → Released
09:49:39 | INFO     | t=1586.5: PARKING → Got wagon W6253 from retrofitted
09:49:39 | INFO     | t=1586.5: DISPATCHER → Assigned loco LOCO_01 to workshop_to_retrofitted (waited 66.5 min, pending=1)
09:49:39 | INFO     | t=1586.5: LOCO[LOCO_01] → Allocated for pickup
09:49:39 | INFO     | t=1586.5: LOCO → Allocating for parking transport
09:49:39 | INFO     | t=1586.5: DISPATCHER → Task submitted: retrofitted_to_parking (pending=2)
09:49:39 | INFO     | t=1593.5: LOCO[LOCO_01] → TRAIN_PREP completed at WS_02 (2.0 min)
09:49:39 | INFO     | t=1598.5: BATCH → Putting 2 wagons on retrofitted track retrofitted
09:49:39 | INFO     | t=1598.5: WAGON[W10356] → Added to retrofitted track retrofitted
09:49:39 | INFO     | t=1598.5: WAGON[W6006] → Added to retrofitted track retrofitted
09:49:39 | INFO     | EVENT_PUBLISHED: TrainArrivedEvent | train=T17 | time=1602.5
09:49:39 | INFO     | EVENT_HANDLING: TrainArrivedEvent -> RetrofitWorkshopContext._handle_train_arrived
09:49:39 | INFO     | EVENT_HANDLED: TrainArrivedEvent by RetrofitWorkshopContext._handle_train_arrived
09:49:39 | INFO     | t=1602.5: Batch size limited by retrofit capacity: 3 wagons (69.1m) fits, 1 waiting
09:49:39 | INFO     | t=1602.5: COLLECTION → Reserving retrofit track capacity for 3 wagons
09:49:39 | INFO     | t=1602.5: COLLECTION → Capacity reserved, allocating locomotive
09:49:39 | INFO     | t=1602.5: DISPATCHER → Task submitted: collection_to_retrofit (pending=3)
09:49:39 | INFO     | t=1603.5: WORKSHOP[WS_02] → Released, notifying 1 waiting processes
09:49:39 | INFO     | t=1603.5: WORKSHOP → Workshop became available
09:49:39 | INFO     | t=1603.5: WORKSHOP[WS_02] → Selected for batch
09:49:39 | INFO     | t=1603.5: DISPATCHER → Assigned loco LOCO_01 to workshop_to_retrofitted (waited 40.5 min, pending=2)
09:49:39 | INFO     | t=1603.5: WAGON[W0047] → Added to batch
09:49:39 | INFO     | t=1603.5: BATCH[W2238,W0047] → Formed 2 wagons for WS_02
09:49:39 | INFO     | t=1603.5: LOCO[LOCO_01] → Allocated for pickup
09:49:39 | INFO     | t=1603.5: TRACK[retrofit] → Removed 2 wagons (25.4m freed)
09:49:39 | INFO     | t=1603.5: DISPATCHER → Task submitted: retrofit_to_workshop (pending=3)
09:49:39 | INFO     | t=1610.5: LOCO[LOCO_01] → TRAIN_PREP completed at WS_01 (2.0 min)
09:49:39 | INFO     | t=1615.5: BATCH → Putting 2 wagons on retrofitted track retrofitted
09:49:39 | INFO     | t=1615.5: WAGON[W4440] → Added to retrofitted track retrofitted
09:49:39 | INFO     | t=1615.5: WAGON[W10383] → Added to retrofitted track retrofitted
09:49:39 | INFO     | t=1620.5: WORKSHOP[WS_01] → Released, notifying 0 waiting processes
09:49:39 | INFO     | t=1620.5: DISPATCHER → Assigned loco LOCO_01 to retrofit_to_workshop (waited 17.0 min, pending=2)
09:49:39 | INFO     | t=1620.5: RAKE[W2238,W0047] → COUPLING at retrofit (1 couplings, 2.0 min)
09:49:39 | INFO     | t=1620.5: WAGON[W0049] → Retrieved from retrofit queue
09:49:39 | INFO     | t=1620.5: WORKSHOP[WS_01] → Selected for batch
09:49:39 | INFO     | t=1620.5: WAGON[W2535] → Added to batch
09:49:39 | INFO     | t=1620.5: BATCH[W0049,W2535] → Formed 2 wagons for WS_01
09:49:39 | INFO     | t=1620.5: TRACK[retrofit] → Removed 2 wagons (28.7m freed)
09:49:39 | INFO     | t=1620.5: DISPATCHER → Task submitted: retrofit_to_workshop (pending=3)
09:49:39 | INFO     | t=1627.5: LOCO[LOCO_01] → COUPLING at retrofit (2.0 min)
09:49:39 | INFO     | t=1629.5: LOCO[LOCO_01] → SHUNTING_PREP at retrofit (1.0 min)
09:49:39 | INFO     | t=1635.5: LOCO[LOCO_01] → DECOUPLING at WS_02 (3.0 min)
09:49:39 | INFO     | t=1638.5: RAKE[W2238,W0047] → DECOUPLING at WS_02 (1 couplings, 3.0 min)
09:49:39 | INFO     | t=1641.5: WAGON[W2238] → RETROFIT_STARTED at WS_02
09:49:39 | INFO     | t=1641.5: WAGON[W0047] → RETROFIT_STARTED at WS_02
09:49:39 | INFO     | t=1646.5: LOCO[LOCO_02] → DECOUPLING at retrofit (27.0 min)
09:49:39 | INFO     | t=1646.5: DISPATCHER → Hold override for retrofitted_to_parking (waited 60.0 min >= max 45.0 min)
09:49:39 | INFO     | t=1646.5: DISPATCHER → Assigned loco LOCO_01 to retrofit_to_workshop (waited 26.0 min, pending=2)
09:49:39 | INFO     | t=1646.5: DISPATCHER → Hold override for retrofitted_to_parking (waited 60.0 min >= max 45.0 min)
09:49:39 | INFO     | t=1646.5: RAKE[W0049,W2535] → COUPLING at retrofit (1 couplings, 2.0 min)
09:49:39 | INFO     | t=1646.5: WAGON[W7970] → Retrieved from retrofit queue
09:49:39 | INFO     | t=1646.5: WORKSHOP → No workshop available, waiting...
09:49:39 | INFO     | t=1653.5: LOCO[LOCO_01] → COUPLING at retrofit (2.0 min)
09:49:39 | INFO     | t=1655.5: LOCO[LOCO_01] → SHUNTING_PREP at retrofit (1.0 min)
09:49:39 | INFO     | t=1661.5: LOCO[LOCO_01] → DECOUPLING at WS_01 (3.0 min)
09:49:39 | INFO     | t=1664.5: RAKE[W0049,W2535] → DECOUPLING at WS_01 (1 couplings, 3.0 min)
09:49:39 | INFO     | t=1667.5: WAGON[W0049] → RETROFIT_STARTED at WS_01
09:49:39 | INFO     | t=1667.5: WAGON[W2535] → RETROFIT_STARTED at WS_01
09:49:39 | INFO     | t=1672.5: DISPATCHER → Hold override for retrofitted_to_parking (waited 86.0 min >= max 45.0 min)
09:49:39 | INFO     | t=1672.5: DISPATCHER → Assigned loco LOCO_01 to retrofitted_to_parking (waited 86.0 min, pending=1)
09:49:39 | INFO     | t=1672.5: LOCO[LOCO_01] → Allocated for parking transport
09:49:39 | INFO     | t=1673.5: RAKE[W7970,W4849,W2967,W9776,W12208,W11348,W12037,W0440,W11988] → DECOUPLING at retrofit (8 couplings, 24.0 min)
09:49:39 | INFO     | t=1677.5: LOCO[LOCO_01] → TRAIN_PREP at retrofitted (coupling + prep, 5.0 min)
09:49:39 | INFO     | EVENT_PUBLISHED: TrainArrivedEvent | train=T18 | time=1687.2
09:49:39 | INFO     | EVENT_HANDLING: TrainArrivedEvent -> RetrofitWorkshopContext._handle_train_arrived
09:49:39 | INFO     | EVENT_HANDLED: TrainArrivedEvent by RetrofitWorkshopContext._handle_train_arrived
09:49:39 | INFO     | t=1701.5: RAKE[W2238,W0047] → COUPLING at WS_02 (1 couplings, 0.5 min)
09:49:39 | INFO     | t=1702.0: LOCO → Allocating for pickup from WS_02
09:49:39 | INFO     | t=1702.0: DISPATCHER → Task submitted: workshop_to_retrofitted (pending=2)
09:49:39 | INFO     | t=1702.5: DISPATCHER → Assigned loco LOCO_02 to workshop_to_retrofitted (waited 0.5 min, pending=1)
09:49:39 | INFO     | t=1702.5: LOCO[LOCO_02] → Allocated for pickup
09:49:39 | INFO     | t=1702.5: Batch size limited by retrofit capacity: 3 wagons (54.8m) fits, 16 waiting
09:49:39 | INFO     | t=1702.5: COLLECTION → Reserving retrofit track capacity for 3 wagons
09:49:39 | INFO     | t=1702.5: COLLECTION → Capacity reserved, allocating locomotive
09:49:39 | INFO     | t=1702.5: DISPATCHER → Task submitted: collection_to_retrofit (pending=2)
09:49:39 | INFO     | t=1709.5: LOCO[LOCO_02] → TRAIN_PREP completed at WS_02 (2.0 min)
09:49:39 | INFO     | t=1714.5: BATCH → Putting 2 wagons on retrofitted track retrofitted
09:49:39 | INFO     | t=1714.5: WAGON[W2238] → Added to retrofitted track retrofitted
09:49:39 | INFO     | t=1714.5: WAGON[W0047] → Added to retrofitted track retrofitted
09:49:39 | INFO     | t=1719.5: WORKSHOP[WS_02] → Released, notifying 1 waiting processes
09:49:39 | INFO     | t=1719.5: WORKSHOP → Workshop became available
09:49:39 | INFO     | t=1719.5: WORKSHOP[WS_02] → Selected for batch
09:49:39 | INFO     | t=1719.5: WAGON[W4849] → Added to batch
09:49:39 | INFO     | t=1719.5: BATCH[W7970,W4849] → Formed 2 wagons for WS_02
09:49:39 | INFO     | t=1719.5: TRACK[retrofit] → Removed 2 wagons (34.8m freed)
09:49:39 | INFO     | t=1719.5: DISPATCHER → Task submitted: retrofit_to_workshop (pending=3)
09:49:39 | INFO     | t=1719.5: DISPATCHER → Assigned loco LOCO_02 to retrofit_to_workshop (waited 0.0 min, pending=2)
09:49:39 | INFO     | t=1719.5: RAKE[W7970,W4849] → COUPLING at retrofit (1 couplings, 2.0 min)
09:49:39 | INFO     | t=1719.5: WAGON[W2967] → Retrieved from retrofit queue
09:49:39 | INFO     | t=1719.5: WORKSHOP → No workshop available, waiting...
09:49:39 | INFO     | t=1726.5: LOCO[LOCO_02] → COUPLING at retrofit (2.0 min)
09:49:39 | INFO     | t=1727.5: RAKE[W0049,W2535] → COUPLING at WS_01 (1 couplings, 0.5 min)
09:49:39 | INFO     | t=1728.0: LOCO → Allocating for pickup from WS_01
09:49:39 | INFO     | t=1728.0: DISPATCHER → Task submitted: workshop_to_retrofitted (pending=3)
09:49:39 | INFO     | t=1728.5: LOCO[LOCO_02] → SHUNTING_PREP at retrofit (1.0 min)
09:49:39 | INFO     | t=1734.5: LOCO[LOCO_02] → DECOUPLING at WS_02 (3.0 min)
09:49:39 | INFO     | t=1737.5: RAKE[W7970,W4849] → DECOUPLING at WS_02 (1 couplings, 3.0 min)
09:49:39 | INFO     | t=1740.5: WAGON[W7970] → RETROFIT_STARTED at WS_02
09:49:39 | INFO     | t=1740.5: WAGON[W4849] → RETROFIT_STARTED at WS_02
09:49:39 | INFO     | t=1745.5: DISPATCHER → Assigned loco LOCO_02 to workshop_to_retrofitted (waited 17.5 min, pending=2)
09:49:39 | INFO     | t=1745.5: LOCO[LOCO_02] → Allocated for pickup
09:49:39 | INFO     | t=1752.5: LOCO[LOCO_02] → TRAIN_PREP completed at WS_01 (2.0 min)
09:49:39 | INFO     | t=1757.5: BATCH → Putting 2 wagons on retrofitted track retrofitted
09:49:39 | INFO     | t=1757.5: WAGON[W0049] → Added to retrofitted track retrofitted
09:49:39 | INFO     | t=1757.5: WAGON[W2535] → Added to retrofitted track retrofitted
09:49:39 | INFO     | t=1762.5: WORKSHOP[WS_01] → Released, notifying 1 waiting processes
09:49:39 | INFO     | t=1762.5: WORKSHOP → Workshop became available
09:49:39 | INFO     | t=1762.5: WORKSHOP[WS_01] → Selected for batch
09:49:39 | INFO     | t=1762.5: DISPATCHER → Assigned loco LOCO_02 to collection_to_retrofit (waited 160.0 min, pending=1)
09:49:39 | INFO     | t=1762.5: WAGON[W9776] → Added to batch
09:49:39 | INFO     | t=1762.5: BATCH[W2967,W9776] → Formed 2 wagons for WS_01
09:49:39 | INFO     | t=1762.5: TRACK[retrofit] → Removed 2 wagons (46.5m freed)
09:49:39 | INFO     | t=1762.5: DISPATCHER → Task submitted: retrofit_to_workshop (pending=2)
09:49:39 | INFO     | EVENT_PUBLISHED: TrainArrivedEvent | train=T19 | time=1767.0
09:49:39 | INFO     | EVENT_HANDLING: TrainArrivedEvent -> RetrofitWorkshopContext._handle_train_arrived
09:49:39 | INFO     | EVENT_HANDLED: TrainArrivedEvent by RetrofitWorkshopContext._handle_train_arrived
09:49:39 | INFO     | t=1800.5: RAKE[W7970,W4849] → COUPLING at WS_02 (1 couplings, 0.5 min)
09:49:39 | INFO     | t=1801.0: LOCO → Allocating for pickup from WS_02
09:49:39 | INFO     | t=1801.0: DISPATCHER → Task submitted: workshop_to_retrofitted (pending=3)
09:49:39 | INFO     | t=1802.5: LOCO[LOCO_01] → DECOUPLING at parking16 (4.0 min)
09:49:39 | INFO     | t=1806.5: RAKE[W6253,W7747,W10546,W7222,W0689,W11268,W11509,W6557] → DECOUPLING at parking16 (7 couplings, 3.5 min)
09:49:39 | INFO     | t=1822.5: LOCO[LOCO_02] → TRAIN_PREP at collection (coupling + prep, 7.0 min)
09:49:39 | INFO     | EVENT_PUBLISHED: TrainArrivedEvent | train=T20 | time=1853.5
09:49:39 | INFO     | EVENT_HANDLING: TrainArrivedEvent -> RetrofitWorkshopContext._handle_train_arrived
09:49:39 | INFO     | EVENT_HANDLED: TrainArrivedEvent by RetrofitWorkshopContext._handle_train_arrived
09:49:39 | INFO     | EVENT_PUBLISHED: TrainArrivedEvent | train=T21 | time=1870.0
09:49:39 | INFO     | EVENT_HANDLING: TrainArrivedEvent -> RetrofitWorkshopContext._handle_train_arrived
09:49:39 | INFO     | EVENT_HANDLED: TrainArrivedEvent by RetrofitWorkshopContext._handle_train_arrived
09:49:39 | INFO     | t=1870.0: LOCO[LOCO_01] → Releasing
09:49:39 | INFO     | t=1870.0: LOCO[LOCO_01] → Released
09:49:39 | INFO     | t=1870.0: PARKING → Got wagon W10356 from retrofitted
09:49:39 | INFO     | t=1870.0: DISPATCHER → Assigned loco LOCO_01 to workshop_to_retrofitted (waited 69.0 min, pending=2)
09:49:39 | INFO     | t=1870.0: LOCO[LOCO_01] → Allocated for pickup
09:49:39 | INFO     | t=1870.0: LOCO → Allocating for parking transport
09:49:39 | INFO     | t=1870.0: DISPATCHER → Task submitted: retrofitted_to_parking (pending=3)
09:49:39 | INFO     | t=1877.0: LOCO[LOCO_01] → TRAIN_PREP completed at WS_02 (2.0 min)
09:49:39 | INFO     | t=1882.0: BATCH → Putting 2 wagons on retrofitted track retrofitted
09:49:39 | INFO     | t=1882.0: WAGON[W7970] → Added to retrofitted track retrofitted
09:49:39 | INFO     | t=1882.0: WAGON[W4849] → Added to retrofitted track retrofitted
09:49:39 | INFO     | t=1887.0: WORKSHOP[WS_02] → Released, notifying 0 waiting processes
09:49:39 | INFO     | t=1887.0: DISPATCHER → Assigned loco LOCO_01 to retrofit_to_workshop (waited 124.5 min, pending=2)
09:49:39 | INFO     | t=1887.0: RAKE[W2967,W9776] → COUPLING at retrofit (1 couplings, 2.0 min)
09:49:39 | INFO     | t=1887.0: WAGON[W12208] → Retrieved from retrofit queue
09:49:39 | INFO     | t=1887.0: WORKSHOP[WS_02] → Selected for batch
09:49:39 | INFO     | t=1887.0: WAGON[W11348] → Added to batch
09:49:39 | INFO     | t=1887.0: BATCH[W12208,W11348] → Formed 2 wagons for WS_02
09:49:39 | INFO     | t=1887.0: TRACK[retrofit] → Removed 2 wagons (39.7m freed)
09:49:39 | INFO     | t=1887.0: DISPATCHER → Task submitted: retrofit_to_workshop (pending=3)
09:49:39 | INFO     | t=1889.5: LOCO[LOCO_02] → DECOUPLING at retrofit (9.0 min)
09:49:39 | INFO     | t=1894.0: LOCO[LOCO_01] → COUPLING at retrofit (2.0 min)
09:49:39 | INFO     | t=1896.0: LOCO[LOCO_01] → SHUNTING_PREP at retrofit (1.0 min)
09:49:39 | INFO     | t=1898.5: RAKE[W11467,W10354,W3950] → DECOUPLING at retrofit (2 couplings, 6.0 min)
09:49:39 | INFO     | t=1902.0: LOCO[LOCO_01] → DECOUPLING at WS_01 (3.0 min)
09:49:39 | INFO     | t=1905.0: RAKE[W2967,W9776] → DECOUPLING at WS_01 (1 couplings, 3.0 min)
09:49:39 | INFO     | t=1908.0: WAGON[W2967] → RETROFIT_STARTED at WS_01
09:49:39 | INFO     | t=1908.0: WAGON[W9776] → RETROFIT_STARTED at WS_01
09:49:39 | INFO     | t=1909.5: DISPATCHER → Assigned loco LOCO_02 to retrofit_to_workshop (waited 22.5 min, pending=2)
09:49:39 | INFO     | t=1909.5: RAKE[W12208,W11348] → COUPLING at retrofit (1 couplings, 2.0 min)
09:49:39 | INFO     | t=1909.5: WAGON[W12037] → Retrieved from retrofit queue
09:49:39 | INFO     | t=1909.5: WORKSHOP → No workshop available, waiting...
09:49:39 | INFO     | t=1909.5: COLLECTION → Reserving retrofit track capacity for 7 wagons
09:49:39 | INFO     | t=1909.5: COLLECTION → Capacity reserved, allocating locomotive
09:49:39 | INFO     | t=1909.5: DISPATCHER → Task submitted: collection_to_retrofit (pending=3)
09:49:39 | INFO     | t=1913.0: DISPATCHER → Assigned loco LOCO_01 to retrofitted_to_parking (waited 43.0 min, pending=2)
09:49:39 | INFO     | t=1913.0: LOCO[LOCO_01] → Allocated for parking transport
09:49:39 | INFO     | t=1916.5: LOCO[LOCO_02] → COUPLING at retrofit (2.0 min)
09:49:39 | INFO     | t=1918.0: LOCO[LOCO_01] → TRAIN_PREP at retrofitted (coupling + prep, 5.0 min)
09:49:39 | INFO     | t=1918.5: LOCO[LOCO_02] → SHUNTING_PREP at retrofit (1.0 min)
09:49:39 | INFO     | t=1924.5: LOCO[LOCO_02] → DECOUPLING at WS_02 (3.0 min)
09:49:39 | INFO     | t=1927.5: RAKE[W12208,W11348] → DECOUPLING at WS_02 (1 couplings, 3.0 min)
09:49:39 | INFO     | t=1930.5: WAGON[W12208] → RETROFIT_STARTED at WS_02
09:49:39 | INFO     | t=1930.5: WAGON[W11348] → RETROFIT_STARTED at WS_02
09:49:39 | INFO     | EVENT_PUBLISHED: TrainArrivedEvent | train=T22 | time=1965.2
09:49:39 | INFO     | EVENT_HANDLING: TrainArrivedEvent -> RetrofitWorkshopContext._handle_train_arrived
09:49:39 | INFO     | EVENT_HANDLED: TrainArrivedEvent by RetrofitWorkshopContext._handle_train_arrived
09:49:39 | INFO     | t=1968.0: RAKE[W2967,W9776] → COUPLING at WS_01 (1 couplings, 0.5 min)
09:49:39 | INFO     | t=1968.5: LOCO → Allocating for pickup from WS_01
09:49:39 | INFO     | t=1968.5: DISPATCHER → Task submitted: workshop_to_retrofitted (pending=3)
09:49:39 | INFO     | t=1968.5: DISPATCHER → Assigned loco LOCO_02 to workshop_to_retrofitted (waited 0.0 min, pending=2)
09:49:39 | INFO     | t=1968.5: LOCO[LOCO_02] → Allocated for pickup
09:49:39 | INFO     | t=1975.5: LOCO[LOCO_02] → TRAIN_PREP completed at WS_01 (2.0 min)
09:49:39 | INFO     | t=1980.5: BATCH → Putting 2 wagons on retrofitted track retrofitted
09:49:39 | INFO     | t=1980.5: WAGON[W2967] → Added to retrofitted track retrofitted
09:49:39 | INFO     | t=1980.5: WAGON[W9776] → Added to retrofitted track retrofitted
09:49:39 | INFO     | t=1985.5: WORKSHOP[WS_01] → Released, notifying 1 waiting processes
09:49:39 | INFO     | t=1985.5: WORKSHOP → Workshop became available
09:49:39 | INFO     | t=1985.5: WORKSHOP[WS_01] → Selected for batch
09:49:39 | INFO     | t=1985.5: WAGON[W0440] → Added to batch
09:49:39 | INFO     | t=1985.5: BATCH[W12037,W0440] → Formed 2 wagons for WS_01
09:49:39 | INFO     | t=1985.5: TRACK[retrofit] → Removed 2 wagons (37.3m freed)
09:49:39 | INFO     | t=1985.5: DISPATCHER → Task submitted: retrofit_to_workshop (pending=3)
09:49:39 | INFO     | t=1985.5: DISPATCHER → Assigned loco LOCO_02 to retrofit_to_workshop (waited 0.0 min, pending=2)
09:49:39 | INFO     | t=1985.5: RAKE[W12037,W0440] → COUPLING at retrofit (1 couplings, 2.0 min)
09:49:39 | INFO     | t=1985.5: WAGON[W11988] → Retrieved from retrofit queue
09:49:39 | INFO     | t=1985.5: WORKSHOP → No workshop available, waiting...
09:49:39 | INFO     | t=1990.5: RAKE[W12208,W11348] → COUPLING at WS_02 (1 couplings, 0.5 min)
09:49:39 | INFO     | t=1991.0: LOCO → Allocating for pickup from WS_02
09:49:39 | INFO     | t=1991.0: DISPATCHER → Task submitted: workshop_to_retrofitted (pending=3)
09:49:39 | INFO     | t=1992.5: LOCO[LOCO_02] → COUPLING at retrofit (2.0 min)
09:49:39 | INFO     | t=1994.5: LOCO[LOCO_02] → SHUNTING_PREP at retrofit (1.0 min)
09:49:39 | INFO     | t=2000.5: LOCO[LOCO_02] → DECOUPLING at WS_01 (3.0 min)
09:49:39 | INFO     | t=2003.5: RAKE[W12037,W0440] → DECOUPLING at WS_01 (1 couplings, 3.0 min)
09:49:39 | INFO     | t=2006.5: WAGON[W12037] → RETROFIT_STARTED at WS_01
09:49:39 | INFO     | t=2006.5: WAGON[W0440] → RETROFIT_STARTED at WS_01
09:49:39 | INFO     | t=2011.5: DISPATCHER → Assigned loco LOCO_02 to workshop_to_retrofitted (waited 20.5 min, pending=2)
09:49:39 | INFO     | t=2011.5: LOCO[LOCO_02] → Allocated for pickup
09:49:39 | INFO     | t=2018.5: LOCO[LOCO_02] → TRAIN_PREP completed at WS_02 (2.0 min)
09:49:39 | INFO     | t=2023.5: BATCH → Putting 2 wagons on retrofitted track retrofitted
09:49:39 | INFO     | t=2023.5: WAGON[W12208] → Added to retrofitted track retrofitted
09:49:39 | INFO     | t=2023.5: WAGON[W11348] → Added to retrofitted track retrofitted
09:49:39 | INFO     | t=2028.5: WORKSHOP[WS_02] → Released, notifying 1 waiting processes
09:49:39 | INFO     | t=2028.5: WORKSHOP → Workshop became available
09:49:39 | INFO     | t=2028.5: WORKSHOP[WS_02] → Selected for batch
09:49:39 | INFO     | t=2028.5: WAGON[W11467] → Added to batch
09:49:39 | INFO     | t=2028.5: BATCH[W11988,W11467] → Formed 2 wagons for WS_02
09:49:39 | INFO     | t=2028.5: TRACK[retrofit] → Removed 2 wagons (49.6m freed)
09:49:39 | INFO     | t=2028.5: DISPATCHER → Task submitted: retrofit_to_workshop (pending=3)
09:49:39 | INFO     | t=2028.5: DISPATCHER → Assigned loco LOCO_02 to retrofit_to_workshop (waited 0.0 min, pending=2)
09:49:39 | INFO     | t=2028.5: RAKE[W11988,W11467] → COUPLING at retrofit (1 couplings, 2.0 min)
09:49:39 | INFO     | t=2028.5: WAGON[W10354] → Retrieved from retrofit queue
09:49:39 | INFO     | t=2028.5: WORKSHOP → No workshop available, waiting...
09:49:39 | INFO     | t=2035.5: LOCO[LOCO_02] → COUPLING at retrofit (2.0 min)
09:49:39 | INFO     | t=2037.5: LOCO[LOCO_02] → SHUNTING_PREP at retrofit (1.0 min)
09:49:39 | INFO     | t=2043.0: LOCO[LOCO_01] → DECOUPLING at parking16 (4.0 min)
09:49:39 | INFO     | t=2043.5: LOCO[LOCO_02] → DECOUPLING at WS_02 (3.0 min)
09:49:39 | INFO     | t=2046.5: RAKE[W11988,W11467] → DECOUPLING at WS_02 (1 couplings, 3.0 min)
09:49:39 | INFO     | t=2047.0: RAKE[W10356,W6006,W4440,W10383,W2238,W0047,W0049,W2535] → DECOUPLING at parking16 (7 couplings, 3.5 min)
09:49:39 | INFO     | t=2049.5: WAGON[W11988] → RETROFIT_STARTED at WS_02
09:49:39 | INFO     | t=2049.5: WAGON[W11467] → RETROFIT_STARTED at WS_02
09:49:39 | INFO     | t=2054.5: DISPATCHER → Assigned loco LOCO_02 to collection_to_retrofit (waited 352.0 min, pending=1)
09:49:39 | INFO     | t=2066.5: RAKE[W12037,W0440] → COUPLING at WS_01 (1 couplings, 0.5 min)
09:49:39 | INFO     | t=2067.0: LOCO → Allocating for pickup from WS_01
09:49:39 | INFO     | t=2067.0: DISPATCHER → Task submitted: workshop_to_retrofitted (pending=2)
09:49:39 | INFO     | t=2109.5: RAKE[W11988,W11467] → COUPLING at WS_02 (1 couplings, 0.5 min)
09:49:39 | INFO     | t=2110.0: LOCO → Allocating for pickup from WS_02
09:49:39 | INFO     | t=2110.0: DISPATCHER → Task submitted: workshop_to_retrofitted (pending=3)
09:49:39 | INFO     | t=2110.5: LOCO[LOCO_01] → Releasing
09:49:39 | INFO     | t=2110.5: LOCO[LOCO_01] → Released
09:49:39 | INFO     | t=2110.5: PARKING → Got wagon W7970 from retrofitted
09:49:39 | INFO     | t=2110.5: DISPATCHER → Assigned loco LOCO_01 to workshop_to_retrofitted (waited 43.5 min, pending=2)
09:49:39 | INFO     | t=2110.5: LOCO[LOCO_01] → Allocated for pickup
09:49:39 | INFO     | t=2110.5: LOCO → Allocating for parking transport
09:49:39 | INFO     | t=2110.5: DISPATCHER → Task submitted: retrofitted_to_parking (pending=3)
09:49:39 | INFO     | t=2114.5: LOCO[LOCO_02] → TRAIN_PREP at collection (coupling + prep, 7.0 min)
09:49:39 | INFO     | t=2117.5: LOCO[LOCO_01] → TRAIN_PREP completed at WS_01 (2.0 min)
09:49:39 | INFO     | t=2122.5: BATCH → Putting 2 wagons on retrofitted track retrofitted
09:49:39 | INFO     | t=2122.5: WAGON[W12037] → Added to retrofitted track retrofitted
09:49:39 | INFO     | t=2122.5: WAGON[W0440] → Added to retrofitted track retrofitted
09:49:39 | INFO     | t=2127.5: WORKSHOP[WS_01] → Released, notifying 1 waiting processes
09:49:39 | INFO     | t=2127.5: WORKSHOP → Workshop became available
09:49:39 | INFO     | t=2127.5: WORKSHOP[WS_01] → Selected for batch
09:49:39 | INFO     | t=2127.5: DISPATCHER → Assigned loco LOCO_01 to workshop_to_retrofitted (waited 17.5 min, pending=2)
09:49:39 | INFO     | t=2127.5: WAGON[W3950] → Added to batch
09:49:39 | INFO     | t=2127.5: BATCH[W10354,W3950] → Formed 2 wagons for WS_01
09:49:39 | INFO     | t=2127.5: LOCO[LOCO_01] → Allocated for pickup
09:49:39 | INFO     | t=2127.5: TRACK[retrofit] → Removed 2 wagons (42.8m freed)
09:49:39 | INFO     | t=2127.5: DISPATCHER → Task submitted: retrofit_to_workshop (pending=3)
09:49:39 | INFO     | t=2134.5: LOCO[LOCO_01] → TRAIN_PREP completed at WS_02 (2.0 min)
09:49:39 | INFO     | EVENT_PUBLISHED: TrainArrivedEvent | train=T23 | time=2138.0
09:49:39 | INFO     | EVENT_HANDLING: TrainArrivedEvent -> RetrofitWorkshopContext._handle_train_arrived
09:49:39 | INFO     | EVENT_HANDLED: TrainArrivedEvent by RetrofitWorkshopContext._handle_train_arrived
09:49:39 | INFO     | t=2139.5: BATCH → Putting 2 wagons on retrofitted track retrofitted
09:49:39 | INFO     | t=2139.5: WAGON[W11988] → Added to retrofitted track retrofitted
09:49:39 | INFO     | t=2139.5: WAGON[W11467] → Added to retrofitted track retrofitted
09:49:39 | INFO     | t=2144.5: WORKSHOP[WS_02] → Released, notifying 0 waiting processes
09:49:39 | INFO     | t=2144.5: DISPATCHER → Assigned loco LOCO_01 to retrofit_to_workshop (waited 17.0 min, pending=2)
09:49:39 | INFO     | t=2144.5: RAKE[W10354,W3950] → COUPLING at retrofit (1 couplings, 2.0 min)
09:49:39 | INFO     | EVENT_PUBLISHED: TrainArrivedEvent | train=T24 | time=2149.8
09:49:39 | INFO     | EVENT_HANDLING: TrainArrivedEvent -> RetrofitWorkshopContext._handle_train_arrived
09:49:39 | INFO     | EVENT_HANDLED: TrainArrivedEvent by RetrofitWorkshopContext._handle_train_arrived
09:49:39 | INFO     | t=2151.5: LOCO[LOCO_01] → COUPLING at retrofit (2.0 min)
09:49:39 | INFO     | t=2153.5: LOCO[LOCO_01] → SHUNTING_PREP at retrofit (1.0 min)
09:49:39 | INFO     | EVENT_PUBLISHED: TrainArrivedEvent | train=T25 | time=2158.0
09:49:39 | INFO     | EVENT_HANDLING: TrainArrivedEvent -> RetrofitWorkshopContext._handle_train_arrived
09:49:39 | INFO     | EVENT_HANDLED: TrainArrivedEvent by RetrofitWorkshopContext._handle_train_arrived
09:49:39 | INFO     | t=2159.5: LOCO[LOCO_01] → DECOUPLING at WS_01 (3.0 min)
09:49:39 | INFO     | t=2162.5: RAKE[W10354,W3950] → DECOUPLING at WS_01 (1 couplings, 3.0 min)
09:49:39 | INFO     | t=2165.5: WAGON[W10354] → RETROFIT_STARTED at WS_01
09:49:39 | INFO     | t=2165.5: WAGON[W3950] → RETROFIT_STARTED at WS_01
09:49:39 | INFO     | t=2170.5: DISPATCHER → Hold override for retrofitted_to_parking (waited 60.0 min >= max 45.0 min)
09:49:39 | INFO     | t=2170.5: DISPATCHER → Assigned loco LOCO_01 to collection_to_retrofit (waited 261.0 min, pending=1)
09:49:39 | INFO     | t=2170.5: DISPATCHER → Hold override for retrofitted_to_parking (waited 60.0 min >= max 45.0 min)
09:49:39 | INFO     | t=2181.5: LOCO[LOCO_02] → DECOUPLING at retrofit (9.0 min)
09:49:39 | INFO     | t=2181.5: WAGON[W12260] → Retrieved from retrofit queue
09:49:39 | INFO     | t=2181.5: WORKSHOP[WS_02] → Selected for batch
09:49:39 | INFO     | t=2181.5: WAGON[W0130] → Added to batch
09:49:39 | INFO     | t=2181.5: BATCH[W12260,W0130] → Formed 2 wagons for WS_02
09:49:39 | INFO     | t=2181.5: TRACK[retrofit] → Removed 2 wagons (38.7m freed)
09:49:39 | INFO     | t=2181.5: DISPATCHER → Task submitted: retrofit_to_workshop (pending=2)
09:49:39 | INFO     | t=2190.5: RAKE[W12260,W0130,W9352] → DECOUPLING at retrofit (2 couplings, 6.0 min)
09:49:39 | INFO     | t=2201.5: DISPATCHER → Hold override for retrofitted_to_parking (waited 91.0 min >= max 45.0 min)
09:49:39 | INFO     | t=2201.5: DISPATCHER → Assigned loco LOCO_02 to retrofit_to_workshop (waited 20.0 min, pending=1)
09:49:39 | INFO     | t=2201.5: DISPATCHER → Hold override for retrofitted_to_parking (waited 91.0 min >= max 45.0 min)
09:49:39 | INFO     | t=2201.5: RAKE[W12260,W0130] → COUPLING at retrofit (1 couplings, 2.0 min)
09:49:39 | INFO     | t=2201.5: WAGON[W9352] → Retrieved from retrofit queue
09:49:39 | INFO     | t=2201.5: WORKSHOP → No workshop available, waiting...
09:49:39 | INFO     | t=2201.5: Batch size limited by retrofit capacity: 8 wagons (162.4m) fits, 11 waiting
09:49:39 | INFO     | t=2201.5: COLLECTION → Reserving retrofit track capacity for 8 wagons
09:49:39 | INFO     | t=2201.5: COLLECTION → Capacity reserved, allocating locomotive
09:49:39 | INFO     | t=2201.5: DISPATCHER → Task submitted: collection_to_retrofit (pending=2)
09:49:39 | INFO     | t=2208.5: LOCO[LOCO_02] → COUPLING at retrofit (2.0 min)
09:49:39 | INFO     | t=2210.5: LOCO[LOCO_02] → SHUNTING_PREP at retrofit (1.0 min)
09:49:39 | INFO     | t=2216.5: LOCO[LOCO_02] → DECOUPLING at WS_02 (3.0 min)
09:49:39 | INFO     | t=2219.5: RAKE[W12260,W0130] → DECOUPLING at WS_02 (1 couplings, 3.0 min)
09:49:39 | INFO     | t=2222.5: WAGON[W12260] → RETROFIT_STARTED at WS_02
09:49:39 | INFO     | t=2222.5: WAGON[W0130] → RETROFIT_STARTED at WS_02
09:49:39 | INFO     | t=2225.5: RAKE[W10354,W3950] → COUPLING at WS_01 (1 couplings, 0.5 min)
09:49:39 | INFO     | t=2226.0: LOCO → Allocating for pickup from WS_01
09:49:39 | INFO     | t=2226.0: DISPATCHER → Task submitted: workshop_to_retrofitted (pending=3)
09:49:39 | INFO     | t=2227.5: DISPATCHER → Hold override for retrofitted_to_parking (waited 117.0 min >= max 45.0 min)
09:49:39 | INFO     | t=2227.5: DISPATCHER → Assigned loco LOCO_02 to workshop_to_retrofitted (waited 1.5 min, pending=2)
09:49:39 | INFO     | t=2227.5: DISPATCHER → Hold override for retrofitted_to_parking (waited 117.0 min >= max 45.0 min)
09:49:39 | INFO     | t=2227.5: LOCO[LOCO_02] → Allocated for pickup
09:49:39 | INFO     | t=2230.5: LOCO[LOCO_01] → TRAIN_PREP at collection (coupling + prep, 15.0 min)
09:49:39 | INFO     | t=2234.5: LOCO[LOCO_02] → TRAIN_PREP completed at WS_01 (2.0 min)
09:49:39 | INFO     | t=2239.5: BATCH → Putting 2 wagons on retrofitted track retrofitted
09:49:39 | INFO     | t=2239.5: WAGON[W10354] → Added to retrofitted track retrofitted
09:49:39 | INFO     | t=2239.5: WAGON[W3950] → Added to retrofitted track retrofitted
09:49:39 | INFO     | t=2244.5: WORKSHOP[WS_01] → Released, notifying 1 waiting processes
09:49:39 | INFO     | t=2244.5: WORKSHOP → Workshop became available
09:49:39 | INFO     | t=2244.5: WORKSHOP[WS_01] → Selected for batch
09:49:39 | INFO     | t=2244.5: BATCH[W9352] → Formed 1 wagons for WS_01
09:49:39 | INFO     | t=2244.5: DISPATCHER → Hold override for retrofitted_to_parking (waited 134.0 min >= max 45.0 min)
09:49:39 | INFO     | t=2244.5: DISPATCHER → Assigned loco LOCO_02 to retrofitted_to_parking (waited 134.0 min, pending=1)
09:49:39 | INFO     | t=2244.5: TRACK[retrofit] → Removed 1 wagons (16.1m freed)
09:49:39 | INFO     | t=2244.5: DISPATCHER → Task submitted: retrofit_to_workshop (pending=2)
09:49:39 | INFO     | t=2244.5: LOCO[LOCO_02] → Allocated for parking transport
09:49:39 | INFO     | t=2249.5: LOCO[LOCO_02] → TRAIN_PREP at retrofitted (coupling + prep, 4.0 min)
09:49:39 | INFO     | EVENT_PUBLISHED: TrainArrivedEvent | train=T26 | time=2258.0
09:49:39 | INFO     | EVENT_HANDLING: TrainArrivedEvent -> RetrofitWorkshopContext._handle_train_arrived
09:49:39 | INFO     | EVENT_HANDLED: TrainArrivedEvent by RetrofitWorkshopContext._handle_train_arrived
09:49:39 | INFO     | t=2258.5: LOCO[LOCO_02] → DECOUPLING at parking1 (3.0 min)
09:49:39 | INFO     | t=2261.5: RAKE[W7970,W4849,W2967,W9776,W12208,W11348] → DECOUPLING at parking1 (5 couplings, 2.5 min)
09:49:39 | INFO     | t=2269.0: LOCO[LOCO_02] → Releasing
09:49:39 | INFO     | t=2269.0: LOCO[LOCO_02] → Released
09:49:39 | INFO     | t=2269.0: PARKING → Got wagon W12037 from retrofitted
09:49:39 | INFO     | t=2269.0: DISPATCHER → Assigned loco LOCO_02 to retrofit_to_workshop (waited 24.5 min, pending=1)
09:49:39 | INFO     | t=2269.0: RAKE[W9352] → COUPLING at retrofit (0 couplings, 0.0 min)
09:49:39 | INFO     | t=2269.0: LOCO → Allocating for parking transport
09:49:39 | INFO     | t=2269.0: DISPATCHER → Task submitted: retrofitted_to_parking (pending=2)
09:49:39 | INFO     | t=2274.0: LOCO[LOCO_02] → COUPLING at retrofit (2.0 min)
09:49:39 | INFO     | t=2276.0: LOCO[LOCO_02] → SHUNTING_PREP at retrofit (1.0 min)
09:49:39 | INFO     | t=2282.0: LOCO[LOCO_02] → DECOUPLING at WS_01 (3.0 min)
09:49:39 | INFO     | t=2282.5: RAKE[W12260,W0130] → COUPLING at WS_02 (1 couplings, 0.5 min)
09:49:39 | INFO     | t=2283.0: LOCO → Allocating for pickup from WS_02
09:49:39 | INFO     | t=2283.0: DISPATCHER → Task submitted: workshop_to_retrofitted (pending=3)
09:49:39 | INFO     | t=2285.0: RAKE[W9352] → DECOUPLING at WS_01 (0 couplings, 0.0 min)
09:49:39 | INFO     | t=2285.0: WAGON[W9352] → RETROFIT_STARTED at WS_01
09:49:39 | INFO     | t=2290.0: DISPATCHER → Assigned loco LOCO_02 to workshop_to_retrofitted (waited 7.0 min, pending=2)
09:49:39 | INFO     | t=2290.0: LOCO[LOCO_02] → Allocated for pickup
09:49:39 | INFO     | t=2297.0: LOCO[LOCO_02] → TRAIN_PREP completed at WS_02 (2.0 min)
09:49:39 | INFO     | t=2302.0: BATCH → Putting 2 wagons on retrofitted track retrofitted
09:49:39 | INFO     | t=2302.0: WAGON[W12260] → Added to retrofitted track retrofitted
09:49:39 | INFO     | t=2302.0: WAGON[W0130] → Added to retrofitted track retrofitted
09:49:39 | INFO     | EVENT_PUBLISHED: TrainArrivedEvent | train=T27 | time=2303.8
09:49:39 | INFO     | EVENT_HANDLING: TrainArrivedEvent -> RetrofitWorkshopContext._handle_train_arrived
09:49:39 | INFO     | EVENT_HANDLED: TrainArrivedEvent by RetrofitWorkshopContext._handle_train_arrived
09:49:39 | INFO     | t=2305.5: LOCO[LOCO_01] → DECOUPLING at retrofit (21.0 min)
09:49:39 | INFO     | t=2305.5: WAGON[W7997] → Retrieved from retrofit queue
09:49:39 | INFO     | t=2305.5: WORKSHOP → No workshop available, waiting...
09:49:39 | INFO     | t=2307.0: WORKSHOP[WS_02] → Released, notifying 1 waiting processes
09:49:39 | INFO     | t=2307.0: WORKSHOP → Workshop became available
09:49:39 | INFO     | t=2307.0: WORKSHOP[WS_02] → Selected for batch
09:49:39 | INFO     | t=2307.0: DISPATCHER → Assigned loco LOCO_02 to retrofitted_to_parking (waited 38.0 min, pending=1)
09:49:39 | INFO     | t=2307.0: WAGON[W8626] → Added to batch
09:49:39 | INFO     | t=2307.0: BATCH[W7997,W8626] → Formed 2 wagons for WS_02
09:49:39 | INFO     | t=2307.0: LOCO[LOCO_02] → Allocated for parking transport
09:49:39 | INFO     | t=2307.0: TRACK[retrofit] → Removed 2 wagons (46.2m freed)
09:49:39 | INFO     | t=2307.0: DISPATCHER → Task submitted: retrofit_to_workshop (pending=2)
09:49:39 | INFO     | t=2312.0: LOCO[LOCO_02] → TRAIN_PREP at retrofitted (coupling + prep, 4.0 min)
09:49:39 | INFO     | EVENT_PUBLISHED: TrainArrivedEvent | train=T28 | time=2324.2
09:49:39 | INFO     | EVENT_HANDLING: TrainArrivedEvent -> RetrofitWorkshopContext._handle_train_arrived
09:49:39 | INFO     | EVENT_HANDLED: TrainArrivedEvent by RetrofitWorkshopContext._handle_train_arrived
09:49:39 | INFO     | t=2326.5: RAKE[W7997,W8626,W9169,W9173,W9270,W9276,W11578] → DECOUPLING at retrofit (6 couplings, 18.0 min)
09:49:39 | INFO     | t=2345.0: RAKE[W9352] → COUPLING at WS_01 (0 couplings, 0.0 min)
09:49:39 | INFO     | t=2345.0: LOCO → Allocating for pickup from WS_01
09:49:39 | INFO     | t=2345.0: DISPATCHER → Task submitted: workshop_to_retrofitted (pending=3)
09:49:39 | INFO     | t=2349.5: DISPATCHER → Assigned loco LOCO_01 to workshop_to_retrofitted (waited 4.5 min, pending=2)
09:49:39 | INFO     | t=2349.5: Batch size limited by retrofit capacity: 2 wagons (52.8m) fits, 20 waiting
09:49:39 | INFO     | t=2349.5: LOCO[LOCO_01] → Allocated for pickup
09:49:39 | INFO     | t=2349.5: COLLECTION → Reserving retrofit track capacity for 2 wagons
09:49:39 | INFO     | t=2349.5: COLLECTION → Capacity reserved, allocating locomotive
09:49:39 | INFO     | t=2349.5: DISPATCHER → Task submitted: collection_to_retrofit (pending=3)
09:49:39 | INFO     | t=2356.0: LOCO[LOCO_01] → TRAIN_PREP completed at WS_01 (1.5 min)
09:49:39 | INFO     | t=2361.0: BATCH → Putting 1 wagons on retrofitted track retrofitted
09:49:39 | INFO     | t=2361.0: WAGON[W9352] → Added to retrofitted track retrofitted
09:49:39 | INFO     | t=2366.0: WORKSHOP[WS_01] → Released, notifying 0 waiting processes
09:49:39 | INFO     | t=2366.0: DISPATCHER → Assigned loco LOCO_01 to retrofit_to_workshop (waited 59.0 min, pending=2)
09:49:39 | INFO     | t=2366.0: RAKE[W7997,W8626] → COUPLING at retrofit (1 couplings, 2.0 min)
09:49:39 | INFO     | t=2366.0: WAGON[W9169] → Retrieved from retrofit queue
09:49:39 | INFO     | t=2366.0: WORKSHOP[WS_01] → Selected for batch
09:49:39 | INFO     | t=2366.0: WAGON[W9173] → Added to batch
09:49:39 | INFO     | t=2366.0: BATCH[W9169,W9173] → Formed 2 wagons for WS_01
09:49:39 | INFO     | t=2366.0: TRACK[retrofit] → Removed 2 wagons (34.0m freed)
09:49:39 | INFO     | t=2366.0: DISPATCHER → Task submitted: retrofit_to_workshop (pending=3)
09:49:39 | INFO     | t=2373.0: LOCO[LOCO_01] → COUPLING at retrofit (2.0 min)
09:49:39 | INFO     | t=2375.0: LOCO[LOCO_01] → SHUNTING_PREP at retrofit (1.0 min)
09:49:39 | INFO     | t=2376.0: LOCO[LOCO_02] → DECOUPLING at parking12 (3.0 min)
09:49:39 | INFO     | t=2379.0: RAKE[W12037,W0440,W11988,W11467,W10354,W3950] → DECOUPLING at parking12 (5 couplings, 2.5 min)
09:49:39 | INFO     | t=2381.0: LOCO[LOCO_01] → DECOUPLING at WS_02 (3.0 min)
09:49:39 | INFO     | t=2384.0: RAKE[W7997,W8626] → DECOUPLING at WS_02 (1 couplings, 3.0 min)
09:49:39 | INFO     | t=2387.0: WAGON[W7997] → RETROFIT_STARTED at WS_02
09:49:39 | INFO     | t=2387.0: WAGON[W8626] → RETROFIT_STARTED at WS_02
09:49:39 | INFO     | t=2392.0: DISPATCHER → Assigned loco LOCO_01 to retrofit_to_workshop (waited 26.0 min, pending=2)
09:49:39 | INFO     | t=2392.0: RAKE[W9169,W9173] → COUPLING at retrofit (1 couplings, 2.0 min)
09:49:39 | INFO     | t=2392.0: WAGON[W9270] → Retrieved from retrofit queue
09:49:39 | INFO     | t=2392.0: WORKSHOP → No workshop available, waiting...
09:49:39 | INFO     | t=2399.0: LOCO[LOCO_01] → COUPLING at retrofit (2.0 min)
09:49:39 | INFO     | t=2401.0: LOCO[LOCO_01] → SHUNTING_PREP at retrofit (1.0 min)
09:49:39 | INFO     | t=2407.0: LOCO[LOCO_01] → DECOUPLING at WS_01 (3.0 min)
09:49:39 | INFO     | t=2410.0: RAKE[W9169,W9173] → DECOUPLING at WS_01 (1 couplings, 3.0 min)
09:49:39 | INFO     | t=2413.0: WAGON[W9169] → RETROFIT_STARTED at WS_01
09:49:39 | INFO     | t=2413.0: WAGON[W9173] → RETROFIT_STARTED at WS_01
09:49:39 | INFO     | t=2418.0: DISPATCHER → Assigned loco LOCO_01 to collection_to_retrofit (waited 216.5 min, pending=1)
09:49:39 | INFO     | t=2441.5: LOCO[LOCO_02] → Releasing
09:49:39 | INFO     | t=2441.5: LOCO[LOCO_02] → Released
09:49:39 | INFO     | t=2441.5: PARKING → Got wagon W12260 from retrofitted
09:49:39 | INFO     | t=2441.5: DISPATCHER → Assigned loco LOCO_02 to collection_to_retrofit (waited 92.0 min, pending=0)
09:49:39 | INFO     | t=2441.5: LOCO → Allocating for parking transport
09:49:39 | INFO     | t=2441.5: DISPATCHER → Task submitted: retrofitted_to_parking (pending=1)
09:49:39 | INFO     | t=2447.0: RAKE[W7997,W8626] → COUPLING at WS_02 (1 couplings, 0.5 min)
09:49:39 | INFO     | t=2447.5: LOCO → Allocating for pickup from WS_02
09:49:39 | INFO     | t=2447.5: DISPATCHER → Task submitted: workshop_to_retrofitted (pending=2)
09:49:39 | INFO     | t=2473.0: RAKE[W9169,W9173] → COUPLING at WS_01 (1 couplings, 0.5 min)
09:49:39 | INFO     | t=2473.5: LOCO → Allocating for pickup from WS_01
09:49:39 | INFO     | t=2473.5: DISPATCHER → Task submitted: workshop_to_retrofitted (pending=3)
09:49:39 | INFO     | t=2478.0: LOCO[LOCO_01] → TRAIN_PREP at collection (coupling + prep, 17.0 min)
09:49:39 | INFO     | EVENT_PUBLISHED: TrainArrivedEvent | train=T29 | time=2484.8
09:49:39 | INFO     | EVENT_HANDLING: TrainArrivedEvent -> RetrofitWorkshopContext._handle_train_arrived
09:49:39 | INFO     | EVENT_HANDLED: TrainArrivedEvent by RetrofitWorkshopContext._handle_train_arrived
09:49:39 | INFO     | t=2501.5: LOCO[LOCO_02] → TRAIN_PREP at collection (coupling + prep, 5.0 min)
09:49:39 | INFO     | EVENT_PUBLISHED: TrainArrivedEvent | train=T30 | time=2523.0
09:49:39 | INFO     | EVENT_HANDLING: TrainArrivedEvent -> RetrofitWorkshopContext._handle_train_arrived
09:49:39 | INFO     | EVENT_HANDLED: TrainArrivedEvent by RetrofitWorkshopContext._handle_train_arrived
09:49:39 | INFO     | EVENT_PUBLISHED: TrainArrivedEvent | train=T31 | time=2529.2
09:49:39 | INFO     | EVENT_HANDLING: TrainArrivedEvent -> RetrofitWorkshopContext._handle_train_arrived
09:49:39 | INFO     | EVENT_HANDLED: TrainArrivedEvent by RetrofitWorkshopContext._handle_train_arrived
09:49:39 | INFO     | t=2555.0: LOCO[LOCO_01] → DECOUPLING at retrofit (24.0 min)
09:49:39 | INFO     | t=2566.5: LOCO[LOCO_02] → DECOUPLING at retrofit (6.0 min)
09:49:39 | INFO     | EVENT_PUBLISHED: TrainArrivedEvent | train=T32 | time=2571.5
09:49:39 | INFO     | EVENT_HANDLING: TrainArrivedEvent -> RetrofitWorkshopContext._handle_train_arrived
09:49:39 | INFO     | EVENT_HANDLED: TrainArrivedEvent by RetrofitWorkshopContext._handle_train_arrived
09:49:39 | INFO     | t=2572.5: RAKE[W0623,W11970] → DECOUPLING at retrofit (1 couplings, 3.0 min)
09:49:39 | INFO     | EVENT_PUBLISHED: TrainArrivedEvent | train=T33 | time=2574.0
09:49:39 | INFO     | EVENT_HANDLING: TrainArrivedEvent -> RetrofitWorkshopContext._handle_train_arrived
09:49:39 | INFO     | EVENT_HANDLED: TrainArrivedEvent by RetrofitWorkshopContext._handle_train_arrived
09:49:39 | INFO     | t=2579.0: RAKE[W2980,W2406,W2399,W9868,W12060,W12210,W8636,W10949] → DECOUPLING at retrofit (7 couplings, 21.0 min)
09:49:39 | INFO     | t=2580.5: DISPATCHER → Hold override for retrofitted_to_parking (waited 139.0 min >= max 45.0 min)
09:49:39 | INFO     | t=2580.5: DISPATCHER → Assigned loco LOCO_02 to workshop_to_retrofitted (waited 133.0 min, pending=2)
09:49:39 | INFO     | t=2580.5: DISPATCHER → Hold override for retrofitted_to_parking (waited 139.0 min >= max 45.0 min)
09:49:39 | INFO     | t=2580.5: Batch size limited by retrofit capacity: 2 wagons (40.8m) fits, 22 waiting
09:49:39 | INFO     | t=2580.5: LOCO[LOCO_02] → Allocated for pickup
09:49:39 | INFO     | t=2580.5: COLLECTION → Reserving retrofit track capacity for 2 wagons
09:49:39 | INFO     | t=2580.5: COLLECTION → Capacity reserved, allocating locomotive
09:49:39 | INFO     | t=2580.5: DISPATCHER → Task submitted: collection_to_retrofit (pending=3)
09:49:39 | INFO     | t=2587.5: LOCO[LOCO_02] → TRAIN_PREP completed at WS_02 (2.0 min)
09:49:39 | INFO     | t=2592.5: BATCH → Putting 2 wagons on retrofitted track retrofitted
09:49:39 | INFO     | t=2592.5: WAGON[W7997] → Added to retrofitted track retrofitted
09:49:39 | INFO     | t=2592.5: WAGON[W8626] → Added to retrofitted track retrofitted
09:49:39 | INFO     | t=2597.5: WORKSHOP[WS_02] → Released, notifying 1 waiting processes
09:49:39 | INFO     | t=2597.5: WORKSHOP → Workshop became available
09:49:39 | INFO     | t=2597.5: WORKSHOP[WS_02] → Selected for batch
09:49:39 | INFO     | t=2597.5: DISPATCHER → Hold override for retrofitted_to_parking (waited 156.0 min >= max 45.0 min)
09:49:39 | INFO     | t=2597.5: DISPATCHER → Assigned loco LOCO_02 to workshop_to_retrofitted (waited 124.0 min, pending=2)
09:49:39 | INFO     | t=2597.5: DISPATCHER → Hold override for retrofitted_to_parking (waited 156.0 min >= max 45.0 min)
09:49:39 | INFO     | t=2597.5: WAGON[W9276] → Added to batch
09:49:39 | INFO     | t=2597.5: BATCH[W9270,W9276] → Formed 2 wagons for WS_02
09:49:39 | INFO     | t=2597.5: LOCO[LOCO_02] → Allocated for pickup
09:49:39 | INFO     | t=2597.5: TRACK[retrofit] → Removed 2 wagons (34.0m freed)
09:49:39 | INFO     | t=2597.5: DISPATCHER → Task submitted: retrofit_to_workshop (pending=3)
09:49:39 | INFO     | t=2604.5: LOCO[LOCO_02] → TRAIN_PREP completed at WS_01 (2.0 min)
09:49:39 | INFO     | t=2605.0: DISPATCHER → Hold override for retrofitted_to_parking (waited 163.5 min >= max 45.0 min)
09:49:39 | INFO     | t=2605.0: DISPATCHER → Assigned loco LOCO_01 to retrofit_to_workshop (waited 7.5 min, pending=2)
09:49:39 | INFO     | t=2605.0: DISPATCHER → Hold override for retrofitted_to_parking (waited 163.5 min >= max 45.0 min)
09:49:39 | INFO     | t=2605.0: Batch size limited by retrofit capacity: 2 wagons (37.6m) fits, 21 waiting
09:49:39 | INFO     | t=2605.0: RAKE[W9270,W9276] → COUPLING at retrofit (1 couplings, 2.0 min)
09:49:39 | INFO     | t=2605.0: COLLECTION → Reserving retrofit track capacity for 2 wagons
09:49:39 | INFO     | t=2605.0: WAGON[W11578] → Retrieved from retrofit queue
09:49:39 | INFO     | t=2605.0: WORKSHOP → No workshop available, waiting...
09:49:39 | INFO     | t=2605.0: COLLECTION → Capacity reserved, allocating locomotive
09:49:39 | INFO     | t=2605.0: DISPATCHER → Task submitted: collection_to_retrofit (pending=3)
09:49:39 | INFO     | t=2609.5: BATCH → Putting 2 wagons on retrofitted track retrofitted
09:49:39 | INFO     | t=2609.5: WAGON[W9169] → Added to retrofitted track retrofitted
09:49:39 | INFO     | t=2609.5: WAGON[W9173] → Added to retrofitted track retrofitted
09:49:39 | INFO     | t=2612.0: LOCO[LOCO_01] → COUPLING at retrofit (2.0 min)
09:49:39 | INFO     | t=2614.0: LOCO[LOCO_01] → SHUNTING_PREP at retrofit (1.0 min)
09:49:39 | INFO     | t=2614.5: WORKSHOP[WS_01] → Released, notifying 1 waiting processes
09:49:39 | INFO     | t=2614.5: WORKSHOP → Workshop became available
09:49:39 | INFO     | t=2614.5: WORKSHOP[WS_01] → Selected for batch
09:49:39 | INFO     | t=2614.5: DISPATCHER → Hold override for retrofitted_to_parking (waited 173.0 min >= max 45.0 min)
09:49:39 | INFO     | t=2614.5: DISPATCHER → Assigned loco LOCO_02 to retrofitted_to_parking (waited 173.0 min, pending=2)
09:49:39 | INFO     | t=2614.5: WAGON[W2980] → Added to batch
09:49:39 | INFO     | t=2614.5: BATCH[W11578,W2980] → Formed 2 wagons for WS_01
09:49:39 | INFO     | t=2614.5: LOCO[LOCO_02] → Allocated for parking transport
09:49:39 | INFO     | t=2614.5: TRACK[retrofit] → Removed 2 wagons (43.7m freed)
09:49:39 | INFO     | t=2614.5: DISPATCHER → Task submitted: retrofit_to_workshop (pending=3)
09:49:39 | INFO     | t=2619.5: LOCO[LOCO_02] → TRAIN_PREP at retrofitted (coupling + prep, 2.5 min)
09:49:39 | INFO     | t=2620.0: LOCO[LOCO_01] → DECOUPLING at WS_02 (3.0 min)
09:49:39 | INFO     | t=2623.0: RAKE[W9270,W9276] → DECOUPLING at WS_02 (1 couplings, 3.0 min)
09:49:39 | INFO     | t=2626.0: WAGON[W9270] → RETROFIT_STARTED at WS_02
09:49:39 | INFO     | t=2626.0: WAGON[W9276] → RETROFIT_STARTED at WS_02
09:49:39 | INFO     | t=2631.0: DISPATCHER → Assigned loco LOCO_01 to retrofit_to_workshop (waited 16.5 min, pending=2)
09:49:39 | INFO     | t=2631.0: RAKE[W11578,W2980] → COUPLING at retrofit (1 couplings, 2.0 min)
09:49:39 | INFO     | t=2631.0: WAGON[W2406] → Retrieved from retrofit queue
09:49:39 | INFO     | t=2631.0: WORKSHOP → No workshop available, waiting...
09:49:39 | INFO     | t=2638.0: LOCO[LOCO_01] → COUPLING at retrofit (2.0 min)
09:49:39 | INFO     | t=2640.0: LOCO[LOCO_01] → SHUNTING_PREP at retrofit (1.0 min)
09:49:39 | INFO     | t=2646.0: LOCO[LOCO_01] → DECOUPLING at WS_01 (3.0 min)
09:49:39 | INFO     | t=2649.0: RAKE[W11578,W2980] → DECOUPLING at WS_01 (1 couplings, 3.0 min)
09:49:39 | INFO     | t=2652.0: WAGON[W11578] → RETROFIT_STARTED at WS_01
09:49:39 | INFO     | t=2652.0: WAGON[W2980] → RETROFIT_STARTED at WS_01
09:49:39 | INFO     | t=2657.0: DISPATCHER → Assigned loco LOCO_01 to collection_to_retrofit (waited 76.5 min, pending=1)
09:49:39 | INFO     | EVENT_PUBLISHED: TrainArrivedEvent | train=T34 | time=2666.8
09:49:39 | INFO     | EVENT_HANDLING: TrainArrivedEvent -> RetrofitWorkshopContext._handle_train_arrived
09:49:39 | INFO     | EVENT_HANDLED: TrainArrivedEvent by RetrofitWorkshopContext._handle_train_arrived
09:49:39 | INFO     | t=2686.0: RAKE[W9270,W9276] → COUPLING at WS_02 (1 couplings, 0.5 min)
09:49:39 | INFO     | t=2686.5: LOCO → Allocating for pickup from WS_02
09:49:39 | INFO     | t=2686.5: DISPATCHER → Task submitted: workshop_to_retrofitted (pending=2)
09:49:39 | INFO     | t=2697.0: LOCO[LOCO_02] → DECOUPLING at parking13 (1.5 min)
09:49:39 | INFO     | t=2698.5: RAKE[W12260,W0130,W9352] → DECOUPLING at parking13 (2 couplings, 1.0 min)
09:49:39 | INFO     | t=2712.0: RAKE[W11578,W2980] → COUPLING at WS_01 (1 couplings, 0.5 min)
09:49:39 | INFO     | t=2712.5: LOCO → Allocating for pickup from WS_01
09:49:39 | INFO     | t=2712.5: DISPATCHER → Task submitted: workshop_to_retrofitted (pending=3)
09:49:39 | INFO     | t=2717.0: LOCO[LOCO_01] → TRAIN_PREP at collection (coupling + prep, 5.0 min)
09:49:39 | INFO     | EVENT_PUBLISHED: TrainArrivedEvent | train=T35 | time=2717.8
09:49:39 | INFO     | EVENT_HANDLING: TrainArrivedEvent -> RetrofitWorkshopContext._handle_train_arrived
09:49:39 | INFO     | EVENT_HANDLED: TrainArrivedEvent by RetrofitWorkshopContext._handle_train_arrived
09:49:39 | INFO     | t=2759.5: LOCO[LOCO_02] → Releasing
09:49:39 | INFO     | t=2759.5: LOCO[LOCO_02] → Released
09:49:39 | INFO     | t=2759.5: PARKING → Got wagon W7997 from retrofitted
09:49:39 | INFO     | t=2759.5: DISPATCHER → Assigned loco LOCO_02 to workshop_to_retrofitted (waited 73.0 min, pending=2)
09:49:39 | INFO     | t=2759.5: LOCO[LOCO_02] → Allocated for pickup
09:49:39 | INFO     | t=2759.5: LOCO → Allocating for parking transport
09:49:39 | INFO     | t=2759.5: DISPATCHER → Task submitted: retrofitted_to_parking (pending=3)
09:49:39 | INFO     | t=2766.5: LOCO[LOCO_02] → TRAIN_PREP completed at WS_02 (2.0 min)
09:49:39 | INFO     | t=2771.5: BATCH → Putting 2 wagons on retrofitted track retrofitted
09:49:39 | INFO     | t=2771.5: WAGON[W9270] → Added to retrofitted track retrofitted
09:49:39 | INFO     | t=2771.5: WAGON[W9276] → Added to retrofitted track retrofitted
09:49:39 | INFO     | t=2776.5: WORKSHOP[WS_02] → Released, notifying 1 waiting processes
09:49:39 | INFO     | t=2776.5: WORKSHOP → Workshop became available
09:49:39 | INFO     | t=2776.5: WORKSHOP[WS_02] → Selected for batch
09:49:39 | INFO     | t=2776.5: DISPATCHER → Assigned loco LOCO_02 to workshop_to_retrofitted (waited 64.0 min, pending=2)
09:49:39 | INFO     | t=2776.5: WAGON[W2399] → Added to batch
09:49:39 | INFO     | t=2776.5: BATCH[W2406,W2399] → Formed 2 wagons for WS_02
09:49:39 | INFO     | t=2776.5: LOCO[LOCO_02] → Allocated for pickup
09:49:39 | INFO     | t=2776.5: TRACK[retrofit] → Removed 2 wagons (31.8m freed)
09:49:39 | INFO     | t=2776.5: DISPATCHER → Task submitted: retrofit_to_workshop (pending=3)
09:49:39 | INFO     | t=2782.0: LOCO[LOCO_01] → DECOUPLING at retrofit (6.0 min)
09:49:39 | INFO     | t=2783.5: LOCO[LOCO_02] → TRAIN_PREP completed at WS_01 (2.0 min)
09:49:39 | INFO     | t=2788.0: RAKE[W3173,W5038] → DECOUPLING at retrofit (1 couplings, 3.0 min)
09:49:39 | INFO     | t=2788.5: BATCH → Putting 2 wagons on retrofitted track retrofitted
09:49:39 | INFO     | t=2788.5: WAGON[W11578] → Added to retrofitted track retrofitted
09:49:39 | INFO     | t=2788.5: WAGON[W2980] → Added to retrofitted track retrofitted
09:49:39 | INFO     | t=2793.5: WORKSHOP[WS_01] → Released, notifying 0 waiting processes
09:49:39 | INFO     | t=2793.5: DISPATCHER → Assigned loco LOCO_02 to retrofit_to_workshop (waited 17.0 min, pending=2)
09:49:39 | INFO     | t=2793.5: RAKE[W2406,W2399] → COUPLING at retrofit (1 couplings, 2.0 min)
09:49:39 | INFO     | t=2793.5: WAGON[W9868] → Retrieved from retrofit queue
09:49:39 | INFO     | t=2793.5: WORKSHOP[WS_01] → Selected for batch
09:49:39 | INFO     | t=2793.5: WAGON[W12060] → Added to batch
09:49:39 | INFO     | t=2793.5: BATCH[W9868,W12060] → Formed 2 wagons for WS_01
09:49:39 | INFO     | t=2793.5: TRACK[retrofit] → Removed 2 wagons (46.5m freed)
09:49:39 | INFO     | t=2793.5: DISPATCHER → Task submitted: retrofit_to_workshop (pending=3)
09:49:39 | INFO     | t=2796.0: DISPATCHER → Assigned loco LOCO_01 to retrofit_to_workshop (waited 2.5 min, pending=2)
09:49:39 | INFO     | t=2796.0: RAKE[W9868,W12060] → COUPLING at retrofit (1 couplings, 2.0 min)
09:49:39 | INFO     | t=2796.0: WAGON[W12210] → Retrieved from retrofit queue
09:49:39 | INFO     | t=2796.0: WORKSHOP → No workshop available, waiting...
09:49:39 | INFO     | t=2796.0: Batch size limited by retrofit capacity: 7 wagons (120.2m) fits, 17 waiting
09:49:39 | INFO     | t=2796.0: COLLECTION → Reserving retrofit track capacity for 7 wagons
09:49:39 | INFO     | t=2796.0: COLLECTION → Capacity reserved, allocating locomotive
09:49:39 | INFO     | t=2796.0: DISPATCHER → Task submitted: collection_to_retrofit (pending=3)
09:49:39 | INFO     | t=2800.5: LOCO[LOCO_02] → COUPLING at retrofit (2.0 min)
09:49:39 | INFO     | t=2802.5: LOCO[LOCO_02] → SHUNTING_PREP at retrofit (1.0 min)
09:49:39 | INFO     | t=2803.0: LOCO[LOCO_01] → COUPLING at retrofit (2.0 min)
09:49:39 | INFO     | t=2805.0: LOCO[LOCO_01] → SHUNTING_PREP at retrofit (1.0 min)
09:49:39 | INFO     | t=2808.5: LOCO[LOCO_02] → DECOUPLING at WS_02 (3.0 min)
09:49:39 | INFO     | t=2811.0: LOCO[LOCO_01] → DECOUPLING at WS_01 (3.0 min)
09:49:39 | INFO     | t=2811.5: RAKE[W2406,W2399] → DECOUPLING at WS_02 (1 couplings, 3.0 min)
09:49:39 | INFO     | t=2814.0: RAKE[W9868,W12060] → DECOUPLING at WS_01 (1 couplings, 3.0 min)
09:49:39 | INFO     | t=2814.5: WAGON[W2406] → RETROFIT_STARTED at WS_02
09:49:39 | INFO     | t=2814.5: WAGON[W2399] → RETROFIT_STARTED at WS_02
09:49:39 | INFO     | t=2817.0: WAGON[W9868] → RETROFIT_STARTED at WS_01
09:49:39 | INFO     | t=2817.0: WAGON[W12060] → RETROFIT_STARTED at WS_01
09:49:39 | INFO     | t=2819.5: DISPATCHER → Hold override for retrofitted_to_parking (waited 60.0 min >= max 45.0 min)
09:49:39 | INFO     | t=2819.5: DISPATCHER → Assigned loco LOCO_02 to retrofitted_to_parking (waited 60.0 min, pending=2)
09:49:39 | INFO     | t=2819.5: LOCO[LOCO_02] → Allocated for parking transport
09:49:39 | INFO     | t=2824.5: LOCO[LOCO_02] → TRAIN_PREP at retrofitted (coupling + prep, 3.0 min)
09:49:39 | INFO     | EVENT_PUBLISHED: TrainArrivedEvent | train=T36 | time=2844.8
09:49:39 | INFO     | EVENT_HANDLING: TrainArrivedEvent -> RetrofitWorkshopContext._handle_train_arrived
09:49:39 | INFO     | EVENT_HANDLED: TrainArrivedEvent by RetrofitWorkshopContext._handle_train_arrived
09:49:39 | INFO     | t=2874.5: RAKE[W2406,W2399] → COUPLING at WS_02 (1 couplings, 0.5 min)
09:49:39 | INFO     | t=2875.0: LOCO → Allocating for pickup from WS_02
09:49:39 | INFO     | t=2875.0: DISPATCHER → Task submitted: workshop_to_retrofitted (pending=3)
09:49:39 | INFO     | t=2875.0: DISPATCHER → Assigned loco LOCO_01 to workshop_to_retrofitted (waited 0.0 min, pending=2)
09:49:39 | INFO     | t=2875.0: LOCO[LOCO_01] → Allocated for pickup
09:49:39 | INFO     | t=2877.0: RAKE[W9868,W12060] → COUPLING at WS_01 (1 couplings, 0.5 min)
09:49:39 | INFO     | t=2877.5: LOCO → Allocating for pickup from WS_01
09:49:39 | INFO     | t=2877.5: DISPATCHER → Task submitted: workshop_to_retrofitted (pending=3)
09:49:39 | INFO     | t=2882.0: LOCO[LOCO_01] → TRAIN_PREP completed at WS_02 (2.0 min)
09:49:39 | INFO     | t=2887.0: BATCH → Putting 2 wagons on retrofitted track retrofitted
09:49:39 | INFO     | t=2887.0: WAGON[W2406] → Added to retrofitted track retrofitted
09:49:39 | INFO     | t=2887.0: WAGON[W2399] → Added to retrofitted track retrofitted
09:49:39 | INFO     | t=2892.0: WORKSHOP[WS_02] → Released, notifying 1 waiting processes
09:49:39 | INFO     | t=2892.0: WORKSHOP → Workshop became available
09:49:39 | INFO     | t=2892.0: WORKSHOP[WS_02] → Selected for batch
09:49:39 | INFO     | t=2892.0: DISPATCHER → Assigned loco LOCO_01 to workshop_to_retrofitted (waited 14.5 min, pending=2)
09:49:39 | INFO     | t=2892.0: WAGON[W8636] → Added to batch
09:49:39 | INFO     | t=2892.0: BATCH[W12210,W8636] → Formed 2 wagons for WS_02
09:49:39 | INFO     | t=2892.0: LOCO[LOCO_01] → Allocated for pickup
09:49:39 | INFO     | t=2892.0: TRACK[retrofit] → Removed 2 wagons (46.5m freed)
09:49:39 | INFO     | t=2892.0: DISPATCHER → Task submitted: retrofit_to_workshop (pending=3)
09:49:39 | INFO     | EVENT_PUBLISHED: TrainArrivedEvent | train=T37 | time=2894.8
09:49:39 | INFO     | EVENT_HANDLING: TrainArrivedEvent -> RetrofitWorkshopContext._handle_train_arrived
09:49:39 | INFO     | EVENT_HANDLED: TrainArrivedEvent by RetrofitWorkshopContext._handle_train_arrived
09:49:39 | INFO     | t=2899.0: LOCO[LOCO_01] → TRAIN_PREP completed at WS_01 (2.0 min)
09:49:39 | INFO     | t=2902.5: LOCO[LOCO_02] → DECOUPLING at parking14 (2.0 min)
09:49:39 | INFO     | t=2904.0: BATCH → Putting 2 wagons on retrofitted track retrofitted
09:49:39 | INFO     | t=2904.0: WAGON[W9868] → Added to retrofitted track retrofitted
09:49:39 | INFO     | t=2904.0: WAGON[W12060] → Added to retrofitted track retrofitted
09:49:39 | INFO     | t=2904.5: RAKE[W7997,W8626,W9169,W9173] → DECOUPLING at parking14 (3 couplings, 1.5 min)
09:49:39 | INFO     | t=2909.0: WORKSHOP[WS_01] → Released, notifying 0 waiting processes
09:49:39 | INFO     | t=2909.0: DISPATCHER → Assigned loco LOCO_01 to retrofit_to_workshop (waited 17.0 min, pending=2)
09:49:39 | INFO     | t=2909.0: RAKE[W12210,W8636] → COUPLING at retrofit (1 couplings, 2.0 min)
09:49:39 | INFO     | t=2909.0: WAGON[W10949] → Retrieved from retrofit queue
09:49:39 | INFO     | t=2909.0: WORKSHOP[WS_01] → Selected for batch
09:49:39 | INFO     | t=2909.0: WAGON[W0623] → Added to batch
09:49:39 | INFO     | t=2909.0: BATCH[W10949,W0623] → Formed 2 wagons for WS_01
09:49:39 | INFO     | t=2909.0: TRACK[retrofit] → Removed 2 wagons (44.0m freed)
09:49:39 | INFO     | t=2909.0: DISPATCHER → Task submitted: retrofit_to_workshop (pending=3)
09:49:39 | INFO     | t=2916.0: LOCO[LOCO_01] → COUPLING at retrofit (2.0 min)
09:49:39 | INFO     | t=2918.0: LOCO[LOCO_01] → SHUNTING_PREP at retrofit (1.0 min)
09:49:39 | INFO     | t=2924.0: LOCO[LOCO_01] → DECOUPLING at WS_02 (3.0 min)
09:49:39 | INFO     | t=2927.0: RAKE[W12210,W8636] → DECOUPLING at WS_02 (1 couplings, 3.0 min)
09:49:39 | INFO     | t=2930.0: WAGON[W12210] → RETROFIT_STARTED at WS_02
09:49:39 | INFO     | t=2930.0: WAGON[W8636] → RETROFIT_STARTED at WS_02
09:49:39 | INFO     | t=2935.0: DISPATCHER → Assigned loco LOCO_01 to retrofit_to_workshop (waited 26.0 min, pending=2)
09:49:39 | INFO     | t=2935.0: RAKE[W10949,W0623] → COUPLING at retrofit (1 couplings, 2.0 min)
09:49:39 | INFO     | t=2935.0: WAGON[W11970] → Retrieved from retrofit queue
09:49:39 | INFO     | t=2935.0: WORKSHOP → No workshop available, waiting...
09:49:39 | INFO     | t=2942.0: LOCO[LOCO_01] → COUPLING at retrofit (2.0 min)
09:49:39 | INFO     | t=2944.0: LOCO[LOCO_01] → SHUNTING_PREP at retrofit (1.0 min)
09:49:39 | INFO     | t=2950.0: LOCO[LOCO_01] → DECOUPLING at WS_01 (3.0 min)
09:49:39 | INFO     | EVENT_PUBLISHED: TrainArrivedEvent | train=T38 | time=2950.2
09:49:39 | INFO     | EVENT_HANDLING: TrainArrivedEvent -> RetrofitWorkshopContext._handle_train_arrived
09:49:39 | INFO     | EVENT_HANDLED: TrainArrivedEvent by RetrofitWorkshopContext._handle_train_arrived
09:49:39 | INFO     | t=2953.0: RAKE[W10949,W0623] → DECOUPLING at WS_01 (1 couplings, 3.0 min)
09:49:39 | INFO     | EVENT_PUBLISHED: TrainArrivedEvent | train=T39 | time=2954.2
09:49:39 | INFO     | EVENT_HANDLING: TrainArrivedEvent -> RetrofitWorkshopContext._handle_train_arrived
09:49:39 | INFO     | EVENT_HANDLED: TrainArrivedEvent by RetrofitWorkshopContext._handle_train_arrived
09:49:39 | INFO     | t=2956.0: WAGON[W10949] → RETROFIT_STARTED at WS_01
09:49:39 | INFO     | t=2956.0: WAGON[W0623] → RETROFIT_STARTED at WS_01
09:49:39 | INFO     | t=2961.0: DISPATCHER → Assigned loco LOCO_01 to collection_to_retrofit (waited 356.0 min, pending=1)
09:49:39 | INFO     | t=2966.0: LOCO[LOCO_02] → Releasing
09:49:39 | INFO     | t=2966.0: LOCO[LOCO_02] → Released
09:49:39 | INFO     | t=2966.0: PARKING → Got wagon W9270 from retrofitted
09:49:39 | INFO     | t=2966.0: DISPATCHER → Assigned loco LOCO_02 to collection_to_retrofit (waited 170.0 min, pending=0)
09:49:39 | INFO     | t=2966.0: LOCO → Allocating for parking transport
09:49:39 | INFO     | t=2966.0: DISPATCHER → Task submitted: retrofitted_to_parking (pending=1)
09:49:39 | INFO     | t=2990.0: RAKE[W12210,W8636] → COUPLING at WS_02 (1 couplings, 0.5 min)
09:49:39 | INFO     | t=2990.5: LOCO → Allocating for pickup from WS_02
09:49:39 | INFO     | t=2990.5: DISPATCHER → Task submitted: workshop_to_retrofitted (pending=2)
09:49:39 | INFO     | t=3016.0: RAKE[W10949,W0623] → COUPLING at WS_01 (1 couplings, 0.5 min)
09:49:39 | INFO     | t=3016.5: LOCO → Allocating for pickup from WS_01
09:49:39 | INFO     | t=3016.5: DISPATCHER → Task submitted: workshop_to_retrofitted (pending=3)
09:49:39 | INFO     | t=3021.0: LOCO[LOCO_01] → TRAIN_PREP at collection (coupling + prep, 5.0 min)
09:49:39 | INFO     | t=3026.0: LOCO[LOCO_02] → TRAIN_PREP at collection (coupling + prep, 15.0 min)
09:49:39 | INFO     | EVENT_PUBLISHED: TrainArrivedEvent | train=T40 | time=3026.8
09:49:39 | INFO     | EVENT_HANDLING: TrainArrivedEvent -> RetrofitWorkshopContext._handle_train_arrived
09:49:39 | INFO     | EVENT_HANDLED: TrainArrivedEvent by RetrofitWorkshopContext._handle_train_arrived
09:49:39 | INFO     | EVENT_PUBLISHED: TrainArrivedEvent | train=T41 | time=3064.0
09:49:39 | INFO     | EVENT_HANDLING: TrainArrivedEvent -> RetrofitWorkshopContext._handle_train_arrived
09:49:39 | INFO     | EVENT_HANDLED: TrainArrivedEvent by RetrofitWorkshopContext._handle_train_arrived
09:49:39 | INFO     | t=3086.0: LOCO[LOCO_01] → DECOUPLING at retrofit (6.0 min)
09:49:39 | INFO     | t=3092.0: RAKE[W8631,W9392] → DECOUPLING at retrofit (1 couplings, 3.0 min)
09:49:39 | INFO     | t=3100.0: DISPATCHER → Hold override for retrofitted_to_parking (waited 134.0 min >= max 45.0 min)
09:49:39 | INFO     | t=3100.0: DISPATCHER → Assigned loco LOCO_01 to workshop_to_retrofitted (waited 109.5 min, pending=2)
09:49:39 | INFO     | t=3100.0: DISPATCHER → Hold override for retrofitted_to_parking (waited 134.0 min >= max 45.0 min)
09:49:39 | INFO     | t=3100.0: LOCO[LOCO_01] → Allocated for pickup
09:49:39 | INFO     | t=3100.0: Batch size limited by retrofit capacity: 4 wagons (78.4m) fits, 19 waiting
09:49:39 | INFO     | t=3100.0: COLLECTION → Reserving retrofit track capacity for 4 wagons
09:49:39 | INFO     | t=3100.0: COLLECTION → Capacity reserved, allocating locomotive
09:49:39 | INFO     | t=3100.0: DISPATCHER → Task submitted: collection_to_retrofit (pending=3)
09:49:39 | INFO     | t=3101.0: LOCO[LOCO_02] → DECOUPLING at retrofit (21.0 min)
09:49:39 | INFO     | t=3107.0: LOCO[LOCO_01] → TRAIN_PREP completed at WS_02 (2.0 min)
09:49:39 | INFO     | t=3112.0: BATCH → Putting 2 wagons on retrofitted track retrofitted
09:49:39 | INFO     | t=3112.0: WAGON[W12210] → Added to retrofitted track retrofitted
09:49:39 | INFO     | t=3112.0: WAGON[W8636] → Added to retrofitted track retrofitted
09:49:39 | INFO     | t=3117.0: WORKSHOP[WS_02] → Released, notifying 1 waiting processes
09:49:39 | INFO     | t=3117.0: WORKSHOP → Workshop became available
09:49:39 | INFO     | t=3117.0: WORKSHOP[WS_02] → Selected for batch
09:49:39 | INFO     | t=3117.0: DISPATCHER → Hold override for retrofitted_to_parking (waited 151.0 min >= max 45.0 min)
09:49:39 | INFO     | t=3117.0: DISPATCHER → Assigned loco LOCO_01 to workshop_to_retrofitted (waited 100.5 min, pending=2)
09:49:39 | INFO     | t=3117.0: DISPATCHER → Hold override for retrofitted_to_parking (waited 151.0 min >= max 45.0 min)
09:49:39 | INFO     | t=3117.0: WAGON[W3173] → Added to batch
09:49:39 | INFO     | t=3117.0: BATCH[W11970,W3173] → Formed 2 wagons for WS_02
09:49:39 | INFO     | t=3117.0: LOCO[LOCO_01] → Allocated for pickup
09:49:39 | INFO     | t=3117.0: TRACK[retrofit] → Removed 2 wagons (43.2m freed)
09:49:39 | INFO     | t=3117.0: DISPATCHER → Task submitted: retrofit_to_workshop (pending=3)
09:49:39 | INFO     | t=3122.0: RAKE[W11261,W11259,W5167,W4666,W11269,W3811,W2926] → DECOUPLING at retrofit (6 couplings, 18.0 min)
09:49:39 | INFO     | t=3124.0: LOCO[LOCO_01] → TRAIN_PREP completed at WS_01 (2.0 min)
09:49:39 | INFO     | t=3129.0: BATCH → Putting 2 wagons on retrofitted track retrofitted
09:49:39 | INFO     | t=3129.0: WAGON[W10949] → Added to retrofitted track retrofitted
09:49:39 | INFO     | t=3129.0: WAGON[W0623] → Added to retrofitted track retrofitted
09:49:39 | INFO     | t=3134.0: WORKSHOP[WS_01] → Released, notifying 0 waiting processes
09:49:39 | INFO     | t=3134.0: DISPATCHER → Hold override for retrofitted_to_parking (waited 168.0 min >= max 45.0 min)
09:49:39 | INFO     | t=3134.0: DISPATCHER → Assigned loco LOCO_01 to retrofitted_to_parking (waited 168.0 min, pending=2)
09:49:39 | INFO     | t=3134.0: LOCO[LOCO_01] → Allocated for parking transport
09:49:39 | INFO     | t=3139.0: LOCO[LOCO_01] → TRAIN_PREP at retrofitted (coupling + prep, 5.0 min)
09:49:39 | INFO     | t=3145.0: DISPATCHER → Assigned loco LOCO_02 to retrofit_to_workshop (waited 28.0 min, pending=1)
09:49:39 | INFO     | t=3145.0: RAKE[W11970,W3173] → COUPLING at retrofit (1 couplings, 2.0 min)
09:49:39 | INFO     | t=3145.0: WAGON[W5038] → Retrieved from retrofit queue
09:49:39 | INFO     | t=3145.0: WORKSHOP[WS_01] → Selected for batch
09:49:39 | INFO     | t=3145.0: Batch size limited by retrofit capacity: 4 wagons (57.6m) fits, 21 waiting
09:49:39 | INFO     | t=3145.0: WAGON[W8631] → Added to batch
09:49:39 | INFO     | t=3145.0: BATCH[W5038,W8631] → Formed 2 wagons for WS_01
09:49:39 | INFO     | t=3145.0: COLLECTION → Reserving retrofit track capacity for 4 wagons
09:49:39 | INFO     | t=3145.0: TRACK[retrofit] → Removed 2 wagons (44.0m freed)
09:49:39 | INFO     | t=3145.0: DISPATCHER → Task submitted: retrofit_to_workshop (pending=2)
09:49:39 | INFO     | t=3145.0: COLLECTION → Capacity reserved, allocating locomotive
09:49:39 | INFO     | t=3145.0: DISPATCHER → Task submitted: collection_to_retrofit (pending=3)
09:49:39 | INFO     | t=3152.0: LOCO[LOCO_02] → COUPLING at retrofit (2.0 min)
09:49:39 | INFO     | t=3154.0: LOCO[LOCO_02] → SHUNTING_PREP at retrofit (1.0 min)
09:49:39 | INFO     | t=3160.0: LOCO[LOCO_02] → DECOUPLING at WS_02 (3.0 min)
09:49:39 | INFO     | t=3163.0: RAKE[W11970,W3173] → DECOUPLING at WS_02 (1 couplings, 3.0 min)
09:49:39 | INFO     | t=3166.0: WAGON[W11970] → RETROFIT_STARTED at WS_02
09:49:39 | INFO     | t=3166.0: WAGON[W3173] → RETROFIT_STARTED at WS_02
09:49:39 | INFO     | t=3171.0: DISPATCHER → Assigned loco LOCO_02 to retrofit_to_workshop (waited 26.0 min, pending=2)
09:49:39 | INFO     | t=3171.0: RAKE[W5038,W8631] → COUPLING at retrofit (1 couplings, 2.0 min)
09:49:39 | INFO     | t=3171.0: WAGON[W9392] → Retrieved from retrofit queue
09:49:39 | INFO     | t=3171.0: WORKSHOP → No workshop available, waiting...
09:49:39 | INFO     | t=3178.0: LOCO[LOCO_02] → COUPLING at retrofit (2.0 min)
09:49:39 | INFO     | t=3180.0: LOCO[LOCO_02] → SHUNTING_PREP at retrofit (1.0 min)
09:49:39 | INFO     | t=3186.0: LOCO[LOCO_02] → DECOUPLING at WS_01 (3.0 min)
09:49:39 | INFO     | t=3189.0: RAKE[W5038,W8631] → DECOUPLING at WS_01 (1 couplings, 3.0 min)
09:49:39 | INFO     | EVENT_PUBLISHED: TrainArrivedEvent | train=T42 | time=3190.8
09:49:39 | INFO     | EVENT_HANDLING: TrainArrivedEvent -> RetrofitWorkshopContext._handle_train_arrived
09:49:39 | INFO     | EVENT_HANDLED: TrainArrivedEvent by RetrofitWorkshopContext._handle_train_arrived
09:49:39 | INFO     | t=3192.0: WAGON[W5038] → RETROFIT_STARTED at WS_01
09:49:39 | INFO     | t=3192.0: WAGON[W8631] → RETROFIT_STARTED at WS_01
09:49:39 | INFO     | t=3197.0: DISPATCHER → Assigned loco LOCO_02 to collection_to_retrofit (waited 97.0 min, pending=1)
09:49:39 | INFO     | t=3219.0: LOCO[LOCO_01] → DECOUPLING at parking15 (4.0 min)
09:49:39 | INFO     | t=3223.0: RAKE[W9270,W9276,W11578,W2980,W2406,W2399,W9868,W12060] → DECOUPLING at parking15 (7 couplings, 3.5 min)
09:49:39 | INFO     | t=3226.0: RAKE[W11970,W3173] → COUPLING at WS_02 (1 couplings, 0.5 min)
09:49:39 | INFO     | t=3226.5: LOCO → Allocating for pickup from WS_02
09:49:39 | INFO     | t=3226.5: DISPATCHER → Task submitted: workshop_to_retrofitted (pending=2)
09:49:39 | INFO     | EVENT_PUBLISHED: TrainArrivedEvent | train=T43 | time=3237.2
09:49:39 | INFO     | EVENT_HANDLING: TrainArrivedEvent -> RetrofitWorkshopContext._handle_train_arrived
09:49:39 | INFO     | EVENT_HANDLED: TrainArrivedEvent by RetrofitWorkshopContext._handle_train_arrived
09:49:39 | INFO     | EVENT_PUBLISHED: TrainArrivedEvent | train=T44 | time=3239.2
09:49:39 | INFO     | EVENT_HANDLING: TrainArrivedEvent -> RetrofitWorkshopContext._handle_train_arrived
09:49:39 | INFO     | EVENT_HANDLED: TrainArrivedEvent by RetrofitWorkshopContext._handle_train_arrived
09:49:39 | INFO     | t=3252.0: RAKE[W5038,W8631] → COUPLING at WS_01 (1 couplings, 0.5 min)
09:49:39 | INFO     | t=3252.5: LOCO → Allocating for pickup from WS_01
09:49:39 | INFO     | t=3252.5: DISPATCHER → Task submitted: workshop_to_retrofitted (pending=3)
09:49:39 | INFO     | t=3257.0: LOCO[LOCO_02] → TRAIN_PREP at collection (coupling + prep, 9.0 min)
09:49:39 | INFO     | t=3286.5: LOCO[LOCO_01] → Releasing
09:49:39 | INFO     | t=3286.5: LOCO[LOCO_01] → Released
09:49:39 | INFO     | t=3286.5: PARKING → Got wagon W12210 from retrofitted
09:49:39 | INFO     | t=3286.5: DISPATCHER → Assigned loco LOCO_01 to workshop_to_retrofitted (waited 60.0 min, pending=2)
09:49:39 | INFO     | t=3286.5: LOCO[LOCO_01] → Allocated for pickup
09:49:39 | INFO     | t=3286.5: LOCO → Allocating for parking transport
09:49:39 | INFO     | t=3286.5: DISPATCHER → Task submitted: retrofitted_to_parking (pending=3)
09:49:39 | INFO     | EVENT_PUBLISHED: TrainArrivedEvent | train=T45 | time=3287.2
09:49:39 | INFO     | EVENT_HANDLING: TrainArrivedEvent -> RetrofitWorkshopContext._handle_train_arrived
09:49:39 | INFO     | EVENT_HANDLED: TrainArrivedEvent by RetrofitWorkshopContext._handle_train_arrived
09:49:39 | INFO     | t=3293.5: LOCO[LOCO_01] → TRAIN_PREP completed at WS_02 (2.0 min)
09:49:39 | INFO     | t=3298.5: BATCH → Putting 2 wagons on retrofitted track retrofitted
09:49:39 | INFO     | t=3298.5: WAGON[W11970] → Added to retrofitted track retrofitted
09:49:39 | INFO     | t=3298.5: WAGON[W3173] → Added to retrofitted track retrofitted
09:49:39 | INFO     | EVENT_PUBLISHED: TrainArrivedEvent | train=T46 | time=3299.0
09:49:39 | INFO     | EVENT_HANDLING: TrainArrivedEvent -> RetrofitWorkshopContext._handle_train_arrived
09:49:39 | INFO     | EVENT_HANDLED: TrainArrivedEvent by RetrofitWorkshopContext._handle_train_arrived
09:49:39 | INFO     | t=3303.5: WORKSHOP[WS_02] → Released, notifying 1 waiting processes
09:49:39 | INFO     | t=3303.5: WORKSHOP → Workshop became available
09:49:39 | INFO     | t=3303.5: WORKSHOP[WS_02] → Selected for batch
09:49:39 | INFO     | t=3303.5: DISPATCHER → Assigned loco LOCO_01 to workshop_to_retrofitted (waited 51.0 min, pending=2)
09:49:39 | INFO     | t=3303.5: WAGON[W11261] → Added to batch
09:49:39 | INFO     | t=3303.5: BATCH[W9392,W11261] → Formed 2 wagons for WS_02
09:49:39 | INFO     | t=3303.5: LOCO[LOCO_01] → Allocated for pickup
09:49:39 | INFO     | t=3303.5: TRACK[retrofit] → Removed 2 wagons (27.1m freed)
09:49:39 | INFO     | t=3303.5: DISPATCHER → Task submitted: retrofit_to_workshop (pending=3)
09:49:39 | INFO     | t=3310.5: LOCO[LOCO_01] → TRAIN_PREP completed at WS_01 (2.0 min)
09:49:39 | INFO     | t=3315.5: BATCH → Putting 2 wagons on retrofitted track retrofitted
09:49:39 | INFO     | t=3315.5: WAGON[W5038] → Added to retrofitted track retrofitted
09:49:39 | INFO     | t=3315.5: WAGON[W8631] → Added to retrofitted track retrofitted
09:49:39 | INFO     | t=3320.5: WORKSHOP[WS_01] → Released, notifying 0 waiting processes
09:49:39 | INFO     | t=3320.5: DISPATCHER → Assigned loco LOCO_01 to retrofit_to_workshop (waited 17.0 min, pending=2)
09:49:39 | INFO     | t=3320.5: RAKE[W9392,W11261] → COUPLING at retrofit (1 couplings, 2.0 min)
09:49:39 | INFO     | t=3320.5: WAGON[W11259] → Retrieved from retrofit queue
09:49:39 | INFO     | t=3320.5: WORKSHOP[WS_01] → Selected for batch
09:49:39 | INFO     | t=3320.5: WAGON[W5167] → Added to batch
09:49:39 | INFO     | t=3320.5: BATCH[W11259,W5167] → Formed 2 wagons for WS_01
09:49:39 | INFO     | t=3320.5: TRACK[retrofit] → Removed 2 wagons (29.1m freed)
09:49:39 | INFO     | t=3320.5: DISPATCHER → Task submitted: retrofit_to_workshop (pending=3)
09:49:39 | INFO     | t=3326.0: LOCO[LOCO_02] → DECOUPLING at retrofit (12.0 min)
09:49:39 | INFO     | t=3327.5: LOCO[LOCO_01] → COUPLING at retrofit (2.0 min)
09:49:39 | INFO     | t=3329.5: LOCO[LOCO_01] → SHUNTING_PREP at retrofit (1.0 min)
09:49:39 | INFO     | t=3335.5: LOCO[LOCO_01] → DECOUPLING at WS_02 (3.0 min)
09:49:39 | INFO     | t=3338.0: RAKE[W9274,W8613,W10130,W9721] → DECOUPLING at retrofit (3 couplings, 9.0 min)
09:49:39 | INFO     | t=3338.5: RAKE[W9392,W11261] → DECOUPLING at WS_02 (1 couplings, 3.0 min)
09:49:39 | INFO     | t=3341.5: WAGON[W9392] → RETROFIT_STARTED at WS_02
09:49:39 | INFO     | t=3341.5: WAGON[W11261] → RETROFIT_STARTED at WS_02
09:49:39 | INFO     | t=3346.5: DISPATCHER → Hold override for retrofitted_to_parking (waited 60.0 min >= max 45.0 min)
09:49:39 | INFO     | t=3346.5: DISPATCHER → Assigned loco LOCO_01 to retrofit_to_workshop (waited 26.0 min, pending=2)
09:49:39 | INFO     | t=3346.5: RAKE[W11259,W5167] → COUPLING at retrofit (1 couplings, 2.0 min)
09:49:39 | INFO     | t=3346.5: WAGON[W4666] → Retrieved from retrofit queue
09:49:39 | INFO     | t=3346.5: WORKSHOP → No workshop available, waiting...
09:49:39 | INFO     | t=3352.0: DISPATCHER → Hold override for retrofitted_to_parking (waited 65.5 min >= max 45.0 min)
09:49:39 | INFO     | t=3352.0: DISPATCHER → Assigned loco LOCO_02 to collection_to_retrofit (waited 207.0 min, pending=1)
09:49:39 | INFO     | t=3352.0: DISPATCHER → Hold override for retrofitted_to_parking (waited 65.5 min >= max 45.0 min)
09:49:39 | INFO     | t=3352.0: Batch size limited by retrofit capacity: 6 wagons (101.0m) fits, 17 waiting
09:49:39 | INFO     | t=3352.0: COLLECTION → Reserving retrofit track capacity for 6 wagons
09:49:39 | INFO     | t=3352.0: COLLECTION → Capacity reserved, allocating locomotive
09:49:39 | INFO     | t=3352.0: DISPATCHER → Task submitted: collection_to_retrofit (pending=2)
09:49:39 | INFO     | t=3353.5: LOCO[LOCO_01] → COUPLING at retrofit (2.0 min)
09:49:39 | INFO     | t=3355.5: LOCO[LOCO_01] → SHUNTING_PREP at retrofit (1.0 min)
09:49:39 | INFO     | t=3361.5: LOCO[LOCO_01] → DECOUPLING at WS_01 (3.0 min)
09:49:39 | INFO     | t=3364.5: RAKE[W11259,W5167] → DECOUPLING at WS_01 (1 couplings, 3.0 min)
09:49:39 | INFO     | t=3367.5: WAGON[W11259] → RETROFIT_STARTED at WS_01
09:49:39 | INFO     | t=3367.5: WAGON[W5167] → RETROFIT_STARTED at WS_01
09:49:39 | INFO     | t=3372.5: DISPATCHER → Hold override for retrofitted_to_parking (waited 86.0 min >= max 45.0 min)
09:49:39 | INFO     | t=3372.5: DISPATCHER → Assigned loco LOCO_01 to retrofitted_to_parking (waited 86.0 min, pending=1)
09:49:39 | INFO     | t=3372.5: LOCO[LOCO_01] → Allocated for parking transport
09:49:39 | INFO     | t=3377.5: LOCO[LOCO_01] → TRAIN_PREP at retrofitted (coupling + prep, 3.0 min)
09:49:39 | INFO     | EVENT_PUBLISHED: TrainArrivedEvent | train=T47 | time=3383.0
09:49:39 | INFO     | EVENT_HANDLING: TrainArrivedEvent -> RetrofitWorkshopContext._handle_train_arrived
09:49:39 | INFO     | EVENT_HANDLED: TrainArrivedEvent by RetrofitWorkshopContext._handle_train_arrived
09:49:39 | INFO     | t=3401.5: RAKE[W9392,W11261] → COUPLING at WS_02 (1 couplings, 0.5 min)
09:49:39 | INFO     | t=3402.0: LOCO → Allocating for pickup from WS_02
09:49:39 | INFO     | t=3402.0: DISPATCHER → Task submitted: workshop_to_retrofitted (pending=2)
09:49:39 | INFO     | t=3412.0: LOCO[LOCO_02] → TRAIN_PREP at collection (coupling + prep, 9.0 min)
09:49:39 | INFO     | t=3427.5: RAKE[W11259,W5167] → COUPLING at WS_01 (1 couplings, 0.5 min)
09:49:39 | INFO     | t=3428.0: LOCO → Allocating for pickup from WS_01
09:49:39 | INFO     | t=3428.0: DISPATCHER → Task submitted: workshop_to_retrofitted (pending=3)
09:49:39 | INFO     | t=3455.5: LOCO[LOCO_01] → DECOUPLING at parking13 (2.0 min)
09:49:39 | INFO     | t=3457.5: RAKE[W12210,W8636,W10949,W0623] → DECOUPLING at parking13 (3 couplings, 1.5 min)
09:49:39 | INFO     | t=3481.0: LOCO[LOCO_02] → DECOUPLING at retrofit (12.0 min)
09:49:39 | INFO     | t=3493.0: RAKE[W5391,W6682,W11256,W10892] → DECOUPLING at retrofit (3 couplings, 9.0 min)
09:49:39 | INFO     | t=3507.0: Batch size limited by retrofit capacity: 1 wagons (19.9m) fits, 23 waiting
09:49:39 | INFO     | t=3507.0: DISPATCHER → Assigned loco LOCO_02 to workshop_to_retrofitted (waited 105.0 min, pending=2)
09:49:39 | INFO     | t=3507.0: COLLECTION → Reserving retrofit track capacity for 1 wagons
09:49:39 | INFO     | t=3507.0: LOCO[LOCO_02] → Allocated for pickup
09:49:39 | INFO     | t=3514.0: LOCO[LOCO_02] → TRAIN_PREP completed at WS_02 (2.0 min)
09:49:39 | INFO     | t=3519.0: LOCO[LOCO_01] → Releasing
09:49:39 | INFO     | t=3519.0: BATCH → Putting 2 wagons on retrofitted track retrofitted
09:49:39 | INFO     | t=3519.0: LOCO[LOCO_01] → Released
09:49:39 | INFO     | t=3519.0: WAGON[W9392] → Added to retrofitted track retrofitted
09:49:39 | INFO     | t=3519.0: WAGON[W11261] → Added to retrofitted track retrofitted
09:49:39 | INFO     | t=3519.0: PARKING → Got wagon W11970 from retrofitted
09:49:39 | INFO     | t=3519.0: DISPATCHER → Assigned loco LOCO_01 to workshop_to_retrofitted (waited 91.0 min, pending=1)
09:49:39 | INFO     | t=3519.0: LOCO[LOCO_01] → Allocated for pickup
09:49:39 | INFO     | t=3519.0: LOCO → Allocating for parking transport
09:49:39 | INFO     | t=3519.0: DISPATCHER → Task submitted: retrofitted_to_parking (pending=2)
09:49:39 | INFO     | t=3524.0: WORKSHOP[WS_02] → Released, notifying 1 waiting processes
09:49:39 | INFO     | t=3524.0: WORKSHOP → Workshop became available
09:49:39 | INFO     | t=3524.0: WORKSHOP[WS_02] → Selected for batch
09:49:39 | INFO     | t=3524.0: DISPATCHER → Assigned loco LOCO_02 to retrofitted_to_parking (waited 5.0 min, pending=1)
09:49:39 | INFO     | t=3524.0: WAGON[W11269] → Added to batch
09:49:39 | INFO     | t=3524.0: BATCH[W4666,W11269] → Formed 2 wagons for WS_02
09:49:39 | INFO     | t=3524.0: LOCO[LOCO_02] → Allocated for parking transport
09:49:39 | INFO     | t=3524.0: TRACK[retrofit] → Removed 2 wagons (35.1m freed)
09:49:39 | INFO     | t=3524.0: DISPATCHER → Task submitted: retrofit_to_workshop (pending=2)
09:49:39 | INFO     | t=3524.0: COLLECTION → Capacity reserved, allocating locomotive
09:49:39 | INFO     | t=3524.0: DISPATCHER → Task submitted: collection_to_retrofit (pending=3)
09:49:39 | INFO     | t=3526.0: LOCO[LOCO_01] → TRAIN_PREP completed at WS_01 (2.0 min)
09:49:39 | INFO     | t=3529.0: LOCO[LOCO_02] → TRAIN_PREP at retrofitted (coupling + prep, 4.0 min)
09:49:39 | INFO     | t=3531.0: BATCH → Putting 2 wagons on retrofitted track retrofitted
09:49:39 | INFO     | t=3531.0: WAGON[W11259] → Added to retrofitted track retrofitted
09:49:39 | INFO     | t=3531.0: WAGON[W5167] → Added to retrofitted track retrofitted
09:49:39 | INFO     | t=3536.0: WORKSHOP[WS_01] → Released, notifying 0 waiting processes
09:49:39 | INFO     | t=3536.0: DISPATCHER → Assigned loco LOCO_01 to retrofit_to_workshop (waited 12.0 min, pending=2)
09:49:39 | INFO     | t=3536.0: RAKE[W4666,W11269] → COUPLING at retrofit (1 couplings, 2.0 min)
09:49:39 | INFO     | t=3536.0: WAGON[W3811] → Retrieved from retrofit queue
09:49:39 | INFO     | t=3536.0: WORKSHOP[WS_01] → Selected for batch
09:49:39 | INFO     | t=3536.0: WAGON[W2926] → Added to batch
09:49:39 | INFO     | t=3536.0: BATCH[W3811,W2926] → Formed 2 wagons for WS_01
09:49:39 | INFO     | t=3536.0: TRACK[retrofit] → Removed 2 wagons (43.2m freed)
09:49:39 | INFO     | t=3536.0: DISPATCHER → Task submitted: retrofit_to_workshop (pending=3)
09:49:39 | INFO     | t=3543.0: LOCO[LOCO_01] → COUPLING at retrofit (2.0 min)
09:49:39 | INFO     | t=3545.0: LOCO[LOCO_01] → SHUNTING_PREP at retrofit (1.0 min)
09:49:39 | INFO     | t=3551.0: LOCO[LOCO_01] → DECOUPLING at WS_02 (3.0 min)
09:49:39 | INFO     | t=3554.0: RAKE[W4666,W11269] → DECOUPLING at WS_02 (1 couplings, 3.0 min)
09:49:39 | INFO     | t=3557.0: WAGON[W4666] → RETROFIT_STARTED at WS_02
09:49:39 | INFO     | t=3557.0: WAGON[W11269] → RETROFIT_STARTED at WS_02
09:49:39 | INFO     | EVENT_PUBLISHED: TrainArrivedEvent | train=T48 | time=3557.8
09:49:39 | INFO     | EVENT_HANDLING: TrainArrivedEvent -> RetrofitWorkshopContext._handle_train_arrived
09:49:39 | INFO     | EVENT_HANDLED: TrainArrivedEvent by RetrofitWorkshopContext._handle_train_arrived
09:49:39 | INFO     | t=3562.0: DISPATCHER → Assigned loco LOCO_01 to retrofit_to_workshop (waited 26.0 min, pending=2)
09:49:39 | INFO     | t=3562.0: RAKE[W3811,W2926] → COUPLING at retrofit (1 couplings, 2.0 min)
09:49:39 | INFO     | t=3562.0: WAGON[W9274] → Retrieved from retrofit queue
09:49:39 | INFO     | t=3562.0: WORKSHOP → No workshop available, waiting...
09:49:39 | INFO     | t=3569.0: LOCO[LOCO_01] → COUPLING at retrofit (2.0 min)
09:49:39 | INFO     | t=3571.0: LOCO[LOCO_01] → SHUNTING_PREP at retrofit (1.0 min)
09:49:39 | INFO     | t=3577.0: LOCO[LOCO_01] → DECOUPLING at WS_01 (3.0 min)
09:49:39 | INFO     | t=3580.0: RAKE[W3811,W2926] → DECOUPLING at WS_01 (1 couplings, 3.0 min)
09:49:39 | INFO     | t=3583.0: WAGON[W3811] → RETROFIT_STARTED at WS_01
09:49:39 | INFO     | t=3583.0: WAGON[W2926] → RETROFIT_STARTED at WS_01
09:49:39 | INFO     | t=3588.0: DISPATCHER → Assigned loco LOCO_01 to collection_to_retrofit (waited 236.0 min, pending=1)
09:49:39 | INFO     | t=3608.0: LOCO[LOCO_02] → DECOUPLING at parking14 (3.0 min)
09:49:39 | INFO     | t=3611.0: RAKE[W11970,W3173,W5038,W8631,W9392,W11261] → DECOUPLING at parking14 (5 couplings, 2.5 min)
09:49:39 | INFO     | t=3617.0: RAKE[W4666,W11269] → COUPLING at WS_02 (1 couplings, 0.5 min)
09:49:39 | INFO     | t=3617.5: LOCO → Allocating for pickup from WS_02
09:49:39 | INFO     | t=3617.5: DISPATCHER → Task submitted: workshop_to_retrofitted (pending=2)
09:49:39 | INFO     | t=3643.0: RAKE[W3811,W2926] → COUPLING at WS_01 (1 couplings, 0.5 min)
09:49:39 | INFO     | t=3643.5: LOCO → Allocating for pickup from WS_01
09:49:39 | INFO     | t=3643.5: DISPATCHER → Task submitted: workshop_to_retrofitted (pending=3)
09:49:39 | INFO     | t=3648.0: LOCO[LOCO_01] → TRAIN_PREP at collection (coupling + prep, 13.0 min)
09:49:39 | INFO     | t=3673.5: LOCO[LOCO_02] → Releasing
09:49:39 | INFO     | t=3673.5: LOCO[LOCO_02] → Released
09:49:39 | INFO     | t=3673.5: PARKING → Got wagon W11259 from retrofitted
09:49:39 | INFO     | t=3673.5: DISPATCHER → Assigned loco LOCO_02 to workshop_to_retrofitted (waited 56.0 min, pending=2)
09:49:39 | INFO     | t=3673.5: LOCO → Allocating for parking transport
09:49:39 | INFO     | t=3673.5: DISPATCHER → Task submitted: retrofitted_to_parking (pending=3)
09:49:39 | INFO     | t=3673.5: LOCO[LOCO_02] → Allocated for pickup
09:49:39 | INFO     | t=3680.5: LOCO[LOCO_02] → TRAIN_PREP completed at WS_02 (2.0 min)
09:49:39 | INFO     | t=3685.5: BATCH → Putting 2 wagons on retrofitted track retrofitted
09:49:39 | INFO     | t=3685.5: WAGON[W4666] → Added to retrofitted track retrofitted
09:49:39 | INFO     | t=3685.5: WAGON[W11269] → Added to retrofitted track retrofitted
09:49:39 | INFO     | t=3690.5: WORKSHOP[WS_02] → Released, notifying 1 waiting processes
09:49:39 | INFO     | t=3690.5: WORKSHOP → Workshop became available
09:49:39 | INFO     | t=3690.5: WORKSHOP[WS_02] → Selected for batch
09:49:39 | INFO     | t=3690.5: DISPATCHER → Assigned loco LOCO_02 to workshop_to_retrofitted (waited 47.0 min, pending=2)
09:49:39 | INFO     | t=3690.5: WAGON[W8613] → Added to batch
09:49:39 | INFO     | t=3690.5: BATCH[W9274,W8613] → Formed 2 wagons for WS_02
09:49:39 | INFO     | t=3690.5: LOCO[LOCO_02] → Allocated for pickup
09:49:39 | INFO     | t=3690.5: TRACK[retrofit] → Removed 2 wagons (41.8m freed)
09:49:39 | INFO     | t=3690.5: DISPATCHER → Task submitted: retrofit_to_workshop (pending=3)
09:49:39 | INFO     | t=3697.5: LOCO[LOCO_02] → TRAIN_PREP completed at WS_01 (2.0 min)
09:49:39 | INFO     | t=3702.5: BATCH → Putting 2 wagons on retrofitted track retrofitted
09:49:39 | INFO     | t=3702.5: WAGON[W3811] → Added to retrofitted track retrofitted
09:49:39 | INFO     | t=3702.5: WAGON[W2926] → Added to retrofitted track retrofitted
09:49:39 | INFO     | t=3707.5: WORKSHOP[WS_01] → Released, notifying 0 waiting processes
09:49:39 | INFO     | t=3707.5: DISPATCHER → Assigned loco LOCO_02 to retrofit_to_workshop (waited 17.0 min, pending=2)
09:49:39 | INFO     | t=3707.5: RAKE[W9274,W8613] → COUPLING at retrofit (1 couplings, 2.0 min)
09:49:39 | INFO     | t=3707.5: WAGON[W10130] → Retrieved from retrofit queue
09:49:39 | INFO     | t=3707.5: WORKSHOP[WS_01] → Selected for batch
09:49:39 | INFO     | t=3707.5: WAGON[W9721] → Added to batch
09:49:39 | INFO     | t=3707.5: BATCH[W10130,W9721] → Formed 2 wagons for WS_01
09:49:39 | INFO     | t=3707.5: TRACK[retrofit] → Removed 2 wagons (36.6m freed)
09:49:39 | INFO     | t=3707.5: DISPATCHER → Task submitted: retrofit_to_workshop (pending=3)
09:49:39 | INFO     | t=3714.5: LOCO[LOCO_02] → COUPLING at retrofit (2.0 min)
09:49:39 | INFO     | t=3716.5: LOCO[LOCO_02] → SHUNTING_PREP at retrofit (1.0 min)
09:49:39 | INFO     | t=3721.0: LOCO[LOCO_01] → DECOUPLING at retrofit (18.0 min)
09:49:39 | INFO     | t=3722.5: LOCO[LOCO_02] → DECOUPLING at WS_02 (3.0 min)
09:49:39 | INFO     | t=3725.5: RAKE[W9274,W8613] → DECOUPLING at WS_02 (1 couplings, 3.0 min)
09:49:39 | INFO     | t=3728.5: WAGON[W9274] → RETROFIT_STARTED at WS_02
09:49:39 | INFO     | t=3728.5: WAGON[W8613] → RETROFIT_STARTED at WS_02
09:49:39 | INFO     | t=3733.5: DISPATCHER → Hold override for retrofitted_to_parking (waited 60.0 min >= max 45.0 min)
09:49:39 | INFO     | t=3733.5: DISPATCHER → Assigned loco LOCO_02 to retrofit_to_workshop (waited 26.0 min, pending=2)
09:49:39 | INFO     | t=3733.5: RAKE[W10130,W9721] → COUPLING at retrofit (1 couplings, 2.0 min)
09:49:39 | INFO     | t=3733.5: WAGON[W5391] → Retrieved from retrofit queue
09:49:39 | INFO     | t=3733.5: WORKSHOP → No workshop available, waiting...
09:49:39 | INFO     | t=3739.0: RAKE[W9756,W9174,W6140,W10364,W6077,W11254] → DECOUPLING at retrofit (5 couplings, 15.0 min)
09:49:39 | INFO     | t=3740.5: LOCO[LOCO_02] → COUPLING at retrofit (2.0 min)
09:49:39 | INFO     | t=3742.5: LOCO[LOCO_02] → SHUNTING_PREP at retrofit (1.0 min)
09:49:39 | INFO     | t=3748.5: LOCO[LOCO_02] → DECOUPLING at WS_01 (3.0 min)
09:49:39 | INFO     | t=3751.5: RAKE[W10130,W9721] → DECOUPLING at WS_01 (1 couplings, 3.0 min)
09:49:39 | INFO     | t=3754.5: WAGON[W10130] → RETROFIT_STARTED at WS_01
09:49:39 | INFO     | t=3754.5: WAGON[W9721] → RETROFIT_STARTED at WS_01
09:49:39 | INFO     | t=3759.0: DISPATCHER → Hold override for retrofitted_to_parking (waited 85.5 min >= max 45.0 min)
09:49:39 | INFO     | t=3759.0: DISPATCHER → Assigned loco LOCO_01 to collection_to_retrofit (waited 235.0 min, pending=1)
09:49:39 | INFO     | t=3759.0: DISPATCHER → Hold override for retrofitted_to_parking (waited 85.5 min >= max 45.0 min)
09:49:39 | INFO     | t=3759.0: Batch size limited by retrofit capacity: 10 wagons (137.9m) fits, 12 waiting
09:49:39 | INFO     | t=3759.0: COLLECTION → Reserving retrofit track capacity for 10 wagons
09:49:39 | INFO     | t=3759.0: COLLECTION → Capacity reserved, allocating locomotive
09:49:39 | INFO     | t=3759.0: DISPATCHER → Task submitted: collection_to_retrofit (pending=2)
09:49:39 | INFO     | t=3759.5: DISPATCHER → Hold override for retrofitted_to_parking (waited 86.0 min >= max 45.0 min)
09:49:39 | INFO     | t=3759.5: DISPATCHER → Assigned loco LOCO_02 to retrofitted_to_parking (waited 86.0 min, pending=1)
09:49:39 | INFO     | t=3759.5: LOCO[LOCO_02] → Allocated for parking transport
09:49:39 | INFO     | t=3764.5: LOCO[LOCO_02] → TRAIN_PREP at retrofitted (coupling + prep, 2.0 min)
09:49:39 | INFO     | t=3788.5: RAKE[W9274,W8613] → COUPLING at WS_02 (1 couplings, 0.5 min)
09:49:39 | INFO     | t=3789.0: LOCO → Allocating for pickup from WS_02
09:49:39 | INFO     | t=3789.0: DISPATCHER → Task submitted: workshop_to_retrofitted (pending=2)
09:49:39 | INFO     | t=3814.5: RAKE[W10130,W9721] → COUPLING at WS_01 (1 couplings, 0.5 min)
09:49:39 | INFO     | t=3815.0: LOCO → Allocating for pickup from WS_01
09:49:39 | INFO     | t=3815.0: DISPATCHER → Task submitted: workshop_to_retrofitted (pending=3)
09:49:39 | INFO     | t=3819.0: LOCO[LOCO_01] → TRAIN_PREP at collection (coupling + prep, 3.0 min)
09:49:39 | INFO     | t=3826.5: LOCO[LOCO_02] → DECOUPLING at parking10 (1.0 min)
09:49:39 | INFO     | t=3827.5: RAKE[W11259,W5167] → DECOUPLING at parking10 (1 couplings, 0.5 min)
09:49:39 | INFO     | t=3882.0: LOCO[LOCO_01] → DECOUPLING at retrofit (3.0 min)
09:49:39 | INFO     | t=3885.0: RAKE[W1906] → DECOUPLING at retrofit (0 couplings, 0.0 min)
09:49:39 | INFO     | t=3888.0: LOCO[LOCO_02] → Releasing
09:49:39 | INFO     | t=3888.0: LOCO[LOCO_02] → Released
09:49:39 | INFO     | t=3888.0: PARKING → Got wagon W4666 from retrofitted
09:49:39 | INFO     | t=3888.0: DISPATCHER → Assigned loco LOCO_02 to workshop_to_retrofitted (waited 99.0 min, pending=2)
09:49:39 | INFO     | t=3888.0: LOCO[LOCO_02] → Allocated for pickup
09:49:39 | INFO     | t=3888.0: LOCO → Allocating for parking transport
09:49:39 | INFO     | t=3888.0: DISPATCHER → Task submitted: retrofitted_to_parking (pending=3)
09:49:39 | INFO     | t=3890.0: Batch size limited by retrofit capacity: 1 wagons (12.3m) fits, 23 waiting
09:49:39 | INFO     | t=3890.0: DISPATCHER → Assigned loco LOCO_01 to workshop_to_retrofitted (waited 75.0 min, pending=2)
09:49:39 | INFO     | t=3890.0: COLLECTION → Reserving retrofit track capacity for 1 wagons
09:49:39 | INFO     | t=3890.0: LOCO[LOCO_01] → Allocated for pickup
09:49:39 | INFO     | t=3895.0: LOCO[LOCO_02] → TRAIN_PREP completed at WS_02 (2.0 min)
09:49:39 | INFO     | t=3897.0: LOCO[LOCO_01] → TRAIN_PREP completed at WS_01 (2.0 min)
09:49:39 | INFO     | t=3900.0: BATCH → Putting 2 wagons on retrofitted track retrofitted
09:49:39 | INFO     | t=3900.0: WAGON[W9274] → Added to retrofitted track retrofitted
09:49:39 | INFO     | t=3900.0: WAGON[W8613] → Added to retrofitted track retrofitted
09:49:39 | INFO     | t=3902.0: BATCH → Putting 2 wagons on retrofitted track retrofitted
09:49:39 | INFO     | t=3902.0: WAGON[W10130] → Added to retrofitted track retrofitted
09:49:39 | INFO     | t=3902.0: WAGON[W9721] → Added to retrofitted track retrofitted
09:49:39 | INFO     | t=3905.0: WORKSHOP[WS_02] → Released, notifying 1 waiting processes
09:49:39 | INFO     | t=3905.0: WORKSHOP → Workshop became available
09:49:39 | INFO     | t=3905.0: WORKSHOP[WS_02] → Selected for batch
09:49:39 | INFO     | t=3905.0: DISPATCHER → Assigned loco LOCO_02 to retrofitted_to_parking (waited 17.0 min, pending=1)
09:49:39 | INFO     | t=3905.0: WAGON[W6682] → Added to batch
09:49:39 | INFO     | t=3905.0: BATCH[W5391,W6682] → Formed 2 wagons for WS_02
09:49:39 | INFO     | t=3905.0: LOCO[LOCO_02] → Allocated for parking transport
09:49:39 | INFO     | t=3905.0: TRACK[retrofit] → Removed 2 wagons (32.1m freed)
09:49:39 | INFO     | t=3905.0: DISPATCHER → Task submitted: retrofit_to_workshop (pending=2)
09:49:39 | INFO     | t=3905.0: COLLECTION → Capacity reserved, allocating locomotive
09:49:39 | INFO     | t=3905.0: DISPATCHER → Task submitted: collection_to_retrofit (pending=3)
09:49:39 | INFO     | t=3907.0: WORKSHOP[WS_01] → Released, notifying 0 waiting processes
09:49:39 | INFO     | t=3907.0: DISPATCHER → Assigned loco LOCO_01 to retrofit_to_workshop (waited 2.0 min, pending=2)
09:49:39 | INFO     | t=3907.0: RAKE[W5391,W6682] → COUPLING at retrofit (1 couplings, 2.0 min)
09:49:39 | INFO     | t=3907.0: WAGON[W11256] → Retrieved from retrofit queue
09:49:39 | INFO     | t=3907.0: WORKSHOP[WS_01] → Selected for batch
09:49:39 | INFO     | t=3907.0: WAGON[W10892] → Added to batch
09:49:39 | INFO     | t=3907.0: BATCH[W11256,W10892] → Formed 2 wagons for WS_01
09:49:39 | INFO     | t=3907.0: TRACK[retrofit] → Removed 2 wagons (25.5m freed)
09:49:39 | INFO     | t=3907.0: DISPATCHER → Task submitted: retrofit_to_workshop (pending=3)
09:49:39 | INFO     | t=3910.0: LOCO[LOCO_02] → TRAIN_PREP at retrofitted (coupling + prep, 3.0 min)
09:49:39 | INFO     | t=3914.0: LOCO[LOCO_01] → COUPLING at retrofit (2.0 min)
09:49:39 | INFO     | t=3916.0: LOCO[LOCO_01] → SHUNTING_PREP at retrofit (1.0 min)
09:49:39 | INFO     | t=3922.0: LOCO[LOCO_01] → DECOUPLING at WS_02 (3.0 min)
09:49:39 | INFO     | t=3925.0: RAKE[W5391,W6682] → DECOUPLING at WS_02 (1 couplings, 3.0 min)
09:49:39 | INFO     | t=3928.0: WAGON[W5391] → RETROFIT_STARTED at WS_02
09:49:39 | INFO     | t=3928.0: WAGON[W6682] → RETROFIT_STARTED at WS_02
09:49:39 | INFO     | t=3933.0: DISPATCHER → Assigned loco LOCO_01 to retrofit_to_workshop (waited 26.0 min, pending=2)
09:49:39 | INFO     | t=3933.0: RAKE[W11256,W10892] → COUPLING at retrofit (1 couplings, 2.0 min)
09:49:39 | INFO     | t=3933.0: WAGON[W9756] → Retrieved from retrofit queue
09:49:39 | INFO     | t=3933.0: WORKSHOP → No workshop available, waiting...
09:49:39 | INFO     | t=3940.0: LOCO[LOCO_01] → COUPLING at retrofit (2.0 min)
09:49:39 | INFO     | EVENT_PUBLISHED: TrainArrivedEvent | train=T49 | time=3940.8
09:49:39 | INFO     | EVENT_HANDLING: TrainArrivedEvent -> RetrofitWorkshopContext._handle_train_arrived
09:49:39 | INFO     | EVENT_HANDLED: TrainArrivedEvent by RetrofitWorkshopContext._handle_train_arrived
09:49:39 | INFO     | t=3942.0: LOCO[LOCO_01] → SHUNTING_PREP at retrofit (1.0 min)
09:49:39 | INFO     | t=3948.0: LOCO[LOCO_01] → DECOUPLING at WS_01 (3.0 min)
09:49:39 | INFO     | t=3951.0: RAKE[W11256,W10892] → DECOUPLING at WS_01 (1 couplings, 3.0 min)
09:49:39 | INFO     | t=3954.0: WAGON[W11256] → RETROFIT_STARTED at WS_01
09:49:39 | INFO     | t=3954.0: WAGON[W10892] → RETROFIT_STARTED at WS_01
09:49:39 | INFO     | EVENT_PUBLISHED: TrainArrivedEvent | train=T50 | time=3955.2
09:49:39 | INFO     | EVENT_HANDLING: TrainArrivedEvent -> RetrofitWorkshopContext._handle_train_arrived
09:49:39 | INFO     | EVENT_HANDLED: TrainArrivedEvent by RetrofitWorkshopContext._handle_train_arrived
09:49:39 | INFO     | t=3959.0: DISPATCHER → Assigned loco LOCO_01 to collection_to_retrofit (waited 200.0 min, pending=1)
09:49:39 | INFO     | t=3988.0: RAKE[W5391,W6682] → COUPLING at WS_02 (1 couplings, 0.5 min)
09:49:39 | INFO     | t=3988.5: LOCO → Allocating for pickup from WS_02
09:49:39 | INFO     | t=3988.5: DISPATCHER → Task submitted: workshop_to_retrofitted (pending=2)
09:49:39 | INFO     | EVENT_PUBLISHED: TrainArrivedEvent | train=T51 | time=3997.8
09:49:39 | INFO     | EVENT_HANDLING: TrainArrivedEvent -> RetrofitWorkshopContext._handle_train_arrived
09:49:39 | INFO     | EVENT_HANDLED: TrainArrivedEvent by RetrofitWorkshopContext._handle_train_arrived
09:49:39 | INFO     | t=4014.0: RAKE[W11256,W10892] → COUPLING at WS_01 (1 couplings, 0.5 min)
09:49:39 | INFO     | t=4014.5: LOCO → Allocating for pickup from WS_01
09:49:39 | INFO     | t=4014.5: DISPATCHER → Task submitted: workshop_to_retrofitted (pending=3)
09:49:39 | INFO     | t=4019.0: LOCO[LOCO_01] → TRAIN_PREP at collection (coupling + prep, 21.0 min)
09:49:39 | INFO     | t=4033.0: LOCO[LOCO_02] → DECOUPLING at parking16 (2.0 min)
09:49:39 | INFO     | t=4035.0: RAKE[W4666,W11269,W3811,W2926] → DECOUPLING at parking16 (3 couplings, 1.5 min)
09:49:39 | INFO     | EVENT_PUBLISHED: TrainArrivedEvent | train=T52 | time=4093.2
09:49:39 | INFO     | EVENT_HANDLING: TrainArrivedEvent -> RetrofitWorkshopContext._handle_train_arrived
09:49:39 | INFO     | EVENT_HANDLED: TrainArrivedEvent by RetrofitWorkshopContext._handle_train_arrived
09:49:39 | INFO     | t=4096.5: LOCO[LOCO_02] → Releasing
09:49:39 | INFO     | t=4096.5: LOCO[LOCO_02] → Released
09:49:39 | INFO     | t=4096.5: PARKING → Got wagon W9274 from retrofitted
09:49:39 | INFO     | t=4096.5: DISPATCHER → Assigned loco LOCO_02 to workshop_to_retrofitted (waited 108.0 min, pending=2)
09:49:39 | INFO     | t=4096.5: LOCO[LOCO_02] → Allocated for pickup
09:49:39 | INFO     | t=4096.5: LOCO → Allocating for parking transport
09:49:39 | INFO     | t=4096.5: DISPATCHER → Task submitted: retrofitted_to_parking (pending=3)
09:49:39 | INFO     | t=4100.0: LOCO[LOCO_01] → DECOUPLING at retrofit (30.0 min)
09:49:39 | INFO     | t=4103.5: LOCO[LOCO_02] → TRAIN_PREP completed at WS_02 (2.0 min)
09:49:39 | INFO     | t=4108.5: BATCH → Putting 2 wagons on retrofitted track retrofitted
09:49:39 | INFO     | t=4108.5: WAGON[W5391] → Added to retrofitted track retrofitted
09:49:39 | INFO     | t=4108.5: WAGON[W6682] → Added to retrofitted track retrofitted
09:49:39 | INFO     | t=4113.5: WORKSHOP[WS_02] → Released, notifying 1 waiting processes
09:49:39 | INFO     | t=4113.5: WORKSHOP → Workshop became available
09:49:39 | INFO     | t=4113.5: WORKSHOP[WS_02] → Selected for batch
09:49:39 | INFO     | t=4113.5: DISPATCHER → Assigned loco LOCO_02 to workshop_to_retrofitted (waited 99.0 min, pending=2)
09:49:39 | INFO     | t=4113.5: WAGON[W9174] → Added to batch
09:49:39 | INFO     | t=4113.5: BATCH[W9756,W9174] → Formed 2 wagons for WS_02
09:49:39 | INFO     | t=4113.5: LOCO[LOCO_02] → Allocated for pickup
09:49:39 | INFO     | t=4113.5: TRACK[retrofit] → Removed 2 wagons (40.3m freed)
09:49:39 | INFO     | t=4113.5: DISPATCHER → Task submitted: retrofit_to_workshop (pending=3)
09:49:39 | INFO     | t=4120.5: LOCO[LOCO_02] → TRAIN_PREP completed at WS_01 (2.0 min)
09:49:39 | INFO     | t=4125.5: BATCH → Putting 2 wagons on retrofitted track retrofitted
09:49:39 | INFO     | t=4125.5: WAGON[W11256] → Added to retrofitted track retrofitted
09:49:39 | INFO     | t=4125.5: WAGON[W10892] → Added to retrofitted track retrofitted
09:49:39 | INFO     | t=4130.0: RAKE[W10878,W10889,W11320,W5833,W6096,W0874,W10689,W5838,W11241,W2444] → DECOUPLING at retrofit (9 couplings, 27.0 min)
09:49:39 | INFO     | t=4130.5: WORKSHOP[WS_01] → Released, notifying 0 waiting processes
09:49:39 | INFO     | t=4130.5: DISPATCHER → Assigned loco LOCO_02 to retrofit_to_workshop (waited 17.0 min, pending=2)
09:49:39 | INFO     | t=4130.5: RAKE[W9756,W9174] → COUPLING at retrofit (1 couplings, 2.0 min)
09:49:39 | INFO     | t=4130.5: WAGON[W6140] → Retrieved from retrofit queue
09:49:39 | INFO     | t=4130.5: WORKSHOP[WS_01] → Selected for batch
09:49:39 | INFO     | t=4130.5: WAGON[W10364] → Added to batch
09:49:39 | INFO     | t=4130.5: BATCH[W6140,W10364] → Formed 2 wagons for WS_01
09:49:39 | INFO     | t=4130.5: TRACK[retrofit] → Removed 2 wagons (33.9m freed)
09:49:39 | INFO     | t=4130.5: DISPATCHER → Task submitted: retrofit_to_workshop (pending=3)
09:49:39 | INFO     | t=4137.5: LOCO[LOCO_02] → COUPLING at retrofit (2.0 min)
09:49:39 | INFO     | t=4139.5: LOCO[LOCO_02] → SHUNTING_PREP at retrofit (1.0 min)
09:49:39 | INFO     | t=4145.5: LOCO[LOCO_02] → DECOUPLING at WS_02 (3.0 min)
09:49:39 | INFO     | t=4148.5: RAKE[W9756,W9174] → DECOUPLING at WS_02 (1 couplings, 3.0 min)
09:49:39 | INFO     | t=4151.5: WAGON[W9756] → RETROFIT_STARTED at WS_02
09:49:39 | INFO     | t=4151.5: WAGON[W9174] → RETROFIT_STARTED at WS_02
09:49:39 | INFO     | t=4156.5: DISPATCHER → Hold override for retrofitted_to_parking (waited 60.0 min >= max 45.0 min)
09:49:39 | INFO     | t=4156.5: DISPATCHER → Assigned loco LOCO_02 to retrofit_to_workshop (waited 26.0 min, pending=2)
09:49:39 | INFO     | t=4156.5: RAKE[W6140,W10364] → COUPLING at retrofit (1 couplings, 2.0 min)
09:49:39 | INFO     | t=4156.5: WAGON[W6077] → Retrieved from retrofit queue
09:49:39 | INFO     | t=4156.5: WORKSHOP → No workshop available, waiting...
09:49:39 | INFO     | t=4162.0: DISPATCHER → Hold override for retrofitted_to_parking (waited 65.5 min >= max 45.0 min)
09:49:39 | INFO     | t=4162.0: DISPATCHER → Assigned loco LOCO_01 to collection_to_retrofit (waited 257.0 min, pending=1)
09:49:39 | INFO     | t=4162.0: DISPATCHER → Hold override for retrofitted_to_parking (waited 65.5 min >= max 45.0 min)
09:49:39 | INFO     | t=4162.0: Batch size limited by retrofit capacity: 6 wagons (120.6m) fits, 13 waiting
09:49:39 | INFO     | t=4162.0: COLLECTION → Reserving retrofit track capacity for 6 wagons
09:49:39 | INFO     | t=4162.0: COLLECTION → Capacity reserved, allocating locomotive
09:49:39 | INFO     | t=4162.0: DISPATCHER → Task submitted: collection_to_retrofit (pending=2)
09:49:39 | INFO     | t=4163.5: LOCO[LOCO_02] → COUPLING at retrofit (2.0 min)
09:49:39 | INFO     | t=4165.5: LOCO[LOCO_02] → SHUNTING_PREP at retrofit (1.0 min)
09:49:39 | INFO     | t=4171.5: LOCO[LOCO_02] → DECOUPLING at WS_01 (3.0 min)
09:49:39 | INFO     | t=4174.5: RAKE[W6140,W10364] → DECOUPLING at WS_01 (1 couplings, 3.0 min)
09:49:39 | INFO     | t=4177.5: WAGON[W6140] → RETROFIT_STARTED at WS_01
09:49:39 | INFO     | t=4177.5: WAGON[W10364] → RETROFIT_STARTED at WS_01
09:49:39 | INFO     | t=4182.5: DISPATCHER → Hold override for retrofitted_to_parking (waited 86.0 min >= max 45.0 min)
09:49:39 | INFO     | t=4182.5: DISPATCHER → Assigned loco LOCO_02 to retrofitted_to_parking (waited 86.0 min, pending=1)
09:49:39 | INFO     | t=4182.5: LOCO[LOCO_02] → Allocated for parking transport
09:49:39 | INFO     | t=4187.5: LOCO[LOCO_02] → TRAIN_PREP at retrofitted (coupling + prep, 3.0 min)
09:49:39 | INFO     | t=4195.5: LOCO[LOCO_02] → DECOUPLING at parking1 (2.0 min)
09:49:39 | INFO     | t=4197.5: RAKE[W9274,W8613,W10130,W9721] → DECOUPLING at parking1 (3 couplings, 1.5 min)
09:49:39 | INFO     | t=4204.0: LOCO[LOCO_02] → Releasing
09:49:39 | INFO     | t=4204.0: LOCO[LOCO_02] → Released
09:49:39 | INFO     | t=4204.0: PARKING → Got wagon W5391 from retrofitted
09:49:39 | INFO     | t=4204.0: LOCO → Allocating for parking transport
09:49:39 | INFO     | t=4204.0: DISPATCHER → Task submitted: retrofitted_to_parking (pending=2)
09:49:39 | INFO     | t=4211.5: RAKE[W9756,W9174] → COUPLING at WS_02 (1 couplings, 0.5 min)
09:49:39 | INFO     | t=4212.0: LOCO → Allocating for pickup from WS_02
09:49:39 | INFO     | t=4212.0: DISPATCHER → Task submitted: workshop_to_retrofitted (pending=3)
09:49:39 | INFO     | t=4212.0: DISPATCHER → Assigned loco LOCO_02 to workshop_to_retrofitted (waited 0.0 min, pending=2)
09:49:39 | INFO     | t=4212.0: LOCO[LOCO_02] → Allocated for pickup
09:49:39 | INFO     | t=4219.0: LOCO[LOCO_02] → TRAIN_PREP completed at WS_02 (2.0 min)
09:49:39 | INFO     | t=4222.0: LOCO[LOCO_01] → TRAIN_PREP at collection (coupling + prep, 3.0 min)
09:49:39 | INFO     | t=4224.0: BATCH → Putting 2 wagons on retrofitted track retrofitted
09:49:39 | INFO     | t=4224.0: WAGON[W9756] → Added to retrofitted track retrofitted
09:49:39 | INFO     | t=4224.0: WAGON[W9174] → Added to retrofitted track retrofitted
09:49:39 | INFO     | t=4229.0: WORKSHOP[WS_02] → Released, notifying 1 waiting processes
09:49:39 | INFO     | t=4229.0: WORKSHOP → Workshop became available
09:49:39 | INFO     | t=4229.0: WORKSHOP[WS_02] → Selected for batch
09:49:39 | INFO     | t=4229.0: DISPATCHER → Assigned loco LOCO_02 to retrofitted_to_parking (waited 25.0 min, pending=1)
09:49:39 | INFO     | t=4229.0: WAGON[W11254] → Added to batch
09:49:39 | INFO     | t=4229.0: BATCH[W6077,W11254] → Formed 2 wagons for WS_02
09:49:39 | INFO     | t=4229.0: LOCO[LOCO_02] → Allocated for parking transport
09:49:39 | INFO     | t=4229.0: TRACK[retrofit] → Removed 2 wagons (26.8m freed)
09:49:39 | INFO     | t=4229.0: DISPATCHER → Task submitted: retrofit_to_workshop (pending=2)
09:49:39 | INFO     | t=4234.0: LOCO[LOCO_02] → TRAIN_PREP at retrofitted (coupling + prep, 3.0 min)
09:49:39 | INFO     | t=4237.5: RAKE[W6140,W10364] → COUPLING at WS_01 (1 couplings, 0.5 min)
09:49:39 | INFO     | t=4238.0: LOCO → Allocating for pickup from WS_01
09:49:39 | INFO     | t=4238.0: DISPATCHER → Task submitted: workshop_to_retrofitted (pending=3)
09:49:39 | INFO     | t=4285.0: LOCO[LOCO_01] → DECOUPLING at retrofit (3.0 min)
09:49:39 | INFO     | t=4288.0: RAKE[W1158] → DECOUPLING at retrofit (0 couplings, 0.0 min)
09:49:39 | INFO     | EVENT_PUBLISHED: TrainArrivedEvent | train=T53 | time=4293.0
09:49:39 | INFO     | EVENT_HANDLING: TrainArrivedEvent -> RetrofitWorkshopContext._handle_train_arrived
09:49:39 | INFO     | EVENT_HANDLED: TrainArrivedEvent by RetrofitWorkshopContext._handle_train_arrived
09:49:39 | INFO     | t=4293.0: DISPATCHER → Assigned loco LOCO_01 to workshop_to_retrofitted (waited 55.0 min, pending=2)
09:49:39 | INFO     | t=4293.0: Batch size limited by retrofit capacity: 2 wagons (24.7m) fits, 22 waiting
09:49:39 | INFO     | t=4293.0: LOCO[LOCO_01] → Allocated for pickup
09:49:39 | INFO     | t=4293.0: COLLECTION → Reserving retrofit track capacity for 2 wagons
09:49:39 | INFO     | t=4293.0: COLLECTION → Capacity reserved, allocating locomotive
09:49:39 | INFO     | t=4293.0: DISPATCHER → Task submitted: collection_to_retrofit (pending=3)
09:49:39 | INFO     | t=4297.0: LOCO[LOCO_02] → DECOUPLING at parking12 (2.0 min)
09:49:39 | INFO     | t=4299.0: RAKE[W5391,W6682,W11256,W10892] → DECOUPLING at parking12 (3 couplings, 1.5 min)
09:49:39 | INFO     | t=4300.0: LOCO[LOCO_01] → TRAIN_PREP completed at WS_01 (2.0 min)
09:49:39 | INFO     | t=4305.0: BATCH → Putting 2 wagons on retrofitted track retrofitted
09:49:39 | INFO     | t=4305.0: WAGON[W6140] → Added to retrofitted track retrofitted
09:49:39 | INFO     | t=4305.0: WAGON[W10364] → Added to retrofitted track retrofitted
09:49:39 | INFO     | t=4310.0: WORKSHOP[WS_01] → Released, notifying 0 waiting processes
09:49:39 | INFO     | t=4310.0: DISPATCHER → Assigned loco LOCO_01 to retrofit_to_workshop (waited 81.0 min, pending=2)
09:49:39 | INFO     | t=4310.0: RAKE[W6077,W11254] → COUPLING at retrofit (1 couplings, 2.0 min)
09:49:39 | INFO     | t=4310.0: WAGON[W1906] → Retrieved from retrofit queue
09:49:39 | INFO     | t=4310.0: WORKSHOP[WS_01] → Selected for batch
09:49:39 | INFO     | t=4310.0: WAGON[W10878] → Added to batch
09:49:39 | INFO     | t=4310.0: BATCH[W1906,W10878] → Formed 2 wagons for WS_01
09:49:39 | INFO     | t=4310.0: TRACK[retrofit] → Removed 2 wagons (32.6m freed)
09:49:39 | INFO     | t=4310.0: DISPATCHER → Task submitted: retrofit_to_workshop (pending=3)
09:49:39 | INFO     | t=4317.0: LOCO[LOCO_01] → COUPLING at retrofit (2.0 min)
09:49:39 | INFO     | t=4319.0: LOCO[LOCO_01] → SHUNTING_PREP at retrofit (1.0 min)
09:49:39 | INFO     | EVENT_PUBLISHED: TrainArrivedEvent | train=T54 | time=4320.8
09:49:39 | INFO     | EVENT_HANDLING: TrainArrivedEvent -> RetrofitWorkshopContext._handle_train_arrived
09:49:39 | INFO     | EVENT_HANDLED: TrainArrivedEvent by RetrofitWorkshopContext._handle_train_arrived
09:49:39 | INFO     | t=4325.0: LOCO[LOCO_01] → DECOUPLING at WS_02 (3.0 min)
09:49:39 | INFO     | t=4328.0: RAKE[W6077,W11254] → DECOUPLING at WS_02 (1 couplings, 3.0 min)
09:49:39 | INFO     | t=4331.0: WAGON[W6077] → RETROFIT_STARTED at WS_02
09:49:39 | INFO     | t=4331.0: WAGON[W11254] → RETROFIT_STARTED at WS_02
09:49:39 | INFO     | t=4336.0: DISPATCHER → Assigned loco LOCO_01 to retrofit_to_workshop (waited 26.0 min, pending=2)
09:49:39 | INFO     | t=4336.0: RAKE[W1906,W10878] → COUPLING at retrofit (1 couplings, 2.0 min)
09:49:39 | INFO     | t=4336.0: WAGON[W10889] → Retrieved from retrofit queue
09:49:39 | INFO     | t=4336.0: WORKSHOP → No workshop available, waiting...
09:49:39 | INFO     | t=4343.0: LOCO[LOCO_01] → COUPLING at retrofit (2.0 min)
09:49:39 | INFO     | t=4345.0: LOCO[LOCO_01] → SHUNTING_PREP at retrofit (1.0 min)
09:49:39 | INFO     | t=4351.0: LOCO[LOCO_01] → DECOUPLING at WS_01 (3.0 min)
09:49:39 | INFO     | t=4354.0: RAKE[W1906,W10878] → DECOUPLING at WS_01 (1 couplings, 3.0 min)
09:49:39 | INFO     | t=4357.0: WAGON[W1906] → RETROFIT_STARTED at WS_01
09:49:39 | INFO     | t=4357.0: WAGON[W10878] → RETROFIT_STARTED at WS_01
09:49:39 | INFO     | t=4360.5: LOCO[LOCO_02] → Releasing
09:49:39 | INFO     | t=4360.5: LOCO[LOCO_02] → Released
09:49:39 | INFO     | t=4360.5: PARKING → Got wagon W9756 from retrofitted
09:49:39 | INFO     | t=4360.5: LOCO → Allocating for parking transport
09:49:39 | INFO     | t=4360.5: DISPATCHER → Task submitted: retrofitted_to_parking (pending=3)
09:49:39 | INFO     | EVENT_PUBLISHED: TrainArrivedEvent | train=T55 | time=4379.0
09:49:39 | INFO     | EVENT_HANDLING: TrainArrivedEvent -> RetrofitWorkshopContext._handle_train_arrived
09:49:39 | INFO     | EVENT_HANDLED: TrainArrivedEvent by RetrofitWorkshopContext._handle_train_arrived
09:49:39 | INFO     | EVENT_PUBLISHED: TrainArrivedEvent | train=T56 | time=4387.8
09:49:39 | INFO     | EVENT_HANDLING: TrainArrivedEvent -> RetrofitWorkshopContext._handle_train_arrived
09:49:39 | INFO     | EVENT_HANDLED: TrainArrivedEvent by RetrofitWorkshopContext._handle_train_arrived
09:49:39 | INFO     | t=4391.0: RAKE[W6077,W11254] → COUPLING at WS_02 (1 couplings, 0.5 min)
09:49:39 | INFO     | t=4391.5: LOCO → Allocating for pickup from WS_02
09:49:39 | INFO     | t=4391.5: DISPATCHER → Task submitted: workshop_to_retrofitted (pending=4)
09:49:39 | INFO     | t=4391.5: DISPATCHER → Assigned loco LOCO_02 to workshop_to_retrofitted (waited 0.0 min, pending=3)
09:49:39 | INFO     | t=4391.5: LOCO[LOCO_02] → Allocated for pickup
09:49:39 | INFO     | t=4398.5: LOCO[LOCO_02] → TRAIN_PREP completed at WS_02 (2.0 min)
09:49:39 | INFO     | t=4403.5: BATCH → Putting 2 wagons on retrofitted track retrofitted
09:49:39 | INFO     | t=4403.5: WAGON[W6077] → Added to retrofitted track retrofitted
09:49:39 | INFO     | t=4403.5: WAGON[W11254] → Added to retrofitted track retrofitted
09:49:39 | INFO     | t=4406.5: DISPATCHER → Hold override for retrofitted_to_parking (waited 46.0 min >= max 45.0 min)
09:49:39 | INFO     | t=4406.5: DISPATCHER → Hold override for retrofitted_to_parking (waited 46.0 min >= max 45.0 min)
09:49:39 | INFO     | t=4406.5: DISPATCHER → Assigned loco LOCO_01 to retrofitted_to_parking (waited 46.0 min, pending=2)
09:49:39 | INFO     | t=4406.5: LOCO[LOCO_01] → Allocated for parking transport
09:49:39 | INFO     | t=4408.5: WORKSHOP[WS_02] → Released, notifying 1 waiting processes
09:49:39 | INFO     | t=4408.5: WORKSHOP → Workshop became available
09:49:39 | INFO     | t=4408.5: WORKSHOP[WS_02] → Selected for batch
09:49:39 | INFO     | t=4408.5: WAGON[W11320] → Added to batch
09:49:39 | INFO     | t=4408.5: BATCH[W10889,W11320] → Formed 2 wagons for WS_02
09:49:39 | INFO     | t=4408.5: TRACK[retrofit] → Removed 2 wagons (27.7m freed)
09:49:39 | INFO     | t=4408.5: DISPATCHER → Task submitted: retrofit_to_workshop (pending=3)
09:49:39 | INFO     | t=4408.5: DISPATCHER → Assigned loco LOCO_02 to retrofit_to_workshop (waited 0.0 min, pending=2)
09:49:39 | INFO     | t=4408.5: RAKE[W10889,W11320] → COUPLING at retrofit (1 couplings, 2.0 min)
09:49:39 | INFO     | t=4408.5: WAGON[W5833] → Retrieved from retrofit queue
09:49:39 | INFO     | t=4408.5: WORKSHOP → No workshop available, waiting...
09:49:39 | INFO     | t=4411.5: LOCO[LOCO_01] → TRAIN_PREP at retrofitted (coupling + prep, 3.0 min)
09:49:39 | INFO     | t=4415.5: LOCO[LOCO_02] → COUPLING at retrofit (2.0 min)
09:49:39 | INFO     | t=4417.0: RAKE[W1906,W10878] → COUPLING at WS_01 (1 couplings, 0.5 min)
09:49:39 | INFO     | t=4417.5: LOCO[LOCO_02] → SHUNTING_PREP at retrofit (1.0 min)
09:49:39 | INFO     | t=4417.5: LOCO → Allocating for pickup from WS_01
09:49:39 | INFO     | t=4417.5: DISPATCHER → Task submitted: workshop_to_retrofitted (pending=3)
09:49:39 | INFO     | t=4423.5: LOCO[LOCO_02] → DECOUPLING at WS_02 (3.0 min)
09:49:39 | INFO     | t=4426.5: RAKE[W10889,W11320] → DECOUPLING at WS_02 (1 couplings, 3.0 min)
09:49:39 | INFO     | t=4429.5: WAGON[W10889] → RETROFIT_STARTED at WS_02
09:49:39 | INFO     | t=4429.5: WAGON[W11320] → RETROFIT_STARTED at WS_02
09:49:39 | INFO     | t=4434.5: DISPATCHER → Assigned loco LOCO_02 to workshop_to_retrofitted (waited 17.0 min, pending=2)
09:49:39 | INFO     | t=4434.5: LOCO[LOCO_02] → Allocated for pickup
09:49:39 | INFO     | t=4441.5: LOCO[LOCO_02] → TRAIN_PREP completed at WS_01 (2.0 min)
09:49:39 | INFO     | t=4446.5: BATCH → Putting 2 wagons on retrofitted track retrofitted
09:49:39 | INFO     | t=4446.5: WAGON[W1906] → Added to retrofitted track retrofitted
09:49:39 | INFO     | t=4446.5: WAGON[W10878] → Added to retrofitted track retrofitted
09:49:39 | INFO     | t=4451.5: WORKSHOP[WS_01] → Released, notifying 1 waiting processes
09:49:39 | INFO     | t=4451.5: WORKSHOP → Workshop became available
09:49:39 | INFO     | t=4451.5: WORKSHOP[WS_01] → Selected for batch
09:49:39 | INFO     | t=4451.5: DISPATCHER → Assigned loco LOCO_02 to collection_to_retrofit (waited 289.5 min, pending=1)
09:49:39 | INFO     | t=4451.5: WAGON[W6096] → Added to batch
09:49:39 | INFO     | t=4451.5: BATCH[W5833,W6096] → Formed 2 wagons for WS_01
09:49:39 | INFO     | t=4451.5: TRACK[retrofit] → Removed 2 wagons (28.1m freed)
09:49:39 | INFO     | t=4451.5: DISPATCHER → Task submitted: retrofit_to_workshop (pending=2)
09:49:39 | INFO     | t=4474.5: LOCO[LOCO_01] → DECOUPLING at parking10 (2.0 min)
09:49:39 | INFO     | t=4476.5: RAKE[W9756,W9174,W6140,W10364] → DECOUPLING at parking10 (3 couplings, 1.5 min)
09:49:39 | INFO     | t=4489.5: RAKE[W10889,W11320] → COUPLING at WS_02 (1 couplings, 0.5 min)
09:49:39 | INFO     | t=4490.0: LOCO → Allocating for pickup from WS_02
09:49:39 | INFO     | t=4490.0: DISPATCHER → Task submitted: workshop_to_retrofitted (pending=3)
09:49:39 | INFO     | EVENT_PUBLISHED: TrainArrivedEvent | train=T57 | time=4491.5
09:49:39 | INFO     | EVENT_HANDLING: TrainArrivedEvent -> RetrofitWorkshopContext._handle_train_arrived
09:49:39 | INFO     | EVENT_HANDLED: TrainArrivedEvent by RetrofitWorkshopContext._handle_train_arrived
09:49:39 | INFO     | t=4511.5: LOCO[LOCO_02] → TRAIN_PREP at collection (coupling + prep, 13.0 min)
09:49:39 | INFO     | t=4538.0: LOCO[LOCO_01] → Releasing
09:49:39 | INFO     | t=4538.0: LOCO[LOCO_01] → Released
09:49:39 | INFO     | t=4538.0: PARKING → Got wagon W6077 from retrofitted
09:49:39 | INFO     | t=4538.0: DISPATCHER → Assigned loco LOCO_01 to workshop_to_retrofitted (waited 48.0 min, pending=2)
09:49:39 | INFO     | t=4538.0: LOCO[LOCO_01] → Allocated for pickup
09:49:39 | INFO     | t=4538.0: LOCO → Allocating for parking transport
09:49:39 | INFO     | t=4538.0: DISPATCHER → Task submitted: retrofitted_to_parking (pending=3)
09:49:39 | INFO     | t=4545.0: LOCO[LOCO_01] → TRAIN_PREP completed at WS_02 (2.0 min)
09:49:39 | INFO     | t=4550.0: BATCH → Putting 2 wagons on retrofitted track retrofitted
09:49:39 | INFO     | t=4550.0: WAGON[W10889] → Added to retrofitted track retrofitted
09:49:39 | INFO     | t=4550.0: WAGON[W11320] → Added to retrofitted track retrofitted
09:49:39 | INFO     | t=4555.0: WORKSHOP[WS_02] → Released, notifying 0 waiting processes
09:49:39 | INFO     | t=4555.0: DISPATCHER → Assigned loco LOCO_01 to retrofit_to_workshop (waited 103.5 min, pending=2)
09:49:39 | INFO     | t=4555.0: RAKE[W5833,W6096] → COUPLING at retrofit (1 couplings, 2.0 min)
09:49:39 | INFO     | t=4555.0: WAGON[W0874] → Retrieved from retrofit queue
09:49:39 | INFO     | t=4555.0: WORKSHOP[WS_02] → Selected for batch
09:49:39 | INFO     | t=4555.0: WAGON[W10689] → Added to batch
09:49:39 | INFO     | t=4555.0: BATCH[W0874,W10689] → Formed 2 wagons for WS_02
09:49:39 | INFO     | t=4555.0: TRACK[retrofit] → Removed 2 wagons (24.4m freed)
09:49:39 | INFO     | t=4555.0: DISPATCHER → Task submitted: retrofit_to_workshop (pending=3)
09:49:39 | INFO     | t=4562.0: LOCO[LOCO_01] → COUPLING at retrofit (2.0 min)
09:49:39 | INFO     | t=4564.0: LOCO[LOCO_01] → SHUNTING_PREP at retrofit (1.0 min)
09:49:39 | INFO     | t=4570.0: LOCO[LOCO_01] → DECOUPLING at WS_01 (3.0 min)
09:49:39 | INFO     | t=4573.0: RAKE[W5833,W6096] → DECOUPLING at WS_01 (1 couplings, 3.0 min)
09:49:39 | INFO     | t=4576.0: WAGON[W5833] → RETROFIT_STARTED at WS_01
09:49:39 | INFO     | t=4576.0: WAGON[W6096] → RETROFIT_STARTED at WS_01
09:49:39 | INFO     | t=4581.0: DISPATCHER → Assigned loco LOCO_01 to retrofit_to_workshop (waited 26.0 min, pending=2)
09:49:39 | INFO     | t=4581.0: RAKE[W0874,W10689] → COUPLING at retrofit (1 couplings, 2.0 min)
09:49:39 | INFO     | t=4581.0: WAGON[W5838] → Retrieved from retrofit queue
09:49:39 | INFO     | t=4581.0: WORKSHOP → No workshop available, waiting...
09:49:39 | INFO     | t=4584.5: LOCO[LOCO_02] → DECOUPLING at retrofit (18.0 min)
09:49:39 | INFO     | t=4588.0: LOCO[LOCO_01] → COUPLING at retrofit (2.0 min)
09:49:39 | INFO     | t=4590.0: LOCO[LOCO_01] → SHUNTING_PREP at retrofit (1.0 min)
09:49:39 | INFO     | t=4596.0: LOCO[LOCO_01] → DECOUPLING at WS_02 (3.0 min)
09:49:39 | INFO     | t=4599.0: RAKE[W0874,W10689] → DECOUPLING at WS_02 (1 couplings, 3.0 min)
09:49:39 | INFO     | t=4602.0: WAGON[W0874] → RETROFIT_STARTED at WS_02
09:49:39 | INFO     | t=4602.0: WAGON[W10689] → RETROFIT_STARTED at WS_02
09:49:39 | INFO     | t=4602.5: RAKE[W9329,W12077,W11766,W7115,W11723,W8675] → DECOUPLING at retrofit (5 couplings, 15.0 min)
09:49:39 | INFO     | t=4607.0: DISPATCHER → Hold override for retrofitted_to_parking (waited 69.0 min >= max 45.0 min)
09:49:39 | INFO     | t=4607.0: DISPATCHER → Assigned loco LOCO_01 to collection_to_retrofit (waited 314.0 min, pending=1)
09:49:39 | INFO     | t=4607.0: DISPATCHER → Hold override for retrofitted_to_parking (waited 69.0 min >= max 45.0 min)
09:49:39 | INFO     | t=4622.5: DISPATCHER → Hold override for retrofitted_to_parking (waited 84.5 min >= max 45.0 min)
09:49:39 | INFO     | t=4622.5: DISPATCHER → Assigned loco LOCO_02 to retrofitted_to_parking (waited 84.5 min, pending=0)
09:49:39 | INFO     | t=4622.5: LOCO[LOCO_02] → Allocated for parking transport
09:49:39 | INFO     | t=4622.5: Batch size limited by retrofit capacity: 6 wagons (108.5m) fits, 14 waiting
09:49:39 | INFO     | t=4622.5: COLLECTION → Reserving retrofit track capacity for 6 wagons
09:49:39 | INFO     | t=4622.5: COLLECTION → Capacity reserved, allocating locomotive
09:49:39 | INFO     | t=4622.5: DISPATCHER → Task submitted: collection_to_retrofit (pending=1)
09:49:39 | INFO     | t=4627.5: LOCO[LOCO_02] → TRAIN_PREP at retrofitted (coupling + prep, 3.0 min)
09:49:39 | INFO     | t=4636.0: RAKE[W5833,W6096] → COUPLING at WS_01 (1 couplings, 0.5 min)
09:49:39 | INFO     | t=4636.5: LOCO → Allocating for pickup from WS_01
09:49:39 | INFO     | t=4636.5: DISPATCHER → Task submitted: workshop_to_retrofitted (pending=2)
09:49:39 | INFO     | EVENT_PUBLISHED: TrainArrivedEvent | train=T58 | time=4654.5
09:49:39 | INFO     | EVENT_HANDLING: TrainArrivedEvent -> RetrofitWorkshopContext._handle_train_arrived
09:49:39 | INFO     | EVENT_HANDLED: TrainArrivedEvent by RetrofitWorkshopContext._handle_train_arrived
09:49:39 | INFO     | t=4662.0: RAKE[W0874,W10689] → COUPLING at WS_02 (1 couplings, 0.5 min)
09:49:39 | INFO     | t=4662.5: LOCO → Allocating for pickup from WS_02
09:49:39 | INFO     | t=4662.5: DISPATCHER → Task submitted: workshop_to_retrofitted (pending=3)
09:49:39 | INFO     | t=4667.0: LOCO[LOCO_01] → TRAIN_PREP at collection (coupling + prep, 5.0 min)
09:49:39 | INFO     | EVENT_PUBLISHED: TrainArrivedEvent | train=T59 | time=4676.8
09:49:39 | INFO     | EVENT_HANDLING: TrainArrivedEvent -> RetrofitWorkshopContext._handle_train_arrived
09:49:39 | INFO     | EVENT_HANDLED: TrainArrivedEvent by RetrofitWorkshopContext._handle_train_arrived
09:49:39 | INFO     | EVENT_PUBLISHED: TrainArrivedEvent | train=T60 | time=4704.0
09:49:39 | INFO     | EVENT_HANDLING: TrainArrivedEvent -> RetrofitWorkshopContext._handle_train_arrived
09:49:39 | INFO     | EVENT_HANDLED: TrainArrivedEvent by RetrofitWorkshopContext._handle_train_arrived
09:49:39 | INFO     | t=4705.5: LOCO[LOCO_02] → DECOUPLING at parking13 (2.0 min)
09:49:39 | INFO     | t=4707.5: RAKE[W6077,W11254,W1906,W10878] → DECOUPLING at parking13 (3 couplings, 1.5 min)
09:49:39 | INFO     | t=4732.0: LOCO[LOCO_01] → DECOUPLING at retrofit (6.0 min)
09:49:39 | INFO     | t=4738.0: RAKE[W1139,W1149] → DECOUPLING at retrofit (1 couplings, 3.0 min)
09:49:39 | INFO     | t=4746.0: Batch size limited by retrofit capacity: 1 wagons (12.3m) fits, 22 waiting
09:49:39 | INFO     | t=4746.0: DISPATCHER → Assigned loco LOCO_01 to workshop_to_retrofitted (waited 109.5 min, pending=2)
09:49:39 | INFO     | t=4746.0: COLLECTION → Reserving retrofit track capacity for 1 wagons
09:49:39 | INFO     | t=4746.0: LOCO[LOCO_01] → Allocated for pickup
09:49:39 | INFO     | t=4753.0: LOCO[LOCO_01] → TRAIN_PREP completed at WS_01 (2.0 min)
09:49:39 | INFO     | t=4758.0: BATCH → Putting 2 wagons on retrofitted track retrofitted
09:49:39 | INFO     | t=4758.0: WAGON[W5833] → Added to retrofitted track retrofitted
09:49:39 | INFO     | t=4758.0: WAGON[W6096] → Added to retrofitted track retrofitted
09:49:39 | INFO     | EVENT_PUBLISHED: TrainArrivedEvent | train=T61 | time=4761.2
09:49:39 | INFO     | EVENT_HANDLING: TrainArrivedEvent -> RetrofitWorkshopContext._handle_train_arrived
09:49:39 | INFO     | EVENT_HANDLED: TrainArrivedEvent by RetrofitWorkshopContext._handle_train_arrived
09:49:39 | INFO     | t=4763.0: WORKSHOP[WS_01] → Released, notifying 1 waiting processes
09:49:39 | INFO     | t=4763.0: WORKSHOP → Workshop became available
09:49:39 | INFO     | t=4763.0: WORKSHOP[WS_01] → Selected for batch
09:49:39 | INFO     | t=4763.0: DISPATCHER → Assigned loco LOCO_01 to workshop_to_retrofitted (waited 100.5 min, pending=1)
09:49:39 | INFO     | t=4763.0: WAGON[W11241] → Added to batch
09:49:39 | INFO     | t=4763.0: BATCH[W5838,W11241] → Formed 2 wagons for WS_01
09:49:39 | INFO     | t=4763.0: LOCO[LOCO_01] → Allocated for pickup
09:49:39 | INFO     | t=4763.0: TRACK[retrofit] → Removed 2 wagons (29.0m freed)
09:49:39 | INFO     | t=4763.0: DISPATCHER → Task submitted: retrofit_to_workshop (pending=2)
09:49:39 | INFO     | t=4763.0: COLLECTION → Capacity reserved, allocating locomotive
09:49:39 | INFO     | t=4763.0: DISPATCHER → Task submitted: collection_to_retrofit (pending=3)
09:49:39 | INFO     | t=4769.0: LOCO[LOCO_02] → Releasing
09:49:39 | INFO     | t=4769.0: LOCO[LOCO_02] → Released
09:49:39 | INFO     | t=4769.0: PARKING → Got wagon W10889 from retrofitted
09:49:39 | INFO     | t=4769.0: DISPATCHER → Assigned loco LOCO_02 to retrofit_to_workshop (waited 6.0 min, pending=2)
09:49:39 | INFO     | t=4769.0: RAKE[W5838,W11241] → COUPLING at retrofit (1 couplings, 2.0 min)
09:49:39 | INFO     | t=4769.0: WAGON[W2444] → Retrieved from retrofit queue
09:49:39 | INFO     | t=4769.0: WORKSHOP → No workshop available, waiting...
09:49:39 | INFO     | t=4769.0: LOCO → Allocating for parking transport
09:49:39 | INFO     | t=4769.0: DISPATCHER → Task submitted: retrofitted_to_parking (pending=3)
09:49:39 | INFO     | t=4770.0: LOCO[LOCO_01] → TRAIN_PREP completed at WS_02 (2.0 min)
09:49:39 | INFO     | t=4775.0: BATCH → Putting 2 wagons on retrofitted track retrofitted
09:49:39 | INFO     | t=4775.0: WAGON[W0874] → Added to retrofitted track retrofitted
09:49:39 | INFO     | t=4775.0: WAGON[W10689] → Added to retrofitted track retrofitted
09:49:39 | INFO     | t=4776.0: LOCO[LOCO_02] → COUPLING at retrofit (2.0 min)
09:49:39 | INFO     | t=4778.0: LOCO[LOCO_02] → SHUNTING_PREP at retrofit (1.0 min)
09:49:39 | INFO     | t=4780.0: WORKSHOP[WS_02] → Released, notifying 1 waiting processes
09:49:39 | INFO     | t=4780.0: WORKSHOP → Workshop became available
09:49:39 | INFO     | t=4780.0: WORKSHOP[WS_02] → Selected for batch
09:49:39 | INFO     | t=4780.0: WAGON[W1158] → Added to batch
09:49:39 | INFO     | t=4780.0: BATCH[W2444,W1158] → Formed 2 wagons for WS_02
09:49:39 | INFO     | t=4780.0: TRACK[retrofit] → Removed 2 wagons (28.3m freed)
09:49:39 | INFO     | t=4780.0: DISPATCHER → Task submitted: retrofit_to_workshop (pending=4)
09:49:39 | INFO     | t=4780.0: DISPATCHER → Assigned loco LOCO_01 to retrofit_to_workshop (waited 0.0 min, pending=3)
09:49:39 | INFO     | t=4780.0: RAKE[W2444,W1158] → COUPLING at retrofit (1 couplings, 2.0 min)
09:49:39 | INFO     | t=4780.0: WAGON[W9329] → Retrieved from retrofit queue
09:49:39 | INFO     | t=4780.0: WORKSHOP → No workshop available, waiting...
09:49:39 | INFO     | t=4784.0: LOCO[LOCO_02] → DECOUPLING at WS_01 (3.0 min)
09:49:39 | INFO     | t=4787.0: LOCO[LOCO_01] → COUPLING at retrofit (2.0 min)
09:49:39 | INFO     | t=4787.0: RAKE[W5838,W11241] → DECOUPLING at WS_01 (1 couplings, 3.0 min)
09:49:39 | INFO     | t=4789.0: LOCO[LOCO_01] → SHUNTING_PREP at retrofit (1.0 min)
09:49:39 | INFO     | t=4790.0: WAGON[W5838] → RETROFIT_STARTED at WS_01
09:49:39 | INFO     | t=4790.0: WAGON[W11241] → RETROFIT_STARTED at WS_01
09:49:39 | INFO     | t=4795.0: LOCO[LOCO_01] → DECOUPLING at WS_02 (3.0 min)
09:49:39 | INFO     | t=4795.0: DISPATCHER → Assigned loco LOCO_02 to collection_to_retrofit (waited 172.5 min, pending=2)
09:49:39 | INFO     | t=4798.0: RAKE[W2444,W1158] → DECOUPLING at WS_02 (1 couplings, 3.0 min)
09:49:39 | INFO     | t=4801.0: WAGON[W2444] → RETROFIT_STARTED at WS_02
09:49:39 | INFO     | t=4801.0: WAGON[W1158] → RETROFIT_STARTED at WS_02
09:49:39 | INFO     | EVENT_PUBLISHED: TrainArrivedEvent | train=T62 | time=4804.0
09:49:39 | INFO     | EVENT_HANDLING: TrainArrivedEvent -> RetrofitWorkshopContext._handle_train_arrived
09:49:39 | INFO     | EVENT_HANDLED: TrainArrivedEvent by RetrofitWorkshopContext._handle_train_arrived
09:49:39 | INFO     | t=4806.0: DISPATCHER → Assigned loco LOCO_01 to collection_to_retrofit (waited 43.0 min, pending=1)
09:49:39 | INFO     | t=4816.0: DISPATCHER → Hold override for retrofitted_to_parking (waited 47.0 min >= max 45.0 min)
09:49:39 | INFO     | EVENT_PUBLISHED: TrainArrivedEvent | train=T63 | time=4824.0
09:49:39 | INFO     | EVENT_HANDLING: TrainArrivedEvent -> RetrofitWorkshopContext._handle_train_arrived
09:49:39 | INFO     | EVENT_HANDLED: TrainArrivedEvent by RetrofitWorkshopContext._handle_train_arrived
09:49:39 | INFO     | t=4850.0: RAKE[W5838,W11241] → COUPLING at WS_01 (1 couplings, 0.5 min)
09:49:39 | INFO     | t=4850.5: LOCO → Allocating for pickup from WS_01
09:49:39 | INFO     | t=4850.5: DISPATCHER → Task submitted: workshop_to_retrofitted (pending=2)
09:49:39 | INFO     | EVENT_PUBLISHED: TrainArrivedEvent | train=T64 | time=4854.0
09:49:39 | INFO     | EVENT_HANDLING: TrainArrivedEvent -> RetrofitWorkshopContext._handle_train_arrived
09:49:39 | INFO     | EVENT_HANDLED: TrainArrivedEvent by RetrofitWorkshopContext._handle_train_arrived
09:49:39 | INFO     | t=4855.0: LOCO[LOCO_02] → TRAIN_PREP at collection (coupling + prep, 13.0 min)
09:49:39 | INFO     | t=4861.0: RAKE[W2444,W1158] → COUPLING at WS_02 (1 couplings, 0.5 min)
09:49:39 | INFO     | t=4861.5: LOCO → Allocating for pickup from WS_02
09:49:39 | INFO     | t=4861.5: DISPATCHER → Task submitted: workshop_to_retrofitted (pending=3)
09:49:39 | INFO     | t=4866.0: LOCO[LOCO_01] → TRAIN_PREP at collection (coupling + prep, 3.0 min)
09:49:39 | INFO     | t=4928.0: LOCO[LOCO_02] → DECOUPLING at retrofit (18.0 min)
09:49:39 | INFO     | t=4929.0: LOCO[LOCO_01] → DECOUPLING at retrofit (3.0 min)
09:49:39 | INFO     | t=4932.0: RAKE[W1150] → DECOUPLING at retrofit (0 couplings, 0.0 min)
09:49:39 | INFO     | t=4937.0: DISPATCHER → Hold override for retrofitted_to_parking (waited 168.0 min >= max 45.0 min)
09:49:39 | INFO     | t=4937.0: DISPATCHER → Assigned loco LOCO_01 to workshop_to_retrofitted (waited 86.5 min, pending=2)
09:49:39 | INFO     | t=4937.0: DISPATCHER → Hold override for retrofitted_to_parking (waited 168.0 min >= max 45.0 min)
09:49:39 | INFO     | t=4937.0: LOCO[LOCO_01] → Allocated for pickup
09:49:39 | INFO     | t=4937.0: Batch size limited by retrofit capacity: 4 wagons (53.0m) fits, 19 waiting
09:49:39 | INFO     | t=4937.0: COLLECTION → Reserving retrofit track capacity for 4 wagons
09:49:39 | INFO     | t=4937.0: COLLECTION → Capacity reserved, allocating locomotive
09:49:39 | INFO     | t=4937.0: DISPATCHER → Task submitted: collection_to_retrofit (pending=3)
09:49:39 | INFO     | t=4944.0: LOCO[LOCO_01] → TRAIN_PREP completed at WS_01 (2.0 min)
09:49:39 | INFO     | t=4946.0: RAKE[W10706,W5446,W10881,W10924,W0678,W4655] → DECOUPLING at retrofit (5 couplings, 15.0 min)
09:49:39 | INFO     | t=4949.0: BATCH → Putting 2 wagons on retrofitted track retrofitted
09:49:39 | INFO     | t=4949.0: WAGON[W5838] → Added to retrofitted track retrofitted
09:49:39 | INFO     | t=4949.0: WAGON[W11241] → Added to retrofitted track retrofitted
09:49:39 | INFO     | t=4954.0: WORKSHOP[WS_01] → Released, notifying 1 waiting processes
09:49:39 | INFO     | t=4954.0: WORKSHOP → Workshop became available
09:49:39 | INFO     | t=4954.0: WORKSHOP[WS_01] → Selected for batch
09:49:39 | INFO     | t=4954.0: DISPATCHER → Hold override for retrofitted_to_parking (waited 185.0 min >= max 45.0 min)
09:49:39 | INFO     | t=4954.0: DISPATCHER → Assigned loco LOCO_01 to workshop_to_retrofitted (waited 92.5 min, pending=2)
09:49:39 | INFO     | t=4954.0: DISPATCHER → Hold override for retrofitted_to_parking (waited 185.0 min >= max 45.0 min)
09:49:39 | INFO     | t=4954.0: WAGON[W12077] → Added to batch
09:49:39 | INFO     | t=4954.0: BATCH[W9329,W12077] → Formed 2 wagons for WS_01
09:49:39 | INFO     | t=4954.0: LOCO[LOCO_01] → Allocated for pickup
09:49:39 | INFO     | t=4954.0: TRACK[retrofit] → Removed 2 wagons (41.2m freed)
09:49:39 | INFO     | t=4954.0: DISPATCHER → Task submitted: retrofit_to_workshop (pending=3)
09:49:39 | INFO     | t=4961.0: LOCO[LOCO_01] → TRAIN_PREP completed at WS_02 (2.0 min)
09:49:39 | INFO     | t=4966.0: BATCH → Putting 2 wagons on retrofitted track retrofitted
09:49:39 | INFO     | t=4966.0: WAGON[W2444] → Added to retrofitted track retrofitted
09:49:39 | INFO     | t=4966.0: WAGON[W1158] → Added to retrofitted track retrofitted
09:49:39 | INFO     | t=4966.0: DISPATCHER → Hold override for retrofitted_to_parking (waited 197.0 min >= max 45.0 min)
09:49:39 | INFO     | t=4966.0: DISPATCHER → Assigned loco LOCO_02 to retrofit_to_workshop (waited 12.0 min, pending=2)
09:49:39 | INFO     | t=4966.0: DISPATCHER → Hold override for retrofitted_to_parking (waited 197.0 min >= max 45.0 min)
09:49:39 | INFO     | t=4966.0: Batch size limited by retrofit capacity: 2 wagons (36.4m) fits, 17 waiting
09:49:39 | INFO     | t=4966.0: RAKE[W9329,W12077] → COUPLING at retrofit (1 couplings, 2.0 min)
09:49:39 | INFO     | t=4966.0: COLLECTION → Reserving retrofit track capacity for 2 wagons
09:49:39 | INFO     | t=4966.0: WAGON[W11766] → Retrieved from retrofit queue
09:49:39 | INFO     | t=4966.0: WORKSHOP → No workshop available, waiting...
09:49:39 | INFO     | t=4966.0: COLLECTION → Capacity reserved, allocating locomotive
09:49:39 | INFO     | t=4966.0: DISPATCHER → Task submitted: collection_to_retrofit (pending=3)
09:49:39 | INFO     | t=4971.0: WORKSHOP[WS_02] → Released, notifying 1 waiting processes
09:49:39 | INFO     | t=4971.0: WORKSHOP → Workshop became available
09:49:39 | INFO     | t=4971.0: WORKSHOP[WS_02] → Selected for batch
09:49:39 | INFO     | t=4971.0: DISPATCHER → Hold override for retrofitted_to_parking (waited 202.0 min >= max 45.0 min)
09:49:39 | INFO     | t=4971.0: DISPATCHER → Assigned loco LOCO_01 to retrofitted_to_parking (waited 202.0 min, pending=2)
09:49:39 | INFO     | t=4971.0: WAGON[W7115] → Added to batch
09:49:39 | INFO     | t=4971.0: BATCH[W11766,W7115] → Formed 2 wagons for WS_02
09:49:39 | INFO     | t=4971.0: LOCO[LOCO_01] → Allocated for parking transport
09:49:39 | INFO     | t=4971.0: TRACK[retrofit] → Removed 2 wagons (29.8m freed)
09:49:39 | INFO     | t=4971.0: DISPATCHER → Task submitted: retrofit_to_workshop (pending=3)
09:49:39 | INFO     | t=4973.0: LOCO[LOCO_02] → COUPLING at retrofit (2.0 min)
09:49:39 | INFO     | t=4975.0: LOCO[LOCO_02] → SHUNTING_PREP at retrofit (1.0 min)
09:49:39 | INFO     | t=4976.0: LOCO[LOCO_01] → TRAIN_PREP at retrofitted (coupling + prep, 3.0 min)
09:49:39 | INFO     | t=4981.0: LOCO[LOCO_02] → DECOUPLING at WS_01 (3.0 min)
09:49:39 | INFO     | t=4984.0: RAKE[W9329,W12077] → DECOUPLING at WS_01 (1 couplings, 3.0 min)
09:49:39 | INFO     | t=4987.0: WAGON[W9329] → RETROFIT_STARTED at WS_01
09:49:39 | INFO     | t=4987.0: WAGON[W12077] → RETROFIT_STARTED at WS_01
09:49:39 | INFO     | t=4992.0: DISPATCHER → Assigned loco LOCO_02 to retrofit_to_workshop (waited 21.0 min, pending=2)
09:49:39 | INFO     | t=4992.0: RAKE[W11766,W7115] → COUPLING at retrofit (1 couplings, 2.0 min)
09:49:39 | INFO     | t=4992.0: WAGON[W11723] → Retrieved from retrofit queue
09:49:39 | INFO     | t=4992.0: WORKSHOP → No workshop available, waiting...
09:49:39 | INFO     | EVENT_PUBLISHED: TrainArrivedEvent | train=T65 | time=4999.0
09:49:39 | INFO     | EVENT_HANDLING: TrainArrivedEvent -> RetrofitWorkshopContext._handle_train_arrived
09:49:39 | INFO     | EVENT_HANDLED: TrainArrivedEvent by RetrofitWorkshopContext._handle_train_arrived
09:49:39 | INFO     | t=4999.0: LOCO[LOCO_02] → COUPLING at retrofit (2.0 min)
09:49:39 | INFO     | t=5001.0: LOCO[LOCO_02] → SHUNTING_PREP at retrofit (1.0 min)
09:49:39 | INFO     | t=5007.0: LOCO[LOCO_02] → DECOUPLING at WS_02 (3.0 min)
09:49:39 | INFO     | t=5010.0: RAKE[W11766,W7115] → DECOUPLING at WS_02 (1 couplings, 3.0 min)
09:49:39 | INFO     | EVENT_PUBLISHED: TrainArrivedEvent | train=T66 | time=5011.0
09:49:39 | INFO     | EVENT_HANDLING: TrainArrivedEvent -> RetrofitWorkshopContext._handle_train_arrived
09:49:39 | INFO     | EVENT_HANDLED: TrainArrivedEvent by RetrofitWorkshopContext._handle_train_arrived
09:49:39 | INFO     | t=5013.0: WAGON[W11766] → RETROFIT_STARTED at WS_02
09:49:39 | INFO     | t=5013.0: WAGON[W7115] → RETROFIT_STARTED at WS_02
09:49:39 | INFO     | EVENT_PUBLISHED: TrainArrivedEvent | train=T67 | time=5014.0
09:49:39 | INFO     | EVENT_HANDLING: TrainArrivedEvent -> RetrofitWorkshopContext._handle_train_arrived
09:49:39 | INFO     | EVENT_HANDLED: TrainArrivedEvent by RetrofitWorkshopContext._handle_train_arrived
09:49:39 | INFO     | EVENT_PUBLISHED: TrainArrivedEvent | train=T68 | time=5039.8
09:49:39 | INFO     | EVENT_HANDLING: TrainArrivedEvent -> RetrofitWorkshopContext._handle_train_arrived
09:49:39 | INFO     | EVENT_HANDLED: TrainArrivedEvent by RetrofitWorkshopContext._handle_train_arrived
09:49:39 | INFO     | t=5047.0: RAKE[W9329,W12077] → COUPLING at WS_01 (1 couplings, 0.5 min)
09:49:39 | INFO     | t=5047.5: LOCO → Allocating for pickup from WS_01
09:49:39 | INFO     | t=5047.5: DISPATCHER → Task submitted: workshop_to_retrofitted (pending=3)
09:49:39 | INFO     | t=5047.5: DISPATCHER → Assigned loco LOCO_02 to workshop_to_retrofitted (waited 0.0 min, pending=2)
09:49:39 | INFO     | t=5047.5: LOCO[LOCO_02] → Allocated for pickup
09:49:39 | INFO     | t=5054.0: LOCO[LOCO_01] → DECOUPLING at parking15 (2.0 min)
09:49:39 | INFO     | t=5054.5: LOCO[LOCO_02] → TRAIN_PREP completed at WS_01 (2.0 min)
09:49:39 | INFO     | t=5056.0: RAKE[W10889,W11320,W5833,W6096] → DECOUPLING at parking15 (3 couplings, 1.5 min)
09:49:39 | INFO     | EVENT_PUBLISHED: TrainArrivedEvent | train=T69 | time=5059.2
09:49:39 | INFO     | EVENT_HANDLING: TrainArrivedEvent -> RetrofitWorkshopContext._handle_train_arrived
09:49:39 | INFO     | EVENT_HANDLED: TrainArrivedEvent by RetrofitWorkshopContext._handle_train_arrived
09:49:39 | INFO     | t=5059.5: BATCH → Putting 2 wagons on retrofitted track retrofitted
09:49:39 | INFO     | t=5059.5: WAGON[W9329] → Added to retrofitted track retrofitted
09:49:39 | INFO     | t=5059.5: WAGON[W12077] → Added to retrofitted track retrofitted
09:49:39 | INFO     | t=5064.5: WORKSHOP[WS_01] → Released, notifying 1 waiting processes
09:49:39 | INFO     | t=5064.5: WORKSHOP → Workshop became available
09:49:39 | INFO     | t=5064.5: WORKSHOP[WS_01] → Selected for batch
09:49:39 | INFO     | t=5064.5: WAGON[W8675] → Added to batch
09:49:39 | INFO     | t=5064.5: BATCH[W11723,W8675] → Formed 2 wagons for WS_01
09:49:39 | INFO     | t=5064.5: TRACK[retrofit] → Removed 2 wagons (49.5m freed)
09:49:39 | INFO     | t=5064.5: DISPATCHER → Task submitted: retrofit_to_workshop (pending=3)
09:49:39 | INFO     | t=5064.5: DISPATCHER → Assigned loco LOCO_02 to retrofit_to_workshop (waited 0.0 min, pending=2)
09:49:39 | INFO     | t=5064.5: RAKE[W11723,W8675] → COUPLING at retrofit (1 couplings, 2.0 min)
09:49:39 | INFO     | t=5064.5: WAGON[W1139] → Retrieved from retrofit queue
09:49:39 | INFO     | t=5064.5: WORKSHOP → No workshop available, waiting...
09:49:39 | INFO     | t=5071.5: LOCO[LOCO_02] → COUPLING at retrofit (2.0 min)
09:49:39 | INFO     | t=5073.0: RAKE[W11766,W7115] → COUPLING at WS_02 (1 couplings, 0.5 min)
09:49:39 | INFO     | t=5073.5: LOCO[LOCO_02] → SHUNTING_PREP at retrofit (1.0 min)
09:49:39 | INFO     | t=5073.5: LOCO → Allocating for pickup from WS_02
09:49:39 | INFO     | t=5073.5: DISPATCHER → Task submitted: workshop_to_retrofitted (pending=3)
09:49:39 | INFO     | t=5079.5: LOCO[LOCO_02] → DECOUPLING at WS_01 (3.0 min)
09:49:39 | INFO     | t=5082.5: RAKE[W11723,W8675] → DECOUPLING at WS_01 (1 couplings, 3.0 min)
09:49:39 | INFO     | t=5085.5: WAGON[W11723] → RETROFIT_STARTED at WS_01
09:49:39 | INFO     | t=5085.5: WAGON[W8675] → RETROFIT_STARTED at WS_01
09:49:39 | INFO     | t=5090.5: DISPATCHER → Assigned loco LOCO_02 to workshop_to_retrofitted (waited 17.0 min, pending=2)
09:49:39 | INFO     | t=5090.5: LOCO[LOCO_02] → Allocated for pickup
09:49:39 | INFO     | t=5097.5: LOCO[LOCO_02] → TRAIN_PREP completed at WS_02 (2.0 min)
09:49:39 | INFO     | t=5102.5: BATCH → Putting 2 wagons on retrofitted track retrofitted
09:49:39 | INFO     | t=5102.5: WAGON[W11766] → Added to retrofitted track retrofitted
09:49:39 | INFO     | t=5102.5: WAGON[W7115] → Added to retrofitted track retrofitted
09:49:39 | INFO     | t=5107.5: WORKSHOP[WS_02] → Released, notifying 1 waiting processes
09:49:39 | INFO     | t=5107.5: WORKSHOP → Workshop became available
09:49:39 | INFO     | t=5107.5: WORKSHOP[WS_02] → Selected for batch
09:49:39 | INFO     | t=5107.5: DISPATCHER → Assigned loco LOCO_02 to collection_to_retrofit (waited 170.5 min, pending=1)
09:49:39 | INFO     | t=5107.5: WAGON[W1149] → Added to batch
09:49:39 | INFO     | t=5107.5: BATCH[W1139,W1149] → Formed 2 wagons for WS_02
09:49:39 | INFO     | t=5107.5: TRACK[retrofit] → Removed 2 wagons (24.7m freed)
09:49:39 | INFO     | t=5107.5: DISPATCHER → Task submitted: retrofit_to_workshop (pending=2)
09:49:39 | INFO     | EVENT_PUBLISHED: TrainArrivedEvent | train=T70 | time=5107.8
09:49:39 | INFO     | EVENT_HANDLING: TrainArrivedEvent -> RetrofitWorkshopContext._handle_train_arrived
09:49:39 | INFO     | EVENT_HANDLED: TrainArrivedEvent by RetrofitWorkshopContext._handle_train_arrived
09:49:39 | INFO     | EVENT_PUBLISHED: TrainArrivedEvent | train=T71 | time=5111.8
09:49:39 | INFO     | EVENT_HANDLING: TrainArrivedEvent -> RetrofitWorkshopContext._handle_train_arrived
09:49:39 | INFO     | EVENT_HANDLED: TrainArrivedEvent by RetrofitWorkshopContext._handle_train_arrived
09:49:39 | INFO     | t=5117.5: LOCO[LOCO_01] → Releasing
09:49:39 | INFO     | t=5117.5: LOCO[LOCO_01] → Released
09:49:39 | INFO     | t=5117.5: PARKING → Got wagon W0874 from retrofitted
09:49:39 | INFO     | t=5117.5: DISPATCHER → Assigned loco LOCO_01 to retrofit_to_workshop (waited 10.0 min, pending=1)
09:49:39 | INFO     | t=5117.5: RAKE[W1139,W1149] → COUPLING at retrofit (1 couplings, 2.0 min)
09:49:39 | INFO     | t=5117.5: WAGON[W10706] → Retrieved from retrofit queue
09:49:39 | INFO     | t=5117.5: WORKSHOP → No workshop available, waiting...
09:49:39 | INFO     | t=5117.5: LOCO → Allocating for parking transport
09:49:39 | INFO     | t=5117.5: DISPATCHER → Task submitted: retrofitted_to_parking (pending=2)
09:49:39 | INFO     | t=5124.5: LOCO[LOCO_01] → COUPLING at retrofit (2.0 min)
09:49:39 | INFO     | t=5126.5: LOCO[LOCO_01] → SHUNTING_PREP at retrofit (1.0 min)
09:49:39 | INFO     | t=5132.5: LOCO[LOCO_01] → DECOUPLING at WS_02 (3.0 min)
09:49:39 | INFO     | t=5135.5: RAKE[W1139,W1149] → DECOUPLING at WS_02 (1 couplings, 3.0 min)
09:49:39 | INFO     | t=5138.5: WAGON[W1139] → RETROFIT_STARTED at WS_02
09:49:39 | INFO     | t=5138.5: WAGON[W1149] → RETROFIT_STARTED at WS_02
09:49:39 | INFO     | t=5143.5: DISPATCHER → Assigned loco LOCO_01 to collection_to_retrofit (waited 177.5 min, pending=1)
09:49:39 | INFO     | t=5145.5: RAKE[W11723,W8675] → COUPLING at WS_01 (1 couplings, 0.5 min)
09:49:39 | INFO     | t=5146.0: LOCO → Allocating for pickup from WS_01
09:49:39 | INFO     | t=5146.0: DISPATCHER → Task submitted: workshop_to_retrofitted (pending=2)
09:49:39 | INFO     | t=5167.5: LOCO[LOCO_02] → TRAIN_PREP at collection (coupling + prep, 9.0 min)
09:49:39 | INFO     | t=5198.5: RAKE[W1139,W1149] → COUPLING at WS_02 (1 couplings, 0.5 min)
09:49:39 | INFO     | t=5199.0: LOCO → Allocating for pickup from WS_02
09:49:39 | INFO     | t=5199.0: DISPATCHER → Task submitted: workshop_to_retrofitted (pending=3)
09:49:39 | INFO     | t=5203.5: LOCO[LOCO_01] → TRAIN_PREP at collection (coupling + prep, 5.0 min)
09:49:39 | INFO     | EVENT_PUBLISHED: TrainArrivedEvent | train=T72 | time=5203.8
09:49:39 | INFO     | EVENT_HANDLING: TrainArrivedEvent -> RetrofitWorkshopContext._handle_train_arrived
09:49:39 | INFO     | EVENT_HANDLED: TrainArrivedEvent by RetrofitWorkshopContext._handle_train_arrived
09:49:39 | INFO     | EVENT_PUBLISHED: TrainArrivedEvent | train=T73 | time=5221.5
09:49:39 | INFO     | EVENT_HANDLING: TrainArrivedEvent -> RetrofitWorkshopContext._handle_train_arrived
09:49:39 | INFO     | EVENT_HANDLED: TrainArrivedEvent by RetrofitWorkshopContext._handle_train_arrived
09:49:39 | INFO     | t=5236.5: LOCO[LOCO_02] → DECOUPLING at retrofit (12.0 min)
09:49:39 | INFO     | t=5248.5: RAKE[W1151,W1152,W5978,W5686] → DECOUPLING at retrofit (3 couplings, 9.0 min)
09:49:39 | INFO     | t=5262.5: DISPATCHER → Hold override for retrofitted_to_parking (waited 145.0 min >= max 45.0 min)
09:49:39 | INFO     | t=5262.5: DISPATCHER → Assigned loco LOCO_02 to workshop_to_retrofitted (waited 116.5 min, pending=2)
09:49:39 | INFO     | t=5262.5: DISPATCHER → Hold override for retrofitted_to_parking (waited 145.0 min >= max 45.0 min)
09:49:39 | INFO     | t=5262.5: LOCO[LOCO_02] → Allocated for pickup
09:49:39 | INFO     | t=5262.5: Batch size limited by retrofit capacity: 6 wagons (95.6m) fits, 15 waiting
09:49:39 | INFO     | t=5262.5: COLLECTION → Reserving retrofit track capacity for 6 wagons
09:49:39 | INFO     | t=5262.5: COLLECTION → Capacity reserved, allocating locomotive
09:49:39 | INFO     | t=5262.5: DISPATCHER → Task submitted: collection_to_retrofit (pending=3)
09:49:39 | INFO     | t=5268.5: LOCO[LOCO_01] → DECOUPLING at retrofit (6.0 min)
09:49:39 | INFO     | t=5269.5: LOCO[LOCO_02] → TRAIN_PREP completed at WS_01 (2.0 min)
09:49:39 | INFO     | t=5274.5: RAKE[W2737,W10081] → DECOUPLING at retrofit (1 couplings, 3.0 min)
09:49:39 | INFO     | t=5274.5: BATCH → Putting 2 wagons on retrofitted track retrofitted
09:49:39 | INFO     | t=5274.5: WAGON[W11723] → Added to retrofitted track retrofitted
09:49:39 | INFO     | t=5274.5: WAGON[W8675] → Added to retrofitted track retrofitted
09:49:39 | INFO     | t=5279.5: WORKSHOP[WS_01] → Released, notifying 1 waiting processes
09:49:39 | INFO     | t=5279.5: WORKSHOP → Workshop became available
09:49:39 | INFO     | t=5279.5: WORKSHOP[WS_01] → Selected for batch
09:49:39 | INFO     | t=5279.5: DISPATCHER → Hold override for retrofitted_to_parking (waited 162.0 min >= max 45.0 min)
09:49:39 | INFO     | t=5279.5: DISPATCHER → Assigned loco LOCO_02 to workshop_to_retrofitted (waited 80.5 min, pending=2)
09:49:39 | INFO     | t=5279.5: DISPATCHER → Hold override for retrofitted_to_parking (waited 162.0 min >= max 45.0 min)
09:49:39 | INFO     | t=5279.5: WAGON[W5446] → Added to batch
09:49:39 | INFO     | t=5279.5: BATCH[W10706,W5446] → Formed 2 wagons for WS_01
09:49:39 | INFO     | t=5279.5: LOCO[LOCO_02] → Allocated for pickup
09:49:39 | INFO     | t=5279.5: TRACK[retrofit] → Removed 2 wagons (30.4m freed)
09:49:39 | INFO     | t=5279.5: DISPATCHER → Task submitted: retrofit_to_workshop (pending=3)
09:49:39 | INFO     | t=5282.5: DISPATCHER → Hold override for retrofitted_to_parking (waited 165.0 min >= max 45.0 min)
09:49:39 | INFO     | t=5282.5: DISPATCHER → Assigned loco LOCO_01 to retrofit_to_workshop (waited 3.0 min, pending=2)
09:49:39 | INFO     | t=5282.5: DISPATCHER → Hold override for retrofitted_to_parking (waited 165.0 min >= max 45.0 min)
09:49:39 | INFO     | t=5282.5: Batch size limited by retrofit capacity: 2 wagons (36.5m) fits, 16 waiting
09:49:39 | INFO     | t=5282.5: RAKE[W10706,W5446] → COUPLING at retrofit (1 couplings, 2.0 min)
09:49:39 | INFO     | t=5282.5: COLLECTION → Reserving retrofit track capacity for 2 wagons
09:49:39 | INFO     | t=5282.5: WAGON[W10881] → Retrieved from retrofit queue
09:49:39 | INFO     | t=5282.5: WORKSHOP → No workshop available, waiting...
09:49:39 | INFO     | t=5282.5: COLLECTION → Capacity reserved, allocating locomotive
09:49:39 | INFO     | t=5282.5: DISPATCHER → Task submitted: collection_to_retrofit (pending=3)
09:49:39 | INFO     | t=5286.5: LOCO[LOCO_02] → TRAIN_PREP completed at WS_02 (2.0 min)
09:49:39 | INFO     | t=5289.5: LOCO[LOCO_01] → COUPLING at retrofit (2.0 min)
09:49:39 | INFO     | t=5291.5: BATCH → Putting 2 wagons on retrofitted track retrofitted
09:49:39 | INFO     | t=5291.5: LOCO[LOCO_01] → SHUNTING_PREP at retrofit (1.0 min)
09:49:39 | INFO     | t=5291.5: WAGON[W1139] → Added to retrofitted track retrofitted
09:49:39 | INFO     | t=5291.5: WAGON[W1149] → Added to retrofitted track retrofitted
09:49:39 | INFO     | t=5296.5: WORKSHOP[WS_02] → Released, notifying 1 waiting processes
09:49:39 | INFO     | t=5296.5: WORKSHOP → Workshop became available
09:49:39 | INFO     | t=5296.5: WORKSHOP[WS_02] → Selected for batch
09:49:39 | INFO     | t=5296.5: DISPATCHER → Hold override for retrofitted_to_parking (waited 179.0 min >= max 45.0 min)
09:49:39 | INFO     | t=5296.5: DISPATCHER → Assigned loco LOCO_02 to retrofitted_to_parking (waited 179.0 min, pending=2)
09:49:39 | INFO     | t=5296.5: WAGON[W10924] → Added to batch
09:49:39 | INFO     | t=5296.5: BATCH[W10881,W10924] → Formed 2 wagons for WS_02
09:49:39 | INFO     | t=5296.5: LOCO[LOCO_02] → Allocated for parking transport
09:49:39 | INFO     | t=5296.5: TRACK[retrofit] → Removed 2 wagons (27.1m freed)
09:49:39 | INFO     | t=5296.5: DISPATCHER → Task submitted: retrofit_to_workshop (pending=3)
09:49:39 | INFO     | t=5297.5: LOCO[LOCO_01] → DECOUPLING at WS_01 (3.0 min)
09:49:39 | INFO     | t=5300.5: RAKE[W10706,W5446] → DECOUPLING at WS_01 (1 couplings, 3.0 min)
09:49:39 | INFO     | t=5301.5: LOCO[LOCO_02] → TRAIN_PREP at retrofitted (coupling + prep, 6.0 min)
09:49:39 | INFO     | t=5303.5: WAGON[W10706] → RETROFIT_STARTED at WS_01
09:49:39 | INFO     | t=5303.5: WAGON[W5446] → RETROFIT_STARTED at WS_01
09:49:39 | INFO     | t=5308.5: DISPATCHER → Assigned loco LOCO_01 to retrofit_to_workshop (waited 12.0 min, pending=2)
09:49:39 | INFO     | t=5308.5: RAKE[W10881,W10924] → COUPLING at retrofit (1 couplings, 2.0 min)
09:49:39 | INFO     | t=5308.5: WAGON[W0678] → Retrieved from retrofit queue
09:49:39 | INFO     | t=5308.5: WORKSHOP → No workshop available, waiting...
09:49:39 | INFO     | t=5315.5: LOCO[LOCO_01] → COUPLING at retrofit (2.0 min)
09:49:39 | INFO     | t=5317.5: LOCO[LOCO_01] → SHUNTING_PREP at retrofit (1.0 min)
09:49:39 | INFO     | t=5323.5: LOCO[LOCO_01] → DECOUPLING at WS_02 (3.0 min)
09:49:39 | INFO     | t=5326.5: RAKE[W10881,W10924] → DECOUPLING at WS_02 (1 couplings, 3.0 min)
09:49:39 | INFO     | t=5329.5: WAGON[W10881] → RETROFIT_STARTED at WS_02
09:49:39 | INFO     | t=5329.5: WAGON[W10924] → RETROFIT_STARTED at WS_02
09:49:39 | INFO     | t=5363.5: RAKE[W10706,W5446] → COUPLING at WS_01 (1 couplings, 0.5 min)
09:49:39 | INFO     | t=5364.0: LOCO → Allocating for pickup from WS_01
09:49:39 | INFO     | t=5364.0: DISPATCHER → Task submitted: workshop_to_retrofitted (pending=3)
09:49:39 | INFO     | t=5364.0: DISPATCHER → Assigned loco LOCO_01 to workshop_to_retrofitted (waited 0.0 min, pending=2)
09:49:39 | INFO     | t=5364.0: LOCO[LOCO_01] → Allocated for pickup
09:49:39 | INFO     | t=5367.5: LOCO[LOCO_02] → DECOUPLING at parking12 (5.0 min)
09:49:39 | INFO     | t=5371.0: LOCO[LOCO_01] → TRAIN_PREP completed at WS_01 (2.0 min)
09:49:39 | INFO     | t=5372.5: RAKE[W0874,W10689,W5838,W11241,W2444,W1158,W9329,W12077,W11766,W7115] → DECOUPLING at parking12 (9 couplings, 4.5 min)
09:49:39 | INFO     | t=5376.0: BATCH → Putting 2 wagons on retrofitted track retrofitted
09:49:39 | INFO     | t=5376.0: WAGON[W10706] → Added to retrofitted track retrofitted
09:49:39 | INFO     | t=5376.0: WAGON[W5446] → Added to retrofitted track retrofitted
09:49:39 | INFO     | t=5381.0: WORKSHOP[WS_01] → Released, notifying 1 waiting processes
09:49:39 | INFO     | t=5381.0: WORKSHOP → Workshop became available
09:49:39 | INFO     | t=5381.0: WORKSHOP[WS_01] → Selected for batch
09:49:39 | INFO     | t=5381.0: WAGON[W4655] → Added to batch
09:49:39 | INFO     | t=5381.0: BATCH[W0678,W4655] → Formed 2 wagons for WS_01
09:49:39 | INFO     | t=5381.0: TRACK[retrofit] → Removed 2 wagons (50.9m freed)
09:49:39 | INFO     | t=5381.0: DISPATCHER → Task submitted: retrofit_to_workshop (pending=3)
09:49:39 | INFO     | t=5381.0: DISPATCHER → Assigned loco LOCO_01 to retrofit_to_workshop (waited 0.0 min, pending=2)
09:49:39 | INFO     | t=5381.0: RAKE[W0678,W4655] → COUPLING at retrofit (1 couplings, 2.0 min)
09:49:39 | INFO     | t=5381.0: WAGON[W1150] → Retrieved from retrofit queue
09:49:39 | INFO     | t=5381.0: WORKSHOP → No workshop available, waiting...
09:49:39 | INFO     | t=5388.0: LOCO[LOCO_01] → COUPLING at retrofit (2.0 min)
09:49:39 | INFO     | t=5389.5: RAKE[W10881,W10924] → COUPLING at WS_02 (1 couplings, 0.5 min)
09:49:39 | INFO     | t=5390.0: LOCO[LOCO_01] → SHUNTING_PREP at retrofit (1.0 min)
09:49:39 | INFO     | t=5390.0: LOCO → Allocating for pickup from WS_02
09:49:39 | INFO     | t=5390.0: DISPATCHER → Task submitted: workshop_to_retrofitted (pending=3)
09:49:39 | INFO     | t=5396.0: LOCO[LOCO_01] → DECOUPLING at WS_01 (3.0 min)
09:49:39 | INFO     | EVENT_PUBLISHED: TrainArrivedEvent | train=T74 | time=5397.8
09:49:39 | INFO     | EVENT_HANDLING: TrainArrivedEvent -> RetrofitWorkshopContext._handle_train_arrived
09:49:39 | INFO     | EVENT_HANDLED: TrainArrivedEvent by RetrofitWorkshopContext._handle_train_arrived
09:49:39 | INFO     | t=5399.0: RAKE[W0678,W4655] → DECOUPLING at WS_01 (1 couplings, 3.0 min)
09:49:39 | INFO     | t=5402.0: WAGON[W0678] → RETROFIT_STARTED at WS_01
09:49:39 | INFO     | t=5402.0: WAGON[W4655] → RETROFIT_STARTED at WS_01
09:49:39 | INFO     | EVENT_PUBLISHED: TrainArrivedEvent | train=T75 | time=5403.8
09:49:39 | INFO     | EVENT_HANDLING: TrainArrivedEvent -> RetrofitWorkshopContext._handle_train_arrived
09:49:39 | INFO     | EVENT_HANDLED: TrainArrivedEvent by RetrofitWorkshopContext._handle_train_arrived
09:49:39 | INFO     | t=5407.0: DISPATCHER → Assigned loco LOCO_01 to workshop_to_retrofitted (waited 17.0 min, pending=2)
09:49:39 | INFO     | t=5407.0: LOCO[LOCO_01] → Allocated for pickup
09:49:39 | INFO     | t=5414.0: LOCO[LOCO_01] → TRAIN_PREP completed at WS_02 (2.0 min)
09:49:39 | INFO     | t=5419.0: BATCH → Putting 2 wagons on retrofitted track retrofitted
09:49:39 | INFO     | t=5419.0: WAGON[W10881] → Added to retrofitted track retrofitted
09:49:39 | INFO     | t=5419.0: WAGON[W10924] → Added to retrofitted track retrofitted
09:49:39 | INFO     | t=5424.0: WORKSHOP[WS_02] → Released, notifying 1 waiting processes
09:49:39 | INFO     | t=5424.0: WORKSHOP → Workshop became available
09:49:39 | INFO     | t=5424.0: WORKSHOP[WS_02] → Selected for batch
09:49:39 | INFO     | t=5424.0: DISPATCHER → Assigned loco LOCO_01 to collection_to_retrofit (waited 161.5 min, pending=1)
09:49:39 | INFO     | t=5424.0: WAGON[W1151] → Added to batch
09:49:39 | INFO     | t=5424.0: BATCH[W1150,W1151] → Formed 2 wagons for WS_02
09:49:39 | INFO     | t=5424.0: TRACK[retrofit] → Removed 2 wagons (24.7m freed)
09:49:39 | INFO     | t=5424.0: DISPATCHER → Task submitted: retrofit_to_workshop (pending=2)
09:49:39 | INFO     | t=5437.0: LOCO[LOCO_02] → Releasing
09:49:39 | INFO     | t=5437.0: LOCO[LOCO_02] → Released
09:49:39 | INFO     | t=5437.0: PARKING → Got wagon W11723 from retrofitted
09:49:39 | INFO     | t=5437.0: DISPATCHER → Assigned loco LOCO_02 to retrofit_to_workshop (waited 13.0 min, pending=1)
09:49:39 | INFO     | t=5437.0: RAKE[W1150,W1151] → COUPLING at retrofit (1 couplings, 2.0 min)
09:49:39 | INFO     | t=5437.0: WAGON[W1152] → Retrieved from retrofit queue
09:49:39 | INFO     | t=5437.0: WORKSHOP → No workshop available, waiting...
09:49:39 | INFO     | t=5437.0: LOCO → Allocating for parking transport
09:49:39 | INFO     | t=5437.0: DISPATCHER → Task submitted: retrofitted_to_parking (pending=2)
09:49:39 | INFO     | t=5444.0: LOCO[LOCO_02] → COUPLING at retrofit (2.0 min)
09:49:39 | INFO     | t=5446.0: LOCO[LOCO_02] → SHUNTING_PREP at retrofit (1.0 min)
09:49:39 | INFO     | t=5452.0: LOCO[LOCO_02] → DECOUPLING at WS_02 (3.0 min)
09:49:39 | INFO     | t=5455.0: RAKE[W1150,W1151] → DECOUPLING at WS_02 (1 couplings, 3.0 min)
09:49:39 | INFO     | t=5458.0: WAGON[W1150] → RETROFIT_STARTED at WS_02
09:49:39 | INFO     | t=5458.0: WAGON[W1151] → RETROFIT_STARTED at WS_02
09:49:39 | INFO     | t=5462.0: RAKE[W0678,W4655] → COUPLING at WS_01 (1 couplings, 0.5 min)
09:49:39 | INFO     | t=5462.5: LOCO → Allocating for pickup from WS_01
09:49:39 | INFO     | t=5462.5: DISPATCHER → Task submitted: workshop_to_retrofitted (pending=3)
09:49:39 | INFO     | t=5463.0: DISPATCHER → Assigned loco LOCO_02 to workshop_to_retrofitted (waited 0.5 min, pending=2)
09:49:39 | INFO     | t=5463.0: LOCO[LOCO_02] → Allocated for pickup
09:49:39 | INFO     | EVENT_PUBLISHED: TrainArrivedEvent | train=T76 | time=5465.2
09:49:39 | INFO     | EVENT_HANDLING: TrainArrivedEvent -> RetrofitWorkshopContext._handle_train_arrived
09:49:39 | INFO     | EVENT_HANDLED: TrainArrivedEvent by RetrofitWorkshopContext._handle_train_arrived
09:49:39 | INFO     | t=5470.0: LOCO[LOCO_02] → TRAIN_PREP completed at WS_01 (2.0 min)
09:49:39 | INFO     | EVENT_PUBLISHED: TrainArrivedEvent | train=T77 | time=5470.2
09:49:39 | INFO     | EVENT_HANDLING: TrainArrivedEvent -> RetrofitWorkshopContext._handle_train_arrived
09:49:39 | INFO     | EVENT_HANDLED: TrainArrivedEvent by RetrofitWorkshopContext._handle_train_arrived
09:49:39 | INFO     | t=5475.0: BATCH → Putting 2 wagons on retrofitted track retrofitted
09:49:39 | INFO     | t=5475.0: WAGON[W0678] → Added to retrofitted track retrofitted
09:49:39 | INFO     | t=5475.0: WAGON[W4655] → Added to retrofitted track retrofitted
09:49:39 | INFO     | EVENT_PUBLISHED: TrainArrivedEvent | train=T78 | time=5477.2
09:49:39 | INFO     | EVENT_HANDLING: TrainArrivedEvent -> RetrofitWorkshopContext._handle_train_arrived
09:49:39 | INFO     | EVENT_HANDLED: TrainArrivedEvent by RetrofitWorkshopContext._handle_train_arrived
09:49:39 | INFO     | t=5480.0: WORKSHOP[WS_01] → Released, notifying 1 waiting processes
09:49:39 | INFO     | t=5480.0: WORKSHOP → Workshop became available
09:49:39 | INFO     | t=5480.0: WORKSHOP[WS_01] → Selected for batch
09:49:39 | INFO     | t=5480.0: DISPATCHER → Assigned loco LOCO_02 to collection_to_retrofit (waited 197.5 min, pending=1)
09:49:39 | INFO     | t=5480.0: WAGON[W5978] → Added to batch
09:49:39 | INFO     | t=5480.0: BATCH[W1152,W5978] → Formed 2 wagons for WS_01
09:49:39 | INFO     | t=5480.0: TRACK[retrofit] → Removed 2 wagons (26.6m freed)
09:49:39 | INFO     | t=5480.0: DISPATCHER → Task submitted: retrofit_to_workshop (pending=2)
09:49:39 | INFO     | t=5484.0: LOCO[LOCO_01] → TRAIN_PREP at collection (coupling + prep, 13.0 min)
09:49:39 | INFO     | EVENT_PUBLISHED: TrainArrivedEvent | train=T79 | time=5517.8
09:49:39 | INFO     | EVENT_HANDLING: TrainArrivedEvent -> RetrofitWorkshopContext._handle_train_arrived
09:49:39 | INFO     | EVENT_HANDLED: TrainArrivedEvent by RetrofitWorkshopContext._handle_train_arrived
09:49:39 | INFO     | t=5518.0: RAKE[W1150,W1151] → COUPLING at WS_02 (1 couplings, 0.5 min)
09:49:39 | INFO     | t=5518.5: LOCO → Allocating for pickup from WS_02
09:49:39 | INFO     | t=5518.5: DISPATCHER → Task submitted: workshop_to_retrofitted (pending=3)
09:49:39 | INFO     | t=5540.0: LOCO[LOCO_02] → TRAIN_PREP at collection (coupling + prep, 5.0 min)
09:49:39 | INFO     | EVENT_PUBLISHED: TrainArrivedEvent | train=T80 | time=5557.0
09:49:39 | INFO     | EVENT_HANDLING: TrainArrivedEvent -> RetrofitWorkshopContext._handle_train_arrived
09:49:39 | INFO     | EVENT_HANDLED: TrainArrivedEvent by RetrofitWorkshopContext._handle_train_arrived
09:49:39 | INFO     | t=5557.0: LOCO[LOCO_01] → DECOUPLING at retrofit (18.0 min)
09:49:39 | INFO     | EVENT_PUBLISHED: TrainArrivedEvent | train=T81 | time=5566.2
09:49:39 | INFO     | EVENT_HANDLING: TrainArrivedEvent -> RetrofitWorkshopContext._handle_train_arrived
09:49:39 | INFO     | EVENT_HANDLED: TrainArrivedEvent by RetrofitWorkshopContext._handle_train_arrived
09:49:39 | INFO     | t=5575.0: RAKE[W5403,W9401,W4793,W11718,W7261,W7263] → DECOUPLING at retrofit (5 couplings, 15.0 min)
09:49:39 | INFO     | t=5595.0: DISPATCHER → Hold override for retrofitted_to_parking (waited 158.0 min >= max 45.0 min)
09:49:39 | INFO     | t=5595.0: DISPATCHER → Assigned loco LOCO_01 to workshop_to_retrofitted (waited 76.5 min, pending=2)
09:49:39 | INFO     | t=5595.0: DISPATCHER → Hold override for retrofitted_to_parking (waited 158.0 min >= max 45.0 min)
09:49:39 | INFO     | t=5595.0: LOCO[LOCO_01] → Allocated for pickup
09:49:39 | INFO     | t=5595.0: Batch size limited by retrofit capacity: 8 wagons (134.8m) fits, 13 waiting
09:49:39 | INFO     | t=5595.0: COLLECTION → Reserving retrofit track capacity for 8 wagons
09:49:39 | INFO     | t=5595.0: COLLECTION → Capacity reserved, allocating locomotive
09:49:39 | INFO     | t=5595.0: DISPATCHER → Task submitted: collection_to_retrofit (pending=3)
09:49:39 | INFO     | t=5602.0: LOCO[LOCO_01] → TRAIN_PREP completed at WS_02 (2.0 min)
09:49:39 | INFO     | t=5605.0: LOCO[LOCO_02] → DECOUPLING at retrofit (6.0 min)
09:49:39 | INFO     | t=5607.0: BATCH → Putting 2 wagons on retrofitted track retrofitted
09:49:39 | INFO     | t=5607.0: WAGON[W1150] → Added to retrofitted track retrofitted
09:49:39 | INFO     | t=5607.0: WAGON[W1151] → Added to retrofitted track retrofitted
09:49:39 | INFO     | t=5611.0: RAKE[W7253,W2971] → DECOUPLING at retrofit (1 couplings, 3.0 min)
09:49:39 | INFO     | t=5612.0: WORKSHOP[WS_02] → Released, notifying 0 waiting processes
09:49:39 | INFO     | t=5612.0: DISPATCHER → Hold override for retrofitted_to_parking (waited 175.0 min >= max 45.0 min)
09:49:39 | INFO     | t=5612.0: DISPATCHER → Assigned loco LOCO_01 to retrofit_to_workshop (waited 132.0 min, pending=2)
09:49:39 | INFO     | t=5612.0: DISPATCHER → Hold override for retrofitted_to_parking (waited 175.0 min >= max 45.0 min)
09:49:39 | INFO     | t=5612.0: RAKE[W1152,W5978] → COUPLING at retrofit (1 couplings, 2.0 min)
09:49:39 | INFO     | t=5612.0: WAGON[W5686] → Retrieved from retrofit queue
09:49:39 | INFO     | t=5612.0: WORKSHOP[WS_02] → Selected for batch
09:49:39 | INFO     | t=5612.0: WAGON[W2737] → Added to batch
09:49:39 | INFO     | t=5612.0: BATCH[W5686,W2737] → Formed 2 wagons for WS_02
09:49:39 | INFO     | t=5612.0: TRACK[retrofit] → Removed 2 wagons (37.9m freed)
09:49:39 | INFO     | t=5612.0: DISPATCHER → Task submitted: retrofit_to_workshop (pending=3)
09:49:39 | INFO     | t=5619.0: LOCO[LOCO_01] → COUPLING at retrofit (2.0 min)
09:49:39 | INFO     | t=5619.0: Batch size limited by retrofit capacity: 1 wagons (29.6m) fits, 17 waiting
09:49:39 | INFO     | t=5619.0: DISPATCHER → Hold override for retrofitted_to_parking (waited 182.0 min >= max 45.0 min)
09:49:39 | INFO     | t=5619.0: DISPATCHER → Assigned loco LOCO_02 to retrofit_to_workshop (waited 7.0 min, pending=2)
09:49:39 | INFO     | t=5619.0: DISPATCHER → Hold override for retrofitted_to_parking (waited 182.0 min >= max 45.0 min)
09:49:39 | INFO     | t=5619.0: COLLECTION → Reserving retrofit track capacity for 1 wagons
09:49:39 | INFO     | t=5619.0: RAKE[W5686,W2737] → COUPLING at retrofit (1 couplings, 2.0 min)
09:49:40 | INFO     | t=5619.0: COLLECTION → Capacity reserved, allocating locomotive
09:49:40 | INFO     | t=5619.0: DISPATCHER → Task submitted: collection_to_retrofit (pending=3)
09:49:40 | INFO     | t=5619.0: WAGON[W10081] → Retrieved from retrofit queue
09:49:40 | INFO     | t=5619.0: WORKSHOP → No workshop available, waiting...
09:49:40 | INFO     | t=5621.0: LOCO[LOCO_01] → SHUNTING_PREP at retrofit (1.0 min)
09:49:40 | INFO     | t=5626.0: LOCO[LOCO_02] → COUPLING at retrofit (2.0 min)
09:49:40 | INFO     | t=5627.0: LOCO[LOCO_01] → DECOUPLING at WS_01 (3.0 min)
09:49:40 | INFO     | t=5628.0: LOCO[LOCO_02] → SHUNTING_PREP at retrofit (1.0 min)
09:49:40 | INFO     | t=5630.0: RAKE[W1152,W5978] → DECOUPLING at WS_01 (1 couplings, 3.0 min)
09:49:40 | INFO     | t=5633.0: WAGON[W1152] → RETROFIT_STARTED at WS_01
09:49:40 | INFO     | t=5633.0: WAGON[W5978] → RETROFIT_STARTED at WS_01
09:49:40 | INFO     | t=5634.0: LOCO[LOCO_02] → DECOUPLING at WS_02 (3.0 min)
09:49:40 | INFO     | t=5637.0: RAKE[W5686,W2737] → DECOUPLING at WS_02 (1 couplings, 3.0 min)
09:49:40 | INFO     | t=5638.0: DISPATCHER → Hold override for retrofitted_to_parking (waited 201.0 min >= max 45.0 min)
09:49:40 | INFO     | t=5638.0: DISPATCHER → Assigned loco LOCO_01 to retrofitted_to_parking (waited 201.0 min, pending=2)
09:49:40 | INFO     | t=5638.0: LOCO[LOCO_01] → Allocated for parking transport
09:49:40 | INFO     | t=5640.0: WAGON[W5686] → RETROFIT_STARTED at WS_02
09:49:40 | INFO     | t=5640.0: WAGON[W2737] → RETROFIT_STARTED at WS_02
09:49:40 | INFO     | t=5643.0: LOCO[LOCO_01] → TRAIN_PREP at retrofitted (coupling + prep, 5.0 min)
09:49:40 | INFO     | t=5693.0: RAKE[W1152,W5978] → COUPLING at WS_01 (1 couplings, 0.5 min)
09:49:40 | INFO     | t=5693.5: LOCO → Allocating for pickup from WS_01
09:49:40 | INFO     | t=5693.5: DISPATCHER → Task submitted: workshop_to_retrofitted (pending=3)
09:49:40 | INFO     | t=5693.5: DISPATCHER → Assigned loco LOCO_02 to workshop_to_retrofitted (waited 0.0 min, pending=2)
09:49:40 | INFO     | t=5693.5: LOCO[LOCO_02] → Allocated for pickup
09:49:40 | INFO     | t=5700.0: RAKE[W5686,W2737] → COUPLING at WS_02 (1 couplings, 0.5 min)
09:49:40 | INFO     | t=5700.5: LOCO[LOCO_02] → TRAIN_PREP completed at WS_01 (2.0 min)
09:49:40 | INFO     | t=5700.5: LOCO → Allocating for pickup from WS_02
09:49:40 | INFO     | t=5700.5: DISPATCHER → Task submitted: workshop_to_retrofitted (pending=3)
09:49:40 | INFO     | t=5705.5: BATCH → Putting 2 wagons on retrofitted track retrofitted
09:49:40 | INFO     | t=5705.5: WAGON[W1152] → Added to retrofitted track retrofitted
09:49:40 | INFO     | t=5705.5: WAGON[W5978] → Added to retrofitted track retrofitted
09:49:40 | INFO     | t=5710.5: WORKSHOP[WS_01] → Released, notifying 1 waiting processes
09:49:40 | INFO     | t=5710.5: WORKSHOP → Workshop became available
09:49:40 | INFO     | t=5710.5: WORKSHOP[WS_01] → Selected for batch
09:49:40 | INFO     | t=5710.5: DISPATCHER → Assigned loco LOCO_02 to workshop_to_retrofitted (waited 10.0 min, pending=2)
09:49:40 | INFO     | t=5710.5: WAGON[W5403] → Added to batch
09:49:40 | INFO     | t=5710.5: BATCH[W10081,W5403] → Formed 2 wagons for WS_01
09:49:40 | INFO     | t=5710.5: LOCO[LOCO_02] → Allocated for pickup
09:49:40 | INFO     | t=5710.5: TRACK[retrofit] → Removed 2 wagons (28.9m freed)
09:49:40 | INFO     | t=5710.5: DISPATCHER → Task submitted: retrofit_to_workshop (pending=3)
09:49:40 | INFO     | t=5717.5: LOCO[LOCO_02] → TRAIN_PREP completed at WS_02 (2.0 min)
09:49:40 | INFO     | t=5722.5: BATCH → Putting 2 wagons on retrofitted track retrofitted
09:49:40 | INFO     | t=5722.5: WAGON[W5686] → Added to retrofitted track retrofitted
09:49:40 | INFO     | t=5722.5: WAGON[W2737] → Added to retrofitted track retrofitted
09:49:40 | INFO     | t=5723.0: LOCO[LOCO_01] → DECOUPLING at parking14 (4.0 min)
09:49:40 | INFO     | EVENT_PUBLISHED: TrainArrivedEvent | train=T82 | time=5724.0
09:49:40 | INFO     | EVENT_HANDLING: TrainArrivedEvent -> RetrofitWorkshopContext._handle_train_arrived
09:49:40 | INFO     | EVENT_HANDLED: TrainArrivedEvent by RetrofitWorkshopContext._handle_train_arrived
09:49:40 | INFO     | t=5727.0: RAKE[W11723,W8675,W1139,W1149,W10706,W5446,W10881,W10924] → DECOUPLING at parking14 (7 couplings, 3.5 min)
09:49:40 | INFO     | t=5727.5: WORKSHOP[WS_02] → Released, notifying 0 waiting processes
09:49:40 | INFO     | t=5727.5: DISPATCHER → Assigned loco LOCO_02 to retrofit_to_workshop (waited 17.0 min, pending=2)
09:49:40 | INFO     | t=5727.5: RAKE[W10081,W5403] → COUPLING at retrofit (1 couplings, 2.0 min)
09:49:40 | INFO     | t=5727.5: WAGON[W9401] → Retrieved from retrofit queue
09:49:40 | INFO     | t=5727.5: WORKSHOP[WS_02] → Selected for batch
09:49:40 | INFO     | t=5727.5: WAGON[W4793] → Added to batch
09:49:40 | INFO     | t=5727.5: BATCH[W9401,W4793] → Formed 2 wagons for WS_02
09:49:40 | INFO     | t=5727.5: TRACK[retrofit] → Removed 2 wagons (26.4m freed)
09:49:40 | INFO     | t=5727.5: DISPATCHER → Task submitted: retrofit_to_workshop (pending=3)
09:49:40 | INFO     | t=5734.5: LOCO[LOCO_02] → COUPLING at retrofit (2.0 min)
09:49:40 | INFO     | t=5736.5: LOCO[LOCO_02] → SHUNTING_PREP at retrofit (1.0 min)
09:49:40 | INFO     | t=5742.5: LOCO[LOCO_02] → DECOUPLING at WS_01 (3.0 min)
09:49:40 | INFO     | t=5745.5: RAKE[W10081,W5403] → DECOUPLING at WS_01 (1 couplings, 3.0 min)
09:49:40 | INFO     | t=5748.5: WAGON[W10081] → RETROFIT_STARTED at WS_01
09:49:40 | INFO     | t=5748.5: WAGON[W5403] → RETROFIT_STARTED at WS_01
09:49:40 | INFO     | t=5753.5: DISPATCHER → Assigned loco LOCO_02 to retrofit_to_workshop (waited 26.0 min, pending=2)
09:49:40 | INFO     | t=5753.5: RAKE[W9401,W4793] → COUPLING at retrofit (1 couplings, 2.0 min)
09:49:40 | INFO     | t=5753.5: WAGON[W11718] → Retrieved from retrofit queue
09:49:40 | INFO     | t=5753.5: WORKSHOP → No workshop available, waiting...
09:49:40 | INFO     | EVENT_PUBLISHED: TrainArrivedEvent | train=T83 | time=5758.0
09:49:40 | INFO     | EVENT_HANDLING: TrainArrivedEvent -> RetrofitWorkshopContext._handle_train_arrived
09:49:40 | INFO     | EVENT_HANDLED: TrainArrivedEvent by RetrofitWorkshopContext._handle_train_arrived
09:49:40 | INFO     | t=5760.5: LOCO[LOCO_02] → COUPLING at retrofit (2.0 min)
09:49:40 | INFO     | t=5762.5: LOCO[LOCO_02] → SHUNTING_PREP at retrofit (1.0 min)
09:49:40 | INFO     | EVENT_PUBLISHED: TrainArrivedEvent | train=T84 | time=5768.0
09:49:40 | INFO     | EVENT_HANDLING: TrainArrivedEvent -> RetrofitWorkshopContext._handle_train_arrived
09:49:40 | INFO     | EVENT_HANDLED: TrainArrivedEvent by RetrofitWorkshopContext._handle_train_arrived
09:49:40 | INFO     | t=5768.5: LOCO[LOCO_02] → DECOUPLING at WS_02 (3.0 min)
09:49:40 | INFO     | t=5771.5: RAKE[W9401,W4793] → DECOUPLING at WS_02 (1 couplings, 3.0 min)
09:49:40 | INFO     | t=5774.5: WAGON[W9401] → RETROFIT_STARTED at WS_02
09:49:40 | INFO     | t=5774.5: WAGON[W4793] → RETROFIT_STARTED at WS_02
09:49:40 | INFO     | EVENT_PUBLISHED: TrainArrivedEvent | train=T85 | time=5775.2
09:49:40 | INFO     | EVENT_HANDLING: TrainArrivedEvent -> RetrofitWorkshopContext._handle_train_arrived
09:49:40 | INFO     | EVENT_HANDLED: TrainArrivedEvent by RetrofitWorkshopContext._handle_train_arrived
09:49:40 | INFO     | t=5779.5: DISPATCHER → Assigned loco LOCO_02 to collection_to_retrofit (waited 184.5 min, pending=1)
09:49:40 | INFO     | t=5790.5: LOCO[LOCO_01] → Releasing
09:49:40 | INFO     | t=5790.5: LOCO[LOCO_01] → Released
09:49:40 | INFO     | t=5790.5: PARKING → Got wagon W0678 from retrofitted
09:49:40 | INFO     | t=5790.5: DISPATCHER → Assigned loco LOCO_01 to collection_to_retrofit (waited 171.5 min, pending=0)
09:49:40 | INFO     | t=5790.5: LOCO → Allocating for parking transport
09:49:40 | INFO     | t=5790.5: DISPATCHER → Task submitted: retrofitted_to_parking (pending=1)
09:49:40 | INFO     | t=5808.5: RAKE[W10081,W5403] → COUPLING at WS_01 (1 couplings, 0.5 min)
09:49:40 | INFO     | t=5809.0: LOCO → Allocating for pickup from WS_01
09:49:40 | INFO     | t=5809.0: DISPATCHER → Task submitted: workshop_to_retrofitted (pending=2)
09:49:40 | INFO     | EVENT_PUBLISHED: TrainArrivedEvent | train=T86 | time=5822.2
09:49:40 | INFO     | EVENT_HANDLING: TrainArrivedEvent -> RetrofitWorkshopContext._handle_train_arrived
09:49:40 | INFO     | EVENT_HANDLED: TrainArrivedEvent by RetrofitWorkshopContext._handle_train_arrived
09:49:40 | INFO     | t=5834.5: RAKE[W9401,W4793] → COUPLING at WS_02 (1 couplings, 0.5 min)
09:49:40 | INFO     | t=5835.0: LOCO → Allocating for pickup from WS_02
09:49:40 | INFO     | t=5835.0: DISPATCHER → Task submitted: workshop_to_retrofitted (pending=3)
09:49:40 | INFO     | t=5839.5: LOCO[LOCO_02] → TRAIN_PREP at collection (coupling + prep, 17.0 min)
09:49:40 | INFO     | EVENT_PUBLISHED: TrainArrivedEvent | train=T87 | time=5850.2
09:49:40 | INFO     | EVENT_HANDLING: TrainArrivedEvent -> RetrofitWorkshopContext._handle_train_arrived
09:49:40 | INFO     | EVENT_HANDLED: TrainArrivedEvent by RetrofitWorkshopContext._handle_train_arrived
09:49:40 | INFO     | t=5850.5: LOCO[LOCO_01] → TRAIN_PREP at collection (coupling + prep, 3.0 min)
09:49:40 | INFO     | EVENT_PUBLISHED: TrainArrivedEvent | train=T88 | time=5903.5
09:49:40 | INFO     | EVENT_HANDLING: TrainArrivedEvent -> RetrofitWorkshopContext._handle_train_arrived
09:49:40 | INFO     | EVENT_HANDLED: TrainArrivedEvent by RetrofitWorkshopContext._handle_train_arrived
09:49:40 | INFO     | t=5913.5: LOCO[LOCO_01] → DECOUPLING at retrofit (3.0 min)
09:49:40 | INFO     | t=5916.5: LOCO[LOCO_02] → DECOUPLING at retrofit (24.0 min)
09:49:40 | INFO     | t=5916.5: RAKE[W0607] → DECOUPLING at retrofit (0 couplings, 0.0 min)
09:49:40 | INFO     | t=5921.5: DISPATCHER → Hold override for retrofitted_to_parking (waited 131.0 min >= max 45.0 min)
09:49:40 | INFO     | t=5921.5: DISPATCHER → Assigned loco LOCO_01 to workshop_to_retrofitted (waited 112.5 min, pending=2)
09:49:40 | INFO     | t=5921.5: DISPATCHER → Hold override for retrofitted_to_parking (waited 131.0 min >= max 45.0 min)
09:49:40 | INFO     | t=5921.5: LOCO[LOCO_01] → Allocated for pickup
09:49:40 | INFO     | t=5921.5: Batch size limited by retrofit capacity: 3 wagons (53.2m) fits, 15 waiting
09:49:40 | INFO     | t=5921.5: COLLECTION → Reserving retrofit track capacity for 3 wagons
09:49:40 | INFO     | t=5921.5: COLLECTION → Capacity reserved, allocating locomotive
09:49:40 | INFO     | t=5921.5: DISPATCHER → Task submitted: collection_to_retrofit (pending=3)
09:49:40 | INFO     | EVENT_PUBLISHED: TrainArrivedEvent | train=T89 | time=5923.8
09:49:40 | INFO     | EVENT_HANDLING: TrainArrivedEvent -> RetrofitWorkshopContext._handle_train_arrived
09:49:40 | INFO     | EVENT_HANDLED: TrainArrivedEvent by RetrofitWorkshopContext._handle_train_arrived
09:49:40 | INFO     | t=5928.5: LOCO[LOCO_01] → TRAIN_PREP completed at WS_01 (2.0 min)
09:49:40 | INFO     | t=5933.5: BATCH → Putting 2 wagons on retrofitted track retrofitted
09:49:40 | INFO     | t=5933.5: WAGON[W10081] → Added to retrofitted track retrofitted
09:49:40 | INFO     | t=5933.5: WAGON[W5403] → Added to retrofitted track retrofitted
09:49:40 | INFO     | t=5938.5: WORKSHOP[WS_01] → Released, notifying 1 waiting processes
09:49:40 | INFO     | t=5938.5: WORKSHOP → Workshop became available
09:49:40 | INFO     | t=5938.5: WORKSHOP[WS_01] → Selected for batch
09:49:40 | INFO     | t=5938.5: DISPATCHER → Hold override for retrofitted_to_parking (waited 148.0 min >= max 45.0 min)
09:49:40 | INFO     | t=5938.5: DISPATCHER → Assigned loco LOCO_01 to workshop_to_retrofitted (waited 103.5 min, pending=2)
09:49:40 | INFO     | t=5938.5: DISPATCHER → Hold override for retrofitted_to_parking (waited 148.0 min >= max 45.0 min)
09:49:40 | INFO     | t=5938.5: WAGON[W7261] → Added to batch
09:49:40 | INFO     | t=5938.5: BATCH[W11718,W7261] → Formed 2 wagons for WS_01
09:49:40 | INFO     | t=5938.5: LOCO[LOCO_01] → Allocated for pickup
09:49:40 | INFO     | t=5938.5: TRACK[retrofit] → Removed 2 wagons (39.5m freed)
09:49:40 | INFO     | t=5938.5: DISPATCHER → Task submitted: retrofit_to_workshop (pending=3)
09:49:40 | INFO     | t=5940.5: RAKE[W6339,W3618,W7252,W6352,W10321,W7155,W9959,W8705] → DECOUPLING at retrofit (7 couplings, 21.0 min)
09:49:40 | INFO     | t=5945.5: LOCO[LOCO_01] → TRAIN_PREP completed at WS_02 (2.0 min)
09:49:40 | INFO     | t=5950.5: BATCH → Putting 2 wagons on retrofitted track retrofitted
09:49:40 | INFO     | t=5950.5: WAGON[W9401] → Added to retrofitted track retrofitted
09:49:40 | INFO     | t=5950.5: WAGON[W4793] → Added to retrofitted track retrofitted
09:49:40 | INFO     | t=5955.5: WORKSHOP[WS_02] → Released, notifying 0 waiting processes
09:49:40 | INFO     | t=5955.5: DISPATCHER → Hold override for retrofitted_to_parking (waited 165.0 min >= max 45.0 min)
09:49:40 | INFO     | t=5955.5: DISPATCHER → Assigned loco LOCO_01 to retrofit_to_workshop (waited 17.0 min, pending=2)
09:49:40 | INFO     | t=5955.5: DISPATCHER → Hold override for retrofitted_to_parking (waited 165.0 min >= max 45.0 min)
09:49:40 | INFO     | t=5955.5: RAKE[W11718,W7261] → COUPLING at retrofit (1 couplings, 2.0 min)
09:49:40 | INFO     | t=5955.5: WAGON[W7263] → Retrieved from retrofit queue
09:49:40 | INFO     | t=5955.5: WORKSHOP[WS_02] → Selected for batch
09:49:40 | INFO     | t=5955.5: WAGON[W7253] → Added to batch
09:49:40 | INFO     | t=5955.5: BATCH[W7263,W7253] → Formed 2 wagons for WS_02
09:49:40 | INFO     | t=5955.5: TRACK[retrofit] → Removed 2 wagons (26.5m freed)
09:49:40 | INFO     | t=5955.5: DISPATCHER → Task submitted: retrofit_to_workshop (pending=3)
09:49:40 | INFO     | t=5962.5: LOCO[LOCO_01] → COUPLING at retrofit (2.0 min)
09:49:40 | INFO     | t=5964.5: LOCO[LOCO_01] → SHUNTING_PREP at retrofit (1.0 min)
09:49:40 | INFO     | t=5966.5: DISPATCHER → Hold override for retrofitted_to_parking (waited 176.0 min >= max 45.0 min)
09:49:40 | INFO     | t=5966.5: DISPATCHER → Assigned loco LOCO_02 to retrofit_to_workshop (waited 11.0 min, pending=2)
09:49:40 | INFO     | t=5966.5: DISPATCHER → Hold override for retrofitted_to_parking (waited 176.0 min >= max 45.0 min)
09:49:40 | INFO     | t=5966.5: RAKE[W7263,W7253] → COUPLING at retrofit (1 couplings, 2.0 min)
09:49:40 | INFO     | t=5966.5: WAGON[W2971] → Retrieved from retrofit queue
09:49:40 | INFO     | t=5966.5: WORKSHOP → No workshop available, waiting...
09:49:40 | INFO     | t=5966.5: Batch size limited by retrofit capacity: 4 wagons (73.6m) fits, 15 waiting
09:49:40 | INFO     | t=5966.5: COLLECTION → Reserving retrofit track capacity for 4 wagons
09:49:40 | INFO     | t=5966.5: COLLECTION → Capacity reserved, allocating locomotive
09:49:40 | INFO     | t=5966.5: DISPATCHER → Task submitted: collection_to_retrofit (pending=3)
09:49:40 | INFO     | t=5970.5: LOCO[LOCO_01] → DECOUPLING at WS_01 (3.0 min)
09:49:40 | INFO     | t=5973.5: LOCO[LOCO_02] → COUPLING at retrofit (2.0 min)
09:49:40 | INFO     | t=5973.5: RAKE[W11718,W7261] → DECOUPLING at WS_01 (1 couplings, 3.0 min)
09:49:40 | INFO     | t=5975.5: LOCO[LOCO_02] → SHUNTING_PREP at retrofit (1.0 min)
09:49:40 | INFO     | t=5976.5: WAGON[W11718] → RETROFIT_STARTED at WS_01
09:49:40 | INFO     | t=5976.5: WAGON[W7261] → RETROFIT_STARTED at WS_01
09:49:40 | INFO     | t=5981.5: LOCO[LOCO_02] → DECOUPLING at WS_02 (3.0 min)
09:49:40 | INFO     | t=5981.5: DISPATCHER → Hold override for retrofitted_to_parking (waited 191.0 min >= max 45.0 min)
09:49:40 | INFO     | t=5981.5: DISPATCHER → Assigned loco LOCO_01 to retrofitted_to_parking (waited 191.0 min, pending=2)
09:49:40 | INFO     | t=5981.5: LOCO[LOCO_01] → Allocated for parking transport
09:49:40 | INFO     | t=5984.5: RAKE[W7263,W7253] → DECOUPLING at WS_02 (1 couplings, 3.0 min)
09:49:40 | INFO     | t=5986.5: LOCO[LOCO_01] → TRAIN_PREP at retrofitted (coupling + prep, 5.0 min)
09:49:40 | INFO     | t=5987.5: WAGON[W7263] → RETROFIT_STARTED at WS_02
09:49:40 | INFO     | t=5987.5: WAGON[W7253] → RETROFIT_STARTED at WS_02
09:49:40 | INFO     | t=6036.5: RAKE[W11718,W7261] → COUPLING at WS_01 (1 couplings, 0.5 min)
09:49:40 | INFO     | t=6037.0: LOCO → Allocating for pickup from WS_01
09:49:40 | INFO     | t=6037.0: DISPATCHER → Task submitted: workshop_to_retrofitted (pending=3)
09:49:40 | INFO     | t=6037.0: DISPATCHER → Assigned loco LOCO_02 to workshop_to_retrofitted (waited 0.0 min, pending=2)
09:49:40 | INFO     | t=6037.0: LOCO[LOCO_02] → Allocated for pickup
09:49:40 | INFO     | t=6044.0: LOCO[LOCO_02] → TRAIN_PREP completed at WS_01 (2.0 min)
09:49:40 | INFO     | t=6047.5: RAKE[W7263,W7253] → COUPLING at WS_02 (1 couplings, 0.5 min)
09:49:40 | INFO     | t=6048.0: LOCO → Allocating for pickup from WS_02
09:49:40 | INFO     | t=6048.0: DISPATCHER → Task submitted: workshop_to_retrofitted (pending=3)
09:49:40 | INFO     | t=6049.0: BATCH → Putting 2 wagons on retrofitted track retrofitted
09:49:40 | INFO     | t=6049.0: WAGON[W11718] → Added to retrofitted track retrofitted
09:49:40 | INFO     | t=6049.0: WAGON[W7261] → Added to retrofitted track retrofitted
09:49:40 | INFO     | t=6054.0: WORKSHOP[WS_01] → Released, notifying 1 waiting processes
09:49:40 | INFO     | t=6054.0: WORKSHOP → Workshop became available
09:49:40 | INFO     | t=6054.0: WORKSHOP[WS_01] → Selected for batch
09:49:40 | INFO     | t=6054.0: DISPATCHER → Assigned loco LOCO_02 to workshop_to_retrofitted (waited 6.0 min, pending=2)
09:49:40 | INFO     | t=6054.0: WAGON[W0607] → Added to batch
09:49:40 | INFO     | t=6054.0: BATCH[W2971,W0607] → Formed 2 wagons for WS_01
09:49:40 | INFO     | t=6054.0: LOCO[LOCO_02] → Allocated for pickup
09:49:40 | INFO     | t=6054.0: TRACK[retrofit] → Removed 2 wagons (52.8m freed)
09:49:40 | INFO     | t=6054.0: DISPATCHER → Task submitted: retrofit_to_workshop (pending=3)
09:49:40 | INFO     | t=6061.0: LOCO[LOCO_02] → TRAIN_PREP completed at WS_02 (2.0 min)
09:49:40 | INFO     | t=6066.0: BATCH → Putting 2 wagons on retrofitted track retrofitted
09:49:40 | INFO     | t=6066.0: WAGON[W7263] → Added to retrofitted track retrofitted
09:49:40 | INFO     | t=6066.0: WAGON[W7253] → Added to retrofitted track retrofitted
09:49:40 | INFO     | EVENT_PUBLISHED: TrainArrivedEvent | train=T90 | time=6067.5
09:49:40 | INFO     | EVENT_HANDLING: TrainArrivedEvent -> RetrofitWorkshopContext._handle_train_arrived
09:49:40 | INFO     | EVENT_HANDLED: TrainArrivedEvent by RetrofitWorkshopContext._handle_train_arrived
09:49:40 | INFO     | t=6071.0: WORKSHOP[WS_02] → Released, notifying 0 waiting processes
09:49:40 | INFO     | t=6071.0: DISPATCHER → Assigned loco LOCO_02 to retrofit_to_workshop (waited 17.0 min, pending=2)
09:49:40 | INFO     | t=6071.0: RAKE[W2971,W0607] → COUPLING at retrofit (1 couplings, 2.0 min)
09:49:40 | INFO     | t=6071.0: WAGON[W6339] → Retrieved from retrofit queue
09:49:40 | INFO     | t=6071.0: WORKSHOP[WS_02] → Selected for batch
09:49:40 | INFO     | t=6071.0: WAGON[W3618] → Added to batch
09:49:40 | INFO     | t=6071.0: BATCH[W6339,W3618] → Formed 2 wagons for WS_02
09:49:40 | INFO     | t=6071.0: TRACK[retrofit] → Removed 2 wagons (33.9m freed)
09:49:40 | INFO     | t=6071.0: DISPATCHER → Task submitted: retrofit_to_workshop (pending=3)
09:49:40 | INFO     | t=6078.0: LOCO[LOCO_02] → COUPLING at retrofit (2.0 min)
09:49:40 | INFO     | t=6080.0: LOCO[LOCO_02] → SHUNTING_PREP at retrofit (1.0 min)
09:49:40 | INFO     | t=6086.0: LOCO[LOCO_02] → DECOUPLING at WS_01 (3.0 min)
09:49:40 | INFO     | t=6089.0: RAKE[W2971,W0607] → DECOUPLING at WS_01 (1 couplings, 3.0 min)
09:49:40 | INFO     | t=6092.0: WAGON[W2971] → RETROFIT_STARTED at WS_01
09:49:40 | INFO     | t=6092.0: WAGON[W0607] → RETROFIT_STARTED at WS_01
09:49:40 | INFO     | t=6097.0: DISPATCHER → Assigned loco LOCO_02 to retrofit_to_workshop (waited 26.0 min, pending=2)
09:49:40 | INFO     | t=6097.0: RAKE[W6339,W3618] → COUPLING at retrofit (1 couplings, 2.0 min)
09:49:40 | INFO     | t=6097.0: WAGON[W7252] → Retrieved from retrofit queue
09:49:40 | INFO     | t=6097.0: WORKSHOP → No workshop available, waiting...
09:49:40 | INFO     | t=6104.0: LOCO[LOCO_02] → COUPLING at retrofit (2.0 min)
09:49:40 | INFO     | t=6106.0: LOCO[LOCO_02] → SHUNTING_PREP at retrofit (1.0 min)
09:49:40 | INFO     | t=6111.5: LOCO[LOCO_01] → DECOUPLING at parking16 (4.0 min)
09:49:40 | INFO     | t=6112.0: LOCO[LOCO_02] → DECOUPLING at WS_02 (3.0 min)
09:49:40 | INFO     | t=6115.0: RAKE[W6339,W3618] → DECOUPLING at WS_02 (1 couplings, 3.0 min)
09:49:40 | INFO     | t=6115.5: RAKE[W0678,W4655,W1150,W1151,W1152,W5978,W5686,W2737] → DECOUPLING at parking16 (7 couplings, 3.5 min)
09:49:40 | INFO     | t=6118.0: WAGON[W6339] → RETROFIT_STARTED at WS_02
09:49:40 | INFO     | t=6118.0: WAGON[W3618] → RETROFIT_STARTED at WS_02
09:49:40 | INFO     | t=6123.0: DISPATCHER → Assigned loco LOCO_02 to collection_to_retrofit (waited 201.5 min, pending=1)
09:49:40 | INFO     | t=6152.0: RAKE[W2971,W0607] → COUPLING at WS_01 (1 couplings, 0.5 min)
09:49:40 | INFO     | t=6152.5: LOCO → Allocating for pickup from WS_01
09:49:40 | INFO     | t=6152.5: DISPATCHER → Task submitted: workshop_to_retrofitted (pending=2)
09:49:40 | INFO     | t=6178.0: RAKE[W6339,W3618] → COUPLING at WS_02 (1 couplings, 0.5 min)
09:49:40 | INFO     | t=6178.5: LOCO → Allocating for pickup from WS_02
09:49:40 | INFO     | t=6178.5: DISPATCHER → Task submitted: workshop_to_retrofitted (pending=3)
09:49:40 | INFO     | t=6179.0: LOCO[LOCO_01] → Releasing
09:49:40 | INFO     | t=6179.0: LOCO[LOCO_01] → Released
09:49:40 | INFO     | t=6179.0: PARKING → Got wagon W10081 from retrofitted
09:49:40 | INFO     | t=6179.0: DISPATCHER → Assigned loco LOCO_01 to workshop_to_retrofitted (waited 26.5 min, pending=2)
09:49:40 | INFO     | t=6179.0: LOCO[LOCO_01] → Allocated for pickup
09:49:40 | INFO     | t=6179.0: LOCO → Allocating for parking transport
09:49:40 | INFO     | t=6179.0: DISPATCHER → Task submitted: retrofitted_to_parking (pending=3)
09:49:40 | INFO     | t=6183.0: LOCO[LOCO_02] → TRAIN_PREP at collection (coupling + prep, 7.0 min)
09:49:40 | INFO     | t=6186.0: LOCO[LOCO_01] → TRAIN_PREP completed at WS_01 (2.0 min)
09:49:40 | INFO     | t=6191.0: BATCH → Putting 2 wagons on retrofitted track retrofitted
09:49:40 | INFO     | t=6191.0: WAGON[W2971] → Added to retrofitted track retrofitted
09:49:40 | INFO     | t=6191.0: WAGON[W0607] → Added to retrofitted track retrofitted
09:49:40 | INFO     | t=6196.0: WORKSHOP[WS_01] → Released, notifying 1 waiting processes
09:49:40 | INFO     | t=6196.0: WORKSHOP → Workshop became available
09:49:40 | INFO     | t=6196.0: WORKSHOP[WS_01] → Selected for batch
09:49:40 | INFO     | t=6196.0: DISPATCHER → Assigned loco LOCO_01 to workshop_to_retrofitted (waited 17.5 min, pending=2)
09:49:40 | INFO     | t=6196.0: WAGON[W6352] → Added to batch
09:49:40 | INFO     | t=6196.0: BATCH[W7252,W6352] → Formed 2 wagons for WS_01
09:49:40 | INFO     | t=6196.0: LOCO[LOCO_01] → Allocated for pickup
09:49:40 | INFO     | t=6196.0: TRACK[retrofit] → Removed 2 wagons (27.3m freed)
09:49:40 | INFO     | t=6196.0: DISPATCHER → Task submitted: retrofit_to_workshop (pending=3)
09:49:40 | INFO     | t=6203.0: LOCO[LOCO_01] → TRAIN_PREP completed at WS_02 (2.0 min)
09:49:40 | INFO     | t=6208.0: BATCH → Putting 2 wagons on retrofitted track retrofitted
09:49:40 | INFO     | t=6208.0: WAGON[W6339] → Added to retrofitted track retrofitted
09:49:40 | INFO     | t=6208.0: WAGON[W3618] → Added to retrofitted track retrofitted
09:49:40 | INFO     | t=6213.0: WORKSHOP[WS_02] → Released, notifying 0 waiting processes
09:49:40 | INFO     | t=6213.0: DISPATCHER → Assigned loco LOCO_01 to retrofit_to_workshop (waited 17.0 min, pending=2)
09:49:40 | INFO     | t=6213.0: RAKE[W7252,W6352] → COUPLING at retrofit (1 couplings, 2.0 min)
09:49:40 | INFO     | t=6213.0: WAGON[W10321] → Retrieved from retrofit queue
09:49:40 | INFO     | t=6213.0: WORKSHOP[WS_02] → Selected for batch
09:49:40 | INFO     | t=6213.0: WAGON[W7155] → Added to batch
09:49:40 | INFO     | t=6213.0: BATCH[W10321,W7155] → Formed 2 wagons for WS_02
09:49:40 | INFO     | t=6213.0: TRACK[retrofit] → Removed 2 wagons (34.5m freed)
09:49:40 | INFO     | t=6213.0: DISPATCHER → Task submitted: retrofit_to_workshop (pending=3)
09:49:40 | INFO     | t=6220.0: LOCO[LOCO_01] → COUPLING at retrofit (2.0 min)
09:49:40 | INFO     | t=6222.0: LOCO[LOCO_01] → SHUNTING_PREP at retrofit (1.0 min)
09:49:40 | INFO     | t=6228.0: LOCO[LOCO_01] → DECOUPLING at WS_01 (3.0 min)
09:49:40 | INFO     | t=6231.0: RAKE[W7252,W6352] → DECOUPLING at WS_01 (1 couplings, 3.0 min)
09:49:40 | INFO     | t=6234.0: WAGON[W7252] → RETROFIT_STARTED at WS_01
09:49:40 | INFO     | t=6234.0: WAGON[W6352] → RETROFIT_STARTED at WS_01
09:49:40 | INFO     | t=6239.0: DISPATCHER → Hold override for retrofitted_to_parking (waited 60.0 min >= max 45.0 min)
09:49:40 | INFO     | t=6239.0: DISPATCHER → Assigned loco LOCO_01 to retrofit_to_workshop (waited 26.0 min, pending=2)
09:49:40 | INFO     | t=6239.0: RAKE[W10321,W7155] → COUPLING at retrofit (1 couplings, 2.0 min)
09:49:40 | INFO     | t=6239.0: WAGON[W9959] → Retrieved from retrofit queue
09:49:40 | INFO     | t=6239.0: WORKSHOP → No workshop available, waiting...
09:49:40 | INFO     | t=6246.0: LOCO[LOCO_01] → COUPLING at retrofit (2.0 min)
09:49:40 | INFO     | t=6248.0: LOCO[LOCO_01] → SHUNTING_PREP at retrofit (1.0 min)
09:49:40 | INFO     | t=6250.0: LOCO[LOCO_02] → DECOUPLING at retrofit (9.0 min)
09:49:40 | INFO     | t=6254.0: LOCO[LOCO_01] → DECOUPLING at WS_02 (3.0 min)
09:49:40 | INFO     | t=6257.0: RAKE[W10321,W7155] → DECOUPLING at WS_02 (1 couplings, 3.0 min)
09:49:40 | INFO     | t=6259.0: RAKE[W12036,W9981,W6246] → DECOUPLING at retrofit (2 couplings, 6.0 min)
09:49:40 | INFO     | t=6260.0: WAGON[W10321] → RETROFIT_STARTED at WS_02
09:49:40 | INFO     | t=6260.0: WAGON[W7155] → RETROFIT_STARTED at WS_02
09:49:40 | INFO     | t=6265.0: DISPATCHER → Hold override for retrofitted_to_parking (waited 86.0 min >= max 45.0 min)
09:49:40 | INFO     | t=6265.0: DISPATCHER → Assigned loco LOCO_01 to collection_to_retrofit (waited 298.5 min, pending=1)
09:49:40 | INFO     | t=6265.0: DISPATCHER → Hold override for retrofitted_to_parking (waited 86.0 min >= max 45.0 min)
09:49:40 | INFO     | t=6270.0: DISPATCHER → Hold override for retrofitted_to_parking (waited 91.0 min >= max 45.0 min)
09:49:40 | INFO     | t=6270.0: DISPATCHER → Assigned loco LOCO_02 to retrofitted_to_parking (waited 91.0 min, pending=0)
09:49:40 | INFO     | t=6270.0: LOCO[LOCO_02] → Allocated for parking transport
09:49:40 | INFO     | t=6270.0: Batch size limited by retrofit capacity: 7 wagons (135.3m) fits, 11 waiting
09:49:40 | INFO     | t=6270.0: COLLECTION → Reserving retrofit track capacity for 7 wagons
09:49:40 | INFO     | t=6270.0: COLLECTION → Capacity reserved, allocating locomotive
09:49:40 | INFO     | t=6270.0: DISPATCHER → Task submitted: collection_to_retrofit (pending=1)
09:49:40 | INFO     | t=6275.0: LOCO[LOCO_02] → TRAIN_PREP at retrofitted (coupling + prep, 5.0 min)
09:49:40 | INFO     | t=6285.0: LOCO[LOCO_02] → DECOUPLING at parking1 (4.0 min)
09:49:40 | INFO     | t=6289.0: RAKE[W10081,W5403,W9401,W4793,W11718,W7261,W7263,W7253] → DECOUPLING at parking1 (7 couplings, 3.5 min)
09:49:40 | INFO     | t=6294.0: RAKE[W7252,W6352] → COUPLING at WS_01 (1 couplings, 0.5 min)
09:49:40 | INFO     | t=6294.5: LOCO → Allocating for pickup from WS_01
09:49:40 | INFO     | t=6294.5: DISPATCHER → Task submitted: workshop_to_retrofitted (pending=2)
09:49:40 | INFO     | t=6297.5: LOCO[LOCO_02] → Releasing
09:49:40 | INFO     | t=6297.5: LOCO[LOCO_02] → Released
09:49:40 | INFO     | t=6297.5: PARKING → Got wagon W2971 from retrofitted
09:49:40 | INFO     | t=6297.5: DISPATCHER → Assigned loco LOCO_02 to workshop_to_retrofitted (waited 3.0 min, pending=1)
09:49:40 | INFO     | t=6297.5: LOCO[LOCO_02] → Allocated for pickup
09:49:40 | INFO     | t=6297.5: LOCO → Allocating for parking transport
09:49:40 | INFO     | t=6297.5: DISPATCHER → Task submitted: retrofitted_to_parking (pending=2)
09:49:40 | INFO     | t=6304.5: LOCO[LOCO_02] → TRAIN_PREP completed at WS_01 (2.0 min)
09:49:40 | INFO     | t=6309.5: BATCH → Putting 2 wagons on retrofitted track retrofitted
09:49:40 | INFO     | t=6309.5: WAGON[W7252] → Added to retrofitted track retrofitted
09:49:40 | INFO     | t=6309.5: WAGON[W6352] → Added to retrofitted track retrofitted
09:49:40 | INFO     | t=6314.5: WORKSHOP[WS_01] → Released, notifying 1 waiting processes
09:49:40 | INFO     | t=6314.5: WORKSHOP → Workshop became available
09:49:40 | INFO     | t=6314.5: WORKSHOP[WS_01] → Selected for batch
09:49:40 | INFO     | t=6314.5: DISPATCHER → Assigned loco LOCO_02 to retrofitted_to_parking (waited 17.0 min, pending=1)
09:49:40 | INFO     | t=6314.5: WAGON[W8705] → Added to batch
09:49:40 | INFO     | t=6314.5: BATCH[W9959,W8705] → Formed 2 wagons for WS_01
09:49:40 | INFO     | t=6314.5: LOCO[LOCO_02] → Allocated for parking transport
09:49:40 | INFO     | t=6314.5: TRACK[retrofit] → Removed 2 wagons (39.1m freed)
09:49:40 | INFO     | t=6314.5: DISPATCHER → Task submitted: retrofit_to_workshop (pending=2)
09:49:40 | INFO     | t=6319.5: LOCO[LOCO_02] → TRAIN_PREP at retrofitted (coupling + prep, 3.0 min)
09:49:40 | INFO     | t=6320.0: RAKE[W10321,W7155] → COUPLING at WS_02 (1 couplings, 0.5 min)
09:49:40 | INFO     | t=6320.5: LOCO → Allocating for pickup from WS_02
09:49:40 | INFO     | t=6320.5: DISPATCHER → Task submitted: workshop_to_retrofitted (pending=3)
09:49:40 | INFO     | t=6325.0: LOCO[LOCO_01] → TRAIN_PREP at collection (coupling + prep, 9.0 min)
09:49:40 | INFO     | t=6394.0: LOCO[LOCO_01] → DECOUPLING at retrofit (12.0 min)
09:49:40 | INFO     | t=6397.5: LOCO[LOCO_02] → DECOUPLING at parking13 (2.0 min)
09:49:40 | INFO     | t=6399.5: RAKE[W2971,W0607,W6339,W3618] → DECOUPLING at parking13 (3 couplings, 1.5 min)
09:49:40 | INFO     | t=6406.0: RAKE[W5127,W5057,W5694,W8052] → DECOUPLING at retrofit (3 couplings, 9.0 min)
09:49:40 | INFO     | t=6420.0: DISPATCHER → Assigned loco LOCO_01 to workshop_to_retrofitted (waited 99.5 min, pending=2)
09:49:40 | INFO     | t=6420.0: Batch size limited by retrofit capacity: 2 wagons (39.5m) fits, 16 waiting
09:49:40 | INFO     | t=6420.0: LOCO[LOCO_01] → Allocated for pickup
09:49:40 | INFO     | t=6420.0: COLLECTION → Reserving retrofit track capacity for 2 wagons
09:49:40 | INFO     | t=6420.0: COLLECTION → Capacity reserved, allocating locomotive
09:49:40 | INFO     | t=6420.0: DISPATCHER → Task submitted: collection_to_retrofit (pending=3)
09:49:40 | INFO     | t=6427.0: LOCO[LOCO_01] → TRAIN_PREP completed at WS_02 (2.0 min)
09:49:40 | INFO     | t=6432.0: BATCH → Putting 2 wagons on retrofitted track retrofitted
09:49:40 | INFO     | t=6432.0: WAGON[W10321] → Added to retrofitted track retrofitted
09:49:40 | INFO     | t=6432.0: WAGON[W7155] → Added to retrofitted track retrofitted
09:49:40 | INFO     | t=6437.0: WORKSHOP[WS_02] → Released, notifying 0 waiting processes
09:49:40 | INFO     | t=6437.0: DISPATCHER → Assigned loco LOCO_01 to retrofit_to_workshop (waited 122.5 min, pending=2)
09:49:40 | INFO     | t=6437.0: RAKE[W9959,W8705] → COUPLING at retrofit (1 couplings, 2.0 min)
09:49:40 | INFO     | t=6437.0: WAGON[W12036] → Retrieved from retrofit queue
09:49:40 | INFO     | t=6437.0: WORKSHOP[WS_02] → Selected for batch
09:49:40 | INFO     | t=6437.0: WAGON[W9981] → Added to batch
09:49:40 | INFO     | t=6437.0: BATCH[W12036,W9981] → Formed 2 wagons for WS_02
09:49:40 | INFO     | t=6437.0: TRACK[retrofit] → Removed 2 wagons (39.1m freed)
09:49:40 | INFO     | t=6437.0: DISPATCHER → Task submitted: retrofit_to_workshop (pending=3)
09:49:40 | INFO     | t=6444.0: LOCO[LOCO_01] → COUPLING at retrofit (2.0 min)
09:49:40 | INFO     | t=6446.0: LOCO[LOCO_01] → SHUNTING_PREP at retrofit (1.0 min)
09:49:40 | INFO     | t=6452.0: LOCO[LOCO_01] → DECOUPLING at WS_01 (3.0 min)
09:49:40 | INFO     | t=6455.0: RAKE[W9959,W8705] → DECOUPLING at WS_01 (1 couplings, 3.0 min)
09:49:40 | INFO     | t=6458.0: WAGON[W9959] → RETROFIT_STARTED at WS_01
09:49:40 | INFO     | t=6458.0: WAGON[W8705] → RETROFIT_STARTED at WS_01
09:49:40 | INFO     | t=6461.0: LOCO[LOCO_02] → Releasing
09:49:40 | INFO     | t=6461.0: LOCO[LOCO_02] → Released
09:49:40 | INFO     | t=6461.0: PARKING → Got wagon W7252 from retrofitted
09:49:40 | INFO     | t=6461.0: DISPATCHER → Assigned loco LOCO_02 to retrofit_to_workshop (waited 24.0 min, pending=2)
09:49:40 | INFO     | t=6461.0: RAKE[W12036,W9981] → COUPLING at retrofit (1 couplings, 2.0 min)
09:49:40 | INFO     | t=6461.0: WAGON[W6246] → Retrieved from retrofit queue
09:49:40 | INFO     | t=6461.0: WORKSHOP → No workshop available, waiting...
09:49:40 | INFO     | t=6461.0: LOCO → Allocating for parking transport
09:49:40 | INFO     | t=6461.0: DISPATCHER → Task submitted: retrofitted_to_parking (pending=3)
09:49:40 | INFO     | t=6463.0: DISPATCHER → Assigned loco LOCO_01 to collection_to_retrofit (waited 193.0 min, pending=2)
09:49:40 | INFO     | t=6468.0: LOCO[LOCO_02] → COUPLING at retrofit (2.0 min)
09:49:40 | INFO     | t=6470.0: LOCO[LOCO_02] → SHUNTING_PREP at retrofit (1.0 min)
09:49:40 | INFO     | EVENT_PUBLISHED: TrainArrivedEvent | train=T91 | time=6475.5
09:49:40 | INFO     | EVENT_HANDLING: TrainArrivedEvent -> RetrofitWorkshopContext._handle_train_arrived
09:49:40 | INFO     | EVENT_HANDLED: TrainArrivedEvent by RetrofitWorkshopContext._handle_train_arrived
09:49:40 | INFO     | t=6476.0: LOCO[LOCO_02] → DECOUPLING at WS_02 (3.0 min)
09:49:40 | INFO     | t=6479.0: RAKE[W12036,W9981] → DECOUPLING at WS_02 (1 couplings, 3.0 min)
09:49:40 | INFO     | t=6482.0: WAGON[W12036] → RETROFIT_STARTED at WS_02
09:49:40 | INFO     | t=6482.0: WAGON[W9981] → RETROFIT_STARTED at WS_02
09:49:40 | INFO     | t=6487.0: DISPATCHER → Assigned loco LOCO_02 to collection_to_retrofit (waited 67.0 min, pending=1)
09:49:40 | INFO     | t=6507.0: DISPATCHER → Hold override for retrofitted_to_parking (waited 46.0 min >= max 45.0 min)
09:49:40 | INFO     | t=6518.0: RAKE[W9959,W8705] → COUPLING at WS_01 (1 couplings, 0.5 min)
09:49:40 | INFO     | t=6518.5: LOCO → Allocating for pickup from WS_01
09:49:40 | INFO     | t=6518.5: DISPATCHER → Task submitted: workshop_to_retrofitted (pending=2)
09:49:40 | INFO     | t=6523.0: LOCO[LOCO_01] → TRAIN_PREP at collection (coupling + prep, 15.0 min)
09:49:40 | INFO     | t=6542.0: RAKE[W12036,W9981] → COUPLING at WS_02 (1 couplings, 0.5 min)
09:49:40 | INFO     | t=6542.5: LOCO → Allocating for pickup from WS_02
09:49:40 | INFO     | t=6542.5: DISPATCHER → Task submitted: workshop_to_retrofitted (pending=3)
09:49:40 | INFO     | t=6547.0: LOCO[LOCO_02] → TRAIN_PREP at collection (coupling + prep, 5.0 min)
09:49:40 | INFO     | EVENT_PUBLISHED: TrainArrivedEvent | train=T92 | time=6595.0
09:49:40 | INFO     | EVENT_HANDLING: TrainArrivedEvent -> RetrofitWorkshopContext._handle_train_arrived
09:49:40 | INFO     | EVENT_HANDLED: TrainArrivedEvent by RetrofitWorkshopContext._handle_train_arrived
09:49:40 | INFO     | t=6598.0: LOCO[LOCO_01] → DECOUPLING at retrofit (21.0 min)
09:49:40 | INFO     | t=6612.0: LOCO[LOCO_02] → DECOUPLING at retrofit (6.0 min)
09:49:40 | INFO     | t=6618.0: RAKE[W11596,W0924] → DECOUPLING at retrofit (1 couplings, 3.0 min)
09:49:40 | INFO     | t=6619.0: RAKE[W5947,W5711,W6884,W5575,W8085,W8082,W8383] → DECOUPLING at retrofit (6 couplings, 18.0 min)
09:49:40 | INFO     | t=6626.0: DISPATCHER → Hold override for retrofitted_to_parking (waited 165.0 min >= max 45.0 min)
09:49:40 | INFO     | t=6626.0: DISPATCHER → Assigned loco LOCO_02 to workshop_to_retrofitted (waited 107.5 min, pending=2)
09:49:40 | INFO     | t=6626.0: DISPATCHER → Hold override for retrofitted_to_parking (waited 165.0 min >= max 45.0 min)
09:49:40 | INFO     | t=6626.0: LOCO[LOCO_02] → Allocated for pickup
09:49:40 | INFO     | t=6626.0: Batch size limited by retrofit capacity: 3 wagons (53.2m) fits, 16 waiting
09:49:40 | INFO     | t=6626.0: COLLECTION → Reserving retrofit track capacity for 3 wagons
09:49:40 | INFO     | t=6626.0: COLLECTION → Capacity reserved, allocating locomotive
09:49:40 | INFO     | t=6626.0: DISPATCHER → Task submitted: collection_to_retrofit (pending=3)
09:49:40 | INFO     | t=6633.0: LOCO[LOCO_02] → TRAIN_PREP completed at WS_01 (2.0 min)
09:49:40 | INFO     | t=6638.0: BATCH → Putting 2 wagons on retrofitted track retrofitted
09:49:40 | INFO     | t=6638.0: WAGON[W9959] → Added to retrofitted track retrofitted
09:49:40 | INFO     | t=6638.0: WAGON[W8705] → Added to retrofitted track retrofitted
09:49:40 | INFO     | t=6642.0: Batch size limited by retrofit capacity: 1 wagons (34.2m) fits, 17 waiting
09:49:40 | INFO     | t=6642.0: DISPATCHER → Hold override for retrofitted_to_parking (waited 181.0 min >= max 45.0 min)
09:49:40 | INFO     | t=6642.0: DISPATCHER → Assigned loco LOCO_01 to workshop_to_retrofitted (waited 99.5 min, pending=2)
09:49:40 | INFO     | t=6642.0: DISPATCHER → Hold override for retrofitted_to_parking (waited 181.0 min >= max 45.0 min)
09:49:40 | INFO     | t=6642.0: COLLECTION → Reserving retrofit track capacity for 1 wagons
09:49:40 | INFO     | t=6642.0: LOCO[LOCO_01] → Allocated for pickup
09:49:40 | INFO     | t=6643.0: WORKSHOP[WS_01] → Released, notifying 1 waiting processes
09:49:40 | INFO     | t=6643.0: WORKSHOP → Workshop became available
09:49:40 | INFO     | t=6643.0: WORKSHOP[WS_01] → Selected for batch
09:49:40 | INFO     | t=6643.0: DISPATCHER → Hold override for retrofitted_to_parking (waited 182.0 min >= max 45.0 min)
09:49:40 | INFO     | t=6643.0: DISPATCHER → Assigned loco LOCO_02 to retrofitted_to_parking (waited 182.0 min, pending=1)
09:49:40 | INFO     | t=6643.0: WAGON[W5127] → Added to batch
09:49:40 | INFO     | t=6643.0: BATCH[W6246,W5127] → Formed 2 wagons for WS_01
09:49:40 | INFO     | t=6643.0: LOCO[LOCO_02] → Allocated for parking transport
09:49:40 | INFO     | t=6643.0: TRACK[retrofit] → Removed 2 wagons (30.4m freed)
09:49:40 | INFO     | t=6643.0: DISPATCHER → Task submitted: retrofit_to_workshop (pending=2)
09:49:40 | INFO     | t=6648.0: LOCO[LOCO_02] → TRAIN_PREP at retrofitted (coupling + prep, 3.0 min)
09:49:40 | INFO     | t=6649.0: LOCO[LOCO_01] → TRAIN_PREP completed at WS_02 (2.0 min)
09:49:40 | INFO     | t=6654.0: BATCH → Putting 2 wagons on retrofitted track retrofitted
09:49:40 | INFO     | t=6654.0: WAGON[W12036] → Added to retrofitted track retrofitted
09:49:40 | INFO     | t=6654.0: WAGON[W9981] → Added to retrofitted track retrofitted
09:49:40 | INFO     | t=6659.0: WORKSHOP[WS_02] → Released, notifying 0 waiting processes
09:49:40 | INFO     | t=6659.0: DISPATCHER → Assigned loco LOCO_01 to retrofit_to_workshop (waited 16.0 min, pending=1)
09:49:40 | INFO     | t=6659.0: RAKE[W6246,W5127] → COUPLING at retrofit (1 couplings, 2.0 min)
09:49:40 | INFO     | t=6659.0: WAGON[W5057] → Retrieved from retrofit queue
09:49:40 | INFO     | t=6659.0: WORKSHOP[WS_02] → Selected for batch
09:49:40 | INFO     | t=6659.0: WAGON[W5694] → Added to batch
09:49:40 | INFO     | t=6659.0: BATCH[W5057,W5694] → Formed 2 wagons for WS_02
09:49:40 | INFO     | t=6659.0: TRACK[retrofit] → Removed 2 wagons (34.9m freed)
09:49:40 | INFO     | t=6659.0: DISPATCHER → Task submitted: retrofit_to_workshop (pending=2)
09:49:40 | INFO     | t=6659.0: COLLECTION → Capacity reserved, allocating locomotive
09:49:40 | INFO     | t=6659.0: DISPATCHER → Task submitted: collection_to_retrofit (pending=3)
09:49:40 | INFO     | t=6666.0: LOCO[LOCO_01] → COUPLING at retrofit (2.0 min)
09:49:40 | INFO     | EVENT_PUBLISHED: TrainArrivedEvent | train=T93 | time=6666.5
09:49:40 | INFO     | EVENT_HANDLING: TrainArrivedEvent -> RetrofitWorkshopContext._handle_train_arrived
09:49:40 | INFO     | EVENT_HANDLED: TrainArrivedEvent by RetrofitWorkshopContext._handle_train_arrived
09:49:40 | INFO     | t=6668.0: LOCO[LOCO_01] → SHUNTING_PREP at retrofit (1.0 min)
09:49:40 | INFO     | t=6674.0: LOCO[LOCO_01] → DECOUPLING at WS_01 (3.0 min)
09:49:40 | INFO     | t=6677.0: RAKE[W6246,W5127] → DECOUPLING at WS_01 (1 couplings, 3.0 min)
09:49:40 | INFO     | t=6680.0: WAGON[W6246] → RETROFIT_STARTED at WS_01
09:49:40 | INFO     | t=6680.0: WAGON[W5127] → RETROFIT_STARTED at WS_01
09:49:40 | INFO     | t=6685.0: DISPATCHER → Assigned loco LOCO_01 to retrofit_to_workshop (waited 26.0 min, pending=2)
09:49:40 | INFO     | t=6685.0: RAKE[W5057,W5694] → COUPLING at retrofit (1 couplings, 2.0 min)
09:49:40 | INFO     | t=6685.0: WAGON[W8052] → Retrieved from retrofit queue
09:49:40 | INFO     | t=6685.0: WORKSHOP → No workshop available, waiting...
09:49:40 | INFO     | t=6692.0: LOCO[LOCO_01] → COUPLING at retrofit (2.0 min)
09:49:40 | INFO     | t=6694.0: LOCO[LOCO_01] → SHUNTING_PREP at retrofit (1.0 min)
09:49:40 | INFO     | t=6700.0: LOCO[LOCO_01] → DECOUPLING at WS_02 (3.0 min)
09:49:40 | INFO     | t=6703.0: RAKE[W5057,W5694] → DECOUPLING at WS_02 (1 couplings, 3.0 min)
09:49:40 | INFO     | t=6706.0: WAGON[W5057] → RETROFIT_STARTED at WS_02
09:49:40 | INFO     | t=6706.0: WAGON[W5694] → RETROFIT_STARTED at WS_02
09:49:40 | INFO     | t=6711.0: LOCO[LOCO_02] → DECOUPLING at parking10 (2.0 min)
09:49:40 | INFO     | t=6713.0: RAKE[W7252,W6352,W10321,W7155] → DECOUPLING at parking10 (3 couplings, 1.5 min)
09:49:40 | INFO     | t=6740.0: RAKE[W6246,W5127] → COUPLING at WS_01 (1 couplings, 0.5 min)
09:49:40 | INFO     | t=6740.5: LOCO → Allocating for pickup from WS_01
09:49:40 | INFO     | t=6740.5: DISPATCHER → Task submitted: workshop_to_retrofitted (pending=3)
09:49:40 | INFO     | t=6740.5: DISPATCHER → Assigned loco LOCO_01 to workshop_to_retrofitted (waited 0.0 min, pending=2)
09:49:40 | INFO     | t=6740.5: LOCO[LOCO_01] → Allocated for pickup
09:49:40 | INFO     | t=6747.5: LOCO[LOCO_01] → TRAIN_PREP completed at WS_01 (2.0 min)
09:49:40 | INFO     | t=6752.5: BATCH → Putting 2 wagons on retrofitted track retrofitted
09:49:40 | INFO     | t=6752.5: WAGON[W6246] → Added to retrofitted track retrofitted
09:49:40 | INFO     | t=6752.5: WAGON[W5127] → Added to retrofitted track retrofitted
09:49:40 | INFO     | t=6757.5: WORKSHOP[WS_01] → Released, notifying 1 waiting processes
09:49:40 | INFO     | t=6757.5: WORKSHOP → Workshop became available
09:49:40 | INFO     | t=6757.5: WORKSHOP[WS_01] → Selected for batch
09:49:40 | INFO     | t=6757.5: WAGON[W5947] → Added to batch
09:49:40 | INFO     | t=6757.5: BATCH[W8052,W5947] → Formed 2 wagons for WS_01
09:49:40 | INFO     | t=6757.5: TRACK[retrofit] → Removed 2 wagons (36.4m freed)
09:49:40 | INFO     | t=6757.5: DISPATCHER → Task submitted: retrofit_to_workshop (pending=3)
09:49:40 | INFO     | t=6757.5: DISPATCHER → Assigned loco LOCO_01 to retrofit_to_workshop (waited 0.0 min, pending=2)
09:49:40 | INFO     | t=6757.5: RAKE[W8052,W5947] → COUPLING at retrofit (1 couplings, 2.0 min)
09:49:40 | INFO     | t=6757.5: WAGON[W5711] → Retrieved from retrofit queue
09:49:40 | INFO     | t=6757.5: WORKSHOP → No workshop available, waiting...
09:49:40 | INFO     | t=6764.5: LOCO[LOCO_01] → COUPLING at retrofit (2.0 min)
09:49:40 | INFO     | t=6766.0: RAKE[W5057,W5694] → COUPLING at WS_02 (1 couplings, 0.5 min)
09:49:40 | INFO     | t=6766.5: LOCO[LOCO_01] → SHUNTING_PREP at retrofit (1.0 min)
09:49:40 | INFO     | t=6766.5: LOCO → Allocating for pickup from WS_02
09:49:40 | INFO     | t=6766.5: DISPATCHER → Task submitted: workshop_to_retrofitted (pending=3)
09:49:40 | INFO     | t=6772.5: LOCO[LOCO_01] → DECOUPLING at WS_01 (3.0 min)
09:49:40 | INFO     | t=6774.5: LOCO[LOCO_02] → Releasing
09:49:40 | INFO     | t=6774.5: LOCO[LOCO_02] → Released
09:49:40 | INFO     | t=6774.5: PARKING → Got wagon W9959 from retrofitted
09:49:40 | INFO     | t=6774.5: DISPATCHER → Assigned loco LOCO_02 to workshop_to_retrofitted (waited 8.0 min, pending=2)
09:49:40 | INFO     | t=6774.5: LOCO[LOCO_02] → Allocated for pickup
09:49:40 | INFO     | t=6774.5: LOCO → Allocating for parking transport
09:49:40 | INFO     | t=6774.5: DISPATCHER → Task submitted: retrofitted_to_parking (pending=3)
09:49:40 | INFO     | t=6775.5: RAKE[W8052,W5947] → DECOUPLING at WS_01 (1 couplings, 3.0 min)
09:49:40 | INFO     | t=6778.5: WAGON[W8052] → RETROFIT_STARTED at WS_01
09:49:40 | INFO     | t=6778.5: WAGON[W5947] → RETROFIT_STARTED at WS_01
09:49:40 | INFO     | t=6781.5: LOCO[LOCO_02] → TRAIN_PREP completed at WS_02 (2.0 min)
09:49:40 | INFO     | t=6783.5: DISPATCHER → Assigned loco LOCO_01 to collection_to_retrofit (waited 157.5 min, pending=2)
09:49:40 | INFO     | t=6786.5: BATCH → Putting 2 wagons on retrofitted track retrofitted
09:49:40 | INFO     | t=6786.5: WAGON[W5057] → Added to retrofitted track retrofitted
09:49:40 | INFO     | t=6786.5: WAGON[W5694] → Added to retrofitted track retrofitted
09:49:40 | INFO     | t=6791.5: WORKSHOP[WS_02] → Released, notifying 1 waiting processes
09:49:40 | INFO     | t=6791.5: WORKSHOP → Workshop became available
09:49:40 | INFO     | t=6791.5: WORKSHOP[WS_02] → Selected for batch
09:49:40 | INFO     | t=6791.5: DISPATCHER → Assigned loco LOCO_02 to collection_to_retrofit (waited 132.5 min, pending=1)
09:49:40 | INFO     | t=6791.5: WAGON[W6884] → Added to batch
09:49:40 | INFO     | t=6791.5: BATCH[W5711,W6884] → Formed 2 wagons for WS_02
09:49:40 | INFO     | t=6791.5: TRACK[retrofit] → Removed 2 wagons (28.1m freed)
09:49:40 | INFO     | t=6791.5: DISPATCHER → Task submitted: retrofit_to_workshop (pending=2)
09:49:40 | INFO     | EVENT_PUBLISHED: TrainArrivedEvent | train=T94 | time=6812.8
09:49:40 | INFO     | EVENT_HANDLING: TrainArrivedEvent -> RetrofitWorkshopContext._handle_train_arrived
09:49:40 | INFO     | EVENT_HANDLED: TrainArrivedEvent by RetrofitWorkshopContext._handle_train_arrived
09:49:40 | INFO     | t=6838.5: RAKE[W8052,W5947] → COUPLING at WS_01 (1 couplings, 0.5 min)
09:49:40 | INFO     | t=6839.0: LOCO → Allocating for pickup from WS_01
09:49:40 | INFO     | t=6839.0: DISPATCHER → Task submitted: workshop_to_retrofitted (pending=3)
09:49:40 | INFO     | t=6843.5: LOCO[LOCO_01] → TRAIN_PREP at collection (coupling + prep, 7.0 min)
09:49:40 | INFO     | t=6851.5: LOCO[LOCO_02] → TRAIN_PREP at collection (coupling + prep, 3.0 min)
09:49:40 | INFO     | t=6910.5: LOCO[LOCO_01] → DECOUPLING at retrofit (9.0 min)
09:49:40 | INFO     | t=6914.5: LOCO[LOCO_02] → DECOUPLING at retrofit (3.0 min)
09:49:40 | INFO     | t=6917.5: RAKE[W8381] → DECOUPLING at retrofit (0 couplings, 0.0 min)
09:49:40 | INFO     | t=6919.5: RAKE[W0685,W11953,W9237] → DECOUPLING at retrofit (2 couplings, 6.0 min)
09:49:40 | INFO     | t=6922.5: DISPATCHER → Hold override for retrofitted_to_parking (waited 148.0 min >= max 45.0 min)
09:49:40 | INFO     | t=6922.5: DISPATCHER → Assigned loco LOCO_02 to workshop_to_retrofitted (waited 83.5 min, pending=2)
09:49:40 | INFO     | t=6922.5: DISPATCHER → Hold override for retrofitted_to_parking (waited 148.0 min >= max 45.0 min)
09:49:40 | INFO     | t=6922.5: LOCO[LOCO_02] → Allocated for pickup
09:49:40 | INFO     | t=6922.5: Batch size limited by retrofit capacity: 5 wagons (96.6m) fits, 14 waiting
09:49:40 | INFO     | t=6922.5: COLLECTION → Reserving retrofit track capacity for 5 wagons
09:49:40 | INFO     | t=6922.5: COLLECTION → Capacity reserved, allocating locomotive
09:49:40 | INFO     | t=6922.5: DISPATCHER → Task submitted: collection_to_retrofit (pending=3)
09:49:40 | INFO     | t=6929.5: LOCO[LOCO_02] → TRAIN_PREP completed at WS_01 (2.0 min)
09:49:40 | INFO     | t=6930.5: Batch size limited by retrofit capacity: 1 wagons (23.3m) fits, 17 waiting
09:49:40 | INFO     | t=6930.5: DISPATCHER → Hold override for retrofitted_to_parking (waited 156.0 min >= max 45.0 min)
09:49:40 | INFO     | t=6930.5: DISPATCHER → Assigned loco LOCO_01 to retrofit_to_workshop (waited 139.0 min, pending=2)
09:49:40 | INFO     | t=6930.5: DISPATCHER → Hold override for retrofitted_to_parking (waited 156.0 min >= max 45.0 min)
09:49:40 | INFO     | t=6930.5: COLLECTION → Reserving retrofit track capacity for 1 wagons
09:49:40 | INFO     | t=6930.5: RAKE[W5711,W6884] → COUPLING at retrofit (1 couplings, 2.0 min)
09:49:40 | INFO     | t=6930.5: WAGON[W5575] → Retrieved from retrofit queue
09:49:40 | INFO     | t=6930.5: WORKSHOP → No workshop available, waiting...
09:49:40 | INFO     | t=6934.5: BATCH → Putting 2 wagons on retrofitted track retrofitted
09:49:40 | INFO     | t=6934.5: WAGON[W8052] → Added to retrofitted track retrofitted
09:49:40 | INFO     | t=6934.5: WAGON[W5947] → Added to retrofitted track retrofitted
09:49:40 | INFO     | t=6937.5: LOCO[LOCO_01] → COUPLING at retrofit (2.0 min)
09:49:40 | INFO     | t=6939.5: LOCO[LOCO_01] → SHUNTING_PREP at retrofit (1.0 min)
09:49:40 | INFO     | t=6939.5: WORKSHOP[WS_01] → Released, notifying 1 waiting processes
09:49:40 | INFO     | t=6939.5: WORKSHOP → Workshop became available
09:49:40 | INFO     | t=6939.5: WORKSHOP[WS_01] → Selected for batch
09:49:40 | INFO     | t=6939.5: DISPATCHER → Hold override for retrofitted_to_parking (waited 165.0 min >= max 45.0 min)
09:49:40 | INFO     | t=6939.5: DISPATCHER → Assigned loco LOCO_02 to retrofitted_to_parking (waited 165.0 min, pending=1)
09:49:40 | INFO     | t=6939.5: WAGON[W8085] → Added to batch
09:49:40 | INFO     | t=6939.5: BATCH[W5575,W8085] → Formed 2 wagons for WS_01
09:49:40 | INFO     | t=6939.5: LOCO[LOCO_02] → Allocated for parking transport
09:49:40 | INFO     | t=6939.5: TRACK[retrofit] → Removed 2 wagons (36.6m freed)
09:49:40 | INFO     | t=6939.5: DISPATCHER → Task submitted: retrofit_to_workshop (pending=2)
09:49:40 | INFO     | t=6939.5: COLLECTION → Capacity reserved, allocating locomotive
09:49:40 | INFO     | t=6939.5: DISPATCHER → Task submitted: collection_to_retrofit (pending=3)
09:49:40 | INFO     | t=6944.5: LOCO[LOCO_02] → TRAIN_PREP at retrofitted (coupling + prep, 4.0 min)
09:49:40 | INFO     | t=6945.5: LOCO[LOCO_01] → DECOUPLING at WS_02 (3.0 min)
09:49:40 | INFO     | t=6948.5: RAKE[W5711,W6884] → DECOUPLING at WS_02 (1 couplings, 3.0 min)
09:49:40 | INFO     | t=6951.5: WAGON[W5711] → RETROFIT_STARTED at WS_02
09:49:40 | INFO     | t=6951.5: WAGON[W6884] → RETROFIT_STARTED at WS_02
09:49:40 | INFO     | t=6956.5: DISPATCHER → Assigned loco LOCO_01 to retrofit_to_workshop (waited 17.0 min, pending=2)
09:49:40 | INFO     | t=6956.5: RAKE[W5575,W8085] → COUPLING at retrofit (1 couplings, 2.0 min)
09:49:40 | INFO     | t=6956.5: WAGON[W8082] → Retrieved from retrofit queue
09:49:40 | INFO     | t=6956.5: WORKSHOP → No workshop available, waiting...
09:49:40 | INFO     | t=6963.5: LOCO[LOCO_01] → COUPLING at retrofit (2.0 min)
09:49:40 | INFO     | t=6965.5: LOCO[LOCO_01] → SHUNTING_PREP at retrofit (1.0 min)
09:49:40 | INFO     | t=6971.5: LOCO[LOCO_01] → DECOUPLING at WS_01 (3.0 min)
09:49:40 | INFO     | t=6974.5: RAKE[W5575,W8085] → DECOUPLING at WS_01 (1 couplings, 3.0 min)
09:49:40 | INFO     | t=6977.5: WAGON[W5575] → RETROFIT_STARTED at WS_01
09:49:40 | INFO     | t=6977.5: WAGON[W8085] → RETROFIT_STARTED at WS_01
09:49:40 | INFO     | EVENT_PUBLISHED: TrainArrivedEvent | train=T95 | time=7002.0
09:49:40 | INFO     | EVENT_HANDLING: TrainArrivedEvent -> RetrofitWorkshopContext._handle_train_arrived
09:49:40 | INFO     | EVENT_HANDLED: TrainArrivedEvent by RetrofitWorkshopContext._handle_train_arrived
09:49:40 | INFO     | t=7011.5: RAKE[W5711,W6884] → COUPLING at WS_02 (1 couplings, 0.5 min)
09:49:40 | INFO     | t=7012.0: LOCO → Allocating for pickup from WS_02
09:49:40 | INFO     | t=7012.0: DISPATCHER → Task submitted: workshop_to_retrofitted (pending=3)
09:49:40 | INFO     | t=7012.0: DISPATCHER → Assigned loco LOCO_01 to workshop_to_retrofitted (waited 0.0 min, pending=2)
09:49:40 | INFO     | t=7012.0: LOCO[LOCO_01] → Allocated for pickup
09:49:40 | INFO     | t=7019.0: LOCO[LOCO_01] → TRAIN_PREP completed at WS_02 (2.0 min)
09:49:40 | INFO     | t=7023.5: LOCO[LOCO_02] → DECOUPLING at parking15 (3.0 min)
09:49:40 | INFO     | t=7024.0: BATCH → Putting 2 wagons on retrofitted track retrofitted
09:49:40 | INFO     | t=7024.0: WAGON[W5711] → Added to retrofitted track retrofitted
09:49:40 | INFO     | t=7024.0: WAGON[W6884] → Added to retrofitted track retrofitted
09:49:40 | INFO     | t=7026.5: RAKE[W9959,W8705,W12036,W9981,W6246,W5127] → DECOUPLING at parking15 (5 couplings, 2.5 min)
09:49:40 | INFO     | t=7029.0: WORKSHOP[WS_02] → Released, notifying 1 waiting processes
09:49:40 | INFO     | t=7029.0: WORKSHOP → Workshop became available
09:49:40 | INFO     | t=7029.0: WORKSHOP[WS_02] → Selected for batch
09:49:40 | INFO     | t=7029.0: WAGON[W8383] → Added to batch
09:49:40 | INFO     | t=7029.0: BATCH[W8082,W8383] → Formed 2 wagons for WS_02
09:49:40 | INFO     | t=7029.0: TRACK[retrofit] → Removed 2 wagons (56.6m freed)
09:49:40 | INFO     | t=7029.0: DISPATCHER → Task submitted: retrofit_to_workshop (pending=3)
09:49:40 | INFO     | t=7029.0: DISPATCHER → Assigned loco LOCO_01 to retrofit_to_workshop (waited 0.0 min, pending=2)
09:49:40 | INFO     | t=7029.0: RAKE[W8082,W8383] → COUPLING at retrofit (1 couplings, 2.0 min)
09:49:40 | INFO     | t=7029.0: WAGON[W11596] → Retrieved from retrofit queue
09:49:40 | INFO     | t=7029.0: WORKSHOP → No workshop available, waiting...
09:49:40 | INFO     | t=7036.0: LOCO[LOCO_01] → COUPLING at retrofit (2.0 min)
09:49:40 | INFO     | t=7037.5: RAKE[W5575,W8085] → COUPLING at WS_01 (1 couplings, 0.5 min)
09:49:40 | INFO     | t=7038.0: LOCO[LOCO_01] → SHUNTING_PREP at retrofit (1.0 min)
09:49:40 | INFO     | t=7038.0: LOCO → Allocating for pickup from WS_01
09:49:40 | INFO     | t=7038.0: DISPATCHER → Task submitted: workshop_to_retrofitted (pending=3)
09:49:40 | INFO     | t=7044.0: LOCO[LOCO_01] → DECOUPLING at WS_02 (3.0 min)
09:49:40 | INFO     | t=7047.0: RAKE[W8082,W8383] → DECOUPLING at WS_02 (1 couplings, 3.0 min)
09:49:40 | INFO     | t=7050.0: WAGON[W8082] → RETROFIT_STARTED at WS_02
09:49:40 | INFO     | t=7050.0: WAGON[W8383] → RETROFIT_STARTED at WS_02
09:49:40 | INFO     | t=7055.0: DISPATCHER → Assigned loco LOCO_01 to workshop_to_retrofitted (waited 17.0 min, pending=2)
09:49:40 | INFO     | t=7055.0: LOCO[LOCO_01] → Allocated for pickup
09:49:40 | INFO     | t=7062.0: LOCO[LOCO_01] → TRAIN_PREP completed at WS_01 (2.0 min)
09:49:40 | INFO     | t=7067.0: BATCH → Putting 2 wagons on retrofitted track retrofitted
09:49:40 | INFO     | t=7067.0: WAGON[W5575] → Added to retrofitted track retrofitted
09:49:40 | INFO     | t=7067.0: WAGON[W8085] → Added to retrofitted track retrofitted
09:49:40 | INFO     | t=7072.0: WORKSHOP[WS_01] → Released, notifying 1 waiting processes
09:49:40 | INFO     | t=7072.0: WORKSHOP → Workshop became available
09:49:40 | INFO     | t=7072.0: WORKSHOP[WS_01] → Selected for batch
09:49:40 | INFO     | t=7072.0: DISPATCHER → Assigned loco LOCO_01 to collection_to_retrofit (waited 149.5 min, pending=1)
09:49:40 | INFO     | t=7072.0: WAGON[W0924] → Added to batch
09:49:40 | INFO     | t=7072.0: BATCH[W11596,W0924] → Formed 2 wagons for WS_01
09:49:40 | INFO     | t=7072.0: TRACK[retrofit] → Removed 2 wagons (39.5m freed)
09:49:40 | INFO     | t=7072.0: DISPATCHER → Task submitted: retrofit_to_workshop (pending=2)
09:49:40 | INFO     | t=7089.0: LOCO[LOCO_02] → Releasing
09:49:40 | INFO     | t=7089.0: LOCO[LOCO_02] → Released
09:49:40 | INFO     | t=7089.0: PARKING → Got wagon W5057 from retrofitted
09:49:40 | INFO     | t=7089.0: DISPATCHER → Assigned loco LOCO_02 to retrofit_to_workshop (waited 17.0 min, pending=1)
09:49:40 | INFO     | t=7089.0: RAKE[W11596,W0924] → COUPLING at retrofit (1 couplings, 2.0 min)
09:49:40 | INFO     | t=7089.0: WAGON[W0685] → Retrieved from retrofit queue
09:49:40 | INFO     | t=7089.0: WORKSHOP → No workshop available, waiting...
09:49:40 | INFO     | t=7089.0: LOCO → Allocating for parking transport
09:49:40 | INFO     | t=7089.0: DISPATCHER → Task submitted: retrofitted_to_parking (pending=2)
09:49:40 | INFO     | t=7096.0: LOCO[LOCO_02] → COUPLING at retrofit (2.0 min)
09:49:40 | INFO     | t=7098.0: LOCO[LOCO_02] → SHUNTING_PREP at retrofit (1.0 min)
09:49:40 | INFO     | t=7104.0: LOCO[LOCO_02] → DECOUPLING at WS_01 (3.0 min)
09:49:40 | INFO     | t=7107.0: RAKE[W11596,W0924] → DECOUPLING at WS_01 (1 couplings, 3.0 min)
09:49:40 | INFO     | t=7110.0: WAGON[W11596] → RETROFIT_STARTED at WS_01
09:49:40 | INFO     | t=7110.0: WAGON[W0924] → RETROFIT_STARTED at WS_01
09:49:40 | INFO     | t=7110.0: RAKE[W8082,W8383] → COUPLING at WS_02 (1 couplings, 0.5 min)
09:49:40 | INFO     | t=7110.5: LOCO → Allocating for pickup from WS_02
09:49:40 | INFO     | t=7110.5: DISPATCHER → Task submitted: workshop_to_retrofitted (pending=3)
09:49:40 | INFO     | t=7115.0: DISPATCHER → Assigned loco LOCO_02 to workshop_to_retrofitted (waited 4.5 min, pending=2)
09:49:40 | INFO     | t=7115.0: LOCO[LOCO_02] → Allocated for pickup
09:49:40 | INFO     | t=7122.0: LOCO[LOCO_02] → TRAIN_PREP completed at WS_02 (2.0 min)
09:49:40 | INFO     | t=7127.0: BATCH → Putting 2 wagons on retrofitted track retrofitted
09:49:40 | INFO     | t=7127.0: WAGON[W8082] → Added to retrofitted track retrofitted
09:49:40 | INFO     | t=7127.0: WAGON[W8383] → Added to retrofitted track retrofitted
09:49:40 | INFO     | t=7132.0: LOCO[LOCO_01] → TRAIN_PREP at collection (coupling + prep, 11.0 min)
09:49:40 | INFO     | t=7132.0: WORKSHOP[WS_02] → Released, notifying 1 waiting processes
09:49:40 | INFO     | t=7132.0: WORKSHOP → Workshop became available
09:49:40 | INFO     | t=7132.0: WORKSHOP[WS_02] → Selected for batch
09:49:40 | INFO     | t=7132.0: DISPATCHER → Assigned loco LOCO_02 to collection_to_retrofit (waited 192.5 min, pending=1)
09:49:40 | INFO     | t=7132.0: WAGON[W11953] → Added to batch
09:49:40 | INFO     | t=7132.0: BATCH[W0685,W11953] → Formed 2 wagons for WS_02
09:49:40 | INFO     | t=7132.0: TRACK[retrofit] → Removed 2 wagons (39.5m freed)
09:49:40 | INFO     | t=7132.0: DISPATCHER → Task submitted: retrofit_to_workshop (pending=2)
09:49:40 | INFO     | EVENT_PUBLISHED: TrainArrivedEvent | train=T96 | time=7167.5
09:49:40 | INFO     | EVENT_HANDLING: TrainArrivedEvent -> RetrofitWorkshopContext._handle_train_arrived
09:49:40 | INFO     | EVENT_HANDLED: TrainArrivedEvent by RetrofitWorkshopContext._handle_train_arrived
09:49:40 | INFO     | t=7170.0: RAKE[W11596,W0924] → COUPLING at WS_01 (1 couplings, 0.5 min)
09:49:40 | INFO     | t=7170.5: LOCO → Allocating for pickup from WS_01
09:49:40 | INFO     | t=7170.5: DISPATCHER → Task submitted: workshop_to_retrofitted (pending=3)
09:49:40 | INFO     | t=7192.0: LOCO[LOCO_02] → TRAIN_PREP at collection (coupling + prep, 3.0 min)
09:49:40 | INFO     | EVENT_PUBLISHED: TrainArrivedEvent | train=T97 | time=7195.2
09:49:40 | INFO     | EVENT_HANDLING: TrainArrivedEvent -> RetrofitWorkshopContext._handle_train_arrived
09:49:40 | INFO     | EVENT_HANDLED: TrainArrivedEvent by RetrofitWorkshopContext._handle_train_arrived
09:49:40 | INFO     | t=7203.0: LOCO[LOCO_01] → DECOUPLING at retrofit (15.0 min)
09:49:40 | INFO     | t=7218.0: RAKE[W9067,W0117,W0191,W0677,W7316] → DECOUPLING at retrofit (4 couplings, 12.0 min)
09:49:40 | INFO     | t=7235.0: DISPATCHER → Hold override for retrofitted_to_parking (waited 146.0 min >= max 45.0 min)
09:49:40 | INFO     | t=7235.0: DISPATCHER → Assigned loco LOCO_01 to workshop_to_retrofitted (waited 64.5 min, pending=2)
09:49:40 | INFO     | t=7235.0: DISPATCHER → Hold override for retrofitted_to_parking (waited 146.0 min >= max 45.0 min)
09:49:40 | INFO     | t=7235.0: LOCO[LOCO_01] → Allocated for pickup
09:49:40 | INFO     | t=7235.0: Batch size limited by retrofit capacity: 7 wagons (145.1m) fits, 12 waiting
09:49:40 | INFO     | t=7235.0: COLLECTION → Reserving retrofit track capacity for 7 wagons
09:49:40 | INFO     | t=7235.0: COLLECTION → Capacity reserved, allocating locomotive
09:49:40 | INFO     | t=7235.0: DISPATCHER → Task submitted: collection_to_retrofit (pending=3)
09:49:40 | INFO     | t=7242.0: LOCO[LOCO_01] → TRAIN_PREP completed at WS_01 (2.0 min)
09:49:40 | INFO     | t=7247.0: BATCH → Putting 2 wagons on retrofitted track retrofitted
09:49:40 | INFO     | t=7247.0: WAGON[W11596] → Added to retrofitted track retrofitted
09:49:40 | INFO     | t=7247.0: WAGON[W0924] → Added to retrofitted track retrofitted
09:49:40 | INFO     | t=7252.0: WORKSHOP[WS_01] → Released, notifying 0 waiting processes
09:49:40 | INFO     | t=7252.0: DISPATCHER → Hold override for retrofitted_to_parking (waited 163.0 min >= max 45.0 min)
09:49:40 | INFO     | t=7252.0: DISPATCHER → Assigned loco LOCO_01 to retrofitted_to_parking (waited 163.0 min, pending=2)
09:49:40 | INFO     | t=7252.0: LOCO[LOCO_01] → Allocated for parking transport
09:49:40 | INFO     | EVENT_PUBLISHED: TrainArrivedEvent | train=T98 | time=7254.5
09:49:40 | INFO     | EVENT_HANDLING: TrainArrivedEvent -> RetrofitWorkshopContext._handle_train_arrived
09:49:40 | INFO     | EVENT_HANDLED: TrainArrivedEvent by RetrofitWorkshopContext._handle_train_arrived
09:49:40 | INFO     | t=7255.0: LOCO[LOCO_02] → DECOUPLING at retrofit (3.0 min)
09:49:40 | INFO     | t=7257.0: LOCO[LOCO_01] → TRAIN_PREP at retrofitted (coupling + prep, 5.0 min)
09:49:40 | INFO     | t=7258.0: RAKE[W2853] → DECOUPLING at retrofit (0 couplings, 0.0 min)
09:49:40 | INFO     | t=7263.0: Batch size limited by retrofit capacity: 1 wagons (16.0m) fits, 17 waiting
09:49:40 | INFO     | t=7263.0: DISPATCHER → Assigned loco LOCO_02 to retrofit_to_workshop (waited 131.0 min, pending=1)
09:49:40 | INFO     | t=7263.0: COLLECTION → Reserving retrofit track capacity for 1 wagons
09:49:40 | INFO     | t=7263.0: RAKE[W0685,W11953] → COUPLING at retrofit (1 couplings, 2.0 min)
09:49:40 | INFO     | t=7263.0: WAGON[W9237] → Retrieved from retrofit queue
09:49:40 | INFO     | t=7263.0: WORKSHOP[WS_01] → Selected for batch
09:49:40 | INFO     | t=7263.0: WAGON[W8381] → Added to batch
09:49:40 | INFO     | t=7263.0: BATCH[W9237,W8381] → Formed 2 wagons for WS_01
09:49:40 | INFO     | t=7263.0: TRACK[retrofit] → Removed 2 wagons (47.9m freed)
09:49:40 | INFO     | t=7263.0: DISPATCHER → Task submitted: retrofit_to_workshop (pending=2)
09:49:40 | INFO     | t=7263.0: COLLECTION → Capacity reserved, allocating locomotive
09:49:40 | INFO     | t=7263.0: DISPATCHER → Task submitted: collection_to_retrofit (pending=3)
09:49:40 | INFO     | t=7267.0: LOCO[LOCO_01] → DECOUPLING at parking9 (4.0 min)
09:49:40 | INFO     | t=7270.0: LOCO[LOCO_02] → COUPLING at retrofit (2.0 min)
09:49:40 | INFO     | t=7271.0: RAKE[W5057,W5694,W8052,W5947,W5711,W6884,W5575,W8085] → DECOUPLING at parking9 (7 couplings, 3.5 min)
09:49:40 | INFO     | t=7272.0: LOCO[LOCO_02] → SHUNTING_PREP at retrofit (1.0 min)
09:49:40 | INFO     | EVENT_PUBLISHED: TrainArrivedEvent | train=T99 | time=7273.8
09:49:40 | INFO     | EVENT_HANDLING: TrainArrivedEvent -> RetrofitWorkshopContext._handle_train_arrived
09:49:40 | INFO     | EVENT_HANDLED: TrainArrivedEvent by RetrofitWorkshopContext._handle_train_arrived
09:49:40 | INFO     | t=7278.0: LOCO[LOCO_02] → DECOUPLING at WS_02 (3.0 min)
09:49:40 | INFO     | t=7279.5: LOCO[LOCO_01] → Releasing
09:49:40 | INFO     | t=7279.5: LOCO[LOCO_01] → Released
09:49:40 | INFO     | t=7279.5: PARKING → Got wagon W8082 from retrofitted
09:49:40 | INFO     | t=7279.5: DISPATCHER → Assigned loco LOCO_01 to retrofit_to_workshop (waited 16.5 min, pending=2)
09:49:40 | INFO     | t=7279.5: RAKE[W9237,W8381] → COUPLING at retrofit (1 couplings, 2.0 min)
09:49:40 | INFO     | t=7279.5: WAGON[W9067] → Retrieved from retrofit queue
09:49:40 | INFO     | t=7279.5: WORKSHOP → No workshop available, waiting...
09:49:40 | INFO     | t=7279.5: LOCO → Allocating for parking transport
09:49:40 | INFO     | t=7279.5: DISPATCHER → Task submitted: retrofitted_to_parking (pending=3)
09:49:40 | INFO     | t=7281.0: RAKE[W0685,W11953] → DECOUPLING at WS_02 (1 couplings, 3.0 min)
09:49:40 | INFO     | t=7284.0: WAGON[W0685] → RETROFIT_STARTED at WS_02
09:49:40 | INFO     | t=7284.0: WAGON[W11953] → RETROFIT_STARTED at WS_02
09:49:40 | INFO     | t=7286.5: LOCO[LOCO_01] → COUPLING at retrofit (2.0 min)
09:49:40 | INFO     | t=7288.5: LOCO[LOCO_01] → SHUNTING_PREP at retrofit (1.0 min)
09:49:40 | INFO     | t=7289.0: DISPATCHER → Assigned loco LOCO_02 to retrofitted_to_parking (waited 9.5 min, pending=2)
09:49:40 | INFO     | t=7289.0: LOCO[LOCO_02] → Allocated for parking transport
09:49:40 | INFO     | t=7294.0: LOCO[LOCO_02] → TRAIN_PREP at retrofitted (coupling + prep, 3.0 min)
09:49:40 | INFO     | t=7294.5: LOCO[LOCO_01] → DECOUPLING at WS_01 (3.0 min)
09:49:40 | INFO     | t=7297.5: RAKE[W9237,W8381] → DECOUPLING at WS_01 (1 couplings, 3.0 min)
09:49:40 | INFO     | t=7300.5: WAGON[W9237] → RETROFIT_STARTED at WS_01
09:49:40 | INFO     | t=7300.5: WAGON[W8381] → RETROFIT_STARTED at WS_01
09:49:40 | INFO     | t=7344.0: RAKE[W0685,W11953] → COUPLING at WS_02 (1 couplings, 0.5 min)
09:49:40 | INFO     | t=7344.5: LOCO → Allocating for pickup from WS_02
09:49:40 | INFO     | t=7344.5: DISPATCHER → Task submitted: workshop_to_retrofitted (pending=3)
09:49:40 | INFO     | t=7344.5: DISPATCHER → Assigned loco LOCO_01 to workshop_to_retrofitted (waited 0.0 min, pending=2)
09:49:40 | INFO     | t=7344.5: LOCO[LOCO_01] → Allocated for pickup
09:49:40 | INFO     | t=7351.5: LOCO[LOCO_01] → TRAIN_PREP completed at WS_02 (2.0 min)
09:49:40 | INFO     | t=7356.5: BATCH → Putting 2 wagons on retrofitted track retrofitted
09:49:40 | INFO     | t=7356.5: WAGON[W0685] → Added to retrofitted track retrofitted
09:49:40 | INFO     | t=7356.5: WAGON[W11953] → Added to retrofitted track retrofitted
09:49:40 | INFO     | t=7357.0: LOCO[LOCO_02] → DECOUPLING at parking11 (2.0 min)
09:49:40 | INFO     | t=7359.0: RAKE[W8082,W8383,W11596,W0924] → DECOUPLING at parking11 (3 couplings, 1.5 min)
09:49:40 | INFO     | EVENT_PUBLISHED: TrainArrivedEvent | train=T100 | time=7360.2
09:49:40 | INFO     | EVENT_HANDLING: TrainArrivedEvent -> RetrofitWorkshopContext._handle_train_arrived
09:49:40 | INFO     | EVENT_HANDLED: TrainArrivedEvent by RetrofitWorkshopContext._handle_train_arrived
09:49:40 | INFO     | t=7360.5: RAKE[W9237,W8381] → COUPLING at WS_01 (1 couplings, 0.5 min)
09:49:40 | INFO     | t=7361.0: LOCO → Allocating for pickup from WS_01
09:49:40 | INFO     | t=7361.0: DISPATCHER → Task submitted: workshop_to_retrofitted (pending=3)
09:49:40 | INFO     | t=7361.5: WORKSHOP[WS_02] → Released, notifying 1 waiting processes
09:49:40 | INFO     | t=7361.5: WORKSHOP → Workshop became available
09:49:40 | INFO     | t=7361.5: WORKSHOP[WS_02] → Selected for batch
09:49:40 | INFO     | t=7361.5: DISPATCHER → Assigned loco LOCO_01 to workshop_to_retrofitted (waited 0.5 min, pending=2)
09:49:40 | INFO     | t=7361.5: WAGON[W0117] → Added to batch
09:49:40 | INFO     | t=7361.5: BATCH[W9067,W0117] → Formed 2 wagons for WS_02
09:49:40 | INFO     | t=7361.5: LOCO[LOCO_01] → Allocated for pickup
09:49:40 | INFO     | t=7361.5: TRACK[retrofit] → Removed 2 wagons (33.5m freed)
09:49:40 | INFO     | t=7361.5: DISPATCHER → Task submitted: retrofit_to_workshop (pending=3)
09:49:40 | INFO     | t=7368.5: LOCO[LOCO_01] → TRAIN_PREP completed at WS_01 (2.0 min)
09:49:40 | INFO     | t=7373.5: BATCH → Putting 2 wagons on retrofitted track retrofitted
09:49:40 | INFO     | t=7373.5: WAGON[W9237] → Added to retrofitted track retrofitted
09:49:40 | INFO     | t=7373.5: WAGON[W8381] → Added to retrofitted track retrofitted
09:49:40 | INFO     | EVENT_PUBLISHED: TrainArrivedEvent | train=T101 | time=7375.2
09:49:40 | INFO     | EVENT_HANDLING: TrainArrivedEvent -> RetrofitWorkshopContext._handle_train_arrived
09:49:40 | INFO     | EVENT_HANDLED: TrainArrivedEvent by RetrofitWorkshopContext._handle_train_arrived
09:49:40 | INFO     | t=7378.5: WORKSHOP[WS_01] → Released, notifying 0 waiting processes
09:49:40 | INFO     | t=7378.5: DISPATCHER → Assigned loco LOCO_01 to retrofit_to_workshop (waited 17.0 min, pending=2)
09:49:40 | INFO     | t=7378.5: RAKE[W9067,W0117] → COUPLING at retrofit (1 couplings, 2.0 min)
09:49:40 | INFO     | t=7378.5: WAGON[W0191] → Retrieved from retrofit queue
09:49:40 | INFO     | t=7378.5: WORKSHOP[WS_01] → Selected for batch
09:49:40 | INFO     | t=7378.5: WAGON[W0677] → Added to batch
09:49:40 | INFO     | t=7378.5: BATCH[W0191,W0677] → Formed 2 wagons for WS_01
09:49:40 | INFO     | t=7378.5: TRACK[retrofit] → Removed 2 wagons (44.0m freed)
09:49:40 | INFO     | t=7378.5: DISPATCHER → Task submitted: retrofit_to_workshop (pending=3)
09:49:40 | INFO     | t=7385.5: LOCO[LOCO_01] → COUPLING at retrofit (2.0 min)
09:49:40 | INFO     | t=7387.5: LOCO[LOCO_01] → SHUNTING_PREP at retrofit (1.0 min)
09:49:40 | INFO     | t=7393.5: LOCO[LOCO_01] → DECOUPLING at WS_02 (3.0 min)
09:49:40 | INFO     | t=7396.5: RAKE[W9067,W0117] → DECOUPLING at WS_02 (1 couplings, 3.0 min)
09:49:40 | INFO     | t=7399.5: WAGON[W9067] → RETROFIT_STARTED at WS_02
09:49:40 | INFO     | t=7399.5: WAGON[W0117] → RETROFIT_STARTED at WS_02
09:49:40 | INFO     | t=7404.5: DISPATCHER → Assigned loco LOCO_01 to retrofit_to_workshop (waited 26.0 min, pending=2)
09:49:40 | INFO     | t=7404.5: RAKE[W0191,W0677] → COUPLING at retrofit (1 couplings, 2.0 min)
09:49:40 | INFO     | t=7404.5: WAGON[W7316] → Retrieved from retrofit queue
09:49:40 | INFO     | t=7404.5: WORKSHOP → No workshop available, waiting...
09:49:40 | INFO     | t=7411.5: LOCO[LOCO_01] → COUPLING at retrofit (2.0 min)
09:49:40 | INFO     | t=7413.5: LOCO[LOCO_01] → SHUNTING_PREP at retrofit (1.0 min)
09:49:40 | INFO     | t=7419.5: LOCO[LOCO_01] → DECOUPLING at WS_01 (3.0 min)
09:49:40 | INFO     | t=7420.5: LOCO[LOCO_02] → Releasing
09:49:40 | INFO     | t=7420.5: LOCO[LOCO_02] → Released
09:49:40 | INFO     | t=7420.5: PARKING → Got wagon W0685 from retrofitted
09:49:40 | INFO     | t=7420.5: DISPATCHER → Assigned loco LOCO_02 to collection_to_retrofit (waited 185.5 min, pending=1)
09:49:40 | INFO     | t=7420.5: LOCO → Allocating for parking transport
09:49:40 | INFO     | t=7420.5: DISPATCHER → Task submitted: retrofitted_to_parking (pending=2)
09:49:40 | INFO     | t=7422.5: RAKE[W0191,W0677] → DECOUPLING at WS_01 (1 couplings, 3.0 min)
09:49:40 | INFO     | t=7425.5: WAGON[W0191] → RETROFIT_STARTED at WS_01
09:49:40 | INFO     | t=7425.5: WAGON[W0677] → RETROFIT_STARTED at WS_01
09:49:40 | INFO     | t=7430.5: DISPATCHER → Assigned loco LOCO_01 to collection_to_retrofit (waited 167.5 min, pending=1)
09:49:40 | INFO     | t=7459.5: RAKE[W9067,W0117] → COUPLING at WS_02 (1 couplings, 0.5 min)
09:49:40 | INFO     | t=7460.0: LOCO → Allocating for pickup from WS_02
09:49:40 | INFO     | t=7460.0: DISPATCHER → Task submitted: workshop_to_retrofitted (pending=2)
09:49:40 | INFO     | t=7480.5: LOCO[LOCO_02] → TRAIN_PREP at collection (coupling + prep, 15.0 min)
09:49:40 | INFO     | t=7485.5: RAKE[W0191,W0677] → COUPLING at WS_01 (1 couplings, 0.5 min)
09:49:40 | INFO     | t=7486.0: LOCO → Allocating for pickup from WS_01
09:49:40 | INFO     | t=7486.0: DISPATCHER → Task submitted: workshop_to_retrofitted (pending=3)
09:49:40 | INFO     | t=7490.5: LOCO[LOCO_01] → TRAIN_PREP at collection (coupling + prep, 3.0 min)
09:49:40 | INFO     | t=7553.5: LOCO[LOCO_01] → DECOUPLING at retrofit (3.0 min)
09:49:40 | INFO     | t=7555.5: LOCO[LOCO_02] → DECOUPLING at retrofit (21.0 min)
09:49:40 | INFO     | t=7556.5: RAKE[W2415] → DECOUPLING at retrofit (0 couplings, 0.0 min)
09:49:40 | INFO     | t=7561.5: DISPATCHER → Hold override for retrofitted_to_parking (waited 141.0 min >= max 45.0 min)
09:49:40 | INFO     | t=7561.5: DISPATCHER → Assigned loco LOCO_01 to workshop_to_retrofitted (waited 101.5 min, pending=2)
09:49:40 | INFO     | t=7561.5: DISPATCHER → Hold override for retrofitted_to_parking (waited 141.0 min >= max 45.0 min)
09:49:40 | INFO     | t=7561.5: LOCO[LOCO_01] → Allocated for pickup
09:49:40 | INFO     | t=7561.5: Batch size limited by retrofit capacity: 6 wagons (98.1m) fits, 11 waiting
09:49:40 | INFO     | t=7561.5: COLLECTION → Reserving retrofit track capacity for 6 wagons
09:49:40 | INFO     | t=7561.5: COLLECTION → Capacity reserved, allocating locomotive
09:49:40 | INFO     | t=7561.5: DISPATCHER → Task submitted: collection_to_retrofit (pending=3)
09:49:40 | INFO     | t=7568.5: LOCO[LOCO_01] → TRAIN_PREP completed at WS_02 (2.0 min)
09:49:40 | INFO     | t=7573.5: BATCH → Putting 2 wagons on retrofitted track retrofitted
09:49:40 | INFO     | t=7573.5: WAGON[W9067] → Added to retrofitted track retrofitted
09:49:40 | INFO     | t=7573.5: WAGON[W0117] → Added to retrofitted track retrofitted
09:49:40 | INFO     | t=7576.5: RAKE[W9534,W11482,W10581,W11344,W10258,W10249,W2050] → DECOUPLING at retrofit (6 couplings, 18.0 min)
09:49:40 | INFO     | t=7578.5: WORKSHOP[WS_02] → Released, notifying 1 waiting processes
09:49:40 | INFO     | t=7578.5: WORKSHOP → Workshop became available
09:49:40 | INFO     | t=7578.5: WORKSHOP[WS_02] → Selected for batch
09:49:40 | INFO     | t=7578.5: DISPATCHER → Hold override for retrofitted_to_parking (waited 158.0 min >= max 45.0 min)
09:49:40 | INFO     | t=7578.5: DISPATCHER → Assigned loco LOCO_01 to workshop_to_retrofitted (waited 92.5 min, pending=2)
09:49:40 | INFO     | t=7578.5: DISPATCHER → Hold override for retrofitted_to_parking (waited 158.0 min >= max 45.0 min)
09:49:40 | INFO     | t=7578.5: WAGON[W2853] → Added to batch
09:49:40 | INFO     | t=7578.5: BATCH[W7316,W2853] → Formed 2 wagons for WS_02
09:49:40 | INFO     | t=7578.5: LOCO[LOCO_01] → Allocated for pickup
09:49:40 | INFO     | t=7578.5: TRACK[retrofit] → Removed 2 wagons (42.3m freed)
09:49:40 | INFO     | t=7578.5: DISPATCHER → Task submitted: retrofit_to_workshop (pending=3)
09:49:40 | INFO     | t=7585.5: LOCO[LOCO_01] → TRAIN_PREP completed at WS_01 (2.0 min)
09:49:40 | INFO     | t=7590.5: BATCH → Putting 2 wagons on retrofitted track retrofitted
09:49:40 | INFO     | t=7590.5: WAGON[W0191] → Added to retrofitted track retrofitted
09:49:40 | INFO     | t=7590.5: WAGON[W0677] → Added to retrofitted track retrofitted
09:49:40 | INFO     | t=7595.5: WORKSHOP[WS_01] → Released, notifying 0 waiting processes
09:49:40 | INFO     | t=7595.5: DISPATCHER → Hold override for retrofitted_to_parking (waited 175.0 min >= max 45.0 min)
09:49:40 | INFO     | t=7595.5: DISPATCHER → Assigned loco LOCO_01 to retrofit_to_workshop (waited 17.0 min, pending=2)
09:49:40 | INFO     | t=7595.5: DISPATCHER → Hold override for retrofitted_to_parking (waited 175.0 min >= max 45.0 min)
09:49:40 | INFO     | t=7595.5: RAKE[W7316,W2853] → COUPLING at retrofit (1 couplings, 2.0 min)
09:49:40 | INFO     | t=7595.5: WAGON[W2415] → Retrieved from retrofit queue
09:49:40 | INFO     | t=7595.5: WORKSHOP[WS_01] → Selected for batch
09:49:40 | INFO     | t=7595.5: WAGON[W9534] → Added to batch
09:49:40 | INFO     | t=7595.5: BATCH[W2415,W9534] → Formed 2 wagons for WS_01
09:49:40 | INFO     | t=7595.5: TRACK[retrofit] → Removed 2 wagons (35.0m freed)
09:49:40 | INFO     | t=7595.5: DISPATCHER → Task submitted: retrofit_to_workshop (pending=3)
09:49:40 | INFO     | t=7599.5: DISPATCHER → Hold override for retrofitted_to_parking (waited 179.0 min >= max 45.0 min)
09:49:40 | INFO     | t=7599.5: DISPATCHER → Assigned loco LOCO_02 to retrofit_to_workshop (waited 4.0 min, pending=2)
09:49:40 | INFO     | t=7599.5: DISPATCHER → Hold override for retrofitted_to_parking (waited 179.0 min >= max 45.0 min)
09:49:40 | INFO     | t=7599.5: RAKE[W2415,W9534] → COUPLING at retrofit (1 couplings, 2.0 min)
09:49:40 | INFO     | t=7599.5: WAGON[W11482] → Retrieved from retrofit queue
09:49:40 | INFO     | t=7599.5: WORKSHOP → No workshop available, waiting...
09:49:40 | INFO     | t=7599.5: Batch size limited by retrofit capacity: 4 wagons (79.5m) fits, 14 waiting
09:49:40 | INFO     | t=7599.5: COLLECTION → Reserving retrofit track capacity for 4 wagons
09:49:40 | INFO     | t=7599.5: COLLECTION → Capacity reserved, allocating locomotive
09:49:40 | INFO     | t=7599.5: DISPATCHER → Task submitted: collection_to_retrofit (pending=3)
09:49:40 | INFO     | t=7602.5: LOCO[LOCO_01] → COUPLING at retrofit (2.0 min)
09:49:40 | INFO     | t=7604.5: LOCO[LOCO_01] → SHUNTING_PREP at retrofit (1.0 min)
09:49:40 | INFO     | t=7606.5: LOCO[LOCO_02] → COUPLING at retrofit (2.0 min)
09:49:40 | INFO     | t=7608.5: LOCO[LOCO_02] → SHUNTING_PREP at retrofit (1.0 min)
09:49:40 | INFO     | t=7610.5: LOCO[LOCO_01] → DECOUPLING at WS_02 (3.0 min)
09:49:40 | INFO     | t=7613.5: RAKE[W7316,W2853] → DECOUPLING at WS_02 (1 couplings, 3.0 min)
09:49:40 | INFO     | t=7614.5: LOCO[LOCO_02] → DECOUPLING at WS_01 (3.0 min)
09:49:40 | INFO     | t=7616.5: WAGON[W7316] → RETROFIT_STARTED at WS_02
09:49:40 | INFO     | t=7616.5: WAGON[W2853] → RETROFIT_STARTED at WS_02
09:49:40 | INFO     | t=7617.5: RAKE[W2415,W9534] → DECOUPLING at WS_01 (1 couplings, 3.0 min)
09:49:40 | INFO     | t=7620.5: WAGON[W2415] → RETROFIT_STARTED at WS_01
09:49:40 | INFO     | t=7620.5: WAGON[W9534] → RETROFIT_STARTED at WS_01
09:49:40 | INFO     | t=7621.5: DISPATCHER → Hold override for retrofitted_to_parking (waited 201.0 min >= max 45.0 min)
09:49:40 | INFO     | t=7621.5: DISPATCHER → Assigned loco LOCO_01 to retrofitted_to_parking (waited 201.0 min, pending=2)
09:49:40 | INFO     | t=7621.5: LOCO[LOCO_01] → Allocated for parking transport
09:49:40 | INFO     | t=7626.5: LOCO[LOCO_01] → TRAIN_PREP at retrofitted (coupling + prep, 3.0 min)
09:49:40 | INFO     | t=7676.5: RAKE[W7316,W2853] → COUPLING at WS_02 (1 couplings, 0.5 min)
09:49:40 | INFO     | t=7677.0: LOCO → Allocating for pickup from WS_02
09:49:40 | INFO     | t=7677.0: DISPATCHER → Task submitted: workshop_to_retrofitted (pending=3)
09:49:40 | INFO     | t=7677.0: DISPATCHER → Assigned loco LOCO_02 to workshop_to_retrofitted (waited 0.0 min, pending=2)
09:49:40 | INFO     | t=7677.0: LOCO[LOCO_02] → Allocated for pickup
09:49:40 | INFO     | t=7680.5: RAKE[W2415,W9534] → COUPLING at WS_01 (1 couplings, 0.5 min)
09:49:40 | INFO     | t=7681.0: LOCO → Allocating for pickup from WS_01
09:49:40 | INFO     | t=7681.0: DISPATCHER → Task submitted: workshop_to_retrofitted (pending=3)
09:49:40 | INFO     | t=7684.0: LOCO[LOCO_02] → TRAIN_PREP completed at WS_02 (2.0 min)
09:49:40 | INFO     | t=7689.0: BATCH → Putting 2 wagons on retrofitted track retrofitted
09:49:40 | INFO     | t=7689.0: WAGON[W7316] → Added to retrofitted track retrofitted
09:49:40 | INFO     | t=7689.0: WAGON[W2853] → Added to retrofitted track retrofitted
09:49:40 | INFO     | t=7689.5: LOCO[LOCO_01] → DECOUPLING at parking10 (2.0 min)
09:49:40 | INFO     | t=7691.5: RAKE[W0685,W11953,W9237,W8381] → DECOUPLING at parking10 (3 couplings, 1.5 min)
09:49:40 | INFO     | t=7694.0: WORKSHOP[WS_02] → Released, notifying 1 waiting processes
09:49:40 | INFO     | t=7694.0: WORKSHOP → Workshop became available
09:49:40 | INFO     | t=7694.0: WORKSHOP[WS_02] → Selected for batch
09:49:40 | INFO     | t=7694.0: DISPATCHER → Assigned loco LOCO_02 to workshop_to_retrofitted (waited 13.0 min, pending=2)
09:49:40 | INFO     | t=7694.0: WAGON[W10581] → Added to batch
09:49:40 | INFO     | t=7694.0: BATCH[W11482,W10581] → Formed 2 wagons for WS_02
09:49:40 | INFO     | t=7694.0: LOCO[LOCO_02] → Allocated for pickup
09:49:40 | INFO     | t=7694.0: TRACK[retrofit] → Removed 2 wagons (47.2m freed)
09:49:40 | INFO     | t=7694.0: DISPATCHER → Task submitted: retrofit_to_workshop (pending=3)
09:49:40 | INFO     | t=7701.0: LOCO[LOCO_02] → TRAIN_PREP completed at WS_01 (2.0 min)
09:49:40 | INFO     | t=7706.0: BATCH → Putting 2 wagons on retrofitted track retrofitted
09:49:40 | INFO     | t=7706.0: WAGON[W2415] → Added to retrofitted track retrofitted
09:49:40 | INFO     | t=7706.0: WAGON[W9534] → Added to retrofitted track retrofitted
09:49:40 | INFO     | t=7711.0: WORKSHOP[WS_01] → Released, notifying 0 waiting processes
09:49:40 | INFO     | t=7711.0: DISPATCHER → Assigned loco LOCO_02 to retrofit_to_workshop (waited 17.0 min, pending=2)
09:49:40 | INFO     | t=7711.0: RAKE[W11482,W10581] → COUPLING at retrofit (1 couplings, 2.0 min)
09:49:40 | INFO     | t=7711.0: WAGON[W11344] → Retrieved from retrofit queue
09:49:40 | INFO     | t=7711.0: WORKSHOP[WS_01] → Selected for batch
09:49:40 | INFO     | t=7711.0: WAGON[W10258] → Added to batch
09:49:40 | INFO     | t=7711.0: BATCH[W11344,W10258] → Formed 2 wagons for WS_01
09:49:40 | INFO     | t=7711.0: TRACK[retrofit] → Removed 2 wagons (39.8m freed)
09:49:40 | INFO     | t=7711.0: DISPATCHER → Task submitted: retrofit_to_workshop (pending=3)
09:49:40 | INFO     | t=7718.0: LOCO[LOCO_02] → COUPLING at retrofit (2.0 min)
09:49:40 | INFO     | t=7720.0: LOCO[LOCO_02] → SHUNTING_PREP at retrofit (1.0 min)
09:49:40 | INFO     | t=7726.0: LOCO[LOCO_02] → DECOUPLING at WS_02 (3.0 min)
09:49:40 | INFO     | t=7729.0: RAKE[W11482,W10581] → DECOUPLING at WS_02 (1 couplings, 3.0 min)
09:49:40 | INFO     | t=7732.0: WAGON[W11482] → RETROFIT_STARTED at WS_02
09:49:40 | INFO     | t=7732.0: WAGON[W10581] → RETROFIT_STARTED at WS_02
09:49:40 | INFO     | t=7737.0: DISPATCHER → Assigned loco LOCO_02 to retrofit_to_workshop (waited 26.0 min, pending=2)
09:49:40 | INFO     | t=7737.0: RAKE[W11344,W10258] → COUPLING at retrofit (1 couplings, 2.0 min)
09:49:40 | INFO     | t=7737.0: WAGON[W10249] → Retrieved from retrofit queue
09:49:40 | INFO     | t=7737.0: WORKSHOP → No workshop available, waiting...
09:49:40 | INFO     | t=7744.0: LOCO[LOCO_02] → COUPLING at retrofit (2.0 min)
09:49:40 | INFO     | t=7746.0: LOCO[LOCO_02] → SHUNTING_PREP at retrofit (1.0 min)
09:49:40 | INFO     | t=7752.0: LOCO[LOCO_02] → DECOUPLING at WS_01 (3.0 min)
09:49:40 | INFO     | t=7753.0: LOCO[LOCO_01] → Releasing
09:49:40 | INFO     | t=7753.0: LOCO[LOCO_01] → Released
09:49:40 | INFO     | t=7753.0: PARKING → Got wagon W9067 from retrofitted
09:49:40 | INFO     | t=7753.0: DISPATCHER → Assigned loco LOCO_01 to collection_to_retrofit (waited 191.5 min, pending=1)
09:49:40 | INFO     | t=7753.0: LOCO → Allocating for parking transport
09:49:40 | INFO     | t=7753.0: DISPATCHER → Task submitted: retrofitted_to_parking (pending=2)
09:49:40 | INFO     | t=7755.0: RAKE[W11344,W10258] → DECOUPLING at WS_01 (1 couplings, 3.0 min)
09:49:40 | INFO     | t=7758.0: WAGON[W11344] → RETROFIT_STARTED at WS_01
09:49:40 | INFO     | t=7758.0: WAGON[W10258] → RETROFIT_STARTED at WS_01
09:49:40 | INFO     | t=7763.0: DISPATCHER → Assigned loco LOCO_02 to collection_to_retrofit (waited 163.5 min, pending=1)
09:49:40 | INFO     | t=7792.0: RAKE[W11482,W10581] → COUPLING at WS_02 (1 couplings, 0.5 min)
09:49:40 | INFO     | t=7792.5: LOCO → Allocating for pickup from WS_02
09:49:40 | INFO     | t=7792.5: DISPATCHER → Task submitted: workshop_to_retrofitted (pending=2)
09:49:40 | INFO     | t=7813.0: LOCO[LOCO_01] → TRAIN_PREP at collection (coupling + prep, 13.0 min)
09:49:40 | INFO     | t=7818.0: RAKE[W11344,W10258] → COUPLING at WS_01 (1 couplings, 0.5 min)
09:49:40 | INFO     | t=7818.5: LOCO → Allocating for pickup from WS_01
09:49:40 | INFO     | t=7818.5: DISPATCHER → Task submitted: workshop_to_retrofitted (pending=3)
09:49:40 | INFO     | t=7823.0: LOCO[LOCO_02] → TRAIN_PREP at collection (coupling + prep, 9.0 min)
09:49:40 | INFO     | EVENT_PUBLISHED: TrainArrivedEvent | train=T102 | time=7881.5
09:49:40 | INFO     | EVENT_HANDLING: TrainArrivedEvent -> RetrofitWorkshopContext._handle_train_arrived
09:49:40 | INFO     | EVENT_HANDLED: TrainArrivedEvent by RetrofitWorkshopContext._handle_train_arrived
09:49:40 | INFO     | t=7886.0: LOCO[LOCO_01] → DECOUPLING at retrofit (18.0 min)
09:49:40 | INFO     | t=7892.0: LOCO[LOCO_02] → DECOUPLING at retrofit (12.0 min)
09:49:40 | INFO     | t=7904.0: RAKE[W10093,W11640,W8671,W11252,W5452,W6800] → DECOUPLING at retrofit (5 couplings, 15.0 min)
09:49:40 | INFO     | t=7904.0: RAKE[W2386,W10254,W12057,W2136] → DECOUPLING at retrofit (3 couplings, 9.0 min)
09:49:40 | INFO     | t=7918.0: DISPATCHER → Hold override for retrofitted_to_parking (waited 165.0 min >= max 45.0 min)
09:49:40 | INFO     | t=7918.0: DISPATCHER → Assigned loco LOCO_02 to workshop_to_retrofitted (waited 125.5 min, pending=2)
09:49:40 | INFO     | t=7918.0: DISPATCHER → Hold override for retrofitted_to_parking (waited 165.0 min >= max 45.0 min)
09:49:40 | INFO     | t=7918.0: LOCO[LOCO_02] → Allocated for pickup
09:49:40 | INFO     | t=7918.0: Batch size limited by retrofit capacity: 5 wagons (87.8m) fits, 14 waiting
09:49:40 | INFO     | t=7918.0: COLLECTION → Reserving retrofit track capacity for 5 wagons
09:49:40 | INFO     | t=7918.0: COLLECTION → Capacity reserved, allocating locomotive
09:49:40 | INFO     | t=7918.0: DISPATCHER → Task submitted: collection_to_retrofit (pending=3)
09:49:40 | INFO     | t=7924.0: Batch size limited by retrofit capacity: 1 wagons (34.2m) fits, 10 waiting
09:49:40 | INFO     | t=7924.0: DISPATCHER → Hold override for retrofitted_to_parking (waited 171.0 min >= max 45.0 min)
09:49:40 | INFO     | t=7924.0: DISPATCHER → Assigned loco LOCO_01 to workshop_to_retrofitted (waited 105.5 min, pending=2)
09:49:40 | INFO     | t=7924.0: DISPATCHER → Hold override for retrofitted_to_parking (waited 171.0 min >= max 45.0 min)
09:49:40 | INFO     | t=7924.0: COLLECTION → Reserving retrofit track capacity for 1 wagons
09:49:40 | INFO     | t=7924.0: LOCO[LOCO_01] → Allocated for pickup
09:49:40 | INFO     | t=7925.0: LOCO[LOCO_02] → TRAIN_PREP completed at WS_02 (2.0 min)
09:49:40 | INFO     | EVENT_PUBLISHED: TrainArrivedEvent | train=T103 | time=7926.0
09:49:40 | INFO     | EVENT_HANDLING: TrainArrivedEvent -> RetrofitWorkshopContext._handle_train_arrived
09:49:40 | INFO     | EVENT_HANDLED: TrainArrivedEvent by RetrofitWorkshopContext._handle_train_arrived
09:49:40 | INFO     | EVENT_PUBLISHED: TrainArrivedEvent | train=T104 | time=7927.8
09:49:40 | INFO     | EVENT_HANDLING: TrainArrivedEvent -> RetrofitWorkshopContext._handle_train_arrived
09:49:40 | INFO     | EVENT_HANDLED: TrainArrivedEvent by RetrofitWorkshopContext._handle_train_arrived
09:49:40 | INFO     | t=7930.0: BATCH → Putting 2 wagons on retrofitted track retrofitted
09:49:40 | INFO     | t=7930.0: WAGON[W11482] → Added to retrofitted track retrofitted
09:49:40 | INFO     | t=7930.0: WAGON[W10581] → Added to retrofitted track retrofitted
09:49:40 | INFO     | t=7931.0: LOCO[LOCO_01] → TRAIN_PREP completed at WS_01 (2.0 min)
09:49:40 | INFO     | t=7935.0: WORKSHOP[WS_02] → Released, notifying 1 waiting processes
09:49:40 | INFO     | t=7935.0: WORKSHOP → Workshop became available
09:49:40 | INFO     | t=7935.0: WORKSHOP[WS_02] → Selected for batch
09:49:40 | INFO     | t=7935.0: DISPATCHER → Hold override for retrofitted_to_parking (waited 182.0 min >= max 45.0 min)
09:49:40 | INFO     | t=7935.0: DISPATCHER → Assigned loco LOCO_02 to retrofitted_to_parking (waited 182.0 min, pending=1)
09:49:40 | INFO     | t=7935.0: WAGON[W2050] → Added to batch
09:49:40 | INFO     | t=7935.0: BATCH[W10249,W2050] → Formed 2 wagons for WS_02
09:49:40 | INFO     | t=7935.0: LOCO[LOCO_02] → Allocated for parking transport
09:49:40 | INFO     | t=7935.0: TRACK[retrofit] → Removed 2 wagons (39.1m freed)
09:49:40 | INFO     | t=7935.0: DISPATCHER → Task submitted: retrofit_to_workshop (pending=2)
09:49:40 | INFO     | t=7935.0: COLLECTION → Capacity reserved, allocating locomotive
09:49:40 | INFO     | t=7935.0: DISPATCHER → Task submitted: collection_to_retrofit (pending=3)
09:49:40 | INFO     | t=7936.0: BATCH → Putting 2 wagons on retrofitted track retrofitted
09:49:40 | INFO     | t=7936.0: WAGON[W11344] → Added to retrofitted track retrofitted
09:49:40 | INFO     | t=7936.0: WAGON[W10258] → Added to retrofitted track retrofitted
09:49:40 | INFO     | t=7940.0: LOCO[LOCO_02] → TRAIN_PREP at retrofitted (coupling + prep, 5.0 min)
09:49:40 | INFO     | t=7941.0: WORKSHOP[WS_01] → Released, notifying 0 waiting processes
09:49:40 | INFO     | t=7941.0: DISPATCHER → Assigned loco LOCO_01 to retrofit_to_workshop (waited 6.0 min, pending=2)
09:49:40 | INFO     | t=7941.0: RAKE[W10249,W2050] → COUPLING at retrofit (1 couplings, 2.0 min)
09:49:40 | INFO     | t=7941.0: WAGON[W10093] → Retrieved from retrofit queue
09:49:40 | INFO     | t=7941.0: WORKSHOP[WS_01] → Selected for batch
09:49:40 | INFO     | t=7941.0: WAGON[W11640] → Added to batch
09:49:40 | INFO     | t=7941.0: BATCH[W10093,W11640] → Formed 2 wagons for WS_01
09:49:40 | INFO     | t=7941.0: TRACK[retrofit] → Removed 2 wagons (31.7m freed)
09:49:40 | INFO     | t=7941.0: DISPATCHER → Task submitted: retrofit_to_workshop (pending=3)
09:49:40 | INFO     | t=7948.0: LOCO[LOCO_01] → COUPLING at retrofit (2.0 min)
09:49:40 | INFO     | t=7950.0: LOCO[LOCO_01] → SHUNTING_PREP at retrofit (1.0 min)
09:49:40 | INFO     | t=7956.0: LOCO[LOCO_01] → DECOUPLING at WS_02 (3.0 min)
09:49:40 | INFO     | t=7959.0: RAKE[W10249,W2050] → DECOUPLING at WS_02 (1 couplings, 3.0 min)
09:49:40 | INFO     | t=7962.0: WAGON[W10249] → RETROFIT_STARTED at WS_02
09:49:40 | INFO     | t=7962.0: WAGON[W2050] → RETROFIT_STARTED at WS_02
09:49:40 | INFO     | t=7967.0: DISPATCHER → Assigned loco LOCO_01 to retrofit_to_workshop (waited 26.0 min, pending=2)
09:49:40 | INFO     | t=7967.0: RAKE[W10093,W11640] → COUPLING at retrofit (1 couplings, 2.0 min)
09:49:40 | INFO     | t=7967.0: WAGON[W8671] → Retrieved from retrofit queue
09:49:40 | INFO     | t=7967.0: WORKSHOP → No workshop available, waiting...
09:49:40 | INFO     | t=7974.0: LOCO[LOCO_01] → COUPLING at retrofit (2.0 min)
09:49:40 | INFO     | t=7976.0: LOCO[LOCO_01] → SHUNTING_PREP at retrofit (1.0 min)
09:49:40 | INFO     | t=7982.0: LOCO[LOCO_01] → DECOUPLING at WS_01 (3.0 min)
09:49:40 | INFO     | EVENT_PUBLISHED: TrainArrivedEvent | train=T105 | time=7982.8
09:49:40 | INFO     | EVENT_HANDLING: TrainArrivedEvent -> RetrofitWorkshopContext._handle_train_arrived
09:49:40 | INFO     | EVENT_HANDLED: TrainArrivedEvent by RetrofitWorkshopContext._handle_train_arrived
09:49:40 | INFO     | t=7985.0: RAKE[W10093,W11640] → DECOUPLING at WS_01 (1 couplings, 3.0 min)
09:49:40 | INFO     | t=7988.0: WAGON[W10093] → RETROFIT_STARTED at WS_01
09:49:40 | INFO     | t=7988.0: WAGON[W11640] → RETROFIT_STARTED at WS_01
09:49:40 | INFO     | t=7993.0: DISPATCHER → Assigned loco LOCO_01 to collection_to_retrofit (waited 75.0 min, pending=1)
09:49:40 | INFO     | t=8020.0: LOCO[LOCO_02] → DECOUPLING at parking13 (4.0 min)
09:49:40 | INFO     | t=8022.0: RAKE[W10249,W2050] → COUPLING at WS_02 (1 couplings, 0.5 min)
09:49:40 | INFO     | t=8022.5: LOCO → Allocating for pickup from WS_02
09:49:40 | INFO     | t=8022.5: DISPATCHER → Task submitted: workshop_to_retrofitted (pending=2)
09:49:40 | INFO     | t=8024.0: RAKE[W9067,W0117,W0191,W0677,W7316,W2853,W2415,W9534] → DECOUPLING at parking13 (7 couplings, 3.5 min)
09:49:40 | INFO     | t=8048.0: RAKE[W10093,W11640] → COUPLING at WS_01 (1 couplings, 0.5 min)
09:49:40 | INFO     | t=8048.5: LOCO → Allocating for pickup from WS_01
09:49:40 | INFO     | t=8048.5: DISPATCHER → Task submitted: workshop_to_retrofitted (pending=3)
09:49:40 | INFO     | t=8053.0: LOCO[LOCO_01] → TRAIN_PREP at collection (coupling + prep, 11.0 min)
09:49:40 | INFO     | EVENT_PUBLISHED: TrainArrivedEvent | train=T106 | time=8067.0
09:49:40 | INFO     | EVENT_HANDLING: TrainArrivedEvent -> RetrofitWorkshopContext._handle_train_arrived
09:49:40 | INFO     | EVENT_HANDLED: TrainArrivedEvent by RetrofitWorkshopContext._handle_train_arrived
09:49:40 | INFO     | t=8087.5: LOCO[LOCO_02] → Releasing
09:49:40 | INFO     | t=8087.5: LOCO[LOCO_02] → Released
09:49:40 | INFO     | t=8087.5: PARKING → Got wagon W11482 from retrofitted
09:49:40 | INFO     | t=8087.5: DISPATCHER → Assigned loco LOCO_02 to workshop_to_retrofitted (waited 65.0 min, pending=2)
09:49:40 | INFO     | t=8087.5: LOCO[LOCO_02] → Allocated for pickup
09:49:40 | INFO     | t=8087.5: LOCO → Allocating for parking transport
09:49:40 | INFO     | t=8087.5: DISPATCHER → Task submitted: retrofitted_to_parking (pending=3)
09:49:40 | INFO     | EVENT_PUBLISHED: TrainArrivedEvent | train=T107 | time=8087.8
09:49:40 | INFO     | EVENT_HANDLING: TrainArrivedEvent -> RetrofitWorkshopContext._handle_train_arrived
09:49:40 | INFO     | EVENT_HANDLED: TrainArrivedEvent by RetrofitWorkshopContext._handle_train_arrived
09:49:40 | INFO     | t=8094.5: LOCO[LOCO_02] → TRAIN_PREP completed at WS_02 (2.0 min)
09:49:40 | INFO     | t=8099.5: BATCH → Putting 2 wagons on retrofitted track retrofitted
09:49:40 | INFO     | t=8099.5: WAGON[W10249] → Added to retrofitted track retrofitted
09:49:40 | INFO     | t=8099.5: WAGON[W2050] → Added to retrofitted track retrofitted
09:49:40 | INFO     | t=8104.5: WORKSHOP[WS_02] → Released, notifying 1 waiting processes
09:49:40 | INFO     | t=8104.5: WORKSHOP → Workshop became available
09:49:40 | INFO     | t=8104.5: WORKSHOP[WS_02] → Selected for batch
09:49:40 | INFO     | t=8104.5: DISPATCHER → Assigned loco LOCO_02 to workshop_to_retrofitted (waited 56.0 min, pending=2)
09:49:40 | INFO     | t=8104.5: WAGON[W11252] → Added to batch
09:49:40 | INFO     | t=8104.5: BATCH[W8671,W11252] → Formed 2 wagons for WS_02
09:49:40 | INFO     | t=8104.5: LOCO[LOCO_02] → Allocated for pickup
09:49:40 | INFO     | t=8104.5: TRACK[retrofit] → Removed 2 wagons (36.0m freed)
09:49:40 | INFO     | t=8104.5: DISPATCHER → Task submitted: retrofit_to_workshop (pending=3)
09:49:40 | INFO     | t=8111.5: LOCO[LOCO_02] → TRAIN_PREP completed at WS_01 (2.0 min)
09:49:40 | INFO     | EVENT_PUBLISHED: TrainArrivedEvent | train=T108 | time=8114.8
09:49:40 | INFO     | EVENT_HANDLING: TrainArrivedEvent -> RetrofitWorkshopContext._handle_train_arrived
09:49:40 | INFO     | EVENT_HANDLED: TrainArrivedEvent by RetrofitWorkshopContext._handle_train_arrived
09:49:40 | INFO     | t=8116.5: BATCH → Putting 2 wagons on retrofitted track retrofitted
09:49:40 | INFO     | t=8116.5: WAGON[W10093] → Added to retrofitted track retrofitted
09:49:40 | INFO     | t=8116.5: WAGON[W11640] → Added to retrofitted track retrofitted
09:49:40 | INFO     | t=8121.5: WORKSHOP[WS_01] → Released, notifying 0 waiting processes
09:49:40 | INFO     | t=8121.5: DISPATCHER → Assigned loco LOCO_02 to retrofit_to_workshop (waited 17.0 min, pending=2)
09:49:40 | INFO     | t=8121.5: RAKE[W8671,W11252] → COUPLING at retrofit (1 couplings, 2.0 min)
09:49:40 | INFO     | t=8121.5: WAGON[W5452] → Retrieved from retrofit queue
09:49:40 | INFO     | t=8121.5: WORKSHOP[WS_01] → Selected for batch
09:49:40 | INFO     | t=8121.5: WAGON[W6800] → Added to batch
09:49:40 | INFO     | t=8121.5: BATCH[W5452,W6800] → Formed 2 wagons for WS_01
09:49:40 | INFO     | t=8121.5: TRACK[retrofit] → Removed 2 wagons (30.4m freed)
09:49:40 | INFO     | t=8121.5: DISPATCHER → Task submitted: retrofit_to_workshop (pending=3)
09:49:40 | INFO     | t=8124.0: LOCO[LOCO_01] → DECOUPLING at retrofit (15.0 min)
09:49:40 | INFO     | t=8128.5: LOCO[LOCO_02] → COUPLING at retrofit (2.0 min)
09:49:40 | INFO     | t=8130.5: LOCO[LOCO_02] → SHUNTING_PREP at retrofit (1.0 min)
09:49:40 | INFO     | t=8136.5: LOCO[LOCO_02] → DECOUPLING at WS_02 (3.0 min)
09:49:40 | INFO     | t=8139.0: RAKE[W5282,W7542,W10814,W2652,W12385] → DECOUPLING at retrofit (4 couplings, 12.0 min)
09:49:40 | INFO     | t=8139.5: RAKE[W8671,W11252] → DECOUPLING at WS_02 (1 couplings, 3.0 min)
09:49:40 | INFO     | t=8142.5: WAGON[W8671] → RETROFIT_STARTED at WS_02
09:49:40 | INFO     | t=8142.5: WAGON[W11252] → RETROFIT_STARTED at WS_02
09:49:40 | INFO     | t=8147.5: DISPATCHER → Hold override for retrofitted_to_parking (waited 60.0 min >= max 45.0 min)
09:49:40 | INFO     | t=8147.5: DISPATCHER → Assigned loco LOCO_02 to retrofit_to_workshop (waited 26.0 min, pending=2)
09:49:40 | INFO     | t=8147.5: RAKE[W5452,W6800] → COUPLING at retrofit (1 couplings, 2.0 min)
09:49:40 | INFO     | t=8147.5: WAGON[W2386] → Retrieved from retrofit queue
09:49:40 | INFO     | t=8147.5: WORKSHOP → No workshop available, waiting...
09:49:40 | INFO     | t=8154.5: LOCO[LOCO_02] → COUPLING at retrofit (2.0 min)
09:49:40 | INFO     | t=8156.0: DISPATCHER → Hold override for retrofitted_to_parking (waited 68.5 min >= max 45.0 min)
09:49:40 | INFO     | t=8156.0: DISPATCHER → Assigned loco LOCO_01 to collection_to_retrofit (waited 221.0 min, pending=1)
09:49:40 | INFO     | t=8156.0: DISPATCHER → Hold override for retrofitted_to_parking (waited 68.5 min >= max 45.0 min)
09:49:40 | INFO     | t=8156.0: Batch size limited by retrofit capacity: 6 wagons (117.4m) fits, 12 waiting
09:49:40 | INFO     | t=8156.0: COLLECTION → Reserving retrofit track capacity for 6 wagons
09:49:40 | INFO     | t=8156.0: COLLECTION → Capacity reserved, allocating locomotive
09:49:40 | INFO     | t=8156.0: DISPATCHER → Task submitted: collection_to_retrofit (pending=2)
09:49:40 | INFO     | t=8156.5: LOCO[LOCO_02] → SHUNTING_PREP at retrofit (1.0 min)
09:49:40 | INFO     | t=8162.5: LOCO[LOCO_02] → DECOUPLING at WS_01 (3.0 min)
09:49:40 | INFO     | t=8165.5: RAKE[W5452,W6800] → DECOUPLING at WS_01 (1 couplings, 3.0 min)
09:49:40 | INFO     | t=8168.5: WAGON[W5452] → RETROFIT_STARTED at WS_01
09:49:40 | INFO     | t=8168.5: WAGON[W6800] → RETROFIT_STARTED at WS_01
09:49:40 | INFO     | t=8173.5: DISPATCHER → Hold override for retrofitted_to_parking (waited 86.0 min >= max 45.0 min)
09:49:40 | INFO     | t=8173.5: DISPATCHER → Assigned loco LOCO_02 to retrofitted_to_parking (waited 86.0 min, pending=1)
09:49:40 | INFO     | t=8173.5: LOCO[LOCO_02] → Allocated for parking transport
09:49:40 | INFO     | t=8178.5: LOCO[LOCO_02] → TRAIN_PREP at retrofitted (coupling + prep, 3.0 min)
09:49:40 | INFO     | t=8202.5: RAKE[W8671,W11252] → COUPLING at WS_02 (1 couplings, 0.5 min)
09:49:40 | INFO     | t=8203.0: LOCO → Allocating for pickup from WS_02
09:49:40 | INFO     | t=8203.0: DISPATCHER → Task submitted: workshop_to_retrofitted (pending=2)
09:49:40 | INFO     | t=8216.0: LOCO[LOCO_01] → TRAIN_PREP at collection (coupling + prep, 3.0 min)
09:49:40 | INFO     | t=8228.5: RAKE[W5452,W6800] → COUPLING at WS_01 (1 couplings, 0.5 min)
09:49:40 | INFO     | t=8229.0: LOCO → Allocating for pickup from WS_01
09:49:40 | INFO     | t=8229.0: DISPATCHER → Task submitted: workshop_to_retrofitted (pending=3)
09:49:40 | INFO     | EVENT_PUBLISHED: TrainArrivedEvent | train=T109 | time=8246.5
09:49:40 | INFO     | EVENT_HANDLING: TrainArrivedEvent -> RetrofitWorkshopContext._handle_train_arrived
09:49:40 | INFO     | EVENT_HANDLED: TrainArrivedEvent by RetrofitWorkshopContext._handle_train_arrived
09:49:40 | INFO     | t=8256.5: LOCO[LOCO_02] → DECOUPLING at parking15 (2.0 min)
09:49:40 | INFO     | t=8258.5: RAKE[W11482,W10581,W11344,W10258] → DECOUPLING at parking15 (3 couplings, 1.5 min)
09:49:40 | INFO     | EVENT_PUBLISHED: TrainArrivedEvent | train=T110 | time=8270.2
09:49:40 | INFO     | EVENT_HANDLING: TrainArrivedEvent -> RetrofitWorkshopContext._handle_train_arrived
09:49:40 | INFO     | EVENT_HANDLED: TrainArrivedEvent by RetrofitWorkshopContext._handle_train_arrived
09:49:40 | INFO     | EVENT_PUBLISHED: TrainArrivedEvent | train=T111 | time=8275.2
09:49:40 | INFO     | EVENT_HANDLING: TrainArrivedEvent -> RetrofitWorkshopContext._handle_train_arrived
09:49:40 | INFO     | EVENT_HANDLED: TrainArrivedEvent by RetrofitWorkshopContext._handle_train_arrived
09:49:40 | INFO     | t=8279.0: LOCO[LOCO_01] → DECOUPLING at retrofit (3.0 min)
09:49:40 | INFO     | t=8282.0: RAKE[W8380] → DECOUPLING at retrofit (0 couplings, 0.0 min)
09:49:40 | INFO     | t=8287.0: Batch size limited by retrofit capacity: 1 wagons (34.2m) fits, 18 waiting
09:49:40 | INFO     | t=8287.0: DISPATCHER → Assigned loco LOCO_01 to workshop_to_retrofitted (waited 84.0 min, pending=2)
09:49:40 | INFO     | t=8287.0: COLLECTION → Reserving retrofit track capacity for 1 wagons
09:49:40 | INFO     | t=8287.0: LOCO[LOCO_01] → Allocated for pickup
09:49:40 | INFO     | t=8294.0: LOCO[LOCO_01] → TRAIN_PREP completed at WS_02 (2.0 min)
09:49:40 | INFO     | t=8299.0: BATCH → Putting 2 wagons on retrofitted track retrofitted
09:49:40 | INFO     | t=8299.0: WAGON[W8671] → Added to retrofitted track retrofitted
09:49:40 | INFO     | t=8299.0: WAGON[W11252] → Added to retrofitted track retrofitted
09:49:40 | INFO     | t=8304.0: WORKSHOP[WS_02] → Released, notifying 1 waiting processes
09:49:40 | INFO     | t=8304.0: WORKSHOP → Workshop became available
09:49:40 | INFO     | t=8304.0: WORKSHOP[WS_02] → Selected for batch
09:49:40 | INFO     | t=8304.0: DISPATCHER → Assigned loco LOCO_01 to workshop_to_retrofitted (waited 75.0 min, pending=1)
09:49:40 | INFO     | t=8304.0: WAGON[W10254] → Added to batch
09:49:40 | INFO     | t=8304.0: BATCH[W2386,W10254] → Formed 2 wagons for WS_02
09:49:40 | INFO     | t=8304.0: LOCO[LOCO_01] → Allocated for pickup
09:49:40 | INFO     | t=8304.0: TRACK[retrofit] → Removed 2 wagons (39.1m freed)
09:49:40 | INFO     | t=8304.0: DISPATCHER → Task submitted: retrofit_to_workshop (pending=2)
09:49:40 | INFO     | t=8304.0: COLLECTION → Capacity reserved, allocating locomotive
09:49:40 | INFO     | t=8304.0: DISPATCHER → Task submitted: collection_to_retrofit (pending=3)
09:49:40 | INFO     | t=8311.0: LOCO[LOCO_01] → TRAIN_PREP completed at WS_01 (2.0 min)
09:49:40 | INFO     | t=8316.0: BATCH → Putting 2 wagons on retrofitted track retrofitted
09:49:40 | INFO     | t=8316.0: WAGON[W5452] → Added to retrofitted track retrofitted
09:49:40 | INFO     | t=8316.0: WAGON[W6800] → Added to retrofitted track retrofitted
09:49:40 | INFO     | t=8320.0: LOCO[LOCO_02] → Releasing
09:49:40 | INFO     | t=8320.0: LOCO[LOCO_02] → Released
09:49:40 | INFO     | t=8320.0: PARKING → Got wagon W10249 from retrofitted
09:49:40 | INFO     | t=8320.0: DISPATCHER → Assigned loco LOCO_02 to retrofit_to_workshop (waited 16.0 min, pending=2)
09:49:40 | INFO     | t=8320.0: RAKE[W2386,W10254] → COUPLING at retrofit (1 couplings, 2.0 min)
09:49:40 | INFO     | t=8320.0: WAGON[W12057] → Retrieved from retrofit queue
09:49:40 | INFO     | t=8320.0: WORKSHOP → No workshop available, waiting...
09:49:40 | INFO     | t=8320.0: LOCO → Allocating for parking transport
09:49:40 | INFO     | t=8320.0: DISPATCHER → Task submitted: retrofitted_to_parking (pending=3)
09:49:40 | INFO     | t=8321.0: WORKSHOP[WS_01] → Released, notifying 1 waiting processes
09:49:40 | INFO     | t=8321.0: WORKSHOP → Workshop became available
09:49:40 | INFO     | t=8321.0: WORKSHOP[WS_01] → Selected for batch
09:49:40 | INFO     | t=8321.0: DISPATCHER → Assigned loco LOCO_01 to retrofitted_to_parking (waited 1.0 min, pending=2)
09:49:40 | INFO     | t=8321.0: WAGON[W2136] → Added to batch
09:49:40 | INFO     | t=8321.0: BATCH[W12057,W2136] → Formed 2 wagons for WS_01
09:49:40 | INFO     | t=8321.0: LOCO[LOCO_01] → Allocated for parking transport
09:49:40 | INFO     | t=8321.0: TRACK[retrofit] → Removed 2 wagons (40.4m freed)
09:49:40 | INFO     | t=8321.0: DISPATCHER → Task submitted: retrofit_to_workshop (pending=3)
09:49:40 | INFO     | t=8326.0: LOCO[LOCO_01] → TRAIN_PREP at retrofitted (coupling + prep, 5.0 min)
09:49:40 | INFO     | t=8327.0: LOCO[LOCO_02] → COUPLING at retrofit (2.0 min)
09:49:40 | INFO     | EVENT_PUBLISHED: TrainArrivedEvent | train=T112 | time=8329.0
09:49:40 | INFO     | EVENT_HANDLING: TrainArrivedEvent -> RetrofitWorkshopContext._handle_train_arrived
09:49:40 | INFO     | EVENT_HANDLED: TrainArrivedEvent by RetrofitWorkshopContext._handle_train_arrived
09:49:40 | INFO     | t=8329.0: LOCO[LOCO_02] → SHUNTING_PREP at retrofit (1.0 min)
09:49:40 | INFO     | t=8335.0: LOCO[LOCO_02] → DECOUPLING at WS_02 (3.0 min)
09:49:40 | INFO     | EVENT_PUBLISHED: TrainArrivedEvent | train=T113 | time=8336.0
09:49:40 | INFO     | EVENT_HANDLING: TrainArrivedEvent -> RetrofitWorkshopContext._handle_train_arrived
09:49:40 | INFO     | EVENT_HANDLED: TrainArrivedEvent by RetrofitWorkshopContext._handle_train_arrived
09:49:40 | INFO     | t=8336.0: LOCO[LOCO_01] → DECOUPLING at parking1 (4.0 min)
09:49:40 | INFO     | t=8338.0: RAKE[W2386,W10254] → DECOUPLING at WS_02 (1 couplings, 3.0 min)
09:49:40 | INFO     | t=8340.0: RAKE[W10249,W2050,W10093,W11640,W8671,W11252,W5452,W6800] → DECOUPLING at parking1 (7 couplings, 3.5 min)
09:49:40 | INFO     | t=8341.0: WAGON[W2386] → RETROFIT_STARTED at WS_02
09:49:40 | INFO     | t=8341.0: WAGON[W10254] → RETROFIT_STARTED at WS_02
09:49:40 | INFO     | EVENT_PUBLISHED: TrainArrivedEvent | train=T114 | time=8341.2
09:49:40 | INFO     | EVENT_HANDLING: TrainArrivedEvent -> RetrofitWorkshopContext._handle_train_arrived
09:49:40 | INFO     | EVENT_HANDLED: TrainArrivedEvent by RetrofitWorkshopContext._handle_train_arrived
09:49:40 | INFO     | EVENT_PUBLISHED: TrainArrivedEvent | train=T115 | time=8342.0
09:49:40 | INFO     | EVENT_HANDLING: TrainArrivedEvent -> RetrofitWorkshopContext._handle_train_arrived
09:49:40 | INFO     | EVENT_HANDLED: TrainArrivedEvent by RetrofitWorkshopContext._handle_train_arrived
09:49:40 | INFO     | t=8346.0: DISPATCHER → Assigned loco LOCO_02 to retrofit_to_workshop (waited 25.0 min, pending=2)
09:49:40 | INFO     | t=8346.0: RAKE[W12057,W2136] → COUPLING at retrofit (1 couplings, 2.0 min)
09:49:40 | INFO     | t=8346.0: WAGON[W5282] → Retrieved from retrofit queue
09:49:40 | INFO     | t=8346.0: WORKSHOP → No workshop available, waiting...
09:49:40 | INFO     | t=8348.5: LOCO[LOCO_01] → Releasing
09:49:40 | INFO     | t=8348.5: LOCO[LOCO_01] → Released
09:49:40 | INFO     | t=8353.0: LOCO[LOCO_02] → COUPLING at retrofit (2.0 min)
09:49:40 | INFO     | t=8355.0: LOCO[LOCO_02] → SHUNTING_PREP at retrofit (1.0 min)
09:49:40 | INFO     | t=8361.0: LOCO[LOCO_02] → DECOUPLING at WS_01 (3.0 min)
09:49:40 | INFO     | t=8364.0: RAKE[W12057,W2136] → DECOUPLING at WS_01 (1 couplings, 3.0 min)
09:49:40 | INFO     | t=8367.0: WAGON[W12057] → RETROFIT_STARTED at WS_01
09:49:40 | INFO     | t=8367.0: WAGON[W2136] → RETROFIT_STARTED at WS_01
09:49:40 | INFO     | t=8401.0: RAKE[W2386,W10254] → COUPLING at WS_02 (1 couplings, 0.5 min)
09:49:40 | INFO     | t=8401.5: LOCO → Allocating for pickup from WS_02
09:49:40 | INFO     | t=8401.5: DISPATCHER → Task submitted: workshop_to_retrofitted (pending=3)
09:49:40 | INFO     | t=8401.5: DISPATCHER → Assigned loco LOCO_01 to workshop_to_retrofitted (waited 0.0 min, pending=2)
09:49:40 | INFO     | t=8401.5: LOCO[LOCO_01] → Allocated for pickup
09:49:40 | INFO     | t=8408.5: LOCO[LOCO_01] → TRAIN_PREP completed at WS_02 (2.0 min)
09:49:40 | INFO     | t=8413.5: BATCH → Putting 2 wagons on retrofitted track retrofitted
09:49:40 | INFO     | t=8413.5: WAGON[W2386] → Added to retrofitted track retrofitted
09:49:40 | INFO     | t=8413.5: WAGON[W10254] → Added to retrofitted track retrofitted
09:49:40 | INFO     | t=8413.5: PARKING → Got wagon W2386 from retrofitted
09:49:40 | INFO     | t=8413.5: LOCO → Allocating for parking transport
09:49:40 | INFO     | t=8413.5: DISPATCHER → Task submitted: retrofitted_to_parking (pending=3)
09:49:40 | INFO     | t=8418.5: WORKSHOP[WS_02] → Released, notifying 1 waiting processes
09:49:40 | INFO     | t=8418.5: WORKSHOP → Workshop became available
09:49:40 | INFO     | t=8418.5: WORKSHOP[WS_02] → Selected for batch
09:49:40 | INFO     | t=8418.5: WAGON[W7542] → Added to batch
09:49:40 | INFO     | t=8418.5: BATCH[W5282,W7542] → Formed 2 wagons for WS_02
09:49:40 | INFO     | t=8418.5: TRACK[retrofit] → Removed 2 wagons (35.4m freed)
09:49:40 | INFO     | t=8418.5: DISPATCHER → Task submitted: retrofit_to_workshop (pending=4)
09:49:40 | INFO     | t=8418.5: DISPATCHER → Assigned loco LOCO_02 to retrofit_to_workshop (waited 0.0 min, pending=3)
09:49:40 | INFO     | t=8418.5: RAKE[W5282,W7542] → COUPLING at retrofit (1 couplings, 2.0 min)
09:49:40 | INFO     | t=8418.5: WAGON[W10814] → Retrieved from retrofit queue
09:49:40 | INFO     | t=8418.5: WORKSHOP → No workshop available, waiting...
09:49:40 | INFO     | t=8418.5: DISPATCHER → Assigned loco LOCO_01 to collection_to_retrofit (waited 262.5 min, pending=2)
09:49:40 | INFO     | EVENT_PUBLISHED: TrainArrivedEvent | train=T116 | time=8425.5
09:49:40 | INFO     | EVENT_HANDLING: TrainArrivedEvent -> RetrofitWorkshopContext._handle_train_arrived
09:49:40 | INFO     | EVENT_HANDLED: TrainArrivedEvent by RetrofitWorkshopContext._handle_train_arrived
09:49:40 | INFO     | t=8425.5: LOCO[LOCO_02] → COUPLING at retrofit (2.0 min)
09:49:40 | INFO     | t=8427.0: RAKE[W12057,W2136] → COUPLING at WS_01 (1 couplings, 0.5 min)
09:49:40 | INFO     | t=8427.5: LOCO[LOCO_02] → SHUNTING_PREP at retrofit (1.0 min)
09:49:40 | INFO     | t=8427.5: LOCO → Allocating for pickup from WS_01
09:49:40 | INFO     | t=8427.5: DISPATCHER → Task submitted: workshop_to_retrofitted (pending=3)
09:49:40 | INFO     | t=8433.5: LOCO[LOCO_02] → DECOUPLING at WS_02 (3.0 min)
09:49:40 | INFO     | t=8436.5: RAKE[W5282,W7542] → DECOUPLING at WS_02 (1 couplings, 3.0 min)
09:49:40 | INFO     | t=8439.5: WAGON[W5282] → RETROFIT_STARTED at WS_02
09:49:40 | INFO     | t=8439.5: WAGON[W7542] → RETROFIT_STARTED at WS_02
09:49:40 | INFO     | t=8444.5: DISPATCHER → Assigned loco LOCO_02 to workshop_to_retrofitted (waited 17.0 min, pending=2)
09:49:40 | INFO     | t=8444.5: LOCO[LOCO_02] → Allocated for pickup
09:49:40 | INFO     | t=8451.5: LOCO[LOCO_02] → TRAIN_PREP completed at WS_01 (2.0 min)
09:49:40 | INFO     | EVENT_PUBLISHED: TrainArrivedEvent | train=T117 | time=8456.5
09:49:40 | INFO     | EVENT_HANDLING: TrainArrivedEvent -> RetrofitWorkshopContext._handle_train_arrived
09:49:40 | INFO     | EVENT_HANDLED: TrainArrivedEvent by RetrofitWorkshopContext._handle_train_arrived
09:49:40 | INFO     | t=8456.5: BATCH → Putting 2 wagons on retrofitted track retrofitted
09:49:40 | INFO     | t=8456.5: WAGON[W12057] → Added to retrofitted track retrofitted
09:49:40 | INFO     | t=8456.5: WAGON[W2136] → Added to retrofitted track retrofitted
09:49:40 | INFO     | t=8461.5: WORKSHOP[WS_01] → Released, notifying 1 waiting processes
09:49:40 | INFO     | t=8461.5: WORKSHOP → Workshop became available
09:49:40 | INFO     | t=8461.5: WORKSHOP[WS_01] → Selected for batch
09:49:40 | INFO     | t=8461.5: DISPATCHER → Hold override for retrofitted_to_parking (waited 48.0 min >= max 45.0 min)
09:49:40 | INFO     | t=8461.5: DISPATCHER → Assigned loco LOCO_02 to collection_to_retrofit (waited 157.5 min, pending=1)
09:49:40 | INFO     | t=8461.5: DISPATCHER → Hold override for retrofitted_to_parking (waited 48.0 min >= max 45.0 min)
09:49:40 | INFO     | t=8461.5: WAGON[W2652] → Added to batch
09:49:40 | INFO     | t=8461.5: BATCH[W10814,W2652] → Formed 2 wagons for WS_01
09:49:40 | INFO     | t=8461.5: TRACK[retrofit] → Removed 2 wagons (33.4m freed)
09:49:40 | INFO     | t=8461.5: DISPATCHER → Task submitted: retrofit_to_workshop (pending=2)
09:49:40 | INFO     | t=8478.5: LOCO[LOCO_01] → TRAIN_PREP at collection (coupling + prep, 13.0 min)
09:49:40 | INFO     | t=8499.5: RAKE[W5282,W7542] → COUPLING at WS_02 (1 couplings, 0.5 min)
09:49:40 | INFO     | t=8500.0: LOCO → Allocating for pickup from WS_02
09:49:40 | INFO     | t=8500.0: DISPATCHER → Task submitted: workshop_to_retrofitted (pending=3)
09:49:40 | INFO     | t=8521.5: LOCO[LOCO_02] → TRAIN_PREP at collection (coupling + prep, 3.0 min)
09:49:40 | INFO     | t=8551.5: LOCO[LOCO_01] → DECOUPLING at retrofit (18.0 min)
09:49:40 | INFO     | t=8569.5: RAKE[W11539,W4532,W5845,W2831,W11999,W0881] → DECOUPLING at retrofit (5 couplings, 15.0 min)
09:49:40 | INFO     | EVENT_PUBLISHED: TrainArrivedEvent | train=T118 | time=8572.8
09:49:40 | INFO     | EVENT_HANDLING: TrainArrivedEvent -> RetrofitWorkshopContext._handle_train_arrived
09:49:40 | INFO     | EVENT_HANDLED: TrainArrivedEvent by RetrofitWorkshopContext._handle_train_arrived
09:49:40 | INFO     | t=8584.5: LOCO[LOCO_02] → DECOUPLING at retrofit (3.0 min)
09:49:40 | INFO     | t=8587.5: RAKE[W8378] → DECOUPLING at retrofit (0 couplings, 0.0 min)
09:49:40 | INFO     | t=8589.5: DISPATCHER → Hold override for retrofitted_to_parking (waited 176.0 min >= max 45.0 min)
09:49:40 | INFO     | t=8589.5: DISPATCHER → Assigned loco LOCO_01 to workshop_to_retrofitted (waited 89.5 min, pending=2)
09:49:40 | INFO     | t=8589.5: DISPATCHER → Hold override for retrofitted_to_parking (waited 176.0 min >= max 45.0 min)
09:49:40 | INFO     | t=8589.5: LOCO[LOCO_01] → Allocated for pickup
09:49:40 | INFO     | t=8589.5: Batch size limited by retrofit capacity: 5 wagons (97.2m) fits, 12 waiting
09:49:40 | INFO     | t=8589.5: COLLECTION → Reserving retrofit track capacity for 5 wagons
09:49:40 | INFO     | t=8589.5: COLLECTION → Capacity reserved, allocating locomotive
09:49:40 | INFO     | t=8589.5: DISPATCHER → Task submitted: collection_to_retrofit (pending=3)
09:49:40 | INFO     | t=8592.5: Batch size limited by retrofit capacity: 1 wagons (16.4m) fits, 20 waiting
09:49:40 | INFO     | t=8592.5: DISPATCHER → Hold override for retrofitted_to_parking (waited 179.0 min >= max 45.0 min)
09:49:40 | INFO     | t=8592.5: DISPATCHER → Assigned loco LOCO_02 to retrofit_to_workshop (waited 131.0 min, pending=2)
09:49:40 | INFO     | t=8592.5: DISPATCHER → Hold override for retrofitted_to_parking (waited 179.0 min >= max 45.0 min)
09:49:40 | INFO     | t=8592.5: COLLECTION → Reserving retrofit track capacity for 1 wagons
09:49:40 | INFO     | t=8592.5: RAKE[W10814,W2652] → COUPLING at retrofit (1 couplings, 2.0 min)
09:49:40 | INFO     | t=8592.5: COLLECTION → Capacity reserved, allocating locomotive
09:49:40 | INFO     | t=8592.5: DISPATCHER → Task submitted: collection_to_retrofit (pending=3)
09:49:40 | INFO     | t=8592.5: WAGON[W12385] → Retrieved from retrofit queue
09:49:40 | INFO     | t=8592.5: WORKSHOP → No workshop available, waiting...
09:49:40 | INFO     | t=8596.5: LOCO[LOCO_01] → TRAIN_PREP completed at WS_02 (2.0 min)
09:49:40 | INFO     | t=8599.5: LOCO[LOCO_02] → COUPLING at retrofit (2.0 min)
09:49:40 | INFO     | t=8601.5: BATCH → Putting 2 wagons on retrofitted track retrofitted
09:49:40 | INFO     | t=8601.5: LOCO[LOCO_02] → SHUNTING_PREP at retrofit (1.0 min)
09:49:40 | INFO     | t=8601.5: WAGON[W5282] → Added to retrofitted track retrofitted
09:49:40 | INFO     | t=8601.5: WAGON[W7542] → Added to retrofitted track retrofitted
09:49:40 | INFO     | t=8606.5: WORKSHOP[WS_02] → Released, notifying 1 waiting processes
09:49:40 | INFO     | t=8606.5: WORKSHOP → Workshop became available
09:49:40 | INFO     | t=8606.5: WORKSHOP[WS_02] → Selected for batch
09:49:40 | INFO     | t=8606.5: DISPATCHER → Hold override for retrofitted_to_parking (waited 193.0 min >= max 45.0 min)
09:49:40 | INFO     | t=8606.5: DISPATCHER → Assigned loco LOCO_01 to retrofitted_to_parking (waited 193.0 min, pending=2)
09:49:40 | INFO     | t=8606.5: WAGON[W8380] → Added to batch
09:49:40 | INFO     | t=8606.5: BATCH[W12385,W8380] → Formed 2 wagons for WS_02
09:49:40 | INFO     | t=8606.5: LOCO[LOCO_01] → Allocated for parking transport
09:49:40 | INFO     | t=8606.5: TRACK[retrofit] → Removed 2 wagons (53.1m freed)
09:49:40 | INFO     | t=8606.5: DISPATCHER → Task submitted: retrofit_to_workshop (pending=3)
09:49:40 | INFO     | t=8607.5: LOCO[LOCO_02] → DECOUPLING at WS_01 (3.0 min)
09:49:40 | INFO     | t=8610.5: RAKE[W10814,W2652] → DECOUPLING at WS_01 (1 couplings, 3.0 min)
09:49:40 | INFO     | t=8611.5: LOCO[LOCO_01] → TRAIN_PREP at retrofitted (coupling + prep, 2.0 min)
09:49:40 | INFO     | t=8613.5: WAGON[W10814] → RETROFIT_STARTED at WS_01
09:49:40 | INFO     | t=8613.5: WAGON[W2652] → RETROFIT_STARTED at WS_01
09:49:40 | INFO     | t=8618.5: DISPATCHER → Assigned loco LOCO_02 to retrofit_to_workshop (waited 12.0 min, pending=2)
09:49:40 | INFO     | t=8618.5: RAKE[W12385,W8380] → COUPLING at retrofit (1 couplings, 2.0 min)
09:49:40 | INFO     | t=8618.5: WAGON[W11539] → Retrieved from retrofit queue
09:49:40 | INFO     | t=8618.5: WORKSHOP → No workshop available, waiting...
09:49:40 | INFO     | t=8625.5: LOCO[LOCO_02] → COUPLING at retrofit (2.0 min)
09:49:40 | INFO     | t=8627.5: LOCO[LOCO_02] → SHUNTING_PREP at retrofit (1.0 min)
09:49:40 | INFO     | t=8633.5: LOCO[LOCO_02] → DECOUPLING at WS_02 (3.0 min)
09:49:40 | INFO     | EVENT_PUBLISHED: TrainArrivedEvent | train=T119 | time=8635.2
09:49:40 | INFO     | EVENT_HANDLING: TrainArrivedEvent -> RetrofitWorkshopContext._handle_train_arrived
09:49:40 | INFO     | EVENT_HANDLED: TrainArrivedEvent by RetrofitWorkshopContext._handle_train_arrived
09:49:40 | INFO     | t=8636.5: RAKE[W12385,W8380] → DECOUPLING at WS_02 (1 couplings, 3.0 min)
09:49:40 | INFO     | t=8639.5: WAGON[W12385] → RETROFIT_STARTED at WS_02
09:49:40 | INFO     | t=8639.5: WAGON[W8380] → RETROFIT_STARTED at WS_02
09:49:40 | INFO     | t=8644.5: DISPATCHER → Assigned loco LOCO_02 to collection_to_retrofit (waited 55.0 min, pending=1)
09:49:40 | INFO     | t=8673.5: RAKE[W10814,W2652] → COUPLING at WS_01 (1 couplings, 0.5 min)
09:49:40 | INFO     | t=8674.0: LOCO → Allocating for pickup from WS_01
09:49:40 | INFO     | t=8674.0: DISPATCHER → Task submitted: workshop_to_retrofitted (pending=2)
09:49:40 | INFO     | t=8688.5: LOCO[LOCO_01] → DECOUPLING at parking14 (1.0 min)
09:49:40 | INFO     | t=8689.5: RAKE[W2386,W10254] → DECOUPLING at parking14 (1 couplings, 0.5 min)
09:49:40 | INFO     | t=8699.5: RAKE[W12385,W8380] → COUPLING at WS_02 (1 couplings, 0.5 min)
09:49:40 | INFO     | t=8700.0: LOCO → Allocating for pickup from WS_02
09:49:40 | INFO     | t=8700.0: DISPATCHER → Task submitted: workshop_to_retrofitted (pending=3)
09:49:40 | INFO     | t=8704.5: LOCO[LOCO_02] → TRAIN_PREP at collection (coupling + prep, 11.0 min)
09:49:40 | INFO     | t=8750.0: LOCO[LOCO_01] → Releasing
09:49:40 | INFO     | t=8750.0: LOCO[LOCO_01] → Released
09:49:40 | INFO     | t=8750.0: PARKING → Got wagon W12057 from retrofitted
09:49:40 | INFO     | t=8750.0: DISPATCHER → Assigned loco LOCO_01 to workshop_to_retrofitted (waited 76.0 min, pending=2)
09:49:40 | INFO     | t=8750.0: LOCO[LOCO_01] → Allocated for pickup
09:49:40 | INFO     | t=8750.0: LOCO → Allocating for parking transport
09:49:40 | INFO     | t=8750.0: DISPATCHER → Task submitted: retrofitted_to_parking (pending=3)
09:49:40 | INFO     | t=8757.0: LOCO[LOCO_01] → TRAIN_PREP completed at WS_01 (2.0 min)
09:49:40 | INFO     | t=8762.0: BATCH → Putting 2 wagons on retrofitted track retrofitted
09:49:40 | INFO     | t=8762.0: WAGON[W10814] → Added to retrofitted track retrofitted
09:49:40 | INFO     | t=8762.0: WAGON[W2652] → Added to retrofitted track retrofitted
09:49:40 | INFO     | t=8767.0: WORKSHOP[WS_01] → Released, notifying 1 waiting processes
09:49:40 | INFO     | t=8767.0: WORKSHOP → Workshop became available
09:49:40 | INFO     | t=8767.0: WORKSHOP[WS_01] → Selected for batch
09:49:40 | INFO     | t=8767.0: DISPATCHER → Assigned loco LOCO_01 to workshop_to_retrofitted (waited 67.0 min, pending=2)
09:49:40 | INFO     | t=8767.0: WAGON[W4532] → Added to batch
09:49:40 | INFO     | t=8767.0: BATCH[W11539,W4532] → Formed 2 wagons for WS_01
09:49:40 | INFO     | t=8767.0: LOCO[LOCO_01] → Allocated for pickup
09:49:40 | INFO     | t=8767.0: TRACK[retrofit] → Removed 2 wagons (46.2m freed)
09:49:40 | INFO     | t=8767.0: DISPATCHER → Task submitted: retrofit_to_workshop (pending=3)
09:49:40 | INFO     | t=8774.0: LOCO[LOCO_01] → TRAIN_PREP completed at WS_02 (2.0 min)
09:49:40 | INFO     | t=8775.5: LOCO[LOCO_02] → DECOUPLING at retrofit (15.0 min)
09:49:40 | INFO     | t=8779.0: BATCH → Putting 2 wagons on retrofitted track retrofitted
09:49:40 | INFO     | t=8779.0: WAGON[W12385] → Added to retrofitted track retrofitted
09:49:40 | INFO     | t=8779.0: WAGON[W8380] → Added to retrofitted track retrofitted
09:49:40 | INFO     | t=8784.0: WORKSHOP[WS_02] → Released, notifying 0 waiting processes
09:49:40 | INFO     | t=8784.0: DISPATCHER → Assigned loco LOCO_01 to retrofit_to_workshop (waited 17.0 min, pending=2)
09:49:40 | INFO     | t=8784.0: RAKE[W11539,W4532] → COUPLING at retrofit (1 couplings, 2.0 min)
09:49:40 | INFO     | t=8784.0: WAGON[W5845] → Retrieved from retrofit queue
09:49:40 | INFO     | t=8784.0: WORKSHOP[WS_02] → Selected for batch
09:49:40 | INFO     | t=8784.0: WAGON[W2831] → Added to batch
09:49:40 | INFO     | t=8784.0: BATCH[W5845,W2831] → Formed 2 wagons for WS_02
09:49:40 | INFO     | t=8784.0: TRACK[retrofit] → Removed 2 wagons (37.3m freed)
09:49:40 | INFO     | t=8784.0: DISPATCHER → Task submitted: retrofit_to_workshop (pending=3)
09:49:40 | INFO     | t=8790.5: RAKE[W12400,W0282,W2701,W8570,W9355] → DECOUPLING at retrofit (4 couplings, 12.0 min)
09:49:40 | INFO     | t=8791.0: LOCO[LOCO_01] → COUPLING at retrofit (2.0 min)
09:49:40 | INFO     | t=8793.0: LOCO[LOCO_01] → SHUNTING_PREP at retrofit (1.0 min)
09:49:40 | INFO     | t=8799.0: LOCO[LOCO_01] → DECOUPLING at WS_01 (3.0 min)
09:49:40 | INFO     | t=8802.0: RAKE[W11539,W4532] → DECOUPLING at WS_01 (1 couplings, 3.0 min)
09:49:40 | INFO     | t=8805.0: WAGON[W11539] → RETROFIT_STARTED at WS_01
09:49:40 | INFO     | t=8805.0: WAGON[W4532] → RETROFIT_STARTED at WS_01
09:49:40 | INFO     | t=8807.5: DISPATCHER → Hold override for retrofitted_to_parking (waited 57.5 min >= max 45.0 min)
09:49:40 | INFO     | t=8807.5: DISPATCHER → Assigned loco LOCO_02 to retrofit_to_workshop (waited 23.5 min, pending=2)
09:49:40 | INFO     | t=8807.5: RAKE[W5845,W2831] → COUPLING at retrofit (1 couplings, 2.0 min)
09:49:40 | INFO     | t=8807.5: WAGON[W11999] → Retrieved from retrofit queue
09:49:40 | INFO     | t=8807.5: WORKSHOP → No workshop available, waiting...
09:49:40 | INFO     | t=8807.5: Batch size limited by retrofit capacity: 5 wagons (129.2m) fits, 12 waiting
09:49:40 | INFO     | t=8807.5: COLLECTION → Reserving retrofit track capacity for 5 wagons
09:49:40 | INFO     | t=8807.5: COLLECTION → Capacity reserved, allocating locomotive
09:49:40 | INFO     | t=8807.5: DISPATCHER → Task submitted: collection_to_retrofit (pending=3)
09:49:40 | INFO     | t=8810.0: DISPATCHER → Hold override for retrofitted_to_parking (waited 60.0 min >= max 45.0 min)
09:49:40 | INFO     | t=8810.0: DISPATCHER → Assigned loco LOCO_01 to retrofitted_to_parking (waited 60.0 min, pending=2)
09:49:40 | INFO     | t=8810.0: LOCO[LOCO_01] → Allocated for parking transport
09:49:40 | INFO     | t=8814.5: LOCO[LOCO_02] → COUPLING at retrofit (2.0 min)
09:49:40 | INFO     | t=8815.0: LOCO[LOCO_01] → TRAIN_PREP at retrofitted (coupling + prep, 3.0 min)
09:49:40 | INFO     | t=8816.5: LOCO[LOCO_02] → SHUNTING_PREP at retrofit (1.0 min)
09:49:40 | INFO     | t=8822.5: LOCO[LOCO_02] → DECOUPLING at WS_02 (3.0 min)
09:49:40 | INFO     | t=8825.5: RAKE[W5845,W2831] → DECOUPLING at WS_02 (1 couplings, 3.0 min)
09:49:40 | INFO     | t=8828.5: WAGON[W5845] → RETROFIT_STARTED at WS_02
09:49:40 | INFO     | t=8828.5: WAGON[W2831] → RETROFIT_STARTED at WS_02
09:49:40 | INFO     | t=8865.0: RAKE[W11539,W4532] → COUPLING at WS_01 (1 couplings, 0.5 min)
09:49:40 | INFO     | t=8865.5: LOCO → Allocating for pickup from WS_01
09:49:40 | INFO     | t=8865.5: DISPATCHER → Task submitted: workshop_to_retrofitted (pending=3)
09:49:40 | INFO     | t=8865.5: DISPATCHER → Assigned loco LOCO_02 to workshop_to_retrofitted (waited 0.0 min, pending=2)
09:49:40 | INFO     | t=8865.5: LOCO[LOCO_02] → Allocated for pickup
09:49:40 | INFO     | t=8872.5: LOCO[LOCO_02] → TRAIN_PREP completed at WS_01 (2.0 min)
09:49:40 | INFO     | t=8877.5: BATCH → Putting 2 wagons on retrofitted track retrofitted
09:49:40 | INFO     | t=8877.5: WAGON[W11539] → Added to retrofitted track retrofitted
09:49:40 | INFO     | t=8877.5: WAGON[W4532] → Added to retrofitted track retrofitted
09:49:40 | INFO     | t=8882.5: WORKSHOP[WS_01] → Released, notifying 1 waiting processes
09:49:40 | INFO     | t=8882.5: WORKSHOP → Workshop became available
09:49:40 | INFO     | t=8882.5: WORKSHOP[WS_01] → Selected for batch
09:49:40 | INFO     | t=8882.5: WAGON[W0881] → Added to batch
09:49:40 | INFO     | t=8882.5: BATCH[W11999,W0881] → Formed 2 wagons for WS_01
09:49:40 | INFO     | t=8882.5: TRACK[retrofit] → Removed 2 wagons (33.8m freed)
09:49:40 | INFO     | t=8882.5: DISPATCHER → Task submitted: retrofit_to_workshop (pending=3)
09:49:40 | INFO     | t=8882.5: DISPATCHER → Assigned loco LOCO_02 to retrofit_to_workshop (waited 0.0 min, pending=2)
09:49:40 | INFO     | t=8882.5: RAKE[W11999,W0881] → COUPLING at retrofit (1 couplings, 2.0 min)
09:49:40 | INFO     | t=8882.5: WAGON[W8378] → Retrieved from retrofit queue
09:49:40 | INFO     | t=8882.5: WORKSHOP → No workshop available, waiting...
09:49:40 | INFO     | t=8888.5: RAKE[W5845,W2831] → COUPLING at WS_02 (1 couplings, 0.5 min)
09:49:40 | INFO     | t=8889.0: LOCO → Allocating for pickup from WS_02
09:49:40 | INFO     | t=8889.0: DISPATCHER → Task submitted: workshop_to_retrofitted (pending=3)
09:49:40 | INFO     | t=8889.5: LOCO[LOCO_02] → COUPLING at retrofit (2.0 min)
09:49:40 | INFO     | t=8891.5: LOCO[LOCO_02] → SHUNTING_PREP at retrofit (1.0 min)
09:49:40 | INFO     | t=8897.5: LOCO[LOCO_02] → DECOUPLING at WS_01 (3.0 min)
09:49:40 | INFO     | t=8900.5: RAKE[W11999,W0881] → DECOUPLING at WS_01 (1 couplings, 3.0 min)
09:49:40 | INFO     | t=8903.5: WAGON[W11999] → RETROFIT_STARTED at WS_01
09:49:40 | INFO     | t=8903.5: WAGON[W0881] → RETROFIT_STARTED at WS_01
09:49:40 | INFO     | t=8908.5: DISPATCHER → Assigned loco LOCO_02 to workshop_to_retrofitted (waited 19.5 min, pending=2)
09:49:40 | INFO     | t=8908.5: LOCO[LOCO_02] → Allocated for pickup
09:49:40 | INFO     | t=8915.5: LOCO[LOCO_02] → TRAIN_PREP completed at WS_02 (2.0 min)
09:49:40 | INFO     | t=8920.5: BATCH → Putting 2 wagons on retrofitted track retrofitted
09:49:40 | INFO     | t=8920.5: WAGON[W5845] → Added to retrofitted track retrofitted
09:49:40 | INFO     | t=8920.5: WAGON[W2831] → Added to retrofitted track retrofitted
09:49:40 | INFO     | t=8925.5: WORKSHOP[WS_02] → Released, notifying 1 waiting processes
09:49:40 | INFO     | t=8925.5: WORKSHOP → Workshop became available
09:49:40 | INFO     | t=8925.5: WORKSHOP[WS_02] → Selected for batch
09:49:40 | INFO     | t=8925.5: WAGON[W12400] → Added to batch
09:49:40 | INFO     | t=8925.5: BATCH[W8378,W12400] → Formed 2 wagons for WS_02
09:49:40 | INFO     | t=8925.5: TRACK[retrofit] → Removed 2 wagons (55.0m freed)
09:49:40 | INFO     | t=8925.5: DISPATCHER → Task submitted: retrofit_to_workshop (pending=3)
09:49:40 | INFO     | t=8925.5: DISPATCHER → Assigned loco LOCO_02 to retrofit_to_workshop (waited 0.0 min, pending=2)
09:49:40 | INFO     | t=8925.5: RAKE[W8378,W12400] → COUPLING at retrofit (1 couplings, 2.0 min)
09:49:40 | INFO     | t=8925.5: WAGON[W0282] → Retrieved from retrofit queue
09:49:40 | INFO     | t=8925.5: WORKSHOP → No workshop available, waiting...
09:49:40 | INFO     | t=8932.5: LOCO[LOCO_02] → COUPLING at retrofit (2.0 min)
09:49:40 | INFO     | t=8934.5: LOCO[LOCO_02] → SHUNTING_PREP at retrofit (1.0 min)
09:49:40 | INFO     | t=8938.0: LOCO[LOCO_01] → DECOUPLING at parking16 (2.0 min)
09:49:40 | INFO     | t=8940.0: RAKE[W12057,W2136,W5282,W7542] → DECOUPLING at parking16 (3 couplings, 1.5 min)
09:49:40 | INFO     | t=8940.5: LOCO[LOCO_02] → DECOUPLING at WS_02 (3.0 min)
09:49:40 | INFO     | t=8943.5: RAKE[W8378,W12400] → DECOUPLING at WS_02 (1 couplings, 3.0 min)
09:49:40 | INFO     | t=8946.5: WAGON[W8378] → RETROFIT_STARTED at WS_02
09:49:40 | INFO     | t=8946.5: WAGON[W12400] → RETROFIT_STARTED at WS_02
09:49:40 | INFO     | t=8951.5: DISPATCHER → Assigned loco LOCO_02 to collection_to_retrofit (waited 359.0 min, pending=1)
09:49:40 | INFO     | t=8963.5: RAKE[W11999,W0881] → COUPLING at WS_01 (1 couplings, 0.5 min)
09:49:40 | INFO     | t=8964.0: LOCO → Allocating for pickup from WS_01
09:49:40 | INFO     | t=8964.0: DISPATCHER → Task submitted: workshop_to_retrofitted (pending=2)
09:49:40 | INFO     | t=9001.5: LOCO[LOCO_01] → Releasing
09:49:40 | INFO     | t=9001.5: LOCO[LOCO_01] → Released
09:49:40 | INFO     | t=9001.5: PARKING → Got wagon W10814 from retrofitted
09:49:40 | INFO     | t=9001.5: DISPATCHER → Assigned loco LOCO_01 to workshop_to_retrofitted (waited 37.5 min, pending=1)
09:49:40 | INFO     | t=9001.5: LOCO[LOCO_01] → Allocated for pickup
09:49:40 | INFO     | t=9001.5: LOCO → Allocating for parking transport
09:49:40 | INFO     | t=9001.5: DISPATCHER → Task submitted: retrofitted_to_parking (pending=2)
09:49:40 | INFO     | t=9006.5: RAKE[W8378,W12400] → COUPLING at WS_02 (1 couplings, 0.5 min)
09:49:40 | INFO     | t=9007.0: LOCO → Allocating for pickup from WS_02
09:49:40 | INFO     | t=9007.0: DISPATCHER → Task submitted: workshop_to_retrofitted (pending=3)
09:49:40 | INFO     | t=9008.5: LOCO[LOCO_01] → TRAIN_PREP completed at WS_01 (2.0 min)
09:49:40 | INFO     | t=9011.5: LOCO[LOCO_02] → TRAIN_PREP at collection (coupling + prep, 3.0 min)
09:49:40 | INFO     | t=9013.5: BATCH → Putting 2 wagons on retrofitted track retrofitted
09:49:40 | INFO     | t=9013.5: WAGON[W11999] → Added to retrofitted track retrofitted
09:49:40 | INFO     | t=9013.5: WAGON[W0881] → Added to retrofitted track retrofitted
09:49:40 | INFO     | t=9018.5: WORKSHOP[WS_01] → Released, notifying 1 waiting processes
09:49:40 | INFO     | t=9018.5: WORKSHOP → Workshop became available
09:49:40 | INFO     | t=9018.5: WORKSHOP[WS_01] → Selected for batch
09:49:40 | INFO     | t=9018.5: DISPATCHER → Assigned loco LOCO_01 to workshop_to_retrofitted (waited 11.5 min, pending=2)
09:49:40 | INFO     | t=9018.5: WAGON[W2701] → Added to batch
09:49:40 | INFO     | t=9018.5: BATCH[W0282,W2701] → Formed 2 wagons for WS_01
09:49:40 | INFO     | t=9018.5: LOCO[LOCO_01] → Allocated for pickup
09:49:40 | INFO     | t=9018.5: TRACK[retrofit] → Removed 2 wagons (38.1m freed)
09:49:40 | INFO     | t=9018.5: DISPATCHER → Task submitted: retrofit_to_workshop (pending=3)
09:49:40 | INFO     | t=9025.5: LOCO[LOCO_01] → TRAIN_PREP completed at WS_02 (2.0 min)
09:49:40 | INFO     | t=9030.5: BATCH → Putting 2 wagons on retrofitted track retrofitted
09:49:40 | INFO     | t=9030.5: WAGON[W8378] → Added to retrofitted track retrofitted
09:49:40 | INFO     | t=9030.5: WAGON[W12400] → Added to retrofitted track retrofitted
09:49:40 | INFO     | t=9035.5: WORKSHOP[WS_02] → Released, notifying 0 waiting processes
09:49:40 | INFO     | t=9035.5: DISPATCHER → Assigned loco LOCO_01 to retrofitted_to_parking (waited 34.0 min, pending=2)
09:49:40 | INFO     | t=9035.5: LOCO[LOCO_01] → Allocated for parking transport
09:49:40 | INFO     | t=9040.5: LOCO[LOCO_01] → TRAIN_PREP at retrofitted (coupling + prep, 5.0 min)
09:49:40 | INFO     | t=9074.5: LOCO[LOCO_02] → DECOUPLING at retrofit (3.0 min)
09:49:40 | INFO     | t=9077.5: RAKE[W9440] → DECOUPLING at retrofit (0 couplings, 0.0 min)
09:49:40 | INFO     | t=9082.5: DISPATCHER → Assigned loco LOCO_02 to retrofit_to_workshop (waited 64.0 min, pending=1)
09:49:40 | INFO     | t=9082.5: RAKE[W0282,W2701] → COUPLING at retrofit (1 couplings, 2.0 min)
09:49:40 | INFO     | t=9082.5: WAGON[W8570] → Retrieved from retrofit queue
09:49:40 | INFO     | t=9082.5: WORKSHOP[WS_02] → Selected for batch
09:49:40 | INFO     | t=9082.5: WAGON[W9355] → Added to batch
09:49:40 | INFO     | t=9082.5: BATCH[W8570,W9355] → Formed 2 wagons for WS_02
09:49:40 | INFO     | t=9082.5: TRACK[retrofit] → Removed 2 wagons (38.3m freed)
09:49:40 | INFO     | t=9082.5: DISPATCHER → Task submitted: retrofit_to_workshop (pending=2)
09:49:40 | INFO     | t=9082.5: Batch size limited by retrofit capacity: 6 wagons (120.9m) fits, 14 waiting
09:49:40 | INFO     | t=9082.5: COLLECTION → Reserving retrofit track capacity for 6 wagons
09:49:40 | INFO     | t=9082.5: COLLECTION → Capacity reserved, allocating locomotive
09:49:40 | INFO     | t=9082.5: DISPATCHER → Task submitted: collection_to_retrofit (pending=3)
09:49:40 | INFO     | EVENT_PUBLISHED: TrainArrivedEvent | train=T120 | time=9084.2
09:49:40 | INFO     | EVENT_HANDLING: TrainArrivedEvent -> RetrofitWorkshopContext._handle_train_arrived
09:49:40 | INFO     | EVENT_HANDLED: TrainArrivedEvent by RetrofitWorkshopContext._handle_train_arrived
09:49:40 | INFO     | t=9089.5: LOCO[LOCO_02] → COUPLING at retrofit (2.0 min)
09:49:40 | INFO     | t=9091.5: LOCO[LOCO_02] → SHUNTING_PREP at retrofit (1.0 min)
09:49:40 | INFO     | t=9097.5: LOCO[LOCO_02] → DECOUPLING at WS_01 (3.0 min)
09:49:40 | INFO     | t=9100.5: RAKE[W0282,W2701] → DECOUPLING at WS_01 (1 couplings, 3.0 min)
09:49:40 | INFO     | t=9103.5: WAGON[W0282] → RETROFIT_STARTED at WS_01
09:49:40 | INFO     | t=9103.5: WAGON[W2701] → RETROFIT_STARTED at WS_01
09:49:40 | INFO     | t=9105.5: LOCO[LOCO_01] → DECOUPLING at parking12 (4.0 min)
09:49:40 | INFO     | t=9108.5: DISPATCHER → Assigned loco LOCO_02 to retrofit_to_workshop (waited 26.0 min, pending=2)
09:49:40 | INFO     | t=9108.5: RAKE[W8570,W9355] → COUPLING at retrofit (1 couplings, 2.0 min)
09:49:40 | INFO     | t=9108.5: WAGON[W9440] → Retrieved from retrofit queue
09:49:40 | INFO     | t=9108.5: WORKSHOP → No workshop available, waiting...
09:49:40 | INFO     | t=9109.5: RAKE[W10814,W2652,W12385,W8380,W11539,W4532,W5845,W2831] → DECOUPLING at parking12 (7 couplings, 3.5 min)
09:49:40 | INFO     | t=9115.5: LOCO[LOCO_02] → COUPLING at retrofit (2.0 min)
09:49:40 | INFO     | t=9117.5: LOCO[LOCO_02] → SHUNTING_PREP at retrofit (1.0 min)
09:49:40 | INFO     | t=9123.5: LOCO[LOCO_02] → DECOUPLING at WS_02 (3.0 min)
09:49:40 | INFO     | t=9126.5: RAKE[W8570,W9355] → DECOUPLING at WS_02 (1 couplings, 3.0 min)
09:49:40 | INFO     | t=9129.5: WAGON[W8570] → RETROFIT_STARTED at WS_02
09:49:40 | INFO     | t=9129.5: WAGON[W9355] → RETROFIT_STARTED at WS_02
09:49:40 | INFO     | t=9134.5: DISPATCHER → Assigned loco LOCO_02 to collection_to_retrofit (waited 327.0 min, pending=1)
09:49:40 | INFO     | t=9163.5: RAKE[W0282,W2701] → COUPLING at WS_01 (1 couplings, 0.5 min)
09:49:40 | INFO     | t=9164.0: LOCO → Allocating for pickup from WS_01
09:49:40 | INFO     | t=9164.0: DISPATCHER → Task submitted: workshop_to_retrofitted (pending=2)
09:49:40 | INFO     | t=9173.0: LOCO[LOCO_01] → Releasing
09:49:40 | INFO     | t=9173.0: LOCO[LOCO_01] → Released
09:49:40 | INFO     | t=9173.0: PARKING → Got wagon W11999 from retrofitted
09:49:40 | INFO     | t=9173.0: DISPATCHER → Assigned loco LOCO_01 to workshop_to_retrofitted (waited 9.0 min, pending=1)
09:49:40 | INFO     | t=9173.0: LOCO[LOCO_01] → Allocated for pickup
09:49:40 | INFO     | t=9173.0: LOCO → Allocating for parking transport
09:49:40 | INFO     | t=9173.0: DISPATCHER → Task submitted: retrofitted_to_parking (pending=2)
09:49:40 | INFO     | t=9180.0: LOCO[LOCO_01] → TRAIN_PREP completed at WS_01 (2.0 min)
09:49:40 | INFO     | t=9185.0: BATCH → Putting 2 wagons on retrofitted track retrofitted
09:49:40 | INFO     | t=9185.0: WAGON[W0282] → Added to retrofitted track retrofitted
09:49:40 | INFO     | t=9185.0: WAGON[W2701] → Added to retrofitted track retrofitted
09:49:40 | INFO     | EVENT_PUBLISHED: TrainArrivedEvent | train=T121 | time=9185.2
09:49:40 | INFO     | EVENT_HANDLING: TrainArrivedEvent -> RetrofitWorkshopContext._handle_train_arrived
09:49:40 | INFO     | EVENT_HANDLED: TrainArrivedEvent by RetrofitWorkshopContext._handle_train_arrived
09:49:40 | INFO     | t=9189.5: RAKE[W8570,W9355] → COUPLING at WS_02 (1 couplings, 0.5 min)
09:49:40 | INFO     | t=9190.0: LOCO → Allocating for pickup from WS_02
09:49:40 | INFO     | t=9190.0: DISPATCHER → Task submitted: workshop_to_retrofitted (pending=3)
09:49:40 | INFO     | t=9190.0: WORKSHOP[WS_01] → Released, notifying 1 waiting processes
09:49:40 | INFO     | t=9190.0: WORKSHOP → Workshop became available
09:49:40 | INFO     | t=9190.0: WORKSHOP[WS_01] → Selected for batch
09:49:40 | INFO     | t=9190.0: BATCH[W9440] → Formed 1 wagons for WS_01
09:49:40 | INFO     | t=9190.0: DISPATCHER → Assigned loco LOCO_01 to workshop_to_retrofitted (waited 0.0 min, pending=2)
09:49:40 | INFO     | t=9190.0: TRACK[retrofit] → Removed 1 wagons (16.4m freed)
09:49:40 | INFO     | t=9190.0: DISPATCHER → Task submitted: retrofit_to_workshop (pending=3)
09:49:40 | INFO     | t=9190.0: LOCO[LOCO_01] → Allocated for pickup
09:49:40 | INFO     | t=9194.5: LOCO[LOCO_02] → TRAIN_PREP at collection (coupling + prep, 11.0 min)
09:49:40 | INFO     | t=9197.0: LOCO[LOCO_01] → TRAIN_PREP completed at WS_02 (2.0 min)
09:49:40 | INFO     | t=9202.0: BATCH → Putting 2 wagons on retrofitted track retrofitted
09:49:40 | INFO     | t=9202.0: WAGON[W8570] → Added to retrofitted track retrofitted
09:49:40 | INFO     | t=9202.0: WAGON[W9355] → Added to retrofitted track retrofitted
09:49:40 | INFO     | t=9207.0: WORKSHOP[WS_02] → Released, notifying 0 waiting processes
09:49:40 | INFO     | t=9207.0: DISPATCHER → Assigned loco LOCO_01 to retrofit_to_workshop (waited 17.0 min, pending=2)
09:49:40 | INFO     | t=9207.0: RAKE[W9440] → COUPLING at retrofit (0 couplings, 0.0 min)
09:49:40 | INFO     | t=9212.0: LOCO[LOCO_01] → COUPLING at retrofit (2.0 min)
09:49:40 | INFO     | t=9214.0: LOCO[LOCO_01] → SHUNTING_PREP at retrofit (1.0 min)
09:49:40 | INFO     | t=9220.0: LOCO[LOCO_01] → DECOUPLING at WS_01 (3.0 min)
09:49:40 | INFO     | t=9223.0: RAKE[W9440] → DECOUPLING at WS_01 (0 couplings, 0.0 min)
09:49:40 | INFO     | t=9223.0: WAGON[W9440] → RETROFIT_STARTED at WS_01
09:49:40 | INFO     | t=9228.0: DISPATCHER → Hold override for retrofitted_to_parking (waited 55.0 min >= max 45.0 min)
09:49:40 | INFO     | t=9228.0: DISPATCHER → Assigned loco LOCO_01 to collection_to_retrofit (waited 145.5 min, pending=1)
09:49:40 | INFO     | t=9228.0: DISPATCHER → Hold override for retrofitted_to_parking (waited 55.0 min >= max 45.0 min)
09:49:40 | INFO     | t=9265.5: LOCO[LOCO_02] → DECOUPLING at retrofit (15.0 min)
09:49:40 | INFO     | t=9265.5: WAGON[W8578] → Retrieved from retrofit queue
09:49:40 | INFO     | t=9265.5: WORKSHOP[WS_02] → Selected for batch
09:49:40 | INFO     | t=9265.5: WAGON[W0948] → Added to batch
09:49:40 | INFO     | t=9265.5: BATCH[W8578,W0948] → Formed 2 wagons for WS_02
09:49:40 | INFO     | t=9265.5: TRACK[retrofit] → Removed 2 wagons (50.9m freed)
09:49:40 | INFO     | t=9265.5: DISPATCHER → Task submitted: retrofit_to_workshop (pending=2)
09:49:40 | INFO     | t=9280.5: RAKE[W8578,W0948,W9358,W0680,W11195] → DECOUPLING at retrofit (4 couplings, 12.0 min)
09:49:40 | INFO     | t=9283.0: RAKE[W9440] → COUPLING at WS_01 (0 couplings, 0.0 min)
09:49:40 | INFO     | t=9283.0: LOCO → Allocating for pickup from WS_01
09:49:40 | INFO     | t=9283.0: DISPATCHER → Task submitted: workshop_to_retrofitted (pending=3)
09:49:40 | INFO     | t=9288.0: LOCO[LOCO_01] → TRAIN_PREP at collection (coupling + prep, 13.0 min)
09:49:40 | INFO     | t=9297.5: DISPATCHER → Hold override for retrofitted_to_parking (waited 124.5 min >= max 45.0 min)
09:49:40 | INFO     | t=9297.5: DISPATCHER → Assigned loco LOCO_02 to workshop_to_retrofitted (waited 14.5 min, pending=2)
09:49:40 | INFO     | t=9297.5: DISPATCHER → Hold override for retrofitted_to_parking (waited 124.5 min >= max 45.0 min)
09:49:40 | INFO     | t=9297.5: LOCO[LOCO_02] → Allocated for pickup
09:49:40 | INFO     | t=9297.5: Batch size limited by retrofit capacity: 6 wagons (112.5m) fits, 15 waiting
09:49:40 | INFO     | t=9297.5: COLLECTION → Reserving retrofit track capacity for 6 wagons
09:49:40 | INFO     | t=9297.5: COLLECTION → Capacity reserved, allocating locomotive
09:49:40 | INFO     | t=9297.5: DISPATCHER → Task submitted: collection_to_retrofit (pending=3)
09:49:40 | INFO     | EVENT_PUBLISHED: TrainArrivedEvent | train=T122 | time=9300.5
09:49:40 | INFO     | EVENT_HANDLING: TrainArrivedEvent -> RetrofitWorkshopContext._handle_train_arrived
09:49:40 | INFO     | EVENT_HANDLED: TrainArrivedEvent by RetrofitWorkshopContext._handle_train_arrived
09:49:40 | INFO     | t=9304.0: LOCO[LOCO_02] → TRAIN_PREP completed at WS_01 (1.5 min)
09:49:40 | INFO     | t=9309.0: BATCH → Putting 1 wagons on retrofitted track retrofitted
09:49:40 | INFO     | t=9309.0: WAGON[W9440] → Added to retrofitted track retrofitted
09:49:40 | INFO     | t=9314.0: WORKSHOP[WS_01] → Released, notifying 0 waiting processes
09:49:40 | INFO     | t=9314.0: DISPATCHER → Hold override for retrofitted_to_parking (waited 141.0 min >= max 45.0 min)
09:49:40 | INFO     | t=9314.0: DISPATCHER → Assigned loco LOCO_02 to retrofit_to_workshop (waited 48.5 min, pending=2)
09:49:40 | INFO     | t=9314.0: DISPATCHER → Hold override for retrofitted_to_parking (waited 141.0 min >= max 45.0 min)
09:49:40 | INFO     | t=9314.0: RAKE[W8578,W0948] → COUPLING at retrofit (1 couplings, 2.0 min)
09:49:40 | INFO     | t=9314.0: WAGON[W9358] → Retrieved from retrofit queue
09:49:40 | INFO     | t=9314.0: WORKSHOP[WS_01] → Selected for batch
09:49:40 | INFO     | t=9314.0: WAGON[W0680] → Added to batch
09:49:40 | INFO     | t=9314.0: BATCH[W9358,W0680] → Formed 2 wagons for WS_01
09:49:40 | INFO     | t=9314.0: TRACK[retrofit] → Removed 2 wagons (44.3m freed)
09:49:40 | INFO     | t=9314.0: DISPATCHER → Task submitted: retrofit_to_workshop (pending=3)
09:49:40 | INFO     | t=9321.0: LOCO[LOCO_02] → COUPLING at retrofit (2.0 min)
09:49:40 | INFO     | t=9323.0: LOCO[LOCO_02] → SHUNTING_PREP at retrofit (1.0 min)
09:49:40 | INFO     | t=9329.0: LOCO[LOCO_02] → DECOUPLING at WS_02 (3.0 min)
09:49:40 | INFO     | t=9332.0: RAKE[W8578,W0948] → DECOUPLING at WS_02 (1 couplings, 3.0 min)
09:49:40 | INFO     | t=9335.0: WAGON[W8578] → RETROFIT_STARTED at WS_02
09:49:40 | INFO     | t=9335.0: WAGON[W0948] → RETROFIT_STARTED at WS_02
09:49:40 | INFO     | EVENT_PUBLISHED: TrainArrivedEvent | train=T123 | time=9337.2
09:49:40 | INFO     | EVENT_HANDLING: TrainArrivedEvent -> RetrofitWorkshopContext._handle_train_arrived
09:49:40 | INFO     | EVENT_HANDLED: TrainArrivedEvent by RetrofitWorkshopContext._handle_train_arrived
09:49:40 | INFO     | t=9340.0: DISPATCHER → Hold override for retrofitted_to_parking (waited 167.0 min >= max 45.0 min)
09:49:40 | INFO     | t=9340.0: DISPATCHER → Assigned loco LOCO_02 to retrofit_to_workshop (waited 26.0 min, pending=2)
09:49:40 | INFO     | t=9340.0: DISPATCHER → Hold override for retrofitted_to_parking (waited 167.0 min >= max 45.0 min)
09:49:40 | INFO     | t=9340.0: RAKE[W9358,W0680] → COUPLING at retrofit (1 couplings, 2.0 min)
09:49:40 | INFO     | t=9340.0: WAGON[W11195] → Retrieved from retrofit queue
09:49:40 | INFO     | t=9340.0: WORKSHOP → No workshop available, waiting...
09:49:40 | INFO     | t=9347.0: LOCO[LOCO_02] → COUPLING at retrofit (2.0 min)
09:49:40 | INFO     | t=9349.0: LOCO[LOCO_02] → SHUNTING_PREP at retrofit (1.0 min)
09:49:40 | INFO     | t=9355.0: LOCO[LOCO_02] → DECOUPLING at WS_01 (3.0 min)
09:49:40 | INFO     | t=9358.0: RAKE[W9358,W0680] → DECOUPLING at WS_01 (1 couplings, 3.0 min)
09:49:40 | INFO     | t=9361.0: LOCO[LOCO_01] → DECOUPLING at retrofit (18.0 min)
09:49:40 | INFO     | t=9361.0: WAGON[W9358] → RETROFIT_STARTED at WS_01
09:49:40 | INFO     | t=9361.0: WAGON[W0680] → RETROFIT_STARTED at WS_01
09:49:40 | INFO     | t=9366.0: DISPATCHER → Hold override for retrofitted_to_parking (waited 193.0 min >= max 45.0 min)
09:49:40 | INFO     | t=9366.0: DISPATCHER → Assigned loco LOCO_02 to retrofitted_to_parking (waited 193.0 min, pending=1)
09:49:40 | INFO     | t=9366.0: LOCO[LOCO_02] → Allocated for parking transport
09:49:40 | INFO     | t=9371.0: LOCO[LOCO_02] → TRAIN_PREP at retrofitted (coupling + prep, 3.0 min)
09:49:40 | INFO     | t=9379.0: RAKE[W9489,W2712,W9940,W9081,W12074,W8990] → DECOUPLING at retrofit (5 couplings, 15.0 min)
09:49:40 | INFO     | t=9395.0: RAKE[W8578,W0948] → COUPLING at WS_02 (1 couplings, 0.5 min)
09:49:40 | INFO     | t=9395.5: LOCO → Allocating for pickup from WS_02
09:49:40 | INFO     | t=9395.5: DISPATCHER → Task submitted: workshop_to_retrofitted (pending=2)
09:49:40 | INFO     | t=9399.0: DISPATCHER → Assigned loco LOCO_01 to workshop_to_retrofitted (waited 3.5 min, pending=1)
09:49:40 | INFO     | t=9399.0: Batch size limited by retrofit capacity: 2 wagons (47.2m) fits, 17 waiting
09:49:40 | INFO     | t=9399.0: LOCO[LOCO_01] → Allocated for pickup
09:49:40 | INFO     | t=9399.0: COLLECTION → Reserving retrofit track capacity for 2 wagons
09:49:40 | INFO     | t=9399.0: COLLECTION → Capacity reserved, allocating locomotive
09:49:40 | INFO     | t=9399.0: DISPATCHER → Task submitted: collection_to_retrofit (pending=2)
09:49:40 | INFO     | EVENT_PUBLISHED: TrainArrivedEvent | train=T124 | time=9400.8
09:49:40 | INFO     | EVENT_HANDLING: TrainArrivedEvent -> RetrofitWorkshopContext._handle_train_arrived
09:49:40 | INFO     | EVENT_HANDLED: TrainArrivedEvent by RetrofitWorkshopContext._handle_train_arrived
09:49:40 | INFO     | t=9406.0: LOCO[LOCO_01] → TRAIN_PREP completed at WS_02 (2.0 min)
09:49:40 | INFO     | t=9411.0: BATCH → Putting 2 wagons on retrofitted track retrofitted
09:49:40 | INFO     | t=9411.0: WAGON[W8578] → Added to retrofitted track retrofitted
09:49:40 | INFO     | t=9411.0: WAGON[W0948] → Added to retrofitted track retrofitted
09:49:40 | INFO     | t=9416.0: WORKSHOP[WS_02] → Released, notifying 1 waiting processes
09:49:40 | INFO     | t=9416.0: WORKSHOP → Workshop became available
09:49:40 | INFO     | t=9416.0: WORKSHOP[WS_02] → Selected for batch
09:49:40 | INFO     | t=9416.0: WAGON[W9489] → Added to batch
09:49:40 | INFO     | t=9416.0: BATCH[W11195,W9489] → Formed 2 wagons for WS_02
09:49:40 | INFO     | t=9416.0: TRACK[retrofit] → Removed 2 wagons (50.4m freed)
09:49:40 | INFO     | t=9416.0: DISPATCHER → Task submitted: retrofit_to_workshop (pending=3)
09:49:40 | INFO     | t=9416.0: DISPATCHER → Assigned loco LOCO_01 to retrofit_to_workshop (waited 0.0 min, pending=2)
09:49:40 | INFO     | t=9416.0: RAKE[W11195,W9489] → COUPLING at retrofit (1 couplings, 2.0 min)
09:49:40 | INFO     | t=9416.0: WAGON[W2712] → Retrieved from retrofit queue
09:49:40 | INFO     | t=9416.0: WORKSHOP → No workshop available, waiting...
09:49:40 | INFO     | t=9421.0: RAKE[W9358,W0680] → COUPLING at WS_01 (1 couplings, 0.5 min)
09:49:40 | INFO     | t=9421.5: LOCO → Allocating for pickup from WS_01
09:49:40 | INFO     | t=9421.5: DISPATCHER → Task submitted: workshop_to_retrofitted (pending=3)
09:49:40 | INFO     | t=9423.0: LOCO[LOCO_01] → COUPLING at retrofit (2.0 min)
09:49:40 | INFO     | t=9425.0: LOCO[LOCO_01] → SHUNTING_PREP at retrofit (1.0 min)
09:49:40 | INFO     | t=9431.0: LOCO[LOCO_01] → DECOUPLING at WS_02 (3.0 min)
09:49:40 | INFO     | t=9434.0: LOCO[LOCO_02] → DECOUPLING at parking11 (2.0 min)
09:49:40 | INFO     | t=9434.0: RAKE[W11195,W9489] → DECOUPLING at WS_02 (1 couplings, 3.0 min)
09:49:40 | INFO     | t=9436.0: RAKE[W11999,W0881,W8378,W12400] → DECOUPLING at parking11 (3 couplings, 1.5 min)
09:49:40 | INFO     | t=9437.0: WAGON[W11195] → RETROFIT_STARTED at WS_02
09:49:40 | INFO     | t=9437.0: WAGON[W9489] → RETROFIT_STARTED at WS_02
09:49:40 | INFO     | t=9442.0: DISPATCHER → Assigned loco LOCO_01 to workshop_to_retrofitted (waited 20.5 min, pending=2)
09:49:40 | INFO     | t=9442.0: LOCO[LOCO_01] → Allocated for pickup
09:49:40 | INFO     | EVENT_PUBLISHED: TrainArrivedEvent | train=T125 | time=9444.2
09:49:40 | INFO     | EVENT_HANDLING: TrainArrivedEvent -> RetrofitWorkshopContext._handle_train_arrived
09:49:40 | INFO     | EVENT_HANDLED: TrainArrivedEvent by RetrofitWorkshopContext._handle_train_arrived
09:49:40 | INFO     | t=9449.0: LOCO[LOCO_01] → TRAIN_PREP completed at WS_01 (2.0 min)
09:49:40 | INFO     | t=9454.0: BATCH → Putting 2 wagons on retrofitted track retrofitted
09:49:40 | INFO     | t=9454.0: WAGON[W9358] → Added to retrofitted track retrofitted
09:49:40 | INFO     | t=9454.0: WAGON[W0680] → Added to retrofitted track retrofitted
09:49:40 | INFO     | t=9459.0: WORKSHOP[WS_01] → Released, notifying 1 waiting processes
09:49:40 | INFO     | t=9459.0: WORKSHOP → Workshop became available
09:49:40 | INFO     | t=9459.0: WORKSHOP[WS_01] → Selected for batch
09:49:40 | INFO     | t=9459.0: DISPATCHER → Assigned loco LOCO_01 to collection_to_retrofit (waited 161.5 min, pending=1)
09:49:40 | INFO     | t=9459.0: WAGON[W9940] → Added to batch
09:49:40 | INFO     | t=9459.0: BATCH[W2712,W9940] → Formed 2 wagons for WS_01
09:49:40 | INFO     | t=9459.0: TRACK[retrofit] → Removed 2 wagons (40.8m freed)
09:49:40 | INFO     | t=9459.0: DISPATCHER → Task submitted: retrofit_to_workshop (pending=2)
09:49:40 | INFO     | t=9497.0: RAKE[W11195,W9489] → COUPLING at WS_02 (1 couplings, 0.5 min)
09:49:40 | INFO     | t=9497.5: LOCO[LOCO_02] → Releasing
09:49:40 | INFO     | t=9497.5: LOCO → Allocating for pickup from WS_02
09:49:40 | INFO     | t=9497.5: DISPATCHER → Task submitted: workshop_to_retrofitted (pending=3)
09:49:40 | INFO     | t=9497.5: LOCO[LOCO_02] → Released
09:49:40 | INFO     | t=9497.5: PARKING → Got wagon W0282 from retrofitted
09:49:40 | INFO     | t=9497.5: DISPATCHER → Assigned loco LOCO_02 to workshop_to_retrofitted (waited 0.0 min, pending=2)
09:49:40 | INFO     | t=9497.5: LOCO[LOCO_02] → Allocated for pickup
09:49:40 | INFO     | t=9497.5: LOCO → Allocating for parking transport
09:49:40 | INFO     | t=9497.5: DISPATCHER → Task submitted: retrofitted_to_parking (pending=3)
09:49:40 | INFO     | t=9504.5: LOCO[LOCO_02] → TRAIN_PREP completed at WS_02 (2.0 min)
09:49:40 | INFO     | t=9509.5: BATCH → Putting 2 wagons on retrofitted track retrofitted
09:49:40 | INFO     | t=9509.5: WAGON[W11195] → Added to retrofitted track retrofitted
09:49:40 | INFO     | t=9509.5: WAGON[W9489] → Added to retrofitted track retrofitted
09:49:40 | INFO     | t=9514.5: WORKSHOP[WS_02] → Released, notifying 0 waiting processes
09:49:40 | INFO     | t=9514.5: DISPATCHER → Assigned loco LOCO_02 to retrofitted_to_parking (waited 17.0 min, pending=2)
09:49:40 | INFO     | t=9514.5: LOCO[LOCO_02] → Allocated for parking transport
09:49:40 | INFO     | t=9519.0: LOCO[LOCO_01] → TRAIN_PREP at collection (coupling + prep, 13.0 min)
09:49:40 | INFO     | t=9519.5: LOCO[LOCO_02] → TRAIN_PREP at retrofitted (coupling + prep, 5.5 min)
09:49:40 | INFO     | EVENT_PUBLISHED: TrainArrivedEvent | train=T126 | time=9529.5
09:49:40 | INFO     | EVENT_HANDLING: TrainArrivedEvent -> RetrofitWorkshopContext._handle_train_arrived
09:49:40 | INFO     | EVENT_HANDLED: TrainArrivedEvent by RetrofitWorkshopContext._handle_train_arrived
09:49:40 | INFO     | t=9530.0: LOCO[LOCO_02] → DECOUPLING at parking2 (4.5 min)
09:49:40 | INFO     | t=9534.5: RAKE[W0282,W2701,W8570,W9355,W9440,W8578,W0948,W9358,W0680] → DECOUPLING at parking2 (8 couplings, 4.0 min)
09:49:40 | INFO     | t=9543.5: LOCO[LOCO_02] → Releasing
09:49:40 | INFO     | t=9543.5: LOCO[LOCO_02] → Released
09:49:40 | INFO     | t=9543.5: PARKING → Got wagon W11195 from retrofitted
09:49:40 | INFO     | t=9543.5: DISPATCHER → Assigned loco LOCO_02 to retrofit_to_workshop (waited 84.5 min, pending=1)
09:49:40 | INFO     | t=9543.5: LOCO → Allocating for parking transport
09:49:40 | INFO     | t=9543.5: DISPATCHER → Task submitted: retrofitted_to_parking (pending=2)
09:49:40 | INFO     | t=9543.5: RAKE[W2712,W9940] → COUPLING at retrofit (1 couplings, 2.0 min)
09:49:40 | INFO     | t=9543.5: WAGON[W9081] → Retrieved from retrofit queue
09:49:40 | INFO     | t=9543.5: WORKSHOP[WS_02] → Selected for batch
09:49:40 | INFO     | t=9543.5: WAGON[W12074] → Added to batch
09:49:40 | INFO     | t=9543.5: BATCH[W9081,W12074] → Formed 2 wagons for WS_02
09:49:40 | INFO     | t=9543.5: TRACK[retrofit] → Removed 2 wagons (41.2m freed)
09:49:40 | INFO     | t=9543.5: DISPATCHER → Task submitted: retrofit_to_workshop (pending=3)
09:49:40 | INFO     | t=9550.5: LOCO[LOCO_02] → COUPLING at retrofit (2.0 min)
09:49:40 | INFO     | t=9552.5: LOCO[LOCO_02] → SHUNTING_PREP at retrofit (1.0 min)
09:49:40 | INFO     | t=9558.5: LOCO[LOCO_02] → DECOUPLING at WS_01 (3.0 min)
09:49:40 | INFO     | t=9561.5: RAKE[W2712,W9940] → DECOUPLING at WS_01 (1 couplings, 3.0 min)
09:49:40 | INFO     | t=9564.5: WAGON[W2712] → RETROFIT_STARTED at WS_01
09:49:40 | INFO     | t=9564.5: WAGON[W9940] → RETROFIT_STARTED at WS_01
09:49:40 | INFO     | t=9569.5: DISPATCHER → Assigned loco LOCO_02 to retrofit_to_workshop (waited 26.0 min, pending=2)
09:49:40 | INFO     | t=9569.5: RAKE[W9081,W12074] → COUPLING at retrofit (1 couplings, 2.0 min)
09:49:40 | INFO     | t=9569.5: WAGON[W8990] → Retrieved from retrofit queue
09:49:40 | INFO     | t=9569.5: WORKSHOP → No workshop available, waiting...
09:49:40 | INFO     | t=9576.5: LOCO[LOCO_02] → COUPLING at retrofit (2.0 min)
09:49:40 | INFO     | t=9578.5: LOCO[LOCO_02] → SHUNTING_PREP at retrofit (1.0 min)
09:49:40 | INFO     | t=9584.5: LOCO[LOCO_02] → DECOUPLING at WS_02 (3.0 min)
09:49:40 | INFO     | t=9587.5: RAKE[W9081,W12074] → DECOUPLING at WS_02 (1 couplings, 3.0 min)
09:49:40 | INFO     | t=9590.5: WAGON[W9081] → RETROFIT_STARTED at WS_02
09:49:40 | INFO     | t=9590.5: WAGON[W12074] → RETROFIT_STARTED at WS_02
09:49:40 | INFO     | t=9592.0: LOCO[LOCO_01] → DECOUPLING at retrofit (18.0 min)
09:49:40 | INFO     | t=9595.5: DISPATCHER → Hold override for retrofitted_to_parking (waited 52.0 min >= max 45.0 min)
09:49:40 | INFO     | t=9595.5: DISPATCHER → Assigned loco LOCO_02 to collection_to_retrofit (waited 196.5 min, pending=1)
09:49:40 | INFO     | t=9595.5: DISPATCHER → Hold override for retrofitted_to_parking (waited 52.0 min >= max 45.0 min)
09:49:40 | INFO     | t=9610.0: RAKE[W0367,W0411,W4457,W5612,W0928,W12177] → DECOUPLING at retrofit (5 couplings, 15.0 min)
09:49:40 | INFO     | t=9624.5: RAKE[W2712,W9940] → COUPLING at WS_01 (1 couplings, 0.5 min)
09:49:40 | INFO     | t=9625.0: LOCO → Allocating for pickup from WS_01
09:49:40 | INFO     | t=9625.0: DISPATCHER → Task submitted: workshop_to_retrofitted (pending=2)
09:49:40 | INFO     | t=9630.0: DISPATCHER → Hold override for retrofitted_to_parking (waited 86.5 min >= max 45.0 min)
09:49:40 | INFO     | t=9630.0: DISPATCHER → Assigned loco LOCO_01 to workshop_to_retrofitted (waited 5.0 min, pending=1)
09:49:40 | INFO     | t=9630.0: DISPATCHER → Hold override for retrofitted_to_parking (waited 86.5 min >= max 45.0 min)
09:49:40 | INFO     | t=9630.0: LOCO[LOCO_01] → Allocated for pickup
09:49:40 | INFO     | t=9630.0: Batch size limited by retrofit capacity: 7 wagons (129.6m) fits, 13 waiting
09:49:40 | INFO     | t=9630.0: COLLECTION → Reserving retrofit track capacity for 7 wagons
09:49:40 | INFO     | t=9630.0: COLLECTION → Capacity reserved, allocating locomotive
09:49:40 | INFO     | t=9630.0: DISPATCHER → Task submitted: collection_to_retrofit (pending=2)
09:49:40 | INFO     | t=9637.0: LOCO[LOCO_01] → TRAIN_PREP completed at WS_01 (2.0 min)
09:49:40 | INFO     | t=9642.0: BATCH → Putting 2 wagons on retrofitted track retrofitted
09:49:40 | INFO     | t=9642.0: WAGON[W2712] → Added to retrofitted track retrofitted
09:49:40 | INFO     | t=9642.0: WAGON[W9940] → Added to retrofitted track retrofitted
09:49:40 | INFO     | t=9647.0: WORKSHOP[WS_01] → Released, notifying 1 waiting processes
09:49:40 | INFO     | t=9647.0: WORKSHOP → Workshop became available
09:49:40 | INFO     | t=9647.0: WORKSHOP[WS_01] → Selected for batch
09:49:40 | INFO     | t=9647.0: DISPATCHER → Hold override for retrofitted_to_parking (waited 103.5 min >= max 45.0 min)
09:49:40 | INFO     | t=9647.0: DISPATCHER → Assigned loco LOCO_01 to retrofitted_to_parking (waited 103.5 min, pending=1)
09:49:40 | INFO     | t=9647.0: WAGON[W0367] → Added to batch
09:49:40 | INFO     | t=9647.0: BATCH[W8990,W0367] → Formed 2 wagons for WS_01
09:49:40 | INFO     | t=9647.0: LOCO[LOCO_01] → Allocated for parking transport
09:49:40 | INFO     | t=9647.0: TRACK[retrofit] → Removed 2 wagons (36.3m freed)
09:49:40 | INFO     | t=9647.0: DISPATCHER → Task submitted: retrofit_to_workshop (pending=2)
09:49:40 | INFO     | t=9650.5: RAKE[W9081,W12074] → COUPLING at WS_02 (1 couplings, 0.5 min)
09:49:40 | INFO     | t=9651.0: LOCO → Allocating for pickup from WS_02
09:49:40 | INFO     | t=9651.0: DISPATCHER → Task submitted: workshop_to_retrofitted (pending=3)
09:49:40 | INFO     | t=9652.0: LOCO[LOCO_01] → TRAIN_PREP at retrofitted (coupling + prep, 2.0 min)
09:49:40 | INFO     | t=9655.5: LOCO[LOCO_02] → TRAIN_PREP at collection (coupling + prep, 5.0 min)
09:49:40 | INFO     | t=9659.0: LOCO[LOCO_01] → DECOUPLING at parking6 (1.0 min)
09:49:40 | INFO     | t=9660.0: RAKE[W11195,W9489] → DECOUPLING at parking6 (1 couplings, 0.5 min)
09:49:40 | INFO     | t=9665.5: LOCO[LOCO_01] → Releasing
09:49:40 | INFO     | t=9665.5: LOCO[LOCO_01] → Released
09:49:40 | INFO     | t=9665.5: PARKING → Got wagon W2712 from retrofitted
09:49:40 | INFO     | t=9665.5: DISPATCHER → Assigned loco LOCO_01 to workshop_to_retrofitted (waited 14.5 min, pending=2)
09:49:40 | INFO     | t=9665.5: LOCO → Allocating for parking transport
09:49:40 | INFO     | t=9665.5: DISPATCHER → Task submitted: retrofitted_to_parking (pending=3)
09:49:40 | INFO     | t=9665.5: LOCO[LOCO_01] → Allocated for pickup
09:49:40 | INFO     | t=9672.5: LOCO[LOCO_01] → TRAIN_PREP completed at WS_02 (2.0 min)
09:49:40 | INFO     | t=9677.5: BATCH → Putting 2 wagons on retrofitted track retrofitted
09:49:40 | INFO     | t=9677.5: WAGON[W9081] → Added to retrofitted track retrofitted
09:49:40 | INFO     | t=9677.5: WAGON[W12074] → Added to retrofitted track retrofitted
09:49:40 | INFO     | t=9682.5: WORKSHOP[WS_02] → Released, notifying 0 waiting processes
09:49:40 | INFO     | t=9682.5: DISPATCHER → Assigned loco LOCO_01 to retrofit_to_workshop (waited 35.5 min, pending=2)
09:49:40 | INFO     | t=9682.5: RAKE[W8990,W0367] → COUPLING at retrofit (1 couplings, 2.0 min)
09:49:40 | INFO     | t=9682.5: WAGON[W0411] → Retrieved from retrofit queue
09:49:40 | INFO     | t=9682.5: WORKSHOP[WS_02] → Selected for batch
09:49:40 | INFO     | t=9682.5: WAGON[W4457] → Added to batch
09:49:40 | INFO     | t=9682.5: BATCH[W0411,W4457] → Formed 2 wagons for WS_02
09:49:40 | INFO     | t=9682.5: TRACK[retrofit] → Removed 2 wagons (34.1m freed)
09:49:40 | INFO     | t=9682.5: DISPATCHER → Task submitted: retrofit_to_workshop (pending=3)
09:49:40 | INFO     | EVENT_PUBLISHED: TrainArrivedEvent | train=T127 | time=9684.0
09:49:40 | INFO     | EVENT_HANDLING: TrainArrivedEvent -> RetrofitWorkshopContext._handle_train_arrived
09:49:40 | INFO     | EVENT_HANDLED: TrainArrivedEvent by RetrofitWorkshopContext._handle_train_arrived
09:49:40 | INFO     | t=9689.5: LOCO[LOCO_01] → COUPLING at retrofit (2.0 min)
09:49:40 | INFO     | t=9691.5: LOCO[LOCO_01] → SHUNTING_PREP at retrofit (1.0 min)
09:49:40 | INFO     | t=9697.5: LOCO[LOCO_01] → DECOUPLING at WS_01 (3.0 min)
09:49:40 | INFO     | t=9700.5: RAKE[W8990,W0367] → DECOUPLING at WS_01 (1 couplings, 3.0 min)
09:49:40 | INFO     | t=9703.5: WAGON[W8990] → RETROFIT_STARTED at WS_01
09:49:40 | INFO     | t=9703.5: WAGON[W0367] → RETROFIT_STARTED at WS_01
09:49:40 | INFO     | EVENT_PUBLISHED: TrainArrivedEvent | train=T128 | time=9706.0
09:49:40 | INFO     | EVENT_HANDLING: TrainArrivedEvent -> RetrofitWorkshopContext._handle_train_arrived
09:49:40 | INFO     | EVENT_HANDLED: TrainArrivedEvent by RetrofitWorkshopContext._handle_train_arrived
09:49:40 | INFO     | t=9708.5: DISPATCHER → Assigned loco LOCO_01 to retrofit_to_workshop (waited 26.0 min, pending=2)
09:49:40 | INFO     | t=9708.5: RAKE[W0411,W4457] → COUPLING at retrofit (1 couplings, 2.0 min)
09:49:40 | INFO     | t=9708.5: WAGON[W5612] → Retrieved from retrofit queue
09:49:40 | INFO     | t=9708.5: WORKSHOP → No workshop available, waiting...
09:49:40 | INFO     | t=9715.5: LOCO[LOCO_01] → COUPLING at retrofit (2.0 min)
09:49:40 | INFO     | t=9717.5: LOCO[LOCO_01] → SHUNTING_PREP at retrofit (1.0 min)
09:49:40 | INFO     | t=9720.5: LOCO[LOCO_02] → DECOUPLING at retrofit (6.0 min)
09:49:40 | INFO     | t=9723.5: LOCO[LOCO_01] → DECOUPLING at WS_02 (3.0 min)
09:49:40 | INFO     | t=9726.5: RAKE[W8952,W8676] → DECOUPLING at retrofit (1 couplings, 3.0 min)
09:49:40 | INFO     | t=9726.5: RAKE[W0411,W4457] → DECOUPLING at WS_02 (1 couplings, 3.0 min)
09:49:40 | INFO     | t=9729.5: WAGON[W0411] → RETROFIT_STARTED at WS_02
09:49:40 | INFO     | t=9729.5: WAGON[W4457] → RETROFIT_STARTED at WS_02
09:49:40 | INFO     | t=9734.5: DISPATCHER → Hold override for retrofitted_to_parking (waited 69.0 min >= max 45.0 min)
09:49:40 | INFO     | t=9734.5: DISPATCHER → Assigned loco LOCO_02 to collection_to_retrofit (waited 104.5 min, pending=1)
09:49:40 | INFO     | t=9734.5: DISPATCHER → Hold override for retrofitted_to_parking (waited 69.0 min >= max 45.0 min)
09:49:40 | INFO     | t=9734.5: Batch size limited by retrofit capacity: 3 wagons (58.4m) fits, 17 waiting
09:49:40 | INFO     | t=9734.5: DISPATCHER → Hold override for retrofitted_to_parking (waited 69.0 min >= max 45.0 min)
09:49:40 | INFO     | t=9734.5: DISPATCHER → Assigned loco LOCO_01 to retrofitted_to_parking (waited 69.0 min, pending=0)
09:49:40 | INFO     | t=9734.5: COLLECTION → Reserving retrofit track capacity for 3 wagons
09:49:40 | INFO     | t=9734.5: LOCO[LOCO_01] → Allocated for parking transport
09:49:40 | INFO     | t=9734.5: COLLECTION → Capacity reserved, allocating locomotive
09:49:40 | INFO     | t=9734.5: DISPATCHER → Task submitted: collection_to_retrofit (pending=1)
09:49:40 | INFO     | t=9739.5: LOCO[LOCO_01] → TRAIN_PREP at retrofitted (coupling + prep, 2.0 min)
09:49:40 | INFO     | t=9763.5: RAKE[W8990,W0367] → COUPLING at WS_01 (1 couplings, 0.5 min)
09:49:40 | INFO     | t=9764.0: LOCO → Allocating for pickup from WS_01
09:49:40 | INFO     | t=9764.0: DISPATCHER → Task submitted: workshop_to_retrofitted (pending=2)
09:49:40 | INFO     | t=9789.5: RAKE[W0411,W4457] → COUPLING at WS_02 (1 couplings, 0.5 min)
09:49:40 | INFO     | t=9790.0: LOCO → Allocating for pickup from WS_02
09:49:40 | INFO     | t=9790.0: DISPATCHER → Task submitted: workshop_to_retrofitted (pending=3)
09:49:40 | INFO     | t=9794.5: LOCO[LOCO_02] → TRAIN_PREP at collection (coupling + prep, 15.0 min)
09:49:40 | INFO     | EVENT_PUBLISHED: TrainArrivedEvent | train=T129 | time=9800.2
09:49:40 | INFO     | EVENT_HANDLING: TrainArrivedEvent -> RetrofitWorkshopContext._handle_train_arrived
09:49:40 | INFO     | EVENT_HANDLED: TrainArrivedEvent by RetrofitWorkshopContext._handle_train_arrived
09:49:40 | INFO     | t=9801.5: LOCO[LOCO_01] → DECOUPLING at parking10 (1.0 min)
09:49:40 | INFO     | t=9802.5: RAKE[W2712,W9940] → DECOUPLING at parking10 (1 couplings, 0.5 min)
09:49:40 | INFO     | t=9863.0: LOCO[LOCO_01] → Releasing
09:49:40 | INFO     | t=9863.0: LOCO[LOCO_01] → Released
09:49:40 | INFO     | t=9863.0: PARKING → Got wagon W9081 from retrofitted
09:49:40 | INFO     | t=9863.0: DISPATCHER → Assigned loco LOCO_01 to workshop_to_retrofitted (waited 99.0 min, pending=2)
09:49:40 | INFO     | t=9863.0: LOCO → Allocating for parking transport
09:49:40 | INFO     | t=9863.0: DISPATCHER → Task submitted: retrofitted_to_parking (pending=3)
09:49:40 | INFO     | t=9863.0: LOCO[LOCO_01] → Allocated for pickup
09:49:40 | INFO     | t=9869.5: LOCO[LOCO_02] → DECOUPLING at retrofit (21.0 min)
09:49:40 | INFO     | t=9870.0: LOCO[LOCO_01] → TRAIN_PREP completed at WS_01 (2.0 min)
09:49:40 | INFO     | t=9875.0: BATCH → Putting 2 wagons on retrofitted track retrofitted
09:49:40 | INFO     | t=9875.0: WAGON[W8990] → Added to retrofitted track retrofitted
09:49:40 | INFO     | t=9875.0: WAGON[W0367] → Added to retrofitted track retrofitted
09:49:40 | INFO     | t=9880.0: WORKSHOP[WS_01] → Released, notifying 1 waiting processes
09:49:40 | INFO     | t=9880.0: WORKSHOP → Workshop became available
09:49:40 | INFO     | t=9880.0: WORKSHOP[WS_01] → Selected for batch
09:49:40 | INFO     | t=9880.0: DISPATCHER → Assigned loco LOCO_01 to workshop_to_retrofitted (waited 90.0 min, pending=2)
09:49:40 | INFO     | t=9880.0: WAGON[W0928] → Added to batch
09:49:40 | INFO     | t=9880.0: BATCH[W5612,W0928] → Formed 2 wagons for WS_01
09:49:40 | INFO     | t=9880.0: LOCO[LOCO_01] → Allocated for pickup
09:49:40 | INFO     | t=9880.0: TRACK[retrofit] → Removed 2 wagons (41.3m freed)
09:49:40 | INFO     | t=9880.0: DISPATCHER → Task submitted: retrofit_to_workshop (pending=3)
09:49:40 | INFO     | t=9887.0: LOCO[LOCO_01] → TRAIN_PREP completed at WS_02 (2.0 min)
09:49:40 | INFO     | t=9890.5: RAKE[W0888,W12186,W0128,W7755,W9951,W4605,W10772] → DECOUPLING at retrofit (6 couplings, 18.0 min)
09:49:40 | INFO     | t=9892.0: BATCH → Putting 2 wagons on retrofitted track retrofitted
09:49:40 | INFO     | t=9892.0: WAGON[W0411] → Added to retrofitted track retrofitted
09:49:40 | INFO     | t=9892.0: WAGON[W4457] → Added to retrofitted track retrofitted
09:49:40 | INFO     | EVENT_PUBLISHED: TrainArrivedEvent | train=T130 | time=9896.5
09:49:40 | INFO     | EVENT_HANDLING: TrainArrivedEvent -> RetrofitWorkshopContext._handle_train_arrived
09:49:40 | INFO     | EVENT_HANDLED: TrainArrivedEvent by RetrofitWorkshopContext._handle_train_arrived
09:49:40 | INFO     | t=9897.0: WORKSHOP[WS_02] → Released, notifying 0 waiting processes
09:49:40 | INFO     | t=9897.0: DISPATCHER → Assigned loco LOCO_01 to retrofit_to_workshop (waited 17.0 min, pending=2)
09:49:40 | INFO     | t=9897.0: RAKE[W5612,W0928] → COUPLING at retrofit (1 couplings, 2.0 min)
09:49:40 | INFO     | t=9897.0: WAGON[W12177] → Retrieved from retrofit queue
09:49:40 | INFO     | t=9897.0: WORKSHOP[WS_02] → Selected for batch
09:49:40 | INFO     | t=9897.0: WAGON[W8952] → Added to batch
09:49:40 | INFO     | t=9897.0: BATCH[W12177,W8952] → Formed 2 wagons for WS_02
09:49:40 | INFO     | t=9897.0: TRACK[retrofit] → Removed 2 wagons (47.2m freed)
09:49:40 | INFO     | t=9897.0: DISPATCHER → Task submitted: retrofit_to_workshop (pending=3)
09:49:40 | INFO     | t=9904.0: LOCO[LOCO_01] → COUPLING at retrofit (2.0 min)
09:49:40 | INFO     | t=9906.0: LOCO[LOCO_01] → SHUNTING_PREP at retrofit (1.0 min)
09:49:40 | INFO     | t=9912.0: LOCO[LOCO_01] → DECOUPLING at WS_01 (3.0 min)
09:49:40 | INFO     | t=9913.5: DISPATCHER → Hold override for retrofitted_to_parking (waited 50.5 min >= max 45.0 min)
09:49:40 | INFO     | t=9913.5: DISPATCHER → Assigned loco LOCO_02 to retrofit_to_workshop (waited 16.5 min, pending=2)
09:49:40 | INFO     | t=9913.5: RAKE[W12177,W8952] → COUPLING at retrofit (1 couplings, 2.0 min)
09:49:40 | INFO     | t=9913.5: WAGON[W8676] → Retrieved from retrofit queue
09:49:40 | INFO     | t=9913.5: WORKSHOP → No workshop available, waiting...
09:49:40 | INFO     | t=9913.5: Batch size limited by retrofit capacity: 6 wagons (92.9m) fits, 14 waiting
09:49:40 | INFO     | t=9913.5: COLLECTION → Reserving retrofit track capacity for 6 wagons
09:49:40 | INFO     | t=9913.5: COLLECTION → Capacity reserved, allocating locomotive
09:49:40 | INFO     | t=9913.5: DISPATCHER → Task submitted: collection_to_retrofit (pending=3)
09:49:40 | INFO     | t=9915.0: RAKE[W5612,W0928] → DECOUPLING at WS_01 (1 couplings, 3.0 min)
09:49:40 | INFO     | t=9918.0: WAGON[W5612] → RETROFIT_STARTED at WS_01
09:49:40 | INFO     | t=9918.0: WAGON[W0928] → RETROFIT_STARTED at WS_01
09:49:40 | INFO     | t=9920.5: LOCO[LOCO_02] → COUPLING at retrofit (2.0 min)
09:49:40 | INFO     | t=9922.5: LOCO[LOCO_02] → SHUNTING_PREP at retrofit (1.0 min)
09:49:40 | INFO     | t=9923.0: DISPATCHER → Hold override for retrofitted_to_parking (waited 60.0 min >= max 45.0 min)
09:49:40 | INFO     | t=9923.0: DISPATCHER → Assigned loco LOCO_01 to retrofitted_to_parking (waited 60.0 min, pending=2)
09:49:40 | INFO     | t=9923.0: LOCO[LOCO_01] → Allocated for parking transport
09:49:40 | INFO     | t=9928.0: LOCO[LOCO_01] → TRAIN_PREP at retrofitted (coupling + prep, 2.0 min)
09:49:40 | INFO     | t=9928.5: LOCO[LOCO_02] → DECOUPLING at WS_02 (3.0 min)
09:49:40 | INFO     | t=9931.5: RAKE[W12177,W8952] → DECOUPLING at WS_02 (1 couplings, 3.0 min)
09:49:40 | INFO     | t=9934.5: WAGON[W12177] → RETROFIT_STARTED at WS_02
09:49:40 | INFO     | t=9934.5: WAGON[W8952] → RETROFIT_STARTED at WS_02
09:49:40 | INFO     | t=9935.0: LOCO[LOCO_01] → DECOUPLING at parking3 (1.0 min)
09:49:40 | INFO     | t=9936.0: RAKE[W9081,W12074] → DECOUPLING at parking3 (1 couplings, 0.5 min)
09:49:40 | INFO     | t=9941.5: LOCO[LOCO_01] → Releasing
09:49:40 | INFO     | t=9941.5: LOCO[LOCO_01] → Released
09:49:40 | INFO     | t=9941.5: PARKING → Got wagon W8990 from retrofitted
09:49:40 | INFO     | t=9941.5: LOCO → Allocating for parking transport
09:49:40 | INFO     | t=9941.5: DISPATCHER → Task submitted: retrofitted_to_parking (pending=3)
09:49:40 | INFO     | t=9978.0: RAKE[W5612,W0928] → COUPLING at WS_01 (1 couplings, 0.5 min)
09:49:40 | INFO     | t=9978.5: LOCO → Allocating for pickup from WS_01
09:49:40 | INFO     | t=9978.5: DISPATCHER → Task submitted: workshop_to_retrofitted (pending=4)
09:49:40 | INFO     | t=9978.5: DISPATCHER → Assigned loco LOCO_02 to workshop_to_retrofitted (waited 0.0 min, pending=3)
09:49:40 | INFO     | t=9978.5: LOCO[LOCO_02] → Allocated for pickup
09:49:40 | INFO     | t=9985.5: LOCO[LOCO_02] → TRAIN_PREP completed at WS_01 (2.0 min)
09:49:40 | INFO     | t=9988.5: DISPATCHER → Hold override for retrofitted_to_parking (waited 47.0 min >= max 45.0 min)
09:49:40 | INFO     | t=9988.5: DISPATCHER → Hold override for retrofitted_to_parking (waited 47.0 min >= max 45.0 min)
09:49:40 | INFO     | t=9988.5: DISPATCHER → Assigned loco LOCO_01 to retrofitted_to_parking (waited 47.0 min, pending=2)
09:49:40 | INFO     | t=9988.5: LOCO[LOCO_01] → Allocated for parking transport
09:49:40 | INFO     | t=9990.5: BATCH → Putting 2 wagons on retrofitted track retrofitted
09:49:40 | INFO     | t=9990.5: WAGON[W5612] → Added to retrofitted track retrofitted
09:49:40 | INFO     | t=9990.5: WAGON[W0928] → Added to retrofitted track retrofitted
09:49:40 | INFO     | t=9993.5: LOCO[LOCO_01] → TRAIN_PREP at retrofitted (coupling + prep, 3.0 min)
09:49:40 | INFO     | t=9994.5: RAKE[W12177,W8952] → COUPLING at WS_02 (1 couplings, 0.5 min)
09:49:40 | INFO     | t=9995.0: LOCO → Allocating for pickup from WS_02
09:49:40 | INFO     | t=9995.0: DISPATCHER → Task submitted: workshop_to_retrofitted (pending=3)
09:49:40 | INFO     | t=9995.5: WORKSHOP[WS_01] → Released, notifying 1 waiting processes
09:49:40 | INFO     | t=9995.5: WORKSHOP → Workshop became available
09:49:40 | INFO     | t=9995.5: WORKSHOP[WS_01] → Selected for batch
09:49:40 | INFO     | t=9995.5: DISPATCHER → Assigned loco LOCO_02 to workshop_to_retrofitted (waited 0.5 min, pending=2)
09:49:40 | INFO     | t=9995.5: WAGON[W0888] → Added to batch
09:49:40 | INFO     | t=9995.5: BATCH[W8676,W0888] → Formed 2 wagons for WS_01
09:49:40 | INFO     | t=9995.5: LOCO[LOCO_02] → Allocated for pickup
09:49:40 | INFO     | t=9995.5: TRACK[retrofit] → Removed 2 wagons (50.2m freed)
09:49:40 | INFO     | t=9995.5: DISPATCHER → Task submitted: retrofit_to_workshop (pending=3)
09:49:40 | INFO     | t=10002.5: LOCO[LOCO_02] → TRAIN_PREP completed at WS_02 (2.0 min)
09:49:40 | INFO     | t=10007.5: BATCH → Putting 2 wagons on retrofitted track retrofitted
09:49:40 | INFO     | t=10007.5: WAGON[W12177] → Added to retrofitted track retrofitted
09:49:40 | INFO     | t=10007.5: WAGON[W8952] → Added to retrofitted track retrofitted
09:49:40 | INFO     | t=10012.5: WORKSHOP[WS_02] → Released, notifying 0 waiting processes
09:49:40 | INFO     | t=10012.5: DISPATCHER → Assigned loco LOCO_02 to retrofit_to_workshop (waited 17.0 min, pending=2)
09:49:40 | INFO     | t=10012.5: RAKE[W8676,W0888] → COUPLING at retrofit (1 couplings, 2.0 min)
09:49:40 | INFO     | t=10012.5: WAGON[W12186] → Retrieved from retrofit queue
09:49:40 | INFO     | t=10012.5: WORKSHOP[WS_02] → Selected for batch
09:49:40 | INFO     | t=10012.5: WAGON[W0128] → Added to batch
09:49:40 | INFO     | t=10012.5: BATCH[W12186,W0128] → Formed 2 wagons for WS_02
09:49:40 | INFO     | t=10012.5: TRACK[retrofit] → Removed 2 wagons (38.7m freed)
09:49:40 | INFO     | t=10012.5: DISPATCHER → Task submitted: retrofit_to_workshop (pending=3)
09:49:40 | INFO     | t=10019.5: LOCO[LOCO_02] → COUPLING at retrofit (2.0 min)
09:49:40 | INFO     | t=10021.5: LOCO[LOCO_02] → SHUNTING_PREP at retrofit (1.0 min)
09:49:40 | INFO     | t=10027.5: LOCO[LOCO_02] → DECOUPLING at WS_01 (3.0 min)
09:49:40 | INFO     | t=10030.5: RAKE[W8676,W0888] → DECOUPLING at WS_01 (1 couplings, 3.0 min)
09:49:40 | INFO     | t=10033.5: WAGON[W8676] → RETROFIT_STARTED at WS_01
09:49:40 | INFO     | t=10033.5: WAGON[W0888] → RETROFIT_STARTED at WS_01
09:49:40 | INFO     | t=10038.5: DISPATCHER → Assigned loco LOCO_02 to retrofit_to_workshop (waited 26.0 min, pending=2)
09:49:40 | INFO     | t=10038.5: RAKE[W12186,W0128] → COUPLING at retrofit (1 couplings, 2.0 min)
09:49:40 | INFO     | t=10038.5: WAGON[W7755] → Retrieved from retrofit queue
09:49:40 | INFO     | t=10038.5: WORKSHOP → No workshop available, waiting...
09:49:40 | INFO     | EVENT_PUBLISHED: TrainArrivedEvent | train=T131 | time=10041.5
09:49:40 | INFO     | EVENT_HANDLING: TrainArrivedEvent -> RetrofitWorkshopContext._handle_train_arrived
09:49:40 | INFO     | EVENT_HANDLED: TrainArrivedEvent by RetrofitWorkshopContext._handle_train_arrived
09:49:40 | INFO     | t=10045.5: LOCO[LOCO_02] → COUPLING at retrofit (2.0 min)
09:49:40 | INFO     | t=10047.5: LOCO[LOCO_02] → SHUNTING_PREP at retrofit (1.0 min)
09:49:40 | INFO     | t=10053.5: LOCO[LOCO_02] → DECOUPLING at WS_02 (3.0 min)
09:49:40 | INFO     | t=10056.5: RAKE[W12186,W0128] → DECOUPLING at WS_02 (1 couplings, 3.0 min)
09:49:40 | INFO     | t=10059.5: WAGON[W12186] → RETROFIT_STARTED at WS_02
09:49:40 | INFO     | t=10059.5: WAGON[W0128] → RETROFIT_STARTED at WS_02
09:49:40 | INFO     | t=10064.5: DISPATCHER → Assigned loco LOCO_02 to collection_to_retrofit (waited 330.0 min, pending=1)
09:49:40 | INFO     | EVENT_PUBLISHED: TrainArrivedEvent | train=T132 | time=10065.5
09:49:40 | INFO     | EVENT_HANDLING: TrainArrivedEvent -> RetrofitWorkshopContext._handle_train_arrived
09:49:40 | INFO     | EVENT_HANDLED: TrainArrivedEvent by RetrofitWorkshopContext._handle_train_arrived
09:49:40 | INFO     | t=10071.5: LOCO[LOCO_01] → DECOUPLING at parking14 (2.0 min)
09:49:40 | INFO     | EVENT_PUBLISHED: TrainArrivedEvent | train=T133 | time=10073.2
09:49:40 | INFO     | EVENT_HANDLING: TrainArrivedEvent -> RetrofitWorkshopContext._handle_train_arrived
09:49:40 | INFO     | EVENT_HANDLED: TrainArrivedEvent by RetrofitWorkshopContext._handle_train_arrived
09:49:40 | INFO     | t=10073.5: RAKE[W8990,W0367,W0411,W4457] → DECOUPLING at parking14 (3 couplings, 1.5 min)
09:49:40 | INFO     | t=10093.5: RAKE[W8676,W0888] → COUPLING at WS_01 (1 couplings, 0.5 min)
09:49:40 | INFO     | t=10094.0: LOCO → Allocating for pickup from WS_01
09:49:40 | INFO     | t=10094.0: DISPATCHER → Task submitted: workshop_to_retrofitted (pending=2)
09:49:40 | INFO     | EVENT_PUBLISHED: TrainArrivedEvent | train=T134 | time=10112.0
09:49:40 | INFO     | EVENT_HANDLING: TrainArrivedEvent -> RetrofitWorkshopContext._handle_train_arrived
09:49:40 | INFO     | EVENT_HANDLED: TrainArrivedEvent by RetrofitWorkshopContext._handle_train_arrived
09:49:40 | INFO     | t=10119.5: RAKE[W12186,W0128] → COUPLING at WS_02 (1 couplings, 0.5 min)
09:49:40 | INFO     | t=10120.0: LOCO → Allocating for pickup from WS_02
09:49:40 | INFO     | t=10120.0: DISPATCHER → Task submitted: workshop_to_retrofitted (pending=3)
09:49:40 | INFO     | EVENT_PUBLISHED: TrainArrivedEvent | train=T135 | time=10122.8
09:49:40 | INFO     | EVENT_HANDLING: TrainArrivedEvent -> RetrofitWorkshopContext._handle_train_arrived
09:49:40 | INFO     | EVENT_HANDLED: TrainArrivedEvent by RetrofitWorkshopContext._handle_train_arrived
09:49:40 | INFO     | t=10124.5: LOCO[LOCO_02] → TRAIN_PREP at collection (coupling + prep, 7.0 min)
09:49:40 | INFO     | t=10135.0: LOCO[LOCO_01] → Releasing
09:49:40 | INFO     | t=10135.0: LOCO[LOCO_01] → Released
09:49:40 | INFO     | t=10135.0: PARKING → Got wagon W5612 from retrofitted
09:49:40 | INFO     | t=10135.0: DISPATCHER → Assigned loco LOCO_01 to workshop_to_retrofitted (waited 41.0 min, pending=2)
09:49:40 | INFO     | t=10135.0: LOCO[LOCO_01] → Allocated for pickup
09:49:40 | INFO     | t=10135.0: LOCO → Allocating for parking transport
09:49:40 | INFO     | t=10135.0: DISPATCHER → Task submitted: retrofitted_to_parking (pending=3)
09:49:40 | INFO     | t=10142.0: LOCO[LOCO_01] → TRAIN_PREP completed at WS_01 (2.0 min)
09:49:40 | INFO     | t=10147.0: BATCH → Putting 2 wagons on retrofitted track retrofitted
09:49:40 | INFO     | t=10147.0: WAGON[W8676] → Added to retrofitted track retrofitted
09:49:40 | INFO     | t=10147.0: WAGON[W0888] → Added to retrofitted track retrofitted
09:49:40 | INFO     | t=10152.0: WORKSHOP[WS_01] → Released, notifying 1 waiting processes
09:49:40 | INFO     | t=10152.0: WORKSHOP → Workshop became available
09:49:40 | INFO     | t=10152.0: WORKSHOP[WS_01] → Selected for batch
09:49:40 | INFO     | t=10152.0: DISPATCHER → Assigned loco LOCO_01 to workshop_to_retrofitted (waited 32.0 min, pending=2)
09:49:40 | INFO     | t=10152.0: WAGON[W9951] → Added to batch
09:49:40 | INFO     | t=10152.0: BATCH[W7755,W9951] → Formed 2 wagons for WS_01
09:49:40 | INFO     | t=10152.0: LOCO[LOCO_01] → Allocated for pickup
09:49:40 | INFO     | t=10152.0: TRACK[retrofit] → Removed 2 wagons (31.8m freed)
09:49:40 | INFO     | t=10152.0: DISPATCHER → Task submitted: retrofit_to_workshop (pending=3)
09:49:40 | INFO     | t=10159.0: LOCO[LOCO_01] → TRAIN_PREP completed at WS_02 (2.0 min)
09:49:40 | INFO     | t=10164.0: BATCH → Putting 2 wagons on retrofitted track retrofitted
09:49:40 | INFO     | t=10164.0: WAGON[W12186] → Added to retrofitted track retrofitted
09:49:40 | INFO     | t=10164.0: WAGON[W0128] → Added to retrofitted track retrofitted
09:49:40 | INFO     | t=10169.0: WORKSHOP[WS_02] → Released, notifying 0 waiting processes
09:49:40 | INFO     | t=10169.0: DISPATCHER → Assigned loco LOCO_01 to retrofit_to_workshop (waited 17.0 min, pending=2)
09:49:40 | INFO     | t=10169.0: RAKE[W7755,W9951] → COUPLING at retrofit (1 couplings, 2.0 min)
09:49:40 | INFO     | t=10169.0: WAGON[W4605] → Retrieved from retrofit queue
09:49:40 | INFO     | t=10169.0: WORKSHOP[WS_02] → Selected for batch
09:49:40 | INFO     | t=10169.0: WAGON[W10772] → Added to batch
09:49:40 | INFO     | t=10169.0: BATCH[W4605,W10772] → Formed 2 wagons for WS_02
09:49:40 | INFO     | t=10169.0: TRACK[retrofit] → Removed 2 wagons (32.0m freed)
09:49:40 | INFO     | t=10169.0: DISPATCHER → Task submitted: retrofit_to_workshop (pending=3)
09:49:40 | INFO     | t=10176.0: LOCO[LOCO_01] → COUPLING at retrofit (2.0 min)
09:49:40 | INFO     | t=10178.0: LOCO[LOCO_01] → SHUNTING_PREP at retrofit (1.0 min)
09:49:40 | INFO     | t=10184.0: LOCO[LOCO_01] → DECOUPLING at WS_01 (3.0 min)
09:49:40 | INFO     | t=10187.0: RAKE[W7755,W9951] → DECOUPLING at WS_01 (1 couplings, 3.0 min)
09:49:40 | INFO     | t=10190.0: WAGON[W7755] → RETROFIT_STARTED at WS_01
09:49:40 | INFO     | t=10190.0: WAGON[W9951] → RETROFIT_STARTED at WS_01
09:49:40 | INFO     | t=10191.5: LOCO[LOCO_02] → DECOUPLING at retrofit (9.0 min)
09:49:40 | INFO     | t=10195.0: DISPATCHER → Hold override for retrofitted_to_parking (waited 60.0 min >= max 45.0 min)
09:49:40 | INFO     | t=10195.0: DISPATCHER → Assigned loco LOCO_01 to retrofit_to_workshop (waited 26.0 min, pending=2)
09:49:40 | INFO     | t=10195.0: RAKE[W4605,W10772] → COUPLING at retrofit (1 couplings, 2.0 min)
09:49:40 | INFO     | t=10195.0: WAGON[W4337] → Retrieved from retrofit queue
09:49:40 | INFO     | t=10195.0: WORKSHOP → No workshop available, waiting...
09:49:40 | INFO     | t=10200.5: RAKE[W4337,W2166,W11847] → DECOUPLING at retrofit (2 couplings, 6.0 min)
09:49:40 | INFO     | t=10202.0: LOCO[LOCO_01] → COUPLING at retrofit (2.0 min)
09:49:40 | INFO     | t=10204.0: LOCO[LOCO_01] → SHUNTING_PREP at retrofit (1.0 min)
09:49:40 | INFO     | t=10210.0: LOCO[LOCO_01] → DECOUPLING at WS_02 (3.0 min)
09:49:40 | INFO     | t=10211.5: DISPATCHER → Hold override for retrofitted_to_parking (waited 76.5 min >= max 45.0 min)
09:49:40 | INFO     | t=10211.5: DISPATCHER → Assigned loco LOCO_02 to collection_to_retrofit (waited 298.0 min, pending=1)
09:49:40 | INFO     | t=10211.5: DISPATCHER → Hold override for retrofitted_to_parking (waited 76.5 min >= max 45.0 min)
09:49:40 | INFO     | t=10211.5: Batch size limited by retrofit capacity: 10 wagons (155.1m) fits, 10 waiting
09:49:40 | INFO     | t=10211.5: COLLECTION → Reserving retrofit track capacity for 10 wagons
09:49:40 | INFO     | t=10211.5: COLLECTION → Capacity reserved, allocating locomotive
09:49:40 | INFO     | t=10211.5: DISPATCHER → Task submitted: collection_to_retrofit (pending=2)
09:49:40 | INFO     | t=10213.0: RAKE[W4605,W10772] → DECOUPLING at WS_02 (1 couplings, 3.0 min)
09:49:40 | INFO     | t=10216.0: WAGON[W4605] → RETROFIT_STARTED at WS_02
09:49:40 | INFO     | t=10216.0: WAGON[W10772] → RETROFIT_STARTED at WS_02
09:49:40 | INFO     | t=10221.0: DISPATCHER → Hold override for retrofitted_to_parking (waited 86.0 min >= max 45.0 min)
09:49:40 | INFO     | t=10221.0: DISPATCHER → Assigned loco LOCO_01 to retrofitted_to_parking (waited 86.0 min, pending=1)
09:49:40 | INFO     | t=10221.0: LOCO[LOCO_01] → Allocated for parking transport
09:49:40 | INFO     | t=10226.0: LOCO[LOCO_01] → TRAIN_PREP at retrofitted (coupling + prep, 3.0 min)
09:49:40 | INFO     | EVENT_PUBLISHED: TrainArrivedEvent | train=T136 | time=10227.8
09:49:40 | INFO     | EVENT_HANDLING: TrainArrivedEvent -> RetrofitWorkshopContext._handle_train_arrived
09:49:40 | INFO     | EVENT_HANDLED: TrainArrivedEvent by RetrofitWorkshopContext._handle_train_arrived
09:49:40 | INFO     | t=10234.0: LOCO[LOCO_01] → DECOUPLING at parking9 (2.0 min)
09:49:40 | INFO     | t=10236.0: RAKE[W5612,W0928,W12177,W8952] → DECOUPLING at parking9 (3 couplings, 1.5 min)
09:49:40 | INFO     | t=10242.5: LOCO[LOCO_01] → Releasing
09:49:40 | INFO     | t=10242.5: LOCO[LOCO_01] → Released
09:49:40 | INFO     | t=10242.5: PARKING → Got wagon W8676 from retrofitted
09:49:40 | INFO     | t=10242.5: LOCO → Allocating for parking transport
09:49:40 | INFO     | t=10242.5: DISPATCHER → Task submitted: retrofitted_to_parking (pending=2)
09:49:40 | INFO     | t=10250.0: RAKE[W7755,W9951] → COUPLING at WS_01 (1 couplings, 0.5 min)
09:49:40 | INFO     | t=10250.5: LOCO → Allocating for pickup from WS_01
09:49:40 | INFO     | t=10250.5: DISPATCHER → Task submitted: workshop_to_retrofitted (pending=3)
09:49:40 | INFO     | t=10250.5: DISPATCHER → Assigned loco LOCO_01 to workshop_to_retrofitted (waited 0.0 min, pending=2)
09:49:40 | INFO     | t=10250.5: LOCO[LOCO_01] → Allocated for pickup
09:49:40 | INFO     | EVENT_PUBLISHED: TrainArrivedEvent | train=T137 | time=10253.0
09:49:40 | INFO     | EVENT_HANDLING: TrainArrivedEvent -> RetrofitWorkshopContext._handle_train_arrived
09:49:40 | INFO     | EVENT_HANDLED: TrainArrivedEvent by RetrofitWorkshopContext._handle_train_arrived
09:49:40 | INFO     | t=10257.5: LOCO[LOCO_01] → TRAIN_PREP completed at WS_01 (2.0 min)
09:49:40 | INFO     | t=10262.5: BATCH → Putting 2 wagons on retrofitted track retrofitted
09:49:40 | INFO     | t=10262.5: WAGON[W7755] → Added to retrofitted track retrofitted
09:49:40 | INFO     | t=10262.5: WAGON[W9951] → Added to retrofitted track retrofitted
09:49:40 | INFO     | t=10267.5: WORKSHOP[WS_01] → Released, notifying 1 waiting processes
09:49:40 | INFO     | t=10267.5: WORKSHOP → Workshop became available
09:49:40 | INFO     | t=10267.5: WORKSHOP[WS_01] → Selected for batch
09:49:40 | INFO     | t=10267.5: DISPATCHER → Assigned loco LOCO_01 to retrofitted_to_parking (waited 25.0 min, pending=1)
09:49:40 | INFO     | t=10267.5: WAGON[W2166] → Added to batch
09:49:40 | INFO     | t=10267.5: BATCH[W4337,W2166] → Formed 2 wagons for WS_01
09:49:40 | INFO     | t=10267.5: LOCO[LOCO_01] → Allocated for parking transport
09:49:40 | INFO     | t=10267.5: TRACK[retrofit] → Removed 2 wagons (37.1m freed)
09:49:40 | INFO     | t=10267.5: DISPATCHER → Task submitted: retrofit_to_workshop (pending=2)
09:49:40 | INFO     | t=10271.5: LOCO[LOCO_02] → TRAIN_PREP at collection (coupling + prep, 13.0 min)
09:49:40 | INFO     | t=10272.5: LOCO[LOCO_01] → TRAIN_PREP at retrofitted (coupling + prep, 3.0 min)
09:49:40 | INFO     | t=10276.0: RAKE[W4605,W10772] → COUPLING at WS_02 (1 couplings, 0.5 min)
09:49:40 | INFO     | t=10276.5: LOCO → Allocating for pickup from WS_02
09:49:40 | INFO     | t=10276.5: DISPATCHER → Task submitted: workshop_to_retrofitted (pending=3)
09:49:40 | INFO     | t=10280.5: LOCO[LOCO_01] → DECOUPLING at parking5 (2.0 min)
09:49:40 | INFO     | t=10282.5: RAKE[W8676,W0888,W12186,W0128] → DECOUPLING at parking5 (3 couplings, 1.5 min)
09:49:40 | INFO     | t=10289.0: LOCO[LOCO_01] → Releasing
09:49:40 | INFO     | t=10289.0: LOCO[LOCO_01] → Released
09:49:40 | INFO     | t=10289.0: PARKING → Got wagon W7755 from retrofitted
09:49:40 | INFO     | t=10289.0: DISPATCHER → Assigned loco LOCO_01 to workshop_to_retrofitted (waited 12.5 min, pending=2)
09:49:40 | INFO     | t=10289.0: LOCO → Allocating for parking transport
09:49:40 | INFO     | t=10289.0: DISPATCHER → Task submitted: retrofitted_to_parking (pending=3)
09:49:40 | INFO     | t=10289.0: LOCO[LOCO_01] → Allocated for pickup
09:49:40 | INFO     | t=10296.0: LOCO[LOCO_01] → TRAIN_PREP completed at WS_02 (2.0 min)
09:49:40 | INFO     | t=10301.0: BATCH → Putting 2 wagons on retrofitted track retrofitted
09:49:40 | INFO     | t=10301.0: WAGON[W4605] → Added to retrofitted track retrofitted
09:49:40 | INFO     | t=10301.0: WAGON[W10772] → Added to retrofitted track retrofitted
09:49:40 | INFO     | t=10306.0: WORKSHOP[WS_02] → Released, notifying 0 waiting processes
09:49:40 | INFO     | t=10306.0: DISPATCHER → Assigned loco LOCO_01 to retrofit_to_workshop (waited 38.5 min, pending=2)
09:49:40 | INFO     | t=10306.0: RAKE[W4337,W2166] → COUPLING at retrofit (1 couplings, 2.0 min)
09:49:40 | INFO     | t=10306.0: WAGON[W11847] → Retrieved from retrofit queue
09:49:40 | INFO     | t=10306.0: WORKSHOP[WS_02] → Selected for batch
09:49:40 | INFO     | t=10306.0: BATCH[W11847] → Formed 1 wagons for WS_02
09:49:40 | INFO     | t=10306.0: TRACK[retrofit] → Removed 1 wagons (21.3m freed)
09:49:40 | INFO     | t=10306.0: DISPATCHER → Task submitted: retrofit_to_workshop (pending=3)
09:49:40 | INFO     | t=10313.0: LOCO[LOCO_01] → COUPLING at retrofit (2.0 min)
09:49:40 | INFO     | t=10315.0: LOCO[LOCO_01] → SHUNTING_PREP at retrofit (1.0 min)
09:49:40 | INFO     | t=10321.0: LOCO[LOCO_01] → DECOUPLING at WS_01 (3.0 min)
09:49:40 | INFO     | t=10324.0: RAKE[W4337,W2166] → DECOUPLING at WS_01 (1 couplings, 3.0 min)
09:49:40 | INFO     | t=10327.0: WAGON[W4337] → RETROFIT_STARTED at WS_01
09:49:40 | INFO     | t=10327.0: WAGON[W2166] → RETROFIT_STARTED at WS_01
09:49:40 | INFO     | t=10332.0: DISPATCHER → Assigned loco LOCO_01 to retrofit_to_workshop (waited 26.0 min, pending=2)
09:49:40 | INFO     | t=10332.0: RAKE[W11847] → COUPLING at retrofit (0 couplings, 0.0 min)
09:49:40 | INFO     | t=10337.0: LOCO[LOCO_01] → COUPLING at retrofit (2.0 min)
09:49:40 | INFO     | t=10339.0: LOCO[LOCO_01] → SHUNTING_PREP at retrofit (1.0 min)
09:49:40 | INFO     | t=10344.5: LOCO[LOCO_02] → DECOUPLING at retrofit (18.0 min)
09:49:40 | INFO     | t=10344.5: WAGON[W5316] → Retrieved from retrofit queue
09:49:40 | INFO     | t=10344.5: WORKSHOP → No workshop available, waiting...
09:49:40 | INFO     | t=10345.0: LOCO[LOCO_01] → DECOUPLING at WS_02 (3.0 min)
09:49:40 | INFO     | t=10348.0: RAKE[W11847] → DECOUPLING at WS_02 (0 couplings, 0.0 min)
09:49:40 | INFO     | t=10348.0: WAGON[W11847] → RETROFIT_STARTED at WS_02
09:49:40 | INFO     | t=10353.0: DISPATCHER → Hold override for retrofitted_to_parking (waited 64.0 min >= max 45.0 min)
09:49:40 | INFO     | t=10353.0: DISPATCHER → Assigned loco LOCO_01 to collection_to_retrofit (waited 141.5 min, pending=1)
09:49:40 | INFO     | t=10353.0: DISPATCHER → Hold override for retrofitted_to_parking (waited 64.0 min >= max 45.0 min)
09:49:40 | INFO     | t=10362.5: RAKE[W5316,W9043,W2149,W5380,W0875,W5989] → DECOUPLING at retrofit (5 couplings, 15.0 min)
09:49:40 | INFO     | t=10382.5: DISPATCHER → Hold override for retrofitted_to_parking (waited 93.5 min >= max 45.0 min)
09:49:40 | INFO     | t=10382.5: DISPATCHER → Assigned loco LOCO_02 to retrofitted_to_parking (waited 93.5 min, pending=0)
09:49:40 | INFO     | t=10382.5: LOCO[LOCO_02] → Allocated for parking transport
09:49:40 | INFO     | t=10382.5: Batch size limited by retrofit capacity: 3 wagons (59.5m) fits, 17 waiting
09:49:40 | INFO     | t=10382.5: COLLECTION → Reserving retrofit track capacity for 3 wagons
09:49:40 | INFO     | t=10382.5: COLLECTION → Capacity reserved, allocating locomotive
09:49:40 | INFO     | t=10382.5: DISPATCHER → Task submitted: collection_to_retrofit (pending=1)
09:49:40 | INFO     | t=10387.0: RAKE[W4337,W2166] → COUPLING at WS_01 (1 couplings, 0.5 min)
09:49:40 | INFO     | t=10387.5: LOCO → Allocating for pickup from WS_01
09:49:40 | INFO     | t=10387.5: DISPATCHER → Task submitted: workshop_to_retrofitted (pending=2)
09:49:40 | INFO     | t=10387.5: LOCO[LOCO_02] → TRAIN_PREP at retrofitted (coupling + prep, 2.0 min)
09:49:40 | INFO     | t=10394.5: LOCO[LOCO_02] → DECOUPLING at parking7 (1.0 min)
09:49:40 | INFO     | t=10395.5: RAKE[W7755,W9951] → DECOUPLING at parking7 (1 couplings, 0.5 min)
09:49:40 | INFO     | t=10401.0: LOCO[LOCO_02] → Releasing
09:49:40 | INFO     | t=10401.0: LOCO[LOCO_02] → Released
09:49:40 | INFO     | t=10401.0: PARKING → Got wagon W4605 from retrofitted
09:49:40 | INFO     | t=10401.0: DISPATCHER → Assigned loco LOCO_02 to workshop_to_retrofitted (waited 13.5 min, pending=1)
09:49:40 | INFO     | t=10401.0: LOCO → Allocating for parking transport
09:49:40 | INFO     | t=10401.0: DISPATCHER → Task submitted: retrofitted_to_parking (pending=2)
09:49:40 | INFO     | t=10401.0: LOCO[LOCO_02] → Allocated for pickup
09:49:40 | INFO     | t=10408.0: LOCO[LOCO_02] → TRAIN_PREP completed at WS_01 (2.0 min)
09:49:40 | INFO     | t=10408.0: RAKE[W11847] → COUPLING at WS_02 (0 couplings, 0.0 min)
09:49:40 | INFO     | t=10408.0: LOCO → Allocating for pickup from WS_02
09:49:40 | INFO     | t=10408.0: DISPATCHER → Task submitted: workshop_to_retrofitted (pending=3)
09:49:40 | INFO     | t=10413.0: LOCO[LOCO_01] → TRAIN_PREP at collection (coupling + prep, 21.0 min)
09:49:40 | INFO     | t=10413.0: BATCH → Putting 2 wagons on retrofitted track retrofitted
09:49:40 | INFO     | t=10413.0: WAGON[W4337] → Added to retrofitted track retrofitted
09:49:40 | INFO     | t=10413.0: WAGON[W2166] → Added to retrofitted track retrofitted
09:49:40 | INFO     | t=10418.0: WORKSHOP[WS_01] → Released, notifying 1 waiting processes
09:49:40 | INFO     | t=10418.0: WORKSHOP → Workshop became available
09:49:40 | INFO     | t=10418.0: WORKSHOP[WS_01] → Selected for batch
09:49:40 | INFO     | t=10418.0: DISPATCHER → Assigned loco LOCO_02 to workshop_to_retrofitted (waited 10.0 min, pending=2)
09:49:40 | INFO     | t=10418.0: WAGON[W9043] → Added to batch
09:49:40 | INFO     | t=10418.0: BATCH[W5316,W9043] → Formed 2 wagons for WS_01
09:49:40 | INFO     | t=10418.0: LOCO[LOCO_02] → Allocated for pickup
09:49:40 | INFO     | t=10418.0: TRACK[retrofit] → Removed 2 wagons (34.6m freed)
09:49:40 | INFO     | t=10418.0: DISPATCHER → Task submitted: retrofit_to_workshop (pending=3)
09:49:40 | INFO     | EVENT_PUBLISHED: TrainArrivedEvent | train=T138 | time=10420.2
09:49:40 | INFO     | EVENT_HANDLING: TrainArrivedEvent -> RetrofitWorkshopContext._handle_train_arrived
09:49:40 | INFO     | EVENT_HANDLED: TrainArrivedEvent by RetrofitWorkshopContext._handle_train_arrived
09:49:40 | INFO     | EVENT_PUBLISHED: TrainArrivedEvent | train=T139 | time=10423.5
09:49:40 | INFO     | EVENT_HANDLING: TrainArrivedEvent -> RetrofitWorkshopContext._handle_train_arrived
09:49:40 | INFO     | EVENT_HANDLED: TrainArrivedEvent by RetrofitWorkshopContext._handle_train_arrived
09:49:40 | INFO     | t=10424.5: LOCO[LOCO_02] → TRAIN_PREP completed at WS_02 (1.5 min)
09:49:40 | INFO     | t=10429.5: BATCH → Putting 1 wagons on retrofitted track retrofitted
09:49:40 | INFO     | t=10429.5: WAGON[W11847] → Added to retrofitted track retrofitted
09:49:40 | INFO     | EVENT_PUBLISHED: TrainArrivedEvent | train=T140 | time=10430.2
09:49:40 | INFO     | EVENT_HANDLING: TrainArrivedEvent -> RetrofitWorkshopContext._handle_train_arrived
09:49:40 | INFO     | EVENT_HANDLED: TrainArrivedEvent by RetrofitWorkshopContext._handle_train_arrived
09:49:40 | INFO     | t=10434.5: WORKSHOP[WS_02] → Released, notifying 0 waiting processes
09:49:40 | INFO     | t=10434.5: DISPATCHER → Assigned loco LOCO_02 to retrofit_to_workshop (waited 16.5 min, pending=2)
09:49:40 | INFO     | t=10434.5: RAKE[W5316,W9043] → COUPLING at retrofit (1 couplings, 2.0 min)
09:49:40 | INFO     | t=10434.5: WAGON[W2149] → Retrieved from retrofit queue
09:49:40 | INFO     | t=10434.5: WORKSHOP[WS_02] → Selected for batch
09:49:40 | INFO     | t=10434.5: WAGON[W5380] → Added to batch
09:49:40 | INFO     | t=10434.5: BATCH[W2149,W5380] → Formed 2 wagons for WS_02
09:49:40 | INFO     | t=10434.5: TRACK[retrofit] → Removed 2 wagons (33.6m freed)
09:49:40 | INFO     | t=10434.5: DISPATCHER → Task submitted: retrofit_to_workshop (pending=3)
09:49:40 | INFO     | t=10441.5: LOCO[LOCO_02] → COUPLING at retrofit (2.0 min)
09:49:40 | INFO     | t=10443.5: LOCO[LOCO_02] → SHUNTING_PREP at retrofit (1.0 min)
09:49:40 | INFO     | t=10449.5: LOCO[LOCO_02] → DECOUPLING at WS_01 (3.0 min)
09:49:40 | INFO     | t=10452.5: RAKE[W5316,W9043] → DECOUPLING at WS_01 (1 couplings, 3.0 min)
09:49:40 | INFO     | t=10455.5: WAGON[W5316] → RETROFIT_STARTED at WS_01
09:49:40 | INFO     | t=10455.5: WAGON[W9043] → RETROFIT_STARTED at WS_01
09:49:40 | INFO     | t=10460.5: DISPATCHER → Hold override for retrofitted_to_parking (waited 59.5 min >= max 45.0 min)
09:49:40 | INFO     | t=10460.5: DISPATCHER → Assigned loco LOCO_02 to retrofit_to_workshop (waited 26.0 min, pending=2)
09:49:40 | INFO     | t=10460.5: RAKE[W2149,W5380] → COUPLING at retrofit (1 couplings, 2.0 min)
09:49:40 | INFO     | t=10460.5: WAGON[W0875] → Retrieved from retrofit queue
09:49:40 | INFO     | t=10460.5: WORKSHOP → No workshop available, waiting...
09:49:40 | INFO     | t=10467.5: LOCO[LOCO_02] → COUPLING at retrofit (2.0 min)
09:49:40 | INFO     | t=10469.5: LOCO[LOCO_02] → SHUNTING_PREP at retrofit (1.0 min)
09:49:40 | INFO     | t=10475.5: LOCO[LOCO_02] → DECOUPLING at WS_02 (3.0 min)
09:49:40 | INFO     | t=10478.5: RAKE[W2149,W5380] → DECOUPLING at WS_02 (1 couplings, 3.0 min)
09:49:40 | INFO     | t=10481.5: WAGON[W2149] → RETROFIT_STARTED at WS_02
09:49:40 | INFO     | t=10481.5: WAGON[W5380] → RETROFIT_STARTED at WS_02
09:49:40 | INFO     | t=10486.5: DISPATCHER → Hold override for retrofitted_to_parking (waited 85.5 min >= max 45.0 min)
09:49:40 | INFO     | t=10486.5: DISPATCHER → Assigned loco LOCO_02 to collection_to_retrofit (waited 104.0 min, pending=1)
09:49:40 | INFO     | t=10486.5: DISPATCHER → Hold override for retrofitted_to_parking (waited 85.5 min >= max 45.0 min)
09:49:40 | INFO     | t=10494.0: LOCO[LOCO_01] → DECOUPLING at retrofit (30.0 min)
09:49:40 | INFO     | EVENT_PUBLISHED: TrainArrivedEvent | train=T141 | time=10500.0
09:49:40 | INFO     | EVENT_HANDLING: TrainArrivedEvent -> RetrofitWorkshopContext._handle_train_arrived
09:49:40 | INFO     | EVENT_HANDLED: TrainArrivedEvent by RetrofitWorkshopContext._handle_train_arrived
09:49:40 | INFO     | t=10515.5: RAKE[W5316,W9043] → COUPLING at WS_01 (1 couplings, 0.5 min)
09:49:40 | INFO     | t=10516.0: LOCO → Allocating for pickup from WS_01
09:49:40 | INFO     | t=10516.0: DISPATCHER → Task submitted: workshop_to_retrofitted (pending=2)
09:49:40 | INFO     | t=10524.0: RAKE[W11884,W2135,W9420,W9744,W10936,W10993,W11050,W0475,W0827,W8714] → DECOUPLING at retrofit (9 couplings, 27.0 min)
09:49:40 | INFO     | t=10541.5: RAKE[W2149,W5380] → COUPLING at WS_02 (1 couplings, 0.5 min)
09:49:40 | INFO     | t=10542.0: LOCO → Allocating for pickup from WS_02
09:49:40 | INFO     | t=10542.0: DISPATCHER → Task submitted: workshop_to_retrofitted (pending=3)
09:49:40 | INFO     | t=10546.5: LOCO[LOCO_02] → TRAIN_PREP at collection (coupling + prep, 7.0 min)
09:49:40 | INFO     | t=10556.0: DISPATCHER → Hold override for retrofitted_to_parking (waited 155.0 min >= max 45.0 min)
09:49:40 | INFO     | t=10556.0: DISPATCHER → Assigned loco LOCO_01 to workshop_to_retrofitted (waited 40.0 min, pending=2)
09:49:40 | INFO     | t=10556.0: DISPATCHER → Hold override for retrofitted_to_parking (waited 155.0 min >= max 45.0 min)
09:49:40 | INFO     | t=10556.0: LOCO[LOCO_01] → Allocated for pickup
09:49:40 | INFO     | t=10556.0: Batch size limited by retrofit capacity: 3 wagons (61.1m) fits, 15 waiting
09:49:40 | INFO     | t=10556.0: COLLECTION → Reserving retrofit track capacity for 3 wagons
09:49:40 | INFO     | t=10556.0: COLLECTION → Capacity reserved, allocating locomotive
09:49:40 | INFO     | t=10556.0: DISPATCHER → Task submitted: collection_to_retrofit (pending=3)
09:49:40 | INFO     | t=10563.0: LOCO[LOCO_01] → TRAIN_PREP completed at WS_01 (2.0 min)
09:49:40 | INFO     | t=10568.0: BATCH → Putting 2 wagons on retrofitted track retrofitted
09:49:40 | INFO     | t=10568.0: WAGON[W5316] → Added to retrofitted track retrofitted
09:49:40 | INFO     | t=10568.0: WAGON[W9043] → Added to retrofitted track retrofitted
09:49:40 | INFO     | t=10573.0: WORKSHOP[WS_01] → Released, notifying 1 waiting processes
09:49:40 | INFO     | t=10573.0: WORKSHOP → Workshop became available
09:49:40 | INFO     | t=10573.0: WORKSHOP[WS_01] → Selected for batch
09:49:40 | INFO     | t=10573.0: DISPATCHER → Hold override for retrofitted_to_parking (waited 172.0 min >= max 45.0 min)
09:49:40 | INFO     | t=10573.0: DISPATCHER → Assigned loco LOCO_01 to workshop_to_retrofitted (waited 31.0 min, pending=2)
09:49:40 | INFO     | t=10573.0: DISPATCHER → Hold override for retrofitted_to_parking (waited 172.0 min >= max 45.0 min)
09:49:40 | INFO     | t=10573.0: WAGON[W5989] → Added to batch
09:49:40 | INFO     | t=10573.0: BATCH[W0875,W5989] → Formed 2 wagons for WS_01
09:49:40 | INFO     | t=10573.0: LOCO[LOCO_01] → Allocated for pickup
09:49:40 | INFO     | t=10573.0: TRACK[retrofit] → Removed 2 wagons (24.7m freed)
09:49:40 | INFO     | t=10573.0: DISPATCHER → Task submitted: retrofit_to_workshop (pending=3)
09:49:40 | INFO     | t=10580.0: LOCO[LOCO_01] → TRAIN_PREP completed at WS_02 (2.0 min)
09:49:40 | INFO     | t=10585.0: BATCH → Putting 2 wagons on retrofitted track retrofitted
09:49:40 | INFO     | t=10585.0: WAGON[W2149] → Added to retrofitted track retrofitted
09:49:40 | INFO     | t=10585.0: WAGON[W5380] → Added to retrofitted track retrofitted
09:49:40 | INFO     | t=10590.0: WORKSHOP[WS_02] → Released, notifying 0 waiting processes
09:49:40 | INFO     | t=10590.0: DISPATCHER → Hold override for retrofitted_to_parking (waited 189.0 min >= max 45.0 min)
09:49:40 | INFO     | t=10590.0: DISPATCHER → Assigned loco LOCO_01 to retrofit_to_workshop (waited 17.0 min, pending=2)
09:49:40 | INFO     | t=10590.0: DISPATCHER → Hold override for retrofitted_to_parking (waited 189.0 min >= max 45.0 min)
09:49:40 | INFO     | t=10590.0: RAKE[W0875,W5989] → COUPLING at retrofit (1 couplings, 2.0 min)
09:49:40 | INFO     | t=10590.0: WAGON[W11884] → Retrieved from retrofit queue
09:49:40 | INFO     | t=10590.0: WORKSHOP[WS_02] → Selected for batch
09:49:40 | INFO     | t=10590.0: WAGON[W2135] → Added to batch
09:49:40 | INFO     | t=10590.0: BATCH[W11884,W2135] → Formed 2 wagons for WS_02
09:49:40 | INFO     | t=10590.0: TRACK[retrofit] → Removed 2 wagons (38.5m freed)
09:49:40 | INFO     | t=10590.0: DISPATCHER → Task submitted: retrofit_to_workshop (pending=3)
09:49:40 | INFO     | EVENT_PUBLISHED: TrainArrivedEvent | train=T142 | time=10593.5
09:49:40 | INFO     | EVENT_HANDLING: TrainArrivedEvent -> RetrofitWorkshopContext._handle_train_arrived
09:49:40 | INFO     | EVENT_HANDLED: TrainArrivedEvent by RetrofitWorkshopContext._handle_train_arrived
09:49:40 | INFO     | t=10597.0: LOCO[LOCO_01] → COUPLING at retrofit (2.0 min)
09:49:40 | INFO     | t=10599.0: LOCO[LOCO_01] → SHUNTING_PREP at retrofit (1.0 min)
09:49:40 | INFO     | t=10605.0: LOCO[LOCO_01] → DECOUPLING at WS_01 (3.0 min)
09:49:40 | INFO     | t=10608.0: RAKE[W0875,W5989] → DECOUPLING at WS_01 (1 couplings, 3.0 min)
09:49:40 | INFO     | t=10611.0: WAGON[W0875] → RETROFIT_STARTED at WS_01
09:49:40 | INFO     | t=10611.0: WAGON[W5989] → RETROFIT_STARTED at WS_01
09:49:40 | INFO     | t=10613.5: LOCO[LOCO_02] → DECOUPLING at retrofit (9.0 min)
09:49:40 | INFO     | t=10616.0: DISPATCHER → Hold override for retrofitted_to_parking (waited 215.0 min >= max 45.0 min)
09:49:40 | INFO     | t=10616.0: DISPATCHER → Assigned loco LOCO_01 to retrofit_to_workshop (waited 26.0 min, pending=2)
09:49:40 | INFO     | t=10616.0: DISPATCHER → Hold override for retrofitted_to_parking (waited 215.0 min >= max 45.0 min)
09:49:40 | INFO     | t=10616.0: RAKE[W11884,W2135] → COUPLING at retrofit (1 couplings, 2.0 min)
09:49:40 | INFO     | t=10616.0: WAGON[W9420] → Retrieved from retrofit queue
09:49:40 | INFO     | t=10616.0: WORKSHOP → No workshop available, waiting...
09:49:40 | INFO     | EVENT_PUBLISHED: TrainArrivedEvent | train=T143 | time=10616.5
09:49:40 | INFO     | EVENT_HANDLING: TrainArrivedEvent -> RetrofitWorkshopContext._handle_train_arrived
09:49:40 | INFO     | EVENT_HANDLED: TrainArrivedEvent by RetrofitWorkshopContext._handle_train_arrived
09:49:40 | INFO     | t=10622.5: RAKE[W5415,W12031,W10441] → DECOUPLING at retrofit (2 couplings, 6.0 min)
09:49:40 | INFO     | t=10623.0: LOCO[LOCO_01] → COUPLING at retrofit (2.0 min)
09:49:40 | INFO     | t=10625.0: LOCO[LOCO_01] → SHUNTING_PREP at retrofit (1.0 min)
09:49:40 | INFO     | t=10631.0: LOCO[LOCO_01] → DECOUPLING at WS_02 (3.0 min)
09:49:40 | INFO     | t=10633.5: DISPATCHER → Hold override for retrofitted_to_parking (waited 232.5 min >= max 45.0 min)
09:49:40 | INFO     | t=10633.5: DISPATCHER → Assigned loco LOCO_02 to retrofitted_to_parking (waited 232.5 min, pending=1)
09:49:40 | INFO     | t=10633.5: LOCO[LOCO_02] → Allocated for parking transport
09:49:40 | INFO     | t=10633.5: Batch size limited by retrofit capacity: 3 wagons (59.7m) fits, 17 waiting
09:49:40 | INFO     | t=10633.5: COLLECTION → Reserving retrofit track capacity for 3 wagons
09:49:40 | INFO     | t=10633.5: COLLECTION → Capacity reserved, allocating locomotive
09:49:40 | INFO     | t=10633.5: DISPATCHER → Task submitted: collection_to_retrofit (pending=2)
09:49:40 | INFO     | t=10634.0: RAKE[W11884,W2135] → DECOUPLING at WS_02 (1 couplings, 3.0 min)
09:49:40 | INFO     | t=10637.0: WAGON[W11884] → RETROFIT_STARTED at WS_02
09:49:40 | INFO     | t=10637.0: WAGON[W2135] → RETROFIT_STARTED at WS_02
09:49:40 | INFO     | t=10638.5: LOCO[LOCO_02] → TRAIN_PREP at retrofitted (coupling + prep, 2.0 min)
09:49:40 | INFO     | t=10671.0: RAKE[W0875,W5989] → COUPLING at WS_01 (1 couplings, 0.5 min)
09:49:40 | INFO     | t=10671.5: LOCO → Allocating for pickup from WS_01
09:49:40 | INFO     | t=10671.5: DISPATCHER → Task submitted: workshop_to_retrofitted (pending=3)
09:49:40 | INFO     | t=10671.5: DISPATCHER → Assigned loco LOCO_01 to workshop_to_retrofitted (waited 0.0 min, pending=2)
09:49:40 | INFO     | t=10671.5: LOCO[LOCO_01] → Allocated for pickup
09:49:40 | INFO     | t=10678.5: LOCO[LOCO_01] → TRAIN_PREP completed at WS_01 (2.0 min)
09:49:40 | INFO     | t=10683.5: BATCH → Putting 2 wagons on retrofitted track retrofitted
09:49:40 | INFO     | t=10683.5: WAGON[W0875] → Added to retrofitted track retrofitted
09:49:40 | INFO     | t=10683.5: WAGON[W5989] → Added to retrofitted track retrofitted
09:49:40 | INFO     | t=10688.5: WORKSHOP[WS_01] → Released, notifying 1 waiting processes
09:49:40 | INFO     | t=10688.5: WORKSHOP → Workshop became available
09:49:40 | INFO     | t=10688.5: WORKSHOP[WS_01] → Selected for batch
09:49:40 | INFO     | t=10688.5: WAGON[W9744] → Added to batch
09:49:40 | INFO     | t=10688.5: BATCH[W9420,W9744] → Formed 2 wagons for WS_01
09:49:40 | INFO     | t=10688.5: TRACK[retrofit] → Removed 2 wagons (31.3m freed)
09:49:40 | INFO     | t=10688.5: DISPATCHER → Task submitted: retrofit_to_workshop (pending=3)
09:49:40 | INFO     | t=10688.5: DISPATCHER → Assigned loco LOCO_01 to retrofit_to_workshop (waited 0.0 min, pending=2)
09:49:40 | INFO     | t=10688.5: RAKE[W9420,W9744] → COUPLING at retrofit (1 couplings, 2.0 min)
09:49:40 | INFO     | t=10688.5: WAGON[W10936] → Retrieved from retrofit queue
09:49:40 | INFO     | t=10688.5: WORKSHOP → No workshop available, waiting...
09:49:40 | INFO     | t=10695.5: LOCO[LOCO_01] → COUPLING at retrofit (2.0 min)
09:49:40 | INFO     | t=10697.0: RAKE[W11884,W2135] → COUPLING at WS_02 (1 couplings, 0.5 min)
09:49:40 | INFO     | t=10697.5: LOCO[LOCO_01] → SHUNTING_PREP at retrofit (1.0 min)
09:49:40 | INFO     | t=10697.5: LOCO → Allocating for pickup from WS_02
09:49:40 | INFO     | t=10697.5: DISPATCHER → Task submitted: workshop_to_retrofitted (pending=3)
09:49:40 | INFO     | t=10700.5: LOCO[LOCO_02] → DECOUPLING at parking10 (1.0 min)
09:49:40 | INFO     | t=10701.5: RAKE[W4605,W10772] → DECOUPLING at parking10 (1 couplings, 0.5 min)
09:49:40 | INFO     | t=10703.5: LOCO[LOCO_01] → DECOUPLING at WS_01 (3.0 min)
09:49:40 | INFO     | t=10706.5: RAKE[W9420,W9744] → DECOUPLING at WS_01 (1 couplings, 3.0 min)
09:49:40 | INFO     | t=10709.5: WAGON[W9420] → RETROFIT_STARTED at WS_01
09:49:40 | INFO     | t=10709.5: WAGON[W9744] → RETROFIT_STARTED at WS_01
09:49:40 | INFO     | t=10714.5: DISPATCHER → Assigned loco LOCO_01 to workshop_to_retrofitted (waited 17.0 min, pending=2)
09:49:40 | INFO     | t=10714.5: LOCO[LOCO_01] → Allocated for pickup
09:49:40 | INFO     | t=10721.5: LOCO[LOCO_01] → TRAIN_PREP completed at WS_02 (2.0 min)
09:49:40 | INFO     | t=10726.5: BATCH → Putting 2 wagons on retrofitted track retrofitted
09:49:40 | INFO     | t=10726.5: WAGON[W11884] → Added to retrofitted track retrofitted
09:49:40 | INFO     | t=10726.5: WAGON[W2135] → Added to retrofitted track retrofitted
09:49:40 | INFO     | t=10731.5: WORKSHOP[WS_02] → Released, notifying 1 waiting processes
09:49:40 | INFO     | t=10731.5: WORKSHOP → Workshop became available
09:49:40 | INFO     | t=10731.5: WORKSHOP[WS_02] → Selected for batch
09:49:40 | INFO     | t=10731.5: DISPATCHER → Assigned loco LOCO_01 to collection_to_retrofit (waited 175.5 min, pending=1)
09:49:40 | INFO     | t=10731.5: WAGON[W10993] → Added to batch
09:49:40 | INFO     | t=10731.5: BATCH[W10936,W10993] → Formed 2 wagons for WS_02
09:49:40 | INFO     | t=10731.5: TRACK[retrofit] → Removed 2 wagons (27.4m freed)
09:49:40 | INFO     | t=10731.5: DISPATCHER → Task submitted: retrofit_to_workshop (pending=2)
09:49:40 | INFO     | t=10762.0: LOCO[LOCO_02] → Releasing
09:49:40 | INFO     | t=10762.0: LOCO[LOCO_02] → Released
09:49:40 | INFO     | t=10762.0: PARKING → Got wagon W4337 from retrofitted
09:49:40 | INFO     | t=10762.0: DISPATCHER → Assigned loco LOCO_02 to retrofit_to_workshop (waited 30.5 min, pending=1)
09:49:40 | INFO     | t=10762.0: RAKE[W10936,W10993] → COUPLING at retrofit (1 couplings, 2.0 min)
09:49:40 | INFO     | t=10762.0: WAGON[W11050] → Retrieved from retrofit queue
09:49:40 | INFO     | t=10762.0: WORKSHOP → No workshop available, waiting...
09:49:40 | INFO     | t=10762.0: LOCO → Allocating for parking transport
09:49:40 | INFO     | t=10762.0: DISPATCHER → Task submitted: retrofitted_to_parking (pending=2)
09:49:40 | INFO     | t=10769.0: LOCO[LOCO_02] → COUPLING at retrofit (2.0 min)
09:49:40 | INFO     | t=10769.5: RAKE[W9420,W9744] → COUPLING at WS_01 (1 couplings, 0.5 min)
09:49:40 | INFO     | t=10770.0: LOCO → Allocating for pickup from WS_01
09:49:40 | INFO     | t=10770.0: DISPATCHER → Task submitted: workshop_to_retrofitted (pending=3)
09:49:40 | INFO     | t=10771.0: LOCO[LOCO_02] → SHUNTING_PREP at retrofit (1.0 min)
09:49:40 | INFO     | t=10777.0: LOCO[LOCO_02] → DECOUPLING at WS_02 (3.0 min)
09:49:40 | INFO     | t=10780.0: RAKE[W10936,W10993] → DECOUPLING at WS_02 (1 couplings, 3.0 min)
09:49:40 | INFO     | t=10783.0: WAGON[W10936] → RETROFIT_STARTED at WS_02
09:49:40 | INFO     | t=10783.0: WAGON[W10993] → RETROFIT_STARTED at WS_02
09:49:40 | INFO     | EVENT_PUBLISHED: TrainArrivedEvent | train=T144 | time=10788.0
09:49:40 | INFO     | EVENT_HANDLING: TrainArrivedEvent -> RetrofitWorkshopContext._handle_train_arrived
09:49:40 | INFO     | EVENT_HANDLED: TrainArrivedEvent by RetrofitWorkshopContext._handle_train_arrived
09:49:40 | INFO     | t=10788.0: DISPATCHER → Assigned loco LOCO_02 to workshop_to_retrofitted (waited 18.0 min, pending=2)
09:49:40 | INFO     | t=10788.0: LOCO[LOCO_02] → Allocated for pickup
09:49:40 | INFO     | t=10791.5: LOCO[LOCO_01] → TRAIN_PREP at collection (coupling + prep, 7.0 min)
09:49:40 | INFO     | EVENT_PUBLISHED: TrainArrivedEvent | train=T145 | time=10793.2
09:49:40 | INFO     | EVENT_HANDLING: TrainArrivedEvent -> RetrofitWorkshopContext._handle_train_arrived
09:49:40 | INFO     | EVENT_HANDLED: TrainArrivedEvent by RetrofitWorkshopContext._handle_train_arrived
09:49:40 | INFO     | EVENT_PUBLISHED: TrainArrivedEvent | train=T146 | time=10795.0
09:49:40 | INFO     | EVENT_HANDLING: TrainArrivedEvent -> RetrofitWorkshopContext._handle_train_arrived
09:49:40 | INFO     | EVENT_HANDLED: TrainArrivedEvent by RetrofitWorkshopContext._handle_train_arrived
09:49:40 | INFO     | t=10795.0: LOCO[LOCO_02] → TRAIN_PREP completed at WS_01 (2.0 min)
09:49:40 | INFO     | EVENT_PUBLISHED: TrainArrivedEvent | train=T147 | time=10796.8
09:49:40 | INFO     | EVENT_HANDLING: TrainArrivedEvent -> RetrofitWorkshopContext._handle_train_arrived
09:49:40 | INFO     | EVENT_HANDLED: TrainArrivedEvent by RetrofitWorkshopContext._handle_train_arrived
09:49:40 | INFO     | t=10800.0: BATCH → Putting 2 wagons on retrofitted track retrofitted
09:49:40 | INFO     | t=10800.0: WAGON[W9420] → Added to retrofitted track retrofitted
09:49:40 | INFO     | t=10800.0: WAGON[W9744] → Added to retrofitted track retrofitted
09:49:40 | INFO     | t=10805.0: WORKSHOP[WS_01] → Released, notifying 1 waiting processes
09:49:40 | INFO     | t=10805.0: WORKSHOP → Workshop became available
09:49:40 | INFO     | t=10805.0: WORKSHOP[WS_01] → Selected for batch
09:49:40 | INFO     | t=10805.0: DISPATCHER → Assigned loco LOCO_02 to collection_to_retrofit (waited 171.5 min, pending=1)
09:49:40 | INFO     | t=10805.0: WAGON[W0475] → Added to batch
09:49:40 | INFO     | t=10805.0: BATCH[W11050,W0475] → Formed 2 wagons for WS_01
09:49:40 | INFO     | t=10805.0: TRACK[retrofit] → Removed 2 wagons (24.9m freed)
09:49:40 | INFO     | t=10805.0: DISPATCHER → Task submitted: retrofit_to_workshop (pending=2)
09:49:40 | INFO     | EVENT_PUBLISHED: TrainArrivedEvent | train=T148 | time=10842.8
09:49:40 | INFO     | EVENT_HANDLING: TrainArrivedEvent -> RetrofitWorkshopContext._handle_train_arrived
09:49:40 | INFO     | EVENT_HANDLED: TrainArrivedEvent by RetrofitWorkshopContext._handle_train_arrived
09:49:40 | INFO     | t=10843.0: RAKE[W10936,W10993] → COUPLING at WS_02 (1 couplings, 0.5 min)
09:49:40 | INFO     | t=10843.5: LOCO → Allocating for pickup from WS_02
09:49:40 | INFO     | t=10843.5: DISPATCHER → Task submitted: workshop_to_retrofitted (pending=3)
09:49:40 | INFO     | t=10858.5: LOCO[LOCO_01] → DECOUPLING at retrofit (9.0 min)
09:49:40 | INFO     | EVENT_PUBLISHED: TrainArrivedEvent | train=T149 | time=10860.2
09:49:40 | INFO     | EVENT_HANDLING: TrainArrivedEvent -> RetrofitWorkshopContext._handle_train_arrived
09:49:40 | INFO     | EVENT_HANDLED: TrainArrivedEvent by RetrofitWorkshopContext._handle_train_arrived
09:49:40 | INFO     | t=10865.0: LOCO[LOCO_02] → TRAIN_PREP at collection (coupling + prep, 7.0 min)
09:49:40 | INFO     | t=10867.5: RAKE[W7877,W5280,W7897] → DECOUPLING at retrofit (2 couplings, 6.0 min)
09:49:40 | INFO     | t=10878.5: DISPATCHER → Hold override for retrofitted_to_parking (waited 116.5 min >= max 45.0 min)
09:49:40 | INFO     | t=10878.5: DISPATCHER → Assigned loco LOCO_01 to workshop_to_retrofitted (waited 35.0 min, pending=2)
09:49:40 | INFO     | t=10878.5: DISPATCHER → Hold override for retrofitted_to_parking (waited 116.5 min >= max 45.0 min)
09:49:40 | INFO     | t=10878.5: LOCO[LOCO_01] → Allocated for pickup
09:49:40 | INFO     | t=10878.5: Batch size limited by retrofit capacity: 4 wagons (87.8m) fits, 15 waiting
09:49:40 | INFO     | t=10878.5: COLLECTION → Reserving retrofit track capacity for 4 wagons
09:49:40 | INFO     | t=10878.5: COLLECTION → Capacity reserved, allocating locomotive
09:49:40 | INFO     | t=10878.5: DISPATCHER → Task submitted: collection_to_retrofit (pending=3)
09:49:40 | INFO     | t=10885.5: LOCO[LOCO_01] → TRAIN_PREP completed at WS_02 (2.0 min)
09:49:40 | INFO     | t=10890.5: BATCH → Putting 2 wagons on retrofitted track retrofitted
09:49:40 | INFO     | t=10890.5: WAGON[W10936] → Added to retrofitted track retrofitted
09:49:40 | INFO     | t=10890.5: WAGON[W10993] → Added to retrofitted track retrofitted
09:49:40 | INFO     | t=10895.5: WORKSHOP[WS_02] → Released, notifying 0 waiting processes
09:49:40 | INFO     | t=10895.5: DISPATCHER → Hold override for retrofitted_to_parking (waited 133.5 min >= max 45.0 min)
09:49:40 | INFO     | t=10895.5: DISPATCHER → Assigned loco LOCO_01 to retrofitted_to_parking (waited 133.5 min, pending=2)
09:49:40 | INFO     | t=10895.5: LOCO[LOCO_01] → Allocated for parking transport
09:49:40 | INFO     | t=10900.5: LOCO[LOCO_01] → TRAIN_PREP at retrofitted (coupling + prep, 5.5 min)
09:49:40 | INFO     | t=10911.0: LOCO[LOCO_01] → DECOUPLING at parking8 (4.5 min)
09:49:40 | INFO     | t=10915.5: RAKE[W4337,W2166,W11847,W5316,W9043,W2149,W5380,W0875,W5989] → DECOUPLING at parking8 (8 couplings, 4.0 min)
09:49:40 | INFO     | t=10924.5: LOCO[LOCO_01] → Releasing
09:49:40 | INFO     | t=10924.5: LOCO[LOCO_01] → Released
09:49:40 | INFO     | t=10924.5: PARKING → Got wagon W11884 from retrofitted
09:49:40 | INFO     | t=10924.5: DISPATCHER → Assigned loco LOCO_01 to retrofit_to_workshop (waited 119.5 min, pending=1)
09:49:40 | INFO     | t=10924.5: RAKE[W11050,W0475] → COUPLING at retrofit (1 couplings, 2.0 min)
09:49:40 | INFO     | t=10924.5: WAGON[W0827] → Retrieved from retrofit queue
09:49:40 | INFO     | t=10924.5: WORKSHOP[WS_02] → Selected for batch
09:49:40 | INFO     | t=10924.5: WAGON[W8714] → Added to batch
09:49:40 | INFO     | t=10924.5: BATCH[W0827,W8714] → Formed 2 wagons for WS_02
09:49:40 | INFO     | t=10924.5: TRACK[retrofit] → Removed 2 wagons (32.9m freed)
09:49:40 | INFO     | t=10924.5: DISPATCHER → Task submitted: retrofit_to_workshop (pending=2)
09:49:40 | INFO     | t=10924.5: LOCO → Allocating for parking transport
09:49:40 | INFO     | t=10924.5: DISPATCHER → Task submitted: retrofitted_to_parking (pending=3)
09:49:40 | INFO     | t=10931.5: LOCO[LOCO_01] → COUPLING at retrofit (2.0 min)
09:49:40 | INFO     | t=10932.0: LOCO[LOCO_02] → DECOUPLING at retrofit (9.0 min)
09:49:40 | INFO     | t=10933.5: LOCO[LOCO_01] → SHUNTING_PREP at retrofit (1.0 min)
09:49:40 | INFO     | t=10939.5: LOCO[LOCO_01] → DECOUPLING at WS_01 (3.0 min)
09:49:40 | INFO     | t=10941.0: RAKE[W10435,W1122,W1120] → DECOUPLING at retrofit (2 couplings, 6.0 min)
09:49:40 | INFO     | t=10942.5: RAKE[W11050,W0475] → DECOUPLING at WS_01 (1 couplings, 3.0 min)
09:49:40 | INFO     | t=10945.5: WAGON[W11050] → RETROFIT_STARTED at WS_01
09:49:40 | INFO     | t=10945.5: WAGON[W0475] → RETROFIT_STARTED at WS_01
09:49:40 | INFO     | EVENT_PUBLISHED: TrainArrivedEvent | train=T150 | time=10947.8
09:49:40 | INFO     | EVENT_HANDLING: TrainArrivedEvent -> RetrofitWorkshopContext._handle_train_arrived
09:49:40 | INFO     | EVENT_HANDLED: TrainArrivedEvent by RetrofitWorkshopContext._handle_train_arrived
09:49:40 | INFO     | t=10950.5: DISPATCHER → Assigned loco LOCO_01 to retrofit_to_workshop (waited 26.0 min, pending=2)
09:49:40 | INFO     | t=10950.5: RAKE[W0827,W8714] → COUPLING at retrofit (1 couplings, 2.0 min)
09:49:40 | INFO     | t=10950.5: WAGON[W5415] → Retrieved from retrofit queue
09:49:40 | INFO     | t=10950.5: WORKSHOP → No workshop available, waiting...
09:49:40 | INFO     | t=10952.0: DISPATCHER → Assigned loco LOCO_02 to collection_to_retrofit (waited 73.5 min, pending=1)
09:49:40 | INFO     | t=10952.0: Batch size limited by retrofit capacity: 2 wagons (46.2m) fits, 18 waiting
09:49:40 | INFO     | t=10952.0: COLLECTION → Reserving retrofit track capacity for 2 wagons
09:49:40 | INFO     | t=10952.0: COLLECTION → Capacity reserved, allocating locomotive
09:49:40 | INFO     | t=10952.0: DISPATCHER → Task submitted: collection_to_retrofit (pending=2)
09:49:40 | INFO     | t=10957.5: LOCO[LOCO_01] → COUPLING at retrofit (2.0 min)
09:49:40 | INFO     | t=10959.5: LOCO[LOCO_01] → SHUNTING_PREP at retrofit (1.0 min)
09:49:40 | INFO     | t=10965.5: LOCO[LOCO_01] → DECOUPLING at WS_02 (3.0 min)
09:49:40 | INFO     | t=10968.5: RAKE[W0827,W8714] → DECOUPLING at WS_02 (1 couplings, 3.0 min)
09:49:40 | INFO     | t=10971.5: WAGON[W0827] → RETROFIT_STARTED at WS_02
09:49:40 | INFO     | t=10971.5: WAGON[W8714] → RETROFIT_STARTED at WS_02
09:49:40 | INFO     | EVENT_PUBLISHED: TrainArrivedEvent | train=T151 | time=10973.8
09:49:40 | INFO     | EVENT_HANDLING: TrainArrivedEvent -> RetrofitWorkshopContext._handle_train_arrived
09:49:40 | INFO     | EVENT_HANDLED: TrainArrivedEvent by RetrofitWorkshopContext._handle_train_arrived
09:49:40 | INFO     | t=10976.5: DISPATCHER → Hold override for retrofitted_to_parking (waited 52.0 min >= max 45.0 min)
09:49:40 | INFO     | t=10976.5: DISPATCHER → Assigned loco LOCO_01 to retrofitted_to_parking (waited 52.0 min, pending=1)
09:49:40 | INFO     | t=10976.5: LOCO[LOCO_01] → Allocated for parking transport
09:49:40 | INFO     | t=10981.5: LOCO[LOCO_01] → TRAIN_PREP at retrofitted (coupling + prep, 4.0 min)
09:49:40 | INFO     | t=10990.5: LOCO[LOCO_01] → DECOUPLING at parking3 (3.0 min)
09:49:40 | INFO     | t=10993.5: RAKE[W11884,W2135,W9420,W9744,W10936,W10993] → DECOUPLING at parking3 (5 couplings, 2.5 min)
09:49:40 | INFO     | t=11001.0: LOCO[LOCO_01] → Releasing
09:49:40 | INFO     | t=11001.0: LOCO[LOCO_01] → Released
09:49:40 | INFO     | t=11005.5: RAKE[W11050,W0475] → COUPLING at WS_01 (1 couplings, 0.5 min)
09:49:40 | INFO     | t=11006.0: LOCO → Allocating for pickup from WS_01
09:49:40 | INFO     | t=11006.0: DISPATCHER → Task submitted: workshop_to_retrofitted (pending=2)
09:49:40 | INFO     | t=11006.0: DISPATCHER → Assigned loco LOCO_01 to workshop_to_retrofitted (waited 0.0 min, pending=1)
09:49:40 | INFO     | t=11006.0: LOCO[LOCO_01] → Allocated for pickup
09:49:40 | INFO     | t=11012.0: LOCO[LOCO_02] → TRAIN_PREP at collection (coupling + prep, 9.0 min)
09:49:40 | INFO     | t=11013.0: LOCO[LOCO_01] → TRAIN_PREP completed at WS_01 (2.0 min)
09:49:40 | INFO     | t=11018.0: BATCH → Putting 2 wagons on retrofitted track retrofitted
09:49:40 | INFO     | t=11018.0: WAGON[W11050] → Added to retrofitted track retrofitted
09:49:40 | INFO     | t=11018.0: WAGON[W0475] → Added to retrofitted track retrofitted
09:49:40 | INFO     | t=11018.0: PARKING → Got wagon W11050 from retrofitted
09:49:40 | INFO     | t=11018.0: LOCO → Allocating for parking transport
09:49:40 | INFO     | t=11018.0: DISPATCHER → Task submitted: retrofitted_to_parking (pending=2)
09:49:40 | INFO     | t=11023.0: WORKSHOP[WS_01] → Released, notifying 1 waiting processes
09:49:40 | INFO     | t=11023.0: WORKSHOP → Workshop became available
09:49:40 | INFO     | t=11023.0: WORKSHOP[WS_01] → Selected for batch
09:49:40 | INFO     | t=11023.0: WAGON[W12031] → Added to batch
09:49:40 | INFO     | t=11023.0: BATCH[W5415,W12031] → Formed 2 wagons for WS_01
09:49:40 | INFO     | t=11023.0: TRACK[retrofit] → Removed 2 wagons (39.6m freed)
09:49:40 | INFO     | t=11023.0: DISPATCHER → Task submitted: retrofit_to_workshop (pending=3)
09:49:40 | INFO     | t=11023.0: DISPATCHER → Assigned loco LOCO_01 to retrofit_to_workshop (waited 0.0 min, pending=2)
09:49:40 | INFO     | t=11023.0: RAKE[W5415,W12031] → COUPLING at retrofit (1 couplings, 2.0 min)
09:49:40 | INFO     | t=11023.0: WAGON[W10441] → Retrieved from retrofit queue
09:49:40 | INFO     | t=11023.0: WORKSHOP → No workshop available, waiting...
09:49:40 | INFO     | t=11030.0: LOCO[LOCO_01] → COUPLING at retrofit (2.0 min)
09:49:40 | INFO     | t=11031.5: RAKE[W0827,W8714] → COUPLING at WS_02 (1 couplings, 0.5 min)
09:49:40 | INFO     | t=11032.0: LOCO[LOCO_01] → SHUNTING_PREP at retrofit (1.0 min)
09:49:40 | INFO     | t=11032.0: LOCO → Allocating for pickup from WS_02
09:49:40 | INFO     | t=11032.0: DISPATCHER → Task submitted: workshop_to_retrofitted (pending=3)
09:49:40 | INFO     | t=11038.0: LOCO[LOCO_01] → DECOUPLING at WS_01 (3.0 min)
09:49:40 | INFO     | t=11041.0: RAKE[W5415,W12031] → DECOUPLING at WS_01 (1 couplings, 3.0 min)
09:49:40 | INFO     | t=11044.0: WAGON[W5415] → RETROFIT_STARTED at WS_01
09:49:40 | INFO     | t=11044.0: WAGON[W12031] → RETROFIT_STARTED at WS_01
09:49:40 | INFO     | t=11049.0: DISPATCHER → Assigned loco LOCO_01 to workshop_to_retrofitted (waited 17.0 min, pending=2)
09:49:40 | INFO     | t=11049.0: LOCO[LOCO_01] → Allocated for pickup
09:49:40 | INFO     | t=11056.0: LOCO[LOCO_01] → TRAIN_PREP completed at WS_02 (2.0 min)
09:49:40 | INFO     | t=11061.0: BATCH → Putting 2 wagons on retrofitted track retrofitted
09:49:40 | INFO     | t=11061.0: WAGON[W0827] → Added to retrofitted track retrofitted
09:49:40 | INFO     | t=11061.0: WAGON[W8714] → Added to retrofitted track retrofitted
09:49:40 | INFO     | t=11064.0: DISPATCHER → Hold override for retrofitted_to_parking (waited 46.0 min >= max 45.0 min)
09:49:40 | INFO     | t=11066.0: WORKSHOP[WS_02] → Released, notifying 1 waiting processes
09:49:40 | INFO     | t=11066.0: WORKSHOP → Workshop became available
09:49:40 | INFO     | t=11066.0: WORKSHOP[WS_02] → Selected for batch
09:49:40 | INFO     | t=11066.0: DISPATCHER → Hold override for retrofitted_to_parking (waited 48.0 min >= max 45.0 min)
09:49:40 | INFO     | t=11066.0: DISPATCHER → Assigned loco LOCO_01 to retrofitted_to_parking (waited 48.0 min, pending=1)
09:49:40 | INFO     | t=11066.0: WAGON[W7877] → Added to batch
09:49:40 | INFO     | t=11066.0: BATCH[W10441,W7877] → Formed 2 wagons for WS_02
09:49:40 | INFO     | t=11066.0: LOCO[LOCO_01] → Allocated for parking transport
09:49:40 | INFO     | t=11066.0: TRACK[retrofit] → Removed 2 wagons (42.3m freed)
09:49:40 | INFO     | t=11066.0: DISPATCHER → Task submitted: retrofit_to_workshop (pending=2)
09:49:40 | INFO     | t=11071.0: LOCO[LOCO_01] → TRAIN_PREP at retrofitted (coupling + prep, 2.0 min)
09:49:40 | INFO     | t=11078.0: LOCO[LOCO_01] → DECOUPLING at parking6 (1.0 min)
09:49:40 | INFO     | t=11079.0: RAKE[W11050,W0475] → DECOUPLING at parking6 (1 couplings, 0.5 min)
09:49:40 | INFO     | t=11081.0: LOCO[LOCO_02] → DECOUPLING at retrofit (12.0 min)
09:49:40 | INFO     | t=11084.5: LOCO[LOCO_01] → Releasing
09:49:40 | INFO     | t=11084.5: LOCO[LOCO_01] → Released
09:49:40 | INFO     | t=11084.5: PARKING → Got wagon W0827 from retrofitted
09:49:40 | INFO     | t=11084.5: DISPATCHER → Assigned loco LOCO_01 to retrofit_to_workshop (waited 18.5 min, pending=1)
09:49:40 | INFO     | t=11084.5: LOCO → Allocating for parking transport
09:49:40 | INFO     | t=11084.5: DISPATCHER → Task submitted: retrofitted_to_parking (pending=2)
09:49:40 | INFO     | t=11084.5: RAKE[W10441,W7877] → COUPLING at retrofit (1 couplings, 2.0 min)
09:49:40 | INFO     | t=11084.5: WAGON[W5280] → Retrieved from retrofit queue
09:49:40 | INFO     | t=11084.5: WORKSHOP → No workshop available, waiting...
09:49:40 | INFO     | t=11091.5: LOCO[LOCO_01] → COUPLING at retrofit (2.0 min)
09:49:40 | INFO     | t=11093.0: RAKE[W0962,W9071,W11516,W5434] → DECOUPLING at retrofit (3 couplings, 9.0 min)
09:49:40 | INFO     | t=11093.5: LOCO[LOCO_01] → SHUNTING_PREP at retrofit (1.0 min)
09:49:40 | INFO     | t=11099.5: LOCO[LOCO_01] → DECOUPLING at WS_02 (3.0 min)
09:49:40 | INFO     | t=11102.5: RAKE[W10441,W7877] → DECOUPLING at WS_02 (1 couplings, 3.0 min)
09:49:40 | INFO     | t=11104.0: RAKE[W5415,W12031] → COUPLING at WS_01 (1 couplings, 0.5 min)
09:49:40 | INFO     | t=11104.5: LOCO → Allocating for pickup from WS_01
09:49:40 | INFO     | t=11104.5: DISPATCHER → Task submitted: workshop_to_retrofitted (pending=3)
09:49:40 | INFO     | t=11105.5: WAGON[W10441] → RETROFIT_STARTED at WS_02
09:49:40 | INFO     | t=11105.5: WAGON[W7877] → RETROFIT_STARTED at WS_02
09:49:40 | INFO     | t=11107.0: DISPATCHER → Assigned loco LOCO_02 to workshop_to_retrofitted (waited 2.5 min, pending=2)
09:49:40 | INFO     | t=11107.0: LOCO[LOCO_02] → Allocated for pickup
09:49:40 | INFO     | t=11107.0: Batch size limited by retrofit capacity: 3 wagons (69.7m) fits, 16 waiting
09:49:40 | INFO     | t=11107.0: COLLECTION → Reserving retrofit track capacity for 3 wagons
09:49:40 | INFO     | t=11107.0: COLLECTION → Capacity reserved, allocating locomotive
09:49:40 | INFO     | t=11107.0: DISPATCHER → Task submitted: collection_to_retrofit (pending=3)
09:49:40 | INFO     | t=11114.0: LOCO[LOCO_02] → TRAIN_PREP completed at WS_01 (2.0 min)
09:49:40 | INFO     | t=11119.0: BATCH → Putting 2 wagons on retrofitted track retrofitted
09:49:40 | INFO     | t=11119.0: WAGON[W5415] → Added to retrofitted track retrofitted
09:49:40 | INFO     | t=11119.0: WAGON[W12031] → Added to retrofitted track retrofitted
09:49:40 | INFO     | t=11124.0: WORKSHOP[WS_01] → Released, notifying 1 waiting processes
09:49:40 | INFO     | t=11124.0: WORKSHOP → Workshop became available
09:49:40 | INFO     | t=11124.0: WORKSHOP[WS_01] → Selected for batch
09:49:40 | INFO     | t=11124.0: WAGON[W7897] → Added to batch
09:49:40 | INFO     | t=11124.0: BATCH[W5280,W7897] → Formed 2 wagons for WS_01
09:49:40 | INFO     | t=11124.0: TRACK[retrofit] → Removed 2 wagons (38.8m freed)
09:49:40 | INFO     | t=11124.0: DISPATCHER → Task submitted: retrofit_to_workshop (pending=4)
09:49:40 | INFO     | t=11124.0: DISPATCHER → Assigned loco LOCO_01 to retrofit_to_workshop (waited 0.0 min, pending=3)
09:49:40 | INFO     | t=11124.0: RAKE[W5280,W7897] → COUPLING at retrofit (1 couplings, 2.0 min)
09:49:40 | INFO     | t=11124.0: WAGON[W10435] → Retrieved from retrofit queue
09:49:40 | INFO     | t=11124.0: WORKSHOP → No workshop available, waiting...
09:49:40 | INFO     | t=11124.0: DISPATCHER → Assigned loco LOCO_02 to collection_to_retrofit (waited 172.0 min, pending=2)
09:49:40 | INFO     | t=11131.0: LOCO[LOCO_01] → COUPLING at retrofit (2.0 min)
09:49:40 | INFO     | t=11133.0: LOCO[LOCO_01] → SHUNTING_PREP at retrofit (1.0 min)
09:49:40 | INFO     | t=11139.0: LOCO[LOCO_01] → DECOUPLING at WS_01 (3.0 min)
09:49:40 | INFO     | t=11142.0: RAKE[W5280,W7897] → DECOUPLING at WS_01 (1 couplings, 3.0 min)
09:49:40 | INFO     | t=11145.0: WAGON[W5280] → RETROFIT_STARTED at WS_01
09:49:40 | INFO     | t=11145.0: WAGON[W7897] → RETROFIT_STARTED at WS_01
09:49:40 | INFO     | t=11150.0: DISPATCHER → Hold override for retrofitted_to_parking (waited 65.5 min >= max 45.0 min)
09:49:40 | INFO     | t=11150.0: DISPATCHER → Assigned loco LOCO_01 to retrofitted_to_parking (waited 65.5 min, pending=1)
09:49:40 | INFO     | t=11150.0: LOCO[LOCO_01] → Allocated for parking transport
09:49:40 | INFO     | t=11155.0: LOCO[LOCO_01] → TRAIN_PREP at retrofitted (coupling + prep, 2.0 min)
09:49:40 | INFO     | t=11165.5: RAKE[W10441,W7877] → COUPLING at WS_02 (1 couplings, 0.5 min)
09:49:40 | INFO     | t=11166.0: LOCO → Allocating for pickup from WS_02
09:49:40 | INFO     | t=11166.0: DISPATCHER → Task submitted: workshop_to_retrofitted (pending=2)
09:49:40 | INFO     | t=11184.0: LOCO[LOCO_02] → TRAIN_PREP at collection (coupling + prep, 5.0 min)
09:49:40 | INFO     | t=11205.0: RAKE[W5280,W7897] → COUPLING at WS_01 (1 couplings, 0.5 min)
09:49:40 | INFO     | t=11205.5: LOCO → Allocating for pickup from WS_01
09:49:40 | INFO     | t=11205.5: DISPATCHER → Task submitted: workshop_to_retrofitted (pending=3)
09:49:40 | INFO     | EVENT_PUBLISHED: TrainArrivedEvent | train=T152 | time=11231.5
09:49:40 | INFO     | EVENT_HANDLING: TrainArrivedEvent -> RetrofitWorkshopContext._handle_train_arrived
09:49:40 | INFO     | EVENT_HANDLED: TrainArrivedEvent by RetrofitWorkshopContext._handle_train_arrived
09:49:40 | INFO     | t=11232.0: LOCO[LOCO_01] → DECOUPLING at parking15 (1.0 min)
09:49:40 | INFO     | t=11233.0: RAKE[W0827,W8714] → DECOUPLING at parking15 (1 couplings, 0.5 min)
09:49:40 | INFO     | t=11249.0: LOCO[LOCO_02] → DECOUPLING at retrofit (6.0 min)
09:49:40 | INFO     | t=11255.0: RAKE[W11518,W4506] → DECOUPLING at retrofit (1 couplings, 3.0 min)
09:49:40 | INFO     | t=11263.0: DISPATCHER → Assigned loco LOCO_02 to workshop_to_retrofitted (waited 97.0 min, pending=2)
09:49:40 | INFO     | t=11263.0: LOCO[LOCO_02] → Allocated for pickup
09:49:40 | INFO     | t=11263.0: Batch size limited by retrofit capacity: 3 wagons (50.3m) fits, 18 waiting
09:49:40 | INFO     | t=11263.0: COLLECTION → Reserving retrofit track capacity for 3 wagons
09:49:40 | INFO     | t=11263.0: COLLECTION → Capacity reserved, allocating locomotive
09:49:40 | INFO     | t=11263.0: DISPATCHER → Task submitted: collection_to_retrofit (pending=3)
09:49:40 | INFO     | t=11270.0: LOCO[LOCO_02] → TRAIN_PREP completed at WS_02 (2.0 min)
09:49:40 | INFO     | t=11275.0: BATCH → Putting 2 wagons on retrofitted track retrofitted
09:49:40 | INFO     | t=11275.0: WAGON[W10441] → Added to retrofitted track retrofitted
09:49:40 | INFO     | t=11275.0: WAGON[W7877] → Added to retrofitted track retrofitted
09:49:40 | INFO     | t=11280.0: WORKSHOP[WS_02] → Released, notifying 1 waiting processes
09:49:40 | INFO     | t=11280.0: WORKSHOP → Workshop became available
09:49:40 | INFO     | t=11280.0: WORKSHOP[WS_02] → Selected for batch
09:49:40 | INFO     | t=11280.0: DISPATCHER → Assigned loco LOCO_02 to workshop_to_retrofitted (waited 74.5 min, pending=2)
09:49:40 | INFO     | t=11280.0: WAGON[W1122] → Added to batch
09:49:40 | INFO     | t=11280.0: BATCH[W10435,W1122] → Formed 2 wagons for WS_02
09:49:40 | INFO     | t=11280.0: LOCO[LOCO_02] → Allocated for pickup
09:49:40 | INFO     | t=11280.0: TRACK[retrofit] → Removed 2 wagons (39.8m freed)
09:49:40 | INFO     | t=11280.0: DISPATCHER → Task submitted: retrofit_to_workshop (pending=3)
09:49:40 | INFO     | t=11287.0: LOCO[LOCO_02] → TRAIN_PREP completed at WS_01 (2.0 min)
09:49:40 | INFO     | t=11292.0: BATCH → Putting 2 wagons on retrofitted track retrofitted
09:49:40 | INFO     | t=11292.0: WAGON[W5280] → Added to retrofitted track retrofitted
09:49:40 | INFO     | t=11292.0: WAGON[W7897] → Added to retrofitted track retrofitted
09:49:40 | INFO     | t=11293.5: LOCO[LOCO_01] → Releasing
09:49:40 | INFO     | t=11293.5: LOCO[LOCO_01] → Released
09:49:40 | INFO     | t=11293.5: PARKING → Got wagon W5415 from retrofitted
09:49:40 | INFO     | t=11293.5: DISPATCHER → Assigned loco LOCO_01 to retrofit_to_workshop (waited 13.5 min, pending=2)
09:49:40 | INFO     | t=11293.5: RAKE[W10435,W1122] → COUPLING at retrofit (1 couplings, 2.0 min)
09:49:40 | INFO     | t=11293.5: WAGON[W1120] → Retrieved from retrofit queue
09:49:40 | INFO     | t=11293.5: WORKSHOP → No workshop available, waiting...
09:49:40 | INFO     | t=11293.5: LOCO → Allocating for parking transport
09:49:40 | INFO     | t=11293.5: DISPATCHER → Task submitted: retrofitted_to_parking (pending=3)
09:49:40 | INFO     | t=11297.0: WORKSHOP[WS_01] → Released, notifying 1 waiting processes
09:49:40 | INFO     | t=11297.0: WORKSHOP → Workshop became available
09:49:40 | INFO     | t=11297.0: WORKSHOP[WS_01] → Selected for batch
09:49:40 | INFO     | t=11297.0: DISPATCHER → Assigned loco LOCO_02 to retrofitted_to_parking (waited 3.5 min, pending=2)
09:49:40 | INFO     | t=11297.0: WAGON[W0962] → Added to batch
09:49:40 | INFO     | t=11297.0: BATCH[W1120,W0962] → Formed 2 wagons for WS_01
09:49:40 | INFO     | t=11297.0: LOCO[LOCO_02] → Allocated for parking transport
09:49:40 | INFO     | t=11297.0: TRACK[retrofit] → Removed 2 wagons (46.9m freed)
09:49:40 | INFO     | t=11297.0: DISPATCHER → Task submitted: retrofit_to_workshop (pending=3)
09:49:40 | INFO     | t=11300.5: LOCO[LOCO_01] → COUPLING at retrofit (2.0 min)
09:49:40 | INFO     | t=11302.0: LOCO[LOCO_02] → TRAIN_PREP at retrofitted (coupling + prep, 4.0 min)
09:49:40 | INFO     | t=11302.5: LOCO[LOCO_01] → SHUNTING_PREP at retrofit (1.0 min)
09:49:40 | INFO     | t=11308.5: LOCO[LOCO_01] → DECOUPLING at WS_02 (3.0 min)
09:49:40 | INFO     | t=11311.5: RAKE[W10435,W1122] → DECOUPLING at WS_02 (1 couplings, 3.0 min)
09:49:40 | INFO     | t=11314.5: WAGON[W10435] → RETROFIT_STARTED at WS_02
09:49:40 | INFO     | t=11314.5: WAGON[W1122] → RETROFIT_STARTED at WS_02
09:49:40 | INFO     | t=11319.5: DISPATCHER → Assigned loco LOCO_01 to retrofit_to_workshop (waited 22.5 min, pending=2)
09:49:40 | INFO     | t=11319.5: RAKE[W1120,W0962] → COUPLING at retrofit (1 couplings, 2.0 min)
09:49:40 | INFO     | t=11319.5: WAGON[W9071] → Retrieved from retrofit queue
09:49:40 | INFO     | t=11319.5: WORKSHOP → No workshop available, waiting...
09:49:40 | INFO     | t=11326.5: LOCO[LOCO_01] → COUPLING at retrofit (2.0 min)
09:49:40 | INFO     | t=11328.5: LOCO[LOCO_01] → SHUNTING_PREP at retrofit (1.0 min)
09:49:40 | INFO     | t=11334.5: LOCO[LOCO_01] → DECOUPLING at WS_01 (3.0 min)
09:49:40 | INFO     | t=11337.5: RAKE[W1120,W0962] → DECOUPLING at WS_01 (1 couplings, 3.0 min)
09:49:40 | INFO     | t=11340.5: WAGON[W1120] → RETROFIT_STARTED at WS_01
09:49:40 | INFO     | t=11340.5: WAGON[W0962] → RETROFIT_STARTED at WS_01
09:49:40 | INFO     | t=11345.5: DISPATCHER → Assigned loco LOCO_01 to collection_to_retrofit (waited 238.5 min, pending=1)
09:49:40 | INFO     | t=11374.5: RAKE[W10435,W1122] → COUPLING at WS_02 (1 couplings, 0.5 min)
09:49:40 | INFO     | t=11375.0: LOCO → Allocating for pickup from WS_02
09:49:40 | INFO     | t=11375.0: DISPATCHER → Task submitted: workshop_to_retrofitted (pending=2)
09:49:40 | INFO     | t=11400.5: RAKE[W1120,W0962] → COUPLING at WS_01 (1 couplings, 0.5 min)
09:49:40 | INFO     | t=11401.0: LOCO → Allocating for pickup from WS_01
09:49:40 | INFO     | t=11401.0: DISPATCHER → Task submitted: workshop_to_retrofitted (pending=3)
09:49:40 | INFO     | t=11405.5: LOCO[LOCO_01] → TRAIN_PREP at collection (coupling + prep, 7.0 min)
09:49:40 | INFO     | t=11426.0: LOCO[LOCO_02] → DECOUPLING at parking16 (3.0 min)
09:49:40 | INFO     | t=11429.0: RAKE[W5415,W12031,W10441,W7877,W5280,W7897] → DECOUPLING at parking16 (5 couplings, 2.5 min)
09:49:40 | INFO     | t=11472.5: LOCO[LOCO_01] → DECOUPLING at retrofit (9.0 min)
09:49:40 | INFO     | t=11481.5: RAKE[W2774,W10233,W2815] → DECOUPLING at retrofit (2 couplings, 6.0 min)
09:49:40 | INFO     | t=11491.5: LOCO[LOCO_02] → Releasing
09:49:40 | INFO     | t=11491.5: LOCO[LOCO_02] → Released
09:49:40 | INFO     | t=11491.5: DISPATCHER → Assigned loco LOCO_02 to workshop_to_retrofitted (waited 116.5 min, pending=2)
09:49:40 | INFO     | t=11491.5: LOCO[LOCO_02] → Allocated for pickup
09:49:40 | INFO     | t=11492.5: DISPATCHER → Assigned loco LOCO_01 to workshop_to_retrofitted (waited 91.5 min, pending=1)
09:49:40 | INFO     | t=11492.5: LOCO[LOCO_01] → Allocated for pickup
09:49:40 | INFO     | t=11492.5: Batch size limited by retrofit capacity: 4 wagons (70.8m) fits, 17 waiting
09:49:40 | INFO     | t=11492.5: COLLECTION → Reserving retrofit track capacity for 4 wagons
09:49:40 | INFO     | t=11492.5: COLLECTION → Capacity reserved, allocating locomotive
09:49:40 | INFO     | t=11492.5: DISPATCHER → Task submitted: collection_to_retrofit (pending=2)
09:49:40 | INFO     | t=11498.5: LOCO[LOCO_02] → TRAIN_PREP completed at WS_02 (2.0 min)
09:49:40 | INFO     | t=11499.5: LOCO[LOCO_01] → TRAIN_PREP completed at WS_01 (2.0 min)
09:49:40 | INFO     | t=11503.5: BATCH → Putting 2 wagons on retrofitted track retrofitted
09:49:40 | INFO     | t=11503.5: WAGON[W10435] → Added to retrofitted track retrofitted
09:49:40 | INFO     | t=11503.5: WAGON[W1122] → Added to retrofitted track retrofitted
09:49:40 | INFO     | t=11503.5: PARKING → Got wagon W10435 from retrofitted
09:49:40 | INFO     | t=11503.5: LOCO → Allocating for parking transport
09:49:40 | INFO     | t=11503.5: DISPATCHER → Task submitted: retrofitted_to_parking (pending=3)
09:49:40 | INFO     | t=11504.5: BATCH → Putting 2 wagons on retrofitted track retrofitted
09:49:40 | INFO     | t=11504.5: WAGON[W1120] → Added to retrofitted track retrofitted
09:49:40 | INFO     | t=11504.5: WAGON[W0962] → Added to retrofitted track retrofitted
09:49:40 | INFO     | t=11508.5: WORKSHOP[WS_02] → Released, notifying 1 waiting processes
09:49:40 | INFO     | t=11508.5: WORKSHOP → Workshop became available
09:49:40 | INFO     | t=11508.5: WORKSHOP[WS_02] → Selected for batch
09:49:40 | INFO     | t=11508.5: WAGON[W11516] → Added to batch
09:49:40 | INFO     | t=11508.5: BATCH[W9071,W11516] → Formed 2 wagons for WS_02
09:49:40 | INFO     | t=11508.5: TRACK[retrofit] → Removed 2 wagons (44.4m freed)
09:49:40 | INFO     | t=11508.5: DISPATCHER → Task submitted: retrofit_to_workshop (pending=4)
09:49:40 | INFO     | t=11508.5: DISPATCHER → Assigned loco LOCO_02 to retrofit_to_workshop (waited 0.0 min, pending=3)
09:49:40 | INFO     | t=11508.5: RAKE[W9071,W11516] → COUPLING at retrofit (1 couplings, 2.0 min)
09:49:40 | INFO     | t=11508.5: WAGON[W5434] → Retrieved from retrofit queue
09:49:40 | INFO     | t=11508.5: WORKSHOP → No workshop available, waiting...
09:49:40 | INFO     | t=11509.5: WORKSHOP[WS_01] → Released, notifying 1 waiting processes
09:49:40 | INFO     | t=11509.5: WORKSHOP → Workshop became available
09:49:40 | INFO     | t=11509.5: WORKSHOP[WS_01] → Selected for batch
09:49:40 | INFO     | t=11509.5: DISPATCHER → Assigned loco LOCO_01 to collection_to_retrofit (waited 246.5 min, pending=2)
09:49:40 | INFO     | t=11509.5: WAGON[W11518] → Added to batch
09:49:40 | INFO     | t=11509.5: BATCH[W5434,W11518] → Formed 2 wagons for WS_01
09:49:40 | INFO     | t=11509.5: TRACK[retrofit] → Removed 2 wagons (42.8m freed)
09:49:40 | INFO     | t=11509.5: DISPATCHER → Task submitted: retrofit_to_workshop (pending=3)
09:49:40 | INFO     | t=11515.5: LOCO[LOCO_02] → COUPLING at retrofit (2.0 min)
09:49:40 | INFO     | t=11517.5: LOCO[LOCO_02] → SHUNTING_PREP at retrofit (1.0 min)
09:49:40 | INFO     | t=11523.5: LOCO[LOCO_02] → DECOUPLING at WS_02 (3.0 min)
09:49:40 | INFO     | t=11526.5: RAKE[W9071,W11516] → DECOUPLING at WS_02 (1 couplings, 3.0 min)
09:49:40 | INFO     | t=11529.5: WAGON[W9071] → RETROFIT_STARTED at WS_02
09:49:40 | INFO     | t=11529.5: WAGON[W11516] → RETROFIT_STARTED at WS_02
09:49:40 | INFO     | t=11534.5: DISPATCHER → Assigned loco LOCO_02 to retrofit_to_workshop (waited 25.0 min, pending=2)
09:49:40 | INFO     | t=11534.5: RAKE[W5434,W11518] → COUPLING at retrofit (1 couplings, 2.0 min)
09:49:40 | INFO     | t=11534.5: WAGON[W4506] → Retrieved from retrofit queue
09:49:40 | INFO     | t=11534.5: WORKSHOP → No workshop available, waiting...
09:49:40 | INFO     | t=11541.5: LOCO[LOCO_02] → COUPLING at retrofit (2.0 min)
09:49:40 | INFO     | t=11543.5: LOCO[LOCO_02] → SHUNTING_PREP at retrofit (1.0 min)
09:49:40 | INFO     | EVENT_PUBLISHED: TrainArrivedEvent | train=T153 | time=11544.2
09:49:40 | INFO     | EVENT_HANDLING: TrainArrivedEvent -> RetrofitWorkshopContext._handle_train_arrived
09:49:40 | INFO     | EVENT_HANDLED: TrainArrivedEvent by RetrofitWorkshopContext._handle_train_arrived
09:49:40 | INFO     | t=11549.5: LOCO[LOCO_02] → DECOUPLING at WS_01 (3.0 min)
09:49:40 | INFO     | t=11552.5: RAKE[W5434,W11518] → DECOUPLING at WS_01 (1 couplings, 3.0 min)
09:49:40 | INFO     | t=11555.5: WAGON[W5434] → RETROFIT_STARTED at WS_01
09:49:40 | INFO     | t=11555.5: WAGON[W11518] → RETROFIT_STARTED at WS_01
09:49:40 | INFO     | t=11560.5: DISPATCHER → Hold override for retrofitted_to_parking (waited 57.0 min >= max 45.0 min)
09:49:40 | INFO     | t=11560.5: DISPATCHER → Assigned loco LOCO_02 to collection_to_retrofit (waited 68.0 min, pending=1)
09:49:40 | INFO     | t=11560.5: DISPATCHER → Hold override for retrofitted_to_parking (waited 57.0 min >= max 45.0 min)
09:49:40 | INFO     | t=11569.5: LOCO[LOCO_01] → TRAIN_PREP at collection (coupling + prep, 7.0 min)
09:49:40 | INFO     | t=11589.5: RAKE[W9071,W11516] → COUPLING at WS_02 (1 couplings, 0.5 min)
09:49:40 | INFO     | t=11590.0: LOCO → Allocating for pickup from WS_02
09:49:40 | INFO     | t=11590.0: DISPATCHER → Task submitted: workshop_to_retrofitted (pending=2)
09:49:40 | INFO     | t=11615.5: RAKE[W5434,W11518] → COUPLING at WS_01 (1 couplings, 0.5 min)
09:49:40 | INFO     | t=11616.0: LOCO → Allocating for pickup from WS_01
09:49:40 | INFO     | t=11616.0: DISPATCHER → Task submitted: workshop_to_retrofitted (pending=3)
09:49:40 | INFO     | t=11620.5: LOCO[LOCO_02] → TRAIN_PREP at collection (coupling + prep, 9.0 min)
09:49:40 | INFO     | t=11636.5: LOCO[LOCO_01] → DECOUPLING at retrofit (9.0 min)
09:49:40 | INFO     | t=11645.5: RAKE[W1439,W9143,W10883] → DECOUPLING at retrofit (2 couplings, 6.0 min)
09:49:40 | INFO     | t=11656.5: DISPATCHER → Hold override for retrofitted_to_parking (waited 153.0 min >= max 45.0 min)
09:49:40 | INFO     | t=11656.5: DISPATCHER → Assigned loco LOCO_01 to workshop_to_retrofitted (waited 66.5 min, pending=2)
09:49:40 | INFO     | t=11656.5: DISPATCHER → Hold override for retrofitted_to_parking (waited 153.0 min >= max 45.0 min)
09:49:40 | INFO     | t=11656.5: LOCO[LOCO_01] → Allocated for pickup
09:49:40 | INFO     | t=11656.5: Batch size limited by retrofit capacity: 6 wagons (103.6m) fits, 14 waiting
09:49:40 | INFO     | t=11656.5: COLLECTION → Reserving retrofit track capacity for 6 wagons
09:49:40 | INFO     | t=11656.5: COLLECTION → Capacity reserved, allocating locomotive
09:49:40 | INFO     | t=11656.5: DISPATCHER → Task submitted: collection_to_retrofit (pending=3)
09:49:40 | INFO     | t=11663.5: LOCO[LOCO_01] → TRAIN_PREP completed at WS_02 (2.0 min)
09:49:40 | INFO     | t=11668.5: BATCH → Putting 2 wagons on retrofitted track retrofitted
09:49:40 | INFO     | t=11668.5: WAGON[W9071] → Added to retrofitted track retrofitted
09:49:40 | INFO     | t=11668.5: WAGON[W11516] → Added to retrofitted track retrofitted
09:49:40 | INFO     | t=11673.5: WORKSHOP[WS_02] → Released, notifying 1 waiting processes
09:49:40 | INFO     | t=11673.5: WORKSHOP → Workshop became available
09:49:40 | INFO     | t=11673.5: WORKSHOP[WS_02] → Selected for batch
09:49:40 | INFO     | t=11673.5: DISPATCHER → Hold override for retrofitted_to_parking (waited 170.0 min >= max 45.0 min)
09:49:40 | INFO     | t=11673.5: DISPATCHER → Assigned loco LOCO_01 to workshop_to_retrofitted (waited 57.5 min, pending=2)
09:49:40 | INFO     | t=11673.5: DISPATCHER → Hold override for retrofitted_to_parking (waited 170.0 min >= max 45.0 min)
09:49:40 | INFO     | t=11673.5: WAGON[W2774] → Added to batch
09:49:40 | INFO     | t=11673.5: BATCH[W4506,W2774] → Formed 2 wagons for WS_02
09:49:40 | INFO     | t=11673.5: LOCO[LOCO_01] → Allocated for pickup
09:49:40 | INFO     | t=11673.5: TRACK[retrofit] → Removed 2 wagons (43.1m freed)
09:49:40 | INFO     | t=11673.5: DISPATCHER → Task submitted: retrofit_to_workshop (pending=3)
09:49:40 | INFO     | t=11680.5: LOCO[LOCO_01] → TRAIN_PREP completed at WS_01 (2.0 min)
09:49:40 | INFO     | t=11685.5: BATCH → Putting 2 wagons on retrofitted track retrofitted
09:49:40 | INFO     | t=11685.5: WAGON[W5434] → Added to retrofitted track retrofitted
09:49:40 | INFO     | t=11685.5: WAGON[W11518] → Added to retrofitted track retrofitted
09:49:40 | INFO     | t=11689.5: LOCO[LOCO_02] → DECOUPLING at retrofit (12.0 min)
09:49:40 | INFO     | t=11690.5: WORKSHOP[WS_01] → Released, notifying 0 waiting processes
09:49:40 | INFO     | t=11690.5: DISPATCHER → Hold override for retrofitted_to_parking (waited 187.0 min >= max 45.0 min)
09:49:40 | INFO     | t=11690.5: DISPATCHER → Assigned loco LOCO_01 to retrofit_to_workshop (waited 17.0 min, pending=2)
09:49:40 | INFO     | t=11690.5: DISPATCHER → Hold override for retrofitted_to_parking (waited 187.0 min >= max 45.0 min)
09:49:40 | INFO     | t=11690.5: RAKE[W4506,W2774] → COUPLING at retrofit (1 couplings, 2.0 min)
09:49:40 | INFO     | t=11690.5: WAGON[W10233] → Retrieved from retrofit queue
09:49:40 | INFO     | t=11690.5: WORKSHOP[WS_01] → Selected for batch
09:49:40 | INFO     | t=11690.5: WAGON[W2815] → Added to batch
09:49:40 | INFO     | t=11690.5: BATCH[W10233,W2815] → Formed 2 wagons for WS_01
09:49:40 | INFO     | t=11690.5: TRACK[retrofit] → Removed 2 wagons (46.5m freed)
09:49:40 | INFO     | t=11690.5: DISPATCHER → Task submitted: retrofit_to_workshop (pending=3)
09:49:40 | INFO     | t=11697.5: LOCO[LOCO_01] → COUPLING at retrofit (2.0 min)
09:49:40 | INFO     | t=11699.5: LOCO[LOCO_01] → SHUNTING_PREP at retrofit (1.0 min)
09:49:40 | INFO     | t=11701.5: RAKE[W2736,W10873,W9427,W0234] → DECOUPLING at retrofit (3 couplings, 9.0 min)
09:49:40 | INFO     | EVENT_PUBLISHED: TrainArrivedEvent | train=T154 | time=11705.2
09:49:40 | INFO     | EVENT_HANDLING: TrainArrivedEvent -> RetrofitWorkshopContext._handle_train_arrived
09:49:40 | INFO     | EVENT_HANDLED: TrainArrivedEvent by RetrofitWorkshopContext._handle_train_arrived
09:49:40 | INFO     | t=11705.5: LOCO[LOCO_01] → DECOUPLING at WS_02 (3.0 min)
09:49:40 | INFO     | t=11708.5: RAKE[W4506,W2774] → DECOUPLING at WS_02 (1 couplings, 3.0 min)
09:49:40 | INFO     | t=11711.5: WAGON[W4506] → RETROFIT_STARTED at WS_02
09:49:40 | INFO     | t=11711.5: WAGON[W2774] → RETROFIT_STARTED at WS_02
09:49:40 | INFO     | t=11715.5: DISPATCHER → Hold override for retrofitted_to_parking (waited 212.0 min >= max 45.0 min)
09:49:40 | INFO     | t=11715.5: DISPATCHER → Assigned loco LOCO_02 to retrofit_to_workshop (waited 25.0 min, pending=2)
09:49:40 | INFO     | t=11715.5: DISPATCHER → Hold override for retrofitted_to_parking (waited 212.0 min >= max 45.0 min)
09:49:40 | INFO     | t=11715.5: RAKE[W10233,W2815] → COUPLING at retrofit (1 couplings, 2.0 min)
09:49:40 | INFO     | t=11715.5: WAGON[W1439] → Retrieved from retrofit queue
09:49:40 | INFO     | t=11715.5: WORKSHOP → No workshop available, waiting...
09:49:40 | INFO     | t=11715.5: Batch size limited by retrofit capacity: 4 wagons (83.7m) fits, 17 waiting
09:49:40 | INFO     | t=11715.5: COLLECTION → Reserving retrofit track capacity for 4 wagons
09:49:40 | INFO     | t=11715.5: COLLECTION → Capacity reserved, allocating locomotive
09:49:40 | INFO     | t=11715.5: DISPATCHER → Task submitted: collection_to_retrofit (pending=3)
09:49:40 | INFO     | t=11716.5: DISPATCHER → Hold override for retrofitted_to_parking (waited 213.0 min >= max 45.0 min)
09:49:40 | INFO     | t=11716.5: DISPATCHER → Assigned loco LOCO_01 to retrofitted_to_parking (waited 213.0 min, pending=2)
09:49:40 | INFO     | t=11716.5: LOCO[LOCO_01] → Allocated for parking transport
09:49:40 | INFO     | t=11721.5: LOCO[LOCO_01] → TRAIN_PREP at retrofitted (coupling + prep, 2.0 min)
09:49:40 | INFO     | t=11722.5: LOCO[LOCO_02] → COUPLING at retrofit (2.0 min)
09:49:40 | INFO     | t=11724.5: LOCO[LOCO_02] → SHUNTING_PREP at retrofit (1.0 min)
09:49:40 | INFO     | t=11728.5: LOCO[LOCO_01] → DECOUPLING at parking7 (1.0 min)
09:49:40 | INFO     | t=11729.5: RAKE[W10435,W1122] → DECOUPLING at parking7 (1 couplings, 0.5 min)
09:49:40 | INFO     | t=11730.5: LOCO[LOCO_02] → DECOUPLING at WS_01 (3.0 min)
09:49:40 | INFO     | t=11733.5: RAKE[W10233,W2815] → DECOUPLING at WS_01 (1 couplings, 3.0 min)
09:49:40 | INFO     | t=11735.0: LOCO[LOCO_01] → Releasing
09:49:40 | INFO     | t=11735.0: LOCO[LOCO_01] → Released
09:49:40 | INFO     | t=11735.0: PARKING → Got wagon W1120 from retrofitted
09:49:40 | INFO     | t=11735.0: LOCO → Allocating for parking transport
09:49:40 | INFO     | t=11735.0: DISPATCHER → Task submitted: retrofitted_to_parking (pending=3)
09:49:40 | INFO     | t=11735.0: DISPATCHER → Assigned loco LOCO_01 to retrofitted_to_parking (waited 0.0 min, pending=2)
09:49:40 | INFO     | t=11735.0: LOCO[LOCO_01] → Allocated for parking transport
09:49:40 | INFO     | t=11736.5: WAGON[W10233] → RETROFIT_STARTED at WS_01
09:49:40 | INFO     | t=11736.5: WAGON[W2815] → RETROFIT_STARTED at WS_01
09:49:40 | INFO     | t=11740.0: LOCO[LOCO_01] → TRAIN_PREP at retrofitted (coupling + prep, 3.5 min)
09:49:40 | INFO     | t=11771.5: RAKE[W4506,W2774] → COUPLING at WS_02 (1 couplings, 0.5 min)
09:49:40 | INFO     | t=11772.0: LOCO → Allocating for pickup from WS_02
09:49:40 | INFO     | t=11772.0: DISPATCHER → Task submitted: workshop_to_retrofitted (pending=3)
09:49:40 | INFO     | t=11772.0: DISPATCHER → Assigned loco LOCO_02 to workshop_to_retrofitted (waited 0.0 min, pending=2)
09:49:40 | INFO     | t=11772.0: LOCO[LOCO_02] → Allocated for pickup
09:49:40 | INFO     | t=11779.0: LOCO[LOCO_02] → TRAIN_PREP completed at WS_02 (2.0 min)
09:49:40 | INFO     | t=11784.0: BATCH → Putting 2 wagons on retrofitted track retrofitted
09:49:40 | INFO     | t=11784.0: WAGON[W4506] → Added to retrofitted track retrofitted
09:49:40 | INFO     | t=11784.0: WAGON[W2774] → Added to retrofitted track retrofitted
09:49:40 | INFO     | t=11789.0: WORKSHOP[WS_02] → Released, notifying 1 waiting processes
09:49:40 | INFO     | t=11789.0: WORKSHOP → Workshop became available
09:49:40 | INFO     | t=11789.0: WORKSHOP[WS_02] → Selected for batch
09:49:40 | INFO     | t=11789.0: WAGON[W9143] → Added to batch
09:49:40 | INFO     | t=11789.0: BATCH[W1439,W9143] → Formed 2 wagons for WS_02
09:49:40 | INFO     | t=11789.0: TRACK[retrofit] → Removed 2 wagons (37.6m freed)
09:49:40 | INFO     | t=11789.0: DISPATCHER → Task submitted: retrofit_to_workshop (pending=3)
09:49:40 | INFO     | t=11789.0: DISPATCHER → Assigned loco LOCO_02 to retrofit_to_workshop (waited 0.0 min, pending=2)
09:49:40 | INFO     | t=11789.0: RAKE[W1439,W9143] → COUPLING at retrofit (1 couplings, 2.0 min)
09:49:40 | INFO     | t=11789.0: WAGON[W10883] → Retrieved from retrofit queue
09:49:40 | INFO     | t=11789.0: WORKSHOP → No workshop available, waiting...
09:49:40 | INFO     | t=11796.0: LOCO[LOCO_02] → COUPLING at retrofit (2.0 min)
09:49:40 | INFO     | t=11796.5: RAKE[W10233,W2815] → COUPLING at WS_01 (1 couplings, 0.5 min)
09:49:40 | INFO     | t=11797.0: LOCO → Allocating for pickup from WS_01
09:49:40 | INFO     | t=11797.0: DISPATCHER → Task submitted: workshop_to_retrofitted (pending=3)
09:49:40 | INFO     | t=11798.0: LOCO[LOCO_02] → SHUNTING_PREP at retrofit (1.0 min)
09:49:40 | INFO     | t=11803.5: LOCO[LOCO_01] → DECOUPLING at parking10 (2.5 min)
09:49:40 | INFO     | t=11804.0: LOCO[LOCO_02] → DECOUPLING at WS_02 (3.0 min)
09:49:40 | INFO     | t=11806.0: RAKE[W1120,W0962,W9071,W11516,W5434] → DECOUPLING at parking10 (4 couplings, 2.0 min)
09:49:40 | INFO     | t=11807.0: RAKE[W1439,W9143] → DECOUPLING at WS_02 (1 couplings, 3.0 min)
09:49:40 | INFO     | t=11810.0: WAGON[W1439] → RETROFIT_STARTED at WS_02
09:49:40 | INFO     | t=11810.0: WAGON[W9143] → RETROFIT_STARTED at WS_02
09:49:40 | INFO     | t=11815.0: DISPATCHER → Assigned loco LOCO_02 to workshop_to_retrofitted (waited 18.0 min, pending=2)
09:49:40 | INFO     | t=11815.0: LOCO[LOCO_02] → Allocated for pickup
09:49:40 | INFO     | t=11822.0: LOCO[LOCO_02] → TRAIN_PREP completed at WS_01 (2.0 min)
09:49:40 | INFO     | t=11827.0: BATCH → Putting 2 wagons on retrofitted track retrofitted
09:49:40 | INFO     | t=11827.0: WAGON[W10233] → Added to retrofitted track retrofitted
09:49:40 | INFO     | t=11827.0: WAGON[W2815] → Added to retrofitted track retrofitted
09:49:40 | INFO     | EVENT_PUBLISHED: TrainArrivedEvent | train=T155 | time=11829.8
09:49:40 | INFO     | EVENT_HANDLING: TrainArrivedEvent -> RetrofitWorkshopContext._handle_train_arrived
09:49:40 | INFO     | EVENT_HANDLED: TrainArrivedEvent by RetrofitWorkshopContext._handle_train_arrived
09:49:40 | INFO     | t=11832.0: WORKSHOP[WS_01] → Released, notifying 1 waiting processes
09:49:40 | INFO     | t=11832.0: WORKSHOP → Workshop became available
09:49:40 | INFO     | t=11832.0: WORKSHOP[WS_01] → Selected for batch
09:49:40 | INFO     | t=11832.0: DISPATCHER → Assigned loco LOCO_02 to collection_to_retrofit (waited 175.5 min, pending=1)
09:49:40 | INFO     | t=11832.0: WAGON[W2736] → Added to batch
09:49:40 | INFO     | t=11832.0: BATCH[W10883,W2736] → Formed 2 wagons for WS_01
09:49:40 | INFO     | t=11832.0: TRACK[retrofit] → Removed 2 wagons (36.6m freed)
09:49:40 | INFO     | t=11832.0: DISPATCHER → Task submitted: retrofit_to_workshop (pending=2)
09:49:40 | INFO     | EVENT_PUBLISHED: TrainArrivedEvent | train=T156 | time=11849.0
09:49:40 | INFO     | EVENT_HANDLING: TrainArrivedEvent -> RetrofitWorkshopContext._handle_train_arrived
09:49:40 | INFO     | EVENT_HANDLED: TrainArrivedEvent by RetrofitWorkshopContext._handle_train_arrived
09:49:40 | INFO     | t=11868.0: LOCO[LOCO_01] → Releasing
09:49:40 | INFO     | t=11868.0: LOCO[LOCO_01] → Released
09:49:40 | INFO     | t=11868.0: PARKING → Got wagon W11518 from retrofitted
09:49:40 | INFO     | t=11868.0: DISPATCHER → Assigned loco LOCO_01 to retrofit_to_workshop (waited 36.0 min, pending=1)
09:49:40 | INFO     | t=11868.0: RAKE[W10883,W2736] → COUPLING at retrofit (1 couplings, 2.0 min)
09:49:40 | INFO     | t=11868.0: WAGON[W10873] → Retrieved from retrofit queue
09:49:40 | INFO     | t=11868.0: WORKSHOP → No workshop available, waiting...
09:49:40 | INFO     | t=11868.0: LOCO → Allocating for parking transport
09:49:40 | INFO     | t=11868.0: DISPATCHER → Task submitted: retrofitted_to_parking (pending=2)
09:49:40 | INFO     | t=11870.0: RAKE[W1439,W9143] → COUPLING at WS_02 (1 couplings, 0.5 min)
09:49:40 | INFO     | t=11870.5: LOCO → Allocating for pickup from WS_02
09:49:40 | INFO     | t=11870.5: DISPATCHER → Task submitted: workshop_to_retrofitted (pending=3)
09:49:40 | INFO     | t=11875.0: LOCO[LOCO_01] → COUPLING at retrofit (2.0 min)
09:49:40 | INFO     | t=11877.0: LOCO[LOCO_01] → SHUNTING_PREP at retrofit (1.0 min)
09:49:40 | INFO     | t=11883.0: LOCO[LOCO_01] → DECOUPLING at WS_01 (3.0 min)
09:49:40 | INFO     | t=11886.0: RAKE[W10883,W2736] → DECOUPLING at WS_01 (1 couplings, 3.0 min)
09:49:40 | INFO     | t=11889.0: WAGON[W10883] → RETROFIT_STARTED at WS_01
09:49:40 | INFO     | t=11889.0: WAGON[W2736] → RETROFIT_STARTED at WS_01
09:49:40 | INFO     | t=11892.0: LOCO[LOCO_02] → TRAIN_PREP at collection (coupling + prep, 13.0 min)
09:49:40 | INFO     | t=11894.0: DISPATCHER → Assigned loco LOCO_01 to workshop_to_retrofitted (waited 23.5 min, pending=2)
09:49:40 | INFO     | t=11894.0: LOCO[LOCO_01] → Allocated for pickup
09:49:40 | INFO     | t=11901.0: LOCO[LOCO_01] → TRAIN_PREP completed at WS_02 (2.0 min)
09:49:40 | INFO     | t=11906.0: BATCH → Putting 2 wagons on retrofitted track retrofitted
09:49:40 | INFO     | t=11906.0: WAGON[W1439] → Added to retrofitted track retrofitted
09:49:40 | INFO     | t=11906.0: WAGON[W9143] → Added to retrofitted track retrofitted
09:49:40 | INFO     | t=11911.0: WORKSHOP[WS_02] → Released, notifying 1 waiting processes
09:49:40 | INFO     | t=11911.0: WORKSHOP → Workshop became available
09:49:40 | INFO     | t=11911.0: WORKSHOP[WS_02] → Selected for batch
09:49:40 | INFO     | t=11911.0: DISPATCHER → Assigned loco LOCO_01 to collection_to_retrofit (waited 195.5 min, pending=1)
09:49:40 | INFO     | t=11911.0: WAGON[W9427] → Added to batch
09:49:40 | INFO     | t=11911.0: BATCH[W10873,W9427] → Formed 2 wagons for WS_02
09:49:40 | INFO     | t=11911.0: TRACK[retrofit] → Removed 2 wagons (31.4m freed)
09:49:40 | INFO     | t=11911.0: DISPATCHER → Task submitted: retrofit_to_workshop (pending=2)
09:49:40 | INFO     | EVENT_PUBLISHED: TrainArrivedEvent | train=T157 | time=11913.8
09:49:40 | INFO     | EVENT_HANDLING: TrainArrivedEvent -> RetrofitWorkshopContext._handle_train_arrived
09:49:40 | INFO     | EVENT_HANDLED: TrainArrivedEvent by RetrofitWorkshopContext._handle_train_arrived
09:49:40 | INFO     | t=11949.0: RAKE[W10883,W2736] → COUPLING at WS_01 (1 couplings, 0.5 min)
09:49:40 | INFO     | t=11949.5: LOCO → Allocating for pickup from WS_01
09:49:40 | INFO     | t=11949.5: DISPATCHER → Task submitted: workshop_to_retrofitted (pending=3)
09:49:40 | INFO     | t=11965.0: LOCO[LOCO_02] → DECOUPLING at retrofit (18.0 min)
09:49:40 | INFO     | t=11971.0: LOCO[LOCO_01] → TRAIN_PREP at collection (coupling + prep, 9.0 min)
09:49:40 | INFO     | t=11983.0: RAKE[W10896,W10303,W5395,W2846,W5760,W6421] → DECOUPLING at retrofit (5 couplings, 15.0 min)
09:49:40 | INFO     | t=12003.0: DISPATCHER → Hold override for retrofitted_to_parking (waited 135.0 min >= max 45.0 min)
09:49:40 | INFO     | t=12003.0: DISPATCHER → Assigned loco LOCO_02 to workshop_to_retrofitted (waited 53.5 min, pending=2)
09:49:40 | INFO     | t=12003.0: DISPATCHER → Hold override for retrofitted_to_parking (waited 135.0 min >= max 45.0 min)
09:49:40 | INFO     | t=12003.0: LOCO[LOCO_02] → Allocated for pickup
09:49:40 | INFO     | t=12003.0: Batch size limited by retrofit capacity: 6 wagons (114.2m) fits, 14 waiting
09:49:40 | INFO     | t=12003.0: COLLECTION → Reserving retrofit track capacity for 6 wagons
09:49:40 | INFO     | t=12003.0: COLLECTION → Capacity reserved, allocating locomotive
09:49:40 | INFO     | t=12003.0: DISPATCHER → Task submitted: collection_to_retrofit (pending=3)
09:49:40 | INFO     | t=12010.0: LOCO[LOCO_02] → TRAIN_PREP completed at WS_01 (2.0 min)
09:49:40 | INFO     | t=12015.0: BATCH → Putting 2 wagons on retrofitted track retrofitted
09:49:40 | INFO     | t=12015.0: WAGON[W10883] → Added to retrofitted track retrofitted
09:49:40 | INFO     | t=12015.0: WAGON[W2736] → Added to retrofitted track retrofitted
09:49:40 | INFO     | t=12020.0: WORKSHOP[WS_01] → Released, notifying 0 waiting processes
09:49:40 | INFO     | t=12020.0: DISPATCHER → Hold override for retrofitted_to_parking (waited 152.0 min >= max 45.0 min)
09:49:40 | INFO     | t=12020.0: DISPATCHER → Assigned loco LOCO_02 to retrofit_to_workshop (waited 109.0 min, pending=2)
09:49:40 | INFO     | t=12020.0: DISPATCHER → Hold override for retrofitted_to_parking (waited 152.0 min >= max 45.0 min)
09:49:40 | INFO     | t=12020.0: RAKE[W10873,W9427] → COUPLING at retrofit (1 couplings, 2.0 min)
09:49:40 | INFO     | t=12020.0: WAGON[W0234] → Retrieved from retrofit queue
09:49:40 | INFO     | t=12020.0: WORKSHOP[WS_01] → Selected for batch
09:49:40 | INFO     | t=12020.0: WAGON[W10896] → Added to batch
09:49:40 | INFO     | t=12020.0: BATCH[W0234,W10896] → Formed 2 wagons for WS_01
09:49:40 | INFO     | t=12020.0: TRACK[retrofit] → Removed 2 wagons (28.2m freed)
09:49:40 | INFO     | t=12020.0: DISPATCHER → Task submitted: retrofit_to_workshop (pending=3)
09:49:40 | INFO     | t=12027.0: LOCO[LOCO_02] → COUPLING at retrofit (2.0 min)
09:49:40 | INFO     | t=12029.0: LOCO[LOCO_02] → SHUNTING_PREP at retrofit (1.0 min)
09:49:40 | INFO     | t=12035.0: LOCO[LOCO_02] → DECOUPLING at WS_02 (3.0 min)
09:49:40 | INFO     | t=12038.0: RAKE[W10873,W9427] → DECOUPLING at WS_02 (1 couplings, 3.0 min)
09:49:40 | INFO     | t=12040.0: LOCO[LOCO_01] → DECOUPLING at retrofit (12.0 min)
09:49:40 | INFO     | t=12041.0: WAGON[W10873] → RETROFIT_STARTED at WS_02
09:49:40 | INFO     | t=12041.0: WAGON[W9427] → RETROFIT_STARTED at WS_02
09:49:40 | INFO     | EVENT_PUBLISHED: TrainArrivedEvent | train=T158 | time=12046.0
09:49:40 | INFO     | EVENT_HANDLING: TrainArrivedEvent -> RetrofitWorkshopContext._handle_train_arrived
09:49:40 | INFO     | EVENT_HANDLED: TrainArrivedEvent by RetrofitWorkshopContext._handle_train_arrived
09:49:40 | INFO     | t=12046.0: DISPATCHER → Hold override for retrofitted_to_parking (waited 178.0 min >= max 45.0 min)
09:49:40 | INFO     | t=12046.0: DISPATCHER → Assigned loco LOCO_02 to retrofit_to_workshop (waited 26.0 min, pending=2)
09:49:40 | INFO     | t=12046.0: DISPATCHER → Hold override for retrofitted_to_parking (waited 178.0 min >= max 45.0 min)
09:49:40 | INFO     | t=12046.0: RAKE[W0234,W10896] → COUPLING at retrofit (1 couplings, 2.0 min)
09:49:40 | INFO     | t=12046.0: WAGON[W10303] → Retrieved from retrofit queue
09:49:40 | INFO     | t=12046.0: WORKSHOP → No workshop available, waiting...
09:49:40 | INFO     | t=12052.0: RAKE[W12229,W6323,W8552,W12221] → DECOUPLING at retrofit (3 couplings, 9.0 min)
09:49:40 | INFO     | t=12053.0: LOCO[LOCO_02] → COUPLING at retrofit (2.0 min)
09:49:40 | INFO     | t=12055.0: LOCO[LOCO_02] → SHUNTING_PREP at retrofit (1.0 min)
09:49:40 | INFO     | t=12061.0: LOCO[LOCO_02] → DECOUPLING at WS_01 (3.0 min)
09:49:40 | INFO     | t=12064.0: RAKE[W0234,W10896] → DECOUPLING at WS_01 (1 couplings, 3.0 min)
09:49:40 | INFO     | t=12066.0: Batch size limited by retrofit capacity: 1 wagons (16.4m) fits, 17 waiting
09:49:40 | INFO     | t=12066.0: DISPATCHER → Hold override for retrofitted_to_parking (waited 198.0 min >= max 45.0 min)
09:49:40 | INFO     | t=12066.0: DISPATCHER → Assigned loco LOCO_01 to retrofitted_to_parking (waited 198.0 min, pending=1)
09:49:40 | INFO     | t=12066.0: COLLECTION → Reserving retrofit track capacity for 1 wagons
09:49:40 | INFO     | t=12066.0: LOCO[LOCO_01] → Allocated for parking transport
09:49:40 | INFO     | t=12066.0: COLLECTION → Capacity reserved, allocating locomotive
09:49:40 | INFO     | t=12066.0: DISPATCHER → Task submitted: collection_to_retrofit (pending=2)
09:49:40 | INFO     | t=12067.0: WAGON[W0234] → RETROFIT_STARTED at WS_01
09:49:40 | INFO     | t=12067.0: WAGON[W10896] → RETROFIT_STARTED at WS_01
09:49:40 | INFO     | t=12071.0: LOCO[LOCO_01] → TRAIN_PREP at retrofitted (coupling + prep, 3.5 min)
09:49:40 | INFO     | t=12079.5: LOCO[LOCO_01] → DECOUPLING at parking6 (2.5 min)
09:49:40 | INFO     | t=12082.0: RAKE[W11518,W4506,W2774,W10233,W2815] → DECOUPLING at parking6 (4 couplings, 2.0 min)
09:49:40 | INFO     | t=12089.0: LOCO[LOCO_01] → Releasing
09:49:40 | INFO     | t=12089.0: LOCO[LOCO_01] → Released
09:49:40 | INFO     | t=12089.0: PARKING → Got wagon W1439 from retrofitted
09:49:40 | INFO     | t=12089.0: LOCO → Allocating for parking transport
09:49:40 | INFO     | t=12089.0: DISPATCHER → Task submitted: retrofitted_to_parking (pending=3)
09:49:40 | INFO     | t=12101.0: RAKE[W10873,W9427] → COUPLING at WS_02 (1 couplings, 0.5 min)
09:49:40 | INFO     | t=12101.5: LOCO → Allocating for pickup from WS_02
09:49:40 | INFO     | t=12101.5: DISPATCHER → Task submitted: workshop_to_retrofitted (pending=4)
09:49:40 | INFO     | t=12101.5: DISPATCHER → Assigned loco LOCO_02 to workshop_to_retrofitted (waited 0.0 min, pending=3)
09:49:40 | INFO     | t=12101.5: LOCO[LOCO_02] → Allocated for pickup
09:49:40 | INFO     | t=12108.5: LOCO[LOCO_02] → TRAIN_PREP completed at WS_02 (2.0 min)
09:49:40 | INFO     | t=12113.5: BATCH → Putting 2 wagons on retrofitted track retrofitted
09:49:40 | INFO     | t=12113.5: WAGON[W10873] → Added to retrofitted track retrofitted
09:49:40 | INFO     | t=12113.5: WAGON[W9427] → Added to retrofitted track retrofitted
09:49:40 | INFO     | t=12116.5: DISPATCHER → Assigned loco LOCO_01 to retrofitted_to_parking (waited 27.5 min, pending=2)
09:49:40 | INFO     | t=12116.5: LOCO[LOCO_01] → Allocated for parking transport
09:49:40 | INFO     | t=12118.5: WORKSHOP[WS_02] → Released, notifying 1 waiting processes
09:49:40 | INFO     | t=12118.5: WORKSHOP → Workshop became available
09:49:40 | INFO     | t=12118.5: WORKSHOP[WS_02] → Selected for batch
09:49:40 | INFO     | t=12118.5: WAGON[W5395] → Added to batch
09:49:40 | INFO     | t=12118.5: BATCH[W10303,W5395] → Formed 2 wagons for WS_02
09:49:40 | INFO     | t=12118.5: TRACK[retrofit] → Removed 2 wagons (39.3m freed)
09:49:40 | INFO     | t=12118.5: DISPATCHER → Task submitted: retrofit_to_workshop (pending=3)
09:49:40 | INFO     | t=12118.5: DISPATCHER → Assigned loco LOCO_02 to retrofit_to_workshop (waited 0.0 min, pending=2)
09:49:40 | INFO     | t=12118.5: RAKE[W10303,W5395] → COUPLING at retrofit (1 couplings, 2.0 min)
09:49:40 | INFO     | t=12118.5: WAGON[W2846] → Retrieved from retrofit queue
09:49:40 | INFO     | t=12118.5: WORKSHOP → No workshop available, waiting...
09:49:40 | INFO     | t=12121.5: LOCO[LOCO_01] → TRAIN_PREP at retrofitted (coupling + prep, 3.0 min)
09:49:40 | INFO     | t=12125.5: LOCO[LOCO_02] → COUPLING at retrofit (2.0 min)
09:49:40 | INFO     | t=12127.0: RAKE[W0234,W10896] → COUPLING at WS_01 (1 couplings, 0.5 min)
09:49:40 | INFO     | t=12127.5: LOCO[LOCO_02] → SHUNTING_PREP at retrofit (1.0 min)
09:49:40 | INFO     | t=12127.5: LOCO → Allocating for pickup from WS_01
09:49:40 | INFO     | t=12127.5: DISPATCHER → Task submitted: workshop_to_retrofitted (pending=3)
09:49:40 | INFO     | t=12133.5: LOCO[LOCO_02] → DECOUPLING at WS_02 (3.0 min)
09:49:40 | INFO     | t=12136.5: RAKE[W10303,W5395] → DECOUPLING at WS_02 (1 couplings, 3.0 min)
09:49:40 | INFO     | t=12139.5: WAGON[W10303] → RETROFIT_STARTED at WS_02
09:49:40 | INFO     | t=12139.5: WAGON[W5395] → RETROFIT_STARTED at WS_02
09:49:40 | INFO     | t=12144.5: DISPATCHER → Assigned loco LOCO_02 to workshop_to_retrofitted (waited 17.0 min, pending=2)
09:49:40 | INFO     | t=12144.5: LOCO[LOCO_02] → Allocated for pickup
09:49:40 | INFO     | t=12151.5: LOCO[LOCO_02] → TRAIN_PREP completed at WS_01 (2.0 min)
09:49:40 | INFO     | t=12156.5: BATCH → Putting 2 wagons on retrofitted track retrofitted
09:49:40 | INFO     | t=12156.5: WAGON[W0234] → Added to retrofitted track retrofitted
09:49:40 | INFO     | t=12156.5: WAGON[W10896] → Added to retrofitted track retrofitted
09:49:40 | INFO     | t=12161.5: WORKSHOP[WS_01] → Released, notifying 1 waiting processes
09:49:40 | INFO     | t=12161.5: WORKSHOP → Workshop became available
09:49:40 | INFO     | t=12161.5: WORKSHOP[WS_01] → Selected for batch
09:49:40 | INFO     | t=12161.5: DISPATCHER → Assigned loco LOCO_02 to collection_to_retrofit (waited 158.5 min, pending=1)
09:49:40 | INFO     | t=12161.5: WAGON[W5760] → Added to batch
09:49:40 | INFO     | t=12161.5: BATCH[W2846,W5760] → Formed 2 wagons for WS_01
09:49:40 | INFO     | t=12161.5: TRACK[retrofit] → Removed 2 wagons (37.6m freed)
09:49:40 | INFO     | t=12161.5: DISPATCHER → Task submitted: retrofit_to_workshop (pending=2)
09:49:40 | INFO     | t=12199.5: LOCO[LOCO_01] → DECOUPLING at parking14 (2.0 min)
09:49:40 | INFO     | t=12199.5: RAKE[W10303,W5395] → COUPLING at WS_02 (1 couplings, 0.5 min)
09:49:40 | INFO     | t=12200.0: LOCO → Allocating for pickup from WS_02
09:49:40 | INFO     | t=12200.0: DISPATCHER → Task submitted: workshop_to_retrofitted (pending=3)
09:49:40 | INFO     | t=12201.5: RAKE[W1439,W9143,W10883,W2736] → DECOUPLING at parking14 (3 couplings, 1.5 min)
09:49:40 | INFO     | EVENT_PUBLISHED: TrainArrivedEvent | train=T159 | time=12205.2
09:49:40 | INFO     | EVENT_HANDLING: TrainArrivedEvent -> RetrofitWorkshopContext._handle_train_arrived
09:49:40 | INFO     | EVENT_HANDLED: TrainArrivedEvent by RetrofitWorkshopContext._handle_train_arrived
09:49:40 | INFO     | t=12221.5: LOCO[LOCO_02] → TRAIN_PREP at collection (coupling + prep, 13.0 min)
09:49:40 | INFO     | EVENT_PUBLISHED: TrainArrivedEvent | train=T160 | time=12226.5
09:49:40 | INFO     | EVENT_HANDLING: TrainArrivedEvent -> RetrofitWorkshopContext._handle_train_arrived
09:49:40 | INFO     | EVENT_HANDLED: TrainArrivedEvent by RetrofitWorkshopContext._handle_train_arrived
09:49:40 | INFO     | EVENT_PUBLISHED: TrainArrivedEvent | train=T161 | time=12234.0
09:49:40 | INFO     | EVENT_HANDLING: TrainArrivedEvent -> RetrofitWorkshopContext._handle_train_arrived
09:49:40 | INFO     | EVENT_HANDLED: TrainArrivedEvent by RetrofitWorkshopContext._handle_train_arrived
09:49:40 | INFO     | t=12263.0: LOCO[LOCO_01] → Releasing
09:49:40 | INFO     | t=12263.0: LOCO[LOCO_01] → Released
09:49:40 | INFO     | t=12263.0: PARKING → Got wagon W10873 from retrofitted
09:49:40 | INFO     | t=12263.0: DISPATCHER → Assigned loco LOCO_01 to workshop_to_retrofitted (waited 63.0 min, pending=2)
09:49:40 | INFO     | t=12263.0: LOCO[LOCO_01] → Allocated for pickup
09:49:40 | INFO     | t=12263.0: LOCO → Allocating for parking transport
09:49:40 | INFO     | t=12263.0: DISPATCHER → Task submitted: retrofitted_to_parking (pending=3)
09:49:40 | INFO     | t=12270.0: LOCO[LOCO_01] → TRAIN_PREP completed at WS_02 (2.0 min)
09:49:40 | INFO     | t=12275.0: BATCH → Putting 2 wagons on retrofitted track retrofitted
09:49:40 | INFO     | t=12275.0: WAGON[W10303] → Added to retrofitted track retrofitted
09:49:40 | INFO     | t=12275.0: WAGON[W5395] → Added to retrofitted track retrofitted
09:49:40 | INFO     | t=12280.0: WORKSHOP[WS_02] → Released, notifying 0 waiting processes
09:49:40 | INFO     | t=12280.0: DISPATCHER → Assigned loco LOCO_01 to retrofit_to_workshop (waited 118.5 min, pending=2)
09:49:40 | INFO     | t=12280.0: RAKE[W2846,W5760] → COUPLING at retrofit (1 couplings, 2.0 min)
09:49:40 | INFO     | t=12280.0: WAGON[W6421] → Retrieved from retrofit queue
09:49:40 | INFO     | t=12280.0: WORKSHOP[WS_02] → Selected for batch
09:49:40 | INFO     | t=12280.0: WAGON[W12229] → Added to batch
09:49:40 | INFO     | t=12280.0: BATCH[W6421,W12229] → Formed 2 wagons for WS_02
09:49:40 | INFO     | t=12280.0: TRACK[retrofit] → Removed 2 wagons (37.3m freed)
09:49:40 | INFO     | t=12280.0: DISPATCHER → Task submitted: retrofit_to_workshop (pending=3)
09:49:40 | INFO     | t=12287.0: LOCO[LOCO_01] → COUPLING at retrofit (2.0 min)
09:49:40 | INFO     | t=12289.0: LOCO[LOCO_01] → SHUNTING_PREP at retrofit (1.0 min)
09:49:40 | INFO     | t=12294.5: LOCO[LOCO_02] → DECOUPLING at retrofit (18.0 min)
09:49:40 | INFO     | t=12295.0: LOCO[LOCO_01] → DECOUPLING at WS_01 (3.0 min)
09:49:40 | INFO     | t=12298.0: RAKE[W2846,W5760] → DECOUPLING at WS_01 (1 couplings, 3.0 min)
09:49:40 | INFO     | t=12301.0: WAGON[W2846] → RETROFIT_STARTED at WS_01
09:49:40 | INFO     | t=12301.0: WAGON[W5760] → RETROFIT_STARTED at WS_01
09:49:40 | INFO     | t=12306.0: DISPATCHER → Assigned loco LOCO_01 to retrofit_to_workshop (waited 26.0 min, pending=2)
09:49:40 | INFO     | t=12306.0: RAKE[W6421,W12229] → COUPLING at retrofit (1 couplings, 2.0 min)
09:49:40 | INFO     | t=12306.0: WAGON[W6323] → Retrieved from retrofit queue
09:49:40 | INFO     | t=12306.0: WORKSHOP → No workshop available, waiting...
09:49:40 | INFO     | t=12312.5: RAKE[W4802,W8616,W10100,W2910,W0681,W0237] → DECOUPLING at retrofit (5 couplings, 15.0 min)
09:49:40 | INFO     | t=12313.0: LOCO[LOCO_01] → COUPLING at retrofit (2.0 min)
09:49:40 | INFO     | EVENT_PUBLISHED: TrainArrivedEvent | train=T162 | time=12314.2
09:49:40 | INFO     | EVENT_HANDLING: TrainArrivedEvent -> RetrofitWorkshopContext._handle_train_arrived
09:49:40 | INFO     | EVENT_HANDLED: TrainArrivedEvent by RetrofitWorkshopContext._handle_train_arrived
09:49:40 | INFO     | t=12315.0: LOCO[LOCO_01] → SHUNTING_PREP at retrofit (1.0 min)
09:49:40 | INFO     | t=12321.0: LOCO[LOCO_01] → DECOUPLING at WS_02 (3.0 min)
09:49:40 | INFO     | t=12324.0: RAKE[W6421,W12229] → DECOUPLING at WS_02 (1 couplings, 3.0 min)
09:49:40 | INFO     | t=12327.0: WAGON[W6421] → RETROFIT_STARTED at WS_02
09:49:40 | INFO     | t=12327.0: WAGON[W12229] → RETROFIT_STARTED at WS_02
09:49:40 | INFO     | t=12332.0: DISPATCHER → Hold override for retrofitted_to_parking (waited 69.0 min >= max 45.0 min)
09:49:40 | INFO     | t=12332.0: DISPATCHER → Assigned loco LOCO_01 to collection_to_retrofit (waited 266.0 min, pending=1)
09:49:40 | INFO     | t=12332.0: DISPATCHER → Hold override for retrofitted_to_parking (waited 69.0 min >= max 45.0 min)
09:49:40 | INFO     | t=12332.5: DISPATCHER → Hold override for retrofitted_to_parking (waited 69.5 min >= max 45.0 min)
09:49:40 | INFO     | t=12332.5: DISPATCHER → Assigned loco LOCO_02 to retrofitted_to_parking (waited 69.5 min, pending=0)
09:49:40 | INFO     | t=12332.5: LOCO[LOCO_02] → Allocated for parking transport
09:49:40 | INFO     | t=12332.5: Batch size limited by retrofit capacity: 7 wagons (125.0m) fits, 12 waiting
09:49:40 | INFO     | t=12332.5: COLLECTION → Reserving retrofit track capacity for 7 wagons
09:49:40 | INFO     | t=12332.5: COLLECTION → Capacity reserved, allocating locomotive
09:49:40 | INFO     | t=12332.5: DISPATCHER → Task submitted: collection_to_retrofit (pending=1)
09:49:40 | INFO     | t=12337.5: LOCO[LOCO_02] → TRAIN_PREP at retrofitted (coupling + prep, 3.0 min)
09:49:40 | INFO     | t=12361.0: RAKE[W2846,W5760] → COUPLING at WS_01 (1 couplings, 0.5 min)
09:49:40 | INFO     | t=12361.5: LOCO → Allocating for pickup from WS_01
09:49:40 | INFO     | t=12361.5: DISPATCHER → Task submitted: workshop_to_retrofitted (pending=2)
09:49:40 | INFO     | EVENT_PUBLISHED: TrainArrivedEvent | train=T163 | time=12376.5
09:49:40 | INFO     | EVENT_HANDLING: TrainArrivedEvent -> RetrofitWorkshopContext._handle_train_arrived
09:49:40 | INFO     | EVENT_HANDLED: TrainArrivedEvent by RetrofitWorkshopContext._handle_train_arrived
09:49:40 | INFO     | t=12387.0: RAKE[W6421,W12229] → COUPLING at WS_02 (1 couplings, 0.5 min)
09:49:40 | INFO     | t=12387.5: LOCO → Allocating for pickup from WS_02
09:49:40 | INFO     | t=12387.5: DISPATCHER → Task submitted: workshop_to_retrofitted (pending=3)
09:49:40 | INFO     | t=12392.0: LOCO[LOCO_01] → TRAIN_PREP at collection (coupling + prep, 3.0 min)
09:49:40 | INFO     | t=12400.5: LOCO[LOCO_02] → DECOUPLING at parking11 (2.0 min)
09:49:40 | INFO     | t=12402.5: RAKE[W10873,W9427,W0234,W10896] → DECOUPLING at parking11 (3 couplings, 1.5 min)
09:49:40 | INFO     | EVENT_PUBLISHED: TrainArrivedEvent | train=T164 | time=12404.0
09:49:40 | INFO     | EVENT_HANDLING: TrainArrivedEvent -> RetrofitWorkshopContext._handle_train_arrived
09:49:40 | INFO     | EVENT_HANDLED: TrainArrivedEvent by RetrofitWorkshopContext._handle_train_arrived
09:49:40 | INFO     | t=12455.0: LOCO[LOCO_01] → DECOUPLING at retrofit (3.0 min)
09:49:40 | INFO     | t=12458.0: RAKE[W5173] → DECOUPLING at retrofit (0 couplings, 0.0 min)
09:49:40 | INFO     | t=12463.0: Batch size limited by retrofit capacity: 1 wagons (19.9m) fits, 20 waiting
09:49:40 | INFO     | t=12463.0: DISPATCHER → Assigned loco LOCO_01 to workshop_to_retrofitted (waited 101.5 min, pending=2)
09:49:40 | INFO     | t=12463.0: COLLECTION → Reserving retrofit track capacity for 1 wagons
09:49:40 | INFO     | t=12463.0: LOCO[LOCO_01] → Allocated for pickup
09:49:40 | INFO     | t=12464.0: LOCO[LOCO_02] → Releasing
09:49:40 | INFO     | t=12464.0: LOCO[LOCO_02] → Released
09:49:40 | INFO     | t=12464.0: PARKING → Got wagon W10303 from retrofitted
09:49:40 | INFO     | t=12464.0: DISPATCHER → Assigned loco LOCO_02 to workshop_to_retrofitted (waited 76.5 min, pending=1)
09:49:40 | INFO     | t=12464.0: LOCO → Allocating for parking transport
09:49:40 | INFO     | t=12464.0: DISPATCHER → Task submitted: retrofitted_to_parking (pending=2)
09:49:40 | INFO     | t=12464.0: LOCO[LOCO_02] → Allocated for pickup
09:49:40 | INFO     | t=12470.0: LOCO[LOCO_01] → TRAIN_PREP completed at WS_01 (2.0 min)
09:49:40 | INFO     | t=12471.0: LOCO[LOCO_02] → TRAIN_PREP completed at WS_02 (2.0 min)
09:49:40 | INFO     | t=12475.0: BATCH → Putting 2 wagons on retrofitted track retrofitted
09:49:40 | INFO     | t=12475.0: WAGON[W2846] → Added to retrofitted track retrofitted
09:49:40 | INFO     | t=12475.0: WAGON[W5760] → Added to retrofitted track retrofitted
09:49:40 | INFO     | t=12476.0: BATCH → Putting 2 wagons on retrofitted track retrofitted
09:49:40 | INFO     | t=12476.0: WAGON[W6421] → Added to retrofitted track retrofitted
09:49:40 | INFO     | t=12476.0: WAGON[W12229] → Added to retrofitted track retrofitted
09:49:40 | INFO     | t=12480.0: WORKSHOP[WS_01] → Released, notifying 1 waiting processes
09:49:40 | INFO     | t=12480.0: WORKSHOP → Workshop became available
09:49:40 | INFO     | t=12480.0: WORKSHOP[WS_01] → Selected for batch
09:49:40 | INFO     | t=12480.0: DISPATCHER → Assigned loco LOCO_01 to retrofitted_to_parking (waited 16.0 min, pending=1)
09:49:40 | INFO     | t=12480.0: WAGON[W8552] → Added to batch
09:49:40 | INFO     | t=12480.0: BATCH[W6323,W8552] → Formed 2 wagons for WS_01
09:49:40 | INFO     | t=12480.0: LOCO[LOCO_01] → Allocated for parking transport
09:49:40 | INFO     | t=12480.0: TRACK[retrofit] → Removed 2 wagons (37.2m freed)
09:49:40 | INFO     | t=12480.0: DISPATCHER → Task submitted: retrofit_to_workshop (pending=2)
09:49:40 | INFO     | t=12480.0: COLLECTION → Capacity reserved, allocating locomotive
09:49:40 | INFO     | t=12480.0: DISPATCHER → Task submitted: collection_to_retrofit (pending=3)
09:49:40 | INFO     | t=12481.0: WORKSHOP[WS_02] → Released, notifying 0 waiting processes
09:49:40 | INFO     | t=12481.0: DISPATCHER → Assigned loco LOCO_02 to retrofit_to_workshop (waited 1.0 min, pending=2)
09:49:40 | INFO     | t=12481.0: RAKE[W6323,W8552] → COUPLING at retrofit (1 couplings, 2.0 min)
09:49:40 | INFO     | t=12481.0: WAGON[W12221] → Retrieved from retrofit queue
09:49:40 | INFO     | t=12481.0: WORKSHOP[WS_02] → Selected for batch
09:49:40 | INFO     | t=12481.0: WAGON[W4802] → Added to batch
09:49:40 | INFO     | t=12481.0: BATCH[W12221,W4802] → Formed 2 wagons for WS_02
09:49:40 | INFO     | t=12481.0: TRACK[retrofit] → Removed 2 wagons (35.3m freed)
09:49:40 | INFO     | t=12481.0: DISPATCHER → Task submitted: retrofit_to_workshop (pending=3)
09:49:40 | INFO     | t=12485.0: LOCO[LOCO_01] → TRAIN_PREP at retrofitted (coupling + prep, 2.0 min)
09:49:40 | INFO     | t=12488.0: LOCO[LOCO_02] → COUPLING at retrofit (2.0 min)
09:49:40 | INFO     | t=12490.0: LOCO[LOCO_02] → SHUNTING_PREP at retrofit (1.0 min)
09:49:40 | INFO     | t=12496.0: LOCO[LOCO_02] → DECOUPLING at WS_01 (3.0 min)
09:49:40 | INFO     | t=12499.0: RAKE[W6323,W8552] → DECOUPLING at WS_01 (1 couplings, 3.0 min)
09:49:40 | INFO     | t=12502.0: WAGON[W6323] → RETROFIT_STARTED at WS_01
09:49:40 | INFO     | t=12502.0: WAGON[W8552] → RETROFIT_STARTED at WS_01
09:49:40 | INFO     | t=12507.0: DISPATCHER → Assigned loco LOCO_02 to retrofit_to_workshop (waited 26.0 min, pending=2)
09:49:40 | INFO     | t=12507.0: RAKE[W12221,W4802] → COUPLING at retrofit (1 couplings, 2.0 min)
09:49:40 | INFO     | t=12507.0: WAGON[W8616] → Retrieved from retrofit queue
09:49:40 | INFO     | t=12507.0: WORKSHOP → No workshop available, waiting...
09:49:40 | INFO     | t=12514.0: LOCO[LOCO_02] → COUPLING at retrofit (2.0 min)
09:49:40 | INFO     | t=12516.0: LOCO[LOCO_02] → SHUNTING_PREP at retrofit (1.0 min)
09:49:40 | INFO     | t=12522.0: LOCO[LOCO_02] → DECOUPLING at WS_02 (3.0 min)
09:49:40 | INFO     | t=12525.0: RAKE[W12221,W4802] → DECOUPLING at WS_02 (1 couplings, 3.0 min)
09:49:40 | INFO     | t=12528.0: WAGON[W12221] → RETROFIT_STARTED at WS_02
09:49:40 | INFO     | t=12528.0: WAGON[W4802] → RETROFIT_STARTED at WS_02
09:49:40 | INFO     | t=12533.0: DISPATCHER → Assigned loco LOCO_02 to collection_to_retrofit (waited 200.5 min, pending=1)
09:49:40 | INFO     | EVENT_PUBLISHED: TrainArrivedEvent | train=T165 | time=12560.2
09:49:40 | INFO     | EVENT_HANDLING: TrainArrivedEvent -> RetrofitWorkshopContext._handle_train_arrived
09:49:40 | INFO     | EVENT_HANDLED: TrainArrivedEvent by RetrofitWorkshopContext._handle_train_arrived
09:49:40 | INFO     | t=12562.0: LOCO[LOCO_01] → DECOUPLING at parking15 (1.0 min)
09:49:40 | INFO     | t=12562.0: RAKE[W6323,W8552] → COUPLING at WS_01 (1 couplings, 0.5 min)
09:49:40 | INFO     | t=12562.5: LOCO → Allocating for pickup from WS_01
09:49:40 | INFO     | t=12562.5: DISPATCHER → Task submitted: workshop_to_retrofitted (pending=2)
09:49:40 | INFO     | t=12563.0: RAKE[W10303,W5395] → DECOUPLING at parking15 (1 couplings, 0.5 min)
09:49:40 | INFO     | t=12588.0: RAKE[W12221,W4802] → COUPLING at WS_02 (1 couplings, 0.5 min)
09:49:40 | INFO     | t=12588.5: LOCO → Allocating for pickup from WS_02
09:49:40 | INFO     | t=12588.5: DISPATCHER → Task submitted: workshop_to_retrofitted (pending=3)
09:49:40 | INFO     | t=12593.0: LOCO[LOCO_02] → TRAIN_PREP at collection (coupling + prep, 15.0 min)
09:49:40 | INFO     | EVENT_PUBLISHED: TrainArrivedEvent | train=T166 | time=12594.5
09:49:40 | INFO     | EVENT_HANDLING: TrainArrivedEvent -> RetrofitWorkshopContext._handle_train_arrived
09:49:40 | INFO     | EVENT_HANDLED: TrainArrivedEvent by RetrofitWorkshopContext._handle_train_arrived
09:49:40 | INFO     | EVENT_PUBLISHED: TrainArrivedEvent | train=T167 | time=12597.0
09:49:40 | INFO     | EVENT_HANDLING: TrainArrivedEvent -> RetrofitWorkshopContext._handle_train_arrived
09:49:40 | INFO     | EVENT_HANDLED: TrainArrivedEvent by RetrofitWorkshopContext._handle_train_arrived
09:49:40 | INFO     | EVENT_PUBLISHED: TrainArrivedEvent | train=T168 | time=12611.0
09:49:40 | INFO     | EVENT_HANDLING: TrainArrivedEvent -> RetrofitWorkshopContext._handle_train_arrived
09:49:40 | INFO     | EVENT_HANDLED: TrainArrivedEvent by RetrofitWorkshopContext._handle_train_arrived
09:49:40 | INFO     | t=12623.5: LOCO[LOCO_01] → Releasing
09:49:40 | INFO     | t=12623.5: LOCO[LOCO_01] → Released
09:49:40 | INFO     | t=12623.5: PARKING → Got wagon W2846 from retrofitted
09:49:40 | INFO     | t=12623.5: DISPATCHER → Assigned loco LOCO_01 to workshop_to_retrofitted (waited 61.0 min, pending=2)
09:49:40 | INFO     | t=12623.5: LOCO[LOCO_01] → Allocated for pickup
09:49:40 | INFO     | t=12623.5: LOCO → Allocating for parking transport
09:49:40 | INFO     | t=12623.5: DISPATCHER → Task submitted: retrofitted_to_parking (pending=3)
09:49:40 | INFO     | t=12630.5: LOCO[LOCO_01] → TRAIN_PREP completed at WS_01 (2.0 min)
09:49:40 | INFO     | t=12635.5: BATCH → Putting 2 wagons on retrofitted track retrofitted
09:49:40 | INFO     | t=12635.5: WAGON[W6323] → Added to retrofitted track retrofitted
09:49:40 | INFO     | t=12635.5: WAGON[W8552] → Added to retrofitted track retrofitted
09:49:40 | INFO     | t=12640.5: WORKSHOP[WS_01] → Released, notifying 1 waiting processes
09:49:40 | INFO     | t=12640.5: WORKSHOP → Workshop became available
09:49:40 | INFO     | t=12640.5: WORKSHOP[WS_01] → Selected for batch
09:49:40 | INFO     | t=12640.5: DISPATCHER → Assigned loco LOCO_01 to workshop_to_retrofitted (waited 52.0 min, pending=2)
09:49:40 | INFO     | t=12640.5: WAGON[W10100] → Added to batch
09:49:40 | INFO     | t=12640.5: BATCH[W8616,W10100] → Formed 2 wagons for WS_01
09:49:40 | INFO     | t=12640.5: LOCO[LOCO_01] → Allocated for pickup
09:49:40 | INFO     | t=12640.5: TRACK[retrofit] → Removed 2 wagons (36.4m freed)
09:49:40 | INFO     | t=12640.5: DISPATCHER → Task submitted: retrofit_to_workshop (pending=3)
09:49:40 | INFO     | t=12647.5: LOCO[LOCO_01] → TRAIN_PREP completed at WS_02 (2.0 min)
09:49:40 | INFO     | t=12652.5: BATCH → Putting 2 wagons on retrofitted track retrofitted
09:49:40 | INFO     | t=12652.5: WAGON[W12221] → Added to retrofitted track retrofitted
09:49:40 | INFO     | t=12652.5: WAGON[W4802] → Added to retrofitted track retrofitted
09:49:40 | INFO     | t=12657.5: WORKSHOP[WS_02] → Released, notifying 0 waiting processes
09:49:40 | INFO     | t=12657.5: DISPATCHER → Assigned loco LOCO_01 to retrofit_to_workshop (waited 17.0 min, pending=2)
09:49:40 | INFO     | t=12657.5: RAKE[W8616,W10100] → COUPLING at retrofit (1 couplings, 2.0 min)
09:49:40 | INFO     | t=12657.5: WAGON[W2910] → Retrieved from retrofit queue
09:49:40 | INFO     | t=12657.5: WORKSHOP[WS_02] → Selected for batch
09:49:40 | INFO     | t=12657.5: WAGON[W0681] → Added to batch
09:49:40 | INFO     | t=12657.5: BATCH[W2910,W0681] → Formed 2 wagons for WS_02
09:49:40 | INFO     | t=12657.5: TRACK[retrofit] → Removed 2 wagons (50.3m freed)
09:49:40 | INFO     | t=12657.5: DISPATCHER → Task submitted: retrofit_to_workshop (pending=3)
09:49:40 | INFO     | EVENT_PUBLISHED: TrainArrivedEvent | train=T169 | time=12663.0
09:49:40 | INFO     | EVENT_HANDLING: TrainArrivedEvent -> RetrofitWorkshopContext._handle_train_arrived
09:49:40 | INFO     | EVENT_HANDLED: TrainArrivedEvent by RetrofitWorkshopContext._handle_train_arrived
09:49:40 | INFO     | t=12664.5: LOCO[LOCO_01] → COUPLING at retrofit (2.0 min)
09:49:40 | INFO     | t=12666.5: LOCO[LOCO_01] → SHUNTING_PREP at retrofit (1.0 min)
09:49:40 | INFO     | t=12668.0: LOCO[LOCO_02] → DECOUPLING at retrofit (21.0 min)
09:49:40 | INFO     | EVENT_PUBLISHED: TrainArrivedEvent | train=T170 | time=12669.0
09:49:40 | INFO     | EVENT_HANDLING: TrainArrivedEvent -> RetrofitWorkshopContext._handle_train_arrived
09:49:40 | INFO     | EVENT_HANDLED: TrainArrivedEvent by RetrofitWorkshopContext._handle_train_arrived
09:49:40 | INFO     | t=12672.5: LOCO[LOCO_01] → DECOUPLING at WS_01 (3.0 min)
09:49:40 | INFO     | t=12675.5: RAKE[W8616,W10100] → DECOUPLING at WS_01 (1 couplings, 3.0 min)
09:49:40 | INFO     | t=12678.5: WAGON[W8616] → RETROFIT_STARTED at WS_01
09:49:40 | INFO     | t=12678.5: WAGON[W10100] → RETROFIT_STARTED at WS_01
09:49:40 | INFO     | t=12683.5: DISPATCHER → Hold override for retrofitted_to_parking (waited 60.0 min >= max 45.0 min)
09:49:40 | INFO     | t=12683.5: DISPATCHER → Assigned loco LOCO_01 to retrofit_to_workshop (waited 26.0 min, pending=2)
09:49:40 | INFO     | t=12683.5: RAKE[W2910,W0681] → COUPLING at retrofit (1 couplings, 2.0 min)
09:49:40 | INFO     | t=12683.5: WAGON[W0237] → Retrieved from retrofit queue
09:49:40 | INFO     | t=12683.5: WORKSHOP → No workshop available, waiting...
09:49:40 | INFO     | t=12689.0: RAKE[W12116,W0698,W0839,W5611,W8094,W0555,W12383] → DECOUPLING at retrofit (6 couplings, 18.0 min)
09:49:40 | INFO     | t=12690.5: LOCO[LOCO_01] → COUPLING at retrofit (2.0 min)
09:49:40 | INFO     | t=12692.5: LOCO[LOCO_01] → SHUNTING_PREP at retrofit (1.0 min)
09:49:40 | INFO     | t=12698.5: LOCO[LOCO_01] → DECOUPLING at WS_02 (3.0 min)
09:49:40 | INFO     | t=12701.5: RAKE[W2910,W0681] → DECOUPLING at WS_02 (1 couplings, 3.0 min)
09:49:40 | INFO     | t=12704.5: WAGON[W2910] → RETROFIT_STARTED at WS_02
09:49:40 | INFO     | t=12704.5: WAGON[W0681] → RETROFIT_STARTED at WS_02
09:49:40 | INFO     | t=12709.5: DISPATCHER → Hold override for retrofitted_to_parking (waited 86.0 min >= max 45.0 min)
09:49:40 | INFO     | t=12709.5: DISPATCHER → Assigned loco LOCO_01 to collection_to_retrofit (waited 229.5 min, pending=1)
09:49:40 | INFO     | t=12709.5: DISPATCHER → Hold override for retrofitted_to_parking (waited 86.0 min >= max 45.0 min)
09:49:40 | INFO     | t=12712.0: DISPATCHER → Hold override for retrofitted_to_parking (waited 88.5 min >= max 45.0 min)
09:49:40 | INFO     | t=12712.0: DISPATCHER → Assigned loco LOCO_02 to retrofitted_to_parking (waited 88.5 min, pending=0)
09:49:40 | INFO     | t=12712.0: LOCO[LOCO_02] → Allocated for parking transport
09:49:40 | INFO     | t=12712.0: Batch size limited by retrofit capacity: 7 wagons (132.7m) fits, 11 waiting
09:49:40 | INFO     | t=12712.0: COLLECTION → Reserving retrofit track capacity for 7 wagons
09:49:40 | INFO     | t=12712.0: COLLECTION → Capacity reserved, allocating locomotive
09:49:40 | INFO     | t=12712.0: DISPATCHER → Task submitted: collection_to_retrofit (pending=1)
09:49:40 | INFO     | t=12717.0: LOCO[LOCO_02] → TRAIN_PREP at retrofitted (coupling + prep, 3.0 min)
09:49:40 | INFO     | t=12738.5: RAKE[W8616,W10100] → COUPLING at WS_01 (1 couplings, 0.5 min)
09:49:40 | INFO     | t=12739.0: LOCO → Allocating for pickup from WS_01
09:49:40 | INFO     | t=12739.0: DISPATCHER → Task submitted: workshop_to_retrofitted (pending=2)
09:49:40 | INFO     | EVENT_PUBLISHED: TrainArrivedEvent | train=T171 | time=12748.5
09:49:40 | INFO     | EVENT_HANDLING: TrainArrivedEvent -> RetrofitWorkshopContext._handle_train_arrived
09:49:40 | INFO     | EVENT_HANDLED: TrainArrivedEvent by RetrofitWorkshopContext._handle_train_arrived
09:49:40 | INFO     | t=12764.5: RAKE[W2910,W0681] → COUPLING at WS_02 (1 couplings, 0.5 min)
09:49:40 | INFO     | t=12765.0: LOCO → Allocating for pickup from WS_02
09:49:40 | INFO     | t=12765.0: DISPATCHER → Task submitted: workshop_to_retrofitted (pending=3)
09:49:40 | INFO     | t=12769.5: LOCO[LOCO_01] → TRAIN_PREP at collection (coupling + prep, 3.0 min)
09:49:40 | INFO     | EVENT_PUBLISHED: TrainArrivedEvent | train=T172 | time=12777.0
09:49:40 | INFO     | EVENT_HANDLING: TrainArrivedEvent -> RetrofitWorkshopContext._handle_train_arrived
09:49:40 | INFO     | EVENT_HANDLED: TrainArrivedEvent by RetrofitWorkshopContext._handle_train_arrived
09:49:40 | INFO     | EVENT_PUBLISHED: TrainArrivedEvent | train=T173 | time=12787.2
09:49:40 | INFO     | EVENT_HANDLING: TrainArrivedEvent -> RetrofitWorkshopContext._handle_train_arrived
09:49:40 | INFO     | EVENT_HANDLED: TrainArrivedEvent by RetrofitWorkshopContext._handle_train_arrived
09:49:40 | INFO     | t=12795.0: LOCO[LOCO_02] → DECOUPLING at parking13 (2.0 min)
09:49:40 | INFO     | t=12797.0: RAKE[W2846,W5760,W6421,W12229] → DECOUPLING at parking13 (3 couplings, 1.5 min)
09:49:40 | INFO     | t=12832.5: LOCO[LOCO_01] → DECOUPLING at retrofit (3.0 min)
09:49:40 | INFO     | t=12835.5: RAKE[W4380] → DECOUPLING at retrofit (0 couplings, 0.0 min)
09:49:40 | INFO     | t=12840.5: Batch size limited by retrofit capacity: 1 wagons (14.3m) fits, 20 waiting
09:49:40 | INFO     | t=12840.5: DISPATCHER → Assigned loco LOCO_01 to workshop_to_retrofitted (waited 101.5 min, pending=2)
09:49:40 | INFO     | t=12840.5: COLLECTION → Reserving retrofit track capacity for 1 wagons
09:49:40 | INFO     | t=12840.5: LOCO[LOCO_01] → Allocated for pickup
09:49:40 | INFO     | t=12847.5: LOCO[LOCO_01] → TRAIN_PREP completed at WS_01 (2.0 min)
09:49:40 | INFO     | t=12852.5: BATCH → Putting 2 wagons on retrofitted track retrofitted
09:49:40 | INFO     | t=12852.5: WAGON[W8616] → Added to retrofitted track retrofitted
09:49:40 | INFO     | t=12852.5: WAGON[W10100] → Added to retrofitted track retrofitted
09:49:40 | INFO     | t=12857.5: WORKSHOP[WS_01] → Released, notifying 1 waiting processes
09:49:40 | INFO     | t=12857.5: WORKSHOP → Workshop became available
09:49:40 | INFO     | t=12857.5: WORKSHOP[WS_01] → Selected for batch
09:49:40 | INFO     | t=12857.5: DISPATCHER → Assigned loco LOCO_01 to workshop_to_retrofitted (waited 92.5 min, pending=1)
09:49:40 | INFO     | t=12857.5: WAGON[W5173] → Added to batch
09:49:40 | INFO     | t=12857.5: BATCH[W0237,W5173] → Formed 2 wagons for WS_01
09:49:40 | INFO     | t=12857.5: LOCO[LOCO_01] → Allocated for pickup
09:49:40 | INFO     | t=12857.5: TRACK[retrofit] → Removed 2 wagons (31.9m freed)
09:49:40 | INFO     | t=12857.5: DISPATCHER → Task submitted: retrofit_to_workshop (pending=2)
09:49:40 | INFO     | t=12857.5: COLLECTION → Capacity reserved, allocating locomotive
09:49:40 | INFO     | t=12857.5: DISPATCHER → Task submitted: collection_to_retrofit (pending=3)
09:49:40 | INFO     | t=12858.5: LOCO[LOCO_02] → Releasing
09:49:40 | INFO     | t=12858.5: LOCO[LOCO_02] → Released
09:49:40 | INFO     | t=12858.5: PARKING → Got wagon W6323 from retrofitted
09:49:40 | INFO     | t=12858.5: DISPATCHER → Assigned loco LOCO_02 to retrofit_to_workshop (waited 1.0 min, pending=2)
09:49:40 | INFO     | t=12858.5: RAKE[W0237,W5173] → COUPLING at retrofit (1 couplings, 2.0 min)
09:49:40 | INFO     | t=12858.5: WAGON[W12116] → Retrieved from retrofit queue
09:49:40 | INFO     | t=12858.5: WORKSHOP → No workshop available, waiting...
09:49:40 | INFO     | t=12858.5: LOCO → Allocating for parking transport
09:49:40 | INFO     | t=12858.5: DISPATCHER → Task submitted: retrofitted_to_parking (pending=3)
09:49:40 | INFO     | t=12864.5: LOCO[LOCO_01] → TRAIN_PREP completed at WS_02 (2.0 min)
09:49:40 | INFO     | t=12865.5: LOCO[LOCO_02] → COUPLING at retrofit (2.0 min)
09:49:40 | INFO     | t=12867.5: LOCO[LOCO_02] → SHUNTING_PREP at retrofit (1.0 min)
09:49:40 | INFO     | t=12869.5: BATCH → Putting 2 wagons on retrofitted track retrofitted
09:49:40 | INFO     | t=12869.5: WAGON[W2910] → Added to retrofitted track retrofitted
09:49:40 | INFO     | t=12869.5: WAGON[W0681] → Added to retrofitted track retrofitted
09:49:40 | INFO     | t=12873.5: LOCO[LOCO_02] → DECOUPLING at WS_01 (3.0 min)
09:49:40 | INFO     | t=12874.5: WORKSHOP[WS_02] → Released, notifying 1 waiting processes
09:49:40 | INFO     | t=12874.5: WORKSHOP → Workshop became available
09:49:40 | INFO     | t=12874.5: WORKSHOP[WS_02] → Selected for batch
09:49:40 | INFO     | t=12874.5: DISPATCHER → Assigned loco LOCO_01 to retrofitted_to_parking (waited 16.0 min, pending=2)
09:49:40 | INFO     | t=12874.5: WAGON[W0698] → Added to batch
09:49:40 | INFO     | t=12874.5: BATCH[W12116,W0698] → Formed 2 wagons for WS_02
09:49:40 | INFO     | t=12874.5: LOCO[LOCO_01] → Allocated for parking transport
09:49:40 | INFO     | t=12874.5: TRACK[retrofit] → Removed 2 wagons (50.2m freed)
09:49:40 | INFO     | t=12874.5: DISPATCHER → Task submitted: retrofit_to_workshop (pending=3)
09:49:40 | INFO     | t=12876.5: RAKE[W0237,W5173] → DECOUPLING at WS_01 (1 couplings, 3.0 min)
09:49:40 | INFO     | t=12879.5: WAGON[W0237] → RETROFIT_STARTED at WS_01
09:49:40 | INFO     | t=12879.5: WAGON[W5173] → RETROFIT_STARTED at WS_01
09:49:40 | INFO     | t=12879.5: LOCO[LOCO_01] → TRAIN_PREP at retrofitted (coupling + prep, 3.5 min)
09:49:40 | INFO     | t=12884.5: DISPATCHER → Assigned loco LOCO_02 to retrofit_to_workshop (waited 10.0 min, pending=2)
09:49:40 | INFO     | t=12884.5: RAKE[W12116,W0698] → COUPLING at retrofit (1 couplings, 2.0 min)
09:49:40 | INFO     | t=12884.5: WAGON[W0839] → Retrieved from retrofit queue
09:49:40 | INFO     | t=12884.5: WORKSHOP → No workshop available, waiting...
09:49:40 | INFO     | t=12888.0: LOCO[LOCO_01] → DECOUPLING at parking1 (2.5 min)
09:49:40 | INFO     | t=12890.5: RAKE[W6323,W8552,W12221,W4802,W8616] → DECOUPLING at parking1 (4 couplings, 2.0 min)
09:49:40 | INFO     | t=12891.5: LOCO[LOCO_02] → COUPLING at retrofit (2.0 min)
09:49:40 | INFO     | t=12893.5: LOCO[LOCO_02] → SHUNTING_PREP at retrofit (1.0 min)
09:49:40 | INFO     | t=12897.5: LOCO[LOCO_01] → Releasing
09:49:40 | INFO     | t=12897.5: LOCO[LOCO_01] → Released
09:49:40 | INFO     | t=12897.5: PARKING → Got wagon W10100 from retrofitted
09:49:40 | INFO     | t=12897.5: DISPATCHER → Assigned loco LOCO_01 to collection_to_retrofit (waited 185.5 min, pending=1)
09:49:40 | INFO     | t=12897.5: LOCO → Allocating for parking transport
09:49:40 | INFO     | t=12897.5: DISPATCHER → Task submitted: retrofitted_to_parking (pending=2)
09:49:40 | INFO     | t=12899.5: LOCO[LOCO_02] → DECOUPLING at WS_02 (3.0 min)
09:49:40 | INFO     | t=12902.5: RAKE[W12116,W0698] → DECOUPLING at WS_02 (1 couplings, 3.0 min)
09:49:40 | INFO     | t=12905.5: WAGON[W12116] → RETROFIT_STARTED at WS_02
09:49:40 | INFO     | t=12905.5: WAGON[W0698] → RETROFIT_STARTED at WS_02
09:49:40 | INFO     | t=12910.5: DISPATCHER → Assigned loco LOCO_02 to collection_to_retrofit (waited 53.0 min, pending=1)
09:49:40 | INFO     | EVENT_PUBLISHED: TrainArrivedEvent | train=T174 | time=12939.0
09:49:40 | INFO     | EVENT_HANDLING: TrainArrivedEvent -> RetrofitWorkshopContext._handle_train_arrived
09:49:40 | INFO     | EVENT_HANDLED: TrainArrivedEvent by RetrofitWorkshopContext._handle_train_arrived
09:49:40 | INFO     | t=12939.5: RAKE[W0237,W5173] → COUPLING at WS_01 (1 couplings, 0.5 min)
09:49:40 | INFO     | t=12940.0: LOCO → Allocating for pickup from WS_01
09:49:40 | INFO     | t=12940.0: DISPATCHER → Task submitted: workshop_to_retrofitted (pending=2)
09:49:40 | INFO     | EVENT_PUBLISHED: TrainArrivedEvent | train=T175 | time=12954.5
09:49:40 | INFO     | EVENT_HANDLING: TrainArrivedEvent -> RetrofitWorkshopContext._handle_train_arrived
09:49:40 | INFO     | EVENT_HANDLED: TrainArrivedEvent by RetrofitWorkshopContext._handle_train_arrived
09:49:40 | INFO     | t=12957.5: LOCO[LOCO_01] → TRAIN_PREP at collection (coupling + prep, 15.0 min)
09:49:40 | INFO     | EVENT_PUBLISHED: TrainArrivedEvent | train=T176 | time=12963.5
09:49:40 | INFO     | EVENT_HANDLING: TrainArrivedEvent -> RetrofitWorkshopContext._handle_train_arrived
09:49:40 | INFO     | EVENT_HANDLED: TrainArrivedEvent by RetrofitWorkshopContext._handle_train_arrived
09:49:40 | INFO     | t=12965.5: RAKE[W12116,W0698] → COUPLING at WS_02 (1 couplings, 0.5 min)
09:49:40 | INFO     | t=12966.0: LOCO → Allocating for pickup from WS_02
09:49:40 | INFO     | t=12966.0: DISPATCHER → Task submitted: workshop_to_retrofitted (pending=3)
09:49:40 | INFO     | t=12970.5: LOCO[LOCO_02] → TRAIN_PREP at collection (coupling + prep, 3.0 min)
09:49:40 | INFO     | EVENT_PUBLISHED: TrainArrivedEvent | train=T177 | time=13015.8
09:49:40 | INFO     | EVENT_HANDLING: TrainArrivedEvent -> RetrofitWorkshopContext._handle_train_arrived
09:49:40 | INFO     | EVENT_HANDLED: TrainArrivedEvent by RetrofitWorkshopContext._handle_train_arrived
09:49:40 | INFO     | t=13032.5: LOCO[LOCO_01] → DECOUPLING at retrofit (21.0 min)
09:49:40 | INFO     | t=13033.5: LOCO[LOCO_02] → DECOUPLING at retrofit (3.0 min)
09:49:40 | INFO     | t=13036.5: RAKE[W5872] → DECOUPLING at retrofit (0 couplings, 0.0 min)
09:49:40 | INFO     | t=13041.5: DISPATCHER → Hold override for retrofitted_to_parking (waited 144.0 min >= max 45.0 min)
09:49:40 | INFO     | t=13041.5: DISPATCHER → Assigned loco LOCO_02 to workshop_to_retrofitted (waited 101.5 min, pending=2)
09:49:40 | INFO     | t=13041.5: DISPATCHER → Hold override for retrofitted_to_parking (waited 144.0 min >= max 45.0 min)
09:49:40 | INFO     | t=13041.5: LOCO[LOCO_02] → Allocated for pickup
09:49:40 | INFO     | t=13041.5: Batch size limited by retrofit capacity: 4 wagons (76.0m) fits, 17 waiting
09:49:40 | INFO     | t=13041.5: COLLECTION → Reserving retrofit track capacity for 4 wagons
09:49:40 | INFO     | t=13041.5: COLLECTION → Capacity reserved, allocating locomotive
09:49:40 | INFO     | t=13041.5: DISPATCHER → Task submitted: collection_to_retrofit (pending=3)
09:49:40 | INFO     | t=13048.5: LOCO[LOCO_02] → TRAIN_PREP completed at WS_01 (2.0 min)
09:49:40 | INFO     | t=13053.5: RAKE[W9843,W6848,W11356,W4223,W1826,W8494,W1427] → DECOUPLING at retrofit (6 couplings, 18.0 min)
09:49:40 | INFO     | t=13053.5: BATCH → Putting 2 wagons on retrofitted track retrofitted
09:49:40 | INFO     | t=13053.5: WAGON[W0237] → Added to retrofitted track retrofitted
09:49:40 | INFO     | t=13053.5: WAGON[W5173] → Added to retrofitted track retrofitted
09:49:40 | INFO     | t=13058.5: WORKSHOP[WS_01] → Released, notifying 1 waiting processes
09:49:40 | INFO     | t=13058.5: WORKSHOP → Workshop became available
09:49:40 | INFO     | t=13058.5: WORKSHOP[WS_01] → Selected for batch
09:49:40 | INFO     | t=13058.5: DISPATCHER → Hold override for retrofitted_to_parking (waited 161.0 min >= max 45.0 min)
09:49:40 | INFO     | t=13058.5: DISPATCHER → Assigned loco LOCO_02 to workshop_to_retrofitted (waited 92.5 min, pending=2)
09:49:40 | INFO     | t=13058.5: DISPATCHER → Hold override for retrofitted_to_parking (waited 161.0 min >= max 45.0 min)
09:49:40 | INFO     | t=13058.5: WAGON[W5611] → Added to batch
09:49:40 | INFO     | t=13058.5: BATCH[W0839,W5611] → Formed 2 wagons for WS_01
09:49:40 | INFO     | t=13058.5: LOCO[LOCO_02] → Allocated for pickup
09:49:40 | INFO     | t=13058.5: TRACK[retrofit] → Removed 2 wagons (23.9m freed)
09:49:40 | INFO     | t=13058.5: DISPATCHER → Task submitted: retrofit_to_workshop (pending=3)
09:49:40 | INFO     | t=13065.5: LOCO[LOCO_02] → TRAIN_PREP completed at WS_02 (2.0 min)
09:49:40 | INFO     | t=13070.5: BATCH → Putting 2 wagons on retrofitted track retrofitted
09:49:40 | INFO     | t=13070.5: WAGON[W12116] → Added to retrofitted track retrofitted
09:49:40 | INFO     | t=13070.5: WAGON[W0698] → Added to retrofitted track retrofitted
09:49:40 | INFO     | t=13075.5: WORKSHOP[WS_02] → Released, notifying 0 waiting processes
09:49:40 | INFO     | t=13075.5: DISPATCHER → Hold override for retrofitted_to_parking (waited 178.0 min >= max 45.0 min)
09:49:40 | INFO     | t=13075.5: DISPATCHER → Assigned loco LOCO_02 to retrofit_to_workshop (waited 17.0 min, pending=2)
09:49:40 | INFO     | t=13075.5: DISPATCHER → Hold override for retrofitted_to_parking (waited 178.0 min >= max 45.0 min)
09:49:40 | INFO     | t=13075.5: RAKE[W0839,W5611] → COUPLING at retrofit (1 couplings, 2.0 min)
09:49:40 | INFO     | t=13075.5: WAGON[W8094] → Retrieved from retrofit queue
09:49:40 | INFO     | t=13075.5: WORKSHOP[WS_02] → Selected for batch
09:49:40 | INFO     | t=13075.5: WAGON[W0555] → Added to batch
09:49:40 | INFO     | t=13075.5: BATCH[W8094,W0555] → Formed 2 wagons for WS_02
09:49:40 | INFO     | t=13075.5: TRACK[retrofit] → Removed 2 wagons (32.0m freed)
09:49:40 | INFO     | t=13075.5: DISPATCHER → Task submitted: retrofit_to_workshop (pending=3)
09:49:40 | INFO     | t=13076.5: DISPATCHER → Hold override for retrofitted_to_parking (waited 179.0 min >= max 45.0 min)
09:49:40 | INFO     | t=13076.5: DISPATCHER → Assigned loco LOCO_01 to retrofit_to_workshop (waited 1.0 min, pending=2)
09:49:40 | INFO     | t=13076.5: DISPATCHER → Hold override for retrofitted_to_parking (waited 179.0 min >= max 45.0 min)
09:49:40 | INFO     | t=13076.5: Batch size limited by retrofit capacity: 2 wagons (50.9m) fits, 16 waiting
09:49:40 | INFO     | t=13076.5: RAKE[W8094,W0555] → COUPLING at retrofit (1 couplings, 2.0 min)
09:49:40 | INFO     | t=13076.5: COLLECTION → Reserving retrofit track capacity for 2 wagons
09:49:40 | INFO     | t=13076.5: WAGON[W12383] → Retrieved from retrofit queue
09:49:40 | INFO     | t=13076.5: WORKSHOP → No workshop available, waiting...
09:49:40 | INFO     | t=13076.5: COLLECTION → Capacity reserved, allocating locomotive
09:49:40 | INFO     | t=13076.5: DISPATCHER → Task submitted: collection_to_retrofit (pending=3)
09:49:40 | INFO     | t=13082.5: LOCO[LOCO_02] → COUPLING at retrofit (2.0 min)
09:49:40 | INFO     | t=13083.5: LOCO[LOCO_01] → COUPLING at retrofit (2.0 min)
09:49:40 | INFO     | t=13084.5: LOCO[LOCO_02] → SHUNTING_PREP at retrofit (1.0 min)
09:49:40 | INFO     | t=13085.5: LOCO[LOCO_01] → SHUNTING_PREP at retrofit (1.0 min)
09:49:40 | INFO     | t=13090.5: LOCO[LOCO_02] → DECOUPLING at WS_01 (3.0 min)
09:49:40 | INFO     | t=13091.5: LOCO[LOCO_01] → DECOUPLING at WS_02 (3.0 min)
09:49:40 | INFO     | t=13093.5: RAKE[W0839,W5611] → DECOUPLING at WS_01 (1 couplings, 3.0 min)
09:49:40 | INFO     | t=13094.5: RAKE[W8094,W0555] → DECOUPLING at WS_02 (1 couplings, 3.0 min)
09:49:40 | INFO     | t=13096.5: WAGON[W0839] → RETROFIT_STARTED at WS_01
09:49:40 | INFO     | t=13096.5: WAGON[W5611] → RETROFIT_STARTED at WS_01
09:49:40 | INFO     | t=13097.5: WAGON[W8094] → RETROFIT_STARTED at WS_02
09:49:40 | INFO     | t=13097.5: WAGON[W0555] → RETROFIT_STARTED at WS_02
09:49:40 | INFO     | t=13101.5: DISPATCHER → Hold override for retrofitted_to_parking (waited 204.0 min >= max 45.0 min)
09:49:40 | INFO     | t=13101.5: DISPATCHER → Assigned loco LOCO_02 to retrofitted_to_parking (waited 204.0 min, pending=2)
09:49:40 | INFO     | t=13101.5: LOCO[LOCO_02] → Allocated for parking transport
09:49:40 | INFO     | EVENT_PUBLISHED: TrainArrivedEvent | train=T178 | time=13103.5
09:49:40 | INFO     | EVENT_HANDLING: TrainArrivedEvent -> RetrofitWorkshopContext._handle_train_arrived
09:49:40 | INFO     | EVENT_HANDLED: TrainArrivedEvent by RetrofitWorkshopContext._handle_train_arrived
09:49:40 | INFO     | t=13106.5: LOCO[LOCO_02] → TRAIN_PREP at retrofitted (coupling + prep, 2.5 min)
09:49:40 | INFO     | t=13114.0: LOCO[LOCO_02] → DECOUPLING at parking7 (1.5 min)
09:49:40 | INFO     | t=13115.5: RAKE[W10100,W2910,W0681] → DECOUPLING at parking7 (2 couplings, 1.0 min)
09:49:40 | INFO     | t=13121.5: LOCO[LOCO_02] → Releasing
09:49:40 | INFO     | t=13121.5: LOCO[LOCO_02] → Released
09:49:40 | INFO     | t=13121.5: PARKING → Got wagon W0237 from retrofitted
09:49:40 | INFO     | t=13121.5: LOCO → Allocating for parking transport
09:49:40 | INFO     | t=13121.5: DISPATCHER → Task submitted: retrofitted_to_parking (pending=3)
09:49:40 | INFO     | t=13156.5: RAKE[W0839,W5611] → COUPLING at WS_01 (1 couplings, 0.5 min)
09:49:40 | INFO     | t=13157.0: LOCO → Allocating for pickup from WS_01
09:49:40 | INFO     | t=13157.0: DISPATCHER → Task submitted: workshop_to_retrofitted (pending=4)
09:49:40 | INFO     | t=13157.0: DISPATCHER → Assigned loco LOCO_01 to workshop_to_retrofitted (waited 0.0 min, pending=3)
09:49:40 | INFO     | t=13157.0: LOCO[LOCO_01] → Allocated for pickup
09:49:40 | INFO     | t=13157.5: RAKE[W8094,W0555] → COUPLING at WS_02 (1 couplings, 0.5 min)
09:49:40 | INFO     | t=13158.0: LOCO → Allocating for pickup from WS_02
09:49:40 | INFO     | t=13158.0: DISPATCHER → Task submitted: workshop_to_retrofitted (pending=4)
09:49:40 | INFO     | t=13158.0: DISPATCHER → Assigned loco LOCO_02 to workshop_to_retrofitted (waited 0.0 min, pending=3)
09:49:40 | INFO     | t=13158.0: LOCO[LOCO_02] → Allocated for pickup
09:49:40 | INFO     | t=13164.0: LOCO[LOCO_01] → TRAIN_PREP completed at WS_01 (2.0 min)
09:49:40 | INFO     | t=13165.0: LOCO[LOCO_02] → TRAIN_PREP completed at WS_02 (2.0 min)
09:49:40 | INFO     | t=13168.0: DISPATCHER → Hold override for retrofitted_to_parking (waited 46.5 min >= max 45.0 min)
09:49:40 | INFO     | t=13169.0: BATCH → Putting 2 wagons on retrofitted track retrofitted
09:49:40 | INFO     | t=13169.0: WAGON[W0839] → Added to retrofitted track retrofitted
09:49:40 | INFO     | t=13169.0: WAGON[W5611] → Added to retrofitted track retrofitted
09:49:40 | INFO     | t=13170.0: BATCH → Putting 2 wagons on retrofitted track retrofitted
09:49:40 | INFO     | t=13170.0: WAGON[W8094] → Added to retrofitted track retrofitted
09:49:40 | INFO     | t=13170.0: WAGON[W0555] → Added to retrofitted track retrofitted
09:49:40 | INFO     | EVENT_PUBLISHED: TrainArrivedEvent | train=T179 | time=13171.8
09:49:40 | INFO     | EVENT_HANDLING: TrainArrivedEvent -> RetrofitWorkshopContext._handle_train_arrived
09:49:40 | INFO     | EVENT_HANDLED: TrainArrivedEvent by RetrofitWorkshopContext._handle_train_arrived
09:49:40 | INFO     | t=13174.0: WORKSHOP[WS_01] → Released, notifying 1 waiting processes
09:49:40 | INFO     | t=13174.0: WORKSHOP → Workshop became available
09:49:40 | INFO     | t=13174.0: WORKSHOP[WS_01] → Selected for batch
09:49:40 | INFO     | t=13174.0: DISPATCHER → Hold override for retrofitted_to_parking (waited 52.5 min >= max 45.0 min)
09:49:40 | INFO     | t=13174.0: DISPATCHER → Assigned loco LOCO_01 to retrofitted_to_parking (waited 52.5 min, pending=2)
09:49:40 | INFO     | t=13174.0: WAGON[W4380] → Added to batch
09:49:40 | INFO     | t=13174.0: BATCH[W12383,W4380] → Formed 2 wagons for WS_01
09:49:40 | INFO     | t=13174.0: LOCO[LOCO_01] → Allocated for parking transport
09:49:40 | INFO     | t=13174.0: TRACK[retrofit] → Removed 2 wagons (38.8m freed)
09:49:40 | INFO     | t=13174.0: DISPATCHER → Task submitted: retrofit_to_workshop (pending=3)
09:49:40 | INFO     | t=13175.0: WORKSHOP[WS_02] → Released, notifying 0 waiting processes
09:49:40 | INFO     | t=13175.0: DISPATCHER → Assigned loco LOCO_02 to retrofit_to_workshop (waited 1.0 min, pending=2)
09:49:40 | INFO     | t=13175.0: RAKE[W12383,W4380] → COUPLING at retrofit (1 couplings, 2.0 min)
09:49:40 | INFO     | t=13175.0: WAGON[W9843] → Retrieved from retrofit queue
09:49:40 | INFO     | t=13175.0: WORKSHOP[WS_02] → Selected for batch
09:49:40 | INFO     | t=13175.0: WAGON[W6848] → Added to batch
09:49:40 | INFO     | t=13175.0: BATCH[W9843,W6848] → Formed 2 wagons for WS_02
09:49:40 | INFO     | t=13175.0: TRACK[retrofit] → Removed 2 wagons (37.3m freed)
09:49:40 | INFO     | t=13175.0: DISPATCHER → Task submitted: retrofit_to_workshop (pending=3)
09:49:40 | INFO     | t=13179.0: LOCO[LOCO_01] → TRAIN_PREP at retrofitted (coupling + prep, 2.5 min)
09:49:40 | INFO     | t=13182.0: LOCO[LOCO_02] → COUPLING at retrofit (2.0 min)
09:49:40 | INFO     | t=13184.0: LOCO[LOCO_02] → SHUNTING_PREP at retrofit (1.0 min)
09:49:40 | INFO     | t=13186.5: LOCO[LOCO_01] → DECOUPLING at parking9 (1.5 min)
09:49:40 | INFO     | t=13188.0: RAKE[W0237,W5173,W12116] → DECOUPLING at parking9 (2 couplings, 1.0 min)
09:49:40 | INFO     | t=13190.0: LOCO[LOCO_02] → DECOUPLING at WS_01 (3.0 min)
09:49:40 | INFO     | t=13193.0: RAKE[W12383,W4380] → DECOUPLING at WS_01 (1 couplings, 3.0 min)
09:49:40 | INFO     | t=13194.0: LOCO[LOCO_01] → Releasing
09:49:40 | INFO     | t=13194.0: LOCO[LOCO_01] → Released
09:49:40 | INFO     | t=13194.0: PARKING → Got wagon W0698 from retrofitted
09:49:40 | INFO     | t=13194.0: DISPATCHER → Assigned loco LOCO_01 to retrofit_to_workshop (waited 19.0 min, pending=2)
09:49:40 | INFO     | t=13194.0: RAKE[W9843,W6848] → COUPLING at retrofit (1 couplings, 2.0 min)
09:49:40 | INFO     | t=13194.0: WAGON[W11356] → Retrieved from retrofit queue
09:49:40 | INFO     | t=13194.0: WORKSHOP → No workshop available, waiting...
09:49:40 | INFO     | t=13194.0: LOCO → Allocating for parking transport
09:49:40 | INFO     | t=13194.0: DISPATCHER → Task submitted: retrofitted_to_parking (pending=3)
09:49:40 | INFO     | t=13196.0: WAGON[W12383] → RETROFIT_STARTED at WS_01
09:49:40 | INFO     | t=13196.0: WAGON[W4380] → RETROFIT_STARTED at WS_01
09:49:40 | INFO     | t=13201.0: LOCO[LOCO_01] → COUPLING at retrofit (2.0 min)
09:49:40 | INFO     | t=13201.0: DISPATCHER → Assigned loco LOCO_02 to collection_to_retrofit (waited 159.5 min, pending=2)
09:49:40 | INFO     | t=13203.0: LOCO[LOCO_01] → SHUNTING_PREP at retrofit (1.0 min)
09:49:40 | INFO     | t=13209.0: LOCO[LOCO_01] → DECOUPLING at WS_02 (3.0 min)
09:49:40 | INFO     | t=13212.0: RAKE[W9843,W6848] → DECOUPLING at WS_02 (1 couplings, 3.0 min)
09:49:40 | INFO     | t=13215.0: WAGON[W9843] → RETROFIT_STARTED at WS_02
09:49:40 | INFO     | t=13215.0: WAGON[W6848] → RETROFIT_STARTED at WS_02
09:49:40 | INFO     | t=13220.0: DISPATCHER → Assigned loco LOCO_01 to collection_to_retrofit (waited 143.5 min, pending=1)
09:49:40 | INFO     | t=13240.0: DISPATCHER → Hold override for retrofitted_to_parking (waited 46.0 min >= max 45.0 min)
09:49:40 | INFO     | t=13256.0: RAKE[W12383,W4380] → COUPLING at WS_01 (1 couplings, 0.5 min)
09:49:40 | INFO     | t=13256.5: LOCO → Allocating for pickup from WS_01
09:49:40 | INFO     | t=13256.5: DISPATCHER → Task submitted: workshop_to_retrofitted (pending=2)
09:49:40 | INFO     | t=13261.0: LOCO[LOCO_02] → TRAIN_PREP at collection (coupling + prep, 9.0 min)
09:49:40 | INFO     | t=13275.0: RAKE[W9843,W6848] → COUPLING at WS_02 (1 couplings, 0.5 min)
09:49:40 | INFO     | t=13275.5: LOCO → Allocating for pickup from WS_02
09:49:40 | INFO     | t=13275.5: DISPATCHER → Task submitted: workshop_to_retrofitted (pending=3)
09:49:40 | INFO     | t=13280.0: LOCO[LOCO_01] → TRAIN_PREP at collection (coupling + prep, 5.0 min)
09:49:40 | INFO     | EVENT_PUBLISHED: TrainArrivedEvent | train=T180 | time=13298.8
09:49:40 | INFO     | EVENT_HANDLING: TrainArrivedEvent -> RetrofitWorkshopContext._handle_train_arrived
09:49:40 | INFO     | EVENT_HANDLED: TrainArrivedEvent by RetrofitWorkshopContext._handle_train_arrived
09:49:40 | INFO     | EVENT_PUBLISHED: TrainArrivedEvent | train=T181 | time=13314.5
09:49:40 | INFO     | EVENT_HANDLING: TrainArrivedEvent -> RetrofitWorkshopContext._handle_train_arrived
09:49:40 | INFO     | EVENT_HANDLED: TrainArrivedEvent by RetrofitWorkshopContext._handle_train_arrived
09:49:40 | INFO     | t=13330.0: LOCO[LOCO_02] → DECOUPLING at retrofit (12.0 min)
09:49:40 | INFO     | t=13342.0: RAKE[W0093,W3413,W8479,W8637] → DECOUPLING at retrofit (3 couplings, 9.0 min)
09:49:40 | INFO     | t=13345.0: LOCO[LOCO_01] → DECOUPLING at retrofit (6.0 min)
09:49:40 | INFO     | t=13351.0: RAKE[W0023,W10397] → DECOUPLING at retrofit (1 couplings, 3.0 min)
09:49:40 | INFO     | t=13356.0: DISPATCHER → Hold override for retrofitted_to_parking (waited 162.0 min >= max 45.0 min)
09:49:40 | INFO     | t=13356.0: DISPATCHER → Assigned loco LOCO_02 to workshop_to_retrofitted (waited 99.5 min, pending=2)
09:49:40 | INFO     | t=13356.0: DISPATCHER → Hold override for retrofitted_to_parking (waited 162.0 min >= max 45.0 min)
09:49:40 | INFO     | t=13356.0: LOCO[LOCO_02] → Allocated for pickup
09:49:40 | INFO     | t=13356.0: Batch size limited by retrofit capacity: 5 wagons (80.7m) fits, 16 waiting
09:49:40 | INFO     | t=13356.0: COLLECTION → Reserving retrofit track capacity for 5 wagons
09:49:40 | INFO     | t=13356.0: COLLECTION → Capacity reserved, allocating locomotive
09:49:40 | INFO     | t=13356.0: DISPATCHER → Task submitted: collection_to_retrofit (pending=3)
09:49:40 | INFO     | t=13359.0: Batch size limited by retrofit capacity: 1 wagons (31.0m) fits, 19 waiting
09:49:40 | INFO     | t=13359.0: DISPATCHER → Hold override for retrofitted_to_parking (waited 165.0 min >= max 45.0 min)
09:49:40 | INFO     | t=13359.0: DISPATCHER → Assigned loco LOCO_01 to workshop_to_retrofitted (waited 83.5 min, pending=2)
09:49:40 | INFO     | t=13359.0: DISPATCHER → Hold override for retrofitted_to_parking (waited 165.0 min >= max 45.0 min)
09:49:40 | INFO     | t=13359.0: COLLECTION → Reserving retrofit track capacity for 1 wagons
09:49:40 | INFO     | t=13359.0: LOCO[LOCO_01] → Allocated for pickup
09:49:40 | INFO     | t=13363.0: LOCO[LOCO_02] → TRAIN_PREP completed at WS_01 (2.0 min)
09:49:40 | INFO     | t=13366.0: LOCO[LOCO_01] → TRAIN_PREP completed at WS_02 (2.0 min)
09:49:40 | INFO     | t=13368.0: BATCH → Putting 2 wagons on retrofitted track retrofitted
09:49:40 | INFO     | t=13368.0: WAGON[W12383] → Added to retrofitted track retrofitted
09:49:40 | INFO     | t=13368.0: WAGON[W4380] → Added to retrofitted track retrofitted
09:49:40 | INFO     | t=13371.0: BATCH → Putting 2 wagons on retrofitted track retrofitted
09:49:40 | INFO     | t=13371.0: WAGON[W9843] → Added to retrofitted track retrofitted
09:49:40 | INFO     | t=13371.0: WAGON[W6848] → Added to retrofitted track retrofitted
09:49:40 | INFO     | t=13373.0: WORKSHOP[WS_01] → Released, notifying 1 waiting processes
09:49:40 | INFO     | t=13373.0: WORKSHOP → Workshop became available
09:49:40 | INFO     | t=13373.0: WORKSHOP[WS_01] → Selected for batch
09:49:40 | INFO     | t=13373.0: DISPATCHER → Hold override for retrofitted_to_parking (waited 179.0 min >= max 45.0 min)
09:49:40 | INFO     | t=13373.0: DISPATCHER → Assigned loco LOCO_02 to retrofitted_to_parking (waited 179.0 min, pending=1)
09:49:40 | INFO     | t=13373.0: WAGON[W4223] → Added to batch
09:49:40 | INFO     | t=13373.0: BATCH[W11356,W4223] → Formed 2 wagons for WS_01
09:49:40 | INFO     | t=13373.0: LOCO[LOCO_02] → Allocated for parking transport
09:49:40 | INFO     | t=13373.0: TRACK[retrofit] → Removed 2 wagons (36.4m freed)
09:49:40 | INFO     | t=13373.0: DISPATCHER → Task submitted: retrofit_to_workshop (pending=2)
09:49:40 | INFO     | t=13373.0: COLLECTION → Capacity reserved, allocating locomotive
09:49:40 | INFO     | t=13373.0: DISPATCHER → Task submitted: collection_to_retrofit (pending=3)
09:49:40 | INFO     | t=13376.0: WORKSHOP[WS_02] → Released, notifying 0 waiting processes
09:49:40 | INFO     | t=13376.0: DISPATCHER → Assigned loco LOCO_01 to retrofit_to_workshop (waited 3.0 min, pending=2)
09:49:40 | INFO     | t=13376.0: RAKE[W11356,W4223] → COUPLING at retrofit (1 couplings, 2.0 min)
09:49:40 | INFO     | t=13376.0: WAGON[W1826] → Retrieved from retrofit queue
09:49:40 | INFO     | t=13376.0: WORKSHOP[WS_02] → Selected for batch
09:49:40 | INFO     | t=13376.0: WAGON[W8494] → Added to batch
09:49:40 | INFO     | t=13376.0: BATCH[W1826,W8494] → Formed 2 wagons for WS_02
09:49:40 | INFO     | t=13376.0: TRACK[retrofit] → Removed 2 wagons (35.8m freed)
09:49:40 | INFO     | t=13376.0: DISPATCHER → Task submitted: retrofit_to_workshop (pending=3)
09:49:40 | INFO     | t=13378.0: LOCO[LOCO_02] → TRAIN_PREP at retrofitted (coupling + prep, 3.0 min)
09:49:40 | INFO     | t=13383.0: LOCO[LOCO_01] → COUPLING at retrofit (2.0 min)
09:49:40 | INFO     | t=13385.0: LOCO[LOCO_01] → SHUNTING_PREP at retrofit (1.0 min)
09:49:40 | INFO     | EVENT_PUBLISHED: TrainArrivedEvent | train=T182 | time=13389.2
09:49:40 | INFO     | EVENT_HANDLING: TrainArrivedEvent -> RetrofitWorkshopContext._handle_train_arrived
09:49:40 | INFO     | EVENT_HANDLED: TrainArrivedEvent by RetrofitWorkshopContext._handle_train_arrived
09:49:40 | INFO     | t=13391.0: LOCO[LOCO_01] → DECOUPLING at WS_01 (3.0 min)
09:49:40 | INFO     | EVENT_PUBLISHED: TrainArrivedEvent | train=T183 | time=13392.5
09:49:40 | INFO     | EVENT_HANDLING: TrainArrivedEvent -> RetrofitWorkshopContext._handle_train_arrived
09:49:40 | INFO     | EVENT_HANDLED: TrainArrivedEvent by RetrofitWorkshopContext._handle_train_arrived
09:49:40 | INFO     | t=13394.0: RAKE[W11356,W4223] → DECOUPLING at WS_01 (1 couplings, 3.0 min)
09:49:40 | INFO     | t=13397.0: WAGON[W11356] → RETROFIT_STARTED at WS_01
09:49:40 | INFO     | t=13397.0: WAGON[W4223] → RETROFIT_STARTED at WS_01
09:49:40 | INFO     | t=13402.0: DISPATCHER → Assigned loco LOCO_01 to retrofit_to_workshop (waited 26.0 min, pending=2)
09:49:40 | INFO     | t=13402.0: RAKE[W1826,W8494] → COUPLING at retrofit (1 couplings, 2.0 min)
09:49:40 | INFO     | t=13402.0: WAGON[W1427] → Retrieved from retrofit queue
09:49:40 | INFO     | t=13402.0: WORKSHOP → No workshop available, waiting...
09:49:40 | INFO     | t=13409.0: LOCO[LOCO_01] → COUPLING at retrofit (2.0 min)
09:49:40 | INFO     | t=13411.0: LOCO[LOCO_01] → SHUNTING_PREP at retrofit (1.0 min)
09:49:40 | INFO     | t=13417.0: LOCO[LOCO_01] → DECOUPLING at WS_02 (3.0 min)
09:49:40 | INFO     | t=13420.0: RAKE[W1826,W8494] → DECOUPLING at WS_02 (1 couplings, 3.0 min)
09:49:40 | INFO     | t=13423.0: WAGON[W1826] → RETROFIT_STARTED at WS_02
09:49:40 | INFO     | t=13423.0: WAGON[W8494] → RETROFIT_STARTED at WS_02
09:49:40 | INFO     | t=13456.0: LOCO[LOCO_02] → DECOUPLING at parking15 (2.0 min)
09:49:40 | INFO     | t=13457.0: RAKE[W11356,W4223] → COUPLING at WS_01 (1 couplings, 0.5 min)
09:49:40 | INFO     | t=13457.5: LOCO → Allocating for pickup from WS_01
09:49:40 | INFO     | t=13457.5: DISPATCHER → Task submitted: workshop_to_retrofitted (pending=3)
09:49:40 | INFO     | t=13457.5: DISPATCHER → Assigned loco LOCO_01 to workshop_to_retrofitted (waited 0.0 min, pending=2)
09:49:40 | INFO     | t=13457.5: LOCO[LOCO_01] → Allocated for pickup
09:49:40 | INFO     | t=13458.0: RAKE[W0698,W0839,W5611,W8094] → DECOUPLING at parking15 (3 couplings, 1.5 min)
09:49:40 | INFO     | EVENT_PUBLISHED: TrainArrivedEvent | train=T184 | time=13460.0
09:49:40 | INFO     | EVENT_HANDLING: TrainArrivedEvent -> RetrofitWorkshopContext._handle_train_arrived
09:49:40 | INFO     | EVENT_HANDLED: TrainArrivedEvent by RetrofitWorkshopContext._handle_train_arrived
09:49:40 | INFO     | t=13464.5: LOCO[LOCO_01] → TRAIN_PREP completed at WS_01 (2.0 min)
09:49:40 | INFO     | t=13469.5: BATCH → Putting 2 wagons on retrofitted track retrofitted
09:49:40 | INFO     | t=13469.5: WAGON[W11356] → Added to retrofitted track retrofitted
09:49:40 | INFO     | t=13469.5: WAGON[W4223] → Added to retrofitted track retrofitted
09:49:40 | INFO     | t=13474.5: WORKSHOP[WS_01] → Released, notifying 1 waiting processes
09:49:40 | INFO     | t=13474.5: WORKSHOP → Workshop became available
09:49:40 | INFO     | t=13474.5: WORKSHOP[WS_01] → Selected for batch
09:49:40 | INFO     | t=13474.5: WAGON[W5872] → Added to batch
09:49:40 | INFO     | t=13474.5: BATCH[W1427,W5872] → Formed 2 wagons for WS_01
09:49:40 | INFO     | t=13474.5: TRACK[retrofit] → Removed 2 wagons (37.5m freed)
09:49:40 | INFO     | t=13474.5: DISPATCHER → Task submitted: retrofit_to_workshop (pending=3)
09:49:40 | INFO     | t=13474.5: DISPATCHER → Assigned loco LOCO_01 to retrofit_to_workshop (waited 0.0 min, pending=2)
09:49:40 | INFO     | t=13474.5: RAKE[W1427,W5872] → COUPLING at retrofit (1 couplings, 2.0 min)
09:49:40 | INFO     | t=13474.5: WAGON[W0093] → Retrieved from retrofit queue
09:49:40 | INFO     | t=13474.5: WORKSHOP → No workshop available, waiting...
09:49:40 | INFO     | t=13481.5: LOCO[LOCO_01] → COUPLING at retrofit (2.0 min)
09:49:40 | INFO     | t=13483.0: RAKE[W1826,W8494] → COUPLING at WS_02 (1 couplings, 0.5 min)
09:49:40 | INFO     | t=13483.5: LOCO[LOCO_01] → SHUNTING_PREP at retrofit (1.0 min)
09:49:40 | INFO     | t=13483.5: LOCO → Allocating for pickup from WS_02
09:49:40 | INFO     | t=13483.5: DISPATCHER → Task submitted: workshop_to_retrofitted (pending=3)
09:49:40 | INFO     | EVENT_PUBLISHED: TrainArrivedEvent | train=T185 | time=13487.5
09:49:40 | INFO     | EVENT_HANDLING: TrainArrivedEvent -> RetrofitWorkshopContext._handle_train_arrived
09:49:40 | INFO     | EVENT_HANDLED: TrainArrivedEvent by RetrofitWorkshopContext._handle_train_arrived
09:49:40 | INFO     | t=13489.5: LOCO[LOCO_01] → DECOUPLING at WS_01 (3.0 min)
09:49:40 | INFO     | t=13492.5: RAKE[W1427,W5872] → DECOUPLING at WS_01 (1 couplings, 3.0 min)
09:49:40 | INFO     | t=13495.5: WAGON[W1427] → RETROFIT_STARTED at WS_01
09:49:40 | INFO     | t=13495.5: WAGON[W5872] → RETROFIT_STARTED at WS_01
09:49:40 | INFO     | t=13500.5: DISPATCHER → Assigned loco LOCO_01 to workshop_to_retrofitted (waited 17.0 min, pending=2)
09:49:40 | INFO     | t=13500.5: LOCO[LOCO_01] → Allocated for pickup
09:49:40 | INFO     | t=13507.5: LOCO[LOCO_01] → TRAIN_PREP completed at WS_02 (2.0 min)
09:49:40 | INFO     | t=13512.5: BATCH → Putting 2 wagons on retrofitted track retrofitted
09:49:40 | INFO     | t=13512.5: WAGON[W1826] → Added to retrofitted track retrofitted
09:49:40 | INFO     | t=13512.5: WAGON[W8494] → Added to retrofitted track retrofitted
09:49:40 | INFO     | t=13517.5: WORKSHOP[WS_02] → Released, notifying 1 waiting processes
09:49:40 | INFO     | t=13517.5: WORKSHOP → Workshop became available
09:49:40 | INFO     | t=13517.5: WORKSHOP[WS_02] → Selected for batch
09:49:40 | INFO     | t=13517.5: DISPATCHER → Assigned loco LOCO_01 to collection_to_retrofit (waited 161.5 min, pending=1)
09:49:40 | INFO     | t=13517.5: WAGON[W3413] → Added to batch
09:49:40 | INFO     | t=13517.5: BATCH[W0093,W3413] → Formed 2 wagons for WS_02
09:49:40 | INFO     | t=13517.5: TRACK[retrofit] → Removed 2 wagons (29.5m freed)
09:49:40 | INFO     | t=13517.5: DISPATCHER → Task submitted: retrofit_to_workshop (pending=2)
09:49:40 | INFO     | t=13519.5: LOCO[LOCO_02] → Releasing
09:49:40 | INFO     | t=13519.5: LOCO[LOCO_02] → Released
09:49:40 | INFO     | t=13519.5: PARKING → Got wagon W0555 from retrofitted
09:49:40 | INFO     | t=13519.5: DISPATCHER → Assigned loco LOCO_02 to retrofit_to_workshop (waited 2.0 min, pending=1)
09:49:40 | INFO     | t=13519.5: RAKE[W0093,W3413] → COUPLING at retrofit (1 couplings, 2.0 min)
09:49:40 | INFO     | t=13519.5: WAGON[W8479] → Retrieved from retrofit queue
09:49:40 | INFO     | t=13519.5: WORKSHOP → No workshop available, waiting...
09:49:40 | INFO     | t=13519.5: LOCO → Allocating for parking transport
09:49:40 | INFO     | t=13519.5: DISPATCHER → Task submitted: retrofitted_to_parking (pending=2)
09:49:40 | INFO     | t=13526.5: LOCO[LOCO_02] → COUPLING at retrofit (2.0 min)
09:49:40 | INFO     | t=13528.5: LOCO[LOCO_02] → SHUNTING_PREP at retrofit (1.0 min)
09:49:40 | INFO     | t=13534.5: LOCO[LOCO_02] → DECOUPLING at WS_02 (3.0 min)
09:49:40 | INFO     | t=13537.5: RAKE[W0093,W3413] → DECOUPLING at WS_02 (1 couplings, 3.0 min)
09:49:40 | INFO     | t=13540.5: WAGON[W0093] → RETROFIT_STARTED at WS_02
09:49:40 | INFO     | t=13540.5: WAGON[W3413] → RETROFIT_STARTED at WS_02
09:49:40 | INFO     | t=13545.5: DISPATCHER → Assigned loco LOCO_02 to collection_to_retrofit (waited 172.5 min, pending=1)
09:49:40 | INFO     | t=13555.5: RAKE[W1427,W5872] → COUPLING at WS_01 (1 couplings, 0.5 min)
09:49:40 | INFO     | t=13556.0: LOCO → Allocating for pickup from WS_01
09:49:40 | INFO     | t=13556.0: DISPATCHER → Task submitted: workshop_to_retrofitted (pending=2)
09:49:40 | INFO     | t=13577.5: LOCO[LOCO_01] → TRAIN_PREP at collection (coupling + prep, 11.0 min)
09:49:40 | INFO     | t=13600.5: RAKE[W0093,W3413] → COUPLING at WS_02 (1 couplings, 0.5 min)
09:49:40 | INFO     | t=13601.0: LOCO → Allocating for pickup from WS_02
09:49:40 | INFO     | t=13601.0: DISPATCHER → Task submitted: workshop_to_retrofitted (pending=3)
09:49:40 | INFO     | t=13605.5: LOCO[LOCO_02] → TRAIN_PREP at collection (coupling + prep, 3.0 min)
09:49:40 | INFO     | EVENT_PUBLISHED: TrainArrivedEvent | train=T186 | time=13633.2
09:49:40 | INFO     | EVENT_HANDLING: TrainArrivedEvent -> RetrofitWorkshopContext._handle_train_arrived
09:49:40 | INFO     | EVENT_HANDLED: TrainArrivedEvent by RetrofitWorkshopContext._handle_train_arrived
09:49:40 | INFO     | EVENT_PUBLISHED: TrainArrivedEvent | train=T187 | time=13647.2
09:49:40 | INFO     | EVENT_HANDLING: TrainArrivedEvent -> RetrofitWorkshopContext._handle_train_arrived
09:49:40 | INFO     | EVENT_HANDLED: TrainArrivedEvent by RetrofitWorkshopContext._handle_train_arrived
09:49:40 | INFO     | t=13648.5: LOCO[LOCO_01] → DECOUPLING at retrofit (15.0 min)
09:49:40 | INFO     | t=13663.5: RAKE[W2324,W5992,W9943,W9430,W7598] → DECOUPLING at retrofit (4 couplings, 12.0 min)
09:49:40 | INFO     | t=13668.5: LOCO[LOCO_02] → DECOUPLING at retrofit (3.0 min)
09:49:40 | INFO     | t=13671.5: RAKE[W0674] → DECOUPLING at retrofit (0 couplings, 0.0 min)
09:49:40 | INFO     | t=13676.5: DISPATCHER → Hold override for retrofitted_to_parking (waited 157.0 min >= max 45.0 min)
09:49:40 | INFO     | t=13676.5: DISPATCHER → Assigned loco LOCO_02 to workshop_to_retrofitted (waited 120.5 min, pending=2)
09:49:40 | INFO     | t=13676.5: DISPATCHER → Hold override for retrofitted_to_parking (waited 157.0 min >= max 45.0 min)
09:49:40 | INFO     | t=13676.5: LOCO[LOCO_02] → Allocated for pickup
09:49:40 | INFO     | t=13676.5: Batch size limited by retrofit capacity: 6 wagons (104.4m) fits, 14 waiting
09:49:40 | INFO     | t=13676.5: COLLECTION → Reserving retrofit track capacity for 6 wagons
09:49:40 | INFO     | t=13676.5: COLLECTION → Capacity reserved, allocating locomotive
09:49:40 | INFO     | t=13676.5: DISPATCHER → Task submitted: collection_to_retrofit (pending=3)
09:49:40 | INFO     | t=13680.5: Batch size limited by retrofit capacity: 1 wagons (11.6m) fits, 20 waiting
09:49:40 | INFO     | t=13680.5: DISPATCHER → Hold override for retrofitted_to_parking (waited 161.0 min >= max 45.0 min)
09:49:40 | INFO     | t=13680.5: DISPATCHER → Assigned loco LOCO_01 to workshop_to_retrofitted (waited 79.5 min, pending=2)
09:49:40 | INFO     | t=13680.5: DISPATCHER → Hold override for retrofitted_to_parking (waited 161.0 min >= max 45.0 min)
09:49:40 | INFO     | t=13680.5: COLLECTION → Reserving retrofit track capacity for 1 wagons
09:49:40 | INFO     | t=13680.5: LOCO[LOCO_01] → Allocated for pickup
09:49:40 | INFO     | t=13683.5: LOCO[LOCO_02] → TRAIN_PREP completed at WS_01 (2.0 min)
09:49:40 | INFO     | t=13687.5: LOCO[LOCO_01] → TRAIN_PREP completed at WS_02 (2.0 min)
09:49:40 | INFO     | t=13688.5: BATCH → Putting 2 wagons on retrofitted track retrofitted
09:49:40 | INFO     | t=13688.5: WAGON[W1427] → Added to retrofitted track retrofitted
09:49:40 | INFO     | t=13688.5: WAGON[W5872] → Added to retrofitted track retrofitted
09:49:40 | INFO     | t=13692.5: BATCH → Putting 2 wagons on retrofitted track retrofitted
09:49:40 | INFO     | t=13692.5: WAGON[W0093] → Added to retrofitted track retrofitted
09:49:40 | INFO     | t=13692.5: WAGON[W3413] → Added to retrofitted track retrofitted
09:49:40 | INFO     | t=13693.5: WORKSHOP[WS_01] → Released, notifying 1 waiting processes
09:49:40 | INFO     | t=13693.5: WORKSHOP → Workshop became available
09:49:40 | INFO     | t=13693.5: WORKSHOP[WS_01] → Selected for batch
09:49:40 | INFO     | t=13693.5: DISPATCHER → Hold override for retrofitted_to_parking (waited 174.0 min >= max 45.0 min)
09:49:40 | INFO     | t=13693.5: DISPATCHER → Assigned loco LOCO_02 to retrofitted_to_parking (waited 174.0 min, pending=1)
09:49:40 | INFO     | t=13693.5: WAGON[W8637] → Added to batch
09:49:40 | INFO     | t=13693.5: BATCH[W8479,W8637] → Formed 2 wagons for WS_01
09:49:40 | INFO     | t=13693.5: LOCO[LOCO_02] → Allocated for parking transport
09:49:40 | INFO     | t=13693.5: TRACK[retrofit] → Removed 2 wagons (46.5m freed)
09:49:40 | INFO     | t=13693.5: DISPATCHER → Task submitted: retrofit_to_workshop (pending=2)
09:49:40 | INFO     | t=13693.5: COLLECTION → Capacity reserved, allocating locomotive
09:49:40 | INFO     | t=13693.5: DISPATCHER → Task submitted: collection_to_retrofit (pending=3)
09:49:40 | INFO     | t=13697.5: WORKSHOP[WS_02] → Released, notifying 0 waiting processes
09:49:40 | INFO     | t=13697.5: DISPATCHER → Assigned loco LOCO_01 to retrofit_to_workshop (waited 4.0 min, pending=2)
09:49:40 | INFO     | t=13697.5: RAKE[W8479,W8637] → COUPLING at retrofit (1 couplings, 2.0 min)
09:49:40 | INFO     | t=13697.5: WAGON[W0023] → Retrieved from retrofit queue
09:49:40 | INFO     | t=13697.5: WORKSHOP[WS_02] → Selected for batch
09:49:40 | INFO     | t=13697.5: WAGON[W10397] → Added to batch
09:49:40 | INFO     | t=13697.5: BATCH[W0023,W10397] → Formed 2 wagons for WS_02
09:49:40 | INFO     | t=13697.5: TRACK[retrofit] → Removed 2 wagons (50.9m freed)
09:49:40 | INFO     | t=13697.5: DISPATCHER → Task submitted: retrofit_to_workshop (pending=3)
09:49:40 | INFO     | t=13698.5: LOCO[LOCO_02] → TRAIN_PREP at retrofitted (coupling + prep, 3.0 min)
09:49:40 | INFO     | t=13704.5: LOCO[LOCO_01] → COUPLING at retrofit (2.0 min)
09:49:40 | INFO     | t=13706.5: LOCO[LOCO_02] → DECOUPLING at parking5 (2.0 min)
09:49:40 | INFO     | t=13706.5: LOCO[LOCO_01] → SHUNTING_PREP at retrofit (1.0 min)
09:49:40 | INFO     | t=13708.5: RAKE[W0555,W12383,W4380,W9843] → DECOUPLING at parking5 (3 couplings, 1.5 min)
09:49:40 | INFO     | t=13712.5: LOCO[LOCO_01] → DECOUPLING at WS_01 (3.0 min)
09:49:40 | INFO     | t=13715.0: LOCO[LOCO_02] → Releasing
09:49:40 | INFO     | t=13715.0: LOCO[LOCO_02] → Released
09:49:40 | INFO     | t=13715.0: PARKING → Got wagon W6848 from retrofitted
09:49:40 | INFO     | t=13715.0: DISPATCHER → Assigned loco LOCO_02 to retrofit_to_workshop (waited 17.5 min, pending=2)
09:49:40 | INFO     | t=13715.0: RAKE[W0023,W10397] → COUPLING at retrofit (1 couplings, 2.0 min)
09:49:40 | INFO     | t=13715.0: LOCO → Allocating for parking transport
09:49:40 | INFO     | t=13715.0: DISPATCHER → Task submitted: retrofitted_to_parking (pending=3)
09:49:40 | INFO     | t=13715.0: WAGON[W2324] → Retrieved from retrofit queue
09:49:40 | INFO     | t=13715.0: WORKSHOP → No workshop available, waiting...
09:49:40 | INFO     | t=13715.5: RAKE[W8479,W8637] → DECOUPLING at WS_01 (1 couplings, 3.0 min)
09:49:40 | INFO     | t=13718.5: WAGON[W8479] → RETROFIT_STARTED at WS_01
09:49:40 | INFO     | t=13718.5: WAGON[W8637] → RETROFIT_STARTED at WS_01
09:49:40 | INFO     | t=13722.0: LOCO[LOCO_02] → COUPLING at retrofit (2.0 min)
09:49:40 | INFO     | t=13723.5: DISPATCHER → Assigned loco LOCO_01 to collection_to_retrofit (waited 47.0 min, pending=2)
09:49:40 | INFO     | t=13724.0: LOCO[LOCO_02] → SHUNTING_PREP at retrofit (1.0 min)
09:49:40 | INFO     | t=13730.0: LOCO[LOCO_02] → DECOUPLING at WS_02 (3.0 min)
09:49:40 | INFO     | t=13733.0: RAKE[W0023,W10397] → DECOUPLING at WS_02 (1 couplings, 3.0 min)
09:49:40 | INFO     | t=13736.0: WAGON[W0023] → RETROFIT_STARTED at WS_02
09:49:40 | INFO     | t=13736.0: WAGON[W10397] → RETROFIT_STARTED at WS_02
09:49:40 | INFO     | t=13741.0: DISPATCHER → Assigned loco LOCO_02 to collection_to_retrofit (waited 47.5 min, pending=1)
09:49:40 | INFO     | t=13778.5: RAKE[W8479,W8637] → COUPLING at WS_01 (1 couplings, 0.5 min)
09:49:40 | INFO     | t=13779.0: LOCO → Allocating for pickup from WS_01
09:49:40 | INFO     | t=13779.0: DISPATCHER → Task submitted: workshop_to_retrofitted (pending=2)
09:49:40 | INFO     | t=13783.5: LOCO[LOCO_01] → TRAIN_PREP at collection (coupling + prep, 13.0 min)
09:49:40 | INFO     | t=13796.0: RAKE[W0023,W10397] → COUPLING at WS_02 (1 couplings, 0.5 min)
09:49:40 | INFO     | t=13796.5: LOCO → Allocating for pickup from WS_02
09:49:40 | INFO     | t=13796.5: DISPATCHER → Task submitted: workshop_to_retrofitted (pending=3)
09:49:40 | INFO     | t=13801.0: LOCO[LOCO_02] → TRAIN_PREP at collection (coupling + prep, 3.0 min)
09:49:40 | INFO     | t=13856.5: LOCO[LOCO_01] → DECOUPLING at retrofit (18.0 min)
09:49:40 | INFO     | t=13864.0: LOCO[LOCO_02] → DECOUPLING at retrofit (3.0 min)
09:49:40 | INFO     | t=13867.0: RAKE[W8339] → DECOUPLING at retrofit (0 couplings, 0.0 min)
09:49:40 | INFO     | t=13872.0: DISPATCHER → Hold override for retrofitted_to_parking (waited 157.0 min >= max 45.0 min)
09:49:40 | INFO     | t=13872.0: DISPATCHER → Assigned loco LOCO_02 to workshop_to_retrofitted (waited 93.0 min, pending=2)
09:49:40 | INFO     | t=13872.0: DISPATCHER → Hold override for retrofitted_to_parking (waited 157.0 min >= max 45.0 min)
09:49:40 | INFO     | t=13872.0: LOCO[LOCO_02] → Allocated for pickup
09:49:40 | INFO     | t=13872.0: Batch size limited by retrofit capacity: 5 wagons (85.5m) fits, 15 waiting
09:49:40 | INFO     | t=13872.0: COLLECTION → Reserving retrofit track capacity for 5 wagons
09:49:40 | INFO     | t=13872.0: COLLECTION → Capacity reserved, allocating locomotive
09:49:40 | INFO     | t=13872.0: DISPATCHER → Task submitted: collection_to_retrofit (pending=3)
09:49:40 | INFO     | t=13874.5: RAKE[W5420,W6936,W4370,W9406,W5153,W2916] → DECOUPLING at retrofit (5 couplings, 15.0 min)
09:49:40 | INFO     | t=13879.0: LOCO[LOCO_02] → TRAIN_PREP completed at WS_01 (2.0 min)
09:49:40 | INFO     | t=13884.0: BATCH → Putting 2 wagons on retrofitted track retrofitted
09:49:40 | INFO     | t=13884.0: WAGON[W8479] → Added to retrofitted track retrofitted
09:49:40 | INFO     | t=13884.0: WAGON[W8637] → Added to retrofitted track retrofitted
09:49:40 | INFO     | t=13889.0: WORKSHOP[WS_01] → Released, notifying 1 waiting processes
09:49:40 | INFO     | t=13889.0: WORKSHOP → Workshop became available
09:49:40 | INFO     | t=13889.0: WORKSHOP[WS_01] → Selected for batch
09:49:40 | INFO     | t=13889.0: DISPATCHER → Hold override for retrofitted_to_parking (waited 174.0 min >= max 45.0 min)
09:49:40 | INFO     | t=13889.0: DISPATCHER → Assigned loco LOCO_02 to workshop_to_retrofitted (waited 92.5 min, pending=2)
09:49:40 | INFO     | t=13889.0: DISPATCHER → Hold override for retrofitted_to_parking (waited 174.0 min >= max 45.0 min)
09:49:40 | INFO     | t=13889.0: WAGON[W5992] → Added to batch
09:49:40 | INFO     | t=13889.0: BATCH[W2324,W5992] → Formed 2 wagons for WS_01
09:49:40 | INFO     | t=13889.0: LOCO[LOCO_02] → Allocated for pickup
09:49:40 | INFO     | t=13889.0: TRACK[retrofit] → Removed 2 wagons (30.1m freed)
09:49:40 | INFO     | t=13889.0: DISPATCHER → Task submitted: retrofit_to_workshop (pending=3)
09:49:40 | INFO     | t=13894.5: Batch size limited by retrofit capacity: 1 wagons (19.9m) fits, 13 waiting
09:49:40 | INFO     | t=13894.5: DISPATCHER → Hold override for retrofitted_to_parking (waited 179.5 min >= max 45.0 min)
09:49:40 | INFO     | t=13894.5: DISPATCHER → Assigned loco LOCO_01 to retrofit_to_workshop (waited 5.5 min, pending=2)
09:49:40 | INFO     | t=13894.5: DISPATCHER → Hold override for retrofitted_to_parking (waited 179.5 min >= max 45.0 min)
09:49:40 | INFO     | t=13894.5: COLLECTION → Reserving retrofit track capacity for 1 wagons
09:49:40 | INFO     | t=13894.5: RAKE[W2324,W5992] → COUPLING at retrofit (1 couplings, 2.0 min)
09:49:40 | INFO     | t=13894.5: COLLECTION → Capacity reserved, allocating locomotive
09:49:40 | INFO     | t=13894.5: DISPATCHER → Task submitted: collection_to_retrofit (pending=3)
09:49:40 | INFO     | t=13894.5: WAGON[W9943] → Retrieved from retrofit queue
09:49:40 | INFO     | t=13894.5: WORKSHOP → No workshop available, waiting...
09:49:40 | INFO     | t=13896.0: LOCO[LOCO_02] → TRAIN_PREP completed at WS_02 (2.0 min)
09:49:40 | INFO     | t=13901.0: BATCH → Putting 2 wagons on retrofitted track retrofitted
09:49:40 | INFO     | t=13901.0: WAGON[W0023] → Added to retrofitted track retrofitted
09:49:40 | INFO     | t=13901.0: WAGON[W10397] → Added to retrofitted track retrofitted
09:49:40 | INFO     | t=13901.5: LOCO[LOCO_01] → COUPLING at retrofit (2.0 min)
09:49:40 | INFO     | t=13903.5: LOCO[LOCO_01] → SHUNTING_PREP at retrofit (1.0 min)
09:49:40 | INFO     | t=13906.0: WORKSHOP[WS_02] → Released, notifying 1 waiting processes
09:49:40 | INFO     | t=13906.0: WORKSHOP → Workshop became available
09:49:40 | INFO     | t=13906.0: WORKSHOP[WS_02] → Selected for batch
09:49:40 | INFO     | t=13906.0: DISPATCHER → Hold override for retrofitted_to_parking (waited 191.0 min >= max 45.0 min)
09:49:40 | INFO     | t=13906.0: DISPATCHER → Assigned loco LOCO_02 to retrofitted_to_parking (waited 191.0 min, pending=2)
09:49:40 | INFO     | t=13906.0: WAGON[W9430] → Added to batch
09:49:40 | INFO     | t=13906.0: BATCH[W9943,W9430] → Formed 2 wagons for WS_02
09:49:40 | INFO     | t=13906.0: LOCO[LOCO_02] → Allocated for parking transport
09:49:40 | INFO     | t=13906.0: TRACK[retrofit] → Removed 2 wagons (31.6m freed)
09:49:40 | INFO     | t=13906.0: DISPATCHER → Task submitted: retrofit_to_workshop (pending=3)
09:49:40 | INFO     | t=13909.5: LOCO[LOCO_01] → DECOUPLING at WS_01 (3.0 min)
09:49:40 | INFO     | t=13911.0: LOCO[LOCO_02] → TRAIN_PREP at retrofitted (coupling + prep, 2.5 min)
09:49:40 | INFO     | t=13912.5: RAKE[W2324,W5992] → DECOUPLING at WS_01 (1 couplings, 3.0 min)
09:49:40 | INFO     | t=13915.5: WAGON[W2324] → RETROFIT_STARTED at WS_01
09:49:40 | INFO     | t=13915.5: WAGON[W5992] → RETROFIT_STARTED at WS_01
09:49:40 | INFO     | t=13920.5: DISPATCHER → Assigned loco LOCO_01 to retrofit_to_workshop (waited 14.5 min, pending=2)
09:49:40 | INFO     | t=13920.5: RAKE[W9943,W9430] → COUPLING at retrofit (1 couplings, 2.0 min)
09:49:40 | INFO     | t=13920.5: WAGON[W7598] → Retrieved from retrofit queue
09:49:40 | INFO     | t=13920.5: WORKSHOP → No workshop available, waiting...
09:49:40 | INFO     | t=13927.5: LOCO[LOCO_01] → COUPLING at retrofit (2.0 min)
09:49:40 | INFO     | t=13929.5: LOCO[LOCO_01] → SHUNTING_PREP at retrofit (1.0 min)
09:49:40 | INFO     | t=13935.5: LOCO[LOCO_01] → DECOUPLING at WS_02 (3.0 min)
09:49:40 | INFO     | t=13938.5: RAKE[W9943,W9430] → DECOUPLING at WS_02 (1 couplings, 3.0 min)
09:49:40 | INFO     | t=13941.5: WAGON[W9943] → RETROFIT_STARTED at WS_02
09:49:40 | INFO     | t=13941.5: WAGON[W9430] → RETROFIT_STARTED at WS_02
09:49:40 | INFO     | t=13946.5: DISPATCHER → Assigned loco LOCO_01 to collection_to_retrofit (waited 74.5 min, pending=1)
09:49:40 | INFO     | t=13973.5: LOCO[LOCO_02] → DECOUPLING at parking11 (1.5 min)
09:49:40 | INFO     | t=13975.0: RAKE[W6848,W11356,W4223] → DECOUPLING at parking11 (2 couplings, 1.0 min)
09:49:40 | INFO     | t=13975.5: RAKE[W2324,W5992] → COUPLING at WS_01 (1 couplings, 0.5 min)
09:49:40 | INFO     | t=13976.0: LOCO → Allocating for pickup from WS_01
09:49:40 | INFO     | t=13976.0: DISPATCHER → Task submitted: workshop_to_retrofitted (pending=2)
09:49:40 | INFO     | t=14001.5: RAKE[W9943,W9430] → COUPLING at WS_02 (1 couplings, 0.5 min)
09:49:40 | INFO     | t=14002.0: LOCO → Allocating for pickup from WS_02
09:49:40 | INFO     | t=14002.0: DISPATCHER → Task submitted: workshop_to_retrofitted (pending=3)
09:49:40 | INFO     | t=14006.5: LOCO[LOCO_01] → TRAIN_PREP at collection (coupling + prep, 11.0 min)
09:49:40 | INFO     | t=14036.0: LOCO[LOCO_02] → Releasing
09:49:40 | INFO     | t=14036.0: LOCO[LOCO_02] → Released
09:49:40 | INFO     | t=14036.0: PARKING → Got wagon W1826 from retrofitted
09:49:40 | INFO     | t=14036.0: DISPATCHER → Assigned loco LOCO_02 to workshop_to_retrofitted (waited 60.0 min, pending=2)
09:49:40 | INFO     | t=14036.0: LOCO → Allocating for parking transport
09:49:40 | INFO     | t=14036.0: DISPATCHER → Task submitted: retrofitted_to_parking (pending=3)
09:49:40 | INFO     | t=14036.0: LOCO[LOCO_02] → Allocated for pickup
09:49:40 | INFO     | t=14043.0: LOCO[LOCO_02] → TRAIN_PREP completed at WS_01 (2.0 min)
09:49:40 | INFO     | t=14048.0: BATCH → Putting 2 wagons on retrofitted track retrofitted
09:49:40 | INFO     | t=14048.0: WAGON[W2324] → Added to retrofitted track retrofitted
09:49:40 | INFO     | t=14048.0: WAGON[W5992] → Added to retrofitted track retrofitted
09:49:40 | INFO     | t=14053.0: WORKSHOP[WS_01] → Released, notifying 1 waiting processes
09:49:40 | INFO     | t=14053.0: WORKSHOP → Workshop became available
09:49:40 | INFO     | t=14053.0: WORKSHOP[WS_01] → Selected for batch
09:49:40 | INFO     | t=14053.0: DISPATCHER → Assigned loco LOCO_02 to workshop_to_retrofitted (waited 51.0 min, pending=2)
09:49:40 | INFO     | t=14053.0: WAGON[W0674] → Added to batch
09:49:40 | INFO     | t=14053.0: BATCH[W7598,W0674] → Formed 2 wagons for WS_01
09:49:40 | INFO     | t=14053.0: LOCO[LOCO_02] → Allocated for pickup
09:49:40 | INFO     | t=14053.0: TRACK[retrofit] → Removed 2 wagons (50.0m freed)
09:49:40 | INFO     | t=14053.0: DISPATCHER → Task submitted: retrofit_to_workshop (pending=3)
09:49:40 | INFO     | t=14060.0: LOCO[LOCO_02] → TRAIN_PREP completed at WS_02 (2.0 min)
09:49:40 | INFO     | t=14065.0: BATCH → Putting 2 wagons on retrofitted track retrofitted
09:49:40 | INFO     | t=14065.0: WAGON[W9943] → Added to retrofitted track retrofitted
09:49:40 | INFO     | t=14065.0: WAGON[W9430] → Added to retrofitted track retrofitted
09:49:40 | INFO     | t=14070.0: WORKSHOP[WS_02] → Released, notifying 0 waiting processes
09:49:40 | INFO     | t=14070.0: DISPATCHER → Assigned loco LOCO_02 to retrofitted_to_parking (waited 34.0 min, pending=2)
09:49:40 | INFO     | t=14070.0: LOCO[LOCO_02] → Allocated for parking transport
09:49:40 | INFO     | t=14075.0: LOCO[LOCO_02] → TRAIN_PREP at retrofitted (coupling + prep, 2.0 min)
09:49:40 | INFO     | t=14077.5: LOCO[LOCO_01] → DECOUPLING at retrofit (15.0 min)
09:49:40 | INFO     | t=14082.0: LOCO[LOCO_02] → DECOUPLING at parking3 (1.0 min)
09:49:40 | INFO     | t=14083.0: RAKE[W1826,W8494] → DECOUPLING at parking3 (1 couplings, 0.5 min)
09:49:40 | INFO     | t=14088.5: LOCO[LOCO_02] → Releasing
09:49:40 | INFO     | t=14088.5: LOCO[LOCO_02] → Released
09:49:40 | INFO     | t=14088.5: PARKING → Got wagon W1427 from retrofitted
09:49:40 | INFO     | t=14088.5: DISPATCHER → Assigned loco LOCO_02 to retrofit_to_workshop (waited 35.5 min, pending=1)
09:49:40 | INFO     | t=14088.5: LOCO → Allocating for parking transport
09:49:40 | INFO     | t=14088.5: DISPATCHER → Task submitted: retrofitted_to_parking (pending=2)
09:49:40 | INFO     | t=14088.5: RAKE[W7598,W0674] → COUPLING at retrofit (1 couplings, 2.0 min)
09:49:40 | INFO     | t=14088.5: WAGON[W5420] → Retrieved from retrofit queue
09:49:40 | INFO     | t=14088.5: WORKSHOP[WS_02] → Selected for batch
09:49:40 | INFO     | t=14088.5: WAGON[W6936] → Added to batch
09:49:40 | INFO     | t=14088.5: BATCH[W5420,W6936] → Formed 2 wagons for WS_02
09:49:40 | INFO     | t=14088.5: TRACK[retrofit] → Removed 2 wagons (30.4m freed)
09:49:40 | INFO     | t=14088.5: DISPATCHER → Task submitted: retrofit_to_workshop (pending=3)
09:49:40 | INFO     | t=14092.5: RAKE[W4473,W9727,W9046,W2217,W7791] → DECOUPLING at retrofit (4 couplings, 12.0 min)
09:49:40 | INFO     | t=14095.5: LOCO[LOCO_02] → COUPLING at retrofit (2.0 min)
09:49:40 | INFO     | t=14097.5: LOCO[LOCO_02] → SHUNTING_PREP at retrofit (1.0 min)
09:49:40 | INFO     | EVENT_PUBLISHED: TrainArrivedEvent | train=T188 | time=14097.8
09:49:40 | INFO     | EVENT_HANDLING: TrainArrivedEvent -> RetrofitWorkshopContext._handle_train_arrived
09:49:40 | INFO     | EVENT_HANDLED: TrainArrivedEvent by RetrofitWorkshopContext._handle_train_arrived
09:49:40 | INFO     | t=14103.5: LOCO[LOCO_02] → DECOUPLING at WS_01 (3.0 min)
09:49:40 | INFO     | t=14106.5: RAKE[W7598,W0674] → DECOUPLING at WS_01 (1 couplings, 3.0 min)
09:49:40 | INFO     | t=14109.5: WAGON[W7598] → RETROFIT_STARTED at WS_01
09:49:40 | INFO     | t=14109.5: WAGON[W0674] → RETROFIT_STARTED at WS_01
09:49:40 | INFO     | t=14109.5: DISPATCHER → Assigned loco LOCO_01 to retrofitted_to_parking (waited 21.0 min, pending=2)
09:49:40 | INFO     | t=14109.5: LOCO[LOCO_01] → Allocated for parking transport
09:49:40 | INFO     | t=14109.5: Batch size limited by retrofit capacity: 6 wagons (117.4m) fits, 9 waiting
09:49:40 | INFO     | t=14109.5: COLLECTION → Reserving retrofit track capacity for 6 wagons
09:49:40 | INFO     | t=14109.5: COLLECTION → Capacity reserved, allocating locomotive
09:49:40 | INFO     | t=14109.5: DISPATCHER → Task submitted: collection_to_retrofit (pending=3)
09:49:40 | INFO     | t=14114.5: LOCO[LOCO_01] → TRAIN_PREP at retrofitted (coupling + prep, 2.0 min)
09:49:40 | INFO     | t=14114.5: DISPATCHER → Assigned loco LOCO_02 to retrofit_to_workshop (waited 26.0 min, pending=2)
09:49:40 | INFO     | t=14114.5: RAKE[W5420,W6936] → COUPLING at retrofit (1 couplings, 2.0 min)
09:49:40 | INFO     | t=14114.5: WAGON[W4370] → Retrieved from retrofit queue
09:49:40 | INFO     | t=14114.5: WORKSHOP → No workshop available, waiting...
09:49:40 | INFO     | t=14121.5: LOCO[LOCO_02] → COUPLING at retrofit (2.0 min)
09:49:40 | INFO     | t=14123.5: LOCO[LOCO_02] → SHUNTING_PREP at retrofit (1.0 min)
09:49:40 | INFO     | t=14129.5: LOCO[LOCO_02] → DECOUPLING at WS_02 (3.0 min)
09:49:40 | INFO     | t=14132.5: RAKE[W5420,W6936] → DECOUPLING at WS_02 (1 couplings, 3.0 min)
09:49:40 | INFO     | t=14135.5: WAGON[W5420] → RETROFIT_STARTED at WS_02
09:49:40 | INFO     | t=14135.5: WAGON[W6936] → RETROFIT_STARTED at WS_02
09:49:40 | INFO     | t=14169.5: RAKE[W7598,W0674] → COUPLING at WS_01 (1 couplings, 0.5 min)
09:49:40 | INFO     | t=14170.0: LOCO → Allocating for pickup from WS_01
09:49:40 | INFO     | t=14170.0: DISPATCHER → Task submitted: workshop_to_retrofitted (pending=3)
09:49:40 | INFO     | t=14170.0: DISPATCHER → Assigned loco LOCO_02 to workshop_to_retrofitted (waited 0.0 min, pending=2)
09:49:40 | INFO     | t=14170.0: LOCO[LOCO_02] → Allocated for pickup
09:49:40 | INFO     | t=14177.0: LOCO[LOCO_02] → TRAIN_PREP completed at WS_01 (2.0 min)
09:49:40 | INFO     | t=14182.0: BATCH → Putting 2 wagons on retrofitted track retrofitted
09:49:40 | INFO     | t=14182.0: WAGON[W7598] → Added to retrofitted track retrofitted
09:49:40 | INFO     | t=14182.0: WAGON[W0674] → Added to retrofitted track retrofitted
09:49:40 | INFO     | t=14187.0: WORKSHOP[WS_01] → Released, notifying 1 waiting processes
09:49:40 | INFO     | t=14187.0: WORKSHOP → Workshop became available
09:49:40 | INFO     | t=14187.0: WORKSHOP[WS_01] → Selected for batch
09:49:40 | INFO     | t=14187.0: WAGON[W9406] → Added to batch
09:49:40 | INFO     | t=14187.0: BATCH[W4370,W9406] → Formed 2 wagons for WS_01
09:49:40 | INFO     | t=14187.0: TRACK[retrofit] → Removed 2 wagons (34.3m freed)
09:49:40 | INFO     | t=14187.0: DISPATCHER → Task submitted: retrofit_to_workshop (pending=3)
09:49:40 | INFO     | t=14187.0: DISPATCHER → Assigned loco LOCO_02 to retrofit_to_workshop (waited 0.0 min, pending=2)
09:49:40 | INFO     | t=14187.0: RAKE[W4370,W9406] → COUPLING at retrofit (1 couplings, 2.0 min)
09:49:40 | INFO     | t=14187.0: WAGON[W5153] → Retrieved from retrofit queue
09:49:40 | INFO     | t=14187.0: WORKSHOP → No workshop available, waiting...
09:49:40 | INFO     | t=14191.5: LOCO[LOCO_01] → DECOUPLING at parking14 (1.0 min)
09:49:40 | INFO     | t=14192.5: RAKE[W1427,W5872] → DECOUPLING at parking14 (1 couplings, 0.5 min)
09:49:40 | INFO     | t=14194.0: LOCO[LOCO_02] → COUPLING at retrofit (2.0 min)
09:49:40 | INFO     | t=14195.5: RAKE[W5420,W6936] → COUPLING at WS_02 (1 couplings, 0.5 min)
09:49:40 | INFO     | t=14196.0: LOCO[LOCO_02] → SHUNTING_PREP at retrofit (1.0 min)
09:49:40 | INFO     | t=14196.0: LOCO → Allocating for pickup from WS_02
09:49:40 | INFO     | t=14196.0: DISPATCHER → Task submitted: workshop_to_retrofitted (pending=3)
09:49:40 | INFO     | t=14202.0: LOCO[LOCO_02] → DECOUPLING at WS_01 (3.0 min)
09:49:40 | INFO     | t=14205.0: RAKE[W4370,W9406] → DECOUPLING at WS_01 (1 couplings, 3.0 min)
09:49:40 | INFO     | EVENT_PUBLISHED: TrainArrivedEvent | train=T189 | time=14205.2
09:49:40 | INFO     | EVENT_HANDLING: TrainArrivedEvent -> RetrofitWorkshopContext._handle_train_arrived
09:49:40 | INFO     | EVENT_HANDLED: TrainArrivedEvent by RetrofitWorkshopContext._handle_train_arrived
09:49:40 | INFO     | t=14208.0: WAGON[W4370] → RETROFIT_STARTED at WS_01
09:49:40 | INFO     | t=14208.0: WAGON[W9406] → RETROFIT_STARTED at WS_01
09:49:40 | INFO     | t=14213.0: DISPATCHER → Assigned loco LOCO_02 to workshop_to_retrofitted (waited 17.0 min, pending=2)
09:49:40 | INFO     | t=14213.0: LOCO[LOCO_02] → Allocated for pickup
09:49:40 | INFO     | t=14220.0: LOCO[LOCO_02] → TRAIN_PREP completed at WS_02 (2.0 min)
09:49:40 | INFO     | t=14225.0: BATCH → Putting 2 wagons on retrofitted track retrofitted
09:49:40 | INFO     | t=14253.0: LOCO[LOCO_01] → Releasing
09:49:40 | INFO     | t=14253.0: LOCO[LOCO_01] → Released
09:49:40 | INFO     | t=14253.0: PARKING → Got wagon W0093 from retrofitted
09:49:40 | INFO     | t=14253.0: LOCO → Allocating for parking transport
09:49:40 | INFO     | t=14253.0: DISPATCHER → Task submitted: retrofitted_to_parking (pending=3)
09:49:40 | INFO     | t=14253.0: DISPATCHER → Assigned loco LOCO_01 to retrofitted_to_parking (waited 0.0 min, pending=2)
09:49:40 | INFO     | t=14253.0: LOCO[LOCO_01] → Allocated for parking transport
09:49:40 | INFO     | t=14258.0: LOCO[LOCO_01] → TRAIN_PREP at retrofitted (coupling + prep, 2.0 min)
09:49:40 | INFO     | t=14258.0: WAGON[W5420] → Added to retrofitted track retrofitted
09:49:40 | INFO     | t=14258.0: WAGON[W6936] → Added to retrofitted track retrofitted
09:49:40 | INFO     | t=14263.0: WORKSHOP[WS_02] → Released, notifying 1 waiting processes
09:49:40 | INFO     | t=14263.0: WORKSHOP → Workshop became available
09:49:40 | INFO     | t=14263.0: WORKSHOP[WS_02] → Selected for batch
09:49:40 | INFO     | t=14263.0: WAGON[W2916] → Added to batch
09:49:40 | INFO     | t=14263.0: BATCH[W5153,W2916] → Formed 2 wagons for WS_02
09:49:40 | INFO     | t=14263.0: TRACK[retrofit] → Removed 2 wagons (39.7m freed)
09:49:40 | INFO     | t=14263.0: DISPATCHER → Task submitted: retrofit_to_workshop (pending=3)
09:49:40 | INFO     | t=14263.0: DISPATCHER → Assigned loco LOCO_02 to retrofit_to_workshop (waited 0.0 min, pending=2)
09:49:40 | INFO     | t=14263.0: RAKE[W5153,W2916] → COUPLING at retrofit (1 couplings, 2.0 min)
09:49:40 | INFO     | t=14263.0: WAGON[W8339] → Retrieved from retrofit queue
09:49:40 | INFO     | t=14263.0: WORKSHOP → No workshop available, waiting...
09:49:40 | INFO     | t=14268.0: RAKE[W4370,W9406] → COUPLING at WS_01 (1 couplings, 0.5 min)
09:49:40 | INFO     | t=14268.5: LOCO → Allocating for pickup from WS_01
09:49:40 | INFO     | t=14268.5: DISPATCHER → Task submitted: workshop_to_retrofitted (pending=3)
09:49:40 | INFO     | t=14270.0: LOCO[LOCO_02] → COUPLING at retrofit (2.0 min)
09:49:40 | INFO     | t=14272.0: LOCO[LOCO_02] → SHUNTING_PREP at retrofit (1.0 min)
09:49:40 | INFO     | t=14278.0: LOCO[LOCO_02] → DECOUPLING at WS_02 (3.0 min)
09:49:40 | INFO     | t=14281.0: RAKE[W5153,W2916] → DECOUPLING at WS_02 (1 couplings, 3.0 min)
09:49:40 | INFO     | t=14284.0: WAGON[W5153] → RETROFIT_STARTED at WS_02
09:49:40 | INFO     | t=14284.0: WAGON[W2916] → RETROFIT_STARTED at WS_02
09:49:40 | INFO     | t=14289.0: DISPATCHER → Assigned loco LOCO_02 to workshop_to_retrofitted (waited 20.5 min, pending=2)
09:49:40 | INFO     | t=14289.0: LOCO[LOCO_02] → Allocated for pickup
09:49:40 | INFO     | t=14296.0: LOCO[LOCO_02] → TRAIN_PREP completed at WS_01 (2.0 min)
09:49:40 | INFO     | t=14301.0: BATCH → Putting 2 wagons on retrofitted track retrofitted
09:49:40 | INFO     | t=14320.0: LOCO[LOCO_01] → DECOUPLING at parking12 (1.0 min)
09:49:40 | INFO     | t=14321.0: RAKE[W0093,W3413] → DECOUPLING at parking12 (1 couplings, 0.5 min)
09:49:40 | INFO     | t=14344.0: RAKE[W5153,W2916] → COUPLING at WS_02 (1 couplings, 0.5 min)
09:49:40 | INFO     | t=14344.5: LOCO → Allocating for pickup from WS_02
09:49:40 | INFO     | t=14344.5: DISPATCHER → Task submitted: workshop_to_retrofitted (pending=3)
09:49:40 | INFO     | EVENT_PUBLISHED: TrainArrivedEvent | train=T190 | time=14372.8
09:49:40 | INFO     | EVENT_HANDLING: TrainArrivedEvent -> RetrofitWorkshopContext._handle_train_arrived
09:49:40 | INFO     | EVENT_HANDLED: TrainArrivedEvent by RetrofitWorkshopContext._handle_train_arrived
09:49:40 | INFO     | t=14381.5: LOCO[LOCO_01] → Releasing
09:49:40 | INFO     | t=14381.5: LOCO[LOCO_01] → Released
09:49:40 | INFO     | t=14381.5: PARKING → Got wagon W8479 from retrofitted
09:49:40 | INFO     | t=14381.5: LOCO → Allocating for parking transport
09:49:40 | INFO     | t=14381.5: DISPATCHER → Task submitted: retrofitted_to_parking (pending=4)
09:49:40 | INFO     | t=14381.5: DISPATCHER → Assigned loco LOCO_01 to workshop_to_retrofitted (waited 37.0 min, pending=3)
09:49:40 | INFO     | t=14381.5: LOCO[LOCO_01] → Allocated for pickup
09:49:40 | INFO     | t=14388.5: LOCO[LOCO_01] → TRAIN_PREP completed at WS_02 (2.0 min)
09:49:40 | INFO     | t=14393.5: BATCH → Putting 2 wagons on retrofitted track retrofitted
09:49:40 | INFO     | SIMPY: Simulation completed at t=14400.0
09:49:40 | INFO     |  Simulation completed at t=14400.0
09:49:40 | INFO     | Event metrics: {'events_published': 190, 'events_processed': 190, 'handler_errors': 0, 'subscribers_count': 0, 'event_types_count': 0, 'error_rate': 0.0}
09:49:40 | INFO     |  Collecting results from all contexts
09:49:40 | INFO     | EVENT_PUBLISHED: SimulationEndedEvent | no_data
09:49:40 | WARNING  | EVENT_NO_SUBSCRIBERS: SimulationEndedEvent
09:49:40 | INFO     |  Simulation completed successfully for scenario priority_dispatch_scenario
