timestamp,datetime,resource_id,resource_type,location,previous_location,route_path
360.0,2025-12-01T06:00:00+00:00,W11188,wagon,collection1,,
360.0,2025-12-01T06:00:00+00:00,W10437,wagon,collection1,,
360.0,2025-12-01T06:00:00+00:00,LOCO_01,locomotive,collection1,track_19,
425.0,2025-12-01T07:05:00+00:00,LOCO_01,locomotive,retrofit,collection1,
425.0,2025-12-01T07:05:00+00:00,W11188,wagon,collection1,,collection1|Mainline|retrofit
425.0,2025-12-01T07:05:00+00:00,W10437,wagon,collection1,,collection1|Mainline|retrofit
442.25,2025-12-01T07:22:15+00:00,W12394,wagon,collection1,,
442.25,2025-12-01T07:22:15+00:00,W9278,wagon,collection1,,
485.0,2025-12-01T08:05:00+00:00,W11188,wagon,retrofit,,
485.0,2025-12-01T08:05:00+00:00,W10437,wagon,retrofit,,
487.0,2025-12-01T08:07:00+00:00,LOCO_02,locomotive,retrofit,track_19,
494.0,2025-12-01T08:14:00+00:00,LOCO_01,locomotive,track_19,retrofit,
495.0,2025-12-01T08:15:00+00:00,LOCO_02,locomotive,WS_01,retrofit,
495.0,2025-12-01T08:15:00+00:00,W11188,wagon,retrofit,,retrofit|WS_01
495.0,2025-12-01T08:15:00+00:00,W10437,wagon,retrofit,,retrofit|WS_01
499.0,2025-12-01T08:19:00+00:00,LOCO_01,locomotive,collection1,track_19,
500.0,2025-12-01T08:20:00+00:00,W11188,wagon,WS_01,,
500.0,2025-12-01T08:20:00+00:00,W10437,wagon,WS_01,,
502.5,2025-12-01T08:22:30+00:00,W3926,wagon,collection1,,
502.5,2025-12-01T08:22:30+00:00,W5834,wagon,collection1,,
506.0,2025-12-01T08:26:00+00:00,W11188,wagon,WS_01,,
506.0,2025-12-01T08:26:00+00:00,W10437,wagon,WS_01,,
506.0,2025-12-01T08:26:00+00:00,LOCO_02,locomotive,track_19,WS_01,
541.5,2025-12-01T09:01:30+00:00,W9460,wagon,collection1,,
541.5,2025-12-01T09:01:30+00:00,W9445,wagon,collection1,,
564.0,2025-12-01T09:24:00+00:00,LOCO_01,locomotive,retrofit,collection1,
564.0,2025-12-01T09:24:00+00:00,W12394,wagon,collection1,,collection1|Mainline|retrofit
564.0,2025-12-01T09:24:00+00:00,W9278,wagon,collection1,,collection1|Mainline|retrofit
566.5,2025-12-01T09:26:30+00:00,LOCO_02,locomotive,WS_01,track_19,
573.5,2025-12-01T09:33:30+00:00,LOCO_02,locomotive,retrofitted,WS_01,
573.5,2025-12-01T09:33:30+00:00,W11188,wagon,WS_01,,WS_01|retrofitted
573.5,2025-12-01T09:33:30+00:00,W10437,wagon,WS_01,,WS_01|retrofitted
578.5,2025-12-01T09:38:30+00:00,W11188,wagon,retrofitted,,
578.5,2025-12-01T09:38:30+00:00,W10437,wagon,retrofitted,,
578.5,2025-12-01T09:38:30+00:00,LOCO_02,locomotive,track_19,retrofitted,
623.5,2025-12-01T10:23:30+00:00,LOCO_02,locomotive,retrofitted,track_19,
624.0,2025-12-01T10:24:00+00:00,W12394,wagon,retrofit,,
624.0,2025-12-01T10:24:00+00:00,W9278,wagon,retrofit,,
630.5,2025-12-01T10:30:30+00:00,LOCO_02,locomotive,parking16,retrofitted,
633.0,2025-12-01T10:33:00+00:00,LOCO_01,locomotive,track_19,retrofit,
640.0,2025-12-01T10:40:00+00:00,LOCO_01,locomotive,retrofit,track_19,
648.0,2025-12-01T10:48:00+00:00,LOCO_01,locomotive,WS_01,retrofit,
648.0,2025-12-01T10:48:00+00:00,W12394,wagon,retrofit,,retrofit|WS_01
648.0,2025-12-01T10:48:00+00:00,W9278,wagon,retrofit,,retrofit|WS_01
653.0,2025-12-01T10:53:00+00:00,W12394,wagon,WS_01,,
653.0,2025-12-01T10:53:00+00:00,W9278,wagon,WS_01,,
659.0,2025-12-01T10:59:00+00:00,W12394,wagon,WS_01,,
659.0,2025-12-01T10:59:00+00:00,W9278,wagon,WS_01,,
659.0,2025-12-01T10:59:00+00:00,LOCO_01,locomotive,track_19,WS_01,
664.0,2025-12-01T11:04:00+00:00,LOCO_01,locomotive,collection1,track_19,
672.75,2025-12-01T11:12:45+00:00,W10704,wagon,collection1,,
672.75,2025-12-01T11:12:45+00:00,W3675,wagon,collection1,,
715.0,2025-12-01T11:55:00+00:00,W7132,wagon,collection1,,
715.0,2025-12-01T11:55:00+00:00,W8934,wagon,collection1,,
715.0,2025-12-01T11:55:00+00:00,W6253,wagon,collection1,,
715.0,2025-12-01T11:55:00+00:00,W7747,wagon,collection1,,
715.0,2025-12-01T11:55:00+00:00,W10546,wagon,collection1,,
715.0,2025-12-01T11:55:00+00:00,W7222,wagon,collection1,,
724.5,2025-12-01T12:04:30+00:00,W0689,wagon,collection1,,
725.0,2025-12-01T12:05:00+00:00,W11268,wagon,collection1,,
725.0,2025-12-01T12:05:00+00:00,W11509,wagon,collection1,,
725.0,2025-12-01T12:05:00+00:00,W6557,wagon,collection1,,
733.0,2025-12-01T12:13:00+00:00,LOCO_01,locomotive,retrofit,collection1,
733.0,2025-12-01T12:13:00+00:00,W3926,wagon,collection1,,collection1|Mainline|retrofit
733.0,2025-12-01T12:13:00+00:00,W5834,wagon,collection1,,collection1|Mainline|retrofit
733.0,2025-12-01T12:13:00+00:00,W9460,wagon,collection1,,collection1|Mainline|retrofit
733.0,2025-12-01T12:13:00+00:00,W9445,wagon,collection1,,collection1|Mainline|retrofit
752.0,2025-12-01T12:32:00+00:00,W11188,wagon,parking16,,
752.0,2025-12-01T12:32:00+00:00,W10437,wagon,parking16,,
752.0,2025-12-01T12:32:00+00:00,LOCO_02,locomotive,track_19,parking16,
753.25,2025-12-01T12:33:15+00:00,W10356,wagon,collection1,,
785.5,2025-12-01T13:05:30+00:00,W6006,wagon,collection1,,
785.5,2025-12-01T13:05:30+00:00,W4440,wagon,collection1,,
785.5,2025-12-01T13:05:30+00:00,W10383,wagon,collection1,,
793.0,2025-12-01T13:13:00+00:00,W3926,wagon,retrofit,,
793.0,2025-12-01T13:13:00+00:00,W5834,wagon,retrofit,,
793.0,2025-12-01T13:13:00+00:00,W9460,wagon,retrofit,,
793.0,2025-12-01T13:13:00+00:00,W9445,wagon,retrofit,,
812.0,2025-12-01T13:32:00+00:00,LOCO_02,locomotive,WS_01,track_19,
814.0,2025-12-01T13:34:00+00:00,LOCO_01,locomotive,track_19,retrofit,
819.0,2025-12-01T13:39:00+00:00,LOCO_02,locomotive,retrofitted,WS_01,
819.0,2025-12-01T13:39:00+00:00,W12394,wagon,WS_01,,WS_01|retrofitted
819.0,2025-12-01T13:39:00+00:00,W9278,wagon,WS_01,,WS_01|retrofitted
821.0,2025-12-01T13:41:00+00:00,LOCO_01,locomotive,retrofit,track_19,
824.0,2025-12-01T13:44:00+00:00,W12394,wagon,retrofitted,,
824.0,2025-12-01T13:44:00+00:00,W9278,wagon,retrofitted,,
824.0,2025-12-01T13:44:00+00:00,LOCO_02,locomotive,track_19,retrofitted,
829.0,2025-12-01T13:49:00+00:00,LOCO_01,locomotive,WS_02,retrofit,
829.0,2025-12-01T13:49:00+00:00,W3926,wagon,retrofit,,retrofit|WS_02
829.0,2025-12-01T13:49:00+00:00,W5834,wagon,retrofit,,retrofit|WS_02
831.0,2025-12-01T13:51:00+00:00,LOCO_02,locomotive,retrofit,track_19,
834.0,2025-12-01T13:54:00+00:00,W3926,wagon,WS_02,,
834.0,2025-12-01T13:54:00+00:00,W5834,wagon,WS_02,,
839.0,2025-12-01T13:59:00+00:00,LOCO_02,locomotive,WS_01,retrofit,
839.0,2025-12-01T13:59:00+00:00,W9460,wagon,retrofit,,retrofit|WS_01
839.0,2025-12-01T13:59:00+00:00,W9445,wagon,retrofit,,retrofit|WS_01
840.0,2025-12-01T14:00:00+00:00,W3926,wagon,WS_02,,
840.0,2025-12-01T14:00:00+00:00,W5834,wagon,WS_02,,
840.0,2025-12-01T14:00:00+00:00,LOCO_01,locomotive,track_19,WS_02,
844.0,2025-12-01T14:04:00+00:00,W9460,wagon,WS_01,,
844.0,2025-12-01T14:04:00+00:00,W9445,wagon,WS_01,,
845.0,2025-12-01T14:05:00+00:00,LOCO_01,locomotive,collection1,track_19,
850.0,2025-12-01T14:10:00+00:00,W9460,wagon,WS_01,,
850.0,2025-12-01T14:10:00+00:00,W9445,wagon,WS_01,,
850.0,2025-12-01T14:10:00+00:00,LOCO_02,locomotive,track_19,WS_01,
866.0,2025-12-01T14:26:00+00:00,W2238,wagon,collection1,,
866.0,2025-12-01T14:26:00+00:00,W0047,wagon,collection1,,
866.0,2025-12-01T14:26:00+00:00,W0049,wagon,collection1,,
870.0,2025-12-01T14:30:00+00:00,LOCO_02,locomotive,retrofitted,track_19,
877.0,2025-12-01T14:37:00+00:00,LOCO_02,locomotive,parking16,retrofitted,
894.75,2025-12-01T14:54:45+00:00,W2535,wagon,collection1,,
894.75,2025-12-01T14:54:45+00:00,W7970,wagon,collection1,,
894.75,2025-12-01T14:54:45+00:00,W4849,wagon,collection1,,
936.0,2025-12-01T15:36:00+00:00,LOCO_01,locomotive,retrofit,collection1,
936.0,2025-12-01T15:36:00+00:00,W10704,wagon,collection1,,collection1|Mainline|retrofit
936.0,2025-12-01T15:36:00+00:00,W3675,wagon,collection1,,collection1|Mainline|retrofit
936.0,2025-12-01T15:36:00+00:00,W7132,wagon,collection1,,collection1|Mainline|retrofit
936.0,2025-12-01T15:36:00+00:00,W8934,wagon,collection1,,collection1|Mainline|retrofit
936.0,2025-12-01T15:36:00+00:00,W6253,wagon,collection1,,collection1|Mainline|retrofit
936.0,2025-12-01T15:36:00+00:00,W7747,wagon,collection1,,collection1|Mainline|retrofit
936.0,2025-12-01T15:36:00+00:00,W10546,wagon,collection1,,collection1|Mainline|retrofit
936.0,2025-12-01T15:36:00+00:00,W7222,wagon,collection1,,collection1|Mainline|retrofit
936.0,2025-12-01T15:36:00+00:00,W0689,wagon,collection1,,collection1|Mainline|retrofit
936.0,2025-12-01T15:36:00+00:00,W11268,wagon,collection1,,collection1|Mainline|retrofit
936.0,2025-12-01T15:36:00+00:00,W11509,wagon,collection1,,collection1|Mainline|retrofit
936.0,2025-12-01T15:36:00+00:00,W6557,wagon,collection1,,collection1|Mainline|retrofit
936.0,2025-12-01T15:36:00+00:00,W10356,wagon,collection1,,collection1|Mainline|retrofit
936.0,2025-12-01T15:36:00+00:00,W6006,wagon,collection1,,collection1|Mainline|retrofit
936.0,2025-12-01T15:36:00+00:00,W4440,wagon,collection1,,collection1|Mainline|retrofit
996.0,2025-12-01T16:36:00+00:00,W10704,wagon,retrofit,,
996.0,2025-12-01T16:36:00+00:00,W3675,wagon,retrofit,,
996.0,2025-12-01T16:36:00+00:00,W7132,wagon,retrofit,,
996.0,2025-12-01T16:36:00+00:00,W8934,wagon,retrofit,,
996.0,2025-12-01T16:36:00+00:00,W6253,wagon,retrofit,,
996.0,2025-12-01T16:36:00+00:00,W7747,wagon,retrofit,,
996.0,2025-12-01T16:36:00+00:00,W10546,wagon,retrofit,,
996.0,2025-12-01T16:36:00+00:00,W7222,wagon,retrofit,,
996.0,2025-12-01T16:36:00+00:00,W0689,wagon,retrofit,,
996.0,2025-12-01T16:36:00+00:00,W11268,wagon,retrofit,,
996.0,2025-12-01T16:36:00+00:00,W11509,wagon,retrofit,,
996.0,2025-12-01T16:36:00+00:00,W6557,wagon,retrofit,,
996.0,2025-12-01T16:36:00+00:00,W10356,wagon,retrofit,,
996.0,2025-12-01T16:36:00+00:00,W6006,wagon,retrofit,,
996.0,2025-12-01T16:36:00+00:00,W4440,wagon,retrofit,,
998.5,2025-12-01T16:38:30+00:00,W12394,wagon,parking16,,
998.5,2025-12-01T16:38:30+00:00,W9278,wagon,parking16,,
998.5,2025-12-01T16:38:30+00:00,LOCO_02,locomotive,track_19,parking16,
1051.25,2025-12-01T17:31:15+00:00,W2967,wagon,collection1,,
1051.25,2025-12-01T17:31:15+00:00,W9776,wagon,collection1,,
1051.25,2025-12-01T17:31:15+00:00,W12208,wagon,collection1,,
1051.25,2025-12-01T17:31:15+00:00,W11348,wagon,collection1,,
1058.5,2025-12-01T17:38:30+00:00,LOCO_02,locomotive,WS_02,track_19,
1065.5,2025-12-01T17:45:30+00:00,LOCO_02,locomotive,retrofitted,WS_02,
1065.5,2025-12-01T17:45:30+00:00,W3926,wagon,WS_02,,WS_02|retrofitted
1065.5,2025-12-01T17:45:30+00:00,W5834,wagon,WS_02,,WS_02|retrofitted
1070.5,2025-12-01T17:50:30+00:00,W3926,wagon,retrofitted,,
1070.5,2025-12-01T17:50:30+00:00,W5834,wagon,retrofitted,,
1070.5,2025-12-01T17:50:30+00:00,LOCO_02,locomotive,track_19,retrofitted,
1075.5,2025-12-01T17:55:30+00:00,LOCO_02,locomotive,WS_01,track_19,
1082.5,2025-12-01T18:02:30+00:00,LOCO_02,locomotive,retrofitted,WS_01,
1082.5,2025-12-01T18:02:30+00:00,W9460,wagon,WS_01,,WS_01|retrofitted
1082.5,2025-12-01T18:02:30+00:00,W9445,wagon,WS_01,,WS_01|retrofitted
1083.0,2025-12-01T18:03:00+00:00,LOCO_01,locomotive,track_19,retrofit,
1087.5,2025-12-01T18:07:30+00:00,W9460,wagon,retrofitted,,
1087.5,2025-12-01T18:07:30+00:00,W9445,wagon,retrofitted,,
1087.5,2025-12-01T18:07:30+00:00,LOCO_02,locomotive,track_19,retrofitted,
1088.75,2025-12-01T18:08:45+00:00,W12037,wagon,collection1,,
1088.75,2025-12-01T18:08:45+00:00,W0440,wagon,collection1,,
1088.75,2025-12-01T18:08:45+00:00,W11988,wagon,collection1,,
1088.75,2025-12-01T18:08:45+00:00,W12260,wagon,collection1,,
1088.75,2025-12-01T18:08:45+00:00,W0130,wagon,collection1,,
1088.75,2025-12-01T18:08:45+00:00,W9352,wagon,collection1,,
1088.75,2025-12-01T18:08:45+00:00,W2980,wagon,collection1,,
1088.75,2025-12-01T18:08:45+00:00,W2406,wagon,collection1,,
1088.75,2025-12-01T18:08:45+00:00,W2399,wagon,collection1,,
1090.0,2025-12-01T18:10:00+00:00,LOCO_01,locomotive,retrofit,track_19,
1094.5,2025-12-01T18:14:30+00:00,LOCO_02,locomotive,retrofit,track_19,
1098.0,2025-12-01T18:18:00+00:00,LOCO_01,locomotive,WS_02,retrofit,
1098.0,2025-12-01T18:18:00+00:00,W10704,wagon,retrofit,,retrofit|WS_02
1098.0,2025-12-01T18:18:00+00:00,W3675,wagon,retrofit,,retrofit|WS_02
1102.5,2025-12-01T18:22:30+00:00,LOCO_02,locomotive,WS_01,retrofit,
1102.5,2025-12-01T18:22:30+00:00,W7132,wagon,retrofit,,retrofit|WS_01
1102.5,2025-12-01T18:22:30+00:00,W8934,wagon,retrofit,,retrofit|WS_01
1103.0,2025-12-01T18:23:00+00:00,W10704,wagon,WS_02,,
1103.0,2025-12-01T18:23:00+00:00,W3675,wagon,WS_02,,
1107.5,2025-12-01T18:27:30+00:00,W7132,wagon,WS_01,,
1107.5,2025-12-01T18:27:30+00:00,W8934,wagon,WS_01,,
1109.0,2025-12-01T18:29:00+00:00,W10704,wagon,WS_02,,
1109.0,2025-12-01T18:29:00+00:00,W3675,wagon,WS_02,,
1109.0,2025-12-01T18:29:00+00:00,LOCO_01,locomotive,track_19,WS_02,
1113.5,2025-12-01T18:33:30+00:00,W7132,wagon,WS_01,,
1113.5,2025-12-01T18:33:30+00:00,W8934,wagon,WS_01,,
1113.5,2025-12-01T18:33:30+00:00,LOCO_02,locomotive,track_19,WS_01,
1117.5,2025-12-01T18:37:30+00:00,LOCO_01,locomotive,retrofitted,track_19,
1124.5,2025-12-01T18:44:30+00:00,LOCO_01,locomotive,parking16,retrofitted,
1169.5,2025-12-01T19:29:30+00:00,LOCO_02,locomotive,WS_02,track_19,
1176.5,2025-12-01T19:36:30+00:00,LOCO_02,locomotive,retrofitted,WS_02,
1176.5,2025-12-01T19:36:30+00:00,W10704,wagon,WS_02,,WS_02|retrofitted
1176.5,2025-12-01T19:36:30+00:00,W3675,wagon,WS_02,,WS_02|retrofitted
1181.5,2025-12-01T19:41:30+00:00,W10704,wagon,retrofitted,,
1181.5,2025-12-01T19:41:30+00:00,W3675,wagon,retrofitted,,
1181.5,2025-12-01T19:41:30+00:00,LOCO_02,locomotive,track_19,retrofitted,
1186.5,2025-12-01T19:46:30+00:00,LOCO_02,locomotive,WS_01,track_19,
1193.5,2025-12-01T19:53:30+00:00,LOCO_02,locomotive,retrofitted,WS_01,
1193.5,2025-12-01T19:53:30+00:00,W7132,wagon,WS_01,,WS_01|retrofitted
1193.5,2025-12-01T19:53:30+00:00,W8934,wagon,WS_01,,WS_01|retrofitted
1198.5,2025-12-01T19:58:30+00:00,W7132,wagon,retrofitted,,
1198.5,2025-12-01T19:58:30+00:00,W8934,wagon,retrofitted,,
1198.5,2025-12-01T19:58:30+00:00,LOCO_02,locomotive,track_19,retrofitted,
1205.5,2025-12-01T20:05:30+00:00,LOCO_02,locomotive,retrofit,track_19,
1213.5,2025-12-01T20:13:30+00:00,LOCO_02,locomotive,WS_02,retrofit,
1213.5,2025-12-01T20:13:30+00:00,W6253,wagon,retrofit,,retrofit|WS_02
1213.5,2025-12-01T20:13:30+00:00,W7747,wagon,retrofit,,retrofit|WS_02
1218.5,2025-12-01T20:18:30+00:00,W6253,wagon,WS_02,,
1218.5,2025-12-01T20:18:30+00:00,W7747,wagon,WS_02,,
1224.5,2025-12-01T20:24:30+00:00,W6253,wagon,WS_02,,
1224.5,2025-12-01T20:24:30+00:00,W7747,wagon,WS_02,,
1224.5,2025-12-01T20:24:30+00:00,LOCO_02,locomotive,track_19,WS_02,
1231.5,2025-12-01T20:31:30+00:00,LOCO_02,locomotive,retrofit,track_19,
1239.5,2025-12-01T20:39:30+00:00,LOCO_02,locomotive,WS_01,retrofit,
1239.5,2025-12-01T20:39:30+00:00,W10546,wagon,retrofit,,retrofit|WS_01
1239.5,2025-12-01T20:39:30+00:00,W7222,wagon,retrofit,,retrofit|WS_01
1244.5,2025-12-01T20:44:30+00:00,W10546,wagon,WS_01,,
1244.5,2025-12-01T20:44:30+00:00,W7222,wagon,WS_01,,
1246.0,2025-12-01T20:46:00+00:00,W3926,wagon,parking16,,
1246.0,2025-12-01T20:46:00+00:00,W5834,wagon,parking16,,
1246.0,2025-12-01T20:46:00+00:00,LOCO_01,locomotive,track_19,parking16,
1250.5,2025-12-01T20:50:30+00:00,W10546,wagon,WS_01,,
1250.5,2025-12-01T20:50:30+00:00,W7222,wagon,WS_01,,
1250.5,2025-12-01T20:50:30+00:00,LOCO_02,locomotive,track_19,WS_01,
1255.5,2025-12-01T20:55:30+00:00,LOCO_02,locomotive,collection1,track_19,
1306.0,2025-12-01T21:46:00+00:00,LOCO_01,locomotive,WS_02,track_19,
1313.0,2025-12-01T21:53:00+00:00,LOCO_01,locomotive,retrofitted,WS_02,
1313.0,2025-12-01T21:53:00+00:00,W6253,wagon,WS_02,,WS_02|retrofitted
1313.0,2025-12-01T21:53:00+00:00,W7747,wagon,WS_02,,WS_02|retrofitted
1318.0,2025-12-01T21:58:00+00:00,W6253,wagon,retrofitted,,
1318.0,2025-12-01T21:58:00+00:00,W7747,wagon,retrofitted,,
1318.0,2025-12-01T21:58:00+00:00,LOCO_01,locomotive,track_19,retrofitted,
1323.0,2025-12-01T22:03:00+00:00,LOCO_01,locomotive,WS_01,track_19,
1326.5,2025-12-01T22:06:30+00:00,LOCO_02,locomotive,retrofit,collection1,
1326.5,2025-12-01T22:06:30+00:00,W10383,wagon,collection1,,collection1|Mainline|retrofit
1326.5,2025-12-01T22:06:30+00:00,W2238,wagon,collection1,,collection1|Mainline|retrofit
1326.5,2025-12-01T22:06:30+00:00,W0047,wagon,collection1,,collection1|Mainline|retrofit
1326.5,2025-12-01T22:06:30+00:00,W0049,wagon,collection1,,collection1|Mainline|retrofit
1326.5,2025-12-01T22:06:30+00:00,W2535,wagon,collection1,,collection1|Mainline|retrofit
1330.0,2025-12-01T22:10:00+00:00,LOCO_01,locomotive,retrofitted,WS_01,
1330.0,2025-12-01T22:10:00+00:00,W10546,wagon,WS_01,,WS_01|retrofitted
1330.0,2025-12-01T22:10:00+00:00,W7222,wagon,WS_01,,WS_01|retrofitted
1335.0,2025-12-01T22:15:00+00:00,W10546,wagon,retrofitted,,
1335.0,2025-12-01T22:15:00+00:00,W7222,wagon,retrofitted,,
1335.0,2025-12-01T22:15:00+00:00,LOCO_01,locomotive,track_19,retrofitted,
1342.0,2025-12-01T22:22:00+00:00,LOCO_01,locomotive,retrofit,track_19,
1350.0,2025-12-01T22:30:00+00:00,LOCO_01,locomotive,WS_02,retrofit,
1350.0,2025-12-01T22:30:00+00:00,W0689,wagon,retrofit,,retrofit|WS_02
1350.0,2025-12-01T22:30:00+00:00,W11268,wagon,retrofit,,retrofit|WS_02
1355.0,2025-12-01T22:35:00+00:00,W0689,wagon,WS_02,,
1355.0,2025-12-01T22:35:00+00:00,W11268,wagon,WS_02,,
1361.0,2025-12-01T22:41:00+00:00,W0689,wagon,WS_02,,
1361.0,2025-12-01T22:41:00+00:00,W11268,wagon,WS_02,,
1361.0,2025-12-01T22:41:00+00:00,LOCO_01,locomotive,track_19,WS_02,
1368.0,2025-12-01T22:48:00+00:00,LOCO_01,locomotive,retrofit,track_19,
1376.0,2025-12-01T22:56:00+00:00,LOCO_01,locomotive,WS_01,retrofit,
1376.0,2025-12-01T22:56:00+00:00,W11509,wagon,retrofit,,retrofit|WS_01
1376.0,2025-12-01T22:56:00+00:00,W6557,wagon,retrofit,,retrofit|WS_01
1381.0,2025-12-01T23:01:00+00:00,W11509,wagon,WS_01,,
1381.0,2025-12-01T23:01:00+00:00,W6557,wagon,WS_01,,
1386.5,2025-12-01T23:06:30+00:00,W10383,wagon,retrofit,,
1386.5,2025-12-01T23:06:30+00:00,W2238,wagon,retrofit,,
1386.5,2025-12-01T23:06:30+00:00,W0047,wagon,retrofit,,
1386.5,2025-12-01T23:06:30+00:00,W0049,wagon,retrofit,,
1386.5,2025-12-01T23:06:30+00:00,W2535,wagon,retrofit,,
1387.0,2025-12-01T23:07:00+00:00,W11509,wagon,WS_01,,
1387.0,2025-12-01T23:07:00+00:00,W6557,wagon,WS_01,,
1387.0,2025-12-01T23:07:00+00:00,LOCO_01,locomotive,track_19,WS_01,
1392.0,2025-12-01T23:12:00+00:00,LOCO_01,locomotive,retrofitted,track_19,
1401.0,2025-12-01T23:21:00+00:00,LOCO_01,locomotive,parking16,retrofitted,
1413.5,2025-12-01T23:33:30+00:00,LOCO_02,locomotive,track_19,retrofit,
1421.5,2025-12-01T23:41:30+00:00,LOCO_02,locomotive,WS_02,track_19,
1428.5,2025-12-01T23:48:30+00:00,LOCO_02,locomotive,retrofitted,WS_02,
1428.5,2025-12-01T23:48:30+00:00,W0689,wagon,WS_02,,WS_02|retrofitted
1428.5,2025-12-01T23:48:30+00:00,W11268,wagon,WS_02,,WS_02|retrofitted
1433.5,2025-12-01T23:53:30+00:00,W0689,wagon,retrofitted,,
1433.5,2025-12-01T23:53:30+00:00,W11268,wagon,retrofitted,,
1433.5,2025-12-01T23:53:30+00:00,LOCO_02,locomotive,track_19,retrofitted,
1440.5,2025-12-02T00:00:30+00:00,LOCO_02,locomotive,retrofit,track_19,
1448.5,2025-12-02T00:08:30+00:00,LOCO_02,locomotive,WS_02,retrofit,
1448.5,2025-12-02T00:08:30+00:00,W10356,wagon,retrofit,,retrofit|WS_02
1448.5,2025-12-02T00:08:30+00:00,W6006,wagon,retrofit,,retrofit|WS_02
1453.5,2025-12-02T00:13:30+00:00,W10356,wagon,WS_02,,
1453.5,2025-12-02T00:13:30+00:00,W6006,wagon,WS_02,,
1459.5,2025-12-02T00:19:30+00:00,W10356,wagon,WS_02,,
1459.5,2025-12-02T00:19:30+00:00,W6006,wagon,WS_02,,
1459.5,2025-12-02T00:19:30+00:00,LOCO_02,locomotive,track_19,WS_02,
1464.5,2025-12-02T00:24:30+00:00,LOCO_02,locomotive,WS_01,track_19,
1471.5,2025-12-02T00:31:30+00:00,LOCO_02,locomotive,retrofitted,WS_01,
1471.5,2025-12-02T00:31:30+00:00,W11509,wagon,WS_01,,WS_01|retrofitted
1471.5,2025-12-02T00:31:30+00:00,W6557,wagon,WS_01,,WS_01|retrofitted
1476.5,2025-12-02T00:36:30+00:00,W11509,wagon,retrofitted,,
1476.5,2025-12-02T00:36:30+00:00,W6557,wagon,retrofitted,,
1476.5,2025-12-02T00:36:30+00:00,LOCO_02,locomotive,track_19,retrofitted,
1479.0,2025-12-02T00:39:00+00:00,W9868,wagon,collection1,,
1479.0,2025-12-02T00:39:00+00:00,W12060,wagon,collection1,,
1479.0,2025-12-02T00:39:00+00:00,W12210,wagon,collection1,,
1479.0,2025-12-02T00:39:00+00:00,W8636,wagon,collection1,,
1479.0,2025-12-02T00:39:00+00:00,W10949,wagon,collection1,,
1479.0,2025-12-02T00:39:00+00:00,W8631,wagon,collection1,,
1483.5,2025-12-02T00:43:30+00:00,LOCO_02,locomotive,retrofit,track_19,
1491.5,2025-12-02T00:51:30+00:00,LOCO_02,locomotive,WS_01,retrofit,
1491.5,2025-12-02T00:51:30+00:00,W4440,wagon,retrofit,,retrofit|WS_01
1491.5,2025-12-02T00:51:30+00:00,W10383,wagon,retrofit,,retrofit|WS_01
1496.5,2025-12-02T00:56:30+00:00,W4440,wagon,WS_01,,
1496.5,2025-12-02T00:56:30+00:00,W10383,wagon,WS_01,,
1502.5,2025-12-02T01:02:30+00:00,W4440,wagon,WS_01,,
1502.5,2025-12-02T01:02:30+00:00,W10383,wagon,WS_01,,
1502.5,2025-12-02T01:02:30+00:00,LOCO_02,locomotive,track_19,WS_01,
1507.5,2025-12-02T01:07:30+00:00,LOCO_02,locomotive,collection1,track_19,
1509.0,2025-12-02T01:09:00+00:00,W9392,wagon,collection1,,
1509.0,2025-12-02T01:09:00+00:00,W9274,wagon,collection1,,
1509.0,2025-12-02T01:09:00+00:00,W8613,wagon,collection1,,
1509.0,2025-12-02T01:09:00+00:00,W10130,wagon,collection1,,
1509.0,2025-12-02T01:09:00+00:00,W9721,wagon,collection1,,
1509.0,2025-12-02T01:09:00+00:00,W9756,wagon,collection1,,
1526.5,2025-12-02T01:26:30+00:00,W9460,wagon,parking16,,
1526.5,2025-12-02T01:26:30+00:00,W9445,wagon,parking16,,
1526.5,2025-12-02T01:26:30+00:00,W10704,wagon,parking16,,
1526.5,2025-12-02T01:26:30+00:00,W3675,wagon,parking16,,
1526.5,2025-12-02T01:26:30+00:00,W7132,wagon,parking16,,
1526.5,2025-12-02T01:26:30+00:00,W8934,wagon,parking16,,
1526.5,2025-12-02T01:26:30+00:00,LOCO_01,locomotive,track_19,parking16,
1586.5,2025-12-02T02:26:30+00:00,LOCO_02,locomotive,retrofit,collection1,
1586.5,2025-12-02T02:26:30+00:00,W7970,wagon,collection1,,collection1|Mainline|retrofit
1586.5,2025-12-02T02:26:30+00:00,W4849,wagon,collection1,,collection1|Mainline|retrofit
1586.5,2025-12-02T02:26:30+00:00,W2967,wagon,collection1,,collection1|Mainline|retrofit
1586.5,2025-12-02T02:26:30+00:00,W9776,wagon,collection1,,collection1|Mainline|retrofit
1586.5,2025-12-02T02:26:30+00:00,W12208,wagon,collection1,,collection1|Mainline|retrofit
1586.5,2025-12-02T02:26:30+00:00,W11348,wagon,collection1,,collection1|Mainline|retrofit
1586.5,2025-12-02T02:26:30+00:00,W12037,wagon,collection1,,collection1|Mainline|retrofit
1586.5,2025-12-02T02:26:30+00:00,W0440,wagon,collection1,,collection1|Mainline|retrofit
1586.5,2025-12-02T02:26:30+00:00,W11988,wagon,collection1,,collection1|Mainline|retrofit
1586.5,2025-12-02T02:26:30+00:00,LOCO_01,locomotive,WS_02,track_19,
1593.5,2025-12-02T02:33:30+00:00,LOCO_01,locomotive,retrofitted,WS_02,
1593.5,2025-12-02T02:33:30+00:00,W10356,wagon,WS_02,,WS_02|retrofitted
1593.5,2025-12-02T02:33:30+00:00,W6006,wagon,WS_02,,WS_02|retrofitted
1598.5,2025-12-02T02:38:30+00:00,W10356,wagon,retrofitted,,
1598.5,2025-12-02T02:38:30+00:00,W6006,wagon,retrofitted,,
1598.5,2025-12-02T02:38:30+00:00,LOCO_01,locomotive,track_19,retrofitted,
1602.5,2025-12-02T02:42:30+00:00,W11467,wagon,collection2,,
1602.5,2025-12-02T02:42:30+00:00,W10354,wagon,collection2,,
1602.5,2025-12-02T02:42:30+00:00,W3950,wagon,collection2,,
1602.5,2025-12-02T02:42:30+00:00,W7997,wagon,collection2,,
1602.5,2025-12-02T02:42:30+00:00,W8626,wagon,collection2,,
1603.5,2025-12-02T02:43:30+00:00,LOCO_01,locomotive,WS_01,track_19,
1610.5,2025-12-02T02:50:30+00:00,LOCO_01,locomotive,retrofitted,WS_01,
1610.5,2025-12-02T02:50:30+00:00,W4440,wagon,WS_01,,WS_01|retrofitted
1610.5,2025-12-02T02:50:30+00:00,W10383,wagon,WS_01,,WS_01|retrofitted
1615.5,2025-12-02T02:55:30+00:00,W4440,wagon,retrofitted,,
1615.5,2025-12-02T02:55:30+00:00,W10383,wagon,retrofitted,,
1615.5,2025-12-02T02:55:30+00:00,LOCO_01,locomotive,track_19,retrofitted,
1622.5,2025-12-02T03:02:30+00:00,LOCO_01,locomotive,retrofit,track_19,
1630.5,2025-12-02T03:10:30+00:00,LOCO_01,locomotive,WS_02,retrofit,
1630.5,2025-12-02T03:10:30+00:00,W2238,wagon,retrofit,,retrofit|WS_02
1630.5,2025-12-02T03:10:30+00:00,W0047,wagon,retrofit,,retrofit|WS_02
1635.5,2025-12-02T03:15:30+00:00,W2238,wagon,WS_02,,
1635.5,2025-12-02T03:15:30+00:00,W0047,wagon,WS_02,,
1641.5,2025-12-02T03:21:30+00:00,W2238,wagon,WS_02,,
1641.5,2025-12-02T03:21:30+00:00,W0047,wagon,WS_02,,
1641.5,2025-12-02T03:21:30+00:00,LOCO_01,locomotive,track_19,WS_02,
1646.5,2025-12-02T03:26:30+00:00,W7970,wagon,retrofit,,
1646.5,2025-12-02T03:26:30+00:00,W4849,wagon,retrofit,,
1646.5,2025-12-02T03:26:30+00:00,W2967,wagon,retrofit,,
1646.5,2025-12-02T03:26:30+00:00,W9776,wagon,retrofit,,
1646.5,2025-12-02T03:26:30+00:00,W12208,wagon,retrofit,,
1646.5,2025-12-02T03:26:30+00:00,W11348,wagon,retrofit,,
1646.5,2025-12-02T03:26:30+00:00,W12037,wagon,retrofit,,
1646.5,2025-12-02T03:26:30+00:00,W0440,wagon,retrofit,,
1646.5,2025-12-02T03:26:30+00:00,W11988,wagon,retrofit,,
1648.5,2025-12-02T03:28:30+00:00,LOCO_01,locomotive,retrofit,track_19,
1656.5,2025-12-02T03:36:30+00:00,LOCO_01,locomotive,WS_01,retrofit,
1656.5,2025-12-02T03:36:30+00:00,W0049,wagon,retrofit,,retrofit|WS_01
1656.5,2025-12-02T03:36:30+00:00,W2535,wagon,retrofit,,retrofit|WS_01
1661.5,2025-12-02T03:41:30+00:00,W0049,wagon,WS_01,,
1661.5,2025-12-02T03:41:30+00:00,W2535,wagon,WS_01,,
1667.5,2025-12-02T03:47:30+00:00,W0049,wagon,WS_01,,
1667.5,2025-12-02T03:47:30+00:00,W2535,wagon,WS_01,,
1667.5,2025-12-02T03:47:30+00:00,LOCO_01,locomotive,track_19,WS_01,
1672.5,2025-12-02T03:52:30+00:00,LOCO_01,locomotive,retrofitted,track_19,
1682.5,2025-12-02T04:02:30+00:00,LOCO_01,locomotive,parking16,retrofitted,
1687.25,2025-12-02T04:07:15+00:00,W9174,wagon,collection1,,
1687.25,2025-12-02T04:07:15+00:00,W9169,wagon,collection2,,
1687.25,2025-12-02T04:07:15+00:00,W9173,wagon,collection2,,
1697.5,2025-12-02T04:17:30+00:00,LOCO_02,locomotive,track_19,retrofit,
1702.5,2025-12-02T04:22:30+00:00,LOCO_02,locomotive,WS_02,track_19,
1709.5,2025-12-02T04:29:30+00:00,LOCO_02,locomotive,retrofitted,WS_02,
1709.5,2025-12-02T04:29:30+00:00,W2238,wagon,WS_02,,WS_02|retrofitted
1709.5,2025-12-02T04:29:30+00:00,W0047,wagon,WS_02,,WS_02|retrofitted
1714.5,2025-12-02T04:34:30+00:00,W2238,wagon,retrofitted,,
1714.5,2025-12-02T04:34:30+00:00,W0047,wagon,retrofitted,,
1714.5,2025-12-02T04:34:30+00:00,LOCO_02,locomotive,track_19,retrofitted,
1721.5,2025-12-02T04:41:30+00:00,LOCO_02,locomotive,retrofit,track_19,
1729.5,2025-12-02T04:49:30+00:00,LOCO_02,locomotive,WS_02,retrofit,
1729.5,2025-12-02T04:49:30+00:00,W7970,wagon,retrofit,,retrofit|WS_02
1729.5,2025-12-02T04:49:30+00:00,W4849,wagon,retrofit,,retrofit|WS_02
1734.5,2025-12-02T04:54:30+00:00,W7970,wagon,WS_02,,
1734.5,2025-12-02T04:54:30+00:00,W4849,wagon,WS_02,,
1740.5,2025-12-02T05:00:30+00:00,W7970,wagon,WS_02,,
1740.5,2025-12-02T05:00:30+00:00,W4849,wagon,WS_02,,
1740.5,2025-12-02T05:00:30+00:00,LOCO_02,locomotive,track_19,WS_02,
1745.5,2025-12-02T05:05:30+00:00,LOCO_02,locomotive,WS_01,track_19,
1752.5,2025-12-02T05:12:30+00:00,LOCO_02,locomotive,retrofitted,WS_01,
1752.5,2025-12-02T05:12:30+00:00,W0049,wagon,WS_01,,WS_01|retrofitted
1752.5,2025-12-02T05:12:30+00:00,W2535,wagon,WS_01,,WS_01|retrofitted
1757.5,2025-12-02T05:17:30+00:00,W0049,wagon,retrofitted,,
1757.5,2025-12-02T05:17:30+00:00,W2535,wagon,retrofitted,,
1757.5,2025-12-02T05:17:30+00:00,LOCO_02,locomotive,track_19,retrofitted,
1762.5,2025-12-02T05:22:30+00:00,LOCO_02,locomotive,collection2,track_19,
1767.0,2025-12-02T05:27:00+00:00,W6140,wagon,collection1,,
1810.0,2025-12-02T06:10:00+00:00,W6253,wagon,parking16,,
1810.0,2025-12-02T06:10:00+00:00,W7747,wagon,parking16,,
1810.0,2025-12-02T06:10:00+00:00,W10546,wagon,parking16,,
1810.0,2025-12-02T06:10:00+00:00,W7222,wagon,parking16,,
1810.0,2025-12-02T06:10:00+00:00,W0689,wagon,parking16,,
1810.0,2025-12-02T06:10:00+00:00,W11268,wagon,parking16,,
1810.0,2025-12-02T06:10:00+00:00,W11509,wagon,parking16,,
1810.0,2025-12-02T06:10:00+00:00,W6557,wagon,parking16,,
1810.0,2025-12-02T06:10:00+00:00,LOCO_01,locomotive,track_19,parking16,
1829.5,2025-12-02T06:29:30+00:00,LOCO_02,locomotive,retrofit,collection2,
1829.5,2025-12-02T06:29:30+00:00,W11467,wagon,collection2,,collection2|Mainline|retrofit
1829.5,2025-12-02T06:29:30+00:00,W10354,wagon,collection2,,collection2|Mainline|retrofit
1829.5,2025-12-02T06:29:30+00:00,W3950,wagon,collection2,,collection2|Mainline|retrofit
1853.5,2025-12-02T06:53:30+00:00,W10364,wagon,collection1,,
1853.5,2025-12-02T06:53:30+00:00,W6077,wagon,collection1,,
1870.0,2025-12-02T07:10:00+00:00,W9270,wagon,collection2,,
1870.0,2025-12-02T07:10:00+00:00,W9276,wagon,collection2,,
1870.0,2025-12-02T07:10:00+00:00,W11578,wagon,collection2,,
1870.0,2025-12-02T07:10:00+00:00,LOCO_01,locomotive,WS_02,track_19,
1877.0,2025-12-02T07:17:00+00:00,LOCO_01,locomotive,retrofitted,WS_02,
1877.0,2025-12-02T07:17:00+00:00,W7970,wagon,WS_02,,WS_02|retrofitted
1877.0,2025-12-02T07:17:00+00:00,W4849,wagon,WS_02,,WS_02|retrofitted
1882.0,2025-12-02T07:22:00+00:00,W7970,wagon,retrofitted,,
1882.0,2025-12-02T07:22:00+00:00,W4849,wagon,retrofitted,,
1882.0,2025-12-02T07:22:00+00:00,LOCO_01,locomotive,track_19,retrofitted,
1889.0,2025-12-02T07:29:00+00:00,LOCO_01,locomotive,retrofit,track_19,
1889.5,2025-12-02T07:29:30+00:00,W11467,wagon,retrofit,,
1889.5,2025-12-02T07:29:30+00:00,W10354,wagon,retrofit,,
1889.5,2025-12-02T07:29:30+00:00,W3950,wagon,retrofit,,
1897.0,2025-12-02T07:37:00+00:00,LOCO_01,locomotive,WS_01,retrofit,
1897.0,2025-12-02T07:37:00+00:00,W2967,wagon,retrofit,,retrofit|WS_01
1897.0,2025-12-02T07:37:00+00:00,W9776,wagon,retrofit,,retrofit|WS_01
1902.0,2025-12-02T07:42:00+00:00,W2967,wagon,WS_01,,
1902.0,2025-12-02T07:42:00+00:00,W9776,wagon,WS_01,,
1904.5,2025-12-02T07:44:30+00:00,LOCO_02,locomotive,track_19,retrofit,
1908.0,2025-12-02T07:48:00+00:00,W2967,wagon,WS_01,,
1908.0,2025-12-02T07:48:00+00:00,W9776,wagon,WS_01,,
1908.0,2025-12-02T07:48:00+00:00,LOCO_01,locomotive,track_19,WS_01,
1911.5,2025-12-02T07:51:30+00:00,LOCO_02,locomotive,retrofit,track_19,
1913.0,2025-12-02T07:53:00+00:00,LOCO_01,locomotive,retrofitted,track_19,
1919.5,2025-12-02T07:59:30+00:00,LOCO_02,locomotive,WS_02,retrofit,
1919.5,2025-12-02T07:59:30+00:00,W12208,wagon,retrofit,,retrofit|WS_02
1919.5,2025-12-02T07:59:30+00:00,W11348,wagon,retrofit,,retrofit|WS_02
1923.0,2025-12-02T08:03:00+00:00,LOCO_01,locomotive,parking16,retrofitted,
1924.5,2025-12-02T08:04:30+00:00,W12208,wagon,WS_02,,
1924.5,2025-12-02T08:04:30+00:00,W11348,wagon,WS_02,,
1930.5,2025-12-02T08:10:30+00:00,W12208,wagon,WS_02,,
1930.5,2025-12-02T08:10:30+00:00,W11348,wagon,WS_02,,
1930.5,2025-12-02T08:10:30+00:00,LOCO_02,locomotive,track_19,WS_02,
1965.25,2025-12-02T08:45:15+00:00,W0623,wagon,collection2,,
1965.25,2025-12-02T08:45:15+00:00,W11970,wagon,collection2,,
1968.5,2025-12-02T08:48:30+00:00,LOCO_02,locomotive,WS_01,track_19,
1975.5,2025-12-02T08:55:30+00:00,LOCO_02,locomotive,retrofitted,WS_01,
1975.5,2025-12-02T08:55:30+00:00,W2967,wagon,WS_01,,WS_01|retrofitted
1975.5,2025-12-02T08:55:30+00:00,W9776,wagon,WS_01,,WS_01|retrofitted
1980.5,2025-12-02T09:00:30+00:00,W2967,wagon,retrofitted,,
1980.5,2025-12-02T09:00:30+00:00,W9776,wagon,retrofitted,,
1980.5,2025-12-02T09:00:30+00:00,LOCO_02,locomotive,track_19,retrofitted,
1987.5,2025-12-02T09:07:30+00:00,LOCO_02,locomotive,retrofit,track_19,
1995.5,2025-12-02T09:15:30+00:00,LOCO_02,locomotive,WS_01,retrofit,
1995.5,2025-12-02T09:15:30+00:00,W12037,wagon,retrofit,,retrofit|WS_01
1995.5,2025-12-02T09:15:30+00:00,W0440,wagon,retrofit,,retrofit|WS_01
2000.5,2025-12-02T09:20:30+00:00,W12037,wagon,WS_01,,
2000.5,2025-12-02T09:20:30+00:00,W0440,wagon,WS_01,,
2006.5,2025-12-02T09:26:30+00:00,W12037,wagon,WS_01,,
2006.5,2025-12-02T09:26:30+00:00,W0440,wagon,WS_01,,
2006.5,2025-12-02T09:26:30+00:00,LOCO_02,locomotive,track_19,WS_01,
2011.5,2025-12-02T09:31:30+00:00,LOCO_02,locomotive,WS_02,track_19,
2018.5,2025-12-02T09:38:30+00:00,LOCO_02,locomotive,retrofitted,WS_02,
2018.5,2025-12-02T09:38:30+00:00,W12208,wagon,WS_02,,WS_02|retrofitted
2018.5,2025-12-02T09:38:30+00:00,W11348,wagon,WS_02,,WS_02|retrofitted
2023.5,2025-12-02T09:43:30+00:00,W12208,wagon,retrofitted,,
2023.5,2025-12-02T09:43:30+00:00,W11348,wagon,retrofitted,,
2023.5,2025-12-02T09:43:30+00:00,LOCO_02,locomotive,track_19,retrofitted,
2030.5,2025-12-02T09:50:30+00:00,LOCO_02,locomotive,retrofit,track_19,
2038.5,2025-12-02T09:58:30+00:00,LOCO_02,locomotive,WS_02,retrofit,
2038.5,2025-12-02T09:58:30+00:00,W11988,wagon,retrofit,,retrofit|WS_02
2038.5,2025-12-02T09:58:30+00:00,W11467,wagon,retrofit,,retrofit|WS_02
2043.5,2025-12-02T10:03:30+00:00,W11988,wagon,WS_02,,
2043.5,2025-12-02T10:03:30+00:00,W11467,wagon,WS_02,,
2049.5,2025-12-02T10:09:30+00:00,W11988,wagon,WS_02,,
2049.5,2025-12-02T10:09:30+00:00,W11467,wagon,WS_02,,
2049.5,2025-12-02T10:09:30+00:00,LOCO_02,locomotive,track_19,WS_02,
2050.5,2025-12-02T10:10:30+00:00,W10356,wagon,parking16,,
2050.5,2025-12-02T10:10:30+00:00,W6006,wagon,parking16,,
2050.5,2025-12-02T10:10:30+00:00,W4440,wagon,parking16,,
2050.5,2025-12-02T10:10:30+00:00,W10383,wagon,parking16,,
2050.5,2025-12-02T10:10:30+00:00,W2238,wagon,parking16,,
2050.5,2025-12-02T10:10:30+00:00,W0047,wagon,parking16,,
2050.5,2025-12-02T10:10:30+00:00,W0049,wagon,parking16,,
2050.5,2025-12-02T10:10:30+00:00,W2535,wagon,parking16,,
2050.5,2025-12-02T10:10:30+00:00,LOCO_01,locomotive,track_19,parking16,
2054.5,2025-12-02T10:14:30+00:00,LOCO_02,locomotive,collection1,track_19,
2110.5,2025-12-02T11:10:30+00:00,LOCO_01,locomotive,WS_01,track_19,
2117.5,2025-12-02T11:17:30+00:00,LOCO_01,locomotive,retrofitted,WS_01,
2117.5,2025-12-02T11:17:30+00:00,W12037,wagon,WS_01,,WS_01|retrofitted
2117.5,2025-12-02T11:17:30+00:00,W0440,wagon,WS_01,,WS_01|retrofitted
2121.5,2025-12-02T11:21:30+00:00,LOCO_02,locomotive,retrofit,collection1,
2121.5,2025-12-02T11:21:30+00:00,W12260,wagon,collection1,,collection1|Mainline|retrofit
2121.5,2025-12-02T11:21:30+00:00,W0130,wagon,collection1,,collection1|Mainline|retrofit
2121.5,2025-12-02T11:21:30+00:00,W9352,wagon,collection1,,collection1|Mainline|retrofit
2122.5,2025-12-02T11:22:30+00:00,W12037,wagon,retrofitted,,
2122.5,2025-12-02T11:22:30+00:00,W0440,wagon,retrofitted,,
2122.5,2025-12-02T11:22:30+00:00,LOCO_01,locomotive,track_19,retrofitted,
2127.5,2025-12-02T11:27:30+00:00,LOCO_01,locomotive,WS_02,track_19,
2134.5,2025-12-02T11:34:30+00:00,LOCO_01,locomotive,retrofitted,WS_02,
2134.5,2025-12-02T11:34:30+00:00,W11988,wagon,WS_02,,WS_02|retrofitted
2134.5,2025-12-02T11:34:30+00:00,W11467,wagon,WS_02,,WS_02|retrofitted
2138.0,2025-12-02T11:38:00+00:00,W3173,wagon,collection2,,
2138.0,2025-12-02T11:38:00+00:00,W5038,wagon,collection2,,
2138.0,2025-12-02T11:38:00+00:00,W11261,wagon,collection2,,
2138.0,2025-12-02T11:38:00+00:00,W11259,wagon,collection2,,
2138.0,2025-12-02T11:38:00+00:00,W5167,wagon,collection2,,
2138.0,2025-12-02T11:38:00+00:00,W4666,wagon,collection2,,
2138.0,2025-12-02T11:38:00+00:00,W11269,wagon,collection2,,
2138.0,2025-12-02T11:38:00+00:00,W3811,wagon,collection2,,
2138.0,2025-12-02T11:38:00+00:00,W2926,wagon,collection2,,
2138.0,2025-12-02T11:38:00+00:00,W5391,wagon,collection2,,
2138.0,2025-12-02T11:38:00+00:00,W6682,wagon,collection2,,
2138.0,2025-12-02T11:38:00+00:00,W11256,wagon,collection2,,
2138.0,2025-12-02T11:38:00+00:00,W10892,wagon,collection2,,
2139.5,2025-12-02T11:39:30+00:00,W11988,wagon,retrofitted,,
2139.5,2025-12-02T11:39:30+00:00,W11467,wagon,retrofitted,,
2139.5,2025-12-02T11:39:30+00:00,LOCO_01,locomotive,track_19,retrofitted,
2146.5,2025-12-02T11:46:30+00:00,LOCO_01,locomotive,retrofit,track_19,
2149.75,2025-12-02T11:49:45+00:00,W1906,wagon,collection2,,
2154.5,2025-12-02T11:54:30+00:00,LOCO_01,locomotive,WS_01,retrofit,
2154.5,2025-12-02T11:54:30+00:00,W10354,wagon,retrofit,,retrofit|WS_01
2154.5,2025-12-02T11:54:30+00:00,W3950,wagon,retrofit,,retrofit|WS_01
2158.0,2025-12-02T11:58:00+00:00,W1158,wagon,collection2,,
2158.0,2025-12-02T11:58:00+00:00,W1139,wagon,collection2,,
2158.0,2025-12-02T11:58:00+00:00,W1149,wagon,collection2,,
2158.0,2025-12-02T11:58:00+00:00,W1150,wagon,collection2,,
2158.0,2025-12-02T11:58:00+00:00,W1151,wagon,collection2,,
2158.0,2025-12-02T11:58:00+00:00,W1152,wagon,collection2,,
2159.5,2025-12-02T11:59:30+00:00,W10354,wagon,WS_01,,
2159.5,2025-12-02T11:59:30+00:00,W3950,wagon,WS_01,,
2165.5,2025-12-02T12:05:30+00:00,W10354,wagon,WS_01,,
2165.5,2025-12-02T12:05:30+00:00,W3950,wagon,WS_01,,
2165.5,2025-12-02T12:05:30+00:00,LOCO_01,locomotive,track_19,WS_01,
2170.5,2025-12-02T12:10:30+00:00,LOCO_01,locomotive,collection2,track_19,
2181.5,2025-12-02T12:21:30+00:00,W12260,wagon,retrofit,,
2181.5,2025-12-02T12:21:30+00:00,W0130,wagon,retrofit,,
2181.5,2025-12-02T12:21:30+00:00,W9352,wagon,retrofit,,
2196.5,2025-12-02T12:36:30+00:00,LOCO_02,locomotive,track_19,retrofit,
2203.5,2025-12-02T12:43:30+00:00,LOCO_02,locomotive,retrofit,track_19,
2211.5,2025-12-02T12:51:30+00:00,LOCO_02,locomotive,WS_02,retrofit,
2211.5,2025-12-02T12:51:30+00:00,W12260,wagon,retrofit,,retrofit|WS_02
2211.5,2025-12-02T12:51:30+00:00,W0130,wagon,retrofit,,retrofit|WS_02
2216.5,2025-12-02T12:56:30+00:00,W12260,wagon,WS_02,,
2216.5,2025-12-02T12:56:30+00:00,W0130,wagon,WS_02,,
2222.5,2025-12-02T13:02:30+00:00,W12260,wagon,WS_02,,
2222.5,2025-12-02T13:02:30+00:00,W0130,wagon,WS_02,,
2222.5,2025-12-02T13:02:30+00:00,LOCO_02,locomotive,track_19,WS_02,
2227.5,2025-12-02T13:07:30+00:00,LOCO_02,locomotive,WS_01,track_19,
2234.5,2025-12-02T13:14:30+00:00,LOCO_02,locomotive,retrofitted,WS_01,
2234.5,2025-12-02T13:14:30+00:00,W10354,wagon,WS_01,,WS_01|retrofitted
2234.5,2025-12-02T13:14:30+00:00,W3950,wagon,WS_01,,WS_01|retrofitted
2239.5,2025-12-02T13:19:30+00:00,W10354,wagon,retrofitted,,
2239.5,2025-12-02T13:19:30+00:00,W3950,wagon,retrofitted,,
2239.5,2025-12-02T13:19:30+00:00,LOCO_02,locomotive,track_19,retrofitted,
2244.5,2025-12-02T13:24:30+00:00,LOCO_02,locomotive,retrofitted,track_19,
2245.5,2025-12-02T13:25:30+00:00,LOCO_01,locomotive,retrofit,collection2,
2245.5,2025-12-02T13:25:30+00:00,W7997,wagon,collection2,,collection2|Mainline|retrofit
2245.5,2025-12-02T13:25:30+00:00,W8626,wagon,collection2,,collection2|Mainline|retrofit
2245.5,2025-12-02T13:25:30+00:00,W9169,wagon,collection2,,collection2|Mainline|retrofit
2245.5,2025-12-02T13:25:30+00:00,W9173,wagon,collection2,,collection2|Mainline|retrofit
2245.5,2025-12-02T13:25:30+00:00,W9270,wagon,collection2,,collection2|Mainline|retrofit
2245.5,2025-12-02T13:25:30+00:00,W9276,wagon,collection2,,collection2|Mainline|retrofit
2245.5,2025-12-02T13:25:30+00:00,W11578,wagon,collection2,,collection2|Mainline|retrofit
2253.5,2025-12-02T13:33:30+00:00,LOCO_02,locomotive,parking1,retrofitted,
2258.0,2025-12-02T13:38:00+00:00,W11254,wagon,collection1,,
2258.0,2025-12-02T13:38:00+00:00,W10878,wagon,collection1,,
2258.0,2025-12-02T13:38:00+00:00,W10889,wagon,collection1,,
2264.0,2025-12-02T13:44:00+00:00,W7970,wagon,parking1,,
2264.0,2025-12-02T13:44:00+00:00,W4849,wagon,parking1,,
2264.0,2025-12-02T13:44:00+00:00,W2967,wagon,parking1,,
2264.0,2025-12-02T13:44:00+00:00,W9776,wagon,parking1,,
2264.0,2025-12-02T13:44:00+00:00,W12208,wagon,parking1,,
2264.0,2025-12-02T13:44:00+00:00,W11348,wagon,parking1,,
2264.0,2025-12-02T13:44:00+00:00,LOCO_02,locomotive,track_19,parking1,
2269.0,2025-12-02T13:49:00+00:00,LOCO_02,locomotive,retrofit,track_19,
2277.0,2025-12-02T13:57:00+00:00,LOCO_02,locomotive,WS_01,retrofit,
2277.0,2025-12-02T13:57:00+00:00,W9352,wagon,retrofit,,retrofit|WS_01
2282.0,2025-12-02T14:02:00+00:00,W9352,wagon,WS_01,,
2285.0,2025-12-02T14:05:00+00:00,W9352,wagon,WS_01,,
2285.0,2025-12-02T14:05:00+00:00,LOCO_02,locomotive,track_19,WS_01,
2290.0,2025-12-02T14:10:00+00:00,LOCO_02,locomotive,WS_02,track_19,
2297.0,2025-12-02T14:17:00+00:00,LOCO_02,locomotive,retrofitted,WS_02,
2297.0,2025-12-02T14:17:00+00:00,W12260,wagon,WS_02,,WS_02|retrofitted
2297.0,2025-12-02T14:17:00+00:00,W0130,wagon,WS_02,,WS_02|retrofitted
2302.0,2025-12-02T14:22:00+00:00,W12260,wagon,retrofitted,,
2302.0,2025-12-02T14:22:00+00:00,W0130,wagon,retrofitted,,
2302.0,2025-12-02T14:22:00+00:00,LOCO_02,locomotive,track_19,retrofitted,
2303.75,2025-12-02T14:23:45+00:00,W11320,wagon,collection1,,
2303.75,2025-12-02T14:23:45+00:00,W5833,wagon,collection1,,
2303.75,2025-12-02T14:23:45+00:00,W6096,wagon,collection1,,
2303.75,2025-12-02T14:23:45+00:00,W0874,wagon,collection1,,
2303.75,2025-12-02T14:23:45+00:00,W10689,wagon,collection1,,
2303.75,2025-12-02T14:23:45+00:00,W5838,wagon,collection1,,
2303.75,2025-12-02T14:23:45+00:00,W11241,wagon,collection1,,
2303.75,2025-12-02T14:23:45+00:00,W2444,wagon,collection1,,
2305.5,2025-12-02T14:25:30+00:00,W7997,wagon,retrofit,,
2305.5,2025-12-02T14:25:30+00:00,W8626,wagon,retrofit,,
2305.5,2025-12-02T14:25:30+00:00,W9169,wagon,retrofit,,
2305.5,2025-12-02T14:25:30+00:00,W9173,wagon,retrofit,,
2305.5,2025-12-02T14:25:30+00:00,W9270,wagon,retrofit,,
2305.5,2025-12-02T14:25:30+00:00,W9276,wagon,retrofit,,
2305.5,2025-12-02T14:25:30+00:00,W11578,wagon,retrofit,,
2307.0,2025-12-02T14:27:00+00:00,LOCO_02,locomotive,retrofitted,track_19,
2316.0,2025-12-02T14:36:00+00:00,LOCO_02,locomotive,parking12,retrofitted,
2324.25,2025-12-02T14:44:15+00:00,W9329,wagon,collection1,,
2344.5,2025-12-02T15:04:30+00:00,LOCO_01,locomotive,track_19,retrofit,
2349.5,2025-12-02T15:09:30+00:00,LOCO_01,locomotive,WS_01,track_19,
2356.0,2025-12-02T15:16:00+00:00,LOCO_01,locomotive,retrofitted,WS_01,
2356.0,2025-12-02T15:16:00+00:00,W9352,wagon,WS_01,,WS_01|retrofitted
2361.0,2025-12-02T15:21:00+00:00,W9352,wagon,retrofitted,,
2361.0,2025-12-02T15:21:00+00:00,LOCO_01,locomotive,track_19,retrofitted,
2368.0,2025-12-02T15:28:00+00:00,LOCO_01,locomotive,retrofit,track_19,
2376.0,2025-12-02T15:36:00+00:00,LOCO_01,locomotive,WS_02,retrofit,
2376.0,2025-12-02T15:36:00+00:00,W7997,wagon,retrofit,,retrofit|WS_02
2376.0,2025-12-02T15:36:00+00:00,W8626,wagon,retrofit,,retrofit|WS_02
2381.0,2025-12-02T15:41:00+00:00,W7997,wagon,WS_02,,
2381.0,2025-12-02T15:41:00+00:00,W8626,wagon,WS_02,,
2381.5,2025-12-02T15:41:30+00:00,W12037,wagon,parking12,,
2381.5,2025-12-02T15:41:30+00:00,W0440,wagon,parking12,,
2381.5,2025-12-02T15:41:30+00:00,W11988,wagon,parking12,,
2381.5,2025-12-02T15:41:30+00:00,W11467,wagon,parking12,,
2381.5,2025-12-02T15:41:30+00:00,W10354,wagon,parking12,,
2381.5,2025-12-02T15:41:30+00:00,W3950,wagon,parking12,,
2381.5,2025-12-02T15:41:30+00:00,LOCO_02,locomotive,track_19,parking12,
2387.0,2025-12-02T15:47:00+00:00,W7997,wagon,WS_02,,
2387.0,2025-12-02T15:47:00+00:00,W8626,wagon,WS_02,,
2387.0,2025-12-02T15:47:00+00:00,LOCO_01,locomotive,track_19,WS_02,
2394.0,2025-12-02T15:54:00+00:00,LOCO_01,locomotive,retrofit,track_19,
2402.0,2025-12-02T16:02:00+00:00,LOCO_01,locomotive,WS_01,retrofit,
2402.0,2025-12-02T16:02:00+00:00,W9169,wagon,retrofit,,retrofit|WS_01
2402.0,2025-12-02T16:02:00+00:00,W9173,wagon,retrofit,,retrofit|WS_01
2407.0,2025-12-02T16:07:00+00:00,W9169,wagon,WS_01,,
2407.0,2025-12-02T16:07:00+00:00,W9173,wagon,WS_01,,
2413.0,2025-12-02T16:13:00+00:00,W9169,wagon,WS_01,,
2413.0,2025-12-02T16:13:00+00:00,W9173,wagon,WS_01,,
2413.0,2025-12-02T16:13:00+00:00,LOCO_01,locomotive,track_19,WS_01,
2418.0,2025-12-02T16:18:00+00:00,LOCO_01,locomotive,collection1,track_19,
2441.5,2025-12-02T16:41:30+00:00,LOCO_02,locomotive,collection2,track_19,
2484.75,2025-12-02T17:24:45+00:00,W5978,wagon,collection2,,
2484.75,2025-12-02T17:24:45+00:00,W5686,wagon,collection2,,
2484.75,2025-12-02T17:24:45+00:00,W5403,wagon,collection2,,
2484.75,2025-12-02T17:24:45+00:00,W9401,wagon,collection2,,
2495.0,2025-12-02T17:35:00+00:00,LOCO_01,locomotive,retrofit,collection1,
2495.0,2025-12-02T17:35:00+00:00,W2980,wagon,collection1,,collection1|Mainline|retrofit
2495.0,2025-12-02T17:35:00+00:00,W2406,wagon,collection1,,collection1|Mainline|retrofit
2495.0,2025-12-02T17:35:00+00:00,W2399,wagon,collection1,,collection1|Mainline|retrofit
2495.0,2025-12-02T17:35:00+00:00,W9868,wagon,collection1,,collection1|Mainline|retrofit
2495.0,2025-12-02T17:35:00+00:00,W12060,wagon,collection1,,collection1|Mainline|retrofit
2495.0,2025-12-02T17:35:00+00:00,W12210,wagon,collection1,,collection1|Mainline|retrofit
2495.0,2025-12-02T17:35:00+00:00,W8636,wagon,collection1,,collection1|Mainline|retrofit
2495.0,2025-12-02T17:35:00+00:00,W10949,wagon,collection1,,collection1|Mainline|retrofit
2506.5,2025-12-02T17:46:30+00:00,LOCO_02,locomotive,retrofit,collection2,
2506.5,2025-12-02T17:46:30+00:00,W0623,wagon,collection2,,collection2|Mainline|retrofit
2506.5,2025-12-02T17:46:30+00:00,W11970,wagon,collection2,,collection2|Mainline|retrofit
2555.0,2025-12-02T18:35:00+00:00,W2980,wagon,retrofit,,
2555.0,2025-12-02T18:35:00+00:00,W2406,wagon,retrofit,,
2555.0,2025-12-02T18:35:00+00:00,W2399,wagon,retrofit,,
2555.0,2025-12-02T18:35:00+00:00,W9868,wagon,retrofit,,
2555.0,2025-12-02T18:35:00+00:00,W12060,wagon,retrofit,,
2555.0,2025-12-02T18:35:00+00:00,W12210,wagon,retrofit,,
2555.0,2025-12-02T18:35:00+00:00,W8636,wagon,retrofit,,
2555.0,2025-12-02T18:35:00+00:00,W10949,wagon,retrofit,,
2566.5,2025-12-02T18:46:30+00:00,W0623,wagon,retrofit,,
2566.5,2025-12-02T18:46:30+00:00,W11970,wagon,retrofit,,
2575.5,2025-12-02T18:55:30+00:00,LOCO_02,locomotive,track_19,retrofit,
2580.5,2025-12-02T19:00:30+00:00,LOCO_02,locomotive,WS_02,track_19,
2587.5,2025-12-02T19:07:30+00:00,LOCO_02,locomotive,retrofitted,WS_02,
2587.5,2025-12-02T19:07:30+00:00,W7997,wagon,WS_02,,WS_02|retrofitted
2587.5,2025-12-02T19:07:30+00:00,W8626,wagon,WS_02,,WS_02|retrofitted
2592.5,2025-12-02T19:12:30+00:00,W7997,wagon,retrofitted,,
2592.5,2025-12-02T19:12:30+00:00,W8626,wagon,retrofitted,,
2592.5,2025-12-02T19:12:30+00:00,LOCO_02,locomotive,track_19,retrofitted,
2597.5,2025-12-02T19:17:30+00:00,LOCO_02,locomotive,WS_01,track_19,
2600.0,2025-12-02T19:20:00+00:00,LOCO_01,locomotive,track_19,retrofit,
2604.5,2025-12-02T19:24:30+00:00,LOCO_02,locomotive,retrofitted,WS_01,
2604.5,2025-12-02T19:24:30+00:00,W9169,wagon,WS_01,,WS_01|retrofitted
2604.5,2025-12-02T19:24:30+00:00,W9173,wagon,WS_01,,WS_01|retrofitted
2607.0,2025-12-02T19:27:00+00:00,LOCO_01,locomotive,retrofit,track_19,
2609.5,2025-12-02T19:29:30+00:00,W9169,wagon,retrofitted,,
2609.5,2025-12-02T19:29:30+00:00,W9173,wagon,retrofitted,,
2609.5,2025-12-02T19:29:30+00:00,LOCO_02,locomotive,track_19,retrofitted,
2614.5,2025-12-02T19:34:30+00:00,LOCO_02,locomotive,retrofitted,track_19,
2615.0,2025-12-02T19:35:00+00:00,LOCO_01,locomotive,WS_02,retrofit,
2615.0,2025-12-02T19:35:00+00:00,W9270,wagon,retrofit,,retrofit|WS_02
2615.0,2025-12-02T19:35:00+00:00,W9276,wagon,retrofit,,retrofit|WS_02
2620.0,2025-12-02T19:40:00+00:00,W9270,wagon,WS_02,,
2620.0,2025-12-02T19:40:00+00:00,W9276,wagon,WS_02,,
2622.0,2025-12-02T19:42:00+00:00,LOCO_02,locomotive,parking13,retrofitted,
2626.0,2025-12-02T19:46:00+00:00,W9270,wagon,WS_02,,
2626.0,2025-12-02T19:46:00+00:00,W9276,wagon,WS_02,,
2626.0,2025-12-02T19:46:00+00:00,LOCO_01,locomotive,track_19,WS_02,
2633.0,2025-12-02T19:53:00+00:00,LOCO_01,locomotive,retrofit,track_19,
2641.0,2025-12-02T20:01:00+00:00,LOCO_01,locomotive,WS_01,retrofit,
2641.0,2025-12-02T20:01:00+00:00,W11578,wagon,retrofit,,retrofit|WS_01
2641.0,2025-12-02T20:01:00+00:00,W2980,wagon,retrofit,,retrofit|WS_01
2646.0,2025-12-02T20:06:00+00:00,W11578,wagon,WS_01,,
2646.0,2025-12-02T20:06:00+00:00,W2980,wagon,WS_01,,
2652.0,2025-12-02T20:12:00+00:00,W11578,wagon,WS_01,,
2652.0,2025-12-02T20:12:00+00:00,W2980,wagon,WS_01,,
2652.0,2025-12-02T20:12:00+00:00,LOCO_01,locomotive,track_19,WS_01,
2657.0,2025-12-02T20:17:00+00:00,LOCO_01,locomotive,collection2,track_19,
2666.75,2025-12-02T20:26:45+00:00,W12077,wagon,collection1,,
2666.75,2025-12-02T20:26:45+00:00,W11766,wagon,collection1,,
2666.75,2025-12-02T20:26:45+00:00,W4793,wagon,collection2,,
2666.75,2025-12-02T20:26:45+00:00,W11718,wagon,collection2,,
2699.5,2025-12-02T20:59:30+00:00,W12260,wagon,parking13,,
2699.5,2025-12-02T20:59:30+00:00,W0130,wagon,parking13,,
2699.5,2025-12-02T20:59:30+00:00,W9352,wagon,parking13,,
2699.5,2025-12-02T20:59:30+00:00,LOCO_02,locomotive,track_19,parking13,
2722.0,2025-12-02T21:22:00+00:00,LOCO_01,locomotive,retrofit,collection2,
2722.0,2025-12-02T21:22:00+00:00,W3173,wagon,collection2,,collection2|Mainline|retrofit
2722.0,2025-12-02T21:22:00+00:00,W5038,wagon,collection2,,collection2|Mainline|retrofit
2759.5,2025-12-02T21:59:30+00:00,LOCO_02,locomotive,WS_02,track_19,
2766.5,2025-12-02T22:06:30+00:00,LOCO_02,locomotive,retrofitted,WS_02,
2766.5,2025-12-02T22:06:30+00:00,W9270,wagon,WS_02,,WS_02|retrofitted
2766.5,2025-12-02T22:06:30+00:00,W9276,wagon,WS_02,,WS_02|retrofitted
2771.5,2025-12-02T22:11:30+00:00,W9270,wagon,retrofitted,,
2771.5,2025-12-02T22:11:30+00:00,W9276,wagon,retrofitted,,
2771.5,2025-12-02T22:11:30+00:00,LOCO_02,locomotive,track_19,retrofitted,
2776.5,2025-12-02T22:16:30+00:00,LOCO_02,locomotive,WS_01,track_19,
2782.0,2025-12-02T22:22:00+00:00,W3173,wagon,retrofit,,
2782.0,2025-12-02T22:22:00+00:00,W5038,wagon,retrofit,,
2783.5,2025-12-02T22:23:30+00:00,LOCO_02,locomotive,retrofitted,WS_01,
2783.5,2025-12-02T22:23:30+00:00,W11578,wagon,WS_01,,WS_01|retrofitted
2783.5,2025-12-02T22:23:30+00:00,W2980,wagon,WS_01,,WS_01|retrofitted
2788.5,2025-12-02T22:28:30+00:00,W11578,wagon,retrofitted,,
2788.5,2025-12-02T22:28:30+00:00,W2980,wagon,retrofitted,,
2788.5,2025-12-02T22:28:30+00:00,LOCO_02,locomotive,track_19,retrofitted,
2791.0,2025-12-02T22:31:00+00:00,LOCO_01,locomotive,track_19,retrofit,
2795.5,2025-12-02T22:35:30+00:00,LOCO_02,locomotive,retrofit,track_19,
2798.0,2025-12-02T22:38:00+00:00,LOCO_01,locomotive,retrofit,track_19,
2803.5,2025-12-02T22:43:30+00:00,LOCO_02,locomotive,WS_02,retrofit,
2803.5,2025-12-02T22:43:30+00:00,W2406,wagon,retrofit,,retrofit|WS_02
2803.5,2025-12-02T22:43:30+00:00,W2399,wagon,retrofit,,retrofit|WS_02
2806.0,2025-12-02T22:46:00+00:00,LOCO_01,locomotive,WS_01,retrofit,
2806.0,2025-12-02T22:46:00+00:00,W9868,wagon,retrofit,,retrofit|WS_01
2806.0,2025-12-02T22:46:00+00:00,W12060,wagon,retrofit,,retrofit|WS_01
2808.5,2025-12-02T22:48:30+00:00,W2406,wagon,WS_02,,
2808.5,2025-12-02T22:48:30+00:00,W2399,wagon,WS_02,,
2811.0,2025-12-02T22:51:00+00:00,W9868,wagon,WS_01,,
2811.0,2025-12-02T22:51:00+00:00,W12060,wagon,WS_01,,
2814.5,2025-12-02T22:54:30+00:00,W2406,wagon,WS_02,,
2814.5,2025-12-02T22:54:30+00:00,W2399,wagon,WS_02,,
2814.5,2025-12-02T22:54:30+00:00,LOCO_02,locomotive,track_19,WS_02,
2817.0,2025-12-02T22:57:00+00:00,W9868,wagon,WS_01,,
2817.0,2025-12-02T22:57:00+00:00,W12060,wagon,WS_01,,
2817.0,2025-12-02T22:57:00+00:00,LOCO_01,locomotive,track_19,WS_01,
2819.5,2025-12-02T22:59:30+00:00,LOCO_02,locomotive,retrofitted,track_19,
2827.5,2025-12-02T23:07:30+00:00,LOCO_02,locomotive,parking14,retrofitted,
2844.75,2025-12-02T23:24:45+00:00,W7261,wagon,collection2,,
2844.75,2025-12-02T23:24:45+00:00,W7263,wagon,collection2,,
2844.75,2025-12-02T23:24:45+00:00,W6339,wagon,collection2,,
2844.75,2025-12-02T23:24:45+00:00,W3618,wagon,collection2,,
2844.75,2025-12-02T23:24:45+00:00,W7252,wagon,collection2,,
2875.0,2025-12-02T23:55:00+00:00,LOCO_01,locomotive,WS_02,track_19,
2882.0,2025-12-03T00:02:00+00:00,LOCO_01,locomotive,retrofitted,WS_02,
2882.0,2025-12-03T00:02:00+00:00,W2406,wagon,WS_02,,WS_02|retrofitted
2882.0,2025-12-03T00:02:00+00:00,W2399,wagon,WS_02,,WS_02|retrofitted
2887.0,2025-12-03T00:07:00+00:00,W2406,wagon,retrofitted,,
2887.0,2025-12-03T00:07:00+00:00,W2399,wagon,retrofitted,,
2887.0,2025-12-03T00:07:00+00:00,LOCO_01,locomotive,track_19,retrofitted,
2892.0,2025-12-03T00:12:00+00:00,LOCO_01,locomotive,WS_01,track_19,
2894.75,2025-12-03T00:14:45+00:00,W6352,wagon,collection2,,
2894.75,2025-12-03T00:14:45+00:00,W10321,wagon,collection2,,
2899.0,2025-12-03T00:19:00+00:00,LOCO_01,locomotive,retrofitted,WS_01,
2899.0,2025-12-03T00:19:00+00:00,W9868,wagon,WS_01,,WS_01|retrofitted
2899.0,2025-12-03T00:19:00+00:00,W12060,wagon,WS_01,,WS_01|retrofitted
2904.0,2025-12-03T00:24:00+00:00,W9868,wagon,retrofitted,,
2904.0,2025-12-03T00:24:00+00:00,W12060,wagon,retrofitted,,
2904.0,2025-12-03T00:24:00+00:00,LOCO_01,locomotive,track_19,retrofitted,
2906.0,2025-12-03T00:26:00+00:00,W7997,wagon,parking14,,
2906.0,2025-12-03T00:26:00+00:00,W8626,wagon,parking14,,
2906.0,2025-12-03T00:26:00+00:00,W9169,wagon,parking14,,
2906.0,2025-12-03T00:26:00+00:00,W9173,wagon,parking14,,
2906.0,2025-12-03T00:26:00+00:00,LOCO_02,locomotive,track_19,parking14,
2911.0,2025-12-03T00:31:00+00:00,LOCO_01,locomotive,retrofit,track_19,
2919.0,2025-12-03T00:39:00+00:00,LOCO_01,locomotive,WS_02,retrofit,
2919.0,2025-12-03T00:39:00+00:00,W12210,wagon,retrofit,,retrofit|WS_02
2919.0,2025-12-03T00:39:00+00:00,W8636,wagon,retrofit,,retrofit|WS_02
2924.0,2025-12-03T00:44:00+00:00,W12210,wagon,WS_02,,
2924.0,2025-12-03T00:44:00+00:00,W8636,wagon,WS_02,,
2930.0,2025-12-03T00:50:00+00:00,W12210,wagon,WS_02,,
2930.0,2025-12-03T00:50:00+00:00,W8636,wagon,WS_02,,
2930.0,2025-12-03T00:50:00+00:00,LOCO_01,locomotive,track_19,WS_02,
2937.0,2025-12-03T00:57:00+00:00,LOCO_01,locomotive,retrofit,track_19,
2945.0,2025-12-03T01:05:00+00:00,LOCO_01,locomotive,WS_01,retrofit,
2945.0,2025-12-03T01:05:00+00:00,W10949,wagon,retrofit,,retrofit|WS_01
2945.0,2025-12-03T01:05:00+00:00,W0623,wagon,retrofit,,retrofit|WS_01
2950.0,2025-12-03T01:10:00+00:00,W10949,wagon,WS_01,,
2950.0,2025-12-03T01:10:00+00:00,W0623,wagon,WS_01,,
2956.0,2025-12-03T01:16:00+00:00,W10949,wagon,WS_01,,
2956.0,2025-12-03T01:16:00+00:00,W0623,wagon,WS_01,,
2956.0,2025-12-03T01:16:00+00:00,LOCO_01,locomotive,track_19,WS_01,
2961.0,2025-12-03T01:21:00+00:00,LOCO_01,locomotive,collection1,track_19,
2966.0,2025-12-03T01:26:00+00:00,LOCO_02,locomotive,collection2,track_19,
3026.0,2025-12-03T02:26:00+00:00,LOCO_01,locomotive,retrofit,collection1,
3026.0,2025-12-03T02:26:00+00:00,W8631,wagon,collection1,,collection1|Mainline|retrofit
3026.0,2025-12-03T02:26:00+00:00,W9392,wagon,collection1,,collection1|Mainline|retrofit
3026.75,2025-12-03T02:26:45+00:00,W7155,wagon,collection2,,
3041.0,2025-12-03T02:41:00+00:00,LOCO_02,locomotive,retrofit,collection2,
3041.0,2025-12-03T02:41:00+00:00,W11261,wagon,collection2,,collection2|Mainline|retrofit
3041.0,2025-12-03T02:41:00+00:00,W11259,wagon,collection2,,collection2|Mainline|retrofit
3041.0,2025-12-03T02:41:00+00:00,W5167,wagon,collection2,,collection2|Mainline|retrofit
3041.0,2025-12-03T02:41:00+00:00,W4666,wagon,collection2,,collection2|Mainline|retrofit
3041.0,2025-12-03T02:41:00+00:00,W11269,wagon,collection2,,collection2|Mainline|retrofit
3041.0,2025-12-03T02:41:00+00:00,W3811,wagon,collection2,,collection2|Mainline|retrofit
3041.0,2025-12-03T02:41:00+00:00,W2926,wagon,collection2,,collection2|Mainline|retrofit
3086.0,2025-12-03T03:26:00+00:00,W8631,wagon,retrofit,,
3086.0,2025-12-03T03:26:00+00:00,W9392,wagon,retrofit,,
3095.0,2025-12-03T03:35:00+00:00,LOCO_01,locomotive,track_19,retrofit,
3100.0,2025-12-03T03:40:00+00:00,LOCO_01,locomotive,WS_02,track_19,
3101.0,2025-12-03T03:41:00+00:00,W11261,wagon,retrofit,,
3101.0,2025-12-03T03:41:00+00:00,W11259,wagon,retrofit,,
3101.0,2025-12-03T03:41:00+00:00,W5167,wagon,retrofit,,
3101.0,2025-12-03T03:41:00+00:00,W4666,wagon,retrofit,,
3101.0,2025-12-03T03:41:00+00:00,W11269,wagon,retrofit,,
3101.0,2025-12-03T03:41:00+00:00,W3811,wagon,retrofit,,
3101.0,2025-12-03T03:41:00+00:00,W2926,wagon,retrofit,,
3107.0,2025-12-03T03:47:00+00:00,LOCO_01,locomotive,retrofitted,WS_02,
3107.0,2025-12-03T03:47:00+00:00,W12210,wagon,WS_02,,WS_02|retrofitted
3107.0,2025-12-03T03:47:00+00:00,W8636,wagon,WS_02,,WS_02|retrofitted
3112.0,2025-12-03T03:52:00+00:00,W12210,wagon,retrofitted,,
3112.0,2025-12-03T03:52:00+00:00,W8636,wagon,retrofitted,,
3112.0,2025-12-03T03:52:00+00:00,LOCO_01,locomotive,track_19,retrofitted,
3117.0,2025-12-03T03:57:00+00:00,LOCO_01,locomotive,WS_01,track_19,
3124.0,2025-12-03T04:04:00+00:00,LOCO_01,locomotive,retrofitted,WS_01,
3124.0,2025-12-03T04:04:00+00:00,W10949,wagon,WS_01,,WS_01|retrofitted
3124.0,2025-12-03T04:04:00+00:00,W0623,wagon,WS_01,,WS_01|retrofitted
3129.0,2025-12-03T04:09:00+00:00,W10949,wagon,retrofitted,,
3129.0,2025-12-03T04:09:00+00:00,W0623,wagon,retrofitted,,
3129.0,2025-12-03T04:09:00+00:00,LOCO_01,locomotive,track_19,retrofitted,
3134.0,2025-12-03T04:14:00+00:00,LOCO_01,locomotive,retrofitted,track_19,
3140.0,2025-12-03T04:20:00+00:00,LOCO_02,locomotive,track_19,retrofit,
3144.0,2025-12-03T04:24:00+00:00,LOCO_01,locomotive,parking15,retrofitted,
3147.0,2025-12-03T04:27:00+00:00,LOCO_02,locomotive,retrofit,track_19,
3155.0,2025-12-03T04:35:00+00:00,LOCO_02,locomotive,WS_02,retrofit,
3155.0,2025-12-03T04:35:00+00:00,W11970,wagon,retrofit,,retrofit|WS_02
3155.0,2025-12-03T04:35:00+00:00,W3173,wagon,retrofit,,retrofit|WS_02
3160.0,2025-12-03T04:40:00+00:00,W11970,wagon,WS_02,,
3160.0,2025-12-03T04:40:00+00:00,W3173,wagon,WS_02,,
3166.0,2025-12-03T04:46:00+00:00,W11970,wagon,WS_02,,
3166.0,2025-12-03T04:46:00+00:00,W3173,wagon,WS_02,,
3166.0,2025-12-03T04:46:00+00:00,LOCO_02,locomotive,track_19,WS_02,
3173.0,2025-12-03T04:53:00+00:00,LOCO_02,locomotive,retrofit,track_19,
3181.0,2025-12-03T05:01:00+00:00,LOCO_02,locomotive,WS_01,retrofit,
3181.0,2025-12-03T05:01:00+00:00,W5038,wagon,retrofit,,retrofit|WS_01
3181.0,2025-12-03T05:01:00+00:00,W8631,wagon,retrofit,,retrofit|WS_01
3186.0,2025-12-03T05:06:00+00:00,W5038,wagon,WS_01,,
3186.0,2025-12-03T05:06:00+00:00,W8631,wagon,WS_01,,
3190.75,2025-12-03T05:10:45+00:00,W7115,wagon,collection1,,
3190.75,2025-12-03T05:10:45+00:00,W11723,wagon,collection1,,
3190.75,2025-12-03T05:10:45+00:00,W8675,wagon,collection1,,
3190.75,2025-12-03T05:10:45+00:00,W10706,wagon,collection1,,
3190.75,2025-12-03T05:10:45+00:00,W9959,wagon,collection2,,
3192.0,2025-12-03T05:12:00+00:00,W5038,wagon,WS_01,,
3192.0,2025-12-03T05:12:00+00:00,W8631,wagon,WS_01,,
3192.0,2025-12-03T05:12:00+00:00,LOCO_02,locomotive,track_19,WS_01,
3197.0,2025-12-03T05:17:00+00:00,LOCO_02,locomotive,collection1,track_19,
3226.5,2025-12-03T05:46:30+00:00,W9270,wagon,parking15,,
3226.5,2025-12-03T05:46:30+00:00,W9276,wagon,parking15,,
3226.5,2025-12-03T05:46:30+00:00,W11578,wagon,parking15,,
3226.5,2025-12-03T05:46:30+00:00,W2980,wagon,parking15,,
3226.5,2025-12-03T05:46:30+00:00,W2406,wagon,parking15,,
3226.5,2025-12-03T05:46:30+00:00,W2399,wagon,parking15,,
3226.5,2025-12-03T05:46:30+00:00,W9868,wagon,parking15,,
3226.5,2025-12-03T05:46:30+00:00,W12060,wagon,parking15,,
3226.5,2025-12-03T05:46:30+00:00,LOCO_01,locomotive,track_19,parking15,
3239.25,2025-12-03T05:59:15+00:00,W8705,wagon,collection2,,
3239.25,2025-12-03T05:59:15+00:00,W5127,wagon,collection2,,
3266.0,2025-12-03T06:26:00+00:00,LOCO_02,locomotive,retrofit,collection1,
3266.0,2025-12-03T06:26:00+00:00,W9274,wagon,collection1,,collection1|Mainline|retrofit
3266.0,2025-12-03T06:26:00+00:00,W8613,wagon,collection1,,collection1|Mainline|retrofit
3266.0,2025-12-03T06:26:00+00:00,W10130,wagon,collection1,,collection1|Mainline|retrofit
3266.0,2025-12-03T06:26:00+00:00,W9721,wagon,collection1,,collection1|Mainline|retrofit
3286.5,2025-12-03T06:46:30+00:00,LOCO_01,locomotive,WS_02,track_19,
3293.5,2025-12-03T06:53:30+00:00,LOCO_01,locomotive,retrofitted,WS_02,
3293.5,2025-12-03T06:53:30+00:00,W11970,wagon,WS_02,,WS_02|retrofitted
3293.5,2025-12-03T06:53:30+00:00,W3173,wagon,WS_02,,WS_02|retrofitted
3298.5,2025-12-03T06:58:30+00:00,W11970,wagon,retrofitted,,
3298.5,2025-12-03T06:58:30+00:00,W3173,wagon,retrofitted,,
3298.5,2025-12-03T06:58:30+00:00,LOCO_01,locomotive,track_19,retrofitted,
3303.5,2025-12-03T07:03:30+00:00,LOCO_01,locomotive,WS_01,track_19,
3310.5,2025-12-03T07:10:30+00:00,LOCO_01,locomotive,retrofitted,WS_01,
3310.5,2025-12-03T07:10:30+00:00,W5038,wagon,WS_01,,WS_01|retrofitted
3310.5,2025-12-03T07:10:30+00:00,W8631,wagon,WS_01,,WS_01|retrofitted
3315.5,2025-12-03T07:15:30+00:00,W5038,wagon,retrofitted,,
3315.5,2025-12-03T07:15:30+00:00,W8631,wagon,retrofitted,,
3315.5,2025-12-03T07:15:30+00:00,LOCO_01,locomotive,track_19,retrofitted,
3322.5,2025-12-03T07:22:30+00:00,LOCO_01,locomotive,retrofit,track_19,
3326.0,2025-12-03T07:26:00+00:00,W9274,wagon,retrofit,,
3326.0,2025-12-03T07:26:00+00:00,W8613,wagon,retrofit,,
3326.0,2025-12-03T07:26:00+00:00,W10130,wagon,retrofit,,
3326.0,2025-12-03T07:26:00+00:00,W9721,wagon,retrofit,,
3330.5,2025-12-03T07:30:30+00:00,LOCO_01,locomotive,WS_02,retrofit,
3330.5,2025-12-03T07:30:30+00:00,W9392,wagon,retrofit,,retrofit|WS_02
3330.5,2025-12-03T07:30:30+00:00,W11261,wagon,retrofit,,retrofit|WS_02
3335.5,2025-12-03T07:35:30+00:00,W9392,wagon,WS_02,,
3335.5,2025-12-03T07:35:30+00:00,W11261,wagon,WS_02,,
3341.5,2025-12-03T07:41:30+00:00,W9392,wagon,WS_02,,
3341.5,2025-12-03T07:41:30+00:00,W11261,wagon,WS_02,,
3341.5,2025-12-03T07:41:30+00:00,LOCO_01,locomotive,track_19,WS_02,
3347.0,2025-12-03T07:47:00+00:00,LOCO_02,locomotive,track_19,retrofit,
3348.5,2025-12-03T07:48:30+00:00,LOCO_01,locomotive,retrofit,track_19,
3352.0,2025-12-03T07:52:00+00:00,LOCO_02,locomotive,collection2,track_19,
3356.5,2025-12-03T07:56:30+00:00,LOCO_01,locomotive,WS_01,retrofit,
3356.5,2025-12-03T07:56:30+00:00,W11259,wagon,retrofit,,retrofit|WS_01
3356.5,2025-12-03T07:56:30+00:00,W5167,wagon,retrofit,,retrofit|WS_01
3361.5,2025-12-03T08:01:30+00:00,W11259,wagon,WS_01,,
3361.5,2025-12-03T08:01:30+00:00,W5167,wagon,WS_01,,
3367.5,2025-12-03T08:07:30+00:00,W11259,wagon,WS_01,,
3367.5,2025-12-03T08:07:30+00:00,W5167,wagon,WS_01,,
3367.5,2025-12-03T08:07:30+00:00,LOCO_01,locomotive,track_19,WS_01,
3372.5,2025-12-03T08:12:30+00:00,LOCO_01,locomotive,retrofitted,track_19,
3380.5,2025-12-03T08:20:30+00:00,LOCO_01,locomotive,parking13,retrofitted,
3383.0,2025-12-03T08:23:00+00:00,W5446,wagon,collection1,,
3383.0,2025-12-03T08:23:00+00:00,W10881,wagon,collection1,,
3383.0,2025-12-03T08:23:00+00:00,W10924,wagon,collection1,,
3383.0,2025-12-03T08:23:00+00:00,W0678,wagon,collection1,,
3383.0,2025-12-03T08:23:00+00:00,W4655,wagon,collection1,,
3421.0,2025-12-03T09:01:00+00:00,LOCO_02,locomotive,retrofit,collection2,
3421.0,2025-12-03T09:01:00+00:00,W5391,wagon,collection2,,collection2|Mainline|retrofit
3421.0,2025-12-03T09:01:00+00:00,W6682,wagon,collection2,,collection2|Mainline|retrofit
3421.0,2025-12-03T09:01:00+00:00,W11256,wagon,collection2,,collection2|Mainline|retrofit
3421.0,2025-12-03T09:01:00+00:00,W10892,wagon,collection2,,collection2|Mainline|retrofit
3459.0,2025-12-03T09:39:00+00:00,W12210,wagon,parking13,,
3459.0,2025-12-03T09:39:00+00:00,W8636,wagon,parking13,,
3459.0,2025-12-03T09:39:00+00:00,W10949,wagon,parking13,,
3459.0,2025-12-03T09:39:00+00:00,W0623,wagon,parking13,,
3459.0,2025-12-03T09:39:00+00:00,LOCO_01,locomotive,track_19,parking13,
3481.0,2025-12-03T10:01:00+00:00,W5391,wagon,retrofit,,
3481.0,2025-12-03T10:01:00+00:00,W6682,wagon,retrofit,,
3481.0,2025-12-03T10:01:00+00:00,W11256,wagon,retrofit,,
3481.0,2025-12-03T10:01:00+00:00,W10892,wagon,retrofit,,
3502.0,2025-12-03T10:22:00+00:00,LOCO_02,locomotive,track_19,retrofit,
3507.0,2025-12-03T10:27:00+00:00,LOCO_02,locomotive,WS_02,track_19,
3514.0,2025-12-03T10:34:00+00:00,LOCO_02,locomotive,retrofitted,WS_02,
3514.0,2025-12-03T10:34:00+00:00,W9392,wagon,WS_02,,WS_02|retrofitted
3514.0,2025-12-03T10:34:00+00:00,W11261,wagon,WS_02,,WS_02|retrofitted
3519.0,2025-12-03T10:39:00+00:00,W9392,wagon,retrofitted,,
3519.0,2025-12-03T10:39:00+00:00,W11261,wagon,retrofitted,,
3519.0,2025-12-03T10:39:00+00:00,LOCO_02,locomotive,track_19,retrofitted,
3519.0,2025-12-03T10:39:00+00:00,LOCO_01,locomotive,WS_01,track_19,
3524.0,2025-12-03T10:44:00+00:00,LOCO_02,locomotive,retrofitted,track_19,
3526.0,2025-12-03T10:46:00+00:00,LOCO_01,locomotive,retrofitted,WS_01,
3526.0,2025-12-03T10:46:00+00:00,W11259,wagon,WS_01,,WS_01|retrofitted
3526.0,2025-12-03T10:46:00+00:00,W5167,wagon,WS_01,,WS_01|retrofitted
3531.0,2025-12-03T10:51:00+00:00,W11259,wagon,retrofitted,,
3531.0,2025-12-03T10:51:00+00:00,W5167,wagon,retrofitted,,
3531.0,2025-12-03T10:51:00+00:00,LOCO_01,locomotive,track_19,retrofitted,
3533.0,2025-12-03T10:53:00+00:00,LOCO_02,locomotive,parking14,retrofitted,
3538.0,2025-12-03T10:58:00+00:00,LOCO_01,locomotive,retrofit,track_19,
3546.0,2025-12-03T11:06:00+00:00,LOCO_01,locomotive,WS_02,retrofit,
3546.0,2025-12-03T11:06:00+00:00,W4666,wagon,retrofit,,retrofit|WS_02
3546.0,2025-12-03T11:06:00+00:00,W11269,wagon,retrofit,,retrofit|WS_02
3551.0,2025-12-03T11:11:00+00:00,W4666,wagon,WS_02,,
3551.0,2025-12-03T11:11:00+00:00,W11269,wagon,WS_02,,
3557.0,2025-12-03T11:17:00+00:00,W4666,wagon,WS_02,,
3557.0,2025-12-03T11:17:00+00:00,W11269,wagon,WS_02,,
3557.0,2025-12-03T11:17:00+00:00,LOCO_01,locomotive,track_19,WS_02,
3557.75,2025-12-03T11:17:45+00:00,W5057,wagon,collection2,,
3564.0,2025-12-03T11:24:00+00:00,LOCO_01,locomotive,retrofit,track_19,
3572.0,2025-12-03T11:32:00+00:00,LOCO_01,locomotive,WS_01,retrofit,
3572.0,2025-12-03T11:32:00+00:00,W3811,wagon,retrofit,,retrofit|WS_01
3572.0,2025-12-03T11:32:00+00:00,W2926,wagon,retrofit,,retrofit|WS_01
3577.0,2025-12-03T11:37:00+00:00,W3811,wagon,WS_01,,
3577.0,2025-12-03T11:37:00+00:00,W2926,wagon,WS_01,,
3583.0,2025-12-03T11:43:00+00:00,W3811,wagon,WS_01,,
3583.0,2025-12-03T11:43:00+00:00,W2926,wagon,WS_01,,
3583.0,2025-12-03T11:43:00+00:00,LOCO_01,locomotive,track_19,WS_01,
3588.0,2025-12-03T11:48:00+00:00,LOCO_01,locomotive,collection1,track_19,
3613.5,2025-12-03T12:13:30+00:00,W11970,wagon,parking14,,
3613.5,2025-12-03T12:13:30+00:00,W3173,wagon,parking14,,
3613.5,2025-12-03T12:13:30+00:00,W5038,wagon,parking14,,
3613.5,2025-12-03T12:13:30+00:00,W8631,wagon,parking14,,
3613.5,2025-12-03T12:13:30+00:00,W9392,wagon,parking14,,
3613.5,2025-12-03T12:13:30+00:00,W11261,wagon,parking14,,
3613.5,2025-12-03T12:13:30+00:00,LOCO_02,locomotive,track_19,parking14,
3661.0,2025-12-03T13:01:00+00:00,LOCO_01,locomotive,retrofit,collection1,
3661.0,2025-12-03T13:01:00+00:00,W9756,wagon,collection1,,collection1|Mainline|retrofit
3661.0,2025-12-03T13:01:00+00:00,W9174,wagon,collection1,,collection1|Mainline|retrofit
3661.0,2025-12-03T13:01:00+00:00,W6140,wagon,collection1,,collection1|Mainline|retrofit
3661.0,2025-12-03T13:01:00+00:00,W10364,wagon,collection1,,collection1|Mainline|retrofit
3661.0,2025-12-03T13:01:00+00:00,W6077,wagon,collection1,,collection1|Mainline|retrofit
3661.0,2025-12-03T13:01:00+00:00,W11254,wagon,collection1,,collection1|Mainline|retrofit
3673.5,2025-12-03T13:13:30+00:00,LOCO_02,locomotive,WS_02,track_19,
3680.5,2025-12-03T13:20:30+00:00,LOCO_02,locomotive,retrofitted,WS_02,
3680.5,2025-12-03T13:20:30+00:00,W4666,wagon,WS_02,,WS_02|retrofitted
3680.5,2025-12-03T13:20:30+00:00,W11269,wagon,WS_02,,WS_02|retrofitted
3685.5,2025-12-03T13:25:30+00:00,W4666,wagon,retrofitted,,
3685.5,2025-12-03T13:25:30+00:00,W11269,wagon,retrofitted,,
3685.5,2025-12-03T13:25:30+00:00,LOCO_02,locomotive,track_19,retrofitted,
3690.5,2025-12-03T13:30:30+00:00,LOCO_02,locomotive,WS_01,track_19,
3697.5,2025-12-03T13:37:30+00:00,LOCO_02,locomotive,retrofitted,WS_01,
3697.5,2025-12-03T13:37:30+00:00,W3811,wagon,WS_01,,WS_01|retrofitted
3697.5,2025-12-03T13:37:30+00:00,W2926,wagon,WS_01,,WS_01|retrofitted
3702.5,2025-12-03T13:42:30+00:00,W3811,wagon,retrofitted,,
3702.5,2025-12-03T13:42:30+00:00,W2926,wagon,retrofitted,,
3702.5,2025-12-03T13:42:30+00:00,LOCO_02,locomotive,track_19,retrofitted,
3709.5,2025-12-03T13:49:30+00:00,LOCO_02,locomotive,retrofit,track_19,
3717.5,2025-12-03T13:57:30+00:00,LOCO_02,locomotive,WS_02,retrofit,
3717.5,2025-12-03T13:57:30+00:00,W9274,wagon,retrofit,,retrofit|WS_02
3717.5,2025-12-03T13:57:30+00:00,W8613,wagon,retrofit,,retrofit|WS_02
3721.0,2025-12-03T14:01:00+00:00,W9756,wagon,retrofit,,
3721.0,2025-12-03T14:01:00+00:00,W9174,wagon,retrofit,,
3721.0,2025-12-03T14:01:00+00:00,W6140,wagon,retrofit,,
3721.0,2025-12-03T14:01:00+00:00,W10364,wagon,retrofit,,
3721.0,2025-12-03T14:01:00+00:00,W6077,wagon,retrofit,,
3721.0,2025-12-03T14:01:00+00:00,W11254,wagon,retrofit,,
3722.5,2025-12-03T14:02:30+00:00,W9274,wagon,WS_02,,
3722.5,2025-12-03T14:02:30+00:00,W8613,wagon,WS_02,,
3728.5,2025-12-03T14:08:30+00:00,W9274,wagon,WS_02,,
3728.5,2025-12-03T14:08:30+00:00,W8613,wagon,WS_02,,
3728.5,2025-12-03T14:08:30+00:00,LOCO_02,locomotive,track_19,WS_02,
3735.5,2025-12-03T14:15:30+00:00,LOCO_02,locomotive,retrofit,track_19,
3743.5,2025-12-03T14:23:30+00:00,LOCO_02,locomotive,WS_01,retrofit,
3743.5,2025-12-03T14:23:30+00:00,W10130,wagon,retrofit,,retrofit|WS_01
3743.5,2025-12-03T14:23:30+00:00,W9721,wagon,retrofit,,retrofit|WS_01
3748.5,2025-12-03T14:28:30+00:00,W10130,wagon,WS_01,,
3748.5,2025-12-03T14:28:30+00:00,W9721,wagon,WS_01,,
3754.0,2025-12-03T14:34:00+00:00,LOCO_01,locomotive,track_19,retrofit,
3754.5,2025-12-03T14:34:30+00:00,W10130,wagon,WS_01,,
3754.5,2025-12-03T14:34:30+00:00,W9721,wagon,WS_01,,
3754.5,2025-12-03T14:34:30+00:00,LOCO_02,locomotive,track_19,WS_01,
3759.0,2025-12-03T14:39:00+00:00,LOCO_01,locomotive,collection2,track_19,
3759.5,2025-12-03T14:39:30+00:00,LOCO_02,locomotive,retrofitted,track_19,
3766.5,2025-12-03T14:46:30+00:00,LOCO_02,locomotive,parking10,retrofitted,
3822.0,2025-12-03T15:42:00+00:00,LOCO_01,locomotive,retrofit,collection2,
3822.0,2025-12-03T15:42:00+00:00,W1906,wagon,collection2,,collection2|Mainline|retrofit
3828.0,2025-12-03T15:48:00+00:00,W11259,wagon,parking10,,
3828.0,2025-12-03T15:48:00+00:00,W5167,wagon,parking10,,
3828.0,2025-12-03T15:48:00+00:00,LOCO_02,locomotive,track_19,parking10,
3882.0,2025-12-03T16:42:00+00:00,W1906,wagon,retrofit,,
3885.0,2025-12-03T16:45:00+00:00,LOCO_01,locomotive,track_19,retrofit,
3888.0,2025-12-03T16:48:00+00:00,LOCO_02,locomotive,WS_02,track_19,
3890.0,2025-12-03T16:50:00+00:00,LOCO_01,locomotive,WS_01,track_19,
3895.0,2025-12-03T16:55:00+00:00,LOCO_02,locomotive,retrofitted,WS_02,
3895.0,2025-12-03T16:55:00+00:00,W9274,wagon,WS_02,,WS_02|retrofitted
3895.0,2025-12-03T16:55:00+00:00,W8613,wagon,WS_02,,WS_02|retrofitted
3897.0,2025-12-03T16:57:00+00:00,LOCO_01,locomotive,retrofitted,WS_01,
3897.0,2025-12-03T16:57:00+00:00,W10130,wagon,WS_01,,WS_01|retrofitted
3897.0,2025-12-03T16:57:00+00:00,W9721,wagon,WS_01,,WS_01|retrofitted
3900.0,2025-12-03T17:00:00+00:00,W9274,wagon,retrofitted,,
3900.0,2025-12-03T17:00:00+00:00,W8613,wagon,retrofitted,,
3900.0,2025-12-03T17:00:00+00:00,LOCO_02,locomotive,track_19,retrofitted,
3902.0,2025-12-03T17:02:00+00:00,W10130,wagon,retrofitted,,
3902.0,2025-12-03T17:02:00+00:00,W9721,wagon,retrofitted,,
3902.0,2025-12-03T17:02:00+00:00,LOCO_01,locomotive,track_19,retrofitted,
3905.0,2025-12-03T17:05:00+00:00,LOCO_02,locomotive,retrofitted,track_19,
3909.0,2025-12-03T17:09:00+00:00,LOCO_01,locomotive,retrofit,track_19,
3913.0,2025-12-03T17:13:00+00:00,LOCO_02,locomotive,parking16,retrofitted,
3917.0,2025-12-03T17:17:00+00:00,LOCO_01,locomotive,WS_02,retrofit,
3917.0,2025-12-03T17:17:00+00:00,W5391,wagon,retrofit,,retrofit|WS_02
3917.0,2025-12-03T17:17:00+00:00,W6682,wagon,retrofit,,retrofit|WS_02
3922.0,2025-12-03T17:22:00+00:00,W5391,wagon,WS_02,,
3922.0,2025-12-03T17:22:00+00:00,W6682,wagon,WS_02,,
3928.0,2025-12-03T17:28:00+00:00,W5391,wagon,WS_02,,
3928.0,2025-12-03T17:28:00+00:00,W6682,wagon,WS_02,,
3928.0,2025-12-03T17:28:00+00:00,LOCO_01,locomotive,track_19,WS_02,
3935.0,2025-12-03T17:35:00+00:00,LOCO_01,locomotive,retrofit,track_19,
3940.75,2025-12-03T17:40:45+00:00,W2737,wagon,collection1,,
3940.75,2025-12-03T17:40:45+00:00,W10081,wagon,collection1,,
3940.75,2025-12-03T17:40:45+00:00,W7253,wagon,collection1,,
3943.0,2025-12-03T17:43:00+00:00,LOCO_01,locomotive,WS_01,retrofit,
3943.0,2025-12-03T17:43:00+00:00,W11256,wagon,retrofit,,retrofit|WS_01
3943.0,2025-12-03T17:43:00+00:00,W10892,wagon,retrofit,,retrofit|WS_01
3948.0,2025-12-03T17:48:00+00:00,W11256,wagon,WS_01,,
3948.0,2025-12-03T17:48:00+00:00,W10892,wagon,WS_01,,
3954.0,2025-12-03T17:54:00+00:00,W11256,wagon,WS_01,,
3954.0,2025-12-03T17:54:00+00:00,W10892,wagon,WS_01,,
3954.0,2025-12-03T17:54:00+00:00,LOCO_01,locomotive,track_19,WS_01,
3955.25,2025-12-03T17:55:15+00:00,W2971,wagon,collection1,,
3955.25,2025-12-03T17:55:15+00:00,W0607,wagon,collection1,,
3959.0,2025-12-03T17:59:00+00:00,LOCO_01,locomotive,collection1,track_19,
3997.75,2025-12-03T18:37:45+00:00,W12036,wagon,collection1,,
3997.75,2025-12-03T18:37:45+00:00,W9981,wagon,collection1,,
3997.75,2025-12-03T18:37:45+00:00,W5694,wagon,collection2,,
4036.5,2025-12-03T19:16:30+00:00,W4666,wagon,parking16,,
4036.5,2025-12-03T19:16:30+00:00,W11269,wagon,parking16,,
4036.5,2025-12-03T19:16:30+00:00,W3811,wagon,parking16,,
4036.5,2025-12-03T19:16:30+00:00,W2926,wagon,parking16,,
4036.5,2025-12-03T19:16:30+00:00,LOCO_02,locomotive,track_19,parking16,
4040.0,2025-12-03T19:20:00+00:00,LOCO_01,locomotive,retrofit,collection1,
4040.0,2025-12-03T19:20:00+00:00,W10878,wagon,collection1,,collection1|Mainline|retrofit
4040.0,2025-12-03T19:20:00+00:00,W10889,wagon,collection1,,collection1|Mainline|retrofit
4040.0,2025-12-03T19:20:00+00:00,W11320,wagon,collection1,,collection1|Mainline|retrofit
4040.0,2025-12-03T19:20:00+00:00,W5833,wagon,collection1,,collection1|Mainline|retrofit
4040.0,2025-12-03T19:20:00+00:00,W6096,wagon,collection1,,collection1|Mainline|retrofit
4040.0,2025-12-03T19:20:00+00:00,W0874,wagon,collection1,,collection1|Mainline|retrofit
4040.0,2025-12-03T19:20:00+00:00,W10689,wagon,collection1,,collection1|Mainline|retrofit
4040.0,2025-12-03T19:20:00+00:00,W5838,wagon,collection1,,collection1|Mainline|retrofit
4040.0,2025-12-03T19:20:00+00:00,W11241,wagon,collection1,,collection1|Mainline|retrofit
4040.0,2025-12-03T19:20:00+00:00,W2444,wagon,collection1,,collection1|Mainline|retrofit
4096.5,2025-12-03T20:16:30+00:00,LOCO_02,locomotive,WS_02,track_19,
4100.0,2025-12-03T20:20:00+00:00,W10878,wagon,retrofit,,
4100.0,2025-12-03T20:20:00+00:00,W10889,wagon,retrofit,,
4100.0,2025-12-03T20:20:00+00:00,W11320,wagon,retrofit,,
4100.0,2025-12-03T20:20:00+00:00,W5833,wagon,retrofit,,
4100.0,2025-12-03T20:20:00+00:00,W6096,wagon,retrofit,,
4100.0,2025-12-03T20:20:00+00:00,W0874,wagon,retrofit,,
4100.0,2025-12-03T20:20:00+00:00,W10689,wagon,retrofit,,
4100.0,2025-12-03T20:20:00+00:00,W5838,wagon,retrofit,,
4100.0,2025-12-03T20:20:00+00:00,W11241,wagon,retrofit,,
4100.0,2025-12-03T20:20:00+00:00,W2444,wagon,retrofit,,
4103.5,2025-12-03T20:23:30+00:00,LOCO_02,locomotive,retrofitted,WS_02,
4103.5,2025-12-03T20:23:30+00:00,W5391,wagon,WS_02,,WS_02|retrofitted
4103.5,2025-12-03T20:23:30+00:00,W6682,wagon,WS_02,,WS_02|retrofitted
4108.5,2025-12-03T20:28:30+00:00,W5391,wagon,retrofitted,,
4108.5,2025-12-03T20:28:30+00:00,W6682,wagon,retrofitted,,
4108.5,2025-12-03T20:28:30+00:00,LOCO_02,locomotive,track_19,retrofitted,
4113.5,2025-12-03T20:33:30+00:00,LOCO_02,locomotive,WS_01,track_19,
4120.5,2025-12-03T20:40:30+00:00,LOCO_02,locomotive,retrofitted,WS_01,
4120.5,2025-12-03T20:40:30+00:00,W11256,wagon,WS_01,,WS_01|retrofitted
4120.5,2025-12-03T20:40:30+00:00,W10892,wagon,WS_01,,WS_01|retrofitted
4125.5,2025-12-03T20:45:30+00:00,W11256,wagon,retrofitted,,
4125.5,2025-12-03T20:45:30+00:00,W10892,wagon,retrofitted,,
4125.5,2025-12-03T20:45:30+00:00,LOCO_02,locomotive,track_19,retrofitted,
4132.5,2025-12-03T20:52:30+00:00,LOCO_02,locomotive,retrofit,track_19,
4140.5,2025-12-03T21:00:30+00:00,LOCO_02,locomotive,WS_02,retrofit,
4140.5,2025-12-03T21:00:30+00:00,W9756,wagon,retrofit,,retrofit|WS_02
4140.5,2025-12-03T21:00:30+00:00,W9174,wagon,retrofit,,retrofit|WS_02
4145.5,2025-12-03T21:05:30+00:00,W9756,wagon,WS_02,,
4145.5,2025-12-03T21:05:30+00:00,W9174,wagon,WS_02,,
4151.5,2025-12-03T21:11:30+00:00,W9756,wagon,WS_02,,
4151.5,2025-12-03T21:11:30+00:00,W9174,wagon,WS_02,,
4151.5,2025-12-03T21:11:30+00:00,LOCO_02,locomotive,track_19,WS_02,
4157.0,2025-12-03T21:17:00+00:00,LOCO_01,locomotive,track_19,retrofit,
4158.5,2025-12-03T21:18:30+00:00,LOCO_02,locomotive,retrofit,track_19,
4162.0,2025-12-03T21:22:00+00:00,LOCO_01,locomotive,collection2,track_19,
4166.5,2025-12-03T21:26:30+00:00,LOCO_02,locomotive,WS_01,retrofit,
4166.5,2025-12-03T21:26:30+00:00,W6140,wagon,retrofit,,retrofit|WS_01
4166.5,2025-12-03T21:26:30+00:00,W10364,wagon,retrofit,,retrofit|WS_01
4171.5,2025-12-03T21:31:30+00:00,W6140,wagon,WS_01,,
4171.5,2025-12-03T21:31:30+00:00,W10364,wagon,WS_01,,
4177.5,2025-12-03T21:37:30+00:00,W6140,wagon,WS_01,,
4177.5,2025-12-03T21:37:30+00:00,W10364,wagon,WS_01,,
4177.5,2025-12-03T21:37:30+00:00,LOCO_02,locomotive,track_19,WS_01,
4182.5,2025-12-03T21:42:30+00:00,LOCO_02,locomotive,retrofitted,track_19,
4190.5,2025-12-03T21:50:30+00:00,LOCO_02,locomotive,parking1,retrofitted,
4199.0,2025-12-03T21:59:00+00:00,W9274,wagon,parking1,,
4199.0,2025-12-03T21:59:00+00:00,W8613,wagon,parking1,,
4199.0,2025-12-03T21:59:00+00:00,W10130,wagon,parking1,,
4199.0,2025-12-03T21:59:00+00:00,W9721,wagon,parking1,,
4199.0,2025-12-03T21:59:00+00:00,LOCO_02,locomotive,track_19,parking1,
4212.0,2025-12-03T22:12:00+00:00,LOCO_02,locomotive,WS_02,track_19,
4219.0,2025-12-03T22:19:00+00:00,LOCO_02,locomotive,retrofitted,WS_02,
4219.0,2025-12-03T22:19:00+00:00,W9756,wagon,WS_02,,WS_02|retrofitted
4219.0,2025-12-03T22:19:00+00:00,W9174,wagon,WS_02,,WS_02|retrofitted
4224.0,2025-12-03T22:24:00+00:00,W9756,wagon,retrofitted,,
4224.0,2025-12-03T22:24:00+00:00,W9174,wagon,retrofitted,,
4224.0,2025-12-03T22:24:00+00:00,LOCO_02,locomotive,track_19,retrofitted,
4225.0,2025-12-03T22:25:00+00:00,LOCO_01,locomotive,retrofit,collection2,
4225.0,2025-12-03T22:25:00+00:00,W1158,wagon,collection2,,collection2|Mainline|retrofit
4229.0,2025-12-03T22:29:00+00:00,LOCO_02,locomotive,retrofitted,track_19,
4237.0,2025-12-03T22:37:00+00:00,LOCO_02,locomotive,parking12,retrofitted,
4285.0,2025-12-03T23:25:00+00:00,W1158,wagon,retrofit,,
4288.0,2025-12-03T23:28:00+00:00,LOCO_01,locomotive,track_19,retrofit,
4293.0,2025-12-03T23:33:00+00:00,LOCO_01,locomotive,WS_01,track_19,
4300.0,2025-12-03T23:40:00+00:00,LOCO_01,locomotive,retrofitted,WS_01,
4300.0,2025-12-03T23:40:00+00:00,W6140,wagon,WS_01,,WS_01|retrofitted
4300.0,2025-12-03T23:40:00+00:00,W10364,wagon,WS_01,,WS_01|retrofitted
4300.5,2025-12-03T23:40:30+00:00,W5391,wagon,parking12,,
4300.5,2025-12-03T23:40:30+00:00,W6682,wagon,parking12,,
4300.5,2025-12-03T23:40:30+00:00,W11256,wagon,parking12,,
4300.5,2025-12-03T23:40:30+00:00,W10892,wagon,parking12,,
4300.5,2025-12-03T23:40:30+00:00,LOCO_02,locomotive,track_19,parking12,
4305.0,2025-12-03T23:45:00+00:00,W6140,wagon,retrofitted,,
4305.0,2025-12-03T23:45:00+00:00,W10364,wagon,retrofitted,,
4305.0,2025-12-03T23:45:00+00:00,LOCO_01,locomotive,track_19,retrofitted,
4312.0,2025-12-03T23:52:00+00:00,LOCO_01,locomotive,retrofit,track_19,
4320.0,2025-12-04T00:00:00+00:00,LOCO_01,locomotive,WS_02,retrofit,
4320.0,2025-12-04T00:00:00+00:00,W6077,wagon,retrofit,,retrofit|WS_02
4320.0,2025-12-04T00:00:00+00:00,W11254,wagon,retrofit,,retrofit|WS_02
4325.0,2025-12-04T00:05:00+00:00,W6077,wagon,WS_02,,
4325.0,2025-12-04T00:05:00+00:00,W11254,wagon,WS_02,,
4331.0,2025-12-04T00:11:00+00:00,W6077,wagon,WS_02,,
4331.0,2025-12-04T00:11:00+00:00,W11254,wagon,WS_02,,
4331.0,2025-12-04T00:11:00+00:00,LOCO_01,locomotive,track_19,WS_02,
4338.0,2025-12-04T00:18:00+00:00,LOCO_01,locomotive,retrofit,track_19,
4346.0,2025-12-04T00:26:00+00:00,LOCO_01,locomotive,WS_01,retrofit,
4346.0,2025-12-04T00:26:00+00:00,W1906,wagon,retrofit,,retrofit|WS_01
4346.0,2025-12-04T00:26:00+00:00,W10878,wagon,retrofit,,retrofit|WS_01
4351.0,2025-12-04T00:31:00+00:00,W1906,wagon,WS_01,,
4351.0,2025-12-04T00:31:00+00:00,W10878,wagon,WS_01,,
4357.0,2025-12-04T00:37:00+00:00,W1906,wagon,WS_01,,
4357.0,2025-12-04T00:37:00+00:00,W10878,wagon,WS_01,,
4357.0,2025-12-04T00:37:00+00:00,LOCO_01,locomotive,track_19,WS_01,
4379.0,2025-12-04T00:59:00+00:00,W6246,wagon,collection1,,
4379.0,2025-12-04T00:59:00+00:00,W5947,wagon,collection1,,
4379.0,2025-12-04T00:59:00+00:00,W5711,wagon,collection1,,
4379.0,2025-12-04T00:59:00+00:00,W6884,wagon,collection1,,
4379.0,2025-12-04T00:59:00+00:00,W5575,wagon,collection1,,
4391.5,2025-12-04T01:11:30+00:00,LOCO_02,locomotive,WS_02,track_19,
4398.5,2025-12-04T01:18:30+00:00,LOCO_02,locomotive,retrofitted,WS_02,
4398.5,2025-12-04T01:18:30+00:00,W6077,wagon,WS_02,,WS_02|retrofitted
4398.5,2025-12-04T01:18:30+00:00,W11254,wagon,WS_02,,WS_02|retrofitted
4403.5,2025-12-04T01:23:30+00:00,W6077,wagon,retrofitted,,
4403.5,2025-12-04T01:23:30+00:00,W11254,wagon,retrofitted,,
4403.5,2025-12-04T01:23:30+00:00,LOCO_02,locomotive,track_19,retrofitted,
4406.5,2025-12-04T01:26:30+00:00,LOCO_01,locomotive,retrofitted,track_19,
4410.5,2025-12-04T01:30:30+00:00,LOCO_02,locomotive,retrofit,track_19,
4414.5,2025-12-04T01:34:30+00:00,LOCO_01,locomotive,parking10,retrofitted,
4418.5,2025-12-04T01:38:30+00:00,LOCO_02,locomotive,WS_02,retrofit,
4418.5,2025-12-04T01:38:30+00:00,W10889,wagon,retrofit,,retrofit|WS_02
4418.5,2025-12-04T01:38:30+00:00,W11320,wagon,retrofit,,retrofit|WS_02
4423.5,2025-12-04T01:43:30+00:00,W10889,wagon,WS_02,,
4423.5,2025-12-04T01:43:30+00:00,W11320,wagon,WS_02,,
4429.5,2025-12-04T01:49:30+00:00,W10889,wagon,WS_02,,
4429.5,2025-12-04T01:49:30+00:00,W11320,wagon,WS_02,,
4429.5,2025-12-04T01:49:30+00:00,LOCO_02,locomotive,track_19,WS_02,
4434.5,2025-12-04T01:54:30+00:00,LOCO_02,locomotive,WS_01,track_19,
4441.5,2025-12-04T02:01:30+00:00,LOCO_02,locomotive,retrofitted,WS_01,
4441.5,2025-12-04T02:01:30+00:00,W1906,wagon,WS_01,,WS_01|retrofitted
4441.5,2025-12-04T02:01:30+00:00,W10878,wagon,WS_01,,WS_01|retrofitted
4446.5,2025-12-04T02:06:30+00:00,W1906,wagon,retrofitted,,
4446.5,2025-12-04T02:06:30+00:00,W10878,wagon,retrofitted,,
4446.5,2025-12-04T02:06:30+00:00,LOCO_02,locomotive,track_19,retrofitted,
4451.5,2025-12-04T02:11:30+00:00,LOCO_02,locomotive,collection1,track_19,
4478.0,2025-12-04T02:38:00+00:00,W9756,wagon,parking10,,
4478.0,2025-12-04T02:38:00+00:00,W9174,wagon,parking10,,
4478.0,2025-12-04T02:38:00+00:00,W6140,wagon,parking10,,
4478.0,2025-12-04T02:38:00+00:00,W10364,wagon,parking10,,
4478.0,2025-12-04T02:38:00+00:00,LOCO_01,locomotive,track_19,parking10,
4491.5,2025-12-04T02:51:30+00:00,W8085,wagon,collection1,,
4491.5,2025-12-04T02:51:30+00:00,W8082,wagon,collection1,,
4491.5,2025-12-04T02:51:30+00:00,W8052,wagon,collection2,,
4524.5,2025-12-04T03:24:30+00:00,LOCO_02,locomotive,retrofit,collection1,
4524.5,2025-12-04T03:24:30+00:00,W9329,wagon,collection1,,collection1|Mainline|retrofit
4524.5,2025-12-04T03:24:30+00:00,W12077,wagon,collection1,,collection1|Mainline|retrofit
4524.5,2025-12-04T03:24:30+00:00,W11766,wagon,collection1,,collection1|Mainline|retrofit
4524.5,2025-12-04T03:24:30+00:00,W7115,wagon,collection1,,collection1|Mainline|retrofit
4524.5,2025-12-04T03:24:30+00:00,W11723,wagon,collection1,,collection1|Mainline|retrofit
4524.5,2025-12-04T03:24:30+00:00,W8675,wagon,collection1,,collection1|Mainline|retrofit
4538.0,2025-12-04T03:38:00+00:00,LOCO_01,locomotive,WS_02,track_19,
4545.0,2025-12-04T03:45:00+00:00,LOCO_01,locomotive,retrofitted,WS_02,
4545.0,2025-12-04T03:45:00+00:00,W10889,wagon,WS_02,,WS_02|retrofitted
4545.0,2025-12-04T03:45:00+00:00,W11320,wagon,WS_02,,WS_02|retrofitted
4550.0,2025-12-04T03:50:00+00:00,W10889,wagon,retrofitted,,
4550.0,2025-12-04T03:50:00+00:00,W11320,wagon,retrofitted,,
4550.0,2025-12-04T03:50:00+00:00,LOCO_01,locomotive,track_19,retrofitted,
4557.0,2025-12-04T03:57:00+00:00,LOCO_01,locomotive,retrofit,track_19,
4565.0,2025-12-04T04:05:00+00:00,LOCO_01,locomotive,WS_01,retrofit,
4565.0,2025-12-04T04:05:00+00:00,W5833,wagon,retrofit,,retrofit|WS_01
4565.0,2025-12-04T04:05:00+00:00,W6096,wagon,retrofit,,retrofit|WS_01
4570.0,2025-12-04T04:10:00+00:00,W5833,wagon,WS_01,,
4570.0,2025-12-04T04:10:00+00:00,W6096,wagon,WS_01,,
4576.0,2025-12-04T04:16:00+00:00,W5833,wagon,WS_01,,
4576.0,2025-12-04T04:16:00+00:00,W6096,wagon,WS_01,,
4576.0,2025-12-04T04:16:00+00:00,LOCO_01,locomotive,track_19,WS_01,
4583.0,2025-12-04T04:23:00+00:00,LOCO_01,locomotive,retrofit,track_19,
4584.5,2025-12-04T04:24:30+00:00,W9329,wagon,retrofit,,
4584.5,2025-12-04T04:24:30+00:00,W12077,wagon,retrofit,,
4584.5,2025-12-04T04:24:30+00:00,W11766,wagon,retrofit,,
4584.5,2025-12-04T04:24:30+00:00,W7115,wagon,retrofit,,
4584.5,2025-12-04T04:24:30+00:00,W11723,wagon,retrofit,,
4584.5,2025-12-04T04:24:30+00:00,W8675,wagon,retrofit,,
4591.0,2025-12-04T04:31:00+00:00,LOCO_01,locomotive,WS_02,retrofit,
4591.0,2025-12-04T04:31:00+00:00,W0874,wagon,retrofit,,retrofit|WS_02
4591.0,2025-12-04T04:31:00+00:00,W10689,wagon,retrofit,,retrofit|WS_02
4596.0,2025-12-04T04:36:00+00:00,W0874,wagon,WS_02,,
4596.0,2025-12-04T04:36:00+00:00,W10689,wagon,WS_02,,
4602.0,2025-12-04T04:42:00+00:00,W0874,wagon,WS_02,,
4602.0,2025-12-04T04:42:00+00:00,W10689,wagon,WS_02,,
4602.0,2025-12-04T04:42:00+00:00,LOCO_01,locomotive,track_19,WS_02,
4607.0,2025-12-04T04:47:00+00:00,LOCO_01,locomotive,collection2,track_19,
4617.5,2025-12-04T04:57:30+00:00,LOCO_02,locomotive,track_19,retrofit,
4622.5,2025-12-04T05:02:30+00:00,LOCO_02,locomotive,retrofitted,track_19,
4630.5,2025-12-04T05:10:30+00:00,LOCO_02,locomotive,parking13,retrofitted,
4654.5,2025-12-04T05:34:30+00:00,W8383,wagon,collection1,,
4654.5,2025-12-04T05:34:30+00:00,W8381,wagon,collection1,,
4672.0,2025-12-04T05:52:00+00:00,LOCO_01,locomotive,retrofit,collection2,
4672.0,2025-12-04T05:52:00+00:00,W1139,wagon,collection2,,collection2|Mainline|retrofit
4672.0,2025-12-04T05:52:00+00:00,W1149,wagon,collection2,,collection2|Mainline|retrofit
4676.75,2025-12-04T05:56:45+00:00,W9067,wagon,collection1,,
4676.75,2025-12-04T05:56:45+00:00,W0117,wagon,collection1,,
4676.75,2025-12-04T05:56:45+00:00,W0191,wagon,collection1,,
4709.0,2025-12-04T06:29:00+00:00,W6077,wagon,parking13,,
4709.0,2025-12-04T06:29:00+00:00,W11254,wagon,parking13,,
4709.0,2025-12-04T06:29:00+00:00,W1906,wagon,parking13,,
4709.0,2025-12-04T06:29:00+00:00,W10878,wagon,parking13,,
4709.0,2025-12-04T06:29:00+00:00,LOCO_02,locomotive,track_19,parking13,
4732.0,2025-12-04T06:52:00+00:00,W1139,wagon,retrofit,,
4732.0,2025-12-04T06:52:00+00:00,W1149,wagon,retrofit,,
4741.0,2025-12-04T07:01:00+00:00,LOCO_01,locomotive,track_19,retrofit,
4746.0,2025-12-04T07:06:00+00:00,LOCO_01,locomotive,WS_01,track_19,
4753.0,2025-12-04T07:13:00+00:00,LOCO_01,locomotive,retrofitted,WS_01,
4753.0,2025-12-04T07:13:00+00:00,W5833,wagon,WS_01,,WS_01|retrofitted
4753.0,2025-12-04T07:13:00+00:00,W6096,wagon,WS_01,,WS_01|retrofitted
4758.0,2025-12-04T07:18:00+00:00,W5833,wagon,retrofitted,,
4758.0,2025-12-04T07:18:00+00:00,W6096,wagon,retrofitted,,
4758.0,2025-12-04T07:18:00+00:00,LOCO_01,locomotive,track_19,retrofitted,
4761.25,2025-12-04T07:21:15+00:00,W11596,wagon,collection2,,
4763.0,2025-12-04T07:23:00+00:00,LOCO_01,locomotive,WS_02,track_19,
4770.0,2025-12-04T07:30:00+00:00,LOCO_01,locomotive,retrofitted,WS_02,
4770.0,2025-12-04T07:30:00+00:00,W0874,wagon,WS_02,,WS_02|retrofitted
4770.0,2025-12-04T07:30:00+00:00,W10689,wagon,WS_02,,WS_02|retrofitted
4771.0,2025-12-04T07:31:00+00:00,LOCO_02,locomotive,retrofit,track_19,
4775.0,2025-12-04T07:35:00+00:00,W0874,wagon,retrofitted,,
4775.0,2025-12-04T07:35:00+00:00,W10689,wagon,retrofitted,,
4775.0,2025-12-04T07:35:00+00:00,LOCO_01,locomotive,track_19,retrofitted,
4779.0,2025-12-04T07:39:00+00:00,LOCO_02,locomotive,WS_01,retrofit,
4779.0,2025-12-04T07:39:00+00:00,W5838,wagon,retrofit,,retrofit|WS_01
4779.0,2025-12-04T07:39:00+00:00,W11241,wagon,retrofit,,retrofit|WS_01
4782.0,2025-12-04T07:42:00+00:00,LOCO_01,locomotive,retrofit,track_19,
4784.0,2025-12-04T07:44:00+00:00,W5838,wagon,WS_01,,
4784.0,2025-12-04T07:44:00+00:00,W11241,wagon,WS_01,,
4790.0,2025-12-04T07:50:00+00:00,W5838,wagon,WS_01,,
4790.0,2025-12-04T07:50:00+00:00,W11241,wagon,WS_01,,
4790.0,2025-12-04T07:50:00+00:00,LOCO_01,locomotive,WS_02,retrofit,
4790.0,2025-12-04T07:50:00+00:00,W2444,wagon,retrofit,,retrofit|WS_02
4790.0,2025-12-04T07:50:00+00:00,W1158,wagon,retrofit,,retrofit|WS_02
4790.0,2025-12-04T07:50:00+00:00,LOCO_02,locomotive,track_19,WS_01,
4795.0,2025-12-04T07:55:00+00:00,W2444,wagon,WS_02,,
4795.0,2025-12-04T07:55:00+00:00,W1158,wagon,WS_02,,
4795.0,2025-12-04T07:55:00+00:00,LOCO_02,locomotive,collection1,track_19,
4801.0,2025-12-04T08:01:00+00:00,W2444,wagon,WS_02,,
4801.0,2025-12-04T08:01:00+00:00,W1158,wagon,WS_02,,
4801.0,2025-12-04T08:01:00+00:00,LOCO_01,locomotive,track_19,WS_02,
4806.0,2025-12-04T08:06:00+00:00,LOCO_01,locomotive,collection2,track_19,
4868.0,2025-12-04T09:08:00+00:00,LOCO_02,locomotive,retrofit,collection1,
4868.0,2025-12-04T09:08:00+00:00,W10706,wagon,collection1,,collection1|Mainline|retrofit
4868.0,2025-12-04T09:08:00+00:00,W5446,wagon,collection1,,collection1|Mainline|retrofit
4868.0,2025-12-04T09:08:00+00:00,W10881,wagon,collection1,,collection1|Mainline|retrofit
4868.0,2025-12-04T09:08:00+00:00,W10924,wagon,collection1,,collection1|Mainline|retrofit
4868.0,2025-12-04T09:08:00+00:00,W0678,wagon,collection1,,collection1|Mainline|retrofit
4868.0,2025-12-04T09:08:00+00:00,W4655,wagon,collection1,,collection1|Mainline|retrofit
4869.0,2025-12-04T09:09:00+00:00,LOCO_01,locomotive,retrofit,collection2,
4869.0,2025-12-04T09:09:00+00:00,W1150,wagon,collection2,,collection2|Mainline|retrofit
4928.0,2025-12-04T10:08:00+00:00,W10706,wagon,retrofit,,
4928.0,2025-12-04T10:08:00+00:00,W5446,wagon,retrofit,,
4928.0,2025-12-04T10:08:00+00:00,W10881,wagon,retrofit,,
4928.0,2025-12-04T10:08:00+00:00,W10924,wagon,retrofit,,
4928.0,2025-12-04T10:08:00+00:00,W0678,wagon,retrofit,,
4928.0,2025-12-04T10:08:00+00:00,W4655,wagon,retrofit,,
4929.0,2025-12-04T10:09:00+00:00,W1150,wagon,retrofit,,
4932.0,2025-12-04T10:12:00+00:00,LOCO_01,locomotive,track_19,retrofit,
4937.0,2025-12-04T10:17:00+00:00,LOCO_01,locomotive,WS_01,track_19,
4944.0,2025-12-04T10:24:00+00:00,LOCO_01,locomotive,retrofitted,WS_01,
4944.0,2025-12-04T10:24:00+00:00,W5838,wagon,WS_01,,WS_01|retrofitted
4944.0,2025-12-04T10:24:00+00:00,W11241,wagon,WS_01,,WS_01|retrofitted
4949.0,2025-12-04T10:29:00+00:00,W5838,wagon,retrofitted,,
4949.0,2025-12-04T10:29:00+00:00,W11241,wagon,retrofitted,,
4949.0,2025-12-04T10:29:00+00:00,LOCO_01,locomotive,track_19,retrofitted,
4954.0,2025-12-04T10:34:00+00:00,LOCO_01,locomotive,WS_02,track_19,
4961.0,2025-12-04T10:41:00+00:00,LOCO_02,locomotive,track_19,retrofit,
4961.0,2025-12-04T10:41:00+00:00,LOCO_01,locomotive,retrofitted,WS_02,
4961.0,2025-12-04T10:41:00+00:00,W2444,wagon,WS_02,,WS_02|retrofitted
4961.0,2025-12-04T10:41:00+00:00,W1158,wagon,WS_02,,WS_02|retrofitted
4966.0,2025-12-04T10:46:00+00:00,W2444,wagon,retrofitted,,
4966.0,2025-12-04T10:46:00+00:00,W1158,wagon,retrofitted,,
4966.0,2025-12-04T10:46:00+00:00,LOCO_01,locomotive,track_19,retrofitted,
4968.0,2025-12-04T10:48:00+00:00,LOCO_02,locomotive,retrofit,track_19,
4971.0,2025-12-04T10:51:00+00:00,LOCO_01,locomotive,retrofitted,track_19,
4976.0,2025-12-04T10:56:00+00:00,LOCO_02,locomotive,WS_01,retrofit,
4976.0,2025-12-04T10:56:00+00:00,W9329,wagon,retrofit,,retrofit|WS_01
4976.0,2025-12-04T10:56:00+00:00,W12077,wagon,retrofit,,retrofit|WS_01
4979.0,2025-12-04T10:59:00+00:00,LOCO_01,locomotive,parking15,retrofitted,
4981.0,2025-12-04T11:01:00+00:00,W9329,wagon,WS_01,,
4981.0,2025-12-04T11:01:00+00:00,W12077,wagon,WS_01,,
4987.0,2025-12-04T11:07:00+00:00,W9329,wagon,WS_01,,
4987.0,2025-12-04T11:07:00+00:00,W12077,wagon,WS_01,,
4987.0,2025-12-04T11:07:00+00:00,LOCO_02,locomotive,track_19,WS_01,
4994.0,2025-12-04T11:14:00+00:00,LOCO_02,locomotive,retrofit,track_19,
5002.0,2025-12-04T11:22:00+00:00,LOCO_02,locomotive,WS_02,retrofit,
5002.0,2025-12-04T11:22:00+00:00,W11766,wagon,retrofit,,retrofit|WS_02
5002.0,2025-12-04T11:22:00+00:00,W7115,wagon,retrofit,,retrofit|WS_02
5007.0,2025-12-04T11:27:00+00:00,W11766,wagon,WS_02,,
5007.0,2025-12-04T11:27:00+00:00,W7115,wagon,WS_02,,
5011.0,2025-12-04T11:31:00+00:00,W0677,wagon,collection1,,
5011.0,2025-12-04T11:31:00+00:00,W0924,wagon,collection2,,
5011.0,2025-12-04T11:31:00+00:00,W0685,wagon,collection2,,
5013.0,2025-12-04T11:33:00+00:00,W11766,wagon,WS_02,,
5013.0,2025-12-04T11:33:00+00:00,W7115,wagon,WS_02,,
5013.0,2025-12-04T11:33:00+00:00,LOCO_02,locomotive,track_19,WS_02,
5047.5,2025-12-04T12:07:30+00:00,LOCO_02,locomotive,WS_01,track_19,
5054.5,2025-12-04T12:14:30+00:00,LOCO_02,locomotive,retrofitted,WS_01,
5054.5,2025-12-04T12:14:30+00:00,W9329,wagon,WS_01,,WS_01|retrofitted
5054.5,2025-12-04T12:14:30+00:00,W12077,wagon,WS_01,,WS_01|retrofitted
5057.5,2025-12-04T12:17:30+00:00,W10889,wagon,parking15,,
5057.5,2025-12-04T12:17:30+00:00,W11320,wagon,parking15,,
5057.5,2025-12-04T12:17:30+00:00,W5833,wagon,parking15,,
5057.5,2025-12-04T12:17:30+00:00,W6096,wagon,parking15,,
5057.5,2025-12-04T12:17:30+00:00,LOCO_01,locomotive,track_19,parking15,
5059.5,2025-12-04T12:19:30+00:00,W9329,wagon,retrofitted,,
5059.5,2025-12-04T12:19:30+00:00,W12077,wagon,retrofitted,,
5059.5,2025-12-04T12:19:30+00:00,LOCO_02,locomotive,track_19,retrofitted,
5066.5,2025-12-04T12:26:30+00:00,LOCO_02,locomotive,retrofit,track_19,
5074.5,2025-12-04T12:34:30+00:00,LOCO_02,locomotive,WS_01,retrofit,
5074.5,2025-12-04T12:34:30+00:00,W11723,wagon,retrofit,,retrofit|WS_01
5074.5,2025-12-04T12:34:30+00:00,W8675,wagon,retrofit,,retrofit|WS_01
5079.5,2025-12-04T12:39:30+00:00,W11723,wagon,WS_01,,
5079.5,2025-12-04T12:39:30+00:00,W8675,wagon,WS_01,,
5085.5,2025-12-04T12:45:30+00:00,W11723,wagon,WS_01,,
5085.5,2025-12-04T12:45:30+00:00,W8675,wagon,WS_01,,
5085.5,2025-12-04T12:45:30+00:00,LOCO_02,locomotive,track_19,WS_01,
5090.5,2025-12-04T12:50:30+00:00,LOCO_02,locomotive,WS_02,track_19,
5097.5,2025-12-04T12:57:30+00:00,LOCO_02,locomotive,retrofitted,WS_02,
5097.5,2025-12-04T12:57:30+00:00,W11766,wagon,WS_02,,WS_02|retrofitted
5097.5,2025-12-04T12:57:30+00:00,W7115,wagon,WS_02,,WS_02|retrofitted
5102.5,2025-12-04T13:02:30+00:00,W11766,wagon,retrofitted,,
5102.5,2025-12-04T13:02:30+00:00,W7115,wagon,retrofitted,,
5102.5,2025-12-04T13:02:30+00:00,LOCO_02,locomotive,track_19,retrofitted,
5107.5,2025-12-04T13:07:30+00:00,LOCO_02,locomotive,collection2,track_19,
5119.5,2025-12-04T13:19:30+00:00,LOCO_01,locomotive,retrofit,track_19,
5127.5,2025-12-04T13:27:30+00:00,LOCO_01,locomotive,WS_02,retrofit,
5127.5,2025-12-04T13:27:30+00:00,W1139,wagon,retrofit,,retrofit|WS_02
5127.5,2025-12-04T13:27:30+00:00,W1149,wagon,retrofit,,retrofit|WS_02
5132.5,2025-12-04T13:32:30+00:00,W1139,wagon,WS_02,,
5132.5,2025-12-04T13:32:30+00:00,W1149,wagon,WS_02,,
5138.5,2025-12-04T13:38:30+00:00,W1139,wagon,WS_02,,
5138.5,2025-12-04T13:38:30+00:00,W1149,wagon,WS_02,,
5138.5,2025-12-04T13:38:30+00:00,LOCO_01,locomotive,track_19,WS_02,
5143.5,2025-12-04T13:43:30+00:00,LOCO_01,locomotive,collection1,track_19,
5176.5,2025-12-04T14:16:30+00:00,LOCO_02,locomotive,retrofit,collection2,
5176.5,2025-12-04T14:16:30+00:00,W1151,wagon,collection2,,collection2|Mainline|retrofit
5176.5,2025-12-04T14:16:30+00:00,W1152,wagon,collection2,,collection2|Mainline|retrofit
5176.5,2025-12-04T14:16:30+00:00,W5978,wagon,collection2,,collection2|Mainline|retrofit
5176.5,2025-12-04T14:16:30+00:00,W5686,wagon,collection2,,collection2|Mainline|retrofit
5208.5,2025-12-04T14:48:30+00:00,LOCO_01,locomotive,retrofit,collection1,
5208.5,2025-12-04T14:48:30+00:00,W2737,wagon,collection1,,collection1|Mainline|retrofit
5208.5,2025-12-04T14:48:30+00:00,W10081,wagon,collection1,,collection1|Mainline|retrofit
5236.5,2025-12-04T15:16:30+00:00,W1151,wagon,retrofit,,
5236.5,2025-12-04T15:16:30+00:00,W1152,wagon,retrofit,,
5236.5,2025-12-04T15:16:30+00:00,W5978,wagon,retrofit,,
5236.5,2025-12-04T15:16:30+00:00,W5686,wagon,retrofit,,
5257.5,2025-12-04T15:37:30+00:00,LOCO_02,locomotive,track_19,retrofit,
5262.5,2025-12-04T15:42:30+00:00,LOCO_02,locomotive,WS_01,track_19,
5268.5,2025-12-04T15:48:30+00:00,W2737,wagon,retrofit,,
5268.5,2025-12-04T15:48:30+00:00,W10081,wagon,retrofit,,
5269.5,2025-12-04T15:49:30+00:00,LOCO_02,locomotive,retrofitted,WS_01,
5269.5,2025-12-04T15:49:30+00:00,W11723,wagon,WS_01,,WS_01|retrofitted
5269.5,2025-12-04T15:49:30+00:00,W8675,wagon,WS_01,,WS_01|retrofitted
5274.5,2025-12-04T15:54:30+00:00,W11723,wagon,retrofitted,,
5274.5,2025-12-04T15:54:30+00:00,W8675,wagon,retrofitted,,
5274.5,2025-12-04T15:54:30+00:00,LOCO_02,locomotive,track_19,retrofitted,
5277.5,2025-12-04T15:57:30+00:00,LOCO_01,locomotive,track_19,retrofit,
5279.5,2025-12-04T15:59:30+00:00,LOCO_02,locomotive,WS_02,track_19,
5284.5,2025-12-04T16:04:30+00:00,LOCO_01,locomotive,retrofit,track_19,
5286.5,2025-12-04T16:06:30+00:00,LOCO_02,locomotive,retrofitted,WS_02,
5286.5,2025-12-04T16:06:30+00:00,W1139,wagon,WS_02,,WS_02|retrofitted
5286.5,2025-12-04T16:06:30+00:00,W1149,wagon,WS_02,,WS_02|retrofitted
5291.5,2025-12-04T16:11:30+00:00,W1139,wagon,retrofitted,,
5291.5,2025-12-04T16:11:30+00:00,W1149,wagon,retrofitted,,
5291.5,2025-12-04T16:11:30+00:00,LOCO_02,locomotive,track_19,retrofitted,
5292.5,2025-12-04T16:12:30+00:00,LOCO_01,locomotive,WS_01,retrofit,
5292.5,2025-12-04T16:12:30+00:00,W10706,wagon,retrofit,,retrofit|WS_01
5292.5,2025-12-04T16:12:30+00:00,W5446,wagon,retrofit,,retrofit|WS_01
5296.5,2025-12-04T16:16:30+00:00,LOCO_02,locomotive,retrofitted,track_19,
5297.5,2025-12-04T16:17:30+00:00,W10706,wagon,WS_01,,
5297.5,2025-12-04T16:17:30+00:00,W5446,wagon,WS_01,,
5303.5,2025-12-04T16:23:30+00:00,W10706,wagon,WS_01,,
5303.5,2025-12-04T16:23:30+00:00,W5446,wagon,WS_01,,
5303.5,2025-12-04T16:23:30+00:00,LOCO_01,locomotive,track_19,WS_01,
5307.5,2025-12-04T16:27:30+00:00,LOCO_02,locomotive,parking12,retrofitted,
5310.5,2025-12-04T16:30:30+00:00,LOCO_01,locomotive,retrofit,track_19,
5318.5,2025-12-04T16:38:30+00:00,LOCO_01,locomotive,WS_02,retrofit,
5318.5,2025-12-04T16:38:30+00:00,W10881,wagon,retrofit,,retrofit|WS_02
5318.5,2025-12-04T16:38:30+00:00,W10924,wagon,retrofit,,retrofit|WS_02
5323.5,2025-12-04T16:43:30+00:00,W10881,wagon,WS_02,,
5323.5,2025-12-04T16:43:30+00:00,W10924,wagon,WS_02,,
5329.5,2025-12-04T16:49:30+00:00,W10881,wagon,WS_02,,
5329.5,2025-12-04T16:49:30+00:00,W10924,wagon,WS_02,,
5329.5,2025-12-04T16:49:30+00:00,LOCO_01,locomotive,track_19,WS_02,
5364.0,2025-12-04T17:24:00+00:00,LOCO_01,locomotive,WS_01,track_19,
5371.0,2025-12-04T17:31:00+00:00,LOCO_01,locomotive,retrofitted,WS_01,
5371.0,2025-12-04T17:31:00+00:00,W10706,wagon,WS_01,,WS_01|retrofitted
5371.0,2025-12-04T17:31:00+00:00,W5446,wagon,WS_01,,WS_01|retrofitted
5376.0,2025-12-04T17:36:00+00:00,W10706,wagon,retrofitted,,
5376.0,2025-12-04T17:36:00+00:00,W5446,wagon,retrofitted,,
5376.0,2025-12-04T17:36:00+00:00,LOCO_01,locomotive,track_19,retrofitted,
5377.0,2025-12-04T17:37:00+00:00,W0874,wagon,parking12,,
5377.0,2025-12-04T17:37:00+00:00,W10689,wagon,parking12,,
5377.0,2025-12-04T17:37:00+00:00,W5838,wagon,parking12,,
5377.0,2025-12-04T17:37:00+00:00,W11241,wagon,parking12,,
5377.0,2025-12-04T17:37:00+00:00,W2444,wagon,parking12,,
5377.0,2025-12-04T17:37:00+00:00,W1158,wagon,parking12,,
5377.0,2025-12-04T17:37:00+00:00,W9329,wagon,parking12,,
5377.0,2025-12-04T17:37:00+00:00,W12077,wagon,parking12,,
5377.0,2025-12-04T17:37:00+00:00,W11766,wagon,parking12,,
5377.0,2025-12-04T17:37:00+00:00,W7115,wagon,parking12,,
5377.0,2025-12-04T17:37:00+00:00,LOCO_02,locomotive,track_19,parking12,
5383.0,2025-12-04T17:43:00+00:00,LOCO_01,locomotive,retrofit,track_19,
5391.0,2025-12-04T17:51:00+00:00,LOCO_01,locomotive,WS_01,retrofit,
5391.0,2025-12-04T17:51:00+00:00,W0678,wagon,retrofit,,retrofit|WS_01
5391.0,2025-12-04T17:51:00+00:00,W4655,wagon,retrofit,,retrofit|WS_01
5396.0,2025-12-04T17:56:00+00:00,W0678,wagon,WS_01,,
5396.0,2025-12-04T17:56:00+00:00,W4655,wagon,WS_01,,
5397.75,2025-12-04T17:57:45+00:00,W7316,wagon,collection1,,
5397.75,2025-12-04T17:57:45+00:00,W9534,wagon,collection1,,
5397.75,2025-12-04T17:57:45+00:00,W11953,wagon,collection2,,
5397.75,2025-12-04T17:57:45+00:00,W9237,wagon,collection2,,
5397.75,2025-12-04T17:57:45+00:00,W2853,wagon,collection2,,
5397.75,2025-12-04T17:57:45+00:00,W2415,wagon,collection2,,
5397.75,2025-12-04T17:57:45+00:00,W10093,wagon,collection2,,
5397.75,2025-12-04T17:57:45+00:00,W11640,wagon,collection2,,
5402.0,2025-12-04T18:02:00+00:00,W0678,wagon,WS_01,,
5402.0,2025-12-04T18:02:00+00:00,W4655,wagon,WS_01,,
5402.0,2025-12-04T18:02:00+00:00,LOCO_01,locomotive,track_19,WS_01,
5407.0,2025-12-04T18:07:00+00:00,LOCO_01,locomotive,WS_02,track_19,
5414.0,2025-12-04T18:14:00+00:00,LOCO_01,locomotive,retrofitted,WS_02,
5414.0,2025-12-04T18:14:00+00:00,W10881,wagon,WS_02,,WS_02|retrofitted
5414.0,2025-12-04T18:14:00+00:00,W10924,wagon,WS_02,,WS_02|retrofitted
5419.0,2025-12-04T18:19:00+00:00,W10881,wagon,retrofitted,,
5419.0,2025-12-04T18:19:00+00:00,W10924,wagon,retrofitted,,
5419.0,2025-12-04T18:19:00+00:00,LOCO_01,locomotive,track_19,retrofitted,
5424.0,2025-12-04T18:24:00+00:00,LOCO_01,locomotive,collection2,track_19,
5439.0,2025-12-04T18:39:00+00:00,LOCO_02,locomotive,retrofit,track_19,
5447.0,2025-12-04T18:47:00+00:00,LOCO_02,locomotive,WS_02,retrofit,
5447.0,2025-12-04T18:47:00+00:00,W1150,wagon,retrofit,,retrofit|WS_02
5447.0,2025-12-04T18:47:00+00:00,W1151,wagon,retrofit,,retrofit|WS_02
5452.0,2025-12-04T18:52:00+00:00,W1150,wagon,WS_02,,
5452.0,2025-12-04T18:52:00+00:00,W1151,wagon,WS_02,,
5458.0,2025-12-04T18:58:00+00:00,W1150,wagon,WS_02,,
5458.0,2025-12-04T18:58:00+00:00,W1151,wagon,WS_02,,
5458.0,2025-12-04T18:58:00+00:00,LOCO_02,locomotive,track_19,WS_02,
5463.0,2025-12-04T19:03:00+00:00,LOCO_02,locomotive,WS_01,track_19,
5470.0,2025-12-04T19:10:00+00:00,LOCO_02,locomotive,retrofitted,WS_01,
5470.0,2025-12-04T19:10:00+00:00,W0678,wagon,WS_01,,WS_01|retrofitted
5470.0,2025-12-04T19:10:00+00:00,W4655,wagon,WS_01,,WS_01|retrofitted
5475.0,2025-12-04T19:15:00+00:00,W0678,wagon,retrofitted,,
5475.0,2025-12-04T19:15:00+00:00,W4655,wagon,retrofitted,,
5475.0,2025-12-04T19:15:00+00:00,LOCO_02,locomotive,track_19,retrofitted,
5480.0,2025-12-04T19:20:00+00:00,LOCO_02,locomotive,collection1,track_19,
5497.0,2025-12-04T19:37:00+00:00,LOCO_01,locomotive,retrofit,collection2,
5497.0,2025-12-04T19:37:00+00:00,W5403,wagon,collection2,,collection2|Mainline|retrofit
5497.0,2025-12-04T19:37:00+00:00,W9401,wagon,collection2,,collection2|Mainline|retrofit
5497.0,2025-12-04T19:37:00+00:00,W4793,wagon,collection2,,collection2|Mainline|retrofit
5497.0,2025-12-04T19:37:00+00:00,W11718,wagon,collection2,,collection2|Mainline|retrofit
5497.0,2025-12-04T19:37:00+00:00,W7261,wagon,collection2,,collection2|Mainline|retrofit
5497.0,2025-12-04T19:37:00+00:00,W7263,wagon,collection2,,collection2|Mainline|retrofit
5545.0,2025-12-04T20:25:00+00:00,LOCO_02,locomotive,retrofit,collection1,
5545.0,2025-12-04T20:25:00+00:00,W7253,wagon,collection1,,collection1|Mainline|retrofit
5545.0,2025-12-04T20:25:00+00:00,W2971,wagon,collection1,,collection1|Mainline|retrofit
5557.0,2025-12-04T20:37:00+00:00,W5403,wagon,retrofit,,
5557.0,2025-12-04T20:37:00+00:00,W9401,wagon,retrofit,,
5557.0,2025-12-04T20:37:00+00:00,W4793,wagon,retrofit,,
5557.0,2025-12-04T20:37:00+00:00,W11718,wagon,retrofit,,
5557.0,2025-12-04T20:37:00+00:00,W7261,wagon,retrofit,,
5557.0,2025-12-04T20:37:00+00:00,W7263,wagon,retrofit,,
5590.0,2025-12-04T21:10:00+00:00,LOCO_01,locomotive,track_19,retrofit,
5595.0,2025-12-04T21:15:00+00:00,LOCO_01,locomotive,WS_02,track_19,
5602.0,2025-12-04T21:22:00+00:00,LOCO_01,locomotive,retrofitted,WS_02,
5602.0,2025-12-04T21:22:00+00:00,W1150,wagon,WS_02,,WS_02|retrofitted
5602.0,2025-12-04T21:22:00+00:00,W1151,wagon,WS_02,,WS_02|retrofitted
5605.0,2025-12-04T21:25:00+00:00,W7253,wagon,retrofit,,
5605.0,2025-12-04T21:25:00+00:00,W2971,wagon,retrofit,,
5607.0,2025-12-04T21:27:00+00:00,W1150,wagon,retrofitted,,
5607.0,2025-12-04T21:27:00+00:00,W1151,wagon,retrofitted,,
5607.0,2025-12-04T21:27:00+00:00,LOCO_01,locomotive,track_19,retrofitted,
5614.0,2025-12-04T21:34:00+00:00,LOCO_02,locomotive,track_19,retrofit,
5614.0,2025-12-04T21:34:00+00:00,LOCO_01,locomotive,retrofit,track_19,
5621.0,2025-12-04T21:41:00+00:00,LOCO_02,locomotive,retrofit,track_19,
5622.0,2025-12-04T21:42:00+00:00,LOCO_01,locomotive,WS_01,retrofit,
5622.0,2025-12-04T21:42:00+00:00,W1152,wagon,retrofit,,retrofit|WS_01
5622.0,2025-12-04T21:42:00+00:00,W5978,wagon,retrofit,,retrofit|WS_01
5627.0,2025-12-04T21:47:00+00:00,W1152,wagon,WS_01,,
5627.0,2025-12-04T21:47:00+00:00,W5978,wagon,WS_01,,
5629.0,2025-12-04T21:49:00+00:00,LOCO_02,locomotive,WS_02,retrofit,
5629.0,2025-12-04T21:49:00+00:00,W5686,wagon,retrofit,,retrofit|WS_02
5629.0,2025-12-04T21:49:00+00:00,W2737,wagon,retrofit,,retrofit|WS_02
5633.0,2025-12-04T21:53:00+00:00,W1152,wagon,WS_01,,
5633.0,2025-12-04T21:53:00+00:00,W5978,wagon,WS_01,,
5633.0,2025-12-04T21:53:00+00:00,LOCO_01,locomotive,track_19,WS_01,
5634.0,2025-12-04T21:54:00+00:00,W5686,wagon,WS_02,,
5634.0,2025-12-04T21:54:00+00:00,W2737,wagon,WS_02,,
5638.0,2025-12-04T21:58:00+00:00,LOCO_01,locomotive,retrofitted,track_19,
5640.0,2025-12-04T22:00:00+00:00,W5686,wagon,WS_02,,
5640.0,2025-12-04T22:00:00+00:00,W2737,wagon,WS_02,,
5640.0,2025-12-04T22:00:00+00:00,LOCO_02,locomotive,track_19,WS_02,
5648.0,2025-12-04T22:08:00+00:00,LOCO_01,locomotive,parking14,retrofitted,
5693.5,2025-12-04T22:53:30+00:00,LOCO_02,locomotive,WS_01,track_19,
5700.5,2025-12-04T23:00:30+00:00,LOCO_02,locomotive,retrofitted,WS_01,
5700.5,2025-12-04T23:00:30+00:00,W1152,wagon,WS_01,,WS_01|retrofitted
5700.5,2025-12-04T23:00:30+00:00,W5978,wagon,WS_01,,WS_01|retrofitted
5705.5,2025-12-04T23:05:30+00:00,W1152,wagon,retrofitted,,
5705.5,2025-12-04T23:05:30+00:00,W5978,wagon,retrofitted,,
5705.5,2025-12-04T23:05:30+00:00,LOCO_02,locomotive,track_19,retrofitted,
5710.5,2025-12-04T23:10:30+00:00,LOCO_02,locomotive,WS_02,track_19,
5717.5,2025-12-04T23:17:30+00:00,LOCO_02,locomotive,retrofitted,WS_02,
5717.5,2025-12-04T23:17:30+00:00,W5686,wagon,WS_02,,WS_02|retrofitted
5717.5,2025-12-04T23:17:30+00:00,W2737,wagon,WS_02,,WS_02|retrofitted
5722.5,2025-12-04T23:22:30+00:00,W5686,wagon,retrofitted,,
5722.5,2025-12-04T23:22:30+00:00,W2737,wagon,retrofitted,,
5722.5,2025-12-04T23:22:30+00:00,LOCO_02,locomotive,track_19,retrofitted,
5724.0,2025-12-04T23:24:00+00:00,W11482,wagon,collection1,,
5724.0,2025-12-04T23:24:00+00:00,W8671,wagon,collection2,,
5724.0,2025-12-04T23:24:00+00:00,W11252,wagon,collection2,,
5724.0,2025-12-04T23:24:00+00:00,W5452,wagon,collection2,,
5724.0,2025-12-04T23:24:00+00:00,W6800,wagon,collection2,,
5729.5,2025-12-04T23:29:30+00:00,LOCO_02,locomotive,retrofit,track_19,
5730.5,2025-12-04T23:30:30+00:00,W11723,wagon,parking14,,
5730.5,2025-12-04T23:30:30+00:00,W8675,wagon,parking14,,
5730.5,2025-12-04T23:30:30+00:00,W1139,wagon,parking14,,
5730.5,2025-12-04T23:30:30+00:00,W1149,wagon,parking14,,
5730.5,2025-12-04T23:30:30+00:00,W10706,wagon,parking14,,
5730.5,2025-12-04T23:30:30+00:00,W5446,wagon,parking14,,
5730.5,2025-12-04T23:30:30+00:00,W10881,wagon,parking14,,
5730.5,2025-12-04T23:30:30+00:00,W10924,wagon,parking14,,
5730.5,2025-12-04T23:30:30+00:00,LOCO_01,locomotive,track_19,parking14,
5737.5,2025-12-04T23:37:30+00:00,LOCO_02,locomotive,WS_01,retrofit,
5737.5,2025-12-04T23:37:30+00:00,W10081,wagon,retrofit,,retrofit|WS_01
5737.5,2025-12-04T23:37:30+00:00,W5403,wagon,retrofit,,retrofit|WS_01
5742.5,2025-12-04T23:42:30+00:00,W10081,wagon,WS_01,,
5742.5,2025-12-04T23:42:30+00:00,W5403,wagon,WS_01,,
5748.5,2025-12-04T23:48:30+00:00,W10081,wagon,WS_01,,
5748.5,2025-12-04T23:48:30+00:00,W5403,wagon,WS_01,,
5748.5,2025-12-04T23:48:30+00:00,LOCO_02,locomotive,track_19,WS_01,
5755.5,2025-12-04T23:55:30+00:00,LOCO_02,locomotive,retrofit,track_19,
5758.0,2025-12-04T23:58:00+00:00,W8380,wagon,collection2,,
5758.0,2025-12-04T23:58:00+00:00,W8378,wagon,collection2,,
5763.5,2025-12-05T00:03:30+00:00,LOCO_02,locomotive,WS_02,retrofit,
5763.5,2025-12-05T00:03:30+00:00,W9401,wagon,retrofit,,retrofit|WS_02
5763.5,2025-12-05T00:03:30+00:00,W4793,wagon,retrofit,,retrofit|WS_02
5768.5,2025-12-05T00:08:30+00:00,W9401,wagon,WS_02,,
5768.5,2025-12-05T00:08:30+00:00,W4793,wagon,WS_02,,
5774.5,2025-12-05T00:14:30+00:00,W9401,wagon,WS_02,,
5774.5,2025-12-05T00:14:30+00:00,W4793,wagon,WS_02,,
5774.5,2025-12-05T00:14:30+00:00,LOCO_02,locomotive,track_19,WS_02,
5779.5,2025-12-05T00:19:30+00:00,LOCO_02,locomotive,collection2,track_19,
5790.5,2025-12-05T00:30:30+00:00,LOCO_01,locomotive,collection1,track_19,
5853.5,2025-12-05T01:33:30+00:00,LOCO_01,locomotive,retrofit,collection1,
5853.5,2025-12-05T01:33:30+00:00,W0607,wagon,collection1,,collection1|Mainline|retrofit
5856.5,2025-12-05T01:36:30+00:00,LOCO_02,locomotive,retrofit,collection2,
5856.5,2025-12-05T01:36:30+00:00,W6339,wagon,collection2,,collection2|Mainline|retrofit
5856.5,2025-12-05T01:36:30+00:00,W3618,wagon,collection2,,collection2|Mainline|retrofit
5856.5,2025-12-05T01:36:30+00:00,W7252,wagon,collection2,,collection2|Mainline|retrofit
5856.5,2025-12-05T01:36:30+00:00,W6352,wagon,collection2,,collection2|Mainline|retrofit
5856.5,2025-12-05T01:36:30+00:00,W10321,wagon,collection2,,collection2|Mainline|retrofit
5856.5,2025-12-05T01:36:30+00:00,W7155,wagon,collection2,,collection2|Mainline|retrofit
5856.5,2025-12-05T01:36:30+00:00,W9959,wagon,collection2,,collection2|Mainline|retrofit
5856.5,2025-12-05T01:36:30+00:00,W8705,wagon,collection2,,collection2|Mainline|retrofit
5913.5,2025-12-05T02:33:30+00:00,W0607,wagon,retrofit,,
5916.5,2025-12-05T02:36:30+00:00,W6339,wagon,retrofit,,
5916.5,2025-12-05T02:36:30+00:00,W3618,wagon,retrofit,,
5916.5,2025-12-05T02:36:30+00:00,W7252,wagon,retrofit,,
5916.5,2025-12-05T02:36:30+00:00,W6352,wagon,retrofit,,
5916.5,2025-12-05T02:36:30+00:00,W10321,wagon,retrofit,,
5916.5,2025-12-05T02:36:30+00:00,W7155,wagon,retrofit,,
5916.5,2025-12-05T02:36:30+00:00,W9959,wagon,retrofit,,
5916.5,2025-12-05T02:36:30+00:00,W8705,wagon,retrofit,,
5916.5,2025-12-05T02:36:30+00:00,LOCO_01,locomotive,track_19,retrofit,
5921.5,2025-12-05T02:41:30+00:00,LOCO_01,locomotive,WS_01,track_19,
5923.75,2025-12-05T02:43:45+00:00,W10581,wagon,collection1,,
5923.75,2025-12-05T02:43:45+00:00,W11344,wagon,collection1,,
5923.75,2025-12-05T02:43:45+00:00,W10258,wagon,collection1,,
5928.5,2025-12-05T02:48:30+00:00,LOCO_01,locomotive,retrofitted,WS_01,
5928.5,2025-12-05T02:48:30+00:00,W10081,wagon,WS_01,,WS_01|retrofitted
5928.5,2025-12-05T02:48:30+00:00,W5403,wagon,WS_01,,WS_01|retrofitted
5933.5,2025-12-05T02:53:30+00:00,W10081,wagon,retrofitted,,
5933.5,2025-12-05T02:53:30+00:00,W5403,wagon,retrofitted,,
5933.5,2025-12-05T02:53:30+00:00,LOCO_01,locomotive,track_19,retrofitted,
5938.5,2025-12-05T02:58:30+00:00,LOCO_01,locomotive,WS_02,track_19,
5945.5,2025-12-05T03:05:30+00:00,LOCO_01,locomotive,retrofitted,WS_02,
5945.5,2025-12-05T03:05:30+00:00,W9401,wagon,WS_02,,WS_02|retrofitted
5945.5,2025-12-05T03:05:30+00:00,W4793,wagon,WS_02,,WS_02|retrofitted
5950.5,2025-12-05T03:10:30+00:00,W9401,wagon,retrofitted,,
5950.5,2025-12-05T03:10:30+00:00,W4793,wagon,retrofitted,,
5950.5,2025-12-05T03:10:30+00:00,LOCO_01,locomotive,track_19,retrofitted,
5957.5,2025-12-05T03:17:30+00:00,LOCO_01,locomotive,retrofit,track_19,
5961.5,2025-12-05T03:21:30+00:00,LOCO_02,locomotive,track_19,retrofit,
5965.5,2025-12-05T03:25:30+00:00,LOCO_01,locomotive,WS_01,retrofit,
5965.5,2025-12-05T03:25:30+00:00,W11718,wagon,retrofit,,retrofit|WS_01
5965.5,2025-12-05T03:25:30+00:00,W7261,wagon,retrofit,,retrofit|WS_01
5968.5,2025-12-05T03:28:30+00:00,LOCO_02,locomotive,retrofit,track_19,
5970.5,2025-12-05T03:30:30+00:00,W11718,wagon,WS_01,,
5970.5,2025-12-05T03:30:30+00:00,W7261,wagon,WS_01,,
5976.5,2025-12-05T03:36:30+00:00,W11718,wagon,WS_01,,
5976.5,2025-12-05T03:36:30+00:00,W7261,wagon,WS_01,,
5976.5,2025-12-05T03:36:30+00:00,LOCO_02,locomotive,WS_02,retrofit,
5976.5,2025-12-05T03:36:30+00:00,W7263,wagon,retrofit,,retrofit|WS_02
5976.5,2025-12-05T03:36:30+00:00,W7253,wagon,retrofit,,retrofit|WS_02
5976.5,2025-12-05T03:36:30+00:00,LOCO_01,locomotive,track_19,WS_01,
5981.5,2025-12-05T03:41:30+00:00,W7263,wagon,WS_02,,
5981.5,2025-12-05T03:41:30+00:00,W7253,wagon,WS_02,,
5981.5,2025-12-05T03:41:30+00:00,LOCO_01,locomotive,retrofitted,track_19,
5987.5,2025-12-05T03:47:30+00:00,W7263,wagon,WS_02,,
5987.5,2025-12-05T03:47:30+00:00,W7253,wagon,WS_02,,
5987.5,2025-12-05T03:47:30+00:00,LOCO_02,locomotive,track_19,WS_02,
5991.5,2025-12-05T03:51:30+00:00,LOCO_01,locomotive,parking16,retrofitted,
6037.0,2025-12-05T04:37:00+00:00,LOCO_02,locomotive,WS_01,track_19,
6044.0,2025-12-05T04:44:00+00:00,LOCO_02,locomotive,retrofitted,WS_01,
6044.0,2025-12-05T04:44:00+00:00,W11718,wagon,WS_01,,WS_01|retrofitted
6044.0,2025-12-05T04:44:00+00:00,W7261,wagon,WS_01,,WS_01|retrofitted
6049.0,2025-12-05T04:49:00+00:00,W11718,wagon,retrofitted,,
6049.0,2025-12-05T04:49:00+00:00,W7261,wagon,retrofitted,,
6049.0,2025-12-05T04:49:00+00:00,LOCO_02,locomotive,track_19,retrofitted,
6054.0,2025-12-05T04:54:00+00:00,LOCO_02,locomotive,WS_02,track_19,
6061.0,2025-12-05T05:01:00+00:00,LOCO_02,locomotive,retrofitted,WS_02,
6061.0,2025-12-05T05:01:00+00:00,W7263,wagon,WS_02,,WS_02|retrofitted
6061.0,2025-12-05T05:01:00+00:00,W7253,wagon,WS_02,,WS_02|retrofitted
6066.0,2025-12-05T05:06:00+00:00,W7263,wagon,retrofitted,,
6066.0,2025-12-05T05:06:00+00:00,W7253,wagon,retrofitted,,
6066.0,2025-12-05T05:06:00+00:00,LOCO_02,locomotive,track_19,retrofitted,
6067.5,2025-12-05T05:07:30+00:00,W9440,wagon,collection2,,
6067.5,2025-12-05T05:07:30+00:00,W9489,wagon,collection2,,
6067.5,2025-12-05T05:07:30+00:00,W2712,wagon,collection2,,
6073.0,2025-12-05T05:13:00+00:00,LOCO_02,locomotive,retrofit,track_19,
6081.0,2025-12-05T05:21:00+00:00,LOCO_02,locomotive,WS_01,retrofit,
6081.0,2025-12-05T05:21:00+00:00,W2971,wagon,retrofit,,retrofit|WS_01
6081.0,2025-12-05T05:21:00+00:00,W0607,wagon,retrofit,,retrofit|WS_01
6086.0,2025-12-05T05:26:00+00:00,W2971,wagon,WS_01,,
6086.0,2025-12-05T05:26:00+00:00,W0607,wagon,WS_01,,
6092.0,2025-12-05T05:32:00+00:00,W2971,wagon,WS_01,,
6092.0,2025-12-05T05:32:00+00:00,W0607,wagon,WS_01,,
6092.0,2025-12-05T05:32:00+00:00,LOCO_02,locomotive,track_19,WS_01,
6099.0,2025-12-05T05:39:00+00:00,LOCO_02,locomotive,retrofit,track_19,
6107.0,2025-12-05T05:47:00+00:00,LOCO_02,locomotive,WS_02,retrofit,
6107.0,2025-12-05T05:47:00+00:00,W6339,wagon,retrofit,,retrofit|WS_02
6107.0,2025-12-05T05:47:00+00:00,W3618,wagon,retrofit,,retrofit|WS_02
6112.0,2025-12-05T05:52:00+00:00,W6339,wagon,WS_02,,
6112.0,2025-12-05T05:52:00+00:00,W3618,wagon,WS_02,,
6118.0,2025-12-05T05:58:00+00:00,W6339,wagon,WS_02,,
6118.0,2025-12-05T05:58:00+00:00,W3618,wagon,WS_02,,
6118.0,2025-12-05T05:58:00+00:00,LOCO_02,locomotive,track_19,WS_02,
6119.0,2025-12-05T05:59:00+00:00,W0678,wagon,parking16,,
6119.0,2025-12-05T05:59:00+00:00,W4655,wagon,parking16,,
6119.0,2025-12-05T05:59:00+00:00,W1150,wagon,parking16,,
6119.0,2025-12-05T05:59:00+00:00,W1151,wagon,parking16,,
6119.0,2025-12-05T05:59:00+00:00,W1152,wagon,parking16,,
6119.0,2025-12-05T05:59:00+00:00,W5978,wagon,parking16,,
6119.0,2025-12-05T05:59:00+00:00,W5686,wagon,parking16,,
6119.0,2025-12-05T05:59:00+00:00,W2737,wagon,parking16,,
6119.0,2025-12-05T05:59:00+00:00,LOCO_01,locomotive,track_19,parking16,
6123.0,2025-12-05T06:03:00+00:00,LOCO_02,locomotive,collection1,track_19,
6179.0,2025-12-05T06:59:00+00:00,LOCO_01,locomotive,WS_01,track_19,
6186.0,2025-12-05T07:06:00+00:00,LOCO_01,locomotive,retrofitted,WS_01,
6186.0,2025-12-05T07:06:00+00:00,W2971,wagon,WS_01,,WS_01|retrofitted
6186.0,2025-12-05T07:06:00+00:00,W0607,wagon,WS_01,,WS_01|retrofitted
6190.0,2025-12-05T07:10:00+00:00,LOCO_02,locomotive,retrofit,collection1,
6190.0,2025-12-05T07:10:00+00:00,W12036,wagon,collection1,,collection1|Mainline|retrofit
6190.0,2025-12-05T07:10:00+00:00,W9981,wagon,collection1,,collection1|Mainline|retrofit
6190.0,2025-12-05T07:10:00+00:00,W6246,wagon,collection1,,collection1|Mainline|retrofit
6191.0,2025-12-05T07:11:00+00:00,W2971,wagon,retrofitted,,
6191.0,2025-12-05T07:11:00+00:00,W0607,wagon,retrofitted,,
6191.0,2025-12-05T07:11:00+00:00,LOCO_01,locomotive,track_19,retrofitted,
6196.0,2025-12-05T07:16:00+00:00,LOCO_01,locomotive,WS_02,track_19,
6203.0,2025-12-05T07:23:00+00:00,LOCO_01,locomotive,retrofitted,WS_02,
6203.0,2025-12-05T07:23:00+00:00,W6339,wagon,WS_02,,WS_02|retrofitted
6203.0,2025-12-05T07:23:00+00:00,W3618,wagon,WS_02,,WS_02|retrofitted
6208.0,2025-12-05T07:28:00+00:00,W6339,wagon,retrofitted,,
6208.0,2025-12-05T07:28:00+00:00,W3618,wagon,retrofitted,,
6208.0,2025-12-05T07:28:00+00:00,LOCO_01,locomotive,track_19,retrofitted,
6215.0,2025-12-05T07:35:00+00:00,LOCO_01,locomotive,retrofit,track_19,
6223.0,2025-12-05T07:43:00+00:00,LOCO_01,locomotive,WS_01,retrofit,
6223.0,2025-12-05T07:43:00+00:00,W7252,wagon,retrofit,,retrofit|WS_01
6223.0,2025-12-05T07:43:00+00:00,W6352,wagon,retrofit,,retrofit|WS_01
6228.0,2025-12-05T07:48:00+00:00,W7252,wagon,WS_01,,
6228.0,2025-12-05T07:48:00+00:00,W6352,wagon,WS_01,,
6234.0,2025-12-05T07:54:00+00:00,W7252,wagon,WS_01,,
6234.0,2025-12-05T07:54:00+00:00,W6352,wagon,WS_01,,
6234.0,2025-12-05T07:54:00+00:00,LOCO_01,locomotive,track_19,WS_01,
6241.0,2025-12-05T08:01:00+00:00,LOCO_01,locomotive,retrofit,track_19,
6249.0,2025-12-05T08:09:00+00:00,LOCO_01,locomotive,WS_02,retrofit,
6249.0,2025-12-05T08:09:00+00:00,W10321,wagon,retrofit,,retrofit|WS_02
6249.0,2025-12-05T08:09:00+00:00,W7155,wagon,retrofit,,retrofit|WS_02
6250.0,2025-12-05T08:10:00+00:00,W12036,wagon,retrofit,,
6250.0,2025-12-05T08:10:00+00:00,W9981,wagon,retrofit,,
6250.0,2025-12-05T08:10:00+00:00,W6246,wagon,retrofit,,
6254.0,2025-12-05T08:14:00+00:00,W10321,wagon,WS_02,,
6254.0,2025-12-05T08:14:00+00:00,W7155,wagon,WS_02,,
6260.0,2025-12-05T08:20:00+00:00,W10321,wagon,WS_02,,
6260.0,2025-12-05T08:20:00+00:00,W7155,wagon,WS_02,,
6260.0,2025-12-05T08:20:00+00:00,LOCO_01,locomotive,track_19,WS_02,
6265.0,2025-12-05T08:25:00+00:00,LOCO_02,locomotive,track_19,retrofit,
6265.0,2025-12-05T08:25:00+00:00,LOCO_01,locomotive,collection2,track_19,
6270.0,2025-12-05T08:30:00+00:00,LOCO_02,locomotive,retrofitted,track_19,
6280.0,2025-12-05T08:40:00+00:00,LOCO_02,locomotive,parking1,retrofitted,
6292.5,2025-12-05T08:52:30+00:00,W10081,wagon,parking1,,
6292.5,2025-12-05T08:52:30+00:00,W5403,wagon,parking1,,
6292.5,2025-12-05T08:52:30+00:00,W9401,wagon,parking1,,
6292.5,2025-12-05T08:52:30+00:00,W4793,wagon,parking1,,
6292.5,2025-12-05T08:52:30+00:00,W11718,wagon,parking1,,
6292.5,2025-12-05T08:52:30+00:00,W7261,wagon,parking1,,
6292.5,2025-12-05T08:52:30+00:00,W7263,wagon,parking1,,
6292.5,2025-12-05T08:52:30+00:00,W7253,wagon,parking1,,
6292.5,2025-12-05T08:52:30+00:00,LOCO_02,locomotive,track_19,parking1,
6297.5,2025-12-05T08:57:30+00:00,LOCO_02,locomotive,WS_01,track_19,
6304.5,2025-12-05T09:04:30+00:00,LOCO_02,locomotive,retrofitted,WS_01,
6304.5,2025-12-05T09:04:30+00:00,W7252,wagon,WS_01,,WS_01|retrofitted
6304.5,2025-12-05T09:04:30+00:00,W6352,wagon,WS_01,,WS_01|retrofitted
6309.5,2025-12-05T09:09:30+00:00,W7252,wagon,retrofitted,,
6309.5,2025-12-05T09:09:30+00:00,W6352,wagon,retrofitted,,
6309.5,2025-12-05T09:09:30+00:00,LOCO_02,locomotive,track_19,retrofitted,
6314.5,2025-12-05T09:14:30+00:00,LOCO_02,locomotive,retrofitted,track_19,
6322.5,2025-12-05T09:22:30+00:00,LOCO_02,locomotive,parking13,retrofitted,
6334.0,2025-12-05T09:34:00+00:00,LOCO_01,locomotive,retrofit,collection2,
6334.0,2025-12-05T09:34:00+00:00,W5127,wagon,collection2,,collection2|Mainline|retrofit
6334.0,2025-12-05T09:34:00+00:00,W5057,wagon,collection2,,collection2|Mainline|retrofit
6334.0,2025-12-05T09:34:00+00:00,W5694,wagon,collection2,,collection2|Mainline|retrofit
6334.0,2025-12-05T09:34:00+00:00,W8052,wagon,collection2,,collection2|Mainline|retrofit
6394.0,2025-12-05T10:34:00+00:00,W5127,wagon,retrofit,,
6394.0,2025-12-05T10:34:00+00:00,W5057,wagon,retrofit,,
6394.0,2025-12-05T10:34:00+00:00,W5694,wagon,retrofit,,
6394.0,2025-12-05T10:34:00+00:00,W8052,wagon,retrofit,,
6401.0,2025-12-05T10:41:00+00:00,W2971,wagon,parking13,,
6401.0,2025-12-05T10:41:00+00:00,W0607,wagon,parking13,,
6401.0,2025-12-05T10:41:00+00:00,W6339,wagon,parking13,,
6401.0,2025-12-05T10:41:00+00:00,W3618,wagon,parking13,,
6401.0,2025-12-05T10:41:00+00:00,LOCO_02,locomotive,track_19,parking13,
6415.0,2025-12-05T10:55:00+00:00,LOCO_01,locomotive,track_19,retrofit,
6420.0,2025-12-05T11:00:00+00:00,LOCO_01,locomotive,WS_02,track_19,
6427.0,2025-12-05T11:07:00+00:00,LOCO_01,locomotive,retrofitted,WS_02,
6427.0,2025-12-05T11:07:00+00:00,W10321,wagon,WS_02,,WS_02|retrofitted
6427.0,2025-12-05T11:07:00+00:00,W7155,wagon,WS_02,,WS_02|retrofitted
6432.0,2025-12-05T11:12:00+00:00,W10321,wagon,retrofitted,,
6432.0,2025-12-05T11:12:00+00:00,W7155,wagon,retrofitted,,
6432.0,2025-12-05T11:12:00+00:00,LOCO_01,locomotive,track_19,retrofitted,
6439.0,2025-12-05T11:19:00+00:00,LOCO_01,locomotive,retrofit,track_19,
6447.0,2025-12-05T11:27:00+00:00,LOCO_01,locomotive,WS_01,retrofit,
6447.0,2025-12-05T11:27:00+00:00,W9959,wagon,retrofit,,retrofit|WS_01
6447.0,2025-12-05T11:27:00+00:00,W8705,wagon,retrofit,,retrofit|WS_01
6452.0,2025-12-05T11:32:00+00:00,W9959,wagon,WS_01,,
6452.0,2025-12-05T11:32:00+00:00,W8705,wagon,WS_01,,
6458.0,2025-12-05T11:38:00+00:00,W9959,wagon,WS_01,,
6458.0,2025-12-05T11:38:00+00:00,W8705,wagon,WS_01,,
6458.0,2025-12-05T11:38:00+00:00,LOCO_01,locomotive,track_19,WS_01,
6463.0,2025-12-05T11:43:00+00:00,LOCO_02,locomotive,retrofit,track_19,
6463.0,2025-12-05T11:43:00+00:00,LOCO_01,locomotive,collection1,track_19,
6471.0,2025-12-05T11:51:00+00:00,LOCO_02,locomotive,WS_02,retrofit,
6471.0,2025-12-05T11:51:00+00:00,W12036,wagon,retrofit,,retrofit|WS_02
6471.0,2025-12-05T11:51:00+00:00,W9981,wagon,retrofit,,retrofit|WS_02
6475.5,2025-12-05T11:55:30+00:00,W10249,wagon,collection1,,
6475.5,2025-12-05T11:55:30+00:00,W2050,wagon,collection1,,
6475.5,2025-12-05T11:55:30+00:00,W2386,wagon,collection1,,
6475.5,2025-12-05T11:55:30+00:00,W10254,wagon,collection1,,
6475.5,2025-12-05T11:55:30+00:00,W12057,wagon,collection1,,
6475.5,2025-12-05T11:55:30+00:00,W2136,wagon,collection1,,
6476.0,2025-12-05T11:56:00+00:00,W12036,wagon,WS_02,,
6476.0,2025-12-05T11:56:00+00:00,W9981,wagon,WS_02,,
6482.0,2025-12-05T12:02:00+00:00,W12036,wagon,WS_02,,
6482.0,2025-12-05T12:02:00+00:00,W9981,wagon,WS_02,,
6482.0,2025-12-05T12:02:00+00:00,LOCO_02,locomotive,track_19,WS_02,
6487.0,2025-12-05T12:07:00+00:00,LOCO_02,locomotive,collection2,track_19,
6538.0,2025-12-05T12:58:00+00:00,LOCO_01,locomotive,retrofit,collection1,
6538.0,2025-12-05T12:58:00+00:00,W5947,wagon,collection1,,collection1|Mainline|retrofit
6538.0,2025-12-05T12:58:00+00:00,W5711,wagon,collection1,,collection1|Mainline|retrofit
6538.0,2025-12-05T12:58:00+00:00,W6884,wagon,collection1,,collection1|Mainline|retrofit
6538.0,2025-12-05T12:58:00+00:00,W5575,wagon,collection1,,collection1|Mainline|retrofit
6538.0,2025-12-05T12:58:00+00:00,W8085,wagon,collection1,,collection1|Mainline|retrofit
6538.0,2025-12-05T12:58:00+00:00,W8082,wagon,collection1,,collection1|Mainline|retrofit
6538.0,2025-12-05T12:58:00+00:00,W8383,wagon,collection1,,collection1|Mainline|retrofit
6552.0,2025-12-05T13:12:00+00:00,LOCO_02,locomotive,retrofit,collection2,
6552.0,2025-12-05T13:12:00+00:00,W11596,wagon,collection2,,collection2|Mainline|retrofit
6552.0,2025-12-05T13:12:00+00:00,W0924,wagon,collection2,,collection2|Mainline|retrofit
6595.0,2025-12-05T13:55:00+00:00,W5282,wagon,collection1,,
6595.0,2025-12-05T13:55:00+00:00,W9940,wagon,collection2,,
6595.0,2025-12-05T13:55:00+00:00,W9081,wagon,collection2,,
6595.0,2025-12-05T13:55:00+00:00,W12074,wagon,collection2,,
6598.0,2025-12-05T13:58:00+00:00,W5947,wagon,retrofit,,
6598.0,2025-12-05T13:58:00+00:00,W5711,wagon,retrofit,,
6598.0,2025-12-05T13:58:00+00:00,W6884,wagon,retrofit,,
6598.0,2025-12-05T13:58:00+00:00,W5575,wagon,retrofit,,
6598.0,2025-12-05T13:58:00+00:00,W8085,wagon,retrofit,,
6598.0,2025-12-05T13:58:00+00:00,W8082,wagon,retrofit,,
6598.0,2025-12-05T13:58:00+00:00,W8383,wagon,retrofit,,
6612.0,2025-12-05T14:12:00+00:00,W11596,wagon,retrofit,,
6612.0,2025-12-05T14:12:00+00:00,W0924,wagon,retrofit,,
6621.0,2025-12-05T14:21:00+00:00,LOCO_02,locomotive,track_19,retrofit,
6626.0,2025-12-05T14:26:00+00:00,LOCO_02,locomotive,WS_01,track_19,
6633.0,2025-12-05T14:33:00+00:00,LOCO_02,locomotive,retrofitted,WS_01,
6633.0,2025-12-05T14:33:00+00:00,W9959,wagon,WS_01,,WS_01|retrofitted
6633.0,2025-12-05T14:33:00+00:00,W8705,wagon,WS_01,,WS_01|retrofitted
6637.0,2025-12-05T14:37:00+00:00,LOCO_01,locomotive,track_19,retrofit,
6638.0,2025-12-05T14:38:00+00:00,W9959,wagon,retrofitted,,
6638.0,2025-12-05T14:38:00+00:00,W8705,wagon,retrofitted,,
6638.0,2025-12-05T14:38:00+00:00,LOCO_02,locomotive,track_19,retrofitted,
6642.0,2025-12-05T14:42:00+00:00,LOCO_01,locomotive,WS_02,track_19,
6643.0,2025-12-05T14:43:00+00:00,LOCO_02,locomotive,retrofitted,track_19,
6649.0,2025-12-05T14:49:00+00:00,LOCO_01,locomotive,retrofitted,WS_02,
6649.0,2025-12-05T14:49:00+00:00,W12036,wagon,WS_02,,WS_02|retrofitted
6649.0,2025-12-05T14:49:00+00:00,W9981,wagon,WS_02,,WS_02|retrofitted
6651.0,2025-12-05T14:51:00+00:00,LOCO_02,locomotive,parking10,retrofitted,
6654.0,2025-12-05T14:54:00+00:00,W12036,wagon,retrofitted,,
6654.0,2025-12-05T14:54:00+00:00,W9981,wagon,retrofitted,,
6654.0,2025-12-05T14:54:00+00:00,LOCO_01,locomotive,track_19,retrofitted,
6661.0,2025-12-05T15:01:00+00:00,LOCO_01,locomotive,retrofit,track_19,
6666.5,2025-12-05T15:06:30+00:00,W7542,wagon,collection1,,
6666.5,2025-12-05T15:06:30+00:00,W8990,wagon,collection2,,
6666.5,2025-12-05T15:06:30+00:00,W10814,wagon,collection1,,
6666.5,2025-12-05T15:06:30+00:00,W8952,wagon,collection2,,
6669.0,2025-12-05T15:09:00+00:00,LOCO_01,locomotive,WS_01,retrofit,
6669.0,2025-12-05T15:09:00+00:00,W6246,wagon,retrofit,,retrofit|WS_01
6669.0,2025-12-05T15:09:00+00:00,W5127,wagon,retrofit,,retrofit|WS_01
6674.0,2025-12-05T15:14:00+00:00,W6246,wagon,WS_01,,
6674.0,2025-12-05T15:14:00+00:00,W5127,wagon,WS_01,,
6680.0,2025-12-05T15:20:00+00:00,W6246,wagon,WS_01,,
6680.0,2025-12-05T15:20:00+00:00,W5127,wagon,WS_01,,
6680.0,2025-12-05T15:20:00+00:00,LOCO_01,locomotive,track_19,WS_01,
6687.0,2025-12-05T15:27:00+00:00,LOCO_01,locomotive,retrofit,track_19,
6695.0,2025-12-05T15:35:00+00:00,LOCO_01,locomotive,WS_02,retrofit,
6695.0,2025-12-05T15:35:00+00:00,W5057,wagon,retrofit,,retrofit|WS_02
6695.0,2025-12-05T15:35:00+00:00,W5694,wagon,retrofit,,retrofit|WS_02
6700.0,2025-12-05T15:40:00+00:00,W5057,wagon,WS_02,,
6700.0,2025-12-05T15:40:00+00:00,W5694,wagon,WS_02,,
6706.0,2025-12-05T15:46:00+00:00,W5057,wagon,WS_02,,
6706.0,2025-12-05T15:46:00+00:00,W5694,wagon,WS_02,,
6706.0,2025-12-05T15:46:00+00:00,LOCO_01,locomotive,track_19,WS_02,
6714.5,2025-12-05T15:54:30+00:00,W7252,wagon,parking10,,
6714.5,2025-12-05T15:54:30+00:00,W6352,wagon,parking10,,
6714.5,2025-12-05T15:54:30+00:00,W10321,wagon,parking10,,
6714.5,2025-12-05T15:54:30+00:00,W7155,wagon,parking10,,
6714.5,2025-12-05T15:54:30+00:00,LOCO_02,locomotive,track_19,parking10,
6740.5,2025-12-05T16:20:30+00:00,LOCO_01,locomotive,WS_01,track_19,
6747.5,2025-12-05T16:27:30+00:00,LOCO_01,locomotive,retrofitted,WS_01,
6747.5,2025-12-05T16:27:30+00:00,W6246,wagon,WS_01,,WS_01|retrofitted
6747.5,2025-12-05T16:27:30+00:00,W5127,wagon,WS_01,,WS_01|retrofitted
6752.5,2025-12-05T16:32:30+00:00,W6246,wagon,retrofitted,,
6752.5,2025-12-05T16:32:30+00:00,W5127,wagon,retrofitted,,
6752.5,2025-12-05T16:32:30+00:00,LOCO_01,locomotive,track_19,retrofitted,
6759.5,2025-12-05T16:39:30+00:00,LOCO_01,locomotive,retrofit,track_19,
6767.5,2025-12-05T16:47:30+00:00,LOCO_01,locomotive,WS_01,retrofit,
6767.5,2025-12-05T16:47:30+00:00,W8052,wagon,retrofit,,retrofit|WS_01
6767.5,2025-12-05T16:47:30+00:00,W5947,wagon,retrofit,,retrofit|WS_01
6772.5,2025-12-05T16:52:30+00:00,W8052,wagon,WS_01,,
6772.5,2025-12-05T16:52:30+00:00,W5947,wagon,WS_01,,
6774.5,2025-12-05T16:54:30+00:00,LOCO_02,locomotive,WS_02,track_19,
6778.5,2025-12-05T16:58:30+00:00,W8052,wagon,WS_01,,
6778.5,2025-12-05T16:58:30+00:00,W5947,wagon,WS_01,,
6778.5,2025-12-05T16:58:30+00:00,LOCO_01,locomotive,track_19,WS_01,
6781.5,2025-12-05T17:01:30+00:00,LOCO_02,locomotive,retrofitted,WS_02,
6781.5,2025-12-05T17:01:30+00:00,W5057,wagon,WS_02,,WS_02|retrofitted
6781.5,2025-12-05T17:01:30+00:00,W5694,wagon,WS_02,,WS_02|retrofitted
6783.5,2025-12-05T17:03:30+00:00,LOCO_01,locomotive,collection2,track_19,
6786.5,2025-12-05T17:06:30+00:00,W5057,wagon,retrofitted,,
6786.5,2025-12-05T17:06:30+00:00,W5694,wagon,retrofitted,,
6786.5,2025-12-05T17:06:30+00:00,LOCO_02,locomotive,track_19,retrofitted,
6791.5,2025-12-05T17:11:30+00:00,LOCO_02,locomotive,collection1,track_19,
6850.5,2025-12-05T18:10:30+00:00,LOCO_01,locomotive,retrofit,collection2,
6850.5,2025-12-05T18:10:30+00:00,W0685,wagon,collection2,,collection2|Mainline|retrofit
6850.5,2025-12-05T18:10:30+00:00,W11953,wagon,collection2,,collection2|Mainline|retrofit
6850.5,2025-12-05T18:10:30+00:00,W9237,wagon,collection2,,collection2|Mainline|retrofit
6854.5,2025-12-05T18:14:30+00:00,LOCO_02,locomotive,retrofit,collection1,
6854.5,2025-12-05T18:14:30+00:00,W8381,wagon,collection1,,collection1|Mainline|retrofit
6910.5,2025-12-05T19:10:30+00:00,W0685,wagon,retrofit,,
6910.5,2025-12-05T19:10:30+00:00,W11953,wagon,retrofit,,
6910.5,2025-12-05T19:10:30+00:00,W9237,wagon,retrofit,,
6914.5,2025-12-05T19:14:30+00:00,W8381,wagon,retrofit,,
6917.5,2025-12-05T19:17:30+00:00,LOCO_02,locomotive,track_19,retrofit,
6922.5,2025-12-05T19:22:30+00:00,LOCO_02,locomotive,WS_01,track_19,
6925.5,2025-12-05T19:25:30+00:00,LOCO_01,locomotive,track_19,retrofit,
6929.5,2025-12-05T19:29:30+00:00,LOCO_02,locomotive,retrofitted,WS_01,
6929.5,2025-12-05T19:29:30+00:00,W8052,wagon,WS_01,,WS_01|retrofitted
6929.5,2025-12-05T19:29:30+00:00,W5947,wagon,WS_01,,WS_01|retrofitted
6932.5,2025-12-05T19:32:30+00:00,LOCO_01,locomotive,retrofit,track_19,
6934.5,2025-12-05T19:34:30+00:00,W8052,wagon,retrofitted,,
6934.5,2025-12-05T19:34:30+00:00,W5947,wagon,retrofitted,,
6934.5,2025-12-05T19:34:30+00:00,LOCO_02,locomotive,track_19,retrofitted,
6939.5,2025-12-05T19:39:30+00:00,LOCO_02,locomotive,retrofitted,track_19,
6940.5,2025-12-05T19:40:30+00:00,LOCO_01,locomotive,WS_02,retrofit,
6940.5,2025-12-05T19:40:30+00:00,W5711,wagon,retrofit,,retrofit|WS_02
6940.5,2025-12-05T19:40:30+00:00,W6884,wagon,retrofit,,retrofit|WS_02
6945.5,2025-12-05T19:45:30+00:00,W5711,wagon,WS_02,,
6945.5,2025-12-05T19:45:30+00:00,W6884,wagon,WS_02,,
6948.5,2025-12-05T19:48:30+00:00,LOCO_02,locomotive,parking15,retrofitted,
6951.5,2025-12-05T19:51:30+00:00,W5711,wagon,WS_02,,
6951.5,2025-12-05T19:51:30+00:00,W6884,wagon,WS_02,,
6951.5,2025-12-05T19:51:30+00:00,LOCO_01,locomotive,track_19,WS_02,
6958.5,2025-12-05T19:58:30+00:00,LOCO_01,locomotive,retrofit,track_19,
6966.5,2025-12-05T20:06:30+00:00,LOCO_01,locomotive,WS_01,retrofit,
6966.5,2025-12-05T20:06:30+00:00,W5575,wagon,retrofit,,retrofit|WS_01
6966.5,2025-12-05T20:06:30+00:00,W8085,wagon,retrofit,,retrofit|WS_01
6971.5,2025-12-05T20:11:30+00:00,W5575,wagon,WS_01,,
6971.5,2025-12-05T20:11:30+00:00,W8085,wagon,WS_01,,
6977.5,2025-12-05T20:17:30+00:00,W5575,wagon,WS_01,,
6977.5,2025-12-05T20:17:30+00:00,W8085,wagon,WS_01,,
6977.5,2025-12-05T20:17:30+00:00,LOCO_01,locomotive,track_19,WS_01,
7002.0,2025-12-05T20:42:00+00:00,W2652,wagon,collection1,,
7002.0,2025-12-05T20:42:00+00:00,W12385,wagon,collection1,,
7012.0,2025-12-05T20:52:00+00:00,LOCO_01,locomotive,WS_02,track_19,
7019.0,2025-12-05T20:59:00+00:00,LOCO_01,locomotive,retrofitted,WS_02,
7019.0,2025-12-05T20:59:00+00:00,W5711,wagon,WS_02,,WS_02|retrofitted
7019.0,2025-12-05T20:59:00+00:00,W6884,wagon,WS_02,,WS_02|retrofitted
7024.0,2025-12-05T21:04:00+00:00,W5711,wagon,retrofitted,,
7024.0,2025-12-05T21:04:00+00:00,W6884,wagon,retrofitted,,
7024.0,2025-12-05T21:04:00+00:00,LOCO_01,locomotive,track_19,retrofitted,
7029.0,2025-12-05T21:09:00+00:00,W9959,wagon,parking15,,
7029.0,2025-12-05T21:09:00+00:00,W8705,wagon,parking15,,
7029.0,2025-12-05T21:09:00+00:00,W12036,wagon,parking15,,
7029.0,2025-12-05T21:09:00+00:00,W9981,wagon,parking15,,
7029.0,2025-12-05T21:09:00+00:00,W6246,wagon,parking15,,
7029.0,2025-12-05T21:09:00+00:00,W5127,wagon,parking15,,
7029.0,2025-12-05T21:09:00+00:00,LOCO_02,locomotive,track_19,parking15,
7031.0,2025-12-05T21:11:00+00:00,LOCO_01,locomotive,retrofit,track_19,
7039.0,2025-12-05T21:19:00+00:00,LOCO_01,locomotive,WS_02,retrofit,
7039.0,2025-12-05T21:19:00+00:00,W8082,wagon,retrofit,,retrofit|WS_02
7039.0,2025-12-05T21:19:00+00:00,W8383,wagon,retrofit,,retrofit|WS_02
7044.0,2025-12-05T21:24:00+00:00,W8082,wagon,WS_02,,
7044.0,2025-12-05T21:24:00+00:00,W8383,wagon,WS_02,,
7050.0,2025-12-05T21:30:00+00:00,W8082,wagon,WS_02,,
7050.0,2025-12-05T21:30:00+00:00,W8383,wagon,WS_02,,
7050.0,2025-12-05T21:30:00+00:00,LOCO_01,locomotive,track_19,WS_02,
7055.0,2025-12-05T21:35:00+00:00,LOCO_01,locomotive,WS_01,track_19,
7062.0,2025-12-05T21:42:00+00:00,LOCO_01,locomotive,retrofitted,WS_01,
7062.0,2025-12-05T21:42:00+00:00,W5575,wagon,WS_01,,WS_01|retrofitted
7062.0,2025-12-05T21:42:00+00:00,W8085,wagon,WS_01,,WS_01|retrofitted
7067.0,2025-12-05T21:47:00+00:00,W5575,wagon,retrofitted,,
7067.0,2025-12-05T21:47:00+00:00,W8085,wagon,retrofitted,,
7067.0,2025-12-05T21:47:00+00:00,LOCO_01,locomotive,track_19,retrofitted,
7072.0,2025-12-05T21:52:00+00:00,LOCO_01,locomotive,collection1,track_19,
7091.0,2025-12-05T22:11:00+00:00,LOCO_02,locomotive,retrofit,track_19,
7099.0,2025-12-05T22:19:00+00:00,LOCO_02,locomotive,WS_01,retrofit,
7099.0,2025-12-05T22:19:00+00:00,W11596,wagon,retrofit,,retrofit|WS_01
7099.0,2025-12-05T22:19:00+00:00,W0924,wagon,retrofit,,retrofit|WS_01
7104.0,2025-12-05T22:24:00+00:00,W11596,wagon,WS_01,,
7104.0,2025-12-05T22:24:00+00:00,W0924,wagon,WS_01,,
7110.0,2025-12-05T22:30:00+00:00,W11596,wagon,WS_01,,
7110.0,2025-12-05T22:30:00+00:00,W0924,wagon,WS_01,,
7110.0,2025-12-05T22:30:00+00:00,LOCO_02,locomotive,track_19,WS_01,
7115.0,2025-12-05T22:35:00+00:00,LOCO_02,locomotive,WS_02,track_19,
7122.0,2025-12-05T22:42:00+00:00,LOCO_02,locomotive,retrofitted,WS_02,
7122.0,2025-12-05T22:42:00+00:00,W8082,wagon,WS_02,,WS_02|retrofitted
7122.0,2025-12-05T22:42:00+00:00,W8383,wagon,WS_02,,WS_02|retrofitted
7127.0,2025-12-05T22:47:00+00:00,W8082,wagon,retrofitted,,
7127.0,2025-12-05T22:47:00+00:00,W8383,wagon,retrofitted,,
7127.0,2025-12-05T22:47:00+00:00,LOCO_02,locomotive,track_19,retrofitted,
7132.0,2025-12-05T22:52:00+00:00,LOCO_02,locomotive,collection2,track_19,
7143.0,2025-12-05T23:03:00+00:00,LOCO_01,locomotive,retrofit,collection1,
7143.0,2025-12-05T23:03:00+00:00,W9067,wagon,collection1,,collection1|Mainline|retrofit
7143.0,2025-12-05T23:03:00+00:00,W0117,wagon,collection1,,collection1|Mainline|retrofit
7143.0,2025-12-05T23:03:00+00:00,W0191,wagon,collection1,,collection1|Mainline|retrofit
7143.0,2025-12-05T23:03:00+00:00,W0677,wagon,collection1,,collection1|Mainline|retrofit
7143.0,2025-12-05T23:03:00+00:00,W7316,wagon,collection1,,collection1|Mainline|retrofit
7167.5,2025-12-05T23:27:30+00:00,W11539,wagon,collection1,,
7167.5,2025-12-05T23:27:30+00:00,W4532,wagon,collection1,,
7167.5,2025-12-05T23:27:30+00:00,W8676,wagon,collection2,,
7167.5,2025-12-05T23:27:30+00:00,W5845,wagon,collection1,,
7195.0,2025-12-05T23:55:00+00:00,LOCO_02,locomotive,retrofit,collection2,
7195.0,2025-12-05T23:55:00+00:00,W2853,wagon,collection2,,collection2|Mainline|retrofit
7203.0,2025-12-06T00:03:00+00:00,W9067,wagon,retrofit,,
7203.0,2025-12-06T00:03:00+00:00,W0117,wagon,retrofit,,
7203.0,2025-12-06T00:03:00+00:00,W0191,wagon,retrofit,,
7203.0,2025-12-06T00:03:00+00:00,W0677,wagon,retrofit,,
7203.0,2025-12-06T00:03:00+00:00,W7316,wagon,retrofit,,
7230.0,2025-12-06T00:30:00+00:00,LOCO_01,locomotive,track_19,retrofit,
7235.0,2025-12-06T00:35:00+00:00,LOCO_01,locomotive,WS_01,track_19,
7242.0,2025-12-06T00:42:00+00:00,LOCO_01,locomotive,retrofitted,WS_01,
7242.0,2025-12-06T00:42:00+00:00,W11596,wagon,WS_01,,WS_01|retrofitted
7242.0,2025-12-06T00:42:00+00:00,W0924,wagon,WS_01,,WS_01|retrofitted
7247.0,2025-12-06T00:47:00+00:00,W11596,wagon,retrofitted,,
7247.0,2025-12-06T00:47:00+00:00,W0924,wagon,retrofitted,,
7247.0,2025-12-06T00:47:00+00:00,LOCO_01,locomotive,track_19,retrofitted,
7252.0,2025-12-06T00:52:00+00:00,LOCO_01,locomotive,retrofitted,track_19,
7255.0,2025-12-06T00:55:00+00:00,W2853,wagon,retrofit,,
7258.0,2025-12-06T00:58:00+00:00,LOCO_02,locomotive,track_19,retrofit,
7262.0,2025-12-06T01:02:00+00:00,LOCO_01,locomotive,parking9,retrofitted,
7265.0,2025-12-06T01:05:00+00:00,LOCO_02,locomotive,retrofit,track_19,
7273.0,2025-12-06T01:13:00+00:00,LOCO_02,locomotive,WS_02,retrofit,
7273.0,2025-12-06T01:13:00+00:00,W0685,wagon,retrofit,,retrofit|WS_02
7273.0,2025-12-06T01:13:00+00:00,W11953,wagon,retrofit,,retrofit|WS_02
7274.5,2025-12-06T01:14:30+00:00,W5057,wagon,parking9,,
7274.5,2025-12-06T01:14:30+00:00,W5694,wagon,parking9,,
7274.5,2025-12-06T01:14:30+00:00,W8052,wagon,parking9,,
7274.5,2025-12-06T01:14:30+00:00,W5947,wagon,parking9,,
7274.5,2025-12-06T01:14:30+00:00,W5711,wagon,parking9,,
7274.5,2025-12-06T01:14:30+00:00,W6884,wagon,parking9,,
7274.5,2025-12-06T01:14:30+00:00,W5575,wagon,parking9,,
7274.5,2025-12-06T01:14:30+00:00,W8085,wagon,parking9,,
7274.5,2025-12-06T01:14:30+00:00,LOCO_01,locomotive,track_19,parking9,
7278.0,2025-12-06T01:18:00+00:00,W0685,wagon,WS_02,,
7278.0,2025-12-06T01:18:00+00:00,W11953,wagon,WS_02,,
7281.5,2025-12-06T01:21:30+00:00,LOCO_01,locomotive,retrofit,track_19,
7284.0,2025-12-06T01:24:00+00:00,W0685,wagon,WS_02,,
7284.0,2025-12-06T01:24:00+00:00,W11953,wagon,WS_02,,
7284.0,2025-12-06T01:24:00+00:00,LOCO_02,locomotive,track_19,WS_02,
7289.0,2025-12-06T01:29:00+00:00,LOCO_02,locomotive,retrofitted,track_19,
7289.5,2025-12-06T01:29:30+00:00,LOCO_01,locomotive,WS_01,retrofit,
7289.5,2025-12-06T01:29:30+00:00,W9237,wagon,retrofit,,retrofit|WS_01
7289.5,2025-12-06T01:29:30+00:00,W8381,wagon,retrofit,,retrofit|WS_01
7294.5,2025-12-06T01:34:30+00:00,W9237,wagon,WS_01,,
7294.5,2025-12-06T01:34:30+00:00,W8381,wagon,WS_01,,
7297.0,2025-12-06T01:37:00+00:00,LOCO_02,locomotive,parking11,retrofitted,
7300.5,2025-12-06T01:40:30+00:00,W9237,wagon,WS_01,,
7300.5,2025-12-06T01:40:30+00:00,W8381,wagon,WS_01,,
7300.5,2025-12-06T01:40:30+00:00,LOCO_01,locomotive,track_19,WS_01,
7344.5,2025-12-06T02:24:30+00:00,LOCO_01,locomotive,WS_02,track_19,
7351.5,2025-12-06T02:31:30+00:00,LOCO_01,locomotive,retrofitted,WS_02,
7351.5,2025-12-06T02:31:30+00:00,W0685,wagon,WS_02,,WS_02|retrofitted
7351.5,2025-12-06T02:31:30+00:00,W11953,wagon,WS_02,,WS_02|retrofitted
7356.5,2025-12-06T02:36:30+00:00,W0685,wagon,retrofitted,,
7356.5,2025-12-06T02:36:30+00:00,W11953,wagon,retrofitted,,
7356.5,2025-12-06T02:36:30+00:00,LOCO_01,locomotive,track_19,retrofitted,
7360.25,2025-12-06T02:40:15+00:00,W2831,wagon,collection1,,
7360.25,2025-12-06T02:40:15+00:00,W11999,wagon,collection1,,
7360.25,2025-12-06T02:40:15+00:00,W0881,wagon,collection1,,
7360.25,2025-12-06T02:40:15+00:00,W12400,wagon,collection1,,
7360.5,2025-12-06T02:40:30+00:00,W8082,wagon,parking11,,
7360.5,2025-12-06T02:40:30+00:00,W8383,wagon,parking11,,
7360.5,2025-12-06T02:40:30+00:00,W11596,wagon,parking11,,
7360.5,2025-12-06T02:40:30+00:00,W0924,wagon,parking11,,
7360.5,2025-12-06T02:40:30+00:00,LOCO_02,locomotive,track_19,parking11,
7361.5,2025-12-06T02:41:30+00:00,LOCO_01,locomotive,WS_01,track_19,
7368.5,2025-12-06T02:48:30+00:00,LOCO_01,locomotive,retrofitted,WS_01,
7368.5,2025-12-06T02:48:30+00:00,W9237,wagon,WS_01,,WS_01|retrofitted
7368.5,2025-12-06T02:48:30+00:00,W8381,wagon,WS_01,,WS_01|retrofitted
7373.5,2025-12-06T02:53:30+00:00,W9237,wagon,retrofitted,,
7373.5,2025-12-06T02:53:30+00:00,W8381,wagon,retrofitted,,
7373.5,2025-12-06T02:53:30+00:00,LOCO_01,locomotive,track_19,retrofitted,
7375.25,2025-12-06T02:55:15+00:00,W0282,wagon,collection1,,
7375.25,2025-12-06T02:55:15+00:00,W2701,wagon,collection1,,
7380.5,2025-12-06T03:00:30+00:00,LOCO_01,locomotive,retrofit,track_19,
7388.5,2025-12-06T03:08:30+00:00,LOCO_01,locomotive,WS_02,retrofit,
7388.5,2025-12-06T03:08:30+00:00,W9067,wagon,retrofit,,retrofit|WS_02
7388.5,2025-12-06T03:08:30+00:00,W0117,wagon,retrofit,,retrofit|WS_02
7393.5,2025-12-06T03:13:30+00:00,W9067,wagon,WS_02,,
7393.5,2025-12-06T03:13:30+00:00,W0117,wagon,WS_02,,
7399.5,2025-12-06T03:19:30+00:00,W9067,wagon,WS_02,,
7399.5,2025-12-06T03:19:30+00:00,W0117,wagon,WS_02,,
7399.5,2025-12-06T03:19:30+00:00,LOCO_01,locomotive,track_19,WS_02,
7406.5,2025-12-06T03:26:30+00:00,LOCO_01,locomotive,retrofit,track_19,
7414.5,2025-12-06T03:34:30+00:00,LOCO_01,locomotive,WS_01,retrofit,
7414.5,2025-12-06T03:34:30+00:00,W0191,wagon,retrofit,,retrofit|WS_01
7414.5,2025-12-06T03:34:30+00:00,W0677,wagon,retrofit,,retrofit|WS_01
7419.5,2025-12-06T03:39:30+00:00,W0191,wagon,WS_01,,
7419.5,2025-12-06T03:39:30+00:00,W0677,wagon,WS_01,,
7420.5,2025-12-06T03:40:30+00:00,LOCO_02,locomotive,collection1,track_19,
7425.5,2025-12-06T03:45:30+00:00,W0191,wagon,WS_01,,
7425.5,2025-12-06T03:45:30+00:00,W0677,wagon,WS_01,,
7425.5,2025-12-06T03:45:30+00:00,LOCO_01,locomotive,track_19,WS_01,
7430.5,2025-12-06T03:50:30+00:00,LOCO_01,locomotive,collection2,track_19,
7493.5,2025-12-06T04:53:30+00:00,LOCO_01,locomotive,retrofit,collection2,
7493.5,2025-12-06T04:53:30+00:00,W2415,wagon,collection2,,collection2|Mainline|retrofit
7495.5,2025-12-06T04:55:30+00:00,LOCO_02,locomotive,retrofit,collection1,
7495.5,2025-12-06T04:55:30+00:00,W9534,wagon,collection1,,collection1|Mainline|retrofit
7495.5,2025-12-06T04:55:30+00:00,W11482,wagon,collection1,,collection1|Mainline|retrofit
7495.5,2025-12-06T04:55:30+00:00,W10581,wagon,collection1,,collection1|Mainline|retrofit
7495.5,2025-12-06T04:55:30+00:00,W11344,wagon,collection1,,collection1|Mainline|retrofit
7495.5,2025-12-06T04:55:30+00:00,W10258,wagon,collection1,,collection1|Mainline|retrofit
7495.5,2025-12-06T04:55:30+00:00,W10249,wagon,collection1,,collection1|Mainline|retrofit
7495.5,2025-12-06T04:55:30+00:00,W2050,wagon,collection1,,collection1|Mainline|retrofit
7553.5,2025-12-06T05:53:30+00:00,W2415,wagon,retrofit,,
7555.5,2025-12-06T05:55:30+00:00,W9534,wagon,retrofit,,
7555.5,2025-12-06T05:55:30+00:00,W11482,wagon,retrofit,,
7555.5,2025-12-06T05:55:30+00:00,W10581,wagon,retrofit,,
7555.5,2025-12-06T05:55:30+00:00,W11344,wagon,retrofit,,
7555.5,2025-12-06T05:55:30+00:00,W10258,wagon,retrofit,,
7555.5,2025-12-06T05:55:30+00:00,W10249,wagon,retrofit,,
7555.5,2025-12-06T05:55:30+00:00,W2050,wagon,retrofit,,
7556.5,2025-12-06T05:56:30+00:00,LOCO_01,locomotive,track_19,retrofit,
7561.5,2025-12-06T06:01:30+00:00,LOCO_01,locomotive,WS_02,track_19,
7568.5,2025-12-06T06:08:30+00:00,LOCO_01,locomotive,retrofitted,WS_02,
7568.5,2025-12-06T06:08:30+00:00,W9067,wagon,WS_02,,WS_02|retrofitted
7568.5,2025-12-06T06:08:30+00:00,W0117,wagon,WS_02,,WS_02|retrofitted
7573.5,2025-12-06T06:13:30+00:00,W9067,wagon,retrofitted,,
7573.5,2025-12-06T06:13:30+00:00,W0117,wagon,retrofitted,,
7573.5,2025-12-06T06:13:30+00:00,LOCO_01,locomotive,track_19,retrofitted,
7578.5,2025-12-06T06:18:30+00:00,LOCO_01,locomotive,WS_01,track_19,
7585.5,2025-12-06T06:25:30+00:00,LOCO_01,locomotive,retrofitted,WS_01,
7585.5,2025-12-06T06:25:30+00:00,W0191,wagon,WS_01,,WS_01|retrofitted
7585.5,2025-12-06T06:25:30+00:00,W0677,wagon,WS_01,,WS_01|retrofitted
7590.5,2025-12-06T06:30:30+00:00,W0191,wagon,retrofitted,,
7590.5,2025-12-06T06:30:30+00:00,W0677,wagon,retrofitted,,
7590.5,2025-12-06T06:30:30+00:00,LOCO_01,locomotive,track_19,retrofitted,
7594.5,2025-12-06T06:34:30+00:00,LOCO_02,locomotive,track_19,retrofit,
7597.5,2025-12-06T06:37:30+00:00,LOCO_01,locomotive,retrofit,track_19,
7601.5,2025-12-06T06:41:30+00:00,LOCO_02,locomotive,retrofit,track_19,
7605.5,2025-12-06T06:45:30+00:00,LOCO_01,locomotive,WS_02,retrofit,
7605.5,2025-12-06T06:45:30+00:00,W7316,wagon,retrofit,,retrofit|WS_02
7605.5,2025-12-06T06:45:30+00:00,W2853,wagon,retrofit,,retrofit|WS_02
7609.5,2025-12-06T06:49:30+00:00,LOCO_02,locomotive,WS_01,retrofit,
7609.5,2025-12-06T06:49:30+00:00,W2415,wagon,retrofit,,retrofit|WS_01
7609.5,2025-12-06T06:49:30+00:00,W9534,wagon,retrofit,,retrofit|WS_01
7610.5,2025-12-06T06:50:30+00:00,W7316,wagon,WS_02,,
7610.5,2025-12-06T06:50:30+00:00,W2853,wagon,WS_02,,
7614.5,2025-12-06T06:54:30+00:00,W2415,wagon,WS_01,,
7614.5,2025-12-06T06:54:30+00:00,W9534,wagon,WS_01,,
7616.5,2025-12-06T06:56:30+00:00,W7316,wagon,WS_02,,
7616.5,2025-12-06T06:56:30+00:00,W2853,wagon,WS_02,,
7616.5,2025-12-06T06:56:30+00:00,LOCO_01,locomotive,track_19,WS_02,
7620.5,2025-12-06T07:00:30+00:00,W2415,wagon,WS_01,,
7620.5,2025-12-06T07:00:30+00:00,W9534,wagon,WS_01,,
7620.5,2025-12-06T07:00:30+00:00,LOCO_02,locomotive,track_19,WS_01,
7621.5,2025-12-06T07:01:30+00:00,LOCO_01,locomotive,retrofitted,track_19,
7629.5,2025-12-06T07:09:30+00:00,LOCO_01,locomotive,parking10,retrofitted,
7677.0,2025-12-06T07:57:00+00:00,LOCO_02,locomotive,WS_02,track_19,
7684.0,2025-12-06T08:04:00+00:00,LOCO_02,locomotive,retrofitted,WS_02,
7684.0,2025-12-06T08:04:00+00:00,W7316,wagon,WS_02,,WS_02|retrofitted
7684.0,2025-12-06T08:04:00+00:00,W2853,wagon,WS_02,,WS_02|retrofitted
7689.0,2025-12-06T08:09:00+00:00,W7316,wagon,retrofitted,,
7689.0,2025-12-06T08:09:00+00:00,W2853,wagon,retrofitted,,
7689.0,2025-12-06T08:09:00+00:00,LOCO_02,locomotive,track_19,retrofitted,
7693.0,2025-12-06T08:13:00+00:00,W0685,wagon,parking10,,
7693.0,2025-12-06T08:13:00+00:00,W11953,wagon,parking10,,
7693.0,2025-12-06T08:13:00+00:00,W9237,wagon,parking10,,
7693.0,2025-12-06T08:13:00+00:00,W8381,wagon,parking10,,
7693.0,2025-12-06T08:13:00+00:00,LOCO_01,locomotive,track_19,parking10,
7694.0,2025-12-06T08:14:00+00:00,LOCO_02,locomotive,WS_01,track_19,
7701.0,2025-12-06T08:21:00+00:00,LOCO_02,locomotive,retrofitted,WS_01,
7701.0,2025-12-06T08:21:00+00:00,W2415,wagon,WS_01,,WS_01|retrofitted
7701.0,2025-12-06T08:21:00+00:00,W9534,wagon,WS_01,,WS_01|retrofitted
7706.0,2025-12-06T08:26:00+00:00,W2415,wagon,retrofitted,,
7706.0,2025-12-06T08:26:00+00:00,W9534,wagon,retrofitted,,
7706.0,2025-12-06T08:26:00+00:00,LOCO_02,locomotive,track_19,retrofitted,
7713.0,2025-12-06T08:33:00+00:00,LOCO_02,locomotive,retrofit,track_19,
7721.0,2025-12-06T08:41:00+00:00,LOCO_02,locomotive,WS_02,retrofit,
7721.0,2025-12-06T08:41:00+00:00,W11482,wagon,retrofit,,retrofit|WS_02
7721.0,2025-12-06T08:41:00+00:00,W10581,wagon,retrofit,,retrofit|WS_02
7726.0,2025-12-06T08:46:00+00:00,W11482,wagon,WS_02,,
7726.0,2025-12-06T08:46:00+00:00,W10581,wagon,WS_02,,
7732.0,2025-12-06T08:52:00+00:00,W11482,wagon,WS_02,,
7732.0,2025-12-06T08:52:00+00:00,W10581,wagon,WS_02,,
7732.0,2025-12-06T08:52:00+00:00,LOCO_02,locomotive,track_19,WS_02,
7739.0,2025-12-06T08:59:00+00:00,LOCO_02,locomotive,retrofit,track_19,
7747.0,2025-12-06T09:07:00+00:00,LOCO_02,locomotive,WS_01,retrofit,
7747.0,2025-12-06T09:07:00+00:00,W11344,wagon,retrofit,,retrofit|WS_01
7747.0,2025-12-06T09:07:00+00:00,W10258,wagon,retrofit,,retrofit|WS_01
7752.0,2025-12-06T09:12:00+00:00,W11344,wagon,WS_01,,
7752.0,2025-12-06T09:12:00+00:00,W10258,wagon,WS_01,,
7753.0,2025-12-06T09:13:00+00:00,LOCO_01,locomotive,collection2,track_19,
7758.0,2025-12-06T09:18:00+00:00,W11344,wagon,WS_01,,
7758.0,2025-12-06T09:18:00+00:00,W10258,wagon,WS_01,,
7758.0,2025-12-06T09:18:00+00:00,LOCO_02,locomotive,track_19,WS_01,
7763.0,2025-12-06T09:23:00+00:00,LOCO_02,locomotive,collection1,track_19,
7826.0,2025-12-06T10:26:00+00:00,LOCO_01,locomotive,retrofit,collection2,
7826.0,2025-12-06T10:26:00+00:00,W10093,wagon,collection2,,collection2|Mainline|retrofit
7826.0,2025-12-06T10:26:00+00:00,W11640,wagon,collection2,,collection2|Mainline|retrofit
7826.0,2025-12-06T10:26:00+00:00,W8671,wagon,collection2,,collection2|Mainline|retrofit
7826.0,2025-12-06T10:26:00+00:00,W11252,wagon,collection2,,collection2|Mainline|retrofit
7826.0,2025-12-06T10:26:00+00:00,W5452,wagon,collection2,,collection2|Mainline|retrofit
7826.0,2025-12-06T10:26:00+00:00,W6800,wagon,collection2,,collection2|Mainline|retrofit
7832.0,2025-12-06T10:32:00+00:00,LOCO_02,locomotive,retrofit,collection1,
7832.0,2025-12-06T10:32:00+00:00,W2386,wagon,collection1,,collection1|Mainline|retrofit
7832.0,2025-12-06T10:32:00+00:00,W10254,wagon,collection1,,collection1|Mainline|retrofit
7832.0,2025-12-06T10:32:00+00:00,W12057,wagon,collection1,,collection1|Mainline|retrofit
7832.0,2025-12-06T10:32:00+00:00,W2136,wagon,collection1,,collection1|Mainline|retrofit
7881.5,2025-12-06T11:21:30+00:00,W8570,wagon,collection1,,
7881.5,2025-12-06T11:21:30+00:00,W9355,wagon,collection1,,
7881.5,2025-12-06T11:21:30+00:00,W8578,wagon,collection1,,
7881.5,2025-12-06T11:21:30+00:00,W0948,wagon,collection1,,
7881.5,2025-12-06T11:21:30+00:00,W9358,wagon,collection1,,
7886.0,2025-12-06T11:26:00+00:00,W10093,wagon,retrofit,,
7886.0,2025-12-06T11:26:00+00:00,W11640,wagon,retrofit,,
7886.0,2025-12-06T11:26:00+00:00,W8671,wagon,retrofit,,
7886.0,2025-12-06T11:26:00+00:00,W11252,wagon,retrofit,,
7886.0,2025-12-06T11:26:00+00:00,W5452,wagon,retrofit,,
7886.0,2025-12-06T11:26:00+00:00,W6800,wagon,retrofit,,
7892.0,2025-12-06T11:32:00+00:00,W2386,wagon,retrofit,,
7892.0,2025-12-06T11:32:00+00:00,W10254,wagon,retrofit,,
7892.0,2025-12-06T11:32:00+00:00,W12057,wagon,retrofit,,
7892.0,2025-12-06T11:32:00+00:00,W2136,wagon,retrofit,,
7913.0,2025-12-06T11:53:00+00:00,LOCO_02,locomotive,track_19,retrofit,
7918.0,2025-12-06T11:58:00+00:00,LOCO_02,locomotive,WS_02,track_19,
7919.0,2025-12-06T11:59:00+00:00,LOCO_01,locomotive,track_19,retrofit,
7924.0,2025-12-06T12:04:00+00:00,LOCO_01,locomotive,WS_01,track_19,
7925.0,2025-12-06T12:05:00+00:00,LOCO_02,locomotive,retrofitted,WS_02,
7925.0,2025-12-06T12:05:00+00:00,W11482,wagon,WS_02,,WS_02|retrofitted
7925.0,2025-12-06T12:05:00+00:00,W10581,wagon,WS_02,,WS_02|retrofitted
7926.0,2025-12-06T12:06:00+00:00,W0680,wagon,collection1,,
7926.0,2025-12-06T12:06:00+00:00,W11195,wagon,collection1,,
7927.75,2025-12-06T12:07:45+00:00,W0367,wagon,collection1,,
7927.75,2025-12-06T12:07:45+00:00,W0411,wagon,collection1,,
7927.75,2025-12-06T12:07:45+00:00,W4337,wagon,collection2,,
7927.75,2025-12-06T12:07:45+00:00,W2166,wagon,collection2,,
7930.0,2025-12-06T12:10:00+00:00,W11482,wagon,retrofitted,,
7930.0,2025-12-06T12:10:00+00:00,W10581,wagon,retrofitted,,
7930.0,2025-12-06T12:10:00+00:00,LOCO_02,locomotive,track_19,retrofitted,
7931.0,2025-12-06T12:11:00+00:00,LOCO_01,locomotive,retrofitted,WS_01,
7931.0,2025-12-06T12:11:00+00:00,W11344,wagon,WS_01,,WS_01|retrofitted
7931.0,2025-12-06T12:11:00+00:00,W10258,wagon,WS_01,,WS_01|retrofitted
7935.0,2025-12-06T12:15:00+00:00,LOCO_02,locomotive,retrofitted,track_19,
7936.0,2025-12-06T12:16:00+00:00,W11344,wagon,retrofitted,,
7936.0,2025-12-06T12:16:00+00:00,W10258,wagon,retrofitted,,
7936.0,2025-12-06T12:16:00+00:00,LOCO_01,locomotive,track_19,retrofitted,
7943.0,2025-12-06T12:23:00+00:00,LOCO_01,locomotive,retrofit,track_19,
7945.0,2025-12-06T12:25:00+00:00,LOCO_02,locomotive,parking13,retrofitted,
7951.0,2025-12-06T12:31:00+00:00,LOCO_01,locomotive,WS_02,retrofit,
7951.0,2025-12-06T12:31:00+00:00,W10249,wagon,retrofit,,retrofit|WS_02
7951.0,2025-12-06T12:31:00+00:00,W2050,wagon,retrofit,,retrofit|WS_02
7956.0,2025-12-06T12:36:00+00:00,W10249,wagon,WS_02,,
7956.0,2025-12-06T12:36:00+00:00,W2050,wagon,WS_02,,
7962.0,2025-12-06T12:42:00+00:00,W10249,wagon,WS_02,,
7962.0,2025-12-06T12:42:00+00:00,W2050,wagon,WS_02,,
7962.0,2025-12-06T12:42:00+00:00,LOCO_01,locomotive,track_19,WS_02,
7969.0,2025-12-06T12:49:00+00:00,LOCO_01,locomotive,retrofit,track_19,
7977.0,2025-12-06T12:57:00+00:00,LOCO_01,locomotive,WS_01,retrofit,
7977.0,2025-12-06T12:57:00+00:00,W10093,wagon,retrofit,,retrofit|WS_01
7977.0,2025-12-06T12:57:00+00:00,W11640,wagon,retrofit,,retrofit|WS_01
7982.0,2025-12-06T13:02:00+00:00,W10093,wagon,WS_01,,
7982.0,2025-12-06T13:02:00+00:00,W11640,wagon,WS_01,,
7988.0,2025-12-06T13:08:00+00:00,W10093,wagon,WS_01,,
7988.0,2025-12-06T13:08:00+00:00,W11640,wagon,WS_01,,
7988.0,2025-12-06T13:08:00+00:00,LOCO_01,locomotive,track_19,WS_01,
7993.0,2025-12-06T13:13:00+00:00,LOCO_01,locomotive,collection1,track_19,
8027.5,2025-12-06T13:47:30+00:00,W9067,wagon,parking13,,
8027.5,2025-12-06T13:47:30+00:00,W0117,wagon,parking13,,
8027.5,2025-12-06T13:47:30+00:00,W0191,wagon,parking13,,
8027.5,2025-12-06T13:47:30+00:00,W0677,wagon,parking13,,
8027.5,2025-12-06T13:47:30+00:00,W7316,wagon,parking13,,
8027.5,2025-12-06T13:47:30+00:00,W2853,wagon,parking13,,
8027.5,2025-12-06T13:47:30+00:00,W2415,wagon,parking13,,
8027.5,2025-12-06T13:47:30+00:00,W9534,wagon,parking13,,
8027.5,2025-12-06T13:47:30+00:00,LOCO_02,locomotive,track_19,parking13,
8064.0,2025-12-06T14:24:00+00:00,LOCO_01,locomotive,retrofit,collection1,
8064.0,2025-12-06T14:24:00+00:00,W5282,wagon,collection1,,collection1|Mainline|retrofit
8064.0,2025-12-06T14:24:00+00:00,W7542,wagon,collection1,,collection1|Mainline|retrofit
8064.0,2025-12-06T14:24:00+00:00,W10814,wagon,collection1,,collection1|Mainline|retrofit
8064.0,2025-12-06T14:24:00+00:00,W2652,wagon,collection1,,collection1|Mainline|retrofit
8064.0,2025-12-06T14:24:00+00:00,W12385,wagon,collection1,,collection1|Mainline|retrofit
8067.0,2025-12-06T14:27:00+00:00,W11847,wagon,collection2,,
8067.0,2025-12-06T14:27:00+00:00,W11884,wagon,collection2,,
8067.0,2025-12-06T14:27:00+00:00,W2135,wagon,collection2,,
8067.0,2025-12-06T14:27:00+00:00,W9420,wagon,collection2,,
8067.0,2025-12-06T14:27:00+00:00,W9744,wagon,collection2,,
8067.0,2025-12-06T14:27:00+00:00,W10936,wagon,collection2,,
8087.5,2025-12-06T14:47:30+00:00,LOCO_02,locomotive,WS_02,track_19,
8087.75,2025-12-06T14:47:45+00:00,W10993,wagon,collection2,,
8094.5,2025-12-06T14:54:30+00:00,LOCO_02,locomotive,retrofitted,WS_02,
8094.5,2025-12-06T14:54:30+00:00,W10249,wagon,WS_02,,WS_02|retrofitted
8094.5,2025-12-06T14:54:30+00:00,W2050,wagon,WS_02,,WS_02|retrofitted
8099.5,2025-12-06T14:59:30+00:00,W10249,wagon,retrofitted,,
8099.5,2025-12-06T14:59:30+00:00,W2050,wagon,retrofitted,,
8099.5,2025-12-06T14:59:30+00:00,LOCO_02,locomotive,track_19,retrofitted,
8104.5,2025-12-06T15:04:30+00:00,LOCO_02,locomotive,WS_01,track_19,
8111.5,2025-12-06T15:11:30+00:00,LOCO_02,locomotive,retrofitted,WS_01,
8111.5,2025-12-06T15:11:30+00:00,W10093,wagon,WS_01,,WS_01|retrofitted
8111.5,2025-12-06T15:11:30+00:00,W11640,wagon,WS_01,,WS_01|retrofitted
8116.5,2025-12-06T15:16:30+00:00,W10093,wagon,retrofitted,,
8116.5,2025-12-06T15:16:30+00:00,W11640,wagon,retrofitted,,
8116.5,2025-12-06T15:16:30+00:00,LOCO_02,locomotive,track_19,retrofitted,
8123.5,2025-12-06T15:23:30+00:00,LOCO_02,locomotive,retrofit,track_19,
8124.0,2025-12-06T15:24:00+00:00,W5282,wagon,retrofit,,
8124.0,2025-12-06T15:24:00+00:00,W7542,wagon,retrofit,,
8124.0,2025-12-06T15:24:00+00:00,W10814,wagon,retrofit,,
8124.0,2025-12-06T15:24:00+00:00,W2652,wagon,retrofit,,
8124.0,2025-12-06T15:24:00+00:00,W12385,wagon,retrofit,,
8131.5,2025-12-06T15:31:30+00:00,LOCO_02,locomotive,WS_02,retrofit,
8131.5,2025-12-06T15:31:30+00:00,W8671,wagon,retrofit,,retrofit|WS_02
8131.5,2025-12-06T15:31:30+00:00,W11252,wagon,retrofit,,retrofit|WS_02
8136.5,2025-12-06T15:36:30+00:00,W8671,wagon,WS_02,,
8136.5,2025-12-06T15:36:30+00:00,W11252,wagon,WS_02,,
8142.5,2025-12-06T15:42:30+00:00,W8671,wagon,WS_02,,
8142.5,2025-12-06T15:42:30+00:00,W11252,wagon,WS_02,,
8142.5,2025-12-06T15:42:30+00:00,LOCO_02,locomotive,track_19,WS_02,
8149.5,2025-12-06T15:49:30+00:00,LOCO_02,locomotive,retrofit,track_19,
8151.0,2025-12-06T15:51:00+00:00,LOCO_01,locomotive,track_19,retrofit,
8156.0,2025-12-06T15:56:00+00:00,LOCO_01,locomotive,collection2,track_19,
8157.5,2025-12-06T15:57:30+00:00,LOCO_02,locomotive,WS_01,retrofit,
8157.5,2025-12-06T15:57:30+00:00,W5452,wagon,retrofit,,retrofit|WS_01
8157.5,2025-12-06T15:57:30+00:00,W6800,wagon,retrofit,,retrofit|WS_01
8162.5,2025-12-06T16:02:30+00:00,W5452,wagon,WS_01,,
8162.5,2025-12-06T16:02:30+00:00,W6800,wagon,WS_01,,
8168.5,2025-12-06T16:08:30+00:00,W5452,wagon,WS_01,,
8168.5,2025-12-06T16:08:30+00:00,W6800,wagon,WS_01,,
8168.5,2025-12-06T16:08:30+00:00,LOCO_02,locomotive,track_19,WS_01,
8173.5,2025-12-06T16:13:30+00:00,LOCO_02,locomotive,retrofitted,track_19,
8181.5,2025-12-06T16:21:30+00:00,LOCO_02,locomotive,parking15,retrofitted,
8219.0,2025-12-06T16:59:00+00:00,LOCO_01,locomotive,retrofit,collection2,
8219.0,2025-12-06T16:59:00+00:00,W8380,wagon,collection2,,collection2|Mainline|retrofit
8246.5,2025-12-06T17:26:30+00:00,W4457,wagon,collection1,,
8246.5,2025-12-06T17:26:30+00:00,W5612,wagon,collection1,,
8246.5,2025-12-06T17:26:30+00:00,W0928,wagon,collection1,,
8246.5,2025-12-06T17:26:30+00:00,W12177,wagon,collection1,,
8246.5,2025-12-06T17:26:30+00:00,W0888,wagon,collection1,,
8260.0,2025-12-06T17:40:00+00:00,W11482,wagon,parking15,,
8260.0,2025-12-06T17:40:00+00:00,W10581,wagon,parking15,,
8260.0,2025-12-06T17:40:00+00:00,W11344,wagon,parking15,,
8260.0,2025-12-06T17:40:00+00:00,W10258,wagon,parking15,,
8260.0,2025-12-06T17:40:00+00:00,LOCO_02,locomotive,track_19,parking15,
8279.0,2025-12-06T17:59:00+00:00,W8380,wagon,retrofit,,
8282.0,2025-12-06T18:02:00+00:00,LOCO_01,locomotive,track_19,retrofit,
8287.0,2025-12-06T18:07:00+00:00,LOCO_01,locomotive,WS_02,track_19,
8294.0,2025-12-06T18:14:00+00:00,LOCO_01,locomotive,retrofitted,WS_02,
8294.0,2025-12-06T18:14:00+00:00,W8671,wagon,WS_02,,WS_02|retrofitted
8294.0,2025-12-06T18:14:00+00:00,W11252,wagon,WS_02,,WS_02|retrofitted
8299.0,2025-12-06T18:19:00+00:00,W8671,wagon,retrofitted,,
8299.0,2025-12-06T18:19:00+00:00,W11252,wagon,retrofitted,,
8299.0,2025-12-06T18:19:00+00:00,LOCO_01,locomotive,track_19,retrofitted,
8304.0,2025-12-06T18:24:00+00:00,LOCO_01,locomotive,WS_01,track_19,
8311.0,2025-12-06T18:31:00+00:00,LOCO_01,locomotive,retrofitted,WS_01,
8311.0,2025-12-06T18:31:00+00:00,W5452,wagon,WS_01,,WS_01|retrofitted
8311.0,2025-12-06T18:31:00+00:00,W6800,wagon,WS_01,,WS_01|retrofitted
8316.0,2025-12-06T18:36:00+00:00,W5452,wagon,retrofitted,,
8316.0,2025-12-06T18:36:00+00:00,W6800,wagon,retrofitted,,
8316.0,2025-12-06T18:36:00+00:00,LOCO_01,locomotive,track_19,retrofitted,
8321.0,2025-12-06T18:41:00+00:00,LOCO_01,locomotive,retrofitted,track_19,
8322.0,2025-12-06T18:42:00+00:00,LOCO_02,locomotive,retrofit,track_19,
8329.0,2025-12-06T18:49:00+00:00,W11050,wagon,collection2,,
8330.0,2025-12-06T18:50:00+00:00,LOCO_02,locomotive,WS_02,retrofit,
8330.0,2025-12-06T18:50:00+00:00,W2386,wagon,retrofit,,retrofit|WS_02
8330.0,2025-12-06T18:50:00+00:00,W10254,wagon,retrofit,,retrofit|WS_02
8331.0,2025-12-06T18:51:00+00:00,LOCO_01,locomotive,parking1,retrofitted,
8335.0,2025-12-06T18:55:00+00:00,W2386,wagon,WS_02,,
8335.0,2025-12-06T18:55:00+00:00,W10254,wagon,WS_02,,
8341.0,2025-12-06T19:01:00+00:00,W2386,wagon,WS_02,,
8341.0,2025-12-06T19:01:00+00:00,W10254,wagon,WS_02,,
8341.0,2025-12-06T19:01:00+00:00,LOCO_02,locomotive,track_19,WS_02,
8341.25,2025-12-06T19:01:15+00:00,W0475,wagon,collection2,,
8341.25,2025-12-06T19:01:15+00:00,W0827,wagon,collection2,,
8343.5,2025-12-06T19:03:30+00:00,W10249,wagon,parking1,,
8343.5,2025-12-06T19:03:30+00:00,W2050,wagon,parking1,,
8343.5,2025-12-06T19:03:30+00:00,W10093,wagon,parking1,,
8343.5,2025-12-06T19:03:30+00:00,W11640,wagon,parking1,,
8343.5,2025-12-06T19:03:30+00:00,W8671,wagon,parking1,,
8343.5,2025-12-06T19:03:30+00:00,W11252,wagon,parking1,,
8343.5,2025-12-06T19:03:30+00:00,W5452,wagon,parking1,,
8343.5,2025-12-06T19:03:30+00:00,W6800,wagon,parking1,,
8343.5,2025-12-06T19:03:30+00:00,LOCO_01,locomotive,track_19,parking1,
8348.0,2025-12-06T19:08:00+00:00,LOCO_02,locomotive,retrofit,track_19,
8356.0,2025-12-06T19:16:00+00:00,LOCO_02,locomotive,WS_01,retrofit,
8356.0,2025-12-06T19:16:00+00:00,W12057,wagon,retrofit,,retrofit|WS_01
8356.0,2025-12-06T19:16:00+00:00,W2136,wagon,retrofit,,retrofit|WS_01
8361.0,2025-12-06T19:21:00+00:00,W12057,wagon,WS_01,,
8361.0,2025-12-06T19:21:00+00:00,W2136,wagon,WS_01,,
8367.0,2025-12-06T19:27:00+00:00,W12057,wagon,WS_01,,
8367.0,2025-12-06T19:27:00+00:00,W2136,wagon,WS_01,,
8367.0,2025-12-06T19:27:00+00:00,LOCO_02,locomotive,track_19,WS_01,
8401.5,2025-12-06T20:01:30+00:00,LOCO_01,locomotive,WS_02,track_19,
8408.5,2025-12-06T20:08:30+00:00,LOCO_01,locomotive,retrofitted,WS_02,
8408.5,2025-12-06T20:08:30+00:00,W2386,wagon,WS_02,,WS_02|retrofitted
8408.5,2025-12-06T20:08:30+00:00,W10254,wagon,WS_02,,WS_02|retrofitted
8413.5,2025-12-06T20:13:30+00:00,W2386,wagon,retrofitted,,
8413.5,2025-12-06T20:13:30+00:00,W10254,wagon,retrofitted,,
8413.5,2025-12-06T20:13:30+00:00,LOCO_01,locomotive,track_19,retrofitted,
8418.5,2025-12-06T20:18:30+00:00,LOCO_01,locomotive,collection1,track_19,
8420.5,2025-12-06T20:20:30+00:00,LOCO_02,locomotive,retrofit,track_19,
8428.5,2025-12-06T20:28:30+00:00,LOCO_02,locomotive,WS_02,retrofit,
8428.5,2025-12-06T20:28:30+00:00,W5282,wagon,retrofit,,retrofit|WS_02
8428.5,2025-12-06T20:28:30+00:00,W7542,wagon,retrofit,,retrofit|WS_02
8433.5,2025-12-06T20:33:30+00:00,W5282,wagon,WS_02,,
8433.5,2025-12-06T20:33:30+00:00,W7542,wagon,WS_02,,
8439.5,2025-12-06T20:39:30+00:00,W5282,wagon,WS_02,,
8439.5,2025-12-06T20:39:30+00:00,W7542,wagon,WS_02,,
8439.5,2025-12-06T20:39:30+00:00,LOCO_02,locomotive,track_19,WS_02,
8444.5,2025-12-06T20:44:30+00:00,LOCO_02,locomotive,WS_01,track_19,
8451.5,2025-12-06T20:51:30+00:00,LOCO_02,locomotive,retrofitted,WS_01,
8451.5,2025-12-06T20:51:30+00:00,W12057,wagon,WS_01,,WS_01|retrofitted
8451.5,2025-12-06T20:51:30+00:00,W2136,wagon,WS_01,,WS_01|retrofitted
8456.5,2025-12-06T20:56:30+00:00,W12057,wagon,retrofitted,,
8456.5,2025-12-06T20:56:30+00:00,W2136,wagon,retrofitted,,
8456.5,2025-12-06T20:56:30+00:00,LOCO_02,locomotive,track_19,retrofitted,
8461.5,2025-12-06T21:01:30+00:00,LOCO_02,locomotive,collection2,track_19,
8491.5,2025-12-06T21:31:30+00:00,LOCO_01,locomotive,retrofit,collection1,
8491.5,2025-12-06T21:31:30+00:00,W11539,wagon,collection1,,collection1|Mainline|retrofit
8491.5,2025-12-06T21:31:30+00:00,W4532,wagon,collection1,,collection1|Mainline|retrofit
8491.5,2025-12-06T21:31:30+00:00,W5845,wagon,collection1,,collection1|Mainline|retrofit
8491.5,2025-12-06T21:31:30+00:00,W2831,wagon,collection1,,collection1|Mainline|retrofit
8491.5,2025-12-06T21:31:30+00:00,W11999,wagon,collection1,,collection1|Mainline|retrofit
8491.5,2025-12-06T21:31:30+00:00,W0881,wagon,collection1,,collection1|Mainline|retrofit
8524.5,2025-12-06T22:04:30+00:00,LOCO_02,locomotive,retrofit,collection2,
8524.5,2025-12-06T22:04:30+00:00,W8378,wagon,collection2,,collection2|Mainline|retrofit
8551.5,2025-12-06T22:31:30+00:00,W11539,wagon,retrofit,,
8551.5,2025-12-06T22:31:30+00:00,W4532,wagon,retrofit,,
8551.5,2025-12-06T22:31:30+00:00,W5845,wagon,retrofit,,
8551.5,2025-12-06T22:31:30+00:00,W2831,wagon,retrofit,,
8551.5,2025-12-06T22:31:30+00:00,W11999,wagon,retrofit,,
8551.5,2025-12-06T22:31:30+00:00,W0881,wagon,retrofit,,
8584.5,2025-12-06T23:04:30+00:00,W8378,wagon,retrofit,,
8584.5,2025-12-06T23:04:30+00:00,LOCO_01,locomotive,track_19,retrofit,
8587.5,2025-12-06T23:07:30+00:00,LOCO_02,locomotive,track_19,retrofit,
8589.5,2025-12-06T23:09:30+00:00,LOCO_01,locomotive,WS_02,track_19,
8594.5,2025-12-06T23:14:30+00:00,LOCO_02,locomotive,retrofit,track_19,
8596.5,2025-12-06T23:16:30+00:00,LOCO_01,locomotive,retrofitted,WS_02,
8596.5,2025-12-06T23:16:30+00:00,W5282,wagon,WS_02,,WS_02|retrofitted
8596.5,2025-12-06T23:16:30+00:00,W7542,wagon,WS_02,,WS_02|retrofitted
8601.5,2025-12-06T23:21:30+00:00,W5282,wagon,retrofitted,,
8601.5,2025-12-06T23:21:30+00:00,W7542,wagon,retrofitted,,
8601.5,2025-12-06T23:21:30+00:00,LOCO_01,locomotive,track_19,retrofitted,
8602.5,2025-12-06T23:22:30+00:00,LOCO_02,locomotive,WS_01,retrofit,
8602.5,2025-12-06T23:22:30+00:00,W10814,wagon,retrofit,,retrofit|WS_01
8602.5,2025-12-06T23:22:30+00:00,W2652,wagon,retrofit,,retrofit|WS_01
8606.5,2025-12-06T23:26:30+00:00,LOCO_01,locomotive,retrofitted,track_19,
8607.5,2025-12-06T23:27:30+00:00,W10814,wagon,WS_01,,
8607.5,2025-12-06T23:27:30+00:00,W2652,wagon,WS_01,,
8613.5,2025-12-06T23:33:30+00:00,W10814,wagon,WS_01,,
8613.5,2025-12-06T23:33:30+00:00,W2652,wagon,WS_01,,
8613.5,2025-12-06T23:33:30+00:00,LOCO_01,locomotive,parking14,retrofitted,
8613.5,2025-12-06T23:33:30+00:00,LOCO_02,locomotive,track_19,WS_01,
8620.5,2025-12-06T23:40:30+00:00,LOCO_02,locomotive,retrofit,track_19,
8628.5,2025-12-06T23:48:30+00:00,LOCO_02,locomotive,WS_02,retrofit,
8628.5,2025-12-06T23:48:30+00:00,W12385,wagon,retrofit,,retrofit|WS_02
8628.5,2025-12-06T23:48:30+00:00,W8380,wagon,retrofit,,retrofit|WS_02
8633.5,2025-12-06T23:53:30+00:00,W12385,wagon,WS_02,,
8633.5,2025-12-06T23:53:30+00:00,W8380,wagon,WS_02,,
8635.25,2025-12-06T23:55:15+00:00,W12186,wagon,collection1,,
8635.25,2025-12-06T23:55:15+00:00,W0128,wagon,collection1,,
8635.25,2025-12-06T23:55:15+00:00,W7755,wagon,collection1,,
8635.25,2025-12-06T23:55:15+00:00,W9951,wagon,collection1,,
8635.25,2025-12-06T23:55:15+00:00,W4605,wagon,collection1,,
8639.5,2025-12-06T23:59:30+00:00,W12385,wagon,WS_02,,
8639.5,2025-12-06T23:59:30+00:00,W8380,wagon,WS_02,,
8639.5,2025-12-06T23:59:30+00:00,LOCO_02,locomotive,track_19,WS_02,
8644.5,2025-12-07T00:04:30+00:00,LOCO_02,locomotive,collection1,track_19,
8690.0,2025-12-07T00:50:00+00:00,W2386,wagon,parking14,,
8690.0,2025-12-07T00:50:00+00:00,W10254,wagon,parking14,,
8690.0,2025-12-07T00:50:00+00:00,LOCO_01,locomotive,track_19,parking14,
8715.5,2025-12-07T01:15:30+00:00,LOCO_02,locomotive,retrofit,collection1,
8715.5,2025-12-07T01:15:30+00:00,W12400,wagon,collection1,,collection1|Mainline|retrofit
8715.5,2025-12-07T01:15:30+00:00,W0282,wagon,collection1,,collection1|Mainline|retrofit
8715.5,2025-12-07T01:15:30+00:00,W2701,wagon,collection1,,collection1|Mainline|retrofit
8715.5,2025-12-07T01:15:30+00:00,W8570,wagon,collection1,,collection1|Mainline|retrofit
8715.5,2025-12-07T01:15:30+00:00,W9355,wagon,collection1,,collection1|Mainline|retrofit
8750.0,2025-12-07T01:50:00+00:00,LOCO_01,locomotive,WS_01,track_19,
8757.0,2025-12-07T01:57:00+00:00,LOCO_01,locomotive,retrofitted,WS_01,
8757.0,2025-12-07T01:57:00+00:00,W10814,wagon,WS_01,,WS_01|retrofitted
8757.0,2025-12-07T01:57:00+00:00,W2652,wagon,WS_01,,WS_01|retrofitted
8762.0,2025-12-07T02:02:00+00:00,W10814,wagon,retrofitted,,
8762.0,2025-12-07T02:02:00+00:00,W2652,wagon,retrofitted,,
8762.0,2025-12-07T02:02:00+00:00,LOCO_01,locomotive,track_19,retrofitted,
8767.0,2025-12-07T02:07:00+00:00,LOCO_01,locomotive,WS_02,track_19,
8774.0,2025-12-07T02:14:00+00:00,LOCO_01,locomotive,retrofitted,WS_02,
8774.0,2025-12-07T02:14:00+00:00,W12385,wagon,WS_02,,WS_02|retrofitted
8774.0,2025-12-07T02:14:00+00:00,W8380,wagon,WS_02,,WS_02|retrofitted
8775.5,2025-12-07T02:15:30+00:00,W12400,wagon,retrofit,,
8775.5,2025-12-07T02:15:30+00:00,W0282,wagon,retrofit,,
8775.5,2025-12-07T02:15:30+00:00,W2701,wagon,retrofit,,
8775.5,2025-12-07T02:15:30+00:00,W8570,wagon,retrofit,,
8775.5,2025-12-07T02:15:30+00:00,W9355,wagon,retrofit,,
8779.0,2025-12-07T02:19:00+00:00,W12385,wagon,retrofitted,,
8779.0,2025-12-07T02:19:00+00:00,W8380,wagon,retrofitted,,
8779.0,2025-12-07T02:19:00+00:00,LOCO_01,locomotive,track_19,retrofitted,
8786.0,2025-12-07T02:26:00+00:00,LOCO_01,locomotive,retrofit,track_19,
8794.0,2025-12-07T02:34:00+00:00,LOCO_01,locomotive,WS_01,retrofit,
8794.0,2025-12-07T02:34:00+00:00,W11539,wagon,retrofit,,retrofit|WS_01
8794.0,2025-12-07T02:34:00+00:00,W4532,wagon,retrofit,,retrofit|WS_01
8799.0,2025-12-07T02:39:00+00:00,W11539,wagon,WS_01,,
8799.0,2025-12-07T02:39:00+00:00,W4532,wagon,WS_01,,
8802.5,2025-12-07T02:42:30+00:00,LOCO_02,locomotive,track_19,retrofit,
8805.0,2025-12-07T02:45:00+00:00,W11539,wagon,WS_01,,
8805.0,2025-12-07T02:45:00+00:00,W4532,wagon,WS_01,,
8805.0,2025-12-07T02:45:00+00:00,LOCO_01,locomotive,track_19,WS_01,
8809.5,2025-12-07T02:49:30+00:00,LOCO_02,locomotive,retrofit,track_19,
8810.0,2025-12-07T02:50:00+00:00,LOCO_01,locomotive,retrofitted,track_19,
8817.5,2025-12-07T02:57:30+00:00,LOCO_02,locomotive,WS_02,retrofit,
8817.5,2025-12-07T02:57:30+00:00,W5845,wagon,retrofit,,retrofit|WS_02
8817.5,2025-12-07T02:57:30+00:00,W2831,wagon,retrofit,,retrofit|WS_02
8818.0,2025-12-07T02:58:00+00:00,LOCO_01,locomotive,parking16,retrofitted,
8822.5,2025-12-07T03:02:30+00:00,W5845,wagon,WS_02,,
8822.5,2025-12-07T03:02:30+00:00,W2831,wagon,WS_02,,
8828.5,2025-12-07T03:08:30+00:00,W5845,wagon,WS_02,,
8828.5,2025-12-07T03:08:30+00:00,W2831,wagon,WS_02,,
8828.5,2025-12-07T03:08:30+00:00,LOCO_02,locomotive,track_19,WS_02,
8865.5,2025-12-07T03:45:30+00:00,LOCO_02,locomotive,WS_01,track_19,
8872.5,2025-12-07T03:52:30+00:00,LOCO_02,locomotive,retrofitted,WS_01,
8872.5,2025-12-07T03:52:30+00:00,W11539,wagon,WS_01,,WS_01|retrofitted
8872.5,2025-12-07T03:52:30+00:00,W4532,wagon,WS_01,,WS_01|retrofitted
8877.5,2025-12-07T03:57:30+00:00,W11539,wagon,retrofitted,,
8877.5,2025-12-07T03:57:30+00:00,W4532,wagon,retrofitted,,
8877.5,2025-12-07T03:57:30+00:00,LOCO_02,locomotive,track_19,retrofitted,
8884.5,2025-12-07T04:04:30+00:00,LOCO_02,locomotive,retrofit,track_19,
8892.5,2025-12-07T04:12:30+00:00,LOCO_02,locomotive,WS_01,retrofit,
8892.5,2025-12-07T04:12:30+00:00,W11999,wagon,retrofit,,retrofit|WS_01
8892.5,2025-12-07T04:12:30+00:00,W0881,wagon,retrofit,,retrofit|WS_01
8897.5,2025-12-07T04:17:30+00:00,W11999,wagon,WS_01,,
8897.5,2025-12-07T04:17:30+00:00,W0881,wagon,WS_01,,
8903.5,2025-12-07T04:23:30+00:00,W11999,wagon,WS_01,,
8903.5,2025-12-07T04:23:30+00:00,W0881,wagon,WS_01,,
8903.5,2025-12-07T04:23:30+00:00,LOCO_02,locomotive,track_19,WS_01,
8908.5,2025-12-07T04:28:30+00:00,LOCO_02,locomotive,WS_02,track_19,
8915.5,2025-12-07T04:35:30+00:00,LOCO_02,locomotive,retrofitted,WS_02,
8915.5,2025-12-07T04:35:30+00:00,W5845,wagon,WS_02,,WS_02|retrofitted
8915.5,2025-12-07T04:35:30+00:00,W2831,wagon,WS_02,,WS_02|retrofitted
8920.5,2025-12-07T04:40:30+00:00,W5845,wagon,retrofitted,,
8920.5,2025-12-07T04:40:30+00:00,W2831,wagon,retrofitted,,
8920.5,2025-12-07T04:40:30+00:00,LOCO_02,locomotive,track_19,retrofitted,
8927.5,2025-12-07T04:47:30+00:00,LOCO_02,locomotive,retrofit,track_19,
8935.5,2025-12-07T04:55:30+00:00,LOCO_02,locomotive,WS_02,retrofit,
8935.5,2025-12-07T04:55:30+00:00,W8378,wagon,retrofit,,retrofit|WS_02
8935.5,2025-12-07T04:55:30+00:00,W12400,wagon,retrofit,,retrofit|WS_02
8940.5,2025-12-07T05:00:30+00:00,W8378,wagon,WS_02,,
8940.5,2025-12-07T05:00:30+00:00,W12400,wagon,WS_02,,
8941.5,2025-12-07T05:01:30+00:00,W12057,wagon,parking16,,
8941.5,2025-12-07T05:01:30+00:00,W2136,wagon,parking16,,
8941.5,2025-12-07T05:01:30+00:00,W5282,wagon,parking16,,
8941.5,2025-12-07T05:01:30+00:00,W7542,wagon,parking16,,
8941.5,2025-12-07T05:01:30+00:00,LOCO_01,locomotive,track_19,parking16,
8946.5,2025-12-07T05:06:30+00:00,W8378,wagon,WS_02,,
8946.5,2025-12-07T05:06:30+00:00,W12400,wagon,WS_02,,
8946.5,2025-12-07T05:06:30+00:00,LOCO_02,locomotive,track_19,WS_02,
8951.5,2025-12-07T05:11:30+00:00,LOCO_02,locomotive,collection2,track_19,
9001.5,2025-12-07T06:01:30+00:00,LOCO_01,locomotive,WS_01,track_19,
9008.5,2025-12-07T06:08:30+00:00,LOCO_01,locomotive,retrofitted,WS_01,
9008.5,2025-12-07T06:08:30+00:00,W11999,wagon,WS_01,,WS_01|retrofitted
9008.5,2025-12-07T06:08:30+00:00,W0881,wagon,WS_01,,WS_01|retrofitted
9013.5,2025-12-07T06:13:30+00:00,W11999,wagon,retrofitted,,
9013.5,2025-12-07T06:13:30+00:00,W0881,wagon,retrofitted,,
9013.5,2025-12-07T06:13:30+00:00,LOCO_01,locomotive,track_19,retrofitted,
9014.5,2025-12-07T06:14:30+00:00,LOCO_02,locomotive,retrofit,collection2,
9014.5,2025-12-07T06:14:30+00:00,W9440,wagon,collection2,,collection2|Mainline|retrofit
9018.5,2025-12-07T06:18:30+00:00,LOCO_01,locomotive,WS_02,track_19,
9025.5,2025-12-07T06:25:30+00:00,LOCO_01,locomotive,retrofitted,WS_02,
9025.5,2025-12-07T06:25:30+00:00,W8378,wagon,WS_02,,WS_02|retrofitted
9025.5,2025-12-07T06:25:30+00:00,W12400,wagon,WS_02,,WS_02|retrofitted
9030.5,2025-12-07T06:30:30+00:00,W8378,wagon,retrofitted,,
9030.5,2025-12-07T06:30:30+00:00,W12400,wagon,retrofitted,,
9030.5,2025-12-07T06:30:30+00:00,LOCO_01,locomotive,track_19,retrofitted,
9035.5,2025-12-07T06:35:30+00:00,LOCO_01,locomotive,retrofitted,track_19,
9045.5,2025-12-07T06:45:30+00:00,LOCO_01,locomotive,parking12,retrofitted,
9074.5,2025-12-07T07:14:30+00:00,W9440,wagon,retrofit,,
9077.5,2025-12-07T07:17:30+00:00,LOCO_02,locomotive,track_19,retrofit,
9084.25,2025-12-07T07:24:15+00:00,W10772,wagon,collection1,,
9084.25,2025-12-07T07:24:15+00:00,W5316,wagon,collection1,,
9084.25,2025-12-07T07:24:15+00:00,W9043,wagon,collection1,,
9084.25,2025-12-07T07:24:15+00:00,W2149,wagon,collection1,,
9084.25,2025-12-07T07:24:15+00:00,W5380,wagon,collection1,,
9084.25,2025-12-07T07:24:15+00:00,W0875,wagon,collection1,,
9084.25,2025-12-07T07:24:15+00:00,W5989,wagon,collection1,,
9084.25,2025-12-07T07:24:15+00:00,W5415,wagon,collection1,,
9084.25,2025-12-07T07:24:15+00:00,W12031,wagon,collection1,,
9084.5,2025-12-07T07:24:30+00:00,LOCO_02,locomotive,retrofit,track_19,
9092.5,2025-12-07T07:32:30+00:00,LOCO_02,locomotive,WS_01,retrofit,
9092.5,2025-12-07T07:32:30+00:00,W0282,wagon,retrofit,,retrofit|WS_01
9092.5,2025-12-07T07:32:30+00:00,W2701,wagon,retrofit,,retrofit|WS_01
9097.5,2025-12-07T07:37:30+00:00,W0282,wagon,WS_01,,
9097.5,2025-12-07T07:37:30+00:00,W2701,wagon,WS_01,,
9103.5,2025-12-07T07:43:30+00:00,W0282,wagon,WS_01,,
9103.5,2025-12-07T07:43:30+00:00,W2701,wagon,WS_01,,
9103.5,2025-12-07T07:43:30+00:00,LOCO_02,locomotive,track_19,WS_01,
9110.5,2025-12-07T07:50:30+00:00,LOCO_02,locomotive,retrofit,track_19,
9113.0,2025-12-07T07:53:00+00:00,W10814,wagon,parking12,,
9113.0,2025-12-07T07:53:00+00:00,W2652,wagon,parking12,,
9113.0,2025-12-07T07:53:00+00:00,W12385,wagon,parking12,,
9113.0,2025-12-07T07:53:00+00:00,W8380,wagon,parking12,,
9113.0,2025-12-07T07:53:00+00:00,W11539,wagon,parking12,,
9113.0,2025-12-07T07:53:00+00:00,W4532,wagon,parking12,,
9113.0,2025-12-07T07:53:00+00:00,W5845,wagon,parking12,,
9113.0,2025-12-07T07:53:00+00:00,W2831,wagon,parking12,,
9113.0,2025-12-07T07:53:00+00:00,LOCO_01,locomotive,track_19,parking12,
9118.5,2025-12-07T07:58:30+00:00,LOCO_02,locomotive,WS_02,retrofit,
9118.5,2025-12-07T07:58:30+00:00,W8570,wagon,retrofit,,retrofit|WS_02
9118.5,2025-12-07T07:58:30+00:00,W9355,wagon,retrofit,,retrofit|WS_02
9123.5,2025-12-07T08:03:30+00:00,W8570,wagon,WS_02,,
9123.5,2025-12-07T08:03:30+00:00,W9355,wagon,WS_02,,
9129.5,2025-12-07T08:09:30+00:00,W8570,wagon,WS_02,,
9129.5,2025-12-07T08:09:30+00:00,W9355,wagon,WS_02,,
9129.5,2025-12-07T08:09:30+00:00,LOCO_02,locomotive,track_19,WS_02,
9134.5,2025-12-07T08:14:30+00:00,LOCO_02,locomotive,collection1,track_19,
9173.0,2025-12-07T08:53:00+00:00,LOCO_01,locomotive,WS_01,track_19,
9180.0,2025-12-07T09:00:00+00:00,LOCO_01,locomotive,retrofitted,WS_01,
9180.0,2025-12-07T09:00:00+00:00,W0282,wagon,WS_01,,WS_01|retrofitted
9180.0,2025-12-07T09:00:00+00:00,W2701,wagon,WS_01,,WS_01|retrofitted
9185.0,2025-12-07T09:05:00+00:00,W0282,wagon,retrofitted,,
9185.0,2025-12-07T09:05:00+00:00,W2701,wagon,retrofitted,,
9185.0,2025-12-07T09:05:00+00:00,LOCO_01,locomotive,track_19,retrofitted,
9185.25,2025-12-07T09:05:15+00:00,W8714,wagon,collection2,,
9185.25,2025-12-07T09:05:15+00:00,W7877,wagon,collection2,,
9185.25,2025-12-07T09:05:15+00:00,W5280,wagon,collection2,,
9185.25,2025-12-07T09:05:15+00:00,W7897,wagon,collection2,,
9185.25,2025-12-07T09:05:15+00:00,W0962,wagon,collection2,,
9190.0,2025-12-07T09:10:00+00:00,LOCO_01,locomotive,WS_02,track_19,
9197.0,2025-12-07T09:17:00+00:00,LOCO_01,locomotive,retrofitted,WS_02,
9197.0,2025-12-07T09:17:00+00:00,W8570,wagon,WS_02,,WS_02|retrofitted
9197.0,2025-12-07T09:17:00+00:00,W9355,wagon,WS_02,,WS_02|retrofitted
9202.0,2025-12-07T09:22:00+00:00,W8570,wagon,retrofitted,,
9202.0,2025-12-07T09:22:00+00:00,W9355,wagon,retrofitted,,
9202.0,2025-12-07T09:22:00+00:00,LOCO_01,locomotive,track_19,retrofitted,
9205.5,2025-12-07T09:25:30+00:00,LOCO_02,locomotive,retrofit,collection1,
9205.5,2025-12-07T09:25:30+00:00,W8578,wagon,collection1,,collection1|Mainline|retrofit
9205.5,2025-12-07T09:25:30+00:00,W0948,wagon,collection1,,collection1|Mainline|retrofit
9205.5,2025-12-07T09:25:30+00:00,W9358,wagon,collection1,,collection1|Mainline|retrofit
9205.5,2025-12-07T09:25:30+00:00,W0680,wagon,collection1,,collection1|Mainline|retrofit
9205.5,2025-12-07T09:25:30+00:00,W11195,wagon,collection1,,collection1|Mainline|retrofit
9207.0,2025-12-07T09:27:00+00:00,LOCO_01,locomotive,retrofit,track_19,
9215.0,2025-12-07T09:35:00+00:00,LOCO_01,locomotive,WS_01,retrofit,
9215.0,2025-12-07T09:35:00+00:00,W9440,wagon,retrofit,,retrofit|WS_01
9220.0,2025-12-07T09:40:00+00:00,W9440,wagon,WS_01,,
9223.0,2025-12-07T09:43:00+00:00,W9440,wagon,WS_01,,
9223.0,2025-12-07T09:43:00+00:00,LOCO_01,locomotive,track_19,WS_01,
9228.0,2025-12-07T09:48:00+00:00,LOCO_01,locomotive,collection2,track_19,
9265.5,2025-12-07T10:25:30+00:00,W8578,wagon,retrofit,,
9265.5,2025-12-07T10:25:30+00:00,W0948,wagon,retrofit,,
9265.5,2025-12-07T10:25:30+00:00,W9358,wagon,retrofit,,
9265.5,2025-12-07T10:25:30+00:00,W0680,wagon,retrofit,,
9265.5,2025-12-07T10:25:30+00:00,W11195,wagon,retrofit,,
9292.5,2025-12-07T10:52:30+00:00,LOCO_02,locomotive,track_19,retrofit,
9297.5,2025-12-07T10:57:30+00:00,LOCO_02,locomotive,WS_01,track_19,
9301.0,2025-12-07T11:01:00+00:00,LOCO_01,locomotive,retrofit,collection2,
9301.0,2025-12-07T11:01:00+00:00,W9489,wagon,collection2,,collection2|Mainline|retrofit
9301.0,2025-12-07T11:01:00+00:00,W2712,wagon,collection2,,collection2|Mainline|retrofit
9301.0,2025-12-07T11:01:00+00:00,W9940,wagon,collection2,,collection2|Mainline|retrofit
9301.0,2025-12-07T11:01:00+00:00,W9081,wagon,collection2,,collection2|Mainline|retrofit
9301.0,2025-12-07T11:01:00+00:00,W12074,wagon,collection2,,collection2|Mainline|retrofit
9301.0,2025-12-07T11:01:00+00:00,W8990,wagon,collection2,,collection2|Mainline|retrofit
9304.0,2025-12-07T11:04:00+00:00,LOCO_02,locomotive,retrofitted,WS_01,
9304.0,2025-12-07T11:04:00+00:00,W9440,wagon,WS_01,,WS_01|retrofitted
9309.0,2025-12-07T11:09:00+00:00,W9440,wagon,retrofitted,,
9309.0,2025-12-07T11:09:00+00:00,LOCO_02,locomotive,track_19,retrofitted,
9316.0,2025-12-07T11:16:00+00:00,LOCO_02,locomotive,retrofit,track_19,
9324.0,2025-12-07T11:24:00+00:00,LOCO_02,locomotive,WS_02,retrofit,
9324.0,2025-12-07T11:24:00+00:00,W8578,wagon,retrofit,,retrofit|WS_02
9324.0,2025-12-07T11:24:00+00:00,W0948,wagon,retrofit,,retrofit|WS_02
9329.0,2025-12-07T11:29:00+00:00,W8578,wagon,WS_02,,
9329.0,2025-12-07T11:29:00+00:00,W0948,wagon,WS_02,,
9335.0,2025-12-07T11:35:00+00:00,W8578,wagon,WS_02,,
9335.0,2025-12-07T11:35:00+00:00,W0948,wagon,WS_02,,
9335.0,2025-12-07T11:35:00+00:00,LOCO_02,locomotive,track_19,WS_02,
9337.25,2025-12-07T11:37:15+00:00,W10441,wagon,collection1,,
9337.25,2025-12-07T11:37:15+00:00,W10435,wagon,collection1,,
9342.0,2025-12-07T11:42:00+00:00,LOCO_02,locomotive,retrofit,track_19,
9350.0,2025-12-07T11:50:00+00:00,LOCO_02,locomotive,WS_01,retrofit,
9350.0,2025-12-07T11:50:00+00:00,W9358,wagon,retrofit,,retrofit|WS_01
9350.0,2025-12-07T11:50:00+00:00,W0680,wagon,retrofit,,retrofit|WS_01
9355.0,2025-12-07T11:55:00+00:00,W9358,wagon,WS_01,,
9355.0,2025-12-07T11:55:00+00:00,W0680,wagon,WS_01,,
9361.0,2025-12-07T12:01:00+00:00,W9489,wagon,retrofit,,
9361.0,2025-12-07T12:01:00+00:00,W2712,wagon,retrofit,,
9361.0,2025-12-07T12:01:00+00:00,W9940,wagon,retrofit,,
9361.0,2025-12-07T12:01:00+00:00,W9081,wagon,retrofit,,
9361.0,2025-12-07T12:01:00+00:00,W12074,wagon,retrofit,,
9361.0,2025-12-07T12:01:00+00:00,W8990,wagon,retrofit,,
9361.0,2025-12-07T12:01:00+00:00,W9358,wagon,WS_01,,
9361.0,2025-12-07T12:01:00+00:00,W0680,wagon,WS_01,,
9361.0,2025-12-07T12:01:00+00:00,LOCO_02,locomotive,track_19,WS_01,
9366.0,2025-12-07T12:06:00+00:00,LOCO_02,locomotive,retrofitted,track_19,
9374.0,2025-12-07T12:14:00+00:00,LOCO_02,locomotive,parking11,retrofitted,
9394.0,2025-12-07T12:34:00+00:00,LOCO_01,locomotive,track_19,retrofit,
9399.0,2025-12-07T12:39:00+00:00,LOCO_01,locomotive,WS_02,track_19,
9400.75,2025-12-07T12:40:45+00:00,W1122,wagon,collection1,,
9400.75,2025-12-07T12:40:45+00:00,W1120,wagon,collection1,,
9406.0,2025-12-07T12:46:00+00:00,LOCO_01,locomotive,retrofitted,WS_02,
9406.0,2025-12-07T12:46:00+00:00,W8578,wagon,WS_02,,WS_02|retrofitted
9406.0,2025-12-07T12:46:00+00:00,W0948,wagon,WS_02,,WS_02|retrofitted
9411.0,2025-12-07T12:51:00+00:00,W8578,wagon,retrofitted,,
9411.0,2025-12-07T12:51:00+00:00,W0948,wagon,retrofitted,,
9411.0,2025-12-07T12:51:00+00:00,LOCO_01,locomotive,track_19,retrofitted,
9418.0,2025-12-07T12:58:00+00:00,LOCO_01,locomotive,retrofit,track_19,
9426.0,2025-12-07T13:06:00+00:00,LOCO_01,locomotive,WS_02,retrofit,
9426.0,2025-12-07T13:06:00+00:00,W11195,wagon,retrofit,,retrofit|WS_02
9426.0,2025-12-07T13:06:00+00:00,W9489,wagon,retrofit,,retrofit|WS_02
9431.0,2025-12-07T13:11:00+00:00,W11195,wagon,WS_02,,
9431.0,2025-12-07T13:11:00+00:00,W9489,wagon,WS_02,,
9437.0,2025-12-07T13:17:00+00:00,W11195,wagon,WS_02,,
9437.0,2025-12-07T13:17:00+00:00,W9489,wagon,WS_02,,
9437.0,2025-12-07T13:17:00+00:00,LOCO_01,locomotive,track_19,WS_02,
9437.5,2025-12-07T13:17:30+00:00,W11999,wagon,parking11,,
9437.5,2025-12-07T13:17:30+00:00,W0881,wagon,parking11,,
9437.5,2025-12-07T13:17:30+00:00,W8378,wagon,parking11,,
9437.5,2025-12-07T13:17:30+00:00,W12400,wagon,parking11,,
9437.5,2025-12-07T13:17:30+00:00,LOCO_02,locomotive,track_19,parking11,
9442.0,2025-12-07T13:22:00+00:00,LOCO_01,locomotive,WS_01,track_19,
9444.25,2025-12-07T13:24:15+00:00,W11518,wagon,collection1,,
9444.25,2025-12-07T13:24:15+00:00,W9071,wagon,collection2,,
9444.25,2025-12-07T13:24:15+00:00,W11516,wagon,collection2,,
9444.25,2025-12-07T13:24:15+00:00,W5434,wagon,collection2,,
9449.0,2025-12-07T13:29:00+00:00,LOCO_01,locomotive,retrofitted,WS_01,
9449.0,2025-12-07T13:29:00+00:00,W9358,wagon,WS_01,,WS_01|retrofitted
9449.0,2025-12-07T13:29:00+00:00,W0680,wagon,WS_01,,WS_01|retrofitted
9454.0,2025-12-07T13:34:00+00:00,W9358,wagon,retrofitted,,
9454.0,2025-12-07T13:34:00+00:00,W0680,wagon,retrofitted,,
9454.0,2025-12-07T13:34:00+00:00,LOCO_01,locomotive,track_19,retrofitted,
9459.0,2025-12-07T13:39:00+00:00,LOCO_01,locomotive,collection1,track_19,
9497.5,2025-12-07T14:17:30+00:00,LOCO_02,locomotive,WS_02,track_19,
9504.5,2025-12-07T14:24:30+00:00,LOCO_02,locomotive,retrofitted,WS_02,
9504.5,2025-12-07T14:24:30+00:00,W11195,wagon,WS_02,,WS_02|retrofitted
9504.5,2025-12-07T14:24:30+00:00,W9489,wagon,WS_02,,WS_02|retrofitted
9509.5,2025-12-07T14:29:30+00:00,W11195,wagon,retrofitted,,
9509.5,2025-12-07T14:29:30+00:00,W9489,wagon,retrofitted,,
9509.5,2025-12-07T14:29:30+00:00,LOCO_02,locomotive,track_19,retrofitted,
9514.5,2025-12-07T14:34:30+00:00,LOCO_02,locomotive,retrofitted,track_19,
9525.0,2025-12-07T14:45:00+00:00,LOCO_02,locomotive,parking2,retrofitted,
9532.0,2025-12-07T14:52:00+00:00,LOCO_01,locomotive,retrofit,collection1,
9532.0,2025-12-07T14:52:00+00:00,W0367,wagon,collection1,,collection1|Mainline|retrofit
9532.0,2025-12-07T14:52:00+00:00,W0411,wagon,collection1,,collection1|Mainline|retrofit
9532.0,2025-12-07T14:52:00+00:00,W4457,wagon,collection1,,collection1|Mainline|retrofit
9532.0,2025-12-07T14:52:00+00:00,W5612,wagon,collection1,,collection1|Mainline|retrofit
9532.0,2025-12-07T14:52:00+00:00,W0928,wagon,collection1,,collection1|Mainline|retrofit
9532.0,2025-12-07T14:52:00+00:00,W12177,wagon,collection1,,collection1|Mainline|retrofit
9538.5,2025-12-07T14:58:30+00:00,W0282,wagon,parking2,,
9538.5,2025-12-07T14:58:30+00:00,W2701,wagon,parking2,,
9538.5,2025-12-07T14:58:30+00:00,W8570,wagon,parking2,,
9538.5,2025-12-07T14:58:30+00:00,W9355,wagon,parking2,,
9538.5,2025-12-07T14:58:30+00:00,W9440,wagon,parking2,,
9538.5,2025-12-07T14:58:30+00:00,W8578,wagon,parking2,,
9538.5,2025-12-07T14:58:30+00:00,W0948,wagon,parking2,,
9538.5,2025-12-07T14:58:30+00:00,W9358,wagon,parking2,,
9538.5,2025-12-07T14:58:30+00:00,W0680,wagon,parking2,,
9538.5,2025-12-07T14:58:30+00:00,LOCO_02,locomotive,track_19,parking2,
9545.5,2025-12-07T15:05:30+00:00,LOCO_02,locomotive,retrofit,track_19,
9553.5,2025-12-07T15:13:30+00:00,LOCO_02,locomotive,WS_01,retrofit,
9553.5,2025-12-07T15:13:30+00:00,W2712,wagon,retrofit,,retrofit|WS_01
9553.5,2025-12-07T15:13:30+00:00,W9940,wagon,retrofit,,retrofit|WS_01
9558.5,2025-12-07T15:18:30+00:00,W2712,wagon,WS_01,,
9558.5,2025-12-07T15:18:30+00:00,W9940,wagon,WS_01,,
9564.5,2025-12-07T15:24:30+00:00,W2712,wagon,WS_01,,
9564.5,2025-12-07T15:24:30+00:00,W9940,wagon,WS_01,,
9564.5,2025-12-07T15:24:30+00:00,LOCO_02,locomotive,track_19,WS_01,
9571.5,2025-12-07T15:31:30+00:00,LOCO_02,locomotive,retrofit,track_19,
9579.5,2025-12-07T15:39:30+00:00,LOCO_02,locomotive,WS_02,retrofit,
9579.5,2025-12-07T15:39:30+00:00,W9081,wagon,retrofit,,retrofit|WS_02
9579.5,2025-12-07T15:39:30+00:00,W12074,wagon,retrofit,,retrofit|WS_02
9584.5,2025-12-07T15:44:30+00:00,W9081,wagon,WS_02,,
9584.5,2025-12-07T15:44:30+00:00,W12074,wagon,WS_02,,
9590.5,2025-12-07T15:50:30+00:00,W9081,wagon,WS_02,,
9590.5,2025-12-07T15:50:30+00:00,W12074,wagon,WS_02,,
9590.5,2025-12-07T15:50:30+00:00,LOCO_02,locomotive,track_19,WS_02,
9592.0,2025-12-07T15:52:00+00:00,W0367,wagon,retrofit,,
9592.0,2025-12-07T15:52:00+00:00,W0411,wagon,retrofit,,
9592.0,2025-12-07T15:52:00+00:00,W4457,wagon,retrofit,,
9592.0,2025-12-07T15:52:00+00:00,W5612,wagon,retrofit,,
9592.0,2025-12-07T15:52:00+00:00,W0928,wagon,retrofit,,
9592.0,2025-12-07T15:52:00+00:00,W12177,wagon,retrofit,,
9595.5,2025-12-07T15:55:30+00:00,LOCO_02,locomotive,collection2,track_19,
9625.0,2025-12-07T16:25:00+00:00,LOCO_01,locomotive,track_19,retrofit,
9630.0,2025-12-07T16:30:00+00:00,LOCO_01,locomotive,WS_01,track_19,
9637.0,2025-12-07T16:37:00+00:00,LOCO_01,locomotive,retrofitted,WS_01,
9637.0,2025-12-07T16:37:00+00:00,W2712,wagon,WS_01,,WS_01|retrofitted
9637.0,2025-12-07T16:37:00+00:00,W9940,wagon,WS_01,,WS_01|retrofitted
9642.0,2025-12-07T16:42:00+00:00,W2712,wagon,retrofitted,,
9642.0,2025-12-07T16:42:00+00:00,W9940,wagon,retrofitted,,
9642.0,2025-12-07T16:42:00+00:00,LOCO_01,locomotive,track_19,retrofitted,
9647.0,2025-12-07T16:47:00+00:00,LOCO_01,locomotive,retrofitted,track_19,
9654.0,2025-12-07T16:54:00+00:00,LOCO_01,locomotive,parking6,retrofitted,
9660.5,2025-12-07T17:00:30+00:00,LOCO_02,locomotive,retrofit,collection2,
9660.5,2025-12-07T17:00:30+00:00,W8952,wagon,collection2,,collection2|Mainline|retrofit
9660.5,2025-12-07T17:00:30+00:00,W8676,wagon,collection2,,collection2|Mainline|retrofit
9660.5,2025-12-07T17:00:30+00:00,W11195,wagon,parking6,,
9660.5,2025-12-07T17:00:30+00:00,W9489,wagon,parking6,,
9660.5,2025-12-07T17:00:30+00:00,LOCO_01,locomotive,track_19,parking6,
9665.5,2025-12-07T17:05:30+00:00,LOCO_01,locomotive,WS_02,track_19,
9672.5,2025-12-07T17:12:30+00:00,LOCO_01,locomotive,retrofitted,WS_02,
9672.5,2025-12-07T17:12:30+00:00,W9081,wagon,WS_02,,WS_02|retrofitted
9672.5,2025-12-07T17:12:30+00:00,W12074,wagon,WS_02,,WS_02|retrofitted
9677.5,2025-12-07T17:17:30+00:00,W9081,wagon,retrofitted,,
9677.5,2025-12-07T17:17:30+00:00,W12074,wagon,retrofitted,,
9677.5,2025-12-07T17:17:30+00:00,LOCO_01,locomotive,track_19,retrofitted,
9684.0,2025-12-07T17:24:00+00:00,W4506,wagon,collection1,,
9684.0,2025-12-07T17:24:00+00:00,W1439,wagon,collection1,,
9684.5,2025-12-07T17:24:30+00:00,LOCO_01,locomotive,retrofit,track_19,
9692.5,2025-12-07T17:32:30+00:00,LOCO_01,locomotive,WS_01,retrofit,
9692.5,2025-12-07T17:32:30+00:00,W8990,wagon,retrofit,,retrofit|WS_01
9692.5,2025-12-07T17:32:30+00:00,W0367,wagon,retrofit,,retrofit|WS_01
9697.5,2025-12-07T17:37:30+00:00,W8990,wagon,WS_01,,
9697.5,2025-12-07T17:37:30+00:00,W0367,wagon,WS_01,,
9703.5,2025-12-07T17:43:30+00:00,W8990,wagon,WS_01,,
9703.5,2025-12-07T17:43:30+00:00,W0367,wagon,WS_01,,
9703.5,2025-12-07T17:43:30+00:00,LOCO_01,locomotive,track_19,WS_01,
9710.5,2025-12-07T17:50:30+00:00,LOCO_01,locomotive,retrofit,track_19,
9718.5,2025-12-07T17:58:30+00:00,LOCO_01,locomotive,WS_02,retrofit,
9718.5,2025-12-07T17:58:30+00:00,W0411,wagon,retrofit,,retrofit|WS_02
9718.5,2025-12-07T17:58:30+00:00,W4457,wagon,retrofit,,retrofit|WS_02
9720.5,2025-12-07T18:00:30+00:00,W8952,wagon,retrofit,,
9720.5,2025-12-07T18:00:30+00:00,W8676,wagon,retrofit,,
9723.5,2025-12-07T18:03:30+00:00,W0411,wagon,WS_02,,
9723.5,2025-12-07T18:03:30+00:00,W4457,wagon,WS_02,,
9729.5,2025-12-07T18:09:30+00:00,LOCO_02,locomotive,track_19,retrofit,
9729.5,2025-12-07T18:09:30+00:00,W0411,wagon,WS_02,,
9729.5,2025-12-07T18:09:30+00:00,W4457,wagon,WS_02,,
9729.5,2025-12-07T18:09:30+00:00,LOCO_01,locomotive,track_19,WS_02,
9734.5,2025-12-07T18:14:30+00:00,LOCO_02,locomotive,collection1,track_19,
9734.5,2025-12-07T18:14:30+00:00,LOCO_01,locomotive,retrofitted,track_19,
9741.5,2025-12-07T18:21:30+00:00,LOCO_01,locomotive,parking10,retrofitted,
9800.25,2025-12-07T19:20:15+00:00,W9143,wagon,collection1,,
9800.25,2025-12-07T19:20:15+00:00,W10883,wagon,collection1,,
9800.25,2025-12-07T19:20:15+00:00,W10896,wagon,collection1,,
9803.0,2025-12-07T19:23:00+00:00,W2712,wagon,parking10,,
9803.0,2025-12-07T19:23:00+00:00,W9940,wagon,parking10,,
9803.0,2025-12-07T19:23:00+00:00,LOCO_01,locomotive,track_19,parking10,
9809.5,2025-12-07T19:29:30+00:00,LOCO_02,locomotive,retrofit,collection1,
9809.5,2025-12-07T19:29:30+00:00,W0888,wagon,collection1,,collection1|Mainline|retrofit
9809.5,2025-12-07T19:29:30+00:00,W12186,wagon,collection1,,collection1|Mainline|retrofit
9809.5,2025-12-07T19:29:30+00:00,W0128,wagon,collection1,,collection1|Mainline|retrofit
9809.5,2025-12-07T19:29:30+00:00,W7755,wagon,collection1,,collection1|Mainline|retrofit
9809.5,2025-12-07T19:29:30+00:00,W9951,wagon,collection1,,collection1|Mainline|retrofit
9809.5,2025-12-07T19:29:30+00:00,W4605,wagon,collection1,,collection1|Mainline|retrofit
9809.5,2025-12-07T19:29:30+00:00,W10772,wagon,collection1,,collection1|Mainline|retrofit
9863.0,2025-12-07T20:23:00+00:00,LOCO_01,locomotive,WS_01,track_19,
9869.5,2025-12-07T20:29:30+00:00,W0888,wagon,retrofit,,
9869.5,2025-12-07T20:29:30+00:00,W12186,wagon,retrofit,,
9869.5,2025-12-07T20:29:30+00:00,W0128,wagon,retrofit,,
9869.5,2025-12-07T20:29:30+00:00,W7755,wagon,retrofit,,
9869.5,2025-12-07T20:29:30+00:00,W9951,wagon,retrofit,,
9869.5,2025-12-07T20:29:30+00:00,W4605,wagon,retrofit,,
9869.5,2025-12-07T20:29:30+00:00,W10772,wagon,retrofit,,
9870.0,2025-12-07T20:30:00+00:00,LOCO_01,locomotive,retrofitted,WS_01,
9870.0,2025-12-07T20:30:00+00:00,W8990,wagon,WS_01,,WS_01|retrofitted
9870.0,2025-12-07T20:30:00+00:00,W0367,wagon,WS_01,,WS_01|retrofitted
9875.0,2025-12-07T20:35:00+00:00,W8990,wagon,retrofitted,,
9875.0,2025-12-07T20:35:00+00:00,W0367,wagon,retrofitted,,
9875.0,2025-12-07T20:35:00+00:00,LOCO_01,locomotive,track_19,retrofitted,
9880.0,2025-12-07T20:40:00+00:00,LOCO_01,locomotive,WS_02,track_19,
9887.0,2025-12-07T20:47:00+00:00,LOCO_01,locomotive,retrofitted,WS_02,
9887.0,2025-12-07T20:47:00+00:00,W0411,wagon,WS_02,,WS_02|retrofitted
9887.0,2025-12-07T20:47:00+00:00,W4457,wagon,WS_02,,WS_02|retrofitted
9892.0,2025-12-07T20:52:00+00:00,W0411,wagon,retrofitted,,
9892.0,2025-12-07T20:52:00+00:00,W4457,wagon,retrofitted,,
9892.0,2025-12-07T20:52:00+00:00,LOCO_01,locomotive,track_19,retrofitted,
9896.5,2025-12-07T20:56:30+00:00,W10303,wagon,collection1,,
9896.5,2025-12-07T20:56:30+00:00,W5395,wagon,collection1,,
9896.5,2025-12-07T20:56:30+00:00,W2774,wagon,collection2,,
9896.5,2025-12-07T20:56:30+00:00,W10233,wagon,collection2,,
9896.5,2025-12-07T20:56:30+00:00,W2815,wagon,collection2,,
9899.0,2025-12-07T20:59:00+00:00,LOCO_01,locomotive,retrofit,track_19,
9907.0,2025-12-07T21:07:00+00:00,LOCO_01,locomotive,WS_01,retrofit,
9907.0,2025-12-07T21:07:00+00:00,W5612,wagon,retrofit,,retrofit|WS_01
9907.0,2025-12-07T21:07:00+00:00,W0928,wagon,retrofit,,retrofit|WS_01
9908.5,2025-12-07T21:08:30+00:00,LOCO_02,locomotive,track_19,retrofit,
9912.0,2025-12-07T21:12:00+00:00,W5612,wagon,WS_01,,
9912.0,2025-12-07T21:12:00+00:00,W0928,wagon,WS_01,,
9915.5,2025-12-07T21:15:30+00:00,LOCO_02,locomotive,retrofit,track_19,
9918.0,2025-12-07T21:18:00+00:00,W5612,wagon,WS_01,,
9918.0,2025-12-07T21:18:00+00:00,W0928,wagon,WS_01,,
9918.0,2025-12-07T21:18:00+00:00,LOCO_01,locomotive,track_19,WS_01,
9923.0,2025-12-07T21:23:00+00:00,LOCO_01,locomotive,retrofitted,track_19,
9923.5,2025-12-07T21:23:30+00:00,LOCO_02,locomotive,WS_02,retrofit,
9923.5,2025-12-07T21:23:30+00:00,W12177,wagon,retrofit,,retrofit|WS_02
9923.5,2025-12-07T21:23:30+00:00,W8952,wagon,retrofit,,retrofit|WS_02
9928.5,2025-12-07T21:28:30+00:00,W12177,wagon,WS_02,,
9928.5,2025-12-07T21:28:30+00:00,W8952,wagon,WS_02,,
9930.0,2025-12-07T21:30:00+00:00,LOCO_01,locomotive,parking3,retrofitted,
9934.5,2025-12-07T21:34:30+00:00,W12177,wagon,WS_02,,
9934.5,2025-12-07T21:34:30+00:00,W8952,wagon,WS_02,,
9934.5,2025-12-07T21:34:30+00:00,LOCO_02,locomotive,track_19,WS_02,
9936.5,2025-12-07T21:36:30+00:00,W9081,wagon,parking3,,
9936.5,2025-12-07T21:36:30+00:00,W12074,wagon,parking3,,
9936.5,2025-12-07T21:36:30+00:00,LOCO_01,locomotive,track_19,parking3,
9978.5,2025-12-07T22:18:30+00:00,LOCO_02,locomotive,WS_01,track_19,
9985.5,2025-12-07T22:25:30+00:00,LOCO_02,locomotive,retrofitted,WS_01,
9985.5,2025-12-07T22:25:30+00:00,W5612,wagon,WS_01,,WS_01|retrofitted
9985.5,2025-12-07T22:25:30+00:00,W0928,wagon,WS_01,,WS_01|retrofitted
9988.5,2025-12-07T22:28:30+00:00,LOCO_01,locomotive,retrofitted,track_19,
9990.5,2025-12-07T22:30:30+00:00,W5612,wagon,retrofitted,,
9990.5,2025-12-07T22:30:30+00:00,W0928,wagon,retrofitted,,
9990.5,2025-12-07T22:30:30+00:00,LOCO_02,locomotive,track_19,retrofitted,
9995.5,2025-12-07T22:35:30+00:00,LOCO_02,locomotive,WS_02,track_19,
9996.5,2025-12-07T22:36:30+00:00,LOCO_01,locomotive,parking14,retrofitted,
10002.5,2025-12-07T22:42:30+00:00,LOCO_02,locomotive,retrofitted,WS_02,
10002.5,2025-12-07T22:42:30+00:00,W12177,wagon,WS_02,,WS_02|retrofitted
10002.5,2025-12-07T22:42:30+00:00,W8952,wagon,WS_02,,WS_02|retrofitted
10007.5,2025-12-07T22:47:30+00:00,W12177,wagon,retrofitted,,
10007.5,2025-12-07T22:47:30+00:00,W8952,wagon,retrofitted,,
10007.5,2025-12-07T22:47:30+00:00,LOCO_02,locomotive,track_19,retrofitted,
10014.5,2025-12-07T22:54:30+00:00,LOCO_02,locomotive,retrofit,track_19,
10022.5,2025-12-07T23:02:30+00:00,LOCO_02,locomotive,WS_01,retrofit,
10022.5,2025-12-07T23:02:30+00:00,W8676,wagon,retrofit,,retrofit|WS_01
10022.5,2025-12-07T23:02:30+00:00,W0888,wagon,retrofit,,retrofit|WS_01
10027.5,2025-12-07T23:07:30+00:00,W8676,wagon,WS_01,,
10027.5,2025-12-07T23:07:30+00:00,W0888,wagon,WS_01,,
10033.5,2025-12-07T23:13:30+00:00,W8676,wagon,WS_01,,
10033.5,2025-12-07T23:13:30+00:00,W0888,wagon,WS_01,,
10033.5,2025-12-07T23:13:30+00:00,LOCO_02,locomotive,track_19,WS_01,
10040.5,2025-12-07T23:20:30+00:00,LOCO_02,locomotive,retrofit,track_19,
10041.5,2025-12-07T23:21:30+00:00,W2846,wagon,collection1,,
10041.5,2025-12-07T23:21:30+00:00,W5760,wagon,collection1,,
10041.5,2025-12-07T23:21:30+00:00,W6421,wagon,collection1,,
10041.5,2025-12-07T23:21:30+00:00,W4802,wagon,collection1,,
10048.5,2025-12-07T23:28:30+00:00,LOCO_02,locomotive,WS_02,retrofit,
10048.5,2025-12-07T23:28:30+00:00,W12186,wagon,retrofit,,retrofit|WS_02
10048.5,2025-12-07T23:28:30+00:00,W0128,wagon,retrofit,,retrofit|WS_02
10053.5,2025-12-07T23:33:30+00:00,W12186,wagon,WS_02,,
10053.5,2025-12-07T23:33:30+00:00,W0128,wagon,WS_02,,
10059.5,2025-12-07T23:39:30+00:00,W12186,wagon,WS_02,,
10059.5,2025-12-07T23:39:30+00:00,W0128,wagon,WS_02,,
10059.5,2025-12-07T23:39:30+00:00,LOCO_02,locomotive,track_19,WS_02,
10064.5,2025-12-07T23:44:30+00:00,LOCO_02,locomotive,collection2,track_19,
10065.5,2025-12-07T23:45:30+00:00,W8616,wagon,collection1,,
10073.25,2025-12-07T23:53:15+00:00,W10100,wagon,collection1,,
10075.0,2025-12-07T23:55:00+00:00,W8990,wagon,parking14,,
10075.0,2025-12-07T23:55:00+00:00,W0367,wagon,parking14,,
10075.0,2025-12-07T23:55:00+00:00,W0411,wagon,parking14,,
10075.0,2025-12-07T23:55:00+00:00,W4457,wagon,parking14,,
10075.0,2025-12-07T23:55:00+00:00,LOCO_01,locomotive,track_19,parking14,
10131.5,2025-12-08T00:51:30+00:00,LOCO_02,locomotive,retrofit,collection2,
10131.5,2025-12-08T00:51:30+00:00,W4337,wagon,collection2,,collection2|Mainline|retrofit
10131.5,2025-12-08T00:51:30+00:00,W2166,wagon,collection2,,collection2|Mainline|retrofit
10131.5,2025-12-08T00:51:30+00:00,W11847,wagon,collection2,,collection2|Mainline|retrofit
10135.0,2025-12-08T00:55:00+00:00,LOCO_01,locomotive,WS_01,track_19,
10142.0,2025-12-08T01:02:00+00:00,LOCO_01,locomotive,retrofitted,WS_01,
10142.0,2025-12-08T01:02:00+00:00,W8676,wagon,WS_01,,WS_01|retrofitted
10142.0,2025-12-08T01:02:00+00:00,W0888,wagon,WS_01,,WS_01|retrofitted
10147.0,2025-12-08T01:07:00+00:00,W8676,wagon,retrofitted,,
10147.0,2025-12-08T01:07:00+00:00,W0888,wagon,retrofitted,,
10147.0,2025-12-08T01:07:00+00:00,LOCO_01,locomotive,track_19,retrofitted,
10152.0,2025-12-08T01:12:00+00:00,LOCO_01,locomotive,WS_02,track_19,
10159.0,2025-12-08T01:19:00+00:00,LOCO_01,locomotive,retrofitted,WS_02,
10159.0,2025-12-08T01:19:00+00:00,W12186,wagon,WS_02,,WS_02|retrofitted
10159.0,2025-12-08T01:19:00+00:00,W0128,wagon,WS_02,,WS_02|retrofitted
10164.0,2025-12-08T01:24:00+00:00,W12186,wagon,retrofitted,,
10164.0,2025-12-08T01:24:00+00:00,W0128,wagon,retrofitted,,
10164.0,2025-12-08T01:24:00+00:00,LOCO_01,locomotive,track_19,retrofitted,
10171.0,2025-12-08T01:31:00+00:00,LOCO_01,locomotive,retrofit,track_19,
10179.0,2025-12-08T01:39:00+00:00,LOCO_01,locomotive,WS_01,retrofit,
10179.0,2025-12-08T01:39:00+00:00,W7755,wagon,retrofit,,retrofit|WS_01
10179.0,2025-12-08T01:39:00+00:00,W9951,wagon,retrofit,,retrofit|WS_01
10184.0,2025-12-08T01:44:00+00:00,W7755,wagon,WS_01,,
10184.0,2025-12-08T01:44:00+00:00,W9951,wagon,WS_01,,
10190.0,2025-12-08T01:50:00+00:00,W7755,wagon,WS_01,,
10190.0,2025-12-08T01:50:00+00:00,W9951,wagon,WS_01,,
10190.0,2025-12-08T01:50:00+00:00,LOCO_01,locomotive,track_19,WS_01,
10191.5,2025-12-08T01:51:30+00:00,W4337,wagon,retrofit,,
10191.5,2025-12-08T01:51:30+00:00,W2166,wagon,retrofit,,
10191.5,2025-12-08T01:51:30+00:00,W11847,wagon,retrofit,,
10197.0,2025-12-08T01:57:00+00:00,LOCO_01,locomotive,retrofit,track_19,
10205.0,2025-12-08T02:05:00+00:00,LOCO_01,locomotive,WS_02,retrofit,
10205.0,2025-12-08T02:05:00+00:00,W4605,wagon,retrofit,,retrofit|WS_02
10205.0,2025-12-08T02:05:00+00:00,W10772,wagon,retrofit,,retrofit|WS_02
10206.5,2025-12-08T02:06:30+00:00,LOCO_02,locomotive,track_19,retrofit,
10210.0,2025-12-08T02:10:00+00:00,W4605,wagon,WS_02,,
10210.0,2025-12-08T02:10:00+00:00,W10772,wagon,WS_02,,
10211.5,2025-12-08T02:11:30+00:00,LOCO_02,locomotive,collection1,track_19,
10216.0,2025-12-08T02:16:00+00:00,W4605,wagon,WS_02,,
10216.0,2025-12-08T02:16:00+00:00,W10772,wagon,WS_02,,
10216.0,2025-12-08T02:16:00+00:00,LOCO_01,locomotive,track_19,WS_02,
10221.0,2025-12-08T02:21:00+00:00,LOCO_01,locomotive,retrofitted,track_19,
10227.75,2025-12-08T02:27:45+00:00,W2736,wagon,collection2,,
10227.75,2025-12-08T02:27:45+00:00,W10873,wagon,collection2,,
10227.75,2025-12-08T02:27:45+00:00,W9427,wagon,collection2,,
10229.0,2025-12-08T02:29:00+00:00,LOCO_01,locomotive,parking9,retrofitted,
10237.5,2025-12-08T02:37:30+00:00,W5612,wagon,parking9,,
10237.5,2025-12-08T02:37:30+00:00,W0928,wagon,parking9,,
10237.5,2025-12-08T02:37:30+00:00,W12177,wagon,parking9,,
10237.5,2025-12-08T02:37:30+00:00,W8952,wagon,parking9,,
10237.5,2025-12-08T02:37:30+00:00,LOCO_01,locomotive,track_19,parking9,
10250.5,2025-12-08T02:50:30+00:00,LOCO_01,locomotive,WS_01,track_19,
10253.0,2025-12-08T02:53:00+00:00,W0234,wagon,collection2,,
10253.0,2025-12-08T02:53:00+00:00,W12229,wagon,collection2,,
10253.0,2025-12-08T02:53:00+00:00,W6323,wagon,collection2,,
10257.5,2025-12-08T02:57:30+00:00,LOCO_01,locomotive,retrofitted,WS_01,
10257.5,2025-12-08T02:57:30+00:00,W7755,wagon,WS_01,,WS_01|retrofitted
10257.5,2025-12-08T02:57:30+00:00,W9951,wagon,WS_01,,WS_01|retrofitted
10262.5,2025-12-08T03:02:30+00:00,W7755,wagon,retrofitted,,
10262.5,2025-12-08T03:02:30+00:00,W9951,wagon,retrofitted,,
10262.5,2025-12-08T03:02:30+00:00,LOCO_01,locomotive,track_19,retrofitted,
10267.5,2025-12-08T03:07:30+00:00,LOCO_01,locomotive,retrofitted,track_19,
10275.5,2025-12-08T03:15:30+00:00,LOCO_01,locomotive,parking5,retrofitted,
10284.0,2025-12-08T03:24:00+00:00,W8676,wagon,parking5,,
10284.0,2025-12-08T03:24:00+00:00,W0888,wagon,parking5,,
10284.0,2025-12-08T03:24:00+00:00,W12186,wagon,parking5,,
10284.0,2025-12-08T03:24:00+00:00,W0128,wagon,parking5,,
10284.0,2025-12-08T03:24:00+00:00,LOCO_01,locomotive,track_19,parking5,
10284.5,2025-12-08T03:24:30+00:00,LOCO_02,locomotive,retrofit,collection1,
10284.5,2025-12-08T03:24:30+00:00,W5316,wagon,collection1,,collection1|Mainline|retrofit
10284.5,2025-12-08T03:24:30+00:00,W9043,wagon,collection1,,collection1|Mainline|retrofit
10284.5,2025-12-08T03:24:30+00:00,W2149,wagon,collection1,,collection1|Mainline|retrofit
10284.5,2025-12-08T03:24:30+00:00,W5380,wagon,collection1,,collection1|Mainline|retrofit
10284.5,2025-12-08T03:24:30+00:00,W0875,wagon,collection1,,collection1|Mainline|retrofit
10284.5,2025-12-08T03:24:30+00:00,W5989,wagon,collection1,,collection1|Mainline|retrofit
10289.0,2025-12-08T03:29:00+00:00,LOCO_01,locomotive,WS_02,track_19,
10296.0,2025-12-08T03:36:00+00:00,LOCO_01,locomotive,retrofitted,WS_02,
10296.0,2025-12-08T03:36:00+00:00,W4605,wagon,WS_02,,WS_02|retrofitted
10296.0,2025-12-08T03:36:00+00:00,W10772,wagon,WS_02,,WS_02|retrofitted
10301.0,2025-12-08T03:41:00+00:00,W4605,wagon,retrofitted,,
10301.0,2025-12-08T03:41:00+00:00,W10772,wagon,retrofitted,,
10301.0,2025-12-08T03:41:00+00:00,LOCO_01,locomotive,track_19,retrofitted,
10308.0,2025-12-08T03:48:00+00:00,LOCO_01,locomotive,retrofit,track_19,
10316.0,2025-12-08T03:56:00+00:00,LOCO_01,locomotive,WS_01,retrofit,
10316.0,2025-12-08T03:56:00+00:00,W4337,wagon,retrofit,,retrofit|WS_01
10316.0,2025-12-08T03:56:00+00:00,W2166,wagon,retrofit,,retrofit|WS_01
10321.0,2025-12-08T04:01:00+00:00,W4337,wagon,WS_01,,
10321.0,2025-12-08T04:01:00+00:00,W2166,wagon,WS_01,,
10327.0,2025-12-08T04:07:00+00:00,W4337,wagon,WS_01,,
10327.0,2025-12-08T04:07:00+00:00,W2166,wagon,WS_01,,
10327.0,2025-12-08T04:07:00+00:00,LOCO_01,locomotive,track_19,WS_01,
10332.0,2025-12-08T04:12:00+00:00,LOCO_01,locomotive,retrofit,track_19,
10340.0,2025-12-08T04:20:00+00:00,LOCO_01,locomotive,WS_02,retrofit,
10340.0,2025-12-08T04:20:00+00:00,W11847,wagon,retrofit,,retrofit|WS_02
10344.5,2025-12-08T04:24:30+00:00,W5316,wagon,retrofit,,
10344.5,2025-12-08T04:24:30+00:00,W9043,wagon,retrofit,,
10344.5,2025-12-08T04:24:30+00:00,W2149,wagon,retrofit,,
10344.5,2025-12-08T04:24:30+00:00,W5380,wagon,retrofit,,
10344.5,2025-12-08T04:24:30+00:00,W0875,wagon,retrofit,,
10344.5,2025-12-08T04:24:30+00:00,W5989,wagon,retrofit,,
10345.0,2025-12-08T04:25:00+00:00,W11847,wagon,WS_02,,
10348.0,2025-12-08T04:28:00+00:00,W11847,wagon,WS_02,,
10348.0,2025-12-08T04:28:00+00:00,LOCO_01,locomotive,track_19,WS_02,
10353.0,2025-12-08T04:33:00+00:00,LOCO_01,locomotive,collection2,track_19,
10377.5,2025-12-08T04:57:30+00:00,LOCO_02,locomotive,track_19,retrofit,
10382.5,2025-12-08T05:02:30+00:00,LOCO_02,locomotive,retrofitted,track_19,
10389.5,2025-12-08T05:09:30+00:00,LOCO_02,locomotive,parking7,retrofitted,
10396.0,2025-12-08T05:16:00+00:00,W7755,wagon,parking7,,
10396.0,2025-12-08T05:16:00+00:00,W9951,wagon,parking7,,
10396.0,2025-12-08T05:16:00+00:00,LOCO_02,locomotive,track_19,parking7,
10401.0,2025-12-08T05:21:00+00:00,LOCO_02,locomotive,WS_01,track_19,
10408.0,2025-12-08T05:28:00+00:00,LOCO_02,locomotive,retrofitted,WS_01,
10408.0,2025-12-08T05:28:00+00:00,W4337,wagon,WS_01,,WS_01|retrofitted
10408.0,2025-12-08T05:28:00+00:00,W2166,wagon,WS_01,,WS_01|retrofitted
10413.0,2025-12-08T05:33:00+00:00,W4337,wagon,retrofitted,,
10413.0,2025-12-08T05:33:00+00:00,W2166,wagon,retrofitted,,
10413.0,2025-12-08T05:33:00+00:00,LOCO_02,locomotive,track_19,retrofitted,
10418.0,2025-12-08T05:38:00+00:00,LOCO_02,locomotive,WS_02,track_19,
10420.25,2025-12-08T05:40:15+00:00,W2910,wagon,collection1,,
10420.25,2025-12-08T05:40:15+00:00,W0681,wagon,collection1,,
10420.25,2025-12-08T05:40:15+00:00,W8552,wagon,collection2,,
10423.5,2025-12-08T05:43:30+00:00,W12221,wagon,collection2,,
10423.5,2025-12-08T05:43:30+00:00,W0237,wagon,collection1,,
10424.5,2025-12-08T05:44:30+00:00,LOCO_02,locomotive,retrofitted,WS_02,
10424.5,2025-12-08T05:44:30+00:00,W11847,wagon,WS_02,,WS_02|retrofitted
10429.5,2025-12-08T05:49:30+00:00,W11847,wagon,retrofitted,,
10429.5,2025-12-08T05:49:30+00:00,LOCO_02,locomotive,track_19,retrofitted,
10434.0,2025-12-08T05:54:00+00:00,LOCO_01,locomotive,retrofit,collection2,
10434.0,2025-12-08T05:54:00+00:00,W11884,wagon,collection2,,collection2|Mainline|retrofit
10434.0,2025-12-08T05:54:00+00:00,W2135,wagon,collection2,,collection2|Mainline|retrofit
10434.0,2025-12-08T05:54:00+00:00,W9420,wagon,collection2,,collection2|Mainline|retrofit
10434.0,2025-12-08T05:54:00+00:00,W9744,wagon,collection2,,collection2|Mainline|retrofit
10434.0,2025-12-08T05:54:00+00:00,W10936,wagon,collection2,,collection2|Mainline|retrofit
10434.0,2025-12-08T05:54:00+00:00,W10993,wagon,collection2,,collection2|Mainline|retrofit
10434.0,2025-12-08T05:54:00+00:00,W11050,wagon,collection2,,collection2|Mainline|retrofit
10434.0,2025-12-08T05:54:00+00:00,W0475,wagon,collection2,,collection2|Mainline|retrofit
10434.0,2025-12-08T05:54:00+00:00,W0827,wagon,collection2,,collection2|Mainline|retrofit
10434.0,2025-12-08T05:54:00+00:00,W8714,wagon,collection2,,collection2|Mainline|retrofit
10436.5,2025-12-08T05:56:30+00:00,LOCO_02,locomotive,retrofit,track_19,
10444.5,2025-12-08T06:04:30+00:00,LOCO_02,locomotive,WS_01,retrofit,
10444.5,2025-12-08T06:04:30+00:00,W5316,wagon,retrofit,,retrofit|WS_01
10444.5,2025-12-08T06:04:30+00:00,W9043,wagon,retrofit,,retrofit|WS_01
10449.5,2025-12-08T06:09:30+00:00,W5316,wagon,WS_01,,
10449.5,2025-12-08T06:09:30+00:00,W9043,wagon,WS_01,,
10455.5,2025-12-08T06:15:30+00:00,W5316,wagon,WS_01,,
10455.5,2025-12-08T06:15:30+00:00,W9043,wagon,WS_01,,
10455.5,2025-12-08T06:15:30+00:00,LOCO_02,locomotive,track_19,WS_01,
10462.5,2025-12-08T06:22:30+00:00,LOCO_02,locomotive,retrofit,track_19,
10470.5,2025-12-08T06:30:30+00:00,LOCO_02,locomotive,WS_02,retrofit,
10470.5,2025-12-08T06:30:30+00:00,W2149,wagon,retrofit,,retrofit|WS_02
10470.5,2025-12-08T06:30:30+00:00,W5380,wagon,retrofit,,retrofit|WS_02
10475.5,2025-12-08T06:35:30+00:00,W2149,wagon,WS_02,,
10475.5,2025-12-08T06:35:30+00:00,W5380,wagon,WS_02,,
10481.5,2025-12-08T06:41:30+00:00,W2149,wagon,WS_02,,
10481.5,2025-12-08T06:41:30+00:00,W5380,wagon,WS_02,,
10481.5,2025-12-08T06:41:30+00:00,LOCO_02,locomotive,track_19,WS_02,
10486.5,2025-12-08T06:46:30+00:00,LOCO_02,locomotive,collection1,track_19,
10494.0,2025-12-08T06:54:00+00:00,W11884,wagon,retrofit,,
10494.0,2025-12-08T06:54:00+00:00,W2135,wagon,retrofit,,
10494.0,2025-12-08T06:54:00+00:00,W9420,wagon,retrofit,,
10494.0,2025-12-08T06:54:00+00:00,W9744,wagon,retrofit,,
10494.0,2025-12-08T06:54:00+00:00,W10936,wagon,retrofit,,
10494.0,2025-12-08T06:54:00+00:00,W10993,wagon,retrofit,,
10494.0,2025-12-08T06:54:00+00:00,W11050,wagon,retrofit,,
10494.0,2025-12-08T06:54:00+00:00,W0475,wagon,retrofit,,
10494.0,2025-12-08T06:54:00+00:00,W0827,wagon,retrofit,,
10494.0,2025-12-08T06:54:00+00:00,W8714,wagon,retrofit,,
10551.0,2025-12-08T07:51:00+00:00,LOCO_01,locomotive,track_19,retrofit,
10553.5,2025-12-08T07:53:30+00:00,LOCO_02,locomotive,retrofit,collection1,
10553.5,2025-12-08T07:53:30+00:00,W5415,wagon,collection1,,collection1|Mainline|retrofit
10553.5,2025-12-08T07:53:30+00:00,W12031,wagon,collection1,,collection1|Mainline|retrofit
10553.5,2025-12-08T07:53:30+00:00,W10441,wagon,collection1,,collection1|Mainline|retrofit
10556.0,2025-12-08T07:56:00+00:00,LOCO_01,locomotive,WS_01,track_19,
10563.0,2025-12-08T08:03:00+00:00,LOCO_01,locomotive,retrofitted,WS_01,
10563.0,2025-12-08T08:03:00+00:00,W5316,wagon,WS_01,,WS_01|retrofitted
10563.0,2025-12-08T08:03:00+00:00,W9043,wagon,WS_01,,WS_01|retrofitted
10568.0,2025-12-08T08:08:00+00:00,W5316,wagon,retrofitted,,
10568.0,2025-12-08T08:08:00+00:00,W9043,wagon,retrofitted,,
10568.0,2025-12-08T08:08:00+00:00,LOCO_01,locomotive,track_19,retrofitted,
10573.0,2025-12-08T08:13:00+00:00,LOCO_01,locomotive,WS_02,track_19,
10580.0,2025-12-08T08:20:00+00:00,LOCO_01,locomotive,retrofitted,WS_02,
10580.0,2025-12-08T08:20:00+00:00,W2149,wagon,WS_02,,WS_02|retrofitted
10580.0,2025-12-08T08:20:00+00:00,W5380,wagon,WS_02,,WS_02|retrofitted
10585.0,2025-12-08T08:25:00+00:00,W2149,wagon,retrofitted,,
10585.0,2025-12-08T08:25:00+00:00,W5380,wagon,retrofitted,,
10585.0,2025-12-08T08:25:00+00:00,LOCO_01,locomotive,track_19,retrofitted,
10592.0,2025-12-08T08:32:00+00:00,LOCO_01,locomotive,retrofit,track_19,
10593.5,2025-12-08T08:33:30+00:00,W5173,wagon,collection2,,
10593.5,2025-12-08T08:33:30+00:00,W4380,wagon,collection2,,
10593.5,2025-12-08T08:33:30+00:00,W5872,wagon,collection2,,
10593.5,2025-12-08T08:33:30+00:00,W0093,wagon,collection2,,
10600.0,2025-12-08T08:40:00+00:00,LOCO_01,locomotive,WS_01,retrofit,
10600.0,2025-12-08T08:40:00+00:00,W0875,wagon,retrofit,,retrofit|WS_01
10600.0,2025-12-08T08:40:00+00:00,W5989,wagon,retrofit,,retrofit|WS_01
10605.0,2025-12-08T08:45:00+00:00,W0875,wagon,WS_01,,
10605.0,2025-12-08T08:45:00+00:00,W5989,wagon,WS_01,,
10611.0,2025-12-08T08:51:00+00:00,W0875,wagon,WS_01,,
10611.0,2025-12-08T08:51:00+00:00,W5989,wagon,WS_01,,
10611.0,2025-12-08T08:51:00+00:00,LOCO_01,locomotive,track_19,WS_01,
10613.5,2025-12-08T08:53:30+00:00,W5415,wagon,retrofit,,
10613.5,2025-12-08T08:53:30+00:00,W12031,wagon,retrofit,,
10613.5,2025-12-08T08:53:30+00:00,W10441,wagon,retrofit,,
10618.0,2025-12-08T08:58:00+00:00,LOCO_01,locomotive,retrofit,track_19,
10626.0,2025-12-08T09:06:00+00:00,LOCO_01,locomotive,WS_02,retrofit,
10626.0,2025-12-08T09:06:00+00:00,W11884,wagon,retrofit,,retrofit|WS_02
10626.0,2025-12-08T09:06:00+00:00,W2135,wagon,retrofit,,retrofit|WS_02
10628.5,2025-12-08T09:08:30+00:00,LOCO_02,locomotive,track_19,retrofit,
10631.0,2025-12-08T09:11:00+00:00,W11884,wagon,WS_02,,
10631.0,2025-12-08T09:11:00+00:00,W2135,wagon,WS_02,,
10633.5,2025-12-08T09:13:30+00:00,LOCO_02,locomotive,retrofitted,track_19,
10637.0,2025-12-08T09:17:00+00:00,W11884,wagon,WS_02,,
10637.0,2025-12-08T09:17:00+00:00,W2135,wagon,WS_02,,
10637.0,2025-12-08T09:17:00+00:00,LOCO_01,locomotive,track_19,WS_02,
10640.5,2025-12-08T09:20:30+00:00,LOCO_02,locomotive,parking10,retrofitted,
10671.5,2025-12-08T09:51:30+00:00,LOCO_01,locomotive,WS_01,track_19,
10678.5,2025-12-08T09:58:30+00:00,LOCO_01,locomotive,retrofitted,WS_01,
10678.5,2025-12-08T09:58:30+00:00,W0875,wagon,WS_01,,WS_01|retrofitted
10678.5,2025-12-08T09:58:30+00:00,W5989,wagon,WS_01,,WS_01|retrofitted
10683.5,2025-12-08T10:03:30+00:00,W0875,wagon,retrofitted,,
10683.5,2025-12-08T10:03:30+00:00,W5989,wagon,retrofitted,,
10683.5,2025-12-08T10:03:30+00:00,LOCO_01,locomotive,track_19,retrofitted,
10690.5,2025-12-08T10:10:30+00:00,LOCO_01,locomotive,retrofit,track_19,
10698.5,2025-12-08T10:18:30+00:00,LOCO_01,locomotive,WS_01,retrofit,
10698.5,2025-12-08T10:18:30+00:00,W9420,wagon,retrofit,,retrofit|WS_01
10698.5,2025-12-08T10:18:30+00:00,W9744,wagon,retrofit,,retrofit|WS_01
10702.0,2025-12-08T10:22:00+00:00,W4605,wagon,parking10,,
10702.0,2025-12-08T10:22:00+00:00,W10772,wagon,parking10,,
10702.0,2025-12-08T10:22:00+00:00,LOCO_02,locomotive,track_19,parking10,
10703.5,2025-12-08T10:23:30+00:00,W9420,wagon,WS_01,,
10703.5,2025-12-08T10:23:30+00:00,W9744,wagon,WS_01,,
10709.5,2025-12-08T10:29:30+00:00,W9420,wagon,WS_01,,
10709.5,2025-12-08T10:29:30+00:00,W9744,wagon,WS_01,,
10709.5,2025-12-08T10:29:30+00:00,LOCO_01,locomotive,track_19,WS_01,
10714.5,2025-12-08T10:34:30+00:00,LOCO_01,locomotive,WS_02,track_19,
10721.5,2025-12-08T10:41:30+00:00,LOCO_01,locomotive,retrofitted,WS_02,
10721.5,2025-12-08T10:41:30+00:00,W11884,wagon,WS_02,,WS_02|retrofitted
10721.5,2025-12-08T10:41:30+00:00,W2135,wagon,WS_02,,WS_02|retrofitted
10726.5,2025-12-08T10:46:30+00:00,W11884,wagon,retrofitted,,
10726.5,2025-12-08T10:46:30+00:00,W2135,wagon,retrofitted,,
10726.5,2025-12-08T10:46:30+00:00,LOCO_01,locomotive,track_19,retrofitted,
10731.5,2025-12-08T10:51:30+00:00,LOCO_01,locomotive,collection2,track_19,
10764.0,2025-12-08T11:24:00+00:00,LOCO_02,locomotive,retrofit,track_19,
10772.0,2025-12-08T11:32:00+00:00,LOCO_02,locomotive,WS_02,retrofit,
10772.0,2025-12-08T11:32:00+00:00,W10936,wagon,retrofit,,retrofit|WS_02
10772.0,2025-12-08T11:32:00+00:00,W10993,wagon,retrofit,,retrofit|WS_02
10777.0,2025-12-08T11:37:00+00:00,W10936,wagon,WS_02,,
10777.0,2025-12-08T11:37:00+00:00,W10993,wagon,WS_02,,
10783.0,2025-12-08T11:43:00+00:00,W10936,wagon,WS_02,,
10783.0,2025-12-08T11:43:00+00:00,W10993,wagon,WS_02,,
10783.0,2025-12-08T11:43:00+00:00,LOCO_02,locomotive,track_19,WS_02,
10788.0,2025-12-08T11:48:00+00:00,LOCO_02,locomotive,WS_01,track_19,
10793.25,2025-12-08T11:53:15+00:00,W12116,wagon,collection1,,
10793.25,2025-12-08T11:53:15+00:00,W0698,wagon,collection1,,
10795.0,2025-12-08T11:55:00+00:00,LOCO_02,locomotive,retrofitted,WS_01,
10795.0,2025-12-08T11:55:00+00:00,W9420,wagon,WS_01,,WS_01|retrofitted
10795.0,2025-12-08T11:55:00+00:00,W9744,wagon,WS_01,,WS_01|retrofitted
10796.75,2025-12-08T11:56:45+00:00,W0839,wagon,collection1,,
10798.5,2025-12-08T11:58:30+00:00,LOCO_01,locomotive,retrofit,collection2,
10798.5,2025-12-08T11:58:30+00:00,W7877,wagon,collection2,,collection2|Mainline|retrofit
10798.5,2025-12-08T11:58:30+00:00,W5280,wagon,collection2,,collection2|Mainline|retrofit
10798.5,2025-12-08T11:58:30+00:00,W7897,wagon,collection2,,collection2|Mainline|retrofit
10800.0,2025-12-08T12:00:00+00:00,W9420,wagon,retrofitted,,
10800.0,2025-12-08T12:00:00+00:00,W9744,wagon,retrofitted,,
10800.0,2025-12-08T12:00:00+00:00,LOCO_02,locomotive,track_19,retrofitted,
10805.0,2025-12-08T12:05:00+00:00,LOCO_02,locomotive,collection1,track_19,
10858.5,2025-12-08T12:58:30+00:00,W7877,wagon,retrofit,,
10858.5,2025-12-08T12:58:30+00:00,W5280,wagon,retrofit,,
10858.5,2025-12-08T12:58:30+00:00,W7897,wagon,retrofit,,
10872.0,2025-12-08T13:12:00+00:00,LOCO_02,locomotive,retrofit,collection1,
10872.0,2025-12-08T13:12:00+00:00,W10435,wagon,collection1,,collection1|Mainline|retrofit
10872.0,2025-12-08T13:12:00+00:00,W1122,wagon,collection1,,collection1|Mainline|retrofit
10872.0,2025-12-08T13:12:00+00:00,W1120,wagon,collection1,,collection1|Mainline|retrofit
10873.5,2025-12-08T13:13:30+00:00,LOCO_01,locomotive,track_19,retrofit,
10878.5,2025-12-08T13:18:30+00:00,LOCO_01,locomotive,WS_02,track_19,
10885.5,2025-12-08T13:25:30+00:00,LOCO_01,locomotive,retrofitted,WS_02,
10885.5,2025-12-08T13:25:30+00:00,W10936,wagon,WS_02,,WS_02|retrofitted
10885.5,2025-12-08T13:25:30+00:00,W10993,wagon,WS_02,,WS_02|retrofitted
10890.5,2025-12-08T13:30:30+00:00,W10936,wagon,retrofitted,,
10890.5,2025-12-08T13:30:30+00:00,W10993,wagon,retrofitted,,
10890.5,2025-12-08T13:30:30+00:00,LOCO_01,locomotive,track_19,retrofitted,
10895.5,2025-12-08T13:35:30+00:00,LOCO_01,locomotive,retrofitted,track_19,
10906.0,2025-12-08T13:46:00+00:00,LOCO_01,locomotive,parking8,retrofitted,
10919.5,2025-12-08T13:59:30+00:00,W4337,wagon,parking8,,
10919.5,2025-12-08T13:59:30+00:00,W2166,wagon,parking8,,
10919.5,2025-12-08T13:59:30+00:00,W11847,wagon,parking8,,
10919.5,2025-12-08T13:59:30+00:00,W5316,wagon,parking8,,
10919.5,2025-12-08T13:59:30+00:00,W9043,wagon,parking8,,
10919.5,2025-12-08T13:59:30+00:00,W2149,wagon,parking8,,
10919.5,2025-12-08T13:59:30+00:00,W5380,wagon,parking8,,
10919.5,2025-12-08T13:59:30+00:00,W0875,wagon,parking8,,
10919.5,2025-12-08T13:59:30+00:00,W5989,wagon,parking8,,
10919.5,2025-12-08T13:59:30+00:00,LOCO_01,locomotive,track_19,parking8,
10926.5,2025-12-08T14:06:30+00:00,LOCO_01,locomotive,retrofit,track_19,
10932.0,2025-12-08T14:12:00+00:00,W10435,wagon,retrofit,,
10932.0,2025-12-08T14:12:00+00:00,W1122,wagon,retrofit,,
10932.0,2025-12-08T14:12:00+00:00,W1120,wagon,retrofit,,
10934.5,2025-12-08T14:14:30+00:00,LOCO_01,locomotive,WS_01,retrofit,
10934.5,2025-12-08T14:14:30+00:00,W11050,wagon,retrofit,,retrofit|WS_01
10934.5,2025-12-08T14:14:30+00:00,W0475,wagon,retrofit,,retrofit|WS_01
10939.5,2025-12-08T14:19:30+00:00,W11050,wagon,WS_01,,
10939.5,2025-12-08T14:19:30+00:00,W0475,wagon,WS_01,,
10945.5,2025-12-08T14:25:30+00:00,W11050,wagon,WS_01,,
10945.5,2025-12-08T14:25:30+00:00,W0475,wagon,WS_01,,
10945.5,2025-12-08T14:25:30+00:00,LOCO_01,locomotive,track_19,WS_01,
10947.0,2025-12-08T14:27:00+00:00,LOCO_02,locomotive,track_19,retrofit,
10947.75,2025-12-08T14:27:45+00:00,W3413,wagon,collection2,,
10947.75,2025-12-08T14:27:45+00:00,W8479,wagon,collection2,,
10947.75,2025-12-08T14:27:45+00:00,W8637,wagon,collection2,,
10947.75,2025-12-08T14:27:45+00:00,W2324,wagon,collection2,,
10952.0,2025-12-08T14:32:00+00:00,LOCO_02,locomotive,collection2,track_19,
10952.5,2025-12-08T14:32:30+00:00,LOCO_01,locomotive,retrofit,track_19,
10960.5,2025-12-08T14:40:30+00:00,LOCO_01,locomotive,WS_02,retrofit,
10960.5,2025-12-08T14:40:30+00:00,W0827,wagon,retrofit,,retrofit|WS_02
10960.5,2025-12-08T14:40:30+00:00,W8714,wagon,retrofit,,retrofit|WS_02
10965.5,2025-12-08T14:45:30+00:00,W0827,wagon,WS_02,,
10965.5,2025-12-08T14:45:30+00:00,W8714,wagon,WS_02,,
10971.5,2025-12-08T14:51:30+00:00,W0827,wagon,WS_02,,
10971.5,2025-12-08T14:51:30+00:00,W8714,wagon,WS_02,,
10971.5,2025-12-08T14:51:30+00:00,LOCO_01,locomotive,track_19,WS_02,
10973.75,2025-12-08T14:53:45+00:00,W5611,wagon,collection1,,
10973.75,2025-12-08T14:53:45+00:00,W8094,wagon,collection1,,
10976.5,2025-12-08T14:56:30+00:00,LOCO_01,locomotive,retrofitted,track_19,
10985.5,2025-12-08T15:05:30+00:00,LOCO_01,locomotive,parking3,retrofitted,
10996.0,2025-12-08T15:16:00+00:00,W11884,wagon,parking3,,
10996.0,2025-12-08T15:16:00+00:00,W2135,wagon,parking3,,
10996.0,2025-12-08T15:16:00+00:00,W9420,wagon,parking3,,
10996.0,2025-12-08T15:16:00+00:00,W9744,wagon,parking3,,
10996.0,2025-12-08T15:16:00+00:00,W10936,wagon,parking3,,
10996.0,2025-12-08T15:16:00+00:00,W10993,wagon,parking3,,
10996.0,2025-12-08T15:16:00+00:00,LOCO_01,locomotive,track_19,parking3,
11006.0,2025-12-08T15:26:00+00:00,LOCO_01,locomotive,WS_01,track_19,
11013.0,2025-12-08T15:33:00+00:00,LOCO_01,locomotive,retrofitted,WS_01,
11013.0,2025-12-08T15:33:00+00:00,W11050,wagon,WS_01,,WS_01|retrofitted
11013.0,2025-12-08T15:33:00+00:00,W0475,wagon,WS_01,,WS_01|retrofitted
11018.0,2025-12-08T15:38:00+00:00,W11050,wagon,retrofitted,,
11018.0,2025-12-08T15:38:00+00:00,W0475,wagon,retrofitted,,
11018.0,2025-12-08T15:38:00+00:00,LOCO_01,locomotive,track_19,retrofitted,
11021.0,2025-12-08T15:41:00+00:00,LOCO_02,locomotive,retrofit,collection2,
11021.0,2025-12-08T15:41:00+00:00,W0962,wagon,collection2,,collection2|Mainline|retrofit
11021.0,2025-12-08T15:41:00+00:00,W9071,wagon,collection2,,collection2|Mainline|retrofit
11021.0,2025-12-08T15:41:00+00:00,W11516,wagon,collection2,,collection2|Mainline|retrofit
11021.0,2025-12-08T15:41:00+00:00,W5434,wagon,collection2,,collection2|Mainline|retrofit
11025.0,2025-12-08T15:45:00+00:00,LOCO_01,locomotive,retrofit,track_19,
11033.0,2025-12-08T15:53:00+00:00,LOCO_01,locomotive,WS_01,retrofit,
11033.0,2025-12-08T15:53:00+00:00,W5415,wagon,retrofit,,retrofit|WS_01
11033.0,2025-12-08T15:53:00+00:00,W12031,wagon,retrofit,,retrofit|WS_01
11038.0,2025-12-08T15:58:00+00:00,W5415,wagon,WS_01,,
11038.0,2025-12-08T15:58:00+00:00,W12031,wagon,WS_01,,
11044.0,2025-12-08T16:04:00+00:00,W5415,wagon,WS_01,,
11044.0,2025-12-08T16:04:00+00:00,W12031,wagon,WS_01,,
11044.0,2025-12-08T16:04:00+00:00,LOCO_01,locomotive,track_19,WS_01,
11049.0,2025-12-08T16:09:00+00:00,LOCO_01,locomotive,WS_02,track_19,
11056.0,2025-12-08T16:16:00+00:00,LOCO_01,locomotive,retrofitted,WS_02,
11056.0,2025-12-08T16:16:00+00:00,W0827,wagon,WS_02,,WS_02|retrofitted
11056.0,2025-12-08T16:16:00+00:00,W8714,wagon,WS_02,,WS_02|retrofitted
11061.0,2025-12-08T16:21:00+00:00,W0827,wagon,retrofitted,,
11061.0,2025-12-08T16:21:00+00:00,W8714,wagon,retrofitted,,
11061.0,2025-12-08T16:21:00+00:00,LOCO_01,locomotive,track_19,retrofitted,
11066.0,2025-12-08T16:26:00+00:00,LOCO_01,locomotive,retrofitted,track_19,
11073.0,2025-12-08T16:33:00+00:00,LOCO_01,locomotive,parking6,retrofitted,
11079.5,2025-12-08T16:39:30+00:00,W11050,wagon,parking6,,
11079.5,2025-12-08T16:39:30+00:00,W0475,wagon,parking6,,
11079.5,2025-12-08T16:39:30+00:00,LOCO_01,locomotive,track_19,parking6,
11081.0,2025-12-08T16:41:00+00:00,W0962,wagon,retrofit,,
11081.0,2025-12-08T16:41:00+00:00,W9071,wagon,retrofit,,
11081.0,2025-12-08T16:41:00+00:00,W11516,wagon,retrofit,,
11081.0,2025-12-08T16:41:00+00:00,W5434,wagon,retrofit,,
11086.5,2025-12-08T16:46:30+00:00,LOCO_01,locomotive,retrofit,track_19,
11094.5,2025-12-08T16:54:30+00:00,LOCO_01,locomotive,WS_02,retrofit,
11094.5,2025-12-08T16:54:30+00:00,W10441,wagon,retrofit,,retrofit|WS_02
11094.5,2025-12-08T16:54:30+00:00,W7877,wagon,retrofit,,retrofit|WS_02
11099.5,2025-12-08T16:59:30+00:00,W10441,wagon,WS_02,,
11099.5,2025-12-08T16:59:30+00:00,W7877,wagon,WS_02,,
11102.0,2025-12-08T17:02:00+00:00,LOCO_02,locomotive,track_19,retrofit,
11105.5,2025-12-08T17:05:30+00:00,W10441,wagon,WS_02,,
11105.5,2025-12-08T17:05:30+00:00,W7877,wagon,WS_02,,
11105.5,2025-12-08T17:05:30+00:00,LOCO_01,locomotive,track_19,WS_02,
11107.0,2025-12-08T17:07:00+00:00,LOCO_02,locomotive,WS_01,track_19,
11114.0,2025-12-08T17:14:00+00:00,LOCO_02,locomotive,retrofitted,WS_01,
11114.0,2025-12-08T17:14:00+00:00,W5415,wagon,WS_01,,WS_01|retrofitted
11114.0,2025-12-08T17:14:00+00:00,W12031,wagon,WS_01,,WS_01|retrofitted
11119.0,2025-12-08T17:19:00+00:00,W5415,wagon,retrofitted,,
11119.0,2025-12-08T17:19:00+00:00,W12031,wagon,retrofitted,,
11119.0,2025-12-08T17:19:00+00:00,LOCO_02,locomotive,track_19,retrofitted,
11124.0,2025-12-08T17:24:00+00:00,LOCO_02,locomotive,collection1,track_19,
11126.0,2025-12-08T17:26:00+00:00,LOCO_01,locomotive,retrofit,track_19,
11134.0,2025-12-08T17:34:00+00:00,LOCO_01,locomotive,WS_01,retrofit,
11134.0,2025-12-08T17:34:00+00:00,W5280,wagon,retrofit,,retrofit|WS_01
11134.0,2025-12-08T17:34:00+00:00,W7897,wagon,retrofit,,retrofit|WS_01
11139.0,2025-12-08T17:39:00+00:00,W5280,wagon,WS_01,,
11139.0,2025-12-08T17:39:00+00:00,W7897,wagon,WS_01,,
11145.0,2025-12-08T17:45:00+00:00,W5280,wagon,WS_01,,
11145.0,2025-12-08T17:45:00+00:00,W7897,wagon,WS_01,,
11145.0,2025-12-08T17:45:00+00:00,LOCO_01,locomotive,track_19,WS_01,
11150.0,2025-12-08T17:50:00+00:00,LOCO_01,locomotive,retrofitted,track_19,
11157.0,2025-12-08T17:57:00+00:00,LOCO_01,locomotive,parking15,retrofitted,
11189.0,2025-12-08T18:29:00+00:00,LOCO_02,locomotive,retrofit,collection1,
11189.0,2025-12-08T18:29:00+00:00,W11518,wagon,collection1,,collection1|Mainline|retrofit
11189.0,2025-12-08T18:29:00+00:00,W4506,wagon,collection1,,collection1|Mainline|retrofit
11231.5,2025-12-08T19:11:30+00:00,W5992,wagon,collection2,,
11231.5,2025-12-08T19:11:30+00:00,W9943,wagon,collection2,,
11231.5,2025-12-08T19:11:30+00:00,W9430,wagon,collection2,,
11231.5,2025-12-08T19:11:30+00:00,W7598,wagon,collection2,,
11231.5,2025-12-08T19:11:30+00:00,W8339,wagon,collection2,,
11231.5,2025-12-08T19:11:30+00:00,W0555,wagon,collection1,,
11233.5,2025-12-08T19:13:30+00:00,W0827,wagon,parking15,,
11233.5,2025-12-08T19:13:30+00:00,W8714,wagon,parking15,,
11233.5,2025-12-08T19:13:30+00:00,LOCO_01,locomotive,track_19,parking15,
11249.0,2025-12-08T19:29:00+00:00,W11518,wagon,retrofit,,
11249.0,2025-12-08T19:29:00+00:00,W4506,wagon,retrofit,,
11258.0,2025-12-08T19:38:00+00:00,LOCO_02,locomotive,track_19,retrofit,
11263.0,2025-12-08T19:43:00+00:00,LOCO_02,locomotive,WS_02,track_19,
11270.0,2025-12-08T19:50:00+00:00,LOCO_02,locomotive,retrofitted,WS_02,
11270.0,2025-12-08T19:50:00+00:00,W10441,wagon,WS_02,,WS_02|retrofitted
11270.0,2025-12-08T19:50:00+00:00,W7877,wagon,WS_02,,WS_02|retrofitted
11275.0,2025-12-08T19:55:00+00:00,W10441,wagon,retrofitted,,
11275.0,2025-12-08T19:55:00+00:00,W7877,wagon,retrofitted,,
11275.0,2025-12-08T19:55:00+00:00,LOCO_02,locomotive,track_19,retrofitted,
11280.0,2025-12-08T20:00:00+00:00,LOCO_02,locomotive,WS_01,track_19,
11287.0,2025-12-08T20:07:00+00:00,LOCO_02,locomotive,retrofitted,WS_01,
11287.0,2025-12-08T20:07:00+00:00,W5280,wagon,WS_01,,WS_01|retrofitted
11287.0,2025-12-08T20:07:00+00:00,W7897,wagon,WS_01,,WS_01|retrofitted
11292.0,2025-12-08T20:12:00+00:00,W5280,wagon,retrofitted,,
11292.0,2025-12-08T20:12:00+00:00,W7897,wagon,retrofitted,,
11292.0,2025-12-08T20:12:00+00:00,LOCO_02,locomotive,track_19,retrofitted,
11295.5,2025-12-08T20:15:30+00:00,LOCO_01,locomotive,retrofit,track_19,
11297.0,2025-12-08T20:17:00+00:00,LOCO_02,locomotive,retrofitted,track_19,
11303.5,2025-12-08T20:23:30+00:00,LOCO_01,locomotive,WS_02,retrofit,
11303.5,2025-12-08T20:23:30+00:00,W10435,wagon,retrofit,,retrofit|WS_02
11303.5,2025-12-08T20:23:30+00:00,W1122,wagon,retrofit,,retrofit|WS_02
11306.0,2025-12-08T20:26:00+00:00,LOCO_02,locomotive,parking16,retrofitted,
11308.5,2025-12-08T20:28:30+00:00,W10435,wagon,WS_02,,
11308.5,2025-12-08T20:28:30+00:00,W1122,wagon,WS_02,,
11314.5,2025-12-08T20:34:30+00:00,W10435,wagon,WS_02,,
11314.5,2025-12-08T20:34:30+00:00,W1122,wagon,WS_02,,
11314.5,2025-12-08T20:34:30+00:00,LOCO_01,locomotive,track_19,WS_02,
11321.5,2025-12-08T20:41:30+00:00,LOCO_01,locomotive,retrofit,track_19,
11329.5,2025-12-08T20:49:30+00:00,LOCO_01,locomotive,WS_01,retrofit,
11329.5,2025-12-08T20:49:30+00:00,W1120,wagon,retrofit,,retrofit|WS_01
11329.5,2025-12-08T20:49:30+00:00,W0962,wagon,retrofit,,retrofit|WS_01
11334.5,2025-12-08T20:54:30+00:00,W1120,wagon,WS_01,,
11334.5,2025-12-08T20:54:30+00:00,W0962,wagon,WS_01,,
11340.5,2025-12-08T21:00:30+00:00,W1120,wagon,WS_01,,
11340.5,2025-12-08T21:00:30+00:00,W0962,wagon,WS_01,,
11340.5,2025-12-08T21:00:30+00:00,LOCO_01,locomotive,track_19,WS_01,
11345.5,2025-12-08T21:05:30+00:00,LOCO_01,locomotive,collection2,track_19,
11412.5,2025-12-08T22:12:30+00:00,LOCO_01,locomotive,retrofit,collection2,
11412.5,2025-12-08T22:12:30+00:00,W2774,wagon,collection2,,collection2|Mainline|retrofit
11412.5,2025-12-08T22:12:30+00:00,W10233,wagon,collection2,,collection2|Mainline|retrofit
11412.5,2025-12-08T22:12:30+00:00,W2815,wagon,collection2,,collection2|Mainline|retrofit
11431.5,2025-12-08T22:31:30+00:00,W5415,wagon,parking16,,
11431.5,2025-12-08T22:31:30+00:00,W12031,wagon,parking16,,
11431.5,2025-12-08T22:31:30+00:00,W10441,wagon,parking16,,
11431.5,2025-12-08T22:31:30+00:00,W7877,wagon,parking16,,
11431.5,2025-12-08T22:31:30+00:00,W5280,wagon,parking16,,
11431.5,2025-12-08T22:31:30+00:00,W7897,wagon,parking16,,
11431.5,2025-12-08T22:31:30+00:00,LOCO_02,locomotive,track_19,parking16,
11472.5,2025-12-08T23:12:30+00:00,W2774,wagon,retrofit,,
11472.5,2025-12-08T23:12:30+00:00,W10233,wagon,retrofit,,
11472.5,2025-12-08T23:12:30+00:00,W2815,wagon,retrofit,,
11487.5,2025-12-08T23:27:30+00:00,LOCO_01,locomotive,track_19,retrofit,
11491.5,2025-12-08T23:31:30+00:00,LOCO_02,locomotive,WS_02,track_19,
11492.5,2025-12-08T23:32:30+00:00,LOCO_01,locomotive,WS_01,track_19,
11498.5,2025-12-08T23:38:30+00:00,LOCO_02,locomotive,retrofitted,WS_02,
11498.5,2025-12-08T23:38:30+00:00,W10435,wagon,WS_02,,WS_02|retrofitted
11498.5,2025-12-08T23:38:30+00:00,W1122,wagon,WS_02,,WS_02|retrofitted
11499.5,2025-12-08T23:39:30+00:00,LOCO_01,locomotive,retrofitted,WS_01,
11499.5,2025-12-08T23:39:30+00:00,W1120,wagon,WS_01,,WS_01|retrofitted
11499.5,2025-12-08T23:39:30+00:00,W0962,wagon,WS_01,,WS_01|retrofitted
11503.5,2025-12-08T23:43:30+00:00,W10435,wagon,retrofitted,,
11503.5,2025-12-08T23:43:30+00:00,W1122,wagon,retrofitted,,
11503.5,2025-12-08T23:43:30+00:00,LOCO_02,locomotive,track_19,retrofitted,
11504.5,2025-12-08T23:44:30+00:00,W1120,wagon,retrofitted,,
11504.5,2025-12-08T23:44:30+00:00,W0962,wagon,retrofitted,,
11504.5,2025-12-08T23:44:30+00:00,LOCO_01,locomotive,track_19,retrofitted,
11509.5,2025-12-08T23:49:30+00:00,LOCO_01,locomotive,collection1,track_19,
11510.5,2025-12-08T23:50:30+00:00,LOCO_02,locomotive,retrofit,track_19,
11518.5,2025-12-08T23:58:30+00:00,LOCO_02,locomotive,WS_02,retrofit,
11518.5,2025-12-08T23:58:30+00:00,W9071,wagon,retrofit,,retrofit|WS_02
11518.5,2025-12-08T23:58:30+00:00,W11516,wagon,retrofit,,retrofit|WS_02
11523.5,2025-12-09T00:03:30+00:00,W9071,wagon,WS_02,,
11523.5,2025-12-09T00:03:30+00:00,W11516,wagon,WS_02,,
11529.5,2025-12-09T00:09:30+00:00,W9071,wagon,WS_02,,
11529.5,2025-12-09T00:09:30+00:00,W11516,wagon,WS_02,,
11529.5,2025-12-09T00:09:30+00:00,LOCO_02,locomotive,track_19,WS_02,
11536.5,2025-12-09T00:16:30+00:00,LOCO_02,locomotive,retrofit,track_19,
11544.25,2025-12-09T00:24:15+00:00,W12383,wagon,collection1,,
11544.25,2025-12-09T00:24:15+00:00,W9843,wagon,collection1,,
11544.25,2025-12-09T00:24:15+00:00,W4473,wagon,collection2,,
11544.25,2025-12-09T00:24:15+00:00,W9727,wagon,collection2,,
11544.25,2025-12-09T00:24:15+00:00,W9046,wagon,collection2,,
11544.25,2025-12-09T00:24:15+00:00,W2217,wagon,collection2,,
11544.5,2025-12-09T00:24:30+00:00,LOCO_02,locomotive,WS_01,retrofit,
11544.5,2025-12-09T00:24:30+00:00,W5434,wagon,retrofit,,retrofit|WS_01
11544.5,2025-12-09T00:24:30+00:00,W11518,wagon,retrofit,,retrofit|WS_01
11549.5,2025-12-09T00:29:30+00:00,W5434,wagon,WS_01,,
11549.5,2025-12-09T00:29:30+00:00,W11518,wagon,WS_01,,
11555.5,2025-12-09T00:35:30+00:00,W5434,wagon,WS_01,,
11555.5,2025-12-09T00:35:30+00:00,W11518,wagon,WS_01,,
11555.5,2025-12-09T00:35:30+00:00,LOCO_02,locomotive,track_19,WS_01,
11560.5,2025-12-09T00:40:30+00:00,LOCO_02,locomotive,collection2,track_19,
11576.5,2025-12-09T00:56:30+00:00,LOCO_01,locomotive,retrofit,collection1,
11576.5,2025-12-09T00:56:30+00:00,W1439,wagon,collection1,,collection1|Mainline|retrofit
11576.5,2025-12-09T00:56:30+00:00,W9143,wagon,collection1,,collection1|Mainline|retrofit
11576.5,2025-12-09T00:56:30+00:00,W10883,wagon,collection1,,collection1|Mainline|retrofit
11629.5,2025-12-09T01:49:30+00:00,LOCO_02,locomotive,retrofit,collection2,
11629.5,2025-12-09T01:49:30+00:00,W2736,wagon,collection2,,collection2|Mainline|retrofit
11629.5,2025-12-09T01:49:30+00:00,W10873,wagon,collection2,,collection2|Mainline|retrofit
11629.5,2025-12-09T01:49:30+00:00,W9427,wagon,collection2,,collection2|Mainline|retrofit
11629.5,2025-12-09T01:49:30+00:00,W0234,wagon,collection2,,collection2|Mainline|retrofit
11636.5,2025-12-09T01:56:30+00:00,W1439,wagon,retrofit,,
11636.5,2025-12-09T01:56:30+00:00,W9143,wagon,retrofit,,
11636.5,2025-12-09T01:56:30+00:00,W10883,wagon,retrofit,,
11651.5,2025-12-09T02:11:30+00:00,LOCO_01,locomotive,track_19,retrofit,
11656.5,2025-12-09T02:16:30+00:00,LOCO_01,locomotive,WS_02,track_19,
11663.5,2025-12-09T02:23:30+00:00,LOCO_01,locomotive,retrofitted,WS_02,
11663.5,2025-12-09T02:23:30+00:00,W9071,wagon,WS_02,,WS_02|retrofitted
11663.5,2025-12-09T02:23:30+00:00,W11516,wagon,WS_02,,WS_02|retrofitted
11668.5,2025-12-09T02:28:30+00:00,W9071,wagon,retrofitted,,
11668.5,2025-12-09T02:28:30+00:00,W11516,wagon,retrofitted,,
11668.5,2025-12-09T02:28:30+00:00,LOCO_01,locomotive,track_19,retrofitted,
11673.5,2025-12-09T02:33:30+00:00,LOCO_01,locomotive,WS_01,track_19,
11680.5,2025-12-09T02:40:30+00:00,LOCO_01,locomotive,retrofitted,WS_01,
11680.5,2025-12-09T02:40:30+00:00,W5434,wagon,WS_01,,WS_01|retrofitted
11680.5,2025-12-09T02:40:30+00:00,W11518,wagon,WS_01,,WS_01|retrofitted
11685.5,2025-12-09T02:45:30+00:00,W5434,wagon,retrofitted,,
11685.5,2025-12-09T02:45:30+00:00,W11518,wagon,retrofitted,,
11685.5,2025-12-09T02:45:30+00:00,LOCO_01,locomotive,track_19,retrofitted,
11689.5,2025-12-09T02:49:30+00:00,W2736,wagon,retrofit,,
11689.5,2025-12-09T02:49:30+00:00,W10873,wagon,retrofit,,
11689.5,2025-12-09T02:49:30+00:00,W9427,wagon,retrofit,,
11689.5,2025-12-09T02:49:30+00:00,W0234,wagon,retrofit,,
11692.5,2025-12-09T02:52:30+00:00,LOCO_01,locomotive,retrofit,track_19,
11700.5,2025-12-09T03:00:30+00:00,LOCO_01,locomotive,WS_02,retrofit,
11700.5,2025-12-09T03:00:30+00:00,W4506,wagon,retrofit,,retrofit|WS_02
11700.5,2025-12-09T03:00:30+00:00,W2774,wagon,retrofit,,retrofit|WS_02
11705.25,2025-12-09T03:05:15+00:00,W6848,wagon,collection1,,
11705.25,2025-12-09T03:05:15+00:00,W11356,wagon,collection1,,
11705.25,2025-12-09T03:05:15+00:00,W4223,wagon,collection1,,
11705.25,2025-12-09T03:05:15+00:00,W1826,wagon,collection1,,
11705.25,2025-12-09T03:05:15+00:00,W8494,wagon,collection1,,
11705.25,2025-12-09T03:05:15+00:00,W1427,wagon,collection1,,
11705.5,2025-12-09T03:05:30+00:00,W4506,wagon,WS_02,,
11705.5,2025-12-09T03:05:30+00:00,W2774,wagon,WS_02,,
11710.5,2025-12-09T03:10:30+00:00,LOCO_02,locomotive,track_19,retrofit,
11711.5,2025-12-09T03:11:30+00:00,W4506,wagon,WS_02,,
11711.5,2025-12-09T03:11:30+00:00,W2774,wagon,WS_02,,
11711.5,2025-12-09T03:11:30+00:00,LOCO_01,locomotive,track_19,WS_02,
11716.5,2025-12-09T03:16:30+00:00,LOCO_01,locomotive,retrofitted,track_19,
11717.5,2025-12-09T03:17:30+00:00,LOCO_02,locomotive,retrofit,track_19,
11723.5,2025-12-09T03:23:30+00:00,LOCO_01,locomotive,parking7,retrofitted,
11725.5,2025-12-09T03:25:30+00:00,LOCO_02,locomotive,WS_01,retrofit,
11725.5,2025-12-09T03:25:30+00:00,W10233,wagon,retrofit,,retrofit|WS_01
11725.5,2025-12-09T03:25:30+00:00,W2815,wagon,retrofit,,retrofit|WS_01
11730.0,2025-12-09T03:30:00+00:00,W10435,wagon,parking7,,
11730.0,2025-12-09T03:30:00+00:00,W1122,wagon,parking7,,
11730.0,2025-12-09T03:30:00+00:00,LOCO_01,locomotive,track_19,parking7,
11730.5,2025-12-09T03:30:30+00:00,W10233,wagon,WS_01,,
11730.5,2025-12-09T03:30:30+00:00,W2815,wagon,WS_01,,
11735.0,2025-12-09T03:35:00+00:00,LOCO_01,locomotive,retrofitted,track_19,
11736.5,2025-12-09T03:36:30+00:00,W10233,wagon,WS_01,,
11736.5,2025-12-09T03:36:30+00:00,W2815,wagon,WS_01,,
11736.5,2025-12-09T03:36:30+00:00,LOCO_02,locomotive,track_19,WS_01,
11743.5,2025-12-09T03:43:30+00:00,LOCO_01,locomotive,parking10,retrofitted,
11772.0,2025-12-09T04:12:00+00:00,LOCO_02,locomotive,WS_02,track_19,
11779.0,2025-12-09T04:19:00+00:00,LOCO_02,locomotive,retrofitted,WS_02,
11779.0,2025-12-09T04:19:00+00:00,W4506,wagon,WS_02,,WS_02|retrofitted
11779.0,2025-12-09T04:19:00+00:00,W2774,wagon,WS_02,,WS_02|retrofitted
11784.0,2025-12-09T04:24:00+00:00,W4506,wagon,retrofitted,,
11784.0,2025-12-09T04:24:00+00:00,W2774,wagon,retrofitted,,
11784.0,2025-12-09T04:24:00+00:00,LOCO_02,locomotive,track_19,retrofitted,
11791.0,2025-12-09T04:31:00+00:00,LOCO_02,locomotive,retrofit,track_19,
11799.0,2025-12-09T04:39:00+00:00,LOCO_02,locomotive,WS_02,retrofit,
11799.0,2025-12-09T04:39:00+00:00,W1439,wagon,retrofit,,retrofit|WS_02
11799.0,2025-12-09T04:39:00+00:00,W9143,wagon,retrofit,,retrofit|WS_02
11804.0,2025-12-09T04:44:00+00:00,W1439,wagon,WS_02,,
11804.0,2025-12-09T04:44:00+00:00,W9143,wagon,WS_02,,
11808.0,2025-12-09T04:48:00+00:00,W1120,wagon,parking10,,
11808.0,2025-12-09T04:48:00+00:00,W0962,wagon,parking10,,
11808.0,2025-12-09T04:48:00+00:00,W9071,wagon,parking10,,
11808.0,2025-12-09T04:48:00+00:00,W11516,wagon,parking10,,
11808.0,2025-12-09T04:48:00+00:00,W5434,wagon,parking10,,
11808.0,2025-12-09T04:48:00+00:00,LOCO_01,locomotive,track_19,parking10,
11810.0,2025-12-09T04:50:00+00:00,W1439,wagon,WS_02,,
11810.0,2025-12-09T04:50:00+00:00,W9143,wagon,WS_02,,
11810.0,2025-12-09T04:50:00+00:00,LOCO_02,locomotive,track_19,WS_02,
11815.0,2025-12-09T04:55:00+00:00,LOCO_02,locomotive,WS_01,track_19,
11822.0,2025-12-09T05:02:00+00:00,LOCO_02,locomotive,retrofitted,WS_01,
11822.0,2025-12-09T05:02:00+00:00,W10233,wagon,WS_01,,WS_01|retrofitted
11822.0,2025-12-09T05:02:00+00:00,W2815,wagon,WS_01,,WS_01|retrofitted
11827.0,2025-12-09T05:07:00+00:00,W10233,wagon,retrofitted,,
11827.0,2025-12-09T05:07:00+00:00,W2815,wagon,retrofitted,,
11827.0,2025-12-09T05:07:00+00:00,LOCO_02,locomotive,track_19,retrofitted,
11829.75,2025-12-09T05:09:45+00:00,W7791,wagon,collection2,,
11832.0,2025-12-09T05:12:00+00:00,LOCO_02,locomotive,collection1,track_19,
11870.0,2025-12-09T05:50:00+00:00,LOCO_01,locomotive,retrofit,track_19,
11878.0,2025-12-09T05:58:00+00:00,LOCO_01,locomotive,WS_01,retrofit,
11878.0,2025-12-09T05:58:00+00:00,W10883,wagon,retrofit,,retrofit|WS_01
11878.0,2025-12-09T05:58:00+00:00,W2736,wagon,retrofit,,retrofit|WS_01
11883.0,2025-12-09T06:03:00+00:00,W10883,wagon,WS_01,,
11883.0,2025-12-09T06:03:00+00:00,W2736,wagon,WS_01,,
11889.0,2025-12-09T06:09:00+00:00,W10883,wagon,WS_01,,
11889.0,2025-12-09T06:09:00+00:00,W2736,wagon,WS_01,,
11889.0,2025-12-09T06:09:00+00:00,LOCO_01,locomotive,track_19,WS_01,
11894.0,2025-12-09T06:14:00+00:00,LOCO_01,locomotive,WS_02,track_19,
11901.0,2025-12-09T06:21:00+00:00,LOCO_01,locomotive,retrofitted,WS_02,
11901.0,2025-12-09T06:21:00+00:00,W1439,wagon,WS_02,,WS_02|retrofitted
11901.0,2025-12-09T06:21:00+00:00,W9143,wagon,WS_02,,WS_02|retrofitted
11905.0,2025-12-09T06:25:00+00:00,LOCO_02,locomotive,retrofit,collection1,
11905.0,2025-12-09T06:25:00+00:00,W10896,wagon,collection1,,collection1|Mainline|retrofit
11905.0,2025-12-09T06:25:00+00:00,W10303,wagon,collection1,,collection1|Mainline|retrofit
11905.0,2025-12-09T06:25:00+00:00,W5395,wagon,collection1,,collection1|Mainline|retrofit
11905.0,2025-12-09T06:25:00+00:00,W2846,wagon,collection1,,collection1|Mainline|retrofit
11905.0,2025-12-09T06:25:00+00:00,W5760,wagon,collection1,,collection1|Mainline|retrofit
11905.0,2025-12-09T06:25:00+00:00,W6421,wagon,collection1,,collection1|Mainline|retrofit
11906.0,2025-12-09T06:26:00+00:00,W1439,wagon,retrofitted,,
11906.0,2025-12-09T06:26:00+00:00,W9143,wagon,retrofitted,,
11906.0,2025-12-09T06:26:00+00:00,LOCO_01,locomotive,track_19,retrofitted,
11911.0,2025-12-09T06:31:00+00:00,LOCO_01,locomotive,collection2,track_19,
11965.0,2025-12-09T07:25:00+00:00,W10896,wagon,retrofit,,
11965.0,2025-12-09T07:25:00+00:00,W10303,wagon,retrofit,,
11965.0,2025-12-09T07:25:00+00:00,W5395,wagon,retrofit,,
11965.0,2025-12-09T07:25:00+00:00,W2846,wagon,retrofit,,
11965.0,2025-12-09T07:25:00+00:00,W5760,wagon,retrofit,,
11965.0,2025-12-09T07:25:00+00:00,W6421,wagon,retrofit,,
11980.0,2025-12-09T07:40:00+00:00,LOCO_01,locomotive,retrofit,collection2,
11980.0,2025-12-09T07:40:00+00:00,W12229,wagon,collection2,,collection2|Mainline|retrofit
11980.0,2025-12-09T07:40:00+00:00,W6323,wagon,collection2,,collection2|Mainline|retrofit
11980.0,2025-12-09T07:40:00+00:00,W8552,wagon,collection2,,collection2|Mainline|retrofit
11980.0,2025-12-09T07:40:00+00:00,W12221,wagon,collection2,,collection2|Mainline|retrofit
11998.0,2025-12-09T07:58:00+00:00,LOCO_02,locomotive,track_19,retrofit,
12003.0,2025-12-09T08:03:00+00:00,LOCO_02,locomotive,WS_01,track_19,
12010.0,2025-12-09T08:10:00+00:00,LOCO_02,locomotive,retrofitted,WS_01,
12010.0,2025-12-09T08:10:00+00:00,W10883,wagon,WS_01,,WS_01|retrofitted
12010.0,2025-12-09T08:10:00+00:00,W2736,wagon,WS_01,,WS_01|retrofitted
12015.0,2025-12-09T08:15:00+00:00,W10883,wagon,retrofitted,,
12015.0,2025-12-09T08:15:00+00:00,W2736,wagon,retrofitted,,
12015.0,2025-12-09T08:15:00+00:00,LOCO_02,locomotive,track_19,retrofitted,
12022.0,2025-12-09T08:22:00+00:00,LOCO_02,locomotive,retrofit,track_19,
12030.0,2025-12-09T08:30:00+00:00,LOCO_02,locomotive,WS_02,retrofit,
12030.0,2025-12-09T08:30:00+00:00,W10873,wagon,retrofit,,retrofit|WS_02
12030.0,2025-12-09T08:30:00+00:00,W9427,wagon,retrofit,,retrofit|WS_02
12035.0,2025-12-09T08:35:00+00:00,W10873,wagon,WS_02,,
12035.0,2025-12-09T08:35:00+00:00,W9427,wagon,WS_02,,
12040.0,2025-12-09T08:40:00+00:00,W12229,wagon,retrofit,,
12040.0,2025-12-09T08:40:00+00:00,W6323,wagon,retrofit,,
12040.0,2025-12-09T08:40:00+00:00,W8552,wagon,retrofit,,
12040.0,2025-12-09T08:40:00+00:00,W12221,wagon,retrofit,,
12041.0,2025-12-09T08:41:00+00:00,W10873,wagon,WS_02,,
12041.0,2025-12-09T08:41:00+00:00,W9427,wagon,WS_02,,
12041.0,2025-12-09T08:41:00+00:00,LOCO_02,locomotive,track_19,WS_02,
12046.0,2025-12-09T08:46:00+00:00,W0023,wagon,collection1,,
12046.0,2025-12-09T08:46:00+00:00,W10397,wagon,collection1,,
12046.0,2025-12-09T08:46:00+00:00,W0674,wagon,collection1,,
12046.0,2025-12-09T08:46:00+00:00,W5420,wagon,collection1,,
12046.0,2025-12-09T08:46:00+00:00,W6936,wagon,collection1,,
12048.0,2025-12-09T08:48:00+00:00,LOCO_02,locomotive,retrofit,track_19,
12056.0,2025-12-09T08:56:00+00:00,LOCO_02,locomotive,WS_01,retrofit,
12056.0,2025-12-09T08:56:00+00:00,W0234,wagon,retrofit,,retrofit|WS_01
12056.0,2025-12-09T08:56:00+00:00,W10896,wagon,retrofit,,retrofit|WS_01
12061.0,2025-12-09T09:01:00+00:00,LOCO_01,locomotive,track_19,retrofit,
12061.0,2025-12-09T09:01:00+00:00,W0234,wagon,WS_01,,
12061.0,2025-12-09T09:01:00+00:00,W10896,wagon,WS_01,,
12066.0,2025-12-09T09:06:00+00:00,LOCO_01,locomotive,retrofitted,track_19,
12067.0,2025-12-09T09:07:00+00:00,W0234,wagon,WS_01,,
12067.0,2025-12-09T09:07:00+00:00,W10896,wagon,WS_01,,
12067.0,2025-12-09T09:07:00+00:00,LOCO_02,locomotive,track_19,WS_01,
12074.5,2025-12-09T09:14:30+00:00,LOCO_01,locomotive,parking6,retrofitted,
12084.0,2025-12-09T09:24:00+00:00,W11518,wagon,parking6,,
12084.0,2025-12-09T09:24:00+00:00,W4506,wagon,parking6,,
12084.0,2025-12-09T09:24:00+00:00,W2774,wagon,parking6,,
12084.0,2025-12-09T09:24:00+00:00,W10233,wagon,parking6,,
12084.0,2025-12-09T09:24:00+00:00,W2815,wagon,parking6,,
12084.0,2025-12-09T09:24:00+00:00,LOCO_01,locomotive,track_19,parking6,
12101.5,2025-12-09T09:41:30+00:00,LOCO_02,locomotive,WS_02,track_19,
12108.5,2025-12-09T09:48:30+00:00,LOCO_02,locomotive,retrofitted,WS_02,
12108.5,2025-12-09T09:48:30+00:00,W10873,wagon,WS_02,,WS_02|retrofitted
12108.5,2025-12-09T09:48:30+00:00,W9427,wagon,WS_02,,WS_02|retrofitted
12113.5,2025-12-09T09:53:30+00:00,W10873,wagon,retrofitted,,
12113.5,2025-12-09T09:53:30+00:00,W9427,wagon,retrofitted,,
12113.5,2025-12-09T09:53:30+00:00,LOCO_02,locomotive,track_19,retrofitted,
12116.5,2025-12-09T09:56:30+00:00,LOCO_01,locomotive,retrofitted,track_19,
12120.5,2025-12-09T10:00:30+00:00,LOCO_02,locomotive,retrofit,track_19,
12124.5,2025-12-09T10:04:30+00:00,LOCO_01,locomotive,parking14,retrofitted,
12128.5,2025-12-09T10:08:30+00:00,LOCO_02,locomotive,WS_02,retrofit,
12128.5,2025-12-09T10:08:30+00:00,W10303,wagon,retrofit,,retrofit|WS_02
12128.5,2025-12-09T10:08:30+00:00,W5395,wagon,retrofit,,retrofit|WS_02
12133.5,2025-12-09T10:13:30+00:00,W10303,wagon,WS_02,,
12133.5,2025-12-09T10:13:30+00:00,W5395,wagon,WS_02,,
12139.5,2025-12-09T10:19:30+00:00,W10303,wagon,WS_02,,
12139.5,2025-12-09T10:19:30+00:00,W5395,wagon,WS_02,,
12139.5,2025-12-09T10:19:30+00:00,LOCO_02,locomotive,track_19,WS_02,
12144.5,2025-12-09T10:24:30+00:00,LOCO_02,locomotive,WS_01,track_19,
12151.5,2025-12-09T10:31:30+00:00,LOCO_02,locomotive,retrofitted,WS_01,
12151.5,2025-12-09T10:31:30+00:00,W0234,wagon,WS_01,,WS_01|retrofitted
12151.5,2025-12-09T10:31:30+00:00,W10896,wagon,WS_01,,WS_01|retrofitted
12156.5,2025-12-09T10:36:30+00:00,W0234,wagon,retrofitted,,
12156.5,2025-12-09T10:36:30+00:00,W10896,wagon,retrofitted,,
12156.5,2025-12-09T10:36:30+00:00,LOCO_02,locomotive,track_19,retrofitted,
12161.5,2025-12-09T10:41:30+00:00,LOCO_02,locomotive,collection1,track_19,
12203.0,2025-12-09T11:23:00+00:00,W1439,wagon,parking14,,
12203.0,2025-12-09T11:23:00+00:00,W9143,wagon,parking14,,
12203.0,2025-12-09T11:23:00+00:00,W10883,wagon,parking14,,
12203.0,2025-12-09T11:23:00+00:00,W2736,wagon,parking14,,
12203.0,2025-12-09T11:23:00+00:00,LOCO_01,locomotive,track_19,parking14,
12205.25,2025-12-09T11:25:15+00:00,W3230,wagon,collection2,,
12205.25,2025-12-09T11:25:15+00:00,W5411,wagon,collection2,,
12205.25,2025-12-09T11:25:15+00:00,W11513,wagon,collection2,,
12205.25,2025-12-09T11:25:15+00:00,W3087,wagon,collection2,,
12234.5,2025-12-09T11:54:30+00:00,LOCO_02,locomotive,retrofit,collection1,
12234.5,2025-12-09T11:54:30+00:00,W4802,wagon,collection1,,collection1|Mainline|retrofit
12234.5,2025-12-09T11:54:30+00:00,W8616,wagon,collection1,,collection1|Mainline|retrofit
12234.5,2025-12-09T11:54:30+00:00,W10100,wagon,collection1,,collection1|Mainline|retrofit
12234.5,2025-12-09T11:54:30+00:00,W2910,wagon,collection1,,collection1|Mainline|retrofit
12234.5,2025-12-09T11:54:30+00:00,W0681,wagon,collection1,,collection1|Mainline|retrofit
12234.5,2025-12-09T11:54:30+00:00,W0237,wagon,collection1,,collection1|Mainline|retrofit
12263.0,2025-12-09T12:23:00+00:00,LOCO_01,locomotive,WS_02,track_19,
12270.0,2025-12-09T12:30:00+00:00,LOCO_01,locomotive,retrofitted,WS_02,
12270.0,2025-12-09T12:30:00+00:00,W10303,wagon,WS_02,,WS_02|retrofitted
12270.0,2025-12-09T12:30:00+00:00,W5395,wagon,WS_02,,WS_02|retrofitted
12275.0,2025-12-09T12:35:00+00:00,W10303,wagon,retrofitted,,
12275.0,2025-12-09T12:35:00+00:00,W5395,wagon,retrofitted,,
12275.0,2025-12-09T12:35:00+00:00,LOCO_01,locomotive,track_19,retrofitted,
12282.0,2025-12-09T12:42:00+00:00,LOCO_01,locomotive,retrofit,track_19,
12290.0,2025-12-09T12:50:00+00:00,LOCO_01,locomotive,WS_01,retrofit,
12290.0,2025-12-09T12:50:00+00:00,W2846,wagon,retrofit,,retrofit|WS_01
12290.0,2025-12-09T12:50:00+00:00,W5760,wagon,retrofit,,retrofit|WS_01
12294.5,2025-12-09T12:54:30+00:00,W4802,wagon,retrofit,,
12294.5,2025-12-09T12:54:30+00:00,W8616,wagon,retrofit,,
12294.5,2025-12-09T12:54:30+00:00,W10100,wagon,retrofit,,
12294.5,2025-12-09T12:54:30+00:00,W2910,wagon,retrofit,,
12294.5,2025-12-09T12:54:30+00:00,W0681,wagon,retrofit,,
12294.5,2025-12-09T12:54:30+00:00,W0237,wagon,retrofit,,
12295.0,2025-12-09T12:55:00+00:00,W2846,wagon,WS_01,,
12295.0,2025-12-09T12:55:00+00:00,W5760,wagon,WS_01,,
12301.0,2025-12-09T13:01:00+00:00,W2846,wagon,WS_01,,
12301.0,2025-12-09T13:01:00+00:00,W5760,wagon,WS_01,,
12301.0,2025-12-09T13:01:00+00:00,LOCO_01,locomotive,track_19,WS_01,
12308.0,2025-12-09T13:08:00+00:00,LOCO_01,locomotive,retrofit,track_19,
12316.0,2025-12-09T13:16:00+00:00,LOCO_01,locomotive,WS_02,retrofit,
12316.0,2025-12-09T13:16:00+00:00,W6421,wagon,retrofit,,retrofit|WS_02
12316.0,2025-12-09T13:16:00+00:00,W12229,wagon,retrofit,,retrofit|WS_02
12321.0,2025-12-09T13:21:00+00:00,W6421,wagon,WS_02,,
12321.0,2025-12-09T13:21:00+00:00,W12229,wagon,WS_02,,
12327.0,2025-12-09T13:27:00+00:00,W6421,wagon,WS_02,,
12327.0,2025-12-09T13:27:00+00:00,W12229,wagon,WS_02,,
12327.0,2025-12-09T13:27:00+00:00,LOCO_01,locomotive,track_19,WS_02,
12327.5,2025-12-09T13:27:30+00:00,LOCO_02,locomotive,track_19,retrofit,
12332.0,2025-12-09T13:32:00+00:00,LOCO_01,locomotive,collection2,track_19,
12332.5,2025-12-09T13:32:30+00:00,LOCO_02,locomotive,retrofitted,track_19,
12340.5,2025-12-09T13:40:30+00:00,LOCO_02,locomotive,parking11,retrofitted,
12376.5,2025-12-09T14:16:30+00:00,W4370,wagon,collection1,,
12376.5,2025-12-09T14:16:30+00:00,W9406,wagon,collection1,,
12376.5,2025-12-09T14:16:30+00:00,W5153,wagon,collection1,,
12395.0,2025-12-09T14:35:00+00:00,LOCO_01,locomotive,retrofit,collection2,
12395.0,2025-12-09T14:35:00+00:00,W5173,wagon,collection2,,collection2|Mainline|retrofit
12404.0,2025-12-09T14:44:00+00:00,W2916,wagon,collection1,,
12404.0,2025-12-09T14:44:00+00:00,W10873,wagon,parking11,,
12404.0,2025-12-09T14:44:00+00:00,W9427,wagon,parking11,,
12404.0,2025-12-09T14:44:00+00:00,W0234,wagon,parking11,,
12404.0,2025-12-09T14:44:00+00:00,W10896,wagon,parking11,,
12404.0,2025-12-09T14:44:00+00:00,LOCO_02,locomotive,track_19,parking11,
12455.0,2025-12-09T15:35:00+00:00,W5173,wagon,retrofit,,
12458.0,2025-12-09T15:38:00+00:00,LOCO_01,locomotive,track_19,retrofit,
12463.0,2025-12-09T15:43:00+00:00,LOCO_01,locomotive,WS_01,track_19,
12464.0,2025-12-09T15:44:00+00:00,LOCO_02,locomotive,WS_02,track_19,
12470.0,2025-12-09T15:50:00+00:00,LOCO_01,locomotive,retrofitted,WS_01,
12470.0,2025-12-09T15:50:00+00:00,W2846,wagon,WS_01,,WS_01|retrofitted
12470.0,2025-12-09T15:50:00+00:00,W5760,wagon,WS_01,,WS_01|retrofitted
12471.0,2025-12-09T15:51:00+00:00,LOCO_02,locomotive,retrofitted,WS_02,
12471.0,2025-12-09T15:51:00+00:00,W6421,wagon,WS_02,,WS_02|retrofitted
12471.0,2025-12-09T15:51:00+00:00,W12229,wagon,WS_02,,WS_02|retrofitted
12475.0,2025-12-09T15:55:00+00:00,W2846,wagon,retrofitted,,
12475.0,2025-12-09T15:55:00+00:00,W5760,wagon,retrofitted,,
12475.0,2025-12-09T15:55:00+00:00,LOCO_01,locomotive,track_19,retrofitted,
12476.0,2025-12-09T15:56:00+00:00,W6421,wagon,retrofitted,,
12476.0,2025-12-09T15:56:00+00:00,W12229,wagon,retrofitted,,
12476.0,2025-12-09T15:56:00+00:00,LOCO_02,locomotive,track_19,retrofitted,
12480.0,2025-12-09T16:00:00+00:00,LOCO_01,locomotive,retrofitted,track_19,
12483.0,2025-12-09T16:03:00+00:00,LOCO_02,locomotive,retrofit,track_19,
12487.0,2025-12-09T16:07:00+00:00,LOCO_01,locomotive,parking15,retrofitted,
12491.0,2025-12-09T16:11:00+00:00,LOCO_02,locomotive,WS_01,retrofit,
12491.0,2025-12-09T16:11:00+00:00,W6323,wagon,retrofit,,retrofit|WS_01
12491.0,2025-12-09T16:11:00+00:00,W8552,wagon,retrofit,,retrofit|WS_01
12496.0,2025-12-09T16:16:00+00:00,W6323,wagon,WS_01,,
12496.0,2025-12-09T16:16:00+00:00,W8552,wagon,WS_01,,
12502.0,2025-12-09T16:22:00+00:00,W6323,wagon,WS_01,,
12502.0,2025-12-09T16:22:00+00:00,W8552,wagon,WS_01,,
12502.0,2025-12-09T16:22:00+00:00,LOCO_02,locomotive,track_19,WS_01,
12509.0,2025-12-09T16:29:00+00:00,LOCO_02,locomotive,retrofit,track_19,
12517.0,2025-12-09T16:37:00+00:00,LOCO_02,locomotive,WS_02,retrofit,
12517.0,2025-12-09T16:37:00+00:00,W12221,wagon,retrofit,,retrofit|WS_02
12517.0,2025-12-09T16:37:00+00:00,W4802,wagon,retrofit,,retrofit|WS_02
12522.0,2025-12-09T16:42:00+00:00,W12221,wagon,WS_02,,
12522.0,2025-12-09T16:42:00+00:00,W4802,wagon,WS_02,,
12528.0,2025-12-09T16:48:00+00:00,W12221,wagon,WS_02,,
12528.0,2025-12-09T16:48:00+00:00,W4802,wagon,WS_02,,
12528.0,2025-12-09T16:48:00+00:00,LOCO_02,locomotive,track_19,WS_02,
12533.0,2025-12-09T16:53:00+00:00,LOCO_02,locomotive,collection1,track_19,
12560.25,2025-12-09T17:20:15+00:00,W3135,wagon,collection1,,
12560.25,2025-12-09T17:20:15+00:00,W3903,wagon,collection1,,
12563.5,2025-12-09T17:23:30+00:00,W10303,wagon,parking15,,
12563.5,2025-12-09T17:23:30+00:00,W5395,wagon,parking15,,
12563.5,2025-12-09T17:23:30+00:00,LOCO_01,locomotive,track_19,parking15,
12594.5,2025-12-09T17:54:30+00:00,W10192,wagon,collection2,,
12608.0,2025-12-09T18:08:00+00:00,LOCO_02,locomotive,retrofit,collection1,
12608.0,2025-12-09T18:08:00+00:00,W12116,wagon,collection1,,collection1|Mainline|retrofit
12608.0,2025-12-09T18:08:00+00:00,W0698,wagon,collection1,,collection1|Mainline|retrofit
12608.0,2025-12-09T18:08:00+00:00,W0839,wagon,collection1,,collection1|Mainline|retrofit
12608.0,2025-12-09T18:08:00+00:00,W5611,wagon,collection1,,collection1|Mainline|retrofit
12608.0,2025-12-09T18:08:00+00:00,W8094,wagon,collection1,,collection1|Mainline|retrofit
12608.0,2025-12-09T18:08:00+00:00,W0555,wagon,collection1,,collection1|Mainline|retrofit
12608.0,2025-12-09T18:08:00+00:00,W12383,wagon,collection1,,collection1|Mainline|retrofit
12623.5,2025-12-09T18:23:30+00:00,LOCO_01,locomotive,WS_01,track_19,
12630.5,2025-12-09T18:30:30+00:00,LOCO_01,locomotive,retrofitted,WS_01,
12630.5,2025-12-09T18:30:30+00:00,W6323,wagon,WS_01,,WS_01|retrofitted
12630.5,2025-12-09T18:30:30+00:00,W8552,wagon,WS_01,,WS_01|retrofitted
12635.5,2025-12-09T18:35:30+00:00,W6323,wagon,retrofitted,,
12635.5,2025-12-09T18:35:30+00:00,W8552,wagon,retrofitted,,
12635.5,2025-12-09T18:35:30+00:00,LOCO_01,locomotive,track_19,retrofitted,
12640.5,2025-12-09T18:40:30+00:00,LOCO_01,locomotive,WS_02,track_19,
12647.5,2025-12-09T18:47:30+00:00,LOCO_01,locomotive,retrofitted,WS_02,
12647.5,2025-12-09T18:47:30+00:00,W12221,wagon,WS_02,,WS_02|retrofitted
12647.5,2025-12-09T18:47:30+00:00,W4802,wagon,WS_02,,WS_02|retrofitted
12652.5,2025-12-09T18:52:30+00:00,W12221,wagon,retrofitted,,
12652.5,2025-12-09T18:52:30+00:00,W4802,wagon,retrofitted,,
12652.5,2025-12-09T18:52:30+00:00,LOCO_01,locomotive,track_19,retrofitted,
12659.5,2025-12-09T18:59:30+00:00,LOCO_01,locomotive,retrofit,track_19,
12667.5,2025-12-09T19:07:30+00:00,LOCO_01,locomotive,WS_01,retrofit,
12667.5,2025-12-09T19:07:30+00:00,W8616,wagon,retrofit,,retrofit|WS_01
12667.5,2025-12-09T19:07:30+00:00,W10100,wagon,retrofit,,retrofit|WS_01
12668.0,2025-12-09T19:08:00+00:00,W12116,wagon,retrofit,,
12668.0,2025-12-09T19:08:00+00:00,W0698,wagon,retrofit,,
12668.0,2025-12-09T19:08:00+00:00,W0839,wagon,retrofit,,
12668.0,2025-12-09T19:08:00+00:00,W5611,wagon,retrofit,,
12668.0,2025-12-09T19:08:00+00:00,W8094,wagon,retrofit,,
12668.0,2025-12-09T19:08:00+00:00,W0555,wagon,retrofit,,
12668.0,2025-12-09T19:08:00+00:00,W12383,wagon,retrofit,,
12672.5,2025-12-09T19:12:30+00:00,W8616,wagon,WS_01,,
12672.5,2025-12-09T19:12:30+00:00,W10100,wagon,WS_01,,
12678.5,2025-12-09T19:18:30+00:00,W8616,wagon,WS_01,,
12678.5,2025-12-09T19:18:30+00:00,W10100,wagon,WS_01,,
12678.5,2025-12-09T19:18:30+00:00,LOCO_01,locomotive,track_19,WS_01,
12685.5,2025-12-09T19:25:30+00:00,LOCO_01,locomotive,retrofit,track_19,
12693.5,2025-12-09T19:33:30+00:00,LOCO_01,locomotive,WS_02,retrofit,
12693.5,2025-12-09T19:33:30+00:00,W2910,wagon,retrofit,,retrofit|WS_02
12693.5,2025-12-09T19:33:30+00:00,W0681,wagon,retrofit,,retrofit|WS_02
12698.5,2025-12-09T19:38:30+00:00,W2910,wagon,WS_02,,
12698.5,2025-12-09T19:38:30+00:00,W0681,wagon,WS_02,,
12704.5,2025-12-09T19:44:30+00:00,W2910,wagon,WS_02,,
12704.5,2025-12-09T19:44:30+00:00,W0681,wagon,WS_02,,
12704.5,2025-12-09T19:44:30+00:00,LOCO_01,locomotive,track_19,WS_02,
12707.0,2025-12-09T19:47:00+00:00,LOCO_02,locomotive,track_19,retrofit,
12709.5,2025-12-09T19:49:30+00:00,LOCO_01,locomotive,collection2,track_19,
12712.0,2025-12-09T19:52:00+00:00,LOCO_02,locomotive,retrofitted,track_19,
12720.0,2025-12-09T20:00:00+00:00,LOCO_02,locomotive,parking13,retrofitted,
12748.5,2025-12-09T20:28:30+00:00,W10109,wagon,collection1,,
12748.5,2025-12-09T20:28:30+00:00,W10204,wagon,collection1,,
12748.5,2025-12-09T20:28:30+00:00,W11900,wagon,collection1,,
12772.5,2025-12-09T20:52:30+00:00,LOCO_01,locomotive,retrofit,collection2,
12772.5,2025-12-09T20:52:30+00:00,W4380,wagon,collection2,,collection2|Mainline|retrofit
12777.0,2025-12-09T20:57:00+00:00,W3919,wagon,collection1,,
12777.0,2025-12-09T20:57:00+00:00,W4150,wagon,collection1,,
12777.0,2025-12-09T20:57:00+00:00,W4249,wagon,collection1,,
12787.25,2025-12-09T21:07:15+00:00,W3790,wagon,collection1,,
12798.5,2025-12-09T21:18:30+00:00,W2846,wagon,parking13,,
12798.5,2025-12-09T21:18:30+00:00,W5760,wagon,parking13,,
12798.5,2025-12-09T21:18:30+00:00,W6421,wagon,parking13,,
12798.5,2025-12-09T21:18:30+00:00,W12229,wagon,parking13,,
12798.5,2025-12-09T21:18:30+00:00,LOCO_02,locomotive,track_19,parking13,
12832.5,2025-12-09T21:52:30+00:00,W4380,wagon,retrofit,,
12835.5,2025-12-09T21:55:30+00:00,LOCO_01,locomotive,track_19,retrofit,
12840.5,2025-12-09T22:00:30+00:00,LOCO_01,locomotive,WS_01,track_19,
12847.5,2025-12-09T22:07:30+00:00,LOCO_01,locomotive,retrofitted,WS_01,
12847.5,2025-12-09T22:07:30+00:00,W8616,wagon,WS_01,,WS_01|retrofitted
12847.5,2025-12-09T22:07:30+00:00,W10100,wagon,WS_01,,WS_01|retrofitted
12852.5,2025-12-09T22:12:30+00:00,W8616,wagon,retrofitted,,
12852.5,2025-12-09T22:12:30+00:00,W10100,wagon,retrofitted,,
12852.5,2025-12-09T22:12:30+00:00,LOCO_01,locomotive,track_19,retrofitted,
12857.5,2025-12-09T22:17:30+00:00,LOCO_01,locomotive,WS_02,track_19,
12860.5,2025-12-09T22:20:30+00:00,LOCO_02,locomotive,retrofit,track_19,
12864.5,2025-12-09T22:24:30+00:00,LOCO_01,locomotive,retrofitted,WS_02,
12864.5,2025-12-09T22:24:30+00:00,W2910,wagon,WS_02,,WS_02|retrofitted
12864.5,2025-12-09T22:24:30+00:00,W0681,wagon,WS_02,,WS_02|retrofitted
12868.5,2025-12-09T22:28:30+00:00,LOCO_02,locomotive,WS_01,retrofit,
12868.5,2025-12-09T22:28:30+00:00,W0237,wagon,retrofit,,retrofit|WS_01
12868.5,2025-12-09T22:28:30+00:00,W5173,wagon,retrofit,,retrofit|WS_01
12869.5,2025-12-09T22:29:30+00:00,W2910,wagon,retrofitted,,
12869.5,2025-12-09T22:29:30+00:00,W0681,wagon,retrofitted,,
12869.5,2025-12-09T22:29:30+00:00,LOCO_01,locomotive,track_19,retrofitted,
12873.5,2025-12-09T22:33:30+00:00,W0237,wagon,WS_01,,
12873.5,2025-12-09T22:33:30+00:00,W5173,wagon,WS_01,,
12874.5,2025-12-09T22:34:30+00:00,LOCO_01,locomotive,retrofitted,track_19,
12879.5,2025-12-09T22:39:30+00:00,W0237,wagon,WS_01,,
12879.5,2025-12-09T22:39:30+00:00,W5173,wagon,WS_01,,
12879.5,2025-12-09T22:39:30+00:00,LOCO_02,locomotive,track_19,WS_01,
12883.0,2025-12-09T22:43:00+00:00,LOCO_01,locomotive,parking1,retrofitted,
12886.5,2025-12-09T22:46:30+00:00,LOCO_02,locomotive,retrofit,track_19,
12892.5,2025-12-09T22:52:30+00:00,W6323,wagon,parking1,,
12892.5,2025-12-09T22:52:30+00:00,W8552,wagon,parking1,,
12892.5,2025-12-09T22:52:30+00:00,W12221,wagon,parking1,,
12892.5,2025-12-09T22:52:30+00:00,W4802,wagon,parking1,,
12892.5,2025-12-09T22:52:30+00:00,W8616,wagon,parking1,,
12892.5,2025-12-09T22:52:30+00:00,LOCO_01,locomotive,track_19,parking1,
12894.5,2025-12-09T22:54:30+00:00,LOCO_02,locomotive,WS_02,retrofit,
12894.5,2025-12-09T22:54:30+00:00,W12116,wagon,retrofit,,retrofit|WS_02
12894.5,2025-12-09T22:54:30+00:00,W0698,wagon,retrofit,,retrofit|WS_02
12897.5,2025-12-09T22:57:30+00:00,LOCO_01,locomotive,collection1,track_19,
12899.5,2025-12-09T22:59:30+00:00,W12116,wagon,WS_02,,
12899.5,2025-12-09T22:59:30+00:00,W0698,wagon,WS_02,,
12905.5,2025-12-09T23:05:30+00:00,W12116,wagon,WS_02,,
12905.5,2025-12-09T23:05:30+00:00,W0698,wagon,WS_02,,
12905.5,2025-12-09T23:05:30+00:00,LOCO_02,locomotive,track_19,WS_02,
12910.5,2025-12-09T23:10:30+00:00,LOCO_02,locomotive,collection2,track_19,
12939.0,2025-12-09T23:39:00+00:00,W7218,wagon,collection2,,
12972.5,2025-12-10T00:12:30+00:00,LOCO_01,locomotive,retrofit,collection1,
12972.5,2025-12-10T00:12:30+00:00,W9843,wagon,collection1,,collection1|Mainline|retrofit
12972.5,2025-12-10T00:12:30+00:00,W6848,wagon,collection1,,collection1|Mainline|retrofit
12972.5,2025-12-10T00:12:30+00:00,W11356,wagon,collection1,,collection1|Mainline|retrofit
12972.5,2025-12-10T00:12:30+00:00,W4223,wagon,collection1,,collection1|Mainline|retrofit
12972.5,2025-12-10T00:12:30+00:00,W1826,wagon,collection1,,collection1|Mainline|retrofit
12972.5,2025-12-10T00:12:30+00:00,W8494,wagon,collection1,,collection1|Mainline|retrofit
12972.5,2025-12-10T00:12:30+00:00,W1427,wagon,collection1,,collection1|Mainline|retrofit
12973.5,2025-12-10T00:13:30+00:00,LOCO_02,locomotive,retrofit,collection2,
12973.5,2025-12-10T00:13:30+00:00,W5872,wagon,collection2,,collection2|Mainline|retrofit
13032.5,2025-12-10T01:12:30+00:00,W9843,wagon,retrofit,,
13032.5,2025-12-10T01:12:30+00:00,W6848,wagon,retrofit,,
13032.5,2025-12-10T01:12:30+00:00,W11356,wagon,retrofit,,
13032.5,2025-12-10T01:12:30+00:00,W4223,wagon,retrofit,,
13032.5,2025-12-10T01:12:30+00:00,W1826,wagon,retrofit,,
13032.5,2025-12-10T01:12:30+00:00,W8494,wagon,retrofit,,
13032.5,2025-12-10T01:12:30+00:00,W1427,wagon,retrofit,,
13033.5,2025-12-10T01:13:30+00:00,W5872,wagon,retrofit,,
13036.5,2025-12-10T01:16:30+00:00,LOCO_02,locomotive,track_19,retrofit,
13041.5,2025-12-10T01:21:30+00:00,LOCO_02,locomotive,WS_01,track_19,
13048.5,2025-12-10T01:28:30+00:00,LOCO_02,locomotive,retrofitted,WS_01,
13048.5,2025-12-10T01:28:30+00:00,W0237,wagon,WS_01,,WS_01|retrofitted
13048.5,2025-12-10T01:28:30+00:00,W5173,wagon,WS_01,,WS_01|retrofitted
13053.5,2025-12-10T01:33:30+00:00,W0237,wagon,retrofitted,,
13053.5,2025-12-10T01:33:30+00:00,W5173,wagon,retrofitted,,
13053.5,2025-12-10T01:33:30+00:00,LOCO_02,locomotive,track_19,retrofitted,
13058.5,2025-12-10T01:38:30+00:00,LOCO_02,locomotive,WS_02,track_19,
13065.5,2025-12-10T01:45:30+00:00,LOCO_02,locomotive,retrofitted,WS_02,
13065.5,2025-12-10T01:45:30+00:00,W12116,wagon,WS_02,,WS_02|retrofitted
13065.5,2025-12-10T01:45:30+00:00,W0698,wagon,WS_02,,WS_02|retrofitted
13070.5,2025-12-10T01:50:30+00:00,W12116,wagon,retrofitted,,
13070.5,2025-12-10T01:50:30+00:00,W0698,wagon,retrofitted,,
13070.5,2025-12-10T01:50:30+00:00,LOCO_02,locomotive,track_19,retrofitted,
13071.5,2025-12-10T01:51:30+00:00,LOCO_01,locomotive,track_19,retrofit,
13077.5,2025-12-10T01:57:30+00:00,LOCO_02,locomotive,retrofit,track_19,
13078.5,2025-12-10T01:58:30+00:00,LOCO_01,locomotive,retrofit,track_19,
13085.5,2025-12-10T02:05:30+00:00,LOCO_02,locomotive,WS_01,retrofit,
13085.5,2025-12-10T02:05:30+00:00,W0839,wagon,retrofit,,retrofit|WS_01
13085.5,2025-12-10T02:05:30+00:00,W5611,wagon,retrofit,,retrofit|WS_01
13086.5,2025-12-10T02:06:30+00:00,LOCO_01,locomotive,WS_02,retrofit,
13086.5,2025-12-10T02:06:30+00:00,W8094,wagon,retrofit,,retrofit|WS_02
13086.5,2025-12-10T02:06:30+00:00,W0555,wagon,retrofit,,retrofit|WS_02
13090.5,2025-12-10T02:10:30+00:00,W0839,wagon,WS_01,,
13090.5,2025-12-10T02:10:30+00:00,W5611,wagon,WS_01,,
13091.5,2025-12-10T02:11:30+00:00,W8094,wagon,WS_02,,
13091.5,2025-12-10T02:11:30+00:00,W0555,wagon,WS_02,,
13096.5,2025-12-10T02:16:30+00:00,W0839,wagon,WS_01,,
13096.5,2025-12-10T02:16:30+00:00,W5611,wagon,WS_01,,
13096.5,2025-12-10T02:16:30+00:00,LOCO_02,locomotive,track_19,WS_01,
13097.5,2025-12-10T02:17:30+00:00,W8094,wagon,WS_02,,
13097.5,2025-12-10T02:17:30+00:00,W0555,wagon,WS_02,,
13097.5,2025-12-10T02:17:30+00:00,LOCO_01,locomotive,track_19,WS_02,
13101.5,2025-12-10T02:21:30+00:00,LOCO_02,locomotive,retrofitted,track_19,
13103.5,2025-12-10T02:23:30+00:00,W4327,wagon,collection1,,
13103.5,2025-12-10T02:23:30+00:00,W11290,wagon,collection1,,
13109.0,2025-12-10T02:29:00+00:00,LOCO_02,locomotive,parking7,retrofitted,
13116.5,2025-12-10T02:36:30+00:00,W10100,wagon,parking7,,
13116.5,2025-12-10T02:36:30+00:00,W2910,wagon,parking7,,
13116.5,2025-12-10T02:36:30+00:00,W0681,wagon,parking7,,
13116.5,2025-12-10T02:36:30+00:00,LOCO_02,locomotive,track_19,parking7,
13157.0,2025-12-10T03:17:00+00:00,LOCO_01,locomotive,WS_01,track_19,
13158.0,2025-12-10T03:18:00+00:00,LOCO_02,locomotive,WS_02,track_19,
13164.0,2025-12-10T03:24:00+00:00,LOCO_01,locomotive,retrofitted,WS_01,
13164.0,2025-12-10T03:24:00+00:00,W0839,wagon,WS_01,,WS_01|retrofitted
13164.0,2025-12-10T03:24:00+00:00,W5611,wagon,WS_01,,WS_01|retrofitted
13165.0,2025-12-10T03:25:00+00:00,LOCO_02,locomotive,retrofitted,WS_02,
13165.0,2025-12-10T03:25:00+00:00,W8094,wagon,WS_02,,WS_02|retrofitted
13165.0,2025-12-10T03:25:00+00:00,W0555,wagon,WS_02,,WS_02|retrofitted
13169.0,2025-12-10T03:29:00+00:00,W0839,wagon,retrofitted,,
13169.0,2025-12-10T03:29:00+00:00,W5611,wagon,retrofitted,,
13169.0,2025-12-10T03:29:00+00:00,LOCO_01,locomotive,track_19,retrofitted,
13170.0,2025-12-10T03:30:00+00:00,W8094,wagon,retrofitted,,
13170.0,2025-12-10T03:30:00+00:00,W0555,wagon,retrofitted,,
13170.0,2025-12-10T03:30:00+00:00,LOCO_02,locomotive,track_19,retrofitted,
13171.75,2025-12-10T03:31:45+00:00,W11298,wagon,collection1,,
13171.75,2025-12-10T03:31:45+00:00,W2064,wagon,collection2,,
13171.75,2025-12-10T03:31:45+00:00,W10999,wagon,collection2,,
13171.75,2025-12-10T03:31:45+00:00,W10366,wagon,collection2,,
13171.75,2025-12-10T03:31:45+00:00,W5410,wagon,collection2,,
13174.0,2025-12-10T03:34:00+00:00,LOCO_01,locomotive,retrofitted,track_19,
13177.0,2025-12-10T03:37:00+00:00,LOCO_02,locomotive,retrofit,track_19,
13181.5,2025-12-10T03:41:30+00:00,LOCO_01,locomotive,parking9,retrofitted,
13185.0,2025-12-10T03:45:00+00:00,LOCO_02,locomotive,WS_01,retrofit,
13185.0,2025-12-10T03:45:00+00:00,W12383,wagon,retrofit,,retrofit|WS_01
13185.0,2025-12-10T03:45:00+00:00,W4380,wagon,retrofit,,retrofit|WS_01
13189.0,2025-12-10T03:49:00+00:00,W0237,wagon,parking9,,
13189.0,2025-12-10T03:49:00+00:00,W5173,wagon,parking9,,
13189.0,2025-12-10T03:49:00+00:00,W12116,wagon,parking9,,
13189.0,2025-12-10T03:49:00+00:00,LOCO_01,locomotive,track_19,parking9,
13190.0,2025-12-10T03:50:00+00:00,W12383,wagon,WS_01,,
13190.0,2025-12-10T03:50:00+00:00,W4380,wagon,WS_01,,
13196.0,2025-12-10T03:56:00+00:00,W12383,wagon,WS_01,,
13196.0,2025-12-10T03:56:00+00:00,W4380,wagon,WS_01,,
13196.0,2025-12-10T03:56:00+00:00,LOCO_01,locomotive,retrofit,track_19,
13196.0,2025-12-10T03:56:00+00:00,LOCO_02,locomotive,track_19,WS_01,
13201.0,2025-12-10T04:01:00+00:00,LOCO_02,locomotive,collection2,track_19,
13204.0,2025-12-10T04:04:00+00:00,LOCO_01,locomotive,WS_02,retrofit,
13204.0,2025-12-10T04:04:00+00:00,W9843,wagon,retrofit,,retrofit|WS_02
13204.0,2025-12-10T04:04:00+00:00,W6848,wagon,retrofit,,retrofit|WS_02
13209.0,2025-12-10T04:09:00+00:00,W9843,wagon,WS_02,,
13209.0,2025-12-10T04:09:00+00:00,W6848,wagon,WS_02,,
13215.0,2025-12-10T04:15:00+00:00,W9843,wagon,WS_02,,
13215.0,2025-12-10T04:15:00+00:00,W6848,wagon,WS_02,,
13215.0,2025-12-10T04:15:00+00:00,LOCO_01,locomotive,track_19,WS_02,
13220.0,2025-12-10T04:20:00+00:00,LOCO_01,locomotive,collection1,track_19,
13270.0,2025-12-10T05:10:00+00:00,LOCO_02,locomotive,retrofit,collection2,
13270.0,2025-12-10T05:10:00+00:00,W0093,wagon,collection2,,collection2|Mainline|retrofit
13270.0,2025-12-10T05:10:00+00:00,W3413,wagon,collection2,,collection2|Mainline|retrofit
13270.0,2025-12-10T05:10:00+00:00,W8479,wagon,collection2,,collection2|Mainline|retrofit
13270.0,2025-12-10T05:10:00+00:00,W8637,wagon,collection2,,collection2|Mainline|retrofit
13285.0,2025-12-10T05:25:00+00:00,LOCO_01,locomotive,retrofit,collection1,
13285.0,2025-12-10T05:25:00+00:00,W0023,wagon,collection1,,collection1|Mainline|retrofit
13285.0,2025-12-10T05:25:00+00:00,W10397,wagon,collection1,,collection1|Mainline|retrofit
13298.75,2025-12-10T05:38:45+00:00,W1143,wagon,collection1,,
13330.0,2025-12-10T06:10:00+00:00,W0093,wagon,retrofit,,
13330.0,2025-12-10T06:10:00+00:00,W3413,wagon,retrofit,,
13330.0,2025-12-10T06:10:00+00:00,W8479,wagon,retrofit,,
13330.0,2025-12-10T06:10:00+00:00,W8637,wagon,retrofit,,
13345.0,2025-12-10T06:25:00+00:00,W0023,wagon,retrofit,,
13345.0,2025-12-10T06:25:00+00:00,W10397,wagon,retrofit,,
13351.0,2025-12-10T06:31:00+00:00,LOCO_02,locomotive,track_19,retrofit,
13354.0,2025-12-10T06:34:00+00:00,LOCO_01,locomotive,track_19,retrofit,
13356.0,2025-12-10T06:36:00+00:00,LOCO_02,locomotive,WS_01,track_19,
13359.0,2025-12-10T06:39:00+00:00,LOCO_01,locomotive,WS_02,track_19,
13363.0,2025-12-10T06:43:00+00:00,LOCO_02,locomotive,retrofitted,WS_01,
13363.0,2025-12-10T06:43:00+00:00,W12383,wagon,WS_01,,WS_01|retrofitted
13363.0,2025-12-10T06:43:00+00:00,W4380,wagon,WS_01,,WS_01|retrofitted
13366.0,2025-12-10T06:46:00+00:00,LOCO_01,locomotive,retrofitted,WS_02,
13366.0,2025-12-10T06:46:00+00:00,W9843,wagon,WS_02,,WS_02|retrofitted
13366.0,2025-12-10T06:46:00+00:00,W6848,wagon,WS_02,,WS_02|retrofitted
13368.0,2025-12-10T06:48:00+00:00,W12383,wagon,retrofitted,,
13368.0,2025-12-10T06:48:00+00:00,W4380,wagon,retrofitted,,
13368.0,2025-12-10T06:48:00+00:00,LOCO_02,locomotive,track_19,retrofitted,
13371.0,2025-12-10T06:51:00+00:00,W9843,wagon,retrofitted,,
13371.0,2025-12-10T06:51:00+00:00,W6848,wagon,retrofitted,,
13371.0,2025-12-10T06:51:00+00:00,LOCO_01,locomotive,track_19,retrofitted,
13373.0,2025-12-10T06:53:00+00:00,LOCO_02,locomotive,retrofitted,track_19,
13378.0,2025-12-10T06:58:00+00:00,LOCO_01,locomotive,retrofit,track_19,
13381.0,2025-12-10T07:01:00+00:00,LOCO_02,locomotive,parking15,retrofitted,
13386.0,2025-12-10T07:06:00+00:00,LOCO_01,locomotive,WS_01,retrofit,
13386.0,2025-12-10T07:06:00+00:00,W11356,wagon,retrofit,,retrofit|WS_01
13386.0,2025-12-10T07:06:00+00:00,W4223,wagon,retrofit,,retrofit|WS_01
13391.0,2025-12-10T07:11:00+00:00,W11356,wagon,WS_01,,
13391.0,2025-12-10T07:11:00+00:00,W4223,wagon,WS_01,,
13392.5,2025-12-10T07:12:30+00:00,W2130,wagon,collection1,,
13392.5,2025-12-10T07:12:30+00:00,W2119,wagon,collection2,,
13397.0,2025-12-10T07:17:00+00:00,W11356,wagon,WS_01,,
13397.0,2025-12-10T07:17:00+00:00,W4223,wagon,WS_01,,
13397.0,2025-12-10T07:17:00+00:00,LOCO_01,locomotive,track_19,WS_01,
13404.0,2025-12-10T07:24:00+00:00,LOCO_01,locomotive,retrofit,track_19,
13412.0,2025-12-10T07:32:00+00:00,LOCO_01,locomotive,WS_02,retrofit,
13412.0,2025-12-10T07:32:00+00:00,W1826,wagon,retrofit,,retrofit|WS_02
13412.0,2025-12-10T07:32:00+00:00,W8494,wagon,retrofit,,retrofit|WS_02
13417.0,2025-12-10T07:37:00+00:00,W1826,wagon,WS_02,,
13417.0,2025-12-10T07:37:00+00:00,W8494,wagon,WS_02,,
13423.0,2025-12-10T07:43:00+00:00,W1826,wagon,WS_02,,
13423.0,2025-12-10T07:43:00+00:00,W8494,wagon,WS_02,,
13423.0,2025-12-10T07:43:00+00:00,LOCO_01,locomotive,track_19,WS_02,
13457.5,2025-12-10T08:17:30+00:00,LOCO_01,locomotive,WS_01,track_19,
13459.5,2025-12-10T08:19:30+00:00,W0698,wagon,parking15,,
13459.5,2025-12-10T08:19:30+00:00,W0839,wagon,parking15,,
13459.5,2025-12-10T08:19:30+00:00,W5611,wagon,parking15,,
13459.5,2025-12-10T08:19:30+00:00,W8094,wagon,parking15,,
13459.5,2025-12-10T08:19:30+00:00,LOCO_02,locomotive,track_19,parking15,
13460.0,2025-12-10T08:20:00+00:00,W8648,wagon,collection2,,
13464.5,2025-12-10T08:24:30+00:00,LOCO_01,locomotive,retrofitted,WS_01,
13464.5,2025-12-10T08:24:30+00:00,W11356,wagon,WS_01,,WS_01|retrofitted
13464.5,2025-12-10T08:24:30+00:00,W4223,wagon,WS_01,,WS_01|retrofitted
13469.5,2025-12-10T08:29:30+00:00,W11356,wagon,retrofitted,,
13469.5,2025-12-10T08:29:30+00:00,W4223,wagon,retrofitted,,
13469.5,2025-12-10T08:29:30+00:00,LOCO_01,locomotive,track_19,retrofitted,
13476.5,2025-12-10T08:36:30+00:00,LOCO_01,locomotive,retrofit,track_19,
13484.5,2025-12-10T08:44:30+00:00,LOCO_01,locomotive,WS_01,retrofit,
13484.5,2025-12-10T08:44:30+00:00,W1427,wagon,retrofit,,retrofit|WS_01
13484.5,2025-12-10T08:44:30+00:00,W5872,wagon,retrofit,,retrofit|WS_01
13487.5,2025-12-10T08:47:30+00:00,W6207,wagon,collection2,,
13489.5,2025-12-10T08:49:30+00:00,W1427,wagon,WS_01,,
13489.5,2025-12-10T08:49:30+00:00,W5872,wagon,WS_01,,
13495.5,2025-12-10T08:55:30+00:00,W1427,wagon,WS_01,,
13495.5,2025-12-10T08:55:30+00:00,W5872,wagon,WS_01,,
13495.5,2025-12-10T08:55:30+00:00,LOCO_01,locomotive,track_19,WS_01,
13500.5,2025-12-10T09:00:30+00:00,LOCO_01,locomotive,WS_02,track_19,
13507.5,2025-12-10T09:07:30+00:00,LOCO_01,locomotive,retrofitted,WS_02,
13507.5,2025-12-10T09:07:30+00:00,W1826,wagon,WS_02,,WS_02|retrofitted
13507.5,2025-12-10T09:07:30+00:00,W8494,wagon,WS_02,,WS_02|retrofitted
13512.5,2025-12-10T09:12:30+00:00,W1826,wagon,retrofitted,,
13512.5,2025-12-10T09:12:30+00:00,W8494,wagon,retrofitted,,
13512.5,2025-12-10T09:12:30+00:00,LOCO_01,locomotive,track_19,retrofitted,
13517.5,2025-12-10T09:17:30+00:00,LOCO_01,locomotive,collection2,track_19,
13521.5,2025-12-10T09:21:30+00:00,LOCO_02,locomotive,retrofit,track_19,
13529.5,2025-12-10T09:29:30+00:00,LOCO_02,locomotive,WS_02,retrofit,
13529.5,2025-12-10T09:29:30+00:00,W0093,wagon,retrofit,,retrofit|WS_02
13529.5,2025-12-10T09:29:30+00:00,W3413,wagon,retrofit,,retrofit|WS_02
13534.5,2025-12-10T09:34:30+00:00,W0093,wagon,WS_02,,
13534.5,2025-12-10T09:34:30+00:00,W3413,wagon,WS_02,,
13540.5,2025-12-10T09:40:30+00:00,W0093,wagon,WS_02,,
13540.5,2025-12-10T09:40:30+00:00,W3413,wagon,WS_02,,
13540.5,2025-12-10T09:40:30+00:00,LOCO_02,locomotive,track_19,WS_02,
13545.5,2025-12-10T09:45:30+00:00,LOCO_02,locomotive,collection1,track_19,
13588.5,2025-12-10T10:28:30+00:00,LOCO_01,locomotive,retrofit,collection2,
13588.5,2025-12-10T10:28:30+00:00,W2324,wagon,collection2,,collection2|Mainline|retrofit
13588.5,2025-12-10T10:28:30+00:00,W5992,wagon,collection2,,collection2|Mainline|retrofit
13588.5,2025-12-10T10:28:30+00:00,W9943,wagon,collection2,,collection2|Mainline|retrofit
13588.5,2025-12-10T10:28:30+00:00,W9430,wagon,collection2,,collection2|Mainline|retrofit
13588.5,2025-12-10T10:28:30+00:00,W7598,wagon,collection2,,collection2|Mainline|retrofit
13608.5,2025-12-10T10:48:30+00:00,LOCO_02,locomotive,retrofit,collection1,
13608.5,2025-12-10T10:48:30+00:00,W0674,wagon,collection1,,collection1|Mainline|retrofit
13633.25,2025-12-10T11:13:15+00:00,W10319,wagon,collection2,,
13647.25,2025-12-10T11:27:15+00:00,W5458,wagon,collection2,,
13648.5,2025-12-10T11:28:30+00:00,W2324,wagon,retrofit,,
13648.5,2025-12-10T11:28:30+00:00,W5992,wagon,retrofit,,
13648.5,2025-12-10T11:28:30+00:00,W9943,wagon,retrofit,,
13648.5,2025-12-10T11:28:30+00:00,W9430,wagon,retrofit,,
13648.5,2025-12-10T11:28:30+00:00,W7598,wagon,retrofit,,
13668.5,2025-12-10T11:48:30+00:00,W0674,wagon,retrofit,,
13671.5,2025-12-10T11:51:30+00:00,LOCO_02,locomotive,track_19,retrofit,
13675.5,2025-12-10T11:55:30+00:00,LOCO_01,locomotive,track_19,retrofit,
13676.5,2025-12-10T11:56:30+00:00,LOCO_02,locomotive,WS_01,track_19,
13680.5,2025-12-10T12:00:30+00:00,LOCO_01,locomotive,WS_02,track_19,
13683.5,2025-12-10T12:03:30+00:00,LOCO_02,locomotive,retrofitted,WS_01,
13683.5,2025-12-10T12:03:30+00:00,W1427,wagon,WS_01,,WS_01|retrofitted
13683.5,2025-12-10T12:03:30+00:00,W5872,wagon,WS_01,,WS_01|retrofitted
13687.5,2025-12-10T12:07:30+00:00,LOCO_01,locomotive,retrofitted,WS_02,
13687.5,2025-12-10T12:07:30+00:00,W0093,wagon,WS_02,,WS_02|retrofitted
13687.5,2025-12-10T12:07:30+00:00,W3413,wagon,WS_02,,WS_02|retrofitted
13688.5,2025-12-10T12:08:30+00:00,W1427,wagon,retrofitted,,
13688.5,2025-12-10T12:08:30+00:00,W5872,wagon,retrofitted,,
13688.5,2025-12-10T12:08:30+00:00,LOCO_02,locomotive,track_19,retrofitted,
13692.5,2025-12-10T12:12:30+00:00,W0093,wagon,retrofitted,,
13692.5,2025-12-10T12:12:30+00:00,W3413,wagon,retrofitted,,
13692.5,2025-12-10T12:12:30+00:00,LOCO_01,locomotive,track_19,retrofitted,
13693.5,2025-12-10T12:13:30+00:00,LOCO_02,locomotive,retrofitted,track_19,
13699.5,2025-12-10T12:19:30+00:00,LOCO_01,locomotive,retrofit,track_19,
13701.5,2025-12-10T12:21:30+00:00,LOCO_02,locomotive,parking5,retrofitted,
13707.5,2025-12-10T12:27:30+00:00,LOCO_01,locomotive,WS_01,retrofit,
13707.5,2025-12-10T12:27:30+00:00,W8479,wagon,retrofit,,retrofit|WS_01
13707.5,2025-12-10T12:27:30+00:00,W8637,wagon,retrofit,,retrofit|WS_01
13710.0,2025-12-10T12:30:00+00:00,W0555,wagon,parking5,,
13710.0,2025-12-10T12:30:00+00:00,W12383,wagon,parking5,,
13710.0,2025-12-10T12:30:00+00:00,W4380,wagon,parking5,,
13710.0,2025-12-10T12:30:00+00:00,W9843,wagon,parking5,,
13710.0,2025-12-10T12:30:00+00:00,LOCO_02,locomotive,track_19,parking5,
13712.5,2025-12-10T12:32:30+00:00,W8479,wagon,WS_01,,
13712.5,2025-12-10T12:32:30+00:00,W8637,wagon,WS_01,,
13717.0,2025-12-10T12:37:00+00:00,LOCO_02,locomotive,retrofit,track_19,
13718.5,2025-12-10T12:38:30+00:00,W8479,wagon,WS_01,,
13718.5,2025-12-10T12:38:30+00:00,W8637,wagon,WS_01,,
13718.5,2025-12-10T12:38:30+00:00,LOCO_01,locomotive,track_19,WS_01,
13723.5,2025-12-10T12:43:30+00:00,LOCO_01,locomotive,collection1,track_19,
13725.0,2025-12-10T12:45:00+00:00,LOCO_02,locomotive,WS_02,retrofit,
13725.0,2025-12-10T12:45:00+00:00,W0023,wagon,retrofit,,retrofit|WS_02
13725.0,2025-12-10T12:45:00+00:00,W10397,wagon,retrofit,,retrofit|WS_02
13730.0,2025-12-10T12:50:00+00:00,W0023,wagon,WS_02,,
13730.0,2025-12-10T12:50:00+00:00,W10397,wagon,WS_02,,
13736.0,2025-12-10T12:56:00+00:00,W0023,wagon,WS_02,,
13736.0,2025-12-10T12:56:00+00:00,W10397,wagon,WS_02,,
13736.0,2025-12-10T12:56:00+00:00,LOCO_02,locomotive,track_19,WS_02,
13741.0,2025-12-10T13:01:00+00:00,LOCO_02,locomotive,collection2,track_19,
13796.5,2025-12-10T13:56:30+00:00,LOCO_01,locomotive,retrofit,collection1,
13796.5,2025-12-10T13:56:30+00:00,W5420,wagon,collection1,,collection1|Mainline|retrofit
13796.5,2025-12-10T13:56:30+00:00,W6936,wagon,collection1,,collection1|Mainline|retrofit
13796.5,2025-12-10T13:56:30+00:00,W4370,wagon,collection1,,collection1|Mainline|retrofit
13796.5,2025-12-10T13:56:30+00:00,W9406,wagon,collection1,,collection1|Mainline|retrofit
13796.5,2025-12-10T13:56:30+00:00,W5153,wagon,collection1,,collection1|Mainline|retrofit
13796.5,2025-12-10T13:56:30+00:00,W2916,wagon,collection1,,collection1|Mainline|retrofit
13804.0,2025-12-10T14:04:00+00:00,LOCO_02,locomotive,retrofit,collection2,
13804.0,2025-12-10T14:04:00+00:00,W8339,wagon,collection2,,collection2|Mainline|retrofit
13856.5,2025-12-10T14:56:30+00:00,W5420,wagon,retrofit,,
13856.5,2025-12-10T14:56:30+00:00,W6936,wagon,retrofit,,
13856.5,2025-12-10T14:56:30+00:00,W4370,wagon,retrofit,,
13856.5,2025-12-10T14:56:30+00:00,W9406,wagon,retrofit,,
13856.5,2025-12-10T14:56:30+00:00,W5153,wagon,retrofit,,
13856.5,2025-12-10T14:56:30+00:00,W2916,wagon,retrofit,,
13864.0,2025-12-10T15:04:00+00:00,W8339,wagon,retrofit,,
13867.0,2025-12-10T15:07:00+00:00,LOCO_02,locomotive,track_19,retrofit,
13872.0,2025-12-10T15:12:00+00:00,LOCO_02,locomotive,WS_01,track_19,
13879.0,2025-12-10T15:19:00+00:00,LOCO_02,locomotive,retrofitted,WS_01,
13879.0,2025-12-10T15:19:00+00:00,W8479,wagon,WS_01,,WS_01|retrofitted
13879.0,2025-12-10T15:19:00+00:00,W8637,wagon,WS_01,,WS_01|retrofitted
13884.0,2025-12-10T15:24:00+00:00,W8479,wagon,retrofitted,,
13884.0,2025-12-10T15:24:00+00:00,W8637,wagon,retrofitted,,
13884.0,2025-12-10T15:24:00+00:00,LOCO_02,locomotive,track_19,retrofitted,
13889.0,2025-12-10T15:29:00+00:00,LOCO_02,locomotive,WS_02,track_19,
13889.5,2025-12-10T15:29:30+00:00,LOCO_01,locomotive,track_19,retrofit,
13896.0,2025-12-10T15:36:00+00:00,LOCO_02,locomotive,retrofitted,WS_02,
13896.0,2025-12-10T15:36:00+00:00,W0023,wagon,WS_02,,WS_02|retrofitted
13896.0,2025-12-10T15:36:00+00:00,W10397,wagon,WS_02,,WS_02|retrofitted
13896.5,2025-12-10T15:36:30+00:00,LOCO_01,locomotive,retrofit,track_19,
13901.0,2025-12-10T15:41:00+00:00,W0023,wagon,retrofitted,,
13901.0,2025-12-10T15:41:00+00:00,W10397,wagon,retrofitted,,
13901.0,2025-12-10T15:41:00+00:00,LOCO_02,locomotive,track_19,retrofitted,
13904.5,2025-12-10T15:44:30+00:00,LOCO_01,locomotive,WS_01,retrofit,
13904.5,2025-12-10T15:44:30+00:00,W2324,wagon,retrofit,,retrofit|WS_01
13904.5,2025-12-10T15:44:30+00:00,W5992,wagon,retrofit,,retrofit|WS_01
13906.0,2025-12-10T15:46:00+00:00,LOCO_02,locomotive,retrofitted,track_19,
13909.5,2025-12-10T15:49:30+00:00,W2324,wagon,WS_01,,
13909.5,2025-12-10T15:49:30+00:00,W5992,wagon,WS_01,,
13913.5,2025-12-10T15:53:30+00:00,LOCO_02,locomotive,parking11,retrofitted,
13915.5,2025-12-10T15:55:30+00:00,W2324,wagon,WS_01,,
13915.5,2025-12-10T15:55:30+00:00,W5992,wagon,WS_01,,
13915.5,2025-12-10T15:55:30+00:00,LOCO_01,locomotive,track_19,WS_01,
13922.5,2025-12-10T16:02:30+00:00,LOCO_01,locomotive,retrofit,track_19,
13930.5,2025-12-10T16:10:30+00:00,LOCO_01,locomotive,WS_02,retrofit,
13930.5,2025-12-10T16:10:30+00:00,W9943,wagon,retrofit,,retrofit|WS_02
13930.5,2025-12-10T16:10:30+00:00,W9430,wagon,retrofit,,retrofit|WS_02
13935.5,2025-12-10T16:15:30+00:00,W9943,wagon,WS_02,,
13935.5,2025-12-10T16:15:30+00:00,W9430,wagon,WS_02,,
13941.5,2025-12-10T16:21:30+00:00,W9943,wagon,WS_02,,
13941.5,2025-12-10T16:21:30+00:00,W9430,wagon,WS_02,,
13941.5,2025-12-10T16:21:30+00:00,LOCO_01,locomotive,track_19,WS_02,
13946.5,2025-12-10T16:26:30+00:00,LOCO_01,locomotive,collection2,track_19,
13976.0,2025-12-10T16:56:00+00:00,W6848,wagon,parking11,,
13976.0,2025-12-10T16:56:00+00:00,W11356,wagon,parking11,,
13976.0,2025-12-10T16:56:00+00:00,W4223,wagon,parking11,,
13976.0,2025-12-10T16:56:00+00:00,LOCO_02,locomotive,track_19,parking11,
14017.5,2025-12-10T17:37:30+00:00,LOCO_01,locomotive,retrofit,collection2,
14017.5,2025-12-10T17:37:30+00:00,W4473,wagon,collection2,,collection2|Mainline|retrofit
14017.5,2025-12-10T17:37:30+00:00,W9727,wagon,collection2,,collection2|Mainline|retrofit
14017.5,2025-12-10T17:37:30+00:00,W9046,wagon,collection2,,collection2|Mainline|retrofit
14017.5,2025-12-10T17:37:30+00:00,W2217,wagon,collection2,,collection2|Mainline|retrofit
14017.5,2025-12-10T17:37:30+00:00,W7791,wagon,collection2,,collection2|Mainline|retrofit
14036.0,2025-12-10T17:56:00+00:00,LOCO_02,locomotive,WS_01,track_19,
14043.0,2025-12-10T18:03:00+00:00,LOCO_02,locomotive,retrofitted,WS_01,
14043.0,2025-12-10T18:03:00+00:00,W2324,wagon,WS_01,,WS_01|retrofitted
14043.0,2025-12-10T18:03:00+00:00,W5992,wagon,WS_01,,WS_01|retrofitted
14048.0,2025-12-10T18:08:00+00:00,W2324,wagon,retrofitted,,
14048.0,2025-12-10T18:08:00+00:00,W5992,wagon,retrofitted,,
14048.0,2025-12-10T18:08:00+00:00,LOCO_02,locomotive,track_19,retrofitted,
14053.0,2025-12-10T18:13:00+00:00,LOCO_02,locomotive,WS_02,track_19,
14060.0,2025-12-10T18:20:00+00:00,LOCO_02,locomotive,retrofitted,WS_02,
14060.0,2025-12-10T18:20:00+00:00,W9943,wagon,WS_02,,WS_02|retrofitted
14060.0,2025-12-10T18:20:00+00:00,W9430,wagon,WS_02,,WS_02|retrofitted
14065.0,2025-12-10T18:25:00+00:00,W9943,wagon,retrofitted,,
14065.0,2025-12-10T18:25:00+00:00,W9430,wagon,retrofitted,,
14065.0,2025-12-10T18:25:00+00:00,LOCO_02,locomotive,track_19,retrofitted,
14070.0,2025-12-10T18:30:00+00:00,LOCO_02,locomotive,retrofitted,track_19,
14077.0,2025-12-10T18:37:00+00:00,LOCO_02,locomotive,parking3,retrofitted,
14077.5,2025-12-10T18:37:30+00:00,W4473,wagon,retrofit,,
14077.5,2025-12-10T18:37:30+00:00,W9727,wagon,retrofit,,
14077.5,2025-12-10T18:37:30+00:00,W9046,wagon,retrofit,,
14077.5,2025-12-10T18:37:30+00:00,W2217,wagon,retrofit,,
14077.5,2025-12-10T18:37:30+00:00,W7791,wagon,retrofit,,
14083.5,2025-12-10T18:43:30+00:00,W1826,wagon,parking3,,
14083.5,2025-12-10T18:43:30+00:00,W8494,wagon,parking3,,
14083.5,2025-12-10T18:43:30+00:00,LOCO_02,locomotive,track_19,parking3,
14090.5,2025-12-10T18:50:30+00:00,LOCO_02,locomotive,retrofit,track_19,
14097.75,2025-12-10T18:57:45+00:00,W9710,wagon,collection1,,
14097.75,2025-12-10T18:57:45+00:00,W11593,wagon,collection1,,
14097.75,2025-12-10T18:57:45+00:00,W11019,wagon,collection1,,
14097.75,2025-12-10T18:57:45+00:00,W3315,wagon,collection1,,
14097.75,2025-12-10T18:57:45+00:00,W9194,wagon,collection1,,
14097.75,2025-12-10T18:57:45+00:00,W6843,wagon,collection1,,
14098.5,2025-12-10T18:58:30+00:00,LOCO_02,locomotive,WS_01,retrofit,
14098.5,2025-12-10T18:58:30+00:00,W7598,wagon,retrofit,,retrofit|WS_01
14098.5,2025-12-10T18:58:30+00:00,W0674,wagon,retrofit,,retrofit|WS_01
14103.5,2025-12-10T19:03:30+00:00,W7598,wagon,WS_01,,
14103.5,2025-12-10T19:03:30+00:00,W0674,wagon,WS_01,,
14104.5,2025-12-10T19:04:30+00:00,LOCO_01,locomotive,track_19,retrofit,
14109.5,2025-12-10T19:09:30+00:00,W7598,wagon,WS_01,,
14109.5,2025-12-10T19:09:30+00:00,W0674,wagon,WS_01,,
14109.5,2025-12-10T19:09:30+00:00,LOCO_02,locomotive,track_19,WS_01,
14109.5,2025-12-10T19:09:30+00:00,LOCO_01,locomotive,retrofitted,track_19,
14116.5,2025-12-10T19:16:30+00:00,LOCO_01,locomotive,parking14,retrofitted,
14116.5,2025-12-10T19:16:30+00:00,LOCO_02,locomotive,retrofit,track_19,
14124.5,2025-12-10T19:24:30+00:00,LOCO_02,locomotive,WS_02,retrofit,
14124.5,2025-12-10T19:24:30+00:00,W5420,wagon,retrofit,,retrofit|WS_02
14124.5,2025-12-10T19:24:30+00:00,W6936,wagon,retrofit,,retrofit|WS_02
14129.5,2025-12-10T19:29:30+00:00,W5420,wagon,WS_02,,
14129.5,2025-12-10T19:29:30+00:00,W6936,wagon,WS_02,,
14135.5,2025-12-10T19:35:30+00:00,W5420,wagon,WS_02,,
14135.5,2025-12-10T19:35:30+00:00,W6936,wagon,WS_02,,
14135.5,2025-12-10T19:35:30+00:00,LOCO_02,locomotive,track_19,WS_02,
14170.0,2025-12-10T20:10:00+00:00,LOCO_02,locomotive,WS_01,track_19,
14177.0,2025-12-10T20:17:00+00:00,LOCO_02,locomotive,retrofitted,WS_01,
14177.0,2025-12-10T20:17:00+00:00,W7598,wagon,WS_01,,WS_01|retrofitted
14177.0,2025-12-10T20:17:00+00:00,W0674,wagon,WS_01,,WS_01|retrofitted
14182.0,2025-12-10T20:22:00+00:00,W7598,wagon,retrofitted,,
14182.0,2025-12-10T20:22:00+00:00,W0674,wagon,retrofitted,,
14182.0,2025-12-10T20:22:00+00:00,LOCO_02,locomotive,track_19,retrofitted,
14189.0,2025-12-10T20:29:00+00:00,LOCO_02,locomotive,retrofit,track_19,
14193.0,2025-12-10T20:33:00+00:00,W1427,wagon,parking14,,
14193.0,2025-12-10T20:33:00+00:00,W5872,wagon,parking14,,
14193.0,2025-12-10T20:33:00+00:00,LOCO_01,locomotive,track_19,parking14,
14197.0,2025-12-10T20:37:00+00:00,LOCO_02,locomotive,WS_01,retrofit,
14197.0,2025-12-10T20:37:00+00:00,W4370,wagon,retrofit,,retrofit|WS_01
14197.0,2025-12-10T20:37:00+00:00,W9406,wagon,retrofit,,retrofit|WS_01
14202.0,2025-12-10T20:42:00+00:00,W4370,wagon,WS_01,,
14202.0,2025-12-10T20:42:00+00:00,W9406,wagon,WS_01,,
14205.25,2025-12-10T20:45:15+00:00,W10955,wagon,collection1,,
14205.25,2025-12-10T20:45:15+00:00,W2204,wagon,collection1,,
14205.25,2025-12-10T20:45:15+00:00,W2742,wagon,collection2,,
14205.25,2025-12-10T20:45:15+00:00,W10614,wagon,collection2,,
14205.25,2025-12-10T20:45:15+00:00,W7889,wagon,collection2,,
14208.0,2025-12-10T20:48:00+00:00,W4370,wagon,WS_01,,
14208.0,2025-12-10T20:48:00+00:00,W9406,wagon,WS_01,,
14208.0,2025-12-10T20:48:00+00:00,LOCO_02,locomotive,track_19,WS_01,
14213.0,2025-12-10T20:53:00+00:00,LOCO_02,locomotive,WS_02,track_19,
14220.0,2025-12-10T21:00:00+00:00,LOCO_02,locomotive,retrofitted,WS_02,
14220.0,2025-12-10T21:00:00+00:00,W5420,wagon,WS_02,,WS_02|retrofitted
14220.0,2025-12-10T21:00:00+00:00,W6936,wagon,WS_02,,WS_02|retrofitted
14253.0,2025-12-10T21:33:00+00:00,LOCO_01,locomotive,retrofitted,track_19,
14258.0,2025-12-10T21:38:00+00:00,W5420,wagon,retrofitted,,
14258.0,2025-12-10T21:38:00+00:00,W6936,wagon,retrofitted,,
14258.0,2025-12-10T21:38:00+00:00,LOCO_02,locomotive,track_19,retrofitted,
14260.0,2025-12-10T21:40:00+00:00,LOCO_01,locomotive,parking12,retrofitted,
14265.0,2025-12-10T21:45:00+00:00,LOCO_02,locomotive,retrofit,track_19,
14273.0,2025-12-10T21:53:00+00:00,LOCO_02,locomotive,WS_02,retrofit,
14273.0,2025-12-10T21:53:00+00:00,W5153,wagon,retrofit,,retrofit|WS_02
14273.0,2025-12-10T21:53:00+00:00,W2916,wagon,retrofit,,retrofit|WS_02
14278.0,2025-12-10T21:58:00+00:00,W5153,wagon,WS_02,,
14278.0,2025-12-10T21:58:00+00:00,W2916,wagon,WS_02,,
14284.0,2025-12-10T22:04:00+00:00,W5153,wagon,WS_02,,
14284.0,2025-12-10T22:04:00+00:00,W2916,wagon,WS_02,,
14284.0,2025-12-10T22:04:00+00:00,LOCO_02,locomotive,track_19,WS_02,
14289.0,2025-12-10T22:09:00+00:00,LOCO_02,locomotive,WS_01,track_19,
14296.0,2025-12-10T22:16:00+00:00,LOCO_02,locomotive,retrofitted,WS_01,
14296.0,2025-12-10T22:16:00+00:00,W4370,wagon,WS_01,,WS_01|retrofitted
14296.0,2025-12-10T22:16:00+00:00,W9406,wagon,WS_01,,WS_01|retrofitted
14321.5,2025-12-10T22:41:30+00:00,W0093,wagon,parking12,,
14321.5,2025-12-10T22:41:30+00:00,W3413,wagon,parking12,,
14321.5,2025-12-10T22:41:30+00:00,LOCO_01,locomotive,track_19,parking12,
14381.5,2025-12-10T23:41:30+00:00,LOCO_01,locomotive,WS_02,track_19,
14388.5,2025-12-10T23:48:30+00:00,LOCO_01,locomotive,retrofitted,WS_02,
14388.5,2025-12-10T23:48:30+00:00,W5153,wagon,WS_02,,WS_02|retrofitted
14388.5,2025-12-10T23:48:30+00:00,W2916,wagon,WS_02,,WS_02|retrofitted
