timestamp,datetime,track_id,change_type,capacity,used_before,used_after,utilization_before_percent,utilization_after_percent,change_amount,triggered_by
360.0,2025-12-01T06:00:00+00:00,collection1,capacity_reserved,375.0,0.0,34.03,0.0,9.074666666666667,34.03,batch_1_wagons[W11188]
360.0,2025-12-01T06:00:00+00:00,collection1,capacity_reserved,375.0,34.03,53.93,9.074666666666667,14.381333333333332,19.9,batch_1_wagons[W10437]
360.0,2025-12-01T06:00:00+00:00,collection1,capacity_released,375.0,53.93,0.0,14.381333333333332,0.0,-53.93,"batch_2_wagons[W11188,W10437]"
360.0,2025-12-01T06:00:00+00:00,retrofit,capacity_reserved,319.5,0.0,53.93,0.0,16.879499217527385,53.93,"batch_2_wagons[W11188,W10437]"
442.25,2025-12-01T07:22:15+00:00,collection1,capacity_reserved,375.0,0.0,20.82,0.0,5.552,20.82,batch_1_wagons[W12394]
442.25,2025-12-01T07:22:15+00:00,collection1,capacity_reserved,375.0,20.82,38.72,5.552,10.325333333333333,17.9,batch_1_wagons[W9278]
485.0,2025-12-01T08:05:00+00:00,retrofit,capacity_released,319.5,53.93,0.0,16.879499217527385,0.0,-53.93,"batch_2_wagons[W11188,W10437]"
499.0,2025-12-01T08:19:00+00:00,collection1,capacity_released,375.0,38.72,0.0,10.325333333333333,0.0,-38.72,"batch_2_wagons[W12394,W9278]"
499.0,2025-12-01T08:19:00+00:00,retrofit,capacity_reserved,319.5,0.0,38.72,0.0,12.118935837245697,38.72,"batch_2_wagons[W12394,W9278]"
502.5,2025-12-01T08:22:30+00:00,collection1,capacity_reserved,375.0,0.0,19.9,0.0,5.306666666666667,19.9,batch_1_wagons[W3926]
502.5,2025-12-01T08:22:30+00:00,collection1,capacity_reserved,375.0,19.9,33.94,5.306666666666667,9.050666666666666,14.04,batch_1_wagons[W5834]
541.5,2025-12-01T09:01:30+00:00,collection1,capacity_reserved,375.0,33.94,48.98,9.050666666666666,13.061333333333334,15.04,batch_1_wagons[W9460]
541.5,2025-12-01T09:01:30+00:00,collection1,capacity_reserved,375.0,48.98,63.879999999999995,13.061333333333334,17.034666666666666,14.9,batch_1_wagons[W9445]
578.5,2025-12-01T09:38:30+00:00,retrofitted,capacity_reserved,264.0,0.0,53.93,0.0,20.428030303030305,53.93,"batch_2_wagons[W11188,W10437]"
624.0,2025-12-01T10:24:00+00:00,retrofit,capacity_released,319.5,38.72,0.0,12.118935837245697,0.0,-38.72,"batch_2_wagons[W12394,W9278]"
628.5,2025-12-01T10:28:30+00:00,retrofitted,capacity_released,264.0,53.93,0.0,20.428030303030305,0.0,-53.93,"batch_2_wagons[W11188,W10437]"
638.0,2025-12-01T10:38:00+00:00,collection1,capacity_released,375.0,63.879999999999995,0.0,17.034666666666666,0.0,-63.879999999999995,"batch_4_wagons[W3926,W5834,W9460,W9445]"
638.0,2025-12-01T10:38:00+00:00,retrofit,capacity_reserved,319.5,0.0,63.879999999999995,0.0,19.99374021909233,63.879999999999995,"batch_4_wagons[W3926,W5834,W9460,W9445]"
672.75,2025-12-01T11:12:45+00:00,collection1,capacity_reserved,375.0,0.0,14.04,0.0,3.744,14.04,batch_1_wagons[W10704]
672.75,2025-12-01T11:12:45+00:00,collection1,capacity_reserved,375.0,14.04,33.94,3.744,9.050666666666666,19.9,batch_1_wagons[W3675]
715.0,2025-12-01T11:55:00+00:00,collection1,capacity_reserved,375.0,33.94,45.54,9.050666666666666,12.143999999999998,11.6,batch_1_wagons[W7132]
715.0,2025-12-01T11:55:00+00:00,collection1,capacity_reserved,375.0,45.54,68.03999999999999,12.143999999999998,18.144,22.5,batch_1_wagons[W8934]
715.0,2025-12-01T11:55:00+00:00,collection1,capacity_reserved,375.0,68.03999999999999,82.07999999999998,18.144,21.887999999999998,14.04,batch_1_wagons[W6253]
715.0,2025-12-01T11:55:00+00:00,collection1,capacity_reserved,375.0,82.07999999999998,98.07999999999998,21.887999999999998,26.154666666666664,16.0,batch_1_wagons[W7747]
715.0,2025-12-01T11:55:00+00:00,collection1,capacity_reserved,375.0,98.07999999999998,117.67999999999998,26.154666666666664,31.381333333333327,19.6,batch_1_wagons[W10546]
715.0,2025-12-01T11:55:00+00:00,collection1,capacity_reserved,375.0,117.67999999999998,129.27999999999997,31.381333333333327,34.47466666666666,11.6,batch_1_wagons[W7222]
724.5,2025-12-01T12:04:30+00:00,collection1,capacity_reserved,375.0,129.27999999999997,157.79999999999998,34.47466666666666,42.08,28.52,batch_1_wagons[W0689]
725.0,2025-12-01T12:05:00+00:00,collection1,capacity_reserved,375.0,157.79999999999998,170.54,42.08,45.477333333333334,12.74,batch_1_wagons[W11268]
725.0,2025-12-01T12:05:00+00:00,collection1,capacity_reserved,375.0,170.54,196.89,45.477333333333334,52.504,26.35,batch_1_wagons[W11509]
725.0,2025-12-01T12:05:00+00:00,collection1,capacity_reserved,375.0,196.89,212.63,52.504,56.70133333333334,15.74,batch_1_wagons[W6557]
752.0,2025-12-01T12:32:00+00:00,parking16,capacity_reserved,937.5,0.0,53.93,0.0,5.752533333333333,53.93,"batch_2_wagons[W11188,W10437]"
753.25,2025-12-01T12:33:15+00:00,collection1,capacity_reserved,375.0,212.63,235.49,56.70133333333334,62.79733333333334,22.86,batch_1_wagons[W10356]
785.5,2025-12-01T13:05:30+00:00,collection1,capacity_reserved,375.0,235.49,249.78,62.79733333333334,66.608,14.29,batch_1_wagons[W6006]
785.5,2025-12-01T13:05:30+00:00,collection1,capacity_reserved,375.0,249.78,269.68,66.608,71.91466666666668,19.9,batch_1_wagons[W4440]
785.5,2025-12-01T13:05:30+00:00,collection1,capacity_reserved,375.0,269.68,289.58,71.91466666666668,77.22133333333333,19.9,batch_1_wagons[W10383]
793.0,2025-12-01T13:13:00+00:00,retrofit,capacity_released,319.5,63.879999999999995,29.939999999999998,19.99374021909233,9.370892018779342,-33.94,"batch_2_wagons[W3926,W5834]"
819.0,2025-12-01T13:39:00+00:00,collection1,capacity_released,375.0,289.58,19.899999999999977,77.22133333333333,5.306666666666661,-269.68,"batch_15_wagons[W10704,W3675,W7132,W8934,W6253,W7747,W10546,W7222,W0689,W11268,W11509,W6557,W10356,W6006,W4440]"
819.0,2025-12-01T13:39:00+00:00,retrofit,capacity_reserved,319.5,29.939999999999998,299.62,9.370892018779342,93.77777777777779,269.68,"batch_15_wagons[W10704,W3675,W7132,W8934,W6253,W7747,W10546,W7222,W0689,W11268,W11509,W6557,W10356,W6006,W4440]"
824.0,2025-12-01T13:44:00+00:00,retrofitted,capacity_reserved,264.0,0.0,38.72,0.0,14.666666666666666,38.72,"batch_2_wagons[W12394,W9278]"
829.0,2025-12-01T13:49:00+00:00,retrofit,capacity_released,319.5,299.62,269.68,93.77777777777779,84.40688575899844,-29.939999999999998,"batch_2_wagons[W9460,W9445]"
866.0,2025-12-01T14:26:00+00:00,collection1,capacity_reserved,375.0,19.899999999999977,35.699999999999974,5.306666666666661,9.519999999999994,15.8,batch_1_wagons[W2238]
866.0,2025-12-01T14:26:00+00:00,collection1,capacity_reserved,375.0,35.699999999999974,45.339999999999975,9.519999999999994,12.09066666666666,9.64,batch_1_wagons[W0047]
866.0,2025-12-01T14:26:00+00:00,collection1,capacity_reserved,375.0,45.339999999999975,54.979999999999976,12.09066666666666,14.661333333333326,9.64,batch_1_wagons[W0049]
875.0,2025-12-01T14:35:00+00:00,retrofitted,capacity_released,264.0,38.72,0.0,14.666666666666666,0.0,-38.72,"batch_2_wagons[W12394,W9278]"
894.75,2025-12-01T14:54:45+00:00,collection1,capacity_reserved,375.0,54.979999999999976,74.01999999999998,14.661333333333326,19.738666666666663,19.04,batch_1_wagons[W2535]
894.75,2025-12-01T14:54:45+00:00,collection1,capacity_reserved,375.0,74.01999999999998,96.81999999999998,19.738666666666663,25.81866666666666,22.8,batch_1_wagons[W7970]
894.75,2025-12-01T14:54:45+00:00,collection1,capacity_reserved,375.0,96.81999999999998,108.85999999999999,25.81866666666666,29.02933333333333,12.04,batch_1_wagons[W4849]
998.5,2025-12-01T16:38:30+00:00,parking16,capacity_reserved,937.5,53.93,92.65,5.752533333333333,9.882666666666667,38.72,"batch_2_wagons[W12394,W9278]"
1051.25,2025-12-01T17:31:15+00:00,collection1,capacity_reserved,375.0,108.85999999999999,132.1,29.02933333333333,35.22666666666667,23.24,batch_1_wagons[W2967]
1051.25,2025-12-01T17:31:15+00:00,collection1,capacity_reserved,375.0,132.1,155.4,35.22666666666667,41.44,23.3,batch_1_wagons[W9776]
1051.25,2025-12-01T17:31:15+00:00,collection1,capacity_reserved,375.0,155.4,178.64000000000001,41.44,47.63733333333334,23.24,batch_1_wagons[W12208]
1051.25,2025-12-01T17:31:15+00:00,collection1,capacity_reserved,375.0,178.64000000000001,195.14000000000001,47.63733333333334,52.037333333333336,16.5,batch_1_wagons[W11348]
1070.5,2025-12-01T17:50:30+00:00,retrofitted,capacity_reserved,264.0,0.0,33.94,0.0,12.856060606060604,33.94,"batch_2_wagons[W3926,W5834]"
1075.5,2025-12-01T17:55:30+00:00,retrofit,capacity_released,319.5,269.68,235.74,84.40688575899844,73.78403755868544,-33.94,"batch_2_wagons[W10704,W3675]"
1087.5,2025-12-01T18:07:30+00:00,retrofitted,capacity_reserved,264.0,33.94,63.879999999999995,12.856060606060604,24.196969696969695,29.939999999999998,"batch_2_wagons[W9460,W9445]"
1088.0,2025-12-01T18:08:00+00:00,collection1,capacity_released,375.0,195.14000000000001,121.12000000000002,52.037333333333336,32.29866666666667,-74.02,"batch_5_wagons[W10383,W2238,W0047,W0049,W2535]"
1088.0,2025-12-01T18:08:00+00:00,retrofit,capacity_reserved,319.5,235.74,309.76,73.78403755868544,96.95148669796558,74.02,"batch_5_wagons[W10383,W2238,W0047,W0049,W2535]"
1088.75,2025-12-01T18:08:45+00:00,collection1,capacity_reserved,375.0,121.12000000000002,144.36,32.29866666666667,38.496,23.24,batch_1_wagons[W12037]
1088.75,2025-12-01T18:08:45+00:00,collection1,capacity_reserved,375.0,144.36,158.38000000000002,38.496,42.23466666666667,14.02,batch_1_wagons[W0440]
1088.75,2025-12-01T18:08:45+00:00,collection1,capacity_reserved,375.0,158.38000000000002,181.62000000000003,42.23466666666667,48.43200000000001,23.24,batch_1_wagons[W11988]
1088.75,2025-12-01T18:08:45+00:00,collection1,capacity_reserved,375.0,181.62000000000003,204.86000000000004,48.43200000000001,54.62933333333334,23.24,batch_1_wagons[W12260]
1088.75,2025-12-01T18:08:45+00:00,collection1,capacity_reserved,375.0,204.86000000000004,220.36000000000004,54.62933333333334,58.762666666666675,15.5,batch_1_wagons[W0130]
1088.75,2025-12-01T18:08:45+00:00,collection1,capacity_reserved,375.0,220.36000000000004,236.46000000000004,58.762666666666675,63.05600000000001,16.1,batch_1_wagons[W9352]
1088.75,2025-12-01T18:08:45+00:00,collection1,capacity_reserved,375.0,236.46000000000004,259.70000000000005,63.05600000000001,69.25333333333334,23.24,batch_1_wagons[W2980]
1088.75,2025-12-01T18:08:45+00:00,collection1,capacity_reserved,375.0,259.70000000000005,275.70000000000005,69.25333333333334,73.52000000000001,16.0,batch_1_wagons[W2406]
1088.75,2025-12-01T18:08:45+00:00,collection1,capacity_reserved,375.0,275.70000000000005,291.50000000000006,73.52000000000001,77.73333333333335,15.8,batch_1_wagons[W2399]
1092.5,2025-12-01T18:12:30+00:00,retrofit,capacity_released,319.5,309.76,275.65999999999997,96.95148669796558,86.27856025039122,-34.1,"batch_2_wagons[W7132,W8934]"
1122.5,2025-12-01T18:42:30+00:00,retrofitted,capacity_released,264.0,63.879999999999995,29.939999999999998,24.196969696969695,11.34090909090909,-33.94,"batch_2_wagons[W3926,W5834]"
1181.5,2025-12-01T19:41:30+00:00,retrofitted,capacity_reserved,264.0,29.939999999999998,63.879999999999995,11.34090909090909,24.196969696969695,33.94,"batch_2_wagons[W10704,W3675]"
1186.5,2025-12-01T19:46:30+00:00,retrofit,capacity_released,319.5,275.65999999999997,245.61999999999998,86.27856025039122,76.87636932707355,-30.04,"batch_2_wagons[W6253,W7747]"
1198.5,2025-12-01T19:58:30+00:00,retrofitted,capacity_reserved,264.0,63.879999999999995,97.97999999999999,24.196969696969695,37.11363636363636,34.1,"batch_2_wagons[W7132,W8934]"
1203.5,2025-12-01T20:03:30+00:00,retrofit,capacity_released,319.5,245.61999999999998,214.41999999999996,76.87636932707355,67.1111111111111,-31.200000000000003,"batch_2_wagons[W10546,W7222]"
1246.0,2025-12-01T20:46:00+00:00,parking16,capacity_reserved,937.5,92.65,126.59,9.882666666666667,13.502933333333333,33.94,"batch_2_wagons[W3926,W5834]"
1318.0,2025-12-01T21:58:00+00:00,retrofitted,capacity_reserved,264.0,97.97999999999999,128.01999999999998,37.11363636363636,48.492424242424235,30.04,"batch_2_wagons[W6253,W7747]"
1323.0,2025-12-01T22:03:00+00:00,retrofit,capacity_released,319.5,214.41999999999996,173.15999999999997,67.1111111111111,54.19718309859154,-41.26,"batch_2_wagons[W0689,W11268]"
1335.0,2025-12-01T22:15:00+00:00,retrofitted,capacity_reserved,264.0,128.01999999999998,159.21999999999997,48.492424242424235,60.310606060606055,31.200000000000003,"batch_2_wagons[W10546,W7222]"
1340.0,2025-12-01T22:20:00+00:00,retrofit,capacity_released,319.5,173.15999999999997,131.06999999999996,54.19718309859154,41.023474178403745,-42.09,"batch_2_wagons[W11509,W6557]"
1397.0,2025-12-01T23:17:00+00:00,retrofitted,capacity_released,264.0,159.21999999999997,61.23999999999998,60.310606060606055,23.196969696969692,-97.97999999999999,"batch_6_wagons[W9460,W9445,W10704,W3675,W7132,W8934]"
1418.5,2025-12-01T23:38:30+00:00,collection1,capacity_released,375.0,291.50000000000006,109.88000000000005,77.73333333333335,29.301333333333346,-181.62,"batch_9_wagons[W7970,W4849,W2967,W9776,W12208,W11348,W12037,W0440,W11988]"
1418.5,2025-12-01T23:38:30+00:00,retrofit,capacity_reserved,319.5,131.06999999999996,312.68999999999994,41.023474178403745,97.86854460093895,181.62,"batch_9_wagons[W7970,W4849,W2967,W9776,W12208,W11348,W12037,W0440,W11988]"
1433.5,2025-12-01T23:53:30+00:00,retrofitted,capacity_reserved,264.0,61.23999999999998,102.49999999999997,23.196969696969692,38.825757575757564,41.26,"batch_2_wagons[W0689,W11268]"
1438.5,2025-12-01T23:58:30+00:00,retrofit,capacity_released,319.5,312.68999999999994,275.53999999999996,97.86854460093895,86.24100156494522,-37.15,"batch_2_wagons[W10356,W6006]"
1476.5,2025-12-02T00:36:30+00:00,retrofitted,capacity_reserved,264.0,102.49999999999997,144.58999999999997,38.825757575757564,54.768939393939384,42.09,"batch_2_wagons[W11509,W6557]"
1479.0,2025-12-02T00:39:00+00:00,collection1,capacity_reserved,375.0,109.88000000000005,133.14000000000004,29.301333333333346,35.50400000000001,23.26,batch_1_wagons[W9868]
1479.0,2025-12-02T00:39:00+00:00,collection1,capacity_reserved,375.0,133.14000000000004,156.38000000000005,35.50400000000001,41.701333333333345,23.24,batch_1_wagons[W12060]
1479.0,2025-12-02T00:39:00+00:00,collection1,capacity_reserved,375.0,156.38000000000005,179.62000000000006,41.701333333333345,47.898666666666685,23.24,batch_1_wagons[W12210]
1479.0,2025-12-02T00:39:00+00:00,collection1,capacity_reserved,375.0,179.62000000000006,202.86000000000007,47.898666666666685,54.096000000000025,23.24,batch_1_wagons[W8636]
1479.0,2025-12-02T00:39:00+00:00,collection1,capacity_reserved,375.0,202.86000000000007,217.26000000000008,54.096000000000025,57.93600000000002,14.4,batch_1_wagons[W10949]
1479.0,2025-12-02T00:39:00+00:00,collection1,capacity_reserved,375.0,217.26000000000008,240.46000000000006,57.93600000000002,64.12266666666669,23.2,batch_1_wagons[W8631]
1481.5,2025-12-02T00:41:30+00:00,retrofit,capacity_released,319.5,275.53999999999996,235.73999999999995,86.24100156494522,73.78403755868544,-39.8,"batch_2_wagons[W4440,W10383]"
1509.0,2025-12-02T01:09:00+00:00,collection1,capacity_reserved,375.0,240.46000000000006,254.86000000000007,64.12266666666669,67.96266666666668,14.4,batch_1_wagons[W9392]
1509.0,2025-12-02T01:09:00+00:00,collection1,capacity_reserved,375.0,254.86000000000007,272.76000000000005,67.96266666666668,72.73600000000002,17.9,batch_1_wagons[W9274]
1509.0,2025-12-02T01:09:00+00:00,collection1,capacity_reserved,375.0,272.76000000000005,296.62000000000006,72.73600000000002,79.09866666666669,23.86,batch_1_wagons[W8613]
1509.0,2025-12-02T01:09:00+00:00,collection1,capacity_reserved,375.0,296.62000000000006,318.86000000000007,79.09866666666669,85.02933333333335,22.24,batch_1_wagons[W10130]
1509.0,2025-12-02T01:09:00+00:00,collection1,capacity_reserved,375.0,318.86000000000007,333.26000000000005,85.02933333333335,88.86933333333334,14.4,batch_1_wagons[W9721]
1509.0,2025-12-02T01:09:00+00:00,collection1,capacity_reserved,375.0,333.26000000000005,356.56000000000006,88.86933333333334,95.08266666666668,23.3,batch_1_wagons[W9756]
1526.5,2025-12-02T01:26:30+00:00,parking16,capacity_reserved,937.5,126.59,224.57,13.502933333333333,23.95413333333333,97.97999999999999,"batch_6_wagons[W9460,W9445,W10704,W3675,W7132,W8934]"
1598.5,2025-12-02T02:38:30+00:00,retrofitted,capacity_reserved,264.0,144.58999999999997,181.73999999999998,54.768939393939384,68.84090909090908,37.15,"batch_2_wagons[W10356,W6006]"
1602.5,2025-12-02T02:42:30+00:00,collection2,capacity_reserved,375.0,0.0,26.35,0.0,7.026666666666667,26.35,batch_1_wagons[W11467]
1602.5,2025-12-02T02:42:30+00:00,collection2,capacity_reserved,375.0,26.35,49.21,7.026666666666667,13.122666666666666,22.86,batch_1_wagons[W10354]
1602.5,2025-12-02T02:42:30+00:00,collection2,capacity_reserved,375.0,49.21,69.11,13.122666666666666,18.429333333333332,19.9,batch_1_wagons[W3950]
1602.5,2025-12-02T02:42:30+00:00,collection2,capacity_reserved,375.0,69.11,91.46000000000001,18.429333333333332,24.389333333333337,22.35,batch_1_wagons[W7997]
1602.5,2025-12-02T02:42:30+00:00,collection2,capacity_reserved,375.0,91.46000000000001,46.21000000000001,24.389333333333337,12.322666666666668,23.86,batch_1_wagons[W8626]
1602.5,2025-12-02T02:42:30+00:00,collection2,capacity_released,375.0,115.32000000000001,46.21000000000001,30.752000000000002,12.322666666666668,-69.11,"batch_3_wagons[W11467,W10354,W3950]"
1602.5,2025-12-02T02:42:30+00:00,retrofit,capacity_reserved,319.5,235.73999999999995,304.84999999999997,73.78403755868544,95.41471048513301,69.11,"batch_3_wagons[W11467,W10354,W3950]"
1603.5,2025-12-02T02:43:30+00:00,retrofit,capacity_released,319.5,304.84999999999997,279.40999999999997,95.41471048513301,87.45226917057903,-25.44,"batch_2_wagons[W2238,W0047]"
1615.5,2025-12-02T02:55:30+00:00,retrofitted,capacity_reserved,264.0,181.73999999999998,221.53999999999996,68.84090909090908,83.91666666666666,39.8,"batch_2_wagons[W4440,W10383]"
1620.5,2025-12-02T03:00:30+00:00,retrofit,capacity_released,319.5,279.40999999999997,250.72999999999996,87.45226917057903,78.47574334898277,-28.68,"batch_2_wagons[W0049,W2535]"
1677.5,2025-12-02T03:57:30+00:00,retrofitted,capacity_released,264.0,221.53999999999996,76.94999999999996,83.91666666666666,29.14772727272726,-144.59,"batch_8_wagons[W6253,W7747,W10546,W7222,W0689,W11268,W11509,W6557]"
1687.25,2025-12-02T04:07:15+00:00,collection1,capacity_reserved,375.0,356.56000000000006,373.56000000000006,95.08266666666668,99.61600000000001,17.0,batch_1_wagons[W9174]
1687.25,2025-12-02T04:07:15+00:00,collection2,capacity_reserved,375.0,46.21000000000001,63.21000000000001,12.322666666666668,16.856,17.0,batch_1_wagons[W9169]
1687.25,2025-12-02T04:07:15+00:00,collection2,capacity_reserved,375.0,63.21000000000001,80.21000000000001,16.856,21.389333333333337,17.0,batch_1_wagons[W9173]
1702.5,2025-12-02T04:22:30+00:00,collection1,capacity_released,375.0,373.56000000000006,318.72,99.61600000000001,84.99200000000002,-54.84,"batch_3_wagons[W12260,W0130,W9352]"
1702.5,2025-12-02T04:22:30+00:00,retrofit,capacity_reserved,319.5,250.72999999999996,305.56999999999994,78.47574334898277,95.64006259780906,54.84,"batch_3_wagons[W12260,W0130,W9352]"
1714.5,2025-12-02T04:34:30+00:00,retrofitted,capacity_reserved,264.0,76.94999999999996,102.38999999999996,29.14772727272726,38.78409090909089,25.44,"batch_2_wagons[W2238,W0047]"
1719.5,2025-12-02T04:39:30+00:00,retrofit,capacity_released,319.5,305.56999999999994,270.7299999999999,95.64006259780906,84.73552425665099,-34.84,"batch_2_wagons[W7970,W4849]"
1757.5,2025-12-02T05:17:30+00:00,retrofitted,capacity_reserved,264.0,102.38999999999996,131.06999999999996,38.78409090909089,49.64772727272726,28.68,"batch_2_wagons[W0049,W2535]"
1762.5,2025-12-02T05:22:30+00:00,retrofit,capacity_released,319.5,270.7299999999999,224.1899999999999,84.73552425665099,70.16901408450703,-46.54,"batch_2_wagons[W2967,W9776]"
1767.0,2025-12-02T05:27:00+00:00,collection1,capacity_reserved,375.0,318.72,332.76000000000005,84.99200000000002,88.73600000000002,14.04,batch_1_wagons[W6140]
1810.0,2025-12-02T06:10:00+00:00,parking16,capacity_reserved,937.5,224.57,369.15999999999997,23.95413333333333,39.377066666666664,144.59,"batch_8_wagons[W6253,W7747,W10546,W7222,W0689,W11268,W11509,W6557]"
1853.5,2025-12-02T06:53:30+00:00,collection1,capacity_reserved,375.0,332.76000000000005,352.66,88.73600000000002,94.04266666666668,19.9,batch_1_wagons[W10364]
1853.5,2025-12-02T06:53:30+00:00,collection1,capacity_reserved,375.0,352.66,366.70000000000005,94.04266666666668,97.78666666666668,14.04,batch_1_wagons[W6077]
1870.0,2025-12-02T07:10:00+00:00,collection2,capacity_reserved,375.0,80.21000000000001,96.31,21.389333333333337,25.682666666666666,16.1,batch_1_wagons[W9270]
1870.0,2025-12-02T07:10:00+00:00,collection2,capacity_reserved,375.0,96.31,114.21000000000001,25.682666666666666,30.456,17.9,batch_1_wagons[W9276]
1870.0,2025-12-02T07:10:00+00:00,collection2,capacity_reserved,375.0,114.21000000000001,134.65,30.456,35.90666666666667,20.44,batch_1_wagons[W11578]
1882.0,2025-12-02T07:22:00+00:00,retrofitted,capacity_reserved,264.0,131.06999999999996,165.90999999999997,49.64772727272726,62.844696969696955,34.84,"batch_2_wagons[W7970,W4849]"
1887.0,2025-12-02T07:27:00+00:00,retrofit,capacity_released,319.5,224.1899999999999,184.44999999999993,70.16901408450703,57.730829420970245,-39.739999999999995,"batch_2_wagons[W12208,W11348]"
1909.5,2025-12-02T07:49:30+00:00,collection2,capacity_released,375.0,134.65,0.0,35.90666666666667,0.0,-134.65,"batch_7_wagons[W7997,W8626,W9169,W9173,W9270,W9276,W11578]"
1909.5,2025-12-02T07:49:30+00:00,retrofit,capacity_reserved,319.5,184.44999999999993,319.0999999999999,57.730829420970245,99.8748043818466,134.65,"batch_7_wagons[W7997,W8626,W9169,W9173,W9270,W9276,W11578]"
1918.0,2025-12-02T07:58:00+00:00,retrofitted,capacity_released,264.0,165.90999999999997,34.839999999999975,62.844696969696955,13.196969696969688,-131.07,"batch_8_wagons[W10356,W6006,W4440,W10383,W2238,W0047,W0049,W2535]"
1965.25,2025-12-02T08:45:15+00:00,collection2,capacity_reserved,375.0,0.0,29.57,0.0,7.8853333333333335,29.57,batch_1_wagons[W0623]
1965.25,2025-12-02T08:45:15+00:00,collection2,capacity_reserved,375.0,29.57,52.81,7.8853333333333335,14.082666666666668,23.24,batch_1_wagons[W11970]
1980.5,2025-12-02T09:00:30+00:00,retrofitted,capacity_reserved,264.0,34.839999999999975,81.37999999999997,13.196969696969688,30.825757575757564,46.54,"batch_2_wagons[W2967,W9776]"
1985.5,2025-12-02T09:05:30+00:00,retrofit,capacity_released,319.5,319.0999999999999,281.8399999999999,99.8748043818466,88.2128325508607,-37.26,"batch_2_wagons[W12037,W0440]"
2023.5,2025-12-02T09:43:30+00:00,retrofitted,capacity_reserved,264.0,81.37999999999997,121.11999999999996,30.825757575757564,45.87878787878786,39.739999999999995,"batch_2_wagons[W12208,W11348]"
2028.5,2025-12-02T09:48:30+00:00,retrofit,capacity_released,319.5,281.8399999999999,232.24999999999991,88.2128325508607,72.6917057902973,-49.59,"batch_2_wagons[W11988,W11467]"
2050.5,2025-12-02T10:10:30+00:00,parking16,capacity_reserved,937.5,369.15999999999997,500.22999999999996,39.377066666666664,53.357866666666666,131.07,"batch_8_wagons[W10356,W6006,W4440,W10383,W2238,W0047,W0049,W2535]"
2122.5,2025-12-02T11:22:30+00:00,retrofitted,capacity_reserved,264.0,121.11999999999996,158.37999999999997,45.87878787878786,59.99242424242423,37.26,"batch_2_wagons[W12037,W0440]"
2127.5,2025-12-02T11:27:30+00:00,retrofit,capacity_released,319.5,232.24999999999991,189.48999999999992,72.6917057902973,59.30829420970264,-42.76,"batch_2_wagons[W10354,W3950]"
2138.0,2025-12-02T11:38:00+00:00,collection2,capacity_reserved,375.0,52.81,72.81,14.082666666666668,19.416,20.0,batch_1_wagons[W3173]
2138.0,2025-12-02T11:38:00+00:00,collection2,capacity_reserved,375.0,72.81,93.65,19.416,24.973333333333333,20.84,batch_1_wagons[W5038]
2138.0,2025-12-02T11:38:00+00:00,collection2,capacity_reserved,375.0,93.65,106.39,24.973333333333333,28.370666666666665,12.74,batch_1_wagons[W11261]
2138.0,2025-12-02T11:38:00+00:00,collection2,capacity_reserved,375.0,106.39,119.13,28.370666666666665,31.767999999999997,12.74,batch_1_wagons[W11259]
2138.0,2025-12-02T11:38:00+00:00,collection2,capacity_reserved,375.0,119.13,135.53,31.767999999999997,36.14133333333333,16.4,batch_1_wagons[W5167]
2138.0,2025-12-02T11:38:00+00:00,collection2,capacity_reserved,375.0,135.53,157.93,36.14133333333333,42.114666666666665,22.4,batch_1_wagons[W4666]
2138.0,2025-12-02T11:38:00+00:00,collection2,capacity_reserved,375.0,157.93,170.67000000000002,42.114666666666665,45.512,12.74,batch_1_wagons[W11269]
2138.0,2025-12-02T11:38:00+00:00,collection2,capacity_reserved,375.0,170.67000000000002,190.57000000000002,45.512,50.818666666666665,19.9,batch_1_wagons[W3811]
2138.0,2025-12-02T11:38:00+00:00,collection2,capacity_reserved,375.0,190.57000000000002,213.83400000000003,50.818666666666665,57.022400000000005,23.264,batch_1_wagons[W2926]
2138.0,2025-12-02T11:38:00+00:00,collection2,capacity_reserved,375.0,213.83400000000003,230.23400000000004,57.022400000000005,61.39573333333335,16.4,batch_1_wagons[W5391]
2138.0,2025-12-02T11:38:00+00:00,collection2,capacity_reserved,375.0,230.23400000000004,245.97400000000005,61.39573333333335,65.59306666666667,15.74,batch_1_wagons[W6682]
2138.0,2025-12-02T11:38:00+00:00,collection2,capacity_reserved,375.0,245.97400000000005,258.71400000000006,65.59306666666667,68.99040000000002,12.74,batch_1_wagons[W11256]
2138.0,2025-12-02T11:38:00+00:00,collection2,capacity_reserved,375.0,258.71400000000006,271.45400000000006,68.99040000000002,72.38773333333334,12.74,batch_1_wagons[W10892]
2139.5,2025-12-02T11:39:30+00:00,retrofitted,capacity_reserved,264.0,158.37999999999997,207.96999999999997,59.99242424242423,78.77651515151514,49.59,"batch_2_wagons[W11988,W11467]"
2149.75,2025-12-02T11:49:45+00:00,collection2,capacity_reserved,375.0,271.45400000000006,291.35400000000004,72.38773333333334,77.6944,19.9,batch_1_wagons[W1906]
2158.0,2025-12-02T11:58:00+00:00,collection2,capacity_reserved,375.0,291.35400000000004,303.694,77.6944,80.98506666666667,12.34,batch_1_wagons[W1158]
2158.0,2025-12-02T11:58:00+00:00,collection2,capacity_reserved,375.0,303.694,316.034,80.98506666666667,84.27573333333333,12.34,batch_1_wagons[W1139]
2158.0,2025-12-02T11:58:00+00:00,collection2,capacity_reserved,375.0,316.034,328.37399999999997,84.27573333333333,87.56639999999999,12.34,batch_1_wagons[W1149]
2158.0,2025-12-02T11:58:00+00:00,collection2,capacity_reserved,375.0,328.37399999999997,340.71399999999994,87.56639999999999,90.85706666666665,12.34,batch_1_wagons[W1150]
2158.0,2025-12-02T11:58:00+00:00,collection2,capacity_reserved,375.0,340.71399999999994,353.0539999999999,90.85706666666665,94.14773333333332,12.34,batch_1_wagons[W1151]
2158.0,2025-12-02T11:58:00+00:00,collection2,capacity_reserved,375.0,353.0539999999999,365.3939999999999,94.14773333333332,97.43839999999997,12.34,batch_1_wagons[W1152]
2181.5,2025-12-02T12:21:30+00:00,retrofit,capacity_released,319.5,189.48999999999992,150.74999999999994,59.30829420970264,47.183098591549275,-38.739999999999995,"batch_2_wagons[W12260,W0130]"
2201.5,2025-12-02T12:41:30+00:00,collection1,capacity_released,375.0,366.70000000000005,204.28000000000006,97.78666666666668,54.474666666666685,-162.42,"batch_8_wagons[W2980,W2406,W2399,W9868,W12060,W12210,W8636,W10949]"
2201.5,2025-12-02T12:41:30+00:00,retrofit,capacity_reserved,319.5,150.74999999999994,313.16999999999996,47.183098591549275,98.018779342723,162.42,"batch_8_wagons[W2980,W2406,W2399,W9868,W12060,W12210,W8636,W10949]"
2239.5,2025-12-02T13:19:30+00:00,retrofitted,capacity_reserved,264.0,207.96999999999997,250.72999999999996,78.77651515151514,94.97348484848483,42.76,"batch_2_wagons[W10354,W3950]"
2244.5,2025-12-02T13:24:30+00:00,retrofit,capacity_released,319.5,313.16999999999996,297.06999999999994,98.018779342723,92.97965571205006,-16.1,batch_1_wagons[W9352]
2249.5,2025-12-02T13:29:30+00:00,retrofitted,capacity_released,264.0,250.72999999999996,129.60999999999996,94.97348484848483,49.094696969696955,-121.12,"batch_6_wagons[W7970,W4849,W2967,W9776,W12208,W11348]"
2258.0,2025-12-02T13:38:00+00:00,collection1,capacity_reserved,375.0,204.28000000000006,217.02000000000007,54.474666666666685,57.87200000000002,12.74,batch_1_wagons[W11254]
2258.0,2025-12-02T13:38:00+00:00,collection1,capacity_reserved,375.0,217.02000000000007,229.76000000000008,57.87200000000002,61.26933333333335,12.74,batch_1_wagons[W10878]
2258.0,2025-12-02T13:38:00+00:00,collection1,capacity_reserved,375.0,229.76000000000008,242.50000000000009,61.26933333333335,64.6666666666667,12.74,batch_1_wagons[W10889]
2264.0,2025-12-02T13:44:00+00:00,parking1,capacity_reserved,555.0,0.0,121.12,0.0,21.823423423423424,121.12,"batch_6_wagons[W7970,W4849,W2967,W9776,W12208,W11348]"
2302.0,2025-12-02T14:22:00+00:00,retrofitted,capacity_reserved,264.0,129.60999999999996,168.34999999999997,49.094696969696955,63.768939393939384,38.739999999999995,"batch_2_wagons[W12260,W0130]"
2303.75,2025-12-02T14:23:45+00:00,collection1,capacity_reserved,375.0,242.50000000000009,257.4400000000001,64.6666666666667,68.6506666666667,14.94,batch_1_wagons[W11320]
2303.75,2025-12-02T14:23:45+00:00,collection1,capacity_reserved,375.0,257.4400000000001,271.48000000000013,68.6506666666667,72.39466666666671,14.04,batch_1_wagons[W5833]
2303.75,2025-12-02T14:23:45+00:00,collection1,capacity_reserved,375.0,271.48000000000013,285.52000000000015,72.39466666666671,76.13866666666671,14.04,batch_1_wagons[W6096]
2303.75,2025-12-02T14:23:45+00:00,collection1,capacity_reserved,375.0,285.52000000000015,295.92000000000013,76.13866666666671,78.91200000000003,10.4,batch_1_wagons[W0874]
2303.75,2025-12-02T14:23:45+00:00,collection1,capacity_reserved,375.0,295.92000000000013,309.96000000000015,78.91200000000003,82.65600000000003,14.04,batch_1_wagons[W10689]
2303.75,2025-12-02T14:23:45+00:00,collection1,capacity_reserved,375.0,309.96000000000015,324.00000000000017,82.65600000000003,86.40000000000005,14.04,batch_1_wagons[W5838]
2303.75,2025-12-02T14:23:45+00:00,collection1,capacity_reserved,375.0,324.00000000000017,338.94000000000017,86.40000000000005,90.38400000000004,14.94,batch_1_wagons[W11241]
2303.75,2025-12-02T14:23:45+00:00,collection1,capacity_reserved,375.0,338.94000000000017,354.9300000000002,90.38400000000004,94.64800000000004,15.99,batch_1_wagons[W2444]
2307.0,2025-12-02T14:27:00+00:00,retrofit,capacity_released,319.5,297.06999999999994,250.85999999999993,92.97965571205006,78.5164319248826,-46.21,"batch_2_wagons[W7997,W8626]"
2312.0,2025-12-02T14:32:00+00:00,retrofitted,capacity_released,264.0,168.34999999999997,38.73999999999998,63.768939393939384,14.674242424242417,-129.60999999999999,"batch_6_wagons[W12037,W0440,W11988,W11467,W10354,W3950]"
2324.25,2025-12-02T14:44:15+00:00,collection1,capacity_reserved,375.0,354.9300000000002,372.9300000000002,94.64800000000004,99.44800000000005,18.0,batch_1_wagons[W9329]
2349.5,2025-12-02T15:09:30+00:00,collection2,capacity_released,375.0,365.3939999999999,312.5839999999999,97.43839999999997,83.3557333333333,-52.81,"batch_2_wagons[W0623,W11970]"
2349.5,2025-12-02T15:09:30+00:00,retrofit,capacity_reserved,319.5,250.85999999999993,303.66999999999996,78.5164319248826,95.04538341158059,52.81,"batch_2_wagons[W0623,W11970]"
2361.0,2025-12-02T15:21:00+00:00,retrofitted,capacity_reserved,264.0,38.73999999999998,54.83999999999998,14.674242424242417,20.772727272727266,16.1,batch_1_wagons[W9352]
2366.0,2025-12-02T15:26:00+00:00,retrofit,capacity_released,319.5,303.66999999999996,269.66999999999996,95.04538341158059,84.40375586854458,-34.0,"batch_2_wagons[W9169,W9173]"
2381.5,2025-12-02T15:41:30+00:00,parking12,capacity_reserved,555.0,0.0,129.60999999999999,0.0,23.35315315315315,129.60999999999999,"batch_6_wagons[W12037,W0440,W11988,W11467,W10354,W3950]"
2484.75,2025-12-02T17:24:45+00:00,collection2,capacity_reserved,375.0,312.5839999999999,326.8739999999999,83.3557333333333,87.16639999999998,14.29,batch_1_wagons[W5978]
2484.75,2025-12-02T17:24:45+00:00,collection2,capacity_reserved,375.0,326.8739999999999,340.91399999999993,87.16639999999998,90.91039999999998,14.04,batch_1_wagons[W5686]
2484.75,2025-12-02T17:24:45+00:00,collection2,capacity_reserved,375.0,340.91399999999993,357.3139999999999,90.91039999999998,95.28373333333332,16.4,batch_1_wagons[W5403]
2484.75,2025-12-02T17:24:45+00:00,collection2,capacity_reserved,375.0,357.3139999999999,371.7139999999999,95.28373333333332,99.1237333333333,14.4,batch_1_wagons[W9401]
2580.5,2025-12-02T19:00:30+00:00,collection2,capacity_released,375.0,371.7139999999999,330.8739999999999,99.1237333333333,88.23306666666664,-40.84,"batch_2_wagons[W3173,W5038]"
2580.5,2025-12-02T19:00:30+00:00,retrofit,capacity_reserved,319.5,269.66999999999996,310.51,84.40375586854458,97.18622848200312,40.84,"batch_2_wagons[W3173,W5038]"
2592.5,2025-12-02T19:12:30+00:00,retrofitted,capacity_reserved,264.0,54.83999999999998,101.04999999999998,20.772727272727266,38.27651515151514,46.21,"batch_2_wagons[W7997,W8626]"
2597.5,2025-12-02T19:17:30+00:00,retrofit,capacity_released,319.5,310.51,276.51,97.18622848200312,86.54460093896714,-34.0,"batch_2_wagons[W9270,W9276]"
2605.0,2025-12-02T19:25:00+00:00,collection1,capacity_released,375.0,372.9300000000002,335.33000000000015,99.44800000000005,89.42133333333338,-37.6,"batch_2_wagons[W8631,W9392]"
2605.0,2025-12-02T19:25:00+00:00,retrofit,capacity_reserved,319.5,276.51,314.11,86.54460093896714,98.31298904538342,37.6,"batch_2_wagons[W8631,W9392]"
2609.5,2025-12-02T19:29:30+00:00,retrofitted,capacity_reserved,264.0,101.04999999999998,135.04999999999998,38.27651515151514,51.155303030303024,34.0,"batch_2_wagons[W9169,W9173]"
2614.5,2025-12-02T19:34:30+00:00,retrofit,capacity_released,319.5,314.11,270.43,98.31298904538342,84.641627543036,-43.68,"batch_2_wagons[W11578,W2980]"
2619.5,2025-12-02T19:39:30+00:00,retrofitted,capacity_released,264.0,135.04999999999998,80.20999999999998,51.155303030303024,30.382575757575747,-54.84,"batch_3_wagons[W12260,W0130,W9352]"
2666.75,2025-12-02T20:26:45+00:00,collection1,capacity_reserved,375.0,335.33000000000015,358.57000000000016,89.42133333333338,95.61866666666671,23.24,batch_1_wagons[W12077]
2666.75,2025-12-02T20:26:45+00:00,collection1,capacity_reserved,375.0,358.57000000000016,374.3700000000002,95.61866666666671,99.83200000000004,15.8,batch_1_wagons[W11766]
2666.75,2025-12-02T20:26:45+00:00,collection2,capacity_reserved,375.0,330.8739999999999,342.91399999999993,88.23306666666664,91.44373333333331,12.04,batch_1_wagons[W4793]
2666.75,2025-12-02T20:26:45+00:00,collection2,capacity_reserved,375.0,342.91399999999993,369.15399999999994,91.44373333333331,98.44106666666666,26.24,batch_1_wagons[W11718]
2699.5,2025-12-02T20:59:30+00:00,parking13,capacity_reserved,555.0,0.0,54.84,0.0,9.881081081081081,54.84,"batch_3_wagons[W12260,W0130,W9352]"
2771.5,2025-12-02T22:11:30+00:00,retrofitted,capacity_reserved,264.0,80.20999999999998,114.20999999999998,30.382575757575747,43.26136363636363,34.0,"batch_2_wagons[W9270,W9276]"
2776.5,2025-12-02T22:16:30+00:00,retrofit,capacity_released,319.5,270.43,238.63,84.641627543036,74.6885758998435,-31.8,"batch_2_wagons[W2406,W2399]"
2788.5,2025-12-02T22:28:30+00:00,retrofitted,capacity_reserved,264.0,114.20999999999998,157.89,43.26136363636363,59.80681818181818,43.68,"batch_2_wagons[W11578,W2980]"
2793.5,2025-12-02T22:33:30+00:00,retrofit,capacity_released,319.5,238.63,192.13,74.6885758998435,60.13458528951487,-46.5,"batch_2_wagons[W9868,W12060]"
2796.0,2025-12-02T22:36:00+00:00,collection2,capacity_released,375.0,369.15399999999994,248.96999999999994,98.44106666666666,66.39199999999998,-120.184,"batch_7_wagons[W11261,W11259,W5167,W4666,W11269,W3811,W2926]"
2796.0,2025-12-02T22:36:00+00:00,retrofit,capacity_reserved,319.5,192.13,312.31399999999996,60.13458528951487,97.7508607198748,120.184,"batch_7_wagons[W11261,W11259,W5167,W4666,W11269,W3811,W2926]"
2824.5,2025-12-02T23:04:30+00:00,retrofitted,capacity_released,264.0,157.89,77.67999999999998,59.80681818181818,29.424242424242415,-80.21000000000001,"batch_4_wagons[W7997,W8626,W9169,W9173]"
2844.75,2025-12-02T23:24:45+00:00,collection2,capacity_reserved,375.0,248.96999999999994,262.2199999999999,66.39199999999998,69.9253333333333,13.25,batch_1_wagons[W7261]
2844.75,2025-12-02T23:24:45+00:00,collection2,capacity_reserved,375.0,262.2199999999999,275.4699999999999,69.9253333333333,73.45866666666664,13.25,batch_1_wagons[W7263]
2844.75,2025-12-02T23:24:45+00:00,collection2,capacity_reserved,375.0,275.4699999999999,289.50999999999993,73.45866666666664,77.20266666666666,14.04,batch_1_wagons[W6339]
2844.75,2025-12-02T23:24:45+00:00,collection2,capacity_reserved,375.0,289.50999999999993,309.4099999999999,77.20266666666666,82.50933333333332,19.9,batch_1_wagons[W3618]
2844.75,2025-12-02T23:24:45+00:00,collection2,capacity_reserved,375.0,309.4099999999999,322.6599999999999,82.50933333333332,86.04266666666665,13.25,batch_1_wagons[W7252]
2887.0,2025-12-03T00:07:00+00:00,retrofitted,capacity_reserved,264.0,77.67999999999998,109.47999999999998,29.424242424242415,41.46969696969696,31.8,"batch_2_wagons[W2406,W2399]"
2892.0,2025-12-03T00:12:00+00:00,retrofit,capacity_released,319.5,312.31399999999996,265.83399999999995,97.7508607198748,83.20312989045382,-46.48,"batch_2_wagons[W12210,W8636]"
2894.75,2025-12-03T00:14:45+00:00,collection2,capacity_reserved,375.0,322.6599999999999,336.69999999999993,86.04266666666665,89.78666666666665,14.04,batch_1_wagons[W6352]
2894.75,2025-12-03T00:14:45+00:00,collection2,capacity_reserved,375.0,336.69999999999993,359.55999999999995,89.78666666666665,95.88266666666665,22.86,batch_1_wagons[W10321]
2904.0,2025-12-03T00:24:00+00:00,retrofitted,capacity_reserved,264.0,109.47999999999998,155.97999999999996,41.46969696969696,59.08333333333332,46.5,"batch_2_wagons[W9868,W12060]"
2906.0,2025-12-03T00:26:00+00:00,parking14,capacity_reserved,555.0,0.0,80.21000000000001,0.0,14.452252252252254,80.21000000000001,"batch_4_wagons[W7997,W8626,W9169,W9173]"
2909.0,2025-12-03T00:29:00+00:00,retrofit,capacity_released,319.5,265.83399999999995,221.86399999999995,83.20312989045382,69.44100156494521,-43.97,"batch_2_wagons[W10949,W0623]"
3026.75,2025-12-03T02:26:45+00:00,collection2,capacity_reserved,375.0,359.55999999999995,371.15999999999997,95.88266666666665,98.97599999999998,11.6,batch_1_wagons[W7155]
3100.0,2025-12-03T03:40:00+00:00,collection1,capacity_released,375.0,374.3700000000002,295.9700000000002,99.83200000000004,78.92533333333338,-78.39999999999999,"batch_4_wagons[W9274,W8613,W10130,W9721]"
3100.0,2025-12-03T03:40:00+00:00,retrofit,capacity_reserved,319.5,221.86399999999995,300.26399999999995,69.44100156494521,93.97934272300468,78.39999999999999,"batch_4_wagons[W9274,W8613,W10130,W9721]"
3112.0,2025-12-03T03:52:00+00:00,retrofitted,capacity_reserved,264.0,155.97999999999996,202.45999999999995,59.08333333333332,76.68939393939392,46.48,"batch_2_wagons[W12210,W8636]"
3117.0,2025-12-03T03:57:00+00:00,retrofit,capacity_released,319.5,300.26399999999995,257.02399999999994,93.97934272300468,80.44569640062596,-43.239999999999995,"batch_2_wagons[W11970,W3173]"
3129.0,2025-12-03T04:09:00+00:00,retrofitted,capacity_reserved,264.0,202.45999999999995,246.42999999999995,76.68939393939392,93.34469696969695,43.97,"batch_2_wagons[W10949,W0623]"
3139.0,2025-12-03T04:19:00+00:00,retrofitted,capacity_released,264.0,246.42999999999995,90.44999999999996,93.34469696969695,34.261363636363626,-155.98,"batch_8_wagons[W9270,W9276,W11578,W2980,W2406,W2399,W9868,W12060]"
3145.0,2025-12-03T04:25:00+00:00,collection2,capacity_released,375.0,371.15999999999997,313.53999999999996,98.97599999999998,83.61066666666666,-57.62,"batch_4_wagons[W5391,W6682,W11256,W10892]"
3145.0,2025-12-03T04:25:00+00:00,retrofit,capacity_released,319.5,257.02399999999994,270.6039999999999,80.44569640062596,84.69608763693269,-44.04,"batch_2_wagons[W5038,W8631]"
3145.0,2025-12-03T04:25:00+00:00,retrofit,capacity_reserved,319.5,212.98399999999995,270.6039999999999,66.66165884194052,84.69608763693269,57.62,"batch_4_wagons[W5391,W6682,W11256,W10892]"
3190.75,2025-12-03T05:10:45+00:00,collection1,capacity_reserved,375.0,295.9700000000002,310.0100000000002,78.92533333333338,82.6693333333334,14.04,batch_1_wagons[W7115]
3190.75,2025-12-03T05:10:45+00:00,collection1,capacity_reserved,375.0,310.0100000000002,336.2500000000002,82.6693333333334,89.66666666666673,26.24,batch_1_wagons[W11723]
3190.75,2025-12-03T05:10:45+00:00,collection1,capacity_reserved,375.0,336.2500000000002,359.49000000000024,89.66666666666673,95.86400000000006,23.24,batch_1_wagons[W8675]
3190.75,2025-12-03T05:10:45+00:00,collection1,capacity_reserved,375.0,359.49000000000024,373.53000000000026,95.86400000000006,99.60800000000006,14.04,batch_1_wagons[W10706]
3190.75,2025-12-03T05:10:45+00:00,collection2,capacity_reserved,375.0,313.53999999999996,329.43999999999994,83.61066666666666,87.85066666666665,15.9,batch_1_wagons[W9959]
3226.5,2025-12-03T05:46:30+00:00,parking15,capacity_reserved,555.0,0.0,155.98,0.0,28.1045045045045,155.98,"batch_8_wagons[W9270,W9276,W11578,W2980,W2406,W2399,W9868,W12060]"
3239.25,2025-12-03T05:59:15+00:00,collection2,capacity_reserved,375.0,329.43999999999994,352.67999999999995,87.85066666666665,94.04799999999999,23.24,batch_1_wagons[W8705]
3239.25,2025-12-03T05:59:15+00:00,collection2,capacity_reserved,375.0,352.67999999999995,369.0799999999999,94.04799999999999,98.42133333333332,16.4,batch_1_wagons[W5127]
3298.5,2025-12-03T06:58:30+00:00,retrofitted,capacity_reserved,264.0,90.44999999999996,133.68999999999994,34.261363636363626,50.64015151515149,43.239999999999995,"batch_2_wagons[W11970,W3173]"
3303.5,2025-12-03T07:03:30+00:00,retrofit,capacity_released,319.5,270.6039999999999,243.46399999999994,84.69608763693269,76.20156494522689,-27.14,"batch_2_wagons[W9392,W11261]"
3315.5,2025-12-03T07:15:30+00:00,retrofitted,capacity_reserved,264.0,133.68999999999994,177.72999999999993,50.64015151515149,67.32196969696967,44.04,"batch_2_wagons[W5038,W8631]"
3320.5,2025-12-03T07:20:30+00:00,retrofit,capacity_released,319.5,243.46399999999994,214.32399999999996,76.20156494522689,67.08106416275429,-29.14,"batch_2_wagons[W11259,W5167]"
3352.0,2025-12-03T07:52:00+00:00,collection1,capacity_released,375.0,373.53000000000026,272.5100000000003,99.60800000000006,72.66933333333341,-101.02,"batch_6_wagons[W9756,W9174,W6140,W10364,W6077,W11254]"
3352.0,2025-12-03T07:52:00+00:00,retrofit,capacity_reserved,319.5,214.32399999999996,315.34399999999994,67.08106416275429,98.69921752738652,101.02,"batch_6_wagons[W9756,W9174,W6140,W10364,W6077,W11254]"
3377.5,2025-12-03T08:17:30+00:00,retrofitted,capacity_released,264.0,177.72999999999993,87.27999999999993,67.32196969696967,33.060606060606034,-90.45,"batch_4_wagons[W12210,W8636,W10949,W0623]"
3383.0,2025-12-03T08:23:00+00:00,collection1,capacity_reserved,375.0,272.5100000000003,288.91000000000025,72.66933333333341,77.04266666666673,16.4,batch_1_wagons[W5446]
3383.0,2025-12-03T08:23:00+00:00,collection1,capacity_reserved,375.0,288.91000000000025,301.65000000000026,77.04266666666673,80.44000000000007,12.74,batch_1_wagons[W10881]
3383.0,2025-12-03T08:23:00+00:00,collection1,capacity_reserved,375.0,301.65000000000026,316.05000000000024,80.44000000000007,84.28000000000007,14.4,batch_1_wagons[W10924]
3383.0,2025-12-03T08:23:00+00:00,collection1,capacity_reserved,375.0,316.05000000000024,344.5700000000002,84.28000000000007,91.88533333333339,28.52,batch_1_wagons[W0678]
3383.0,2025-12-03T08:23:00+00:00,collection1,capacity_reserved,375.0,344.5700000000002,366.9700000000002,91.88533333333339,97.85866666666672,22.4,batch_1_wagons[W4655]
3459.0,2025-12-03T09:39:00+00:00,parking13,capacity_reserved,555.0,54.84,145.29000000000002,9.881081081081081,26.17837837837838,90.45,"batch_4_wagons[W12210,W8636,W10949,W0623]"
3507.0,2025-12-03T10:27:00+00:00,collection2,capacity_released,375.0,369.0799999999999,349.17999999999995,98.42133333333332,93.11466666666665,-19.9,batch_1_wagons[W1906]
3507.0,2025-12-03T10:27:00+00:00,retrofit,capacity_reserve_blocked,319.5,315.34399999999994,315.34399999999994,98.69921752738652,98.69921752738652,19.9,batch_1_wagons_WAITING[W1906]
3519.0,2025-12-03T10:39:00+00:00,retrofitted,capacity_reserved,264.0,87.27999999999993,114.41999999999993,33.060606060606034,43.340909090909065,27.14,"batch_2_wagons[W9392,W11261]"
3524.0,2025-12-03T10:44:00+00:00,retrofit,capacity_released,319.5,315.34399999999994,300.1039999999999,98.69921752738652,93.92926447574332,-35.14,"batch_2_wagons[W4666,W11269]"
3524.0,2025-12-03T10:44:00+00:00,retrofit,capacity_reserved,319.5,280.20399999999995,300.1039999999999,87.70078247261345,93.92926447574332,19.9,batch_1_wagons[W1906]
3529.0,2025-12-03T10:49:00+00:00,retrofitted,capacity_released,264.0,114.41999999999993,0.0,43.340909090909065,0.0,-114.41999999999993,"batch_6_wagons[W11970,W3173,W5038,W8631,W9392,W11261]"
3531.0,2025-12-03T10:51:00+00:00,retrofitted,capacity_reserved,264.0,0.0,29.14,0.0,11.037878787878789,29.14,"batch_2_wagons[W11259,W5167]"
3536.0,2025-12-03T10:56:00+00:00,retrofit,capacity_released,319.5,300.1039999999999,256.93999999999994,93.92926447574332,80.41940532081375,-43.164,"batch_2_wagons[W3811,W2926]"
3557.75,2025-12-03T11:17:45+00:00,collection2,capacity_reserved,375.0,349.17999999999995,370.0199999999999,93.11466666666665,98.67199999999998,20.84,batch_1_wagons[W5057]
3613.5,2025-12-03T12:13:30+00:00,parking14,capacity_reserved,555.0,80.21000000000001,194.63,14.452252252252254,35.06846846846847,114.42,"batch_6_wagons[W11970,W3173,W5038,W8631,W9392,W11261]"
3685.5,2025-12-03T13:25:30+00:00,retrofitted,capacity_reserved,264.0,29.14,64.28,11.037878787878789,24.34848484848485,35.14,"batch_2_wagons[W4666,W11269]"
3690.5,2025-12-03T13:30:30+00:00,retrofit,capacity_released,319.5,256.93999999999994,215.17999999999995,80.41940532081375,67.34898278560249,-41.76,"batch_2_wagons[W9274,W8613]"
3702.5,2025-12-03T13:42:30+00:00,retrofitted,capacity_reserved,264.0,64.28,107.444,24.34848484848485,40.69848484848485,43.164,"batch_2_wagons[W3811,W2926]"
3707.5,2025-12-03T13:47:30+00:00,retrofit,capacity_released,319.5,215.17999999999995,178.53999999999996,67.34898278560249,55.88106416275429,-36.64,"batch_2_wagons[W10130,W9721]"
3759.0,2025-12-03T14:39:00+00:00,collection1,capacity_released,375.0,366.9700000000002,229.0600000000002,97.85866666666672,61.08266666666672,-137.91,"batch_10_wagons[W10878,W10889,W11320,W5833,W6096,W0874,W10689,W5838,W11241,W2444]"
3759.0,2025-12-03T14:39:00+00:00,retrofit,capacity_reserved,319.5,178.53999999999996,316.44999999999993,55.88106416275429,99.04538341158057,137.91,"batch_10_wagons[W10878,W10889,W11320,W5833,W6096,W0874,W10689,W5838,W11241,W2444]"
3764.5,2025-12-03T14:44:30+00:00,retrofitted,capacity_released,264.0,107.444,78.304,40.69848484848485,29.66060606060606,-29.14,"batch_2_wagons[W11259,W5167]"
3828.0,2025-12-03T15:48:00+00:00,parking10,capacity_reserved,450.0,0.0,29.14,0.0,6.475555555555555,29.14,"batch_2_wagons[W11259,W5167]"
3890.0,2025-12-03T16:50:00+00:00,collection2,capacity_released,375.0,370.0199999999999,357.67999999999995,98.67199999999998,95.38133333333332,-12.34,batch_1_wagons[W1158]
3890.0,2025-12-03T16:50:00+00:00,retrofit,capacity_reserve_blocked,319.5,316.44999999999993,316.44999999999993,99.04538341158057,99.04538341158057,12.34,batch_1_wagons_WAITING[W1158]
3900.0,2025-12-03T17:00:00+00:00,retrofitted,capacity_reserved,264.0,78.304,120.064,29.66060606060606,45.47878787878788,41.76,"batch_2_wagons[W9274,W8613]"
3902.0,2025-12-03T17:02:00+00:00,retrofitted,capacity_reserved,264.0,120.064,156.704,45.47878787878788,59.357575757575766,36.64,"batch_2_wagons[W10130,W9721]"
3905.0,2025-12-03T17:05:00+00:00,retrofit,capacity_released,319.5,316.44999999999993,296.6499999999999,99.04538341158057,92.84820031298902,-32.14,"batch_2_wagons[W5391,W6682]"
3905.0,2025-12-03T17:05:00+00:00,retrofit,capacity_reserved,319.5,284.30999999999995,296.6499999999999,88.98591549295773,92.84820031298902,12.34,batch_1_wagons[W1158]
3907.0,2025-12-03T17:07:00+00:00,retrofit,capacity_released,319.5,296.6499999999999,271.1699999999999,92.84820031298902,84.87323943661968,-25.48,"batch_2_wagons[W11256,W10892]"
3910.0,2025-12-03T17:10:00+00:00,retrofitted,capacity_released,264.0,156.704,78.4,59.357575757575766,29.6969696969697,-78.304,"batch_4_wagons[W4666,W11269,W3811,W2926]"
3940.75,2025-12-03T17:40:45+00:00,collection1,capacity_reserved,375.0,229.0600000000002,252.9600000000002,61.08266666666672,67.45600000000006,23.9,batch_1_wagons[W2737]
3940.75,2025-12-03T17:40:45+00:00,collection1,capacity_reserved,375.0,252.9600000000002,265.4600000000002,67.45600000000006,70.78933333333339,12.5,batch_1_wagons[W10081]
3940.75,2025-12-03T17:40:45+00:00,collection1,capacity_reserved,375.0,265.4600000000002,278.7100000000002,70.78933333333339,74.32266666666672,13.25,batch_1_wagons[W7253]
3955.25,2025-12-03T17:55:15+00:00,collection1,capacity_reserved,375.0,278.7100000000002,301.9500000000002,74.32266666666672,80.52000000000005,23.24,batch_1_wagons[W2971]
3955.25,2025-12-03T17:55:15+00:00,collection1,capacity_reserved,375.0,301.9500000000002,331.5200000000002,80.52000000000005,88.40533333333339,29.57,batch_1_wagons[W0607]
3997.75,2025-12-03T18:37:45+00:00,collection1,capacity_reserved,375.0,331.5200000000002,354.7600000000002,88.40533333333339,94.60266666666672,23.24,batch_1_wagons[W12036]
3997.75,2025-12-03T18:37:45+00:00,collection1,capacity_reserved,375.0,354.7600000000002,370.6600000000002,94.60266666666672,98.84266666666673,15.9,batch_1_wagons[W9981]
3997.75,2025-12-03T18:37:45+00:00,collection2,capacity_reserved,375.0,357.67999999999995,371.71999999999997,95.38133333333332,99.12533333333332,14.04,batch_1_wagons[W5694]
4036.5,2025-12-03T19:16:30+00:00,parking16,capacity_reserved,937.5,500.22999999999996,578.534,53.357866666666666,61.71029333333333,78.304,"batch_4_wagons[W4666,W11269,W3811,W2926]"
4108.5,2025-12-03T20:28:30+00:00,retrofitted,capacity_reserved,264.0,78.4,110.54,29.6969696969697,41.871212121212125,32.14,"batch_2_wagons[W5391,W6682]"
4113.5,2025-12-03T20:33:30+00:00,retrofit,capacity_released,319.5,271.1699999999999,230.8699999999999,84.87323943661968,72.2597809076682,-40.3,"batch_2_wagons[W9756,W9174]"
4125.5,2025-12-03T20:45:30+00:00,retrofitted,capacity_reserved,264.0,110.54,136.02,41.871212121212125,51.52272727272727,25.48,"batch_2_wagons[W11256,W10892]"
4130.5,2025-12-03T20:50:30+00:00,retrofit,capacity_released,319.5,230.8699999999999,196.9299999999999,72.2597809076682,61.63693270735521,-33.94,"batch_2_wagons[W6140,W10364]"
4162.0,2025-12-03T21:22:00+00:00,collection1,capacity_released,375.0,370.6600000000002,250.1000000000002,98.84266666666673,66.69333333333338,-120.56,"batch_6_wagons[W9329,W12077,W11766,W7115,W11723,W8675]"
4162.0,2025-12-03T21:22:00+00:00,retrofit,capacity_reserved,319.5,196.9299999999999,317.4899999999999,61.63693270735521,99.37089201877932,120.56,"batch_6_wagons[W9329,W12077,W11766,W7115,W11723,W8675]"
4187.5,2025-12-03T21:47:30+00:00,retrofitted,capacity_released,264.0,136.02,57.62000000000002,51.52272727272727,21.82575757575758,-78.39999999999999,"batch_4_wagons[W9274,W8613,W10130,W9721]"
4199.0,2025-12-03T21:59:00+00:00,parking1,capacity_reserved,555.0,121.12,199.51999999999998,21.823423423423424,35.949549549549545,78.39999999999999,"batch_4_wagons[W9274,W8613,W10130,W9721]"
4224.0,2025-12-03T22:24:00+00:00,retrofitted,capacity_reserved,264.0,57.62000000000002,97.92000000000002,21.82575757575758,37.09090909090909,40.3,"batch_2_wagons[W9756,W9174]"
4229.0,2025-12-03T22:29:00+00:00,retrofit,capacity_released,319.5,317.4899999999999,290.7099999999999,99.37089201877932,90.98904538341156,-26.78,"batch_2_wagons[W6077,W11254]"
4234.0,2025-12-03T22:34:00+00:00,retrofitted,capacity_released,264.0,97.92000000000002,40.30000000000002,37.09090909090909,15.265151515151523,-57.62,"batch_4_wagons[W5391,W6682,W11256,W10892]"
4293.0,2025-12-03T23:33:00+00:00,collection2,capacity_released,375.0,371.71999999999997,347.03999999999996,99.12533333333332,92.544,-24.68,"batch_2_wagons[W1139,W1149]"
4293.0,2025-12-03T23:33:00+00:00,retrofit,capacity_reserved,319.5,290.7099999999999,315.38999999999993,90.98904538341156,98.71361502347415,24.68,"batch_2_wagons[W1139,W1149]"
4300.5,2025-12-03T23:40:30+00:00,parking12,capacity_reserved,555.0,129.60999999999999,187.23,23.35315315315315,33.73513513513514,57.62,"batch_4_wagons[W5391,W6682,W11256,W10892]"
4305.0,2025-12-03T23:45:00+00:00,retrofitted,capacity_reserved,264.0,40.30000000000002,74.24000000000001,15.265151515151523,28.121212121212125,33.94,"batch_2_wagons[W6140,W10364]"
4310.0,2025-12-03T23:50:00+00:00,retrofit,capacity_released,319.5,315.38999999999993,282.74999999999994,98.71361502347415,88.4976525821596,-32.64,"batch_2_wagons[W1906,W10878]"
4379.0,2025-12-04T00:59:00+00:00,collection1,capacity_reserved,375.0,250.1000000000002,264.1400000000002,66.69333333333338,70.43733333333338,14.04,batch_1_wagons[W6246]
4379.0,2025-12-04T00:59:00+00:00,collection1,capacity_reserved,375.0,264.1400000000002,278.18000000000023,70.43733333333338,74.1813333333334,14.04,batch_1_wagons[W5947]
4379.0,2025-12-04T00:59:00+00:00,collection1,capacity_reserved,375.0,278.18000000000023,292.22000000000025,74.1813333333334,77.9253333333334,14.04,batch_1_wagons[W5711]
4379.0,2025-12-04T00:59:00+00:00,collection1,capacity_reserved,375.0,292.22000000000025,306.2600000000003,77.9253333333334,81.6693333333334,14.04,batch_1_wagons[W6884]
4379.0,2025-12-04T00:59:00+00:00,collection1,capacity_reserved,375.0,306.2600000000003,320.5500000000003,81.6693333333334,85.48000000000008,14.29,batch_1_wagons[W5575]
4403.5,2025-12-04T01:23:30+00:00,retrofitted,capacity_reserved,264.0,74.24000000000001,101.02000000000001,28.121212121212125,38.265151515151516,26.78,"batch_2_wagons[W6077,W11254]"
4408.5,2025-12-04T01:28:30+00:00,retrofit,capacity_released,319.5,282.74999999999994,255.06999999999994,88.4976525821596,79.83411580594677,-27.68,"batch_2_wagons[W10889,W11320]"
4411.5,2025-12-04T01:31:30+00:00,retrofitted,capacity_released,264.0,101.02000000000001,26.780000000000015,38.265151515151516,10.1439393939394,-74.24,"batch_4_wagons[W9756,W9174,W6140,W10364]"
4446.5,2025-12-04T02:06:30+00:00,retrofitted,capacity_reserved,264.0,26.780000000000015,59.420000000000016,10.1439393939394,22.50757575757576,32.64,"batch_2_wagons[W1906,W10878]"
4451.5,2025-12-04T02:11:30+00:00,retrofit,capacity_released,319.5,255.06999999999994,226.98999999999995,79.83411580594677,71.04538341158057,-28.08,"batch_2_wagons[W5833,W6096]"
4478.0,2025-12-04T02:38:00+00:00,parking10,capacity_reserved,450.0,29.14,103.38,6.475555555555555,22.973333333333333,74.24,"batch_4_wagons[W9756,W9174,W6140,W10364]"
4491.5,2025-12-04T02:51:30+00:00,collection1,capacity_reserved,375.0,320.5500000000003,342.9000000000003,85.48000000000008,91.44000000000008,22.35,batch_1_wagons[W8085]
4491.5,2025-12-04T02:51:30+00:00,collection1,capacity_reserved,375.0,342.9000000000003,365.25000000000034,91.44000000000008,97.40000000000009,22.35,batch_1_wagons[W8082]
4491.5,2025-12-04T02:51:30+00:00,collection2,capacity_reserved,375.0,347.03999999999996,369.39,92.544,98.50399999999999,22.35,batch_1_wagons[W8052]
4550.0,2025-12-04T03:50:00+00:00,retrofitted,capacity_reserved,264.0,59.420000000000016,87.10000000000002,22.50757575757576,32.99242424242425,27.68,"batch_2_wagons[W10889,W11320]"
4555.0,2025-12-04T03:55:00+00:00,retrofit,capacity_released,319.5,226.98999999999995,202.54999999999995,71.04538341158057,63.39593114241,-24.439999999999998,"batch_2_wagons[W0874,W10689]"
4622.5,2025-12-04T05:02:30+00:00,collection1,capacity_released,375.0,365.25000000000034,256.75000000000034,97.40000000000009,68.46666666666675,-108.5,"batch_6_wagons[W10706,W5446,W10881,W10924,W0678,W4655]"
4622.5,2025-12-04T05:02:30+00:00,retrofit,capacity_reserved,319.5,202.54999999999995,311.04999999999995,63.39593114241,97.35524256651016,108.5,"batch_6_wagons[W10706,W5446,W10881,W10924,W0678,W4655]"
4627.5,2025-12-04T05:07:30+00:00,retrofitted,capacity_released,264.0,87.10000000000002,27.68000000000002,32.99242424242425,10.484848484848493,-59.42,"batch_4_wagons[W6077,W11254,W1906,W10878]"
4654.5,2025-12-04T05:34:30+00:00,collection1,capacity_reserved,375.0,256.75000000000034,290.95000000000033,68.46666666666675,77.58666666666676,34.2,batch_1_wagons[W8383]
4654.5,2025-12-04T05:34:30+00:00,collection1,capacity_reserved,375.0,290.95000000000033,325.1500000000003,77.58666666666676,86.70666666666675,34.2,batch_1_wagons[W8381]
4676.75,2025-12-04T05:56:45+00:00,collection1,capacity_reserved,375.0,325.1500000000003,343.1500000000003,86.70666666666675,91.50666666666675,18.0,batch_1_wagons[W9067]
4676.75,2025-12-04T05:56:45+00:00,collection1,capacity_reserved,375.0,343.1500000000003,358.6500000000003,91.50666666666675,95.64000000000009,15.5,batch_1_wagons[W0117]
4676.75,2025-12-04T05:56:45+00:00,collection1,capacity_reserved,375.0,358.6500000000003,374.1500000000003,95.64000000000009,99.77333333333341,15.5,batch_1_wagons[W0191]
4709.0,2025-12-04T06:29:00+00:00,parking13,capacity_reserved,555.0,145.29000000000002,204.71000000000004,26.17837837837838,36.88468468468469,59.42,"batch_4_wagons[W6077,W11254,W1906,W10878]"
4746.0,2025-12-04T07:06:00+00:00,collection2,capacity_released,375.0,369.39,357.05,98.50399999999999,95.21333333333334,-12.34,batch_1_wagons[W1150]
4746.0,2025-12-04T07:06:00+00:00,retrofit,capacity_reserve_blocked,319.5,311.04999999999995,311.04999999999995,97.35524256651016,97.35524256651016,12.34,batch_1_wagons_WAITING[W1150]
4758.0,2025-12-04T07:18:00+00:00,retrofitted,capacity_reserved,264.0,27.68000000000002,55.76000000000002,10.484848484848493,21.121212121212128,28.08,"batch_2_wagons[W5833,W6096]"
4761.25,2025-12-04T07:21:15+00:00,collection2,capacity_reserved,375.0,357.05,369.59000000000003,95.21333333333334,98.55733333333335,12.54,batch_1_wagons[W11596]
4763.0,2025-12-04T07:23:00+00:00,retrofit,capacity_released,319.5,311.04999999999995,294.4099999999999,97.35524256651016,92.14710485133017,-28.979999999999997,"batch_2_wagons[W5838,W11241]"
4763.0,2025-12-04T07:23:00+00:00,retrofit,capacity_reserved,319.5,282.06999999999994,294.4099999999999,88.28482003129888,92.14710485133017,12.34,batch_1_wagons[W1150]
4775.0,2025-12-04T07:35:00+00:00,retrofitted,capacity_reserved,264.0,55.76000000000002,80.20000000000002,21.121212121212128,30.378787878787882,24.439999999999998,"batch_2_wagons[W0874,W10689]"
4780.0,2025-12-04T07:40:00+00:00,retrofit,capacity_released,319.5,294.4099999999999,266.0799999999999,92.14710485133017,83.28012519561813,-28.33,"batch_2_wagons[W2444,W1158]"
4937.0,2025-12-04T10:17:00+00:00,collection2,capacity_released,375.0,369.59000000000003,316.58000000000004,98.55733333333335,84.42133333333335,-53.01,"batch_4_wagons[W1151,W1152,W5978,W5686]"
4937.0,2025-12-04T10:17:00+00:00,retrofit,capacity_reserved,319.5,266.0799999999999,319.0899999999999,83.28012519561813,99.87167449139277,53.01,"batch_4_wagons[W1151,W1152,W5978,W5686]"
4949.0,2025-12-04T10:29:00+00:00,retrofitted,capacity_reserved,264.0,80.20000000000002,109.18,30.378787878787882,41.35606060606061,28.979999999999997,"batch_2_wagons[W5838,W11241]"
4954.0,2025-12-04T10:34:00+00:00,retrofit,capacity_released,319.5,319.0899999999999,277.8499999999999,99.87167449139277,86.96400625978087,-41.239999999999995,"batch_2_wagons[W9329,W12077]"
4966.0,2025-12-04T10:46:00+00:00,retrofitted,capacity_reserved,264.0,109.18,137.51,41.35606060606061,52.08712121212121,28.33,"batch_2_wagons[W2444,W1158]"
4966.0,2025-12-04T10:46:00+00:00,collection1,capacity_released,375.0,374.1500000000003,337.75000000000034,99.77333333333341,90.06666666666676,-36.4,"batch_2_wagons[W2737,W10081]"
4966.0,2025-12-04T10:46:00+00:00,retrofit,capacity_reserved,319.5,277.8499999999999,314.2499999999999,86.96400625978087,98.35680751173706,36.4,"batch_2_wagons[W2737,W10081]"
4971.0,2025-12-04T10:51:00+00:00,retrofit,capacity_released,319.5,314.2499999999999,284.4099999999999,98.35680751173706,89.01721439749606,-29.84,"batch_2_wagons[W11766,W7115]"
4976.0,2025-12-04T10:56:00+00:00,retrofitted,capacity_released,264.0,137.51,81.75,52.08712121212121,30.96590909090909,-55.76,"batch_4_wagons[W10889,W11320,W5833,W6096]"
5011.0,2025-12-04T11:31:00+00:00,collection1,capacity_reserved,375.0,337.75000000000034,366.2700000000003,90.06666666666676,97.67200000000008,28.52,batch_1_wagons[W0677]
5011.0,2025-12-04T11:31:00+00:00,collection2,capacity_reserved,375.0,316.58000000000004,343.58000000000004,84.42133333333335,91.62133333333334,27.0,batch_1_wagons[W0924]
5011.0,2025-12-04T11:31:00+00:00,collection2,capacity_reserved,375.0,343.58000000000004,370.58000000000004,91.62133333333334,98.82133333333334,27.0,batch_1_wagons[W0685]
5057.5,2025-12-04T12:17:30+00:00,parking15,capacity_reserved,555.0,155.98,211.73999999999998,28.1045045045045,38.15135135135135,55.76,"batch_4_wagons[W10889,W11320,W5833,W6096]"
5059.5,2025-12-04T12:19:30+00:00,retrofitted,capacity_reserved,264.0,81.75,122.99,30.96590909090909,46.587121212121204,41.239999999999995,"batch_2_wagons[W9329,W12077]"
5064.5,2025-12-04T12:24:30+00:00,retrofit,capacity_released,319.5,284.4099999999999,234.92999999999992,89.01721439749606,73.53051643192485,-49.48,"batch_2_wagons[W11723,W8675]"
5102.5,2025-12-04T13:02:30+00:00,retrofitted,capacity_reserved,264.0,122.99,152.82999999999998,46.587121212121204,57.89015151515151,29.84,"batch_2_wagons[W11766,W7115]"
5107.5,2025-12-04T13:07:30+00:00,retrofit,capacity_released,319.5,234.92999999999992,210.24999999999991,73.53051643192485,65.80594679186225,-24.68,"batch_2_wagons[W1139,W1149]"
5262.5,2025-12-04T15:42:30+00:00,collection2,capacity_released,375.0,370.58000000000004,275.00000000000006,98.82133333333334,73.33333333333336,-95.58,"batch_6_wagons[W5403,W9401,W4793,W11718,W7261,W7263]"
5262.5,2025-12-04T15:42:30+00:00,retrofit,capacity_reserved,319.5,210.24999999999991,305.8299999999999,65.80594679186225,95.72143974960873,95.58,"batch_6_wagons[W5403,W9401,W4793,W11718,W7261,W7263]"
5274.5,2025-12-04T15:54:30+00:00,retrofitted,capacity_reserved,264.0,152.82999999999998,202.30999999999997,57.89015151515151,76.63257575757575,49.48,"batch_2_wagons[W11723,W8675]"
5279.5,2025-12-04T15:59:30+00:00,retrofit,capacity_released,319.5,305.8299999999999,275.38999999999993,95.72143974960873,86.19405320813769,-30.439999999999998,"batch_2_wagons[W10706,W5446]"
5282.5,2025-12-04T16:02:30+00:00,collection1,capacity_released,375.0,366.2700000000003,329.7800000000003,97.67200000000008,87.94133333333342,-36.489999999999995,"batch_2_wagons[W7253,W2971]"
5282.5,2025-12-04T16:02:30+00:00,retrofit,capacity_reserved,319.5,275.38999999999993,311.87999999999994,86.19405320813769,97.61502347417839,36.489999999999995,"batch_2_wagons[W7253,W2971]"
5291.5,2025-12-04T16:11:30+00:00,retrofitted,capacity_reserved,264.0,202.30999999999997,226.98999999999998,76.63257575757575,85.9810606060606,24.68,"batch_2_wagons[W1139,W1149]"
5296.5,2025-12-04T16:16:30+00:00,retrofit,capacity_released,319.5,311.87999999999994,284.73999999999995,97.61502347417839,89.1205007824726,-27.14,"batch_2_wagons[W10881,W10924]"
5301.5,2025-12-04T16:21:30+00:00,retrofitted,capacity_released,264.0,226.98999999999998,74.16,85.9810606060606,28.09090909090909,-152.82999999999998,"batch_10_wagons[W0874,W10689,W5838,W11241,W2444,W1158,W9329,W12077,W11766,W7115]"
5376.0,2025-12-04T17:36:00+00:00,retrofitted,capacity_reserved,264.0,74.16,104.6,28.09090909090909,39.62121212121212,30.439999999999998,"batch_2_wagons[W10706,W5446]"
5377.0,2025-12-04T17:37:00+00:00,parking12,capacity_reserved,555.0,187.23,340.05999999999995,33.73513513513514,61.272072072072056,152.82999999999998,"batch_10_wagons[W0874,W10689,W5838,W11241,W2444,W1158,W9329,W12077,W11766,W7115]"
5381.0,2025-12-04T17:41:00+00:00,retrofit,capacity_released,319.5,284.73999999999995,233.81999999999994,89.1205007824726,73.18309859154928,-50.92,"batch_2_wagons[W0678,W4655]"
5397.75,2025-12-04T17:57:45+00:00,collection1,capacity_reserved,375.0,329.7800000000003,348.82000000000033,87.94133333333342,93.01866666666676,19.04,batch_1_wagons[W7316]
5397.75,2025-12-04T17:57:45+00:00,collection1,capacity_reserved,375.0,348.82000000000033,367.86000000000035,93.01866666666676,98.09600000000009,19.04,batch_1_wagons[W9534]
5397.75,2025-12-04T17:57:45+00:00,collection2,capacity_reserved,375.0,275.00000000000006,287.55000000000007,73.33333333333336,76.68000000000002,12.55,batch_1_wagons[W11953]
5397.75,2025-12-04T17:57:45+00:00,collection2,capacity_reserved,375.0,287.55000000000007,301.25000000000006,76.68000000000002,80.33333333333334,13.7,batch_1_wagons[W9237]
5397.75,2025-12-04T17:57:45+00:00,collection2,capacity_reserved,375.0,301.25000000000006,324.51400000000007,80.33333333333334,86.53706666666669,23.264,batch_1_wagons[W2853]
5397.75,2025-12-04T17:57:45+00:00,collection2,capacity_reserved,375.0,324.51400000000007,340.51400000000007,86.53706666666669,90.80373333333334,16.0,batch_1_wagons[W2415]
5397.75,2025-12-04T17:57:45+00:00,collection2,capacity_reserved,375.0,340.51400000000007,359.65400000000005,90.80373333333334,95.90773333333334,19.14,batch_1_wagons[W10093]
5397.75,2025-12-04T17:57:45+00:00,collection2,capacity_reserved,375.0,359.65400000000005,372.1940000000001,95.90773333333334,99.25173333333336,12.54,batch_1_wagons[W11640]
5419.0,2025-12-04T18:19:00+00:00,retrofitted,capacity_reserved,264.0,104.6,131.74,39.62121212121212,49.901515151515156,27.14,"batch_2_wagons[W10881,W10924]"
5424.0,2025-12-04T18:24:00+00:00,retrofit,capacity_released,319.5,233.81999999999994,209.13999999999993,73.18309859154928,65.45852895148667,-24.68,"batch_2_wagons[W1150,W1151]"
5475.0,2025-12-04T19:15:00+00:00,retrofitted,capacity_reserved,264.0,131.74,182.66000000000003,49.901515151515156,69.18939393939395,50.92,"batch_2_wagons[W0678,W4655]"
5480.0,2025-12-04T19:20:00+00:00,retrofit,capacity_released,319.5,209.13999999999993,182.50999999999993,65.45852895148667,57.12363067292643,-26.63,"batch_2_wagons[W1152,W5978]"
5595.0,2025-12-04T21:15:00+00:00,collection2,capacity_released,375.0,372.1940000000001,237.3640000000001,99.25173333333336,63.29706666666669,-134.82999999999998,"batch_8_wagons[W6339,W3618,W7252,W6352,W10321,W7155,W9959,W8705]"
5595.0,2025-12-04T21:15:00+00:00,retrofit,capacity_reserved,319.5,182.50999999999993,317.3399999999999,57.12363067292643,99.3239436619718,134.82999999999998,"batch_8_wagons[W6339,W3618,W7252,W6352,W10321,W7155,W9959,W8705]"
5607.0,2025-12-04T21:27:00+00:00,retrofitted,capacity_reserved,264.0,182.66000000000003,207.34000000000003,69.18939393939395,78.5378787878788,24.68,"batch_2_wagons[W1150,W1151]"
5612.0,2025-12-04T21:32:00+00:00,retrofit,capacity_released,319.5,317.3399999999999,279.3999999999999,99.3239436619718,87.44913928012517,-37.94,"batch_2_wagons[W5686,W2737]"
5619.0,2025-12-04T21:39:00+00:00,collection1,capacity_released,375.0,367.86000000000035,338.29000000000036,98.09600000000009,90.21066666666677,-29.57,batch_1_wagons[W0607]
5619.0,2025-12-04T21:39:00+00:00,retrofit,capacity_reserved,319.5,279.3999999999999,308.9699999999999,87.44913928012517,96.70422535211264,29.57,batch_1_wagons[W0607]
5643.0,2025-12-04T22:03:00+00:00,retrofitted,capacity_released,264.0,207.34000000000003,75.60000000000002,78.5378787878788,28.636363636363644,-131.74,"batch_8_wagons[W11723,W8675,W1139,W1149,W10706,W5446,W10881,W10924]"
5705.5,2025-12-04T23:05:30+00:00,retrofitted,capacity_reserved,264.0,75.60000000000002,102.23000000000002,28.636363636363644,38.72348484848486,26.63,"batch_2_wagons[W1152,W5978]"
5710.5,2025-12-04T23:10:30+00:00,retrofit,capacity_released,319.5,308.9699999999999,280.06999999999994,96.70422535211264,87.65884194053206,-28.9,"batch_2_wagons[W10081,W5403]"
5722.5,2025-12-04T23:22:30+00:00,retrofitted,capacity_reserved,264.0,102.23000000000002,140.17000000000002,38.72348484848486,53.094696969696976,37.94,"batch_2_wagons[W5686,W2737]"
5724.0,2025-12-04T23:24:00+00:00,collection1,capacity_reserved,375.0,338.29000000000036,364.6400000000004,90.21066666666677,97.23733333333342,26.35,batch_1_wagons[W11482]
5724.0,2025-12-04T23:24:00+00:00,collection2,capacity_reserved,375.0,237.3640000000001,260.6040000000001,63.29706666666669,69.49440000000003,23.24,batch_1_wagons[W8671]
5724.0,2025-12-04T23:24:00+00:00,collection2,capacity_reserved,375.0,260.6040000000001,273.3440000000001,69.49440000000003,72.89173333333336,12.74,batch_1_wagons[W11252]
5724.0,2025-12-04T23:24:00+00:00,collection2,capacity_reserved,375.0,273.3440000000001,289.7440000000001,72.89173333333336,77.2650666666667,16.4,batch_1_wagons[W5452]
5724.0,2025-12-04T23:24:00+00:00,collection2,capacity_reserved,375.0,289.7440000000001,303.7840000000001,77.2650666666667,81.0090666666667,14.04,batch_1_wagons[W6800]
5727.5,2025-12-04T23:27:30+00:00,retrofit,capacity_released,319.5,280.06999999999994,253.62999999999994,87.65884194053206,79.38341158059467,-26.439999999999998,"batch_2_wagons[W9401,W4793]"
5730.5,2025-12-04T23:30:30+00:00,parking14,capacity_reserved,555.0,194.63,326.37,35.06846846846847,58.80540540540541,131.74,"batch_8_wagons[W11723,W8675,W1139,W1149,W10706,W5446,W10881,W10924]"
5758.0,2025-12-04T23:58:00+00:00,collection2,capacity_reserved,375.0,303.7840000000001,337.9840000000001,81.0090666666667,90.12906666666669,34.2,batch_1_wagons[W8380]
5758.0,2025-12-04T23:58:00+00:00,collection2,capacity_reserved,375.0,337.9840000000001,372.1840000000001,90.12906666666669,99.24906666666669,34.2,batch_1_wagons[W8378]
5921.5,2025-12-05T02:41:30+00:00,collection1,capacity_released,375.0,364.6400000000004,311.4600000000004,97.23733333333342,83.0560000000001,-53.18,"batch_3_wagons[W12036,W9981,W6246]"
5921.5,2025-12-05T02:41:30+00:00,retrofit,capacity_reserved,319.5,253.62999999999994,306.80999999999995,79.38341158059467,96.02816901408448,53.18,"batch_3_wagons[W12036,W9981,W6246]"
5923.75,2025-12-05T02:43:45+00:00,collection1,capacity_reserved,375.0,311.4600000000004,332.30000000000035,83.0560000000001,88.61333333333343,20.84,batch_1_wagons[W10581]
5923.75,2025-12-05T02:43:45+00:00,collection1,capacity_reserved,375.0,332.30000000000035,348.80000000000035,88.61333333333343,93.01333333333342,16.5,batch_1_wagons[W11344]
5923.75,2025-12-05T02:43:45+00:00,collection1,capacity_reserved,375.0,348.80000000000035,372.06400000000036,93.01333333333342,99.21706666666677,23.264,batch_1_wagons[W10258]
5933.5,2025-12-05T02:53:30+00:00,retrofitted,capacity_reserved,264.0,140.17000000000002,169.07000000000002,53.094696969696976,64.04166666666667,28.9,"batch_2_wagons[W10081,W5403]"
5938.5,2025-12-05T02:58:30+00:00,retrofit,capacity_released,319.5,306.80999999999995,267.31999999999994,96.02816901408448,83.66823161189356,-39.489999999999995,"batch_2_wagons[W11718,W7261]"
5950.5,2025-12-05T03:10:30+00:00,retrofitted,capacity_reserved,264.0,169.07000000000002,195.51000000000002,64.04166666666667,74.05681818181819,26.439999999999998,"batch_2_wagons[W9401,W4793]"
5955.5,2025-12-05T03:15:30+00:00,retrofit,capacity_released,319.5,267.31999999999994,240.81999999999994,83.66823161189356,75.37402190923316,-26.5,"batch_2_wagons[W7263,W7253]"
5966.5,2025-12-05T03:26:30+00:00,collection2,capacity_released,375.0,372.1840000000001,298.5540000000001,99.24906666666669,79.61440000000002,-73.63,"batch_4_wagons[W5127,W5057,W5694,W8052]"
5966.5,2025-12-05T03:26:30+00:00,retrofit,capacity_reserved,319.5,240.81999999999994,314.44999999999993,75.37402190923316,98.41940532081375,73.63,"batch_4_wagons[W5127,W5057,W5694,W8052]"
5986.5,2025-12-05T03:46:30+00:00,retrofitted,capacity_released,264.0,195.51000000000002,55.34000000000003,74.05681818181819,20.962121212121225,-140.17,"batch_8_wagons[W0678,W4655,W1150,W1151,W1152,W5978,W5686,W2737]"
6049.0,2025-12-05T04:49:00+00:00,retrofitted,capacity_reserved,264.0,55.34000000000003,94.83000000000003,20.962121212121225,35.920454545454554,39.489999999999995,"batch_2_wagons[W11718,W7261]"
6054.0,2025-12-05T04:54:00+00:00,retrofit,capacity_released,319.5,314.44999999999993,261.63999999999993,98.41940532081375,81.89045383411579,-52.81,"batch_2_wagons[W2971,W0607]"
6066.0,2025-12-05T05:06:00+00:00,retrofitted,capacity_reserved,264.0,94.83000000000003,121.33000000000003,35.920454545454554,45.95833333333334,26.5,"batch_2_wagons[W7263,W7253]"
6067.5,2025-12-05T05:07:30+00:00,collection2,capacity_reserved,375.0,298.5540000000001,314.95400000000006,79.61440000000002,83.98773333333335,16.4,batch_1_wagons[W9440]
6067.5,2025-12-05T05:07:30+00:00,collection2,capacity_reserved,375.0,314.95400000000006,331.35400000000004,83.98773333333335,88.36106666666667,16.4,batch_1_wagons[W9489]
6067.5,2025-12-05T05:07:30+00:00,collection2,capacity_reserved,375.0,331.35400000000004,355.254,88.36106666666667,94.73440000000001,23.9,batch_1_wagons[W2712]
6071.0,2025-12-05T05:11:00+00:00,retrofit,capacity_released,319.5,261.63999999999993,227.69999999999993,81.89045383411579,71.2676056338028,-33.94,"batch_2_wagons[W6339,W3618]"
6119.0,2025-12-05T05:59:00+00:00,parking16,capacity_reserved,937.5,578.534,718.704,61.71029333333333,76.66175999999999,140.17,"batch_8_wagons[W0678,W4655,W1150,W1151,W1152,W5978,W5686,W2737]"
6191.0,2025-12-05T07:11:00+00:00,retrofitted,capacity_reserved,264.0,121.33000000000003,174.14000000000004,45.95833333333334,65.96212121212123,52.81,"batch_2_wagons[W2971,W0607]"
6196.0,2025-12-05T07:16:00+00:00,retrofit,capacity_released,319.5,227.69999999999993,200.40999999999994,71.2676056338028,62.72613458528949,-27.29,"batch_2_wagons[W7252,W6352]"
6208.0,2025-12-05T07:28:00+00:00,retrofitted,capacity_reserved,264.0,174.14000000000004,208.08000000000004,65.96212121212123,78.81818181818183,33.94,"batch_2_wagons[W6339,W3618]"
6213.0,2025-12-05T07:33:00+00:00,retrofit,capacity_released,319.5,200.40999999999994,165.94999999999993,62.72613458528949,51.940532081377135,-34.46,"batch_2_wagons[W10321,W7155]"
6270.0,2025-12-05T08:30:00+00:00,collection1,capacity_released,375.0,372.06400000000036,236.75400000000036,99.21706666666677,63.1344000000001,-135.31,"batch_7_wagons[W5947,W5711,W6884,W5575,W8085,W8082,W8383]"
6270.0,2025-12-05T08:30:00+00:00,retrofit,capacity_reserved,319.5,165.94999999999993,301.25999999999993,51.940532081377135,94.29107981220656,135.31,"batch_7_wagons[W5947,W5711,W6884,W5575,W8085,W8082,W8383]"
6275.0,2025-12-05T08:35:00+00:00,retrofitted,capacity_released,264.0,208.08000000000004,86.75000000000004,78.81818181818183,32.859848484848506,-121.33,"batch_8_wagons[W10081,W5403,W9401,W4793,W11718,W7261,W7263,W7253]"
6292.5,2025-12-05T08:52:30+00:00,parking1,capacity_reserved,555.0,199.51999999999998,320.84999999999997,35.949549549549545,57.81081081081081,121.33,"batch_8_wagons[W10081,W5403,W9401,W4793,W11718,W7261,W7263,W7253]"
6309.5,2025-12-05T09:09:30+00:00,retrofitted,capacity_reserved,264.0,86.75000000000004,114.04000000000005,32.859848484848506,43.19696969696972,27.29,"batch_2_wagons[W7252,W6352]"
6314.5,2025-12-05T09:14:30+00:00,retrofit,capacity_released,319.5,301.25999999999993,262.11999999999995,94.29107981220656,82.04068857589982,-39.14,"batch_2_wagons[W9959,W8705]"
6319.5,2025-12-05T09:19:30+00:00,retrofitted,capacity_released,264.0,114.04000000000005,27.29000000000005,43.19696969696972,10.33712121212123,-86.75,"batch_4_wagons[W2971,W0607,W6339,W3618]"
6401.0,2025-12-05T10:41:00+00:00,parking13,capacity_reserved,555.0,204.71000000000004,291.46000000000004,36.88468468468469,52.51531531531533,86.75,"batch_4_wagons[W2971,W0607,W6339,W3618]"
6420.0,2025-12-05T11:00:00+00:00,collection2,capacity_released,375.0,355.254,315.714,94.73440000000001,84.1904,-39.54,"batch_2_wagons[W11596,W0924]"
6420.0,2025-12-05T11:00:00+00:00,retrofit,capacity_reserved,319.5,262.11999999999995,301.65999999999997,82.04068857589982,94.41627543035993,39.54,"batch_2_wagons[W11596,W0924]"
6432.0,2025-12-05T11:12:00+00:00,retrofitted,capacity_reserved,264.0,27.29000000000005,61.75000000000005,10.33712121212123,23.390151515151533,34.46,"batch_2_wagons[W10321,W7155]"
6437.0,2025-12-05T11:17:00+00:00,retrofit,capacity_released,319.5,301.65999999999997,262.52,94.41627543035993,82.1658841940532,-39.14,"batch_2_wagons[W12036,W9981]"
6475.5,2025-12-05T11:55:30+00:00,collection1,capacity_reserved,375.0,236.75400000000036,260.01800000000037,63.1344000000001,69.33813333333343,23.264,batch_1_wagons[W10249]
6475.5,2025-12-05T11:55:30+00:00,collection1,capacity_reserved,375.0,260.01800000000037,275.8180000000004,69.33813333333343,73.55146666666677,15.8,batch_1_wagons[W2050]
6475.5,2025-12-05T11:55:30+00:00,collection1,capacity_reserved,375.0,275.8180000000004,291.6180000000004,73.55146666666677,77.7648000000001,15.8,batch_1_wagons[W2386]
6475.5,2025-12-05T11:55:30+00:00,collection1,capacity_reserved,375.0,291.6180000000004,314.8820000000004,77.7648000000001,83.96853333333344,23.264,batch_1_wagons[W10254]
6475.5,2025-12-05T11:55:30+00:00,collection1,capacity_reserved,375.0,314.8820000000004,338.1220000000004,83.96853333333344,90.16586666666677,23.24,batch_1_wagons[W12057]
6475.5,2025-12-05T11:55:30+00:00,collection1,capacity_reserved,375.0,338.1220000000004,355.3020000000004,90.16586666666677,94.7472000000001,17.18,batch_1_wagons[W2136]
6595.0,2025-12-05T13:55:00+00:00,collection1,capacity_reserved,375.0,355.3020000000004,371.7020000000004,94.7472000000001,99.12053333333344,16.4,batch_1_wagons[W5282]
6595.0,2025-12-05T13:55:00+00:00,collection2,capacity_reserved,375.0,315.714,332.654,84.1904,88.70773333333332,16.94,batch_1_wagons[W9940]
6595.0,2025-12-05T13:55:00+00:00,collection2,capacity_reserved,375.0,332.654,350.654,88.70773333333332,93.50773333333333,18.0,batch_1_wagons[W9081]
6595.0,2025-12-05T13:55:00+00:00,collection2,capacity_reserved,375.0,350.654,373.894,93.50773333333333,99.70506666666667,23.24,batch_1_wagons[W12074]
6626.0,2025-12-05T14:26:00+00:00,collection2,capacity_released,375.0,373.894,320.644,99.70506666666667,85.50506666666668,-53.25,"batch_3_wagons[W0685,W11953,W9237]"
6626.0,2025-12-05T14:26:00+00:00,retrofit,capacity_reserved,319.5,262.52,315.77,82.1658841940532,98.83255086071986,53.25,"batch_3_wagons[W0685,W11953,W9237]"
6638.0,2025-12-05T14:38:00+00:00,retrofitted,capacity_reserved,264.0,61.75000000000005,100.89000000000004,23.390151515151533,38.21590909090911,39.14,"batch_2_wagons[W9959,W8705]"
6642.0,2025-12-05T14:42:00+00:00,collection1,capacity_released,375.0,371.7020000000004,337.5020000000004,99.12053333333344,90.00053333333344,-34.2,batch_1_wagons[W8381]
6642.0,2025-12-05T14:42:00+00:00,retrofit,capacity_reserve_blocked,319.5,315.77,315.77,98.83255086071986,98.83255086071986,34.2,batch_1_wagons_WAITING[W8381]
6643.0,2025-12-05T14:43:00+00:00,retrofit,capacity_released,319.5,315.77,285.33,98.83255086071986,89.30516431924882,-30.439999999999998,"batch_2_wagons[W6246,W5127]"
6648.0,2025-12-05T14:48:00+00:00,retrofitted,capacity_released,264.0,100.89000000000004,39.14000000000004,38.21590909090911,14.825757575757592,-61.75,"batch_4_wagons[W7252,W6352,W10321,W7155]"
6654.0,2025-12-05T14:54:00+00:00,retrofitted,capacity_reserved,264.0,39.14000000000004,78.28000000000004,14.825757575757592,29.651515151515166,39.14,"batch_2_wagons[W12036,W9981]"
6659.0,2025-12-05T14:59:00+00:00,retrofit,capacity_released,319.5,285.33,284.65,89.30516431924882,89.0923317683881,-34.879999999999995,"batch_2_wagons[W5057,W5694]"
6659.0,2025-12-05T14:59:00+00:00,retrofit,capacity_reserved,319.5,250.45,284.65,78.38810641627543,89.0923317683881,34.2,batch_1_wagons[W8381]
6666.5,2025-12-05T15:06:30+00:00,collection1,capacity_reserved,375.0,337.5020000000004,356.5420000000004,90.00053333333344,95.07786666666678,19.04,batch_1_wagons[W7542]
6666.5,2025-12-05T15:06:30+00:00,collection2,capacity_reserved,375.0,320.644,343.044,85.50506666666668,91.4784,22.4,batch_1_wagons[W8990]
6666.5,2025-12-05T15:06:30+00:00,collection1,capacity_reserved,375.0,356.5420000000004,370.9420000000004,95.07786666666678,98.91786666666678,14.4,batch_1_wagons[W10814]
6666.5,2025-12-05T15:06:30+00:00,collection2,capacity_reserved,375.0,343.044,367.044,91.4784,97.8784,24.0,batch_1_wagons[W8952]
6714.5,2025-12-05T15:54:30+00:00,parking10,capacity_reserved,450.0,103.38,165.13,22.973333333333333,36.69555555555555,61.75,"batch_4_wagons[W7252,W6352,W10321,W7155]"
6752.5,2025-12-05T16:32:30+00:00,retrofitted,capacity_reserved,264.0,78.28000000000004,108.72000000000004,29.651515151515166,41.181818181818194,30.439999999999998,"batch_2_wagons[W6246,W5127]"
6757.5,2025-12-05T16:37:30+00:00,retrofit,capacity_released,319.5,284.65,248.26,89.0923317683881,77.70266040688576,-36.39,"batch_2_wagons[W8052,W5947]"
6786.5,2025-12-05T17:06:30+00:00,retrofitted,capacity_reserved,264.0,108.72000000000004,143.60000000000002,41.181818181818194,54.393939393939405,34.879999999999995,"batch_2_wagons[W5057,W5694]"
6791.5,2025-12-05T17:11:30+00:00,retrofit,capacity_released,319.5,248.26,220.18,77.70266040688576,68.91392801251956,-28.08,"batch_2_wagons[W5711,W6884]"
6922.5,2025-12-05T19:22:30+00:00,collection1,capacity_released,375.0,370.9420000000004,274.3820000000004,98.91786666666678,73.16853333333344,-96.56,"batch_5_wagons[W9067,W0117,W0191,W0677,W7316]"
6922.5,2025-12-05T19:22:30+00:00,retrofit,capacity_reserved,319.5,220.18,316.74,68.91392801251956,99.13615023474178,96.56,"batch_5_wagons[W9067,W0117,W0191,W0677,W7316]"
6930.5,2025-12-05T19:30:30+00:00,collection2,capacity_released,375.0,367.044,343.78,97.8784,91.67466666666667,-23.264,batch_1_wagons[W2853]
6930.5,2025-12-05T19:30:30+00:00,retrofit,capacity_reserve_blocked,319.5,316.74,316.74,99.13615023474178,99.13615023474178,23.264,batch_1_wagons_WAITING[W2853]
6934.5,2025-12-05T19:34:30+00:00,retrofitted,capacity_reserved,264.0,143.60000000000002,179.99,54.393939393939405,68.1780303030303,36.39,"batch_2_wagons[W8052,W5947]"
6939.5,2025-12-05T19:39:30+00:00,retrofit,capacity_released,319.5,316.74,303.36400000000003,99.13615023474178,94.94960876369328,-36.64,"batch_2_wagons[W5575,W8085]"
6939.5,2025-12-05T19:39:30+00:00,retrofit,capacity_reserved,319.5,280.1,303.36400000000003,87.66823161189359,94.94960876369328,23.264,batch_1_wagons[W2853]
6944.5,2025-12-05T19:44:30+00:00,retrofitted,capacity_released,264.0,179.99,71.27000000000001,68.1780303030303,26.996212121212125,-108.72,"batch_6_wagons[W9959,W8705,W12036,W9981,W6246,W5127]"
7002.0,2025-12-05T20:42:00+00:00,collection1,capacity_reserved,375.0,274.3820000000004,293.4220000000004,73.16853333333344,78.24586666666677,19.04,batch_1_wagons[W2652]
7002.0,2025-12-05T20:42:00+00:00,collection1,capacity_reserved,375.0,293.4220000000004,312.3220000000004,78.24586666666677,83.28586666666678,18.9,batch_1_wagons[W12385]
7024.0,2025-12-05T21:04:00+00:00,retrofitted,capacity_reserved,264.0,71.27000000000001,99.35000000000001,26.996212121212125,37.63257575757576,28.08,"batch_2_wagons[W5711,W6884]"
7029.0,2025-12-05T21:09:00+00:00,parking15,capacity_reserved,555.0,211.73999999999998,320.46,38.15135135135135,57.74054054054054,108.72,"batch_6_wagons[W9959,W8705,W12036,W9981,W6246,W5127]"
7029.0,2025-12-05T21:09:00+00:00,retrofit,capacity_released,319.5,303.36400000000003,246.81400000000002,94.94960876369328,77.25007824726136,-56.550000000000004,"batch_2_wagons[W8082,W8383]"
7067.0,2025-12-05T21:47:00+00:00,retrofitted,capacity_reserved,264.0,99.35000000000001,135.99,37.63257575757576,51.51136363636364,36.64,"batch_2_wagons[W5575,W8085]"
7072.0,2025-12-05T21:52:00+00:00,retrofit,capacity_released,319.5,246.81400000000002,207.27400000000003,77.25007824726136,64.87449139280126,-39.54,"batch_2_wagons[W11596,W0924]"
7127.0,2025-12-05T22:47:00+00:00,retrofitted,capacity_reserved,264.0,135.99,192.54000000000002,51.51136363636364,72.93181818181819,56.550000000000004,"batch_2_wagons[W8082,W8383]"
7132.0,2025-12-05T22:52:00+00:00,retrofit,capacity_released,319.5,207.27400000000003,167.72400000000005,64.87449139280126,52.49577464788734,-39.55,"batch_2_wagons[W0685,W11953]"
7167.5,2025-12-05T23:27:30+00:00,collection1,capacity_reserved,375.0,312.3220000000004,338.6720000000004,83.28586666666678,90.31253333333345,26.35,batch_1_wagons[W11539]
7167.5,2025-12-05T23:27:30+00:00,collection1,capacity_reserved,375.0,338.6720000000004,358.5720000000004,90.31253333333345,95.6192000000001,19.9,batch_1_wagons[W4532]
7167.5,2025-12-05T23:27:30+00:00,collection2,capacity_reserved,375.0,343.78,367.02,91.67466666666667,97.87199999999999,23.24,batch_1_wagons[W8676]
7167.5,2025-12-05T23:27:30+00:00,collection1,capacity_reserved,375.0,358.5720000000004,372.6120000000004,95.6192000000001,99.3632000000001,14.04,batch_1_wagons[W5845]
7235.0,2025-12-06T00:35:00+00:00,collection1,capacity_released,375.0,372.6120000000004,227.55400000000043,99.3632000000001,60.68106666666678,-145.058,"batch_7_wagons[W9534,W11482,W10581,W11344,W10258,W10249,W2050]"
7235.0,2025-12-06T00:35:00+00:00,retrofit,capacity_reserved,319.5,167.72400000000005,312.78200000000004,52.49577464788734,97.89733959311425,145.058,"batch_7_wagons[W9534,W11482,W10581,W11344,W10258,W10249,W2050]"
7247.0,2025-12-06T00:47:00+00:00,retrofitted,capacity_reserved,264.0,192.54000000000002,232.08,72.93181818181819,87.90909090909092,39.54,"batch_2_wagons[W11596,W0924]"
7257.0,2025-12-06T00:57:00+00:00,retrofitted,capacity_released,264.0,232.08,96.09,87.90909090909092,36.39772727272727,-135.99,"batch_8_wagons[W5057,W5694,W8052,W5947,W5711,W6884,W5575,W8085]"
7263.0,2025-12-06T01:03:00+00:00,collection2,capacity_released,375.0,367.02,351.02,97.87199999999999,93.60533333333333,-16.0,batch_1_wagons[W2415]
7263.0,2025-12-06T01:03:00+00:00,retrofit,capacity_reserve_blocked,319.5,312.78200000000004,312.78200000000004,97.89733959311425,97.89733959311425,16.0,batch_1_wagons_WAITING[W2415]
7263.0,2025-12-06T01:03:00+00:00,retrofit,capacity_released,319.5,312.78200000000004,280.88200000000006,97.89733959311425,87.91298904538343,-47.900000000000006,"batch_2_wagons[W9237,W8381]"
7263.0,2025-12-06T01:03:00+00:00,retrofit,capacity_reserved,319.5,264.88200000000006,280.88200000000006,82.90516431924885,87.91298904538343,16.0,batch_1_wagons[W2415]
7274.5,2025-12-06T01:14:30+00:00,parking9,capacity_reserved,300.0,0.0,135.99,0.0,45.330000000000005,135.99,"batch_8_wagons[W5057,W5694,W8052,W5947,W5711,W6884,W5575,W8085]"
7294.0,2025-12-06T01:34:00+00:00,retrofitted,capacity_released,264.0,96.09,0.0,36.39772727272727,0.0,-96.09,"batch_4_wagons[W8082,W8383,W11596,W0924]"
7356.5,2025-12-06T02:36:30+00:00,retrofitted,capacity_reserved,264.0,0.0,39.55,0.0,14.981060606060606,39.55,"batch_2_wagons[W0685,W11953]"
7360.25,2025-12-06T02:40:15+00:00,collection1,capacity_reserved,375.0,227.55400000000043,250.81800000000044,60.68106666666678,66.88480000000013,23.264,batch_1_wagons[W2831]
7360.25,2025-12-06T02:40:15+00:00,collection1,capacity_reserved,375.0,250.81800000000044,274.05800000000045,66.88480000000013,73.08213333333346,23.24,batch_1_wagons[W11999]
7360.25,2025-12-06T02:40:15+00:00,collection1,capacity_reserved,375.0,274.05800000000045,284.65800000000047,73.08213333333346,75.90880000000013,10.6,batch_1_wagons[W0881]
7360.25,2025-12-06T02:40:15+00:00,collection1,capacity_reserved,375.0,284.65800000000047,305.47800000000046,75.90880000000013,81.46080000000012,20.82,batch_1_wagons[W12400]
7360.5,2025-12-06T02:40:30+00:00,parking11,capacity_reserved,300.0,0.0,96.09,0.0,32.03,96.09,"batch_4_wagons[W8082,W8383,W11596,W0924]"
7361.5,2025-12-06T02:41:30+00:00,retrofit,capacity_released,319.5,280.88200000000006,247.38200000000006,87.91298904538343,77.42785602503915,-33.5,"batch_2_wagons[W9067,W0117]"
7373.5,2025-12-06T02:53:30+00:00,retrofitted,capacity_reserved,264.0,39.55,87.45,14.981060606060606,33.125,47.900000000000006,"batch_2_wagons[W9237,W8381]"
7375.25,2025-12-06T02:55:15+00:00,collection1,capacity_reserved,375.0,305.47800000000046,319.6980000000005,81.46080000000012,85.25280000000012,14.22,batch_1_wagons[W0282]
7375.25,2025-12-06T02:55:15+00:00,collection1,capacity_reserved,375.0,319.6980000000005,343.59800000000047,85.25280000000012,91.62613333333346,23.9,batch_1_wagons[W2701]
7378.5,2025-12-06T02:58:30+00:00,retrofit,capacity_released,319.5,247.38200000000006,203.36200000000008,77.42785602503915,63.65007824726136,-44.019999999999996,"batch_2_wagons[W0191,W0677]"
7561.5,2025-12-06T06:01:30+00:00,collection2,capacity_released,375.0,351.02,252.92,93.60533333333333,67.44533333333334,-98.1,"batch_6_wagons[W10093,W11640,W8671,W11252,W5452,W6800]"
7561.5,2025-12-06T06:01:30+00:00,retrofit,capacity_reserved,319.5,203.36200000000008,301.4620000000001,63.65007824726136,94.35430359937406,98.1,"batch_6_wagons[W10093,W11640,W8671,W11252,W5452,W6800]"
7573.5,2025-12-06T06:13:30+00:00,retrofitted,capacity_reserved,264.0,87.45,120.95,33.125,45.81439393939394,33.5,"batch_2_wagons[W9067,W0117]"
7578.5,2025-12-06T06:18:30+00:00,retrofit,capacity_released,319.5,301.4620000000001,259.15800000000013,94.35430359937406,81.11361502347421,-42.304,"batch_2_wagons[W7316,W2853]"
7590.5,2025-12-06T06:30:30+00:00,retrofitted,capacity_reserved,264.0,120.95,164.97,45.81439393939394,62.48863636363636,44.019999999999996,"batch_2_wagons[W0191,W0677]"
7595.5,2025-12-06T06:35:30+00:00,retrofit,capacity_released,319.5,259.15800000000013,224.11800000000014,81.11361502347421,70.14647887323949,-35.04,"batch_2_wagons[W2415,W9534]"
7599.5,2025-12-06T06:39:30+00:00,collection1,capacity_released,375.0,343.59800000000047,264.1140000000005,91.62613333333346,70.43040000000012,-79.484,"batch_4_wagons[W2386,W10254,W12057,W2136]"
7599.5,2025-12-06T06:39:30+00:00,retrofit,capacity_reserved,319.5,224.11800000000014,303.60200000000015,70.14647887323949,95.02410015649457,79.484,"batch_4_wagons[W2386,W10254,W12057,W2136]"
7626.5,2025-12-06T07:06:30+00:00,retrofitted,capacity_released,264.0,164.97,77.52,62.48863636363636,29.363636363636363,-87.45,"batch_4_wagons[W0685,W11953,W9237,W8381]"
7689.0,2025-12-06T08:09:00+00:00,retrofitted,capacity_reserved,264.0,77.52,119.824,29.363636363636363,45.38787878787879,42.304,"batch_2_wagons[W7316,W2853]"
7693.0,2025-12-06T08:13:00+00:00,parking10,capacity_reserved,450.0,165.13,252.57999999999998,36.69555555555555,56.12888888888888,87.45,"batch_4_wagons[W0685,W11953,W9237,W8381]"
7694.0,2025-12-06T08:14:00+00:00,retrofit,capacity_released,319.5,303.60200000000015,256.41200000000015,95.02410015649457,80.25414710485138,-47.19,"batch_2_wagons[W11482,W10581]"
7706.0,2025-12-06T08:26:00+00:00,retrofitted,capacity_reserved,264.0,119.824,154.864,45.38787878787879,58.66060606060606,35.04,"batch_2_wagons[W2415,W9534]"
7711.0,2025-12-06T08:31:00+00:00,retrofit,capacity_released,319.5,256.41200000000015,216.64800000000014,80.25414710485138,67.8084507042254,-39.763999999999996,"batch_2_wagons[W11344,W10258]"
7881.5,2025-12-06T11:21:30+00:00,collection1,capacity_reserved,375.0,264.1140000000005,287.9740000000005,70.43040000000012,76.7930666666668,23.86,batch_1_wagons[W8570]
7881.5,2025-12-06T11:21:30+00:00,collection1,capacity_reserved,375.0,287.9740000000005,302.3740000000005,76.7930666666668,80.63306666666679,14.4,batch_1_wagons[W9355]
7881.5,2025-12-06T11:21:30+00:00,collection1,capacity_reserved,375.0,302.3740000000005,326.2340000000005,80.63306666666679,86.99573333333348,23.86,batch_1_wagons[W8578]
7881.5,2025-12-06T11:21:30+00:00,collection1,capacity_reserved,375.0,326.2340000000005,353.2340000000005,86.99573333333348,94.19573333333346,27.0,batch_1_wagons[W0948]
7881.5,2025-12-06T11:21:30+00:00,collection1,capacity_reserved,375.0,353.2340000000005,369.0340000000005,94.19573333333346,98.4090666666668,15.8,batch_1_wagons[W9358]
7918.0,2025-12-06T11:58:00+00:00,collection1,capacity_released,375.0,369.0340000000005,281.2540000000005,98.4090666666668,75.00106666666679,-87.78,"batch_5_wagons[W5282,W7542,W10814,W2652,W12385]"
7918.0,2025-12-06T11:58:00+00:00,retrofit,capacity_reserved,319.5,216.64800000000014,304.4280000000001,67.8084507042254,95.28262910798125,87.78,"batch_5_wagons[W5282,W7542,W10814,W2652,W12385]"
7924.0,2025-12-06T12:04:00+00:00,collection2,capacity_released,375.0,252.92,218.71999999999997,67.44533333333334,58.325333333333326,-34.2,batch_1_wagons[W8380]
7924.0,2025-12-06T12:04:00+00:00,retrofit,capacity_reserve_blocked,319.5,304.4280000000001,304.4280000000001,95.28262910798125,95.28262910798125,34.2,batch_1_wagons_WAITING[W8380]
7926.0,2025-12-06T12:06:00+00:00,collection1,capacity_reserved,375.0,281.2540000000005,309.77400000000046,75.00106666666679,82.60640000000012,28.52,batch_1_wagons[W0680]
7926.0,2025-12-06T12:06:00+00:00,collection1,capacity_reserved,375.0,309.77400000000046,343.8040000000004,82.60640000000012,91.68106666666678,34.03,batch_1_wagons[W11195]
7927.75,2025-12-06T12:07:45+00:00,collection1,capacity_reserved,375.0,343.8040000000004,357.66400000000044,91.68106666666678,95.37706666666679,13.86,batch_1_wagons[W0367]
7927.75,2025-12-06T12:07:45+00:00,collection1,capacity_reserved,375.0,357.66400000000044,371.89400000000046,95.37706666666679,99.17173333333345,14.23,batch_1_wagons[W0411]
7927.75,2025-12-06T12:07:45+00:00,collection2,capacity_reserved,375.0,218.71999999999997,238.61999999999998,58.325333333333326,63.63199999999999,19.9,batch_1_wagons[W4337]
7927.75,2025-12-06T12:07:45+00:00,collection2,capacity_reserved,375.0,238.61999999999998,255.79999999999998,63.63199999999999,68.21333333333332,17.18,batch_1_wagons[W2166]
7930.0,2025-12-06T12:10:00+00:00,retrofitted,capacity_reserved,264.0,154.864,202.054,58.66060606060606,76.53560606060607,47.19,"batch_2_wagons[W11482,W10581]"
7935.0,2025-12-06T12:15:00+00:00,retrofit,capacity_released,319.5,304.4280000000001,299.5640000000001,95.28262910798125,93.76025039123633,-39.064,"batch_2_wagons[W10249,W2050]"
7935.0,2025-12-06T12:15:00+00:00,retrofit,capacity_reserved,319.5,265.3640000000001,299.5640000000001,83.05602503912365,93.76025039123633,34.2,batch_1_wagons[W8380]
7936.0,2025-12-06T12:16:00+00:00,retrofitted,capacity_reserved,264.0,202.054,241.81799999999998,76.53560606060607,91.59772727272727,39.763999999999996,"batch_2_wagons[W11344,W10258]"
7940.0,2025-12-06T12:20:00+00:00,retrofitted,capacity_released,264.0,241.81799999999998,86.95399999999998,91.59772727272727,32.937121212121205,-154.864,"batch_8_wagons[W9067,W0117,W0191,W0677,W7316,W2853,W2415,W9534]"
7941.0,2025-12-06T12:21:00+00:00,retrofit,capacity_released,319.5,299.5640000000001,267.88400000000007,93.76025039123633,83.84475743348985,-31.68,"batch_2_wagons[W10093,W11640]"
8027.5,2025-12-06T13:47:30+00:00,parking13,capacity_reserved,555.0,291.46000000000004,446.32400000000007,52.51531531531533,80.41873873873875,154.864,"batch_8_wagons[W9067,W0117,W0191,W0677,W7316,W2853,W2415,W9534]"
8067.0,2025-12-06T14:27:00+00:00,collection2,capacity_reserved,375.0,255.79999999999998,277.09999999999997,68.21333333333332,73.89333333333332,21.3,batch_1_wagons[W11847]
8067.0,2025-12-06T14:27:00+00:00,collection2,capacity_reserved,375.0,277.09999999999997,298.43999999999994,73.89333333333332,79.58399999999999,21.34,batch_1_wagons[W11884]
8067.0,2025-12-06T14:27:00+00:00,collection2,capacity_reserved,375.0,298.43999999999994,315.61999999999995,79.58399999999999,84.16533333333331,17.18,batch_1_wagons[W2135]
8067.0,2025-12-06T14:27:00+00:00,collection2,capacity_reserved,375.0,315.61999999999995,332.0199999999999,84.16533333333331,88.53866666666664,16.4,batch_1_wagons[W9420]
8067.0,2025-12-06T14:27:00+00:00,collection2,capacity_reserved,375.0,332.0199999999999,346.9599999999999,88.53866666666664,92.52266666666664,14.94,batch_1_wagons[W9744]
8067.0,2025-12-06T14:27:00+00:00,collection2,capacity_reserved,375.0,346.9599999999999,361.8999999999999,92.52266666666664,96.50666666666665,14.94,batch_1_wagons[W10936]
8087.75,2025-12-06T14:47:45+00:00,collection2,capacity_reserved,375.0,361.8999999999999,374.3999999999999,96.50666666666665,99.83999999999999,12.5,batch_1_wagons[W10993]
8099.5,2025-12-06T14:59:30+00:00,retrofitted,capacity_reserved,264.0,86.95399999999998,126.01799999999997,32.937121212121205,47.734090909090895,39.064,"batch_2_wagons[W10249,W2050]"
8104.5,2025-12-06T15:04:30+00:00,retrofit,capacity_released,319.5,267.88400000000007,231.90400000000008,83.84475743348985,72.5834115805947,-35.98,"batch_2_wagons[W8671,W11252]"
8116.5,2025-12-06T15:16:30+00:00,retrofitted,capacity_reserved,264.0,126.01799999999997,157.69799999999998,47.734090909090895,59.734090909090895,31.68,"batch_2_wagons[W10093,W11640]"
8121.5,2025-12-06T15:21:30+00:00,retrofit,capacity_released,319.5,231.90400000000008,201.46400000000008,72.5834115805947,63.056025039123654,-30.439999999999998,"batch_2_wagons[W5452,W6800]"
8156.0,2025-12-06T15:56:00+00:00,collection1,capacity_released,375.0,371.89400000000046,254.50000000000045,99.17173333333345,67.86666666666679,-117.39399999999999,"batch_6_wagons[W11539,W4532,W5845,W2831,W11999,W0881]"
8156.0,2025-12-06T15:56:00+00:00,retrofit,capacity_reserved,319.5,201.46400000000008,318.85800000000006,63.056025039123654,99.79906103286386,117.39399999999999,"batch_6_wagons[W11539,W4532,W5845,W2831,W11999,W0881]"
8178.5,2025-12-06T16:18:30+00:00,retrofitted,capacity_released,264.0,157.69799999999998,70.74399999999997,59.734090909090895,26.796969696969686,-86.95400000000001,"batch_4_wagons[W11482,W10581,W11344,W10258]"
8246.5,2025-12-06T17:26:30+00:00,collection1,capacity_reserved,375.0,254.50000000000045,274.40000000000043,67.86666666666679,73.17333333333345,19.9,batch_1_wagons[W4457]
8246.5,2025-12-06T17:26:30+00:00,collection1,capacity_reserved,375.0,274.40000000000043,288.69000000000045,73.17333333333345,76.98400000000012,14.29,batch_1_wagons[W5612]
8246.5,2025-12-06T17:26:30+00:00,collection1,capacity_reserved,375.0,288.69000000000045,315.69000000000045,76.98400000000012,84.18400000000013,27.0,batch_1_wagons[W0928]
8246.5,2025-12-06T17:26:30+00:00,collection1,capacity_reserved,375.0,315.69000000000045,338.93000000000046,84.18400000000013,90.38133333333346,23.24,batch_1_wagons[W12177]
8246.5,2025-12-06T17:26:30+00:00,collection1,capacity_reserved,375.0,338.93000000000046,365.93000000000046,90.38133333333346,97.58133333333345,27.0,batch_1_wagons[W0888]
8260.0,2025-12-06T17:40:00+00:00,parking15,capacity_reserved,555.0,320.46,407.414,57.74054054054054,73.40792792792793,86.95400000000001,"batch_4_wagons[W11482,W10581,W11344,W10258]"
8287.0,2025-12-06T18:07:00+00:00,collection2,capacity_released,375.0,374.3999999999999,340.19999999999993,99.83999999999999,90.71999999999998,-34.2,batch_1_wagons[W8378]
8287.0,2025-12-06T18:07:00+00:00,retrofit,capacity_reserve_blocked,319.5,318.85800000000006,318.85800000000006,99.79906103286386,99.79906103286386,34.2,batch_1_wagons_WAITING[W8378]
8299.0,2025-12-06T18:19:00+00:00,retrofitted,capacity_reserved,264.0,70.74399999999997,106.72399999999996,26.796969696969686,40.42575757575756,35.98,"batch_2_wagons[W8671,W11252]"
8304.0,2025-12-06T18:24:00+00:00,retrofit,capacity_released,319.5,318.85800000000006,313.994,99.79906103286386,98.27668231611895,-39.064,"batch_2_wagons[W2386,W10254]"
8304.0,2025-12-06T18:24:00+00:00,retrofit,capacity_reserved,319.5,279.79400000000004,313.994,87.57245696400628,98.27668231611895,34.2,batch_1_wagons[W8378]
8316.0,2025-12-06T18:36:00+00:00,retrofitted,capacity_reserved,264.0,106.72399999999996,137.16399999999996,40.42575757575756,51.956060606060596,30.439999999999998,"batch_2_wagons[W5452,W6800]"
8321.0,2025-12-06T18:41:00+00:00,retrofit,capacity_released,319.5,313.994,273.574,98.27668231611895,85.62566510172145,-40.42,"batch_2_wagons[W12057,W2136]"
8326.0,2025-12-06T18:46:00+00:00,retrofitted,capacity_released,264.0,137.16399999999996,0.0,51.956060606060596,0.0,-137.16399999999996,"batch_8_wagons[W10249,W2050,W10093,W11640,W8671,W11252,W5452,W6800]"
8329.0,2025-12-06T18:49:00+00:00,collection2,capacity_reserved,375.0,340.19999999999993,355.43999999999994,90.71999999999998,94.78399999999998,15.24,batch_1_wagons[W11050]
8341.25,2025-12-06T19:01:15+00:00,collection2,capacity_reserved,375.0,355.43999999999994,365.0799999999999,94.78399999999998,97.35466666666665,9.64,batch_1_wagons[W0475]
8341.25,2025-12-06T19:01:15+00:00,collection2,capacity_reserved,375.0,365.0799999999999,374.7199999999999,97.35466666666665,99.92533333333331,9.64,batch_1_wagons[W0827]
8343.5,2025-12-06T19:03:30+00:00,parking1,capacity_reserved,555.0,320.84999999999997,458.01399999999995,57.81081081081081,82.52504504504503,137.164,"batch_8_wagons[W10249,W2050,W10093,W11640,W8671,W11252,W5452,W6800]"
8413.5,2025-12-06T20:13:30+00:00,retrofitted,capacity_reserved,264.0,0.0,39.064,0.0,14.796969696969697,39.064,"batch_2_wagons[W2386,W10254]"
8418.5,2025-12-06T20:18:30+00:00,retrofit,capacity_released,319.5,273.574,238.13400000000001,85.62566510172145,74.53333333333335,-35.44,"batch_2_wagons[W5282,W7542]"
8456.5,2025-12-06T20:56:30+00:00,retrofitted,capacity_reserved,264.0,39.064,79.48400000000001,14.796969696969697,30.10757575757576,40.42,"batch_2_wagons[W12057,W2136]"
8461.5,2025-12-06T21:01:30+00:00,retrofit,capacity_released,319.5,238.13400000000001,204.69400000000002,74.53333333333335,64.06697965571205,-33.44,"batch_2_wagons[W10814,W2652]"
8589.5,2025-12-06T23:09:30+00:00,collection1,capacity_released,375.0,365.93000000000046,268.7300000000005,97.58133333333345,71.66133333333346,-97.2,"batch_5_wagons[W12400,W0282,W2701,W8570,W9355]"
8589.5,2025-12-06T23:09:30+00:00,retrofit,capacity_reserved,319.5,204.69400000000002,301.894,64.06697965571205,94.48951486697966,97.2,"batch_5_wagons[W12400,W0282,W2701,W8570,W9355]"
8592.5,2025-12-06T23:12:30+00:00,collection2,capacity_released,375.0,374.7199999999999,358.31999999999994,99.92533333333331,95.55199999999998,-16.4,batch_1_wagons[W9440]
8592.5,2025-12-06T23:12:30+00:00,retrofit,capacity_reserved,319.5,301.894,318.294,94.48951486697966,99.6225352112676,16.4,batch_1_wagons[W9440]
8601.5,2025-12-06T23:21:30+00:00,retrofitted,capacity_reserved,264.0,79.48400000000001,114.924,30.10757575757576,43.53181818181818,35.44,"batch_2_wagons[W5282,W7542]"
8606.5,2025-12-06T23:26:30+00:00,retrofit,capacity_released,319.5,318.294,265.19399999999996,99.6225352112676,83.00281690140844,-53.1,"batch_2_wagons[W12385,W8380]"
8611.5,2025-12-06T23:31:30+00:00,retrofitted,capacity_released,264.0,114.924,75.86000000000001,43.53181818181818,28.73484848484849,-39.064,"batch_2_wagons[W2386,W10254]"
8635.25,2025-12-06T23:55:15+00:00,collection1,capacity_reserved,375.0,268.7300000000005,291.9700000000005,71.66133333333346,77.85866666666679,23.24,batch_1_wagons[W12186]
8635.25,2025-12-06T23:55:15+00:00,collection1,capacity_reserved,375.0,291.9700000000005,307.4700000000005,77.85866666666679,81.99200000000013,15.5,batch_1_wagons[W0128]
8635.25,2025-12-06T23:55:15+00:00,collection1,capacity_reserved,375.0,307.4700000000005,323.4700000000005,81.99200000000013,86.2586666666668,16.0,batch_1_wagons[W7755]
8635.25,2025-12-06T23:55:15+00:00,collection1,capacity_reserved,375.0,323.4700000000005,339.31000000000046,86.2586666666668,90.48266666666679,15.84,batch_1_wagons[W9951]
8635.25,2025-12-06T23:55:15+00:00,collection1,capacity_reserved,375.0,339.31000000000046,353.3500000000005,90.48266666666679,94.22666666666679,14.04,batch_1_wagons[W4605]
8690.0,2025-12-07T00:50:00+00:00,parking14,capacity_reserved,555.0,326.37,365.434,58.80540540540541,65.84396396396397,39.064,"batch_2_wagons[W2386,W10254]"
8762.0,2025-12-07T02:02:00+00:00,retrofitted,capacity_reserved,264.0,75.86000000000001,109.30000000000001,28.73484848484849,41.401515151515156,33.44,"batch_2_wagons[W10814,W2652]"
8767.0,2025-12-07T02:07:00+00:00,retrofit,capacity_released,319.5,265.19399999999996,218.94399999999996,83.00281690140844,68.52707355242565,-46.25,"batch_2_wagons[W11539,W4532]"
8779.0,2025-12-07T02:19:00+00:00,retrofitted,capacity_reserved,264.0,109.30000000000001,162.4,41.401515151515156,61.51515151515152,53.1,"batch_2_wagons[W12385,W8380]"
8784.0,2025-12-07T02:24:00+00:00,retrofit,capacity_released,319.5,218.94399999999996,181.63999999999996,68.52707355242565,56.85133020344286,-37.304,"batch_2_wagons[W5845,W2831]"
8807.5,2025-12-07T02:47:30+00:00,collection1,capacity_released,375.0,353.3500000000005,224.14000000000047,94.22666666666679,59.77066666666679,-129.21,"batch_5_wagons[W8578,W0948,W9358,W0680,W11195]"
8807.5,2025-12-07T02:47:30+00:00,retrofit,capacity_reserved,319.5,181.63999999999996,310.84999999999997,56.85133020344286,97.29264475743348,129.21,"batch_5_wagons[W8578,W0948,W9358,W0680,W11195]"
8815.0,2025-12-07T02:55:00+00:00,retrofitted,capacity_released,264.0,162.4,86.54,61.51515151515152,32.78030303030303,-75.86,"batch_4_wagons[W12057,W2136,W5282,W7542]"
8877.5,2025-12-07T03:57:30+00:00,retrofitted,capacity_reserved,264.0,86.54,132.79000000000002,32.78030303030303,50.29924242424243,46.25,"batch_2_wagons[W11539,W4532]"
8882.5,2025-12-07T04:02:30+00:00,retrofit,capacity_released,319.5,310.84999999999997,277.01,97.29264475743348,86.70109546165884,-33.839999999999996,"batch_2_wagons[W11999,W0881]"
8920.5,2025-12-07T04:40:30+00:00,retrofitted,capacity_reserved,264.0,132.79000000000002,170.09400000000002,50.29924242424243,64.42954545454546,37.304,"batch_2_wagons[W5845,W2831]"
8925.5,2025-12-07T04:45:30+00:00,retrofit,capacity_released,319.5,277.01,221.98999999999998,86.70109546165884,69.48043818466353,-55.02,"batch_2_wagons[W8378,W12400]"
8941.5,2025-12-07T05:01:30+00:00,parking16,capacity_reserved,937.5,718.704,794.564,76.66175999999999,84.75349333333332,75.86,"batch_4_wagons[W12057,W2136,W5282,W7542]"
9013.5,2025-12-07T06:13:30+00:00,retrofitted,capacity_reserved,264.0,170.09400000000002,203.93400000000003,64.42954545454546,77.24772727272729,33.839999999999996,"batch_2_wagons[W11999,W0881]"
9018.5,2025-12-07T06:18:30+00:00,retrofit,capacity_released,319.5,221.98999999999998,183.86999999999998,69.48043818466353,57.54929577464788,-38.12,"batch_2_wagons[W0282,W2701]"
9030.5,2025-12-07T06:30:30+00:00,retrofitted,capacity_reserved,264.0,203.93400000000003,258.954,77.24772727272729,98.08863636363637,55.02,"batch_2_wagons[W8378,W12400]"
9040.5,2025-12-07T06:40:30+00:00,retrofitted,capacity_released,264.0,258.954,88.86000000000001,98.08863636363637,33.659090909090914,-170.094,"batch_8_wagons[W10814,W2652,W12385,W8380,W11539,W4532,W5845,W2831]"
9082.5,2025-12-07T07:22:30+00:00,retrofit,capacity_released,319.5,183.86999999999998,145.60999999999999,57.54929577464788,45.57433489827856,-38.26,"batch_2_wagons[W8570,W9355]"
9082.5,2025-12-07T07:22:30+00:00,collection2,capacity_released,375.0,358.31999999999994,237.43999999999994,95.55199999999998,63.317333333333316,-120.88,"batch_6_wagons[W9489,W2712,W9940,W9081,W12074,W8990]"
9082.5,2025-12-07T07:22:30+00:00,retrofit,capacity_reserved,319.5,145.60999999999999,266.49,45.57433489827856,83.40845070422536,120.88,"batch_6_wagons[W9489,W2712,W9940,W9081,W12074,W8990]"
9084.25,2025-12-07T07:24:15+00:00,collection1,capacity_reserved,375.0,224.14000000000047,242.14000000000047,59.77066666666679,64.57066666666678,18.0,batch_1_wagons[W10772]
9084.25,2025-12-07T07:24:15+00:00,collection1,capacity_reserved,375.0,242.14000000000047,258.5400000000005,64.57066666666678,68.94400000000013,16.4,batch_1_wagons[W5316]
9084.25,2025-12-07T07:24:15+00:00,collection1,capacity_reserved,375.0,258.5400000000005,276.74000000000046,68.94400000000013,73.79733333333346,18.2,batch_1_wagons[W9043]
9084.25,2025-12-07T07:24:15+00:00,collection1,capacity_reserved,375.0,276.74000000000046,293.92000000000047,73.79733333333346,78.3786666666668,17.18,batch_1_wagons[W2149]
9084.25,2025-12-07T07:24:15+00:00,collection1,capacity_reserved,375.0,293.92000000000047,310.32000000000045,78.3786666666668,82.75200000000011,16.4,batch_1_wagons[W5380]
9084.25,2025-12-07T07:24:15+00:00,collection1,capacity_reserved,375.0,310.32000000000045,320.75000000000045,82.75200000000011,85.53333333333345,10.43,batch_1_wagons[W0875]
9084.25,2025-12-07T07:24:15+00:00,collection1,capacity_reserved,375.0,320.75000000000045,335.0400000000005,85.53333333333345,89.34400000000012,14.29,batch_1_wagons[W5989]
9084.25,2025-12-07T07:24:15+00:00,collection1,capacity_reserved,375.0,335.0400000000005,351.44000000000045,89.34400000000012,93.71733333333346,16.4,batch_1_wagons[W5415]
9084.25,2025-12-07T07:24:15+00:00,collection1,capacity_reserved,375.0,351.44000000000045,374.68000000000046,93.71733333333346,99.91466666666679,23.24,batch_1_wagons[W12031]
9113.0,2025-12-07T07:53:00+00:00,parking12,capacity_reserved,555.0,340.05999999999995,510.15399999999994,61.272072072072056,91.91963963963963,170.094,"batch_8_wagons[W10814,W2652,W12385,W8380,W11539,W4532,W5845,W2831]"
9185.0,2025-12-07T09:05:00+00:00,retrofitted,capacity_reserved,264.0,88.86000000000001,126.98000000000002,33.659090909090914,48.09848484848486,38.12,"batch_2_wagons[W0282,W2701]"
9185.25,2025-12-07T09:05:15+00:00,collection2,capacity_reserved,375.0,237.43999999999994,260.67999999999995,63.317333333333316,69.51466666666666,23.24,batch_1_wagons[W8714]
9185.25,2025-12-07T09:05:15+00:00,collection2,capacity_reserved,375.0,260.67999999999995,283.04999999999995,69.51466666666666,75.47999999999999,22.37,batch_1_wagons[W7877]
9185.25,2025-12-07T09:05:15+00:00,collection2,capacity_reserved,375.0,283.04999999999995,299.44999999999993,75.47999999999999,79.85333333333332,16.4,batch_1_wagons[W5280]
9185.25,2025-12-07T09:05:15+00:00,collection2,capacity_reserved,375.0,299.44999999999993,321.81999999999994,79.85333333333332,85.81866666666666,22.37,batch_1_wagons[W7897]
9185.25,2025-12-07T09:05:15+00:00,collection2,capacity_reserved,375.0,321.81999999999994,348.81999999999994,85.81866666666666,93.01866666666665,27.0,batch_1_wagons[W0962]
9190.0,2025-12-07T09:10:00+00:00,retrofit,capacity_released,319.5,266.49,250.09,83.40845070422536,78.2754303599374,-16.4,batch_1_wagons[W9440]
9202.0,2025-12-07T09:22:00+00:00,retrofitted,capacity_reserved,264.0,126.98000000000002,165.24,48.09848484848486,62.59090909090909,38.26,"batch_2_wagons[W8570,W9355]"
9265.5,2025-12-07T10:25:30+00:00,retrofit,capacity_released,319.5,250.09,199.23000000000002,78.2754303599374,62.3568075117371,-50.86,"batch_2_wagons[W8578,W0948]"
9297.5,2025-12-07T10:57:30+00:00,collection1,capacity_released,375.0,374.68000000000046,262.1600000000005,99.91466666666679,69.90933333333345,-112.52,"batch_6_wagons[W0367,W0411,W4457,W5612,W0928,W12177]"
9297.5,2025-12-07T10:57:30+00:00,retrofit,capacity_reserved,319.5,199.23000000000002,311.75,62.3568075117371,97.57433489827856,112.52,"batch_6_wagons[W0367,W0411,W4457,W5612,W0928,W12177]"
9309.0,2025-12-07T11:09:00+00:00,retrofitted,capacity_reserved,264.0,165.24,181.64000000000001,62.59090909090909,68.80303030303031,16.4,batch_1_wagons[W9440]
9314.0,2025-12-07T11:14:00+00:00,retrofit,capacity_released,319.5,311.75,267.43,97.57433489827856,83.70266040688577,-44.32,"batch_2_wagons[W9358,W0680]"
9337.25,2025-12-07T11:37:15+00:00,collection1,capacity_reserved,375.0,262.1600000000005,282.06000000000046,69.90933333333345,75.21600000000012,19.9,batch_1_wagons[W10441]
9337.25,2025-12-07T11:37:15+00:00,collection1,capacity_reserved,375.0,282.06000000000046,301.96000000000043,75.21600000000012,80.5226666666668,19.9,batch_1_wagons[W10435]
9371.0,2025-12-07T12:11:00+00:00,retrofitted,capacity_released,264.0,181.64000000000001,92.78000000000002,68.80303030303031,35.1439393939394,-88.86,"batch_4_wagons[W11999,W0881,W8378,W12400]"
9399.0,2025-12-07T12:39:00+00:00,collection2,capacity_released,375.0,348.81999999999994,301.5799999999999,93.01866666666665,80.42133333333331,-47.239999999999995,"batch_2_wagons[W8952,W8676]"
9399.0,2025-12-07T12:39:00+00:00,retrofit,capacity_reserved,319.5,267.43,314.67,83.70266040688577,98.48826291079813,47.239999999999995,"batch_2_wagons[W8952,W8676]"
9400.75,2025-12-07T12:40:45+00:00,collection1,capacity_reserved,375.0,301.96000000000043,321.8600000000004,80.5226666666668,85.82933333333345,19.9,batch_1_wagons[W1122]
9400.75,2025-12-07T12:40:45+00:00,collection1,capacity_reserved,375.0,321.8600000000004,341.7600000000004,85.82933333333345,91.13600000000011,19.9,batch_1_wagons[W1120]
9411.0,2025-12-07T12:51:00+00:00,retrofitted,capacity_reserved,264.0,92.78000000000002,143.64000000000001,35.1439393939394,54.40909090909092,50.86,"batch_2_wagons[W8578,W0948]"
9416.0,2025-12-07T12:56:00+00:00,retrofit,capacity_released,319.5,314.67,264.24,98.48826291079813,82.70422535211269,-50.43,"batch_2_wagons[W11195,W9489]"
9437.5,2025-12-07T13:17:30+00:00,parking11,capacity_reserved,300.0,96.09,184.95,32.03,61.64999999999999,88.86,"batch_4_wagons[W11999,W0881,W8378,W12400]"
9444.25,2025-12-07T13:24:15+00:00,collection1,capacity_reserved,375.0,341.7600000000004,368.1100000000004,91.13600000000011,98.16266666666678,26.35,batch_1_wagons[W11518]
9444.25,2025-12-07T13:24:15+00:00,collection2,capacity_reserved,375.0,301.5799999999999,319.5799999999999,80.42133333333331,85.22133333333332,18.0,batch_1_wagons[W9071]
9444.25,2025-12-07T13:24:15+00:00,collection2,capacity_reserved,375.0,319.5799999999999,345.92999999999995,85.22133333333332,92.24799999999999,26.35,batch_1_wagons[W11516]
9444.25,2025-12-07T13:24:15+00:00,collection2,capacity_reserved,375.0,345.92999999999995,362.3299999999999,92.24799999999999,96.62133333333331,16.4,batch_1_wagons[W5434]
9454.0,2025-12-07T13:34:00+00:00,retrofitted,capacity_reserved,264.0,143.64000000000001,187.96,54.40909090909092,71.1969696969697,44.32,"batch_2_wagons[W9358,W0680]"
9459.0,2025-12-07T13:39:00+00:00,retrofit,capacity_released,319.5,264.24,223.4,82.70422535211269,69.92175273865415,-40.84,"batch_2_wagons[W2712,W9940]"
9509.5,2025-12-07T14:29:30+00:00,retrofitted,capacity_reserved,264.0,187.96,238.39000000000001,71.1969696969697,90.29924242424244,50.43,"batch_2_wagons[W11195,W9489]"
9519.5,2025-12-07T14:39:30+00:00,retrofitted,capacity_released,264.0,238.39000000000001,50.43000000000001,90.29924242424244,19.10227272727273,-187.96,"batch_9_wagons[W0282,W2701,W8570,W9355,W9440,W8578,W0948,W9358,W0680]"
9538.5,2025-12-07T14:58:30+00:00,parking2,capacity_reserved,202.5,0.0,187.96,0.0,92.81975308641975,187.96,"batch_9_wagons[W0282,W2701,W8570,W9355,W9440,W8578,W0948,W9358,W0680]"
9543.5,2025-12-07T15:03:30+00:00,retrofit,capacity_released,319.5,223.4,182.16000000000003,69.92175273865415,57.01408450704226,-41.239999999999995,"batch_2_wagons[W9081,W12074]"
9630.0,2025-12-07T16:30:00+00:00,collection1,capacity_released,375.0,368.1100000000004,238.4900000000004,98.16266666666678,63.59733333333344,-129.62,"batch_7_wagons[W0888,W12186,W0128,W7755,W9951,W4605,W10772]"
9630.0,2025-12-07T16:30:00+00:00,retrofit,capacity_reserved,319.5,182.16000000000003,311.78000000000003,57.01408450704226,97.58372456964007,129.62,"batch_7_wagons[W0888,W12186,W0128,W7755,W9951,W4605,W10772]"
9642.0,2025-12-07T16:42:00+00:00,retrofitted,capacity_reserved,264.0,50.43000000000001,91.27000000000001,19.10227272727273,34.5719696969697,40.84,"batch_2_wagons[W2712,W9940]"
9647.0,2025-12-07T16:47:00+00:00,retrofit,capacity_released,319.5,311.78000000000003,275.52000000000004,97.58372456964007,86.23474178403757,-36.26,"batch_2_wagons[W8990,W0367]"
9652.0,2025-12-07T16:52:00+00:00,retrofitted,capacity_released,264.0,91.27000000000001,40.84000000000001,34.5719696969697,15.469696969696974,-50.43,"batch_2_wagons[W11195,W9489]"
9660.5,2025-12-07T17:00:30+00:00,parking6,capacity_reserved,199.5,0.0,50.43,0.0,25.278195488721806,50.43,"batch_2_wagons[W11195,W9489]"
9677.5,2025-12-07T17:17:30+00:00,retrofitted,capacity_reserved,264.0,40.84000000000001,82.08000000000001,15.469696969696974,31.090909090909097,41.239999999999995,"batch_2_wagons[W9081,W12074]"
9682.5,2025-12-07T17:22:30+00:00,retrofit,capacity_released,319.5,275.52000000000004,241.39000000000004,86.23474178403757,75.55242566510174,-34.129999999999995,"batch_2_wagons[W0411,W4457]"
9684.0,2025-12-07T17:24:00+00:00,collection1,capacity_reserved,375.0,238.4900000000004,258.3900000000004,63.59733333333344,68.9040000000001,19.9,batch_1_wagons[W4506]
9684.0,2025-12-07T17:24:00+00:00,collection1,capacity_reserved,375.0,258.3900000000004,281.5900000000004,68.9040000000001,75.09066666666676,23.2,batch_1_wagons[W1439]
9734.5,2025-12-07T18:14:30+00:00,collection2,capacity_released,375.0,362.3299999999999,303.94999999999993,96.62133333333331,81.05333333333331,-58.379999999999995,"batch_3_wagons[W4337,W2166,W11847]"
9734.5,2025-12-07T18:14:30+00:00,retrofit,capacity_reserved,319.5,241.39000000000004,299.77000000000004,75.55242566510174,93.8247261345853,58.379999999999995,"batch_3_wagons[W4337,W2166,W11847]"
9739.5,2025-12-07T18:19:30+00:00,retrofitted,capacity_released,264.0,82.08000000000001,41.24000000000001,31.090909090909097,15.621212121212125,-40.84,"batch_2_wagons[W2712,W9940]"
9800.25,2025-12-07T19:20:15+00:00,collection1,capacity_reserved,375.0,281.5900000000004,295.99000000000035,75.09066666666676,78.93066666666677,14.4,batch_1_wagons[W9143]
9800.25,2025-12-07T19:20:15+00:00,collection1,capacity_reserved,375.0,295.99000000000035,308.73000000000036,78.93066666666677,82.3280000000001,12.74,batch_1_wagons[W10883]
9800.25,2025-12-07T19:20:15+00:00,collection1,capacity_reserved,375.0,308.73000000000036,321.47000000000037,82.3280000000001,85.72533333333342,12.74,batch_1_wagons[W10896]
9803.0,2025-12-07T19:23:00+00:00,parking10,capacity_reserved,450.0,252.57999999999998,293.41999999999996,56.12888888888888,65.20444444444443,40.84,"batch_2_wagons[W2712,W9940]"
9875.0,2025-12-07T20:35:00+00:00,retrofitted,capacity_reserved,264.0,41.24000000000001,77.5,15.621212121212125,29.35606060606061,36.26,"batch_2_wagons[W8990,W0367]"
9880.0,2025-12-07T20:40:00+00:00,retrofit,capacity_released,319.5,299.77000000000004,258.48,93.8247261345853,80.90140845070422,-41.29,"batch_2_wagons[W5612,W0928]"
9892.0,2025-12-07T20:52:00+00:00,retrofitted,capacity_reserved,264.0,77.5,111.63,29.35606060606061,42.28409090909091,34.129999999999995,"batch_2_wagons[W0411,W4457]"
9896.5,2025-12-07T20:56:30+00:00,collection1,capacity_reserved,375.0,321.47000000000037,344.3300000000004,85.72533333333342,91.82133333333343,22.86,batch_1_wagons[W10303]
9896.5,2025-12-07T20:56:30+00:00,collection1,capacity_reserved,375.0,344.3300000000004,360.73000000000036,91.82133333333343,96.19466666666676,16.4,batch_1_wagons[W5395]
9896.5,2025-12-07T20:56:30+00:00,collection2,capacity_reserved,375.0,303.94999999999993,327.1499999999999,81.05333333333331,87.23999999999998,23.2,batch_1_wagons[W2774]
9896.5,2025-12-07T20:56:30+00:00,collection2,capacity_reserved,375.0,327.1499999999999,350.41399999999993,87.23999999999998,93.44373333333331,23.264,batch_1_wagons[W10233]
9896.5,2025-12-07T20:56:30+00:00,collection2,capacity_reserved,375.0,350.41399999999993,373.67799999999994,93.44373333333331,99.64746666666665,23.264,batch_1_wagons[W2815]
9897.0,2025-12-07T20:57:00+00:00,retrofit,capacity_released,319.5,258.48,211.24,80.90140845070422,66.11580594679187,-47.239999999999995,"batch_2_wagons[W12177,W8952]"
9913.5,2025-12-07T21:13:30+00:00,collection1,capacity_released,375.0,360.73000000000036,267.8300000000004,96.19466666666676,71.42133333333344,-92.89999999999999,"batch_6_wagons[W5316,W9043,W2149,W5380,W0875,W5989]"
9913.5,2025-12-07T21:13:30+00:00,retrofit,capacity_reserved,319.5,211.24,304.14,66.11580594679187,95.19248826291079,92.89999999999999,"batch_6_wagons[W5316,W9043,W2149,W5380,W0875,W5989]"
9928.0,2025-12-07T21:28:00+00:00,retrofitted,capacity_released,264.0,111.63,70.39,42.28409090909091,26.662878787878785,-41.239999999999995,"batch_2_wagons[W9081,W12074]"
9936.5,2025-12-07T21:36:30+00:00,parking3,capacity_reserved,192.75,0.0,41.239999999999995,0.0,21.395590142671853,41.239999999999995,"batch_2_wagons[W9081,W12074]"
9990.5,2025-12-07T22:30:30+00:00,retrofitted,capacity_reserved,264.0,70.39,111.68,26.662878787878785,42.303030303030305,41.29,"batch_2_wagons[W5612,W0928]"
9993.5,2025-12-07T22:33:30+00:00,retrofitted,capacity_released,264.0,111.68,41.290000000000006,42.303030303030305,15.640151515151517,-70.39,"batch_4_wagons[W8990,W0367,W0411,W4457]"
9995.5,2025-12-07T22:35:30+00:00,retrofit,capacity_released,319.5,304.14,253.89999999999998,95.19248826291079,79.46791862284819,-50.239999999999995,"batch_2_wagons[W8676,W0888]"
10007.5,2025-12-07T22:47:30+00:00,retrofitted,capacity_reserved,264.0,41.290000000000006,88.53,15.640151515151517,33.53409090909091,47.239999999999995,"batch_2_wagons[W12177,W8952]"
10012.5,2025-12-07T22:52:30+00:00,retrofit,capacity_released,319.5,253.89999999999998,215.15999999999997,79.46791862284819,67.34272300469483,-38.739999999999995,"batch_2_wagons[W12186,W0128]"
10041.5,2025-12-07T23:21:30+00:00,collection1,capacity_reserved,375.0,267.8300000000004,291.0940000000004,71.42133333333344,77.62506666666678,23.264,batch_1_wagons[W2846]
10041.5,2025-12-07T23:21:30+00:00,collection1,capacity_reserved,375.0,291.0940000000004,305.3840000000004,77.62506666666678,81.43573333333345,14.29,batch_1_wagons[W5760]
10041.5,2025-12-07T23:21:30+00:00,collection1,capacity_reserved,375.0,305.3840000000004,319.42400000000043,81.43573333333345,85.17973333333344,14.04,batch_1_wagons[W6421]
10041.5,2025-12-07T23:21:30+00:00,collection1,capacity_reserved,375.0,319.42400000000043,331.46400000000045,85.17973333333344,88.39040000000013,12.04,batch_1_wagons[W4802]
10065.5,2025-12-07T23:45:30+00:00,collection1,capacity_reserved,375.0,331.46400000000045,355.32400000000047,88.39040000000013,94.7530666666668,23.86,batch_1_wagons[W8616]
10073.25,2025-12-07T23:53:15+00:00,collection1,capacity_reserved,375.0,355.32400000000047,367.82400000000047,94.7530666666668,98.08640000000013,12.5,batch_1_wagons[W10100]
10075.0,2025-12-07T23:55:00+00:00,parking14,capacity_reserved,555.0,365.434,435.824,65.84396396396397,78.52684684684685,70.39,"batch_4_wagons[W8990,W0367,W0411,W4457]"
10147.0,2025-12-08T01:07:00+00:00,retrofitted,capacity_reserved,264.0,88.53,138.76999999999998,33.53409090909091,52.56439393939393,50.239999999999995,"batch_2_wagons[W8676,W0888]"
10152.0,2025-12-08T01:12:00+00:00,retrofit,capacity_released,319.5,215.15999999999997,183.31999999999996,67.34272300469483,57.377151799687,-31.84,"batch_2_wagons[W7755,W9951]"
10164.0,2025-12-08T01:24:00+00:00,retrofitted,capacity_reserved,264.0,138.76999999999998,177.51,52.56439393939393,67.23863636363636,38.739999999999995,"batch_2_wagons[W12186,W0128]"
10169.0,2025-12-08T01:29:00+00:00,retrofit,capacity_released,319.5,183.31999999999996,151.27999999999997,57.377151799687,47.348982785602495,-32.04,"batch_2_wagons[W4605,W10772]"
10211.5,2025-12-08T02:11:30+00:00,collection2,capacity_released,375.0,373.67799999999994,218.61799999999994,99.64746666666665,58.29813333333331,-155.06,"batch_10_wagons[W11884,W2135,W9420,W9744,W10936,W10993,W11050,W0475,W0827,W8714]"
10211.5,2025-12-08T02:11:30+00:00,retrofit,capacity_reserved,319.5,151.27999999999997,306.34,47.348982785602495,95.8810641627543,155.06,"batch_10_wagons[W11884,W2135,W9420,W9744,W10936,W10993,W11050,W0475,W0827,W8714]"
10226.0,2025-12-08T02:26:00+00:00,retrofitted,capacity_released,264.0,177.51,88.97999999999999,67.23863636363636,33.704545454545446,-88.53,"batch_4_wagons[W5612,W0928,W12177,W8952]"
10227.75,2025-12-08T02:27:45+00:00,collection2,capacity_reserved,375.0,218.61799999999994,242.51799999999994,58.29813333333331,64.67146666666666,23.9,batch_1_wagons[W2736]
10227.75,2025-12-08T02:27:45+00:00,collection2,capacity_reserved,375.0,242.51799999999994,257.55799999999994,64.67146666666666,68.68213333333331,15.04,batch_1_wagons[W10873]
10227.75,2025-12-08T02:27:45+00:00,collection2,capacity_reserved,375.0,257.55799999999994,273.9579999999999,68.68213333333331,73.05546666666665,16.4,batch_1_wagons[W9427]
10237.5,2025-12-08T02:37:30+00:00,parking9,capacity_reserved,300.0,135.99,224.52,45.330000000000005,74.84,88.53,"batch_4_wagons[W5612,W0928,W12177,W8952]"
10253.0,2025-12-08T02:53:00+00:00,collection2,capacity_reserved,375.0,273.9579999999999,289.4579999999999,73.05546666666665,77.18879999999999,15.5,batch_1_wagons[W0234]
10253.0,2025-12-08T02:53:00+00:00,collection2,capacity_reserved,375.0,289.4579999999999,312.6979999999999,77.18879999999999,83.3861333333333,23.24,batch_1_wagons[W12229]
10253.0,2025-12-08T02:53:00+00:00,collection2,capacity_reserved,375.0,312.6979999999999,326.73799999999994,83.3861333333333,87.13013333333332,14.04,batch_1_wagons[W6323]
10262.5,2025-12-08T03:02:30+00:00,retrofitted,capacity_reserved,264.0,88.97999999999999,120.82,33.704545454545446,45.765151515151516,31.84,"batch_2_wagons[W7755,W9951]"
10267.5,2025-12-08T03:07:30+00:00,retrofit,capacity_released,319.5,306.34,269.26,95.8810641627543,84.2754303599374,-37.08,"batch_2_wagons[W4337,W2166]"
10272.5,2025-12-08T03:12:30+00:00,retrofitted,capacity_released,264.0,120.82,31.840000000000003,45.765151515151516,12.060606060606062,-88.97999999999999,"batch_4_wagons[W8676,W0888,W12186,W0128]"
10284.0,2025-12-08T03:24:00+00:00,parking5,capacity_reserved,162.0,0.0,88.97999999999999,0.0,54.925925925925924,88.97999999999999,"batch_4_wagons[W8676,W0888,W12186,W0128]"
10301.0,2025-12-08T03:41:00+00:00,retrofitted,capacity_reserved,264.0,31.840000000000003,63.88,12.060606060606062,24.1969696969697,32.04,"batch_2_wagons[W4605,W10772]"
10306.0,2025-12-08T03:46:00+00:00,retrofit,capacity_released,319.5,269.26,247.95999999999998,84.2754303599374,77.60876369327073,-21.3,batch_1_wagons[W11847]
10382.5,2025-12-08T05:02:30+00:00,collection1,capacity_released,375.0,367.82400000000047,308.28400000000045,98.08640000000013,82.20906666666679,-59.53999999999999,"batch_3_wagons[W5415,W12031,W10441]"
10382.5,2025-12-08T05:02:30+00:00,retrofit,capacity_reserved,319.5,247.95999999999998,307.5,77.60876369327073,96.24413145539906,59.53999999999999,"batch_3_wagons[W5415,W12031,W10441]"
10387.5,2025-12-08T05:07:30+00:00,retrofitted,capacity_released,264.0,63.88,32.040000000000006,24.1969696969697,12.136363636363638,-31.84,"batch_2_wagons[W7755,W9951]"
10396.0,2025-12-08T05:16:00+00:00,parking7,capacity_reserved,159.0,0.0,31.84,0.0,20.0251572327044,31.84,"batch_2_wagons[W7755,W9951]"
10413.0,2025-12-08T05:33:00+00:00,retrofitted,capacity_reserved,264.0,32.040000000000006,69.12,12.136363636363638,26.181818181818183,37.08,"batch_2_wagons[W4337,W2166]"
10418.0,2025-12-08T05:38:00+00:00,retrofit,capacity_released,319.5,307.5,272.9,96.24413145539906,85.41471048513301,-34.599999999999994,"batch_2_wagons[W5316,W9043]"
10420.25,2025-12-08T05:40:15+00:00,collection1,capacity_reserved,375.0,308.28400000000045,331.54800000000046,82.20906666666679,88.41280000000012,23.264,batch_1_wagons[W2910]
10420.25,2025-12-08T05:40:15+00:00,collection1,capacity_reserved,375.0,331.54800000000046,358.54800000000046,88.41280000000012,95.61280000000012,27.0,batch_1_wagons[W0681]
10420.25,2025-12-08T05:40:15+00:00,collection2,capacity_reserved,375.0,326.73799999999994,349.93799999999993,87.13013333333332,93.31679999999997,23.2,batch_1_wagons[W8552]
10423.5,2025-12-08T05:43:30+00:00,collection2,capacity_reserved,375.0,349.93799999999993,373.17799999999994,93.31679999999997,99.51413333333332,23.24,batch_1_wagons[W12221]
10423.5,2025-12-08T05:43:30+00:00,collection1,capacity_reserved,375.0,358.54800000000046,374.04800000000046,95.61280000000012,99.74613333333345,15.5,batch_1_wagons[W0237]
10429.5,2025-12-08T05:49:30+00:00,retrofitted,capacity_reserved,264.0,69.12,90.42,26.181818181818183,34.25,21.3,batch_1_wagons[W11847]
10434.5,2025-12-08T05:54:30+00:00,retrofit,capacity_released,319.5,272.9,239.32,85.41471048513301,74.90453834115806,-33.58,"batch_2_wagons[W2149,W5380]"
10556.0,2025-12-08T07:56:00+00:00,collection2,capacity_released,375.0,373.17799999999994,312.03799999999995,99.51413333333332,83.21013333333333,-61.14,"batch_3_wagons[W7877,W5280,W7897]"
10556.0,2025-12-08T07:56:00+00:00,retrofit,capacity_reserved,319.5,239.32,300.46,74.90453834115806,94.04068857589984,61.14,"batch_3_wagons[W7877,W5280,W7897]"
10568.0,2025-12-08T08:08:00+00:00,retrofitted,capacity_reserved,264.0,90.42,125.02,34.25,47.35606060606061,34.599999999999994,"batch_2_wagons[W5316,W9043]"
10573.0,2025-12-08T08:13:00+00:00,retrofit,capacity_released,319.5,300.46,275.74,94.04068857589984,86.30359937402191,-24.72,"batch_2_wagons[W0875,W5989]"
10585.0,2025-12-08T08:25:00+00:00,retrofitted,capacity_reserved,264.0,125.02,158.6,47.35606060606061,60.07575757575757,33.58,"batch_2_wagons[W2149,W5380]"
10590.0,2025-12-08T08:30:00+00:00,retrofit,capacity_released,319.5,275.74,237.22000000000003,86.30359937402191,74.2472613458529,-38.519999999999996,"batch_2_wagons[W11884,W2135]"
10593.5,2025-12-08T08:33:30+00:00,collection2,capacity_reserved,375.0,312.03799999999995,328.43799999999993,83.21013333333333,87.58346666666664,16.4,batch_1_wagons[W5173]
10593.5,2025-12-08T08:33:30+00:00,collection2,capacity_reserved,375.0,328.43799999999993,348.3379999999999,87.58346666666664,92.89013333333331,19.9,batch_1_wagons[W4380]
10593.5,2025-12-08T08:33:30+00:00,collection2,capacity_reserved,375.0,348.3379999999999,362.62799999999993,92.89013333333331,96.70079999999997,14.29,batch_1_wagons[W5872]
10593.5,2025-12-08T08:33:30+00:00,collection2,capacity_reserved,375.0,362.62799999999993,372.2679999999999,96.70079999999997,99.27146666666664,9.64,batch_1_wagons[W0093]
10633.5,2025-12-08T09:13:30+00:00,collection1,capacity_released,375.0,374.04800000000046,314.34800000000047,99.74613333333345,83.82613333333346,-59.699999999999996,"batch_3_wagons[W10435,W1122,W1120]"
10633.5,2025-12-08T09:13:30+00:00,retrofit,capacity_reserved,319.5,237.22000000000003,296.92,74.2472613458529,92.93270735524257,59.699999999999996,"batch_3_wagons[W10435,W1122,W1120]"
10638.5,2025-12-08T09:18:30+00:00,retrofitted,capacity_released,264.0,158.6,126.56,60.07575757575757,47.939393939393945,-32.04,"batch_2_wagons[W4605,W10772]"
10683.5,2025-12-08T10:03:30+00:00,retrofitted,capacity_reserved,264.0,126.56,151.28,47.939393939393945,57.3030303030303,24.72,"batch_2_wagons[W0875,W5989]"
10688.5,2025-12-08T10:08:30+00:00,retrofit,capacity_released,319.5,296.92,265.58000000000004,92.93270735524257,83.12363067292647,-31.339999999999996,"batch_2_wagons[W9420,W9744]"
10702.0,2025-12-08T10:22:00+00:00,parking10,capacity_reserved,450.0,293.41999999999996,325.46,65.20444444444443,72.32444444444444,32.04,"batch_2_wagons[W4605,W10772]"
10726.5,2025-12-08T10:46:30+00:00,retrofitted,capacity_reserved,264.0,151.28,189.8,57.3030303030303,71.8939393939394,38.519999999999996,"batch_2_wagons[W11884,W2135]"
10731.5,2025-12-08T10:51:30+00:00,retrofit,capacity_released,319.5,265.58000000000004,238.14000000000004,83.12363067292647,74.53521126760565,-27.439999999999998,"batch_2_wagons[W10936,W10993]"
10793.25,2025-12-08T11:53:15+00:00,collection1,capacity_reserved,375.0,314.34800000000047,337.5880000000005,83.82613333333346,90.02346666666679,23.24,batch_1_wagons[W12116]
10793.25,2025-12-08T11:53:15+00:00,collection1,capacity_reserved,375.0,337.5880000000005,364.5880000000005,90.02346666666679,97.2234666666668,27.0,batch_1_wagons[W0698]
10796.75,2025-12-08T11:56:45+00:00,collection1,capacity_reserved,375.0,364.5880000000005,374.1880000000005,97.2234666666668,99.7834666666668,9.6,batch_1_wagons[W0839]
10800.0,2025-12-08T12:00:00+00:00,retrofitted,capacity_reserved,264.0,189.8,221.14000000000001,71.8939393939394,83.76515151515153,31.339999999999996,"batch_2_wagons[W9420,W9744]"
10805.0,2025-12-08T12:05:00+00:00,retrofit,capacity_released,319.5,238.14000000000004,213.26000000000005,74.53521126760565,66.74804381846637,-24.880000000000003,"batch_2_wagons[W11050,W0475]"
10878.5,2025-12-08T13:18:30+00:00,collection2,capacity_released,375.0,372.2679999999999,284.5179999999999,99.27146666666664,75.87146666666665,-87.75,"batch_4_wagons[W0962,W9071,W11516,W5434]"
10878.5,2025-12-08T13:18:30+00:00,retrofit,capacity_reserved,319.5,213.26000000000005,301.01000000000005,66.74804381846637,94.21283255086074,87.75,"batch_4_wagons[W0962,W9071,W11516,W5434]"
10890.5,2025-12-08T13:30:30+00:00,retrofitted,capacity_reserved,264.0,221.14000000000001,248.58,83.76515151515153,94.15909090909092,27.439999999999998,"batch_2_wagons[W10936,W10993]"
10900.5,2025-12-08T13:40:30+00:00,retrofitted,capacity_released,264.0,248.58,97.30000000000001,94.15909090909092,36.85606060606061,-151.28,"batch_9_wagons[W4337,W2166,W11847,W5316,W9043,W2149,W5380,W0875,W5989]"
10919.5,2025-12-08T13:59:30+00:00,parking8,capacity_reserved,152.25,0.0,151.28,0.0,99.36288998357963,151.28,"batch_9_wagons[W4337,W2166,W11847,W5316,W9043,W2149,W5380,W0875,W5989]"
10924.5,2025-12-08T14:04:30+00:00,retrofit,capacity_released,319.5,301.01000000000005,268.13000000000005,94.21283255086074,83.92175273865416,-32.879999999999995,"batch_2_wagons[W0827,W8714]"
10947.75,2025-12-08T14:27:45+00:00,collection2,capacity_reserved,375.0,284.5179999999999,304.4179999999999,75.87146666666665,81.1781333333333,19.9,batch_1_wagons[W3413]
10947.75,2025-12-08T14:27:45+00:00,collection2,capacity_reserved,375.0,304.4179999999999,327.6779999999999,81.1781333333333,87.38079999999997,23.26,batch_1_wagons[W8479]
10947.75,2025-12-08T14:27:45+00:00,collection2,capacity_reserved,375.0,327.6779999999999,350.9179999999999,87.38079999999997,93.5781333333333,23.24,batch_1_wagons[W8637]
10947.75,2025-12-08T14:27:45+00:00,collection2,capacity_reserved,375.0,350.9179999999999,366.7179999999999,93.5781333333333,97.79146666666664,15.8,batch_1_wagons[W2324]
10952.0,2025-12-08T14:32:00+00:00,collection1,capacity_released,375.0,374.1880000000005,327.9380000000005,99.7834666666668,87.45013333333347,-46.25,"batch_2_wagons[W11518,W4506]"
10952.0,2025-12-08T14:32:00+00:00,retrofit,capacity_reserved,319.5,268.13000000000005,314.38000000000005,83.92175273865416,98.39749608763695,46.25,"batch_2_wagons[W11518,W4506]"
10973.75,2025-12-08T14:53:45+00:00,collection1,capacity_reserved,375.0,327.9380000000005,342.2280000000005,87.45013333333347,91.26080000000015,14.29,batch_1_wagons[W5611]
10973.75,2025-12-08T14:53:45+00:00,collection1,capacity_reserved,375.0,342.2280000000005,364.57800000000054,91.26080000000015,97.22080000000014,22.35,batch_1_wagons[W8094]
10981.5,2025-12-08T15:01:30+00:00,retrofitted,capacity_released,264.0,97.30000000000001,1.4210854715202004e-14,36.85606060606061,5.382899513334092e-15,-97.3,"batch_6_wagons[W11884,W2135,W9420,W9744,W10936,W10993]"
10996.0,2025-12-08T15:16:00+00:00,parking3,capacity_reserved,192.75,41.239999999999995,138.54,21.395590142671853,71.87548638132296,97.3,"batch_6_wagons[W11884,W2135,W9420,W9744,W10936,W10993]"
11018.0,2025-12-08T15:38:00+00:00,retrofitted,capacity_reserved,264.0,1.4210854715202004e-14,24.880000000000017,5.382899513334092e-15,9.424242424242431,24.880000000000003,"batch_2_wagons[W11050,W0475]"
11023.0,2025-12-08T15:43:00+00:00,retrofit,capacity_released,319.5,314.38000000000005,274.74000000000007,98.39749608763695,85.99061032863851,-39.64,"batch_2_wagons[W5415,W12031]"
11061.0,2025-12-08T16:21:00+00:00,retrofitted,capacity_reserved,264.0,24.880000000000017,57.76000000000001,9.424242424242431,21.878787878787882,32.879999999999995,"batch_2_wagons[W0827,W8714]"
11066.0,2025-12-08T16:26:00+00:00,retrofit,capacity_released,319.5,274.74000000000007,232.47000000000008,85.99061032863851,72.76056338028172,-42.269999999999996,"batch_2_wagons[W10441,W7877]"
11071.0,2025-12-08T16:31:00+00:00,retrofitted,capacity_released,264.0,57.76000000000001,32.88000000000001,21.878787878787882,12.454545454545459,-24.880000000000003,"batch_2_wagons[W11050,W0475]"
11079.5,2025-12-08T16:39:30+00:00,parking6,capacity_reserved,199.5,50.43,75.31,25.278195488721806,37.74937343358396,24.880000000000003,"batch_2_wagons[W11050,W0475]"
11107.0,2025-12-08T17:07:00+00:00,collection2,capacity_released,375.0,366.7179999999999,296.9899999999999,97.79146666666664,79.1973333333333,-69.728,"batch_3_wagons[W2774,W10233,W2815]"
11107.0,2025-12-08T17:07:00+00:00,retrofit,capacity_reserved,319.5,232.47000000000008,302.1980000000001,72.76056338028172,94.58466353677623,69.728,"batch_3_wagons[W2774,W10233,W2815]"
11119.0,2025-12-08T17:19:00+00:00,retrofitted,capacity_reserved,264.0,32.88000000000001,72.52000000000001,12.454545454545459,27.469696969696972,39.64,"batch_2_wagons[W5415,W12031]"
11124.0,2025-12-08T17:24:00+00:00,retrofit,capacity_released,319.5,302.1980000000001,263.4280000000001,94.58466353677623,82.45007824726139,-38.769999999999996,"batch_2_wagons[W5280,W7897]"
11155.0,2025-12-08T17:55:00+00:00,retrofitted,capacity_released,264.0,72.52000000000001,39.640000000000015,27.469696969696972,15.015151515151521,-32.879999999999995,"batch_2_wagons[W0827,W8714]"
11231.5,2025-12-08T19:11:30+00:00,collection2,capacity_reserved,375.0,296.9899999999999,311.2799999999999,79.1973333333333,83.00799999999998,14.29,batch_1_wagons[W5992]
11231.5,2025-12-08T19:11:30+00:00,collection2,capacity_reserved,375.0,311.2799999999999,327.0799999999999,83.00799999999998,87.22133333333332,15.8,batch_1_wagons[W9943]
11231.5,2025-12-08T19:11:30+00:00,collection2,capacity_reserved,375.0,327.0799999999999,342.87999999999994,87.22133333333332,91.43466666666666,15.8,batch_1_wagons[W9430]
11231.5,2025-12-08T19:11:30+00:00,collection2,capacity_reserved,375.0,342.87999999999994,361.91999999999996,91.43466666666666,96.51199999999999,19.04,batch_1_wagons[W7598]
11231.5,2025-12-08T19:11:30+00:00,collection2,capacity_reserved,375.0,361.91999999999996,373.52,96.51199999999999,99.60533333333332,11.6,batch_1_wagons[W8339]
11231.5,2025-12-08T19:11:30+00:00,collection1,capacity_reserved,375.0,364.57800000000054,374.21800000000053,97.22080000000014,99.7914666666668,9.64,batch_1_wagons[W0555]
11233.5,2025-12-08T19:13:30+00:00,parking15,capacity_reserved,555.0,407.414,440.294,73.40792792792793,79.33225225225225,32.879999999999995,"batch_2_wagons[W0827,W8714]"
11263.0,2025-12-08T19:43:00+00:00,collection1,capacity_released,375.0,374.21800000000053,323.8780000000005,99.7914666666668,86.3674666666668,-50.34,"batch_3_wagons[W1439,W9143,W10883]"
11263.0,2025-12-08T19:43:00+00:00,retrofit,capacity_reserved,319.5,263.4280000000001,313.76800000000014,82.45007824726139,98.20594679186233,50.34,"batch_3_wagons[W1439,W9143,W10883]"
11275.0,2025-12-08T19:55:00+00:00,retrofitted,capacity_reserved,264.0,39.640000000000015,81.91000000000001,15.015151515151521,31.026515151515156,42.269999999999996,"batch_2_wagons[W10441,W7877]"
11280.0,2025-12-08T20:00:00+00:00,retrofit,capacity_released,319.5,313.76800000000014,273.96800000000013,98.20594679186233,85.74898278560255,-39.8,"batch_2_wagons[W10435,W1122]"
11292.0,2025-12-08T20:12:00+00:00,retrofitted,capacity_reserved,264.0,81.91000000000001,120.68,31.026515151515156,45.71212121212122,38.769999999999996,"batch_2_wagons[W5280,W7897]"
11297.0,2025-12-08T20:17:00+00:00,retrofit,capacity_released,319.5,273.96800000000013,227.06800000000013,85.74898278560255,71.06979655712054,-46.9,"batch_2_wagons[W1120,W0962]"
11302.0,2025-12-08T20:22:00+00:00,retrofitted,capacity_released,264.0,120.68,1.4210854715202004e-14,45.71212121212122,5.382899513334092e-15,-120.67999999999999,"batch_6_wagons[W5415,W12031,W10441,W7877,W5280,W7897]"
11431.5,2025-12-08T22:31:30+00:00,parking16,capacity_reserved,937.5,794.564,915.2439999999999,84.75349333333332,97.62602666666666,120.67999999999999,"batch_6_wagons[W5415,W12031,W10441,W7877,W5280,W7897]"
11492.5,2025-12-08T23:32:30+00:00,collection2,capacity_released,375.0,373.52,302.67999999999995,99.60533333333332,80.71466666666666,-70.84,"batch_4_wagons[W2736,W10873,W9427,W0234]"
11492.5,2025-12-08T23:32:30+00:00,retrofit,capacity_reserved,319.5,227.06800000000013,297.90800000000013,71.06979655712054,93.24194053208141,70.84,"batch_4_wagons[W2736,W10873,W9427,W0234]"
11503.5,2025-12-08T23:43:30+00:00,retrofitted,capacity_reserved,264.0,1.4210854715202004e-14,39.80000000000001,5.382899513334092e-15,15.075757575757581,39.8,"batch_2_wagons[W10435,W1122]"
11504.5,2025-12-08T23:44:30+00:00,retrofitted,capacity_reserved,264.0,39.80000000000001,86.70000000000002,15.075757575757581,32.8409090909091,46.9,"batch_2_wagons[W1120,W0962]"
11508.5,2025-12-08T23:48:30+00:00,retrofit,capacity_released,319.5,297.90800000000013,253.55800000000013,93.24194053208141,79.36087636932712,-44.35,"batch_2_wagons[W9071,W11516]"
11509.5,2025-12-08T23:49:30+00:00,retrofit,capacity_released,319.5,253.55800000000013,210.80800000000013,79.36087636932712,65.98059467918627,-42.75,"batch_2_wagons[W5434,W11518]"
11544.25,2025-12-09T00:24:15+00:00,collection1,capacity_reserved,375.0,323.8780000000005,342.7780000000005,86.3674666666668,91.40746666666679,18.9,batch_1_wagons[W12383]
11544.25,2025-12-09T00:24:15+00:00,collection1,capacity_reserved,375.0,342.7780000000005,366.03800000000047,91.40746666666679,97.61013333333347,23.26,batch_1_wagons[W9843]
11544.25,2025-12-09T00:24:15+00:00,collection2,capacity_reserved,375.0,302.67999999999995,322.5799999999999,80.71466666666666,86.02133333333332,19.9,batch_1_wagons[W4473]
11544.25,2025-12-09T00:24:15+00:00,collection2,capacity_reserved,375.0,322.5799999999999,336.9799999999999,86.02133333333332,89.8613333333333,14.4,batch_1_wagons[W9727]
11544.25,2025-12-09T00:24:15+00:00,collection2,capacity_reserved,375.0,336.9799999999999,354.9799999999999,89.8613333333333,94.6613333333333,18.0,batch_1_wagons[W9046]
11544.25,2025-12-09T00:24:15+00:00,collection2,capacity_reserved,375.0,354.9799999999999,372.1599999999999,94.6613333333333,99.24266666666665,17.18,batch_1_wagons[W2217]
11656.5,2025-12-09T02:16:30+00:00,collection1,capacity_released,375.0,366.03800000000047,262.44400000000047,97.61013333333347,69.9850666666668,-103.594,"batch_6_wagons[W10896,W10303,W5395,W2846,W5760,W6421]"
11656.5,2025-12-09T02:16:30+00:00,retrofit,capacity_reserved,319.5,210.80800000000013,314.40200000000016,65.98059467918627,98.40438184663542,103.594,"batch_6_wagons[W10896,W10303,W5395,W2846,W5760,W6421]"
11668.5,2025-12-09T02:28:30+00:00,retrofitted,capacity_reserved,264.0,86.70000000000002,131.05,32.8409090909091,49.64015151515152,44.35,"batch_2_wagons[W9071,W11516]"
11673.5,2025-12-09T02:33:30+00:00,retrofit,capacity_released,319.5,314.40200000000016,271.30200000000013,98.40438184663542,84.91455399061037,-43.099999999999994,"batch_2_wagons[W4506,W2774]"
11685.5,2025-12-09T02:45:30+00:00,retrofitted,capacity_reserved,264.0,131.05,173.8,49.64015151515152,65.83333333333333,42.75,"batch_2_wagons[W5434,W11518]"
11690.5,2025-12-09T02:50:30+00:00,retrofit,capacity_released,319.5,271.30200000000013,224.77400000000014,84.91455399061037,70.351799687011,-46.528,"batch_2_wagons[W10233,W2815]"
11705.25,2025-12-09T03:05:15+00:00,collection1,capacity_reserved,375.0,262.44400000000047,276.4840000000005,69.9850666666668,73.7290666666668,14.04,batch_1_wagons[W6848]
11705.25,2025-12-09T03:05:15+00:00,collection1,capacity_reserved,375.0,276.4840000000005,292.9840000000005,73.7290666666668,78.1290666666668,16.5,batch_1_wagons[W11356]
11705.25,2025-12-09T03:05:15+00:00,collection1,capacity_reserved,375.0,292.9840000000005,312.88400000000047,78.1290666666668,83.43573333333346,19.9,batch_1_wagons[W4223]
11705.25,2025-12-09T03:05:15+00:00,collection1,capacity_reserved,375.0,312.88400000000047,325.52400000000046,83.43573333333346,86.80640000000011,12.64,batch_1_wagons[W1826]
11705.25,2025-12-09T03:05:15+00:00,collection1,capacity_reserved,375.0,325.52400000000046,348.72400000000044,86.80640000000011,92.99306666666679,23.2,batch_1_wagons[W8494]
11705.25,2025-12-09T03:05:15+00:00,collection1,capacity_reserved,375.0,348.72400000000044,371.92400000000043,92.99306666666679,99.17973333333346,23.2,batch_1_wagons[W1427]
11715.5,2025-12-09T03:15:30+00:00,collection2,capacity_released,375.0,372.1599999999999,288.43999999999994,99.24266666666665,76.91733333333332,-83.72,"batch_4_wagons[W12229,W6323,W8552,W12221]"
11715.5,2025-12-09T03:15:30+00:00,retrofit,capacity_reserved,319.5,224.77400000000014,308.49400000000014,70.351799687011,96.55524256651022,83.72,"batch_4_wagons[W12229,W6323,W8552,W12221]"
11721.5,2025-12-09T03:21:30+00:00,retrofitted,capacity_released,264.0,173.8,134.0,65.83333333333333,50.75757575757576,-39.8,"batch_2_wagons[W10435,W1122]"
11730.0,2025-12-09T03:30:00+00:00,parking7,capacity_reserved,159.0,31.84,71.64,20.0251572327044,45.05660377358491,39.8,"batch_2_wagons[W10435,W1122]"
11740.0,2025-12-09T03:40:00+00:00,retrofitted,capacity_released,264.0,134.0,26.349999999999994,50.75757575757576,9.981060606060604,-107.65,"batch_5_wagons[W1120,W0962,W9071,W11516,W5434]"
11784.0,2025-12-09T04:24:00+00:00,retrofitted,capacity_reserved,264.0,26.349999999999994,69.44999999999999,9.981060606060604,26.306818181818176,43.099999999999994,"batch_2_wagons[W4506,W2774]"
11789.0,2025-12-09T04:29:00+00:00,retrofit,capacity_released,319.5,308.49400000000014,270.8940000000001,96.55524256651022,84.78685446009393,-37.6,"batch_2_wagons[W1439,W9143]"
11808.0,2025-12-09T04:48:00+00:00,parking10,capacity_reserved,450.0,325.46,433.11,72.32444444444444,96.24666666666667,107.65,"batch_5_wagons[W1120,W0962,W9071,W11516,W5434]"
11827.0,2025-12-09T05:07:00+00:00,retrofitted,capacity_reserved,264.0,69.44999999999999,115.97799999999998,26.306818181818176,43.9310606060606,46.528,"batch_2_wagons[W10233,W2815]"
11829.75,2025-12-09T05:09:45+00:00,collection2,capacity_reserved,375.0,288.43999999999994,304.43999999999994,76.91733333333332,81.18399999999998,16.0,batch_1_wagons[W7791]
11832.0,2025-12-09T05:12:00+00:00,retrofit,capacity_released,319.5,270.8940000000001,234.25400000000013,84.78685446009393,73.31893583724573,-36.64,"batch_2_wagons[W10883,W2736]"
11906.0,2025-12-09T06:26:00+00:00,retrofitted,capacity_reserved,264.0,115.97799999999998,153.57799999999997,43.9310606060606,58.17348484848483,37.6,"batch_2_wagons[W1439,W9143]"
11911.0,2025-12-09T06:31:00+00:00,retrofit,capacity_released,319.5,234.25400000000013,202.81400000000014,73.31893583724573,63.47856025039128,-31.439999999999998,"batch_2_wagons[W10873,W9427]"
12003.0,2025-12-09T08:03:00+00:00,collection1,capacity_released,375.0,371.92400000000043,257.76000000000045,99.17973333333346,68.73600000000012,-114.164,"batch_6_wagons[W4802,W8616,W10100,W2910,W0681,W0237]"
12003.0,2025-12-09T08:03:00+00:00,retrofit,capacity_reserved,319.5,202.81400000000014,316.9780000000001,63.47856025039128,99.21064162754307,114.164,"batch_6_wagons[W4802,W8616,W10100,W2910,W0681,W0237]"
12015.0,2025-12-09T08:15:00+00:00,retrofitted,capacity_reserved,264.0,153.57799999999997,190.21799999999996,58.17348484848483,72.05227272727271,36.64,"batch_2_wagons[W10883,W2736]"
12020.0,2025-12-09T08:20:00+00:00,retrofit,capacity_released,319.5,316.9780000000001,288.7380000000001,99.21064162754307,90.37183098591552,-28.240000000000002,"batch_2_wagons[W0234,W10896]"
12046.0,2025-12-09T08:46:00+00:00,collection1,capacity_reserved,375.0,257.76000000000045,288.76000000000045,68.73600000000012,77.00266666666678,31.0,batch_1_wagons[W0023]
12046.0,2025-12-09T08:46:00+00:00,collection1,capacity_reserved,375.0,288.76000000000045,308.6600000000004,77.00266666666678,82.30933333333344,19.9,batch_1_wagons[W10397]
12046.0,2025-12-09T08:46:00+00:00,collection1,capacity_reserved,375.0,308.6600000000004,339.6600000000004,82.30933333333344,90.5760000000001,31.0,batch_1_wagons[W0674]
12046.0,2025-12-09T08:46:00+00:00,collection1,capacity_reserved,375.0,339.6600000000004,356.0600000000004,90.5760000000001,94.94933333333344,16.4,batch_1_wagons[W5420]
12046.0,2025-12-09T08:46:00+00:00,collection1,capacity_reserved,375.0,356.0600000000004,370.1000000000004,94.94933333333344,98.69333333333344,14.04,batch_1_wagons[W6936]
12066.0,2025-12-09T09:06:00+00:00,collection2,capacity_released,375.0,304.43999999999994,288.03999999999996,81.18399999999998,76.81066666666666,-16.4,batch_1_wagons[W5173]
12066.0,2025-12-09T09:06:00+00:00,retrofit,capacity_reserved,319.5,288.7380000000001,305.1380000000001,90.37183098591552,95.50485133020346,16.4,batch_1_wagons[W5173]
12071.0,2025-12-09T09:11:00+00:00,retrofitted,capacity_released,264.0,190.21799999999996,74.23999999999997,72.05227272727271,28.121212121212107,-115.978,"batch_5_wagons[W11518,W4506,W2774,W10233,W2815]"
12084.0,2025-12-09T09:24:00+00:00,parking6,capacity_reserved,199.5,75.31,191.288,37.74937343358396,95.88370927318296,115.978,"batch_5_wagons[W11518,W4506,W2774,W10233,W2815]"
12113.5,2025-12-09T09:53:30+00:00,retrofitted,capacity_reserved,264.0,74.23999999999997,105.67999999999996,28.121212121212107,40.03030303030302,31.439999999999998,"batch_2_wagons[W10873,W9427]"
12118.5,2025-12-09T09:58:30+00:00,retrofit,capacity_released,319.5,305.1380000000001,265.8780000000001,95.50485133020346,83.21690140845074,-39.26,"batch_2_wagons[W10303,W5395]"
12121.5,2025-12-09T10:01:30+00:00,retrofitted,capacity_released,264.0,105.67999999999996,31.43999999999997,40.03030303030302,11.909090909090898,-74.24,"batch_4_wagons[W1439,W9143,W10883,W2736]"
12156.5,2025-12-09T10:36:30+00:00,retrofitted,capacity_reserved,264.0,31.43999999999997,59.67999999999997,11.909090909090898,22.606060606060595,28.240000000000002,"batch_2_wagons[W0234,W10896]"
12161.5,2025-12-09T10:41:30+00:00,retrofit,capacity_released,319.5,265.8780000000001,228.3240000000001,83.21690140845074,71.4629107981221,-37.554,"batch_2_wagons[W2846,W5760]"
12203.0,2025-12-09T11:23:00+00:00,parking14,capacity_reserved,555.0,435.824,510.064,78.52684684684685,91.90342342342342,74.24,"batch_4_wagons[W1439,W9143,W10883,W2736]"
12205.25,2025-12-09T11:25:15+00:00,collection2,capacity_reserved,375.0,288.03999999999996,307.93999999999994,76.81066666666666,82.11733333333332,19.9,batch_1_wagons[W3230]
12205.25,2025-12-09T11:25:15+00:00,collection2,capacity_reserved,375.0,307.93999999999994,324.3399999999999,82.11733333333332,86.49066666666666,16.4,batch_1_wagons[W5411]
12205.25,2025-12-09T11:25:15+00:00,collection2,capacity_reserved,375.0,324.3399999999999,350.68999999999994,86.49066666666666,93.51733333333331,26.35,batch_1_wagons[W11513]
12205.25,2025-12-09T11:25:15+00:00,collection2,capacity_reserved,375.0,350.68999999999994,370.5899999999999,93.51733333333331,98.82399999999998,19.9,batch_1_wagons[W3087]
12275.0,2025-12-09T12:35:00+00:00,retrofitted,capacity_reserved,264.0,59.67999999999997,98.93999999999997,22.606060606060595,37.47727272727271,39.26,"batch_2_wagons[W10303,W5395]"
12280.0,2025-12-09T12:40:00+00:00,retrofit,capacity_released,319.5,228.3240000000001,191.0440000000001,71.4629107981221,59.794679186228514,-37.28,"batch_2_wagons[W6421,W12229]"
12332.5,2025-12-09T13:32:30+00:00,collection1,capacity_released,375.0,370.1000000000004,245.08000000000044,98.69333333333344,65.35466666666679,-125.02,"batch_7_wagons[W12116,W0698,W0839,W5611,W8094,W0555,W12383]"
12332.5,2025-12-09T13:32:30+00:00,retrofit,capacity_reserved,319.5,191.0440000000001,316.0640000000001,59.794679186228514,98.92456964006261,125.02,"batch_7_wagons[W12116,W0698,W0839,W5611,W8094,W0555,W12383]"
12337.5,2025-12-09T13:37:30+00:00,retrofitted,capacity_released,264.0,98.93999999999997,39.25999999999997,37.47727272727271,14.87121212121211,-59.68,"batch_4_wagons[W10873,W9427,W0234,W10896]"
12376.5,2025-12-09T14:16:30+00:00,collection1,capacity_reserved,375.0,245.08000000000044,264.9800000000004,65.35466666666679,70.66133333333345,19.9,batch_1_wagons[W4370]
12376.5,2025-12-09T14:16:30+00:00,collection1,capacity_reserved,375.0,264.9800000000004,279.3800000000004,70.66133333333345,74.50133333333343,14.4,batch_1_wagons[W9406]
12376.5,2025-12-09T14:16:30+00:00,collection1,capacity_reserved,375.0,279.3800000000004,295.78000000000037,74.50133333333343,78.87466666666677,16.4,batch_1_wagons[W5153]
12404.0,2025-12-09T14:44:00+00:00,collection1,capacity_reserved,375.0,295.78000000000037,319.0440000000004,78.87466666666677,85.0784000000001,23.264,batch_1_wagons[W2916]
12404.0,2025-12-09T14:44:00+00:00,parking11,capacity_reserved,300.0,184.95,244.63,61.64999999999999,81.54333333333334,59.68,"batch_4_wagons[W10873,W9427,W0234,W10896]"
12463.0,2025-12-09T15:43:00+00:00,collection2,capacity_released,375.0,370.5899999999999,350.68999999999994,98.82399999999998,93.51733333333331,-19.9,batch_1_wagons[W4380]
12463.0,2025-12-09T15:43:00+00:00,retrofit,capacity_reserve_blocked,319.5,316.0640000000001,316.0640000000001,98.92456964006261,98.92456964006261,19.9,batch_1_wagons_WAITING[W4380]
12475.0,2025-12-09T15:55:00+00:00,retrofitted,capacity_reserved,264.0,39.25999999999997,76.81399999999996,14.87121212121211,29.096212121212105,37.554,"batch_2_wagons[W2846,W5760]"
12476.0,2025-12-09T15:56:00+00:00,retrofitted,capacity_reserved,264.0,76.81399999999996,114.09399999999997,29.096212121212105,43.21742424242423,37.28,"batch_2_wagons[W6421,W12229]"
12480.0,2025-12-09T16:00:00+00:00,retrofit,capacity_released,319.5,316.0640000000001,298.72400000000005,98.92456964006261,93.49733959311426,-37.239999999999995,"batch_2_wagons[W6323,W8552]"
12480.0,2025-12-09T16:00:00+00:00,retrofit,capacity_reserved,319.5,278.82400000000007,298.72400000000005,87.26885758998438,93.49733959311426,19.9,batch_1_wagons[W4380]
12481.0,2025-12-09T16:01:00+00:00,retrofit,capacity_released,319.5,298.72400000000005,263.4440000000001,93.49733959311426,82.45508607198751,-35.28,"batch_2_wagons[W12221,W4802]"
12485.0,2025-12-09T16:05:00+00:00,retrofitted,capacity_released,264.0,114.09399999999997,74.83399999999997,43.21742424242423,28.346212121212112,-39.26,"batch_2_wagons[W10303,W5395]"
12560.25,2025-12-09T17:20:15+00:00,collection1,capacity_reserved,375.0,319.0440000000004,338.94400000000036,85.0784000000001,90.38506666666676,19.9,batch_1_wagons[W3135]
12560.25,2025-12-09T17:20:15+00:00,collection1,capacity_reserved,375.0,338.94400000000036,358.84400000000034,90.38506666666676,95.69173333333342,19.9,batch_1_wagons[W3903]
12563.5,2025-12-09T17:23:30+00:00,parking15,capacity_reserved,555.0,440.294,479.554,79.33225225225225,86.40612612612613,39.26,"batch_2_wagons[W10303,W5395]"
12594.5,2025-12-09T17:54:30+00:00,collection2,capacity_reserved,375.0,350.68999999999994,373.94999999999993,93.51733333333331,99.71999999999998,23.26,batch_1_wagons[W10192]
12635.5,2025-12-09T18:35:30+00:00,retrofitted,capacity_reserved,264.0,74.83399999999997,112.07399999999997,28.346212121212112,42.452272727272714,37.239999999999995,"batch_2_wagons[W6323,W8552]"
12640.5,2025-12-09T18:40:30+00:00,retrofit,capacity_released,319.5,263.4440000000001,227.08400000000006,82.45508607198751,71.07480438184666,-36.36,"batch_2_wagons[W8616,W10100]"
12652.5,2025-12-09T18:52:30+00:00,retrofitted,capacity_reserved,264.0,112.07399999999997,147.35399999999998,42.452272727272714,55.81590909090909,35.28,"batch_2_wagons[W12221,W4802]"
12657.5,2025-12-09T18:57:30+00:00,retrofit,capacity_released,319.5,227.08400000000006,176.82000000000005,71.07480438184666,55.34272300469485,-50.263999999999996,"batch_2_wagons[W2910,W0681]"
12712.0,2025-12-09T19:52:00+00:00,collection1,capacity_released,375.0,358.84400000000034,226.10400000000033,95.69173333333342,60.294400000000095,-132.74,"batch_7_wagons[W9843,W6848,W11356,W4223,W1826,W8494,W1427]"
12712.0,2025-12-09T19:52:00+00:00,retrofit,capacity_reserved,319.5,176.82000000000005,309.56000000000006,55.34272300469485,96.8888888888889,132.74,"batch_7_wagons[W9843,W6848,W11356,W4223,W1826,W8494,W1427]"
12717.0,2025-12-09T19:57:00+00:00,retrofitted,capacity_released,264.0,147.35399999999998,72.51999999999998,55.81590909090909,27.46969696969696,-74.834,"batch_4_wagons[W2846,W5760,W6421,W12229]"
12748.5,2025-12-09T20:28:30+00:00,collection1,capacity_reserved,375.0,226.10400000000033,249.34400000000034,60.294400000000095,66.49173333333343,23.24,batch_1_wagons[W10109]
12748.5,2025-12-09T20:28:30+00:00,collection1,capacity_reserved,375.0,249.34400000000034,272.5440000000003,66.49173333333343,72.67840000000008,23.2,batch_1_wagons[W10204]
12748.5,2025-12-09T20:28:30+00:00,collection1,capacity_reserved,375.0,272.5440000000003,285.7940000000003,72.67840000000008,76.21173333333343,13.25,batch_1_wagons[W11900]
12777.0,2025-12-09T20:57:00+00:00,collection1,capacity_reserved,375.0,285.7940000000003,305.6940000000003,76.21173333333343,81.51840000000009,19.9,batch_1_wagons[W3919]
12777.0,2025-12-09T20:57:00+00:00,collection1,capacity_reserved,375.0,305.6940000000003,325.5940000000003,81.51840000000009,86.82506666666674,19.9,batch_1_wagons[W4150]
12777.0,2025-12-09T20:57:00+00:00,collection1,capacity_reserved,375.0,325.5940000000003,345.49400000000026,86.82506666666674,92.1317333333334,19.9,batch_1_wagons[W4249]
12787.25,2025-12-09T21:07:15+00:00,collection1,capacity_reserved,375.0,345.49400000000026,365.39400000000023,92.1317333333334,97.43840000000006,19.9,batch_1_wagons[W3790]
12798.5,2025-12-09T21:18:30+00:00,parking13,capacity_reserved,555.0,446.32400000000007,521.1580000000001,80.41873873873875,93.90234234234237,74.834,"batch_4_wagons[W2846,W5760,W6421,W12229]"
12840.5,2025-12-09T22:00:30+00:00,collection2,capacity_released,375.0,373.94999999999993,359.6599999999999,99.71999999999998,95.90933333333331,-14.29,batch_1_wagons[W5872]
12840.5,2025-12-09T22:00:30+00:00,retrofit,capacity_reserve_blocked,319.5,309.56000000000006,309.56000000000006,96.8888888888889,96.8888888888889,14.29,batch_1_wagons_WAITING[W5872]
12852.5,2025-12-09T22:12:30+00:00,retrofitted,capacity_reserved,264.0,72.51999999999998,108.87999999999998,27.46969696969696,41.242424242424235,36.36,"batch_2_wagons[W8616,W10100]"
12857.5,2025-12-09T22:17:30+00:00,retrofit,capacity_released,319.5,309.56000000000006,291.9500000000001,96.8888888888889,91.37715179968704,-31.9,"batch_2_wagons[W0237,W5173]"
12857.5,2025-12-09T22:17:30+00:00,retrofit,capacity_reserved,319.5,277.6600000000001,291.9500000000001,86.90453834115809,91.37715179968704,14.29,batch_1_wagons[W5872]
12869.5,2025-12-09T22:29:30+00:00,retrofitted,capacity_reserved,264.0,108.87999999999998,159.14399999999998,41.242424242424235,60.28181818181817,50.263999999999996,"batch_2_wagons[W2910,W0681]"
12874.5,2025-12-09T22:34:30+00:00,retrofit,capacity_released,319.5,291.9500000000001,241.7100000000001,91.37715179968704,75.65258215962444,-50.239999999999995,"batch_2_wagons[W12116,W0698]"
12879.5,2025-12-09T22:39:30+00:00,retrofitted,capacity_released,264.0,159.14399999999998,62.76399999999998,60.28181818181817,23.774242424242416,-96.38,"batch_5_wagons[W6323,W8552,W12221,W4802,W8616]"
12892.5,2025-12-09T22:52:30+00:00,parking1,capacity_reserved,555.0,458.01399999999995,554.394,82.52504504504503,99.89081081081082,96.38,"batch_5_wagons[W6323,W8552,W12221,W4802,W8616]"
12939.0,2025-12-09T23:39:00+00:00,collection2,capacity_reserved,375.0,359.6599999999999,371.25999999999993,95.90933333333331,99.00266666666666,11.6,batch_1_wagons[W7218]
13041.5,2025-12-10T01:21:30+00:00,collection2,capacity_released,375.0,371.25999999999993,295.2199999999999,99.00266666666666,78.72533333333331,-76.03999999999999,"batch_4_wagons[W0093,W3413,W8479,W8637]"
13041.5,2025-12-10T01:21:30+00:00,retrofit,capacity_reserved,319.5,241.7100000000001,317.7500000000001,75.65258215962444,99.45226917057907,76.03999999999999,"batch_4_wagons[W0093,W3413,W8479,W8637]"
13053.5,2025-12-10T01:33:30+00:00,retrofitted,capacity_reserved,264.0,62.76399999999998,94.66399999999999,23.774242424242416,35.85757575757575,31.9,"batch_2_wagons[W0237,W5173]"
13058.5,2025-12-10T01:38:30+00:00,retrofit,capacity_released,319.5,317.7500000000001,293.8600000000001,99.45226917057907,91.97496087636937,-23.89,"batch_2_wagons[W0839,W5611]"
13070.5,2025-12-10T01:50:30+00:00,retrofitted,capacity_reserved,264.0,94.66399999999999,144.904,35.85757575757575,54.88787878787878,50.239999999999995,"batch_2_wagons[W12116,W0698]"
13075.5,2025-12-10T01:55:30+00:00,retrofit,capacity_released,319.5,293.8600000000001,261.8700000000001,91.97496087636937,81.96244131455403,-31.990000000000002,"batch_2_wagons[W8094,W0555]"
13076.5,2025-12-10T01:56:30+00:00,collection1,capacity_released,375.0,365.39400000000023,314.49400000000026,97.43840000000006,83.86506666666673,-50.9,"batch_2_wagons[W0023,W10397]"
13076.5,2025-12-10T01:56:30+00:00,retrofit,capacity_reserved,319.5,261.8700000000001,312.7700000000001,81.96244131455403,97.89358372456967,50.9,"batch_2_wagons[W0023,W10397]"
13103.5,2025-12-10T02:23:30+00:00,collection1,capacity_reserved,375.0,314.49400000000026,334.39400000000023,83.86506666666673,89.17173333333339,19.9,batch_1_wagons[W4327]
13103.5,2025-12-10T02:23:30+00:00,collection1,capacity_reserved,375.0,334.39400000000023,348.7940000000002,89.17173333333339,93.0117333333334,14.4,batch_1_wagons[W11290]
13106.5,2025-12-10T02:26:30+00:00,retrofitted,capacity_released,264.0,144.904,82.14,54.88787878787878,31.113636363636367,-62.763999999999996,"batch_3_wagons[W10100,W2910,W0681]"
13116.5,2025-12-10T02:36:30+00:00,parking7,capacity_reserved,159.0,71.64,134.404,45.05660377358491,84.5308176100629,62.763999999999996,"batch_3_wagons[W10100,W2910,W0681]"
13169.0,2025-12-10T03:29:00+00:00,retrofitted,capacity_reserved,264.0,82.14,106.03,31.113636363636367,40.16287878787879,23.89,"batch_2_wagons[W0839,W5611]"
13170.0,2025-12-10T03:30:00+00:00,retrofitted,capacity_reserved,264.0,106.03,138.02,40.16287878787879,52.28030303030303,31.990000000000002,"batch_2_wagons[W8094,W0555]"
13171.75,2025-12-10T03:31:45+00:00,collection1,capacity_reserved,375.0,348.7940000000002,362.58400000000023,93.0117333333334,96.68906666666672,13.79,batch_1_wagons[W11298]
13171.75,2025-12-10T03:31:45+00:00,collection2,capacity_reserved,375.0,295.2199999999999,311.0199999999999,78.72533333333331,82.93866666666665,15.8,batch_1_wagons[W2064]
13171.75,2025-12-10T03:31:45+00:00,collection2,capacity_reserved,375.0,311.0199999999999,323.5199999999999,82.93866666666665,86.27199999999998,12.5,batch_1_wagons[W10999]
13171.75,2025-12-10T03:31:45+00:00,collection2,capacity_reserved,375.0,323.5199999999999,343.4199999999999,86.27199999999998,91.57866666666663,19.9,batch_1_wagons[W10366]
13171.75,2025-12-10T03:31:45+00:00,collection2,capacity_reserved,375.0,343.4199999999999,359.8199999999999,91.57866666666663,95.95199999999997,16.4,batch_1_wagons[W5410]
13174.0,2025-12-10T03:34:00+00:00,retrofit,capacity_released,319.5,312.7700000000001,273.9700000000001,97.89358372456967,85.7496087636933,-38.8,"batch_2_wagons[W12383,W4380]"
13175.0,2025-12-10T03:35:00+00:00,retrofit,capacity_released,319.5,273.9700000000001,236.67000000000007,85.7496087636933,74.07511737089204,-37.3,"batch_2_wagons[W9843,W6848]"
13179.0,2025-12-10T03:39:00+00:00,retrofitted,capacity_released,264.0,138.02,82.88000000000001,52.28030303030303,31.393939393939398,-55.14,"batch_3_wagons[W0237,W5173,W12116]"
13189.0,2025-12-10T03:49:00+00:00,parking9,capacity_reserved,300.0,224.52,279.66,74.84,93.22,55.14,"batch_3_wagons[W0237,W5173,W12116]"
13298.75,2025-12-10T05:38:45+00:00,collection1,capacity_reserved,375.0,362.58400000000023,374.9240000000002,96.68906666666672,99.97973333333339,12.34,batch_1_wagons[W1143]
13356.0,2025-12-10T06:36:00+00:00,collection2,capacity_released,375.0,359.8199999999999,279.08999999999986,95.95199999999997,74.42399999999996,-80.73,"batch_5_wagons[W2324,W5992,W9943,W9430,W7598]"
13356.0,2025-12-10T06:36:00+00:00,retrofit,capacity_reserved,319.5,236.67000000000007,317.4000000000001,74.07511737089204,99.34272300469486,80.73,"batch_5_wagons[W2324,W5992,W9943,W9430,W7598]"
13359.0,2025-12-10T06:39:00+00:00,collection1,capacity_released,375.0,374.9240000000002,343.9240000000002,99.97973333333339,91.71306666666672,-31.0,batch_1_wagons[W0674]
13359.0,2025-12-10T06:39:00+00:00,retrofit,capacity_reserve_blocked,319.5,317.4000000000001,317.4000000000001,99.34272300469486,99.34272300469486,31.0,batch_1_wagons_WAITING[W0674]
13368.0,2025-12-10T06:48:00+00:00,retrofitted,capacity_reserved,264.0,82.88000000000001,121.68,31.393939393939398,46.09090909090909,38.8,"batch_2_wagons[W12383,W4380]"
13371.0,2025-12-10T06:51:00+00:00,retrofitted,capacity_reserved,264.0,121.68,158.98000000000002,46.09090909090909,60.219696969696976,37.3,"batch_2_wagons[W9843,W6848]"
13373.0,2025-12-10T06:53:00+00:00,retrofit,capacity_released,319.5,317.4000000000001,312.0000000000001,99.34272300469486,97.65258215962444,-36.4,"batch_2_wagons[W11356,W4223]"
13373.0,2025-12-10T06:53:00+00:00,retrofit,capacity_reserved,319.5,281.0000000000001,312.0000000000001,87.94992175273869,97.65258215962444,31.0,batch_1_wagons[W0674]
13376.0,2025-12-10T06:56:00+00:00,retrofit,capacity_released,319.5,312.0000000000001,276.1600000000001,97.65258215962444,86.43505477308297,-35.84,"batch_2_wagons[W1826,W8494]"
13378.0,2025-12-10T06:58:00+00:00,retrofitted,capacity_released,264.0,158.98000000000002,85.74000000000002,60.219696969696976,32.47727272727274,-73.24,"batch_4_wagons[W0698,W0839,W5611,W8094]"
13392.5,2025-12-10T07:12:30+00:00,collection1,capacity_reserved,375.0,343.9240000000002,361.1040000000002,91.71306666666672,96.29440000000005,17.18,batch_1_wagons[W2130]
13392.5,2025-12-10T07:12:30+00:00,collection2,capacity_reserved,375.0,279.08999999999986,294.8899999999999,74.42399999999996,78.6373333333333,15.8,batch_1_wagons[W2119]
13459.5,2025-12-10T08:19:30+00:00,parking15,capacity_reserved,555.0,479.554,552.794,86.40612612612613,99.60252252252252,73.24,"batch_4_wagons[W0698,W0839,W5611,W8094]"
13460.0,2025-12-10T08:20:00+00:00,collection2,capacity_reserved,375.0,294.8899999999999,318.1299999999999,78.6373333333333,84.83466666666664,23.24,batch_1_wagons[W8648]
13469.5,2025-12-10T08:29:30+00:00,retrofitted,capacity_reserved,264.0,85.74000000000002,122.14000000000001,32.47727272727274,46.26515151515152,36.4,"batch_2_wagons[W11356,W4223]"
13474.5,2025-12-10T08:34:30+00:00,retrofit,capacity_released,319.5,276.1600000000001,238.67000000000007,86.43505477308297,74.70109546165887,-37.489999999999995,"batch_2_wagons[W1427,W5872]"
13487.5,2025-12-10T08:47:30+00:00,collection2,capacity_reserved,375.0,318.1299999999999,332.1699999999999,84.83466666666664,88.57866666666663,14.04,batch_1_wagons[W6207]
13512.5,2025-12-10T09:12:30+00:00,retrofitted,capacity_reserved,264.0,122.14000000000001,157.98000000000002,46.26515151515152,59.8409090909091,35.84,"batch_2_wagons[W1826,W8494]"
13517.5,2025-12-10T09:17:30+00:00,retrofit,capacity_released,319.5,238.67000000000007,209.13000000000008,74.70109546165887,65.45539906103289,-29.54,"batch_2_wagons[W0093,W3413]"
13633.25,2025-12-10T11:13:15+00:00,collection2,capacity_reserved,375.0,332.1699999999999,355.0299999999999,88.57866666666663,94.67466666666664,22.86,batch_1_wagons[W10319]
13647.25,2025-12-10T11:27:15+00:00,collection2,capacity_reserved,375.0,355.0299999999999,371.4299999999999,94.67466666666664,99.04799999999997,16.4,batch_1_wagons[W5458]
13676.5,2025-12-10T11:56:30+00:00,collection1,capacity_released,375.0,361.1040000000002,256.7000000000002,96.29440000000005,68.45333333333339,-104.404,"batch_6_wagons[W5420,W6936,W4370,W9406,W5153,W2916]"
13676.5,2025-12-10T11:56:30+00:00,retrofit,capacity_reserved,319.5,209.13000000000008,313.5340000000001,65.45539906103289,98.1327073552426,104.404,"batch_6_wagons[W5420,W6936,W4370,W9406,W5153,W2916]"
13680.5,2025-12-10T12:00:30+00:00,collection2,capacity_released,375.0,371.4299999999999,359.82999999999987,99.04799999999997,95.95466666666664,-11.6,batch_1_wagons[W8339]
13680.5,2025-12-10T12:00:30+00:00,retrofit,capacity_reserve_blocked,319.5,313.5340000000001,313.5340000000001,98.1327073552426,98.1327073552426,11.6,batch_1_wagons_WAITING[W8339]
13688.5,2025-12-10T12:08:30+00:00,retrofitted,capacity_reserved,264.0,157.98000000000002,195.47000000000003,59.8409090909091,74.04166666666667,37.489999999999995,"batch_2_wagons[W1427,W5872]"
13692.5,2025-12-10T12:12:30+00:00,retrofitted,capacity_reserved,264.0,195.47000000000003,225.01000000000002,74.04166666666667,85.23106060606061,29.54,"batch_2_wagons[W0093,W3413]"
13693.5,2025-12-10T12:13:30+00:00,retrofit,capacity_released,319.5,313.5340000000001,278.6340000000001,98.1327073552426,87.20938967136155,-46.5,"batch_2_wagons[W8479,W8637]"
13693.5,2025-12-10T12:13:30+00:00,retrofit,capacity_reserved,319.5,267.0340000000001,278.6340000000001,83.57871674491396,87.20938967136155,11.6,batch_1_wagons[W8339]
13697.5,2025-12-10T12:17:30+00:00,retrofit,capacity_released,319.5,278.6340000000001,227.73400000000012,87.20938967136155,71.2782472613459,-50.9,"batch_2_wagons[W0023,W10397]"
13698.5,2025-12-10T12:18:30+00:00,retrofitted,capacity_released,264.0,225.01000000000002,153.31,85.23106060606061,58.071969696969695,-71.7,"batch_4_wagons[W0555,W12383,W4380,W9843]"
13710.0,2025-12-10T12:30:00+00:00,parking5,capacity_reserved,162.0,88.97999999999999,160.68,54.925925925925924,99.18518518518519,71.7,"batch_4_wagons[W0555,W12383,W4380,W9843]"
13872.0,2025-12-10T15:12:00+00:00,collection2,capacity_released,375.0,359.82999999999987,274.34999999999985,95.95466666666664,73.15999999999995,-85.48,"batch_5_wagons[W4473,W9727,W9046,W2217,W7791]"
13872.0,2025-12-10T15:12:00+00:00,retrofit,capacity_reserved,319.5,227.73400000000012,313.2140000000001,71.2782472613459,98.03255086071991,85.48,"batch_5_wagons[W4473,W9727,W9046,W2217,W7791]"
13884.0,2025-12-10T15:24:00+00:00,retrofitted,capacity_reserved,264.0,153.31,199.81,58.071969696969695,75.68560606060606,46.5,"batch_2_wagons[W8479,W8637]"
13889.0,2025-12-10T15:29:00+00:00,retrofit,capacity_released,319.5,313.2140000000001,283.12400000000014,98.03255086071991,88.61471048513306,-30.09,"batch_2_wagons[W2324,W5992]"
13894.5,2025-12-10T15:34:30+00:00,collection1,capacity_released,375.0,256.7000000000002,236.8000000000002,68.45333333333339,63.14666666666672,-19.9,batch_1_wagons[W3135]
13894.5,2025-12-10T15:34:30+00:00,retrofit,capacity_reserved,319.5,283.12400000000014,303.0240000000001,88.61471048513306,94.84319248826296,19.9,batch_1_wagons[W3135]
13901.0,2025-12-10T15:41:00+00:00,retrofitted,capacity_reserved,264.0,199.81,250.71,75.68560606060606,94.9659090909091,50.9,"batch_2_wagons[W0023,W10397]"
13906.0,2025-12-10T15:46:00+00:00,retrofit,capacity_released,319.5,303.0240000000001,271.4240000000001,94.84319248826296,84.95273865414713,-31.6,"batch_2_wagons[W9943,W9430]"
13911.0,2025-12-10T15:51:00+00:00,retrofitted,capacity_released,264.0,250.71,200.27,94.9659090909091,75.85984848484848,-50.44,"batch_3_wagons[W6848,W11356,W4223]"
13976.0,2025-12-10T16:56:00+00:00,parking11,capacity_reserved,300.0,244.63,295.07,81.54333333333334,98.35666666666665,50.44,"batch_3_wagons[W6848,W11356,W4223]"
14048.0,2025-12-10T18:08:00+00:00,retrofitted,capacity_reserved,264.0,200.27,230.36,75.85984848484848,87.25757575757576,30.09,"batch_2_wagons[W2324,W5992]"
14053.0,2025-12-10T18:13:00+00:00,retrofit,capacity_released,319.5,271.4240000000001,221.3840000000001,84.95273865414713,69.29076682316122,-50.04,"batch_2_wagons[W7598,W0674]"
14065.0,2025-12-10T18:25:00+00:00,retrofitted,capacity_reserved,264.0,230.36,261.96000000000004,87.25757575757576,99.22727272727275,31.6,"batch_2_wagons[W9943,W9430]"
14075.0,2025-12-10T18:35:00+00:00,retrofitted,capacity_released,264.0,261.96000000000004,226.12000000000003,99.22727272727275,85.65151515151517,-35.84,"batch_2_wagons[W1826,W8494]"
14083.5,2025-12-10T18:43:30+00:00,parking3,capacity_reserved,192.75,138.54,174.38,71.87548638132296,90.46952010376134,35.84,"batch_2_wagons[W1826,W8494]"
14088.5,2025-12-10T18:48:30+00:00,retrofit,capacity_released,319.5,221.3840000000001,190.9440000000001,69.29076682316122,59.76338028169017,-30.439999999999998,"batch_2_wagons[W5420,W6936]"
14097.75,2025-12-10T18:57:45+00:00,collection1,capacity_reserved,375.0,236.8000000000002,251.8000000000002,63.14666666666672,67.14666666666672,15.0,batch_1_wagons[W9710]
14097.75,2025-12-10T18:57:45+00:00,collection1,capacity_reserved,375.0,251.8000000000002,264.3400000000002,67.14666666666672,70.49066666666673,12.54,batch_1_wagons[W11593]
14097.75,2025-12-10T18:57:45+00:00,collection1,capacity_reserved,375.0,264.3400000000002,278.7400000000002,70.49066666666673,74.33066666666672,14.4,batch_1_wagons[W11019]
14097.75,2025-12-10T18:57:45+00:00,collection1,capacity_reserved,375.0,278.7400000000002,298.64000000000016,74.33066666666672,79.63733333333337,19.9,batch_1_wagons[W3315]
14097.75,2025-12-10T18:57:45+00:00,collection1,capacity_reserved,375.0,298.64000000000016,313.04000000000013,79.63733333333337,83.47733333333338,14.4,batch_1_wagons[W9194]
14097.75,2025-12-10T18:57:45+00:00,collection1,capacity_reserved,375.0,313.04000000000013,327.08000000000015,83.47733333333338,87.22133333333338,14.04,batch_1_wagons[W6843]
14109.5,2025-12-10T19:09:30+00:00,collection2,capacity_released,375.0,274.34999999999985,156.93999999999986,73.15999999999995,41.85066666666663,-117.41,"batch_6_wagons[W3230,W5411,W11513,W3087,W10192,W7218]"
14109.5,2025-12-10T19:09:30+00:00,retrofit,capacity_reserved,319.5,190.9440000000001,308.3540000000001,59.76338028169017,96.51142410015653,117.41,"batch_6_wagons[W3230,W5411,W11513,W3087,W10192,W7218]"
14114.5,2025-12-10T19:14:30+00:00,retrofitted,capacity_released,264.0,226.12000000000003,188.63000000000005,85.65151515151517,71.45075757575759,-37.489999999999995,"batch_2_wagons[W1427,W5872]"
14182.0,2025-12-10T20:22:00+00:00,retrofitted,capacity_reserved,264.0,188.63000000000005,238.67000000000004,71.45075757575759,90.40530303030306,50.04,"batch_2_wagons[W7598,W0674]"
14187.0,2025-12-10T20:27:00+00:00,retrofit,capacity_released,319.5,308.3540000000001,274.0540000000001,96.51142410015653,85.77589984350551,-34.3,"batch_2_wagons[W4370,W9406]"
14193.0,2025-12-10T20:33:00+00:00,parking14,capacity_reserved,555.0,510.064,547.554,91.90342342342342,98.65837837837837,37.489999999999995,"batch_2_wagons[W1427,W5872]"
14205.25,2025-12-10T20:45:15+00:00,collection1,capacity_reserved,375.0,327.08000000000015,341.48000000000013,87.22133333333338,91.06133333333337,14.4,batch_1_wagons[W10955]
14205.25,2025-12-10T20:45:15+00:00,collection1,capacity_reserved,375.0,341.48000000000013,358.66000000000014,91.06133333333337,95.64266666666671,17.18,batch_1_wagons[W2204]
14205.25,2025-12-10T20:45:15+00:00,collection2,capacity_reserved,375.0,156.93999999999986,180.83999999999986,41.85066666666663,48.22399999999996,23.9,batch_1_wagons[W2742]
14205.25,2025-12-10T20:45:15+00:00,collection2,capacity_reserved,375.0,180.83999999999986,201.67999999999986,48.22399999999996,53.78133333333329,20.84,batch_1_wagons[W10614]
14205.25,2025-12-10T20:45:15+00:00,collection2,capacity_reserved,375.0,201.67999999999986,224.04999999999987,53.78133333333329,59.746666666666634,22.37,batch_1_wagons[W7889]
14225.0,2025-12-10T21:05:00+00:00,retrofitted,capacity_reserve_blocked,264.0,238.67000000000004,238.67000000000004,90.40530303030306,90.40530303030306,30.439999999999998,"batch_2_wagons_WAITING[W5420,W6936]"
14258.0,2025-12-10T21:38:00+00:00,retrofitted,capacity_released,264.0,238.67000000000004,239.57000000000005,90.40530303030306,90.74621212121214,-29.54,"batch_2_wagons[W0093,W3413]"
14258.0,2025-12-10T21:38:00+00:00,retrofitted,capacity_reserved,264.0,209.13000000000005,239.57000000000005,79.21590909090911,90.74621212121214,30.439999999999998,"batch_2_wagons[W5420,W6936]"
14263.0,2025-12-10T21:43:00+00:00,retrofit,capacity_released,319.5,274.0540000000001,234.3900000000001,85.77589984350551,73.36150234741787,-39.664,"batch_2_wagons[W5153,W2916]"
14301.0,2025-12-10T22:21:00+00:00,retrofitted,capacity_reserve_blocked,264.0,239.57000000000005,239.57000000000005,90.74621212121214,90.74621212121214,34.3,"batch_2_wagons_WAITING[W4370,W9406]"
14321.5,2025-12-10T22:41:30+00:00,parking12,capacity_reserved,555.0,510.15399999999994,539.694,91.91963963963963,97.24216216216216,29.54,"batch_2_wagons[W0093,W3413]"
14393.5,2025-12-10T23:53:30+00:00,retrofitted,capacity_reserve_blocked,264.0,239.57000000000005,239.57000000000005,90.74621212121214,90.74621212121214,39.664,"batch_2_wagons_WAITING[W5153,W2916]"
