timestamp,datetime,wagon_id,train_id,event,track_id,status,rejection_reason,rejection_description
360.0,2025-12-01T06:00:00+00:00,W11188,T1,ARRIVED,collection1,ARRIVED,,
360.0,2025-12-01T06:00:00+00:00,W10437,T1,ARRIVED,collection1,ARRIVED,,
420.0,2025-12-01T07:00:00+00:00,W11188,,RAKE_COUPLING_STARTED,collection1,COUPLING,,
420.0,2025-12-01T07:00:00+00:00,W10437,,RAKE_COUPLING_STARTED,collection1,COUPLING,,
425.0,2025-12-01T07:05:00+00:00,W11188,,MOVING,collection1,MOVING,,
425.0,2025-12-01T07:05:00+00:00,W10437,,MOVING,collection1,MOVING,,
442.25,2025-12-01T07:22:15+00:00,W12394,T2,ARRIVED,collection1,ARRIVED,,
442.25,2025-12-01T07:22:15+00:00,W9278,T2,ARRIVED,collection1,ARRIVED,,
485.0,2025-12-01T08:05:00+00:00,W11188,,ON_RETROFIT_TRACK,retrofit,WAITING,,
485.0,2025-12-01T08:05:00+00:00,W10437,,ON_RETROFIT_TRACK,retrofit,WAITING,,
495.0,2025-12-01T08:15:00+00:00,W11188,,MOVING,retrofit,MOVING,,
495.0,2025-12-01T08:15:00+00:00,W10437,,MOVING,retrofit,MOVING,,
500.0,2025-12-01T08:20:00+00:00,W11188,,AT_WORKSHOP,WS_01,ARRIVED,,
500.0,2025-12-01T08:20:00+00:00,W10437,,AT_WORKSHOP,WS_01,ARRIVED,,
502.5,2025-12-01T08:22:30+00:00,W3926,T3,ARRIVED,collection1,ARRIVED,,
502.5,2025-12-01T08:22:30+00:00,W5834,T3,ARRIVED,collection1,ARRIVED,,
506.0,2025-12-01T08:26:00+00:00,W11188,,RETROFIT_STARTED,WS_01,PROCESSING,,
506.0,2025-12-01T08:26:00+00:00,W10437,,RETROFIT_STARTED,WS_01,PROCESSING,,
541.5,2025-12-01T09:01:30+00:00,W9460,T4,ARRIVED,collection1,ARRIVED,,
541.5,2025-12-01T09:01:30+00:00,W9445,T4,ARRIVED,collection1,ARRIVED,,
559.0,2025-12-01T09:19:00+00:00,W12394,,RAKE_COUPLING_STARTED,collection1,COUPLING,,
559.0,2025-12-01T09:19:00+00:00,W9278,,RAKE_COUPLING_STARTED,collection1,COUPLING,,
564.0,2025-12-01T09:24:00+00:00,W12394,,MOVING,collection1,MOVING,,
564.0,2025-12-01T09:24:00+00:00,W9278,,MOVING,collection1,MOVING,,
566.0,2025-12-01T09:26:00+00:00,W11188,,RETROFIT_COMPLETED,WS_01,COMPLETED,,
566.0,2025-12-01T09:26:00+00:00,W10437,,RETROFIT_COMPLETED,WS_01,COMPLETED,,
571.5,2025-12-01T09:31:30+00:00,W11188,,RAKE_COUPLING_STARTED,WS_01,COUPLING,,
571.5,2025-12-01T09:31:30+00:00,W10437,,RAKE_COUPLING_STARTED,WS_01,COUPLING,,
573.5,2025-12-01T09:33:30+00:00,W11188,,RAKE_COUPLING_COMPLETED,WS_01,WAITING,,
573.5,2025-12-01T09:33:30+00:00,W10437,,RAKE_COUPLING_COMPLETED,WS_01,WAITING,,
573.5,2025-12-01T09:33:30+00:00,W11188,,MOVING,WS_01,MOVING,,
573.5,2025-12-01T09:33:30+00:00,W10437,,MOVING,WS_01,MOVING,,
578.5,2025-12-01T09:38:30+00:00,W11188,,ON_RETROFITTED_TRACK,retrofitted,WAITING,,
578.5,2025-12-01T09:38:30+00:00,W10437,,ON_RETROFITTED_TRACK,retrofitted,WAITING,,
624.0,2025-12-01T10:24:00+00:00,W12394,,ON_RETROFIT_TRACK,retrofit,WAITING,,
624.0,2025-12-01T10:24:00+00:00,W9278,,ON_RETROFIT_TRACK,retrofit,WAITING,,
648.0,2025-12-01T10:48:00+00:00,W12394,,MOVING,retrofit,MOVING,,
648.0,2025-12-01T10:48:00+00:00,W9278,,MOVING,retrofit,MOVING,,
653.0,2025-12-01T10:53:00+00:00,W12394,,AT_WORKSHOP,WS_01,ARRIVED,,
653.0,2025-12-01T10:53:00+00:00,W9278,,AT_WORKSHOP,WS_01,ARRIVED,,
659.0,2025-12-01T10:59:00+00:00,W12394,,RETROFIT_STARTED,WS_01,PROCESSING,,
659.0,2025-12-01T10:59:00+00:00,W9278,,RETROFIT_STARTED,WS_01,PROCESSING,,
672.75,2025-12-01T11:12:45+00:00,W10704,T5,ARRIVED,collection1,ARRIVED,,
672.75,2025-12-01T11:12:45+00:00,W3675,T5,ARRIVED,collection1,ARRIVED,,
715.0,2025-12-01T11:55:00+00:00,W7132,T6,ARRIVED,collection1,ARRIVED,,
715.0,2025-12-01T11:55:00+00:00,W8934,T6,ARRIVED,collection1,ARRIVED,,
715.0,2025-12-01T11:55:00+00:00,W6253,T6,ARRIVED,collection1,ARRIVED,,
715.0,2025-12-01T11:55:00+00:00,W7747,T6,ARRIVED,collection1,ARRIVED,,
715.0,2025-12-01T11:55:00+00:00,W10546,T6,ARRIVED,collection1,ARRIVED,,
715.0,2025-12-01T11:55:00+00:00,W7222,T6,ARRIVED,collection1,ARRIVED,,
719.0,2025-12-01T11:59:00+00:00,W12394,,RETROFIT_COMPLETED,WS_01,COMPLETED,,
719.0,2025-12-01T11:59:00+00:00,W9278,,RETROFIT_COMPLETED,WS_01,COMPLETED,,
724.0,2025-12-01T12:04:00+00:00,W3926,,RAKE_COUPLING_STARTED,collection1,COUPLING,,
724.0,2025-12-01T12:04:00+00:00,W5834,,RAKE_COUPLING_STARTED,collection1,COUPLING,,
724.0,2025-12-01T12:04:00+00:00,W9460,,RAKE_COUPLING_STARTED,collection1,COUPLING,,
724.0,2025-12-01T12:04:00+00:00,W9445,,RAKE_COUPLING_STARTED,collection1,COUPLING,,
724.5,2025-12-01T12:04:30+00:00,W0689,T7,ARRIVED,collection1,ARRIVED,,
725.0,2025-12-01T12:05:00+00:00,W11268,T8,ARRIVED,collection1,ARRIVED,,
725.0,2025-12-01T12:05:00+00:00,W11509,T8,ARRIVED,collection1,ARRIVED,,
725.0,2025-12-01T12:05:00+00:00,W6557,T8,ARRIVED,collection1,ARRIVED,,
733.0,2025-12-01T12:13:00+00:00,W3926,,MOVING,collection1,MOVING,,
733.0,2025-12-01T12:13:00+00:00,W5834,,MOVING,collection1,MOVING,,
733.0,2025-12-01T12:13:00+00:00,W9460,,MOVING,collection1,MOVING,,
733.0,2025-12-01T12:13:00+00:00,W9445,,MOVING,collection1,MOVING,,
752.0,2025-12-01T12:32:00+00:00,W11188,,PARKED,parking16,PARKED,,
752.0,2025-12-01T12:32:00+00:00,W10437,,PARKED,parking16,PARKED,,
753.25,2025-12-01T12:33:15+00:00,W10356,T9,ARRIVED,collection1,ARRIVED,,
785.5,2025-12-01T13:05:30+00:00,W6006,T10,ARRIVED,collection1,ARRIVED,,
785.5,2025-12-01T13:05:30+00:00,W4440,T10,ARRIVED,collection1,ARRIVED,,
785.5,2025-12-01T13:05:30+00:00,W10383,T10,ARRIVED,collection1,ARRIVED,,
793.0,2025-12-01T13:13:00+00:00,W3926,,ON_RETROFIT_TRACK,retrofit,WAITING,,
793.0,2025-12-01T13:13:00+00:00,W5834,,ON_RETROFIT_TRACK,retrofit,WAITING,,
793.0,2025-12-01T13:13:00+00:00,W9460,,ON_RETROFIT_TRACK,retrofit,WAITING,,
793.0,2025-12-01T13:13:00+00:00,W9445,,ON_RETROFIT_TRACK,retrofit,WAITING,,
817.0,2025-12-01T13:37:00+00:00,W12394,,RAKE_COUPLING_STARTED,WS_01,COUPLING,,
817.0,2025-12-01T13:37:00+00:00,W9278,,RAKE_COUPLING_STARTED,WS_01,COUPLING,,
819.0,2025-12-01T13:39:00+00:00,W12394,,RAKE_COUPLING_COMPLETED,WS_01,WAITING,,
819.0,2025-12-01T13:39:00+00:00,W9278,,RAKE_COUPLING_COMPLETED,WS_01,WAITING,,
819.0,2025-12-01T13:39:00+00:00,W12394,,MOVING,WS_01,MOVING,,
819.0,2025-12-01T13:39:00+00:00,W9278,,MOVING,WS_01,MOVING,,
824.0,2025-12-01T13:44:00+00:00,W12394,,ON_RETROFITTED_TRACK,retrofitted,WAITING,,
824.0,2025-12-01T13:44:00+00:00,W9278,,ON_RETROFITTED_TRACK,retrofitted,WAITING,,
829.0,2025-12-01T13:49:00+00:00,W3926,,MOVING,retrofit,MOVING,,
829.0,2025-12-01T13:49:00+00:00,W5834,,MOVING,retrofit,MOVING,,
834.0,2025-12-01T13:54:00+00:00,W3926,,AT_WORKSHOP,WS_02,ARRIVED,,
834.0,2025-12-01T13:54:00+00:00,W5834,,AT_WORKSHOP,WS_02,ARRIVED,,
839.0,2025-12-01T13:59:00+00:00,W9460,,MOVING,retrofit,MOVING,,
839.0,2025-12-01T13:59:00+00:00,W9445,,MOVING,retrofit,MOVING,,
840.0,2025-12-01T14:00:00+00:00,W3926,,RETROFIT_STARTED,WS_02,PROCESSING,,
840.0,2025-12-01T14:00:00+00:00,W5834,,RETROFIT_STARTED,WS_02,PROCESSING,,
844.0,2025-12-01T14:04:00+00:00,W9460,,AT_WORKSHOP,WS_01,ARRIVED,,
844.0,2025-12-01T14:04:00+00:00,W9445,,AT_WORKSHOP,WS_01,ARRIVED,,
850.0,2025-12-01T14:10:00+00:00,W9460,,RETROFIT_STARTED,WS_01,PROCESSING,,
850.0,2025-12-01T14:10:00+00:00,W9445,,RETROFIT_STARTED,WS_01,PROCESSING,,
866.0,2025-12-01T14:26:00+00:00,W2238,T11,ARRIVED,collection1,ARRIVED,,
866.0,2025-12-01T14:26:00+00:00,W0047,T11,ARRIVED,collection1,ARRIVED,,
866.0,2025-12-01T14:26:00+00:00,W0049,T11,ARRIVED,collection1,ARRIVED,,
894.75,2025-12-01T14:54:45+00:00,W2535,T12,ARRIVED,collection1,ARRIVED,,
894.75,2025-12-01T14:54:45+00:00,W7970,T12,ARRIVED,collection1,ARRIVED,,
894.75,2025-12-01T14:54:45+00:00,W4849,T12,ARRIVED,collection1,ARRIVED,,
900.0,2025-12-01T15:00:00+00:00,W3926,,RETROFIT_COMPLETED,WS_02,COMPLETED,,
900.0,2025-12-01T15:00:00+00:00,W5834,,RETROFIT_COMPLETED,WS_02,COMPLETED,,
905.0,2025-12-01T15:05:00+00:00,W10704,,RAKE_COUPLING_STARTED,collection1,COUPLING,,
905.0,2025-12-01T15:05:00+00:00,W3675,,RAKE_COUPLING_STARTED,collection1,COUPLING,,
905.0,2025-12-01T15:05:00+00:00,W7132,,RAKE_COUPLING_STARTED,collection1,COUPLING,,
905.0,2025-12-01T15:05:00+00:00,W8934,,RAKE_COUPLING_STARTED,collection1,COUPLING,,
905.0,2025-12-01T15:05:00+00:00,W6253,,RAKE_COUPLING_STARTED,collection1,COUPLING,,
905.0,2025-12-01T15:05:00+00:00,W7747,,RAKE_COUPLING_STARTED,collection1,COUPLING,,
905.0,2025-12-01T15:05:00+00:00,W10546,,RAKE_COUPLING_STARTED,collection1,COUPLING,,
905.0,2025-12-01T15:05:00+00:00,W7222,,RAKE_COUPLING_STARTED,collection1,COUPLING,,
905.0,2025-12-01T15:05:00+00:00,W0689,,RAKE_COUPLING_STARTED,collection1,COUPLING,,
905.0,2025-12-01T15:05:00+00:00,W11268,,RAKE_COUPLING_STARTED,collection1,COUPLING,,
905.0,2025-12-01T15:05:00+00:00,W11509,,RAKE_COUPLING_STARTED,collection1,COUPLING,,
905.0,2025-12-01T15:05:00+00:00,W6557,,RAKE_COUPLING_STARTED,collection1,COUPLING,,
905.0,2025-12-01T15:05:00+00:00,W10356,,RAKE_COUPLING_STARTED,collection1,COUPLING,,
905.0,2025-12-01T15:05:00+00:00,W6006,,RAKE_COUPLING_STARTED,collection1,COUPLING,,
905.0,2025-12-01T15:05:00+00:00,W4440,,RAKE_COUPLING_STARTED,collection1,COUPLING,,
910.0,2025-12-01T15:10:00+00:00,W9460,,RETROFIT_COMPLETED,WS_01,COMPLETED,,
910.0,2025-12-01T15:10:00+00:00,W9445,,RETROFIT_COMPLETED,WS_01,COMPLETED,,
936.0,2025-12-01T15:36:00+00:00,W10704,,MOVING,collection1,MOVING,,
936.0,2025-12-01T15:36:00+00:00,W3675,,MOVING,collection1,MOVING,,
936.0,2025-12-01T15:36:00+00:00,W7132,,MOVING,collection1,MOVING,,
936.0,2025-12-01T15:36:00+00:00,W8934,,MOVING,collection1,MOVING,,
936.0,2025-12-01T15:36:00+00:00,W6253,,MOVING,collection1,MOVING,,
936.0,2025-12-01T15:36:00+00:00,W7747,,MOVING,collection1,MOVING,,
936.0,2025-12-01T15:36:00+00:00,W10546,,MOVING,collection1,MOVING,,
936.0,2025-12-01T15:36:00+00:00,W7222,,MOVING,collection1,MOVING,,
936.0,2025-12-01T15:36:00+00:00,W0689,,MOVING,collection1,MOVING,,
936.0,2025-12-01T15:36:00+00:00,W11268,,MOVING,collection1,MOVING,,
936.0,2025-12-01T15:36:00+00:00,W11509,,MOVING,collection1,MOVING,,
936.0,2025-12-01T15:36:00+00:00,W6557,,MOVING,collection1,MOVING,,
936.0,2025-12-01T15:36:00+00:00,W10356,,MOVING,collection1,MOVING,,
936.0,2025-12-01T15:36:00+00:00,W6006,,MOVING,collection1,MOVING,,
936.0,2025-12-01T15:36:00+00:00,W4440,,MOVING,collection1,MOVING,,
996.0,2025-12-01T16:36:00+00:00,W10704,,ON_RETROFIT_TRACK,retrofit,WAITING,,
996.0,2025-12-01T16:36:00+00:00,W3675,,ON_RETROFIT_TRACK,retrofit,WAITING,,
996.0,2025-12-01T16:36:00+00:00,W7132,,ON_RETROFIT_TRACK,retrofit,WAITING,,
996.0,2025-12-01T16:36:00+00:00,W8934,,ON_RETROFIT_TRACK,retrofit,WAITING,,
996.0,2025-12-01T16:36:00+00:00,W6253,,ON_RETROFIT_TRACK,retrofit,WAITING,,
996.0,2025-12-01T16:36:00+00:00,W7747,,ON_RETROFIT_TRACK,retrofit,WAITING,,
996.0,2025-12-01T16:36:00+00:00,W10546,,ON_RETROFIT_TRACK,retrofit,WAITING,,
996.0,2025-12-01T16:36:00+00:00,W7222,,ON_RETROFIT_TRACK,retrofit,WAITING,,
996.0,2025-12-01T16:36:00+00:00,W0689,,ON_RETROFIT_TRACK,retrofit,WAITING,,
996.0,2025-12-01T16:36:00+00:00,W11268,,ON_RETROFIT_TRACK,retrofit,WAITING,,
996.0,2025-12-01T16:36:00+00:00,W11509,,ON_RETROFIT_TRACK,retrofit,WAITING,,
996.0,2025-12-01T16:36:00+00:00,W6557,,ON_RETROFIT_TRACK,retrofit,WAITING,,
996.0,2025-12-01T16:36:00+00:00,W10356,,ON_RETROFIT_TRACK,retrofit,WAITING,,
996.0,2025-12-01T16:36:00+00:00,W6006,,ON_RETROFIT_TRACK,retrofit,WAITING,,
996.0,2025-12-01T16:36:00+00:00,W4440,,ON_RETROFIT_TRACK,retrofit,WAITING,,
998.5,2025-12-01T16:38:30+00:00,W12394,,PARKED,parking16,PARKED,,
998.5,2025-12-01T16:38:30+00:00,W9278,,PARKED,parking16,PARKED,,
1051.25,2025-12-01T17:31:15+00:00,W2967,T13,ARRIVED,collection1,ARRIVED,,
1051.25,2025-12-01T17:31:15+00:00,W9776,T13,ARRIVED,collection1,ARRIVED,,
1051.25,2025-12-01T17:31:15+00:00,W12208,T13,ARRIVED,collection1,ARRIVED,,
1051.25,2025-12-01T17:31:15+00:00,W11348,T13,ARRIVED,collection1,ARRIVED,,
1063.5,2025-12-01T17:43:30+00:00,W3926,,RAKE_COUPLING_STARTED,WS_02,COUPLING,,
1063.5,2025-12-01T17:43:30+00:00,W5834,,RAKE_COUPLING_STARTED,WS_02,COUPLING,,
1065.5,2025-12-01T17:45:30+00:00,W3926,,RAKE_COUPLING_COMPLETED,WS_02,WAITING,,
1065.5,2025-12-01T17:45:30+00:00,W5834,,RAKE_COUPLING_COMPLETED,WS_02,WAITING,,
1065.5,2025-12-01T17:45:30+00:00,W3926,,MOVING,WS_02,MOVING,,
1065.5,2025-12-01T17:45:30+00:00,W5834,,MOVING,WS_02,MOVING,,
1070.5,2025-12-01T17:50:30+00:00,W3926,,ON_RETROFITTED_TRACK,retrofitted,WAITING,,
1070.5,2025-12-01T17:50:30+00:00,W5834,,ON_RETROFITTED_TRACK,retrofitted,WAITING,,
1080.5,2025-12-01T18:00:30+00:00,W9460,,RAKE_COUPLING_STARTED,WS_01,COUPLING,,
1080.5,2025-12-01T18:00:30+00:00,W9445,,RAKE_COUPLING_STARTED,WS_01,COUPLING,,
1082.5,2025-12-01T18:02:30+00:00,W9460,,RAKE_COUPLING_COMPLETED,WS_01,WAITING,,
1082.5,2025-12-01T18:02:30+00:00,W9445,,RAKE_COUPLING_COMPLETED,WS_01,WAITING,,
1082.5,2025-12-01T18:02:30+00:00,W9460,,MOVING,WS_01,MOVING,,
1082.5,2025-12-01T18:02:30+00:00,W9445,,MOVING,WS_01,MOVING,,
1087.5,2025-12-01T18:07:30+00:00,W9460,,ON_RETROFITTED_TRACK,retrofitted,WAITING,,
1087.5,2025-12-01T18:07:30+00:00,W9445,,ON_RETROFITTED_TRACK,retrofitted,WAITING,,
1088.75,2025-12-01T18:08:45+00:00,W12037,T14,ARRIVED,collection1,ARRIVED,,
1088.75,2025-12-01T18:08:45+00:00,W0440,T14,ARRIVED,collection1,ARRIVED,,
1088.75,2025-12-01T18:08:45+00:00,W11988,T14,ARRIVED,collection1,ARRIVED,,
1088.75,2025-12-01T18:08:45+00:00,W12260,T14,ARRIVED,collection1,ARRIVED,,
1088.75,2025-12-01T18:08:45+00:00,W0130,T14,ARRIVED,collection1,ARRIVED,,
1088.75,2025-12-01T18:08:45+00:00,W9352,T14,ARRIVED,collection1,ARRIVED,,
1088.75,2025-12-01T18:08:45+00:00,W2980,T14,ARRIVED,collection1,ARRIVED,,
1088.75,2025-12-01T18:08:45+00:00,W2406,T14,ARRIVED,collection1,ARRIVED,,
1088.75,2025-12-01T18:08:45+00:00,W2399,T14,ARRIVED,collection1,ARRIVED,,
1098.0,2025-12-01T18:18:00+00:00,W10704,,MOVING,retrofit,MOVING,,
1098.0,2025-12-01T18:18:00+00:00,W3675,,MOVING,retrofit,MOVING,,
1102.5,2025-12-01T18:22:30+00:00,W7132,,MOVING,retrofit,MOVING,,
1102.5,2025-12-01T18:22:30+00:00,W8934,,MOVING,retrofit,MOVING,,
1103.0,2025-12-01T18:23:00+00:00,W10704,,AT_WORKSHOP,WS_02,ARRIVED,,
1103.0,2025-12-01T18:23:00+00:00,W3675,,AT_WORKSHOP,WS_02,ARRIVED,,
1107.5,2025-12-01T18:27:30+00:00,W7132,,AT_WORKSHOP,WS_01,ARRIVED,,
1107.5,2025-12-01T18:27:30+00:00,W8934,,AT_WORKSHOP,WS_01,ARRIVED,,
1109.0,2025-12-01T18:29:00+00:00,W10704,,RETROFIT_STARTED,WS_02,PROCESSING,,
1109.0,2025-12-01T18:29:00+00:00,W3675,,RETROFIT_STARTED,WS_02,PROCESSING,,
1113.5,2025-12-01T18:33:30+00:00,W7132,,RETROFIT_STARTED,WS_01,PROCESSING,,
1113.5,2025-12-01T18:33:30+00:00,W8934,,RETROFIT_STARTED,WS_01,PROCESSING,,
1169.0,2025-12-01T19:29:00+00:00,W10704,,RETROFIT_COMPLETED,WS_02,COMPLETED,,
1169.0,2025-12-01T19:29:00+00:00,W3675,,RETROFIT_COMPLETED,WS_02,COMPLETED,,
1173.5,2025-12-01T19:33:30+00:00,W7132,,RETROFIT_COMPLETED,WS_01,COMPLETED,,
1173.5,2025-12-01T19:33:30+00:00,W8934,,RETROFIT_COMPLETED,WS_01,COMPLETED,,
1174.5,2025-12-01T19:34:30+00:00,W10704,,RAKE_COUPLING_STARTED,WS_02,COUPLING,,
1174.5,2025-12-01T19:34:30+00:00,W3675,,RAKE_COUPLING_STARTED,WS_02,COUPLING,,
1176.5,2025-12-01T19:36:30+00:00,W10704,,RAKE_COUPLING_COMPLETED,WS_02,WAITING,,
1176.5,2025-12-01T19:36:30+00:00,W3675,,RAKE_COUPLING_COMPLETED,WS_02,WAITING,,
1176.5,2025-12-01T19:36:30+00:00,W10704,,MOVING,WS_02,MOVING,,
1176.5,2025-12-01T19:36:30+00:00,W3675,,MOVING,WS_02,MOVING,,
1181.5,2025-12-01T19:41:30+00:00,W10704,,ON_RETROFITTED_TRACK,retrofitted,WAITING,,
1181.5,2025-12-01T19:41:30+00:00,W3675,,ON_RETROFITTED_TRACK,retrofitted,WAITING,,
1191.5,2025-12-01T19:51:30+00:00,W7132,,RAKE_COUPLING_STARTED,WS_01,COUPLING,,
1191.5,2025-12-01T19:51:30+00:00,W8934,,RAKE_COUPLING_STARTED,WS_01,COUPLING,,
1193.5,2025-12-01T19:53:30+00:00,W7132,,RAKE_COUPLING_COMPLETED,WS_01,WAITING,,
1193.5,2025-12-01T19:53:30+00:00,W8934,,RAKE_COUPLING_COMPLETED,WS_01,WAITING,,
1193.5,2025-12-01T19:53:30+00:00,W7132,,MOVING,WS_01,MOVING,,
1193.5,2025-12-01T19:53:30+00:00,W8934,,MOVING,WS_01,MOVING,,
1198.5,2025-12-01T19:58:30+00:00,W7132,,ON_RETROFITTED_TRACK,retrofitted,WAITING,,
1198.5,2025-12-01T19:58:30+00:00,W8934,,ON_RETROFITTED_TRACK,retrofitted,WAITING,,
1213.5,2025-12-01T20:13:30+00:00,W6253,,MOVING,retrofit,MOVING,,
1213.5,2025-12-01T20:13:30+00:00,W7747,,MOVING,retrofit,MOVING,,
1218.5,2025-12-01T20:18:30+00:00,W6253,,AT_WORKSHOP,WS_02,ARRIVED,,
1218.5,2025-12-01T20:18:30+00:00,W7747,,AT_WORKSHOP,WS_02,ARRIVED,,
1224.5,2025-12-01T20:24:30+00:00,W6253,,RETROFIT_STARTED,WS_02,PROCESSING,,
1224.5,2025-12-01T20:24:30+00:00,W7747,,RETROFIT_STARTED,WS_02,PROCESSING,,
1239.5,2025-12-01T20:39:30+00:00,W10546,,MOVING,retrofit,MOVING,,
1239.5,2025-12-01T20:39:30+00:00,W7222,,MOVING,retrofit,MOVING,,
1244.5,2025-12-01T20:44:30+00:00,W10546,,AT_WORKSHOP,WS_01,ARRIVED,,
1244.5,2025-12-01T20:44:30+00:00,W7222,,AT_WORKSHOP,WS_01,ARRIVED,,
1246.0,2025-12-01T20:46:00+00:00,W3926,,PARKED,parking16,PARKED,,
1246.0,2025-12-01T20:46:00+00:00,W5834,,PARKED,parking16,PARKED,,
1250.5,2025-12-01T20:50:30+00:00,W10546,,RETROFIT_STARTED,WS_01,PROCESSING,,
1250.5,2025-12-01T20:50:30+00:00,W7222,,RETROFIT_STARTED,WS_01,PROCESSING,,
1284.5,2025-12-01T21:24:30+00:00,W6253,,RETROFIT_COMPLETED,WS_02,COMPLETED,,
1284.5,2025-12-01T21:24:30+00:00,W7747,,RETROFIT_COMPLETED,WS_02,COMPLETED,,
1310.5,2025-12-01T21:50:30+00:00,W10546,,RETROFIT_COMPLETED,WS_01,COMPLETED,,
1310.5,2025-12-01T21:50:30+00:00,W7222,,RETROFIT_COMPLETED,WS_01,COMPLETED,,
1311.0,2025-12-01T21:51:00+00:00,W6253,,RAKE_COUPLING_STARTED,WS_02,COUPLING,,
1311.0,2025-12-01T21:51:00+00:00,W7747,,RAKE_COUPLING_STARTED,WS_02,COUPLING,,
1313.0,2025-12-01T21:53:00+00:00,W6253,,RAKE_COUPLING_COMPLETED,WS_02,WAITING,,
1313.0,2025-12-01T21:53:00+00:00,W7747,,RAKE_COUPLING_COMPLETED,WS_02,WAITING,,
1313.0,2025-12-01T21:53:00+00:00,W6253,,MOVING,WS_02,MOVING,,
1313.0,2025-12-01T21:53:00+00:00,W7747,,MOVING,WS_02,MOVING,,
1315.5,2025-12-01T21:55:30+00:00,W10383,,RAKE_COUPLING_STARTED,collection1,COUPLING,,
1315.5,2025-12-01T21:55:30+00:00,W2238,,RAKE_COUPLING_STARTED,collection1,COUPLING,,
1315.5,2025-12-01T21:55:30+00:00,W0047,,RAKE_COUPLING_STARTED,collection1,COUPLING,,
1315.5,2025-12-01T21:55:30+00:00,W0049,,RAKE_COUPLING_STARTED,collection1,COUPLING,,
1315.5,2025-12-01T21:55:30+00:00,W2535,,RAKE_COUPLING_STARTED,collection1,COUPLING,,
1318.0,2025-12-01T21:58:00+00:00,W6253,,ON_RETROFITTED_TRACK,retrofitted,WAITING,,
1318.0,2025-12-01T21:58:00+00:00,W7747,,ON_RETROFITTED_TRACK,retrofitted,WAITING,,
1326.5,2025-12-01T22:06:30+00:00,W10383,,MOVING,collection1,MOVING,,
1326.5,2025-12-01T22:06:30+00:00,W2238,,MOVING,collection1,MOVING,,
1326.5,2025-12-01T22:06:30+00:00,W0047,,MOVING,collection1,MOVING,,
1326.5,2025-12-01T22:06:30+00:00,W0049,,MOVING,collection1,MOVING,,
1326.5,2025-12-01T22:06:30+00:00,W2535,,MOVING,collection1,MOVING,,
1328.0,2025-12-01T22:08:00+00:00,W10546,,RAKE_COUPLING_STARTED,WS_01,COUPLING,,
1328.0,2025-12-01T22:08:00+00:00,W7222,,RAKE_COUPLING_STARTED,WS_01,COUPLING,,
1330.0,2025-12-01T22:10:00+00:00,W10546,,RAKE_COUPLING_COMPLETED,WS_01,WAITING,,
1330.0,2025-12-01T22:10:00+00:00,W7222,,RAKE_COUPLING_COMPLETED,WS_01,WAITING,,
1330.0,2025-12-01T22:10:00+00:00,W10546,,MOVING,WS_01,MOVING,,
1330.0,2025-12-01T22:10:00+00:00,W7222,,MOVING,WS_01,MOVING,,
1335.0,2025-12-01T22:15:00+00:00,W10546,,ON_RETROFITTED_TRACK,retrofitted,WAITING,,
1335.0,2025-12-01T22:15:00+00:00,W7222,,ON_RETROFITTED_TRACK,retrofitted,WAITING,,
1350.0,2025-12-01T22:30:00+00:00,W0689,,MOVING,retrofit,MOVING,,
1350.0,2025-12-01T22:30:00+00:00,W11268,,MOVING,retrofit,MOVING,,
1355.0,2025-12-01T22:35:00+00:00,W0689,,AT_WORKSHOP,WS_02,ARRIVED,,
1355.0,2025-12-01T22:35:00+00:00,W11268,,AT_WORKSHOP,WS_02,ARRIVED,,
1361.0,2025-12-01T22:41:00+00:00,W0689,,RETROFIT_STARTED,WS_02,PROCESSING,,
1361.0,2025-12-01T22:41:00+00:00,W11268,,RETROFIT_STARTED,WS_02,PROCESSING,,
1376.0,2025-12-01T22:56:00+00:00,W11509,,MOVING,retrofit,MOVING,,
1376.0,2025-12-01T22:56:00+00:00,W6557,,MOVING,retrofit,MOVING,,
1381.0,2025-12-01T23:01:00+00:00,W11509,,AT_WORKSHOP,WS_01,ARRIVED,,
1381.0,2025-12-01T23:01:00+00:00,W6557,,AT_WORKSHOP,WS_01,ARRIVED,,
1386.5,2025-12-01T23:06:30+00:00,W10383,,ON_RETROFIT_TRACK,retrofit,WAITING,,
1386.5,2025-12-01T23:06:30+00:00,W2238,,ON_RETROFIT_TRACK,retrofit,WAITING,,
1386.5,2025-12-01T23:06:30+00:00,W0047,,ON_RETROFIT_TRACK,retrofit,WAITING,,
1386.5,2025-12-01T23:06:30+00:00,W0049,,ON_RETROFIT_TRACK,retrofit,WAITING,,
1386.5,2025-12-01T23:06:30+00:00,W2535,,ON_RETROFIT_TRACK,retrofit,WAITING,,
1387.0,2025-12-01T23:07:00+00:00,W11509,,RETROFIT_STARTED,WS_01,PROCESSING,,
1387.0,2025-12-01T23:07:00+00:00,W6557,,RETROFIT_STARTED,WS_01,PROCESSING,,
1421.0,2025-12-01T23:41:00+00:00,W0689,,RETROFIT_COMPLETED,WS_02,COMPLETED,,
1421.0,2025-12-01T23:41:00+00:00,W11268,,RETROFIT_COMPLETED,WS_02,COMPLETED,,
1426.5,2025-12-01T23:46:30+00:00,W0689,,RAKE_COUPLING_STARTED,WS_02,COUPLING,,
1426.5,2025-12-01T23:46:30+00:00,W11268,,RAKE_COUPLING_STARTED,WS_02,COUPLING,,
1428.5,2025-12-01T23:48:30+00:00,W0689,,RAKE_COUPLING_COMPLETED,WS_02,WAITING,,
1428.5,2025-12-01T23:48:30+00:00,W11268,,RAKE_COUPLING_COMPLETED,WS_02,WAITING,,
1428.5,2025-12-01T23:48:30+00:00,W0689,,MOVING,WS_02,MOVING,,
1428.5,2025-12-01T23:48:30+00:00,W11268,,MOVING,WS_02,MOVING,,
1433.5,2025-12-01T23:53:30+00:00,W0689,,ON_RETROFITTED_TRACK,retrofitted,WAITING,,
1433.5,2025-12-01T23:53:30+00:00,W11268,,ON_RETROFITTED_TRACK,retrofitted,WAITING,,
1447.0,2025-12-02T00:07:00+00:00,W11509,,RETROFIT_COMPLETED,WS_01,COMPLETED,,
1447.0,2025-12-02T00:07:00+00:00,W6557,,RETROFIT_COMPLETED,WS_01,COMPLETED,,
1448.5,2025-12-02T00:08:30+00:00,W10356,,MOVING,retrofit,MOVING,,
1448.5,2025-12-02T00:08:30+00:00,W6006,,MOVING,retrofit,MOVING,,
1453.5,2025-12-02T00:13:30+00:00,W10356,,AT_WORKSHOP,WS_02,ARRIVED,,
1453.5,2025-12-02T00:13:30+00:00,W6006,,AT_WORKSHOP,WS_02,ARRIVED,,
1459.5,2025-12-02T00:19:30+00:00,W10356,,RETROFIT_STARTED,WS_02,PROCESSING,,
1459.5,2025-12-02T00:19:30+00:00,W6006,,RETROFIT_STARTED,WS_02,PROCESSING,,
1469.5,2025-12-02T00:29:30+00:00,W11509,,RAKE_COUPLING_STARTED,WS_01,COUPLING,,
1469.5,2025-12-02T00:29:30+00:00,W6557,,RAKE_COUPLING_STARTED,WS_01,COUPLING,,
1471.5,2025-12-02T00:31:30+00:00,W11509,,RAKE_COUPLING_COMPLETED,WS_01,WAITING,,
1471.5,2025-12-02T00:31:30+00:00,W6557,,RAKE_COUPLING_COMPLETED,WS_01,WAITING,,
1471.5,2025-12-02T00:31:30+00:00,W11509,,MOVING,WS_01,MOVING,,
1471.5,2025-12-02T00:31:30+00:00,W6557,,MOVING,WS_01,MOVING,,
1476.5,2025-12-02T00:36:30+00:00,W11509,,ON_RETROFITTED_TRACK,retrofitted,WAITING,,
1476.5,2025-12-02T00:36:30+00:00,W6557,,ON_RETROFITTED_TRACK,retrofitted,WAITING,,
1479.0,2025-12-02T00:39:00+00:00,W1078,T15,REJECTED,REJECTED,REJECTED_NO_RETROFIT_NEEDED,No Retrofit Needed,Wagon doesn't need retrofit
1479.0,2025-12-02T00:39:00+00:00,W9868,T15,ARRIVED,collection1,ARRIVED,,
1479.0,2025-12-02T00:39:00+00:00,W12060,T15,ARRIVED,collection1,ARRIVED,,
1479.0,2025-12-02T00:39:00+00:00,W12210,T15,ARRIVED,collection1,ARRIVED,,
1479.0,2025-12-02T00:39:00+00:00,W8636,T15,ARRIVED,collection1,ARRIVED,,
1479.0,2025-12-02T00:39:00+00:00,W10949,T15,ARRIVED,collection1,ARRIVED,,
1479.0,2025-12-02T00:39:00+00:00,W8631,T15,ARRIVED,collection1,ARRIVED,,
1491.5,2025-12-02T00:51:30+00:00,W4440,,MOVING,retrofit,MOVING,,
1491.5,2025-12-02T00:51:30+00:00,W10383,,MOVING,retrofit,MOVING,,
1496.5,2025-12-02T00:56:30+00:00,W4440,,AT_WORKSHOP,WS_01,ARRIVED,,
1496.5,2025-12-02T00:56:30+00:00,W10383,,AT_WORKSHOP,WS_01,ARRIVED,,
1502.5,2025-12-02T01:02:30+00:00,W4440,,RETROFIT_STARTED,WS_01,PROCESSING,,
1502.5,2025-12-02T01:02:30+00:00,W10383,,RETROFIT_STARTED,WS_01,PROCESSING,,
1509.0,2025-12-02T01:09:00+00:00,W9392,T16,ARRIVED,collection1,ARRIVED,,
1509.0,2025-12-02T01:09:00+00:00,W9274,T16,ARRIVED,collection1,ARRIVED,,
1509.0,2025-12-02T01:09:00+00:00,W8613,T16,ARRIVED,collection1,ARRIVED,,
1509.0,2025-12-02T01:09:00+00:00,W10130,T16,ARRIVED,collection1,ARRIVED,,
1509.0,2025-12-02T01:09:00+00:00,W9721,T16,ARRIVED,collection1,ARRIVED,,
1509.0,2025-12-02T01:09:00+00:00,W9756,T16,ARRIVED,collection1,ARRIVED,,
1519.5,2025-12-02T01:19:30+00:00,W10356,,RETROFIT_COMPLETED,WS_02,COMPLETED,,
1519.5,2025-12-02T01:19:30+00:00,W6006,,RETROFIT_COMPLETED,WS_02,COMPLETED,,
1526.5,2025-12-02T01:26:30+00:00,W9460,,PARKED,parking16,PARKED,,
1526.5,2025-12-02T01:26:30+00:00,W9445,,PARKED,parking16,PARKED,,
1526.5,2025-12-02T01:26:30+00:00,W10704,,PARKED,parking16,PARKED,,
1526.5,2025-12-02T01:26:30+00:00,W3675,,PARKED,parking16,PARKED,,
1526.5,2025-12-02T01:26:30+00:00,W7132,,PARKED,parking16,PARKED,,
1526.5,2025-12-02T01:26:30+00:00,W8934,,PARKED,parking16,PARKED,,
1562.5,2025-12-02T02:02:30+00:00,W4440,,RETROFIT_COMPLETED,WS_01,COMPLETED,,
1562.5,2025-12-02T02:02:30+00:00,W10383,,RETROFIT_COMPLETED,WS_01,COMPLETED,,
1567.5,2025-12-02T02:07:30+00:00,W7970,,RAKE_COUPLING_STARTED,collection1,COUPLING,,
1567.5,2025-12-02T02:07:30+00:00,W4849,,RAKE_COUPLING_STARTED,collection1,COUPLING,,
1567.5,2025-12-02T02:07:30+00:00,W2967,,RAKE_COUPLING_STARTED,collection1,COUPLING,,
1567.5,2025-12-02T02:07:30+00:00,W9776,,RAKE_COUPLING_STARTED,collection1,COUPLING,,
1567.5,2025-12-02T02:07:30+00:00,W12208,,RAKE_COUPLING_STARTED,collection1,COUPLING,,
1567.5,2025-12-02T02:07:30+00:00,W11348,,RAKE_COUPLING_STARTED,collection1,COUPLING,,
1567.5,2025-12-02T02:07:30+00:00,W12037,,RAKE_COUPLING_STARTED,collection1,COUPLING,,
1567.5,2025-12-02T02:07:30+00:00,W0440,,RAKE_COUPLING_STARTED,collection1,COUPLING,,
1567.5,2025-12-02T02:07:30+00:00,W11988,,RAKE_COUPLING_STARTED,collection1,COUPLING,,
1586.5,2025-12-02T02:26:30+00:00,W7970,,MOVING,collection1,MOVING,,
1586.5,2025-12-02T02:26:30+00:00,W4849,,MOVING,collection1,MOVING,,
1586.5,2025-12-02T02:26:30+00:00,W2967,,MOVING,collection1,MOVING,,
1586.5,2025-12-02T02:26:30+00:00,W9776,,MOVING,collection1,MOVING,,
1586.5,2025-12-02T02:26:30+00:00,W12208,,MOVING,collection1,MOVING,,
1586.5,2025-12-02T02:26:30+00:00,W11348,,MOVING,collection1,MOVING,,
1586.5,2025-12-02T02:26:30+00:00,W12037,,MOVING,collection1,MOVING,,
1586.5,2025-12-02T02:26:30+00:00,W0440,,MOVING,collection1,MOVING,,
1586.5,2025-12-02T02:26:30+00:00,W11988,,MOVING,collection1,MOVING,,
1591.5,2025-12-02T02:31:30+00:00,W10356,,RAKE_COUPLING_STARTED,WS_02,COUPLING,,
1591.5,2025-12-02T02:31:30+00:00,W6006,,RAKE_COUPLING_STARTED,WS_02,COUPLING,,
1593.5,2025-12-02T02:33:30+00:00,W10356,,RAKE_COUPLING_COMPLETED,WS_02,WAITING,,
1593.5,2025-12-02T02:33:30+00:00,W6006,,RAKE_COUPLING_COMPLETED,WS_02,WAITING,,
1593.5,2025-12-02T02:33:30+00:00,W10356,,MOVING,WS_02,MOVING,,
1593.5,2025-12-02T02:33:30+00:00,W6006,,MOVING,WS_02,MOVING,,
1598.5,2025-12-02T02:38:30+00:00,W10356,,ON_RETROFITTED_TRACK,retrofitted,WAITING,,
1598.5,2025-12-02T02:38:30+00:00,W6006,,ON_RETROFITTED_TRACK,retrofitted,WAITING,,
1602.5,2025-12-02T02:42:30+00:00,W3926,T17,REJECTED,REJECTED,REJECTED_NO_RETROFIT_NEEDED,No Retrofit Needed,Wagon doesn't need retrofit
1602.5,2025-12-02T02:42:30+00:00,W11467,T17,ARRIVED,collection2,ARRIVED,,
1602.5,2025-12-02T02:42:30+00:00,W10354,T17,ARRIVED,collection2,ARRIVED,,
1602.5,2025-12-02T02:42:30+00:00,W3950,T17,ARRIVED,collection2,ARRIVED,,
1602.5,2025-12-02T02:42:30+00:00,W7997,T17,ARRIVED,collection2,ARRIVED,,
1602.5,2025-12-02T02:42:30+00:00,W8626,T17,ARRIVED,collection2,ARRIVED,,
1608.5,2025-12-02T02:48:30+00:00,W4440,,RAKE_COUPLING_STARTED,WS_01,COUPLING,,
1608.5,2025-12-02T02:48:30+00:00,W10383,,RAKE_COUPLING_STARTED,WS_01,COUPLING,,
1610.5,2025-12-02T02:50:30+00:00,W4440,,RAKE_COUPLING_COMPLETED,WS_01,WAITING,,
1610.5,2025-12-02T02:50:30+00:00,W10383,,RAKE_COUPLING_COMPLETED,WS_01,WAITING,,
1610.5,2025-12-02T02:50:30+00:00,W4440,,MOVING,WS_01,MOVING,,
1610.5,2025-12-02T02:50:30+00:00,W10383,,MOVING,WS_01,MOVING,,
1615.5,2025-12-02T02:55:30+00:00,W4440,,ON_RETROFITTED_TRACK,retrofitted,WAITING,,
1615.5,2025-12-02T02:55:30+00:00,W10383,,ON_RETROFITTED_TRACK,retrofitted,WAITING,,
1630.5,2025-12-02T03:10:30+00:00,W2238,,MOVING,retrofit,MOVING,,
1630.5,2025-12-02T03:10:30+00:00,W0047,,MOVING,retrofit,MOVING,,
1635.5,2025-12-02T03:15:30+00:00,W2238,,AT_WORKSHOP,WS_02,ARRIVED,,
1635.5,2025-12-02T03:15:30+00:00,W0047,,AT_WORKSHOP,WS_02,ARRIVED,,
1641.5,2025-12-02T03:21:30+00:00,W2238,,RETROFIT_STARTED,WS_02,PROCESSING,,
1641.5,2025-12-02T03:21:30+00:00,W0047,,RETROFIT_STARTED,WS_02,PROCESSING,,
1646.5,2025-12-02T03:26:30+00:00,W7970,,ON_RETROFIT_TRACK,retrofit,WAITING,,
1646.5,2025-12-02T03:26:30+00:00,W4849,,ON_RETROFIT_TRACK,retrofit,WAITING,,
1646.5,2025-12-02T03:26:30+00:00,W2967,,ON_RETROFIT_TRACK,retrofit,WAITING,,
1646.5,2025-12-02T03:26:30+00:00,W9776,,ON_RETROFIT_TRACK,retrofit,WAITING,,
1646.5,2025-12-02T03:26:30+00:00,W12208,,ON_RETROFIT_TRACK,retrofit,WAITING,,
1646.5,2025-12-02T03:26:30+00:00,W11348,,ON_RETROFIT_TRACK,retrofit,WAITING,,
1646.5,2025-12-02T03:26:30+00:00,W12037,,ON_RETROFIT_TRACK,retrofit,WAITING,,
1646.5,2025-12-02T03:26:30+00:00,W0440,,ON_RETROFIT_TRACK,retrofit,WAITING,,
1646.5,2025-12-02T03:26:30+00:00,W11988,,ON_RETROFIT_TRACK,retrofit,WAITING,,
1656.5,2025-12-02T03:36:30+00:00,W0049,,MOVING,retrofit,MOVING,,
1656.5,2025-12-02T03:36:30+00:00,W2535,,MOVING,retrofit,MOVING,,
1661.5,2025-12-02T03:41:30+00:00,W0049,,AT_WORKSHOP,WS_01,ARRIVED,,
1661.5,2025-12-02T03:41:30+00:00,W2535,,AT_WORKSHOP,WS_01,ARRIVED,,
1667.5,2025-12-02T03:47:30+00:00,W0049,,RETROFIT_STARTED,WS_01,PROCESSING,,
1667.5,2025-12-02T03:47:30+00:00,W2535,,RETROFIT_STARTED,WS_01,PROCESSING,,
1687.25,2025-12-02T04:07:15+00:00,W9174,T18,ARRIVED,collection1,ARRIVED,,
1687.25,2025-12-02T04:07:15+00:00,W9169,T18,ARRIVED,collection2,ARRIVED,,
1687.25,2025-12-02T04:07:15+00:00,W9173,T18,ARRIVED,collection2,ARRIVED,,
1701.5,2025-12-02T04:21:30+00:00,W2238,,RETROFIT_COMPLETED,WS_02,COMPLETED,,
1701.5,2025-12-02T04:21:30+00:00,W0047,,RETROFIT_COMPLETED,WS_02,COMPLETED,,
1707.5,2025-12-02T04:27:30+00:00,W2238,,RAKE_COUPLING_STARTED,WS_02,COUPLING,,
1707.5,2025-12-02T04:27:30+00:00,W0047,,RAKE_COUPLING_STARTED,WS_02,COUPLING,,
1709.5,2025-12-02T04:29:30+00:00,W2238,,RAKE_COUPLING_COMPLETED,WS_02,WAITING,,
1709.5,2025-12-02T04:29:30+00:00,W0047,,RAKE_COUPLING_COMPLETED,WS_02,WAITING,,
1709.5,2025-12-02T04:29:30+00:00,W2238,,MOVING,WS_02,MOVING,,
1709.5,2025-12-02T04:29:30+00:00,W0047,,MOVING,WS_02,MOVING,,
1714.5,2025-12-02T04:34:30+00:00,W2238,,ON_RETROFITTED_TRACK,retrofitted,WAITING,,
1714.5,2025-12-02T04:34:30+00:00,W0047,,ON_RETROFITTED_TRACK,retrofitted,WAITING,,
1727.5,2025-12-02T04:47:30+00:00,W0049,,RETROFIT_COMPLETED,WS_01,COMPLETED,,
1727.5,2025-12-02T04:47:30+00:00,W2535,,RETROFIT_COMPLETED,WS_01,COMPLETED,,
1729.5,2025-12-02T04:49:30+00:00,W7970,,MOVING,retrofit,MOVING,,
1729.5,2025-12-02T04:49:30+00:00,W4849,,MOVING,retrofit,MOVING,,
1734.5,2025-12-02T04:54:30+00:00,W7970,,AT_WORKSHOP,WS_02,ARRIVED,,
1734.5,2025-12-02T04:54:30+00:00,W4849,,AT_WORKSHOP,WS_02,ARRIVED,,
1740.5,2025-12-02T05:00:30+00:00,W7970,,RETROFIT_STARTED,WS_02,PROCESSING,,
1740.5,2025-12-02T05:00:30+00:00,W4849,,RETROFIT_STARTED,WS_02,PROCESSING,,
1750.5,2025-12-02T05:10:30+00:00,W0049,,RAKE_COUPLING_STARTED,WS_01,COUPLING,,
1750.5,2025-12-02T05:10:30+00:00,W2535,,RAKE_COUPLING_STARTED,WS_01,COUPLING,,
1752.5,2025-12-02T05:12:30+00:00,W0049,,RAKE_COUPLING_COMPLETED,WS_01,WAITING,,
1752.5,2025-12-02T05:12:30+00:00,W2535,,RAKE_COUPLING_COMPLETED,WS_01,WAITING,,
1752.5,2025-12-02T05:12:30+00:00,W0049,,MOVING,WS_01,MOVING,,
1752.5,2025-12-02T05:12:30+00:00,W2535,,MOVING,WS_01,MOVING,,
1757.5,2025-12-02T05:17:30+00:00,W0049,,ON_RETROFITTED_TRACK,retrofitted,WAITING,,
1757.5,2025-12-02T05:17:30+00:00,W2535,,ON_RETROFITTED_TRACK,retrofitted,WAITING,,
1767.0,2025-12-02T05:27:00+00:00,W6140,T19,ARRIVED,collection1,ARRIVED,,
1800.5,2025-12-02T06:00:30+00:00,W7970,,RETROFIT_COMPLETED,WS_02,COMPLETED,,
1800.5,2025-12-02T06:00:30+00:00,W4849,,RETROFIT_COMPLETED,WS_02,COMPLETED,,
1810.0,2025-12-02T06:10:00+00:00,W6253,,PARKED,parking16,PARKED,,
1810.0,2025-12-02T06:10:00+00:00,W7747,,PARKED,parking16,PARKED,,
1810.0,2025-12-02T06:10:00+00:00,W10546,,PARKED,parking16,PARKED,,
1810.0,2025-12-02T06:10:00+00:00,W7222,,PARKED,parking16,PARKED,,
1810.0,2025-12-02T06:10:00+00:00,W0689,,PARKED,parking16,PARKED,,
1810.0,2025-12-02T06:10:00+00:00,W11268,,PARKED,parking16,PARKED,,
1810.0,2025-12-02T06:10:00+00:00,W11509,,PARKED,parking16,PARKED,,
1810.0,2025-12-02T06:10:00+00:00,W6557,,PARKED,parking16,PARKED,,
1822.5,2025-12-02T06:22:30+00:00,W11467,,RAKE_COUPLING_STARTED,collection2,COUPLING,,
1822.5,2025-12-02T06:22:30+00:00,W10354,,RAKE_COUPLING_STARTED,collection2,COUPLING,,
1822.5,2025-12-02T06:22:30+00:00,W3950,,RAKE_COUPLING_STARTED,collection2,COUPLING,,
1829.5,2025-12-02T06:29:30+00:00,W11467,,MOVING,collection2,MOVING,,
1829.5,2025-12-02T06:29:30+00:00,W10354,,MOVING,collection2,MOVING,,
1829.5,2025-12-02T06:29:30+00:00,W3950,,MOVING,collection2,MOVING,,
1853.5,2025-12-02T06:53:30+00:00,W10364,T20,ARRIVED,collection1,ARRIVED,,
1853.5,2025-12-02T06:53:30+00:00,W6077,T20,ARRIVED,collection1,ARRIVED,,
1870.0,2025-12-02T07:10:00+00:00,W9270,T21,ARRIVED,collection2,ARRIVED,,
1870.0,2025-12-02T07:10:00+00:00,W9276,T21,ARRIVED,collection2,ARRIVED,,
1870.0,2025-12-02T07:10:00+00:00,W11578,T21,ARRIVED,collection2,ARRIVED,,
1875.0,2025-12-02T07:15:00+00:00,W7970,,RAKE_COUPLING_STARTED,WS_02,COUPLING,,
1875.0,2025-12-02T07:15:00+00:00,W4849,,RAKE_COUPLING_STARTED,WS_02,COUPLING,,
1877.0,2025-12-02T07:17:00+00:00,W7970,,RAKE_COUPLING_COMPLETED,WS_02,WAITING,,
1877.0,2025-12-02T07:17:00+00:00,W4849,,RAKE_COUPLING_COMPLETED,WS_02,WAITING,,
1877.0,2025-12-02T07:17:00+00:00,W7970,,MOVING,WS_02,MOVING,,
1877.0,2025-12-02T07:17:00+00:00,W4849,,MOVING,WS_02,MOVING,,
1882.0,2025-12-02T07:22:00+00:00,W7970,,ON_RETROFITTED_TRACK,retrofitted,WAITING,,
1882.0,2025-12-02T07:22:00+00:00,W4849,,ON_RETROFITTED_TRACK,retrofitted,WAITING,,
1889.5,2025-12-02T07:29:30+00:00,W11467,,ON_RETROFIT_TRACK,retrofit,WAITING,,
1889.5,2025-12-02T07:29:30+00:00,W10354,,ON_RETROFIT_TRACK,retrofit,WAITING,,
1889.5,2025-12-02T07:29:30+00:00,W3950,,ON_RETROFIT_TRACK,retrofit,WAITING,,
1897.0,2025-12-02T07:37:00+00:00,W2967,,MOVING,retrofit,MOVING,,
1897.0,2025-12-02T07:37:00+00:00,W9776,,MOVING,retrofit,MOVING,,
1902.0,2025-12-02T07:42:00+00:00,W2967,,AT_WORKSHOP,WS_01,ARRIVED,,
1902.0,2025-12-02T07:42:00+00:00,W9776,,AT_WORKSHOP,WS_01,ARRIVED,,
1908.0,2025-12-02T07:48:00+00:00,W2967,,RETROFIT_STARTED,WS_01,PROCESSING,,
1908.0,2025-12-02T07:48:00+00:00,W9776,,RETROFIT_STARTED,WS_01,PROCESSING,,
1919.5,2025-12-02T07:59:30+00:00,W12208,,MOVING,retrofit,MOVING,,
1919.5,2025-12-02T07:59:30+00:00,W11348,,MOVING,retrofit,MOVING,,
1924.5,2025-12-02T08:04:30+00:00,W12208,,AT_WORKSHOP,WS_02,ARRIVED,,
1924.5,2025-12-02T08:04:30+00:00,W11348,,AT_WORKSHOP,WS_02,ARRIVED,,
1930.5,2025-12-02T08:10:30+00:00,W12208,,RETROFIT_STARTED,WS_02,PROCESSING,,
1930.5,2025-12-02T08:10:30+00:00,W11348,,RETROFIT_STARTED,WS_02,PROCESSING,,
1965.25,2025-12-02T08:45:15+00:00,W0623,T22,ARRIVED,collection2,ARRIVED,,
1965.25,2025-12-02T08:45:15+00:00,W11970,T22,ARRIVED,collection2,ARRIVED,,
1968.0,2025-12-02T08:48:00+00:00,W2967,,RETROFIT_COMPLETED,WS_01,COMPLETED,,
1968.0,2025-12-02T08:48:00+00:00,W9776,,RETROFIT_COMPLETED,WS_01,COMPLETED,,
1973.5,2025-12-02T08:53:30+00:00,W2967,,RAKE_COUPLING_STARTED,WS_01,COUPLING,,
1973.5,2025-12-02T08:53:30+00:00,W9776,,RAKE_COUPLING_STARTED,WS_01,COUPLING,,
1975.5,2025-12-02T08:55:30+00:00,W2967,,RAKE_COUPLING_COMPLETED,WS_01,WAITING,,
1975.5,2025-12-02T08:55:30+00:00,W9776,,RAKE_COUPLING_COMPLETED,WS_01,WAITING,,
1975.5,2025-12-02T08:55:30+00:00,W2967,,MOVING,WS_01,MOVING,,
1975.5,2025-12-02T08:55:30+00:00,W9776,,MOVING,WS_01,MOVING,,
1980.5,2025-12-02T09:00:30+00:00,W2967,,ON_RETROFITTED_TRACK,retrofitted,WAITING,,
1980.5,2025-12-02T09:00:30+00:00,W9776,,ON_RETROFITTED_TRACK,retrofitted,WAITING,,
1990.5,2025-12-02T09:10:30+00:00,W12208,,RETROFIT_COMPLETED,WS_02,COMPLETED,,
1990.5,2025-12-02T09:10:30+00:00,W11348,,RETROFIT_COMPLETED,WS_02,COMPLETED,,
1995.5,2025-12-02T09:15:30+00:00,W12037,,MOVING,retrofit,MOVING,,
1995.5,2025-12-02T09:15:30+00:00,W0440,,MOVING,retrofit,MOVING,,
2000.5,2025-12-02T09:20:30+00:00,W12037,,AT_WORKSHOP,WS_01,ARRIVED,,
2000.5,2025-12-02T09:20:30+00:00,W0440,,AT_WORKSHOP,WS_01,ARRIVED,,
2006.5,2025-12-02T09:26:30+00:00,W12037,,RETROFIT_STARTED,WS_01,PROCESSING,,
2006.5,2025-12-02T09:26:30+00:00,W0440,,RETROFIT_STARTED,WS_01,PROCESSING,,
2016.5,2025-12-02T09:36:30+00:00,W12208,,RAKE_COUPLING_STARTED,WS_02,COUPLING,,
2016.5,2025-12-02T09:36:30+00:00,W11348,,RAKE_COUPLING_STARTED,WS_02,COUPLING,,
2018.5,2025-12-02T09:38:30+00:00,W12208,,RAKE_COUPLING_COMPLETED,WS_02,WAITING,,
2018.5,2025-12-02T09:38:30+00:00,W11348,,RAKE_COUPLING_COMPLETED,WS_02,WAITING,,
2018.5,2025-12-02T09:38:30+00:00,W12208,,MOVING,WS_02,MOVING,,
2018.5,2025-12-02T09:38:30+00:00,W11348,,MOVING,WS_02,MOVING,,
2023.5,2025-12-02T09:43:30+00:00,W12208,,ON_RETROFITTED_TRACK,retrofitted,WAITING,,
2023.5,2025-12-02T09:43:30+00:00,W11348,,ON_RETROFITTED_TRACK,retrofitted,WAITING,,
2038.5,2025-12-02T09:58:30+00:00,W11988,,MOVING,retrofit,MOVING,,
2038.5,2025-12-02T09:58:30+00:00,W11467,,MOVING,retrofit,MOVING,,
2043.5,2025-12-02T10:03:30+00:00,W11988,,AT_WORKSHOP,WS_02,ARRIVED,,
2043.5,2025-12-02T10:03:30+00:00,W11467,,AT_WORKSHOP,WS_02,ARRIVED,,
2049.5,2025-12-02T10:09:30+00:00,W11988,,RETROFIT_STARTED,WS_02,PROCESSING,,
2049.5,2025-12-02T10:09:30+00:00,W11467,,RETROFIT_STARTED,WS_02,PROCESSING,,
2050.5,2025-12-02T10:10:30+00:00,W10356,,PARKED,parking16,PARKED,,
2050.5,2025-12-02T10:10:30+00:00,W6006,,PARKED,parking16,PARKED,,
2050.5,2025-12-02T10:10:30+00:00,W4440,,PARKED,parking16,PARKED,,
2050.5,2025-12-02T10:10:30+00:00,W10383,,PARKED,parking16,PARKED,,
2050.5,2025-12-02T10:10:30+00:00,W2238,,PARKED,parking16,PARKED,,
2050.5,2025-12-02T10:10:30+00:00,W0047,,PARKED,parking16,PARKED,,
2050.5,2025-12-02T10:10:30+00:00,W0049,,PARKED,parking16,PARKED,,
2050.5,2025-12-02T10:10:30+00:00,W2535,,PARKED,parking16,PARKED,,
2066.5,2025-12-02T10:26:30+00:00,W12037,,RETROFIT_COMPLETED,WS_01,COMPLETED,,
2066.5,2025-12-02T10:26:30+00:00,W0440,,RETROFIT_COMPLETED,WS_01,COMPLETED,,
2109.5,2025-12-02T11:09:30+00:00,W11988,,RETROFIT_COMPLETED,WS_02,COMPLETED,,
2109.5,2025-12-02T11:09:30+00:00,W11467,,RETROFIT_COMPLETED,WS_02,COMPLETED,,
2114.5,2025-12-02T11:14:30+00:00,W12260,,RAKE_COUPLING_STARTED,collection1,COUPLING,,
2114.5,2025-12-02T11:14:30+00:00,W0130,,RAKE_COUPLING_STARTED,collection1,COUPLING,,
2114.5,2025-12-02T11:14:30+00:00,W9352,,RAKE_COUPLING_STARTED,collection1,COUPLING,,
2115.5,2025-12-02T11:15:30+00:00,W12037,,RAKE_COUPLING_STARTED,WS_01,COUPLING,,
2115.5,2025-12-02T11:15:30+00:00,W0440,,RAKE_COUPLING_STARTED,WS_01,COUPLING,,
2117.5,2025-12-02T11:17:30+00:00,W12037,,RAKE_COUPLING_COMPLETED,WS_01,WAITING,,
2117.5,2025-12-02T11:17:30+00:00,W0440,,RAKE_COUPLING_COMPLETED,WS_01,WAITING,,
2117.5,2025-12-02T11:17:30+00:00,W12037,,MOVING,WS_01,MOVING,,
2117.5,2025-12-02T11:17:30+00:00,W0440,,MOVING,WS_01,MOVING,,
2121.5,2025-12-02T11:21:30+00:00,W12260,,MOVING,collection1,MOVING,,
2121.5,2025-12-02T11:21:30+00:00,W0130,,MOVING,collection1,MOVING,,
2121.5,2025-12-02T11:21:30+00:00,W9352,,MOVING,collection1,MOVING,,
2122.5,2025-12-02T11:22:30+00:00,W12037,,ON_RETROFITTED_TRACK,retrofitted,WAITING,,
2122.5,2025-12-02T11:22:30+00:00,W0440,,ON_RETROFITTED_TRACK,retrofitted,WAITING,,
2132.5,2025-12-02T11:32:30+00:00,W11988,,RAKE_COUPLING_STARTED,WS_02,COUPLING,,
2132.5,2025-12-02T11:32:30+00:00,W11467,,RAKE_COUPLING_STARTED,WS_02,COUPLING,,
2134.5,2025-12-02T11:34:30+00:00,W11988,,RAKE_COUPLING_COMPLETED,WS_02,WAITING,,
2134.5,2025-12-02T11:34:30+00:00,W11467,,RAKE_COUPLING_COMPLETED,WS_02,WAITING,,
2134.5,2025-12-02T11:34:30+00:00,W11988,,MOVING,WS_02,MOVING,,
2134.5,2025-12-02T11:34:30+00:00,W11467,,MOVING,WS_02,MOVING,,
2138.0,2025-12-02T11:38:00+00:00,W3173,T23,ARRIVED,collection2,ARRIVED,,
2138.0,2025-12-02T11:38:00+00:00,W5038,T23,ARRIVED,collection2,ARRIVED,,
2138.0,2025-12-02T11:38:00+00:00,W11261,T23,ARRIVED,collection2,ARRIVED,,
2138.0,2025-12-02T11:38:00+00:00,W11259,T23,ARRIVED,collection2,ARRIVED,,
2138.0,2025-12-02T11:38:00+00:00,W5167,T23,ARRIVED,collection2,ARRIVED,,
2138.0,2025-12-02T11:38:00+00:00,W4666,T23,ARRIVED,collection2,ARRIVED,,
2138.0,2025-12-02T11:38:00+00:00,W11269,T23,ARRIVED,collection2,ARRIVED,,
2138.0,2025-12-02T11:38:00+00:00,W3811,T23,ARRIVED,collection2,ARRIVED,,
2138.0,2025-12-02T11:38:00+00:00,W2926,T23,ARRIVED,collection2,ARRIVED,,
2138.0,2025-12-02T11:38:00+00:00,W5391,T23,ARRIVED,collection2,ARRIVED,,
2138.0,2025-12-02T11:38:00+00:00,W6682,T23,ARRIVED,collection2,ARRIVED,,
2138.0,2025-12-02T11:38:00+00:00,W11256,T23,ARRIVED,collection2,ARRIVED,,
2138.0,2025-12-02T11:38:00+00:00,W10892,T23,ARRIVED,collection2,ARRIVED,,
2139.5,2025-12-02T11:39:30+00:00,W11988,,ON_RETROFITTED_TRACK,retrofitted,WAITING,,
2139.5,2025-12-02T11:39:30+00:00,W11467,,ON_RETROFITTED_TRACK,retrofitted,WAITING,,
2149.75,2025-12-02T11:49:45+00:00,W3926,T24,REJECTED,REJECTED,REJECTED_NO_RETROFIT_NEEDED,No Retrofit Needed,Wagon doesn't need retrofit
2149.75,2025-12-02T11:49:45+00:00,W1906,T24,ARRIVED,collection2,ARRIVED,,
2154.5,2025-12-02T11:54:30+00:00,W10354,,MOVING,retrofit,MOVING,,
2154.5,2025-12-02T11:54:30+00:00,W3950,,MOVING,retrofit,MOVING,,
2158.0,2025-12-02T11:58:00+00:00,W1156,T25,REJECTED,REJECTED,REJECTED,NO_COLLECTION_TRACK,No collection track available
2158.0,2025-12-02T11:58:00+00:00,W1174,T25,REJECTED,REJECTED,REJECTED,NO_COLLECTION_TRACK,No collection track available
2158.0,2025-12-02T11:58:00+00:00,W1161,T25,REJECTED,REJECTED,REJECTED,NO_COLLECTION_TRACK,No collection track available
2158.0,2025-12-02T11:58:00+00:00,W1158,T25,ARRIVED,collection2,ARRIVED,,
2158.0,2025-12-02T11:58:00+00:00,W1139,T25,ARRIVED,collection2,ARRIVED,,
2158.0,2025-12-02T11:58:00+00:00,W1149,T25,ARRIVED,collection2,ARRIVED,,
2158.0,2025-12-02T11:58:00+00:00,W1150,T25,ARRIVED,collection2,ARRIVED,,
2158.0,2025-12-02T11:58:00+00:00,W1151,T25,ARRIVED,collection2,ARRIVED,,
2158.0,2025-12-02T11:58:00+00:00,W1152,T25,ARRIVED,collection2,ARRIVED,,
2159.5,2025-12-02T11:59:30+00:00,W10354,,AT_WORKSHOP,WS_01,ARRIVED,,
2159.5,2025-12-02T11:59:30+00:00,W3950,,AT_WORKSHOP,WS_01,ARRIVED,,
2165.5,2025-12-02T12:05:30+00:00,W10354,,RETROFIT_STARTED,WS_01,PROCESSING,,
2165.5,2025-12-02T12:05:30+00:00,W3950,,RETROFIT_STARTED,WS_01,PROCESSING,,
2181.5,2025-12-02T12:21:30+00:00,W12260,,ON_RETROFIT_TRACK,retrofit,WAITING,,
2181.5,2025-12-02T12:21:30+00:00,W0130,,ON_RETROFIT_TRACK,retrofit,WAITING,,
2181.5,2025-12-02T12:21:30+00:00,W9352,,ON_RETROFIT_TRACK,retrofit,WAITING,,
2211.5,2025-12-02T12:51:30+00:00,W12260,,MOVING,retrofit,MOVING,,
2211.5,2025-12-02T12:51:30+00:00,W0130,,MOVING,retrofit,MOVING,,
2216.5,2025-12-02T12:56:30+00:00,W12260,,AT_WORKSHOP,WS_02,ARRIVED,,
2216.5,2025-12-02T12:56:30+00:00,W0130,,AT_WORKSHOP,WS_02,ARRIVED,,
2222.5,2025-12-02T13:02:30+00:00,W12260,,RETROFIT_STARTED,WS_02,PROCESSING,,
2222.5,2025-12-02T13:02:30+00:00,W0130,,RETROFIT_STARTED,WS_02,PROCESSING,,
2225.5,2025-12-02T13:05:30+00:00,W10354,,RETROFIT_COMPLETED,WS_01,COMPLETED,,
2225.5,2025-12-02T13:05:30+00:00,W3950,,RETROFIT_COMPLETED,WS_01,COMPLETED,,
2230.5,2025-12-02T13:10:30+00:00,W7997,,RAKE_COUPLING_STARTED,collection2,COUPLING,,
2230.5,2025-12-02T13:10:30+00:00,W8626,,RAKE_COUPLING_STARTED,collection2,COUPLING,,
2230.5,2025-12-02T13:10:30+00:00,W9169,,RAKE_COUPLING_STARTED,collection2,COUPLING,,
2230.5,2025-12-02T13:10:30+00:00,W9173,,RAKE_COUPLING_STARTED,collection2,COUPLING,,
2230.5,2025-12-02T13:10:30+00:00,W9270,,RAKE_COUPLING_STARTED,collection2,COUPLING,,
2230.5,2025-12-02T13:10:30+00:00,W9276,,RAKE_COUPLING_STARTED,collection2,COUPLING,,
2230.5,2025-12-02T13:10:30+00:00,W11578,,RAKE_COUPLING_STARTED,collection2,COUPLING,,
2232.5,2025-12-02T13:12:30+00:00,W10354,,RAKE_COUPLING_STARTED,WS_01,COUPLING,,
2232.5,2025-12-02T13:12:30+00:00,W3950,,RAKE_COUPLING_STARTED,WS_01,COUPLING,,
2234.5,2025-12-02T13:14:30+00:00,W10354,,RAKE_COUPLING_COMPLETED,WS_01,WAITING,,
2234.5,2025-12-02T13:14:30+00:00,W3950,,RAKE_COUPLING_COMPLETED,WS_01,WAITING,,
2234.5,2025-12-02T13:14:30+00:00,W10354,,MOVING,WS_01,MOVING,,
2234.5,2025-12-02T13:14:30+00:00,W3950,,MOVING,WS_01,MOVING,,
2239.5,2025-12-02T13:19:30+00:00,W10354,,ON_RETROFITTED_TRACK,retrofitted,WAITING,,
2239.5,2025-12-02T13:19:30+00:00,W3950,,ON_RETROFITTED_TRACK,retrofitted,WAITING,,
2245.5,2025-12-02T13:25:30+00:00,W7997,,MOVING,collection2,MOVING,,
2245.5,2025-12-02T13:25:30+00:00,W8626,,MOVING,collection2,MOVING,,
2245.5,2025-12-02T13:25:30+00:00,W9169,,MOVING,collection2,MOVING,,
2245.5,2025-12-02T13:25:30+00:00,W9173,,MOVING,collection2,MOVING,,
2245.5,2025-12-02T13:25:30+00:00,W9270,,MOVING,collection2,MOVING,,
2245.5,2025-12-02T13:25:30+00:00,W9276,,MOVING,collection2,MOVING,,
2245.5,2025-12-02T13:25:30+00:00,W11578,,MOVING,collection2,MOVING,,
2258.0,2025-12-02T13:38:00+00:00,W11254,T26,ARRIVED,collection1,ARRIVED,,
2258.0,2025-12-02T13:38:00+00:00,W10878,T26,ARRIVED,collection1,ARRIVED,,
2258.0,2025-12-02T13:38:00+00:00,W10889,T26,ARRIVED,collection1,ARRIVED,,
2264.0,2025-12-02T13:44:00+00:00,W7970,,PARKED,parking1,PARKED,,
2264.0,2025-12-02T13:44:00+00:00,W4849,,PARKED,parking1,PARKED,,
2264.0,2025-12-02T13:44:00+00:00,W2967,,PARKED,parking1,PARKED,,
2264.0,2025-12-02T13:44:00+00:00,W9776,,PARKED,parking1,PARKED,,
2264.0,2025-12-02T13:44:00+00:00,W12208,,PARKED,parking1,PARKED,,
2264.0,2025-12-02T13:44:00+00:00,W11348,,PARKED,parking1,PARKED,,
2277.0,2025-12-02T13:57:00+00:00,W9352,,MOVING,retrofit,MOVING,,
2282.0,2025-12-02T14:02:00+00:00,W9352,,AT_WORKSHOP,WS_01,ARRIVED,,
2282.5,2025-12-02T14:02:30+00:00,W12260,,RETROFIT_COMPLETED,WS_02,COMPLETED,,
2282.5,2025-12-02T14:02:30+00:00,W0130,,RETROFIT_COMPLETED,WS_02,COMPLETED,,
2285.0,2025-12-02T14:05:00+00:00,W9352,,RETROFIT_STARTED,WS_01,PROCESSING,,
2295.0,2025-12-02T14:15:00+00:00,W12260,,RAKE_COUPLING_STARTED,WS_02,COUPLING,,
2295.0,2025-12-02T14:15:00+00:00,W0130,,RAKE_COUPLING_STARTED,WS_02,COUPLING,,
2297.0,2025-12-02T14:17:00+00:00,W12260,,RAKE_COUPLING_COMPLETED,WS_02,WAITING,,
2297.0,2025-12-02T14:17:00+00:00,W0130,,RAKE_COUPLING_COMPLETED,WS_02,WAITING,,
2297.0,2025-12-02T14:17:00+00:00,W12260,,MOVING,WS_02,MOVING,,
2297.0,2025-12-02T14:17:00+00:00,W0130,,MOVING,WS_02,MOVING,,
2302.0,2025-12-02T14:22:00+00:00,W12260,,ON_RETROFITTED_TRACK,retrofitted,WAITING,,
2302.0,2025-12-02T14:22:00+00:00,W0130,,ON_RETROFITTED_TRACK,retrofitted,WAITING,,
2303.75,2025-12-02T14:23:45+00:00,W10134,T27,REJECTED,REJECTED,REJECTED,NO_COLLECTION_TRACK,No collection track available
2303.75,2025-12-02T14:23:45+00:00,W11320,T27,ARRIVED,collection1,ARRIVED,,
2303.75,2025-12-02T14:23:45+00:00,W5833,T27,ARRIVED,collection1,ARRIVED,,
2303.75,2025-12-02T14:23:45+00:00,W6096,T27,ARRIVED,collection1,ARRIVED,,
2303.75,2025-12-02T14:23:45+00:00,W0874,T27,ARRIVED,collection1,ARRIVED,,
2303.75,2025-12-02T14:23:45+00:00,W10689,T27,ARRIVED,collection1,ARRIVED,,
2303.75,2025-12-02T14:23:45+00:00,W5838,T27,ARRIVED,collection1,ARRIVED,,
2303.75,2025-12-02T14:23:45+00:00,W11241,T27,ARRIVED,collection1,ARRIVED,,
2303.75,2025-12-02T14:23:45+00:00,W2444,T27,ARRIVED,collection1,ARRIVED,,
2305.5,2025-12-02T14:25:30+00:00,W7997,,ON_RETROFIT_TRACK,retrofit,WAITING,,
2305.5,2025-12-02T14:25:30+00:00,W8626,,ON_RETROFIT_TRACK,retrofit,WAITING,,
2305.5,2025-12-02T14:25:30+00:00,W9169,,ON_RETROFIT_TRACK,retrofit,WAITING,,
2305.5,2025-12-02T14:25:30+00:00,W9173,,ON_RETROFIT_TRACK,retrofit,WAITING,,
2305.5,2025-12-02T14:25:30+00:00,W9270,,ON_RETROFIT_TRACK,retrofit,WAITING,,
2305.5,2025-12-02T14:25:30+00:00,W9276,,ON_RETROFIT_TRACK,retrofit,WAITING,,
2305.5,2025-12-02T14:25:30+00:00,W11578,,ON_RETROFIT_TRACK,retrofit,WAITING,,
2324.25,2025-12-02T14:44:15+00:00,W7862,T28,REJECTED,REJECTED,REJECTED,NO_COLLECTION_TRACK,No collection track available
2324.25,2025-12-02T14:44:15+00:00,W10284,T28,REJECTED,REJECTED,REJECTED,NO_COLLECTION_TRACK,No collection track available
2324.25,2025-12-02T14:44:15+00:00,W2696,T28,REJECTED,REJECTED,REJECTED,NO_COLLECTION_TRACK,No collection track available
2324.25,2025-12-02T14:44:15+00:00,W9329,T28,ARRIVED,collection1,ARRIVED,,
2345.0,2025-12-02T15:05:00+00:00,W9352,,RETROFIT_COMPLETED,WS_01,COMPLETED,,
2356.0,2025-12-02T15:16:00+00:00,W9352,,MOVING,WS_01,MOVING,,
2361.0,2025-12-02T15:21:00+00:00,W9352,,ON_RETROFITTED_TRACK,retrofitted,WAITING,,
2376.0,2025-12-02T15:36:00+00:00,W7997,,MOVING,retrofit,MOVING,,
2376.0,2025-12-02T15:36:00+00:00,W8626,,MOVING,retrofit,MOVING,,
2381.0,2025-12-02T15:41:00+00:00,W7997,,AT_WORKSHOP,WS_02,ARRIVED,,
2381.0,2025-12-02T15:41:00+00:00,W8626,,AT_WORKSHOP,WS_02,ARRIVED,,
2381.5,2025-12-02T15:41:30+00:00,W12037,,PARKED,parking12,PARKED,,
2381.5,2025-12-02T15:41:30+00:00,W0440,,PARKED,parking12,PARKED,,
2381.5,2025-12-02T15:41:30+00:00,W11988,,PARKED,parking12,PARKED,,
2381.5,2025-12-02T15:41:30+00:00,W11467,,PARKED,parking12,PARKED,,
2381.5,2025-12-02T15:41:30+00:00,W10354,,PARKED,parking12,PARKED,,
2381.5,2025-12-02T15:41:30+00:00,W3950,,PARKED,parking12,PARKED,,
2387.0,2025-12-02T15:47:00+00:00,W7997,,RETROFIT_STARTED,WS_02,PROCESSING,,
2387.0,2025-12-02T15:47:00+00:00,W8626,,RETROFIT_STARTED,WS_02,PROCESSING,,
2402.0,2025-12-02T16:02:00+00:00,W9169,,MOVING,retrofit,MOVING,,
2402.0,2025-12-02T16:02:00+00:00,W9173,,MOVING,retrofit,MOVING,,
2407.0,2025-12-02T16:07:00+00:00,W9169,,AT_WORKSHOP,WS_01,ARRIVED,,
2407.0,2025-12-02T16:07:00+00:00,W9173,,AT_WORKSHOP,WS_01,ARRIVED,,
2413.0,2025-12-02T16:13:00+00:00,W9169,,RETROFIT_STARTED,WS_01,PROCESSING,,
2413.0,2025-12-02T16:13:00+00:00,W9173,,RETROFIT_STARTED,WS_01,PROCESSING,,
2447.0,2025-12-02T16:47:00+00:00,W7997,,RETROFIT_COMPLETED,WS_02,COMPLETED,,
2447.0,2025-12-02T16:47:00+00:00,W8626,,RETROFIT_COMPLETED,WS_02,COMPLETED,,
2473.0,2025-12-02T17:13:00+00:00,W9169,,RETROFIT_COMPLETED,WS_01,COMPLETED,,
2473.0,2025-12-02T17:13:00+00:00,W9173,,RETROFIT_COMPLETED,WS_01,COMPLETED,,
2478.0,2025-12-02T17:18:00+00:00,W2980,,RAKE_COUPLING_STARTED,collection1,COUPLING,,
2478.0,2025-12-02T17:18:00+00:00,W2406,,RAKE_COUPLING_STARTED,collection1,COUPLING,,
2478.0,2025-12-02T17:18:00+00:00,W2399,,RAKE_COUPLING_STARTED,collection1,COUPLING,,
2478.0,2025-12-02T17:18:00+00:00,W9868,,RAKE_COUPLING_STARTED,collection1,COUPLING,,
2478.0,2025-12-02T17:18:00+00:00,W12060,,RAKE_COUPLING_STARTED,collection1,COUPLING,,
2478.0,2025-12-02T17:18:00+00:00,W12210,,RAKE_COUPLING_STARTED,collection1,COUPLING,,
2478.0,2025-12-02T17:18:00+00:00,W8636,,RAKE_COUPLING_STARTED,collection1,COUPLING,,
2478.0,2025-12-02T17:18:00+00:00,W10949,,RAKE_COUPLING_STARTED,collection1,COUPLING,,
2484.75,2025-12-02T17:24:45+00:00,W8549,T29,REJECTED,REJECTED,REJECTED,NO_COLLECTION_TRACK,No collection track available
2484.75,2025-12-02T17:24:45+00:00,W5978,T29,ARRIVED,collection2,ARRIVED,,
2484.75,2025-12-02T17:24:45+00:00,W5686,T29,ARRIVED,collection2,ARRIVED,,
2484.75,2025-12-02T17:24:45+00:00,W5403,T29,ARRIVED,collection2,ARRIVED,,
2484.75,2025-12-02T17:24:45+00:00,W9401,T29,ARRIVED,collection2,ARRIVED,,
2495.0,2025-12-02T17:35:00+00:00,W2980,,MOVING,collection1,MOVING,,
2495.0,2025-12-02T17:35:00+00:00,W2406,,MOVING,collection1,MOVING,,
2495.0,2025-12-02T17:35:00+00:00,W2399,,MOVING,collection1,MOVING,,
2495.0,2025-12-02T17:35:00+00:00,W9868,,MOVING,collection1,MOVING,,
2495.0,2025-12-02T17:35:00+00:00,W12060,,MOVING,collection1,MOVING,,
2495.0,2025-12-02T17:35:00+00:00,W12210,,MOVING,collection1,MOVING,,
2495.0,2025-12-02T17:35:00+00:00,W8636,,MOVING,collection1,MOVING,,
2495.0,2025-12-02T17:35:00+00:00,W10949,,MOVING,collection1,MOVING,,
2501.5,2025-12-02T17:41:30+00:00,W0623,,RAKE_COUPLING_STARTED,collection2,COUPLING,,
2501.5,2025-12-02T17:41:30+00:00,W11970,,RAKE_COUPLING_STARTED,collection2,COUPLING,,
2506.5,2025-12-02T17:46:30+00:00,W0623,,MOVING,collection2,MOVING,,
2506.5,2025-12-02T17:46:30+00:00,W11970,,MOVING,collection2,MOVING,,
2523.0,2025-12-02T18:03:00+00:00,W8467,T30,REJECTED,REJECTED,REJECTED,NO_COLLECTION_TRACK,No collection track available
2523.0,2025-12-02T18:03:00+00:00,W11192,T30,REJECTED,REJECTED,REJECTED,NO_COLLECTION_TRACK,No collection track available
2523.0,2025-12-02T18:03:00+00:00,W11193,T30,REJECTED,REJECTED,REJECTED,NO_COLLECTION_TRACK,No collection track available
2529.25,2025-12-02T18:09:15+00:00,W10099,T31,REJECTED,REJECTED,REJECTED,NO_COLLECTION_TRACK,No collection track available
2529.25,2025-12-02T18:09:15+00:00,W3424,T31,REJECTED,REJECTED,REJECTED,NO_COLLECTION_TRACK,No collection track available
2529.25,2025-12-02T18:09:15+00:00,W11541,T31,REJECTED,REJECTED,REJECTED,NO_COLLECTION_TRACK,No collection track available
2529.25,2025-12-02T18:09:15+00:00,W8706,T31,REJECTED,REJECTED,REJECTED,NO_COLLECTION_TRACK,No collection track available
2529.25,2025-12-02T18:09:15+00:00,W10826,T31,REJECTED,REJECTED,REJECTED,NO_COLLECTION_TRACK,No collection track available
2529.25,2025-12-02T18:09:15+00:00,W10396,T31,REJECTED,REJECTED,REJECTED,NO_COLLECTION_TRACK,No collection track available
2555.0,2025-12-02T18:35:00+00:00,W2980,,ON_RETROFIT_TRACK,retrofit,WAITING,,
2555.0,2025-12-02T18:35:00+00:00,W2406,,ON_RETROFIT_TRACK,retrofit,WAITING,,
2555.0,2025-12-02T18:35:00+00:00,W2399,,ON_RETROFIT_TRACK,retrofit,WAITING,,
2555.0,2025-12-02T18:35:00+00:00,W9868,,ON_RETROFIT_TRACK,retrofit,WAITING,,
2555.0,2025-12-02T18:35:00+00:00,W12060,,ON_RETROFIT_TRACK,retrofit,WAITING,,
2555.0,2025-12-02T18:35:00+00:00,W12210,,ON_RETROFIT_TRACK,retrofit,WAITING,,
2555.0,2025-12-02T18:35:00+00:00,W8636,,ON_RETROFIT_TRACK,retrofit,WAITING,,
2555.0,2025-12-02T18:35:00+00:00,W10949,,ON_RETROFIT_TRACK,retrofit,WAITING,,
2566.5,2025-12-02T18:46:30+00:00,W0623,,ON_RETROFIT_TRACK,retrofit,WAITING,,
2566.5,2025-12-02T18:46:30+00:00,W11970,,ON_RETROFIT_TRACK,retrofit,WAITING,,
2571.5,2025-12-02T18:51:30+00:00,W11361,T32,REJECTED,REJECTED,REJECTED,NO_COLLECTION_TRACK,No collection track available
2571.5,2025-12-02T18:51:30+00:00,W12313,T32,REJECTED,REJECTED,REJECTED,NO_COLLECTION_TRACK,No collection track available
2574.0,2025-12-02T18:54:00+00:00,W5897,T33,REJECTED,REJECTED,REJECTED,NO_COLLECTION_TRACK,No collection track available
2574.0,2025-12-02T18:54:00+00:00,W6930,T33,REJECTED,REJECTED,REJECTED,NO_COLLECTION_TRACK,No collection track available
2574.0,2025-12-02T18:54:00+00:00,W6224,T33,REJECTED,REJECTED,REJECTED,NO_COLLECTION_TRACK,No collection track available
2585.5,2025-12-02T19:05:30+00:00,W7997,,RAKE_COUPLING_STARTED,WS_02,COUPLING,,
2585.5,2025-12-02T19:05:30+00:00,W8626,,RAKE_COUPLING_STARTED,WS_02,COUPLING,,
2587.5,2025-12-02T19:07:30+00:00,W7997,,RAKE_COUPLING_COMPLETED,WS_02,WAITING,,
2587.5,2025-12-02T19:07:30+00:00,W8626,,RAKE_COUPLING_COMPLETED,WS_02,WAITING,,
2587.5,2025-12-02T19:07:30+00:00,W7997,,MOVING,WS_02,MOVING,,
2587.5,2025-12-02T19:07:30+00:00,W8626,,MOVING,WS_02,MOVING,,
2592.5,2025-12-02T19:12:30+00:00,W7997,,ON_RETROFITTED_TRACK,retrofitted,WAITING,,
2592.5,2025-12-02T19:12:30+00:00,W8626,,ON_RETROFITTED_TRACK,retrofitted,WAITING,,
2602.5,2025-12-02T19:22:30+00:00,W9169,,RAKE_COUPLING_STARTED,WS_01,COUPLING,,
2602.5,2025-12-02T19:22:30+00:00,W9173,,RAKE_COUPLING_STARTED,WS_01,COUPLING,,
2604.5,2025-12-02T19:24:30+00:00,W9169,,RAKE_COUPLING_COMPLETED,WS_01,WAITING,,
2604.5,2025-12-02T19:24:30+00:00,W9173,,RAKE_COUPLING_COMPLETED,WS_01,WAITING,,
2604.5,2025-12-02T19:24:30+00:00,W9169,,MOVING,WS_01,MOVING,,
2604.5,2025-12-02T19:24:30+00:00,W9173,,MOVING,WS_01,MOVING,,
2609.5,2025-12-02T19:29:30+00:00,W9169,,ON_RETROFITTED_TRACK,retrofitted,WAITING,,
2609.5,2025-12-02T19:29:30+00:00,W9173,,ON_RETROFITTED_TRACK,retrofitted,WAITING,,
2615.0,2025-12-02T19:35:00+00:00,W9270,,MOVING,retrofit,MOVING,,
2615.0,2025-12-02T19:35:00+00:00,W9276,,MOVING,retrofit,MOVING,,
2620.0,2025-12-02T19:40:00+00:00,W9270,,AT_WORKSHOP,WS_02,ARRIVED,,
2620.0,2025-12-02T19:40:00+00:00,W9276,,AT_WORKSHOP,WS_02,ARRIVED,,
2626.0,2025-12-02T19:46:00+00:00,W9270,,RETROFIT_STARTED,WS_02,PROCESSING,,
2626.0,2025-12-02T19:46:00+00:00,W9276,,RETROFIT_STARTED,WS_02,PROCESSING,,
2641.0,2025-12-02T20:01:00+00:00,W11578,,MOVING,retrofit,MOVING,,
2641.0,2025-12-02T20:01:00+00:00,W2980,,MOVING,retrofit,MOVING,,
2646.0,2025-12-02T20:06:00+00:00,W11578,,AT_WORKSHOP,WS_01,ARRIVED,,
2646.0,2025-12-02T20:06:00+00:00,W2980,,AT_WORKSHOP,WS_01,ARRIVED,,
2652.0,2025-12-02T20:12:00+00:00,W11578,,RETROFIT_STARTED,WS_01,PROCESSING,,
2652.0,2025-12-02T20:12:00+00:00,W2980,,RETROFIT_STARTED,WS_01,PROCESSING,,
2666.75,2025-12-02T20:26:45+00:00,W8527,T34,REJECTED,REJECTED,REJECTED,NO_COLLECTION_TRACK,No collection track available
2666.75,2025-12-02T20:26:45+00:00,W0043,T34,REJECTED,REJECTED,REJECTED,NO_COLLECTION_TRACK,No collection track available
2666.75,2025-12-02T20:26:45+00:00,W12077,T34,ARRIVED,collection1,ARRIVED,,
2666.75,2025-12-02T20:26:45+00:00,W11766,T34,ARRIVED,collection1,ARRIVED,,
2666.75,2025-12-02T20:26:45+00:00,W4793,T34,ARRIVED,collection2,ARRIVED,,
2666.75,2025-12-02T20:26:45+00:00,W11718,T34,ARRIVED,collection2,ARRIVED,,
2686.0,2025-12-02T20:46:00+00:00,W9270,,RETROFIT_COMPLETED,WS_02,COMPLETED,,
2686.0,2025-12-02T20:46:00+00:00,W9276,,RETROFIT_COMPLETED,WS_02,COMPLETED,,
2699.5,2025-12-02T20:59:30+00:00,W12260,,PARKED,parking13,PARKED,,
2699.5,2025-12-02T20:59:30+00:00,W0130,,PARKED,parking13,PARKED,,
2699.5,2025-12-02T20:59:30+00:00,W9352,,PARKED,parking13,PARKED,,
2712.0,2025-12-02T21:12:00+00:00,W11578,,RETROFIT_COMPLETED,WS_01,COMPLETED,,
2712.0,2025-12-02T21:12:00+00:00,W2980,,RETROFIT_COMPLETED,WS_01,COMPLETED,,
2717.0,2025-12-02T21:17:00+00:00,W3173,,RAKE_COUPLING_STARTED,collection2,COUPLING,,
2717.0,2025-12-02T21:17:00+00:00,W5038,,RAKE_COUPLING_STARTED,collection2,COUPLING,,
2717.75,2025-12-02T21:17:45+00:00,W2772,T35,REJECTED,REJECTED,REJECTED,NO_COLLECTION_TRACK,No collection track available
2717.75,2025-12-02T21:17:45+00:00,W3651,T35,REJECTED,REJECTED,REJECTED,NO_COLLECTION_TRACK,No collection track available
2717.75,2025-12-02T21:17:45+00:00,W4026,T35,REJECTED,REJECTED,REJECTED,NO_COLLECTION_TRACK,No collection track available
2717.75,2025-12-02T21:17:45+00:00,W2716,T35,REJECTED,REJECTED,REJECTED,NO_COLLECTION_TRACK,No collection track available
2717.75,2025-12-02T21:17:45+00:00,W11989,T35,REJECTED,REJECTED,REJECTED,NO_COLLECTION_TRACK,No collection track available
2717.75,2025-12-02T21:17:45+00:00,W10725,T35,REJECTED,REJECTED,REJECTED,NO_COLLECTION_TRACK,No collection track available
2717.75,2025-12-02T21:17:45+00:00,W10728,T35,REJECTED,REJECTED,REJECTED,NO_COLLECTION_TRACK,No collection track available
2722.0,2025-12-02T21:22:00+00:00,W3173,,MOVING,collection2,MOVING,,
2722.0,2025-12-02T21:22:00+00:00,W5038,,MOVING,collection2,MOVING,,
2764.5,2025-12-02T22:04:30+00:00,W9270,,RAKE_COUPLING_STARTED,WS_02,COUPLING,,
2764.5,2025-12-02T22:04:30+00:00,W9276,,RAKE_COUPLING_STARTED,WS_02,COUPLING,,
2766.5,2025-12-02T22:06:30+00:00,W9270,,RAKE_COUPLING_COMPLETED,WS_02,WAITING,,
2766.5,2025-12-02T22:06:30+00:00,W9276,,RAKE_COUPLING_COMPLETED,WS_02,WAITING,,
2766.5,2025-12-02T22:06:30+00:00,W9270,,MOVING,WS_02,MOVING,,
2766.5,2025-12-02T22:06:30+00:00,W9276,,MOVING,WS_02,MOVING,,
2771.5,2025-12-02T22:11:30+00:00,W9270,,ON_RETROFITTED_TRACK,retrofitted,WAITING,,
2771.5,2025-12-02T22:11:30+00:00,W9276,,ON_RETROFITTED_TRACK,retrofitted,WAITING,,
2781.5,2025-12-02T22:21:30+00:00,W11578,,RAKE_COUPLING_STARTED,WS_01,COUPLING,,
2781.5,2025-12-02T22:21:30+00:00,W2980,,RAKE_COUPLING_STARTED,WS_01,COUPLING,,
2782.0,2025-12-02T22:22:00+00:00,W3173,,ON_RETROFIT_TRACK,retrofit,WAITING,,
2782.0,2025-12-02T22:22:00+00:00,W5038,,ON_RETROFIT_TRACK,retrofit,WAITING,,
2783.5,2025-12-02T22:23:30+00:00,W11578,,RAKE_COUPLING_COMPLETED,WS_01,WAITING,,
2783.5,2025-12-02T22:23:30+00:00,W2980,,RAKE_COUPLING_COMPLETED,WS_01,WAITING,,
2783.5,2025-12-02T22:23:30+00:00,W11578,,MOVING,WS_01,MOVING,,
2783.5,2025-12-02T22:23:30+00:00,W2980,,MOVING,WS_01,MOVING,,
2788.5,2025-12-02T22:28:30+00:00,W11578,,ON_RETROFITTED_TRACK,retrofitted,WAITING,,
2788.5,2025-12-02T22:28:30+00:00,W2980,,ON_RETROFITTED_TRACK,retrofitted,WAITING,,
2803.5,2025-12-02T22:43:30+00:00,W2406,,MOVING,retrofit,MOVING,,
2803.5,2025-12-02T22:43:30+00:00,W2399,,MOVING,retrofit,MOVING,,
2806.0,2025-12-02T22:46:00+00:00,W9868,,MOVING,retrofit,MOVING,,
2806.0,2025-12-02T22:46:00+00:00,W12060,,MOVING,retrofit,MOVING,,
2808.5,2025-12-02T22:48:30+00:00,W2406,,AT_WORKSHOP,WS_02,ARRIVED,,
2808.5,2025-12-02T22:48:30+00:00,W2399,,AT_WORKSHOP,WS_02,ARRIVED,,
2811.0,2025-12-02T22:51:00+00:00,W9868,,AT_WORKSHOP,WS_01,ARRIVED,,
2811.0,2025-12-02T22:51:00+00:00,W12060,,AT_WORKSHOP,WS_01,ARRIVED,,
2814.5,2025-12-02T22:54:30+00:00,W2406,,RETROFIT_STARTED,WS_02,PROCESSING,,
2814.5,2025-12-02T22:54:30+00:00,W2399,,RETROFIT_STARTED,WS_02,PROCESSING,,
2817.0,2025-12-02T22:57:00+00:00,W9868,,RETROFIT_STARTED,WS_01,PROCESSING,,
2817.0,2025-12-02T22:57:00+00:00,W12060,,RETROFIT_STARTED,WS_01,PROCESSING,,
2844.75,2025-12-02T23:24:45+00:00,W7261,T36,ARRIVED,collection2,ARRIVED,,
2844.75,2025-12-02T23:24:45+00:00,W7263,T36,ARRIVED,collection2,ARRIVED,,
2844.75,2025-12-02T23:24:45+00:00,W6339,T36,ARRIVED,collection2,ARRIVED,,
2844.75,2025-12-02T23:24:45+00:00,W3618,T36,ARRIVED,collection2,ARRIVED,,
2844.75,2025-12-02T23:24:45+00:00,W7252,T36,ARRIVED,collection2,ARRIVED,,
2874.5,2025-12-02T23:54:30+00:00,W2406,,RETROFIT_COMPLETED,WS_02,COMPLETED,,
2874.5,2025-12-02T23:54:30+00:00,W2399,,RETROFIT_COMPLETED,WS_02,COMPLETED,,
2877.0,2025-12-02T23:57:00+00:00,W9868,,RETROFIT_COMPLETED,WS_01,COMPLETED,,
2877.0,2025-12-02T23:57:00+00:00,W12060,,RETROFIT_COMPLETED,WS_01,COMPLETED,,
2880.0,2025-12-03T00:00:00+00:00,W2406,,RAKE_COUPLING_STARTED,WS_02,COUPLING,,
2880.0,2025-12-03T00:00:00+00:00,W2399,,RAKE_COUPLING_STARTED,WS_02,COUPLING,,
2882.0,2025-12-03T00:02:00+00:00,W2406,,RAKE_COUPLING_COMPLETED,WS_02,WAITING,,
2882.0,2025-12-03T00:02:00+00:00,W2399,,RAKE_COUPLING_COMPLETED,WS_02,WAITING,,
2882.0,2025-12-03T00:02:00+00:00,W2406,,MOVING,WS_02,MOVING,,
2882.0,2025-12-03T00:02:00+00:00,W2399,,MOVING,WS_02,MOVING,,
2887.0,2025-12-03T00:07:00+00:00,W2406,,ON_RETROFITTED_TRACK,retrofitted,WAITING,,
2887.0,2025-12-03T00:07:00+00:00,W2399,,ON_RETROFITTED_TRACK,retrofitted,WAITING,,
2894.75,2025-12-03T00:14:45+00:00,W7806,T37,REJECTED,REJECTED,REJECTED,NO_COLLECTION_TRACK,No collection track available
2894.75,2025-12-03T00:14:45+00:00,W6352,T37,ARRIVED,collection2,ARRIVED,,
2894.75,2025-12-03T00:14:45+00:00,W10321,T37,ARRIVED,collection2,ARRIVED,,
2897.0,2025-12-03T00:17:00+00:00,W9868,,RAKE_COUPLING_STARTED,WS_01,COUPLING,,
2897.0,2025-12-03T00:17:00+00:00,W12060,,RAKE_COUPLING_STARTED,WS_01,COUPLING,,
2899.0,2025-12-03T00:19:00+00:00,W9868,,RAKE_COUPLING_COMPLETED,WS_01,WAITING,,
2899.0,2025-12-03T00:19:00+00:00,W12060,,RAKE_COUPLING_COMPLETED,WS_01,WAITING,,
2899.0,2025-12-03T00:19:00+00:00,W9868,,MOVING,WS_01,MOVING,,
2899.0,2025-12-03T00:19:00+00:00,W12060,,MOVING,WS_01,MOVING,,
2904.0,2025-12-03T00:24:00+00:00,W9868,,ON_RETROFITTED_TRACK,retrofitted,WAITING,,
2904.0,2025-12-03T00:24:00+00:00,W12060,,ON_RETROFITTED_TRACK,retrofitted,WAITING,,
2906.0,2025-12-03T00:26:00+00:00,W7997,,PARKED,parking14,PARKED,,
2906.0,2025-12-03T00:26:00+00:00,W8626,,PARKED,parking14,PARKED,,
2906.0,2025-12-03T00:26:00+00:00,W9169,,PARKED,parking14,PARKED,,
2906.0,2025-12-03T00:26:00+00:00,W9173,,PARKED,parking14,PARKED,,
2919.0,2025-12-03T00:39:00+00:00,W12210,,MOVING,retrofit,MOVING,,
2919.0,2025-12-03T00:39:00+00:00,W8636,,MOVING,retrofit,MOVING,,
2924.0,2025-12-03T00:44:00+00:00,W12210,,AT_WORKSHOP,WS_02,ARRIVED,,
2924.0,2025-12-03T00:44:00+00:00,W8636,,AT_WORKSHOP,WS_02,ARRIVED,,
2930.0,2025-12-03T00:50:00+00:00,W12210,,RETROFIT_STARTED,WS_02,PROCESSING,,
2930.0,2025-12-03T00:50:00+00:00,W8636,,RETROFIT_STARTED,WS_02,PROCESSING,,
2945.0,2025-12-03T01:05:00+00:00,W10949,,MOVING,retrofit,MOVING,,
2945.0,2025-12-03T01:05:00+00:00,W0623,,MOVING,retrofit,MOVING,,
2950.0,2025-12-03T01:10:00+00:00,W10949,,AT_WORKSHOP,WS_01,ARRIVED,,
2950.0,2025-12-03T01:10:00+00:00,W0623,,AT_WORKSHOP,WS_01,ARRIVED,,
2950.25,2025-12-03T01:10:15+00:00,W4726,T38,REJECTED,REJECTED,REJECTED,NO_COLLECTION_TRACK,No collection track available
2950.25,2025-12-03T01:10:15+00:00,W4701,T38,REJECTED,REJECTED,REJECTED,NO_COLLECTION_TRACK,No collection track available
2950.25,2025-12-03T01:10:15+00:00,W4754,T38,REJECTED,REJECTED,REJECTED,NO_COLLECTION_TRACK,No collection track available
2954.25,2025-12-03T01:14:15+00:00,W1906,T39,REJECTED,REJECTED,REJECTED_NO_RETROFIT_NEEDED,No Retrofit Needed,Wagon doesn't need retrofit
2954.25,2025-12-03T01:14:15+00:00,W3811,T39,REJECTED,REJECTED,REJECTED_NO_RETROFIT_NEEDED,No Retrofit Needed,Wagon doesn't need retrofit
2954.25,2025-12-03T01:14:15+00:00,W3173,T39,REJECTED,REJECTED,REJECTED_NO_RETROFIT_NEEDED,No Retrofit Needed,Wagon doesn't need retrofit
2954.25,2025-12-03T01:14:15+00:00,W4666,T39,REJECTED,REJECTED,REJECTED_NO_RETROFIT_NEEDED,No Retrofit Needed,Wagon doesn't need retrofit
2956.0,2025-12-03T01:16:00+00:00,W10949,,RETROFIT_STARTED,WS_01,PROCESSING,,
2956.0,2025-12-03T01:16:00+00:00,W0623,,RETROFIT_STARTED,WS_01,PROCESSING,,
2990.0,2025-12-03T01:50:00+00:00,W12210,,RETROFIT_COMPLETED,WS_02,COMPLETED,,
2990.0,2025-12-03T01:50:00+00:00,W8636,,RETROFIT_COMPLETED,WS_02,COMPLETED,,
3016.0,2025-12-03T02:16:00+00:00,W10949,,RETROFIT_COMPLETED,WS_01,COMPLETED,,
3016.0,2025-12-03T02:16:00+00:00,W0623,,RETROFIT_COMPLETED,WS_01,COMPLETED,,
3021.0,2025-12-03T02:21:00+00:00,W8631,,RAKE_COUPLING_STARTED,collection1,COUPLING,,
3021.0,2025-12-03T02:21:00+00:00,W9392,,RAKE_COUPLING_STARTED,collection1,COUPLING,,
3026.0,2025-12-03T02:26:00+00:00,W11261,,RAKE_COUPLING_STARTED,collection2,COUPLING,,
3026.0,2025-12-03T02:26:00+00:00,W11259,,RAKE_COUPLING_STARTED,collection2,COUPLING,,
3026.0,2025-12-03T02:26:00+00:00,W5167,,RAKE_COUPLING_STARTED,collection2,COUPLING,,
3026.0,2025-12-03T02:26:00+00:00,W4666,,RAKE_COUPLING_STARTED,collection2,COUPLING,,
3026.0,2025-12-03T02:26:00+00:00,W11269,,RAKE_COUPLING_STARTED,collection2,COUPLING,,
3026.0,2025-12-03T02:26:00+00:00,W3811,,RAKE_COUPLING_STARTED,collection2,COUPLING,,
3026.0,2025-12-03T02:26:00+00:00,W2926,,RAKE_COUPLING_STARTED,collection2,COUPLING,,
3026.0,2025-12-03T02:26:00+00:00,W8631,,MOVING,collection1,MOVING,,
3026.0,2025-12-03T02:26:00+00:00,W9392,,MOVING,collection1,MOVING,,
3026.75,2025-12-03T02:26:45+00:00,W7258,T40,REJECTED,REJECTED,REJECTED,NO_COLLECTION_TRACK,No collection track available
3026.75,2025-12-03T02:26:45+00:00,W9495,T40,REJECTED,REJECTED,REJECTED,NO_COLLECTION_TRACK,No collection track available
3026.75,2025-12-03T02:26:45+00:00,W7155,T40,ARRIVED,collection2,ARRIVED,,
3041.0,2025-12-03T02:41:00+00:00,W11261,,MOVING,collection2,MOVING,,
3041.0,2025-12-03T02:41:00+00:00,W11259,,MOVING,collection2,MOVING,,
3041.0,2025-12-03T02:41:00+00:00,W5167,,MOVING,collection2,MOVING,,
3041.0,2025-12-03T02:41:00+00:00,W4666,,MOVING,collection2,MOVING,,
3041.0,2025-12-03T02:41:00+00:00,W11269,,MOVING,collection2,MOVING,,
3041.0,2025-12-03T02:41:00+00:00,W3811,,MOVING,collection2,MOVING,,
3041.0,2025-12-03T02:41:00+00:00,W2926,,MOVING,collection2,MOVING,,
3064.0,2025-12-03T03:04:00+00:00,W11014,T41,REJECTED,REJECTED,REJECTED,NO_COLLECTION_TRACK,No collection track available
3064.0,2025-12-03T03:04:00+00:00,W9040,T41,REJECTED,REJECTED,REJECTED,NO_COLLECTION_TRACK,No collection track available
3064.0,2025-12-03T03:04:00+00:00,W9345,T41,REJECTED,REJECTED,REJECTED,NO_COLLECTION_TRACK,No collection track available
3086.0,2025-12-03T03:26:00+00:00,W8631,,ON_RETROFIT_TRACK,retrofit,WAITING,,
3086.0,2025-12-03T03:26:00+00:00,W9392,,ON_RETROFIT_TRACK,retrofit,WAITING,,
3101.0,2025-12-03T03:41:00+00:00,W11261,,ON_RETROFIT_TRACK,retrofit,WAITING,,
3101.0,2025-12-03T03:41:00+00:00,W11259,,ON_RETROFIT_TRACK,retrofit,WAITING,,
3101.0,2025-12-03T03:41:00+00:00,W5167,,ON_RETROFIT_TRACK,retrofit,WAITING,,
3101.0,2025-12-03T03:41:00+00:00,W4666,,ON_RETROFIT_TRACK,retrofit,WAITING,,
3101.0,2025-12-03T03:41:00+00:00,W11269,,ON_RETROFIT_TRACK,retrofit,WAITING,,
3101.0,2025-12-03T03:41:00+00:00,W3811,,ON_RETROFIT_TRACK,retrofit,WAITING,,
3101.0,2025-12-03T03:41:00+00:00,W2926,,ON_RETROFIT_TRACK,retrofit,WAITING,,
3105.0,2025-12-03T03:45:00+00:00,W12210,,RAKE_COUPLING_STARTED,WS_02,COUPLING,,
3105.0,2025-12-03T03:45:00+00:00,W8636,,RAKE_COUPLING_STARTED,WS_02,COUPLING,,
3107.0,2025-12-03T03:47:00+00:00,W12210,,RAKE_COUPLING_COMPLETED,WS_02,WAITING,,
3107.0,2025-12-03T03:47:00+00:00,W8636,,RAKE_COUPLING_COMPLETED,WS_02,WAITING,,
3107.0,2025-12-03T03:47:00+00:00,W12210,,MOVING,WS_02,MOVING,,
3107.0,2025-12-03T03:47:00+00:00,W8636,,MOVING,WS_02,MOVING,,
3112.0,2025-12-03T03:52:00+00:00,W12210,,ON_RETROFITTED_TRACK,retrofitted,WAITING,,
3112.0,2025-12-03T03:52:00+00:00,W8636,,ON_RETROFITTED_TRACK,retrofitted,WAITING,,
3122.0,2025-12-03T04:02:00+00:00,W10949,,RAKE_COUPLING_STARTED,WS_01,COUPLING,,
3122.0,2025-12-03T04:02:00+00:00,W0623,,RAKE_COUPLING_STARTED,WS_01,COUPLING,,
3124.0,2025-12-03T04:04:00+00:00,W10949,,RAKE_COUPLING_COMPLETED,WS_01,WAITING,,
3124.0,2025-12-03T04:04:00+00:00,W0623,,RAKE_COUPLING_COMPLETED,WS_01,WAITING,,
3124.0,2025-12-03T04:04:00+00:00,W10949,,MOVING,WS_01,MOVING,,
3124.0,2025-12-03T04:04:00+00:00,W0623,,MOVING,WS_01,MOVING,,
3129.0,2025-12-03T04:09:00+00:00,W10949,,ON_RETROFITTED_TRACK,retrofitted,WAITING,,
3129.0,2025-12-03T04:09:00+00:00,W0623,,ON_RETROFITTED_TRACK,retrofitted,WAITING,,
3155.0,2025-12-03T04:35:00+00:00,W11970,,MOVING,retrofit,MOVING,,
3155.0,2025-12-03T04:35:00+00:00,W3173,,MOVING,retrofit,MOVING,,
3160.0,2025-12-03T04:40:00+00:00,W11970,,AT_WORKSHOP,WS_02,ARRIVED,,
3160.0,2025-12-03T04:40:00+00:00,W3173,,AT_WORKSHOP,WS_02,ARRIVED,,
3166.0,2025-12-03T04:46:00+00:00,W11970,,RETROFIT_STARTED,WS_02,PROCESSING,,
3166.0,2025-12-03T04:46:00+00:00,W3173,,RETROFIT_STARTED,WS_02,PROCESSING,,
3181.0,2025-12-03T05:01:00+00:00,W5038,,MOVING,retrofit,MOVING,,
3181.0,2025-12-03T05:01:00+00:00,W8631,,MOVING,retrofit,MOVING,,
3186.0,2025-12-03T05:06:00+00:00,W5038,,AT_WORKSHOP,WS_01,ARRIVED,,
3186.0,2025-12-03T05:06:00+00:00,W8631,,AT_WORKSHOP,WS_01,ARRIVED,,
3190.75,2025-12-03T05:10:45+00:00,W7115,T42,ARRIVED,collection1,ARRIVED,,
3190.75,2025-12-03T05:10:45+00:00,W11723,T42,ARRIVED,collection1,ARRIVED,,
3190.75,2025-12-03T05:10:45+00:00,W8675,T42,ARRIVED,collection1,ARRIVED,,
3190.75,2025-12-03T05:10:45+00:00,W10706,T42,ARRIVED,collection1,ARRIVED,,
3190.75,2025-12-03T05:10:45+00:00,W9959,T42,ARRIVED,collection2,ARRIVED,,
3192.0,2025-12-03T05:12:00+00:00,W5038,,RETROFIT_STARTED,WS_01,PROCESSING,,
3192.0,2025-12-03T05:12:00+00:00,W8631,,RETROFIT_STARTED,WS_01,PROCESSING,,
3226.0,2025-12-03T05:46:00+00:00,W11970,,RETROFIT_COMPLETED,WS_02,COMPLETED,,
3226.0,2025-12-03T05:46:00+00:00,W3173,,RETROFIT_COMPLETED,WS_02,COMPLETED,,
3226.5,2025-12-03T05:46:30+00:00,W9270,,PARKED,parking15,PARKED,,
3226.5,2025-12-03T05:46:30+00:00,W9276,,PARKED,parking15,PARKED,,
3226.5,2025-12-03T05:46:30+00:00,W11578,,PARKED,parking15,PARKED,,
3226.5,2025-12-03T05:46:30+00:00,W2980,,PARKED,parking15,PARKED,,
3226.5,2025-12-03T05:46:30+00:00,W2406,,PARKED,parking15,PARKED,,
3226.5,2025-12-03T05:46:30+00:00,W2399,,PARKED,parking15,PARKED,,
3226.5,2025-12-03T05:46:30+00:00,W9868,,PARKED,parking15,PARKED,,
3226.5,2025-12-03T05:46:30+00:00,W12060,,PARKED,parking15,PARKED,,
3237.25,2025-12-03T05:57:15+00:00,W4849,T43,REJECTED,REJECTED,REJECTED_NO_RETROFIT_NEEDED,No Retrofit Needed,Wagon doesn't need retrofit
3239.25,2025-12-03T05:59:15+00:00,W8705,T44,ARRIVED,collection2,ARRIVED,,
3239.25,2025-12-03T05:59:15+00:00,W5127,T44,ARRIVED,collection2,ARRIVED,,
3252.0,2025-12-03T06:12:00+00:00,W5038,,RETROFIT_COMPLETED,WS_01,COMPLETED,,
3252.0,2025-12-03T06:12:00+00:00,W8631,,RETROFIT_COMPLETED,WS_01,COMPLETED,,
3257.0,2025-12-03T06:17:00+00:00,W9274,,RAKE_COUPLING_STARTED,collection1,COUPLING,,
3257.0,2025-12-03T06:17:00+00:00,W8613,,RAKE_COUPLING_STARTED,collection1,COUPLING,,
3257.0,2025-12-03T06:17:00+00:00,W10130,,RAKE_COUPLING_STARTED,collection1,COUPLING,,
3257.0,2025-12-03T06:17:00+00:00,W9721,,RAKE_COUPLING_STARTED,collection1,COUPLING,,
3266.0,2025-12-03T06:26:00+00:00,W9274,,MOVING,collection1,MOVING,,
3266.0,2025-12-03T06:26:00+00:00,W8613,,MOVING,collection1,MOVING,,
3266.0,2025-12-03T06:26:00+00:00,W10130,,MOVING,collection1,MOVING,,
3266.0,2025-12-03T06:26:00+00:00,W9721,,MOVING,collection1,MOVING,,
3287.25,2025-12-03T06:47:15+00:00,W6213,T45,REJECTED,REJECTED,REJECTED,NO_COLLECTION_TRACK,No collection track available
3287.25,2025-12-03T06:47:15+00:00,W1578,T45,REJECTED,REJECTED,REJECTED,NO_COLLECTION_TRACK,No collection track available
3291.5,2025-12-03T06:51:30+00:00,W11970,,RAKE_COUPLING_STARTED,WS_02,COUPLING,,
3291.5,2025-12-03T06:51:30+00:00,W3173,,RAKE_COUPLING_STARTED,WS_02,COUPLING,,
3293.5,2025-12-03T06:53:30+00:00,W11970,,RAKE_COUPLING_COMPLETED,WS_02,WAITING,,
3293.5,2025-12-03T06:53:30+00:00,W3173,,RAKE_COUPLING_COMPLETED,WS_02,WAITING,,
3293.5,2025-12-03T06:53:30+00:00,W11970,,MOVING,WS_02,MOVING,,
3293.5,2025-12-03T06:53:30+00:00,W3173,,MOVING,WS_02,MOVING,,
3298.5,2025-12-03T06:58:30+00:00,W11970,,ON_RETROFITTED_TRACK,retrofitted,WAITING,,
3298.5,2025-12-03T06:58:30+00:00,W3173,,ON_RETROFITTED_TRACK,retrofitted,WAITING,,
3299.0,2025-12-03T06:59:00+00:00,W9274,T46,REJECTED,REJECTED,REJECTED_NO_RETROFIT_NEEDED,No Retrofit Needed,Wagon doesn't need retrofit
3299.0,2025-12-03T06:59:00+00:00,W9352,T46,REJECTED,REJECTED,REJECTED_NO_RETROFIT_NEEDED,No Retrofit Needed,Wagon doesn't need retrofit
3299.0,2025-12-03T06:59:00+00:00,W5403,T46,REJECTED,REJECTED,REJECTED_NO_RETROFIT_NEEDED,No Retrofit Needed,Wagon doesn't need retrofit
3299.0,2025-12-03T06:59:00+00:00,W10886,T46,REJECTED,REJECTED,REJECTED,NO_COLLECTION_TRACK,No collection track available
3308.5,2025-12-03T07:08:30+00:00,W5038,,RAKE_COUPLING_STARTED,WS_01,COUPLING,,
3308.5,2025-12-03T07:08:30+00:00,W8631,,RAKE_COUPLING_STARTED,WS_01,COUPLING,,
3310.5,2025-12-03T07:10:30+00:00,W5038,,RAKE_COUPLING_COMPLETED,WS_01,WAITING,,
3310.5,2025-12-03T07:10:30+00:00,W8631,,RAKE_COUPLING_COMPLETED,WS_01,WAITING,,
3310.5,2025-12-03T07:10:30+00:00,W5038,,MOVING,WS_01,MOVING,,
3310.5,2025-12-03T07:10:30+00:00,W8631,,MOVING,WS_01,MOVING,,
3315.5,2025-12-03T07:15:30+00:00,W5038,,ON_RETROFITTED_TRACK,retrofitted,WAITING,,
3315.5,2025-12-03T07:15:30+00:00,W8631,,ON_RETROFITTED_TRACK,retrofitted,WAITING,,
3326.0,2025-12-03T07:26:00+00:00,W9274,,ON_RETROFIT_TRACK,retrofit,WAITING,,
3326.0,2025-12-03T07:26:00+00:00,W8613,,ON_RETROFIT_TRACK,retrofit,WAITING,,
3326.0,2025-12-03T07:26:00+00:00,W10130,,ON_RETROFIT_TRACK,retrofit,WAITING,,
3326.0,2025-12-03T07:26:00+00:00,W9721,,ON_RETROFIT_TRACK,retrofit,WAITING,,
3330.5,2025-12-03T07:30:30+00:00,W9392,,MOVING,retrofit,MOVING,,
3330.5,2025-12-03T07:30:30+00:00,W11261,,MOVING,retrofit,MOVING,,
3335.5,2025-12-03T07:35:30+00:00,W9392,,AT_WORKSHOP,WS_02,ARRIVED,,
3335.5,2025-12-03T07:35:30+00:00,W11261,,AT_WORKSHOP,WS_02,ARRIVED,,
3341.5,2025-12-03T07:41:30+00:00,W9392,,RETROFIT_STARTED,WS_02,PROCESSING,,
3341.5,2025-12-03T07:41:30+00:00,W11261,,RETROFIT_STARTED,WS_02,PROCESSING,,
3356.5,2025-12-03T07:56:30+00:00,W11259,,MOVING,retrofit,MOVING,,
3356.5,2025-12-03T07:56:30+00:00,W5167,,MOVING,retrofit,MOVING,,
3361.5,2025-12-03T08:01:30+00:00,W11259,,AT_WORKSHOP,WS_01,ARRIVED,,
3361.5,2025-12-03T08:01:30+00:00,W5167,,AT_WORKSHOP,WS_01,ARRIVED,,
3367.5,2025-12-03T08:07:30+00:00,W11259,,RETROFIT_STARTED,WS_01,PROCESSING,,
3367.5,2025-12-03T08:07:30+00:00,W5167,,RETROFIT_STARTED,WS_01,PROCESSING,,
3383.0,2025-12-03T08:23:00+00:00,W5705,T47,REJECTED,REJECTED,REJECTED,NO_COLLECTION_TRACK,No collection track available
3383.0,2025-12-03T08:23:00+00:00,W5446,T47,ARRIVED,collection1,ARRIVED,,
3383.0,2025-12-03T08:23:00+00:00,W10881,T47,ARRIVED,collection1,ARRIVED,,
3383.0,2025-12-03T08:23:00+00:00,W10924,T47,ARRIVED,collection1,ARRIVED,,
3383.0,2025-12-03T08:23:00+00:00,W0678,T47,ARRIVED,collection1,ARRIVED,,
3383.0,2025-12-03T08:23:00+00:00,W4655,T47,ARRIVED,collection1,ARRIVED,,
3401.5,2025-12-03T08:41:30+00:00,W9392,,RETROFIT_COMPLETED,WS_02,COMPLETED,,
3401.5,2025-12-03T08:41:30+00:00,W11261,,RETROFIT_COMPLETED,WS_02,COMPLETED,,
3412.0,2025-12-03T08:52:00+00:00,W5391,,RAKE_COUPLING_STARTED,collection2,COUPLING,,
3412.0,2025-12-03T08:52:00+00:00,W6682,,RAKE_COUPLING_STARTED,collection2,COUPLING,,
3412.0,2025-12-03T08:52:00+00:00,W11256,,RAKE_COUPLING_STARTED,collection2,COUPLING,,
3412.0,2025-12-03T08:52:00+00:00,W10892,,RAKE_COUPLING_STARTED,collection2,COUPLING,,
3421.0,2025-12-03T09:01:00+00:00,W5391,,MOVING,collection2,MOVING,,
3421.0,2025-12-03T09:01:00+00:00,W6682,,MOVING,collection2,MOVING,,
3421.0,2025-12-03T09:01:00+00:00,W11256,,MOVING,collection2,MOVING,,
3421.0,2025-12-03T09:01:00+00:00,W10892,,MOVING,collection2,MOVING,,
3427.5,2025-12-03T09:07:30+00:00,W11259,,RETROFIT_COMPLETED,WS_01,COMPLETED,,
3427.5,2025-12-03T09:07:30+00:00,W5167,,RETROFIT_COMPLETED,WS_01,COMPLETED,,
3459.0,2025-12-03T09:39:00+00:00,W12210,,PARKED,parking13,PARKED,,
3459.0,2025-12-03T09:39:00+00:00,W8636,,PARKED,parking13,PARKED,,
3459.0,2025-12-03T09:39:00+00:00,W10949,,PARKED,parking13,PARKED,,
3459.0,2025-12-03T09:39:00+00:00,W0623,,PARKED,parking13,PARKED,,
3481.0,2025-12-03T10:01:00+00:00,W5391,,ON_RETROFIT_TRACK,retrofit,WAITING,,
3481.0,2025-12-03T10:01:00+00:00,W6682,,ON_RETROFIT_TRACK,retrofit,WAITING,,
3481.0,2025-12-03T10:01:00+00:00,W11256,,ON_RETROFIT_TRACK,retrofit,WAITING,,
3481.0,2025-12-03T10:01:00+00:00,W10892,,ON_RETROFIT_TRACK,retrofit,WAITING,,
3512.0,2025-12-03T10:32:00+00:00,W9392,,RAKE_COUPLING_STARTED,WS_02,COUPLING,,
3512.0,2025-12-03T10:32:00+00:00,W11261,,RAKE_COUPLING_STARTED,WS_02,COUPLING,,
3514.0,2025-12-03T10:34:00+00:00,W9392,,RAKE_COUPLING_COMPLETED,WS_02,WAITING,,
3514.0,2025-12-03T10:34:00+00:00,W11261,,RAKE_COUPLING_COMPLETED,WS_02,WAITING,,
3514.0,2025-12-03T10:34:00+00:00,W9392,,MOVING,WS_02,MOVING,,
3514.0,2025-12-03T10:34:00+00:00,W11261,,MOVING,WS_02,MOVING,,
3519.0,2025-12-03T10:39:00+00:00,W9392,,ON_RETROFITTED_TRACK,retrofitted,WAITING,,
3519.0,2025-12-03T10:39:00+00:00,W11261,,ON_RETROFITTED_TRACK,retrofitted,WAITING,,
3524.0,2025-12-03T10:44:00+00:00,W11259,,RAKE_COUPLING_STARTED,WS_01,COUPLING,,
3524.0,2025-12-03T10:44:00+00:00,W5167,,RAKE_COUPLING_STARTED,WS_01,COUPLING,,
3526.0,2025-12-03T10:46:00+00:00,W11259,,RAKE_COUPLING_COMPLETED,WS_01,WAITING,,
3526.0,2025-12-03T10:46:00+00:00,W5167,,RAKE_COUPLING_COMPLETED,WS_01,WAITING,,
3526.0,2025-12-03T10:46:00+00:00,W11259,,MOVING,WS_01,MOVING,,
3526.0,2025-12-03T10:46:00+00:00,W5167,,MOVING,WS_01,MOVING,,
3531.0,2025-12-03T10:51:00+00:00,W11259,,ON_RETROFITTED_TRACK,retrofitted,WAITING,,
3531.0,2025-12-03T10:51:00+00:00,W5167,,ON_RETROFITTED_TRACK,retrofitted,WAITING,,
3546.0,2025-12-03T11:06:00+00:00,W4666,,MOVING,retrofit,MOVING,,
3546.0,2025-12-03T11:06:00+00:00,W11269,,MOVING,retrofit,MOVING,,
3551.0,2025-12-03T11:11:00+00:00,W4666,,AT_WORKSHOP,WS_02,ARRIVED,,
3551.0,2025-12-03T11:11:00+00:00,W11269,,AT_WORKSHOP,WS_02,ARRIVED,,
3557.0,2025-12-03T11:17:00+00:00,W4666,,RETROFIT_STARTED,WS_02,PROCESSING,,
3557.0,2025-12-03T11:17:00+00:00,W11269,,RETROFIT_STARTED,WS_02,PROCESSING,,
3557.75,2025-12-03T11:17:45+00:00,W4522,T48,REJECTED,REJECTED,REJECTED,NO_COLLECTION_TRACK,No collection track available
3557.75,2025-12-03T11:17:45+00:00,W4479,T48,REJECTED,REJECTED,REJECTED,NO_COLLECTION_TRACK,No collection track available
3557.75,2025-12-03T11:17:45+00:00,W5057,T48,ARRIVED,collection2,ARRIVED,,
3572.0,2025-12-03T11:32:00+00:00,W3811,,MOVING,retrofit,MOVING,,
3572.0,2025-12-03T11:32:00+00:00,W2926,,MOVING,retrofit,MOVING,,
3577.0,2025-12-03T11:37:00+00:00,W3811,,AT_WORKSHOP,WS_01,ARRIVED,,
3577.0,2025-12-03T11:37:00+00:00,W2926,,AT_WORKSHOP,WS_01,ARRIVED,,
3583.0,2025-12-03T11:43:00+00:00,W3811,,RETROFIT_STARTED,WS_01,PROCESSING,,
3583.0,2025-12-03T11:43:00+00:00,W2926,,RETROFIT_STARTED,WS_01,PROCESSING,,
3613.5,2025-12-03T12:13:30+00:00,W11970,,PARKED,parking14,PARKED,,
3613.5,2025-12-03T12:13:30+00:00,W3173,,PARKED,parking14,PARKED,,
3613.5,2025-12-03T12:13:30+00:00,W5038,,PARKED,parking14,PARKED,,
3613.5,2025-12-03T12:13:30+00:00,W8631,,PARKED,parking14,PARKED,,
3613.5,2025-12-03T12:13:30+00:00,W9392,,PARKED,parking14,PARKED,,
3613.5,2025-12-03T12:13:30+00:00,W11261,,PARKED,parking14,PARKED,,
3617.0,2025-12-03T12:17:00+00:00,W4666,,RETROFIT_COMPLETED,WS_02,COMPLETED,,
3617.0,2025-12-03T12:17:00+00:00,W11269,,RETROFIT_COMPLETED,WS_02,COMPLETED,,
3643.0,2025-12-03T12:43:00+00:00,W3811,,RETROFIT_COMPLETED,WS_01,COMPLETED,,
3643.0,2025-12-03T12:43:00+00:00,W2926,,RETROFIT_COMPLETED,WS_01,COMPLETED,,
3648.0,2025-12-03T12:48:00+00:00,W9756,,RAKE_COUPLING_STARTED,collection1,COUPLING,,
3648.0,2025-12-03T12:48:00+00:00,W9174,,RAKE_COUPLING_STARTED,collection1,COUPLING,,
3648.0,2025-12-03T12:48:00+00:00,W6140,,RAKE_COUPLING_STARTED,collection1,COUPLING,,
3648.0,2025-12-03T12:48:00+00:00,W10364,,RAKE_COUPLING_STARTED,collection1,COUPLING,,
3648.0,2025-12-03T12:48:00+00:00,W6077,,RAKE_COUPLING_STARTED,collection1,COUPLING,,
3648.0,2025-12-03T12:48:00+00:00,W11254,,RAKE_COUPLING_STARTED,collection1,COUPLING,,
3661.0,2025-12-03T13:01:00+00:00,W9756,,MOVING,collection1,MOVING,,
3661.0,2025-12-03T13:01:00+00:00,W9174,,MOVING,collection1,MOVING,,
3661.0,2025-12-03T13:01:00+00:00,W6140,,MOVING,collection1,MOVING,,
3661.0,2025-12-03T13:01:00+00:00,W10364,,MOVING,collection1,MOVING,,
3661.0,2025-12-03T13:01:00+00:00,W6077,,MOVING,collection1,MOVING,,
3661.0,2025-12-03T13:01:00+00:00,W11254,,MOVING,collection1,MOVING,,
3678.5,2025-12-03T13:18:30+00:00,W4666,,RAKE_COUPLING_STARTED,WS_02,COUPLING,,
3678.5,2025-12-03T13:18:30+00:00,W11269,,RAKE_COUPLING_STARTED,WS_02,COUPLING,,
3680.5,2025-12-03T13:20:30+00:00,W4666,,RAKE_COUPLING_COMPLETED,WS_02,WAITING,,
3680.5,2025-12-03T13:20:30+00:00,W11269,,RAKE_COUPLING_COMPLETED,WS_02,WAITING,,
3680.5,2025-12-03T13:20:30+00:00,W4666,,MOVING,WS_02,MOVING,,
3680.5,2025-12-03T13:20:30+00:00,W11269,,MOVING,WS_02,MOVING,,
3685.5,2025-12-03T13:25:30+00:00,W4666,,ON_RETROFITTED_TRACK,retrofitted,WAITING,,
3685.5,2025-12-03T13:25:30+00:00,W11269,,ON_RETROFITTED_TRACK,retrofitted,WAITING,,
3695.5,2025-12-03T13:35:30+00:00,W3811,,RAKE_COUPLING_STARTED,WS_01,COUPLING,,
3695.5,2025-12-03T13:35:30+00:00,W2926,,RAKE_COUPLING_STARTED,WS_01,COUPLING,,
3697.5,2025-12-03T13:37:30+00:00,W3811,,RAKE_COUPLING_COMPLETED,WS_01,WAITING,,
3697.5,2025-12-03T13:37:30+00:00,W2926,,RAKE_COUPLING_COMPLETED,WS_01,WAITING,,
3697.5,2025-12-03T13:37:30+00:00,W3811,,MOVING,WS_01,MOVING,,
3697.5,2025-12-03T13:37:30+00:00,W2926,,MOVING,WS_01,MOVING,,
3702.5,2025-12-03T13:42:30+00:00,W3811,,ON_RETROFITTED_TRACK,retrofitted,WAITING,,
3702.5,2025-12-03T13:42:30+00:00,W2926,,ON_RETROFITTED_TRACK,retrofitted,WAITING,,
3717.5,2025-12-03T13:57:30+00:00,W9274,,MOVING,retrofit,MOVING,,
3717.5,2025-12-03T13:57:30+00:00,W8613,,MOVING,retrofit,MOVING,,
3721.0,2025-12-03T14:01:00+00:00,W9756,,ON_RETROFIT_TRACK,retrofit,WAITING,,
3721.0,2025-12-03T14:01:00+00:00,W9174,,ON_RETROFIT_TRACK,retrofit,WAITING,,
3721.0,2025-12-03T14:01:00+00:00,W6140,,ON_RETROFIT_TRACK,retrofit,WAITING,,
3721.0,2025-12-03T14:01:00+00:00,W10364,,ON_RETROFIT_TRACK,retrofit,WAITING,,
3721.0,2025-12-03T14:01:00+00:00,W6077,,ON_RETROFIT_TRACK,retrofit,WAITING,,
3721.0,2025-12-03T14:01:00+00:00,W11254,,ON_RETROFIT_TRACK,retrofit,WAITING,,
3722.5,2025-12-03T14:02:30+00:00,W9274,,AT_WORKSHOP,WS_02,ARRIVED,,
3722.5,2025-12-03T14:02:30+00:00,W8613,,AT_WORKSHOP,WS_02,ARRIVED,,
3728.5,2025-12-03T14:08:30+00:00,W9274,,RETROFIT_STARTED,WS_02,PROCESSING,,
3728.5,2025-12-03T14:08:30+00:00,W8613,,RETROFIT_STARTED,WS_02,PROCESSING,,
3743.5,2025-12-03T14:23:30+00:00,W10130,,MOVING,retrofit,MOVING,,
3743.5,2025-12-03T14:23:30+00:00,W9721,,MOVING,retrofit,MOVING,,
3748.5,2025-12-03T14:28:30+00:00,W10130,,AT_WORKSHOP,WS_01,ARRIVED,,
3748.5,2025-12-03T14:28:30+00:00,W9721,,AT_WORKSHOP,WS_01,ARRIVED,,
3754.5,2025-12-03T14:34:30+00:00,W10130,,RETROFIT_STARTED,WS_01,PROCESSING,,
3754.5,2025-12-03T14:34:30+00:00,W9721,,RETROFIT_STARTED,WS_01,PROCESSING,,
3788.5,2025-12-03T15:08:30+00:00,W9274,,RETROFIT_COMPLETED,WS_02,COMPLETED,,
3788.5,2025-12-03T15:08:30+00:00,W8613,,RETROFIT_COMPLETED,WS_02,COMPLETED,,
3814.5,2025-12-03T15:34:30+00:00,W10130,,RETROFIT_COMPLETED,WS_01,COMPLETED,,
3814.5,2025-12-03T15:34:30+00:00,W9721,,RETROFIT_COMPLETED,WS_01,COMPLETED,,
3822.0,2025-12-03T15:42:00+00:00,W1906,,MOVING,collection2,MOVING,,
3828.0,2025-12-03T15:48:00+00:00,W11259,,PARKED,parking10,PARKED,,
3828.0,2025-12-03T15:48:00+00:00,W5167,,PARKED,parking10,PARKED,,
3882.0,2025-12-03T16:42:00+00:00,W1906,,ON_RETROFIT_TRACK,retrofit,WAITING,,
3893.0,2025-12-03T16:53:00+00:00,W9274,,RAKE_COUPLING_STARTED,WS_02,COUPLING,,
3893.0,2025-12-03T16:53:00+00:00,W8613,,RAKE_COUPLING_STARTED,WS_02,COUPLING,,
3895.0,2025-12-03T16:55:00+00:00,W10130,,RAKE_COUPLING_STARTED,WS_01,COUPLING,,
3895.0,2025-12-03T16:55:00+00:00,W9721,,RAKE_COUPLING_STARTED,WS_01,COUPLING,,
3895.0,2025-12-03T16:55:00+00:00,W9274,,RAKE_COUPLING_COMPLETED,WS_02,WAITING,,
3895.0,2025-12-03T16:55:00+00:00,W8613,,RAKE_COUPLING_COMPLETED,WS_02,WAITING,,
3895.0,2025-12-03T16:55:00+00:00,W9274,,MOVING,WS_02,MOVING,,
3895.0,2025-12-03T16:55:00+00:00,W8613,,MOVING,WS_02,MOVING,,
3897.0,2025-12-03T16:57:00+00:00,W10130,,RAKE_COUPLING_COMPLETED,WS_01,WAITING,,
3897.0,2025-12-03T16:57:00+00:00,W9721,,RAKE_COUPLING_COMPLETED,WS_01,WAITING,,
3897.0,2025-12-03T16:57:00+00:00,W10130,,MOVING,WS_01,MOVING,,
3897.0,2025-12-03T16:57:00+00:00,W9721,,MOVING,WS_01,MOVING,,
3900.0,2025-12-03T17:00:00+00:00,W9274,,ON_RETROFITTED_TRACK,retrofitted,WAITING,,
3900.0,2025-12-03T17:00:00+00:00,W8613,,ON_RETROFITTED_TRACK,retrofitted,WAITING,,
3902.0,2025-12-03T17:02:00+00:00,W10130,,ON_RETROFITTED_TRACK,retrofitted,WAITING,,
3902.0,2025-12-03T17:02:00+00:00,W9721,,ON_RETROFITTED_TRACK,retrofitted,WAITING,,
3917.0,2025-12-03T17:17:00+00:00,W5391,,MOVING,retrofit,MOVING,,
3917.0,2025-12-03T17:17:00+00:00,W6682,,MOVING,retrofit,MOVING,,
3922.0,2025-12-03T17:22:00+00:00,W5391,,AT_WORKSHOP,WS_02,ARRIVED,,
3922.0,2025-12-03T17:22:00+00:00,W6682,,AT_WORKSHOP,WS_02,ARRIVED,,
3928.0,2025-12-03T17:28:00+00:00,W5391,,RETROFIT_STARTED,WS_02,PROCESSING,,
3928.0,2025-12-03T17:28:00+00:00,W6682,,RETROFIT_STARTED,WS_02,PROCESSING,,
3940.75,2025-12-03T17:40:45+00:00,W2737,T49,ARRIVED,collection1,ARRIVED,,
3940.75,2025-12-03T17:40:45+00:00,W10081,T49,ARRIVED,collection1,ARRIVED,,
3940.75,2025-12-03T17:40:45+00:00,W7253,T49,ARRIVED,collection1,ARRIVED,,
3943.0,2025-12-03T17:43:00+00:00,W11256,,MOVING,retrofit,MOVING,,
3943.0,2025-12-03T17:43:00+00:00,W10892,,MOVING,retrofit,MOVING,,
3948.0,2025-12-03T17:48:00+00:00,W11256,,AT_WORKSHOP,WS_01,ARRIVED,,
3948.0,2025-12-03T17:48:00+00:00,W10892,,AT_WORKSHOP,WS_01,ARRIVED,,
3954.0,2025-12-03T17:54:00+00:00,W11256,,RETROFIT_STARTED,WS_01,PROCESSING,,
3954.0,2025-12-03T17:54:00+00:00,W10892,,RETROFIT_STARTED,WS_01,PROCESSING,,
3955.25,2025-12-03T17:55:15+00:00,W2971,T50,ARRIVED,collection1,ARRIVED,,
3955.25,2025-12-03T17:55:15+00:00,W0607,T50,ARRIVED,collection1,ARRIVED,,
3988.0,2025-12-03T18:28:00+00:00,W5391,,RETROFIT_COMPLETED,WS_02,COMPLETED,,
3988.0,2025-12-03T18:28:00+00:00,W6682,,RETROFIT_COMPLETED,WS_02,COMPLETED,,
3997.75,2025-12-03T18:37:45+00:00,W2786,T51,REJECTED,REJECTED,REJECTED,NO_COLLECTION_TRACK,No collection track available
3997.75,2025-12-03T18:37:45+00:00,W2877,T51,REJECTED,REJECTED,REJECTED,NO_COLLECTION_TRACK,No collection track available
3997.75,2025-12-03T18:37:45+00:00,W318166502860,T51,REJECTED,REJECTED,REJECTED,NO_COLLECTION_TRACK,No collection track available
3997.75,2025-12-03T18:37:45+00:00,W8717,T51,REJECTED,REJECTED,REJECTED,NO_COLLECTION_TRACK,No collection track available
3997.75,2025-12-03T18:37:45+00:00,W2771,T51,REJECTED,REJECTED,REJECTED,NO_COLLECTION_TRACK,No collection track available
3997.75,2025-12-03T18:37:45+00:00,W12036,T51,ARRIVED,collection1,ARRIVED,,
3997.75,2025-12-03T18:37:45+00:00,W9981,T51,ARRIVED,collection1,ARRIVED,,
3997.75,2025-12-03T18:37:45+00:00,W5694,T51,ARRIVED,collection2,ARRIVED,,
4014.0,2025-12-03T18:54:00+00:00,W11256,,RETROFIT_COMPLETED,WS_01,COMPLETED,,
4014.0,2025-12-03T18:54:00+00:00,W10892,,RETROFIT_COMPLETED,WS_01,COMPLETED,,
4019.0,2025-12-03T18:59:00+00:00,W10878,,RAKE_COUPLING_STARTED,collection1,COUPLING,,
4019.0,2025-12-03T18:59:00+00:00,W10889,,RAKE_COUPLING_STARTED,collection1,COUPLING,,
4019.0,2025-12-03T18:59:00+00:00,W11320,,RAKE_COUPLING_STARTED,collection1,COUPLING,,
4019.0,2025-12-03T18:59:00+00:00,W5833,,RAKE_COUPLING_STARTED,collection1,COUPLING,,
4019.0,2025-12-03T18:59:00+00:00,W6096,,RAKE_COUPLING_STARTED,collection1,COUPLING,,
4019.0,2025-12-03T18:59:00+00:00,W0874,,RAKE_COUPLING_STARTED,collection1,COUPLING,,
4019.0,2025-12-03T18:59:00+00:00,W10689,,RAKE_COUPLING_STARTED,collection1,COUPLING,,
4019.0,2025-12-03T18:59:00+00:00,W5838,,RAKE_COUPLING_STARTED,collection1,COUPLING,,
4019.0,2025-12-03T18:59:00+00:00,W11241,,RAKE_COUPLING_STARTED,collection1,COUPLING,,
4019.0,2025-12-03T18:59:00+00:00,W2444,,RAKE_COUPLING_STARTED,collection1,COUPLING,,
4036.5,2025-12-03T19:16:30+00:00,W4666,,PARKED,parking16,PARKED,,
4036.5,2025-12-03T19:16:30+00:00,W11269,,PARKED,parking16,PARKED,,
4036.5,2025-12-03T19:16:30+00:00,W3811,,PARKED,parking16,PARKED,,
4036.5,2025-12-03T19:16:30+00:00,W2926,,PARKED,parking16,PARKED,,
4040.0,2025-12-03T19:20:00+00:00,W10878,,MOVING,collection1,MOVING,,
4040.0,2025-12-03T19:20:00+00:00,W10889,,MOVING,collection1,MOVING,,
4040.0,2025-12-03T19:20:00+00:00,W11320,,MOVING,collection1,MOVING,,
4040.0,2025-12-03T19:20:00+00:00,W5833,,MOVING,collection1,MOVING,,
4040.0,2025-12-03T19:20:00+00:00,W6096,,MOVING,collection1,MOVING,,
4040.0,2025-12-03T19:20:00+00:00,W0874,,MOVING,collection1,MOVING,,
4040.0,2025-12-03T19:20:00+00:00,W10689,,MOVING,collection1,MOVING,,
4040.0,2025-12-03T19:20:00+00:00,W5838,,MOVING,collection1,MOVING,,
4040.0,2025-12-03T19:20:00+00:00,W11241,,MOVING,collection1,MOVING,,
4040.0,2025-12-03T19:20:00+00:00,W2444,,MOVING,collection1,MOVING,,
4093.25,2025-12-03T20:13:15+00:00,W0032,T52,REJECTED,REJECTED,REJECTED,NO_COLLECTION_TRACK,No collection track available
4093.25,2025-12-03T20:13:15+00:00,W6592,T52,REJECTED,REJECTED,REJECTED,NO_COLLECTION_TRACK,No collection track available
4093.25,2025-12-03T20:13:15+00:00,W10601,T52,REJECTED,REJECTED,REJECTED,NO_COLLECTION_TRACK,No collection track available
4093.25,2025-12-03T20:13:15+00:00,W6942,T52,REJECTED,REJECTED,REJECTED,NO_COLLECTION_TRACK,No collection track available
4093.25,2025-12-03T20:13:15+00:00,W2744,T52,REJECTED,REJECTED,REJECTED,NO_COLLECTION_TRACK,No collection track available
4093.25,2025-12-03T20:13:15+00:00,W2686,T52,REJECTED,REJECTED,REJECTED,NO_COLLECTION_TRACK,No collection track available
4093.25,2025-12-03T20:13:15+00:00,W8473,T52,REJECTED,REJECTED,REJECTED,NO_COLLECTION_TRACK,No collection track available
4100.0,2025-12-03T20:20:00+00:00,W10878,,ON_RETROFIT_TRACK,retrofit,WAITING,,
4100.0,2025-12-03T20:20:00+00:00,W10889,,ON_RETROFIT_TRACK,retrofit,WAITING,,
4100.0,2025-12-03T20:20:00+00:00,W11320,,ON_RETROFIT_TRACK,retrofit,WAITING,,
4100.0,2025-12-03T20:20:00+00:00,W5833,,ON_RETROFIT_TRACK,retrofit,WAITING,,
4100.0,2025-12-03T20:20:00+00:00,W6096,,ON_RETROFIT_TRACK,retrofit,WAITING,,
4100.0,2025-12-03T20:20:00+00:00,W0874,,ON_RETROFIT_TRACK,retrofit,WAITING,,
4100.0,2025-12-03T20:20:00+00:00,W10689,,ON_RETROFIT_TRACK,retrofit,WAITING,,
4100.0,2025-12-03T20:20:00+00:00,W5838,,ON_RETROFIT_TRACK,retrofit,WAITING,,
4100.0,2025-12-03T20:20:00+00:00,W11241,,ON_RETROFIT_TRACK,retrofit,WAITING,,
4100.0,2025-12-03T20:20:00+00:00,W2444,,ON_RETROFIT_TRACK,retrofit,WAITING,,
4101.5,2025-12-03T20:21:30+00:00,W5391,,RAKE_COUPLING_STARTED,WS_02,COUPLING,,
4101.5,2025-12-03T20:21:30+00:00,W6682,,RAKE_COUPLING_STARTED,WS_02,COUPLING,,
4103.5,2025-12-03T20:23:30+00:00,W5391,,RAKE_COUPLING_COMPLETED,WS_02,WAITING,,
4103.5,2025-12-03T20:23:30+00:00,W6682,,RAKE_COUPLING_COMPLETED,WS_02,WAITING,,
4103.5,2025-12-03T20:23:30+00:00,W5391,,MOVING,WS_02,MOVING,,
4103.5,2025-12-03T20:23:30+00:00,W6682,,MOVING,WS_02,MOVING,,
4108.5,2025-12-03T20:28:30+00:00,W5391,,ON_RETROFITTED_TRACK,retrofitted,WAITING,,
4108.5,2025-12-03T20:28:30+00:00,W6682,,ON_RETROFITTED_TRACK,retrofitted,WAITING,,
4118.5,2025-12-03T20:38:30+00:00,W11256,,RAKE_COUPLING_STARTED,WS_01,COUPLING,,
4118.5,2025-12-03T20:38:30+00:00,W10892,,RAKE_COUPLING_STARTED,WS_01,COUPLING,,
4120.5,2025-12-03T20:40:30+00:00,W11256,,RAKE_COUPLING_COMPLETED,WS_01,WAITING,,
4120.5,2025-12-03T20:40:30+00:00,W10892,,RAKE_COUPLING_COMPLETED,WS_01,WAITING,,
4120.5,2025-12-03T20:40:30+00:00,W11256,,MOVING,WS_01,MOVING,,
4120.5,2025-12-03T20:40:30+00:00,W10892,,MOVING,WS_01,MOVING,,
4125.5,2025-12-03T20:45:30+00:00,W11256,,ON_RETROFITTED_TRACK,retrofitted,WAITING,,
4125.5,2025-12-03T20:45:30+00:00,W10892,,ON_RETROFITTED_TRACK,retrofitted,WAITING,,
4140.5,2025-12-03T21:00:30+00:00,W9756,,MOVING,retrofit,MOVING,,
4140.5,2025-12-03T21:00:30+00:00,W9174,,MOVING,retrofit,MOVING,,
4145.5,2025-12-03T21:05:30+00:00,W9756,,AT_WORKSHOP,WS_02,ARRIVED,,
4145.5,2025-12-03T21:05:30+00:00,W9174,,AT_WORKSHOP,WS_02,ARRIVED,,
4151.5,2025-12-03T21:11:30+00:00,W9756,,RETROFIT_STARTED,WS_02,PROCESSING,,
4151.5,2025-12-03T21:11:30+00:00,W9174,,RETROFIT_STARTED,WS_02,PROCESSING,,
4166.5,2025-12-03T21:26:30+00:00,W6140,,MOVING,retrofit,MOVING,,
4166.5,2025-12-03T21:26:30+00:00,W10364,,MOVING,retrofit,MOVING,,
4171.5,2025-12-03T21:31:30+00:00,W6140,,AT_WORKSHOP,WS_01,ARRIVED,,
4171.5,2025-12-03T21:31:30+00:00,W10364,,AT_WORKSHOP,WS_01,ARRIVED,,
4177.5,2025-12-03T21:37:30+00:00,W6140,,RETROFIT_STARTED,WS_01,PROCESSING,,
4177.5,2025-12-03T21:37:30+00:00,W10364,,RETROFIT_STARTED,WS_01,PROCESSING,,
4199.0,2025-12-03T21:59:00+00:00,W9274,,PARKED,parking1,PARKED,,
4199.0,2025-12-03T21:59:00+00:00,W8613,,PARKED,parking1,PARKED,,
4199.0,2025-12-03T21:59:00+00:00,W10130,,PARKED,parking1,PARKED,,
4199.0,2025-12-03T21:59:00+00:00,W9721,,PARKED,parking1,PARKED,,
4211.5,2025-12-03T22:11:30+00:00,W9756,,RETROFIT_COMPLETED,WS_02,COMPLETED,,
4211.5,2025-12-03T22:11:30+00:00,W9174,,RETROFIT_COMPLETED,WS_02,COMPLETED,,
4217.0,2025-12-03T22:17:00+00:00,W9756,,RAKE_COUPLING_STARTED,WS_02,COUPLING,,
4217.0,2025-12-03T22:17:00+00:00,W9174,,RAKE_COUPLING_STARTED,WS_02,COUPLING,,
4219.0,2025-12-03T22:19:00+00:00,W9756,,RAKE_COUPLING_COMPLETED,WS_02,WAITING,,
4219.0,2025-12-03T22:19:00+00:00,W9174,,RAKE_COUPLING_COMPLETED,WS_02,WAITING,,
4219.0,2025-12-03T22:19:00+00:00,W9756,,MOVING,WS_02,MOVING,,
4219.0,2025-12-03T22:19:00+00:00,W9174,,MOVING,WS_02,MOVING,,
4224.0,2025-12-03T22:24:00+00:00,W9756,,ON_RETROFITTED_TRACK,retrofitted,WAITING,,
4224.0,2025-12-03T22:24:00+00:00,W9174,,ON_RETROFITTED_TRACK,retrofitted,WAITING,,
4225.0,2025-12-03T22:25:00+00:00,W1158,,MOVING,collection2,MOVING,,
4237.5,2025-12-03T22:37:30+00:00,W6140,,RETROFIT_COMPLETED,WS_01,COMPLETED,,
4237.5,2025-12-03T22:37:30+00:00,W10364,,RETROFIT_COMPLETED,WS_01,COMPLETED,,
4285.0,2025-12-03T23:25:00+00:00,W1158,,ON_RETROFIT_TRACK,retrofit,WAITING,,
4293.0,2025-12-03T23:33:00+00:00,W5167,T53,REJECTED,REJECTED,REJECTED_NO_RETROFIT_NEEDED,No Retrofit Needed,Wagon doesn't need retrofit
4293.0,2025-12-03T23:33:00+00:00,W5391,T53,REJECTED,REJECTED,REJECTED_NO_RETROFIT_NEEDED,No Retrofit Needed,Wagon doesn't need retrofit
4298.0,2025-12-03T23:38:00+00:00,W6140,,RAKE_COUPLING_STARTED,WS_01,COUPLING,,
4298.0,2025-12-03T23:38:00+00:00,W10364,,RAKE_COUPLING_STARTED,WS_01,COUPLING,,
4300.0,2025-12-03T23:40:00+00:00,W6140,,RAKE_COUPLING_COMPLETED,WS_01,WAITING,,
4300.0,2025-12-03T23:40:00+00:00,W10364,,RAKE_COUPLING_COMPLETED,WS_01,WAITING,,
4300.0,2025-12-03T23:40:00+00:00,W6140,,MOVING,WS_01,MOVING,,
4300.0,2025-12-03T23:40:00+00:00,W10364,,MOVING,WS_01,MOVING,,
4300.5,2025-12-03T23:40:30+00:00,W5391,,PARKED,parking12,PARKED,,
4300.5,2025-12-03T23:40:30+00:00,W6682,,PARKED,parking12,PARKED,,
4300.5,2025-12-03T23:40:30+00:00,W11256,,PARKED,parking12,PARKED,,
4300.5,2025-12-03T23:40:30+00:00,W10892,,PARKED,parking12,PARKED,,
4305.0,2025-12-03T23:45:00+00:00,W6140,,ON_RETROFITTED_TRACK,retrofitted,WAITING,,
4305.0,2025-12-03T23:45:00+00:00,W10364,,ON_RETROFITTED_TRACK,retrofitted,WAITING,,
4320.0,2025-12-04T00:00:00+00:00,W6077,,MOVING,retrofit,MOVING,,
4320.0,2025-12-04T00:00:00+00:00,W11254,,MOVING,retrofit,MOVING,,
4320.75,2025-12-04T00:00:45+00:00,W4026,T54,REJECTED,REJECTED,REJECTED_NO_RETROFIT_NEEDED,No Retrofit Needed,Wagon doesn't need retrofit
4320.75,2025-12-04T00:00:45+00:00,W2772,T54,REJECTED,REJECTED,REJECTED_NO_RETROFIT_NEEDED,No Retrofit Needed,Wagon doesn't need retrofit
4320.75,2025-12-04T00:00:45+00:00,W3651,T54,REJECTED,REJECTED,REJECTED_NO_RETROFIT_NEEDED,No Retrofit Needed,Wagon doesn't need retrofit
4325.0,2025-12-04T00:05:00+00:00,W6077,,AT_WORKSHOP,WS_02,ARRIVED,,
4325.0,2025-12-04T00:05:00+00:00,W11254,,AT_WORKSHOP,WS_02,ARRIVED,,
4331.0,2025-12-04T00:11:00+00:00,W6077,,RETROFIT_STARTED,WS_02,PROCESSING,,
4331.0,2025-12-04T00:11:00+00:00,W11254,,RETROFIT_STARTED,WS_02,PROCESSING,,
4346.0,2025-12-04T00:26:00+00:00,W1906,,MOVING,retrofit,MOVING,,
4346.0,2025-12-04T00:26:00+00:00,W10878,,MOVING,retrofit,MOVING,,
4351.0,2025-12-04T00:31:00+00:00,W1906,,AT_WORKSHOP,WS_01,ARRIVED,,
4351.0,2025-12-04T00:31:00+00:00,W10878,,AT_WORKSHOP,WS_01,ARRIVED,,
4357.0,2025-12-04T00:37:00+00:00,W1906,,RETROFIT_STARTED,WS_01,PROCESSING,,
4357.0,2025-12-04T00:37:00+00:00,W10878,,RETROFIT_STARTED,WS_01,PROCESSING,,
4379.0,2025-12-04T00:59:00+00:00,W6246,T55,ARRIVED,collection1,ARRIVED,,
4379.0,2025-12-04T00:59:00+00:00,W5947,T55,ARRIVED,collection1,ARRIVED,,
4379.0,2025-12-04T00:59:00+00:00,W5711,T55,ARRIVED,collection1,ARRIVED,,
4379.0,2025-12-04T00:59:00+00:00,W6884,T55,ARRIVED,collection1,ARRIVED,,
4379.0,2025-12-04T00:59:00+00:00,W5575,T55,ARRIVED,collection1,ARRIVED,,
4387.75,2025-12-04T01:07:45+00:00,W11718,T56,REJECTED,REJECTED,REJECTED_NO_RETROFIT_NEEDED,No Retrofit Needed,Wagon doesn't need retrofit
4387.75,2025-12-04T01:07:45+00:00,W6339,T56,REJECTED,REJECTED,REJECTED_NO_RETROFIT_NEEDED,No Retrofit Needed,Wagon doesn't need retrofit
4387.75,2025-12-04T01:07:45+00:00,W3618,T56,REJECTED,REJECTED,REJECTED_NO_RETROFIT_NEEDED,No Retrofit Needed,Wagon doesn't need retrofit
4391.0,2025-12-04T01:11:00+00:00,W6077,,RETROFIT_COMPLETED,WS_02,COMPLETED,,
4391.0,2025-12-04T01:11:00+00:00,W11254,,RETROFIT_COMPLETED,WS_02,COMPLETED,,
4396.5,2025-12-04T01:16:30+00:00,W6077,,RAKE_COUPLING_STARTED,WS_02,COUPLING,,
4396.5,2025-12-04T01:16:30+00:00,W11254,,RAKE_COUPLING_STARTED,WS_02,COUPLING,,
4398.5,2025-12-04T01:18:30+00:00,W6077,,RAKE_COUPLING_COMPLETED,WS_02,WAITING,,
4398.5,2025-12-04T01:18:30+00:00,W11254,,RAKE_COUPLING_COMPLETED,WS_02,WAITING,,
4398.5,2025-12-04T01:18:30+00:00,W6077,,MOVING,WS_02,MOVING,,
4398.5,2025-12-04T01:18:30+00:00,W11254,,MOVING,WS_02,MOVING,,
4403.5,2025-12-04T01:23:30+00:00,W6077,,ON_RETROFITTED_TRACK,retrofitted,WAITING,,
4403.5,2025-12-04T01:23:30+00:00,W11254,,ON_RETROFITTED_TRACK,retrofitted,WAITING,,
4417.0,2025-12-04T01:37:00+00:00,W1906,,RETROFIT_COMPLETED,WS_01,COMPLETED,,
4417.0,2025-12-04T01:37:00+00:00,W10878,,RETROFIT_COMPLETED,WS_01,COMPLETED,,
4418.5,2025-12-04T01:38:30+00:00,W10889,,MOVING,retrofit,MOVING,,
4418.5,2025-12-04T01:38:30+00:00,W11320,,MOVING,retrofit,MOVING,,
4423.5,2025-12-04T01:43:30+00:00,W10889,,AT_WORKSHOP,WS_02,ARRIVED,,
4423.5,2025-12-04T01:43:30+00:00,W11320,,AT_WORKSHOP,WS_02,ARRIVED,,
4429.5,2025-12-04T01:49:30+00:00,W10889,,RETROFIT_STARTED,WS_02,PROCESSING,,
4429.5,2025-12-04T01:49:30+00:00,W11320,,RETROFIT_STARTED,WS_02,PROCESSING,,
4439.5,2025-12-04T01:59:30+00:00,W1906,,RAKE_COUPLING_STARTED,WS_01,COUPLING,,
4439.5,2025-12-04T01:59:30+00:00,W10878,,RAKE_COUPLING_STARTED,WS_01,COUPLING,,
4441.5,2025-12-04T02:01:30+00:00,W1906,,RAKE_COUPLING_COMPLETED,WS_01,WAITING,,
4441.5,2025-12-04T02:01:30+00:00,W10878,,RAKE_COUPLING_COMPLETED,WS_01,WAITING,,
4441.5,2025-12-04T02:01:30+00:00,W1906,,MOVING,WS_01,MOVING,,
4441.5,2025-12-04T02:01:30+00:00,W10878,,MOVING,WS_01,MOVING,,
4446.5,2025-12-04T02:06:30+00:00,W1906,,ON_RETROFITTED_TRACK,retrofitted,WAITING,,
4446.5,2025-12-04T02:06:30+00:00,W10878,,ON_RETROFITTED_TRACK,retrofitted,WAITING,,
4478.0,2025-12-04T02:38:00+00:00,W9756,,PARKED,parking10,PARKED,,
4478.0,2025-12-04T02:38:00+00:00,W9174,,PARKED,parking10,PARKED,,
4478.0,2025-12-04T02:38:00+00:00,W6140,,PARKED,parking10,PARKED,,
4478.0,2025-12-04T02:38:00+00:00,W10364,,PARKED,parking10,PARKED,,
4489.5,2025-12-04T02:49:30+00:00,W10889,,RETROFIT_COMPLETED,WS_02,COMPLETED,,
4489.5,2025-12-04T02:49:30+00:00,W11320,,RETROFIT_COMPLETED,WS_02,COMPLETED,,
4491.5,2025-12-04T02:51:30+00:00,W11268,T57,REJECTED,REJECTED,REJECTED_NO_RETROFIT_NEEDED,No Retrofit Needed,Wagon doesn't need retrofit
4491.5,2025-12-04T02:51:30+00:00,W0600,T57,REJECTED,REJECTED,REJECTED,NO_COLLECTION_TRACK,No collection track available
4491.5,2025-12-04T02:51:30+00:00,W8096,T57,REJECTED,REJECTED,REJECTED,NO_COLLECTION_TRACK,No collection track available
4491.5,2025-12-04T02:51:30+00:00,W8085,T57,ARRIVED,collection1,ARRIVED,,
4491.5,2025-12-04T02:51:30+00:00,W8082,T57,ARRIVED,collection1,ARRIVED,,
4491.5,2025-12-04T02:51:30+00:00,W8052,T57,ARRIVED,collection2,ARRIVED,,
4511.5,2025-12-04T03:11:30+00:00,W9329,,RAKE_COUPLING_STARTED,collection1,COUPLING,,
4511.5,2025-12-04T03:11:30+00:00,W12077,,RAKE_COUPLING_STARTED,collection1,COUPLING,,
4511.5,2025-12-04T03:11:30+00:00,W11766,,RAKE_COUPLING_STARTED,collection1,COUPLING,,
4511.5,2025-12-04T03:11:30+00:00,W7115,,RAKE_COUPLING_STARTED,collection1,COUPLING,,
4511.5,2025-12-04T03:11:30+00:00,W11723,,RAKE_COUPLING_STARTED,collection1,COUPLING,,
4511.5,2025-12-04T03:11:30+00:00,W8675,,RAKE_COUPLING_STARTED,collection1,COUPLING,,
4524.5,2025-12-04T03:24:30+00:00,W9329,,MOVING,collection1,MOVING,,
4524.5,2025-12-04T03:24:30+00:00,W12077,,MOVING,collection1,MOVING,,
4524.5,2025-12-04T03:24:30+00:00,W11766,,MOVING,collection1,MOVING,,
4524.5,2025-12-04T03:24:30+00:00,W7115,,MOVING,collection1,MOVING,,
4524.5,2025-12-04T03:24:30+00:00,W11723,,MOVING,collection1,MOVING,,
4524.5,2025-12-04T03:24:30+00:00,W8675,,MOVING,collection1,MOVING,,
4543.0,2025-12-04T03:43:00+00:00,W10889,,RAKE_COUPLING_STARTED,WS_02,COUPLING,,
4543.0,2025-12-04T03:43:00+00:00,W11320,,RAKE_COUPLING_STARTED,WS_02,COUPLING,,
4545.0,2025-12-04T03:45:00+00:00,W10889,,RAKE_COUPLING_COMPLETED,WS_02,WAITING,,
4545.0,2025-12-04T03:45:00+00:00,W11320,,RAKE_COUPLING_COMPLETED,WS_02,WAITING,,
4545.0,2025-12-04T03:45:00+00:00,W10889,,MOVING,WS_02,MOVING,,
4545.0,2025-12-04T03:45:00+00:00,W11320,,MOVING,WS_02,MOVING,,
4550.0,2025-12-04T03:50:00+00:00,W10889,,ON_RETROFITTED_TRACK,retrofitted,WAITING,,
4550.0,2025-12-04T03:50:00+00:00,W11320,,ON_RETROFITTED_TRACK,retrofitted,WAITING,,
4565.0,2025-12-04T04:05:00+00:00,W5833,,MOVING,retrofit,MOVING,,
4565.0,2025-12-04T04:05:00+00:00,W6096,,MOVING,retrofit,MOVING,,
4570.0,2025-12-04T04:10:00+00:00,W5833,,AT_WORKSHOP,WS_01,ARRIVED,,
4570.0,2025-12-04T04:10:00+00:00,W6096,,AT_WORKSHOP,WS_01,ARRIVED,,
4576.0,2025-12-04T04:16:00+00:00,W5833,,RETROFIT_STARTED,WS_01,PROCESSING,,
4576.0,2025-12-04T04:16:00+00:00,W6096,,RETROFIT_STARTED,WS_01,PROCESSING,,
4584.5,2025-12-04T04:24:30+00:00,W9329,,ON_RETROFIT_TRACK,retrofit,WAITING,,
4584.5,2025-12-04T04:24:30+00:00,W12077,,ON_RETROFIT_TRACK,retrofit,WAITING,,
4584.5,2025-12-04T04:24:30+00:00,W11766,,ON_RETROFIT_TRACK,retrofit,WAITING,,
4584.5,2025-12-04T04:24:30+00:00,W7115,,ON_RETROFIT_TRACK,retrofit,WAITING,,
4584.5,2025-12-04T04:24:30+00:00,W11723,,ON_RETROFIT_TRACK,retrofit,WAITING,,
4584.5,2025-12-04T04:24:30+00:00,W8675,,ON_RETROFIT_TRACK,retrofit,WAITING,,
4591.0,2025-12-04T04:31:00+00:00,W0874,,MOVING,retrofit,MOVING,,
4591.0,2025-12-04T04:31:00+00:00,W10689,,MOVING,retrofit,MOVING,,
4596.0,2025-12-04T04:36:00+00:00,W0874,,AT_WORKSHOP,WS_02,ARRIVED,,
4596.0,2025-12-04T04:36:00+00:00,W10689,,AT_WORKSHOP,WS_02,ARRIVED,,
4602.0,2025-12-04T04:42:00+00:00,W0874,,RETROFIT_STARTED,WS_02,PROCESSING,,
4602.0,2025-12-04T04:42:00+00:00,W10689,,RETROFIT_STARTED,WS_02,PROCESSING,,
4636.0,2025-12-04T05:16:00+00:00,W5833,,RETROFIT_COMPLETED,WS_01,COMPLETED,,
4636.0,2025-12-04T05:16:00+00:00,W6096,,RETROFIT_COMPLETED,WS_01,COMPLETED,,
4654.5,2025-12-04T05:34:30+00:00,W8383,T58,ARRIVED,collection1,ARRIVED,,
4654.5,2025-12-04T05:34:30+00:00,W8381,T58,ARRIVED,collection1,ARRIVED,,
4662.0,2025-12-04T05:42:00+00:00,W0874,,RETROFIT_COMPLETED,WS_02,COMPLETED,,
4662.0,2025-12-04T05:42:00+00:00,W10689,,RETROFIT_COMPLETED,WS_02,COMPLETED,,
4667.0,2025-12-04T05:47:00+00:00,W1139,,RAKE_COUPLING_STARTED,collection2,COUPLING,,
4667.0,2025-12-04T05:47:00+00:00,W1149,,RAKE_COUPLING_STARTED,collection2,COUPLING,,
4672.0,2025-12-04T05:52:00+00:00,W1139,,MOVING,collection2,MOVING,,
4672.0,2025-12-04T05:52:00+00:00,W1149,,MOVING,collection2,MOVING,,
4676.75,2025-12-04T05:56:45+00:00,W11315,T59,REJECTED,REJECTED,REJECTED,NO_COLLECTION_TRACK,No collection track available
4676.75,2025-12-04T05:56:45+00:00,W9067,T59,ARRIVED,collection1,ARRIVED,,
4676.75,2025-12-04T05:56:45+00:00,W0117,T59,ARRIVED,collection1,ARRIVED,,
4676.75,2025-12-04T05:56:45+00:00,W0191,T59,ARRIVED,collection1,ARRIVED,,
4704.0,2025-12-04T06:24:00+00:00,W4368,T60,REJECTED,REJECTED,REJECTED,NO_COLLECTION_TRACK,No collection track available
4704.0,2025-12-04T06:24:00+00:00,W6862,T60,REJECTED,REJECTED,REJECTED,NO_COLLECTION_TRACK,No collection track available
4704.0,2025-12-04T06:24:00+00:00,W1084,T60,REJECTED,REJECTED,REJECTED,NO_COLLECTION_TRACK,No collection track available
4704.0,2025-12-04T06:24:00+00:00,W11555,T60,REJECTED,REJECTED,REJECTED,NO_COLLECTION_TRACK,No collection track available
4709.0,2025-12-04T06:29:00+00:00,W6077,,PARKED,parking13,PARKED,,
4709.0,2025-12-04T06:29:00+00:00,W11254,,PARKED,parking13,PARKED,,
4709.0,2025-12-04T06:29:00+00:00,W1906,,PARKED,parking13,PARKED,,
4709.0,2025-12-04T06:29:00+00:00,W10878,,PARKED,parking13,PARKED,,
4732.0,2025-12-04T06:52:00+00:00,W1139,,ON_RETROFIT_TRACK,retrofit,WAITING,,
4732.0,2025-12-04T06:52:00+00:00,W1149,,ON_RETROFIT_TRACK,retrofit,WAITING,,
4751.0,2025-12-04T07:11:00+00:00,W5833,,RAKE_COUPLING_STARTED,WS_01,COUPLING,,
4751.0,2025-12-04T07:11:00+00:00,W6096,,RAKE_COUPLING_STARTED,WS_01,COUPLING,,
4753.0,2025-12-04T07:13:00+00:00,W5833,,RAKE_COUPLING_COMPLETED,WS_01,WAITING,,
4753.0,2025-12-04T07:13:00+00:00,W6096,,RAKE_COUPLING_COMPLETED,WS_01,WAITING,,
4753.0,2025-12-04T07:13:00+00:00,W5833,,MOVING,WS_01,MOVING,,
4753.0,2025-12-04T07:13:00+00:00,W6096,,MOVING,WS_01,MOVING,,
4758.0,2025-12-04T07:18:00+00:00,W5833,,ON_RETROFITTED_TRACK,retrofitted,WAITING,,
4758.0,2025-12-04T07:18:00+00:00,W6096,,ON_RETROFITTED_TRACK,retrofitted,WAITING,,
4761.25,2025-12-04T07:21:15+00:00,W11723,T61,REJECTED,REJECTED,REJECTED_NO_RETROFIT_NEEDED,No Retrofit Needed,Wagon doesn't need retrofit
4761.25,2025-12-04T07:21:15+00:00,W2926,T61,REJECTED,REJECTED,REJECTED_NO_RETROFIT_NEEDED,No Retrofit Needed,Wagon doesn't need retrofit
4761.25,2025-12-04T07:21:15+00:00,W4655,T61,REJECTED,REJECTED,REJECTED_NO_RETROFIT_NEEDED,No Retrofit Needed,Wagon doesn't need retrofit
4761.25,2025-12-04T07:21:15+00:00,W10957,T61,REJECTED,REJECTED,REJECTED,NO_COLLECTION_TRACK,No collection track available
4761.25,2025-12-04T07:21:15+00:00,W11596,T61,ARRIVED,collection2,ARRIVED,,
4768.0,2025-12-04T07:28:00+00:00,W0874,,RAKE_COUPLING_STARTED,WS_02,COUPLING,,
4768.0,2025-12-04T07:28:00+00:00,W10689,,RAKE_COUPLING_STARTED,WS_02,COUPLING,,
4770.0,2025-12-04T07:30:00+00:00,W0874,,RAKE_COUPLING_COMPLETED,WS_02,WAITING,,
4770.0,2025-12-04T07:30:00+00:00,W10689,,RAKE_COUPLING_COMPLETED,WS_02,WAITING,,
4770.0,2025-12-04T07:30:00+00:00,W0874,,MOVING,WS_02,MOVING,,
4770.0,2025-12-04T07:30:00+00:00,W10689,,MOVING,WS_02,MOVING,,
4775.0,2025-12-04T07:35:00+00:00,W0874,,ON_RETROFITTED_TRACK,retrofitted,WAITING,,
4775.0,2025-12-04T07:35:00+00:00,W10689,,ON_RETROFITTED_TRACK,retrofitted,WAITING,,
4779.0,2025-12-04T07:39:00+00:00,W5838,,MOVING,retrofit,MOVING,,
4779.0,2025-12-04T07:39:00+00:00,W11241,,MOVING,retrofit,MOVING,,
4784.0,2025-12-04T07:44:00+00:00,W5838,,AT_WORKSHOP,WS_01,ARRIVED,,
4784.0,2025-12-04T07:44:00+00:00,W11241,,AT_WORKSHOP,WS_01,ARRIVED,,
4790.0,2025-12-04T07:50:00+00:00,W5838,,RETROFIT_STARTED,WS_01,PROCESSING,,
4790.0,2025-12-04T07:50:00+00:00,W11241,,RETROFIT_STARTED,WS_01,PROCESSING,,
4790.0,2025-12-04T07:50:00+00:00,W2444,,MOVING,retrofit,MOVING,,
4790.0,2025-12-04T07:50:00+00:00,W1158,,MOVING,retrofit,MOVING,,
4795.0,2025-12-04T07:55:00+00:00,W2444,,AT_WORKSHOP,WS_02,ARRIVED,,
4795.0,2025-12-04T07:55:00+00:00,W1158,,AT_WORKSHOP,WS_02,ARRIVED,,
4801.0,2025-12-04T08:01:00+00:00,W2444,,RETROFIT_STARTED,WS_02,PROCESSING,,
4801.0,2025-12-04T08:01:00+00:00,W1158,,RETROFIT_STARTED,WS_02,PROCESSING,,
4804.0,2025-12-04T08:04:00+00:00,W4701,T62,REJECTED,REJECTED,REJECTED_NO_RETROFIT_NEEDED,No Retrofit Needed,Wagon doesn't need retrofit
4804.0,2025-12-04T08:04:00+00:00,W4754,T62,REJECTED,REJECTED,REJECTED_NO_RETROFIT_NEEDED,No Retrofit Needed,Wagon doesn't need retrofit
4804.0,2025-12-04T08:04:00+00:00,W4726,T62,REJECTED,REJECTED,REJECTED_NO_RETROFIT_NEEDED,No Retrofit Needed,Wagon doesn't need retrofit
4824.0,2025-12-04T08:24:00+00:00,W6303,T63,REJECTED,REJECTED,REJECTED,NO_COLLECTION_TRACK,No collection track available
4824.0,2025-12-04T08:24:00+00:00,W10958,T63,REJECTED,REJECTED,REJECTED,NO_COLLECTION_TRACK,No collection track available
4824.0,2025-12-04T08:24:00+00:00,W6277,T63,REJECTED,REJECTED,REJECTED,NO_COLLECTION_TRACK,No collection track available
4824.0,2025-12-04T08:24:00+00:00,W10928,T63,REJECTED,REJECTED,REJECTED,NO_COLLECTION_TRACK,No collection track available
4850.0,2025-12-04T08:50:00+00:00,W5838,,RETROFIT_COMPLETED,WS_01,COMPLETED,,
4850.0,2025-12-04T08:50:00+00:00,W11241,,RETROFIT_COMPLETED,WS_01,COMPLETED,,
4854.0,2025-12-04T08:54:00+00:00,W0605,T64,REJECTED,REJECTED,REJECTED,NO_COLLECTION_TRACK,No collection track available
4854.0,2025-12-04T08:54:00+00:00,W2291,T64,REJECTED,REJECTED,REJECTED,NO_COLLECTION_TRACK,No collection track available
4854.0,2025-12-04T08:54:00+00:00,W0615,T64,REJECTED,REJECTED,REJECTED,NO_COLLECTION_TRACK,No collection track available
4855.0,2025-12-04T08:55:00+00:00,W10706,,RAKE_COUPLING_STARTED,collection1,COUPLING,,
4855.0,2025-12-04T08:55:00+00:00,W5446,,RAKE_COUPLING_STARTED,collection1,COUPLING,,
4855.0,2025-12-04T08:55:00+00:00,W10881,,RAKE_COUPLING_STARTED,collection1,COUPLING,,
4855.0,2025-12-04T08:55:00+00:00,W10924,,RAKE_COUPLING_STARTED,collection1,COUPLING,,
4855.0,2025-12-04T08:55:00+00:00,W0678,,RAKE_COUPLING_STARTED,collection1,COUPLING,,
4855.0,2025-12-04T08:55:00+00:00,W4655,,RAKE_COUPLING_STARTED,collection1,COUPLING,,
4861.0,2025-12-04T09:01:00+00:00,W2444,,RETROFIT_COMPLETED,WS_02,COMPLETED,,
4861.0,2025-12-04T09:01:00+00:00,W1158,,RETROFIT_COMPLETED,WS_02,COMPLETED,,
4868.0,2025-12-04T09:08:00+00:00,W10706,,MOVING,collection1,MOVING,,
4868.0,2025-12-04T09:08:00+00:00,W5446,,MOVING,collection1,MOVING,,
4868.0,2025-12-04T09:08:00+00:00,W10881,,MOVING,collection1,MOVING,,
4868.0,2025-12-04T09:08:00+00:00,W10924,,MOVING,collection1,MOVING,,
4868.0,2025-12-04T09:08:00+00:00,W0678,,MOVING,collection1,MOVING,,
4868.0,2025-12-04T09:08:00+00:00,W4655,,MOVING,collection1,MOVING,,
4869.0,2025-12-04T09:09:00+00:00,W1150,,MOVING,collection2,MOVING,,
4928.0,2025-12-04T10:08:00+00:00,W10706,,ON_RETROFIT_TRACK,retrofit,WAITING,,
4928.0,2025-12-04T10:08:00+00:00,W5446,,ON_RETROFIT_TRACK,retrofit,WAITING,,
4928.0,2025-12-04T10:08:00+00:00,W10881,,ON_RETROFIT_TRACK,retrofit,WAITING,,
4928.0,2025-12-04T10:08:00+00:00,W10924,,ON_RETROFIT_TRACK,retrofit,WAITING,,
4928.0,2025-12-04T10:08:00+00:00,W0678,,ON_RETROFIT_TRACK,retrofit,WAITING,,
4928.0,2025-12-04T10:08:00+00:00,W4655,,ON_RETROFIT_TRACK,retrofit,WAITING,,
4929.0,2025-12-04T10:09:00+00:00,W1150,,ON_RETROFIT_TRACK,retrofit,WAITING,,
4942.0,2025-12-04T10:22:00+00:00,W5838,,RAKE_COUPLING_STARTED,WS_01,COUPLING,,
4942.0,2025-12-04T10:22:00+00:00,W11241,,RAKE_COUPLING_STARTED,WS_01,COUPLING,,
4944.0,2025-12-04T10:24:00+00:00,W5838,,RAKE_COUPLING_COMPLETED,WS_01,WAITING,,
4944.0,2025-12-04T10:24:00+00:00,W11241,,RAKE_COUPLING_COMPLETED,WS_01,WAITING,,
4944.0,2025-12-04T10:24:00+00:00,W5838,,MOVING,WS_01,MOVING,,
4944.0,2025-12-04T10:24:00+00:00,W11241,,MOVING,WS_01,MOVING,,
4949.0,2025-12-04T10:29:00+00:00,W5838,,ON_RETROFITTED_TRACK,retrofitted,WAITING,,
4949.0,2025-12-04T10:29:00+00:00,W11241,,ON_RETROFITTED_TRACK,retrofitted,WAITING,,
4959.0,2025-12-04T10:39:00+00:00,W2444,,RAKE_COUPLING_STARTED,WS_02,COUPLING,,
4959.0,2025-12-04T10:39:00+00:00,W1158,,RAKE_COUPLING_STARTED,WS_02,COUPLING,,
4961.0,2025-12-04T10:41:00+00:00,W2444,,RAKE_COUPLING_COMPLETED,WS_02,WAITING,,
4961.0,2025-12-04T10:41:00+00:00,W1158,,RAKE_COUPLING_COMPLETED,WS_02,WAITING,,
4961.0,2025-12-04T10:41:00+00:00,W2444,,MOVING,WS_02,MOVING,,
4961.0,2025-12-04T10:41:00+00:00,W1158,,MOVING,WS_02,MOVING,,
4966.0,2025-12-04T10:46:00+00:00,W2444,,ON_RETROFITTED_TRACK,retrofitted,WAITING,,
4966.0,2025-12-04T10:46:00+00:00,W1158,,ON_RETROFITTED_TRACK,retrofitted,WAITING,,
4976.0,2025-12-04T10:56:00+00:00,W9329,,MOVING,retrofit,MOVING,,
4976.0,2025-12-04T10:56:00+00:00,W12077,,MOVING,retrofit,MOVING,,
4981.0,2025-12-04T11:01:00+00:00,W9329,,AT_WORKSHOP,WS_01,ARRIVED,,
4981.0,2025-12-04T11:01:00+00:00,W12077,,AT_WORKSHOP,WS_01,ARRIVED,,
4987.0,2025-12-04T11:07:00+00:00,W9329,,RETROFIT_STARTED,WS_01,PROCESSING,,
4987.0,2025-12-04T11:07:00+00:00,W12077,,RETROFIT_STARTED,WS_01,PROCESSING,,
4999.0,2025-12-04T11:19:00+00:00,W5446,T65,REJECTED,REJECTED,REJECTED_NO_RETROFIT_NEEDED,No Retrofit Needed,Wagon doesn't need retrofit
5002.0,2025-12-04T11:22:00+00:00,W11766,,MOVING,retrofit,MOVING,,
5002.0,2025-12-04T11:22:00+00:00,W7115,,MOVING,retrofit,MOVING,,
5007.0,2025-12-04T11:27:00+00:00,W11766,,AT_WORKSHOP,WS_02,ARRIVED,,
5007.0,2025-12-04T11:27:00+00:00,W7115,,AT_WORKSHOP,WS_02,ARRIVED,,
5011.0,2025-12-04T11:31:00+00:00,W8613,T66,REJECTED,REJECTED,REJECTED_NO_RETROFIT_NEEDED,No Retrofit Needed,Wagon doesn't need retrofit
5011.0,2025-12-04T11:31:00+00:00,W0701,T66,REJECTED,REJECTED,REJECTED,NO_COLLECTION_TRACK,No collection track available
5011.0,2025-12-04T11:31:00+00:00,W0677,T66,ARRIVED,collection1,ARRIVED,,
5011.0,2025-12-04T11:31:00+00:00,W0924,T66,ARRIVED,collection2,ARRIVED,,
5011.0,2025-12-04T11:31:00+00:00,W0685,T66,ARRIVED,collection2,ARRIVED,,
5013.0,2025-12-04T11:33:00+00:00,W11766,,RETROFIT_STARTED,WS_02,PROCESSING,,
5013.0,2025-12-04T11:33:00+00:00,W7115,,RETROFIT_STARTED,WS_02,PROCESSING,,
5014.0,2025-12-04T11:34:00+00:00,W0020,T67,REJECTED,REJECTED,REJECTED,NO_COLLECTION_TRACK,No collection track available
5014.0,2025-12-04T11:34:00+00:00,W11419,T67,REJECTED,REJECTED,REJECTED,NO_COLLECTION_TRACK,No collection track available
5039.75,2025-12-04T11:59:45+00:00,W4368,T68,REJECTED,REJECTED,REJECTED_NO_RETROFIT_NEEDED,No Retrofit Needed,Wagon doesn't need retrofit
5039.75,2025-12-04T11:59:45+00:00,W6634,T68,REJECTED,REJECTED,REJECTED,NO_COLLECTION_TRACK,No collection track available
5039.75,2025-12-04T11:59:45+00:00,W6025,T68,REJECTED,REJECTED,REJECTED,NO_COLLECTION_TRACK,No collection track available
5047.0,2025-12-04T12:07:00+00:00,W9329,,RETROFIT_COMPLETED,WS_01,COMPLETED,,
5047.0,2025-12-04T12:07:00+00:00,W12077,,RETROFIT_COMPLETED,WS_01,COMPLETED,,
5052.5,2025-12-04T12:12:30+00:00,W9329,,RAKE_COUPLING_STARTED,WS_01,COUPLING,,
5052.5,2025-12-04T12:12:30+00:00,W12077,,RAKE_COUPLING_STARTED,WS_01,COUPLING,,
5054.5,2025-12-04T12:14:30+00:00,W9329,,RAKE_COUPLING_COMPLETED,WS_01,WAITING,,
5054.5,2025-12-04T12:14:30+00:00,W12077,,RAKE_COUPLING_COMPLETED,WS_01,WAITING,,
5054.5,2025-12-04T12:14:30+00:00,W9329,,MOVING,WS_01,MOVING,,
5054.5,2025-12-04T12:14:30+00:00,W12077,,MOVING,WS_01,MOVING,,
5057.5,2025-12-04T12:17:30+00:00,W10889,,PARKED,parking15,PARKED,,
5057.5,2025-12-04T12:17:30+00:00,W11320,,PARKED,parking15,PARKED,,
5057.5,2025-12-04T12:17:30+00:00,W5833,,PARKED,parking15,PARKED,,
5057.5,2025-12-04T12:17:30+00:00,W6096,,PARKED,parking15,PARKED,,
5059.25,2025-12-04T12:19:15+00:00,W10284,T69,REJECTED,REJECTED,REJECTED_NO_RETROFIT_NEEDED,No Retrofit Needed,Wagon doesn't need retrofit
5059.25,2025-12-04T12:19:15+00:00,W7175,T69,REJECTED,REJECTED,REJECTED,NO_COLLECTION_TRACK,No collection track available
5059.5,2025-12-04T12:19:30+00:00,W9329,,ON_RETROFITTED_TRACK,retrofitted,WAITING,,
5059.5,2025-12-04T12:19:30+00:00,W12077,,ON_RETROFITTED_TRACK,retrofitted,WAITING,,
5073.0,2025-12-04T12:33:00+00:00,W11766,,RETROFIT_COMPLETED,WS_02,COMPLETED,,
5073.0,2025-12-04T12:33:00+00:00,W7115,,RETROFIT_COMPLETED,WS_02,COMPLETED,,
5074.5,2025-12-04T12:34:30+00:00,W11723,,MOVING,retrofit,MOVING,,
5074.5,2025-12-04T12:34:30+00:00,W8675,,MOVING,retrofit,MOVING,,
5079.5,2025-12-04T12:39:30+00:00,W11723,,AT_WORKSHOP,WS_01,ARRIVED,,
5079.5,2025-12-04T12:39:30+00:00,W8675,,AT_WORKSHOP,WS_01,ARRIVED,,
5085.5,2025-12-04T12:45:30+00:00,W11723,,RETROFIT_STARTED,WS_01,PROCESSING,,
5085.5,2025-12-04T12:45:30+00:00,W8675,,RETROFIT_STARTED,WS_01,PROCESSING,,
5095.5,2025-12-04T12:55:30+00:00,W11766,,RAKE_COUPLING_STARTED,WS_02,COUPLING,,
5095.5,2025-12-04T12:55:30+00:00,W7115,,RAKE_COUPLING_STARTED,WS_02,COUPLING,,
5097.5,2025-12-04T12:57:30+00:00,W11766,,RAKE_COUPLING_COMPLETED,WS_02,WAITING,,
5097.5,2025-12-04T12:57:30+00:00,W7115,,RAKE_COUPLING_COMPLETED,WS_02,WAITING,,
5097.5,2025-12-04T12:57:30+00:00,W11766,,MOVING,WS_02,MOVING,,
5097.5,2025-12-04T12:57:30+00:00,W7115,,MOVING,WS_02,MOVING,,
5102.5,2025-12-04T13:02:30+00:00,W11766,,ON_RETROFITTED_TRACK,retrofitted,WAITING,,
5102.5,2025-12-04T13:02:30+00:00,W7115,,ON_RETROFITTED_TRACK,retrofitted,WAITING,,
5107.75,2025-12-04T13:07:45+00:00,W10689,T70,REJECTED,REJECTED,REJECTED_NO_RETROFIT_NEEDED,No Retrofit Needed,Wagon doesn't need retrofit
5107.75,2025-12-04T13:07:45+00:00,W4522,T70,REJECTED,REJECTED,REJECTED_NO_RETROFIT_NEEDED,No Retrofit Needed,Wagon doesn't need retrofit
5107.75,2025-12-04T13:07:45+00:00,W4479,T70,REJECTED,REJECTED,REJECTED_NO_RETROFIT_NEEDED,No Retrofit Needed,Wagon doesn't need retrofit
5107.75,2025-12-04T13:07:45+00:00,W10396,T70,REJECTED,REJECTED,REJECTED_NO_RETROFIT_NEEDED,No Retrofit Needed,Wagon doesn't need retrofit
5107.75,2025-12-04T13:07:45+00:00,W6803,T70,REJECTED,REJECTED,REJECTED,NO_COLLECTION_TRACK,No collection track available
5111.75,2025-12-04T13:11:45+00:00,W8473,T71,REJECTED,REJECTED,REJECTED_NO_RETROFIT_NEEDED,No Retrofit Needed,Wagon doesn't need retrofit
5111.75,2025-12-04T13:11:45+00:00,W5057,T71,REJECTED,REJECTED,REJECTED_NO_RETROFIT_NEEDED,No Retrofit Needed,Wagon doesn't need retrofit
5111.75,2025-12-04T13:11:45+00:00,W318166502860,T71,REJECTED,REJECTED,REJECTED_NO_RETROFIT_NEEDED,No Retrofit Needed,Wagon doesn't need retrofit
5127.5,2025-12-04T13:27:30+00:00,W1139,,MOVING,retrofit,MOVING,,
5127.5,2025-12-04T13:27:30+00:00,W1149,,MOVING,retrofit,MOVING,,
5132.5,2025-12-04T13:32:30+00:00,W1139,,AT_WORKSHOP,WS_02,ARRIVED,,
5132.5,2025-12-04T13:32:30+00:00,W1149,,AT_WORKSHOP,WS_02,ARRIVED,,
5138.5,2025-12-04T13:38:30+00:00,W1139,,RETROFIT_STARTED,WS_02,PROCESSING,,
5138.5,2025-12-04T13:38:30+00:00,W1149,,RETROFIT_STARTED,WS_02,PROCESSING,,
5145.5,2025-12-04T13:45:30+00:00,W11723,,RETROFIT_COMPLETED,WS_01,COMPLETED,,
5145.5,2025-12-04T13:45:30+00:00,W8675,,RETROFIT_COMPLETED,WS_01,COMPLETED,,
5167.5,2025-12-04T14:07:30+00:00,W1151,,RAKE_COUPLING_STARTED,collection2,COUPLING,,
5167.5,2025-12-04T14:07:30+00:00,W1152,,RAKE_COUPLING_STARTED,collection2,COUPLING,,
5167.5,2025-12-04T14:07:30+00:00,W5978,,RAKE_COUPLING_STARTED,collection2,COUPLING,,
5167.5,2025-12-04T14:07:30+00:00,W5686,,RAKE_COUPLING_STARTED,collection2,COUPLING,,
5176.5,2025-12-04T14:16:30+00:00,W1151,,MOVING,collection2,MOVING,,
5176.5,2025-12-04T14:16:30+00:00,W1152,,MOVING,collection2,MOVING,,
5176.5,2025-12-04T14:16:30+00:00,W5978,,MOVING,collection2,MOVING,,
5176.5,2025-12-04T14:16:30+00:00,W5686,,MOVING,collection2,MOVING,,
5198.5,2025-12-04T14:38:30+00:00,W1139,,RETROFIT_COMPLETED,WS_02,COMPLETED,,
5198.5,2025-12-04T14:38:30+00:00,W1149,,RETROFIT_COMPLETED,WS_02,COMPLETED,,
5203.5,2025-12-04T14:43:30+00:00,W2737,,RAKE_COUPLING_STARTED,collection1,COUPLING,,
5203.5,2025-12-04T14:43:30+00:00,W10081,,RAKE_COUPLING_STARTED,collection1,COUPLING,,
5203.75,2025-12-04T14:43:45+00:00,W7265,T72,REJECTED,REJECTED,REJECTED,NO_COLLECTION_TRACK,No collection track available
5203.75,2025-12-04T14:43:45+00:00,W11947,T72,REJECTED,REJECTED,REJECTED,NO_COLLECTION_TRACK,No collection track available
5203.75,2025-12-04T14:43:45+00:00,W11959,T72,REJECTED,REJECTED,REJECTED,NO_COLLECTION_TRACK,No collection track available
5203.75,2025-12-04T14:43:45+00:00,W10522,T72,REJECTED,REJECTED,REJECTED,NO_COLLECTION_TRACK,No collection track available
5203.75,2025-12-04T14:43:45+00:00,W6231,T72,REJECTED,REJECTED,REJECTED,NO_COLLECTION_TRACK,No collection track available
5208.5,2025-12-04T14:48:30+00:00,W2737,,MOVING,collection1,MOVING,,
5208.5,2025-12-04T14:48:30+00:00,W10081,,MOVING,collection1,MOVING,,
5221.5,2025-12-04T15:01:30+00:00,W12349,T73,REJECTED,REJECTED,REJECTED,NO_COLLECTION_TRACK,No collection track available
5236.5,2025-12-04T15:16:30+00:00,W1151,,ON_RETROFIT_TRACK,retrofit,WAITING,,
5236.5,2025-12-04T15:16:30+00:00,W1152,,ON_RETROFIT_TRACK,retrofit,WAITING,,
5236.5,2025-12-04T15:16:30+00:00,W5978,,ON_RETROFIT_TRACK,retrofit,WAITING,,
5236.5,2025-12-04T15:16:30+00:00,W5686,,ON_RETROFIT_TRACK,retrofit,WAITING,,
5267.5,2025-12-04T15:47:30+00:00,W11723,,RAKE_COUPLING_STARTED,WS_01,COUPLING,,
5267.5,2025-12-04T15:47:30+00:00,W8675,,RAKE_COUPLING_STARTED,WS_01,COUPLING,,
5268.5,2025-12-04T15:48:30+00:00,W2737,,ON_RETROFIT_TRACK,retrofit,WAITING,,
5268.5,2025-12-04T15:48:30+00:00,W10081,,ON_RETROFIT_TRACK,retrofit,WAITING,,
5269.5,2025-12-04T15:49:30+00:00,W11723,,RAKE_COUPLING_COMPLETED,WS_01,WAITING,,
5269.5,2025-12-04T15:49:30+00:00,W8675,,RAKE_COUPLING_COMPLETED,WS_01,WAITING,,
5269.5,2025-12-04T15:49:30+00:00,W11723,,MOVING,WS_01,MOVING,,
5269.5,2025-12-04T15:49:30+00:00,W8675,,MOVING,WS_01,MOVING,,
5274.5,2025-12-04T15:54:30+00:00,W11723,,ON_RETROFITTED_TRACK,retrofitted,WAITING,,
5274.5,2025-12-04T15:54:30+00:00,W8675,,ON_RETROFITTED_TRACK,retrofitted,WAITING,,
5284.5,2025-12-04T16:04:30+00:00,W1139,,RAKE_COUPLING_STARTED,WS_02,COUPLING,,
5284.5,2025-12-04T16:04:30+00:00,W1149,,RAKE_COUPLING_STARTED,WS_02,COUPLING,,
5286.5,2025-12-04T16:06:30+00:00,W1139,,RAKE_COUPLING_COMPLETED,WS_02,WAITING,,
5286.5,2025-12-04T16:06:30+00:00,W1149,,RAKE_COUPLING_COMPLETED,WS_02,WAITING,,
5286.5,2025-12-04T16:06:30+00:00,W1139,,MOVING,WS_02,MOVING,,
5286.5,2025-12-04T16:06:30+00:00,W1149,,MOVING,WS_02,MOVING,,
5291.5,2025-12-04T16:11:30+00:00,W1139,,ON_RETROFITTED_TRACK,retrofitted,WAITING,,
5291.5,2025-12-04T16:11:30+00:00,W1149,,ON_RETROFITTED_TRACK,retrofitted,WAITING,,
5292.5,2025-12-04T16:12:30+00:00,W10706,,MOVING,retrofit,MOVING,,
5292.5,2025-12-04T16:12:30+00:00,W5446,,MOVING,retrofit,MOVING,,
5297.5,2025-12-04T16:17:30+00:00,W10706,,AT_WORKSHOP,WS_01,ARRIVED,,
5297.5,2025-12-04T16:17:30+00:00,W5446,,AT_WORKSHOP,WS_01,ARRIVED,,
5303.5,2025-12-04T16:23:30+00:00,W10706,,RETROFIT_STARTED,WS_01,PROCESSING,,
5303.5,2025-12-04T16:23:30+00:00,W5446,,RETROFIT_STARTED,WS_01,PROCESSING,,
5318.5,2025-12-04T16:38:30+00:00,W10881,,MOVING,retrofit,MOVING,,
5318.5,2025-12-04T16:38:30+00:00,W10924,,MOVING,retrofit,MOVING,,
5323.5,2025-12-04T16:43:30+00:00,W10881,,AT_WORKSHOP,WS_02,ARRIVED,,
5323.5,2025-12-04T16:43:30+00:00,W10924,,AT_WORKSHOP,WS_02,ARRIVED,,
5329.5,2025-12-04T16:49:30+00:00,W10881,,RETROFIT_STARTED,WS_02,PROCESSING,,
5329.5,2025-12-04T16:49:30+00:00,W10924,,RETROFIT_STARTED,WS_02,PROCESSING,,
5363.5,2025-12-04T17:23:30+00:00,W10706,,RETROFIT_COMPLETED,WS_01,COMPLETED,,
5363.5,2025-12-04T17:23:30+00:00,W5446,,RETROFIT_COMPLETED,WS_01,COMPLETED,,
5369.0,2025-12-04T17:29:00+00:00,W10706,,RAKE_COUPLING_STARTED,WS_01,COUPLING,,
5369.0,2025-12-04T17:29:00+00:00,W5446,,RAKE_COUPLING_STARTED,WS_01,COUPLING,,
5371.0,2025-12-04T17:31:00+00:00,W10706,,RAKE_COUPLING_COMPLETED,WS_01,WAITING,,
5371.0,2025-12-04T17:31:00+00:00,W5446,,RAKE_COUPLING_COMPLETED,WS_01,WAITING,,
5371.0,2025-12-04T17:31:00+00:00,W10706,,MOVING,WS_01,MOVING,,
5371.0,2025-12-04T17:31:00+00:00,W5446,,MOVING,WS_01,MOVING,,
5376.0,2025-12-04T17:36:00+00:00,W10706,,ON_RETROFITTED_TRACK,retrofitted,WAITING,,
5376.0,2025-12-04T17:36:00+00:00,W5446,,ON_RETROFITTED_TRACK,retrofitted,WAITING,,
5377.0,2025-12-04T17:37:00+00:00,W0874,,PARKED,parking12,PARKED,,
5377.0,2025-12-04T17:37:00+00:00,W10689,,PARKED,parking12,PARKED,,
5377.0,2025-12-04T17:37:00+00:00,W5838,,PARKED,parking12,PARKED,,
5377.0,2025-12-04T17:37:00+00:00,W11241,,PARKED,parking12,PARKED,,
5377.0,2025-12-04T17:37:00+00:00,W2444,,PARKED,parking12,PARKED,,
5377.0,2025-12-04T17:37:00+00:00,W1158,,PARKED,parking12,PARKED,,
5377.0,2025-12-04T17:37:00+00:00,W9329,,PARKED,parking12,PARKED,,
5377.0,2025-12-04T17:37:00+00:00,W12077,,PARKED,parking12,PARKED,,
5377.0,2025-12-04T17:37:00+00:00,W11766,,PARKED,parking12,PARKED,,
5377.0,2025-12-04T17:37:00+00:00,W7115,,PARKED,parking12,PARKED,,
5389.5,2025-12-04T17:49:30+00:00,W10881,,RETROFIT_COMPLETED,WS_02,COMPLETED,,
5389.5,2025-12-04T17:49:30+00:00,W10924,,RETROFIT_COMPLETED,WS_02,COMPLETED,,
5391.0,2025-12-04T17:51:00+00:00,W0678,,MOVING,retrofit,MOVING,,
5391.0,2025-12-04T17:51:00+00:00,W4655,,MOVING,retrofit,MOVING,,
5396.0,2025-12-04T17:56:00+00:00,W0678,,AT_WORKSHOP,WS_01,ARRIVED,,
5396.0,2025-12-04T17:56:00+00:00,W4655,,AT_WORKSHOP,WS_01,ARRIVED,,
5397.75,2025-12-04T17:57:45+00:00,W7316,T74,ARRIVED,collection1,ARRIVED,,
5397.75,2025-12-04T17:57:45+00:00,W9534,T74,ARRIVED,collection1,ARRIVED,,
5397.75,2025-12-04T17:57:45+00:00,W11953,T74,ARRIVED,collection2,ARRIVED,,
5397.75,2025-12-04T17:57:45+00:00,W9237,T74,ARRIVED,collection2,ARRIVED,,
5397.75,2025-12-04T17:57:45+00:00,W2853,T74,ARRIVED,collection2,ARRIVED,,
5397.75,2025-12-04T17:57:45+00:00,W2415,T74,ARRIVED,collection2,ARRIVED,,
5397.75,2025-12-04T17:57:45+00:00,W10093,T74,ARRIVED,collection2,ARRIVED,,
5397.75,2025-12-04T17:57:45+00:00,W11640,T74,ARRIVED,collection2,ARRIVED,,
5402.0,2025-12-04T18:02:00+00:00,W0678,,RETROFIT_STARTED,WS_01,PROCESSING,,
5402.0,2025-12-04T18:02:00+00:00,W4655,,RETROFIT_STARTED,WS_01,PROCESSING,,
5403.75,2025-12-04T18:03:45+00:00,W8626,T75,REJECTED,REJECTED,REJECTED_NO_RETROFIT_NEEDED,No Retrofit Needed,Wagon doesn't need retrofit
5403.75,2025-12-04T18:03:45+00:00,W0117,T75,REJECTED,REJECTED,REJECTED_NO_RETROFIT_NEEDED,No Retrofit Needed,Wagon doesn't need retrofit
5403.75,2025-12-04T18:03:45+00:00,W0191,T75,REJECTED,REJECTED,REJECTED_NO_RETROFIT_NEEDED,No Retrofit Needed,Wagon doesn't need retrofit
5412.0,2025-12-04T18:12:00+00:00,W10881,,RAKE_COUPLING_STARTED,WS_02,COUPLING,,
5412.0,2025-12-04T18:12:00+00:00,W10924,,RAKE_COUPLING_STARTED,WS_02,COUPLING,,
5414.0,2025-12-04T18:14:00+00:00,W10881,,RAKE_COUPLING_COMPLETED,WS_02,WAITING,,
5414.0,2025-12-04T18:14:00+00:00,W10924,,RAKE_COUPLING_COMPLETED,WS_02,WAITING,,
5414.0,2025-12-04T18:14:00+00:00,W10881,,MOVING,WS_02,MOVING,,
5414.0,2025-12-04T18:14:00+00:00,W10924,,MOVING,WS_02,MOVING,,
5419.0,2025-12-04T18:19:00+00:00,W10881,,ON_RETROFITTED_TRACK,retrofitted,WAITING,,
5419.0,2025-12-04T18:19:00+00:00,W10924,,ON_RETROFITTED_TRACK,retrofitted,WAITING,,
5447.0,2025-12-04T18:47:00+00:00,W1150,,MOVING,retrofit,MOVING,,
5447.0,2025-12-04T18:47:00+00:00,W1151,,MOVING,retrofit,MOVING,,
5452.0,2025-12-04T18:52:00+00:00,W1150,,AT_WORKSHOP,WS_02,ARRIVED,,
5452.0,2025-12-04T18:52:00+00:00,W1151,,AT_WORKSHOP,WS_02,ARRIVED,,
5458.0,2025-12-04T18:58:00+00:00,W1150,,RETROFIT_STARTED,WS_02,PROCESSING,,
5458.0,2025-12-04T18:58:00+00:00,W1151,,RETROFIT_STARTED,WS_02,PROCESSING,,
5462.0,2025-12-04T19:02:00+00:00,W0678,,RETROFIT_COMPLETED,WS_01,COMPLETED,,
5462.0,2025-12-04T19:02:00+00:00,W4655,,RETROFIT_COMPLETED,WS_01,COMPLETED,,
5465.25,2025-12-04T19:05:15+00:00,W12060,T76,REJECTED,REJECTED,REJECTED_NO_RETROFIT_NEEDED,No Retrofit Needed,Wagon doesn't need retrofit
5465.25,2025-12-04T19:05:15+00:00,W2973,T76,REJECTED,REJECTED,REJECTED,NO_COLLECTION_TRACK,No collection track available
5465.25,2025-12-04T19:05:15+00:00,W0430,T76,REJECTED,REJECTED,REJECTED,NO_COLLECTION_TRACK,No collection track available
5465.25,2025-12-04T19:05:15+00:00,W5757,T76,REJECTED,REJECTED,REJECTED,NO_COLLECTION_TRACK,No collection track available
5465.25,2025-12-04T19:05:15+00:00,W7272,T76,REJECTED,REJECTED,REJECTED,NO_COLLECTION_TRACK,No collection track available
5465.25,2025-12-04T19:05:15+00:00,W9009,T76,REJECTED,REJECTED,REJECTED,NO_COLLECTION_TRACK,No collection track available
5468.0,2025-12-04T19:08:00+00:00,W0678,,RAKE_COUPLING_STARTED,WS_01,COUPLING,,
5468.0,2025-12-04T19:08:00+00:00,W4655,,RAKE_COUPLING_STARTED,WS_01,COUPLING,,
5470.0,2025-12-04T19:10:00+00:00,W0678,,RAKE_COUPLING_COMPLETED,WS_01,WAITING,,
5470.0,2025-12-04T19:10:00+00:00,W4655,,RAKE_COUPLING_COMPLETED,WS_01,WAITING,,
5470.0,2025-12-04T19:10:00+00:00,W0678,,MOVING,WS_01,MOVING,,
5470.0,2025-12-04T19:10:00+00:00,W4655,,MOVING,WS_01,MOVING,,
5470.25,2025-12-04T19:10:15+00:00,W11256,T77,REJECTED,REJECTED,REJECTED_NO_RETROFIT_NEEDED,No Retrofit Needed,Wagon doesn't need retrofit
5470.25,2025-12-04T19:10:15+00:00,W11261,T77,REJECTED,REJECTED,REJECTED_NO_RETROFIT_NEEDED,No Retrofit Needed,Wagon doesn't need retrofit
5470.25,2025-12-04T19:10:15+00:00,W11269,T77,REJECTED,REJECTED,REJECTED_NO_RETROFIT_NEEDED,No Retrofit Needed,Wagon doesn't need retrofit
5470.25,2025-12-04T19:10:15+00:00,W11555,T77,REJECTED,REJECTED,REJECTED_NO_RETROFIT_NEEDED,No Retrofit Needed,Wagon doesn't need retrofit
5470.25,2025-12-04T19:10:15+00:00,W11348,T77,REJECTED,REJECTED,REJECTED_NO_RETROFIT_NEEDED,No Retrofit Needed,Wagon doesn't need retrofit
5470.25,2025-12-04T19:10:15+00:00,W9238,T77,REJECTED,REJECTED,REJECTED,NO_COLLECTION_TRACK,No collection track available
5475.0,2025-12-04T19:15:00+00:00,W0678,,ON_RETROFITTED_TRACK,retrofitted,WAITING,,
5475.0,2025-12-04T19:15:00+00:00,W4655,,ON_RETROFITTED_TRACK,retrofitted,WAITING,,
5477.25,2025-12-04T19:17:15+00:00,W4701,T78,REJECTED,REJECTED,REJECTED_NO_RETROFIT_NEEDED,No Retrofit Needed,Wagon doesn't need retrofit
5477.25,2025-12-04T19:17:15+00:00,W4726,T78,REJECTED,REJECTED,REJECTED_NO_RETROFIT_NEEDED,No Retrofit Needed,Wagon doesn't need retrofit
5477.25,2025-12-04T19:17:15+00:00,W4754,T78,REJECTED,REJECTED,REJECTED_NO_RETROFIT_NEEDED,No Retrofit Needed,Wagon doesn't need retrofit
5484.0,2025-12-04T19:24:00+00:00,W5403,,RAKE_COUPLING_STARTED,collection2,COUPLING,,
5484.0,2025-12-04T19:24:00+00:00,W9401,,RAKE_COUPLING_STARTED,collection2,COUPLING,,
5484.0,2025-12-04T19:24:00+00:00,W4793,,RAKE_COUPLING_STARTED,collection2,COUPLING,,
5484.0,2025-12-04T19:24:00+00:00,W11718,,RAKE_COUPLING_STARTED,collection2,COUPLING,,
5484.0,2025-12-04T19:24:00+00:00,W7261,,RAKE_COUPLING_STARTED,collection2,COUPLING,,
5484.0,2025-12-04T19:24:00+00:00,W7263,,RAKE_COUPLING_STARTED,collection2,COUPLING,,
5497.0,2025-12-04T19:37:00+00:00,W5403,,MOVING,collection2,MOVING,,
5497.0,2025-12-04T19:37:00+00:00,W9401,,MOVING,collection2,MOVING,,
5497.0,2025-12-04T19:37:00+00:00,W4793,,MOVING,collection2,MOVING,,
5497.0,2025-12-04T19:37:00+00:00,W11718,,MOVING,collection2,MOVING,,
5497.0,2025-12-04T19:37:00+00:00,W7261,,MOVING,collection2,MOVING,,
5497.0,2025-12-04T19:37:00+00:00,W7263,,MOVING,collection2,MOVING,,
5517.75,2025-12-04T19:57:45+00:00,W2298,T79,REJECTED,REJECTED,REJECTED,NO_COLLECTION_TRACK,No collection track available
5517.75,2025-12-04T19:57:45+00:00,W2162,T79,REJECTED,REJECTED,REJECTED,NO_COLLECTION_TRACK,No collection track available
5517.75,2025-12-04T19:57:45+00:00,W2362,T79,REJECTED,REJECTED,REJECTED,NO_COLLECTION_TRACK,No collection track available
5517.75,2025-12-04T19:57:45+00:00,W2207,T79,REJECTED,REJECTED,REJECTED,NO_COLLECTION_TRACK,No collection track available
5517.75,2025-12-04T19:57:45+00:00,W2126,T79,REJECTED,REJECTED,REJECTED,NO_COLLECTION_TRACK,No collection track available
5517.75,2025-12-04T19:57:45+00:00,W2083,T79,REJECTED,REJECTED,REJECTED,NO_COLLECTION_TRACK,No collection track available
5517.75,2025-12-04T19:57:45+00:00,W7103,T79,REJECTED,REJECTED,REJECTED,NO_COLLECTION_TRACK,No collection track available
5517.75,2025-12-04T19:57:45+00:00,W4733,T79,REJECTED,REJECTED,REJECTED,NO_COLLECTION_TRACK,No collection track available
5518.0,2025-12-04T19:58:00+00:00,W1150,,RETROFIT_COMPLETED,WS_02,COMPLETED,,
5518.0,2025-12-04T19:58:00+00:00,W1151,,RETROFIT_COMPLETED,WS_02,COMPLETED,,
5540.0,2025-12-04T20:20:00+00:00,W7253,,RAKE_COUPLING_STARTED,collection1,COUPLING,,
5540.0,2025-12-04T20:20:00+00:00,W2971,,RAKE_COUPLING_STARTED,collection1,COUPLING,,
5545.0,2025-12-04T20:25:00+00:00,W7253,,MOVING,collection1,MOVING,,
5545.0,2025-12-04T20:25:00+00:00,W2971,,MOVING,collection1,MOVING,,
5557.0,2025-12-04T20:37:00+00:00,W8634,T80,REJECTED,REJECTED,REJECTED,NO_COLLECTION_TRACK,No collection track available
5557.0,2025-12-04T20:37:00+00:00,W11915,T80,REJECTED,REJECTED,REJECTED,NO_COLLECTION_TRACK,No collection track available
5557.0,2025-12-04T20:37:00+00:00,W2405,T80,REJECTED,REJECTED,REJECTED,NO_COLLECTION_TRACK,No collection track available
5557.0,2025-12-04T20:37:00+00:00,W10113,T80,REJECTED,REJECTED,REJECTED,NO_COLLECTION_TRACK,No collection track available
5557.0,2025-12-04T20:37:00+00:00,W5172,T80,REJECTED,REJECTED,REJECTED,NO_COLLECTION_TRACK,No collection track available
5557.0,2025-12-04T20:37:00+00:00,W5403,,ON_RETROFIT_TRACK,retrofit,WAITING,,
5557.0,2025-12-04T20:37:00+00:00,W9401,,ON_RETROFIT_TRACK,retrofit,WAITING,,
5557.0,2025-12-04T20:37:00+00:00,W4793,,ON_RETROFIT_TRACK,retrofit,WAITING,,
5557.0,2025-12-04T20:37:00+00:00,W11718,,ON_RETROFIT_TRACK,retrofit,WAITING,,
5557.0,2025-12-04T20:37:00+00:00,W7261,,ON_RETROFIT_TRACK,retrofit,WAITING,,
5557.0,2025-12-04T20:37:00+00:00,W7263,,ON_RETROFIT_TRACK,retrofit,WAITING,,
5566.25,2025-12-04T20:46:15+00:00,W5592,T81,REJECTED,REJECTED,REJECTED,NO_COLLECTION_TRACK,No collection track available
5566.25,2025-12-04T20:46:15+00:00,W2898,T81,REJECTED,REJECTED,REJECTED,NO_COLLECTION_TRACK,No collection track available
5566.25,2025-12-04T20:46:15+00:00,W2586,T81,REJECTED,REJECTED,REJECTED,NO_COLLECTION_TRACK,No collection track available
5600.0,2025-12-04T21:20:00+00:00,W1150,,RAKE_COUPLING_STARTED,WS_02,COUPLING,,
5600.0,2025-12-04T21:20:00+00:00,W1151,,RAKE_COUPLING_STARTED,WS_02,COUPLING,,
5602.0,2025-12-04T21:22:00+00:00,W1150,,RAKE_COUPLING_COMPLETED,WS_02,WAITING,,
5602.0,2025-12-04T21:22:00+00:00,W1151,,RAKE_COUPLING_COMPLETED,WS_02,WAITING,,
5602.0,2025-12-04T21:22:00+00:00,W1150,,MOVING,WS_02,MOVING,,
5602.0,2025-12-04T21:22:00+00:00,W1151,,MOVING,WS_02,MOVING,,
5605.0,2025-12-04T21:25:00+00:00,W7253,,ON_RETROFIT_TRACK,retrofit,WAITING,,
5605.0,2025-12-04T21:25:00+00:00,W2971,,ON_RETROFIT_TRACK,retrofit,WAITING,,
5607.0,2025-12-04T21:27:00+00:00,W1150,,ON_RETROFITTED_TRACK,retrofitted,WAITING,,
5607.0,2025-12-04T21:27:00+00:00,W1151,,ON_RETROFITTED_TRACK,retrofitted,WAITING,,
5622.0,2025-12-04T21:42:00+00:00,W1152,,MOVING,retrofit,MOVING,,
5622.0,2025-12-04T21:42:00+00:00,W5978,,MOVING,retrofit,MOVING,,
5627.0,2025-12-04T21:47:00+00:00,W1152,,AT_WORKSHOP,WS_01,ARRIVED,,
5627.0,2025-12-04T21:47:00+00:00,W5978,,AT_WORKSHOP,WS_01,ARRIVED,,
5629.0,2025-12-04T21:49:00+00:00,W5686,,MOVING,retrofit,MOVING,,
5629.0,2025-12-04T21:49:00+00:00,W2737,,MOVING,retrofit,MOVING,,
5633.0,2025-12-04T21:53:00+00:00,W1152,,RETROFIT_STARTED,WS_01,PROCESSING,,
5633.0,2025-12-04T21:53:00+00:00,W5978,,RETROFIT_STARTED,WS_01,PROCESSING,,
5634.0,2025-12-04T21:54:00+00:00,W5686,,AT_WORKSHOP,WS_02,ARRIVED,,
5634.0,2025-12-04T21:54:00+00:00,W2737,,AT_WORKSHOP,WS_02,ARRIVED,,
5640.0,2025-12-04T22:00:00+00:00,W5686,,RETROFIT_STARTED,WS_02,PROCESSING,,
5640.0,2025-12-04T22:00:00+00:00,W2737,,RETROFIT_STARTED,WS_02,PROCESSING,,
5693.0,2025-12-04T22:53:00+00:00,W1152,,RETROFIT_COMPLETED,WS_01,COMPLETED,,
5693.0,2025-12-04T22:53:00+00:00,W5978,,RETROFIT_COMPLETED,WS_01,COMPLETED,,
5698.5,2025-12-04T22:58:30+00:00,W1152,,RAKE_COUPLING_STARTED,WS_01,COUPLING,,
5698.5,2025-12-04T22:58:30+00:00,W5978,,RAKE_COUPLING_STARTED,WS_01,COUPLING,,
5700.0,2025-12-04T23:00:00+00:00,W5686,,RETROFIT_COMPLETED,WS_02,COMPLETED,,
5700.0,2025-12-04T23:00:00+00:00,W2737,,RETROFIT_COMPLETED,WS_02,COMPLETED,,
5700.5,2025-12-04T23:00:30+00:00,W1152,,RAKE_COUPLING_COMPLETED,WS_01,WAITING,,
5700.5,2025-12-04T23:00:30+00:00,W5978,,RAKE_COUPLING_COMPLETED,WS_01,WAITING,,
5700.5,2025-12-04T23:00:30+00:00,W1152,,MOVING,WS_01,MOVING,,
5700.5,2025-12-04T23:00:30+00:00,W5978,,MOVING,WS_01,MOVING,,
5705.5,2025-12-04T23:05:30+00:00,W1152,,ON_RETROFITTED_TRACK,retrofitted,WAITING,,
5705.5,2025-12-04T23:05:30+00:00,W5978,,ON_RETROFITTED_TRACK,retrofitted,WAITING,,
5715.5,2025-12-04T23:15:30+00:00,W5686,,RAKE_COUPLING_STARTED,WS_02,COUPLING,,
5715.5,2025-12-04T23:15:30+00:00,W2737,,RAKE_COUPLING_STARTED,WS_02,COUPLING,,
5717.5,2025-12-04T23:17:30+00:00,W5686,,RAKE_COUPLING_COMPLETED,WS_02,WAITING,,
5717.5,2025-12-04T23:17:30+00:00,W2737,,RAKE_COUPLING_COMPLETED,WS_02,WAITING,,
5717.5,2025-12-04T23:17:30+00:00,W5686,,MOVING,WS_02,MOVING,,
5717.5,2025-12-04T23:17:30+00:00,W2737,,MOVING,WS_02,MOVING,,
5722.5,2025-12-04T23:22:30+00:00,W5686,,ON_RETROFITTED_TRACK,retrofitted,WAITING,,
5722.5,2025-12-04T23:22:30+00:00,W2737,,ON_RETROFITTED_TRACK,retrofitted,WAITING,,
5724.0,2025-12-04T23:24:00+00:00,W11482,T82,ARRIVED,collection1,ARRIVED,,
5724.0,2025-12-04T23:24:00+00:00,W8671,T82,ARRIVED,collection2,ARRIVED,,
5724.0,2025-12-04T23:24:00+00:00,W11252,T82,ARRIVED,collection2,ARRIVED,,
5724.0,2025-12-04T23:24:00+00:00,W5452,T82,ARRIVED,collection2,ARRIVED,,
5724.0,2025-12-04T23:24:00+00:00,W6800,T82,ARRIVED,collection2,ARRIVED,,
5730.5,2025-12-04T23:30:30+00:00,W11723,,PARKED,parking14,PARKED,,
5730.5,2025-12-04T23:30:30+00:00,W8675,,PARKED,parking14,PARKED,,
5730.5,2025-12-04T23:30:30+00:00,W1139,,PARKED,parking14,PARKED,,
5730.5,2025-12-04T23:30:30+00:00,W1149,,PARKED,parking14,PARKED,,
5730.5,2025-12-04T23:30:30+00:00,W10706,,PARKED,parking14,PARKED,,
5730.5,2025-12-04T23:30:30+00:00,W5446,,PARKED,parking14,PARKED,,
5730.5,2025-12-04T23:30:30+00:00,W10881,,PARKED,parking14,PARKED,,
5730.5,2025-12-04T23:30:30+00:00,W10924,,PARKED,parking14,PARKED,,
5737.5,2025-12-04T23:37:30+00:00,W10081,,MOVING,retrofit,MOVING,,
5737.5,2025-12-04T23:37:30+00:00,W5403,,MOVING,retrofit,MOVING,,
5742.5,2025-12-04T23:42:30+00:00,W10081,,AT_WORKSHOP,WS_01,ARRIVED,,
5742.5,2025-12-04T23:42:30+00:00,W5403,,AT_WORKSHOP,WS_01,ARRIVED,,
5748.5,2025-12-04T23:48:30+00:00,W10081,,RETROFIT_STARTED,WS_01,PROCESSING,,
5748.5,2025-12-04T23:48:30+00:00,W5403,,RETROFIT_STARTED,WS_01,PROCESSING,,
5758.0,2025-12-04T23:58:00+00:00,W0678,T83,REJECTED,REJECTED,REJECTED_NO_RETROFIT_NEEDED,No Retrofit Needed,Wagon doesn't need retrofit
5758.0,2025-12-04T23:58:00+00:00,W8380,T83,ARRIVED,collection2,ARRIVED,,
5758.0,2025-12-04T23:58:00+00:00,W8378,T83,ARRIVED,collection2,ARRIVED,,
5763.5,2025-12-05T00:03:30+00:00,W9401,,MOVING,retrofit,MOVING,,
5763.5,2025-12-05T00:03:30+00:00,W4793,,MOVING,retrofit,MOVING,,
5768.0,2025-12-05T00:08:00+00:00,W10354,T84,REJECTED,REJECTED,REJECTED_NO_RETROFIT_NEEDED,No Retrofit Needed,Wagon doesn't need retrofit
5768.0,2025-12-05T00:08:00+00:00,W10321,T84,REJECTED,REJECTED,REJECTED_NO_RETROFIT_NEEDED,No Retrofit Needed,Wagon doesn't need retrofit
5768.5,2025-12-05T00:08:30+00:00,W9401,,AT_WORKSHOP,WS_02,ARRIVED,,
5768.5,2025-12-05T00:08:30+00:00,W4793,,AT_WORKSHOP,WS_02,ARRIVED,,
5774.5,2025-12-05T00:14:30+00:00,W9401,,RETROFIT_STARTED,WS_02,PROCESSING,,
5774.5,2025-12-05T00:14:30+00:00,W4793,,RETROFIT_STARTED,WS_02,PROCESSING,,
5775.25,2025-12-05T00:15:15+00:00,W9397,T85,REJECTED,REJECTED,REJECTED,NO_COLLECTION_TRACK,No collection track available
5775.25,2025-12-05T00:15:15+00:00,W9591,T85,REJECTED,REJECTED,REJECTED,NO_COLLECTION_TRACK,No collection track available
5775.25,2025-12-05T00:15:15+00:00,W9573,T85,REJECTED,REJECTED,REJECTED,NO_COLLECTION_TRACK,No collection track available
5775.25,2025-12-05T00:15:15+00:00,W10336,T85,REJECTED,REJECTED,REJECTED,NO_COLLECTION_TRACK,No collection track available
5775.25,2025-12-05T00:15:15+00:00,W9517,T85,REJECTED,REJECTED,REJECTED,NO_COLLECTION_TRACK,No collection track available
5775.25,2025-12-05T00:15:15+00:00,W9543,T85,REJECTED,REJECTED,REJECTED,NO_COLLECTION_TRACK,No collection track available
5775.25,2025-12-05T00:15:15+00:00,W9544,T85,REJECTED,REJECTED,REJECTED,NO_COLLECTION_TRACK,No collection track available
5808.5,2025-12-05T00:48:30+00:00,W10081,,RETROFIT_COMPLETED,WS_01,COMPLETED,,
5808.5,2025-12-05T00:48:30+00:00,W5403,,RETROFIT_COMPLETED,WS_01,COMPLETED,,
5822.25,2025-12-05T01:02:15+00:00,W6592,T86,REJECTED,REJECTED,REJECTED_NO_RETROFIT_NEEDED,No Retrofit Needed,Wagon doesn't need retrofit
5822.25,2025-12-05T01:02:15+00:00,W6682,T86,REJECTED,REJECTED,REJECTED_NO_RETROFIT_NEEDED,No Retrofit Needed,Wagon doesn't need retrofit
5834.5,2025-12-05T01:14:30+00:00,W9401,,RETROFIT_COMPLETED,WS_02,COMPLETED,,
5834.5,2025-12-05T01:14:30+00:00,W4793,,RETROFIT_COMPLETED,WS_02,COMPLETED,,
5839.5,2025-12-05T01:19:30+00:00,W6339,,RAKE_COUPLING_STARTED,collection2,COUPLING,,
5839.5,2025-12-05T01:19:30+00:00,W3618,,RAKE_COUPLING_STARTED,collection2,COUPLING,,
5839.5,2025-12-05T01:19:30+00:00,W7252,,RAKE_COUPLING_STARTED,collection2,COUPLING,,
5839.5,2025-12-05T01:19:30+00:00,W6352,,RAKE_COUPLING_STARTED,collection2,COUPLING,,
5839.5,2025-12-05T01:19:30+00:00,W10321,,RAKE_COUPLING_STARTED,collection2,COUPLING,,
5839.5,2025-12-05T01:19:30+00:00,W7155,,RAKE_COUPLING_STARTED,collection2,COUPLING,,
5839.5,2025-12-05T01:19:30+00:00,W9959,,RAKE_COUPLING_STARTED,collection2,COUPLING,,
5839.5,2025-12-05T01:19:30+00:00,W8705,,RAKE_COUPLING_STARTED,collection2,COUPLING,,
5850.25,2025-12-05T01:30:15+00:00,W11259,T87,REJECTED,REJECTED,REJECTED_NO_RETROFIT_NEEDED,No Retrofit Needed,Wagon doesn't need retrofit
5850.25,2025-12-05T01:30:15+00:00,W2112,T87,REJECTED,REJECTED,REJECTED,NO_COLLECTION_TRACK,No collection track available
5853.5,2025-12-05T01:33:30+00:00,W0607,,MOVING,collection1,MOVING,,
5856.5,2025-12-05T01:36:30+00:00,W6339,,MOVING,collection2,MOVING,,
5856.5,2025-12-05T01:36:30+00:00,W3618,,MOVING,collection2,MOVING,,
5856.5,2025-12-05T01:36:30+00:00,W7252,,MOVING,collection2,MOVING,,
5856.5,2025-12-05T01:36:30+00:00,W6352,,MOVING,collection2,MOVING,,
5856.5,2025-12-05T01:36:30+00:00,W10321,,MOVING,collection2,MOVING,,
5856.5,2025-12-05T01:36:30+00:00,W7155,,MOVING,collection2,MOVING,,
5856.5,2025-12-05T01:36:30+00:00,W9959,,MOVING,collection2,MOVING,,
5856.5,2025-12-05T01:36:30+00:00,W8705,,MOVING,collection2,MOVING,,
5903.5,2025-12-05T02:23:30+00:00,W9868,T88,REJECTED,REJECTED,REJECTED_NO_RETROFIT_NEEDED,No Retrofit Needed,Wagon doesn't need retrofit
5903.5,2025-12-05T02:23:30+00:00,W8631,T88,REJECTED,REJECTED,REJECTED_NO_RETROFIT_NEEDED,No Retrofit Needed,Wagon doesn't need retrofit
5903.5,2025-12-05T02:23:30+00:00,W7400,T88,REJECTED,REJECTED,REJECTED,NO_COLLECTION_TRACK,No collection track available
5903.5,2025-12-05T02:23:30+00:00,W0606,T88,REJECTED,REJECTED,REJECTED,NO_COLLECTION_TRACK,No collection track available
5903.5,2025-12-05T02:23:30+00:00,W2548,T88,REJECTED,REJECTED,REJECTED,NO_COLLECTION_TRACK,No collection track available
5903.5,2025-12-05T02:23:30+00:00,W9948,T88,REJECTED,REJECTED,REJECTED,NO_COLLECTION_TRACK,No collection track available
5903.5,2025-12-05T02:23:30+00:00,W9708,T88,REJECTED,REJECTED,REJECTED,NO_COLLECTION_TRACK,No collection track available
5903.5,2025-12-05T02:23:30+00:00,W0630,T88,REJECTED,REJECTED,REJECTED,NO_COLLECTION_TRACK,No collection track available
5903.5,2025-12-05T02:23:30+00:00,W9491,T88,REJECTED,REJECTED,REJECTED,NO_COLLECTION_TRACK,No collection track available
5913.5,2025-12-05T02:33:30+00:00,W0607,,ON_RETROFIT_TRACK,retrofit,WAITING,,
5916.5,2025-12-05T02:36:30+00:00,W6339,,ON_RETROFIT_TRACK,retrofit,WAITING,,
5916.5,2025-12-05T02:36:30+00:00,W3618,,ON_RETROFIT_TRACK,retrofit,WAITING,,
5916.5,2025-12-05T02:36:30+00:00,W7252,,ON_RETROFIT_TRACK,retrofit,WAITING,,
5916.5,2025-12-05T02:36:30+00:00,W6352,,ON_RETROFIT_TRACK,retrofit,WAITING,,
5916.5,2025-12-05T02:36:30+00:00,W10321,,ON_RETROFIT_TRACK,retrofit,WAITING,,
5916.5,2025-12-05T02:36:30+00:00,W7155,,ON_RETROFIT_TRACK,retrofit,WAITING,,
5916.5,2025-12-05T02:36:30+00:00,W9959,,ON_RETROFIT_TRACK,retrofit,WAITING,,
5916.5,2025-12-05T02:36:30+00:00,W8705,,ON_RETROFIT_TRACK,retrofit,WAITING,,
5923.75,2025-12-05T02:43:45+00:00,W5310,T89,REJECTED,REJECTED,REJECTED,NO_COLLECTION_TRACK,No collection track available
5923.75,2025-12-05T02:43:45+00:00,W12355,T89,REJECTED,REJECTED,REJECTED,NO_COLLECTION_TRACK,No collection track available
5923.75,2025-12-05T02:43:45+00:00,W10581,T89,ARRIVED,collection1,ARRIVED,,
5923.75,2025-12-05T02:43:45+00:00,W11344,T89,ARRIVED,collection1,ARRIVED,,
5923.75,2025-12-05T02:43:45+00:00,W10258,T89,ARRIVED,collection1,ARRIVED,,
5926.5,2025-12-05T02:46:30+00:00,W10081,,RAKE_COUPLING_STARTED,WS_01,COUPLING,,
5926.5,2025-12-05T02:46:30+00:00,W5403,,RAKE_COUPLING_STARTED,WS_01,COUPLING,,
5928.5,2025-12-05T02:48:30+00:00,W10081,,RAKE_COUPLING_COMPLETED,WS_01,WAITING,,
5928.5,2025-12-05T02:48:30+00:00,W5403,,RAKE_COUPLING_COMPLETED,WS_01,WAITING,,
5928.5,2025-12-05T02:48:30+00:00,W10081,,MOVING,WS_01,MOVING,,
5928.5,2025-12-05T02:48:30+00:00,W5403,,MOVING,WS_01,MOVING,,
5933.5,2025-12-05T02:53:30+00:00,W10081,,ON_RETROFITTED_TRACK,retrofitted,WAITING,,
5933.5,2025-12-05T02:53:30+00:00,W5403,,ON_RETROFITTED_TRACK,retrofitted,WAITING,,
5943.5,2025-12-05T03:03:30+00:00,W9401,,RAKE_COUPLING_STARTED,WS_02,COUPLING,,
5943.5,2025-12-05T03:03:30+00:00,W4793,,RAKE_COUPLING_STARTED,WS_02,COUPLING,,
5945.5,2025-12-05T03:05:30+00:00,W9401,,RAKE_COUPLING_COMPLETED,WS_02,WAITING,,
5945.5,2025-12-05T03:05:30+00:00,W4793,,RAKE_COUPLING_COMPLETED,WS_02,WAITING,,
5945.5,2025-12-05T03:05:30+00:00,W9401,,MOVING,WS_02,MOVING,,
5945.5,2025-12-05T03:05:30+00:00,W4793,,MOVING,WS_02,MOVING,,
5950.5,2025-12-05T03:10:30+00:00,W9401,,ON_RETROFITTED_TRACK,retrofitted,WAITING,,
5950.5,2025-12-05T03:10:30+00:00,W4793,,ON_RETROFITTED_TRACK,retrofitted,WAITING,,
5965.5,2025-12-05T03:25:30+00:00,W11718,,MOVING,retrofit,MOVING,,
5965.5,2025-12-05T03:25:30+00:00,W7261,,MOVING,retrofit,MOVING,,
5970.5,2025-12-05T03:30:30+00:00,W11718,,AT_WORKSHOP,WS_01,ARRIVED,,
5970.5,2025-12-05T03:30:30+00:00,W7261,,AT_WORKSHOP,WS_01,ARRIVED,,
5976.5,2025-12-05T03:36:30+00:00,W11718,,RETROFIT_STARTED,WS_01,PROCESSING,,
5976.5,2025-12-05T03:36:30+00:00,W7261,,RETROFIT_STARTED,WS_01,PROCESSING,,
5976.5,2025-12-05T03:36:30+00:00,W7263,,MOVING,retrofit,MOVING,,
5976.5,2025-12-05T03:36:30+00:00,W7253,,MOVING,retrofit,MOVING,,
5981.5,2025-12-05T03:41:30+00:00,W7263,,AT_WORKSHOP,WS_02,ARRIVED,,
5981.5,2025-12-05T03:41:30+00:00,W7253,,AT_WORKSHOP,WS_02,ARRIVED,,
5987.5,2025-12-05T03:47:30+00:00,W7263,,RETROFIT_STARTED,WS_02,PROCESSING,,
5987.5,2025-12-05T03:47:30+00:00,W7253,,RETROFIT_STARTED,WS_02,PROCESSING,,
6036.5,2025-12-05T04:36:30+00:00,W11718,,RETROFIT_COMPLETED,WS_01,COMPLETED,,
6036.5,2025-12-05T04:36:30+00:00,W7261,,RETROFIT_COMPLETED,WS_01,COMPLETED,,
6042.0,2025-12-05T04:42:00+00:00,W11718,,RAKE_COUPLING_STARTED,WS_01,COUPLING,,
6042.0,2025-12-05T04:42:00+00:00,W7261,,RAKE_COUPLING_STARTED,WS_01,COUPLING,,
6044.0,2025-12-05T04:44:00+00:00,W11718,,RAKE_COUPLING_COMPLETED,WS_01,WAITING,,
6044.0,2025-12-05T04:44:00+00:00,W7261,,RAKE_COUPLING_COMPLETED,WS_01,WAITING,,
6044.0,2025-12-05T04:44:00+00:00,W11718,,MOVING,WS_01,MOVING,,
6044.0,2025-12-05T04:44:00+00:00,W7261,,MOVING,WS_01,MOVING,,
6047.5,2025-12-05T04:47:30+00:00,W7263,,RETROFIT_COMPLETED,WS_02,COMPLETED,,
6047.5,2025-12-05T04:47:30+00:00,W7253,,RETROFIT_COMPLETED,WS_02,COMPLETED,,
6049.0,2025-12-05T04:49:00+00:00,W11718,,ON_RETROFITTED_TRACK,retrofitted,WAITING,,
6049.0,2025-12-05T04:49:00+00:00,W7261,,ON_RETROFITTED_TRACK,retrofitted,WAITING,,
6059.0,2025-12-05T04:59:00+00:00,W7263,,RAKE_COUPLING_STARTED,WS_02,COUPLING,,
6059.0,2025-12-05T04:59:00+00:00,W7253,,RAKE_COUPLING_STARTED,WS_02,COUPLING,,
6061.0,2025-12-05T05:01:00+00:00,W7263,,RAKE_COUPLING_COMPLETED,WS_02,WAITING,,
6061.0,2025-12-05T05:01:00+00:00,W7253,,RAKE_COUPLING_COMPLETED,WS_02,WAITING,,
6061.0,2025-12-05T05:01:00+00:00,W7263,,MOVING,WS_02,MOVING,,
6061.0,2025-12-05T05:01:00+00:00,W7253,,MOVING,WS_02,MOVING,,
6066.0,2025-12-05T05:06:00+00:00,W7263,,ON_RETROFITTED_TRACK,retrofitted,WAITING,,
6066.0,2025-12-05T05:06:00+00:00,W7253,,ON_RETROFITTED_TRACK,retrofitted,WAITING,,
6067.5,2025-12-05T05:07:30+00:00,W0943,T90,REJECTED,REJECTED,REJECTED,NO_COLLECTION_TRACK,No collection track available
6067.5,2025-12-05T05:07:30+00:00,W9440,T90,ARRIVED,collection2,ARRIVED,,
6067.5,2025-12-05T05:07:30+00:00,W9489,T90,ARRIVED,collection2,ARRIVED,,
6067.5,2025-12-05T05:07:30+00:00,W2712,T90,ARRIVED,collection2,ARRIVED,,
6081.0,2025-12-05T05:21:00+00:00,W2971,,MOVING,retrofit,MOVING,,
6081.0,2025-12-05T05:21:00+00:00,W0607,,MOVING,retrofit,MOVING,,
6086.0,2025-12-05T05:26:00+00:00,W2971,,AT_WORKSHOP,WS_01,ARRIVED,,
6086.0,2025-12-05T05:26:00+00:00,W0607,,AT_WORKSHOP,WS_01,ARRIVED,,
6092.0,2025-12-05T05:32:00+00:00,W2971,,RETROFIT_STARTED,WS_01,PROCESSING,,
6092.0,2025-12-05T05:32:00+00:00,W0607,,RETROFIT_STARTED,WS_01,PROCESSING,,
6107.0,2025-12-05T05:47:00+00:00,W6339,,MOVING,retrofit,MOVING,,
6107.0,2025-12-05T05:47:00+00:00,W3618,,MOVING,retrofit,MOVING,,
6112.0,2025-12-05T05:52:00+00:00,W6339,,AT_WORKSHOP,WS_02,ARRIVED,,
6112.0,2025-12-05T05:52:00+00:00,W3618,,AT_WORKSHOP,WS_02,ARRIVED,,
6118.0,2025-12-05T05:58:00+00:00,W6339,,RETROFIT_STARTED,WS_02,PROCESSING,,
6118.0,2025-12-05T05:58:00+00:00,W3618,,RETROFIT_STARTED,WS_02,PROCESSING,,
6119.0,2025-12-05T05:59:00+00:00,W0678,,PARKED,parking16,PARKED,,
6119.0,2025-12-05T05:59:00+00:00,W4655,,PARKED,parking16,PARKED,,
6119.0,2025-12-05T05:59:00+00:00,W1150,,PARKED,parking16,PARKED,,
6119.0,2025-12-05T05:59:00+00:00,W1151,,PARKED,parking16,PARKED,,
6119.0,2025-12-05T05:59:00+00:00,W1152,,PARKED,parking16,PARKED,,
6119.0,2025-12-05T05:59:00+00:00,W5978,,PARKED,parking16,PARKED,,
6119.0,2025-12-05T05:59:00+00:00,W5686,,PARKED,parking16,PARKED,,
6119.0,2025-12-05T05:59:00+00:00,W2737,,PARKED,parking16,PARKED,,
6152.0,2025-12-05T06:32:00+00:00,W2971,,RETROFIT_COMPLETED,WS_01,COMPLETED,,
6152.0,2025-12-05T06:32:00+00:00,W0607,,RETROFIT_COMPLETED,WS_01,COMPLETED,,
6178.0,2025-12-05T06:58:00+00:00,W6339,,RETROFIT_COMPLETED,WS_02,COMPLETED,,
6178.0,2025-12-05T06:58:00+00:00,W3618,,RETROFIT_COMPLETED,WS_02,COMPLETED,,
6183.0,2025-12-05T07:03:00+00:00,W12036,,RAKE_COUPLING_STARTED,collection1,COUPLING,,
6183.0,2025-12-05T07:03:00+00:00,W9981,,RAKE_COUPLING_STARTED,collection1,COUPLING,,
6183.0,2025-12-05T07:03:00+00:00,W6246,,RAKE_COUPLING_STARTED,collection1,COUPLING,,
6184.0,2025-12-05T07:04:00+00:00,W2971,,RAKE_COUPLING_STARTED,WS_01,COUPLING,,
6184.0,2025-12-05T07:04:00+00:00,W0607,,RAKE_COUPLING_STARTED,WS_01,COUPLING,,
6186.0,2025-12-05T07:06:00+00:00,W2971,,RAKE_COUPLING_COMPLETED,WS_01,WAITING,,
6186.0,2025-12-05T07:06:00+00:00,W0607,,RAKE_COUPLING_COMPLETED,WS_01,WAITING,,
6186.0,2025-12-05T07:06:00+00:00,W2971,,MOVING,WS_01,MOVING,,
6186.0,2025-12-05T07:06:00+00:00,W0607,,MOVING,WS_01,MOVING,,
6190.0,2025-12-05T07:10:00+00:00,W12036,,MOVING,collection1,MOVING,,
6190.0,2025-12-05T07:10:00+00:00,W9981,,MOVING,collection1,MOVING,,
6190.0,2025-12-05T07:10:00+00:00,W6246,,MOVING,collection1,MOVING,,
6191.0,2025-12-05T07:11:00+00:00,W2971,,ON_RETROFITTED_TRACK,retrofitted,WAITING,,
6191.0,2025-12-05T07:11:00+00:00,W0607,,ON_RETROFITTED_TRACK,retrofitted,WAITING,,
6201.0,2025-12-05T07:21:00+00:00,W6339,,RAKE_COUPLING_STARTED,WS_02,COUPLING,,
6201.0,2025-12-05T07:21:00+00:00,W3618,,RAKE_COUPLING_STARTED,WS_02,COUPLING,,
6203.0,2025-12-05T07:23:00+00:00,W6339,,RAKE_COUPLING_COMPLETED,WS_02,WAITING,,
6203.0,2025-12-05T07:23:00+00:00,W3618,,RAKE_COUPLING_COMPLETED,WS_02,WAITING,,
6203.0,2025-12-05T07:23:00+00:00,W6339,,MOVING,WS_02,MOVING,,
6203.0,2025-12-05T07:23:00+00:00,W3618,,MOVING,WS_02,MOVING,,
6208.0,2025-12-05T07:28:00+00:00,W6339,,ON_RETROFITTED_TRACK,retrofitted,WAITING,,
6208.0,2025-12-05T07:28:00+00:00,W3618,,ON_RETROFITTED_TRACK,retrofitted,WAITING,,
6223.0,2025-12-05T07:43:00+00:00,W7252,,MOVING,retrofit,MOVING,,
6223.0,2025-12-05T07:43:00+00:00,W6352,,MOVING,retrofit,MOVING,,
6228.0,2025-12-05T07:48:00+00:00,W7252,,AT_WORKSHOP,WS_01,ARRIVED,,
6228.0,2025-12-05T07:48:00+00:00,W6352,,AT_WORKSHOP,WS_01,ARRIVED,,
6234.0,2025-12-05T07:54:00+00:00,W7252,,RETROFIT_STARTED,WS_01,PROCESSING,,
6234.0,2025-12-05T07:54:00+00:00,W6352,,RETROFIT_STARTED,WS_01,PROCESSING,,
6249.0,2025-12-05T08:09:00+00:00,W10321,,MOVING,retrofit,MOVING,,
6249.0,2025-12-05T08:09:00+00:00,W7155,,MOVING,retrofit,MOVING,,
6250.0,2025-12-05T08:10:00+00:00,W12036,,ON_RETROFIT_TRACK,retrofit,WAITING,,
6250.0,2025-12-05T08:10:00+00:00,W9981,,ON_RETROFIT_TRACK,retrofit,WAITING,,
6250.0,2025-12-05T08:10:00+00:00,W6246,,ON_RETROFIT_TRACK,retrofit,WAITING,,
6254.0,2025-12-05T08:14:00+00:00,W10321,,AT_WORKSHOP,WS_02,ARRIVED,,
6254.0,2025-12-05T08:14:00+00:00,W7155,,AT_WORKSHOP,WS_02,ARRIVED,,
6260.0,2025-12-05T08:20:00+00:00,W10321,,RETROFIT_STARTED,WS_02,PROCESSING,,
6260.0,2025-12-05T08:20:00+00:00,W7155,,RETROFIT_STARTED,WS_02,PROCESSING,,
6292.5,2025-12-05T08:52:30+00:00,W10081,,PARKED,parking1,PARKED,,
6292.5,2025-12-05T08:52:30+00:00,W5403,,PARKED,parking1,PARKED,,
6292.5,2025-12-05T08:52:30+00:00,W9401,,PARKED,parking1,PARKED,,
6292.5,2025-12-05T08:52:30+00:00,W4793,,PARKED,parking1,PARKED,,
6292.5,2025-12-05T08:52:30+00:00,W11718,,PARKED,parking1,PARKED,,
6292.5,2025-12-05T08:52:30+00:00,W7261,,PARKED,parking1,PARKED,,
6292.5,2025-12-05T08:52:30+00:00,W7263,,PARKED,parking1,PARKED,,
6292.5,2025-12-05T08:52:30+00:00,W7253,,PARKED,parking1,PARKED,,
6294.0,2025-12-05T08:54:00+00:00,W7252,,RETROFIT_COMPLETED,WS_01,COMPLETED,,
6294.0,2025-12-05T08:54:00+00:00,W6352,,RETROFIT_COMPLETED,WS_01,COMPLETED,,
6302.5,2025-12-05T09:02:30+00:00,W7252,,RAKE_COUPLING_STARTED,WS_01,COUPLING,,
6302.5,2025-12-05T09:02:30+00:00,W6352,,RAKE_COUPLING_STARTED,WS_01,COUPLING,,
6304.5,2025-12-05T09:04:30+00:00,W7252,,RAKE_COUPLING_COMPLETED,WS_01,WAITING,,
6304.5,2025-12-05T09:04:30+00:00,W6352,,RAKE_COUPLING_COMPLETED,WS_01,WAITING,,
6304.5,2025-12-05T09:04:30+00:00,W7252,,MOVING,WS_01,MOVING,,
6304.5,2025-12-05T09:04:30+00:00,W6352,,MOVING,WS_01,MOVING,,
6309.5,2025-12-05T09:09:30+00:00,W7252,,ON_RETROFITTED_TRACK,retrofitted,WAITING,,
6309.5,2025-12-05T09:09:30+00:00,W6352,,ON_RETROFITTED_TRACK,retrofitted,WAITING,,
6320.0,2025-12-05T09:20:00+00:00,W10321,,RETROFIT_COMPLETED,WS_02,COMPLETED,,
6320.0,2025-12-05T09:20:00+00:00,W7155,,RETROFIT_COMPLETED,WS_02,COMPLETED,,
6325.0,2025-12-05T09:25:00+00:00,W5127,,RAKE_COUPLING_STARTED,collection2,COUPLING,,
6325.0,2025-12-05T09:25:00+00:00,W5057,,RAKE_COUPLING_STARTED,collection2,COUPLING,,
6325.0,2025-12-05T09:25:00+00:00,W5694,,RAKE_COUPLING_STARTED,collection2,COUPLING,,
6325.0,2025-12-05T09:25:00+00:00,W8052,,RAKE_COUPLING_STARTED,collection2,COUPLING,,
6334.0,2025-12-05T09:34:00+00:00,W5127,,MOVING,collection2,MOVING,,
6334.0,2025-12-05T09:34:00+00:00,W5057,,MOVING,collection2,MOVING,,
6334.0,2025-12-05T09:34:00+00:00,W5694,,MOVING,collection2,MOVING,,
6334.0,2025-12-05T09:34:00+00:00,W8052,,MOVING,collection2,MOVING,,
6394.0,2025-12-05T10:34:00+00:00,W5127,,ON_RETROFIT_TRACK,retrofit,WAITING,,
6394.0,2025-12-05T10:34:00+00:00,W5057,,ON_RETROFIT_TRACK,retrofit,WAITING,,
6394.0,2025-12-05T10:34:00+00:00,W5694,,ON_RETROFIT_TRACK,retrofit,WAITING,,
6394.0,2025-12-05T10:34:00+00:00,W8052,,ON_RETROFIT_TRACK,retrofit,WAITING,,
6401.0,2025-12-05T10:41:00+00:00,W2971,,PARKED,parking13,PARKED,,
6401.0,2025-12-05T10:41:00+00:00,W0607,,PARKED,parking13,PARKED,,
6401.0,2025-12-05T10:41:00+00:00,W6339,,PARKED,parking13,PARKED,,
6401.0,2025-12-05T10:41:00+00:00,W3618,,PARKED,parking13,PARKED,,
6425.0,2025-12-05T11:05:00+00:00,W10321,,RAKE_COUPLING_STARTED,WS_02,COUPLING,,
6425.0,2025-12-05T11:05:00+00:00,W7155,,RAKE_COUPLING_STARTED,WS_02,COUPLING,,
6427.0,2025-12-05T11:07:00+00:00,W10321,,RAKE_COUPLING_COMPLETED,WS_02,WAITING,,
6427.0,2025-12-05T11:07:00+00:00,W7155,,RAKE_COUPLING_COMPLETED,WS_02,WAITING,,
6427.0,2025-12-05T11:07:00+00:00,W10321,,MOVING,WS_02,MOVING,,
6427.0,2025-12-05T11:07:00+00:00,W7155,,MOVING,WS_02,MOVING,,
6432.0,2025-12-05T11:12:00+00:00,W10321,,ON_RETROFITTED_TRACK,retrofitted,WAITING,,
6432.0,2025-12-05T11:12:00+00:00,W7155,,ON_RETROFITTED_TRACK,retrofitted,WAITING,,
6447.0,2025-12-05T11:27:00+00:00,W9959,,MOVING,retrofit,MOVING,,
6447.0,2025-12-05T11:27:00+00:00,W8705,,MOVING,retrofit,MOVING,,
6452.0,2025-12-05T11:32:00+00:00,W9959,,AT_WORKSHOP,WS_01,ARRIVED,,
6452.0,2025-12-05T11:32:00+00:00,W8705,,AT_WORKSHOP,WS_01,ARRIVED,,
6458.0,2025-12-05T11:38:00+00:00,W9959,,RETROFIT_STARTED,WS_01,PROCESSING,,
6458.0,2025-12-05T11:38:00+00:00,W8705,,RETROFIT_STARTED,WS_01,PROCESSING,,
6471.0,2025-12-05T11:51:00+00:00,W12036,,MOVING,retrofit,MOVING,,
6471.0,2025-12-05T11:51:00+00:00,W9981,,MOVING,retrofit,MOVING,,
6475.5,2025-12-05T11:55:30+00:00,W10249,T91,ARRIVED,collection1,ARRIVED,,
6475.5,2025-12-05T11:55:30+00:00,W2050,T91,ARRIVED,collection1,ARRIVED,,
6475.5,2025-12-05T11:55:30+00:00,W2386,T91,ARRIVED,collection1,ARRIVED,,
6475.5,2025-12-05T11:55:30+00:00,W10254,T91,ARRIVED,collection1,ARRIVED,,
6475.5,2025-12-05T11:55:30+00:00,W12057,T91,ARRIVED,collection1,ARRIVED,,
6475.5,2025-12-05T11:55:30+00:00,W2136,T91,ARRIVED,collection1,ARRIVED,,
6476.0,2025-12-05T11:56:00+00:00,W12036,,AT_WORKSHOP,WS_02,ARRIVED,,
6476.0,2025-12-05T11:56:00+00:00,W9981,,AT_WORKSHOP,WS_02,ARRIVED,,
6482.0,2025-12-05T12:02:00+00:00,W12036,,RETROFIT_STARTED,WS_02,PROCESSING,,
6482.0,2025-12-05T12:02:00+00:00,W9981,,RETROFIT_STARTED,WS_02,PROCESSING,,
6518.0,2025-12-05T12:38:00+00:00,W9959,,RETROFIT_COMPLETED,WS_01,COMPLETED,,
6518.0,2025-12-05T12:38:00+00:00,W8705,,RETROFIT_COMPLETED,WS_01,COMPLETED,,
6523.0,2025-12-05T12:43:00+00:00,W5947,,RAKE_COUPLING_STARTED,collection1,COUPLING,,
6523.0,2025-12-05T12:43:00+00:00,W5711,,RAKE_COUPLING_STARTED,collection1,COUPLING,,
6523.0,2025-12-05T12:43:00+00:00,W6884,,RAKE_COUPLING_STARTED,collection1,COUPLING,,
6523.0,2025-12-05T12:43:00+00:00,W5575,,RAKE_COUPLING_STARTED,collection1,COUPLING,,
6523.0,2025-12-05T12:43:00+00:00,W8085,,RAKE_COUPLING_STARTED,collection1,COUPLING,,
6523.0,2025-12-05T12:43:00+00:00,W8082,,RAKE_COUPLING_STARTED,collection1,COUPLING,,
6523.0,2025-12-05T12:43:00+00:00,W8383,,RAKE_COUPLING_STARTED,collection1,COUPLING,,
6538.0,2025-12-05T12:58:00+00:00,W5947,,MOVING,collection1,MOVING,,
6538.0,2025-12-05T12:58:00+00:00,W5711,,MOVING,collection1,MOVING,,
6538.0,2025-12-05T12:58:00+00:00,W6884,,MOVING,collection1,MOVING,,
6538.0,2025-12-05T12:58:00+00:00,W5575,,MOVING,collection1,MOVING,,
6538.0,2025-12-05T12:58:00+00:00,W8085,,MOVING,collection1,MOVING,,
6538.0,2025-12-05T12:58:00+00:00,W8082,,MOVING,collection1,MOVING,,
6538.0,2025-12-05T12:58:00+00:00,W8383,,MOVING,collection1,MOVING,,
6542.0,2025-12-05T13:02:00+00:00,W12036,,RETROFIT_COMPLETED,WS_02,COMPLETED,,
6542.0,2025-12-05T13:02:00+00:00,W9981,,RETROFIT_COMPLETED,WS_02,COMPLETED,,
6547.0,2025-12-05T13:07:00+00:00,W11596,,RAKE_COUPLING_STARTED,collection2,COUPLING,,
6547.0,2025-12-05T13:07:00+00:00,W0924,,RAKE_COUPLING_STARTED,collection2,COUPLING,,
6552.0,2025-12-05T13:12:00+00:00,W11596,,MOVING,collection2,MOVING,,
6552.0,2025-12-05T13:12:00+00:00,W0924,,MOVING,collection2,MOVING,,
6595.0,2025-12-05T13:55:00+00:00,W5282,T92,ARRIVED,collection1,ARRIVED,,
6595.0,2025-12-05T13:55:00+00:00,W9940,T92,ARRIVED,collection2,ARRIVED,,
6595.0,2025-12-05T13:55:00+00:00,W9081,T92,ARRIVED,collection2,ARRIVED,,
6595.0,2025-12-05T13:55:00+00:00,W12074,T92,ARRIVED,collection2,ARRIVED,,
6598.0,2025-12-05T13:58:00+00:00,W5947,,ON_RETROFIT_TRACK,retrofit,WAITING,,
6598.0,2025-12-05T13:58:00+00:00,W5711,,ON_RETROFIT_TRACK,retrofit,WAITING,,
6598.0,2025-12-05T13:58:00+00:00,W6884,,ON_RETROFIT_TRACK,retrofit,WAITING,,
6598.0,2025-12-05T13:58:00+00:00,W5575,,ON_RETROFIT_TRACK,retrofit,WAITING,,
6598.0,2025-12-05T13:58:00+00:00,W8085,,ON_RETROFIT_TRACK,retrofit,WAITING,,
6598.0,2025-12-05T13:58:00+00:00,W8082,,ON_RETROFIT_TRACK,retrofit,WAITING,,
6598.0,2025-12-05T13:58:00+00:00,W8383,,ON_RETROFIT_TRACK,retrofit,WAITING,,
6612.0,2025-12-05T14:12:00+00:00,W11596,,ON_RETROFIT_TRACK,retrofit,WAITING,,
6612.0,2025-12-05T14:12:00+00:00,W0924,,ON_RETROFIT_TRACK,retrofit,WAITING,,
6631.0,2025-12-05T14:31:00+00:00,W9959,,RAKE_COUPLING_STARTED,WS_01,COUPLING,,
6631.0,2025-12-05T14:31:00+00:00,W8705,,RAKE_COUPLING_STARTED,WS_01,COUPLING,,
6633.0,2025-12-05T14:33:00+00:00,W9959,,RAKE_COUPLING_COMPLETED,WS_01,WAITING,,
6633.0,2025-12-05T14:33:00+00:00,W8705,,RAKE_COUPLING_COMPLETED,WS_01,WAITING,,
6633.0,2025-12-05T14:33:00+00:00,W9959,,MOVING,WS_01,MOVING,,
6633.0,2025-12-05T14:33:00+00:00,W8705,,MOVING,WS_01,MOVING,,
6638.0,2025-12-05T14:38:00+00:00,W9959,,ON_RETROFITTED_TRACK,retrofitted,WAITING,,
6638.0,2025-12-05T14:38:00+00:00,W8705,,ON_RETROFITTED_TRACK,retrofitted,WAITING,,
6647.0,2025-12-05T14:47:00+00:00,W12036,,RAKE_COUPLING_STARTED,WS_02,COUPLING,,
6647.0,2025-12-05T14:47:00+00:00,W9981,,RAKE_COUPLING_STARTED,WS_02,COUPLING,,
6649.0,2025-12-05T14:49:00+00:00,W12036,,RAKE_COUPLING_COMPLETED,WS_02,WAITING,,
6649.0,2025-12-05T14:49:00+00:00,W9981,,RAKE_COUPLING_COMPLETED,WS_02,WAITING,,
6649.0,2025-12-05T14:49:00+00:00,W12036,,MOVING,WS_02,MOVING,,
6649.0,2025-12-05T14:49:00+00:00,W9981,,MOVING,WS_02,MOVING,,
6654.0,2025-12-05T14:54:00+00:00,W12036,,ON_RETROFITTED_TRACK,retrofitted,WAITING,,
6654.0,2025-12-05T14:54:00+00:00,W9981,,ON_RETROFITTED_TRACK,retrofitted,WAITING,,
6666.5,2025-12-05T15:06:30+00:00,W10886,T93,REJECTED,REJECTED,REJECTED_NO_RETROFIT_NEEDED,No Retrofit Needed,Wagon doesn't need retrofit
6666.5,2025-12-05T15:06:30+00:00,W7542,T93,ARRIVED,collection1,ARRIVED,,
6666.5,2025-12-05T15:06:30+00:00,W8990,T93,ARRIVED,collection2,ARRIVED,,
6666.5,2025-12-05T15:06:30+00:00,W10814,T93,ARRIVED,collection1,ARRIVED,,
6666.5,2025-12-05T15:06:30+00:00,W8952,T93,ARRIVED,collection2,ARRIVED,,
6669.0,2025-12-05T15:09:00+00:00,W6246,,MOVING,retrofit,MOVING,,
6669.0,2025-12-05T15:09:00+00:00,W5127,,MOVING,retrofit,MOVING,,
6674.0,2025-12-05T15:14:00+00:00,W6246,,AT_WORKSHOP,WS_01,ARRIVED,,
6674.0,2025-12-05T15:14:00+00:00,W5127,,AT_WORKSHOP,WS_01,ARRIVED,,
6680.0,2025-12-05T15:20:00+00:00,W6246,,RETROFIT_STARTED,WS_01,PROCESSING,,
6680.0,2025-12-05T15:20:00+00:00,W5127,,RETROFIT_STARTED,WS_01,PROCESSING,,
6695.0,2025-12-05T15:35:00+00:00,W5057,,MOVING,retrofit,MOVING,,
6695.0,2025-12-05T15:35:00+00:00,W5694,,MOVING,retrofit,MOVING,,
6700.0,2025-12-05T15:40:00+00:00,W5057,,AT_WORKSHOP,WS_02,ARRIVED,,
6700.0,2025-12-05T15:40:00+00:00,W5694,,AT_WORKSHOP,WS_02,ARRIVED,,
6706.0,2025-12-05T15:46:00+00:00,W5057,,RETROFIT_STARTED,WS_02,PROCESSING,,
6706.0,2025-12-05T15:46:00+00:00,W5694,,RETROFIT_STARTED,WS_02,PROCESSING,,
6714.5,2025-12-05T15:54:30+00:00,W7252,,PARKED,parking10,PARKED,,
6714.5,2025-12-05T15:54:30+00:00,W6352,,PARKED,parking10,PARKED,,
6714.5,2025-12-05T15:54:30+00:00,W10321,,PARKED,parking10,PARKED,,
6714.5,2025-12-05T15:54:30+00:00,W7155,,PARKED,parking10,PARKED,,
6740.0,2025-12-05T16:20:00+00:00,W6246,,RETROFIT_COMPLETED,WS_01,COMPLETED,,
6740.0,2025-12-05T16:20:00+00:00,W5127,,RETROFIT_COMPLETED,WS_01,COMPLETED,,
6745.5,2025-12-05T16:25:30+00:00,W6246,,RAKE_COUPLING_STARTED,WS_01,COUPLING,,
6745.5,2025-12-05T16:25:30+00:00,W5127,,RAKE_COUPLING_STARTED,WS_01,COUPLING,,
6747.5,2025-12-05T16:27:30+00:00,W6246,,RAKE_COUPLING_COMPLETED,WS_01,WAITING,,
6747.5,2025-12-05T16:27:30+00:00,W5127,,RAKE_COUPLING_COMPLETED,WS_01,WAITING,,
6747.5,2025-12-05T16:27:30+00:00,W6246,,MOVING,WS_01,MOVING,,
6747.5,2025-12-05T16:27:30+00:00,W5127,,MOVING,WS_01,MOVING,,
6752.5,2025-12-05T16:32:30+00:00,W6246,,ON_RETROFITTED_TRACK,retrofitted,WAITING,,
6752.5,2025-12-05T16:32:30+00:00,W5127,,ON_RETROFITTED_TRACK,retrofitted,WAITING,,
6766.0,2025-12-05T16:46:00+00:00,W5057,,RETROFIT_COMPLETED,WS_02,COMPLETED,,
6766.0,2025-12-05T16:46:00+00:00,W5694,,RETROFIT_COMPLETED,WS_02,COMPLETED,,
6767.5,2025-12-05T16:47:30+00:00,W8052,,MOVING,retrofit,MOVING,,
6767.5,2025-12-05T16:47:30+00:00,W5947,,MOVING,retrofit,MOVING,,
6772.5,2025-12-05T16:52:30+00:00,W8052,,AT_WORKSHOP,WS_01,ARRIVED,,
6772.5,2025-12-05T16:52:30+00:00,W5947,,AT_WORKSHOP,WS_01,ARRIVED,,
6778.5,2025-12-05T16:58:30+00:00,W8052,,RETROFIT_STARTED,WS_01,PROCESSING,,
6778.5,2025-12-05T16:58:30+00:00,W5947,,RETROFIT_STARTED,WS_01,PROCESSING,,
6779.5,2025-12-05T16:59:30+00:00,W5057,,RAKE_COUPLING_STARTED,WS_02,COUPLING,,
6779.5,2025-12-05T16:59:30+00:00,W5694,,RAKE_COUPLING_STARTED,WS_02,COUPLING,,
6781.5,2025-12-05T17:01:30+00:00,W5057,,RAKE_COUPLING_COMPLETED,WS_02,WAITING,,
6781.5,2025-12-05T17:01:30+00:00,W5694,,RAKE_COUPLING_COMPLETED,WS_02,WAITING,,
6781.5,2025-12-05T17:01:30+00:00,W5057,,MOVING,WS_02,MOVING,,
6781.5,2025-12-05T17:01:30+00:00,W5694,,MOVING,WS_02,MOVING,,
6786.5,2025-12-05T17:06:30+00:00,W5057,,ON_RETROFITTED_TRACK,retrofitted,WAITING,,
6786.5,2025-12-05T17:06:30+00:00,W5694,,ON_RETROFITTED_TRACK,retrofitted,WAITING,,
6812.75,2025-12-05T17:32:45+00:00,W2853,T94,REJECTED,REJECTED,REJECTED_NO_RETROFIT_NEEDED,No Retrofit Needed,Wagon doesn't need retrofit
6838.5,2025-12-05T17:58:30+00:00,W8052,,RETROFIT_COMPLETED,WS_01,COMPLETED,,
6838.5,2025-12-05T17:58:30+00:00,W5947,,RETROFIT_COMPLETED,WS_01,COMPLETED,,
6843.5,2025-12-05T18:03:30+00:00,W0685,,RAKE_COUPLING_STARTED,collection2,COUPLING,,
6843.5,2025-12-05T18:03:30+00:00,W11953,,RAKE_COUPLING_STARTED,collection2,COUPLING,,
6843.5,2025-12-05T18:03:30+00:00,W9237,,RAKE_COUPLING_STARTED,collection2,COUPLING,,
6850.5,2025-12-05T18:10:30+00:00,W0685,,MOVING,collection2,MOVING,,
6850.5,2025-12-05T18:10:30+00:00,W11953,,MOVING,collection2,MOVING,,
6850.5,2025-12-05T18:10:30+00:00,W9237,,MOVING,collection2,MOVING,,
6854.5,2025-12-05T18:14:30+00:00,W8381,,MOVING,collection1,MOVING,,
6910.5,2025-12-05T19:10:30+00:00,W0685,,ON_RETROFIT_TRACK,retrofit,WAITING,,
6910.5,2025-12-05T19:10:30+00:00,W11953,,ON_RETROFIT_TRACK,retrofit,WAITING,,
6910.5,2025-12-05T19:10:30+00:00,W9237,,ON_RETROFIT_TRACK,retrofit,WAITING,,
6914.5,2025-12-05T19:14:30+00:00,W8381,,ON_RETROFIT_TRACK,retrofit,WAITING,,
6927.5,2025-12-05T19:27:30+00:00,W8052,,RAKE_COUPLING_STARTED,WS_01,COUPLING,,
6927.5,2025-12-05T19:27:30+00:00,W5947,,RAKE_COUPLING_STARTED,WS_01,COUPLING,,
6929.5,2025-12-05T19:29:30+00:00,W8052,,RAKE_COUPLING_COMPLETED,WS_01,WAITING,,
6929.5,2025-12-05T19:29:30+00:00,W5947,,RAKE_COUPLING_COMPLETED,WS_01,WAITING,,
6929.5,2025-12-05T19:29:30+00:00,W8052,,MOVING,WS_01,MOVING,,
6929.5,2025-12-05T19:29:30+00:00,W5947,,MOVING,WS_01,MOVING,,
6934.5,2025-12-05T19:34:30+00:00,W8052,,ON_RETROFITTED_TRACK,retrofitted,WAITING,,
6934.5,2025-12-05T19:34:30+00:00,W5947,,ON_RETROFITTED_TRACK,retrofitted,WAITING,,
6940.5,2025-12-05T19:40:30+00:00,W5711,,MOVING,retrofit,MOVING,,
6940.5,2025-12-05T19:40:30+00:00,W6884,,MOVING,retrofit,MOVING,,
6945.5,2025-12-05T19:45:30+00:00,W5711,,AT_WORKSHOP,WS_02,ARRIVED,,
6945.5,2025-12-05T19:45:30+00:00,W6884,,AT_WORKSHOP,WS_02,ARRIVED,,
6951.5,2025-12-05T19:51:30+00:00,W5711,,RETROFIT_STARTED,WS_02,PROCESSING,,
6951.5,2025-12-05T19:51:30+00:00,W6884,,RETROFIT_STARTED,WS_02,PROCESSING,,
6966.5,2025-12-05T20:06:30+00:00,W5575,,MOVING,retrofit,MOVING,,
6966.5,2025-12-05T20:06:30+00:00,W8085,,MOVING,retrofit,MOVING,,
6971.5,2025-12-05T20:11:30+00:00,W5575,,AT_WORKSHOP,WS_01,ARRIVED,,
6971.5,2025-12-05T20:11:30+00:00,W8085,,AT_WORKSHOP,WS_01,ARRIVED,,
6977.5,2025-12-05T20:17:30+00:00,W5575,,RETROFIT_STARTED,WS_01,PROCESSING,,
6977.5,2025-12-05T20:17:30+00:00,W8085,,RETROFIT_STARTED,WS_01,PROCESSING,,
7002.0,2025-12-05T20:42:00+00:00,W2652,T95,ARRIVED,collection1,ARRIVED,,
7002.0,2025-12-05T20:42:00+00:00,W12385,T95,ARRIVED,collection1,ARRIVED,,
7011.5,2025-12-05T20:51:30+00:00,W5711,,RETROFIT_COMPLETED,WS_02,COMPLETED,,
7011.5,2025-12-05T20:51:30+00:00,W6884,,RETROFIT_COMPLETED,WS_02,COMPLETED,,
7017.0,2025-12-05T20:57:00+00:00,W5711,,RAKE_COUPLING_STARTED,WS_02,COUPLING,,
7017.0,2025-12-05T20:57:00+00:00,W6884,,RAKE_COUPLING_STARTED,WS_02,COUPLING,,
7019.0,2025-12-05T20:59:00+00:00,W5711,,RAKE_COUPLING_COMPLETED,WS_02,WAITING,,
7019.0,2025-12-05T20:59:00+00:00,W6884,,RAKE_COUPLING_COMPLETED,WS_02,WAITING,,
7019.0,2025-12-05T20:59:00+00:00,W5711,,MOVING,WS_02,MOVING,,
7019.0,2025-12-05T20:59:00+00:00,W6884,,MOVING,WS_02,MOVING,,
7024.0,2025-12-05T21:04:00+00:00,W5711,,ON_RETROFITTED_TRACK,retrofitted,WAITING,,
7024.0,2025-12-05T21:04:00+00:00,W6884,,ON_RETROFITTED_TRACK,retrofitted,WAITING,,
7029.0,2025-12-05T21:09:00+00:00,W9959,,PARKED,parking15,PARKED,,
7029.0,2025-12-05T21:09:00+00:00,W8705,,PARKED,parking15,PARKED,,
7029.0,2025-12-05T21:09:00+00:00,W12036,,PARKED,parking15,PARKED,,
7029.0,2025-12-05T21:09:00+00:00,W9981,,PARKED,parking15,PARKED,,
7029.0,2025-12-05T21:09:00+00:00,W6246,,PARKED,parking15,PARKED,,
7029.0,2025-12-05T21:09:00+00:00,W5127,,PARKED,parking15,PARKED,,
7037.5,2025-12-05T21:17:30+00:00,W5575,,RETROFIT_COMPLETED,WS_01,COMPLETED,,
7037.5,2025-12-05T21:17:30+00:00,W8085,,RETROFIT_COMPLETED,WS_01,COMPLETED,,
7039.0,2025-12-05T21:19:00+00:00,W8082,,MOVING,retrofit,MOVING,,
7039.0,2025-12-05T21:19:00+00:00,W8383,,MOVING,retrofit,MOVING,,
7044.0,2025-12-05T21:24:00+00:00,W8082,,AT_WORKSHOP,WS_02,ARRIVED,,
7044.0,2025-12-05T21:24:00+00:00,W8383,,AT_WORKSHOP,WS_02,ARRIVED,,
7050.0,2025-12-05T21:30:00+00:00,W8082,,RETROFIT_STARTED,WS_02,PROCESSING,,
7050.0,2025-12-05T21:30:00+00:00,W8383,,RETROFIT_STARTED,WS_02,PROCESSING,,
7060.0,2025-12-05T21:40:00+00:00,W5575,,RAKE_COUPLING_STARTED,WS_01,COUPLING,,
7060.0,2025-12-05T21:40:00+00:00,W8085,,RAKE_COUPLING_STARTED,WS_01,COUPLING,,
7062.0,2025-12-05T21:42:00+00:00,W5575,,RAKE_COUPLING_COMPLETED,WS_01,WAITING,,
7062.0,2025-12-05T21:42:00+00:00,W8085,,RAKE_COUPLING_COMPLETED,WS_01,WAITING,,
7062.0,2025-12-05T21:42:00+00:00,W5575,,MOVING,WS_01,MOVING,,
7062.0,2025-12-05T21:42:00+00:00,W8085,,MOVING,WS_01,MOVING,,
7067.0,2025-12-05T21:47:00+00:00,W5575,,ON_RETROFITTED_TRACK,retrofitted,WAITING,,
7067.0,2025-12-05T21:47:00+00:00,W8085,,ON_RETROFITTED_TRACK,retrofitted,WAITING,,
7099.0,2025-12-05T22:19:00+00:00,W11596,,MOVING,retrofit,MOVING,,
7099.0,2025-12-05T22:19:00+00:00,W0924,,MOVING,retrofit,MOVING,,
7104.0,2025-12-05T22:24:00+00:00,W11596,,AT_WORKSHOP,WS_01,ARRIVED,,
7104.0,2025-12-05T22:24:00+00:00,W0924,,AT_WORKSHOP,WS_01,ARRIVED,,
7110.0,2025-12-05T22:30:00+00:00,W8082,,RETROFIT_COMPLETED,WS_02,COMPLETED,,
7110.0,2025-12-05T22:30:00+00:00,W8383,,RETROFIT_COMPLETED,WS_02,COMPLETED,,
7110.0,2025-12-05T22:30:00+00:00,W11596,,RETROFIT_STARTED,WS_01,PROCESSING,,
7110.0,2025-12-05T22:30:00+00:00,W0924,,RETROFIT_STARTED,WS_01,PROCESSING,,
7120.0,2025-12-05T22:40:00+00:00,W8082,,RAKE_COUPLING_STARTED,WS_02,COUPLING,,
7120.0,2025-12-05T22:40:00+00:00,W8383,,RAKE_COUPLING_STARTED,WS_02,COUPLING,,
7122.0,2025-12-05T22:42:00+00:00,W8082,,RAKE_COUPLING_COMPLETED,WS_02,WAITING,,
7122.0,2025-12-05T22:42:00+00:00,W8383,,RAKE_COUPLING_COMPLETED,WS_02,WAITING,,
7122.0,2025-12-05T22:42:00+00:00,W8082,,MOVING,WS_02,MOVING,,
7122.0,2025-12-05T22:42:00+00:00,W8383,,MOVING,WS_02,MOVING,,
7127.0,2025-12-05T22:47:00+00:00,W8082,,ON_RETROFITTED_TRACK,retrofitted,WAITING,,
7127.0,2025-12-05T22:47:00+00:00,W8383,,ON_RETROFITTED_TRACK,retrofitted,WAITING,,
7132.0,2025-12-05T22:52:00+00:00,W9067,,RAKE_COUPLING_STARTED,collection1,COUPLING,,
7132.0,2025-12-05T22:52:00+00:00,W0117,,RAKE_COUPLING_STARTED,collection1,COUPLING,,
7132.0,2025-12-05T22:52:00+00:00,W0191,,RAKE_COUPLING_STARTED,collection1,COUPLING,,
7132.0,2025-12-05T22:52:00+00:00,W0677,,RAKE_COUPLING_STARTED,collection1,COUPLING,,
7132.0,2025-12-05T22:52:00+00:00,W7316,,RAKE_COUPLING_STARTED,collection1,COUPLING,,
7143.0,2025-12-05T23:03:00+00:00,W9067,,MOVING,collection1,MOVING,,
7143.0,2025-12-05T23:03:00+00:00,W0117,,MOVING,collection1,MOVING,,
7143.0,2025-12-05T23:03:00+00:00,W0191,,MOVING,collection1,MOVING,,
7143.0,2025-12-05T23:03:00+00:00,W0677,,MOVING,collection1,MOVING,,
7143.0,2025-12-05T23:03:00+00:00,W7316,,MOVING,collection1,MOVING,,
7167.5,2025-12-05T23:27:30+00:00,W11254,T96,REJECTED,REJECTED,REJECTED_NO_RETROFIT_NEEDED,No Retrofit Needed,Wagon doesn't need retrofit
7167.5,2025-12-05T23:27:30+00:00,W10889,T96,REJECTED,REJECTED,REJECTED_NO_RETROFIT_NEEDED,No Retrofit Needed,Wagon doesn't need retrofit
7167.5,2025-12-05T23:27:30+00:00,W4478,T96,REJECTED,REJECTED,REJECTED,NO_COLLECTION_TRACK,No collection track available
7167.5,2025-12-05T23:27:30+00:00,W5248,T96,REJECTED,REJECTED,REJECTED,NO_COLLECTION_TRACK,No collection track available
7167.5,2025-12-05T23:27:30+00:00,W3562,T96,REJECTED,REJECTED,REJECTED,NO_COLLECTION_TRACK,No collection track available
7167.5,2025-12-05T23:27:30+00:00,W4915,T96,REJECTED,REJECTED,REJECTED,NO_COLLECTION_TRACK,No collection track available
7167.5,2025-12-05T23:27:30+00:00,W11539,T96,ARRIVED,collection1,ARRIVED,,
7167.5,2025-12-05T23:27:30+00:00,W4532,T96,ARRIVED,collection1,ARRIVED,,
7167.5,2025-12-05T23:27:30+00:00,W8676,T96,ARRIVED,collection2,ARRIVED,,
7167.5,2025-12-05T23:27:30+00:00,W5845,T96,ARRIVED,collection1,ARRIVED,,
7170.0,2025-12-05T23:30:00+00:00,W11596,,RETROFIT_COMPLETED,WS_01,COMPLETED,,
7170.0,2025-12-05T23:30:00+00:00,W0924,,RETROFIT_COMPLETED,WS_01,COMPLETED,,
7195.0,2025-12-05T23:55:00+00:00,W2853,,MOVING,collection2,MOVING,,
7195.25,2025-12-05T23:55:15+00:00,W12195,T97,REJECTED,REJECTED,REJECTED,NO_COLLECTION_TRACK,No collection track available
7195.25,2025-12-05T23:55:15+00:00,W0883,T97,REJECTED,REJECTED,REJECTED,NO_COLLECTION_TRACK,No collection track available
7195.25,2025-12-05T23:55:15+00:00,W10330,T97,REJECTED,REJECTED,REJECTED,NO_COLLECTION_TRACK,No collection track available
7195.25,2025-12-05T23:55:15+00:00,W5036,T97,REJECTED,REJECTED,REJECTED,NO_COLLECTION_TRACK,No collection track available
7195.25,2025-12-05T23:55:15+00:00,W0665,T97,REJECTED,REJECTED,REJECTED,NO_COLLECTION_TRACK,No collection track available
7195.25,2025-12-05T23:55:15+00:00,W5519,T97,REJECTED,REJECTED,REJECTED,NO_COLLECTION_TRACK,No collection track available
7203.0,2025-12-06T00:03:00+00:00,W9067,,ON_RETROFIT_TRACK,retrofit,WAITING,,
7203.0,2025-12-06T00:03:00+00:00,W0117,,ON_RETROFIT_TRACK,retrofit,WAITING,,
7203.0,2025-12-06T00:03:00+00:00,W0191,,ON_RETROFIT_TRACK,retrofit,WAITING,,
7203.0,2025-12-06T00:03:00+00:00,W0677,,ON_RETROFIT_TRACK,retrofit,WAITING,,
7203.0,2025-12-06T00:03:00+00:00,W7316,,ON_RETROFIT_TRACK,retrofit,WAITING,,
7240.0,2025-12-06T00:40:00+00:00,W11596,,RAKE_COUPLING_STARTED,WS_01,COUPLING,,
7240.0,2025-12-06T00:40:00+00:00,W0924,,RAKE_COUPLING_STARTED,WS_01,COUPLING,,
7242.0,2025-12-06T00:42:00+00:00,W11596,,RAKE_COUPLING_COMPLETED,WS_01,WAITING,,
7242.0,2025-12-06T00:42:00+00:00,W0924,,RAKE_COUPLING_COMPLETED,WS_01,WAITING,,
7242.0,2025-12-06T00:42:00+00:00,W11596,,MOVING,WS_01,MOVING,,
7242.0,2025-12-06T00:42:00+00:00,W0924,,MOVING,WS_01,MOVING,,
7247.0,2025-12-06T00:47:00+00:00,W11596,,ON_RETROFITTED_TRACK,retrofitted,WAITING,,
7247.0,2025-12-06T00:47:00+00:00,W0924,,ON_RETROFITTED_TRACK,retrofitted,WAITING,,
7254.5,2025-12-06T00:54:30+00:00,W4701,T98,REJECTED,REJECTED,REJECTED_NO_RETROFIT_NEEDED,No Retrofit Needed,Wagon doesn't need retrofit
7254.5,2025-12-06T00:54:30+00:00,W4726,T98,REJECTED,REJECTED,REJECTED_NO_RETROFIT_NEEDED,No Retrofit Needed,Wagon doesn't need retrofit
7254.5,2025-12-06T00:54:30+00:00,W4754,T98,REJECTED,REJECTED,REJECTED_NO_RETROFIT_NEEDED,No Retrofit Needed,Wagon doesn't need retrofit
7255.0,2025-12-06T00:55:00+00:00,W2853,,ON_RETROFIT_TRACK,retrofit,WAITING,,
7273.0,2025-12-06T01:13:00+00:00,W0685,,MOVING,retrofit,MOVING,,
7273.0,2025-12-06T01:13:00+00:00,W11953,,MOVING,retrofit,MOVING,,
7273.75,2025-12-06T01:13:45+00:00,W11482,T99,REJECTED,REJECTED,REJECTED_NO_RETROFIT_NEEDED,No Retrofit Needed,Wagon doesn't need retrofit
7274.5,2025-12-06T01:14:30+00:00,W5057,,PARKED,parking9,PARKED,,
7274.5,2025-12-06T01:14:30+00:00,W5694,,PARKED,parking9,PARKED,,
7274.5,2025-12-06T01:14:30+00:00,W8052,,PARKED,parking9,PARKED,,
7274.5,2025-12-06T01:14:30+00:00,W5947,,PARKED,parking9,PARKED,,
7274.5,2025-12-06T01:14:30+00:00,W5711,,PARKED,parking9,PARKED,,
7274.5,2025-12-06T01:14:30+00:00,W6884,,PARKED,parking9,PARKED,,
7274.5,2025-12-06T01:14:30+00:00,W5575,,PARKED,parking9,PARKED,,
7274.5,2025-12-06T01:14:30+00:00,W8085,,PARKED,parking9,PARKED,,
7278.0,2025-12-06T01:18:00+00:00,W0685,,AT_WORKSHOP,WS_02,ARRIVED,,
7278.0,2025-12-06T01:18:00+00:00,W11953,,AT_WORKSHOP,WS_02,ARRIVED,,
7284.0,2025-12-06T01:24:00+00:00,W0685,,RETROFIT_STARTED,WS_02,PROCESSING,,
7284.0,2025-12-06T01:24:00+00:00,W11953,,RETROFIT_STARTED,WS_02,PROCESSING,,
7289.5,2025-12-06T01:29:30+00:00,W9237,,MOVING,retrofit,MOVING,,
7289.5,2025-12-06T01:29:30+00:00,W8381,,MOVING,retrofit,MOVING,,
7294.5,2025-12-06T01:34:30+00:00,W9237,,AT_WORKSHOP,WS_01,ARRIVED,,
7294.5,2025-12-06T01:34:30+00:00,W8381,,AT_WORKSHOP,WS_01,ARRIVED,,
7300.5,2025-12-06T01:40:30+00:00,W9237,,RETROFIT_STARTED,WS_01,PROCESSING,,
7300.5,2025-12-06T01:40:30+00:00,W8381,,RETROFIT_STARTED,WS_01,PROCESSING,,
7344.0,2025-12-06T02:24:00+00:00,W0685,,RETROFIT_COMPLETED,WS_02,COMPLETED,,
7344.0,2025-12-06T02:24:00+00:00,W11953,,RETROFIT_COMPLETED,WS_02,COMPLETED,,
7349.5,2025-12-06T02:29:30+00:00,W0685,,RAKE_COUPLING_STARTED,WS_02,COUPLING,,
7349.5,2025-12-06T02:29:30+00:00,W11953,,RAKE_COUPLING_STARTED,WS_02,COUPLING,,
7351.5,2025-12-06T02:31:30+00:00,W0685,,RAKE_COUPLING_COMPLETED,WS_02,WAITING,,
7351.5,2025-12-06T02:31:30+00:00,W11953,,RAKE_COUPLING_COMPLETED,WS_02,WAITING,,
7351.5,2025-12-06T02:31:30+00:00,W0685,,MOVING,WS_02,MOVING,,
7351.5,2025-12-06T02:31:30+00:00,W11953,,MOVING,WS_02,MOVING,,
7356.5,2025-12-06T02:36:30+00:00,W0685,,ON_RETROFITTED_TRACK,retrofitted,WAITING,,
7356.5,2025-12-06T02:36:30+00:00,W11953,,ON_RETROFITTED_TRACK,retrofitted,WAITING,,
7360.25,2025-12-06T02:40:15+00:00,W2831,T100,ARRIVED,collection1,ARRIVED,,
7360.25,2025-12-06T02:40:15+00:00,W11999,T100,ARRIVED,collection1,ARRIVED,,
7360.25,2025-12-06T02:40:15+00:00,W0881,T100,ARRIVED,collection1,ARRIVED,,
7360.25,2025-12-06T02:40:15+00:00,W12400,T100,ARRIVED,collection1,ARRIVED,,
7360.5,2025-12-06T02:40:30+00:00,W9237,,RETROFIT_COMPLETED,WS_01,COMPLETED,,
7360.5,2025-12-06T02:40:30+00:00,W8381,,RETROFIT_COMPLETED,WS_01,COMPLETED,,
7360.5,2025-12-06T02:40:30+00:00,W8082,,PARKED,parking11,PARKED,,
7360.5,2025-12-06T02:40:30+00:00,W8383,,PARKED,parking11,PARKED,,
7360.5,2025-12-06T02:40:30+00:00,W11596,,PARKED,parking11,PARKED,,
7360.5,2025-12-06T02:40:30+00:00,W0924,,PARKED,parking11,PARKED,,
7366.5,2025-12-06T02:46:30+00:00,W9237,,RAKE_COUPLING_STARTED,WS_01,COUPLING,,
7366.5,2025-12-06T02:46:30+00:00,W8381,,RAKE_COUPLING_STARTED,WS_01,COUPLING,,
7368.5,2025-12-06T02:48:30+00:00,W9237,,RAKE_COUPLING_COMPLETED,WS_01,WAITING,,
7368.5,2025-12-06T02:48:30+00:00,W8381,,RAKE_COUPLING_COMPLETED,WS_01,WAITING,,
7368.5,2025-12-06T02:48:30+00:00,W9237,,MOVING,WS_01,MOVING,,
7368.5,2025-12-06T02:48:30+00:00,W8381,,MOVING,WS_01,MOVING,,
7373.5,2025-12-06T02:53:30+00:00,W9237,,ON_RETROFITTED_TRACK,retrofitted,WAITING,,
7373.5,2025-12-06T02:53:30+00:00,W8381,,ON_RETROFITTED_TRACK,retrofitted,WAITING,,
7375.25,2025-12-06T02:55:15+00:00,W0282,T101,ARRIVED,collection1,ARRIVED,,
7375.25,2025-12-06T02:55:15+00:00,W2701,T101,ARRIVED,collection1,ARRIVED,,
7388.5,2025-12-06T03:08:30+00:00,W9067,,MOVING,retrofit,MOVING,,
7388.5,2025-12-06T03:08:30+00:00,W0117,,MOVING,retrofit,MOVING,,
7393.5,2025-12-06T03:13:30+00:00,W9067,,AT_WORKSHOP,WS_02,ARRIVED,,
7393.5,2025-12-06T03:13:30+00:00,W0117,,AT_WORKSHOP,WS_02,ARRIVED,,
7399.5,2025-12-06T03:19:30+00:00,W9067,,RETROFIT_STARTED,WS_02,PROCESSING,,
7399.5,2025-12-06T03:19:30+00:00,W0117,,RETROFIT_STARTED,WS_02,PROCESSING,,
7414.5,2025-12-06T03:34:30+00:00,W0191,,MOVING,retrofit,MOVING,,
7414.5,2025-12-06T03:34:30+00:00,W0677,,MOVING,retrofit,MOVING,,
7419.5,2025-12-06T03:39:30+00:00,W0191,,AT_WORKSHOP,WS_01,ARRIVED,,
7419.5,2025-12-06T03:39:30+00:00,W0677,,AT_WORKSHOP,WS_01,ARRIVED,,
7425.5,2025-12-06T03:45:30+00:00,W0191,,RETROFIT_STARTED,WS_01,PROCESSING,,
7425.5,2025-12-06T03:45:30+00:00,W0677,,RETROFIT_STARTED,WS_01,PROCESSING,,
7459.5,2025-12-06T04:19:30+00:00,W9067,,RETROFIT_COMPLETED,WS_02,COMPLETED,,
7459.5,2025-12-06T04:19:30+00:00,W0117,,RETROFIT_COMPLETED,WS_02,COMPLETED,,
7480.5,2025-12-06T04:40:30+00:00,W9534,,RAKE_COUPLING_STARTED,collection1,COUPLING,,
7480.5,2025-12-06T04:40:30+00:00,W11482,,RAKE_COUPLING_STARTED,collection1,COUPLING,,
7480.5,2025-12-06T04:40:30+00:00,W10581,,RAKE_COUPLING_STARTED,collection1,COUPLING,,
7480.5,2025-12-06T04:40:30+00:00,W11344,,RAKE_COUPLING_STARTED,collection1,COUPLING,,
7480.5,2025-12-06T04:40:30+00:00,W10258,,RAKE_COUPLING_STARTED,collection1,COUPLING,,
7480.5,2025-12-06T04:40:30+00:00,W10249,,RAKE_COUPLING_STARTED,collection1,COUPLING,,
7480.5,2025-12-06T04:40:30+00:00,W2050,,RAKE_COUPLING_STARTED,collection1,COUPLING,,
7485.5,2025-12-06T04:45:30+00:00,W0191,,RETROFIT_COMPLETED,WS_01,COMPLETED,,
7485.5,2025-12-06T04:45:30+00:00,W0677,,RETROFIT_COMPLETED,WS_01,COMPLETED,,
7493.5,2025-12-06T04:53:30+00:00,W2415,,MOVING,collection2,MOVING,,
7495.5,2025-12-06T04:55:30+00:00,W9534,,MOVING,collection1,MOVING,,
7495.5,2025-12-06T04:55:30+00:00,W11482,,MOVING,collection1,MOVING,,
7495.5,2025-12-06T04:55:30+00:00,W10581,,MOVING,collection1,MOVING,,
7495.5,2025-12-06T04:55:30+00:00,W11344,,MOVING,collection1,MOVING,,
7495.5,2025-12-06T04:55:30+00:00,W10258,,MOVING,collection1,MOVING,,
7495.5,2025-12-06T04:55:30+00:00,W10249,,MOVING,collection1,MOVING,,
7495.5,2025-12-06T04:55:30+00:00,W2050,,MOVING,collection1,MOVING,,
7553.5,2025-12-06T05:53:30+00:00,W2415,,ON_RETROFIT_TRACK,retrofit,WAITING,,
7555.5,2025-12-06T05:55:30+00:00,W9534,,ON_RETROFIT_TRACK,retrofit,WAITING,,
7555.5,2025-12-06T05:55:30+00:00,W11482,,ON_RETROFIT_TRACK,retrofit,WAITING,,
7555.5,2025-12-06T05:55:30+00:00,W10581,,ON_RETROFIT_TRACK,retrofit,WAITING,,
7555.5,2025-12-06T05:55:30+00:00,W11344,,ON_RETROFIT_TRACK,retrofit,WAITING,,
7555.5,2025-12-06T05:55:30+00:00,W10258,,ON_RETROFIT_TRACK,retrofit,WAITING,,
7555.5,2025-12-06T05:55:30+00:00,W10249,,ON_RETROFIT_TRACK,retrofit,WAITING,,
7555.5,2025-12-06T05:55:30+00:00,W2050,,ON_RETROFIT_TRACK,retrofit,WAITING,,
7566.5,2025-12-06T06:06:30+00:00,W9067,,RAKE_COUPLING_STARTED,WS_02,COUPLING,,
7566.5,2025-12-06T06:06:30+00:00,W0117,,RAKE_COUPLING_STARTED,WS_02,COUPLING,,
7568.5,2025-12-06T06:08:30+00:00,W9067,,RAKE_COUPLING_COMPLETED,WS_02,WAITING,,
7568.5,2025-12-06T06:08:30+00:00,W0117,,RAKE_COUPLING_COMPLETED,WS_02,WAITING,,
7568.5,2025-12-06T06:08:30+00:00,W9067,,MOVING,WS_02,MOVING,,
7568.5,2025-12-06T06:08:30+00:00,W0117,,MOVING,WS_02,MOVING,,
7573.5,2025-12-06T06:13:30+00:00,W9067,,ON_RETROFITTED_TRACK,retrofitted,WAITING,,
7573.5,2025-12-06T06:13:30+00:00,W0117,,ON_RETROFITTED_TRACK,retrofitted,WAITING,,
7583.5,2025-12-06T06:23:30+00:00,W0191,,RAKE_COUPLING_STARTED,WS_01,COUPLING,,
7583.5,2025-12-06T06:23:30+00:00,W0677,,RAKE_COUPLING_STARTED,WS_01,COUPLING,,
7585.5,2025-12-06T06:25:30+00:00,W0191,,RAKE_COUPLING_COMPLETED,WS_01,WAITING,,
7585.5,2025-12-06T06:25:30+00:00,W0677,,RAKE_COUPLING_COMPLETED,WS_01,WAITING,,
7585.5,2025-12-06T06:25:30+00:00,W0191,,MOVING,WS_01,MOVING,,
7585.5,2025-12-06T06:25:30+00:00,W0677,,MOVING,WS_01,MOVING,,
7590.5,2025-12-06T06:30:30+00:00,W0191,,ON_RETROFITTED_TRACK,retrofitted,WAITING,,
7590.5,2025-12-06T06:30:30+00:00,W0677,,ON_RETROFITTED_TRACK,retrofitted,WAITING,,
7605.5,2025-12-06T06:45:30+00:00,W7316,,MOVING,retrofit,MOVING,,
7605.5,2025-12-06T06:45:30+00:00,W2853,,MOVING,retrofit,MOVING,,
7609.5,2025-12-06T06:49:30+00:00,W2415,,MOVING,retrofit,MOVING,,
7609.5,2025-12-06T06:49:30+00:00,W9534,,MOVING,retrofit,MOVING,,
7610.5,2025-12-06T06:50:30+00:00,W7316,,AT_WORKSHOP,WS_02,ARRIVED,,
7610.5,2025-12-06T06:50:30+00:00,W2853,,AT_WORKSHOP,WS_02,ARRIVED,,
7614.5,2025-12-06T06:54:30+00:00,W2415,,AT_WORKSHOP,WS_01,ARRIVED,,
7614.5,2025-12-06T06:54:30+00:00,W9534,,AT_WORKSHOP,WS_01,ARRIVED,,
7616.5,2025-12-06T06:56:30+00:00,W7316,,RETROFIT_STARTED,WS_02,PROCESSING,,
7616.5,2025-12-06T06:56:30+00:00,W2853,,RETROFIT_STARTED,WS_02,PROCESSING,,
7620.5,2025-12-06T07:00:30+00:00,W2415,,RETROFIT_STARTED,WS_01,PROCESSING,,
7620.5,2025-12-06T07:00:30+00:00,W9534,,RETROFIT_STARTED,WS_01,PROCESSING,,
7676.5,2025-12-06T07:56:30+00:00,W7316,,RETROFIT_COMPLETED,WS_02,COMPLETED,,
7676.5,2025-12-06T07:56:30+00:00,W2853,,RETROFIT_COMPLETED,WS_02,COMPLETED,,
7680.5,2025-12-06T08:00:30+00:00,W2415,,RETROFIT_COMPLETED,WS_01,COMPLETED,,
7680.5,2025-12-06T08:00:30+00:00,W9534,,RETROFIT_COMPLETED,WS_01,COMPLETED,,
7682.0,2025-12-06T08:02:00+00:00,W7316,,RAKE_COUPLING_STARTED,WS_02,COUPLING,,
7682.0,2025-12-06T08:02:00+00:00,W2853,,RAKE_COUPLING_STARTED,WS_02,COUPLING,,
7684.0,2025-12-06T08:04:00+00:00,W7316,,RAKE_COUPLING_COMPLETED,WS_02,WAITING,,
7684.0,2025-12-06T08:04:00+00:00,W2853,,RAKE_COUPLING_COMPLETED,WS_02,WAITING,,
7684.0,2025-12-06T08:04:00+00:00,W7316,,MOVING,WS_02,MOVING,,
7684.0,2025-12-06T08:04:00+00:00,W2853,,MOVING,WS_02,MOVING,,
7689.0,2025-12-06T08:09:00+00:00,W7316,,ON_RETROFITTED_TRACK,retrofitted,WAITING,,
7689.0,2025-12-06T08:09:00+00:00,W2853,,ON_RETROFITTED_TRACK,retrofitted,WAITING,,
7693.0,2025-12-06T08:13:00+00:00,W0685,,PARKED,parking10,PARKED,,
7693.0,2025-12-06T08:13:00+00:00,W11953,,PARKED,parking10,PARKED,,
7693.0,2025-12-06T08:13:00+00:00,W9237,,PARKED,parking10,PARKED,,
7693.0,2025-12-06T08:13:00+00:00,W8381,,PARKED,parking10,PARKED,,
7699.0,2025-12-06T08:19:00+00:00,W2415,,RAKE_COUPLING_STARTED,WS_01,COUPLING,,
7699.0,2025-12-06T08:19:00+00:00,W9534,,RAKE_COUPLING_STARTED,WS_01,COUPLING,,
7701.0,2025-12-06T08:21:00+00:00,W2415,,RAKE_COUPLING_COMPLETED,WS_01,WAITING,,
7701.0,2025-12-06T08:21:00+00:00,W9534,,RAKE_COUPLING_COMPLETED,WS_01,WAITING,,
7701.0,2025-12-06T08:21:00+00:00,W2415,,MOVING,WS_01,MOVING,,
7701.0,2025-12-06T08:21:00+00:00,W9534,,MOVING,WS_01,MOVING,,
7706.0,2025-12-06T08:26:00+00:00,W2415,,ON_RETROFITTED_TRACK,retrofitted,WAITING,,
7706.0,2025-12-06T08:26:00+00:00,W9534,,ON_RETROFITTED_TRACK,retrofitted,WAITING,,
7721.0,2025-12-06T08:41:00+00:00,W11482,,MOVING,retrofit,MOVING,,
7721.0,2025-12-06T08:41:00+00:00,W10581,,MOVING,retrofit,MOVING,,
7726.0,2025-12-06T08:46:00+00:00,W11482,,AT_WORKSHOP,WS_02,ARRIVED,,
7726.0,2025-12-06T08:46:00+00:00,W10581,,AT_WORKSHOP,WS_02,ARRIVED,,
7732.0,2025-12-06T08:52:00+00:00,W11482,,RETROFIT_STARTED,WS_02,PROCESSING,,
7732.0,2025-12-06T08:52:00+00:00,W10581,,RETROFIT_STARTED,WS_02,PROCESSING,,
7747.0,2025-12-06T09:07:00+00:00,W11344,,MOVING,retrofit,MOVING,,
7747.0,2025-12-06T09:07:00+00:00,W10258,,MOVING,retrofit,MOVING,,
7752.0,2025-12-06T09:12:00+00:00,W11344,,AT_WORKSHOP,WS_01,ARRIVED,,
7752.0,2025-12-06T09:12:00+00:00,W10258,,AT_WORKSHOP,WS_01,ARRIVED,,
7758.0,2025-12-06T09:18:00+00:00,W11344,,RETROFIT_STARTED,WS_01,PROCESSING,,
7758.0,2025-12-06T09:18:00+00:00,W10258,,RETROFIT_STARTED,WS_01,PROCESSING,,
7792.0,2025-12-06T09:52:00+00:00,W11482,,RETROFIT_COMPLETED,WS_02,COMPLETED,,
7792.0,2025-12-06T09:52:00+00:00,W10581,,RETROFIT_COMPLETED,WS_02,COMPLETED,,
7813.0,2025-12-06T10:13:00+00:00,W10093,,RAKE_COUPLING_STARTED,collection2,COUPLING,,
7813.0,2025-12-06T10:13:00+00:00,W11640,,RAKE_COUPLING_STARTED,collection2,COUPLING,,
7813.0,2025-12-06T10:13:00+00:00,W8671,,RAKE_COUPLING_STARTED,collection2,COUPLING,,
7813.0,2025-12-06T10:13:00+00:00,W11252,,RAKE_COUPLING_STARTED,collection2,COUPLING,,
7813.0,2025-12-06T10:13:00+00:00,W5452,,RAKE_COUPLING_STARTED,collection2,COUPLING,,
7813.0,2025-12-06T10:13:00+00:00,W6800,,RAKE_COUPLING_STARTED,collection2,COUPLING,,
7818.0,2025-12-06T10:18:00+00:00,W11344,,RETROFIT_COMPLETED,WS_01,COMPLETED,,
7818.0,2025-12-06T10:18:00+00:00,W10258,,RETROFIT_COMPLETED,WS_01,COMPLETED,,
7823.0,2025-12-06T10:23:00+00:00,W2386,,RAKE_COUPLING_STARTED,collection1,COUPLING,,
7823.0,2025-12-06T10:23:00+00:00,W10254,,RAKE_COUPLING_STARTED,collection1,COUPLING,,
7823.0,2025-12-06T10:23:00+00:00,W12057,,RAKE_COUPLING_STARTED,collection1,COUPLING,,
7823.0,2025-12-06T10:23:00+00:00,W2136,,RAKE_COUPLING_STARTED,collection1,COUPLING,,
7826.0,2025-12-06T10:26:00+00:00,W10093,,MOVING,collection2,MOVING,,
7826.0,2025-12-06T10:26:00+00:00,W11640,,MOVING,collection2,MOVING,,
7826.0,2025-12-06T10:26:00+00:00,W8671,,MOVING,collection2,MOVING,,
7826.0,2025-12-06T10:26:00+00:00,W11252,,MOVING,collection2,MOVING,,
7826.0,2025-12-06T10:26:00+00:00,W5452,,MOVING,collection2,MOVING,,
7826.0,2025-12-06T10:26:00+00:00,W6800,,MOVING,collection2,MOVING,,
7832.0,2025-12-06T10:32:00+00:00,W2386,,MOVING,collection1,MOVING,,
7832.0,2025-12-06T10:32:00+00:00,W10254,,MOVING,collection1,MOVING,,
7832.0,2025-12-06T10:32:00+00:00,W12057,,MOVING,collection1,MOVING,,
7832.0,2025-12-06T10:32:00+00:00,W2136,,MOVING,collection1,MOVING,,
7881.5,2025-12-06T11:21:30+00:00,W8570,T102,ARRIVED,collection1,ARRIVED,,
7881.5,2025-12-06T11:21:30+00:00,W9355,T102,ARRIVED,collection1,ARRIVED,,
7881.5,2025-12-06T11:21:30+00:00,W8578,T102,ARRIVED,collection1,ARRIVED,,
7881.5,2025-12-06T11:21:30+00:00,W0948,T102,ARRIVED,collection1,ARRIVED,,
7881.5,2025-12-06T11:21:30+00:00,W9358,T102,ARRIVED,collection1,ARRIVED,,
7886.0,2025-12-06T11:26:00+00:00,W10093,,ON_RETROFIT_TRACK,retrofit,WAITING,,
7886.0,2025-12-06T11:26:00+00:00,W11640,,ON_RETROFIT_TRACK,retrofit,WAITING,,
7886.0,2025-12-06T11:26:00+00:00,W8671,,ON_RETROFIT_TRACK,retrofit,WAITING,,
7886.0,2025-12-06T11:26:00+00:00,W11252,,ON_RETROFIT_TRACK,retrofit,WAITING,,
7886.0,2025-12-06T11:26:00+00:00,W5452,,ON_RETROFIT_TRACK,retrofit,WAITING,,
7886.0,2025-12-06T11:26:00+00:00,W6800,,ON_RETROFIT_TRACK,retrofit,WAITING,,
7892.0,2025-12-06T11:32:00+00:00,W2386,,ON_RETROFIT_TRACK,retrofit,WAITING,,
7892.0,2025-12-06T11:32:00+00:00,W10254,,ON_RETROFIT_TRACK,retrofit,WAITING,,
7892.0,2025-12-06T11:32:00+00:00,W12057,,ON_RETROFIT_TRACK,retrofit,WAITING,,
7892.0,2025-12-06T11:32:00+00:00,W2136,,ON_RETROFIT_TRACK,retrofit,WAITING,,
7923.0,2025-12-06T12:03:00+00:00,W11482,,RAKE_COUPLING_STARTED,WS_02,COUPLING,,
7923.0,2025-12-06T12:03:00+00:00,W10581,,RAKE_COUPLING_STARTED,WS_02,COUPLING,,
7925.0,2025-12-06T12:05:00+00:00,W11482,,RAKE_COUPLING_COMPLETED,WS_02,WAITING,,
7925.0,2025-12-06T12:05:00+00:00,W10581,,RAKE_COUPLING_COMPLETED,WS_02,WAITING,,
7925.0,2025-12-06T12:05:00+00:00,W11482,,MOVING,WS_02,MOVING,,
7925.0,2025-12-06T12:05:00+00:00,W10581,,MOVING,WS_02,MOVING,,
7926.0,2025-12-06T12:06:00+00:00,W8527,T103,REJECTED,REJECTED,REJECTED_NO_RETROFIT_NEEDED,No Retrofit Needed,Wagon doesn't need retrofit
7926.0,2025-12-06T12:06:00+00:00,W0680,T103,ARRIVED,collection1,ARRIVED,,
7926.0,2025-12-06T12:06:00+00:00,W11195,T103,ARRIVED,collection1,ARRIVED,,
7927.75,2025-12-06T12:07:45+00:00,W2112,T104,REJECTED,REJECTED,REJECTED_NO_RETROFIT_NEEDED,No Retrofit Needed,Wagon doesn't need retrofit
7927.75,2025-12-06T12:07:45+00:00,W0367,T104,ARRIVED,collection1,ARRIVED,,
7927.75,2025-12-06T12:07:45+00:00,W0411,T104,ARRIVED,collection1,ARRIVED,,
7927.75,2025-12-06T12:07:45+00:00,W4337,T104,ARRIVED,collection2,ARRIVED,,
7927.75,2025-12-06T12:07:45+00:00,W2166,T104,ARRIVED,collection2,ARRIVED,,
7929.0,2025-12-06T12:09:00+00:00,W11344,,RAKE_COUPLING_STARTED,WS_01,COUPLING,,
7929.0,2025-12-06T12:09:00+00:00,W10258,,RAKE_COUPLING_STARTED,WS_01,COUPLING,,
7930.0,2025-12-06T12:10:00+00:00,W11482,,ON_RETROFITTED_TRACK,retrofitted,WAITING,,
7930.0,2025-12-06T12:10:00+00:00,W10581,,ON_RETROFITTED_TRACK,retrofitted,WAITING,,
7931.0,2025-12-06T12:11:00+00:00,W11344,,RAKE_COUPLING_COMPLETED,WS_01,WAITING,,
7931.0,2025-12-06T12:11:00+00:00,W10258,,RAKE_COUPLING_COMPLETED,WS_01,WAITING,,
7931.0,2025-12-06T12:11:00+00:00,W11344,,MOVING,WS_01,MOVING,,
7931.0,2025-12-06T12:11:00+00:00,W10258,,MOVING,WS_01,MOVING,,
7936.0,2025-12-06T12:16:00+00:00,W11344,,ON_RETROFITTED_TRACK,retrofitted,WAITING,,
7936.0,2025-12-06T12:16:00+00:00,W10258,,ON_RETROFITTED_TRACK,retrofitted,WAITING,,
7951.0,2025-12-06T12:31:00+00:00,W10249,,MOVING,retrofit,MOVING,,
7951.0,2025-12-06T12:31:00+00:00,W2050,,MOVING,retrofit,MOVING,,
7956.0,2025-12-06T12:36:00+00:00,W10249,,AT_WORKSHOP,WS_02,ARRIVED,,
7956.0,2025-12-06T12:36:00+00:00,W2050,,AT_WORKSHOP,WS_02,ARRIVED,,
7962.0,2025-12-06T12:42:00+00:00,W10249,,RETROFIT_STARTED,WS_02,PROCESSING,,
7962.0,2025-12-06T12:42:00+00:00,W2050,,RETROFIT_STARTED,WS_02,PROCESSING,,
7977.0,2025-12-06T12:57:00+00:00,W10093,,MOVING,retrofit,MOVING,,
7977.0,2025-12-06T12:57:00+00:00,W11640,,MOVING,retrofit,MOVING,,
7982.0,2025-12-06T13:02:00+00:00,W10093,,AT_WORKSHOP,WS_01,ARRIVED,,
7982.0,2025-12-06T13:02:00+00:00,W11640,,AT_WORKSHOP,WS_01,ARRIVED,,
7982.75,2025-12-06T13:02:45+00:00,W11539,T105,REJECTED,REJECTED,REJECTED_NO_RETROFIT_NEEDED,No Retrofit Needed,Wagon doesn't need retrofit
7988.0,2025-12-06T13:08:00+00:00,W10093,,RETROFIT_STARTED,WS_01,PROCESSING,,
7988.0,2025-12-06T13:08:00+00:00,W11640,,RETROFIT_STARTED,WS_01,PROCESSING,,
8022.0,2025-12-06T13:42:00+00:00,W10249,,RETROFIT_COMPLETED,WS_02,COMPLETED,,
8022.0,2025-12-06T13:42:00+00:00,W2050,,RETROFIT_COMPLETED,WS_02,COMPLETED,,
8027.5,2025-12-06T13:47:30+00:00,W9067,,PARKED,parking13,PARKED,,
8027.5,2025-12-06T13:47:30+00:00,W0117,,PARKED,parking13,PARKED,,
8027.5,2025-12-06T13:47:30+00:00,W0191,,PARKED,parking13,PARKED,,
8027.5,2025-12-06T13:47:30+00:00,W0677,,PARKED,parking13,PARKED,,
8027.5,2025-12-06T13:47:30+00:00,W7316,,PARKED,parking13,PARKED,,
8027.5,2025-12-06T13:47:30+00:00,W2853,,PARKED,parking13,PARKED,,
8027.5,2025-12-06T13:47:30+00:00,W2415,,PARKED,parking13,PARKED,,
8027.5,2025-12-06T13:47:30+00:00,W9534,,PARKED,parking13,PARKED,,
8048.0,2025-12-06T14:08:00+00:00,W10093,,RETROFIT_COMPLETED,WS_01,COMPLETED,,
8048.0,2025-12-06T14:08:00+00:00,W11640,,RETROFIT_COMPLETED,WS_01,COMPLETED,,
8053.0,2025-12-06T14:13:00+00:00,W5282,,RAKE_COUPLING_STARTED,collection1,COUPLING,,
8053.0,2025-12-06T14:13:00+00:00,W7542,,RAKE_COUPLING_STARTED,collection1,COUPLING,,
8053.0,2025-12-06T14:13:00+00:00,W10814,,RAKE_COUPLING_STARTED,collection1,COUPLING,,
8053.0,2025-12-06T14:13:00+00:00,W2652,,RAKE_COUPLING_STARTED,collection1,COUPLING,,
8053.0,2025-12-06T14:13:00+00:00,W12385,,RAKE_COUPLING_STARTED,collection1,COUPLING,,
8064.0,2025-12-06T14:24:00+00:00,W5282,,MOVING,collection1,MOVING,,
8064.0,2025-12-06T14:24:00+00:00,W7542,,MOVING,collection1,MOVING,,
8064.0,2025-12-06T14:24:00+00:00,W10814,,MOVING,collection1,MOVING,,
8064.0,2025-12-06T14:24:00+00:00,W2652,,MOVING,collection1,MOVING,,
8064.0,2025-12-06T14:24:00+00:00,W12385,,MOVING,collection1,MOVING,,
8067.0,2025-12-06T14:27:00+00:00,W11320,T106,REJECTED,REJECTED,REJECTED_NO_RETROFIT_NEEDED,No Retrofit Needed,Wagon doesn't need retrofit
8067.0,2025-12-06T14:27:00+00:00,W2184,T106,REJECTED,REJECTED,REJECTED,NO_COLLECTION_TRACK,No collection track available
8067.0,2025-12-06T14:27:00+00:00,W2839,T106,REJECTED,REJECTED,REJECTED,NO_COLLECTION_TRACK,No collection track available
8067.0,2025-12-06T14:27:00+00:00,W11847,T106,ARRIVED,collection2,ARRIVED,,
8067.0,2025-12-06T14:27:00+00:00,W11884,T106,ARRIVED,collection2,ARRIVED,,
8067.0,2025-12-06T14:27:00+00:00,W2135,T106,ARRIVED,collection2,ARRIVED,,
8067.0,2025-12-06T14:27:00+00:00,W9420,T106,ARRIVED,collection2,ARRIVED,,
8067.0,2025-12-06T14:27:00+00:00,W9744,T106,ARRIVED,collection2,ARRIVED,,
8067.0,2025-12-06T14:27:00+00:00,W10936,T106,ARRIVED,collection2,ARRIVED,,
8087.75,2025-12-06T14:47:45+00:00,W11482,T107,REJECTED,REJECTED,REJECTED_NO_RETROFIT_NEEDED,No Retrofit Needed,Wagon doesn't need retrofit
8087.75,2025-12-06T14:47:45+00:00,W9733,T107,REJECTED,REJECTED,REJECTED,NO_COLLECTION_TRACK,No collection track available
8087.75,2025-12-06T14:47:45+00:00,W10993,T107,ARRIVED,collection2,ARRIVED,,
8092.5,2025-12-06T14:52:30+00:00,W10249,,RAKE_COUPLING_STARTED,WS_02,COUPLING,,
8092.5,2025-12-06T14:52:30+00:00,W2050,,RAKE_COUPLING_STARTED,WS_02,COUPLING,,
8094.5,2025-12-06T14:54:30+00:00,W10249,,RAKE_COUPLING_COMPLETED,WS_02,WAITING,,
8094.5,2025-12-06T14:54:30+00:00,W2050,,RAKE_COUPLING_COMPLETED,WS_02,WAITING,,
8094.5,2025-12-06T14:54:30+00:00,W10249,,MOVING,WS_02,MOVING,,
8094.5,2025-12-06T14:54:30+00:00,W2050,,MOVING,WS_02,MOVING,,
8099.5,2025-12-06T14:59:30+00:00,W10249,,ON_RETROFITTED_TRACK,retrofitted,WAITING,,
8099.5,2025-12-06T14:59:30+00:00,W2050,,ON_RETROFITTED_TRACK,retrofitted,WAITING,,
8109.5,2025-12-06T15:09:30+00:00,W10093,,RAKE_COUPLING_STARTED,WS_01,COUPLING,,
8109.5,2025-12-06T15:09:30+00:00,W11640,,RAKE_COUPLING_STARTED,WS_01,COUPLING,,
8111.5,2025-12-06T15:11:30+00:00,W10093,,RAKE_COUPLING_COMPLETED,WS_01,WAITING,,
8111.5,2025-12-06T15:11:30+00:00,W11640,,RAKE_COUPLING_COMPLETED,WS_01,WAITING,,
8111.5,2025-12-06T15:11:30+00:00,W10093,,MOVING,WS_01,MOVING,,
8111.5,2025-12-06T15:11:30+00:00,W11640,,MOVING,WS_01,MOVING,,
8114.75,2025-12-06T15:14:45+00:00,W4726,T108,REJECTED,REJECTED,REJECTED_NO_RETROFIT_NEEDED,No Retrofit Needed,Wagon doesn't need retrofit
8114.75,2025-12-06T15:14:45+00:00,W4754,T108,REJECTED,REJECTED,REJECTED_NO_RETROFIT_NEEDED,No Retrofit Needed,Wagon doesn't need retrofit
8114.75,2025-12-06T15:14:45+00:00,W4701,T108,REJECTED,REJECTED,REJECTED_NO_RETROFIT_NEEDED,No Retrofit Needed,Wagon doesn't need retrofit
8116.5,2025-12-06T15:16:30+00:00,W10093,,ON_RETROFITTED_TRACK,retrofitted,WAITING,,
8116.5,2025-12-06T15:16:30+00:00,W11640,,ON_RETROFITTED_TRACK,retrofitted,WAITING,,
8124.0,2025-12-06T15:24:00+00:00,W5282,,ON_RETROFIT_TRACK,retrofit,WAITING,,
8124.0,2025-12-06T15:24:00+00:00,W7542,,ON_RETROFIT_TRACK,retrofit,WAITING,,
8124.0,2025-12-06T15:24:00+00:00,W10814,,ON_RETROFIT_TRACK,retrofit,WAITING,,
8124.0,2025-12-06T15:24:00+00:00,W2652,,ON_RETROFIT_TRACK,retrofit,WAITING,,
8124.0,2025-12-06T15:24:00+00:00,W12385,,ON_RETROFIT_TRACK,retrofit,WAITING,,
8131.5,2025-12-06T15:31:30+00:00,W8671,,MOVING,retrofit,MOVING,,
8131.5,2025-12-06T15:31:30+00:00,W11252,,MOVING,retrofit,MOVING,,
8136.5,2025-12-06T15:36:30+00:00,W8671,,AT_WORKSHOP,WS_02,ARRIVED,,
8136.5,2025-12-06T15:36:30+00:00,W11252,,AT_WORKSHOP,WS_02,ARRIVED,,
8142.5,2025-12-06T15:42:30+00:00,W8671,,RETROFIT_STARTED,WS_02,PROCESSING,,
8142.5,2025-12-06T15:42:30+00:00,W11252,,RETROFIT_STARTED,WS_02,PROCESSING,,
8157.5,2025-12-06T15:57:30+00:00,W5452,,MOVING,retrofit,MOVING,,
8157.5,2025-12-06T15:57:30+00:00,W6800,,MOVING,retrofit,MOVING,,
8162.5,2025-12-06T16:02:30+00:00,W5452,,AT_WORKSHOP,WS_01,ARRIVED,,
8162.5,2025-12-06T16:02:30+00:00,W6800,,AT_WORKSHOP,WS_01,ARRIVED,,
8168.5,2025-12-06T16:08:30+00:00,W5452,,RETROFIT_STARTED,WS_01,PROCESSING,,
8168.5,2025-12-06T16:08:30+00:00,W6800,,RETROFIT_STARTED,WS_01,PROCESSING,,
8202.5,2025-12-06T16:42:30+00:00,W8671,,RETROFIT_COMPLETED,WS_02,COMPLETED,,
8202.5,2025-12-06T16:42:30+00:00,W11252,,RETROFIT_COMPLETED,WS_02,COMPLETED,,
8219.0,2025-12-06T16:59:00+00:00,W8380,,MOVING,collection2,MOVING,,
8228.5,2025-12-06T17:08:30+00:00,W5452,,RETROFIT_COMPLETED,WS_01,COMPLETED,,
8228.5,2025-12-06T17:08:30+00:00,W6800,,RETROFIT_COMPLETED,WS_01,COMPLETED,,
8246.5,2025-12-06T17:26:30+00:00,W11510,T109,REJECTED,REJECTED,REJECTED,NO_COLLECTION_TRACK,No collection track available
8246.5,2025-12-06T17:26:30+00:00,W3210,T109,REJECTED,REJECTED,REJECTED,NO_COLLECTION_TRACK,No collection track available
8246.5,2025-12-06T17:26:30+00:00,W4457,T109,ARRIVED,collection1,ARRIVED,,
8246.5,2025-12-06T17:26:30+00:00,W5612,T109,ARRIVED,collection1,ARRIVED,,
8246.5,2025-12-06T17:26:30+00:00,W0928,T109,ARRIVED,collection1,ARRIVED,,
8246.5,2025-12-06T17:26:30+00:00,W12177,T109,ARRIVED,collection1,ARRIVED,,
8246.5,2025-12-06T17:26:30+00:00,W0888,T109,ARRIVED,collection1,ARRIVED,,
8260.0,2025-12-06T17:40:00+00:00,W11482,,PARKED,parking15,PARKED,,
8260.0,2025-12-06T17:40:00+00:00,W10581,,PARKED,parking15,PARKED,,
8260.0,2025-12-06T17:40:00+00:00,W11344,,PARKED,parking15,PARKED,,
8260.0,2025-12-06T17:40:00+00:00,W10258,,PARKED,parking15,PARKED,,
8270.25,2025-12-06T17:50:15+00:00,W12260,T110,REJECTED,REJECTED,REJECTED_NO_RETROFIT_NEEDED,No Retrofit Needed,Wagon doesn't need retrofit
8270.25,2025-12-06T17:50:15+00:00,W0709,T110,REJECTED,REJECTED,REJECTED,NO_COLLECTION_TRACK,No collection track available
8275.25,2025-12-06T17:55:15+00:00,W6823,T111,REJECTED,REJECTED,REJECTED,NO_COLLECTION_TRACK,No collection track available
8275.25,2025-12-06T17:55:15+00:00,W6640,T111,REJECTED,REJECTED,REJECTED,NO_COLLECTION_TRACK,No collection track available
8275.25,2025-12-06T17:55:15+00:00,W5646,T111,REJECTED,REJECTED,REJECTED,NO_COLLECTION_TRACK,No collection track available
8275.25,2025-12-06T17:55:15+00:00,W6681,T111,REJECTED,REJECTED,REJECTED,NO_COLLECTION_TRACK,No collection track available
8275.25,2025-12-06T17:55:15+00:00,W6467,T111,REJECTED,REJECTED,REJECTED,NO_COLLECTION_TRACK,No collection track available
8279.0,2025-12-06T17:59:00+00:00,W8380,,ON_RETROFIT_TRACK,retrofit,WAITING,,
8292.0,2025-12-06T18:12:00+00:00,W8671,,RAKE_COUPLING_STARTED,WS_02,COUPLING,,
8292.0,2025-12-06T18:12:00+00:00,W11252,,RAKE_COUPLING_STARTED,WS_02,COUPLING,,
8294.0,2025-12-06T18:14:00+00:00,W8671,,RAKE_COUPLING_COMPLETED,WS_02,WAITING,,
8294.0,2025-12-06T18:14:00+00:00,W11252,,RAKE_COUPLING_COMPLETED,WS_02,WAITING,,
8294.0,2025-12-06T18:14:00+00:00,W8671,,MOVING,WS_02,MOVING,,
8294.0,2025-12-06T18:14:00+00:00,W11252,,MOVING,WS_02,MOVING,,
8299.0,2025-12-06T18:19:00+00:00,W8671,,ON_RETROFITTED_TRACK,retrofitted,WAITING,,
8299.0,2025-12-06T18:19:00+00:00,W11252,,ON_RETROFITTED_TRACK,retrofitted,WAITING,,
8309.0,2025-12-06T18:29:00+00:00,W5452,,RAKE_COUPLING_STARTED,WS_01,COUPLING,,
8309.0,2025-12-06T18:29:00+00:00,W6800,,RAKE_COUPLING_STARTED,WS_01,COUPLING,,
8311.0,2025-12-06T18:31:00+00:00,W5452,,RAKE_COUPLING_COMPLETED,WS_01,WAITING,,
8311.0,2025-12-06T18:31:00+00:00,W6800,,RAKE_COUPLING_COMPLETED,WS_01,WAITING,,
8311.0,2025-12-06T18:31:00+00:00,W5452,,MOVING,WS_01,MOVING,,
8311.0,2025-12-06T18:31:00+00:00,W6800,,MOVING,WS_01,MOVING,,
8316.0,2025-12-06T18:36:00+00:00,W5452,,ON_RETROFITTED_TRACK,retrofitted,WAITING,,
8316.0,2025-12-06T18:36:00+00:00,W6800,,ON_RETROFITTED_TRACK,retrofitted,WAITING,,
8329.0,2025-12-06T18:49:00+00:00,W12319,T112,REJECTED,REJECTED,REJECTED,NO_COLLECTION_TRACK,No collection track available
8329.0,2025-12-06T18:49:00+00:00,W11050,T112,ARRIVED,collection2,ARRIVED,,
8330.0,2025-12-06T18:50:00+00:00,W2386,,MOVING,retrofit,MOVING,,
8330.0,2025-12-06T18:50:00+00:00,W10254,,MOVING,retrofit,MOVING,,
8335.0,2025-12-06T18:55:00+00:00,W2386,,AT_WORKSHOP,WS_02,ARRIVED,,
8335.0,2025-12-06T18:55:00+00:00,W10254,,AT_WORKSHOP,WS_02,ARRIVED,,
8336.0,2025-12-06T18:56:00+00:00,W6025,T113,REJECTED,REJECTED,REJECTED_NO_RETROFIT_NEEDED,No Retrofit Needed,Wagon doesn't need retrofit
8336.0,2025-12-06T18:56:00+00:00,W6634,T113,REJECTED,REJECTED,REJECTED_NO_RETROFIT_NEEDED,No Retrofit Needed,Wagon doesn't need retrofit
8341.0,2025-12-06T19:01:00+00:00,W2386,,RETROFIT_STARTED,WS_02,PROCESSING,,
8341.0,2025-12-06T19:01:00+00:00,W10254,,RETROFIT_STARTED,WS_02,PROCESSING,,
8341.25,2025-12-06T19:01:15+00:00,W0561,T114,REJECTED,REJECTED,REJECTED,NO_COLLECTION_TRACK,No collection track available
8341.25,2025-12-06T19:01:15+00:00,W7563,T114,REJECTED,REJECTED,REJECTED,NO_COLLECTION_TRACK,No collection track available
8341.25,2025-12-06T19:01:15+00:00,W0475,T114,ARRIVED,collection2,ARRIVED,,
8341.25,2025-12-06T19:01:15+00:00,W0827,T114,ARRIVED,collection2,ARRIVED,,
8342.0,2025-12-06T19:02:00+00:00,W10886,T115,REJECTED,REJECTED,REJECTED_NO_RETROFIT_NEEDED,No Retrofit Needed,Wagon doesn't need retrofit
8343.5,2025-12-06T19:03:30+00:00,W10249,,PARKED,parking1,PARKED,,
8343.5,2025-12-06T19:03:30+00:00,W2050,,PARKED,parking1,PARKED,,
8343.5,2025-12-06T19:03:30+00:00,W10093,,PARKED,parking1,PARKED,,
8343.5,2025-12-06T19:03:30+00:00,W11640,,PARKED,parking1,PARKED,,
8343.5,2025-12-06T19:03:30+00:00,W8671,,PARKED,parking1,PARKED,,
8343.5,2025-12-06T19:03:30+00:00,W11252,,PARKED,parking1,PARKED,,
8343.5,2025-12-06T19:03:30+00:00,W5452,,PARKED,parking1,PARKED,,
8343.5,2025-12-06T19:03:30+00:00,W6800,,PARKED,parking1,PARKED,,
8356.0,2025-12-06T19:16:00+00:00,W12057,,MOVING,retrofit,MOVING,,
8356.0,2025-12-06T19:16:00+00:00,W2136,,MOVING,retrofit,MOVING,,
8361.0,2025-12-06T19:21:00+00:00,W12057,,AT_WORKSHOP,WS_01,ARRIVED,,
8361.0,2025-12-06T19:21:00+00:00,W2136,,AT_WORKSHOP,WS_01,ARRIVED,,
8367.0,2025-12-06T19:27:00+00:00,W12057,,RETROFIT_STARTED,WS_01,PROCESSING,,
8367.0,2025-12-06T19:27:00+00:00,W2136,,RETROFIT_STARTED,WS_01,PROCESSING,,
8401.0,2025-12-06T20:01:00+00:00,W2386,,RETROFIT_COMPLETED,WS_02,COMPLETED,,
8401.0,2025-12-06T20:01:00+00:00,W10254,,RETROFIT_COMPLETED,WS_02,COMPLETED,,
8406.5,2025-12-06T20:06:30+00:00,W2386,,RAKE_COUPLING_STARTED,WS_02,COUPLING,,
8406.5,2025-12-06T20:06:30+00:00,W10254,,RAKE_COUPLING_STARTED,WS_02,COUPLING,,
8408.5,2025-12-06T20:08:30+00:00,W2386,,RAKE_COUPLING_COMPLETED,WS_02,WAITING,,
8408.5,2025-12-06T20:08:30+00:00,W10254,,RAKE_COUPLING_COMPLETED,WS_02,WAITING,,
8408.5,2025-12-06T20:08:30+00:00,W2386,,MOVING,WS_02,MOVING,,
8408.5,2025-12-06T20:08:30+00:00,W10254,,MOVING,WS_02,MOVING,,
8413.5,2025-12-06T20:13:30+00:00,W2386,,ON_RETROFITTED_TRACK,retrofitted,WAITING,,
8413.5,2025-12-06T20:13:30+00:00,W10254,,ON_RETROFITTED_TRACK,retrofitted,WAITING,,
8425.5,2025-12-06T20:25:30+00:00,W2744,T116,REJECTED,REJECTED,REJECTED_NO_RETROFIT_NEEDED,No Retrofit Needed,Wagon doesn't need retrofit
8425.5,2025-12-06T20:25:30+00:00,W5833,T116,REJECTED,REJECTED,REJECTED_NO_RETROFIT_NEEDED,No Retrofit Needed,Wagon doesn't need retrofit
8425.5,2025-12-06T20:25:30+00:00,W5821,T116,REJECTED,REJECTED,REJECTED,NO_COLLECTION_TRACK,No collection track available
8425.5,2025-12-06T20:25:30+00:00,W6008,T116,REJECTED,REJECTED,REJECTED,NO_COLLECTION_TRACK,No collection track available
8427.0,2025-12-06T20:27:00+00:00,W12057,,RETROFIT_COMPLETED,WS_01,COMPLETED,,
8427.0,2025-12-06T20:27:00+00:00,W2136,,RETROFIT_COMPLETED,WS_01,COMPLETED,,
8428.5,2025-12-06T20:28:30+00:00,W5282,,MOVING,retrofit,MOVING,,
8428.5,2025-12-06T20:28:30+00:00,W7542,,MOVING,retrofit,MOVING,,
8433.5,2025-12-06T20:33:30+00:00,W5282,,AT_WORKSHOP,WS_02,ARRIVED,,
8433.5,2025-12-06T20:33:30+00:00,W7542,,AT_WORKSHOP,WS_02,ARRIVED,,
8439.5,2025-12-06T20:39:30+00:00,W5282,,RETROFIT_STARTED,WS_02,PROCESSING,,
8439.5,2025-12-06T20:39:30+00:00,W7542,,RETROFIT_STARTED,WS_02,PROCESSING,,
8449.5,2025-12-06T20:49:30+00:00,W12057,,RAKE_COUPLING_STARTED,WS_01,COUPLING,,
8449.5,2025-12-06T20:49:30+00:00,W2136,,RAKE_COUPLING_STARTED,WS_01,COUPLING,,
8451.5,2025-12-06T20:51:30+00:00,W12057,,RAKE_COUPLING_COMPLETED,WS_01,WAITING,,
8451.5,2025-12-06T20:51:30+00:00,W2136,,RAKE_COUPLING_COMPLETED,WS_01,WAITING,,
8451.5,2025-12-06T20:51:30+00:00,W12057,,MOVING,WS_01,MOVING,,
8451.5,2025-12-06T20:51:30+00:00,W2136,,MOVING,WS_01,MOVING,,
8456.5,2025-12-06T20:56:30+00:00,W0293,T117,REJECTED,REJECTED,REJECTED,NO_COLLECTION_TRACK,No collection track available
8456.5,2025-12-06T20:56:30+00:00,W0616,T117,REJECTED,REJECTED,REJECTED,NO_COLLECTION_TRACK,No collection track available
8456.5,2025-12-06T20:56:30+00:00,W7853,T117,REJECTED,REJECTED,REJECTED,NO_COLLECTION_TRACK,No collection track available
8456.5,2025-12-06T20:56:30+00:00,W12057,,ON_RETROFITTED_TRACK,retrofitted,WAITING,,
8456.5,2025-12-06T20:56:30+00:00,W2136,,ON_RETROFITTED_TRACK,retrofitted,WAITING,,
8478.5,2025-12-06T21:18:30+00:00,W11539,,RAKE_COUPLING_STARTED,collection1,COUPLING,,
8478.5,2025-12-06T21:18:30+00:00,W4532,,RAKE_COUPLING_STARTED,collection1,COUPLING,,
8478.5,2025-12-06T21:18:30+00:00,W5845,,RAKE_COUPLING_STARTED,collection1,COUPLING,,
8478.5,2025-12-06T21:18:30+00:00,W2831,,RAKE_COUPLING_STARTED,collection1,COUPLING,,
8478.5,2025-12-06T21:18:30+00:00,W11999,,RAKE_COUPLING_STARTED,collection1,COUPLING,,
8478.5,2025-12-06T21:18:30+00:00,W0881,,RAKE_COUPLING_STARTED,collection1,COUPLING,,
8491.5,2025-12-06T21:31:30+00:00,W11539,,MOVING,collection1,MOVING,,
8491.5,2025-12-06T21:31:30+00:00,W4532,,MOVING,collection1,MOVING,,
8491.5,2025-12-06T21:31:30+00:00,W5845,,MOVING,collection1,MOVING,,
8491.5,2025-12-06T21:31:30+00:00,W2831,,MOVING,collection1,MOVING,,
8491.5,2025-12-06T21:31:30+00:00,W11999,,MOVING,collection1,MOVING,,
8491.5,2025-12-06T21:31:30+00:00,W0881,,MOVING,collection1,MOVING,,
8499.5,2025-12-06T21:39:30+00:00,W5282,,RETROFIT_COMPLETED,WS_02,COMPLETED,,
8499.5,2025-12-06T21:39:30+00:00,W7542,,RETROFIT_COMPLETED,WS_02,COMPLETED,,
8524.5,2025-12-06T22:04:30+00:00,W8378,,MOVING,collection2,MOVING,,
8551.5,2025-12-06T22:31:30+00:00,W11539,,ON_RETROFIT_TRACK,retrofit,WAITING,,
8551.5,2025-12-06T22:31:30+00:00,W4532,,ON_RETROFIT_TRACK,retrofit,WAITING,,
8551.5,2025-12-06T22:31:30+00:00,W5845,,ON_RETROFIT_TRACK,retrofit,WAITING,,
8551.5,2025-12-06T22:31:30+00:00,W2831,,ON_RETROFIT_TRACK,retrofit,WAITING,,
8551.5,2025-12-06T22:31:30+00:00,W11999,,ON_RETROFIT_TRACK,retrofit,WAITING,,
8551.5,2025-12-06T22:31:30+00:00,W0881,,ON_RETROFIT_TRACK,retrofit,WAITING,,
8572.75,2025-12-06T22:52:45+00:00,W10134,T118,REJECTED,REJECTED,REJECTED_NO_RETROFIT_NEEDED,No Retrofit Needed,Wagon doesn't need retrofit
8572.75,2025-12-06T22:52:45+00:00,W6704,T118,REJECTED,REJECTED,REJECTED,NO_COLLECTION_TRACK,No collection track available
8572.75,2025-12-06T22:52:45+00:00,W0167,T118,REJECTED,REJECTED,REJECTED,NO_COLLECTION_TRACK,No collection track available
8572.75,2025-12-06T22:52:45+00:00,W0002,T118,REJECTED,REJECTED,REJECTED,NO_COLLECTION_TRACK,No collection track available
8572.75,2025-12-06T22:52:45+00:00,W0956,T118,REJECTED,REJECTED,REJECTED,NO_COLLECTION_TRACK,No collection track available
8572.75,2025-12-06T22:52:45+00:00,W12146,T118,REJECTED,REJECTED,REJECTED,NO_COLLECTION_TRACK,No collection track available
8572.75,2025-12-06T22:52:45+00:00,W2794,T118,REJECTED,REJECTED,REJECTED,NO_COLLECTION_TRACK,No collection track available
8584.5,2025-12-06T23:04:30+00:00,W8378,,ON_RETROFIT_TRACK,retrofit,WAITING,,
8594.5,2025-12-06T23:14:30+00:00,W5282,,RAKE_COUPLING_STARTED,WS_02,COUPLING,,
8594.5,2025-12-06T23:14:30+00:00,W7542,,RAKE_COUPLING_STARTED,WS_02,COUPLING,,
8596.5,2025-12-06T23:16:30+00:00,W5282,,RAKE_COUPLING_COMPLETED,WS_02,WAITING,,
8596.5,2025-12-06T23:16:30+00:00,W7542,,RAKE_COUPLING_COMPLETED,WS_02,WAITING,,
8596.5,2025-12-06T23:16:30+00:00,W5282,,MOVING,WS_02,MOVING,,
8596.5,2025-12-06T23:16:30+00:00,W7542,,MOVING,WS_02,MOVING,,
8601.5,2025-12-06T23:21:30+00:00,W5282,,ON_RETROFITTED_TRACK,retrofitted,WAITING,,
8601.5,2025-12-06T23:21:30+00:00,W7542,,ON_RETROFITTED_TRACK,retrofitted,WAITING,,
8602.5,2025-12-06T23:22:30+00:00,W10814,,MOVING,retrofit,MOVING,,
8602.5,2025-12-06T23:22:30+00:00,W2652,,MOVING,retrofit,MOVING,,
8607.5,2025-12-06T23:27:30+00:00,W10814,,AT_WORKSHOP,WS_01,ARRIVED,,
8607.5,2025-12-06T23:27:30+00:00,W2652,,AT_WORKSHOP,WS_01,ARRIVED,,
8613.5,2025-12-06T23:33:30+00:00,W10814,,RETROFIT_STARTED,WS_01,PROCESSING,,
8613.5,2025-12-06T23:33:30+00:00,W2652,,RETROFIT_STARTED,WS_01,PROCESSING,,
8628.5,2025-12-06T23:48:30+00:00,W12385,,MOVING,retrofit,MOVING,,
8628.5,2025-12-06T23:48:30+00:00,W8380,,MOVING,retrofit,MOVING,,
8633.5,2025-12-06T23:53:30+00:00,W12385,,AT_WORKSHOP,WS_02,ARRIVED,,
8633.5,2025-12-06T23:53:30+00:00,W8380,,AT_WORKSHOP,WS_02,ARRIVED,,
8635.25,2025-12-06T23:55:15+00:00,W12186,T119,ARRIVED,collection1,ARRIVED,,
8635.25,2025-12-06T23:55:15+00:00,W0128,T119,ARRIVED,collection1,ARRIVED,,
8635.25,2025-12-06T23:55:15+00:00,W7755,T119,ARRIVED,collection1,ARRIVED,,
8635.25,2025-12-06T23:55:15+00:00,W9951,T119,ARRIVED,collection1,ARRIVED,,
8635.25,2025-12-06T23:55:15+00:00,W4605,T119,ARRIVED,collection1,ARRIVED,,
8639.5,2025-12-06T23:59:30+00:00,W12385,,RETROFIT_STARTED,WS_02,PROCESSING,,
8639.5,2025-12-06T23:59:30+00:00,W8380,,RETROFIT_STARTED,WS_02,PROCESSING,,
8673.5,2025-12-07T00:33:30+00:00,W10814,,RETROFIT_COMPLETED,WS_01,COMPLETED,,
8673.5,2025-12-07T00:33:30+00:00,W2652,,RETROFIT_COMPLETED,WS_01,COMPLETED,,
8690.0,2025-12-07T00:50:00+00:00,W2386,,PARKED,parking14,PARKED,,
8690.0,2025-12-07T00:50:00+00:00,W10254,,PARKED,parking14,PARKED,,
8699.5,2025-12-07T00:59:30+00:00,W12385,,RETROFIT_COMPLETED,WS_02,COMPLETED,,
8699.5,2025-12-07T00:59:30+00:00,W8380,,RETROFIT_COMPLETED,WS_02,COMPLETED,,
8704.5,2025-12-07T01:04:30+00:00,W12400,,RAKE_COUPLING_STARTED,collection1,COUPLING,,
8704.5,2025-12-07T01:04:30+00:00,W0282,,RAKE_COUPLING_STARTED,collection1,COUPLING,,
8704.5,2025-12-07T01:04:30+00:00,W2701,,RAKE_COUPLING_STARTED,collection1,COUPLING,,
8704.5,2025-12-07T01:04:30+00:00,W8570,,RAKE_COUPLING_STARTED,collection1,COUPLING,,
8704.5,2025-12-07T01:04:30+00:00,W9355,,RAKE_COUPLING_STARTED,collection1,COUPLING,,
8715.5,2025-12-07T01:15:30+00:00,W12400,,MOVING,collection1,MOVING,,
8715.5,2025-12-07T01:15:30+00:00,W0282,,MOVING,collection1,MOVING,,
8715.5,2025-12-07T01:15:30+00:00,W2701,,MOVING,collection1,MOVING,,
8715.5,2025-12-07T01:15:30+00:00,W8570,,MOVING,collection1,MOVING,,
8715.5,2025-12-07T01:15:30+00:00,W9355,,MOVING,collection1,MOVING,,
8755.0,2025-12-07T01:55:00+00:00,W10814,,RAKE_COUPLING_STARTED,WS_01,COUPLING,,
8755.0,2025-12-07T01:55:00+00:00,W2652,,RAKE_COUPLING_STARTED,WS_01,COUPLING,,
8757.0,2025-12-07T01:57:00+00:00,W10814,,RAKE_COUPLING_COMPLETED,WS_01,WAITING,,
8757.0,2025-12-07T01:57:00+00:00,W2652,,RAKE_COUPLING_COMPLETED,WS_01,WAITING,,
8757.0,2025-12-07T01:57:00+00:00,W10814,,MOVING,WS_01,MOVING,,
8757.0,2025-12-07T01:57:00+00:00,W2652,,MOVING,WS_01,MOVING,,
8762.0,2025-12-07T02:02:00+00:00,W10814,,ON_RETROFITTED_TRACK,retrofitted,WAITING,,
8762.0,2025-12-07T02:02:00+00:00,W2652,,ON_RETROFITTED_TRACK,retrofitted,WAITING,,
8772.0,2025-12-07T02:12:00+00:00,W12385,,RAKE_COUPLING_STARTED,WS_02,COUPLING,,
8772.0,2025-12-07T02:12:00+00:00,W8380,,RAKE_COUPLING_STARTED,WS_02,COUPLING,,
8774.0,2025-12-07T02:14:00+00:00,W12385,,RAKE_COUPLING_COMPLETED,WS_02,WAITING,,
8774.0,2025-12-07T02:14:00+00:00,W8380,,RAKE_COUPLING_COMPLETED,WS_02,WAITING,,
8774.0,2025-12-07T02:14:00+00:00,W12385,,MOVING,WS_02,MOVING,,
8774.0,2025-12-07T02:14:00+00:00,W8380,,MOVING,WS_02,MOVING,,
8775.5,2025-12-07T02:15:30+00:00,W12400,,ON_RETROFIT_TRACK,retrofit,WAITING,,
8775.5,2025-12-07T02:15:30+00:00,W0282,,ON_RETROFIT_TRACK,retrofit,WAITING,,
8775.5,2025-12-07T02:15:30+00:00,W2701,,ON_RETROFIT_TRACK,retrofit,WAITING,,
8775.5,2025-12-07T02:15:30+00:00,W8570,,ON_RETROFIT_TRACK,retrofit,WAITING,,
8775.5,2025-12-07T02:15:30+00:00,W9355,,ON_RETROFIT_TRACK,retrofit,WAITING,,
8779.0,2025-12-07T02:19:00+00:00,W12385,,ON_RETROFITTED_TRACK,retrofitted,WAITING,,
8779.0,2025-12-07T02:19:00+00:00,W8380,,ON_RETROFITTED_TRACK,retrofitted,WAITING,,
8794.0,2025-12-07T02:34:00+00:00,W11539,,MOVING,retrofit,MOVING,,
8794.0,2025-12-07T02:34:00+00:00,W4532,,MOVING,retrofit,MOVING,,
8799.0,2025-12-07T02:39:00+00:00,W11539,,AT_WORKSHOP,WS_01,ARRIVED,,
8799.0,2025-12-07T02:39:00+00:00,W4532,,AT_WORKSHOP,WS_01,ARRIVED,,
8805.0,2025-12-07T02:45:00+00:00,W11539,,RETROFIT_STARTED,WS_01,PROCESSING,,
8805.0,2025-12-07T02:45:00+00:00,W4532,,RETROFIT_STARTED,WS_01,PROCESSING,,
8817.5,2025-12-07T02:57:30+00:00,W5845,,MOVING,retrofit,MOVING,,
8817.5,2025-12-07T02:57:30+00:00,W2831,,MOVING,retrofit,MOVING,,
8822.5,2025-12-07T03:02:30+00:00,W5845,,AT_WORKSHOP,WS_02,ARRIVED,,
8822.5,2025-12-07T03:02:30+00:00,W2831,,AT_WORKSHOP,WS_02,ARRIVED,,
8828.5,2025-12-07T03:08:30+00:00,W5845,,RETROFIT_STARTED,WS_02,PROCESSING,,
8828.5,2025-12-07T03:08:30+00:00,W2831,,RETROFIT_STARTED,WS_02,PROCESSING,,
8865.0,2025-12-07T03:45:00+00:00,W11539,,RETROFIT_COMPLETED,WS_01,COMPLETED,,
8865.0,2025-12-07T03:45:00+00:00,W4532,,RETROFIT_COMPLETED,WS_01,COMPLETED,,
8870.5,2025-12-07T03:50:30+00:00,W11539,,RAKE_COUPLING_STARTED,WS_01,COUPLING,,
8870.5,2025-12-07T03:50:30+00:00,W4532,,RAKE_COUPLING_STARTED,WS_01,COUPLING,,
8872.5,2025-12-07T03:52:30+00:00,W11539,,RAKE_COUPLING_COMPLETED,WS_01,WAITING,,
8872.5,2025-12-07T03:52:30+00:00,W4532,,RAKE_COUPLING_COMPLETED,WS_01,WAITING,,
8872.5,2025-12-07T03:52:30+00:00,W11539,,MOVING,WS_01,MOVING,,
8872.5,2025-12-07T03:52:30+00:00,W4532,,MOVING,WS_01,MOVING,,
8877.5,2025-12-07T03:57:30+00:00,W11539,,ON_RETROFITTED_TRACK,retrofitted,WAITING,,
8877.5,2025-12-07T03:57:30+00:00,W4532,,ON_RETROFITTED_TRACK,retrofitted,WAITING,,
8888.5,2025-12-07T04:08:30+00:00,W5845,,RETROFIT_COMPLETED,WS_02,COMPLETED,,
8888.5,2025-12-07T04:08:30+00:00,W2831,,RETROFIT_COMPLETED,WS_02,COMPLETED,,
8892.5,2025-12-07T04:12:30+00:00,W11999,,MOVING,retrofit,MOVING,,
8892.5,2025-12-07T04:12:30+00:00,W0881,,MOVING,retrofit,MOVING,,
8897.5,2025-12-07T04:17:30+00:00,W11999,,AT_WORKSHOP,WS_01,ARRIVED,,
8897.5,2025-12-07T04:17:30+00:00,W0881,,AT_WORKSHOP,WS_01,ARRIVED,,
8903.5,2025-12-07T04:23:30+00:00,W11999,,RETROFIT_STARTED,WS_01,PROCESSING,,
8903.5,2025-12-07T04:23:30+00:00,W0881,,RETROFIT_STARTED,WS_01,PROCESSING,,
8913.5,2025-12-07T04:33:30+00:00,W5845,,RAKE_COUPLING_STARTED,WS_02,COUPLING,,
8913.5,2025-12-07T04:33:30+00:00,W2831,,RAKE_COUPLING_STARTED,WS_02,COUPLING,,
8915.5,2025-12-07T04:35:30+00:00,W5845,,RAKE_COUPLING_COMPLETED,WS_02,WAITING,,
8915.5,2025-12-07T04:35:30+00:00,W2831,,RAKE_COUPLING_COMPLETED,WS_02,WAITING,,
8915.5,2025-12-07T04:35:30+00:00,W5845,,MOVING,WS_02,MOVING,,
8915.5,2025-12-07T04:35:30+00:00,W2831,,MOVING,WS_02,MOVING,,
8920.5,2025-12-07T04:40:30+00:00,W5845,,ON_RETROFITTED_TRACK,retrofitted,WAITING,,
8920.5,2025-12-07T04:40:30+00:00,W2831,,ON_RETROFITTED_TRACK,retrofitted,WAITING,,
8935.5,2025-12-07T04:55:30+00:00,W8378,,MOVING,retrofit,MOVING,,
8935.5,2025-12-07T04:55:30+00:00,W12400,,MOVING,retrofit,MOVING,,
8940.5,2025-12-07T05:00:30+00:00,W8378,,AT_WORKSHOP,WS_02,ARRIVED,,
8940.5,2025-12-07T05:00:30+00:00,W12400,,AT_WORKSHOP,WS_02,ARRIVED,,
8941.5,2025-12-07T05:01:30+00:00,W12057,,PARKED,parking16,PARKED,,
8941.5,2025-12-07T05:01:30+00:00,W2136,,PARKED,parking16,PARKED,,
8941.5,2025-12-07T05:01:30+00:00,W5282,,PARKED,parking16,PARKED,,
8941.5,2025-12-07T05:01:30+00:00,W7542,,PARKED,parking16,PARKED,,
8946.5,2025-12-07T05:06:30+00:00,W8378,,RETROFIT_STARTED,WS_02,PROCESSING,,
8946.5,2025-12-07T05:06:30+00:00,W12400,,RETROFIT_STARTED,WS_02,PROCESSING,,
8963.5,2025-12-07T05:23:30+00:00,W11999,,RETROFIT_COMPLETED,WS_01,COMPLETED,,
8963.5,2025-12-07T05:23:30+00:00,W0881,,RETROFIT_COMPLETED,WS_01,COMPLETED,,
9006.5,2025-12-07T06:06:30+00:00,W8378,,RETROFIT_COMPLETED,WS_02,COMPLETED,,
9006.5,2025-12-07T06:06:30+00:00,W12400,,RETROFIT_COMPLETED,WS_02,COMPLETED,,
9006.5,2025-12-07T06:06:30+00:00,W11999,,RAKE_COUPLING_STARTED,WS_01,COUPLING,,
9006.5,2025-12-07T06:06:30+00:00,W0881,,RAKE_COUPLING_STARTED,WS_01,COUPLING,,
9008.5,2025-12-07T06:08:30+00:00,W11999,,RAKE_COUPLING_COMPLETED,WS_01,WAITING,,
9008.5,2025-12-07T06:08:30+00:00,W0881,,RAKE_COUPLING_COMPLETED,WS_01,WAITING,,
9008.5,2025-12-07T06:08:30+00:00,W11999,,MOVING,WS_01,MOVING,,
9008.5,2025-12-07T06:08:30+00:00,W0881,,MOVING,WS_01,MOVING,,
9013.5,2025-12-07T06:13:30+00:00,W11999,,ON_RETROFITTED_TRACK,retrofitted,WAITING,,
9013.5,2025-12-07T06:13:30+00:00,W0881,,ON_RETROFITTED_TRACK,retrofitted,WAITING,,
9014.5,2025-12-07T06:14:30+00:00,W9440,,MOVING,collection2,MOVING,,
9023.5,2025-12-07T06:23:30+00:00,W8378,,RAKE_COUPLING_STARTED,WS_02,COUPLING,,
9023.5,2025-12-07T06:23:30+00:00,W12400,,RAKE_COUPLING_STARTED,WS_02,COUPLING,,
9025.5,2025-12-07T06:25:30+00:00,W8378,,RAKE_COUPLING_COMPLETED,WS_02,WAITING,,
9025.5,2025-12-07T06:25:30+00:00,W12400,,RAKE_COUPLING_COMPLETED,WS_02,WAITING,,
9025.5,2025-12-07T06:25:30+00:00,W8378,,MOVING,WS_02,MOVING,,
9025.5,2025-12-07T06:25:30+00:00,W12400,,MOVING,WS_02,MOVING,,
9030.5,2025-12-07T06:30:30+00:00,W8378,,ON_RETROFITTED_TRACK,retrofitted,WAITING,,
9030.5,2025-12-07T06:30:30+00:00,W12400,,ON_RETROFITTED_TRACK,retrofitted,WAITING,,
9074.5,2025-12-07T07:14:30+00:00,W9440,,ON_RETROFIT_TRACK,retrofit,WAITING,,
9084.25,2025-12-07T07:24:15+00:00,W11256,T120,REJECTED,REJECTED,REJECTED_NO_RETROFIT_NEEDED,No Retrofit Needed,Wagon doesn't need retrofit
9084.25,2025-12-07T07:24:15+00:00,W10878,T120,REJECTED,REJECTED,REJECTED_NO_RETROFIT_NEEDED,No Retrofit Needed,Wagon doesn't need retrofit
9084.25,2025-12-07T07:24:15+00:00,W10772,T120,ARRIVED,collection1,ARRIVED,,
9084.25,2025-12-07T07:24:15+00:00,W5316,T120,ARRIVED,collection1,ARRIVED,,
9084.25,2025-12-07T07:24:15+00:00,W9043,T120,ARRIVED,collection1,ARRIVED,,
9084.25,2025-12-07T07:24:15+00:00,W2149,T120,ARRIVED,collection1,ARRIVED,,
9084.25,2025-12-07T07:24:15+00:00,W5380,T120,ARRIVED,collection1,ARRIVED,,
9084.25,2025-12-07T07:24:15+00:00,W0875,T120,ARRIVED,collection1,ARRIVED,,
9084.25,2025-12-07T07:24:15+00:00,W5989,T120,ARRIVED,collection1,ARRIVED,,
9084.25,2025-12-07T07:24:15+00:00,W5415,T120,ARRIVED,collection1,ARRIVED,,
9084.25,2025-12-07T07:24:15+00:00,W12031,T120,ARRIVED,collection1,ARRIVED,,
9092.5,2025-12-07T07:32:30+00:00,W0282,,MOVING,retrofit,MOVING,,
9092.5,2025-12-07T07:32:30+00:00,W2701,,MOVING,retrofit,MOVING,,
9097.5,2025-12-07T07:37:30+00:00,W0282,,AT_WORKSHOP,WS_01,ARRIVED,,
9097.5,2025-12-07T07:37:30+00:00,W2701,,AT_WORKSHOP,WS_01,ARRIVED,,
9103.5,2025-12-07T07:43:30+00:00,W0282,,RETROFIT_STARTED,WS_01,PROCESSING,,
9103.5,2025-12-07T07:43:30+00:00,W2701,,RETROFIT_STARTED,WS_01,PROCESSING,,
9113.0,2025-12-07T07:53:00+00:00,W10814,,PARKED,parking12,PARKED,,
9113.0,2025-12-07T07:53:00+00:00,W2652,,PARKED,parking12,PARKED,,
9113.0,2025-12-07T07:53:00+00:00,W12385,,PARKED,parking12,PARKED,,
9113.0,2025-12-07T07:53:00+00:00,W8380,,PARKED,parking12,PARKED,,
9113.0,2025-12-07T07:53:00+00:00,W11539,,PARKED,parking12,PARKED,,
9113.0,2025-12-07T07:53:00+00:00,W4532,,PARKED,parking12,PARKED,,
9113.0,2025-12-07T07:53:00+00:00,W5845,,PARKED,parking12,PARKED,,
9113.0,2025-12-07T07:53:00+00:00,W2831,,PARKED,parking12,PARKED,,
9118.5,2025-12-07T07:58:30+00:00,W8570,,MOVING,retrofit,MOVING,,
9118.5,2025-12-07T07:58:30+00:00,W9355,,MOVING,retrofit,MOVING,,
9123.5,2025-12-07T08:03:30+00:00,W8570,,AT_WORKSHOP,WS_02,ARRIVED,,
9123.5,2025-12-07T08:03:30+00:00,W9355,,AT_WORKSHOP,WS_02,ARRIVED,,
9129.5,2025-12-07T08:09:30+00:00,W8570,,RETROFIT_STARTED,WS_02,PROCESSING,,
9129.5,2025-12-07T08:09:30+00:00,W9355,,RETROFIT_STARTED,WS_02,PROCESSING,,
9163.5,2025-12-07T08:43:30+00:00,W0282,,RETROFIT_COMPLETED,WS_01,COMPLETED,,
9163.5,2025-12-07T08:43:30+00:00,W2701,,RETROFIT_COMPLETED,WS_01,COMPLETED,,
9178.0,2025-12-07T08:58:00+00:00,W0282,,RAKE_COUPLING_STARTED,WS_01,COUPLING,,
9178.0,2025-12-07T08:58:00+00:00,W2701,,RAKE_COUPLING_STARTED,WS_01,COUPLING,,
9180.0,2025-12-07T09:00:00+00:00,W0282,,RAKE_COUPLING_COMPLETED,WS_01,WAITING,,
9180.0,2025-12-07T09:00:00+00:00,W2701,,RAKE_COUPLING_COMPLETED,WS_01,WAITING,,
9180.0,2025-12-07T09:00:00+00:00,W0282,,MOVING,WS_01,MOVING,,
9180.0,2025-12-07T09:00:00+00:00,W2701,,MOVING,WS_01,MOVING,,
9185.0,2025-12-07T09:05:00+00:00,W0282,,ON_RETROFITTED_TRACK,retrofitted,WAITING,,
9185.0,2025-12-07T09:05:00+00:00,W2701,,ON_RETROFITTED_TRACK,retrofitted,WAITING,,
9185.25,2025-12-07T09:05:15+00:00,W12208,T121,REJECTED,REJECTED,REJECTED_NO_RETROFIT_NEEDED,No Retrofit Needed,Wagon doesn't need retrofit
9185.25,2025-12-07T09:05:15+00:00,W11259,T121,REJECTED,REJECTED,REJECTED_NO_RETROFIT_NEEDED,No Retrofit Needed,Wagon doesn't need retrofit
9185.25,2025-12-07T09:05:15+00:00,W8714,T121,ARRIVED,collection2,ARRIVED,,
9185.25,2025-12-07T09:05:15+00:00,W7877,T121,ARRIVED,collection2,ARRIVED,,
9185.25,2025-12-07T09:05:15+00:00,W5280,T121,ARRIVED,collection2,ARRIVED,,
9185.25,2025-12-07T09:05:15+00:00,W7897,T121,ARRIVED,collection2,ARRIVED,,
9185.25,2025-12-07T09:05:15+00:00,W0962,T121,ARRIVED,collection2,ARRIVED,,
9189.5,2025-12-07T09:09:30+00:00,W8570,,RETROFIT_COMPLETED,WS_02,COMPLETED,,
9189.5,2025-12-07T09:09:30+00:00,W9355,,RETROFIT_COMPLETED,WS_02,COMPLETED,,
9194.5,2025-12-07T09:14:30+00:00,W8578,,RAKE_COUPLING_STARTED,collection1,COUPLING,,
9194.5,2025-12-07T09:14:30+00:00,W0948,,RAKE_COUPLING_STARTED,collection1,COUPLING,,
9194.5,2025-12-07T09:14:30+00:00,W9358,,RAKE_COUPLING_STARTED,collection1,COUPLING,,
9194.5,2025-12-07T09:14:30+00:00,W0680,,RAKE_COUPLING_STARTED,collection1,COUPLING,,
9194.5,2025-12-07T09:14:30+00:00,W11195,,RAKE_COUPLING_STARTED,collection1,COUPLING,,
9195.0,2025-12-07T09:15:00+00:00,W8570,,RAKE_COUPLING_STARTED,WS_02,COUPLING,,
9195.0,2025-12-07T09:15:00+00:00,W9355,,RAKE_COUPLING_STARTED,WS_02,COUPLING,,
9197.0,2025-12-07T09:17:00+00:00,W8570,,RAKE_COUPLING_COMPLETED,WS_02,WAITING,,
9197.0,2025-12-07T09:17:00+00:00,W9355,,RAKE_COUPLING_COMPLETED,WS_02,WAITING,,
9197.0,2025-12-07T09:17:00+00:00,W8570,,MOVING,WS_02,MOVING,,
9197.0,2025-12-07T09:17:00+00:00,W9355,,MOVING,WS_02,MOVING,,
9202.0,2025-12-07T09:22:00+00:00,W8570,,ON_RETROFITTED_TRACK,retrofitted,WAITING,,
9202.0,2025-12-07T09:22:00+00:00,W9355,,ON_RETROFITTED_TRACK,retrofitted,WAITING,,
9205.5,2025-12-07T09:25:30+00:00,W8578,,MOVING,collection1,MOVING,,
9205.5,2025-12-07T09:25:30+00:00,W0948,,MOVING,collection1,MOVING,,
9205.5,2025-12-07T09:25:30+00:00,W9358,,MOVING,collection1,MOVING,,
9205.5,2025-12-07T09:25:30+00:00,W0680,,MOVING,collection1,MOVING,,
9205.5,2025-12-07T09:25:30+00:00,W11195,,MOVING,collection1,MOVING,,
9215.0,2025-12-07T09:35:00+00:00,W9440,,MOVING,retrofit,MOVING,,
9220.0,2025-12-07T09:40:00+00:00,W9440,,AT_WORKSHOP,WS_01,ARRIVED,,
9223.0,2025-12-07T09:43:00+00:00,W9440,,RETROFIT_STARTED,WS_01,PROCESSING,,
9265.5,2025-12-07T10:25:30+00:00,W8578,,ON_RETROFIT_TRACK,retrofit,WAITING,,
9265.5,2025-12-07T10:25:30+00:00,W0948,,ON_RETROFIT_TRACK,retrofit,WAITING,,
9265.5,2025-12-07T10:25:30+00:00,W9358,,ON_RETROFIT_TRACK,retrofit,WAITING,,
9265.5,2025-12-07T10:25:30+00:00,W0680,,ON_RETROFIT_TRACK,retrofit,WAITING,,
9265.5,2025-12-07T10:25:30+00:00,W11195,,ON_RETROFIT_TRACK,retrofit,WAITING,,
9283.0,2025-12-07T10:43:00+00:00,W9440,,RETROFIT_COMPLETED,WS_01,COMPLETED,,
9288.0,2025-12-07T10:48:00+00:00,W9489,,RAKE_COUPLING_STARTED,collection2,COUPLING,,
9288.0,2025-12-07T10:48:00+00:00,W2712,,RAKE_COUPLING_STARTED,collection2,COUPLING,,
9288.0,2025-12-07T10:48:00+00:00,W9940,,RAKE_COUPLING_STARTED,collection2,COUPLING,,
9288.0,2025-12-07T10:48:00+00:00,W9081,,RAKE_COUPLING_STARTED,collection2,COUPLING,,
9288.0,2025-12-07T10:48:00+00:00,W12074,,RAKE_COUPLING_STARTED,collection2,COUPLING,,
9288.0,2025-12-07T10:48:00+00:00,W8990,,RAKE_COUPLING_STARTED,collection2,COUPLING,,
9300.5,2025-12-07T11:00:30+00:00,W5248,T122,REJECTED,REJECTED,REJECTED_NO_RETROFIT_NEEDED,No Retrofit Needed,Wagon doesn't need retrofit
9300.5,2025-12-07T11:00:30+00:00,W5310,T122,REJECTED,REJECTED,REJECTED_NO_RETROFIT_NEEDED,No Retrofit Needed,Wagon doesn't need retrofit
9301.0,2025-12-07T11:01:00+00:00,W9489,,MOVING,collection2,MOVING,,
9301.0,2025-12-07T11:01:00+00:00,W2712,,MOVING,collection2,MOVING,,
9301.0,2025-12-07T11:01:00+00:00,W9940,,MOVING,collection2,MOVING,,
9301.0,2025-12-07T11:01:00+00:00,W9081,,MOVING,collection2,MOVING,,
9301.0,2025-12-07T11:01:00+00:00,W12074,,MOVING,collection2,MOVING,,
9301.0,2025-12-07T11:01:00+00:00,W8990,,MOVING,collection2,MOVING,,
9304.0,2025-12-07T11:04:00+00:00,W9440,,MOVING,WS_01,MOVING,,
9309.0,2025-12-07T11:09:00+00:00,W9440,,ON_RETROFITTED_TRACK,retrofitted,WAITING,,
9324.0,2025-12-07T11:24:00+00:00,W8578,,MOVING,retrofit,MOVING,,
9324.0,2025-12-07T11:24:00+00:00,W0948,,MOVING,retrofit,MOVING,,
9329.0,2025-12-07T11:29:00+00:00,W8578,,AT_WORKSHOP,WS_02,ARRIVED,,
9329.0,2025-12-07T11:29:00+00:00,W0948,,AT_WORKSHOP,WS_02,ARRIVED,,
9335.0,2025-12-07T11:35:00+00:00,W8578,,RETROFIT_STARTED,WS_02,PROCESSING,,
9335.0,2025-12-07T11:35:00+00:00,W0948,,RETROFIT_STARTED,WS_02,PROCESSING,,
9337.25,2025-12-07T11:37:15+00:00,W10441,T123,ARRIVED,collection1,ARRIVED,,
9337.25,2025-12-07T11:37:15+00:00,W10435,T123,ARRIVED,collection1,ARRIVED,,
9350.0,2025-12-07T11:50:00+00:00,W9358,,MOVING,retrofit,MOVING,,
9350.0,2025-12-07T11:50:00+00:00,W0680,,MOVING,retrofit,MOVING,,
9355.0,2025-12-07T11:55:00+00:00,W9358,,AT_WORKSHOP,WS_01,ARRIVED,,
9355.0,2025-12-07T11:55:00+00:00,W0680,,AT_WORKSHOP,WS_01,ARRIVED,,
9361.0,2025-12-07T12:01:00+00:00,W9489,,ON_RETROFIT_TRACK,retrofit,WAITING,,
9361.0,2025-12-07T12:01:00+00:00,W2712,,ON_RETROFIT_TRACK,retrofit,WAITING,,
9361.0,2025-12-07T12:01:00+00:00,W9940,,ON_RETROFIT_TRACK,retrofit,WAITING,,
9361.0,2025-12-07T12:01:00+00:00,W9081,,ON_RETROFIT_TRACK,retrofit,WAITING,,
9361.0,2025-12-07T12:01:00+00:00,W12074,,ON_RETROFIT_TRACK,retrofit,WAITING,,
9361.0,2025-12-07T12:01:00+00:00,W8990,,ON_RETROFIT_TRACK,retrofit,WAITING,,
9361.0,2025-12-07T12:01:00+00:00,W9358,,RETROFIT_STARTED,WS_01,PROCESSING,,
9361.0,2025-12-07T12:01:00+00:00,W0680,,RETROFIT_STARTED,WS_01,PROCESSING,,
9395.0,2025-12-07T12:35:00+00:00,W8578,,RETROFIT_COMPLETED,WS_02,COMPLETED,,
9395.0,2025-12-07T12:35:00+00:00,W0948,,RETROFIT_COMPLETED,WS_02,COMPLETED,,
9400.75,2025-12-07T12:40:45+00:00,W1122,T124,ARRIVED,collection1,ARRIVED,,
9400.75,2025-12-07T12:40:45+00:00,W1120,T124,ARRIVED,collection1,ARRIVED,,
9404.0,2025-12-07T12:44:00+00:00,W8578,,RAKE_COUPLING_STARTED,WS_02,COUPLING,,
9404.0,2025-12-07T12:44:00+00:00,W0948,,RAKE_COUPLING_STARTED,WS_02,COUPLING,,
9406.0,2025-12-07T12:46:00+00:00,W8578,,RAKE_COUPLING_COMPLETED,WS_02,WAITING,,
9406.0,2025-12-07T12:46:00+00:00,W0948,,RAKE_COUPLING_COMPLETED,WS_02,WAITING,,
9406.0,2025-12-07T12:46:00+00:00,W8578,,MOVING,WS_02,MOVING,,
9406.0,2025-12-07T12:46:00+00:00,W0948,,MOVING,WS_02,MOVING,,
9411.0,2025-12-07T12:51:00+00:00,W8578,,ON_RETROFITTED_TRACK,retrofitted,WAITING,,
9411.0,2025-12-07T12:51:00+00:00,W0948,,ON_RETROFITTED_TRACK,retrofitted,WAITING,,
9421.0,2025-12-07T13:01:00+00:00,W9358,,RETROFIT_COMPLETED,WS_01,COMPLETED,,
9421.0,2025-12-07T13:01:00+00:00,W0680,,RETROFIT_COMPLETED,WS_01,COMPLETED,,
9426.0,2025-12-07T13:06:00+00:00,W11195,,MOVING,retrofit,MOVING,,
9426.0,2025-12-07T13:06:00+00:00,W9489,,MOVING,retrofit,MOVING,,
9431.0,2025-12-07T13:11:00+00:00,W11195,,AT_WORKSHOP,WS_02,ARRIVED,,
9431.0,2025-12-07T13:11:00+00:00,W9489,,AT_WORKSHOP,WS_02,ARRIVED,,
9437.0,2025-12-07T13:17:00+00:00,W11195,,RETROFIT_STARTED,WS_02,PROCESSING,,
9437.0,2025-12-07T13:17:00+00:00,W9489,,RETROFIT_STARTED,WS_02,PROCESSING,,
9437.5,2025-12-07T13:17:30+00:00,W11999,,PARKED,parking11,PARKED,,
9437.5,2025-12-07T13:17:30+00:00,W0881,,PARKED,parking11,PARKED,,
9437.5,2025-12-07T13:17:30+00:00,W8378,,PARKED,parking11,PARKED,,
9437.5,2025-12-07T13:17:30+00:00,W12400,,PARKED,parking11,PARKED,,
9444.25,2025-12-07T13:24:15+00:00,W0943,T125,REJECTED,REJECTED,REJECTED_NO_RETROFIT_NEEDED,No Retrofit Needed,Wagon doesn't need retrofit
9444.25,2025-12-07T13:24:15+00:00,W10081,T125,REJECTED,REJECTED,REJECTED_NO_RETROFIT_NEEDED,No Retrofit Needed,Wagon doesn't need retrofit
9444.25,2025-12-07T13:24:15+00:00,W10881,T125,REJECTED,REJECTED,REJECTED_NO_RETROFIT_NEEDED,No Retrofit Needed,Wagon doesn't need retrofit
9444.25,2025-12-07T13:24:15+00:00,W11518,T125,ARRIVED,collection1,ARRIVED,,
9444.25,2025-12-07T13:24:15+00:00,W9071,T125,ARRIVED,collection2,ARRIVED,,
9444.25,2025-12-07T13:24:15+00:00,W11516,T125,ARRIVED,collection2,ARRIVED,,
9444.25,2025-12-07T13:24:15+00:00,W5434,T125,ARRIVED,collection2,ARRIVED,,
9447.0,2025-12-07T13:27:00+00:00,W9358,,RAKE_COUPLING_STARTED,WS_01,COUPLING,,
9447.0,2025-12-07T13:27:00+00:00,W0680,,RAKE_COUPLING_STARTED,WS_01,COUPLING,,
9449.0,2025-12-07T13:29:00+00:00,W9358,,RAKE_COUPLING_COMPLETED,WS_01,WAITING,,
9449.0,2025-12-07T13:29:00+00:00,W0680,,RAKE_COUPLING_COMPLETED,WS_01,WAITING,,
9449.0,2025-12-07T13:29:00+00:00,W9358,,MOVING,WS_01,MOVING,,
9449.0,2025-12-07T13:29:00+00:00,W0680,,MOVING,WS_01,MOVING,,
9454.0,2025-12-07T13:34:00+00:00,W9358,,ON_RETROFITTED_TRACK,retrofitted,WAITING,,
9454.0,2025-12-07T13:34:00+00:00,W0680,,ON_RETROFITTED_TRACK,retrofitted,WAITING,,
9497.0,2025-12-07T14:17:00+00:00,W11195,,RETROFIT_COMPLETED,WS_02,COMPLETED,,
9497.0,2025-12-07T14:17:00+00:00,W9489,,RETROFIT_COMPLETED,WS_02,COMPLETED,,
9502.5,2025-12-07T14:22:30+00:00,W11195,,RAKE_COUPLING_STARTED,WS_02,COUPLING,,
9502.5,2025-12-07T14:22:30+00:00,W9489,,RAKE_COUPLING_STARTED,WS_02,COUPLING,,
9504.5,2025-12-07T14:24:30+00:00,W11195,,RAKE_COUPLING_COMPLETED,WS_02,WAITING,,
9504.5,2025-12-07T14:24:30+00:00,W9489,,RAKE_COUPLING_COMPLETED,WS_02,WAITING,,
9504.5,2025-12-07T14:24:30+00:00,W11195,,MOVING,WS_02,MOVING,,
9504.5,2025-12-07T14:24:30+00:00,W9489,,MOVING,WS_02,MOVING,,
9509.5,2025-12-07T14:29:30+00:00,W11195,,ON_RETROFITTED_TRACK,retrofitted,WAITING,,
9509.5,2025-12-07T14:29:30+00:00,W9489,,ON_RETROFITTED_TRACK,retrofitted,WAITING,,
9519.0,2025-12-07T14:39:00+00:00,W0367,,RAKE_COUPLING_STARTED,collection1,COUPLING,,
9519.0,2025-12-07T14:39:00+00:00,W0411,,RAKE_COUPLING_STARTED,collection1,COUPLING,,
9519.0,2025-12-07T14:39:00+00:00,W4457,,RAKE_COUPLING_STARTED,collection1,COUPLING,,
9519.0,2025-12-07T14:39:00+00:00,W5612,,RAKE_COUPLING_STARTED,collection1,COUPLING,,
9519.0,2025-12-07T14:39:00+00:00,W0928,,RAKE_COUPLING_STARTED,collection1,COUPLING,,
9519.0,2025-12-07T14:39:00+00:00,W12177,,RAKE_COUPLING_STARTED,collection1,COUPLING,,
9529.5,2025-12-07T14:49:30+00:00,W10348,T126,REJECTED,REJECTED,REJECTED,NO_COLLECTION_TRACK,No collection track available
9529.5,2025-12-07T14:49:30+00:00,W10272,T126,REJECTED,REJECTED,REJECTED,NO_COLLECTION_TRACK,No collection track available
9529.5,2025-12-07T14:49:30+00:00,W10292,T126,REJECTED,REJECTED,REJECTED,NO_COLLECTION_TRACK,No collection track available
9532.0,2025-12-07T14:52:00+00:00,W0367,,MOVING,collection1,MOVING,,
9532.0,2025-12-07T14:52:00+00:00,W0411,,MOVING,collection1,MOVING,,
9532.0,2025-12-07T14:52:00+00:00,W4457,,MOVING,collection1,MOVING,,
9532.0,2025-12-07T14:52:00+00:00,W5612,,MOVING,collection1,MOVING,,
9532.0,2025-12-07T14:52:00+00:00,W0928,,MOVING,collection1,MOVING,,
9532.0,2025-12-07T14:52:00+00:00,W12177,,MOVING,collection1,MOVING,,
9538.5,2025-12-07T14:58:30+00:00,W0282,,PARKED,parking2,PARKED,,
9538.5,2025-12-07T14:58:30+00:00,W2701,,PARKED,parking2,PARKED,,
9538.5,2025-12-07T14:58:30+00:00,W8570,,PARKED,parking2,PARKED,,
9538.5,2025-12-07T14:58:30+00:00,W9355,,PARKED,parking2,PARKED,,
9538.5,2025-12-07T14:58:30+00:00,W9440,,PARKED,parking2,PARKED,,
9538.5,2025-12-07T14:58:30+00:00,W8578,,PARKED,parking2,PARKED,,
9538.5,2025-12-07T14:58:30+00:00,W0948,,PARKED,parking2,PARKED,,
9538.5,2025-12-07T14:58:30+00:00,W9358,,PARKED,parking2,PARKED,,
9538.5,2025-12-07T14:58:30+00:00,W0680,,PARKED,parking2,PARKED,,
9553.5,2025-12-07T15:13:30+00:00,W2712,,MOVING,retrofit,MOVING,,
9553.5,2025-12-07T15:13:30+00:00,W9940,,MOVING,retrofit,MOVING,,
9558.5,2025-12-07T15:18:30+00:00,W2712,,AT_WORKSHOP,WS_01,ARRIVED,,
9558.5,2025-12-07T15:18:30+00:00,W9940,,AT_WORKSHOP,WS_01,ARRIVED,,
9564.5,2025-12-07T15:24:30+00:00,W2712,,RETROFIT_STARTED,WS_01,PROCESSING,,
9564.5,2025-12-07T15:24:30+00:00,W9940,,RETROFIT_STARTED,WS_01,PROCESSING,,
9579.5,2025-12-07T15:39:30+00:00,W9081,,MOVING,retrofit,MOVING,,
9579.5,2025-12-07T15:39:30+00:00,W12074,,MOVING,retrofit,MOVING,,
9584.5,2025-12-07T15:44:30+00:00,W9081,,AT_WORKSHOP,WS_02,ARRIVED,,
9584.5,2025-12-07T15:44:30+00:00,W12074,,AT_WORKSHOP,WS_02,ARRIVED,,
9590.5,2025-12-07T15:50:30+00:00,W9081,,RETROFIT_STARTED,WS_02,PROCESSING,,
9590.5,2025-12-07T15:50:30+00:00,W12074,,RETROFIT_STARTED,WS_02,PROCESSING,,
9592.0,2025-12-07T15:52:00+00:00,W0367,,ON_RETROFIT_TRACK,retrofit,WAITING,,
9592.0,2025-12-07T15:52:00+00:00,W0411,,ON_RETROFIT_TRACK,retrofit,WAITING,,
9592.0,2025-12-07T15:52:00+00:00,W4457,,ON_RETROFIT_TRACK,retrofit,WAITING,,
9592.0,2025-12-07T15:52:00+00:00,W5612,,ON_RETROFIT_TRACK,retrofit,WAITING,,
9592.0,2025-12-07T15:52:00+00:00,W0928,,ON_RETROFIT_TRACK,retrofit,WAITING,,
9592.0,2025-12-07T15:52:00+00:00,W12177,,ON_RETROFIT_TRACK,retrofit,WAITING,,
9624.5,2025-12-07T16:24:30+00:00,W2712,,RETROFIT_COMPLETED,WS_01,COMPLETED,,
9624.5,2025-12-07T16:24:30+00:00,W9940,,RETROFIT_COMPLETED,WS_01,COMPLETED,,
9635.0,2025-12-07T16:35:00+00:00,W2712,,RAKE_COUPLING_STARTED,WS_01,COUPLING,,
9635.0,2025-12-07T16:35:00+00:00,W9940,,RAKE_COUPLING_STARTED,WS_01,COUPLING,,
9637.0,2025-12-07T16:37:00+00:00,W2712,,RAKE_COUPLING_COMPLETED,WS_01,WAITING,,
9637.0,2025-12-07T16:37:00+00:00,W9940,,RAKE_COUPLING_COMPLETED,WS_01,WAITING,,
9637.0,2025-12-07T16:37:00+00:00,W2712,,MOVING,WS_01,MOVING,,
9637.0,2025-12-07T16:37:00+00:00,W9940,,MOVING,WS_01,MOVING,,
9642.0,2025-12-07T16:42:00+00:00,W2712,,ON_RETROFITTED_TRACK,retrofitted,WAITING,,
9642.0,2025-12-07T16:42:00+00:00,W9940,,ON_RETROFITTED_TRACK,retrofitted,WAITING,,
9650.5,2025-12-07T16:50:30+00:00,W9081,,RETROFIT_COMPLETED,WS_02,COMPLETED,,
9650.5,2025-12-07T16:50:30+00:00,W12074,,RETROFIT_COMPLETED,WS_02,COMPLETED,,
9655.5,2025-12-07T16:55:30+00:00,W8952,,RAKE_COUPLING_STARTED,collection2,COUPLING,,
9655.5,2025-12-07T16:55:30+00:00,W8676,,RAKE_COUPLING_STARTED,collection2,COUPLING,,
9660.5,2025-12-07T17:00:30+00:00,W8952,,MOVING,collection2,MOVING,,
9660.5,2025-12-07T17:00:30+00:00,W8676,,MOVING,collection2,MOVING,,
9660.5,2025-12-07T17:00:30+00:00,W11195,,PARKED,parking6,PARKED,,
9660.5,2025-12-07T17:00:30+00:00,W9489,,PARKED,parking6,PARKED,,
9670.5,2025-12-07T17:10:30+00:00,W9081,,RAKE_COUPLING_STARTED,WS_02,COUPLING,,
9670.5,2025-12-07T17:10:30+00:00,W12074,,RAKE_COUPLING_STARTED,WS_02,COUPLING,,
9672.5,2025-12-07T17:12:30+00:00,W9081,,RAKE_COUPLING_COMPLETED,WS_02,WAITING,,
9672.5,2025-12-07T17:12:30+00:00,W12074,,RAKE_COUPLING_COMPLETED,WS_02,WAITING,,
9672.5,2025-12-07T17:12:30+00:00,W9081,,MOVING,WS_02,MOVING,,
9672.5,2025-12-07T17:12:30+00:00,W12074,,MOVING,WS_02,MOVING,,
9677.5,2025-12-07T17:17:30+00:00,W9081,,ON_RETROFITTED_TRACK,retrofitted,WAITING,,
9677.5,2025-12-07T17:17:30+00:00,W12074,,ON_RETROFITTED_TRACK,retrofitted,WAITING,,
9684.0,2025-12-07T17:24:00+00:00,W318166502860,T127,REJECTED,REJECTED,REJECTED_NO_RETROFIT_NEEDED,No Retrofit Needed,Wagon doesn't need retrofit
9684.0,2025-12-07T17:24:00+00:00,W2696,T127,REJECTED,REJECTED,REJECTED_NO_RETROFIT_NEEDED,No Retrofit Needed,Wagon doesn't need retrofit
9684.0,2025-12-07T17:24:00+00:00,W4506,T127,ARRIVED,collection1,ARRIVED,,
9684.0,2025-12-07T17:24:00+00:00,W1439,T127,ARRIVED,collection1,ARRIVED,,
9692.5,2025-12-07T17:32:30+00:00,W8990,,MOVING,retrofit,MOVING,,
9692.5,2025-12-07T17:32:30+00:00,W0367,,MOVING,retrofit,MOVING,,
9697.5,2025-12-07T17:37:30+00:00,W8990,,AT_WORKSHOP,WS_01,ARRIVED,,
9697.5,2025-12-07T17:37:30+00:00,W0367,,AT_WORKSHOP,WS_01,ARRIVED,,
9703.5,2025-12-07T17:43:30+00:00,W8990,,RETROFIT_STARTED,WS_01,PROCESSING,,
9703.5,2025-12-07T17:43:30+00:00,W0367,,RETROFIT_STARTED,WS_01,PROCESSING,,
9706.0,2025-12-07T17:46:00+00:00,W0128,T128,REJECTED,REJECTED,REJECTED_NO_RETROFIT_NEEDED,No Retrofit Needed,Wagon doesn't need retrofit
9706.0,2025-12-07T17:46:00+00:00,W4605,T128,REJECTED,REJECTED,REJECTED_NO_RETROFIT_NEEDED,No Retrofit Needed,Wagon doesn't need retrofit
9718.5,2025-12-07T17:58:30+00:00,W0411,,MOVING,retrofit,MOVING,,
9718.5,2025-12-07T17:58:30+00:00,W4457,,MOVING,retrofit,MOVING,,
9720.5,2025-12-07T18:00:30+00:00,W8952,,ON_RETROFIT_TRACK,retrofit,WAITING,,
9720.5,2025-12-07T18:00:30+00:00,W8676,,ON_RETROFIT_TRACK,retrofit,WAITING,,
9723.5,2025-12-07T18:03:30+00:00,W0411,,AT_WORKSHOP,WS_02,ARRIVED,,
9723.5,2025-12-07T18:03:30+00:00,W4457,,AT_WORKSHOP,WS_02,ARRIVED,,
9729.5,2025-12-07T18:09:30+00:00,W0411,,RETROFIT_STARTED,WS_02,PROCESSING,,
9729.5,2025-12-07T18:09:30+00:00,W4457,,RETROFIT_STARTED,WS_02,PROCESSING,,
9763.5,2025-12-07T18:43:30+00:00,W8990,,RETROFIT_COMPLETED,WS_01,COMPLETED,,
9763.5,2025-12-07T18:43:30+00:00,W0367,,RETROFIT_COMPLETED,WS_01,COMPLETED,,
9789.5,2025-12-07T19:09:30+00:00,W0411,,RETROFIT_COMPLETED,WS_02,COMPLETED,,
9789.5,2025-12-07T19:09:30+00:00,W4457,,RETROFIT_COMPLETED,WS_02,COMPLETED,,
9794.5,2025-12-07T19:14:30+00:00,W0888,,RAKE_COUPLING_STARTED,collection1,COUPLING,,
9794.5,2025-12-07T19:14:30+00:00,W12186,,RAKE_COUPLING_STARTED,collection1,COUPLING,,
9794.5,2025-12-07T19:14:30+00:00,W0128,,RAKE_COUPLING_STARTED,collection1,COUPLING,,
9794.5,2025-12-07T19:14:30+00:00,W7755,,RAKE_COUPLING_STARTED,collection1,COUPLING,,
9794.5,2025-12-07T19:14:30+00:00,W9951,,RAKE_COUPLING_STARTED,collection1,COUPLING,,
9794.5,2025-12-07T19:14:30+00:00,W4605,,RAKE_COUPLING_STARTED,collection1,COUPLING,,
9794.5,2025-12-07T19:14:30+00:00,W10772,,RAKE_COUPLING_STARTED,collection1,COUPLING,,
9800.25,2025-12-07T19:20:15+00:00,W3210,T129,REJECTED,REJECTED,REJECTED_NO_RETROFIT_NEEDED,No Retrofit Needed,Wagon doesn't need retrofit
9800.25,2025-12-07T19:20:15+00:00,W0002,T129,REJECTED,REJECTED,REJECTED_NO_RETROFIT_NEEDED,No Retrofit Needed,Wagon doesn't need retrofit
9800.25,2025-12-07T19:20:15+00:00,W11510,T129,REJECTED,REJECTED,REJECTED_NO_RETROFIT_NEEDED,No Retrofit Needed,Wagon doesn't need retrofit
9800.25,2025-12-07T19:20:15+00:00,W9143,T129,ARRIVED,collection1,ARRIVED,,
9800.25,2025-12-07T19:20:15+00:00,W10883,T129,ARRIVED,collection1,ARRIVED,,
9800.25,2025-12-07T19:20:15+00:00,W10896,T129,ARRIVED,collection1,ARRIVED,,
9803.0,2025-12-07T19:23:00+00:00,W2712,,PARKED,parking10,PARKED,,
9803.0,2025-12-07T19:23:00+00:00,W9940,,PARKED,parking10,PARKED,,
9809.5,2025-12-07T19:29:30+00:00,W0888,,MOVING,collection1,MOVING,,
9809.5,2025-12-07T19:29:30+00:00,W12186,,MOVING,collection1,MOVING,,
9809.5,2025-12-07T19:29:30+00:00,W0128,,MOVING,collection1,MOVING,,
9809.5,2025-12-07T19:29:30+00:00,W7755,,MOVING,collection1,MOVING,,
9809.5,2025-12-07T19:29:30+00:00,W9951,,MOVING,collection1,MOVING,,
9809.5,2025-12-07T19:29:30+00:00,W4605,,MOVING,collection1,MOVING,,
9809.5,2025-12-07T19:29:30+00:00,W10772,,MOVING,collection1,MOVING,,
9868.0,2025-12-07T20:28:00+00:00,W8990,,RAKE_COUPLING_STARTED,WS_01,COUPLING,,
9868.0,2025-12-07T20:28:00+00:00,W0367,,RAKE_COUPLING_STARTED,WS_01,COUPLING,,
9869.5,2025-12-07T20:29:30+00:00,W0888,,ON_RETROFIT_TRACK,retrofit,WAITING,,
9869.5,2025-12-07T20:29:30+00:00,W12186,,ON_RETROFIT_TRACK,retrofit,WAITING,,
9869.5,2025-12-07T20:29:30+00:00,W0128,,ON_RETROFIT_TRACK,retrofit,WAITING,,
9869.5,2025-12-07T20:29:30+00:00,W7755,,ON_RETROFIT_TRACK,retrofit,WAITING,,
9869.5,2025-12-07T20:29:30+00:00,W9951,,ON_RETROFIT_TRACK,retrofit,WAITING,,
9869.5,2025-12-07T20:29:30+00:00,W4605,,ON_RETROFIT_TRACK,retrofit,WAITING,,
9869.5,2025-12-07T20:29:30+00:00,W10772,,ON_RETROFIT_TRACK,retrofit,WAITING,,
9870.0,2025-12-07T20:30:00+00:00,W8990,,RAKE_COUPLING_COMPLETED,WS_01,WAITING,,
9870.0,2025-12-07T20:30:00+00:00,W0367,,RAKE_COUPLING_COMPLETED,WS_01,WAITING,,
9870.0,2025-12-07T20:30:00+00:00,W8990,,MOVING,WS_01,MOVING,,
9870.0,2025-12-07T20:30:00+00:00,W0367,,MOVING,WS_01,MOVING,,
9875.0,2025-12-07T20:35:00+00:00,W8990,,ON_RETROFITTED_TRACK,retrofitted,WAITING,,
9875.0,2025-12-07T20:35:00+00:00,W0367,,ON_RETROFITTED_TRACK,retrofitted,WAITING,,
9885.0,2025-12-07T20:45:00+00:00,W0411,,RAKE_COUPLING_STARTED,WS_02,COUPLING,,
9885.0,2025-12-07T20:45:00+00:00,W4457,,RAKE_COUPLING_STARTED,WS_02,COUPLING,,
9887.0,2025-12-07T20:47:00+00:00,W0411,,RAKE_COUPLING_COMPLETED,WS_02,WAITING,,
9887.0,2025-12-07T20:47:00+00:00,W4457,,RAKE_COUPLING_COMPLETED,WS_02,WAITING,,
9887.0,2025-12-07T20:47:00+00:00,W0411,,MOVING,WS_02,MOVING,,
9887.0,2025-12-07T20:47:00+00:00,W4457,,MOVING,WS_02,MOVING,,
9892.0,2025-12-07T20:52:00+00:00,W0411,,ON_RETROFITTED_TRACK,retrofitted,WAITING,,
9892.0,2025-12-07T20:52:00+00:00,W4457,,ON_RETROFITTED_TRACK,retrofitted,WAITING,,
9896.5,2025-12-07T20:56:30+00:00,W10303,T130,ARRIVED,collection1,ARRIVED,,
9896.5,2025-12-07T20:56:30+00:00,W5395,T130,ARRIVED,collection1,ARRIVED,,
9896.5,2025-12-07T20:56:30+00:00,W2774,T130,ARRIVED,collection2,ARRIVED,,
9896.5,2025-12-07T20:56:30+00:00,W10233,T130,ARRIVED,collection2,ARRIVED,,
9896.5,2025-12-07T20:56:30+00:00,W2815,T130,ARRIVED,collection2,ARRIVED,,
9907.0,2025-12-07T21:07:00+00:00,W5612,,MOVING,retrofit,MOVING,,
9907.0,2025-12-07T21:07:00+00:00,W0928,,MOVING,retrofit,MOVING,,
9912.0,2025-12-07T21:12:00+00:00,W5612,,AT_WORKSHOP,WS_01,ARRIVED,,
9912.0,2025-12-07T21:12:00+00:00,W0928,,AT_WORKSHOP,WS_01,ARRIVED,,
9918.0,2025-12-07T21:18:00+00:00,W5612,,RETROFIT_STARTED,WS_01,PROCESSING,,
9918.0,2025-12-07T21:18:00+00:00,W0928,,RETROFIT_STARTED,WS_01,PROCESSING,,
9923.5,2025-12-07T21:23:30+00:00,W12177,,MOVING,retrofit,MOVING,,
9923.5,2025-12-07T21:23:30+00:00,W8952,,MOVING,retrofit,MOVING,,
9928.5,2025-12-07T21:28:30+00:00,W12177,,AT_WORKSHOP,WS_02,ARRIVED,,
9928.5,2025-12-07T21:28:30+00:00,W8952,,AT_WORKSHOP,WS_02,ARRIVED,,
9934.5,2025-12-07T21:34:30+00:00,W12177,,RETROFIT_STARTED,WS_02,PROCESSING,,
9934.5,2025-12-07T21:34:30+00:00,W8952,,RETROFIT_STARTED,WS_02,PROCESSING,,
9936.5,2025-12-07T21:36:30+00:00,W9081,,PARKED,parking3,PARKED,,
9936.5,2025-12-07T21:36:30+00:00,W12074,,PARKED,parking3,PARKED,,
9978.0,2025-12-07T22:18:00+00:00,W5612,,RETROFIT_COMPLETED,WS_01,COMPLETED,,
9978.0,2025-12-07T22:18:00+00:00,W0928,,RETROFIT_COMPLETED,WS_01,COMPLETED,,
9983.5,2025-12-07T22:23:30+00:00,W5612,,RAKE_COUPLING_STARTED,WS_01,COUPLING,,
9983.5,2025-12-07T22:23:30+00:00,W0928,,RAKE_COUPLING_STARTED,WS_01,COUPLING,,
9985.5,2025-12-07T22:25:30+00:00,W5612,,RAKE_COUPLING_COMPLETED,WS_01,WAITING,,
9985.5,2025-12-07T22:25:30+00:00,W0928,,RAKE_COUPLING_COMPLETED,WS_01,WAITING,,
9985.5,2025-12-07T22:25:30+00:00,W5612,,MOVING,WS_01,MOVING,,
9985.5,2025-12-07T22:25:30+00:00,W0928,,MOVING,WS_01,MOVING,,
9990.5,2025-12-07T22:30:30+00:00,W5612,,ON_RETROFITTED_TRACK,retrofitted,WAITING,,
9990.5,2025-12-07T22:30:30+00:00,W0928,,ON_RETROFITTED_TRACK,retrofitted,WAITING,,
9994.5,2025-12-07T22:34:30+00:00,W12177,,RETROFIT_COMPLETED,WS_02,COMPLETED,,
9994.5,2025-12-07T22:34:30+00:00,W8952,,RETROFIT_COMPLETED,WS_02,COMPLETED,,
10000.5,2025-12-07T22:40:30+00:00,W12177,,RAKE_COUPLING_STARTED,WS_02,COUPLING,,
10000.5,2025-12-07T22:40:30+00:00,W8952,,RAKE_COUPLING_STARTED,WS_02,COUPLING,,
10002.5,2025-12-07T22:42:30+00:00,W12177,,RAKE_COUPLING_COMPLETED,WS_02,WAITING,,
10002.5,2025-12-07T22:42:30+00:00,W8952,,RAKE_COUPLING_COMPLETED,WS_02,WAITING,,
10002.5,2025-12-07T22:42:30+00:00,W12177,,MOVING,WS_02,MOVING,,
10002.5,2025-12-07T22:42:30+00:00,W8952,,MOVING,WS_02,MOVING,,
10007.5,2025-12-07T22:47:30+00:00,W12177,,ON_RETROFITTED_TRACK,retrofitted,WAITING,,
10007.5,2025-12-07T22:47:30+00:00,W8952,,ON_RETROFITTED_TRACK,retrofitted,WAITING,,
10022.5,2025-12-07T23:02:30+00:00,W8676,,MOVING,retrofit,MOVING,,
10022.5,2025-12-07T23:02:30+00:00,W0888,,MOVING,retrofit,MOVING,,
10027.5,2025-12-07T23:07:30+00:00,W8676,,AT_WORKSHOP,WS_01,ARRIVED,,
10027.5,2025-12-07T23:07:30+00:00,W0888,,AT_WORKSHOP,WS_01,ARRIVED,,
10033.5,2025-12-07T23:13:30+00:00,W8676,,RETROFIT_STARTED,WS_01,PROCESSING,,
10033.5,2025-12-07T23:13:30+00:00,W0888,,RETROFIT_STARTED,WS_01,PROCESSING,,
10041.5,2025-12-07T23:21:30+00:00,W2846,T131,ARRIVED,collection1,ARRIVED,,
10041.5,2025-12-07T23:21:30+00:00,W5760,T131,ARRIVED,collection1,ARRIVED,,
10041.5,2025-12-07T23:21:30+00:00,W6421,T131,ARRIVED,collection1,ARRIVED,,
10041.5,2025-12-07T23:21:30+00:00,W4802,T131,ARRIVED,collection1,ARRIVED,,
10048.5,2025-12-07T23:28:30+00:00,W12186,,MOVING,retrofit,MOVING,,
10048.5,2025-12-07T23:28:30+00:00,W0128,,MOVING,retrofit,MOVING,,
10053.5,2025-12-07T23:33:30+00:00,W12186,,AT_WORKSHOP,WS_02,ARRIVED,,
10053.5,2025-12-07T23:33:30+00:00,W0128,,AT_WORKSHOP,WS_02,ARRIVED,,
10059.5,2025-12-07T23:39:30+00:00,W12186,,RETROFIT_STARTED,WS_02,PROCESSING,,
10059.5,2025-12-07T23:39:30+00:00,W0128,,RETROFIT_STARTED,WS_02,PROCESSING,,
10065.5,2025-12-07T23:45:30+00:00,W8616,T132,ARRIVED,collection1,ARRIVED,,
10073.25,2025-12-07T23:53:15+00:00,W10387,T133,REJECTED,REJECTED,REJECTED,NO_COLLECTION_TRACK,No collection track available
10073.25,2025-12-07T23:53:15+00:00,W10959,T133,REJECTED,REJECTED,REJECTED,NO_COLLECTION_TRACK,No collection track available
10073.25,2025-12-07T23:53:15+00:00,W1888,T133,REJECTED,REJECTED,REJECTED,NO_COLLECTION_TRACK,No collection track available
10073.25,2025-12-07T23:53:15+00:00,W0139,T133,REJECTED,REJECTED,REJECTED,NO_COLLECTION_TRACK,No collection track available
10073.25,2025-12-07T23:53:15+00:00,W10100,T133,ARRIVED,collection1,ARRIVED,,
10075.0,2025-12-07T23:55:00+00:00,W8990,,PARKED,parking14,PARKED,,
10075.0,2025-12-07T23:55:00+00:00,W0367,,PARKED,parking14,PARKED,,
10075.0,2025-12-07T23:55:00+00:00,W0411,,PARKED,parking14,PARKED,,
10075.0,2025-12-07T23:55:00+00:00,W4457,,PARKED,parking14,PARKED,,
10093.5,2025-12-08T00:13:30+00:00,W8676,,RETROFIT_COMPLETED,WS_01,COMPLETED,,
10093.5,2025-12-08T00:13:30+00:00,W0888,,RETROFIT_COMPLETED,WS_01,COMPLETED,,
10112.0,2025-12-08T00:32:00+00:00,W10330,T134,REJECTED,REJECTED,REJECTED_NO_RETROFIT_NEEDED,No Retrofit Needed,Wagon doesn't need retrofit
10119.5,2025-12-08T00:39:30+00:00,W12186,,RETROFIT_COMPLETED,WS_02,COMPLETED,,
10119.5,2025-12-08T00:39:30+00:00,W0128,,RETROFIT_COMPLETED,WS_02,COMPLETED,,
10122.75,2025-12-08T00:42:45+00:00,W2165,T135,REJECTED,REJECTED,REJECTED,NO_COLLECTION_TRACK,No collection track available
10124.5,2025-12-08T00:44:30+00:00,W4337,,RAKE_COUPLING_STARTED,collection2,COUPLING,,
10124.5,2025-12-08T00:44:30+00:00,W2166,,RAKE_COUPLING_STARTED,collection2,COUPLING,,
10124.5,2025-12-08T00:44:30+00:00,W11847,,RAKE_COUPLING_STARTED,collection2,COUPLING,,
10131.5,2025-12-08T00:51:30+00:00,W4337,,MOVING,collection2,MOVING,,
10131.5,2025-12-08T00:51:30+00:00,W2166,,MOVING,collection2,MOVING,,
10131.5,2025-12-08T00:51:30+00:00,W11847,,MOVING,collection2,MOVING,,
10140.0,2025-12-08T01:00:00+00:00,W8676,,RAKE_COUPLING_STARTED,WS_01,COUPLING,,
10140.0,2025-12-08T01:00:00+00:00,W0888,,RAKE_COUPLING_STARTED,WS_01,COUPLING,,
10142.0,2025-12-08T01:02:00+00:00,W8676,,RAKE_COUPLING_COMPLETED,WS_01,WAITING,,
10142.0,2025-12-08T01:02:00+00:00,W0888,,RAKE_COUPLING_COMPLETED,WS_01,WAITING,,
10142.0,2025-12-08T01:02:00+00:00,W8676,,MOVING,WS_01,MOVING,,
10142.0,2025-12-08T01:02:00+00:00,W0888,,MOVING,WS_01,MOVING,,
10147.0,2025-12-08T01:07:00+00:00,W8676,,ON_RETROFITTED_TRACK,retrofitted,WAITING,,
10147.0,2025-12-08T01:07:00+00:00,W0888,,ON_RETROFITTED_TRACK,retrofitted,WAITING,,
10157.0,2025-12-08T01:17:00+00:00,W12186,,RAKE_COUPLING_STARTED,WS_02,COUPLING,,
10157.0,2025-12-08T01:17:00+00:00,W0128,,RAKE_COUPLING_STARTED,WS_02,COUPLING,,
10159.0,2025-12-08T01:19:00+00:00,W12186,,RAKE_COUPLING_COMPLETED,WS_02,WAITING,,
10159.0,2025-12-08T01:19:00+00:00,W0128,,RAKE_COUPLING_COMPLETED,WS_02,WAITING,,
10159.0,2025-12-08T01:19:00+00:00,W12186,,MOVING,WS_02,MOVING,,
10159.0,2025-12-08T01:19:00+00:00,W0128,,MOVING,WS_02,MOVING,,
10164.0,2025-12-08T01:24:00+00:00,W12186,,ON_RETROFITTED_TRACK,retrofitted,WAITING,,
10164.0,2025-12-08T01:24:00+00:00,W0128,,ON_RETROFITTED_TRACK,retrofitted,WAITING,,
10179.0,2025-12-08T01:39:00+00:00,W7755,,MOVING,retrofit,MOVING,,
10179.0,2025-12-08T01:39:00+00:00,W9951,,MOVING,retrofit,MOVING,,
10184.0,2025-12-08T01:44:00+00:00,W7755,,AT_WORKSHOP,WS_01,ARRIVED,,
10184.0,2025-12-08T01:44:00+00:00,W9951,,AT_WORKSHOP,WS_01,ARRIVED,,
10190.0,2025-12-08T01:50:00+00:00,W7755,,RETROFIT_STARTED,WS_01,PROCESSING,,
10190.0,2025-12-08T01:50:00+00:00,W9951,,RETROFIT_STARTED,WS_01,PROCESSING,,
10191.5,2025-12-08T01:51:30+00:00,W4337,,ON_RETROFIT_TRACK,retrofit,WAITING,,
10191.5,2025-12-08T01:51:30+00:00,W2166,,ON_RETROFIT_TRACK,retrofit,WAITING,,
10191.5,2025-12-08T01:51:30+00:00,W11847,,ON_RETROFIT_TRACK,retrofit,WAITING,,
10205.0,2025-12-08T02:05:00+00:00,W4605,,MOVING,retrofit,MOVING,,
10205.0,2025-12-08T02:05:00+00:00,W10772,,MOVING,retrofit,MOVING,,
10210.0,2025-12-08T02:10:00+00:00,W4605,,AT_WORKSHOP,WS_02,ARRIVED,,
10210.0,2025-12-08T02:10:00+00:00,W10772,,AT_WORKSHOP,WS_02,ARRIVED,,
10216.0,2025-12-08T02:16:00+00:00,W4605,,RETROFIT_STARTED,WS_02,PROCESSING,,
10216.0,2025-12-08T02:16:00+00:00,W10772,,RETROFIT_STARTED,WS_02,PROCESSING,,
10227.75,2025-12-08T02:27:45+00:00,W5834,T136,REJECTED,REJECTED,REJECTED_NO_RETROFIT_NEEDED,No Retrofit Needed,Wagon doesn't need retrofit
10227.75,2025-12-08T02:27:45+00:00,W5838,T136,REJECTED,REJECTED,REJECTED_NO_RETROFIT_NEEDED,No Retrofit Needed,Wagon doesn't need retrofit
10227.75,2025-12-08T02:27:45+00:00,W2736,T136,ARRIVED,collection2,ARRIVED,,
10227.75,2025-12-08T02:27:45+00:00,W10873,T136,ARRIVED,collection2,ARRIVED,,
10227.75,2025-12-08T02:27:45+00:00,W9427,T136,ARRIVED,collection2,ARRIVED,,
10237.5,2025-12-08T02:37:30+00:00,W5612,,PARKED,parking9,PARKED,,
10237.5,2025-12-08T02:37:30+00:00,W0928,,PARKED,parking9,PARKED,,
10237.5,2025-12-08T02:37:30+00:00,W12177,,PARKED,parking9,PARKED,,
10237.5,2025-12-08T02:37:30+00:00,W8952,,PARKED,parking9,PARKED,,
10250.0,2025-12-08T02:50:00+00:00,W7755,,RETROFIT_COMPLETED,WS_01,COMPLETED,,
10250.0,2025-12-08T02:50:00+00:00,W9951,,RETROFIT_COMPLETED,WS_01,COMPLETED,,
10253.0,2025-12-08T02:53:00+00:00,W0234,T137,ARRIVED,collection2,ARRIVED,,
10253.0,2025-12-08T02:53:00+00:00,W12229,T137,ARRIVED,collection2,ARRIVED,,
10253.0,2025-12-08T02:53:00+00:00,W6323,T137,ARRIVED,collection2,ARRIVED,,
10255.5,2025-12-08T02:55:30+00:00,W7755,,RAKE_COUPLING_STARTED,WS_01,COUPLING,,
10255.5,2025-12-08T02:55:30+00:00,W9951,,RAKE_COUPLING_STARTED,WS_01,COUPLING,,
10257.5,2025-12-08T02:57:30+00:00,W7755,,RAKE_COUPLING_COMPLETED,WS_01,WAITING,,
10257.5,2025-12-08T02:57:30+00:00,W9951,,RAKE_COUPLING_COMPLETED,WS_01,WAITING,,
10257.5,2025-12-08T02:57:30+00:00,W7755,,MOVING,WS_01,MOVING,,
10257.5,2025-12-08T02:57:30+00:00,W9951,,MOVING,WS_01,MOVING,,
10262.5,2025-12-08T03:02:30+00:00,W7755,,ON_RETROFITTED_TRACK,retrofitted,WAITING,,
10262.5,2025-12-08T03:02:30+00:00,W9951,,ON_RETROFITTED_TRACK,retrofitted,WAITING,,
10271.5,2025-12-08T03:11:30+00:00,W5316,,RAKE_COUPLING_STARTED,collection1,COUPLING,,
10271.5,2025-12-08T03:11:30+00:00,W9043,,RAKE_COUPLING_STARTED,collection1,COUPLING,,
10271.5,2025-12-08T03:11:30+00:00,W2149,,RAKE_COUPLING_STARTED,collection1,COUPLING,,
10271.5,2025-12-08T03:11:30+00:00,W5380,,RAKE_COUPLING_STARTED,collection1,COUPLING,,
10271.5,2025-12-08T03:11:30+00:00,W0875,,RAKE_COUPLING_STARTED,collection1,COUPLING,,
10271.5,2025-12-08T03:11:30+00:00,W5989,,RAKE_COUPLING_STARTED,collection1,COUPLING,,
10276.0,2025-12-08T03:16:00+00:00,W4605,,RETROFIT_COMPLETED,WS_02,COMPLETED,,
10276.0,2025-12-08T03:16:00+00:00,W10772,,RETROFIT_COMPLETED,WS_02,COMPLETED,,
10284.0,2025-12-08T03:24:00+00:00,W8676,,PARKED,parking5,PARKED,,
10284.0,2025-12-08T03:24:00+00:00,W0888,,PARKED,parking5,PARKED,,
10284.0,2025-12-08T03:24:00+00:00,W12186,,PARKED,parking5,PARKED,,
10284.0,2025-12-08T03:24:00+00:00,W0128,,PARKED,parking5,PARKED,,
10284.5,2025-12-08T03:24:30+00:00,W5316,,MOVING,collection1,MOVING,,
10284.5,2025-12-08T03:24:30+00:00,W9043,,MOVING,collection1,MOVING,,
10284.5,2025-12-08T03:24:30+00:00,W2149,,MOVING,collection1,MOVING,,
10284.5,2025-12-08T03:24:30+00:00,W5380,,MOVING,collection1,MOVING,,
10284.5,2025-12-08T03:24:30+00:00,W0875,,MOVING,collection1,MOVING,,
10284.5,2025-12-08T03:24:30+00:00,W5989,,MOVING,collection1,MOVING,,
10294.0,2025-12-08T03:34:00+00:00,W4605,,RAKE_COUPLING_STARTED,WS_02,COUPLING,,
10294.0,2025-12-08T03:34:00+00:00,W10772,,RAKE_COUPLING_STARTED,WS_02,COUPLING,,
10296.0,2025-12-08T03:36:00+00:00,W4605,,RAKE_COUPLING_COMPLETED,WS_02,WAITING,,
10296.0,2025-12-08T03:36:00+00:00,W10772,,RAKE_COUPLING_COMPLETED,WS_02,WAITING,,
10296.0,2025-12-08T03:36:00+00:00,W4605,,MOVING,WS_02,MOVING,,
10296.0,2025-12-08T03:36:00+00:00,W10772,,MOVING,WS_02,MOVING,,
10301.0,2025-12-08T03:41:00+00:00,W4605,,ON_RETROFITTED_TRACK,retrofitted,WAITING,,
10301.0,2025-12-08T03:41:00+00:00,W10772,,ON_RETROFITTED_TRACK,retrofitted,WAITING,,
10316.0,2025-12-08T03:56:00+00:00,W4337,,MOVING,retrofit,MOVING,,
10316.0,2025-12-08T03:56:00+00:00,W2166,,MOVING,retrofit,MOVING,,
10321.0,2025-12-08T04:01:00+00:00,W4337,,AT_WORKSHOP,WS_01,ARRIVED,,
10321.0,2025-12-08T04:01:00+00:00,W2166,,AT_WORKSHOP,WS_01,ARRIVED,,
10327.0,2025-12-08T04:07:00+00:00,W4337,,RETROFIT_STARTED,WS_01,PROCESSING,,
10327.0,2025-12-08T04:07:00+00:00,W2166,,RETROFIT_STARTED,WS_01,PROCESSING,,
10340.0,2025-12-08T04:20:00+00:00,W11847,,MOVING,retrofit,MOVING,,
10344.5,2025-12-08T04:24:30+00:00,W5316,,ON_RETROFIT_TRACK,retrofit,WAITING,,
10344.5,2025-12-08T04:24:30+00:00,W9043,,ON_RETROFIT_TRACK,retrofit,WAITING,,
10344.5,2025-12-08T04:24:30+00:00,W2149,,ON_RETROFIT_TRACK,retrofit,WAITING,,
10344.5,2025-12-08T04:24:30+00:00,W5380,,ON_RETROFIT_TRACK,retrofit,WAITING,,
10344.5,2025-12-08T04:24:30+00:00,W0875,,ON_RETROFIT_TRACK,retrofit,WAITING,,
10344.5,2025-12-08T04:24:30+00:00,W5989,,ON_RETROFIT_TRACK,retrofit,WAITING,,
10345.0,2025-12-08T04:25:00+00:00,W11847,,AT_WORKSHOP,WS_02,ARRIVED,,
10348.0,2025-12-08T04:28:00+00:00,W11847,,RETROFIT_STARTED,WS_02,PROCESSING,,
10387.0,2025-12-08T05:07:00+00:00,W4337,,RETROFIT_COMPLETED,WS_01,COMPLETED,,
10387.0,2025-12-08T05:07:00+00:00,W2166,,RETROFIT_COMPLETED,WS_01,COMPLETED,,
10396.0,2025-12-08T05:16:00+00:00,W7755,,PARKED,parking7,PARKED,,
10396.0,2025-12-08T05:16:00+00:00,W9951,,PARKED,parking7,PARKED,,
10406.0,2025-12-08T05:26:00+00:00,W4337,,RAKE_COUPLING_STARTED,WS_01,COUPLING,,
10406.0,2025-12-08T05:26:00+00:00,W2166,,RAKE_COUPLING_STARTED,WS_01,COUPLING,,
10408.0,2025-12-08T05:28:00+00:00,W11847,,RETROFIT_COMPLETED,WS_02,COMPLETED,,
10408.0,2025-12-08T05:28:00+00:00,W4337,,RAKE_COUPLING_COMPLETED,WS_01,WAITING,,
10408.0,2025-12-08T05:28:00+00:00,W2166,,RAKE_COUPLING_COMPLETED,WS_01,WAITING,,
10408.0,2025-12-08T05:28:00+00:00,W4337,,MOVING,WS_01,MOVING,,
10408.0,2025-12-08T05:28:00+00:00,W2166,,MOVING,WS_01,MOVING,,
10413.0,2025-12-08T05:33:00+00:00,W11884,,RAKE_COUPLING_STARTED,collection2,COUPLING,,
10413.0,2025-12-08T05:33:00+00:00,W2135,,RAKE_COUPLING_STARTED,collection2,COUPLING,,
10413.0,2025-12-08T05:33:00+00:00,W9420,,RAKE_COUPLING_STARTED,collection2,COUPLING,,
10413.0,2025-12-08T05:33:00+00:00,W9744,,RAKE_COUPLING_STARTED,collection2,COUPLING,,
10413.0,2025-12-08T05:33:00+00:00,W10936,,RAKE_COUPLING_STARTED,collection2,COUPLING,,
10413.0,2025-12-08T05:33:00+00:00,W10993,,RAKE_COUPLING_STARTED,collection2,COUPLING,,
10413.0,2025-12-08T05:33:00+00:00,W11050,,RAKE_COUPLING_STARTED,collection2,COUPLING,,
10413.0,2025-12-08T05:33:00+00:00,W0475,,RAKE_COUPLING_STARTED,collection2,COUPLING,,
10413.0,2025-12-08T05:33:00+00:00,W0827,,RAKE_COUPLING_STARTED,collection2,COUPLING,,
10413.0,2025-12-08T05:33:00+00:00,W8714,,RAKE_COUPLING_STARTED,collection2,COUPLING,,
10413.0,2025-12-08T05:33:00+00:00,W4337,,ON_RETROFITTED_TRACK,retrofitted,WAITING,,
10413.0,2025-12-08T05:33:00+00:00,W2166,,ON_RETROFITTED_TRACK,retrofitted,WAITING,,
10420.25,2025-12-08T05:40:15+00:00,W11261,T138,REJECTED,REJECTED,REJECTED_NO_RETROFIT_NEEDED,No Retrofit Needed,Wagon doesn't need retrofit
10420.25,2025-12-08T05:40:15+00:00,W11269,T138,REJECTED,REJECTED,REJECTED_NO_RETROFIT_NEEDED,No Retrofit Needed,Wagon doesn't need retrofit
10420.25,2025-12-08T05:40:15+00:00,W2973,T138,REJECTED,REJECTED,REJECTED_NO_RETROFIT_NEEDED,No Retrofit Needed,Wagon doesn't need retrofit
10420.25,2025-12-08T05:40:15+00:00,W2910,T138,ARRIVED,collection1,ARRIVED,,
10420.25,2025-12-08T05:40:15+00:00,W0681,T138,ARRIVED,collection1,ARRIVED,,
10420.25,2025-12-08T05:40:15+00:00,W8552,T138,ARRIVED,collection2,ARRIVED,,
10423.5,2025-12-08T05:43:30+00:00,W4422,T139,REJECTED,REJECTED,REJECTED,NO_COLLECTION_TRACK,No collection track available
10423.5,2025-12-08T05:43:30+00:00,W4392,T139,REJECTED,REJECTED,REJECTED,NO_COLLECTION_TRACK,No collection track available
10423.5,2025-12-08T05:43:30+00:00,W9833,T139,REJECTED,REJECTED,REJECTED,NO_COLLECTION_TRACK,No collection track available
10423.5,2025-12-08T05:43:30+00:00,W0841,T139,REJECTED,REJECTED,REJECTED,NO_COLLECTION_TRACK,No collection track available
10423.5,2025-12-08T05:43:30+00:00,W12221,T139,ARRIVED,collection2,ARRIVED,,
10423.5,2025-12-08T05:43:30+00:00,W0237,T139,ARRIVED,collection1,ARRIVED,,
10424.5,2025-12-08T05:44:30+00:00,W11847,,MOVING,WS_02,MOVING,,
10429.5,2025-12-08T05:49:30+00:00,W11847,,ON_RETROFITTED_TRACK,retrofitted,WAITING,,
10430.25,2025-12-08T05:50:15+00:00,W6734,T140,REJECTED,REJECTED,REJECTED,NO_COLLECTION_TRACK,No collection track available
10430.25,2025-12-08T05:50:15+00:00,W4085,T140,REJECTED,REJECTED,REJECTED,NO_COLLECTION_TRACK,No collection track available
10430.25,2025-12-08T05:50:15+00:00,W3909,T140,REJECTED,REJECTED,REJECTED,NO_COLLECTION_TRACK,No collection track available
10430.25,2025-12-08T05:50:15+00:00,W3822,T140,REJECTED,REJECTED,REJECTED,NO_COLLECTION_TRACK,No collection track available
10430.25,2025-12-08T05:50:15+00:00,W4571,T140,REJECTED,REJECTED,REJECTED,NO_COLLECTION_TRACK,No collection track available
10434.0,2025-12-08T05:54:00+00:00,W11884,,MOVING,collection2,MOVING,,
10434.0,2025-12-08T05:54:00+00:00,W2135,,MOVING,collection2,MOVING,,
10434.0,2025-12-08T05:54:00+00:00,W9420,,MOVING,collection2,MOVING,,
10434.0,2025-12-08T05:54:00+00:00,W9744,,MOVING,collection2,MOVING,,
10434.0,2025-12-08T05:54:00+00:00,W10936,,MOVING,collection2,MOVING,,
10434.0,2025-12-08T05:54:00+00:00,W10993,,MOVING,collection2,MOVING,,
10434.0,2025-12-08T05:54:00+00:00,W11050,,MOVING,collection2,MOVING,,
10434.0,2025-12-08T05:54:00+00:00,W0475,,MOVING,collection2,MOVING,,
10434.0,2025-12-08T05:54:00+00:00,W0827,,MOVING,collection2,MOVING,,
10434.0,2025-12-08T05:54:00+00:00,W8714,,MOVING,collection2,MOVING,,
10444.5,2025-12-08T06:04:30+00:00,W5316,,MOVING,retrofit,MOVING,,
10444.5,2025-12-08T06:04:30+00:00,W9043,,MOVING,retrofit,MOVING,,
10449.5,2025-12-08T06:09:30+00:00,W5316,,AT_WORKSHOP,WS_01,ARRIVED,,
10449.5,2025-12-08T06:09:30+00:00,W9043,,AT_WORKSHOP,WS_01,ARRIVED,,
10455.5,2025-12-08T06:15:30+00:00,W5316,,RETROFIT_STARTED,WS_01,PROCESSING,,
10455.5,2025-12-08T06:15:30+00:00,W9043,,RETROFIT_STARTED,WS_01,PROCESSING,,
10470.5,2025-12-08T06:30:30+00:00,W2149,,MOVING,retrofit,MOVING,,
10470.5,2025-12-08T06:30:30+00:00,W5380,,MOVING,retrofit,MOVING,,
10475.5,2025-12-08T06:35:30+00:00,W2149,,AT_WORKSHOP,WS_02,ARRIVED,,
10475.5,2025-12-08T06:35:30+00:00,W5380,,AT_WORKSHOP,WS_02,ARRIVED,,
10481.5,2025-12-08T06:41:30+00:00,W2149,,RETROFIT_STARTED,WS_02,PROCESSING,,
10481.5,2025-12-08T06:41:30+00:00,W5380,,RETROFIT_STARTED,WS_02,PROCESSING,,
10494.0,2025-12-08T06:54:00+00:00,W11884,,ON_RETROFIT_TRACK,retrofit,WAITING,,
10494.0,2025-12-08T06:54:00+00:00,W2135,,ON_RETROFIT_TRACK,retrofit,WAITING,,
10494.0,2025-12-08T06:54:00+00:00,W9420,,ON_RETROFIT_TRACK,retrofit,WAITING,,
10494.0,2025-12-08T06:54:00+00:00,W9744,,ON_RETROFIT_TRACK,retrofit,WAITING,,
10494.0,2025-12-08T06:54:00+00:00,W10936,,ON_RETROFIT_TRACK,retrofit,WAITING,,
10494.0,2025-12-08T06:54:00+00:00,W10993,,ON_RETROFIT_TRACK,retrofit,WAITING,,
10494.0,2025-12-08T06:54:00+00:00,W11050,,ON_RETROFIT_TRACK,retrofit,WAITING,,
10494.0,2025-12-08T06:54:00+00:00,W0475,,ON_RETROFIT_TRACK,retrofit,WAITING,,
10494.0,2025-12-08T06:54:00+00:00,W0827,,ON_RETROFIT_TRACK,retrofit,WAITING,,
10494.0,2025-12-08T06:54:00+00:00,W8714,,ON_RETROFIT_TRACK,retrofit,WAITING,,
10500.0,2025-12-08T07:00:00+00:00,W9043,T141,REJECTED,REJECTED,REJECTED_NO_RETROFIT_NEEDED,No Retrofit Needed,Wagon doesn't need retrofit
10500.0,2025-12-08T07:00:00+00:00,W10772,T141,REJECTED,REJECTED,REJECTED_NO_RETROFIT_NEEDED,No Retrofit Needed,Wagon doesn't need retrofit
10500.0,2025-12-08T07:00:00+00:00,W318166502860,T141,REJECTED,REJECTED,REJECTED_NO_RETROFIT_NEEDED,No Retrofit Needed,Wagon doesn't need retrofit
10500.0,2025-12-08T07:00:00+00:00,W1419,T141,REJECTED,REJECTED,REJECTED,NO_COLLECTION_TRACK,No collection track available
10515.5,2025-12-08T07:15:30+00:00,W5316,,RETROFIT_COMPLETED,WS_01,COMPLETED,,
10515.5,2025-12-08T07:15:30+00:00,W9043,,RETROFIT_COMPLETED,WS_01,COMPLETED,,
10541.5,2025-12-08T07:41:30+00:00,W2149,,RETROFIT_COMPLETED,WS_02,COMPLETED,,
10541.5,2025-12-08T07:41:30+00:00,W5380,,RETROFIT_COMPLETED,WS_02,COMPLETED,,
10546.5,2025-12-08T07:46:30+00:00,W5415,,RAKE_COUPLING_STARTED,collection1,COUPLING,,
10546.5,2025-12-08T07:46:30+00:00,W12031,,RAKE_COUPLING_STARTED,collection1,COUPLING,,
10546.5,2025-12-08T07:46:30+00:00,W10441,,RAKE_COUPLING_STARTED,collection1,COUPLING,,
10553.5,2025-12-08T07:53:30+00:00,W5415,,MOVING,collection1,MOVING,,
10553.5,2025-12-08T07:53:30+00:00,W12031,,MOVING,collection1,MOVING,,
10553.5,2025-12-08T07:53:30+00:00,W10441,,MOVING,collection1,MOVING,,
10561.0,2025-12-08T08:01:00+00:00,W5316,,RAKE_COUPLING_STARTED,WS_01,COUPLING,,
10561.0,2025-12-08T08:01:00+00:00,W9043,,RAKE_COUPLING_STARTED,WS_01,COUPLING,,
10563.0,2025-12-08T08:03:00+00:00,W5316,,RAKE_COUPLING_COMPLETED,WS_01,WAITING,,
10563.0,2025-12-08T08:03:00+00:00,W9043,,RAKE_COUPLING_COMPLETED,WS_01,WAITING,,
10563.0,2025-12-08T08:03:00+00:00,W5316,,MOVING,WS_01,MOVING,,
10563.0,2025-12-08T08:03:00+00:00,W9043,,MOVING,WS_01,MOVING,,
10568.0,2025-12-08T08:08:00+00:00,W5316,,ON_RETROFITTED_TRACK,retrofitted,WAITING,,
10568.0,2025-12-08T08:08:00+00:00,W9043,,ON_RETROFITTED_TRACK,retrofitted,WAITING,,
10578.0,2025-12-08T08:18:00+00:00,W2149,,RAKE_COUPLING_STARTED,WS_02,COUPLING,,
10578.0,2025-12-08T08:18:00+00:00,W5380,,RAKE_COUPLING_STARTED,WS_02,COUPLING,,
10580.0,2025-12-08T08:20:00+00:00,W2149,,RAKE_COUPLING_COMPLETED,WS_02,WAITING,,
10580.0,2025-12-08T08:20:00+00:00,W5380,,RAKE_COUPLING_COMPLETED,WS_02,WAITING,,
10580.0,2025-12-08T08:20:00+00:00,W2149,,MOVING,WS_02,MOVING,,
10580.0,2025-12-08T08:20:00+00:00,W5380,,MOVING,WS_02,MOVING,,
10585.0,2025-12-08T08:25:00+00:00,W2149,,ON_RETROFITTED_TRACK,retrofitted,WAITING,,
10585.0,2025-12-08T08:25:00+00:00,W5380,,ON_RETROFITTED_TRACK,retrofitted,WAITING,,
10593.5,2025-12-08T08:33:30+00:00,W9959,T142,REJECTED,REJECTED,REJECTED_NO_RETROFIT_NEEDED,No Retrofit Needed,Wagon doesn't need retrofit
10593.5,2025-12-08T08:33:30+00:00,W6989,T142,REJECTED,REJECTED,REJECTED,NO_COLLECTION_TRACK,No collection track available
10593.5,2025-12-08T08:33:30+00:00,W12179,T142,REJECTED,REJECTED,REJECTED,NO_COLLECTION_TRACK,No collection track available
10593.5,2025-12-08T08:33:30+00:00,W0131,T142,REJECTED,REJECTED,REJECTED,NO_COLLECTION_TRACK,No collection track available
10593.5,2025-12-08T08:33:30+00:00,W5173,T142,ARRIVED,collection2,ARRIVED,,
10593.5,2025-12-08T08:33:30+00:00,W4380,T142,ARRIVED,collection2,ARRIVED,,
10593.5,2025-12-08T08:33:30+00:00,W5872,T142,ARRIVED,collection2,ARRIVED,,
10593.5,2025-12-08T08:33:30+00:00,W0093,T142,ARRIVED,collection2,ARRIVED,,
10600.0,2025-12-08T08:40:00+00:00,W0875,,MOVING,retrofit,MOVING,,
10600.0,2025-12-08T08:40:00+00:00,W5989,,MOVING,retrofit,MOVING,,
10605.0,2025-12-08T08:45:00+00:00,W0875,,AT_WORKSHOP,WS_01,ARRIVED,,
10605.0,2025-12-08T08:45:00+00:00,W5989,,AT_WORKSHOP,WS_01,ARRIVED,,
10611.0,2025-12-08T08:51:00+00:00,W0875,,RETROFIT_STARTED,WS_01,PROCESSING,,
10611.0,2025-12-08T08:51:00+00:00,W5989,,RETROFIT_STARTED,WS_01,PROCESSING,,
10613.5,2025-12-08T08:53:30+00:00,W5415,,ON_RETROFIT_TRACK,retrofit,WAITING,,
10613.5,2025-12-08T08:53:30+00:00,W12031,,ON_RETROFIT_TRACK,retrofit,WAITING,,
10613.5,2025-12-08T08:53:30+00:00,W10441,,ON_RETROFIT_TRACK,retrofit,WAITING,,
10616.5,2025-12-08T08:56:30+00:00,W8335,T143,REJECTED,REJECTED,REJECTED,NO_COLLECTION_TRACK,No collection track available
10616.5,2025-12-08T08:56:30+00:00,W7282,T143,REJECTED,REJECTED,REJECTED,NO_COLLECTION_TRACK,No collection track available
10616.5,2025-12-08T08:56:30+00:00,W12073,T143,REJECTED,REJECTED,REJECTED,NO_COLLECTION_TRACK,No collection track available
10626.0,2025-12-08T09:06:00+00:00,W11884,,MOVING,retrofit,MOVING,,
10626.0,2025-12-08T09:06:00+00:00,W2135,,MOVING,retrofit,MOVING,,
10631.0,2025-12-08T09:11:00+00:00,W11884,,AT_WORKSHOP,WS_02,ARRIVED,,
10631.0,2025-12-08T09:11:00+00:00,W2135,,AT_WORKSHOP,WS_02,ARRIVED,,
10637.0,2025-12-08T09:17:00+00:00,W11884,,RETROFIT_STARTED,WS_02,PROCESSING,,
10637.0,2025-12-08T09:17:00+00:00,W2135,,RETROFIT_STARTED,WS_02,PROCESSING,,
10671.0,2025-12-08T09:51:00+00:00,W0875,,RETROFIT_COMPLETED,WS_01,COMPLETED,,
10671.0,2025-12-08T09:51:00+00:00,W5989,,RETROFIT_COMPLETED,WS_01,COMPLETED,,
10676.5,2025-12-08T09:56:30+00:00,W0875,,RAKE_COUPLING_STARTED,WS_01,COUPLING,,
10676.5,2025-12-08T09:56:30+00:00,W5989,,RAKE_COUPLING_STARTED,WS_01,COUPLING,,
10678.5,2025-12-08T09:58:30+00:00,W0875,,RAKE_COUPLING_COMPLETED,WS_01,WAITING,,
10678.5,2025-12-08T09:58:30+00:00,W5989,,RAKE_COUPLING_COMPLETED,WS_01,WAITING,,
10678.5,2025-12-08T09:58:30+00:00,W0875,,MOVING,WS_01,MOVING,,
10678.5,2025-12-08T09:58:30+00:00,W5989,,MOVING,WS_01,MOVING,,
10683.5,2025-12-08T10:03:30+00:00,W0875,,ON_RETROFITTED_TRACK,retrofitted,WAITING,,
10683.5,2025-12-08T10:03:30+00:00,W5989,,ON_RETROFITTED_TRACK,retrofitted,WAITING,,
10697.0,2025-12-08T10:17:00+00:00,W11884,,RETROFIT_COMPLETED,WS_02,COMPLETED,,
10697.0,2025-12-08T10:17:00+00:00,W2135,,RETROFIT_COMPLETED,WS_02,COMPLETED,,
10698.5,2025-12-08T10:18:30+00:00,W9420,,MOVING,retrofit,MOVING,,
10698.5,2025-12-08T10:18:30+00:00,W9744,,MOVING,retrofit,MOVING,,
10702.0,2025-12-08T10:22:00+00:00,W4605,,PARKED,parking10,PARKED,,
10702.0,2025-12-08T10:22:00+00:00,W10772,,PARKED,parking10,PARKED,,
10703.5,2025-12-08T10:23:30+00:00,W9420,,AT_WORKSHOP,WS_01,ARRIVED,,
10703.5,2025-12-08T10:23:30+00:00,W9744,,AT_WORKSHOP,WS_01,ARRIVED,,
10709.5,2025-12-08T10:29:30+00:00,W9420,,RETROFIT_STARTED,WS_01,PROCESSING,,
10709.5,2025-12-08T10:29:30+00:00,W9744,,RETROFIT_STARTED,WS_01,PROCESSING,,
10719.5,2025-12-08T10:39:30+00:00,W11884,,RAKE_COUPLING_STARTED,WS_02,COUPLING,,
10719.5,2025-12-08T10:39:30+00:00,W2135,,RAKE_COUPLING_STARTED,WS_02,COUPLING,,
10721.5,2025-12-08T10:41:30+00:00,W11884,,RAKE_COUPLING_COMPLETED,WS_02,WAITING,,
10721.5,2025-12-08T10:41:30+00:00,W2135,,RAKE_COUPLING_COMPLETED,WS_02,WAITING,,
10721.5,2025-12-08T10:41:30+00:00,W11884,,MOVING,WS_02,MOVING,,
10721.5,2025-12-08T10:41:30+00:00,W2135,,MOVING,WS_02,MOVING,,
10726.5,2025-12-08T10:46:30+00:00,W11884,,ON_RETROFITTED_TRACK,retrofitted,WAITING,,
10726.5,2025-12-08T10:46:30+00:00,W2135,,ON_RETROFITTED_TRACK,retrofitted,WAITING,,
10769.5,2025-12-08T11:29:30+00:00,W9420,,RETROFIT_COMPLETED,WS_01,COMPLETED,,
10769.5,2025-12-08T11:29:30+00:00,W9744,,RETROFIT_COMPLETED,WS_01,COMPLETED,,
10772.0,2025-12-08T11:32:00+00:00,W10936,,MOVING,retrofit,MOVING,,
10772.0,2025-12-08T11:32:00+00:00,W10993,,MOVING,retrofit,MOVING,,
10777.0,2025-12-08T11:37:00+00:00,W10936,,AT_WORKSHOP,WS_02,ARRIVED,,
10777.0,2025-12-08T11:37:00+00:00,W10993,,AT_WORKSHOP,WS_02,ARRIVED,,
10783.0,2025-12-08T11:43:00+00:00,W10936,,RETROFIT_STARTED,WS_02,PROCESSING,,
10783.0,2025-12-08T11:43:00+00:00,W10993,,RETROFIT_STARTED,WS_02,PROCESSING,,
10788.0,2025-12-08T11:48:00+00:00,W0139,T144,REJECTED,REJECTED,REJECTED_NO_RETROFIT_NEEDED,No Retrofit Needed,Wagon doesn't need retrofit
10791.5,2025-12-08T11:51:30+00:00,W7877,,RAKE_COUPLING_STARTED,collection2,COUPLING,,
10791.5,2025-12-08T11:51:30+00:00,W5280,,RAKE_COUPLING_STARTED,collection2,COUPLING,,
10791.5,2025-12-08T11:51:30+00:00,W7897,,RAKE_COUPLING_STARTED,collection2,COUPLING,,
10793.0,2025-12-08T11:53:00+00:00,W9420,,RAKE_COUPLING_STARTED,WS_01,COUPLING,,
10793.0,2025-12-08T11:53:00+00:00,W9744,,RAKE_COUPLING_STARTED,WS_01,COUPLING,,
10793.25,2025-12-08T11:53:15+00:00,W10150,T145,REJECTED,REJECTED,REJECTED,NO_COLLECTION_TRACK,No collection track available
10793.25,2025-12-08T11:53:15+00:00,W4099,T145,REJECTED,REJECTED,REJECTED,NO_COLLECTION_TRACK,No collection track available
10793.25,2025-12-08T11:53:15+00:00,W12116,T145,ARRIVED,collection1,ARRIVED,,
10793.25,2025-12-08T11:53:15+00:00,W0698,T145,ARRIVED,collection1,ARRIVED,,
10795.0,2025-12-08T11:55:00+00:00,W12155,T146,REJECTED,REJECTED,REJECTED,NO_COLLECTION_TRACK,No collection track available
10795.0,2025-12-08T11:55:00+00:00,W5987,T146,REJECTED,REJECTED,REJECTED,NO_COLLECTION_TRACK,No collection track available
10795.0,2025-12-08T11:55:00+00:00,W10815,T146,REJECTED,REJECTED,REJECTED,NO_COLLECTION_TRACK,No collection track available
10795.0,2025-12-08T11:55:00+00:00,W9311,T146,REJECTED,REJECTED,REJECTED,NO_COLLECTION_TRACK,No collection track available
10795.0,2025-12-08T11:55:00+00:00,W8090,T146,REJECTED,REJECTED,REJECTED,NO_COLLECTION_TRACK,No collection track available
10795.0,2025-12-08T11:55:00+00:00,W9420,,RAKE_COUPLING_COMPLETED,WS_01,WAITING,,
10795.0,2025-12-08T11:55:00+00:00,W9744,,RAKE_COUPLING_COMPLETED,WS_01,WAITING,,
10795.0,2025-12-08T11:55:00+00:00,W9420,,MOVING,WS_01,MOVING,,
10795.0,2025-12-08T11:55:00+00:00,W9744,,MOVING,WS_01,MOVING,,
10796.75,2025-12-08T11:56:45+00:00,W7601,T147,REJECTED,REJECTED,REJECTED,NO_COLLECTION_TRACK,No collection track available
10796.75,2025-12-08T11:56:45+00:00,W0848,T147,REJECTED,REJECTED,REJECTED,NO_COLLECTION_TRACK,No collection track available
10796.75,2025-12-08T11:56:45+00:00,W5493,T147,REJECTED,REJECTED,REJECTED,NO_COLLECTION_TRACK,No collection track available
10796.75,2025-12-08T11:56:45+00:00,W0839,T147,ARRIVED,collection1,ARRIVED,,
10798.5,2025-12-08T11:58:30+00:00,W7877,,MOVING,collection2,MOVING,,
10798.5,2025-12-08T11:58:30+00:00,W5280,,MOVING,collection2,MOVING,,
10798.5,2025-12-08T11:58:30+00:00,W7897,,MOVING,collection2,MOVING,,
10800.0,2025-12-08T12:00:00+00:00,W9420,,ON_RETROFITTED_TRACK,retrofitted,WAITING,,
10800.0,2025-12-08T12:00:00+00:00,W9744,,ON_RETROFITTED_TRACK,retrofitted,WAITING,,
10842.75,2025-12-08T12:42:45+00:00,W6352,T148,REJECTED,REJECTED,REJECTED_NO_RETROFIT_NEEDED,No Retrofit Needed,Wagon doesn't need retrofit
10842.75,2025-12-08T12:42:45+00:00,W2444,T148,REJECTED,REJECTED,REJECTED_NO_RETROFIT_NEEDED,No Retrofit Needed,Wagon doesn't need retrofit
10843.0,2025-12-08T12:43:00+00:00,W10936,,RETROFIT_COMPLETED,WS_02,COMPLETED,,
10843.0,2025-12-08T12:43:00+00:00,W10993,,RETROFIT_COMPLETED,WS_02,COMPLETED,,
10858.5,2025-12-08T12:58:30+00:00,W7877,,ON_RETROFIT_TRACK,retrofit,WAITING,,
10858.5,2025-12-08T12:58:30+00:00,W5280,,ON_RETROFIT_TRACK,retrofit,WAITING,,
10858.5,2025-12-08T12:58:30+00:00,W7897,,ON_RETROFIT_TRACK,retrofit,WAITING,,
10860.25,2025-12-08T13:00:15+00:00,W0962,T149,REJECTED,REJECTED,REJECTED_NO_RETROFIT_NEEDED,No Retrofit Needed,Wagon doesn't need retrofit
10860.25,2025-12-08T13:00:15+00:00,W1888,T149,REJECTED,REJECTED,REJECTED_NO_RETROFIT_NEEDED,No Retrofit Needed,Wagon doesn't need retrofit
10860.25,2025-12-08T13:00:15+00:00,W0013,T149,REJECTED,REJECTED,REJECTED,NO_COLLECTION_TRACK,No collection track available
10865.0,2025-12-08T13:05:00+00:00,W10435,,RAKE_COUPLING_STARTED,collection1,COUPLING,,
10865.0,2025-12-08T13:05:00+00:00,W1122,,RAKE_COUPLING_STARTED,collection1,COUPLING,,
10865.0,2025-12-08T13:05:00+00:00,W1120,,RAKE_COUPLING_STARTED,collection1,COUPLING,,
10872.0,2025-12-08T13:12:00+00:00,W10435,,MOVING,collection1,MOVING,,
10872.0,2025-12-08T13:12:00+00:00,W1122,,MOVING,collection1,MOVING,,
10872.0,2025-12-08T13:12:00+00:00,W1120,,MOVING,collection1,MOVING,,
10883.5,2025-12-08T13:23:30+00:00,W10936,,RAKE_COUPLING_STARTED,WS_02,COUPLING,,
10883.5,2025-12-08T13:23:30+00:00,W10993,,RAKE_COUPLING_STARTED,WS_02,COUPLING,,
10885.5,2025-12-08T13:25:30+00:00,W10936,,RAKE_COUPLING_COMPLETED,WS_02,WAITING,,
10885.5,2025-12-08T13:25:30+00:00,W10993,,RAKE_COUPLING_COMPLETED,WS_02,WAITING,,
10885.5,2025-12-08T13:25:30+00:00,W10936,,MOVING,WS_02,MOVING,,
10885.5,2025-12-08T13:25:30+00:00,W10993,,MOVING,WS_02,MOVING,,
10890.5,2025-12-08T13:30:30+00:00,W10936,,ON_RETROFITTED_TRACK,retrofitted,WAITING,,
10890.5,2025-12-08T13:30:30+00:00,W10993,,ON_RETROFITTED_TRACK,retrofitted,WAITING,,
10919.5,2025-12-08T13:59:30+00:00,W4337,,PARKED,parking8,PARKED,,
10919.5,2025-12-08T13:59:30+00:00,W2166,,PARKED,parking8,PARKED,,
10919.5,2025-12-08T13:59:30+00:00,W11847,,PARKED,parking8,PARKED,,
10919.5,2025-12-08T13:59:30+00:00,W5316,,PARKED,parking8,PARKED,,
10919.5,2025-12-08T13:59:30+00:00,W9043,,PARKED,parking8,PARKED,,
10919.5,2025-12-08T13:59:30+00:00,W2149,,PARKED,parking8,PARKED,,
10919.5,2025-12-08T13:59:30+00:00,W5380,,PARKED,parking8,PARKED,,
10919.5,2025-12-08T13:59:30+00:00,W0875,,PARKED,parking8,PARKED,,
10919.5,2025-12-08T13:59:30+00:00,W5989,,PARKED,parking8,PARKED,,
10932.0,2025-12-08T14:12:00+00:00,W10435,,ON_RETROFIT_TRACK,retrofit,WAITING,,
10932.0,2025-12-08T14:12:00+00:00,W1122,,ON_RETROFIT_TRACK,retrofit,WAITING,,
10932.0,2025-12-08T14:12:00+00:00,W1120,,ON_RETROFIT_TRACK,retrofit,WAITING,,
10934.5,2025-12-08T14:14:30+00:00,W11050,,MOVING,retrofit,MOVING,,
10934.5,2025-12-08T14:14:30+00:00,W0475,,MOVING,retrofit,MOVING,,
10939.5,2025-12-08T14:19:30+00:00,W11050,,AT_WORKSHOP,WS_01,ARRIVED,,
10939.5,2025-12-08T14:19:30+00:00,W0475,,AT_WORKSHOP,WS_01,ARRIVED,,
10945.5,2025-12-08T14:25:30+00:00,W11050,,RETROFIT_STARTED,WS_01,PROCESSING,,
10945.5,2025-12-08T14:25:30+00:00,W0475,,RETROFIT_STARTED,WS_01,PROCESSING,,
10947.75,2025-12-08T14:27:45+00:00,W2980,T150,REJECTED,REJECTED,REJECTED_NO_RETROFIT_NEEDED,No Retrofit Needed,Wagon doesn't need retrofit
10947.75,2025-12-08T14:27:45+00:00,W10934,T150,REJECTED,REJECTED,REJECTED,NO_COLLECTION_TRACK,No collection track available
10947.75,2025-12-08T14:27:45+00:00,W3237,T150,REJECTED,REJECTED,REJECTED,NO_COLLECTION_TRACK,No collection track available
10947.75,2025-12-08T14:27:45+00:00,W3413,T150,ARRIVED,collection2,ARRIVED,,
10947.75,2025-12-08T14:27:45+00:00,W8479,T150,ARRIVED,collection2,ARRIVED,,
10947.75,2025-12-08T14:27:45+00:00,W8637,T150,ARRIVED,collection2,ARRIVED,,
10947.75,2025-12-08T14:27:45+00:00,W2324,T150,ARRIVED,collection2,ARRIVED,,
10960.5,2025-12-08T14:40:30+00:00,W0827,,MOVING,retrofit,MOVING,,
10960.5,2025-12-08T14:40:30+00:00,W8714,,MOVING,retrofit,MOVING,,
10965.5,2025-12-08T14:45:30+00:00,W0827,,AT_WORKSHOP,WS_02,ARRIVED,,
10965.5,2025-12-08T14:45:30+00:00,W8714,,AT_WORKSHOP,WS_02,ARRIVED,,
10971.5,2025-12-08T14:51:30+00:00,W0827,,RETROFIT_STARTED,WS_02,PROCESSING,,
10971.5,2025-12-08T14:51:30+00:00,W8714,,RETROFIT_STARTED,WS_02,PROCESSING,,
10973.75,2025-12-08T14:53:45+00:00,W2299,T151,REJECTED,REJECTED,REJECTED,NO_COLLECTION_TRACK,No collection track available
10973.75,2025-12-08T14:53:45+00:00,W2263,T151,REJECTED,REJECTED,REJECTED,NO_COLLECTION_TRACK,No collection track available
10973.75,2025-12-08T14:53:45+00:00,W8075,T151,REJECTED,REJECTED,REJECTED,NO_COLLECTION_TRACK,No collection track available
10973.75,2025-12-08T14:53:45+00:00,W5681,T151,REJECTED,REJECTED,REJECTED,NO_COLLECTION_TRACK,No collection track available
10973.75,2025-12-08T14:53:45+00:00,W6409,T151,REJECTED,REJECTED,REJECTED,NO_COLLECTION_TRACK,No collection track available
10973.75,2025-12-08T14:53:45+00:00,W8498,T151,REJECTED,REJECTED,REJECTED,NO_COLLECTION_TRACK,No collection track available
10973.75,2025-12-08T14:53:45+00:00,W2133,T151,REJECTED,REJECTED,REJECTED,NO_COLLECTION_TRACK,No collection track available
10973.75,2025-12-08T14:53:45+00:00,W10562,T151,REJECTED,REJECTED,REJECTED,NO_COLLECTION_TRACK,No collection track available
10973.75,2025-12-08T14:53:45+00:00,W5611,T151,ARRIVED,collection1,ARRIVED,,
10973.75,2025-12-08T14:53:45+00:00,W8094,T151,ARRIVED,collection1,ARRIVED,,
10996.0,2025-12-08T15:16:00+00:00,W11884,,PARKED,parking3,PARKED,,
10996.0,2025-12-08T15:16:00+00:00,W2135,,PARKED,parking3,PARKED,,
10996.0,2025-12-08T15:16:00+00:00,W9420,,PARKED,parking3,PARKED,,
10996.0,2025-12-08T15:16:00+00:00,W9744,,PARKED,parking3,PARKED,,
10996.0,2025-12-08T15:16:00+00:00,W10936,,PARKED,parking3,PARKED,,
10996.0,2025-12-08T15:16:00+00:00,W10993,,PARKED,parking3,PARKED,,
11005.5,2025-12-08T15:25:30+00:00,W11050,,RETROFIT_COMPLETED,WS_01,COMPLETED,,
11005.5,2025-12-08T15:25:30+00:00,W0475,,RETROFIT_COMPLETED,WS_01,COMPLETED,,
11011.0,2025-12-08T15:31:00+00:00,W11050,,RAKE_COUPLING_STARTED,WS_01,COUPLING,,
11011.0,2025-12-08T15:31:00+00:00,W0475,,RAKE_COUPLING_STARTED,WS_01,COUPLING,,
11012.0,2025-12-08T15:32:00+00:00,W0962,,RAKE_COUPLING_STARTED,collection2,COUPLING,,
11012.0,2025-12-08T15:32:00+00:00,W9071,,RAKE_COUPLING_STARTED,collection2,COUPLING,,
11012.0,2025-12-08T15:32:00+00:00,W11516,,RAKE_COUPLING_STARTED,collection2,COUPLING,,
11012.0,2025-12-08T15:32:00+00:00,W5434,,RAKE_COUPLING_STARTED,collection2,COUPLING,,
11013.0,2025-12-08T15:33:00+00:00,W11050,,RAKE_COUPLING_COMPLETED,WS_01,WAITING,,
11013.0,2025-12-08T15:33:00+00:00,W0475,,RAKE_COUPLING_COMPLETED,WS_01,WAITING,,
11013.0,2025-12-08T15:33:00+00:00,W11050,,MOVING,WS_01,MOVING,,
11013.0,2025-12-08T15:33:00+00:00,W0475,,MOVING,WS_01,MOVING,,
11018.0,2025-12-08T15:38:00+00:00,W11050,,ON_RETROFITTED_TRACK,retrofitted,WAITING,,
11018.0,2025-12-08T15:38:00+00:00,W0475,,ON_RETROFITTED_TRACK,retrofitted,WAITING,,
11021.0,2025-12-08T15:41:00+00:00,W0962,,MOVING,collection2,MOVING,,
11021.0,2025-12-08T15:41:00+00:00,W9071,,MOVING,collection2,MOVING,,
11021.0,2025-12-08T15:41:00+00:00,W11516,,MOVING,collection2,MOVING,,
11021.0,2025-12-08T15:41:00+00:00,W5434,,MOVING,collection2,MOVING,,
11031.5,2025-12-08T15:51:30+00:00,W0827,,RETROFIT_COMPLETED,WS_02,COMPLETED,,
11031.5,2025-12-08T15:51:30+00:00,W8714,,RETROFIT_COMPLETED,WS_02,COMPLETED,,
11033.0,2025-12-08T15:53:00+00:00,W5415,,MOVING,retrofit,MOVING,,
11033.0,2025-12-08T15:53:00+00:00,W12031,,MOVING,retrofit,MOVING,,
11038.0,2025-12-08T15:58:00+00:00,W5415,,AT_WORKSHOP,WS_01,ARRIVED,,
11038.0,2025-12-08T15:58:00+00:00,W12031,,AT_WORKSHOP,WS_01,ARRIVED,,
11044.0,2025-12-08T16:04:00+00:00,W5415,,RETROFIT_STARTED,WS_01,PROCESSING,,
11044.0,2025-12-08T16:04:00+00:00,W12031,,RETROFIT_STARTED,WS_01,PROCESSING,,
11054.0,2025-12-08T16:14:00+00:00,W0827,,RAKE_COUPLING_STARTED,WS_02,COUPLING,,
11054.0,2025-12-08T16:14:00+00:00,W8714,,RAKE_COUPLING_STARTED,WS_02,COUPLING,,
11056.0,2025-12-08T16:16:00+00:00,W0827,,RAKE_COUPLING_COMPLETED,WS_02,WAITING,,
11056.0,2025-12-08T16:16:00+00:00,W8714,,RAKE_COUPLING_COMPLETED,WS_02,WAITING,,
11056.0,2025-12-08T16:16:00+00:00,W0827,,MOVING,WS_02,MOVING,,
11056.0,2025-12-08T16:16:00+00:00,W8714,,MOVING,WS_02,MOVING,,
11061.0,2025-12-08T16:21:00+00:00,W0827,,ON_RETROFITTED_TRACK,retrofitted,WAITING,,
11061.0,2025-12-08T16:21:00+00:00,W8714,,ON_RETROFITTED_TRACK,retrofitted,WAITING,,
11079.5,2025-12-08T16:39:30+00:00,W11050,,PARKED,parking6,PARKED,,
11079.5,2025-12-08T16:39:30+00:00,W0475,,PARKED,parking6,PARKED,,
11081.0,2025-12-08T16:41:00+00:00,W0962,,ON_RETROFIT_TRACK,retrofit,WAITING,,
11081.0,2025-12-08T16:41:00+00:00,W9071,,ON_RETROFIT_TRACK,retrofit,WAITING,,
11081.0,2025-12-08T16:41:00+00:00,W11516,,ON_RETROFIT_TRACK,retrofit,WAITING,,
11081.0,2025-12-08T16:41:00+00:00,W5434,,ON_RETROFIT_TRACK,retrofit,WAITING,,
11094.5,2025-12-08T16:54:30+00:00,W10441,,MOVING,retrofit,MOVING,,
11094.5,2025-12-08T16:54:30+00:00,W7877,,MOVING,retrofit,MOVING,,
11099.5,2025-12-08T16:59:30+00:00,W10441,,AT_WORKSHOP,WS_02,ARRIVED,,
11099.5,2025-12-08T16:59:30+00:00,W7877,,AT_WORKSHOP,WS_02,ARRIVED,,
11104.0,2025-12-08T17:04:00+00:00,W5415,,RETROFIT_COMPLETED,WS_01,COMPLETED,,
11104.0,2025-12-08T17:04:00+00:00,W12031,,RETROFIT_COMPLETED,WS_01,COMPLETED,,
11105.5,2025-12-08T17:05:30+00:00,W10441,,RETROFIT_STARTED,WS_02,PROCESSING,,
11105.5,2025-12-08T17:05:30+00:00,W7877,,RETROFIT_STARTED,WS_02,PROCESSING,,
11112.0,2025-12-08T17:12:00+00:00,W5415,,RAKE_COUPLING_STARTED,WS_01,COUPLING,,
11112.0,2025-12-08T17:12:00+00:00,W12031,,RAKE_COUPLING_STARTED,WS_01,COUPLING,,
11114.0,2025-12-08T17:14:00+00:00,W5415,,RAKE_COUPLING_COMPLETED,WS_01,WAITING,,
11114.0,2025-12-08T17:14:00+00:00,W12031,,RAKE_COUPLING_COMPLETED,WS_01,WAITING,,
11114.0,2025-12-08T17:14:00+00:00,W5415,,MOVING,WS_01,MOVING,,
11114.0,2025-12-08T17:14:00+00:00,W12031,,MOVING,WS_01,MOVING,,
11119.0,2025-12-08T17:19:00+00:00,W5415,,ON_RETROFITTED_TRACK,retrofitted,WAITING,,
11119.0,2025-12-08T17:19:00+00:00,W12031,,ON_RETROFITTED_TRACK,retrofitted,WAITING,,
11134.0,2025-12-08T17:34:00+00:00,W5280,,MOVING,retrofit,MOVING,,
11134.0,2025-12-08T17:34:00+00:00,W7897,,MOVING,retrofit,MOVING,,
11139.0,2025-12-08T17:39:00+00:00,W5280,,AT_WORKSHOP,WS_01,ARRIVED,,
11139.0,2025-12-08T17:39:00+00:00,W7897,,AT_WORKSHOP,WS_01,ARRIVED,,
11145.0,2025-12-08T17:45:00+00:00,W5280,,RETROFIT_STARTED,WS_01,PROCESSING,,
11145.0,2025-12-08T17:45:00+00:00,W7897,,RETROFIT_STARTED,WS_01,PROCESSING,,
11165.5,2025-12-08T18:05:30+00:00,W10441,,RETROFIT_COMPLETED,WS_02,COMPLETED,,
11165.5,2025-12-08T18:05:30+00:00,W7877,,RETROFIT_COMPLETED,WS_02,COMPLETED,,
11184.0,2025-12-08T18:24:00+00:00,W11518,,RAKE_COUPLING_STARTED,collection1,COUPLING,,
11184.0,2025-12-08T18:24:00+00:00,W4506,,RAKE_COUPLING_STARTED,collection1,COUPLING,,
11189.0,2025-12-08T18:29:00+00:00,W11518,,MOVING,collection1,MOVING,,
11189.0,2025-12-08T18:29:00+00:00,W4506,,MOVING,collection1,MOVING,,
11205.0,2025-12-08T18:45:00+00:00,W5280,,RETROFIT_COMPLETED,WS_01,COMPLETED,,
11205.0,2025-12-08T18:45:00+00:00,W7897,,RETROFIT_COMPLETED,WS_01,COMPLETED,,
11231.5,2025-12-08T19:11:30+00:00,W1040,T152,REJECTED,REJECTED,REJECTED_NO_RETROFIT_NEEDED,No Retrofit Needed,Wagon doesn't need retrofit
11231.5,2025-12-08T19:11:30+00:00,W4380,T152,REJECTED,REJECTED,REJECTED_NO_RETROFIT_NEEDED,No Retrofit Needed,Wagon doesn't need retrofit
11231.5,2025-12-08T19:11:30+00:00,W7513,T152,REJECTED,REJECTED,REJECTED,NO_COLLECTION_TRACK,No collection track available
11231.5,2025-12-08T19:11:30+00:00,W9446,T152,REJECTED,REJECTED,REJECTED,NO_COLLECTION_TRACK,No collection track available
11231.5,2025-12-08T19:11:30+00:00,W2844,T152,REJECTED,REJECTED,REJECTED,NO_COLLECTION_TRACK,No collection track available
11231.5,2025-12-08T19:11:30+00:00,W5992,T152,ARRIVED,collection2,ARRIVED,,
11231.5,2025-12-08T19:11:30+00:00,W9943,T152,ARRIVED,collection2,ARRIVED,,
11231.5,2025-12-08T19:11:30+00:00,W9430,T152,ARRIVED,collection2,ARRIVED,,
11231.5,2025-12-08T19:11:30+00:00,W7598,T152,ARRIVED,collection2,ARRIVED,,
11231.5,2025-12-08T19:11:30+00:00,W8339,T152,ARRIVED,collection2,ARRIVED,,
11231.5,2025-12-08T19:11:30+00:00,W0555,T152,ARRIVED,collection1,ARRIVED,,
11233.5,2025-12-08T19:13:30+00:00,W0827,,PARKED,parking15,PARKED,,
11233.5,2025-12-08T19:13:30+00:00,W8714,,PARKED,parking15,PARKED,,
11249.0,2025-12-08T19:29:00+00:00,W11518,,ON_RETROFIT_TRACK,retrofit,WAITING,,
11249.0,2025-12-08T19:29:00+00:00,W4506,,ON_RETROFIT_TRACK,retrofit,WAITING,,
11268.0,2025-12-08T19:48:00+00:00,W10441,,RAKE_COUPLING_STARTED,WS_02,COUPLING,,
11268.0,2025-12-08T19:48:00+00:00,W7877,,RAKE_COUPLING_STARTED,WS_02,COUPLING,,
11270.0,2025-12-08T19:50:00+00:00,W10441,,RAKE_COUPLING_COMPLETED,WS_02,WAITING,,
11270.0,2025-12-08T19:50:00+00:00,W7877,,RAKE_COUPLING_COMPLETED,WS_02,WAITING,,
11270.0,2025-12-08T19:50:00+00:00,W10441,,MOVING,WS_02,MOVING,,
11270.0,2025-12-08T19:50:00+00:00,W7877,,MOVING,WS_02,MOVING,,
11275.0,2025-12-08T19:55:00+00:00,W10441,,ON_RETROFITTED_TRACK,retrofitted,WAITING,,
11275.0,2025-12-08T19:55:00+00:00,W7877,,ON_RETROFITTED_TRACK,retrofitted,WAITING,,
11285.0,2025-12-08T20:05:00+00:00,W5280,,RAKE_COUPLING_STARTED,WS_01,COUPLING,,
11285.0,2025-12-08T20:05:00+00:00,W7897,,RAKE_COUPLING_STARTED,WS_01,COUPLING,,
11287.0,2025-12-08T20:07:00+00:00,W5280,,RAKE_COUPLING_COMPLETED,WS_01,WAITING,,
11287.0,2025-12-08T20:07:00+00:00,W7897,,RAKE_COUPLING_COMPLETED,WS_01,WAITING,,
11287.0,2025-12-08T20:07:00+00:00,W5280,,MOVING,WS_01,MOVING,,
11287.0,2025-12-08T20:07:00+00:00,W7897,,MOVING,WS_01,MOVING,,
11292.0,2025-12-08T20:12:00+00:00,W5280,,ON_RETROFITTED_TRACK,retrofitted,WAITING,,
11292.0,2025-12-08T20:12:00+00:00,W7897,,ON_RETROFITTED_TRACK,retrofitted,WAITING,,
11303.5,2025-12-08T20:23:30+00:00,W10435,,MOVING,retrofit,MOVING,,
11303.5,2025-12-08T20:23:30+00:00,W1122,,MOVING,retrofit,MOVING,,
11308.5,2025-12-08T20:28:30+00:00,W10435,,AT_WORKSHOP,WS_02,ARRIVED,,
11308.5,2025-12-08T20:28:30+00:00,W1122,,AT_WORKSHOP,WS_02,ARRIVED,,
11314.5,2025-12-08T20:34:30+00:00,W10435,,RETROFIT_STARTED,WS_02,PROCESSING,,
11314.5,2025-12-08T20:34:30+00:00,W1122,,RETROFIT_STARTED,WS_02,PROCESSING,,
11329.5,2025-12-08T20:49:30+00:00,W1120,,MOVING,retrofit,MOVING,,
11329.5,2025-12-08T20:49:30+00:00,W0962,,MOVING,retrofit,MOVING,,
11334.5,2025-12-08T20:54:30+00:00,W1120,,AT_WORKSHOP,WS_01,ARRIVED,,
11334.5,2025-12-08T20:54:30+00:00,W0962,,AT_WORKSHOP,WS_01,ARRIVED,,
11340.5,2025-12-08T21:00:30+00:00,W1120,,RETROFIT_STARTED,WS_01,PROCESSING,,
11340.5,2025-12-08T21:00:30+00:00,W0962,,RETROFIT_STARTED,WS_01,PROCESSING,,
11374.5,2025-12-08T21:34:30+00:00,W10435,,RETROFIT_COMPLETED,WS_02,COMPLETED,,
11374.5,2025-12-08T21:34:30+00:00,W1122,,RETROFIT_COMPLETED,WS_02,COMPLETED,,
11400.5,2025-12-08T22:00:30+00:00,W1120,,RETROFIT_COMPLETED,WS_01,COMPLETED,,
11400.5,2025-12-08T22:00:30+00:00,W0962,,RETROFIT_COMPLETED,WS_01,COMPLETED,,
11405.5,2025-12-08T22:05:30+00:00,W2774,,RAKE_COUPLING_STARTED,collection2,COUPLING,,
11405.5,2025-12-08T22:05:30+00:00,W10233,,RAKE_COUPLING_STARTED,collection2,COUPLING,,
11405.5,2025-12-08T22:05:30+00:00,W2815,,RAKE_COUPLING_STARTED,collection2,COUPLING,,
11412.5,2025-12-08T22:12:30+00:00,W2774,,MOVING,collection2,MOVING,,
11412.5,2025-12-08T22:12:30+00:00,W10233,,MOVING,collection2,MOVING,,
11412.5,2025-12-08T22:12:30+00:00,W2815,,MOVING,collection2,MOVING,,
11431.5,2025-12-08T22:31:30+00:00,W5415,,PARKED,parking16,PARKED,,
11431.5,2025-12-08T22:31:30+00:00,W12031,,PARKED,parking16,PARKED,,
11431.5,2025-12-08T22:31:30+00:00,W10441,,PARKED,parking16,PARKED,,
11431.5,2025-12-08T22:31:30+00:00,W7877,,PARKED,parking16,PARKED,,
11431.5,2025-12-08T22:31:30+00:00,W5280,,PARKED,parking16,PARKED,,
11431.5,2025-12-08T22:31:30+00:00,W7897,,PARKED,parking16,PARKED,,
11472.5,2025-12-08T23:12:30+00:00,W2774,,ON_RETROFIT_TRACK,retrofit,WAITING,,
11472.5,2025-12-08T23:12:30+00:00,W10233,,ON_RETROFIT_TRACK,retrofit,WAITING,,
11472.5,2025-12-08T23:12:30+00:00,W2815,,ON_RETROFIT_TRACK,retrofit,WAITING,,
11496.5,2025-12-08T23:36:30+00:00,W10435,,RAKE_COUPLING_STARTED,WS_02,COUPLING,,
11496.5,2025-12-08T23:36:30+00:00,W1122,,RAKE_COUPLING_STARTED,WS_02,COUPLING,,
11497.5,2025-12-08T23:37:30+00:00,W1120,,RAKE_COUPLING_STARTED,WS_01,COUPLING,,
11497.5,2025-12-08T23:37:30+00:00,W0962,,RAKE_COUPLING_STARTED,WS_01,COUPLING,,
11498.5,2025-12-08T23:38:30+00:00,W10435,,RAKE_COUPLING_COMPLETED,WS_02,WAITING,,
11498.5,2025-12-08T23:38:30+00:00,W1122,,RAKE_COUPLING_COMPLETED,WS_02,WAITING,,
11498.5,2025-12-08T23:38:30+00:00,W10435,,MOVING,WS_02,MOVING,,
11498.5,2025-12-08T23:38:30+00:00,W1122,,MOVING,WS_02,MOVING,,
11499.5,2025-12-08T23:39:30+00:00,W1120,,RAKE_COUPLING_COMPLETED,WS_01,WAITING,,
11499.5,2025-12-08T23:39:30+00:00,W0962,,RAKE_COUPLING_COMPLETED,WS_01,WAITING,,
11499.5,2025-12-08T23:39:30+00:00,W1120,,MOVING,WS_01,MOVING,,
11499.5,2025-12-08T23:39:30+00:00,W0962,,MOVING,WS_01,MOVING,,
11503.5,2025-12-08T23:43:30+00:00,W10435,,ON_RETROFITTED_TRACK,retrofitted,WAITING,,
11503.5,2025-12-08T23:43:30+00:00,W1122,,ON_RETROFITTED_TRACK,retrofitted,WAITING,,
11504.5,2025-12-08T23:44:30+00:00,W1120,,ON_RETROFITTED_TRACK,retrofitted,WAITING,,
11504.5,2025-12-08T23:44:30+00:00,W0962,,ON_RETROFITTED_TRACK,retrofitted,WAITING,,
11518.5,2025-12-08T23:58:30+00:00,W9071,,MOVING,retrofit,MOVING,,
11518.5,2025-12-08T23:58:30+00:00,W11516,,MOVING,retrofit,MOVING,,
11523.5,2025-12-09T00:03:30+00:00,W9071,,AT_WORKSHOP,WS_02,ARRIVED,,
11523.5,2025-12-09T00:03:30+00:00,W11516,,AT_WORKSHOP,WS_02,ARRIVED,,
11529.5,2025-12-09T00:09:30+00:00,W9071,,RETROFIT_STARTED,WS_02,PROCESSING,,
11529.5,2025-12-09T00:09:30+00:00,W11516,,RETROFIT_STARTED,WS_02,PROCESSING,,
11544.25,2025-12-09T00:24:15+00:00,W10976,T153,REJECTED,REJECTED,REJECTED,NO_COLLECTION_TRACK,No collection track available
11544.25,2025-12-09T00:24:15+00:00,W2225,T153,REJECTED,REJECTED,REJECTED,NO_COLLECTION_TRACK,No collection track available
11544.25,2025-12-09T00:24:15+00:00,W4491,T153,REJECTED,REJECTED,REJECTED,NO_COLLECTION_TRACK,No collection track available
11544.25,2025-12-09T00:24:15+00:00,W12383,T153,ARRIVED,collection1,ARRIVED,,
11544.25,2025-12-09T00:24:15+00:00,W9843,T153,ARRIVED,collection1,ARRIVED,,
11544.25,2025-12-09T00:24:15+00:00,W4473,T153,ARRIVED,collection2,ARRIVED,,
11544.25,2025-12-09T00:24:15+00:00,W9727,T153,ARRIVED,collection2,ARRIVED,,
11544.25,2025-12-09T00:24:15+00:00,W9046,T153,ARRIVED,collection2,ARRIVED,,
11544.25,2025-12-09T00:24:15+00:00,W2217,T153,ARRIVED,collection2,ARRIVED,,
11544.5,2025-12-09T00:24:30+00:00,W5434,,MOVING,retrofit,MOVING,,
11544.5,2025-12-09T00:24:30+00:00,W11518,,MOVING,retrofit,MOVING,,
11549.5,2025-12-09T00:29:30+00:00,W5434,,AT_WORKSHOP,WS_01,ARRIVED,,
11549.5,2025-12-09T00:29:30+00:00,W11518,,AT_WORKSHOP,WS_01,ARRIVED,,
11555.5,2025-12-09T00:35:30+00:00,W5434,,RETROFIT_STARTED,WS_01,PROCESSING,,
11555.5,2025-12-09T00:35:30+00:00,W11518,,RETROFIT_STARTED,WS_01,PROCESSING,,
11569.5,2025-12-09T00:49:30+00:00,W1439,,RAKE_COUPLING_STARTED,collection1,COUPLING,,
11569.5,2025-12-09T00:49:30+00:00,W9143,,RAKE_COUPLING_STARTED,collection1,COUPLING,,
11569.5,2025-12-09T00:49:30+00:00,W10883,,RAKE_COUPLING_STARTED,collection1,COUPLING,,
11576.5,2025-12-09T00:56:30+00:00,W1439,,MOVING,collection1,MOVING,,
11576.5,2025-12-09T00:56:30+00:00,W9143,,MOVING,collection1,MOVING,,
11576.5,2025-12-09T00:56:30+00:00,W10883,,MOVING,collection1,MOVING,,
11589.5,2025-12-09T01:09:30+00:00,W9071,,RETROFIT_COMPLETED,WS_02,COMPLETED,,
11589.5,2025-12-09T01:09:30+00:00,W11516,,RETROFIT_COMPLETED,WS_02,COMPLETED,,
11615.5,2025-12-09T01:35:30+00:00,W5434,,RETROFIT_COMPLETED,WS_01,COMPLETED,,
11615.5,2025-12-09T01:35:30+00:00,W11518,,RETROFIT_COMPLETED,WS_01,COMPLETED,,
11620.5,2025-12-09T01:40:30+00:00,W2736,,RAKE_COUPLING_STARTED,collection2,COUPLING,,
11620.5,2025-12-09T01:40:30+00:00,W10873,,RAKE_COUPLING_STARTED,collection2,COUPLING,,
11620.5,2025-12-09T01:40:30+00:00,W9427,,RAKE_COUPLING_STARTED,collection2,COUPLING,,
11620.5,2025-12-09T01:40:30+00:00,W0234,,RAKE_COUPLING_STARTED,collection2,COUPLING,,
11629.5,2025-12-09T01:49:30+00:00,W2736,,MOVING,collection2,MOVING,,
11629.5,2025-12-09T01:49:30+00:00,W10873,,MOVING,collection2,MOVING,,
11629.5,2025-12-09T01:49:30+00:00,W9427,,MOVING,collection2,MOVING,,
11629.5,2025-12-09T01:49:30+00:00,W0234,,MOVING,collection2,MOVING,,
11636.5,2025-12-09T01:56:30+00:00,W1439,,ON_RETROFIT_TRACK,retrofit,WAITING,,
11636.5,2025-12-09T01:56:30+00:00,W9143,,ON_RETROFIT_TRACK,retrofit,WAITING,,
11636.5,2025-12-09T01:56:30+00:00,W10883,,ON_RETROFIT_TRACK,retrofit,WAITING,,
11661.5,2025-12-09T02:21:30+00:00,W9071,,RAKE_COUPLING_STARTED,WS_02,COUPLING,,
11661.5,2025-12-09T02:21:30+00:00,W11516,,RAKE_COUPLING_STARTED,WS_02,COUPLING,,
11663.5,2025-12-09T02:23:30+00:00,W9071,,RAKE_COUPLING_COMPLETED,WS_02,WAITING,,
11663.5,2025-12-09T02:23:30+00:00,W11516,,RAKE_COUPLING_COMPLETED,WS_02,WAITING,,
11663.5,2025-12-09T02:23:30+00:00,W9071,,MOVING,WS_02,MOVING,,
11663.5,2025-12-09T02:23:30+00:00,W11516,,MOVING,WS_02,MOVING,,
11668.5,2025-12-09T02:28:30+00:00,W9071,,ON_RETROFITTED_TRACK,retrofitted,WAITING,,
11668.5,2025-12-09T02:28:30+00:00,W11516,,ON_RETROFITTED_TRACK,retrofitted,WAITING,,
11678.5,2025-12-09T02:38:30+00:00,W5434,,RAKE_COUPLING_STARTED,WS_01,COUPLING,,
11678.5,2025-12-09T02:38:30+00:00,W11518,,RAKE_COUPLING_STARTED,WS_01,COUPLING,,
11680.5,2025-12-09T02:40:30+00:00,W5434,,RAKE_COUPLING_COMPLETED,WS_01,WAITING,,
11680.5,2025-12-09T02:40:30+00:00,W11518,,RAKE_COUPLING_COMPLETED,WS_01,WAITING,,
11680.5,2025-12-09T02:40:30+00:00,W5434,,MOVING,WS_01,MOVING,,
11680.5,2025-12-09T02:40:30+00:00,W11518,,MOVING,WS_01,MOVING,,
11685.5,2025-12-09T02:45:30+00:00,W5434,,ON_RETROFITTED_TRACK,retrofitted,WAITING,,
11685.5,2025-12-09T02:45:30+00:00,W11518,,ON_RETROFITTED_TRACK,retrofitted,WAITING,,
11689.5,2025-12-09T02:49:30+00:00,W2736,,ON_RETROFIT_TRACK,retrofit,WAITING,,
11689.5,2025-12-09T02:49:30+00:00,W10873,,ON_RETROFIT_TRACK,retrofit,WAITING,,
11689.5,2025-12-09T02:49:30+00:00,W9427,,ON_RETROFIT_TRACK,retrofit,WAITING,,
11689.5,2025-12-09T02:49:30+00:00,W0234,,ON_RETROFIT_TRACK,retrofit,WAITING,,
11700.5,2025-12-09T03:00:30+00:00,W4506,,MOVING,retrofit,MOVING,,
11700.5,2025-12-09T03:00:30+00:00,W2774,,MOVING,retrofit,MOVING,,
11705.25,2025-12-09T03:05:15+00:00,W3860,T154,REJECTED,REJECTED,REJECTED,NO_COLLECTION_TRACK,No collection track available
11705.25,2025-12-09T03:05:15+00:00,W6848,T154,ARRIVED,collection1,ARRIVED,,
11705.25,2025-12-09T03:05:15+00:00,W11356,T154,ARRIVED,collection1,ARRIVED,,
11705.25,2025-12-09T03:05:15+00:00,W4223,T154,ARRIVED,collection1,ARRIVED,,
11705.25,2025-12-09T03:05:15+00:00,W1826,T154,ARRIVED,collection1,ARRIVED,,
11705.25,2025-12-09T03:05:15+00:00,W8494,T154,ARRIVED,collection1,ARRIVED,,
11705.25,2025-12-09T03:05:15+00:00,W1427,T154,ARRIVED,collection1,ARRIVED,,
11705.5,2025-12-09T03:05:30+00:00,W4506,,AT_WORKSHOP,WS_02,ARRIVED,,
11705.5,2025-12-09T03:05:30+00:00,W2774,,AT_WORKSHOP,WS_02,ARRIVED,,
11711.5,2025-12-09T03:11:30+00:00,W4506,,RETROFIT_STARTED,WS_02,PROCESSING,,
11711.5,2025-12-09T03:11:30+00:00,W2774,,RETROFIT_STARTED,WS_02,PROCESSING,,
11725.5,2025-12-09T03:25:30+00:00,W10233,,MOVING,retrofit,MOVING,,
11725.5,2025-12-09T03:25:30+00:00,W2815,,MOVING,retrofit,MOVING,,
11730.0,2025-12-09T03:30:00+00:00,W10435,,PARKED,parking7,PARKED,,
11730.0,2025-12-09T03:30:00+00:00,W1122,,PARKED,parking7,PARKED,,
11730.5,2025-12-09T03:30:30+00:00,W10233,,AT_WORKSHOP,WS_01,ARRIVED,,
11730.5,2025-12-09T03:30:30+00:00,W2815,,AT_WORKSHOP,WS_01,ARRIVED,,
11736.5,2025-12-09T03:36:30+00:00,W10233,,RETROFIT_STARTED,WS_01,PROCESSING,,
11736.5,2025-12-09T03:36:30+00:00,W2815,,RETROFIT_STARTED,WS_01,PROCESSING,,
11771.5,2025-12-09T04:11:30+00:00,W4506,,RETROFIT_COMPLETED,WS_02,COMPLETED,,
11771.5,2025-12-09T04:11:30+00:00,W2774,,RETROFIT_COMPLETED,WS_02,COMPLETED,,
11777.0,2025-12-09T04:17:00+00:00,W4506,,RAKE_COUPLING_STARTED,WS_02,COUPLING,,
11777.0,2025-12-09T04:17:00+00:00,W2774,,RAKE_COUPLING_STARTED,WS_02,COUPLING,,
11779.0,2025-12-09T04:19:00+00:00,W4506,,RAKE_COUPLING_COMPLETED,WS_02,WAITING,,
11779.0,2025-12-09T04:19:00+00:00,W2774,,RAKE_COUPLING_COMPLETED,WS_02,WAITING,,
11779.0,2025-12-09T04:19:00+00:00,W4506,,MOVING,WS_02,MOVING,,
11779.0,2025-12-09T04:19:00+00:00,W2774,,MOVING,WS_02,MOVING,,
11784.0,2025-12-09T04:24:00+00:00,W4506,,ON_RETROFITTED_TRACK,retrofitted,WAITING,,
11784.0,2025-12-09T04:24:00+00:00,W2774,,ON_RETROFITTED_TRACK,retrofitted,WAITING,,
11796.5,2025-12-09T04:36:30+00:00,W10233,,RETROFIT_COMPLETED,WS_01,COMPLETED,,
11796.5,2025-12-09T04:36:30+00:00,W2815,,RETROFIT_COMPLETED,WS_01,COMPLETED,,
11799.0,2025-12-09T04:39:00+00:00,W1439,,MOVING,retrofit,MOVING,,
11799.0,2025-12-09T04:39:00+00:00,W9143,,MOVING,retrofit,MOVING,,
11804.0,2025-12-09T04:44:00+00:00,W1439,,AT_WORKSHOP,WS_02,ARRIVED,,
11804.0,2025-12-09T04:44:00+00:00,W9143,,AT_WORKSHOP,WS_02,ARRIVED,,
11808.0,2025-12-09T04:48:00+00:00,W1120,,PARKED,parking10,PARKED,,
11808.0,2025-12-09T04:48:00+00:00,W0962,,PARKED,parking10,PARKED,,
11808.0,2025-12-09T04:48:00+00:00,W9071,,PARKED,parking10,PARKED,,
11808.0,2025-12-09T04:48:00+00:00,W11516,,PARKED,parking10,PARKED,,
11808.0,2025-12-09T04:48:00+00:00,W5434,,PARKED,parking10,PARKED,,
11810.0,2025-12-09T04:50:00+00:00,W1439,,RETROFIT_STARTED,WS_02,PROCESSING,,
11810.0,2025-12-09T04:50:00+00:00,W9143,,RETROFIT_STARTED,WS_02,PROCESSING,,
11820.0,2025-12-09T05:00:00+00:00,W10233,,RAKE_COUPLING_STARTED,WS_01,COUPLING,,
11820.0,2025-12-09T05:00:00+00:00,W2815,,RAKE_COUPLING_STARTED,WS_01,COUPLING,,
11822.0,2025-12-09T05:02:00+00:00,W10233,,RAKE_COUPLING_COMPLETED,WS_01,WAITING,,
11822.0,2025-12-09T05:02:00+00:00,W2815,,RAKE_COUPLING_COMPLETED,WS_01,WAITING,,
11822.0,2025-12-09T05:02:00+00:00,W10233,,MOVING,WS_01,MOVING,,
11822.0,2025-12-09T05:02:00+00:00,W2815,,MOVING,WS_01,MOVING,,
11827.0,2025-12-09T05:07:00+00:00,W10233,,ON_RETROFITTED_TRACK,retrofitted,WAITING,,
11827.0,2025-12-09T05:07:00+00:00,W2815,,ON_RETROFITTED_TRACK,retrofitted,WAITING,,
11829.75,2025-12-09T05:09:45+00:00,W7791,T155,ARRIVED,collection2,ARRIVED,,
11849.0,2025-12-09T05:29:00+00:00,W0237,T156,REJECTED,REJECTED,REJECTED_NO_RETROFIT_NEEDED,No Retrofit Needed,Wagon doesn't need retrofit
11870.0,2025-12-09T05:50:00+00:00,W1439,,RETROFIT_COMPLETED,WS_02,COMPLETED,,
11870.0,2025-12-09T05:50:00+00:00,W9143,,RETROFIT_COMPLETED,WS_02,COMPLETED,,
11878.0,2025-12-09T05:58:00+00:00,W10883,,MOVING,retrofit,MOVING,,
11878.0,2025-12-09T05:58:00+00:00,W2736,,MOVING,retrofit,MOVING,,
11883.0,2025-12-09T06:03:00+00:00,W10883,,AT_WORKSHOP,WS_01,ARRIVED,,
11883.0,2025-12-09T06:03:00+00:00,W2736,,AT_WORKSHOP,WS_01,ARRIVED,,
11889.0,2025-12-09T06:09:00+00:00,W10883,,RETROFIT_STARTED,WS_01,PROCESSING,,
11889.0,2025-12-09T06:09:00+00:00,W2736,,RETROFIT_STARTED,WS_01,PROCESSING,,
11892.0,2025-12-09T06:12:00+00:00,W10896,,RAKE_COUPLING_STARTED,collection1,COUPLING,,
11892.0,2025-12-09T06:12:00+00:00,W10303,,RAKE_COUPLING_STARTED,collection1,COUPLING,,
11892.0,2025-12-09T06:12:00+00:00,W5395,,RAKE_COUPLING_STARTED,collection1,COUPLING,,
11892.0,2025-12-09T06:12:00+00:00,W2846,,RAKE_COUPLING_STARTED,collection1,COUPLING,,
11892.0,2025-12-09T06:12:00+00:00,W5760,,RAKE_COUPLING_STARTED,collection1,COUPLING,,
11892.0,2025-12-09T06:12:00+00:00,W6421,,RAKE_COUPLING_STARTED,collection1,COUPLING,,
11899.0,2025-12-09T06:19:00+00:00,W1439,,RAKE_COUPLING_STARTED,WS_02,COUPLING,,
11899.0,2025-12-09T06:19:00+00:00,W9143,,RAKE_COUPLING_STARTED,WS_02,COUPLING,,
11901.0,2025-12-09T06:21:00+00:00,W1439,,RAKE_COUPLING_COMPLETED,WS_02,WAITING,,
11901.0,2025-12-09T06:21:00+00:00,W9143,,RAKE_COUPLING_COMPLETED,WS_02,WAITING,,
11901.0,2025-12-09T06:21:00+00:00,W1439,,MOVING,WS_02,MOVING,,
11901.0,2025-12-09T06:21:00+00:00,W9143,,MOVING,WS_02,MOVING,,
11905.0,2025-12-09T06:25:00+00:00,W10896,,MOVING,collection1,MOVING,,
11905.0,2025-12-09T06:25:00+00:00,W10303,,MOVING,collection1,MOVING,,
11905.0,2025-12-09T06:25:00+00:00,W5395,,MOVING,collection1,MOVING,,
11905.0,2025-12-09T06:25:00+00:00,W2846,,MOVING,collection1,MOVING,,
11905.0,2025-12-09T06:25:00+00:00,W5760,,MOVING,collection1,MOVING,,
11905.0,2025-12-09T06:25:00+00:00,W6421,,MOVING,collection1,MOVING,,
11906.0,2025-12-09T06:26:00+00:00,W1439,,ON_RETROFITTED_TRACK,retrofitted,WAITING,,
11906.0,2025-12-09T06:26:00+00:00,W9143,,ON_RETROFITTED_TRACK,retrofitted,WAITING,,
11913.75,2025-12-09T06:33:45+00:00,W0948,T157,REJECTED,REJECTED,REJECTED_NO_RETROFIT_NEEDED,No Retrofit Needed,Wagon doesn't need retrofit
11949.0,2025-12-09T07:09:00+00:00,W10883,,RETROFIT_COMPLETED,WS_01,COMPLETED,,
11949.0,2025-12-09T07:09:00+00:00,W2736,,RETROFIT_COMPLETED,WS_01,COMPLETED,,
11965.0,2025-12-09T07:25:00+00:00,W10896,,ON_RETROFIT_TRACK,retrofit,WAITING,,
11965.0,2025-12-09T07:25:00+00:00,W10303,,ON_RETROFIT_TRACK,retrofit,WAITING,,
11965.0,2025-12-09T07:25:00+00:00,W5395,,ON_RETROFIT_TRACK,retrofit,WAITING,,
11965.0,2025-12-09T07:25:00+00:00,W2846,,ON_RETROFIT_TRACK,retrofit,WAITING,,
11965.0,2025-12-09T07:25:00+00:00,W5760,,ON_RETROFIT_TRACK,retrofit,WAITING,,
11965.0,2025-12-09T07:25:00+00:00,W6421,,ON_RETROFIT_TRACK,retrofit,WAITING,,
11971.0,2025-12-09T07:31:00+00:00,W12229,,RAKE_COUPLING_STARTED,collection2,COUPLING,,
11971.0,2025-12-09T07:31:00+00:00,W6323,,RAKE_COUPLING_STARTED,collection2,COUPLING,,
11971.0,2025-12-09T07:31:00+00:00,W8552,,RAKE_COUPLING_STARTED,collection2,COUPLING,,
11971.0,2025-12-09T07:31:00+00:00,W12221,,RAKE_COUPLING_STARTED,collection2,COUPLING,,
11980.0,2025-12-09T07:40:00+00:00,W12229,,MOVING,collection2,MOVING,,
11980.0,2025-12-09T07:40:00+00:00,W6323,,MOVING,collection2,MOVING,,
11980.0,2025-12-09T07:40:00+00:00,W8552,,MOVING,collection2,MOVING,,
11980.0,2025-12-09T07:40:00+00:00,W12221,,MOVING,collection2,MOVING,,
12008.0,2025-12-09T08:08:00+00:00,W10883,,RAKE_COUPLING_STARTED,WS_01,COUPLING,,
12008.0,2025-12-09T08:08:00+00:00,W2736,,RAKE_COUPLING_STARTED,WS_01,COUPLING,,
12010.0,2025-12-09T08:10:00+00:00,W10883,,RAKE_COUPLING_COMPLETED,WS_01,WAITING,,
12010.0,2025-12-09T08:10:00+00:00,W2736,,RAKE_COUPLING_COMPLETED,WS_01,WAITING,,
12010.0,2025-12-09T08:10:00+00:00,W10883,,MOVING,WS_01,MOVING,,
12010.0,2025-12-09T08:10:00+00:00,W2736,,MOVING,WS_01,MOVING,,
12015.0,2025-12-09T08:15:00+00:00,W10883,,ON_RETROFITTED_TRACK,retrofitted,WAITING,,
12015.0,2025-12-09T08:15:00+00:00,W2736,,ON_RETROFITTED_TRACK,retrofitted,WAITING,,
12030.0,2025-12-09T08:30:00+00:00,W10873,,MOVING,retrofit,MOVING,,
12030.0,2025-12-09T08:30:00+00:00,W9427,,MOVING,retrofit,MOVING,,
12035.0,2025-12-09T08:35:00+00:00,W10873,,AT_WORKSHOP,WS_02,ARRIVED,,
12035.0,2025-12-09T08:35:00+00:00,W9427,,AT_WORKSHOP,WS_02,ARRIVED,,
12040.0,2025-12-09T08:40:00+00:00,W12229,,ON_RETROFIT_TRACK,retrofit,WAITING,,
12040.0,2025-12-09T08:40:00+00:00,W6323,,ON_RETROFIT_TRACK,retrofit,WAITING,,
12040.0,2025-12-09T08:40:00+00:00,W8552,,ON_RETROFIT_TRACK,retrofit,WAITING,,
12040.0,2025-12-09T08:40:00+00:00,W12221,,ON_RETROFIT_TRACK,retrofit,WAITING,,
12041.0,2025-12-09T08:41:00+00:00,W10873,,RETROFIT_STARTED,WS_02,PROCESSING,,
12041.0,2025-12-09T08:41:00+00:00,W9427,,RETROFIT_STARTED,WS_02,PROCESSING,,
12046.0,2025-12-09T08:46:00+00:00,W0020,T158,REJECTED,REJECTED,REJECTED_NO_RETROFIT_NEEDED,No Retrofit Needed,Wagon doesn't need retrofit
12046.0,2025-12-09T08:46:00+00:00,W0023,T158,ARRIVED,collection1,ARRIVED,,
12046.0,2025-12-09T08:46:00+00:00,W10397,T158,ARRIVED,collection1,ARRIVED,,
12046.0,2025-12-09T08:46:00+00:00,W0674,T158,ARRIVED,collection1,ARRIVED,,
12046.0,2025-12-09T08:46:00+00:00,W5420,T158,ARRIVED,collection1,ARRIVED,,
12046.0,2025-12-09T08:46:00+00:00,W6936,T158,ARRIVED,collection1,ARRIVED,,
12056.0,2025-12-09T08:56:00+00:00,W0234,,MOVING,retrofit,MOVING,,
12056.0,2025-12-09T08:56:00+00:00,W10896,,MOVING,retrofit,MOVING,,
12061.0,2025-12-09T09:01:00+00:00,W0234,,AT_WORKSHOP,WS_01,ARRIVED,,
12061.0,2025-12-09T09:01:00+00:00,W10896,,AT_WORKSHOP,WS_01,ARRIVED,,
12067.0,2025-12-09T09:07:00+00:00,W0234,,RETROFIT_STARTED,WS_01,PROCESSING,,
12067.0,2025-12-09T09:07:00+00:00,W10896,,RETROFIT_STARTED,WS_01,PROCESSING,,
12084.0,2025-12-09T09:24:00+00:00,W11518,,PARKED,parking6,PARKED,,
12084.0,2025-12-09T09:24:00+00:00,W4506,,PARKED,parking6,PARKED,,
12084.0,2025-12-09T09:24:00+00:00,W2774,,PARKED,parking6,PARKED,,
12084.0,2025-12-09T09:24:00+00:00,W10233,,PARKED,parking6,PARKED,,
12084.0,2025-12-09T09:24:00+00:00,W2815,,PARKED,parking6,PARKED,,
12101.0,2025-12-09T09:41:00+00:00,W10873,,RETROFIT_COMPLETED,WS_02,COMPLETED,,
12101.0,2025-12-09T09:41:00+00:00,W9427,,RETROFIT_COMPLETED,WS_02,COMPLETED,,
12106.5,2025-12-09T09:46:30+00:00,W10873,,RAKE_COUPLING_STARTED,WS_02,COUPLING,,
12106.5,2025-12-09T09:46:30+00:00,W9427,,RAKE_COUPLING_STARTED,WS_02,COUPLING,,
12108.5,2025-12-09T09:48:30+00:00,W10873,,RAKE_COUPLING_COMPLETED,WS_02,WAITING,,
12108.5,2025-12-09T09:48:30+00:00,W9427,,RAKE_COUPLING_COMPLETED,WS_02,WAITING,,
12108.5,2025-12-09T09:48:30+00:00,W10873,,MOVING,WS_02,MOVING,,
12108.5,2025-12-09T09:48:30+00:00,W9427,,MOVING,WS_02,MOVING,,
12113.5,2025-12-09T09:53:30+00:00,W10873,,ON_RETROFITTED_TRACK,retrofitted,WAITING,,
12113.5,2025-12-09T09:53:30+00:00,W9427,,ON_RETROFITTED_TRACK,retrofitted,WAITING,,
12127.0,2025-12-09T10:07:00+00:00,W0234,,RETROFIT_COMPLETED,WS_01,COMPLETED,,
12127.0,2025-12-09T10:07:00+00:00,W10896,,RETROFIT_COMPLETED,WS_01,COMPLETED,,
12128.5,2025-12-09T10:08:30+00:00,W10303,,MOVING,retrofit,MOVING,,
12128.5,2025-12-09T10:08:30+00:00,W5395,,MOVING,retrofit,MOVING,,
12133.5,2025-12-09T10:13:30+00:00,W10303,,AT_WORKSHOP,WS_02,ARRIVED,,
12133.5,2025-12-09T10:13:30+00:00,W5395,,AT_WORKSHOP,WS_02,ARRIVED,,
12139.5,2025-12-09T10:19:30+00:00,W10303,,RETROFIT_STARTED,WS_02,PROCESSING,,
12139.5,2025-12-09T10:19:30+00:00,W5395,,RETROFIT_STARTED,WS_02,PROCESSING,,
12149.5,2025-12-09T10:29:30+00:00,W0234,,RAKE_COUPLING_STARTED,WS_01,COUPLING,,
12149.5,2025-12-09T10:29:30+00:00,W10896,,RAKE_COUPLING_STARTED,WS_01,COUPLING,,
12151.5,2025-12-09T10:31:30+00:00,W0234,,RAKE_COUPLING_COMPLETED,WS_01,WAITING,,
12151.5,2025-12-09T10:31:30+00:00,W10896,,RAKE_COUPLING_COMPLETED,WS_01,WAITING,,
12151.5,2025-12-09T10:31:30+00:00,W0234,,MOVING,WS_01,MOVING,,
12151.5,2025-12-09T10:31:30+00:00,W10896,,MOVING,WS_01,MOVING,,
12156.5,2025-12-09T10:36:30+00:00,W0234,,ON_RETROFITTED_TRACK,retrofitted,WAITING,,
12156.5,2025-12-09T10:36:30+00:00,W10896,,ON_RETROFITTED_TRACK,retrofitted,WAITING,,
12199.5,2025-12-09T11:19:30+00:00,W10303,,RETROFIT_COMPLETED,WS_02,COMPLETED,,
12199.5,2025-12-09T11:19:30+00:00,W5395,,RETROFIT_COMPLETED,WS_02,COMPLETED,,
12203.0,2025-12-09T11:23:00+00:00,W1439,,PARKED,parking14,PARKED,,
12203.0,2025-12-09T11:23:00+00:00,W9143,,PARKED,parking14,PARKED,,
12203.0,2025-12-09T11:23:00+00:00,W10883,,PARKED,parking14,PARKED,,
12203.0,2025-12-09T11:23:00+00:00,W2736,,PARKED,parking14,PARKED,,
12205.25,2025-12-09T11:25:15+00:00,W12182,T159,REJECTED,REJECTED,REJECTED,NO_COLLECTION_TRACK,No collection track available
12205.25,2025-12-09T11:25:15+00:00,W3230,T159,ARRIVED,collection2,ARRIVED,,
12205.25,2025-12-09T11:25:15+00:00,W5411,T159,ARRIVED,collection2,ARRIVED,,
12205.25,2025-12-09T11:25:15+00:00,W11513,T159,ARRIVED,collection2,ARRIVED,,
12205.25,2025-12-09T11:25:15+00:00,W3087,T159,ARRIVED,collection2,ARRIVED,,
12221.5,2025-12-09T11:41:30+00:00,W4802,,RAKE_COUPLING_STARTED,collection1,COUPLING,,
12221.5,2025-12-09T11:41:30+00:00,W8616,,RAKE_COUPLING_STARTED,collection1,COUPLING,,
12221.5,2025-12-09T11:41:30+00:00,W10100,,RAKE_COUPLING_STARTED,collection1,COUPLING,,
12221.5,2025-12-09T11:41:30+00:00,W2910,,RAKE_COUPLING_STARTED,collection1,COUPLING,,
12221.5,2025-12-09T11:41:30+00:00,W0681,,RAKE_COUPLING_STARTED,collection1,COUPLING,,
12221.5,2025-12-09T11:41:30+00:00,W0237,,RAKE_COUPLING_STARTED,collection1,COUPLING,,
12226.5,2025-12-09T11:46:30+00:00,W4285,T160,REJECTED,REJECTED,REJECTED,NO_COLLECTION_TRACK,No collection track available
12226.5,2025-12-09T11:46:30+00:00,W3948,T160,REJECTED,REJECTED,REJECTED,NO_COLLECTION_TRACK,No collection track available
12226.5,2025-12-09T11:46:30+00:00,W0039,T160,REJECTED,REJECTED,REJECTED,NO_COLLECTION_TRACK,No collection track available
12226.5,2025-12-09T11:46:30+00:00,W4885,T160,REJECTED,REJECTED,REJECTED,NO_COLLECTION_TRACK,No collection track available
12226.5,2025-12-09T11:46:30+00:00,W3752,T160,REJECTED,REJECTED,REJECTED,NO_COLLECTION_TRACK,No collection track available
12226.5,2025-12-09T11:46:30+00:00,W4298,T160,REJECTED,REJECTED,REJECTED,NO_COLLECTION_TRACK,No collection track available
12234.0,2025-12-09T11:54:00+00:00,W10284,T161,REJECTED,REJECTED,REJECTED_NO_RETROFIT_NEEDED,No Retrofit Needed,Wagon doesn't need retrofit
12234.0,2025-12-09T11:54:00+00:00,W9967,T161,REJECTED,REJECTED,REJECTED,NO_COLLECTION_TRACK,No collection track available
12234.0,2025-12-09T11:54:00+00:00,W10568,T161,REJECTED,REJECTED,REJECTED,NO_COLLECTION_TRACK,No collection track available
12234.0,2025-12-09T11:54:00+00:00,W10590,T161,REJECTED,REJECTED,REJECTED,NO_COLLECTION_TRACK,No collection track available
12234.0,2025-12-09T11:54:00+00:00,W10269,T161,REJECTED,REJECTED,REJECTED,NO_COLLECTION_TRACK,No collection track available
12234.5,2025-12-09T11:54:30+00:00,W4802,,MOVING,collection1,MOVING,,
12234.5,2025-12-09T11:54:30+00:00,W8616,,MOVING,collection1,MOVING,,
12234.5,2025-12-09T11:54:30+00:00,W10100,,MOVING,collection1,MOVING,,
12234.5,2025-12-09T11:54:30+00:00,W2910,,MOVING,collection1,MOVING,,
12234.5,2025-12-09T11:54:30+00:00,W0681,,MOVING,collection1,MOVING,,
12234.5,2025-12-09T11:54:30+00:00,W0237,,MOVING,collection1,MOVING,,
12268.0,2025-12-09T12:28:00+00:00,W10303,,RAKE_COUPLING_STARTED,WS_02,COUPLING,,
12268.0,2025-12-09T12:28:00+00:00,W5395,,RAKE_COUPLING_STARTED,WS_02,COUPLING,,
12270.0,2025-12-09T12:30:00+00:00,W10303,,RAKE_COUPLING_COMPLETED,WS_02,WAITING,,
12270.0,2025-12-09T12:30:00+00:00,W5395,,RAKE_COUPLING_COMPLETED,WS_02,WAITING,,
12270.0,2025-12-09T12:30:00+00:00,W10303,,MOVING,WS_02,MOVING,,
12270.0,2025-12-09T12:30:00+00:00,W5395,,MOVING,WS_02,MOVING,,
12275.0,2025-12-09T12:35:00+00:00,W10303,,ON_RETROFITTED_TRACK,retrofitted,WAITING,,
12275.0,2025-12-09T12:35:00+00:00,W5395,,ON_RETROFITTED_TRACK,retrofitted,WAITING,,
12290.0,2025-12-09T12:50:00+00:00,W2846,,MOVING,retrofit,MOVING,,
12290.0,2025-12-09T12:50:00+00:00,W5760,,MOVING,retrofit,MOVING,,
12294.5,2025-12-09T12:54:30+00:00,W4802,,ON_RETROFIT_TRACK,retrofit,WAITING,,
12294.5,2025-12-09T12:54:30+00:00,W8616,,ON_RETROFIT_TRACK,retrofit,WAITING,,
12294.5,2025-12-09T12:54:30+00:00,W10100,,ON_RETROFIT_TRACK,retrofit,WAITING,,
12294.5,2025-12-09T12:54:30+00:00,W2910,,ON_RETROFIT_TRACK,retrofit,WAITING,,
12294.5,2025-12-09T12:54:30+00:00,W0681,,ON_RETROFIT_TRACK,retrofit,WAITING,,
12294.5,2025-12-09T12:54:30+00:00,W0237,,ON_RETROFIT_TRACK,retrofit,WAITING,,
12295.0,2025-12-09T12:55:00+00:00,W2846,,AT_WORKSHOP,WS_01,ARRIVED,,
12295.0,2025-12-09T12:55:00+00:00,W5760,,AT_WORKSHOP,WS_01,ARRIVED,,
12301.0,2025-12-09T13:01:00+00:00,W2846,,RETROFIT_STARTED,WS_01,PROCESSING,,
12301.0,2025-12-09T13:01:00+00:00,W5760,,RETROFIT_STARTED,WS_01,PROCESSING,,
12314.25,2025-12-09T13:14:15+00:00,W10878,T162,REJECTED,REJECTED,REJECTED_NO_RETROFIT_NEEDED,No Retrofit Needed,Wagon doesn't need retrofit
12314.25,2025-12-09T13:14:15+00:00,W11259,T162,REJECTED,REJECTED,REJECTED_NO_RETROFIT_NEEDED,No Retrofit Needed,Wagon doesn't need retrofit
12314.25,2025-12-09T13:14:15+00:00,W5173,T162,REJECTED,REJECTED,REJECTED_NO_RETROFIT_NEEDED,No Retrofit Needed,Wagon doesn't need retrofit
12314.25,2025-12-09T13:14:15+00:00,W5346,T162,REJECTED,REJECTED,REJECTED,NO_COLLECTION_TRACK,No collection track available
12316.0,2025-12-09T13:16:00+00:00,W6421,,MOVING,retrofit,MOVING,,
12316.0,2025-12-09T13:16:00+00:00,W12229,,MOVING,retrofit,MOVING,,
12321.0,2025-12-09T13:21:00+00:00,W6421,,AT_WORKSHOP,WS_02,ARRIVED,,
12321.0,2025-12-09T13:21:00+00:00,W12229,,AT_WORKSHOP,WS_02,ARRIVED,,
12327.0,2025-12-09T13:27:00+00:00,W6421,,RETROFIT_STARTED,WS_02,PROCESSING,,
12327.0,2025-12-09T13:27:00+00:00,W12229,,RETROFIT_STARTED,WS_02,PROCESSING,,
12361.0,2025-12-09T14:01:00+00:00,W2846,,RETROFIT_COMPLETED,WS_01,COMPLETED,,
12361.0,2025-12-09T14:01:00+00:00,W5760,,RETROFIT_COMPLETED,WS_01,COMPLETED,,
12376.5,2025-12-09T14:16:30+00:00,W4370,T163,ARRIVED,collection1,ARRIVED,,
12376.5,2025-12-09T14:16:30+00:00,W9406,T163,ARRIVED,collection1,ARRIVED,,
12376.5,2025-12-09T14:16:30+00:00,W5153,T163,ARRIVED,collection1,ARRIVED,,
12387.0,2025-12-09T14:27:00+00:00,W6421,,RETROFIT_COMPLETED,WS_02,COMPLETED,,
12387.0,2025-12-09T14:27:00+00:00,W12229,,RETROFIT_COMPLETED,WS_02,COMPLETED,,
12395.0,2025-12-09T14:35:00+00:00,W5173,,MOVING,collection2,MOVING,,
12404.0,2025-12-09T14:44:00+00:00,W2916,T164,ARRIVED,collection1,ARRIVED,,
12404.0,2025-12-09T14:44:00+00:00,W10873,,PARKED,parking11,PARKED,,
12404.0,2025-12-09T14:44:00+00:00,W9427,,PARKED,parking11,PARKED,,
12404.0,2025-12-09T14:44:00+00:00,W0234,,PARKED,parking11,PARKED,,
12404.0,2025-12-09T14:44:00+00:00,W10896,,PARKED,parking11,PARKED,,
12455.0,2025-12-09T15:35:00+00:00,W5173,,ON_RETROFIT_TRACK,retrofit,WAITING,,
12468.0,2025-12-09T15:48:00+00:00,W2846,,RAKE_COUPLING_STARTED,WS_01,COUPLING,,
12468.0,2025-12-09T15:48:00+00:00,W5760,,RAKE_COUPLING_STARTED,WS_01,COUPLING,,
12469.0,2025-12-09T15:49:00+00:00,W6421,,RAKE_COUPLING_STARTED,WS_02,COUPLING,,
12469.0,2025-12-09T15:49:00+00:00,W12229,,RAKE_COUPLING_STARTED,WS_02,COUPLING,,
12470.0,2025-12-09T15:50:00+00:00,W2846,,RAKE_COUPLING_COMPLETED,WS_01,WAITING,,
12470.0,2025-12-09T15:50:00+00:00,W5760,,RAKE_COUPLING_COMPLETED,WS_01,WAITING,,
12470.0,2025-12-09T15:50:00+00:00,W2846,,MOVING,WS_01,MOVING,,
12470.0,2025-12-09T15:50:00+00:00,W5760,,MOVING,WS_01,MOVING,,
12471.0,2025-12-09T15:51:00+00:00,W6421,,RAKE_COUPLING_COMPLETED,WS_02,WAITING,,
12471.0,2025-12-09T15:51:00+00:00,W12229,,RAKE_COUPLING_COMPLETED,WS_02,WAITING,,
12471.0,2025-12-09T15:51:00+00:00,W6421,,MOVING,WS_02,MOVING,,
12471.0,2025-12-09T15:51:00+00:00,W12229,,MOVING,WS_02,MOVING,,
12475.0,2025-12-09T15:55:00+00:00,W2846,,ON_RETROFITTED_TRACK,retrofitted,WAITING,,
12475.0,2025-12-09T15:55:00+00:00,W5760,,ON_RETROFITTED_TRACK,retrofitted,WAITING,,
12476.0,2025-12-09T15:56:00+00:00,W6421,,ON_RETROFITTED_TRACK,retrofitted,WAITING,,
12476.0,2025-12-09T15:56:00+00:00,W12229,,ON_RETROFITTED_TRACK,retrofitted,WAITING,,
12491.0,2025-12-09T16:11:00+00:00,W6323,,MOVING,retrofit,MOVING,,
12491.0,2025-12-09T16:11:00+00:00,W8552,,MOVING,retrofit,MOVING,,
12496.0,2025-12-09T16:16:00+00:00,W6323,,AT_WORKSHOP,WS_01,ARRIVED,,
12496.0,2025-12-09T16:16:00+00:00,W8552,,AT_WORKSHOP,WS_01,ARRIVED,,
12502.0,2025-12-09T16:22:00+00:00,W6323,,RETROFIT_STARTED,WS_01,PROCESSING,,
12502.0,2025-12-09T16:22:00+00:00,W8552,,RETROFIT_STARTED,WS_01,PROCESSING,,
12517.0,2025-12-09T16:37:00+00:00,W12221,,MOVING,retrofit,MOVING,,
12517.0,2025-12-09T16:37:00+00:00,W4802,,MOVING,retrofit,MOVING,,
12522.0,2025-12-09T16:42:00+00:00,W12221,,AT_WORKSHOP,WS_02,ARRIVED,,
12522.0,2025-12-09T16:42:00+00:00,W4802,,AT_WORKSHOP,WS_02,ARRIVED,,
12528.0,2025-12-09T16:48:00+00:00,W12221,,RETROFIT_STARTED,WS_02,PROCESSING,,
12528.0,2025-12-09T16:48:00+00:00,W4802,,RETROFIT_STARTED,WS_02,PROCESSING,,
12560.25,2025-12-09T17:20:15+00:00,W3135,T165,ARRIVED,collection1,ARRIVED,,
12560.25,2025-12-09T17:20:15+00:00,W3903,T165,ARRIVED,collection1,ARRIVED,,
12562.0,2025-12-09T17:22:00+00:00,W6323,,RETROFIT_COMPLETED,WS_01,COMPLETED,,
12562.0,2025-12-09T17:22:00+00:00,W8552,,RETROFIT_COMPLETED,WS_01,COMPLETED,,
12563.5,2025-12-09T17:23:30+00:00,W10303,,PARKED,parking15,PARKED,,
12563.5,2025-12-09T17:23:30+00:00,W5395,,PARKED,parking15,PARKED,,
12588.0,2025-12-09T17:48:00+00:00,W12221,,RETROFIT_COMPLETED,WS_02,COMPLETED,,
12588.0,2025-12-09T17:48:00+00:00,W4802,,RETROFIT_COMPLETED,WS_02,COMPLETED,,
12593.0,2025-12-09T17:53:00+00:00,W12116,,RAKE_COUPLING_STARTED,collection1,COUPLING,,
12593.0,2025-12-09T17:53:00+00:00,W0698,,RAKE_COUPLING_STARTED,collection1,COUPLING,,
12593.0,2025-12-09T17:53:00+00:00,W0839,,RAKE_COUPLING_STARTED,collection1,COUPLING,,
12593.0,2025-12-09T17:53:00+00:00,W5611,,RAKE_COUPLING_STARTED,collection1,COUPLING,,
12593.0,2025-12-09T17:53:00+00:00,W8094,,RAKE_COUPLING_STARTED,collection1,COUPLING,,
12593.0,2025-12-09T17:53:00+00:00,W0555,,RAKE_COUPLING_STARTED,collection1,COUPLING,,
12593.0,2025-12-09T17:53:00+00:00,W12383,,RAKE_COUPLING_STARTED,collection1,COUPLING,,
12594.5,2025-12-09T17:54:30+00:00,W8908,T166,REJECTED,REJECTED,REJECTED,NO_COLLECTION_TRACK,No collection track available
12594.5,2025-12-09T17:54:30+00:00,W8906,T166,REJECTED,REJECTED,REJECTED,NO_COLLECTION_TRACK,No collection track available
12594.5,2025-12-09T17:54:30+00:00,W8903,T166,REJECTED,REJECTED,REJECTED,NO_COLLECTION_TRACK,No collection track available
12594.5,2025-12-09T17:54:30+00:00,W10624,T166,REJECTED,REJECTED,REJECTED,NO_COLLECTION_TRACK,No collection track available
12594.5,2025-12-09T17:54:30+00:00,W10192,T166,ARRIVED,collection2,ARRIVED,,
12597.0,2025-12-09T17:57:00+00:00,W2844,T167,REJECTED,REJECTED,REJECTED_NO_RETROFIT_NEEDED,No Retrofit Needed,Wagon doesn't need retrofit
12597.0,2025-12-09T17:57:00+00:00,W3860,T167,REJECTED,REJECTED,REJECTED_NO_RETROFIT_NEEDED,No Retrofit Needed,Wagon doesn't need retrofit
12597.0,2025-12-09T17:57:00+00:00,W4223,T167,REJECTED,REJECTED,REJECTED_NO_RETROFIT_NEEDED,No Retrofit Needed,Wagon doesn't need retrofit
12608.0,2025-12-09T18:08:00+00:00,W12116,,MOVING,collection1,MOVING,,
12608.0,2025-12-09T18:08:00+00:00,W0698,,MOVING,collection1,MOVING,,
12608.0,2025-12-09T18:08:00+00:00,W0839,,MOVING,collection1,MOVING,,
12608.0,2025-12-09T18:08:00+00:00,W5611,,MOVING,collection1,MOVING,,
12608.0,2025-12-09T18:08:00+00:00,W8094,,MOVING,collection1,MOVING,,
12608.0,2025-12-09T18:08:00+00:00,W0555,,MOVING,collection1,MOVING,,
12608.0,2025-12-09T18:08:00+00:00,W12383,,MOVING,collection1,MOVING,,
12611.0,2025-12-09T18:11:00+00:00,W12331,T168,REJECTED,REJECTED,REJECTED,NO_COLLECTION_TRACK,No collection track available
12628.5,2025-12-09T18:28:30+00:00,W6323,,RAKE_COUPLING_STARTED,WS_01,COUPLING,,
12628.5,2025-12-09T18:28:30+00:00,W8552,,RAKE_COUPLING_STARTED,WS_01,COUPLING,,
12630.5,2025-12-09T18:30:30+00:00,W6323,,RAKE_COUPLING_COMPLETED,WS_01,WAITING,,
12630.5,2025-12-09T18:30:30+00:00,W8552,,RAKE_COUPLING_COMPLETED,WS_01,WAITING,,
12630.5,2025-12-09T18:30:30+00:00,W6323,,MOVING,WS_01,MOVING,,
12630.5,2025-12-09T18:30:30+00:00,W8552,,MOVING,WS_01,MOVING,,
12635.5,2025-12-09T18:35:30+00:00,W6323,,ON_RETROFITTED_TRACK,retrofitted,WAITING,,
12635.5,2025-12-09T18:35:30+00:00,W8552,,ON_RETROFITTED_TRACK,retrofitted,WAITING,,
12645.5,2025-12-09T18:45:30+00:00,W12221,,RAKE_COUPLING_STARTED,WS_02,COUPLING,,
12645.5,2025-12-09T18:45:30+00:00,W4802,,RAKE_COUPLING_STARTED,WS_02,COUPLING,,
12647.5,2025-12-09T18:47:30+00:00,W12221,,RAKE_COUPLING_COMPLETED,WS_02,WAITING,,
12647.5,2025-12-09T18:47:30+00:00,W4802,,RAKE_COUPLING_COMPLETED,WS_02,WAITING,,
12647.5,2025-12-09T18:47:30+00:00,W12221,,MOVING,WS_02,MOVING,,
12647.5,2025-12-09T18:47:30+00:00,W4802,,MOVING,WS_02,MOVING,,
12652.5,2025-12-09T18:52:30+00:00,W12221,,ON_RETROFITTED_TRACK,retrofitted,WAITING,,
12652.5,2025-12-09T18:52:30+00:00,W4802,,ON_RETROFITTED_TRACK,retrofitted,WAITING,,
12663.0,2025-12-09T19:03:00+00:00,W5612,T169,REJECTED,REJECTED,REJECTED_NO_RETROFIT_NEEDED,No Retrofit Needed,Wagon doesn't need retrofit
12663.0,2025-12-09T19:03:00+00:00,W6823,T169,REJECTED,REJECTED,REJECTED_NO_RETROFIT_NEEDED,No Retrofit Needed,Wagon doesn't need retrofit
12667.5,2025-12-09T19:07:30+00:00,W8616,,MOVING,retrofit,MOVING,,
12667.5,2025-12-09T19:07:30+00:00,W10100,,MOVING,retrofit,MOVING,,
12668.0,2025-12-09T19:08:00+00:00,W12116,,ON_RETROFIT_TRACK,retrofit,WAITING,,
12668.0,2025-12-09T19:08:00+00:00,W0698,,ON_RETROFIT_TRACK,retrofit,WAITING,,
12668.0,2025-12-09T19:08:00+00:00,W0839,,ON_RETROFIT_TRACK,retrofit,WAITING,,
12668.0,2025-12-09T19:08:00+00:00,W5611,,ON_RETROFIT_TRACK,retrofit,WAITING,,
12668.0,2025-12-09T19:08:00+00:00,W8094,,ON_RETROFIT_TRACK,retrofit,WAITING,,
12668.0,2025-12-09T19:08:00+00:00,W0555,,ON_RETROFIT_TRACK,retrofit,WAITING,,
12668.0,2025-12-09T19:08:00+00:00,W12383,,ON_RETROFIT_TRACK,retrofit,WAITING,,
12669.0,2025-12-09T19:09:00+00:00,W9311,T170,REJECTED,REJECTED,REJECTED_NO_RETROFIT_NEEDED,No Retrofit Needed,Wagon doesn't need retrofit
12672.5,2025-12-09T19:12:30+00:00,W8616,,AT_WORKSHOP,WS_01,ARRIVED,,
12672.5,2025-12-09T19:12:30+00:00,W10100,,AT_WORKSHOP,WS_01,ARRIVED,,
12678.5,2025-12-09T19:18:30+00:00,W8616,,RETROFIT_STARTED,WS_01,PROCESSING,,
12678.5,2025-12-09T19:18:30+00:00,W10100,,RETROFIT_STARTED,WS_01,PROCESSING,,
12693.5,2025-12-09T19:33:30+00:00,W2910,,MOVING,retrofit,MOVING,,
12693.5,2025-12-09T19:33:30+00:00,W0681,,MOVING,retrofit,MOVING,,
12698.5,2025-12-09T19:38:30+00:00,W2910,,AT_WORKSHOP,WS_02,ARRIVED,,
12698.5,2025-12-09T19:38:30+00:00,W0681,,AT_WORKSHOP,WS_02,ARRIVED,,
12704.5,2025-12-09T19:44:30+00:00,W2910,,RETROFIT_STARTED,WS_02,PROCESSING,,
12704.5,2025-12-09T19:44:30+00:00,W0681,,RETROFIT_STARTED,WS_02,PROCESSING,,
12738.5,2025-12-09T20:18:30+00:00,W8616,,RETROFIT_COMPLETED,WS_01,COMPLETED,,
12738.5,2025-12-09T20:18:30+00:00,W10100,,RETROFIT_COMPLETED,WS_01,COMPLETED,,
12748.5,2025-12-09T20:28:30+00:00,W10522,T171,REJECTED,REJECTED,REJECTED_NO_RETROFIT_NEEDED,No Retrofit Needed,Wagon doesn't need retrofit
12748.5,2025-12-09T20:28:30+00:00,W12031,T171,REJECTED,REJECTED,REJECTED_NO_RETROFIT_NEEDED,No Retrofit Needed,Wagon doesn't need retrofit
12748.5,2025-12-09T20:28:30+00:00,W10109,T171,ARRIVED,collection1,ARRIVED,,
12748.5,2025-12-09T20:28:30+00:00,W10204,T171,ARRIVED,collection1,ARRIVED,,
12748.5,2025-12-09T20:28:30+00:00,W11900,T171,ARRIVED,collection1,ARRIVED,,
12764.5,2025-12-09T20:44:30+00:00,W2910,,RETROFIT_COMPLETED,WS_02,COMPLETED,,
12764.5,2025-12-09T20:44:30+00:00,W0681,,RETROFIT_COMPLETED,WS_02,COMPLETED,,
12772.5,2025-12-09T20:52:30+00:00,W4380,,MOVING,collection2,MOVING,,
12777.0,2025-12-09T20:57:00+00:00,W3919,T172,ARRIVED,collection1,ARRIVED,,
12777.0,2025-12-09T20:57:00+00:00,W4150,T172,ARRIVED,collection1,ARRIVED,,
12777.0,2025-12-09T20:57:00+00:00,W4249,T172,ARRIVED,collection1,ARRIVED,,
12787.25,2025-12-09T21:07:15+00:00,W7399,T173,REJECTED,REJECTED,REJECTED,NO_COLLECTION_TRACK,No collection track available
12787.25,2025-12-09T21:07:15+00:00,W2829,T173,REJECTED,REJECTED,REJECTED,NO_COLLECTION_TRACK,No collection track available
12787.25,2025-12-09T21:07:15+00:00,W3790,T173,ARRIVED,collection1,ARRIVED,,
12798.5,2025-12-09T21:18:30+00:00,W2846,,PARKED,parking13,PARKED,,
12798.5,2025-12-09T21:18:30+00:00,W5760,,PARKED,parking13,PARKED,,
12798.5,2025-12-09T21:18:30+00:00,W6421,,PARKED,parking13,PARKED,,
12798.5,2025-12-09T21:18:30+00:00,W12229,,PARKED,parking13,PARKED,,
12832.5,2025-12-09T21:52:30+00:00,W4380,,ON_RETROFIT_TRACK,retrofit,WAITING,,
12845.5,2025-12-09T22:05:30+00:00,W8616,,RAKE_COUPLING_STARTED,WS_01,COUPLING,,
12845.5,2025-12-09T22:05:30+00:00,W10100,,RAKE_COUPLING_STARTED,WS_01,COUPLING,,
12847.5,2025-12-09T22:07:30+00:00,W8616,,RAKE_COUPLING_COMPLETED,WS_01,WAITING,,
12847.5,2025-12-09T22:07:30+00:00,W10100,,RAKE_COUPLING_COMPLETED,WS_01,WAITING,,
12847.5,2025-12-09T22:07:30+00:00,W8616,,MOVING,WS_01,MOVING,,
12847.5,2025-12-09T22:07:30+00:00,W10100,,MOVING,WS_01,MOVING,,
12852.5,2025-12-09T22:12:30+00:00,W8616,,ON_RETROFITTED_TRACK,retrofitted,WAITING,,
12852.5,2025-12-09T22:12:30+00:00,W10100,,ON_RETROFITTED_TRACK,retrofitted,WAITING,,
12862.5,2025-12-09T22:22:30+00:00,W2910,,RAKE_COUPLING_STARTED,WS_02,COUPLING,,
12862.5,2025-12-09T22:22:30+00:00,W0681,,RAKE_COUPLING_STARTED,WS_02,COUPLING,,
12864.5,2025-12-09T22:24:30+00:00,W2910,,RAKE_COUPLING_COMPLETED,WS_02,WAITING,,
12864.5,2025-12-09T22:24:30+00:00,W0681,,RAKE_COUPLING_COMPLETED,WS_02,WAITING,,
12864.5,2025-12-09T22:24:30+00:00,W2910,,MOVING,WS_02,MOVING,,
12864.5,2025-12-09T22:24:30+00:00,W0681,,MOVING,WS_02,MOVING,,
12868.5,2025-12-09T22:28:30+00:00,W0237,,MOVING,retrofit,MOVING,,
12868.5,2025-12-09T22:28:30+00:00,W5173,,MOVING,retrofit,MOVING,,
12869.5,2025-12-09T22:29:30+00:00,W2910,,ON_RETROFITTED_TRACK,retrofitted,WAITING,,
12869.5,2025-12-09T22:29:30+00:00,W0681,,ON_RETROFITTED_TRACK,retrofitted,WAITING,,
12873.5,2025-12-09T22:33:30+00:00,W0237,,AT_WORKSHOP,WS_01,ARRIVED,,
12873.5,2025-12-09T22:33:30+00:00,W5173,,AT_WORKSHOP,WS_01,ARRIVED,,
12879.5,2025-12-09T22:39:30+00:00,W0237,,RETROFIT_STARTED,WS_01,PROCESSING,,
12879.5,2025-12-09T22:39:30+00:00,W5173,,RETROFIT_STARTED,WS_01,PROCESSING,,
12892.5,2025-12-09T22:52:30+00:00,W6323,,PARKED,parking1,PARKED,,
12892.5,2025-12-09T22:52:30+00:00,W8552,,PARKED,parking1,PARKED,,
12892.5,2025-12-09T22:52:30+00:00,W12221,,PARKED,parking1,PARKED,,
12892.5,2025-12-09T22:52:30+00:00,W4802,,PARKED,parking1,PARKED,,
12892.5,2025-12-09T22:52:30+00:00,W8616,,PARKED,parking1,PARKED,,
12894.5,2025-12-09T22:54:30+00:00,W12116,,MOVING,retrofit,MOVING,,
12894.5,2025-12-09T22:54:30+00:00,W0698,,MOVING,retrofit,MOVING,,
12899.5,2025-12-09T22:59:30+00:00,W12116,,AT_WORKSHOP,WS_02,ARRIVED,,
12899.5,2025-12-09T22:59:30+00:00,W0698,,AT_WORKSHOP,WS_02,ARRIVED,,
12905.5,2025-12-09T23:05:30+00:00,W12116,,RETROFIT_STARTED,WS_02,PROCESSING,,
12905.5,2025-12-09T23:05:30+00:00,W0698,,RETROFIT_STARTED,WS_02,PROCESSING,,
12939.0,2025-12-09T23:39:00+00:00,W10881,T174,REJECTED,REJECTED,REJECTED_NO_RETROFIT_NEEDED,No Retrofit Needed,Wagon doesn't need retrofit
12939.0,2025-12-09T23:39:00+00:00,W10883,T174,REJECTED,REJECTED,REJECTED_NO_RETROFIT_NEEDED,No Retrofit Needed,Wagon doesn't need retrofit
12939.0,2025-12-09T23:39:00+00:00,W10896,T174,REJECTED,REJECTED,REJECTED_NO_RETROFIT_NEEDED,No Retrofit Needed,Wagon doesn't need retrofit
12939.0,2025-12-09T23:39:00+00:00,W10081,T174,REJECTED,REJECTED,REJECTED_NO_RETROFIT_NEEDED,No Retrofit Needed,Wagon doesn't need retrofit
12939.0,2025-12-09T23:39:00+00:00,W9143,T174,REJECTED,REJECTED,REJECTED_NO_RETROFIT_NEEDED,No Retrofit Needed,Wagon doesn't need retrofit
12939.0,2025-12-09T23:39:00+00:00,W12104,T174,REJECTED,REJECTED,REJECTED,NO_COLLECTION_TRACK,No collection track available
12939.0,2025-12-09T23:39:00+00:00,W7218,T174,ARRIVED,collection2,ARRIVED,,
12939.5,2025-12-09T23:39:30+00:00,W0237,,RETROFIT_COMPLETED,WS_01,COMPLETED,,
12939.5,2025-12-09T23:39:30+00:00,W5173,,RETROFIT_COMPLETED,WS_01,COMPLETED,,
12954.5,2025-12-09T23:54:30+00:00,W4370,T175,REJECTED,REJECTED,REJECTED_NO_RETROFIT_NEEDED,No Retrofit Needed,Wagon doesn't need retrofit
12957.5,2025-12-09T23:57:30+00:00,W9843,,RAKE_COUPLING_STARTED,collection1,COUPLING,,
12957.5,2025-12-09T23:57:30+00:00,W6848,,RAKE_COUPLING_STARTED,collection1,COUPLING,,
12957.5,2025-12-09T23:57:30+00:00,W11356,,RAKE_COUPLING_STARTED,collection1,COUPLING,,
12957.5,2025-12-09T23:57:30+00:00,W4223,,RAKE_COUPLING_STARTED,collection1,COUPLING,,
12957.5,2025-12-09T23:57:30+00:00,W1826,,RAKE_COUPLING_STARTED,collection1,COUPLING,,
12957.5,2025-12-09T23:57:30+00:00,W8494,,RAKE_COUPLING_STARTED,collection1,COUPLING,,
12957.5,2025-12-09T23:57:30+00:00,W1427,,RAKE_COUPLING_STARTED,collection1,COUPLING,,
12963.5,2025-12-10T00:03:30+00:00,W10938,T176,REJECTED,REJECTED,REJECTED,NO_COLLECTION_TRACK,No collection track available
12965.5,2025-12-10T00:05:30+00:00,W12116,,RETROFIT_COMPLETED,WS_02,COMPLETED,,
12965.5,2025-12-10T00:05:30+00:00,W0698,,RETROFIT_COMPLETED,WS_02,COMPLETED,,
12972.5,2025-12-10T00:12:30+00:00,W9843,,MOVING,collection1,MOVING,,
12972.5,2025-12-10T00:12:30+00:00,W6848,,MOVING,collection1,MOVING,,
12972.5,2025-12-10T00:12:30+00:00,W11356,,MOVING,collection1,MOVING,,
12972.5,2025-12-10T00:12:30+00:00,W4223,,MOVING,collection1,MOVING,,
12972.5,2025-12-10T00:12:30+00:00,W1826,,MOVING,collection1,MOVING,,
12972.5,2025-12-10T00:12:30+00:00,W8494,,MOVING,collection1,MOVING,,
12972.5,2025-12-10T00:12:30+00:00,W1427,,MOVING,collection1,MOVING,,
12973.5,2025-12-10T00:13:30+00:00,W5872,,MOVING,collection2,MOVING,,
13015.75,2025-12-10T00:55:45+00:00,W5411,T177,REJECTED,REJECTED,REJECTED_NO_RETROFIT_NEEDED,No Retrofit Needed,Wagon doesn't need retrofit
13015.75,2025-12-10T00:55:45+00:00,W11513,T177,REJECTED,REJECTED,REJECTED_NO_RETROFIT_NEEDED,No Retrofit Needed,Wagon doesn't need retrofit
13032.5,2025-12-10T01:12:30+00:00,W9843,,ON_RETROFIT_TRACK,retrofit,WAITING,,
13032.5,2025-12-10T01:12:30+00:00,W6848,,ON_RETROFIT_TRACK,retrofit,WAITING,,
13032.5,2025-12-10T01:12:30+00:00,W11356,,ON_RETROFIT_TRACK,retrofit,WAITING,,
13032.5,2025-12-10T01:12:30+00:00,W4223,,ON_RETROFIT_TRACK,retrofit,WAITING,,
13032.5,2025-12-10T01:12:30+00:00,W1826,,ON_RETROFIT_TRACK,retrofit,WAITING,,
13032.5,2025-12-10T01:12:30+00:00,W8494,,ON_RETROFIT_TRACK,retrofit,WAITING,,
13032.5,2025-12-10T01:12:30+00:00,W1427,,ON_RETROFIT_TRACK,retrofit,WAITING,,
13033.5,2025-12-10T01:13:30+00:00,W5872,,ON_RETROFIT_TRACK,retrofit,WAITING,,
13046.5,2025-12-10T01:26:30+00:00,W0237,,RAKE_COUPLING_STARTED,WS_01,COUPLING,,
13046.5,2025-12-10T01:26:30+00:00,W5173,,RAKE_COUPLING_STARTED,WS_01,COUPLING,,
13048.5,2025-12-10T01:28:30+00:00,W0237,,RAKE_COUPLING_COMPLETED,WS_01,WAITING,,
13048.5,2025-12-10T01:28:30+00:00,W5173,,RAKE_COUPLING_COMPLETED,WS_01,WAITING,,
13048.5,2025-12-10T01:28:30+00:00,W0237,,MOVING,WS_01,MOVING,,
13048.5,2025-12-10T01:28:30+00:00,W5173,,MOVING,WS_01,MOVING,,
13053.5,2025-12-10T01:33:30+00:00,W0237,,ON_RETROFITTED_TRACK,retrofitted,WAITING,,
13053.5,2025-12-10T01:33:30+00:00,W5173,,ON_RETROFITTED_TRACK,retrofitted,WAITING,,
13063.5,2025-12-10T01:43:30+00:00,W12116,,RAKE_COUPLING_STARTED,WS_02,COUPLING,,
13063.5,2025-12-10T01:43:30+00:00,W0698,,RAKE_COUPLING_STARTED,WS_02,COUPLING,,
13065.5,2025-12-10T01:45:30+00:00,W12116,,RAKE_COUPLING_COMPLETED,WS_02,WAITING,,
13065.5,2025-12-10T01:45:30+00:00,W0698,,RAKE_COUPLING_COMPLETED,WS_02,WAITING,,
13065.5,2025-12-10T01:45:30+00:00,W12116,,MOVING,WS_02,MOVING,,
13065.5,2025-12-10T01:45:30+00:00,W0698,,MOVING,WS_02,MOVING,,
13070.5,2025-12-10T01:50:30+00:00,W12116,,ON_RETROFITTED_TRACK,retrofitted,WAITING,,
13070.5,2025-12-10T01:50:30+00:00,W0698,,ON_RETROFITTED_TRACK,retrofitted,WAITING,,
13085.5,2025-12-10T02:05:30+00:00,W0839,,MOVING,retrofit,MOVING,,
13085.5,2025-12-10T02:05:30+00:00,W5611,,MOVING,retrofit,MOVING,,
13086.5,2025-12-10T02:06:30+00:00,W8094,,MOVING,retrofit,MOVING,,
13086.5,2025-12-10T02:06:30+00:00,W0555,,MOVING,retrofit,MOVING,,
13090.5,2025-12-10T02:10:30+00:00,W0839,,AT_WORKSHOP,WS_01,ARRIVED,,
13090.5,2025-12-10T02:10:30+00:00,W5611,,AT_WORKSHOP,WS_01,ARRIVED,,
13091.5,2025-12-10T02:11:30+00:00,W8094,,AT_WORKSHOP,WS_02,ARRIVED,,
13091.5,2025-12-10T02:11:30+00:00,W0555,,AT_WORKSHOP,WS_02,ARRIVED,,
13096.5,2025-12-10T02:16:30+00:00,W0839,,RETROFIT_STARTED,WS_01,PROCESSING,,
13096.5,2025-12-10T02:16:30+00:00,W5611,,RETROFIT_STARTED,WS_01,PROCESSING,,
13097.5,2025-12-10T02:17:30+00:00,W8094,,RETROFIT_STARTED,WS_02,PROCESSING,,
13097.5,2025-12-10T02:17:30+00:00,W0555,,RETROFIT_STARTED,WS_02,PROCESSING,,
13103.5,2025-12-10T02:23:30+00:00,W9744,T178,REJECTED,REJECTED,REJECTED_NO_RETROFIT_NEEDED,No Retrofit Needed,Wagon doesn't need retrofit
13103.5,2025-12-10T02:23:30+00:00,W4327,T178,ARRIVED,collection1,ARRIVED,,
13103.5,2025-12-10T02:23:30+00:00,W11290,T178,ARRIVED,collection1,ARRIVED,,
13116.5,2025-12-10T02:36:30+00:00,W10100,,PARKED,parking7,PARKED,,
13116.5,2025-12-10T02:36:30+00:00,W2910,,PARKED,parking7,PARKED,,
13116.5,2025-12-10T02:36:30+00:00,W0681,,PARKED,parking7,PARKED,,
13156.5,2025-12-10T03:16:30+00:00,W0839,,RETROFIT_COMPLETED,WS_01,COMPLETED,,
13156.5,2025-12-10T03:16:30+00:00,W5611,,RETROFIT_COMPLETED,WS_01,COMPLETED,,
13157.5,2025-12-10T03:17:30+00:00,W8094,,RETROFIT_COMPLETED,WS_02,COMPLETED,,
13157.5,2025-12-10T03:17:30+00:00,W0555,,RETROFIT_COMPLETED,WS_02,COMPLETED,,
13162.0,2025-12-10T03:22:00+00:00,W0839,,RAKE_COUPLING_STARTED,WS_01,COUPLING,,
13162.0,2025-12-10T03:22:00+00:00,W5611,,RAKE_COUPLING_STARTED,WS_01,COUPLING,,
13163.0,2025-12-10T03:23:00+00:00,W8094,,RAKE_COUPLING_STARTED,WS_02,COUPLING,,
13163.0,2025-12-10T03:23:00+00:00,W0555,,RAKE_COUPLING_STARTED,WS_02,COUPLING,,
13164.0,2025-12-10T03:24:00+00:00,W0839,,RAKE_COUPLING_COMPLETED,WS_01,WAITING,,
13164.0,2025-12-10T03:24:00+00:00,W5611,,RAKE_COUPLING_COMPLETED,WS_01,WAITING,,
13164.0,2025-12-10T03:24:00+00:00,W0839,,MOVING,WS_01,MOVING,,
13164.0,2025-12-10T03:24:00+00:00,W5611,,MOVING,WS_01,MOVING,,
13165.0,2025-12-10T03:25:00+00:00,W8094,,RAKE_COUPLING_COMPLETED,WS_02,WAITING,,
13165.0,2025-12-10T03:25:00+00:00,W0555,,RAKE_COUPLING_COMPLETED,WS_02,WAITING,,
13165.0,2025-12-10T03:25:00+00:00,W8094,,MOVING,WS_02,MOVING,,
13165.0,2025-12-10T03:25:00+00:00,W0555,,MOVING,WS_02,MOVING,,
13169.0,2025-12-10T03:29:00+00:00,W0839,,ON_RETROFITTED_TRACK,retrofitted,WAITING,,
13169.0,2025-12-10T03:29:00+00:00,W5611,,ON_RETROFITTED_TRACK,retrofitted,WAITING,,
13170.0,2025-12-10T03:30:00+00:00,W8094,,ON_RETROFITTED_TRACK,retrofitted,WAITING,,
13170.0,2025-12-10T03:30:00+00:00,W0555,,ON_RETROFITTED_TRACK,retrofitted,WAITING,,
13171.75,2025-12-10T03:31:45+00:00,W11298,T179,ARRIVED,collection1,ARRIVED,,
13171.75,2025-12-10T03:31:45+00:00,W2064,T179,ARRIVED,collection2,ARRIVED,,
13171.75,2025-12-10T03:31:45+00:00,W10999,T179,ARRIVED,collection2,ARRIVED,,
13171.75,2025-12-10T03:31:45+00:00,W10366,T179,ARRIVED,collection2,ARRIVED,,
13171.75,2025-12-10T03:31:45+00:00,W5410,T179,ARRIVED,collection2,ARRIVED,,
13185.0,2025-12-10T03:45:00+00:00,W12383,,MOVING,retrofit,MOVING,,
13185.0,2025-12-10T03:45:00+00:00,W4380,,MOVING,retrofit,MOVING,,
13189.0,2025-12-10T03:49:00+00:00,W0237,,PARKED,parking9,PARKED,,
13189.0,2025-12-10T03:49:00+00:00,W5173,,PARKED,parking9,PARKED,,
13189.0,2025-12-10T03:49:00+00:00,W12116,,PARKED,parking9,PARKED,,
13190.0,2025-12-10T03:50:00+00:00,W12383,,AT_WORKSHOP,WS_01,ARRIVED,,
13190.0,2025-12-10T03:50:00+00:00,W4380,,AT_WORKSHOP,WS_01,ARRIVED,,
13196.0,2025-12-10T03:56:00+00:00,W12383,,RETROFIT_STARTED,WS_01,PROCESSING,,
13196.0,2025-12-10T03:56:00+00:00,W4380,,RETROFIT_STARTED,WS_01,PROCESSING,,
13204.0,2025-12-10T04:04:00+00:00,W9843,,MOVING,retrofit,MOVING,,
13204.0,2025-12-10T04:04:00+00:00,W6848,,MOVING,retrofit,MOVING,,
13209.0,2025-12-10T04:09:00+00:00,W9843,,AT_WORKSHOP,WS_02,ARRIVED,,
13209.0,2025-12-10T04:09:00+00:00,W6848,,AT_WORKSHOP,WS_02,ARRIVED,,
13215.0,2025-12-10T04:15:00+00:00,W9843,,RETROFIT_STARTED,WS_02,PROCESSING,,
13215.0,2025-12-10T04:15:00+00:00,W6848,,RETROFIT_STARTED,WS_02,PROCESSING,,
13256.0,2025-12-10T04:56:00+00:00,W12383,,RETROFIT_COMPLETED,WS_01,COMPLETED,,
13256.0,2025-12-10T04:56:00+00:00,W4380,,RETROFIT_COMPLETED,WS_01,COMPLETED,,
13261.0,2025-12-10T05:01:00+00:00,W0093,,RAKE_COUPLING_STARTED,collection2,COUPLING,,
13261.0,2025-12-10T05:01:00+00:00,W3413,,RAKE_COUPLING_STARTED,collection2,COUPLING,,
13261.0,2025-12-10T05:01:00+00:00,W8479,,RAKE_COUPLING_STARTED,collection2,COUPLING,,
13261.0,2025-12-10T05:01:00+00:00,W8637,,RAKE_COUPLING_STARTED,collection2,COUPLING,,
13270.0,2025-12-10T05:10:00+00:00,W0093,,MOVING,collection2,MOVING,,
13270.0,2025-12-10T05:10:00+00:00,W3413,,MOVING,collection2,MOVING,,
13270.0,2025-12-10T05:10:00+00:00,W8479,,MOVING,collection2,MOVING,,
13270.0,2025-12-10T05:10:00+00:00,W8637,,MOVING,collection2,MOVING,,
13275.0,2025-12-10T05:15:00+00:00,W9843,,RETROFIT_COMPLETED,WS_02,COMPLETED,,
13275.0,2025-12-10T05:15:00+00:00,W6848,,RETROFIT_COMPLETED,WS_02,COMPLETED,,
13280.0,2025-12-10T05:20:00+00:00,W0023,,RAKE_COUPLING_STARTED,collection1,COUPLING,,
13280.0,2025-12-10T05:20:00+00:00,W10397,,RAKE_COUPLING_STARTED,collection1,COUPLING,,
13285.0,2025-12-10T05:25:00+00:00,W0023,,MOVING,collection1,MOVING,,
13285.0,2025-12-10T05:25:00+00:00,W10397,,MOVING,collection1,MOVING,,
13298.75,2025-12-10T05:38:45+00:00,W1161,T180,REJECTED,REJECTED,REJECTED_NO_RETROFIT_NEEDED,No Retrofit Needed,Wagon doesn't need retrofit
13298.75,2025-12-10T05:38:45+00:00,W1158,T180,REJECTED,REJECTED,REJECTED_NO_RETROFIT_NEEDED,No Retrofit Needed,Wagon doesn't need retrofit
13298.75,2025-12-10T05:38:45+00:00,W1156,T180,REJECTED,REJECTED,REJECTED_NO_RETROFIT_NEEDED,No Retrofit Needed,Wagon doesn't need retrofit
13298.75,2025-12-10T05:38:45+00:00,W1152,T180,REJECTED,REJECTED,REJECTED_NO_RETROFIT_NEEDED,No Retrofit Needed,Wagon doesn't need retrofit
13298.75,2025-12-10T05:38:45+00:00,W1139,T180,REJECTED,REJECTED,REJECTED_NO_RETROFIT_NEEDED,No Retrofit Needed,Wagon doesn't need retrofit
13298.75,2025-12-10T05:38:45+00:00,W1174,T180,REJECTED,REJECTED,REJECTED_NO_RETROFIT_NEEDED,No Retrofit Needed,Wagon doesn't need retrofit
13298.75,2025-12-10T05:38:45+00:00,W1149,T180,REJECTED,REJECTED,REJECTED_NO_RETROFIT_NEEDED,No Retrofit Needed,Wagon doesn't need retrofit
13298.75,2025-12-10T05:38:45+00:00,W1143,T180,ARRIVED,collection1,ARRIVED,,
13314.5,2025-12-10T05:54:30+00:00,W3113,T181,REJECTED,REJECTED,REJECTED,NO_COLLECTION_TRACK,No collection track available
13314.5,2025-12-10T05:54:30+00:00,W3106,T181,REJECTED,REJECTED,REJECTED,NO_COLLECTION_TRACK,No collection track available
13314.5,2025-12-10T05:54:30+00:00,W3134,T181,REJECTED,REJECTED,REJECTED,NO_COLLECTION_TRACK,No collection track available
13314.5,2025-12-10T05:54:30+00:00,W10715,T181,REJECTED,REJECTED,REJECTED,NO_COLLECTION_TRACK,No collection track available
13314.5,2025-12-10T05:54:30+00:00,W3172,T181,REJECTED,REJECTED,REJECTED,NO_COLLECTION_TRACK,No collection track available
13330.0,2025-12-10T06:10:00+00:00,W0093,,ON_RETROFIT_TRACK,retrofit,WAITING,,
13330.0,2025-12-10T06:10:00+00:00,W3413,,ON_RETROFIT_TRACK,retrofit,WAITING,,
13330.0,2025-12-10T06:10:00+00:00,W8479,,ON_RETROFIT_TRACK,retrofit,WAITING,,
13330.0,2025-12-10T06:10:00+00:00,W8637,,ON_RETROFIT_TRACK,retrofit,WAITING,,
13345.0,2025-12-10T06:25:00+00:00,W0023,,ON_RETROFIT_TRACK,retrofit,WAITING,,
13345.0,2025-12-10T06:25:00+00:00,W10397,,ON_RETROFIT_TRACK,retrofit,WAITING,,
13361.0,2025-12-10T06:41:00+00:00,W12383,,RAKE_COUPLING_STARTED,WS_01,COUPLING,,
13361.0,2025-12-10T06:41:00+00:00,W4380,,RAKE_COUPLING_STARTED,WS_01,COUPLING,,
13363.0,2025-12-10T06:43:00+00:00,W12383,,RAKE_COUPLING_COMPLETED,WS_01,WAITING,,
13363.0,2025-12-10T06:43:00+00:00,W4380,,RAKE_COUPLING_COMPLETED,WS_01,WAITING,,
13363.0,2025-12-10T06:43:00+00:00,W12383,,MOVING,WS_01,MOVING,,
13363.0,2025-12-10T06:43:00+00:00,W4380,,MOVING,WS_01,MOVING,,
13364.0,2025-12-10T06:44:00+00:00,W9843,,RAKE_COUPLING_STARTED,WS_02,COUPLING,,
13364.0,2025-12-10T06:44:00+00:00,W6848,,RAKE_COUPLING_STARTED,WS_02,COUPLING,,
13366.0,2025-12-10T06:46:00+00:00,W9843,,RAKE_COUPLING_COMPLETED,WS_02,WAITING,,
13366.0,2025-12-10T06:46:00+00:00,W6848,,RAKE_COUPLING_COMPLETED,WS_02,WAITING,,
13366.0,2025-12-10T06:46:00+00:00,W9843,,MOVING,WS_02,MOVING,,
13366.0,2025-12-10T06:46:00+00:00,W6848,,MOVING,WS_02,MOVING,,
13368.0,2025-12-10T06:48:00+00:00,W12383,,ON_RETROFITTED_TRACK,retrofitted,WAITING,,
13368.0,2025-12-10T06:48:00+00:00,W4380,,ON_RETROFITTED_TRACK,retrofitted,WAITING,,
13371.0,2025-12-10T06:51:00+00:00,W9843,,ON_RETROFITTED_TRACK,retrofitted,WAITING,,
13371.0,2025-12-10T06:51:00+00:00,W6848,,ON_RETROFITTED_TRACK,retrofitted,WAITING,,
13386.0,2025-12-10T07:06:00+00:00,W11356,,MOVING,retrofit,MOVING,,
13386.0,2025-12-10T07:06:00+00:00,W4223,,MOVING,retrofit,MOVING,,
13389.25,2025-12-10T07:09:15+00:00,W6989,T182,REJECTED,REJECTED,REJECTED_NO_RETROFIT_NEEDED,No Retrofit Needed,Wagon doesn't need retrofit
13389.25,2025-12-10T07:09:15+00:00,W10397,T182,REJECTED,REJECTED,REJECTED_NO_RETROFIT_NEEDED,No Retrofit Needed,Wagon doesn't need retrofit
13389.25,2025-12-10T07:09:15+00:00,W4392,T182,REJECTED,REJECTED,REJECTED_NO_RETROFIT_NEEDED,No Retrofit Needed,Wagon doesn't need retrofit
13389.25,2025-12-10T07:09:15+00:00,W4422,T182,REJECTED,REJECTED,REJECTED_NO_RETROFIT_NEEDED,No Retrofit Needed,Wagon doesn't need retrofit
13391.0,2025-12-10T07:11:00+00:00,W11356,,AT_WORKSHOP,WS_01,ARRIVED,,
13391.0,2025-12-10T07:11:00+00:00,W4223,,AT_WORKSHOP,WS_01,ARRIVED,,
13392.5,2025-12-10T07:12:30+00:00,W10889,T183,REJECTED,REJECTED,REJECTED_NO_RETROFIT_NEEDED,No Retrofit Needed,Wagon doesn't need retrofit
13392.5,2025-12-10T07:12:30+00:00,W3087,T183,REJECTED,REJECTED,REJECTED_NO_RETROFIT_NEEDED,No Retrofit Needed,Wagon doesn't need retrofit
13392.5,2025-12-10T07:12:30+00:00,W10958,T183,REJECTED,REJECTED,REJECTED_NO_RETROFIT_NEEDED,No Retrofit Needed,Wagon doesn't need retrofit
13392.5,2025-12-10T07:12:30+00:00,W11254,T183,REJECTED,REJECTED,REJECTED_NO_RETROFIT_NEEDED,No Retrofit Needed,Wagon doesn't need retrofit
13392.5,2025-12-10T07:12:30+00:00,W5420,T183,REJECTED,REJECTED,REJECTED_NO_RETROFIT_NEEDED,No Retrofit Needed,Wagon doesn't need retrofit
13392.5,2025-12-10T07:12:30+00:00,W11261,T183,REJECTED,REJECTED,REJECTED_NO_RETROFIT_NEEDED,No Retrofit Needed,Wagon doesn't need retrofit
13392.5,2025-12-10T07:12:30+00:00,W11269,T183,REJECTED,REJECTED,REJECTED_NO_RETROFIT_NEEDED,No Retrofit Needed,Wagon doesn't need retrofit
13392.5,2025-12-10T07:12:30+00:00,W9046,T183,REJECTED,REJECTED,REJECTED_NO_RETROFIT_NEEDED,No Retrofit Needed,Wagon doesn't need retrofit
13392.5,2025-12-10T07:12:30+00:00,W2130,T183,ARRIVED,collection1,ARRIVED,,
13392.5,2025-12-10T07:12:30+00:00,W2119,T183,ARRIVED,collection2,ARRIVED,,
13397.0,2025-12-10T07:17:00+00:00,W11356,,RETROFIT_STARTED,WS_01,PROCESSING,,
13397.0,2025-12-10T07:17:00+00:00,W4223,,RETROFIT_STARTED,WS_01,PROCESSING,,
13412.0,2025-12-10T07:32:00+00:00,W1826,,MOVING,retrofit,MOVING,,
13412.0,2025-12-10T07:32:00+00:00,W8494,,MOVING,retrofit,MOVING,,
13417.0,2025-12-10T07:37:00+00:00,W1826,,AT_WORKSHOP,WS_02,ARRIVED,,
13417.0,2025-12-10T07:37:00+00:00,W8494,,AT_WORKSHOP,WS_02,ARRIVED,,
13423.0,2025-12-10T07:43:00+00:00,W1826,,RETROFIT_STARTED,WS_02,PROCESSING,,
13423.0,2025-12-10T07:43:00+00:00,W8494,,RETROFIT_STARTED,WS_02,PROCESSING,,
13457.0,2025-12-10T08:17:00+00:00,W11356,,RETROFIT_COMPLETED,WS_01,COMPLETED,,
13457.0,2025-12-10T08:17:00+00:00,W4223,,RETROFIT_COMPLETED,WS_01,COMPLETED,,
13459.5,2025-12-10T08:19:30+00:00,W0698,,PARKED,parking15,PARKED,,
13459.5,2025-12-10T08:19:30+00:00,W0839,,PARKED,parking15,PARKED,,
13459.5,2025-12-10T08:19:30+00:00,W5611,,PARKED,parking15,PARKED,,
13459.5,2025-12-10T08:19:30+00:00,W8094,,PARKED,parking15,PARKED,,
13460.0,2025-12-10T08:20:00+00:00,W0874,T184,REJECTED,REJECTED,REJECTED_NO_RETROFIT_NEEDED,No Retrofit Needed,Wagon doesn't need retrofit
13460.0,2025-12-10T08:20:00+00:00,W8648,T184,ARRIVED,collection2,ARRIVED,,
13462.5,2025-12-10T08:22:30+00:00,W11356,,RAKE_COUPLING_STARTED,WS_01,COUPLING,,
13462.5,2025-12-10T08:22:30+00:00,W4223,,RAKE_COUPLING_STARTED,WS_01,COUPLING,,
13464.5,2025-12-10T08:24:30+00:00,W11356,,RAKE_COUPLING_COMPLETED,WS_01,WAITING,,
13464.5,2025-12-10T08:24:30+00:00,W4223,,RAKE_COUPLING_COMPLETED,WS_01,WAITING,,
13464.5,2025-12-10T08:24:30+00:00,W11356,,MOVING,WS_01,MOVING,,
13464.5,2025-12-10T08:24:30+00:00,W4223,,MOVING,WS_01,MOVING,,
13469.5,2025-12-10T08:29:30+00:00,W11356,,ON_RETROFITTED_TRACK,retrofitted,WAITING,,
13469.5,2025-12-10T08:29:30+00:00,W4223,,ON_RETROFITTED_TRACK,retrofitted,WAITING,,
13483.0,2025-12-10T08:43:00+00:00,W1826,,RETROFIT_COMPLETED,WS_02,COMPLETED,,
13483.0,2025-12-10T08:43:00+00:00,W8494,,RETROFIT_COMPLETED,WS_02,COMPLETED,,
13484.5,2025-12-10T08:44:30+00:00,W1427,,MOVING,retrofit,MOVING,,
13484.5,2025-12-10T08:44:30+00:00,W5872,,MOVING,retrofit,MOVING,,
13487.5,2025-12-10T08:47:30+00:00,W6207,T185,ARRIVED,collection2,ARRIVED,,
13489.5,2025-12-10T08:49:30+00:00,W1427,,AT_WORKSHOP,WS_01,ARRIVED,,
13489.5,2025-12-10T08:49:30+00:00,W5872,,AT_WORKSHOP,WS_01,ARRIVED,,
13495.5,2025-12-10T08:55:30+00:00,W1427,,RETROFIT_STARTED,WS_01,PROCESSING,,
13495.5,2025-12-10T08:55:30+00:00,W5872,,RETROFIT_STARTED,WS_01,PROCESSING,,
13505.5,2025-12-10T09:05:30+00:00,W1826,,RAKE_COUPLING_STARTED,WS_02,COUPLING,,
13505.5,2025-12-10T09:05:30+00:00,W8494,,RAKE_COUPLING_STARTED,WS_02,COUPLING,,
13507.5,2025-12-10T09:07:30+00:00,W1826,,RAKE_COUPLING_COMPLETED,WS_02,WAITING,,
13507.5,2025-12-10T09:07:30+00:00,W8494,,RAKE_COUPLING_COMPLETED,WS_02,WAITING,,
13507.5,2025-12-10T09:07:30+00:00,W1826,,MOVING,WS_02,MOVING,,
13507.5,2025-12-10T09:07:30+00:00,W8494,,MOVING,WS_02,MOVING,,
13512.5,2025-12-10T09:12:30+00:00,W1826,,ON_RETROFITTED_TRACK,retrofitted,WAITING,,
13512.5,2025-12-10T09:12:30+00:00,W8494,,ON_RETROFITTED_TRACK,retrofitted,WAITING,,
13529.5,2025-12-10T09:29:30+00:00,W0093,,MOVING,retrofit,MOVING,,
13529.5,2025-12-10T09:29:30+00:00,W3413,,MOVING,retrofit,MOVING,,
13534.5,2025-12-10T09:34:30+00:00,W0093,,AT_WORKSHOP,WS_02,ARRIVED,,
13534.5,2025-12-10T09:34:30+00:00,W3413,,AT_WORKSHOP,WS_02,ARRIVED,,
13540.5,2025-12-10T09:40:30+00:00,W0093,,RETROFIT_STARTED,WS_02,PROCESSING,,
13540.5,2025-12-10T09:40:30+00:00,W3413,,RETROFIT_STARTED,WS_02,PROCESSING,,
13555.5,2025-12-10T09:55:30+00:00,W1427,,RETROFIT_COMPLETED,WS_01,COMPLETED,,
13555.5,2025-12-10T09:55:30+00:00,W5872,,RETROFIT_COMPLETED,WS_01,COMPLETED,,
13577.5,2025-12-10T10:17:30+00:00,W2324,,RAKE_COUPLING_STARTED,collection2,COUPLING,,
13577.5,2025-12-10T10:17:30+00:00,W5992,,RAKE_COUPLING_STARTED,collection2,COUPLING,,
13577.5,2025-12-10T10:17:30+00:00,W9943,,RAKE_COUPLING_STARTED,collection2,COUPLING,,
13577.5,2025-12-10T10:17:30+00:00,W9430,,RAKE_COUPLING_STARTED,collection2,COUPLING,,
13577.5,2025-12-10T10:17:30+00:00,W7598,,RAKE_COUPLING_STARTED,collection2,COUPLING,,
13588.5,2025-12-10T10:28:30+00:00,W2324,,MOVING,collection2,MOVING,,
13588.5,2025-12-10T10:28:30+00:00,W5992,,MOVING,collection2,MOVING,,
13588.5,2025-12-10T10:28:30+00:00,W9943,,MOVING,collection2,MOVING,,
13588.5,2025-12-10T10:28:30+00:00,W9430,,MOVING,collection2,MOVING,,
13588.5,2025-12-10T10:28:30+00:00,W7598,,MOVING,collection2,MOVING,,
13600.5,2025-12-10T10:40:30+00:00,W0093,,RETROFIT_COMPLETED,WS_02,COMPLETED,,
13600.5,2025-12-10T10:40:30+00:00,W3413,,RETROFIT_COMPLETED,WS_02,COMPLETED,,
13608.5,2025-12-10T10:48:30+00:00,W0674,,MOVING,collection1,MOVING,,
13633.25,2025-12-10T11:13:15+00:00,W10278,T186,REJECTED,REJECTED,REJECTED,NO_COLLECTION_TRACK,No collection track available
13633.25,2025-12-10T11:13:15+00:00,W10319,T186,ARRIVED,collection2,ARRIVED,,
13647.25,2025-12-10T11:27:15+00:00,W10521,T187,REJECTED,REJECTED,REJECTED,NO_COLLECTION_TRACK,No collection track available
13647.25,2025-12-10T11:27:15+00:00,W12051,T187,REJECTED,REJECTED,REJECTED,NO_COLLECTION_TRACK,No collection track available
13647.25,2025-12-10T11:27:15+00:00,W2236,T187,REJECTED,REJECTED,REJECTED,NO_COLLECTION_TRACK,No collection track available
13647.25,2025-12-10T11:27:15+00:00,W9767,T187,REJECTED,REJECTED,REJECTED,NO_COLLECTION_TRACK,No collection track available
13647.25,2025-12-10T11:27:15+00:00,W5458,T187,ARRIVED,collection2,ARRIVED,,
13648.5,2025-12-10T11:28:30+00:00,W2324,,ON_RETROFIT_TRACK,retrofit,WAITING,,
13648.5,2025-12-10T11:28:30+00:00,W5992,,ON_RETROFIT_TRACK,retrofit,WAITING,,
13648.5,2025-12-10T11:28:30+00:00,W9943,,ON_RETROFIT_TRACK,retrofit,WAITING,,
13648.5,2025-12-10T11:28:30+00:00,W9430,,ON_RETROFIT_TRACK,retrofit,WAITING,,
13648.5,2025-12-10T11:28:30+00:00,W7598,,ON_RETROFIT_TRACK,retrofit,WAITING,,
13668.5,2025-12-10T11:48:30+00:00,W0674,,ON_RETROFIT_TRACK,retrofit,WAITING,,
13681.5,2025-12-10T12:01:30+00:00,W1427,,RAKE_COUPLING_STARTED,WS_01,COUPLING,,
13681.5,2025-12-10T12:01:30+00:00,W5872,,RAKE_COUPLING_STARTED,WS_01,COUPLING,,
13683.5,2025-12-10T12:03:30+00:00,W1427,,RAKE_COUPLING_COMPLETED,WS_01,WAITING,,
13683.5,2025-12-10T12:03:30+00:00,W5872,,RAKE_COUPLING_COMPLETED,WS_01,WAITING,,
13683.5,2025-12-10T12:03:30+00:00,W1427,,MOVING,WS_01,MOVING,,
13683.5,2025-12-10T12:03:30+00:00,W5872,,MOVING,WS_01,MOVING,,
13685.5,2025-12-10T12:05:30+00:00,W0093,,RAKE_COUPLING_STARTED,WS_02,COUPLING,,
13685.5,2025-12-10T12:05:30+00:00,W3413,,RAKE_COUPLING_STARTED,WS_02,COUPLING,,
13687.5,2025-12-10T12:07:30+00:00,W0093,,RAKE_COUPLING_COMPLETED,WS_02,WAITING,,
13687.5,2025-12-10T12:07:30+00:00,W3413,,RAKE_COUPLING_COMPLETED,WS_02,WAITING,,
13687.5,2025-12-10T12:07:30+00:00,W0093,,MOVING,WS_02,MOVING,,
13687.5,2025-12-10T12:07:30+00:00,W3413,,MOVING,WS_02,MOVING,,
13688.5,2025-12-10T12:08:30+00:00,W1427,,ON_RETROFITTED_TRACK,retrofitted,WAITING,,
13688.5,2025-12-10T12:08:30+00:00,W5872,,ON_RETROFITTED_TRACK,retrofitted,WAITING,,
13692.5,2025-12-10T12:12:30+00:00,W0093,,ON_RETROFITTED_TRACK,retrofitted,WAITING,,
13692.5,2025-12-10T12:12:30+00:00,W3413,,ON_RETROFITTED_TRACK,retrofitted,WAITING,,
13707.5,2025-12-10T12:27:30+00:00,W8479,,MOVING,retrofit,MOVING,,
13707.5,2025-12-10T12:27:30+00:00,W8637,,MOVING,retrofit,MOVING,,
13710.0,2025-12-10T12:30:00+00:00,W0555,,PARKED,parking5,PARKED,,
13710.0,2025-12-10T12:30:00+00:00,W12383,,PARKED,parking5,PARKED,,
13710.0,2025-12-10T12:30:00+00:00,W4380,,PARKED,parking5,PARKED,,
13710.0,2025-12-10T12:30:00+00:00,W9843,,PARKED,parking5,PARKED,,
13712.5,2025-12-10T12:32:30+00:00,W8479,,AT_WORKSHOP,WS_01,ARRIVED,,
13712.5,2025-12-10T12:32:30+00:00,W8637,,AT_WORKSHOP,WS_01,ARRIVED,,
13718.5,2025-12-10T12:38:30+00:00,W8479,,RETROFIT_STARTED,WS_01,PROCESSING,,
13718.5,2025-12-10T12:38:30+00:00,W8637,,RETROFIT_STARTED,WS_01,PROCESSING,,
13725.0,2025-12-10T12:45:00+00:00,W0023,,MOVING,retrofit,MOVING,,
13725.0,2025-12-10T12:45:00+00:00,W10397,,MOVING,retrofit,MOVING,,
13730.0,2025-12-10T12:50:00+00:00,W0023,,AT_WORKSHOP,WS_02,ARRIVED,,
13730.0,2025-12-10T12:50:00+00:00,W10397,,AT_WORKSHOP,WS_02,ARRIVED,,
13736.0,2025-12-10T12:56:00+00:00,W0023,,RETROFIT_STARTED,WS_02,PROCESSING,,
13736.0,2025-12-10T12:56:00+00:00,W10397,,RETROFIT_STARTED,WS_02,PROCESSING,,
13778.5,2025-12-10T13:38:30+00:00,W8479,,RETROFIT_COMPLETED,WS_01,COMPLETED,,
13778.5,2025-12-10T13:38:30+00:00,W8637,,RETROFIT_COMPLETED,WS_01,COMPLETED,,
13783.5,2025-12-10T13:43:30+00:00,W5420,,RAKE_COUPLING_STARTED,collection1,COUPLING,,
13783.5,2025-12-10T13:43:30+00:00,W6936,,RAKE_COUPLING_STARTED,collection1,COUPLING,,
13783.5,2025-12-10T13:43:30+00:00,W4370,,RAKE_COUPLING_STARTED,collection1,COUPLING,,
13783.5,2025-12-10T13:43:30+00:00,W9406,,RAKE_COUPLING_STARTED,collection1,COUPLING,,
13783.5,2025-12-10T13:43:30+00:00,W5153,,RAKE_COUPLING_STARTED,collection1,COUPLING,,
13783.5,2025-12-10T13:43:30+00:00,W2916,,RAKE_COUPLING_STARTED,collection1,COUPLING,,
13796.0,2025-12-10T13:56:00+00:00,W0023,,RETROFIT_COMPLETED,WS_02,COMPLETED,,
13796.0,2025-12-10T13:56:00+00:00,W10397,,RETROFIT_COMPLETED,WS_02,COMPLETED,,
13796.5,2025-12-10T13:56:30+00:00,W5420,,MOVING,collection1,MOVING,,
13796.5,2025-12-10T13:56:30+00:00,W6936,,MOVING,collection1,MOVING,,
13796.5,2025-12-10T13:56:30+00:00,W4370,,MOVING,collection1,MOVING,,
13796.5,2025-12-10T13:56:30+00:00,W9406,,MOVING,collection1,MOVING,,
13796.5,2025-12-10T13:56:30+00:00,W5153,,MOVING,collection1,MOVING,,
13796.5,2025-12-10T13:56:30+00:00,W2916,,MOVING,collection1,MOVING,,
13804.0,2025-12-10T14:04:00+00:00,W8339,,MOVING,collection2,MOVING,,
13856.5,2025-12-10T14:56:30+00:00,W5420,,ON_RETROFIT_TRACK,retrofit,WAITING,,
13856.5,2025-12-10T14:56:30+00:00,W6936,,ON_RETROFIT_TRACK,retrofit,WAITING,,
13856.5,2025-12-10T14:56:30+00:00,W4370,,ON_RETROFIT_TRACK,retrofit,WAITING,,
13856.5,2025-12-10T14:56:30+00:00,W9406,,ON_RETROFIT_TRACK,retrofit,WAITING,,
13856.5,2025-12-10T14:56:30+00:00,W5153,,ON_RETROFIT_TRACK,retrofit,WAITING,,
13856.5,2025-12-10T14:56:30+00:00,W2916,,ON_RETROFIT_TRACK,retrofit,WAITING,,
13864.0,2025-12-10T15:04:00+00:00,W8339,,ON_RETROFIT_TRACK,retrofit,WAITING,,
13877.0,2025-12-10T15:17:00+00:00,W8479,,RAKE_COUPLING_STARTED,WS_01,COUPLING,,
13877.0,2025-12-10T15:17:00+00:00,W8637,,RAKE_COUPLING_STARTED,WS_01,COUPLING,,
13879.0,2025-12-10T15:19:00+00:00,W8479,,RAKE_COUPLING_COMPLETED,WS_01,WAITING,,
13879.0,2025-12-10T15:19:00+00:00,W8637,,RAKE_COUPLING_COMPLETED,WS_01,WAITING,,
13879.0,2025-12-10T15:19:00+00:00,W8479,,MOVING,WS_01,MOVING,,
13879.0,2025-12-10T15:19:00+00:00,W8637,,MOVING,WS_01,MOVING,,
13884.0,2025-12-10T15:24:00+00:00,W8479,,ON_RETROFITTED_TRACK,retrofitted,WAITING,,
13884.0,2025-12-10T15:24:00+00:00,W8637,,ON_RETROFITTED_TRACK,retrofitted,WAITING,,
13894.0,2025-12-10T15:34:00+00:00,W0023,,RAKE_COUPLING_STARTED,WS_02,COUPLING,,
13894.0,2025-12-10T15:34:00+00:00,W10397,,RAKE_COUPLING_STARTED,WS_02,COUPLING,,
13896.0,2025-12-10T15:36:00+00:00,W0023,,RAKE_COUPLING_COMPLETED,WS_02,WAITING,,
13896.0,2025-12-10T15:36:00+00:00,W10397,,RAKE_COUPLING_COMPLETED,WS_02,WAITING,,
13896.0,2025-12-10T15:36:00+00:00,W0023,,MOVING,WS_02,MOVING,,
13896.0,2025-12-10T15:36:00+00:00,W10397,,MOVING,WS_02,MOVING,,
13901.0,2025-12-10T15:41:00+00:00,W0023,,ON_RETROFITTED_TRACK,retrofitted,WAITING,,
13901.0,2025-12-10T15:41:00+00:00,W10397,,ON_RETROFITTED_TRACK,retrofitted,WAITING,,
13904.5,2025-12-10T15:44:30+00:00,W2324,,MOVING,retrofit,MOVING,,
13904.5,2025-12-10T15:44:30+00:00,W5992,,MOVING,retrofit,MOVING,,
13909.5,2025-12-10T15:49:30+00:00,W2324,,AT_WORKSHOP,WS_01,ARRIVED,,
13909.5,2025-12-10T15:49:30+00:00,W5992,,AT_WORKSHOP,WS_01,ARRIVED,,
13915.5,2025-12-10T15:55:30+00:00,W2324,,RETROFIT_STARTED,WS_01,PROCESSING,,
13915.5,2025-12-10T15:55:30+00:00,W5992,,RETROFIT_STARTED,WS_01,PROCESSING,,
13930.5,2025-12-10T16:10:30+00:00,W9943,,MOVING,retrofit,MOVING,,
13930.5,2025-12-10T16:10:30+00:00,W9430,,MOVING,retrofit,MOVING,,
13935.5,2025-12-10T16:15:30+00:00,W9943,,AT_WORKSHOP,WS_02,ARRIVED,,
13935.5,2025-12-10T16:15:30+00:00,W9430,,AT_WORKSHOP,WS_02,ARRIVED,,
13941.5,2025-12-10T16:21:30+00:00,W9943,,RETROFIT_STARTED,WS_02,PROCESSING,,
13941.5,2025-12-10T16:21:30+00:00,W9430,,RETROFIT_STARTED,WS_02,PROCESSING,,
13975.5,2025-12-10T16:55:30+00:00,W2324,,RETROFIT_COMPLETED,WS_01,COMPLETED,,
13975.5,2025-12-10T16:55:30+00:00,W5992,,RETROFIT_COMPLETED,WS_01,COMPLETED,,
13976.0,2025-12-10T16:56:00+00:00,W6848,,PARKED,parking11,PARKED,,
13976.0,2025-12-10T16:56:00+00:00,W11356,,PARKED,parking11,PARKED,,
13976.0,2025-12-10T16:56:00+00:00,W4223,,PARKED,parking11,PARKED,,
14001.5,2025-12-10T17:21:30+00:00,W9943,,RETROFIT_COMPLETED,WS_02,COMPLETED,,
14001.5,2025-12-10T17:21:30+00:00,W9430,,RETROFIT_COMPLETED,WS_02,COMPLETED,,
14006.5,2025-12-10T17:26:30+00:00,W4473,,RAKE_COUPLING_STARTED,collection2,COUPLING,,
14006.5,2025-12-10T17:26:30+00:00,W9727,,RAKE_COUPLING_STARTED,collection2,COUPLING,,
14006.5,2025-12-10T17:26:30+00:00,W9046,,RAKE_COUPLING_STARTED,collection2,COUPLING,,
14006.5,2025-12-10T17:26:30+00:00,W2217,,RAKE_COUPLING_STARTED,collection2,COUPLING,,
14006.5,2025-12-10T17:26:30+00:00,W7791,,RAKE_COUPLING_STARTED,collection2,COUPLING,,
14017.5,2025-12-10T17:37:30+00:00,W4473,,MOVING,collection2,MOVING,,
14017.5,2025-12-10T17:37:30+00:00,W9727,,MOVING,collection2,MOVING,,
14017.5,2025-12-10T17:37:30+00:00,W9046,,MOVING,collection2,MOVING,,
14017.5,2025-12-10T17:37:30+00:00,W2217,,MOVING,collection2,MOVING,,
14017.5,2025-12-10T17:37:30+00:00,W7791,,MOVING,collection2,MOVING,,
14041.0,2025-12-10T18:01:00+00:00,W2324,,RAKE_COUPLING_STARTED,WS_01,COUPLING,,
14041.0,2025-12-10T18:01:00+00:00,W5992,,RAKE_COUPLING_STARTED,WS_01,COUPLING,,
14043.0,2025-12-10T18:03:00+00:00,W2324,,RAKE_COUPLING_COMPLETED,WS_01,WAITING,,
14043.0,2025-12-10T18:03:00+00:00,W5992,,RAKE_COUPLING_COMPLETED,WS_01,WAITING,,
14043.0,2025-12-10T18:03:00+00:00,W2324,,MOVING,WS_01,MOVING,,
14043.0,2025-12-10T18:03:00+00:00,W5992,,MOVING,WS_01,MOVING,,
14048.0,2025-12-10T18:08:00+00:00,W2324,,ON_RETROFITTED_TRACK,retrofitted,WAITING,,
14048.0,2025-12-10T18:08:00+00:00,W5992,,ON_RETROFITTED_TRACK,retrofitted,WAITING,,
14058.0,2025-12-10T18:18:00+00:00,W9943,,RAKE_COUPLING_STARTED,WS_02,COUPLING,,
14058.0,2025-12-10T18:18:00+00:00,W9430,,RAKE_COUPLING_STARTED,WS_02,COUPLING,,
14060.0,2025-12-10T18:20:00+00:00,W9943,,RAKE_COUPLING_COMPLETED,WS_02,WAITING,,
14060.0,2025-12-10T18:20:00+00:00,W9430,,RAKE_COUPLING_COMPLETED,WS_02,WAITING,,
14060.0,2025-12-10T18:20:00+00:00,W9943,,MOVING,WS_02,MOVING,,
14060.0,2025-12-10T18:20:00+00:00,W9430,,MOVING,WS_02,MOVING,,
14065.0,2025-12-10T18:25:00+00:00,W9943,,ON_RETROFITTED_TRACK,retrofitted,WAITING,,
14065.0,2025-12-10T18:25:00+00:00,W9430,,ON_RETROFITTED_TRACK,retrofitted,WAITING,,
14077.5,2025-12-10T18:37:30+00:00,W4473,,ON_RETROFIT_TRACK,retrofit,WAITING,,
14077.5,2025-12-10T18:37:30+00:00,W9727,,ON_RETROFIT_TRACK,retrofit,WAITING,,
14077.5,2025-12-10T18:37:30+00:00,W9046,,ON_RETROFIT_TRACK,retrofit,WAITING,,
14077.5,2025-12-10T18:37:30+00:00,W2217,,ON_RETROFIT_TRACK,retrofit,WAITING,,
14077.5,2025-12-10T18:37:30+00:00,W7791,,ON_RETROFIT_TRACK,retrofit,WAITING,,
14083.5,2025-12-10T18:43:30+00:00,W1826,,PARKED,parking3,PARKED,,
14083.5,2025-12-10T18:43:30+00:00,W8494,,PARKED,parking3,PARKED,,
14097.75,2025-12-10T18:57:45+00:00,W11348,T188,REJECTED,REJECTED,REJECTED_NO_RETROFIT_NEEDED,No Retrofit Needed,Wagon doesn't need retrofit
14097.75,2025-12-10T18:57:45+00:00,W11970,T188,REJECTED,REJECTED,REJECTED_NO_RETROFIT_NEEDED,No Retrofit Needed,Wagon doesn't need retrofit
14097.75,2025-12-10T18:57:45+00:00,W9710,T188,ARRIVED,collection1,ARRIVED,,
14097.75,2025-12-10T18:57:45+00:00,W11593,T188,ARRIVED,collection1,ARRIVED,,
14097.75,2025-12-10T18:57:45+00:00,W11019,T188,ARRIVED,collection1,ARRIVED,,
14097.75,2025-12-10T18:57:45+00:00,W3315,T188,ARRIVED,collection1,ARRIVED,,
14097.75,2025-12-10T18:57:45+00:00,W9194,T188,ARRIVED,collection1,ARRIVED,,
14097.75,2025-12-10T18:57:45+00:00,W6843,T188,ARRIVED,collection1,ARRIVED,,
14098.5,2025-12-10T18:58:30+00:00,W7598,,MOVING,retrofit,MOVING,,
14098.5,2025-12-10T18:58:30+00:00,W0674,,MOVING,retrofit,MOVING,,
14103.5,2025-12-10T19:03:30+00:00,W7598,,AT_WORKSHOP,WS_01,ARRIVED,,
14103.5,2025-12-10T19:03:30+00:00,W0674,,AT_WORKSHOP,WS_01,ARRIVED,,
14109.5,2025-12-10T19:09:30+00:00,W7598,,RETROFIT_STARTED,WS_01,PROCESSING,,
14109.5,2025-12-10T19:09:30+00:00,W0674,,RETROFIT_STARTED,WS_01,PROCESSING,,
14124.5,2025-12-10T19:24:30+00:00,W5420,,MOVING,retrofit,MOVING,,
14124.5,2025-12-10T19:24:30+00:00,W6936,,MOVING,retrofit,MOVING,,
14129.5,2025-12-10T19:29:30+00:00,W5420,,AT_WORKSHOP,WS_02,ARRIVED,,
14129.5,2025-12-10T19:29:30+00:00,W6936,,AT_WORKSHOP,WS_02,ARRIVED,,
14135.5,2025-12-10T19:35:30+00:00,W5420,,RETROFIT_STARTED,WS_02,PROCESSING,,
14135.5,2025-12-10T19:35:30+00:00,W6936,,RETROFIT_STARTED,WS_02,PROCESSING,,
14169.5,2025-12-10T20:09:30+00:00,W7598,,RETROFIT_COMPLETED,WS_01,COMPLETED,,
14169.5,2025-12-10T20:09:30+00:00,W0674,,RETROFIT_COMPLETED,WS_01,COMPLETED,,
14175.0,2025-12-10T20:15:00+00:00,W7598,,RAKE_COUPLING_STARTED,WS_01,COUPLING,,
14175.0,2025-12-10T20:15:00+00:00,W0674,,RAKE_COUPLING_STARTED,WS_01,COUPLING,,
14177.0,2025-12-10T20:17:00+00:00,W7598,,RAKE_COUPLING_COMPLETED,WS_01,WAITING,,
14177.0,2025-12-10T20:17:00+00:00,W0674,,RAKE_COUPLING_COMPLETED,WS_01,WAITING,,
14177.0,2025-12-10T20:17:00+00:00,W7598,,MOVING,WS_01,MOVING,,
14177.0,2025-12-10T20:17:00+00:00,W0674,,MOVING,WS_01,MOVING,,
14182.0,2025-12-10T20:22:00+00:00,W7598,,ON_RETROFITTED_TRACK,retrofitted,WAITING,,
14182.0,2025-12-10T20:22:00+00:00,W0674,,ON_RETROFITTED_TRACK,retrofitted,WAITING,,
14193.0,2025-12-10T20:33:00+00:00,W1427,,PARKED,parking14,PARKED,,
14193.0,2025-12-10T20:33:00+00:00,W5872,,PARKED,parking14,PARKED,,
14195.5,2025-12-10T20:35:30+00:00,W5420,,RETROFIT_COMPLETED,WS_02,COMPLETED,,
14195.5,2025-12-10T20:35:30+00:00,W6936,,RETROFIT_COMPLETED,WS_02,COMPLETED,,
14197.0,2025-12-10T20:37:00+00:00,W4370,,MOVING,retrofit,MOVING,,
14197.0,2025-12-10T20:37:00+00:00,W9406,,MOVING,retrofit,MOVING,,
14202.0,2025-12-10T20:42:00+00:00,W4370,,AT_WORKSHOP,WS_01,ARRIVED,,
14202.0,2025-12-10T20:42:00+00:00,W9406,,AT_WORKSHOP,WS_01,ARRIVED,,
14205.25,2025-12-10T20:45:15+00:00,W10955,T189,ARRIVED,collection1,ARRIVED,,
14205.25,2025-12-10T20:45:15+00:00,W2204,T189,ARRIVED,collection1,ARRIVED,,
14205.25,2025-12-10T20:45:15+00:00,W2742,T189,ARRIVED,collection2,ARRIVED,,
14205.25,2025-12-10T20:45:15+00:00,W10614,T189,ARRIVED,collection2,ARRIVED,,
14205.25,2025-12-10T20:45:15+00:00,W7889,T189,ARRIVED,collection2,ARRIVED,,
14208.0,2025-12-10T20:48:00+00:00,W4370,,RETROFIT_STARTED,WS_01,PROCESSING,,
14208.0,2025-12-10T20:48:00+00:00,W9406,,RETROFIT_STARTED,WS_01,PROCESSING,,
14218.0,2025-12-10T20:58:00+00:00,W5420,,RAKE_COUPLING_STARTED,WS_02,COUPLING,,
14218.0,2025-12-10T20:58:00+00:00,W6936,,RAKE_COUPLING_STARTED,WS_02,COUPLING,,
14220.0,2025-12-10T21:00:00+00:00,W5420,,RAKE_COUPLING_COMPLETED,WS_02,WAITING,,
14220.0,2025-12-10T21:00:00+00:00,W6936,,RAKE_COUPLING_COMPLETED,WS_02,WAITING,,
14220.0,2025-12-10T21:00:00+00:00,W5420,,MOVING,WS_02,MOVING,,
14220.0,2025-12-10T21:00:00+00:00,W6936,,MOVING,WS_02,MOVING,,
14258.0,2025-12-10T21:38:00+00:00,W5420,,ON_RETROFITTED_TRACK,retrofitted,WAITING,,
14258.0,2025-12-10T21:38:00+00:00,W6936,,ON_RETROFITTED_TRACK,retrofitted,WAITING,,
14268.0,2025-12-10T21:48:00+00:00,W4370,,RETROFIT_COMPLETED,WS_01,COMPLETED,,
14268.0,2025-12-10T21:48:00+00:00,W9406,,RETROFIT_COMPLETED,WS_01,COMPLETED,,
14273.0,2025-12-10T21:53:00+00:00,W5153,,MOVING,retrofit,MOVING,,
14273.0,2025-12-10T21:53:00+00:00,W2916,,MOVING,retrofit,MOVING,,
14278.0,2025-12-10T21:58:00+00:00,W5153,,AT_WORKSHOP,WS_02,ARRIVED,,
14278.0,2025-12-10T21:58:00+00:00,W2916,,AT_WORKSHOP,WS_02,ARRIVED,,
14284.0,2025-12-10T22:04:00+00:00,W5153,,RETROFIT_STARTED,WS_02,PROCESSING,,
14284.0,2025-12-10T22:04:00+00:00,W2916,,RETROFIT_STARTED,WS_02,PROCESSING,,
14294.0,2025-12-10T22:14:00+00:00,W4370,,RAKE_COUPLING_STARTED,WS_01,COUPLING,,
14294.0,2025-12-10T22:14:00+00:00,W9406,,RAKE_COUPLING_STARTED,WS_01,COUPLING,,
14296.0,2025-12-10T22:16:00+00:00,W4370,,RAKE_COUPLING_COMPLETED,WS_01,WAITING,,
14296.0,2025-12-10T22:16:00+00:00,W9406,,RAKE_COUPLING_COMPLETED,WS_01,WAITING,,
14296.0,2025-12-10T22:16:00+00:00,W4370,,MOVING,WS_01,MOVING,,
14296.0,2025-12-10T22:16:00+00:00,W9406,,MOVING,WS_01,MOVING,,
14321.5,2025-12-10T22:41:30+00:00,W0093,,PARKED,parking12,PARKED,,
14321.5,2025-12-10T22:41:30+00:00,W3413,,PARKED,parking12,PARKED,,
14344.0,2025-12-10T23:04:00+00:00,W5153,,RETROFIT_COMPLETED,WS_02,COMPLETED,,
14344.0,2025-12-10T23:04:00+00:00,W2916,,RETROFIT_COMPLETED,WS_02,COMPLETED,,
14372.75,2025-12-10T23:32:45+00:00,W5872,T190,REJECTED,REJECTED,REJECTED_NO_RETROFIT_NEEDED,No Retrofit Needed,Wagon doesn't need retrofit
14372.75,2025-12-10T23:32:45+00:00,W4802,T190,REJECTED,REJECTED,REJECTED_NO_RETROFIT_NEEDED,No Retrofit Needed,Wagon doesn't need retrofit
14372.75,2025-12-10T23:32:45+00:00,W6323,T190,REJECTED,REJECTED,REJECTED_NO_RETROFIT_NEEDED,No Retrofit Needed,Wagon doesn't need retrofit
14386.5,2025-12-10T23:46:30+00:00,W5153,,RAKE_COUPLING_STARTED,WS_02,COUPLING,,
14386.5,2025-12-10T23:46:30+00:00,W2916,,RAKE_COUPLING_STARTED,WS_02,COUPLING,,
14388.5,2025-12-10T23:48:30+00:00,W5153,,RAKE_COUPLING_COMPLETED,WS_02,WAITING,,
14388.5,2025-12-10T23:48:30+00:00,W2916,,RAKE_COUPLING_COMPLETED,WS_02,WAITING,,
14388.5,2025-12-10T23:48:30+00:00,W5153,,MOVING,WS_02,MOVING,,
14388.5,2025-12-10T23:48:30+00:00,W2916,,MOVING,WS_02,MOVING,,
