20:55:07 | INFO     | SIMPY: Creating enhanced SimPy engine adapter
20:55:07 | INFO     |  Initializing contexts for scenario priority_dispatch_scenario
20:55:07 | INFO     | EVENT_SUBSCRIBED: TrainArrivedEvent -> RetrofitWorkshopContext._handle_train_arrived (total: 1)
20:55:07 | INFO     |  Registering context: railway
20:55:07 | INFO     |  Registering context: external_trains
20:55:07 | INFO     |  Initializing 2 contexts
20:55:07 | INFO     |  Initializing context: railway
20:55:07 | INFO     | EVENT_SUBSCRIBED: WagonMovedEvent -> TrackOccupancyEventHandler.handle_wagon_moved (total: 1)
20:55:07 | INFO     | EVENT_PUBLISHED: ContextInitializedEvent | no_data
20:55:07 | WARNING  | EVENT_NO_SUBSCRIBERS: ContextInitializedEvent
20:55:07 | INFO     |  Initializing context: external_trains
20:55:07 | INFO     | EVENT_PUBLISHED: ContextInitializedEvent | no_data
20:55:07 | WARNING  | EVENT_NO_SUBSCRIBERS: ContextInitializedEvent
20:55:07 | INFO     | EVENT_PUBLISHED: SimulationStartedEvent | no_data
20:55:07 | WARNING  | EVENT_NO_SUBSCRIBERS: SimulationStartedEvent
20:55:07 | INFO     |  Starting simulation for scenario priority_dispatch_scenario (until=14400.0)
20:55:07 | INFO     |  Starting processes for all contexts
20:55:07 | INFO     | EVENT_PUBLISHED: ContextStartedEvent | no_data
20:55:07 | WARNING  | EVENT_NO_SUBSCRIBERS: ContextStartedEvent
20:55:07 | INFO     | EVENT_SUBSCRIBED: WagonRetrofitCompletedEvent -> ExternalTrainsContext._handle_wagon_completed (total: 1)
20:55:07 | INFO     | EVENT_PUBLISHED: ContextStartedEvent | no_data
20:55:07 | WARNING  | EVENT_NO_SUBSCRIBERS: ContextStartedEvent
20:55:07 | INFO     |  Starting retrofit workflow processes
20:55:07 | INFO     | Started workshop assignment process for retrofit
20:55:07 | INFO     | t=0.0: PARKING → Starting coordinator with strategy=opportunistic
20:55:07 | INFO     | t=0.0: PARKING → Starting single process monitoring 1 retrofitted tracks
20:55:07 | INFO     | SIMPY: Starting simulation run (until=14400.0)
20:55:07 | INFO     |  Starting simulation at t=0.0
20:55:07 | INFO     | EVENT_PUBLISHED: TrainArrivedEvent | train=T1 | time=360.0
20:55:07 | INFO     | EVENT_HANDLING: TrainArrivedEvent -> RetrofitWorkshopContext._handle_train_arrived
20:55:07 | INFO     | EVENT_HANDLED: TrainArrivedEvent by RetrofitWorkshopContext._handle_train_arrived
20:55:07 | INFO     | t=360.0: COLLECTION → Reserving retrofit track capacity for 2 wagons
20:55:07 | INFO     | t=360.0: COLLECTION → Capacity reserved, allocating locomotive
20:55:07 | INFO     | t=360.0: DISPATCHER → Task submitted: collection_to_retrofit (pending=1)
20:55:07 | INFO     | t=360.0: DISPATCHER → Assigned loco LOCO_01 to collection_to_retrofit (waited 0.0 min, pending=0)
20:55:07 | INFO     | t=420.0: LOCO[LOCO_01] → TRAIN_PREP at collection (coupling + prep, 5.0 min)
20:55:07 | INFO     | EVENT_PUBLISHED: TrainArrivedEvent | train=T2 | time=442.2
20:55:07 | INFO     | EVENT_HANDLING: TrainArrivedEvent -> RetrofitWorkshopContext._handle_train_arrived
20:55:07 | INFO     | EVENT_HANDLED: TrainArrivedEvent by RetrofitWorkshopContext._handle_train_arrived
20:55:07 | INFO     | t=485.0: LOCO[LOCO_01] → DECOUPLING at retrofit (6.0 min)
20:55:07 | INFO     | t=485.0: WAGON[W11188] → Retrieved from retrofit queue
20:55:07 | INFO     | t=485.0: WORKSHOP[WS_01] → Selected for batch
20:55:07 | INFO     | t=485.0: WAGON[W10437] → Added to batch
20:55:07 | INFO     | t=485.0: BATCH[W11188,W10437] → Formed 2 wagons for WS_01
20:55:07 | INFO     | t=485.0: TRACK[retrofit] → Removed 2 wagons (53.9m freed)
20:55:07 | INFO     | t=485.0: DISPATCHER → Task submitted: retrofit_to_workshop (pending=1)
20:55:07 | INFO     | t=485.0: DISPATCHER → Assigned loco LOCO_02 to retrofit_to_workshop (waited 0.0 min, pending=0)
20:55:07 | INFO     | t=485.0: RAKE[W11188,W10437] → COUPLING at retrofit (1 couplings, 2.0 min)
20:55:07 | INFO     | t=491.0: RAKE[W11188,W10437] → DECOUPLING at retrofit (1 couplings, 3.0 min)
20:55:07 | INFO     | t=492.0: LOCO[LOCO_02] → COUPLING at retrofit (2.0 min)
20:55:07 | INFO     | t=494.0: LOCO[LOCO_02] → SHUNTING_PREP at retrofit (1.0 min)
20:55:07 | INFO     | t=499.0: COLLECTION → Reserving retrofit track capacity for 2 wagons
20:55:07 | INFO     | t=499.0: COLLECTION → Capacity reserved, allocating locomotive
20:55:07 | INFO     | t=499.0: DISPATCHER → Task submitted: collection_to_retrofit (pending=1)
20:55:07 | INFO     | t=499.0: DISPATCHER → Assigned loco LOCO_01 to collection_to_retrofit (waited 0.0 min, pending=0)
20:55:07 | INFO     | t=500.0: LOCO[LOCO_02] → DECOUPLING at WS_01 (3.0 min)
20:55:07 | INFO     | EVENT_PUBLISHED: TrainArrivedEvent | train=T3 | time=502.5
20:55:07 | INFO     | EVENT_HANDLING: TrainArrivedEvent -> RetrofitWorkshopContext._handle_train_arrived
20:55:07 | INFO     | EVENT_HANDLED: TrainArrivedEvent by RetrofitWorkshopContext._handle_train_arrived
20:55:07 | INFO     | t=503.0: RAKE[W11188,W10437] → DECOUPLING at WS_01 (1 couplings, 3.0 min)
20:55:07 | INFO     | t=506.0: WAGON[W11188] → RETROFIT_STARTED at WS_01
20:55:07 | INFO     | t=506.0: WAGON[W10437] → RETROFIT_STARTED at WS_01
20:55:07 | INFO     | EVENT_PUBLISHED: TrainArrivedEvent | train=T4 | time=541.5
20:55:07 | INFO     | EVENT_HANDLING: TrainArrivedEvent -> RetrofitWorkshopContext._handle_train_arrived
20:55:07 | INFO     | EVENT_HANDLED: TrainArrivedEvent by RetrofitWorkshopContext._handle_train_arrived
20:55:07 | INFO     | t=559.0: LOCO[LOCO_01] → TRAIN_PREP at collection (coupling + prep, 5.0 min)
20:55:07 | INFO     | t=566.0: RAKE[W11188,W10437] → COUPLING at WS_01 (1 couplings, 0.5 min)
20:55:07 | INFO     | t=566.5: LOCO → Allocating for pickup from WS_01
20:55:07 | INFO     | t=566.5: DISPATCHER → Task submitted: workshop_to_retrofitted (pending=1)
20:55:07 | INFO     | t=566.5: DISPATCHER → Assigned loco LOCO_02 to workshop_to_retrofitted (waited 0.0 min, pending=0)
20:55:07 | INFO     | t=566.5: LOCO[LOCO_02] → Allocated for pickup
20:55:07 | INFO     | t=573.5: LOCO[LOCO_02] → TRAIN_PREP completed at WS_01 (2.0 min)
20:55:07 | INFO     | t=578.5: BATCH → Putting 2 wagons on retrofitted track retrofitted
20:55:07 | INFO     | t=578.5: WAGON[W11188] → Added to retrofitted track retrofitted
20:55:07 | INFO     | t=578.5: WAGON[W10437] → Added to retrofitted track retrofitted
20:55:07 | INFO     | t=578.5: PARKING → Got wagon W11188 from retrofitted
20:55:07 | INFO     | t=578.5: LOCO → Allocating for parking transport
20:55:07 | INFO     | t=578.5: DISPATCHER → Task submitted: retrofitted_to_parking (pending=1)
20:55:07 | INFO     | t=583.5: WORKSHOP[WS_01] → Released, notifying 0 waiting processes
20:55:07 | INFO     | t=623.5: DISPATCHER → Hold override for retrofitted_to_parking (waited 45.0 min >= max 45.0 min)
20:55:07 | INFO     | t=623.5: DISPATCHER → Hold override for retrofitted_to_parking (waited 45.0 min >= max 45.0 min)
20:55:07 | INFO     | t=623.5: DISPATCHER → Assigned loco LOCO_02 to retrofitted_to_parking (waited 45.0 min, pending=0)
20:55:07 | INFO     | t=623.5: LOCO[LOCO_02] → Allocated for parking transport
20:55:07 | INFO     | t=624.0: LOCO[LOCO_01] → DECOUPLING at retrofit (6.0 min)
20:55:07 | INFO     | t=624.0: WAGON[W12394] → Retrieved from retrofit queue
20:55:07 | INFO     | t=624.0: WORKSHOP[WS_01] → Selected for batch
20:55:07 | INFO     | t=624.0: WAGON[W9278] → Added to batch
20:55:07 | INFO     | t=624.0: BATCH[W12394,W9278] → Formed 2 wagons for WS_01
20:55:07 | INFO     | t=624.0: TRACK[retrofit] → Removed 2 wagons (38.7m freed)
20:55:07 | INFO     | t=624.0: DISPATCHER → Task submitted: retrofit_to_workshop (pending=1)
20:55:07 | INFO     | t=628.5: LOCO[LOCO_02] → TRAIN_PREP at retrofitted (coupling + prep, 2.0 min)
20:55:07 | INFO     | t=630.0: RAKE[W12394,W9278] → DECOUPLING at retrofit (1 couplings, 3.0 min)
20:55:07 | INFO     | t=638.0: DISPATCHER → Assigned loco LOCO_01 to retrofit_to_workshop (waited 14.0 min, pending=0)
20:55:07 | INFO     | t=638.0: RAKE[W12394,W9278] → COUPLING at retrofit (1 couplings, 2.0 min)
20:55:07 | INFO     | t=638.0: COLLECTION → Reserving retrofit track capacity for 4 wagons
20:55:07 | INFO     | t=638.0: COLLECTION → Capacity reserved, allocating locomotive
20:55:07 | INFO     | t=638.0: DISPATCHER → Task submitted: collection_to_retrofit (pending=1)
20:55:07 | INFO     | t=645.0: LOCO[LOCO_01] → COUPLING at retrofit (2.0 min)
20:55:07 | INFO     | t=647.0: LOCO[LOCO_01] → SHUNTING_PREP at retrofit (1.0 min)
20:55:07 | INFO     | t=653.0: LOCO[LOCO_01] → DECOUPLING at WS_01 (3.0 min)
20:55:07 | INFO     | t=656.0: RAKE[W12394,W9278] → DECOUPLING at WS_01 (1 couplings, 3.0 min)
20:55:07 | INFO     | t=659.0: WAGON[W12394] → RETROFIT_STARTED at WS_01
20:55:07 | INFO     | t=659.0: WAGON[W9278] → RETROFIT_STARTED at WS_01
20:55:07 | INFO     | t=664.0: DISPATCHER → Assigned loco LOCO_01 to collection_to_retrofit (waited 26.0 min, pending=0)
20:55:07 | INFO     | EVENT_PUBLISHED: TrainArrivedEvent | train=T5 | time=672.8
20:55:07 | INFO     | EVENT_HANDLING: TrainArrivedEvent -> RetrofitWorkshopContext._handle_train_arrived
20:55:07 | INFO     | EVENT_HANDLED: TrainArrivedEvent by RetrofitWorkshopContext._handle_train_arrived
20:55:07 | INFO     | EVENT_PUBLISHED: TrainArrivedEvent | train=T6 | time=715.0
20:55:07 | INFO     | EVENT_HANDLING: TrainArrivedEvent -> RetrofitWorkshopContext._handle_train_arrived
20:55:07 | INFO     | EVENT_HANDLED: TrainArrivedEvent by RetrofitWorkshopContext._handle_train_arrived
20:55:07 | INFO     | t=719.0: RAKE[W12394,W9278] → COUPLING at WS_01 (1 couplings, 0.5 min)
20:55:07 | INFO     | t=719.5: LOCO → Allocating for pickup from WS_01
20:55:07 | INFO     | t=719.5: DISPATCHER → Task submitted: workshop_to_retrofitted (pending=1)
20:55:07 | INFO     | t=724.0: LOCO[LOCO_01] → TRAIN_PREP at collection (coupling + prep, 9.0 min)
20:55:07 | INFO     | EVENT_PUBLISHED: TrainArrivedEvent | train=T7 | time=724.5
20:55:07 | INFO     | EVENT_HANDLING: TrainArrivedEvent -> RetrofitWorkshopContext._handle_train_arrived
20:55:07 | INFO     | EVENT_HANDLED: TrainArrivedEvent by RetrofitWorkshopContext._handle_train_arrived
20:55:07 | INFO     | EVENT_PUBLISHED: TrainArrivedEvent | train=T8 | time=725.0
20:55:07 | INFO     | EVENT_HANDLING: TrainArrivedEvent -> RetrofitWorkshopContext._handle_train_arrived
20:55:07 | INFO     | EVENT_HANDLED: TrainArrivedEvent by RetrofitWorkshopContext._handle_train_arrived
20:55:07 | INFO     | t=750.5: LOCO[LOCO_02] → DECOUPLING at parking16 (1.0 min)
20:55:07 | INFO     | t=751.5: RAKE[W11188,W10437] → DECOUPLING at parking16 (1 couplings, 0.5 min)
20:55:07 | INFO     | EVENT_PUBLISHED: TrainArrivedEvent | train=T9 | time=753.2
20:55:07 | INFO     | EVENT_HANDLING: TrainArrivedEvent -> RetrofitWorkshopContext._handle_train_arrived
20:55:07 | INFO     | EVENT_HANDLED: TrainArrivedEvent by RetrofitWorkshopContext._handle_train_arrived
20:55:07 | INFO     | EVENT_PUBLISHED: TrainArrivedEvent | train=T10 | time=785.5
20:55:07 | INFO     | EVENT_HANDLING: TrainArrivedEvent -> RetrofitWorkshopContext._handle_train_arrived
20:55:07 | INFO     | EVENT_HANDLED: TrainArrivedEvent by RetrofitWorkshopContext._handle_train_arrived
20:55:07 | INFO     | t=793.0: LOCO[LOCO_01] → DECOUPLING at retrofit (12.0 min)
20:55:07 | INFO     | t=793.0: WAGON[W3926] → Retrieved from retrofit queue
20:55:07 | INFO     | t=793.0: WORKSHOP[WS_02] → Selected for batch
20:55:07 | INFO     | t=793.0: WAGON[W5834] → Added to batch
20:55:07 | INFO     | t=793.0: BATCH[W3926,W5834] → Formed 2 wagons for WS_02
20:55:07 | INFO     | t=793.0: TRACK[retrofit] → Removed 2 wagons (33.9m freed)
20:55:07 | INFO     | t=793.0: DISPATCHER → Task submitted: retrofit_to_workshop (pending=2)
20:55:07 | INFO     | t=805.0: RAKE[W3926,W5834,W9460,W9445] → DECOUPLING at retrofit (3 couplings, 9.0 min)
20:55:07 | INFO     | t=812.0: LOCO[LOCO_02] → Releasing
20:55:07 | INFO     | t=812.0: LOCO[LOCO_02] → Released
20:55:07 | INFO     | t=812.0: DISPATCHER → Assigned loco LOCO_02 to workshop_to_retrofitted (waited 92.5 min, pending=1)
20:55:07 | INFO     | t=812.0: LOCO[LOCO_02] → Allocated for pickup
20:55:07 | INFO     | t=819.0: LOCO[LOCO_02] → TRAIN_PREP completed at WS_01 (2.0 min)
20:55:07 | INFO     | t=819.0: DISPATCHER → Assigned loco LOCO_01 to retrofit_to_workshop (waited 26.0 min, pending=0)
20:55:07 | INFO     | t=819.0: RAKE[W3926,W5834] → COUPLING at retrofit (1 couplings, 2.0 min)
20:55:07 | INFO     | t=819.0: WAGON[W9460] → Retrieved from retrofit queue
20:55:07 | INFO     | t=819.0: WORKSHOP → No workshop available, waiting...
20:55:07 | INFO     | t=819.0: Batch size limited by retrofit capacity: 15 wagons (269.7m) fits, 1 waiting
20:55:07 | INFO     | t=819.0: COLLECTION → Reserving retrofit track capacity for 15 wagons
20:55:07 | INFO     | t=819.0: COLLECTION → Capacity reserved, allocating locomotive
20:55:07 | INFO     | t=819.0: DISPATCHER → Task submitted: collection_to_retrofit (pending=1)
20:55:07 | INFO     | t=824.0: BATCH → Putting 2 wagons on retrofitted track retrofitted
20:55:07 | INFO     | t=824.0: WAGON[W12394] → Added to retrofitted track retrofitted
20:55:07 | INFO     | t=824.0: WAGON[W9278] → Added to retrofitted track retrofitted
20:55:07 | INFO     | t=824.0: PARKING → Got wagon W12394 from retrofitted
20:55:07 | INFO     | t=824.0: LOCO → Allocating for parking transport
20:55:07 | INFO     | t=824.0: DISPATCHER → Task submitted: retrofitted_to_parking (pending=2)
20:55:07 | INFO     | t=826.0: LOCO[LOCO_01] → COUPLING at retrofit (2.0 min)
20:55:07 | INFO     | t=828.0: LOCO[LOCO_01] → SHUNTING_PREP at retrofit (1.0 min)
20:55:07 | INFO     | t=829.0: WORKSHOP[WS_01] → Released, notifying 1 waiting processes
20:55:07 | INFO     | t=829.0: WORKSHOP → Workshop became available
20:55:07 | INFO     | t=829.0: WORKSHOP[WS_01] → Selected for batch
20:55:07 | INFO     | t=829.0: WAGON[W9445] → Added to batch
20:55:07 | INFO     | t=829.0: BATCH[W9460,W9445] → Formed 2 wagons for WS_01
20:55:07 | INFO     | t=829.0: TRACK[retrofit] → Removed 2 wagons (29.9m freed)
20:55:07 | INFO     | t=829.0: DISPATCHER → Task submitted: retrofit_to_workshop (pending=3)
20:55:07 | INFO     | t=829.0: DISPATCHER → Assigned loco LOCO_02 to retrofit_to_workshop (waited 0.0 min, pending=2)
20:55:07 | INFO     | t=829.0: RAKE[W9460,W9445] → COUPLING at retrofit (1 couplings, 2.0 min)
20:55:07 | INFO     | t=834.0: LOCO[LOCO_01] → DECOUPLING at WS_02 (3.0 min)
20:55:07 | INFO     | t=836.0: LOCO[LOCO_02] → COUPLING at retrofit (2.0 min)
20:55:07 | INFO     | t=837.0: RAKE[W3926,W5834] → DECOUPLING at WS_02 (1 couplings, 3.0 min)
20:55:07 | INFO     | t=838.0: LOCO[LOCO_02] → SHUNTING_PREP at retrofit (1.0 min)
20:55:07 | INFO     | t=840.0: WAGON[W3926] → RETROFIT_STARTED at WS_02
20:55:07 | INFO     | t=840.0: WAGON[W5834] → RETROFIT_STARTED at WS_02
20:55:07 | INFO     | t=844.0: LOCO[LOCO_02] → DECOUPLING at WS_01 (3.0 min)
20:55:07 | INFO     | t=845.0: DISPATCHER → Assigned loco LOCO_01 to collection_to_retrofit (waited 26.0 min, pending=1)
20:55:07 | INFO     | t=847.0: RAKE[W9460,W9445] → DECOUPLING at WS_01 (1 couplings, 3.0 min)
20:55:07 | INFO     | t=850.0: WAGON[W9460] → RETROFIT_STARTED at WS_01
20:55:07 | INFO     | t=850.0: WAGON[W9445] → RETROFIT_STARTED at WS_01
20:55:07 | INFO     | EVENT_PUBLISHED: TrainArrivedEvent | train=T11 | time=866.0
20:55:07 | INFO     | EVENT_HANDLING: TrainArrivedEvent -> RetrofitWorkshopContext._handle_train_arrived
20:55:07 | INFO     | EVENT_HANDLED: TrainArrivedEvent by RetrofitWorkshopContext._handle_train_arrived
20:55:07 | INFO     | t=870.0: DISPATCHER → Hold override for retrofitted_to_parking (waited 46.0 min >= max 45.0 min)
20:55:07 | INFO     | t=870.0: DISPATCHER → Hold override for retrofitted_to_parking (waited 46.0 min >= max 45.0 min)
20:55:07 | INFO     | t=870.0: DISPATCHER → Assigned loco LOCO_02 to retrofitted_to_parking (waited 46.0 min, pending=0)
20:55:07 | INFO     | t=870.0: LOCO[LOCO_02] → Allocated for parking transport
20:55:07 | INFO     | t=875.0: LOCO[LOCO_02] → TRAIN_PREP at retrofitted (coupling + prep, 2.0 min)
20:55:07 | INFO     | EVENT_PUBLISHED: TrainArrivedEvent | train=T12 | time=894.8
20:55:07 | INFO     | EVENT_HANDLING: TrainArrivedEvent -> RetrofitWorkshopContext._handle_train_arrived
20:55:07 | INFO     | EVENT_HANDLED: TrainArrivedEvent by RetrofitWorkshopContext._handle_train_arrived
20:55:07 | INFO     | t=900.0: RAKE[W3926,W5834] → COUPLING at WS_02 (1 couplings, 0.5 min)
20:55:07 | INFO     | t=900.5: LOCO → Allocating for pickup from WS_02
20:55:07 | INFO     | t=900.5: DISPATCHER → Task submitted: workshop_to_retrofitted (pending=1)
20:55:07 | INFO     | t=905.0: LOCO[LOCO_01] → TRAIN_PREP at collection (coupling + prep, 31.0 min)
20:55:07 | INFO     | t=910.0: RAKE[W9460,W9445] → COUPLING at WS_01 (1 couplings, 0.5 min)
20:55:07 | INFO     | t=910.5: LOCO → Allocating for pickup from WS_01
20:55:07 | INFO     | t=910.5: DISPATCHER → Task submitted: workshop_to_retrofitted (pending=2)
20:55:07 | INFO     | t=996.0: LOCO[LOCO_01] → DECOUPLING at retrofit (45.0 min)
20:55:07 | INFO     | t=996.0: WAGON[W10704] → Retrieved from retrofit queue
20:55:07 | INFO     | t=996.0: WORKSHOP → No workshop available, waiting...
20:55:07 | INFO     | t=997.0: LOCO[LOCO_02] → DECOUPLING at parking16 (1.0 min)
20:55:07 | INFO     | t=998.0: RAKE[W12394,W9278] → DECOUPLING at parking16 (1 couplings, 0.5 min)
20:55:07 | INFO     | t=1041.0: RAKE[W10704,W3675,W7132,W8934,W6253,W7747,W10546,W7222,W0689,W11268,W11509,W6557,W10356,W6006,W4440] → DECOUPLING at retrofit (14 couplings, 42.0 min)
20:55:07 | INFO     | EVENT_PUBLISHED: TrainArrivedEvent | train=T13 | time=1051.2
20:55:07 | INFO     | EVENT_HANDLING: TrainArrivedEvent -> RetrofitWorkshopContext._handle_train_arrived
20:55:07 | INFO     | EVENT_HANDLED: TrainArrivedEvent by RetrofitWorkshopContext._handle_train_arrived
20:55:07 | INFO     | t=1058.5: LOCO[LOCO_02] → Releasing
20:55:07 | INFO     | t=1058.5: LOCO[LOCO_02] → Released
20:55:07 | INFO     | t=1058.5: DISPATCHER → Assigned loco LOCO_02 to workshop_to_retrofitted (waited 158.0 min, pending=1)
20:55:07 | INFO     | t=1058.5: LOCO[LOCO_02] → Allocated for pickup
20:55:07 | INFO     | t=1065.5: LOCO[LOCO_02] → TRAIN_PREP completed at WS_02 (2.0 min)
20:55:07 | INFO     | t=1070.5: BATCH → Putting 2 wagons on retrofitted track retrofitted
20:55:07 | INFO     | t=1070.5: WAGON[W3926] → Added to retrofitted track retrofitted
20:55:07 | INFO     | t=1070.5: WAGON[W5834] → Added to retrofitted track retrofitted
20:55:07 | INFO     | t=1070.5: PARKING → Got wagon W3926 from retrofitted
20:55:07 | INFO     | t=1070.5: LOCO → Allocating for parking transport
20:55:07 | INFO     | t=1070.5: DISPATCHER → Task submitted: retrofitted_to_parking (pending=2)
20:55:07 | INFO     | t=1075.5: WORKSHOP[WS_02] → Released, notifying 1 waiting processes
20:55:07 | INFO     | t=1075.5: WORKSHOP → Workshop became available
20:55:07 | INFO     | t=1075.5: WORKSHOP[WS_02] → Selected for batch
20:55:07 | INFO     | t=1075.5: DISPATCHER → Assigned loco LOCO_02 to workshop_to_retrofitted (waited 165.0 min, pending=1)
20:55:07 | INFO     | t=1075.5: WAGON[W3675] → Added to batch
20:55:07 | INFO     | t=1075.5: BATCH[W10704,W3675] → Formed 2 wagons for WS_02
20:55:07 | INFO     | t=1075.5: LOCO[LOCO_02] → Allocated for pickup
20:55:07 | INFO     | t=1075.5: TRACK[retrofit] → Removed 2 wagons (33.9m freed)
20:55:07 | INFO     | t=1075.5: DISPATCHER → Task submitted: retrofit_to_workshop (pending=2)
20:55:07 | INFO     | t=1082.5: LOCO[LOCO_02] → TRAIN_PREP completed at WS_01 (2.0 min)
20:55:07 | INFO     | t=1087.5: BATCH → Putting 2 wagons on retrofitted track retrofitted
20:55:07 | INFO     | t=1087.5: WAGON[W9460] → Added to retrofitted track retrofitted
20:55:07 | INFO     | t=1087.5: WAGON[W9445] → Added to retrofitted track retrofitted
20:55:07 | INFO     | t=1088.0: DISPATCHER → Assigned loco LOCO_01 to retrofit_to_workshop (waited 12.5 min, pending=1)
20:55:07 | INFO     | t=1088.0: RAKE[W10704,W3675] → COUPLING at retrofit (1 couplings, 2.0 min)
20:55:07 | INFO     | t=1088.0: WAGON[W7132] → Retrieved from retrofit queue
20:55:07 | INFO     | t=1088.0: WORKSHOP → No workshop available, waiting...
20:55:07 | INFO     | t=1088.0: Batch size limited by retrofit capacity: 5 wagons (74.0m) fits, 6 waiting
20:55:07 | INFO     | t=1088.0: COLLECTION → Reserving retrofit track capacity for 5 wagons
20:55:07 | INFO     | t=1088.0: COLLECTION → Capacity reserved, allocating locomotive
20:55:07 | INFO     | t=1088.0: DISPATCHER → Task submitted: collection_to_retrofit (pending=2)
20:55:07 | INFO     | EVENT_PUBLISHED: TrainArrivedEvent | train=T14 | time=1088.8
20:55:07 | INFO     | EVENT_HANDLING: TrainArrivedEvent -> RetrofitWorkshopContext._handle_train_arrived
20:55:07 | INFO     | EVENT_HANDLED: TrainArrivedEvent by RetrofitWorkshopContext._handle_train_arrived
20:55:07 | INFO     | t=1092.5: WORKSHOP[WS_01] → Released, notifying 1 waiting processes
20:55:07 | INFO     | t=1092.5: WORKSHOP → Workshop became available
20:55:07 | INFO     | t=1092.5: WORKSHOP[WS_01] → Selected for batch
20:55:07 | INFO     | t=1092.5: WAGON[W8934] → Added to batch
20:55:07 | INFO     | t=1092.5: BATCH[W7132,W8934] → Formed 2 wagons for WS_01
20:55:07 | INFO     | t=1092.5: TRACK[retrofit] → Removed 2 wagons (34.1m freed)
20:55:07 | INFO     | t=1092.5: DISPATCHER → Task submitted: retrofit_to_workshop (pending=3)
20:55:07 | INFO     | t=1092.5: DISPATCHER → Assigned loco LOCO_02 to retrofit_to_workshop (waited 0.0 min, pending=2)
20:55:07 | INFO     | t=1092.5: RAKE[W7132,W8934] → COUPLING at retrofit (1 couplings, 2.0 min)
20:55:07 | INFO     | t=1092.5: WAGON[W6253] → Retrieved from retrofit queue
20:55:07 | INFO     | t=1092.5: WORKSHOP → No workshop available, waiting...
20:55:07 | INFO     | t=1095.0: LOCO[LOCO_01] → COUPLING at retrofit (2.0 min)
20:55:07 | INFO     | t=1097.0: LOCO[LOCO_01] → SHUNTING_PREP at retrofit (1.0 min)
20:55:07 | INFO     | t=1099.5: LOCO[LOCO_02] → COUPLING at retrofit (2.0 min)
20:55:07 | INFO     | t=1101.5: LOCO[LOCO_02] → SHUNTING_PREP at retrofit (1.0 min)
20:55:07 | INFO     | t=1103.0: LOCO[LOCO_01] → DECOUPLING at WS_02 (3.0 min)
20:55:07 | INFO     | t=1106.0: RAKE[W10704,W3675] → DECOUPLING at WS_02 (1 couplings, 3.0 min)
20:55:07 | INFO     | t=1107.5: LOCO[LOCO_02] → DECOUPLING at WS_01 (3.0 min)
20:55:07 | INFO     | t=1109.0: WAGON[W10704] → RETROFIT_STARTED at WS_02
20:55:07 | INFO     | t=1109.0: WAGON[W3675] → RETROFIT_STARTED at WS_02
20:55:07 | INFO     | t=1110.5: RAKE[W7132,W8934] → DECOUPLING at WS_01 (1 couplings, 3.0 min)
20:55:07 | INFO     | t=1113.5: WAGON[W7132] → RETROFIT_STARTED at WS_01
20:55:07 | INFO     | t=1113.5: WAGON[W8934] → RETROFIT_STARTED at WS_01
20:55:07 | INFO     | t=1117.5: DISPATCHER → Hold override for retrofitted_to_parking (waited 47.0 min >= max 45.0 min)
20:55:07 | INFO     | t=1117.5: DISPATCHER → Hold override for retrofitted_to_parking (waited 47.0 min >= max 45.0 min)
20:55:07 | INFO     | t=1117.5: DISPATCHER → Assigned loco LOCO_01 to retrofitted_to_parking (waited 47.0 min, pending=1)
20:55:07 | INFO     | t=1117.5: LOCO[LOCO_01] → Allocated for parking transport
20:55:07 | INFO     | t=1122.5: LOCO[LOCO_01] → TRAIN_PREP at retrofitted (coupling + prep, 2.0 min)
20:55:07 | INFO     | t=1169.0: RAKE[W10704,W3675] → COUPLING at WS_02 (1 couplings, 0.5 min)
20:55:07 | INFO     | t=1169.5: LOCO → Allocating for pickup from WS_02
20:55:07 | INFO     | t=1169.5: DISPATCHER → Task submitted: workshop_to_retrofitted (pending=2)
20:55:07 | INFO     | t=1169.5: DISPATCHER → Assigned loco LOCO_02 to workshop_to_retrofitted (waited 0.0 min, pending=1)
20:55:07 | INFO     | t=1169.5: LOCO[LOCO_02] → Allocated for pickup
20:55:07 | INFO     | t=1173.5: RAKE[W7132,W8934] → COUPLING at WS_01 (1 couplings, 0.5 min)
20:55:07 | INFO     | t=1174.0: LOCO → Allocating for pickup from WS_01
20:55:07 | INFO     | t=1174.0: DISPATCHER → Task submitted: workshop_to_retrofitted (pending=2)
20:55:07 | INFO     | t=1176.5: LOCO[LOCO_02] → TRAIN_PREP completed at WS_02 (2.0 min)
20:55:07 | INFO     | t=1181.5: BATCH → Putting 2 wagons on retrofitted track retrofitted
20:55:07 | INFO     | t=1181.5: WAGON[W10704] → Added to retrofitted track retrofitted
20:55:07 | INFO     | t=1181.5: WAGON[W3675] → Added to retrofitted track retrofitted
20:55:07 | INFO     | t=1186.5: WORKSHOP[WS_02] → Released, notifying 1 waiting processes
20:55:07 | INFO     | t=1186.5: WORKSHOP → Workshop became available
20:55:07 | INFO     | t=1186.5: WORKSHOP[WS_02] → Selected for batch
20:55:07 | INFO     | t=1186.5: DISPATCHER → Assigned loco LOCO_02 to workshop_to_retrofitted (waited 12.5 min, pending=1)
20:55:07 | INFO     | t=1186.5: WAGON[W7747] → Added to batch
20:55:07 | INFO     | t=1186.5: BATCH[W6253,W7747] → Formed 2 wagons for WS_02
20:55:07 | INFO     | t=1186.5: LOCO[LOCO_02] → Allocated for pickup
20:55:07 | INFO     | t=1186.5: TRACK[retrofit] → Removed 2 wagons (30.0m freed)
20:55:07 | INFO     | t=1186.5: DISPATCHER → Task submitted: retrofit_to_workshop (pending=2)
20:55:07 | INFO     | t=1193.5: LOCO[LOCO_02] → TRAIN_PREP completed at WS_01 (2.0 min)
20:55:07 | INFO     | t=1198.5: BATCH → Putting 2 wagons on retrofitted track retrofitted
20:55:07 | INFO     | t=1198.5: WAGON[W7132] → Added to retrofitted track retrofitted
20:55:07 | INFO     | t=1198.5: WAGON[W8934] → Added to retrofitted track retrofitted
20:55:07 | INFO     | t=1203.5: WORKSHOP[WS_01] → Released, notifying 0 waiting processes
20:55:07 | INFO     | t=1203.5: DISPATCHER → Assigned loco LOCO_02 to retrofit_to_workshop (waited 17.0 min, pending=1)
20:55:07 | INFO     | t=1203.5: RAKE[W6253,W7747] → COUPLING at retrofit (1 couplings, 2.0 min)
20:55:07 | INFO     | t=1203.5: WAGON[W10546] → Retrieved from retrofit queue
20:55:07 | INFO     | t=1203.5: WORKSHOP[WS_01] → Selected for batch
20:55:07 | INFO     | t=1203.5: WAGON[W7222] → Added to batch
20:55:07 | INFO     | t=1203.5: BATCH[W10546,W7222] → Formed 2 wagons for WS_01
20:55:07 | INFO     | t=1203.5: TRACK[retrofit] → Removed 2 wagons (31.2m freed)
20:55:07 | INFO     | t=1203.5: DISPATCHER → Task submitted: retrofit_to_workshop (pending=2)
20:55:07 | INFO     | t=1210.5: LOCO[LOCO_02] → COUPLING at retrofit (2.0 min)
20:55:07 | INFO     | t=1212.5: LOCO[LOCO_02] → SHUNTING_PREP at retrofit (1.0 min)
20:55:07 | INFO     | t=1218.5: LOCO[LOCO_02] → DECOUPLING at WS_02 (3.0 min)
20:55:07 | INFO     | t=1221.5: RAKE[W6253,W7747] → DECOUPLING at WS_02 (1 couplings, 3.0 min)
20:55:07 | INFO     | t=1224.5: WAGON[W6253] → RETROFIT_STARTED at WS_02
20:55:07 | INFO     | t=1224.5: WAGON[W7747] → RETROFIT_STARTED at WS_02
20:55:07 | INFO     | t=1229.5: DISPATCHER → Assigned loco LOCO_02 to retrofit_to_workshop (waited 26.0 min, pending=1)
20:55:07 | INFO     | t=1229.5: RAKE[W10546,W7222] → COUPLING at retrofit (1 couplings, 2.0 min)
20:55:07 | INFO     | t=1229.5: WAGON[W0689] → Retrieved from retrofit queue
20:55:07 | INFO     | t=1229.5: WORKSHOP → No workshop available, waiting...
20:55:07 | INFO     | t=1236.5: LOCO[LOCO_02] → COUPLING at retrofit (2.0 min)
20:55:07 | INFO     | t=1238.5: LOCO[LOCO_02] → SHUNTING_PREP at retrofit (1.0 min)
20:55:07 | INFO     | t=1244.5: LOCO[LOCO_01] → DECOUPLING at parking16 (1.0 min)
20:55:07 | INFO     | t=1244.5: LOCO[LOCO_02] → DECOUPLING at WS_01 (3.0 min)
20:55:07 | INFO     | t=1245.5: RAKE[W3926,W5834] → DECOUPLING at parking16 (1 couplings, 0.5 min)
20:55:07 | INFO     | t=1247.5: RAKE[W10546,W7222] → DECOUPLING at WS_01 (1 couplings, 3.0 min)
20:55:07 | INFO     | t=1250.5: WAGON[W10546] → RETROFIT_STARTED at WS_01
20:55:07 | INFO     | t=1250.5: WAGON[W7222] → RETROFIT_STARTED at WS_01
20:55:07 | INFO     | t=1255.5: DISPATCHER → Assigned loco LOCO_02 to collection_to_retrofit (waited 167.5 min, pending=0)
20:55:07 | INFO     | t=1284.5: RAKE[W6253,W7747] → COUPLING at WS_02 (1 couplings, 0.5 min)
20:55:07 | INFO     | t=1285.0: LOCO → Allocating for pickup from WS_02
20:55:07 | INFO     | t=1285.0: DISPATCHER → Task submitted: workshop_to_retrofitted (pending=1)
20:55:07 | INFO     | t=1306.0: LOCO[LOCO_01] → Releasing
20:55:07 | INFO     | t=1306.0: LOCO[LOCO_01] → Released
20:55:07 | INFO     | t=1306.0: PARKING → Got wagon W9460 from retrofitted
20:55:07 | INFO     | t=1306.0: DISPATCHER → Assigned loco LOCO_01 to workshop_to_retrofitted (waited 21.0 min, pending=0)
20:55:07 | INFO     | t=1306.0: LOCO[LOCO_01] → Allocated for pickup
20:55:07 | INFO     | t=1306.0: LOCO → Allocating for parking transport
20:55:07 | INFO     | t=1306.0: DISPATCHER → Task submitted: retrofitted_to_parking (pending=1)
20:55:07 | INFO     | t=1310.5: RAKE[W10546,W7222] → COUPLING at WS_01 (1 couplings, 0.5 min)
20:55:07 | INFO     | t=1311.0: LOCO → Allocating for pickup from WS_01
20:55:07 | INFO     | t=1311.0: DISPATCHER → Task submitted: workshop_to_retrofitted (pending=2)
20:55:07 | INFO     | t=1313.0: LOCO[LOCO_01] → TRAIN_PREP completed at WS_02 (2.0 min)
20:55:07 | INFO     | t=1315.5: LOCO[LOCO_02] → TRAIN_PREP at collection (coupling + prep, 11.0 min)
20:55:07 | INFO     | t=1318.0: BATCH → Putting 2 wagons on retrofitted track retrofitted
20:55:07 | INFO     | t=1318.0: WAGON[W6253] → Added to retrofitted track retrofitted
20:55:07 | INFO     | t=1318.0: WAGON[W7747] → Added to retrofitted track retrofitted
20:55:07 | INFO     | t=1323.0: WORKSHOP[WS_02] → Released, notifying 1 waiting processes
20:55:07 | INFO     | t=1323.0: WORKSHOP → Workshop became available
20:55:07 | INFO     | t=1323.0: WORKSHOP[WS_02] → Selected for batch
20:55:07 | INFO     | t=1323.0: DISPATCHER → Assigned loco LOCO_01 to workshop_to_retrofitted (waited 12.0 min, pending=1)
20:55:07 | INFO     | t=1323.0: WAGON[W11268] → Added to batch
20:55:07 | INFO     | t=1323.0: BATCH[W0689,W11268] → Formed 2 wagons for WS_02
20:55:07 | INFO     | t=1323.0: LOCO[LOCO_01] → Allocated for pickup
20:55:07 | INFO     | t=1323.0: TRACK[retrofit] → Removed 2 wagons (41.3m freed)
20:55:07 | INFO     | t=1323.0: DISPATCHER → Task submitted: retrofit_to_workshop (pending=2)
20:55:07 | INFO     | t=1330.0: LOCO[LOCO_01] → TRAIN_PREP completed at WS_01 (2.0 min)
20:55:07 | INFO     | t=1335.0: BATCH → Putting 2 wagons on retrofitted track retrofitted
20:55:07 | INFO     | t=1335.0: WAGON[W10546] → Added to retrofitted track retrofitted
20:55:07 | INFO     | t=1335.0: WAGON[W7222] → Added to retrofitted track retrofitted
20:55:07 | INFO     | t=1340.0: WORKSHOP[WS_01] → Released, notifying 0 waiting processes
20:55:07 | INFO     | t=1340.0: DISPATCHER → Assigned loco LOCO_01 to retrofit_to_workshop (waited 17.0 min, pending=1)
20:55:07 | INFO     | t=1340.0: RAKE[W0689,W11268] → COUPLING at retrofit (1 couplings, 2.0 min)
20:55:07 | INFO     | t=1340.0: WAGON[W11509] → Retrieved from retrofit queue
20:55:07 | INFO     | t=1340.0: WORKSHOP[WS_01] → Selected for batch
20:55:07 | INFO     | t=1340.0: WAGON[W6557] → Added to batch
20:55:07 | INFO     | t=1340.0: BATCH[W11509,W6557] → Formed 2 wagons for WS_01
20:55:07 | INFO     | t=1340.0: TRACK[retrofit] → Removed 2 wagons (42.1m freed)
20:55:07 | INFO     | t=1340.0: DISPATCHER → Task submitted: retrofit_to_workshop (pending=2)
20:55:07 | INFO     | t=1347.0: LOCO[LOCO_01] → COUPLING at retrofit (2.0 min)
20:55:07 | INFO     | t=1349.0: LOCO[LOCO_01] → SHUNTING_PREP at retrofit (1.0 min)
20:55:07 | INFO     | t=1355.0: LOCO[LOCO_01] → DECOUPLING at WS_02 (3.0 min)
20:55:07 | INFO     | t=1358.0: RAKE[W0689,W11268] → DECOUPLING at WS_02 (1 couplings, 3.0 min)
20:55:07 | INFO     | t=1361.0: WAGON[W0689] → RETROFIT_STARTED at WS_02
20:55:07 | INFO     | t=1361.0: WAGON[W11268] → RETROFIT_STARTED at WS_02
20:55:07 | INFO     | t=1366.0: DISPATCHER → Hold override for retrofitted_to_parking (waited 60.0 min >= max 45.0 min)
20:55:07 | INFO     | t=1366.0: DISPATCHER → Assigned loco LOCO_01 to retrofit_to_workshop (waited 26.0 min, pending=1)
20:55:07 | INFO     | t=1366.0: DISPATCHER → Hold override for retrofitted_to_parking (waited 60.0 min >= max 45.0 min)
20:55:07 | INFO     | t=1366.0: RAKE[W11509,W6557] → COUPLING at retrofit (1 couplings, 2.0 min)
20:55:07 | INFO     | t=1366.0: WAGON[W10356] → Retrieved from retrofit queue
20:55:07 | INFO     | t=1366.0: WORKSHOP → No workshop available, waiting...
20:55:07 | INFO     | t=1373.0: LOCO[LOCO_01] → COUPLING at retrofit (2.0 min)
20:55:07 | INFO     | t=1375.0: LOCO[LOCO_01] → SHUNTING_PREP at retrofit (1.0 min)
20:55:07 | INFO     | t=1381.0: LOCO[LOCO_01] → DECOUPLING at WS_01 (3.0 min)
20:55:07 | INFO     | t=1384.0: RAKE[W11509,W6557] → DECOUPLING at WS_01 (1 couplings, 3.0 min)
20:55:07 | INFO     | t=1386.5: LOCO[LOCO_02] → DECOUPLING at retrofit (15.0 min)
20:55:07 | INFO     | t=1387.0: WAGON[W11509] → RETROFIT_STARTED at WS_01
20:55:07 | INFO     | t=1387.0: WAGON[W6557] → RETROFIT_STARTED at WS_01
20:55:07 | INFO     | t=1392.0: DISPATCHER → Hold override for retrofitted_to_parking (waited 86.0 min >= max 45.0 min)
20:55:07 | INFO     | t=1392.0: DISPATCHER → Assigned loco LOCO_01 to retrofitted_to_parking (waited 86.0 min, pending=0)
20:55:07 | INFO     | t=1392.0: LOCO[LOCO_01] → Allocated for parking transport
20:55:07 | INFO     | t=1397.0: LOCO[LOCO_01] → TRAIN_PREP at retrofitted (coupling + prep, 4.0 min)
20:55:07 | INFO     | t=1401.5: RAKE[W10383,W2238,W0047,W0049,W2535] → DECOUPLING at retrofit (4 couplings, 12.0 min)
20:55:07 | INFO     | t=1418.5: Batch size limited by retrofit capacity: 9 wagons (181.6m) fits, 6 waiting
20:55:07 | INFO     | t=1418.5: COLLECTION → Reserving retrofit track capacity for 9 wagons
20:55:07 | INFO     | t=1418.5: COLLECTION → Capacity reserved, allocating locomotive
20:55:07 | INFO     | t=1418.5: DISPATCHER → Task submitted: collection_to_retrofit (pending=1)
20:55:07 | INFO     | t=1421.0: RAKE[W0689,W11268] → COUPLING at WS_02 (1 couplings, 0.5 min)
20:55:07 | INFO     | t=1421.5: LOCO → Allocating for pickup from WS_02
20:55:07 | INFO     | t=1421.5: DISPATCHER → Task submitted: workshop_to_retrofitted (pending=2)
20:55:07 | INFO     | t=1421.5: DISPATCHER → Assigned loco LOCO_02 to workshop_to_retrofitted (waited 0.0 min, pending=1)
20:55:07 | INFO     | t=1421.5: LOCO[LOCO_02] → Allocated for pickup
20:55:07 | INFO     | t=1428.5: LOCO[LOCO_02] → TRAIN_PREP completed at WS_02 (2.0 min)
20:55:07 | INFO     | t=1433.5: BATCH → Putting 2 wagons on retrofitted track retrofitted
20:55:07 | INFO     | t=1433.5: WAGON[W0689] → Added to retrofitted track retrofitted
20:55:07 | INFO     | t=1433.5: WAGON[W11268] → Added to retrofitted track retrofitted
20:55:07 | INFO     | t=1438.5: WORKSHOP[WS_02] → Released, notifying 1 waiting processes
20:55:07 | INFO     | t=1438.5: WORKSHOP → Workshop became available
20:55:07 | INFO     | t=1438.5: WORKSHOP[WS_02] → Selected for batch
20:55:07 | INFO     | t=1438.5: WAGON[W6006] → Added to batch
20:55:07 | INFO     | t=1438.5: BATCH[W10356,W6006] → Formed 2 wagons for WS_02
20:55:07 | INFO     | t=1438.5: TRACK[retrofit] → Removed 2 wagons (37.1m freed)
20:55:07 | INFO     | t=1438.5: DISPATCHER → Task submitted: retrofit_to_workshop (pending=2)
20:55:07 | INFO     | t=1438.5: DISPATCHER → Assigned loco LOCO_02 to retrofit_to_workshop (waited 0.0 min, pending=1)
20:55:07 | INFO     | t=1438.5: RAKE[W10356,W6006] → COUPLING at retrofit (1 couplings, 2.0 min)
20:55:07 | INFO     | t=1438.5: WAGON[W4440] → Retrieved from retrofit queue
20:55:07 | INFO     | t=1438.5: WORKSHOP → No workshop available, waiting...
20:55:07 | INFO     | t=1445.5: LOCO[LOCO_02] → COUPLING at retrofit (2.0 min)
20:55:07 | INFO     | t=1447.0: RAKE[W11509,W6557] → COUPLING at WS_01 (1 couplings, 0.5 min)
20:55:07 | INFO     | t=1447.5: LOCO[LOCO_02] → SHUNTING_PREP at retrofit (1.0 min)
20:55:07 | INFO     | t=1447.5: LOCO → Allocating for pickup from WS_01
20:55:07 | INFO     | t=1447.5: DISPATCHER → Task submitted: workshop_to_retrofitted (pending=2)
20:55:07 | INFO     | t=1453.5: LOCO[LOCO_02] → DECOUPLING at WS_02 (3.0 min)
20:55:07 | INFO     | t=1456.5: RAKE[W10356,W6006] → DECOUPLING at WS_02 (1 couplings, 3.0 min)
20:55:07 | INFO     | t=1459.5: WAGON[W10356] → RETROFIT_STARTED at WS_02
20:55:07 | INFO     | t=1459.5: WAGON[W6006] → RETROFIT_STARTED at WS_02
20:55:07 | INFO     | t=1464.5: DISPATCHER → Assigned loco LOCO_02 to workshop_to_retrofitted (waited 17.0 min, pending=1)
20:55:07 | INFO     | t=1464.5: LOCO[LOCO_02] → Allocated for pickup
20:55:07 | INFO     | t=1471.5: LOCO[LOCO_02] → TRAIN_PREP completed at WS_01 (2.0 min)
20:55:07 | INFO     | t=1476.5: BATCH → Putting 2 wagons on retrofitted track retrofitted
20:55:07 | INFO     | t=1476.5: WAGON[W11509] → Added to retrofitted track retrofitted
20:55:07 | INFO     | t=1476.5: WAGON[W6557] → Added to retrofitted track retrofitted
20:55:07 | INFO     | EVENT_PUBLISHED: TrainArrivedEvent | train=T15 | time=1479.0
20:55:07 | INFO     | EVENT_HANDLING: TrainArrivedEvent -> RetrofitWorkshopContext._handle_train_arrived
20:55:07 | INFO     | EVENT_HANDLED: TrainArrivedEvent by RetrofitWorkshopContext._handle_train_arrived
20:55:07 | INFO     | t=1481.5: WORKSHOP[WS_01] → Released, notifying 1 waiting processes
20:55:07 | INFO     | t=1481.5: WORKSHOP → Workshop became available
20:55:07 | INFO     | t=1481.5: WORKSHOP[WS_01] → Selected for batch
20:55:07 | INFO     | t=1481.5: WAGON[W10383] → Added to batch
20:55:07 | INFO     | t=1481.5: BATCH[W4440,W10383] → Formed 2 wagons for WS_01
20:55:07 | INFO     | t=1481.5: TRACK[retrofit] → Removed 2 wagons (39.8m freed)
20:55:07 | INFO     | t=1481.5: DISPATCHER → Task submitted: retrofit_to_workshop (pending=2)
20:55:07 | INFO     | t=1481.5: DISPATCHER → Assigned loco LOCO_02 to retrofit_to_workshop (waited 0.0 min, pending=1)
20:55:07 | INFO     | t=1481.5: RAKE[W4440,W10383] → COUPLING at retrofit (1 couplings, 2.0 min)
20:55:07 | INFO     | t=1481.5: WAGON[W2238] → Retrieved from retrofit queue
20:55:07 | INFO     | t=1481.5: WORKSHOP → No workshop available, waiting...
20:55:07 | INFO     | t=1488.5: LOCO[LOCO_02] → COUPLING at retrofit (2.0 min)
20:55:07 | INFO     | t=1490.5: LOCO[LOCO_02] → SHUNTING_PREP at retrofit (1.0 min)
20:55:07 | INFO     | t=1496.5: LOCO[LOCO_02] → DECOUPLING at WS_01 (3.0 min)
20:55:07 | INFO     | t=1499.5: RAKE[W4440,W10383] → DECOUPLING at WS_01 (1 couplings, 3.0 min)
20:55:07 | INFO     | t=1502.5: WAGON[W4440] → RETROFIT_STARTED at WS_01
20:55:07 | INFO     | t=1502.5: WAGON[W10383] → RETROFIT_STARTED at WS_01
20:55:07 | INFO     | t=1507.5: DISPATCHER → Assigned loco LOCO_02 to collection_to_retrofit (waited 89.0 min, pending=0)
20:55:07 | INFO     | EVENT_PUBLISHED: TrainArrivedEvent | train=T16 | time=1509.0
20:55:07 | INFO     | EVENT_HANDLING: TrainArrivedEvent -> RetrofitWorkshopContext._handle_train_arrived
20:55:07 | INFO     | EVENT_HANDLED: TrainArrivedEvent by RetrofitWorkshopContext._handle_train_arrived
20:55:07 | INFO     | t=1519.5: RAKE[W10356,W6006] → COUPLING at WS_02 (1 couplings, 0.5 min)
20:55:07 | INFO     | t=1520.0: LOCO → Allocating for pickup from WS_02
20:55:07 | INFO     | t=1520.0: DISPATCHER → Task submitted: workshop_to_retrofitted (pending=1)
20:55:07 | INFO     | t=1521.0: LOCO[LOCO_01] → DECOUPLING at parking16 (3.0 min)
20:55:07 | INFO     | t=1524.0: RAKE[W9460,W9445,W10704,W3675,W7132,W8934] → DECOUPLING at parking16 (5 couplings, 2.5 min)
20:55:07 | INFO     | t=1562.5: RAKE[W4440,W10383] → COUPLING at WS_01 (1 couplings, 0.5 min)
20:55:07 | INFO     | t=1563.0: LOCO → Allocating for pickup from WS_01
20:55:07 | INFO     | t=1563.0: DISPATCHER → Task submitted: workshop_to_retrofitted (pending=2)
20:55:07 | INFO     | t=1567.5: LOCO[LOCO_02] → TRAIN_PREP at collection (coupling + prep, 19.0 min)
20:55:07 | INFO     | t=1586.5: LOCO[LOCO_01] → Releasing
20:55:07 | INFO     | t=1586.5: LOCO[LOCO_01] → Released
20:55:07 | INFO     | t=1586.5: PARKING → Got wagon W6253 from retrofitted
20:55:07 | INFO     | t=1586.5: DISPATCHER → Assigned loco LOCO_01 to workshop_to_retrofitted (waited 66.5 min, pending=1)
20:55:07 | INFO     | t=1586.5: LOCO[LOCO_01] → Allocated for pickup
20:55:07 | INFO     | t=1586.5: LOCO → Allocating for parking transport
20:55:07 | INFO     | t=1586.5: DISPATCHER → Task submitted: retrofitted_to_parking (pending=2)
20:55:07 | INFO     | t=1593.5: LOCO[LOCO_01] → TRAIN_PREP completed at WS_02 (2.0 min)
20:55:07 | INFO     | t=1598.5: BATCH → Putting 2 wagons on retrofitted track retrofitted
20:55:07 | INFO     | t=1598.5: WAGON[W10356] → Added to retrofitted track retrofitted
20:55:07 | INFO     | t=1598.5: WAGON[W6006] → Added to retrofitted track retrofitted
20:55:07 | INFO     | EVENT_PUBLISHED: TrainArrivedEvent | train=T17 | time=1602.5
20:55:07 | INFO     | EVENT_HANDLING: TrainArrivedEvent -> RetrofitWorkshopContext._handle_train_arrived
20:55:07 | INFO     | EVENT_HANDLED: TrainArrivedEvent by RetrofitWorkshopContext._handle_train_arrived
20:55:07 | INFO     | t=1602.5: Batch size limited by retrofit capacity: 3 wagons (69.1m) fits, 1 waiting
20:55:07 | INFO     | t=1602.5: COLLECTION → Reserving retrofit track capacity for 3 wagons
20:55:07 | INFO     | t=1602.5: COLLECTION → Capacity reserved, allocating locomotive
20:55:07 | INFO     | t=1602.5: DISPATCHER → Task submitted: collection_to_retrofit (pending=3)
20:55:07 | INFO     | t=1603.5: WORKSHOP[WS_02] → Released, notifying 1 waiting processes
20:55:07 | INFO     | t=1603.5: WORKSHOP → Workshop became available
20:55:07 | INFO     | t=1603.5: WORKSHOP[WS_02] → Selected for batch
20:55:07 | INFO     | t=1603.5: DISPATCHER → Assigned loco LOCO_01 to workshop_to_retrofitted (waited 40.5 min, pending=2)
20:55:07 | INFO     | t=1603.5: WAGON[W0047] → Added to batch
20:55:07 | INFO     | t=1603.5: BATCH[W2238,W0047] → Formed 2 wagons for WS_02
20:55:07 | INFO     | t=1603.5: LOCO[LOCO_01] → Allocated for pickup
20:55:07 | INFO     | t=1603.5: TRACK[retrofit] → Removed 2 wagons (25.4m freed)
20:55:07 | INFO     | t=1603.5: DISPATCHER → Task submitted: retrofit_to_workshop (pending=3)
20:55:07 | INFO     | t=1610.5: LOCO[LOCO_01] → TRAIN_PREP completed at WS_01 (2.0 min)
20:55:07 | INFO     | t=1615.5: BATCH → Putting 2 wagons on retrofitted track retrofitted
20:55:07 | INFO     | t=1615.5: WAGON[W4440] → Added to retrofitted track retrofitted
20:55:07 | INFO     | t=1615.5: WAGON[W10383] → Added to retrofitted track retrofitted
20:55:07 | INFO     | t=1620.5: WORKSHOP[WS_01] → Released, notifying 0 waiting processes
20:55:07 | INFO     | t=1620.5: DISPATCHER → Assigned loco LOCO_01 to retrofit_to_workshop (waited 17.0 min, pending=2)
20:55:07 | INFO     | t=1620.5: RAKE[W2238,W0047] → COUPLING at retrofit (1 couplings, 2.0 min)
20:55:07 | INFO     | t=1620.5: WAGON[W0049] → Retrieved from retrofit queue
20:55:07 | INFO     | t=1620.5: WORKSHOP[WS_01] → Selected for batch
20:55:07 | INFO     | t=1620.5: WAGON[W2535] → Added to batch
20:55:07 | INFO     | t=1620.5: BATCH[W0049,W2535] → Formed 2 wagons for WS_01
20:55:07 | INFO     | t=1620.5: TRACK[retrofit] → Removed 2 wagons (28.7m freed)
20:55:07 | INFO     | t=1620.5: DISPATCHER → Task submitted: retrofit_to_workshop (pending=3)
20:55:07 | INFO     | t=1627.5: LOCO[LOCO_01] → COUPLING at retrofit (2.0 min)
20:55:07 | INFO     | t=1629.5: LOCO[LOCO_01] → SHUNTING_PREP at retrofit (1.0 min)
20:55:07 | INFO     | t=1635.5: LOCO[LOCO_01] → DECOUPLING at WS_02 (3.0 min)
20:55:07 | INFO     | t=1638.5: RAKE[W2238,W0047] → DECOUPLING at WS_02 (1 couplings, 3.0 min)
20:55:07 | INFO     | t=1641.5: WAGON[W2238] → RETROFIT_STARTED at WS_02
20:55:07 | INFO     | t=1641.5: WAGON[W0047] → RETROFIT_STARTED at WS_02
20:55:07 | INFO     | t=1646.5: LOCO[LOCO_02] → DECOUPLING at retrofit (27.0 min)
20:55:07 | INFO     | t=1646.5: DISPATCHER → Hold override for retrofitted_to_parking (waited 60.0 min >= max 45.0 min)
20:55:07 | INFO     | t=1646.5: DISPATCHER → Assigned loco LOCO_01 to retrofit_to_workshop (waited 26.0 min, pending=2)
20:55:07 | INFO     | t=1646.5: DISPATCHER → Hold override for retrofitted_to_parking (waited 60.0 min >= max 45.0 min)
20:55:07 | INFO     | t=1646.5: RAKE[W0049,W2535] → COUPLING at retrofit (1 couplings, 2.0 min)
20:55:07 | INFO     | t=1646.5: WAGON[W7970] → Retrieved from retrofit queue
20:55:07 | INFO     | t=1646.5: WORKSHOP → No workshop available, waiting...
20:55:07 | INFO     | t=1653.5: LOCO[LOCO_01] → COUPLING at retrofit (2.0 min)
20:55:07 | INFO     | t=1655.5: LOCO[LOCO_01] → SHUNTING_PREP at retrofit (1.0 min)
20:55:07 | INFO     | t=1661.5: LOCO[LOCO_01] → DECOUPLING at WS_01 (3.0 min)
20:55:07 | INFO     | t=1664.5: RAKE[W0049,W2535] → DECOUPLING at WS_01 (1 couplings, 3.0 min)
20:55:07 | INFO     | t=1667.5: WAGON[W0049] → RETROFIT_STARTED at WS_01
20:55:07 | INFO     | t=1667.5: WAGON[W2535] → RETROFIT_STARTED at WS_01
20:55:07 | INFO     | t=1672.5: DISPATCHER → Hold override for retrofitted_to_parking (waited 86.0 min >= max 45.0 min)
20:55:07 | INFO     | t=1672.5: DISPATCHER → Assigned loco LOCO_01 to retrofitted_to_parking (waited 86.0 min, pending=1)
20:55:07 | INFO     | t=1672.5: LOCO[LOCO_01] → Allocated for parking transport
20:55:07 | INFO     | t=1673.5: RAKE[W7970,W4849,W2967,W9776,W12208,W11348,W12037,W0440,W11988] → DECOUPLING at retrofit (8 couplings, 24.0 min)
20:55:07 | INFO     | t=1677.5: LOCO[LOCO_01] → TRAIN_PREP at retrofitted (coupling + prep, 5.0 min)
20:55:07 | INFO     | EVENT_PUBLISHED: TrainArrivedEvent | train=T18 | time=1687.2
20:55:07 | INFO     | EVENT_HANDLING: TrainArrivedEvent -> RetrofitWorkshopContext._handle_train_arrived
20:55:07 | INFO     | EVENT_HANDLED: TrainArrivedEvent by RetrofitWorkshopContext._handle_train_arrived
20:55:07 | INFO     | t=1701.5: RAKE[W2238,W0047] → COUPLING at WS_02 (1 couplings, 0.5 min)
20:55:07 | INFO     | t=1702.0: LOCO → Allocating for pickup from WS_02
20:55:07 | INFO     | t=1702.0: DISPATCHER → Task submitted: workshop_to_retrofitted (pending=2)
20:55:07 | INFO     | t=1702.5: DISPATCHER → Assigned loco LOCO_02 to workshop_to_retrofitted (waited 0.5 min, pending=1)
20:55:07 | INFO     | t=1702.5: LOCO[LOCO_02] → Allocated for pickup
20:55:07 | INFO     | t=1702.5: Batch size limited by retrofit capacity: 3 wagons (54.8m) fits, 16 waiting
20:55:07 | INFO     | t=1702.5: COLLECTION → Reserving retrofit track capacity for 3 wagons
20:55:07 | INFO     | t=1702.5: COLLECTION → Capacity reserved, allocating locomotive
20:55:07 | INFO     | t=1702.5: DISPATCHER → Task submitted: collection_to_retrofit (pending=2)
20:55:07 | INFO     | t=1709.5: LOCO[LOCO_02] → TRAIN_PREP completed at WS_02 (2.0 min)
20:55:07 | INFO     | t=1714.5: BATCH → Putting 2 wagons on retrofitted track retrofitted
20:55:07 | INFO     | t=1714.5: WAGON[W2238] → Added to retrofitted track retrofitted
20:55:07 | INFO     | t=1714.5: WAGON[W0047] → Added to retrofitted track retrofitted
20:55:07 | INFO     | t=1719.5: WORKSHOP[WS_02] → Released, notifying 1 waiting processes
20:55:07 | INFO     | t=1719.5: WORKSHOP → Workshop became available
20:55:07 | INFO     | t=1719.5: WORKSHOP[WS_02] → Selected for batch
20:55:07 | INFO     | t=1719.5: WAGON[W4849] → Added to batch
20:55:07 | INFO     | t=1719.5: BATCH[W7970,W4849] → Formed 2 wagons for WS_02
20:55:07 | INFO     | t=1719.5: TRACK[retrofit] → Removed 2 wagons (34.8m freed)
20:55:07 | INFO     | t=1719.5: DISPATCHER → Task submitted: retrofit_to_workshop (pending=3)
20:55:07 | INFO     | t=1719.5: DISPATCHER → Assigned loco LOCO_02 to retrofit_to_workshop (waited 0.0 min, pending=2)
20:55:07 | INFO     | t=1719.5: RAKE[W7970,W4849] → COUPLING at retrofit (1 couplings, 2.0 min)
20:55:07 | INFO     | t=1719.5: WAGON[W2967] → Retrieved from retrofit queue
20:55:07 | INFO     | t=1719.5: WORKSHOP → No workshop available, waiting...
20:55:07 | INFO     | t=1726.5: LOCO[LOCO_02] → COUPLING at retrofit (2.0 min)
20:55:07 | INFO     | t=1727.5: RAKE[W0049,W2535] → COUPLING at WS_01 (1 couplings, 0.5 min)
20:55:07 | INFO     | t=1728.0: LOCO → Allocating for pickup from WS_01
20:55:07 | INFO     | t=1728.0: DISPATCHER → Task submitted: workshop_to_retrofitted (pending=3)
20:55:07 | INFO     | t=1728.5: LOCO[LOCO_02] → SHUNTING_PREP at retrofit (1.0 min)
20:55:07 | INFO     | t=1734.5: LOCO[LOCO_02] → DECOUPLING at WS_02 (3.0 min)
20:55:07 | INFO     | t=1737.5: RAKE[W7970,W4849] → DECOUPLING at WS_02 (1 couplings, 3.0 min)
20:55:07 | INFO     | t=1740.5: WAGON[W7970] → RETROFIT_STARTED at WS_02
20:55:07 | INFO     | t=1740.5: WAGON[W4849] → RETROFIT_STARTED at WS_02
20:55:07 | INFO     | t=1745.5: DISPATCHER → Assigned loco LOCO_02 to workshop_to_retrofitted (waited 17.5 min, pending=2)
20:55:07 | INFO     | t=1745.5: LOCO[LOCO_02] → Allocated for pickup
20:55:07 | INFO     | t=1752.5: LOCO[LOCO_02] → TRAIN_PREP completed at WS_01 (2.0 min)
20:55:07 | INFO     | t=1757.5: BATCH → Putting 2 wagons on retrofitted track retrofitted
20:55:07 | INFO     | t=1757.5: WAGON[W0049] → Added to retrofitted track retrofitted
20:55:07 | INFO     | t=1757.5: WAGON[W2535] → Added to retrofitted track retrofitted
20:55:07 | INFO     | t=1762.5: WORKSHOP[WS_01] → Released, notifying 1 waiting processes
20:55:07 | INFO     | t=1762.5: WORKSHOP → Workshop became available
20:55:07 | INFO     | t=1762.5: WORKSHOP[WS_01] → Selected for batch
20:55:07 | INFO     | t=1762.5: DISPATCHER → Assigned loco LOCO_02 to collection_to_retrofit (waited 160.0 min, pending=1)
20:55:07 | INFO     | t=1762.5: WAGON[W9776] → Added to batch
20:55:07 | INFO     | t=1762.5: BATCH[W2967,W9776] → Formed 2 wagons for WS_01
20:55:07 | INFO     | t=1762.5: TRACK[retrofit] → Removed 2 wagons (46.5m freed)
20:55:07 | INFO     | t=1762.5: DISPATCHER → Task submitted: retrofit_to_workshop (pending=2)
20:55:07 | INFO     | EVENT_PUBLISHED: TrainArrivedEvent | train=T19 | time=1767.0
20:55:07 | INFO     | EVENT_HANDLING: TrainArrivedEvent -> RetrofitWorkshopContext._handle_train_arrived
20:55:07 | INFO     | EVENT_HANDLED: TrainArrivedEvent by RetrofitWorkshopContext._handle_train_arrived
20:55:07 | INFO     | t=1800.5: RAKE[W7970,W4849] → COUPLING at WS_02 (1 couplings, 0.5 min)
20:55:07 | INFO     | t=1801.0: LOCO → Allocating for pickup from WS_02
20:55:07 | INFO     | t=1801.0: DISPATCHER → Task submitted: workshop_to_retrofitted (pending=3)
20:55:07 | INFO     | t=1802.5: LOCO[LOCO_01] → DECOUPLING at parking16 (4.0 min)
20:55:07 | INFO     | t=1806.5: RAKE[W6253,W7747,W10546,W7222,W0689,W11268,W11509,W6557] → DECOUPLING at parking16 (7 couplings, 3.5 min)
20:55:07 | INFO     | t=1822.5: LOCO[LOCO_02] → TRAIN_PREP at collection (coupling + prep, 7.0 min)
20:55:07 | INFO     | EVENT_PUBLISHED: TrainArrivedEvent | train=T20 | time=1853.5
20:55:07 | INFO     | EVENT_HANDLING: TrainArrivedEvent -> RetrofitWorkshopContext._handle_train_arrived
20:55:07 | INFO     | EVENT_HANDLED: TrainArrivedEvent by RetrofitWorkshopContext._handle_train_arrived
20:55:07 | INFO     | EVENT_PUBLISHED: TrainArrivedEvent | train=T21 | time=1870.0
20:55:07 | INFO     | EVENT_HANDLING: TrainArrivedEvent -> RetrofitWorkshopContext._handle_train_arrived
20:55:07 | INFO     | EVENT_HANDLED: TrainArrivedEvent by RetrofitWorkshopContext._handle_train_arrived
20:55:07 | INFO     | t=1870.0: LOCO[LOCO_01] → Releasing
20:55:07 | INFO     | t=1870.0: LOCO[LOCO_01] → Released
20:55:07 | INFO     | t=1870.0: PARKING → Got wagon W10356 from retrofitted
20:55:07 | INFO     | t=1870.0: DISPATCHER → Assigned loco LOCO_01 to workshop_to_retrofitted (waited 69.0 min, pending=2)
20:55:07 | INFO     | t=1870.0: LOCO[LOCO_01] → Allocated for pickup
20:55:07 | INFO     | t=1870.0: LOCO → Allocating for parking transport
20:55:07 | INFO     | t=1870.0: DISPATCHER → Task submitted: retrofitted_to_parking (pending=3)
20:55:07 | INFO     | t=1877.0: LOCO[LOCO_01] → TRAIN_PREP completed at WS_02 (2.0 min)
20:55:07 | INFO     | t=1882.0: BATCH → Putting 2 wagons on retrofitted track retrofitted
20:55:07 | INFO     | t=1882.0: WAGON[W7970] → Added to retrofitted track retrofitted
20:55:07 | INFO     | t=1882.0: WAGON[W4849] → Added to retrofitted track retrofitted
20:55:07 | INFO     | t=1887.0: WORKSHOP[WS_02] → Released, notifying 0 waiting processes
20:55:07 | INFO     | t=1887.0: DISPATCHER → Assigned loco LOCO_01 to retrofit_to_workshop (waited 124.5 min, pending=2)
20:55:07 | INFO     | t=1887.0: RAKE[W2967,W9776] → COUPLING at retrofit (1 couplings, 2.0 min)
20:55:07 | INFO     | t=1887.0: WAGON[W12208] → Retrieved from retrofit queue
20:55:07 | INFO     | t=1887.0: WORKSHOP[WS_02] → Selected for batch
20:55:07 | INFO     | t=1887.0: WAGON[W11348] → Added to batch
20:55:07 | INFO     | t=1887.0: BATCH[W12208,W11348] → Formed 2 wagons for WS_02
20:55:07 | INFO     | t=1887.0: TRACK[retrofit] → Removed 2 wagons (39.7m freed)
20:55:07 | INFO     | t=1887.0: DISPATCHER → Task submitted: retrofit_to_workshop (pending=3)
20:55:07 | INFO     | t=1889.5: LOCO[LOCO_02] → DECOUPLING at retrofit (9.0 min)
20:55:07 | INFO     | t=1894.0: LOCO[LOCO_01] → COUPLING at retrofit (2.0 min)
20:55:07 | INFO     | t=1896.0: LOCO[LOCO_01] → SHUNTING_PREP at retrofit (1.0 min)
20:55:07 | INFO     | t=1898.5: RAKE[W11467,W10354,W3950] → DECOUPLING at retrofit (2 couplings, 6.0 min)
20:55:07 | INFO     | t=1902.0: LOCO[LOCO_01] → DECOUPLING at WS_01 (3.0 min)
20:55:07 | INFO     | t=1905.0: RAKE[W2967,W9776] → DECOUPLING at WS_01 (1 couplings, 3.0 min)
20:55:07 | INFO     | t=1908.0: WAGON[W2967] → RETROFIT_STARTED at WS_01
20:55:07 | INFO     | t=1908.0: WAGON[W9776] → RETROFIT_STARTED at WS_01
20:55:07 | INFO     | t=1909.5: DISPATCHER → Assigned loco LOCO_02 to retrofit_to_workshop (waited 22.5 min, pending=2)
20:55:07 | INFO     | t=1909.5: RAKE[W12208,W11348] → COUPLING at retrofit (1 couplings, 2.0 min)
20:55:07 | INFO     | t=1909.5: WAGON[W12037] → Retrieved from retrofit queue
20:55:07 | INFO     | t=1909.5: WORKSHOP → No workshop available, waiting...
20:55:07 | INFO     | t=1909.5: COLLECTION → Reserving retrofit track capacity for 7 wagons
20:55:07 | INFO     | t=1909.5: COLLECTION → Capacity reserved, allocating locomotive
20:55:07 | INFO     | t=1909.5: DISPATCHER → Task submitted: collection_to_retrofit (pending=3)
20:55:07 | INFO     | t=1913.0: DISPATCHER → Assigned loco LOCO_01 to retrofitted_to_parking (waited 43.0 min, pending=2)
20:55:07 | INFO     | t=1913.0: LOCO[LOCO_01] → Allocated for parking transport
20:55:07 | INFO     | t=1916.5: LOCO[LOCO_02] → COUPLING at retrofit (2.0 min)
20:55:07 | INFO     | t=1918.0: LOCO[LOCO_01] → TRAIN_PREP at retrofitted (coupling + prep, 5.0 min)
20:55:07 | INFO     | t=1918.5: LOCO[LOCO_02] → SHUNTING_PREP at retrofit (1.0 min)
20:55:07 | INFO     | t=1924.5: LOCO[LOCO_02] → DECOUPLING at WS_02 (3.0 min)
20:55:07 | INFO     | t=1927.5: RAKE[W12208,W11348] → DECOUPLING at WS_02 (1 couplings, 3.0 min)
20:55:07 | INFO     | t=1930.5: WAGON[W12208] → RETROFIT_STARTED at WS_02
20:55:07 | INFO     | t=1930.5: WAGON[W11348] → RETROFIT_STARTED at WS_02
20:55:07 | INFO     | EVENT_PUBLISHED: TrainArrivedEvent | train=T22 | time=1965.2
20:55:07 | INFO     | EVENT_HANDLING: TrainArrivedEvent -> RetrofitWorkshopContext._handle_train_arrived
20:55:07 | INFO     | EVENT_HANDLED: TrainArrivedEvent by RetrofitWorkshopContext._handle_train_arrived
20:55:07 | INFO     | t=1968.0: RAKE[W2967,W9776] → COUPLING at WS_01 (1 couplings, 0.5 min)
20:55:07 | INFO     | t=1968.5: LOCO → Allocating for pickup from WS_01
20:55:07 | INFO     | t=1968.5: DISPATCHER → Task submitted: workshop_to_retrofitted (pending=3)
20:55:07 | INFO     | t=1968.5: DISPATCHER → Assigned loco LOCO_02 to workshop_to_retrofitted (waited 0.0 min, pending=2)
20:55:07 | INFO     | t=1968.5: LOCO[LOCO_02] → Allocated for pickup
20:55:07 | INFO     | t=1975.5: LOCO[LOCO_02] → TRAIN_PREP completed at WS_01 (2.0 min)
20:55:07 | INFO     | t=1980.5: BATCH → Putting 2 wagons on retrofitted track retrofitted
20:55:07 | INFO     | t=1980.5: WAGON[W2967] → Added to retrofitted track retrofitted
20:55:07 | INFO     | t=1980.5: WAGON[W9776] → Added to retrofitted track retrofitted
20:55:07 | INFO     | t=1985.5: WORKSHOP[WS_01] → Released, notifying 1 waiting processes
20:55:07 | INFO     | t=1985.5: WORKSHOP → Workshop became available
20:55:07 | INFO     | t=1985.5: WORKSHOP[WS_01] → Selected for batch
20:55:07 | INFO     | t=1985.5: WAGON[W0440] → Added to batch
20:55:07 | INFO     | t=1985.5: BATCH[W12037,W0440] → Formed 2 wagons for WS_01
20:55:07 | INFO     | t=1985.5: TRACK[retrofit] → Removed 2 wagons (37.3m freed)
20:55:07 | INFO     | t=1985.5: DISPATCHER → Task submitted: retrofit_to_workshop (pending=3)
20:55:07 | INFO     | t=1985.5: DISPATCHER → Assigned loco LOCO_02 to retrofit_to_workshop (waited 0.0 min, pending=2)
20:55:07 | INFO     | t=1985.5: RAKE[W12037,W0440] → COUPLING at retrofit (1 couplings, 2.0 min)
20:55:07 | INFO     | t=1985.5: WAGON[W11988] → Retrieved from retrofit queue
20:55:07 | INFO     | t=1985.5: WORKSHOP → No workshop available, waiting...
20:55:07 | INFO     | t=1990.5: RAKE[W12208,W11348] → COUPLING at WS_02 (1 couplings, 0.5 min)
20:55:07 | INFO     | t=1991.0: LOCO → Allocating for pickup from WS_02
20:55:07 | INFO     | t=1991.0: DISPATCHER → Task submitted: workshop_to_retrofitted (pending=3)
20:55:07 | INFO     | t=1992.5: LOCO[LOCO_02] → COUPLING at retrofit (2.0 min)
20:55:07 | INFO     | t=1994.5: LOCO[LOCO_02] → SHUNTING_PREP at retrofit (1.0 min)
20:55:07 | INFO     | t=2000.5: LOCO[LOCO_02] → DECOUPLING at WS_01 (3.0 min)
20:55:07 | INFO     | t=2003.5: RAKE[W12037,W0440] → DECOUPLING at WS_01 (1 couplings, 3.0 min)
20:55:07 | INFO     | t=2006.5: WAGON[W12037] → RETROFIT_STARTED at WS_01
20:55:07 | INFO     | t=2006.5: WAGON[W0440] → RETROFIT_STARTED at WS_01
20:55:07 | INFO     | t=2011.5: DISPATCHER → Assigned loco LOCO_02 to workshop_to_retrofitted (waited 20.5 min, pending=2)
20:55:07 | INFO     | t=2011.5: LOCO[LOCO_02] → Allocated for pickup
20:55:07 | INFO     | t=2018.5: LOCO[LOCO_02] → TRAIN_PREP completed at WS_02 (2.0 min)
20:55:07 | INFO     | t=2023.5: BATCH → Putting 2 wagons on retrofitted track retrofitted
20:55:07 | INFO     | t=2023.5: WAGON[W12208] → Added to retrofitted track retrofitted
20:55:07 | INFO     | t=2023.5: WAGON[W11348] → Added to retrofitted track retrofitted
20:55:07 | INFO     | t=2028.5: WORKSHOP[WS_02] → Released, notifying 1 waiting processes
20:55:07 | INFO     | t=2028.5: WORKSHOP → Workshop became available
20:55:07 | INFO     | t=2028.5: WORKSHOP[WS_02] → Selected for batch
20:55:07 | INFO     | t=2028.5: WAGON[W11467] → Added to batch
20:55:07 | INFO     | t=2028.5: BATCH[W11988,W11467] → Formed 2 wagons for WS_02
20:55:07 | INFO     | t=2028.5: TRACK[retrofit] → Removed 2 wagons (49.6m freed)
20:55:07 | INFO     | t=2028.5: DISPATCHER → Task submitted: retrofit_to_workshop (pending=3)
20:55:07 | INFO     | t=2028.5: DISPATCHER → Assigned loco LOCO_02 to retrofit_to_workshop (waited 0.0 min, pending=2)
20:55:07 | INFO     | t=2028.5: RAKE[W11988,W11467] → COUPLING at retrofit (1 couplings, 2.0 min)
20:55:07 | INFO     | t=2028.5: WAGON[W10354] → Retrieved from retrofit queue
20:55:07 | INFO     | t=2028.5: WORKSHOP → No workshop available, waiting...
20:55:07 | INFO     | t=2035.5: LOCO[LOCO_02] → COUPLING at retrofit (2.0 min)
20:55:07 | INFO     | t=2037.5: LOCO[LOCO_02] → SHUNTING_PREP at retrofit (1.0 min)
20:55:07 | INFO     | t=2043.0: LOCO[LOCO_01] → DECOUPLING at parking16 (4.0 min)
20:55:07 | INFO     | t=2043.5: LOCO[LOCO_02] → DECOUPLING at WS_02 (3.0 min)
20:55:07 | INFO     | t=2046.5: RAKE[W11988,W11467] → DECOUPLING at WS_02 (1 couplings, 3.0 min)
20:55:07 | INFO     | t=2047.0: RAKE[W10356,W6006,W4440,W10383,W2238,W0047,W0049,W2535] → DECOUPLING at parking16 (7 couplings, 3.5 min)
20:55:07 | INFO     | t=2049.5: WAGON[W11988] → RETROFIT_STARTED at WS_02
20:55:07 | INFO     | t=2049.5: WAGON[W11467] → RETROFIT_STARTED at WS_02
20:55:07 | INFO     | t=2054.5: DISPATCHER → Assigned loco LOCO_02 to collection_to_retrofit (waited 352.0 min, pending=1)
20:55:07 | INFO     | t=2066.5: RAKE[W12037,W0440] → COUPLING at WS_01 (1 couplings, 0.5 min)
20:55:07 | INFO     | t=2067.0: LOCO → Allocating for pickup from WS_01
20:55:07 | INFO     | t=2067.0: DISPATCHER → Task submitted: workshop_to_retrofitted (pending=2)
20:55:07 | INFO     | t=2109.5: RAKE[W11988,W11467] → COUPLING at WS_02 (1 couplings, 0.5 min)
20:55:07 | INFO     | t=2110.0: LOCO → Allocating for pickup from WS_02
20:55:07 | INFO     | t=2110.0: DISPATCHER → Task submitted: workshop_to_retrofitted (pending=3)
20:55:07 | INFO     | t=2110.5: LOCO[LOCO_01] → Releasing
20:55:07 | INFO     | t=2110.5: LOCO[LOCO_01] → Released
20:55:07 | INFO     | t=2110.5: PARKING → Got wagon W7970 from retrofitted
20:55:07 | INFO     | t=2110.5: DISPATCHER → Assigned loco LOCO_01 to workshop_to_retrofitted (waited 43.5 min, pending=2)
20:55:07 | INFO     | t=2110.5: LOCO[LOCO_01] → Allocated for pickup
20:55:07 | INFO     | t=2110.5: LOCO → Allocating for parking transport
20:55:07 | INFO     | t=2110.5: DISPATCHER → Task submitted: retrofitted_to_parking (pending=3)
20:55:07 | INFO     | t=2114.5: LOCO[LOCO_02] → TRAIN_PREP at collection (coupling + prep, 7.0 min)
20:55:07 | INFO     | t=2117.5: LOCO[LOCO_01] → TRAIN_PREP completed at WS_01 (2.0 min)
20:55:07 | INFO     | t=2122.5: BATCH → Putting 2 wagons on retrofitted track retrofitted
20:55:07 | INFO     | t=2122.5: WAGON[W12037] → Added to retrofitted track retrofitted
20:55:07 | INFO     | t=2122.5: WAGON[W0440] → Added to retrofitted track retrofitted
20:55:07 | INFO     | t=2127.5: WORKSHOP[WS_01] → Released, notifying 1 waiting processes
20:55:07 | INFO     | t=2127.5: WORKSHOP → Workshop became available
20:55:07 | INFO     | t=2127.5: WORKSHOP[WS_01] → Selected for batch
20:55:07 | INFO     | t=2127.5: DISPATCHER → Assigned loco LOCO_01 to workshop_to_retrofitted (waited 17.5 min, pending=2)
20:55:07 | INFO     | t=2127.5: WAGON[W3950] → Added to batch
20:55:07 | INFO     | t=2127.5: BATCH[W10354,W3950] → Formed 2 wagons for WS_01
20:55:07 | INFO     | t=2127.5: LOCO[LOCO_01] → Allocated for pickup
20:55:07 | INFO     | t=2127.5: TRACK[retrofit] → Removed 2 wagons (42.8m freed)
20:55:07 | INFO     | t=2127.5: DISPATCHER → Task submitted: retrofit_to_workshop (pending=3)
20:55:07 | INFO     | t=2134.5: LOCO[LOCO_01] → TRAIN_PREP completed at WS_02 (2.0 min)
20:55:07 | INFO     | EVENT_PUBLISHED: TrainArrivedEvent | train=T23 | time=2138.0
20:55:07 | INFO     | EVENT_HANDLING: TrainArrivedEvent -> RetrofitWorkshopContext._handle_train_arrived
20:55:07 | INFO     | EVENT_HANDLED: TrainArrivedEvent by RetrofitWorkshopContext._handle_train_arrived
20:55:07 | INFO     | t=2139.5: BATCH → Putting 2 wagons on retrofitted track retrofitted
20:55:07 | INFO     | t=2139.5: WAGON[W11988] → Added to retrofitted track retrofitted
20:55:07 | INFO     | t=2139.5: WAGON[W11467] → Added to retrofitted track retrofitted
20:55:07 | INFO     | t=2144.5: WORKSHOP[WS_02] → Released, notifying 0 waiting processes
20:55:07 | INFO     | t=2144.5: DISPATCHER → Assigned loco LOCO_01 to retrofit_to_workshop (waited 17.0 min, pending=2)
20:55:07 | INFO     | t=2144.5: RAKE[W10354,W3950] → COUPLING at retrofit (1 couplings, 2.0 min)
20:55:07 | INFO     | EVENT_PUBLISHED: TrainArrivedEvent | train=T24 | time=2149.8
20:55:07 | INFO     | EVENT_HANDLING: TrainArrivedEvent -> RetrofitWorkshopContext._handle_train_arrived
20:55:07 | INFO     | EVENT_HANDLED: TrainArrivedEvent by RetrofitWorkshopContext._handle_train_arrived
20:55:07 | INFO     | t=2151.5: LOCO[LOCO_01] → COUPLING at retrofit (2.0 min)
20:55:07 | INFO     | t=2153.5: LOCO[LOCO_01] → SHUNTING_PREP at retrofit (1.0 min)
20:55:07 | INFO     | EVENT_PUBLISHED: TrainArrivedEvent | train=T25 | time=2158.0
20:55:07 | INFO     | EVENT_HANDLING: TrainArrivedEvent -> RetrofitWorkshopContext._handle_train_arrived
20:55:07 | INFO     | EVENT_HANDLED: TrainArrivedEvent by RetrofitWorkshopContext._handle_train_arrived
20:55:07 | INFO     | t=2159.5: LOCO[LOCO_01] → DECOUPLING at WS_01 (3.0 min)
20:55:07 | INFO     | t=2162.5: RAKE[W10354,W3950] → DECOUPLING at WS_01 (1 couplings, 3.0 min)
20:55:07 | INFO     | t=2165.5: WAGON[W10354] → RETROFIT_STARTED at WS_01
20:55:07 | INFO     | t=2165.5: WAGON[W3950] → RETROFIT_STARTED at WS_01
20:55:07 | INFO     | t=2170.5: DISPATCHER → Hold override for retrofitted_to_parking (waited 60.0 min >= max 45.0 min)
20:55:07 | INFO     | t=2170.5: DISPATCHER → Assigned loco LOCO_01 to collection_to_retrofit (waited 261.0 min, pending=1)
20:55:07 | INFO     | t=2170.5: DISPATCHER → Hold override for retrofitted_to_parking (waited 60.0 min >= max 45.0 min)
20:55:07 | INFO     | t=2181.5: LOCO[LOCO_02] → DECOUPLING at retrofit (9.0 min)
20:55:07 | INFO     | t=2181.5: WAGON[W12260] → Retrieved from retrofit queue
20:55:07 | INFO     | t=2181.5: WORKSHOP[WS_02] → Selected for batch
20:55:07 | INFO     | t=2181.5: WAGON[W0130] → Added to batch
20:55:07 | INFO     | t=2181.5: BATCH[W12260,W0130] → Formed 2 wagons for WS_02
20:55:07 | INFO     | t=2181.5: TRACK[retrofit] → Removed 2 wagons (38.7m freed)
20:55:07 | INFO     | t=2181.5: DISPATCHER → Task submitted: retrofit_to_workshop (pending=2)
20:55:07 | INFO     | t=2190.5: RAKE[W12260,W0130,W9352] → DECOUPLING at retrofit (2 couplings, 6.0 min)
20:55:07 | INFO     | t=2201.5: DISPATCHER → Hold override for retrofitted_to_parking (waited 91.0 min >= max 45.0 min)
20:55:07 | INFO     | t=2201.5: DISPATCHER → Assigned loco LOCO_02 to retrofit_to_workshop (waited 20.0 min, pending=1)
20:55:07 | INFO     | t=2201.5: DISPATCHER → Hold override for retrofitted_to_parking (waited 91.0 min >= max 45.0 min)
20:55:07 | INFO     | t=2201.5: RAKE[W12260,W0130] → COUPLING at retrofit (1 couplings, 2.0 min)
20:55:07 | INFO     | t=2201.5: WAGON[W9352] → Retrieved from retrofit queue
20:55:07 | INFO     | t=2201.5: WORKSHOP → No workshop available, waiting...
20:55:07 | INFO     | t=2201.5: Batch size limited by retrofit capacity: 8 wagons (162.4m) fits, 11 waiting
20:55:07 | INFO     | t=2201.5: COLLECTION → Reserving retrofit track capacity for 8 wagons
20:55:07 | INFO     | t=2201.5: COLLECTION → Capacity reserved, allocating locomotive
20:55:07 | INFO     | t=2201.5: DISPATCHER → Task submitted: collection_to_retrofit (pending=2)
20:55:07 | INFO     | t=2208.5: LOCO[LOCO_02] → COUPLING at retrofit (2.0 min)
20:55:07 | INFO     | t=2210.5: LOCO[LOCO_02] → SHUNTING_PREP at retrofit (1.0 min)
20:55:07 | INFO     | t=2216.5: LOCO[LOCO_02] → DECOUPLING at WS_02 (3.0 min)
20:55:07 | INFO     | t=2219.5: RAKE[W12260,W0130] → DECOUPLING at WS_02 (1 couplings, 3.0 min)
20:55:07 | INFO     | t=2222.5: WAGON[W12260] → RETROFIT_STARTED at WS_02
20:55:07 | INFO     | t=2222.5: WAGON[W0130] → RETROFIT_STARTED at WS_02
20:55:07 | INFO     | t=2225.5: RAKE[W10354,W3950] → COUPLING at WS_01 (1 couplings, 0.5 min)
20:55:07 | INFO     | t=2226.0: LOCO → Allocating for pickup from WS_01
20:55:07 | INFO     | t=2226.0: DISPATCHER → Task submitted: workshop_to_retrofitted (pending=3)
20:55:07 | INFO     | t=2227.5: DISPATCHER → Hold override for retrofitted_to_parking (waited 117.0 min >= max 45.0 min)
20:55:07 | INFO     | t=2227.5: DISPATCHER → Assigned loco LOCO_02 to workshop_to_retrofitted (waited 1.5 min, pending=2)
20:55:07 | INFO     | t=2227.5: DISPATCHER → Hold override for retrofitted_to_parking (waited 117.0 min >= max 45.0 min)
20:55:07 | INFO     | t=2227.5: LOCO[LOCO_02] → Allocated for pickup
20:55:07 | INFO     | t=2230.5: LOCO[LOCO_01] → TRAIN_PREP at collection (coupling + prep, 15.0 min)
20:55:07 | INFO     | t=2234.5: LOCO[LOCO_02] → TRAIN_PREP completed at WS_01 (2.0 min)
20:55:07 | INFO     | t=2239.5: BATCH → Putting 2 wagons on retrofitted track retrofitted
20:55:07 | INFO     | t=2239.5: WAGON[W10354] → Added to retrofitted track retrofitted
20:55:07 | INFO     | t=2239.5: WAGON[W3950] → Added to retrofitted track retrofitted
20:55:07 | INFO     | t=2244.5: WORKSHOP[WS_01] → Released, notifying 1 waiting processes
20:55:07 | INFO     | t=2244.5: WORKSHOP → Workshop became available
20:55:07 | INFO     | t=2244.5: WORKSHOP[WS_01] → Selected for batch
20:55:07 | INFO     | t=2244.5: BATCH[W9352] → Formed 1 wagons for WS_01
20:55:07 | INFO     | t=2244.5: DISPATCHER → Hold override for retrofitted_to_parking (waited 134.0 min >= max 45.0 min)
20:55:07 | INFO     | t=2244.5: DISPATCHER → Assigned loco LOCO_02 to retrofitted_to_parking (waited 134.0 min, pending=1)
20:55:07 | INFO     | t=2244.5: TRACK[retrofit] → Removed 1 wagons (16.1m freed)
20:55:07 | INFO     | t=2244.5: DISPATCHER → Task submitted: retrofit_to_workshop (pending=2)
20:55:07 | INFO     | t=2244.5: LOCO[LOCO_02] → Allocated for parking transport
20:55:07 | INFO     | t=2249.5: LOCO[LOCO_02] → TRAIN_PREP at retrofitted (coupling + prep, 4.0 min)
20:55:07 | INFO     | EVENT_PUBLISHED: TrainArrivedEvent | train=T26 | time=2258.0
20:55:07 | INFO     | EVENT_HANDLING: TrainArrivedEvent -> RetrofitWorkshopContext._handle_train_arrived
20:55:07 | INFO     | EVENT_HANDLED: TrainArrivedEvent by RetrofitWorkshopContext._handle_train_arrived
20:55:07 | INFO     | t=2282.5: RAKE[W12260,W0130] → COUPLING at WS_02 (1 couplings, 0.5 min)
20:55:07 | INFO     | t=2283.0: LOCO → Allocating for pickup from WS_02
20:55:07 | INFO     | t=2283.0: DISPATCHER → Task submitted: workshop_to_retrofitted (pending=3)
20:55:07 | INFO     | EVENT_PUBLISHED: TrainArrivedEvent | train=T27 | time=2303.8
20:55:07 | INFO     | EVENT_HANDLING: TrainArrivedEvent -> RetrofitWorkshopContext._handle_train_arrived
20:55:07 | INFO     | EVENT_HANDLED: TrainArrivedEvent by RetrofitWorkshopContext._handle_train_arrived
20:55:07 | INFO     | t=2305.5: LOCO[LOCO_01] → DECOUPLING at retrofit (21.0 min)
20:55:07 | INFO     | EVENT_PUBLISHED: TrainArrivedEvent | train=T28 | time=2324.2
20:55:07 | INFO     | EVENT_HANDLING: TrainArrivedEvent -> RetrofitWorkshopContext._handle_train_arrived
20:55:07 | INFO     | EVENT_HANDLED: TrainArrivedEvent by RetrofitWorkshopContext._handle_train_arrived
20:55:07 | INFO     | t=2326.5: RAKE[W7997,W8626,W9169,W9173,W9270,W9276,W11578] → DECOUPLING at retrofit (6 couplings, 18.0 min)
20:55:07 | INFO     | t=2349.5: Batch size limited by retrofit capacity: 1 wagons (29.6m) fits, 21 waiting
20:55:07 | INFO     | t=2349.5: DISPATCHER → Assigned loco LOCO_01 to workshop_to_retrofitted (waited 66.5 min, pending=2)
20:55:07 | INFO     | t=2349.5: COLLECTION → Reserving retrofit track capacity for 1 wagons
20:55:07 | INFO     | t=2349.5: LOCO[LOCO_01] → Allocated for pickup
20:55:07 | INFO     | t=2356.5: LOCO[LOCO_01] → TRAIN_PREP completed at WS_02 (2.0 min)
20:55:07 | INFO     | t=2361.5: BATCH → Putting 2 wagons on retrofitted track retrofitted
20:55:07 | INFO     | t=2361.5: WAGON[W12260] → Added to retrofitted track retrofitted
20:55:07 | INFO     | t=2361.5: WAGON[W0130] → Added to retrofitted track retrofitted
20:55:07 | INFO     | t=2366.5: WORKSHOP[WS_02] → Released, notifying 0 waiting processes
20:55:07 | INFO     | t=2366.5: DISPATCHER → Assigned loco LOCO_01 to retrofit_to_workshop (waited 122.0 min, pending=1)
20:55:07 | INFO     | t=2366.5: RAKE[W9352] → COUPLING at retrofit (0 couplings, 0.0 min)
20:55:07 | INFO     | t=2366.5: WAGON[W7997] → Retrieved from retrofit queue
20:55:07 | INFO     | t=2366.5: WORKSHOP[WS_02] → Selected for batch
20:55:07 | INFO     | t=2366.5: WAGON[W8626] → Added to batch
20:55:07 | INFO     | t=2366.5: BATCH[W7997,W8626] → Formed 2 wagons for WS_02
20:55:07 | INFO     | t=2366.5: TRACK[retrofit] → Removed 2 wagons (46.2m freed)
20:55:07 | INFO     | t=2366.5: DISPATCHER → Task submitted: retrofit_to_workshop (pending=2)
20:55:07 | INFO     | t=2366.5: COLLECTION → Capacity reserved, allocating locomotive
20:55:07 | INFO     | t=2366.5: DISPATCHER → Task submitted: collection_to_retrofit (pending=3)
20:55:07 | INFO     | t=2371.5: LOCO[LOCO_01] → COUPLING at retrofit (2.0 min)
20:55:07 | INFO     | t=2373.5: LOCO[LOCO_02] → DECOUPLING at parking16 (3.0 min)
20:55:07 | INFO     | t=2373.5: LOCO[LOCO_01] → SHUNTING_PREP at retrofit (1.0 min)
20:55:07 | INFO     | t=2376.5: RAKE[W7970,W4849,W2967,W9776,W12208,W11348] → DECOUPLING at parking16 (5 couplings, 2.5 min)
20:55:07 | INFO     | t=2379.5: LOCO[LOCO_01] → DECOUPLING at WS_01 (3.0 min)
20:55:07 | INFO     | t=2382.5: RAKE[W9352] → DECOUPLING at WS_01 (0 couplings, 0.0 min)
20:55:07 | INFO     | t=2382.5: WAGON[W9352] → RETROFIT_STARTED at WS_01
20:55:07 | INFO     | t=2387.5: DISPATCHER → Assigned loco LOCO_01 to retrofit_to_workshop (waited 21.0 min, pending=2)
20:55:07 | INFO     | t=2387.5: RAKE[W7997,W8626] → COUPLING at retrofit (1 couplings, 2.0 min)
20:55:07 | INFO     | t=2387.5: WAGON[W9169] → Retrieved from retrofit queue
20:55:07 | INFO     | t=2387.5: WORKSHOP → No workshop available, waiting...
20:55:07 | INFO     | t=2394.5: LOCO[LOCO_01] → COUPLING at retrofit (2.0 min)
20:55:07 | INFO     | t=2396.5: LOCO[LOCO_01] → SHUNTING_PREP at retrofit (1.0 min)
20:55:07 | INFO     | t=2402.5: LOCO[LOCO_01] → DECOUPLING at WS_02 (3.0 min)
20:55:07 | INFO     | t=2405.5: RAKE[W7997,W8626] → DECOUPLING at WS_02 (1 couplings, 3.0 min)
20:55:07 | INFO     | t=2408.5: WAGON[W7997] → RETROFIT_STARTED at WS_02
20:55:07 | INFO     | t=2408.5: WAGON[W8626] → RETROFIT_STARTED at WS_02
20:55:07 | INFO     | t=2439.0: LOCO[LOCO_02] → Releasing
20:55:07 | INFO     | t=2439.0: LOCO[LOCO_02] → Released
20:55:07 | INFO     | t=2439.0: PARKING → Got wagon W12037 from retrofitted
20:55:07 | INFO     | t=2439.0: LOCO → Allocating for parking transport
20:55:07 | INFO     | t=2439.0: DISPATCHER → Task submitted: retrofitted_to_parking (pending=3)
20:55:07 | INFO     | t=2439.0: DISPATCHER → Assigned loco LOCO_01 to retrofitted_to_parking (waited 0.0 min, pending=2)
20:55:07 | INFO     | t=2439.0: LOCO[LOCO_01] → Allocated for parking transport
20:55:07 | INFO     | t=2442.5: RAKE[W9352] → COUPLING at WS_01 (0 couplings, 0.0 min)
20:55:07 | INFO     | t=2442.5: LOCO → Allocating for pickup from WS_01
20:55:07 | INFO     | t=2442.5: DISPATCHER → Task submitted: workshop_to_retrofitted (pending=3)
20:55:07 | INFO     | t=2442.5: DISPATCHER → Assigned loco LOCO_02 to workshop_to_retrofitted (waited 0.0 min, pending=2)
20:55:07 | INFO     | t=2442.5: LOCO[LOCO_02] → Allocated for pickup
20:55:07 | INFO     | t=2444.0: LOCO[LOCO_01] → TRAIN_PREP at retrofitted (coupling + prep, 5.0 min)
20:55:07 | INFO     | t=2449.0: LOCO[LOCO_02] → TRAIN_PREP completed at WS_01 (1.5 min)
20:55:07 | INFO     | t=2454.0: BATCH → Putting 1 wagons on retrofitted track retrofitted
20:55:07 | INFO     | t=2454.0: WAGON[W9352] → Added to retrofitted track retrofitted
20:55:07 | INFO     | t=2459.0: WORKSHOP[WS_01] → Released, notifying 1 waiting processes
20:55:07 | INFO     | t=2459.0: WORKSHOP → Workshop became available
20:55:07 | INFO     | t=2459.0: WORKSHOP[WS_01] → Selected for batch
20:55:07 | INFO     | t=2459.0: WAGON[W9173] → Added to batch
20:55:07 | INFO     | t=2459.0: BATCH[W9169,W9173] → Formed 2 wagons for WS_01
20:55:07 | INFO     | t=2459.0: TRACK[retrofit] → Removed 2 wagons (34.0m freed)
20:55:07 | INFO     | t=2459.0: DISPATCHER → Task submitted: retrofit_to_workshop (pending=3)
20:55:07 | INFO     | t=2459.0: DISPATCHER → Assigned loco LOCO_02 to retrofit_to_workshop (waited 0.0 min, pending=2)
20:55:07 | INFO     | t=2459.0: RAKE[W9169,W9173] → COUPLING at retrofit (1 couplings, 2.0 min)
20:55:07 | INFO     | t=2459.0: WAGON[W9270] → Retrieved from retrofit queue
20:55:07 | INFO     | t=2459.0: WORKSHOP → No workshop available, waiting...
20:55:07 | INFO     | t=2466.0: LOCO[LOCO_02] → COUPLING at retrofit (2.0 min)
20:55:07 | INFO     | t=2468.0: LOCO[LOCO_02] → SHUNTING_PREP at retrofit (1.0 min)
20:55:07 | INFO     | t=2468.5: RAKE[W7997,W8626] → COUPLING at WS_02 (1 couplings, 0.5 min)
20:55:07 | INFO     | t=2469.0: LOCO → Allocating for pickup from WS_02
20:55:07 | INFO     | t=2469.0: DISPATCHER → Task submitted: workshop_to_retrofitted (pending=3)
20:55:07 | INFO     | t=2474.0: LOCO[LOCO_02] → DECOUPLING at WS_01 (3.0 min)
20:55:07 | INFO     | t=2477.0: RAKE[W9169,W9173] → DECOUPLING at WS_01 (1 couplings, 3.0 min)
20:55:07 | INFO     | t=2480.0: WAGON[W9169] → RETROFIT_STARTED at WS_01
20:55:07 | INFO     | t=2480.0: WAGON[W9173] → RETROFIT_STARTED at WS_01
20:55:07 | INFO     | EVENT_PUBLISHED: TrainArrivedEvent | train=T29 | time=2484.8
20:55:07 | INFO     | EVENT_HANDLING: TrainArrivedEvent -> RetrofitWorkshopContext._handle_train_arrived
20:55:07 | INFO     | EVENT_HANDLED: TrainArrivedEvent by RetrofitWorkshopContext._handle_train_arrived
20:55:07 | INFO     | t=2485.0: DISPATCHER → Assigned loco LOCO_02 to workshop_to_retrofitted (waited 16.0 min, pending=2)
20:55:07 | INFO     | t=2485.0: LOCO[LOCO_02] → Allocated for pickup
20:55:07 | INFO     | t=2492.0: LOCO[LOCO_02] → TRAIN_PREP completed at WS_02 (2.0 min)
20:55:07 | INFO     | t=2497.0: BATCH → Putting 2 wagons on retrofitted track retrofitted
20:55:07 | INFO     | t=2497.0: WAGON[W7997] → Added to retrofitted track retrofitted
20:55:07 | INFO     | t=2497.0: WAGON[W8626] → Added to retrofitted track retrofitted
20:55:07 | INFO     | t=2502.0: WORKSHOP[WS_02] → Released, notifying 1 waiting processes
20:55:07 | INFO     | t=2502.0: WORKSHOP → Workshop became available
20:55:07 | INFO     | t=2502.0: WORKSHOP[WS_02] → Selected for batch
20:55:07 | INFO     | t=2502.0: DISPATCHER → Assigned loco LOCO_02 to collection_to_retrofit (waited 300.5 min, pending=1)
20:55:07 | INFO     | t=2502.0: WAGON[W9276] → Added to batch
20:55:07 | INFO     | t=2502.0: BATCH[W9270,W9276] → Formed 2 wagons for WS_02
20:55:07 | INFO     | t=2502.0: TRACK[retrofit] → Removed 2 wagons (34.0m freed)
20:55:07 | INFO     | t=2502.0: DISPATCHER → Task submitted: retrofit_to_workshop (pending=2)
20:55:07 | INFO     | EVENT_PUBLISHED: TrainArrivedEvent | train=T30 | time=2523.0
20:55:07 | INFO     | EVENT_HANDLING: TrainArrivedEvent -> RetrofitWorkshopContext._handle_train_arrived
20:55:07 | INFO     | EVENT_HANDLED: TrainArrivedEvent by RetrofitWorkshopContext._handle_train_arrived
20:55:07 | INFO     | EVENT_PUBLISHED: TrainArrivedEvent | train=T31 | time=2529.2
20:55:07 | INFO     | EVENT_HANDLING: TrainArrivedEvent -> RetrofitWorkshopContext._handle_train_arrived
20:55:07 | INFO     | EVENT_HANDLED: TrainArrivedEvent by RetrofitWorkshopContext._handle_train_arrived
20:55:07 | INFO     | t=2540.0: RAKE[W9169,W9173] → COUPLING at WS_01 (1 couplings, 0.5 min)
20:55:07 | INFO     | t=2540.5: LOCO → Allocating for pickup from WS_01
20:55:07 | INFO     | t=2540.5: DISPATCHER → Task submitted: workshop_to_retrofitted (pending=3)
20:55:07 | INFO     | t=2562.0: LOCO[LOCO_02] → TRAIN_PREP at collection (coupling + prep, 17.0 min)
20:55:07 | INFO     | t=2569.0: LOCO[LOCO_01] → DECOUPLING at parking16 (4.0 min)
20:55:07 | INFO     | EVENT_PUBLISHED: TrainArrivedEvent | train=T32 | time=2571.5
20:55:07 | INFO     | EVENT_HANDLING: TrainArrivedEvent -> RetrofitWorkshopContext._handle_train_arrived
20:55:07 | INFO     | EVENT_HANDLED: TrainArrivedEvent by RetrofitWorkshopContext._handle_train_arrived
20:55:07 | INFO     | t=2573.0: RAKE[W12037,W0440,W11988,W11467,W10354,W3950,W12260,W0130] → DECOUPLING at parking16 (7 couplings, 3.5 min)
20:55:07 | INFO     | EVENT_PUBLISHED: TrainArrivedEvent | train=T33 | time=2574.0
20:55:07 | INFO     | EVENT_HANDLING: TrainArrivedEvent -> RetrofitWorkshopContext._handle_train_arrived
20:55:07 | INFO     | EVENT_HANDLED: TrainArrivedEvent by RetrofitWorkshopContext._handle_train_arrived
20:55:07 | INFO     | t=2636.5: LOCO[LOCO_01] → Releasing
20:55:07 | INFO     | t=2636.5: LOCO[LOCO_01] → Released
20:55:07 | INFO     | t=2636.5: PARKING → Got wagon W9352 from retrofitted
20:55:07 | INFO     | t=2636.5: DISPATCHER → Assigned loco LOCO_01 to workshop_to_retrofitted (waited 96.0 min, pending=2)
20:55:07 | INFO     | t=2636.5: LOCO[LOCO_01] → Allocated for pickup
20:55:07 | INFO     | t=2636.5: LOCO → Allocating for parking transport
20:55:07 | INFO     | t=2636.5: DISPATCHER → Task submitted: retrofitted_to_parking (pending=3)
20:55:07 | INFO     | t=2639.0: LOCO[LOCO_02] → DECOUPLING at retrofit (24.0 min)
20:55:07 | INFO     | t=2643.5: LOCO[LOCO_01] → TRAIN_PREP completed at WS_01 (2.0 min)
20:55:07 | INFO     | t=2648.5: BATCH → Putting 2 wagons on retrofitted track retrofitted
20:55:07 | INFO     | t=2648.5: WAGON[W9169] → Added to retrofitted track retrofitted
20:55:07 | INFO     | t=2648.5: WAGON[W9173] → Added to retrofitted track retrofitted
20:55:07 | INFO     | t=2653.5: WORKSHOP[WS_01] → Released, notifying 0 waiting processes
20:55:07 | INFO     | t=2653.5: DISPATCHER → Assigned loco LOCO_01 to retrofit_to_workshop (waited 151.5 min, pending=2)
20:55:07 | INFO     | t=2653.5: RAKE[W9270,W9276] → COUPLING at retrofit (1 couplings, 2.0 min)
20:55:07 | INFO     | t=2653.5: WAGON[W11578] → Retrieved from retrofit queue
20:55:07 | INFO     | t=2653.5: WORKSHOP[WS_01] → Selected for batch
20:55:07 | INFO     | t=2653.5: WAGON[W2980] → Added to batch
20:55:07 | INFO     | t=2653.5: BATCH[W11578,W2980] → Formed 2 wagons for WS_01
20:55:07 | INFO     | t=2653.5: TRACK[retrofit] → Removed 2 wagons (43.7m freed)
20:55:07 | INFO     | t=2653.5: DISPATCHER → Task submitted: retrofit_to_workshop (pending=3)
20:55:07 | INFO     | t=2660.5: LOCO[LOCO_01] → COUPLING at retrofit (2.0 min)
20:55:07 | INFO     | t=2662.5: LOCO[LOCO_01] → SHUNTING_PREP at retrofit (1.0 min)
20:55:07 | INFO     | t=2663.0: RAKE[W2980,W2406,W2399,W9868,W12060,W12210,W8636,W10949] → DECOUPLING at retrofit (7 couplings, 21.0 min)
20:55:07 | INFO     | EVENT_PUBLISHED: TrainArrivedEvent | train=T34 | time=2666.8
20:55:07 | INFO     | EVENT_HANDLING: TrainArrivedEvent -> RetrofitWorkshopContext._handle_train_arrived
20:55:07 | INFO     | EVENT_HANDLED: TrainArrivedEvent by RetrofitWorkshopContext._handle_train_arrived
20:55:07 | INFO     | t=2668.5: LOCO[LOCO_01] → DECOUPLING at WS_02 (3.0 min)
20:55:07 | INFO     | t=2671.5: RAKE[W9270,W9276] → DECOUPLING at WS_02 (1 couplings, 3.0 min)
20:55:07 | INFO     | t=2674.5: WAGON[W9270] → RETROFIT_STARTED at WS_02
20:55:07 | INFO     | t=2674.5: WAGON[W9276] → RETROFIT_STARTED at WS_02
20:55:07 | INFO     | t=2679.5: DISPATCHER → Assigned loco LOCO_01 to retrofit_to_workshop (waited 26.0 min, pending=2)
20:55:07 | INFO     | t=2679.5: RAKE[W11578,W2980] → COUPLING at retrofit (1 couplings, 2.0 min)
20:55:07 | INFO     | t=2679.5: WAGON[W2406] → Retrieved from retrofit queue
20:55:07 | INFO     | t=2679.5: WORKSHOP → No workshop available, waiting...
20:55:07 | INFO     | t=2686.5: LOCO[LOCO_01] → COUPLING at retrofit (2.0 min)
20:55:07 | INFO     | t=2688.5: LOCO[LOCO_01] → SHUNTING_PREP at retrofit (1.0 min)
20:55:07 | INFO     | t=2689.0: DISPATCHER → Hold override for retrofitted_to_parking (waited 52.5 min >= max 45.0 min)
20:55:07 | INFO     | t=2689.0: DISPATCHER → Assigned loco LOCO_02 to collection_to_retrofit (waited 322.5 min, pending=1)
20:55:07 | INFO     | t=2689.0: DISPATCHER → Hold override for retrofitted_to_parking (waited 52.5 min >= max 45.0 min)
20:55:07 | INFO     | t=2689.0: Batch size limited by retrofit capacity: 7 wagons (139.3m) fits, 16 waiting
20:55:07 | INFO     | t=2689.0: COLLECTION → Reserving retrofit track capacity for 7 wagons
20:55:07 | INFO     | t=2689.0: COLLECTION → Capacity reserved, allocating locomotive
20:55:07 | INFO     | t=2689.0: DISPATCHER → Task submitted: collection_to_retrofit (pending=2)
20:55:07 | INFO     | t=2694.5: LOCO[LOCO_01] → DECOUPLING at WS_01 (3.0 min)
20:55:07 | INFO     | t=2697.5: RAKE[W11578,W2980] → DECOUPLING at WS_01 (1 couplings, 3.0 min)
20:55:07 | INFO     | t=2700.5: WAGON[W11578] → RETROFIT_STARTED at WS_01
20:55:07 | INFO     | t=2700.5: WAGON[W2980] → RETROFIT_STARTED at WS_01
20:55:07 | INFO     | t=2705.5: DISPATCHER → Hold override for retrofitted_to_parking (waited 69.0 min >= max 45.0 min)
20:55:07 | INFO     | t=2705.5: DISPATCHER → Assigned loco LOCO_01 to retrofitted_to_parking (waited 69.0 min, pending=1)
20:55:07 | INFO     | t=2705.5: LOCO[LOCO_01] → Allocated for parking transport
20:55:07 | INFO     | t=2710.5: LOCO[LOCO_01] → TRAIN_PREP at retrofitted (coupling + prep, 2.5 min)
20:55:07 | INFO     | EVENT_PUBLISHED: TrainArrivedEvent | train=T35 | time=2717.8
20:55:07 | INFO     | EVENT_HANDLING: TrainArrivedEvent -> RetrofitWorkshopContext._handle_train_arrived
20:55:07 | INFO     | EVENT_HANDLED: TrainArrivedEvent by RetrofitWorkshopContext._handle_train_arrived
20:55:07 | INFO     | t=2734.5: RAKE[W9270,W9276] → COUPLING at WS_02 (1 couplings, 0.5 min)
20:55:07 | INFO     | t=2735.0: LOCO → Allocating for pickup from WS_02
20:55:07 | INFO     | t=2735.0: DISPATCHER → Task submitted: workshop_to_retrofitted (pending=2)
20:55:07 | INFO     | t=2749.0: LOCO[LOCO_02] → TRAIN_PREP at collection (coupling + prep, 3.0 min)
20:55:07 | INFO     | t=2760.5: RAKE[W11578,W2980] → COUPLING at WS_01 (1 couplings, 0.5 min)
20:55:07 | INFO     | t=2761.0: LOCO → Allocating for pickup from WS_01
20:55:07 | INFO     | t=2761.0: DISPATCHER → Task submitted: workshop_to_retrofitted (pending=3)
20:55:07 | INFO     | t=2812.0: LOCO[LOCO_02] → DECOUPLING at retrofit (3.0 min)
20:55:07 | INFO     | t=2815.0: RAKE[W0623] → DECOUPLING at retrofit (0 couplings, 0.0 min)
20:55:07 | INFO     | t=2820.0: Batch size limited by retrofit capacity: 1 wagons (23.2m) fits, 23 waiting
20:55:07 | INFO     | t=2820.0: DISPATCHER → Assigned loco LOCO_02 to workshop_to_retrofitted (waited 85.0 min, pending=2)
20:55:07 | INFO     | t=2820.0: COLLECTION → Reserving retrofit track capacity for 1 wagons
20:55:07 | INFO     | t=2820.0: LOCO[LOCO_02] → Allocated for pickup
20:55:07 | INFO     | t=2827.0: LOCO[LOCO_02] → TRAIN_PREP completed at WS_02 (2.0 min)
20:55:07 | INFO     | t=2832.0: BATCH → Putting 2 wagons on retrofitted track retrofitted
20:55:07 | INFO     | t=2832.0: WAGON[W9270] → Added to retrofitted track retrofitted
20:55:07 | INFO     | t=2832.0: WAGON[W9276] → Added to retrofitted track retrofitted
20:55:07 | INFO     | t=2833.0: LOCO[LOCO_01] → DECOUPLING at parking16 (1.5 min)
20:55:07 | INFO     | t=2834.5: RAKE[W9352,W7997,W8626] → DECOUPLING at parking16 (2 couplings, 1.0 min)
20:55:07 | INFO     | t=2837.0: WORKSHOP[WS_02] → Released, notifying 1 waiting processes
20:55:07 | INFO     | t=2837.0: WORKSHOP → Workshop became available
20:55:07 | INFO     | t=2837.0: WORKSHOP[WS_02] → Selected for batch
20:55:07 | INFO     | t=2837.0: DISPATCHER → Assigned loco LOCO_02 to workshop_to_retrofitted (waited 76.0 min, pending=1)
20:55:07 | INFO     | t=2837.0: WAGON[W2399] → Added to batch
20:55:07 | INFO     | t=2837.0: BATCH[W2406,W2399] → Formed 2 wagons for WS_02
20:55:07 | INFO     | t=2837.0: LOCO[LOCO_02] → Allocated for pickup
20:55:07 | INFO     | t=2837.0: TRACK[retrofit] → Removed 2 wagons (31.8m freed)
20:55:07 | INFO     | t=2837.0: DISPATCHER → Task submitted: retrofit_to_workshop (pending=2)
20:55:07 | INFO     | t=2837.0: COLLECTION → Capacity reserved, allocating locomotive
20:55:07 | INFO     | t=2837.0: DISPATCHER → Task submitted: collection_to_retrofit (pending=3)
20:55:07 | INFO     | t=2844.0: LOCO[LOCO_02] → TRAIN_PREP completed at WS_01 (2.0 min)
20:55:07 | INFO     | EVENT_PUBLISHED: TrainArrivedEvent | train=T36 | time=2844.8
20:55:07 | INFO     | EVENT_HANDLING: TrainArrivedEvent -> RetrofitWorkshopContext._handle_train_arrived
20:55:07 | INFO     | EVENT_HANDLED: TrainArrivedEvent by RetrofitWorkshopContext._handle_train_arrived
20:55:07 | INFO     | t=2849.0: BATCH → Putting 2 wagons on retrofitted track retrofitted
20:55:07 | INFO     | t=2849.0: WAGON[W11578] → Added to retrofitted track retrofitted
20:55:07 | INFO     | t=2849.0: WAGON[W2980] → Added to retrofitted track retrofitted
20:55:07 | INFO     | t=2854.0: WORKSHOP[WS_01] → Released, notifying 0 waiting processes
20:55:07 | INFO     | t=2854.0: DISPATCHER → Assigned loco LOCO_02 to retrofit_to_workshop (waited 17.0 min, pending=2)
20:55:07 | INFO     | t=2854.0: RAKE[W2406,W2399] → COUPLING at retrofit (1 couplings, 2.0 min)
20:55:07 | INFO     | t=2854.0: WAGON[W9868] → Retrieved from retrofit queue
20:55:07 | INFO     | t=2854.0: WORKSHOP[WS_01] → Selected for batch
20:55:07 | INFO     | t=2854.0: WAGON[W12060] → Added to batch
20:55:07 | INFO     | t=2854.0: BATCH[W9868,W12060] → Formed 2 wagons for WS_01
20:55:07 | INFO     | t=2854.0: TRACK[retrofit] → Removed 2 wagons (46.5m freed)
20:55:07 | INFO     | t=2854.0: DISPATCHER → Task submitted: retrofit_to_workshop (pending=3)
20:55:07 | INFO     | t=2861.0: LOCO[LOCO_02] → COUPLING at retrofit (2.0 min)
20:55:07 | INFO     | t=2863.0: LOCO[LOCO_02] → SHUNTING_PREP at retrofit (1.0 min)
20:55:07 | INFO     | t=2869.0: LOCO[LOCO_02] → DECOUPLING at WS_02 (3.0 min)
20:55:07 | INFO     | t=2872.0: RAKE[W2406,W2399] → DECOUPLING at WS_02 (1 couplings, 3.0 min)
20:55:07 | INFO     | t=2875.0: WAGON[W2406] → RETROFIT_STARTED at WS_02
20:55:07 | INFO     | t=2875.0: WAGON[W2399] → RETROFIT_STARTED at WS_02
20:55:07 | INFO     | t=2880.0: DISPATCHER → Assigned loco LOCO_02 to retrofit_to_workshop (waited 26.0 min, pending=2)
20:55:07 | INFO     | t=2880.0: RAKE[W9868,W12060] → COUPLING at retrofit (1 couplings, 2.0 min)
20:55:07 | INFO     | t=2880.0: WAGON[W12210] → Retrieved from retrofit queue
20:55:07 | INFO     | t=2880.0: WORKSHOP → No workshop available, waiting...
20:55:07 | INFO     | t=2887.0: LOCO[LOCO_02] → COUPLING at retrofit (2.0 min)
20:55:07 | INFO     | t=2889.0: LOCO[LOCO_02] → SHUNTING_PREP at retrofit (1.0 min)
20:55:07 | INFO     | EVENT_PUBLISHED: TrainArrivedEvent | train=T37 | time=2894.8
20:55:07 | INFO     | EVENT_HANDLING: TrainArrivedEvent -> RetrofitWorkshopContext._handle_train_arrived
20:55:07 | INFO     | EVENT_HANDLED: TrainArrivedEvent by RetrofitWorkshopContext._handle_train_arrived
20:55:07 | INFO     | t=2895.0: LOCO[LOCO_02] → DECOUPLING at WS_01 (3.0 min)
20:55:07 | INFO     | t=2895.5: LOCO[LOCO_01] → Releasing
20:55:07 | INFO     | t=2895.5: LOCO[LOCO_01] → Released
20:55:07 | INFO     | t=2895.5: PARKING → Got wagon W9169 from retrofitted
20:55:07 | INFO     | t=2895.5: DISPATCHER → Assigned loco LOCO_01 to collection_to_retrofit (waited 206.5 min, pending=1)
20:55:07 | INFO     | t=2895.5: LOCO → Allocating for parking transport
20:55:07 | INFO     | t=2895.5: DISPATCHER → Task submitted: retrofitted_to_parking (pending=2)
20:55:07 | INFO     | t=2898.0: RAKE[W9868,W12060] → DECOUPLING at WS_01 (1 couplings, 3.0 min)
20:55:07 | INFO     | t=2901.0: WAGON[W9868] → RETROFIT_STARTED at WS_01
20:55:07 | INFO     | t=2901.0: WAGON[W12060] → RETROFIT_STARTED at WS_01
20:55:07 | INFO     | t=2906.0: DISPATCHER → Assigned loco LOCO_02 to collection_to_retrofit (waited 69.0 min, pending=1)
20:55:07 | INFO     | t=2935.0: RAKE[W2406,W2399] → COUPLING at WS_02 (1 couplings, 0.5 min)
20:55:07 | INFO     | t=2935.5: LOCO → Allocating for pickup from WS_02
20:55:07 | INFO     | t=2935.5: DISPATCHER → Task submitted: workshop_to_retrofitted (pending=2)
20:55:07 | INFO     | EVENT_PUBLISHED: TrainArrivedEvent | train=T38 | time=2950.2
20:55:07 | INFO     | EVENT_HANDLING: TrainArrivedEvent -> RetrofitWorkshopContext._handle_train_arrived
20:55:07 | INFO     | EVENT_HANDLED: TrainArrivedEvent by RetrofitWorkshopContext._handle_train_arrived
20:55:07 | INFO     | EVENT_PUBLISHED: TrainArrivedEvent | train=T39 | time=2954.2
20:55:07 | INFO     | EVENT_HANDLING: TrainArrivedEvent -> RetrofitWorkshopContext._handle_train_arrived
20:55:07 | INFO     | EVENT_HANDLED: TrainArrivedEvent by RetrofitWorkshopContext._handle_train_arrived
20:55:07 | INFO     | t=2955.5: LOCO[LOCO_01] → TRAIN_PREP at collection (coupling + prep, 15.0 min)
20:55:07 | INFO     | t=2961.0: RAKE[W9868,W12060] → COUPLING at WS_01 (1 couplings, 0.5 min)
20:55:07 | INFO     | t=2961.5: LOCO → Allocating for pickup from WS_01
20:55:07 | INFO     | t=2961.5: DISPATCHER → Task submitted: workshop_to_retrofitted (pending=3)
20:55:07 | INFO     | t=2966.0: LOCO[LOCO_02] → TRAIN_PREP at collection (coupling + prep, 3.0 min)
20:55:07 | INFO     | EVENT_PUBLISHED: TrainArrivedEvent | train=T40 | time=3026.8
20:55:07 | INFO     | EVENT_HANDLING: TrainArrivedEvent -> RetrofitWorkshopContext._handle_train_arrived
20:55:07 | INFO     | EVENT_HANDLED: TrainArrivedEvent by RetrofitWorkshopContext._handle_train_arrived
20:55:07 | INFO     | t=3029.0: LOCO[LOCO_02] → DECOUPLING at retrofit (3.0 min)
20:55:07 | INFO     | t=3030.5: LOCO[LOCO_01] → DECOUPLING at retrofit (21.0 min)
20:55:07 | INFO     | t=3032.0: RAKE[W11970] → DECOUPLING at retrofit (0 couplings, 0.0 min)
20:55:07 | INFO     | t=3037.0: DISPATCHER → Hold override for retrofitted_to_parking (waited 141.5 min >= max 45.0 min)
20:55:07 | INFO     | t=3037.0: DISPATCHER → Assigned loco LOCO_02 to workshop_to_retrofitted (waited 101.5 min, pending=2)
20:55:07 | INFO     | t=3037.0: DISPATCHER → Hold override for retrofitted_to_parking (waited 141.5 min >= max 45.0 min)
20:55:07 | INFO     | t=3037.0: LOCO[LOCO_02] → Allocated for pickup
20:55:07 | INFO     | t=3037.0: Batch size limited by retrofit capacity: 4 wagons (66.3m) fits, 20 waiting
20:55:07 | INFO     | t=3037.0: COLLECTION → Reserving retrofit track capacity for 4 wagons
20:55:07 | INFO     | t=3037.0: COLLECTION → Capacity reserved, allocating locomotive
20:55:07 | INFO     | t=3037.0: DISPATCHER → Task submitted: collection_to_retrofit (pending=3)
20:55:07 | INFO     | t=3044.0: LOCO[LOCO_02] → TRAIN_PREP completed at WS_02 (2.0 min)
20:55:07 | INFO     | t=3049.0: BATCH → Putting 2 wagons on retrofitted track retrofitted
20:55:07 | INFO     | t=3049.0: WAGON[W2406] → Added to retrofitted track retrofitted
20:55:07 | INFO     | t=3049.0: WAGON[W2399] → Added to retrofitted track retrofitted
20:55:07 | INFO     | t=3051.5: RAKE[W8631,W9392,W9274,W8613,W10130,W9721,W9756] → DECOUPLING at retrofit (6 couplings, 18.0 min)
20:55:07 | INFO     | t=3054.0: WORKSHOP[WS_02] → Released, notifying 1 waiting processes
20:55:07 | INFO     | t=3054.0: WORKSHOP → Workshop became available
20:55:07 | INFO     | t=3054.0: WORKSHOP[WS_02] → Selected for batch
20:55:07 | INFO     | t=3054.0: DISPATCHER → Hold override for retrofitted_to_parking (waited 158.5 min >= max 45.0 min)
20:55:07 | INFO     | t=3054.0: DISPATCHER → Assigned loco LOCO_02 to workshop_to_retrofitted (waited 92.5 min, pending=2)
20:55:07 | INFO     | t=3054.0: DISPATCHER → Hold override for retrofitted_to_parking (waited 158.5 min >= max 45.0 min)
20:55:07 | INFO     | t=3054.0: WAGON[W8636] → Added to batch
20:55:07 | INFO     | t=3054.0: BATCH[W12210,W8636] → Formed 2 wagons for WS_02
20:55:07 | INFO     | t=3054.0: LOCO[LOCO_02] → Allocated for pickup
20:55:07 | INFO     | t=3054.0: TRACK[retrofit] → Removed 2 wagons (46.5m freed)
20:55:07 | INFO     | t=3054.0: DISPATCHER → Task submitted: retrofit_to_workshop (pending=3)
20:55:07 | INFO     | t=3061.0: LOCO[LOCO_02] → TRAIN_PREP completed at WS_01 (2.0 min)
20:55:07 | INFO     | EVENT_PUBLISHED: TrainArrivedEvent | train=T41 | time=3064.0
20:55:07 | INFO     | EVENT_HANDLING: TrainArrivedEvent -> RetrofitWorkshopContext._handle_train_arrived
20:55:07 | INFO     | EVENT_HANDLED: TrainArrivedEvent by RetrofitWorkshopContext._handle_train_arrived
20:55:07 | INFO     | t=3066.0: BATCH → Putting 2 wagons on retrofitted track retrofitted
20:55:07 | INFO     | t=3066.0: WAGON[W9868] → Added to retrofitted track retrofitted
20:55:07 | INFO     | t=3066.0: WAGON[W12060] → Added to retrofitted track retrofitted
20:55:07 | INFO     | t=3071.0: WORKSHOP[WS_01] → Released, notifying 0 waiting processes
20:55:07 | INFO     | t=3071.0: DISPATCHER → Hold override for retrofitted_to_parking (waited 175.5 min >= max 45.0 min)
20:55:07 | INFO     | t=3071.0: DISPATCHER → Assigned loco LOCO_02 to retrofit_to_workshop (waited 17.0 min, pending=2)
20:55:07 | INFO     | t=3071.0: DISPATCHER → Hold override for retrofitted_to_parking (waited 175.5 min >= max 45.0 min)
20:55:07 | INFO     | t=3071.0: RAKE[W12210,W8636] → COUPLING at retrofit (1 couplings, 2.0 min)
20:55:07 | INFO     | t=3071.0: WAGON[W10949] → Retrieved from retrofit queue
20:55:07 | INFO     | t=3071.0: WORKSHOP[WS_01] → Selected for batch
20:55:07 | INFO     | t=3071.0: WAGON[W0623] → Added to batch
20:55:07 | INFO     | t=3071.0: BATCH[W10949,W0623] → Formed 2 wagons for WS_01
20:55:07 | INFO     | t=3071.0: TRACK[retrofit] → Removed 2 wagons (44.0m freed)
20:55:07 | INFO     | t=3071.0: DISPATCHER → Task submitted: retrofit_to_workshop (pending=3)
20:55:07 | INFO     | t=3074.5: DISPATCHER → Hold override for retrofitted_to_parking (waited 179.0 min >= max 45.0 min)
20:55:07 | INFO     | t=3074.5: DISPATCHER → Assigned loco LOCO_01 to retrofit_to_workshop (waited 3.5 min, pending=2)
20:55:07 | INFO     | t=3074.5: DISPATCHER → Hold override for retrofitted_to_parking (waited 179.0 min >= max 45.0 min)
20:55:07 | INFO     | t=3074.5: RAKE[W10949,W0623] → COUPLING at retrofit (1 couplings, 2.0 min)
20:55:07 | INFO     | t=3074.5: WAGON[W11970] → Retrieved from retrofit queue
20:55:07 | INFO     | t=3074.5: WORKSHOP → No workshop available, waiting...
20:55:07 | INFO     | t=3074.5: Batch size limited by retrofit capacity: 6 wagons (90.5m) fits, 17 waiting
20:55:07 | INFO     | t=3074.5: COLLECTION → Reserving retrofit track capacity for 6 wagons
20:55:07 | INFO     | t=3074.5: COLLECTION → Capacity reserved, allocating locomotive
20:55:07 | INFO     | t=3074.5: DISPATCHER → Task submitted: collection_to_retrofit (pending=3)
20:55:07 | INFO     | t=3078.0: LOCO[LOCO_02] → COUPLING at retrofit (2.0 min)
20:55:07 | INFO     | t=3080.0: LOCO[LOCO_02] → SHUNTING_PREP at retrofit (1.0 min)
20:55:07 | INFO     | t=3081.5: LOCO[LOCO_01] → COUPLING at retrofit (2.0 min)
20:55:07 | INFO     | t=3083.5: LOCO[LOCO_01] → SHUNTING_PREP at retrofit (1.0 min)
20:55:07 | INFO     | t=3086.0: LOCO[LOCO_02] → DECOUPLING at WS_02 (3.0 min)
20:55:07 | INFO     | t=3089.0: RAKE[W12210,W8636] → DECOUPLING at WS_02 (1 couplings, 3.0 min)
20:55:07 | INFO     | t=3089.5: LOCO[LOCO_01] → DECOUPLING at WS_01 (3.0 min)
20:55:07 | INFO     | t=3092.0: WAGON[W12210] → RETROFIT_STARTED at WS_02
20:55:07 | INFO     | t=3092.0: WAGON[W8636] → RETROFIT_STARTED at WS_02
20:55:07 | INFO     | t=3092.5: RAKE[W10949,W0623] → DECOUPLING at WS_01 (1 couplings, 3.0 min)
20:55:07 | INFO     | t=3095.5: WAGON[W10949] → RETROFIT_STARTED at WS_01
20:55:07 | INFO     | t=3095.5: WAGON[W0623] → RETROFIT_STARTED at WS_01
20:55:07 | INFO     | t=3097.0: DISPATCHER → Hold override for retrofitted_to_parking (waited 201.5 min >= max 45.0 min)
20:55:07 | INFO     | t=3097.0: DISPATCHER → Assigned loco LOCO_02 to retrofitted_to_parking (waited 201.5 min, pending=2)
20:55:07 | INFO     | t=3097.0: LOCO[LOCO_02] → Allocated for parking transport
20:55:07 | INFO     | t=3102.0: LOCO[LOCO_02] → TRAIN_PREP at retrofitted (coupling + prep, 4.0 min)
20:55:07 | INFO     | t=3152.0: RAKE[W12210,W8636] → COUPLING at WS_02 (1 couplings, 0.5 min)
20:55:07 | INFO     | t=3152.5: LOCO → Allocating for pickup from WS_02
20:55:07 | INFO     | t=3152.5: DISPATCHER → Task submitted: workshop_to_retrofitted (pending=3)
20:55:07 | INFO     | t=3152.5: DISPATCHER → Assigned loco LOCO_01 to workshop_to_retrofitted (waited 0.0 min, pending=2)
20:55:07 | INFO     | t=3152.5: LOCO[LOCO_01] → Allocated for pickup
20:55:07 | INFO     | t=3155.5: RAKE[W10949,W0623] → COUPLING at WS_01 (1 couplings, 0.5 min)
20:55:07 | INFO     | t=3156.0: LOCO → Allocating for pickup from WS_01
20:55:07 | INFO     | t=3156.0: DISPATCHER → Task submitted: workshop_to_retrofitted (pending=3)
20:55:07 | INFO     | t=3159.5: LOCO[LOCO_01] → TRAIN_PREP completed at WS_02 (2.0 min)
20:55:07 | INFO     | t=3164.5: BATCH → Putting 2 wagons on retrofitted track retrofitted
20:55:07 | INFO     | t=3164.5: WAGON[W12210] → Added to retrofitted track retrofitted
20:55:07 | INFO     | t=3164.5: WAGON[W8636] → Added to retrofitted track retrofitted
20:55:07 | INFO     | t=3169.5: WORKSHOP[WS_02] → Released, notifying 1 waiting processes
20:55:07 | INFO     | t=3169.5: WORKSHOP → Workshop became available
20:55:07 | INFO     | t=3169.5: WORKSHOP[WS_02] → Selected for batch
20:55:07 | INFO     | t=3169.5: DISPATCHER → Assigned loco LOCO_01 to workshop_to_retrofitted (waited 13.5 min, pending=2)
20:55:07 | INFO     | t=3169.5: WAGON[W8631] → Added to batch
20:55:07 | INFO     | t=3169.5: BATCH[W11970,W8631] → Formed 2 wagons for WS_02
20:55:07 | INFO     | t=3169.5: LOCO[LOCO_01] → Allocated for pickup
20:55:07 | INFO     | t=3169.5: TRACK[retrofit] → Removed 2 wagons (46.4m freed)
20:55:07 | INFO     | t=3169.5: DISPATCHER → Task submitted: retrofit_to_workshop (pending=3)
20:55:07 | INFO     | t=3176.5: LOCO[LOCO_01] → TRAIN_PREP completed at WS_01 (2.0 min)
20:55:07 | INFO     | t=3181.5: BATCH → Putting 2 wagons on retrofitted track retrofitted
20:55:07 | INFO     | t=3181.5: WAGON[W10949] → Added to retrofitted track retrofitted
20:55:07 | INFO     | t=3181.5: WAGON[W0623] → Added to retrofitted track retrofitted
20:55:07 | INFO     | t=3186.5: WORKSHOP[WS_01] → Released, notifying 0 waiting processes
20:55:07 | INFO     | t=3186.5: DISPATCHER → Assigned loco LOCO_01 to retrofit_to_workshop (waited 17.0 min, pending=2)
20:55:07 | INFO     | t=3186.5: RAKE[W11970,W8631] → COUPLING at retrofit (1 couplings, 2.0 min)
20:55:07 | INFO     | t=3186.5: WAGON[W9392] → Retrieved from retrofit queue
20:55:07 | INFO     | t=3186.5: WORKSHOP[WS_01] → Selected for batch
20:55:07 | INFO     | t=3186.5: WAGON[W9274] → Added to batch
20:55:07 | INFO     | t=3186.5: BATCH[W9392,W9274] → Formed 2 wagons for WS_01
20:55:07 | INFO     | t=3186.5: TRACK[retrofit] → Removed 2 wagons (32.3m freed)
20:55:07 | INFO     | t=3186.5: DISPATCHER → Task submitted: retrofit_to_workshop (pending=3)
20:55:07 | INFO     | EVENT_PUBLISHED: TrainArrivedEvent | train=T42 | time=3190.8
20:55:07 | INFO     | EVENT_HANDLING: TrainArrivedEvent -> RetrofitWorkshopContext._handle_train_arrived
20:55:07 | INFO     | EVENT_HANDLED: TrainArrivedEvent by RetrofitWorkshopContext._handle_train_arrived
20:55:07 | INFO     | t=3193.5: LOCO[LOCO_01] → COUPLING at retrofit (2.0 min)
20:55:07 | INFO     | t=3195.5: LOCO[LOCO_01] → SHUNTING_PREP at retrofit (1.0 min)
20:55:07 | INFO     | t=3201.5: LOCO[LOCO_01] → DECOUPLING at WS_02 (3.0 min)
20:55:07 | INFO     | t=3204.5: RAKE[W11970,W8631] → DECOUPLING at WS_02 (1 couplings, 3.0 min)
20:55:07 | INFO     | t=3207.5: WAGON[W11970] → RETROFIT_STARTED at WS_02
20:55:07 | INFO     | t=3207.5: WAGON[W8631] → RETROFIT_STARTED at WS_02
20:55:07 | INFO     | t=3212.5: DISPATCHER → Assigned loco LOCO_01 to retrofit_to_workshop (waited 26.0 min, pending=2)
20:55:07 | INFO     | t=3212.5: RAKE[W9392,W9274] → COUPLING at retrofit (1 couplings, 2.0 min)
20:55:07 | INFO     | t=3212.5: WAGON[W8613] → Retrieved from retrofit queue
20:55:07 | INFO     | t=3212.5: WORKSHOP → No workshop available, waiting...
20:55:07 | INFO     | t=3219.5: LOCO[LOCO_01] → COUPLING at retrofit (2.0 min)
20:55:07 | INFO     | t=3221.5: LOCO[LOCO_01] → SHUNTING_PREP at retrofit (1.0 min)
20:55:07 | INFO     | t=3226.0: LOCO[LOCO_02] → DECOUPLING at parking16 (3.0 min)
20:55:07 | INFO     | t=3227.5: LOCO[LOCO_01] → DECOUPLING at WS_01 (3.0 min)
20:55:07 | INFO     | t=3229.0: RAKE[W9169,W9173,W9270,W9276,W11578,W2980] → DECOUPLING at parking16 (5 couplings, 2.5 min)
20:55:07 | INFO     | t=3230.5: RAKE[W9392,W9274] → DECOUPLING at WS_01 (1 couplings, 3.0 min)
20:55:07 | INFO     | t=3233.5: WAGON[W9392] → RETROFIT_STARTED at WS_01
20:55:07 | INFO     | t=3233.5: WAGON[W9274] → RETROFIT_STARTED at WS_01
20:55:07 | INFO     | EVENT_PUBLISHED: TrainArrivedEvent | train=T43 | time=3237.2
20:55:07 | INFO     | EVENT_HANDLING: TrainArrivedEvent -> RetrofitWorkshopContext._handle_train_arrived
20:55:07 | INFO     | EVENT_HANDLED: TrainArrivedEvent by RetrofitWorkshopContext._handle_train_arrived
20:55:07 | INFO     | t=3238.5: DISPATCHER → Assigned loco LOCO_01 to collection_to_retrofit (waited 201.5 min, pending=1)
20:55:07 | INFO     | EVENT_PUBLISHED: TrainArrivedEvent | train=T44 | time=3239.2
20:55:07 | INFO     | EVENT_HANDLING: TrainArrivedEvent -> RetrofitWorkshopContext._handle_train_arrived
20:55:07 | INFO     | EVENT_HANDLED: TrainArrivedEvent by RetrofitWorkshopContext._handle_train_arrived
20:55:07 | INFO     | t=3267.5: RAKE[W11970,W8631] → COUPLING at WS_02 (1 couplings, 0.5 min)
20:55:07 | INFO     | t=3268.0: LOCO → Allocating for pickup from WS_02
20:55:07 | INFO     | t=3268.0: DISPATCHER → Task submitted: workshop_to_retrofitted (pending=2)
20:55:07 | INFO     | EVENT_PUBLISHED: TrainArrivedEvent | train=T45 | time=3287.2
20:55:07 | INFO     | EVENT_HANDLING: TrainArrivedEvent -> RetrofitWorkshopContext._handle_train_arrived
20:55:07 | INFO     | EVENT_HANDLED: TrainArrivedEvent by RetrofitWorkshopContext._handle_train_arrived
20:55:07 | INFO     | t=3291.5: LOCO[LOCO_02] → Releasing
20:55:07 | INFO     | t=3291.5: LOCO[LOCO_02] → Released
20:55:07 | INFO     | t=3291.5: PARKING → Got wagon W2406 from retrofitted
20:55:07 | INFO     | t=3291.5: DISPATCHER → Assigned loco LOCO_02 to workshop_to_retrofitted (waited 23.5 min, pending=1)
20:55:07 | INFO     | t=3291.5: LOCO[LOCO_02] → Allocated for pickup
20:55:07 | INFO     | t=3291.5: LOCO → Allocating for parking transport
20:55:07 | INFO     | t=3291.5: DISPATCHER → Task submitted: retrofitted_to_parking (pending=2)
20:55:07 | INFO     | t=3293.5: RAKE[W9392,W9274] → COUPLING at WS_01 (1 couplings, 0.5 min)
20:55:07 | INFO     | t=3294.0: LOCO → Allocating for pickup from WS_01
20:55:07 | INFO     | t=3294.0: DISPATCHER → Task submitted: workshop_to_retrofitted (pending=3)
20:55:07 | INFO     | t=3298.5: LOCO[LOCO_01] → TRAIN_PREP at collection (coupling + prep, 9.0 min)
20:55:07 | INFO     | t=3298.5: LOCO[LOCO_02] → TRAIN_PREP completed at WS_02 (2.0 min)
20:55:07 | INFO     | EVENT_PUBLISHED: TrainArrivedEvent | train=T46 | time=3299.0
20:55:07 | INFO     | EVENT_HANDLING: TrainArrivedEvent -> RetrofitWorkshopContext._handle_train_arrived
20:55:07 | INFO     | EVENT_HANDLED: TrainArrivedEvent by RetrofitWorkshopContext._handle_train_arrived
20:55:07 | INFO     | t=3303.5: BATCH → Putting 2 wagons on retrofitted track retrofitted
20:55:07 | INFO     | t=3303.5: WAGON[W11970] → Added to retrofitted track retrofitted
20:55:07 | INFO     | t=3303.5: WAGON[W8631] → Added to retrofitted track retrofitted
20:55:07 | INFO     | t=3308.5: WORKSHOP[WS_02] → Released, notifying 1 waiting processes
20:55:07 | INFO     | t=3308.5: WORKSHOP → Workshop became available
20:55:07 | INFO     | t=3308.5: WORKSHOP[WS_02] → Selected for batch
20:55:07 | INFO     | t=3308.5: DISPATCHER → Assigned loco LOCO_02 to workshop_to_retrofitted (waited 14.5 min, pending=2)
20:55:07 | INFO     | t=3308.5: WAGON[W10130] → Added to batch
20:55:07 | INFO     | t=3308.5: BATCH[W8613,W10130] → Formed 2 wagons for WS_02
20:55:07 | INFO     | t=3308.5: LOCO[LOCO_02] → Allocated for pickup
20:55:07 | INFO     | t=3308.5: TRACK[retrofit] → Removed 2 wagons (46.1m freed)
20:55:07 | INFO     | t=3308.5: DISPATCHER → Task submitted: retrofit_to_workshop (pending=3)
20:55:07 | INFO     | t=3315.5: LOCO[LOCO_02] → TRAIN_PREP completed at WS_01 (2.0 min)
20:55:07 | INFO     | t=3320.5: BATCH → Putting 2 wagons on retrofitted track retrofitted
20:55:07 | INFO     | t=3320.5: WAGON[W9392] → Added to retrofitted track retrofitted
20:55:07 | INFO     | t=3320.5: WAGON[W9274] → Added to retrofitted track retrofitted
20:55:07 | INFO     | t=3325.5: WORKSHOP[WS_01] → Released, notifying 0 waiting processes
20:55:07 | INFO     | t=3325.5: DISPATCHER → Assigned loco LOCO_02 to retrofitted_to_parking (waited 34.0 min, pending=2)
20:55:07 | INFO     | t=3325.5: LOCO[LOCO_02] → Allocated for parking transport
20:55:07 | INFO     | t=3330.5: LOCO[LOCO_02] → TRAIN_PREP at retrofitted (coupling + prep, 5.0 min)
20:55:07 | INFO     | t=3367.5: LOCO[LOCO_01] → DECOUPLING at retrofit (12.0 min)
20:55:07 | INFO     | t=3379.5: RAKE[W3173,W5038,W11261,W11259] → DECOUPLING at retrofit (3 couplings, 9.0 min)
20:55:07 | INFO     | EVENT_PUBLISHED: TrainArrivedEvent | train=T47 | time=3383.0
20:55:07 | INFO     | EVENT_HANDLING: TrainArrivedEvent -> RetrofitWorkshopContext._handle_train_arrived
20:55:07 | INFO     | EVENT_HANDLED: TrainArrivedEvent by RetrofitWorkshopContext._handle_train_arrived
20:55:07 | INFO     | t=3393.5: DISPATCHER → Assigned loco LOCO_01 to retrofit_to_workshop (waited 85.0 min, pending=1)
20:55:07 | INFO     | t=3393.5: RAKE[W8613,W10130] → COUPLING at retrofit (1 couplings, 2.0 min)
20:55:07 | INFO     | t=3393.5: WAGON[W9721] → Retrieved from retrofit queue
20:55:07 | INFO     | t=3393.5: WORKSHOP[WS_01] → Selected for batch
20:55:07 | INFO     | t=3393.5: WAGON[W9756] → Added to batch
20:55:07 | INFO     | t=3393.5: BATCH[W9721,W9756] → Formed 2 wagons for WS_01
20:55:07 | INFO     | t=3393.5: TRACK[retrofit] → Removed 2 wagons (37.7m freed)
20:55:07 | INFO     | t=3393.5: DISPATCHER → Task submitted: retrofit_to_workshop (pending=2)
20:55:07 | INFO     | t=3393.5: Batch size limited by retrofit capacity: 6 wagons (111.1m) fits, 18 waiting
20:55:07 | INFO     | t=3393.5: COLLECTION → Reserving retrofit track capacity for 6 wagons
20:55:07 | INFO     | t=3393.5: COLLECTION → Capacity reserved, allocating locomotive
20:55:07 | INFO     | t=3393.5: DISPATCHER → Task submitted: collection_to_retrofit (pending=3)
20:55:07 | INFO     | t=3400.5: LOCO[LOCO_01] → COUPLING at retrofit (2.0 min)
20:55:07 | INFO     | t=3402.5: LOCO[LOCO_01] → SHUNTING_PREP at retrofit (1.0 min)
20:55:07 | INFO     | t=3408.5: LOCO[LOCO_01] → DECOUPLING at WS_02 (3.0 min)
20:55:07 | INFO     | t=3411.5: RAKE[W8613,W10130] → DECOUPLING at WS_02 (1 couplings, 3.0 min)
20:55:07 | INFO     | t=3414.5: WAGON[W8613] → RETROFIT_STARTED at WS_02
20:55:07 | INFO     | t=3414.5: WAGON[W10130] → RETROFIT_STARTED at WS_02
20:55:07 | INFO     | t=3419.5: DISPATCHER → Assigned loco LOCO_01 to retrofit_to_workshop (waited 26.0 min, pending=2)
20:55:07 | INFO     | t=3419.5: RAKE[W9721,W9756] → COUPLING at retrofit (1 couplings, 2.0 min)
20:55:07 | INFO     | t=3419.5: WAGON[W3173] → Retrieved from retrofit queue
20:55:07 | INFO     | t=3419.5: WORKSHOP → No workshop available, waiting...
20:55:07 | INFO     | t=3426.5: LOCO[LOCO_01] → COUPLING at retrofit (2.0 min)
20:55:07 | INFO     | t=3428.5: LOCO[LOCO_01] → SHUNTING_PREP at retrofit (1.0 min)
20:55:07 | INFO     | t=3434.5: LOCO[LOCO_01] → DECOUPLING at WS_01 (3.0 min)
20:55:07 | INFO     | t=3437.5: RAKE[W9721,W9756] → DECOUPLING at WS_01 (1 couplings, 3.0 min)
20:55:07 | INFO     | t=3440.5: WAGON[W9721] → RETROFIT_STARTED at WS_01
20:55:07 | INFO     | t=3440.5: WAGON[W9756] → RETROFIT_STARTED at WS_01
20:55:07 | INFO     | t=3445.5: DISPATCHER → Assigned loco LOCO_01 to collection_to_retrofit (waited 371.0 min, pending=1)
20:55:07 | INFO     | t=3455.5: LOCO[LOCO_02] → DECOUPLING at parking16 (4.0 min)
20:55:07 | INFO     | t=3459.5: RAKE[W2406,W2399,W9868,W12060,W12210,W8636,W10949,W0623] → DECOUPLING at parking16 (7 couplings, 3.5 min)
20:55:07 | INFO     | t=3474.5: RAKE[W8613,W10130] → COUPLING at WS_02 (1 couplings, 0.5 min)
20:55:07 | INFO     | t=3475.0: LOCO → Allocating for pickup from WS_02
20:55:07 | INFO     | t=3475.0: DISPATCHER → Task submitted: workshop_to_retrofitted (pending=2)
20:55:07 | INFO     | t=3500.5: RAKE[W9721,W9756] → COUPLING at WS_01 (1 couplings, 0.5 min)
20:55:07 | INFO     | t=3501.0: LOCO → Allocating for pickup from WS_01
20:55:07 | INFO     | t=3501.0: DISPATCHER → Task submitted: workshop_to_retrofitted (pending=3)
20:55:07 | INFO     | t=3505.5: LOCO[LOCO_01] → TRAIN_PREP at collection (coupling + prep, 13.0 min)
20:55:07 | INFO     | t=3523.0: LOCO[LOCO_02] → Releasing
20:55:07 | INFO     | t=3523.0: LOCO[LOCO_02] → Released
20:55:07 | INFO     | t=3523.0: PARKING → Got wagon W11970 from retrofitted
20:55:07 | INFO     | t=3523.0: DISPATCHER → Assigned loco LOCO_02 to workshop_to_retrofitted (waited 48.0 min, pending=2)
20:55:07 | INFO     | t=3523.0: LOCO[LOCO_02] → Allocated for pickup
20:55:07 | INFO     | t=3523.0: LOCO → Allocating for parking transport
20:55:07 | INFO     | t=3523.0: DISPATCHER → Task submitted: retrofitted_to_parking (pending=3)
20:55:07 | INFO     | t=3530.0: LOCO[LOCO_02] → TRAIN_PREP completed at WS_02 (2.0 min)
20:55:07 | INFO     | t=3535.0: BATCH → Putting 2 wagons on retrofitted track retrofitted
20:55:07 | INFO     | t=3535.0: WAGON[W8613] → Added to retrofitted track retrofitted
20:55:07 | INFO     | t=3535.0: WAGON[W10130] → Added to retrofitted track retrofitted
20:55:07 | INFO     | t=3540.0: WORKSHOP[WS_02] → Released, notifying 1 waiting processes
20:55:07 | INFO     | t=3540.0: WORKSHOP → Workshop became available
20:55:07 | INFO     | t=3540.0: WORKSHOP[WS_02] → Selected for batch
20:55:07 | INFO     | t=3540.0: DISPATCHER → Assigned loco LOCO_02 to workshop_to_retrofitted (waited 39.0 min, pending=2)
20:55:07 | INFO     | t=3540.0: WAGON[W5038] → Added to batch
20:55:07 | INFO     | t=3540.0: BATCH[W3173,W5038] → Formed 2 wagons for WS_02
20:55:07 | INFO     | t=3540.0: LOCO[LOCO_02] → Allocated for pickup
20:55:07 | INFO     | t=3540.0: TRACK[retrofit] → Removed 2 wagons (40.8m freed)
20:55:07 | INFO     | t=3540.0: DISPATCHER → Task submitted: retrofit_to_workshop (pending=3)
20:55:07 | INFO     | t=3547.0: LOCO[LOCO_02] → TRAIN_PREP completed at WS_01 (2.0 min)
20:55:07 | INFO     | t=3552.0: BATCH → Putting 2 wagons on retrofitted track retrofitted
20:55:07 | INFO     | t=3552.0: WAGON[W9721] → Added to retrofitted track retrofitted
20:55:07 | INFO     | t=3552.0: WAGON[W9756] → Added to retrofitted track retrofitted
20:55:07 | INFO     | t=3557.0: WORKSHOP[WS_01] → Released, notifying 0 waiting processes
20:55:07 | INFO     | t=3557.0: DISPATCHER → Assigned loco LOCO_02 to retrofit_to_workshop (waited 17.0 min, pending=2)
20:55:07 | INFO     | t=3557.0: RAKE[W3173,W5038] → COUPLING at retrofit (1 couplings, 2.0 min)
20:55:07 | INFO     | t=3557.0: WAGON[W11261] → Retrieved from retrofit queue
20:55:07 | INFO     | t=3557.0: WORKSHOP[WS_01] → Selected for batch
20:55:07 | INFO     | t=3557.0: WAGON[W11259] → Added to batch
20:55:07 | INFO     | t=3557.0: BATCH[W11261,W11259] → Formed 2 wagons for WS_01
20:55:07 | INFO     | t=3557.0: TRACK[retrofit] → Removed 2 wagons (25.5m freed)
20:55:07 | INFO     | t=3557.0: DISPATCHER → Task submitted: retrofit_to_workshop (pending=3)
20:55:07 | INFO     | EVENT_PUBLISHED: TrainArrivedEvent | train=T48 | time=3557.8
20:55:07 | INFO     | EVENT_HANDLING: TrainArrivedEvent -> RetrofitWorkshopContext._handle_train_arrived
20:55:07 | INFO     | EVENT_HANDLED: TrainArrivedEvent by RetrofitWorkshopContext._handle_train_arrived
20:55:07 | INFO     | t=3564.0: LOCO[LOCO_02] → COUPLING at retrofit (2.0 min)
20:55:07 | INFO     | t=3566.0: LOCO[LOCO_02] → SHUNTING_PREP at retrofit (1.0 min)
20:55:07 | INFO     | t=3572.0: LOCO[LOCO_02] → DECOUPLING at WS_02 (3.0 min)
20:55:07 | INFO     | t=3575.0: RAKE[W3173,W5038] → DECOUPLING at WS_02 (1 couplings, 3.0 min)
20:55:07 | INFO     | t=3578.0: WAGON[W3173] → RETROFIT_STARTED at WS_02
20:55:07 | INFO     | t=3578.0: WAGON[W5038] → RETROFIT_STARTED at WS_02
20:55:07 | INFO     | t=3578.5: LOCO[LOCO_01] → DECOUPLING at retrofit (18.0 min)
20:55:07 | INFO     | t=3583.0: DISPATCHER → Hold override for retrofitted_to_parking (waited 60.0 min >= max 45.0 min)
20:55:07 | INFO     | t=3583.0: DISPATCHER → Assigned loco LOCO_02 to retrofit_to_workshop (waited 26.0 min, pending=2)
20:55:07 | INFO     | t=3583.0: RAKE[W11261,W11259] → COUPLING at retrofit (1 couplings, 2.0 min)
20:55:07 | INFO     | t=3583.0: WAGON[W9174] → Retrieved from retrofit queue
20:55:07 | INFO     | t=3583.0: WORKSHOP → No workshop available, waiting...
20:55:07 | INFO     | t=3590.0: LOCO[LOCO_02] → COUPLING at retrofit (2.0 min)
20:55:07 | INFO     | t=3592.0: LOCO[LOCO_02] → SHUNTING_PREP at retrofit (1.0 min)
20:55:07 | INFO     | t=3596.5: RAKE[W9174,W6140,W10364,W6077,W11254,W10878] → DECOUPLING at retrofit (5 couplings, 15.0 min)
20:55:07 | INFO     | t=3598.0: LOCO[LOCO_02] → DECOUPLING at WS_01 (3.0 min)
20:55:07 | INFO     | t=3601.0: RAKE[W11261,W11259] → DECOUPLING at WS_01 (1 couplings, 3.0 min)
20:55:07 | INFO     | t=3604.0: WAGON[W11261] → RETROFIT_STARTED at WS_01
20:55:07 | INFO     | t=3604.0: WAGON[W11259] → RETROFIT_STARTED at WS_01
20:55:07 | INFO     | t=3609.0: DISPATCHER → Hold override for retrofitted_to_parking (waited 86.0 min >= max 45.0 min)
20:55:07 | INFO     | t=3609.0: DISPATCHER → Assigned loco LOCO_02 to collection_to_retrofit (waited 215.5 min, pending=1)
20:55:07 | INFO     | t=3609.0: DISPATCHER → Hold override for retrofitted_to_parking (waited 86.0 min >= max 45.0 min)
20:55:07 | INFO     | t=3616.5: DISPATCHER → Hold override for retrofitted_to_parking (waited 93.5 min >= max 45.0 min)
20:55:07 | INFO     | t=3616.5: DISPATCHER → Assigned loco LOCO_01 to retrofitted_to_parking (waited 93.5 min, pending=0)
20:55:07 | INFO     | t=3616.5: LOCO[LOCO_01] → Allocated for parking transport
20:55:07 | INFO     | t=3616.5: Batch size limited by retrofit capacity: 8 wagons (109.2m) fits, 14 waiting
20:55:07 | INFO     | t=3616.5: COLLECTION → Reserving retrofit track capacity for 8 wagons
20:55:07 | INFO     | t=3616.5: COLLECTION → Capacity reserved, allocating locomotive
20:55:07 | INFO     | t=3616.5: DISPATCHER → Task submitted: collection_to_retrofit (pending=1)
20:55:07 | INFO     | t=3621.5: LOCO[LOCO_01] → TRAIN_PREP at retrofitted (coupling + prep, 3.0 min)
20:55:07 | INFO     | t=3638.0: RAKE[W3173,W5038] → COUPLING at WS_02 (1 couplings, 0.5 min)
20:55:07 | INFO     | t=3638.5: LOCO → Allocating for pickup from WS_02
20:55:07 | INFO     | t=3638.5: DISPATCHER → Task submitted: workshop_to_retrofitted (pending=2)
20:55:07 | INFO     | t=3664.0: RAKE[W11261,W11259] → COUPLING at WS_01 (1 couplings, 0.5 min)
20:55:07 | INFO     | t=3664.5: LOCO → Allocating for pickup from WS_01
20:55:07 | INFO     | t=3664.5: DISPATCHER → Task submitted: workshop_to_retrofitted (pending=3)
20:55:07 | INFO     | t=3669.0: LOCO[LOCO_02] → TRAIN_PREP at collection (coupling + prep, 13.0 min)
20:55:07 | INFO     | t=3742.0: LOCO[LOCO_02] → DECOUPLING at retrofit (18.0 min)
20:55:07 | INFO     | t=3744.5: LOCO[LOCO_01] → DECOUPLING at parking16 (2.0 min)
20:55:07 | INFO     | t=3746.5: RAKE[W11970,W8631,W9392,W9274] → DECOUPLING at parking16 (3 couplings, 1.5 min)
20:55:07 | INFO     | t=3760.0: RAKE[W5167,W4666,W11269,W3811,W2926,W5391] → DECOUPLING at retrofit (5 couplings, 15.0 min)
20:55:07 | INFO     | t=3780.0: Batch size limited by retrofit capacity: 1 wagons (15.7m) fits, 20 waiting
20:55:07 | INFO     | t=3780.0: DISPATCHER → Assigned loco LOCO_02 to workshop_to_retrofitted (waited 141.5 min, pending=2)
20:55:07 | INFO     | t=3780.0: COLLECTION → Reserving retrofit track capacity for 1 wagons
20:55:07 | INFO     | t=3780.0: LOCO[LOCO_02] → Allocated for pickup
20:55:07 | INFO     | t=3787.0: LOCO[LOCO_02] → TRAIN_PREP completed at WS_02 (2.0 min)
20:55:07 | INFO     | t=3792.0: BATCH → Putting 2 wagons on retrofitted track retrofitted
20:55:07 | INFO     | t=3792.0: WAGON[W3173] → Added to retrofitted track retrofitted
20:55:07 | INFO     | t=3792.0: WAGON[W5038] → Added to retrofitted track retrofitted
20:55:07 | INFO     | t=3797.0: WORKSHOP[WS_02] → Released, notifying 1 waiting processes
20:55:07 | INFO     | t=3797.0: WORKSHOP → Workshop became available
20:55:07 | INFO     | t=3797.0: WORKSHOP[WS_02] → Selected for batch
20:55:07 | INFO     | t=3797.0: DISPATCHER → Assigned loco LOCO_02 to workshop_to_retrofitted (waited 132.5 min, pending=1)
20:55:07 | INFO     | t=3797.0: WAGON[W6140] → Added to batch
20:55:07 | INFO     | t=3797.0: BATCH[W9174,W6140] → Formed 2 wagons for WS_02
20:55:07 | INFO     | t=3797.0: LOCO[LOCO_02] → Allocated for pickup
20:55:07 | INFO     | t=3797.0: TRACK[retrofit] → Removed 2 wagons (31.0m freed)
20:55:07 | INFO     | t=3797.0: DISPATCHER → Task submitted: retrofit_to_workshop (pending=2)
20:55:07 | INFO     | t=3797.0: COLLECTION → Capacity reserved, allocating locomotive
20:55:07 | INFO     | t=3797.0: DISPATCHER → Task submitted: collection_to_retrofit (pending=3)
20:55:07 | INFO     | t=3804.0: LOCO[LOCO_02] → TRAIN_PREP completed at WS_01 (2.0 min)
20:55:07 | INFO     | t=3808.0: LOCO[LOCO_01] → Releasing
20:55:07 | INFO     | t=3808.0: LOCO[LOCO_01] → Released
20:55:07 | INFO     | t=3808.0: PARKING → Got wagon W8613 from retrofitted
20:55:07 | INFO     | t=3808.0: DISPATCHER → Assigned loco LOCO_01 to retrofit_to_workshop (waited 11.0 min, pending=2)
20:55:07 | INFO     | t=3808.0: RAKE[W9174,W6140] → COUPLING at retrofit (1 couplings, 2.0 min)
20:55:07 | INFO     | t=3808.0: WAGON[W10364] → Retrieved from retrofit queue
20:55:07 | INFO     | t=3808.0: WORKSHOP → No workshop available, waiting...
20:55:07 | INFO     | t=3808.0: LOCO → Allocating for parking transport
20:55:07 | INFO     | t=3808.0: DISPATCHER → Task submitted: retrofitted_to_parking (pending=3)
20:55:07 | INFO     | t=3809.0: BATCH → Putting 2 wagons on retrofitted track retrofitted
20:55:07 | INFO     | t=3809.0: WAGON[W11261] → Added to retrofitted track retrofitted
20:55:07 | INFO     | t=3809.0: WAGON[W11259] → Added to retrofitted track retrofitted
20:55:07 | INFO     | t=3814.0: WORKSHOP[WS_01] → Released, notifying 1 waiting processes
20:55:07 | INFO     | t=3814.0: WORKSHOP → Workshop became available
20:55:07 | INFO     | t=3814.0: WORKSHOP[WS_01] → Selected for batch
20:55:07 | INFO     | t=3814.0: DISPATCHER → Assigned loco LOCO_02 to retrofitted_to_parking (waited 6.0 min, pending=2)
20:55:07 | INFO     | t=3814.0: WAGON[W6077] → Added to batch
20:55:07 | INFO     | t=3814.0: BATCH[W10364,W6077] → Formed 2 wagons for WS_01
20:55:07 | INFO     | t=3814.0: LOCO[LOCO_02] → Allocated for parking transport
20:55:07 | INFO     | t=3814.0: TRACK[retrofit] → Removed 2 wagons (33.9m freed)
20:55:07 | INFO     | t=3814.0: DISPATCHER → Task submitted: retrofit_to_workshop (pending=3)
20:55:07 | INFO     | t=3815.0: LOCO[LOCO_01] → COUPLING at retrofit (2.0 min)
20:55:07 | INFO     | t=3817.0: LOCO[LOCO_01] → SHUNTING_PREP at retrofit (1.0 min)
20:55:07 | INFO     | t=3819.0: LOCO[LOCO_02] → TRAIN_PREP at retrofitted (coupling + prep, 4.0 min)
20:55:07 | INFO     | t=3823.0: LOCO[LOCO_01] → DECOUPLING at WS_02 (3.0 min)
20:55:07 | INFO     | t=3826.0: RAKE[W9174,W6140] → DECOUPLING at WS_02 (1 couplings, 3.0 min)
20:55:07 | INFO     | t=3829.0: WAGON[W9174] → RETROFIT_STARTED at WS_02
20:55:07 | INFO     | t=3829.0: WAGON[W6140] → RETROFIT_STARTED at WS_02
20:55:07 | INFO     | t=3834.0: DISPATCHER → Assigned loco LOCO_01 to retrofit_to_workshop (waited 20.0 min, pending=2)
20:55:07 | INFO     | t=3834.0: RAKE[W10364,W6077] → COUPLING at retrofit (1 couplings, 2.0 min)
20:55:07 | INFO     | t=3834.0: WAGON[W11254] → Retrieved from retrofit queue
20:55:07 | INFO     | t=3834.0: WORKSHOP → No workshop available, waiting...
20:55:07 | INFO     | t=3841.0: LOCO[LOCO_01] → COUPLING at retrofit (2.0 min)
20:55:07 | INFO     | t=3843.0: LOCO[LOCO_01] → SHUNTING_PREP at retrofit (1.0 min)
20:55:07 | INFO     | t=3849.0: LOCO[LOCO_01] → DECOUPLING at WS_01 (3.0 min)
20:55:07 | INFO     | t=3852.0: RAKE[W10364,W6077] → DECOUPLING at WS_01 (1 couplings, 3.0 min)
20:55:07 | INFO     | t=3855.0: WAGON[W10364] → RETROFIT_STARTED at WS_01
20:55:07 | INFO     | t=3855.0: WAGON[W6077] → RETROFIT_STARTED at WS_01
20:55:07 | INFO     | t=3860.0: DISPATCHER → Assigned loco LOCO_01 to collection_to_retrofit (waited 243.5 min, pending=1)
20:55:07 | INFO     | t=3889.0: RAKE[W9174,W6140] → COUPLING at WS_02 (1 couplings, 0.5 min)
20:55:07 | INFO     | t=3889.5: LOCO → Allocating for pickup from WS_02
20:55:07 | INFO     | t=3889.5: DISPATCHER → Task submitted: workshop_to_retrofitted (pending=2)
20:55:07 | INFO     | t=3915.0: RAKE[W10364,W6077] → COUPLING at WS_01 (1 couplings, 0.5 min)
20:55:07 | INFO     | t=3915.5: LOCO → Allocating for pickup from WS_01
20:55:07 | INFO     | t=3915.5: DISPATCHER → Task submitted: workshop_to_retrofitted (pending=3)
20:55:07 | INFO     | t=3920.0: LOCO[LOCO_01] → TRAIN_PREP at collection (coupling + prep, 17.0 min)
20:55:07 | INFO     | EVENT_PUBLISHED: TrainArrivedEvent | train=T49 | time=3940.8
20:55:07 | INFO     | EVENT_HANDLING: TrainArrivedEvent -> RetrofitWorkshopContext._handle_train_arrived
20:55:07 | INFO     | EVENT_HANDLED: TrainArrivedEvent by RetrofitWorkshopContext._handle_train_arrived
20:55:07 | INFO     | t=3943.0: LOCO[LOCO_02] → DECOUPLING at parking16 (3.0 min)
20:55:07 | INFO     | t=3946.0: RAKE[W8613,W10130,W9721,W9756,W3173,W5038] → DECOUPLING at parking16 (5 couplings, 2.5 min)
20:55:07 | INFO     | EVENT_PUBLISHED: TrainArrivedEvent | train=T50 | time=3955.2
20:55:07 | INFO     | EVENT_HANDLING: TrainArrivedEvent -> RetrofitWorkshopContext._handle_train_arrived
20:55:07 | INFO     | EVENT_HANDLED: TrainArrivedEvent by RetrofitWorkshopContext._handle_train_arrived
20:55:07 | INFO     | t=3997.0: LOCO[LOCO_01] → DECOUPLING at retrofit (24.0 min)
20:55:07 | INFO     | EVENT_PUBLISHED: TrainArrivedEvent | train=T51 | time=3997.8
20:55:07 | INFO     | EVENT_HANDLING: TrainArrivedEvent -> RetrofitWorkshopContext._handle_train_arrived
20:55:07 | INFO     | EVENT_HANDLED: TrainArrivedEvent by RetrofitWorkshopContext._handle_train_arrived
20:55:07 | INFO     | t=4008.5: LOCO[LOCO_02] → Releasing
20:55:07 | INFO     | t=4008.5: LOCO[LOCO_02] → Released
20:55:07 | INFO     | t=4008.5: PARKING → Got wagon W11261 from retrofitted
20:55:07 | INFO     | t=4008.5: DISPATCHER → Assigned loco LOCO_02 to workshop_to_retrofitted (waited 119.0 min, pending=2)
20:55:07 | INFO     | t=4008.5: LOCO → Allocating for parking transport
20:55:07 | INFO     | t=4008.5: DISPATCHER → Task submitted: retrofitted_to_parking (pending=3)
20:55:07 | INFO     | t=4008.5: LOCO[LOCO_02] → Allocated for pickup
20:55:07 | INFO     | t=4015.5: LOCO[LOCO_02] → TRAIN_PREP completed at WS_02 (2.0 min)
20:55:07 | INFO     | t=4020.5: BATCH → Putting 2 wagons on retrofitted track retrofitted
20:55:07 | INFO     | t=4020.5: WAGON[W9174] → Added to retrofitted track retrofitted
20:55:07 | INFO     | t=4020.5: WAGON[W6140] → Added to retrofitted track retrofitted
20:55:07 | INFO     | t=4021.0: RAKE[W10889,W11320,W5833,W6096,W0874,W10689,W5838,W11241] → DECOUPLING at retrofit (7 couplings, 21.0 min)
20:55:07 | INFO     | t=4025.5: WORKSHOP[WS_02] → Released, notifying 1 waiting processes
20:55:07 | INFO     | t=4025.5: WORKSHOP → Workshop became available
20:55:07 | INFO     | t=4025.5: WORKSHOP[WS_02] → Selected for batch
20:55:07 | INFO     | t=4025.5: DISPATCHER → Assigned loco LOCO_02 to workshop_to_retrofitted (waited 110.0 min, pending=2)
20:55:07 | INFO     | t=4025.5: WAGON[W10878] → Added to batch
20:55:07 | INFO     | t=4025.5: BATCH[W11254,W10878] → Formed 2 wagons for WS_02
20:55:07 | INFO     | t=4025.5: LOCO[LOCO_02] → Allocated for pickup
20:55:07 | INFO     | t=4025.5: TRACK[retrofit] → Removed 2 wagons (25.5m freed)
20:55:07 | INFO     | t=4025.5: DISPATCHER → Task submitted: retrofit_to_workshop (pending=3)
20:55:07 | INFO     | t=4032.5: LOCO[LOCO_02] → TRAIN_PREP completed at WS_01 (2.0 min)
20:55:07 | INFO     | t=4037.5: BATCH → Putting 2 wagons on retrofitted track retrofitted
20:55:07 | INFO     | t=4037.5: WAGON[W10364] → Added to retrofitted track retrofitted
20:55:07 | INFO     | t=4037.5: WAGON[W6077] → Added to retrofitted track retrofitted
20:55:07 | INFO     | t=4042.5: WORKSHOP[WS_01] → Released, notifying 0 waiting processes
20:55:07 | INFO     | t=4042.5: DISPATCHER → Assigned loco LOCO_02 to retrofit_to_workshop (waited 17.0 min, pending=2)
20:55:07 | INFO     | t=4042.5: RAKE[W11254,W10878] → COUPLING at retrofit (1 couplings, 2.0 min)
20:55:07 | INFO     | t=4042.5: WAGON[W5167] → Retrieved from retrofit queue
20:55:07 | INFO     | t=4042.5: WORKSHOP[WS_01] → Selected for batch
20:55:07 | INFO     | t=4042.5: WAGON[W4666] → Added to batch
20:55:07 | INFO     | t=4042.5: BATCH[W5167,W4666] → Formed 2 wagons for WS_01
20:55:07 | INFO     | t=4042.5: TRACK[retrofit] → Removed 2 wagons (38.8m freed)
20:55:07 | INFO     | t=4042.5: DISPATCHER → Task submitted: retrofit_to_workshop (pending=3)
20:55:07 | INFO     | t=4047.0: DISPATCHER → Assigned loco LOCO_01 to retrofit_to_workshop (waited 4.5 min, pending=2)
20:55:07 | INFO     | t=4047.0: RAKE[W5167,W4666] → COUPLING at retrofit (1 couplings, 2.0 min)
20:55:07 | INFO     | t=4047.0: WAGON[W11269] → Retrieved from retrofit queue
20:55:07 | INFO     | t=4047.0: WORKSHOP → No workshop available, waiting...
20:55:07 | INFO     | t=4047.0: Batch size limited by retrofit capacity: 6 wagons (121.6m) fits, 13 waiting
20:55:07 | INFO     | t=4047.0: COLLECTION → Reserving retrofit track capacity for 6 wagons
20:55:07 | INFO     | t=4047.0: COLLECTION → Capacity reserved, allocating locomotive
20:55:07 | INFO     | t=4047.0: DISPATCHER → Task submitted: collection_to_retrofit (pending=3)
20:55:07 | INFO     | t=4049.5: LOCO[LOCO_02] → COUPLING at retrofit (2.0 min)
20:55:07 | INFO     | t=4051.5: LOCO[LOCO_02] → SHUNTING_PREP at retrofit (1.0 min)
20:55:07 | INFO     | t=4054.0: LOCO[LOCO_01] → COUPLING at retrofit (2.0 min)
20:55:07 | INFO     | t=4056.0: LOCO[LOCO_01] → SHUNTING_PREP at retrofit (1.0 min)
20:55:07 | INFO     | t=4057.5: LOCO[LOCO_02] → DECOUPLING at WS_02 (3.0 min)
20:55:07 | INFO     | t=4060.5: RAKE[W11254,W10878] → DECOUPLING at WS_02 (1 couplings, 3.0 min)
20:55:07 | INFO     | t=4062.0: LOCO[LOCO_01] → DECOUPLING at WS_01 (3.0 min)
20:55:07 | INFO     | t=4063.5: WAGON[W11254] → RETROFIT_STARTED at WS_02
20:55:07 | INFO     | t=4063.5: WAGON[W10878] → RETROFIT_STARTED at WS_02
20:55:07 | INFO     | t=4065.0: RAKE[W5167,W4666] → DECOUPLING at WS_01 (1 couplings, 3.0 min)
20:55:07 | INFO     | t=4068.0: WAGON[W5167] → RETROFIT_STARTED at WS_01
20:55:07 | INFO     | t=4068.0: WAGON[W4666] → RETROFIT_STARTED at WS_01
20:55:07 | INFO     | t=4068.5: DISPATCHER → Hold override for retrofitted_to_parking (waited 60.0 min >= max 45.0 min)
20:55:07 | INFO     | t=4068.5: DISPATCHER → Assigned loco LOCO_02 to retrofitted_to_parking (waited 60.0 min, pending=2)
20:55:07 | INFO     | t=4068.5: LOCO[LOCO_02] → Allocated for parking transport
20:55:07 | INFO     | t=4073.5: LOCO[LOCO_02] → TRAIN_PREP at retrofitted (coupling + prep, 2.0 min)
20:55:07 | INFO     | t=4080.5: LOCO[LOCO_02] → DECOUPLING at parking1 (1.0 min)
20:55:07 | INFO     | t=4081.5: RAKE[W11261,W11259] → DECOUPLING at parking1 (1 couplings, 0.5 min)
20:55:07 | INFO     | t=4087.0: LOCO[LOCO_02] → Releasing
20:55:07 | INFO     | t=4087.0: LOCO[LOCO_02] → Released
20:55:07 | INFO     | t=4087.0: PARKING → Got wagon W9174 from retrofitted
20:55:07 | INFO     | t=4087.0: LOCO → Allocating for parking transport
20:55:07 | INFO     | t=4087.0: DISPATCHER → Task submitted: retrofitted_to_parking (pending=3)
20:55:07 | INFO     | EVENT_PUBLISHED: TrainArrivedEvent | train=T52 | time=4093.2
20:55:07 | INFO     | EVENT_HANDLING: TrainArrivedEvent -> RetrofitWorkshopContext._handle_train_arrived
20:55:07 | INFO     | EVENT_HANDLED: TrainArrivedEvent by RetrofitWorkshopContext._handle_train_arrived
20:55:07 | INFO     | t=4123.5: RAKE[W11254,W10878] → COUPLING at WS_02 (1 couplings, 0.5 min)
20:55:07 | INFO     | t=4124.0: LOCO → Allocating for pickup from WS_02
20:55:07 | INFO     | t=4124.0: DISPATCHER → Task submitted: workshop_to_retrofitted (pending=4)
20:55:07 | INFO     | t=4124.0: DISPATCHER → Assigned loco LOCO_01 to workshop_to_retrofitted (waited 0.0 min, pending=3)
20:55:07 | INFO     | t=4124.0: LOCO[LOCO_01] → Allocated for pickup
20:55:07 | INFO     | t=4128.0: RAKE[W5167,W4666] → COUPLING at WS_01 (1 couplings, 0.5 min)
20:55:07 | INFO     | t=4128.5: LOCO → Allocating for pickup from WS_01
20:55:07 | INFO     | t=4128.5: DISPATCHER → Task submitted: workshop_to_retrofitted (pending=4)
20:55:07 | INFO     | t=4128.5: DISPATCHER → Assigned loco LOCO_02 to workshop_to_retrofitted (waited 0.0 min, pending=3)
20:55:07 | INFO     | t=4128.5: LOCO[LOCO_02] → Allocated for pickup
20:55:07 | INFO     | t=4131.0: LOCO[LOCO_01] → TRAIN_PREP completed at WS_02 (2.0 min)
20:55:07 | INFO     | t=4133.5: DISPATCHER → Hold override for retrofitted_to_parking (waited 46.5 min >= max 45.0 min)
20:55:07 | INFO     | t=4135.5: LOCO[LOCO_02] → TRAIN_PREP completed at WS_01 (2.0 min)
20:55:07 | INFO     | t=4136.0: BATCH → Putting 2 wagons on retrofitted track retrofitted
20:55:07 | INFO     | t=4136.0: WAGON[W11254] → Added to retrofitted track retrofitted
20:55:07 | INFO     | t=4136.0: WAGON[W10878] → Added to retrofitted track retrofitted
20:55:07 | INFO     | t=4140.5: BATCH → Putting 2 wagons on retrofitted track retrofitted
20:55:07 | INFO     | t=4140.5: WAGON[W5167] → Added to retrofitted track retrofitted
20:55:07 | INFO     | t=4140.5: WAGON[W4666] → Added to retrofitted track retrofitted
20:55:07 | INFO     | t=4141.0: WORKSHOP[WS_02] → Released, notifying 1 waiting processes
20:55:07 | INFO     | t=4141.0: WORKSHOP → Workshop became available
20:55:07 | INFO     | t=4141.0: WORKSHOP[WS_02] → Selected for batch
20:55:07 | INFO     | t=4141.0: DISPATCHER → Hold override for retrofitted_to_parking (waited 54.0 min >= max 45.0 min)
20:55:07 | INFO     | t=4141.0: DISPATCHER → Assigned loco LOCO_01 to retrofitted_to_parking (waited 54.0 min, pending=2)
20:55:07 | INFO     | t=4141.0: WAGON[W3811] → Added to batch
20:55:07 | INFO     | t=4141.0: BATCH[W11269,W3811] → Formed 2 wagons for WS_02
20:55:07 | INFO     | t=4141.0: LOCO[LOCO_01] → Allocated for parking transport
20:55:07 | INFO     | t=4141.0: TRACK[retrofit] → Removed 2 wagons (32.6m freed)
20:55:07 | INFO     | t=4141.0: DISPATCHER → Task submitted: retrofit_to_workshop (pending=3)
20:55:07 | INFO     | t=4145.5: WORKSHOP[WS_01] → Released, notifying 0 waiting processes
20:55:07 | INFO     | t=4145.5: DISPATCHER → Assigned loco LOCO_02 to retrofit_to_workshop (waited 4.5 min, pending=2)
20:55:07 | INFO     | t=4145.5: RAKE[W11269,W3811] → COUPLING at retrofit (1 couplings, 2.0 min)
20:55:07 | INFO     | t=4145.5: WAGON[W2926] → Retrieved from retrofit queue
20:55:07 | INFO     | t=4145.5: WORKSHOP[WS_01] → Selected for batch
20:55:07 | INFO     | t=4145.5: WAGON[W5391] → Added to batch
20:55:07 | INFO     | t=4145.5: BATCH[W2926,W5391] → Formed 2 wagons for WS_01
20:55:07 | INFO     | t=4145.5: TRACK[retrofit] → Removed 2 wagons (39.7m freed)
20:55:07 | INFO     | t=4145.5: DISPATCHER → Task submitted: retrofit_to_workshop (pending=3)
20:55:07 | INFO     | t=4146.0: LOCO[LOCO_01] → TRAIN_PREP at retrofitted (coupling + prep, 3.0 min)
20:55:07 | INFO     | t=4152.5: LOCO[LOCO_02] → COUPLING at retrofit (2.0 min)
20:55:07 | INFO     | t=4154.5: LOCO[LOCO_02] → SHUNTING_PREP at retrofit (1.0 min)
20:55:07 | INFO     | t=4160.5: LOCO[LOCO_02] → DECOUPLING at WS_02 (3.0 min)
20:55:07 | INFO     | t=4163.5: RAKE[W11269,W3811] → DECOUPLING at WS_02 (1 couplings, 3.0 min)
20:55:07 | INFO     | t=4166.5: WAGON[W11269] → RETROFIT_STARTED at WS_02
20:55:07 | INFO     | t=4166.5: WAGON[W3811] → RETROFIT_STARTED at WS_02
20:55:07 | INFO     | t=4171.5: DISPATCHER → Assigned loco LOCO_02 to retrofit_to_workshop (waited 26.0 min, pending=2)
20:55:07 | INFO     | t=4171.5: RAKE[W2926,W5391] → COUPLING at retrofit (1 couplings, 2.0 min)
20:55:07 | INFO     | t=4171.5: WAGON[W10889] → Retrieved from retrofit queue
20:55:07 | INFO     | t=4171.5: WORKSHOP → No workshop available, waiting...
20:55:07 | INFO     | t=4178.5: LOCO[LOCO_02] → COUPLING at retrofit (2.0 min)
20:55:07 | INFO     | t=4180.5: LOCO[LOCO_02] → SHUNTING_PREP at retrofit (1.0 min)
20:55:07 | INFO     | t=4186.5: LOCO[LOCO_02] → DECOUPLING at WS_01 (3.0 min)
20:55:07 | INFO     | t=4189.5: RAKE[W2926,W5391] → DECOUPLING at WS_01 (1 couplings, 3.0 min)
20:55:07 | INFO     | t=4192.5: WAGON[W2926] → RETROFIT_STARTED at WS_01
20:55:07 | INFO     | t=4192.5: WAGON[W5391] → RETROFIT_STARTED at WS_01
20:55:07 | INFO     | t=4197.5: DISPATCHER → Assigned loco LOCO_02 to collection_to_retrofit (waited 400.5 min, pending=1)
20:55:07 | INFO     | t=4209.0: LOCO[LOCO_01] → DECOUPLING at parking12 (2.0 min)
20:55:07 | INFO     | t=4211.0: RAKE[W9174,W6140,W10364,W6077] → DECOUPLING at parking12 (3 couplings, 1.5 min)
20:55:07 | INFO     | t=4226.5: RAKE[W11269,W3811] → COUPLING at WS_02 (1 couplings, 0.5 min)
20:55:07 | INFO     | t=4227.0: LOCO → Allocating for pickup from WS_02
20:55:07 | INFO     | t=4227.0: DISPATCHER → Task submitted: workshop_to_retrofitted (pending=2)
20:55:07 | INFO     | t=4252.5: RAKE[W2926,W5391] → COUPLING at WS_01 (1 couplings, 0.5 min)
20:55:07 | INFO     | t=4253.0: LOCO → Allocating for pickup from WS_01
20:55:07 | INFO     | t=4253.0: DISPATCHER → Task submitted: workshop_to_retrofitted (pending=3)
20:55:07 | INFO     | t=4257.5: LOCO[LOCO_02] → TRAIN_PREP at collection (coupling + prep, 3.0 min)
20:55:07 | INFO     | t=4272.5: LOCO[LOCO_01] → Releasing
20:55:07 | INFO     | t=4272.5: LOCO[LOCO_01] → Released
20:55:07 | INFO     | t=4272.5: PARKING → Got wagon W11254 from retrofitted
20:55:07 | INFO     | t=4272.5: DISPATCHER → Assigned loco LOCO_01 to workshop_to_retrofitted (waited 45.5 min, pending=2)
20:55:07 | INFO     | t=4272.5: LOCO[LOCO_01] → Allocated for pickup
20:55:07 | INFO     | t=4272.5: LOCO → Allocating for parking transport
20:55:07 | INFO     | t=4272.5: DISPATCHER → Task submitted: retrofitted_to_parking (pending=3)
20:55:07 | INFO     | t=4279.5: LOCO[LOCO_01] → TRAIN_PREP completed at WS_02 (2.0 min)
20:55:07 | INFO     | t=4284.5: BATCH → Putting 2 wagons on retrofitted track retrofitted
20:55:07 | INFO     | t=4284.5: WAGON[W11269] → Added to retrofitted track retrofitted
20:55:07 | INFO     | t=4284.5: WAGON[W3811] → Added to retrofitted track retrofitted
20:55:07 | INFO     | t=4289.5: WORKSHOP[WS_02] → Released, notifying 1 waiting processes
20:55:07 | INFO     | t=4289.5: WORKSHOP → Workshop became available
20:55:07 | INFO     | t=4289.5: WORKSHOP[WS_02] → Selected for batch
20:55:07 | INFO     | t=4289.5: DISPATCHER → Assigned loco LOCO_01 to workshop_to_retrofitted (waited 36.5 min, pending=2)
20:55:07 | INFO     | t=4289.5: WAGON[W11320] → Added to batch
20:55:07 | INFO     | t=4289.5: BATCH[W10889,W11320] → Formed 2 wagons for WS_02
20:55:07 | INFO     | t=4289.5: LOCO[LOCO_01] → Allocated for pickup
20:55:07 | INFO     | t=4289.5: TRACK[retrofit] → Removed 2 wagons (27.7m freed)
20:55:07 | INFO     | t=4289.5: DISPATCHER → Task submitted: retrofit_to_workshop (pending=3)
20:55:07 | INFO     | EVENT_PUBLISHED: TrainArrivedEvent | train=T53 | time=4293.0
20:55:07 | INFO     | EVENT_HANDLING: TrainArrivedEvent -> RetrofitWorkshopContext._handle_train_arrived
20:55:07 | INFO     | EVENT_HANDLED: TrainArrivedEvent by RetrofitWorkshopContext._handle_train_arrived
20:55:07 | INFO     | t=4296.5: LOCO[LOCO_01] → TRAIN_PREP completed at WS_01 (2.0 min)
20:55:07 | INFO     | t=4301.5: BATCH → Putting 2 wagons on retrofitted track retrofitted
20:55:07 | INFO     | t=4301.5: WAGON[W2926] → Added to retrofitted track retrofitted
20:55:07 | INFO     | t=4301.5: WAGON[W5391] → Added to retrofitted track retrofitted
20:55:07 | INFO     | t=4306.5: WORKSHOP[WS_01] → Released, notifying 0 waiting processes
20:55:07 | INFO     | t=4306.5: DISPATCHER → Assigned loco LOCO_01 to retrofit_to_workshop (waited 17.0 min, pending=2)
20:55:07 | INFO     | t=4306.5: RAKE[W10889,W11320] → COUPLING at retrofit (1 couplings, 2.0 min)
20:55:07 | INFO     | t=4306.5: WAGON[W5833] → Retrieved from retrofit queue
20:55:07 | INFO     | t=4306.5: WORKSHOP[WS_01] → Selected for batch
20:55:07 | INFO     | t=4306.5: WAGON[W6096] → Added to batch
20:55:07 | INFO     | t=4306.5: BATCH[W5833,W6096] → Formed 2 wagons for WS_01
20:55:07 | INFO     | t=4306.5: TRACK[retrofit] → Removed 2 wagons (28.1m freed)
20:55:07 | INFO     | t=4306.5: DISPATCHER → Task submitted: retrofit_to_workshop (pending=3)
20:55:07 | INFO     | t=4313.5: LOCO[LOCO_01] → COUPLING at retrofit (2.0 min)
20:55:07 | INFO     | t=4315.5: LOCO[LOCO_01] → SHUNTING_PREP at retrofit (1.0 min)
20:55:07 | INFO     | t=4320.5: LOCO[LOCO_02] → DECOUPLING at retrofit (3.0 min)
20:55:07 | INFO     | EVENT_PUBLISHED: TrainArrivedEvent | train=T54 | time=4320.8
20:55:07 | INFO     | EVENT_HANDLING: TrainArrivedEvent -> RetrofitWorkshopContext._handle_train_arrived
20:55:07 | INFO     | EVENT_HANDLED: TrainArrivedEvent by RetrofitWorkshopContext._handle_train_arrived
20:55:07 | INFO     | t=4321.5: LOCO[LOCO_01] → DECOUPLING at WS_02 (3.0 min)
20:55:07 | INFO     | t=4323.5: RAKE[W6682] → DECOUPLING at retrofit (0 couplings, 0.0 min)
20:55:07 | INFO     | t=4324.5: RAKE[W10889,W11320] → DECOUPLING at WS_02 (1 couplings, 3.0 min)
20:55:07 | INFO     | t=4327.5: WAGON[W10889] → RETROFIT_STARTED at WS_02
20:55:07 | INFO     | t=4327.5: WAGON[W11320] → RETROFIT_STARTED at WS_02
20:55:07 | INFO     | t=4328.5: DISPATCHER → Hold override for retrofitted_to_parking (waited 56.0 min >= max 45.0 min)
20:55:07 | INFO     | t=4328.5: DISPATCHER → Assigned loco LOCO_02 to retrofit_to_workshop (waited 22.0 min, pending=2)
20:55:07 | INFO     | t=4328.5: RAKE[W5833,W6096] → COUPLING at retrofit (1 couplings, 2.0 min)
20:55:07 | INFO     | t=4328.5: WAGON[W0874] → Retrieved from retrofit queue
20:55:07 | INFO     | t=4328.5: WORKSHOP → No workshop available, waiting...
20:55:07 | INFO     | t=4328.5: Batch size limited by retrofit capacity: 9 wagons (119.4m) fits, 14 waiting
20:55:07 | INFO     | t=4328.5: COLLECTION → Reserving retrofit track capacity for 9 wagons
20:55:07 | INFO     | t=4328.5: COLLECTION → Capacity reserved, allocating locomotive
20:55:07 | INFO     | t=4328.5: DISPATCHER → Task submitted: collection_to_retrofit (pending=3)
20:55:07 | INFO     | t=4332.5: DISPATCHER → Hold override for retrofitted_to_parking (waited 60.0 min >= max 45.0 min)
20:55:07 | INFO     | t=4332.5: DISPATCHER → Assigned loco LOCO_01 to retrofitted_to_parking (waited 60.0 min, pending=2)
20:55:07 | INFO     | t=4332.5: LOCO[LOCO_01] → Allocated for parking transport
20:55:07 | INFO     | t=4335.5: LOCO[LOCO_02] → COUPLING at retrofit (2.0 min)
20:55:07 | INFO     | t=4337.5: LOCO[LOCO_02] → SHUNTING_PREP at retrofit (1.0 min)
20:55:07 | INFO     | t=4337.5: LOCO[LOCO_01] → TRAIN_PREP at retrofitted (coupling + prep, 3.0 min)
20:55:07 | INFO     | t=4343.5: LOCO[LOCO_02] → DECOUPLING at WS_01 (3.0 min)
20:55:07 | INFO     | t=4346.5: RAKE[W5833,W6096] → DECOUPLING at WS_01 (1 couplings, 3.0 min)
20:55:07 | INFO     | t=4349.5: WAGON[W5833] → RETROFIT_STARTED at WS_01
20:55:07 | INFO     | t=4349.5: WAGON[W6096] → RETROFIT_STARTED at WS_01
20:55:07 | INFO     | EVENT_PUBLISHED: TrainArrivedEvent | train=T55 | time=4379.0
20:55:07 | INFO     | EVENT_HANDLING: TrainArrivedEvent -> RetrofitWorkshopContext._handle_train_arrived
20:55:07 | INFO     | EVENT_HANDLED: TrainArrivedEvent by RetrofitWorkshopContext._handle_train_arrived
20:55:07 | INFO     | t=4387.5: RAKE[W10889,W11320] → COUPLING at WS_02 (1 couplings, 0.5 min)
20:55:07 | INFO     | EVENT_PUBLISHED: TrainArrivedEvent | train=T56 | time=4387.8
20:55:07 | INFO     | EVENT_HANDLING: TrainArrivedEvent -> RetrofitWorkshopContext._handle_train_arrived
20:55:07 | INFO     | EVENT_HANDLED: TrainArrivedEvent by RetrofitWorkshopContext._handle_train_arrived
20:55:07 | INFO     | t=4388.0: LOCO → Allocating for pickup from WS_02
20:55:07 | INFO     | t=4388.0: DISPATCHER → Task submitted: workshop_to_retrofitted (pending=3)
20:55:07 | INFO     | t=4388.0: DISPATCHER → Assigned loco LOCO_02 to workshop_to_retrofitted (waited 0.0 min, pending=2)
20:55:07 | INFO     | t=4388.0: LOCO[LOCO_02] → Allocated for pickup
20:55:07 | INFO     | t=4395.0: LOCO[LOCO_02] → TRAIN_PREP completed at WS_02 (2.0 min)
20:55:07 | INFO     | t=4400.0: BATCH → Putting 2 wagons on retrofitted track retrofitted
20:55:07 | INFO     | t=4400.0: WAGON[W10889] → Added to retrofitted track retrofitted
20:55:07 | INFO     | t=4400.0: WAGON[W11320] → Added to retrofitted track retrofitted
20:55:07 | INFO     | t=4405.0: WORKSHOP[WS_02] → Released, notifying 1 waiting processes
20:55:07 | INFO     | t=4405.0: WORKSHOP → Workshop became available
20:55:07 | INFO     | t=4405.0: WORKSHOP[WS_02] → Selected for batch
20:55:07 | INFO     | t=4405.0: WAGON[W10689] → Added to batch
20:55:07 | INFO     | t=4405.0: BATCH[W0874,W10689] → Formed 2 wagons for WS_02
20:55:07 | INFO     | t=4405.0: TRACK[retrofit] → Removed 2 wagons (24.4m freed)
20:55:07 | INFO     | t=4405.0: DISPATCHER → Task submitted: retrofit_to_workshop (pending=3)
20:55:07 | INFO     | t=4405.0: DISPATCHER → Assigned loco LOCO_02 to retrofit_to_workshop (waited 0.0 min, pending=2)
20:55:07 | INFO     | t=4405.0: RAKE[W0874,W10689] → COUPLING at retrofit (1 couplings, 2.0 min)
20:55:07 | INFO     | t=4405.0: WAGON[W5838] → Retrieved from retrofit queue
20:55:07 | INFO     | t=4405.0: WORKSHOP → No workshop available, waiting...
20:55:07 | INFO     | t=4409.5: RAKE[W5833,W6096] → COUPLING at WS_01 (1 couplings, 0.5 min)
20:55:07 | INFO     | t=4410.0: LOCO → Allocating for pickup from WS_01
20:55:07 | INFO     | t=4410.0: DISPATCHER → Task submitted: workshop_to_retrofitted (pending=3)
20:55:07 | INFO     | t=4412.0: LOCO[LOCO_02] → COUPLING at retrofit (2.0 min)
20:55:07 | INFO     | t=4414.0: LOCO[LOCO_02] → SHUNTING_PREP at retrofit (1.0 min)
20:55:07 | INFO     | t=4415.5: LOCO[LOCO_01] → DECOUPLING at parking13 (2.0 min)
20:55:07 | INFO     | t=4417.5: RAKE[W11254,W10878,W5167,W4666] → DECOUPLING at parking13 (3 couplings, 1.5 min)
20:55:07 | INFO     | t=4420.0: LOCO[LOCO_02] → DECOUPLING at WS_02 (3.0 min)
20:55:07 | INFO     | t=4423.0: RAKE[W0874,W10689] → DECOUPLING at WS_02 (1 couplings, 3.0 min)
20:55:07 | INFO     | t=4426.0: WAGON[W0874] → RETROFIT_STARTED at WS_02
20:55:07 | INFO     | t=4426.0: WAGON[W10689] → RETROFIT_STARTED at WS_02
20:55:07 | INFO     | t=4431.0: DISPATCHER → Assigned loco LOCO_02 to workshop_to_retrofitted (waited 21.0 min, pending=2)
20:55:07 | INFO     | t=4431.0: LOCO[LOCO_02] → Allocated for pickup
20:55:07 | INFO     | t=4438.0: LOCO[LOCO_02] → TRAIN_PREP completed at WS_01 (2.0 min)
20:55:07 | INFO     | t=4443.0: BATCH → Putting 2 wagons on retrofitted track retrofitted
20:55:07 | INFO     | t=4443.0: WAGON[W5833] → Added to retrofitted track retrofitted
20:55:07 | INFO     | t=4443.0: WAGON[W6096] → Added to retrofitted track retrofitted
20:55:07 | INFO     | t=4448.0: WORKSHOP[WS_01] → Released, notifying 1 waiting processes
20:55:07 | INFO     | t=4448.0: WORKSHOP → Workshop became available
20:55:07 | INFO     | t=4448.0: WORKSHOP[WS_01] → Selected for batch
20:55:07 | INFO     | t=4448.0: WAGON[W11241] → Added to batch
20:55:07 | INFO     | t=4448.0: BATCH[W5838,W11241] → Formed 2 wagons for WS_01
20:55:07 | INFO     | t=4448.0: TRACK[retrofit] → Removed 2 wagons (29.0m freed)
20:55:07 | INFO     | t=4448.0: DISPATCHER → Task submitted: retrofit_to_workshop (pending=3)
20:55:07 | INFO     | t=4448.0: DISPATCHER → Assigned loco LOCO_02 to retrofit_to_workshop (waited 0.0 min, pending=2)
20:55:07 | INFO     | t=4448.0: RAKE[W5838,W11241] → COUPLING at retrofit (1 couplings, 2.0 min)
20:55:07 | INFO     | t=4448.0: WAGON[W6682] → Retrieved from retrofit queue
20:55:07 | INFO     | t=4448.0: WORKSHOP → No workshop available, waiting...
20:55:07 | INFO     | t=4455.0: LOCO[LOCO_02] → COUPLING at retrofit (2.0 min)
20:55:07 | INFO     | t=4457.0: LOCO[LOCO_02] → SHUNTING_PREP at retrofit (1.0 min)
20:55:07 | INFO     | t=4463.0: LOCO[LOCO_02] → DECOUPLING at WS_01 (3.0 min)
20:55:07 | INFO     | t=4466.0: RAKE[W5838,W11241] → DECOUPLING at WS_01 (1 couplings, 3.0 min)
20:55:07 | INFO     | t=4469.0: WAGON[W5838] → RETROFIT_STARTED at WS_01
20:55:07 | INFO     | t=4469.0: WAGON[W11241] → RETROFIT_STARTED at WS_01
20:55:07 | INFO     | t=4474.0: DISPATCHER → Assigned loco LOCO_02 to collection_to_retrofit (waited 427.0 min, pending=1)
20:55:07 | INFO     | t=4479.0: LOCO[LOCO_01] → Releasing
20:55:07 | INFO     | t=4479.0: LOCO[LOCO_01] → Released
20:55:07 | INFO     | t=4479.0: PARKING → Got wagon W11269 from retrofitted
20:55:07 | INFO     | t=4479.0: DISPATCHER → Assigned loco LOCO_01 to collection_to_retrofit (waited 150.5 min, pending=0)
20:55:07 | INFO     | t=4479.0: LOCO → Allocating for parking transport
20:55:07 | INFO     | t=4479.0: DISPATCHER → Task submitted: retrofitted_to_parking (pending=1)
20:55:07 | INFO     | t=4486.0: RAKE[W0874,W10689] → COUPLING at WS_02 (1 couplings, 0.5 min)
20:55:07 | INFO     | t=4486.5: LOCO → Allocating for pickup from WS_02
20:55:07 | INFO     | t=4486.5: DISPATCHER → Task submitted: workshop_to_retrofitted (pending=2)
20:55:07 | INFO     | EVENT_PUBLISHED: TrainArrivedEvent | train=T57 | time=4491.5
20:55:07 | INFO     | EVENT_HANDLING: TrainArrivedEvent -> RetrofitWorkshopContext._handle_train_arrived
20:55:07 | INFO     | EVENT_HANDLED: TrainArrivedEvent by RetrofitWorkshopContext._handle_train_arrived
20:55:07 | INFO     | t=4529.0: RAKE[W5838,W11241] → COUPLING at WS_01 (1 couplings, 0.5 min)
20:55:07 | INFO     | t=4529.5: LOCO → Allocating for pickup from WS_01
20:55:07 | INFO     | t=4529.5: DISPATCHER → Task submitted: workshop_to_retrofitted (pending=3)
20:55:07 | INFO     | t=4534.0: LOCO[LOCO_02] → TRAIN_PREP at collection (coupling + prep, 13.0 min)
20:55:07 | INFO     | t=4539.0: LOCO[LOCO_01] → TRAIN_PREP at collection (coupling + prep, 19.0 min)
20:55:07 | INFO     | t=4607.0: LOCO[LOCO_02] → DECOUPLING at retrofit (18.0 min)
20:55:07 | INFO     | t=4618.0: LOCO[LOCO_01] → DECOUPLING at retrofit (27.0 min)
20:55:07 | INFO     | t=4625.0: RAKE[W2444,W9329,W2772,W3651,W4026,W2716] → DECOUPLING at retrofit (5 couplings, 15.0 min)
20:55:07 | INFO     | t=4645.0: RAKE[W11256,W10892,W1906,W1158,W1139,W1149,W1150,W1151,W1152] → DECOUPLING at retrofit (8 couplings, 24.0 min)
20:55:07 | INFO     | t=4645.0: DISPATCHER → Hold override for retrofitted_to_parking (waited 166.0 min >= max 45.0 min)
20:55:07 | INFO     | t=4645.0: DISPATCHER → Assigned loco LOCO_02 to workshop_to_retrofitted (waited 158.5 min, pending=2)
20:55:07 | INFO     | t=4645.0: DISPATCHER → Hold override for retrofitted_to_parking (waited 166.0 min >= max 45.0 min)
20:55:07 | INFO     | t=4645.0: LOCO[LOCO_02] → Allocated for pickup
20:55:07 | INFO     | t=4645.0: Batch size limited by retrofit capacity: 3 wagons (50.2m) fits, 17 waiting
20:55:07 | INFO     | t=4645.0: COLLECTION → Reserving retrofit track capacity for 3 wagons
20:55:07 | INFO     | t=4645.0: COLLECTION → Capacity reserved, allocating locomotive
20:55:07 | INFO     | t=4645.0: DISPATCHER → Task submitted: collection_to_retrofit (pending=3)
20:55:07 | INFO     | t=4652.0: LOCO[LOCO_02] → TRAIN_PREP completed at WS_02 (2.0 min)
20:55:07 | INFO     | EVENT_PUBLISHED: TrainArrivedEvent | train=T58 | time=4654.5
20:55:07 | INFO     | EVENT_HANDLING: TrainArrivedEvent -> RetrofitWorkshopContext._handle_train_arrived
20:55:07 | INFO     | EVENT_HANDLED: TrainArrivedEvent by RetrofitWorkshopContext._handle_train_arrived
20:55:07 | INFO     | t=4657.0: BATCH → Putting 2 wagons on retrofitted track retrofitted
20:55:07 | INFO     | t=4657.0: WAGON[W0874] → Added to retrofitted track retrofitted
20:55:07 | INFO     | t=4657.0: WAGON[W10689] → Added to retrofitted track retrofitted
20:55:07 | INFO     | t=4662.0: WORKSHOP[WS_02] → Released, notifying 1 waiting processes
20:55:07 | INFO     | t=4662.0: WORKSHOP → Workshop became available
20:55:07 | INFO     | t=4662.0: WORKSHOP[WS_02] → Selected for batch
20:55:07 | INFO     | t=4662.0: DISPATCHER → Hold override for retrofitted_to_parking (waited 183.0 min >= max 45.0 min)
20:55:07 | INFO     | t=4662.0: DISPATCHER → Assigned loco LOCO_02 to workshop_to_retrofitted (waited 132.5 min, pending=2)
20:55:07 | INFO     | t=4662.0: DISPATCHER → Hold override for retrofitted_to_parking (waited 183.0 min >= max 45.0 min)
20:55:07 | INFO     | t=4662.0: WAGON[W2444] → Added to batch
20:55:07 | INFO     | t=4662.0: BATCH[W6682,W2444] → Formed 2 wagons for WS_02
20:55:07 | INFO     | t=4662.0: LOCO[LOCO_02] → Allocated for pickup
20:55:07 | INFO     | t=4662.0: TRACK[retrofit] → Removed 2 wagons (31.7m freed)
20:55:07 | INFO     | t=4662.0: DISPATCHER → Task submitted: retrofit_to_workshop (pending=3)
20:55:07 | INFO     | t=4669.0: LOCO[LOCO_02] → TRAIN_PREP completed at WS_01 (2.0 min)
20:55:07 | INFO     | t=4674.0: BATCH → Putting 2 wagons on retrofitted track retrofitted
20:55:07 | INFO     | t=4674.0: WAGON[W5838] → Added to retrofitted track retrofitted
20:55:07 | INFO     | t=4674.0: WAGON[W11241] → Added to retrofitted track retrofitted
20:55:07 | INFO     | t=4674.0: DISPATCHER → Hold override for retrofitted_to_parking (waited 195.0 min >= max 45.0 min)
20:55:07 | INFO     | t=4674.0: DISPATCHER → Assigned loco LOCO_01 to retrofit_to_workshop (waited 12.0 min, pending=2)
20:55:07 | INFO     | t=4674.0: DISPATCHER → Hold override for retrofitted_to_parking (waited 195.0 min >= max 45.0 min)
20:55:07 | INFO     | t=4674.0: RAKE[W6682,W2444] → COUPLING at retrofit (1 couplings, 2.0 min)
20:55:07 | INFO     | t=4674.0: Batch size limited by retrofit capacity: 3 wagons (38.6m) fits, 18 waiting
20:55:07 | INFO     | t=4674.0: WAGON[W9329] → Retrieved from retrofit queue
20:55:07 | INFO     | t=4674.0: WORKSHOP → No workshop available, waiting...
20:55:07 | INFO     | t=4674.0: COLLECTION → Reserving retrofit track capacity for 3 wagons
20:55:07 | INFO     | t=4674.0: COLLECTION → Capacity reserved, allocating locomotive
20:55:07 | INFO     | t=4674.0: DISPATCHER → Task submitted: collection_to_retrofit (pending=3)
20:55:07 | INFO     | EVENT_PUBLISHED: TrainArrivedEvent | train=T59 | time=4676.8
20:55:07 | INFO     | EVENT_HANDLING: TrainArrivedEvent -> RetrofitWorkshopContext._handle_train_arrived
20:55:07 | INFO     | EVENT_HANDLED: TrainArrivedEvent by RetrofitWorkshopContext._handle_train_arrived
20:55:07 | INFO     | t=4679.0: WORKSHOP[WS_01] → Released, notifying 1 waiting processes
20:55:07 | INFO     | t=4679.0: WORKSHOP → Workshop became available
20:55:07 | INFO     | t=4679.0: WORKSHOP[WS_01] → Selected for batch
20:55:07 | INFO     | t=4679.0: DISPATCHER → Hold override for retrofitted_to_parking (waited 200.0 min >= max 45.0 min)
20:55:07 | INFO     | t=4679.0: DISPATCHER → Assigned loco LOCO_02 to retrofitted_to_parking (waited 200.0 min, pending=2)
20:55:07 | INFO     | t=4679.0: WAGON[W2772] → Added to batch
20:55:07 | INFO     | t=4679.0: BATCH[W9329,W2772] → Formed 2 wagons for WS_01
20:55:07 | INFO     | t=4679.0: LOCO[LOCO_02] → Allocated for parking transport
20:55:07 | INFO     | t=4679.0: TRACK[retrofit] → Removed 2 wagons (41.9m freed)
20:55:07 | INFO     | t=4679.0: DISPATCHER → Task submitted: retrofit_to_workshop (pending=3)
20:55:07 | INFO     | t=4681.0: LOCO[LOCO_01] → COUPLING at retrofit (2.0 min)
20:55:07 | INFO     | t=4683.0: LOCO[LOCO_01] → SHUNTING_PREP at retrofit (1.0 min)
20:55:07 | INFO     | t=4684.0: LOCO[LOCO_02] → TRAIN_PREP at retrofitted (coupling + prep, 5.0 min)
20:55:07 | INFO     | t=4689.0: LOCO[LOCO_01] → DECOUPLING at WS_02 (3.0 min)
20:55:07 | INFO     | t=4692.0: RAKE[W6682,W2444] → DECOUPLING at WS_02 (1 couplings, 3.0 min)
20:55:07 | INFO     | t=4695.0: WAGON[W6682] → RETROFIT_STARTED at WS_02
20:55:07 | INFO     | t=4695.0: WAGON[W2444] → RETROFIT_STARTED at WS_02
20:55:07 | INFO     | t=4700.0: DISPATCHER → Assigned loco LOCO_01 to retrofit_to_workshop (waited 21.0 min, pending=2)
20:55:07 | INFO     | t=4700.0: RAKE[W9329,W2772] → COUPLING at retrofit (1 couplings, 2.0 min)
20:55:07 | INFO     | t=4700.0: WAGON[W3651] → Retrieved from retrofit queue
20:55:07 | INFO     | t=4700.0: WORKSHOP → No workshop available, waiting...
20:55:07 | INFO     | EVENT_PUBLISHED: TrainArrivedEvent | train=T60 | time=4704.0
20:55:07 | INFO     | EVENT_HANDLING: TrainArrivedEvent -> RetrofitWorkshopContext._handle_train_arrived
20:55:07 | INFO     | EVENT_HANDLED: TrainArrivedEvent by RetrofitWorkshopContext._handle_train_arrived
20:55:07 | INFO     | t=4707.0: LOCO[LOCO_01] → COUPLING at retrofit (2.0 min)
20:55:07 | INFO     | t=4709.0: LOCO[LOCO_01] → SHUNTING_PREP at retrofit (1.0 min)
20:55:07 | INFO     | t=4715.0: LOCO[LOCO_01] → DECOUPLING at WS_01 (3.0 min)
20:55:07 | INFO     | t=4718.0: RAKE[W9329,W2772] → DECOUPLING at WS_01 (1 couplings, 3.0 min)
20:55:07 | INFO     | t=4721.0: WAGON[W9329] → RETROFIT_STARTED at WS_01
20:55:07 | INFO     | t=4721.0: WAGON[W2772] → RETROFIT_STARTED at WS_01
20:55:07 | INFO     | t=4755.0: RAKE[W6682,W2444] → COUPLING at WS_02 (1 couplings, 0.5 min)
20:55:07 | INFO     | t=4755.5: LOCO → Allocating for pickup from WS_02
20:55:07 | INFO     | t=4755.5: DISPATCHER → Task submitted: workshop_to_retrofitted (pending=3)
20:55:07 | INFO     | t=4755.5: DISPATCHER → Assigned loco LOCO_01 to workshop_to_retrofitted (waited 0.0 min, pending=2)
20:55:07 | INFO     | t=4755.5: LOCO[LOCO_01] → Allocated for pickup
20:55:07 | INFO     | EVENT_PUBLISHED: TrainArrivedEvent | train=T61 | time=4761.2
20:55:07 | INFO     | EVENT_HANDLING: TrainArrivedEvent -> RetrofitWorkshopContext._handle_train_arrived
20:55:07 | INFO     | EVENT_HANDLED: TrainArrivedEvent by RetrofitWorkshopContext._handle_train_arrived
20:55:07 | INFO     | t=4762.5: LOCO[LOCO_01] → TRAIN_PREP completed at WS_02 (2.0 min)
20:55:07 | INFO     | t=4764.0: LOCO[LOCO_02] → DECOUPLING at parking14 (4.0 min)
20:55:07 | INFO     | t=4767.5: BATCH → Putting 2 wagons on retrofitted track retrofitted
20:55:07 | INFO     | t=4767.5: WAGON[W6682] → Added to retrofitted track retrofitted
20:55:07 | INFO     | t=4767.5: WAGON[W2444] → Added to retrofitted track retrofitted
20:55:07 | INFO     | t=4768.0: RAKE[W11269,W3811,W2926,W5391,W10889,W11320,W5833,W6096] → DECOUPLING at parking14 (7 couplings, 3.5 min)
20:55:07 | INFO     | t=4772.5: WORKSHOP[WS_02] → Released, notifying 1 waiting processes
20:55:07 | INFO     | t=4772.5: WORKSHOP → Workshop became available
20:55:07 | INFO     | t=4772.5: WORKSHOP[WS_02] → Selected for batch
20:55:07 | INFO     | t=4772.5: WAGON[W4026] → Added to batch
20:55:07 | INFO     | t=4772.5: BATCH[W3651,W4026] → Formed 2 wagons for WS_02
20:55:07 | INFO     | t=4772.5: TRACK[retrofit] → Removed 2 wagons (39.8m freed)
20:55:07 | INFO     | t=4772.5: DISPATCHER → Task submitted: retrofit_to_workshop (pending=3)
20:55:07 | INFO     | t=4772.5: DISPATCHER → Assigned loco LOCO_01 to retrofit_to_workshop (waited 0.0 min, pending=2)
20:55:07 | INFO     | t=4772.5: RAKE[W3651,W4026] → COUPLING at retrofit (1 couplings, 2.0 min)
20:55:07 | INFO     | t=4772.5: WAGON[W2716] → Retrieved from retrofit queue
20:55:07 | INFO     | t=4772.5: WORKSHOP → No workshop available, waiting...
20:55:07 | INFO     | t=4779.5: LOCO[LOCO_01] → COUPLING at retrofit (2.0 min)
20:55:07 | INFO     | t=4781.0: RAKE[W9329,W2772] → COUPLING at WS_01 (1 couplings, 0.5 min)
20:55:07 | INFO     | t=4781.5: LOCO[LOCO_01] → SHUNTING_PREP at retrofit (1.0 min)
20:55:07 | INFO     | t=4781.5: LOCO → Allocating for pickup from WS_01
20:55:07 | INFO     | t=4781.5: DISPATCHER → Task submitted: workshop_to_retrofitted (pending=3)
20:55:07 | INFO     | t=4787.5: LOCO[LOCO_01] → DECOUPLING at WS_02 (3.0 min)
20:55:07 | INFO     | t=4790.5: RAKE[W3651,W4026] → DECOUPLING at WS_02 (1 couplings, 3.0 min)
20:55:07 | INFO     | t=4793.5: WAGON[W3651] → RETROFIT_STARTED at WS_02
20:55:07 | INFO     | t=4793.5: WAGON[W4026] → RETROFIT_STARTED at WS_02
20:55:07 | INFO     | t=4798.5: DISPATCHER → Assigned loco LOCO_01 to workshop_to_retrofitted (waited 17.0 min, pending=2)
20:55:07 | INFO     | t=4798.5: LOCO[LOCO_01] → Allocated for pickup
20:55:07 | INFO     | EVENT_PUBLISHED: TrainArrivedEvent | train=T62 | time=4804.0
20:55:07 | INFO     | EVENT_HANDLING: TrainArrivedEvent -> RetrofitWorkshopContext._handle_train_arrived
20:55:07 | INFO     | EVENT_HANDLED: TrainArrivedEvent by RetrofitWorkshopContext._handle_train_arrived
20:55:07 | INFO     | t=4805.5: LOCO[LOCO_01] → TRAIN_PREP completed at WS_01 (2.0 min)
20:55:07 | INFO     | t=4810.5: BATCH → Putting 2 wagons on retrofitted track retrofitted
20:55:07 | INFO     | t=4810.5: WAGON[W9329] → Added to retrofitted track retrofitted
20:55:07 | INFO     | t=4810.5: WAGON[W2772] → Added to retrofitted track retrofitted
20:55:07 | INFO     | t=4815.5: WORKSHOP[WS_01] → Released, notifying 1 waiting processes
20:55:07 | INFO     | t=4815.5: WORKSHOP → Workshop became available
20:55:07 | INFO     | t=4815.5: WORKSHOP[WS_01] → Selected for batch
20:55:07 | INFO     | t=4815.5: DISPATCHER → Assigned loco LOCO_01 to collection_to_retrofit (waited 170.5 min, pending=1)
20:55:07 | INFO     | t=4815.5: WAGON[W11256] → Added to batch
20:55:07 | INFO     | t=4815.5: BATCH[W2716,W11256] → Formed 2 wagons for WS_01
20:55:07 | INFO     | t=4815.5: TRACK[retrofit] → Removed 2 wagons (36.6m freed)
20:55:07 | INFO     | t=4815.5: DISPATCHER → Task submitted: retrofit_to_workshop (pending=2)
20:55:07 | INFO     | EVENT_PUBLISHED: TrainArrivedEvent | train=T63 | time=4824.0
20:55:07 | INFO     | EVENT_HANDLING: TrainArrivedEvent -> RetrofitWorkshopContext._handle_train_arrived
20:55:07 | INFO     | EVENT_HANDLED: TrainArrivedEvent by RetrofitWorkshopContext._handle_train_arrived
20:55:07 | INFO     | t=4831.5: LOCO[LOCO_02] → Releasing
20:55:07 | INFO     | t=4831.5: LOCO[LOCO_02] → Released
20:55:07 | INFO     | t=4831.5: PARKING → Got wagon W0874 from retrofitted
20:55:07 | INFO     | t=4831.5: DISPATCHER → Assigned loco LOCO_02 to retrofit_to_workshop (waited 16.0 min, pending=1)
20:55:07 | INFO     | t=4831.5: RAKE[W2716,W11256] → COUPLING at retrofit (1 couplings, 2.0 min)
20:55:07 | INFO     | t=4831.5: WAGON[W10892] → Retrieved from retrofit queue
20:55:07 | INFO     | t=4831.5: WORKSHOP → No workshop available, waiting...
20:55:07 | INFO     | t=4831.5: LOCO → Allocating for parking transport
20:55:07 | INFO     | t=4831.5: DISPATCHER → Task submitted: retrofitted_to_parking (pending=2)
20:55:07 | INFO     | t=4838.5: LOCO[LOCO_02] → COUPLING at retrofit (2.0 min)
20:55:07 | INFO     | t=4840.5: LOCO[LOCO_02] → SHUNTING_PREP at retrofit (1.0 min)
20:55:07 | INFO     | t=4846.5: LOCO[LOCO_02] → DECOUPLING at WS_01 (3.0 min)
20:55:07 | INFO     | t=4849.5: RAKE[W2716,W11256] → DECOUPLING at WS_01 (1 couplings, 3.0 min)
20:55:07 | INFO     | t=4852.5: WAGON[W2716] → RETROFIT_STARTED at WS_01
20:55:07 | INFO     | t=4852.5: WAGON[W11256] → RETROFIT_STARTED at WS_01
20:55:07 | INFO     | t=4853.5: RAKE[W3651,W4026] → COUPLING at WS_02 (1 couplings, 0.5 min)
20:55:07 | INFO     | EVENT_PUBLISHED: TrainArrivedEvent | train=T64 | time=4854.0
20:55:07 | INFO     | EVENT_HANDLING: TrainArrivedEvent -> RetrofitWorkshopContext._handle_train_arrived
20:55:07 | INFO     | EVENT_HANDLED: TrainArrivedEvent by RetrofitWorkshopContext._handle_train_arrived
20:55:07 | INFO     | t=4854.0: LOCO → Allocating for pickup from WS_02
20:55:07 | INFO     | t=4854.0: DISPATCHER → Task submitted: workshop_to_retrofitted (pending=3)
20:55:07 | INFO     | t=4857.5: DISPATCHER → Assigned loco LOCO_02 to workshop_to_retrofitted (waited 3.5 min, pending=2)
20:55:07 | INFO     | t=4857.5: LOCO[LOCO_02] → Allocated for pickup
20:55:07 | INFO     | t=4864.5: LOCO[LOCO_02] → TRAIN_PREP completed at WS_02 (2.0 min)
20:55:07 | INFO     | t=4869.5: BATCH → Putting 2 wagons on retrofitted track retrofitted
20:55:07 | INFO     | t=4869.5: WAGON[W3651] → Added to retrofitted track retrofitted
20:55:07 | INFO     | t=4869.5: WAGON[W4026] → Added to retrofitted track retrofitted
20:55:07 | INFO     | t=4874.5: WORKSHOP[WS_02] → Released, notifying 1 waiting processes
20:55:07 | INFO     | t=4874.5: WORKSHOP → Workshop became available
20:55:07 | INFO     | t=4874.5: WORKSHOP[WS_02] → Selected for batch
20:55:07 | INFO     | t=4874.5: DISPATCHER → Assigned loco LOCO_02 to collection_to_retrofit (waited 200.5 min, pending=1)
20:55:07 | INFO     | t=4874.5: WAGON[W1906] → Added to batch
20:55:07 | INFO     | t=4874.5: BATCH[W10892,W1906] → Formed 2 wagons for WS_02
20:55:07 | INFO     | t=4874.5: TRACK[retrofit] → Removed 2 wagons (32.6m freed)
20:55:07 | INFO     | t=4874.5: DISPATCHER → Task submitted: retrofit_to_workshop (pending=2)
20:55:07 | INFO     | t=4875.5: LOCO[LOCO_01] → TRAIN_PREP at collection (coupling + prep, 7.0 min)
20:55:07 | INFO     | t=4912.5: RAKE[W2716,W11256] → COUPLING at WS_01 (1 couplings, 0.5 min)
20:55:07 | INFO     | t=4913.0: LOCO → Allocating for pickup from WS_01
20:55:07 | INFO     | t=4913.0: DISPATCHER → Task submitted: workshop_to_retrofitted (pending=3)
20:55:07 | INFO     | t=4934.5: LOCO[LOCO_02] → TRAIN_PREP at collection (coupling + prep, 7.0 min)
20:55:07 | INFO     | t=4942.5: LOCO[LOCO_01] → DECOUPLING at retrofit (9.0 min)
20:55:07 | INFO     | t=4951.5: RAKE[W11989,W10725,W10728] → DECOUPLING at retrofit (2 couplings, 6.0 min)
20:55:07 | INFO     | t=4962.5: DISPATCHER → Hold override for retrofitted_to_parking (waited 131.0 min >= max 45.0 min)
20:55:07 | INFO     | t=4962.5: DISPATCHER → Assigned loco LOCO_01 to workshop_to_retrofitted (waited 49.5 min, pending=2)
20:55:07 | INFO     | t=4962.5: DISPATCHER → Hold override for retrofitted_to_parking (waited 131.0 min >= max 45.0 min)
20:55:07 | INFO     | t=4962.5: LOCO[LOCO_01] → Allocated for pickup
20:55:07 | INFO     | t=4962.5: Batch size limited by retrofit capacity: 8 wagons (143.1m) fits, 11 waiting
20:55:07 | INFO     | t=4962.5: COLLECTION → Reserving retrofit track capacity for 8 wagons
20:55:07 | INFO     | t=4962.5: COLLECTION → Capacity reserved, allocating locomotive
20:55:07 | INFO     | t=4962.5: DISPATCHER → Task submitted: collection_to_retrofit (pending=3)
20:55:07 | INFO     | t=4969.5: LOCO[LOCO_01] → TRAIN_PREP completed at WS_01 (2.0 min)
20:55:07 | INFO     | t=4974.5: BATCH → Putting 2 wagons on retrofitted track retrofitted
20:55:07 | INFO     | t=4974.5: WAGON[W2716] → Added to retrofitted track retrofitted
20:55:07 | INFO     | t=4974.5: WAGON[W11256] → Added to retrofitted track retrofitted
20:55:07 | INFO     | t=4979.5: WORKSHOP[WS_01] → Released, notifying 0 waiting processes
20:55:07 | INFO     | t=4979.5: DISPATCHER → Hold override for retrofitted_to_parking (waited 148.0 min >= max 45.0 min)
20:55:07 | INFO     | t=4979.5: DISPATCHER → Assigned loco LOCO_01 to retrofit_to_workshop (waited 105.0 min, pending=2)
20:55:07 | INFO     | t=4979.5: DISPATCHER → Hold override for retrofitted_to_parking (waited 148.0 min >= max 45.0 min)
20:55:07 | INFO     | t=4979.5: RAKE[W10892,W1906] → COUPLING at retrofit (1 couplings, 2.0 min)
20:55:07 | INFO     | t=4979.5: WAGON[W1158] → Retrieved from retrofit queue
20:55:07 | INFO     | t=4979.5: WORKSHOP[WS_01] → Selected for batch
20:55:07 | INFO     | t=4979.5: WAGON[W1139] → Added to batch
20:55:07 | INFO     | t=4979.5: BATCH[W1158,W1139] → Formed 2 wagons for WS_01
20:55:07 | INFO     | t=4979.5: TRACK[retrofit] → Removed 2 wagons (24.7m freed)
20:55:07 | INFO     | t=4979.5: DISPATCHER → Task submitted: retrofit_to_workshop (pending=3)
20:55:07 | INFO     | t=4986.5: LOCO[LOCO_01] → COUPLING at retrofit (2.0 min)
20:55:07 | INFO     | t=4988.5: LOCO[LOCO_01] → SHUNTING_PREP at retrofit (1.0 min)
20:55:07 | INFO     | t=4994.5: LOCO[LOCO_01] → DECOUPLING at WS_02 (3.0 min)
20:55:07 | INFO     | t=4997.5: RAKE[W10892,W1906] → DECOUPLING at WS_02 (1 couplings, 3.0 min)
20:55:07 | INFO     | EVENT_PUBLISHED: TrainArrivedEvent | train=T65 | time=4999.0
20:55:07 | INFO     | EVENT_HANDLING: TrainArrivedEvent -> RetrofitWorkshopContext._handle_train_arrived
20:55:07 | INFO     | EVENT_HANDLED: TrainArrivedEvent by RetrofitWorkshopContext._handle_train_arrived
20:55:07 | INFO     | t=5000.5: WAGON[W10892] → RETROFIT_STARTED at WS_02
20:55:07 | INFO     | t=5000.5: WAGON[W1906] → RETROFIT_STARTED at WS_02
20:55:07 | INFO     | t=5001.5: LOCO[LOCO_02] → DECOUPLING at retrofit (9.0 min)
20:55:07 | INFO     | t=5005.5: DISPATCHER → Hold override for retrofitted_to_parking (waited 174.0 min >= max 45.0 min)
20:55:07 | INFO     | t=5005.5: DISPATCHER → Assigned loco LOCO_01 to retrofit_to_workshop (waited 26.0 min, pending=2)
20:55:07 | INFO     | t=5005.5: DISPATCHER → Hold override for retrofitted_to_parking (waited 174.0 min >= max 45.0 min)
20:55:07 | INFO     | t=5005.5: RAKE[W1158,W1139] → COUPLING at retrofit (1 couplings, 2.0 min)
20:55:07 | INFO     | t=5005.5: WAGON[W1149] → Retrieved from retrofit queue
20:55:07 | INFO     | t=5005.5: WORKSHOP → No workshop available, waiting...
20:55:07 | INFO     | t=5010.5: RAKE[W5978,W5686,W11361] → DECOUPLING at retrofit (2 couplings, 6.0 min)
20:55:07 | INFO     | EVENT_PUBLISHED: TrainArrivedEvent | train=T66 | time=5011.0
20:55:07 | INFO     | EVENT_HANDLING: TrainArrivedEvent -> RetrofitWorkshopContext._handle_train_arrived
20:55:07 | INFO     | EVENT_HANDLED: TrainArrivedEvent by RetrofitWorkshopContext._handle_train_arrived
20:55:07 | INFO     | t=5012.5: LOCO[LOCO_01] → COUPLING at retrofit (2.0 min)
20:55:07 | INFO     | EVENT_PUBLISHED: TrainArrivedEvent | train=T67 | time=5014.0
20:55:07 | INFO     | EVENT_HANDLING: TrainArrivedEvent -> RetrofitWorkshopContext._handle_train_arrived
20:55:07 | INFO     | EVENT_HANDLED: TrainArrivedEvent by RetrofitWorkshopContext._handle_train_arrived
20:55:07 | INFO     | t=5014.5: LOCO[LOCO_01] → SHUNTING_PREP at retrofit (1.0 min)
20:55:07 | INFO     | t=5020.5: LOCO[LOCO_01] → DECOUPLING at WS_01 (3.0 min)
20:55:07 | INFO     | t=5021.5: DISPATCHER → Hold override for retrofitted_to_parking (waited 190.0 min >= max 45.0 min)
20:55:07 | INFO     | t=5021.5: DISPATCHER → Assigned loco LOCO_02 to retrofitted_to_parking (waited 190.0 min, pending=1)
20:55:07 | INFO     | t=5021.5: Batch size limited by retrofit capacity: 2 wagons (27.6m) fits, 19 waiting
20:55:07 | INFO     | t=5021.5: LOCO[LOCO_02] → Allocated for parking transport
20:55:07 | INFO     | t=5021.5: COLLECTION → Reserving retrofit track capacity for 2 wagons
20:55:07 | INFO     | t=5021.5: COLLECTION → Capacity reserved, allocating locomotive
20:55:07 | INFO     | t=5021.5: DISPATCHER → Task submitted: collection_to_retrofit (pending=2)
20:55:07 | INFO     | t=5023.5: RAKE[W1158,W1139] → DECOUPLING at WS_01 (1 couplings, 3.0 min)
20:55:07 | INFO     | t=5026.5: WAGON[W1158] → RETROFIT_STARTED at WS_01
20:55:07 | INFO     | t=5026.5: WAGON[W1139] → RETROFIT_STARTED at WS_01
20:55:07 | INFO     | t=5026.5: LOCO[LOCO_02] → TRAIN_PREP at retrofitted (coupling + prep, 5.0 min)
20:55:07 | INFO     | EVENT_PUBLISHED: TrainArrivedEvent | train=T68 | time=5039.8
20:55:07 | INFO     | EVENT_HANDLING: TrainArrivedEvent -> RetrofitWorkshopContext._handle_train_arrived
20:55:07 | INFO     | EVENT_HANDLED: TrainArrivedEvent by RetrofitWorkshopContext._handle_train_arrived
20:55:07 | INFO     | EVENT_PUBLISHED: TrainArrivedEvent | train=T69 | time=5059.2
20:55:07 | INFO     | EVENT_HANDLING: TrainArrivedEvent -> RetrofitWorkshopContext._handle_train_arrived
20:55:07 | INFO     | EVENT_HANDLED: TrainArrivedEvent by RetrofitWorkshopContext._handle_train_arrived
20:55:07 | INFO     | t=5060.5: RAKE[W10892,W1906] → COUPLING at WS_02 (1 couplings, 0.5 min)
20:55:07 | INFO     | t=5061.0: LOCO → Allocating for pickup from WS_02
20:55:07 | INFO     | t=5061.0: DISPATCHER → Task submitted: workshop_to_retrofitted (pending=3)
20:55:07 | INFO     | t=5061.0: DISPATCHER → Assigned loco LOCO_01 to workshop_to_retrofitted (waited 0.0 min, pending=2)
20:55:07 | INFO     | t=5061.0: LOCO[LOCO_01] → Allocated for pickup
20:55:07 | INFO     | t=5068.0: LOCO[LOCO_01] → TRAIN_PREP completed at WS_02 (2.0 min)
20:55:07 | INFO     | t=5073.0: BATCH → Putting 2 wagons on retrofitted track retrofitted
20:55:07 | INFO     | t=5073.0: WAGON[W10892] → Added to retrofitted track retrofitted
20:55:07 | INFO     | t=5073.0: WAGON[W1906] → Added to retrofitted track retrofitted
20:55:07 | INFO     | t=5078.0: WORKSHOP[WS_02] → Released, notifying 1 waiting processes
20:55:07 | INFO     | t=5078.0: WORKSHOP → Workshop became available
20:55:07 | INFO     | t=5078.0: WORKSHOP[WS_02] → Selected for batch
20:55:07 | INFO     | t=5078.0: WAGON[W1150] → Added to batch
20:55:07 | INFO     | t=5078.0: BATCH[W1149,W1150] → Formed 2 wagons for WS_02
20:55:07 | INFO     | t=5078.0: TRACK[retrofit] → Removed 2 wagons (24.7m freed)
20:55:07 | INFO     | t=5078.0: DISPATCHER → Task submitted: retrofit_to_workshop (pending=3)
20:55:07 | INFO     | t=5078.0: DISPATCHER → Assigned loco LOCO_01 to retrofit_to_workshop (waited 0.0 min, pending=2)
20:55:07 | INFO     | t=5078.0: RAKE[W1149,W1150] → COUPLING at retrofit (1 couplings, 2.0 min)
20:55:07 | INFO     | t=5078.0: WAGON[W1151] → Retrieved from retrofit queue
20:55:07 | INFO     | t=5078.0: WORKSHOP → No workshop available, waiting...
20:55:07 | INFO     | t=5085.0: LOCO[LOCO_01] → COUPLING at retrofit (2.0 min)
20:55:07 | INFO     | t=5086.5: RAKE[W1158,W1139] → COUPLING at WS_01 (1 couplings, 0.5 min)
20:55:07 | INFO     | t=5087.0: LOCO[LOCO_01] → SHUNTING_PREP at retrofit (1.0 min)
20:55:07 | INFO     | t=5087.0: LOCO → Allocating for pickup from WS_01
20:55:07 | INFO     | t=5087.0: DISPATCHER → Task submitted: workshop_to_retrofitted (pending=3)
20:55:07 | INFO     | t=5093.0: LOCO[LOCO_01] → DECOUPLING at WS_02 (3.0 min)
20:55:07 | INFO     | t=5096.0: RAKE[W1149,W1150] → DECOUPLING at WS_02 (1 couplings, 3.0 min)
20:55:07 | INFO     | t=5099.0: WAGON[W1149] → RETROFIT_STARTED at WS_02
20:55:07 | INFO     | t=5099.0: WAGON[W1150] → RETROFIT_STARTED at WS_02
20:55:07 | INFO     | t=5104.0: DISPATCHER → Assigned loco LOCO_01 to workshop_to_retrofitted (waited 17.0 min, pending=2)
20:55:07 | INFO     | t=5104.0: LOCO[LOCO_01] → Allocated for pickup
20:55:07 | INFO     | t=5106.5: LOCO[LOCO_02] → DECOUPLING at parking15 (4.0 min)
20:55:07 | INFO     | EVENT_PUBLISHED: TrainArrivedEvent | train=T70 | time=5107.8
20:55:07 | INFO     | EVENT_HANDLING: TrainArrivedEvent -> RetrofitWorkshopContext._handle_train_arrived
20:55:07 | INFO     | EVENT_HANDLED: TrainArrivedEvent by RetrofitWorkshopContext._handle_train_arrived
20:55:07 | INFO     | t=5110.5: RAKE[W0874,W10689,W5838,W11241,W6682,W2444,W9329,W2772] → DECOUPLING at parking15 (7 couplings, 3.5 min)
20:55:07 | INFO     | t=5111.0: LOCO[LOCO_01] → TRAIN_PREP completed at WS_01 (2.0 min)
20:55:07 | INFO     | EVENT_PUBLISHED: TrainArrivedEvent | train=T71 | time=5111.8
20:55:07 | INFO     | EVENT_HANDLING: TrainArrivedEvent -> RetrofitWorkshopContext._handle_train_arrived
20:55:07 | INFO     | EVENT_HANDLED: TrainArrivedEvent by RetrofitWorkshopContext._handle_train_arrived
20:55:07 | INFO     | t=5116.0: BATCH → Putting 2 wagons on retrofitted track retrofitted
20:55:07 | INFO     | t=5116.0: WAGON[W1158] → Added to retrofitted track retrofitted
20:55:07 | INFO     | t=5116.0: WAGON[W1139] → Added to retrofitted track retrofitted
20:55:07 | INFO     | t=5121.0: WORKSHOP[WS_01] → Released, notifying 1 waiting processes
20:55:07 | INFO     | t=5121.0: WORKSHOP → Workshop became available
20:55:07 | INFO     | t=5121.0: WORKSHOP[WS_01] → Selected for batch
20:55:07 | INFO     | t=5121.0: WAGON[W1152] → Added to batch
20:55:07 | INFO     | t=5121.0: BATCH[W1151,W1152] → Formed 2 wagons for WS_01
20:55:07 | INFO     | t=5121.0: TRACK[retrofit] → Removed 2 wagons (24.7m freed)
20:55:07 | INFO     | t=5121.0: DISPATCHER → Task submitted: retrofit_to_workshop (pending=3)
20:55:07 | INFO     | t=5121.0: DISPATCHER → Assigned loco LOCO_01 to retrofit_to_workshop (waited 0.0 min, pending=2)
20:55:07 | INFO     | t=5121.0: RAKE[W1151,W1152] → COUPLING at retrofit (1 couplings, 2.0 min)
20:55:07 | INFO     | t=5121.0: WAGON[W11989] → Retrieved from retrofit queue
20:55:07 | INFO     | t=5121.0: WORKSHOP → No workshop available, waiting...
20:55:07 | INFO     | t=5128.0: LOCO[LOCO_01] → COUPLING at retrofit (2.0 min)
20:55:07 | INFO     | t=5130.0: LOCO[LOCO_01] → SHUNTING_PREP at retrofit (1.0 min)
20:55:07 | INFO     | t=5136.0: LOCO[LOCO_01] → DECOUPLING at WS_01 (3.0 min)
20:55:07 | INFO     | t=5139.0: RAKE[W1151,W1152] → DECOUPLING at WS_01 (1 couplings, 3.0 min)
20:55:07 | INFO     | t=5142.0: WAGON[W1151] → RETROFIT_STARTED at WS_01
20:55:07 | INFO     | t=5142.0: WAGON[W1152] → RETROFIT_STARTED at WS_01
20:55:07 | INFO     | t=5147.0: DISPATCHER → Assigned loco LOCO_01 to collection_to_retrofit (waited 184.5 min, pending=1)
20:55:07 | INFO     | t=5159.0: RAKE[W1149,W1150] → COUPLING at WS_02 (1 couplings, 0.5 min)
20:55:07 | INFO     | t=5159.5: LOCO → Allocating for pickup from WS_02
20:55:07 | INFO     | t=5159.5: DISPATCHER → Task submitted: workshop_to_retrofitted (pending=2)
20:55:07 | INFO     | t=5174.0: LOCO[LOCO_02] → Releasing
20:55:07 | INFO     | t=5174.0: LOCO[LOCO_02] → Released
20:55:07 | INFO     | t=5174.0: PARKING → Got wagon W3651 from retrofitted
20:55:07 | INFO     | t=5174.0: DISPATCHER → Assigned loco LOCO_02 to workshop_to_retrofitted (waited 14.5 min, pending=1)
20:55:07 | INFO     | t=5174.0: LOCO[LOCO_02] → Allocated for pickup
20:55:07 | INFO     | t=5174.0: LOCO → Allocating for parking transport
20:55:07 | INFO     | t=5174.0: DISPATCHER → Task submitted: retrofitted_to_parking (pending=2)
20:55:07 | INFO     | t=5181.0: LOCO[LOCO_02] → TRAIN_PREP completed at WS_02 (2.0 min)
20:55:07 | INFO     | t=5186.0: BATCH → Putting 2 wagons on retrofitted track retrofitted
20:55:07 | INFO     | t=5186.0: WAGON[W1149] → Added to retrofitted track retrofitted
20:55:07 | INFO     | t=5186.0: WAGON[W1150] → Added to retrofitted track retrofitted
20:55:07 | INFO     | t=5191.0: WORKSHOP[WS_02] → Released, notifying 1 waiting processes
20:55:07 | INFO     | t=5191.0: WORKSHOP → Workshop became available
20:55:07 | INFO     | t=5191.0: WORKSHOP[WS_02] → Selected for batch
20:55:07 | INFO     | t=5191.0: DISPATCHER → Assigned loco LOCO_02 to collection_to_retrofit (waited 169.5 min, pending=1)
20:55:07 | INFO     | t=5191.0: WAGON[W10725] → Added to batch
20:55:07 | INFO     | t=5191.0: BATCH[W11989,W10725] → Formed 2 wagons for WS_02
20:55:07 | INFO     | t=5191.0: TRACK[retrofit] → Removed 2 wagons (36.7m freed)
20:55:07 | INFO     | t=5191.0: DISPATCHER → Task submitted: retrofit_to_workshop (pending=2)
20:55:07 | INFO     | t=5202.0: RAKE[W1151,W1152] → COUPLING at WS_01 (1 couplings, 0.5 min)
20:55:07 | INFO     | t=5202.5: LOCO → Allocating for pickup from WS_01
20:55:07 | INFO     | t=5202.5: DISPATCHER → Task submitted: workshop_to_retrofitted (pending=3)
20:55:07 | INFO     | EVENT_PUBLISHED: TrainArrivedEvent | train=T72 | time=5203.8
20:55:07 | INFO     | EVENT_HANDLING: TrainArrivedEvent -> RetrofitWorkshopContext._handle_train_arrived
20:55:07 | INFO     | EVENT_HANDLED: TrainArrivedEvent by RetrofitWorkshopContext._handle_train_arrived
20:55:07 | INFO     | t=5207.0: LOCO[LOCO_01] → TRAIN_PREP at collection (coupling + prep, 17.0 min)
20:55:07 | INFO     | EVENT_PUBLISHED: TrainArrivedEvent | train=T73 | time=5221.5
20:55:07 | INFO     | EVENT_HANDLING: TrainArrivedEvent -> RetrofitWorkshopContext._handle_train_arrived
20:55:07 | INFO     | EVENT_HANDLED: TrainArrivedEvent by RetrofitWorkshopContext._handle_train_arrived
20:55:07 | INFO     | t=5251.0: LOCO[LOCO_02] → TRAIN_PREP at collection (coupling + prep, 5.0 min)
20:55:07 | INFO     | t=5284.0: LOCO[LOCO_01] → DECOUPLING at retrofit (24.0 min)
20:55:07 | INFO     | t=5308.0: RAKE[W7115,W11723,W8675,W10706,W9959,W2737,W10081,W7253] → DECOUPLING at retrofit (7 couplings, 21.0 min)
20:55:07 | INFO     | t=5316.0: LOCO[LOCO_02] → DECOUPLING at retrofit (6.0 min)
20:55:07 | INFO     | t=5322.0: RAKE[W7261,W11014] → DECOUPLING at retrofit (1 couplings, 3.0 min)
20:55:07 | INFO     | t=5330.0: DISPATCHER → Hold override for retrofitted_to_parking (waited 156.0 min >= max 45.0 min)
20:55:07 | INFO     | t=5330.0: DISPATCHER → Assigned loco LOCO_02 to workshop_to_retrofitted (waited 127.5 min, pending=2)
20:55:07 | INFO     | t=5330.0: DISPATCHER → Hold override for retrofitted_to_parking (waited 156.0 min >= max 45.0 min)
20:55:07 | INFO     | t=5330.0: LOCO[LOCO_02] → Allocated for pickup
20:55:07 | INFO     | t=5330.0: Batch size limited by retrofit capacity: 4 wagons (80.1m) fits, 17 waiting
20:55:07 | INFO     | t=5330.0: COLLECTION → Reserving retrofit track capacity for 4 wagons
20:55:07 | INFO     | t=5330.0: COLLECTION → Capacity reserved, allocating locomotive
20:55:07 | INFO     | t=5330.0: DISPATCHER → Task submitted: collection_to_retrofit (pending=3)
20:55:07 | INFO     | t=5334.0: Batch size limited by retrofit capacity: 1 wagons (23.2m) fits, 15 waiting
20:55:07 | INFO     | t=5334.0: DISPATCHER → Hold override for retrofitted_to_parking (waited 160.0 min >= max 45.0 min)
20:55:07 | INFO     | t=5334.0: DISPATCHER → Assigned loco LOCO_01 to retrofit_to_workshop (waited 143.0 min, pending=2)
20:55:07 | INFO     | t=5334.0: DISPATCHER → Hold override for retrofitted_to_parking (waited 160.0 min >= max 45.0 min)
20:55:07 | INFO     | t=5334.0: COLLECTION → Reserving retrofit track capacity for 1 wagons
20:55:07 | INFO     | t=5334.0: RAKE[W11989,W10725] → COUPLING at retrofit (1 couplings, 2.0 min)
20:55:07 | INFO     | t=5334.0: WAGON[W10728] → Retrieved from retrofit queue
20:55:07 | INFO     | t=5334.0: WORKSHOP → No workshop available, waiting...
20:55:07 | INFO     | t=5337.0: LOCO[LOCO_02] → TRAIN_PREP completed at WS_01 (2.0 min)
20:55:07 | INFO     | t=5341.0: LOCO[LOCO_01] → COUPLING at retrofit (2.0 min)
20:55:07 | INFO     | t=5342.0: BATCH → Putting 2 wagons on retrofitted track retrofitted
20:55:07 | INFO     | t=5342.0: WAGON[W1151] → Added to retrofitted track retrofitted
20:55:07 | INFO     | t=5342.0: WAGON[W1152] → Added to retrofitted track retrofitted
20:55:07 | INFO     | t=5343.0: LOCO[LOCO_01] → SHUNTING_PREP at retrofit (1.0 min)
20:55:07 | INFO     | t=5347.0: WORKSHOP[WS_01] → Released, notifying 1 waiting processes
20:55:07 | INFO     | t=5347.0: WORKSHOP → Workshop became available
20:55:07 | INFO     | t=5347.0: WORKSHOP[WS_01] → Selected for batch
20:55:07 | INFO     | t=5347.0: DISPATCHER → Hold override for retrofitted_to_parking (waited 173.0 min >= max 45.0 min)
20:55:07 | INFO     | t=5347.0: DISPATCHER → Assigned loco LOCO_02 to retrofitted_to_parking (waited 173.0 min, pending=1)
20:55:07 | INFO     | t=5347.0: WAGON[W5978] → Added to batch
20:55:07 | INFO     | t=5347.0: BATCH[W10728,W5978] → Formed 2 wagons for WS_01
20:55:07 | INFO     | t=5347.0: LOCO[LOCO_02] → Allocated for parking transport
20:55:07 | INFO     | t=5347.0: TRACK[retrofit] → Removed 2 wagons (27.8m freed)
20:55:07 | INFO     | t=5347.0: DISPATCHER → Task submitted: retrofit_to_workshop (pending=2)
20:55:07 | INFO     | t=5347.0: COLLECTION → Capacity reserved, allocating locomotive
20:55:07 | INFO     | t=5347.0: DISPATCHER → Task submitted: collection_to_retrofit (pending=3)
20:55:07 | INFO     | t=5349.0: LOCO[LOCO_01] → DECOUPLING at WS_02 (3.0 min)
20:55:07 | INFO     | t=5352.0: RAKE[W11989,W10725] → DECOUPLING at WS_02 (1 couplings, 3.0 min)
20:55:07 | INFO     | t=5352.0: LOCO[LOCO_02] → TRAIN_PREP at retrofitted (coupling + prep, 5.0 min)
20:55:07 | INFO     | t=5355.0: WAGON[W11989] → RETROFIT_STARTED at WS_02
20:55:07 | INFO     | t=5355.0: WAGON[W10725] → RETROFIT_STARTED at WS_02
20:55:07 | INFO     | t=5360.0: DISPATCHER → Assigned loco LOCO_01 to retrofit_to_workshop (waited 13.0 min, pending=2)
20:55:07 | INFO     | t=5360.0: RAKE[W10728,W5978] → COUPLING at retrofit (1 couplings, 2.0 min)
20:55:07 | INFO     | t=5360.0: WAGON[W5686] → Retrieved from retrofit queue
20:55:07 | INFO     | t=5360.0: WORKSHOP → No workshop available, waiting...
20:55:07 | INFO     | t=5367.0: LOCO[LOCO_01] → COUPLING at retrofit (2.0 min)
20:55:07 | INFO     | t=5369.0: LOCO[LOCO_01] → SHUNTING_PREP at retrofit (1.0 min)
20:55:07 | INFO     | t=5375.0: LOCO[LOCO_01] → DECOUPLING at WS_01 (3.0 min)
20:55:07 | INFO     | t=5378.0: RAKE[W10728,W5978] → DECOUPLING at WS_01 (1 couplings, 3.0 min)
20:55:07 | INFO     | t=5381.0: WAGON[W10728] → RETROFIT_STARTED at WS_01
20:55:07 | INFO     | t=5381.0: WAGON[W5978] → RETROFIT_STARTED at WS_01
20:55:07 | INFO     | EVENT_PUBLISHED: TrainArrivedEvent | train=T74 | time=5397.8
20:55:07 | INFO     | EVENT_HANDLING: TrainArrivedEvent -> RetrofitWorkshopContext._handle_train_arrived
20:55:07 | INFO     | EVENT_HANDLED: TrainArrivedEvent by RetrofitWorkshopContext._handle_train_arrived
20:55:07 | INFO     | EVENT_PUBLISHED: TrainArrivedEvent | train=T75 | time=5403.8
20:55:07 | INFO     | EVENT_HANDLING: TrainArrivedEvent -> RetrofitWorkshopContext._handle_train_arrived
20:55:07 | INFO     | EVENT_HANDLED: TrainArrivedEvent by RetrofitWorkshopContext._handle_train_arrived
20:55:07 | INFO     | t=5415.0: RAKE[W11989,W10725] → COUPLING at WS_02 (1 couplings, 0.5 min)
20:55:07 | INFO     | t=5415.5: LOCO → Allocating for pickup from WS_02
20:55:07 | INFO     | t=5415.5: DISPATCHER → Task submitted: workshop_to_retrofitted (pending=3)
20:55:07 | INFO     | t=5415.5: DISPATCHER → Assigned loco LOCO_01 to workshop_to_retrofitted (waited 0.0 min, pending=2)
20:55:07 | INFO     | t=5415.5: LOCO[LOCO_01] → Allocated for pickup
20:55:07 | INFO     | t=5422.5: LOCO[LOCO_01] → TRAIN_PREP completed at WS_02 (2.0 min)
20:55:07 | INFO     | t=5427.5: BATCH → Putting 2 wagons on retrofitted track retrofitted
20:55:07 | INFO     | t=5427.5: WAGON[W11989] → Added to retrofitted track retrofitted
20:55:07 | INFO     | t=5427.5: WAGON[W10725] → Added to retrofitted track retrofitted
20:55:07 | INFO     | t=5432.5: WORKSHOP[WS_02] → Released, notifying 1 waiting processes
20:55:07 | INFO     | t=5432.5: WORKSHOP → Workshop became available
20:55:07 | INFO     | t=5432.5: WORKSHOP[WS_02] → Selected for batch
20:55:07 | INFO     | t=5432.5: WAGON[W11361] → Added to batch
20:55:07 | INFO     | t=5432.5: BATCH[W5686,W11361] → Formed 2 wagons for WS_02
20:55:07 | INFO     | t=5432.5: TRACK[retrofit] → Removed 2 wagons (24.3m freed)
20:55:07 | INFO     | t=5432.5: DISPATCHER → Task submitted: retrofit_to_workshop (pending=3)
20:55:07 | INFO     | t=5432.5: DISPATCHER → Assigned loco LOCO_01 to retrofit_to_workshop (waited 0.0 min, pending=2)
20:55:07 | INFO     | t=5432.5: RAKE[W5686,W11361] → COUPLING at retrofit (1 couplings, 2.0 min)
20:55:07 | INFO     | t=5432.5: WAGON[W7115] → Retrieved from retrofit queue
20:55:07 | INFO     | t=5432.5: WORKSHOP → No workshop available, waiting...
20:55:07 | INFO     | t=5439.5: LOCO[LOCO_01] → COUPLING at retrofit (2.0 min)
20:55:07 | INFO     | t=5441.0: RAKE[W10728,W5978] → COUPLING at WS_01 (1 couplings, 0.5 min)
20:55:07 | INFO     | t=5441.5: LOCO[LOCO_01] → SHUNTING_PREP at retrofit (1.0 min)
20:55:07 | INFO     | t=5441.5: LOCO → Allocating for pickup from WS_01
20:55:07 | INFO     | t=5441.5: DISPATCHER → Task submitted: workshop_to_retrofitted (pending=3)
20:55:07 | INFO     | t=5447.5: LOCO[LOCO_01] → DECOUPLING at WS_02 (3.0 min)
20:55:07 | INFO     | t=5450.5: RAKE[W5686,W11361] → DECOUPLING at WS_02 (1 couplings, 3.0 min)
20:55:07 | INFO     | t=5453.5: WAGON[W5686] → RETROFIT_STARTED at WS_02
20:55:07 | INFO     | t=5453.5: WAGON[W11361] → RETROFIT_STARTED at WS_02
20:55:07 | INFO     | t=5458.5: DISPATCHER → Assigned loco LOCO_01 to workshop_to_retrofitted (waited 17.0 min, pending=2)
20:55:07 | INFO     | t=5458.5: LOCO[LOCO_01] → Allocated for pickup
20:55:07 | INFO     | EVENT_PUBLISHED: TrainArrivedEvent | train=T76 | time=5465.2
20:55:07 | INFO     | EVENT_HANDLING: TrainArrivedEvent -> RetrofitWorkshopContext._handle_train_arrived
20:55:07 | INFO     | EVENT_HANDLED: TrainArrivedEvent by RetrofitWorkshopContext._handle_train_arrived
20:55:07 | INFO     | t=5465.5: LOCO[LOCO_01] → TRAIN_PREP completed at WS_01 (2.0 min)
20:55:07 | INFO     | EVENT_PUBLISHED: TrainArrivedEvent | train=T77 | time=5470.2
20:55:07 | INFO     | EVENT_HANDLING: TrainArrivedEvent -> RetrofitWorkshopContext._handle_train_arrived
20:55:07 | INFO     | EVENT_HANDLED: TrainArrivedEvent by RetrofitWorkshopContext._handle_train_arrived
20:55:07 | INFO     | t=5470.5: BATCH → Putting 2 wagons on retrofitted track retrofitted
20:55:07 | INFO     | t=5470.5: WAGON[W10728] → Added to retrofitted track retrofitted
20:55:07 | INFO     | t=5470.5: WAGON[W5978] → Added to retrofitted track retrofitted
20:55:07 | INFO     | t=5475.5: WORKSHOP[WS_01] → Released, notifying 1 waiting processes
20:55:07 | INFO     | t=5475.5: WORKSHOP → Workshop became available
20:55:07 | INFO     | t=5475.5: WORKSHOP[WS_01] → Selected for batch
20:55:07 | INFO     | t=5475.5: WAGON[W11723] → Added to batch
20:55:07 | INFO     | t=5475.5: BATCH[W7115,W11723] → Formed 2 wagons for WS_01
20:55:07 | INFO     | t=5475.5: TRACK[retrofit] → Removed 2 wagons (40.3m freed)
20:55:07 | INFO     | t=5475.5: DISPATCHER → Task submitted: retrofit_to_workshop (pending=3)
20:55:07 | INFO     | t=5475.5: DISPATCHER → Assigned loco LOCO_01 to retrofit_to_workshop (waited 0.0 min, pending=2)
20:55:07 | INFO     | t=5475.5: RAKE[W7115,W11723] → COUPLING at retrofit (1 couplings, 2.0 min)
20:55:07 | INFO     | t=5475.5: WAGON[W8675] → Retrieved from retrofit queue
20:55:07 | INFO     | t=5475.5: WORKSHOP → No workshop available, waiting...
20:55:07 | INFO     | t=5477.0: LOCO[LOCO_02] → DECOUPLING at parking16 (4.0 min)
20:55:07 | INFO     | EVENT_PUBLISHED: TrainArrivedEvent | train=T78 | time=5477.2
20:55:07 | INFO     | EVENT_HANDLING: TrainArrivedEvent -> RetrofitWorkshopContext._handle_train_arrived
20:55:07 | INFO     | EVENT_HANDLED: TrainArrivedEvent by RetrofitWorkshopContext._handle_train_arrived
20:55:07 | INFO     | t=5481.0: RAKE[W3651,W4026,W2716,W11256,W10892,W1906,W1158,W1139] → DECOUPLING at parking16 (7 couplings, 3.5 min)
20:55:07 | INFO     | t=5482.5: LOCO[LOCO_01] → COUPLING at retrofit (2.0 min)
20:55:07 | INFO     | t=5484.5: LOCO[LOCO_01] → SHUNTING_PREP at retrofit (1.0 min)
20:55:07 | INFO     | t=5490.5: LOCO[LOCO_01] → DECOUPLING at WS_01 (3.0 min)
20:55:07 | INFO     | t=5493.5: RAKE[W7115,W11723] → DECOUPLING at WS_01 (1 couplings, 3.0 min)
20:55:07 | INFO     | t=5496.5: WAGON[W7115] → RETROFIT_STARTED at WS_01
20:55:07 | INFO     | t=5496.5: WAGON[W11723] → RETROFIT_STARTED at WS_01
20:55:07 | INFO     | t=5501.5: DISPATCHER → Assigned loco LOCO_01 to collection_to_retrofit (waited 171.5 min, pending=1)
20:55:07 | INFO     | t=5513.5: RAKE[W5686,W11361] → COUPLING at WS_02 (1 couplings, 0.5 min)
20:55:07 | INFO     | t=5514.0: LOCO → Allocating for pickup from WS_02
20:55:07 | INFO     | t=5514.0: DISPATCHER → Task submitted: workshop_to_retrofitted (pending=2)
20:55:07 | INFO     | EVENT_PUBLISHED: TrainArrivedEvent | train=T79 | time=5517.8
20:55:07 | INFO     | EVENT_HANDLING: TrainArrivedEvent -> RetrofitWorkshopContext._handle_train_arrived
20:55:07 | INFO     | EVENT_HANDLED: TrainArrivedEvent by RetrofitWorkshopContext._handle_train_arrived
20:55:07 | INFO     | t=5544.5: LOCO[LOCO_02] → Releasing
20:55:07 | INFO     | t=5544.5: LOCO[LOCO_02] → Released
20:55:07 | INFO     | t=5544.5: PARKING → Got wagon W1149 from retrofitted
20:55:07 | INFO     | t=5544.5: DISPATCHER → Assigned loco LOCO_02 to workshop_to_retrofitted (waited 30.5 min, pending=1)
20:55:07 | INFO     | t=5544.5: LOCO[LOCO_02] → Allocated for pickup
20:55:07 | INFO     | t=5544.5: LOCO → Allocating for parking transport
20:55:07 | INFO     | t=5544.5: DISPATCHER → Task submitted: retrofitted_to_parking (pending=2)
20:55:07 | INFO     | t=5551.5: LOCO[LOCO_02] → TRAIN_PREP completed at WS_02 (2.0 min)
20:55:07 | INFO     | t=5556.5: BATCH → Putting 2 wagons on retrofitted track retrofitted
20:55:07 | INFO     | t=5556.5: RAKE[W7115,W11723] → COUPLING at WS_01 (1 couplings, 0.5 min)
20:55:07 | INFO     | t=5556.5: WAGON[W5686] → Added to retrofitted track retrofitted
20:55:07 | INFO     | t=5556.5: WAGON[W11361] → Added to retrofitted track retrofitted
20:55:07 | INFO     | EVENT_PUBLISHED: TrainArrivedEvent | train=T80 | time=5557.0
20:55:07 | INFO     | EVENT_HANDLING: TrainArrivedEvent -> RetrofitWorkshopContext._handle_train_arrived
20:55:07 | INFO     | EVENT_HANDLED: TrainArrivedEvent by RetrofitWorkshopContext._handle_train_arrived
20:55:07 | INFO     | t=5557.0: LOCO → Allocating for pickup from WS_01
20:55:07 | INFO     | t=5557.0: DISPATCHER → Task submitted: workshop_to_retrofitted (pending=3)
20:55:07 | INFO     | t=5561.5: LOCO[LOCO_01] → TRAIN_PREP at collection (coupling + prep, 9.0 min)
20:55:07 | INFO     | t=5561.5: WORKSHOP[WS_02] → Released, notifying 1 waiting processes
20:55:07 | INFO     | t=5561.5: WORKSHOP → Workshop became available
20:55:07 | INFO     | t=5561.5: WORKSHOP[WS_02] → Selected for batch
20:55:07 | INFO     | t=5561.5: DISPATCHER → Assigned loco LOCO_02 to workshop_to_retrofitted (waited 4.5 min, pending=2)
20:55:07 | INFO     | t=5561.5: WAGON[W10706] → Added to batch
20:55:07 | INFO     | t=5561.5: BATCH[W8675,W10706] → Formed 2 wagons for WS_02
20:55:07 | INFO     | t=5561.5: LOCO[LOCO_02] → Allocated for pickup
20:55:07 | INFO     | t=5561.5: TRACK[retrofit] → Removed 2 wagons (37.3m freed)
20:55:07 | INFO     | t=5561.5: DISPATCHER → Task submitted: retrofit_to_workshop (pending=3)
20:55:07 | INFO     | EVENT_PUBLISHED: TrainArrivedEvent | train=T81 | time=5566.2
20:55:07 | INFO     | EVENT_HANDLING: TrainArrivedEvent -> RetrofitWorkshopContext._handle_train_arrived
20:55:07 | INFO     | EVENT_HANDLED: TrainArrivedEvent by RetrofitWorkshopContext._handle_train_arrived
20:55:07 | INFO     | t=5568.5: LOCO[LOCO_02] → TRAIN_PREP completed at WS_01 (2.0 min)
20:55:07 | INFO     | t=5573.5: BATCH → Putting 2 wagons on retrofitted track retrofitted
20:55:07 | INFO     | t=5573.5: WAGON[W7115] → Added to retrofitted track retrofitted
20:55:07 | INFO     | t=5573.5: WAGON[W11723] → Added to retrofitted track retrofitted
20:55:07 | INFO     | t=5578.5: WORKSHOP[WS_01] → Released, notifying 0 waiting processes
20:55:07 | INFO     | t=5578.5: DISPATCHER → Assigned loco LOCO_02 to retrofit_to_workshop (waited 17.0 min, pending=2)
20:55:07 | INFO     | t=5578.5: RAKE[W8675,W10706] → COUPLING at retrofit (1 couplings, 2.0 min)
20:55:07 | INFO     | t=5578.5: WAGON[W9959] → Retrieved from retrofit queue
20:55:07 | INFO     | t=5578.5: WORKSHOP[WS_01] → Selected for batch
20:55:07 | INFO     | t=5578.5: WAGON[W2737] → Added to batch
20:55:07 | INFO     | t=5578.5: BATCH[W9959,W2737] → Formed 2 wagons for WS_01
20:55:07 | INFO     | t=5578.5: TRACK[retrofit] → Removed 2 wagons (39.8m freed)
20:55:07 | INFO     | t=5578.5: DISPATCHER → Task submitted: retrofit_to_workshop (pending=3)
20:55:07 | INFO     | t=5585.5: LOCO[LOCO_02] → COUPLING at retrofit (2.0 min)
20:55:07 | INFO     | t=5587.5: LOCO[LOCO_02] → SHUNTING_PREP at retrofit (1.0 min)
20:55:07 | INFO     | t=5593.5: LOCO[LOCO_02] → DECOUPLING at WS_02 (3.0 min)
20:55:07 | INFO     | t=5596.5: RAKE[W8675,W10706] → DECOUPLING at WS_02 (1 couplings, 3.0 min)
20:55:07 | INFO     | t=5599.5: WAGON[W8675] → RETROFIT_STARTED at WS_02
20:55:07 | INFO     | t=5599.5: WAGON[W10706] → RETROFIT_STARTED at WS_02
20:55:07 | INFO     | t=5604.5: DISPATCHER → Hold override for retrofitted_to_parking (waited 60.0 min >= max 45.0 min)
20:55:07 | INFO     | t=5604.5: DISPATCHER → Assigned loco LOCO_02 to retrofit_to_workshop (waited 26.0 min, pending=2)
20:55:07 | INFO     | t=5604.5: RAKE[W9959,W2737] → COUPLING at retrofit (1 couplings, 2.0 min)
20:55:07 | INFO     | t=5604.5: WAGON[W10081] → Retrieved from retrofit queue
20:55:07 | INFO     | t=5604.5: WORKSHOP → No workshop available, waiting...
20:55:07 | INFO     | t=5611.5: LOCO[LOCO_02] → COUPLING at retrofit (2.0 min)
20:55:07 | INFO     | t=5613.5: LOCO[LOCO_02] → SHUNTING_PREP at retrofit (1.0 min)
20:55:07 | INFO     | t=5619.5: LOCO[LOCO_02] → DECOUPLING at WS_01 (3.0 min)
20:55:07 | INFO     | t=5622.5: RAKE[W9959,W2737] → DECOUPLING at WS_01 (1 couplings, 3.0 min)
20:55:07 | INFO     | t=5625.5: WAGON[W9959] → RETROFIT_STARTED at WS_01
20:55:07 | INFO     | t=5625.5: WAGON[W2737] → RETROFIT_STARTED at WS_01
20:55:07 | INFO     | t=5630.5: LOCO[LOCO_01] → DECOUPLING at retrofit (12.0 min)
20:55:07 | INFO     | t=5630.5: DISPATCHER → Hold override for retrofitted_to_parking (waited 86.0 min >= max 45.0 min)
20:55:07 | INFO     | t=5630.5: DISPATCHER → Assigned loco LOCO_02 to collection_to_retrofit (waited 283.5 min, pending=1)
20:55:07 | INFO     | t=5630.5: DISPATCHER → Hold override for retrofitted_to_parking (waited 86.0 min >= max 45.0 min)
20:55:07 | INFO     | t=5642.5: RAKE[W9040,W9345,W8705,W5057] → DECOUPLING at retrofit (3 couplings, 9.0 min)
20:55:07 | INFO     | t=5656.5: DISPATCHER → Hold override for retrofitted_to_parking (waited 112.0 min >= max 45.0 min)
20:55:07 | INFO     | t=5656.5: DISPATCHER → Assigned loco LOCO_01 to retrofitted_to_parking (waited 112.0 min, pending=0)
20:55:07 | INFO     | t=5656.5: LOCO[LOCO_01] → Allocated for parking transport
20:55:07 | INFO     | t=5656.5: Batch size limited by retrofit capacity: 9 wagons (158.4m) fits, 12 waiting
20:55:07 | INFO     | t=5656.5: COLLECTION → Reserving retrofit track capacity for 9 wagons
20:55:07 | INFO     | t=5656.5: COLLECTION → Capacity reserved, allocating locomotive
20:55:07 | INFO     | t=5656.5: DISPATCHER → Task submitted: collection_to_retrofit (pending=1)
20:55:07 | INFO     | t=5659.5: RAKE[W8675,W10706] → COUPLING at WS_02 (1 couplings, 0.5 min)
20:55:07 | INFO     | t=5660.0: LOCO → Allocating for pickup from WS_02
20:55:07 | INFO     | t=5660.0: DISPATCHER → Task submitted: workshop_to_retrofitted (pending=2)
20:55:07 | INFO     | t=5661.5: LOCO[LOCO_01] → TRAIN_PREP at retrofitted (coupling + prep, 5.0 min)
20:55:07 | INFO     | t=5671.5: LOCO[LOCO_01] → DECOUPLING at parking1 (4.0 min)
20:55:07 | INFO     | t=5675.5: RAKE[W1149,W1150,W1151,W1152,W11989,W10725,W10728,W5978] → DECOUPLING at parking1 (7 couplings, 3.5 min)
20:55:07 | INFO     | t=5684.0: LOCO[LOCO_01] → Releasing
20:55:07 | INFO     | t=5684.0: LOCO[LOCO_01] → Released
20:55:07 | INFO     | t=5684.0: PARKING → Got wagon W5686 from retrofitted
20:55:07 | INFO     | t=5684.0: DISPATCHER → Assigned loco LOCO_01 to workshop_to_retrofitted (waited 24.0 min, pending=1)
20:55:07 | INFO     | t=5684.0: LOCO[LOCO_01] → Allocated for pickup
20:55:07 | INFO     | t=5684.0: LOCO → Allocating for parking transport
20:55:07 | INFO     | t=5684.0: DISPATCHER → Task submitted: retrofitted_to_parking (pending=2)
20:55:07 | INFO     | t=5685.5: RAKE[W9959,W2737] → COUPLING at WS_01 (1 couplings, 0.5 min)
20:55:07 | INFO     | t=5686.0: LOCO → Allocating for pickup from WS_01
20:55:07 | INFO     | t=5686.0: DISPATCHER → Task submitted: workshop_to_retrofitted (pending=3)
20:55:07 | INFO     | t=5690.5: LOCO[LOCO_02] → TRAIN_PREP at collection (coupling + prep, 3.0 min)
20:55:07 | INFO     | t=5691.0: LOCO[LOCO_01] → TRAIN_PREP completed at WS_02 (2.0 min)
20:55:07 | INFO     | t=5696.0: BATCH → Putting 2 wagons on retrofitted track retrofitted
20:55:07 | INFO     | t=5696.0: WAGON[W8675] → Added to retrofitted track retrofitted
20:55:07 | INFO     | t=5696.0: WAGON[W10706] → Added to retrofitted track retrofitted
20:55:07 | INFO     | t=5701.0: WORKSHOP[WS_02] → Released, notifying 1 waiting processes
20:55:07 | INFO     | t=5701.0: WORKSHOP → Workshop became available
20:55:07 | INFO     | t=5701.0: WORKSHOP[WS_02] → Selected for batch
20:55:07 | INFO     | t=5701.0: DISPATCHER → Assigned loco LOCO_01 to workshop_to_retrofitted (waited 15.0 min, pending=2)
20:55:07 | INFO     | t=5701.0: WAGON[W7253] → Added to batch
20:55:07 | INFO     | t=5701.0: BATCH[W10081,W7253] → Formed 2 wagons for WS_02
20:55:07 | INFO     | t=5701.0: LOCO[LOCO_01] → Allocated for pickup
20:55:07 | INFO     | t=5701.0: TRACK[retrofit] → Removed 2 wagons (25.8m freed)
20:55:07 | INFO     | t=5701.0: DISPATCHER → Task submitted: retrofit_to_workshop (pending=3)
20:55:07 | INFO     | t=5708.0: LOCO[LOCO_01] → TRAIN_PREP completed at WS_01 (2.0 min)
20:55:07 | INFO     | t=5713.0: BATCH → Putting 2 wagons on retrofitted track retrofitted
20:55:07 | INFO     | t=5713.0: WAGON[W9959] → Added to retrofitted track retrofitted
20:55:07 | INFO     | t=5713.0: WAGON[W2737] → Added to retrofitted track retrofitted
20:55:07 | INFO     | t=5718.0: WORKSHOP[WS_01] → Released, notifying 0 waiting processes
20:55:07 | INFO     | t=5718.0: DISPATCHER → Assigned loco LOCO_01 to retrofit_to_workshop (waited 17.0 min, pending=2)
20:55:07 | INFO     | t=5718.0: RAKE[W10081,W7253] → COUPLING at retrofit (1 couplings, 2.0 min)
20:55:07 | INFO     | t=5718.0: WAGON[W7261] → Retrieved from retrofit queue
20:55:07 | INFO     | t=5718.0: WORKSHOP[WS_01] → Selected for batch
20:55:07 | INFO     | t=5718.0: WAGON[W11014] → Added to batch
20:55:07 | INFO     | t=5718.0: BATCH[W7261,W11014] → Formed 2 wagons for WS_01
20:55:07 | INFO     | t=5718.0: TRACK[retrofit] → Removed 2 wagons (27.6m freed)
20:55:07 | INFO     | t=5718.0: DISPATCHER → Task submitted: retrofit_to_workshop (pending=3)
20:55:07 | INFO     | EVENT_PUBLISHED: TrainArrivedEvent | train=T82 | time=5724.0
20:55:07 | INFO     | EVENT_HANDLING: TrainArrivedEvent -> RetrofitWorkshopContext._handle_train_arrived
20:55:07 | INFO     | EVENT_HANDLED: TrainArrivedEvent by RetrofitWorkshopContext._handle_train_arrived
20:55:07 | INFO     | t=5725.0: LOCO[LOCO_01] → COUPLING at retrofit (2.0 min)
20:55:07 | INFO     | t=5727.0: LOCO[LOCO_01] → SHUNTING_PREP at retrofit (1.0 min)
20:55:07 | INFO     | t=5733.0: LOCO[LOCO_01] → DECOUPLING at WS_02 (3.0 min)
20:55:07 | INFO     | t=5736.0: RAKE[W10081,W7253] → DECOUPLING at WS_02 (1 couplings, 3.0 min)
20:55:07 | INFO     | t=5739.0: WAGON[W10081] → RETROFIT_STARTED at WS_02
20:55:07 | INFO     | t=5739.0: WAGON[W7253] → RETROFIT_STARTED at WS_02
20:55:07 | INFO     | t=5744.0: DISPATCHER → Hold override for retrofitted_to_parking (waited 60.0 min >= max 45.0 min)
20:55:07 | INFO     | t=5744.0: DISPATCHER → Assigned loco LOCO_01 to retrofit_to_workshop (waited 26.0 min, pending=2)
20:55:07 | INFO     | t=5744.0: RAKE[W7261,W11014] → COUPLING at retrofit (1 couplings, 2.0 min)
20:55:07 | INFO     | t=5744.0: WAGON[W9040] → Retrieved from retrofit queue
20:55:07 | INFO     | t=5744.0: WORKSHOP → No workshop available, waiting...
20:55:07 | INFO     | t=5751.0: LOCO[LOCO_01] → COUPLING at retrofit (2.0 min)
20:55:07 | INFO     | t=5753.0: LOCO[LOCO_01] → SHUNTING_PREP at retrofit (1.0 min)
20:55:07 | INFO     | t=5753.5: LOCO[LOCO_02] → DECOUPLING at retrofit (3.0 min)
20:55:07 | INFO     | t=5756.5: RAKE[W2971] → DECOUPLING at retrofit (0 couplings, 0.0 min)
20:55:07 | INFO     | EVENT_PUBLISHED: TrainArrivedEvent | train=T83 | time=5758.0
20:55:07 | INFO     | EVENT_HANDLING: TrainArrivedEvent -> RetrofitWorkshopContext._handle_train_arrived
20:55:07 | INFO     | EVENT_HANDLED: TrainArrivedEvent by RetrofitWorkshopContext._handle_train_arrived
20:55:07 | INFO     | t=5759.0: LOCO[LOCO_01] → DECOUPLING at WS_01 (3.0 min)
20:55:07 | INFO     | t=5761.5: DISPATCHER → Hold override for retrofitted_to_parking (waited 77.5 min >= max 45.0 min)
20:55:07 | INFO     | t=5761.5: DISPATCHER → Assigned loco LOCO_02 to collection_to_retrofit (waited 105.0 min, pending=1)
20:55:07 | INFO     | t=5761.5: DISPATCHER → Hold override for retrofitted_to_parking (waited 77.5 min >= max 45.0 min)
20:55:07 | INFO     | t=5761.5: Batch size limited by retrofit capacity: 3 wagons (55.3m) fits, 13 waiting
20:55:07 | INFO     | t=5761.5: COLLECTION → Reserving retrofit track capacity for 3 wagons
20:55:07 | INFO     | t=5761.5: COLLECTION → Capacity reserved, allocating locomotive
20:55:07 | INFO     | t=5761.5: DISPATCHER → Task submitted: collection_to_retrofit (pending=2)
20:55:07 | INFO     | t=5762.0: RAKE[W7261,W11014] → DECOUPLING at WS_01 (1 couplings, 3.0 min)
20:55:07 | INFO     | t=5765.0: WAGON[W7261] → RETROFIT_STARTED at WS_01
20:55:07 | INFO     | t=5765.0: WAGON[W11014] → RETROFIT_STARTED at WS_01
20:55:07 | INFO     | EVENT_PUBLISHED: TrainArrivedEvent | train=T84 | time=5768.0
20:55:07 | INFO     | EVENT_HANDLING: TrainArrivedEvent -> RetrofitWorkshopContext._handle_train_arrived
20:55:07 | INFO     | EVENT_HANDLED: TrainArrivedEvent by RetrofitWorkshopContext._handle_train_arrived
20:55:07 | INFO     | t=5770.0: DISPATCHER → Hold override for retrofitted_to_parking (waited 86.0 min >= max 45.0 min)
20:55:07 | INFO     | t=5770.0: DISPATCHER → Assigned loco LOCO_01 to retrofitted_to_parking (waited 86.0 min, pending=1)
20:55:07 | INFO     | t=5770.0: LOCO[LOCO_01] → Allocated for parking transport
20:55:07 | INFO     | t=5775.0: LOCO[LOCO_01] → TRAIN_PREP at retrofitted (coupling + prep, 3.0 min)
20:55:07 | INFO     | EVENT_PUBLISHED: TrainArrivedEvent | train=T85 | time=5775.2
20:55:07 | INFO     | EVENT_HANDLING: TrainArrivedEvent -> RetrofitWorkshopContext._handle_train_arrived
20:55:07 | INFO     | EVENT_HANDLED: TrainArrivedEvent by RetrofitWorkshopContext._handle_train_arrived
20:55:07 | INFO     | t=5799.0: RAKE[W10081,W7253] → COUPLING at WS_02 (1 couplings, 0.5 min)
20:55:07 | INFO     | t=5799.5: LOCO → Allocating for pickup from WS_02
20:55:07 | INFO     | t=5799.5: DISPATCHER → Task submitted: workshop_to_retrofitted (pending=2)
20:55:07 | INFO     | t=5821.5: LOCO[LOCO_02] → TRAIN_PREP at collection (coupling + prep, 19.0 min)
20:55:07 | INFO     | EVENT_PUBLISHED: TrainArrivedEvent | train=T86 | time=5822.2
20:55:07 | INFO     | EVENT_HANDLING: TrainArrivedEvent -> RetrofitWorkshopContext._handle_train_arrived
20:55:07 | INFO     | EVENT_HANDLED: TrainArrivedEvent by RetrofitWorkshopContext._handle_train_arrived
20:55:07 | INFO     | t=5825.0: RAKE[W7261,W11014] → COUPLING at WS_01 (1 couplings, 0.5 min)
20:55:07 | INFO     | t=5825.5: LOCO → Allocating for pickup from WS_01
20:55:07 | INFO     | t=5825.5: DISPATCHER → Task submitted: workshop_to_retrofitted (pending=3)
20:55:07 | INFO     | EVENT_PUBLISHED: TrainArrivedEvent | train=T87 | time=5850.2
20:55:07 | INFO     | EVENT_HANDLING: TrainArrivedEvent -> RetrofitWorkshopContext._handle_train_arrived
20:55:07 | INFO     | EVENT_HANDLED: TrainArrivedEvent by RetrofitWorkshopContext._handle_train_arrived
20:55:07 | INFO     | t=5853.0: LOCO[LOCO_01] → DECOUPLING at parking13 (2.0 min)
20:55:07 | INFO     | t=5855.0: RAKE[W5686,W11361,W7115,W11723] → DECOUPLING at parking13 (3 couplings, 1.5 min)
20:55:07 | INFO     | t=5900.5: LOCO[LOCO_02] → DECOUPLING at retrofit (27.0 min)
20:55:07 | INFO     | EVENT_PUBLISHED: TrainArrivedEvent | train=T88 | time=5903.5
20:55:07 | INFO     | EVENT_HANDLING: TrainArrivedEvent -> RetrofitWorkshopContext._handle_train_arrived
20:55:07 | INFO     | EVENT_HANDLED: TrainArrivedEvent by RetrofitWorkshopContext._handle_train_arrived
20:55:07 | INFO     | t=5916.5: LOCO[LOCO_01] → Releasing
20:55:07 | INFO     | t=5916.5: LOCO[LOCO_01] → Released
20:55:07 | INFO     | t=5916.5: PARKING → Got wagon W8675 from retrofitted
20:55:07 | INFO     | t=5916.5: DISPATCHER → Assigned loco LOCO_01 to workshop_to_retrofitted (waited 117.0 min, pending=2)
20:55:07 | INFO     | t=5916.5: LOCO[LOCO_01] → Allocated for pickup
20:55:07 | INFO     | t=5916.5: LOCO → Allocating for parking transport
20:55:07 | INFO     | t=5916.5: DISPATCHER → Task submitted: retrofitted_to_parking (pending=3)
20:55:07 | INFO     | t=5923.5: LOCO[LOCO_01] → TRAIN_PREP completed at WS_02 (2.0 min)
20:55:07 | INFO     | EVENT_PUBLISHED: TrainArrivedEvent | train=T89 | time=5923.8
20:55:07 | INFO     | EVENT_HANDLING: TrainArrivedEvent -> RetrofitWorkshopContext._handle_train_arrived
20:55:07 | INFO     | EVENT_HANDLED: TrainArrivedEvent by RetrofitWorkshopContext._handle_train_arrived
20:55:07 | INFO     | t=5927.5: RAKE[W4522,W4479,W12036,W2786,W9981,W6246,W5947,W5711,W6884] → DECOUPLING at retrofit (8 couplings, 24.0 min)
20:55:07 | INFO     | t=5928.5: BATCH → Putting 2 wagons on retrofitted track retrofitted
20:55:07 | INFO     | t=5928.5: WAGON[W10081] → Added to retrofitted track retrofitted
20:55:07 | INFO     | t=5928.5: WAGON[W7253] → Added to retrofitted track retrofitted
20:55:07 | INFO     | t=5933.5: WORKSHOP[WS_02] → Released, notifying 1 waiting processes
20:55:07 | INFO     | t=5933.5: WORKSHOP → Workshop became available
20:55:07 | INFO     | t=5933.5: WORKSHOP[WS_02] → Selected for batch
20:55:07 | INFO     | t=5933.5: DISPATCHER → Assigned loco LOCO_01 to workshop_to_retrofitted (waited 108.0 min, pending=2)
20:55:07 | INFO     | t=5933.5: WAGON[W9345] → Added to batch
20:55:07 | INFO     | t=5933.5: BATCH[W9040,W9345] → Formed 2 wagons for WS_02
20:55:07 | INFO     | t=5933.5: LOCO[LOCO_01] → Allocated for pickup
20:55:07 | INFO     | t=5933.5: TRACK[retrofit] → Removed 2 wagons (36.0m freed)
20:55:07 | INFO     | t=5933.5: DISPATCHER → Task submitted: retrofit_to_workshop (pending=3)
20:55:07 | INFO     | t=5940.5: LOCO[LOCO_01] → TRAIN_PREP completed at WS_01 (2.0 min)
20:55:07 | INFO     | t=5945.5: BATCH → Putting 2 wagons on retrofitted track retrofitted
20:55:07 | INFO     | t=5945.5: WAGON[W7261] → Added to retrofitted track retrofitted
20:55:07 | INFO     | t=5945.5: WAGON[W11014] → Added to retrofitted track retrofitted
20:55:07 | INFO     | t=5950.5: WORKSHOP[WS_01] → Released, notifying 0 waiting processes
20:55:07 | INFO     | t=5950.5: DISPATCHER → Assigned loco LOCO_01 to retrofit_to_workshop (waited 17.0 min, pending=2)
20:55:07 | INFO     | t=5950.5: RAKE[W9040,W9345] → COUPLING at retrofit (1 couplings, 2.0 min)
20:55:07 | INFO     | t=5950.5: WAGON[W8705] → Retrieved from retrofit queue
20:55:07 | INFO     | t=5950.5: WORKSHOP[WS_01] → Selected for batch
20:55:07 | INFO     | t=5950.5: WAGON[W5057] → Added to batch
20:55:07 | INFO     | t=5950.5: BATCH[W8705,W5057] → Formed 2 wagons for WS_01
20:55:07 | INFO     | t=5950.5: TRACK[retrofit] → Removed 2 wagons (44.1m freed)
20:55:07 | INFO     | t=5950.5: DISPATCHER → Task submitted: retrofit_to_workshop (pending=3)
20:55:07 | INFO     | t=5956.5: DISPATCHER → Assigned loco LOCO_02 to retrofit_to_workshop (waited 6.0 min, pending=2)
20:55:07 | INFO     | t=5956.5: RAKE[W8705,W5057] → COUPLING at retrofit (1 couplings, 2.0 min)
20:55:07 | INFO     | t=5956.5: WAGON[W2971] → Retrieved from retrofit queue
20:55:07 | INFO     | t=5956.5: WORKSHOP → No workshop available, waiting...
20:55:07 | INFO     | t=5956.5: Batch size limited by retrofit capacity: 4 wagons (74.5m) fits, 15 waiting
20:55:07 | INFO     | t=5956.5: COLLECTION → Reserving retrofit track capacity for 4 wagons
20:55:07 | INFO     | t=5956.5: COLLECTION → Capacity reserved, allocating locomotive
20:55:07 | INFO     | t=5956.5: DISPATCHER → Task submitted: collection_to_retrofit (pending=3)
20:55:07 | INFO     | t=5957.5: LOCO[LOCO_01] → COUPLING at retrofit (2.0 min)
20:55:07 | INFO     | t=5959.5: LOCO[LOCO_01] → SHUNTING_PREP at retrofit (1.0 min)
20:55:07 | INFO     | t=5963.5: LOCO[LOCO_02] → COUPLING at retrofit (2.0 min)
20:55:07 | INFO     | t=5965.5: LOCO[LOCO_01] → DECOUPLING at WS_02 (3.0 min)
20:55:07 | INFO     | t=5965.5: LOCO[LOCO_02] → SHUNTING_PREP at retrofit (1.0 min)
20:55:07 | INFO     | t=5968.5: RAKE[W9040,W9345] → DECOUPLING at WS_02 (1 couplings, 3.0 min)
20:55:07 | INFO     | t=5971.5: LOCO[LOCO_02] → DECOUPLING at WS_01 (3.0 min)
20:55:07 | INFO     | t=5971.5: WAGON[W9040] → RETROFIT_STARTED at WS_02
20:55:07 | INFO     | t=5971.5: WAGON[W9345] → RETROFIT_STARTED at WS_02
20:55:07 | INFO     | t=5974.5: RAKE[W8705,W5057] → DECOUPLING at WS_01 (1 couplings, 3.0 min)
20:55:07 | INFO     | t=5976.5: DISPATCHER → Hold override for retrofitted_to_parking (waited 60.0 min >= max 45.0 min)
20:55:07 | INFO     | t=5976.5: DISPATCHER → Assigned loco LOCO_01 to retrofitted_to_parking (waited 60.0 min, pending=2)
20:55:07 | INFO     | t=5976.5: LOCO[LOCO_01] → Allocated for parking transport
20:55:07 | INFO     | t=5977.5: WAGON[W8705] → RETROFIT_STARTED at WS_01
20:55:07 | INFO     | t=5977.5: WAGON[W5057] → RETROFIT_STARTED at WS_01
20:55:07 | INFO     | t=5981.5: LOCO[LOCO_01] → TRAIN_PREP at retrofitted (coupling + prep, 3.0 min)
20:55:07 | INFO     | t=6031.5: RAKE[W9040,W9345] → COUPLING at WS_02 (1 couplings, 0.5 min)
20:55:07 | INFO     | t=6032.0: LOCO → Allocating for pickup from WS_02
20:55:07 | INFO     | t=6032.0: DISPATCHER → Task submitted: workshop_to_retrofitted (pending=3)
20:55:07 | INFO     | t=6032.0: DISPATCHER → Assigned loco LOCO_02 to workshop_to_retrofitted (waited 0.0 min, pending=2)
20:55:07 | INFO     | t=6032.0: LOCO[LOCO_02] → Allocated for pickup
20:55:07 | INFO     | t=6037.5: RAKE[W8705,W5057] → COUPLING at WS_01 (1 couplings, 0.5 min)
20:55:07 | INFO     | t=6038.0: LOCO → Allocating for pickup from WS_01
20:55:07 | INFO     | t=6038.0: DISPATCHER → Task submitted: workshop_to_retrofitted (pending=3)
20:55:07 | INFO     | t=6039.0: LOCO[LOCO_02] → TRAIN_PREP completed at WS_02 (2.0 min)
20:55:07 | INFO     | t=6044.0: BATCH → Putting 2 wagons on retrofitted track retrofitted
20:55:07 | INFO     | t=6044.0: WAGON[W9040] → Added to retrofitted track retrofitted
20:55:07 | INFO     | t=6044.0: WAGON[W9345] → Added to retrofitted track retrofitted
20:55:07 | INFO     | t=6044.5: LOCO[LOCO_01] → DECOUPLING at parking12 (2.0 min)
20:55:07 | INFO     | t=6046.5: RAKE[W8675,W10706,W9959,W2737] → DECOUPLING at parking12 (3 couplings, 1.5 min)
20:55:07 | INFO     | t=6049.0: WORKSHOP[WS_02] → Released, notifying 1 waiting processes
20:55:07 | INFO     | t=6049.0: WORKSHOP → Workshop became available
20:55:07 | INFO     | t=6049.0: WORKSHOP[WS_02] → Selected for batch
20:55:07 | INFO     | t=6049.0: DISPATCHER → Assigned loco LOCO_02 to workshop_to_retrofitted (waited 11.0 min, pending=2)
20:55:07 | INFO     | t=6049.0: WAGON[W4522] → Added to batch
20:55:07 | INFO     | t=6049.0: BATCH[W2971,W4522] → Formed 2 wagons for WS_02
20:55:07 | INFO     | t=6049.0: LOCO[LOCO_02] → Allocated for pickup
20:55:07 | INFO     | t=6049.0: TRACK[retrofit] → Removed 2 wagons (43.1m freed)
20:55:07 | INFO     | t=6049.0: DISPATCHER → Task submitted: retrofit_to_workshop (pending=3)
20:55:07 | INFO     | t=6056.0: LOCO[LOCO_02] → TRAIN_PREP completed at WS_01 (2.0 min)
20:55:07 | INFO     | t=6061.0: BATCH → Putting 2 wagons on retrofitted track retrofitted
20:55:07 | INFO     | t=6061.0: WAGON[W8705] → Added to retrofitted track retrofitted
20:55:07 | INFO     | t=6061.0: WAGON[W5057] → Added to retrofitted track retrofitted
20:55:07 | INFO     | t=6066.0: WORKSHOP[WS_01] → Released, notifying 0 waiting processes
20:55:07 | INFO     | t=6066.0: DISPATCHER → Assigned loco LOCO_02 to retrofit_to_workshop (waited 17.0 min, pending=2)
20:55:07 | INFO     | t=6066.0: RAKE[W2971,W4522] → COUPLING at retrofit (1 couplings, 2.0 min)
20:55:07 | INFO     | t=6066.0: WAGON[W4479] → Retrieved from retrofit queue
20:55:07 | INFO     | t=6066.0: WORKSHOP[WS_01] → Selected for batch
20:55:07 | INFO     | t=6066.0: WAGON[W12036] → Added to batch
20:55:07 | INFO     | t=6066.0: BATCH[W4479,W12036] → Formed 2 wagons for WS_01
20:55:07 | INFO     | t=6066.0: TRACK[retrofit] → Removed 2 wagons (43.1m freed)
20:55:07 | INFO     | t=6066.0: DISPATCHER → Task submitted: retrofit_to_workshop (pending=3)
20:55:07 | INFO     | EVENT_PUBLISHED: TrainArrivedEvent | train=T90 | time=6067.5
20:55:07 | INFO     | EVENT_HANDLING: TrainArrivedEvent -> RetrofitWorkshopContext._handle_train_arrived
20:55:07 | INFO     | EVENT_HANDLED: TrainArrivedEvent by RetrofitWorkshopContext._handle_train_arrived
20:55:07 | INFO     | t=6073.0: LOCO[LOCO_02] → COUPLING at retrofit (2.0 min)
20:55:07 | INFO     | t=6075.0: LOCO[LOCO_02] → SHUNTING_PREP at retrofit (1.0 min)
20:55:07 | INFO     | t=6081.0: LOCO[LOCO_02] → DECOUPLING at WS_02 (3.0 min)
20:55:07 | INFO     | t=6084.0: RAKE[W2971,W4522] → DECOUPLING at WS_02 (1 couplings, 3.0 min)
20:55:07 | INFO     | t=6087.0: WAGON[W2971] → RETROFIT_STARTED at WS_02
20:55:07 | INFO     | t=6087.0: WAGON[W4522] → RETROFIT_STARTED at WS_02
20:55:07 | INFO     | t=6092.0: DISPATCHER → Assigned loco LOCO_02 to retrofit_to_workshop (waited 26.0 min, pending=2)
20:55:07 | INFO     | t=6092.0: RAKE[W4479,W12036] → COUPLING at retrofit (1 couplings, 2.0 min)
20:55:07 | INFO     | t=6092.0: WAGON[W2786] → Retrieved from retrofit queue
20:55:07 | INFO     | t=6092.0: WORKSHOP → No workshop available, waiting...
20:55:07 | INFO     | t=6099.0: LOCO[LOCO_02] → COUPLING at retrofit (2.0 min)
20:55:07 | INFO     | t=6101.0: LOCO[LOCO_02] → SHUNTING_PREP at retrofit (1.0 min)
20:55:07 | INFO     | t=6107.0: LOCO[LOCO_02] → DECOUPLING at WS_01 (3.0 min)
20:55:07 | INFO     | t=6108.0: LOCO[LOCO_01] → Releasing
20:55:07 | INFO     | t=6108.0: LOCO[LOCO_01] → Released
20:55:07 | INFO     | t=6108.0: PARKING → Got wagon W10081 from retrofitted
20:55:07 | INFO     | t=6108.0: DISPATCHER → Assigned loco LOCO_01 to collection_to_retrofit (waited 346.5 min, pending=1)
20:55:07 | INFO     | t=6108.0: LOCO → Allocating for parking transport
20:55:07 | INFO     | t=6108.0: DISPATCHER → Task submitted: retrofitted_to_parking (pending=2)
20:55:07 | INFO     | t=6110.0: RAKE[W4479,W12036] → DECOUPLING at WS_01 (1 couplings, 3.0 min)
20:55:07 | INFO     | t=6113.0: WAGON[W4479] → RETROFIT_STARTED at WS_01
20:55:07 | INFO     | t=6113.0: WAGON[W12036] → RETROFIT_STARTED at WS_01
20:55:07 | INFO     | t=6118.0: DISPATCHER → Assigned loco LOCO_02 to collection_to_retrofit (waited 161.5 min, pending=1)
20:55:07 | INFO     | t=6147.0: RAKE[W2971,W4522] → COUPLING at WS_02 (1 couplings, 0.5 min)
20:55:07 | INFO     | t=6147.5: LOCO → Allocating for pickup from WS_02
20:55:07 | INFO     | t=6147.5: DISPATCHER → Task submitted: workshop_to_retrofitted (pending=2)
20:55:07 | INFO     | t=6168.0: LOCO[LOCO_01] → TRAIN_PREP at collection (coupling + prep, 7.0 min)
20:55:07 | INFO     | t=6173.0: RAKE[W4479,W12036] → COUPLING at WS_01 (1 couplings, 0.5 min)
20:55:07 | INFO     | t=6173.5: LOCO → Allocating for pickup from WS_01
20:55:07 | INFO     | t=6173.5: DISPATCHER → Task submitted: workshop_to_retrofitted (pending=3)
20:55:07 | INFO     | t=6178.0: LOCO[LOCO_02] → TRAIN_PREP at collection (coupling + prep, 9.0 min)
20:55:07 | INFO     | t=6235.0: LOCO[LOCO_01] → DECOUPLING at retrofit (9.0 min)
20:55:07 | INFO     | t=6244.0: RAKE[W0607,W0032,W6592] → DECOUPLING at retrofit (2 couplings, 6.0 min)
20:55:07 | INFO     | t=6247.0: LOCO[LOCO_02] → DECOUPLING at retrofit (12.0 min)
20:55:07 | INFO     | t=6255.0: DISPATCHER → Hold override for retrofitted_to_parking (waited 147.0 min >= max 45.0 min)
20:55:07 | INFO     | t=6255.0: DISPATCHER → Assigned loco LOCO_01 to workshop_to_retrofitted (waited 107.5 min, pending=2)
20:55:07 | INFO     | t=6255.0: DISPATCHER → Hold override for retrofitted_to_parking (waited 147.0 min >= max 45.0 min)
20:55:07 | INFO     | t=6255.0: LOCO[LOCO_01] → Allocated for pickup
20:55:07 | INFO     | t=6255.0: Batch size limited by retrofit capacity: 4 wagons (82.7m) fits, 13 waiting
20:55:07 | INFO     | t=6255.0: COLLECTION → Reserving retrofit track capacity for 4 wagons
20:55:07 | INFO     | t=6255.0: COLLECTION → Capacity reserved, allocating locomotive
20:55:07 | INFO     | t=6255.0: DISPATCHER → Task submitted: collection_to_retrofit (pending=3)
20:55:07 | INFO     | t=6259.0: RAKE[W5575,W8085,W8082,W0117] → DECOUPLING at retrofit (3 couplings, 9.0 min)
20:55:07 | INFO     | t=6262.0: LOCO[LOCO_01] → TRAIN_PREP completed at WS_02 (2.0 min)
20:55:07 | INFO     | t=6267.0: BATCH → Putting 2 wagons on retrofitted track retrofitted
20:55:07 | INFO     | t=6267.0: WAGON[W2971] → Added to retrofitted track retrofitted
20:55:07 | INFO     | t=6267.0: WAGON[W4522] → Added to retrofitted track retrofitted
20:55:07 | INFO     | t=6272.0: WORKSHOP[WS_02] → Released, notifying 1 waiting processes
20:55:07 | INFO     | t=6272.0: WORKSHOP → Workshop became available
20:55:07 | INFO     | t=6272.0: WORKSHOP[WS_02] → Selected for batch
20:55:07 | INFO     | t=6272.0: DISPATCHER → Hold override for retrofitted_to_parking (waited 164.0 min >= max 45.0 min)
20:55:07 | INFO     | t=6272.0: DISPATCHER → Assigned loco LOCO_01 to workshop_to_retrofitted (waited 98.5 min, pending=2)
20:55:07 | INFO     | t=6272.0: DISPATCHER → Hold override for retrofitted_to_parking (waited 164.0 min >= max 45.0 min)
20:55:07 | INFO     | t=6272.0: WAGON[W9981] → Added to batch
20:55:07 | INFO     | t=6272.0: BATCH[W2786,W9981] → Formed 2 wagons for WS_02
20:55:07 | INFO     | t=6272.0: LOCO[LOCO_01] → Allocated for pickup
20:55:07 | INFO     | t=6272.0: TRACK[retrofit] → Removed 2 wagons (39.2m freed)
20:55:07 | INFO     | t=6272.0: DISPATCHER → Task submitted: retrofit_to_workshop (pending=3)
20:55:07 | INFO     | t=6273.0: DISPATCHER → Hold override for retrofitted_to_parking (waited 165.0 min >= max 45.0 min)
20:55:07 | INFO     | t=6273.0: DISPATCHER → Assigned loco LOCO_02 to retrofit_to_workshop (waited 1.0 min, pending=2)
20:55:07 | INFO     | t=6273.0: DISPATCHER → Hold override for retrofitted_to_parking (waited 165.0 min >= max 45.0 min)
20:55:07 | INFO     | t=6273.0: RAKE[W2786,W9981] → COUPLING at retrofit (1 couplings, 2.0 min)
20:55:07 | INFO     | t=6273.0: Batch size limited by retrofit capacity: 3 wagons (47.7m) fits, 15 waiting
20:55:07 | INFO     | t=6273.0: WAGON[W6246] → Retrieved from retrofit queue
20:55:07 | INFO     | t=6273.0: WORKSHOP → No workshop available, waiting...
20:55:07 | INFO     | t=6273.0: COLLECTION → Reserving retrofit track capacity for 3 wagons
20:55:07 | INFO     | t=6273.0: COLLECTION → Capacity reserved, allocating locomotive
20:55:07 | INFO     | t=6273.0: DISPATCHER → Task submitted: collection_to_retrofit (pending=3)
20:55:07 | INFO     | t=6279.0: LOCO[LOCO_01] → TRAIN_PREP completed at WS_01 (2.0 min)
20:55:07 | INFO     | t=6280.0: LOCO[LOCO_02] → COUPLING at retrofit (2.0 min)
20:55:07 | INFO     | t=6282.0: LOCO[LOCO_02] → SHUNTING_PREP at retrofit (1.0 min)
20:55:07 | INFO     | t=6284.0: BATCH → Putting 2 wagons on retrofitted track retrofitted
20:55:07 | INFO     | t=6284.0: WAGON[W4479] → Added to retrofitted track retrofitted
20:55:07 | INFO     | t=6284.0: WAGON[W12036] → Added to retrofitted track retrofitted
20:55:07 | INFO     | t=6288.0: LOCO[LOCO_02] → DECOUPLING at WS_02 (3.0 min)
20:55:07 | INFO     | t=6289.0: WORKSHOP[WS_01] → Released, notifying 1 waiting processes
20:55:07 | INFO     | t=6289.0: WORKSHOP → Workshop became available
20:55:07 | INFO     | t=6289.0: WORKSHOP[WS_01] → Selected for batch
20:55:07 | INFO     | t=6289.0: DISPATCHER → Hold override for retrofitted_to_parking (waited 181.0 min >= max 45.0 min)
20:55:07 | INFO     | t=6289.0: DISPATCHER → Assigned loco LOCO_01 to retrofitted_to_parking (waited 181.0 min, pending=2)
20:55:07 | INFO     | t=6289.0: WAGON[W5947] → Added to batch
20:55:07 | INFO     | t=6289.0: BATCH[W6246,W5947] → Formed 2 wagons for WS_01
20:55:07 | INFO     | t=6289.0: LOCO[LOCO_01] → Allocated for parking transport
20:55:07 | INFO     | t=6289.0: TRACK[retrofit] → Removed 2 wagons (28.1m freed)
20:55:07 | INFO     | t=6289.0: DISPATCHER → Task submitted: retrofit_to_workshop (pending=3)
20:55:07 | INFO     | t=6291.0: RAKE[W2786,W9981] → DECOUPLING at WS_02 (1 couplings, 3.0 min)
20:55:07 | INFO     | t=6294.0: WAGON[W2786] → RETROFIT_STARTED at WS_02
20:55:07 | INFO     | t=6294.0: WAGON[W9981] → RETROFIT_STARTED at WS_02
20:55:07 | INFO     | t=6294.0: LOCO[LOCO_01] → TRAIN_PREP at retrofitted (coupling + prep, 5.0 min)
20:55:07 | INFO     | t=6299.0: DISPATCHER → Assigned loco LOCO_02 to retrofit_to_workshop (waited 10.0 min, pending=2)
20:55:07 | INFO     | t=6299.0: RAKE[W6246,W5947] → COUPLING at retrofit (1 couplings, 2.0 min)
20:55:07 | INFO     | t=6299.0: WAGON[W5711] → Retrieved from retrofit queue
20:55:07 | INFO     | t=6299.0: WORKSHOP → No workshop available, waiting...
20:55:07 | INFO     | t=6306.0: LOCO[LOCO_02] → COUPLING at retrofit (2.0 min)
20:55:07 | INFO     | t=6308.0: LOCO[LOCO_02] → SHUNTING_PREP at retrofit (1.0 min)
20:55:07 | INFO     | t=6314.0: LOCO[LOCO_02] → DECOUPLING at WS_01 (3.0 min)
20:55:07 | INFO     | t=6317.0: RAKE[W6246,W5947] → DECOUPLING at WS_01 (1 couplings, 3.0 min)
20:55:07 | INFO     | t=6320.0: WAGON[W6246] → RETROFIT_STARTED at WS_01
20:55:07 | INFO     | t=6320.0: WAGON[W5947] → RETROFIT_STARTED at WS_01
20:55:07 | INFO     | t=6354.0: RAKE[W2786,W9981] → COUPLING at WS_02 (1 couplings, 0.5 min)
20:55:07 | INFO     | t=6354.5: LOCO → Allocating for pickup from WS_02
20:55:07 | INFO     | t=6354.5: DISPATCHER → Task submitted: workshop_to_retrofitted (pending=3)
20:55:07 | INFO     | t=6354.5: DISPATCHER → Assigned loco LOCO_02 to workshop_to_retrofitted (waited 0.0 min, pending=2)
20:55:07 | INFO     | t=6354.5: LOCO[LOCO_02] → Allocated for pickup
20:55:07 | INFO     | t=6359.0: LOCO[LOCO_01] → DECOUPLING at parking10 (4.0 min)
20:55:07 | INFO     | t=6361.5: LOCO[LOCO_02] → TRAIN_PREP completed at WS_02 (2.0 min)
20:55:07 | INFO     | t=6363.0: RAKE[W10081,W7253,W7261,W11014,W9040,W9345,W8705,W5057] → DECOUPLING at parking10 (7 couplings, 3.5 min)
20:55:07 | INFO     | t=6366.5: BATCH → Putting 2 wagons on retrofitted track retrofitted
20:55:07 | INFO     | t=6366.5: WAGON[W2786] → Added to retrofitted track retrofitted
20:55:07 | INFO     | t=6366.5: WAGON[W9981] → Added to retrofitted track retrofitted
20:55:07 | INFO     | t=6371.5: WORKSHOP[WS_02] → Released, notifying 1 waiting processes
20:55:07 | INFO     | t=6371.5: WORKSHOP → Workshop became available
20:55:07 | INFO     | t=6371.5: WORKSHOP[WS_02] → Selected for batch
20:55:07 | INFO     | t=6371.5: WAGON[W6884] → Added to batch
20:55:07 | INFO     | t=6371.5: BATCH[W5711,W6884] → Formed 2 wagons for WS_02
20:55:07 | INFO     | t=6371.5: TRACK[retrofit] → Removed 2 wagons (28.1m freed)
20:55:07 | INFO     | t=6371.5: DISPATCHER → Task submitted: retrofit_to_workshop (pending=3)
20:55:07 | INFO     | t=6371.5: DISPATCHER → Assigned loco LOCO_02 to retrofit_to_workshop (waited 0.0 min, pending=2)
20:55:07 | INFO     | t=6371.5: RAKE[W5711,W6884] → COUPLING at retrofit (1 couplings, 2.0 min)
20:55:07 | INFO     | t=6371.5: WAGON[W0607] → Retrieved from retrofit queue
20:55:07 | INFO     | t=6371.5: WORKSHOP → No workshop available, waiting...
20:55:07 | INFO     | t=6378.5: LOCO[LOCO_02] → COUPLING at retrofit (2.0 min)
20:55:07 | INFO     | t=6380.0: RAKE[W6246,W5947] → COUPLING at WS_01 (1 couplings, 0.5 min)
20:55:07 | INFO     | t=6380.5: LOCO[LOCO_02] → SHUNTING_PREP at retrofit (1.0 min)
20:55:07 | INFO     | t=6380.5: LOCO → Allocating for pickup from WS_01
20:55:07 | INFO     | t=6380.5: DISPATCHER → Task submitted: workshop_to_retrofitted (pending=3)
20:55:07 | INFO     | t=6386.5: LOCO[LOCO_02] → DECOUPLING at WS_02 (3.0 min)
20:55:07 | INFO     | t=6389.5: RAKE[W5711,W6884] → DECOUPLING at WS_02 (1 couplings, 3.0 min)
20:55:07 | INFO     | t=6392.5: WAGON[W5711] → RETROFIT_STARTED at WS_02
20:55:07 | INFO     | t=6392.5: WAGON[W6884] → RETROFIT_STARTED at WS_02
20:55:07 | INFO     | t=6397.5: DISPATCHER → Assigned loco LOCO_02 to workshop_to_retrofitted (waited 17.0 min, pending=2)
20:55:07 | INFO     | t=6397.5: LOCO[LOCO_02] → Allocated for pickup
20:55:07 | INFO     | t=6404.5: LOCO[LOCO_02] → TRAIN_PREP completed at WS_01 (2.0 min)
20:55:07 | INFO     | t=6409.5: BATCH → Putting 2 wagons on retrofitted track retrofitted
20:55:07 | INFO     | t=6409.5: WAGON[W6246] → Added to retrofitted track retrofitted
20:55:07 | INFO     | t=6409.5: WAGON[W5947] → Added to retrofitted track retrofitted
20:55:07 | INFO     | t=6414.5: WORKSHOP[WS_01] → Released, notifying 1 waiting processes
20:55:07 | INFO     | t=6414.5: WORKSHOP → Workshop became available
20:55:07 | INFO     | t=6414.5: WORKSHOP[WS_01] → Selected for batch
20:55:07 | INFO     | t=6414.5: DISPATCHER → Assigned loco LOCO_02 to collection_to_retrofit (waited 159.5 min, pending=1)
20:55:07 | INFO     | t=6414.5: WAGON[W0032] → Added to batch
20:55:07 | INFO     | t=6414.5: BATCH[W0607,W0032] → Formed 2 wagons for WS_01
20:55:07 | INFO     | t=6414.5: TRACK[retrofit] → Removed 2 wagons (39.6m freed)
20:55:07 | INFO     | t=6414.5: DISPATCHER → Task submitted: retrofit_to_workshop (pending=2)
20:55:07 | INFO     | t=6426.5: LOCO[LOCO_01] → Releasing
20:55:07 | INFO     | t=6426.5: LOCO[LOCO_01] → Released
20:55:07 | INFO     | t=6426.5: PARKING → Got wagon W2971 from retrofitted
20:55:07 | INFO     | t=6426.5: DISPATCHER → Assigned loco LOCO_01 to retrofit_to_workshop (waited 12.0 min, pending=1)
20:55:07 | INFO     | t=6426.5: RAKE[W0607,W0032] → COUPLING at retrofit (1 couplings, 2.0 min)
20:55:07 | INFO     | t=6426.5: WAGON[W6592] → Retrieved from retrofit queue
20:55:07 | INFO     | t=6426.5: WORKSHOP → No workshop available, waiting...
20:55:07 | INFO     | t=6426.5: LOCO → Allocating for parking transport
20:55:07 | INFO     | t=6426.5: DISPATCHER → Task submitted: retrofitted_to_parking (pending=2)
20:55:07 | INFO     | t=6433.5: LOCO[LOCO_01] → COUPLING at retrofit (2.0 min)
20:55:07 | INFO     | t=6435.5: LOCO[LOCO_01] → SHUNTING_PREP at retrofit (1.0 min)
20:55:07 | INFO     | t=6441.5: LOCO[LOCO_01] → DECOUPLING at WS_01 (3.0 min)
20:55:07 | INFO     | t=6444.5: RAKE[W0607,W0032] → DECOUPLING at WS_01 (1 couplings, 3.0 min)
20:55:07 | INFO     | t=6447.5: WAGON[W0607] → RETROFIT_STARTED at WS_01
20:55:07 | INFO     | t=6447.5: WAGON[W0032] → RETROFIT_STARTED at WS_01
20:55:07 | INFO     | t=6452.5: RAKE[W5711,W6884] → COUPLING at WS_02 (1 couplings, 0.5 min)
20:55:07 | INFO     | t=6452.5: DISPATCHER → Assigned loco LOCO_01 to collection_to_retrofit (waited 179.5 min, pending=1)
20:55:07 | INFO     | t=6453.0: LOCO → Allocating for pickup from WS_02
20:55:07 | INFO     | t=6453.0: DISPATCHER → Task submitted: workshop_to_retrofitted (pending=2)
20:55:07 | INFO     | t=6474.5: LOCO[LOCO_02] → TRAIN_PREP at collection (coupling + prep, 9.0 min)
20:55:07 | INFO     | EVENT_PUBLISHED: TrainArrivedEvent | train=T91 | time=6475.5
20:55:07 | INFO     | EVENT_HANDLING: TrainArrivedEvent -> RetrofitWorkshopContext._handle_train_arrived
20:55:07 | INFO     | EVENT_HANDLED: TrainArrivedEvent by RetrofitWorkshopContext._handle_train_arrived
20:55:07 | INFO     | t=6507.5: RAKE[W0607,W0032] → COUPLING at WS_01 (1 couplings, 0.5 min)
20:55:07 | INFO     | t=6508.0: LOCO → Allocating for pickup from WS_01
20:55:07 | INFO     | t=6508.0: DISPATCHER → Task submitted: workshop_to_retrofitted (pending=3)
20:55:07 | INFO     | t=6512.5: LOCO[LOCO_01] → TRAIN_PREP at collection (coupling + prep, 7.0 min)
20:55:07 | INFO     | t=6543.5: LOCO[LOCO_02] → DECOUPLING at retrofit (12.0 min)
20:55:07 | INFO     | t=6555.5: RAKE[W10601,W6942,W2744,W2686] → DECOUPLING at retrofit (3 couplings, 9.0 min)
20:55:07 | INFO     | t=6569.5: DISPATCHER → Hold override for retrofitted_to_parking (waited 143.0 min >= max 45.0 min)
20:55:07 | INFO     | t=6569.5: DISPATCHER → Assigned loco LOCO_02 to workshop_to_retrofitted (waited 116.5 min, pending=2)
20:55:07 | INFO     | t=6569.5: DISPATCHER → Hold override for retrofitted_to_parking (waited 143.0 min >= max 45.0 min)
20:55:07 | INFO     | t=6569.5: LOCO[LOCO_02] → Allocated for pickup
20:55:07 | INFO     | t=6569.5: Batch size limited by retrofit capacity: 4 wagons (96.0m) fits, 13 waiting
20:55:07 | INFO     | t=6569.5: COLLECTION → Reserving retrofit track capacity for 4 wagons
20:55:07 | INFO     | t=6569.5: COLLECTION → Capacity reserved, allocating locomotive
20:55:07 | INFO     | t=6569.5: DISPATCHER → Task submitted: collection_to_retrofit (pending=3)
20:55:07 | INFO     | t=6576.5: LOCO[LOCO_02] → TRAIN_PREP completed at WS_02 (2.0 min)
20:55:07 | INFO     | t=6579.5: LOCO[LOCO_01] → DECOUPLING at retrofit (9.0 min)
20:55:07 | INFO     | t=6581.5: BATCH → Putting 2 wagons on retrofitted track retrofitted
20:55:07 | INFO     | t=6581.5: WAGON[W5711] → Added to retrofitted track retrofitted
20:55:07 | INFO     | t=6581.5: WAGON[W6884] → Added to retrofitted track retrofitted
20:55:07 | INFO     | t=6586.5: WORKSHOP[WS_02] → Released, notifying 1 waiting processes
20:55:07 | INFO     | t=6586.5: WORKSHOP → Workshop became available
20:55:07 | INFO     | t=6586.5: WORKSHOP[WS_02] → Selected for batch
20:55:07 | INFO     | t=6586.5: DISPATCHER → Hold override for retrofitted_to_parking (waited 160.0 min >= max 45.0 min)
20:55:07 | INFO     | t=6586.5: DISPATCHER → Assigned loco LOCO_02 to workshop_to_retrofitted (waited 78.5 min, pending=2)
20:55:07 | INFO     | t=6586.5: DISPATCHER → Hold override for retrofitted_to_parking (waited 160.0 min >= max 45.0 min)
20:55:07 | INFO     | t=6586.5: WAGON[W5575] → Added to batch
20:55:07 | INFO     | t=6586.5: BATCH[W6592,W5575] → Formed 2 wagons for WS_02
20:55:07 | INFO     | t=6586.5: LOCO[LOCO_02] → Allocated for pickup
20:55:07 | INFO     | t=6586.5: TRACK[retrofit] → Removed 2 wagons (30.0m freed)
20:55:07 | INFO     | t=6586.5: DISPATCHER → Task submitted: retrofit_to_workshop (pending=3)
20:55:07 | INFO     | t=6588.5: RAKE[W0191,W11315,W6634] → DECOUPLING at retrofit (2 couplings, 6.0 min)
20:55:07 | INFO     | t=6593.5: LOCO[LOCO_02] → TRAIN_PREP completed at WS_01 (2.0 min)
20:55:07 | INFO     | EVENT_PUBLISHED: TrainArrivedEvent | train=T92 | time=6595.0
20:55:07 | INFO     | EVENT_HANDLING: TrainArrivedEvent -> RetrofitWorkshopContext._handle_train_arrived
20:55:07 | INFO     | EVENT_HANDLED: TrainArrivedEvent by RetrofitWorkshopContext._handle_train_arrived
20:55:07 | INFO     | t=6598.5: BATCH → Putting 2 wagons on retrofitted track retrofitted
20:55:07 | INFO     | t=6598.5: WAGON[W0607] → Added to retrofitted track retrofitted
20:55:07 | INFO     | t=6598.5: WAGON[W0032] → Added to retrofitted track retrofitted
20:55:07 | INFO     | t=6599.5: Batch size limited by retrofit capacity: 1 wagons (14.0m) fits, 16 waiting
20:55:07 | INFO     | t=6599.5: DISPATCHER → Hold override for retrofitted_to_parking (waited 173.0 min >= max 45.0 min)
20:55:07 | INFO     | t=6599.5: DISPATCHER → Assigned loco LOCO_01 to retrofit_to_workshop (waited 13.0 min, pending=2)
20:55:07 | INFO     | t=6599.5: DISPATCHER → Hold override for retrofitted_to_parking (waited 173.0 min >= max 45.0 min)
20:55:07 | INFO     | t=6599.5: COLLECTION → Reserving retrofit track capacity for 1 wagons
20:55:07 | INFO     | t=6599.5: RAKE[W6592,W5575] → COUPLING at retrofit (1 couplings, 2.0 min)
20:55:07 | INFO     | t=6599.5: COLLECTION → Capacity reserved, allocating locomotive
20:55:07 | INFO     | t=6599.5: DISPATCHER → Task submitted: collection_to_retrofit (pending=3)
20:55:07 | INFO     | t=6599.5: WAGON[W8085] → Retrieved from retrofit queue
20:55:07 | INFO     | t=6599.5: WORKSHOP → No workshop available, waiting...
20:55:07 | INFO     | t=6603.5: WORKSHOP[WS_01] → Released, notifying 1 waiting processes
20:55:07 | INFO     | t=6603.5: WORKSHOP → Workshop became available
20:55:07 | INFO     | t=6603.5: WORKSHOP[WS_01] → Selected for batch
20:55:07 | INFO     | t=6603.5: DISPATCHER → Hold override for retrofitted_to_parking (waited 177.0 min >= max 45.0 min)
20:55:07 | INFO     | t=6603.5: DISPATCHER → Assigned loco LOCO_02 to retrofitted_to_parking (waited 177.0 min, pending=2)
20:55:07 | INFO     | t=6603.5: WAGON[W8082] → Added to batch
20:55:07 | INFO     | t=6603.5: BATCH[W8085,W8082] → Formed 2 wagons for WS_01
20:55:07 | INFO     | t=6603.5: LOCO[LOCO_02] → Allocated for parking transport
20:55:07 | INFO     | t=6603.5: TRACK[retrofit] → Removed 2 wagons (44.7m freed)
20:55:07 | INFO     | t=6603.5: DISPATCHER → Task submitted: retrofit_to_workshop (pending=3)
20:55:07 | INFO     | t=6606.5: LOCO[LOCO_01] → COUPLING at retrofit (2.0 min)
20:55:07 | INFO     | t=6608.5: LOCO[LOCO_01] → SHUNTING_PREP at retrofit (1.0 min)
20:55:07 | INFO     | t=6608.5: LOCO[LOCO_02] → TRAIN_PREP at retrofitted (coupling + prep, 5.0 min)
20:55:07 | INFO     | t=6614.5: LOCO[LOCO_01] → DECOUPLING at WS_02 (3.0 min)
20:55:07 | INFO     | t=6617.5: RAKE[W6592,W5575] → DECOUPLING at WS_02 (1 couplings, 3.0 min)
20:55:07 | INFO     | t=6620.5: WAGON[W6592] → RETROFIT_STARTED at WS_02
20:55:07 | INFO     | t=6620.5: WAGON[W5575] → RETROFIT_STARTED at WS_02
20:55:07 | INFO     | t=6625.5: DISPATCHER → Assigned loco LOCO_01 to retrofit_to_workshop (waited 22.0 min, pending=2)
20:55:07 | INFO     | t=6625.5: RAKE[W8085,W8082] → COUPLING at retrofit (1 couplings, 2.0 min)
20:55:07 | INFO     | t=6625.5: WAGON[W0117] → Retrieved from retrofit queue
20:55:07 | INFO     | t=6625.5: WORKSHOP → No workshop available, waiting...
20:55:07 | INFO     | t=6632.5: LOCO[LOCO_01] → COUPLING at retrofit (2.0 min)
20:55:07 | INFO     | t=6634.5: LOCO[LOCO_01] → SHUNTING_PREP at retrofit (1.0 min)
20:55:07 | INFO     | t=6640.5: LOCO[LOCO_01] → DECOUPLING at WS_01 (3.0 min)
20:55:07 | INFO     | t=6643.5: RAKE[W8085,W8082] → DECOUPLING at WS_01 (1 couplings, 3.0 min)
20:55:07 | INFO     | t=6646.5: WAGON[W8085] → RETROFIT_STARTED at WS_01
20:55:07 | INFO     | t=6646.5: WAGON[W8082] → RETROFIT_STARTED at WS_01
20:55:07 | INFO     | t=6651.5: DISPATCHER → Assigned loco LOCO_01 to collection_to_retrofit (waited 82.0 min, pending=1)
20:55:07 | INFO     | EVENT_PUBLISHED: TrainArrivedEvent | train=T93 | time=6666.5
20:55:07 | INFO     | EVENT_HANDLING: TrainArrivedEvent -> RetrofitWorkshopContext._handle_train_arrived
20:55:07 | INFO     | EVENT_HANDLED: TrainArrivedEvent by RetrofitWorkshopContext._handle_train_arrived
20:55:07 | INFO     | t=6680.5: RAKE[W6592,W5575] → COUPLING at WS_02 (1 couplings, 0.5 min)
20:55:07 | INFO     | t=6681.0: LOCO → Allocating for pickup from WS_02
20:55:07 | INFO     | t=6681.0: DISPATCHER → Task submitted: workshop_to_retrofitted (pending=2)
20:55:07 | INFO     | t=6688.5: LOCO[LOCO_02] → DECOUPLING at parking15 (4.0 min)
20:55:07 | INFO     | t=6692.5: RAKE[W2971,W4522,W4479,W12036,W2786,W9981,W6246,W5947] → DECOUPLING at parking15 (7 couplings, 3.5 min)
20:55:07 | INFO     | t=6706.5: RAKE[W8085,W8082] → COUPLING at WS_01 (1 couplings, 0.5 min)
20:55:07 | INFO     | t=6707.0: LOCO → Allocating for pickup from WS_01
20:55:07 | INFO     | t=6707.0: DISPATCHER → Task submitted: workshop_to_retrofitted (pending=3)
20:55:07 | INFO     | t=6711.5: LOCO[LOCO_01] → TRAIN_PREP at collection (coupling + prep, 9.0 min)
20:55:07 | INFO     | t=6756.0: LOCO[LOCO_02] → Releasing
20:55:07 | INFO     | t=6756.0: LOCO[LOCO_02] → Released
20:55:07 | INFO     | t=6756.0: PARKING → Got wagon W5711 from retrofitted
20:55:07 | INFO     | t=6756.0: DISPATCHER → Assigned loco LOCO_02 to workshop_to_retrofitted (waited 75.0 min, pending=2)
20:55:07 | INFO     | t=6756.0: LOCO[LOCO_02] → Allocated for pickup
20:55:07 | INFO     | t=6756.0: LOCO → Allocating for parking transport
20:55:07 | INFO     | t=6756.0: DISPATCHER → Task submitted: retrofitted_to_parking (pending=3)
20:55:07 | INFO     | t=6763.0: LOCO[LOCO_02] → TRAIN_PREP completed at WS_02 (2.0 min)
20:55:07 | INFO     | t=6768.0: BATCH → Putting 2 wagons on retrofitted track retrofitted
20:55:07 | INFO     | t=6768.0: WAGON[W6592] → Added to retrofitted track retrofitted
20:55:07 | INFO     | t=6768.0: WAGON[W5575] → Added to retrofitted track retrofitted
20:55:07 | INFO     | t=6773.0: WORKSHOP[WS_02] → Released, notifying 1 waiting processes
20:55:07 | INFO     | t=6773.0: WORKSHOP → Workshop became available
20:55:07 | INFO     | t=6773.0: WORKSHOP[WS_02] → Selected for batch
20:55:07 | INFO     | t=6773.0: DISPATCHER → Assigned loco LOCO_02 to workshop_to_retrofitted (waited 66.0 min, pending=2)
20:55:07 | INFO     | t=6773.0: WAGON[W10601] → Added to batch
20:55:07 | INFO     | t=6773.0: BATCH[W0117,W10601] → Formed 2 wagons for WS_02
20:55:07 | INFO     | t=6773.0: LOCO[LOCO_02] → Allocated for pickup
20:55:07 | INFO     | t=6773.0: TRACK[retrofit] → Removed 2 wagons (36.3m freed)
20:55:07 | INFO     | t=6773.0: DISPATCHER → Task submitted: retrofit_to_workshop (pending=3)
20:55:07 | INFO     | t=6780.0: LOCO[LOCO_02] → TRAIN_PREP completed at WS_01 (2.0 min)
20:55:07 | INFO     | t=6780.5: LOCO[LOCO_01] → DECOUPLING at retrofit (12.0 min)
20:55:07 | INFO     | t=6785.0: BATCH → Putting 2 wagons on retrofitted track retrofitted
20:55:07 | INFO     | t=6785.0: WAGON[W8085] → Added to retrofitted track retrofitted
20:55:07 | INFO     | t=6785.0: WAGON[W8082] → Added to retrofitted track retrofitted
20:55:07 | INFO     | t=6790.0: WORKSHOP[WS_01] → Released, notifying 0 waiting processes
20:55:07 | INFO     | t=6790.0: DISPATCHER → Assigned loco LOCO_02 to retrofit_to_workshop (waited 17.0 min, pending=2)
20:55:07 | INFO     | t=6790.0: RAKE[W0117,W10601] → COUPLING at retrofit (1 couplings, 2.0 min)
20:55:07 | INFO     | t=6790.0: WAGON[W6942] → Retrieved from retrofit queue
20:55:07 | INFO     | t=6790.0: WORKSHOP[WS_01] → Selected for batch
20:55:07 | INFO     | t=6790.0: WAGON[W2744] → Added to batch
20:55:07 | INFO     | t=6790.0: BATCH[W6942,W2744] → Formed 2 wagons for WS_01
20:55:07 | INFO     | t=6790.0: TRACK[retrofit] → Removed 2 wagons (37.9m freed)
20:55:07 | INFO     | t=6790.0: DISPATCHER → Task submitted: retrofit_to_workshop (pending=3)
20:55:07 | INFO     | t=6792.5: RAKE[W8473,W8383,W9067,W0677] → DECOUPLING at retrofit (3 couplings, 9.0 min)
20:55:07 | INFO     | t=6797.0: LOCO[LOCO_02] → COUPLING at retrofit (2.0 min)
20:55:07 | INFO     | t=6799.0: LOCO[LOCO_02] → SHUNTING_PREP at retrofit (1.0 min)
20:55:07 | INFO     | t=6805.0: LOCO[LOCO_02] → DECOUPLING at WS_02 (3.0 min)
20:55:07 | INFO     | t=6806.5: DISPATCHER → Hold override for retrofitted_to_parking (waited 50.5 min >= max 45.0 min)
20:55:07 | INFO     | t=6806.5: DISPATCHER → Assigned loco LOCO_01 to retrofit_to_workshop (waited 16.5 min, pending=2)
20:55:07 | INFO     | t=6806.5: RAKE[W6942,W2744] → COUPLING at retrofit (1 couplings, 2.0 min)
20:55:07 | INFO     | t=6806.5: WAGON[W2686] → Retrieved from retrofit queue
20:55:07 | INFO     | t=6806.5: WORKSHOP → No workshop available, waiting...
20:55:07 | INFO     | t=6806.5: Batch size limited by retrofit capacity: 5 wagons (131.0m) fits, 13 waiting
20:55:07 | INFO     | t=6806.5: COLLECTION → Reserving retrofit track capacity for 5 wagons
20:55:07 | INFO     | t=6806.5: COLLECTION → Capacity reserved, allocating locomotive
20:55:07 | INFO     | t=6806.5: DISPATCHER → Task submitted: collection_to_retrofit (pending=3)
20:55:07 | INFO     | t=6808.0: RAKE[W0117,W10601] → DECOUPLING at WS_02 (1 couplings, 3.0 min)
20:55:07 | INFO     | t=6811.0: WAGON[W0117] → RETROFIT_STARTED at WS_02
20:55:07 | INFO     | t=6811.0: WAGON[W10601] → RETROFIT_STARTED at WS_02
20:55:07 | INFO     | EVENT_PUBLISHED: TrainArrivedEvent | train=T94 | time=6812.8
20:55:07 | INFO     | EVENT_HANDLING: TrainArrivedEvent -> RetrofitWorkshopContext._handle_train_arrived
20:55:07 | INFO     | EVENT_HANDLED: TrainArrivedEvent by RetrofitWorkshopContext._handle_train_arrived
20:55:07 | INFO     | t=6813.5: LOCO[LOCO_01] → COUPLING at retrofit (2.0 min)
20:55:07 | INFO     | t=6815.5: LOCO[LOCO_01] → SHUNTING_PREP at retrofit (1.0 min)
20:55:07 | INFO     | t=6816.0: DISPATCHER → Hold override for retrofitted_to_parking (waited 60.0 min >= max 45.0 min)
20:55:07 | INFO     | t=6816.0: DISPATCHER → Assigned loco LOCO_02 to retrofitted_to_parking (waited 60.0 min, pending=2)
20:55:07 | INFO     | t=6816.0: LOCO[LOCO_02] → Allocated for parking transport
20:55:07 | INFO     | t=6821.0: LOCO[LOCO_02] → TRAIN_PREP at retrofitted (coupling + prep, 3.0 min)
20:55:07 | INFO     | t=6821.5: LOCO[LOCO_01] → DECOUPLING at WS_01 (3.0 min)
20:55:07 | INFO     | t=6824.5: RAKE[W6942,W2744] → DECOUPLING at WS_01 (1 couplings, 3.0 min)
20:55:07 | INFO     | t=6827.5: WAGON[W6942] → RETROFIT_STARTED at WS_01
20:55:07 | INFO     | t=6827.5: WAGON[W2744] → RETROFIT_STARTED at WS_01
20:55:07 | INFO     | t=6871.0: RAKE[W0117,W10601] → COUPLING at WS_02 (1 couplings, 0.5 min)
20:55:07 | INFO     | t=6871.5: LOCO → Allocating for pickup from WS_02
20:55:07 | INFO     | t=6871.5: DISPATCHER → Task submitted: workshop_to_retrofitted (pending=3)
20:55:07 | INFO     | t=6871.5: DISPATCHER → Assigned loco LOCO_01 to workshop_to_retrofitted (waited 0.0 min, pending=2)
20:55:07 | INFO     | t=6871.5: LOCO[LOCO_01] → Allocated for pickup
20:55:07 | INFO     | t=6878.5: LOCO[LOCO_01] → TRAIN_PREP completed at WS_02 (2.0 min)
20:55:07 | INFO     | t=6883.5: BATCH → Putting 2 wagons on retrofitted track retrofitted
20:55:07 | INFO     | t=6883.5: WAGON[W0117] → Added to retrofitted track retrofitted
20:55:07 | INFO     | t=6883.5: WAGON[W10601] → Added to retrofitted track retrofitted
20:55:07 | INFO     | t=6887.5: RAKE[W6942,W2744] → COUPLING at WS_01 (1 couplings, 0.5 min)
20:55:07 | INFO     | t=6888.0: LOCO → Allocating for pickup from WS_01
20:55:07 | INFO     | t=6888.0: DISPATCHER → Task submitted: workshop_to_retrofitted (pending=3)
20:55:07 | INFO     | t=6888.5: WORKSHOP[WS_02] → Released, notifying 1 waiting processes
20:55:07 | INFO     | t=6888.5: WORKSHOP → Workshop became available
20:55:07 | INFO     | t=6888.5: WORKSHOP[WS_02] → Selected for batch
20:55:07 | INFO     | t=6888.5: DISPATCHER → Assigned loco LOCO_01 to workshop_to_retrofitted (waited 0.5 min, pending=2)
20:55:07 | INFO     | t=6888.5: WAGON[W0191] → Added to batch
20:55:07 | INFO     | t=6888.5: BATCH[W2686,W0191] → Formed 2 wagons for WS_02
20:55:07 | INFO     | t=6888.5: LOCO[LOCO_01] → Allocated for pickup
20:55:07 | INFO     | t=6888.5: TRACK[retrofit] → Removed 2 wagons (39.4m freed)
20:55:07 | INFO     | t=6888.5: DISPATCHER → Task submitted: retrofit_to_workshop (pending=3)
20:55:07 | INFO     | t=6895.5: LOCO[LOCO_01] → TRAIN_PREP completed at WS_01 (2.0 min)
20:55:07 | INFO     | t=6899.0: LOCO[LOCO_02] → DECOUPLING at parking14 (2.0 min)
20:55:07 | INFO     | t=6900.5: BATCH → Putting 2 wagons on retrofitted track retrofitted
20:55:07 | INFO     | t=6900.5: WAGON[W6942] → Added to retrofitted track retrofitted
20:55:07 | INFO     | t=6900.5: WAGON[W2744] → Added to retrofitted track retrofitted
20:55:07 | INFO     | t=6901.0: RAKE[W5711,W6884,W0607,W0032] → DECOUPLING at parking14 (3 couplings, 1.5 min)
20:55:07 | INFO     | t=6905.5: WORKSHOP[WS_01] → Released, notifying 0 waiting processes
20:55:07 | INFO     | t=6905.5: DISPATCHER → Assigned loco LOCO_01 to retrofit_to_workshop (waited 17.0 min, pending=2)
20:55:07 | INFO     | t=6905.5: RAKE[W2686,W0191] → COUPLING at retrofit (1 couplings, 2.0 min)
20:55:07 | INFO     | t=6905.5: WAGON[W11315] → Retrieved from retrofit queue
20:55:07 | INFO     | t=6905.5: WORKSHOP[WS_01] → Selected for batch
20:55:07 | INFO     | t=6905.5: WAGON[W6634] → Added to batch
20:55:07 | INFO     | t=6905.5: BATCH[W11315,W6634] → Formed 2 wagons for WS_01
20:55:07 | INFO     | t=6905.5: TRACK[retrofit] → Removed 2 wagons (32.2m freed)
20:55:07 | INFO     | t=6905.5: DISPATCHER → Task submitted: retrofit_to_workshop (pending=3)
20:55:07 | INFO     | t=6912.5: LOCO[LOCO_01] → COUPLING at retrofit (2.0 min)
20:55:07 | INFO     | t=6914.5: LOCO[LOCO_01] → SHUNTING_PREP at retrofit (1.0 min)
20:55:07 | INFO     | t=6920.5: LOCO[LOCO_01] → DECOUPLING at WS_02 (3.0 min)
20:55:07 | INFO     | t=6923.5: RAKE[W2686,W0191] → DECOUPLING at WS_02 (1 couplings, 3.0 min)
20:55:07 | INFO     | t=6926.5: WAGON[W2686] → RETROFIT_STARTED at WS_02
20:55:07 | INFO     | t=6926.5: WAGON[W0191] → RETROFIT_STARTED at WS_02
20:55:07 | INFO     | t=6931.5: DISPATCHER → Assigned loco LOCO_01 to retrofit_to_workshop (waited 26.0 min, pending=2)
20:55:07 | INFO     | t=6931.5: RAKE[W11315,W6634] → COUPLING at retrofit (1 couplings, 2.0 min)
20:55:07 | INFO     | t=6931.5: WAGON[W8473] → Retrieved from retrofit queue
20:55:07 | INFO     | t=6931.5: WORKSHOP → No workshop available, waiting...
20:55:07 | INFO     | t=6938.5: LOCO[LOCO_01] → COUPLING at retrofit (2.0 min)
20:55:07 | INFO     | t=6940.5: LOCO[LOCO_01] → SHUNTING_PREP at retrofit (1.0 min)
20:55:07 | INFO     | t=6946.5: LOCO[LOCO_01] → DECOUPLING at WS_01 (3.0 min)
20:55:07 | INFO     | t=6949.5: RAKE[W11315,W6634] → DECOUPLING at WS_01 (1 couplings, 3.0 min)
20:55:07 | INFO     | t=6952.5: WAGON[W11315] → RETROFIT_STARTED at WS_01
20:55:07 | INFO     | t=6952.5: WAGON[W6634] → RETROFIT_STARTED at WS_01
20:55:07 | INFO     | t=6957.5: DISPATCHER → Assigned loco LOCO_01 to collection_to_retrofit (waited 358.0 min, pending=1)
20:55:07 | INFO     | t=6962.5: LOCO[LOCO_02] → Releasing
20:55:07 | INFO     | t=6962.5: LOCO[LOCO_02] → Released
20:55:07 | INFO     | t=6962.5: PARKING → Got wagon W6592 from retrofitted
20:55:07 | INFO     | t=6962.5: DISPATCHER → Assigned loco LOCO_02 to collection_to_retrofit (waited 156.0 min, pending=0)
20:55:07 | INFO     | t=6962.5: LOCO → Allocating for parking transport
20:55:07 | INFO     | t=6962.5: DISPATCHER → Task submitted: retrofitted_to_parking (pending=1)
20:55:07 | INFO     | t=6986.5: RAKE[W2686,W0191] → COUPLING at WS_02 (1 couplings, 0.5 min)
20:55:07 | INFO     | t=6987.0: LOCO → Allocating for pickup from WS_02
20:55:07 | INFO     | t=6987.0: DISPATCHER → Task submitted: workshop_to_retrofitted (pending=2)
20:55:07 | INFO     | EVENT_PUBLISHED: TrainArrivedEvent | train=T95 | time=7002.0
20:55:07 | INFO     | EVENT_HANDLING: TrainArrivedEvent -> RetrofitWorkshopContext._handle_train_arrived
20:55:07 | INFO     | EVENT_HANDLED: TrainArrivedEvent by RetrofitWorkshopContext._handle_train_arrived
20:55:07 | INFO     | t=7012.5: RAKE[W11315,W6634] → COUPLING at WS_01 (1 couplings, 0.5 min)
20:55:07 | INFO     | t=7013.0: LOCO → Allocating for pickup from WS_01
20:55:07 | INFO     | t=7013.0: DISPATCHER → Task submitted: workshop_to_retrofitted (pending=3)
20:55:07 | INFO     | t=7017.5: LOCO[LOCO_01] → TRAIN_PREP at collection (coupling + prep, 3.0 min)
20:55:07 | INFO     | t=7022.5: LOCO[LOCO_02] → TRAIN_PREP at collection (coupling + prep, 11.0 min)
20:55:07 | INFO     | t=7080.5: LOCO[LOCO_01] → DECOUPLING at retrofit (3.0 min)
20:55:07 | INFO     | t=7083.5: RAKE[W6025] → DECOUPLING at retrofit (0 couplings, 0.0 min)
20:55:07 | INFO     | t=7088.5: DISPATCHER → Hold override for retrofitted_to_parking (waited 126.0 min >= max 45.0 min)
20:55:07 | INFO     | t=7088.5: DISPATCHER → Assigned loco LOCO_01 to workshop_to_retrofitted (waited 101.5 min, pending=2)
20:55:07 | INFO     | t=7088.5: DISPATCHER → Hold override for retrofitted_to_parking (waited 126.0 min >= max 45.0 min)
20:55:07 | INFO     | t=7088.5: LOCO[LOCO_01] → Allocated for pickup
20:55:07 | INFO     | t=7088.5: Batch size limited by retrofit capacity: 4 wagons (68.6m) fits, 14 waiting
20:55:07 | INFO     | t=7088.5: COLLECTION → Reserving retrofit track capacity for 4 wagons
20:55:07 | INFO     | t=7088.5: COLLECTION → Capacity reserved, allocating locomotive
20:55:07 | INFO     | t=7088.5: DISPATCHER → Task submitted: collection_to_retrofit (pending=3)
20:55:07 | INFO     | t=7093.5: LOCO[LOCO_02] → DECOUPLING at retrofit (15.0 min)
20:55:07 | INFO     | t=7095.5: LOCO[LOCO_01] → TRAIN_PREP completed at WS_02 (2.0 min)
20:55:07 | INFO     | t=7100.5: BATCH → Putting 2 wagons on retrofitted track retrofitted
20:55:07 | INFO     | t=7100.5: WAGON[W2686] → Added to retrofitted track retrofitted
20:55:07 | INFO     | t=7100.5: WAGON[W0191] → Added to retrofitted track retrofitted
20:55:07 | INFO     | t=7105.5: WORKSHOP[WS_02] → Released, notifying 1 waiting processes
20:55:07 | INFO     | t=7105.5: WORKSHOP → Workshop became available
20:55:07 | INFO     | t=7105.5: WORKSHOP[WS_02] → Selected for batch
20:55:07 | INFO     | t=7105.5: DISPATCHER → Hold override for retrofitted_to_parking (waited 143.0 min >= max 45.0 min)
20:55:07 | INFO     | t=7105.5: DISPATCHER → Assigned loco LOCO_01 to workshop_to_retrofitted (waited 92.5 min, pending=2)
20:55:07 | INFO     | t=7105.5: DISPATCHER → Hold override for retrofitted_to_parking (waited 143.0 min >= max 45.0 min)
20:55:07 | INFO     | t=7105.5: WAGON[W8383] → Added to batch
20:55:07 | INFO     | t=7105.5: BATCH[W8473,W8383] → Formed 2 wagons for WS_02
20:55:07 | INFO     | t=7105.5: LOCO[LOCO_01] → Allocated for pickup
20:55:07 | INFO     | t=7105.5: TRACK[retrofit] → Removed 2 wagons (49.4m freed)
20:55:07 | INFO     | t=7105.5: DISPATCHER → Task submitted: retrofit_to_workshop (pending=3)
20:55:07 | INFO     | t=7108.5: RAKE[W0924,W0685,W0701,W0020,W7316] → DECOUPLING at retrofit (4 couplings, 12.0 min)
20:55:07 | INFO     | t=7112.5: LOCO[LOCO_01] → TRAIN_PREP completed at WS_01 (2.0 min)
20:55:07 | INFO     | t=7117.5: BATCH → Putting 2 wagons on retrofitted track retrofitted
20:55:07 | INFO     | t=7117.5: WAGON[W11315] → Added to retrofitted track retrofitted
20:55:07 | INFO     | t=7117.5: WAGON[W6634] → Added to retrofitted track retrofitted
20:55:07 | INFO     | t=7122.5: WORKSHOP[WS_01] → Released, notifying 0 waiting processes
20:55:07 | INFO     | t=7122.5: DISPATCHER → Hold override for retrofitted_to_parking (waited 160.0 min >= max 45.0 min)
20:55:07 | INFO     | t=7122.5: DISPATCHER → Assigned loco LOCO_01 to retrofit_to_workshop (waited 17.0 min, pending=2)
20:55:07 | INFO     | t=7122.5: DISPATCHER → Hold override for retrofitted_to_parking (waited 160.0 min >= max 45.0 min)
20:55:07 | INFO     | t=7122.5: RAKE[W8473,W8383] → COUPLING at retrofit (1 couplings, 2.0 min)
20:55:07 | INFO     | t=7122.5: WAGON[W9067] → Retrieved from retrofit queue
20:55:07 | INFO     | t=7122.5: WORKSHOP[WS_01] → Selected for batch
20:55:07 | INFO     | t=7122.5: WAGON[W0677] → Added to batch
20:55:07 | INFO     | t=7122.5: BATCH[W9067,W0677] → Formed 2 wagons for WS_01
20:55:07 | INFO     | t=7122.5: TRACK[retrofit] → Removed 2 wagons (46.5m freed)
20:55:07 | INFO     | t=7122.5: DISPATCHER → Task submitted: retrofit_to_workshop (pending=3)
20:55:07 | INFO     | t=7125.5: DISPATCHER → Hold override for retrofitted_to_parking (waited 163.0 min >= max 45.0 min)
20:55:07 | INFO     | t=7125.5: DISPATCHER → Assigned loco LOCO_02 to retrofit_to_workshop (waited 3.0 min, pending=2)
20:55:07 | INFO     | t=7125.5: DISPATCHER → Hold override for retrofitted_to_parking (waited 163.0 min >= max 45.0 min)
20:55:07 | INFO     | t=7125.5: RAKE[W9067,W0677] → COUPLING at retrofit (1 couplings, 2.0 min)
20:55:07 | INFO     | t=7125.5: WAGON[W6025] → Retrieved from retrofit queue
20:55:07 | INFO     | t=7125.5: WORKSHOP → No workshop available, waiting...
20:55:07 | INFO     | t=7125.5: Batch size limited by retrofit capacity: 6 wagons (103.6m) fits, 9 waiting
20:55:07 | INFO     | t=7125.5: COLLECTION → Reserving retrofit track capacity for 6 wagons
20:55:07 | INFO     | t=7125.5: COLLECTION → Capacity reserved, allocating locomotive
20:55:07 | INFO     | t=7125.5: DISPATCHER → Task submitted: collection_to_retrofit (pending=3)
20:55:07 | INFO     | t=7129.5: LOCO[LOCO_01] → COUPLING at retrofit (2.0 min)
20:55:07 | INFO     | t=7131.5: LOCO[LOCO_01] → SHUNTING_PREP at retrofit (1.0 min)
20:55:07 | INFO     | t=7132.5: LOCO[LOCO_02] → COUPLING at retrofit (2.0 min)
20:55:07 | INFO     | t=7134.5: LOCO[LOCO_02] → SHUNTING_PREP at retrofit (1.0 min)
20:55:07 | INFO     | t=7137.5: LOCO[LOCO_01] → DECOUPLING at WS_02 (3.0 min)
20:55:07 | INFO     | t=7140.5: LOCO[LOCO_02] → DECOUPLING at WS_01 (3.0 min)
20:55:07 | INFO     | t=7140.5: RAKE[W8473,W8383] → DECOUPLING at WS_02 (1 couplings, 3.0 min)
20:55:07 | INFO     | t=7143.5: RAKE[W9067,W0677] → DECOUPLING at WS_01 (1 couplings, 3.0 min)
20:55:07 | INFO     | t=7143.5: WAGON[W8473] → RETROFIT_STARTED at WS_02
20:55:07 | INFO     | t=7143.5: WAGON[W8383] → RETROFIT_STARTED at WS_02
20:55:07 | INFO     | t=7146.5: WAGON[W9067] → RETROFIT_STARTED at WS_01
20:55:07 | INFO     | t=7146.5: WAGON[W0677] → RETROFIT_STARTED at WS_01
20:55:07 | INFO     | t=7148.5: DISPATCHER → Hold override for retrofitted_to_parking (waited 186.0 min >= max 45.0 min)
20:55:07 | INFO     | t=7148.5: DISPATCHER → Assigned loco LOCO_01 to retrofitted_to_parking (waited 186.0 min, pending=2)
20:55:07 | INFO     | t=7148.5: LOCO[LOCO_01] → Allocated for parking transport
20:55:07 | INFO     | t=7153.5: LOCO[LOCO_01] → TRAIN_PREP at retrofitted (coupling + prep, 5.0 min)
20:55:07 | INFO     | EVENT_PUBLISHED: TrainArrivedEvent | train=T96 | time=7167.5
20:55:07 | INFO     | EVENT_HANDLING: TrainArrivedEvent -> RetrofitWorkshopContext._handle_train_arrived
20:55:07 | INFO     | EVENT_HANDLED: TrainArrivedEvent by RetrofitWorkshopContext._handle_train_arrived
20:55:07 | INFO     | EVENT_PUBLISHED: TrainArrivedEvent | train=T97 | time=7195.2
20:55:07 | INFO     | EVENT_HANDLING: TrainArrivedEvent -> RetrofitWorkshopContext._handle_train_arrived
20:55:07 | INFO     | EVENT_HANDLED: TrainArrivedEvent by RetrofitWorkshopContext._handle_train_arrived
20:55:07 | INFO     | t=7203.5: RAKE[W8473,W8383] → COUPLING at WS_02 (1 couplings, 0.5 min)
20:55:07 | INFO     | t=7204.0: LOCO → Allocating for pickup from WS_02
20:55:07 | INFO     | t=7204.0: DISPATCHER → Task submitted: workshop_to_retrofitted (pending=3)
20:55:07 | INFO     | t=7204.0: DISPATCHER → Assigned loco LOCO_02 to workshop_to_retrofitted (waited 0.0 min, pending=2)
20:55:07 | INFO     | t=7204.0: LOCO[LOCO_02] → Allocated for pickup
20:55:07 | INFO     | t=7206.5: RAKE[W9067,W0677] → COUPLING at WS_01 (1 couplings, 0.5 min)
20:55:07 | INFO     | t=7207.0: LOCO → Allocating for pickup from WS_01
20:55:07 | INFO     | t=7207.0: DISPATCHER → Task submitted: workshop_to_retrofitted (pending=3)
20:55:07 | INFO     | t=7211.0: LOCO[LOCO_02] → TRAIN_PREP completed at WS_02 (2.0 min)
20:55:07 | INFO     | t=7216.0: BATCH → Putting 2 wagons on retrofitted track retrofitted
20:55:07 | INFO     | t=7216.0: WAGON[W8473] → Added to retrofitted track retrofitted
20:55:07 | INFO     | t=7216.0: WAGON[W8383] → Added to retrofitted track retrofitted
20:55:07 | INFO     | t=7221.0: WORKSHOP[WS_02] → Released, notifying 1 waiting processes
20:55:07 | INFO     | t=7221.0: WORKSHOP → Workshop became available
20:55:07 | INFO     | t=7221.0: WORKSHOP[WS_02] → Selected for batch
20:55:07 | INFO     | t=7221.0: DISPATCHER → Assigned loco LOCO_02 to workshop_to_retrofitted (waited 14.0 min, pending=2)
20:55:07 | INFO     | t=7221.0: WAGON[W0924] → Added to batch
20:55:07 | INFO     | t=7221.0: BATCH[W6025,W0924] → Formed 2 wagons for WS_02
20:55:07 | INFO     | t=7221.0: LOCO[LOCO_02] → Allocated for pickup
20:55:07 | INFO     | t=7221.0: TRACK[retrofit] → Removed 2 wagons (41.0m freed)
20:55:07 | INFO     | t=7221.0: DISPATCHER → Task submitted: retrofit_to_workshop (pending=3)
20:55:07 | INFO     | t=7228.0: LOCO[LOCO_02] → TRAIN_PREP completed at WS_01 (2.0 min)
20:55:07 | INFO     | t=7233.0: BATCH → Putting 2 wagons on retrofitted track retrofitted
20:55:07 | INFO     | t=7233.0: WAGON[W9067] → Added to retrofitted track retrofitted
20:55:07 | INFO     | t=7233.0: WAGON[W0677] → Added to retrofitted track retrofitted
20:55:07 | INFO     | t=7233.5: LOCO[LOCO_01] → DECOUPLING at parking13 (4.0 min)
20:55:07 | INFO     | t=7237.5: RAKE[W6592,W5575,W8085,W8082,W0117,W10601,W6942,W2744] → DECOUPLING at parking13 (7 couplings, 3.5 min)
20:55:07 | INFO     | t=7238.0: WORKSHOP[WS_01] → Released, notifying 0 waiting processes
20:55:07 | INFO     | t=7238.0: DISPATCHER → Assigned loco LOCO_02 to retrofit_to_workshop (waited 17.0 min, pending=2)
20:55:07 | INFO     | t=7238.0: RAKE[W6025,W0924] → COUPLING at retrofit (1 couplings, 2.0 min)
20:55:07 | INFO     | t=7238.0: WAGON[W0685] → Retrieved from retrofit queue
20:55:07 | INFO     | t=7238.0: WORKSHOP[WS_01] → Selected for batch
20:55:07 | INFO     | t=7238.0: WAGON[W0701] → Added to batch
20:55:07 | INFO     | t=7238.0: BATCH[W0685,W0701] → Formed 2 wagons for WS_01
20:55:07 | INFO     | t=7238.0: TRACK[retrofit] → Removed 2 wagons (54.0m freed)
20:55:07 | INFO     | t=7238.0: DISPATCHER → Task submitted: retrofit_to_workshop (pending=3)
20:55:07 | INFO     | t=7245.0: LOCO[LOCO_02] → COUPLING at retrofit (2.0 min)
20:55:07 | INFO     | t=7247.0: LOCO[LOCO_02] → SHUNTING_PREP at retrofit (1.0 min)
20:55:07 | INFO     | t=7253.0: LOCO[LOCO_02] → DECOUPLING at WS_02 (3.0 min)
20:55:07 | INFO     | EVENT_PUBLISHED: TrainArrivedEvent | train=T98 | time=7254.5
20:55:07 | INFO     | EVENT_HANDLING: TrainArrivedEvent -> RetrofitWorkshopContext._handle_train_arrived
20:55:07 | INFO     | EVENT_HANDLED: TrainArrivedEvent by RetrofitWorkshopContext._handle_train_arrived
20:55:07 | INFO     | t=7256.0: RAKE[W6025,W0924] → DECOUPLING at WS_02 (1 couplings, 3.0 min)
20:55:07 | INFO     | t=7259.0: WAGON[W6025] → RETROFIT_STARTED at WS_02
20:55:07 | INFO     | t=7259.0: WAGON[W0924] → RETROFIT_STARTED at WS_02
20:55:07 | INFO     | t=7264.0: DISPATCHER → Assigned loco LOCO_02 to retrofit_to_workshop (waited 26.0 min, pending=2)
20:55:07 | INFO     | t=7264.0: RAKE[W0685,W0701] → COUPLING at retrofit (1 couplings, 2.0 min)
20:55:07 | INFO     | t=7264.0: WAGON[W0020] → Retrieved from retrofit queue
20:55:07 | INFO     | t=7264.0: WORKSHOP → No workshop available, waiting...
20:55:07 | INFO     | t=7271.0: LOCO[LOCO_02] → COUPLING at retrofit (2.0 min)
20:55:07 | INFO     | t=7273.0: LOCO[LOCO_02] → SHUNTING_PREP at retrofit (1.0 min)
20:55:07 | INFO     | EVENT_PUBLISHED: TrainArrivedEvent | train=T99 | time=7273.8
20:55:07 | INFO     | EVENT_HANDLING: TrainArrivedEvent -> RetrofitWorkshopContext._handle_train_arrived
20:55:07 | INFO     | EVENT_HANDLED: TrainArrivedEvent by RetrofitWorkshopContext._handle_train_arrived
20:55:07 | INFO     | t=7279.0: LOCO[LOCO_02] → DECOUPLING at WS_01 (3.0 min)
20:55:07 | INFO     | t=7282.0: RAKE[W0685,W0701] → DECOUPLING at WS_01 (1 couplings, 3.0 min)
20:55:07 | INFO     | t=7285.0: WAGON[W0685] → RETROFIT_STARTED at WS_01
20:55:07 | INFO     | t=7285.0: WAGON[W0701] → RETROFIT_STARTED at WS_01
20:55:07 | INFO     | t=7290.0: DISPATCHER → Assigned loco LOCO_02 to collection_to_retrofit (waited 201.5 min, pending=1)
20:55:07 | INFO     | t=7301.0: LOCO[LOCO_01] → Releasing
20:55:07 | INFO     | t=7301.0: LOCO[LOCO_01] → Released
20:55:07 | INFO     | t=7301.0: PARKING → Got wagon W2686 from retrofitted
20:55:07 | INFO     | t=7301.0: DISPATCHER → Assigned loco LOCO_01 to collection_to_retrofit (waited 175.5 min, pending=0)
20:55:07 | INFO     | t=7301.0: LOCO → Allocating for parking transport
20:55:07 | INFO     | t=7301.0: DISPATCHER → Task submitted: retrofitted_to_parking (pending=1)
20:55:07 | INFO     | t=7319.0: RAKE[W6025,W0924] → COUPLING at WS_02 (1 couplings, 0.5 min)
20:55:07 | INFO     | t=7319.5: LOCO → Allocating for pickup from WS_02
20:55:07 | INFO     | t=7319.5: DISPATCHER → Task submitted: workshop_to_retrofitted (pending=2)
20:55:07 | INFO     | t=7345.0: RAKE[W0685,W0701] → COUPLING at WS_01 (1 couplings, 0.5 min)
20:55:07 | INFO     | t=7345.5: LOCO → Allocating for pickup from WS_01
20:55:07 | INFO     | t=7345.5: DISPATCHER → Task submitted: workshop_to_retrofitted (pending=3)
20:55:07 | INFO     | t=7350.0: LOCO[LOCO_02] → TRAIN_PREP at collection (coupling + prep, 9.0 min)
20:55:07 | INFO     | EVENT_PUBLISHED: TrainArrivedEvent | train=T100 | time=7360.2
20:55:07 | INFO     | EVENT_HANDLING: TrainArrivedEvent -> RetrofitWorkshopContext._handle_train_arrived
20:55:07 | INFO     | EVENT_HANDLED: TrainArrivedEvent by RetrofitWorkshopContext._handle_train_arrived
20:55:07 | INFO     | t=7361.0: LOCO[LOCO_01] → TRAIN_PREP at collection (coupling + prep, 13.0 min)
20:55:07 | INFO     | EVENT_PUBLISHED: TrainArrivedEvent | train=T101 | time=7375.2
20:55:07 | INFO     | EVENT_HANDLING: TrainArrivedEvent -> RetrofitWorkshopContext._handle_train_arrived
20:55:07 | INFO     | EVENT_HANDLED: TrainArrivedEvent by RetrofitWorkshopContext._handle_train_arrived
20:55:07 | INFO     | t=7419.0: LOCO[LOCO_02] → DECOUPLING at retrofit (12.0 min)
20:55:07 | INFO     | t=7431.0: RAKE[W9534,W11953,W9237,W2853] → DECOUPLING at retrofit (3 couplings, 9.0 min)
20:55:07 | INFO     | t=7434.0: LOCO[LOCO_01] → DECOUPLING at retrofit (18.0 min)
20:55:07 | INFO     | t=7445.0: DISPATCHER → Hold override for retrofitted_to_parking (waited 144.0 min >= max 45.0 min)
20:55:07 | INFO     | t=7445.0: DISPATCHER → Assigned loco LOCO_02 to workshop_to_retrofitted (waited 125.5 min, pending=2)
20:55:07 | INFO     | t=7445.0: DISPATCHER → Hold override for retrofitted_to_parking (waited 144.0 min >= max 45.0 min)
20:55:07 | INFO     | t=7445.0: LOCO[LOCO_02] → Allocated for pickup
20:55:07 | INFO     | t=7445.0: Batch size limited by retrofit capacity: 5 wagons (92.8m) fits, 12 waiting
20:55:07 | INFO     | t=7445.0: COLLECTION → Reserving retrofit track capacity for 5 wagons
20:55:07 | INFO     | t=7445.0: COLLECTION → Capacity reserved, allocating locomotive
20:55:07 | INFO     | t=7445.0: DISPATCHER → Task submitted: collection_to_retrofit (pending=3)
20:55:07 | INFO     | t=7452.0: RAKE[W9397,W9591,W9573,W12355,W10249,W2050] → DECOUPLING at retrofit (5 couplings, 15.0 min)
20:55:07 | INFO     | t=7452.0: LOCO[LOCO_02] → TRAIN_PREP completed at WS_02 (2.0 min)
20:55:07 | INFO     | t=7457.0: BATCH → Putting 2 wagons on retrofitted track retrofitted
20:55:07 | INFO     | t=7457.0: WAGON[W6025] → Added to retrofitted track retrofitted
20:55:07 | INFO     | t=7457.0: WAGON[W0924] → Added to retrofitted track retrofitted
20:55:07 | INFO     | t=7462.0: WORKSHOP[WS_02] → Released, notifying 1 waiting processes
20:55:07 | INFO     | t=7462.0: WORKSHOP → Workshop became available
20:55:07 | INFO     | t=7462.0: WORKSHOP[WS_02] → Selected for batch
20:55:07 | INFO     | t=7462.0: DISPATCHER → Hold override for retrofitted_to_parking (waited 161.0 min >= max 45.0 min)
20:55:07 | INFO     | t=7462.0: DISPATCHER → Assigned loco LOCO_02 to workshop_to_retrofitted (waited 116.5 min, pending=2)
20:55:07 | INFO     | t=7462.0: DISPATCHER → Hold override for retrofitted_to_parking (waited 161.0 min >= max 45.0 min)
20:55:07 | INFO     | t=7462.0: WAGON[W7316] → Added to batch
20:55:07 | INFO     | t=7462.0: BATCH[W0020,W7316] → Formed 2 wagons for WS_02
20:55:07 | INFO     | t=7462.0: LOCO[LOCO_02] → Allocated for pickup
20:55:07 | INFO     | t=7462.0: TRACK[retrofit] → Removed 2 wagons (50.0m freed)
20:55:07 | INFO     | t=7462.0: DISPATCHER → Task submitted: retrofit_to_workshop (pending=3)
20:55:07 | INFO     | t=7469.0: LOCO[LOCO_02] → TRAIN_PREP completed at WS_01 (2.0 min)
20:55:07 | INFO     | t=7472.0: DISPATCHER → Hold override for retrofitted_to_parking (waited 171.0 min >= max 45.0 min)
20:55:07 | INFO     | t=7472.0: DISPATCHER → Assigned loco LOCO_01 to retrofit_to_workshop (waited 10.0 min, pending=2)
20:55:07 | INFO     | t=7472.0: DISPATCHER → Hold override for retrofitted_to_parking (waited 171.0 min >= max 45.0 min)
20:55:07 | INFO     | t=7472.0: Batch size limited by retrofit capacity: 2 wagons (39.1m) fits, 17 waiting
20:55:07 | INFO     | t=7472.0: RAKE[W0020,W7316] → COUPLING at retrofit (1 couplings, 2.0 min)
20:55:07 | INFO     | t=7472.0: COLLECTION → Reserving retrofit track capacity for 2 wagons
20:55:07 | INFO     | t=7472.0: WAGON[W9534] → Retrieved from retrofit queue
20:55:07 | INFO     | t=7472.0: WORKSHOP → No workshop available, waiting...
20:55:07 | INFO     | t=7472.0: COLLECTION → Capacity reserved, allocating locomotive
20:55:07 | INFO     | t=7472.0: DISPATCHER → Task submitted: collection_to_retrofit (pending=3)
20:55:07 | INFO     | t=7474.0: BATCH → Putting 2 wagons on retrofitted track retrofitted
20:55:07 | INFO     | t=7474.0: WAGON[W0685] → Added to retrofitted track retrofitted
20:55:07 | INFO     | t=7474.0: WAGON[W0701] → Added to retrofitted track retrofitted
20:55:07 | INFO     | t=7479.0: LOCO[LOCO_01] → COUPLING at retrofit (2.0 min)
20:55:07 | INFO     | t=7479.0: WORKSHOP[WS_01] → Released, notifying 1 waiting processes
20:55:07 | INFO     | t=7479.0: WORKSHOP → Workshop became available
20:55:07 | INFO     | t=7479.0: WORKSHOP[WS_01] → Selected for batch
20:55:07 | INFO     | t=7479.0: DISPATCHER → Hold override for retrofitted_to_parking (waited 178.0 min >= max 45.0 min)
20:55:07 | INFO     | t=7479.0: DISPATCHER → Assigned loco LOCO_02 to retrofitted_to_parking (waited 178.0 min, pending=2)
20:55:07 | INFO     | t=7479.0: WAGON[W11953] → Added to batch
20:55:07 | INFO     | t=7479.0: BATCH[W9534,W11953] → Formed 2 wagons for WS_01
20:55:07 | INFO     | t=7479.0: LOCO[LOCO_02] → Allocated for parking transport
20:55:07 | INFO     | t=7479.0: TRACK[retrofit] → Removed 2 wagons (31.6m freed)
20:55:07 | INFO     | t=7479.0: DISPATCHER → Task submitted: retrofit_to_workshop (pending=3)
20:55:07 | INFO     | t=7481.0: LOCO[LOCO_01] → SHUNTING_PREP at retrofit (1.0 min)
20:55:07 | INFO     | t=7484.0: LOCO[LOCO_02] → TRAIN_PREP at retrofitted (coupling + prep, 5.0 min)
20:55:07 | INFO     | t=7487.0: LOCO[LOCO_01] → DECOUPLING at WS_02 (3.0 min)
20:55:07 | INFO     | t=7490.0: RAKE[W0020,W7316] → DECOUPLING at WS_02 (1 couplings, 3.0 min)
20:55:07 | INFO     | t=7493.0: WAGON[W0020] → RETROFIT_STARTED at WS_02
20:55:07 | INFO     | t=7493.0: WAGON[W7316] → RETROFIT_STARTED at WS_02
20:55:07 | INFO     | t=7494.0: LOCO[LOCO_02] → DECOUPLING at parking1 (4.0 min)
20:55:07 | INFO     | t=7498.0: RAKE[W2686,W0191,W11315,W6634,W8473,W8383,W9067,W0677] → DECOUPLING at parking1 (7 couplings, 3.5 min)
20:55:07 | INFO     | t=7498.0: DISPATCHER → Assigned loco LOCO_01 to retrofit_to_workshop (waited 19.0 min, pending=2)
20:55:07 | INFO     | t=7498.0: RAKE[W9534,W11953] → COUPLING at retrofit (1 couplings, 2.0 min)
20:55:07 | INFO     | t=7498.0: WAGON[W9237] → Retrieved from retrofit queue
20:55:07 | INFO     | t=7498.0: WORKSHOP → No workshop available, waiting...
20:55:07 | INFO     | t=7505.0: LOCO[LOCO_01] → COUPLING at retrofit (2.0 min)
20:55:07 | INFO     | t=7506.5: LOCO[LOCO_02] → Releasing
20:55:07 | INFO     | t=7506.5: LOCO[LOCO_02] → Released
20:55:07 | INFO     | t=7506.5: PARKING → Got wagon W6025 from retrofitted
20:55:07 | INFO     | t=7506.5: LOCO → Allocating for parking transport
20:55:07 | INFO     | t=7506.5: DISPATCHER → Task submitted: retrofitted_to_parking (pending=3)
20:55:07 | INFO     | t=7506.5: DISPATCHER → Assigned loco LOCO_02 to retrofitted_to_parking (waited 0.0 min, pending=2)
20:55:07 | INFO     | t=7506.5: LOCO[LOCO_02] → Allocated for parking transport
20:55:07 | INFO     | t=7507.0: LOCO[LOCO_01] → SHUNTING_PREP at retrofit (1.0 min)
20:55:07 | INFO     | t=7511.5: LOCO[LOCO_02] → TRAIN_PREP at retrofitted (coupling + prep, 3.0 min)
20:55:07 | INFO     | t=7513.0: LOCO[LOCO_01] → DECOUPLING at WS_01 (3.0 min)
20:55:07 | INFO     | t=7516.0: RAKE[W9534,W11953] → DECOUPLING at WS_01 (1 couplings, 3.0 min)
20:55:07 | INFO     | t=7519.0: WAGON[W9534] → RETROFIT_STARTED at WS_01
20:55:07 | INFO     | t=7519.0: WAGON[W11953] → RETROFIT_STARTED at WS_01
20:55:07 | INFO     | t=7553.0: RAKE[W0020,W7316] → COUPLING at WS_02 (1 couplings, 0.5 min)
20:55:07 | INFO     | t=7553.5: LOCO → Allocating for pickup from WS_02
20:55:07 | INFO     | t=7553.5: DISPATCHER → Task submitted: workshop_to_retrofitted (pending=3)
20:55:07 | INFO     | t=7553.5: DISPATCHER → Assigned loco LOCO_01 to workshop_to_retrofitted (waited 0.0 min, pending=2)
20:55:07 | INFO     | t=7553.5: LOCO[LOCO_01] → Allocated for pickup
20:55:07 | INFO     | t=7560.5: LOCO[LOCO_01] → TRAIN_PREP completed at WS_02 (2.0 min)
20:55:07 | INFO     | t=7565.5: BATCH → Putting 2 wagons on retrofitted track retrofitted
20:55:07 | INFO     | t=7565.5: WAGON[W0020] → Added to retrofitted track retrofitted
20:55:07 | INFO     | t=7565.5: WAGON[W7316] → Added to retrofitted track retrofitted
20:55:07 | INFO     | t=7570.5: WORKSHOP[WS_02] → Released, notifying 1 waiting processes
20:55:07 | INFO     | t=7570.5: WORKSHOP → Workshop became available
20:55:07 | INFO     | t=7570.5: WORKSHOP[WS_02] → Selected for batch
20:55:07 | INFO     | t=7570.5: WAGON[W2853] → Added to batch
20:55:07 | INFO     | t=7570.5: BATCH[W9237,W2853] → Formed 2 wagons for WS_02
20:55:07 | INFO     | t=7570.5: TRACK[retrofit] → Removed 2 wagons (37.0m freed)
20:55:07 | INFO     | t=7570.5: DISPATCHER → Task submitted: retrofit_to_workshop (pending=3)
20:55:07 | INFO     | t=7570.5: DISPATCHER → Assigned loco LOCO_01 to retrofit_to_workshop (waited 0.0 min, pending=2)
20:55:07 | INFO     | t=7570.5: RAKE[W9237,W2853] → COUPLING at retrofit (1 couplings, 2.0 min)
20:55:07 | INFO     | t=7570.5: WAGON[W9397] → Retrieved from retrofit queue
20:55:07 | INFO     | t=7570.5: WORKSHOP → No workshop available, waiting...
20:55:07 | INFO     | t=7574.5: LOCO[LOCO_02] → DECOUPLING at parking12 (2.0 min)
20:55:07 | INFO     | t=7576.5: RAKE[W6025,W0924,W0685,W0701] → DECOUPLING at parking12 (3 couplings, 1.5 min)
20:55:07 | INFO     | t=7577.5: LOCO[LOCO_01] → COUPLING at retrofit (2.0 min)
20:55:07 | INFO     | t=7579.0: RAKE[W9534,W11953] → COUPLING at WS_01 (1 couplings, 0.5 min)
20:55:07 | INFO     | t=7579.5: LOCO[LOCO_01] → SHUNTING_PREP at retrofit (1.0 min)
20:55:07 | INFO     | t=7579.5: LOCO → Allocating for pickup from WS_01
20:55:07 | INFO     | t=7579.5: DISPATCHER → Task submitted: workshop_to_retrofitted (pending=3)
20:55:07 | INFO     | t=7585.5: LOCO[LOCO_01] → DECOUPLING at WS_02 (3.0 min)
20:55:07 | INFO     | t=7588.5: RAKE[W9237,W2853] → DECOUPLING at WS_02 (1 couplings, 3.0 min)
20:55:07 | INFO     | t=7591.5: WAGON[W9237] → RETROFIT_STARTED at WS_02
20:55:07 | INFO     | t=7591.5: WAGON[W2853] → RETROFIT_STARTED at WS_02
20:55:07 | INFO     | t=7596.5: DISPATCHER → Assigned loco LOCO_01 to workshop_to_retrofitted (waited 17.0 min, pending=2)
20:55:07 | INFO     | t=7596.5: LOCO[LOCO_01] → Allocated for pickup
20:55:07 | INFO     | t=7603.5: LOCO[LOCO_01] → TRAIN_PREP completed at WS_01 (2.0 min)
20:55:07 | INFO     | t=7608.5: BATCH → Putting 2 wagons on retrofitted track retrofitted
20:55:07 | INFO     | t=7608.5: WAGON[W9534] → Added to retrofitted track retrofitted
20:55:07 | INFO     | t=7608.5: WAGON[W11953] → Added to retrofitted track retrofitted
20:55:07 | INFO     | t=7613.5: WORKSHOP[WS_01] → Released, notifying 1 waiting processes
20:55:07 | INFO     | t=7613.5: WORKSHOP → Workshop became available
20:55:07 | INFO     | t=7613.5: WORKSHOP[WS_01] → Selected for batch
20:55:07 | INFO     | t=7613.5: DISPATCHER → Assigned loco LOCO_01 to collection_to_retrofit (waited 168.5 min, pending=1)
20:55:07 | INFO     | t=7613.5: WAGON[W9591] → Added to batch
20:55:07 | INFO     | t=7613.5: BATCH[W9397,W9591] → Formed 2 wagons for WS_01
20:55:07 | INFO     | t=7613.5: TRACK[retrofit] → Removed 2 wagons (33.4m freed)
20:55:07 | INFO     | t=7613.5: DISPATCHER → Task submitted: retrofit_to_workshop (pending=2)
20:55:07 | INFO     | t=7638.0: LOCO[LOCO_02] → Releasing
20:55:07 | INFO     | t=7638.0: LOCO[LOCO_02] → Released
20:55:07 | INFO     | t=7638.0: PARKING → Got wagon W0020 from retrofitted
20:55:07 | INFO     | t=7638.0: DISPATCHER → Assigned loco LOCO_02 to retrofit_to_workshop (waited 24.5 min, pending=1)
20:55:07 | INFO     | t=7638.0: RAKE[W9397,W9591] → COUPLING at retrofit (1 couplings, 2.0 min)
20:55:07 | INFO     | t=7638.0: WAGON[W9573] → Retrieved from retrofit queue
20:55:07 | INFO     | t=7638.0: WORKSHOP → No workshop available, waiting...
20:55:07 | INFO     | t=7638.0: LOCO → Allocating for parking transport
20:55:07 | INFO     | t=7638.0: DISPATCHER → Task submitted: retrofitted_to_parking (pending=2)
20:55:07 | INFO     | t=7645.0: LOCO[LOCO_02] → COUPLING at retrofit (2.0 min)
20:55:07 | INFO     | t=7647.0: LOCO[LOCO_02] → SHUNTING_PREP at retrofit (1.0 min)
20:55:07 | INFO     | t=7651.5: RAKE[W9237,W2853] → COUPLING at WS_02 (1 couplings, 0.5 min)
20:55:07 | INFO     | t=7652.0: LOCO → Allocating for pickup from WS_02
20:55:07 | INFO     | t=7652.0: DISPATCHER → Task submitted: workshop_to_retrofitted (pending=3)
20:55:07 | INFO     | t=7653.0: LOCO[LOCO_02] → DECOUPLING at WS_01 (3.0 min)
20:55:07 | INFO     | t=7656.0: RAKE[W9397,W9591] → DECOUPLING at WS_01 (1 couplings, 3.0 min)
20:55:07 | INFO     | t=7659.0: WAGON[W9397] → RETROFIT_STARTED at WS_01
20:55:07 | INFO     | t=7659.0: WAGON[W9591] → RETROFIT_STARTED at WS_01
20:55:07 | INFO     | t=7664.0: DISPATCHER → Assigned loco LOCO_02 to workshop_to_retrofitted (waited 12.0 min, pending=2)
20:55:07 | INFO     | t=7664.0: LOCO[LOCO_02] → Allocated for pickup
20:55:07 | INFO     | t=7671.0: LOCO[LOCO_02] → TRAIN_PREP completed at WS_02 (2.0 min)
20:55:07 | INFO     | t=7673.5: LOCO[LOCO_01] → TRAIN_PREP at collection (coupling + prep, 11.0 min)
20:55:07 | INFO     | t=7676.0: BATCH → Putting 2 wagons on retrofitted track retrofitted
20:55:07 | INFO     | t=7676.0: WAGON[W9237] → Added to retrofitted track retrofitted
20:55:07 | INFO     | t=7676.0: WAGON[W2853] → Added to retrofitted track retrofitted
20:55:07 | INFO     | t=7681.0: WORKSHOP[WS_02] → Released, notifying 1 waiting processes
20:55:07 | INFO     | t=7681.0: WORKSHOP → Workshop became available
20:55:07 | INFO     | t=7681.0: WORKSHOP[WS_02] → Selected for batch
20:55:07 | INFO     | t=7681.0: DISPATCHER → Assigned loco LOCO_02 to collection_to_retrofit (waited 209.0 min, pending=1)
20:55:07 | INFO     | t=7681.0: WAGON[W12355] → Added to batch
20:55:07 | INFO     | t=7681.0: BATCH[W9573,W12355] → Formed 2 wagons for WS_02
20:55:07 | INFO     | t=7681.0: TRACK[retrofit] → Removed 2 wagons (31.1m freed)
20:55:07 | INFO     | t=7681.0: DISPATCHER → Task submitted: retrofit_to_workshop (pending=2)
20:55:07 | INFO     | t=7719.0: RAKE[W9397,W9591] → COUPLING at WS_01 (1 couplings, 0.5 min)
20:55:07 | INFO     | t=7719.5: LOCO → Allocating for pickup from WS_01
20:55:07 | INFO     | t=7719.5: DISPATCHER → Task submitted: workshop_to_retrofitted (pending=3)
20:55:07 | INFO     | t=7741.0: LOCO[LOCO_02] → TRAIN_PREP at collection (coupling + prep, 5.0 min)
20:55:07 | INFO     | t=7744.5: LOCO[LOCO_01] → DECOUPLING at retrofit (15.0 min)
20:55:07 | INFO     | t=7759.5: RAKE[W11482,W8671,W11252,W5452,W6800] → DECOUPLING at retrofit (4 couplings, 12.0 min)
20:55:07 | INFO     | t=7776.5: DISPATCHER → Hold override for retrofitted_to_parking (waited 138.5 min >= max 45.0 min)
20:55:07 | INFO     | t=7776.5: DISPATCHER → Assigned loco LOCO_01 to workshop_to_retrofitted (waited 57.0 min, pending=2)
20:55:07 | INFO     | t=7776.5: DISPATCHER → Hold override for retrofitted_to_parking (waited 138.5 min >= max 45.0 min)
20:55:07 | INFO     | t=7776.5: LOCO[LOCO_01] → Allocated for pickup
20:55:07 | INFO     | t=7776.5: Batch size limited by retrofit capacity: 6 wagons (148.3m) fits, 6 waiting
20:55:07 | INFO     | t=7776.5: COLLECTION → Reserving retrofit track capacity for 6 wagons
20:55:07 | INFO     | t=7776.5: COLLECTION → Capacity reserved, allocating locomotive
20:55:07 | INFO     | t=7776.5: DISPATCHER → Task submitted: collection_to_retrofit (pending=3)
20:55:07 | INFO     | t=7783.5: LOCO[LOCO_01] → TRAIN_PREP completed at WS_01 (2.0 min)
20:55:07 | INFO     | t=7788.5: BATCH → Putting 2 wagons on retrofitted track retrofitted
20:55:07 | INFO     | t=7788.5: WAGON[W9397] → Added to retrofitted track retrofitted
20:55:07 | INFO     | t=7788.5: WAGON[W9591] → Added to retrofitted track retrofitted
20:55:07 | INFO     | t=7793.5: WORKSHOP[WS_01] → Released, notifying 0 waiting processes
20:55:07 | INFO     | t=7793.5: DISPATCHER → Hold override for retrofitted_to_parking (waited 155.5 min >= max 45.0 min)
20:55:07 | INFO     | t=7793.5: DISPATCHER → Assigned loco LOCO_01 to retrofit_to_workshop (waited 112.5 min, pending=2)
20:55:07 | INFO     | t=7793.5: DISPATCHER → Hold override for retrofitted_to_parking (waited 155.5 min >= max 45.0 min)
20:55:07 | INFO     | t=7793.5: RAKE[W9573,W12355] → COUPLING at retrofit (1 couplings, 2.0 min)
20:55:07 | INFO     | t=7793.5: WAGON[W10249] → Retrieved from retrofit queue
20:55:07 | INFO     | t=7793.5: WORKSHOP[WS_01] → Selected for batch
20:55:07 | INFO     | t=7793.5: WAGON[W2050] → Added to batch
20:55:07 | INFO     | t=7793.5: BATCH[W10249,W2050] → Formed 2 wagons for WS_01
20:55:07 | INFO     | t=7793.5: TRACK[retrofit] → Removed 2 wagons (39.1m freed)
20:55:07 | INFO     | t=7793.5: DISPATCHER → Task submitted: retrofit_to_workshop (pending=3)
20:55:07 | INFO     | t=7800.5: LOCO[LOCO_01] → COUPLING at retrofit (2.0 min)
20:55:07 | INFO     | t=7802.5: LOCO[LOCO_01] → SHUNTING_PREP at retrofit (1.0 min)
20:55:07 | INFO     | t=7806.0: LOCO[LOCO_02] → DECOUPLING at retrofit (6.0 min)
20:55:07 | INFO     | t=7808.5: LOCO[LOCO_01] → DECOUPLING at WS_02 (3.0 min)
20:55:07 | INFO     | t=7811.5: RAKE[W9573,W12355] → DECOUPLING at WS_02 (1 couplings, 3.0 min)
20:55:07 | INFO     | t=7812.0: RAKE[W2386,W10254] → DECOUPLING at retrofit (1 couplings, 3.0 min)
20:55:07 | INFO     | t=7814.5: WAGON[W9573] → RETROFIT_STARTED at WS_02
20:55:07 | INFO     | t=7814.5: WAGON[W12355] → RETROFIT_STARTED at WS_02
20:55:07 | INFO     | t=7819.5: DISPATCHER → Hold override for retrofitted_to_parking (waited 181.5 min >= max 45.0 min)
20:55:07 | INFO     | t=7819.5: DISPATCHER → Assigned loco LOCO_01 to retrofit_to_workshop (waited 26.0 min, pending=2)
20:55:07 | INFO     | t=7819.5: DISPATCHER → Hold override for retrofitted_to_parking (waited 181.5 min >= max 45.0 min)
20:55:07 | INFO     | t=7819.5: RAKE[W10249,W2050] → COUPLING at retrofit (1 couplings, 2.0 min)
20:55:07 | INFO     | t=7819.5: WAGON[W11482] → Retrieved from retrofit queue
20:55:07 | INFO     | t=7819.5: WORKSHOP → No workshop available, waiting...
20:55:07 | INFO     | t=7820.0: DISPATCHER → Hold override for retrofitted_to_parking (waited 182.0 min >= max 45.0 min)
20:55:07 | INFO     | t=7820.0: DISPATCHER → Assigned loco LOCO_02 to retrofitted_to_parking (waited 182.0 min, pending=1)
20:55:07 | INFO     | t=7820.0: Batch size limited by retrofit capacity: 2 wagons (33.3m) fits, 15 waiting
20:55:07 | INFO     | t=7820.0: LOCO[LOCO_02] → Allocated for parking transport
20:55:07 | INFO     | t=7820.0: COLLECTION → Reserving retrofit track capacity for 2 wagons
20:55:07 | INFO     | t=7820.0: COLLECTION → Capacity reserved, allocating locomotive
20:55:07 | INFO     | t=7820.0: DISPATCHER → Task submitted: collection_to_retrofit (pending=2)
20:55:07 | INFO     | t=7825.0: LOCO[LOCO_02] → TRAIN_PREP at retrofitted (coupling + prep, 3.0 min)
20:55:07 | INFO     | t=7826.5: LOCO[LOCO_01] → COUPLING at retrofit (2.0 min)
20:55:07 | INFO     | t=7828.5: LOCO[LOCO_01] → SHUNTING_PREP at retrofit (1.0 min)
20:55:07 | INFO     | t=7834.5: LOCO[LOCO_01] → DECOUPLING at WS_01 (3.0 min)
20:55:07 | INFO     | t=7837.5: RAKE[W10249,W2050] → DECOUPLING at WS_01 (1 couplings, 3.0 min)
20:55:07 | INFO     | t=7840.5: WAGON[W10249] → RETROFIT_STARTED at WS_01
20:55:07 | INFO     | t=7840.5: WAGON[W2050] → RETROFIT_STARTED at WS_01
20:55:07 | INFO     | t=7874.5: RAKE[W9573,W12355] → COUPLING at WS_02 (1 couplings, 0.5 min)
20:55:07 | INFO     | t=7875.0: LOCO → Allocating for pickup from WS_02
20:55:07 | INFO     | t=7875.0: DISPATCHER → Task submitted: workshop_to_retrofitted (pending=3)
20:55:07 | INFO     | t=7875.0: DISPATCHER → Assigned loco LOCO_01 to workshop_to_retrofitted (waited 0.0 min, pending=2)
20:55:07 | INFO     | t=7875.0: LOCO[LOCO_01] → Allocated for pickup
20:55:07 | INFO     | EVENT_PUBLISHED: TrainArrivedEvent | train=T102 | time=7881.5
20:55:07 | INFO     | EVENT_HANDLING: TrainArrivedEvent -> RetrofitWorkshopContext._handle_train_arrived
20:55:07 | INFO     | EVENT_HANDLED: TrainArrivedEvent by RetrofitWorkshopContext._handle_train_arrived
20:55:07 | INFO     | t=7882.0: LOCO[LOCO_01] → TRAIN_PREP completed at WS_02 (2.0 min)
20:55:07 | INFO     | t=7887.0: BATCH → Putting 2 wagons on retrofitted track retrofitted
20:55:07 | INFO     | t=7887.0: WAGON[W9573] → Added to retrofitted track retrofitted
20:55:07 | INFO     | t=7887.0: WAGON[W12355] → Added to retrofitted track retrofitted
20:55:07 | INFO     | t=7892.0: WORKSHOP[WS_02] → Released, notifying 1 waiting processes
20:55:07 | INFO     | t=7892.0: WORKSHOP → Workshop became available
20:55:07 | INFO     | t=7892.0: WORKSHOP[WS_02] → Selected for batch
20:55:07 | INFO     | t=7892.0: WAGON[W8671] → Added to batch
20:55:07 | INFO     | t=7892.0: BATCH[W11482,W8671] → Formed 2 wagons for WS_02
20:55:07 | INFO     | t=7892.0: TRACK[retrofit] → Removed 2 wagons (49.6m freed)
20:55:07 | INFO     | t=7892.0: DISPATCHER → Task submitted: retrofit_to_workshop (pending=3)
20:55:07 | INFO     | t=7892.0: DISPATCHER → Assigned loco LOCO_01 to retrofit_to_workshop (waited 0.0 min, pending=2)
20:55:07 | INFO     | t=7892.0: RAKE[W11482,W8671] → COUPLING at retrofit (1 couplings, 2.0 min)
20:55:07 | INFO     | t=7892.0: WAGON[W11252] → Retrieved from retrofit queue
20:55:07 | INFO     | t=7892.0: WORKSHOP → No workshop available, waiting...
20:55:07 | INFO     | t=7899.0: LOCO[LOCO_01] → COUPLING at retrofit (2.0 min)
20:55:07 | INFO     | t=7900.5: RAKE[W10249,W2050] → COUPLING at WS_01 (1 couplings, 0.5 min)
20:55:07 | INFO     | t=7901.0: LOCO[LOCO_01] → SHUNTING_PREP at retrofit (1.0 min)
20:55:07 | INFO     | t=7901.0: LOCO → Allocating for pickup from WS_01
20:55:07 | INFO     | t=7901.0: DISPATCHER → Task submitted: workshop_to_retrofitted (pending=3)
20:55:07 | INFO     | t=7907.0: LOCO[LOCO_01] → DECOUPLING at WS_02 (3.0 min)
20:55:07 | INFO     | t=7910.0: RAKE[W11482,W8671] → DECOUPLING at WS_02 (1 couplings, 3.0 min)
20:55:07 | INFO     | t=7913.0: WAGON[W11482] → RETROFIT_STARTED at WS_02
20:55:07 | INFO     | t=7913.0: WAGON[W8671] → RETROFIT_STARTED at WS_02
20:55:07 | INFO     | t=7918.0: DISPATCHER → Assigned loco LOCO_01 to workshop_to_retrofitted (waited 17.0 min, pending=2)
20:55:07 | INFO     | t=7918.0: LOCO[LOCO_01] → Allocated for pickup
20:55:07 | INFO     | t=7925.0: LOCO[LOCO_01] → TRAIN_PREP completed at WS_01 (2.0 min)
20:55:07 | INFO     | EVENT_PUBLISHED: TrainArrivedEvent | train=T103 | time=7926.0
20:55:07 | INFO     | EVENT_HANDLING: TrainArrivedEvent -> RetrofitWorkshopContext._handle_train_arrived
20:55:07 | INFO     | EVENT_HANDLED: TrainArrivedEvent by RetrofitWorkshopContext._handle_train_arrived
20:55:07 | INFO     | EVENT_PUBLISHED: TrainArrivedEvent | train=T104 | time=7927.8
20:55:07 | INFO     | EVENT_HANDLING: TrainArrivedEvent -> RetrofitWorkshopContext._handle_train_arrived
20:55:07 | INFO     | EVENT_HANDLED: TrainArrivedEvent by RetrofitWorkshopContext._handle_train_arrived
20:55:07 | INFO     | t=7930.0: BATCH → Putting 2 wagons on retrofitted track retrofitted
20:55:07 | INFO     | t=7930.0: WAGON[W10249] → Added to retrofitted track retrofitted
20:55:07 | INFO     | t=7930.0: WAGON[W2050] → Added to retrofitted track retrofitted
20:55:07 | INFO     | t=7935.0: WORKSHOP[WS_01] → Released, notifying 1 waiting processes
20:55:07 | INFO     | t=7935.0: WORKSHOP → Workshop became available
20:55:07 | INFO     | t=7935.0: WORKSHOP[WS_01] → Selected for batch
20:55:07 | INFO     | t=7935.0: DISPATCHER → Assigned loco LOCO_01 to collection_to_retrofit (waited 158.5 min, pending=1)
20:55:07 | INFO     | t=7935.0: WAGON[W5452] → Added to batch
20:55:07 | INFO     | t=7935.0: BATCH[W11252,W5452] → Formed 2 wagons for WS_01
20:55:07 | INFO     | t=7935.0: TRACK[retrofit] → Removed 2 wagons (29.1m freed)
20:55:07 | INFO     | t=7935.0: DISPATCHER → Task submitted: retrofit_to_workshop (pending=2)
20:55:07 | INFO     | t=7948.0: LOCO[LOCO_02] → DECOUPLING at parking16 (2.0 min)
20:55:07 | INFO     | t=7950.0: RAKE[W0020,W7316,W9534,W11953] → DECOUPLING at parking16 (3 couplings, 1.5 min)
20:55:07 | INFO     | t=7973.0: RAKE[W11482,W8671] → COUPLING at WS_02 (1 couplings, 0.5 min)
20:55:07 | INFO     | t=7973.5: LOCO → Allocating for pickup from WS_02
20:55:07 | INFO     | t=7973.5: DISPATCHER → Task submitted: workshop_to_retrofitted (pending=3)
20:55:07 | INFO     | EVENT_PUBLISHED: TrainArrivedEvent | train=T105 | time=7982.8
20:55:07 | INFO     | EVENT_HANDLING: TrainArrivedEvent -> RetrofitWorkshopContext._handle_train_arrived
20:55:07 | INFO     | EVENT_HANDLED: TrainArrivedEvent by RetrofitWorkshopContext._handle_train_arrived
20:55:07 | INFO     | t=7995.0: LOCO[LOCO_01] → TRAIN_PREP at collection (coupling + prep, 13.0 min)
20:55:07 | INFO     | t=8011.5: LOCO[LOCO_02] → Releasing
20:55:07 | INFO     | t=8011.5: LOCO[LOCO_02] → Released
20:55:07 | INFO     | t=8011.5: PARKING → Got wagon W9237 from retrofitted
20:55:07 | INFO     | t=8011.5: DISPATCHER → Assigned loco LOCO_02 to workshop_to_retrofitted (waited 38.0 min, pending=2)
20:55:07 | INFO     | t=8011.5: LOCO[LOCO_02] → Allocated for pickup
20:55:07 | INFO     | t=8011.5: LOCO → Allocating for parking transport
20:55:07 | INFO     | t=8011.5: DISPATCHER → Task submitted: retrofitted_to_parking (pending=3)
20:55:07 | INFO     | t=8018.5: LOCO[LOCO_02] → TRAIN_PREP completed at WS_02 (2.0 min)
20:55:07 | INFO     | t=8023.5: BATCH → Putting 2 wagons on retrofitted track retrofitted
20:55:07 | INFO     | t=8023.5: WAGON[W11482] → Added to retrofitted track retrofitted
20:55:07 | INFO     | t=8023.5: WAGON[W8671] → Added to retrofitted track retrofitted
20:55:07 | INFO     | t=8028.5: WORKSHOP[WS_02] → Released, notifying 0 waiting processes
20:55:07 | INFO     | t=8028.5: DISPATCHER → Assigned loco LOCO_02 to retrofit_to_workshop (waited 93.5 min, pending=2)
20:55:07 | INFO     | t=8028.5: RAKE[W11252,W5452] → COUPLING at retrofit (1 couplings, 2.0 min)
20:55:07 | INFO     | t=8028.5: WAGON[W6800] → Retrieved from retrofit queue
20:55:07 | INFO     | t=8028.5: WORKSHOP[WS_02] → Selected for batch
20:55:07 | INFO     | t=8028.5: WAGON[W2386] → Added to batch
20:55:07 | INFO     | t=8028.5: BATCH[W6800,W2386] → Formed 2 wagons for WS_02
20:55:07 | INFO     | t=8028.5: TRACK[retrofit] → Removed 2 wagons (29.8m freed)
20:55:07 | INFO     | t=8028.5: DISPATCHER → Task submitted: retrofit_to_workshop (pending=3)
20:55:07 | INFO     | t=8035.5: LOCO[LOCO_02] → COUPLING at retrofit (2.0 min)
20:55:07 | INFO     | t=8037.5: LOCO[LOCO_02] → SHUNTING_PREP at retrofit (1.0 min)
20:55:07 | INFO     | t=8043.5: LOCO[LOCO_02] → DECOUPLING at WS_01 (3.0 min)
20:55:07 | INFO     | t=8046.5: RAKE[W11252,W5452] → DECOUPLING at WS_01 (1 couplings, 3.0 min)
20:55:07 | INFO     | t=8049.5: WAGON[W11252] → RETROFIT_STARTED at WS_01
20:55:07 | INFO     | t=8049.5: WAGON[W5452] → RETROFIT_STARTED at WS_01
20:55:07 | INFO     | t=8054.5: DISPATCHER → Assigned loco LOCO_02 to retrofit_to_workshop (waited 26.0 min, pending=2)
20:55:07 | INFO     | t=8054.5: RAKE[W6800,W2386] → COUPLING at retrofit (1 couplings, 2.0 min)
20:55:07 | INFO     | t=8054.5: WAGON[W10254] → Retrieved from retrofit queue
20:55:07 | INFO     | t=8054.5: WORKSHOP → No workshop available, waiting...
20:55:07 | INFO     | t=8061.5: LOCO[LOCO_02] → COUPLING at retrofit (2.0 min)
20:55:07 | INFO     | t=8063.5: LOCO[LOCO_02] → SHUNTING_PREP at retrofit (1.0 min)
20:55:07 | INFO     | EVENT_PUBLISHED: TrainArrivedEvent | train=T106 | time=8067.0
20:55:07 | INFO     | EVENT_HANDLING: TrainArrivedEvent -> RetrofitWorkshopContext._handle_train_arrived
20:55:07 | INFO     | EVENT_HANDLED: TrainArrivedEvent by RetrofitWorkshopContext._handle_train_arrived
20:55:07 | INFO     | t=8068.0: LOCO[LOCO_01] → DECOUPLING at retrofit (18.0 min)
20:55:07 | INFO     | t=8069.5: LOCO[LOCO_02] → DECOUPLING at WS_02 (3.0 min)
20:55:07 | INFO     | t=8072.5: RAKE[W6800,W2386] → DECOUPLING at WS_02 (1 couplings, 3.0 min)
20:55:07 | INFO     | t=8075.5: WAGON[W6800] → RETROFIT_STARTED at WS_02
20:55:07 | INFO     | t=8075.5: WAGON[W2386] → RETROFIT_STARTED at WS_02
20:55:07 | INFO     | t=8080.5: DISPATCHER → Hold override for retrofitted_to_parking (waited 69.0 min >= max 45.0 min)
20:55:07 | INFO     | t=8080.5: DISPATCHER → Assigned loco LOCO_02 to collection_to_retrofit (waited 260.5 min, pending=1)
20:55:07 | INFO     | t=8080.5: DISPATCHER → Hold override for retrofitted_to_parking (waited 69.0 min >= max 45.0 min)
20:55:07 | INFO     | t=8086.0: RAKE[W8380,W8378,W9440,W9489,W2712,W12057] → DECOUPLING at retrofit (5 couplings, 15.0 min)
20:55:07 | INFO     | EVENT_PUBLISHED: TrainArrivedEvent | train=T107 | time=8087.8
20:55:07 | INFO     | EVENT_HANDLING: TrainArrivedEvent -> RetrofitWorkshopContext._handle_train_arrived
20:55:07 | INFO     | EVENT_HANDLED: TrainArrivedEvent by RetrofitWorkshopContext._handle_train_arrived
20:55:07 | INFO     | t=8106.0: DISPATCHER → Hold override for retrofitted_to_parking (waited 94.5 min >= max 45.0 min)
20:55:07 | INFO     | t=8106.0: DISPATCHER → Assigned loco LOCO_01 to retrofitted_to_parking (waited 94.5 min, pending=0)
20:55:07 | INFO     | t=8106.0: LOCO[LOCO_01] → Allocated for parking transport
20:55:07 | INFO     | t=8106.0: Batch size limited by retrofit capacity: 5 wagons (105.8m) fits, 13 waiting
20:55:07 | INFO     | t=8106.0: COLLECTION → Reserving retrofit track capacity for 5 wagons
20:55:07 | INFO     | t=8106.0: COLLECTION → Capacity reserved, allocating locomotive
20:55:07 | INFO     | t=8106.0: DISPATCHER → Task submitted: collection_to_retrofit (pending=1)
20:55:07 | INFO     | t=8109.5: RAKE[W11252,W5452] → COUPLING at WS_01 (1 couplings, 0.5 min)
20:55:07 | INFO     | t=8110.0: LOCO → Allocating for pickup from WS_01
20:55:07 | INFO     | t=8110.0: DISPATCHER → Task submitted: workshop_to_retrofitted (pending=2)
20:55:07 | INFO     | t=8111.0: LOCO[LOCO_01] → TRAIN_PREP at retrofitted (coupling + prep, 5.0 min)
20:55:07 | INFO     | EVENT_PUBLISHED: TrainArrivedEvent | train=T108 | time=8114.8
20:55:07 | INFO     | EVENT_HANDLING: TrainArrivedEvent -> RetrofitWorkshopContext._handle_train_arrived
20:55:07 | INFO     | EVENT_HANDLED: TrainArrivedEvent by RetrofitWorkshopContext._handle_train_arrived
20:55:07 | INFO     | t=8135.5: RAKE[W6800,W2386] → COUPLING at WS_02 (1 couplings, 0.5 min)
20:55:07 | INFO     | t=8136.0: LOCO → Allocating for pickup from WS_02
20:55:07 | INFO     | t=8136.0: DISPATCHER → Task submitted: workshop_to_retrofitted (pending=3)
20:55:07 | INFO     | t=8140.5: LOCO[LOCO_02] → TRAIN_PREP at collection (coupling + prep, 5.0 min)
20:55:07 | INFO     | t=8191.0: LOCO[LOCO_01] → DECOUPLING at parking14 (4.0 min)
20:55:07 | INFO     | t=8195.0: RAKE[W9237,W2853,W9397,W9591,W9573,W12355,W10249,W2050] → DECOUPLING at parking14 (7 couplings, 3.5 min)
20:55:07 | INFO     | t=8205.5: LOCO[LOCO_02] → DECOUPLING at retrofit (6.0 min)
20:55:07 | INFO     | t=8211.5: RAKE[W5282,W9940] → DECOUPLING at retrofit (1 couplings, 3.0 min)
20:55:07 | INFO     | t=8219.5: Batch size limited by retrofit capacity: 1 wagons (18.0m) fits, 18 waiting
20:55:07 | INFO     | t=8219.5: DISPATCHER → Assigned loco LOCO_02 to workshop_to_retrofitted (waited 109.5 min, pending=2)
20:55:07 | INFO     | t=8219.5: COLLECTION → Reserving retrofit track capacity for 1 wagons
20:55:07 | INFO     | t=8219.5: LOCO[LOCO_02] → Allocated for pickup
20:55:07 | INFO     | t=8226.5: LOCO[LOCO_02] → TRAIN_PREP completed at WS_01 (2.0 min)
20:55:07 | INFO     | t=8231.5: BATCH → Putting 2 wagons on retrofitted track retrofitted
20:55:07 | INFO     | t=8231.5: WAGON[W11252] → Added to retrofitted track retrofitted
20:55:07 | INFO     | t=8231.5: WAGON[W5452] → Added to retrofitted track retrofitted
20:55:07 | INFO     | t=8236.5: WORKSHOP[WS_01] → Released, notifying 1 waiting processes
20:55:07 | INFO     | t=8236.5: WORKSHOP → Workshop became available
20:55:07 | INFO     | t=8236.5: WORKSHOP[WS_01] → Selected for batch
20:55:07 | INFO     | t=8236.5: DISPATCHER → Assigned loco LOCO_02 to workshop_to_retrofitted (waited 100.5 min, pending=1)
20:55:07 | INFO     | t=8236.5: WAGON[W8380] → Added to batch
20:55:07 | INFO     | t=8236.5: BATCH[W10254,W8380] → Formed 2 wagons for WS_01
20:55:07 | INFO     | t=8236.5: LOCO[LOCO_02] → Allocated for pickup
20:55:07 | INFO     | t=8236.5: TRACK[retrofit] → Removed 2 wagons (57.5m freed)
20:55:07 | INFO     | t=8236.5: DISPATCHER → Task submitted: retrofit_to_workshop (pending=2)
20:55:07 | INFO     | t=8236.5: COLLECTION → Capacity reserved, allocating locomotive
20:55:07 | INFO     | t=8236.5: DISPATCHER → Task submitted: collection_to_retrofit (pending=3)
20:55:07 | INFO     | t=8243.5: LOCO[LOCO_02] → TRAIN_PREP completed at WS_02 (2.0 min)
20:55:07 | INFO     | EVENT_PUBLISHED: TrainArrivedEvent | train=T109 | time=8246.5
20:55:07 | INFO     | EVENT_HANDLING: TrainArrivedEvent -> RetrofitWorkshopContext._handle_train_arrived
20:55:07 | INFO     | EVENT_HANDLED: TrainArrivedEvent by RetrofitWorkshopContext._handle_train_arrived
20:55:07 | INFO     | t=8248.5: BATCH → Putting 2 wagons on retrofitted track retrofitted
20:55:07 | INFO     | t=8248.5: WAGON[W6800] → Added to retrofitted track retrofitted
20:55:07 | INFO     | t=8248.5: WAGON[W2386] → Added to retrofitted track retrofitted
20:55:07 | INFO     | t=8253.5: WORKSHOP[WS_02] → Released, notifying 0 waiting processes
20:55:07 | INFO     | t=8253.5: DISPATCHER → Assigned loco LOCO_02 to retrofit_to_workshop (waited 17.0 min, pending=2)
20:55:07 | INFO     | t=8253.5: RAKE[W10254,W8380] → COUPLING at retrofit (1 couplings, 2.0 min)
20:55:07 | INFO     | t=8253.5: WAGON[W8378] → Retrieved from retrofit queue
20:55:07 | INFO     | t=8253.5: WORKSHOP[WS_02] → Selected for batch
20:55:07 | INFO     | t=8253.5: WAGON[W9440] → Added to batch
20:55:07 | INFO     | t=8253.5: BATCH[W8378,W9440] → Formed 2 wagons for WS_02
20:55:07 | INFO     | t=8253.5: TRACK[retrofit] → Removed 2 wagons (50.6m freed)
20:55:07 | INFO     | t=8253.5: DISPATCHER → Task submitted: retrofit_to_workshop (pending=3)
20:55:07 | INFO     | t=8258.5: LOCO[LOCO_01] → Releasing
20:55:07 | INFO     | t=8258.5: LOCO[LOCO_01] → Released
20:55:07 | INFO     | t=8258.5: PARKING → Got wagon W11482 from retrofitted
20:55:07 | INFO     | t=8258.5: DISPATCHER → Assigned loco LOCO_01 to retrofit_to_workshop (waited 5.0 min, pending=2)
20:55:07 | INFO     | t=8258.5: RAKE[W8378,W9440] → COUPLING at retrofit (1 couplings, 2.0 min)
20:55:07 | INFO     | t=8258.5: WAGON[W9489] → Retrieved from retrofit queue
20:55:07 | INFO     | t=8258.5: WORKSHOP → No workshop available, waiting...
20:55:07 | INFO     | t=8258.5: LOCO → Allocating for parking transport
20:55:07 | INFO     | t=8258.5: DISPATCHER → Task submitted: retrofitted_to_parking (pending=3)
20:55:07 | INFO     | t=8260.5: LOCO[LOCO_02] → COUPLING at retrofit (2.0 min)
20:55:07 | INFO     | t=8262.5: LOCO[LOCO_02] → SHUNTING_PREP at retrofit (1.0 min)
20:55:07 | INFO     | t=8265.5: LOCO[LOCO_01] → COUPLING at retrofit (2.0 min)
20:55:07 | INFO     | t=8267.5: LOCO[LOCO_01] → SHUNTING_PREP at retrofit (1.0 min)
20:55:07 | INFO     | t=8268.5: LOCO[LOCO_02] → DECOUPLING at WS_01 (3.0 min)
20:55:07 | INFO     | EVENT_PUBLISHED: TrainArrivedEvent | train=T110 | time=8270.2
20:55:07 | INFO     | EVENT_HANDLING: TrainArrivedEvent -> RetrofitWorkshopContext._handle_train_arrived
20:55:07 | INFO     | EVENT_HANDLED: TrainArrivedEvent by RetrofitWorkshopContext._handle_train_arrived
20:55:07 | INFO     | t=8271.5: RAKE[W10254,W8380] → DECOUPLING at WS_01 (1 couplings, 3.0 min)
20:55:07 | INFO     | t=8273.5: LOCO[LOCO_01] → DECOUPLING at WS_02 (3.0 min)
20:55:07 | INFO     | t=8274.5: WAGON[W10254] → RETROFIT_STARTED at WS_01
20:55:07 | INFO     | t=8274.5: WAGON[W8380] → RETROFIT_STARTED at WS_01
20:55:07 | INFO     | EVENT_PUBLISHED: TrainArrivedEvent | train=T111 | time=8275.2
20:55:07 | INFO     | EVENT_HANDLING: TrainArrivedEvent -> RetrofitWorkshopContext._handle_train_arrived
20:55:07 | INFO     | EVENT_HANDLED: TrainArrivedEvent by RetrofitWorkshopContext._handle_train_arrived
20:55:07 | INFO     | t=8276.5: RAKE[W8378,W9440] → DECOUPLING at WS_02 (1 couplings, 3.0 min)
20:55:07 | INFO     | t=8279.5: WAGON[W8378] → RETROFIT_STARTED at WS_02
20:55:07 | INFO     | t=8279.5: WAGON[W9440] → RETROFIT_STARTED at WS_02
20:55:07 | INFO     | t=8279.5: DISPATCHER → Assigned loco LOCO_02 to collection_to_retrofit (waited 173.5 min, pending=2)
20:55:07 | INFO     | t=8284.5: DISPATCHER → Assigned loco LOCO_01 to collection_to_retrofit (waited 48.0 min, pending=1)
20:55:07 | INFO     | EVENT_PUBLISHED: TrainArrivedEvent | train=T112 | time=8329.0
20:55:07 | INFO     | EVENT_HANDLING: TrainArrivedEvent -> RetrofitWorkshopContext._handle_train_arrived
20:55:07 | INFO     | EVENT_HANDLED: TrainArrivedEvent by RetrofitWorkshopContext._handle_train_arrived
20:55:07 | INFO     | t=8334.5: RAKE[W10254,W8380] → COUPLING at WS_01 (1 couplings, 0.5 min)
20:55:07 | INFO     | t=8335.0: LOCO → Allocating for pickup from WS_01
20:55:07 | INFO     | t=8335.0: DISPATCHER → Task submitted: workshop_to_retrofitted (pending=2)
20:55:07 | INFO     | EVENT_PUBLISHED: TrainArrivedEvent | train=T113 | time=8336.0
20:55:07 | INFO     | EVENT_HANDLING: TrainArrivedEvent -> RetrofitWorkshopContext._handle_train_arrived
20:55:07 | INFO     | EVENT_HANDLED: TrainArrivedEvent by RetrofitWorkshopContext._handle_train_arrived
20:55:07 | INFO     | t=8339.5: LOCO[LOCO_02] → TRAIN_PREP at collection (coupling + prep, 11.0 min)
20:55:07 | INFO     | t=8339.5: RAKE[W8378,W9440] → COUPLING at WS_02 (1 couplings, 0.5 min)
20:55:07 | INFO     | t=8340.0: LOCO → Allocating for pickup from WS_02
20:55:07 | INFO     | t=8340.0: DISPATCHER → Task submitted: workshop_to_retrofitted (pending=3)
20:55:07 | INFO     | EVENT_PUBLISHED: TrainArrivedEvent | train=T114 | time=8341.2
20:55:07 | INFO     | EVENT_HANDLING: TrainArrivedEvent -> RetrofitWorkshopContext._handle_train_arrived
20:55:07 | INFO     | EVENT_HANDLED: TrainArrivedEvent by RetrofitWorkshopContext._handle_train_arrived
20:55:07 | INFO     | EVENT_PUBLISHED: TrainArrivedEvent | train=T115 | time=8342.0
20:55:07 | INFO     | EVENT_HANDLING: TrainArrivedEvent -> RetrofitWorkshopContext._handle_train_arrived
20:55:07 | INFO     | EVENT_HANDLED: TrainArrivedEvent by RetrofitWorkshopContext._handle_train_arrived
20:55:07 | INFO     | t=8344.5: LOCO[LOCO_01] → TRAIN_PREP at collection (coupling + prep, 3.0 min)
20:55:07 | INFO     | t=8407.5: LOCO[LOCO_01] → DECOUPLING at retrofit (3.0 min)
20:55:07 | INFO     | t=8410.5: LOCO[LOCO_02] → DECOUPLING at retrofit (15.0 min)
20:55:07 | INFO     | t=8410.5: RAKE[W9081] → DECOUPLING at retrofit (0 couplings, 0.0 min)
20:55:07 | INFO     | t=8415.5: DISPATCHER → Hold override for retrofitted_to_parking (waited 157.0 min >= max 45.0 min)
20:55:07 | INFO     | t=8415.5: DISPATCHER → Assigned loco LOCO_01 to workshop_to_retrofitted (waited 80.5 min, pending=2)
20:55:07 | INFO     | t=8415.5: DISPATCHER → Hold override for retrofitted_to_parking (waited 157.0 min >= max 45.0 min)
20:55:07 | INFO     | t=8415.5: LOCO[LOCO_01] → Allocated for pickup
20:55:07 | INFO     | t=8415.5: Batch size limited by retrofit capacity: 4 wagons (80.2m) fits, 15 waiting
20:55:07 | INFO     | t=8415.5: COLLECTION → Reserving retrofit track capacity for 4 wagons
20:55:07 | INFO     | t=8415.5: COLLECTION → Capacity reserved, allocating locomotive
20:55:07 | INFO     | t=8415.5: DISPATCHER → Task submitted: collection_to_retrofit (pending=3)
20:55:07 | INFO     | t=8422.5: LOCO[LOCO_01] → TRAIN_PREP completed at WS_01 (2.0 min)
20:55:07 | INFO     | EVENT_PUBLISHED: TrainArrivedEvent | train=T116 | time=8425.5
20:55:07 | INFO     | EVENT_HANDLING: TrainArrivedEvent -> RetrofitWorkshopContext._handle_train_arrived
20:55:07 | INFO     | EVENT_HANDLED: TrainArrivedEvent by RetrofitWorkshopContext._handle_train_arrived
20:55:07 | INFO     | t=8425.5: RAKE[W2136,W8990,W10814,W0883,W5036] → DECOUPLING at retrofit (4 couplings, 12.0 min)
20:55:07 | INFO     | t=8427.5: BATCH → Putting 2 wagons on retrofitted track retrofitted
20:55:07 | INFO     | t=8427.5: WAGON[W10254] → Added to retrofitted track retrofitted
20:55:07 | INFO     | t=8427.5: WAGON[W8380] → Added to retrofitted track retrofitted
20:55:07 | INFO     | t=8432.5: WORKSHOP[WS_01] → Released, notifying 1 waiting processes
20:55:07 | INFO     | t=8432.5: WORKSHOP → Workshop became available
20:55:07 | INFO     | t=8432.5: WORKSHOP[WS_01] → Selected for batch
20:55:07 | INFO     | t=8432.5: DISPATCHER → Hold override for retrofitted_to_parking (waited 174.0 min >= max 45.0 min)
20:55:07 | INFO     | t=8432.5: DISPATCHER → Assigned loco LOCO_01 to workshop_to_retrofitted (waited 92.5 min, pending=2)
20:55:07 | INFO     | t=8432.5: DISPATCHER → Hold override for retrofitted_to_parking (waited 174.0 min >= max 45.0 min)
20:55:07 | INFO     | t=8432.5: WAGON[W2712] → Added to batch
20:55:07 | INFO     | t=8432.5: BATCH[W9489,W2712] → Formed 2 wagons for WS_01
20:55:07 | INFO     | t=8432.5: LOCO[LOCO_01] → Allocated for pickup
20:55:07 | INFO     | t=8432.5: TRACK[retrofit] → Removed 2 wagons (40.3m freed)
20:55:07 | INFO     | t=8432.5: DISPATCHER → Task submitted: retrofit_to_workshop (pending=3)
20:55:07 | INFO     | t=8439.5: LOCO[LOCO_01] → TRAIN_PREP completed at WS_02 (2.0 min)
20:55:07 | INFO     | t=8442.5: DISPATCHER → Hold override for retrofitted_to_parking (waited 184.0 min >= max 45.0 min)
20:55:07 | INFO     | t=8442.5: DISPATCHER → Assigned loco LOCO_02 to retrofit_to_workshop (waited 10.0 min, pending=2)
20:55:07 | INFO     | t=8442.5: DISPATCHER → Hold override for retrofitted_to_parking (waited 184.0 min >= max 45.0 min)
20:55:07 | INFO     | t=8442.5: Batch size limited by retrofit capacity: 2 wagons (50.3m) fits, 15 waiting
20:55:07 | INFO     | t=8442.5: RAKE[W9489,W2712] → COUPLING at retrofit (1 couplings, 2.0 min)
20:55:07 | INFO     | t=8442.5: COLLECTION → Reserving retrofit track capacity for 2 wagons
20:55:07 | INFO     | t=8442.5: WAGON[W12057] → Retrieved from retrofit queue
20:55:07 | INFO     | t=8442.5: WORKSHOP → No workshop available, waiting...
20:55:07 | INFO     | t=8442.5: COLLECTION → Capacity reserved, allocating locomotive
20:55:07 | INFO     | t=8442.5: DISPATCHER → Task submitted: collection_to_retrofit (pending=3)
20:55:07 | INFO     | t=8444.5: BATCH → Putting 2 wagons on retrofitted track retrofitted
20:55:07 | INFO     | t=8444.5: WAGON[W8378] → Added to retrofitted track retrofitted
20:55:07 | INFO     | t=8444.5: WAGON[W9440] → Added to retrofitted track retrofitted
20:55:07 | INFO     | t=8449.5: LOCO[LOCO_02] → COUPLING at retrofit (2.0 min)
20:55:07 | INFO     | t=8449.5: WORKSHOP[WS_02] → Released, notifying 1 waiting processes
20:55:07 | INFO     | t=8449.5: WORKSHOP → Workshop became available
20:55:07 | INFO     | t=8449.5: WORKSHOP[WS_02] → Selected for batch
20:55:07 | INFO     | t=8449.5: DISPATCHER → Hold override for retrofitted_to_parking (waited 191.0 min >= max 45.0 min)
20:55:07 | INFO     | t=8449.5: DISPATCHER → Assigned loco LOCO_01 to retrofitted_to_parking (waited 191.0 min, pending=2)
20:55:07 | INFO     | t=8449.5: WAGON[W5282] → Added to batch
20:55:07 | INFO     | t=8449.5: BATCH[W12057,W5282] → Formed 2 wagons for WS_02
20:55:07 | INFO     | t=8449.5: LOCO[LOCO_01] → Allocated for parking transport
20:55:07 | INFO     | t=8449.5: TRACK[retrofit] → Removed 2 wagons (39.6m freed)
20:55:07 | INFO     | t=8449.5: DISPATCHER → Task submitted: retrofit_to_workshop (pending=3)
20:55:07 | INFO     | t=8451.5: LOCO[LOCO_02] → SHUNTING_PREP at retrofit (1.0 min)
20:55:07 | INFO     | t=8454.5: LOCO[LOCO_01] → TRAIN_PREP at retrofitted (coupling + prep, 4.0 min)
20:55:07 | INFO     | EVENT_PUBLISHED: TrainArrivedEvent | train=T117 | time=8456.5
20:55:07 | INFO     | EVENT_HANDLING: TrainArrivedEvent -> RetrofitWorkshopContext._handle_train_arrived
20:55:07 | INFO     | EVENT_HANDLED: TrainArrivedEvent by RetrofitWorkshopContext._handle_train_arrived
20:55:07 | INFO     | t=8457.5: LOCO[LOCO_02] → DECOUPLING at WS_01 (3.0 min)
20:55:07 | INFO     | t=8460.5: RAKE[W9489,W2712] → DECOUPLING at WS_01 (1 couplings, 3.0 min)
20:55:07 | INFO     | t=8463.5: WAGON[W9489] → RETROFIT_STARTED at WS_01
20:55:07 | INFO     | t=8463.5: WAGON[W2712] → RETROFIT_STARTED at WS_01
20:55:07 | INFO     | t=8468.5: DISPATCHER → Assigned loco LOCO_02 to retrofit_to_workshop (waited 19.0 min, pending=2)
20:55:07 | INFO     | t=8468.5: RAKE[W12057,W5282] → COUPLING at retrofit (1 couplings, 2.0 min)
20:55:07 | INFO     | t=8468.5: WAGON[W9940] → Retrieved from retrofit queue
20:55:07 | INFO     | t=8468.5: WORKSHOP → No workshop available, waiting...
20:55:07 | INFO     | t=8475.5: LOCO[LOCO_02] → COUPLING at retrofit (2.0 min)
20:55:07 | INFO     | t=8477.5: LOCO[LOCO_02] → SHUNTING_PREP at retrofit (1.0 min)
20:55:07 | INFO     | t=8483.5: LOCO[LOCO_02] → DECOUPLING at WS_02 (3.0 min)
20:55:07 | INFO     | t=8486.5: RAKE[W12057,W5282] → DECOUPLING at WS_02 (1 couplings, 3.0 min)
20:55:07 | INFO     | t=8489.5: WAGON[W12057] → RETROFIT_STARTED at WS_02
20:55:07 | INFO     | t=8489.5: WAGON[W5282] → RETROFIT_STARTED at WS_02
20:55:07 | INFO     | t=8494.5: DISPATCHER → Assigned loco LOCO_02 to collection_to_retrofit (waited 79.0 min, pending=1)
20:55:07 | INFO     | t=8523.5: RAKE[W9489,W2712] → COUPLING at WS_01 (1 couplings, 0.5 min)
20:55:07 | INFO     | t=8524.0: LOCO → Allocating for pickup from WS_01
20:55:07 | INFO     | t=8524.0: DISPATCHER → Task submitted: workshop_to_retrofitted (pending=2)
20:55:07 | INFO     | t=8549.5: RAKE[W12057,W5282] → COUPLING at WS_02 (1 couplings, 0.5 min)
20:55:07 | INFO     | t=8550.0: LOCO → Allocating for pickup from WS_02
20:55:07 | INFO     | t=8550.0: DISPATCHER → Task submitted: workshop_to_retrofitted (pending=3)
20:55:07 | INFO     | t=8554.5: LOCO[LOCO_02] → TRAIN_PREP at collection (coupling + prep, 9.0 min)
20:55:07 | INFO     | EVENT_PUBLISHED: TrainArrivedEvent | train=T118 | time=8572.8
20:55:07 | INFO     | EVENT_HANDLING: TrainArrivedEvent -> RetrofitWorkshopContext._handle_train_arrived
20:55:07 | INFO     | EVENT_HANDLED: TrainArrivedEvent by RetrofitWorkshopContext._handle_train_arrived
20:55:07 | INFO     | t=8578.5: LOCO[LOCO_01] → DECOUPLING at parking16 (3.0 min)
20:55:07 | INFO     | t=8581.5: RAKE[W11482,W8671,W11252,W5452,W6800,W2386] → DECOUPLING at parking16 (5 couplings, 2.5 min)
20:55:07 | INFO     | t=8623.5: LOCO[LOCO_02] → DECOUPLING at retrofit (12.0 min)
20:55:07 | INFO     | EVENT_PUBLISHED: TrainArrivedEvent | train=T119 | time=8635.2
20:55:07 | INFO     | EVENT_HANDLING: TrainArrivedEvent -> RetrofitWorkshopContext._handle_train_arrived
20:55:07 | INFO     | EVENT_HANDLED: TrainArrivedEvent by RetrofitWorkshopContext._handle_train_arrived
20:55:07 | INFO     | t=8635.5: RAKE[W12074,W7542,W2652,W12385] → DECOUPLING at retrofit (3 couplings, 9.0 min)
20:55:07 | INFO     | t=8644.0: LOCO[LOCO_01] → Releasing
20:55:07 | INFO     | t=8644.0: LOCO[LOCO_01] → Released
20:55:07 | INFO     | t=8644.0: PARKING → Got wagon W10254 from retrofitted
20:55:07 | INFO     | t=8644.0: DISPATCHER → Assigned loco LOCO_01 to workshop_to_retrofitted (waited 120.0 min, pending=2)
20:55:07 | INFO     | t=8644.0: LOCO[LOCO_01] → Allocated for pickup
20:55:07 | INFO     | t=8644.0: LOCO → Allocating for parking transport
20:55:07 | INFO     | t=8644.0: DISPATCHER → Task submitted: retrofitted_to_parking (pending=3)
20:55:07 | INFO     | t=8649.5: DISPATCHER → Assigned loco LOCO_02 to workshop_to_retrofitted (waited 99.5 min, pending=2)
20:55:07 | INFO     | t=8649.5: Batch size limited by retrofit capacity: 2 wagons (46.2m) fits, 17 waiting
20:55:07 | INFO     | t=8649.5: LOCO[LOCO_02] → Allocated for pickup
20:55:07 | INFO     | t=8649.5: COLLECTION → Reserving retrofit track capacity for 2 wagons
20:55:07 | INFO     | t=8649.5: COLLECTION → Capacity reserved, allocating locomotive
20:55:07 | INFO     | t=8649.5: DISPATCHER → Task submitted: collection_to_retrofit (pending=3)
20:55:07 | INFO     | t=8651.0: LOCO[LOCO_01] → TRAIN_PREP completed at WS_01 (2.0 min)
20:55:07 | INFO     | t=8656.0: BATCH → Putting 2 wagons on retrofitted track retrofitted
20:55:07 | INFO     | t=8656.0: WAGON[W9489] → Added to retrofitted track retrofitted
20:55:07 | INFO     | t=8656.0: WAGON[W2712] → Added to retrofitted track retrofitted
20:55:07 | INFO     | t=8656.5: LOCO[LOCO_02] → TRAIN_PREP completed at WS_02 (2.0 min)
20:55:07 | INFO     | t=8661.0: WORKSHOP[WS_01] → Released, notifying 1 waiting processes
20:55:07 | INFO     | t=8661.0: WORKSHOP → Workshop became available
20:55:07 | INFO     | t=8661.0: WORKSHOP[WS_01] → Selected for batch
20:55:07 | INFO     | t=8661.0: DISPATCHER → Assigned loco LOCO_01 to retrofitted_to_parking (waited 17.0 min, pending=2)
20:55:07 | INFO     | t=8661.0: WAGON[W9081] → Added to batch
20:55:07 | INFO     | t=8661.0: BATCH[W9940,W9081] → Formed 2 wagons for WS_01
20:55:07 | INFO     | t=8661.0: LOCO[LOCO_01] → Allocated for parking transport
20:55:07 | INFO     | t=8661.0: TRACK[retrofit] → Removed 2 wagons (34.9m freed)
20:55:07 | INFO     | t=8661.0: DISPATCHER → Task submitted: retrofit_to_workshop (pending=3)
20:55:07 | INFO     | t=8661.5: BATCH → Putting 2 wagons on retrofitted track retrofitted
20:55:07 | INFO     | t=8661.5: WAGON[W12057] → Added to retrofitted track retrofitted
20:55:07 | INFO     | t=8661.5: WAGON[W5282] → Added to retrofitted track retrofitted
20:55:07 | INFO     | t=8666.0: LOCO[LOCO_01] → TRAIN_PREP at retrofitted (coupling + prep, 3.0 min)
20:55:07 | INFO     | t=8666.5: WORKSHOP[WS_02] → Released, notifying 0 waiting processes
20:55:07 | INFO     | t=8666.5: DISPATCHER → Assigned loco LOCO_02 to retrofit_to_workshop (waited 5.5 min, pending=2)
20:55:07 | INFO     | t=8666.5: RAKE[W9940,W9081] → COUPLING at retrofit (1 couplings, 2.0 min)
20:55:07 | INFO     | t=8666.5: WAGON[W2136] → Retrieved from retrofit queue
20:55:07 | INFO     | t=8666.5: WORKSHOP[WS_02] → Selected for batch
20:55:07 | INFO     | t=8666.5: WAGON[W8990] → Added to batch
20:55:07 | INFO     | t=8666.5: BATCH[W2136,W8990] → Formed 2 wagons for WS_02
20:55:07 | INFO     | t=8666.5: TRACK[retrofit] → Removed 2 wagons (39.6m freed)
20:55:07 | INFO     | t=8666.5: DISPATCHER → Task submitted: retrofit_to_workshop (pending=3)
20:55:07 | INFO     | t=8673.5: LOCO[LOCO_02] → COUPLING at retrofit (2.0 min)
20:55:07 | INFO     | t=8675.5: LOCO[LOCO_02] → SHUNTING_PREP at retrofit (1.0 min)
20:55:07 | INFO     | t=8681.5: LOCO[LOCO_02] → DECOUPLING at WS_01 (3.0 min)
20:55:07 | INFO     | t=8684.5: RAKE[W9940,W9081] → DECOUPLING at WS_01 (1 couplings, 3.0 min)
20:55:07 | INFO     | t=8687.5: WAGON[W9940] → RETROFIT_STARTED at WS_01
20:55:07 | INFO     | t=8687.5: WAGON[W9081] → RETROFIT_STARTED at WS_01
20:55:07 | INFO     | t=8692.5: DISPATCHER → Assigned loco LOCO_02 to retrofit_to_workshop (waited 26.0 min, pending=2)
20:55:07 | INFO     | t=8692.5: RAKE[W2136,W8990] → COUPLING at retrofit (1 couplings, 2.0 min)
20:55:07 | INFO     | t=8692.5: WAGON[W10814] → Retrieved from retrofit queue
20:55:07 | INFO     | t=8692.5: WORKSHOP → No workshop available, waiting...
20:55:07 | INFO     | t=8699.5: LOCO[LOCO_02] → COUPLING at retrofit (2.0 min)
20:55:07 | INFO     | t=8701.5: LOCO[LOCO_02] → SHUNTING_PREP at retrofit (1.0 min)
20:55:07 | INFO     | t=8707.5: LOCO[LOCO_02] → DECOUPLING at WS_02 (3.0 min)
20:55:07 | INFO     | t=8710.5: RAKE[W2136,W8990] → DECOUPLING at WS_02 (1 couplings, 3.0 min)
20:55:07 | INFO     | t=8713.5: WAGON[W2136] → RETROFIT_STARTED at WS_02
20:55:07 | INFO     | t=8713.5: WAGON[W8990] → RETROFIT_STARTED at WS_02
20:55:07 | INFO     | t=8718.5: DISPATCHER → Assigned loco LOCO_02 to collection_to_retrofit (waited 276.0 min, pending=1)
20:55:07 | INFO     | t=8729.0: LOCO[LOCO_01] → DECOUPLING at parking12 (2.0 min)
20:55:07 | INFO     | t=8731.0: RAKE[W10254,W8380,W8378,W9440] → DECOUPLING at parking12 (3 couplings, 1.5 min)
20:55:07 | INFO     | t=8747.5: RAKE[W9940,W9081] → COUPLING at WS_01 (1 couplings, 0.5 min)
20:55:07 | INFO     | t=8748.0: LOCO → Allocating for pickup from WS_01
20:55:07 | INFO     | t=8748.0: DISPATCHER → Task submitted: workshop_to_retrofitted (pending=2)
20:55:07 | INFO     | t=8773.5: RAKE[W2136,W8990] → COUPLING at WS_02 (1 couplings, 0.5 min)
20:55:07 | INFO     | t=8774.0: LOCO → Allocating for pickup from WS_02
20:55:07 | INFO     | t=8774.0: DISPATCHER → Task submitted: workshop_to_retrofitted (pending=3)
20:55:07 | INFO     | t=8778.5: LOCO[LOCO_02] → TRAIN_PREP at collection (coupling + prep, 5.0 min)
20:55:07 | INFO     | t=8792.5: LOCO[LOCO_01] → Releasing
20:55:07 | INFO     | t=8792.5: LOCO[LOCO_01] → Released
20:55:07 | INFO     | t=8792.5: PARKING → Got wagon W9489 from retrofitted
20:55:07 | INFO     | t=8792.5: DISPATCHER → Assigned loco LOCO_01 to workshop_to_retrofitted (waited 44.5 min, pending=2)
20:55:07 | INFO     | t=8792.5: LOCO[LOCO_01] → Allocated for pickup
20:55:07 | INFO     | t=8792.5: LOCO → Allocating for parking transport
20:55:07 | INFO     | t=8792.5: DISPATCHER → Task submitted: retrofitted_to_parking (pending=3)
20:55:07 | INFO     | t=8799.5: LOCO[LOCO_01] → TRAIN_PREP completed at WS_01 (2.0 min)
20:55:07 | INFO     | t=8804.5: BATCH → Putting 2 wagons on retrofitted track retrofitted
20:55:07 | INFO     | t=8804.5: WAGON[W9940] → Added to retrofitted track retrofitted
20:55:07 | INFO     | t=8804.5: WAGON[W9081] → Added to retrofitted track retrofitted
20:55:07 | INFO     | t=8809.5: WORKSHOP[WS_01] → Released, notifying 1 waiting processes
20:55:07 | INFO     | t=8809.5: WORKSHOP → Workshop became available
20:55:07 | INFO     | t=8809.5: WORKSHOP[WS_01] → Selected for batch
20:55:07 | INFO     | t=8809.5: DISPATCHER → Assigned loco LOCO_01 to workshop_to_retrofitted (waited 35.5 min, pending=2)
20:55:07 | INFO     | t=8809.5: WAGON[W0883] → Added to batch
20:55:07 | INFO     | t=8809.5: BATCH[W10814,W0883] → Formed 2 wagons for WS_01
20:55:07 | INFO     | t=8809.5: LOCO[LOCO_01] → Allocated for pickup
20:55:07 | INFO     | t=8809.5: TRACK[retrofit] → Removed 2 wagons (45.4m freed)
20:55:07 | INFO     | t=8809.5: DISPATCHER → Task submitted: retrofit_to_workshop (pending=3)
20:55:07 | INFO     | t=8816.5: LOCO[LOCO_01] → TRAIN_PREP completed at WS_02 (2.0 min)
20:55:07 | INFO     | t=8821.5: BATCH → Putting 2 wagons on retrofitted track retrofitted
20:55:07 | INFO     | t=8821.5: WAGON[W2136] → Added to retrofitted track retrofitted
20:55:07 | INFO     | t=8821.5: WAGON[W8990] → Added to retrofitted track retrofitted
20:55:07 | INFO     | t=8826.5: WORKSHOP[WS_02] → Released, notifying 0 waiting processes
20:55:07 | INFO     | t=8826.5: DISPATCHER → Assigned loco LOCO_01 to retrofit_to_workshop (waited 17.0 min, pending=2)
20:55:07 | INFO     | t=8826.5: RAKE[W10814,W0883] → COUPLING at retrofit (1 couplings, 2.0 min)
20:55:07 | INFO     | t=8826.5: WAGON[W5036] → Retrieved from retrofit queue
20:55:07 | INFO     | t=8826.5: WORKSHOP[WS_02] → Selected for batch
20:55:07 | INFO     | t=8826.5: WAGON[W12074] → Added to batch
20:55:07 | INFO     | t=8826.5: BATCH[W5036,W12074] → Formed 2 wagons for WS_02
20:55:07 | INFO     | t=8826.5: TRACK[retrofit] → Removed 2 wagons (44.1m freed)
20:55:07 | INFO     | t=8826.5: DISPATCHER → Task submitted: retrofit_to_workshop (pending=3)
20:55:07 | INFO     | t=8833.5: LOCO[LOCO_01] → COUPLING at retrofit (2.0 min)
20:55:07 | INFO     | t=8835.5: LOCO[LOCO_01] → SHUNTING_PREP at retrofit (1.0 min)
20:55:07 | INFO     | t=8841.5: LOCO[LOCO_01] → DECOUPLING at WS_01 (3.0 min)
20:55:07 | INFO     | t=8843.5: LOCO[LOCO_02] → DECOUPLING at retrofit (6.0 min)
20:55:07 | INFO     | t=8844.5: RAKE[W10814,W0883] → DECOUPLING at WS_01 (1 couplings, 3.0 min)
20:55:07 | INFO     | t=8847.5: WAGON[W10814] → RETROFIT_STARTED at WS_01
20:55:07 | INFO     | t=8847.5: WAGON[W0883] → RETROFIT_STARTED at WS_01
20:55:07 | INFO     | t=8849.5: RAKE[W2831,W0948] → DECOUPLING at retrofit (1 couplings, 3.0 min)
20:55:07 | INFO     | t=8852.5: DISPATCHER → Hold override for retrofitted_to_parking (waited 60.0 min >= max 45.0 min)
20:55:07 | INFO     | t=8852.5: DISPATCHER → Assigned loco LOCO_01 to retrofit_to_workshop (waited 26.0 min, pending=2)
20:55:07 | INFO     | t=8852.5: RAKE[W5036,W12074] → COUPLING at retrofit (1 couplings, 2.0 min)
20:55:07 | INFO     | t=8852.5: WAGON[W7542] → Retrieved from retrofit queue
20:55:07 | INFO     | t=8852.5: WORKSHOP → No workshop available, waiting...
20:55:07 | INFO     | t=8857.5: DISPATCHER → Hold override for retrofitted_to_parking (waited 65.0 min >= max 45.0 min)
20:55:07 | INFO     | t=8857.5: DISPATCHER → Assigned loco LOCO_02 to collection_to_retrofit (waited 208.0 min, pending=1)
20:55:07 | INFO     | t=8857.5: DISPATCHER → Hold override for retrofitted_to_parking (waited 65.0 min >= max 45.0 min)
20:55:07 | INFO     | t=8857.5: Batch size limited by retrofit capacity: 7 wagons (149.0m) fits, 11 waiting
20:55:07 | INFO     | t=8857.5: COLLECTION → Reserving retrofit track capacity for 7 wagons
20:55:07 | INFO     | t=8857.5: COLLECTION → Capacity reserved, allocating locomotive
20:55:07 | INFO     | t=8857.5: DISPATCHER → Task submitted: collection_to_retrofit (pending=2)
20:55:07 | INFO     | t=8859.5: LOCO[LOCO_01] → COUPLING at retrofit (2.0 min)
20:55:07 | INFO     | t=8861.5: LOCO[LOCO_01] → SHUNTING_PREP at retrofit (1.0 min)
20:55:07 | INFO     | t=8867.5: LOCO[LOCO_01] → DECOUPLING at WS_02 (3.0 min)
20:55:07 | INFO     | t=8870.5: RAKE[W5036,W12074] → DECOUPLING at WS_02 (1 couplings, 3.0 min)
20:55:07 | INFO     | t=8873.5: WAGON[W5036] → RETROFIT_STARTED at WS_02
20:55:07 | INFO     | t=8873.5: WAGON[W12074] → RETROFIT_STARTED at WS_02
20:55:07 | INFO     | t=8878.5: DISPATCHER → Hold override for retrofitted_to_parking (waited 86.0 min >= max 45.0 min)
20:55:07 | INFO     | t=8878.5: DISPATCHER → Assigned loco LOCO_01 to retrofitted_to_parking (waited 86.0 min, pending=1)
20:55:07 | INFO     | t=8878.5: LOCO[LOCO_01] → Allocated for parking transport
20:55:07 | INFO     | t=8883.5: LOCO[LOCO_01] → TRAIN_PREP at retrofitted (coupling + prep, 3.0 min)
20:55:07 | INFO     | t=8907.5: RAKE[W10814,W0883] → COUPLING at WS_01 (1 couplings, 0.5 min)
20:55:07 | INFO     | t=8908.0: LOCO → Allocating for pickup from WS_01
20:55:07 | INFO     | t=8908.0: DISPATCHER → Task submitted: workshop_to_retrofitted (pending=2)
20:55:07 | INFO     | t=8917.5: LOCO[LOCO_02] → TRAIN_PREP at collection (coupling + prep, 5.0 min)
20:55:07 | INFO     | t=8933.5: RAKE[W5036,W12074] → COUPLING at WS_02 (1 couplings, 0.5 min)
20:55:07 | INFO     | t=8934.0: LOCO → Allocating for pickup from WS_02
20:55:07 | INFO     | t=8934.0: DISPATCHER → Task submitted: workshop_to_retrofitted (pending=3)
20:55:07 | INFO     | t=8946.5: LOCO[LOCO_01] → DECOUPLING at parking10 (2.0 min)
20:55:07 | INFO     | t=8948.5: RAKE[W9489,W2712,W12057,W5282] → DECOUPLING at parking10 (3 couplings, 1.5 min)
20:55:07 | INFO     | t=8982.5: LOCO[LOCO_02] → DECOUPLING at retrofit (6.0 min)
20:55:07 | INFO     | t=8988.5: RAKE[W11539,W4532] → DECOUPLING at retrofit (1 couplings, 3.0 min)
20:55:07 | INFO     | t=8996.5: Batch size limited by retrofit capacity: 1 wagons (23.2m) fits, 16 waiting
20:55:07 | INFO     | t=8996.5: DISPATCHER → Assigned loco LOCO_02 to workshop_to_retrofitted (waited 88.5 min, pending=2)
20:55:07 | INFO     | t=8996.5: COLLECTION → Reserving retrofit track capacity for 1 wagons
20:55:07 | INFO     | t=8996.5: LOCO[LOCO_02] → Allocated for pickup
20:55:07 | INFO     | t=9003.5: LOCO[LOCO_02] → TRAIN_PREP completed at WS_01 (2.0 min)
20:55:07 | INFO     | t=9008.5: BATCH → Putting 2 wagons on retrofitted track retrofitted
20:55:07 | INFO     | t=9008.5: WAGON[W10814] → Added to retrofitted track retrofitted
20:55:07 | INFO     | t=9008.5: WAGON[W0883] → Added to retrofitted track retrofitted
20:55:07 | INFO     | t=9010.0: LOCO[LOCO_01] → Releasing
20:55:07 | INFO     | t=9010.0: LOCO[LOCO_01] → Released
20:55:07 | INFO     | t=9010.0: PARKING → Got wagon W9940 from retrofitted
20:55:07 | INFO     | t=9010.0: DISPATCHER → Assigned loco LOCO_01 to workshop_to_retrofitted (waited 76.0 min, pending=1)
20:55:07 | INFO     | t=9010.0: LOCO[LOCO_01] → Allocated for pickup
20:55:07 | INFO     | t=9010.0: LOCO → Allocating for parking transport
20:55:07 | INFO     | t=9010.0: DISPATCHER → Task submitted: retrofitted_to_parking (pending=2)
20:55:07 | INFO     | t=9013.5: WORKSHOP[WS_01] → Released, notifying 1 waiting processes
20:55:07 | INFO     | t=9013.5: WORKSHOP → Workshop became available
20:55:07 | INFO     | t=9013.5: WORKSHOP[WS_01] → Selected for batch
20:55:07 | INFO     | t=9013.5: DISPATCHER → Assigned loco LOCO_02 to retrofitted_to_parking (waited 3.5 min, pending=1)
20:55:07 | INFO     | t=9013.5: WAGON[W2652] → Added to batch
20:55:07 | INFO     | t=9013.5: BATCH[W7542,W2652] → Formed 2 wagons for WS_01
20:55:07 | INFO     | t=9013.5: LOCO[LOCO_02] → Allocated for parking transport
20:55:07 | INFO     | t=9013.5: TRACK[retrofit] → Removed 2 wagons (38.1m freed)
20:55:07 | INFO     | t=9013.5: DISPATCHER → Task submitted: retrofit_to_workshop (pending=2)
20:55:07 | INFO     | t=9013.5: COLLECTION → Capacity reserved, allocating locomotive
20:55:07 | INFO     | t=9013.5: DISPATCHER → Task submitted: collection_to_retrofit (pending=3)
20:55:07 | INFO     | t=9017.0: LOCO[LOCO_01] → TRAIN_PREP completed at WS_02 (2.0 min)
20:55:07 | INFO     | t=9018.5: LOCO[LOCO_02] → TRAIN_PREP at retrofitted (coupling + prep, 4.0 min)
20:55:07 | INFO     | t=9022.0: BATCH → Putting 2 wagons on retrofitted track retrofitted
20:55:07 | INFO     | t=9022.0: WAGON[W5036] → Added to retrofitted track retrofitted
20:55:07 | INFO     | t=9022.0: WAGON[W12074] → Added to retrofitted track retrofitted
20:55:07 | INFO     | t=9027.0: WORKSHOP[WS_02] → Released, notifying 0 waiting processes
20:55:07 | INFO     | t=9027.0: DISPATCHER → Assigned loco LOCO_01 to retrofit_to_workshop (waited 13.5 min, pending=2)
20:55:07 | INFO     | t=9027.0: RAKE[W7542,W2652] → COUPLING at retrofit (1 couplings, 2.0 min)
20:55:07 | INFO     | t=9027.0: WAGON[W12385] → Retrieved from retrofit queue
20:55:07 | INFO     | t=9027.0: WORKSHOP[WS_02] → Selected for batch
20:55:07 | INFO     | t=9027.0: WAGON[W2831] → Added to batch
20:55:07 | INFO     | t=9027.0: BATCH[W12385,W2831] → Formed 2 wagons for WS_02
20:55:07 | INFO     | t=9027.0: TRACK[retrofit] → Removed 2 wagons (42.2m freed)
20:55:07 | INFO     | t=9027.0: DISPATCHER → Task submitted: retrofit_to_workshop (pending=3)
20:55:07 | INFO     | t=9027.5: LOCO[LOCO_02] → DECOUPLING at parking9 (3.0 min)
20:55:07 | INFO     | t=9030.5: RAKE[W9940,W9081,W2136,W8990,W10814,W0883] → DECOUPLING at parking9 (5 couplings, 2.5 min)
20:55:07 | INFO     | t=9034.0: LOCO[LOCO_01] → COUPLING at retrofit (2.0 min)
20:55:07 | INFO     | t=9036.0: LOCO[LOCO_01] → SHUNTING_PREP at retrofit (1.0 min)
20:55:07 | INFO     | t=9038.0: LOCO[LOCO_02] → Releasing
20:55:07 | INFO     | t=9038.0: LOCO[LOCO_02] → Released
20:55:07 | INFO     | t=9038.0: PARKING → Got wagon W5036 from retrofitted
20:55:07 | INFO     | t=9038.0: DISPATCHER → Assigned loco LOCO_02 to retrofit_to_workshop (waited 11.0 min, pending=2)
20:55:07 | INFO     | t=9038.0: LOCO → Allocating for parking transport
20:55:07 | INFO     | t=9038.0: DISPATCHER → Task submitted: retrofitted_to_parking (pending=3)
20:55:07 | INFO     | t=9038.0: RAKE[W12385,W2831] → COUPLING at retrofit (1 couplings, 2.0 min)
20:55:07 | INFO     | t=9038.0: WAGON[W0948] → Retrieved from retrofit queue
20:55:07 | INFO     | t=9038.0: WORKSHOP → No workshop available, waiting...
20:55:07 | INFO     | t=9042.0: LOCO[LOCO_01] → DECOUPLING at WS_01 (3.0 min)
20:55:07 | INFO     | t=9045.0: LOCO[LOCO_02] → COUPLING at retrofit (2.0 min)
20:55:07 | INFO     | t=9045.0: RAKE[W7542,W2652] → DECOUPLING at WS_01 (1 couplings, 3.0 min)
20:55:07 | INFO     | t=9047.0: LOCO[LOCO_02] → SHUNTING_PREP at retrofit (1.0 min)
20:55:07 | INFO     | t=9048.0: WAGON[W7542] → RETROFIT_STARTED at WS_01
20:55:07 | INFO     | t=9048.0: WAGON[W2652] → RETROFIT_STARTED at WS_01
20:55:07 | INFO     | t=9053.0: LOCO[LOCO_02] → DECOUPLING at WS_02 (3.0 min)
20:55:07 | INFO     | t=9053.0: DISPATCHER → Assigned loco LOCO_01 to collection_to_retrofit (waited 195.5 min, pending=2)
20:55:07 | INFO     | t=9056.0: RAKE[W12385,W2831] → DECOUPLING at WS_02 (1 couplings, 3.0 min)
20:55:07 | INFO     | t=9059.0: WAGON[W12385] → RETROFIT_STARTED at WS_02
20:55:07 | INFO     | t=9059.0: WAGON[W2831] → RETROFIT_STARTED at WS_02
20:55:07 | INFO     | t=9064.0: DISPATCHER → Assigned loco LOCO_02 to collection_to_retrofit (waited 50.5 min, pending=1)
20:55:07 | INFO     | t=9084.0: DISPATCHER → Hold override for retrofitted_to_parking (waited 46.0 min >= max 45.0 min)
20:55:07 | INFO     | EVENT_PUBLISHED: TrainArrivedEvent | train=T120 | time=9084.2
20:55:07 | INFO     | EVENT_HANDLING: TrainArrivedEvent -> RetrofitWorkshopContext._handle_train_arrived
20:55:07 | INFO     | EVENT_HANDLED: TrainArrivedEvent by RetrofitWorkshopContext._handle_train_arrived
20:55:07 | INFO     | t=9108.0: RAKE[W7542,W2652] → COUPLING at WS_01 (1 couplings, 0.5 min)
20:55:07 | INFO     | t=9108.5: LOCO → Allocating for pickup from WS_01
20:55:07 | INFO     | t=9108.5: DISPATCHER → Task submitted: workshop_to_retrofitted (pending=2)
20:55:07 | INFO     | t=9113.0: LOCO[LOCO_01] → TRAIN_PREP at collection (coupling + prep, 15.0 min)
20:55:07 | INFO     | t=9119.0: RAKE[W12385,W2831] → COUPLING at WS_02 (1 couplings, 0.5 min)
20:55:07 | INFO     | t=9119.5: LOCO → Allocating for pickup from WS_02
20:55:07 | INFO     | t=9119.5: DISPATCHER → Task submitted: workshop_to_retrofitted (pending=3)
20:55:07 | INFO     | t=9124.0: LOCO[LOCO_02] → TRAIN_PREP at collection (coupling + prep, 3.0 min)
20:55:07 | INFO     | EVENT_PUBLISHED: TrainArrivedEvent | train=T121 | time=9185.2
20:55:07 | INFO     | EVENT_HANDLING: TrainArrivedEvent -> RetrofitWorkshopContext._handle_train_arrived
20:55:07 | INFO     | EVENT_HANDLED: TrainArrivedEvent by RetrofitWorkshopContext._handle_train_arrived
20:55:07 | INFO     | t=9187.0: LOCO[LOCO_02] → DECOUPLING at retrofit (3.0 min)
20:55:07 | INFO     | t=9188.0: LOCO[LOCO_01] → DECOUPLING at retrofit (21.0 min)
20:55:07 | INFO     | t=9190.0: RAKE[W8676] → DECOUPLING at retrofit (0 couplings, 0.0 min)
20:55:07 | INFO     | t=9195.0: DISPATCHER → Hold override for retrofitted_to_parking (waited 157.0 min >= max 45.0 min)
20:55:07 | INFO     | t=9195.0: DISPATCHER → Assigned loco LOCO_02 to workshop_to_retrofitted (waited 86.5 min, pending=2)
20:55:07 | INFO     | t=9195.0: DISPATCHER → Hold override for retrofitted_to_parking (waited 157.0 min >= max 45.0 min)
20:55:07 | INFO     | t=9195.0: LOCO[LOCO_02] → Allocated for pickup
20:55:07 | INFO     | t=9195.0: Batch size limited by retrofit capacity: 4 wagons (70.2m) fits, 17 waiting
20:55:07 | INFO     | t=9195.0: COLLECTION → Reserving retrofit track capacity for 4 wagons
20:55:07 | INFO     | t=9195.0: COLLECTION → Capacity reserved, allocating locomotive
20:55:07 | INFO     | t=9195.0: DISPATCHER → Task submitted: collection_to_retrofit (pending=3)
20:55:07 | INFO     | t=9202.0: LOCO[LOCO_02] → TRAIN_PREP completed at WS_01 (2.0 min)
20:55:07 | INFO     | t=9207.0: BATCH → Putting 2 wagons on retrofitted track retrofitted
20:55:07 | INFO     | t=9207.0: WAGON[W7542] → Added to retrofitted track retrofitted
20:55:07 | INFO     | t=9207.0: WAGON[W2652] → Added to retrofitted track retrofitted
20:55:07 | INFO     | t=9209.0: RAKE[W0680,W11195,W0367,W0411,W4337,W2166,W11847] → DECOUPLING at retrofit (6 couplings, 18.0 min)
20:55:07 | INFO     | t=9212.0: WORKSHOP[WS_01] → Released, notifying 1 waiting processes
20:55:07 | INFO     | t=9212.0: WORKSHOP → Workshop became available
20:55:07 | INFO     | t=9212.0: WORKSHOP[WS_01] → Selected for batch
20:55:07 | INFO     | t=9212.0: DISPATCHER → Hold override for retrofitted_to_parking (waited 174.0 min >= max 45.0 min)
20:55:07 | INFO     | t=9212.0: DISPATCHER → Assigned loco LOCO_02 to workshop_to_retrofitted (waited 92.5 min, pending=2)
20:55:07 | INFO     | t=9212.0: DISPATCHER → Hold override for retrofitted_to_parking (waited 174.0 min >= max 45.0 min)
20:55:07 | INFO     | t=9212.0: WAGON[W11539] → Added to batch
20:55:07 | INFO     | t=9212.0: BATCH[W0948,W11539] → Formed 2 wagons for WS_01
20:55:07 | INFO     | t=9212.0: LOCO[LOCO_02] → Allocated for pickup
20:55:07 | INFO     | t=9212.0: TRACK[retrofit] → Removed 2 wagons (53.4m freed)
20:55:07 | INFO     | t=9212.0: DISPATCHER → Task submitted: retrofit_to_workshop (pending=3)
20:55:07 | INFO     | t=9219.0: LOCO[LOCO_02] → TRAIN_PREP completed at WS_02 (2.0 min)
20:55:07 | INFO     | t=9224.0: BATCH → Putting 2 wagons on retrofitted track retrofitted
20:55:07 | INFO     | t=9224.0: WAGON[W12385] → Added to retrofitted track retrofitted
20:55:07 | INFO     | t=9224.0: WAGON[W2831] → Added to retrofitted track retrofitted
20:55:07 | INFO     | t=9229.0: WORKSHOP[WS_02] → Released, notifying 0 waiting processes
20:55:07 | INFO     | t=9229.0: DISPATCHER → Hold override for retrofitted_to_parking (waited 191.0 min >= max 45.0 min)
20:55:07 | INFO     | t=9229.0: DISPATCHER → Assigned loco LOCO_02 to retrofit_to_workshop (waited 17.0 min, pending=2)
20:55:07 | INFO     | t=9229.0: DISPATCHER → Hold override for retrofitted_to_parking (waited 191.0 min >= max 45.0 min)
20:55:07 | INFO     | t=9229.0: RAKE[W0948,W11539] → COUPLING at retrofit (1 couplings, 2.0 min)
20:55:07 | INFO     | t=9229.0: WAGON[W4532] → Retrieved from retrofit queue
20:55:07 | INFO     | t=9229.0: WORKSHOP[WS_02] → Selected for batch
20:55:07 | INFO     | t=9229.0: WAGON[W8676] → Added to batch
20:55:07 | INFO     | t=9229.0: BATCH[W4532,W8676] → Formed 2 wagons for WS_02
20:55:07 | INFO     | t=9229.0: TRACK[retrofit] → Removed 2 wagons (43.1m freed)
20:55:07 | INFO     | t=9229.0: DISPATCHER → Task submitted: retrofit_to_workshop (pending=3)
20:55:07 | INFO     | t=9232.0: DISPATCHER → Hold override for retrofitted_to_parking (waited 194.0 min >= max 45.0 min)
20:55:07 | INFO     | t=9232.0: DISPATCHER → Assigned loco LOCO_01 to retrofit_to_workshop (waited 3.0 min, pending=2)
20:55:07 | INFO     | t=9232.0: DISPATCHER → Hold override for retrofitted_to_parking (waited 194.0 min >= max 45.0 min)
20:55:07 | INFO     | t=9232.0: RAKE[W4532,W8676] → COUPLING at retrofit (1 couplings, 2.0 min)
20:55:07 | INFO     | t=9232.0: WAGON[W0680] → Retrieved from retrofit queue
20:55:07 | INFO     | t=9232.0: WORKSHOP → No workshop available, waiting...
20:55:07 | INFO     | t=9232.0: Batch size limited by retrofit capacity: 5 wagons (89.8m) fits, 13 waiting
20:55:07 | INFO     | t=9232.0: COLLECTION → Reserving retrofit track capacity for 5 wagons
20:55:07 | INFO     | t=9232.0: COLLECTION → Capacity reserved, allocating locomotive
20:55:07 | INFO     | t=9232.0: DISPATCHER → Task submitted: collection_to_retrofit (pending=3)
20:55:07 | INFO     | t=9236.0: LOCO[LOCO_02] → COUPLING at retrofit (2.0 min)
20:55:07 | INFO     | t=9238.0: LOCO[LOCO_02] → SHUNTING_PREP at retrofit (1.0 min)
20:55:07 | INFO     | t=9239.0: LOCO[LOCO_01] → COUPLING at retrofit (2.0 min)
20:55:07 | INFO     | t=9241.0: LOCO[LOCO_01] → SHUNTING_PREP at retrofit (1.0 min)
20:55:07 | INFO     | t=9244.0: LOCO[LOCO_02] → DECOUPLING at WS_01 (3.0 min)
20:55:07 | INFO     | t=9247.0: LOCO[LOCO_01] → DECOUPLING at WS_02 (3.0 min)
20:55:07 | INFO     | t=9247.0: RAKE[W0948,W11539] → DECOUPLING at WS_01 (1 couplings, 3.0 min)
20:55:07 | INFO     | t=9250.0: RAKE[W4532,W8676] → DECOUPLING at WS_02 (1 couplings, 3.0 min)
20:55:07 | INFO     | t=9250.0: WAGON[W0948] → RETROFIT_STARTED at WS_01
20:55:07 | INFO     | t=9250.0: WAGON[W11539] → RETROFIT_STARTED at WS_01
20:55:07 | INFO     | t=9253.0: WAGON[W4532] → RETROFIT_STARTED at WS_02
20:55:07 | INFO     | t=9253.0: WAGON[W8676] → RETROFIT_STARTED at WS_02
20:55:07 | INFO     | t=9255.0: DISPATCHER → Hold override for retrofitted_to_parking (waited 217.0 min >= max 45.0 min)
20:55:07 | INFO     | t=9255.0: DISPATCHER → Assigned loco LOCO_02 to retrofitted_to_parking (waited 217.0 min, pending=2)
20:55:07 | INFO     | t=9255.0: LOCO[LOCO_02] → Allocated for parking transport
20:55:07 | INFO     | t=9260.0: LOCO[LOCO_02] → TRAIN_PREP at retrofitted (coupling + prep, 2.0 min)
20:55:07 | INFO     | EVENT_PUBLISHED: TrainArrivedEvent | train=T122 | time=9300.5
20:55:07 | INFO     | EVENT_HANDLING: TrainArrivedEvent -> RetrofitWorkshopContext._handle_train_arrived
20:55:07 | INFO     | EVENT_HANDLED: TrainArrivedEvent by RetrofitWorkshopContext._handle_train_arrived
20:55:07 | INFO     | t=9310.0: RAKE[W0948,W11539] → COUPLING at WS_01 (1 couplings, 0.5 min)
20:55:07 | INFO     | t=9310.5: LOCO → Allocating for pickup from WS_01
20:55:07 | INFO     | t=9310.5: DISPATCHER → Task submitted: workshop_to_retrofitted (pending=3)
20:55:07 | INFO     | t=9310.5: DISPATCHER → Assigned loco LOCO_01 to workshop_to_retrofitted (waited 0.0 min, pending=2)
20:55:07 | INFO     | t=9310.5: LOCO[LOCO_01] → Allocated for pickup
20:55:07 | INFO     | t=9313.0: RAKE[W4532,W8676] → COUPLING at WS_02 (1 couplings, 0.5 min)
20:55:07 | INFO     | t=9313.5: LOCO → Allocating for pickup from WS_02
20:55:07 | INFO     | t=9313.5: DISPATCHER → Task submitted: workshop_to_retrofitted (pending=3)
20:55:07 | INFO     | t=9317.5: LOCO[LOCO_01] → TRAIN_PREP completed at WS_01 (2.0 min)
20:55:07 | INFO     | t=9322.0: LOCO[LOCO_02] → DECOUPLING at parking11 (1.0 min)
20:55:07 | INFO     | t=9322.5: BATCH → Putting 2 wagons on retrofitted track retrofitted
20:55:07 | INFO     | t=9322.5: WAGON[W0948] → Added to retrofitted track retrofitted
20:55:07 | INFO     | t=9322.5: WAGON[W11539] → Added to retrofitted track retrofitted
20:55:07 | INFO     | t=9323.0: RAKE[W5036,W12074] → DECOUPLING at parking11 (1 couplings, 0.5 min)
20:55:07 | INFO     | t=9327.5: WORKSHOP[WS_01] → Released, notifying 1 waiting processes
20:55:07 | INFO     | t=9327.5: WORKSHOP → Workshop became available
20:55:07 | INFO     | t=9327.5: WORKSHOP[WS_01] → Selected for batch
20:55:07 | INFO     | t=9327.5: DISPATCHER → Assigned loco LOCO_01 to workshop_to_retrofitted (waited 14.0 min, pending=2)
20:55:07 | INFO     | t=9327.5: WAGON[W11195] → Added to batch
20:55:07 | INFO     | t=9327.5: BATCH[W0680,W11195] → Formed 2 wagons for WS_01
20:55:07 | INFO     | t=9327.5: LOCO[LOCO_01] → Allocated for pickup
20:55:07 | INFO     | t=9327.5: TRACK[retrofit] → Removed 2 wagons (62.5m freed)
20:55:07 | INFO     | t=9327.5: DISPATCHER → Task submitted: retrofit_to_workshop (pending=3)
20:55:07 | INFO     | t=9334.5: LOCO[LOCO_01] → TRAIN_PREP completed at WS_02 (2.0 min)
20:55:07 | INFO     | EVENT_PUBLISHED: TrainArrivedEvent | train=T123 | time=9337.2
20:55:07 | INFO     | EVENT_HANDLING: TrainArrivedEvent -> RetrofitWorkshopContext._handle_train_arrived
20:55:07 | INFO     | EVENT_HANDLED: TrainArrivedEvent by RetrofitWorkshopContext._handle_train_arrived
20:55:07 | INFO     | t=9339.5: BATCH → Putting 2 wagons on retrofitted track retrofitted
20:55:07 | INFO     | t=9339.5: WAGON[W4532] → Added to retrofitted track retrofitted
20:55:07 | INFO     | t=9339.5: WAGON[W8676] → Added to retrofitted track retrofitted
20:55:07 | INFO     | t=9344.5: WORKSHOP[WS_02] → Released, notifying 0 waiting processes
20:55:07 | INFO     | t=9344.5: DISPATCHER → Assigned loco LOCO_01 to retrofit_to_workshop (waited 17.0 min, pending=2)
20:55:07 | INFO     | t=9344.5: RAKE[W0680,W11195] → COUPLING at retrofit (1 couplings, 2.0 min)
20:55:07 | INFO     | t=9344.5: WAGON[W0367] → Retrieved from retrofit queue
20:55:07 | INFO     | t=9344.5: WORKSHOP[WS_02] → Selected for batch
20:55:07 | INFO     | t=9344.5: WAGON[W0411] → Added to batch
20:55:07 | INFO     | t=9344.5: BATCH[W0367,W0411] → Formed 2 wagons for WS_02
20:55:07 | INFO     | t=9344.5: TRACK[retrofit] → Removed 2 wagons (28.1m freed)
20:55:07 | INFO     | t=9344.5: DISPATCHER → Task submitted: retrofit_to_workshop (pending=3)
20:55:07 | INFO     | t=9351.5: LOCO[LOCO_01] → COUPLING at retrofit (2.0 min)
20:55:07 | INFO     | t=9353.5: LOCO[LOCO_01] → SHUNTING_PREP at retrofit (1.0 min)
20:55:07 | INFO     | t=9359.5: LOCO[LOCO_01] → DECOUPLING at WS_01 (3.0 min)
20:55:07 | INFO     | t=9362.5: RAKE[W0680,W11195] → DECOUPLING at WS_01 (1 couplings, 3.0 min)
20:55:07 | INFO     | t=9365.5: WAGON[W0680] → RETROFIT_STARTED at WS_01
20:55:07 | INFO     | t=9365.5: WAGON[W11195] → RETROFIT_STARTED at WS_01
20:55:07 | INFO     | t=9370.5: DISPATCHER → Assigned loco LOCO_01 to retrofit_to_workshop (waited 26.0 min, pending=2)
20:55:07 | INFO     | t=9370.5: RAKE[W0367,W0411] → COUPLING at retrofit (1 couplings, 2.0 min)
20:55:07 | INFO     | t=9370.5: WAGON[W4337] → Retrieved from retrofit queue
20:55:07 | INFO     | t=9370.5: WORKSHOP → No workshop available, waiting...
20:55:07 | INFO     | t=9377.5: LOCO[LOCO_01] → COUPLING at retrofit (2.0 min)
20:55:07 | INFO     | t=9379.5: LOCO[LOCO_01] → SHUNTING_PREP at retrofit (1.0 min)
20:55:07 | INFO     | t=9383.5: LOCO[LOCO_02] → Releasing
20:55:07 | INFO     | t=9383.5: LOCO[LOCO_02] → Released
20:55:07 | INFO     | t=9383.5: PARKING → Got wagon W7542 from retrofitted
20:55:07 | INFO     | t=9383.5: DISPATCHER → Assigned loco LOCO_02 to collection_to_retrofit (waited 188.5 min, pending=1)
20:55:07 | INFO     | t=9383.5: LOCO → Allocating for parking transport
20:55:07 | INFO     | t=9383.5: DISPATCHER → Task submitted: retrofitted_to_parking (pending=2)
20:55:07 | INFO     | t=9385.5: LOCO[LOCO_01] → DECOUPLING at WS_02 (3.0 min)
20:55:07 | INFO     | t=9388.5: RAKE[W0367,W0411] → DECOUPLING at WS_02 (1 couplings, 3.0 min)
20:55:07 | INFO     | t=9391.5: WAGON[W0367] → RETROFIT_STARTED at WS_02
20:55:07 | INFO     | t=9391.5: WAGON[W0411] → RETROFIT_STARTED at WS_02
20:55:07 | INFO     | t=9396.5: DISPATCHER → Assigned loco LOCO_01 to collection_to_retrofit (waited 164.5 min, pending=1)
20:55:07 | INFO     | EVENT_PUBLISHED: TrainArrivedEvent | train=T124 | time=9400.8
20:55:07 | INFO     | EVENT_HANDLING: TrainArrivedEvent -> RetrofitWorkshopContext._handle_train_arrived
20:55:07 | INFO     | EVENT_HANDLED: TrainArrivedEvent by RetrofitWorkshopContext._handle_train_arrived
20:55:07 | INFO     | t=9425.5: RAKE[W0680,W11195] → COUPLING at WS_01 (1 couplings, 0.5 min)
20:55:07 | INFO     | t=9426.0: LOCO → Allocating for pickup from WS_01
20:55:07 | INFO     | t=9426.0: DISPATCHER → Task submitted: workshop_to_retrofitted (pending=2)
20:55:07 | INFO     | t=9443.5: LOCO[LOCO_02] → TRAIN_PREP at collection (coupling + prep, 9.0 min)
20:55:07 | INFO     | EVENT_PUBLISHED: TrainArrivedEvent | train=T125 | time=9444.2
20:55:07 | INFO     | EVENT_HANDLING: TrainArrivedEvent -> RetrofitWorkshopContext._handle_train_arrived
20:55:07 | INFO     | EVENT_HANDLED: TrainArrivedEvent by RetrofitWorkshopContext._handle_train_arrived
20:55:07 | INFO     | t=9451.5: RAKE[W0367,W0411] → COUPLING at WS_02 (1 couplings, 0.5 min)
20:55:07 | INFO     | t=9452.0: LOCO → Allocating for pickup from WS_02
20:55:07 | INFO     | t=9452.0: DISPATCHER → Task submitted: workshop_to_retrofitted (pending=3)
20:55:07 | INFO     | t=9456.5: LOCO[LOCO_01] → TRAIN_PREP at collection (coupling + prep, 11.0 min)
20:55:07 | INFO     | t=9512.5: LOCO[LOCO_02] → DECOUPLING at retrofit (12.0 min)
20:55:07 | INFO     | t=9524.5: RAKE[W4478,W5845,W5248,W3562] → DECOUPLING at retrofit (3 couplings, 9.0 min)
20:55:07 | INFO     | t=9527.5: LOCO[LOCO_01] → DECOUPLING at retrofit (15.0 min)
20:55:07 | INFO     | EVENT_PUBLISHED: TrainArrivedEvent | train=T126 | time=9529.5
20:55:07 | INFO     | EVENT_HANDLING: TrainArrivedEvent -> RetrofitWorkshopContext._handle_train_arrived
20:55:07 | INFO     | EVENT_HANDLED: TrainArrivedEvent by RetrofitWorkshopContext._handle_train_arrived
20:55:07 | INFO     | t=9538.5: DISPATCHER → Hold override for retrofitted_to_parking (waited 155.0 min >= max 45.0 min)
20:55:07 | INFO     | t=9538.5: DISPATCHER → Assigned loco LOCO_02 to workshop_to_retrofitted (waited 112.5 min, pending=2)
20:55:07 | INFO     | t=9538.5: DISPATCHER → Hold override for retrofitted_to_parking (waited 155.0 min >= max 45.0 min)
20:55:07 | INFO     | t=9538.5: LOCO[LOCO_02] → Allocated for pickup
20:55:07 | INFO     | t=9538.5: Batch size limited by retrofit capacity: 5 wagons (96.4m) fits, 15 waiting
20:55:07 | INFO     | t=9538.5: COLLECTION → Reserving retrofit track capacity for 5 wagons
20:55:07 | INFO     | t=9538.5: COLLECTION → Capacity reserved, allocating locomotive
20:55:07 | INFO     | t=9538.5: DISPATCHER → Task submitted: collection_to_retrofit (pending=3)
20:55:07 | INFO     | t=9542.5: RAKE[W11884,W2135,W9420,W9744,W4457] → DECOUPLING at retrofit (4 couplings, 12.0 min)
20:55:07 | INFO     | t=9545.5: LOCO[LOCO_02] → TRAIN_PREP completed at WS_01 (2.0 min)
20:55:07 | INFO     | t=9550.5: BATCH → Putting 2 wagons on retrofitted track retrofitted
20:55:07 | INFO     | t=9550.5: WAGON[W0680] → Added to retrofitted track retrofitted
20:55:07 | INFO     | t=9550.5: WAGON[W11195] → Added to retrofitted track retrofitted
20:55:07 | INFO     | t=9555.5: WORKSHOP[WS_01] → Released, notifying 1 waiting processes
20:55:07 | INFO     | t=9555.5: WORKSHOP → Workshop became available
20:55:07 | INFO     | t=9555.5: WORKSHOP[WS_01] → Selected for batch
20:55:07 | INFO     | t=9555.5: DISPATCHER → Hold override for retrofitted_to_parking (waited 172.0 min >= max 45.0 min)
20:55:07 | INFO     | t=9555.5: DISPATCHER → Assigned loco LOCO_02 to retrofitted_to_parking (waited 172.0 min, pending=2)
20:55:07 | INFO     | t=9555.5: WAGON[W2166] → Added to batch
20:55:07 | INFO     | t=9555.5: BATCH[W4337,W2166] → Formed 2 wagons for WS_01
20:55:07 | INFO     | t=9555.5: LOCO[LOCO_02] → Allocated for parking transport
20:55:07 | INFO     | t=9555.5: TRACK[retrofit] → Removed 2 wagons (37.1m freed)
20:55:07 | INFO     | t=9555.5: DISPATCHER → Task submitted: retrofit_to_workshop (pending=3)
20:55:07 | INFO     | t=9559.5: Batch size limited by retrofit capacity: 1 wagons (27.0m) fits, 17 waiting
20:55:07 | INFO     | t=9559.5: DISPATCHER → Assigned loco LOCO_01 to workshop_to_retrofitted (waited 107.5 min, pending=2)
20:55:07 | INFO     | t=9559.5: COLLECTION → Reserving retrofit track capacity for 1 wagons
20:55:07 | INFO     | t=9559.5: LOCO[LOCO_01] → Allocated for pickup
20:55:07 | INFO     | t=9559.5: COLLECTION → Capacity reserved, allocating locomotive
20:55:07 | INFO     | t=9559.5: DISPATCHER → Task submitted: collection_to_retrofit (pending=3)
20:55:07 | INFO     | t=9560.5: LOCO[LOCO_02] → TRAIN_PREP at retrofitted (coupling + prep, 5.0 min)
20:55:07 | INFO     | t=9566.5: LOCO[LOCO_01] → TRAIN_PREP completed at WS_02 (2.0 min)
20:55:07 | INFO     | t=9571.5: BATCH → Putting 2 wagons on retrofitted track retrofitted
20:55:07 | INFO     | t=9571.5: WAGON[W0367] → Added to retrofitted track retrofitted
20:55:07 | INFO     | t=9571.5: WAGON[W0411] → Added to retrofitted track retrofitted
20:55:07 | INFO     | t=9576.5: WORKSHOP[WS_02] → Released, notifying 0 waiting processes
20:55:07 | INFO     | t=9576.5: DISPATCHER → Assigned loco LOCO_01 to retrofit_to_workshop (waited 21.0 min, pending=2)
20:55:07 | INFO     | t=9576.5: RAKE[W4337,W2166] → COUPLING at retrofit (1 couplings, 2.0 min)
20:55:07 | INFO     | t=9576.5: WAGON[W11847] → Retrieved from retrofit queue
20:55:07 | INFO     | t=9576.5: WORKSHOP[WS_02] → Selected for batch
20:55:07 | INFO     | t=9576.5: WAGON[W4478] → Added to batch
20:55:07 | INFO     | t=9576.5: BATCH[W11847,W4478] → Formed 2 wagons for WS_02
20:55:07 | INFO     | t=9576.5: TRACK[retrofit] → Removed 2 wagons (41.2m freed)
20:55:07 | INFO     | t=9576.5: DISPATCHER → Task submitted: retrofit_to_workshop (pending=3)
20:55:07 | INFO     | t=9583.5: LOCO[LOCO_01] → COUPLING at retrofit (2.0 min)
20:55:07 | INFO     | t=9585.5: LOCO[LOCO_01] → SHUNTING_PREP at retrofit (1.0 min)
20:55:07 | INFO     | t=9591.5: LOCO[LOCO_01] → DECOUPLING at WS_01 (3.0 min)
20:55:07 | INFO     | t=9594.5: RAKE[W4337,W2166] → DECOUPLING at WS_01 (1 couplings, 3.0 min)
20:55:07 | INFO     | t=9597.5: WAGON[W4337] → RETROFIT_STARTED at WS_01
20:55:07 | INFO     | t=9597.5: WAGON[W2166] → RETROFIT_STARTED at WS_01
20:55:07 | INFO     | t=9602.5: DISPATCHER → Assigned loco LOCO_01 to retrofit_to_workshop (waited 26.0 min, pending=2)
20:55:07 | INFO     | t=9602.5: RAKE[W11847,W4478] → COUPLING at retrofit (1 couplings, 2.0 min)
20:55:07 | INFO     | t=9602.5: WAGON[W5845] → Retrieved from retrofit queue
20:55:07 | INFO     | t=9602.5: WORKSHOP → No workshop available, waiting...
20:55:07 | INFO     | t=9609.5: LOCO[LOCO_01] → COUPLING at retrofit (2.0 min)
20:55:07 | INFO     | t=9611.5: LOCO[LOCO_01] → SHUNTING_PREP at retrofit (1.0 min)
20:55:07 | INFO     | t=9617.5: LOCO[LOCO_01] → DECOUPLING at WS_02 (3.0 min)
20:55:07 | INFO     | t=9620.5: RAKE[W11847,W4478] → DECOUPLING at WS_02 (1 couplings, 3.0 min)
20:55:07 | INFO     | t=9623.5: WAGON[W11847] → RETROFIT_STARTED at WS_02
20:55:07 | INFO     | t=9623.5: WAGON[W4478] → RETROFIT_STARTED at WS_02
20:55:07 | INFO     | t=9628.5: DISPATCHER → Assigned loco LOCO_01 to collection_to_retrofit (waited 90.0 min, pending=1)
20:55:07 | INFO     | t=9640.5: LOCO[LOCO_02] → DECOUPLING at parking13 (4.0 min)
20:55:07 | INFO     | t=9644.5: RAKE[W7542,W2652,W12385,W2831,W0948,W11539,W4532,W8676] → DECOUPLING at parking13 (7 couplings, 3.5 min)
20:55:07 | INFO     | t=9657.5: RAKE[W4337,W2166] → COUPLING at WS_01 (1 couplings, 0.5 min)
20:55:07 | INFO     | t=9658.0: LOCO → Allocating for pickup from WS_01
20:55:07 | INFO     | t=9658.0: DISPATCHER → Task submitted: workshop_to_retrofitted (pending=2)
20:55:07 | INFO     | t=9683.5: RAKE[W11847,W4478] → COUPLING at WS_02 (1 couplings, 0.5 min)
20:55:07 | INFO     | EVENT_PUBLISHED: TrainArrivedEvent | train=T127 | time=9684.0
20:55:07 | INFO     | EVENT_HANDLING: TrainArrivedEvent -> RetrofitWorkshopContext._handle_train_arrived
20:55:07 | INFO     | EVENT_HANDLED: TrainArrivedEvent by RetrofitWorkshopContext._handle_train_arrived
20:55:07 | INFO     | t=9684.0: LOCO → Allocating for pickup from WS_02
20:55:07 | INFO     | t=9684.0: DISPATCHER → Task submitted: workshop_to_retrofitted (pending=3)
20:55:07 | INFO     | t=9688.5: LOCO[LOCO_01] → TRAIN_PREP at collection (coupling + prep, 11.0 min)
20:55:07 | INFO     | EVENT_PUBLISHED: TrainArrivedEvent | train=T128 | time=9706.0
20:55:07 | INFO     | EVENT_HANDLING: TrainArrivedEvent -> RetrofitWorkshopContext._handle_train_arrived
20:55:07 | INFO     | EVENT_HANDLED: TrainArrivedEvent by RetrofitWorkshopContext._handle_train_arrived
20:55:07 | INFO     | t=9708.0: LOCO[LOCO_02] → Releasing
20:55:07 | INFO     | t=9708.0: LOCO[LOCO_02] → Released
20:55:07 | INFO     | t=9708.0: PARKING → Got wagon W0680 from retrofitted
20:55:07 | INFO     | t=9708.0: DISPATCHER → Assigned loco LOCO_02 to workshop_to_retrofitted (waited 50.0 min, pending=2)
20:55:07 | INFO     | t=9708.0: LOCO[LOCO_02] → Allocated for pickup
20:55:07 | INFO     | t=9708.0: LOCO → Allocating for parking transport
20:55:07 | INFO     | t=9708.0: DISPATCHER → Task submitted: retrofitted_to_parking (pending=3)
20:55:07 | INFO     | t=9715.0: LOCO[LOCO_02] → TRAIN_PREP completed at WS_01 (2.0 min)
20:55:07 | INFO     | t=9720.0: BATCH → Putting 2 wagons on retrofitted track retrofitted
20:55:07 | INFO     | t=9720.0: WAGON[W4337] → Added to retrofitted track retrofitted
20:55:07 | INFO     | t=9720.0: WAGON[W2166] → Added to retrofitted track retrofitted
20:55:07 | INFO     | t=9725.0: WORKSHOP[WS_01] → Released, notifying 1 waiting processes
20:55:07 | INFO     | t=9725.0: WORKSHOP → Workshop became available
20:55:07 | INFO     | t=9725.0: WORKSHOP[WS_01] → Selected for batch
20:55:07 | INFO     | t=9725.0: DISPATCHER → Assigned loco LOCO_02 to workshop_to_retrofitted (waited 41.0 min, pending=2)
20:55:07 | INFO     | t=9725.0: WAGON[W5248] → Added to batch
20:55:07 | INFO     | t=9725.0: BATCH[W5845,W5248] → Formed 2 wagons for WS_01
20:55:07 | INFO     | t=9725.0: LOCO[LOCO_02] → Allocated for pickup
20:55:07 | INFO     | t=9725.0: TRACK[retrofit] → Removed 2 wagons (30.4m freed)
20:55:07 | INFO     | t=9725.0: DISPATCHER → Task submitted: retrofit_to_workshop (pending=3)
20:55:07 | INFO     | t=9732.0: LOCO[LOCO_02] → TRAIN_PREP completed at WS_02 (2.0 min)
20:55:07 | INFO     | t=9737.0: BATCH → Putting 2 wagons on retrofitted track retrofitted
20:55:07 | INFO     | t=9737.0: WAGON[W11847] → Added to retrofitted track retrofitted
20:55:07 | INFO     | t=9737.0: WAGON[W4478] → Added to retrofitted track retrofitted
20:55:07 | INFO     | t=9742.0: WORKSHOP[WS_02] → Released, notifying 0 waiting processes
20:55:07 | INFO     | t=9742.0: DISPATCHER → Assigned loco LOCO_02 to retrofit_to_workshop (waited 17.0 min, pending=2)
20:55:07 | INFO     | t=9742.0: RAKE[W5845,W5248] → COUPLING at retrofit (1 couplings, 2.0 min)
20:55:07 | INFO     | t=9742.0: WAGON[W3562] → Retrieved from retrofit queue
20:55:07 | INFO     | t=9742.0: WORKSHOP[WS_02] → Selected for batch
20:55:07 | INFO     | t=9742.0: WAGON[W11884] → Added to batch
20:55:07 | INFO     | t=9742.0: BATCH[W3562,W11884] → Formed 2 wagons for WS_02
20:55:07 | INFO     | t=9742.0: TRACK[retrofit] → Removed 2 wagons (41.2m freed)
20:55:07 | INFO     | t=9742.0: DISPATCHER → Task submitted: retrofit_to_workshop (pending=3)
20:55:07 | INFO     | t=9749.0: LOCO[LOCO_02] → COUPLING at retrofit (2.0 min)
20:55:07 | INFO     | t=9751.0: LOCO[LOCO_02] → SHUNTING_PREP at retrofit (1.0 min)
20:55:07 | INFO     | t=9757.0: LOCO[LOCO_02] → DECOUPLING at WS_01 (3.0 min)
20:55:07 | INFO     | t=9759.5: LOCO[LOCO_01] → DECOUPLING at retrofit (15.0 min)
20:55:07 | INFO     | t=9760.0: RAKE[W5845,W5248] → DECOUPLING at WS_01 (1 couplings, 3.0 min)
20:55:07 | INFO     | t=9763.0: WAGON[W5845] → RETROFIT_STARTED at WS_01
20:55:07 | INFO     | t=9763.0: WAGON[W5248] → RETROFIT_STARTED at WS_01
20:55:07 | INFO     | t=9768.0: DISPATCHER → Hold override for retrofitted_to_parking (waited 60.0 min >= max 45.0 min)
20:55:07 | INFO     | t=9768.0: DISPATCHER → Assigned loco LOCO_02 to retrofit_to_workshop (waited 26.0 min, pending=2)
20:55:07 | INFO     | t=9768.0: RAKE[W3562,W11884] → COUPLING at retrofit (1 couplings, 2.0 min)
20:55:07 | INFO     | t=9768.0: WAGON[W2135] → Retrieved from retrofit queue
20:55:07 | INFO     | t=9768.0: WORKSHOP → No workshop available, waiting...
20:55:07 | INFO     | t=9774.5: RAKE[W4915,W12195,W10330,W8570,W9355] → DECOUPLING at retrofit (4 couplings, 12.0 min)
20:55:07 | INFO     | t=9775.0: LOCO[LOCO_02] → COUPLING at retrofit (2.0 min)
20:55:07 | INFO     | t=9777.0: LOCO[LOCO_02] → SHUNTING_PREP at retrofit (1.0 min)
20:55:07 | INFO     | t=9783.0: LOCO[LOCO_02] → DECOUPLING at WS_02 (3.0 min)
20:55:07 | INFO     | t=9786.0: RAKE[W3562,W11884] → DECOUPLING at WS_02 (1 couplings, 3.0 min)
20:55:07 | INFO     | t=9789.0: WAGON[W3562] → RETROFIT_STARTED at WS_02
20:55:07 | INFO     | t=9789.0: WAGON[W11884] → RETROFIT_STARTED at WS_02
20:55:07 | INFO     | t=9791.5: DISPATCHER → Hold override for retrofitted_to_parking (waited 83.5 min >= max 45.0 min)
20:55:07 | INFO     | t=9791.5: DISPATCHER → Assigned loco LOCO_01 to collection_to_retrofit (waited 232.0 min, pending=1)
20:55:07 | INFO     | t=9791.5: DISPATCHER → Hold override for retrofitted_to_parking (waited 83.5 min >= max 45.0 min)
20:55:07 | INFO     | t=9791.5: Batch size limited by retrofit capacity: 7 wagons (126.1m) fits, 10 waiting
20:55:07 | INFO     | t=9791.5: COLLECTION → Reserving retrofit track capacity for 7 wagons
20:55:07 | INFO     | t=9791.5: COLLECTION → Capacity reserved, allocating locomotive
20:55:07 | INFO     | t=9791.5: DISPATCHER → Task submitted: collection_to_retrofit (pending=2)
20:55:07 | INFO     | t=9794.0: DISPATCHER → Hold override for retrofitted_to_parking (waited 86.0 min >= max 45.0 min)
20:55:07 | INFO     | t=9794.0: DISPATCHER → Assigned loco LOCO_02 to retrofitted_to_parking (waited 86.0 min, pending=1)
20:55:07 | INFO     | t=9794.0: LOCO[LOCO_02] → Allocated for parking transport
20:55:07 | INFO     | t=9799.0: LOCO[LOCO_02] → TRAIN_PREP at retrofitted (coupling + prep, 3.0 min)
20:55:07 | INFO     | EVENT_PUBLISHED: TrainArrivedEvent | train=T129 | time=9800.2
20:55:07 | INFO     | EVENT_HANDLING: TrainArrivedEvent -> RetrofitWorkshopContext._handle_train_arrived
20:55:07 | INFO     | EVENT_HANDLED: TrainArrivedEvent by RetrofitWorkshopContext._handle_train_arrived
20:55:07 | INFO     | t=9823.0: RAKE[W5845,W5248] → COUPLING at WS_01 (1 couplings, 0.5 min)
20:55:07 | INFO     | t=9823.5: LOCO → Allocating for pickup from WS_01
20:55:07 | INFO     | t=9823.5: DISPATCHER → Task submitted: workshop_to_retrofitted (pending=2)
20:55:07 | INFO     | t=9849.0: RAKE[W3562,W11884] → COUPLING at WS_02 (1 couplings, 0.5 min)
20:55:07 | INFO     | t=9849.5: LOCO → Allocating for pickup from WS_02
20:55:07 | INFO     | t=9849.5: DISPATCHER → Task submitted: workshop_to_retrofitted (pending=3)
20:55:07 | INFO     | t=9851.5: LOCO[LOCO_01] → TRAIN_PREP at collection (coupling + prep, 3.0 min)
20:55:07 | INFO     | t=9877.0: LOCO[LOCO_02] → DECOUPLING at parking15 (2.0 min)
20:55:07 | INFO     | t=9879.0: RAKE[W0680,W11195,W0367,W0411] → DECOUPLING at parking15 (3 couplings, 1.5 min)
20:55:07 | INFO     | EVENT_PUBLISHED: TrainArrivedEvent | train=T130 | time=9896.5
20:55:07 | INFO     | EVENT_HANDLING: TrainArrivedEvent -> RetrofitWorkshopContext._handle_train_arrived
20:55:07 | INFO     | EVENT_HANDLED: TrainArrivedEvent by RetrofitWorkshopContext._handle_train_arrived
20:55:07 | INFO     | t=9914.5: LOCO[LOCO_01] → DECOUPLING at retrofit (3.0 min)
20:55:07 | INFO     | t=9917.5: RAKE[W0928] → DECOUPLING at retrofit (0 couplings, 0.0 min)
20:55:07 | INFO     | t=9922.5: Batch size limited by retrofit capacity: 1 wagons (23.2m) fits, 16 waiting
20:55:07 | INFO     | t=9922.5: DISPATCHER → Assigned loco LOCO_01 to workshop_to_retrofitted (waited 99.0 min, pending=2)
20:55:07 | INFO     | t=9922.5: COLLECTION → Reserving retrofit track capacity for 1 wagons
20:55:07 | INFO     | t=9922.5: LOCO[LOCO_01] → Allocated for pickup
20:55:07 | INFO     | t=9929.5: LOCO[LOCO_01] → TRAIN_PREP completed at WS_01 (2.0 min)
20:55:07 | INFO     | t=9934.5: BATCH → Putting 2 wagons on retrofitted track retrofitted
20:55:07 | INFO     | t=9934.5: WAGON[W5845] → Added to retrofitted track retrofitted
20:55:07 | INFO     | t=9934.5: WAGON[W5248] → Added to retrofitted track retrofitted
20:55:07 | INFO     | t=9939.5: WORKSHOP[WS_01] → Released, notifying 1 waiting processes
20:55:07 | INFO     | t=9939.5: WORKSHOP → Workshop became available
20:55:07 | INFO     | t=9939.5: WORKSHOP[WS_01] → Selected for batch
20:55:07 | INFO     | t=9939.5: DISPATCHER → Assigned loco LOCO_01 to workshop_to_retrofitted (waited 90.0 min, pending=1)
20:55:07 | INFO     | t=9939.5: WAGON[W9420] → Added to batch
20:55:07 | INFO     | t=9939.5: BATCH[W2135,W9420] → Formed 2 wagons for WS_01
20:55:07 | INFO     | t=9939.5: LOCO[LOCO_01] → Allocated for pickup
20:55:07 | INFO     | t=9939.5: TRACK[retrofit] → Removed 2 wagons (33.6m freed)
20:55:07 | INFO     | t=9939.5: DISPATCHER → Task submitted: retrofit_to_workshop (pending=2)
20:55:07 | INFO     | t=9939.5: COLLECTION → Capacity reserved, allocating locomotive
20:55:07 | INFO     | t=9939.5: DISPATCHER → Task submitted: collection_to_retrofit (pending=3)
20:55:07 | INFO     | t=9940.5: LOCO[LOCO_02] → Releasing
20:55:07 | INFO     | t=9940.5: LOCO[LOCO_02] → Released
20:55:07 | INFO     | t=9940.5: PARKING → Got wagon W4337 from retrofitted
20:55:07 | INFO     | t=9940.5: DISPATCHER → Assigned loco LOCO_02 to retrofit_to_workshop (waited 1.0 min, pending=2)
20:55:07 | INFO     | t=9940.5: RAKE[W2135,W9420] → COUPLING at retrofit (1 couplings, 2.0 min)
20:55:07 | INFO     | t=9940.5: WAGON[W9744] → Retrieved from retrofit queue
20:55:07 | INFO     | t=9940.5: WORKSHOP → No workshop available, waiting...
20:55:07 | INFO     | t=9940.5: LOCO → Allocating for parking transport
20:55:07 | INFO     | t=9940.5: DISPATCHER → Task submitted: retrofitted_to_parking (pending=3)
20:55:07 | INFO     | t=9946.5: LOCO[LOCO_01] → TRAIN_PREP completed at WS_02 (2.0 min)
20:55:07 | INFO     | t=9947.5: LOCO[LOCO_02] → COUPLING at retrofit (2.0 min)
20:55:07 | INFO     | t=9949.5: LOCO[LOCO_02] → SHUNTING_PREP at retrofit (1.0 min)
20:55:07 | INFO     | t=9951.5: BATCH → Putting 2 wagons on retrofitted track retrofitted
20:55:07 | INFO     | t=9951.5: WAGON[W3562] → Added to retrofitted track retrofitted
20:55:07 | INFO     | t=9951.5: WAGON[W11884] → Added to retrofitted track retrofitted
20:55:07 | INFO     | t=9955.5: LOCO[LOCO_02] → DECOUPLING at WS_01 (3.0 min)
20:55:07 | INFO     | t=9956.5: WORKSHOP[WS_02] → Released, notifying 1 waiting processes
20:55:07 | INFO     | t=9956.5: WORKSHOP → Workshop became available
20:55:07 | INFO     | t=9956.5: WORKSHOP[WS_02] → Selected for batch
20:55:07 | INFO     | t=9956.5: DISPATCHER → Assigned loco LOCO_01 to retrofitted_to_parking (waited 16.0 min, pending=2)
20:55:07 | INFO     | t=9956.5: WAGON[W4457] → Added to batch
20:55:07 | INFO     | t=9956.5: BATCH[W9744,W4457] → Formed 2 wagons for WS_02
20:55:07 | INFO     | t=9956.5: LOCO[LOCO_01] → Allocated for parking transport
20:55:07 | INFO     | t=9956.5: TRACK[retrofit] → Removed 2 wagons (34.8m freed)
20:55:07 | INFO     | t=9956.5: DISPATCHER → Task submitted: retrofit_to_workshop (pending=3)
20:55:07 | INFO     | t=9958.5: RAKE[W2135,W9420] → DECOUPLING at WS_01 (1 couplings, 3.0 min)
20:55:07 | INFO     | t=9961.5: WAGON[W2135] → RETROFIT_STARTED at WS_01
20:55:07 | INFO     | t=9961.5: WAGON[W9420] → RETROFIT_STARTED at WS_01
20:55:07 | INFO     | t=9961.5: LOCO[LOCO_01] → TRAIN_PREP at retrofitted (coupling + prep, 4.0 min)
20:55:07 | INFO     | t=9966.5: DISPATCHER → Assigned loco LOCO_02 to retrofit_to_workshop (waited 10.0 min, pending=2)
20:55:07 | INFO     | t=9966.5: RAKE[W9744,W4457] → COUPLING at retrofit (1 couplings, 2.0 min)
20:55:07 | INFO     | t=9966.5: WAGON[W4915] → Retrieved from retrofit queue
20:55:07 | INFO     | t=9966.5: WORKSHOP → No workshop available, waiting...
20:55:07 | INFO     | t=9973.5: LOCO[LOCO_02] → COUPLING at retrofit (2.0 min)
20:55:07 | INFO     | t=9975.5: LOCO[LOCO_02] → SHUNTING_PREP at retrofit (1.0 min)
20:55:07 | INFO     | t=9981.5: LOCO[LOCO_02] → DECOUPLING at WS_02 (3.0 min)
20:55:07 | INFO     | t=9984.5: RAKE[W9744,W4457] → DECOUPLING at WS_02 (1 couplings, 3.0 min)
20:55:07 | INFO     | t=9987.5: WAGON[W9744] → RETROFIT_STARTED at WS_02
20:55:07 | INFO     | t=9987.5: WAGON[W4457] → RETROFIT_STARTED at WS_02
20:55:07 | INFO     | t=10021.5: RAKE[W2135,W9420] → COUPLING at WS_01 (1 couplings, 0.5 min)
20:55:07 | INFO     | t=10022.0: LOCO → Allocating for pickup from WS_01
20:55:07 | INFO     | t=10022.0: DISPATCHER → Task submitted: workshop_to_retrofitted (pending=3)
20:55:07 | INFO     | t=10022.0: DISPATCHER → Assigned loco LOCO_02 to workshop_to_retrofitted (waited 0.0 min, pending=2)
20:55:07 | INFO     | t=10022.0: LOCO[LOCO_02] → Allocated for pickup
20:55:07 | INFO     | t=10025.5: LOCO[LOCO_01] → DECOUPLING at parking11 (3.0 min)
20:55:07 | INFO     | t=10028.5: RAKE[W4337,W2166,W11847,W4478,W5845,W5248] → DECOUPLING at parking11 (5 couplings, 2.5 min)
20:55:07 | INFO     | t=10029.0: LOCO[LOCO_02] → TRAIN_PREP completed at WS_01 (2.0 min)
20:55:07 | INFO     | t=10034.0: BATCH → Putting 2 wagons on retrofitted track retrofitted
20:55:07 | INFO     | t=10034.0: WAGON[W2135] → Added to retrofitted track retrofitted
20:55:07 | INFO     | t=10034.0: WAGON[W9420] → Added to retrofitted track retrofitted
20:55:07 | INFO     | t=10039.0: WORKSHOP[WS_01] → Released, notifying 1 waiting processes
20:55:07 | INFO     | t=10039.0: WORKSHOP → Workshop became available
20:55:07 | INFO     | t=10039.0: WORKSHOP[WS_01] → Selected for batch
20:55:07 | INFO     | t=10039.0: WAGON[W12195] → Added to batch
20:55:07 | INFO     | t=10039.0: BATCH[W4915,W12195] → Formed 2 wagons for WS_01
20:55:07 | INFO     | t=10039.0: TRACK[retrofit] → Removed 2 wagons (35.3m freed)
20:55:07 | INFO     | t=10039.0: DISPATCHER → Task submitted: retrofit_to_workshop (pending=3)
20:55:07 | INFO     | t=10039.0: DISPATCHER → Assigned loco LOCO_02 to retrofit_to_workshop (waited 0.0 min, pending=2)
20:55:07 | INFO     | t=10039.0: RAKE[W4915,W12195] → COUPLING at retrofit (1 couplings, 2.0 min)
20:55:07 | INFO     | t=10039.0: WAGON[W10330] → Retrieved from retrofit queue
20:55:07 | INFO     | t=10039.0: WORKSHOP → No workshop available, waiting...
20:55:07 | INFO     | EVENT_PUBLISHED: TrainArrivedEvent | train=T131 | time=10041.5
20:55:07 | INFO     | EVENT_HANDLING: TrainArrivedEvent -> RetrofitWorkshopContext._handle_train_arrived
20:55:07 | INFO     | EVENT_HANDLED: TrainArrivedEvent by RetrofitWorkshopContext._handle_train_arrived
20:55:07 | INFO     | t=10046.0: LOCO[LOCO_02] → COUPLING at retrofit (2.0 min)
20:55:07 | INFO     | t=10047.5: RAKE[W9744,W4457] → COUPLING at WS_02 (1 couplings, 0.5 min)
20:55:07 | INFO     | t=10048.0: LOCO[LOCO_02] → SHUNTING_PREP at retrofit (1.0 min)
20:55:07 | INFO     | t=10048.0: LOCO → Allocating for pickup from WS_02
20:55:07 | INFO     | t=10048.0: DISPATCHER → Task submitted: workshop_to_retrofitted (pending=3)
20:55:07 | INFO     | t=10054.0: LOCO[LOCO_02] → DECOUPLING at WS_01 (3.0 min)
20:55:07 | INFO     | t=10057.0: RAKE[W4915,W12195] → DECOUPLING at WS_01 (1 couplings, 3.0 min)
20:55:07 | INFO     | t=10060.0: WAGON[W4915] → RETROFIT_STARTED at WS_01
20:55:07 | INFO     | t=10060.0: WAGON[W12195] → RETROFIT_STARTED at WS_01
20:55:07 | INFO     | t=10065.0: DISPATCHER → Assigned loco LOCO_02 to workshop_to_retrofitted (waited 17.0 min, pending=2)
20:55:07 | INFO     | t=10065.0: LOCO[LOCO_02] → Allocated for pickup
20:55:07 | INFO     | EVENT_PUBLISHED: TrainArrivedEvent | train=T132 | time=10065.5
20:55:07 | INFO     | EVENT_HANDLING: TrainArrivedEvent -> RetrofitWorkshopContext._handle_train_arrived
20:55:07 | INFO     | EVENT_HANDLED: TrainArrivedEvent by RetrofitWorkshopContext._handle_train_arrived
20:55:07 | INFO     | t=10072.0: LOCO[LOCO_02] → TRAIN_PREP completed at WS_02 (2.0 min)
20:55:07 | INFO     | EVENT_PUBLISHED: TrainArrivedEvent | train=T133 | time=10073.2
20:55:07 | INFO     | EVENT_HANDLING: TrainArrivedEvent -> RetrofitWorkshopContext._handle_train_arrived
20:55:07 | INFO     | EVENT_HANDLED: TrainArrivedEvent by RetrofitWorkshopContext._handle_train_arrived
20:55:07 | INFO     | t=10077.0: BATCH → Putting 2 wagons on retrofitted track retrofitted
20:55:07 | INFO     | t=10077.0: WAGON[W9744] → Added to retrofitted track retrofitted
20:55:07 | INFO     | t=10077.0: WAGON[W4457] → Added to retrofitted track retrofitted
20:55:07 | INFO     | t=10082.0: WORKSHOP[WS_02] → Released, notifying 1 waiting processes
20:55:07 | INFO     | t=10082.0: WORKSHOP → Workshop became available
20:55:07 | INFO     | t=10082.0: WORKSHOP[WS_02] → Selected for batch
20:55:07 | INFO     | t=10082.0: DISPATCHER → Assigned loco LOCO_02 to collection_to_retrofit (waited 290.5 min, pending=1)
20:55:07 | INFO     | t=10082.0: WAGON[W8570] → Added to batch
20:55:07 | INFO     | t=10082.0: BATCH[W10330,W8570] → Formed 2 wagons for WS_02
20:55:07 | INFO     | t=10082.0: TRACK[retrofit] → Removed 2 wagons (46.7m freed)
20:55:07 | INFO     | t=10082.0: DISPATCHER → Task submitted: retrofit_to_workshop (pending=2)
20:55:07 | INFO     | t=10091.0: LOCO[LOCO_01] → Releasing
20:55:07 | INFO     | t=10091.0: LOCO[LOCO_01] → Released
20:55:07 | INFO     | t=10091.0: PARKING → Got wagon W3562 from retrofitted
20:55:07 | INFO     | t=10091.0: DISPATCHER → Assigned loco LOCO_01 to retrofit_to_workshop (waited 9.0 min, pending=1)
20:55:07 | INFO     | t=10091.0: RAKE[W10330,W8570] → COUPLING at retrofit (1 couplings, 2.0 min)
20:55:07 | INFO     | t=10091.0: WAGON[W9355] → Retrieved from retrofit queue
20:55:07 | INFO     | t=10091.0: WORKSHOP → No workshop available, waiting...
20:55:07 | INFO     | t=10091.0: LOCO → Allocating for parking transport
20:55:07 | INFO     | t=10091.0: DISPATCHER → Task submitted: retrofitted_to_parking (pending=2)
20:55:07 | INFO     | t=10098.0: LOCO[LOCO_01] → COUPLING at retrofit (2.0 min)
20:55:07 | INFO     | t=10100.0: LOCO[LOCO_01] → SHUNTING_PREP at retrofit (1.0 min)
20:55:07 | INFO     | t=10106.0: LOCO[LOCO_01] → DECOUPLING at WS_02 (3.0 min)
20:55:07 | INFO     | t=10109.0: RAKE[W10330,W8570] → DECOUPLING at WS_02 (1 couplings, 3.0 min)
20:55:07 | INFO     | EVENT_PUBLISHED: TrainArrivedEvent | train=T134 | time=10112.0
20:55:07 | INFO     | EVENT_HANDLING: TrainArrivedEvent -> RetrofitWorkshopContext._handle_train_arrived
20:55:07 | INFO     | EVENT_HANDLED: TrainArrivedEvent by RetrofitWorkshopContext._handle_train_arrived
20:55:07 | INFO     | t=10112.0: WAGON[W10330] → RETROFIT_STARTED at WS_02
20:55:07 | INFO     | t=10112.0: WAGON[W8570] → RETROFIT_STARTED at WS_02
20:55:07 | INFO     | t=10117.0: DISPATCHER → Assigned loco LOCO_01 to collection_to_retrofit (waited 177.5 min, pending=1)
20:55:07 | INFO     | t=10120.0: RAKE[W4915,W12195] → COUPLING at WS_01 (1 couplings, 0.5 min)
20:55:07 | INFO     | t=10120.5: LOCO → Allocating for pickup from WS_01
20:55:07 | INFO     | t=10120.5: DISPATCHER → Task submitted: workshop_to_retrofitted (pending=2)
20:55:07 | INFO     | EVENT_PUBLISHED: TrainArrivedEvent | train=T135 | time=10122.8
20:55:07 | INFO     | EVENT_HANDLING: TrainArrivedEvent -> RetrofitWorkshopContext._handle_train_arrived
20:55:07 | INFO     | EVENT_HANDLED: TrainArrivedEvent by RetrofitWorkshopContext._handle_train_arrived
20:55:07 | INFO     | t=10142.0: LOCO[LOCO_02] → TRAIN_PREP at collection (coupling + prep, 15.0 min)
20:55:07 | INFO     | t=10172.0: RAKE[W10330,W8570] → COUPLING at WS_02 (1 couplings, 0.5 min)
20:55:07 | INFO     | t=10172.5: LOCO → Allocating for pickup from WS_02
20:55:07 | INFO     | t=10172.5: DISPATCHER → Task submitted: workshop_to_retrofitted (pending=3)
20:55:07 | INFO     | t=10177.0: LOCO[LOCO_01] → TRAIN_PREP at collection (coupling + prep, 3.0 min)
20:55:07 | INFO     | t=10217.0: LOCO[LOCO_02] → DECOUPLING at retrofit (21.0 min)
20:55:07 | INFO     | EVENT_PUBLISHED: TrainArrivedEvent | train=T136 | time=10227.8
20:55:07 | INFO     | EVENT_HANDLING: TrainArrivedEvent -> RetrofitWorkshopContext._handle_train_arrived
20:55:07 | INFO     | EVENT_HANDLED: TrainArrivedEvent by RetrofitWorkshopContext._handle_train_arrived
20:55:07 | INFO     | t=10238.0: RAKE[W8578,W9358,W5612,W5821,W6008,W0293,W0616] → DECOUPLING at retrofit (6 couplings, 18.0 min)
20:55:07 | INFO     | t=10240.0: LOCO[LOCO_01] → DECOUPLING at retrofit (3.0 min)
20:55:07 | INFO     | t=10243.0: RAKE[W12177] → DECOUPLING at retrofit (0 couplings, 0.0 min)
20:55:07 | INFO     | t=10248.0: DISPATCHER → Hold override for retrofitted_to_parking (waited 157.0 min >= max 45.0 min)
20:55:07 | INFO     | t=10248.0: DISPATCHER → Assigned loco LOCO_01 to workshop_to_retrofitted (waited 127.5 min, pending=2)
20:55:07 | INFO     | t=10248.0: DISPATCHER → Hold override for retrofitted_to_parking (waited 157.0 min >= max 45.0 min)
20:55:07 | INFO     | t=10248.0: LOCO[LOCO_01] → Allocated for pickup
20:55:07 | INFO     | t=10248.0: Batch size limited by retrofit capacity: 7 wagons (127.7m) fits, 12 waiting
20:55:07 | INFO     | t=10248.0: COLLECTION → Reserving retrofit track capacity for 7 wagons
20:55:07 | INFO     | t=10248.0: COLLECTION → Capacity reserved, allocating locomotive
20:55:07 | INFO     | t=10248.0: DISPATCHER → Task submitted: collection_to_retrofit (pending=3)
20:55:07 | INFO     | EVENT_PUBLISHED: TrainArrivedEvent | train=T137 | time=10253.0
20:55:07 | INFO     | EVENT_HANDLING: TrainArrivedEvent -> RetrofitWorkshopContext._handle_train_arrived
20:55:07 | INFO     | EVENT_HANDLED: TrainArrivedEvent by RetrofitWorkshopContext._handle_train_arrived
20:55:07 | INFO     | t=10255.0: LOCO[LOCO_01] → TRAIN_PREP completed at WS_01 (2.0 min)
20:55:07 | INFO     | t=10260.0: BATCH → Putting 2 wagons on retrofitted track retrofitted
20:55:07 | INFO     | t=10260.0: WAGON[W4915] → Added to retrofitted track retrofitted
20:55:07 | INFO     | t=10260.0: WAGON[W12195] → Added to retrofitted track retrofitted
20:55:07 | INFO     | t=10261.0: Batch size limited by retrofit capacity: 1 wagons (18.0m) fits, 19 waiting
20:55:07 | INFO     | t=10261.0: DISPATCHER → Hold override for retrofitted_to_parking (waited 170.0 min >= max 45.0 min)
20:55:07 | INFO     | t=10261.0: DISPATCHER → Assigned loco LOCO_02 to workshop_to_retrofitted (waited 88.5 min, pending=2)
20:55:07 | INFO     | t=10261.0: DISPATCHER → Hold override for retrofitted_to_parking (waited 170.0 min >= max 45.0 min)
20:55:07 | INFO     | t=10261.0: COLLECTION → Reserving retrofit track capacity for 1 wagons
20:55:07 | INFO     | t=10261.0: LOCO[LOCO_02] → Allocated for pickup
20:55:07 | INFO     | t=10265.0: WORKSHOP[WS_01] → Released, notifying 1 waiting processes
20:55:07 | INFO     | t=10265.0: WORKSHOP → Workshop became available
20:55:07 | INFO     | t=10265.0: WORKSHOP[WS_01] → Selected for batch
20:55:07 | INFO     | t=10265.0: DISPATCHER → Hold override for retrofitted_to_parking (waited 174.0 min >= max 45.0 min)
20:55:07 | INFO     | t=10265.0: DISPATCHER → Assigned loco LOCO_01 to retrofitted_to_parking (waited 174.0 min, pending=1)
20:55:07 | INFO     | t=10265.0: WAGON[W0928] → Added to batch
20:55:07 | INFO     | t=10265.0: BATCH[W9355,W0928] → Formed 2 wagons for WS_01
20:55:07 | INFO     | t=10265.0: LOCO[LOCO_01] → Allocated for parking transport
20:55:07 | INFO     | t=10265.0: TRACK[retrofit] → Removed 2 wagons (41.4m freed)
20:55:07 | INFO     | t=10265.0: DISPATCHER → Task submitted: retrofit_to_workshop (pending=2)
20:55:07 | INFO     | t=10265.0: COLLECTION → Capacity reserved, allocating locomotive
20:55:07 | INFO     | t=10265.0: DISPATCHER → Task submitted: collection_to_retrofit (pending=3)
20:55:07 | INFO     | t=10268.0: LOCO[LOCO_02] → TRAIN_PREP completed at WS_02 (2.0 min)
20:55:07 | INFO     | t=10270.0: LOCO[LOCO_01] → TRAIN_PREP at retrofitted (coupling + prep, 4.0 min)
20:55:07 | INFO     | t=10273.0: BATCH → Putting 2 wagons on retrofitted track retrofitted
20:55:07 | INFO     | t=10273.0: WAGON[W10330] → Added to retrofitted track retrofitted
20:55:07 | INFO     | t=10273.0: WAGON[W8570] → Added to retrofitted track retrofitted
20:55:07 | INFO     | t=10278.0: WORKSHOP[WS_02] → Released, notifying 0 waiting processes
20:55:07 | INFO     | t=10278.0: DISPATCHER → Assigned loco LOCO_02 to retrofit_to_workshop (waited 13.0 min, pending=2)
20:55:07 | INFO     | t=10278.0: RAKE[W9355,W0928] → COUPLING at retrofit (1 couplings, 2.0 min)
20:55:07 | INFO     | t=10278.0: WAGON[W8578] → Retrieved from retrofit queue
20:55:07 | INFO     | t=10278.0: WORKSHOP[WS_02] → Selected for batch
20:55:07 | INFO     | t=10278.0: WAGON[W9358] → Added to batch
20:55:07 | INFO     | t=10278.0: BATCH[W8578,W9358] → Formed 2 wagons for WS_02
20:55:07 | INFO     | t=10278.0: TRACK[retrofit] → Removed 2 wagons (39.7m freed)
20:55:07 | INFO     | t=10278.0: DISPATCHER → Task submitted: retrofit_to_workshop (pending=3)
20:55:07 | INFO     | t=10279.0: LOCO[LOCO_01] → DECOUPLING at parking1 (3.0 min)
20:55:07 | INFO     | t=10282.0: RAKE[W3562,W11884,W2135,W9420,W9744,W4457] → DECOUPLING at parking1 (5 couplings, 2.5 min)
20:55:07 | INFO     | t=10285.0: LOCO[LOCO_02] → COUPLING at retrofit (2.0 min)
20:55:07 | INFO     | t=10287.0: LOCO[LOCO_02] → SHUNTING_PREP at retrofit (1.0 min)
20:55:07 | INFO     | t=10289.5: LOCO[LOCO_01] → Releasing
20:55:07 | INFO     | t=10289.5: LOCO[LOCO_01] → Released
20:55:07 | INFO     | t=10289.5: PARKING → Got wagon W4915 from retrofitted
20:55:07 | INFO     | t=10289.5: DISPATCHER → Assigned loco LOCO_01 to retrofit_to_workshop (waited 11.5 min, pending=2)
20:55:07 | INFO     | t=10289.5: RAKE[W8578,W9358] → COUPLING at retrofit (1 couplings, 2.0 min)
20:55:07 | INFO     | t=10289.5: WAGON[W5612] → Retrieved from retrofit queue
20:55:07 | INFO     | t=10289.5: WORKSHOP → No workshop available, waiting...
20:55:07 | INFO     | t=10289.5: LOCO → Allocating for parking transport
20:55:07 | INFO     | t=10289.5: DISPATCHER → Task submitted: retrofitted_to_parking (pending=3)
20:55:07 | INFO     | t=10293.0: LOCO[LOCO_02] → DECOUPLING at WS_01 (3.0 min)
20:55:07 | INFO     | t=10296.0: RAKE[W9355,W0928] → DECOUPLING at WS_01 (1 couplings, 3.0 min)
20:55:07 | INFO     | t=10296.5: LOCO[LOCO_01] → COUPLING at retrofit (2.0 min)
20:55:07 | INFO     | t=10298.5: LOCO[LOCO_01] → SHUNTING_PREP at retrofit (1.0 min)
20:55:07 | INFO     | t=10299.0: WAGON[W9355] → RETROFIT_STARTED at WS_01
20:55:07 | INFO     | t=10299.0: WAGON[W0928] → RETROFIT_STARTED at WS_01
20:55:07 | INFO     | t=10304.0: DISPATCHER → Assigned loco LOCO_02 to collection_to_retrofit (waited 56.0 min, pending=2)
20:55:07 | INFO     | t=10304.5: LOCO[LOCO_01] → DECOUPLING at WS_02 (3.0 min)
20:55:07 | INFO     | t=10307.5: RAKE[W8578,W9358] → DECOUPLING at WS_02 (1 couplings, 3.0 min)
20:55:07 | INFO     | t=10310.5: WAGON[W8578] → RETROFIT_STARTED at WS_02
20:55:07 | INFO     | t=10310.5: WAGON[W9358] → RETROFIT_STARTED at WS_02
20:55:07 | INFO     | t=10315.5: DISPATCHER → Assigned loco LOCO_01 to collection_to_retrofit (waited 50.5 min, pending=1)
20:55:07 | INFO     | t=10335.5: DISPATCHER → Hold override for retrofitted_to_parking (waited 46.0 min >= max 45.0 min)
20:55:07 | INFO     | t=10359.0: RAKE[W9355,W0928] → COUPLING at WS_01 (1 couplings, 0.5 min)
20:55:07 | INFO     | t=10359.5: LOCO → Allocating for pickup from WS_01
20:55:07 | INFO     | t=10359.5: DISPATCHER → Task submitted: workshop_to_retrofitted (pending=2)
20:55:07 | INFO     | t=10364.0: LOCO[LOCO_02] → TRAIN_PREP at collection (coupling + prep, 15.0 min)
20:55:07 | INFO     | t=10370.5: RAKE[W8578,W9358] → COUPLING at WS_02 (1 couplings, 0.5 min)
20:55:07 | INFO     | t=10371.0: LOCO → Allocating for pickup from WS_02
20:55:07 | INFO     | t=10371.0: DISPATCHER → Task submitted: workshop_to_retrofitted (pending=3)
20:55:07 | INFO     | t=10375.5: LOCO[LOCO_01] → TRAIN_PREP at collection (coupling + prep, 3.0 min)
20:55:07 | INFO     | EVENT_PUBLISHED: TrainArrivedEvent | train=T138 | time=10420.2
20:55:07 | INFO     | EVENT_HANDLING: TrainArrivedEvent -> RetrofitWorkshopContext._handle_train_arrived
20:55:07 | INFO     | EVENT_HANDLED: TrainArrivedEvent by RetrofitWorkshopContext._handle_train_arrived
20:55:07 | INFO     | EVENT_PUBLISHED: TrainArrivedEvent | train=T139 | time=10423.5
20:55:07 | INFO     | EVENT_HANDLING: TrainArrivedEvent -> RetrofitWorkshopContext._handle_train_arrived
20:55:07 | INFO     | EVENT_HANDLED: TrainArrivedEvent by RetrofitWorkshopContext._handle_train_arrived
20:55:07 | INFO     | EVENT_PUBLISHED: TrainArrivedEvent | train=T140 | time=10430.2
20:55:07 | INFO     | EVENT_HANDLING: TrainArrivedEvent -> RetrofitWorkshopContext._handle_train_arrived
20:55:07 | INFO     | EVENT_HANDLED: TrainArrivedEvent by RetrofitWorkshopContext._handle_train_arrived
20:55:07 | INFO     | t=10438.5: LOCO[LOCO_01] → DECOUPLING at retrofit (3.0 min)
20:55:07 | INFO     | t=10439.0: LOCO[LOCO_02] → DECOUPLING at retrofit (21.0 min)
20:55:07 | INFO     | t=10441.5: RAKE[W10772] → DECOUPLING at retrofit (0 couplings, 0.0 min)
20:55:07 | INFO     | t=10446.5: DISPATCHER → Hold override for retrofitted_to_parking (waited 157.0 min >= max 45.0 min)
20:55:07 | INFO     | t=10446.5: DISPATCHER → Assigned loco LOCO_01 to workshop_to_retrofitted (waited 87.0 min, pending=2)
20:55:07 | INFO     | t=10446.5: DISPATCHER → Hold override for retrofitted_to_parking (waited 157.0 min >= max 45.0 min)
20:55:07 | INFO     | t=10446.5: LOCO[LOCO_01] → Allocated for pickup
20:55:07 | INFO     | t=10446.5: Batch size limited by retrofit capacity: 4 wagons (62.2m) fits, 16 waiting
20:55:07 | INFO     | t=10446.5: COLLECTION → Reserving retrofit track capacity for 4 wagons
20:55:07 | INFO     | t=10446.5: COLLECTION → Capacity reserved, allocating locomotive
20:55:07 | INFO     | t=10446.5: DISPATCHER → Task submitted: collection_to_retrofit (pending=3)
20:55:07 | INFO     | t=10453.5: LOCO[LOCO_01] → TRAIN_PREP completed at WS_01 (2.0 min)
20:55:07 | INFO     | t=10458.5: BATCH → Putting 2 wagons on retrofitted track retrofitted
20:55:07 | INFO     | t=10458.5: WAGON[W9355] → Added to retrofitted track retrofitted
20:55:07 | INFO     | t=10458.5: WAGON[W0928] → Added to retrofitted track retrofitted
20:55:07 | INFO     | t=10460.0: RAKE[W0888,W7853,W6704,W0167,W5380,W5989,W5415] → DECOUPLING at retrofit (6 couplings, 18.0 min)
20:55:07 | INFO     | t=10463.5: WORKSHOP[WS_01] → Released, notifying 1 waiting processes
20:55:07 | INFO     | t=10463.5: WORKSHOP → Workshop became available
20:55:07 | INFO     | t=10463.5: WORKSHOP[WS_01] → Selected for batch
20:55:07 | INFO     | t=10463.5: DISPATCHER → Hold override for retrofitted_to_parking (waited 174.0 min >= max 45.0 min)
20:55:07 | INFO     | t=10463.5: DISPATCHER → Assigned loco LOCO_01 to workshop_to_retrofitted (waited 92.5 min, pending=2)
20:55:07 | INFO     | t=10463.5: DISPATCHER → Hold override for retrofitted_to_parking (waited 174.0 min >= max 45.0 min)
20:55:07 | INFO     | t=10463.5: WAGON[W5821] → Added to batch
20:55:07 | INFO     | t=10463.5: BATCH[W5612,W5821] → Formed 2 wagons for WS_01
20:55:07 | INFO     | t=10463.5: LOCO[LOCO_01] → Allocated for pickup
20:55:07 | INFO     | t=10463.5: TRACK[retrofit] → Removed 2 wagons (28.6m freed)
20:55:07 | INFO     | t=10463.5: DISPATCHER → Task submitted: retrofit_to_workshop (pending=3)
20:55:07 | INFO     | t=10470.5: LOCO[LOCO_01] → TRAIN_PREP completed at WS_02 (2.0 min)
20:55:07 | INFO     | t=10475.5: BATCH → Putting 2 wagons on retrofitted track retrofitted
20:55:07 | INFO     | t=10475.5: WAGON[W8578] → Added to retrofitted track retrofitted
20:55:07 | INFO     | t=10475.5: WAGON[W9358] → Added to retrofitted track retrofitted
20:55:07 | INFO     | t=10480.5: WORKSHOP[WS_02] → Released, notifying 0 waiting processes
20:55:07 | INFO     | t=10480.5: DISPATCHER → Hold override for retrofitted_to_parking (waited 191.0 min >= max 45.0 min)
20:55:07 | INFO     | t=10480.5: DISPATCHER → Assigned loco LOCO_01 to retrofit_to_workshop (waited 17.0 min, pending=2)
20:55:07 | INFO     | t=10480.5: DISPATCHER → Hold override for retrofitted_to_parking (waited 191.0 min >= max 45.0 min)
20:55:07 | INFO     | t=10480.5: RAKE[W5612,W5821] → COUPLING at retrofit (1 couplings, 2.0 min)
20:55:07 | INFO     | t=10480.5: WAGON[W6008] → Retrieved from retrofit queue
20:55:07 | INFO     | t=10480.5: WORKSHOP[WS_02] → Selected for batch
20:55:07 | INFO     | t=10480.5: WAGON[W0293] → Added to batch
20:55:07 | INFO     | t=10480.5: BATCH[W6008,W0293] → Formed 2 wagons for WS_02
20:55:07 | INFO     | t=10480.5: TRACK[retrofit] → Removed 2 wagons (28.3m freed)
20:55:07 | INFO     | t=10480.5: DISPATCHER → Task submitted: retrofit_to_workshop (pending=3)
20:55:07 | INFO     | t=10483.0: DISPATCHER → Hold override for retrofitted_to_parking (waited 193.5 min >= max 45.0 min)
20:55:07 | INFO     | t=10483.0: DISPATCHER → Assigned loco LOCO_02 to retrofit_to_workshop (waited 2.5 min, pending=2)
20:55:07 | INFO     | t=10483.0: DISPATCHER → Hold override for retrofitted_to_parking (waited 193.5 min >= max 45.0 min)
20:55:07 | INFO     | t=10483.0: Batch size limited by retrofit capacity: 2 wagons (46.5m) fits, 16 waiting
20:55:07 | INFO     | t=10483.0: RAKE[W6008,W0293] → COUPLING at retrofit (1 couplings, 2.0 min)
20:55:07 | INFO     | t=10483.0: COLLECTION → Reserving retrofit track capacity for 2 wagons
20:55:07 | INFO     | t=10483.0: WAGON[W0616] → Retrieved from retrofit queue
20:55:07 | INFO     | t=10483.0: WORKSHOP → No workshop available, waiting...
20:55:07 | INFO     | t=10483.0: COLLECTION → Capacity reserved, allocating locomotive
20:55:07 | INFO     | t=10483.0: DISPATCHER → Task submitted: collection_to_retrofit (pending=3)
20:55:07 | INFO     | t=10487.5: LOCO[LOCO_01] → COUPLING at retrofit (2.0 min)
20:55:07 | INFO     | t=10489.5: LOCO[LOCO_01] → SHUNTING_PREP at retrofit (1.0 min)
20:55:07 | INFO     | t=10490.0: LOCO[LOCO_02] → COUPLING at retrofit (2.0 min)
20:55:07 | INFO     | t=10492.0: LOCO[LOCO_02] → SHUNTING_PREP at retrofit (1.0 min)
20:55:07 | INFO     | t=10495.5: LOCO[LOCO_01] → DECOUPLING at WS_01 (3.0 min)
20:55:07 | INFO     | t=10498.0: LOCO[LOCO_02] → DECOUPLING at WS_02 (3.0 min)
20:55:07 | INFO     | t=10498.5: RAKE[W5612,W5821] → DECOUPLING at WS_01 (1 couplings, 3.0 min)
20:55:07 | INFO     | EVENT_PUBLISHED: TrainArrivedEvent | train=T141 | time=10500.0
20:55:07 | INFO     | EVENT_HANDLING: TrainArrivedEvent -> RetrofitWorkshopContext._handle_train_arrived
20:55:07 | INFO     | EVENT_HANDLED: TrainArrivedEvent by RetrofitWorkshopContext._handle_train_arrived
20:55:07 | INFO     | t=10501.0: RAKE[W6008,W0293] → DECOUPLING at WS_02 (1 couplings, 3.0 min)
20:55:07 | INFO     | t=10501.5: WAGON[W5612] → RETROFIT_STARTED at WS_01
20:55:07 | INFO     | t=10501.5: WAGON[W5821] → RETROFIT_STARTED at WS_01
20:55:07 | INFO     | t=10504.0: WAGON[W6008] → RETROFIT_STARTED at WS_02
20:55:07 | INFO     | t=10504.0: WAGON[W0293] → RETROFIT_STARTED at WS_02
20:55:07 | INFO     | t=10506.5: DISPATCHER → Hold override for retrofitted_to_parking (waited 217.0 min >= max 45.0 min)
20:55:07 | INFO     | t=10506.5: DISPATCHER → Assigned loco LOCO_01 to retrofitted_to_parking (waited 217.0 min, pending=2)
20:55:07 | INFO     | t=10506.5: LOCO[LOCO_01] → Allocated for parking transport
20:55:07 | INFO     | t=10511.5: LOCO[LOCO_01] → TRAIN_PREP at retrofitted (coupling + prep, 3.0 min)
20:55:07 | INFO     | t=10561.5: RAKE[W5612,W5821] → COUPLING at WS_01 (1 couplings, 0.5 min)
20:55:07 | INFO     | t=10562.0: LOCO → Allocating for pickup from WS_01
20:55:07 | INFO     | t=10562.0: DISPATCHER → Task submitted: workshop_to_retrofitted (pending=3)
20:55:07 | INFO     | t=10562.0: DISPATCHER → Assigned loco LOCO_02 to workshop_to_retrofitted (waited 0.0 min, pending=2)
20:55:07 | INFO     | t=10562.0: LOCO[LOCO_02] → Allocated for pickup
20:55:07 | INFO     | t=10564.0: RAKE[W6008,W0293] → COUPLING at WS_02 (1 couplings, 0.5 min)
20:55:07 | INFO     | t=10564.5: LOCO → Allocating for pickup from WS_02
20:55:07 | INFO     | t=10564.5: DISPATCHER → Task submitted: workshop_to_retrofitted (pending=3)
20:55:07 | INFO     | t=10569.0: LOCO[LOCO_02] → TRAIN_PREP completed at WS_01 (2.0 min)
20:55:07 | INFO     | t=10574.0: BATCH → Putting 2 wagons on retrofitted track retrofitted
20:55:07 | INFO     | t=10574.0: WAGON[W5612] → Added to retrofitted track retrofitted
20:55:07 | INFO     | t=10574.0: WAGON[W5821] → Added to retrofitted track retrofitted
20:55:07 | INFO     | t=10574.5: LOCO[LOCO_01] → DECOUPLING at parking10 (2.0 min)
20:55:07 | INFO     | t=10576.5: RAKE[W4915,W12195,W10330,W8570] → DECOUPLING at parking10 (3 couplings, 1.5 min)
20:55:07 | INFO     | t=10579.0: WORKSHOP[WS_01] → Released, notifying 1 waiting processes
20:55:07 | INFO     | t=10579.0: WORKSHOP → Workshop became available
20:55:07 | INFO     | t=10579.0: WORKSHOP[WS_01] → Selected for batch
20:55:07 | INFO     | t=10579.0: DISPATCHER → Assigned loco LOCO_02 to workshop_to_retrofitted (waited 14.5 min, pending=2)
20:55:07 | INFO     | t=10579.0: WAGON[W12177] → Added to batch
20:55:07 | INFO     | t=10579.0: BATCH[W0616,W12177] → Formed 2 wagons for WS_01
20:55:07 | INFO     | t=10579.0: LOCO[LOCO_02] → Allocated for pickup
20:55:07 | INFO     | t=10579.0: TRACK[retrofit] → Removed 2 wagons (52.8m freed)
20:55:07 | INFO     | t=10579.0: DISPATCHER → Task submitted: retrofit_to_workshop (pending=3)
20:55:07 | INFO     | t=10586.0: LOCO[LOCO_02] → TRAIN_PREP completed at WS_02 (2.0 min)
20:55:07 | INFO     | t=10591.0: BATCH → Putting 2 wagons on retrofitted track retrofitted
20:55:07 | INFO     | t=10591.0: WAGON[W6008] → Added to retrofitted track retrofitted
20:55:07 | INFO     | t=10591.0: WAGON[W0293] → Added to retrofitted track retrofitted
20:55:07 | INFO     | EVENT_PUBLISHED: TrainArrivedEvent | train=T142 | time=10593.5
20:55:07 | INFO     | EVENT_HANDLING: TrainArrivedEvent -> RetrofitWorkshopContext._handle_train_arrived
20:55:07 | INFO     | EVENT_HANDLED: TrainArrivedEvent by RetrofitWorkshopContext._handle_train_arrived
20:55:07 | INFO     | t=10596.0: WORKSHOP[WS_02] → Released, notifying 0 waiting processes
20:55:07 | INFO     | t=10596.0: DISPATCHER → Assigned loco LOCO_02 to retrofit_to_workshop (waited 17.0 min, pending=2)
20:55:07 | INFO     | t=10596.0: RAKE[W0616,W12177] → COUPLING at retrofit (1 couplings, 2.0 min)
20:55:07 | INFO     | t=10596.0: WAGON[W10772] → Retrieved from retrofit queue
20:55:07 | INFO     | t=10596.0: WORKSHOP[WS_02] → Selected for batch
20:55:07 | INFO     | t=10596.0: WAGON[W0888] → Added to batch
20:55:07 | INFO     | t=10596.0: BATCH[W10772,W0888] → Formed 2 wagons for WS_02
20:55:07 | INFO     | t=10596.0: TRACK[retrofit] → Removed 2 wagons (45.0m freed)
20:55:07 | INFO     | t=10596.0: DISPATCHER → Task submitted: retrofit_to_workshop (pending=3)
20:55:07 | INFO     | t=10603.0: LOCO[LOCO_02] → COUPLING at retrofit (2.0 min)
20:55:07 | INFO     | t=10605.0: LOCO[LOCO_02] → SHUNTING_PREP at retrofit (1.0 min)
20:55:07 | INFO     | t=10611.0: LOCO[LOCO_02] → DECOUPLING at WS_01 (3.0 min)
20:55:07 | INFO     | t=10614.0: RAKE[W0616,W12177] → DECOUPLING at WS_01 (1 couplings, 3.0 min)
20:55:07 | INFO     | EVENT_PUBLISHED: TrainArrivedEvent | train=T143 | time=10616.5
20:55:07 | INFO     | EVENT_HANDLING: TrainArrivedEvent -> RetrofitWorkshopContext._handle_train_arrived
20:55:07 | INFO     | EVENT_HANDLED: TrainArrivedEvent by RetrofitWorkshopContext._handle_train_arrived
20:55:07 | INFO     | t=10617.0: WAGON[W0616] → RETROFIT_STARTED at WS_01
20:55:07 | INFO     | t=10617.0: WAGON[W12177] → RETROFIT_STARTED at WS_01
20:55:07 | INFO     | t=10622.0: DISPATCHER → Assigned loco LOCO_02 to retrofit_to_workshop (waited 26.0 min, pending=2)
20:55:07 | INFO     | t=10622.0: RAKE[W10772,W0888] → COUPLING at retrofit (1 couplings, 2.0 min)
20:55:07 | INFO     | t=10622.0: WAGON[W7853] → Retrieved from retrofit queue
20:55:07 | INFO     | t=10622.0: WORKSHOP → No workshop available, waiting...
20:55:07 | INFO     | t=10629.0: LOCO[LOCO_02] → COUPLING at retrofit (2.0 min)
20:55:07 | INFO     | t=10631.0: LOCO[LOCO_02] → SHUNTING_PREP at retrofit (1.0 min)
20:55:07 | INFO     | t=10637.0: LOCO[LOCO_02] → DECOUPLING at WS_02 (3.0 min)
20:55:07 | INFO     | t=10638.0: LOCO[LOCO_01] → Releasing
20:55:07 | INFO     | t=10638.0: LOCO[LOCO_01] → Released
20:55:07 | INFO     | t=10638.0: PARKING → Got wagon W9355 from retrofitted
20:55:07 | INFO     | t=10638.0: DISPATCHER → Assigned loco LOCO_01 to collection_to_retrofit (waited 191.5 min, pending=1)
20:55:07 | INFO     | t=10638.0: LOCO → Allocating for parking transport
20:55:07 | INFO     | t=10638.0: DISPATCHER → Task submitted: retrofitted_to_parking (pending=2)
20:55:07 | INFO     | t=10640.0: RAKE[W10772,W0888] → DECOUPLING at WS_02 (1 couplings, 3.0 min)
20:55:07 | INFO     | t=10643.0: WAGON[W10772] → RETROFIT_STARTED at WS_02
20:55:07 | INFO     | t=10643.0: WAGON[W0888] → RETROFIT_STARTED at WS_02
20:55:07 | INFO     | t=10648.0: DISPATCHER → Assigned loco LOCO_02 to collection_to_retrofit (waited 165.0 min, pending=1)
20:55:07 | INFO     | t=10677.0: RAKE[W0616,W12177] → COUPLING at WS_01 (1 couplings, 0.5 min)
20:55:07 | INFO     | t=10677.5: LOCO → Allocating for pickup from WS_01
20:55:07 | INFO     | t=10677.5: DISPATCHER → Task submitted: workshop_to_retrofitted (pending=2)
20:55:07 | INFO     | t=10698.0: LOCO[LOCO_01] → TRAIN_PREP at collection (coupling + prep, 9.0 min)
20:55:07 | INFO     | t=10703.0: RAKE[W10772,W0888] → COUPLING at WS_02 (1 couplings, 0.5 min)
20:55:07 | INFO     | t=10703.5: LOCO → Allocating for pickup from WS_02
20:55:07 | INFO     | t=10703.5: DISPATCHER → Task submitted: workshop_to_retrofitted (pending=3)
20:55:07 | INFO     | t=10708.0: LOCO[LOCO_02] → TRAIN_PREP at collection (coupling + prep, 5.0 min)
20:55:07 | INFO     | t=10767.0: LOCO[LOCO_01] → DECOUPLING at retrofit (12.0 min)
20:55:07 | INFO     | t=10773.0: LOCO[LOCO_02] → DECOUPLING at retrofit (6.0 min)
20:55:07 | INFO     | t=10779.0: RAKE[W5316,W9043,W2149,W0875] → DECOUPLING at retrofit (3 couplings, 9.0 min)
20:55:07 | INFO     | t=10779.0: RAKE[W12031,W8714] → DECOUPLING at retrofit (1 couplings, 3.0 min)
20:55:07 | INFO     | t=10787.0: DISPATCHER → Hold override for retrofitted_to_parking (waited 149.0 min >= max 45.0 min)
20:55:07 | INFO     | t=10787.0: DISPATCHER → Assigned loco LOCO_02 to workshop_to_retrofitted (waited 109.5 min, pending=2)
20:55:07 | INFO     | t=10787.0: DISPATCHER → Hold override for retrofitted_to_parking (waited 149.0 min >= max 45.0 min)
20:55:07 | INFO     | t=10787.0: LOCO[LOCO_02] → Allocated for pickup
20:55:07 | INFO     | t=10787.0: Batch size limited by retrofit capacity: 5 wagons (103.0m) fits, 14 waiting
20:55:07 | INFO     | t=10787.0: COLLECTION → Reserving retrofit track capacity for 5 wagons
20:55:07 | INFO     | t=10787.0: COLLECTION → Capacity reserved, allocating locomotive
20:55:07 | INFO     | t=10787.0: DISPATCHER → Task submitted: collection_to_retrofit (pending=3)
20:55:07 | INFO     | EVENT_PUBLISHED: TrainArrivedEvent | train=T144 | time=10788.0
20:55:07 | INFO     | EVENT_HANDLING: TrainArrivedEvent -> RetrofitWorkshopContext._handle_train_arrived
20:55:07 | INFO     | EVENT_HANDLED: TrainArrivedEvent by RetrofitWorkshopContext._handle_train_arrived
20:55:07 | INFO     | t=10793.0: Batch size limited by retrofit capacity: 1 wagons (19.9m) fits, 18 waiting
20:55:07 | INFO     | t=10793.0: DISPATCHER → Hold override for retrofitted_to_parking (waited 155.0 min >= max 45.0 min)
20:55:07 | INFO     | t=10793.0: DISPATCHER → Assigned loco LOCO_01 to workshop_to_retrofitted (waited 89.5 min, pending=2)
20:55:07 | INFO     | t=10793.0: DISPATCHER → Hold override for retrofitted_to_parking (waited 155.0 min >= max 45.0 min)
20:55:07 | INFO     | t=10793.0: COLLECTION → Reserving retrofit track capacity for 1 wagons
20:55:07 | INFO     | t=10793.0: LOCO[LOCO_01] → Allocated for pickup
20:55:07 | INFO     | EVENT_PUBLISHED: TrainArrivedEvent | train=T145 | time=10793.2
20:55:07 | INFO     | EVENT_HANDLING: TrainArrivedEvent -> RetrofitWorkshopContext._handle_train_arrived
20:55:07 | INFO     | EVENT_HANDLED: TrainArrivedEvent by RetrofitWorkshopContext._handle_train_arrived
20:55:07 | INFO     | t=10794.0: LOCO[LOCO_02] → TRAIN_PREP completed at WS_01 (2.0 min)
20:55:07 | INFO     | EVENT_PUBLISHED: TrainArrivedEvent | train=T146 | time=10795.0
20:55:07 | INFO     | EVENT_HANDLING: TrainArrivedEvent -> RetrofitWorkshopContext._handle_train_arrived
20:55:07 | INFO     | EVENT_HANDLED: TrainArrivedEvent by RetrofitWorkshopContext._handle_train_arrived
20:55:07 | INFO     | EVENT_PUBLISHED: TrainArrivedEvent | train=T147 | time=10796.8
20:55:07 | INFO     | EVENT_HANDLING: TrainArrivedEvent -> RetrofitWorkshopContext._handle_train_arrived
20:55:07 | INFO     | EVENT_HANDLED: TrainArrivedEvent by RetrofitWorkshopContext._handle_train_arrived
20:55:07 | INFO     | t=10799.0: BATCH → Putting 2 wagons on retrofitted track retrofitted
20:55:07 | INFO     | t=10799.0: WAGON[W0616] → Added to retrofitted track retrofitted
20:55:07 | INFO     | t=10799.0: WAGON[W12177] → Added to retrofitted track retrofitted
20:55:07 | INFO     | t=10800.0: LOCO[LOCO_01] → TRAIN_PREP completed at WS_02 (2.0 min)
20:55:07 | INFO     | t=10804.0: WORKSHOP[WS_01] → Released, notifying 1 waiting processes
20:55:07 | INFO     | t=10804.0: WORKSHOP → Workshop became available
20:55:07 | INFO     | t=10804.0: WORKSHOP[WS_01] → Selected for batch
20:55:07 | INFO     | t=10804.0: DISPATCHER → Hold override for retrofitted_to_parking (waited 166.0 min >= max 45.0 min)
20:55:07 | INFO     | t=10804.0: DISPATCHER → Assigned loco LOCO_02 to retrofitted_to_parking (waited 166.0 min, pending=1)
20:55:07 | INFO     | t=10804.0: WAGON[W6704] → Added to batch
20:55:07 | INFO     | t=10804.0: BATCH[W7853,W6704] → Formed 2 wagons for WS_01
20:55:07 | INFO     | t=10804.0: LOCO[LOCO_02] → Allocated for parking transport
20:55:07 | INFO     | t=10804.0: TRACK[retrofit] → Removed 2 wagons (38.1m freed)
20:55:07 | INFO     | t=10804.0: DISPATCHER → Task submitted: retrofit_to_workshop (pending=2)
20:55:07 | INFO     | t=10804.0: COLLECTION → Capacity reserved, allocating locomotive
20:55:07 | INFO     | t=10804.0: DISPATCHER → Task submitted: collection_to_retrofit (pending=3)
20:55:07 | INFO     | t=10805.0: BATCH → Putting 2 wagons on retrofitted track retrofitted
20:55:07 | INFO     | t=10805.0: WAGON[W10772] → Added to retrofitted track retrofitted
20:55:07 | INFO     | t=10805.0: WAGON[W0888] → Added to retrofitted track retrofitted
20:55:07 | INFO     | t=10809.0: LOCO[LOCO_02] → TRAIN_PREP at retrofitted (coupling + prep, 5.0 min)
20:55:07 | INFO     | t=10810.0: WORKSHOP[WS_02] → Released, notifying 0 waiting processes
20:55:07 | INFO     | t=10810.0: DISPATCHER → Assigned loco LOCO_01 to retrofit_to_workshop (waited 6.0 min, pending=2)
20:55:07 | INFO     | t=10810.0: RAKE[W7853,W6704] → COUPLING at retrofit (1 couplings, 2.0 min)
20:55:07 | INFO     | t=10810.0: WAGON[W0167] → Retrieved from retrofit queue
20:55:07 | INFO     | t=10810.0: WORKSHOP[WS_02] → Selected for batch
20:55:07 | INFO     | t=10810.0: WAGON[W5380] → Added to batch
20:55:07 | INFO     | t=10810.0: BATCH[W0167,W5380] → Formed 2 wagons for WS_02
20:55:07 | INFO     | t=10810.0: TRACK[retrofit] → Removed 2 wagons (31.9m freed)
20:55:07 | INFO     | t=10810.0: DISPATCHER → Task submitted: retrofit_to_workshop (pending=3)
20:55:07 | INFO     | t=10817.0: LOCO[LOCO_01] → COUPLING at retrofit (2.0 min)
20:55:07 | INFO     | t=10819.0: LOCO[LOCO_01] → SHUNTING_PREP at retrofit (1.0 min)
20:55:07 | INFO     | t=10825.0: LOCO[LOCO_01] → DECOUPLING at WS_01 (3.0 min)
20:55:07 | INFO     | t=10828.0: RAKE[W7853,W6704] → DECOUPLING at WS_01 (1 couplings, 3.0 min)
20:55:07 | INFO     | t=10831.0: WAGON[W7853] → RETROFIT_STARTED at WS_01
20:55:07 | INFO     | t=10831.0: WAGON[W6704] → RETROFIT_STARTED at WS_01
20:55:07 | INFO     | t=10836.0: DISPATCHER → Assigned loco LOCO_01 to retrofit_to_workshop (waited 26.0 min, pending=2)
20:55:07 | INFO     | t=10836.0: RAKE[W0167,W5380] → COUPLING at retrofit (1 couplings, 2.0 min)
20:55:07 | INFO     | t=10836.0: WAGON[W5989] → Retrieved from retrofit queue
20:55:07 | INFO     | t=10836.0: WORKSHOP → No workshop available, waiting...
20:55:07 | INFO     | EVENT_PUBLISHED: TrainArrivedEvent | train=T148 | time=10842.8
20:55:07 | INFO     | EVENT_HANDLING: TrainArrivedEvent -> RetrofitWorkshopContext._handle_train_arrived
20:55:07 | INFO     | EVENT_HANDLED: TrainArrivedEvent by RetrofitWorkshopContext._handle_train_arrived
20:55:07 | INFO     | t=10843.0: LOCO[LOCO_01] → COUPLING at retrofit (2.0 min)
20:55:07 | INFO     | t=10845.0: LOCO[LOCO_01] → SHUNTING_PREP at retrofit (1.0 min)
20:55:07 | INFO     | t=10851.0: LOCO[LOCO_01] → DECOUPLING at WS_02 (3.0 min)
20:55:07 | INFO     | t=10854.0: RAKE[W0167,W5380] → DECOUPLING at WS_02 (1 couplings, 3.0 min)
20:55:07 | INFO     | t=10857.0: WAGON[W0167] → RETROFIT_STARTED at WS_02
20:55:07 | INFO     | t=10857.0: WAGON[W5380] → RETROFIT_STARTED at WS_02
20:55:07 | INFO     | EVENT_PUBLISHED: TrainArrivedEvent | train=T149 | time=10860.2
20:55:07 | INFO     | EVENT_HANDLING: TrainArrivedEvent -> RetrofitWorkshopContext._handle_train_arrived
20:55:07 | INFO     | EVENT_HANDLED: TrainArrivedEvent by RetrofitWorkshopContext._handle_train_arrived
20:55:07 | INFO     | t=10862.0: DISPATCHER → Assigned loco LOCO_01 to collection_to_retrofit (waited 75.0 min, pending=1)
20:55:07 | INFO     | t=10889.0: LOCO[LOCO_02] → DECOUPLING at parking14 (4.0 min)
20:55:07 | INFO     | t=10891.0: RAKE[W7853,W6704] → COUPLING at WS_01 (1 couplings, 0.5 min)
20:55:07 | INFO     | t=10891.5: LOCO → Allocating for pickup from WS_01
20:55:07 | INFO     | t=10891.5: DISPATCHER → Task submitted: workshop_to_retrofitted (pending=2)
20:55:07 | INFO     | t=10893.0: RAKE[W9355,W0928,W8578,W9358,W5612,W5821,W6008,W0293] → DECOUPLING at parking14 (7 couplings, 3.5 min)
20:55:07 | INFO     | t=10917.0: RAKE[W0167,W5380] → COUPLING at WS_02 (1 couplings, 0.5 min)
20:55:07 | INFO     | t=10917.5: LOCO → Allocating for pickup from WS_02
20:55:07 | INFO     | t=10917.5: DISPATCHER → Task submitted: workshop_to_retrofitted (pending=3)
20:55:07 | INFO     | t=10922.0: LOCO[LOCO_01] → TRAIN_PREP at collection (coupling + prep, 11.0 min)
20:55:07 | INFO     | EVENT_PUBLISHED: TrainArrivedEvent | train=T150 | time=10947.8
20:55:07 | INFO     | EVENT_HANDLING: TrainArrivedEvent -> RetrofitWorkshopContext._handle_train_arrived
20:55:07 | INFO     | EVENT_HANDLED: TrainArrivedEvent by RetrofitWorkshopContext._handle_train_arrived
20:55:07 | INFO     | t=10956.5: LOCO[LOCO_02] → Releasing
20:55:07 | INFO     | t=10956.5: LOCO[LOCO_02] → Released
20:55:07 | INFO     | t=10956.5: PARKING → Got wagon W0616 from retrofitted
20:55:07 | INFO     | t=10956.5: DISPATCHER → Assigned loco LOCO_02 to workshop_to_retrofitted (waited 65.0 min, pending=2)
20:55:07 | INFO     | t=10956.5: LOCO[LOCO_02] → Allocated for pickup
20:55:07 | INFO     | t=10956.5: LOCO → Allocating for parking transport
20:55:07 | INFO     | t=10956.5: DISPATCHER → Task submitted: retrofitted_to_parking (pending=3)
20:55:07 | INFO     | t=10963.5: LOCO[LOCO_02] → TRAIN_PREP completed at WS_01 (2.0 min)
20:55:07 | INFO     | t=10968.5: BATCH → Putting 2 wagons on retrofitted track retrofitted
20:55:07 | INFO     | t=10968.5: WAGON[W7853] → Added to retrofitted track retrofitted
20:55:07 | INFO     | t=10968.5: WAGON[W6704] → Added to retrofitted track retrofitted
20:55:07 | INFO     | t=10973.5: WORKSHOP[WS_01] → Released, notifying 1 waiting processes
20:55:07 | INFO     | t=10973.5: WORKSHOP → Workshop became available
20:55:07 | INFO     | t=10973.5: WORKSHOP[WS_01] → Selected for batch
20:55:07 | INFO     | t=10973.5: DISPATCHER → Assigned loco LOCO_02 to workshop_to_retrofitted (waited 56.0 min, pending=2)
20:55:07 | INFO     | t=10973.5: WAGON[W5415] → Added to batch
20:55:07 | INFO     | t=10973.5: BATCH[W5989,W5415] → Formed 2 wagons for WS_01
20:55:07 | INFO     | t=10973.5: LOCO[LOCO_02] → Allocated for pickup
20:55:07 | INFO     | t=10973.5: TRACK[retrofit] → Removed 2 wagons (30.7m freed)
20:55:07 | INFO     | t=10973.5: DISPATCHER → Task submitted: retrofit_to_workshop (pending=3)
20:55:07 | INFO     | EVENT_PUBLISHED: TrainArrivedEvent | train=T151 | time=10973.8
20:55:07 | INFO     | EVENT_HANDLING: TrainArrivedEvent -> RetrofitWorkshopContext._handle_train_arrived
20:55:07 | INFO     | EVENT_HANDLED: TrainArrivedEvent by RetrofitWorkshopContext._handle_train_arrived
20:55:07 | INFO     | t=10980.5: LOCO[LOCO_02] → TRAIN_PREP completed at WS_02 (2.0 min)
20:55:07 | INFO     | t=10985.5: BATCH → Putting 2 wagons on retrofitted track retrofitted
20:55:07 | INFO     | t=10985.5: WAGON[W0167] → Added to retrofitted track retrofitted
20:55:07 | INFO     | t=10985.5: WAGON[W5380] → Added to retrofitted track retrofitted
20:55:07 | INFO     | t=10990.5: WORKSHOP[WS_02] → Released, notifying 0 waiting processes
20:55:07 | INFO     | t=10990.5: DISPATCHER → Assigned loco LOCO_02 to retrofit_to_workshop (waited 17.0 min, pending=2)
20:55:07 | INFO     | t=10990.5: RAKE[W5989,W5415] → COUPLING at retrofit (1 couplings, 2.0 min)
20:55:07 | INFO     | t=10990.5: WAGON[W5316] → Retrieved from retrofit queue
20:55:07 | INFO     | t=10990.5: WORKSHOP[WS_02] → Selected for batch
20:55:07 | INFO     | t=10990.5: WAGON[W9043] → Added to batch
20:55:07 | INFO     | t=10990.5: BATCH[W5316,W9043] → Formed 2 wagons for WS_02
20:55:07 | INFO     | t=10990.5: TRACK[retrofit] → Removed 2 wagons (34.6m freed)
20:55:07 | INFO     | t=10990.5: DISPATCHER → Task submitted: retrofit_to_workshop (pending=3)
20:55:07 | INFO     | t=10993.0: LOCO[LOCO_01] → DECOUPLING at retrofit (15.0 min)
20:55:07 | INFO     | t=10997.5: LOCO[LOCO_02] → COUPLING at retrofit (2.0 min)
20:55:07 | INFO     | t=10999.5: LOCO[LOCO_02] → SHUNTING_PREP at retrofit (1.0 min)
20:55:07 | INFO     | t=11005.5: LOCO[LOCO_02] → DECOUPLING at WS_01 (3.0 min)
20:55:07 | INFO     | t=11008.0: RAKE[W7877,W5280,W1120,W11518,W9071] → DECOUPLING at retrofit (4 couplings, 12.0 min)
20:55:07 | INFO     | t=11008.5: RAKE[W5989,W5415] → DECOUPLING at WS_01 (1 couplings, 3.0 min)
20:55:07 | INFO     | t=11011.5: WAGON[W5989] → RETROFIT_STARTED at WS_01
20:55:07 | INFO     | t=11011.5: WAGON[W5415] → RETROFIT_STARTED at WS_01
20:55:07 | INFO     | t=11016.5: DISPATCHER → Hold override for retrofitted_to_parking (waited 60.0 min >= max 45.0 min)
20:55:07 | INFO     | t=11016.5: DISPATCHER → Assigned loco LOCO_02 to retrofit_to_workshop (waited 26.0 min, pending=2)
20:55:07 | INFO     | t=11016.5: RAKE[W5316,W9043] → COUPLING at retrofit (1 couplings, 2.0 min)
20:55:07 | INFO     | t=11016.5: WAGON[W2149] → Retrieved from retrofit queue
20:55:07 | INFO     | t=11016.5: WORKSHOP → No workshop available, waiting...
20:55:07 | INFO     | t=11023.5: LOCO[LOCO_02] → COUPLING at retrofit (2.0 min)
20:55:07 | INFO     | t=11025.0: DISPATCHER → Hold override for retrofitted_to_parking (waited 68.5 min >= max 45.0 min)
20:55:07 | INFO     | t=11025.0: DISPATCHER → Assigned loco LOCO_01 to collection_to_retrofit (waited 221.0 min, pending=1)
20:55:07 | INFO     | t=11025.0: DISPATCHER → Hold override for retrofitted_to_parking (waited 68.5 min >= max 45.0 min)
20:55:07 | INFO     | t=11025.0: Batch size limited by retrofit capacity: 6 wagons (108.2m) fits, 13 waiting
20:55:07 | INFO     | t=11025.0: COLLECTION → Reserving retrofit track capacity for 6 wagons
20:55:07 | INFO     | t=11025.0: COLLECTION → Capacity reserved, allocating locomotive
20:55:07 | INFO     | t=11025.0: DISPATCHER → Task submitted: collection_to_retrofit (pending=2)
20:55:07 | INFO     | t=11025.5: LOCO[LOCO_02] → SHUNTING_PREP at retrofit (1.0 min)
20:55:07 | INFO     | t=11031.5: LOCO[LOCO_02] → DECOUPLING at WS_02 (3.0 min)
20:55:07 | INFO     | t=11034.5: RAKE[W5316,W9043] → DECOUPLING at WS_02 (1 couplings, 3.0 min)
20:55:07 | INFO     | t=11037.5: WAGON[W5316] → RETROFIT_STARTED at WS_02
20:55:07 | INFO     | t=11037.5: WAGON[W9043] → RETROFIT_STARTED at WS_02
20:55:07 | INFO     | t=11042.5: DISPATCHER → Hold override for retrofitted_to_parking (waited 86.0 min >= max 45.0 min)
20:55:07 | INFO     | t=11042.5: DISPATCHER → Assigned loco LOCO_02 to retrofitted_to_parking (waited 86.0 min, pending=1)
20:55:07 | INFO     | t=11042.5: LOCO[LOCO_02] → Allocated for parking transport
20:55:07 | INFO     | t=11047.5: LOCO[LOCO_02] → TRAIN_PREP at retrofitted (coupling + prep, 3.0 min)
20:55:07 | INFO     | t=11071.5: RAKE[W5989,W5415] → COUPLING at WS_01 (1 couplings, 0.5 min)
20:55:07 | INFO     | t=11072.0: LOCO → Allocating for pickup from WS_01
20:55:07 | INFO     | t=11072.0: DISPATCHER → Task submitted: workshop_to_retrofitted (pending=2)
20:55:07 | INFO     | t=11085.0: LOCO[LOCO_01] → TRAIN_PREP at collection (coupling + prep, 3.0 min)
20:55:07 | INFO     | t=11097.5: RAKE[W5316,W9043] → COUPLING at WS_02 (1 couplings, 0.5 min)
20:55:07 | INFO     | t=11098.0: LOCO → Allocating for pickup from WS_02
20:55:07 | INFO     | t=11098.0: DISPATCHER → Task submitted: workshop_to_retrofitted (pending=3)
20:55:07 | INFO     | t=11148.0: LOCO[LOCO_01] → DECOUPLING at retrofit (3.0 min)
20:55:07 | INFO     | t=11151.0: RAKE[W10441] → DECOUPLING at retrofit (0 couplings, 0.0 min)
20:55:07 | INFO     | t=11156.0: Batch size limited by retrofit capacity: 1 wagons (19.9m) fits, 18 waiting
20:55:07 | INFO     | t=11156.0: DISPATCHER → Assigned loco LOCO_01 to workshop_to_retrofitted (waited 84.0 min, pending=2)
20:55:07 | INFO     | t=11156.0: COLLECTION → Reserving retrofit track capacity for 1 wagons
20:55:07 | INFO     | t=11156.0: LOCO[LOCO_01] → Allocated for pickup
20:55:07 | INFO     | t=11163.0: LOCO[LOCO_01] → TRAIN_PREP completed at WS_01 (2.0 min)
20:55:07 | INFO     | t=11168.0: BATCH → Putting 2 wagons on retrofitted track retrofitted
20:55:07 | INFO     | t=11168.0: WAGON[W5989] → Added to retrofitted track retrofitted
20:55:07 | INFO     | t=11168.0: WAGON[W5415] → Added to retrofitted track retrofitted
20:55:07 | INFO     | t=11170.5: LOCO[LOCO_02] → DECOUPLING at parking16 (2.0 min)
20:55:07 | INFO     | t=11172.5: RAKE[W0616,W12177,W10772,W0888] → DECOUPLING at parking16 (3 couplings, 1.5 min)
20:55:07 | INFO     | t=11173.0: WORKSHOP[WS_01] → Released, notifying 1 waiting processes
20:55:07 | INFO     | t=11173.0: WORKSHOP → Workshop became available
20:55:07 | INFO     | t=11173.0: WORKSHOP[WS_01] → Selected for batch
20:55:07 | INFO     | t=11173.0: DISPATCHER → Assigned loco LOCO_01 to workshop_to_retrofitted (waited 75.0 min, pending=1)
20:55:07 | INFO     | t=11173.0: WAGON[W0875] → Added to batch
20:55:07 | INFO     | t=11173.0: BATCH[W2149,W0875] → Formed 2 wagons for WS_01
20:55:07 | INFO     | t=11173.0: LOCO[LOCO_01] → Allocated for pickup
20:55:07 | INFO     | t=11173.0: TRACK[retrofit] → Removed 2 wagons (27.6m freed)
20:55:07 | INFO     | t=11173.0: DISPATCHER → Task submitted: retrofit_to_workshop (pending=2)
20:55:07 | INFO     | t=11173.0: COLLECTION → Capacity reserved, allocating locomotive
20:55:07 | INFO     | t=11173.0: DISPATCHER → Task submitted: collection_to_retrofit (pending=3)
20:55:07 | INFO     | t=11180.0: LOCO[LOCO_01] → TRAIN_PREP completed at WS_02 (2.0 min)
20:55:07 | INFO     | t=11185.0: BATCH → Putting 2 wagons on retrofitted track retrofitted
20:55:07 | INFO     | t=11185.0: WAGON[W5316] → Added to retrofitted track retrofitted
20:55:07 | INFO     | t=11185.0: WAGON[W9043] → Added to retrofitted track retrofitted
20:55:07 | INFO     | t=11190.0: WORKSHOP[WS_02] → Released, notifying 0 waiting processes
20:55:07 | INFO     | t=11190.0: DISPATCHER → Assigned loco LOCO_01 to retrofit_to_workshop (waited 17.0 min, pending=2)
20:55:07 | INFO     | t=11190.0: RAKE[W2149,W0875] → COUPLING at retrofit (1 couplings, 2.0 min)
20:55:07 | INFO     | t=11190.0: WAGON[W12031] → Retrieved from retrofit queue
20:55:07 | INFO     | t=11190.0: WORKSHOP[WS_02] → Selected for batch
20:55:07 | INFO     | t=11190.0: WAGON[W8714] → Added to batch
20:55:07 | INFO     | t=11190.0: BATCH[W12031,W8714] → Formed 2 wagons for WS_02
20:55:07 | INFO     | t=11190.0: TRACK[retrofit] → Removed 2 wagons (46.5m freed)
20:55:07 | INFO     | t=11190.0: DISPATCHER → Task submitted: retrofit_to_workshop (pending=3)
20:55:07 | INFO     | t=11197.0: LOCO[LOCO_01] → COUPLING at retrofit (2.0 min)
20:55:07 | INFO     | t=11199.0: LOCO[LOCO_01] → SHUNTING_PREP at retrofit (1.0 min)
20:55:07 | INFO     | t=11205.0: LOCO[LOCO_01] → DECOUPLING at WS_01 (3.0 min)
20:55:07 | INFO     | t=11208.0: RAKE[W2149,W0875] → DECOUPLING at WS_01 (1 couplings, 3.0 min)
20:55:07 | INFO     | t=11211.0: WAGON[W2149] → RETROFIT_STARTED at WS_01
20:55:07 | INFO     | t=11211.0: WAGON[W0875] → RETROFIT_STARTED at WS_01
20:55:07 | INFO     | t=11216.0: DISPATCHER → Assigned loco LOCO_01 to retrofit_to_workshop (waited 26.0 min, pending=2)
20:55:07 | INFO     | t=11216.0: RAKE[W12031,W8714] → COUPLING at retrofit (1 couplings, 2.0 min)
20:55:07 | INFO     | t=11216.0: WAGON[W7877] → Retrieved from retrofit queue
20:55:07 | INFO     | t=11216.0: WORKSHOP → No workshop available, waiting...
20:55:07 | INFO     | t=11223.0: LOCO[LOCO_01] → COUPLING at retrofit (2.0 min)
20:55:07 | INFO     | t=11225.0: LOCO[LOCO_01] → SHUNTING_PREP at retrofit (1.0 min)
20:55:07 | INFO     | t=11231.0: LOCO[LOCO_01] → DECOUPLING at WS_02 (3.0 min)
20:55:07 | INFO     | EVENT_PUBLISHED: TrainArrivedEvent | train=T152 | time=11231.5
20:55:07 | INFO     | EVENT_HANDLING: TrainArrivedEvent -> RetrofitWorkshopContext._handle_train_arrived
20:55:07 | INFO     | EVENT_HANDLED: TrainArrivedEvent by RetrofitWorkshopContext._handle_train_arrived
20:55:07 | INFO     | t=11234.0: LOCO[LOCO_02] → Releasing
20:55:07 | INFO     | t=11234.0: RAKE[W12031,W8714] → DECOUPLING at WS_02 (1 couplings, 3.0 min)
20:55:07 | INFO     | t=11234.0: LOCO[LOCO_02] → Released
20:55:07 | INFO     | t=11234.0: PARKING → Got wagon W7853 from retrofitted
20:55:07 | INFO     | t=11234.0: DISPATCHER → Assigned loco LOCO_02 to collection_to_retrofit (waited 209.0 min, pending=1)
20:55:07 | INFO     | t=11234.0: LOCO → Allocating for parking transport
20:55:07 | INFO     | t=11234.0: DISPATCHER → Task submitted: retrofitted_to_parking (pending=2)
20:55:07 | INFO     | t=11237.0: WAGON[W12031] → RETROFIT_STARTED at WS_02
20:55:07 | INFO     | t=11237.0: WAGON[W8714] → RETROFIT_STARTED at WS_02
20:55:07 | INFO     | t=11242.0: DISPATCHER → Assigned loco LOCO_01 to collection_to_retrofit (waited 69.0 min, pending=1)
20:55:07 | INFO     | t=11271.0: RAKE[W2149,W0875] → COUPLING at WS_01 (1 couplings, 0.5 min)
20:55:07 | INFO     | t=11271.5: LOCO → Allocating for pickup from WS_01
20:55:07 | INFO     | t=11271.5: DISPATCHER → Task submitted: workshop_to_retrofitted (pending=2)
20:55:07 | INFO     | t=11294.0: LOCO[LOCO_02] → TRAIN_PREP at collection (coupling + prep, 13.0 min)
20:55:07 | INFO     | t=11297.0: RAKE[W12031,W8714] → COUPLING at WS_02 (1 couplings, 0.5 min)
20:55:07 | INFO     | t=11297.5: LOCO → Allocating for pickup from WS_02
20:55:07 | INFO     | t=11297.5: DISPATCHER → Task submitted: workshop_to_retrofitted (pending=3)
20:55:07 | INFO     | t=11302.0: LOCO[LOCO_01] → TRAIN_PREP at collection (coupling + prep, 3.0 min)
20:55:07 | INFO     | t=11365.0: LOCO[LOCO_01] → DECOUPLING at retrofit (3.0 min)
20:55:07 | INFO     | t=11367.0: LOCO[LOCO_02] → DECOUPLING at retrofit (18.0 min)
20:55:07 | INFO     | t=11368.0: RAKE[W10435] → DECOUPLING at retrofit (0 couplings, 0.0 min)
20:55:07 | INFO     | t=11373.0: DISPATCHER → Hold override for retrofitted_to_parking (waited 139.0 min >= max 45.0 min)
20:55:07 | INFO     | t=11373.0: DISPATCHER → Assigned loco LOCO_01 to workshop_to_retrofitted (waited 101.5 min, pending=2)
20:55:07 | INFO     | t=11373.0: DISPATCHER → Hold override for retrofitted_to_parking (waited 139.0 min >= max 45.0 min)
20:55:07 | INFO     | t=11373.0: LOCO[LOCO_01] → Allocated for pickup
20:55:07 | INFO     | t=11373.0: Batch size limited by retrofit capacity: 3 wagons (63.0m) fits, 17 waiting
20:55:07 | INFO     | t=11373.0: COLLECTION → Reserving retrofit track capacity for 3 wagons
20:55:07 | INFO     | t=11373.0: COLLECTION → Capacity reserved, allocating locomotive
20:55:07 | INFO     | t=11373.0: DISPATCHER → Task submitted: collection_to_retrofit (pending=3)
20:55:07 | INFO     | t=11380.0: LOCO[LOCO_01] → TRAIN_PREP completed at WS_01 (2.0 min)
20:55:07 | INFO     | t=11385.0: RAKE[W11516,W5434,W6421,W4802,W8616,W0234] → DECOUPLING at retrofit (5 couplings, 15.0 min)
20:55:07 | INFO     | t=11385.0: BATCH → Putting 2 wagons on retrofitted track retrofitted
20:55:07 | INFO     | t=11385.0: WAGON[W2149] → Added to retrofitted track retrofitted
20:55:07 | INFO     | t=11385.0: WAGON[W0875] → Added to retrofitted track retrofitted
20:55:07 | INFO     | t=11390.0: WORKSHOP[WS_01] → Released, notifying 1 waiting processes
20:55:07 | INFO     | t=11390.0: WORKSHOP → Workshop became available
20:55:07 | INFO     | t=11390.0: WORKSHOP[WS_01] → Selected for batch
20:55:07 | INFO     | t=11390.0: DISPATCHER → Hold override for retrofitted_to_parking (waited 156.0 min >= max 45.0 min)
20:55:07 | INFO     | t=11390.0: DISPATCHER → Assigned loco LOCO_01 to workshop_to_retrofitted (waited 92.5 min, pending=2)
20:55:07 | INFO     | t=11390.0: DISPATCHER → Hold override for retrofitted_to_parking (waited 156.0 min >= max 45.0 min)
20:55:07 | INFO     | t=11390.0: WAGON[W5280] → Added to batch
20:55:07 | INFO     | t=11390.0: BATCH[W7877,W5280] → Formed 2 wagons for WS_01
20:55:07 | INFO     | t=11390.0: LOCO[LOCO_01] → Allocated for pickup
20:55:07 | INFO     | t=11390.0: TRACK[retrofit] → Removed 2 wagons (38.8m freed)
20:55:07 | INFO     | t=11390.0: DISPATCHER → Task submitted: retrofit_to_workshop (pending=3)
20:55:07 | INFO     | t=11397.0: LOCO[LOCO_01] → TRAIN_PREP completed at WS_02 (2.0 min)
20:55:07 | INFO     | t=11402.0: BATCH → Putting 2 wagons on retrofitted track retrofitted
20:55:07 | INFO     | t=11402.0: WAGON[W12031] → Added to retrofitted track retrofitted
20:55:07 | INFO     | t=11402.0: WAGON[W8714] → Added to retrofitted track retrofitted
20:55:07 | INFO     | t=11405.0: DISPATCHER → Hold override for retrofitted_to_parking (waited 171.0 min >= max 45.0 min)
20:55:07 | INFO     | t=11405.0: DISPATCHER → Assigned loco LOCO_02 to retrofit_to_workshop (waited 15.0 min, pending=2)
20:55:07 | INFO     | t=11405.0: DISPATCHER → Hold override for retrofitted_to_parking (waited 171.0 min >= max 45.0 min)
20:55:07 | INFO     | t=11405.0: Batch size limited by retrofit capacity: 2 wagons (37.3m) fits, 17 waiting
20:55:07 | INFO     | t=11405.0: RAKE[W7877,W5280] → COUPLING at retrofit (1 couplings, 2.0 min)
20:55:07 | INFO     | t=11405.0: COLLECTION → Reserving retrofit track capacity for 2 wagons
20:55:07 | INFO     | t=11405.0: WAGON[W1120] → Retrieved from retrofit queue
20:55:07 | INFO     | t=11405.0: WORKSHOP → No workshop available, waiting...
20:55:07 | INFO     | t=11405.0: COLLECTION → Capacity reserved, allocating locomotive
20:55:07 | INFO     | t=11405.0: DISPATCHER → Task submitted: collection_to_retrofit (pending=3)
20:55:07 | INFO     | t=11407.0: WORKSHOP[WS_02] → Released, notifying 1 waiting processes
20:55:07 | INFO     | t=11407.0: WORKSHOP → Workshop became available
20:55:07 | INFO     | t=11407.0: WORKSHOP[WS_02] → Selected for batch
20:55:07 | INFO     | t=11407.0: DISPATCHER → Hold override for retrofitted_to_parking (waited 173.0 min >= max 45.0 min)
20:55:07 | INFO     | t=11407.0: DISPATCHER → Assigned loco LOCO_01 to retrofitted_to_parking (waited 173.0 min, pending=2)
20:55:07 | INFO     | t=11407.0: WAGON[W11518] → Added to batch
20:55:07 | INFO     | t=11407.0: BATCH[W1120,W11518] → Formed 2 wagons for WS_02
20:55:07 | INFO     | t=11407.0: LOCO[LOCO_01] → Allocated for parking transport
20:55:07 | INFO     | t=11407.0: TRACK[retrofit] → Removed 2 wagons (46.2m freed)
20:55:07 | INFO     | t=11407.0: DISPATCHER → Task submitted: retrofit_to_workshop (pending=3)
20:55:07 | INFO     | t=11412.0: LOCO[LOCO_02] → COUPLING at retrofit (2.0 min)
20:55:07 | INFO     | t=11412.0: LOCO[LOCO_01] → TRAIN_PREP at retrofitted (coupling + prep, 5.0 min)
20:55:07 | INFO     | t=11414.0: LOCO[LOCO_02] → SHUNTING_PREP at retrofit (1.0 min)
20:55:07 | INFO     | t=11420.0: LOCO[LOCO_02] → DECOUPLING at WS_01 (3.0 min)
20:55:07 | INFO     | t=11423.0: RAKE[W7877,W5280] → DECOUPLING at WS_01 (1 couplings, 3.0 min)
20:55:07 | INFO     | t=11426.0: WAGON[W7877] → RETROFIT_STARTED at WS_01
20:55:07 | INFO     | t=11426.0: WAGON[W5280] → RETROFIT_STARTED at WS_01
20:55:07 | INFO     | t=11431.0: DISPATCHER → Assigned loco LOCO_02 to retrofit_to_workshop (waited 24.0 min, pending=2)
20:55:07 | INFO     | t=11431.0: RAKE[W1120,W11518] → COUPLING at retrofit (1 couplings, 2.0 min)
20:55:07 | INFO     | t=11431.0: WAGON[W9071] → Retrieved from retrofit queue
20:55:07 | INFO     | t=11431.0: WORKSHOP → No workshop available, waiting...
20:55:07 | INFO     | t=11438.0: LOCO[LOCO_02] → COUPLING at retrofit (2.0 min)
20:55:07 | INFO     | t=11440.0: LOCO[LOCO_02] → SHUNTING_PREP at retrofit (1.0 min)
20:55:07 | INFO     | t=11446.0: LOCO[LOCO_02] → DECOUPLING at WS_02 (3.0 min)
20:55:07 | INFO     | t=11449.0: RAKE[W1120,W11518] → DECOUPLING at WS_02 (1 couplings, 3.0 min)
20:55:07 | INFO     | t=11452.0: WAGON[W1120] → RETROFIT_STARTED at WS_02
20:55:07 | INFO     | t=11452.0: WAGON[W11518] → RETROFIT_STARTED at WS_02
20:55:07 | INFO     | t=11457.0: DISPATCHER → Assigned loco LOCO_02 to collection_to_retrofit (waited 84.0 min, pending=1)
20:55:07 | INFO     | t=11477.0: LOCO[LOCO_01] → DECOUPLING at parking12 (4.0 min)
20:55:07 | INFO     | t=11481.0: RAKE[W7853,W6704,W0167,W5380,W5989,W5415,W5316,W9043] → DECOUPLING at parking12 (7 couplings, 3.5 min)
20:55:07 | INFO     | t=11486.0: RAKE[W7877,W5280] → COUPLING at WS_01 (1 couplings, 0.5 min)
20:55:07 | INFO     | t=11486.5: LOCO → Allocating for pickup from WS_01
20:55:07 | INFO     | t=11486.5: DISPATCHER → Task submitted: workshop_to_retrofitted (pending=2)
20:55:07 | INFO     | t=11512.0: RAKE[W1120,W11518] → COUPLING at WS_02 (1 couplings, 0.5 min)
20:55:07 | INFO     | t=11512.5: LOCO → Allocating for pickup from WS_02
20:55:07 | INFO     | t=11512.5: DISPATCHER → Task submitted: workshop_to_retrofitted (pending=3)
20:55:07 | INFO     | t=11517.0: LOCO[LOCO_02] → TRAIN_PREP at collection (coupling + prep, 7.0 min)
20:55:07 | INFO     | EVENT_PUBLISHED: TrainArrivedEvent | train=T153 | time=11544.2
20:55:07 | INFO     | EVENT_HANDLING: TrainArrivedEvent -> RetrofitWorkshopContext._handle_train_arrived
20:55:07 | INFO     | EVENT_HANDLED: TrainArrivedEvent by RetrofitWorkshopContext._handle_train_arrived
20:55:07 | INFO     | t=11544.5: LOCO[LOCO_01] → Releasing
20:55:07 | INFO     | t=11544.5: LOCO[LOCO_01] → Released
20:55:07 | INFO     | t=11544.5: PARKING → Got wagon W2149 from retrofitted
20:55:07 | INFO     | t=11544.5: DISPATCHER → Assigned loco LOCO_01 to workshop_to_retrofitted (waited 58.0 min, pending=2)
20:55:07 | INFO     | t=11544.5: LOCO[LOCO_01] → Allocated for pickup
20:55:07 | INFO     | t=11544.5: LOCO → Allocating for parking transport
20:55:07 | INFO     | t=11544.5: DISPATCHER → Task submitted: retrofitted_to_parking (pending=3)
20:55:07 | INFO     | t=11551.5: LOCO[LOCO_01] → TRAIN_PREP completed at WS_01 (2.0 min)
20:55:07 | INFO     | t=11556.5: BATCH → Putting 2 wagons on retrofitted track retrofitted
20:55:07 | INFO     | t=11556.5: WAGON[W7877] → Added to retrofitted track retrofitted
20:55:07 | INFO     | t=11556.5: WAGON[W5280] → Added to retrofitted track retrofitted
20:55:07 | INFO     | t=11561.5: WORKSHOP[WS_01] → Released, notifying 1 waiting processes
20:55:07 | INFO     | t=11561.5: WORKSHOP → Workshop became available
20:55:07 | INFO     | t=11561.5: WORKSHOP[WS_01] → Selected for batch
20:55:07 | INFO     | t=11561.5: DISPATCHER → Assigned loco LOCO_01 to workshop_to_retrofitted (waited 49.0 min, pending=2)
20:55:07 | INFO     | t=11561.5: WAGON[W10441] → Added to batch
20:55:07 | INFO     | t=11561.5: BATCH[W9071,W10441] → Formed 2 wagons for WS_01
20:55:07 | INFO     | t=11561.5: LOCO[LOCO_01] → Allocated for pickup
20:55:07 | INFO     | t=11561.5: TRACK[retrofit] → Removed 2 wagons (37.9m freed)
20:55:07 | INFO     | t=11561.5: DISPATCHER → Task submitted: retrofit_to_workshop (pending=3)
20:55:07 | INFO     | t=11568.5: LOCO[LOCO_01] → TRAIN_PREP completed at WS_02 (2.0 min)
20:55:07 | INFO     | t=11573.5: BATCH → Putting 2 wagons on retrofitted track retrofitted
20:55:07 | INFO     | t=11573.5: WAGON[W1120] → Added to retrofitted track retrofitted
20:55:07 | INFO     | t=11573.5: WAGON[W11518] → Added to retrofitted track retrofitted
20:55:07 | INFO     | t=11578.5: WORKSHOP[WS_02] → Released, notifying 0 waiting processes
20:55:07 | INFO     | t=11578.5: DISPATCHER → Assigned loco LOCO_01 to retrofit_to_workshop (waited 17.0 min, pending=2)
20:55:07 | INFO     | t=11578.5: RAKE[W9071,W10441] → COUPLING at retrofit (1 couplings, 2.0 min)
20:55:07 | INFO     | t=11578.5: WAGON[W10435] → Retrieved from retrofit queue
20:55:07 | INFO     | t=11578.5: WORKSHOP[WS_02] → Selected for batch
20:55:07 | INFO     | t=11578.5: WAGON[W11516] → Added to batch
20:55:07 | INFO     | t=11578.5: BATCH[W10435,W11516] → Formed 2 wagons for WS_02
20:55:07 | INFO     | t=11578.5: TRACK[retrofit] → Removed 2 wagons (46.2m freed)
20:55:07 | INFO     | t=11578.5: DISPATCHER → Task submitted: retrofit_to_workshop (pending=3)
20:55:07 | INFO     | t=11584.0: LOCO[LOCO_02] → DECOUPLING at retrofit (9.0 min)
20:55:07 | INFO     | t=11585.5: LOCO[LOCO_01] → COUPLING at retrofit (2.0 min)
20:55:07 | INFO     | t=11587.5: LOCO[LOCO_01] → SHUNTING_PREP at retrofit (1.0 min)
20:55:07 | INFO     | t=11593.0: RAKE[W1122,W4506,W1439] → DECOUPLING at retrofit (2 couplings, 6.0 min)
20:55:07 | INFO     | t=11593.5: LOCO[LOCO_01] → DECOUPLING at WS_01 (3.0 min)
20:55:07 | INFO     | t=11596.5: RAKE[W9071,W10441] → DECOUPLING at WS_01 (1 couplings, 3.0 min)
20:55:07 | INFO     | t=11599.5: WAGON[W9071] → RETROFIT_STARTED at WS_01
20:55:07 | INFO     | t=11599.5: WAGON[W10441] → RETROFIT_STARTED at WS_01
20:55:07 | INFO     | t=11604.0: DISPATCHER → Hold override for retrofitted_to_parking (waited 59.5 min >= max 45.0 min)
20:55:07 | INFO     | t=11604.0: DISPATCHER → Assigned loco LOCO_02 to retrofit_to_workshop (waited 25.5 min, pending=2)
20:55:07 | INFO     | t=11604.0: RAKE[W10435,W11516] → COUPLING at retrofit (1 couplings, 2.0 min)
20:55:07 | INFO     | t=11604.0: WAGON[W5434] → Retrieved from retrofit queue
20:55:07 | INFO     | t=11604.0: WORKSHOP → No workshop available, waiting...
20:55:07 | INFO     | t=11604.0: Batch size limited by retrofit capacity: 7 wagons (125.6m) fits, 13 waiting
20:55:07 | INFO     | t=11604.0: COLLECTION → Reserving retrofit track capacity for 7 wagons
20:55:07 | INFO     | t=11604.0: COLLECTION → Capacity reserved, allocating locomotive
20:55:07 | INFO     | t=11604.0: DISPATCHER → Task submitted: collection_to_retrofit (pending=3)
20:55:07 | INFO     | t=11604.5: DISPATCHER → Hold override for retrofitted_to_parking (waited 60.0 min >= max 45.0 min)
20:55:07 | INFO     | t=11604.5: DISPATCHER → Assigned loco LOCO_01 to retrofitted_to_parking (waited 60.0 min, pending=2)
20:55:07 | INFO     | t=11604.5: LOCO[LOCO_01] → Allocated for parking transport
20:55:07 | INFO     | t=11609.5: LOCO[LOCO_01] → TRAIN_PREP at retrofitted (coupling + prep, 3.0 min)
20:55:07 | INFO     | t=11611.0: LOCO[LOCO_02] → COUPLING at retrofit (2.0 min)
20:55:07 | INFO     | t=11613.0: LOCO[LOCO_02] → SHUNTING_PREP at retrofit (1.0 min)
20:55:07 | INFO     | t=11617.5: LOCO[LOCO_01] → DECOUPLING at parking2 (2.0 min)
20:55:07 | INFO     | t=11619.0: LOCO[LOCO_02] → DECOUPLING at WS_02 (3.0 min)
20:55:07 | INFO     | t=11619.5: RAKE[W2149,W0875,W12031,W8714] → DECOUPLING at parking2 (3 couplings, 1.5 min)
20:55:07 | INFO     | t=11622.0: RAKE[W10435,W11516] → DECOUPLING at WS_02 (1 couplings, 3.0 min)
20:55:07 | INFO     | t=11625.0: WAGON[W10435] → RETROFIT_STARTED at WS_02
20:55:07 | INFO     | t=11625.0: WAGON[W11516] → RETROFIT_STARTED at WS_02
20:55:07 | INFO     | t=11626.0: LOCO[LOCO_01] → Releasing
20:55:07 | INFO     | t=11626.0: LOCO[LOCO_01] → Released
20:55:07 | INFO     | t=11626.0: PARKING → Got wagon W7877 from retrofitted
20:55:07 | INFO     | t=11626.0: LOCO → Allocating for parking transport
20:55:07 | INFO     | t=11626.0: DISPATCHER → Task submitted: retrofitted_to_parking (pending=3)
20:55:07 | INFO     | t=11659.5: RAKE[W9071,W10441] → COUPLING at WS_01 (1 couplings, 0.5 min)
20:55:07 | INFO     | t=11660.0: LOCO → Allocating for pickup from WS_01
20:55:07 | INFO     | t=11660.0: DISPATCHER → Task submitted: workshop_to_retrofitted (pending=4)
20:55:07 | INFO     | t=11660.0: DISPATCHER → Assigned loco LOCO_01 to workshop_to_retrofitted (waited 0.0 min, pending=3)
20:55:07 | INFO     | t=11660.0: LOCO[LOCO_01] → Allocated for pickup
20:55:07 | INFO     | t=11667.0: LOCO[LOCO_01] → TRAIN_PREP completed at WS_01 (2.0 min)
20:55:07 | INFO     | t=11672.0: BATCH → Putting 2 wagons on retrofitted track retrofitted
20:55:07 | INFO     | t=11672.0: WAGON[W9071] → Added to retrofitted track retrofitted
20:55:07 | INFO     | t=11672.0: WAGON[W10441] → Added to retrofitted track retrofitted
20:55:07 | INFO     | t=11675.0: DISPATCHER → Hold override for retrofitted_to_parking (waited 49.0 min >= max 45.0 min)
20:55:07 | INFO     | t=11675.0: DISPATCHER → Hold override for retrofitted_to_parking (waited 49.0 min >= max 45.0 min)
20:55:07 | INFO     | t=11675.0: DISPATCHER → Assigned loco LOCO_02 to retrofitted_to_parking (waited 49.0 min, pending=2)
20:55:07 | INFO     | t=11675.0: LOCO[LOCO_02] → Allocated for parking transport
20:55:07 | INFO     | t=11677.0: WORKSHOP[WS_01] → Released, notifying 1 waiting processes
20:55:07 | INFO     | t=11677.0: WORKSHOP → Workshop became available
20:55:07 | INFO     | t=11677.0: WORKSHOP[WS_01] → Selected for batch
20:55:07 | INFO     | t=11677.0: WAGON[W6421] → Added to batch
20:55:07 | INFO     | t=11677.0: BATCH[W5434,W6421] → Formed 2 wagons for WS_01
20:55:07 | INFO     | t=11677.0: TRACK[retrofit] → Removed 2 wagons (30.4m freed)
20:55:07 | INFO     | t=11677.0: DISPATCHER → Task submitted: retrofit_to_workshop (pending=3)
20:55:07 | INFO     | t=11677.0: DISPATCHER → Assigned loco LOCO_01 to retrofit_to_workshop (waited 0.0 min, pending=2)
20:55:07 | INFO     | t=11677.0: RAKE[W5434,W6421] → COUPLING at retrofit (1 couplings, 2.0 min)
20:55:07 | INFO     | t=11677.0: WAGON[W4802] → Retrieved from retrofit queue
20:55:07 | INFO     | t=11677.0: WORKSHOP → No workshop available, waiting...
20:55:07 | INFO     | t=11680.0: LOCO[LOCO_02] → TRAIN_PREP at retrofitted (coupling + prep, 3.0 min)
20:55:07 | INFO     | t=11684.0: LOCO[LOCO_01] → COUPLING at retrofit (2.0 min)
20:55:07 | INFO     | t=11685.0: RAKE[W10435,W11516] → COUPLING at WS_02 (1 couplings, 0.5 min)
20:55:07 | INFO     | t=11685.5: LOCO → Allocating for pickup from WS_02
20:55:07 | INFO     | t=11685.5: DISPATCHER → Task submitted: workshop_to_retrofitted (pending=3)
20:55:07 | INFO     | t=11686.0: LOCO[LOCO_01] → SHUNTING_PREP at retrofit (1.0 min)
20:55:07 | INFO     | t=11688.0: LOCO[LOCO_02] → DECOUPLING at parking6 (2.0 min)
20:55:07 | INFO     | t=11690.0: RAKE[W7877,W5280,W1120,W11518] → DECOUPLING at parking6 (3 couplings, 1.5 min)
20:55:07 | INFO     | t=11692.0: LOCO[LOCO_01] → DECOUPLING at WS_01 (3.0 min)
20:55:07 | INFO     | t=11695.0: RAKE[W5434,W6421] → DECOUPLING at WS_01 (1 couplings, 3.0 min)
20:55:07 | INFO     | t=11696.5: LOCO[LOCO_02] → Releasing
20:55:07 | INFO     | t=11696.5: LOCO[LOCO_02] → Released
20:55:07 | INFO     | t=11696.5: PARKING → Got wagon W9071 from retrofitted
20:55:07 | INFO     | t=11696.5: DISPATCHER → Assigned loco LOCO_02 to workshop_to_retrofitted (waited 11.0 min, pending=2)
20:55:07 | INFO     | t=11696.5: LOCO → Allocating for parking transport
20:55:07 | INFO     | t=11696.5: DISPATCHER → Task submitted: retrofitted_to_parking (pending=3)
20:55:07 | INFO     | t=11696.5: LOCO[LOCO_02] → Allocated for pickup
20:55:07 | INFO     | t=11698.0: WAGON[W5434] → RETROFIT_STARTED at WS_01
20:55:07 | INFO     | t=11698.0: WAGON[W6421] → RETROFIT_STARTED at WS_01
20:55:07 | INFO     | t=11703.5: LOCO[LOCO_02] → TRAIN_PREP completed at WS_02 (2.0 min)
20:55:07 | INFO     | EVENT_PUBLISHED: TrainArrivedEvent | train=T154 | time=11705.2
20:55:07 | INFO     | EVENT_HANDLING: TrainArrivedEvent -> RetrofitWorkshopContext._handle_train_arrived
20:55:07 | INFO     | EVENT_HANDLED: TrainArrivedEvent by RetrofitWorkshopContext._handle_train_arrived
20:55:07 | INFO     | t=11708.5: BATCH → Putting 2 wagons on retrofitted track retrofitted
20:55:07 | INFO     | t=11708.5: WAGON[W10435] → Added to retrofitted track retrofitted
20:55:07 | INFO     | t=11708.5: WAGON[W11516] → Added to retrofitted track retrofitted
20:55:07 | INFO     | t=11713.5: WORKSHOP[WS_02] → Released, notifying 1 waiting processes
20:55:07 | INFO     | t=11713.5: WORKSHOP → Workshop became available
20:55:07 | INFO     | t=11713.5: WORKSHOP[WS_02] → Selected for batch
20:55:07 | INFO     | t=11713.5: WAGON[W8616] → Added to batch
20:55:07 | INFO     | t=11713.5: BATCH[W4802,W8616] → Formed 2 wagons for WS_02
20:55:07 | INFO     | t=11713.5: TRACK[retrofit] → Removed 2 wagons (35.9m freed)
20:55:07 | INFO     | t=11713.5: DISPATCHER → Task submitted: retrofit_to_workshop (pending=4)
20:55:07 | INFO     | t=11713.5: DISPATCHER → Assigned loco LOCO_01 to retrofit_to_workshop (waited 0.0 min, pending=3)
20:55:07 | INFO     | t=11713.5: RAKE[W4802,W8616] → COUPLING at retrofit (1 couplings, 2.0 min)
20:55:07 | INFO     | t=11713.5: WAGON[W0234] → Retrieved from retrofit queue
20:55:07 | INFO     | t=11713.5: WORKSHOP → No workshop available, waiting...
20:55:07 | INFO     | t=11713.5: DISPATCHER → Assigned loco LOCO_02 to collection_to_retrofit (waited 308.5 min, pending=2)
20:55:07 | INFO     | t=11720.5: LOCO[LOCO_01] → COUPLING at retrofit (2.0 min)
20:55:07 | INFO     | t=11722.5: LOCO[LOCO_01] → SHUNTING_PREP at retrofit (1.0 min)
20:55:07 | INFO     | t=11728.5: LOCO[LOCO_01] → DECOUPLING at WS_02 (3.0 min)
20:55:07 | INFO     | t=11731.5: RAKE[W4802,W8616] → DECOUPLING at WS_02 (1 couplings, 3.0 min)
20:55:07 | INFO     | t=11734.5: WAGON[W4802] → RETROFIT_STARTED at WS_02
20:55:07 | INFO     | t=11734.5: WAGON[W8616] → RETROFIT_STARTED at WS_02
20:55:07 | INFO     | t=11739.5: DISPATCHER → Assigned loco LOCO_01 to collection_to_retrofit (waited 135.5 min, pending=1)
20:55:07 | INFO     | t=11744.5: DISPATCHER → Hold override for retrofitted_to_parking (waited 48.0 min >= max 45.0 min)
20:55:07 | INFO     | t=11758.0: RAKE[W5434,W6421] → COUPLING at WS_01 (1 couplings, 0.5 min)
20:55:07 | INFO     | t=11758.5: LOCO → Allocating for pickup from WS_01
20:55:07 | INFO     | t=11758.5: DISPATCHER → Task submitted: workshop_to_retrofitted (pending=2)
20:55:07 | INFO     | t=11773.5: LOCO[LOCO_02] → TRAIN_PREP at collection (coupling + prep, 5.0 min)
20:55:07 | INFO     | t=11794.5: RAKE[W4802,W8616] → COUPLING at WS_02 (1 couplings, 0.5 min)
20:55:07 | INFO     | t=11795.0: LOCO → Allocating for pickup from WS_02
20:55:07 | INFO     | t=11795.0: DISPATCHER → Task submitted: workshop_to_retrofitted (pending=3)
20:55:07 | INFO     | t=11799.5: LOCO[LOCO_01] → TRAIN_PREP at collection (coupling + prep, 15.0 min)
20:55:07 | INFO     | EVENT_PUBLISHED: TrainArrivedEvent | train=T155 | time=11829.8
20:55:07 | INFO     | EVENT_HANDLING: TrainArrivedEvent -> RetrofitWorkshopContext._handle_train_arrived
20:55:07 | INFO     | EVENT_HANDLED: TrainArrivedEvent by RetrofitWorkshopContext._handle_train_arrived
20:55:07 | INFO     | t=11838.5: LOCO[LOCO_02] → DECOUPLING at retrofit (6.0 min)
20:55:07 | INFO     | t=11844.5: RAKE[W12229,W6323] → DECOUPLING at retrofit (1 couplings, 3.0 min)
20:55:07 | INFO     | EVENT_PUBLISHED: TrainArrivedEvent | train=T156 | time=11849.0
20:55:07 | INFO     | EVENT_HANDLING: TrainArrivedEvent -> RetrofitWorkshopContext._handle_train_arrived
20:55:07 | INFO     | EVENT_HANDLED: TrainArrivedEvent by RetrofitWorkshopContext._handle_train_arrived
20:55:07 | INFO     | t=11852.5: DISPATCHER → Hold override for retrofitted_to_parking (waited 156.0 min >= max 45.0 min)
20:55:07 | INFO     | t=11852.5: DISPATCHER → Assigned loco LOCO_02 to workshop_to_retrofitted (waited 94.0 min, pending=2)
20:55:07 | INFO     | t=11852.5: DISPATCHER → Hold override for retrofitted_to_parking (waited 156.0 min >= max 45.0 min)
20:55:07 | INFO     | t=11852.5: LOCO[LOCO_02] → Allocated for pickup
20:55:07 | INFO     | t=11852.5: Batch size limited by retrofit capacity: 3 wagons (73.4m) fits, 16 waiting
20:55:07 | INFO     | t=11852.5: COLLECTION → Reserving retrofit track capacity for 3 wagons
20:55:07 | INFO     | t=11852.5: COLLECTION → Capacity reserved, allocating locomotive
20:55:07 | INFO     | t=11852.5: DISPATCHER → Task submitted: collection_to_retrofit (pending=3)
20:55:07 | INFO     | t=11859.5: LOCO[LOCO_02] → TRAIN_PREP completed at WS_01 (2.0 min)
20:55:07 | INFO     | t=11864.5: BATCH → Putting 2 wagons on retrofitted track retrofitted
20:55:07 | INFO     | t=11864.5: WAGON[W5434] → Added to retrofitted track retrofitted
20:55:07 | INFO     | t=11864.5: WAGON[W6421] → Added to retrofitted track retrofitted
20:55:07 | INFO     | t=11869.5: WORKSHOP[WS_01] → Released, notifying 1 waiting processes
20:55:07 | INFO     | t=11869.5: WORKSHOP → Workshop became available
20:55:07 | INFO     | t=11869.5: WORKSHOP[WS_01] → Selected for batch
20:55:07 | INFO     | t=11869.5: DISPATCHER → Hold override for retrofitted_to_parking (waited 173.0 min >= max 45.0 min)
20:55:07 | INFO     | t=11869.5: DISPATCHER → Assigned loco LOCO_02 to workshop_to_retrofitted (waited 74.5 min, pending=2)
20:55:07 | INFO     | t=11869.5: DISPATCHER → Hold override for retrofitted_to_parking (waited 173.0 min >= max 45.0 min)
20:55:07 | INFO     | t=11869.5: WAGON[W1122] → Added to batch
20:55:07 | INFO     | t=11869.5: BATCH[W0234,W1122] → Formed 2 wagons for WS_01
20:55:07 | INFO     | t=11869.5: LOCO[LOCO_02] → Allocated for pickup
20:55:07 | INFO     | t=11869.5: TRACK[retrofit] → Removed 2 wagons (35.4m freed)
20:55:07 | INFO     | t=11869.5: DISPATCHER → Task submitted: retrofit_to_workshop (pending=3)
20:55:07 | INFO     | t=11874.5: LOCO[LOCO_01] → DECOUPLING at retrofit (21.0 min)
20:55:07 | INFO     | t=11876.5: LOCO[LOCO_02] → TRAIN_PREP completed at WS_02 (2.0 min)
20:55:07 | INFO     | t=11881.5: BATCH → Putting 2 wagons on retrofitted track retrofitted
20:55:07 | INFO     | t=11881.5: WAGON[W4802] → Added to retrofitted track retrofitted
20:55:07 | INFO     | t=11881.5: WAGON[W8616] → Added to retrofitted track retrofitted
20:55:07 | INFO     | t=11886.5: WORKSHOP[WS_02] → Released, notifying 0 waiting processes
20:55:07 | INFO     | t=11886.5: DISPATCHER → Hold override for retrofitted_to_parking (waited 190.0 min >= max 45.0 min)
20:55:07 | INFO     | t=11886.5: DISPATCHER → Assigned loco LOCO_02 to retrofit_to_workshop (waited 17.0 min, pending=2)
20:55:07 | INFO     | t=11886.5: DISPATCHER → Hold override for retrofitted_to_parking (waited 190.0 min >= max 45.0 min)
20:55:07 | INFO     | t=11886.5: RAKE[W0234,W1122] → COUPLING at retrofit (1 couplings, 2.0 min)
20:55:07 | INFO     | t=11886.5: WAGON[W4506] → Retrieved from retrofit queue
20:55:07 | INFO     | t=11886.5: WORKSHOP[WS_02] → Selected for batch
20:55:07 | INFO     | t=11886.5: WAGON[W1439] → Added to batch
20:55:07 | INFO     | t=11886.5: BATCH[W4506,W1439] → Formed 2 wagons for WS_02
20:55:07 | INFO     | t=11886.5: TRACK[retrofit] → Removed 2 wagons (43.1m freed)
20:55:07 | INFO     | t=11886.5: DISPATCHER → Task submitted: retrofit_to_workshop (pending=3)
20:55:07 | INFO     | t=11893.5: LOCO[LOCO_02] → COUPLING at retrofit (2.0 min)
20:55:07 | INFO     | t=11895.5: RAKE[W9143,W10883,W10896,W10303,W5395,W2774,W10233] → DECOUPLING at retrofit (6 couplings, 18.0 min)
20:55:07 | INFO     | t=11895.5: LOCO[LOCO_02] → SHUNTING_PREP at retrofit (1.0 min)
20:55:07 | INFO     | t=11901.5: LOCO[LOCO_02] → DECOUPLING at WS_01 (3.0 min)
20:55:07 | INFO     | t=11904.5: RAKE[W0234,W1122] → DECOUPLING at WS_01 (1 couplings, 3.0 min)
20:55:07 | INFO     | t=11907.5: WAGON[W0234] → RETROFIT_STARTED at WS_01
20:55:07 | INFO     | t=11907.5: WAGON[W1122] → RETROFIT_STARTED at WS_01
20:55:07 | INFO     | t=11912.5: DISPATCHER → Hold override for retrofitted_to_parking (waited 216.0 min >= max 45.0 min)
20:55:07 | INFO     | t=11912.5: DISPATCHER → Assigned loco LOCO_02 to retrofit_to_workshop (waited 26.0 min, pending=2)
20:55:07 | INFO     | t=11912.5: DISPATCHER → Hold override for retrofitted_to_parking (waited 216.0 min >= max 45.0 min)
20:55:07 | INFO     | t=11912.5: RAKE[W4506,W1439] → COUPLING at retrofit (1 couplings, 2.0 min)
20:55:07 | INFO     | t=11912.5: WAGON[W12229] → Retrieved from retrofit queue
20:55:07 | INFO     | t=11912.5: WORKSHOP → No workshop available, waiting...
20:55:07 | INFO     | EVENT_PUBLISHED: TrainArrivedEvent | train=T157 | time=11913.8
20:55:07 | INFO     | EVENT_HANDLING: TrainArrivedEvent -> RetrofitWorkshopContext._handle_train_arrived
20:55:07 | INFO     | EVENT_HANDLED: TrainArrivedEvent by RetrofitWorkshopContext._handle_train_arrived
20:55:07 | INFO     | t=11918.5: DISPATCHER → Hold override for retrofitted_to_parking (waited 222.0 min >= max 45.0 min)
20:55:07 | INFO     | t=11918.5: DISPATCHER → Assigned loco LOCO_01 to retrofitted_to_parking (waited 222.0 min, pending=1)
20:55:07 | INFO     | t=11918.5: LOCO[LOCO_01] → Allocated for parking transport
20:55:07 | INFO     | t=11918.5: Batch size limited by retrofit capacity: 3 wagons (60.8m) fits, 17 waiting
20:55:07 | INFO     | t=11918.5: COLLECTION → Reserving retrofit track capacity for 3 wagons
20:55:07 | INFO     | t=11918.5: COLLECTION → Capacity reserved, allocating locomotive
20:55:07 | INFO     | t=11918.5: DISPATCHER → Task submitted: collection_to_retrofit (pending=2)
20:55:07 | INFO     | t=11919.5: LOCO[LOCO_02] → COUPLING at retrofit (2.0 min)
20:55:07 | INFO     | t=11921.5: LOCO[LOCO_02] → SHUNTING_PREP at retrofit (1.0 min)
20:55:07 | INFO     | t=11923.5: LOCO[LOCO_01] → TRAIN_PREP at retrofitted (coupling + prep, 2.0 min)
20:55:07 | INFO     | t=11927.5: LOCO[LOCO_02] → DECOUPLING at WS_02 (3.0 min)
20:55:07 | INFO     | t=11930.5: LOCO[LOCO_01] → DECOUPLING at parking3 (1.0 min)
20:55:07 | INFO     | t=11930.5: RAKE[W4506,W1439] → DECOUPLING at WS_02 (1 couplings, 3.0 min)
20:55:07 | INFO     | t=11931.5: RAKE[W9071,W10441] → DECOUPLING at parking3 (1 couplings, 0.5 min)
20:55:07 | INFO     | t=11933.5: WAGON[W4506] → RETROFIT_STARTED at WS_02
20:55:07 | INFO     | t=11933.5: WAGON[W1439] → RETROFIT_STARTED at WS_02
20:55:07 | INFO     | t=11937.0: LOCO[LOCO_01] → Releasing
20:55:07 | INFO     | t=11937.0: LOCO[LOCO_01] → Released
20:55:07 | INFO     | t=11937.0: PARKING → Got wagon W10435 from retrofitted
20:55:07 | INFO     | t=11937.0: LOCO → Allocating for parking transport
20:55:07 | INFO     | t=11937.0: DISPATCHER → Task submitted: retrofitted_to_parking (pending=3)
20:55:07 | INFO     | t=11937.0: DISPATCHER → Assigned loco LOCO_01 to retrofitted_to_parking (waited 0.0 min, pending=2)
20:55:07 | INFO     | t=11937.0: LOCO[LOCO_01] → Allocated for parking transport
20:55:07 | INFO     | t=11942.0: LOCO[LOCO_01] → TRAIN_PREP at retrofitted (coupling + prep, 4.0 min)
20:55:07 | INFO     | t=11967.5: RAKE[W0234,W1122] → COUPLING at WS_01 (1 couplings, 0.5 min)
20:55:07 | INFO     | t=11968.0: LOCO → Allocating for pickup from WS_01
20:55:07 | INFO     | t=11968.0: DISPATCHER → Task submitted: workshop_to_retrofitted (pending=3)
20:55:07 | INFO     | t=11968.0: DISPATCHER → Assigned loco LOCO_02 to workshop_to_retrofitted (waited 0.0 min, pending=2)
20:55:07 | INFO     | t=11968.0: LOCO[LOCO_02] → Allocated for pickup
20:55:07 | INFO     | t=11975.0: LOCO[LOCO_02] → TRAIN_PREP completed at WS_01 (2.0 min)
20:55:07 | INFO     | t=11980.0: BATCH → Putting 2 wagons on retrofitted track retrofitted
20:55:07 | INFO     | t=11980.0: WAGON[W0234] → Added to retrofitted track retrofitted
20:55:07 | INFO     | t=11980.0: WAGON[W1122] → Added to retrofitted track retrofitted
20:55:07 | INFO     | t=11985.0: WORKSHOP[WS_01] → Released, notifying 1 waiting processes
20:55:07 | INFO     | t=11985.0: WORKSHOP → Workshop became available
20:55:07 | INFO     | t=11985.0: WORKSHOP[WS_01] → Selected for batch
20:55:07 | INFO     | t=11985.0: WAGON[W6323] → Added to batch
20:55:07 | INFO     | t=11985.0: BATCH[W12229,W6323] → Formed 2 wagons for WS_01
20:55:07 | INFO     | t=11985.0: TRACK[retrofit] → Removed 2 wagons (37.3m freed)
20:55:07 | INFO     | t=11985.0: DISPATCHER → Task submitted: retrofit_to_workshop (pending=3)
20:55:07 | INFO     | t=11985.0: DISPATCHER → Assigned loco LOCO_02 to retrofit_to_workshop (waited 0.0 min, pending=2)
20:55:07 | INFO     | t=11985.0: RAKE[W12229,W6323] → COUPLING at retrofit (1 couplings, 2.0 min)
20:55:07 | INFO     | t=11985.0: WAGON[W9143] → Retrieved from retrofit queue
20:55:07 | INFO     | t=11985.0: WORKSHOP → No workshop available, waiting...
20:55:07 | INFO     | t=11992.0: LOCO[LOCO_02] → COUPLING at retrofit (2.0 min)
20:55:07 | INFO     | t=11993.5: RAKE[W4506,W1439] → COUPLING at WS_02 (1 couplings, 0.5 min)
20:55:07 | INFO     | t=11994.0: LOCO[LOCO_02] → SHUNTING_PREP at retrofit (1.0 min)
20:55:07 | INFO     | t=11994.0: LOCO → Allocating for pickup from WS_02
20:55:07 | INFO     | t=11994.0: DISPATCHER → Task submitted: workshop_to_retrofitted (pending=3)
20:55:07 | INFO     | t=12000.0: LOCO[LOCO_02] → DECOUPLING at WS_01 (3.0 min)
20:55:07 | INFO     | t=12003.0: RAKE[W12229,W6323] → DECOUPLING at WS_01 (1 couplings, 3.0 min)
20:55:07 | INFO     | t=12006.0: WAGON[W12229] → RETROFIT_STARTED at WS_01
20:55:07 | INFO     | t=12006.0: WAGON[W6323] → RETROFIT_STARTED at WS_01
20:55:07 | INFO     | t=12011.0: DISPATCHER → Assigned loco LOCO_02 to workshop_to_retrofitted (waited 17.0 min, pending=2)
20:55:07 | INFO     | t=12011.0: LOCO[LOCO_02] → Allocated for pickup
20:55:07 | INFO     | t=12018.0: LOCO[LOCO_02] → TRAIN_PREP completed at WS_02 (2.0 min)
20:55:07 | INFO     | t=12021.0: LOCO[LOCO_01] → DECOUPLING at parking15 (3.0 min)
20:55:07 | INFO     | t=12023.0: BATCH → Putting 2 wagons on retrofitted track retrofitted
20:55:07 | INFO     | t=12023.0: WAGON[W4506] → Added to retrofitted track retrofitted
20:55:07 | INFO     | t=12023.0: WAGON[W1439] → Added to retrofitted track retrofitted
20:55:07 | INFO     | t=12024.0: RAKE[W10435,W11516,W5434,W6421,W4802,W8616] → DECOUPLING at parking15 (5 couplings, 2.5 min)
20:55:07 | INFO     | t=12028.0: WORKSHOP[WS_02] → Released, notifying 1 waiting processes
20:55:07 | INFO     | t=12028.0: WORKSHOP → Workshop became available
20:55:07 | INFO     | t=12028.0: WORKSHOP[WS_02] → Selected for batch
20:55:07 | INFO     | t=12028.0: DISPATCHER → Assigned loco LOCO_02 to collection_to_retrofit (waited 175.5 min, pending=1)
20:55:07 | INFO     | t=12028.0: WAGON[W10883] → Added to batch
20:55:07 | INFO     | t=12028.0: BATCH[W9143,W10883] → Formed 2 wagons for WS_02
20:55:07 | INFO     | t=12028.0: TRACK[retrofit] → Removed 2 wagons (27.1m freed)
20:55:07 | INFO     | t=12028.0: DISPATCHER → Task submitted: retrofit_to_workshop (pending=2)
20:55:07 | INFO     | EVENT_PUBLISHED: TrainArrivedEvent | train=T158 | time=12046.0
20:55:07 | INFO     | EVENT_HANDLING: TrainArrivedEvent -> RetrofitWorkshopContext._handle_train_arrived
20:55:07 | INFO     | EVENT_HANDLED: TrainArrivedEvent by RetrofitWorkshopContext._handle_train_arrived
20:55:07 | INFO     | t=12066.0: RAKE[W12229,W6323] → COUPLING at WS_01 (1 couplings, 0.5 min)
20:55:07 | INFO     | t=12066.5: LOCO → Allocating for pickup from WS_01
20:55:07 | INFO     | t=12066.5: DISPATCHER → Task submitted: workshop_to_retrofitted (pending=3)
20:55:07 | INFO     | t=12086.5: LOCO[LOCO_01] → Releasing
20:55:07 | INFO     | t=12086.5: LOCO[LOCO_01] → Released
20:55:07 | INFO     | t=12086.5: PARKING → Got wagon W0234 from retrofitted
20:55:07 | INFO     | t=12086.5: DISPATCHER → Assigned loco LOCO_01 to workshop_to_retrofitted (waited 20.0 min, pending=2)
20:55:07 | INFO     | t=12086.5: LOCO[LOCO_01] → Allocated for pickup
20:55:07 | INFO     | t=12086.5: LOCO → Allocating for parking transport
20:55:07 | INFO     | t=12086.5: DISPATCHER → Task submitted: retrofitted_to_parking (pending=3)
20:55:07 | INFO     | t=12088.0: LOCO[LOCO_02] → TRAIN_PREP at collection (coupling + prep, 7.0 min)
20:55:07 | INFO     | t=12093.5: LOCO[LOCO_01] → TRAIN_PREP completed at WS_01 (2.0 min)
20:55:07 | INFO     | t=12098.5: BATCH → Putting 2 wagons on retrofitted track retrofitted
20:55:07 | INFO     | t=12098.5: WAGON[W12229] → Added to retrofitted track retrofitted
20:55:07 | INFO     | t=12098.5: WAGON[W6323] → Added to retrofitted track retrofitted
20:55:07 | INFO     | t=12103.5: WORKSHOP[WS_01] → Released, notifying 0 waiting processes
20:55:07 | INFO     | t=12103.5: DISPATCHER → Assigned loco LOCO_01 to retrofit_to_workshop (waited 75.5 min, pending=2)
20:55:07 | INFO     | t=12103.5: RAKE[W9143,W10883] → COUPLING at retrofit (1 couplings, 2.0 min)
20:55:07 | INFO     | t=12103.5: WAGON[W10896] → Retrieved from retrofit queue
20:55:07 | INFO     | t=12103.5: WORKSHOP[WS_01] → Selected for batch
20:55:07 | INFO     | t=12103.5: WAGON[W10303] → Added to batch
20:55:07 | INFO     | t=12103.5: BATCH[W10896,W10303] → Formed 2 wagons for WS_01
20:55:07 | INFO     | t=12103.5: TRACK[retrofit] → Removed 2 wagons (35.6m freed)
20:55:07 | INFO     | t=12103.5: DISPATCHER → Task submitted: retrofit_to_workshop (pending=3)
20:55:07 | INFO     | t=12110.5: LOCO[LOCO_01] → COUPLING at retrofit (2.0 min)
20:55:07 | INFO     | t=12112.5: LOCO[LOCO_01] → SHUNTING_PREP at retrofit (1.0 min)
20:55:07 | INFO     | t=12118.5: LOCO[LOCO_01] → DECOUPLING at WS_02 (3.0 min)
20:55:07 | INFO     | t=12121.5: RAKE[W9143,W10883] → DECOUPLING at WS_02 (1 couplings, 3.0 min)
20:55:07 | INFO     | t=12124.5: WAGON[W9143] → RETROFIT_STARTED at WS_02
20:55:07 | INFO     | t=12124.5: WAGON[W10883] → RETROFIT_STARTED at WS_02
20:55:07 | INFO     | t=12129.5: DISPATCHER → Assigned loco LOCO_01 to retrofit_to_workshop (waited 26.0 min, pending=2)
20:55:07 | INFO     | t=12129.5: RAKE[W10896,W10303] → COUPLING at retrofit (1 couplings, 2.0 min)
20:55:07 | INFO     | t=12129.5: WAGON[W5395] → Retrieved from retrofit queue
20:55:07 | INFO     | t=12129.5: WORKSHOP → No workshop available, waiting...
20:55:07 | INFO     | t=12136.5: LOCO[LOCO_01] → COUPLING at retrofit (2.0 min)
20:55:07 | INFO     | t=12138.5: LOCO[LOCO_01] → SHUNTING_PREP at retrofit (1.0 min)
20:55:07 | INFO     | t=12144.5: LOCO[LOCO_01] → DECOUPLING at WS_01 (3.0 min)
20:55:07 | INFO     | t=12147.5: RAKE[W10896,W10303] → DECOUPLING at WS_01 (1 couplings, 3.0 min)
20:55:07 | INFO     | t=12150.5: WAGON[W10896] → RETROFIT_STARTED at WS_01
20:55:07 | INFO     | t=12150.5: WAGON[W10303] → RETROFIT_STARTED at WS_01
20:55:07 | INFO     | t=12155.0: LOCO[LOCO_02] → DECOUPLING at retrofit (9.0 min)
20:55:07 | INFO     | t=12155.5: DISPATCHER → Hold override for retrofitted_to_parking (waited 69.0 min >= max 45.0 min)
20:55:07 | INFO     | t=12155.5: DISPATCHER → Assigned loco LOCO_01 to collection_to_retrofit (waited 237.0 min, pending=1)
20:55:07 | INFO     | t=12155.5: DISPATCHER → Hold override for retrofitted_to_parking (waited 69.0 min >= max 45.0 min)
20:55:07 | INFO     | t=12164.0: RAKE[W0681,W8552,W12221] → DECOUPLING at retrofit (2 couplings, 6.0 min)
20:55:07 | INFO     | t=12175.0: DISPATCHER → Hold override for retrofitted_to_parking (waited 88.5 min >= max 45.0 min)
20:55:07 | INFO     | t=12175.0: DISPATCHER → Assigned loco LOCO_02 to retrofitted_to_parking (waited 88.5 min, pending=0)
20:55:07 | INFO     | t=12175.0: LOCO[LOCO_02] → Allocated for parking transport
20:55:07 | INFO     | t=12175.0: Batch size limited by retrofit capacity: 6 wagons (121.7m) fits, 13 waiting
20:55:07 | INFO     | t=12175.0: COLLECTION → Reserving retrofit track capacity for 6 wagons
20:55:07 | INFO     | t=12175.0: COLLECTION → Capacity reserved, allocating locomotive
20:55:07 | INFO     | t=12175.0: DISPATCHER → Task submitted: collection_to_retrofit (pending=1)
20:55:07 | INFO     | t=12180.0: LOCO[LOCO_02] → TRAIN_PREP at retrofitted (coupling + prep, 3.0 min)
20:55:07 | INFO     | t=12184.5: RAKE[W9143,W10883] → COUPLING at WS_02 (1 couplings, 0.5 min)
20:55:07 | INFO     | t=12185.0: LOCO → Allocating for pickup from WS_02
20:55:07 | INFO     | t=12185.0: DISPATCHER → Task submitted: workshop_to_retrofitted (pending=2)
20:55:07 | INFO     | t=12188.0: LOCO[LOCO_02] → DECOUPLING at parking9 (2.0 min)
20:55:07 | INFO     | t=12190.0: RAKE[W0234,W1122,W4506,W1439] → DECOUPLING at parking9 (3 couplings, 1.5 min)
20:55:07 | INFO     | t=12196.5: LOCO[LOCO_02] → Releasing
20:55:07 | INFO     | t=12196.5: LOCO[LOCO_02] → Released
20:55:07 | INFO     | t=12196.5: PARKING → Got wagon W12229 from retrofitted
20:55:07 | INFO     | t=12196.5: DISPATCHER → Assigned loco LOCO_02 to workshop_to_retrofitted (waited 11.5 min, pending=1)
20:55:07 | INFO     | t=12196.5: LOCO → Allocating for parking transport
20:55:07 | INFO     | t=12196.5: DISPATCHER → Task submitted: retrofitted_to_parking (pending=2)
20:55:07 | INFO     | t=12196.5: LOCO[LOCO_02] → Allocated for pickup
20:55:07 | INFO     | t=12203.5: LOCO[LOCO_02] → TRAIN_PREP completed at WS_02 (2.0 min)
20:55:07 | INFO     | EVENT_PUBLISHED: TrainArrivedEvent | train=T159 | time=12205.2
20:55:07 | INFO     | EVENT_HANDLING: TrainArrivedEvent -> RetrofitWorkshopContext._handle_train_arrived
20:55:07 | INFO     | EVENT_HANDLED: TrainArrivedEvent by RetrofitWorkshopContext._handle_train_arrived
20:55:07 | INFO     | t=12208.5: BATCH → Putting 2 wagons on retrofitted track retrofitted
20:55:07 | INFO     | t=12208.5: WAGON[W9143] → Added to retrofitted track retrofitted
20:55:07 | INFO     | t=12208.5: WAGON[W10883] → Added to retrofitted track retrofitted
20:55:07 | INFO     | t=12210.5: RAKE[W10896,W10303] → COUPLING at WS_01 (1 couplings, 0.5 min)
20:55:07 | INFO     | t=12211.0: LOCO → Allocating for pickup from WS_01
20:55:07 | INFO     | t=12211.0: DISPATCHER → Task submitted: workshop_to_retrofitted (pending=3)
20:55:07 | INFO     | t=12213.5: WORKSHOP[WS_02] → Released, notifying 1 waiting processes
20:55:07 | INFO     | t=12213.5: WORKSHOP → Workshop became available
20:55:07 | INFO     | t=12213.5: WORKSHOP[WS_02] → Selected for batch
20:55:07 | INFO     | t=12213.5: DISPATCHER → Assigned loco LOCO_02 to workshop_to_retrofitted (waited 2.5 min, pending=2)
20:55:07 | INFO     | t=12213.5: WAGON[W2774] → Added to batch
20:55:07 | INFO     | t=12213.5: BATCH[W5395,W2774] → Formed 2 wagons for WS_02
20:55:07 | INFO     | t=12213.5: LOCO[LOCO_02] → Allocated for pickup
20:55:07 | INFO     | t=12213.5: TRACK[retrofit] → Removed 2 wagons (39.6m freed)
20:55:07 | INFO     | t=12213.5: DISPATCHER → Task submitted: retrofit_to_workshop (pending=3)
20:55:07 | INFO     | t=12215.5: LOCO[LOCO_01] → TRAIN_PREP at collection (coupling + prep, 7.0 min)
20:55:07 | INFO     | t=12220.5: LOCO[LOCO_02] → TRAIN_PREP completed at WS_01 (2.0 min)
20:55:07 | INFO     | t=12225.5: BATCH → Putting 2 wagons on retrofitted track retrofitted
20:55:07 | INFO     | t=12225.5: WAGON[W10896] → Added to retrofitted track retrofitted
20:55:07 | INFO     | t=12225.5: WAGON[W10303] → Added to retrofitted track retrofitted
20:55:07 | INFO     | EVENT_PUBLISHED: TrainArrivedEvent | train=T160 | time=12226.5
20:55:07 | INFO     | EVENT_HANDLING: TrainArrivedEvent -> RetrofitWorkshopContext._handle_train_arrived
20:55:07 | INFO     | EVENT_HANDLED: TrainArrivedEvent by RetrofitWorkshopContext._handle_train_arrived
20:55:07 | INFO     | t=12230.5: WORKSHOP[WS_01] → Released, notifying 0 waiting processes
20:55:07 | INFO     | t=12230.5: DISPATCHER → Assigned loco LOCO_02 to retrofit_to_workshop (waited 17.0 min, pending=2)
20:55:07 | INFO     | t=12230.5: RAKE[W5395,W2774] → COUPLING at retrofit (1 couplings, 2.0 min)
20:55:07 | INFO     | t=12230.5: WAGON[W10233] → Retrieved from retrofit queue
20:55:07 | INFO     | t=12230.5: WORKSHOP[WS_01] → Selected for batch
20:55:07 | INFO     | t=12230.5: WAGON[W0681] → Added to batch
20:55:07 | INFO     | t=12230.5: BATCH[W10233,W0681] → Formed 2 wagons for WS_01
20:55:07 | INFO     | t=12230.5: TRACK[retrofit] → Removed 2 wagons (50.3m freed)
20:55:07 | INFO     | t=12230.5: DISPATCHER → Task submitted: retrofit_to_workshop (pending=3)
20:55:07 | INFO     | EVENT_PUBLISHED: TrainArrivedEvent | train=T161 | time=12234.0
20:55:07 | INFO     | EVENT_HANDLING: TrainArrivedEvent -> RetrofitWorkshopContext._handle_train_arrived
20:55:07 | INFO     | EVENT_HANDLED: TrainArrivedEvent by RetrofitWorkshopContext._handle_train_arrived
20:55:07 | INFO     | t=12237.5: LOCO[LOCO_02] → COUPLING at retrofit (2.0 min)
20:55:07 | INFO     | t=12239.5: LOCO[LOCO_02] → SHUNTING_PREP at retrofit (1.0 min)
20:55:07 | INFO     | t=12245.5: LOCO[LOCO_02] → DECOUPLING at WS_02 (3.0 min)
20:55:07 | INFO     | t=12248.5: RAKE[W5395,W2774] → DECOUPLING at WS_02 (1 couplings, 3.0 min)
20:55:07 | INFO     | t=12251.5: WAGON[W5395] → RETROFIT_STARTED at WS_02
20:55:07 | INFO     | t=12251.5: WAGON[W2774] → RETROFIT_STARTED at WS_02
20:55:07 | INFO     | t=12256.5: DISPATCHER → Hold override for retrofitted_to_parking (waited 60.0 min >= max 45.0 min)
20:55:07 | INFO     | t=12256.5: DISPATCHER → Assigned loco LOCO_02 to retrofit_to_workshop (waited 26.0 min, pending=2)
20:55:07 | INFO     | t=12256.5: RAKE[W10233,W0681] → COUPLING at retrofit (1 couplings, 2.0 min)
20:55:07 | INFO     | t=12256.5: WAGON[W8552] → Retrieved from retrofit queue
20:55:07 | INFO     | t=12256.5: WORKSHOP → No workshop available, waiting...
20:55:07 | INFO     | t=12263.5: LOCO[LOCO_02] → COUPLING at retrofit (2.0 min)
20:55:07 | INFO     | t=12265.5: LOCO[LOCO_02] → SHUNTING_PREP at retrofit (1.0 min)
20:55:07 | INFO     | t=12271.5: LOCO[LOCO_02] → DECOUPLING at WS_01 (3.0 min)
20:55:07 | INFO     | t=12274.5: RAKE[W10233,W0681] → DECOUPLING at WS_01 (1 couplings, 3.0 min)
20:55:07 | INFO     | t=12277.5: WAGON[W10233] → RETROFIT_STARTED at WS_01
20:55:07 | INFO     | t=12277.5: WAGON[W0681] → RETROFIT_STARTED at WS_01
20:55:07 | INFO     | t=12282.5: LOCO[LOCO_01] → DECOUPLING at retrofit (9.0 min)
20:55:07 | INFO     | t=12282.5: DISPATCHER → Hold override for retrofitted_to_parking (waited 86.0 min >= max 45.0 min)
20:55:07 | INFO     | t=12282.5: DISPATCHER → Assigned loco LOCO_02 to collection_to_retrofit (waited 107.5 min, pending=1)
20:55:07 | INFO     | t=12282.5: DISPATCHER → Hold override for retrofitted_to_parking (waited 86.0 min >= max 45.0 min)
20:55:07 | INFO     | t=12291.5: RAKE[W2815,W2846,W5760] → DECOUPLING at retrofit (2 couplings, 6.0 min)
20:55:07 | INFO     | t=12302.5: DISPATCHER → Hold override for retrofitted_to_parking (waited 106.0 min >= max 45.0 min)
20:55:07 | INFO     | t=12302.5: DISPATCHER → Assigned loco LOCO_01 to retrofitted_to_parking (waited 106.0 min, pending=0)
20:55:07 | INFO     | t=12302.5: LOCO[LOCO_01] → Allocated for parking transport
20:55:07 | INFO     | t=12302.5: Batch size limited by retrofit capacity: 4 wagons (82.8m) fits, 16 waiting
20:55:07 | INFO     | t=12302.5: COLLECTION → Reserving retrofit track capacity for 4 wagons
20:55:07 | INFO     | t=12302.5: COLLECTION → Capacity reserved, allocating locomotive
20:55:07 | INFO     | t=12302.5: DISPATCHER → Task submitted: collection_to_retrofit (pending=1)
20:55:07 | INFO     | t=12307.5: LOCO[LOCO_01] → TRAIN_PREP at retrofitted (coupling + prep, 2.0 min)
20:55:07 | INFO     | t=12311.5: RAKE[W5395,W2774] → COUPLING at WS_02 (1 couplings, 0.5 min)
20:55:07 | INFO     | t=12312.0: LOCO → Allocating for pickup from WS_02
20:55:07 | INFO     | t=12312.0: DISPATCHER → Task submitted: workshop_to_retrofitted (pending=2)
20:55:07 | INFO     | EVENT_PUBLISHED: TrainArrivedEvent | train=T162 | time=12314.2
20:55:07 | INFO     | EVENT_HANDLING: TrainArrivedEvent -> RetrofitWorkshopContext._handle_train_arrived
20:55:07 | INFO     | EVENT_HANDLED: TrainArrivedEvent by RetrofitWorkshopContext._handle_train_arrived
20:55:07 | INFO     | t=12314.5: LOCO[LOCO_01] → DECOUPLING at parking5 (1.0 min)
20:55:07 | INFO     | t=12315.5: RAKE[W12229,W6323] → DECOUPLING at parking5 (1 couplings, 0.5 min)
20:55:07 | INFO     | t=12321.0: LOCO[LOCO_01] → Releasing
20:55:07 | INFO     | t=12321.0: LOCO[LOCO_01] → Released
20:55:07 | INFO     | t=12321.0: PARKING → Got wagon W9143 from retrofitted
20:55:07 | INFO     | t=12321.0: DISPATCHER → Assigned loco LOCO_01 to workshop_to_retrofitted (waited 9.0 min, pending=1)
20:55:07 | INFO     | t=12321.0: LOCO[LOCO_01] → Allocated for pickup
20:55:07 | INFO     | t=12321.0: LOCO → Allocating for parking transport
20:55:07 | INFO     | t=12321.0: DISPATCHER → Task submitted: retrofitted_to_parking (pending=2)
20:55:07 | INFO     | t=12328.0: LOCO[LOCO_01] → TRAIN_PREP completed at WS_02 (2.0 min)
20:55:07 | INFO     | t=12333.0: BATCH → Putting 2 wagons on retrofitted track retrofitted
20:55:07 | INFO     | t=12333.0: WAGON[W5395] → Added to retrofitted track retrofitted
20:55:07 | INFO     | t=12333.0: WAGON[W2774] → Added to retrofitted track retrofitted
20:55:07 | INFO     | t=12337.5: RAKE[W10233,W0681] → COUPLING at WS_01 (1 couplings, 0.5 min)
20:55:07 | INFO     | t=12338.0: LOCO → Allocating for pickup from WS_01
20:55:07 | INFO     | t=12338.0: DISPATCHER → Task submitted: workshop_to_retrofitted (pending=3)
20:55:07 | INFO     | t=12338.0: WORKSHOP[WS_02] → Released, notifying 1 waiting processes
20:55:07 | INFO     | t=12338.0: WORKSHOP → Workshop became available
20:55:07 | INFO     | t=12338.0: WORKSHOP[WS_02] → Selected for batch
20:55:07 | INFO     | t=12338.0: DISPATCHER → Assigned loco LOCO_01 to workshop_to_retrofitted (waited 0.0 min, pending=2)
20:55:07 | INFO     | t=12338.0: WAGON[W12221] → Added to batch
20:55:07 | INFO     | t=12338.0: BATCH[W8552,W12221] → Formed 2 wagons for WS_02
20:55:07 | INFO     | t=12338.0: LOCO[LOCO_01] → Allocated for pickup
20:55:07 | INFO     | t=12338.0: TRACK[retrofit] → Removed 2 wagons (46.4m freed)
20:55:07 | INFO     | t=12338.0: DISPATCHER → Task submitted: retrofit_to_workshop (pending=3)
20:55:07 | INFO     | t=12342.5: LOCO[LOCO_02] → TRAIN_PREP at collection (coupling + prep, 13.0 min)
20:55:07 | INFO     | t=12345.0: LOCO[LOCO_01] → TRAIN_PREP completed at WS_01 (2.0 min)
20:55:07 | INFO     | t=12350.0: BATCH → Putting 2 wagons on retrofitted track retrofitted
20:55:07 | INFO     | t=12350.0: WAGON[W10233] → Added to retrofitted track retrofitted
20:55:07 | INFO     | t=12350.0: WAGON[W0681] → Added to retrofitted track retrofitted
20:55:07 | INFO     | t=12355.0: WORKSHOP[WS_01] → Released, notifying 0 waiting processes
20:55:07 | INFO     | t=12355.0: DISPATCHER → Assigned loco LOCO_01 to retrofit_to_workshop (waited 17.0 min, pending=2)
20:55:07 | INFO     | t=12355.0: RAKE[W8552,W12221] → COUPLING at retrofit (1 couplings, 2.0 min)
20:55:07 | INFO     | t=12355.0: WAGON[W2815] → Retrieved from retrofit queue
20:55:07 | INFO     | t=12355.0: WORKSHOP[WS_01] → Selected for batch
20:55:07 | INFO     | t=12355.0: WAGON[W2846] → Added to batch
20:55:07 | INFO     | t=12355.0: BATCH[W2815,W2846] → Formed 2 wagons for WS_01
20:55:07 | INFO     | t=12355.0: TRACK[retrofit] → Removed 2 wagons (46.5m freed)
20:55:07 | INFO     | t=12355.0: DISPATCHER → Task submitted: retrofit_to_workshop (pending=3)
20:55:07 | INFO     | t=12362.0: LOCO[LOCO_01] → COUPLING at retrofit (2.0 min)
20:55:07 | INFO     | t=12364.0: LOCO[LOCO_01] → SHUNTING_PREP at retrofit (1.0 min)
20:55:07 | INFO     | t=12370.0: LOCO[LOCO_01] → DECOUPLING at WS_02 (3.0 min)
20:55:07 | INFO     | t=12373.0: RAKE[W8552,W12221] → DECOUPLING at WS_02 (1 couplings, 3.0 min)
20:55:07 | INFO     | t=12376.0: WAGON[W8552] → RETROFIT_STARTED at WS_02
20:55:07 | INFO     | t=12376.0: WAGON[W12221] → RETROFIT_STARTED at WS_02
20:55:07 | INFO     | EVENT_PUBLISHED: TrainArrivedEvent | train=T163 | time=12376.5
20:55:07 | INFO     | EVENT_HANDLING: TrainArrivedEvent -> RetrofitWorkshopContext._handle_train_arrived
20:55:07 | INFO     | EVENT_HANDLED: TrainArrivedEvent by RetrofitWorkshopContext._handle_train_arrived
20:55:07 | INFO     | t=12381.0: DISPATCHER → Hold override for retrofitted_to_parking (waited 60.0 min >= max 45.0 min)
20:55:07 | INFO     | t=12381.0: DISPATCHER → Assigned loco LOCO_01 to retrofit_to_workshop (waited 26.0 min, pending=2)
20:55:07 | INFO     | t=12381.0: RAKE[W2815,W2846] → COUPLING at retrofit (1 couplings, 2.0 min)
20:55:07 | INFO     | t=12381.0: WAGON[W5760] → Retrieved from retrofit queue
20:55:07 | INFO     | t=12381.0: WORKSHOP → No workshop available, waiting...
20:55:07 | INFO     | t=12388.0: LOCO[LOCO_01] → COUPLING at retrofit (2.0 min)
20:55:07 | INFO     | t=12390.0: LOCO[LOCO_01] → SHUNTING_PREP at retrofit (1.0 min)
20:55:07 | INFO     | t=12396.0: LOCO[LOCO_01] → DECOUPLING at WS_01 (3.0 min)
20:55:07 | INFO     | t=12399.0: RAKE[W2815,W2846] → DECOUPLING at WS_01 (1 couplings, 3.0 min)
20:55:07 | INFO     | t=12402.0: WAGON[W2815] → RETROFIT_STARTED at WS_01
20:55:07 | INFO     | t=12402.0: WAGON[W2846] → RETROFIT_STARTED at WS_01
20:55:07 | INFO     | EVENT_PUBLISHED: TrainArrivedEvent | train=T164 | time=12404.0
20:55:07 | INFO     | EVENT_HANDLING: TrainArrivedEvent -> RetrofitWorkshopContext._handle_train_arrived
20:55:07 | INFO     | EVENT_HANDLED: TrainArrivedEvent by RetrofitWorkshopContext._handle_train_arrived
20:55:07 | INFO     | t=12407.0: DISPATCHER → Hold override for retrofitted_to_parking (waited 86.0 min >= max 45.0 min)
20:55:07 | INFO     | t=12407.0: DISPATCHER → Assigned loco LOCO_01 to collection_to_retrofit (waited 104.5 min, pending=1)
20:55:07 | INFO     | t=12407.0: DISPATCHER → Hold override for retrofitted_to_parking (waited 86.0 min >= max 45.0 min)
20:55:07 | INFO     | t=12415.5: LOCO[LOCO_02] → DECOUPLING at retrofit (18.0 min)
20:55:07 | INFO     | t=12433.5: RAKE[W5872,W6989,W12179,W12116,W0698,W4099] → DECOUPLING at retrofit (5 couplings, 15.0 min)
20:55:07 | INFO     | t=12436.0: RAKE[W8552,W12221] → COUPLING at WS_02 (1 couplings, 0.5 min)
20:55:07 | INFO     | t=12436.5: LOCO → Allocating for pickup from WS_02
20:55:07 | INFO     | t=12436.5: DISPATCHER → Task submitted: workshop_to_retrofitted (pending=2)
20:55:07 | INFO     | t=12453.5: DISPATCHER → Hold override for retrofitted_to_parking (waited 132.5 min >= max 45.0 min)
20:55:07 | INFO     | t=12453.5: DISPATCHER → Assigned loco LOCO_02 to workshop_to_retrofitted (waited 17.0 min, pending=1)
20:55:07 | INFO     | t=12453.5: DISPATCHER → Hold override for retrofitted_to_parking (waited 132.5 min >= max 45.0 min)
20:55:07 | INFO     | t=12453.5: LOCO[LOCO_02] → Allocated for pickup
20:55:07 | INFO     | t=12453.5: Batch size limited by retrofit capacity: 5 wagons (83.5m) fits, 15 waiting
20:55:07 | INFO     | t=12453.5: COLLECTION → Reserving retrofit track capacity for 5 wagons
20:55:07 | INFO     | t=12453.5: COLLECTION → Capacity reserved, allocating locomotive
20:55:07 | INFO     | t=12453.5: DISPATCHER → Task submitted: collection_to_retrofit (pending=2)
20:55:07 | INFO     | t=12460.5: LOCO[LOCO_02] → TRAIN_PREP completed at WS_02 (2.0 min)
20:55:07 | INFO     | t=12462.0: RAKE[W2815,W2846] → COUPLING at WS_01 (1 couplings, 0.5 min)
20:55:07 | INFO     | t=12462.5: LOCO → Allocating for pickup from WS_01
20:55:07 | INFO     | t=12462.5: DISPATCHER → Task submitted: workshop_to_retrofitted (pending=3)
20:55:07 | INFO     | t=12465.5: BATCH → Putting 2 wagons on retrofitted track retrofitted
20:55:07 | INFO     | t=12465.5: WAGON[W8552] → Added to retrofitted track retrofitted
20:55:07 | INFO     | t=12465.5: WAGON[W12221] → Added to retrofitted track retrofitted
20:55:07 | INFO     | t=12467.0: LOCO[LOCO_01] → TRAIN_PREP at collection (coupling + prep, 9.0 min)
20:55:07 | INFO     | t=12470.5: WORKSHOP[WS_02] → Released, notifying 1 waiting processes
20:55:07 | INFO     | t=12470.5: WORKSHOP → Workshop became available
20:55:07 | INFO     | t=12470.5: WORKSHOP[WS_02] → Selected for batch
20:55:07 | INFO     | t=12470.5: DISPATCHER → Hold override for retrofitted_to_parking (waited 149.5 min >= max 45.0 min)
20:55:07 | INFO     | t=12470.5: DISPATCHER → Assigned loco LOCO_02 to workshop_to_retrofitted (waited 8.0 min, pending=2)
20:55:07 | INFO     | t=12470.5: DISPATCHER → Hold override for retrofitted_to_parking (waited 149.5 min >= max 45.0 min)
20:55:07 | INFO     | t=12470.5: WAGON[W5872] → Added to batch
20:55:07 | INFO     | t=12470.5: BATCH[W5760,W5872] → Formed 2 wagons for WS_02
20:55:07 | INFO     | t=12470.5: LOCO[LOCO_02] → Allocated for pickup
20:55:07 | INFO     | t=12470.5: TRACK[retrofit] → Removed 2 wagons (28.6m freed)
20:55:07 | INFO     | t=12470.5: DISPATCHER → Task submitted: retrofit_to_workshop (pending=3)
20:55:07 | INFO     | t=12477.5: LOCO[LOCO_02] → TRAIN_PREP completed at WS_01 (2.0 min)
20:55:07 | INFO     | t=12482.5: BATCH → Putting 2 wagons on retrofitted track retrofitted
20:55:07 | INFO     | t=12482.5: WAGON[W2815] → Added to retrofitted track retrofitted
20:55:07 | INFO     | t=12482.5: WAGON[W2846] → Added to retrofitted track retrofitted
20:55:07 | INFO     | t=12487.5: WORKSHOP[WS_01] → Released, notifying 0 waiting processes
20:55:07 | INFO     | t=12487.5: DISPATCHER → Hold override for retrofitted_to_parking (waited 166.5 min >= max 45.0 min)
20:55:07 | INFO     | t=12487.5: DISPATCHER → Assigned loco LOCO_02 to retrofitted_to_parking (waited 166.5 min, pending=2)
20:55:07 | INFO     | t=12487.5: LOCO[LOCO_02] → Allocated for parking transport
20:55:07 | INFO     | t=12492.5: LOCO[LOCO_02] → TRAIN_PREP at retrofitted (coupling + prep, 3.0 min)
20:55:07 | INFO     | t=12500.5: LOCO[LOCO_02] → DECOUPLING at parking7 (2.0 min)
20:55:07 | INFO     | t=12502.5: RAKE[W9143,W10883,W10896,W10303] → DECOUPLING at parking7 (3 couplings, 1.5 min)
20:55:07 | INFO     | t=12509.0: LOCO[LOCO_02] → Releasing
20:55:07 | INFO     | t=12509.0: LOCO[LOCO_02] → Released
20:55:07 | INFO     | t=12509.0: PARKING → Got wagon W5395 from retrofitted
20:55:07 | INFO     | t=12509.0: DISPATCHER → Assigned loco LOCO_02 to retrofit_to_workshop (waited 38.5 min, pending=1)
20:55:07 | INFO     | t=12509.0: RAKE[W5760,W5872] → COUPLING at retrofit (1 couplings, 2.0 min)
20:55:07 | INFO     | t=12509.0: WAGON[W6989] → Retrieved from retrofit queue
20:55:07 | INFO     | t=12509.0: WORKSHOP[WS_01] → Selected for batch
20:55:07 | INFO     | t=12509.0: WAGON[W12179] → Added to batch
20:55:07 | INFO     | t=12509.0: BATCH[W6989,W12179] → Formed 2 wagons for WS_01
20:55:07 | INFO     | t=12509.0: TRACK[retrofit] → Removed 2 wagons (37.3m freed)
20:55:07 | INFO     | t=12509.0: DISPATCHER → Task submitted: retrofit_to_workshop (pending=2)
20:55:07 | INFO     | t=12509.0: LOCO → Allocating for parking transport
20:55:07 | INFO     | t=12509.0: DISPATCHER → Task submitted: retrofitted_to_parking (pending=3)
20:55:07 | INFO     | t=12516.0: LOCO[LOCO_02] → COUPLING at retrofit (2.0 min)
20:55:07 | INFO     | t=12518.0: LOCO[LOCO_02] → SHUNTING_PREP at retrofit (1.0 min)
20:55:07 | INFO     | t=12524.0: LOCO[LOCO_02] → DECOUPLING at WS_02 (3.0 min)
20:55:07 | INFO     | t=12527.0: RAKE[W5760,W5872] → DECOUPLING at WS_02 (1 couplings, 3.0 min)
20:55:07 | INFO     | t=12530.0: WAGON[W5760] → RETROFIT_STARTED at WS_02
20:55:07 | INFO     | t=12530.0: WAGON[W5872] → RETROFIT_STARTED at WS_02
20:55:07 | INFO     | t=12535.0: DISPATCHER → Assigned loco LOCO_02 to retrofit_to_workshop (waited 26.0 min, pending=2)
20:55:07 | INFO     | t=12535.0: RAKE[W6989,W12179] → COUPLING at retrofit (1 couplings, 2.0 min)
20:55:07 | INFO     | t=12535.0: WAGON[W12116] → Retrieved from retrofit queue
20:55:07 | INFO     | t=12535.0: WORKSHOP → No workshop available, waiting...
20:55:07 | INFO     | t=12536.0: LOCO[LOCO_01] → DECOUPLING at retrofit (12.0 min)
20:55:07 | INFO     | t=12542.0: LOCO[LOCO_02] → COUPLING at retrofit (2.0 min)
20:55:07 | INFO     | t=12544.0: LOCO[LOCO_02] → SHUNTING_PREP at retrofit (1.0 min)
20:55:07 | INFO     | t=12548.0: RAKE[W2910,W1419,W5173,W4380] → DECOUPLING at retrofit (3 couplings, 9.0 min)
20:55:07 | INFO     | t=12550.0: LOCO[LOCO_02] → DECOUPLING at WS_01 (3.0 min)
20:55:07 | INFO     | t=12553.0: RAKE[W6989,W12179] → DECOUPLING at WS_01 (1 couplings, 3.0 min)
20:55:07 | INFO     | t=12556.0: WAGON[W6989] → RETROFIT_STARTED at WS_01
20:55:07 | INFO     | t=12556.0: WAGON[W12179] → RETROFIT_STARTED at WS_01
20:55:07 | INFO     | EVENT_PUBLISHED: TrainArrivedEvent | train=T165 | time=12560.2
20:55:07 | INFO     | EVENT_HANDLING: TrainArrivedEvent -> RetrofitWorkshopContext._handle_train_arrived
20:55:07 | INFO     | EVENT_HANDLED: TrainArrivedEvent by RetrofitWorkshopContext._handle_train_arrived
20:55:07 | INFO     | t=12561.0: DISPATCHER → Hold override for retrofitted_to_parking (waited 52.0 min >= max 45.0 min)
20:55:07 | INFO     | t=12561.0: DISPATCHER → Assigned loco LOCO_02 to collection_to_retrofit (waited 107.5 min, pending=1)
20:55:07 | INFO     | t=12561.0: DISPATCHER → Hold override for retrofitted_to_parking (waited 52.0 min >= max 45.0 min)
20:55:07 | INFO     | t=12562.0: DISPATCHER → Hold override for retrofitted_to_parking (waited 53.0 min >= max 45.0 min)
20:55:07 | INFO     | t=12562.0: DISPATCHER → Assigned loco LOCO_01 to retrofitted_to_parking (waited 53.0 min, pending=0)
20:55:07 | INFO     | t=12562.0: LOCO[LOCO_01] → Allocated for parking transport
20:55:07 | INFO     | t=12562.0: Batch size limited by retrofit capacity: 4 wagons (60.5m) fits, 16 waiting
20:55:07 | INFO     | t=12562.0: COLLECTION → Reserving retrofit track capacity for 4 wagons
20:55:07 | INFO     | t=12562.0: COLLECTION → Capacity reserved, allocating locomotive
20:55:07 | INFO     | t=12562.0: DISPATCHER → Task submitted: collection_to_retrofit (pending=1)
20:55:07 | INFO     | t=12567.0: LOCO[LOCO_01] → TRAIN_PREP at retrofitted (coupling + prep, 4.0 min)
20:55:07 | INFO     | t=12576.0: LOCO[LOCO_01] → DECOUPLING at parking3 (3.0 min)
20:55:07 | INFO     | t=12579.0: RAKE[W5395,W2774,W10233,W0681,W8552,W12221] → DECOUPLING at parking3 (5 couplings, 2.5 min)
20:55:07 | INFO     | t=12586.5: LOCO[LOCO_01] → Releasing
20:55:07 | INFO     | t=12586.5: LOCO[LOCO_01] → Released
20:55:07 | INFO     | t=12586.5: PARKING → Got wagon W2815 from retrofitted
20:55:07 | INFO     | t=12586.5: LOCO → Allocating for parking transport
20:55:07 | INFO     | t=12586.5: DISPATCHER → Task submitted: retrofitted_to_parking (pending=2)
20:55:07 | INFO     | t=12590.0: RAKE[W5760,W5872] → COUPLING at WS_02 (1 couplings, 0.5 min)
20:55:07 | INFO     | t=12590.5: LOCO → Allocating for pickup from WS_02
20:55:07 | INFO     | t=12590.5: DISPATCHER → Task submitted: workshop_to_retrofitted (pending=3)
20:55:07 | INFO     | t=12590.5: DISPATCHER → Assigned loco LOCO_01 to workshop_to_retrofitted (waited 0.0 min, pending=2)
20:55:07 | INFO     | t=12590.5: LOCO[LOCO_01] → Allocated for pickup
20:55:07 | INFO     | EVENT_PUBLISHED: TrainArrivedEvent | train=T166 | time=12594.5
20:55:07 | INFO     | EVENT_HANDLING: TrainArrivedEvent -> RetrofitWorkshopContext._handle_train_arrived
20:55:07 | INFO     | EVENT_HANDLED: TrainArrivedEvent by RetrofitWorkshopContext._handle_train_arrived
20:55:07 | INFO     | EVENT_PUBLISHED: TrainArrivedEvent | train=T167 | time=12597.0
20:55:07 | INFO     | EVENT_HANDLING: TrainArrivedEvent -> RetrofitWorkshopContext._handle_train_arrived
20:55:07 | INFO     | EVENT_HANDLED: TrainArrivedEvent by RetrofitWorkshopContext._handle_train_arrived
20:55:07 | INFO     | t=12597.5: LOCO[LOCO_01] → TRAIN_PREP completed at WS_02 (2.0 min)
20:55:07 | INFO     | t=12602.5: BATCH → Putting 2 wagons on retrofitted track retrofitted
20:55:07 | INFO     | t=12602.5: WAGON[W5760] → Added to retrofitted track retrofitted
20:55:07 | INFO     | t=12602.5: WAGON[W5872] → Added to retrofitted track retrofitted
20:55:07 | INFO     | t=12607.5: WORKSHOP[WS_02] → Released, notifying 1 waiting processes
20:55:07 | INFO     | t=12607.5: WORKSHOP → Workshop became available
20:55:07 | INFO     | t=12607.5: WORKSHOP[WS_02] → Selected for batch
20:55:07 | INFO     | t=12607.5: WAGON[W0698] → Added to batch
20:55:07 | INFO     | t=12607.5: BATCH[W12116,W0698] → Formed 2 wagons for WS_02
20:55:07 | INFO     | t=12607.5: TRACK[retrofit] → Removed 2 wagons (50.2m freed)
20:55:07 | INFO     | t=12607.5: DISPATCHER → Task submitted: retrofit_to_workshop (pending=3)
20:55:07 | INFO     | t=12607.5: DISPATCHER → Assigned loco LOCO_01 to retrofit_to_workshop (waited 0.0 min, pending=2)
20:55:07 | INFO     | t=12607.5: RAKE[W12116,W0698] → COUPLING at retrofit (1 couplings, 2.0 min)
20:55:07 | INFO     | t=12607.5: WAGON[W4099] → Retrieved from retrofit queue
20:55:07 | INFO     | t=12607.5: WORKSHOP → No workshop available, waiting...
20:55:07 | INFO     | EVENT_PUBLISHED: TrainArrivedEvent | train=T168 | time=12611.0
20:55:07 | INFO     | EVENT_HANDLING: TrainArrivedEvent -> RetrofitWorkshopContext._handle_train_arrived
20:55:07 | INFO     | EVENT_HANDLED: TrainArrivedEvent by RetrofitWorkshopContext._handle_train_arrived
20:55:07 | INFO     | t=12614.5: LOCO[LOCO_01] → COUPLING at retrofit (2.0 min)
20:55:07 | INFO     | t=12616.0: RAKE[W6989,W12179] → COUPLING at WS_01 (1 couplings, 0.5 min)
20:55:07 | INFO     | t=12616.5: LOCO[LOCO_01] → SHUNTING_PREP at retrofit (1.0 min)
20:55:07 | INFO     | t=12616.5: LOCO → Allocating for pickup from WS_01
20:55:07 | INFO     | t=12616.5: DISPATCHER → Task submitted: workshop_to_retrofitted (pending=3)
20:55:07 | INFO     | t=12621.0: LOCO[LOCO_02] → TRAIN_PREP at collection (coupling + prep, 11.0 min)
20:55:07 | INFO     | t=12622.5: LOCO[LOCO_01] → DECOUPLING at WS_02 (3.0 min)
20:55:07 | INFO     | t=12625.5: RAKE[W12116,W0698] → DECOUPLING at WS_02 (1 couplings, 3.0 min)
20:55:07 | INFO     | t=12628.5: WAGON[W12116] → RETROFIT_STARTED at WS_02
20:55:07 | INFO     | t=12628.5: WAGON[W0698] → RETROFIT_STARTED at WS_02
20:55:07 | INFO     | t=12633.5: DISPATCHER → Hold override for retrofitted_to_parking (waited 47.0 min >= max 45.0 min)
20:55:07 | INFO     | t=12633.5: DISPATCHER → Assigned loco LOCO_01 to workshop_to_retrofitted (waited 17.0 min, pending=2)
20:55:07 | INFO     | t=12633.5: LOCO[LOCO_01] → Allocated for pickup
20:55:07 | INFO     | t=12640.5: LOCO[LOCO_01] → TRAIN_PREP completed at WS_01 (2.0 min)
20:55:07 | INFO     | t=12645.5: BATCH → Putting 2 wagons on retrofitted track retrofitted
20:55:07 | INFO     | t=12645.5: WAGON[W6989] → Added to retrofitted track retrofitted
20:55:07 | INFO     | t=12645.5: WAGON[W12179] → Added to retrofitted track retrofitted
20:55:07 | INFO     | t=12650.5: WORKSHOP[WS_01] → Released, notifying 1 waiting processes
20:55:07 | INFO     | t=12650.5: WORKSHOP → Workshop became available
20:55:07 | INFO     | t=12650.5: WORKSHOP[WS_01] → Selected for batch
20:55:07 | INFO     | t=12650.5: DISPATCHER → Hold override for retrofitted_to_parking (waited 64.0 min >= max 45.0 min)
20:55:07 | INFO     | t=12650.5: DISPATCHER → Assigned loco LOCO_01 to collection_to_retrofit (waited 88.5 min, pending=1)
20:55:07 | INFO     | t=12650.5: DISPATCHER → Hold override for retrofitted_to_parking (waited 64.0 min >= max 45.0 min)
20:55:07 | INFO     | t=12650.5: WAGON[W2910] → Added to batch
20:55:07 | INFO     | t=12650.5: BATCH[W4099,W2910] → Formed 2 wagons for WS_01
20:55:07 | INFO     | t=12650.5: TRACK[retrofit] → Removed 2 wagons (43.2m freed)
20:55:07 | INFO     | t=12650.5: DISPATCHER → Task submitted: retrofit_to_workshop (pending=2)
20:55:07 | INFO     | EVENT_PUBLISHED: TrainArrivedEvent | train=T169 | time=12663.0
20:55:07 | INFO     | EVENT_HANDLING: TrainArrivedEvent -> RetrofitWorkshopContext._handle_train_arrived
20:55:07 | INFO     | EVENT_HANDLED: TrainArrivedEvent by RetrofitWorkshopContext._handle_train_arrived
20:55:07 | INFO     | EVENT_PUBLISHED: TrainArrivedEvent | train=T170 | time=12669.0
20:55:07 | INFO     | EVENT_HANDLING: TrainArrivedEvent -> RetrofitWorkshopContext._handle_train_arrived
20:55:07 | INFO     | EVENT_HANDLED: TrainArrivedEvent by RetrofitWorkshopContext._handle_train_arrived
20:55:07 | INFO     | t=12688.5: RAKE[W12116,W0698] → COUPLING at WS_02 (1 couplings, 0.5 min)
20:55:07 | INFO     | t=12689.0: LOCO → Allocating for pickup from WS_02
20:55:07 | INFO     | t=12689.0: DISPATCHER → Task submitted: workshop_to_retrofitted (pending=3)
20:55:07 | INFO     | t=12692.0: LOCO[LOCO_02] → DECOUPLING at retrofit (15.0 min)
20:55:07 | INFO     | t=12707.0: RAKE[W12155,W0839,W9943,W9430,W7598] → DECOUPLING at retrofit (4 couplings, 12.0 min)
20:55:07 | INFO     | t=12710.5: LOCO[LOCO_01] → TRAIN_PREP at collection (coupling + prep, 9.0 min)
20:55:07 | INFO     | t=12724.0: DISPATCHER → Hold override for retrofitted_to_parking (waited 137.5 min >= max 45.0 min)
20:55:07 | INFO     | t=12724.0: DISPATCHER → Assigned loco LOCO_02 to workshop_to_retrofitted (waited 35.0 min, pending=2)
20:55:07 | INFO     | t=12724.0: DISPATCHER → Hold override for retrofitted_to_parking (waited 137.5 min >= max 45.0 min)
20:55:07 | INFO     | t=12724.0: LOCO[LOCO_02] → Allocated for pickup
20:55:07 | INFO     | t=12724.0: Batch size limited by retrofit capacity: 5 wagons (89.6m) fits, 14 waiting
20:55:07 | INFO     | t=12724.0: COLLECTION → Reserving retrofit track capacity for 5 wagons
20:55:07 | INFO     | t=12724.0: COLLECTION → Capacity reserved, allocating locomotive
20:55:07 | INFO     | t=12724.0: DISPATCHER → Task submitted: collection_to_retrofit (pending=3)
20:55:07 | INFO     | t=12731.0: LOCO[LOCO_02] → TRAIN_PREP completed at WS_02 (2.0 min)
20:55:07 | INFO     | t=12736.0: BATCH → Putting 2 wagons on retrofitted track retrofitted
20:55:07 | INFO     | t=12736.0: WAGON[W12116] → Added to retrofitted track retrofitted
20:55:07 | INFO     | t=12736.0: WAGON[W0698] → Added to retrofitted track retrofitted
20:55:07 | INFO     | t=12741.0: WORKSHOP[WS_02] → Released, notifying 0 waiting processes
20:55:07 | INFO     | t=12741.0: DISPATCHER → Hold override for retrofitted_to_parking (waited 154.5 min >= max 45.0 min)
20:55:07 | INFO     | t=12741.0: DISPATCHER → Assigned loco LOCO_02 to retrofit_to_workshop (waited 90.5 min, pending=2)
20:55:07 | INFO     | t=12741.0: DISPATCHER → Hold override for retrofitted_to_parking (waited 154.5 min >= max 45.0 min)
20:55:07 | INFO     | t=12741.0: RAKE[W4099,W2910] → COUPLING at retrofit (1 couplings, 2.0 min)
20:55:07 | INFO     | t=12741.0: WAGON[W1419] → Retrieved from retrofit queue
20:55:07 | INFO     | t=12741.0: WORKSHOP[WS_02] → Selected for batch
20:55:07 | INFO     | t=12741.0: WAGON[W5173] → Added to batch
20:55:07 | INFO     | t=12741.0: BATCH[W1419,W5173] → Formed 2 wagons for WS_02
20:55:07 | INFO     | t=12741.0: TRACK[retrofit] → Removed 2 wagons (39.7m freed)
20:55:07 | INFO     | t=12741.0: DISPATCHER → Task submitted: retrofit_to_workshop (pending=3)
20:55:07 | INFO     | t=12748.0: LOCO[LOCO_02] → COUPLING at retrofit (2.0 min)
20:55:07 | INFO     | EVENT_PUBLISHED: TrainArrivedEvent | train=T171 | time=12748.5
20:55:07 | INFO     | EVENT_HANDLING: TrainArrivedEvent -> RetrofitWorkshopContext._handle_train_arrived
20:55:07 | INFO     | EVENT_HANDLED: TrainArrivedEvent by RetrofitWorkshopContext._handle_train_arrived
20:55:07 | INFO     | t=12750.0: LOCO[LOCO_02] → SHUNTING_PREP at retrofit (1.0 min)
20:55:07 | INFO     | t=12756.0: LOCO[LOCO_02] → DECOUPLING at WS_01 (3.0 min)
20:55:07 | INFO     | t=12759.0: RAKE[W4099,W2910] → DECOUPLING at WS_01 (1 couplings, 3.0 min)
20:55:07 | INFO     | t=12762.0: WAGON[W4099] → RETROFIT_STARTED at WS_01
20:55:07 | INFO     | t=12762.0: WAGON[W2910] → RETROFIT_STARTED at WS_01
20:55:07 | INFO     | t=12767.0: DISPATCHER → Hold override for retrofitted_to_parking (waited 180.5 min >= max 45.0 min)
20:55:07 | INFO     | t=12767.0: DISPATCHER → Assigned loco LOCO_02 to retrofit_to_workshop (waited 26.0 min, pending=2)
20:55:07 | INFO     | t=12767.0: DISPATCHER → Hold override for retrofitted_to_parking (waited 180.5 min >= max 45.0 min)
20:55:07 | INFO     | t=12767.0: RAKE[W1419,W5173] → COUPLING at retrofit (1 couplings, 2.0 min)
20:55:07 | INFO     | t=12767.0: WAGON[W4380] → Retrieved from retrofit queue
20:55:07 | INFO     | t=12767.0: WORKSHOP → No workshop available, waiting...
20:55:07 | INFO     | t=12774.0: LOCO[LOCO_02] → COUPLING at retrofit (2.0 min)
20:55:07 | INFO     | t=12776.0: LOCO[LOCO_02] → SHUNTING_PREP at retrofit (1.0 min)
20:55:07 | INFO     | EVENT_PUBLISHED: TrainArrivedEvent | train=T172 | time=12777.0
20:55:07 | INFO     | EVENT_HANDLING: TrainArrivedEvent -> RetrofitWorkshopContext._handle_train_arrived
20:55:07 | INFO     | EVENT_HANDLED: TrainArrivedEvent by RetrofitWorkshopContext._handle_train_arrived
20:55:07 | INFO     | t=12779.5: LOCO[LOCO_01] → DECOUPLING at retrofit (12.0 min)
20:55:07 | INFO     | t=12782.0: LOCO[LOCO_02] → DECOUPLING at WS_02 (3.0 min)
20:55:07 | INFO     | t=12785.0: RAKE[W1419,W5173] → DECOUPLING at WS_02 (1 couplings, 3.0 min)
20:55:07 | INFO     | EVENT_PUBLISHED: TrainArrivedEvent | train=T173 | time=12787.2
20:55:07 | INFO     | EVENT_HANDLING: TrainArrivedEvent -> RetrofitWorkshopContext._handle_train_arrived
20:55:07 | INFO     | EVENT_HANDLED: TrainArrivedEvent by RetrofitWorkshopContext._handle_train_arrived
20:55:07 | INFO     | t=12788.0: WAGON[W1419] → RETROFIT_STARTED at WS_02
20:55:07 | INFO     | t=12788.0: WAGON[W5173] → RETROFIT_STARTED at WS_02
20:55:07 | INFO     | t=12791.5: RAKE[W10150,W5992,W8339,W12383] → DECOUPLING at retrofit (3 couplings, 9.0 min)
20:55:07 | INFO     | t=12793.0: DISPATCHER → Hold override for retrofitted_to_parking (waited 206.5 min >= max 45.0 min)
20:55:07 | INFO     | t=12793.0: DISPATCHER → Assigned loco LOCO_02 to retrofitted_to_parking (waited 206.5 min, pending=1)
20:55:07 | INFO     | t=12793.0: LOCO[LOCO_02] → Allocated for parking transport
20:55:07 | INFO     | t=12798.0: LOCO[LOCO_02] → TRAIN_PREP at retrofitted (coupling + prep, 2.0 min)
20:55:07 | INFO     | t=12805.5: DISPATCHER → Assigned loco LOCO_01 to collection_to_retrofit (waited 81.5 min, pending=0)
20:55:07 | INFO     | t=12805.5: Batch size limited by retrofit capacity: 3 wagons (57.2m) fits, 16 waiting
20:55:07 | INFO     | t=12805.5: COLLECTION → Reserving retrofit track capacity for 3 wagons
20:55:07 | INFO     | t=12805.5: COLLECTION → Capacity reserved, allocating locomotive
20:55:07 | INFO     | t=12805.5: DISPATCHER → Task submitted: collection_to_retrofit (pending=1)
20:55:07 | INFO     | t=12822.0: RAKE[W4099,W2910] → COUPLING at WS_01 (1 couplings, 0.5 min)
20:55:07 | INFO     | t=12822.5: LOCO → Allocating for pickup from WS_01
20:55:07 | INFO     | t=12822.5: DISPATCHER → Task submitted: workshop_to_retrofitted (pending=2)
20:55:07 | INFO     | t=12848.0: RAKE[W1419,W5173] → COUPLING at WS_02 (1 couplings, 0.5 min)
20:55:07 | INFO     | t=12848.5: LOCO → Allocating for pickup from WS_02
20:55:07 | INFO     | t=12848.5: DISPATCHER → Task submitted: workshop_to_retrofitted (pending=3)
20:55:07 | INFO     | t=12860.0: LOCO[LOCO_02] → DECOUPLING at parking10 (1.0 min)
20:55:07 | INFO     | t=12861.0: RAKE[W2815,W2846] → DECOUPLING at parking10 (1 couplings, 0.5 min)
20:55:07 | INFO     | t=12865.5: LOCO[LOCO_01] → TRAIN_PREP at collection (coupling + prep, 11.0 min)
20:55:07 | INFO     | t=12921.5: LOCO[LOCO_02] → Releasing
20:55:07 | INFO     | t=12921.5: LOCO[LOCO_02] → Released
20:55:07 | INFO     | t=12921.5: PARKING → Got wagon W5760 from retrofitted
20:55:07 | INFO     | t=12921.5: DISPATCHER → Assigned loco LOCO_02 to workshop_to_retrofitted (waited 99.0 min, pending=2)
20:55:07 | INFO     | t=12921.5: LOCO[LOCO_02] → Allocated for pickup
20:55:07 | INFO     | t=12921.5: LOCO → Allocating for parking transport
20:55:07 | INFO     | t=12921.5: DISPATCHER → Task submitted: retrofitted_to_parking (pending=3)
20:55:07 | INFO     | t=12928.5: LOCO[LOCO_02] → TRAIN_PREP completed at WS_01 (2.0 min)
20:55:07 | INFO     | t=12933.5: BATCH → Putting 2 wagons on retrofitted track retrofitted
20:55:07 | INFO     | t=12933.5: WAGON[W4099] → Added to retrofitted track retrofitted
20:55:07 | INFO     | t=12933.5: WAGON[W2910] → Added to retrofitted track retrofitted
20:55:07 | INFO     | t=12936.5: LOCO[LOCO_01] → DECOUPLING at retrofit (15.0 min)
20:55:07 | INFO     | t=12938.5: WORKSHOP[WS_01] → Released, notifying 1 waiting processes
20:55:07 | INFO     | t=12938.5: WORKSHOP → Workshop became available
20:55:07 | INFO     | t=12938.5: WORKSHOP[WS_01] → Selected for batch
20:55:07 | INFO     | t=12938.5: DISPATCHER → Assigned loco LOCO_02 to workshop_to_retrofitted (waited 90.0 min, pending=2)
20:55:07 | INFO     | t=12938.5: WAGON[W12155] → Added to batch
20:55:07 | INFO     | t=12938.5: BATCH[W4380,W12155] → Formed 2 wagons for WS_01
20:55:07 | INFO     | t=12938.5: LOCO[LOCO_02] → Allocated for pickup
20:55:07 | INFO     | t=12938.5: TRACK[retrofit] → Removed 2 wagons (43.1m freed)
20:55:07 | INFO     | t=12938.5: DISPATCHER → Task submitted: retrofit_to_workshop (pending=3)
20:55:07 | INFO     | EVENT_PUBLISHED: TrainArrivedEvent | train=T174 | time=12939.0
20:55:07 | INFO     | EVENT_HANDLING: TrainArrivedEvent -> RetrofitWorkshopContext._handle_train_arrived
20:55:07 | INFO     | EVENT_HANDLED: TrainArrivedEvent by RetrofitWorkshopContext._handle_train_arrived
20:55:07 | INFO     | t=12945.5: LOCO[LOCO_02] → TRAIN_PREP completed at WS_02 (2.0 min)
20:55:07 | INFO     | t=12950.5: BATCH → Putting 2 wagons on retrofitted track retrofitted
20:55:07 | INFO     | t=12950.5: WAGON[W1419] → Added to retrofitted track retrofitted
20:55:07 | INFO     | t=12950.5: WAGON[W5173] → Added to retrofitted track retrofitted
20:55:07 | INFO     | t=12951.5: RAKE[W7513,W9446,W2844,W9727,W9046] → DECOUPLING at retrofit (4 couplings, 12.0 min)
20:55:07 | INFO     | EVENT_PUBLISHED: TrainArrivedEvent | train=T175 | time=12954.5
20:55:07 | INFO     | EVENT_HANDLING: TrainArrivedEvent -> RetrofitWorkshopContext._handle_train_arrived
20:55:07 | INFO     | EVENT_HANDLED: TrainArrivedEvent by RetrofitWorkshopContext._handle_train_arrived
20:55:07 | INFO     | t=12955.5: WORKSHOP[WS_02] → Released, notifying 0 waiting processes
20:55:07 | INFO     | t=12955.5: DISPATCHER → Assigned loco LOCO_02 to retrofit_to_workshop (waited 17.0 min, pending=2)
20:55:07 | INFO     | t=12955.5: RAKE[W4380,W12155] → COUPLING at retrofit (1 couplings, 2.0 min)
20:55:07 | INFO     | t=12955.5: WAGON[W0839] → Retrieved from retrofit queue
20:55:07 | INFO     | t=12955.5: WORKSHOP[WS_02] → Selected for batch
20:55:07 | INFO     | t=12955.5: WAGON[W9943] → Added to batch
20:55:07 | INFO     | t=12955.5: BATCH[W0839,W9943] → Formed 2 wagons for WS_02
20:55:07 | INFO     | t=12955.5: TRACK[retrofit] → Removed 2 wagons (25.4m freed)
20:55:07 | INFO     | t=12955.5: DISPATCHER → Task submitted: retrofit_to_workshop (pending=3)
20:55:07 | INFO     | t=12962.5: LOCO[LOCO_02] → COUPLING at retrofit (2.0 min)
20:55:07 | INFO     | EVENT_PUBLISHED: TrainArrivedEvent | train=T176 | time=12963.5
20:55:07 | INFO     | EVENT_HANDLING: TrainArrivedEvent -> RetrofitWorkshopContext._handle_train_arrived
20:55:07 | INFO     | EVENT_HANDLED: TrainArrivedEvent by RetrofitWorkshopContext._handle_train_arrived
20:55:07 | INFO     | t=12964.5: LOCO[LOCO_02] → SHUNTING_PREP at retrofit (1.0 min)
20:55:07 | INFO     | t=12968.5: DISPATCHER → Hold override for retrofitted_to_parking (waited 47.0 min >= max 45.0 min)
20:55:07 | INFO     | t=12968.5: DISPATCHER → Assigned loco LOCO_01 to retrofit_to_workshop (waited 13.0 min, pending=2)
20:55:07 | INFO     | t=12968.5: RAKE[W0839,W9943] → COUPLING at retrofit (1 couplings, 2.0 min)
20:55:07 | INFO     | t=12968.5: Batch size limited by retrofit capacity: 3 wagons (61.4m) fits, 15 waiting
20:55:07 | INFO     | t=12968.5: WAGON[W9430] → Retrieved from retrofit queue
20:55:07 | INFO     | t=12968.5: WORKSHOP → No workshop available, waiting...
20:55:07 | INFO     | t=12968.5: COLLECTION → Reserving retrofit track capacity for 3 wagons
20:55:07 | INFO     | t=12968.5: COLLECTION → Capacity reserved, allocating locomotive
20:55:07 | INFO     | t=12968.5: DISPATCHER → Task submitted: collection_to_retrofit (pending=3)
20:55:07 | INFO     | t=12970.5: LOCO[LOCO_02] → DECOUPLING at WS_01 (3.0 min)
20:55:07 | INFO     | t=12973.5: RAKE[W4380,W12155] → DECOUPLING at WS_01 (1 couplings, 3.0 min)
20:55:07 | INFO     | t=12975.5: LOCO[LOCO_01] → COUPLING at retrofit (2.0 min)
20:55:07 | INFO     | t=12976.5: WAGON[W4380] → RETROFIT_STARTED at WS_01
20:55:07 | INFO     | t=12976.5: WAGON[W12155] → RETROFIT_STARTED at WS_01
20:55:07 | INFO     | t=12977.5: LOCO[LOCO_01] → SHUNTING_PREP at retrofit (1.0 min)
20:55:07 | INFO     | t=12981.5: DISPATCHER → Hold override for retrofitted_to_parking (waited 60.0 min >= max 45.0 min)
20:55:07 | INFO     | t=12981.5: DISPATCHER → Assigned loco LOCO_02 to retrofitted_to_parking (waited 60.0 min, pending=2)
20:55:07 | INFO     | t=12981.5: LOCO[LOCO_02] → Allocated for parking transport
20:55:07 | INFO     | t=12983.5: LOCO[LOCO_01] → DECOUPLING at WS_02 (3.0 min)
20:55:07 | INFO     | t=12986.5: RAKE[W0839,W9943] → DECOUPLING at WS_02 (1 couplings, 3.0 min)
20:55:07 | INFO     | t=12986.5: LOCO[LOCO_02] → TRAIN_PREP at retrofitted (coupling + prep, 4.0 min)
20:55:07 | INFO     | t=12989.5: WAGON[W0839] → RETROFIT_STARTED at WS_02
20:55:07 | INFO     | t=12989.5: WAGON[W9943] → RETROFIT_STARTED at WS_02
20:55:07 | INFO     | t=12995.5: LOCO[LOCO_02] → DECOUPLING at parking8 (3.0 min)
20:55:07 | INFO     | t=12998.5: RAKE[W5760,W5872,W6989,W12179,W12116,W0698] → DECOUPLING at parking8 (5 couplings, 2.5 min)
20:55:07 | INFO     | t=13006.0: LOCO[LOCO_02] → Releasing
20:55:07 | INFO     | t=13006.0: LOCO[LOCO_02] → Released
20:55:07 | INFO     | t=13006.0: PARKING → Got wagon W4099 from retrofitted
20:55:07 | INFO     | t=13006.0: LOCO → Allocating for parking transport
20:55:07 | INFO     | t=13006.0: DISPATCHER → Task submitted: retrofitted_to_parking (pending=3)
20:55:07 | INFO     | EVENT_PUBLISHED: TrainArrivedEvent | train=T177 | time=13015.8
20:55:07 | INFO     | EVENT_HANDLING: TrainArrivedEvent -> RetrofitWorkshopContext._handle_train_arrived
20:55:07 | INFO     | EVENT_HANDLED: TrainArrivedEvent by RetrofitWorkshopContext._handle_train_arrived
20:55:07 | INFO     | t=13036.5: RAKE[W4380,W12155] → COUPLING at WS_01 (1 couplings, 0.5 min)
20:55:07 | INFO     | t=13037.0: LOCO → Allocating for pickup from WS_01
20:55:07 | INFO     | t=13037.0: DISPATCHER → Task submitted: workshop_to_retrofitted (pending=4)
20:55:07 | INFO     | t=13037.0: DISPATCHER → Assigned loco LOCO_01 to workshop_to_retrofitted (waited 0.0 min, pending=3)
20:55:07 | INFO     | t=13037.0: LOCO[LOCO_01] → Allocated for pickup
20:55:07 | INFO     | t=13044.0: LOCO[LOCO_01] → TRAIN_PREP completed at WS_01 (2.0 min)
20:55:07 | INFO     | t=13049.0: BATCH → Putting 2 wagons on retrofitted track retrofitted
20:55:07 | INFO     | t=13049.0: WAGON[W4380] → Added to retrofitted track retrofitted
20:55:07 | INFO     | t=13049.0: WAGON[W12155] → Added to retrofitted track retrofitted
20:55:07 | INFO     | t=13049.5: RAKE[W0839,W9943] → COUPLING at WS_02 (1 couplings, 0.5 min)
20:55:07 | INFO     | t=13050.0: LOCO → Allocating for pickup from WS_02
20:55:07 | INFO     | t=13050.0: DISPATCHER → Task submitted: workshop_to_retrofitted (pending=4)
20:55:07 | INFO     | t=13050.0: DISPATCHER → Assigned loco LOCO_02 to workshop_to_retrofitted (waited 0.0 min, pending=3)
20:55:07 | INFO     | t=13050.0: LOCO[LOCO_02] → Allocated for pickup
20:55:07 | INFO     | t=13054.0: WORKSHOP[WS_01] → Released, notifying 1 waiting processes
20:55:07 | INFO     | t=13054.0: WORKSHOP → Workshop became available
20:55:07 | INFO     | t=13054.0: WORKSHOP[WS_01] → Selected for batch
20:55:07 | INFO     | t=13054.0: DISPATCHER → Hold override for retrofitted_to_parking (waited 48.0 min >= max 45.0 min)
20:55:07 | INFO     | t=13054.0: DISPATCHER → Assigned loco LOCO_01 to retrofitted_to_parking (waited 48.0 min, pending=2)
20:55:07 | INFO     | t=13054.0: WAGON[W7598] → Added to batch
20:55:07 | INFO     | t=13054.0: BATCH[W9430,W7598] → Formed 2 wagons for WS_01
20:55:07 | INFO     | t=13054.0: LOCO[LOCO_01] → Allocated for parking transport
20:55:07 | INFO     | t=13054.0: TRACK[retrofit] → Removed 2 wagons (34.8m freed)
20:55:07 | INFO     | t=13054.0: DISPATCHER → Task submitted: retrofit_to_workshop (pending=3)
20:55:07 | INFO     | t=13057.0: LOCO[LOCO_02] → TRAIN_PREP completed at WS_02 (2.0 min)
20:55:07 | INFO     | t=13059.0: LOCO[LOCO_01] → TRAIN_PREP at retrofitted (coupling + prep, 3.0 min)
20:55:07 | INFO     | t=13062.0: BATCH → Putting 2 wagons on retrofitted track retrofitted
20:55:07 | INFO     | t=13062.0: WAGON[W0839] → Added to retrofitted track retrofitted
20:55:07 | INFO     | t=13062.0: WAGON[W9943] → Added to retrofitted track retrofitted
20:55:07 | INFO     | t=13067.0: WORKSHOP[WS_02] → Released, notifying 0 waiting processes
20:55:07 | INFO     | t=13067.0: DISPATCHER → Assigned loco LOCO_02 to retrofit_to_workshop (waited 13.0 min, pending=2)
20:55:07 | INFO     | t=13067.0: RAKE[W9430,W7598] → COUPLING at retrofit (1 couplings, 2.0 min)
20:55:07 | INFO     | t=13067.0: WAGON[W10150] → Retrieved from retrofit queue
20:55:07 | INFO     | t=13067.0: WORKSHOP[WS_02] → Selected for batch
20:55:07 | INFO     | t=13067.0: WAGON[W5992] → Added to batch
20:55:07 | INFO     | t=13067.0: BATCH[W10150,W5992] → Formed 2 wagons for WS_02
20:55:07 | INFO     | t=13067.0: TRACK[retrofit] → Removed 2 wagons (30.0m freed)
20:55:07 | INFO     | t=13067.0: DISPATCHER → Task submitted: retrofit_to_workshop (pending=3)
20:55:07 | INFO     | t=13074.0: LOCO[LOCO_02] → COUPLING at retrofit (2.0 min)
20:55:07 | INFO     | t=13076.0: LOCO[LOCO_02] → SHUNTING_PREP at retrofit (1.0 min)
20:55:07 | INFO     | t=13082.0: LOCO[LOCO_02] → DECOUPLING at WS_01 (3.0 min)
20:55:07 | INFO     | t=13085.0: RAKE[W9430,W7598] → DECOUPLING at WS_01 (1 couplings, 3.0 min)
20:55:07 | INFO     | t=13088.0: WAGON[W9430] → RETROFIT_STARTED at WS_01
20:55:07 | INFO     | t=13088.0: WAGON[W7598] → RETROFIT_STARTED at WS_01
20:55:07 | INFO     | t=13093.0: DISPATCHER → Assigned loco LOCO_02 to retrofit_to_workshop (waited 26.0 min, pending=2)
20:55:07 | INFO     | t=13093.0: RAKE[W10150,W5992] → COUPLING at retrofit (1 couplings, 2.0 min)
20:55:07 | INFO     | t=13093.0: WAGON[W8339] → Retrieved from retrofit queue
20:55:07 | INFO     | t=13093.0: WORKSHOP → No workshop available, waiting...
20:55:07 | INFO     | t=13100.0: LOCO[LOCO_02] → COUPLING at retrofit (2.0 min)
20:55:07 | INFO     | t=13102.0: LOCO[LOCO_02] → SHUNTING_PREP at retrofit (1.0 min)
20:55:07 | INFO     | EVENT_PUBLISHED: TrainArrivedEvent | train=T178 | time=13103.5
20:55:07 | INFO     | EVENT_HANDLING: TrainArrivedEvent -> RetrofitWorkshopContext._handle_train_arrived
20:55:07 | INFO     | EVENT_HANDLED: TrainArrivedEvent by RetrofitWorkshopContext._handle_train_arrived
20:55:07 | INFO     | t=13108.0: LOCO[LOCO_02] → DECOUPLING at WS_02 (3.0 min)
20:55:07 | INFO     | t=13111.0: RAKE[W10150,W5992] → DECOUPLING at WS_02 (1 couplings, 3.0 min)
20:55:07 | INFO     | t=13114.0: WAGON[W10150] → RETROFIT_STARTED at WS_02
20:55:07 | INFO     | t=13114.0: WAGON[W5992] → RETROFIT_STARTED at WS_02
20:55:07 | INFO     | t=13119.0: DISPATCHER → Assigned loco LOCO_02 to collection_to_retrofit (waited 313.5 min, pending=1)
20:55:07 | INFO     | t=13122.0: LOCO[LOCO_01] → DECOUPLING at parking11 (2.0 min)
20:55:07 | INFO     | t=13124.0: RAKE[W4099,W2910,W1419,W5173] → DECOUPLING at parking11 (3 couplings, 1.5 min)
20:55:07 | INFO     | t=13148.0: RAKE[W9430,W7598] → COUPLING at WS_01 (1 couplings, 0.5 min)
20:55:07 | INFO     | t=13148.5: LOCO → Allocating for pickup from WS_01
20:55:07 | INFO     | t=13148.5: DISPATCHER → Task submitted: workshop_to_retrofitted (pending=2)
20:55:07 | INFO     | EVENT_PUBLISHED: TrainArrivedEvent | train=T179 | time=13171.8
20:55:07 | INFO     | EVENT_HANDLING: TrainArrivedEvent -> RetrofitWorkshopContext._handle_train_arrived
20:55:07 | INFO     | EVENT_HANDLED: TrainArrivedEvent by RetrofitWorkshopContext._handle_train_arrived
20:55:07 | INFO     | t=13174.0: RAKE[W10150,W5992] → COUPLING at WS_02 (1 couplings, 0.5 min)
20:55:07 | INFO     | t=13174.5: LOCO → Allocating for pickup from WS_02
20:55:07 | INFO     | t=13174.5: DISPATCHER → Task submitted: workshop_to_retrofitted (pending=3)
20:55:07 | INFO     | t=13179.0: LOCO[LOCO_02] → TRAIN_PREP at collection (coupling + prep, 7.0 min)
20:55:07 | INFO     | t=13185.5: LOCO[LOCO_01] → Releasing
20:55:07 | INFO     | t=13185.5: LOCO[LOCO_01] → Released
20:55:07 | INFO     | t=13185.5: PARKING → Got wagon W4380 from retrofitted
20:55:07 | INFO     | t=13185.5: DISPATCHER → Assigned loco LOCO_01 to workshop_to_retrofitted (waited 37.0 min, pending=2)
20:55:07 | INFO     | t=13185.5: LOCO[LOCO_01] → Allocated for pickup
20:55:07 | INFO     | t=13185.5: LOCO → Allocating for parking transport
20:55:07 | INFO     | t=13185.5: DISPATCHER → Task submitted: retrofitted_to_parking (pending=3)
20:55:07 | INFO     | t=13192.5: LOCO[LOCO_01] → TRAIN_PREP completed at WS_01 (2.0 min)
20:55:07 | INFO     | t=13197.5: BATCH → Putting 2 wagons on retrofitted track retrofitted
20:55:07 | INFO     | t=13197.5: WAGON[W9430] → Added to retrofitted track retrofitted
20:55:07 | INFO     | t=13197.5: WAGON[W7598] → Added to retrofitted track retrofitted
20:55:07 | INFO     | t=13202.5: WORKSHOP[WS_01] → Released, notifying 1 waiting processes
20:55:07 | INFO     | t=13202.5: WORKSHOP → Workshop became available
20:55:07 | INFO     | t=13202.5: WORKSHOP[WS_01] → Selected for batch
20:55:07 | INFO     | t=13202.5: DISPATCHER → Assigned loco LOCO_01 to workshop_to_retrofitted (waited 28.0 min, pending=2)
20:55:07 | INFO     | t=13202.5: WAGON[W12383] → Added to batch
20:55:07 | INFO     | t=13202.5: BATCH[W8339,W12383] → Formed 2 wagons for WS_01
20:55:07 | INFO     | t=13202.5: LOCO[LOCO_01] → Allocated for pickup
20:55:07 | INFO     | t=13202.5: TRACK[retrofit] → Removed 2 wagons (30.5m freed)
20:55:07 | INFO     | t=13202.5: DISPATCHER → Task submitted: retrofit_to_workshop (pending=3)
20:55:07 | INFO     | t=13209.5: LOCO[LOCO_01] → TRAIN_PREP completed at WS_02 (2.0 min)
20:55:07 | INFO     | t=13214.5: BATCH → Putting 2 wagons on retrofitted track retrofitted
20:55:07 | INFO     | t=13214.5: WAGON[W10150] → Added to retrofitted track retrofitted
20:55:07 | INFO     | t=13214.5: WAGON[W5992] → Added to retrofitted track retrofitted
20:55:07 | INFO     | t=13219.5: WORKSHOP[WS_02] → Released, notifying 0 waiting processes
20:55:07 | INFO     | t=13219.5: DISPATCHER → Assigned loco LOCO_01 to retrofit_to_workshop (waited 17.0 min, pending=2)
20:55:07 | INFO     | t=13219.5: RAKE[W8339,W12383] → COUPLING at retrofit (1 couplings, 2.0 min)
20:55:07 | INFO     | t=13219.5: WAGON[W7513] → Retrieved from retrofit queue
20:55:07 | INFO     | t=13219.5: WORKSHOP[WS_02] → Selected for batch
20:55:07 | INFO     | t=13219.5: WAGON[W9446] → Added to batch
20:55:07 | INFO     | t=13219.5: BATCH[W7513,W9446] → Formed 2 wagons for WS_02
20:55:07 | INFO     | t=13219.5: TRACK[retrofit] → Removed 2 wagons (33.9m freed)
20:55:07 | INFO     | t=13219.5: DISPATCHER → Task submitted: retrofit_to_workshop (pending=3)
20:55:07 | INFO     | t=13226.5: LOCO[LOCO_01] → COUPLING at retrofit (2.0 min)
20:55:07 | INFO     | t=13228.5: LOCO[LOCO_01] → SHUNTING_PREP at retrofit (1.0 min)
20:55:07 | INFO     | t=13234.5: LOCO[LOCO_01] → DECOUPLING at WS_01 (3.0 min)
20:55:07 | INFO     | t=13237.5: RAKE[W8339,W12383] → DECOUPLING at WS_01 (1 couplings, 3.0 min)
20:55:07 | INFO     | t=13240.5: WAGON[W8339] → RETROFIT_STARTED at WS_01
20:55:07 | INFO     | t=13240.5: WAGON[W12383] → RETROFIT_STARTED at WS_01
20:55:07 | INFO     | t=13245.5: DISPATCHER → Hold override for retrofitted_to_parking (waited 60.0 min >= max 45.0 min)
20:55:07 | INFO     | t=13245.5: DISPATCHER → Assigned loco LOCO_01 to retrofit_to_workshop (waited 26.0 min, pending=2)
20:55:07 | INFO     | t=13245.5: RAKE[W7513,W9446] → COUPLING at retrofit (1 couplings, 2.0 min)
20:55:07 | INFO     | t=13245.5: WAGON[W2844] → Retrieved from retrofit queue
20:55:07 | INFO     | t=13245.5: WORKSHOP → No workshop available, waiting...
20:55:07 | INFO     | t=13246.0: LOCO[LOCO_02] → DECOUPLING at retrofit (9.0 min)
20:55:07 | INFO     | t=13252.5: LOCO[LOCO_01] → COUPLING at retrofit (2.0 min)
20:55:07 | INFO     | t=13254.5: LOCO[LOCO_01] → SHUNTING_PREP at retrofit (1.0 min)
20:55:07 | INFO     | t=13255.0: RAKE[W9843,W4473,W6848] → DECOUPLING at retrofit (2 couplings, 6.0 min)
20:55:07 | INFO     | t=13260.5: LOCO[LOCO_01] → DECOUPLING at WS_02 (3.0 min)
20:55:07 | INFO     | t=13263.5: RAKE[W7513,W9446] → DECOUPLING at WS_02 (1 couplings, 3.0 min)
20:55:07 | INFO     | t=13266.0: DISPATCHER → Hold override for retrofitted_to_parking (waited 80.5 min >= max 45.0 min)
20:55:07 | INFO     | t=13266.0: DISPATCHER → Assigned loco LOCO_02 to collection_to_retrofit (waited 297.5 min, pending=1)
20:55:07 | INFO     | t=13266.0: DISPATCHER → Hold override for retrofitted_to_parking (waited 80.5 min >= max 45.0 min)
20:55:07 | INFO     | t=13266.0: Batch size limited by retrofit capacity: 7 wagons (142.4m) fits, 13 waiting
20:55:07 | INFO     | t=13266.0: COLLECTION → Reserving retrofit track capacity for 7 wagons
20:55:07 | INFO     | t=13266.0: COLLECTION → Capacity reserved, allocating locomotive
20:55:07 | INFO     | t=13266.0: DISPATCHER → Task submitted: collection_to_retrofit (pending=2)
20:55:07 | INFO     | t=13266.5: WAGON[W7513] → RETROFIT_STARTED at WS_02
20:55:07 | INFO     | t=13266.5: WAGON[W9446] → RETROFIT_STARTED at WS_02
20:55:07 | INFO     | t=13271.5: DISPATCHER → Hold override for retrofitted_to_parking (waited 86.0 min >= max 45.0 min)
20:55:07 | INFO     | t=13271.5: DISPATCHER → Assigned loco LOCO_01 to retrofitted_to_parking (waited 86.0 min, pending=1)
20:55:07 | INFO     | t=13271.5: LOCO[LOCO_01] → Allocated for parking transport
20:55:07 | INFO     | t=13276.5: LOCO[LOCO_01] → TRAIN_PREP at retrofitted (coupling + prep, 3.0 min)
20:55:07 | INFO     | t=13284.5: LOCO[LOCO_01] → DECOUPLING at parking1 (2.0 min)
20:55:07 | INFO     | t=13286.5: RAKE[W4380,W12155,W0839,W9943] → DECOUPLING at parking1 (3 couplings, 1.5 min)
20:55:07 | INFO     | t=13293.0: LOCO[LOCO_01] → Releasing
20:55:07 | INFO     | t=13293.0: LOCO[LOCO_01] → Released
20:55:07 | INFO     | t=13293.0: PARKING → Got wagon W9430 from retrofitted
20:55:07 | INFO     | t=13293.0: LOCO → Allocating for parking transport
20:55:07 | INFO     | t=13293.0: DISPATCHER → Task submitted: retrofitted_to_parking (pending=2)
20:55:07 | INFO     | EVENT_PUBLISHED: TrainArrivedEvent | train=T180 | time=13298.8
20:55:07 | INFO     | EVENT_HANDLING: TrainArrivedEvent -> RetrofitWorkshopContext._handle_train_arrived
20:55:07 | INFO     | EVENT_HANDLED: TrainArrivedEvent by RetrofitWorkshopContext._handle_train_arrived
20:55:07 | INFO     | t=13300.5: RAKE[W8339,W12383] → COUPLING at WS_01 (1 couplings, 0.5 min)
20:55:07 | INFO     | t=13301.0: LOCO → Allocating for pickup from WS_01
20:55:07 | INFO     | t=13301.0: DISPATCHER → Task submitted: workshop_to_retrofitted (pending=3)
20:55:07 | INFO     | t=13301.0: DISPATCHER → Assigned loco LOCO_01 to workshop_to_retrofitted (waited 0.0 min, pending=2)
20:55:07 | INFO     | t=13301.0: LOCO[LOCO_01] → Allocated for pickup
20:55:07 | INFO     | t=13308.0: LOCO[LOCO_01] → TRAIN_PREP completed at WS_01 (2.0 min)
20:55:07 | INFO     | t=13313.0: BATCH → Putting 2 wagons on retrofitted track retrofitted
20:55:07 | INFO     | t=13313.0: WAGON[W8339] → Added to retrofitted track retrofitted
20:55:07 | INFO     | t=13313.0: WAGON[W12383] → Added to retrofitted track retrofitted
20:55:07 | INFO     | EVENT_PUBLISHED: TrainArrivedEvent | train=T181 | time=13314.5
20:55:07 | INFO     | EVENT_HANDLING: TrainArrivedEvent -> RetrofitWorkshopContext._handle_train_arrived
20:55:07 | INFO     | EVENT_HANDLED: TrainArrivedEvent by RetrofitWorkshopContext._handle_train_arrived
20:55:07 | INFO     | t=13318.0: WORKSHOP[WS_01] → Released, notifying 1 waiting processes
20:55:07 | INFO     | t=13318.0: WORKSHOP → Workshop became available
20:55:07 | INFO     | t=13318.0: WORKSHOP[WS_01] → Selected for batch
20:55:07 | INFO     | t=13318.0: DISPATCHER → Assigned loco LOCO_01 to retrofitted_to_parking (waited 25.0 min, pending=1)
20:55:07 | INFO     | t=13318.0: WAGON[W9727] → Added to batch
20:55:07 | INFO     | t=13318.0: BATCH[W2844,W9727] → Formed 2 wagons for WS_01
20:55:07 | INFO     | t=13318.0: LOCO[LOCO_01] → Allocated for parking transport
20:55:07 | INFO     | t=13318.0: TRACK[retrofit] → Removed 2 wagons (37.7m freed)
20:55:07 | INFO     | t=13318.0: DISPATCHER → Task submitted: retrofit_to_workshop (pending=2)
20:55:07 | INFO     | t=13323.0: LOCO[LOCO_01] → TRAIN_PREP at retrofitted (coupling + prep, 3.0 min)
20:55:07 | INFO     | t=13326.0: LOCO[LOCO_02] → TRAIN_PREP at collection (coupling + prep, 7.0 min)
20:55:07 | INFO     | t=13326.5: RAKE[W7513,W9446] → COUPLING at WS_02 (1 couplings, 0.5 min)
20:55:07 | INFO     | t=13327.0: LOCO → Allocating for pickup from WS_02
20:55:07 | INFO     | t=13327.0: DISPATCHER → Task submitted: workshop_to_retrofitted (pending=3)
20:55:07 | INFO     | t=13331.0: LOCO[LOCO_01] → DECOUPLING at parking2 (2.0 min)
20:55:07 | INFO     | t=13333.0: RAKE[W9430,W7598,W10150,W5992] → DECOUPLING at parking2 (3 couplings, 1.5 min)
20:55:07 | INFO     | t=13339.5: LOCO[LOCO_01] → Releasing
20:55:07 | INFO     | t=13339.5: LOCO[LOCO_01] → Released
20:55:07 | INFO     | t=13339.5: PARKING → Got wagon W8339 from retrofitted
20:55:07 | INFO     | t=13339.5: DISPATCHER → Assigned loco LOCO_01 to workshop_to_retrofitted (waited 12.5 min, pending=2)
20:55:07 | INFO     | t=13339.5: LOCO → Allocating for parking transport
20:55:07 | INFO     | t=13339.5: DISPATCHER → Task submitted: retrofitted_to_parking (pending=3)
20:55:07 | INFO     | t=13339.5: LOCO[LOCO_01] → Allocated for pickup
20:55:07 | INFO     | t=13346.5: LOCO[LOCO_01] → TRAIN_PREP completed at WS_02 (2.0 min)
20:55:07 | INFO     | t=13351.5: BATCH → Putting 2 wagons on retrofitted track retrofitted
20:55:07 | INFO     | t=13351.5: WAGON[W7513] → Added to retrofitted track retrofitted
20:55:07 | INFO     | t=13351.5: WAGON[W9446] → Added to retrofitted track retrofitted
20:55:07 | INFO     | t=13356.5: WORKSHOP[WS_02] → Released, notifying 0 waiting processes
20:55:07 | INFO     | t=13356.5: DISPATCHER → Assigned loco LOCO_01 to retrofit_to_workshop (waited 38.5 min, pending=2)
20:55:07 | INFO     | t=13356.5: RAKE[W2844,W9727] → COUPLING at retrofit (1 couplings, 2.0 min)
20:55:07 | INFO     | t=13356.5: WAGON[W9046] → Retrieved from retrofit queue
20:55:07 | INFO     | t=13356.5: WORKSHOP[WS_02] → Selected for batch
20:55:07 | INFO     | t=13356.5: WAGON[W9843] → Added to batch
20:55:07 | INFO     | t=13356.5: BATCH[W9046,W9843] → Formed 2 wagons for WS_02
20:55:07 | INFO     | t=13356.5: TRACK[retrofit] → Removed 2 wagons (41.3m freed)
20:55:07 | INFO     | t=13356.5: DISPATCHER → Task submitted: retrofit_to_workshop (pending=3)
20:55:07 | INFO     | t=13363.5: LOCO[LOCO_01] → COUPLING at retrofit (2.0 min)
20:55:07 | INFO     | t=13365.5: LOCO[LOCO_01] → SHUNTING_PREP at retrofit (1.0 min)
20:55:07 | INFO     | t=13371.5: LOCO[LOCO_01] → DECOUPLING at WS_01 (3.0 min)
20:55:07 | INFO     | t=13374.5: RAKE[W2844,W9727] → DECOUPLING at WS_01 (1 couplings, 3.0 min)
20:55:07 | INFO     | t=13377.5: WAGON[W2844] → RETROFIT_STARTED at WS_01
20:55:07 | INFO     | t=13377.5: WAGON[W9727] → RETROFIT_STARTED at WS_01
20:55:07 | INFO     | t=13382.5: DISPATCHER → Assigned loco LOCO_01 to retrofit_to_workshop (waited 26.0 min, pending=2)
20:55:07 | INFO     | t=13382.5: RAKE[W9046,W9843] → COUPLING at retrofit (1 couplings, 2.0 min)
20:55:07 | INFO     | t=13382.5: WAGON[W4473] → Retrieved from retrofit queue
20:55:07 | INFO     | t=13382.5: WORKSHOP → No workshop available, waiting...
20:55:07 | INFO     | EVENT_PUBLISHED: TrainArrivedEvent | train=T182 | time=13389.2
20:55:07 | INFO     | EVENT_HANDLING: TrainArrivedEvent -> RetrofitWorkshopContext._handle_train_arrived
20:55:07 | INFO     | EVENT_HANDLED: TrainArrivedEvent by RetrofitWorkshopContext._handle_train_arrived
20:55:07 | INFO     | t=13389.5: LOCO[LOCO_01] → COUPLING at retrofit (2.0 min)
20:55:07 | INFO     | t=13391.5: LOCO[LOCO_01] → SHUNTING_PREP at retrofit (1.0 min)
20:55:07 | INFO     | EVENT_PUBLISHED: TrainArrivedEvent | train=T183 | time=13392.5
20:55:07 | INFO     | EVENT_HANDLING: TrainArrivedEvent -> RetrofitWorkshopContext._handle_train_arrived
20:55:07 | INFO     | EVENT_HANDLED: TrainArrivedEvent by RetrofitWorkshopContext._handle_train_arrived
20:55:07 | INFO     | t=13393.0: LOCO[LOCO_02] → DECOUPLING at retrofit (9.0 min)
20:55:07 | INFO     | t=13397.5: LOCO[LOCO_01] → DECOUPLING at WS_02 (3.0 min)
20:55:07 | INFO     | t=13400.5: RAKE[W9046,W9843] → DECOUPLING at WS_02 (1 couplings, 3.0 min)
20:55:07 | INFO     | t=13402.0: RAKE[W0674,W5420,W6936] → DECOUPLING at retrofit (2 couplings, 6.0 min)
20:55:07 | INFO     | t=13403.5: WAGON[W9046] → RETROFIT_STARTED at WS_02
20:55:07 | INFO     | t=13403.5: WAGON[W9843] → RETROFIT_STARTED at WS_02
20:55:07 | INFO     | t=13408.5: DISPATCHER → Hold override for retrofitted_to_parking (waited 69.0 min >= max 45.0 min)
20:55:07 | INFO     | t=13408.5: DISPATCHER → Assigned loco LOCO_01 to collection_to_retrofit (waited 142.5 min, pending=1)
20:55:07 | INFO     | t=13408.5: DISPATCHER → Hold override for retrofitted_to_parking (waited 69.0 min >= max 45.0 min)
20:55:07 | INFO     | t=13413.0: DISPATCHER → Hold override for retrofitted_to_parking (waited 73.5 min >= max 45.0 min)
20:55:07 | INFO     | t=13413.0: DISPATCHER → Assigned loco LOCO_02 to retrofitted_to_parking (waited 73.5 min, pending=0)
20:55:07 | INFO     | t=13413.0: LOCO[LOCO_02] → Allocated for parking transport
20:55:07 | INFO     | t=13413.0: Batch size limited by retrofit capacity: 3 wagons (62.6m) fits, 17 waiting
20:55:07 | INFO     | t=13413.0: COLLECTION → Reserving retrofit track capacity for 3 wagons
20:55:07 | INFO     | t=13413.0: COLLECTION → Capacity reserved, allocating locomotive
20:55:07 | INFO     | t=13413.0: DISPATCHER → Task submitted: collection_to_retrofit (pending=1)
20:55:07 | INFO     | t=13418.0: LOCO[LOCO_02] → TRAIN_PREP at retrofitted (coupling + prep, 2.0 min)
20:55:07 | INFO     | t=13425.0: LOCO[LOCO_02] → DECOUPLING at parking5 (1.0 min)
20:55:07 | INFO     | t=13426.0: RAKE[W8339,W12383] → DECOUPLING at parking5 (1 couplings, 0.5 min)
20:55:07 | INFO     | t=13431.5: LOCO[LOCO_02] → Releasing
20:55:07 | INFO     | t=13431.5: LOCO[LOCO_02] → Released
20:55:07 | INFO     | t=13431.5: PARKING → Got wagon W7513 from retrofitted
20:55:07 | INFO     | t=13431.5: LOCO → Allocating for parking transport
20:55:07 | INFO     | t=13431.5: DISPATCHER → Task submitted: retrofitted_to_parking (pending=2)
20:55:07 | INFO     | t=13437.5: RAKE[W2844,W9727] → COUPLING at WS_01 (1 couplings, 0.5 min)
20:55:07 | INFO     | t=13438.0: LOCO → Allocating for pickup from WS_01
20:55:07 | INFO     | t=13438.0: DISPATCHER → Task submitted: workshop_to_retrofitted (pending=3)
20:55:07 | INFO     | t=13438.0: DISPATCHER → Assigned loco LOCO_02 to workshop_to_retrofitted (waited 0.0 min, pending=2)
20:55:07 | INFO     | t=13438.0: LOCO[LOCO_02] → Allocated for pickup
20:55:07 | INFO     | t=13445.0: LOCO[LOCO_02] → TRAIN_PREP completed at WS_01 (2.0 min)
20:55:07 | INFO     | t=13450.0: BATCH → Putting 2 wagons on retrofitted track retrofitted
20:55:07 | INFO     | t=13450.0: WAGON[W2844] → Added to retrofitted track retrofitted
20:55:07 | INFO     | t=13450.0: WAGON[W9727] → Added to retrofitted track retrofitted
20:55:07 | INFO     | t=13455.0: WORKSHOP[WS_01] → Released, notifying 1 waiting processes
20:55:07 | INFO     | t=13455.0: WORKSHOP → Workshop became available
20:55:07 | INFO     | t=13455.0: WORKSHOP[WS_01] → Selected for batch
20:55:07 | INFO     | t=13455.0: WAGON[W6848] → Added to batch
20:55:07 | INFO     | t=13455.0: BATCH[W4473,W6848] → Formed 2 wagons for WS_01
20:55:07 | INFO     | t=13455.0: TRACK[retrofit] → Removed 2 wagons (33.9m freed)
20:55:07 | INFO     | t=13455.0: DISPATCHER → Task submitted: retrofit_to_workshop (pending=3)
20:55:07 | INFO     | t=13455.0: DISPATCHER → Assigned loco LOCO_02 to retrofit_to_workshop (waited 0.0 min, pending=2)
20:55:07 | INFO     | t=13455.0: RAKE[W4473,W6848] → COUPLING at retrofit (1 couplings, 2.0 min)
20:55:07 | INFO     | t=13455.0: WAGON[W0674] → Retrieved from retrofit queue
20:55:07 | INFO     | t=13455.0: WORKSHOP → No workshop available, waiting...
20:55:07 | INFO     | EVENT_PUBLISHED: TrainArrivedEvent | train=T184 | time=13460.0
20:55:07 | INFO     | EVENT_HANDLING: TrainArrivedEvent -> RetrofitWorkshopContext._handle_train_arrived
20:55:07 | INFO     | EVENT_HANDLED: TrainArrivedEvent by RetrofitWorkshopContext._handle_train_arrived
20:55:07 | INFO     | t=13462.0: LOCO[LOCO_02] → COUPLING at retrofit (2.0 min)
20:55:07 | INFO     | t=13463.5: RAKE[W9046,W9843] → COUPLING at WS_02 (1 couplings, 0.5 min)
20:55:07 | INFO     | t=13464.0: LOCO[LOCO_02] → SHUNTING_PREP at retrofit (1.0 min)
20:55:07 | INFO     | t=13464.0: LOCO → Allocating for pickup from WS_02
20:55:07 | INFO     | t=13464.0: DISPATCHER → Task submitted: workshop_to_retrofitted (pending=3)
20:55:07 | INFO     | t=13468.5: LOCO[LOCO_01] → TRAIN_PREP at collection (coupling + prep, 15.0 min)
20:55:07 | INFO     | t=13470.0: LOCO[LOCO_02] → DECOUPLING at WS_01 (3.0 min)
20:55:07 | INFO     | t=13473.0: RAKE[W4473,W6848] → DECOUPLING at WS_01 (1 couplings, 3.0 min)
20:55:07 | INFO     | t=13476.0: WAGON[W4473] → RETROFIT_STARTED at WS_01
20:55:07 | INFO     | t=13476.0: WAGON[W6848] → RETROFIT_STARTED at WS_01
20:55:07 | INFO     | t=13481.0: DISPATCHER → Hold override for retrofitted_to_parking (waited 49.5 min >= max 45.0 min)
20:55:07 | INFO     | t=13481.0: DISPATCHER → Assigned loco LOCO_02 to workshop_to_retrofitted (waited 17.0 min, pending=2)
20:55:07 | INFO     | t=13481.0: LOCO[LOCO_02] → Allocated for pickup
20:55:07 | INFO     | EVENT_PUBLISHED: TrainArrivedEvent | train=T185 | time=13487.5
20:55:07 | INFO     | EVENT_HANDLING: TrainArrivedEvent -> RetrofitWorkshopContext._handle_train_arrived
20:55:07 | INFO     | EVENT_HANDLED: TrainArrivedEvent by RetrofitWorkshopContext._handle_train_arrived
20:55:07 | INFO     | t=13488.0: LOCO[LOCO_02] → TRAIN_PREP completed at WS_02 (2.0 min)
20:55:07 | INFO     | t=13493.0: BATCH → Putting 2 wagons on retrofitted track retrofitted
20:55:07 | INFO     | t=13493.0: WAGON[W9046] → Added to retrofitted track retrofitted
20:55:07 | INFO     | t=13493.0: WAGON[W9843] → Added to retrofitted track retrofitted
20:55:07 | INFO     | t=13498.0: WORKSHOP[WS_02] → Released, notifying 1 waiting processes
20:55:07 | INFO     | t=13498.0: WORKSHOP → Workshop became available
20:55:07 | INFO     | t=13498.0: WORKSHOP[WS_02] → Selected for batch
20:55:07 | INFO     | t=13498.0: DISPATCHER → Hold override for retrofitted_to_parking (waited 66.5 min >= max 45.0 min)
20:55:07 | INFO     | t=13498.0: DISPATCHER → Assigned loco LOCO_02 to collection_to_retrofit (waited 85.0 min, pending=1)
20:55:07 | INFO     | t=13498.0: DISPATCHER → Hold override for retrofitted_to_parking (waited 66.5 min >= max 45.0 min)
20:55:07 | INFO     | t=13498.0: WAGON[W5420] → Added to batch
20:55:07 | INFO     | t=13498.0: BATCH[W0674,W5420] → Formed 2 wagons for WS_02
20:55:07 | INFO     | t=13498.0: TRACK[retrofit] → Removed 2 wagons (47.4m freed)
20:55:07 | INFO     | t=13498.0: DISPATCHER → Task submitted: retrofit_to_workshop (pending=2)
20:55:07 | INFO     | t=13536.0: RAKE[W4473,W6848] → COUPLING at WS_01 (1 couplings, 0.5 min)
20:55:07 | INFO     | t=13536.5: LOCO → Allocating for pickup from WS_01
20:55:07 | INFO     | t=13536.5: DISPATCHER → Task submitted: workshop_to_retrofitted (pending=3)
20:55:07 | INFO     | t=13543.5: LOCO[LOCO_01] → DECOUPLING at retrofit (21.0 min)
20:55:07 | INFO     | t=13558.0: LOCO[LOCO_02] → TRAIN_PREP at collection (coupling + prep, 7.0 min)
20:55:07 | INFO     | t=13564.5: RAKE[W11356,W4223,W1826,W8494,W1427,W7791,W0023] → DECOUPLING at retrofit (6 couplings, 18.0 min)
20:55:07 | INFO     | t=13587.5: DISPATCHER → Hold override for retrofitted_to_parking (waited 156.0 min >= max 45.0 min)
20:55:07 | INFO     | t=13587.5: DISPATCHER → Assigned loco LOCO_01 to workshop_to_retrofitted (waited 51.0 min, pending=2)
20:55:07 | INFO     | t=13587.5: DISPATCHER → Hold override for retrofitted_to_parking (waited 156.0 min >= max 45.0 min)
20:55:07 | INFO     | t=13587.5: LOCO[LOCO_01] → Allocated for pickup
20:55:07 | INFO     | t=13587.5: Batch size limited by retrofit capacity: 6 wagons (96.6m) fits, 15 waiting
20:55:07 | INFO     | t=13587.5: COLLECTION → Reserving retrofit track capacity for 6 wagons
20:55:07 | INFO     | t=13587.5: COLLECTION → Capacity reserved, allocating locomotive
20:55:07 | INFO     | t=13587.5: DISPATCHER → Task submitted: collection_to_retrofit (pending=3)
20:55:07 | INFO     | t=13594.5: LOCO[LOCO_01] → TRAIN_PREP completed at WS_01 (2.0 min)
20:55:07 | INFO     | t=13599.5: BATCH → Putting 2 wagons on retrofitted track retrofitted
20:55:07 | INFO     | t=13599.5: WAGON[W4473] → Added to retrofitted track retrofitted
20:55:07 | INFO     | t=13599.5: WAGON[W6848] → Added to retrofitted track retrofitted
20:55:07 | INFO     | t=13604.5: WORKSHOP[WS_01] → Released, notifying 0 waiting processes
20:55:07 | INFO     | t=13604.5: DISPATCHER → Hold override for retrofitted_to_parking (waited 173.0 min >= max 45.0 min)
20:55:07 | INFO     | t=13604.5: DISPATCHER → Assigned loco LOCO_01 to retrofit_to_workshop (waited 106.5 min, pending=2)
20:55:07 | INFO     | t=13604.5: DISPATCHER → Hold override for retrofitted_to_parking (waited 173.0 min >= max 45.0 min)
20:55:07 | INFO     | t=13604.5: RAKE[W0674,W5420] → COUPLING at retrofit (1 couplings, 2.0 min)
20:55:07 | INFO     | t=13604.5: WAGON[W6936] → Retrieved from retrofit queue
20:55:07 | INFO     | t=13604.5: WORKSHOP[WS_01] → Selected for batch
20:55:07 | INFO     | t=13604.5: WAGON[W11356] → Added to batch
20:55:07 | INFO     | t=13604.5: BATCH[W6936,W11356] → Formed 2 wagons for WS_01
20:55:07 | INFO     | t=13604.5: TRACK[retrofit] → Removed 2 wagons (30.5m freed)
20:55:07 | INFO     | t=13604.5: DISPATCHER → Task submitted: retrofit_to_workshop (pending=3)
20:55:07 | INFO     | t=13611.5: LOCO[LOCO_01] → COUPLING at retrofit (2.0 min)
20:55:07 | INFO     | t=13613.5: LOCO[LOCO_01] → SHUNTING_PREP at retrofit (1.0 min)
20:55:07 | INFO     | t=13619.5: LOCO[LOCO_01] → DECOUPLING at WS_02 (3.0 min)
20:55:07 | INFO     | t=13622.5: RAKE[W0674,W5420] → DECOUPLING at WS_02 (1 couplings, 3.0 min)
20:55:07 | INFO     | t=13625.0: LOCO[LOCO_02] → DECOUPLING at retrofit (9.0 min)
20:55:07 | INFO     | t=13625.5: WAGON[W0674] → RETROFIT_STARTED at WS_02
20:55:07 | INFO     | t=13625.5: WAGON[W5420] → RETROFIT_STARTED at WS_02
20:55:07 | INFO     | t=13630.5: DISPATCHER → Hold override for retrofitted_to_parking (waited 199.0 min >= max 45.0 min)
20:55:07 | INFO     | t=13630.5: DISPATCHER → Assigned loco LOCO_01 to retrofit_to_workshop (waited 26.0 min, pending=2)
20:55:07 | INFO     | t=13630.5: DISPATCHER → Hold override for retrofitted_to_parking (waited 199.0 min >= max 45.0 min)
20:55:07 | INFO     | t=13630.5: RAKE[W6936,W11356] → COUPLING at retrofit (1 couplings, 2.0 min)
20:55:07 | INFO     | t=13630.5: WAGON[W4223] → Retrieved from retrofit queue
20:55:07 | INFO     | t=13630.5: WORKSHOP → No workshop available, waiting...
20:55:07 | INFO     | EVENT_PUBLISHED: TrainArrivedEvent | train=T186 | time=13633.2
20:55:07 | INFO     | EVENT_HANDLING: TrainArrivedEvent -> RetrofitWorkshopContext._handle_train_arrived
20:55:07 | INFO     | EVENT_HANDLED: TrainArrivedEvent by RetrofitWorkshopContext._handle_train_arrived
20:55:07 | INFO     | t=13634.0: RAKE[W3230,W5411,W11513] → DECOUPLING at retrofit (2 couplings, 6.0 min)
20:55:07 | INFO     | t=13637.5: LOCO[LOCO_01] → COUPLING at retrofit (2.0 min)
20:55:07 | INFO     | t=13639.5: LOCO[LOCO_01] → SHUNTING_PREP at retrofit (1.0 min)
20:55:07 | INFO     | t=13645.0: Batch size limited by retrofit capacity: 1 wagons (19.9m) fits, 18 waiting
20:55:07 | INFO     | t=13645.0: DISPATCHER → Hold override for retrofitted_to_parking (waited 213.5 min >= max 45.0 min)
20:55:07 | INFO     | t=13645.0: DISPATCHER → Assigned loco LOCO_02 to retrofitted_to_parking (waited 213.5 min, pending=1)
20:55:07 | INFO     | t=13645.0: COLLECTION → Reserving retrofit track capacity for 1 wagons
20:55:07 | INFO     | t=13645.0: LOCO[LOCO_02] → Allocated for parking transport
20:55:07 | INFO     | t=13645.0: COLLECTION → Capacity reserved, allocating locomotive
20:55:07 | INFO     | t=13645.0: DISPATCHER → Task submitted: collection_to_retrofit (pending=2)
20:55:07 | INFO     | t=13645.5: LOCO[LOCO_01] → DECOUPLING at WS_01 (3.0 min)
20:55:07 | INFO     | EVENT_PUBLISHED: TrainArrivedEvent | train=T187 | time=13647.2
20:55:07 | INFO     | EVENT_HANDLING: TrainArrivedEvent -> RetrofitWorkshopContext._handle_train_arrived
20:55:07 | INFO     | EVENT_HANDLED: TrainArrivedEvent by RetrofitWorkshopContext._handle_train_arrived
20:55:07 | INFO     | t=13648.5: RAKE[W6936,W11356] → DECOUPLING at WS_01 (1 couplings, 3.0 min)
20:55:07 | INFO     | t=13650.0: LOCO[LOCO_02] → TRAIN_PREP at retrofitted (coupling + prep, 2.0 min)
20:55:07 | INFO     | t=13651.5: WAGON[W6936] → RETROFIT_STARTED at WS_01
20:55:07 | INFO     | t=13651.5: WAGON[W11356] → RETROFIT_STARTED at WS_01
20:55:07 | INFO     | t=13685.5: RAKE[W0674,W5420] → COUPLING at WS_02 (1 couplings, 0.5 min)
20:55:07 | INFO     | t=13686.0: LOCO → Allocating for pickup from WS_02
20:55:07 | INFO     | t=13686.0: DISPATCHER → Task submitted: workshop_to_retrofitted (pending=3)
20:55:07 | INFO     | t=13686.0: DISPATCHER → Assigned loco LOCO_01 to workshop_to_retrofitted (waited 0.0 min, pending=2)
20:55:07 | INFO     | t=13686.0: LOCO[LOCO_01] → Allocated for pickup
20:55:07 | INFO     | t=13693.0: LOCO[LOCO_01] → TRAIN_PREP completed at WS_02 (2.0 min)
20:55:07 | INFO     | t=13698.0: BATCH → Putting 2 wagons on retrofitted track retrofitted
20:55:07 | INFO     | t=13698.0: WAGON[W0674] → Added to retrofitted track retrofitted
20:55:07 | INFO     | t=13698.0: WAGON[W5420] → Added to retrofitted track retrofitted
20:55:07 | INFO     | t=13703.0: WORKSHOP[WS_02] → Released, notifying 1 waiting processes
20:55:07 | INFO     | t=13703.0: WORKSHOP → Workshop became available
20:55:07 | INFO     | t=13703.0: WORKSHOP[WS_02] → Selected for batch
20:55:07 | INFO     | t=13703.0: WAGON[W1826] → Added to batch
20:55:07 | INFO     | t=13703.0: BATCH[W4223,W1826] → Formed 2 wagons for WS_02
20:55:07 | INFO     | t=13703.0: TRACK[retrofit] → Removed 2 wagons (32.5m freed)
20:55:07 | INFO     | t=13703.0: DISPATCHER → Task submitted: retrofit_to_workshop (pending=3)
20:55:07 | INFO     | t=13703.0: DISPATCHER → Assigned loco LOCO_01 to retrofit_to_workshop (waited 0.0 min, pending=2)
20:55:07 | INFO     | t=13703.0: RAKE[W4223,W1826] → COUPLING at retrofit (1 couplings, 2.0 min)
20:55:07 | INFO     | t=13703.0: WAGON[W8494] → Retrieved from retrofit queue
20:55:07 | INFO     | t=13703.0: WORKSHOP → No workshop available, waiting...
20:55:07 | INFO     | t=13710.0: LOCO[LOCO_01] → COUPLING at retrofit (2.0 min)
20:55:07 | INFO     | t=13711.5: RAKE[W6936,W11356] → COUPLING at WS_01 (1 couplings, 0.5 min)
20:55:07 | INFO     | t=13712.0: LOCO[LOCO_01] → SHUNTING_PREP at retrofit (1.0 min)
20:55:07 | INFO     | t=13712.0: LOCO → Allocating for pickup from WS_01
20:55:07 | INFO     | t=13712.0: DISPATCHER → Task submitted: workshop_to_retrofitted (pending=3)
20:55:07 | INFO     | t=13718.0: LOCO[LOCO_01] → DECOUPLING at WS_02 (3.0 min)
20:55:07 | INFO     | t=13721.0: RAKE[W4223,W1826] → DECOUPLING at WS_02 (1 couplings, 3.0 min)
20:55:07 | INFO     | t=13724.0: WAGON[W4223] → RETROFIT_STARTED at WS_02
20:55:07 | INFO     | t=13724.0: WAGON[W1826] → RETROFIT_STARTED at WS_02
20:55:07 | INFO     | t=13729.0: DISPATCHER → Assigned loco LOCO_01 to workshop_to_retrofitted (waited 17.0 min, pending=2)
20:55:07 | INFO     | t=13729.0: LOCO[LOCO_01] → Allocated for pickup
20:55:07 | INFO     | t=13736.0: LOCO[LOCO_01] → TRAIN_PREP completed at WS_01 (2.0 min)
20:55:07 | INFO     | t=13741.0: BATCH → Putting 2 wagons on retrofitted track retrofitted
20:55:07 | INFO     | t=13741.0: WAGON[W6936] → Added to retrofitted track retrofitted
20:55:07 | INFO     | t=13741.0: WAGON[W11356] → Added to retrofitted track retrofitted
20:55:07 | INFO     | t=13746.0: WORKSHOP[WS_01] → Released, notifying 1 waiting processes
20:55:07 | INFO     | t=13746.0: WORKSHOP → Workshop became available
20:55:07 | INFO     | t=13746.0: WORKSHOP[WS_01] → Selected for batch
20:55:07 | INFO     | t=13746.0: WAGON[W1427] → Added to batch
20:55:07 | INFO     | t=13746.0: BATCH[W8494,W1427] → Formed 2 wagons for WS_01
20:55:07 | INFO     | t=13746.0: TRACK[retrofit] → Removed 2 wagons (46.4m freed)
20:55:07 | INFO     | t=13746.0: DISPATCHER → Task submitted: retrofit_to_workshop (pending=3)
20:55:07 | INFO     | t=13746.0: DISPATCHER → Assigned loco LOCO_01 to retrofit_to_workshop (waited 0.0 min, pending=2)
20:55:07 | INFO     | t=13746.0: RAKE[W8494,W1427] → COUPLING at retrofit (1 couplings, 2.0 min)
20:55:07 | INFO     | t=13746.0: WAGON[W7791] → Retrieved from retrofit queue
20:55:07 | INFO     | t=13746.0: WORKSHOP → No workshop available, waiting...
20:55:07 | INFO     | t=13753.0: LOCO[LOCO_01] → COUPLING at retrofit (2.0 min)
20:55:07 | INFO     | t=13755.0: LOCO[LOCO_01] → SHUNTING_PREP at retrofit (1.0 min)
20:55:07 | INFO     | t=13761.0: LOCO[LOCO_01] → DECOUPLING at WS_01 (3.0 min)
20:55:07 | INFO     | t=13764.0: RAKE[W8494,W1427] → DECOUPLING at WS_01 (1 couplings, 3.0 min)
20:55:07 | INFO     | t=13767.0: WAGON[W8494] → RETROFIT_STARTED at WS_01
20:55:07 | INFO     | t=13767.0: WAGON[W1427] → RETROFIT_STARTED at WS_01
20:55:07 | INFO     | t=13772.0: LOCO[LOCO_02] → DECOUPLING at parking16 (1.0 min)
20:55:07 | INFO     | t=13772.0: DISPATCHER → Assigned loco LOCO_01 to collection_to_retrofit (waited 184.5 min, pending=1)
20:55:07 | INFO     | t=13773.0: RAKE[W7513,W9446] → DECOUPLING at parking16 (1 couplings, 0.5 min)
20:55:07 | INFO     | t=13784.0: RAKE[W4223,W1826] → COUPLING at WS_02 (1 couplings, 0.5 min)
20:55:07 | INFO     | t=13784.5: LOCO → Allocating for pickup from WS_02
20:55:07 | INFO     | t=13784.5: DISPATCHER → Task submitted: workshop_to_retrofitted (pending=2)
20:55:07 | INFO     | t=13827.0: RAKE[W8494,W1427] → COUPLING at WS_01 (1 couplings, 0.5 min)
20:55:07 | INFO     | t=13827.5: LOCO → Allocating for pickup from WS_01
20:55:07 | INFO     | t=13827.5: DISPATCHER → Task submitted: workshop_to_retrofitted (pending=3)
20:55:07 | INFO     | t=13832.0: LOCO[LOCO_01] → TRAIN_PREP at collection (coupling + prep, 13.0 min)
20:55:07 | INFO     | t=13833.5: LOCO[LOCO_02] → Releasing
20:55:07 | INFO     | t=13833.5: LOCO[LOCO_02] → Released
20:55:07 | INFO     | t=13833.5: PARKING → Got wagon W2844 from retrofitted
20:55:07 | INFO     | t=13833.5: DISPATCHER → Assigned loco LOCO_02 to workshop_to_retrofitted (waited 49.0 min, pending=2)
20:55:07 | INFO     | t=13833.5: LOCO[LOCO_02] → Allocated for pickup
20:55:07 | INFO     | t=13833.5: LOCO → Allocating for parking transport
20:55:07 | INFO     | t=13833.5: DISPATCHER → Task submitted: retrofitted_to_parking (pending=3)
20:55:07 | INFO     | t=13840.5: LOCO[LOCO_02] → TRAIN_PREP completed at WS_02 (2.0 min)
20:55:07 | INFO     | t=13845.5: BATCH → Putting 2 wagons on retrofitted track retrofitted
20:55:07 | INFO     | t=13845.5: WAGON[W4223] → Added to retrofitted track retrofitted
20:55:07 | INFO     | t=13845.5: WAGON[W1826] → Added to retrofitted track retrofitted
20:55:07 | INFO     | t=13850.5: WORKSHOP[WS_02] → Released, notifying 1 waiting processes
20:55:07 | INFO     | t=13850.5: WORKSHOP → Workshop became available
20:55:07 | INFO     | t=13850.5: WORKSHOP[WS_02] → Selected for batch
20:55:07 | INFO     | t=13850.5: DISPATCHER → Assigned loco LOCO_02 to workshop_to_retrofitted (waited 23.0 min, pending=2)
20:55:07 | INFO     | t=13850.5: WAGON[W0023] → Added to batch
20:55:07 | INFO     | t=13850.5: BATCH[W7791,W0023] → Formed 2 wagons for WS_02
20:55:07 | INFO     | t=13850.5: LOCO[LOCO_02] → Allocated for pickup
20:55:07 | INFO     | t=13850.5: TRACK[retrofit] → Removed 2 wagons (47.0m freed)
20:55:07 | INFO     | t=13850.5: DISPATCHER → Task submitted: retrofit_to_workshop (pending=3)
20:55:07 | INFO     | t=13857.5: LOCO[LOCO_02] → TRAIN_PREP completed at WS_01 (2.0 min)
20:55:07 | INFO     | t=13862.5: BATCH → Putting 2 wagons on retrofitted track retrofitted
20:55:07 | INFO     | t=13905.0: LOCO[LOCO_01] → DECOUPLING at retrofit (18.0 min)
20:55:07 | INFO     | t=13923.0: RAKE[W10397,W0039,W5346,W4370,W9406,W5153] → DECOUPLING at retrofit (5 couplings, 15.0 min)
20:55:07 | INFO     | t=13943.0: DISPATCHER → Hold override for retrofitted_to_parking (waited 109.5 min >= max 45.0 min)
20:55:07 | INFO     | t=13943.0: DISPATCHER → Assigned loco LOCO_01 to retrofit_to_workshop (waited 92.5 min, pending=2)
20:55:07 | INFO     | t=13943.0: RAKE[W7791,W0023] → COUPLING at retrofit (1 couplings, 2.0 min)
20:55:07 | INFO     | t=13943.0: WAGON[W3230] → Retrieved from retrofit queue
20:55:07 | INFO     | t=13943.0: WORKSHOP → No workshop available, waiting...
20:55:07 | INFO     | t=13943.0: Batch size limited by retrofit capacity: 7 wagons (135.8m) fits, 13 waiting
20:55:07 | INFO     | t=13943.0: COLLECTION → Reserving retrofit track capacity for 7 wagons
20:55:07 | INFO     | t=13943.0: COLLECTION → Capacity reserved, allocating locomotive
20:55:07 | INFO     | t=13943.0: DISPATCHER → Task submitted: collection_to_retrofit (pending=3)
20:55:07 | INFO     | t=13950.0: LOCO[LOCO_01] → COUPLING at retrofit (2.0 min)
20:55:07 | INFO     | t=13952.0: LOCO[LOCO_01] → SHUNTING_PREP at retrofit (1.0 min)
20:55:07 | INFO     | t=13958.0: LOCO[LOCO_01] → DECOUPLING at WS_02 (3.0 min)
20:55:07 | INFO     | t=13961.0: RAKE[W7791,W0023] → DECOUPLING at WS_02 (1 couplings, 3.0 min)
20:55:07 | INFO     | t=13964.0: WAGON[W7791] → RETROFIT_STARTED at WS_02
20:55:07 | INFO     | t=13964.0: WAGON[W0023] → RETROFIT_STARTED at WS_02
20:55:07 | INFO     | t=13969.0: DISPATCHER → Hold override for retrofitted_to_parking (waited 135.5 min >= max 45.0 min)
20:55:07 | INFO     | t=13969.0: DISPATCHER → Assigned loco LOCO_01 to retrofitted_to_parking (waited 135.5 min, pending=2)
20:55:07 | INFO     | t=13969.0: LOCO[LOCO_01] → Allocated for parking transport
20:55:07 | INFO     | t=13974.0: LOCO[LOCO_01] → TRAIN_PREP at retrofitted (coupling + prep, 4.0 min)
20:55:07 | INFO     | t=13974.0: WAGON[W8494] → Added to retrofitted track retrofitted
20:55:07 | INFO     | t=13974.0: WAGON[W1427] → Added to retrofitted track retrofitted
20:55:07 | INFO     | t=13979.0: WORKSHOP[WS_01] → Released, notifying 1 waiting processes
20:55:07 | INFO     | t=13979.0: WORKSHOP → Workshop became available
20:55:07 | INFO     | t=13979.0: WORKSHOP[WS_01] → Selected for batch
20:55:07 | INFO     | t=13979.0: WAGON[W5411] → Added to batch
20:55:07 | INFO     | t=13979.0: BATCH[W3230,W5411] → Formed 2 wagons for WS_01
20:55:07 | INFO     | t=13979.0: TRACK[retrofit] → Removed 2 wagons (36.3m freed)
20:55:07 | INFO     | t=13979.0: DISPATCHER → Task submitted: retrofit_to_workshop (pending=3)
20:55:07 | INFO     | t=13979.0: DISPATCHER → Assigned loco LOCO_02 to retrofit_to_workshop (waited 0.0 min, pending=2)
20:55:07 | INFO     | t=13979.0: RAKE[W3230,W5411] → COUPLING at retrofit (1 couplings, 2.0 min)
20:55:07 | INFO     | t=13979.0: WAGON[W11513] → Retrieved from retrofit queue
20:55:07 | INFO     | t=13979.0: WORKSHOP → No workshop available, waiting...
20:55:07 | INFO     | t=13983.0: LOCO[LOCO_01] → DECOUPLING at parking6 (3.0 min)
20:55:07 | INFO     | t=13986.0: LOCO[LOCO_02] → COUPLING at retrofit (2.0 min)
20:55:07 | INFO     | t=13986.0: RAKE[W2844,W9727,W9046,W9843,W4473,W6848] → DECOUPLING at parking6 (5 couplings, 2.5 min)
20:55:07 | INFO     | t=13988.0: LOCO[LOCO_02] → SHUNTING_PREP at retrofit (1.0 min)
20:55:07 | INFO     | t=13993.5: LOCO[LOCO_01] → Releasing
20:55:07 | INFO     | t=13993.5: LOCO[LOCO_01] → Released
20:55:07 | INFO     | t=13993.5: PARKING → Got wagon W0674 from retrofitted
20:55:07 | INFO     | t=13993.5: LOCO → Allocating for parking transport
20:55:07 | INFO     | t=13993.5: DISPATCHER → Task submitted: retrofitted_to_parking (pending=3)
20:55:07 | INFO     | t=13993.5: DISPATCHER → Assigned loco LOCO_01 to retrofitted_to_parking (waited 0.0 min, pending=2)
20:55:07 | INFO     | t=13993.5: LOCO[LOCO_01] → Allocated for parking transport
20:55:07 | INFO     | t=13994.0: LOCO[LOCO_02] → DECOUPLING at WS_01 (3.0 min)
20:55:07 | INFO     | t=13997.0: RAKE[W3230,W5411] → DECOUPLING at WS_01 (1 couplings, 3.0 min)
20:55:07 | INFO     | t=13998.5: LOCO[LOCO_01] → TRAIN_PREP at retrofitted (coupling + prep, 3.5 min)
20:55:07 | INFO     | t=14000.0: WAGON[W3230] → RETROFIT_STARTED at WS_01
20:55:07 | INFO     | t=14000.0: WAGON[W5411] → RETROFIT_STARTED at WS_01
20:55:07 | INFO     | t=14024.0: RAKE[W7791,W0023] → COUPLING at WS_02 (1 couplings, 0.5 min)
20:55:07 | INFO     | t=14024.5: LOCO → Allocating for pickup from WS_02
20:55:07 | INFO     | t=14024.5: DISPATCHER → Task submitted: workshop_to_retrofitted (pending=3)
20:55:07 | INFO     | t=14024.5: DISPATCHER → Assigned loco LOCO_02 to workshop_to_retrofitted (waited 0.0 min, pending=2)
20:55:07 | INFO     | t=14024.5: LOCO[LOCO_02] → Allocated for pickup
20:55:07 | INFO     | t=14031.5: LOCO[LOCO_02] → TRAIN_PREP completed at WS_02 (2.0 min)
20:55:07 | INFO     | t=14036.5: BATCH → Putting 2 wagons on retrofitted track retrofitted
20:55:07 | INFO     | t=14036.5: WAGON[W7791] → Added to retrofitted track retrofitted
20:55:07 | INFO     | t=14036.5: WAGON[W0023] → Added to retrofitted track retrofitted
20:55:07 | INFO     | t=14041.5: WORKSHOP[WS_02] → Released, notifying 1 waiting processes
20:55:07 | INFO     | t=14041.5: WORKSHOP → Workshop became available
20:55:07 | INFO     | t=14041.5: WORKSHOP[WS_02] → Selected for batch
20:55:07 | INFO     | t=14041.5: WAGON[W10397] → Added to batch
20:55:07 | INFO     | t=14041.5: BATCH[W11513,W10397] → Formed 2 wagons for WS_02
20:55:07 | INFO     | t=14041.5: TRACK[retrofit] → Removed 2 wagons (46.2m freed)
20:55:07 | INFO     | t=14041.5: DISPATCHER → Task submitted: retrofit_to_workshop (pending=3)
20:55:07 | INFO     | t=14041.5: DISPATCHER → Assigned loco LOCO_02 to retrofit_to_workshop (waited 0.0 min, pending=2)
20:55:07 | INFO     | t=14041.5: RAKE[W11513,W10397] → COUPLING at retrofit (1 couplings, 2.0 min)
20:55:07 | INFO     | t=14041.5: WAGON[W0039] → Retrieved from retrofit queue
20:55:07 | INFO     | t=14041.5: WORKSHOP → No workshop available, waiting...
20:55:07 | INFO     | t=14048.5: LOCO[LOCO_02] → COUPLING at retrofit (2.0 min)
20:55:07 | INFO     | t=14050.5: LOCO[LOCO_02] → SHUNTING_PREP at retrofit (1.0 min)
20:55:07 | INFO     | t=14056.5: LOCO[LOCO_02] → DECOUPLING at WS_02 (3.0 min)
20:55:07 | INFO     | t=14059.5: RAKE[W11513,W10397] → DECOUPLING at WS_02 (1 couplings, 3.0 min)
20:55:07 | INFO     | t=14060.0: RAKE[W3230,W5411] → COUPLING at WS_01 (1 couplings, 0.5 min)
20:55:07 | INFO     | t=14060.5: LOCO → Allocating for pickup from WS_01
20:55:07 | INFO     | t=14060.5: DISPATCHER → Task submitted: workshop_to_retrofitted (pending=3)
20:55:07 | INFO     | t=14062.0: LOCO[LOCO_01] → DECOUPLING at parking10 (2.5 min)
20:55:07 | INFO     | t=14062.5: WAGON[W11513] → RETROFIT_STARTED at WS_02
20:55:07 | INFO     | t=14062.5: WAGON[W10397] → RETROFIT_STARTED at WS_02
20:55:07 | INFO     | t=14064.5: RAKE[W0674,W5420,W6936,W11356,W4223] → DECOUPLING at parking10 (4 couplings, 2.0 min)
20:55:07 | INFO     | t=14067.5: DISPATCHER → Assigned loco LOCO_02 to workshop_to_retrofitted (waited 7.0 min, pending=2)
20:55:07 | INFO     | t=14067.5: LOCO[LOCO_02] → Allocated for pickup
20:55:07 | INFO     | t=14074.5: LOCO[LOCO_02] → TRAIN_PREP completed at WS_01 (2.0 min)
20:55:07 | INFO     | t=14079.5: BATCH → Putting 2 wagons on retrofitted track retrofitted
20:55:07 | INFO     | t=14079.5: WAGON[W3230] → Added to retrofitted track retrofitted
20:55:07 | INFO     | t=14079.5: WAGON[W5411] → Added to retrofitted track retrofitted
20:55:07 | INFO     | t=14084.5: WORKSHOP[WS_01] → Released, notifying 1 waiting processes
20:55:07 | INFO     | t=14084.5: WORKSHOP → Workshop became available
20:55:07 | INFO     | t=14084.5: WORKSHOP[WS_01] → Selected for batch
20:55:07 | INFO     | t=14084.5: DISPATCHER → Assigned loco LOCO_02 to collection_to_retrofit (waited 439.5 min, pending=1)
20:55:07 | INFO     | t=14084.5: WAGON[W5346] → Added to batch
20:55:07 | INFO     | t=14084.5: BATCH[W0039,W5346] → Formed 2 wagons for WS_01
20:55:07 | INFO     | t=14084.5: TRACK[retrofit] → Removed 2 wagons (26.0m freed)
20:55:07 | INFO     | t=14084.5: DISPATCHER → Task submitted: retrofit_to_workshop (pending=2)
20:55:07 | INFO     | EVENT_PUBLISHED: TrainArrivedEvent | train=T188 | time=14097.8
20:55:07 | INFO     | EVENT_HANDLING: TrainArrivedEvent -> RetrofitWorkshopContext._handle_train_arrived
20:55:07 | INFO     | EVENT_HANDLED: TrainArrivedEvent by RetrofitWorkshopContext._handle_train_arrived
20:55:07 | INFO     | t=14122.5: RAKE[W11513,W10397] → COUPLING at WS_02 (1 couplings, 0.5 min)
20:55:07 | INFO     | t=14123.0: LOCO → Allocating for pickup from WS_02
20:55:07 | INFO     | t=14123.0: DISPATCHER → Task submitted: workshop_to_retrofitted (pending=3)
20:55:07 | INFO     | t=14126.5: LOCO[LOCO_01] → Releasing
20:55:07 | INFO     | t=14126.5: LOCO[LOCO_01] → Released
20:55:07 | INFO     | t=14126.5: PARKING → Got wagon W1826 from retrofitted
20:55:07 | INFO     | t=14126.5: DISPATCHER → Assigned loco LOCO_01 to workshop_to_retrofitted (waited 3.5 min, pending=2)
20:55:07 | INFO     | t=14126.5: LOCO[LOCO_01] → Allocated for pickup
20:55:07 | INFO     | t=14126.5: LOCO → Allocating for parking transport
20:55:07 | INFO     | t=14126.5: DISPATCHER → Task submitted: retrofitted_to_parking (pending=3)
20:55:07 | INFO     | t=14133.5: LOCO[LOCO_01] → TRAIN_PREP completed at WS_02 (2.0 min)
20:55:07 | INFO     | t=14138.5: BATCH → Putting 2 wagons on retrofitted track retrofitted
20:55:07 | INFO     | t=14138.5: WAGON[W11513] → Added to retrofitted track retrofitted
20:55:07 | INFO     | t=14138.5: WAGON[W10397] → Added to retrofitted track retrofitted
20:55:07 | INFO     | t=14143.5: WORKSHOP[WS_02] → Released, notifying 0 waiting processes
20:55:07 | INFO     | t=14143.5: DISPATCHER → Assigned loco LOCO_01 to retrofit_to_workshop (waited 59.0 min, pending=2)
20:55:07 | INFO     | t=14143.5: RAKE[W0039,W5346] → COUPLING at retrofit (1 couplings, 2.0 min)
20:55:07 | INFO     | t=14143.5: WAGON[W4370] → Retrieved from retrofit queue
20:55:07 | INFO     | t=14143.5: WORKSHOP[WS_02] → Selected for batch
20:55:07 | INFO     | t=14143.5: WAGON[W9406] → Added to batch
20:55:07 | INFO     | t=14143.5: BATCH[W4370,W9406] → Formed 2 wagons for WS_02
20:55:07 | INFO     | t=14143.5: TRACK[retrofit] → Removed 2 wagons (34.3m freed)
20:55:07 | INFO     | t=14143.5: DISPATCHER → Task submitted: retrofit_to_workshop (pending=3)
20:55:07 | INFO     | t=14144.5: LOCO[LOCO_02] → TRAIN_PREP at collection (coupling + prep, 3.0 min)
20:55:07 | INFO     | t=14150.5: LOCO[LOCO_01] → COUPLING at retrofit (2.0 min)
20:55:07 | INFO     | t=14152.5: LOCO[LOCO_01] → SHUNTING_PREP at retrofit (1.0 min)
20:55:07 | INFO     | t=14158.5: LOCO[LOCO_01] → DECOUPLING at WS_01 (3.0 min)
20:55:07 | INFO     | t=14161.5: RAKE[W0039,W5346] → DECOUPLING at WS_01 (1 couplings, 3.0 min)
20:55:07 | INFO     | t=14164.5: WAGON[W0039] → RETROFIT_STARTED at WS_01
20:55:07 | INFO     | t=14164.5: WAGON[W5346] → RETROFIT_STARTED at WS_01
20:55:07 | INFO     | t=14169.5: DISPATCHER → Assigned loco LOCO_01 to retrofit_to_workshop (waited 26.0 min, pending=2)
20:55:07 | INFO     | t=14169.5: RAKE[W4370,W9406] → COUPLING at retrofit (1 couplings, 2.0 min)
20:55:07 | INFO     | t=14169.5: WAGON[W5153] → Retrieved from retrofit queue
20:55:07 | INFO     | t=14169.5: WORKSHOP → No workshop available, waiting...
20:55:07 | INFO     | t=14176.5: LOCO[LOCO_01] → COUPLING at retrofit (2.0 min)
20:55:07 | INFO     | t=14178.5: LOCO[LOCO_01] → SHUNTING_PREP at retrofit (1.0 min)
20:55:07 | INFO     | t=14184.5: LOCO[LOCO_01] → DECOUPLING at WS_02 (3.0 min)
20:55:07 | INFO     | t=14187.5: RAKE[W4370,W9406] → DECOUPLING at WS_02 (1 couplings, 3.0 min)
20:55:07 | INFO     | t=14190.5: WAGON[W4370] → RETROFIT_STARTED at WS_02
20:55:07 | INFO     | t=14190.5: WAGON[W9406] → RETROFIT_STARTED at WS_02
20:55:07 | INFO     | t=14195.5: DISPATCHER → Hold override for retrofitted_to_parking (waited 69.0 min >= max 45.0 min)
20:55:07 | INFO     | t=14195.5: DISPATCHER → Assigned loco LOCO_01 to collection_to_retrofit (waited 252.5 min, pending=1)
20:55:07 | INFO     | t=14195.5: DISPATCHER → Hold override for retrofitted_to_parking (waited 69.0 min >= max 45.0 min)
20:55:07 | INFO     | EVENT_PUBLISHED: TrainArrivedEvent | train=T189 | time=14205.2
20:55:07 | INFO     | EVENT_HANDLING: TrainArrivedEvent -> RetrofitWorkshopContext._handle_train_arrived
20:55:07 | INFO     | EVENT_HANDLED: TrainArrivedEvent by RetrofitWorkshopContext._handle_train_arrived
20:55:07 | INFO     | t=14207.5: LOCO[LOCO_02] → DECOUPLING at retrofit (3.0 min)
20:55:07 | INFO     | t=14210.5: RAKE[W3087] → DECOUPLING at retrofit (0 couplings, 0.0 min)
20:55:07 | INFO     | t=14215.5: DISPATCHER → Hold override for retrofitted_to_parking (waited 89.0 min >= max 45.0 min)
20:55:07 | INFO     | t=14215.5: DISPATCHER → Assigned loco LOCO_02 to retrofitted_to_parking (waited 89.0 min, pending=0)
20:55:07 | INFO     | t=14215.5: LOCO[LOCO_02] → Allocated for parking transport
20:55:07 | INFO     | t=14215.5: Batch size limited by retrofit capacity: 7 wagons (139.8m) fits, 13 waiting
20:55:07 | INFO     | t=14215.5: COLLECTION → Reserving retrofit track capacity for 7 wagons
20:55:07 | INFO     | t=14215.5: COLLECTION → Capacity reserved, allocating locomotive
20:55:07 | INFO     | t=14215.5: DISPATCHER → Task submitted: collection_to_retrofit (pending=1)
20:55:07 | INFO     | t=14220.5: LOCO[LOCO_02] → TRAIN_PREP at retrofitted (coupling + prep, 3.0 min)
20:55:07 | INFO     | t=14224.5: RAKE[W0039,W5346] → COUPLING at WS_01 (1 couplings, 0.5 min)
20:55:07 | INFO     | t=14225.0: LOCO → Allocating for pickup from WS_01
20:55:07 | INFO     | t=14225.0: DISPATCHER → Task submitted: workshop_to_retrofitted (pending=2)
20:55:07 | INFO     | t=14228.5: LOCO[LOCO_02] → DECOUPLING at parking9 (2.0 min)
20:55:07 | INFO     | t=14230.5: RAKE[W1826,W8494,W1427,W7791] → DECOUPLING at parking9 (3 couplings, 1.5 min)
20:55:07 | INFO     | t=14237.0: LOCO[LOCO_02] → Releasing
20:55:07 | INFO     | t=14237.0: LOCO[LOCO_02] → Released
20:55:07 | INFO     | t=14237.0: PARKING → Got wagon W0023 from retrofitted
20:55:07 | INFO     | t=14237.0: DISPATCHER → Assigned loco LOCO_02 to workshop_to_retrofitted (waited 12.0 min, pending=1)
20:55:07 | INFO     | t=14237.0: LOCO[LOCO_02] → Allocated for pickup
20:55:07 | INFO     | t=14237.0: LOCO → Allocating for parking transport
20:55:07 | INFO     | t=14237.0: DISPATCHER → Task submitted: retrofitted_to_parking (pending=2)
20:55:07 | INFO     | t=14244.0: LOCO[LOCO_02] → TRAIN_PREP completed at WS_01 (2.0 min)
20:55:07 | INFO     | t=14249.0: BATCH → Putting 2 wagons on retrofitted track retrofitted
20:55:07 | INFO     | t=14249.0: WAGON[W0039] → Added to retrofitted track retrofitted
20:55:07 | INFO     | t=14249.0: WAGON[W5346] → Added to retrofitted track retrofitted
20:55:07 | INFO     | t=14250.5: RAKE[W4370,W9406] → COUPLING at WS_02 (1 couplings, 0.5 min)
20:55:07 | INFO     | t=14251.0: LOCO → Allocating for pickup from WS_02
20:55:07 | INFO     | t=14251.0: DISPATCHER → Task submitted: workshop_to_retrofitted (pending=3)
20:55:07 | INFO     | t=14254.0: WORKSHOP[WS_01] → Released, notifying 1 waiting processes
20:55:07 | INFO     | t=14254.0: WORKSHOP → Workshop became available
20:55:07 | INFO     | t=14254.0: WORKSHOP[WS_01] → Selected for batch
20:55:07 | INFO     | t=14254.0: DISPATCHER → Assigned loco LOCO_02 to workshop_to_retrofitted (waited 3.0 min, pending=2)
20:55:07 | INFO     | t=14254.0: WAGON[W3087] → Added to batch
20:55:07 | INFO     | t=14254.0: BATCH[W5153,W3087] → Formed 2 wagons for WS_01
20:55:07 | INFO     | t=14254.0: LOCO[LOCO_02] → Allocated for pickup
20:55:07 | INFO     | t=14254.0: TRACK[retrofit] → Removed 2 wagons (36.3m freed)
20:55:07 | INFO     | t=14254.0: DISPATCHER → Task submitted: retrofit_to_workshop (pending=3)
20:55:07 | INFO     | t=14255.5: LOCO[LOCO_01] → TRAIN_PREP at collection (coupling + prep, 15.0 min)
20:55:07 | INFO     | t=14261.0: LOCO[LOCO_02] → TRAIN_PREP completed at WS_02 (2.0 min)
20:55:07 | INFO     | t=14266.0: BATCH → Putting 2 wagons on retrofitted track retrofitted
20:55:07 | INFO     | t=14266.0: WAGON[W4370] → Added to retrofitted track retrofitted
20:55:07 | INFO     | t=14266.0: WAGON[W9406] → Added to retrofitted track retrofitted
20:55:07 | INFO     | t=14271.0: WORKSHOP[WS_02] → Released, notifying 0 waiting processes
20:55:07 | INFO     | t=14271.0: DISPATCHER → Assigned loco LOCO_02 to retrofit_to_workshop (waited 17.0 min, pending=2)
20:55:07 | INFO     | t=14271.0: RAKE[W5153,W3087] → COUPLING at retrofit (1 couplings, 2.0 min)
20:55:07 | INFO     | t=14278.0: LOCO[LOCO_02] → COUPLING at retrofit (2.0 min)
20:55:07 | INFO     | t=14280.0: LOCO[LOCO_02] → SHUNTING_PREP at retrofit (1.0 min)
20:55:07 | INFO     | t=14286.0: LOCO[LOCO_02] → DECOUPLING at WS_01 (3.0 min)
20:55:07 | INFO     | t=14289.0: RAKE[W5153,W3087] → DECOUPLING at WS_01 (1 couplings, 3.0 min)
20:55:07 | INFO     | t=14292.0: WAGON[W5153] → RETROFIT_STARTED at WS_01
20:55:07 | INFO     | t=14292.0: WAGON[W3087] → RETROFIT_STARTED at WS_01
20:55:07 | INFO     | t=14297.0: DISPATCHER → Hold override for retrofitted_to_parking (waited 60.0 min >= max 45.0 min)
20:55:07 | INFO     | t=14297.0: DISPATCHER → Assigned loco LOCO_02 to retrofitted_to_parking (waited 60.0 min, pending=1)
20:55:07 | INFO     | t=14297.0: LOCO[LOCO_02] → Allocated for parking transport
20:55:07 | INFO     | t=14302.0: LOCO[LOCO_02] → TRAIN_PREP at retrofitted (coupling + prep, 3.0 min)
20:55:07 | INFO     | t=14330.5: LOCO[LOCO_01] → DECOUPLING at retrofit (21.0 min)
20:55:07 | INFO     | t=14330.5: WAGON[W10192] → Retrieved from retrofit queue
20:55:07 | INFO     | t=14330.5: WORKSHOP[WS_02] → Selected for batch
20:55:07 | INFO     | t=14330.5: WAGON[W8908] → Added to batch
20:55:07 | INFO     | t=14330.5: BATCH[W10192,W8908] → Formed 2 wagons for WS_02
20:55:07 | INFO     | t=14330.5: TRACK[retrofit] → Removed 2 wagons (47.3m freed)
20:55:07 | INFO     | t=14330.5: DISPATCHER → Task submitted: retrofit_to_workshop (pending=2)
20:55:07 | INFO     | t=14351.5: RAKE[W10192,W8908,W8906,W12104,W7218,W10938,W4327] → DECOUPLING at retrofit (6 couplings, 18.0 min)
20:55:07 | INFO     | t=14352.0: RAKE[W5153,W3087] → COUPLING at WS_01 (1 couplings, 0.5 min)
20:55:07 | INFO     | t=14352.5: LOCO → Allocating for pickup from WS_01
20:55:07 | INFO     | t=14352.5: DISPATCHER → Task submitted: workshop_to_retrofitted (pending=3)
20:55:07 | INFO     | EVENT_PUBLISHED: TrainArrivedEvent | train=T190 | time=14372.8
20:55:07 | INFO     | EVENT_HANDLING: TrainArrivedEvent -> RetrofitWorkshopContext._handle_train_arrived
20:55:07 | INFO     | EVENT_HANDLED: TrainArrivedEvent by RetrofitWorkshopContext._handle_train_arrived
20:55:07 | INFO     | t=14374.5: DISPATCHER → Assigned loco LOCO_01 to workshop_to_retrofitted (waited 22.0 min, pending=2)
20:55:07 | INFO     | t=14374.5: LOCO[LOCO_01] → Allocated for pickup
20:55:07 | INFO     | t=14374.5: Batch size limited by retrofit capacity: 5 wagons (87.8m) fits, 16 waiting
20:55:07 | INFO     | t=14374.5: COLLECTION → Reserving retrofit track capacity for 5 wagons
20:55:07 | INFO     | t=14374.5: COLLECTION → Capacity reserved, allocating locomotive
20:55:07 | INFO     | t=14374.5: DISPATCHER → Task submitted: collection_to_retrofit (pending=3)
20:55:07 | INFO     | t=14380.0: LOCO[LOCO_02] → DECOUPLING at parking13 (2.0 min)
20:55:07 | INFO     | t=14381.5: LOCO[LOCO_01] → TRAIN_PREP completed at WS_01 (2.0 min)
20:55:07 | INFO     | t=14382.0: RAKE[W0023,W3230,W5411,W11513] → DECOUPLING at parking13 (3 couplings, 1.5 min)
20:55:07 | INFO     | t=14386.5: BATCH → Putting 2 wagons on retrofitted track retrofitted
20:55:07 | INFO     | t=14386.5: WAGON[W5153] → Added to retrofitted track retrofitted
20:55:07 | INFO     | t=14386.5: WAGON[W3087] → Added to retrofitted track retrofitted
20:55:07 | INFO     | t=14391.5: WORKSHOP[WS_01] → Released, notifying 0 waiting processes
20:55:07 | INFO     | t=14391.5: DISPATCHER → Assigned loco LOCO_01 to retrofit_to_workshop (waited 61.0 min, pending=2)
20:55:07 | INFO     | t=14391.5: RAKE[W10192,W8908] → COUPLING at retrofit (1 couplings, 2.0 min)
20:55:07 | INFO     | t=14391.5: WAGON[W8906] → Retrieved from retrofit queue
20:55:07 | INFO     | t=14391.5: WORKSHOP[WS_01] → Selected for batch
20:55:07 | INFO     | t=14391.5: WAGON[W12104] → Added to batch
20:55:07 | INFO     | t=14391.5: BATCH[W8906,W12104] → Formed 2 wagons for WS_01
20:55:07 | INFO     | t=14391.5: TRACK[retrofit] → Removed 2 wagons (42.1m freed)
20:55:07 | INFO     | t=14391.5: DISPATCHER → Task submitted: retrofit_to_workshop (pending=3)
20:55:07 | INFO     | t=14398.5: LOCO[LOCO_01] → COUPLING at retrofit (2.0 min)
20:55:07 | INFO     | SIMPY: Simulation completed at t=14400.0
20:55:07 | INFO     |  Simulation completed at t=14400.0
20:55:07 | INFO     | Event metrics: {'events_published': 190, 'events_processed': 190, 'handler_errors': 0, 'subscribers_count': 0, 'event_types_count': 0, 'error_rate': 0.0}
20:55:07 | INFO     |  Collecting results from all contexts
20:55:07 | INFO     | EVENT_PUBLISHED: SimulationEndedEvent | no_data
20:55:07 | WARNING  | EVENT_NO_SUBSCRIBERS: SimulationEndedEvent
20:55:07 | INFO     |  Simulation completed successfully for scenario priority_dispatch_scenario
