timestamp,datetime,locomotive_id,event_type,location,from_location,to_location,purpose,coupler_type,wagon_count,duration_min
360.0,2025-12-01T06:00:00+00:00,LOCO_01,MOVING,collection1,track_19,collection1,,,0,60.0
420.0,2025-12-01T07:00:00+00:00,LOCO_01,ALLOCATED,,,,batch_transport,,0,0.0
420.0,2025-12-01T07:00:00+00:00,LOCO_01,RAKE_COUPLING_STARTED,collection1,,,,SCREW,2,2.0
422.0,2025-12-01T07:02:00+00:00,LOCO_01,RAKE_COUPLING_COMPLETED,collection1,,,,SCREW,2,2.0
422.0,2025-12-01T07:02:00+00:00,LOCO_01,LOCO_COUPLING_STARTED,collection1,,,,SCREW,2,2.0
424.0,2025-12-01T07:04:00+00:00,LOCO_01,LOCO_COUPLING_COMPLETED,collection1,,,,SCREW,2,2.0
424.0,2025-12-01T07:04:00+00:00,LOCO_01,SHUNTING_PREP,collection1,,,,,2,1.0
425.0,2025-12-01T07:05:00+00:00,LOCO_01,MOVING,retrofit,collection1,retrofit,,,0,60.0
485.0,2025-12-01T08:05:00+00:00,LOCO_01,LOCO_DECOUPLING_STARTED,retrofit,,,,SCREW,2,3.0
488.0,2025-12-01T08:08:00+00:00,LOCO_01,LOCO_DECOUPLING_COMPLETED,retrofit,,,,SCREW,2,3.0
488.0,2025-12-01T08:08:00+00:00,LOCO_01,RAKE_DECOUPLING_STARTED,retrofit,,,,SCREW,2,3.0
491.0,2025-12-01T08:11:00+00:00,LOCO_01,RAKE_DECOUPLING_COMPLETED,retrofit,,,,SCREW,2,3.0
494.0,2025-12-01T08:14:00+00:00,LOCO_01,MOVING,track_19,retrofit,track_19,,,0,5.0
499.0,2025-12-01T08:19:00+00:00,LOCO_01,PARKING,,,,,,0,0.0
499.0,2025-12-01T08:19:00+00:00,LOCO_01,MOVING,collection1,track_19,collection1,,,0,60.0
559.0,2025-12-01T09:19:00+00:00,LOCO_01,ALLOCATED,,,,batch_transport,,0,0.0
559.0,2025-12-01T09:19:00+00:00,LOCO_01,RAKE_COUPLING_STARTED,collection1,,,,SCREW,2,2.0
561.0,2025-12-01T09:21:00+00:00,LOCO_01,RAKE_COUPLING_COMPLETED,collection1,,,,SCREW,2,2.0
561.0,2025-12-01T09:21:00+00:00,LOCO_01,LOCO_COUPLING_STARTED,collection1,,,,SCREW,2,2.0
563.0,2025-12-01T09:23:00+00:00,LOCO_01,LOCO_COUPLING_COMPLETED,collection1,,,,SCREW,2,2.0
563.0,2025-12-01T09:23:00+00:00,LOCO_01,SHUNTING_PREP,collection1,,,,,2,1.0
564.0,2025-12-01T09:24:00+00:00,LOCO_01,MOVING,retrofit,collection1,retrofit,,,0,60.0
624.0,2025-12-01T10:24:00+00:00,LOCO_01,LOCO_DECOUPLING_STARTED,retrofit,,,,SCREW,2,3.0
627.0,2025-12-01T10:27:00+00:00,LOCO_01,LOCO_DECOUPLING_COMPLETED,retrofit,,,,SCREW,2,3.0
627.0,2025-12-01T10:27:00+00:00,LOCO_01,RAKE_DECOUPLING_STARTED,retrofit,,,,SCREW,2,3.0
630.0,2025-12-01T10:30:00+00:00,LOCO_01,RAKE_DECOUPLING_COMPLETED,retrofit,,,,SCREW,2,3.0
633.0,2025-12-01T10:33:00+00:00,LOCO_01,MOVING,track_19,retrofit,track_19,,,0,5.0
638.0,2025-12-01T10:38:00+00:00,LOCO_01,PARKING,,,,,,0,2.0
640.0,2025-12-01T10:40:00+00:00,LOCO_01,MOVING,retrofit,track_19,retrofit,,,0,5.0
645.0,2025-12-01T10:45:00+00:00,LOCO_01,COUPLING_STARTED,retrofit,,,,SCREW,0,2.0
647.0,2025-12-01T10:47:00+00:00,LOCO_01,COUPLING_COMPLETED,retrofit,,,,SCREW,0,2.0
647.0,2025-12-01T10:47:00+00:00,LOCO_01,SHUNTING_PREP,retrofit,,,,,0,1.0
648.0,2025-12-01T10:48:00+00:00,LOCO_01,MOVING,WS_01,retrofit,WS_01,,,0,5.0
653.0,2025-12-01T10:53:00+00:00,LOCO_01,DECOUPLING_STARTED,WS_01,,,,SCREW,0,3.0
656.0,2025-12-01T10:56:00+00:00,LOCO_01,DECOUPLING_COMPLETED,WS_01,,,,SCREW,0,3.0
659.0,2025-12-01T10:59:00+00:00,LOCO_01,MOVING,track_19,WS_01,track_19,,,0,5.0
664.0,2025-12-01T11:04:00+00:00,LOCO_01,MOVING,collection1,track_19,collection1,,,0,60.0
724.0,2025-12-01T12:04:00+00:00,LOCO_01,ALLOCATED,,,,batch_transport,,0,0.0
724.0,2025-12-01T12:04:00+00:00,LOCO_01,RAKE_COUPLING_STARTED,collection1,,,,SCREW,4,6.0
730.0,2025-12-01T12:10:00+00:00,LOCO_01,RAKE_COUPLING_COMPLETED,collection1,,,,SCREW,4,6.0
730.0,2025-12-01T12:10:00+00:00,LOCO_01,LOCO_COUPLING_STARTED,collection1,,,,SCREW,4,2.0
732.0,2025-12-01T12:12:00+00:00,LOCO_01,LOCO_COUPLING_COMPLETED,collection1,,,,SCREW,4,2.0
732.0,2025-12-01T12:12:00+00:00,LOCO_01,SHUNTING_PREP,collection1,,,,,4,1.0
733.0,2025-12-01T12:13:00+00:00,LOCO_01,MOVING,retrofit,collection1,retrofit,,,0,60.0
793.0,2025-12-01T13:13:00+00:00,LOCO_01,LOCO_DECOUPLING_STARTED,retrofit,,,,SCREW,4,3.0
796.0,2025-12-01T13:16:00+00:00,LOCO_01,LOCO_DECOUPLING_COMPLETED,retrofit,,,,SCREW,4,3.0
796.0,2025-12-01T13:16:00+00:00,LOCO_01,RAKE_DECOUPLING_STARTED,retrofit,,,,SCREW,4,9.0
805.0,2025-12-01T13:25:00+00:00,LOCO_01,RAKE_DECOUPLING_COMPLETED,retrofit,,,,SCREW,4,9.0
814.0,2025-12-01T13:34:00+00:00,LOCO_01,MOVING,track_19,retrofit,track_19,,,0,5.0
819.0,2025-12-01T13:39:00+00:00,LOCO_01,PARKING,,,,,,0,2.0
821.0,2025-12-01T13:41:00+00:00,LOCO_01,MOVING,retrofit,track_19,retrofit,,,0,5.0
826.0,2025-12-01T13:46:00+00:00,LOCO_01,COUPLING_STARTED,retrofit,,,,SCREW,0,2.0
828.0,2025-12-01T13:48:00+00:00,LOCO_01,COUPLING_COMPLETED,retrofit,,,,SCREW,0,2.0
828.0,2025-12-01T13:48:00+00:00,LOCO_01,SHUNTING_PREP,retrofit,,,,,0,1.0
829.0,2025-12-01T13:49:00+00:00,LOCO_01,MOVING,WS_02,retrofit,WS_02,,,0,5.0
834.0,2025-12-01T13:54:00+00:00,LOCO_01,DECOUPLING_STARTED,WS_02,,,,SCREW,0,3.0
837.0,2025-12-01T13:57:00+00:00,LOCO_01,DECOUPLING_COMPLETED,WS_02,,,,SCREW,0,3.0
840.0,2025-12-01T14:00:00+00:00,LOCO_01,MOVING,track_19,WS_02,track_19,,,0,5.0
845.0,2025-12-01T14:05:00+00:00,LOCO_01,MOVING,collection1,track_19,collection1,,,0,60.0
905.0,2025-12-01T15:05:00+00:00,LOCO_01,ALLOCATED,,,,batch_transport,,0,0.0
905.0,2025-12-01T15:05:00+00:00,LOCO_01,RAKE_COUPLING_STARTED,collection1,,,,SCREW,15,28.0
933.0,2025-12-01T15:33:00+00:00,LOCO_01,RAKE_COUPLING_COMPLETED,collection1,,,,SCREW,15,28.0
933.0,2025-12-01T15:33:00+00:00,LOCO_01,LOCO_COUPLING_STARTED,collection1,,,,SCREW,15,2.0
935.0,2025-12-01T15:35:00+00:00,LOCO_01,LOCO_COUPLING_COMPLETED,collection1,,,,SCREW,15,2.0
935.0,2025-12-01T15:35:00+00:00,LOCO_01,SHUNTING_PREP,collection1,,,,,15,1.0
936.0,2025-12-01T15:36:00+00:00,LOCO_01,MOVING,retrofit,collection1,retrofit,,,0,60.0
996.0,2025-12-01T16:36:00+00:00,LOCO_01,LOCO_DECOUPLING_STARTED,retrofit,,,,SCREW,15,3.0
999.0,2025-12-01T16:39:00+00:00,LOCO_01,LOCO_DECOUPLING_COMPLETED,retrofit,,,,SCREW,15,3.0
999.0,2025-12-01T16:39:00+00:00,LOCO_01,RAKE_DECOUPLING_STARTED,retrofit,,,,SCREW,15,42.0
1041.0,2025-12-01T17:21:00+00:00,LOCO_01,RAKE_DECOUPLING_COMPLETED,retrofit,,,,SCREW,15,42.0
1083.0,2025-12-01T18:03:00+00:00,LOCO_01,MOVING,track_19,retrofit,track_19,,,0,5.0
1088.0,2025-12-01T18:08:00+00:00,LOCO_01,PARKING,,,,,,0,2.0
1090.0,2025-12-01T18:10:00+00:00,LOCO_01,MOVING,retrofit,track_19,retrofit,,,0,5.0
1095.0,2025-12-01T18:15:00+00:00,LOCO_01,COUPLING_STARTED,retrofit,,,,SCREW,0,2.0
1097.0,2025-12-01T18:17:00+00:00,LOCO_01,COUPLING_COMPLETED,retrofit,,,,SCREW,0,2.0
1097.0,2025-12-01T18:17:00+00:00,LOCO_01,SHUNTING_PREP,retrofit,,,,,0,1.0
1098.0,2025-12-01T18:18:00+00:00,LOCO_01,MOVING,WS_02,retrofit,WS_02,,,0,5.0
1103.0,2025-12-01T18:23:00+00:00,LOCO_01,DECOUPLING_STARTED,WS_02,,,,SCREW,0,3.0
1106.0,2025-12-01T18:26:00+00:00,LOCO_01,DECOUPLING_COMPLETED,WS_02,,,,SCREW,0,3.0
1109.0,2025-12-01T18:29:00+00:00,LOCO_01,MOVING,track_19,WS_02,track_19,,,0,8.5
1117.5,2025-12-01T18:37:30+00:00,LOCO_01,ALLOCATED,,,,batch_transport,,0,0.0
1117.5,2025-12-01T18:37:30+00:00,LOCO_01,MOVING,retrofitted,track_19,retrofitted,,,0,5.0
1122.5,2025-12-01T18:42:30+00:00,LOCO_01,RAKE_COUPLING_STARTED,retrofitted,,,,DAC,2,0.5
1123.0,2025-12-01T18:43:00+00:00,LOCO_01,RAKE_COUPLING_COMPLETED,retrofitted,,,,DAC,2,0.5
1123.0,2025-12-01T18:43:00+00:00,LOCO_01,LOCO_COUPLING_STARTED,retrofitted,,,,DAC,2,0.5
1123.5,2025-12-01T18:43:30+00:00,LOCO_01,LOCO_COUPLING_COMPLETED,retrofitted,,,,DAC,2,0.5
1123.5,2025-12-01T18:43:30+00:00,LOCO_01,SHUNTING_PREP,retrofitted,,,,,2,1.0
1124.5,2025-12-01T18:44:30+00:00,LOCO_01,MOVING,parking16,retrofitted,parking16,,,0,120.0
1244.5,2025-12-01T20:44:30+00:00,LOCO_01,LOCO_DECOUPLING_STARTED,parking16,,,,DAC,2,0.5
1245.0,2025-12-01T20:45:00+00:00,LOCO_01,LOCO_DECOUPLING_COMPLETED,parking16,,,,DAC,2,0.5
1245.0,2025-12-01T20:45:00+00:00,LOCO_01,RAKE_DECOUPLING_STARTED,parking16,,,,DAC,2,0.5
1245.5,2025-12-01T20:45:30+00:00,LOCO_01,RAKE_DECOUPLING_COMPLETED,parking16,,,,DAC,2,0.5
1246.0,2025-12-01T20:46:00+00:00,LOCO_01,MOVING,track_19,parking16,track_19,,,0,60.0
1306.0,2025-12-01T21:46:00+00:00,LOCO_01,MOVING,WS_02,track_19,WS_02,,,0,5.0
1311.0,2025-12-01T21:51:00+00:00,LOCO_01,RAKE_COUPLING_STARTED,WS_02,,,,DAC,2,0.5
1311.5,2025-12-01T21:51:30+00:00,LOCO_01,RAKE_COUPLING_COMPLETED,WS_02,,,,DAC,2,0.5
1311.5,2025-12-01T21:51:30+00:00,LOCO_01,LOCO_COUPLING_STARTED,WS_02,,,,DAC,2,0.5
1312.0,2025-12-01T21:52:00+00:00,LOCO_01,LOCO_COUPLING_COMPLETED,WS_02,,,,DAC,2,0.5
1312.0,2025-12-01T21:52:00+00:00,LOCO_01,SHUNTING_PREP,WS_02,,,,,2,1.0
1313.0,2025-12-01T21:53:00+00:00,LOCO_01,MOVING,retrofitted,WS_02,retrofitted,,,0,5.0
1318.0,2025-12-01T21:58:00+00:00,LOCO_01,MOVING,track_19,retrofitted,track_19,,,0,5.0
1323.0,2025-12-01T22:03:00+00:00,LOCO_01,MOVING,WS_01,track_19,WS_01,,,0,5.0
1328.0,2025-12-01T22:08:00+00:00,LOCO_01,RAKE_COUPLING_STARTED,WS_01,,,,DAC,2,0.5
1328.5,2025-12-01T22:08:30+00:00,LOCO_01,RAKE_COUPLING_COMPLETED,WS_01,,,,DAC,2,0.5
1328.5,2025-12-01T22:08:30+00:00,LOCO_01,LOCO_COUPLING_STARTED,WS_01,,,,DAC,2,0.5
1329.0,2025-12-01T22:09:00+00:00,LOCO_01,LOCO_COUPLING_COMPLETED,WS_01,,,,DAC,2,0.5
1329.0,2025-12-01T22:09:00+00:00,LOCO_01,SHUNTING_PREP,WS_01,,,,,2,1.0
1330.0,2025-12-01T22:10:00+00:00,LOCO_01,MOVING,retrofitted,WS_01,retrofitted,,,0,5.0
1335.0,2025-12-01T22:15:00+00:00,LOCO_01,MOVING,track_19,retrofitted,track_19,,,0,7.0
1342.0,2025-12-01T22:22:00+00:00,LOCO_01,MOVING,retrofit,track_19,retrofit,,,0,5.0
1347.0,2025-12-01T22:27:00+00:00,LOCO_01,COUPLING_STARTED,retrofit,,,,SCREW,0,2.0
1349.0,2025-12-01T22:29:00+00:00,LOCO_01,COUPLING_COMPLETED,retrofit,,,,SCREW,0,2.0
1349.0,2025-12-01T22:29:00+00:00,LOCO_01,SHUNTING_PREP,retrofit,,,,,0,1.0
1350.0,2025-12-01T22:30:00+00:00,LOCO_01,MOVING,WS_02,retrofit,WS_02,,,0,5.0
1355.0,2025-12-01T22:35:00+00:00,LOCO_01,DECOUPLING_STARTED,WS_02,,,,SCREW,0,3.0
1358.0,2025-12-01T22:38:00+00:00,LOCO_01,DECOUPLING_COMPLETED,WS_02,,,,SCREW,0,3.0
1361.0,2025-12-01T22:41:00+00:00,LOCO_01,MOVING,track_19,WS_02,track_19,,,0,7.0
1368.0,2025-12-01T22:48:00+00:00,LOCO_01,MOVING,retrofit,track_19,retrofit,,,0,5.0
1373.0,2025-12-01T22:53:00+00:00,LOCO_01,COUPLING_STARTED,retrofit,,,,SCREW,0,2.0
1375.0,2025-12-01T22:55:00+00:00,LOCO_01,COUPLING_COMPLETED,retrofit,,,,SCREW,0,2.0
1375.0,2025-12-01T22:55:00+00:00,LOCO_01,SHUNTING_PREP,retrofit,,,,,0,1.0
1376.0,2025-12-01T22:56:00+00:00,LOCO_01,MOVING,WS_01,retrofit,WS_01,,,0,5.0
1381.0,2025-12-01T23:01:00+00:00,LOCO_01,DECOUPLING_STARTED,WS_01,,,,SCREW,0,3.0
1384.0,2025-12-01T23:04:00+00:00,LOCO_01,DECOUPLING_COMPLETED,WS_01,,,,SCREW,0,3.0
1387.0,2025-12-01T23:07:00+00:00,LOCO_01,MOVING,track_19,WS_01,track_19,,,0,5.0
1392.0,2025-12-01T23:12:00+00:00,LOCO_01,ALLOCATED,,,,batch_transport,,0,0.0
1392.0,2025-12-01T23:12:00+00:00,LOCO_01,MOVING,retrofitted,track_19,retrofitted,,,0,5.0
1397.0,2025-12-01T23:17:00+00:00,LOCO_01,RAKE_COUPLING_STARTED,retrofitted,,,,DAC,6,2.5
1399.5,2025-12-01T23:19:30+00:00,LOCO_01,RAKE_COUPLING_COMPLETED,retrofitted,,,,DAC,6,2.5
1399.5,2025-12-01T23:19:30+00:00,LOCO_01,LOCO_COUPLING_STARTED,retrofitted,,,,DAC,6,0.5
1400.0,2025-12-01T23:20:00+00:00,LOCO_01,LOCO_COUPLING_COMPLETED,retrofitted,,,,DAC,6,0.5
1400.0,2025-12-01T23:20:00+00:00,LOCO_01,SHUNTING_PREP,retrofitted,,,,,6,1.0
1401.0,2025-12-01T23:21:00+00:00,LOCO_01,MOVING,parking16,retrofitted,parking16,,,0,120.0
1521.0,2025-12-02T01:21:00+00:00,LOCO_01,LOCO_DECOUPLING_STARTED,parking16,,,,DAC,6,0.5
1521.5,2025-12-02T01:21:30+00:00,LOCO_01,LOCO_DECOUPLING_COMPLETED,parking16,,,,DAC,6,0.5
1521.5,2025-12-02T01:21:30+00:00,LOCO_01,RAKE_DECOUPLING_STARTED,parking16,,,,DAC,6,2.5
1524.0,2025-12-02T01:24:00+00:00,LOCO_01,RAKE_DECOUPLING_COMPLETED,parking16,,,,DAC,6,2.5
1526.5,2025-12-02T01:26:30+00:00,LOCO_01,MOVING,track_19,parking16,track_19,,,0,60.0
1586.5,2025-12-02T02:26:30+00:00,LOCO_01,MOVING,WS_02,track_19,WS_02,,,0,5.0
1591.5,2025-12-02T02:31:30+00:00,LOCO_01,RAKE_COUPLING_STARTED,WS_02,,,,DAC,2,0.5
1592.0,2025-12-02T02:32:00+00:00,LOCO_01,RAKE_COUPLING_COMPLETED,WS_02,,,,DAC,2,0.5
1592.0,2025-12-02T02:32:00+00:00,LOCO_01,LOCO_COUPLING_STARTED,WS_02,,,,DAC,2,0.5
1592.5,2025-12-02T02:32:30+00:00,LOCO_01,LOCO_COUPLING_COMPLETED,WS_02,,,,DAC,2,0.5
1592.5,2025-12-02T02:32:30+00:00,LOCO_01,SHUNTING_PREP,WS_02,,,,,2,1.0
1593.5,2025-12-02T02:33:30+00:00,LOCO_01,MOVING,retrofitted,WS_02,retrofitted,,,0,5.0
1598.5,2025-12-02T02:38:30+00:00,LOCO_01,MOVING,track_19,retrofitted,track_19,,,0,5.0
1603.5,2025-12-02T02:43:30+00:00,LOCO_01,MOVING,WS_01,track_19,WS_01,,,0,5.0
1608.5,2025-12-02T02:48:30+00:00,LOCO_01,RAKE_COUPLING_STARTED,WS_01,,,,DAC,2,0.5
1609.0,2025-12-02T02:49:00+00:00,LOCO_01,RAKE_COUPLING_COMPLETED,WS_01,,,,DAC,2,0.5
1609.0,2025-12-02T02:49:00+00:00,LOCO_01,LOCO_COUPLING_STARTED,WS_01,,,,DAC,2,0.5
1609.5,2025-12-02T02:49:30+00:00,LOCO_01,LOCO_COUPLING_COMPLETED,WS_01,,,,DAC,2,0.5
1609.5,2025-12-02T02:49:30+00:00,LOCO_01,SHUNTING_PREP,WS_01,,,,,2,1.0
1610.5,2025-12-02T02:50:30+00:00,LOCO_01,MOVING,retrofitted,WS_01,retrofitted,,,0,5.0
1615.5,2025-12-02T02:55:30+00:00,LOCO_01,MOVING,track_19,retrofitted,track_19,,,0,7.0
1622.5,2025-12-02T03:02:30+00:00,LOCO_01,MOVING,retrofit,track_19,retrofit,,,0,5.0
1627.5,2025-12-02T03:07:30+00:00,LOCO_01,COUPLING_STARTED,retrofit,,,,SCREW,0,2.0
1629.5,2025-12-02T03:09:30+00:00,LOCO_01,COUPLING_COMPLETED,retrofit,,,,SCREW,0,2.0
1629.5,2025-12-02T03:09:30+00:00,LOCO_01,SHUNTING_PREP,retrofit,,,,,0,1.0
1630.5,2025-12-02T03:10:30+00:00,LOCO_01,MOVING,WS_02,retrofit,WS_02,,,0,5.0
1635.5,2025-12-02T03:15:30+00:00,LOCO_01,DECOUPLING_STARTED,WS_02,,,,SCREW,0,3.0
1638.5,2025-12-02T03:18:30+00:00,LOCO_01,DECOUPLING_COMPLETED,WS_02,,,,SCREW,0,3.0
1641.5,2025-12-02T03:21:30+00:00,LOCO_01,MOVING,track_19,WS_02,track_19,,,0,7.0
1648.5,2025-12-02T03:28:30+00:00,LOCO_01,MOVING,retrofit,track_19,retrofit,,,0,5.0
1653.5,2025-12-02T03:33:30+00:00,LOCO_01,COUPLING_STARTED,retrofit,,,,SCREW,0,2.0
1655.5,2025-12-02T03:35:30+00:00,LOCO_01,COUPLING_COMPLETED,retrofit,,,,SCREW,0,2.0
1655.5,2025-12-02T03:35:30+00:00,LOCO_01,SHUNTING_PREP,retrofit,,,,,0,1.0
1656.5,2025-12-02T03:36:30+00:00,LOCO_01,MOVING,WS_01,retrofit,WS_01,,,0,5.0
1661.5,2025-12-02T03:41:30+00:00,LOCO_01,DECOUPLING_STARTED,WS_01,,,,SCREW,0,3.0
1664.5,2025-12-02T03:44:30+00:00,LOCO_01,DECOUPLING_COMPLETED,WS_01,,,,SCREW,0,3.0
1667.5,2025-12-02T03:47:30+00:00,LOCO_01,MOVING,track_19,WS_01,track_19,,,0,5.0
1672.5,2025-12-02T03:52:30+00:00,LOCO_01,ALLOCATED,,,,batch_transport,,0,0.0
1672.5,2025-12-02T03:52:30+00:00,LOCO_01,MOVING,retrofitted,track_19,retrofitted,,,0,5.0
1677.5,2025-12-02T03:57:30+00:00,LOCO_01,RAKE_COUPLING_STARTED,retrofitted,,,,DAC,8,3.5
1681.0,2025-12-02T04:01:00+00:00,LOCO_01,RAKE_COUPLING_COMPLETED,retrofitted,,,,DAC,8,3.5
1681.0,2025-12-02T04:01:00+00:00,LOCO_01,LOCO_COUPLING_STARTED,retrofitted,,,,DAC,8,0.5
1681.5,2025-12-02T04:01:30+00:00,LOCO_01,LOCO_COUPLING_COMPLETED,retrofitted,,,,DAC,8,0.5
1681.5,2025-12-02T04:01:30+00:00,LOCO_01,SHUNTING_PREP,retrofitted,,,,,8,1.0
1682.5,2025-12-02T04:02:30+00:00,LOCO_01,MOVING,parking16,retrofitted,parking16,,,0,120.0
1802.5,2025-12-02T06:02:30+00:00,LOCO_01,LOCO_DECOUPLING_STARTED,parking16,,,,DAC,8,0.5
1803.0,2025-12-02T06:03:00+00:00,LOCO_01,LOCO_DECOUPLING_COMPLETED,parking16,,,,DAC,8,0.5
1803.0,2025-12-02T06:03:00+00:00,LOCO_01,RAKE_DECOUPLING_STARTED,parking16,,,,DAC,8,3.5
1806.5,2025-12-02T06:06:30+00:00,LOCO_01,RAKE_DECOUPLING_COMPLETED,parking16,,,,DAC,8,3.5
1810.0,2025-12-02T06:10:00+00:00,LOCO_01,MOVING,track_19,parking16,track_19,,,0,60.0
1870.0,2025-12-02T07:10:00+00:00,LOCO_01,MOVING,WS_02,track_19,WS_02,,,0,5.0
1875.0,2025-12-02T07:15:00+00:00,LOCO_01,RAKE_COUPLING_STARTED,WS_02,,,,DAC,2,0.5
1875.5,2025-12-02T07:15:30+00:00,LOCO_01,RAKE_COUPLING_COMPLETED,WS_02,,,,DAC,2,0.5
1875.5,2025-12-02T07:15:30+00:00,LOCO_01,LOCO_COUPLING_STARTED,WS_02,,,,DAC,2,0.5
1876.0,2025-12-02T07:16:00+00:00,LOCO_01,LOCO_COUPLING_COMPLETED,WS_02,,,,DAC,2,0.5
1876.0,2025-12-02T07:16:00+00:00,LOCO_01,SHUNTING_PREP,WS_02,,,,,2,1.0
1877.0,2025-12-02T07:17:00+00:00,LOCO_01,MOVING,retrofitted,WS_02,retrofitted,,,0,5.0
1882.0,2025-12-02T07:22:00+00:00,LOCO_01,MOVING,track_19,retrofitted,track_19,,,0,7.0
1889.0,2025-12-02T07:29:00+00:00,LOCO_01,MOVING,retrofit,track_19,retrofit,,,0,5.0
1894.0,2025-12-02T07:34:00+00:00,LOCO_01,COUPLING_STARTED,retrofit,,,,SCREW,0,2.0
1896.0,2025-12-02T07:36:00+00:00,LOCO_01,COUPLING_COMPLETED,retrofit,,,,SCREW,0,2.0
1896.0,2025-12-02T07:36:00+00:00,LOCO_01,SHUNTING_PREP,retrofit,,,,,0,1.0
1897.0,2025-12-02T07:37:00+00:00,LOCO_01,MOVING,WS_01,retrofit,WS_01,,,0,5.0
1902.0,2025-12-02T07:42:00+00:00,LOCO_01,DECOUPLING_STARTED,WS_01,,,,SCREW,0,3.0
1905.0,2025-12-02T07:45:00+00:00,LOCO_01,DECOUPLING_COMPLETED,WS_01,,,,SCREW,0,3.0
1908.0,2025-12-02T07:48:00+00:00,LOCO_01,MOVING,track_19,WS_01,track_19,,,0,5.0
1913.0,2025-12-02T07:53:00+00:00,LOCO_01,ALLOCATED,,,,batch_transport,,0,0.0
1913.0,2025-12-02T07:53:00+00:00,LOCO_01,MOVING,retrofitted,track_19,retrofitted,,,0,5.0
1918.0,2025-12-02T07:58:00+00:00,LOCO_01,RAKE_COUPLING_STARTED,retrofitted,,,,DAC,8,3.5
1921.5,2025-12-02T08:01:30+00:00,LOCO_01,RAKE_COUPLING_COMPLETED,retrofitted,,,,DAC,8,3.5
1921.5,2025-12-02T08:01:30+00:00,LOCO_01,LOCO_COUPLING_STARTED,retrofitted,,,,DAC,8,0.5
1922.0,2025-12-02T08:02:00+00:00,LOCO_01,LOCO_COUPLING_COMPLETED,retrofitted,,,,DAC,8,0.5
1922.0,2025-12-02T08:02:00+00:00,LOCO_01,SHUNTING_PREP,retrofitted,,,,,8,1.0
1923.0,2025-12-02T08:03:00+00:00,LOCO_01,MOVING,parking16,retrofitted,parking16,,,0,120.0
2043.0,2025-12-02T10:03:00+00:00,LOCO_01,LOCO_DECOUPLING_STARTED,parking16,,,,DAC,8,0.5
2043.5,2025-12-02T10:03:30+00:00,LOCO_01,LOCO_DECOUPLING_COMPLETED,parking16,,,,DAC,8,0.5
2043.5,2025-12-02T10:03:30+00:00,LOCO_01,RAKE_DECOUPLING_STARTED,parking16,,,,DAC,8,3.5
2047.0,2025-12-02T10:07:00+00:00,LOCO_01,RAKE_DECOUPLING_COMPLETED,parking16,,,,DAC,8,3.5
2050.5,2025-12-02T10:10:30+00:00,LOCO_01,MOVING,track_19,parking16,track_19,,,0,60.0
2110.5,2025-12-02T11:10:30+00:00,LOCO_01,MOVING,WS_01,track_19,WS_01,,,0,5.0
2115.5,2025-12-02T11:15:30+00:00,LOCO_01,RAKE_COUPLING_STARTED,WS_01,,,,DAC,2,0.5
2116.0,2025-12-02T11:16:00+00:00,LOCO_01,RAKE_COUPLING_COMPLETED,WS_01,,,,DAC,2,0.5
2116.0,2025-12-02T11:16:00+00:00,LOCO_01,LOCO_COUPLING_STARTED,WS_01,,,,DAC,2,0.5
2116.5,2025-12-02T11:16:30+00:00,LOCO_01,LOCO_COUPLING_COMPLETED,WS_01,,,,DAC,2,0.5
2116.5,2025-12-02T11:16:30+00:00,LOCO_01,SHUNTING_PREP,WS_01,,,,,2,1.0
2117.5,2025-12-02T11:17:30+00:00,LOCO_01,MOVING,retrofitted,WS_01,retrofitted,,,0,5.0
2122.5,2025-12-02T11:22:30+00:00,LOCO_01,MOVING,track_19,retrofitted,track_19,,,0,5.0
2127.5,2025-12-02T11:27:30+00:00,LOCO_01,MOVING,WS_02,track_19,WS_02,,,0,5.0
2132.5,2025-12-02T11:32:30+00:00,LOCO_01,RAKE_COUPLING_STARTED,WS_02,,,,DAC,2,0.5
2133.0,2025-12-02T11:33:00+00:00,LOCO_01,RAKE_COUPLING_COMPLETED,WS_02,,,,DAC,2,0.5
2133.0,2025-12-02T11:33:00+00:00,LOCO_01,LOCO_COUPLING_STARTED,WS_02,,,,DAC,2,0.5
2133.5,2025-12-02T11:33:30+00:00,LOCO_01,LOCO_COUPLING_COMPLETED,WS_02,,,,DAC,2,0.5
2133.5,2025-12-02T11:33:30+00:00,LOCO_01,SHUNTING_PREP,WS_02,,,,,2,1.0
2134.5,2025-12-02T11:34:30+00:00,LOCO_01,MOVING,retrofitted,WS_02,retrofitted,,,0,5.0
2139.5,2025-12-02T11:39:30+00:00,LOCO_01,MOVING,track_19,retrofitted,track_19,,,0,7.0
2146.5,2025-12-02T11:46:30+00:00,LOCO_01,MOVING,retrofit,track_19,retrofit,,,0,5.0
2151.5,2025-12-02T11:51:30+00:00,LOCO_01,COUPLING_STARTED,retrofit,,,,SCREW,0,2.0
2153.5,2025-12-02T11:53:30+00:00,LOCO_01,COUPLING_COMPLETED,retrofit,,,,SCREW,0,2.0
2153.5,2025-12-02T11:53:30+00:00,LOCO_01,SHUNTING_PREP,retrofit,,,,,0,1.0
2154.5,2025-12-02T11:54:30+00:00,LOCO_01,MOVING,WS_01,retrofit,WS_01,,,0,5.0
2159.5,2025-12-02T11:59:30+00:00,LOCO_01,DECOUPLING_STARTED,WS_01,,,,SCREW,0,3.0
2162.5,2025-12-02T12:02:30+00:00,LOCO_01,DECOUPLING_COMPLETED,WS_01,,,,SCREW,0,3.0
2165.5,2025-12-02T12:05:30+00:00,LOCO_01,MOVING,track_19,WS_01,track_19,,,0,5.0
2170.5,2025-12-02T12:10:30+00:00,LOCO_01,MOVING,collection2,track_19,collection2,,,0,60.0
2230.5,2025-12-02T13:10:30+00:00,LOCO_01,ALLOCATED,,,,batch_transport,,0,0.0
2230.5,2025-12-02T13:10:30+00:00,LOCO_01,RAKE_COUPLING_STARTED,collection2,,,,SCREW,7,12.0
2242.5,2025-12-02T13:22:30+00:00,LOCO_01,RAKE_COUPLING_COMPLETED,collection2,,,,SCREW,7,12.0
2242.5,2025-12-02T13:22:30+00:00,LOCO_01,LOCO_COUPLING_STARTED,collection2,,,,SCREW,7,2.0
2244.5,2025-12-02T13:24:30+00:00,LOCO_01,LOCO_COUPLING_COMPLETED,collection2,,,,SCREW,7,2.0
2244.5,2025-12-02T13:24:30+00:00,LOCO_01,SHUNTING_PREP,collection2,,,,,7,1.0
2245.5,2025-12-02T13:25:30+00:00,LOCO_01,MOVING,retrofit,collection2,retrofit,,,0,60.0
2305.5,2025-12-02T14:25:30+00:00,LOCO_01,LOCO_DECOUPLING_STARTED,retrofit,,,,SCREW,7,3.0
2308.5,2025-12-02T14:28:30+00:00,LOCO_01,LOCO_DECOUPLING_COMPLETED,retrofit,,,,SCREW,7,3.0
2308.5,2025-12-02T14:28:30+00:00,LOCO_01,RAKE_DECOUPLING_STARTED,retrofit,,,,SCREW,7,18.0
2326.5,2025-12-02T14:46:30+00:00,LOCO_01,RAKE_DECOUPLING_COMPLETED,retrofit,,,,SCREW,7,18.0
2344.5,2025-12-02T15:04:30+00:00,LOCO_01,MOVING,track_19,retrofit,track_19,,,0,5.0
2349.5,2025-12-02T15:09:30+00:00,LOCO_01,PARKING,,,,,,0,0.0
2349.5,2025-12-02T15:09:30+00:00,LOCO_01,MOVING,WS_02,track_19,WS_02,,,0,5.0
2354.5,2025-12-02T15:14:30+00:00,LOCO_01,RAKE_COUPLING_STARTED,WS_02,,,,DAC,2,0.5
2355.0,2025-12-02T15:15:00+00:00,LOCO_01,RAKE_COUPLING_COMPLETED,WS_02,,,,DAC,2,0.5
2355.0,2025-12-02T15:15:00+00:00,LOCO_01,LOCO_COUPLING_STARTED,WS_02,,,,DAC,2,0.5
2355.5,2025-12-02T15:15:30+00:00,LOCO_01,LOCO_COUPLING_COMPLETED,WS_02,,,,DAC,2,0.5
2355.5,2025-12-02T15:15:30+00:00,LOCO_01,SHUNTING_PREP,WS_02,,,,,2,1.0
2356.5,2025-12-02T15:16:30+00:00,LOCO_01,MOVING,retrofitted,WS_02,retrofitted,,,0,5.0
2361.5,2025-12-02T15:21:30+00:00,LOCO_01,MOVING,track_19,retrofitted,track_19,,,0,5.0
2366.5,2025-12-02T15:26:30+00:00,LOCO_01,MOVING,retrofit,track_19,retrofit,,,0,5.0
2371.5,2025-12-02T15:31:30+00:00,LOCO_01,COUPLING_STARTED,retrofit,,,,SCREW,0,2.0
2373.5,2025-12-02T15:33:30+00:00,LOCO_01,COUPLING_COMPLETED,retrofit,,,,SCREW,0,2.0
2373.5,2025-12-02T15:33:30+00:00,LOCO_01,SHUNTING_PREP,retrofit,,,,,0,1.0
2374.5,2025-12-02T15:34:30+00:00,LOCO_01,MOVING,WS_01,retrofit,WS_01,,,0,5.0
2379.5,2025-12-02T15:39:30+00:00,LOCO_01,DECOUPLING_STARTED,WS_01,,,,SCREW,0,3.0
2382.5,2025-12-02T15:42:30+00:00,LOCO_01,MOVING,track_19,WS_01,track_19,,,0,0.0
2382.5,2025-12-02T15:42:30+00:00,LOCO_01,DECOUPLING_COMPLETED,WS_01,,,,SCREW,0,3.0
2389.5,2025-12-02T15:49:30+00:00,LOCO_01,MOVING,retrofit,track_19,retrofit,,,0,5.0
2394.5,2025-12-02T15:54:30+00:00,LOCO_01,COUPLING_STARTED,retrofit,,,,SCREW,0,2.0
2396.5,2025-12-02T15:56:30+00:00,LOCO_01,COUPLING_COMPLETED,retrofit,,,,SCREW,0,2.0
2396.5,2025-12-02T15:56:30+00:00,LOCO_01,SHUNTING_PREP,retrofit,,,,,0,1.0
2397.5,2025-12-02T15:57:30+00:00,LOCO_01,MOVING,WS_02,retrofit,WS_02,,,0,5.0
2402.5,2025-12-02T16:02:30+00:00,LOCO_01,DECOUPLING_STARTED,WS_02,,,,SCREW,0,3.0
2405.5,2025-12-02T16:05:30+00:00,LOCO_01,DECOUPLING_COMPLETED,WS_02,,,,SCREW,0,3.0
2408.5,2025-12-02T16:08:30+00:00,LOCO_01,MOVING,track_19,WS_02,track_19,,,0,30.5
2439.0,2025-12-02T16:39:00+00:00,LOCO_01,ALLOCATED,,,,batch_transport,,0,0.0
2439.0,2025-12-02T16:39:00+00:00,LOCO_01,MOVING,retrofitted,track_19,retrofitted,,,0,5.0
2444.0,2025-12-02T16:44:00+00:00,LOCO_01,RAKE_COUPLING_STARTED,retrofitted,,,,DAC,8,3.5
2447.5,2025-12-02T16:47:30+00:00,LOCO_01,RAKE_COUPLING_COMPLETED,retrofitted,,,,DAC,8,3.5
2447.5,2025-12-02T16:47:30+00:00,LOCO_01,LOCO_COUPLING_STARTED,retrofitted,,,,DAC,8,0.5
2448.0,2025-12-02T16:48:00+00:00,LOCO_01,LOCO_COUPLING_COMPLETED,retrofitted,,,,DAC,8,0.5
2448.0,2025-12-02T16:48:00+00:00,LOCO_01,SHUNTING_PREP,retrofitted,,,,,8,1.0
2449.0,2025-12-02T16:49:00+00:00,LOCO_01,MOVING,parking16,retrofitted,parking16,,,0,120.0
2569.0,2025-12-02T18:49:00+00:00,LOCO_01,LOCO_DECOUPLING_STARTED,parking16,,,,DAC,8,0.5
2569.5,2025-12-02T18:49:30+00:00,LOCO_01,LOCO_DECOUPLING_COMPLETED,parking16,,,,DAC,8,0.5
2569.5,2025-12-02T18:49:30+00:00,LOCO_01,RAKE_DECOUPLING_STARTED,parking16,,,,DAC,8,3.5
2573.0,2025-12-02T18:53:00+00:00,LOCO_01,RAKE_DECOUPLING_COMPLETED,parking16,,,,DAC,8,3.5
2576.5,2025-12-02T18:56:30+00:00,LOCO_01,MOVING,track_19,parking16,track_19,,,0,60.0
2636.5,2025-12-02T19:56:30+00:00,LOCO_01,MOVING,WS_01,track_19,WS_01,,,0,5.0
2641.5,2025-12-02T20:01:30+00:00,LOCO_01,RAKE_COUPLING_STARTED,WS_01,,,,DAC,2,0.5
2642.0,2025-12-02T20:02:00+00:00,LOCO_01,RAKE_COUPLING_COMPLETED,WS_01,,,,DAC,2,0.5
2642.0,2025-12-02T20:02:00+00:00,LOCO_01,LOCO_COUPLING_STARTED,WS_01,,,,DAC,2,0.5
2642.5,2025-12-02T20:02:30+00:00,LOCO_01,LOCO_COUPLING_COMPLETED,WS_01,,,,DAC,2,0.5
2642.5,2025-12-02T20:02:30+00:00,LOCO_01,SHUNTING_PREP,WS_01,,,,,2,1.0
2643.5,2025-12-02T20:03:30+00:00,LOCO_01,MOVING,retrofitted,WS_01,retrofitted,,,0,5.0
2648.5,2025-12-02T20:08:30+00:00,LOCO_01,MOVING,track_19,retrofitted,track_19,,,0,7.0
2655.5,2025-12-02T20:15:30+00:00,LOCO_01,MOVING,retrofit,track_19,retrofit,,,0,5.0
2660.5,2025-12-02T20:20:30+00:00,LOCO_01,COUPLING_STARTED,retrofit,,,,SCREW,0,2.0
2662.5,2025-12-02T20:22:30+00:00,LOCO_01,COUPLING_COMPLETED,retrofit,,,,SCREW,0,2.0
2662.5,2025-12-02T20:22:30+00:00,LOCO_01,SHUNTING_PREP,retrofit,,,,,0,1.0
2663.5,2025-12-02T20:23:30+00:00,LOCO_01,MOVING,WS_02,retrofit,WS_02,,,0,5.0
2668.5,2025-12-02T20:28:30+00:00,LOCO_01,DECOUPLING_STARTED,WS_02,,,,SCREW,0,3.0
2671.5,2025-12-02T20:31:30+00:00,LOCO_01,DECOUPLING_COMPLETED,WS_02,,,,SCREW,0,3.0
2674.5,2025-12-02T20:34:30+00:00,LOCO_01,MOVING,track_19,WS_02,track_19,,,0,7.0
2681.5,2025-12-02T20:41:30+00:00,LOCO_01,MOVING,retrofit,track_19,retrofit,,,0,5.0
2686.5,2025-12-02T20:46:30+00:00,LOCO_01,COUPLING_STARTED,retrofit,,,,SCREW,0,2.0
2688.5,2025-12-02T20:48:30+00:00,LOCO_01,COUPLING_COMPLETED,retrofit,,,,SCREW,0,2.0
2688.5,2025-12-02T20:48:30+00:00,LOCO_01,SHUNTING_PREP,retrofit,,,,,0,1.0
2689.5,2025-12-02T20:49:30+00:00,LOCO_01,MOVING,WS_01,retrofit,WS_01,,,0,5.0
2694.5,2025-12-02T20:54:30+00:00,LOCO_01,DECOUPLING_STARTED,WS_01,,,,SCREW,0,3.0
2697.5,2025-12-02T20:57:30+00:00,LOCO_01,DECOUPLING_COMPLETED,WS_01,,,,SCREW,0,3.0
2700.5,2025-12-02T21:00:30+00:00,LOCO_01,MOVING,track_19,WS_01,track_19,,,0,5.0
2705.5,2025-12-02T21:05:30+00:00,LOCO_01,ALLOCATED,,,,batch_transport,,0,0.0
2705.5,2025-12-02T21:05:30+00:00,LOCO_01,MOVING,retrofitted,track_19,retrofitted,,,0,5.0
2710.5,2025-12-02T21:10:30+00:00,LOCO_01,RAKE_COUPLING_STARTED,retrofitted,,,,DAC,3,1.0
2711.5,2025-12-02T21:11:30+00:00,LOCO_01,RAKE_COUPLING_COMPLETED,retrofitted,,,,DAC,3,1.0
2711.5,2025-12-02T21:11:30+00:00,LOCO_01,LOCO_COUPLING_STARTED,retrofitted,,,,DAC,3,0.5
2712.0,2025-12-02T21:12:00+00:00,LOCO_01,LOCO_COUPLING_COMPLETED,retrofitted,,,,DAC,3,0.5
2712.0,2025-12-02T21:12:00+00:00,LOCO_01,SHUNTING_PREP,retrofitted,,,,,3,1.0
2713.0,2025-12-02T21:13:00+00:00,LOCO_01,MOVING,parking16,retrofitted,parking16,,,0,120.0
2833.0,2025-12-02T23:13:00+00:00,LOCO_01,LOCO_DECOUPLING_STARTED,parking16,,,,DAC,3,0.5
2833.5,2025-12-02T23:13:30+00:00,LOCO_01,LOCO_DECOUPLING_COMPLETED,parking16,,,,DAC,3,0.5
2833.5,2025-12-02T23:13:30+00:00,LOCO_01,RAKE_DECOUPLING_STARTED,parking16,,,,DAC,3,1.0
2834.5,2025-12-02T23:14:30+00:00,LOCO_01,RAKE_DECOUPLING_COMPLETED,parking16,,,,DAC,3,1.0
2835.5,2025-12-02T23:15:30+00:00,LOCO_01,MOVING,track_19,parking16,track_19,,,0,60.0
2895.5,2025-12-03T00:15:30+00:00,LOCO_01,MOVING,collection1,track_19,collection1,,,0,60.0
2955.5,2025-12-03T01:15:30+00:00,LOCO_01,ALLOCATED,,,,batch_transport,,0,0.0
2955.5,2025-12-03T01:15:30+00:00,LOCO_01,RAKE_COUPLING_STARTED,collection1,,,,SCREW,7,12.0
2967.5,2025-12-03T01:27:30+00:00,LOCO_01,RAKE_COUPLING_COMPLETED,collection1,,,,SCREW,7,12.0
2967.5,2025-12-03T01:27:30+00:00,LOCO_01,LOCO_COUPLING_STARTED,collection1,,,,SCREW,7,2.0
2969.5,2025-12-03T01:29:30+00:00,LOCO_01,LOCO_COUPLING_COMPLETED,collection1,,,,SCREW,7,2.0
2969.5,2025-12-03T01:29:30+00:00,LOCO_01,SHUNTING_PREP,collection1,,,,,7,1.0
2970.5,2025-12-03T01:30:30+00:00,LOCO_01,MOVING,retrofit,collection1,retrofit,,,0,60.0
3030.5,2025-12-03T02:30:30+00:00,LOCO_01,LOCO_DECOUPLING_STARTED,retrofit,,,,SCREW,7,3.0
3033.5,2025-12-03T02:33:30+00:00,LOCO_01,LOCO_DECOUPLING_COMPLETED,retrofit,,,,SCREW,7,3.0
3033.5,2025-12-03T02:33:30+00:00,LOCO_01,RAKE_DECOUPLING_STARTED,retrofit,,,,SCREW,7,18.0
3051.5,2025-12-03T02:51:30+00:00,LOCO_01,RAKE_DECOUPLING_COMPLETED,retrofit,,,,SCREW,7,18.0
3069.5,2025-12-03T03:09:30+00:00,LOCO_01,MOVING,track_19,retrofit,track_19,,,0,5.0
3074.5,2025-12-03T03:14:30+00:00,LOCO_01,PARKING,,,,,,0,2.0
3076.5,2025-12-03T03:16:30+00:00,LOCO_01,MOVING,retrofit,track_19,retrofit,,,0,5.0
3081.5,2025-12-03T03:21:30+00:00,LOCO_01,COUPLING_STARTED,retrofit,,,,SCREW,0,2.0
3083.5,2025-12-03T03:23:30+00:00,LOCO_01,COUPLING_COMPLETED,retrofit,,,,SCREW,0,2.0
3083.5,2025-12-03T03:23:30+00:00,LOCO_01,SHUNTING_PREP,retrofit,,,,,0,1.0
3084.5,2025-12-03T03:24:30+00:00,LOCO_01,MOVING,WS_01,retrofit,WS_01,,,0,5.0
3089.5,2025-12-03T03:29:30+00:00,LOCO_01,DECOUPLING_STARTED,WS_01,,,,SCREW,0,3.0
3092.5,2025-12-03T03:32:30+00:00,LOCO_01,DECOUPLING_COMPLETED,WS_01,,,,SCREW,0,3.0
3095.5,2025-12-03T03:35:30+00:00,LOCO_01,MOVING,track_19,WS_01,track_19,,,0,57.0
3152.5,2025-12-03T04:32:30+00:00,LOCO_01,MOVING,WS_02,track_19,WS_02,,,0,5.0
3157.5,2025-12-03T04:37:30+00:00,LOCO_01,RAKE_COUPLING_STARTED,WS_02,,,,DAC,2,0.5
3158.0,2025-12-03T04:38:00+00:00,LOCO_01,RAKE_COUPLING_COMPLETED,WS_02,,,,DAC,2,0.5
3158.0,2025-12-03T04:38:00+00:00,LOCO_01,LOCO_COUPLING_STARTED,WS_02,,,,DAC,2,0.5
3158.5,2025-12-03T04:38:30+00:00,LOCO_01,LOCO_COUPLING_COMPLETED,WS_02,,,,DAC,2,0.5
3158.5,2025-12-03T04:38:30+00:00,LOCO_01,SHUNTING_PREP,WS_02,,,,,2,1.0
3159.5,2025-12-03T04:39:30+00:00,LOCO_01,MOVING,retrofitted,WS_02,retrofitted,,,0,5.0
3164.5,2025-12-03T04:44:30+00:00,LOCO_01,MOVING,track_19,retrofitted,track_19,,,0,5.0
3169.5,2025-12-03T04:49:30+00:00,LOCO_01,MOVING,WS_01,track_19,WS_01,,,0,5.0
3174.5,2025-12-03T04:54:30+00:00,LOCO_01,RAKE_COUPLING_STARTED,WS_01,,,,DAC,2,0.5
3175.0,2025-12-03T04:55:00+00:00,LOCO_01,RAKE_COUPLING_COMPLETED,WS_01,,,,DAC,2,0.5
3175.0,2025-12-03T04:55:00+00:00,LOCO_01,LOCO_COUPLING_STARTED,WS_01,,,,DAC,2,0.5
3175.5,2025-12-03T04:55:30+00:00,LOCO_01,LOCO_COUPLING_COMPLETED,WS_01,,,,DAC,2,0.5
3175.5,2025-12-03T04:55:30+00:00,LOCO_01,SHUNTING_PREP,WS_01,,,,,2,1.0
3176.5,2025-12-03T04:56:30+00:00,LOCO_01,MOVING,retrofitted,WS_01,retrofitted,,,0,5.0
3181.5,2025-12-03T05:01:30+00:00,LOCO_01,MOVING,track_19,retrofitted,track_19,,,0,7.0
3188.5,2025-12-03T05:08:30+00:00,LOCO_01,MOVING,retrofit,track_19,retrofit,,,0,5.0
3193.5,2025-12-03T05:13:30+00:00,LOCO_01,COUPLING_STARTED,retrofit,,,,SCREW,0,2.0
3195.5,2025-12-03T05:15:30+00:00,LOCO_01,COUPLING_COMPLETED,retrofit,,,,SCREW,0,2.0
3195.5,2025-12-03T05:15:30+00:00,LOCO_01,SHUNTING_PREP,retrofit,,,,,0,1.0
3196.5,2025-12-03T05:16:30+00:00,LOCO_01,MOVING,WS_02,retrofit,WS_02,,,0,5.0
3201.5,2025-12-03T05:21:30+00:00,LOCO_01,DECOUPLING_STARTED,WS_02,,,,SCREW,0,3.0
3204.5,2025-12-03T05:24:30+00:00,LOCO_01,DECOUPLING_COMPLETED,WS_02,,,,SCREW,0,3.0
3207.5,2025-12-03T05:27:30+00:00,LOCO_01,MOVING,track_19,WS_02,track_19,,,0,7.0
3214.5,2025-12-03T05:34:30+00:00,LOCO_01,MOVING,retrofit,track_19,retrofit,,,0,5.0
3219.5,2025-12-03T05:39:30+00:00,LOCO_01,COUPLING_STARTED,retrofit,,,,SCREW,0,2.0
3221.5,2025-12-03T05:41:30+00:00,LOCO_01,COUPLING_COMPLETED,retrofit,,,,SCREW,0,2.0
3221.5,2025-12-03T05:41:30+00:00,LOCO_01,SHUNTING_PREP,retrofit,,,,,0,1.0
3222.5,2025-12-03T05:42:30+00:00,LOCO_01,MOVING,WS_01,retrofit,WS_01,,,0,5.0
3227.5,2025-12-03T05:47:30+00:00,LOCO_01,DECOUPLING_STARTED,WS_01,,,,SCREW,0,3.0
3230.5,2025-12-03T05:50:30+00:00,LOCO_01,DECOUPLING_COMPLETED,WS_01,,,,SCREW,0,3.0
3233.5,2025-12-03T05:53:30+00:00,LOCO_01,MOVING,track_19,WS_01,track_19,,,0,5.0
3238.5,2025-12-03T05:58:30+00:00,LOCO_01,MOVING,collection2,track_19,collection2,,,0,60.0
3298.5,2025-12-03T06:58:30+00:00,LOCO_01,ALLOCATED,,,,batch_transport,,0,0.0
3298.5,2025-12-03T06:58:30+00:00,LOCO_01,RAKE_COUPLING_STARTED,collection2,,,,SCREW,4,6.0
3304.5,2025-12-03T07:04:30+00:00,LOCO_01,RAKE_COUPLING_COMPLETED,collection2,,,,SCREW,4,6.0
3304.5,2025-12-03T07:04:30+00:00,LOCO_01,LOCO_COUPLING_STARTED,collection2,,,,SCREW,4,2.0
3306.5,2025-12-03T07:06:30+00:00,LOCO_01,LOCO_COUPLING_COMPLETED,collection2,,,,SCREW,4,2.0
3306.5,2025-12-03T07:06:30+00:00,LOCO_01,SHUNTING_PREP,collection2,,,,,4,1.0
3307.5,2025-12-03T07:07:30+00:00,LOCO_01,MOVING,retrofit,collection2,retrofit,,,0,60.0
3367.5,2025-12-03T08:07:30+00:00,LOCO_01,LOCO_DECOUPLING_STARTED,retrofit,,,,SCREW,4,3.0
3370.5,2025-12-03T08:10:30+00:00,LOCO_01,LOCO_DECOUPLING_COMPLETED,retrofit,,,,SCREW,4,3.0
3370.5,2025-12-03T08:10:30+00:00,LOCO_01,RAKE_DECOUPLING_STARTED,retrofit,,,,SCREW,4,9.0
3379.5,2025-12-03T08:19:30+00:00,LOCO_01,RAKE_DECOUPLING_COMPLETED,retrofit,,,,SCREW,4,9.0
3388.5,2025-12-03T08:28:30+00:00,LOCO_01,MOVING,track_19,retrofit,track_19,,,0,5.0
3393.5,2025-12-03T08:33:30+00:00,LOCO_01,PARKING,,,,,,0,2.0
3395.5,2025-12-03T08:35:30+00:00,LOCO_01,MOVING,retrofit,track_19,retrofit,,,0,5.0
3400.5,2025-12-03T08:40:30+00:00,LOCO_01,COUPLING_STARTED,retrofit,,,,SCREW,0,2.0
3402.5,2025-12-03T08:42:30+00:00,LOCO_01,COUPLING_COMPLETED,retrofit,,,,SCREW,0,2.0
3402.5,2025-12-03T08:42:30+00:00,LOCO_01,SHUNTING_PREP,retrofit,,,,,0,1.0
3403.5,2025-12-03T08:43:30+00:00,LOCO_01,MOVING,WS_02,retrofit,WS_02,,,0,5.0
3408.5,2025-12-03T08:48:30+00:00,LOCO_01,DECOUPLING_STARTED,WS_02,,,,SCREW,0,3.0
3411.5,2025-12-03T08:51:30+00:00,LOCO_01,DECOUPLING_COMPLETED,WS_02,,,,SCREW,0,3.0
3414.5,2025-12-03T08:54:30+00:00,LOCO_01,MOVING,track_19,WS_02,track_19,,,0,7.0
3421.5,2025-12-03T09:01:30+00:00,LOCO_01,MOVING,retrofit,track_19,retrofit,,,0,5.0
3426.5,2025-12-03T09:06:30+00:00,LOCO_01,COUPLING_STARTED,retrofit,,,,SCREW,0,2.0
3428.5,2025-12-03T09:08:30+00:00,LOCO_01,COUPLING_COMPLETED,retrofit,,,,SCREW,0,2.0
3428.5,2025-12-03T09:08:30+00:00,LOCO_01,SHUNTING_PREP,retrofit,,,,,0,1.0
3429.5,2025-12-03T09:09:30+00:00,LOCO_01,MOVING,WS_01,retrofit,WS_01,,,0,5.0
3434.5,2025-12-03T09:14:30+00:00,LOCO_01,DECOUPLING_STARTED,WS_01,,,,SCREW,0,3.0
3437.5,2025-12-03T09:17:30+00:00,LOCO_01,DECOUPLING_COMPLETED,WS_01,,,,SCREW,0,3.0
3440.5,2025-12-03T09:20:30+00:00,LOCO_01,MOVING,track_19,WS_01,track_19,,,0,5.0
3445.5,2025-12-03T09:25:30+00:00,LOCO_01,MOVING,collection1,track_19,collection1,,,0,60.0
3505.5,2025-12-03T10:25:30+00:00,LOCO_01,ALLOCATED,,,,batch_transport,,0,0.0
3505.5,2025-12-03T10:25:30+00:00,LOCO_01,RAKE_COUPLING_STARTED,collection1,,,,SCREW,6,10.0
3515.5,2025-12-03T10:35:30+00:00,LOCO_01,RAKE_COUPLING_COMPLETED,collection1,,,,SCREW,6,10.0
3515.5,2025-12-03T10:35:30+00:00,LOCO_01,LOCO_COUPLING_STARTED,collection1,,,,SCREW,6,2.0
3517.5,2025-12-03T10:37:30+00:00,LOCO_01,LOCO_COUPLING_COMPLETED,collection1,,,,SCREW,6,2.0
3517.5,2025-12-03T10:37:30+00:00,LOCO_01,SHUNTING_PREP,collection1,,,,,6,1.0
3518.5,2025-12-03T10:38:30+00:00,LOCO_01,MOVING,retrofit,collection1,retrofit,,,0,60.0
3578.5,2025-12-03T11:38:30+00:00,LOCO_01,LOCO_DECOUPLING_STARTED,retrofit,,,,SCREW,6,3.0
3581.5,2025-12-03T11:41:30+00:00,LOCO_01,LOCO_DECOUPLING_COMPLETED,retrofit,,,,SCREW,6,3.0
3581.5,2025-12-03T11:41:30+00:00,LOCO_01,RAKE_DECOUPLING_STARTED,retrofit,,,,SCREW,6,15.0
3596.5,2025-12-03T11:56:30+00:00,LOCO_01,RAKE_DECOUPLING_COMPLETED,retrofit,,,,SCREW,6,15.0
3611.5,2025-12-03T12:11:30+00:00,LOCO_01,MOVING,track_19,retrofit,track_19,,,0,5.0
3616.5,2025-12-03T12:16:30+00:00,LOCO_01,PARKING,,,,,,0,0.0
3616.5,2025-12-03T12:16:30+00:00,LOCO_01,ALLOCATED,,,,batch_transport,,0,0.0
3616.5,2025-12-03T12:16:30+00:00,LOCO_01,MOVING,retrofitted,track_19,retrofitted,,,0,5.0
3621.5,2025-12-03T12:21:30+00:00,LOCO_01,RAKE_COUPLING_STARTED,retrofitted,,,,DAC,4,1.5
3623.0,2025-12-03T12:23:00+00:00,LOCO_01,RAKE_COUPLING_COMPLETED,retrofitted,,,,DAC,4,1.5
3623.0,2025-12-03T12:23:00+00:00,LOCO_01,LOCO_COUPLING_STARTED,retrofitted,,,,DAC,4,0.5
3623.5,2025-12-03T12:23:30+00:00,LOCO_01,LOCO_COUPLING_COMPLETED,retrofitted,,,,DAC,4,0.5
3623.5,2025-12-03T12:23:30+00:00,LOCO_01,SHUNTING_PREP,retrofitted,,,,,4,1.0
3624.5,2025-12-03T12:24:30+00:00,LOCO_01,MOVING,parking16,retrofitted,parking16,,,0,120.0
3744.5,2025-12-03T14:24:30+00:00,LOCO_01,LOCO_DECOUPLING_STARTED,parking16,,,,DAC,4,0.5
3745.0,2025-12-03T14:25:00+00:00,LOCO_01,LOCO_DECOUPLING_COMPLETED,parking16,,,,DAC,4,0.5
3745.0,2025-12-03T14:25:00+00:00,LOCO_01,RAKE_DECOUPLING_STARTED,parking16,,,,DAC,4,1.5
3746.5,2025-12-03T14:26:30+00:00,LOCO_01,RAKE_DECOUPLING_COMPLETED,parking16,,,,DAC,4,1.5
3748.0,2025-12-03T14:28:00+00:00,LOCO_01,MOVING,track_19,parking16,track_19,,,0,62.0
3810.0,2025-12-03T15:30:00+00:00,LOCO_01,MOVING,retrofit,track_19,retrofit,,,0,5.0
3815.0,2025-12-03T15:35:00+00:00,LOCO_01,COUPLING_STARTED,retrofit,,,,SCREW,0,2.0
3817.0,2025-12-03T15:37:00+00:00,LOCO_01,COUPLING_COMPLETED,retrofit,,,,SCREW,0,2.0
3817.0,2025-12-03T15:37:00+00:00,LOCO_01,SHUNTING_PREP,retrofit,,,,,0,1.0
3818.0,2025-12-03T15:38:00+00:00,LOCO_01,MOVING,WS_02,retrofit,WS_02,,,0,5.0
3823.0,2025-12-03T15:43:00+00:00,LOCO_01,DECOUPLING_STARTED,WS_02,,,,SCREW,0,3.0
3826.0,2025-12-03T15:46:00+00:00,LOCO_01,DECOUPLING_COMPLETED,WS_02,,,,SCREW,0,3.0
3829.0,2025-12-03T15:49:00+00:00,LOCO_01,MOVING,track_19,WS_02,track_19,,,0,7.0
3836.0,2025-12-03T15:56:00+00:00,LOCO_01,MOVING,retrofit,track_19,retrofit,,,0,5.0
3841.0,2025-12-03T16:01:00+00:00,LOCO_01,COUPLING_STARTED,retrofit,,,,SCREW,0,2.0
3843.0,2025-12-03T16:03:00+00:00,LOCO_01,COUPLING_COMPLETED,retrofit,,,,SCREW,0,2.0
3843.0,2025-12-03T16:03:00+00:00,LOCO_01,SHUNTING_PREP,retrofit,,,,,0,1.0
3844.0,2025-12-03T16:04:00+00:00,LOCO_01,MOVING,WS_01,retrofit,WS_01,,,0,5.0
3849.0,2025-12-03T16:09:00+00:00,LOCO_01,DECOUPLING_STARTED,WS_01,,,,SCREW,0,3.0
3852.0,2025-12-03T16:12:00+00:00,LOCO_01,DECOUPLING_COMPLETED,WS_01,,,,SCREW,0,3.0
3855.0,2025-12-03T16:15:00+00:00,LOCO_01,MOVING,track_19,WS_01,track_19,,,0,5.0
3860.0,2025-12-03T16:20:00+00:00,LOCO_01,MOVING,collection1,track_19,collection1,,,0,60.0
3920.0,2025-12-03T17:20:00+00:00,LOCO_01,ALLOCATED,,,,batch_transport,,0,0.0
3920.0,2025-12-03T17:20:00+00:00,LOCO_01,RAKE_COUPLING_STARTED,collection1,,,,SCREW,8,14.0
3934.0,2025-12-03T17:34:00+00:00,LOCO_01,RAKE_COUPLING_COMPLETED,collection1,,,,SCREW,8,14.0
3934.0,2025-12-03T17:34:00+00:00,LOCO_01,LOCO_COUPLING_STARTED,collection1,,,,SCREW,8,2.0
3936.0,2025-12-03T17:36:00+00:00,LOCO_01,LOCO_COUPLING_COMPLETED,collection1,,,,SCREW,8,2.0
3936.0,2025-12-03T17:36:00+00:00,LOCO_01,SHUNTING_PREP,collection1,,,,,8,1.0
3937.0,2025-12-03T17:37:00+00:00,LOCO_01,MOVING,retrofit,collection1,retrofit,,,0,60.0
3997.0,2025-12-03T18:37:00+00:00,LOCO_01,LOCO_DECOUPLING_STARTED,retrofit,,,,SCREW,8,3.0
4000.0,2025-12-03T18:40:00+00:00,LOCO_01,LOCO_DECOUPLING_COMPLETED,retrofit,,,,SCREW,8,3.0
4000.0,2025-12-03T18:40:00+00:00,LOCO_01,RAKE_DECOUPLING_STARTED,retrofit,,,,SCREW,8,21.0
4021.0,2025-12-03T19:01:00+00:00,LOCO_01,RAKE_DECOUPLING_COMPLETED,retrofit,,,,SCREW,8,21.0
4042.0,2025-12-03T19:22:00+00:00,LOCO_01,MOVING,track_19,retrofit,track_19,,,0,5.0
4047.0,2025-12-03T19:27:00+00:00,LOCO_01,PARKING,,,,,,0,2.0
4049.0,2025-12-03T19:29:00+00:00,LOCO_01,MOVING,retrofit,track_19,retrofit,,,0,5.0
4054.0,2025-12-03T19:34:00+00:00,LOCO_01,COUPLING_STARTED,retrofit,,,,SCREW,0,2.0
4056.0,2025-12-03T19:36:00+00:00,LOCO_01,COUPLING_COMPLETED,retrofit,,,,SCREW,0,2.0
4056.0,2025-12-03T19:36:00+00:00,LOCO_01,SHUNTING_PREP,retrofit,,,,,0,1.0
4057.0,2025-12-03T19:37:00+00:00,LOCO_01,MOVING,WS_01,retrofit,WS_01,,,0,5.0
4062.0,2025-12-03T19:42:00+00:00,LOCO_01,DECOUPLING_STARTED,WS_01,,,,SCREW,0,3.0
4065.0,2025-12-03T19:45:00+00:00,LOCO_01,DECOUPLING_COMPLETED,WS_01,,,,SCREW,0,3.0
4068.0,2025-12-03T19:48:00+00:00,LOCO_01,MOVING,track_19,WS_01,track_19,,,0,56.0
4124.0,2025-12-03T20:44:00+00:00,LOCO_01,MOVING,WS_02,track_19,WS_02,,,0,5.0
4129.0,2025-12-03T20:49:00+00:00,LOCO_01,RAKE_COUPLING_STARTED,WS_02,,,,DAC,2,0.5
4129.5,2025-12-03T20:49:30+00:00,LOCO_01,RAKE_COUPLING_COMPLETED,WS_02,,,,DAC,2,0.5
4129.5,2025-12-03T20:49:30+00:00,LOCO_01,LOCO_COUPLING_STARTED,WS_02,,,,DAC,2,0.5
4130.0,2025-12-03T20:50:00+00:00,LOCO_01,LOCO_COUPLING_COMPLETED,WS_02,,,,DAC,2,0.5
4130.0,2025-12-03T20:50:00+00:00,LOCO_01,SHUNTING_PREP,WS_02,,,,,2,1.0
4131.0,2025-12-03T20:51:00+00:00,LOCO_01,MOVING,retrofitted,WS_02,retrofitted,,,0,5.0
4136.0,2025-12-03T20:56:00+00:00,LOCO_01,MOVING,track_19,retrofitted,track_19,,,0,5.0
4141.0,2025-12-03T21:01:00+00:00,LOCO_01,ALLOCATED,,,,batch_transport,,0,0.0
4141.0,2025-12-03T21:01:00+00:00,LOCO_01,MOVING,retrofitted,track_19,retrofitted,,,0,5.0
4146.0,2025-12-03T21:06:00+00:00,LOCO_01,RAKE_COUPLING_STARTED,retrofitted,,,,DAC,4,1.5
4147.5,2025-12-03T21:07:30+00:00,LOCO_01,RAKE_COUPLING_COMPLETED,retrofitted,,,,DAC,4,1.5
4147.5,2025-12-03T21:07:30+00:00,LOCO_01,LOCO_COUPLING_STARTED,retrofitted,,,,DAC,4,0.5
4148.0,2025-12-03T21:08:00+00:00,LOCO_01,LOCO_COUPLING_COMPLETED,retrofitted,,,,DAC,4,0.5
4148.0,2025-12-03T21:08:00+00:00,LOCO_01,SHUNTING_PREP,retrofitted,,,,,4,1.0
4149.0,2025-12-03T21:09:00+00:00,LOCO_01,MOVING,parking12,retrofitted,parking12,,,0,60.0
4209.0,2025-12-03T22:09:00+00:00,LOCO_01,LOCO_DECOUPLING_STARTED,parking12,,,,DAC,4,0.5
4209.5,2025-12-03T22:09:30+00:00,LOCO_01,LOCO_DECOUPLING_COMPLETED,parking12,,,,DAC,4,0.5
4209.5,2025-12-03T22:09:30+00:00,LOCO_01,RAKE_DECOUPLING_STARTED,parking12,,,,DAC,4,1.5
4211.0,2025-12-03T22:11:00+00:00,LOCO_01,RAKE_DECOUPLING_COMPLETED,parking12,,,,DAC,4,1.5
4212.5,2025-12-03T22:12:30+00:00,LOCO_01,MOVING,track_19,parking12,track_19,,,0,60.0
4272.5,2025-12-03T23:12:30+00:00,LOCO_01,MOVING,WS_02,track_19,WS_02,,,0,5.0
4277.5,2025-12-03T23:17:30+00:00,LOCO_01,RAKE_COUPLING_STARTED,WS_02,,,,DAC,2,0.5
4278.0,2025-12-03T23:18:00+00:00,LOCO_01,RAKE_COUPLING_COMPLETED,WS_02,,,,DAC,2,0.5
4278.0,2025-12-03T23:18:00+00:00,LOCO_01,LOCO_COUPLING_STARTED,WS_02,,,,DAC,2,0.5
4278.5,2025-12-03T23:18:30+00:00,LOCO_01,LOCO_COUPLING_COMPLETED,WS_02,,,,DAC,2,0.5
4278.5,2025-12-03T23:18:30+00:00,LOCO_01,SHUNTING_PREP,WS_02,,,,,2,1.0
4279.5,2025-12-03T23:19:30+00:00,LOCO_01,MOVING,retrofitted,WS_02,retrofitted,,,0,5.0
4284.5,2025-12-03T23:24:30+00:00,LOCO_01,MOVING,track_19,retrofitted,track_19,,,0,5.0
4289.5,2025-12-03T23:29:30+00:00,LOCO_01,MOVING,WS_01,track_19,WS_01,,,0,5.0
4294.5,2025-12-03T23:34:30+00:00,LOCO_01,RAKE_COUPLING_STARTED,WS_01,,,,DAC,2,0.5
4295.0,2025-12-03T23:35:00+00:00,LOCO_01,RAKE_COUPLING_COMPLETED,WS_01,,,,DAC,2,0.5
4295.0,2025-12-03T23:35:00+00:00,LOCO_01,LOCO_COUPLING_STARTED,WS_01,,,,DAC,2,0.5
4295.5,2025-12-03T23:35:30+00:00,LOCO_01,LOCO_COUPLING_COMPLETED,WS_01,,,,DAC,2,0.5
4295.5,2025-12-03T23:35:30+00:00,LOCO_01,SHUNTING_PREP,WS_01,,,,,2,1.0
4296.5,2025-12-03T23:36:30+00:00,LOCO_01,MOVING,retrofitted,WS_01,retrofitted,,,0,5.0
4301.5,2025-12-03T23:41:30+00:00,LOCO_01,MOVING,track_19,retrofitted,track_19,,,0,7.0
4308.5,2025-12-03T23:48:30+00:00,LOCO_01,MOVING,retrofit,track_19,retrofit,,,0,5.0
4313.5,2025-12-03T23:53:30+00:00,LOCO_01,COUPLING_STARTED,retrofit,,,,SCREW,0,2.0
4315.5,2025-12-03T23:55:30+00:00,LOCO_01,COUPLING_COMPLETED,retrofit,,,,SCREW,0,2.0
4315.5,2025-12-03T23:55:30+00:00,LOCO_01,SHUNTING_PREP,retrofit,,,,,0,1.0
4316.5,2025-12-03T23:56:30+00:00,LOCO_01,MOVING,WS_02,retrofit,WS_02,,,0,5.0
4321.5,2025-12-04T00:01:30+00:00,LOCO_01,DECOUPLING_STARTED,WS_02,,,,SCREW,0,3.0
4324.5,2025-12-04T00:04:30+00:00,LOCO_01,DECOUPLING_COMPLETED,WS_02,,,,SCREW,0,3.0
4327.5,2025-12-04T00:07:30+00:00,LOCO_01,MOVING,track_19,WS_02,track_19,,,0,5.0
4332.5,2025-12-04T00:12:30+00:00,LOCO_01,ALLOCATED,,,,batch_transport,,0,0.0
4332.5,2025-12-04T00:12:30+00:00,LOCO_01,MOVING,retrofitted,track_19,retrofitted,,,0,5.0
4337.5,2025-12-04T00:17:30+00:00,LOCO_01,RAKE_COUPLING_STARTED,retrofitted,,,,DAC,4,1.5
4339.0,2025-12-04T00:19:00+00:00,LOCO_01,RAKE_COUPLING_COMPLETED,retrofitted,,,,DAC,4,1.5
4339.0,2025-12-04T00:19:00+00:00,LOCO_01,LOCO_COUPLING_STARTED,retrofitted,,,,DAC,4,0.5
4339.5,2025-12-04T00:19:30+00:00,LOCO_01,LOCO_COUPLING_COMPLETED,retrofitted,,,,DAC,4,0.5
4339.5,2025-12-04T00:19:30+00:00,LOCO_01,SHUNTING_PREP,retrofitted,,,,,4,1.0
4340.5,2025-12-04T00:20:30+00:00,LOCO_01,MOVING,parking13,retrofitted,parking13,,,0,75.0
4415.5,2025-12-04T01:35:30+00:00,LOCO_01,LOCO_DECOUPLING_STARTED,parking13,,,,DAC,4,0.5
4416.0,2025-12-04T01:36:00+00:00,LOCO_01,LOCO_DECOUPLING_COMPLETED,parking13,,,,DAC,4,0.5
4416.0,2025-12-04T01:36:00+00:00,LOCO_01,RAKE_DECOUPLING_STARTED,parking13,,,,DAC,4,1.5
4417.5,2025-12-04T01:37:30+00:00,LOCO_01,RAKE_DECOUPLING_COMPLETED,parking13,,,,DAC,4,1.5
4419.0,2025-12-04T01:39:00+00:00,LOCO_01,MOVING,track_19,parking13,track_19,,,0,60.0
4479.0,2025-12-04T02:39:00+00:00,LOCO_01,MOVING,collection2,track_19,collection2,,,0,60.0
4539.0,2025-12-04T03:39:00+00:00,LOCO_01,ALLOCATED,,,,batch_transport,,0,0.0
4539.0,2025-12-04T03:39:00+00:00,LOCO_01,RAKE_COUPLING_STARTED,collection2,,,,SCREW,9,16.0
4555.0,2025-12-04T03:55:00+00:00,LOCO_01,RAKE_COUPLING_COMPLETED,collection2,,,,SCREW,9,16.0
4555.0,2025-12-04T03:55:00+00:00,LOCO_01,LOCO_COUPLING_STARTED,collection2,,,,SCREW,9,2.0
4557.0,2025-12-04T03:57:00+00:00,LOCO_01,LOCO_COUPLING_COMPLETED,collection2,,,,SCREW,9,2.0
4557.0,2025-12-04T03:57:00+00:00,LOCO_01,SHUNTING_PREP,collection2,,,,,9,1.0
4558.0,2025-12-04T03:58:00+00:00,LOCO_01,MOVING,retrofit,collection2,retrofit,,,0,60.0
4618.0,2025-12-04T04:58:00+00:00,LOCO_01,LOCO_DECOUPLING_STARTED,retrofit,,,,SCREW,9,3.0
4621.0,2025-12-04T05:01:00+00:00,LOCO_01,LOCO_DECOUPLING_COMPLETED,retrofit,,,,SCREW,9,3.0
4621.0,2025-12-04T05:01:00+00:00,LOCO_01,RAKE_DECOUPLING_STARTED,retrofit,,,,SCREW,9,24.0
4645.0,2025-12-04T05:25:00+00:00,LOCO_01,RAKE_DECOUPLING_COMPLETED,retrofit,,,,SCREW,9,24.0
4669.0,2025-12-04T05:49:00+00:00,LOCO_01,MOVING,track_19,retrofit,track_19,,,0,5.0
4674.0,2025-12-04T05:54:00+00:00,LOCO_01,PARKING,,,,,,0,2.0
4676.0,2025-12-04T05:56:00+00:00,LOCO_01,MOVING,retrofit,track_19,retrofit,,,0,5.0
4681.0,2025-12-04T06:01:00+00:00,LOCO_01,COUPLING_STARTED,retrofit,,,,SCREW,0,2.0
4683.0,2025-12-04T06:03:00+00:00,LOCO_01,COUPLING_COMPLETED,retrofit,,,,SCREW,0,2.0
4683.0,2025-12-04T06:03:00+00:00,LOCO_01,SHUNTING_PREP,retrofit,,,,,0,1.0
4684.0,2025-12-04T06:04:00+00:00,LOCO_01,MOVING,WS_02,retrofit,WS_02,,,0,5.0
4689.0,2025-12-04T06:09:00+00:00,LOCO_01,DECOUPLING_STARTED,WS_02,,,,SCREW,0,3.0
4692.0,2025-12-04T06:12:00+00:00,LOCO_01,DECOUPLING_COMPLETED,WS_02,,,,SCREW,0,3.0
4695.0,2025-12-04T06:15:00+00:00,LOCO_01,MOVING,track_19,WS_02,track_19,,,0,7.0
4702.0,2025-12-04T06:22:00+00:00,LOCO_01,MOVING,retrofit,track_19,retrofit,,,0,5.0
4707.0,2025-12-04T06:27:00+00:00,LOCO_01,COUPLING_STARTED,retrofit,,,,SCREW,0,2.0
4709.0,2025-12-04T06:29:00+00:00,LOCO_01,COUPLING_COMPLETED,retrofit,,,,SCREW,0,2.0
4709.0,2025-12-04T06:29:00+00:00,LOCO_01,SHUNTING_PREP,retrofit,,,,,0,1.0
4710.0,2025-12-04T06:30:00+00:00,LOCO_01,MOVING,WS_01,retrofit,WS_01,,,0,5.0
4715.0,2025-12-04T06:35:00+00:00,LOCO_01,DECOUPLING_STARTED,WS_01,,,,SCREW,0,3.0
4718.0,2025-12-04T06:38:00+00:00,LOCO_01,DECOUPLING_COMPLETED,WS_01,,,,SCREW,0,3.0
4721.0,2025-12-04T06:41:00+00:00,LOCO_01,MOVING,track_19,WS_01,track_19,,,0,34.5
4755.5,2025-12-04T07:15:30+00:00,LOCO_01,MOVING,WS_02,track_19,WS_02,,,0,5.0
4760.5,2025-12-04T07:20:30+00:00,LOCO_01,RAKE_COUPLING_STARTED,WS_02,,,,DAC,2,0.5
4761.0,2025-12-04T07:21:00+00:00,LOCO_01,RAKE_COUPLING_COMPLETED,WS_02,,,,DAC,2,0.5
4761.0,2025-12-04T07:21:00+00:00,LOCO_01,LOCO_COUPLING_STARTED,WS_02,,,,DAC,2,0.5
4761.5,2025-12-04T07:21:30+00:00,LOCO_01,LOCO_COUPLING_COMPLETED,WS_02,,,,DAC,2,0.5
4761.5,2025-12-04T07:21:30+00:00,LOCO_01,SHUNTING_PREP,WS_02,,,,,2,1.0
4762.5,2025-12-04T07:22:30+00:00,LOCO_01,MOVING,retrofitted,WS_02,retrofitted,,,0,5.0
4767.5,2025-12-04T07:27:30+00:00,LOCO_01,MOVING,track_19,retrofitted,track_19,,,0,7.0
4774.5,2025-12-04T07:34:30+00:00,LOCO_01,MOVING,retrofit,track_19,retrofit,,,0,5.0
4779.5,2025-12-04T07:39:30+00:00,LOCO_01,COUPLING_STARTED,retrofit,,,,SCREW,0,2.0
4781.5,2025-12-04T07:41:30+00:00,LOCO_01,COUPLING_COMPLETED,retrofit,,,,SCREW,0,2.0
4781.5,2025-12-04T07:41:30+00:00,LOCO_01,SHUNTING_PREP,retrofit,,,,,0,1.0
4782.5,2025-12-04T07:42:30+00:00,LOCO_01,MOVING,WS_02,retrofit,WS_02,,,0,5.0
4787.5,2025-12-04T07:47:30+00:00,LOCO_01,DECOUPLING_STARTED,WS_02,,,,SCREW,0,3.0
4790.5,2025-12-04T07:50:30+00:00,LOCO_01,DECOUPLING_COMPLETED,WS_02,,,,SCREW,0,3.0
4793.5,2025-12-04T07:53:30+00:00,LOCO_01,MOVING,track_19,WS_02,track_19,,,0,5.0
4798.5,2025-12-04T07:58:30+00:00,LOCO_01,MOVING,WS_01,track_19,WS_01,,,0,5.0
4803.5,2025-12-04T08:03:30+00:00,LOCO_01,RAKE_COUPLING_STARTED,WS_01,,,,DAC,2,0.5
4804.0,2025-12-04T08:04:00+00:00,LOCO_01,RAKE_COUPLING_COMPLETED,WS_01,,,,DAC,2,0.5
4804.0,2025-12-04T08:04:00+00:00,LOCO_01,LOCO_COUPLING_STARTED,WS_01,,,,DAC,2,0.5
4804.5,2025-12-04T08:04:30+00:00,LOCO_01,LOCO_COUPLING_COMPLETED,WS_01,,,,DAC,2,0.5
4804.5,2025-12-04T08:04:30+00:00,LOCO_01,SHUNTING_PREP,WS_01,,,,,2,1.0
4805.5,2025-12-04T08:05:30+00:00,LOCO_01,MOVING,retrofitted,WS_01,retrofitted,,,0,5.0
4810.5,2025-12-04T08:10:30+00:00,LOCO_01,MOVING,track_19,retrofitted,track_19,,,0,5.0
4815.5,2025-12-04T08:15:30+00:00,LOCO_01,MOVING,collection1,track_19,collection1,,,0,60.0
4875.5,2025-12-04T09:15:30+00:00,LOCO_01,ALLOCATED,,,,batch_transport,,0,0.0
4875.5,2025-12-04T09:15:30+00:00,LOCO_01,RAKE_COUPLING_STARTED,collection1,,,,SCREW,3,4.0
4879.5,2025-12-04T09:19:30+00:00,LOCO_01,RAKE_COUPLING_COMPLETED,collection1,,,,SCREW,3,4.0
4879.5,2025-12-04T09:19:30+00:00,LOCO_01,LOCO_COUPLING_STARTED,collection1,,,,SCREW,3,2.0
4881.5,2025-12-04T09:21:30+00:00,LOCO_01,LOCO_COUPLING_COMPLETED,collection1,,,,SCREW,3,2.0
4881.5,2025-12-04T09:21:30+00:00,LOCO_01,SHUNTING_PREP,collection1,,,,,3,1.0
4882.5,2025-12-04T09:22:30+00:00,LOCO_01,MOVING,retrofit,collection1,retrofit,,,0,60.0
4942.5,2025-12-04T10:22:30+00:00,LOCO_01,LOCO_DECOUPLING_STARTED,retrofit,,,,SCREW,3,3.0
4945.5,2025-12-04T10:25:30+00:00,LOCO_01,LOCO_DECOUPLING_COMPLETED,retrofit,,,,SCREW,3,3.0
4945.5,2025-12-04T10:25:30+00:00,LOCO_01,RAKE_DECOUPLING_STARTED,retrofit,,,,SCREW,3,6.0
4951.5,2025-12-04T10:31:30+00:00,LOCO_01,RAKE_DECOUPLING_COMPLETED,retrofit,,,,SCREW,3,6.0
4957.5,2025-12-04T10:37:30+00:00,LOCO_01,MOVING,track_19,retrofit,track_19,,,0,5.0
4962.5,2025-12-04T10:42:30+00:00,LOCO_01,PARKING,,,,,,0,0.0
4962.5,2025-12-04T10:42:30+00:00,LOCO_01,MOVING,WS_01,track_19,WS_01,,,0,5.0
4967.5,2025-12-04T10:47:30+00:00,LOCO_01,RAKE_COUPLING_STARTED,WS_01,,,,DAC,2,0.5
4968.0,2025-12-04T10:48:00+00:00,LOCO_01,RAKE_COUPLING_COMPLETED,WS_01,,,,DAC,2,0.5
4968.0,2025-12-04T10:48:00+00:00,LOCO_01,LOCO_COUPLING_STARTED,WS_01,,,,DAC,2,0.5
4968.5,2025-12-04T10:48:30+00:00,LOCO_01,LOCO_COUPLING_COMPLETED,WS_01,,,,DAC,2,0.5
4968.5,2025-12-04T10:48:30+00:00,LOCO_01,SHUNTING_PREP,WS_01,,,,,2,1.0
4969.5,2025-12-04T10:49:30+00:00,LOCO_01,MOVING,retrofitted,WS_01,retrofitted,,,0,5.0
4974.5,2025-12-04T10:54:30+00:00,LOCO_01,MOVING,track_19,retrofitted,track_19,,,0,7.0
4981.5,2025-12-04T11:01:30+00:00,LOCO_01,MOVING,retrofit,track_19,retrofit,,,0,5.0
4986.5,2025-12-04T11:06:30+00:00,LOCO_01,COUPLING_STARTED,retrofit,,,,SCREW,0,2.0
4988.5,2025-12-04T11:08:30+00:00,LOCO_01,COUPLING_COMPLETED,retrofit,,,,SCREW,0,2.0
4988.5,2025-12-04T11:08:30+00:00,LOCO_01,SHUNTING_PREP,retrofit,,,,,0,1.0
4989.5,2025-12-04T11:09:30+00:00,LOCO_01,MOVING,WS_02,retrofit,WS_02,,,0,5.0
4994.5,2025-12-04T11:14:30+00:00,LOCO_01,DECOUPLING_STARTED,WS_02,,,,SCREW,0,3.0
4997.5,2025-12-04T11:17:30+00:00,LOCO_01,DECOUPLING_COMPLETED,WS_02,,,,SCREW,0,3.0
5000.5,2025-12-04T11:20:30+00:00,LOCO_01,MOVING,track_19,WS_02,track_19,,,0,7.0
5007.5,2025-12-04T11:27:30+00:00,LOCO_01,MOVING,retrofit,track_19,retrofit,,,0,5.0
5012.5,2025-12-04T11:32:30+00:00,LOCO_01,COUPLING_STARTED,retrofit,,,,SCREW,0,2.0
5014.5,2025-12-04T11:34:30+00:00,LOCO_01,COUPLING_COMPLETED,retrofit,,,,SCREW,0,2.0
5014.5,2025-12-04T11:34:30+00:00,LOCO_01,SHUNTING_PREP,retrofit,,,,,0,1.0
5015.5,2025-12-04T11:35:30+00:00,LOCO_01,MOVING,WS_01,retrofit,WS_01,,,0,5.0
5020.5,2025-12-04T11:40:30+00:00,LOCO_01,DECOUPLING_STARTED,WS_01,,,,SCREW,0,3.0
5023.5,2025-12-04T11:43:30+00:00,LOCO_01,DECOUPLING_COMPLETED,WS_01,,,,SCREW,0,3.0
5026.5,2025-12-04T11:46:30+00:00,LOCO_01,MOVING,track_19,WS_01,track_19,,,0,34.5
5061.0,2025-12-04T12:21:00+00:00,LOCO_01,MOVING,WS_02,track_19,WS_02,,,0,5.0
5066.0,2025-12-04T12:26:00+00:00,LOCO_01,RAKE_COUPLING_STARTED,WS_02,,,,DAC,2,0.5
5066.5,2025-12-04T12:26:30+00:00,LOCO_01,RAKE_COUPLING_COMPLETED,WS_02,,,,DAC,2,0.5
5066.5,2025-12-04T12:26:30+00:00,LOCO_01,LOCO_COUPLING_STARTED,WS_02,,,,DAC,2,0.5
5067.0,2025-12-04T12:27:00+00:00,LOCO_01,LOCO_COUPLING_COMPLETED,WS_02,,,,DAC,2,0.5
5067.0,2025-12-04T12:27:00+00:00,LOCO_01,SHUNTING_PREP,WS_02,,,,,2,1.0
5068.0,2025-12-04T12:28:00+00:00,LOCO_01,MOVING,retrofitted,WS_02,retrofitted,,,0,5.0
5073.0,2025-12-04T12:33:00+00:00,LOCO_01,MOVING,track_19,retrofitted,track_19,,,0,7.0
5080.0,2025-12-04T12:40:00+00:00,LOCO_01,MOVING,retrofit,track_19,retrofit,,,0,5.0
5085.0,2025-12-04T12:45:00+00:00,LOCO_01,COUPLING_STARTED,retrofit,,,,SCREW,0,2.0
5087.0,2025-12-04T12:47:00+00:00,LOCO_01,COUPLING_COMPLETED,retrofit,,,,SCREW,0,2.0
5087.0,2025-12-04T12:47:00+00:00,LOCO_01,SHUNTING_PREP,retrofit,,,,,0,1.0
5088.0,2025-12-04T12:48:00+00:00,LOCO_01,MOVING,WS_02,retrofit,WS_02,,,0,5.0
5093.0,2025-12-04T12:53:00+00:00,LOCO_01,DECOUPLING_STARTED,WS_02,,,,SCREW,0,3.0
5096.0,2025-12-04T12:56:00+00:00,LOCO_01,DECOUPLING_COMPLETED,WS_02,,,,SCREW,0,3.0
5099.0,2025-12-04T12:59:00+00:00,LOCO_01,MOVING,track_19,WS_02,track_19,,,0,5.0
5104.0,2025-12-04T13:04:00+00:00,LOCO_01,MOVING,WS_01,track_19,WS_01,,,0,5.0
5109.0,2025-12-04T13:09:00+00:00,LOCO_01,RAKE_COUPLING_STARTED,WS_01,,,,DAC,2,0.5
5109.5,2025-12-04T13:09:30+00:00,LOCO_01,RAKE_COUPLING_COMPLETED,WS_01,,,,DAC,2,0.5
5109.5,2025-12-04T13:09:30+00:00,LOCO_01,LOCO_COUPLING_STARTED,WS_01,,,,DAC,2,0.5
5110.0,2025-12-04T13:10:00+00:00,LOCO_01,LOCO_COUPLING_COMPLETED,WS_01,,,,DAC,2,0.5
5110.0,2025-12-04T13:10:00+00:00,LOCO_01,SHUNTING_PREP,WS_01,,,,,2,1.0
5111.0,2025-12-04T13:11:00+00:00,LOCO_01,MOVING,retrofitted,WS_01,retrofitted,,,0,5.0
5116.0,2025-12-04T13:16:00+00:00,LOCO_01,MOVING,track_19,retrofitted,track_19,,,0,7.0
5123.0,2025-12-04T13:23:00+00:00,LOCO_01,MOVING,retrofit,track_19,retrofit,,,0,5.0
5128.0,2025-12-04T13:28:00+00:00,LOCO_01,COUPLING_STARTED,retrofit,,,,SCREW,0,2.0
5130.0,2025-12-04T13:30:00+00:00,LOCO_01,COUPLING_COMPLETED,retrofit,,,,SCREW,0,2.0
5130.0,2025-12-04T13:30:00+00:00,LOCO_01,SHUNTING_PREP,retrofit,,,,,0,1.0
5131.0,2025-12-04T13:31:00+00:00,LOCO_01,MOVING,WS_01,retrofit,WS_01,,,0,5.0
5136.0,2025-12-04T13:36:00+00:00,LOCO_01,DECOUPLING_STARTED,WS_01,,,,SCREW,0,3.0
5139.0,2025-12-04T13:39:00+00:00,LOCO_01,DECOUPLING_COMPLETED,WS_01,,,,SCREW,0,3.0
5142.0,2025-12-04T13:42:00+00:00,LOCO_01,MOVING,track_19,WS_01,track_19,,,0,5.0
5147.0,2025-12-04T13:47:00+00:00,LOCO_01,MOVING,collection1,track_19,collection1,,,0,60.0
5207.0,2025-12-04T14:47:00+00:00,LOCO_01,ALLOCATED,,,,batch_transport,,0,0.0
5207.0,2025-12-04T14:47:00+00:00,LOCO_01,RAKE_COUPLING_STARTED,collection1,,,,SCREW,8,14.0
5221.0,2025-12-04T15:01:00+00:00,LOCO_01,RAKE_COUPLING_COMPLETED,collection1,,,,SCREW,8,14.0
5221.0,2025-12-04T15:01:00+00:00,LOCO_01,LOCO_COUPLING_STARTED,collection1,,,,SCREW,8,2.0
5223.0,2025-12-04T15:03:00+00:00,LOCO_01,LOCO_COUPLING_COMPLETED,collection1,,,,SCREW,8,2.0
5223.0,2025-12-04T15:03:00+00:00,LOCO_01,SHUNTING_PREP,collection1,,,,,8,1.0
5224.0,2025-12-04T15:04:00+00:00,LOCO_01,MOVING,retrofit,collection1,retrofit,,,0,60.0
5284.0,2025-12-04T16:04:00+00:00,LOCO_01,LOCO_DECOUPLING_STARTED,retrofit,,,,SCREW,8,3.0
5287.0,2025-12-04T16:07:00+00:00,LOCO_01,LOCO_DECOUPLING_COMPLETED,retrofit,,,,SCREW,8,3.0
5287.0,2025-12-04T16:07:00+00:00,LOCO_01,RAKE_DECOUPLING_STARTED,retrofit,,,,SCREW,8,21.0
5308.0,2025-12-04T16:28:00+00:00,LOCO_01,RAKE_DECOUPLING_COMPLETED,retrofit,,,,SCREW,8,21.0
5329.0,2025-12-04T16:49:00+00:00,LOCO_01,MOVING,track_19,retrofit,track_19,,,0,5.0
5334.0,2025-12-04T16:54:00+00:00,LOCO_01,PARKING,,,,,,0,2.0
5336.0,2025-12-04T16:56:00+00:00,LOCO_01,MOVING,retrofit,track_19,retrofit,,,0,5.0
5341.0,2025-12-04T17:01:00+00:00,LOCO_01,COUPLING_STARTED,retrofit,,,,SCREW,0,2.0
5343.0,2025-12-04T17:03:00+00:00,LOCO_01,COUPLING_COMPLETED,retrofit,,,,SCREW,0,2.0
5343.0,2025-12-04T17:03:00+00:00,LOCO_01,SHUNTING_PREP,retrofit,,,,,0,1.0
5344.0,2025-12-04T17:04:00+00:00,LOCO_01,MOVING,WS_02,retrofit,WS_02,,,0,5.0
5349.0,2025-12-04T17:09:00+00:00,LOCO_01,DECOUPLING_STARTED,WS_02,,,,SCREW,0,3.0
5352.0,2025-12-04T17:12:00+00:00,LOCO_01,DECOUPLING_COMPLETED,WS_02,,,,SCREW,0,3.0
5355.0,2025-12-04T17:15:00+00:00,LOCO_01,MOVING,track_19,WS_02,track_19,,,0,7.0
5362.0,2025-12-04T17:22:00+00:00,LOCO_01,MOVING,retrofit,track_19,retrofit,,,0,5.0
5367.0,2025-12-04T17:27:00+00:00,LOCO_01,COUPLING_STARTED,retrofit,,,,SCREW,0,2.0
5369.0,2025-12-04T17:29:00+00:00,LOCO_01,COUPLING_COMPLETED,retrofit,,,,SCREW,0,2.0
5369.0,2025-12-04T17:29:00+00:00,LOCO_01,SHUNTING_PREP,retrofit,,,,,0,1.0
5370.0,2025-12-04T17:30:00+00:00,LOCO_01,MOVING,WS_01,retrofit,WS_01,,,0,5.0
5375.0,2025-12-04T17:35:00+00:00,LOCO_01,DECOUPLING_STARTED,WS_01,,,,SCREW,0,3.0
5378.0,2025-12-04T17:38:00+00:00,LOCO_01,DECOUPLING_COMPLETED,WS_01,,,,SCREW,0,3.0
5381.0,2025-12-04T17:41:00+00:00,LOCO_01,MOVING,track_19,WS_01,track_19,,,0,34.5
5415.5,2025-12-04T18:15:30+00:00,LOCO_01,MOVING,WS_02,track_19,WS_02,,,0,5.0
5420.5,2025-12-04T18:20:30+00:00,LOCO_01,RAKE_COUPLING_STARTED,WS_02,,,,DAC,2,0.5
5421.0,2025-12-04T18:21:00+00:00,LOCO_01,RAKE_COUPLING_COMPLETED,WS_02,,,,DAC,2,0.5
5421.0,2025-12-04T18:21:00+00:00,LOCO_01,LOCO_COUPLING_STARTED,WS_02,,,,DAC,2,0.5
5421.5,2025-12-04T18:21:30+00:00,LOCO_01,LOCO_COUPLING_COMPLETED,WS_02,,,,DAC,2,0.5
5421.5,2025-12-04T18:21:30+00:00,LOCO_01,SHUNTING_PREP,WS_02,,,,,2,1.0
5422.5,2025-12-04T18:22:30+00:00,LOCO_01,MOVING,retrofitted,WS_02,retrofitted,,,0,5.0
5427.5,2025-12-04T18:27:30+00:00,LOCO_01,MOVING,track_19,retrofitted,track_19,,,0,7.0
5434.5,2025-12-04T18:34:30+00:00,LOCO_01,MOVING,retrofit,track_19,retrofit,,,0,5.0
5439.5,2025-12-04T18:39:30+00:00,LOCO_01,COUPLING_STARTED,retrofit,,,,SCREW,0,2.0
5441.5,2025-12-04T18:41:30+00:00,LOCO_01,COUPLING_COMPLETED,retrofit,,,,SCREW,0,2.0
5441.5,2025-12-04T18:41:30+00:00,LOCO_01,SHUNTING_PREP,retrofit,,,,,0,1.0
5442.5,2025-12-04T18:42:30+00:00,LOCO_01,MOVING,WS_02,retrofit,WS_02,,,0,5.0
5447.5,2025-12-04T18:47:30+00:00,LOCO_01,DECOUPLING_STARTED,WS_02,,,,SCREW,0,3.0
5450.5,2025-12-04T18:50:30+00:00,LOCO_01,DECOUPLING_COMPLETED,WS_02,,,,SCREW,0,3.0
5453.5,2025-12-04T18:53:30+00:00,LOCO_01,MOVING,track_19,WS_02,track_19,,,0,5.0
5458.5,2025-12-04T18:58:30+00:00,LOCO_01,MOVING,WS_01,track_19,WS_01,,,0,5.0
5463.5,2025-12-04T19:03:30+00:00,LOCO_01,RAKE_COUPLING_STARTED,WS_01,,,,DAC,2,0.5
5464.0,2025-12-04T19:04:00+00:00,LOCO_01,RAKE_COUPLING_COMPLETED,WS_01,,,,DAC,2,0.5
5464.0,2025-12-04T19:04:00+00:00,LOCO_01,LOCO_COUPLING_STARTED,WS_01,,,,DAC,2,0.5
5464.5,2025-12-04T19:04:30+00:00,LOCO_01,LOCO_COUPLING_COMPLETED,WS_01,,,,DAC,2,0.5
5464.5,2025-12-04T19:04:30+00:00,LOCO_01,SHUNTING_PREP,WS_01,,,,,2,1.0
5465.5,2025-12-04T19:05:30+00:00,LOCO_01,MOVING,retrofitted,WS_01,retrofitted,,,0,5.0
5470.5,2025-12-04T19:10:30+00:00,LOCO_01,MOVING,track_19,retrofitted,track_19,,,0,7.0
5477.5,2025-12-04T19:17:30+00:00,LOCO_01,MOVING,retrofit,track_19,retrofit,,,0,5.0
5482.5,2025-12-04T19:22:30+00:00,LOCO_01,COUPLING_STARTED,retrofit,,,,SCREW,0,2.0
5484.5,2025-12-04T19:24:30+00:00,LOCO_01,COUPLING_COMPLETED,retrofit,,,,SCREW,0,2.0
5484.5,2025-12-04T19:24:30+00:00,LOCO_01,SHUNTING_PREP,retrofit,,,,,0,1.0
5485.5,2025-12-04T19:25:30+00:00,LOCO_01,MOVING,WS_01,retrofit,WS_01,,,0,5.0
5490.5,2025-12-04T19:30:30+00:00,LOCO_01,DECOUPLING_STARTED,WS_01,,,,SCREW,0,3.0
5493.5,2025-12-04T19:33:30+00:00,LOCO_01,DECOUPLING_COMPLETED,WS_01,,,,SCREW,0,3.0
5496.5,2025-12-04T19:36:30+00:00,LOCO_01,MOVING,track_19,WS_01,track_19,,,0,5.0
5501.5,2025-12-04T19:41:30+00:00,LOCO_01,MOVING,collection2,track_19,collection2,,,0,60.0
5561.5,2025-12-04T20:41:30+00:00,LOCO_01,ALLOCATED,,,,batch_transport,,0,0.0
5561.5,2025-12-04T20:41:30+00:00,LOCO_01,RAKE_COUPLING_STARTED,collection2,,,,SCREW,4,6.0
5567.5,2025-12-04T20:47:30+00:00,LOCO_01,RAKE_COUPLING_COMPLETED,collection2,,,,SCREW,4,6.0
5567.5,2025-12-04T20:47:30+00:00,LOCO_01,LOCO_COUPLING_STARTED,collection2,,,,SCREW,4,2.0
5569.5,2025-12-04T20:49:30+00:00,LOCO_01,LOCO_COUPLING_COMPLETED,collection2,,,,SCREW,4,2.0
5569.5,2025-12-04T20:49:30+00:00,LOCO_01,SHUNTING_PREP,collection2,,,,,4,1.0
5570.5,2025-12-04T20:50:30+00:00,LOCO_01,MOVING,retrofit,collection2,retrofit,,,0,60.0
5630.5,2025-12-04T21:50:30+00:00,LOCO_01,LOCO_DECOUPLING_STARTED,retrofit,,,,SCREW,4,3.0
5633.5,2025-12-04T21:53:30+00:00,LOCO_01,LOCO_DECOUPLING_COMPLETED,retrofit,,,,SCREW,4,3.0
5633.5,2025-12-04T21:53:30+00:00,LOCO_01,RAKE_DECOUPLING_STARTED,retrofit,,,,SCREW,4,9.0
5642.5,2025-12-04T22:02:30+00:00,LOCO_01,RAKE_DECOUPLING_COMPLETED,retrofit,,,,SCREW,4,9.0
5651.5,2025-12-04T22:11:30+00:00,LOCO_01,MOVING,track_19,retrofit,track_19,,,0,5.0
5656.5,2025-12-04T22:16:30+00:00,LOCO_01,PARKING,,,,,,0,0.0
5656.5,2025-12-04T22:16:30+00:00,LOCO_01,ALLOCATED,,,,batch_transport,,0,0.0
5656.5,2025-12-04T22:16:30+00:00,LOCO_01,MOVING,retrofitted,track_19,retrofitted,,,0,5.0
5661.5,2025-12-04T22:21:30+00:00,LOCO_01,RAKE_COUPLING_STARTED,retrofitted,,,,DAC,8,3.5
5665.0,2025-12-04T22:25:00+00:00,LOCO_01,RAKE_COUPLING_COMPLETED,retrofitted,,,,DAC,8,3.5
5665.0,2025-12-04T22:25:00+00:00,LOCO_01,LOCO_COUPLING_STARTED,retrofitted,,,,DAC,8,0.5
5665.5,2025-12-04T22:25:30+00:00,LOCO_01,LOCO_COUPLING_COMPLETED,retrofitted,,,,DAC,8,0.5
5665.5,2025-12-04T22:25:30+00:00,LOCO_01,SHUNTING_PREP,retrofitted,,,,,8,1.0
5666.5,2025-12-04T22:26:30+00:00,LOCO_01,MOVING,parking1,retrofitted,parking1,,,0,5.0
5671.5,2025-12-04T22:31:30+00:00,LOCO_01,LOCO_DECOUPLING_STARTED,parking1,,,,DAC,8,0.5
5672.0,2025-12-04T22:32:00+00:00,LOCO_01,LOCO_DECOUPLING_COMPLETED,parking1,,,,DAC,8,0.5
5672.0,2025-12-04T22:32:00+00:00,LOCO_01,RAKE_DECOUPLING_STARTED,parking1,,,,DAC,8,3.5
5675.5,2025-12-04T22:35:30+00:00,LOCO_01,RAKE_DECOUPLING_COMPLETED,parking1,,,,DAC,8,3.5
5679.0,2025-12-04T22:39:00+00:00,LOCO_01,MOVING,track_19,parking1,track_19,,,0,5.0
5684.0,2025-12-04T22:44:00+00:00,LOCO_01,MOVING,WS_02,track_19,WS_02,,,0,5.0
5689.0,2025-12-04T22:49:00+00:00,LOCO_01,RAKE_COUPLING_STARTED,WS_02,,,,DAC,2,0.5
5689.5,2025-12-04T22:49:30+00:00,LOCO_01,RAKE_COUPLING_COMPLETED,WS_02,,,,DAC,2,0.5
5689.5,2025-12-04T22:49:30+00:00,LOCO_01,LOCO_COUPLING_STARTED,WS_02,,,,DAC,2,0.5
5690.0,2025-12-04T22:50:00+00:00,LOCO_01,LOCO_COUPLING_COMPLETED,WS_02,,,,DAC,2,0.5
5690.0,2025-12-04T22:50:00+00:00,LOCO_01,SHUNTING_PREP,WS_02,,,,,2,1.0
5691.0,2025-12-04T22:51:00+00:00,LOCO_01,MOVING,retrofitted,WS_02,retrofitted,,,0,5.0
5696.0,2025-12-04T22:56:00+00:00,LOCO_01,MOVING,track_19,retrofitted,track_19,,,0,5.0
5701.0,2025-12-04T23:01:00+00:00,LOCO_01,MOVING,WS_01,track_19,WS_01,,,0,5.0
5706.0,2025-12-04T23:06:00+00:00,LOCO_01,RAKE_COUPLING_STARTED,WS_01,,,,DAC,2,0.5
5706.5,2025-12-04T23:06:30+00:00,LOCO_01,RAKE_COUPLING_COMPLETED,WS_01,,,,DAC,2,0.5
5706.5,2025-12-04T23:06:30+00:00,LOCO_01,LOCO_COUPLING_STARTED,WS_01,,,,DAC,2,0.5
5707.0,2025-12-04T23:07:00+00:00,LOCO_01,LOCO_COUPLING_COMPLETED,WS_01,,,,DAC,2,0.5
5707.0,2025-12-04T23:07:00+00:00,LOCO_01,SHUNTING_PREP,WS_01,,,,,2,1.0
5708.0,2025-12-04T23:08:00+00:00,LOCO_01,MOVING,retrofitted,WS_01,retrofitted,,,0,5.0
5713.0,2025-12-04T23:13:00+00:00,LOCO_01,MOVING,track_19,retrofitted,track_19,,,0,7.0
5720.0,2025-12-04T23:20:00+00:00,LOCO_01,MOVING,retrofit,track_19,retrofit,,,0,5.0
5725.0,2025-12-04T23:25:00+00:00,LOCO_01,COUPLING_STARTED,retrofit,,,,SCREW,0,2.0
5727.0,2025-12-04T23:27:00+00:00,LOCO_01,COUPLING_COMPLETED,retrofit,,,,SCREW,0,2.0
5727.0,2025-12-04T23:27:00+00:00,LOCO_01,SHUNTING_PREP,retrofit,,,,,0,1.0
5728.0,2025-12-04T23:28:00+00:00,LOCO_01,MOVING,WS_02,retrofit,WS_02,,,0,5.0
5733.0,2025-12-04T23:33:00+00:00,LOCO_01,DECOUPLING_STARTED,WS_02,,,,SCREW,0,3.0
5736.0,2025-12-04T23:36:00+00:00,LOCO_01,DECOUPLING_COMPLETED,WS_02,,,,SCREW,0,3.0
5739.0,2025-12-04T23:39:00+00:00,LOCO_01,MOVING,track_19,WS_02,track_19,,,0,7.0
5746.0,2025-12-04T23:46:00+00:00,LOCO_01,MOVING,retrofit,track_19,retrofit,,,0,5.0
5751.0,2025-12-04T23:51:00+00:00,LOCO_01,COUPLING_STARTED,retrofit,,,,SCREW,0,2.0
5753.0,2025-12-04T23:53:00+00:00,LOCO_01,COUPLING_COMPLETED,retrofit,,,,SCREW,0,2.0
5753.0,2025-12-04T23:53:00+00:00,LOCO_01,SHUNTING_PREP,retrofit,,,,,0,1.0
5754.0,2025-12-04T23:54:00+00:00,LOCO_01,MOVING,WS_01,retrofit,WS_01,,,0,5.0
5759.0,2025-12-04T23:59:00+00:00,LOCO_01,DECOUPLING_STARTED,WS_01,,,,SCREW,0,3.0
5762.0,2025-12-05T00:02:00+00:00,LOCO_01,DECOUPLING_COMPLETED,WS_01,,,,SCREW,0,3.0
5765.0,2025-12-05T00:05:00+00:00,LOCO_01,MOVING,track_19,WS_01,track_19,,,0,5.0
5770.0,2025-12-05T00:10:00+00:00,LOCO_01,ALLOCATED,,,,batch_transport,,0,0.0
5770.0,2025-12-05T00:10:00+00:00,LOCO_01,MOVING,retrofitted,track_19,retrofitted,,,0,5.0
5775.0,2025-12-05T00:15:00+00:00,LOCO_01,RAKE_COUPLING_STARTED,retrofitted,,,,DAC,4,1.5
5776.5,2025-12-05T00:16:30+00:00,LOCO_01,RAKE_COUPLING_COMPLETED,retrofitted,,,,DAC,4,1.5
5776.5,2025-12-05T00:16:30+00:00,LOCO_01,LOCO_COUPLING_STARTED,retrofitted,,,,DAC,4,0.5
5777.0,2025-12-05T00:17:00+00:00,LOCO_01,LOCO_COUPLING_COMPLETED,retrofitted,,,,DAC,4,0.5
5777.0,2025-12-05T00:17:00+00:00,LOCO_01,SHUNTING_PREP,retrofitted,,,,,4,1.0
5778.0,2025-12-05T00:18:00+00:00,LOCO_01,MOVING,parking13,retrofitted,parking13,,,0,75.0
5853.0,2025-12-05T01:33:00+00:00,LOCO_01,LOCO_DECOUPLING_STARTED,parking13,,,,DAC,4,0.5
5853.5,2025-12-05T01:33:30+00:00,LOCO_01,LOCO_DECOUPLING_COMPLETED,parking13,,,,DAC,4,0.5
5853.5,2025-12-05T01:33:30+00:00,LOCO_01,RAKE_DECOUPLING_STARTED,parking13,,,,DAC,4,1.5
5855.0,2025-12-05T01:35:00+00:00,LOCO_01,RAKE_DECOUPLING_COMPLETED,parking13,,,,DAC,4,1.5
5856.5,2025-12-05T01:36:30+00:00,LOCO_01,MOVING,track_19,parking13,track_19,,,0,60.0
5916.5,2025-12-05T02:36:30+00:00,LOCO_01,MOVING,WS_02,track_19,WS_02,,,0,5.0
5921.5,2025-12-05T02:41:30+00:00,LOCO_01,RAKE_COUPLING_STARTED,WS_02,,,,DAC,2,0.5
5922.0,2025-12-05T02:42:00+00:00,LOCO_01,RAKE_COUPLING_COMPLETED,WS_02,,,,DAC,2,0.5
5922.0,2025-12-05T02:42:00+00:00,LOCO_01,LOCO_COUPLING_STARTED,WS_02,,,,DAC,2,0.5
5922.5,2025-12-05T02:42:30+00:00,LOCO_01,LOCO_COUPLING_COMPLETED,WS_02,,,,DAC,2,0.5
5922.5,2025-12-05T02:42:30+00:00,LOCO_01,SHUNTING_PREP,WS_02,,,,,2,1.0
5923.5,2025-12-05T02:43:30+00:00,LOCO_01,MOVING,retrofitted,WS_02,retrofitted,,,0,5.0
5928.5,2025-12-05T02:48:30+00:00,LOCO_01,MOVING,track_19,retrofitted,track_19,,,0,5.0
5933.5,2025-12-05T02:53:30+00:00,LOCO_01,MOVING,WS_01,track_19,WS_01,,,0,5.0
5938.5,2025-12-05T02:58:30+00:00,LOCO_01,RAKE_COUPLING_STARTED,WS_01,,,,DAC,2,0.5
5939.0,2025-12-05T02:59:00+00:00,LOCO_01,RAKE_COUPLING_COMPLETED,WS_01,,,,DAC,2,0.5
5939.0,2025-12-05T02:59:00+00:00,LOCO_01,LOCO_COUPLING_STARTED,WS_01,,,,DAC,2,0.5
5939.5,2025-12-05T02:59:30+00:00,LOCO_01,LOCO_COUPLING_COMPLETED,WS_01,,,,DAC,2,0.5
5939.5,2025-12-05T02:59:30+00:00,LOCO_01,SHUNTING_PREP,WS_01,,,,,2,1.0
5940.5,2025-12-05T03:00:30+00:00,LOCO_01,MOVING,retrofitted,WS_01,retrofitted,,,0,5.0
5945.5,2025-12-05T03:05:30+00:00,LOCO_01,MOVING,track_19,retrofitted,track_19,,,0,7.0
5952.5,2025-12-05T03:12:30+00:00,LOCO_01,MOVING,retrofit,track_19,retrofit,,,0,5.0
5957.5,2025-12-05T03:17:30+00:00,LOCO_01,COUPLING_STARTED,retrofit,,,,SCREW,0,2.0
5959.5,2025-12-05T03:19:30+00:00,LOCO_01,COUPLING_COMPLETED,retrofit,,,,SCREW,0,2.0
5959.5,2025-12-05T03:19:30+00:00,LOCO_01,SHUNTING_PREP,retrofit,,,,,0,1.0
5960.5,2025-12-05T03:20:30+00:00,LOCO_01,MOVING,WS_02,retrofit,WS_02,,,0,5.0
5965.5,2025-12-05T03:25:30+00:00,LOCO_01,DECOUPLING_STARTED,WS_02,,,,SCREW,0,3.0
5968.5,2025-12-05T03:28:30+00:00,LOCO_01,DECOUPLING_COMPLETED,WS_02,,,,SCREW,0,3.0
5971.5,2025-12-05T03:31:30+00:00,LOCO_01,MOVING,track_19,WS_02,track_19,,,0,5.0
5976.5,2025-12-05T03:36:30+00:00,LOCO_01,ALLOCATED,,,,batch_transport,,0,0.0
5976.5,2025-12-05T03:36:30+00:00,LOCO_01,MOVING,retrofitted,track_19,retrofitted,,,0,5.0
5981.5,2025-12-05T03:41:30+00:00,LOCO_01,RAKE_COUPLING_STARTED,retrofitted,,,,DAC,4,1.5
5983.0,2025-12-05T03:43:00+00:00,LOCO_01,RAKE_COUPLING_COMPLETED,retrofitted,,,,DAC,4,1.5
5983.0,2025-12-05T03:43:00+00:00,LOCO_01,LOCO_COUPLING_STARTED,retrofitted,,,,DAC,4,0.5
5983.5,2025-12-05T03:43:30+00:00,LOCO_01,LOCO_COUPLING_COMPLETED,retrofitted,,,,DAC,4,0.5
5983.5,2025-12-05T03:43:30+00:00,LOCO_01,SHUNTING_PREP,retrofitted,,,,,4,1.0
5984.5,2025-12-05T03:44:30+00:00,LOCO_01,MOVING,parking12,retrofitted,parking12,,,0,60.0
6044.5,2025-12-05T04:44:30+00:00,LOCO_01,LOCO_DECOUPLING_STARTED,parking12,,,,DAC,4,0.5
6045.0,2025-12-05T04:45:00+00:00,LOCO_01,LOCO_DECOUPLING_COMPLETED,parking12,,,,DAC,4,0.5
6045.0,2025-12-05T04:45:00+00:00,LOCO_01,RAKE_DECOUPLING_STARTED,parking12,,,,DAC,4,1.5
6046.5,2025-12-05T04:46:30+00:00,LOCO_01,RAKE_DECOUPLING_COMPLETED,parking12,,,,DAC,4,1.5
6048.0,2025-12-05T04:48:00+00:00,LOCO_01,MOVING,track_19,parking12,track_19,,,0,60.0
6108.0,2025-12-05T05:48:00+00:00,LOCO_01,MOVING,collection1,track_19,collection1,,,0,60.0
6168.0,2025-12-05T06:48:00+00:00,LOCO_01,ALLOCATED,,,,batch_transport,,0,0.0
6168.0,2025-12-05T06:48:00+00:00,LOCO_01,RAKE_COUPLING_STARTED,collection1,,,,SCREW,3,4.0
6172.0,2025-12-05T06:52:00+00:00,LOCO_01,RAKE_COUPLING_COMPLETED,collection1,,,,SCREW,3,4.0
6172.0,2025-12-05T06:52:00+00:00,LOCO_01,LOCO_COUPLING_STARTED,collection1,,,,SCREW,3,2.0
6174.0,2025-12-05T06:54:00+00:00,LOCO_01,LOCO_COUPLING_COMPLETED,collection1,,,,SCREW,3,2.0
6174.0,2025-12-05T06:54:00+00:00,LOCO_01,SHUNTING_PREP,collection1,,,,,3,1.0
6175.0,2025-12-05T06:55:00+00:00,LOCO_01,MOVING,retrofit,collection1,retrofit,,,0,60.0
6235.0,2025-12-05T07:55:00+00:00,LOCO_01,LOCO_DECOUPLING_STARTED,retrofit,,,,SCREW,3,3.0
6238.0,2025-12-05T07:58:00+00:00,LOCO_01,LOCO_DECOUPLING_COMPLETED,retrofit,,,,SCREW,3,3.0
6238.0,2025-12-05T07:58:00+00:00,LOCO_01,RAKE_DECOUPLING_STARTED,retrofit,,,,SCREW,3,6.0
6244.0,2025-12-05T08:04:00+00:00,LOCO_01,RAKE_DECOUPLING_COMPLETED,retrofit,,,,SCREW,3,6.0
6250.0,2025-12-05T08:10:00+00:00,LOCO_01,MOVING,track_19,retrofit,track_19,,,0,5.0
6255.0,2025-12-05T08:15:00+00:00,LOCO_01,PARKING,,,,,,0,0.0
6255.0,2025-12-05T08:15:00+00:00,LOCO_01,MOVING,WS_02,track_19,WS_02,,,0,5.0
6260.0,2025-12-05T08:20:00+00:00,LOCO_01,RAKE_COUPLING_STARTED,WS_02,,,,DAC,2,0.5
6260.5,2025-12-05T08:20:30+00:00,LOCO_01,RAKE_COUPLING_COMPLETED,WS_02,,,,DAC,2,0.5
6260.5,2025-12-05T08:20:30+00:00,LOCO_01,LOCO_COUPLING_STARTED,WS_02,,,,DAC,2,0.5
6261.0,2025-12-05T08:21:00+00:00,LOCO_01,LOCO_COUPLING_COMPLETED,WS_02,,,,DAC,2,0.5
6261.0,2025-12-05T08:21:00+00:00,LOCO_01,SHUNTING_PREP,WS_02,,,,,2,1.0
6262.0,2025-12-05T08:22:00+00:00,LOCO_01,MOVING,retrofitted,WS_02,retrofitted,,,0,5.0
6267.0,2025-12-05T08:27:00+00:00,LOCO_01,MOVING,track_19,retrofitted,track_19,,,0,5.0
6272.0,2025-12-05T08:32:00+00:00,LOCO_01,MOVING,WS_01,track_19,WS_01,,,0,5.0
6277.0,2025-12-05T08:37:00+00:00,LOCO_01,RAKE_COUPLING_STARTED,WS_01,,,,DAC,2,0.5
6277.5,2025-12-05T08:37:30+00:00,LOCO_01,RAKE_COUPLING_COMPLETED,WS_01,,,,DAC,2,0.5
6277.5,2025-12-05T08:37:30+00:00,LOCO_01,LOCO_COUPLING_STARTED,WS_01,,,,DAC,2,0.5
6278.0,2025-12-05T08:38:00+00:00,LOCO_01,LOCO_COUPLING_COMPLETED,WS_01,,,,DAC,2,0.5
6278.0,2025-12-05T08:38:00+00:00,LOCO_01,SHUNTING_PREP,WS_01,,,,,2,1.0
6279.0,2025-12-05T08:39:00+00:00,LOCO_01,MOVING,retrofitted,WS_01,retrofitted,,,0,5.0
6284.0,2025-12-05T08:44:00+00:00,LOCO_01,MOVING,track_19,retrofitted,track_19,,,0,5.0
6289.0,2025-12-05T08:49:00+00:00,LOCO_01,ALLOCATED,,,,batch_transport,,0,0.0
6289.0,2025-12-05T08:49:00+00:00,LOCO_01,MOVING,retrofitted,track_19,retrofitted,,,0,5.0
6294.0,2025-12-05T08:54:00+00:00,LOCO_01,RAKE_COUPLING_STARTED,retrofitted,,,,DAC,8,3.5
6297.5,2025-12-05T08:57:30+00:00,LOCO_01,RAKE_COUPLING_COMPLETED,retrofitted,,,,DAC,8,3.5
6297.5,2025-12-05T08:57:30+00:00,LOCO_01,LOCO_COUPLING_STARTED,retrofitted,,,,DAC,8,0.5
6298.0,2025-12-05T08:58:00+00:00,LOCO_01,LOCO_COUPLING_COMPLETED,retrofitted,,,,DAC,8,0.5
6298.0,2025-12-05T08:58:00+00:00,LOCO_01,SHUNTING_PREP,retrofitted,,,,,8,1.0
6299.0,2025-12-05T08:59:00+00:00,LOCO_01,MOVING,parking10,retrofitted,parking10,,,0,60.0
6359.0,2025-12-05T09:59:00+00:00,LOCO_01,LOCO_DECOUPLING_STARTED,parking10,,,,DAC,8,0.5
6359.5,2025-12-05T09:59:30+00:00,LOCO_01,LOCO_DECOUPLING_COMPLETED,parking10,,,,DAC,8,0.5
6359.5,2025-12-05T09:59:30+00:00,LOCO_01,RAKE_DECOUPLING_STARTED,parking10,,,,DAC,8,3.5
6363.0,2025-12-05T10:03:00+00:00,LOCO_01,RAKE_DECOUPLING_COMPLETED,parking10,,,,DAC,8,3.5
6366.5,2025-12-05T10:06:30+00:00,LOCO_01,MOVING,track_19,parking10,track_19,,,0,62.0
6428.5,2025-12-05T11:08:30+00:00,LOCO_01,MOVING,retrofit,track_19,retrofit,,,0,5.0
6433.5,2025-12-05T11:13:30+00:00,LOCO_01,COUPLING_STARTED,retrofit,,,,SCREW,0,2.0
6435.5,2025-12-05T11:15:30+00:00,LOCO_01,COUPLING_COMPLETED,retrofit,,,,SCREW,0,2.0
6435.5,2025-12-05T11:15:30+00:00,LOCO_01,SHUNTING_PREP,retrofit,,,,,0,1.0
6436.5,2025-12-05T11:16:30+00:00,LOCO_01,MOVING,WS_01,retrofit,WS_01,,,0,5.0
6441.5,2025-12-05T11:21:30+00:00,LOCO_01,DECOUPLING_STARTED,WS_01,,,,SCREW,0,3.0
6444.5,2025-12-05T11:24:30+00:00,LOCO_01,DECOUPLING_COMPLETED,WS_01,,,,SCREW,0,3.0
6447.5,2025-12-05T11:27:30+00:00,LOCO_01,MOVING,track_19,WS_01,track_19,,,0,5.0
6452.5,2025-12-05T11:32:30+00:00,LOCO_01,MOVING,collection2,track_19,collection2,,,0,60.0
6512.5,2025-12-05T12:32:30+00:00,LOCO_01,ALLOCATED,,,,batch_transport,,0,0.0
6512.5,2025-12-05T12:32:30+00:00,LOCO_01,RAKE_COUPLING_STARTED,collection2,,,,SCREW,3,4.0
6516.5,2025-12-05T12:36:30+00:00,LOCO_01,RAKE_COUPLING_COMPLETED,collection2,,,,SCREW,3,4.0
6516.5,2025-12-05T12:36:30+00:00,LOCO_01,LOCO_COUPLING_STARTED,collection2,,,,SCREW,3,2.0
6518.5,2025-12-05T12:38:30+00:00,LOCO_01,LOCO_COUPLING_COMPLETED,collection2,,,,SCREW,3,2.0
6518.5,2025-12-05T12:38:30+00:00,LOCO_01,SHUNTING_PREP,collection2,,,,,3,1.0
6519.5,2025-12-05T12:39:30+00:00,LOCO_01,MOVING,retrofit,collection2,retrofit,,,0,60.0
6579.5,2025-12-05T13:39:30+00:00,LOCO_01,LOCO_DECOUPLING_STARTED,retrofit,,,,SCREW,3,3.0
6582.5,2025-12-05T13:42:30+00:00,LOCO_01,LOCO_DECOUPLING_COMPLETED,retrofit,,,,SCREW,3,3.0
6582.5,2025-12-05T13:42:30+00:00,LOCO_01,RAKE_DECOUPLING_STARTED,retrofit,,,,SCREW,3,6.0
6588.5,2025-12-05T13:48:30+00:00,LOCO_01,RAKE_DECOUPLING_COMPLETED,retrofit,,,,SCREW,3,6.0
6594.5,2025-12-05T13:54:30+00:00,LOCO_01,MOVING,track_19,retrofit,track_19,,,0,5.0
6599.5,2025-12-05T13:59:30+00:00,LOCO_01,PARKING,,,,,,0,2.0
6601.5,2025-12-05T14:01:30+00:00,LOCO_01,MOVING,retrofit,track_19,retrofit,,,0,5.0
6606.5,2025-12-05T14:06:30+00:00,LOCO_01,COUPLING_STARTED,retrofit,,,,SCREW,0,2.0
6608.5,2025-12-05T14:08:30+00:00,LOCO_01,COUPLING_COMPLETED,retrofit,,,,SCREW,0,2.0
6608.5,2025-12-05T14:08:30+00:00,LOCO_01,SHUNTING_PREP,retrofit,,,,,0,1.0
6609.5,2025-12-05T14:09:30+00:00,LOCO_01,MOVING,WS_02,retrofit,WS_02,,,0,5.0
6614.5,2025-12-05T14:14:30+00:00,LOCO_01,DECOUPLING_STARTED,WS_02,,,,SCREW,0,3.0
6617.5,2025-12-05T14:17:30+00:00,LOCO_01,DECOUPLING_COMPLETED,WS_02,,,,SCREW,0,3.0
6620.5,2025-12-05T14:20:30+00:00,LOCO_01,MOVING,track_19,WS_02,track_19,,,0,7.0
6627.5,2025-12-05T14:27:30+00:00,LOCO_01,MOVING,retrofit,track_19,retrofit,,,0,5.0
6632.5,2025-12-05T14:32:30+00:00,LOCO_01,COUPLING_STARTED,retrofit,,,,SCREW,0,2.0
6634.5,2025-12-05T14:34:30+00:00,LOCO_01,COUPLING_COMPLETED,retrofit,,,,SCREW,0,2.0
6634.5,2025-12-05T14:34:30+00:00,LOCO_01,SHUNTING_PREP,retrofit,,,,,0,1.0
6635.5,2025-12-05T14:35:30+00:00,LOCO_01,MOVING,WS_01,retrofit,WS_01,,,0,5.0
6640.5,2025-12-05T14:40:30+00:00,LOCO_01,DECOUPLING_STARTED,WS_01,,,,SCREW,0,3.0
6643.5,2025-12-05T14:43:30+00:00,LOCO_01,DECOUPLING_COMPLETED,WS_01,,,,SCREW,0,3.0
6646.5,2025-12-05T14:46:30+00:00,LOCO_01,MOVING,track_19,WS_01,track_19,,,0,5.0
6651.5,2025-12-05T14:51:30+00:00,LOCO_01,MOVING,collection1,track_19,collection1,,,0,60.0
6711.5,2025-12-05T15:51:30+00:00,LOCO_01,ALLOCATED,,,,batch_transport,,0,0.0
6711.5,2025-12-05T15:51:30+00:00,LOCO_01,RAKE_COUPLING_STARTED,collection1,,,,SCREW,4,6.0
6717.5,2025-12-05T15:57:30+00:00,LOCO_01,RAKE_COUPLING_COMPLETED,collection1,,,,SCREW,4,6.0
6717.5,2025-12-05T15:57:30+00:00,LOCO_01,LOCO_COUPLING_STARTED,collection1,,,,SCREW,4,2.0
6719.5,2025-12-05T15:59:30+00:00,LOCO_01,LOCO_COUPLING_COMPLETED,collection1,,,,SCREW,4,2.0
6719.5,2025-12-05T15:59:30+00:00,LOCO_01,SHUNTING_PREP,collection1,,,,,4,1.0
6720.5,2025-12-05T16:00:30+00:00,LOCO_01,MOVING,retrofit,collection1,retrofit,,,0,60.0
6780.5,2025-12-05T17:00:30+00:00,LOCO_01,LOCO_DECOUPLING_STARTED,retrofit,,,,SCREW,4,3.0
6783.5,2025-12-05T17:03:30+00:00,LOCO_01,LOCO_DECOUPLING_COMPLETED,retrofit,,,,SCREW,4,3.0
6783.5,2025-12-05T17:03:30+00:00,LOCO_01,RAKE_DECOUPLING_STARTED,retrofit,,,,SCREW,4,9.0
6792.5,2025-12-05T17:12:30+00:00,LOCO_01,RAKE_DECOUPLING_COMPLETED,retrofit,,,,SCREW,4,9.0
6801.5,2025-12-05T17:21:30+00:00,LOCO_01,MOVING,track_19,retrofit,track_19,,,0,5.0
6806.5,2025-12-05T17:26:30+00:00,LOCO_01,PARKING,,,,,,0,2.0
6808.5,2025-12-05T17:28:30+00:00,LOCO_01,MOVING,retrofit,track_19,retrofit,,,0,5.0
6813.5,2025-12-05T17:33:30+00:00,LOCO_01,COUPLING_STARTED,retrofit,,,,SCREW,0,2.0
6815.5,2025-12-05T17:35:30+00:00,LOCO_01,COUPLING_COMPLETED,retrofit,,,,SCREW,0,2.0
6815.5,2025-12-05T17:35:30+00:00,LOCO_01,SHUNTING_PREP,retrofit,,,,,0,1.0
6816.5,2025-12-05T17:36:30+00:00,LOCO_01,MOVING,WS_01,retrofit,WS_01,,,0,5.0
6821.5,2025-12-05T17:41:30+00:00,LOCO_01,DECOUPLING_STARTED,WS_01,,,,SCREW,0,3.0
6824.5,2025-12-05T17:44:30+00:00,LOCO_01,DECOUPLING_COMPLETED,WS_01,,,,SCREW,0,3.0
6827.5,2025-12-05T17:47:30+00:00,LOCO_01,MOVING,track_19,WS_01,track_19,,,0,44.0
6871.5,2025-12-05T18:31:30+00:00,LOCO_01,MOVING,WS_02,track_19,WS_02,,,0,5.0
6876.5,2025-12-05T18:36:30+00:00,LOCO_01,RAKE_COUPLING_STARTED,WS_02,,,,DAC,2,0.5
6877.0,2025-12-05T18:37:00+00:00,LOCO_01,RAKE_COUPLING_COMPLETED,WS_02,,,,DAC,2,0.5
6877.0,2025-12-05T18:37:00+00:00,LOCO_01,LOCO_COUPLING_STARTED,WS_02,,,,DAC,2,0.5
6877.5,2025-12-05T18:37:30+00:00,LOCO_01,LOCO_COUPLING_COMPLETED,WS_02,,,,DAC,2,0.5
6877.5,2025-12-05T18:37:30+00:00,LOCO_01,SHUNTING_PREP,WS_02,,,,,2,1.0
6878.5,2025-12-05T18:38:30+00:00,LOCO_01,MOVING,retrofitted,WS_02,retrofitted,,,0,5.0
6883.5,2025-12-05T18:43:30+00:00,LOCO_01,MOVING,track_19,retrofitted,track_19,,,0,5.0
6888.5,2025-12-05T18:48:30+00:00,LOCO_01,MOVING,WS_01,track_19,WS_01,,,0,5.0
6893.5,2025-12-05T18:53:30+00:00,LOCO_01,RAKE_COUPLING_STARTED,WS_01,,,,DAC,2,0.5
6894.0,2025-12-05T18:54:00+00:00,LOCO_01,RAKE_COUPLING_COMPLETED,WS_01,,,,DAC,2,0.5
6894.0,2025-12-05T18:54:00+00:00,LOCO_01,LOCO_COUPLING_STARTED,WS_01,,,,DAC,2,0.5
6894.5,2025-12-05T18:54:30+00:00,LOCO_01,LOCO_COUPLING_COMPLETED,WS_01,,,,DAC,2,0.5
6894.5,2025-12-05T18:54:30+00:00,LOCO_01,SHUNTING_PREP,WS_01,,,,,2,1.0
6895.5,2025-12-05T18:55:30+00:00,LOCO_01,MOVING,retrofitted,WS_01,retrofitted,,,0,5.0
6900.5,2025-12-05T19:00:30+00:00,LOCO_01,MOVING,track_19,retrofitted,track_19,,,0,7.0
6907.5,2025-12-05T19:07:30+00:00,LOCO_01,MOVING,retrofit,track_19,retrofit,,,0,5.0
6912.5,2025-12-05T19:12:30+00:00,LOCO_01,COUPLING_STARTED,retrofit,,,,SCREW,0,2.0
6914.5,2025-12-05T19:14:30+00:00,LOCO_01,COUPLING_COMPLETED,retrofit,,,,SCREW,0,2.0
6914.5,2025-12-05T19:14:30+00:00,LOCO_01,SHUNTING_PREP,retrofit,,,,,0,1.0
6915.5,2025-12-05T19:15:30+00:00,LOCO_01,MOVING,WS_02,retrofit,WS_02,,,0,5.0
6920.5,2025-12-05T19:20:30+00:00,LOCO_01,DECOUPLING_STARTED,WS_02,,,,SCREW,0,3.0
6923.5,2025-12-05T19:23:30+00:00,LOCO_01,DECOUPLING_COMPLETED,WS_02,,,,SCREW,0,3.0
6926.5,2025-12-05T19:26:30+00:00,LOCO_01,MOVING,track_19,WS_02,track_19,,,0,7.0
6933.5,2025-12-05T19:33:30+00:00,LOCO_01,MOVING,retrofit,track_19,retrofit,,,0,5.0
6938.5,2025-12-05T19:38:30+00:00,LOCO_01,COUPLING_STARTED,retrofit,,,,SCREW,0,2.0
6940.5,2025-12-05T19:40:30+00:00,LOCO_01,COUPLING_COMPLETED,retrofit,,,,SCREW,0,2.0
6940.5,2025-12-05T19:40:30+00:00,LOCO_01,SHUNTING_PREP,retrofit,,,,,0,1.0
6941.5,2025-12-05T19:41:30+00:00,LOCO_01,MOVING,WS_01,retrofit,WS_01,,,0,5.0
6946.5,2025-12-05T19:46:30+00:00,LOCO_01,DECOUPLING_STARTED,WS_01,,,,SCREW,0,3.0
6949.5,2025-12-05T19:49:30+00:00,LOCO_01,DECOUPLING_COMPLETED,WS_01,,,,SCREW,0,3.0
6952.5,2025-12-05T19:52:30+00:00,LOCO_01,MOVING,track_19,WS_01,track_19,,,0,5.0
6957.5,2025-12-05T19:57:30+00:00,LOCO_01,MOVING,collection2,track_19,collection2,,,0,60.0
7017.5,2025-12-05T20:57:30+00:00,LOCO_01,ALLOCATED,,,,batch_transport,,0,0.0
7017.5,2025-12-05T20:57:30+00:00,LOCO_01,LOCO_COUPLING_STARTED,collection2,,,,SCREW,1,2.0
7019.5,2025-12-05T20:59:30+00:00,LOCO_01,LOCO_COUPLING_COMPLETED,collection2,,,,SCREW,1,2.0
7019.5,2025-12-05T20:59:30+00:00,LOCO_01,SHUNTING_PREP,collection2,,,,,1,1.0
7020.5,2025-12-05T21:00:30+00:00,LOCO_01,MOVING,retrofit,collection2,retrofit,,,0,60.0
7080.5,2025-12-05T22:00:30+00:00,LOCO_01,LOCO_DECOUPLING_STARTED,retrofit,,,,SCREW,1,3.0
7083.5,2025-12-05T22:03:30+00:00,LOCO_01,MOVING,track_19,retrofit,track_19,,,0,0.0
7083.5,2025-12-05T22:03:30+00:00,LOCO_01,LOCO_DECOUPLING_COMPLETED,retrofit,,,,SCREW,1,3.0
7088.5,2025-12-05T22:08:30+00:00,LOCO_01,PARKING,,,,,,0,0.0
7088.5,2025-12-05T22:08:30+00:00,LOCO_01,MOVING,WS_02,track_19,WS_02,,,0,5.0
7093.5,2025-12-05T22:13:30+00:00,LOCO_01,RAKE_COUPLING_STARTED,WS_02,,,,DAC,2,0.5
7094.0,2025-12-05T22:14:00+00:00,LOCO_01,RAKE_COUPLING_COMPLETED,WS_02,,,,DAC,2,0.5
7094.0,2025-12-05T22:14:00+00:00,LOCO_01,LOCO_COUPLING_STARTED,WS_02,,,,DAC,2,0.5
7094.5,2025-12-05T22:14:30+00:00,LOCO_01,LOCO_COUPLING_COMPLETED,WS_02,,,,DAC,2,0.5
7094.5,2025-12-05T22:14:30+00:00,LOCO_01,SHUNTING_PREP,WS_02,,,,,2,1.0
7095.5,2025-12-05T22:15:30+00:00,LOCO_01,MOVING,retrofitted,WS_02,retrofitted,,,0,5.0
7100.5,2025-12-05T22:20:30+00:00,LOCO_01,MOVING,track_19,retrofitted,track_19,,,0,5.0
7105.5,2025-12-05T22:25:30+00:00,LOCO_01,MOVING,WS_01,track_19,WS_01,,,0,5.0
7110.5,2025-12-05T22:30:30+00:00,LOCO_01,RAKE_COUPLING_STARTED,WS_01,,,,DAC,2,0.5
7111.0,2025-12-05T22:31:00+00:00,LOCO_01,RAKE_COUPLING_COMPLETED,WS_01,,,,DAC,2,0.5
7111.0,2025-12-05T22:31:00+00:00,LOCO_01,LOCO_COUPLING_STARTED,WS_01,,,,DAC,2,0.5
7111.5,2025-12-05T22:31:30+00:00,LOCO_01,LOCO_COUPLING_COMPLETED,WS_01,,,,DAC,2,0.5
7111.5,2025-12-05T22:31:30+00:00,LOCO_01,SHUNTING_PREP,WS_01,,,,,2,1.0
7112.5,2025-12-05T22:32:30+00:00,LOCO_01,MOVING,retrofitted,WS_01,retrofitted,,,0,5.0
7117.5,2025-12-05T22:37:30+00:00,LOCO_01,MOVING,track_19,retrofitted,track_19,,,0,7.0
7124.5,2025-12-05T22:44:30+00:00,LOCO_01,MOVING,retrofit,track_19,retrofit,,,0,5.0
7129.5,2025-12-05T22:49:30+00:00,LOCO_01,COUPLING_STARTED,retrofit,,,,SCREW,0,2.0
7131.5,2025-12-05T22:51:30+00:00,LOCO_01,COUPLING_COMPLETED,retrofit,,,,SCREW,0,2.0
7131.5,2025-12-05T22:51:30+00:00,LOCO_01,SHUNTING_PREP,retrofit,,,,,0,1.0
7132.5,2025-12-05T22:52:30+00:00,LOCO_01,MOVING,WS_02,retrofit,WS_02,,,0,5.0
7137.5,2025-12-05T22:57:30+00:00,LOCO_01,DECOUPLING_STARTED,WS_02,,,,SCREW,0,3.0
7140.5,2025-12-05T23:00:30+00:00,LOCO_01,DECOUPLING_COMPLETED,WS_02,,,,SCREW,0,3.0
7143.5,2025-12-05T23:03:30+00:00,LOCO_01,MOVING,track_19,WS_02,track_19,,,0,5.0
7148.5,2025-12-05T23:08:30+00:00,LOCO_01,ALLOCATED,,,,batch_transport,,0,0.0
7148.5,2025-12-05T23:08:30+00:00,LOCO_01,MOVING,retrofitted,track_19,retrofitted,,,0,5.0
7153.5,2025-12-05T23:13:30+00:00,LOCO_01,RAKE_COUPLING_STARTED,retrofitted,,,,DAC,8,3.5
7157.0,2025-12-05T23:17:00+00:00,LOCO_01,RAKE_COUPLING_COMPLETED,retrofitted,,,,DAC,8,3.5
7157.0,2025-12-05T23:17:00+00:00,LOCO_01,LOCO_COUPLING_STARTED,retrofitted,,,,DAC,8,0.5
7157.5,2025-12-05T23:17:30+00:00,LOCO_01,LOCO_COUPLING_COMPLETED,retrofitted,,,,DAC,8,0.5
7157.5,2025-12-05T23:17:30+00:00,LOCO_01,SHUNTING_PREP,retrofitted,,,,,8,1.0
7158.5,2025-12-05T23:18:30+00:00,LOCO_01,MOVING,parking13,retrofitted,parking13,,,0,75.0
7233.5,2025-12-06T00:33:30+00:00,LOCO_01,LOCO_DECOUPLING_STARTED,parking13,,,,DAC,8,0.5
7234.0,2025-12-06T00:34:00+00:00,LOCO_01,LOCO_DECOUPLING_COMPLETED,parking13,,,,DAC,8,0.5
7234.0,2025-12-06T00:34:00+00:00,LOCO_01,RAKE_DECOUPLING_STARTED,parking13,,,,DAC,8,3.5
7237.5,2025-12-06T00:37:30+00:00,LOCO_01,RAKE_DECOUPLING_COMPLETED,parking13,,,,DAC,8,3.5
7241.0,2025-12-06T00:41:00+00:00,LOCO_01,MOVING,track_19,parking13,track_19,,,0,60.0
7301.0,2025-12-06T01:41:00+00:00,LOCO_01,MOVING,collection1,track_19,collection1,,,0,60.0
7361.0,2025-12-06T02:41:00+00:00,LOCO_01,ALLOCATED,,,,batch_transport,,0,0.0
7361.0,2025-12-06T02:41:00+00:00,LOCO_01,RAKE_COUPLING_STARTED,collection1,,,,SCREW,6,10.0
7371.0,2025-12-06T02:51:00+00:00,LOCO_01,RAKE_COUPLING_COMPLETED,collection1,,,,SCREW,6,10.0
7371.0,2025-12-06T02:51:00+00:00,LOCO_01,LOCO_COUPLING_STARTED,collection1,,,,SCREW,6,2.0
7373.0,2025-12-06T02:53:00+00:00,LOCO_01,LOCO_COUPLING_COMPLETED,collection1,,,,SCREW,6,2.0
7373.0,2025-12-06T02:53:00+00:00,LOCO_01,SHUNTING_PREP,collection1,,,,,6,1.0
7374.0,2025-12-06T02:54:00+00:00,LOCO_01,MOVING,retrofit,collection1,retrofit,,,0,60.0
7434.0,2025-12-06T03:54:00+00:00,LOCO_01,LOCO_DECOUPLING_STARTED,retrofit,,,,SCREW,6,3.0
7437.0,2025-12-06T03:57:00+00:00,LOCO_01,LOCO_DECOUPLING_COMPLETED,retrofit,,,,SCREW,6,3.0
7437.0,2025-12-06T03:57:00+00:00,LOCO_01,RAKE_DECOUPLING_STARTED,retrofit,,,,SCREW,6,15.0
7452.0,2025-12-06T04:12:00+00:00,LOCO_01,RAKE_DECOUPLING_COMPLETED,retrofit,,,,SCREW,6,15.0
7467.0,2025-12-06T04:27:00+00:00,LOCO_01,MOVING,track_19,retrofit,track_19,,,0,5.0
7472.0,2025-12-06T04:32:00+00:00,LOCO_01,PARKING,,,,,,0,2.0
7474.0,2025-12-06T04:34:00+00:00,LOCO_01,MOVING,retrofit,track_19,retrofit,,,0,5.0
7479.0,2025-12-06T04:39:00+00:00,LOCO_01,COUPLING_STARTED,retrofit,,,,SCREW,0,2.0
7481.0,2025-12-06T04:41:00+00:00,LOCO_01,COUPLING_COMPLETED,retrofit,,,,SCREW,0,2.0
7481.0,2025-12-06T04:41:00+00:00,LOCO_01,SHUNTING_PREP,retrofit,,,,,0,1.0
7482.0,2025-12-06T04:42:00+00:00,LOCO_01,MOVING,WS_02,retrofit,WS_02,,,0,5.0
7487.0,2025-12-06T04:47:00+00:00,LOCO_01,DECOUPLING_STARTED,WS_02,,,,SCREW,0,3.0
7490.0,2025-12-06T04:50:00+00:00,LOCO_01,DECOUPLING_COMPLETED,WS_02,,,,SCREW,0,3.0
7493.0,2025-12-06T04:53:00+00:00,LOCO_01,MOVING,track_19,WS_02,track_19,,,0,7.0
7500.0,2025-12-06T05:00:00+00:00,LOCO_01,MOVING,retrofit,track_19,retrofit,,,0,5.0
7505.0,2025-12-06T05:05:00+00:00,LOCO_01,COUPLING_STARTED,retrofit,,,,SCREW,0,2.0
7507.0,2025-12-06T05:07:00+00:00,LOCO_01,COUPLING_COMPLETED,retrofit,,,,SCREW,0,2.0
7507.0,2025-12-06T05:07:00+00:00,LOCO_01,SHUNTING_PREP,retrofit,,,,,0,1.0
7508.0,2025-12-06T05:08:00+00:00,LOCO_01,MOVING,WS_01,retrofit,WS_01,,,0,5.0
7513.0,2025-12-06T05:13:00+00:00,LOCO_01,DECOUPLING_STARTED,WS_01,,,,SCREW,0,3.0
7516.0,2025-12-06T05:16:00+00:00,LOCO_01,DECOUPLING_COMPLETED,WS_01,,,,SCREW,0,3.0
7519.0,2025-12-06T05:19:00+00:00,LOCO_01,MOVING,track_19,WS_01,track_19,,,0,34.5
7553.5,2025-12-06T05:53:30+00:00,LOCO_01,MOVING,WS_02,track_19,WS_02,,,0,5.0
7558.5,2025-12-06T05:58:30+00:00,LOCO_01,RAKE_COUPLING_STARTED,WS_02,,,,DAC,2,0.5
7559.0,2025-12-06T05:59:00+00:00,LOCO_01,RAKE_COUPLING_COMPLETED,WS_02,,,,DAC,2,0.5
7559.0,2025-12-06T05:59:00+00:00,LOCO_01,LOCO_COUPLING_STARTED,WS_02,,,,DAC,2,0.5
7559.5,2025-12-06T05:59:30+00:00,LOCO_01,LOCO_COUPLING_COMPLETED,WS_02,,,,DAC,2,0.5
7559.5,2025-12-06T05:59:30+00:00,LOCO_01,SHUNTING_PREP,WS_02,,,,,2,1.0
7560.5,2025-12-06T06:00:30+00:00,LOCO_01,MOVING,retrofitted,WS_02,retrofitted,,,0,5.0
7565.5,2025-12-06T06:05:30+00:00,LOCO_01,MOVING,track_19,retrofitted,track_19,,,0,7.0
7572.5,2025-12-06T06:12:30+00:00,LOCO_01,MOVING,retrofit,track_19,retrofit,,,0,5.0
7577.5,2025-12-06T06:17:30+00:00,LOCO_01,COUPLING_STARTED,retrofit,,,,SCREW,0,2.0
7579.5,2025-12-06T06:19:30+00:00,LOCO_01,COUPLING_COMPLETED,retrofit,,,,SCREW,0,2.0
7579.5,2025-12-06T06:19:30+00:00,LOCO_01,SHUNTING_PREP,retrofit,,,,,0,1.0
7580.5,2025-12-06T06:20:30+00:00,LOCO_01,MOVING,WS_02,retrofit,WS_02,,,0,5.0
7585.5,2025-12-06T06:25:30+00:00,LOCO_01,DECOUPLING_STARTED,WS_02,,,,SCREW,0,3.0
7588.5,2025-12-06T06:28:30+00:00,LOCO_01,DECOUPLING_COMPLETED,WS_02,,,,SCREW,0,3.0
7591.5,2025-12-06T06:31:30+00:00,LOCO_01,MOVING,track_19,WS_02,track_19,,,0,5.0
7596.5,2025-12-06T06:36:30+00:00,LOCO_01,MOVING,WS_01,track_19,WS_01,,,0,5.0
7601.5,2025-12-06T06:41:30+00:00,LOCO_01,RAKE_COUPLING_STARTED,WS_01,,,,DAC,2,0.5
7602.0,2025-12-06T06:42:00+00:00,LOCO_01,RAKE_COUPLING_COMPLETED,WS_01,,,,DAC,2,0.5
7602.0,2025-12-06T06:42:00+00:00,LOCO_01,LOCO_COUPLING_STARTED,WS_01,,,,DAC,2,0.5
7602.5,2025-12-06T06:42:30+00:00,LOCO_01,LOCO_COUPLING_COMPLETED,WS_01,,,,DAC,2,0.5
7602.5,2025-12-06T06:42:30+00:00,LOCO_01,SHUNTING_PREP,WS_01,,,,,2,1.0
7603.5,2025-12-06T06:43:30+00:00,LOCO_01,MOVING,retrofitted,WS_01,retrofitted,,,0,5.0
7608.5,2025-12-06T06:48:30+00:00,LOCO_01,MOVING,track_19,retrofitted,track_19,,,0,5.0
7613.5,2025-12-06T06:53:30+00:00,LOCO_01,MOVING,collection2,track_19,collection2,,,0,60.0
7673.5,2025-12-06T07:53:30+00:00,LOCO_01,ALLOCATED,,,,batch_transport,,0,0.0
7673.5,2025-12-06T07:53:30+00:00,LOCO_01,RAKE_COUPLING_STARTED,collection2,,,,SCREW,5,8.0
7681.5,2025-12-06T08:01:30+00:00,LOCO_01,RAKE_COUPLING_COMPLETED,collection2,,,,SCREW,5,8.0
7681.5,2025-12-06T08:01:30+00:00,LOCO_01,LOCO_COUPLING_STARTED,collection2,,,,SCREW,5,2.0
7683.5,2025-12-06T08:03:30+00:00,LOCO_01,LOCO_COUPLING_COMPLETED,collection2,,,,SCREW,5,2.0
7683.5,2025-12-06T08:03:30+00:00,LOCO_01,SHUNTING_PREP,collection2,,,,,5,1.0
7684.5,2025-12-06T08:04:30+00:00,LOCO_01,MOVING,retrofit,collection2,retrofit,,,0,60.0
7744.5,2025-12-06T09:04:30+00:00,LOCO_01,LOCO_DECOUPLING_STARTED,retrofit,,,,SCREW,5,3.0
7747.5,2025-12-06T09:07:30+00:00,LOCO_01,LOCO_DECOUPLING_COMPLETED,retrofit,,,,SCREW,5,3.0
7747.5,2025-12-06T09:07:30+00:00,LOCO_01,RAKE_DECOUPLING_STARTED,retrofit,,,,SCREW,5,12.0
7759.5,2025-12-06T09:19:30+00:00,LOCO_01,RAKE_DECOUPLING_COMPLETED,retrofit,,,,SCREW,5,12.0
7771.5,2025-12-06T09:31:30+00:00,LOCO_01,MOVING,track_19,retrofit,track_19,,,0,5.0
7776.5,2025-12-06T09:36:30+00:00,LOCO_01,PARKING,,,,,,0,0.0
7776.5,2025-12-06T09:36:30+00:00,LOCO_01,MOVING,WS_01,track_19,WS_01,,,0,5.0
7781.5,2025-12-06T09:41:30+00:00,LOCO_01,RAKE_COUPLING_STARTED,WS_01,,,,DAC,2,0.5
7782.0,2025-12-06T09:42:00+00:00,LOCO_01,RAKE_COUPLING_COMPLETED,WS_01,,,,DAC,2,0.5
7782.0,2025-12-06T09:42:00+00:00,LOCO_01,LOCO_COUPLING_STARTED,WS_01,,,,DAC,2,0.5
7782.5,2025-12-06T09:42:30+00:00,LOCO_01,LOCO_COUPLING_COMPLETED,WS_01,,,,DAC,2,0.5
7782.5,2025-12-06T09:42:30+00:00,LOCO_01,SHUNTING_PREP,WS_01,,,,,2,1.0
7783.5,2025-12-06T09:43:30+00:00,LOCO_01,MOVING,retrofitted,WS_01,retrofitted,,,0,5.0
7788.5,2025-12-06T09:48:30+00:00,LOCO_01,MOVING,track_19,retrofitted,track_19,,,0,7.0
7795.5,2025-12-06T09:55:30+00:00,LOCO_01,MOVING,retrofit,track_19,retrofit,,,0,5.0
7800.5,2025-12-06T10:00:30+00:00,LOCO_01,COUPLING_STARTED,retrofit,,,,SCREW,0,2.0
7802.5,2025-12-06T10:02:30+00:00,LOCO_01,COUPLING_COMPLETED,retrofit,,,,SCREW,0,2.0
7802.5,2025-12-06T10:02:30+00:00,LOCO_01,SHUNTING_PREP,retrofit,,,,,0,1.0
7803.5,2025-12-06T10:03:30+00:00,LOCO_01,MOVING,WS_02,retrofit,WS_02,,,0,5.0
7808.5,2025-12-06T10:08:30+00:00,LOCO_01,DECOUPLING_STARTED,WS_02,,,,SCREW,0,3.0
7811.5,2025-12-06T10:11:30+00:00,LOCO_01,DECOUPLING_COMPLETED,WS_02,,,,SCREW,0,3.0
7814.5,2025-12-06T10:14:30+00:00,LOCO_01,MOVING,track_19,WS_02,track_19,,,0,7.0
7821.5,2025-12-06T10:21:30+00:00,LOCO_01,MOVING,retrofit,track_19,retrofit,,,0,5.0
7826.5,2025-12-06T10:26:30+00:00,LOCO_01,COUPLING_STARTED,retrofit,,,,SCREW,0,2.0
7828.5,2025-12-06T10:28:30+00:00,LOCO_01,COUPLING_COMPLETED,retrofit,,,,SCREW,0,2.0
7828.5,2025-12-06T10:28:30+00:00,LOCO_01,SHUNTING_PREP,retrofit,,,,,0,1.0
7829.5,2025-12-06T10:29:30+00:00,LOCO_01,MOVING,WS_01,retrofit,WS_01,,,0,5.0
7834.5,2025-12-06T10:34:30+00:00,LOCO_01,DECOUPLING_STARTED,WS_01,,,,SCREW,0,3.0
7837.5,2025-12-06T10:37:30+00:00,LOCO_01,DECOUPLING_COMPLETED,WS_01,,,,SCREW,0,3.0
7840.5,2025-12-06T10:40:30+00:00,LOCO_01,MOVING,track_19,WS_01,track_19,,,0,34.5
7875.0,2025-12-06T11:15:00+00:00,LOCO_01,MOVING,WS_02,track_19,WS_02,,,0,5.0
7880.0,2025-12-06T11:20:00+00:00,LOCO_01,RAKE_COUPLING_STARTED,WS_02,,,,DAC,2,0.5
7880.5,2025-12-06T11:20:30+00:00,LOCO_01,RAKE_COUPLING_COMPLETED,WS_02,,,,DAC,2,0.5
7880.5,2025-12-06T11:20:30+00:00,LOCO_01,LOCO_COUPLING_STARTED,WS_02,,,,DAC,2,0.5
7881.0,2025-12-06T11:21:00+00:00,LOCO_01,LOCO_COUPLING_COMPLETED,WS_02,,,,DAC,2,0.5
7881.0,2025-12-06T11:21:00+00:00,LOCO_01,SHUNTING_PREP,WS_02,,,,,2,1.0
7882.0,2025-12-06T11:22:00+00:00,LOCO_01,MOVING,retrofitted,WS_02,retrofitted,,,0,5.0
7887.0,2025-12-06T11:27:00+00:00,LOCO_01,MOVING,track_19,retrofitted,track_19,,,0,7.0
7894.0,2025-12-06T11:34:00+00:00,LOCO_01,MOVING,retrofit,track_19,retrofit,,,0,5.0
7899.0,2025-12-06T11:39:00+00:00,LOCO_01,COUPLING_STARTED,retrofit,,,,SCREW,0,2.0
7901.0,2025-12-06T11:41:00+00:00,LOCO_01,COUPLING_COMPLETED,retrofit,,,,SCREW,0,2.0
7901.0,2025-12-06T11:41:00+00:00,LOCO_01,SHUNTING_PREP,retrofit,,,,,0,1.0
7902.0,2025-12-06T11:42:00+00:00,LOCO_01,MOVING,WS_02,retrofit,WS_02,,,0,5.0
7907.0,2025-12-06T11:47:00+00:00,LOCO_01,DECOUPLING_STARTED,WS_02,,,,SCREW,0,3.0
7910.0,2025-12-06T11:50:00+00:00,LOCO_01,DECOUPLING_COMPLETED,WS_02,,,,SCREW,0,3.0
7913.0,2025-12-06T11:53:00+00:00,LOCO_01,MOVING,track_19,WS_02,track_19,,,0,5.0
7918.0,2025-12-06T11:58:00+00:00,LOCO_01,MOVING,WS_01,track_19,WS_01,,,0,5.0
7923.0,2025-12-06T12:03:00+00:00,LOCO_01,RAKE_COUPLING_STARTED,WS_01,,,,DAC,2,0.5
7923.5,2025-12-06T12:03:30+00:00,LOCO_01,RAKE_COUPLING_COMPLETED,WS_01,,,,DAC,2,0.5
7923.5,2025-12-06T12:03:30+00:00,LOCO_01,LOCO_COUPLING_STARTED,WS_01,,,,DAC,2,0.5
7924.0,2025-12-06T12:04:00+00:00,LOCO_01,LOCO_COUPLING_COMPLETED,WS_01,,,,DAC,2,0.5
7924.0,2025-12-06T12:04:00+00:00,LOCO_01,SHUNTING_PREP,WS_01,,,,,2,1.0
7925.0,2025-12-06T12:05:00+00:00,LOCO_01,MOVING,retrofitted,WS_01,retrofitted,,,0,5.0
7930.0,2025-12-06T12:10:00+00:00,LOCO_01,MOVING,track_19,retrofitted,track_19,,,0,5.0
7935.0,2025-12-06T12:15:00+00:00,LOCO_01,MOVING,collection2,track_19,collection2,,,0,60.0
7995.0,2025-12-06T13:15:00+00:00,LOCO_01,ALLOCATED,,,,batch_transport,,0,0.0
7995.0,2025-12-06T13:15:00+00:00,LOCO_01,RAKE_COUPLING_STARTED,collection2,,,,SCREW,6,10.0
8005.0,2025-12-06T13:25:00+00:00,LOCO_01,RAKE_COUPLING_COMPLETED,collection2,,,,SCREW,6,10.0
8005.0,2025-12-06T13:25:00+00:00,LOCO_01,LOCO_COUPLING_STARTED,collection2,,,,SCREW,6,2.0
8007.0,2025-12-06T13:27:00+00:00,LOCO_01,LOCO_COUPLING_COMPLETED,collection2,,,,SCREW,6,2.0
8007.0,2025-12-06T13:27:00+00:00,LOCO_01,SHUNTING_PREP,collection2,,,,,6,1.0
8008.0,2025-12-06T13:28:00+00:00,LOCO_01,MOVING,retrofit,collection2,retrofit,,,0,60.0
8068.0,2025-12-06T14:28:00+00:00,LOCO_01,LOCO_DECOUPLING_STARTED,retrofit,,,,SCREW,6,3.0
8071.0,2025-12-06T14:31:00+00:00,LOCO_01,LOCO_DECOUPLING_COMPLETED,retrofit,,,,SCREW,6,3.0
8071.0,2025-12-06T14:31:00+00:00,LOCO_01,RAKE_DECOUPLING_STARTED,retrofit,,,,SCREW,6,15.0
8086.0,2025-12-06T14:46:00+00:00,LOCO_01,RAKE_DECOUPLING_COMPLETED,retrofit,,,,SCREW,6,15.0
8101.0,2025-12-06T15:01:00+00:00,LOCO_01,MOVING,track_19,retrofit,track_19,,,0,5.0
8106.0,2025-12-06T15:06:00+00:00,LOCO_01,PARKING,,,,,,0,0.0
8106.0,2025-12-06T15:06:00+00:00,LOCO_01,ALLOCATED,,,,batch_transport,,0,0.0
8106.0,2025-12-06T15:06:00+00:00,LOCO_01,MOVING,retrofitted,track_19,retrofitted,,,0,5.0
8111.0,2025-12-06T15:11:00+00:00,LOCO_01,RAKE_COUPLING_STARTED,retrofitted,,,,DAC,8,3.5
8114.5,2025-12-06T15:14:30+00:00,LOCO_01,RAKE_COUPLING_COMPLETED,retrofitted,,,,DAC,8,3.5
8114.5,2025-12-06T15:14:30+00:00,LOCO_01,LOCO_COUPLING_STARTED,retrofitted,,,,DAC,8,0.5
8115.0,2025-12-06T15:15:00+00:00,LOCO_01,LOCO_COUPLING_COMPLETED,retrofitted,,,,DAC,8,0.5
8115.0,2025-12-06T15:15:00+00:00,LOCO_01,SHUNTING_PREP,retrofitted,,,,,8,1.0
8116.0,2025-12-06T15:16:00+00:00,LOCO_01,MOVING,parking14,retrofitted,parking14,,,0,75.0
8191.0,2025-12-06T16:31:00+00:00,LOCO_01,LOCO_DECOUPLING_STARTED,parking14,,,,DAC,8,0.5
8191.5,2025-12-06T16:31:30+00:00,LOCO_01,LOCO_DECOUPLING_COMPLETED,parking14,,,,DAC,8,0.5
8191.5,2025-12-06T16:31:30+00:00,LOCO_01,RAKE_DECOUPLING_STARTED,parking14,,,,DAC,8,3.5
8195.0,2025-12-06T16:35:00+00:00,LOCO_01,RAKE_DECOUPLING_COMPLETED,parking14,,,,DAC,8,3.5
8198.5,2025-12-06T16:38:30+00:00,LOCO_01,MOVING,track_19,parking14,track_19,,,0,62.0
8260.5,2025-12-06T17:40:30+00:00,LOCO_01,MOVING,retrofit,track_19,retrofit,,,0,5.0
8265.5,2025-12-06T17:45:30+00:00,LOCO_01,COUPLING_STARTED,retrofit,,,,SCREW,0,2.0
8267.5,2025-12-06T17:47:30+00:00,LOCO_01,COUPLING_COMPLETED,retrofit,,,,SCREW,0,2.0
8267.5,2025-12-06T17:47:30+00:00,LOCO_01,SHUNTING_PREP,retrofit,,,,,0,1.0
8268.5,2025-12-06T17:48:30+00:00,LOCO_01,MOVING,WS_02,retrofit,WS_02,,,0,5.0
8273.5,2025-12-06T17:53:30+00:00,LOCO_01,DECOUPLING_STARTED,WS_02,,,,SCREW,0,3.0
8276.5,2025-12-06T17:56:30+00:00,LOCO_01,DECOUPLING_COMPLETED,WS_02,,,,SCREW,0,3.0
8279.5,2025-12-06T17:59:30+00:00,LOCO_01,MOVING,track_19,WS_02,track_19,,,0,5.0
8284.5,2025-12-06T18:04:30+00:00,LOCO_01,MOVING,collection1,track_19,collection1,,,0,60.0
8344.5,2025-12-06T19:04:30+00:00,LOCO_01,ALLOCATED,,,,batch_transport,,0,0.0
8344.5,2025-12-06T19:04:30+00:00,LOCO_01,LOCO_COUPLING_STARTED,collection1,,,,SCREW,1,2.0
8346.5,2025-12-06T19:06:30+00:00,LOCO_01,LOCO_COUPLING_COMPLETED,collection1,,,,SCREW,1,2.0
8346.5,2025-12-06T19:06:30+00:00,LOCO_01,SHUNTING_PREP,collection1,,,,,1,1.0
8347.5,2025-12-06T19:07:30+00:00,LOCO_01,MOVING,retrofit,collection1,retrofit,,,0,60.0
8407.5,2025-12-06T20:07:30+00:00,LOCO_01,LOCO_DECOUPLING_STARTED,retrofit,,,,SCREW,1,3.0
8410.5,2025-12-06T20:10:30+00:00,LOCO_01,MOVING,track_19,retrofit,track_19,,,0,0.0
8410.5,2025-12-06T20:10:30+00:00,LOCO_01,LOCO_DECOUPLING_COMPLETED,retrofit,,,,SCREW,1,3.0
8415.5,2025-12-06T20:15:30+00:00,LOCO_01,PARKING,,,,,,0,0.0
8415.5,2025-12-06T20:15:30+00:00,LOCO_01,MOVING,WS_01,track_19,WS_01,,,0,5.0
8420.5,2025-12-06T20:20:30+00:00,LOCO_01,RAKE_COUPLING_STARTED,WS_01,,,,DAC,2,0.5
8421.0,2025-12-06T20:21:00+00:00,LOCO_01,RAKE_COUPLING_COMPLETED,WS_01,,,,DAC,2,0.5
8421.0,2025-12-06T20:21:00+00:00,LOCO_01,LOCO_COUPLING_STARTED,WS_01,,,,DAC,2,0.5
8421.5,2025-12-06T20:21:30+00:00,LOCO_01,LOCO_COUPLING_COMPLETED,WS_01,,,,DAC,2,0.5
8421.5,2025-12-06T20:21:30+00:00,LOCO_01,SHUNTING_PREP,WS_01,,,,,2,1.0
8422.5,2025-12-06T20:22:30+00:00,LOCO_01,MOVING,retrofitted,WS_01,retrofitted,,,0,5.0
8427.5,2025-12-06T20:27:30+00:00,LOCO_01,MOVING,track_19,retrofitted,track_19,,,0,5.0
8432.5,2025-12-06T20:32:30+00:00,LOCO_01,MOVING,WS_02,track_19,WS_02,,,0,5.0
8437.5,2025-12-06T20:37:30+00:00,LOCO_01,RAKE_COUPLING_STARTED,WS_02,,,,DAC,2,0.5
8438.0,2025-12-06T20:38:00+00:00,LOCO_01,RAKE_COUPLING_COMPLETED,WS_02,,,,DAC,2,0.5
8438.0,2025-12-06T20:38:00+00:00,LOCO_01,LOCO_COUPLING_STARTED,WS_02,,,,DAC,2,0.5
8438.5,2025-12-06T20:38:30+00:00,LOCO_01,LOCO_COUPLING_COMPLETED,WS_02,,,,DAC,2,0.5
8438.5,2025-12-06T20:38:30+00:00,LOCO_01,SHUNTING_PREP,WS_02,,,,,2,1.0
8439.5,2025-12-06T20:39:30+00:00,LOCO_01,MOVING,retrofitted,WS_02,retrofitted,,,0,5.0
8444.5,2025-12-06T20:44:30+00:00,LOCO_01,MOVING,track_19,retrofitted,track_19,,,0,5.0
8449.5,2025-12-06T20:49:30+00:00,LOCO_01,ALLOCATED,,,,batch_transport,,0,0.0
8449.5,2025-12-06T20:49:30+00:00,LOCO_01,MOVING,retrofitted,track_19,retrofitted,,,0,5.0
8454.5,2025-12-06T20:54:30+00:00,LOCO_01,RAKE_COUPLING_STARTED,retrofitted,,,,DAC,6,2.5
8457.0,2025-12-06T20:57:00+00:00,LOCO_01,RAKE_COUPLING_COMPLETED,retrofitted,,,,DAC,6,2.5
8457.0,2025-12-06T20:57:00+00:00,LOCO_01,LOCO_COUPLING_STARTED,retrofitted,,,,DAC,6,0.5
8457.5,2025-12-06T20:57:30+00:00,LOCO_01,LOCO_COUPLING_COMPLETED,retrofitted,,,,DAC,6,0.5
8457.5,2025-12-06T20:57:30+00:00,LOCO_01,SHUNTING_PREP,retrofitted,,,,,6,1.0
8458.5,2025-12-06T20:58:30+00:00,LOCO_01,MOVING,parking16,retrofitted,parking16,,,0,120.0
8578.5,2025-12-06T22:58:30+00:00,LOCO_01,LOCO_DECOUPLING_STARTED,parking16,,,,DAC,6,0.5
8579.0,2025-12-06T22:59:00+00:00,LOCO_01,LOCO_DECOUPLING_COMPLETED,parking16,,,,DAC,6,0.5
8579.0,2025-12-06T22:59:00+00:00,LOCO_01,RAKE_DECOUPLING_STARTED,parking16,,,,DAC,6,2.5
8581.5,2025-12-06T23:01:30+00:00,LOCO_01,RAKE_DECOUPLING_COMPLETED,parking16,,,,DAC,6,2.5
8584.0,2025-12-06T23:04:00+00:00,LOCO_01,MOVING,track_19,parking16,track_19,,,0,60.0
8644.0,2025-12-07T00:04:00+00:00,LOCO_01,MOVING,WS_01,track_19,WS_01,,,0,5.0
8649.0,2025-12-07T00:09:00+00:00,LOCO_01,RAKE_COUPLING_STARTED,WS_01,,,,DAC,2,0.5
8649.5,2025-12-07T00:09:30+00:00,LOCO_01,RAKE_COUPLING_COMPLETED,WS_01,,,,DAC,2,0.5
8649.5,2025-12-07T00:09:30+00:00,LOCO_01,LOCO_COUPLING_STARTED,WS_01,,,,DAC,2,0.5
8650.0,2025-12-07T00:10:00+00:00,LOCO_01,LOCO_COUPLING_COMPLETED,WS_01,,,,DAC,2,0.5
8650.0,2025-12-07T00:10:00+00:00,LOCO_01,SHUNTING_PREP,WS_01,,,,,2,1.0
8651.0,2025-12-07T00:11:00+00:00,LOCO_01,MOVING,retrofitted,WS_01,retrofitted,,,0,5.0
8656.0,2025-12-07T00:16:00+00:00,LOCO_01,MOVING,track_19,retrofitted,track_19,,,0,5.0
8661.0,2025-12-07T00:21:00+00:00,LOCO_01,ALLOCATED,,,,batch_transport,,0,0.0
8661.0,2025-12-07T00:21:00+00:00,LOCO_01,MOVING,retrofitted,track_19,retrofitted,,,0,5.0
8666.0,2025-12-07T00:26:00+00:00,LOCO_01,RAKE_COUPLING_STARTED,retrofitted,,,,DAC,4,1.5
8667.5,2025-12-07T00:27:30+00:00,LOCO_01,RAKE_COUPLING_COMPLETED,retrofitted,,,,DAC,4,1.5
8667.5,2025-12-07T00:27:30+00:00,LOCO_01,LOCO_COUPLING_STARTED,retrofitted,,,,DAC,4,0.5
8668.0,2025-12-07T00:28:00+00:00,LOCO_01,LOCO_COUPLING_COMPLETED,retrofitted,,,,DAC,4,0.5
8668.0,2025-12-07T00:28:00+00:00,LOCO_01,SHUNTING_PREP,retrofitted,,,,,4,1.0
8669.0,2025-12-07T00:29:00+00:00,LOCO_01,MOVING,parking12,retrofitted,parking12,,,0,60.0
8729.0,2025-12-07T01:29:00+00:00,LOCO_01,LOCO_DECOUPLING_STARTED,parking12,,,,DAC,4,0.5
8729.5,2025-12-07T01:29:30+00:00,LOCO_01,LOCO_DECOUPLING_COMPLETED,parking12,,,,DAC,4,0.5
8729.5,2025-12-07T01:29:30+00:00,LOCO_01,RAKE_DECOUPLING_STARTED,parking12,,,,DAC,4,1.5
8731.0,2025-12-07T01:31:00+00:00,LOCO_01,RAKE_DECOUPLING_COMPLETED,parking12,,,,DAC,4,1.5
8732.5,2025-12-07T01:32:30+00:00,LOCO_01,MOVING,track_19,parking12,track_19,,,0,60.0
8792.5,2025-12-07T02:32:30+00:00,LOCO_01,MOVING,WS_01,track_19,WS_01,,,0,5.0
8797.5,2025-12-07T02:37:30+00:00,LOCO_01,RAKE_COUPLING_STARTED,WS_01,,,,DAC,2,0.5
8798.0,2025-12-07T02:38:00+00:00,LOCO_01,RAKE_COUPLING_COMPLETED,WS_01,,,,DAC,2,0.5
8798.0,2025-12-07T02:38:00+00:00,LOCO_01,LOCO_COUPLING_STARTED,WS_01,,,,DAC,2,0.5
8798.5,2025-12-07T02:38:30+00:00,LOCO_01,LOCO_COUPLING_COMPLETED,WS_01,,,,DAC,2,0.5
8798.5,2025-12-07T02:38:30+00:00,LOCO_01,SHUNTING_PREP,WS_01,,,,,2,1.0
8799.5,2025-12-07T02:39:30+00:00,LOCO_01,MOVING,retrofitted,WS_01,retrofitted,,,0,5.0
8804.5,2025-12-07T02:44:30+00:00,LOCO_01,MOVING,track_19,retrofitted,track_19,,,0,5.0
8809.5,2025-12-07T02:49:30+00:00,LOCO_01,MOVING,WS_02,track_19,WS_02,,,0,5.0
8814.5,2025-12-07T02:54:30+00:00,LOCO_01,RAKE_COUPLING_STARTED,WS_02,,,,DAC,2,0.5
8815.0,2025-12-07T02:55:00+00:00,LOCO_01,RAKE_COUPLING_COMPLETED,WS_02,,,,DAC,2,0.5
8815.0,2025-12-07T02:55:00+00:00,LOCO_01,LOCO_COUPLING_STARTED,WS_02,,,,DAC,2,0.5
8815.5,2025-12-07T02:55:30+00:00,LOCO_01,LOCO_COUPLING_COMPLETED,WS_02,,,,DAC,2,0.5
8815.5,2025-12-07T02:55:30+00:00,LOCO_01,SHUNTING_PREP,WS_02,,,,,2,1.0
8816.5,2025-12-07T02:56:30+00:00,LOCO_01,MOVING,retrofitted,WS_02,retrofitted,,,0,5.0
8821.5,2025-12-07T03:01:30+00:00,LOCO_01,MOVING,track_19,retrofitted,track_19,,,0,7.0
8828.5,2025-12-07T03:08:30+00:00,LOCO_01,MOVING,retrofit,track_19,retrofit,,,0,5.0
8833.5,2025-12-07T03:13:30+00:00,LOCO_01,COUPLING_STARTED,retrofit,,,,SCREW,0,2.0
8835.5,2025-12-07T03:15:30+00:00,LOCO_01,COUPLING_COMPLETED,retrofit,,,,SCREW,0,2.0
8835.5,2025-12-07T03:15:30+00:00,LOCO_01,SHUNTING_PREP,retrofit,,,,,0,1.0
8836.5,2025-12-07T03:16:30+00:00,LOCO_01,MOVING,WS_01,retrofit,WS_01,,,0,5.0
8841.5,2025-12-07T03:21:30+00:00,LOCO_01,DECOUPLING_STARTED,WS_01,,,,SCREW,0,3.0
8844.5,2025-12-07T03:24:30+00:00,LOCO_01,DECOUPLING_COMPLETED,WS_01,,,,SCREW,0,3.0
8847.5,2025-12-07T03:27:30+00:00,LOCO_01,MOVING,track_19,WS_01,track_19,,,0,7.0
8854.5,2025-12-07T03:34:30+00:00,LOCO_01,MOVING,retrofit,track_19,retrofit,,,0,5.0
8859.5,2025-12-07T03:39:30+00:00,LOCO_01,COUPLING_STARTED,retrofit,,,,SCREW,0,2.0
8861.5,2025-12-07T03:41:30+00:00,LOCO_01,COUPLING_COMPLETED,retrofit,,,,SCREW,0,2.0
8861.5,2025-12-07T03:41:30+00:00,LOCO_01,SHUNTING_PREP,retrofit,,,,,0,1.0
8862.5,2025-12-07T03:42:30+00:00,LOCO_01,MOVING,WS_02,retrofit,WS_02,,,0,5.0
8867.5,2025-12-07T03:47:30+00:00,LOCO_01,DECOUPLING_STARTED,WS_02,,,,SCREW,0,3.0
8870.5,2025-12-07T03:50:30+00:00,LOCO_01,DECOUPLING_COMPLETED,WS_02,,,,SCREW,0,3.0
8873.5,2025-12-07T03:53:30+00:00,LOCO_01,MOVING,track_19,WS_02,track_19,,,0,5.0
8878.5,2025-12-07T03:58:30+00:00,LOCO_01,ALLOCATED,,,,batch_transport,,0,0.0
8878.5,2025-12-07T03:58:30+00:00,LOCO_01,MOVING,retrofitted,track_19,retrofitted,,,0,5.0
8883.5,2025-12-07T04:03:30+00:00,LOCO_01,RAKE_COUPLING_STARTED,retrofitted,,,,DAC,4,1.5
8885.0,2025-12-07T04:05:00+00:00,LOCO_01,RAKE_COUPLING_COMPLETED,retrofitted,,,,DAC,4,1.5
8885.0,2025-12-07T04:05:00+00:00,LOCO_01,LOCO_COUPLING_STARTED,retrofitted,,,,DAC,4,0.5
8885.5,2025-12-07T04:05:30+00:00,LOCO_01,LOCO_COUPLING_COMPLETED,retrofitted,,,,DAC,4,0.5
8885.5,2025-12-07T04:05:30+00:00,LOCO_01,SHUNTING_PREP,retrofitted,,,,,4,1.0
8886.5,2025-12-07T04:06:30+00:00,LOCO_01,MOVING,parking10,retrofitted,parking10,,,0,60.0
8946.5,2025-12-07T05:06:30+00:00,LOCO_01,LOCO_DECOUPLING_STARTED,parking10,,,,DAC,4,0.5
8947.0,2025-12-07T05:07:00+00:00,LOCO_01,LOCO_DECOUPLING_COMPLETED,parking10,,,,DAC,4,0.5
8947.0,2025-12-07T05:07:00+00:00,LOCO_01,RAKE_DECOUPLING_STARTED,parking10,,,,DAC,4,1.5
8948.5,2025-12-07T05:08:30+00:00,LOCO_01,RAKE_DECOUPLING_COMPLETED,parking10,,,,DAC,4,1.5
8950.0,2025-12-07T05:10:00+00:00,LOCO_01,MOVING,track_19,parking10,track_19,,,0,60.0
9010.0,2025-12-07T06:10:00+00:00,LOCO_01,MOVING,WS_02,track_19,WS_02,,,0,5.0
9015.0,2025-12-07T06:15:00+00:00,LOCO_01,RAKE_COUPLING_STARTED,WS_02,,,,DAC,2,0.5
9015.5,2025-12-07T06:15:30+00:00,LOCO_01,RAKE_COUPLING_COMPLETED,WS_02,,,,DAC,2,0.5
9015.5,2025-12-07T06:15:30+00:00,LOCO_01,LOCO_COUPLING_STARTED,WS_02,,,,DAC,2,0.5
9016.0,2025-12-07T06:16:00+00:00,LOCO_01,LOCO_COUPLING_COMPLETED,WS_02,,,,DAC,2,0.5
9016.0,2025-12-07T06:16:00+00:00,LOCO_01,SHUNTING_PREP,WS_02,,,,,2,1.0
9017.0,2025-12-07T06:17:00+00:00,LOCO_01,MOVING,retrofitted,WS_02,retrofitted,,,0,5.0
9022.0,2025-12-07T06:22:00+00:00,LOCO_01,MOVING,track_19,retrofitted,track_19,,,0,7.0
9029.0,2025-12-07T06:29:00+00:00,LOCO_01,MOVING,retrofit,track_19,retrofit,,,0,5.0
9034.0,2025-12-07T06:34:00+00:00,LOCO_01,COUPLING_STARTED,retrofit,,,,SCREW,0,2.0
9036.0,2025-12-07T06:36:00+00:00,LOCO_01,COUPLING_COMPLETED,retrofit,,,,SCREW,0,2.0
9036.0,2025-12-07T06:36:00+00:00,LOCO_01,SHUNTING_PREP,retrofit,,,,,0,1.0
9037.0,2025-12-07T06:37:00+00:00,LOCO_01,MOVING,WS_01,retrofit,WS_01,,,0,5.0
9042.0,2025-12-07T06:42:00+00:00,LOCO_01,DECOUPLING_STARTED,WS_01,,,,SCREW,0,3.0
9045.0,2025-12-07T06:45:00+00:00,LOCO_01,DECOUPLING_COMPLETED,WS_01,,,,SCREW,0,3.0
9048.0,2025-12-07T06:48:00+00:00,LOCO_01,MOVING,track_19,WS_01,track_19,,,0,5.0
9053.0,2025-12-07T06:53:00+00:00,LOCO_01,MOVING,collection2,track_19,collection2,,,0,60.0
9113.0,2025-12-07T07:53:00+00:00,LOCO_01,ALLOCATED,,,,batch_transport,,0,0.0
9113.0,2025-12-07T07:53:00+00:00,LOCO_01,RAKE_COUPLING_STARTED,collection2,,,,SCREW,7,12.0
9125.0,2025-12-07T08:05:00+00:00,LOCO_01,RAKE_COUPLING_COMPLETED,collection2,,,,SCREW,7,12.0
9125.0,2025-12-07T08:05:00+00:00,LOCO_01,LOCO_COUPLING_STARTED,collection2,,,,SCREW,7,2.0
9127.0,2025-12-07T08:07:00+00:00,LOCO_01,LOCO_COUPLING_COMPLETED,collection2,,,,SCREW,7,2.0
9127.0,2025-12-07T08:07:00+00:00,LOCO_01,SHUNTING_PREP,collection2,,,,,7,1.0
9128.0,2025-12-07T08:08:00+00:00,LOCO_01,MOVING,retrofit,collection2,retrofit,,,0,60.0
9188.0,2025-12-07T09:08:00+00:00,LOCO_01,LOCO_DECOUPLING_STARTED,retrofit,,,,SCREW,7,3.0
9191.0,2025-12-07T09:11:00+00:00,LOCO_01,LOCO_DECOUPLING_COMPLETED,retrofit,,,,SCREW,7,3.0
9191.0,2025-12-07T09:11:00+00:00,LOCO_01,RAKE_DECOUPLING_STARTED,retrofit,,,,SCREW,7,18.0
9209.0,2025-12-07T09:29:00+00:00,LOCO_01,RAKE_DECOUPLING_COMPLETED,retrofit,,,,SCREW,7,18.0
9227.0,2025-12-07T09:47:00+00:00,LOCO_01,MOVING,track_19,retrofit,track_19,,,0,5.0
9232.0,2025-12-07T09:52:00+00:00,LOCO_01,PARKING,,,,,,0,2.0
9234.0,2025-12-07T09:54:00+00:00,LOCO_01,MOVING,retrofit,track_19,retrofit,,,0,5.0
9239.0,2025-12-07T09:59:00+00:00,LOCO_01,COUPLING_STARTED,retrofit,,,,SCREW,0,2.0
9241.0,2025-12-07T10:01:00+00:00,LOCO_01,COUPLING_COMPLETED,retrofit,,,,SCREW,0,2.0
9241.0,2025-12-07T10:01:00+00:00,LOCO_01,SHUNTING_PREP,retrofit,,,,,0,1.0
9242.0,2025-12-07T10:02:00+00:00,LOCO_01,MOVING,WS_02,retrofit,WS_02,,,0,5.0
9247.0,2025-12-07T10:07:00+00:00,LOCO_01,DECOUPLING_STARTED,WS_02,,,,SCREW,0,3.0
9250.0,2025-12-07T10:10:00+00:00,LOCO_01,DECOUPLING_COMPLETED,WS_02,,,,SCREW,0,3.0
9253.0,2025-12-07T10:13:00+00:00,LOCO_01,MOVING,track_19,WS_02,track_19,,,0,57.5
9310.5,2025-12-07T11:10:30+00:00,LOCO_01,MOVING,WS_01,track_19,WS_01,,,0,5.0
9315.5,2025-12-07T11:15:30+00:00,LOCO_01,RAKE_COUPLING_STARTED,WS_01,,,,DAC,2,0.5
9316.0,2025-12-07T11:16:00+00:00,LOCO_01,RAKE_COUPLING_COMPLETED,WS_01,,,,DAC,2,0.5
9316.0,2025-12-07T11:16:00+00:00,LOCO_01,LOCO_COUPLING_STARTED,WS_01,,,,DAC,2,0.5
9316.5,2025-12-07T11:16:30+00:00,LOCO_01,LOCO_COUPLING_COMPLETED,WS_01,,,,DAC,2,0.5
9316.5,2025-12-07T11:16:30+00:00,LOCO_01,SHUNTING_PREP,WS_01,,,,,2,1.0
9317.5,2025-12-07T11:17:30+00:00,LOCO_01,MOVING,retrofitted,WS_01,retrofitted,,,0,5.0
9322.5,2025-12-07T11:22:30+00:00,LOCO_01,MOVING,track_19,retrofitted,track_19,,,0,5.0
9327.5,2025-12-07T11:27:30+00:00,LOCO_01,MOVING,WS_02,track_19,WS_02,,,0,5.0
9332.5,2025-12-07T11:32:30+00:00,LOCO_01,RAKE_COUPLING_STARTED,WS_02,,,,DAC,2,0.5
9333.0,2025-12-07T11:33:00+00:00,LOCO_01,RAKE_COUPLING_COMPLETED,WS_02,,,,DAC,2,0.5
9333.0,2025-12-07T11:33:00+00:00,LOCO_01,LOCO_COUPLING_STARTED,WS_02,,,,DAC,2,0.5
9333.5,2025-12-07T11:33:30+00:00,LOCO_01,LOCO_COUPLING_COMPLETED,WS_02,,,,DAC,2,0.5
9333.5,2025-12-07T11:33:30+00:00,LOCO_01,SHUNTING_PREP,WS_02,,,,,2,1.0
9334.5,2025-12-07T11:34:30+00:00,LOCO_01,MOVING,retrofitted,WS_02,retrofitted,,,0,5.0
9339.5,2025-12-07T11:39:30+00:00,LOCO_01,MOVING,track_19,retrofitted,track_19,,,0,7.0
9346.5,2025-12-07T11:46:30+00:00,LOCO_01,MOVING,retrofit,track_19,retrofit,,,0,5.0
9351.5,2025-12-07T11:51:30+00:00,LOCO_01,COUPLING_STARTED,retrofit,,,,SCREW,0,2.0
9353.5,2025-12-07T11:53:30+00:00,LOCO_01,COUPLING_COMPLETED,retrofit,,,,SCREW,0,2.0
9353.5,2025-12-07T11:53:30+00:00,LOCO_01,SHUNTING_PREP,retrofit,,,,,0,1.0
9354.5,2025-12-07T11:54:30+00:00,LOCO_01,MOVING,WS_01,retrofit,WS_01,,,0,5.0
9359.5,2025-12-07T11:59:30+00:00,LOCO_01,DECOUPLING_STARTED,WS_01,,,,SCREW,0,3.0
9362.5,2025-12-07T12:02:30+00:00,LOCO_01,DECOUPLING_COMPLETED,WS_01,,,,SCREW,0,3.0
9365.5,2025-12-07T12:05:30+00:00,LOCO_01,MOVING,track_19,WS_01,track_19,,,0,7.0
9372.5,2025-12-07T12:12:30+00:00,LOCO_01,MOVING,retrofit,track_19,retrofit,,,0,5.0
9377.5,2025-12-07T12:17:30+00:00,LOCO_01,COUPLING_STARTED,retrofit,,,,SCREW,0,2.0
9379.5,2025-12-07T12:19:30+00:00,LOCO_01,COUPLING_COMPLETED,retrofit,,,,SCREW,0,2.0
9379.5,2025-12-07T12:19:30+00:00,LOCO_01,SHUNTING_PREP,retrofit,,,,,0,1.0
9380.5,2025-12-07T12:20:30+00:00,LOCO_01,MOVING,WS_02,retrofit,WS_02,,,0,5.0
9385.5,2025-12-07T12:25:30+00:00,LOCO_01,DECOUPLING_STARTED,WS_02,,,,SCREW,0,3.0
9388.5,2025-12-07T12:28:30+00:00,LOCO_01,DECOUPLING_COMPLETED,WS_02,,,,SCREW,0,3.0
9391.5,2025-12-07T12:31:30+00:00,LOCO_01,MOVING,track_19,WS_02,track_19,,,0,5.0
9396.5,2025-12-07T12:36:30+00:00,LOCO_01,MOVING,collection2,track_19,collection2,,,0,60.0
9456.5,2025-12-07T13:36:30+00:00,LOCO_01,ALLOCATED,,,,batch_transport,,0,0.0
9456.5,2025-12-07T13:36:30+00:00,LOCO_01,RAKE_COUPLING_STARTED,collection2,,,,SCREW,5,8.0
9464.5,2025-12-07T13:44:30+00:00,LOCO_01,RAKE_COUPLING_COMPLETED,collection2,,,,SCREW,5,8.0
9464.5,2025-12-07T13:44:30+00:00,LOCO_01,LOCO_COUPLING_STARTED,collection2,,,,SCREW,5,2.0
9466.5,2025-12-07T13:46:30+00:00,LOCO_01,LOCO_COUPLING_COMPLETED,collection2,,,,SCREW,5,2.0
9466.5,2025-12-07T13:46:30+00:00,LOCO_01,SHUNTING_PREP,collection2,,,,,5,1.0
9467.5,2025-12-07T13:47:30+00:00,LOCO_01,MOVING,retrofit,collection2,retrofit,,,0,60.0
9527.5,2025-12-07T14:47:30+00:00,LOCO_01,LOCO_DECOUPLING_STARTED,retrofit,,,,SCREW,5,3.0
9530.5,2025-12-07T14:50:30+00:00,LOCO_01,LOCO_DECOUPLING_COMPLETED,retrofit,,,,SCREW,5,3.0
9530.5,2025-12-07T14:50:30+00:00,LOCO_01,RAKE_DECOUPLING_STARTED,retrofit,,,,SCREW,5,12.0
9542.5,2025-12-07T15:02:30+00:00,LOCO_01,RAKE_DECOUPLING_COMPLETED,retrofit,,,,SCREW,5,12.0
9554.5,2025-12-07T15:14:30+00:00,LOCO_01,MOVING,track_19,retrofit,track_19,,,0,5.0
9559.5,2025-12-07T15:19:30+00:00,LOCO_01,PARKING,,,,,,0,0.0
9559.5,2025-12-07T15:19:30+00:00,LOCO_01,MOVING,WS_02,track_19,WS_02,,,0,5.0
9564.5,2025-12-07T15:24:30+00:00,LOCO_01,RAKE_COUPLING_STARTED,WS_02,,,,DAC,2,0.5
9565.0,2025-12-07T15:25:00+00:00,LOCO_01,RAKE_COUPLING_COMPLETED,WS_02,,,,DAC,2,0.5
9565.0,2025-12-07T15:25:00+00:00,LOCO_01,LOCO_COUPLING_STARTED,WS_02,,,,DAC,2,0.5
9565.5,2025-12-07T15:25:30+00:00,LOCO_01,LOCO_COUPLING_COMPLETED,WS_02,,,,DAC,2,0.5
9565.5,2025-12-07T15:25:30+00:00,LOCO_01,SHUNTING_PREP,WS_02,,,,,2,1.0
9566.5,2025-12-07T15:26:30+00:00,LOCO_01,MOVING,retrofitted,WS_02,retrofitted,,,0,5.0
9571.5,2025-12-07T15:31:30+00:00,LOCO_01,MOVING,track_19,retrofitted,track_19,,,0,7.0
9578.5,2025-12-07T15:38:30+00:00,LOCO_01,MOVING,retrofit,track_19,retrofit,,,0,5.0
9583.5,2025-12-07T15:43:30+00:00,LOCO_01,COUPLING_STARTED,retrofit,,,,SCREW,0,2.0
9585.5,2025-12-07T15:45:30+00:00,LOCO_01,COUPLING_COMPLETED,retrofit,,,,SCREW,0,2.0
9585.5,2025-12-07T15:45:30+00:00,LOCO_01,SHUNTING_PREP,retrofit,,,,,0,1.0
9586.5,2025-12-07T15:46:30+00:00,LOCO_01,MOVING,WS_01,retrofit,WS_01,,,0,5.0
9591.5,2025-12-07T15:51:30+00:00,LOCO_01,DECOUPLING_STARTED,WS_01,,,,SCREW,0,3.0
9594.5,2025-12-07T15:54:30+00:00,LOCO_01,DECOUPLING_COMPLETED,WS_01,,,,SCREW,0,3.0
9597.5,2025-12-07T15:57:30+00:00,LOCO_01,MOVING,track_19,WS_01,track_19,,,0,7.0
9604.5,2025-12-07T16:04:30+00:00,LOCO_01,MOVING,retrofit,track_19,retrofit,,,0,5.0
9609.5,2025-12-07T16:09:30+00:00,LOCO_01,COUPLING_STARTED,retrofit,,,,SCREW,0,2.0
9611.5,2025-12-07T16:11:30+00:00,LOCO_01,COUPLING_COMPLETED,retrofit,,,,SCREW,0,2.0
9611.5,2025-12-07T16:11:30+00:00,LOCO_01,SHUNTING_PREP,retrofit,,,,,0,1.0
9612.5,2025-12-07T16:12:30+00:00,LOCO_01,MOVING,WS_02,retrofit,WS_02,,,0,5.0
9617.5,2025-12-07T16:17:30+00:00,LOCO_01,DECOUPLING_STARTED,WS_02,,,,SCREW,0,3.0
9620.5,2025-12-07T16:20:30+00:00,LOCO_01,DECOUPLING_COMPLETED,WS_02,,,,SCREW,0,3.0
9623.5,2025-12-07T16:23:30+00:00,LOCO_01,MOVING,track_19,WS_02,track_19,,,0,5.0
9628.5,2025-12-07T16:28:30+00:00,LOCO_01,MOVING,collection1,track_19,collection1,,,0,60.0
9688.5,2025-12-07T17:28:30+00:00,LOCO_01,ALLOCATED,,,,batch_transport,,0,0.0
9688.5,2025-12-07T17:28:30+00:00,LOCO_01,RAKE_COUPLING_STARTED,collection1,,,,SCREW,5,8.0
9696.5,2025-12-07T17:36:30+00:00,LOCO_01,RAKE_COUPLING_COMPLETED,collection1,,,,SCREW,5,8.0
9696.5,2025-12-07T17:36:30+00:00,LOCO_01,LOCO_COUPLING_STARTED,collection1,,,,SCREW,5,2.0
9698.5,2025-12-07T17:38:30+00:00,LOCO_01,LOCO_COUPLING_COMPLETED,collection1,,,,SCREW,5,2.0
9698.5,2025-12-07T17:38:30+00:00,LOCO_01,SHUNTING_PREP,collection1,,,,,5,1.0
9699.5,2025-12-07T17:39:30+00:00,LOCO_01,MOVING,retrofit,collection1,retrofit,,,0,60.0
9759.5,2025-12-07T18:39:30+00:00,LOCO_01,LOCO_DECOUPLING_STARTED,retrofit,,,,SCREW,5,3.0
9762.5,2025-12-07T18:42:30+00:00,LOCO_01,LOCO_DECOUPLING_COMPLETED,retrofit,,,,SCREW,5,3.0
9762.5,2025-12-07T18:42:30+00:00,LOCO_01,RAKE_DECOUPLING_STARTED,retrofit,,,,SCREW,5,12.0
9774.5,2025-12-07T18:54:30+00:00,LOCO_01,RAKE_DECOUPLING_COMPLETED,retrofit,,,,SCREW,5,12.0
9786.5,2025-12-07T19:06:30+00:00,LOCO_01,MOVING,track_19,retrofit,track_19,,,0,5.0
9791.5,2025-12-07T19:11:30+00:00,LOCO_01,PARKING,,,,,,0,0.0
9791.5,2025-12-07T19:11:30+00:00,LOCO_01,MOVING,collection2,track_19,collection2,,,0,60.0
9851.5,2025-12-07T20:11:30+00:00,LOCO_01,ALLOCATED,,,,batch_transport,,0,0.0
9851.5,2025-12-07T20:11:30+00:00,LOCO_01,LOCO_COUPLING_STARTED,collection2,,,,SCREW,1,2.0
9853.5,2025-12-07T20:13:30+00:00,LOCO_01,LOCO_COUPLING_COMPLETED,collection2,,,,SCREW,1,2.0
9853.5,2025-12-07T20:13:30+00:00,LOCO_01,SHUNTING_PREP,collection2,,,,,1,1.0
9854.5,2025-12-07T20:14:30+00:00,LOCO_01,MOVING,retrofit,collection2,retrofit,,,0,60.0
9914.5,2025-12-07T21:14:30+00:00,LOCO_01,LOCO_DECOUPLING_STARTED,retrofit,,,,SCREW,1,3.0
9917.5,2025-12-07T21:17:30+00:00,LOCO_01,MOVING,track_19,retrofit,track_19,,,0,0.0
9917.5,2025-12-07T21:17:30+00:00,LOCO_01,LOCO_DECOUPLING_COMPLETED,retrofit,,,,SCREW,1,3.0
9922.5,2025-12-07T21:22:30+00:00,LOCO_01,PARKING,,,,,,0,0.0
9922.5,2025-12-07T21:22:30+00:00,LOCO_01,MOVING,WS_01,track_19,WS_01,,,0,5.0
9927.5,2025-12-07T21:27:30+00:00,LOCO_01,RAKE_COUPLING_STARTED,WS_01,,,,DAC,2,0.5
9928.0,2025-12-07T21:28:00+00:00,LOCO_01,RAKE_COUPLING_COMPLETED,WS_01,,,,DAC,2,0.5
9928.0,2025-12-07T21:28:00+00:00,LOCO_01,LOCO_COUPLING_STARTED,WS_01,,,,DAC,2,0.5
9928.5,2025-12-07T21:28:30+00:00,LOCO_01,LOCO_COUPLING_COMPLETED,WS_01,,,,DAC,2,0.5
9928.5,2025-12-07T21:28:30+00:00,LOCO_01,SHUNTING_PREP,WS_01,,,,,2,1.0
9929.5,2025-12-07T21:29:30+00:00,LOCO_01,MOVING,retrofitted,WS_01,retrofitted,,,0,5.0
9934.5,2025-12-07T21:34:30+00:00,LOCO_01,MOVING,track_19,retrofitted,track_19,,,0,5.0
9939.5,2025-12-07T21:39:30+00:00,LOCO_01,MOVING,WS_02,track_19,WS_02,,,0,5.0
9944.5,2025-12-07T21:44:30+00:00,LOCO_01,RAKE_COUPLING_STARTED,WS_02,,,,DAC,2,0.5
9945.0,2025-12-07T21:45:00+00:00,LOCO_01,RAKE_COUPLING_COMPLETED,WS_02,,,,DAC,2,0.5
9945.0,2025-12-07T21:45:00+00:00,LOCO_01,LOCO_COUPLING_STARTED,WS_02,,,,DAC,2,0.5
9945.5,2025-12-07T21:45:30+00:00,LOCO_01,LOCO_COUPLING_COMPLETED,WS_02,,,,DAC,2,0.5
9945.5,2025-12-07T21:45:30+00:00,LOCO_01,SHUNTING_PREP,WS_02,,,,,2,1.0
9946.5,2025-12-07T21:46:30+00:00,LOCO_01,MOVING,retrofitted,WS_02,retrofitted,,,0,5.0
9951.5,2025-12-07T21:51:30+00:00,LOCO_01,MOVING,track_19,retrofitted,track_19,,,0,5.0
9956.5,2025-12-07T21:56:30+00:00,LOCO_01,ALLOCATED,,,,batch_transport,,0,0.0
9956.5,2025-12-07T21:56:30+00:00,LOCO_01,MOVING,retrofitted,track_19,retrofitted,,,0,5.0
9961.5,2025-12-07T22:01:30+00:00,LOCO_01,RAKE_COUPLING_STARTED,retrofitted,,,,DAC,6,2.5
9964.0,2025-12-07T22:04:00+00:00,LOCO_01,RAKE_COUPLING_COMPLETED,retrofitted,,,,DAC,6,2.5
9964.0,2025-12-07T22:04:00+00:00,LOCO_01,LOCO_COUPLING_STARTED,retrofitted,,,,DAC,6,0.5
9964.5,2025-12-07T22:04:30+00:00,LOCO_01,LOCO_COUPLING_COMPLETED,retrofitted,,,,DAC,6,0.5
9964.5,2025-12-07T22:04:30+00:00,LOCO_01,SHUNTING_PREP,retrofitted,,,,,6,1.0
9965.5,2025-12-07T22:05:30+00:00,LOCO_01,MOVING,parking11,retrofitted,parking11,,,0,60.0
10025.5,2025-12-07T23:05:30+00:00,LOCO_01,LOCO_DECOUPLING_STARTED,parking11,,,,DAC,6,0.5
10026.0,2025-12-07T23:06:00+00:00,LOCO_01,LOCO_DECOUPLING_COMPLETED,parking11,,,,DAC,6,0.5
10026.0,2025-12-07T23:06:00+00:00,LOCO_01,RAKE_DECOUPLING_STARTED,parking11,,,,DAC,6,2.5
10028.5,2025-12-07T23:08:30+00:00,LOCO_01,RAKE_DECOUPLING_COMPLETED,parking11,,,,DAC,6,2.5
10031.0,2025-12-07T23:11:00+00:00,LOCO_01,MOVING,track_19,parking11,track_19,,,0,62.0
10093.0,2025-12-08T00:13:00+00:00,LOCO_01,MOVING,retrofit,track_19,retrofit,,,0,5.0
10098.0,2025-12-08T00:18:00+00:00,LOCO_01,COUPLING_STARTED,retrofit,,,,SCREW,0,2.0
10100.0,2025-12-08T00:20:00+00:00,LOCO_01,COUPLING_COMPLETED,retrofit,,,,SCREW,0,2.0
10100.0,2025-12-08T00:20:00+00:00,LOCO_01,SHUNTING_PREP,retrofit,,,,,0,1.0
10101.0,2025-12-08T00:21:00+00:00,LOCO_01,MOVING,WS_02,retrofit,WS_02,,,0,5.0
10106.0,2025-12-08T00:26:00+00:00,LOCO_01,DECOUPLING_STARTED,WS_02,,,,SCREW,0,3.0
10109.0,2025-12-08T00:29:00+00:00,LOCO_01,DECOUPLING_COMPLETED,WS_02,,,,SCREW,0,3.0
10112.0,2025-12-08T00:32:00+00:00,LOCO_01,MOVING,track_19,WS_02,track_19,,,0,5.0
10117.0,2025-12-08T00:37:00+00:00,LOCO_01,MOVING,collection2,track_19,collection2,,,0,60.0
10177.0,2025-12-08T01:37:00+00:00,LOCO_01,ALLOCATED,,,,batch_transport,,0,0.0
10177.0,2025-12-08T01:37:00+00:00,LOCO_01,LOCO_COUPLING_STARTED,collection2,,,,SCREW,1,2.0
10179.0,2025-12-08T01:39:00+00:00,LOCO_01,LOCO_COUPLING_COMPLETED,collection2,,,,SCREW,1,2.0
10179.0,2025-12-08T01:39:00+00:00,LOCO_01,SHUNTING_PREP,collection2,,,,,1,1.0
10180.0,2025-12-08T01:40:00+00:00,LOCO_01,MOVING,retrofit,collection2,retrofit,,,0,60.0
10240.0,2025-12-08T02:40:00+00:00,LOCO_01,LOCO_DECOUPLING_STARTED,retrofit,,,,SCREW,1,3.0
10243.0,2025-12-08T02:43:00+00:00,LOCO_01,MOVING,track_19,retrofit,track_19,,,0,0.0
10243.0,2025-12-08T02:43:00+00:00,LOCO_01,LOCO_DECOUPLING_COMPLETED,retrofit,,,,SCREW,1,3.0
10248.0,2025-12-08T02:48:00+00:00,LOCO_01,PARKING,,,,,,0,0.0
10248.0,2025-12-08T02:48:00+00:00,LOCO_01,MOVING,WS_01,track_19,WS_01,,,0,5.0
10253.0,2025-12-08T02:53:00+00:00,LOCO_01,RAKE_COUPLING_STARTED,WS_01,,,,DAC,2,0.5
10253.5,2025-12-08T02:53:30+00:00,LOCO_01,RAKE_COUPLING_COMPLETED,WS_01,,,,DAC,2,0.5
10253.5,2025-12-08T02:53:30+00:00,LOCO_01,LOCO_COUPLING_STARTED,WS_01,,,,DAC,2,0.5
10254.0,2025-12-08T02:54:00+00:00,LOCO_01,LOCO_COUPLING_COMPLETED,WS_01,,,,DAC,2,0.5
10254.0,2025-12-08T02:54:00+00:00,LOCO_01,SHUNTING_PREP,WS_01,,,,,2,1.0
10255.0,2025-12-08T02:55:00+00:00,LOCO_01,MOVING,retrofitted,WS_01,retrofitted,,,0,5.0
10260.0,2025-12-08T03:00:00+00:00,LOCO_01,MOVING,track_19,retrofitted,track_19,,,0,5.0
10265.0,2025-12-08T03:05:00+00:00,LOCO_01,ALLOCATED,,,,batch_transport,,0,0.0
10265.0,2025-12-08T03:05:00+00:00,LOCO_01,MOVING,retrofitted,track_19,retrofitted,,,0,5.0
10270.0,2025-12-08T03:10:00+00:00,LOCO_01,RAKE_COUPLING_STARTED,retrofitted,,,,DAC,6,2.5
10272.5,2025-12-08T03:12:30+00:00,LOCO_01,RAKE_COUPLING_COMPLETED,retrofitted,,,,DAC,6,2.5
10272.5,2025-12-08T03:12:30+00:00,LOCO_01,LOCO_COUPLING_STARTED,retrofitted,,,,DAC,6,0.5
10273.0,2025-12-08T03:13:00+00:00,LOCO_01,LOCO_COUPLING_COMPLETED,retrofitted,,,,DAC,6,0.5
10273.0,2025-12-08T03:13:00+00:00,LOCO_01,SHUNTING_PREP,retrofitted,,,,,6,1.0
10274.0,2025-12-08T03:14:00+00:00,LOCO_01,MOVING,parking1,retrofitted,parking1,,,0,5.0
10279.0,2025-12-08T03:19:00+00:00,LOCO_01,LOCO_DECOUPLING_STARTED,parking1,,,,DAC,6,0.5
10279.5,2025-12-08T03:19:30+00:00,LOCO_01,LOCO_DECOUPLING_COMPLETED,parking1,,,,DAC,6,0.5
10279.5,2025-12-08T03:19:30+00:00,LOCO_01,RAKE_DECOUPLING_STARTED,parking1,,,,DAC,6,2.5
10282.0,2025-12-08T03:22:00+00:00,LOCO_01,RAKE_DECOUPLING_COMPLETED,parking1,,,,DAC,6,2.5
10284.5,2025-12-08T03:24:30+00:00,LOCO_01,MOVING,track_19,parking1,track_19,,,0,7.0
10291.5,2025-12-08T03:31:30+00:00,LOCO_01,MOVING,retrofit,track_19,retrofit,,,0,5.0
10296.5,2025-12-08T03:36:30+00:00,LOCO_01,COUPLING_STARTED,retrofit,,,,SCREW,0,2.0
10298.5,2025-12-08T03:38:30+00:00,LOCO_01,COUPLING_COMPLETED,retrofit,,,,SCREW,0,2.0
10298.5,2025-12-08T03:38:30+00:00,LOCO_01,SHUNTING_PREP,retrofit,,,,,0,1.0
10299.5,2025-12-08T03:39:30+00:00,LOCO_01,MOVING,WS_02,retrofit,WS_02,,,0,5.0
10304.5,2025-12-08T03:44:30+00:00,LOCO_01,DECOUPLING_STARTED,WS_02,,,,SCREW,0,3.0
10307.5,2025-12-08T03:47:30+00:00,LOCO_01,DECOUPLING_COMPLETED,WS_02,,,,SCREW,0,3.0
10310.5,2025-12-08T03:50:30+00:00,LOCO_01,MOVING,track_19,WS_02,track_19,,,0,5.0
10315.5,2025-12-08T03:55:30+00:00,LOCO_01,MOVING,collection1,track_19,collection1,,,0,60.0
10375.5,2025-12-08T04:55:30+00:00,LOCO_01,ALLOCATED,,,,batch_transport,,0,0.0
10375.5,2025-12-08T04:55:30+00:00,LOCO_01,LOCO_COUPLING_STARTED,collection1,,,,SCREW,1,2.0
10377.5,2025-12-08T04:57:30+00:00,LOCO_01,LOCO_COUPLING_COMPLETED,collection1,,,,SCREW,1,2.0
10377.5,2025-12-08T04:57:30+00:00,LOCO_01,SHUNTING_PREP,collection1,,,,,1,1.0
10378.5,2025-12-08T04:58:30+00:00,LOCO_01,MOVING,retrofit,collection1,retrofit,,,0,60.0
10438.5,2025-12-08T05:58:30+00:00,LOCO_01,LOCO_DECOUPLING_STARTED,retrofit,,,,SCREW,1,3.0
10441.5,2025-12-08T06:01:30+00:00,LOCO_01,MOVING,track_19,retrofit,track_19,,,0,0.0
10441.5,2025-12-08T06:01:30+00:00,LOCO_01,LOCO_DECOUPLING_COMPLETED,retrofit,,,,SCREW,1,3.0
10446.5,2025-12-08T06:06:30+00:00,LOCO_01,PARKING,,,,,,0,0.0
10446.5,2025-12-08T06:06:30+00:00,LOCO_01,MOVING,WS_01,track_19,WS_01,,,0,5.0
10451.5,2025-12-08T06:11:30+00:00,LOCO_01,RAKE_COUPLING_STARTED,WS_01,,,,DAC,2,0.5
10452.0,2025-12-08T06:12:00+00:00,LOCO_01,RAKE_COUPLING_COMPLETED,WS_01,,,,DAC,2,0.5
10452.0,2025-12-08T06:12:00+00:00,LOCO_01,LOCO_COUPLING_STARTED,WS_01,,,,DAC,2,0.5
10452.5,2025-12-08T06:12:30+00:00,LOCO_01,LOCO_COUPLING_COMPLETED,WS_01,,,,DAC,2,0.5
10452.5,2025-12-08T06:12:30+00:00,LOCO_01,SHUNTING_PREP,WS_01,,,,,2,1.0
10453.5,2025-12-08T06:13:30+00:00,LOCO_01,MOVING,retrofitted,WS_01,retrofitted,,,0,5.0
10458.5,2025-12-08T06:18:30+00:00,LOCO_01,MOVING,track_19,retrofitted,track_19,,,0,5.0
10463.5,2025-12-08T06:23:30+00:00,LOCO_01,MOVING,WS_02,track_19,WS_02,,,0,5.0
10468.5,2025-12-08T06:28:30+00:00,LOCO_01,RAKE_COUPLING_STARTED,WS_02,,,,DAC,2,0.5
10469.0,2025-12-08T06:29:00+00:00,LOCO_01,RAKE_COUPLING_COMPLETED,WS_02,,,,DAC,2,0.5
10469.0,2025-12-08T06:29:00+00:00,LOCO_01,LOCO_COUPLING_STARTED,WS_02,,,,DAC,2,0.5
10469.5,2025-12-08T06:29:30+00:00,LOCO_01,LOCO_COUPLING_COMPLETED,WS_02,,,,DAC,2,0.5
10469.5,2025-12-08T06:29:30+00:00,LOCO_01,SHUNTING_PREP,WS_02,,,,,2,1.0
10470.5,2025-12-08T06:30:30+00:00,LOCO_01,MOVING,retrofitted,WS_02,retrofitted,,,0,5.0
10475.5,2025-12-08T06:35:30+00:00,LOCO_01,MOVING,track_19,retrofitted,track_19,,,0,7.0
10482.5,2025-12-08T06:42:30+00:00,LOCO_01,MOVING,retrofit,track_19,retrofit,,,0,5.0
10487.5,2025-12-08T06:47:30+00:00,LOCO_01,COUPLING_STARTED,retrofit,,,,SCREW,0,2.0
10489.5,2025-12-08T06:49:30+00:00,LOCO_01,COUPLING_COMPLETED,retrofit,,,,SCREW,0,2.0
10489.5,2025-12-08T06:49:30+00:00,LOCO_01,SHUNTING_PREP,retrofit,,,,,0,1.0
10490.5,2025-12-08T06:50:30+00:00,LOCO_01,MOVING,WS_01,retrofit,WS_01,,,0,5.0
10495.5,2025-12-08T06:55:30+00:00,LOCO_01,DECOUPLING_STARTED,WS_01,,,,SCREW,0,3.0
10498.5,2025-12-08T06:58:30+00:00,LOCO_01,DECOUPLING_COMPLETED,WS_01,,,,SCREW,0,3.0
10501.5,2025-12-08T07:01:30+00:00,LOCO_01,MOVING,track_19,WS_01,track_19,,,0,5.0
10506.5,2025-12-08T07:06:30+00:00,LOCO_01,ALLOCATED,,,,batch_transport,,0,0.0
10506.5,2025-12-08T07:06:30+00:00,LOCO_01,MOVING,retrofitted,track_19,retrofitted,,,0,5.0
10511.5,2025-12-08T07:11:30+00:00,LOCO_01,RAKE_COUPLING_STARTED,retrofitted,,,,DAC,4,1.5
10513.0,2025-12-08T07:13:00+00:00,LOCO_01,RAKE_COUPLING_COMPLETED,retrofitted,,,,DAC,4,1.5
10513.0,2025-12-08T07:13:00+00:00,LOCO_01,LOCO_COUPLING_STARTED,retrofitted,,,,DAC,4,0.5
10513.5,2025-12-08T07:13:30+00:00,LOCO_01,LOCO_COUPLING_COMPLETED,retrofitted,,,,DAC,4,0.5
10513.5,2025-12-08T07:13:30+00:00,LOCO_01,SHUNTING_PREP,retrofitted,,,,,4,1.0
10514.5,2025-12-08T07:14:30+00:00,LOCO_01,MOVING,parking10,retrofitted,parking10,,,0,60.0
10574.5,2025-12-08T08:14:30+00:00,LOCO_01,LOCO_DECOUPLING_STARTED,parking10,,,,DAC,4,0.5
10575.0,2025-12-08T08:15:00+00:00,LOCO_01,LOCO_DECOUPLING_COMPLETED,parking10,,,,DAC,4,0.5
10575.0,2025-12-08T08:15:00+00:00,LOCO_01,RAKE_DECOUPLING_STARTED,parking10,,,,DAC,4,1.5
10576.5,2025-12-08T08:16:30+00:00,LOCO_01,RAKE_DECOUPLING_COMPLETED,parking10,,,,DAC,4,1.5
10578.0,2025-12-08T08:18:00+00:00,LOCO_01,MOVING,track_19,parking10,track_19,,,0,60.0
10638.0,2025-12-08T09:18:00+00:00,LOCO_01,MOVING,collection1,track_19,collection1,,,0,60.0
10698.0,2025-12-08T10:18:00+00:00,LOCO_01,ALLOCATED,,,,batch_transport,,0,0.0
10698.0,2025-12-08T10:18:00+00:00,LOCO_01,RAKE_COUPLING_STARTED,collection1,,,,SCREW,4,6.0
10704.0,2025-12-08T10:24:00+00:00,LOCO_01,RAKE_COUPLING_COMPLETED,collection1,,,,SCREW,4,6.0
10704.0,2025-12-08T10:24:00+00:00,LOCO_01,LOCO_COUPLING_STARTED,collection1,,,,SCREW,4,2.0
10706.0,2025-12-08T10:26:00+00:00,LOCO_01,LOCO_COUPLING_COMPLETED,collection1,,,,SCREW,4,2.0
10706.0,2025-12-08T10:26:00+00:00,LOCO_01,SHUNTING_PREP,collection1,,,,,4,1.0
10707.0,2025-12-08T10:27:00+00:00,LOCO_01,MOVING,retrofit,collection1,retrofit,,,0,60.0
10767.0,2025-12-08T11:27:00+00:00,LOCO_01,LOCO_DECOUPLING_STARTED,retrofit,,,,SCREW,4,3.0
10770.0,2025-12-08T11:30:00+00:00,LOCO_01,LOCO_DECOUPLING_COMPLETED,retrofit,,,,SCREW,4,3.0
10770.0,2025-12-08T11:30:00+00:00,LOCO_01,RAKE_DECOUPLING_STARTED,retrofit,,,,SCREW,4,9.0
10779.0,2025-12-08T11:39:00+00:00,LOCO_01,RAKE_DECOUPLING_COMPLETED,retrofit,,,,SCREW,4,9.0
10788.0,2025-12-08T11:48:00+00:00,LOCO_01,MOVING,track_19,retrofit,track_19,,,0,5.0
10793.0,2025-12-08T11:53:00+00:00,LOCO_01,PARKING,,,,,,0,0.0
10793.0,2025-12-08T11:53:00+00:00,LOCO_01,MOVING,WS_02,track_19,WS_02,,,0,5.0
10798.0,2025-12-08T11:58:00+00:00,LOCO_01,RAKE_COUPLING_STARTED,WS_02,,,,DAC,2,0.5
10798.5,2025-12-08T11:58:30+00:00,LOCO_01,RAKE_COUPLING_COMPLETED,WS_02,,,,DAC,2,0.5
10798.5,2025-12-08T11:58:30+00:00,LOCO_01,LOCO_COUPLING_STARTED,WS_02,,,,DAC,2,0.5
10799.0,2025-12-08T11:59:00+00:00,LOCO_01,LOCO_COUPLING_COMPLETED,WS_02,,,,DAC,2,0.5
10799.0,2025-12-08T11:59:00+00:00,LOCO_01,SHUNTING_PREP,WS_02,,,,,2,1.0
10800.0,2025-12-08T12:00:00+00:00,LOCO_01,MOVING,retrofitted,WS_02,retrofitted,,,0,5.0
10805.0,2025-12-08T12:05:00+00:00,LOCO_01,MOVING,track_19,retrofitted,track_19,,,0,7.0
10812.0,2025-12-08T12:12:00+00:00,LOCO_01,MOVING,retrofit,track_19,retrofit,,,0,5.0
10817.0,2025-12-08T12:17:00+00:00,LOCO_01,COUPLING_STARTED,retrofit,,,,SCREW,0,2.0
10819.0,2025-12-08T12:19:00+00:00,LOCO_01,COUPLING_COMPLETED,retrofit,,,,SCREW,0,2.0
10819.0,2025-12-08T12:19:00+00:00,LOCO_01,SHUNTING_PREP,retrofit,,,,,0,1.0
10820.0,2025-12-08T12:20:00+00:00,LOCO_01,MOVING,WS_01,retrofit,WS_01,,,0,5.0
10825.0,2025-12-08T12:25:00+00:00,LOCO_01,DECOUPLING_STARTED,WS_01,,,,SCREW,0,3.0
10828.0,2025-12-08T12:28:00+00:00,LOCO_01,DECOUPLING_COMPLETED,WS_01,,,,SCREW,0,3.0
10831.0,2025-12-08T12:31:00+00:00,LOCO_01,MOVING,track_19,WS_01,track_19,,,0,7.0
10838.0,2025-12-08T12:38:00+00:00,LOCO_01,MOVING,retrofit,track_19,retrofit,,,0,5.0
10843.0,2025-12-08T12:43:00+00:00,LOCO_01,COUPLING_STARTED,retrofit,,,,SCREW,0,2.0
10845.0,2025-12-08T12:45:00+00:00,LOCO_01,COUPLING_COMPLETED,retrofit,,,,SCREW,0,2.0
10845.0,2025-12-08T12:45:00+00:00,LOCO_01,SHUNTING_PREP,retrofit,,,,,0,1.0
10846.0,2025-12-08T12:46:00+00:00,LOCO_01,MOVING,WS_02,retrofit,WS_02,,,0,5.0
10851.0,2025-12-08T12:51:00+00:00,LOCO_01,DECOUPLING_STARTED,WS_02,,,,SCREW,0,3.0
10854.0,2025-12-08T12:54:00+00:00,LOCO_01,DECOUPLING_COMPLETED,WS_02,,,,SCREW,0,3.0
10857.0,2025-12-08T12:57:00+00:00,LOCO_01,MOVING,track_19,WS_02,track_19,,,0,5.0
10862.0,2025-12-08T13:02:00+00:00,LOCO_01,MOVING,collection2,track_19,collection2,,,0,60.0
10922.0,2025-12-08T14:02:00+00:00,LOCO_01,ALLOCATED,,,,batch_transport,,0,0.0
10922.0,2025-12-08T14:02:00+00:00,LOCO_01,RAKE_COUPLING_STARTED,collection2,,,,SCREW,5,8.0
10930.0,2025-12-08T14:10:00+00:00,LOCO_01,RAKE_COUPLING_COMPLETED,collection2,,,,SCREW,5,8.0
10930.0,2025-12-08T14:10:00+00:00,LOCO_01,LOCO_COUPLING_STARTED,collection2,,,,SCREW,5,2.0
10932.0,2025-12-08T14:12:00+00:00,LOCO_01,LOCO_COUPLING_COMPLETED,collection2,,,,SCREW,5,2.0
10932.0,2025-12-08T14:12:00+00:00,LOCO_01,SHUNTING_PREP,collection2,,,,,5,1.0
10933.0,2025-12-08T14:13:00+00:00,LOCO_01,MOVING,retrofit,collection2,retrofit,,,0,60.0
10993.0,2025-12-08T15:13:00+00:00,LOCO_01,LOCO_DECOUPLING_STARTED,retrofit,,,,SCREW,5,3.0
10996.0,2025-12-08T15:16:00+00:00,LOCO_01,LOCO_DECOUPLING_COMPLETED,retrofit,,,,SCREW,5,3.0
10996.0,2025-12-08T15:16:00+00:00,LOCO_01,RAKE_DECOUPLING_STARTED,retrofit,,,,SCREW,5,12.0
11008.0,2025-12-08T15:28:00+00:00,LOCO_01,RAKE_DECOUPLING_COMPLETED,retrofit,,,,SCREW,5,12.0
11020.0,2025-12-08T15:40:00+00:00,LOCO_01,MOVING,track_19,retrofit,track_19,,,0,5.0
11025.0,2025-12-08T15:45:00+00:00,LOCO_01,PARKING,,,,,,0,0.0
11025.0,2025-12-08T15:45:00+00:00,LOCO_01,MOVING,collection1,track_19,collection1,,,0,60.0
11085.0,2025-12-08T16:45:00+00:00,LOCO_01,ALLOCATED,,,,batch_transport,,0,0.0
11085.0,2025-12-08T16:45:00+00:00,LOCO_01,LOCO_COUPLING_STARTED,collection1,,,,SCREW,1,2.0
11087.0,2025-12-08T16:47:00+00:00,LOCO_01,LOCO_COUPLING_COMPLETED,collection1,,,,SCREW,1,2.0
11087.0,2025-12-08T16:47:00+00:00,LOCO_01,SHUNTING_PREP,collection1,,,,,1,1.0
11088.0,2025-12-08T16:48:00+00:00,LOCO_01,MOVING,retrofit,collection1,retrofit,,,0,60.0
11148.0,2025-12-08T17:48:00+00:00,LOCO_01,LOCO_DECOUPLING_STARTED,retrofit,,,,SCREW,1,3.0
11151.0,2025-12-08T17:51:00+00:00,LOCO_01,MOVING,track_19,retrofit,track_19,,,0,0.0
11151.0,2025-12-08T17:51:00+00:00,LOCO_01,LOCO_DECOUPLING_COMPLETED,retrofit,,,,SCREW,1,3.0
11156.0,2025-12-08T17:56:00+00:00,LOCO_01,PARKING,,,,,,0,0.0
11156.0,2025-12-08T17:56:00+00:00,LOCO_01,MOVING,WS_01,track_19,WS_01,,,0,5.0
11161.0,2025-12-08T18:01:00+00:00,LOCO_01,RAKE_COUPLING_STARTED,WS_01,,,,DAC,2,0.5
11161.5,2025-12-08T18:01:30+00:00,LOCO_01,RAKE_COUPLING_COMPLETED,WS_01,,,,DAC,2,0.5
11161.5,2025-12-08T18:01:30+00:00,LOCO_01,LOCO_COUPLING_STARTED,WS_01,,,,DAC,2,0.5
11162.0,2025-12-08T18:02:00+00:00,LOCO_01,LOCO_COUPLING_COMPLETED,WS_01,,,,DAC,2,0.5
11162.0,2025-12-08T18:02:00+00:00,LOCO_01,SHUNTING_PREP,WS_01,,,,,2,1.0
11163.0,2025-12-08T18:03:00+00:00,LOCO_01,MOVING,retrofitted,WS_01,retrofitted,,,0,5.0
11168.0,2025-12-08T18:08:00+00:00,LOCO_01,MOVING,track_19,retrofitted,track_19,,,0,5.0
11173.0,2025-12-08T18:13:00+00:00,LOCO_01,MOVING,WS_02,track_19,WS_02,,,0,5.0
11178.0,2025-12-08T18:18:00+00:00,LOCO_01,RAKE_COUPLING_STARTED,WS_02,,,,DAC,2,0.5
11178.5,2025-12-08T18:18:30+00:00,LOCO_01,RAKE_COUPLING_COMPLETED,WS_02,,,,DAC,2,0.5
11178.5,2025-12-08T18:18:30+00:00,LOCO_01,LOCO_COUPLING_STARTED,WS_02,,,,DAC,2,0.5
11179.0,2025-12-08T18:19:00+00:00,LOCO_01,LOCO_COUPLING_COMPLETED,WS_02,,,,DAC,2,0.5
11179.0,2025-12-08T18:19:00+00:00,LOCO_01,SHUNTING_PREP,WS_02,,,,,2,1.0
11180.0,2025-12-08T18:20:00+00:00,LOCO_01,MOVING,retrofitted,WS_02,retrofitted,,,0,5.0
11185.0,2025-12-08T18:25:00+00:00,LOCO_01,MOVING,track_19,retrofitted,track_19,,,0,7.0
11192.0,2025-12-08T18:32:00+00:00,LOCO_01,MOVING,retrofit,track_19,retrofit,,,0,5.0
11197.0,2025-12-08T18:37:00+00:00,LOCO_01,COUPLING_STARTED,retrofit,,,,SCREW,0,2.0
11199.0,2025-12-08T18:39:00+00:00,LOCO_01,COUPLING_COMPLETED,retrofit,,,,SCREW,0,2.0
11199.0,2025-12-08T18:39:00+00:00,LOCO_01,SHUNTING_PREP,retrofit,,,,,0,1.0
11200.0,2025-12-08T18:40:00+00:00,LOCO_01,MOVING,WS_01,retrofit,WS_01,,,0,5.0
11205.0,2025-12-08T18:45:00+00:00,LOCO_01,DECOUPLING_STARTED,WS_01,,,,SCREW,0,3.0
11208.0,2025-12-08T18:48:00+00:00,LOCO_01,DECOUPLING_COMPLETED,WS_01,,,,SCREW,0,3.0
11211.0,2025-12-08T18:51:00+00:00,LOCO_01,MOVING,track_19,WS_01,track_19,,,0,7.0
11218.0,2025-12-08T18:58:00+00:00,LOCO_01,MOVING,retrofit,track_19,retrofit,,,0,5.0
11223.0,2025-12-08T19:03:00+00:00,LOCO_01,COUPLING_STARTED,retrofit,,,,SCREW,0,2.0
11225.0,2025-12-08T19:05:00+00:00,LOCO_01,COUPLING_COMPLETED,retrofit,,,,SCREW,0,2.0
11225.0,2025-12-08T19:05:00+00:00,LOCO_01,SHUNTING_PREP,retrofit,,,,,0,1.0
11226.0,2025-12-08T19:06:00+00:00,LOCO_01,MOVING,WS_02,retrofit,WS_02,,,0,5.0
11231.0,2025-12-08T19:11:00+00:00,LOCO_01,DECOUPLING_STARTED,WS_02,,,,SCREW,0,3.0
11234.0,2025-12-08T19:14:00+00:00,LOCO_01,DECOUPLING_COMPLETED,WS_02,,,,SCREW,0,3.0
11237.0,2025-12-08T19:17:00+00:00,LOCO_01,MOVING,track_19,WS_02,track_19,,,0,5.0
11242.0,2025-12-08T19:22:00+00:00,LOCO_01,MOVING,collection1,track_19,collection1,,,0,60.0
11302.0,2025-12-08T20:22:00+00:00,LOCO_01,ALLOCATED,,,,batch_transport,,0,0.0
11302.0,2025-12-08T20:22:00+00:00,LOCO_01,LOCO_COUPLING_STARTED,collection1,,,,SCREW,1,2.0
11304.0,2025-12-08T20:24:00+00:00,LOCO_01,LOCO_COUPLING_COMPLETED,collection1,,,,SCREW,1,2.0
11304.0,2025-12-08T20:24:00+00:00,LOCO_01,SHUNTING_PREP,collection1,,,,,1,1.0
11305.0,2025-12-08T20:25:00+00:00,LOCO_01,MOVING,retrofit,collection1,retrofit,,,0,60.0
11365.0,2025-12-08T21:25:00+00:00,LOCO_01,LOCO_DECOUPLING_STARTED,retrofit,,,,SCREW,1,3.0
11368.0,2025-12-08T21:28:00+00:00,LOCO_01,MOVING,track_19,retrofit,track_19,,,0,0.0
11368.0,2025-12-08T21:28:00+00:00,LOCO_01,LOCO_DECOUPLING_COMPLETED,retrofit,,,,SCREW,1,3.0
11373.0,2025-12-08T21:33:00+00:00,LOCO_01,PARKING,,,,,,0,0.0
11373.0,2025-12-08T21:33:00+00:00,LOCO_01,MOVING,WS_01,track_19,WS_01,,,0,5.0
11378.0,2025-12-08T21:38:00+00:00,LOCO_01,RAKE_COUPLING_STARTED,WS_01,,,,DAC,2,0.5
11378.5,2025-12-08T21:38:30+00:00,LOCO_01,RAKE_COUPLING_COMPLETED,WS_01,,,,DAC,2,0.5
11378.5,2025-12-08T21:38:30+00:00,LOCO_01,LOCO_COUPLING_STARTED,WS_01,,,,DAC,2,0.5
11379.0,2025-12-08T21:39:00+00:00,LOCO_01,LOCO_COUPLING_COMPLETED,WS_01,,,,DAC,2,0.5
11379.0,2025-12-08T21:39:00+00:00,LOCO_01,SHUNTING_PREP,WS_01,,,,,2,1.0
11380.0,2025-12-08T21:40:00+00:00,LOCO_01,MOVING,retrofitted,WS_01,retrofitted,,,0,5.0
11385.0,2025-12-08T21:45:00+00:00,LOCO_01,MOVING,track_19,retrofitted,track_19,,,0,5.0
11390.0,2025-12-08T21:50:00+00:00,LOCO_01,MOVING,WS_02,track_19,WS_02,,,0,5.0
11395.0,2025-12-08T21:55:00+00:00,LOCO_01,RAKE_COUPLING_STARTED,WS_02,,,,DAC,2,0.5
11395.5,2025-12-08T21:55:30+00:00,LOCO_01,RAKE_COUPLING_COMPLETED,WS_02,,,,DAC,2,0.5
11395.5,2025-12-08T21:55:30+00:00,LOCO_01,LOCO_COUPLING_STARTED,WS_02,,,,DAC,2,0.5
11396.0,2025-12-08T21:56:00+00:00,LOCO_01,LOCO_COUPLING_COMPLETED,WS_02,,,,DAC,2,0.5
11396.0,2025-12-08T21:56:00+00:00,LOCO_01,SHUNTING_PREP,WS_02,,,,,2,1.0
11397.0,2025-12-08T21:57:00+00:00,LOCO_01,MOVING,retrofitted,WS_02,retrofitted,,,0,5.0
11402.0,2025-12-08T22:02:00+00:00,LOCO_01,MOVING,track_19,retrofitted,track_19,,,0,5.0
11407.0,2025-12-08T22:07:00+00:00,LOCO_01,ALLOCATED,,,,batch_transport,,0,0.0
11407.0,2025-12-08T22:07:00+00:00,LOCO_01,MOVING,retrofitted,track_19,retrofitted,,,0,5.0
11412.0,2025-12-08T22:12:00+00:00,LOCO_01,RAKE_COUPLING_STARTED,retrofitted,,,,DAC,8,3.5
11415.5,2025-12-08T22:15:30+00:00,LOCO_01,RAKE_COUPLING_COMPLETED,retrofitted,,,,DAC,8,3.5
11415.5,2025-12-08T22:15:30+00:00,LOCO_01,LOCO_COUPLING_STARTED,retrofitted,,,,DAC,8,0.5
11416.0,2025-12-08T22:16:00+00:00,LOCO_01,LOCO_COUPLING_COMPLETED,retrofitted,,,,DAC,8,0.5
11416.0,2025-12-08T22:16:00+00:00,LOCO_01,SHUNTING_PREP,retrofitted,,,,,8,1.0
11417.0,2025-12-08T22:17:00+00:00,LOCO_01,MOVING,parking12,retrofitted,parking12,,,0,60.0
11477.0,2025-12-08T23:17:00+00:00,LOCO_01,LOCO_DECOUPLING_STARTED,parking12,,,,DAC,8,0.5
11477.5,2025-12-08T23:17:30+00:00,LOCO_01,LOCO_DECOUPLING_COMPLETED,parking12,,,,DAC,8,0.5
11477.5,2025-12-08T23:17:30+00:00,LOCO_01,RAKE_DECOUPLING_STARTED,parking12,,,,DAC,8,3.5
11481.0,2025-12-08T23:21:00+00:00,LOCO_01,RAKE_DECOUPLING_COMPLETED,parking12,,,,DAC,8,3.5
11484.5,2025-12-08T23:24:30+00:00,LOCO_01,MOVING,track_19,parking12,track_19,,,0,60.0
11544.5,2025-12-09T00:24:30+00:00,LOCO_01,MOVING,WS_01,track_19,WS_01,,,0,5.0
11549.5,2025-12-09T00:29:30+00:00,LOCO_01,RAKE_COUPLING_STARTED,WS_01,,,,DAC,2,0.5
11550.0,2025-12-09T00:30:00+00:00,LOCO_01,RAKE_COUPLING_COMPLETED,WS_01,,,,DAC,2,0.5
11550.0,2025-12-09T00:30:00+00:00,LOCO_01,LOCO_COUPLING_STARTED,WS_01,,,,DAC,2,0.5
11550.5,2025-12-09T00:30:30+00:00,LOCO_01,LOCO_COUPLING_COMPLETED,WS_01,,,,DAC,2,0.5
11550.5,2025-12-09T00:30:30+00:00,LOCO_01,SHUNTING_PREP,WS_01,,,,,2,1.0
11551.5,2025-12-09T00:31:30+00:00,LOCO_01,MOVING,retrofitted,WS_01,retrofitted,,,0,5.0
11556.5,2025-12-09T00:36:30+00:00,LOCO_01,MOVING,track_19,retrofitted,track_19,,,0,5.0
11561.5,2025-12-09T00:41:30+00:00,LOCO_01,MOVING,WS_02,track_19,WS_02,,,0,5.0
11566.5,2025-12-09T00:46:30+00:00,LOCO_01,RAKE_COUPLING_STARTED,WS_02,,,,DAC,2,0.5
11567.0,2025-12-09T00:47:00+00:00,LOCO_01,RAKE_COUPLING_COMPLETED,WS_02,,,,DAC,2,0.5
11567.0,2025-12-09T00:47:00+00:00,LOCO_01,LOCO_COUPLING_STARTED,WS_02,,,,DAC,2,0.5
11567.5,2025-12-09T00:47:30+00:00,LOCO_01,LOCO_COUPLING_COMPLETED,WS_02,,,,DAC,2,0.5
11567.5,2025-12-09T00:47:30+00:00,LOCO_01,SHUNTING_PREP,WS_02,,,,,2,1.0
11568.5,2025-12-09T00:48:30+00:00,LOCO_01,MOVING,retrofitted,WS_02,retrofitted,,,0,5.0
11573.5,2025-12-09T00:53:30+00:00,LOCO_01,MOVING,track_19,retrofitted,track_19,,,0,7.0
11580.5,2025-12-09T01:00:30+00:00,LOCO_01,MOVING,retrofit,track_19,retrofit,,,0,5.0
11585.5,2025-12-09T01:05:30+00:00,LOCO_01,COUPLING_STARTED,retrofit,,,,SCREW,0,2.0
11587.5,2025-12-09T01:07:30+00:00,LOCO_01,COUPLING_COMPLETED,retrofit,,,,SCREW,0,2.0
11587.5,2025-12-09T01:07:30+00:00,LOCO_01,SHUNTING_PREP,retrofit,,,,,0,1.0
11588.5,2025-12-09T01:08:30+00:00,LOCO_01,MOVING,WS_01,retrofit,WS_01,,,0,5.0
11593.5,2025-12-09T01:13:30+00:00,LOCO_01,DECOUPLING_STARTED,WS_01,,,,SCREW,0,3.0
11596.5,2025-12-09T01:16:30+00:00,LOCO_01,DECOUPLING_COMPLETED,WS_01,,,,SCREW,0,3.0
11599.5,2025-12-09T01:19:30+00:00,LOCO_01,MOVING,track_19,WS_01,track_19,,,0,5.0
11604.5,2025-12-09T01:24:30+00:00,LOCO_01,ALLOCATED,,,,batch_transport,,0,0.0
11604.5,2025-12-09T01:24:30+00:00,LOCO_01,MOVING,retrofitted,track_19,retrofitted,,,0,5.0
11609.5,2025-12-09T01:29:30+00:00,LOCO_01,RAKE_COUPLING_STARTED,retrofitted,,,,DAC,4,1.5
11611.0,2025-12-09T01:31:00+00:00,LOCO_01,RAKE_COUPLING_COMPLETED,retrofitted,,,,DAC,4,1.5
11611.0,2025-12-09T01:31:00+00:00,LOCO_01,LOCO_COUPLING_STARTED,retrofitted,,,,DAC,4,0.5
11611.5,2025-12-09T01:31:30+00:00,LOCO_01,LOCO_COUPLING_COMPLETED,retrofitted,,,,DAC,4,0.5
11611.5,2025-12-09T01:31:30+00:00,LOCO_01,SHUNTING_PREP,retrofitted,,,,,4,1.0
11612.5,2025-12-09T01:32:30+00:00,LOCO_01,MOVING,parking2,retrofitted,parking2,,,0,5.0
11617.5,2025-12-09T01:37:30+00:00,LOCO_01,LOCO_DECOUPLING_STARTED,parking2,,,,DAC,4,0.5
11618.0,2025-12-09T01:38:00+00:00,LOCO_01,LOCO_DECOUPLING_COMPLETED,parking2,,,,DAC,4,0.5
11618.0,2025-12-09T01:38:00+00:00,LOCO_01,RAKE_DECOUPLING_STARTED,parking2,,,,DAC,4,1.5
11619.5,2025-12-09T01:39:30+00:00,LOCO_01,RAKE_DECOUPLING_COMPLETED,parking2,,,,DAC,4,1.5
11621.0,2025-12-09T01:41:00+00:00,LOCO_01,MOVING,track_19,parking2,track_19,,,0,39.0
11660.0,2025-12-09T02:20:00+00:00,LOCO_01,MOVING,WS_01,track_19,WS_01,,,0,5.0
11665.0,2025-12-09T02:25:00+00:00,LOCO_01,RAKE_COUPLING_STARTED,WS_01,,,,DAC,2,0.5
11665.5,2025-12-09T02:25:30+00:00,LOCO_01,RAKE_COUPLING_COMPLETED,WS_01,,,,DAC,2,0.5
11665.5,2025-12-09T02:25:30+00:00,LOCO_01,LOCO_COUPLING_STARTED,WS_01,,,,DAC,2,0.5
11666.0,2025-12-09T02:26:00+00:00,LOCO_01,LOCO_COUPLING_COMPLETED,WS_01,,,,DAC,2,0.5
11666.0,2025-12-09T02:26:00+00:00,LOCO_01,SHUNTING_PREP,WS_01,,,,,2,1.0
11667.0,2025-12-09T02:27:00+00:00,LOCO_01,MOVING,retrofitted,WS_01,retrofitted,,,0,5.0
11672.0,2025-12-09T02:32:00+00:00,LOCO_01,MOVING,track_19,retrofitted,track_19,,,0,7.0
11679.0,2025-12-09T02:39:00+00:00,LOCO_01,MOVING,retrofit,track_19,retrofit,,,0,5.0
11684.0,2025-12-09T02:44:00+00:00,LOCO_01,COUPLING_STARTED,retrofit,,,,SCREW,0,2.0
11686.0,2025-12-09T02:46:00+00:00,LOCO_01,COUPLING_COMPLETED,retrofit,,,,SCREW,0,2.0
11686.0,2025-12-09T02:46:00+00:00,LOCO_01,SHUNTING_PREP,retrofit,,,,,0,1.0
11687.0,2025-12-09T02:47:00+00:00,LOCO_01,MOVING,WS_01,retrofit,WS_01,,,0,5.0
11692.0,2025-12-09T02:52:00+00:00,LOCO_01,DECOUPLING_STARTED,WS_01,,,,SCREW,0,3.0
11695.0,2025-12-09T02:55:00+00:00,LOCO_01,DECOUPLING_COMPLETED,WS_01,,,,SCREW,0,3.0
11698.0,2025-12-09T02:58:00+00:00,LOCO_01,MOVING,track_19,WS_01,track_19,,,0,17.5
11715.5,2025-12-09T03:15:30+00:00,LOCO_01,MOVING,retrofit,track_19,retrofit,,,0,5.0
11720.5,2025-12-09T03:20:30+00:00,LOCO_01,COUPLING_STARTED,retrofit,,,,SCREW,0,2.0
11722.5,2025-12-09T03:22:30+00:00,LOCO_01,COUPLING_COMPLETED,retrofit,,,,SCREW,0,2.0
11722.5,2025-12-09T03:22:30+00:00,LOCO_01,SHUNTING_PREP,retrofit,,,,,0,1.0
11723.5,2025-12-09T03:23:30+00:00,LOCO_01,MOVING,WS_02,retrofit,WS_02,,,0,5.0
11728.5,2025-12-09T03:28:30+00:00,LOCO_01,DECOUPLING_STARTED,WS_02,,,,SCREW,0,3.0
11731.5,2025-12-09T03:31:30+00:00,LOCO_01,DECOUPLING_COMPLETED,WS_02,,,,SCREW,0,3.0
11734.5,2025-12-09T03:34:30+00:00,LOCO_01,MOVING,track_19,WS_02,track_19,,,0,5.0
11739.5,2025-12-09T03:39:30+00:00,LOCO_01,MOVING,collection1,track_19,collection1,,,0,60.0
11799.5,2025-12-09T04:39:30+00:00,LOCO_01,ALLOCATED,,,,batch_transport,,0,0.0
11799.5,2025-12-09T04:39:30+00:00,LOCO_01,RAKE_COUPLING_STARTED,collection1,,,,SCREW,7,12.0
11811.5,2025-12-09T04:51:30+00:00,LOCO_01,RAKE_COUPLING_COMPLETED,collection1,,,,SCREW,7,12.0
11811.5,2025-12-09T04:51:30+00:00,LOCO_01,LOCO_COUPLING_STARTED,collection1,,,,SCREW,7,2.0
11813.5,2025-12-09T04:53:30+00:00,LOCO_01,LOCO_COUPLING_COMPLETED,collection1,,,,SCREW,7,2.0
11813.5,2025-12-09T04:53:30+00:00,LOCO_01,SHUNTING_PREP,collection1,,,,,7,1.0
11814.5,2025-12-09T04:54:30+00:00,LOCO_01,MOVING,retrofit,collection1,retrofit,,,0,60.0
11874.5,2025-12-09T05:54:30+00:00,LOCO_01,LOCO_DECOUPLING_STARTED,retrofit,,,,SCREW,7,3.0
11877.5,2025-12-09T05:57:30+00:00,LOCO_01,LOCO_DECOUPLING_COMPLETED,retrofit,,,,SCREW,7,3.0
11877.5,2025-12-09T05:57:30+00:00,LOCO_01,RAKE_DECOUPLING_STARTED,retrofit,,,,SCREW,7,18.0
11895.5,2025-12-09T06:15:30+00:00,LOCO_01,RAKE_DECOUPLING_COMPLETED,retrofit,,,,SCREW,7,18.0
11913.5,2025-12-09T06:33:30+00:00,LOCO_01,MOVING,track_19,retrofit,track_19,,,0,5.0
11918.5,2025-12-09T06:38:30+00:00,LOCO_01,PARKING,,,,,,0,0.0
11918.5,2025-12-09T06:38:30+00:00,LOCO_01,ALLOCATED,,,,batch_transport,,0,0.0
11918.5,2025-12-09T06:38:30+00:00,LOCO_01,MOVING,retrofitted,track_19,retrofitted,,,0,5.0
11923.5,2025-12-09T06:43:30+00:00,LOCO_01,RAKE_COUPLING_STARTED,retrofitted,,,,DAC,2,0.5
11924.0,2025-12-09T06:44:00+00:00,LOCO_01,RAKE_COUPLING_COMPLETED,retrofitted,,,,DAC,2,0.5
11924.0,2025-12-09T06:44:00+00:00,LOCO_01,LOCO_COUPLING_STARTED,retrofitted,,,,DAC,2,0.5
11924.5,2025-12-09T06:44:30+00:00,LOCO_01,LOCO_COUPLING_COMPLETED,retrofitted,,,,DAC,2,0.5
11924.5,2025-12-09T06:44:30+00:00,LOCO_01,SHUNTING_PREP,retrofitted,,,,,2,1.0
11925.5,2025-12-09T06:45:30+00:00,LOCO_01,MOVING,parking3,retrofitted,parking3,,,0,5.0
11930.5,2025-12-09T06:50:30+00:00,LOCO_01,LOCO_DECOUPLING_STARTED,parking3,,,,DAC,2,0.5
11931.0,2025-12-09T06:51:00+00:00,LOCO_01,LOCO_DECOUPLING_COMPLETED,parking3,,,,DAC,2,0.5
11931.0,2025-12-09T06:51:00+00:00,LOCO_01,RAKE_DECOUPLING_STARTED,parking3,,,,DAC,2,0.5
11931.5,2025-12-09T06:51:30+00:00,LOCO_01,RAKE_DECOUPLING_COMPLETED,parking3,,,,DAC,2,0.5
11932.0,2025-12-09T06:52:00+00:00,LOCO_01,MOVING,track_19,parking3,track_19,,,0,5.0
11937.0,2025-12-09T06:57:00+00:00,LOCO_01,ALLOCATED,,,,batch_transport,,0,0.0
11937.0,2025-12-09T06:57:00+00:00,LOCO_01,MOVING,retrofitted,track_19,retrofitted,,,0,5.0
11942.0,2025-12-09T07:02:00+00:00,LOCO_01,RAKE_COUPLING_STARTED,retrofitted,,,,DAC,6,2.5
11944.5,2025-12-09T07:04:30+00:00,LOCO_01,RAKE_COUPLING_COMPLETED,retrofitted,,,,DAC,6,2.5
11944.5,2025-12-09T07:04:30+00:00,LOCO_01,LOCO_COUPLING_STARTED,retrofitted,,,,DAC,6,0.5
11945.0,2025-12-09T07:05:00+00:00,LOCO_01,LOCO_COUPLING_COMPLETED,retrofitted,,,,DAC,6,0.5
11945.0,2025-12-09T07:05:00+00:00,LOCO_01,SHUNTING_PREP,retrofitted,,,,,6,1.0
11946.0,2025-12-09T07:06:00+00:00,LOCO_01,MOVING,parking15,retrofitted,parking15,,,0,75.0
12021.0,2025-12-09T08:21:00+00:00,LOCO_01,LOCO_DECOUPLING_STARTED,parking15,,,,DAC,6,0.5
12021.5,2025-12-09T08:21:30+00:00,LOCO_01,LOCO_DECOUPLING_COMPLETED,parking15,,,,DAC,6,0.5
12021.5,2025-12-09T08:21:30+00:00,LOCO_01,RAKE_DECOUPLING_STARTED,parking15,,,,DAC,6,2.5
12024.0,2025-12-09T08:24:00+00:00,LOCO_01,RAKE_DECOUPLING_COMPLETED,parking15,,,,DAC,6,2.5
12026.5,2025-12-09T08:26:30+00:00,LOCO_01,MOVING,track_19,parking15,track_19,,,0,60.0
12086.5,2025-12-09T09:26:30+00:00,LOCO_01,MOVING,WS_01,track_19,WS_01,,,0,5.0
12091.5,2025-12-09T09:31:30+00:00,LOCO_01,RAKE_COUPLING_STARTED,WS_01,,,,DAC,2,0.5
12092.0,2025-12-09T09:32:00+00:00,LOCO_01,RAKE_COUPLING_COMPLETED,WS_01,,,,DAC,2,0.5
12092.0,2025-12-09T09:32:00+00:00,LOCO_01,LOCO_COUPLING_STARTED,WS_01,,,,DAC,2,0.5
12092.5,2025-12-09T09:32:30+00:00,LOCO_01,LOCO_COUPLING_COMPLETED,WS_01,,,,DAC,2,0.5
12092.5,2025-12-09T09:32:30+00:00,LOCO_01,SHUNTING_PREP,WS_01,,,,,2,1.0
12093.5,2025-12-09T09:33:30+00:00,LOCO_01,MOVING,retrofitted,WS_01,retrofitted,,,0,5.0
12098.5,2025-12-09T09:38:30+00:00,LOCO_01,MOVING,track_19,retrofitted,track_19,,,0,7.0
12105.5,2025-12-09T09:45:30+00:00,LOCO_01,MOVING,retrofit,track_19,retrofit,,,0,5.0
12110.5,2025-12-09T09:50:30+00:00,LOCO_01,COUPLING_STARTED,retrofit,,,,SCREW,0,2.0
12112.5,2025-12-09T09:52:30+00:00,LOCO_01,COUPLING_COMPLETED,retrofit,,,,SCREW,0,2.0
12112.5,2025-12-09T09:52:30+00:00,LOCO_01,SHUNTING_PREP,retrofit,,,,,0,1.0
12113.5,2025-12-09T09:53:30+00:00,LOCO_01,MOVING,WS_02,retrofit,WS_02,,,0,5.0
12118.5,2025-12-09T09:58:30+00:00,LOCO_01,DECOUPLING_STARTED,WS_02,,,,SCREW,0,3.0
12121.5,2025-12-09T10:01:30+00:00,LOCO_01,DECOUPLING_COMPLETED,WS_02,,,,SCREW,0,3.0
12124.5,2025-12-09T10:04:30+00:00,LOCO_01,MOVING,track_19,WS_02,track_19,,,0,7.0
12131.5,2025-12-09T10:11:30+00:00,LOCO_01,MOVING,retrofit,track_19,retrofit,,,0,5.0
12136.5,2025-12-09T10:16:30+00:00,LOCO_01,COUPLING_STARTED,retrofit,,,,SCREW,0,2.0
12138.5,2025-12-09T10:18:30+00:00,LOCO_01,COUPLING_COMPLETED,retrofit,,,,SCREW,0,2.0
12138.5,2025-12-09T10:18:30+00:00,LOCO_01,SHUNTING_PREP,retrofit,,,,,0,1.0
12139.5,2025-12-09T10:19:30+00:00,LOCO_01,MOVING,WS_01,retrofit,WS_01,,,0,5.0
12144.5,2025-12-09T10:24:30+00:00,LOCO_01,DECOUPLING_STARTED,WS_01,,,,SCREW,0,3.0
12147.5,2025-12-09T10:27:30+00:00,LOCO_01,DECOUPLING_COMPLETED,WS_01,,,,SCREW,0,3.0
12150.5,2025-12-09T10:30:30+00:00,LOCO_01,MOVING,track_19,WS_01,track_19,,,0,5.0
12155.5,2025-12-09T10:35:30+00:00,LOCO_01,MOVING,collection1,track_19,collection1,,,0,60.0
12215.5,2025-12-09T11:35:30+00:00,LOCO_01,ALLOCATED,,,,batch_transport,,0,0.0
12215.5,2025-12-09T11:35:30+00:00,LOCO_01,RAKE_COUPLING_STARTED,collection1,,,,SCREW,3,4.0
12219.5,2025-12-09T11:39:30+00:00,LOCO_01,RAKE_COUPLING_COMPLETED,collection1,,,,SCREW,3,4.0
12219.5,2025-12-09T11:39:30+00:00,LOCO_01,LOCO_COUPLING_STARTED,collection1,,,,SCREW,3,2.0
12221.5,2025-12-09T11:41:30+00:00,LOCO_01,LOCO_COUPLING_COMPLETED,collection1,,,,SCREW,3,2.0
12221.5,2025-12-09T11:41:30+00:00,LOCO_01,SHUNTING_PREP,collection1,,,,,3,1.0
12222.5,2025-12-09T11:42:30+00:00,LOCO_01,MOVING,retrofit,collection1,retrofit,,,0,60.0
12282.5,2025-12-09T12:42:30+00:00,LOCO_01,LOCO_DECOUPLING_STARTED,retrofit,,,,SCREW,3,3.0
12285.5,2025-12-09T12:45:30+00:00,LOCO_01,LOCO_DECOUPLING_COMPLETED,retrofit,,,,SCREW,3,3.0
12285.5,2025-12-09T12:45:30+00:00,LOCO_01,RAKE_DECOUPLING_STARTED,retrofit,,,,SCREW,3,6.0
12291.5,2025-12-09T12:51:30+00:00,LOCO_01,RAKE_DECOUPLING_COMPLETED,retrofit,,,,SCREW,3,6.0
12297.5,2025-12-09T12:57:30+00:00,LOCO_01,MOVING,track_19,retrofit,track_19,,,0,5.0
12302.5,2025-12-09T13:02:30+00:00,LOCO_01,PARKING,,,,,,0,0.0
12302.5,2025-12-09T13:02:30+00:00,LOCO_01,ALLOCATED,,,,batch_transport,,0,0.0
12302.5,2025-12-09T13:02:30+00:00,LOCO_01,MOVING,retrofitted,track_19,retrofitted,,,0,5.0
12307.5,2025-12-09T13:07:30+00:00,LOCO_01,RAKE_COUPLING_STARTED,retrofitted,,,,DAC,2,0.5
12308.0,2025-12-09T13:08:00+00:00,LOCO_01,RAKE_COUPLING_COMPLETED,retrofitted,,,,DAC,2,0.5
12308.0,2025-12-09T13:08:00+00:00,LOCO_01,LOCO_COUPLING_STARTED,retrofitted,,,,DAC,2,0.5
12308.5,2025-12-09T13:08:30+00:00,LOCO_01,LOCO_COUPLING_COMPLETED,retrofitted,,,,DAC,2,0.5
12308.5,2025-12-09T13:08:30+00:00,LOCO_01,SHUNTING_PREP,retrofitted,,,,,2,1.0
12309.5,2025-12-09T13:09:30+00:00,LOCO_01,MOVING,parking5,retrofitted,parking5,,,0,5.0
12314.5,2025-12-09T13:14:30+00:00,LOCO_01,LOCO_DECOUPLING_STARTED,parking5,,,,DAC,2,0.5
12315.0,2025-12-09T13:15:00+00:00,LOCO_01,LOCO_DECOUPLING_COMPLETED,parking5,,,,DAC,2,0.5
12315.0,2025-12-09T13:15:00+00:00,LOCO_01,RAKE_DECOUPLING_STARTED,parking5,,,,DAC,2,0.5
12315.5,2025-12-09T13:15:30+00:00,LOCO_01,RAKE_DECOUPLING_COMPLETED,parking5,,,,DAC,2,0.5
12316.0,2025-12-09T13:16:00+00:00,LOCO_01,MOVING,track_19,parking5,track_19,,,0,5.0
12321.0,2025-12-09T13:21:00+00:00,LOCO_01,MOVING,WS_02,track_19,WS_02,,,0,5.0
12326.0,2025-12-09T13:26:00+00:00,LOCO_01,RAKE_COUPLING_STARTED,WS_02,,,,DAC,2,0.5
12326.5,2025-12-09T13:26:30+00:00,LOCO_01,RAKE_COUPLING_COMPLETED,WS_02,,,,DAC,2,0.5
12326.5,2025-12-09T13:26:30+00:00,LOCO_01,LOCO_COUPLING_STARTED,WS_02,,,,DAC,2,0.5
12327.0,2025-12-09T13:27:00+00:00,LOCO_01,LOCO_COUPLING_COMPLETED,WS_02,,,,DAC,2,0.5
12327.0,2025-12-09T13:27:00+00:00,LOCO_01,SHUNTING_PREP,WS_02,,,,,2,1.0
12328.0,2025-12-09T13:28:00+00:00,LOCO_01,MOVING,retrofitted,WS_02,retrofitted,,,0,5.0
12333.0,2025-12-09T13:33:00+00:00,LOCO_01,MOVING,track_19,retrofitted,track_19,,,0,5.0
12338.0,2025-12-09T13:38:00+00:00,LOCO_01,MOVING,WS_01,track_19,WS_01,,,0,5.0
12343.0,2025-12-09T13:43:00+00:00,LOCO_01,RAKE_COUPLING_STARTED,WS_01,,,,DAC,2,0.5
12343.5,2025-12-09T13:43:30+00:00,LOCO_01,RAKE_COUPLING_COMPLETED,WS_01,,,,DAC,2,0.5
12343.5,2025-12-09T13:43:30+00:00,LOCO_01,LOCO_COUPLING_STARTED,WS_01,,,,DAC,2,0.5
12344.0,2025-12-09T13:44:00+00:00,LOCO_01,LOCO_COUPLING_COMPLETED,WS_01,,,,DAC,2,0.5
12344.0,2025-12-09T13:44:00+00:00,LOCO_01,SHUNTING_PREP,WS_01,,,,,2,1.0
12345.0,2025-12-09T13:45:00+00:00,LOCO_01,MOVING,retrofitted,WS_01,retrofitted,,,0,5.0
12350.0,2025-12-09T13:50:00+00:00,LOCO_01,MOVING,track_19,retrofitted,track_19,,,0,7.0
12357.0,2025-12-09T13:57:00+00:00,LOCO_01,MOVING,retrofit,track_19,retrofit,,,0,5.0
12362.0,2025-12-09T14:02:00+00:00,LOCO_01,COUPLING_STARTED,retrofit,,,,SCREW,0,2.0
12364.0,2025-12-09T14:04:00+00:00,LOCO_01,COUPLING_COMPLETED,retrofit,,,,SCREW,0,2.0
12364.0,2025-12-09T14:04:00+00:00,LOCO_01,SHUNTING_PREP,retrofit,,,,,0,1.0
12365.0,2025-12-09T14:05:00+00:00,LOCO_01,MOVING,WS_02,retrofit,WS_02,,,0,5.0
12370.0,2025-12-09T14:10:00+00:00,LOCO_01,DECOUPLING_STARTED,WS_02,,,,SCREW,0,3.0
12373.0,2025-12-09T14:13:00+00:00,LOCO_01,DECOUPLING_COMPLETED,WS_02,,,,SCREW,0,3.0
12376.0,2025-12-09T14:16:00+00:00,LOCO_01,MOVING,track_19,WS_02,track_19,,,0,7.0
12383.0,2025-12-09T14:23:00+00:00,LOCO_01,MOVING,retrofit,track_19,retrofit,,,0,5.0
12388.0,2025-12-09T14:28:00+00:00,LOCO_01,COUPLING_STARTED,retrofit,,,,SCREW,0,2.0
12390.0,2025-12-09T14:30:00+00:00,LOCO_01,COUPLING_COMPLETED,retrofit,,,,SCREW,0,2.0
12390.0,2025-12-09T14:30:00+00:00,LOCO_01,SHUNTING_PREP,retrofit,,,,,0,1.0
12391.0,2025-12-09T14:31:00+00:00,LOCO_01,MOVING,WS_01,retrofit,WS_01,,,0,5.0
12396.0,2025-12-09T14:36:00+00:00,LOCO_01,DECOUPLING_STARTED,WS_01,,,,SCREW,0,3.0
12399.0,2025-12-09T14:39:00+00:00,LOCO_01,DECOUPLING_COMPLETED,WS_01,,,,SCREW,0,3.0
12402.0,2025-12-09T14:42:00+00:00,LOCO_01,MOVING,track_19,WS_01,track_19,,,0,5.0
12407.0,2025-12-09T14:47:00+00:00,LOCO_01,MOVING,collection1,track_19,collection1,,,0,60.0
12467.0,2025-12-09T15:47:00+00:00,LOCO_01,ALLOCATED,,,,batch_transport,,0,0.0
12467.0,2025-12-09T15:47:00+00:00,LOCO_01,RAKE_COUPLING_STARTED,collection1,,,,SCREW,4,6.0
12473.0,2025-12-09T15:53:00+00:00,LOCO_01,RAKE_COUPLING_COMPLETED,collection1,,,,SCREW,4,6.0
12473.0,2025-12-09T15:53:00+00:00,LOCO_01,LOCO_COUPLING_STARTED,collection1,,,,SCREW,4,2.0
12475.0,2025-12-09T15:55:00+00:00,LOCO_01,LOCO_COUPLING_COMPLETED,collection1,,,,SCREW,4,2.0
12475.0,2025-12-09T15:55:00+00:00,LOCO_01,SHUNTING_PREP,collection1,,,,,4,1.0
12476.0,2025-12-09T15:56:00+00:00,LOCO_01,MOVING,retrofit,collection1,retrofit,,,0,60.0
12536.0,2025-12-09T16:56:00+00:00,LOCO_01,LOCO_DECOUPLING_STARTED,retrofit,,,,SCREW,4,3.0
12539.0,2025-12-09T16:59:00+00:00,LOCO_01,LOCO_DECOUPLING_COMPLETED,retrofit,,,,SCREW,4,3.0
12539.0,2025-12-09T16:59:00+00:00,LOCO_01,RAKE_DECOUPLING_STARTED,retrofit,,,,SCREW,4,9.0
12548.0,2025-12-09T17:08:00+00:00,LOCO_01,RAKE_DECOUPLING_COMPLETED,retrofit,,,,SCREW,4,9.0
12557.0,2025-12-09T17:17:00+00:00,LOCO_01,MOVING,track_19,retrofit,track_19,,,0,5.0
12562.0,2025-12-09T17:22:00+00:00,LOCO_01,PARKING,,,,,,0,0.0
12562.0,2025-12-09T17:22:00+00:00,LOCO_01,ALLOCATED,,,,batch_transport,,0,0.0
12562.0,2025-12-09T17:22:00+00:00,LOCO_01,MOVING,retrofitted,track_19,retrofitted,,,0,5.0
12567.0,2025-12-09T17:27:00+00:00,LOCO_01,RAKE_COUPLING_STARTED,retrofitted,,,,DAC,6,2.5
12569.5,2025-12-09T17:29:30+00:00,LOCO_01,RAKE_COUPLING_COMPLETED,retrofitted,,,,DAC,6,2.5
12569.5,2025-12-09T17:29:30+00:00,LOCO_01,LOCO_COUPLING_STARTED,retrofitted,,,,DAC,6,0.5
12570.0,2025-12-09T17:30:00+00:00,LOCO_01,LOCO_COUPLING_COMPLETED,retrofitted,,,,DAC,6,0.5
12570.0,2025-12-09T17:30:00+00:00,LOCO_01,SHUNTING_PREP,retrofitted,,,,,6,1.0
12571.0,2025-12-09T17:31:00+00:00,LOCO_01,MOVING,parking3,retrofitted,parking3,,,0,5.0
12576.0,2025-12-09T17:36:00+00:00,LOCO_01,LOCO_DECOUPLING_STARTED,parking3,,,,DAC,6,0.5
12576.5,2025-12-09T17:36:30+00:00,LOCO_01,LOCO_DECOUPLING_COMPLETED,parking3,,,,DAC,6,0.5
12576.5,2025-12-09T17:36:30+00:00,LOCO_01,RAKE_DECOUPLING_STARTED,parking3,,,,DAC,6,2.5
12579.0,2025-12-09T17:39:00+00:00,LOCO_01,RAKE_DECOUPLING_COMPLETED,parking3,,,,DAC,6,2.5
12581.5,2025-12-09T17:41:30+00:00,LOCO_01,MOVING,track_19,parking3,track_19,,,0,9.0
12590.5,2025-12-09T17:50:30+00:00,LOCO_01,MOVING,WS_02,track_19,WS_02,,,0,5.0
12595.5,2025-12-09T17:55:30+00:00,LOCO_01,RAKE_COUPLING_STARTED,WS_02,,,,DAC,2,0.5
12596.0,2025-12-09T17:56:00+00:00,LOCO_01,RAKE_COUPLING_COMPLETED,WS_02,,,,DAC,2,0.5
12596.0,2025-12-09T17:56:00+00:00,LOCO_01,LOCO_COUPLING_STARTED,WS_02,,,,DAC,2,0.5
12596.5,2025-12-09T17:56:30+00:00,LOCO_01,LOCO_COUPLING_COMPLETED,WS_02,,,,DAC,2,0.5
12596.5,2025-12-09T17:56:30+00:00,LOCO_01,SHUNTING_PREP,WS_02,,,,,2,1.0
12597.5,2025-12-09T17:57:30+00:00,LOCO_01,MOVING,retrofitted,WS_02,retrofitted,,,0,5.0
12602.5,2025-12-09T18:02:30+00:00,LOCO_01,MOVING,track_19,retrofitted,track_19,,,0,7.0
12609.5,2025-12-09T18:09:30+00:00,LOCO_01,MOVING,retrofit,track_19,retrofit,,,0,5.0
12614.5,2025-12-09T18:14:30+00:00,LOCO_01,COUPLING_STARTED,retrofit,,,,SCREW,0,2.0
12616.5,2025-12-09T18:16:30+00:00,LOCO_01,COUPLING_COMPLETED,retrofit,,,,SCREW,0,2.0
12616.5,2025-12-09T18:16:30+00:00,LOCO_01,SHUNTING_PREP,retrofit,,,,,0,1.0
12617.5,2025-12-09T18:17:30+00:00,LOCO_01,MOVING,WS_02,retrofit,WS_02,,,0,5.0
12622.5,2025-12-09T18:22:30+00:00,LOCO_01,DECOUPLING_STARTED,WS_02,,,,SCREW,0,3.0
12625.5,2025-12-09T18:25:30+00:00,LOCO_01,DECOUPLING_COMPLETED,WS_02,,,,SCREW,0,3.0
12628.5,2025-12-09T18:28:30+00:00,LOCO_01,MOVING,track_19,WS_02,track_19,,,0,5.0
12633.5,2025-12-09T18:33:30+00:00,LOCO_01,MOVING,WS_01,track_19,WS_01,,,0,5.0
12638.5,2025-12-09T18:38:30+00:00,LOCO_01,RAKE_COUPLING_STARTED,WS_01,,,,DAC,2,0.5
12639.0,2025-12-09T18:39:00+00:00,LOCO_01,RAKE_COUPLING_COMPLETED,WS_01,,,,DAC,2,0.5
12639.0,2025-12-09T18:39:00+00:00,LOCO_01,LOCO_COUPLING_STARTED,WS_01,,,,DAC,2,0.5
12639.5,2025-12-09T18:39:30+00:00,LOCO_01,LOCO_COUPLING_COMPLETED,WS_01,,,,DAC,2,0.5
12639.5,2025-12-09T18:39:30+00:00,LOCO_01,SHUNTING_PREP,WS_01,,,,,2,1.0
12640.5,2025-12-09T18:40:30+00:00,LOCO_01,MOVING,retrofitted,WS_01,retrofitted,,,0,5.0
12645.5,2025-12-09T18:45:30+00:00,LOCO_01,MOVING,track_19,retrofitted,track_19,,,0,5.0
12650.5,2025-12-09T18:50:30+00:00,LOCO_01,MOVING,collection1,track_19,collection1,,,0,60.0
12710.5,2025-12-09T19:50:30+00:00,LOCO_01,ALLOCATED,,,,batch_transport,,0,0.0
12710.5,2025-12-09T19:50:30+00:00,LOCO_01,RAKE_COUPLING_STARTED,collection1,,,,SCREW,4,6.0
12716.5,2025-12-09T19:56:30+00:00,LOCO_01,RAKE_COUPLING_COMPLETED,collection1,,,,SCREW,4,6.0
12716.5,2025-12-09T19:56:30+00:00,LOCO_01,LOCO_COUPLING_STARTED,collection1,,,,SCREW,4,2.0
12718.5,2025-12-09T19:58:30+00:00,LOCO_01,LOCO_COUPLING_COMPLETED,collection1,,,,SCREW,4,2.0
12718.5,2025-12-09T19:58:30+00:00,LOCO_01,SHUNTING_PREP,collection1,,,,,4,1.0
12719.5,2025-12-09T19:59:30+00:00,LOCO_01,MOVING,retrofit,collection1,retrofit,,,0,60.0
12779.5,2025-12-09T20:59:30+00:00,LOCO_01,LOCO_DECOUPLING_STARTED,retrofit,,,,SCREW,4,3.0
12782.5,2025-12-09T21:02:30+00:00,LOCO_01,LOCO_DECOUPLING_COMPLETED,retrofit,,,,SCREW,4,3.0
12782.5,2025-12-09T21:02:30+00:00,LOCO_01,RAKE_DECOUPLING_STARTED,retrofit,,,,SCREW,4,9.0
12791.5,2025-12-09T21:11:30+00:00,LOCO_01,RAKE_DECOUPLING_COMPLETED,retrofit,,,,SCREW,4,9.0
12800.5,2025-12-09T21:20:30+00:00,LOCO_01,MOVING,track_19,retrofit,track_19,,,0,5.0
12805.5,2025-12-09T21:25:30+00:00,LOCO_01,PARKING,,,,,,0,0.0
12805.5,2025-12-09T21:25:30+00:00,LOCO_01,MOVING,collection2,track_19,collection2,,,0,60.0
12865.5,2025-12-09T22:25:30+00:00,LOCO_01,ALLOCATED,,,,batch_transport,,0,0.0
12865.5,2025-12-09T22:25:30+00:00,LOCO_01,RAKE_COUPLING_STARTED,collection2,,,,SCREW,5,8.0
12873.5,2025-12-09T22:33:30+00:00,LOCO_01,RAKE_COUPLING_COMPLETED,collection2,,,,SCREW,5,8.0
12873.5,2025-12-09T22:33:30+00:00,LOCO_01,LOCO_COUPLING_STARTED,collection2,,,,SCREW,5,2.0
12875.5,2025-12-09T22:35:30+00:00,LOCO_01,LOCO_COUPLING_COMPLETED,collection2,,,,SCREW,5,2.0
12875.5,2025-12-09T22:35:30+00:00,LOCO_01,SHUNTING_PREP,collection2,,,,,5,1.0
12876.5,2025-12-09T22:36:30+00:00,LOCO_01,MOVING,retrofit,collection2,retrofit,,,0,60.0
12936.5,2025-12-09T23:36:30+00:00,LOCO_01,LOCO_DECOUPLING_STARTED,retrofit,,,,SCREW,5,3.0
12939.5,2025-12-09T23:39:30+00:00,LOCO_01,LOCO_DECOUPLING_COMPLETED,retrofit,,,,SCREW,5,3.0
12939.5,2025-12-09T23:39:30+00:00,LOCO_01,RAKE_DECOUPLING_STARTED,retrofit,,,,SCREW,5,12.0
12951.5,2025-12-09T23:51:30+00:00,LOCO_01,RAKE_DECOUPLING_COMPLETED,retrofit,,,,SCREW,5,12.0
12963.5,2025-12-10T00:03:30+00:00,LOCO_01,MOVING,track_19,retrofit,track_19,,,0,5.0
12968.5,2025-12-10T00:08:30+00:00,LOCO_01,PARKING,,,,,,0,2.0
12970.5,2025-12-10T00:10:30+00:00,LOCO_01,MOVING,retrofit,track_19,retrofit,,,0,5.0
12975.5,2025-12-10T00:15:30+00:00,LOCO_01,COUPLING_STARTED,retrofit,,,,SCREW,0,2.0
12977.5,2025-12-10T00:17:30+00:00,LOCO_01,COUPLING_COMPLETED,retrofit,,,,SCREW,0,2.0
12977.5,2025-12-10T00:17:30+00:00,LOCO_01,SHUNTING_PREP,retrofit,,,,,0,1.0
12978.5,2025-12-10T00:18:30+00:00,LOCO_01,MOVING,WS_02,retrofit,WS_02,,,0,5.0
12983.5,2025-12-10T00:23:30+00:00,LOCO_01,DECOUPLING_STARTED,WS_02,,,,SCREW,0,3.0
12986.5,2025-12-10T00:26:30+00:00,LOCO_01,DECOUPLING_COMPLETED,WS_02,,,,SCREW,0,3.0
12989.5,2025-12-10T00:29:30+00:00,LOCO_01,MOVING,track_19,WS_02,track_19,,,0,47.5
13037.0,2025-12-10T01:17:00+00:00,LOCO_01,MOVING,WS_01,track_19,WS_01,,,0,5.0
13042.0,2025-12-10T01:22:00+00:00,LOCO_01,RAKE_COUPLING_STARTED,WS_01,,,,DAC,2,0.5
13042.5,2025-12-10T01:22:30+00:00,LOCO_01,RAKE_COUPLING_COMPLETED,WS_01,,,,DAC,2,0.5
13042.5,2025-12-10T01:22:30+00:00,LOCO_01,LOCO_COUPLING_STARTED,WS_01,,,,DAC,2,0.5
13043.0,2025-12-10T01:23:00+00:00,LOCO_01,LOCO_COUPLING_COMPLETED,WS_01,,,,DAC,2,0.5
13043.0,2025-12-10T01:23:00+00:00,LOCO_01,SHUNTING_PREP,WS_01,,,,,2,1.0
13044.0,2025-12-10T01:24:00+00:00,LOCO_01,MOVING,retrofitted,WS_01,retrofitted,,,0,5.0
13049.0,2025-12-10T01:29:00+00:00,LOCO_01,MOVING,track_19,retrofitted,track_19,,,0,5.0
13054.0,2025-12-10T01:34:00+00:00,LOCO_01,ALLOCATED,,,,batch_transport,,0,0.0
13054.0,2025-12-10T01:34:00+00:00,LOCO_01,MOVING,retrofitted,track_19,retrofitted,,,0,5.0
13059.0,2025-12-10T01:39:00+00:00,LOCO_01,RAKE_COUPLING_STARTED,retrofitted,,,,DAC,4,1.5
13060.5,2025-12-10T01:40:30+00:00,LOCO_01,RAKE_COUPLING_COMPLETED,retrofitted,,,,DAC,4,1.5
13060.5,2025-12-10T01:40:30+00:00,LOCO_01,LOCO_COUPLING_STARTED,retrofitted,,,,DAC,4,0.5
13061.0,2025-12-10T01:41:00+00:00,LOCO_01,LOCO_COUPLING_COMPLETED,retrofitted,,,,DAC,4,0.5
13061.0,2025-12-10T01:41:00+00:00,LOCO_01,SHUNTING_PREP,retrofitted,,,,,4,1.0
13062.0,2025-12-10T01:42:00+00:00,LOCO_01,MOVING,parking11,retrofitted,parking11,,,0,60.0
13122.0,2025-12-10T02:42:00+00:00,LOCO_01,LOCO_DECOUPLING_STARTED,parking11,,,,DAC,4,0.5
13122.5,2025-12-10T02:42:30+00:00,LOCO_01,LOCO_DECOUPLING_COMPLETED,parking11,,,,DAC,4,0.5
13122.5,2025-12-10T02:42:30+00:00,LOCO_01,RAKE_DECOUPLING_STARTED,parking11,,,,DAC,4,1.5
13124.0,2025-12-10T02:44:00+00:00,LOCO_01,RAKE_DECOUPLING_COMPLETED,parking11,,,,DAC,4,1.5
13125.5,2025-12-10T02:45:30+00:00,LOCO_01,MOVING,track_19,parking11,track_19,,,0,60.0
13185.5,2025-12-10T03:45:30+00:00,LOCO_01,MOVING,WS_01,track_19,WS_01,,,0,5.0
13190.5,2025-12-10T03:50:30+00:00,LOCO_01,RAKE_COUPLING_STARTED,WS_01,,,,DAC,2,0.5
13191.0,2025-12-10T03:51:00+00:00,LOCO_01,RAKE_COUPLING_COMPLETED,WS_01,,,,DAC,2,0.5
13191.0,2025-12-10T03:51:00+00:00,LOCO_01,LOCO_COUPLING_STARTED,WS_01,,,,DAC,2,0.5
13191.5,2025-12-10T03:51:30+00:00,LOCO_01,LOCO_COUPLING_COMPLETED,WS_01,,,,DAC,2,0.5
13191.5,2025-12-10T03:51:30+00:00,LOCO_01,SHUNTING_PREP,WS_01,,,,,2,1.0
13192.5,2025-12-10T03:52:30+00:00,LOCO_01,MOVING,retrofitted,WS_01,retrofitted,,,0,5.0
13197.5,2025-12-10T03:57:30+00:00,LOCO_01,MOVING,track_19,retrofitted,track_19,,,0,5.0
13202.5,2025-12-10T04:02:30+00:00,LOCO_01,MOVING,WS_02,track_19,WS_02,,,0,5.0
13207.5,2025-12-10T04:07:30+00:00,LOCO_01,RAKE_COUPLING_STARTED,WS_02,,,,DAC,2,0.5
13208.0,2025-12-10T04:08:00+00:00,LOCO_01,RAKE_COUPLING_COMPLETED,WS_02,,,,DAC,2,0.5
13208.0,2025-12-10T04:08:00+00:00,LOCO_01,LOCO_COUPLING_STARTED,WS_02,,,,DAC,2,0.5
13208.5,2025-12-10T04:08:30+00:00,LOCO_01,LOCO_COUPLING_COMPLETED,WS_02,,,,DAC,2,0.5
13208.5,2025-12-10T04:08:30+00:00,LOCO_01,SHUNTING_PREP,WS_02,,,,,2,1.0
13209.5,2025-12-10T04:09:30+00:00,LOCO_01,MOVING,retrofitted,WS_02,retrofitted,,,0,5.0
13214.5,2025-12-10T04:14:30+00:00,LOCO_01,MOVING,track_19,retrofitted,track_19,,,0,7.0
13221.5,2025-12-10T04:21:30+00:00,LOCO_01,MOVING,retrofit,track_19,retrofit,,,0,5.0
13226.5,2025-12-10T04:26:30+00:00,LOCO_01,COUPLING_STARTED,retrofit,,,,SCREW,0,2.0
13228.5,2025-12-10T04:28:30+00:00,LOCO_01,COUPLING_COMPLETED,retrofit,,,,SCREW,0,2.0
13228.5,2025-12-10T04:28:30+00:00,LOCO_01,SHUNTING_PREP,retrofit,,,,,0,1.0
13229.5,2025-12-10T04:29:30+00:00,LOCO_01,MOVING,WS_01,retrofit,WS_01,,,0,5.0
13234.5,2025-12-10T04:34:30+00:00,LOCO_01,DECOUPLING_STARTED,WS_01,,,,SCREW,0,3.0
13237.5,2025-12-10T04:37:30+00:00,LOCO_01,DECOUPLING_COMPLETED,WS_01,,,,SCREW,0,3.0
13240.5,2025-12-10T04:40:30+00:00,LOCO_01,MOVING,track_19,WS_01,track_19,,,0,7.0
13247.5,2025-12-10T04:47:30+00:00,LOCO_01,MOVING,retrofit,track_19,retrofit,,,0,5.0
13252.5,2025-12-10T04:52:30+00:00,LOCO_01,COUPLING_STARTED,retrofit,,,,SCREW,0,2.0
13254.5,2025-12-10T04:54:30+00:00,LOCO_01,COUPLING_COMPLETED,retrofit,,,,SCREW,0,2.0
13254.5,2025-12-10T04:54:30+00:00,LOCO_01,SHUNTING_PREP,retrofit,,,,,0,1.0
13255.5,2025-12-10T04:55:30+00:00,LOCO_01,MOVING,WS_02,retrofit,WS_02,,,0,5.0
13260.5,2025-12-10T05:00:30+00:00,LOCO_01,DECOUPLING_STARTED,WS_02,,,,SCREW,0,3.0
13263.5,2025-12-10T05:03:30+00:00,LOCO_01,DECOUPLING_COMPLETED,WS_02,,,,SCREW,0,3.0
13266.5,2025-12-10T05:06:30+00:00,LOCO_01,MOVING,track_19,WS_02,track_19,,,0,5.0
13271.5,2025-12-10T05:11:30+00:00,LOCO_01,ALLOCATED,,,,batch_transport,,0,0.0
13271.5,2025-12-10T05:11:30+00:00,LOCO_01,MOVING,retrofitted,track_19,retrofitted,,,0,5.0
13276.5,2025-12-10T05:16:30+00:00,LOCO_01,RAKE_COUPLING_STARTED,retrofitted,,,,DAC,4,1.5
13278.0,2025-12-10T05:18:00+00:00,LOCO_01,RAKE_COUPLING_COMPLETED,retrofitted,,,,DAC,4,1.5
13278.0,2025-12-10T05:18:00+00:00,LOCO_01,LOCO_COUPLING_STARTED,retrofitted,,,,DAC,4,0.5
13278.5,2025-12-10T05:18:30+00:00,LOCO_01,LOCO_COUPLING_COMPLETED,retrofitted,,,,DAC,4,0.5
13278.5,2025-12-10T05:18:30+00:00,LOCO_01,SHUNTING_PREP,retrofitted,,,,,4,1.0
13279.5,2025-12-10T05:19:30+00:00,LOCO_01,MOVING,parking1,retrofitted,parking1,,,0,5.0
13284.5,2025-12-10T05:24:30+00:00,LOCO_01,LOCO_DECOUPLING_STARTED,parking1,,,,DAC,4,0.5
13285.0,2025-12-10T05:25:00+00:00,LOCO_01,LOCO_DECOUPLING_COMPLETED,parking1,,,,DAC,4,0.5
13285.0,2025-12-10T05:25:00+00:00,LOCO_01,RAKE_DECOUPLING_STARTED,parking1,,,,DAC,4,1.5
13286.5,2025-12-10T05:26:30+00:00,LOCO_01,RAKE_DECOUPLING_COMPLETED,parking1,,,,DAC,4,1.5
13288.0,2025-12-10T05:28:00+00:00,LOCO_01,MOVING,track_19,parking1,track_19,,,0,13.0
13301.0,2025-12-10T05:41:00+00:00,LOCO_01,MOVING,WS_01,track_19,WS_01,,,0,5.0
13306.0,2025-12-10T05:46:00+00:00,LOCO_01,RAKE_COUPLING_STARTED,WS_01,,,,DAC,2,0.5
13306.5,2025-12-10T05:46:30+00:00,LOCO_01,RAKE_COUPLING_COMPLETED,WS_01,,,,DAC,2,0.5
13306.5,2025-12-10T05:46:30+00:00,LOCO_01,LOCO_COUPLING_STARTED,WS_01,,,,DAC,2,0.5
13307.0,2025-12-10T05:47:00+00:00,LOCO_01,LOCO_COUPLING_COMPLETED,WS_01,,,,DAC,2,0.5
13307.0,2025-12-10T05:47:00+00:00,LOCO_01,SHUNTING_PREP,WS_01,,,,,2,1.0
13308.0,2025-12-10T05:48:00+00:00,LOCO_01,MOVING,retrofitted,WS_01,retrofitted,,,0,5.0
13313.0,2025-12-10T05:53:00+00:00,LOCO_01,MOVING,track_19,retrofitted,track_19,,,0,5.0
13318.0,2025-12-10T05:58:00+00:00,LOCO_01,ALLOCATED,,,,batch_transport,,0,0.0
13318.0,2025-12-10T05:58:00+00:00,LOCO_01,MOVING,retrofitted,track_19,retrofitted,,,0,5.0
13323.0,2025-12-10T06:03:00+00:00,LOCO_01,RAKE_COUPLING_STARTED,retrofitted,,,,DAC,4,1.5
13324.5,2025-12-10T06:04:30+00:00,LOCO_01,RAKE_COUPLING_COMPLETED,retrofitted,,,,DAC,4,1.5
13324.5,2025-12-10T06:04:30+00:00,LOCO_01,LOCO_COUPLING_STARTED,retrofitted,,,,DAC,4,0.5
13325.0,2025-12-10T06:05:00+00:00,LOCO_01,LOCO_COUPLING_COMPLETED,retrofitted,,,,DAC,4,0.5
13325.0,2025-12-10T06:05:00+00:00,LOCO_01,SHUNTING_PREP,retrofitted,,,,,4,1.0
13326.0,2025-12-10T06:06:00+00:00,LOCO_01,MOVING,parking2,retrofitted,parking2,,,0,5.0
13331.0,2025-12-10T06:11:00+00:00,LOCO_01,LOCO_DECOUPLING_STARTED,parking2,,,,DAC,4,0.5
13331.5,2025-12-10T06:11:30+00:00,LOCO_01,LOCO_DECOUPLING_COMPLETED,parking2,,,,DAC,4,0.5
13331.5,2025-12-10T06:11:30+00:00,LOCO_01,RAKE_DECOUPLING_STARTED,parking2,,,,DAC,4,1.5
13333.0,2025-12-10T06:13:00+00:00,LOCO_01,RAKE_DECOUPLING_COMPLETED,parking2,,,,DAC,4,1.5
13334.5,2025-12-10T06:14:30+00:00,LOCO_01,MOVING,track_19,parking2,track_19,,,0,5.0
13339.5,2025-12-10T06:19:30+00:00,LOCO_01,MOVING,WS_02,track_19,WS_02,,,0,5.0
13344.5,2025-12-10T06:24:30+00:00,LOCO_01,RAKE_COUPLING_STARTED,WS_02,,,,DAC,2,0.5
13345.0,2025-12-10T06:25:00+00:00,LOCO_01,RAKE_COUPLING_COMPLETED,WS_02,,,,DAC,2,0.5
13345.0,2025-12-10T06:25:00+00:00,LOCO_01,LOCO_COUPLING_STARTED,WS_02,,,,DAC,2,0.5
13345.5,2025-12-10T06:25:30+00:00,LOCO_01,LOCO_COUPLING_COMPLETED,WS_02,,,,DAC,2,0.5
13345.5,2025-12-10T06:25:30+00:00,LOCO_01,SHUNTING_PREP,WS_02,,,,,2,1.0
13346.5,2025-12-10T06:26:30+00:00,LOCO_01,MOVING,retrofitted,WS_02,retrofitted,,,0,5.0
13351.5,2025-12-10T06:31:30+00:00,LOCO_01,MOVING,track_19,retrofitted,track_19,,,0,7.0
13358.5,2025-12-10T06:38:30+00:00,LOCO_01,MOVING,retrofit,track_19,retrofit,,,0,5.0
13363.5,2025-12-10T06:43:30+00:00,LOCO_01,COUPLING_STARTED,retrofit,,,,SCREW,0,2.0
13365.5,2025-12-10T06:45:30+00:00,LOCO_01,COUPLING_COMPLETED,retrofit,,,,SCREW,0,2.0
13365.5,2025-12-10T06:45:30+00:00,LOCO_01,SHUNTING_PREP,retrofit,,,,,0,1.0
13366.5,2025-12-10T06:46:30+00:00,LOCO_01,MOVING,WS_01,retrofit,WS_01,,,0,5.0
13371.5,2025-12-10T06:51:30+00:00,LOCO_01,DECOUPLING_STARTED,WS_01,,,,SCREW,0,3.0
13374.5,2025-12-10T06:54:30+00:00,LOCO_01,DECOUPLING_COMPLETED,WS_01,,,,SCREW,0,3.0
13377.5,2025-12-10T06:57:30+00:00,LOCO_01,MOVING,track_19,WS_01,track_19,,,0,7.0
13384.5,2025-12-10T07:04:30+00:00,LOCO_01,MOVING,retrofit,track_19,retrofit,,,0,5.0
13389.5,2025-12-10T07:09:30+00:00,LOCO_01,COUPLING_STARTED,retrofit,,,,SCREW,0,2.0
13391.5,2025-12-10T07:11:30+00:00,LOCO_01,COUPLING_COMPLETED,retrofit,,,,SCREW,0,2.0
13391.5,2025-12-10T07:11:30+00:00,LOCO_01,SHUNTING_PREP,retrofit,,,,,0,1.0
13392.5,2025-12-10T07:12:30+00:00,LOCO_01,MOVING,WS_02,retrofit,WS_02,,,0,5.0
13397.5,2025-12-10T07:17:30+00:00,LOCO_01,DECOUPLING_STARTED,WS_02,,,,SCREW,0,3.0
13400.5,2025-12-10T07:20:30+00:00,LOCO_01,DECOUPLING_COMPLETED,WS_02,,,,SCREW,0,3.0
13403.5,2025-12-10T07:23:30+00:00,LOCO_01,MOVING,track_19,WS_02,track_19,,,0,5.0
13408.5,2025-12-10T07:28:30+00:00,LOCO_01,MOVING,collection1,track_19,collection1,,,0,60.0
13468.5,2025-12-10T08:28:30+00:00,LOCO_01,ALLOCATED,,,,batch_transport,,0,0.0
13468.5,2025-12-10T08:28:30+00:00,LOCO_01,RAKE_COUPLING_STARTED,collection1,,,,SCREW,7,12.0
13480.5,2025-12-10T08:40:30+00:00,LOCO_01,RAKE_COUPLING_COMPLETED,collection1,,,,SCREW,7,12.0
13480.5,2025-12-10T08:40:30+00:00,LOCO_01,LOCO_COUPLING_STARTED,collection1,,,,SCREW,7,2.0
13482.5,2025-12-10T08:42:30+00:00,LOCO_01,LOCO_COUPLING_COMPLETED,collection1,,,,SCREW,7,2.0
13482.5,2025-12-10T08:42:30+00:00,LOCO_01,SHUNTING_PREP,collection1,,,,,7,1.0
13483.5,2025-12-10T08:43:30+00:00,LOCO_01,MOVING,retrofit,collection1,retrofit,,,0,60.0
13543.5,2025-12-10T09:43:30+00:00,LOCO_01,LOCO_DECOUPLING_STARTED,retrofit,,,,SCREW,7,3.0
13546.5,2025-12-10T09:46:30+00:00,LOCO_01,LOCO_DECOUPLING_COMPLETED,retrofit,,,,SCREW,7,3.0
13546.5,2025-12-10T09:46:30+00:00,LOCO_01,RAKE_DECOUPLING_STARTED,retrofit,,,,SCREW,7,18.0
13564.5,2025-12-10T10:04:30+00:00,LOCO_01,RAKE_DECOUPLING_COMPLETED,retrofit,,,,SCREW,7,18.0
13582.5,2025-12-10T10:22:30+00:00,LOCO_01,MOVING,track_19,retrofit,track_19,,,0,5.0
13587.5,2025-12-10T10:27:30+00:00,LOCO_01,PARKING,,,,,,0,0.0
13587.5,2025-12-10T10:27:30+00:00,LOCO_01,MOVING,WS_01,track_19,WS_01,,,0,5.0
13592.5,2025-12-10T10:32:30+00:00,LOCO_01,RAKE_COUPLING_STARTED,WS_01,,,,DAC,2,0.5
13593.0,2025-12-10T10:33:00+00:00,LOCO_01,RAKE_COUPLING_COMPLETED,WS_01,,,,DAC,2,0.5
13593.0,2025-12-10T10:33:00+00:00,LOCO_01,LOCO_COUPLING_STARTED,WS_01,,,,DAC,2,0.5
13593.5,2025-12-10T10:33:30+00:00,LOCO_01,LOCO_COUPLING_COMPLETED,WS_01,,,,DAC,2,0.5
13593.5,2025-12-10T10:33:30+00:00,LOCO_01,SHUNTING_PREP,WS_01,,,,,2,1.0
13594.5,2025-12-10T10:34:30+00:00,LOCO_01,MOVING,retrofitted,WS_01,retrofitted,,,0,5.0
13599.5,2025-12-10T10:39:30+00:00,LOCO_01,MOVING,track_19,retrofitted,track_19,,,0,7.0
13606.5,2025-12-10T10:46:30+00:00,LOCO_01,MOVING,retrofit,track_19,retrofit,,,0,5.0
13611.5,2025-12-10T10:51:30+00:00,LOCO_01,COUPLING_STARTED,retrofit,,,,SCREW,0,2.0
13613.5,2025-12-10T10:53:30+00:00,LOCO_01,COUPLING_COMPLETED,retrofit,,,,SCREW,0,2.0
13613.5,2025-12-10T10:53:30+00:00,LOCO_01,SHUNTING_PREP,retrofit,,,,,0,1.0
13614.5,2025-12-10T10:54:30+00:00,LOCO_01,MOVING,WS_02,retrofit,WS_02,,,0,5.0
13619.5,2025-12-10T10:59:30+00:00,LOCO_01,DECOUPLING_STARTED,WS_02,,,,SCREW,0,3.0
13622.5,2025-12-10T11:02:30+00:00,LOCO_01,DECOUPLING_COMPLETED,WS_02,,,,SCREW,0,3.0
13625.5,2025-12-10T11:05:30+00:00,LOCO_01,MOVING,track_19,WS_02,track_19,,,0,7.0
13632.5,2025-12-10T11:12:30+00:00,LOCO_01,MOVING,retrofit,track_19,retrofit,,,0,5.0
13637.5,2025-12-10T11:17:30+00:00,LOCO_01,COUPLING_STARTED,retrofit,,,,SCREW,0,2.0
13639.5,2025-12-10T11:19:30+00:00,LOCO_01,COUPLING_COMPLETED,retrofit,,,,SCREW,0,2.0
13639.5,2025-12-10T11:19:30+00:00,LOCO_01,SHUNTING_PREP,retrofit,,,,,0,1.0
13640.5,2025-12-10T11:20:30+00:00,LOCO_01,MOVING,WS_01,retrofit,WS_01,,,0,5.0
13645.5,2025-12-10T11:25:30+00:00,LOCO_01,DECOUPLING_STARTED,WS_01,,,,SCREW,0,3.0
13648.5,2025-12-10T11:28:30+00:00,LOCO_01,DECOUPLING_COMPLETED,WS_01,,,,SCREW,0,3.0
13651.5,2025-12-10T11:31:30+00:00,LOCO_01,MOVING,track_19,WS_01,track_19,,,0,34.5
13686.0,2025-12-10T12:06:00+00:00,LOCO_01,MOVING,WS_02,track_19,WS_02,,,0,5.0
13691.0,2025-12-10T12:11:00+00:00,LOCO_01,RAKE_COUPLING_STARTED,WS_02,,,,DAC,2,0.5
13691.5,2025-12-10T12:11:30+00:00,LOCO_01,RAKE_COUPLING_COMPLETED,WS_02,,,,DAC,2,0.5
13691.5,2025-12-10T12:11:30+00:00,LOCO_01,LOCO_COUPLING_STARTED,WS_02,,,,DAC,2,0.5
13692.0,2025-12-10T12:12:00+00:00,LOCO_01,LOCO_COUPLING_COMPLETED,WS_02,,,,DAC,2,0.5
13692.0,2025-12-10T12:12:00+00:00,LOCO_01,SHUNTING_PREP,WS_02,,,,,2,1.0
13693.0,2025-12-10T12:13:00+00:00,LOCO_01,MOVING,retrofitted,WS_02,retrofitted,,,0,5.0
13698.0,2025-12-10T12:18:00+00:00,LOCO_01,MOVING,track_19,retrofitted,track_19,,,0,7.0
13705.0,2025-12-10T12:25:00+00:00,LOCO_01,MOVING,retrofit,track_19,retrofit,,,0,5.0
13710.0,2025-12-10T12:30:00+00:00,LOCO_01,COUPLING_STARTED,retrofit,,,,SCREW,0,2.0
13712.0,2025-12-10T12:32:00+00:00,LOCO_01,COUPLING_COMPLETED,retrofit,,,,SCREW,0,2.0
13712.0,2025-12-10T12:32:00+00:00,LOCO_01,SHUNTING_PREP,retrofit,,,,,0,1.0
13713.0,2025-12-10T12:33:00+00:00,LOCO_01,MOVING,WS_02,retrofit,WS_02,,,0,5.0
13718.0,2025-12-10T12:38:00+00:00,LOCO_01,DECOUPLING_STARTED,WS_02,,,,SCREW,0,3.0
13721.0,2025-12-10T12:41:00+00:00,LOCO_01,DECOUPLING_COMPLETED,WS_02,,,,SCREW,0,3.0
13724.0,2025-12-10T12:44:00+00:00,LOCO_01,MOVING,track_19,WS_02,track_19,,,0,5.0
13729.0,2025-12-10T12:49:00+00:00,LOCO_01,MOVING,WS_01,track_19,WS_01,,,0,5.0
13734.0,2025-12-10T12:54:00+00:00,LOCO_01,RAKE_COUPLING_STARTED,WS_01,,,,DAC,2,0.5
13734.5,2025-12-10T12:54:30+00:00,LOCO_01,RAKE_COUPLING_COMPLETED,WS_01,,,,DAC,2,0.5
13734.5,2025-12-10T12:54:30+00:00,LOCO_01,LOCO_COUPLING_STARTED,WS_01,,,,DAC,2,0.5
13735.0,2025-12-10T12:55:00+00:00,LOCO_01,LOCO_COUPLING_COMPLETED,WS_01,,,,DAC,2,0.5
13735.0,2025-12-10T12:55:00+00:00,LOCO_01,SHUNTING_PREP,WS_01,,,,,2,1.0
13736.0,2025-12-10T12:56:00+00:00,LOCO_01,MOVING,retrofitted,WS_01,retrofitted,,,0,5.0
13741.0,2025-12-10T13:01:00+00:00,LOCO_01,MOVING,track_19,retrofitted,track_19,,,0,7.0
13748.0,2025-12-10T13:08:00+00:00,LOCO_01,MOVING,retrofit,track_19,retrofit,,,0,5.0
13753.0,2025-12-10T13:13:00+00:00,LOCO_01,COUPLING_STARTED,retrofit,,,,SCREW,0,2.0
13755.0,2025-12-10T13:15:00+00:00,LOCO_01,COUPLING_COMPLETED,retrofit,,,,SCREW,0,2.0
13755.0,2025-12-10T13:15:00+00:00,LOCO_01,SHUNTING_PREP,retrofit,,,,,0,1.0
13756.0,2025-12-10T13:16:00+00:00,LOCO_01,MOVING,WS_01,retrofit,WS_01,,,0,5.0
13761.0,2025-12-10T13:21:00+00:00,LOCO_01,DECOUPLING_STARTED,WS_01,,,,SCREW,0,3.0
13764.0,2025-12-10T13:24:00+00:00,LOCO_01,DECOUPLING_COMPLETED,WS_01,,,,SCREW,0,3.0
13767.0,2025-12-10T13:27:00+00:00,LOCO_01,MOVING,track_19,WS_01,track_19,,,0,5.0
13772.0,2025-12-10T13:32:00+00:00,LOCO_01,MOVING,collection1,track_19,collection1,,,0,60.0
13832.0,2025-12-10T14:32:00+00:00,LOCO_01,ALLOCATED,,,,batch_transport,,0,0.0
13832.0,2025-12-10T14:32:00+00:00,LOCO_01,RAKE_COUPLING_STARTED,collection1,,,,SCREW,6,10.0
13842.0,2025-12-10T14:42:00+00:00,LOCO_01,RAKE_COUPLING_COMPLETED,collection1,,,,SCREW,6,10.0
13842.0,2025-12-10T14:42:00+00:00,LOCO_01,LOCO_COUPLING_STARTED,collection1,,,,SCREW,6,2.0
13844.0,2025-12-10T14:44:00+00:00,LOCO_01,LOCO_COUPLING_COMPLETED,collection1,,,,SCREW,6,2.0
13844.0,2025-12-10T14:44:00+00:00,LOCO_01,SHUNTING_PREP,collection1,,,,,6,1.0
13845.0,2025-12-10T14:45:00+00:00,LOCO_01,MOVING,retrofit,collection1,retrofit,,,0,60.0
13905.0,2025-12-10T15:45:00+00:00,LOCO_01,LOCO_DECOUPLING_STARTED,retrofit,,,,SCREW,6,3.0
13908.0,2025-12-10T15:48:00+00:00,LOCO_01,LOCO_DECOUPLING_COMPLETED,retrofit,,,,SCREW,6,3.0
13908.0,2025-12-10T15:48:00+00:00,LOCO_01,RAKE_DECOUPLING_STARTED,retrofit,,,,SCREW,6,15.0
13923.0,2025-12-10T16:03:00+00:00,LOCO_01,RAKE_DECOUPLING_COMPLETED,retrofit,,,,SCREW,6,15.0
13938.0,2025-12-10T16:18:00+00:00,LOCO_01,MOVING,track_19,retrofit,track_19,,,0,5.0
13943.0,2025-12-10T16:23:00+00:00,LOCO_01,PARKING,,,,,,0,2.0
13945.0,2025-12-10T16:25:00+00:00,LOCO_01,MOVING,retrofit,track_19,retrofit,,,0,5.0
13950.0,2025-12-10T16:30:00+00:00,LOCO_01,COUPLING_STARTED,retrofit,,,,SCREW,0,2.0
13952.0,2025-12-10T16:32:00+00:00,LOCO_01,COUPLING_COMPLETED,retrofit,,,,SCREW,0,2.0
13952.0,2025-12-10T16:32:00+00:00,LOCO_01,SHUNTING_PREP,retrofit,,,,,0,1.0
13953.0,2025-12-10T16:33:00+00:00,LOCO_01,MOVING,WS_02,retrofit,WS_02,,,0,5.0
13958.0,2025-12-10T16:38:00+00:00,LOCO_01,DECOUPLING_STARTED,WS_02,,,,SCREW,0,3.0
13961.0,2025-12-10T16:41:00+00:00,LOCO_01,DECOUPLING_COMPLETED,WS_02,,,,SCREW,0,3.0
13964.0,2025-12-10T16:44:00+00:00,LOCO_01,MOVING,track_19,WS_02,track_19,,,0,5.0
13969.0,2025-12-10T16:49:00+00:00,LOCO_01,ALLOCATED,,,,batch_transport,,0,0.0
13969.0,2025-12-10T16:49:00+00:00,LOCO_01,MOVING,retrofitted,track_19,retrofitted,,,0,5.0
13974.0,2025-12-10T16:54:00+00:00,LOCO_01,RAKE_COUPLING_STARTED,retrofitted,,,,DAC,6,2.5
13976.5,2025-12-10T16:56:30+00:00,LOCO_01,RAKE_COUPLING_COMPLETED,retrofitted,,,,DAC,6,2.5
13976.5,2025-12-10T16:56:30+00:00,LOCO_01,LOCO_COUPLING_STARTED,retrofitted,,,,DAC,6,0.5
13977.0,2025-12-10T16:57:00+00:00,LOCO_01,LOCO_COUPLING_COMPLETED,retrofitted,,,,DAC,6,0.5
13977.0,2025-12-10T16:57:00+00:00,LOCO_01,SHUNTING_PREP,retrofitted,,,,,6,1.0
13978.0,2025-12-10T16:58:00+00:00,LOCO_01,MOVING,parking6,retrofitted,parking6,,,0,5.0
13983.0,2025-12-10T17:03:00+00:00,LOCO_01,LOCO_DECOUPLING_STARTED,parking6,,,,DAC,6,0.5
13983.5,2025-12-10T17:03:30+00:00,LOCO_01,LOCO_DECOUPLING_COMPLETED,parking6,,,,DAC,6,0.5
13983.5,2025-12-10T17:03:30+00:00,LOCO_01,RAKE_DECOUPLING_STARTED,parking6,,,,DAC,6,2.5
13986.0,2025-12-10T17:06:00+00:00,LOCO_01,RAKE_DECOUPLING_COMPLETED,parking6,,,,DAC,6,2.5
13988.5,2025-12-10T17:08:30+00:00,LOCO_01,MOVING,track_19,parking6,track_19,,,0,5.0
13993.5,2025-12-10T17:13:30+00:00,LOCO_01,ALLOCATED,,,,batch_transport,,0,0.0
13993.5,2025-12-10T17:13:30+00:00,LOCO_01,MOVING,retrofitted,track_19,retrofitted,,,0,5.0
13998.5,2025-12-10T17:18:30+00:00,LOCO_01,RAKE_COUPLING_STARTED,retrofitted,,,,DAC,5,2.0
14000.5,2025-12-10T17:20:30+00:00,LOCO_01,RAKE_COUPLING_COMPLETED,retrofitted,,,,DAC,5,2.0
14000.5,2025-12-10T17:20:30+00:00,LOCO_01,LOCO_COUPLING_STARTED,retrofitted,,,,DAC,5,0.5
14001.0,2025-12-10T17:21:00+00:00,LOCO_01,LOCO_COUPLING_COMPLETED,retrofitted,,,,DAC,5,0.5
14001.0,2025-12-10T17:21:00+00:00,LOCO_01,SHUNTING_PREP,retrofitted,,,,,5,1.0
14002.0,2025-12-10T17:22:00+00:00,LOCO_01,MOVING,parking10,retrofitted,parking10,,,0,60.0
14062.0,2025-12-10T18:22:00+00:00,LOCO_01,LOCO_DECOUPLING_STARTED,parking10,,,,DAC,5,0.5
14062.5,2025-12-10T18:22:30+00:00,LOCO_01,LOCO_DECOUPLING_COMPLETED,parking10,,,,DAC,5,0.5
14062.5,2025-12-10T18:22:30+00:00,LOCO_01,RAKE_DECOUPLING_STARTED,parking10,,,,DAC,5,2.0
14064.5,2025-12-10T18:24:30+00:00,LOCO_01,RAKE_DECOUPLING_COMPLETED,parking10,,,,DAC,5,2.0
14066.5,2025-12-10T18:26:30+00:00,LOCO_01,MOVING,track_19,parking10,track_19,,,0,60.0
14126.5,2025-12-10T19:26:30+00:00,LOCO_01,MOVING,WS_02,track_19,WS_02,,,0,5.0
14131.5,2025-12-10T19:31:30+00:00,LOCO_01,RAKE_COUPLING_STARTED,WS_02,,,,DAC,2,0.5
14132.0,2025-12-10T19:32:00+00:00,LOCO_01,RAKE_COUPLING_COMPLETED,WS_02,,,,DAC,2,0.5
14132.0,2025-12-10T19:32:00+00:00,LOCO_01,LOCO_COUPLING_STARTED,WS_02,,,,DAC,2,0.5
14132.5,2025-12-10T19:32:30+00:00,LOCO_01,LOCO_COUPLING_COMPLETED,WS_02,,,,DAC,2,0.5
14132.5,2025-12-10T19:32:30+00:00,LOCO_01,SHUNTING_PREP,WS_02,,,,,2,1.0
14133.5,2025-12-10T19:33:30+00:00,LOCO_01,MOVING,retrofitted,WS_02,retrofitted,,,0,5.0
14138.5,2025-12-10T19:38:30+00:00,LOCO_01,MOVING,track_19,retrofitted,track_19,,,0,7.0
14145.5,2025-12-10T19:45:30+00:00,LOCO_01,MOVING,retrofit,track_19,retrofit,,,0,5.0
14150.5,2025-12-10T19:50:30+00:00,LOCO_01,COUPLING_STARTED,retrofit,,,,SCREW,0,2.0
14152.5,2025-12-10T19:52:30+00:00,LOCO_01,COUPLING_COMPLETED,retrofit,,,,SCREW,0,2.0
14152.5,2025-12-10T19:52:30+00:00,LOCO_01,SHUNTING_PREP,retrofit,,,,,0,1.0
14153.5,2025-12-10T19:53:30+00:00,LOCO_01,MOVING,WS_01,retrofit,WS_01,,,0,5.0
14158.5,2025-12-10T19:58:30+00:00,LOCO_01,DECOUPLING_STARTED,WS_01,,,,SCREW,0,3.0
14161.5,2025-12-10T20:01:30+00:00,LOCO_01,DECOUPLING_COMPLETED,WS_01,,,,SCREW,0,3.0
14164.5,2025-12-10T20:04:30+00:00,LOCO_01,MOVING,track_19,WS_01,track_19,,,0,7.0
14171.5,2025-12-10T20:11:30+00:00,LOCO_01,MOVING,retrofit,track_19,retrofit,,,0,5.0
14176.5,2025-12-10T20:16:30+00:00,LOCO_01,COUPLING_STARTED,retrofit,,,,SCREW,0,2.0
14178.5,2025-12-10T20:18:30+00:00,LOCO_01,COUPLING_COMPLETED,retrofit,,,,SCREW,0,2.0
14178.5,2025-12-10T20:18:30+00:00,LOCO_01,SHUNTING_PREP,retrofit,,,,,0,1.0
14179.5,2025-12-10T20:19:30+00:00,LOCO_01,MOVING,WS_02,retrofit,WS_02,,,0,5.0
14184.5,2025-12-10T20:24:30+00:00,LOCO_01,DECOUPLING_STARTED,WS_02,,,,SCREW,0,3.0
14187.5,2025-12-10T20:27:30+00:00,LOCO_01,DECOUPLING_COMPLETED,WS_02,,,,SCREW,0,3.0
14190.5,2025-12-10T20:30:30+00:00,LOCO_01,MOVING,track_19,WS_02,track_19,,,0,5.0
14195.5,2025-12-10T20:35:30+00:00,LOCO_01,MOVING,collection1,track_19,collection1,,,0,60.0
14255.5,2025-12-10T21:35:30+00:00,LOCO_01,ALLOCATED,,,,batch_transport,,0,0.0
14255.5,2025-12-10T21:35:30+00:00,LOCO_01,RAKE_COUPLING_STARTED,collection1,,,,SCREW,7,12.0
14267.5,2025-12-10T21:47:30+00:00,LOCO_01,RAKE_COUPLING_COMPLETED,collection1,,,,SCREW,7,12.0
14267.5,2025-12-10T21:47:30+00:00,LOCO_01,LOCO_COUPLING_STARTED,collection1,,,,SCREW,7,2.0
14269.5,2025-12-10T21:49:30+00:00,LOCO_01,LOCO_COUPLING_COMPLETED,collection1,,,,SCREW,7,2.0
14269.5,2025-12-10T21:49:30+00:00,LOCO_01,SHUNTING_PREP,collection1,,,,,7,1.0
14270.5,2025-12-10T21:50:30+00:00,LOCO_01,MOVING,retrofit,collection1,retrofit,,,0,60.0
14330.5,2025-12-10T22:50:30+00:00,LOCO_01,LOCO_DECOUPLING_STARTED,retrofit,,,,SCREW,7,3.0
14333.5,2025-12-10T22:53:30+00:00,LOCO_01,LOCO_DECOUPLING_COMPLETED,retrofit,,,,SCREW,7,3.0
14333.5,2025-12-10T22:53:30+00:00,LOCO_01,RAKE_DECOUPLING_STARTED,retrofit,,,,SCREW,7,18.0
14351.5,2025-12-10T23:11:30+00:00,LOCO_01,RAKE_DECOUPLING_COMPLETED,retrofit,,,,SCREW,7,18.0
14369.5,2025-12-10T23:29:30+00:00,LOCO_01,MOVING,track_19,retrofit,track_19,,,0,5.0
14374.5,2025-12-10T23:34:30+00:00,LOCO_01,PARKING,,,,,,0,0.0
14374.5,2025-12-10T23:34:30+00:00,LOCO_01,MOVING,WS_01,track_19,WS_01,,,0,5.0
14379.5,2025-12-10T23:39:30+00:00,LOCO_01,RAKE_COUPLING_STARTED,WS_01,,,,DAC,2,0.5
14380.0,2025-12-10T23:40:00+00:00,LOCO_01,RAKE_COUPLING_COMPLETED,WS_01,,,,DAC,2,0.5
14380.0,2025-12-10T23:40:00+00:00,LOCO_01,LOCO_COUPLING_STARTED,WS_01,,,,DAC,2,0.5
14380.5,2025-12-10T23:40:30+00:00,LOCO_01,LOCO_COUPLING_COMPLETED,WS_01,,,,DAC,2,0.5
14380.5,2025-12-10T23:40:30+00:00,LOCO_01,SHUNTING_PREP,WS_01,,,,,2,1.0
14381.5,2025-12-10T23:41:30+00:00,LOCO_01,MOVING,retrofitted,WS_01,retrofitted,,,0,5.0
14386.5,2025-12-10T23:46:30+00:00,LOCO_01,MOVING,track_19,retrofitted,track_19,,,0,7.0
14393.5,2025-12-10T23:53:30+00:00,LOCO_01,MOVING,retrofit,track_19,retrofit,,,0,5.0
14398.5,2025-12-10T23:58:30+00:00,LOCO_01,COUPLING_STARTED,retrofit,,,,SCREW,0,2.0
487.0,2025-12-01T08:07:00+00:00,LOCO_02,MOVING,retrofit,track_19,retrofit,,,0,5.0
492.0,2025-12-01T08:12:00+00:00,LOCO_02,COUPLING_STARTED,retrofit,,,,SCREW,0,2.0
494.0,2025-12-01T08:14:00+00:00,LOCO_02,COUPLING_COMPLETED,retrofit,,,,SCREW,0,2.0
494.0,2025-12-01T08:14:00+00:00,LOCO_02,SHUNTING_PREP,retrofit,,,,,0,1.0
495.0,2025-12-01T08:15:00+00:00,LOCO_02,MOVING,WS_01,retrofit,WS_01,,,0,5.0
500.0,2025-12-01T08:20:00+00:00,LOCO_02,DECOUPLING_STARTED,WS_01,,,,SCREW,0,3.0
503.0,2025-12-01T08:23:00+00:00,LOCO_02,DECOUPLING_COMPLETED,WS_01,,,,SCREW,0,3.0
506.0,2025-12-01T08:26:00+00:00,LOCO_02,MOVING,track_19,WS_01,track_19,,,0,60.5
566.5,2025-12-01T09:26:30+00:00,LOCO_02,MOVING,WS_01,track_19,WS_01,,,0,5.0
571.5,2025-12-01T09:31:30+00:00,LOCO_02,RAKE_COUPLING_STARTED,WS_01,,,,DAC,2,0.5
572.0,2025-12-01T09:32:00+00:00,LOCO_02,RAKE_COUPLING_COMPLETED,WS_01,,,,DAC,2,0.5
572.0,2025-12-01T09:32:00+00:00,LOCO_02,LOCO_COUPLING_STARTED,WS_01,,,,DAC,2,0.5
572.5,2025-12-01T09:32:30+00:00,LOCO_02,LOCO_COUPLING_COMPLETED,WS_01,,,,DAC,2,0.5
572.5,2025-12-01T09:32:30+00:00,LOCO_02,SHUNTING_PREP,WS_01,,,,,2,1.0
573.5,2025-12-01T09:33:30+00:00,LOCO_02,MOVING,retrofitted,WS_01,retrofitted,,,0,5.0
578.5,2025-12-01T09:38:30+00:00,LOCO_02,MOVING,track_19,retrofitted,track_19,,,0,45.0
623.5,2025-12-01T10:23:30+00:00,LOCO_02,ALLOCATED,,,,batch_transport,,0,0.0
623.5,2025-12-01T10:23:30+00:00,LOCO_02,MOVING,retrofitted,track_19,retrofitted,,,0,5.0
628.5,2025-12-01T10:28:30+00:00,LOCO_02,RAKE_COUPLING_STARTED,retrofitted,,,,DAC,2,0.5
629.0,2025-12-01T10:29:00+00:00,LOCO_02,RAKE_COUPLING_COMPLETED,retrofitted,,,,DAC,2,0.5
629.0,2025-12-01T10:29:00+00:00,LOCO_02,LOCO_COUPLING_STARTED,retrofitted,,,,DAC,2,0.5
629.5,2025-12-01T10:29:30+00:00,LOCO_02,LOCO_COUPLING_COMPLETED,retrofitted,,,,DAC,2,0.5
629.5,2025-12-01T10:29:30+00:00,LOCO_02,SHUNTING_PREP,retrofitted,,,,,2,1.0
630.5,2025-12-01T10:30:30+00:00,LOCO_02,MOVING,parking16,retrofitted,parking16,,,0,120.0
750.5,2025-12-01T12:30:30+00:00,LOCO_02,LOCO_DECOUPLING_STARTED,parking16,,,,DAC,2,0.5
751.0,2025-12-01T12:31:00+00:00,LOCO_02,LOCO_DECOUPLING_COMPLETED,parking16,,,,DAC,2,0.5
751.0,2025-12-01T12:31:00+00:00,LOCO_02,RAKE_DECOUPLING_STARTED,parking16,,,,DAC,2,0.5
751.5,2025-12-01T12:31:30+00:00,LOCO_02,RAKE_DECOUPLING_COMPLETED,parking16,,,,DAC,2,0.5
752.0,2025-12-01T12:32:00+00:00,LOCO_02,MOVING,track_19,parking16,track_19,,,0,60.0
812.0,2025-12-01T13:32:00+00:00,LOCO_02,MOVING,WS_01,track_19,WS_01,,,0,5.0
817.0,2025-12-01T13:37:00+00:00,LOCO_02,RAKE_COUPLING_STARTED,WS_01,,,,DAC,2,0.5
817.5,2025-12-01T13:37:30+00:00,LOCO_02,RAKE_COUPLING_COMPLETED,WS_01,,,,DAC,2,0.5
817.5,2025-12-01T13:37:30+00:00,LOCO_02,LOCO_COUPLING_STARTED,WS_01,,,,DAC,2,0.5
818.0,2025-12-01T13:38:00+00:00,LOCO_02,LOCO_COUPLING_COMPLETED,WS_01,,,,DAC,2,0.5
818.0,2025-12-01T13:38:00+00:00,LOCO_02,SHUNTING_PREP,WS_01,,,,,2,1.0
819.0,2025-12-01T13:39:00+00:00,LOCO_02,MOVING,retrofitted,WS_01,retrofitted,,,0,5.0
824.0,2025-12-01T13:44:00+00:00,LOCO_02,MOVING,track_19,retrofitted,track_19,,,0,7.0
831.0,2025-12-01T13:51:00+00:00,LOCO_02,MOVING,retrofit,track_19,retrofit,,,0,5.0
836.0,2025-12-01T13:56:00+00:00,LOCO_02,COUPLING_STARTED,retrofit,,,,SCREW,0,2.0
838.0,2025-12-01T13:58:00+00:00,LOCO_02,COUPLING_COMPLETED,retrofit,,,,SCREW,0,2.0
838.0,2025-12-01T13:58:00+00:00,LOCO_02,SHUNTING_PREP,retrofit,,,,,0,1.0
839.0,2025-12-01T13:59:00+00:00,LOCO_02,MOVING,WS_01,retrofit,WS_01,,,0,5.0
844.0,2025-12-01T14:04:00+00:00,LOCO_02,DECOUPLING_STARTED,WS_01,,,,SCREW,0,3.0
847.0,2025-12-01T14:07:00+00:00,LOCO_02,DECOUPLING_COMPLETED,WS_01,,,,SCREW,0,3.0
850.0,2025-12-01T14:10:00+00:00,LOCO_02,MOVING,track_19,WS_01,track_19,,,0,20.0
870.0,2025-12-01T14:30:00+00:00,LOCO_02,ALLOCATED,,,,batch_transport,,0,0.0
870.0,2025-12-01T14:30:00+00:00,LOCO_02,MOVING,retrofitted,track_19,retrofitted,,,0,5.0
875.0,2025-12-01T14:35:00+00:00,LOCO_02,RAKE_COUPLING_STARTED,retrofitted,,,,DAC,2,0.5
875.5,2025-12-01T14:35:30+00:00,LOCO_02,RAKE_COUPLING_COMPLETED,retrofitted,,,,DAC,2,0.5
875.5,2025-12-01T14:35:30+00:00,LOCO_02,LOCO_COUPLING_STARTED,retrofitted,,,,DAC,2,0.5
876.0,2025-12-01T14:36:00+00:00,LOCO_02,LOCO_COUPLING_COMPLETED,retrofitted,,,,DAC,2,0.5
876.0,2025-12-01T14:36:00+00:00,LOCO_02,SHUNTING_PREP,retrofitted,,,,,2,1.0
877.0,2025-12-01T14:37:00+00:00,LOCO_02,MOVING,parking16,retrofitted,parking16,,,0,120.0
997.0,2025-12-01T16:37:00+00:00,LOCO_02,LOCO_DECOUPLING_STARTED,parking16,,,,DAC,2,0.5
997.5,2025-12-01T16:37:30+00:00,LOCO_02,LOCO_DECOUPLING_COMPLETED,parking16,,,,DAC,2,0.5
997.5,2025-12-01T16:37:30+00:00,LOCO_02,RAKE_DECOUPLING_STARTED,parking16,,,,DAC,2,0.5
998.0,2025-12-01T16:38:00+00:00,LOCO_02,RAKE_DECOUPLING_COMPLETED,parking16,,,,DAC,2,0.5
998.5,2025-12-01T16:38:30+00:00,LOCO_02,MOVING,track_19,parking16,track_19,,,0,60.0
1058.5,2025-12-01T17:38:30+00:00,LOCO_02,MOVING,WS_02,track_19,WS_02,,,0,5.0
1063.5,2025-12-01T17:43:30+00:00,LOCO_02,RAKE_COUPLING_STARTED,WS_02,,,,DAC,2,0.5
1064.0,2025-12-01T17:44:00+00:00,LOCO_02,RAKE_COUPLING_COMPLETED,WS_02,,,,DAC,2,0.5
1064.0,2025-12-01T17:44:00+00:00,LOCO_02,LOCO_COUPLING_STARTED,WS_02,,,,DAC,2,0.5
1064.5,2025-12-01T17:44:30+00:00,LOCO_02,LOCO_COUPLING_COMPLETED,WS_02,,,,DAC,2,0.5
1064.5,2025-12-01T17:44:30+00:00,LOCO_02,SHUNTING_PREP,WS_02,,,,,2,1.0
1065.5,2025-12-01T17:45:30+00:00,LOCO_02,MOVING,retrofitted,WS_02,retrofitted,,,0,5.0
1070.5,2025-12-01T17:50:30+00:00,LOCO_02,MOVING,track_19,retrofitted,track_19,,,0,5.0
1075.5,2025-12-01T17:55:30+00:00,LOCO_02,MOVING,WS_01,track_19,WS_01,,,0,5.0
1080.5,2025-12-01T18:00:30+00:00,LOCO_02,RAKE_COUPLING_STARTED,WS_01,,,,DAC,2,0.5
1081.0,2025-12-01T18:01:00+00:00,LOCO_02,RAKE_COUPLING_COMPLETED,WS_01,,,,DAC,2,0.5
1081.0,2025-12-01T18:01:00+00:00,LOCO_02,LOCO_COUPLING_STARTED,WS_01,,,,DAC,2,0.5
1081.5,2025-12-01T18:01:30+00:00,LOCO_02,LOCO_COUPLING_COMPLETED,WS_01,,,,DAC,2,0.5
1081.5,2025-12-01T18:01:30+00:00,LOCO_02,SHUNTING_PREP,WS_01,,,,,2,1.0
1082.5,2025-12-01T18:02:30+00:00,LOCO_02,MOVING,retrofitted,WS_01,retrofitted,,,0,5.0
1087.5,2025-12-01T18:07:30+00:00,LOCO_02,MOVING,track_19,retrofitted,track_19,,,0,7.0
1094.5,2025-12-01T18:14:30+00:00,LOCO_02,MOVING,retrofit,track_19,retrofit,,,0,5.0
1099.5,2025-12-01T18:19:30+00:00,LOCO_02,COUPLING_STARTED,retrofit,,,,SCREW,0,2.0
1101.5,2025-12-01T18:21:30+00:00,LOCO_02,COUPLING_COMPLETED,retrofit,,,,SCREW,0,2.0
1101.5,2025-12-01T18:21:30+00:00,LOCO_02,SHUNTING_PREP,retrofit,,,,,0,1.0
1102.5,2025-12-01T18:22:30+00:00,LOCO_02,MOVING,WS_01,retrofit,WS_01,,,0,5.0
1107.5,2025-12-01T18:27:30+00:00,LOCO_02,DECOUPLING_STARTED,WS_01,,,,SCREW,0,3.0
1110.5,2025-12-01T18:30:30+00:00,LOCO_02,DECOUPLING_COMPLETED,WS_01,,,,SCREW,0,3.0
1113.5,2025-12-01T18:33:30+00:00,LOCO_02,MOVING,track_19,WS_01,track_19,,,0,56.0
1169.5,2025-12-01T19:29:30+00:00,LOCO_02,MOVING,WS_02,track_19,WS_02,,,0,5.0
1174.5,2025-12-01T19:34:30+00:00,LOCO_02,RAKE_COUPLING_STARTED,WS_02,,,,DAC,2,0.5
1175.0,2025-12-01T19:35:00+00:00,LOCO_02,RAKE_COUPLING_COMPLETED,WS_02,,,,DAC,2,0.5
1175.0,2025-12-01T19:35:00+00:00,LOCO_02,LOCO_COUPLING_STARTED,WS_02,,,,DAC,2,0.5
1175.5,2025-12-01T19:35:30+00:00,LOCO_02,LOCO_COUPLING_COMPLETED,WS_02,,,,DAC,2,0.5
1175.5,2025-12-01T19:35:30+00:00,LOCO_02,SHUNTING_PREP,WS_02,,,,,2,1.0
1176.5,2025-12-01T19:36:30+00:00,LOCO_02,MOVING,retrofitted,WS_02,retrofitted,,,0,5.0
1181.5,2025-12-01T19:41:30+00:00,LOCO_02,MOVING,track_19,retrofitted,track_19,,,0,5.0
1186.5,2025-12-01T19:46:30+00:00,LOCO_02,MOVING,WS_01,track_19,WS_01,,,0,5.0
1191.5,2025-12-01T19:51:30+00:00,LOCO_02,RAKE_COUPLING_STARTED,WS_01,,,,DAC,2,0.5
1192.0,2025-12-01T19:52:00+00:00,LOCO_02,RAKE_COUPLING_COMPLETED,WS_01,,,,DAC,2,0.5
1192.0,2025-12-01T19:52:00+00:00,LOCO_02,LOCO_COUPLING_STARTED,WS_01,,,,DAC,2,0.5
1192.5,2025-12-01T19:52:30+00:00,LOCO_02,LOCO_COUPLING_COMPLETED,WS_01,,,,DAC,2,0.5
1192.5,2025-12-01T19:52:30+00:00,LOCO_02,SHUNTING_PREP,WS_01,,,,,2,1.0
1193.5,2025-12-01T19:53:30+00:00,LOCO_02,MOVING,retrofitted,WS_01,retrofitted,,,0,5.0
1198.5,2025-12-01T19:58:30+00:00,LOCO_02,MOVING,track_19,retrofitted,track_19,,,0,7.0
1205.5,2025-12-01T20:05:30+00:00,LOCO_02,MOVING,retrofit,track_19,retrofit,,,0,5.0
1210.5,2025-12-01T20:10:30+00:00,LOCO_02,COUPLING_STARTED,retrofit,,,,SCREW,0,2.0
1212.5,2025-12-01T20:12:30+00:00,LOCO_02,COUPLING_COMPLETED,retrofit,,,,SCREW,0,2.0
1212.5,2025-12-01T20:12:30+00:00,LOCO_02,SHUNTING_PREP,retrofit,,,,,0,1.0
1213.5,2025-12-01T20:13:30+00:00,LOCO_02,MOVING,WS_02,retrofit,WS_02,,,0,5.0
1218.5,2025-12-01T20:18:30+00:00,LOCO_02,DECOUPLING_STARTED,WS_02,,,,SCREW,0,3.0
1221.5,2025-12-01T20:21:30+00:00,LOCO_02,DECOUPLING_COMPLETED,WS_02,,,,SCREW,0,3.0
1224.5,2025-12-01T20:24:30+00:00,LOCO_02,MOVING,track_19,WS_02,track_19,,,0,7.0
1231.5,2025-12-01T20:31:30+00:00,LOCO_02,MOVING,retrofit,track_19,retrofit,,,0,5.0
1236.5,2025-12-01T20:36:30+00:00,LOCO_02,COUPLING_STARTED,retrofit,,,,SCREW,0,2.0
1238.5,2025-12-01T20:38:30+00:00,LOCO_02,COUPLING_COMPLETED,retrofit,,,,SCREW,0,2.0
1238.5,2025-12-01T20:38:30+00:00,LOCO_02,SHUNTING_PREP,retrofit,,,,,0,1.0
1239.5,2025-12-01T20:39:30+00:00,LOCO_02,MOVING,WS_01,retrofit,WS_01,,,0,5.0
1244.5,2025-12-01T20:44:30+00:00,LOCO_02,DECOUPLING_STARTED,WS_01,,,,SCREW,0,3.0
1247.5,2025-12-01T20:47:30+00:00,LOCO_02,DECOUPLING_COMPLETED,WS_01,,,,SCREW,0,3.0
1250.5,2025-12-01T20:50:30+00:00,LOCO_02,MOVING,track_19,WS_01,track_19,,,0,5.0
1255.5,2025-12-01T20:55:30+00:00,LOCO_02,MOVING,collection1,track_19,collection1,,,0,60.0
1315.5,2025-12-01T21:55:30+00:00,LOCO_02,ALLOCATED,,,,batch_transport,,0,0.0
1315.5,2025-12-01T21:55:30+00:00,LOCO_02,RAKE_COUPLING_STARTED,collection1,,,,SCREW,5,8.0
1323.5,2025-12-01T22:03:30+00:00,LOCO_02,RAKE_COUPLING_COMPLETED,collection1,,,,SCREW,5,8.0
1323.5,2025-12-01T22:03:30+00:00,LOCO_02,LOCO_COUPLING_STARTED,collection1,,,,SCREW,5,2.0
1325.5,2025-12-01T22:05:30+00:00,LOCO_02,LOCO_COUPLING_COMPLETED,collection1,,,,SCREW,5,2.0
1325.5,2025-12-01T22:05:30+00:00,LOCO_02,SHUNTING_PREP,collection1,,,,,5,1.0
1326.5,2025-12-01T22:06:30+00:00,LOCO_02,MOVING,retrofit,collection1,retrofit,,,0,60.0
1386.5,2025-12-01T23:06:30+00:00,LOCO_02,LOCO_DECOUPLING_STARTED,retrofit,,,,SCREW,5,3.0
1389.5,2025-12-01T23:09:30+00:00,LOCO_02,LOCO_DECOUPLING_COMPLETED,retrofit,,,,SCREW,5,3.0
1389.5,2025-12-01T23:09:30+00:00,LOCO_02,RAKE_DECOUPLING_STARTED,retrofit,,,,SCREW,5,12.0
1401.5,2025-12-01T23:21:30+00:00,LOCO_02,RAKE_DECOUPLING_COMPLETED,retrofit,,,,SCREW,5,12.0
1413.5,2025-12-01T23:33:30+00:00,LOCO_02,MOVING,track_19,retrofit,track_19,,,0,5.0
1418.5,2025-12-01T23:38:30+00:00,LOCO_02,PARKING,,,,,,0,3.0
1421.5,2025-12-01T23:41:30+00:00,LOCO_02,MOVING,WS_02,track_19,WS_02,,,0,5.0
1426.5,2025-12-01T23:46:30+00:00,LOCO_02,RAKE_COUPLING_STARTED,WS_02,,,,DAC,2,0.5
1427.0,2025-12-01T23:47:00+00:00,LOCO_02,RAKE_COUPLING_COMPLETED,WS_02,,,,DAC,2,0.5
1427.0,2025-12-01T23:47:00+00:00,LOCO_02,LOCO_COUPLING_STARTED,WS_02,,,,DAC,2,0.5
1427.5,2025-12-01T23:47:30+00:00,LOCO_02,LOCO_COUPLING_COMPLETED,WS_02,,,,DAC,2,0.5
1427.5,2025-12-01T23:47:30+00:00,LOCO_02,SHUNTING_PREP,WS_02,,,,,2,1.0
1428.5,2025-12-01T23:48:30+00:00,LOCO_02,MOVING,retrofitted,WS_02,retrofitted,,,0,5.0
1433.5,2025-12-01T23:53:30+00:00,LOCO_02,MOVING,track_19,retrofitted,track_19,,,0,7.0
1440.5,2025-12-02T00:00:30+00:00,LOCO_02,MOVING,retrofit,track_19,retrofit,,,0,5.0
1445.5,2025-12-02T00:05:30+00:00,LOCO_02,COUPLING_STARTED,retrofit,,,,SCREW,0,2.0
1447.5,2025-12-02T00:07:30+00:00,LOCO_02,COUPLING_COMPLETED,retrofit,,,,SCREW,0,2.0
1447.5,2025-12-02T00:07:30+00:00,LOCO_02,SHUNTING_PREP,retrofit,,,,,0,1.0
1448.5,2025-12-02T00:08:30+00:00,LOCO_02,MOVING,WS_02,retrofit,WS_02,,,0,5.0
1453.5,2025-12-02T00:13:30+00:00,LOCO_02,DECOUPLING_STARTED,WS_02,,,,SCREW,0,3.0
1456.5,2025-12-02T00:16:30+00:00,LOCO_02,DECOUPLING_COMPLETED,WS_02,,,,SCREW,0,3.0
1459.5,2025-12-02T00:19:30+00:00,LOCO_02,MOVING,track_19,WS_02,track_19,,,0,5.0
1464.5,2025-12-02T00:24:30+00:00,LOCO_02,MOVING,WS_01,track_19,WS_01,,,0,5.0
1469.5,2025-12-02T00:29:30+00:00,LOCO_02,RAKE_COUPLING_STARTED,WS_01,,,,DAC,2,0.5
1470.0,2025-12-02T00:30:00+00:00,LOCO_02,RAKE_COUPLING_COMPLETED,WS_01,,,,DAC,2,0.5
1470.0,2025-12-02T00:30:00+00:00,LOCO_02,LOCO_COUPLING_STARTED,WS_01,,,,DAC,2,0.5
1470.5,2025-12-02T00:30:30+00:00,LOCO_02,LOCO_COUPLING_COMPLETED,WS_01,,,,DAC,2,0.5
1470.5,2025-12-02T00:30:30+00:00,LOCO_02,SHUNTING_PREP,WS_01,,,,,2,1.0
1471.5,2025-12-02T00:31:30+00:00,LOCO_02,MOVING,retrofitted,WS_01,retrofitted,,,0,5.0
1476.5,2025-12-02T00:36:30+00:00,LOCO_02,MOVING,track_19,retrofitted,track_19,,,0,7.0
1483.5,2025-12-02T00:43:30+00:00,LOCO_02,MOVING,retrofit,track_19,retrofit,,,0,5.0
1488.5,2025-12-02T00:48:30+00:00,LOCO_02,COUPLING_STARTED,retrofit,,,,SCREW,0,2.0
1490.5,2025-12-02T00:50:30+00:00,LOCO_02,COUPLING_COMPLETED,retrofit,,,,SCREW,0,2.0
1490.5,2025-12-02T00:50:30+00:00,LOCO_02,SHUNTING_PREP,retrofit,,,,,0,1.0
1491.5,2025-12-02T00:51:30+00:00,LOCO_02,MOVING,WS_01,retrofit,WS_01,,,0,5.0
1496.5,2025-12-02T00:56:30+00:00,LOCO_02,DECOUPLING_STARTED,WS_01,,,,SCREW,0,3.0
1499.5,2025-12-02T00:59:30+00:00,LOCO_02,DECOUPLING_COMPLETED,WS_01,,,,SCREW,0,3.0
1502.5,2025-12-02T01:02:30+00:00,LOCO_02,MOVING,track_19,WS_01,track_19,,,0,5.0
1507.5,2025-12-02T01:07:30+00:00,LOCO_02,MOVING,collection1,track_19,collection1,,,0,60.0
1567.5,2025-12-02T02:07:30+00:00,LOCO_02,ALLOCATED,,,,batch_transport,,0,0.0
1567.5,2025-12-02T02:07:30+00:00,LOCO_02,RAKE_COUPLING_STARTED,collection1,,,,SCREW,9,16.0
1583.5,2025-12-02T02:23:30+00:00,LOCO_02,RAKE_COUPLING_COMPLETED,collection1,,,,SCREW,9,16.0
1583.5,2025-12-02T02:23:30+00:00,LOCO_02,LOCO_COUPLING_STARTED,collection1,,,,SCREW,9,2.0
1585.5,2025-12-02T02:25:30+00:00,LOCO_02,LOCO_COUPLING_COMPLETED,collection1,,,,SCREW,9,2.0
1585.5,2025-12-02T02:25:30+00:00,LOCO_02,SHUNTING_PREP,collection1,,,,,9,1.0
1586.5,2025-12-02T02:26:30+00:00,LOCO_02,MOVING,retrofit,collection1,retrofit,,,0,60.0
1646.5,2025-12-02T03:26:30+00:00,LOCO_02,LOCO_DECOUPLING_STARTED,retrofit,,,,SCREW,9,3.0
1649.5,2025-12-02T03:29:30+00:00,LOCO_02,LOCO_DECOUPLING_COMPLETED,retrofit,,,,SCREW,9,3.0
1649.5,2025-12-02T03:29:30+00:00,LOCO_02,RAKE_DECOUPLING_STARTED,retrofit,,,,SCREW,9,24.0
1673.5,2025-12-02T03:53:30+00:00,LOCO_02,RAKE_DECOUPLING_COMPLETED,retrofit,,,,SCREW,9,24.0
1697.5,2025-12-02T04:17:30+00:00,LOCO_02,MOVING,track_19,retrofit,track_19,,,0,5.0
1702.5,2025-12-02T04:22:30+00:00,LOCO_02,PARKING,,,,,,0,0.0
1702.5,2025-12-02T04:22:30+00:00,LOCO_02,MOVING,WS_02,track_19,WS_02,,,0,5.0
1707.5,2025-12-02T04:27:30+00:00,LOCO_02,RAKE_COUPLING_STARTED,WS_02,,,,DAC,2,0.5
1708.0,2025-12-02T04:28:00+00:00,LOCO_02,RAKE_COUPLING_COMPLETED,WS_02,,,,DAC,2,0.5
1708.0,2025-12-02T04:28:00+00:00,LOCO_02,LOCO_COUPLING_STARTED,WS_02,,,,DAC,2,0.5
1708.5,2025-12-02T04:28:30+00:00,LOCO_02,LOCO_COUPLING_COMPLETED,WS_02,,,,DAC,2,0.5
1708.5,2025-12-02T04:28:30+00:00,LOCO_02,SHUNTING_PREP,WS_02,,,,,2,1.0
1709.5,2025-12-02T04:29:30+00:00,LOCO_02,MOVING,retrofitted,WS_02,retrofitted,,,0,5.0
1714.5,2025-12-02T04:34:30+00:00,LOCO_02,MOVING,track_19,retrofitted,track_19,,,0,7.0
1721.5,2025-12-02T04:41:30+00:00,LOCO_02,MOVING,retrofit,track_19,retrofit,,,0,5.0
1726.5,2025-12-02T04:46:30+00:00,LOCO_02,COUPLING_STARTED,retrofit,,,,SCREW,0,2.0
1728.5,2025-12-02T04:48:30+00:00,LOCO_02,COUPLING_COMPLETED,retrofit,,,,SCREW,0,2.0
1728.5,2025-12-02T04:48:30+00:00,LOCO_02,SHUNTING_PREP,retrofit,,,,,0,1.0
1729.5,2025-12-02T04:49:30+00:00,LOCO_02,MOVING,WS_02,retrofit,WS_02,,,0,5.0
1734.5,2025-12-02T04:54:30+00:00,LOCO_02,DECOUPLING_STARTED,WS_02,,,,SCREW,0,3.0
1737.5,2025-12-02T04:57:30+00:00,LOCO_02,DECOUPLING_COMPLETED,WS_02,,,,SCREW,0,3.0
1740.5,2025-12-02T05:00:30+00:00,LOCO_02,MOVING,track_19,WS_02,track_19,,,0,5.0
1745.5,2025-12-02T05:05:30+00:00,LOCO_02,MOVING,WS_01,track_19,WS_01,,,0,5.0
1750.5,2025-12-02T05:10:30+00:00,LOCO_02,RAKE_COUPLING_STARTED,WS_01,,,,DAC,2,0.5
1751.0,2025-12-02T05:11:00+00:00,LOCO_02,RAKE_COUPLING_COMPLETED,WS_01,,,,DAC,2,0.5
1751.0,2025-12-02T05:11:00+00:00,LOCO_02,LOCO_COUPLING_STARTED,WS_01,,,,DAC,2,0.5
1751.5,2025-12-02T05:11:30+00:00,LOCO_02,LOCO_COUPLING_COMPLETED,WS_01,,,,DAC,2,0.5
1751.5,2025-12-02T05:11:30+00:00,LOCO_02,SHUNTING_PREP,WS_01,,,,,2,1.0
1752.5,2025-12-02T05:12:30+00:00,LOCO_02,MOVING,retrofitted,WS_01,retrofitted,,,0,5.0
1757.5,2025-12-02T05:17:30+00:00,LOCO_02,MOVING,track_19,retrofitted,track_19,,,0,5.0
1762.5,2025-12-02T05:22:30+00:00,LOCO_02,MOVING,collection2,track_19,collection2,,,0,60.0
1822.5,2025-12-02T06:22:30+00:00,LOCO_02,ALLOCATED,,,,batch_transport,,0,0.0
1822.5,2025-12-02T06:22:30+00:00,LOCO_02,RAKE_COUPLING_STARTED,collection2,,,,SCREW,3,4.0
1826.5,2025-12-02T06:26:30+00:00,LOCO_02,RAKE_COUPLING_COMPLETED,collection2,,,,SCREW,3,4.0
1826.5,2025-12-02T06:26:30+00:00,LOCO_02,LOCO_COUPLING_STARTED,collection2,,,,SCREW,3,2.0
1828.5,2025-12-02T06:28:30+00:00,LOCO_02,LOCO_COUPLING_COMPLETED,collection2,,,,SCREW,3,2.0
1828.5,2025-12-02T06:28:30+00:00,LOCO_02,SHUNTING_PREP,collection2,,,,,3,1.0
1829.5,2025-12-02T06:29:30+00:00,LOCO_02,MOVING,retrofit,collection2,retrofit,,,0,60.0
1889.5,2025-12-02T07:29:30+00:00,LOCO_02,LOCO_DECOUPLING_STARTED,retrofit,,,,SCREW,3,3.0
1892.5,2025-12-02T07:32:30+00:00,LOCO_02,LOCO_DECOUPLING_COMPLETED,retrofit,,,,SCREW,3,3.0
1892.5,2025-12-02T07:32:30+00:00,LOCO_02,RAKE_DECOUPLING_STARTED,retrofit,,,,SCREW,3,6.0
1898.5,2025-12-02T07:38:30+00:00,LOCO_02,RAKE_DECOUPLING_COMPLETED,retrofit,,,,SCREW,3,6.0
1904.5,2025-12-02T07:44:30+00:00,LOCO_02,MOVING,track_19,retrofit,track_19,,,0,5.0
1909.5,2025-12-02T07:49:30+00:00,LOCO_02,PARKING,,,,,,0,2.0
1911.5,2025-12-02T07:51:30+00:00,LOCO_02,MOVING,retrofit,track_19,retrofit,,,0,5.0
1916.5,2025-12-02T07:56:30+00:00,LOCO_02,COUPLING_STARTED,retrofit,,,,SCREW,0,2.0
1918.5,2025-12-02T07:58:30+00:00,LOCO_02,COUPLING_COMPLETED,retrofit,,,,SCREW,0,2.0
1918.5,2025-12-02T07:58:30+00:00,LOCO_02,SHUNTING_PREP,retrofit,,,,,0,1.0
1919.5,2025-12-02T07:59:30+00:00,LOCO_02,MOVING,WS_02,retrofit,WS_02,,,0,5.0
1924.5,2025-12-02T08:04:30+00:00,LOCO_02,DECOUPLING_STARTED,WS_02,,,,SCREW,0,3.0
1927.5,2025-12-02T08:07:30+00:00,LOCO_02,DECOUPLING_COMPLETED,WS_02,,,,SCREW,0,3.0
1930.5,2025-12-02T08:10:30+00:00,LOCO_02,MOVING,track_19,WS_02,track_19,,,0,38.0
1968.5,2025-12-02T08:48:30+00:00,LOCO_02,MOVING,WS_01,track_19,WS_01,,,0,5.0
1973.5,2025-12-02T08:53:30+00:00,LOCO_02,RAKE_COUPLING_STARTED,WS_01,,,,DAC,2,0.5
1974.0,2025-12-02T08:54:00+00:00,LOCO_02,RAKE_COUPLING_COMPLETED,WS_01,,,,DAC,2,0.5
1974.0,2025-12-02T08:54:00+00:00,LOCO_02,LOCO_COUPLING_STARTED,WS_01,,,,DAC,2,0.5
1974.5,2025-12-02T08:54:30+00:00,LOCO_02,LOCO_COUPLING_COMPLETED,WS_01,,,,DAC,2,0.5
1974.5,2025-12-02T08:54:30+00:00,LOCO_02,SHUNTING_PREP,WS_01,,,,,2,1.0
1975.5,2025-12-02T08:55:30+00:00,LOCO_02,MOVING,retrofitted,WS_01,retrofitted,,,0,5.0
1980.5,2025-12-02T09:00:30+00:00,LOCO_02,MOVING,track_19,retrofitted,track_19,,,0,7.0
1987.5,2025-12-02T09:07:30+00:00,LOCO_02,MOVING,retrofit,track_19,retrofit,,,0,5.0
1992.5,2025-12-02T09:12:30+00:00,LOCO_02,COUPLING_STARTED,retrofit,,,,SCREW,0,2.0
1994.5,2025-12-02T09:14:30+00:00,LOCO_02,COUPLING_COMPLETED,retrofit,,,,SCREW,0,2.0
1994.5,2025-12-02T09:14:30+00:00,LOCO_02,SHUNTING_PREP,retrofit,,,,,0,1.0
1995.5,2025-12-02T09:15:30+00:00,LOCO_02,MOVING,WS_01,retrofit,WS_01,,,0,5.0
2000.5,2025-12-02T09:20:30+00:00,LOCO_02,DECOUPLING_STARTED,WS_01,,,,SCREW,0,3.0
2003.5,2025-12-02T09:23:30+00:00,LOCO_02,DECOUPLING_COMPLETED,WS_01,,,,SCREW,0,3.0
2006.5,2025-12-02T09:26:30+00:00,LOCO_02,MOVING,track_19,WS_01,track_19,,,0,5.0
2011.5,2025-12-02T09:31:30+00:00,LOCO_02,MOVING,WS_02,track_19,WS_02,,,0,5.0
2016.5,2025-12-02T09:36:30+00:00,LOCO_02,RAKE_COUPLING_STARTED,WS_02,,,,DAC,2,0.5
2017.0,2025-12-02T09:37:00+00:00,LOCO_02,RAKE_COUPLING_COMPLETED,WS_02,,,,DAC,2,0.5
2017.0,2025-12-02T09:37:00+00:00,LOCO_02,LOCO_COUPLING_STARTED,WS_02,,,,DAC,2,0.5
2017.5,2025-12-02T09:37:30+00:00,LOCO_02,LOCO_COUPLING_COMPLETED,WS_02,,,,DAC,2,0.5
2017.5,2025-12-02T09:37:30+00:00,LOCO_02,SHUNTING_PREP,WS_02,,,,,2,1.0
2018.5,2025-12-02T09:38:30+00:00,LOCO_02,MOVING,retrofitted,WS_02,retrofitted,,,0,5.0
2023.5,2025-12-02T09:43:30+00:00,LOCO_02,MOVING,track_19,retrofitted,track_19,,,0,7.0
2030.5,2025-12-02T09:50:30+00:00,LOCO_02,MOVING,retrofit,track_19,retrofit,,,0,5.0
2035.5,2025-12-02T09:55:30+00:00,LOCO_02,COUPLING_STARTED,retrofit,,,,SCREW,0,2.0
2037.5,2025-12-02T09:57:30+00:00,LOCO_02,COUPLING_COMPLETED,retrofit,,,,SCREW,0,2.0
2037.5,2025-12-02T09:57:30+00:00,LOCO_02,SHUNTING_PREP,retrofit,,,,,0,1.0
2038.5,2025-12-02T09:58:30+00:00,LOCO_02,MOVING,WS_02,retrofit,WS_02,,,0,5.0
2043.5,2025-12-02T10:03:30+00:00,LOCO_02,DECOUPLING_STARTED,WS_02,,,,SCREW,0,3.0
2046.5,2025-12-02T10:06:30+00:00,LOCO_02,DECOUPLING_COMPLETED,WS_02,,,,SCREW,0,3.0
2049.5,2025-12-02T10:09:30+00:00,LOCO_02,MOVING,track_19,WS_02,track_19,,,0,5.0
2054.5,2025-12-02T10:14:30+00:00,LOCO_02,MOVING,collection1,track_19,collection1,,,0,60.0
2114.5,2025-12-02T11:14:30+00:00,LOCO_02,ALLOCATED,,,,batch_transport,,0,0.0
2114.5,2025-12-02T11:14:30+00:00,LOCO_02,RAKE_COUPLING_STARTED,collection1,,,,SCREW,3,4.0
2118.5,2025-12-02T11:18:30+00:00,LOCO_02,RAKE_COUPLING_COMPLETED,collection1,,,,SCREW,3,4.0
2118.5,2025-12-02T11:18:30+00:00,LOCO_02,LOCO_COUPLING_STARTED,collection1,,,,SCREW,3,2.0
2120.5,2025-12-02T11:20:30+00:00,LOCO_02,LOCO_COUPLING_COMPLETED,collection1,,,,SCREW,3,2.0
2120.5,2025-12-02T11:20:30+00:00,LOCO_02,SHUNTING_PREP,collection1,,,,,3,1.0
2121.5,2025-12-02T11:21:30+00:00,LOCO_02,MOVING,retrofit,collection1,retrofit,,,0,60.0
2181.5,2025-12-02T12:21:30+00:00,LOCO_02,LOCO_DECOUPLING_STARTED,retrofit,,,,SCREW,3,3.0
2184.5,2025-12-02T12:24:30+00:00,LOCO_02,LOCO_DECOUPLING_COMPLETED,retrofit,,,,SCREW,3,3.0
2184.5,2025-12-02T12:24:30+00:00,LOCO_02,RAKE_DECOUPLING_STARTED,retrofit,,,,SCREW,3,6.0
2190.5,2025-12-02T12:30:30+00:00,LOCO_02,RAKE_DECOUPLING_COMPLETED,retrofit,,,,SCREW,3,6.0
2196.5,2025-12-02T12:36:30+00:00,LOCO_02,MOVING,track_19,retrofit,track_19,,,0,5.0
2201.5,2025-12-02T12:41:30+00:00,LOCO_02,PARKING,,,,,,0,2.0
2203.5,2025-12-02T12:43:30+00:00,LOCO_02,MOVING,retrofit,track_19,retrofit,,,0,5.0
2208.5,2025-12-02T12:48:30+00:00,LOCO_02,COUPLING_STARTED,retrofit,,,,SCREW,0,2.0
2210.5,2025-12-02T12:50:30+00:00,LOCO_02,COUPLING_COMPLETED,retrofit,,,,SCREW,0,2.0
2210.5,2025-12-02T12:50:30+00:00,LOCO_02,SHUNTING_PREP,retrofit,,,,,0,1.0
2211.5,2025-12-02T12:51:30+00:00,LOCO_02,MOVING,WS_02,retrofit,WS_02,,,0,5.0
2216.5,2025-12-02T12:56:30+00:00,LOCO_02,DECOUPLING_STARTED,WS_02,,,,SCREW,0,3.0
2219.5,2025-12-02T12:59:30+00:00,LOCO_02,DECOUPLING_COMPLETED,WS_02,,,,SCREW,0,3.0
2222.5,2025-12-02T13:02:30+00:00,LOCO_02,MOVING,track_19,WS_02,track_19,,,0,5.0
2227.5,2025-12-02T13:07:30+00:00,LOCO_02,MOVING,WS_01,track_19,WS_01,,,0,5.0
2232.5,2025-12-02T13:12:30+00:00,LOCO_02,RAKE_COUPLING_STARTED,WS_01,,,,DAC,2,0.5
2233.0,2025-12-02T13:13:00+00:00,LOCO_02,RAKE_COUPLING_COMPLETED,WS_01,,,,DAC,2,0.5
2233.0,2025-12-02T13:13:00+00:00,LOCO_02,LOCO_COUPLING_STARTED,WS_01,,,,DAC,2,0.5
2233.5,2025-12-02T13:13:30+00:00,LOCO_02,LOCO_COUPLING_COMPLETED,WS_01,,,,DAC,2,0.5
2233.5,2025-12-02T13:13:30+00:00,LOCO_02,SHUNTING_PREP,WS_01,,,,,2,1.0
2234.5,2025-12-02T13:14:30+00:00,LOCO_02,MOVING,retrofitted,WS_01,retrofitted,,,0,5.0
2239.5,2025-12-02T13:19:30+00:00,LOCO_02,MOVING,track_19,retrofitted,track_19,,,0,5.0
2244.5,2025-12-02T13:24:30+00:00,LOCO_02,ALLOCATED,,,,batch_transport,,0,0.0
2244.5,2025-12-02T13:24:30+00:00,LOCO_02,MOVING,retrofitted,track_19,retrofitted,,,0,5.0
2249.5,2025-12-02T13:29:30+00:00,LOCO_02,RAKE_COUPLING_STARTED,retrofitted,,,,DAC,6,2.5
2252.0,2025-12-02T13:32:00+00:00,LOCO_02,RAKE_COUPLING_COMPLETED,retrofitted,,,,DAC,6,2.5
2252.0,2025-12-02T13:32:00+00:00,LOCO_02,LOCO_COUPLING_STARTED,retrofitted,,,,DAC,6,0.5
2252.5,2025-12-02T13:32:30+00:00,LOCO_02,LOCO_COUPLING_COMPLETED,retrofitted,,,,DAC,6,0.5
2252.5,2025-12-02T13:32:30+00:00,LOCO_02,SHUNTING_PREP,retrofitted,,,,,6,1.0
2253.5,2025-12-02T13:33:30+00:00,LOCO_02,MOVING,parking16,retrofitted,parking16,,,0,120.0
2373.5,2025-12-02T15:33:30+00:00,LOCO_02,LOCO_DECOUPLING_STARTED,parking16,,,,DAC,6,0.5
2374.0,2025-12-02T15:34:00+00:00,LOCO_02,LOCO_DECOUPLING_COMPLETED,parking16,,,,DAC,6,0.5
2374.0,2025-12-02T15:34:00+00:00,LOCO_02,RAKE_DECOUPLING_STARTED,parking16,,,,DAC,6,2.5
2376.5,2025-12-02T15:36:30+00:00,LOCO_02,RAKE_DECOUPLING_COMPLETED,parking16,,,,DAC,6,2.5
2379.0,2025-12-02T15:39:00+00:00,LOCO_02,MOVING,track_19,parking16,track_19,,,0,63.5
2442.5,2025-12-02T16:42:30+00:00,LOCO_02,MOVING,WS_01,track_19,WS_01,,,0,5.0
2447.5,2025-12-02T16:47:30+00:00,LOCO_02,LOCO_COUPLING_STARTED,WS_01,,,,DAC,1,0.5
2448.0,2025-12-02T16:48:00+00:00,LOCO_02,LOCO_COUPLING_COMPLETED,WS_01,,,,DAC,1,0.5
2448.0,2025-12-02T16:48:00+00:00,LOCO_02,SHUNTING_PREP,WS_01,,,,,1,1.0
2449.0,2025-12-02T16:49:00+00:00,LOCO_02,MOVING,retrofitted,WS_01,retrofitted,,,0,5.0
2454.0,2025-12-02T16:54:00+00:00,LOCO_02,MOVING,track_19,retrofitted,track_19,,,0,7.0
2461.0,2025-12-02T17:01:00+00:00,LOCO_02,MOVING,retrofit,track_19,retrofit,,,0,5.0
2466.0,2025-12-02T17:06:00+00:00,LOCO_02,COUPLING_STARTED,retrofit,,,,SCREW,0,2.0
2468.0,2025-12-02T17:08:00+00:00,LOCO_02,COUPLING_COMPLETED,retrofit,,,,SCREW,0,2.0
2468.0,2025-12-02T17:08:00+00:00,LOCO_02,SHUNTING_PREP,retrofit,,,,,0,1.0
2469.0,2025-12-02T17:09:00+00:00,LOCO_02,MOVING,WS_01,retrofit,WS_01,,,0,5.0
2474.0,2025-12-02T17:14:00+00:00,LOCO_02,DECOUPLING_STARTED,WS_01,,,,SCREW,0,3.0
2477.0,2025-12-02T17:17:00+00:00,LOCO_02,DECOUPLING_COMPLETED,WS_01,,,,SCREW,0,3.0
2480.0,2025-12-02T17:20:00+00:00,LOCO_02,MOVING,track_19,WS_01,track_19,,,0,5.0
2485.0,2025-12-02T17:25:00+00:00,LOCO_02,MOVING,WS_02,track_19,WS_02,,,0,5.0
2490.0,2025-12-02T17:30:00+00:00,LOCO_02,RAKE_COUPLING_STARTED,WS_02,,,,DAC,2,0.5
2490.5,2025-12-02T17:30:30+00:00,LOCO_02,RAKE_COUPLING_COMPLETED,WS_02,,,,DAC,2,0.5
2490.5,2025-12-02T17:30:30+00:00,LOCO_02,LOCO_COUPLING_STARTED,WS_02,,,,DAC,2,0.5
2491.0,2025-12-02T17:31:00+00:00,LOCO_02,LOCO_COUPLING_COMPLETED,WS_02,,,,DAC,2,0.5
2491.0,2025-12-02T17:31:00+00:00,LOCO_02,SHUNTING_PREP,WS_02,,,,,2,1.0
2492.0,2025-12-02T17:32:00+00:00,LOCO_02,MOVING,retrofitted,WS_02,retrofitted,,,0,5.0
2497.0,2025-12-02T17:37:00+00:00,LOCO_02,MOVING,track_19,retrofitted,track_19,,,0,5.0
2502.0,2025-12-02T17:42:00+00:00,LOCO_02,MOVING,collection1,track_19,collection1,,,0,60.0
2562.0,2025-12-02T18:42:00+00:00,LOCO_02,ALLOCATED,,,,batch_transport,,0,0.0
2562.0,2025-12-02T18:42:00+00:00,LOCO_02,RAKE_COUPLING_STARTED,collection1,,,,SCREW,8,14.0
2576.0,2025-12-02T18:56:00+00:00,LOCO_02,RAKE_COUPLING_COMPLETED,collection1,,,,SCREW,8,14.0
2576.0,2025-12-02T18:56:00+00:00,LOCO_02,LOCO_COUPLING_STARTED,collection1,,,,SCREW,8,2.0
2578.0,2025-12-02T18:58:00+00:00,LOCO_02,LOCO_COUPLING_COMPLETED,collection1,,,,SCREW,8,2.0
2578.0,2025-12-02T18:58:00+00:00,LOCO_02,SHUNTING_PREP,collection1,,,,,8,1.0
2579.0,2025-12-02T18:59:00+00:00,LOCO_02,MOVING,retrofit,collection1,retrofit,,,0,60.0
2639.0,2025-12-02T19:59:00+00:00,LOCO_02,LOCO_DECOUPLING_STARTED,retrofit,,,,SCREW,8,3.0
2642.0,2025-12-02T20:02:00+00:00,LOCO_02,LOCO_DECOUPLING_COMPLETED,retrofit,,,,SCREW,8,3.0
2642.0,2025-12-02T20:02:00+00:00,LOCO_02,RAKE_DECOUPLING_STARTED,retrofit,,,,SCREW,8,21.0
2663.0,2025-12-02T20:23:00+00:00,LOCO_02,RAKE_DECOUPLING_COMPLETED,retrofit,,,,SCREW,8,21.0
2684.0,2025-12-02T20:44:00+00:00,LOCO_02,MOVING,track_19,retrofit,track_19,,,0,5.0
2689.0,2025-12-02T20:49:00+00:00,LOCO_02,PARKING,,,,,,0,0.0
2689.0,2025-12-02T20:49:00+00:00,LOCO_02,MOVING,collection2,track_19,collection2,,,0,60.0
2749.0,2025-12-02T21:49:00+00:00,LOCO_02,ALLOCATED,,,,batch_transport,,0,0.0
2749.0,2025-12-02T21:49:00+00:00,LOCO_02,LOCO_COUPLING_STARTED,collection2,,,,SCREW,1,2.0
2751.0,2025-12-02T21:51:00+00:00,LOCO_02,LOCO_COUPLING_COMPLETED,collection2,,,,SCREW,1,2.0
2751.0,2025-12-02T21:51:00+00:00,LOCO_02,SHUNTING_PREP,collection2,,,,,1,1.0
2752.0,2025-12-02T21:52:00+00:00,LOCO_02,MOVING,retrofit,collection2,retrofit,,,0,60.0
2812.0,2025-12-02T22:52:00+00:00,LOCO_02,LOCO_DECOUPLING_STARTED,retrofit,,,,SCREW,1,3.0
2815.0,2025-12-02T22:55:00+00:00,LOCO_02,MOVING,track_19,retrofit,track_19,,,0,0.0
2815.0,2025-12-02T22:55:00+00:00,LOCO_02,LOCO_DECOUPLING_COMPLETED,retrofit,,,,SCREW,1,3.0
2820.0,2025-12-02T23:00:00+00:00,LOCO_02,PARKING,,,,,,0,0.0
2820.0,2025-12-02T23:00:00+00:00,LOCO_02,MOVING,WS_02,track_19,WS_02,,,0,5.0
2825.0,2025-12-02T23:05:00+00:00,LOCO_02,RAKE_COUPLING_STARTED,WS_02,,,,DAC,2,0.5
2825.5,2025-12-02T23:05:30+00:00,LOCO_02,RAKE_COUPLING_COMPLETED,WS_02,,,,DAC,2,0.5
2825.5,2025-12-02T23:05:30+00:00,LOCO_02,LOCO_COUPLING_STARTED,WS_02,,,,DAC,2,0.5
2826.0,2025-12-02T23:06:00+00:00,LOCO_02,LOCO_COUPLING_COMPLETED,WS_02,,,,DAC,2,0.5
2826.0,2025-12-02T23:06:00+00:00,LOCO_02,SHUNTING_PREP,WS_02,,,,,2,1.0
2827.0,2025-12-02T23:07:00+00:00,LOCO_02,MOVING,retrofitted,WS_02,retrofitted,,,0,5.0
2832.0,2025-12-02T23:12:00+00:00,LOCO_02,MOVING,track_19,retrofitted,track_19,,,0,5.0
2837.0,2025-12-02T23:17:00+00:00,LOCO_02,MOVING,WS_01,track_19,WS_01,,,0,5.0
2842.0,2025-12-02T23:22:00+00:00,LOCO_02,RAKE_COUPLING_STARTED,WS_01,,,,DAC,2,0.5
2842.5,2025-12-02T23:22:30+00:00,LOCO_02,RAKE_COUPLING_COMPLETED,WS_01,,,,DAC,2,0.5
2842.5,2025-12-02T23:22:30+00:00,LOCO_02,LOCO_COUPLING_STARTED,WS_01,,,,DAC,2,0.5
2843.0,2025-12-02T23:23:00+00:00,LOCO_02,LOCO_COUPLING_COMPLETED,WS_01,,,,DAC,2,0.5
2843.0,2025-12-02T23:23:00+00:00,LOCO_02,SHUNTING_PREP,WS_01,,,,,2,1.0
2844.0,2025-12-02T23:24:00+00:00,LOCO_02,MOVING,retrofitted,WS_01,retrofitted,,,0,5.0
2849.0,2025-12-02T23:29:00+00:00,LOCO_02,MOVING,track_19,retrofitted,track_19,,,0,7.0
2856.0,2025-12-02T23:36:00+00:00,LOCO_02,MOVING,retrofit,track_19,retrofit,,,0,5.0
2861.0,2025-12-02T23:41:00+00:00,LOCO_02,COUPLING_STARTED,retrofit,,,,SCREW,0,2.0
2863.0,2025-12-02T23:43:00+00:00,LOCO_02,COUPLING_COMPLETED,retrofit,,,,SCREW,0,2.0
2863.0,2025-12-02T23:43:00+00:00,LOCO_02,SHUNTING_PREP,retrofit,,,,,0,1.0
2864.0,2025-12-02T23:44:00+00:00,LOCO_02,MOVING,WS_02,retrofit,WS_02,,,0,5.0
2869.0,2025-12-02T23:49:00+00:00,LOCO_02,DECOUPLING_STARTED,WS_02,,,,SCREW,0,3.0
2872.0,2025-12-02T23:52:00+00:00,LOCO_02,DECOUPLING_COMPLETED,WS_02,,,,SCREW,0,3.0
2875.0,2025-12-02T23:55:00+00:00,LOCO_02,MOVING,track_19,WS_02,track_19,,,0,7.0
2882.0,2025-12-03T00:02:00+00:00,LOCO_02,MOVING,retrofit,track_19,retrofit,,,0,5.0
2887.0,2025-12-03T00:07:00+00:00,LOCO_02,COUPLING_STARTED,retrofit,,,,SCREW,0,2.0
2889.0,2025-12-03T00:09:00+00:00,LOCO_02,COUPLING_COMPLETED,retrofit,,,,SCREW,0,2.0
2889.0,2025-12-03T00:09:00+00:00,LOCO_02,SHUNTING_PREP,retrofit,,,,,0,1.0
2890.0,2025-12-03T00:10:00+00:00,LOCO_02,MOVING,WS_01,retrofit,WS_01,,,0,5.0
2895.0,2025-12-03T00:15:00+00:00,LOCO_02,DECOUPLING_STARTED,WS_01,,,,SCREW,0,3.0
2898.0,2025-12-03T00:18:00+00:00,LOCO_02,DECOUPLING_COMPLETED,WS_01,,,,SCREW,0,3.0
2901.0,2025-12-03T00:21:00+00:00,LOCO_02,MOVING,track_19,WS_01,track_19,,,0,5.0
2906.0,2025-12-03T00:26:00+00:00,LOCO_02,MOVING,collection2,track_19,collection2,,,0,60.0
2966.0,2025-12-03T01:26:00+00:00,LOCO_02,ALLOCATED,,,,batch_transport,,0,0.0
2966.0,2025-12-03T01:26:00+00:00,LOCO_02,LOCO_COUPLING_STARTED,collection2,,,,SCREW,1,2.0
2968.0,2025-12-03T01:28:00+00:00,LOCO_02,LOCO_COUPLING_COMPLETED,collection2,,,,SCREW,1,2.0
2968.0,2025-12-03T01:28:00+00:00,LOCO_02,SHUNTING_PREP,collection2,,,,,1,1.0
2969.0,2025-12-03T01:29:00+00:00,LOCO_02,MOVING,retrofit,collection2,retrofit,,,0,60.0
3029.0,2025-12-03T02:29:00+00:00,LOCO_02,LOCO_DECOUPLING_STARTED,retrofit,,,,SCREW,1,3.0
3032.0,2025-12-03T02:32:00+00:00,LOCO_02,MOVING,track_19,retrofit,track_19,,,0,0.0
3032.0,2025-12-03T02:32:00+00:00,LOCO_02,LOCO_DECOUPLING_COMPLETED,retrofit,,,,SCREW,1,3.0
3037.0,2025-12-03T02:37:00+00:00,LOCO_02,PARKING,,,,,,0,0.0
3037.0,2025-12-03T02:37:00+00:00,LOCO_02,MOVING,WS_02,track_19,WS_02,,,0,5.0
3042.0,2025-12-03T02:42:00+00:00,LOCO_02,RAKE_COUPLING_STARTED,WS_02,,,,DAC,2,0.5
3042.5,2025-12-03T02:42:30+00:00,LOCO_02,RAKE_COUPLING_COMPLETED,WS_02,,,,DAC,2,0.5
3042.5,2025-12-03T02:42:30+00:00,LOCO_02,LOCO_COUPLING_STARTED,WS_02,,,,DAC,2,0.5
3043.0,2025-12-03T02:43:00+00:00,LOCO_02,LOCO_COUPLING_COMPLETED,WS_02,,,,DAC,2,0.5
3043.0,2025-12-03T02:43:00+00:00,LOCO_02,SHUNTING_PREP,WS_02,,,,,2,1.0
3044.0,2025-12-03T02:44:00+00:00,LOCO_02,MOVING,retrofitted,WS_02,retrofitted,,,0,5.0
3049.0,2025-12-03T02:49:00+00:00,LOCO_02,MOVING,track_19,retrofitted,track_19,,,0,5.0
3054.0,2025-12-03T02:54:00+00:00,LOCO_02,MOVING,WS_01,track_19,WS_01,,,0,5.0
3059.0,2025-12-03T02:59:00+00:00,LOCO_02,RAKE_COUPLING_STARTED,WS_01,,,,DAC,2,0.5
3059.5,2025-12-03T02:59:30+00:00,LOCO_02,RAKE_COUPLING_COMPLETED,WS_01,,,,DAC,2,0.5
3059.5,2025-12-03T02:59:30+00:00,LOCO_02,LOCO_COUPLING_STARTED,WS_01,,,,DAC,2,0.5
3060.0,2025-12-03T03:00:00+00:00,LOCO_02,LOCO_COUPLING_COMPLETED,WS_01,,,,DAC,2,0.5
3060.0,2025-12-03T03:00:00+00:00,LOCO_02,SHUNTING_PREP,WS_01,,,,,2,1.0
3061.0,2025-12-03T03:01:00+00:00,LOCO_02,MOVING,retrofitted,WS_01,retrofitted,,,0,5.0
3066.0,2025-12-03T03:06:00+00:00,LOCO_02,MOVING,track_19,retrofitted,track_19,,,0,7.0
3073.0,2025-12-03T03:13:00+00:00,LOCO_02,MOVING,retrofit,track_19,retrofit,,,0,5.0
3078.0,2025-12-03T03:18:00+00:00,LOCO_02,COUPLING_STARTED,retrofit,,,,SCREW,0,2.0
3080.0,2025-12-03T03:20:00+00:00,LOCO_02,COUPLING_COMPLETED,retrofit,,,,SCREW,0,2.0
3080.0,2025-12-03T03:20:00+00:00,LOCO_02,SHUNTING_PREP,retrofit,,,,,0,1.0
3081.0,2025-12-03T03:21:00+00:00,LOCO_02,MOVING,WS_02,retrofit,WS_02,,,0,5.0
3086.0,2025-12-03T03:26:00+00:00,LOCO_02,DECOUPLING_STARTED,WS_02,,,,SCREW,0,3.0
3089.0,2025-12-03T03:29:00+00:00,LOCO_02,DECOUPLING_COMPLETED,WS_02,,,,SCREW,0,3.0
3092.0,2025-12-03T03:32:00+00:00,LOCO_02,MOVING,track_19,WS_02,track_19,,,0,5.0
3097.0,2025-12-03T03:37:00+00:00,LOCO_02,ALLOCATED,,,,batch_transport,,0,0.0
3097.0,2025-12-03T03:37:00+00:00,LOCO_02,MOVING,retrofitted,track_19,retrofitted,,,0,5.0
3102.0,2025-12-03T03:42:00+00:00,LOCO_02,RAKE_COUPLING_STARTED,retrofitted,,,,DAC,6,2.5
3104.5,2025-12-03T03:44:30+00:00,LOCO_02,RAKE_COUPLING_COMPLETED,retrofitted,,,,DAC,6,2.5
3104.5,2025-12-03T03:44:30+00:00,LOCO_02,LOCO_COUPLING_STARTED,retrofitted,,,,DAC,6,0.5
3105.0,2025-12-03T03:45:00+00:00,LOCO_02,LOCO_COUPLING_COMPLETED,retrofitted,,,,DAC,6,0.5
3105.0,2025-12-03T03:45:00+00:00,LOCO_02,SHUNTING_PREP,retrofitted,,,,,6,1.0
3106.0,2025-12-03T03:46:00+00:00,LOCO_02,MOVING,parking16,retrofitted,parking16,,,0,120.0
3226.0,2025-12-03T05:46:00+00:00,LOCO_02,LOCO_DECOUPLING_STARTED,parking16,,,,DAC,6,0.5
3226.5,2025-12-03T05:46:30+00:00,LOCO_02,LOCO_DECOUPLING_COMPLETED,parking16,,,,DAC,6,0.5
3226.5,2025-12-03T05:46:30+00:00,LOCO_02,RAKE_DECOUPLING_STARTED,parking16,,,,DAC,6,2.5
3229.0,2025-12-03T05:49:00+00:00,LOCO_02,RAKE_DECOUPLING_COMPLETED,parking16,,,,DAC,6,2.5
3231.5,2025-12-03T05:51:30+00:00,LOCO_02,MOVING,track_19,parking16,track_19,,,0,60.0
3291.5,2025-12-03T06:51:30+00:00,LOCO_02,MOVING,WS_02,track_19,WS_02,,,0,5.0
3296.5,2025-12-03T06:56:30+00:00,LOCO_02,RAKE_COUPLING_STARTED,WS_02,,,,DAC,2,0.5
3297.0,2025-12-03T06:57:00+00:00,LOCO_02,RAKE_COUPLING_COMPLETED,WS_02,,,,DAC,2,0.5
3297.0,2025-12-03T06:57:00+00:00,LOCO_02,LOCO_COUPLING_STARTED,WS_02,,,,DAC,2,0.5
3297.5,2025-12-03T06:57:30+00:00,LOCO_02,LOCO_COUPLING_COMPLETED,WS_02,,,,DAC,2,0.5
3297.5,2025-12-03T06:57:30+00:00,LOCO_02,SHUNTING_PREP,WS_02,,,,,2,1.0
3298.5,2025-12-03T06:58:30+00:00,LOCO_02,MOVING,retrofitted,WS_02,retrofitted,,,0,5.0
3303.5,2025-12-03T07:03:30+00:00,LOCO_02,MOVING,track_19,retrofitted,track_19,,,0,5.0
3308.5,2025-12-03T07:08:30+00:00,LOCO_02,MOVING,WS_01,track_19,WS_01,,,0,5.0
3313.5,2025-12-03T07:13:30+00:00,LOCO_02,RAKE_COUPLING_STARTED,WS_01,,,,DAC,2,0.5
3314.0,2025-12-03T07:14:00+00:00,LOCO_02,RAKE_COUPLING_COMPLETED,WS_01,,,,DAC,2,0.5
3314.0,2025-12-03T07:14:00+00:00,LOCO_02,LOCO_COUPLING_STARTED,WS_01,,,,DAC,2,0.5
3314.5,2025-12-03T07:14:30+00:00,LOCO_02,LOCO_COUPLING_COMPLETED,WS_01,,,,DAC,2,0.5
3314.5,2025-12-03T07:14:30+00:00,LOCO_02,SHUNTING_PREP,WS_01,,,,,2,1.0
3315.5,2025-12-03T07:15:30+00:00,LOCO_02,MOVING,retrofitted,WS_01,retrofitted,,,0,5.0
3320.5,2025-12-03T07:20:30+00:00,LOCO_02,MOVING,track_19,retrofitted,track_19,,,0,5.0
3325.5,2025-12-03T07:25:30+00:00,LOCO_02,ALLOCATED,,,,batch_transport,,0,0.0
3325.5,2025-12-03T07:25:30+00:00,LOCO_02,MOVING,retrofitted,track_19,retrofitted,,,0,5.0
3330.5,2025-12-03T07:30:30+00:00,LOCO_02,RAKE_COUPLING_STARTED,retrofitted,,,,DAC,8,3.5
3334.0,2025-12-03T07:34:00+00:00,LOCO_02,RAKE_COUPLING_COMPLETED,retrofitted,,,,DAC,8,3.5
3334.0,2025-12-03T07:34:00+00:00,LOCO_02,LOCO_COUPLING_STARTED,retrofitted,,,,DAC,8,0.5
3334.5,2025-12-03T07:34:30+00:00,LOCO_02,LOCO_COUPLING_COMPLETED,retrofitted,,,,DAC,8,0.5
3334.5,2025-12-03T07:34:30+00:00,LOCO_02,SHUNTING_PREP,retrofitted,,,,,8,1.0
3335.5,2025-12-03T07:35:30+00:00,LOCO_02,MOVING,parking16,retrofitted,parking16,,,0,120.0
3455.5,2025-12-03T09:35:30+00:00,LOCO_02,LOCO_DECOUPLING_STARTED,parking16,,,,DAC,8,0.5
3456.0,2025-12-03T09:36:00+00:00,LOCO_02,LOCO_DECOUPLING_COMPLETED,parking16,,,,DAC,8,0.5
3456.0,2025-12-03T09:36:00+00:00,LOCO_02,RAKE_DECOUPLING_STARTED,parking16,,,,DAC,8,3.5
3459.5,2025-12-03T09:39:30+00:00,LOCO_02,RAKE_DECOUPLING_COMPLETED,parking16,,,,DAC,8,3.5
3463.0,2025-12-03T09:43:00+00:00,LOCO_02,MOVING,track_19,parking16,track_19,,,0,60.0
3523.0,2025-12-03T10:43:00+00:00,LOCO_02,MOVING,WS_02,track_19,WS_02,,,0,5.0
3528.0,2025-12-03T10:48:00+00:00,LOCO_02,RAKE_COUPLING_STARTED,WS_02,,,,DAC,2,0.5
3528.5,2025-12-03T10:48:30+00:00,LOCO_02,RAKE_COUPLING_COMPLETED,WS_02,,,,DAC,2,0.5
3528.5,2025-12-03T10:48:30+00:00,LOCO_02,LOCO_COUPLING_STARTED,WS_02,,,,DAC,2,0.5
3529.0,2025-12-03T10:49:00+00:00,LOCO_02,LOCO_COUPLING_COMPLETED,WS_02,,,,DAC,2,0.5
3529.0,2025-12-03T10:49:00+00:00,LOCO_02,SHUNTING_PREP,WS_02,,,,,2,1.0
3530.0,2025-12-03T10:50:00+00:00,LOCO_02,MOVING,retrofitted,WS_02,retrofitted,,,0,5.0
3535.0,2025-12-03T10:55:00+00:00,LOCO_02,MOVING,track_19,retrofitted,track_19,,,0,5.0
3540.0,2025-12-03T11:00:00+00:00,LOCO_02,MOVING,WS_01,track_19,WS_01,,,0,5.0
3545.0,2025-12-03T11:05:00+00:00,LOCO_02,RAKE_COUPLING_STARTED,WS_01,,,,DAC,2,0.5
3545.5,2025-12-03T11:05:30+00:00,LOCO_02,RAKE_COUPLING_COMPLETED,WS_01,,,,DAC,2,0.5
3545.5,2025-12-03T11:05:30+00:00,LOCO_02,LOCO_COUPLING_STARTED,WS_01,,,,DAC,2,0.5
3546.0,2025-12-03T11:06:00+00:00,LOCO_02,LOCO_COUPLING_COMPLETED,WS_01,,,,DAC,2,0.5
3546.0,2025-12-03T11:06:00+00:00,LOCO_02,SHUNTING_PREP,WS_01,,,,,2,1.0
3547.0,2025-12-03T11:07:00+00:00,LOCO_02,MOVING,retrofitted,WS_01,retrofitted,,,0,5.0
3552.0,2025-12-03T11:12:00+00:00,LOCO_02,MOVING,track_19,retrofitted,track_19,,,0,7.0
3559.0,2025-12-03T11:19:00+00:00,LOCO_02,MOVING,retrofit,track_19,retrofit,,,0,5.0
3564.0,2025-12-03T11:24:00+00:00,LOCO_02,COUPLING_STARTED,retrofit,,,,SCREW,0,2.0
3566.0,2025-12-03T11:26:00+00:00,LOCO_02,COUPLING_COMPLETED,retrofit,,,,SCREW,0,2.0
3566.0,2025-12-03T11:26:00+00:00,LOCO_02,SHUNTING_PREP,retrofit,,,,,0,1.0
3567.0,2025-12-03T11:27:00+00:00,LOCO_02,MOVING,WS_02,retrofit,WS_02,,,0,5.0
3572.0,2025-12-03T11:32:00+00:00,LOCO_02,DECOUPLING_STARTED,WS_02,,,,SCREW,0,3.0
3575.0,2025-12-03T11:35:00+00:00,LOCO_02,DECOUPLING_COMPLETED,WS_02,,,,SCREW,0,3.0
3578.0,2025-12-03T11:38:00+00:00,LOCO_02,MOVING,track_19,WS_02,track_19,,,0,7.0
3585.0,2025-12-03T11:45:00+00:00,LOCO_02,MOVING,retrofit,track_19,retrofit,,,0,5.0
3590.0,2025-12-03T11:50:00+00:00,LOCO_02,COUPLING_STARTED,retrofit,,,,SCREW,0,2.0
3592.0,2025-12-03T11:52:00+00:00,LOCO_02,COUPLING_COMPLETED,retrofit,,,,SCREW,0,2.0
3592.0,2025-12-03T11:52:00+00:00,LOCO_02,SHUNTING_PREP,retrofit,,,,,0,1.0
3593.0,2025-12-03T11:53:00+00:00,LOCO_02,MOVING,WS_01,retrofit,WS_01,,,0,5.0
3598.0,2025-12-03T11:58:00+00:00,LOCO_02,DECOUPLING_STARTED,WS_01,,,,SCREW,0,3.0
3601.0,2025-12-03T12:01:00+00:00,LOCO_02,DECOUPLING_COMPLETED,WS_01,,,,SCREW,0,3.0
3604.0,2025-12-03T12:04:00+00:00,LOCO_02,MOVING,track_19,WS_01,track_19,,,0,5.0
3609.0,2025-12-03T12:09:00+00:00,LOCO_02,MOVING,collection2,track_19,collection2,,,0,60.0
3669.0,2025-12-03T13:09:00+00:00,LOCO_02,ALLOCATED,,,,batch_transport,,0,0.0
3669.0,2025-12-03T13:09:00+00:00,LOCO_02,RAKE_COUPLING_STARTED,collection2,,,,SCREW,6,10.0
3679.0,2025-12-03T13:19:00+00:00,LOCO_02,RAKE_COUPLING_COMPLETED,collection2,,,,SCREW,6,10.0
3679.0,2025-12-03T13:19:00+00:00,LOCO_02,LOCO_COUPLING_STARTED,collection2,,,,SCREW,6,2.0
3681.0,2025-12-03T13:21:00+00:00,LOCO_02,LOCO_COUPLING_COMPLETED,collection2,,,,SCREW,6,2.0
3681.0,2025-12-03T13:21:00+00:00,LOCO_02,SHUNTING_PREP,collection2,,,,,6,1.0
3682.0,2025-12-03T13:22:00+00:00,LOCO_02,MOVING,retrofit,collection2,retrofit,,,0,60.0
3742.0,2025-12-03T14:22:00+00:00,LOCO_02,LOCO_DECOUPLING_STARTED,retrofit,,,,SCREW,6,3.0
3745.0,2025-12-03T14:25:00+00:00,LOCO_02,LOCO_DECOUPLING_COMPLETED,retrofit,,,,SCREW,6,3.0
3745.0,2025-12-03T14:25:00+00:00,LOCO_02,RAKE_DECOUPLING_STARTED,retrofit,,,,SCREW,6,15.0
3760.0,2025-12-03T14:40:00+00:00,LOCO_02,RAKE_DECOUPLING_COMPLETED,retrofit,,,,SCREW,6,15.0
3775.0,2025-12-03T14:55:00+00:00,LOCO_02,MOVING,track_19,retrofit,track_19,,,0,5.0
3780.0,2025-12-03T15:00:00+00:00,LOCO_02,PARKING,,,,,,0,0.0
3780.0,2025-12-03T15:00:00+00:00,LOCO_02,MOVING,WS_02,track_19,WS_02,,,0,5.0
3785.0,2025-12-03T15:05:00+00:00,LOCO_02,RAKE_COUPLING_STARTED,WS_02,,,,DAC,2,0.5
3785.5,2025-12-03T15:05:30+00:00,LOCO_02,RAKE_COUPLING_COMPLETED,WS_02,,,,DAC,2,0.5
3785.5,2025-12-03T15:05:30+00:00,LOCO_02,LOCO_COUPLING_STARTED,WS_02,,,,DAC,2,0.5
3786.0,2025-12-03T15:06:00+00:00,LOCO_02,LOCO_COUPLING_COMPLETED,WS_02,,,,DAC,2,0.5
3786.0,2025-12-03T15:06:00+00:00,LOCO_02,SHUNTING_PREP,WS_02,,,,,2,1.0
3787.0,2025-12-03T15:07:00+00:00,LOCO_02,MOVING,retrofitted,WS_02,retrofitted,,,0,5.0
3792.0,2025-12-03T15:12:00+00:00,LOCO_02,MOVING,track_19,retrofitted,track_19,,,0,5.0
3797.0,2025-12-03T15:17:00+00:00,LOCO_02,MOVING,WS_01,track_19,WS_01,,,0,5.0
3802.0,2025-12-03T15:22:00+00:00,LOCO_02,RAKE_COUPLING_STARTED,WS_01,,,,DAC,2,0.5
3802.5,2025-12-03T15:22:30+00:00,LOCO_02,RAKE_COUPLING_COMPLETED,WS_01,,,,DAC,2,0.5
3802.5,2025-12-03T15:22:30+00:00,LOCO_02,LOCO_COUPLING_STARTED,WS_01,,,,DAC,2,0.5
3803.0,2025-12-03T15:23:00+00:00,LOCO_02,LOCO_COUPLING_COMPLETED,WS_01,,,,DAC,2,0.5
3803.0,2025-12-03T15:23:00+00:00,LOCO_02,SHUNTING_PREP,WS_01,,,,,2,1.0
3804.0,2025-12-03T15:24:00+00:00,LOCO_02,MOVING,retrofitted,WS_01,retrofitted,,,0,5.0
3809.0,2025-12-03T15:29:00+00:00,LOCO_02,MOVING,track_19,retrofitted,track_19,,,0,5.0
3814.0,2025-12-03T15:34:00+00:00,LOCO_02,ALLOCATED,,,,batch_transport,,0,0.0
3814.0,2025-12-03T15:34:00+00:00,LOCO_02,MOVING,retrofitted,track_19,retrofitted,,,0,5.0
3819.0,2025-12-03T15:39:00+00:00,LOCO_02,RAKE_COUPLING_STARTED,retrofitted,,,,DAC,6,2.5
3821.5,2025-12-03T15:41:30+00:00,LOCO_02,RAKE_COUPLING_COMPLETED,retrofitted,,,,DAC,6,2.5
3821.5,2025-12-03T15:41:30+00:00,LOCO_02,LOCO_COUPLING_STARTED,retrofitted,,,,DAC,6,0.5
3822.0,2025-12-03T15:42:00+00:00,LOCO_02,LOCO_COUPLING_COMPLETED,retrofitted,,,,DAC,6,0.5
3822.0,2025-12-03T15:42:00+00:00,LOCO_02,SHUNTING_PREP,retrofitted,,,,,6,1.0
3823.0,2025-12-03T15:43:00+00:00,LOCO_02,MOVING,parking16,retrofitted,parking16,,,0,120.0
3943.0,2025-12-03T17:43:00+00:00,LOCO_02,LOCO_DECOUPLING_STARTED,parking16,,,,DAC,6,0.5
3943.5,2025-12-03T17:43:30+00:00,LOCO_02,LOCO_DECOUPLING_COMPLETED,parking16,,,,DAC,6,0.5
3943.5,2025-12-03T17:43:30+00:00,LOCO_02,RAKE_DECOUPLING_STARTED,parking16,,,,DAC,6,2.5
3946.0,2025-12-03T17:46:00+00:00,LOCO_02,RAKE_DECOUPLING_COMPLETED,parking16,,,,DAC,6,2.5
3948.5,2025-12-03T17:48:30+00:00,LOCO_02,MOVING,track_19,parking16,track_19,,,0,60.0
4008.5,2025-12-03T18:48:30+00:00,LOCO_02,MOVING,WS_02,track_19,WS_02,,,0,5.0
4013.5,2025-12-03T18:53:30+00:00,LOCO_02,RAKE_COUPLING_STARTED,WS_02,,,,DAC,2,0.5
4014.0,2025-12-03T18:54:00+00:00,LOCO_02,RAKE_COUPLING_COMPLETED,WS_02,,,,DAC,2,0.5
4014.0,2025-12-03T18:54:00+00:00,LOCO_02,LOCO_COUPLING_STARTED,WS_02,,,,DAC,2,0.5
4014.5,2025-12-03T18:54:30+00:00,LOCO_02,LOCO_COUPLING_COMPLETED,WS_02,,,,DAC,2,0.5
4014.5,2025-12-03T18:54:30+00:00,LOCO_02,SHUNTING_PREP,WS_02,,,,,2,1.0
4015.5,2025-12-03T18:55:30+00:00,LOCO_02,MOVING,retrofitted,WS_02,retrofitted,,,0,5.0
4020.5,2025-12-03T19:00:30+00:00,LOCO_02,MOVING,track_19,retrofitted,track_19,,,0,5.0
4025.5,2025-12-03T19:05:30+00:00,LOCO_02,MOVING,WS_01,track_19,WS_01,,,0,5.0
4030.5,2025-12-03T19:10:30+00:00,LOCO_02,RAKE_COUPLING_STARTED,WS_01,,,,DAC,2,0.5
4031.0,2025-12-03T19:11:00+00:00,LOCO_02,RAKE_COUPLING_COMPLETED,WS_01,,,,DAC,2,0.5
4031.0,2025-12-03T19:11:00+00:00,LOCO_02,LOCO_COUPLING_STARTED,WS_01,,,,DAC,2,0.5
4031.5,2025-12-03T19:11:30+00:00,LOCO_02,LOCO_COUPLING_COMPLETED,WS_01,,,,DAC,2,0.5
4031.5,2025-12-03T19:11:30+00:00,LOCO_02,SHUNTING_PREP,WS_01,,,,,2,1.0
4032.5,2025-12-03T19:12:30+00:00,LOCO_02,MOVING,retrofitted,WS_01,retrofitted,,,0,5.0
4037.5,2025-12-03T19:17:30+00:00,LOCO_02,MOVING,track_19,retrofitted,track_19,,,0,7.0
4044.5,2025-12-03T19:24:30+00:00,LOCO_02,MOVING,retrofit,track_19,retrofit,,,0,5.0
4049.5,2025-12-03T19:29:30+00:00,LOCO_02,COUPLING_STARTED,retrofit,,,,SCREW,0,2.0
4051.5,2025-12-03T19:31:30+00:00,LOCO_02,COUPLING_COMPLETED,retrofit,,,,SCREW,0,2.0
4051.5,2025-12-03T19:31:30+00:00,LOCO_02,SHUNTING_PREP,retrofit,,,,,0,1.0
4052.5,2025-12-03T19:32:30+00:00,LOCO_02,MOVING,WS_02,retrofit,WS_02,,,0,5.0
4057.5,2025-12-03T19:37:30+00:00,LOCO_02,DECOUPLING_STARTED,WS_02,,,,SCREW,0,3.0
4060.5,2025-12-03T19:40:30+00:00,LOCO_02,DECOUPLING_COMPLETED,WS_02,,,,SCREW,0,3.0
4063.5,2025-12-03T19:43:30+00:00,LOCO_02,MOVING,track_19,WS_02,track_19,,,0,5.0
4068.5,2025-12-03T19:48:30+00:00,LOCO_02,ALLOCATED,,,,batch_transport,,0,0.0
4068.5,2025-12-03T19:48:30+00:00,LOCO_02,MOVING,retrofitted,track_19,retrofitted,,,0,5.0
4073.5,2025-12-03T19:53:30+00:00,LOCO_02,RAKE_COUPLING_STARTED,retrofitted,,,,DAC,2,0.5
4074.0,2025-12-03T19:54:00+00:00,LOCO_02,RAKE_COUPLING_COMPLETED,retrofitted,,,,DAC,2,0.5
4074.0,2025-12-03T19:54:00+00:00,LOCO_02,LOCO_COUPLING_STARTED,retrofitted,,,,DAC,2,0.5
4074.5,2025-12-03T19:54:30+00:00,LOCO_02,LOCO_COUPLING_COMPLETED,retrofitted,,,,DAC,2,0.5
4074.5,2025-12-03T19:54:30+00:00,LOCO_02,SHUNTING_PREP,retrofitted,,,,,2,1.0
4075.5,2025-12-03T19:55:30+00:00,LOCO_02,MOVING,parking1,retrofitted,parking1,,,0,5.0
4080.5,2025-12-03T20:00:30+00:00,LOCO_02,LOCO_DECOUPLING_STARTED,parking1,,,,DAC,2,0.5
4081.0,2025-12-03T20:01:00+00:00,LOCO_02,LOCO_DECOUPLING_COMPLETED,parking1,,,,DAC,2,0.5
4081.0,2025-12-03T20:01:00+00:00,LOCO_02,RAKE_DECOUPLING_STARTED,parking1,,,,DAC,2,0.5
4081.5,2025-12-03T20:01:30+00:00,LOCO_02,RAKE_DECOUPLING_COMPLETED,parking1,,,,DAC,2,0.5
4082.0,2025-12-03T20:02:00+00:00,LOCO_02,MOVING,track_19,parking1,track_19,,,0,46.5
4128.5,2025-12-03T20:48:30+00:00,LOCO_02,MOVING,WS_01,track_19,WS_01,,,0,5.0
4133.5,2025-12-03T20:53:30+00:00,LOCO_02,RAKE_COUPLING_STARTED,WS_01,,,,DAC,2,0.5
4134.0,2025-12-03T20:54:00+00:00,LOCO_02,RAKE_COUPLING_COMPLETED,WS_01,,,,DAC,2,0.5
4134.0,2025-12-03T20:54:00+00:00,LOCO_02,LOCO_COUPLING_STARTED,WS_01,,,,DAC,2,0.5
4134.5,2025-12-03T20:54:30+00:00,LOCO_02,LOCO_COUPLING_COMPLETED,WS_01,,,,DAC,2,0.5
4134.5,2025-12-03T20:54:30+00:00,LOCO_02,SHUNTING_PREP,WS_01,,,,,2,1.0
4135.5,2025-12-03T20:55:30+00:00,LOCO_02,MOVING,retrofitted,WS_01,retrofitted,,,0,5.0
4140.5,2025-12-03T21:00:30+00:00,LOCO_02,MOVING,track_19,retrofitted,track_19,,,0,7.0
4147.5,2025-12-03T21:07:30+00:00,LOCO_02,MOVING,retrofit,track_19,retrofit,,,0,5.0
4152.5,2025-12-03T21:12:30+00:00,LOCO_02,COUPLING_STARTED,retrofit,,,,SCREW,0,2.0
4154.5,2025-12-03T21:14:30+00:00,LOCO_02,COUPLING_COMPLETED,retrofit,,,,SCREW,0,2.0
4154.5,2025-12-03T21:14:30+00:00,LOCO_02,SHUNTING_PREP,retrofit,,,,,0,1.0
4155.5,2025-12-03T21:15:30+00:00,LOCO_02,MOVING,WS_02,retrofit,WS_02,,,0,5.0
4160.5,2025-12-03T21:20:30+00:00,LOCO_02,DECOUPLING_STARTED,WS_02,,,,SCREW,0,3.0
4163.5,2025-12-03T21:23:30+00:00,LOCO_02,DECOUPLING_COMPLETED,WS_02,,,,SCREW,0,3.0
4166.5,2025-12-03T21:26:30+00:00,LOCO_02,MOVING,track_19,WS_02,track_19,,,0,7.0
4173.5,2025-12-03T21:33:30+00:00,LOCO_02,MOVING,retrofit,track_19,retrofit,,,0,5.0
4178.5,2025-12-03T21:38:30+00:00,LOCO_02,COUPLING_STARTED,retrofit,,,,SCREW,0,2.0
4180.5,2025-12-03T21:40:30+00:00,LOCO_02,COUPLING_COMPLETED,retrofit,,,,SCREW,0,2.0
4180.5,2025-12-03T21:40:30+00:00,LOCO_02,SHUNTING_PREP,retrofit,,,,,0,1.0
4181.5,2025-12-03T21:41:30+00:00,LOCO_02,MOVING,WS_01,retrofit,WS_01,,,0,5.0
4186.5,2025-12-03T21:46:30+00:00,LOCO_02,DECOUPLING_STARTED,WS_01,,,,SCREW,0,3.0
4189.5,2025-12-03T21:49:30+00:00,LOCO_02,DECOUPLING_COMPLETED,WS_01,,,,SCREW,0,3.0
4192.5,2025-12-03T21:52:30+00:00,LOCO_02,MOVING,track_19,WS_01,track_19,,,0,5.0
4197.5,2025-12-03T21:57:30+00:00,LOCO_02,MOVING,collection2,track_19,collection2,,,0,60.0
4257.5,2025-12-03T22:57:30+00:00,LOCO_02,ALLOCATED,,,,batch_transport,,0,0.0
4257.5,2025-12-03T22:57:30+00:00,LOCO_02,LOCO_COUPLING_STARTED,collection2,,,,SCREW,1,2.0
4259.5,2025-12-03T22:59:30+00:00,LOCO_02,LOCO_COUPLING_COMPLETED,collection2,,,,SCREW,1,2.0
4259.5,2025-12-03T22:59:30+00:00,LOCO_02,SHUNTING_PREP,collection2,,,,,1,1.0
4260.5,2025-12-03T23:00:30+00:00,LOCO_02,MOVING,retrofit,collection2,retrofit,,,0,60.0
4320.5,2025-12-04T00:00:30+00:00,LOCO_02,LOCO_DECOUPLING_STARTED,retrofit,,,,SCREW,1,3.0
4323.5,2025-12-04T00:03:30+00:00,LOCO_02,MOVING,track_19,retrofit,track_19,,,0,0.0
4323.5,2025-12-04T00:03:30+00:00,LOCO_02,LOCO_DECOUPLING_COMPLETED,retrofit,,,,SCREW,1,3.0
4328.5,2025-12-04T00:08:30+00:00,LOCO_02,PARKING,,,,,,0,2.0
4330.5,2025-12-04T00:10:30+00:00,LOCO_02,MOVING,retrofit,track_19,retrofit,,,0,5.0
4335.5,2025-12-04T00:15:30+00:00,LOCO_02,COUPLING_STARTED,retrofit,,,,SCREW,0,2.0
4337.5,2025-12-04T00:17:30+00:00,LOCO_02,COUPLING_COMPLETED,retrofit,,,,SCREW,0,2.0
4337.5,2025-12-04T00:17:30+00:00,LOCO_02,SHUNTING_PREP,retrofit,,,,,0,1.0
4338.5,2025-12-04T00:18:30+00:00,LOCO_02,MOVING,WS_01,retrofit,WS_01,,,0,5.0
4343.5,2025-12-04T00:23:30+00:00,LOCO_02,DECOUPLING_STARTED,WS_01,,,,SCREW,0,3.0
4346.5,2025-12-04T00:26:30+00:00,LOCO_02,DECOUPLING_COMPLETED,WS_01,,,,SCREW,0,3.0
4349.5,2025-12-04T00:29:30+00:00,LOCO_02,MOVING,track_19,WS_01,track_19,,,0,38.5
4388.0,2025-12-04T01:08:00+00:00,LOCO_02,MOVING,WS_02,track_19,WS_02,,,0,5.0
4393.0,2025-12-04T01:13:00+00:00,LOCO_02,RAKE_COUPLING_STARTED,WS_02,,,,DAC,2,0.5
4393.5,2025-12-04T01:13:30+00:00,LOCO_02,RAKE_COUPLING_COMPLETED,WS_02,,,,DAC,2,0.5
4393.5,2025-12-04T01:13:30+00:00,LOCO_02,LOCO_COUPLING_STARTED,WS_02,,,,DAC,2,0.5
4394.0,2025-12-04T01:14:00+00:00,LOCO_02,LOCO_COUPLING_COMPLETED,WS_02,,,,DAC,2,0.5
4394.0,2025-12-04T01:14:00+00:00,LOCO_02,SHUNTING_PREP,WS_02,,,,,2,1.0
4395.0,2025-12-04T01:15:00+00:00,LOCO_02,MOVING,retrofitted,WS_02,retrofitted,,,0,5.0
4400.0,2025-12-04T01:20:00+00:00,LOCO_02,MOVING,track_19,retrofitted,track_19,,,0,7.0
4407.0,2025-12-04T01:27:00+00:00,LOCO_02,MOVING,retrofit,track_19,retrofit,,,0,5.0
4412.0,2025-12-04T01:32:00+00:00,LOCO_02,COUPLING_STARTED,retrofit,,,,SCREW,0,2.0
4414.0,2025-12-04T01:34:00+00:00,LOCO_02,COUPLING_COMPLETED,retrofit,,,,SCREW,0,2.0
4414.0,2025-12-04T01:34:00+00:00,LOCO_02,SHUNTING_PREP,retrofit,,,,,0,1.0
4415.0,2025-12-04T01:35:00+00:00,LOCO_02,MOVING,WS_02,retrofit,WS_02,,,0,5.0
4420.0,2025-12-04T01:40:00+00:00,LOCO_02,DECOUPLING_STARTED,WS_02,,,,SCREW,0,3.0
4423.0,2025-12-04T01:43:00+00:00,LOCO_02,DECOUPLING_COMPLETED,WS_02,,,,SCREW,0,3.0
4426.0,2025-12-04T01:46:00+00:00,LOCO_02,MOVING,track_19,WS_02,track_19,,,0,5.0
4431.0,2025-12-04T01:51:00+00:00,LOCO_02,MOVING,WS_01,track_19,WS_01,,,0,5.0
4436.0,2025-12-04T01:56:00+00:00,LOCO_02,RAKE_COUPLING_STARTED,WS_01,,,,DAC,2,0.5
4436.5,2025-12-04T01:56:30+00:00,LOCO_02,RAKE_COUPLING_COMPLETED,WS_01,,,,DAC,2,0.5
4436.5,2025-12-04T01:56:30+00:00,LOCO_02,LOCO_COUPLING_STARTED,WS_01,,,,DAC,2,0.5
4437.0,2025-12-04T01:57:00+00:00,LOCO_02,LOCO_COUPLING_COMPLETED,WS_01,,,,DAC,2,0.5
4437.0,2025-12-04T01:57:00+00:00,LOCO_02,SHUNTING_PREP,WS_01,,,,,2,1.0
4438.0,2025-12-04T01:58:00+00:00,LOCO_02,MOVING,retrofitted,WS_01,retrofitted,,,0,5.0
4443.0,2025-12-04T02:03:00+00:00,LOCO_02,MOVING,track_19,retrofitted,track_19,,,0,7.0
4450.0,2025-12-04T02:10:00+00:00,LOCO_02,MOVING,retrofit,track_19,retrofit,,,0,5.0
4455.0,2025-12-04T02:15:00+00:00,LOCO_02,COUPLING_STARTED,retrofit,,,,SCREW,0,2.0
4457.0,2025-12-04T02:17:00+00:00,LOCO_02,COUPLING_COMPLETED,retrofit,,,,SCREW,0,2.0
4457.0,2025-12-04T02:17:00+00:00,LOCO_02,SHUNTING_PREP,retrofit,,,,,0,1.0
4458.0,2025-12-04T02:18:00+00:00,LOCO_02,MOVING,WS_01,retrofit,WS_01,,,0,5.0
4463.0,2025-12-04T02:23:00+00:00,LOCO_02,DECOUPLING_STARTED,WS_01,,,,SCREW,0,3.0
4466.0,2025-12-04T02:26:00+00:00,LOCO_02,DECOUPLING_COMPLETED,WS_01,,,,SCREW,0,3.0
4469.0,2025-12-04T02:29:00+00:00,LOCO_02,MOVING,track_19,WS_01,track_19,,,0,5.0
4474.0,2025-12-04T02:34:00+00:00,LOCO_02,MOVING,collection1,track_19,collection1,,,0,60.0
4534.0,2025-12-04T03:34:00+00:00,LOCO_02,ALLOCATED,,,,batch_transport,,0,0.0
4534.0,2025-12-04T03:34:00+00:00,LOCO_02,RAKE_COUPLING_STARTED,collection1,,,,SCREW,6,10.0
4544.0,2025-12-04T03:44:00+00:00,LOCO_02,RAKE_COUPLING_COMPLETED,collection1,,,,SCREW,6,10.0
4544.0,2025-12-04T03:44:00+00:00,LOCO_02,LOCO_COUPLING_STARTED,collection1,,,,SCREW,6,2.0
4546.0,2025-12-04T03:46:00+00:00,LOCO_02,LOCO_COUPLING_COMPLETED,collection1,,,,SCREW,6,2.0
4546.0,2025-12-04T03:46:00+00:00,LOCO_02,SHUNTING_PREP,collection1,,,,,6,1.0
4547.0,2025-12-04T03:47:00+00:00,LOCO_02,MOVING,retrofit,collection1,retrofit,,,0,60.0
4607.0,2025-12-04T04:47:00+00:00,LOCO_02,LOCO_DECOUPLING_STARTED,retrofit,,,,SCREW,6,3.0
4610.0,2025-12-04T04:50:00+00:00,LOCO_02,LOCO_DECOUPLING_COMPLETED,retrofit,,,,SCREW,6,3.0
4610.0,2025-12-04T04:50:00+00:00,LOCO_02,RAKE_DECOUPLING_STARTED,retrofit,,,,SCREW,6,15.0
4625.0,2025-12-04T05:05:00+00:00,LOCO_02,RAKE_DECOUPLING_COMPLETED,retrofit,,,,SCREW,6,15.0
4640.0,2025-12-04T05:20:00+00:00,LOCO_02,MOVING,track_19,retrofit,track_19,,,0,5.0
4645.0,2025-12-04T05:25:00+00:00,LOCO_02,PARKING,,,,,,0,0.0
4645.0,2025-12-04T05:25:00+00:00,LOCO_02,MOVING,WS_02,track_19,WS_02,,,0,5.0
4650.0,2025-12-04T05:30:00+00:00,LOCO_02,RAKE_COUPLING_STARTED,WS_02,,,,DAC,2,0.5
4650.5,2025-12-04T05:30:30+00:00,LOCO_02,RAKE_COUPLING_COMPLETED,WS_02,,,,DAC,2,0.5
4650.5,2025-12-04T05:30:30+00:00,LOCO_02,LOCO_COUPLING_STARTED,WS_02,,,,DAC,2,0.5
4651.0,2025-12-04T05:31:00+00:00,LOCO_02,LOCO_COUPLING_COMPLETED,WS_02,,,,DAC,2,0.5
4651.0,2025-12-04T05:31:00+00:00,LOCO_02,SHUNTING_PREP,WS_02,,,,,2,1.0
4652.0,2025-12-04T05:32:00+00:00,LOCO_02,MOVING,retrofitted,WS_02,retrofitted,,,0,5.0
4657.0,2025-12-04T05:37:00+00:00,LOCO_02,MOVING,track_19,retrofitted,track_19,,,0,5.0
4662.0,2025-12-04T05:42:00+00:00,LOCO_02,MOVING,WS_01,track_19,WS_01,,,0,5.0
4667.0,2025-12-04T05:47:00+00:00,LOCO_02,RAKE_COUPLING_STARTED,WS_01,,,,DAC,2,0.5
4667.5,2025-12-04T05:47:30+00:00,LOCO_02,RAKE_COUPLING_COMPLETED,WS_01,,,,DAC,2,0.5
4667.5,2025-12-04T05:47:30+00:00,LOCO_02,LOCO_COUPLING_STARTED,WS_01,,,,DAC,2,0.5
4668.0,2025-12-04T05:48:00+00:00,LOCO_02,LOCO_COUPLING_COMPLETED,WS_01,,,,DAC,2,0.5
4668.0,2025-12-04T05:48:00+00:00,LOCO_02,SHUNTING_PREP,WS_01,,,,,2,1.0
4669.0,2025-12-04T05:49:00+00:00,LOCO_02,MOVING,retrofitted,WS_01,retrofitted,,,0,5.0
4674.0,2025-12-04T05:54:00+00:00,LOCO_02,MOVING,track_19,retrofitted,track_19,,,0,5.0
4679.0,2025-12-04T05:59:00+00:00,LOCO_02,ALLOCATED,,,,batch_transport,,0,0.0
4679.0,2025-12-04T05:59:00+00:00,LOCO_02,MOVING,retrofitted,track_19,retrofitted,,,0,5.0
4684.0,2025-12-04T06:04:00+00:00,LOCO_02,RAKE_COUPLING_STARTED,retrofitted,,,,DAC,8,3.5
4687.5,2025-12-04T06:07:30+00:00,LOCO_02,RAKE_COUPLING_COMPLETED,retrofitted,,,,DAC,8,3.5
4687.5,2025-12-04T06:07:30+00:00,LOCO_02,LOCO_COUPLING_STARTED,retrofitted,,,,DAC,8,0.5
4688.0,2025-12-04T06:08:00+00:00,LOCO_02,LOCO_COUPLING_COMPLETED,retrofitted,,,,DAC,8,0.5
4688.0,2025-12-04T06:08:00+00:00,LOCO_02,SHUNTING_PREP,retrofitted,,,,,8,1.0
4689.0,2025-12-04T06:09:00+00:00,LOCO_02,MOVING,parking14,retrofitted,parking14,,,0,75.0
4764.0,2025-12-04T07:24:00+00:00,LOCO_02,LOCO_DECOUPLING_STARTED,parking14,,,,DAC,8,0.5
4764.5,2025-12-04T07:24:30+00:00,LOCO_02,LOCO_DECOUPLING_COMPLETED,parking14,,,,DAC,8,0.5
4764.5,2025-12-04T07:24:30+00:00,LOCO_02,RAKE_DECOUPLING_STARTED,parking14,,,,DAC,8,3.5
4768.0,2025-12-04T07:28:00+00:00,LOCO_02,RAKE_DECOUPLING_COMPLETED,parking14,,,,DAC,8,3.5
4771.5,2025-12-04T07:31:30+00:00,LOCO_02,MOVING,track_19,parking14,track_19,,,0,62.0
4833.5,2025-12-04T08:33:30+00:00,LOCO_02,MOVING,retrofit,track_19,retrofit,,,0,5.0
4838.5,2025-12-04T08:38:30+00:00,LOCO_02,COUPLING_STARTED,retrofit,,,,SCREW,0,2.0
4840.5,2025-12-04T08:40:30+00:00,LOCO_02,COUPLING_COMPLETED,retrofit,,,,SCREW,0,2.0
4840.5,2025-12-04T08:40:30+00:00,LOCO_02,SHUNTING_PREP,retrofit,,,,,0,1.0
4841.5,2025-12-04T08:41:30+00:00,LOCO_02,MOVING,WS_01,retrofit,WS_01,,,0,5.0
4846.5,2025-12-04T08:46:30+00:00,LOCO_02,DECOUPLING_STARTED,WS_01,,,,SCREW,0,3.0
4849.5,2025-12-04T08:49:30+00:00,LOCO_02,DECOUPLING_COMPLETED,WS_01,,,,SCREW,0,3.0
4852.5,2025-12-04T08:52:30+00:00,LOCO_02,MOVING,track_19,WS_01,track_19,,,0,5.0
4857.5,2025-12-04T08:57:30+00:00,LOCO_02,MOVING,WS_02,track_19,WS_02,,,0,5.0
4862.5,2025-12-04T09:02:30+00:00,LOCO_02,RAKE_COUPLING_STARTED,WS_02,,,,DAC,2,0.5
4863.0,2025-12-04T09:03:00+00:00,LOCO_02,RAKE_COUPLING_COMPLETED,WS_02,,,,DAC,2,0.5
4863.0,2025-12-04T09:03:00+00:00,LOCO_02,LOCO_COUPLING_STARTED,WS_02,,,,DAC,2,0.5
4863.5,2025-12-04T09:03:30+00:00,LOCO_02,LOCO_COUPLING_COMPLETED,WS_02,,,,DAC,2,0.5
4863.5,2025-12-04T09:03:30+00:00,LOCO_02,SHUNTING_PREP,WS_02,,,,,2,1.0
4864.5,2025-12-04T09:04:30+00:00,LOCO_02,MOVING,retrofitted,WS_02,retrofitted,,,0,5.0
4869.5,2025-12-04T09:09:30+00:00,LOCO_02,MOVING,track_19,retrofitted,track_19,,,0,5.0
4874.5,2025-12-04T09:14:30+00:00,LOCO_02,MOVING,collection2,track_19,collection2,,,0,60.0
4934.5,2025-12-04T10:14:30+00:00,LOCO_02,ALLOCATED,,,,batch_transport,,0,0.0
4934.5,2025-12-04T10:14:30+00:00,LOCO_02,RAKE_COUPLING_STARTED,collection2,,,,SCREW,3,4.0
4938.5,2025-12-04T10:18:30+00:00,LOCO_02,RAKE_COUPLING_COMPLETED,collection2,,,,SCREW,3,4.0
4938.5,2025-12-04T10:18:30+00:00,LOCO_02,LOCO_COUPLING_STARTED,collection2,,,,SCREW,3,2.0
4940.5,2025-12-04T10:20:30+00:00,LOCO_02,LOCO_COUPLING_COMPLETED,collection2,,,,SCREW,3,2.0
4940.5,2025-12-04T10:20:30+00:00,LOCO_02,SHUNTING_PREP,collection2,,,,,3,1.0
4941.5,2025-12-04T10:21:30+00:00,LOCO_02,MOVING,retrofit,collection2,retrofit,,,0,60.0
5001.5,2025-12-04T11:21:30+00:00,LOCO_02,LOCO_DECOUPLING_STARTED,retrofit,,,,SCREW,3,3.0
5004.5,2025-12-04T11:24:30+00:00,LOCO_02,LOCO_DECOUPLING_COMPLETED,retrofit,,,,SCREW,3,3.0
5004.5,2025-12-04T11:24:30+00:00,LOCO_02,RAKE_DECOUPLING_STARTED,retrofit,,,,SCREW,3,6.0
5010.5,2025-12-04T11:30:30+00:00,LOCO_02,RAKE_DECOUPLING_COMPLETED,retrofit,,,,SCREW,3,6.0
5016.5,2025-12-04T11:36:30+00:00,LOCO_02,MOVING,track_19,retrofit,track_19,,,0,5.0
5021.5,2025-12-04T11:41:30+00:00,LOCO_02,PARKING,,,,,,0,0.0
5021.5,2025-12-04T11:41:30+00:00,LOCO_02,ALLOCATED,,,,batch_transport,,0,0.0
5021.5,2025-12-04T11:41:30+00:00,LOCO_02,MOVING,retrofitted,track_19,retrofitted,,,0,5.0
5026.5,2025-12-04T11:46:30+00:00,LOCO_02,RAKE_COUPLING_STARTED,retrofitted,,,,DAC,8,3.5
5030.0,2025-12-04T11:50:00+00:00,LOCO_02,RAKE_COUPLING_COMPLETED,retrofitted,,,,DAC,8,3.5
5030.0,2025-12-04T11:50:00+00:00,LOCO_02,LOCO_COUPLING_STARTED,retrofitted,,,,DAC,8,0.5
5030.5,2025-12-04T11:50:30+00:00,LOCO_02,LOCO_COUPLING_COMPLETED,retrofitted,,,,DAC,8,0.5
5030.5,2025-12-04T11:50:30+00:00,LOCO_02,SHUNTING_PREP,retrofitted,,,,,8,1.0
5031.5,2025-12-04T11:51:30+00:00,LOCO_02,MOVING,parking15,retrofitted,parking15,,,0,75.0
5106.5,2025-12-04T13:06:30+00:00,LOCO_02,LOCO_DECOUPLING_STARTED,parking15,,,,DAC,8,0.5
5107.0,2025-12-04T13:07:00+00:00,LOCO_02,LOCO_DECOUPLING_COMPLETED,parking15,,,,DAC,8,0.5
5107.0,2025-12-04T13:07:00+00:00,LOCO_02,RAKE_DECOUPLING_STARTED,parking15,,,,DAC,8,3.5
5110.5,2025-12-04T13:10:30+00:00,LOCO_02,RAKE_DECOUPLING_COMPLETED,parking15,,,,DAC,8,3.5
5114.0,2025-12-04T13:14:00+00:00,LOCO_02,MOVING,track_19,parking15,track_19,,,0,60.0
5174.0,2025-12-04T14:14:00+00:00,LOCO_02,MOVING,WS_02,track_19,WS_02,,,0,5.0
5179.0,2025-12-04T14:19:00+00:00,LOCO_02,RAKE_COUPLING_STARTED,WS_02,,,,DAC,2,0.5
5179.5,2025-12-04T14:19:30+00:00,LOCO_02,RAKE_COUPLING_COMPLETED,WS_02,,,,DAC,2,0.5
5179.5,2025-12-04T14:19:30+00:00,LOCO_02,LOCO_COUPLING_STARTED,WS_02,,,,DAC,2,0.5
5180.0,2025-12-04T14:20:00+00:00,LOCO_02,LOCO_COUPLING_COMPLETED,WS_02,,,,DAC,2,0.5
5180.0,2025-12-04T14:20:00+00:00,LOCO_02,SHUNTING_PREP,WS_02,,,,,2,1.0
5181.0,2025-12-04T14:21:00+00:00,LOCO_02,MOVING,retrofitted,WS_02,retrofitted,,,0,5.0
5186.0,2025-12-04T14:26:00+00:00,LOCO_02,MOVING,track_19,retrofitted,track_19,,,0,5.0
5191.0,2025-12-04T14:31:00+00:00,LOCO_02,MOVING,collection2,track_19,collection2,,,0,60.0
5251.0,2025-12-04T15:31:00+00:00,LOCO_02,ALLOCATED,,,,batch_transport,,0,0.0
5251.0,2025-12-04T15:31:00+00:00,LOCO_02,RAKE_COUPLING_STARTED,collection2,,,,SCREW,2,2.0
5253.0,2025-12-04T15:33:00+00:00,LOCO_02,RAKE_COUPLING_COMPLETED,collection2,,,,SCREW,2,2.0
5253.0,2025-12-04T15:33:00+00:00,LOCO_02,LOCO_COUPLING_STARTED,collection2,,,,SCREW,2,2.0
5255.0,2025-12-04T15:35:00+00:00,LOCO_02,LOCO_COUPLING_COMPLETED,collection2,,,,SCREW,2,2.0
5255.0,2025-12-04T15:35:00+00:00,LOCO_02,SHUNTING_PREP,collection2,,,,,2,1.0
5256.0,2025-12-04T15:36:00+00:00,LOCO_02,MOVING,retrofit,collection2,retrofit,,,0,60.0
5316.0,2025-12-04T16:36:00+00:00,LOCO_02,LOCO_DECOUPLING_STARTED,retrofit,,,,SCREW,2,3.0
5319.0,2025-12-04T16:39:00+00:00,LOCO_02,LOCO_DECOUPLING_COMPLETED,retrofit,,,,SCREW,2,3.0
5319.0,2025-12-04T16:39:00+00:00,LOCO_02,RAKE_DECOUPLING_STARTED,retrofit,,,,SCREW,2,3.0
5322.0,2025-12-04T16:42:00+00:00,LOCO_02,RAKE_DECOUPLING_COMPLETED,retrofit,,,,SCREW,2,3.0
5325.0,2025-12-04T16:45:00+00:00,LOCO_02,MOVING,track_19,retrofit,track_19,,,0,5.0
5330.0,2025-12-04T16:50:00+00:00,LOCO_02,PARKING,,,,,,0,0.0
5330.0,2025-12-04T16:50:00+00:00,LOCO_02,MOVING,WS_01,track_19,WS_01,,,0,5.0
5335.0,2025-12-04T16:55:00+00:00,LOCO_02,RAKE_COUPLING_STARTED,WS_01,,,,DAC,2,0.5
5335.5,2025-12-04T16:55:30+00:00,LOCO_02,RAKE_COUPLING_COMPLETED,WS_01,,,,DAC,2,0.5
5335.5,2025-12-04T16:55:30+00:00,LOCO_02,LOCO_COUPLING_STARTED,WS_01,,,,DAC,2,0.5
5336.0,2025-12-04T16:56:00+00:00,LOCO_02,LOCO_COUPLING_COMPLETED,WS_01,,,,DAC,2,0.5
5336.0,2025-12-04T16:56:00+00:00,LOCO_02,SHUNTING_PREP,WS_01,,,,,2,1.0
5337.0,2025-12-04T16:57:00+00:00,LOCO_02,MOVING,retrofitted,WS_01,retrofitted,,,0,5.0
5342.0,2025-12-04T17:02:00+00:00,LOCO_02,MOVING,track_19,retrofitted,track_19,,,0,5.0
5347.0,2025-12-04T17:07:00+00:00,LOCO_02,ALLOCATED,,,,batch_transport,,0,0.0
5347.0,2025-12-04T17:07:00+00:00,LOCO_02,MOVING,retrofitted,track_19,retrofitted,,,0,5.0
5352.0,2025-12-04T17:12:00+00:00,LOCO_02,RAKE_COUPLING_STARTED,retrofitted,,,,DAC,8,3.5
5355.5,2025-12-04T17:15:30+00:00,LOCO_02,RAKE_COUPLING_COMPLETED,retrofitted,,,,DAC,8,3.5
5355.5,2025-12-04T17:15:30+00:00,LOCO_02,LOCO_COUPLING_STARTED,retrofitted,,,,DAC,8,0.5
5356.0,2025-12-04T17:16:00+00:00,LOCO_02,LOCO_COUPLING_COMPLETED,retrofitted,,,,DAC,8,0.5
5356.0,2025-12-04T17:16:00+00:00,LOCO_02,SHUNTING_PREP,retrofitted,,,,,8,1.0
5357.0,2025-12-04T17:17:00+00:00,LOCO_02,MOVING,parking16,retrofitted,parking16,,,0,120.0
5477.0,2025-12-04T19:17:00+00:00,LOCO_02,LOCO_DECOUPLING_STARTED,parking16,,,,DAC,8,0.5
5477.5,2025-12-04T19:17:30+00:00,LOCO_02,LOCO_DECOUPLING_COMPLETED,parking16,,,,DAC,8,0.5
5477.5,2025-12-04T19:17:30+00:00,LOCO_02,RAKE_DECOUPLING_STARTED,parking16,,,,DAC,8,3.5
5481.0,2025-12-04T19:21:00+00:00,LOCO_02,RAKE_DECOUPLING_COMPLETED,parking16,,,,DAC,8,3.5
5484.5,2025-12-04T19:24:30+00:00,LOCO_02,MOVING,track_19,parking16,track_19,,,0,60.0
5544.5,2025-12-04T20:24:30+00:00,LOCO_02,MOVING,WS_02,track_19,WS_02,,,0,5.0
5549.5,2025-12-04T20:29:30+00:00,LOCO_02,RAKE_COUPLING_STARTED,WS_02,,,,DAC,2,0.5
5550.0,2025-12-04T20:30:00+00:00,LOCO_02,RAKE_COUPLING_COMPLETED,WS_02,,,,DAC,2,0.5
5550.0,2025-12-04T20:30:00+00:00,LOCO_02,LOCO_COUPLING_STARTED,WS_02,,,,DAC,2,0.5
5550.5,2025-12-04T20:30:30+00:00,LOCO_02,LOCO_COUPLING_COMPLETED,WS_02,,,,DAC,2,0.5
5550.5,2025-12-04T20:30:30+00:00,LOCO_02,SHUNTING_PREP,WS_02,,,,,2,1.0
5551.5,2025-12-04T20:31:30+00:00,LOCO_02,MOVING,retrofitted,WS_02,retrofitted,,,0,5.0
5556.5,2025-12-04T20:36:30+00:00,LOCO_02,MOVING,track_19,retrofitted,track_19,,,0,5.0
5561.5,2025-12-04T20:41:30+00:00,LOCO_02,MOVING,WS_01,track_19,WS_01,,,0,5.0
5566.5,2025-12-04T20:46:30+00:00,LOCO_02,RAKE_COUPLING_STARTED,WS_01,,,,DAC,2,0.5
5567.0,2025-12-04T20:47:00+00:00,LOCO_02,RAKE_COUPLING_COMPLETED,WS_01,,,,DAC,2,0.5
5567.0,2025-12-04T20:47:00+00:00,LOCO_02,LOCO_COUPLING_STARTED,WS_01,,,,DAC,2,0.5
5567.5,2025-12-04T20:47:30+00:00,LOCO_02,LOCO_COUPLING_COMPLETED,WS_01,,,,DAC,2,0.5
5567.5,2025-12-04T20:47:30+00:00,LOCO_02,SHUNTING_PREP,WS_01,,,,,2,1.0
5568.5,2025-12-04T20:48:30+00:00,LOCO_02,MOVING,retrofitted,WS_01,retrofitted,,,0,5.0
5573.5,2025-12-04T20:53:30+00:00,LOCO_02,MOVING,track_19,retrofitted,track_19,,,0,7.0
5580.5,2025-12-04T21:00:30+00:00,LOCO_02,MOVING,retrofit,track_19,retrofit,,,0,5.0
5585.5,2025-12-04T21:05:30+00:00,LOCO_02,COUPLING_STARTED,retrofit,,,,SCREW,0,2.0
5587.5,2025-12-04T21:07:30+00:00,LOCO_02,COUPLING_COMPLETED,retrofit,,,,SCREW,0,2.0
5587.5,2025-12-04T21:07:30+00:00,LOCO_02,SHUNTING_PREP,retrofit,,,,,0,1.0
5588.5,2025-12-04T21:08:30+00:00,LOCO_02,MOVING,WS_02,retrofit,WS_02,,,0,5.0
5593.5,2025-12-04T21:13:30+00:00,LOCO_02,DECOUPLING_STARTED,WS_02,,,,SCREW,0,3.0
5596.5,2025-12-04T21:16:30+00:00,LOCO_02,DECOUPLING_COMPLETED,WS_02,,,,SCREW,0,3.0
5599.5,2025-12-04T21:19:30+00:00,LOCO_02,MOVING,track_19,WS_02,track_19,,,0,7.0
5606.5,2025-12-04T21:26:30+00:00,LOCO_02,MOVING,retrofit,track_19,retrofit,,,0,5.0
5611.5,2025-12-04T21:31:30+00:00,LOCO_02,COUPLING_STARTED,retrofit,,,,SCREW,0,2.0
5613.5,2025-12-04T21:33:30+00:00,LOCO_02,COUPLING_COMPLETED,retrofit,,,,SCREW,0,2.0
5613.5,2025-12-04T21:33:30+00:00,LOCO_02,SHUNTING_PREP,retrofit,,,,,0,1.0
5614.5,2025-12-04T21:34:30+00:00,LOCO_02,MOVING,WS_01,retrofit,WS_01,,,0,5.0
5619.5,2025-12-04T21:39:30+00:00,LOCO_02,DECOUPLING_STARTED,WS_01,,,,SCREW,0,3.0
5622.5,2025-12-04T21:42:30+00:00,LOCO_02,DECOUPLING_COMPLETED,WS_01,,,,SCREW,0,3.0
5625.5,2025-12-04T21:45:30+00:00,LOCO_02,MOVING,track_19,WS_01,track_19,,,0,5.0
5630.5,2025-12-04T21:50:30+00:00,LOCO_02,MOVING,collection1,track_19,collection1,,,0,60.0
5690.5,2025-12-04T22:50:30+00:00,LOCO_02,ALLOCATED,,,,batch_transport,,0,0.0
5690.5,2025-12-04T22:50:30+00:00,LOCO_02,LOCO_COUPLING_STARTED,collection1,,,,SCREW,1,2.0
5692.5,2025-12-04T22:52:30+00:00,LOCO_02,LOCO_COUPLING_COMPLETED,collection1,,,,SCREW,1,2.0
5692.5,2025-12-04T22:52:30+00:00,LOCO_02,SHUNTING_PREP,collection1,,,,,1,1.0
5693.5,2025-12-04T22:53:30+00:00,LOCO_02,MOVING,retrofit,collection1,retrofit,,,0,60.0
5753.5,2025-12-04T23:53:30+00:00,LOCO_02,LOCO_DECOUPLING_STARTED,retrofit,,,,SCREW,1,3.0
5756.5,2025-12-04T23:56:30+00:00,LOCO_02,MOVING,track_19,retrofit,track_19,,,0,0.0
5756.5,2025-12-04T23:56:30+00:00,LOCO_02,LOCO_DECOUPLING_COMPLETED,retrofit,,,,SCREW,1,3.0
5761.5,2025-12-05T00:01:30+00:00,LOCO_02,PARKING,,,,,,0,0.0
5761.5,2025-12-05T00:01:30+00:00,LOCO_02,MOVING,collection2,track_19,collection2,,,0,60.0
5821.5,2025-12-05T01:01:30+00:00,LOCO_02,ALLOCATED,,,,batch_transport,,0,0.0
5821.5,2025-12-05T01:01:30+00:00,LOCO_02,RAKE_COUPLING_STARTED,collection2,,,,SCREW,9,16.0
5837.5,2025-12-05T01:17:30+00:00,LOCO_02,RAKE_COUPLING_COMPLETED,collection2,,,,SCREW,9,16.0
5837.5,2025-12-05T01:17:30+00:00,LOCO_02,LOCO_COUPLING_STARTED,collection2,,,,SCREW,9,2.0
5839.5,2025-12-05T01:19:30+00:00,LOCO_02,LOCO_COUPLING_COMPLETED,collection2,,,,SCREW,9,2.0
5839.5,2025-12-05T01:19:30+00:00,LOCO_02,SHUNTING_PREP,collection2,,,,,9,1.0
5840.5,2025-12-05T01:20:30+00:00,LOCO_02,MOVING,retrofit,collection2,retrofit,,,0,60.0
5900.5,2025-12-05T02:20:30+00:00,LOCO_02,LOCO_DECOUPLING_STARTED,retrofit,,,,SCREW,9,3.0
5903.5,2025-12-05T02:23:30+00:00,LOCO_02,LOCO_DECOUPLING_COMPLETED,retrofit,,,,SCREW,9,3.0
5903.5,2025-12-05T02:23:30+00:00,LOCO_02,RAKE_DECOUPLING_STARTED,retrofit,,,,SCREW,9,24.0
5927.5,2025-12-05T02:47:30+00:00,LOCO_02,RAKE_DECOUPLING_COMPLETED,retrofit,,,,SCREW,9,24.0
5951.5,2025-12-05T03:11:30+00:00,LOCO_02,MOVING,track_19,retrofit,track_19,,,0,5.0
5956.5,2025-12-05T03:16:30+00:00,LOCO_02,PARKING,,,,,,0,2.0
5958.5,2025-12-05T03:18:30+00:00,LOCO_02,MOVING,retrofit,track_19,retrofit,,,0,5.0
5963.5,2025-12-05T03:23:30+00:00,LOCO_02,COUPLING_STARTED,retrofit,,,,SCREW,0,2.0
5965.5,2025-12-05T03:25:30+00:00,LOCO_02,COUPLING_COMPLETED,retrofit,,,,SCREW,0,2.0
5965.5,2025-12-05T03:25:30+00:00,LOCO_02,SHUNTING_PREP,retrofit,,,,,0,1.0
5966.5,2025-12-05T03:26:30+00:00,LOCO_02,MOVING,WS_01,retrofit,WS_01,,,0,5.0
5971.5,2025-12-05T03:31:30+00:00,LOCO_02,DECOUPLING_STARTED,WS_01,,,,SCREW,0,3.0
5974.5,2025-12-05T03:34:30+00:00,LOCO_02,DECOUPLING_COMPLETED,WS_01,,,,SCREW,0,3.0
5977.5,2025-12-05T03:37:30+00:00,LOCO_02,MOVING,track_19,WS_01,track_19,,,0,54.5
6032.0,2025-12-05T04:32:00+00:00,LOCO_02,MOVING,WS_02,track_19,WS_02,,,0,5.0
6037.0,2025-12-05T04:37:00+00:00,LOCO_02,RAKE_COUPLING_STARTED,WS_02,,,,DAC,2,0.5
6037.5,2025-12-05T04:37:30+00:00,LOCO_02,RAKE_COUPLING_COMPLETED,WS_02,,,,DAC,2,0.5
6037.5,2025-12-05T04:37:30+00:00,LOCO_02,LOCO_COUPLING_STARTED,WS_02,,,,DAC,2,0.5
6038.0,2025-12-05T04:38:00+00:00,LOCO_02,LOCO_COUPLING_COMPLETED,WS_02,,,,DAC,2,0.5
6038.0,2025-12-05T04:38:00+00:00,LOCO_02,SHUNTING_PREP,WS_02,,,,,2,1.0
6039.0,2025-12-05T04:39:00+00:00,LOCO_02,MOVING,retrofitted,WS_02,retrofitted,,,0,5.0
6044.0,2025-12-05T04:44:00+00:00,LOCO_02,MOVING,track_19,retrofitted,track_19,,,0,5.0
6049.0,2025-12-05T04:49:00+00:00,LOCO_02,MOVING,WS_01,track_19,WS_01,,,0,5.0
6054.0,2025-12-05T04:54:00+00:00,LOCO_02,RAKE_COUPLING_STARTED,WS_01,,,,DAC,2,0.5
6054.5,2025-12-05T04:54:30+00:00,LOCO_02,RAKE_COUPLING_COMPLETED,WS_01,,,,DAC,2,0.5
6054.5,2025-12-05T04:54:30+00:00,LOCO_02,LOCO_COUPLING_STARTED,WS_01,,,,DAC,2,0.5
6055.0,2025-12-05T04:55:00+00:00,LOCO_02,LOCO_COUPLING_COMPLETED,WS_01,,,,DAC,2,0.5
6055.0,2025-12-05T04:55:00+00:00,LOCO_02,SHUNTING_PREP,WS_01,,,,,2,1.0
6056.0,2025-12-05T04:56:00+00:00,LOCO_02,MOVING,retrofitted,WS_01,retrofitted,,,0,5.0
6061.0,2025-12-05T05:01:00+00:00,LOCO_02,MOVING,track_19,retrofitted,track_19,,,0,7.0
6068.0,2025-12-05T05:08:00+00:00,LOCO_02,MOVING,retrofit,track_19,retrofit,,,0,5.0
6073.0,2025-12-05T05:13:00+00:00,LOCO_02,COUPLING_STARTED,retrofit,,,,SCREW,0,2.0
6075.0,2025-12-05T05:15:00+00:00,LOCO_02,COUPLING_COMPLETED,retrofit,,,,SCREW,0,2.0
6075.0,2025-12-05T05:15:00+00:00,LOCO_02,SHUNTING_PREP,retrofit,,,,,0,1.0
6076.0,2025-12-05T05:16:00+00:00,LOCO_02,MOVING,WS_02,retrofit,WS_02,,,0,5.0
6081.0,2025-12-05T05:21:00+00:00,LOCO_02,DECOUPLING_STARTED,WS_02,,,,SCREW,0,3.0
6084.0,2025-12-05T05:24:00+00:00,LOCO_02,DECOUPLING_COMPLETED,WS_02,,,,SCREW,0,3.0
6087.0,2025-12-05T05:27:00+00:00,LOCO_02,MOVING,track_19,WS_02,track_19,,,0,7.0
6094.0,2025-12-05T05:34:00+00:00,LOCO_02,MOVING,retrofit,track_19,retrofit,,,0,5.0
6099.0,2025-12-05T05:39:00+00:00,LOCO_02,COUPLING_STARTED,retrofit,,,,SCREW,0,2.0
6101.0,2025-12-05T05:41:00+00:00,LOCO_02,COUPLING_COMPLETED,retrofit,,,,SCREW,0,2.0
6101.0,2025-12-05T05:41:00+00:00,LOCO_02,SHUNTING_PREP,retrofit,,,,,0,1.0
6102.0,2025-12-05T05:42:00+00:00,LOCO_02,MOVING,WS_01,retrofit,WS_01,,,0,5.0
6107.0,2025-12-05T05:47:00+00:00,LOCO_02,DECOUPLING_STARTED,WS_01,,,,SCREW,0,3.0
6110.0,2025-12-05T05:50:00+00:00,LOCO_02,DECOUPLING_COMPLETED,WS_01,,,,SCREW,0,3.0
6113.0,2025-12-05T05:53:00+00:00,LOCO_02,MOVING,track_19,WS_01,track_19,,,0,5.0
6118.0,2025-12-05T05:58:00+00:00,LOCO_02,MOVING,collection2,track_19,collection2,,,0,60.0
6178.0,2025-12-05T06:58:00+00:00,LOCO_02,ALLOCATED,,,,batch_transport,,0,0.0
6178.0,2025-12-05T06:58:00+00:00,LOCO_02,RAKE_COUPLING_STARTED,collection2,,,,SCREW,4,6.0
6184.0,2025-12-05T07:04:00+00:00,LOCO_02,RAKE_COUPLING_COMPLETED,collection2,,,,SCREW,4,6.0
6184.0,2025-12-05T07:04:00+00:00,LOCO_02,LOCO_COUPLING_STARTED,collection2,,,,SCREW,4,2.0
6186.0,2025-12-05T07:06:00+00:00,LOCO_02,LOCO_COUPLING_COMPLETED,collection2,,,,SCREW,4,2.0
6186.0,2025-12-05T07:06:00+00:00,LOCO_02,SHUNTING_PREP,collection2,,,,,4,1.0
6187.0,2025-12-05T07:07:00+00:00,LOCO_02,MOVING,retrofit,collection2,retrofit,,,0,60.0
6247.0,2025-12-05T08:07:00+00:00,LOCO_02,LOCO_DECOUPLING_STARTED,retrofit,,,,SCREW,4,3.0
6250.0,2025-12-05T08:10:00+00:00,LOCO_02,LOCO_DECOUPLING_COMPLETED,retrofit,,,,SCREW,4,3.0
6250.0,2025-12-05T08:10:00+00:00,LOCO_02,RAKE_DECOUPLING_STARTED,retrofit,,,,SCREW,4,9.0
6259.0,2025-12-05T08:19:00+00:00,LOCO_02,RAKE_DECOUPLING_COMPLETED,retrofit,,,,SCREW,4,9.0
6268.0,2025-12-05T08:28:00+00:00,LOCO_02,MOVING,track_19,retrofit,track_19,,,0,5.0
6273.0,2025-12-05T08:33:00+00:00,LOCO_02,PARKING,,,,,,0,2.0
6275.0,2025-12-05T08:35:00+00:00,LOCO_02,MOVING,retrofit,track_19,retrofit,,,0,5.0
6280.0,2025-12-05T08:40:00+00:00,LOCO_02,COUPLING_STARTED,retrofit,,,,SCREW,0,2.0
6282.0,2025-12-05T08:42:00+00:00,LOCO_02,COUPLING_COMPLETED,retrofit,,,,SCREW,0,2.0
6282.0,2025-12-05T08:42:00+00:00,LOCO_02,SHUNTING_PREP,retrofit,,,,,0,1.0
6283.0,2025-12-05T08:43:00+00:00,LOCO_02,MOVING,WS_02,retrofit,WS_02,,,0,5.0
6288.0,2025-12-05T08:48:00+00:00,LOCO_02,DECOUPLING_STARTED,WS_02,,,,SCREW,0,3.0
6291.0,2025-12-05T08:51:00+00:00,LOCO_02,DECOUPLING_COMPLETED,WS_02,,,,SCREW,0,3.0
6294.0,2025-12-05T08:54:00+00:00,LOCO_02,MOVING,track_19,WS_02,track_19,,,0,7.0
6301.0,2025-12-05T09:01:00+00:00,LOCO_02,MOVING,retrofit,track_19,retrofit,,,0,5.0
6306.0,2025-12-05T09:06:00+00:00,LOCO_02,COUPLING_STARTED,retrofit,,,,SCREW,0,2.0
6308.0,2025-12-05T09:08:00+00:00,LOCO_02,COUPLING_COMPLETED,retrofit,,,,SCREW,0,2.0
6308.0,2025-12-05T09:08:00+00:00,LOCO_02,SHUNTING_PREP,retrofit,,,,,0,1.0
6309.0,2025-12-05T09:09:00+00:00,LOCO_02,MOVING,WS_01,retrofit,WS_01,,,0,5.0
6314.0,2025-12-05T09:14:00+00:00,LOCO_02,DECOUPLING_STARTED,WS_01,,,,SCREW,0,3.0
6317.0,2025-12-05T09:17:00+00:00,LOCO_02,DECOUPLING_COMPLETED,WS_01,,,,SCREW,0,3.0
6320.0,2025-12-05T09:20:00+00:00,LOCO_02,MOVING,track_19,WS_01,track_19,,,0,34.5
6354.5,2025-12-05T09:54:30+00:00,LOCO_02,MOVING,WS_02,track_19,WS_02,,,0,5.0
6359.5,2025-12-05T09:59:30+00:00,LOCO_02,RAKE_COUPLING_STARTED,WS_02,,,,DAC,2,0.5
6360.0,2025-12-05T10:00:00+00:00,LOCO_02,RAKE_COUPLING_COMPLETED,WS_02,,,,DAC,2,0.5
6360.0,2025-12-05T10:00:00+00:00,LOCO_02,LOCO_COUPLING_STARTED,WS_02,,,,DAC,2,0.5
6360.5,2025-12-05T10:00:30+00:00,LOCO_02,LOCO_COUPLING_COMPLETED,WS_02,,,,DAC,2,0.5
6360.5,2025-12-05T10:00:30+00:00,LOCO_02,SHUNTING_PREP,WS_02,,,,,2,1.0
6361.5,2025-12-05T10:01:30+00:00,LOCO_02,MOVING,retrofitted,WS_02,retrofitted,,,0,5.0
6366.5,2025-12-05T10:06:30+00:00,LOCO_02,MOVING,track_19,retrofitted,track_19,,,0,7.0
6373.5,2025-12-05T10:13:30+00:00,LOCO_02,MOVING,retrofit,track_19,retrofit,,,0,5.0
6378.5,2025-12-05T10:18:30+00:00,LOCO_02,COUPLING_STARTED,retrofit,,,,SCREW,0,2.0
6380.5,2025-12-05T10:20:30+00:00,LOCO_02,COUPLING_COMPLETED,retrofit,,,,SCREW,0,2.0
6380.5,2025-12-05T10:20:30+00:00,LOCO_02,SHUNTING_PREP,retrofit,,,,,0,1.0
6381.5,2025-12-05T10:21:30+00:00,LOCO_02,MOVING,WS_02,retrofit,WS_02,,,0,5.0
6386.5,2025-12-05T10:26:30+00:00,LOCO_02,DECOUPLING_STARTED,WS_02,,,,SCREW,0,3.0
6389.5,2025-12-05T10:29:30+00:00,LOCO_02,DECOUPLING_COMPLETED,WS_02,,,,SCREW,0,3.0
6392.5,2025-12-05T10:32:30+00:00,LOCO_02,MOVING,track_19,WS_02,track_19,,,0,5.0
6397.5,2025-12-05T10:37:30+00:00,LOCO_02,MOVING,WS_01,track_19,WS_01,,,0,5.0
6402.5,2025-12-05T10:42:30+00:00,LOCO_02,RAKE_COUPLING_STARTED,WS_01,,,,DAC,2,0.5
6403.0,2025-12-05T10:43:00+00:00,LOCO_02,RAKE_COUPLING_COMPLETED,WS_01,,,,DAC,2,0.5
6403.0,2025-12-05T10:43:00+00:00,LOCO_02,LOCO_COUPLING_STARTED,WS_01,,,,DAC,2,0.5
6403.5,2025-12-05T10:43:30+00:00,LOCO_02,LOCO_COUPLING_COMPLETED,WS_01,,,,DAC,2,0.5
6403.5,2025-12-05T10:43:30+00:00,LOCO_02,SHUNTING_PREP,WS_01,,,,,2,1.0
6404.5,2025-12-05T10:44:30+00:00,LOCO_02,MOVING,retrofitted,WS_01,retrofitted,,,0,5.0
6409.5,2025-12-05T10:49:30+00:00,LOCO_02,MOVING,track_19,retrofitted,track_19,,,0,5.0
6414.5,2025-12-05T10:54:30+00:00,LOCO_02,MOVING,collection1,track_19,collection1,,,0,60.0
6474.5,2025-12-05T11:54:30+00:00,LOCO_02,ALLOCATED,,,,batch_transport,,0,0.0
6474.5,2025-12-05T11:54:30+00:00,LOCO_02,RAKE_COUPLING_STARTED,collection1,,,,SCREW,4,6.0
6480.5,2025-12-05T12:00:30+00:00,LOCO_02,RAKE_COUPLING_COMPLETED,collection1,,,,SCREW,4,6.0
6480.5,2025-12-05T12:00:30+00:00,LOCO_02,LOCO_COUPLING_STARTED,collection1,,,,SCREW,4,2.0
6482.5,2025-12-05T12:02:30+00:00,LOCO_02,LOCO_COUPLING_COMPLETED,collection1,,,,SCREW,4,2.0
6482.5,2025-12-05T12:02:30+00:00,LOCO_02,SHUNTING_PREP,collection1,,,,,4,1.0
6483.5,2025-12-05T12:03:30+00:00,LOCO_02,MOVING,retrofit,collection1,retrofit,,,0,60.0
6543.5,2025-12-05T13:03:30+00:00,LOCO_02,LOCO_DECOUPLING_STARTED,retrofit,,,,SCREW,4,3.0
6546.5,2025-12-05T13:06:30+00:00,LOCO_02,LOCO_DECOUPLING_COMPLETED,retrofit,,,,SCREW,4,3.0
6546.5,2025-12-05T13:06:30+00:00,LOCO_02,RAKE_DECOUPLING_STARTED,retrofit,,,,SCREW,4,9.0
6555.5,2025-12-05T13:15:30+00:00,LOCO_02,RAKE_DECOUPLING_COMPLETED,retrofit,,,,SCREW,4,9.0
6564.5,2025-12-05T13:24:30+00:00,LOCO_02,MOVING,track_19,retrofit,track_19,,,0,5.0
6569.5,2025-12-05T13:29:30+00:00,LOCO_02,PARKING,,,,,,0,0.0
6569.5,2025-12-05T13:29:30+00:00,LOCO_02,MOVING,WS_02,track_19,WS_02,,,0,5.0
6574.5,2025-12-05T13:34:30+00:00,LOCO_02,RAKE_COUPLING_STARTED,WS_02,,,,DAC,2,0.5
6575.0,2025-12-05T13:35:00+00:00,LOCO_02,RAKE_COUPLING_COMPLETED,WS_02,,,,DAC,2,0.5
6575.0,2025-12-05T13:35:00+00:00,LOCO_02,LOCO_COUPLING_STARTED,WS_02,,,,DAC,2,0.5
6575.5,2025-12-05T13:35:30+00:00,LOCO_02,LOCO_COUPLING_COMPLETED,WS_02,,,,DAC,2,0.5
6575.5,2025-12-05T13:35:30+00:00,LOCO_02,SHUNTING_PREP,WS_02,,,,,2,1.0
6576.5,2025-12-05T13:36:30+00:00,LOCO_02,MOVING,retrofitted,WS_02,retrofitted,,,0,5.0
6581.5,2025-12-05T13:41:30+00:00,LOCO_02,MOVING,track_19,retrofitted,track_19,,,0,5.0
6586.5,2025-12-05T13:46:30+00:00,LOCO_02,MOVING,WS_01,track_19,WS_01,,,0,5.0
6591.5,2025-12-05T13:51:30+00:00,LOCO_02,RAKE_COUPLING_STARTED,WS_01,,,,DAC,2,0.5
6592.0,2025-12-05T13:52:00+00:00,LOCO_02,RAKE_COUPLING_COMPLETED,WS_01,,,,DAC,2,0.5
6592.0,2025-12-05T13:52:00+00:00,LOCO_02,LOCO_COUPLING_STARTED,WS_01,,,,DAC,2,0.5
6592.5,2025-12-05T13:52:30+00:00,LOCO_02,LOCO_COUPLING_COMPLETED,WS_01,,,,DAC,2,0.5
6592.5,2025-12-05T13:52:30+00:00,LOCO_02,SHUNTING_PREP,WS_01,,,,,2,1.0
6593.5,2025-12-05T13:53:30+00:00,LOCO_02,MOVING,retrofitted,WS_01,retrofitted,,,0,5.0
6598.5,2025-12-05T13:58:30+00:00,LOCO_02,MOVING,track_19,retrofitted,track_19,,,0,5.0
6603.5,2025-12-05T14:03:30+00:00,LOCO_02,ALLOCATED,,,,batch_transport,,0,0.0
6603.5,2025-12-05T14:03:30+00:00,LOCO_02,MOVING,retrofitted,track_19,retrofitted,,,0,5.0
6608.5,2025-12-05T14:08:30+00:00,LOCO_02,RAKE_COUPLING_STARTED,retrofitted,,,,DAC,8,3.5
6612.0,2025-12-05T14:12:00+00:00,LOCO_02,RAKE_COUPLING_COMPLETED,retrofitted,,,,DAC,8,3.5
6612.0,2025-12-05T14:12:00+00:00,LOCO_02,LOCO_COUPLING_STARTED,retrofitted,,,,DAC,8,0.5
6612.5,2025-12-05T14:12:30+00:00,LOCO_02,LOCO_COUPLING_COMPLETED,retrofitted,,,,DAC,8,0.5
6612.5,2025-12-05T14:12:30+00:00,LOCO_02,SHUNTING_PREP,retrofitted,,,,,8,1.0
6613.5,2025-12-05T14:13:30+00:00,LOCO_02,MOVING,parking15,retrofitted,parking15,,,0,75.0
6688.5,2025-12-05T15:28:30+00:00,LOCO_02,LOCO_DECOUPLING_STARTED,parking15,,,,DAC,8,0.5
6689.0,2025-12-05T15:29:00+00:00,LOCO_02,LOCO_DECOUPLING_COMPLETED,parking15,,,,DAC,8,0.5
6689.0,2025-12-05T15:29:00+00:00,LOCO_02,RAKE_DECOUPLING_STARTED,parking15,,,,DAC,8,3.5
6692.5,2025-12-05T15:32:30+00:00,LOCO_02,RAKE_DECOUPLING_COMPLETED,parking15,,,,DAC,8,3.5
6696.0,2025-12-05T15:36:00+00:00,LOCO_02,MOVING,track_19,parking15,track_19,,,0,60.0
6756.0,2025-12-05T16:36:00+00:00,LOCO_02,MOVING,WS_02,track_19,WS_02,,,0,5.0
6761.0,2025-12-05T16:41:00+00:00,LOCO_02,RAKE_COUPLING_STARTED,WS_02,,,,DAC,2,0.5
6761.5,2025-12-05T16:41:30+00:00,LOCO_02,RAKE_COUPLING_COMPLETED,WS_02,,,,DAC,2,0.5
6761.5,2025-12-05T16:41:30+00:00,LOCO_02,LOCO_COUPLING_STARTED,WS_02,,,,DAC,2,0.5
6762.0,2025-12-05T16:42:00+00:00,LOCO_02,LOCO_COUPLING_COMPLETED,WS_02,,,,DAC,2,0.5
6762.0,2025-12-05T16:42:00+00:00,LOCO_02,SHUNTING_PREP,WS_02,,,,,2,1.0
6763.0,2025-12-05T16:43:00+00:00,LOCO_02,MOVING,retrofitted,WS_02,retrofitted,,,0,5.0
6768.0,2025-12-05T16:48:00+00:00,LOCO_02,MOVING,track_19,retrofitted,track_19,,,0,5.0
6773.0,2025-12-05T16:53:00+00:00,LOCO_02,MOVING,WS_01,track_19,WS_01,,,0,5.0
6778.0,2025-12-05T16:58:00+00:00,LOCO_02,RAKE_COUPLING_STARTED,WS_01,,,,DAC,2,0.5
6778.5,2025-12-05T16:58:30+00:00,LOCO_02,RAKE_COUPLING_COMPLETED,WS_01,,,,DAC,2,0.5
6778.5,2025-12-05T16:58:30+00:00,LOCO_02,LOCO_COUPLING_STARTED,WS_01,,,,DAC,2,0.5
6779.0,2025-12-05T16:59:00+00:00,LOCO_02,LOCO_COUPLING_COMPLETED,WS_01,,,,DAC,2,0.5
6779.0,2025-12-05T16:59:00+00:00,LOCO_02,SHUNTING_PREP,WS_01,,,,,2,1.0
6780.0,2025-12-05T17:00:00+00:00,LOCO_02,MOVING,retrofitted,WS_01,retrofitted,,,0,5.0
6785.0,2025-12-05T17:05:00+00:00,LOCO_02,MOVING,track_19,retrofitted,track_19,,,0,7.0
6792.0,2025-12-05T17:12:00+00:00,LOCO_02,MOVING,retrofit,track_19,retrofit,,,0,5.0
6797.0,2025-12-05T17:17:00+00:00,LOCO_02,COUPLING_STARTED,retrofit,,,,SCREW,0,2.0
6799.0,2025-12-05T17:19:00+00:00,LOCO_02,COUPLING_COMPLETED,retrofit,,,,SCREW,0,2.0
6799.0,2025-12-05T17:19:00+00:00,LOCO_02,SHUNTING_PREP,retrofit,,,,,0,1.0
6800.0,2025-12-05T17:20:00+00:00,LOCO_02,MOVING,WS_02,retrofit,WS_02,,,0,5.0
6805.0,2025-12-05T17:25:00+00:00,LOCO_02,DECOUPLING_STARTED,WS_02,,,,SCREW,0,3.0
6808.0,2025-12-05T17:28:00+00:00,LOCO_02,DECOUPLING_COMPLETED,WS_02,,,,SCREW,0,3.0
6811.0,2025-12-05T17:31:00+00:00,LOCO_02,MOVING,track_19,WS_02,track_19,,,0,5.0
6816.0,2025-12-05T17:36:00+00:00,LOCO_02,ALLOCATED,,,,batch_transport,,0,0.0
6816.0,2025-12-05T17:36:00+00:00,LOCO_02,MOVING,retrofitted,track_19,retrofitted,,,0,5.0
6821.0,2025-12-05T17:41:00+00:00,LOCO_02,RAKE_COUPLING_STARTED,retrofitted,,,,DAC,4,1.5
6822.5,2025-12-05T17:42:30+00:00,LOCO_02,RAKE_COUPLING_COMPLETED,retrofitted,,,,DAC,4,1.5
6822.5,2025-12-05T17:42:30+00:00,LOCO_02,LOCO_COUPLING_STARTED,retrofitted,,,,DAC,4,0.5
6823.0,2025-12-05T17:43:00+00:00,LOCO_02,LOCO_COUPLING_COMPLETED,retrofitted,,,,DAC,4,0.5
6823.0,2025-12-05T17:43:00+00:00,LOCO_02,SHUNTING_PREP,retrofitted,,,,,4,1.0
6824.0,2025-12-05T17:44:00+00:00,LOCO_02,MOVING,parking14,retrofitted,parking14,,,0,75.0
6899.0,2025-12-05T18:59:00+00:00,LOCO_02,LOCO_DECOUPLING_STARTED,parking14,,,,DAC,4,0.5
6899.5,2025-12-05T18:59:30+00:00,LOCO_02,LOCO_DECOUPLING_COMPLETED,parking14,,,,DAC,4,0.5
6899.5,2025-12-05T18:59:30+00:00,LOCO_02,RAKE_DECOUPLING_STARTED,parking14,,,,DAC,4,1.5
6901.0,2025-12-05T19:01:00+00:00,LOCO_02,RAKE_DECOUPLING_COMPLETED,parking14,,,,DAC,4,1.5
6902.5,2025-12-05T19:02:30+00:00,LOCO_02,MOVING,track_19,parking14,track_19,,,0,60.0
6962.5,2025-12-05T20:02:30+00:00,LOCO_02,MOVING,collection1,track_19,collection1,,,0,60.0
7022.5,2025-12-05T21:02:30+00:00,LOCO_02,ALLOCATED,,,,batch_transport,,0,0.0
7022.5,2025-12-05T21:02:30+00:00,LOCO_02,RAKE_COUPLING_STARTED,collection1,,,,SCREW,5,8.0
7030.5,2025-12-05T21:10:30+00:00,LOCO_02,RAKE_COUPLING_COMPLETED,collection1,,,,SCREW,5,8.0
7030.5,2025-12-05T21:10:30+00:00,LOCO_02,LOCO_COUPLING_STARTED,collection1,,,,SCREW,5,2.0
7032.5,2025-12-05T21:12:30+00:00,LOCO_02,LOCO_COUPLING_COMPLETED,collection1,,,,SCREW,5,2.0
7032.5,2025-12-05T21:12:30+00:00,LOCO_02,SHUNTING_PREP,collection1,,,,,5,1.0
7033.5,2025-12-05T21:13:30+00:00,LOCO_02,MOVING,retrofit,collection1,retrofit,,,0,60.0
7093.5,2025-12-05T22:13:30+00:00,LOCO_02,LOCO_DECOUPLING_STARTED,retrofit,,,,SCREW,5,3.0
7096.5,2025-12-05T22:16:30+00:00,LOCO_02,LOCO_DECOUPLING_COMPLETED,retrofit,,,,SCREW,5,3.0
7096.5,2025-12-05T22:16:30+00:00,LOCO_02,RAKE_DECOUPLING_STARTED,retrofit,,,,SCREW,5,12.0
7108.5,2025-12-05T22:28:30+00:00,LOCO_02,RAKE_DECOUPLING_COMPLETED,retrofit,,,,SCREW,5,12.0
7120.5,2025-12-05T22:40:30+00:00,LOCO_02,MOVING,track_19,retrofit,track_19,,,0,5.0
7125.5,2025-12-05T22:45:30+00:00,LOCO_02,PARKING,,,,,,0,2.0
7127.5,2025-12-05T22:47:30+00:00,LOCO_02,MOVING,retrofit,track_19,retrofit,,,0,5.0
7132.5,2025-12-05T22:52:30+00:00,LOCO_02,COUPLING_STARTED,retrofit,,,,SCREW,0,2.0
7134.5,2025-12-05T22:54:30+00:00,LOCO_02,COUPLING_COMPLETED,retrofit,,,,SCREW,0,2.0
7134.5,2025-12-05T22:54:30+00:00,LOCO_02,SHUNTING_PREP,retrofit,,,,,0,1.0
7135.5,2025-12-05T22:55:30+00:00,LOCO_02,MOVING,WS_01,retrofit,WS_01,,,0,5.0
7140.5,2025-12-05T23:00:30+00:00,LOCO_02,DECOUPLING_STARTED,WS_01,,,,SCREW,0,3.0
7143.5,2025-12-05T23:03:30+00:00,LOCO_02,DECOUPLING_COMPLETED,WS_01,,,,SCREW,0,3.0
7146.5,2025-12-05T23:06:30+00:00,LOCO_02,MOVING,track_19,WS_01,track_19,,,0,57.5
7204.0,2025-12-06T00:04:00+00:00,LOCO_02,MOVING,WS_02,track_19,WS_02,,,0,5.0
7209.0,2025-12-06T00:09:00+00:00,LOCO_02,RAKE_COUPLING_STARTED,WS_02,,,,DAC,2,0.5
7209.5,2025-12-06T00:09:30+00:00,LOCO_02,RAKE_COUPLING_COMPLETED,WS_02,,,,DAC,2,0.5
7209.5,2025-12-06T00:09:30+00:00,LOCO_02,LOCO_COUPLING_STARTED,WS_02,,,,DAC,2,0.5
7210.0,2025-12-06T00:10:00+00:00,LOCO_02,LOCO_COUPLING_COMPLETED,WS_02,,,,DAC,2,0.5
7210.0,2025-12-06T00:10:00+00:00,LOCO_02,SHUNTING_PREP,WS_02,,,,,2,1.0
7211.0,2025-12-06T00:11:00+00:00,LOCO_02,MOVING,retrofitted,WS_02,retrofitted,,,0,5.0
7216.0,2025-12-06T00:16:00+00:00,LOCO_02,MOVING,track_19,retrofitted,track_19,,,0,5.0
7221.0,2025-12-06T00:21:00+00:00,LOCO_02,MOVING,WS_01,track_19,WS_01,,,0,5.0
7226.0,2025-12-06T00:26:00+00:00,LOCO_02,RAKE_COUPLING_STARTED,WS_01,,,,DAC,2,0.5
7226.5,2025-12-06T00:26:30+00:00,LOCO_02,RAKE_COUPLING_COMPLETED,WS_01,,,,DAC,2,0.5
7226.5,2025-12-06T00:26:30+00:00,LOCO_02,LOCO_COUPLING_STARTED,WS_01,,,,DAC,2,0.5
7227.0,2025-12-06T00:27:00+00:00,LOCO_02,LOCO_COUPLING_COMPLETED,WS_01,,,,DAC,2,0.5
7227.0,2025-12-06T00:27:00+00:00,LOCO_02,SHUNTING_PREP,WS_01,,,,,2,1.0
7228.0,2025-12-06T00:28:00+00:00,LOCO_02,MOVING,retrofitted,WS_01,retrofitted,,,0,5.0
7233.0,2025-12-06T00:33:00+00:00,LOCO_02,MOVING,track_19,retrofitted,track_19,,,0,7.0
7240.0,2025-12-06T00:40:00+00:00,LOCO_02,MOVING,retrofit,track_19,retrofit,,,0,5.0
7245.0,2025-12-06T00:45:00+00:00,LOCO_02,COUPLING_STARTED,retrofit,,,,SCREW,0,2.0
7247.0,2025-12-06T00:47:00+00:00,LOCO_02,COUPLING_COMPLETED,retrofit,,,,SCREW,0,2.0
7247.0,2025-12-06T00:47:00+00:00,LOCO_02,SHUNTING_PREP,retrofit,,,,,0,1.0
7248.0,2025-12-06T00:48:00+00:00,LOCO_02,MOVING,WS_02,retrofit,WS_02,,,0,5.0
7253.0,2025-12-06T00:53:00+00:00,LOCO_02,DECOUPLING_STARTED,WS_02,,,,SCREW,0,3.0
7256.0,2025-12-06T00:56:00+00:00,LOCO_02,DECOUPLING_COMPLETED,WS_02,,,,SCREW,0,3.0
7259.0,2025-12-06T00:59:00+00:00,LOCO_02,MOVING,track_19,WS_02,track_19,,,0,7.0
7266.0,2025-12-06T01:06:00+00:00,LOCO_02,MOVING,retrofit,track_19,retrofit,,,0,5.0
7271.0,2025-12-06T01:11:00+00:00,LOCO_02,COUPLING_STARTED,retrofit,,,,SCREW,0,2.0
7273.0,2025-12-06T01:13:00+00:00,LOCO_02,COUPLING_COMPLETED,retrofit,,,,SCREW,0,2.0
7273.0,2025-12-06T01:13:00+00:00,LOCO_02,SHUNTING_PREP,retrofit,,,,,0,1.0
7274.0,2025-12-06T01:14:00+00:00,LOCO_02,MOVING,WS_01,retrofit,WS_01,,,0,5.0
7279.0,2025-12-06T01:19:00+00:00,LOCO_02,DECOUPLING_STARTED,WS_01,,,,SCREW,0,3.0
7282.0,2025-12-06T01:22:00+00:00,LOCO_02,DECOUPLING_COMPLETED,WS_01,,,,SCREW,0,3.0
7285.0,2025-12-06T01:25:00+00:00,LOCO_02,MOVING,track_19,WS_01,track_19,,,0,5.0
7290.0,2025-12-06T01:30:00+00:00,LOCO_02,MOVING,collection2,track_19,collection2,,,0,60.0
7350.0,2025-12-06T02:30:00+00:00,LOCO_02,ALLOCATED,,,,batch_transport,,0,0.0
7350.0,2025-12-06T02:30:00+00:00,LOCO_02,RAKE_COUPLING_STARTED,collection2,,,,SCREW,4,6.0
7356.0,2025-12-06T02:36:00+00:00,LOCO_02,RAKE_COUPLING_COMPLETED,collection2,,,,SCREW,4,6.0
7356.0,2025-12-06T02:36:00+00:00,LOCO_02,LOCO_COUPLING_STARTED,collection2,,,,SCREW,4,2.0
7358.0,2025-12-06T02:38:00+00:00,LOCO_02,LOCO_COUPLING_COMPLETED,collection2,,,,SCREW,4,2.0
7358.0,2025-12-06T02:38:00+00:00,LOCO_02,SHUNTING_PREP,collection2,,,,,4,1.0
7359.0,2025-12-06T02:39:00+00:00,LOCO_02,MOVING,retrofit,collection2,retrofit,,,0,60.0
7419.0,2025-12-06T03:39:00+00:00,LOCO_02,LOCO_DECOUPLING_STARTED,retrofit,,,,SCREW,4,3.0
7422.0,2025-12-06T03:42:00+00:00,LOCO_02,LOCO_DECOUPLING_COMPLETED,retrofit,,,,SCREW,4,3.0
7422.0,2025-12-06T03:42:00+00:00,LOCO_02,RAKE_DECOUPLING_STARTED,retrofit,,,,SCREW,4,9.0
7431.0,2025-12-06T03:51:00+00:00,LOCO_02,RAKE_DECOUPLING_COMPLETED,retrofit,,,,SCREW,4,9.0
7440.0,2025-12-06T04:00:00+00:00,LOCO_02,MOVING,track_19,retrofit,track_19,,,0,5.0
7445.0,2025-12-06T04:05:00+00:00,LOCO_02,PARKING,,,,,,0,0.0
7445.0,2025-12-06T04:05:00+00:00,LOCO_02,MOVING,WS_02,track_19,WS_02,,,0,5.0
7450.0,2025-12-06T04:10:00+00:00,LOCO_02,RAKE_COUPLING_STARTED,WS_02,,,,DAC,2,0.5
7450.5,2025-12-06T04:10:30+00:00,LOCO_02,RAKE_COUPLING_COMPLETED,WS_02,,,,DAC,2,0.5
7450.5,2025-12-06T04:10:30+00:00,LOCO_02,LOCO_COUPLING_STARTED,WS_02,,,,DAC,2,0.5
7451.0,2025-12-06T04:11:00+00:00,LOCO_02,LOCO_COUPLING_COMPLETED,WS_02,,,,DAC,2,0.5
7451.0,2025-12-06T04:11:00+00:00,LOCO_02,SHUNTING_PREP,WS_02,,,,,2,1.0
7452.0,2025-12-06T04:12:00+00:00,LOCO_02,MOVING,retrofitted,WS_02,retrofitted,,,0,5.0
7457.0,2025-12-06T04:17:00+00:00,LOCO_02,MOVING,track_19,retrofitted,track_19,,,0,5.0
7462.0,2025-12-06T04:22:00+00:00,LOCO_02,MOVING,WS_01,track_19,WS_01,,,0,5.0
7467.0,2025-12-06T04:27:00+00:00,LOCO_02,RAKE_COUPLING_STARTED,WS_01,,,,DAC,2,0.5
7467.5,2025-12-06T04:27:30+00:00,LOCO_02,RAKE_COUPLING_COMPLETED,WS_01,,,,DAC,2,0.5
7467.5,2025-12-06T04:27:30+00:00,LOCO_02,LOCO_COUPLING_STARTED,WS_01,,,,DAC,2,0.5
7468.0,2025-12-06T04:28:00+00:00,LOCO_02,LOCO_COUPLING_COMPLETED,WS_01,,,,DAC,2,0.5
7468.0,2025-12-06T04:28:00+00:00,LOCO_02,SHUNTING_PREP,WS_01,,,,,2,1.0
7469.0,2025-12-06T04:29:00+00:00,LOCO_02,MOVING,retrofitted,WS_01,retrofitted,,,0,5.0
7474.0,2025-12-06T04:34:00+00:00,LOCO_02,MOVING,track_19,retrofitted,track_19,,,0,5.0
7479.0,2025-12-06T04:39:00+00:00,LOCO_02,ALLOCATED,,,,batch_transport,,0,0.0
7479.0,2025-12-06T04:39:00+00:00,LOCO_02,MOVING,retrofitted,track_19,retrofitted,,,0,5.0
7484.0,2025-12-06T04:44:00+00:00,LOCO_02,RAKE_COUPLING_STARTED,retrofitted,,,,DAC,8,3.5
7487.5,2025-12-06T04:47:30+00:00,LOCO_02,RAKE_COUPLING_COMPLETED,retrofitted,,,,DAC,8,3.5
7487.5,2025-12-06T04:47:30+00:00,LOCO_02,LOCO_COUPLING_STARTED,retrofitted,,,,DAC,8,0.5
7488.0,2025-12-06T04:48:00+00:00,LOCO_02,LOCO_COUPLING_COMPLETED,retrofitted,,,,DAC,8,0.5
7488.0,2025-12-06T04:48:00+00:00,LOCO_02,SHUNTING_PREP,retrofitted,,,,,8,1.0
7489.0,2025-12-06T04:49:00+00:00,LOCO_02,MOVING,parking1,retrofitted,parking1,,,0,5.0
7494.0,2025-12-06T04:54:00+00:00,LOCO_02,LOCO_DECOUPLING_STARTED,parking1,,,,DAC,8,0.5
7494.5,2025-12-06T04:54:30+00:00,LOCO_02,LOCO_DECOUPLING_COMPLETED,parking1,,,,DAC,8,0.5
7494.5,2025-12-06T04:54:30+00:00,LOCO_02,RAKE_DECOUPLING_STARTED,parking1,,,,DAC,8,3.5
7498.0,2025-12-06T04:58:00+00:00,LOCO_02,RAKE_DECOUPLING_COMPLETED,parking1,,,,DAC,8,3.5
7501.5,2025-12-06T05:01:30+00:00,LOCO_02,MOVING,track_19,parking1,track_19,,,0,5.0
7506.5,2025-12-06T05:06:30+00:00,LOCO_02,ALLOCATED,,,,batch_transport,,0,0.0
7506.5,2025-12-06T05:06:30+00:00,LOCO_02,MOVING,retrofitted,track_19,retrofitted,,,0,5.0
7511.5,2025-12-06T05:11:30+00:00,LOCO_02,RAKE_COUPLING_STARTED,retrofitted,,,,DAC,4,1.5
7513.0,2025-12-06T05:13:00+00:00,LOCO_02,RAKE_COUPLING_COMPLETED,retrofitted,,,,DAC,4,1.5
7513.0,2025-12-06T05:13:00+00:00,LOCO_02,LOCO_COUPLING_STARTED,retrofitted,,,,DAC,4,0.5
7513.5,2025-12-06T05:13:30+00:00,LOCO_02,LOCO_COUPLING_COMPLETED,retrofitted,,,,DAC,4,0.5
7513.5,2025-12-06T05:13:30+00:00,LOCO_02,SHUNTING_PREP,retrofitted,,,,,4,1.0
7514.5,2025-12-06T05:14:30+00:00,LOCO_02,MOVING,parking12,retrofitted,parking12,,,0,60.0
7574.5,2025-12-06T06:14:30+00:00,LOCO_02,LOCO_DECOUPLING_STARTED,parking12,,,,DAC,4,0.5
7575.0,2025-12-06T06:15:00+00:00,LOCO_02,LOCO_DECOUPLING_COMPLETED,parking12,,,,DAC,4,0.5
7575.0,2025-12-06T06:15:00+00:00,LOCO_02,RAKE_DECOUPLING_STARTED,parking12,,,,DAC,4,1.5
7576.5,2025-12-06T06:16:30+00:00,LOCO_02,RAKE_DECOUPLING_COMPLETED,parking12,,,,DAC,4,1.5
7578.0,2025-12-06T06:18:00+00:00,LOCO_02,MOVING,track_19,parking12,track_19,,,0,62.0
7640.0,2025-12-06T07:20:00+00:00,LOCO_02,MOVING,retrofit,track_19,retrofit,,,0,5.0
7645.0,2025-12-06T07:25:00+00:00,LOCO_02,COUPLING_STARTED,retrofit,,,,SCREW,0,2.0
7647.0,2025-12-06T07:27:00+00:00,LOCO_02,COUPLING_COMPLETED,retrofit,,,,SCREW,0,2.0
7647.0,2025-12-06T07:27:00+00:00,LOCO_02,SHUNTING_PREP,retrofit,,,,,0,1.0
7648.0,2025-12-06T07:28:00+00:00,LOCO_02,MOVING,WS_01,retrofit,WS_01,,,0,5.0
7653.0,2025-12-06T07:33:00+00:00,LOCO_02,DECOUPLING_STARTED,WS_01,,,,SCREW,0,3.0
7656.0,2025-12-06T07:36:00+00:00,LOCO_02,DECOUPLING_COMPLETED,WS_01,,,,SCREW,0,3.0
7659.0,2025-12-06T07:39:00+00:00,LOCO_02,MOVING,track_19,WS_01,track_19,,,0,5.0
7664.0,2025-12-06T07:44:00+00:00,LOCO_02,MOVING,WS_02,track_19,WS_02,,,0,5.0
7669.0,2025-12-06T07:49:00+00:00,LOCO_02,RAKE_COUPLING_STARTED,WS_02,,,,DAC,2,0.5
7669.5,2025-12-06T07:49:30+00:00,LOCO_02,RAKE_COUPLING_COMPLETED,WS_02,,,,DAC,2,0.5
7669.5,2025-12-06T07:49:30+00:00,LOCO_02,LOCO_COUPLING_STARTED,WS_02,,,,DAC,2,0.5
7670.0,2025-12-06T07:50:00+00:00,LOCO_02,LOCO_COUPLING_COMPLETED,WS_02,,,,DAC,2,0.5
7670.0,2025-12-06T07:50:00+00:00,LOCO_02,SHUNTING_PREP,WS_02,,,,,2,1.0
7671.0,2025-12-06T07:51:00+00:00,LOCO_02,MOVING,retrofitted,WS_02,retrofitted,,,0,5.0
7676.0,2025-12-06T07:56:00+00:00,LOCO_02,MOVING,track_19,retrofitted,track_19,,,0,5.0
7681.0,2025-12-06T08:01:00+00:00,LOCO_02,MOVING,collection1,track_19,collection1,,,0,60.0
7741.0,2025-12-06T09:01:00+00:00,LOCO_02,ALLOCATED,,,,batch_transport,,0,0.0
7741.0,2025-12-06T09:01:00+00:00,LOCO_02,RAKE_COUPLING_STARTED,collection1,,,,SCREW,2,2.0
7743.0,2025-12-06T09:03:00+00:00,LOCO_02,RAKE_COUPLING_COMPLETED,collection1,,,,SCREW,2,2.0
7743.0,2025-12-06T09:03:00+00:00,LOCO_02,LOCO_COUPLING_STARTED,collection1,,,,SCREW,2,2.0
7745.0,2025-12-06T09:05:00+00:00,LOCO_02,LOCO_COUPLING_COMPLETED,collection1,,,,SCREW,2,2.0
7745.0,2025-12-06T09:05:00+00:00,LOCO_02,SHUNTING_PREP,collection1,,,,,2,1.0
7746.0,2025-12-06T09:06:00+00:00,LOCO_02,MOVING,retrofit,collection1,retrofit,,,0,60.0
7806.0,2025-12-06T10:06:00+00:00,LOCO_02,LOCO_DECOUPLING_STARTED,retrofit,,,,SCREW,2,3.0
7809.0,2025-12-06T10:09:00+00:00,LOCO_02,LOCO_DECOUPLING_COMPLETED,retrofit,,,,SCREW,2,3.0
7809.0,2025-12-06T10:09:00+00:00,LOCO_02,RAKE_DECOUPLING_STARTED,retrofit,,,,SCREW,2,3.0
7812.0,2025-12-06T10:12:00+00:00,LOCO_02,RAKE_DECOUPLING_COMPLETED,retrofit,,,,SCREW,2,3.0
7815.0,2025-12-06T10:15:00+00:00,LOCO_02,MOVING,track_19,retrofit,track_19,,,0,5.0
7820.0,2025-12-06T10:20:00+00:00,LOCO_02,PARKING,,,,,,0,0.0
7820.0,2025-12-06T10:20:00+00:00,LOCO_02,ALLOCATED,,,,batch_transport,,0,0.0
7820.0,2025-12-06T10:20:00+00:00,LOCO_02,MOVING,retrofitted,track_19,retrofitted,,,0,5.0
7825.0,2025-12-06T10:25:00+00:00,LOCO_02,RAKE_COUPLING_STARTED,retrofitted,,,,DAC,4,1.5
7826.5,2025-12-06T10:26:30+00:00,LOCO_02,RAKE_COUPLING_COMPLETED,retrofitted,,,,DAC,4,1.5
7826.5,2025-12-06T10:26:30+00:00,LOCO_02,LOCO_COUPLING_STARTED,retrofitted,,,,DAC,4,0.5
7827.0,2025-12-06T10:27:00+00:00,LOCO_02,LOCO_COUPLING_COMPLETED,retrofitted,,,,DAC,4,0.5
7827.0,2025-12-06T10:27:00+00:00,LOCO_02,SHUNTING_PREP,retrofitted,,,,,4,1.0
7828.0,2025-12-06T10:28:00+00:00,LOCO_02,MOVING,parking16,retrofitted,parking16,,,0,120.0
7948.0,2025-12-06T12:28:00+00:00,LOCO_02,LOCO_DECOUPLING_STARTED,parking16,,,,DAC,4,0.5
7948.5,2025-12-06T12:28:30+00:00,LOCO_02,LOCO_DECOUPLING_COMPLETED,parking16,,,,DAC,4,0.5
7948.5,2025-12-06T12:28:30+00:00,LOCO_02,RAKE_DECOUPLING_STARTED,parking16,,,,DAC,4,1.5
7950.0,2025-12-06T12:30:00+00:00,LOCO_02,RAKE_DECOUPLING_COMPLETED,parking16,,,,DAC,4,1.5
7951.5,2025-12-06T12:31:30+00:00,LOCO_02,MOVING,track_19,parking16,track_19,,,0,60.0
8011.5,2025-12-06T13:31:30+00:00,LOCO_02,MOVING,WS_02,track_19,WS_02,,,0,5.0
8016.5,2025-12-06T13:36:30+00:00,LOCO_02,RAKE_COUPLING_STARTED,WS_02,,,,DAC,2,0.5
8017.0,2025-12-06T13:37:00+00:00,LOCO_02,RAKE_COUPLING_COMPLETED,WS_02,,,,DAC,2,0.5
8017.0,2025-12-06T13:37:00+00:00,LOCO_02,LOCO_COUPLING_STARTED,WS_02,,,,DAC,2,0.5
8017.5,2025-12-06T13:37:30+00:00,LOCO_02,LOCO_COUPLING_COMPLETED,WS_02,,,,DAC,2,0.5
8017.5,2025-12-06T13:37:30+00:00,LOCO_02,SHUNTING_PREP,WS_02,,,,,2,1.0
8018.5,2025-12-06T13:38:30+00:00,LOCO_02,MOVING,retrofitted,WS_02,retrofitted,,,0,5.0
8023.5,2025-12-06T13:43:30+00:00,LOCO_02,MOVING,track_19,retrofitted,track_19,,,0,7.0
8030.5,2025-12-06T13:50:30+00:00,LOCO_02,MOVING,retrofit,track_19,retrofit,,,0,5.0
8035.5,2025-12-06T13:55:30+00:00,LOCO_02,COUPLING_STARTED,retrofit,,,,SCREW,0,2.0
8037.5,2025-12-06T13:57:30+00:00,LOCO_02,COUPLING_COMPLETED,retrofit,,,,SCREW,0,2.0
8037.5,2025-12-06T13:57:30+00:00,LOCO_02,SHUNTING_PREP,retrofit,,,,,0,1.0
8038.5,2025-12-06T13:58:30+00:00,LOCO_02,MOVING,WS_01,retrofit,WS_01,,,0,5.0
8043.5,2025-12-06T14:03:30+00:00,LOCO_02,DECOUPLING_STARTED,WS_01,,,,SCREW,0,3.0
8046.5,2025-12-06T14:06:30+00:00,LOCO_02,DECOUPLING_COMPLETED,WS_01,,,,SCREW,0,3.0
8049.5,2025-12-06T14:09:30+00:00,LOCO_02,MOVING,track_19,WS_01,track_19,,,0,7.0
8056.5,2025-12-06T14:16:30+00:00,LOCO_02,MOVING,retrofit,track_19,retrofit,,,0,5.0
8061.5,2025-12-06T14:21:30+00:00,LOCO_02,COUPLING_STARTED,retrofit,,,,SCREW,0,2.0
8063.5,2025-12-06T14:23:30+00:00,LOCO_02,COUPLING_COMPLETED,retrofit,,,,SCREW,0,2.0
8063.5,2025-12-06T14:23:30+00:00,LOCO_02,SHUNTING_PREP,retrofit,,,,,0,1.0
8064.5,2025-12-06T14:24:30+00:00,LOCO_02,MOVING,WS_02,retrofit,WS_02,,,0,5.0
8069.5,2025-12-06T14:29:30+00:00,LOCO_02,DECOUPLING_STARTED,WS_02,,,,SCREW,0,3.0
8072.5,2025-12-06T14:32:30+00:00,LOCO_02,DECOUPLING_COMPLETED,WS_02,,,,SCREW,0,3.0
8075.5,2025-12-06T14:35:30+00:00,LOCO_02,MOVING,track_19,WS_02,track_19,,,0,5.0
8080.5,2025-12-06T14:40:30+00:00,LOCO_02,MOVING,collection1,track_19,collection1,,,0,60.0
8140.5,2025-12-06T15:40:30+00:00,LOCO_02,ALLOCATED,,,,batch_transport,,0,0.0
8140.5,2025-12-06T15:40:30+00:00,LOCO_02,RAKE_COUPLING_STARTED,collection1,,,,SCREW,2,2.0
8142.5,2025-12-06T15:42:30+00:00,LOCO_02,RAKE_COUPLING_COMPLETED,collection1,,,,SCREW,2,2.0
8142.5,2025-12-06T15:42:30+00:00,LOCO_02,LOCO_COUPLING_STARTED,collection1,,,,SCREW,2,2.0
8144.5,2025-12-06T15:44:30+00:00,LOCO_02,LOCO_COUPLING_COMPLETED,collection1,,,,SCREW,2,2.0
8144.5,2025-12-06T15:44:30+00:00,LOCO_02,SHUNTING_PREP,collection1,,,,,2,1.0
8145.5,2025-12-06T15:45:30+00:00,LOCO_02,MOVING,retrofit,collection1,retrofit,,,0,60.0
8205.5,2025-12-06T16:45:30+00:00,LOCO_02,LOCO_DECOUPLING_STARTED,retrofit,,,,SCREW,2,3.0
8208.5,2025-12-06T16:48:30+00:00,LOCO_02,LOCO_DECOUPLING_COMPLETED,retrofit,,,,SCREW,2,3.0
8208.5,2025-12-06T16:48:30+00:00,LOCO_02,RAKE_DECOUPLING_STARTED,retrofit,,,,SCREW,2,3.0
8211.5,2025-12-06T16:51:30+00:00,LOCO_02,RAKE_DECOUPLING_COMPLETED,retrofit,,,,SCREW,2,3.0
8214.5,2025-12-06T16:54:30+00:00,LOCO_02,MOVING,track_19,retrofit,track_19,,,0,5.0
8219.5,2025-12-06T16:59:30+00:00,LOCO_02,PARKING,,,,,,0,0.0
8219.5,2025-12-06T16:59:30+00:00,LOCO_02,MOVING,WS_01,track_19,WS_01,,,0,5.0
8224.5,2025-12-06T17:04:30+00:00,LOCO_02,RAKE_COUPLING_STARTED,WS_01,,,,DAC,2,0.5
8225.0,2025-12-06T17:05:00+00:00,LOCO_02,RAKE_COUPLING_COMPLETED,WS_01,,,,DAC,2,0.5
8225.0,2025-12-06T17:05:00+00:00,LOCO_02,LOCO_COUPLING_STARTED,WS_01,,,,DAC,2,0.5
8225.5,2025-12-06T17:05:30+00:00,LOCO_02,LOCO_COUPLING_COMPLETED,WS_01,,,,DAC,2,0.5
8225.5,2025-12-06T17:05:30+00:00,LOCO_02,SHUNTING_PREP,WS_01,,,,,2,1.0
8226.5,2025-12-06T17:06:30+00:00,LOCO_02,MOVING,retrofitted,WS_01,retrofitted,,,0,5.0
8231.5,2025-12-06T17:11:30+00:00,LOCO_02,MOVING,track_19,retrofitted,track_19,,,0,5.0
8236.5,2025-12-06T17:16:30+00:00,LOCO_02,MOVING,WS_02,track_19,WS_02,,,0,5.0
8241.5,2025-12-06T17:21:30+00:00,LOCO_02,RAKE_COUPLING_STARTED,WS_02,,,,DAC,2,0.5
8242.0,2025-12-06T17:22:00+00:00,LOCO_02,RAKE_COUPLING_COMPLETED,WS_02,,,,DAC,2,0.5
8242.0,2025-12-06T17:22:00+00:00,LOCO_02,LOCO_COUPLING_STARTED,WS_02,,,,DAC,2,0.5
8242.5,2025-12-06T17:22:30+00:00,LOCO_02,LOCO_COUPLING_COMPLETED,WS_02,,,,DAC,2,0.5
8242.5,2025-12-06T17:22:30+00:00,LOCO_02,SHUNTING_PREP,WS_02,,,,,2,1.0
8243.5,2025-12-06T17:23:30+00:00,LOCO_02,MOVING,retrofitted,WS_02,retrofitted,,,0,5.0
8248.5,2025-12-06T17:28:30+00:00,LOCO_02,MOVING,track_19,retrofitted,track_19,,,0,7.0
8255.5,2025-12-06T17:35:30+00:00,LOCO_02,MOVING,retrofit,track_19,retrofit,,,0,5.0
8260.5,2025-12-06T17:40:30+00:00,LOCO_02,COUPLING_STARTED,retrofit,,,,SCREW,0,2.0
8262.5,2025-12-06T17:42:30+00:00,LOCO_02,COUPLING_COMPLETED,retrofit,,,,SCREW,0,2.0
8262.5,2025-12-06T17:42:30+00:00,LOCO_02,SHUNTING_PREP,retrofit,,,,,0,1.0
8263.5,2025-12-06T17:43:30+00:00,LOCO_02,MOVING,WS_01,retrofit,WS_01,,,0,5.0
8268.5,2025-12-06T17:48:30+00:00,LOCO_02,DECOUPLING_STARTED,WS_01,,,,SCREW,0,3.0
8271.5,2025-12-06T17:51:30+00:00,LOCO_02,DECOUPLING_COMPLETED,WS_01,,,,SCREW,0,3.0
8274.5,2025-12-06T17:54:30+00:00,LOCO_02,MOVING,track_19,WS_01,track_19,,,0,5.0
8279.5,2025-12-06T17:59:30+00:00,LOCO_02,MOVING,collection2,track_19,collection2,,,0,60.0
8339.5,2025-12-06T18:59:30+00:00,LOCO_02,ALLOCATED,,,,batch_transport,,0,0.0
8339.5,2025-12-06T18:59:30+00:00,LOCO_02,RAKE_COUPLING_STARTED,collection2,,,,SCREW,5,8.0
8347.5,2025-12-06T19:07:30+00:00,LOCO_02,RAKE_COUPLING_COMPLETED,collection2,,,,SCREW,5,8.0
8347.5,2025-12-06T19:07:30+00:00,LOCO_02,LOCO_COUPLING_STARTED,collection2,,,,SCREW,5,2.0
8349.5,2025-12-06T19:09:30+00:00,LOCO_02,LOCO_COUPLING_COMPLETED,collection2,,,,SCREW,5,2.0
8349.5,2025-12-06T19:09:30+00:00,LOCO_02,SHUNTING_PREP,collection2,,,,,5,1.0
8350.5,2025-12-06T19:10:30+00:00,LOCO_02,MOVING,retrofit,collection2,retrofit,,,0,60.0
8410.5,2025-12-06T20:10:30+00:00,LOCO_02,LOCO_DECOUPLING_STARTED,retrofit,,,,SCREW,5,3.0
8413.5,2025-12-06T20:13:30+00:00,LOCO_02,LOCO_DECOUPLING_COMPLETED,retrofit,,,,SCREW,5,3.0
8413.5,2025-12-06T20:13:30+00:00,LOCO_02,RAKE_DECOUPLING_STARTED,retrofit,,,,SCREW,5,12.0
8425.5,2025-12-06T20:25:30+00:00,LOCO_02,RAKE_DECOUPLING_COMPLETED,retrofit,,,,SCREW,5,12.0
8437.5,2025-12-06T20:37:30+00:00,LOCO_02,MOVING,track_19,retrofit,track_19,,,0,5.0
8442.5,2025-12-06T20:42:30+00:00,LOCO_02,PARKING,,,,,,0,2.0
8444.5,2025-12-06T20:44:30+00:00,LOCO_02,MOVING,retrofit,track_19,retrofit,,,0,5.0
8449.5,2025-12-06T20:49:30+00:00,LOCO_02,COUPLING_STARTED,retrofit,,,,SCREW,0,2.0
8451.5,2025-12-06T20:51:30+00:00,LOCO_02,COUPLING_COMPLETED,retrofit,,,,SCREW,0,2.0
8451.5,2025-12-06T20:51:30+00:00,LOCO_02,SHUNTING_PREP,retrofit,,,,,0,1.0
8452.5,2025-12-06T20:52:30+00:00,LOCO_02,MOVING,WS_01,retrofit,WS_01,,,0,5.0
8457.5,2025-12-06T20:57:30+00:00,LOCO_02,DECOUPLING_STARTED,WS_01,,,,SCREW,0,3.0
8460.5,2025-12-06T21:00:30+00:00,LOCO_02,DECOUPLING_COMPLETED,WS_01,,,,SCREW,0,3.0
8463.5,2025-12-06T21:03:30+00:00,LOCO_02,MOVING,track_19,WS_01,track_19,,,0,7.0
8470.5,2025-12-06T21:10:30+00:00,LOCO_02,MOVING,retrofit,track_19,retrofit,,,0,5.0
8475.5,2025-12-06T21:15:30+00:00,LOCO_02,COUPLING_STARTED,retrofit,,,,SCREW,0,2.0
8477.5,2025-12-06T21:17:30+00:00,LOCO_02,COUPLING_COMPLETED,retrofit,,,,SCREW,0,2.0
8477.5,2025-12-06T21:17:30+00:00,LOCO_02,SHUNTING_PREP,retrofit,,,,,0,1.0
8478.5,2025-12-06T21:18:30+00:00,LOCO_02,MOVING,WS_02,retrofit,WS_02,,,0,5.0
8483.5,2025-12-06T21:23:30+00:00,LOCO_02,DECOUPLING_STARTED,WS_02,,,,SCREW,0,3.0
8486.5,2025-12-06T21:26:30+00:00,LOCO_02,DECOUPLING_COMPLETED,WS_02,,,,SCREW,0,3.0
8489.5,2025-12-06T21:29:30+00:00,LOCO_02,MOVING,track_19,WS_02,track_19,,,0,5.0
8494.5,2025-12-06T21:34:30+00:00,LOCO_02,MOVING,collection1,track_19,collection1,,,0,60.0
8554.5,2025-12-06T22:34:30+00:00,LOCO_02,ALLOCATED,,,,batch_transport,,0,0.0
8554.5,2025-12-06T22:34:30+00:00,LOCO_02,RAKE_COUPLING_STARTED,collection1,,,,SCREW,4,6.0
8560.5,2025-12-06T22:40:30+00:00,LOCO_02,RAKE_COUPLING_COMPLETED,collection1,,,,SCREW,4,6.0
8560.5,2025-12-06T22:40:30+00:00,LOCO_02,LOCO_COUPLING_STARTED,collection1,,,,SCREW,4,2.0
8562.5,2025-12-06T22:42:30+00:00,LOCO_02,LOCO_COUPLING_COMPLETED,collection1,,,,SCREW,4,2.0
8562.5,2025-12-06T22:42:30+00:00,LOCO_02,SHUNTING_PREP,collection1,,,,,4,1.0
8563.5,2025-12-06T22:43:30+00:00,LOCO_02,MOVING,retrofit,collection1,retrofit,,,0,60.0
8623.5,2025-12-06T23:43:30+00:00,LOCO_02,LOCO_DECOUPLING_STARTED,retrofit,,,,SCREW,4,3.0
8626.5,2025-12-06T23:46:30+00:00,LOCO_02,LOCO_DECOUPLING_COMPLETED,retrofit,,,,SCREW,4,3.0
8626.5,2025-12-06T23:46:30+00:00,LOCO_02,RAKE_DECOUPLING_STARTED,retrofit,,,,SCREW,4,9.0
8635.5,2025-12-06T23:55:30+00:00,LOCO_02,RAKE_DECOUPLING_COMPLETED,retrofit,,,,SCREW,4,9.0
8644.5,2025-12-07T00:04:30+00:00,LOCO_02,MOVING,track_19,retrofit,track_19,,,0,5.0
8649.5,2025-12-07T00:09:30+00:00,LOCO_02,PARKING,,,,,,0,0.0
8649.5,2025-12-07T00:09:30+00:00,LOCO_02,MOVING,WS_02,track_19,WS_02,,,0,5.0
8654.5,2025-12-07T00:14:30+00:00,LOCO_02,RAKE_COUPLING_STARTED,WS_02,,,,DAC,2,0.5
8655.0,2025-12-07T00:15:00+00:00,LOCO_02,RAKE_COUPLING_COMPLETED,WS_02,,,,DAC,2,0.5
8655.0,2025-12-07T00:15:00+00:00,LOCO_02,LOCO_COUPLING_STARTED,WS_02,,,,DAC,2,0.5
8655.5,2025-12-07T00:15:30+00:00,LOCO_02,LOCO_COUPLING_COMPLETED,WS_02,,,,DAC,2,0.5
8655.5,2025-12-07T00:15:30+00:00,LOCO_02,SHUNTING_PREP,WS_02,,,,,2,1.0
8656.5,2025-12-07T00:16:30+00:00,LOCO_02,MOVING,retrofitted,WS_02,retrofitted,,,0,5.0
8661.5,2025-12-07T00:21:30+00:00,LOCO_02,MOVING,track_19,retrofitted,track_19,,,0,7.0
8668.5,2025-12-07T00:28:30+00:00,LOCO_02,MOVING,retrofit,track_19,retrofit,,,0,5.0
8673.5,2025-12-07T00:33:30+00:00,LOCO_02,COUPLING_STARTED,retrofit,,,,SCREW,0,2.0
8675.5,2025-12-07T00:35:30+00:00,LOCO_02,COUPLING_COMPLETED,retrofit,,,,SCREW,0,2.0
8675.5,2025-12-07T00:35:30+00:00,LOCO_02,SHUNTING_PREP,retrofit,,,,,0,1.0
8676.5,2025-12-07T00:36:30+00:00,LOCO_02,MOVING,WS_01,retrofit,WS_01,,,0,5.0
8681.5,2025-12-07T00:41:30+00:00,LOCO_02,DECOUPLING_STARTED,WS_01,,,,SCREW,0,3.0
8684.5,2025-12-07T00:44:30+00:00,LOCO_02,DECOUPLING_COMPLETED,WS_01,,,,SCREW,0,3.0
8687.5,2025-12-07T00:47:30+00:00,LOCO_02,MOVING,track_19,WS_01,track_19,,,0,7.0
8694.5,2025-12-07T00:54:30+00:00,LOCO_02,MOVING,retrofit,track_19,retrofit,,,0,5.0
8699.5,2025-12-07T00:59:30+00:00,LOCO_02,COUPLING_STARTED,retrofit,,,,SCREW,0,2.0
8701.5,2025-12-07T01:01:30+00:00,LOCO_02,COUPLING_COMPLETED,retrofit,,,,SCREW,0,2.0
8701.5,2025-12-07T01:01:30+00:00,LOCO_02,SHUNTING_PREP,retrofit,,,,,0,1.0
8702.5,2025-12-07T01:02:30+00:00,LOCO_02,MOVING,WS_02,retrofit,WS_02,,,0,5.0
8707.5,2025-12-07T01:07:30+00:00,LOCO_02,DECOUPLING_STARTED,WS_02,,,,SCREW,0,3.0
8710.5,2025-12-07T01:10:30+00:00,LOCO_02,DECOUPLING_COMPLETED,WS_02,,,,SCREW,0,3.0
8713.5,2025-12-07T01:13:30+00:00,LOCO_02,MOVING,track_19,WS_02,track_19,,,0,5.0
8718.5,2025-12-07T01:18:30+00:00,LOCO_02,MOVING,collection2,track_19,collection2,,,0,60.0
8778.5,2025-12-07T02:18:30+00:00,LOCO_02,ALLOCATED,,,,batch_transport,,0,0.0
8778.5,2025-12-07T02:18:30+00:00,LOCO_02,RAKE_COUPLING_STARTED,collection2,,,,SCREW,2,2.0
8780.5,2025-12-07T02:20:30+00:00,LOCO_02,RAKE_COUPLING_COMPLETED,collection2,,,,SCREW,2,2.0
8780.5,2025-12-07T02:20:30+00:00,LOCO_02,LOCO_COUPLING_STARTED,collection2,,,,SCREW,2,2.0
8782.5,2025-12-07T02:22:30+00:00,LOCO_02,LOCO_COUPLING_COMPLETED,collection2,,,,SCREW,2,2.0
8782.5,2025-12-07T02:22:30+00:00,LOCO_02,SHUNTING_PREP,collection2,,,,,2,1.0
8783.5,2025-12-07T02:23:30+00:00,LOCO_02,MOVING,retrofit,collection2,retrofit,,,0,60.0
8843.5,2025-12-07T03:23:30+00:00,LOCO_02,LOCO_DECOUPLING_STARTED,retrofit,,,,SCREW,2,3.0
8846.5,2025-12-07T03:26:30+00:00,LOCO_02,LOCO_DECOUPLING_COMPLETED,retrofit,,,,SCREW,2,3.0
8846.5,2025-12-07T03:26:30+00:00,LOCO_02,RAKE_DECOUPLING_STARTED,retrofit,,,,SCREW,2,3.0
8849.5,2025-12-07T03:29:30+00:00,LOCO_02,RAKE_DECOUPLING_COMPLETED,retrofit,,,,SCREW,2,3.0
8852.5,2025-12-07T03:32:30+00:00,LOCO_02,MOVING,track_19,retrofit,track_19,,,0,5.0
8857.5,2025-12-07T03:37:30+00:00,LOCO_02,PARKING,,,,,,0,0.0
8857.5,2025-12-07T03:37:30+00:00,LOCO_02,MOVING,collection1,track_19,collection1,,,0,60.0
8917.5,2025-12-07T04:37:30+00:00,LOCO_02,ALLOCATED,,,,batch_transport,,0,0.0
8917.5,2025-12-07T04:37:30+00:00,LOCO_02,RAKE_COUPLING_STARTED,collection1,,,,SCREW,2,2.0
8919.5,2025-12-07T04:39:30+00:00,LOCO_02,RAKE_COUPLING_COMPLETED,collection1,,,,SCREW,2,2.0
8919.5,2025-12-07T04:39:30+00:00,LOCO_02,LOCO_COUPLING_STARTED,collection1,,,,SCREW,2,2.0
8921.5,2025-12-07T04:41:30+00:00,LOCO_02,LOCO_COUPLING_COMPLETED,collection1,,,,SCREW,2,2.0
8921.5,2025-12-07T04:41:30+00:00,LOCO_02,SHUNTING_PREP,collection1,,,,,2,1.0
8922.5,2025-12-07T04:42:30+00:00,LOCO_02,MOVING,retrofit,collection1,retrofit,,,0,60.0
8982.5,2025-12-07T05:42:30+00:00,LOCO_02,LOCO_DECOUPLING_STARTED,retrofit,,,,SCREW,2,3.0
8985.5,2025-12-07T05:45:30+00:00,LOCO_02,LOCO_DECOUPLING_COMPLETED,retrofit,,,,SCREW,2,3.0
8985.5,2025-12-07T05:45:30+00:00,LOCO_02,RAKE_DECOUPLING_STARTED,retrofit,,,,SCREW,2,3.0
8988.5,2025-12-07T05:48:30+00:00,LOCO_02,RAKE_DECOUPLING_COMPLETED,retrofit,,,,SCREW,2,3.0
8991.5,2025-12-07T05:51:30+00:00,LOCO_02,MOVING,track_19,retrofit,track_19,,,0,5.0
8996.5,2025-12-07T05:56:30+00:00,LOCO_02,PARKING,,,,,,0,0.0
8996.5,2025-12-07T05:56:30+00:00,LOCO_02,MOVING,WS_01,track_19,WS_01,,,0,5.0
9001.5,2025-12-07T06:01:30+00:00,LOCO_02,RAKE_COUPLING_STARTED,WS_01,,,,DAC,2,0.5
9002.0,2025-12-07T06:02:00+00:00,LOCO_02,RAKE_COUPLING_COMPLETED,WS_01,,,,DAC,2,0.5
9002.0,2025-12-07T06:02:00+00:00,LOCO_02,LOCO_COUPLING_STARTED,WS_01,,,,DAC,2,0.5
9002.5,2025-12-07T06:02:30+00:00,LOCO_02,LOCO_COUPLING_COMPLETED,WS_01,,,,DAC,2,0.5
9002.5,2025-12-07T06:02:30+00:00,LOCO_02,SHUNTING_PREP,WS_01,,,,,2,1.0
9003.5,2025-12-07T06:03:30+00:00,LOCO_02,MOVING,retrofitted,WS_01,retrofitted,,,0,5.0
9008.5,2025-12-07T06:08:30+00:00,LOCO_02,MOVING,track_19,retrofitted,track_19,,,0,5.0
9013.5,2025-12-07T06:13:30+00:00,LOCO_02,ALLOCATED,,,,batch_transport,,0,0.0
9013.5,2025-12-07T06:13:30+00:00,LOCO_02,MOVING,retrofitted,track_19,retrofitted,,,0,5.0
9018.5,2025-12-07T06:18:30+00:00,LOCO_02,RAKE_COUPLING_STARTED,retrofitted,,,,DAC,6,2.5
9021.0,2025-12-07T06:21:00+00:00,LOCO_02,RAKE_COUPLING_COMPLETED,retrofitted,,,,DAC,6,2.5
9021.0,2025-12-07T06:21:00+00:00,LOCO_02,LOCO_COUPLING_STARTED,retrofitted,,,,DAC,6,0.5
9021.5,2025-12-07T06:21:30+00:00,LOCO_02,LOCO_COUPLING_COMPLETED,retrofitted,,,,DAC,6,0.5
9021.5,2025-12-07T06:21:30+00:00,LOCO_02,SHUNTING_PREP,retrofitted,,,,,6,1.0
9022.5,2025-12-07T06:22:30+00:00,LOCO_02,MOVING,parking9,retrofitted,parking9,,,0,5.0
9027.5,2025-12-07T06:27:30+00:00,LOCO_02,LOCO_DECOUPLING_STARTED,parking9,,,,DAC,6,0.5
9028.0,2025-12-07T06:28:00+00:00,LOCO_02,LOCO_DECOUPLING_COMPLETED,parking9,,,,DAC,6,0.5
9028.0,2025-12-07T06:28:00+00:00,LOCO_02,RAKE_DECOUPLING_STARTED,parking9,,,,DAC,6,2.5
9030.5,2025-12-07T06:30:30+00:00,LOCO_02,RAKE_DECOUPLING_COMPLETED,parking9,,,,DAC,6,2.5
9033.0,2025-12-07T06:33:00+00:00,LOCO_02,MOVING,track_19,parking9,track_19,,,0,7.0
9040.0,2025-12-07T06:40:00+00:00,LOCO_02,MOVING,retrofit,track_19,retrofit,,,0,5.0
9045.0,2025-12-07T06:45:00+00:00,LOCO_02,COUPLING_STARTED,retrofit,,,,SCREW,0,2.0
9047.0,2025-12-07T06:47:00+00:00,LOCO_02,COUPLING_COMPLETED,retrofit,,,,SCREW,0,2.0
9047.0,2025-12-07T06:47:00+00:00,LOCO_02,SHUNTING_PREP,retrofit,,,,,0,1.0
9048.0,2025-12-07T06:48:00+00:00,LOCO_02,MOVING,WS_02,retrofit,WS_02,,,0,5.0
9053.0,2025-12-07T06:53:00+00:00,LOCO_02,DECOUPLING_STARTED,WS_02,,,,SCREW,0,3.0
9056.0,2025-12-07T06:56:00+00:00,LOCO_02,DECOUPLING_COMPLETED,WS_02,,,,SCREW,0,3.0
9059.0,2025-12-07T06:59:00+00:00,LOCO_02,MOVING,track_19,WS_02,track_19,,,0,5.0
9064.0,2025-12-07T07:04:00+00:00,LOCO_02,MOVING,collection1,track_19,collection1,,,0,60.0
9124.0,2025-12-07T08:04:00+00:00,LOCO_02,ALLOCATED,,,,batch_transport,,0,0.0
9124.0,2025-12-07T08:04:00+00:00,LOCO_02,LOCO_COUPLING_STARTED,collection1,,,,SCREW,1,2.0
9126.0,2025-12-07T08:06:00+00:00,LOCO_02,LOCO_COUPLING_COMPLETED,collection1,,,,SCREW,1,2.0
9126.0,2025-12-07T08:06:00+00:00,LOCO_02,SHUNTING_PREP,collection1,,,,,1,1.0
9127.0,2025-12-07T08:07:00+00:00,LOCO_02,MOVING,retrofit,collection1,retrofit,,,0,60.0
9187.0,2025-12-07T09:07:00+00:00,LOCO_02,LOCO_DECOUPLING_STARTED,retrofit,,,,SCREW,1,3.0
9190.0,2025-12-07T09:10:00+00:00,LOCO_02,MOVING,track_19,retrofit,track_19,,,0,0.0
9190.0,2025-12-07T09:10:00+00:00,LOCO_02,LOCO_DECOUPLING_COMPLETED,retrofit,,,,SCREW,1,3.0
9195.0,2025-12-07T09:15:00+00:00,LOCO_02,PARKING,,,,,,0,0.0
9195.0,2025-12-07T09:15:00+00:00,LOCO_02,MOVING,WS_01,track_19,WS_01,,,0,5.0
9200.0,2025-12-07T09:20:00+00:00,LOCO_02,RAKE_COUPLING_STARTED,WS_01,,,,DAC,2,0.5
9200.5,2025-12-07T09:20:30+00:00,LOCO_02,RAKE_COUPLING_COMPLETED,WS_01,,,,DAC,2,0.5
9200.5,2025-12-07T09:20:30+00:00,LOCO_02,LOCO_COUPLING_STARTED,WS_01,,,,DAC,2,0.5
9201.0,2025-12-07T09:21:00+00:00,LOCO_02,LOCO_COUPLING_COMPLETED,WS_01,,,,DAC,2,0.5
9201.0,2025-12-07T09:21:00+00:00,LOCO_02,SHUNTING_PREP,WS_01,,,,,2,1.0
9202.0,2025-12-07T09:22:00+00:00,LOCO_02,MOVING,retrofitted,WS_01,retrofitted,,,0,5.0
9207.0,2025-12-07T09:27:00+00:00,LOCO_02,MOVING,track_19,retrofitted,track_19,,,0,5.0
9212.0,2025-12-07T09:32:00+00:00,LOCO_02,MOVING,WS_02,track_19,WS_02,,,0,5.0
9217.0,2025-12-07T09:37:00+00:00,LOCO_02,RAKE_COUPLING_STARTED,WS_02,,,,DAC,2,0.5
9217.5,2025-12-07T09:37:30+00:00,LOCO_02,RAKE_COUPLING_COMPLETED,WS_02,,,,DAC,2,0.5
9217.5,2025-12-07T09:37:30+00:00,LOCO_02,LOCO_COUPLING_STARTED,WS_02,,,,DAC,2,0.5
9218.0,2025-12-07T09:38:00+00:00,LOCO_02,LOCO_COUPLING_COMPLETED,WS_02,,,,DAC,2,0.5
9218.0,2025-12-07T09:38:00+00:00,LOCO_02,SHUNTING_PREP,WS_02,,,,,2,1.0
9219.0,2025-12-07T09:39:00+00:00,LOCO_02,MOVING,retrofitted,WS_02,retrofitted,,,0,5.0
9224.0,2025-12-07T09:44:00+00:00,LOCO_02,MOVING,track_19,retrofitted,track_19,,,0,7.0
9231.0,2025-12-07T09:51:00+00:00,LOCO_02,MOVING,retrofit,track_19,retrofit,,,0,5.0
9236.0,2025-12-07T09:56:00+00:00,LOCO_02,COUPLING_STARTED,retrofit,,,,SCREW,0,2.0
9238.0,2025-12-07T09:58:00+00:00,LOCO_02,COUPLING_COMPLETED,retrofit,,,,SCREW,0,2.0
9238.0,2025-12-07T09:58:00+00:00,LOCO_02,SHUNTING_PREP,retrofit,,,,,0,1.0
9239.0,2025-12-07T09:59:00+00:00,LOCO_02,MOVING,WS_01,retrofit,WS_01,,,0,5.0
9244.0,2025-12-07T10:04:00+00:00,LOCO_02,DECOUPLING_STARTED,WS_01,,,,SCREW,0,3.0
9247.0,2025-12-07T10:07:00+00:00,LOCO_02,DECOUPLING_COMPLETED,WS_01,,,,SCREW,0,3.0
9250.0,2025-12-07T10:10:00+00:00,LOCO_02,MOVING,track_19,WS_01,track_19,,,0,5.0
9255.0,2025-12-07T10:15:00+00:00,LOCO_02,ALLOCATED,,,,batch_transport,,0,0.0
9255.0,2025-12-07T10:15:00+00:00,LOCO_02,MOVING,retrofitted,track_19,retrofitted,,,0,5.0
9260.0,2025-12-07T10:20:00+00:00,LOCO_02,RAKE_COUPLING_STARTED,retrofitted,,,,DAC,2,0.5
9260.5,2025-12-07T10:20:30+00:00,LOCO_02,RAKE_COUPLING_COMPLETED,retrofitted,,,,DAC,2,0.5
9260.5,2025-12-07T10:20:30+00:00,LOCO_02,LOCO_COUPLING_STARTED,retrofitted,,,,DAC,2,0.5
9261.0,2025-12-07T10:21:00+00:00,LOCO_02,LOCO_COUPLING_COMPLETED,retrofitted,,,,DAC,2,0.5
9261.0,2025-12-07T10:21:00+00:00,LOCO_02,SHUNTING_PREP,retrofitted,,,,,2,1.0
9262.0,2025-12-07T10:22:00+00:00,LOCO_02,MOVING,parking11,retrofitted,parking11,,,0,60.0
9322.0,2025-12-07T11:22:00+00:00,LOCO_02,LOCO_DECOUPLING_STARTED,parking11,,,,DAC,2,0.5
9322.5,2025-12-07T11:22:30+00:00,LOCO_02,LOCO_DECOUPLING_COMPLETED,parking11,,,,DAC,2,0.5
9322.5,2025-12-07T11:22:30+00:00,LOCO_02,RAKE_DECOUPLING_STARTED,parking11,,,,DAC,2,0.5
9323.0,2025-12-07T11:23:00+00:00,LOCO_02,RAKE_DECOUPLING_COMPLETED,parking11,,,,DAC,2,0.5
9323.5,2025-12-07T11:23:30+00:00,LOCO_02,MOVING,track_19,parking11,track_19,,,0,60.0
9383.5,2025-12-07T12:23:30+00:00,LOCO_02,MOVING,collection1,track_19,collection1,,,0,60.0
9443.5,2025-12-07T13:23:30+00:00,LOCO_02,ALLOCATED,,,,batch_transport,,0,0.0
9443.5,2025-12-07T13:23:30+00:00,LOCO_02,RAKE_COUPLING_STARTED,collection1,,,,SCREW,4,6.0
9449.5,2025-12-07T13:29:30+00:00,LOCO_02,RAKE_COUPLING_COMPLETED,collection1,,,,SCREW,4,6.0
9449.5,2025-12-07T13:29:30+00:00,LOCO_02,LOCO_COUPLING_STARTED,collection1,,,,SCREW,4,2.0
9451.5,2025-12-07T13:31:30+00:00,LOCO_02,LOCO_COUPLING_COMPLETED,collection1,,,,SCREW,4,2.0
9451.5,2025-12-07T13:31:30+00:00,LOCO_02,SHUNTING_PREP,collection1,,,,,4,1.0
9452.5,2025-12-07T13:32:30+00:00,LOCO_02,MOVING,retrofit,collection1,retrofit,,,0,60.0
9512.5,2025-12-07T14:32:30+00:00,LOCO_02,LOCO_DECOUPLING_STARTED,retrofit,,,,SCREW,4,3.0
9515.5,2025-12-07T14:35:30+00:00,LOCO_02,LOCO_DECOUPLING_COMPLETED,retrofit,,,,SCREW,4,3.0
9515.5,2025-12-07T14:35:30+00:00,LOCO_02,RAKE_DECOUPLING_STARTED,retrofit,,,,SCREW,4,9.0
9524.5,2025-12-07T14:44:30+00:00,LOCO_02,RAKE_DECOUPLING_COMPLETED,retrofit,,,,SCREW,4,9.0
9533.5,2025-12-07T14:53:30+00:00,LOCO_02,MOVING,track_19,retrofit,track_19,,,0,5.0
9538.5,2025-12-07T14:58:30+00:00,LOCO_02,PARKING,,,,,,0,0.0
9538.5,2025-12-07T14:58:30+00:00,LOCO_02,MOVING,WS_01,track_19,WS_01,,,0,5.0
9543.5,2025-12-07T15:03:30+00:00,LOCO_02,RAKE_COUPLING_STARTED,WS_01,,,,DAC,2,0.5
9544.0,2025-12-07T15:04:00+00:00,LOCO_02,RAKE_COUPLING_COMPLETED,WS_01,,,,DAC,2,0.5
9544.0,2025-12-07T15:04:00+00:00,LOCO_02,LOCO_COUPLING_STARTED,WS_01,,,,DAC,2,0.5
9544.5,2025-12-07T15:04:30+00:00,LOCO_02,LOCO_COUPLING_COMPLETED,WS_01,,,,DAC,2,0.5
9544.5,2025-12-07T15:04:30+00:00,LOCO_02,SHUNTING_PREP,WS_01,,,,,2,1.0
9545.5,2025-12-07T15:05:30+00:00,LOCO_02,MOVING,retrofitted,WS_01,retrofitted,,,0,5.0
9550.5,2025-12-07T15:10:30+00:00,LOCO_02,MOVING,track_19,retrofitted,track_19,,,0,5.0
9555.5,2025-12-07T15:15:30+00:00,LOCO_02,ALLOCATED,,,,batch_transport,,0,0.0
9555.5,2025-12-07T15:15:30+00:00,LOCO_02,MOVING,retrofitted,track_19,retrofitted,,,0,5.0
9560.5,2025-12-07T15:20:30+00:00,LOCO_02,RAKE_COUPLING_STARTED,retrofitted,,,,DAC,8,3.5
9564.0,2025-12-07T15:24:00+00:00,LOCO_02,RAKE_COUPLING_COMPLETED,retrofitted,,,,DAC,8,3.5
9564.0,2025-12-07T15:24:00+00:00,LOCO_02,LOCO_COUPLING_STARTED,retrofitted,,,,DAC,8,0.5
9564.5,2025-12-07T15:24:30+00:00,LOCO_02,LOCO_COUPLING_COMPLETED,retrofitted,,,,DAC,8,0.5
9564.5,2025-12-07T15:24:30+00:00,LOCO_02,SHUNTING_PREP,retrofitted,,,,,8,1.0
9565.5,2025-12-07T15:25:30+00:00,LOCO_02,MOVING,parking13,retrofitted,parking13,,,0,75.0
9640.5,2025-12-07T16:40:30+00:00,LOCO_02,LOCO_DECOUPLING_STARTED,parking13,,,,DAC,8,0.5
9641.0,2025-12-07T16:41:00+00:00,LOCO_02,LOCO_DECOUPLING_COMPLETED,parking13,,,,DAC,8,0.5
9641.0,2025-12-07T16:41:00+00:00,LOCO_02,RAKE_DECOUPLING_STARTED,parking13,,,,DAC,8,3.5
9644.5,2025-12-07T16:44:30+00:00,LOCO_02,RAKE_DECOUPLING_COMPLETED,parking13,,,,DAC,8,3.5
9648.0,2025-12-07T16:48:00+00:00,LOCO_02,MOVING,track_19,parking13,track_19,,,0,60.0
9708.0,2025-12-07T17:48:00+00:00,LOCO_02,MOVING,WS_01,track_19,WS_01,,,0,5.0
9713.0,2025-12-07T17:53:00+00:00,LOCO_02,RAKE_COUPLING_STARTED,WS_01,,,,DAC,2,0.5
9713.5,2025-12-07T17:53:30+00:00,LOCO_02,RAKE_COUPLING_COMPLETED,WS_01,,,,DAC,2,0.5
9713.5,2025-12-07T17:53:30+00:00,LOCO_02,LOCO_COUPLING_STARTED,WS_01,,,,DAC,2,0.5
9714.0,2025-12-07T17:54:00+00:00,LOCO_02,LOCO_COUPLING_COMPLETED,WS_01,,,,DAC,2,0.5
9714.0,2025-12-07T17:54:00+00:00,LOCO_02,SHUNTING_PREP,WS_01,,,,,2,1.0
9715.0,2025-12-07T17:55:00+00:00,LOCO_02,MOVING,retrofitted,WS_01,retrofitted,,,0,5.0
9720.0,2025-12-07T18:00:00+00:00,LOCO_02,MOVING,track_19,retrofitted,track_19,,,0,5.0
9725.0,2025-12-07T18:05:00+00:00,LOCO_02,MOVING,WS_02,track_19,WS_02,,,0,5.0
9730.0,2025-12-07T18:10:00+00:00,LOCO_02,RAKE_COUPLING_STARTED,WS_02,,,,DAC,2,0.5
9730.5,2025-12-07T18:10:30+00:00,LOCO_02,RAKE_COUPLING_COMPLETED,WS_02,,,,DAC,2,0.5
9730.5,2025-12-07T18:10:30+00:00,LOCO_02,LOCO_COUPLING_STARTED,WS_02,,,,DAC,2,0.5
9731.0,2025-12-07T18:11:00+00:00,LOCO_02,LOCO_COUPLING_COMPLETED,WS_02,,,,DAC,2,0.5
9731.0,2025-12-07T18:11:00+00:00,LOCO_02,SHUNTING_PREP,WS_02,,,,,2,1.0
9732.0,2025-12-07T18:12:00+00:00,LOCO_02,MOVING,retrofitted,WS_02,retrofitted,,,0,5.0
9737.0,2025-12-07T18:17:00+00:00,LOCO_02,MOVING,track_19,retrofitted,track_19,,,0,7.0
9744.0,2025-12-07T18:24:00+00:00,LOCO_02,MOVING,retrofit,track_19,retrofit,,,0,5.0
9749.0,2025-12-07T18:29:00+00:00,LOCO_02,COUPLING_STARTED,retrofit,,,,SCREW,0,2.0
9751.0,2025-12-07T18:31:00+00:00,LOCO_02,COUPLING_COMPLETED,retrofit,,,,SCREW,0,2.0
9751.0,2025-12-07T18:31:00+00:00,LOCO_02,SHUNTING_PREP,retrofit,,,,,0,1.0
9752.0,2025-12-07T18:32:00+00:00,LOCO_02,MOVING,WS_01,retrofit,WS_01,,,0,5.0
9757.0,2025-12-07T18:37:00+00:00,LOCO_02,DECOUPLING_STARTED,WS_01,,,,SCREW,0,3.0
9760.0,2025-12-07T18:40:00+00:00,LOCO_02,DECOUPLING_COMPLETED,WS_01,,,,SCREW,0,3.0
9763.0,2025-12-07T18:43:00+00:00,LOCO_02,MOVING,track_19,WS_01,track_19,,,0,7.0
9770.0,2025-12-07T18:50:00+00:00,LOCO_02,MOVING,retrofit,track_19,retrofit,,,0,5.0
9775.0,2025-12-07T18:55:00+00:00,LOCO_02,COUPLING_STARTED,retrofit,,,,SCREW,0,2.0
9777.0,2025-12-07T18:57:00+00:00,LOCO_02,COUPLING_COMPLETED,retrofit,,,,SCREW,0,2.0
9777.0,2025-12-07T18:57:00+00:00,LOCO_02,SHUNTING_PREP,retrofit,,,,,0,1.0
9778.0,2025-12-07T18:58:00+00:00,LOCO_02,MOVING,WS_02,retrofit,WS_02,,,0,5.0
9783.0,2025-12-07T19:03:00+00:00,LOCO_02,DECOUPLING_STARTED,WS_02,,,,SCREW,0,3.0
9786.0,2025-12-07T19:06:00+00:00,LOCO_02,DECOUPLING_COMPLETED,WS_02,,,,SCREW,0,3.0
9789.0,2025-12-07T19:09:00+00:00,LOCO_02,MOVING,track_19,WS_02,track_19,,,0,5.0
9794.0,2025-12-07T19:14:00+00:00,LOCO_02,ALLOCATED,,,,batch_transport,,0,0.0
9794.0,2025-12-07T19:14:00+00:00,LOCO_02,MOVING,retrofitted,track_19,retrofitted,,,0,5.0
9799.0,2025-12-07T19:19:00+00:00,LOCO_02,RAKE_COUPLING_STARTED,retrofitted,,,,DAC,4,1.5
9800.5,2025-12-07T19:20:30+00:00,LOCO_02,RAKE_COUPLING_COMPLETED,retrofitted,,,,DAC,4,1.5
9800.5,2025-12-07T19:20:30+00:00,LOCO_02,LOCO_COUPLING_STARTED,retrofitted,,,,DAC,4,0.5
9801.0,2025-12-07T19:21:00+00:00,LOCO_02,LOCO_COUPLING_COMPLETED,retrofitted,,,,DAC,4,0.5
9801.0,2025-12-07T19:21:00+00:00,LOCO_02,SHUNTING_PREP,retrofitted,,,,,4,1.0
9802.0,2025-12-07T19:22:00+00:00,LOCO_02,MOVING,parking15,retrofitted,parking15,,,0,75.0
9877.0,2025-12-07T20:37:00+00:00,LOCO_02,LOCO_DECOUPLING_STARTED,parking15,,,,DAC,4,0.5
9877.5,2025-12-07T20:37:30+00:00,LOCO_02,LOCO_DECOUPLING_COMPLETED,parking15,,,,DAC,4,0.5
9877.5,2025-12-07T20:37:30+00:00,LOCO_02,RAKE_DECOUPLING_STARTED,parking15,,,,DAC,4,1.5
9879.0,2025-12-07T20:39:00+00:00,LOCO_02,RAKE_DECOUPLING_COMPLETED,parking15,,,,DAC,4,1.5
9880.5,2025-12-07T20:40:30+00:00,LOCO_02,MOVING,track_19,parking15,track_19,,,0,62.0
9942.5,2025-12-07T21:42:30+00:00,LOCO_02,MOVING,retrofit,track_19,retrofit,,,0,5.0
9947.5,2025-12-07T21:47:30+00:00,LOCO_02,COUPLING_STARTED,retrofit,,,,SCREW,0,2.0
9949.5,2025-12-07T21:49:30+00:00,LOCO_02,COUPLING_COMPLETED,retrofit,,,,SCREW,0,2.0
9949.5,2025-12-07T21:49:30+00:00,LOCO_02,SHUNTING_PREP,retrofit,,,,,0,1.0
9950.5,2025-12-07T21:50:30+00:00,LOCO_02,MOVING,WS_01,retrofit,WS_01,,,0,5.0
9955.5,2025-12-07T21:55:30+00:00,LOCO_02,DECOUPLING_STARTED,WS_01,,,,SCREW,0,3.0
9958.5,2025-12-07T21:58:30+00:00,LOCO_02,DECOUPLING_COMPLETED,WS_01,,,,SCREW,0,3.0
9961.5,2025-12-07T22:01:30+00:00,LOCO_02,MOVING,track_19,WS_01,track_19,,,0,7.0
9968.5,2025-12-07T22:08:30+00:00,LOCO_02,MOVING,retrofit,track_19,retrofit,,,0,5.0
9973.5,2025-12-07T22:13:30+00:00,LOCO_02,COUPLING_STARTED,retrofit,,,,SCREW,0,2.0
9975.5,2025-12-07T22:15:30+00:00,LOCO_02,COUPLING_COMPLETED,retrofit,,,,SCREW,0,2.0
9975.5,2025-12-07T22:15:30+00:00,LOCO_02,SHUNTING_PREP,retrofit,,,,,0,1.0
9976.5,2025-12-07T22:16:30+00:00,LOCO_02,MOVING,WS_02,retrofit,WS_02,,,0,5.0
9981.5,2025-12-07T22:21:30+00:00,LOCO_02,DECOUPLING_STARTED,WS_02,,,,SCREW,0,3.0
9984.5,2025-12-07T22:24:30+00:00,LOCO_02,DECOUPLING_COMPLETED,WS_02,,,,SCREW,0,3.0
9987.5,2025-12-07T22:27:30+00:00,LOCO_02,MOVING,track_19,WS_02,track_19,,,0,34.5
10022.0,2025-12-07T23:02:00+00:00,LOCO_02,MOVING,WS_01,track_19,WS_01,,,0,5.0
10027.0,2025-12-07T23:07:00+00:00,LOCO_02,RAKE_COUPLING_STARTED,WS_01,,,,DAC,2,0.5
10027.5,2025-12-07T23:07:30+00:00,LOCO_02,RAKE_COUPLING_COMPLETED,WS_01,,,,DAC,2,0.5
10027.5,2025-12-07T23:07:30+00:00,LOCO_02,LOCO_COUPLING_STARTED,WS_01,,,,DAC,2,0.5
10028.0,2025-12-07T23:08:00+00:00,LOCO_02,LOCO_COUPLING_COMPLETED,WS_01,,,,DAC,2,0.5
10028.0,2025-12-07T23:08:00+00:00,LOCO_02,SHUNTING_PREP,WS_01,,,,,2,1.0
10029.0,2025-12-07T23:09:00+00:00,LOCO_02,MOVING,retrofitted,WS_01,retrofitted,,,0,5.0
10034.0,2025-12-07T23:14:00+00:00,LOCO_02,MOVING,track_19,retrofitted,track_19,,,0,7.0
10041.0,2025-12-07T23:21:00+00:00,LOCO_02,MOVING,retrofit,track_19,retrofit,,,0,5.0
10046.0,2025-12-07T23:26:00+00:00,LOCO_02,COUPLING_STARTED,retrofit,,,,SCREW,0,2.0
10048.0,2025-12-07T23:28:00+00:00,LOCO_02,COUPLING_COMPLETED,retrofit,,,,SCREW,0,2.0
10048.0,2025-12-07T23:28:00+00:00,LOCO_02,SHUNTING_PREP,retrofit,,,,,0,1.0
10049.0,2025-12-07T23:29:00+00:00,LOCO_02,MOVING,WS_01,retrofit,WS_01,,,0,5.0
10054.0,2025-12-07T23:34:00+00:00,LOCO_02,DECOUPLING_STARTED,WS_01,,,,SCREW,0,3.0
10057.0,2025-12-07T23:37:00+00:00,LOCO_02,DECOUPLING_COMPLETED,WS_01,,,,SCREW,0,3.0
10060.0,2025-12-07T23:40:00+00:00,LOCO_02,MOVING,track_19,WS_01,track_19,,,0,5.0
10065.0,2025-12-07T23:45:00+00:00,LOCO_02,MOVING,WS_02,track_19,WS_02,,,0,5.0
10070.0,2025-12-07T23:50:00+00:00,LOCO_02,RAKE_COUPLING_STARTED,WS_02,,,,DAC,2,0.5
10070.5,2025-12-07T23:50:30+00:00,LOCO_02,RAKE_COUPLING_COMPLETED,WS_02,,,,DAC,2,0.5
10070.5,2025-12-07T23:50:30+00:00,LOCO_02,LOCO_COUPLING_STARTED,WS_02,,,,DAC,2,0.5
10071.0,2025-12-07T23:51:00+00:00,LOCO_02,LOCO_COUPLING_COMPLETED,WS_02,,,,DAC,2,0.5
10071.0,2025-12-07T23:51:00+00:00,LOCO_02,SHUNTING_PREP,WS_02,,,,,2,1.0
10072.0,2025-12-07T23:52:00+00:00,LOCO_02,MOVING,retrofitted,WS_02,retrofitted,,,0,5.0
10077.0,2025-12-07T23:57:00+00:00,LOCO_02,MOVING,track_19,retrofitted,track_19,,,0,5.0
10082.0,2025-12-08T00:02:00+00:00,LOCO_02,MOVING,collection1,track_19,collection1,,,0,60.0
10142.0,2025-12-08T01:02:00+00:00,LOCO_02,ALLOCATED,,,,batch_transport,,0,0.0
10142.0,2025-12-08T01:02:00+00:00,LOCO_02,RAKE_COUPLING_STARTED,collection1,,,,SCREW,7,12.0
10154.0,2025-12-08T01:14:00+00:00,LOCO_02,RAKE_COUPLING_COMPLETED,collection1,,,,SCREW,7,12.0
10154.0,2025-12-08T01:14:00+00:00,LOCO_02,LOCO_COUPLING_STARTED,collection1,,,,SCREW,7,2.0
10156.0,2025-12-08T01:16:00+00:00,LOCO_02,LOCO_COUPLING_COMPLETED,collection1,,,,SCREW,7,2.0
10156.0,2025-12-08T01:16:00+00:00,LOCO_02,SHUNTING_PREP,collection1,,,,,7,1.0
10157.0,2025-12-08T01:17:00+00:00,LOCO_02,MOVING,retrofit,collection1,retrofit,,,0,60.0
10217.0,2025-12-08T02:17:00+00:00,LOCO_02,LOCO_DECOUPLING_STARTED,retrofit,,,,SCREW,7,3.0
10220.0,2025-12-08T02:20:00+00:00,LOCO_02,LOCO_DECOUPLING_COMPLETED,retrofit,,,,SCREW,7,3.0
10220.0,2025-12-08T02:20:00+00:00,LOCO_02,RAKE_DECOUPLING_STARTED,retrofit,,,,SCREW,7,18.0
10238.0,2025-12-08T02:38:00+00:00,LOCO_02,RAKE_DECOUPLING_COMPLETED,retrofit,,,,SCREW,7,18.0
10256.0,2025-12-08T02:56:00+00:00,LOCO_02,MOVING,track_19,retrofit,track_19,,,0,5.0
10261.0,2025-12-08T03:01:00+00:00,LOCO_02,PARKING,,,,,,0,0.0
10261.0,2025-12-08T03:01:00+00:00,LOCO_02,MOVING,WS_02,track_19,WS_02,,,0,5.0
10266.0,2025-12-08T03:06:00+00:00,LOCO_02,RAKE_COUPLING_STARTED,WS_02,,,,DAC,2,0.5
10266.5,2025-12-08T03:06:30+00:00,LOCO_02,RAKE_COUPLING_COMPLETED,WS_02,,,,DAC,2,0.5
10266.5,2025-12-08T03:06:30+00:00,LOCO_02,LOCO_COUPLING_STARTED,WS_02,,,,DAC,2,0.5
10267.0,2025-12-08T03:07:00+00:00,LOCO_02,LOCO_COUPLING_COMPLETED,WS_02,,,,DAC,2,0.5
10267.0,2025-12-08T03:07:00+00:00,LOCO_02,SHUNTING_PREP,WS_02,,,,,2,1.0
10268.0,2025-12-08T03:08:00+00:00,LOCO_02,MOVING,retrofitted,WS_02,retrofitted,,,0,5.0
10273.0,2025-12-08T03:13:00+00:00,LOCO_02,MOVING,track_19,retrofitted,track_19,,,0,7.0
10280.0,2025-12-08T03:20:00+00:00,LOCO_02,MOVING,retrofit,track_19,retrofit,,,0,5.0
10285.0,2025-12-08T03:25:00+00:00,LOCO_02,COUPLING_STARTED,retrofit,,,,SCREW,0,2.0
10287.0,2025-12-08T03:27:00+00:00,LOCO_02,COUPLING_COMPLETED,retrofit,,,,SCREW,0,2.0
10287.0,2025-12-08T03:27:00+00:00,LOCO_02,SHUNTING_PREP,retrofit,,,,,0,1.0
10288.0,2025-12-08T03:28:00+00:00,LOCO_02,MOVING,WS_01,retrofit,WS_01,,,0,5.0
10293.0,2025-12-08T03:33:00+00:00,LOCO_02,DECOUPLING_STARTED,WS_01,,,,SCREW,0,3.0
10296.0,2025-12-08T03:36:00+00:00,LOCO_02,DECOUPLING_COMPLETED,WS_01,,,,SCREW,0,3.0
10299.0,2025-12-08T03:39:00+00:00,LOCO_02,MOVING,track_19,WS_01,track_19,,,0,5.0
10304.0,2025-12-08T03:44:00+00:00,LOCO_02,MOVING,collection2,track_19,collection2,,,0,60.0
10364.0,2025-12-08T04:44:00+00:00,LOCO_02,ALLOCATED,,,,batch_transport,,0,0.0
10364.0,2025-12-08T04:44:00+00:00,LOCO_02,RAKE_COUPLING_STARTED,collection2,,,,SCREW,7,12.0
10376.0,2025-12-08T04:56:00+00:00,LOCO_02,RAKE_COUPLING_COMPLETED,collection2,,,,SCREW,7,12.0
10376.0,2025-12-08T04:56:00+00:00,LOCO_02,LOCO_COUPLING_STARTED,collection2,,,,SCREW,7,2.0
10378.0,2025-12-08T04:58:00+00:00,LOCO_02,LOCO_COUPLING_COMPLETED,collection2,,,,SCREW,7,2.0
10378.0,2025-12-08T04:58:00+00:00,LOCO_02,SHUNTING_PREP,collection2,,,,,7,1.0
10379.0,2025-12-08T04:59:00+00:00,LOCO_02,MOVING,retrofit,collection2,retrofit,,,0,60.0
10439.0,2025-12-08T05:59:00+00:00,LOCO_02,LOCO_DECOUPLING_STARTED,retrofit,,,,SCREW,7,3.0
10442.0,2025-12-08T06:02:00+00:00,LOCO_02,LOCO_DECOUPLING_COMPLETED,retrofit,,,,SCREW,7,3.0
10442.0,2025-12-08T06:02:00+00:00,LOCO_02,RAKE_DECOUPLING_STARTED,retrofit,,,,SCREW,7,18.0
10460.0,2025-12-08T06:20:00+00:00,LOCO_02,RAKE_DECOUPLING_COMPLETED,retrofit,,,,SCREW,7,18.0
10478.0,2025-12-08T06:38:00+00:00,LOCO_02,MOVING,track_19,retrofit,track_19,,,0,5.0
10483.0,2025-12-08T06:43:00+00:00,LOCO_02,PARKING,,,,,,0,2.0
10485.0,2025-12-08T06:45:00+00:00,LOCO_02,MOVING,retrofit,track_19,retrofit,,,0,5.0
10490.0,2025-12-08T06:50:00+00:00,LOCO_02,COUPLING_STARTED,retrofit,,,,SCREW,0,2.0
10492.0,2025-12-08T06:52:00+00:00,LOCO_02,COUPLING_COMPLETED,retrofit,,,,SCREW,0,2.0
10492.0,2025-12-08T06:52:00+00:00,LOCO_02,SHUNTING_PREP,retrofit,,,,,0,1.0
10493.0,2025-12-08T06:53:00+00:00,LOCO_02,MOVING,WS_02,retrofit,WS_02,,,0,5.0
10498.0,2025-12-08T06:58:00+00:00,LOCO_02,DECOUPLING_STARTED,WS_02,,,,SCREW,0,3.0
10501.0,2025-12-08T07:01:00+00:00,LOCO_02,DECOUPLING_COMPLETED,WS_02,,,,SCREW,0,3.0
10504.0,2025-12-08T07:04:00+00:00,LOCO_02,MOVING,track_19,WS_02,track_19,,,0,58.0
10562.0,2025-12-08T08:02:00+00:00,LOCO_02,MOVING,WS_01,track_19,WS_01,,,0,5.0
10567.0,2025-12-08T08:07:00+00:00,LOCO_02,RAKE_COUPLING_STARTED,WS_01,,,,DAC,2,0.5
10567.5,2025-12-08T08:07:30+00:00,LOCO_02,RAKE_COUPLING_COMPLETED,WS_01,,,,DAC,2,0.5
10567.5,2025-12-08T08:07:30+00:00,LOCO_02,LOCO_COUPLING_STARTED,WS_01,,,,DAC,2,0.5
10568.0,2025-12-08T08:08:00+00:00,LOCO_02,LOCO_COUPLING_COMPLETED,WS_01,,,,DAC,2,0.5
10568.0,2025-12-08T08:08:00+00:00,LOCO_02,SHUNTING_PREP,WS_01,,,,,2,1.0
10569.0,2025-12-08T08:09:00+00:00,LOCO_02,MOVING,retrofitted,WS_01,retrofitted,,,0,5.0
10574.0,2025-12-08T08:14:00+00:00,LOCO_02,MOVING,track_19,retrofitted,track_19,,,0,5.0
10579.0,2025-12-08T08:19:00+00:00,LOCO_02,MOVING,WS_02,track_19,WS_02,,,0,5.0
10584.0,2025-12-08T08:24:00+00:00,LOCO_02,RAKE_COUPLING_STARTED,WS_02,,,,DAC,2,0.5
10584.5,2025-12-08T08:24:30+00:00,LOCO_02,RAKE_COUPLING_COMPLETED,WS_02,,,,DAC,2,0.5
10584.5,2025-12-08T08:24:30+00:00,LOCO_02,LOCO_COUPLING_STARTED,WS_02,,,,DAC,2,0.5
10585.0,2025-12-08T08:25:00+00:00,LOCO_02,LOCO_COUPLING_COMPLETED,WS_02,,,,DAC,2,0.5
10585.0,2025-12-08T08:25:00+00:00,LOCO_02,SHUNTING_PREP,WS_02,,,,,2,1.0
10586.0,2025-12-08T08:26:00+00:00,LOCO_02,MOVING,retrofitted,WS_02,retrofitted,,,0,5.0
10591.0,2025-12-08T08:31:00+00:00,LOCO_02,MOVING,track_19,retrofitted,track_19,,,0,7.0
10598.0,2025-12-08T08:38:00+00:00,LOCO_02,MOVING,retrofit,track_19,retrofit,,,0,5.0
10603.0,2025-12-08T08:43:00+00:00,LOCO_02,COUPLING_STARTED,retrofit,,,,SCREW,0,2.0
10605.0,2025-12-08T08:45:00+00:00,LOCO_02,COUPLING_COMPLETED,retrofit,,,,SCREW,0,2.0
10605.0,2025-12-08T08:45:00+00:00,LOCO_02,SHUNTING_PREP,retrofit,,,,,0,1.0
10606.0,2025-12-08T08:46:00+00:00,LOCO_02,MOVING,WS_01,retrofit,WS_01,,,0,5.0
10611.0,2025-12-08T08:51:00+00:00,LOCO_02,DECOUPLING_STARTED,WS_01,,,,SCREW,0,3.0
10614.0,2025-12-08T08:54:00+00:00,LOCO_02,DECOUPLING_COMPLETED,WS_01,,,,SCREW,0,3.0
10617.0,2025-12-08T08:57:00+00:00,LOCO_02,MOVING,track_19,WS_01,track_19,,,0,7.0
10624.0,2025-12-08T09:04:00+00:00,LOCO_02,MOVING,retrofit,track_19,retrofit,,,0,5.0
10629.0,2025-12-08T09:09:00+00:00,LOCO_02,COUPLING_STARTED,retrofit,,,,SCREW,0,2.0
10631.0,2025-12-08T09:11:00+00:00,LOCO_02,COUPLING_COMPLETED,retrofit,,,,SCREW,0,2.0
10631.0,2025-12-08T09:11:00+00:00,LOCO_02,SHUNTING_PREP,retrofit,,,,,0,1.0
10632.0,2025-12-08T09:12:00+00:00,LOCO_02,MOVING,WS_02,retrofit,WS_02,,,0,5.0
10637.0,2025-12-08T09:17:00+00:00,LOCO_02,DECOUPLING_STARTED,WS_02,,,,SCREW,0,3.0
10640.0,2025-12-08T09:20:00+00:00,LOCO_02,DECOUPLING_COMPLETED,WS_02,,,,SCREW,0,3.0
10643.0,2025-12-08T09:23:00+00:00,LOCO_02,MOVING,track_19,WS_02,track_19,,,0,5.0
10648.0,2025-12-08T09:28:00+00:00,LOCO_02,MOVING,collection2,track_19,collection2,,,0,60.0
10708.0,2025-12-08T10:28:00+00:00,LOCO_02,ALLOCATED,,,,batch_transport,,0,0.0
10708.0,2025-12-08T10:28:00+00:00,LOCO_02,RAKE_COUPLING_STARTED,collection2,,,,SCREW,2,2.0
10710.0,2025-12-08T10:30:00+00:00,LOCO_02,RAKE_COUPLING_COMPLETED,collection2,,,,SCREW,2,2.0
10710.0,2025-12-08T10:30:00+00:00,LOCO_02,LOCO_COUPLING_STARTED,collection2,,,,SCREW,2,2.0
10712.0,2025-12-08T10:32:00+00:00,LOCO_02,LOCO_COUPLING_COMPLETED,collection2,,,,SCREW,2,2.0
10712.0,2025-12-08T10:32:00+00:00,LOCO_02,SHUNTING_PREP,collection2,,,,,2,1.0
10713.0,2025-12-08T10:33:00+00:00,LOCO_02,MOVING,retrofit,collection2,retrofit,,,0,60.0
10773.0,2025-12-08T11:33:00+00:00,LOCO_02,LOCO_DECOUPLING_STARTED,retrofit,,,,SCREW,2,3.0
10776.0,2025-12-08T11:36:00+00:00,LOCO_02,LOCO_DECOUPLING_COMPLETED,retrofit,,,,SCREW,2,3.0
10776.0,2025-12-08T11:36:00+00:00,LOCO_02,RAKE_DECOUPLING_STARTED,retrofit,,,,SCREW,2,3.0
10779.0,2025-12-08T11:39:00+00:00,LOCO_02,RAKE_DECOUPLING_COMPLETED,retrofit,,,,SCREW,2,3.0
10782.0,2025-12-08T11:42:00+00:00,LOCO_02,MOVING,track_19,retrofit,track_19,,,0,5.0
10787.0,2025-12-08T11:47:00+00:00,LOCO_02,PARKING,,,,,,0,0.0
10787.0,2025-12-08T11:47:00+00:00,LOCO_02,MOVING,WS_01,track_19,WS_01,,,0,5.0
10792.0,2025-12-08T11:52:00+00:00,LOCO_02,RAKE_COUPLING_STARTED,WS_01,,,,DAC,2,0.5
10792.5,2025-12-08T11:52:30+00:00,LOCO_02,RAKE_COUPLING_COMPLETED,WS_01,,,,DAC,2,0.5
10792.5,2025-12-08T11:52:30+00:00,LOCO_02,LOCO_COUPLING_STARTED,WS_01,,,,DAC,2,0.5
10793.0,2025-12-08T11:53:00+00:00,LOCO_02,LOCO_COUPLING_COMPLETED,WS_01,,,,DAC,2,0.5
10793.0,2025-12-08T11:53:00+00:00,LOCO_02,SHUNTING_PREP,WS_01,,,,,2,1.0
10794.0,2025-12-08T11:54:00+00:00,LOCO_02,MOVING,retrofitted,WS_01,retrofitted,,,0,5.0
10799.0,2025-12-08T11:59:00+00:00,LOCO_02,MOVING,track_19,retrofitted,track_19,,,0,5.0
10804.0,2025-12-08T12:04:00+00:00,LOCO_02,ALLOCATED,,,,batch_transport,,0,0.0
10804.0,2025-12-08T12:04:00+00:00,LOCO_02,MOVING,retrofitted,track_19,retrofitted,,,0,5.0
10809.0,2025-12-08T12:09:00+00:00,LOCO_02,RAKE_COUPLING_STARTED,retrofitted,,,,DAC,8,3.5
10812.5,2025-12-08T12:12:30+00:00,LOCO_02,RAKE_COUPLING_COMPLETED,retrofitted,,,,DAC,8,3.5
10812.5,2025-12-08T12:12:30+00:00,LOCO_02,LOCO_COUPLING_STARTED,retrofitted,,,,DAC,8,0.5
10813.0,2025-12-08T12:13:00+00:00,LOCO_02,LOCO_COUPLING_COMPLETED,retrofitted,,,,DAC,8,0.5
10813.0,2025-12-08T12:13:00+00:00,LOCO_02,SHUNTING_PREP,retrofitted,,,,,8,1.0
10814.0,2025-12-08T12:14:00+00:00,LOCO_02,MOVING,parking14,retrofitted,parking14,,,0,75.0
10889.0,2025-12-08T13:29:00+00:00,LOCO_02,LOCO_DECOUPLING_STARTED,parking14,,,,DAC,8,0.5
10889.5,2025-12-08T13:29:30+00:00,LOCO_02,LOCO_DECOUPLING_COMPLETED,parking14,,,,DAC,8,0.5
10889.5,2025-12-08T13:29:30+00:00,LOCO_02,RAKE_DECOUPLING_STARTED,parking14,,,,DAC,8,3.5
10893.0,2025-12-08T13:33:00+00:00,LOCO_02,RAKE_DECOUPLING_COMPLETED,parking14,,,,DAC,8,3.5
10896.5,2025-12-08T13:36:30+00:00,LOCO_02,MOVING,track_19,parking14,track_19,,,0,60.0
10956.5,2025-12-08T14:36:30+00:00,LOCO_02,MOVING,WS_01,track_19,WS_01,,,0,5.0
10961.5,2025-12-08T14:41:30+00:00,LOCO_02,RAKE_COUPLING_STARTED,WS_01,,,,DAC,2,0.5
10962.0,2025-12-08T14:42:00+00:00,LOCO_02,RAKE_COUPLING_COMPLETED,WS_01,,,,DAC,2,0.5
10962.0,2025-12-08T14:42:00+00:00,LOCO_02,LOCO_COUPLING_STARTED,WS_01,,,,DAC,2,0.5
10962.5,2025-12-08T14:42:30+00:00,LOCO_02,LOCO_COUPLING_COMPLETED,WS_01,,,,DAC,2,0.5
10962.5,2025-12-08T14:42:30+00:00,LOCO_02,SHUNTING_PREP,WS_01,,,,,2,1.0
10963.5,2025-12-08T14:43:30+00:00,LOCO_02,MOVING,retrofitted,WS_01,retrofitted,,,0,5.0
10968.5,2025-12-08T14:48:30+00:00,LOCO_02,MOVING,track_19,retrofitted,track_19,,,0,5.0
10973.5,2025-12-08T14:53:30+00:00,LOCO_02,MOVING,WS_02,track_19,WS_02,,,0,5.0
10978.5,2025-12-08T14:58:30+00:00,LOCO_02,RAKE_COUPLING_STARTED,WS_02,,,,DAC,2,0.5
10979.0,2025-12-08T14:59:00+00:00,LOCO_02,RAKE_COUPLING_COMPLETED,WS_02,,,,DAC,2,0.5
10979.0,2025-12-08T14:59:00+00:00,LOCO_02,LOCO_COUPLING_STARTED,WS_02,,,,DAC,2,0.5
10979.5,2025-12-08T14:59:30+00:00,LOCO_02,LOCO_COUPLING_COMPLETED,WS_02,,,,DAC,2,0.5
10979.5,2025-12-08T14:59:30+00:00,LOCO_02,SHUNTING_PREP,WS_02,,,,,2,1.0
10980.5,2025-12-08T15:00:30+00:00,LOCO_02,MOVING,retrofitted,WS_02,retrofitted,,,0,5.0
10985.5,2025-12-08T15:05:30+00:00,LOCO_02,MOVING,track_19,retrofitted,track_19,,,0,7.0
10992.5,2025-12-08T15:12:30+00:00,LOCO_02,MOVING,retrofit,track_19,retrofit,,,0,5.0
10997.5,2025-12-08T15:17:30+00:00,LOCO_02,COUPLING_STARTED,retrofit,,,,SCREW,0,2.0
10999.5,2025-12-08T15:19:30+00:00,LOCO_02,COUPLING_COMPLETED,retrofit,,,,SCREW,0,2.0
10999.5,2025-12-08T15:19:30+00:00,LOCO_02,SHUNTING_PREP,retrofit,,,,,0,1.0
11000.5,2025-12-08T15:20:30+00:00,LOCO_02,MOVING,WS_01,retrofit,WS_01,,,0,5.0
11005.5,2025-12-08T15:25:30+00:00,LOCO_02,DECOUPLING_STARTED,WS_01,,,,SCREW,0,3.0
11008.5,2025-12-08T15:28:30+00:00,LOCO_02,DECOUPLING_COMPLETED,WS_01,,,,SCREW,0,3.0
11011.5,2025-12-08T15:31:30+00:00,LOCO_02,MOVING,track_19,WS_01,track_19,,,0,7.0
11018.5,2025-12-08T15:38:30+00:00,LOCO_02,MOVING,retrofit,track_19,retrofit,,,0,5.0
11023.5,2025-12-08T15:43:30+00:00,LOCO_02,COUPLING_STARTED,retrofit,,,,SCREW,0,2.0
11025.5,2025-12-08T15:45:30+00:00,LOCO_02,COUPLING_COMPLETED,retrofit,,,,SCREW,0,2.0
11025.5,2025-12-08T15:45:30+00:00,LOCO_02,SHUNTING_PREP,retrofit,,,,,0,1.0
11026.5,2025-12-08T15:46:30+00:00,LOCO_02,MOVING,WS_02,retrofit,WS_02,,,0,5.0
11031.5,2025-12-08T15:51:30+00:00,LOCO_02,DECOUPLING_STARTED,WS_02,,,,SCREW,0,3.0
11034.5,2025-12-08T15:54:30+00:00,LOCO_02,DECOUPLING_COMPLETED,WS_02,,,,SCREW,0,3.0
11037.5,2025-12-08T15:57:30+00:00,LOCO_02,MOVING,track_19,WS_02,track_19,,,0,5.0
11042.5,2025-12-08T16:02:30+00:00,LOCO_02,ALLOCATED,,,,batch_transport,,0,0.0
11042.5,2025-12-08T16:02:30+00:00,LOCO_02,MOVING,retrofitted,track_19,retrofitted,,,0,5.0
11047.5,2025-12-08T16:07:30+00:00,LOCO_02,RAKE_COUPLING_STARTED,retrofitted,,,,DAC,4,1.5
11049.0,2025-12-08T16:09:00+00:00,LOCO_02,RAKE_COUPLING_COMPLETED,retrofitted,,,,DAC,4,1.5
11049.0,2025-12-08T16:09:00+00:00,LOCO_02,LOCO_COUPLING_STARTED,retrofitted,,,,DAC,4,0.5
11049.5,2025-12-08T16:09:30+00:00,LOCO_02,LOCO_COUPLING_COMPLETED,retrofitted,,,,DAC,4,0.5
11049.5,2025-12-08T16:09:30+00:00,LOCO_02,SHUNTING_PREP,retrofitted,,,,,4,1.0
11050.5,2025-12-08T16:10:30+00:00,LOCO_02,MOVING,parking16,retrofitted,parking16,,,0,120.0
11170.5,2025-12-08T18:10:30+00:00,LOCO_02,LOCO_DECOUPLING_STARTED,parking16,,,,DAC,4,0.5
11171.0,2025-12-08T18:11:00+00:00,LOCO_02,LOCO_DECOUPLING_COMPLETED,parking16,,,,DAC,4,0.5
11171.0,2025-12-08T18:11:00+00:00,LOCO_02,RAKE_DECOUPLING_STARTED,parking16,,,,DAC,4,1.5
11172.5,2025-12-08T18:12:30+00:00,LOCO_02,RAKE_DECOUPLING_COMPLETED,parking16,,,,DAC,4,1.5
11174.0,2025-12-08T18:14:00+00:00,LOCO_02,MOVING,track_19,parking16,track_19,,,0,60.0
11234.0,2025-12-08T19:14:00+00:00,LOCO_02,MOVING,collection2,track_19,collection2,,,0,60.0
11294.0,2025-12-08T20:14:00+00:00,LOCO_02,ALLOCATED,,,,batch_transport,,0,0.0
11294.0,2025-12-08T20:14:00+00:00,LOCO_02,RAKE_COUPLING_STARTED,collection2,,,,SCREW,6,10.0
11304.0,2025-12-08T20:24:00+00:00,LOCO_02,RAKE_COUPLING_COMPLETED,collection2,,,,SCREW,6,10.0
11304.0,2025-12-08T20:24:00+00:00,LOCO_02,LOCO_COUPLING_STARTED,collection2,,,,SCREW,6,2.0
11306.0,2025-12-08T20:26:00+00:00,LOCO_02,LOCO_COUPLING_COMPLETED,collection2,,,,SCREW,6,2.0
11306.0,2025-12-08T20:26:00+00:00,LOCO_02,SHUNTING_PREP,collection2,,,,,6,1.0
11307.0,2025-12-08T20:27:00+00:00,LOCO_02,MOVING,retrofit,collection2,retrofit,,,0,60.0
11367.0,2025-12-08T21:27:00+00:00,LOCO_02,LOCO_DECOUPLING_STARTED,retrofit,,,,SCREW,6,3.0
11370.0,2025-12-08T21:30:00+00:00,LOCO_02,LOCO_DECOUPLING_COMPLETED,retrofit,,,,SCREW,6,3.0
11370.0,2025-12-08T21:30:00+00:00,LOCO_02,RAKE_DECOUPLING_STARTED,retrofit,,,,SCREW,6,15.0
11385.0,2025-12-08T21:45:00+00:00,LOCO_02,RAKE_DECOUPLING_COMPLETED,retrofit,,,,SCREW,6,15.0
11400.0,2025-12-08T22:00:00+00:00,LOCO_02,MOVING,track_19,retrofit,track_19,,,0,5.0
11405.0,2025-12-08T22:05:00+00:00,LOCO_02,PARKING,,,,,,0,2.0
11407.0,2025-12-08T22:07:00+00:00,LOCO_02,MOVING,retrofit,track_19,retrofit,,,0,5.0
11412.0,2025-12-08T22:12:00+00:00,LOCO_02,COUPLING_STARTED,retrofit,,,,SCREW,0,2.0
11414.0,2025-12-08T22:14:00+00:00,LOCO_02,COUPLING_COMPLETED,retrofit,,,,SCREW,0,2.0
11414.0,2025-12-08T22:14:00+00:00,LOCO_02,SHUNTING_PREP,retrofit,,,,,0,1.0
11415.0,2025-12-08T22:15:00+00:00,LOCO_02,MOVING,WS_01,retrofit,WS_01,,,0,5.0
11420.0,2025-12-08T22:20:00+00:00,LOCO_02,DECOUPLING_STARTED,WS_01,,,,SCREW,0,3.0
11423.0,2025-12-08T22:23:00+00:00,LOCO_02,DECOUPLING_COMPLETED,WS_01,,,,SCREW,0,3.0
11426.0,2025-12-08T22:26:00+00:00,LOCO_02,MOVING,track_19,WS_01,track_19,,,0,7.0
11433.0,2025-12-08T22:33:00+00:00,LOCO_02,MOVING,retrofit,track_19,retrofit,,,0,5.0
11438.0,2025-12-08T22:38:00+00:00,LOCO_02,COUPLING_STARTED,retrofit,,,,SCREW,0,2.0
11440.0,2025-12-08T22:40:00+00:00,LOCO_02,COUPLING_COMPLETED,retrofit,,,,SCREW,0,2.0
11440.0,2025-12-08T22:40:00+00:00,LOCO_02,SHUNTING_PREP,retrofit,,,,,0,1.0
11441.0,2025-12-08T22:41:00+00:00,LOCO_02,MOVING,WS_02,retrofit,WS_02,,,0,5.0
11446.0,2025-12-08T22:46:00+00:00,LOCO_02,DECOUPLING_STARTED,WS_02,,,,SCREW,0,3.0
11449.0,2025-12-08T22:49:00+00:00,LOCO_02,DECOUPLING_COMPLETED,WS_02,,,,SCREW,0,3.0
11452.0,2025-12-08T22:52:00+00:00,LOCO_02,MOVING,track_19,WS_02,track_19,,,0,5.0
11457.0,2025-12-08T22:57:00+00:00,LOCO_02,MOVING,collection1,track_19,collection1,,,0,60.0
11517.0,2025-12-08T23:57:00+00:00,LOCO_02,ALLOCATED,,,,batch_transport,,0,0.0
11517.0,2025-12-08T23:57:00+00:00,LOCO_02,RAKE_COUPLING_STARTED,collection1,,,,SCREW,3,4.0
11521.0,2025-12-09T00:01:00+00:00,LOCO_02,RAKE_COUPLING_COMPLETED,collection1,,,,SCREW,3,4.0
11521.0,2025-12-09T00:01:00+00:00,LOCO_02,LOCO_COUPLING_STARTED,collection1,,,,SCREW,3,2.0
11523.0,2025-12-09T00:03:00+00:00,LOCO_02,LOCO_COUPLING_COMPLETED,collection1,,,,SCREW,3,2.0
11523.0,2025-12-09T00:03:00+00:00,LOCO_02,SHUNTING_PREP,collection1,,,,,3,1.0
11524.0,2025-12-09T00:04:00+00:00,LOCO_02,MOVING,retrofit,collection1,retrofit,,,0,60.0
11584.0,2025-12-09T01:04:00+00:00,LOCO_02,LOCO_DECOUPLING_STARTED,retrofit,,,,SCREW,3,3.0
11587.0,2025-12-09T01:07:00+00:00,LOCO_02,LOCO_DECOUPLING_COMPLETED,retrofit,,,,SCREW,3,3.0
11587.0,2025-12-09T01:07:00+00:00,LOCO_02,RAKE_DECOUPLING_STARTED,retrofit,,,,SCREW,3,6.0
11593.0,2025-12-09T01:13:00+00:00,LOCO_02,RAKE_DECOUPLING_COMPLETED,retrofit,,,,SCREW,3,6.0
11599.0,2025-12-09T01:19:00+00:00,LOCO_02,MOVING,track_19,retrofit,track_19,,,0,5.0
11604.0,2025-12-09T01:24:00+00:00,LOCO_02,PARKING,,,,,,0,2.0
11606.0,2025-12-09T01:26:00+00:00,LOCO_02,MOVING,retrofit,track_19,retrofit,,,0,5.0
11611.0,2025-12-09T01:31:00+00:00,LOCO_02,COUPLING_STARTED,retrofit,,,,SCREW,0,2.0
11613.0,2025-12-09T01:33:00+00:00,LOCO_02,COUPLING_COMPLETED,retrofit,,,,SCREW,0,2.0
11613.0,2025-12-09T01:33:00+00:00,LOCO_02,SHUNTING_PREP,retrofit,,,,,0,1.0
11614.0,2025-12-09T01:34:00+00:00,LOCO_02,MOVING,WS_02,retrofit,WS_02,,,0,5.0
11619.0,2025-12-09T01:39:00+00:00,LOCO_02,DECOUPLING_STARTED,WS_02,,,,SCREW,0,3.0
11622.0,2025-12-09T01:42:00+00:00,LOCO_02,DECOUPLING_COMPLETED,WS_02,,,,SCREW,0,3.0
11625.0,2025-12-09T01:45:00+00:00,LOCO_02,MOVING,track_19,WS_02,track_19,,,0,50.0
11675.0,2025-12-09T02:35:00+00:00,LOCO_02,ALLOCATED,,,,batch_transport,,0,0.0
11675.0,2025-12-09T02:35:00+00:00,LOCO_02,MOVING,retrofitted,track_19,retrofitted,,,0,5.0
11680.0,2025-12-09T02:40:00+00:00,LOCO_02,RAKE_COUPLING_STARTED,retrofitted,,,,DAC,4,1.5
11681.5,2025-12-09T02:41:30+00:00,LOCO_02,RAKE_COUPLING_COMPLETED,retrofitted,,,,DAC,4,1.5
11681.5,2025-12-09T02:41:30+00:00,LOCO_02,LOCO_COUPLING_STARTED,retrofitted,,,,DAC,4,0.5
11682.0,2025-12-09T02:42:00+00:00,LOCO_02,LOCO_COUPLING_COMPLETED,retrofitted,,,,DAC,4,0.5
11682.0,2025-12-09T02:42:00+00:00,LOCO_02,SHUNTING_PREP,retrofitted,,,,,4,1.0
11683.0,2025-12-09T02:43:00+00:00,LOCO_02,MOVING,parking6,retrofitted,parking6,,,0,5.0
11688.0,2025-12-09T02:48:00+00:00,LOCO_02,LOCO_DECOUPLING_STARTED,parking6,,,,DAC,4,0.5
11688.5,2025-12-09T02:48:30+00:00,LOCO_02,LOCO_DECOUPLING_COMPLETED,parking6,,,,DAC,4,0.5
11688.5,2025-12-09T02:48:30+00:00,LOCO_02,RAKE_DECOUPLING_STARTED,parking6,,,,DAC,4,1.5
11690.0,2025-12-09T02:50:00+00:00,LOCO_02,RAKE_DECOUPLING_COMPLETED,parking6,,,,DAC,4,1.5
11691.5,2025-12-09T02:51:30+00:00,LOCO_02,MOVING,track_19,parking6,track_19,,,0,5.0
11696.5,2025-12-09T02:56:30+00:00,LOCO_02,MOVING,WS_02,track_19,WS_02,,,0,5.0
11701.5,2025-12-09T03:01:30+00:00,LOCO_02,RAKE_COUPLING_STARTED,WS_02,,,,DAC,2,0.5
11702.0,2025-12-09T03:02:00+00:00,LOCO_02,RAKE_COUPLING_COMPLETED,WS_02,,,,DAC,2,0.5
11702.0,2025-12-09T03:02:00+00:00,LOCO_02,LOCO_COUPLING_STARTED,WS_02,,,,DAC,2,0.5
11702.5,2025-12-09T03:02:30+00:00,LOCO_02,LOCO_COUPLING_COMPLETED,WS_02,,,,DAC,2,0.5
11702.5,2025-12-09T03:02:30+00:00,LOCO_02,SHUNTING_PREP,WS_02,,,,,2,1.0
11703.5,2025-12-09T03:03:30+00:00,LOCO_02,MOVING,retrofitted,WS_02,retrofitted,,,0,5.0
11708.5,2025-12-09T03:08:30+00:00,LOCO_02,MOVING,track_19,retrofitted,track_19,,,0,5.0
11713.5,2025-12-09T03:13:30+00:00,LOCO_02,MOVING,collection2,track_19,collection2,,,0,60.0
11773.5,2025-12-09T04:13:30+00:00,LOCO_02,ALLOCATED,,,,batch_transport,,0,0.0
11773.5,2025-12-09T04:13:30+00:00,LOCO_02,RAKE_COUPLING_STARTED,collection2,,,,SCREW,2,2.0
11775.5,2025-12-09T04:15:30+00:00,LOCO_02,RAKE_COUPLING_COMPLETED,collection2,,,,SCREW,2,2.0
11775.5,2025-12-09T04:15:30+00:00,LOCO_02,LOCO_COUPLING_STARTED,collection2,,,,SCREW,2,2.0
11777.5,2025-12-09T04:17:30+00:00,LOCO_02,LOCO_COUPLING_COMPLETED,collection2,,,,SCREW,2,2.0
11777.5,2025-12-09T04:17:30+00:00,LOCO_02,SHUNTING_PREP,collection2,,,,,2,1.0
11778.5,2025-12-09T04:18:30+00:00,LOCO_02,MOVING,retrofit,collection2,retrofit,,,0,60.0
11838.5,2025-12-09T05:18:30+00:00,LOCO_02,LOCO_DECOUPLING_STARTED,retrofit,,,,SCREW,2,3.0
11841.5,2025-12-09T05:21:30+00:00,LOCO_02,LOCO_DECOUPLING_COMPLETED,retrofit,,,,SCREW,2,3.0
11841.5,2025-12-09T05:21:30+00:00,LOCO_02,RAKE_DECOUPLING_STARTED,retrofit,,,,SCREW,2,3.0
11844.5,2025-12-09T05:24:30+00:00,LOCO_02,RAKE_DECOUPLING_COMPLETED,retrofit,,,,SCREW,2,3.0
11847.5,2025-12-09T05:27:30+00:00,LOCO_02,MOVING,track_19,retrofit,track_19,,,0,5.0
11852.5,2025-12-09T05:32:30+00:00,LOCO_02,PARKING,,,,,,0,0.0
11852.5,2025-12-09T05:32:30+00:00,LOCO_02,MOVING,WS_01,track_19,WS_01,,,0,5.0
11857.5,2025-12-09T05:37:30+00:00,LOCO_02,RAKE_COUPLING_STARTED,WS_01,,,,DAC,2,0.5
11858.0,2025-12-09T05:38:00+00:00,LOCO_02,RAKE_COUPLING_COMPLETED,WS_01,,,,DAC,2,0.5
11858.0,2025-12-09T05:38:00+00:00,LOCO_02,LOCO_COUPLING_STARTED,WS_01,,,,DAC,2,0.5
11858.5,2025-12-09T05:38:30+00:00,LOCO_02,LOCO_COUPLING_COMPLETED,WS_01,,,,DAC,2,0.5
11858.5,2025-12-09T05:38:30+00:00,LOCO_02,SHUNTING_PREP,WS_01,,,,,2,1.0
11859.5,2025-12-09T05:39:30+00:00,LOCO_02,MOVING,retrofitted,WS_01,retrofitted,,,0,5.0
11864.5,2025-12-09T05:44:30+00:00,LOCO_02,MOVING,track_19,retrofitted,track_19,,,0,5.0
11869.5,2025-12-09T05:49:30+00:00,LOCO_02,MOVING,WS_02,track_19,WS_02,,,0,5.0
11874.5,2025-12-09T05:54:30+00:00,LOCO_02,RAKE_COUPLING_STARTED,WS_02,,,,DAC,2,0.5
11875.0,2025-12-09T05:55:00+00:00,LOCO_02,RAKE_COUPLING_COMPLETED,WS_02,,,,DAC,2,0.5
11875.0,2025-12-09T05:55:00+00:00,LOCO_02,LOCO_COUPLING_STARTED,WS_02,,,,DAC,2,0.5
11875.5,2025-12-09T05:55:30+00:00,LOCO_02,LOCO_COUPLING_COMPLETED,WS_02,,,,DAC,2,0.5
11875.5,2025-12-09T05:55:30+00:00,LOCO_02,SHUNTING_PREP,WS_02,,,,,2,1.0
11876.5,2025-12-09T05:56:30+00:00,LOCO_02,MOVING,retrofitted,WS_02,retrofitted,,,0,5.0
11881.5,2025-12-09T06:01:30+00:00,LOCO_02,MOVING,track_19,retrofitted,track_19,,,0,7.0
11888.5,2025-12-09T06:08:30+00:00,LOCO_02,MOVING,retrofit,track_19,retrofit,,,0,5.0
11893.5,2025-12-09T06:13:30+00:00,LOCO_02,COUPLING_STARTED,retrofit,,,,SCREW,0,2.0
11895.5,2025-12-09T06:15:30+00:00,LOCO_02,COUPLING_COMPLETED,retrofit,,,,SCREW,0,2.0
11895.5,2025-12-09T06:15:30+00:00,LOCO_02,SHUNTING_PREP,retrofit,,,,,0,1.0
11896.5,2025-12-09T06:16:30+00:00,LOCO_02,MOVING,WS_01,retrofit,WS_01,,,0,5.0
11901.5,2025-12-09T06:21:30+00:00,LOCO_02,DECOUPLING_STARTED,WS_01,,,,SCREW,0,3.0
11904.5,2025-12-09T06:24:30+00:00,LOCO_02,DECOUPLING_COMPLETED,WS_01,,,,SCREW,0,3.0
11907.5,2025-12-09T06:27:30+00:00,LOCO_02,MOVING,track_19,WS_01,track_19,,,0,7.0
11914.5,2025-12-09T06:34:30+00:00,LOCO_02,MOVING,retrofit,track_19,retrofit,,,0,5.0
11919.5,2025-12-09T06:39:30+00:00,LOCO_02,COUPLING_STARTED,retrofit,,,,SCREW,0,2.0
11921.5,2025-12-09T06:41:30+00:00,LOCO_02,COUPLING_COMPLETED,retrofit,,,,SCREW,0,2.0
11921.5,2025-12-09T06:41:30+00:00,LOCO_02,SHUNTING_PREP,retrofit,,,,,0,1.0
11922.5,2025-12-09T06:42:30+00:00,LOCO_02,MOVING,WS_02,retrofit,WS_02,,,0,5.0
11927.5,2025-12-09T06:47:30+00:00,LOCO_02,DECOUPLING_STARTED,WS_02,,,,SCREW,0,3.0
11930.5,2025-12-09T06:50:30+00:00,LOCO_02,DECOUPLING_COMPLETED,WS_02,,,,SCREW,0,3.0
11933.5,2025-12-09T06:53:30+00:00,LOCO_02,MOVING,track_19,WS_02,track_19,,,0,34.5
11968.0,2025-12-09T07:28:00+00:00,LOCO_02,MOVING,WS_01,track_19,WS_01,,,0,5.0
11973.0,2025-12-09T07:33:00+00:00,LOCO_02,RAKE_COUPLING_STARTED,WS_01,,,,DAC,2,0.5
11973.5,2025-12-09T07:33:30+00:00,LOCO_02,RAKE_COUPLING_COMPLETED,WS_01,,,,DAC,2,0.5
11973.5,2025-12-09T07:33:30+00:00,LOCO_02,LOCO_COUPLING_STARTED,WS_01,,,,DAC,2,0.5
11974.0,2025-12-09T07:34:00+00:00,LOCO_02,LOCO_COUPLING_COMPLETED,WS_01,,,,DAC,2,0.5
11974.0,2025-12-09T07:34:00+00:00,LOCO_02,SHUNTING_PREP,WS_01,,,,,2,1.0
11975.0,2025-12-09T07:35:00+00:00,LOCO_02,MOVING,retrofitted,WS_01,retrofitted,,,0,5.0
11980.0,2025-12-09T07:40:00+00:00,LOCO_02,MOVING,track_19,retrofitted,track_19,,,0,7.0
11987.0,2025-12-09T07:47:00+00:00,LOCO_02,MOVING,retrofit,track_19,retrofit,,,0,5.0
11992.0,2025-12-09T07:52:00+00:00,LOCO_02,COUPLING_STARTED,retrofit,,,,SCREW,0,2.0
11994.0,2025-12-09T07:54:00+00:00,LOCO_02,COUPLING_COMPLETED,retrofit,,,,SCREW,0,2.0
11994.0,2025-12-09T07:54:00+00:00,LOCO_02,SHUNTING_PREP,retrofit,,,,,0,1.0
11995.0,2025-12-09T07:55:00+00:00,LOCO_02,MOVING,WS_01,retrofit,WS_01,,,0,5.0
12000.0,2025-12-09T08:00:00+00:00,LOCO_02,DECOUPLING_STARTED,WS_01,,,,SCREW,0,3.0
12003.0,2025-12-09T08:03:00+00:00,LOCO_02,DECOUPLING_COMPLETED,WS_01,,,,SCREW,0,3.0
12006.0,2025-12-09T08:06:00+00:00,LOCO_02,MOVING,track_19,WS_01,track_19,,,0,5.0
12011.0,2025-12-09T08:11:00+00:00,LOCO_02,MOVING,WS_02,track_19,WS_02,,,0,5.0
12016.0,2025-12-09T08:16:00+00:00,LOCO_02,RAKE_COUPLING_STARTED,WS_02,,,,DAC,2,0.5
12016.5,2025-12-09T08:16:30+00:00,LOCO_02,RAKE_COUPLING_COMPLETED,WS_02,,,,DAC,2,0.5
12016.5,2025-12-09T08:16:30+00:00,LOCO_02,LOCO_COUPLING_STARTED,WS_02,,,,DAC,2,0.5
12017.0,2025-12-09T08:17:00+00:00,LOCO_02,LOCO_COUPLING_COMPLETED,WS_02,,,,DAC,2,0.5
12017.0,2025-12-09T08:17:00+00:00,LOCO_02,SHUNTING_PREP,WS_02,,,,,2,1.0
12018.0,2025-12-09T08:18:00+00:00,LOCO_02,MOVING,retrofitted,WS_02,retrofitted,,,0,5.0
12023.0,2025-12-09T08:23:00+00:00,LOCO_02,MOVING,track_19,retrofitted,track_19,,,0,5.0
12028.0,2025-12-09T08:28:00+00:00,LOCO_02,MOVING,collection2,track_19,collection2,,,0,60.0
12088.0,2025-12-09T09:28:00+00:00,LOCO_02,ALLOCATED,,,,batch_transport,,0,0.0
12088.0,2025-12-09T09:28:00+00:00,LOCO_02,RAKE_COUPLING_STARTED,collection2,,,,SCREW,3,4.0
12092.0,2025-12-09T09:32:00+00:00,LOCO_02,RAKE_COUPLING_COMPLETED,collection2,,,,SCREW,3,4.0
12092.0,2025-12-09T09:32:00+00:00,LOCO_02,LOCO_COUPLING_STARTED,collection2,,,,SCREW,3,2.0
12094.0,2025-12-09T09:34:00+00:00,LOCO_02,LOCO_COUPLING_COMPLETED,collection2,,,,SCREW,3,2.0
12094.0,2025-12-09T09:34:00+00:00,LOCO_02,SHUNTING_PREP,collection2,,,,,3,1.0
12095.0,2025-12-09T09:35:00+00:00,LOCO_02,MOVING,retrofit,collection2,retrofit,,,0,60.0
12155.0,2025-12-09T10:35:00+00:00,LOCO_02,LOCO_DECOUPLING_STARTED,retrofit,,,,SCREW,3,3.0
12158.0,2025-12-09T10:38:00+00:00,LOCO_02,LOCO_DECOUPLING_COMPLETED,retrofit,,,,SCREW,3,3.0
12158.0,2025-12-09T10:38:00+00:00,LOCO_02,RAKE_DECOUPLING_STARTED,retrofit,,,,SCREW,3,6.0
12164.0,2025-12-09T10:44:00+00:00,LOCO_02,RAKE_DECOUPLING_COMPLETED,retrofit,,,,SCREW,3,6.0
12170.0,2025-12-09T10:50:00+00:00,LOCO_02,MOVING,track_19,retrofit,track_19,,,0,5.0
12175.0,2025-12-09T10:55:00+00:00,LOCO_02,PARKING,,,,,,0,0.0
12175.0,2025-12-09T10:55:00+00:00,LOCO_02,ALLOCATED,,,,batch_transport,,0,0.0
12175.0,2025-12-09T10:55:00+00:00,LOCO_02,MOVING,retrofitted,track_19,retrofitted,,,0,5.0
12180.0,2025-12-09T11:00:00+00:00,LOCO_02,RAKE_COUPLING_STARTED,retrofitted,,,,DAC,4,1.5
12181.5,2025-12-09T11:01:30+00:00,LOCO_02,RAKE_COUPLING_COMPLETED,retrofitted,,,,DAC,4,1.5
12181.5,2025-12-09T11:01:30+00:00,LOCO_02,LOCO_COUPLING_STARTED,retrofitted,,,,DAC,4,0.5
12182.0,2025-12-09T11:02:00+00:00,LOCO_02,LOCO_COUPLING_COMPLETED,retrofitted,,,,DAC,4,0.5
12182.0,2025-12-09T11:02:00+00:00,LOCO_02,SHUNTING_PREP,retrofitted,,,,,4,1.0
12183.0,2025-12-09T11:03:00+00:00,LOCO_02,MOVING,parking9,retrofitted,parking9,,,0,5.0
12188.0,2025-12-09T11:08:00+00:00,LOCO_02,LOCO_DECOUPLING_STARTED,parking9,,,,DAC,4,0.5
12188.5,2025-12-09T11:08:30+00:00,LOCO_02,LOCO_DECOUPLING_COMPLETED,parking9,,,,DAC,4,0.5
12188.5,2025-12-09T11:08:30+00:00,LOCO_02,RAKE_DECOUPLING_STARTED,parking9,,,,DAC,4,1.5
12190.0,2025-12-09T11:10:00+00:00,LOCO_02,RAKE_DECOUPLING_COMPLETED,parking9,,,,DAC,4,1.5
12191.5,2025-12-09T11:11:30+00:00,LOCO_02,MOVING,track_19,parking9,track_19,,,0,5.0
12196.5,2025-12-09T11:16:30+00:00,LOCO_02,MOVING,WS_02,track_19,WS_02,,,0,5.0
12201.5,2025-12-09T11:21:30+00:00,LOCO_02,RAKE_COUPLING_STARTED,WS_02,,,,DAC,2,0.5
12202.0,2025-12-09T11:22:00+00:00,LOCO_02,RAKE_COUPLING_COMPLETED,WS_02,,,,DAC,2,0.5
12202.0,2025-12-09T11:22:00+00:00,LOCO_02,LOCO_COUPLING_STARTED,WS_02,,,,DAC,2,0.5
12202.5,2025-12-09T11:22:30+00:00,LOCO_02,LOCO_COUPLING_COMPLETED,WS_02,,,,DAC,2,0.5
12202.5,2025-12-09T11:22:30+00:00,LOCO_02,SHUNTING_PREP,WS_02,,,,,2,1.0
12203.5,2025-12-09T11:23:30+00:00,LOCO_02,MOVING,retrofitted,WS_02,retrofitted,,,0,5.0
12208.5,2025-12-09T11:28:30+00:00,LOCO_02,MOVING,track_19,retrofitted,track_19,,,0,5.0
12213.5,2025-12-09T11:33:30+00:00,LOCO_02,MOVING,WS_01,track_19,WS_01,,,0,5.0
12218.5,2025-12-09T11:38:30+00:00,LOCO_02,RAKE_COUPLING_STARTED,WS_01,,,,DAC,2,0.5
12219.0,2025-12-09T11:39:00+00:00,LOCO_02,RAKE_COUPLING_COMPLETED,WS_01,,,,DAC,2,0.5
12219.0,2025-12-09T11:39:00+00:00,LOCO_02,LOCO_COUPLING_STARTED,WS_01,,,,DAC,2,0.5
12219.5,2025-12-09T11:39:30+00:00,LOCO_02,LOCO_COUPLING_COMPLETED,WS_01,,,,DAC,2,0.5
12219.5,2025-12-09T11:39:30+00:00,LOCO_02,SHUNTING_PREP,WS_01,,,,,2,1.0
12220.5,2025-12-09T11:40:30+00:00,LOCO_02,MOVING,retrofitted,WS_01,retrofitted,,,0,5.0
12225.5,2025-12-09T11:45:30+00:00,LOCO_02,MOVING,track_19,retrofitted,track_19,,,0,7.0
12232.5,2025-12-09T11:52:30+00:00,LOCO_02,MOVING,retrofit,track_19,retrofit,,,0,5.0
12237.5,2025-12-09T11:57:30+00:00,LOCO_02,COUPLING_STARTED,retrofit,,,,SCREW,0,2.0
12239.5,2025-12-09T11:59:30+00:00,LOCO_02,COUPLING_COMPLETED,retrofit,,,,SCREW,0,2.0
12239.5,2025-12-09T11:59:30+00:00,LOCO_02,SHUNTING_PREP,retrofit,,,,,0,1.0
12240.5,2025-12-09T12:00:30+00:00,LOCO_02,MOVING,WS_02,retrofit,WS_02,,,0,5.0
12245.5,2025-12-09T12:05:30+00:00,LOCO_02,DECOUPLING_STARTED,WS_02,,,,SCREW,0,3.0
12248.5,2025-12-09T12:08:30+00:00,LOCO_02,DECOUPLING_COMPLETED,WS_02,,,,SCREW,0,3.0
12251.5,2025-12-09T12:11:30+00:00,LOCO_02,MOVING,track_19,WS_02,track_19,,,0,7.0
12258.5,2025-12-09T12:18:30+00:00,LOCO_02,MOVING,retrofit,track_19,retrofit,,,0,5.0
12263.5,2025-12-09T12:23:30+00:00,LOCO_02,COUPLING_STARTED,retrofit,,,,SCREW,0,2.0
12265.5,2025-12-09T12:25:30+00:00,LOCO_02,COUPLING_COMPLETED,retrofit,,,,SCREW,0,2.0
12265.5,2025-12-09T12:25:30+00:00,LOCO_02,SHUNTING_PREP,retrofit,,,,,0,1.0
12266.5,2025-12-09T12:26:30+00:00,LOCO_02,MOVING,WS_01,retrofit,WS_01,,,0,5.0
12271.5,2025-12-09T12:31:30+00:00,LOCO_02,DECOUPLING_STARTED,WS_01,,,,SCREW,0,3.0
12274.5,2025-12-09T12:34:30+00:00,LOCO_02,DECOUPLING_COMPLETED,WS_01,,,,SCREW,0,3.0
12277.5,2025-12-09T12:37:30+00:00,LOCO_02,MOVING,track_19,WS_01,track_19,,,0,5.0
12282.5,2025-12-09T12:42:30+00:00,LOCO_02,MOVING,collection2,track_19,collection2,,,0,60.0
12342.5,2025-12-09T13:42:30+00:00,LOCO_02,ALLOCATED,,,,batch_transport,,0,0.0
12342.5,2025-12-09T13:42:30+00:00,LOCO_02,RAKE_COUPLING_STARTED,collection2,,,,SCREW,6,10.0
12352.5,2025-12-09T13:52:30+00:00,LOCO_02,RAKE_COUPLING_COMPLETED,collection2,,,,SCREW,6,10.0
12352.5,2025-12-09T13:52:30+00:00,LOCO_02,LOCO_COUPLING_STARTED,collection2,,,,SCREW,6,2.0
12354.5,2025-12-09T13:54:30+00:00,LOCO_02,LOCO_COUPLING_COMPLETED,collection2,,,,SCREW,6,2.0
12354.5,2025-12-09T13:54:30+00:00,LOCO_02,SHUNTING_PREP,collection2,,,,,6,1.0
12355.5,2025-12-09T13:55:30+00:00,LOCO_02,MOVING,retrofit,collection2,retrofit,,,0,60.0
12415.5,2025-12-09T14:55:30+00:00,LOCO_02,LOCO_DECOUPLING_STARTED,retrofit,,,,SCREW,6,3.0
12418.5,2025-12-09T14:58:30+00:00,LOCO_02,LOCO_DECOUPLING_COMPLETED,retrofit,,,,SCREW,6,3.0
12418.5,2025-12-09T14:58:30+00:00,LOCO_02,RAKE_DECOUPLING_STARTED,retrofit,,,,SCREW,6,15.0
12433.5,2025-12-09T15:13:30+00:00,LOCO_02,RAKE_DECOUPLING_COMPLETED,retrofit,,,,SCREW,6,15.0
12448.5,2025-12-09T15:28:30+00:00,LOCO_02,MOVING,track_19,retrofit,track_19,,,0,5.0
12453.5,2025-12-09T15:33:30+00:00,LOCO_02,PARKING,,,,,,0,0.0
12453.5,2025-12-09T15:33:30+00:00,LOCO_02,MOVING,WS_02,track_19,WS_02,,,0,5.0
12458.5,2025-12-09T15:38:30+00:00,LOCO_02,RAKE_COUPLING_STARTED,WS_02,,,,DAC,2,0.5
12459.0,2025-12-09T15:39:00+00:00,LOCO_02,RAKE_COUPLING_COMPLETED,WS_02,,,,DAC,2,0.5
12459.0,2025-12-09T15:39:00+00:00,LOCO_02,LOCO_COUPLING_STARTED,WS_02,,,,DAC,2,0.5
12459.5,2025-12-09T15:39:30+00:00,LOCO_02,LOCO_COUPLING_COMPLETED,WS_02,,,,DAC,2,0.5
12459.5,2025-12-09T15:39:30+00:00,LOCO_02,SHUNTING_PREP,WS_02,,,,,2,1.0
12460.5,2025-12-09T15:40:30+00:00,LOCO_02,MOVING,retrofitted,WS_02,retrofitted,,,0,5.0
12465.5,2025-12-09T15:45:30+00:00,LOCO_02,MOVING,track_19,retrofitted,track_19,,,0,5.0
12470.5,2025-12-09T15:50:30+00:00,LOCO_02,MOVING,WS_01,track_19,WS_01,,,0,5.0
12475.5,2025-12-09T15:55:30+00:00,LOCO_02,RAKE_COUPLING_STARTED,WS_01,,,,DAC,2,0.5
12476.0,2025-12-09T15:56:00+00:00,LOCO_02,RAKE_COUPLING_COMPLETED,WS_01,,,,DAC,2,0.5
12476.0,2025-12-09T15:56:00+00:00,LOCO_02,LOCO_COUPLING_STARTED,WS_01,,,,DAC,2,0.5
12476.5,2025-12-09T15:56:30+00:00,LOCO_02,LOCO_COUPLING_COMPLETED,WS_01,,,,DAC,2,0.5
12476.5,2025-12-09T15:56:30+00:00,LOCO_02,SHUNTING_PREP,WS_01,,,,,2,1.0
12477.5,2025-12-09T15:57:30+00:00,LOCO_02,MOVING,retrofitted,WS_01,retrofitted,,,0,5.0
12482.5,2025-12-09T16:02:30+00:00,LOCO_02,MOVING,track_19,retrofitted,track_19,,,0,5.0
12487.5,2025-12-09T16:07:30+00:00,LOCO_02,ALLOCATED,,,,batch_transport,,0,0.0
12487.5,2025-12-09T16:07:30+00:00,LOCO_02,MOVING,retrofitted,track_19,retrofitted,,,0,5.0
12492.5,2025-12-09T16:12:30+00:00,LOCO_02,RAKE_COUPLING_STARTED,retrofitted,,,,DAC,4,1.5
12494.0,2025-12-09T16:14:00+00:00,LOCO_02,RAKE_COUPLING_COMPLETED,retrofitted,,,,DAC,4,1.5
12494.0,2025-12-09T16:14:00+00:00,LOCO_02,LOCO_COUPLING_STARTED,retrofitted,,,,DAC,4,0.5
12494.5,2025-12-09T16:14:30+00:00,LOCO_02,LOCO_COUPLING_COMPLETED,retrofitted,,,,DAC,4,0.5
12494.5,2025-12-09T16:14:30+00:00,LOCO_02,SHUNTING_PREP,retrofitted,,,,,4,1.0
12495.5,2025-12-09T16:15:30+00:00,LOCO_02,MOVING,parking7,retrofitted,parking7,,,0,5.0
12500.5,2025-12-09T16:20:30+00:00,LOCO_02,LOCO_DECOUPLING_STARTED,parking7,,,,DAC,4,0.5
12501.0,2025-12-09T16:21:00+00:00,LOCO_02,LOCO_DECOUPLING_COMPLETED,parking7,,,,DAC,4,0.5
12501.0,2025-12-09T16:21:00+00:00,LOCO_02,RAKE_DECOUPLING_STARTED,parking7,,,,DAC,4,1.5
12502.5,2025-12-09T16:22:30+00:00,LOCO_02,RAKE_DECOUPLING_COMPLETED,parking7,,,,DAC,4,1.5
12504.0,2025-12-09T16:24:00+00:00,LOCO_02,MOVING,track_19,parking7,track_19,,,0,7.0
12511.0,2025-12-09T16:31:00+00:00,LOCO_02,MOVING,retrofit,track_19,retrofit,,,0,5.0
12516.0,2025-12-09T16:36:00+00:00,LOCO_02,COUPLING_STARTED,retrofit,,,,SCREW,0,2.0
12518.0,2025-12-09T16:38:00+00:00,LOCO_02,COUPLING_COMPLETED,retrofit,,,,SCREW,0,2.0
12518.0,2025-12-09T16:38:00+00:00,LOCO_02,SHUNTING_PREP,retrofit,,,,,0,1.0
12519.0,2025-12-09T16:39:00+00:00,LOCO_02,MOVING,WS_02,retrofit,WS_02,,,0,5.0
12524.0,2025-12-09T16:44:00+00:00,LOCO_02,DECOUPLING_STARTED,WS_02,,,,SCREW,0,3.0
12527.0,2025-12-09T16:47:00+00:00,LOCO_02,DECOUPLING_COMPLETED,WS_02,,,,SCREW,0,3.0
12530.0,2025-12-09T16:50:00+00:00,LOCO_02,MOVING,track_19,WS_02,track_19,,,0,7.0
12537.0,2025-12-09T16:57:00+00:00,LOCO_02,MOVING,retrofit,track_19,retrofit,,,0,5.0
12542.0,2025-12-09T17:02:00+00:00,LOCO_02,COUPLING_STARTED,retrofit,,,,SCREW,0,2.0
12544.0,2025-12-09T17:04:00+00:00,LOCO_02,COUPLING_COMPLETED,retrofit,,,,SCREW,0,2.0
12544.0,2025-12-09T17:04:00+00:00,LOCO_02,SHUNTING_PREP,retrofit,,,,,0,1.0
12545.0,2025-12-09T17:05:00+00:00,LOCO_02,MOVING,WS_01,retrofit,WS_01,,,0,5.0
12550.0,2025-12-09T17:10:00+00:00,LOCO_02,DECOUPLING_STARTED,WS_01,,,,SCREW,0,3.0
12553.0,2025-12-09T17:13:00+00:00,LOCO_02,DECOUPLING_COMPLETED,WS_01,,,,SCREW,0,3.0
12556.0,2025-12-09T17:16:00+00:00,LOCO_02,MOVING,track_19,WS_01,track_19,,,0,5.0
12561.0,2025-12-09T17:21:00+00:00,LOCO_02,MOVING,collection2,track_19,collection2,,,0,60.0
12621.0,2025-12-09T18:21:00+00:00,LOCO_02,ALLOCATED,,,,batch_transport,,0,0.0
12621.0,2025-12-09T18:21:00+00:00,LOCO_02,RAKE_COUPLING_STARTED,collection2,,,,SCREW,5,8.0
12629.0,2025-12-09T18:29:00+00:00,LOCO_02,RAKE_COUPLING_COMPLETED,collection2,,,,SCREW,5,8.0
12629.0,2025-12-09T18:29:00+00:00,LOCO_02,LOCO_COUPLING_STARTED,collection2,,,,SCREW,5,2.0
12631.0,2025-12-09T18:31:00+00:00,LOCO_02,LOCO_COUPLING_COMPLETED,collection2,,,,SCREW,5,2.0
12631.0,2025-12-09T18:31:00+00:00,LOCO_02,SHUNTING_PREP,collection2,,,,,5,1.0
12632.0,2025-12-09T18:32:00+00:00,LOCO_02,MOVING,retrofit,collection2,retrofit,,,0,60.0
12692.0,2025-12-09T19:32:00+00:00,LOCO_02,LOCO_DECOUPLING_STARTED,retrofit,,,,SCREW,5,3.0
12695.0,2025-12-09T19:35:00+00:00,LOCO_02,LOCO_DECOUPLING_COMPLETED,retrofit,,,,SCREW,5,3.0
12695.0,2025-12-09T19:35:00+00:00,LOCO_02,RAKE_DECOUPLING_STARTED,retrofit,,,,SCREW,5,12.0
12707.0,2025-12-09T19:47:00+00:00,LOCO_02,RAKE_DECOUPLING_COMPLETED,retrofit,,,,SCREW,5,12.0
12719.0,2025-12-09T19:59:00+00:00,LOCO_02,MOVING,track_19,retrofit,track_19,,,0,5.0
12724.0,2025-12-09T20:04:00+00:00,LOCO_02,PARKING,,,,,,0,0.0
12724.0,2025-12-09T20:04:00+00:00,LOCO_02,MOVING,WS_02,track_19,WS_02,,,0,5.0
12729.0,2025-12-09T20:09:00+00:00,LOCO_02,RAKE_COUPLING_STARTED,WS_02,,,,DAC,2,0.5
12729.5,2025-12-09T20:09:30+00:00,LOCO_02,RAKE_COUPLING_COMPLETED,WS_02,,,,DAC,2,0.5
12729.5,2025-12-09T20:09:30+00:00,LOCO_02,LOCO_COUPLING_STARTED,WS_02,,,,DAC,2,0.5
12730.0,2025-12-09T20:10:00+00:00,LOCO_02,LOCO_COUPLING_COMPLETED,WS_02,,,,DAC,2,0.5
12730.0,2025-12-09T20:10:00+00:00,LOCO_02,SHUNTING_PREP,WS_02,,,,,2,1.0
12731.0,2025-12-09T20:11:00+00:00,LOCO_02,MOVING,retrofitted,WS_02,retrofitted,,,0,5.0
12736.0,2025-12-09T20:16:00+00:00,LOCO_02,MOVING,track_19,retrofitted,track_19,,,0,7.0
12743.0,2025-12-09T20:23:00+00:00,LOCO_02,MOVING,retrofit,track_19,retrofit,,,0,5.0
12748.0,2025-12-09T20:28:00+00:00,LOCO_02,COUPLING_STARTED,retrofit,,,,SCREW,0,2.0
12750.0,2025-12-09T20:30:00+00:00,LOCO_02,COUPLING_COMPLETED,retrofit,,,,SCREW,0,2.0
12750.0,2025-12-09T20:30:00+00:00,LOCO_02,SHUNTING_PREP,retrofit,,,,,0,1.0
12751.0,2025-12-09T20:31:00+00:00,LOCO_02,MOVING,WS_01,retrofit,WS_01,,,0,5.0
12756.0,2025-12-09T20:36:00+00:00,LOCO_02,DECOUPLING_STARTED,WS_01,,,,SCREW,0,3.0
12759.0,2025-12-09T20:39:00+00:00,LOCO_02,DECOUPLING_COMPLETED,WS_01,,,,SCREW,0,3.0
12762.0,2025-12-09T20:42:00+00:00,LOCO_02,MOVING,track_19,WS_01,track_19,,,0,7.0
12769.0,2025-12-09T20:49:00+00:00,LOCO_02,MOVING,retrofit,track_19,retrofit,,,0,5.0
12774.0,2025-12-09T20:54:00+00:00,LOCO_02,COUPLING_STARTED,retrofit,,,,SCREW,0,2.0
12776.0,2025-12-09T20:56:00+00:00,LOCO_02,COUPLING_COMPLETED,retrofit,,,,SCREW,0,2.0
12776.0,2025-12-09T20:56:00+00:00,LOCO_02,SHUNTING_PREP,retrofit,,,,,0,1.0
12777.0,2025-12-09T20:57:00+00:00,LOCO_02,MOVING,WS_02,retrofit,WS_02,,,0,5.0
12782.0,2025-12-09T21:02:00+00:00,LOCO_02,DECOUPLING_STARTED,WS_02,,,,SCREW,0,3.0
12785.0,2025-12-09T21:05:00+00:00,LOCO_02,DECOUPLING_COMPLETED,WS_02,,,,SCREW,0,3.0
12788.0,2025-12-09T21:08:00+00:00,LOCO_02,MOVING,track_19,WS_02,track_19,,,0,5.0
12793.0,2025-12-09T21:13:00+00:00,LOCO_02,ALLOCATED,,,,batch_transport,,0,0.0
12793.0,2025-12-09T21:13:00+00:00,LOCO_02,MOVING,retrofitted,track_19,retrofitted,,,0,5.0
12798.0,2025-12-09T21:18:00+00:00,LOCO_02,RAKE_COUPLING_STARTED,retrofitted,,,,DAC,2,0.5
12798.5,2025-12-09T21:18:30+00:00,LOCO_02,RAKE_COUPLING_COMPLETED,retrofitted,,,,DAC,2,0.5
12798.5,2025-12-09T21:18:30+00:00,LOCO_02,LOCO_COUPLING_STARTED,retrofitted,,,,DAC,2,0.5
12799.0,2025-12-09T21:19:00+00:00,LOCO_02,LOCO_COUPLING_COMPLETED,retrofitted,,,,DAC,2,0.5
12799.0,2025-12-09T21:19:00+00:00,LOCO_02,SHUNTING_PREP,retrofitted,,,,,2,1.0
12800.0,2025-12-09T21:20:00+00:00,LOCO_02,MOVING,parking10,retrofitted,parking10,,,0,60.0
12860.0,2025-12-09T22:20:00+00:00,LOCO_02,LOCO_DECOUPLING_STARTED,parking10,,,,DAC,2,0.5
12860.5,2025-12-09T22:20:30+00:00,LOCO_02,LOCO_DECOUPLING_COMPLETED,parking10,,,,DAC,2,0.5
12860.5,2025-12-09T22:20:30+00:00,LOCO_02,RAKE_DECOUPLING_STARTED,parking10,,,,DAC,2,0.5
12861.0,2025-12-09T22:21:00+00:00,LOCO_02,RAKE_DECOUPLING_COMPLETED,parking10,,,,DAC,2,0.5
12861.5,2025-12-09T22:21:30+00:00,LOCO_02,MOVING,track_19,parking10,track_19,,,0,60.0
12921.5,2025-12-09T23:21:30+00:00,LOCO_02,MOVING,WS_01,track_19,WS_01,,,0,5.0
12926.5,2025-12-09T23:26:30+00:00,LOCO_02,RAKE_COUPLING_STARTED,WS_01,,,,DAC,2,0.5
12927.0,2025-12-09T23:27:00+00:00,LOCO_02,RAKE_COUPLING_COMPLETED,WS_01,,,,DAC,2,0.5
12927.0,2025-12-09T23:27:00+00:00,LOCO_02,LOCO_COUPLING_STARTED,WS_01,,,,DAC,2,0.5
12927.5,2025-12-09T23:27:30+00:00,LOCO_02,LOCO_COUPLING_COMPLETED,WS_01,,,,DAC,2,0.5
12927.5,2025-12-09T23:27:30+00:00,LOCO_02,SHUNTING_PREP,WS_01,,,,,2,1.0
12928.5,2025-12-09T23:28:30+00:00,LOCO_02,MOVING,retrofitted,WS_01,retrofitted,,,0,5.0
12933.5,2025-12-09T23:33:30+00:00,LOCO_02,MOVING,track_19,retrofitted,track_19,,,0,5.0
12938.5,2025-12-09T23:38:30+00:00,LOCO_02,MOVING,WS_02,track_19,WS_02,,,0,5.0
12943.5,2025-12-09T23:43:30+00:00,LOCO_02,RAKE_COUPLING_STARTED,WS_02,,,,DAC,2,0.5
12944.0,2025-12-09T23:44:00+00:00,LOCO_02,RAKE_COUPLING_COMPLETED,WS_02,,,,DAC,2,0.5
12944.0,2025-12-09T23:44:00+00:00,LOCO_02,LOCO_COUPLING_STARTED,WS_02,,,,DAC,2,0.5
12944.5,2025-12-09T23:44:30+00:00,LOCO_02,LOCO_COUPLING_COMPLETED,WS_02,,,,DAC,2,0.5
12944.5,2025-12-09T23:44:30+00:00,LOCO_02,SHUNTING_PREP,WS_02,,,,,2,1.0
12945.5,2025-12-09T23:45:30+00:00,LOCO_02,MOVING,retrofitted,WS_02,retrofitted,,,0,5.0
12950.5,2025-12-09T23:50:30+00:00,LOCO_02,MOVING,track_19,retrofitted,track_19,,,0,7.0
12957.5,2025-12-09T23:57:30+00:00,LOCO_02,MOVING,retrofit,track_19,retrofit,,,0,5.0
12962.5,2025-12-10T00:02:30+00:00,LOCO_02,COUPLING_STARTED,retrofit,,,,SCREW,0,2.0
12964.5,2025-12-10T00:04:30+00:00,LOCO_02,COUPLING_COMPLETED,retrofit,,,,SCREW,0,2.0
12964.5,2025-12-10T00:04:30+00:00,LOCO_02,SHUNTING_PREP,retrofit,,,,,0,1.0
12965.5,2025-12-10T00:05:30+00:00,LOCO_02,MOVING,WS_01,retrofit,WS_01,,,0,5.0
12970.5,2025-12-10T00:10:30+00:00,LOCO_02,DECOUPLING_STARTED,WS_01,,,,SCREW,0,3.0
12973.5,2025-12-10T00:13:30+00:00,LOCO_02,DECOUPLING_COMPLETED,WS_01,,,,SCREW,0,3.0
12976.5,2025-12-10T00:16:30+00:00,LOCO_02,MOVING,track_19,WS_01,track_19,,,0,5.0
12981.5,2025-12-10T00:21:30+00:00,LOCO_02,ALLOCATED,,,,batch_transport,,0,0.0
12981.5,2025-12-10T00:21:30+00:00,LOCO_02,MOVING,retrofitted,track_19,retrofitted,,,0,5.0
12986.5,2025-12-10T00:26:30+00:00,LOCO_02,RAKE_COUPLING_STARTED,retrofitted,,,,DAC,6,2.5
12989.0,2025-12-10T00:29:00+00:00,LOCO_02,RAKE_COUPLING_COMPLETED,retrofitted,,,,DAC,6,2.5
12989.0,2025-12-10T00:29:00+00:00,LOCO_02,LOCO_COUPLING_STARTED,retrofitted,,,,DAC,6,0.5
12989.5,2025-12-10T00:29:30+00:00,LOCO_02,LOCO_COUPLING_COMPLETED,retrofitted,,,,DAC,6,0.5
12989.5,2025-12-10T00:29:30+00:00,LOCO_02,SHUNTING_PREP,retrofitted,,,,,6,1.0
12990.5,2025-12-10T00:30:30+00:00,LOCO_02,MOVING,parking8,retrofitted,parking8,,,0,5.0
12995.5,2025-12-10T00:35:30+00:00,LOCO_02,LOCO_DECOUPLING_STARTED,parking8,,,,DAC,6,0.5
12996.0,2025-12-10T00:36:00+00:00,LOCO_02,LOCO_DECOUPLING_COMPLETED,parking8,,,,DAC,6,0.5
12996.0,2025-12-10T00:36:00+00:00,LOCO_02,RAKE_DECOUPLING_STARTED,parking8,,,,DAC,6,2.5
12998.5,2025-12-10T00:38:30+00:00,LOCO_02,RAKE_DECOUPLING_COMPLETED,parking8,,,,DAC,6,2.5
13001.0,2025-12-10T00:41:00+00:00,LOCO_02,MOVING,track_19,parking8,track_19,,,0,49.0
13050.0,2025-12-10T01:30:00+00:00,LOCO_02,MOVING,WS_02,track_19,WS_02,,,0,5.0
13055.0,2025-12-10T01:35:00+00:00,LOCO_02,RAKE_COUPLING_STARTED,WS_02,,,,DAC,2,0.5
13055.5,2025-12-10T01:35:30+00:00,LOCO_02,RAKE_COUPLING_COMPLETED,WS_02,,,,DAC,2,0.5
13055.5,2025-12-10T01:35:30+00:00,LOCO_02,LOCO_COUPLING_STARTED,WS_02,,,,DAC,2,0.5
13056.0,2025-12-10T01:36:00+00:00,LOCO_02,LOCO_COUPLING_COMPLETED,WS_02,,,,DAC,2,0.5
13056.0,2025-12-10T01:36:00+00:00,LOCO_02,SHUNTING_PREP,WS_02,,,,,2,1.0
13057.0,2025-12-10T01:37:00+00:00,LOCO_02,MOVING,retrofitted,WS_02,retrofitted,,,0,5.0
13062.0,2025-12-10T01:42:00+00:00,LOCO_02,MOVING,track_19,retrofitted,track_19,,,0,7.0
13069.0,2025-12-10T01:49:00+00:00,LOCO_02,MOVING,retrofit,track_19,retrofit,,,0,5.0
13074.0,2025-12-10T01:54:00+00:00,LOCO_02,COUPLING_STARTED,retrofit,,,,SCREW,0,2.0
13076.0,2025-12-10T01:56:00+00:00,LOCO_02,COUPLING_COMPLETED,retrofit,,,,SCREW,0,2.0
13076.0,2025-12-10T01:56:00+00:00,LOCO_02,SHUNTING_PREP,retrofit,,,,,0,1.0
13077.0,2025-12-10T01:57:00+00:00,LOCO_02,MOVING,WS_01,retrofit,WS_01,,,0,5.0
13082.0,2025-12-10T02:02:00+00:00,LOCO_02,DECOUPLING_STARTED,WS_01,,,,SCREW,0,3.0
13085.0,2025-12-10T02:05:00+00:00,LOCO_02,DECOUPLING_COMPLETED,WS_01,,,,SCREW,0,3.0
13088.0,2025-12-10T02:08:00+00:00,LOCO_02,MOVING,track_19,WS_01,track_19,,,0,7.0
13095.0,2025-12-10T02:15:00+00:00,LOCO_02,MOVING,retrofit,track_19,retrofit,,,0,5.0
13100.0,2025-12-10T02:20:00+00:00,LOCO_02,COUPLING_STARTED,retrofit,,,,SCREW,0,2.0
13102.0,2025-12-10T02:22:00+00:00,LOCO_02,COUPLING_COMPLETED,retrofit,,,,SCREW,0,2.0
13102.0,2025-12-10T02:22:00+00:00,LOCO_02,SHUNTING_PREP,retrofit,,,,,0,1.0
13103.0,2025-12-10T02:23:00+00:00,LOCO_02,MOVING,WS_02,retrofit,WS_02,,,0,5.0
13108.0,2025-12-10T02:28:00+00:00,LOCO_02,DECOUPLING_STARTED,WS_02,,,,SCREW,0,3.0
13111.0,2025-12-10T02:31:00+00:00,LOCO_02,DECOUPLING_COMPLETED,WS_02,,,,SCREW,0,3.0
13114.0,2025-12-10T02:34:00+00:00,LOCO_02,MOVING,track_19,WS_02,track_19,,,0,5.0
13119.0,2025-12-10T02:39:00+00:00,LOCO_02,MOVING,collection1,track_19,collection1,,,0,60.0
13179.0,2025-12-10T03:39:00+00:00,LOCO_02,ALLOCATED,,,,batch_transport,,0,0.0
13179.0,2025-12-10T03:39:00+00:00,LOCO_02,RAKE_COUPLING_STARTED,collection1,,,,SCREW,3,4.0
13183.0,2025-12-10T03:43:00+00:00,LOCO_02,RAKE_COUPLING_COMPLETED,collection1,,,,SCREW,3,4.0
13183.0,2025-12-10T03:43:00+00:00,LOCO_02,LOCO_COUPLING_STARTED,collection1,,,,SCREW,3,2.0
13185.0,2025-12-10T03:45:00+00:00,LOCO_02,LOCO_COUPLING_COMPLETED,collection1,,,,SCREW,3,2.0
13185.0,2025-12-10T03:45:00+00:00,LOCO_02,SHUNTING_PREP,collection1,,,,,3,1.0
13186.0,2025-12-10T03:46:00+00:00,LOCO_02,MOVING,retrofit,collection1,retrofit,,,0,60.0
13246.0,2025-12-10T04:46:00+00:00,LOCO_02,LOCO_DECOUPLING_STARTED,retrofit,,,,SCREW,3,3.0
13249.0,2025-12-10T04:49:00+00:00,LOCO_02,LOCO_DECOUPLING_COMPLETED,retrofit,,,,SCREW,3,3.0
13249.0,2025-12-10T04:49:00+00:00,LOCO_02,RAKE_DECOUPLING_STARTED,retrofit,,,,SCREW,3,6.0
13255.0,2025-12-10T04:55:00+00:00,LOCO_02,RAKE_DECOUPLING_COMPLETED,retrofit,,,,SCREW,3,6.0
13261.0,2025-12-10T05:01:00+00:00,LOCO_02,MOVING,track_19,retrofit,track_19,,,0,5.0
13266.0,2025-12-10T05:06:00+00:00,LOCO_02,PARKING,,,,,,0,0.0
13266.0,2025-12-10T05:06:00+00:00,LOCO_02,MOVING,collection2,track_19,collection2,,,0,60.0
13326.0,2025-12-10T06:06:00+00:00,LOCO_02,ALLOCATED,,,,batch_transport,,0,0.0
13326.0,2025-12-10T06:06:00+00:00,LOCO_02,RAKE_COUPLING_STARTED,collection2,,,,SCREW,3,4.0
13330.0,2025-12-10T06:10:00+00:00,LOCO_02,RAKE_COUPLING_COMPLETED,collection2,,,,SCREW,3,4.0
13330.0,2025-12-10T06:10:00+00:00,LOCO_02,LOCO_COUPLING_STARTED,collection2,,,,SCREW,3,2.0
13332.0,2025-12-10T06:12:00+00:00,LOCO_02,LOCO_COUPLING_COMPLETED,collection2,,,,SCREW,3,2.0
13332.0,2025-12-10T06:12:00+00:00,LOCO_02,SHUNTING_PREP,collection2,,,,,3,1.0
13333.0,2025-12-10T06:13:00+00:00,LOCO_02,MOVING,retrofit,collection2,retrofit,,,0,60.0
13393.0,2025-12-10T07:13:00+00:00,LOCO_02,LOCO_DECOUPLING_STARTED,retrofit,,,,SCREW,3,3.0
13396.0,2025-12-10T07:16:00+00:00,LOCO_02,LOCO_DECOUPLING_COMPLETED,retrofit,,,,SCREW,3,3.0
13396.0,2025-12-10T07:16:00+00:00,LOCO_02,RAKE_DECOUPLING_STARTED,retrofit,,,,SCREW,3,6.0
13402.0,2025-12-10T07:22:00+00:00,LOCO_02,RAKE_DECOUPLING_COMPLETED,retrofit,,,,SCREW,3,6.0
13408.0,2025-12-10T07:28:00+00:00,LOCO_02,MOVING,track_19,retrofit,track_19,,,0,5.0
13413.0,2025-12-10T07:33:00+00:00,LOCO_02,PARKING,,,,,,0,0.0
13413.0,2025-12-10T07:33:00+00:00,LOCO_02,ALLOCATED,,,,batch_transport,,0,0.0
13413.0,2025-12-10T07:33:00+00:00,LOCO_02,MOVING,retrofitted,track_19,retrofitted,,,0,5.0
13418.0,2025-12-10T07:38:00+00:00,LOCO_02,RAKE_COUPLING_STARTED,retrofitted,,,,DAC,2,0.5
13418.5,2025-12-10T07:38:30+00:00,LOCO_02,RAKE_COUPLING_COMPLETED,retrofitted,,,,DAC,2,0.5
13418.5,2025-12-10T07:38:30+00:00,LOCO_02,LOCO_COUPLING_STARTED,retrofitted,,,,DAC,2,0.5
13419.0,2025-12-10T07:39:00+00:00,LOCO_02,LOCO_COUPLING_COMPLETED,retrofitted,,,,DAC,2,0.5
13419.0,2025-12-10T07:39:00+00:00,LOCO_02,SHUNTING_PREP,retrofitted,,,,,2,1.0
13420.0,2025-12-10T07:40:00+00:00,LOCO_02,MOVING,parking5,retrofitted,parking5,,,0,5.0
13425.0,2025-12-10T07:45:00+00:00,LOCO_02,LOCO_DECOUPLING_STARTED,parking5,,,,DAC,2,0.5
13425.5,2025-12-10T07:45:30+00:00,LOCO_02,LOCO_DECOUPLING_COMPLETED,parking5,,,,DAC,2,0.5
13425.5,2025-12-10T07:45:30+00:00,LOCO_02,RAKE_DECOUPLING_STARTED,parking5,,,,DAC,2,0.5
13426.0,2025-12-10T07:46:00+00:00,LOCO_02,RAKE_DECOUPLING_COMPLETED,parking5,,,,DAC,2,0.5
13426.5,2025-12-10T07:46:30+00:00,LOCO_02,MOVING,track_19,parking5,track_19,,,0,11.5
13438.0,2025-12-10T07:58:00+00:00,LOCO_02,MOVING,WS_01,track_19,WS_01,,,0,5.0
13443.0,2025-12-10T08:03:00+00:00,LOCO_02,RAKE_COUPLING_STARTED,WS_01,,,,DAC,2,0.5
13443.5,2025-12-10T08:03:30+00:00,LOCO_02,RAKE_COUPLING_COMPLETED,WS_01,,,,DAC,2,0.5
13443.5,2025-12-10T08:03:30+00:00,LOCO_02,LOCO_COUPLING_STARTED,WS_01,,,,DAC,2,0.5
13444.0,2025-12-10T08:04:00+00:00,LOCO_02,LOCO_COUPLING_COMPLETED,WS_01,,,,DAC,2,0.5
13444.0,2025-12-10T08:04:00+00:00,LOCO_02,SHUNTING_PREP,WS_01,,,,,2,1.0
13445.0,2025-12-10T08:05:00+00:00,LOCO_02,MOVING,retrofitted,WS_01,retrofitted,,,0,5.0
13450.0,2025-12-10T08:10:00+00:00,LOCO_02,MOVING,track_19,retrofitted,track_19,,,0,7.0
13457.0,2025-12-10T08:17:00+00:00,LOCO_02,MOVING,retrofit,track_19,retrofit,,,0,5.0
13462.0,2025-12-10T08:22:00+00:00,LOCO_02,COUPLING_STARTED,retrofit,,,,SCREW,0,2.0
13464.0,2025-12-10T08:24:00+00:00,LOCO_02,COUPLING_COMPLETED,retrofit,,,,SCREW,0,2.0
13464.0,2025-12-10T08:24:00+00:00,LOCO_02,SHUNTING_PREP,retrofit,,,,,0,1.0
13465.0,2025-12-10T08:25:00+00:00,LOCO_02,MOVING,WS_01,retrofit,WS_01,,,0,5.0
13470.0,2025-12-10T08:30:00+00:00,LOCO_02,DECOUPLING_STARTED,WS_01,,,,SCREW,0,3.0
13473.0,2025-12-10T08:33:00+00:00,LOCO_02,DECOUPLING_COMPLETED,WS_01,,,,SCREW,0,3.0
13476.0,2025-12-10T08:36:00+00:00,LOCO_02,MOVING,track_19,WS_01,track_19,,,0,5.0
13481.0,2025-12-10T08:41:00+00:00,LOCO_02,MOVING,WS_02,track_19,WS_02,,,0,5.0
13486.0,2025-12-10T08:46:00+00:00,LOCO_02,RAKE_COUPLING_STARTED,WS_02,,,,DAC,2,0.5
13486.5,2025-12-10T08:46:30+00:00,LOCO_02,RAKE_COUPLING_COMPLETED,WS_02,,,,DAC,2,0.5
13486.5,2025-12-10T08:46:30+00:00,LOCO_02,LOCO_COUPLING_STARTED,WS_02,,,,DAC,2,0.5
13487.0,2025-12-10T08:47:00+00:00,LOCO_02,LOCO_COUPLING_COMPLETED,WS_02,,,,DAC,2,0.5
13487.0,2025-12-10T08:47:00+00:00,LOCO_02,SHUNTING_PREP,WS_02,,,,,2,1.0
13488.0,2025-12-10T08:48:00+00:00,LOCO_02,MOVING,retrofitted,WS_02,retrofitted,,,0,5.0
13493.0,2025-12-10T08:53:00+00:00,LOCO_02,MOVING,track_19,retrofitted,track_19,,,0,5.0
13498.0,2025-12-10T08:58:00+00:00,LOCO_02,MOVING,collection2,track_19,collection2,,,0,60.0
13558.0,2025-12-10T09:58:00+00:00,LOCO_02,ALLOCATED,,,,batch_transport,,0,0.0
13558.0,2025-12-10T09:58:00+00:00,LOCO_02,RAKE_COUPLING_STARTED,collection2,,,,SCREW,3,4.0
13562.0,2025-12-10T10:02:00+00:00,LOCO_02,RAKE_COUPLING_COMPLETED,collection2,,,,SCREW,3,4.0
13562.0,2025-12-10T10:02:00+00:00,LOCO_02,LOCO_COUPLING_STARTED,collection2,,,,SCREW,3,2.0
13564.0,2025-12-10T10:04:00+00:00,LOCO_02,LOCO_COUPLING_COMPLETED,collection2,,,,SCREW,3,2.0
13564.0,2025-12-10T10:04:00+00:00,LOCO_02,SHUNTING_PREP,collection2,,,,,3,1.0
13565.0,2025-12-10T10:05:00+00:00,LOCO_02,MOVING,retrofit,collection2,retrofit,,,0,60.0
13625.0,2025-12-10T11:05:00+00:00,LOCO_02,LOCO_DECOUPLING_STARTED,retrofit,,,,SCREW,3,3.0
13628.0,2025-12-10T11:08:00+00:00,LOCO_02,LOCO_DECOUPLING_COMPLETED,retrofit,,,,SCREW,3,3.0
13628.0,2025-12-10T11:08:00+00:00,LOCO_02,RAKE_DECOUPLING_STARTED,retrofit,,,,SCREW,3,6.0
13634.0,2025-12-10T11:14:00+00:00,LOCO_02,RAKE_DECOUPLING_COMPLETED,retrofit,,,,SCREW,3,6.0
13640.0,2025-12-10T11:20:00+00:00,LOCO_02,MOVING,track_19,retrofit,track_19,,,0,5.0
13645.0,2025-12-10T11:25:00+00:00,LOCO_02,PARKING,,,,,,0,0.0
13645.0,2025-12-10T11:25:00+00:00,LOCO_02,ALLOCATED,,,,batch_transport,,0,0.0
13645.0,2025-12-10T11:25:00+00:00,LOCO_02,MOVING,retrofitted,track_19,retrofitted,,,0,5.0
13650.0,2025-12-10T11:30:00+00:00,LOCO_02,RAKE_COUPLING_STARTED,retrofitted,,,,DAC,2,0.5
13650.5,2025-12-10T11:30:30+00:00,LOCO_02,RAKE_COUPLING_COMPLETED,retrofitted,,,,DAC,2,0.5
13650.5,2025-12-10T11:30:30+00:00,LOCO_02,LOCO_COUPLING_STARTED,retrofitted,,,,DAC,2,0.5
13651.0,2025-12-10T11:31:00+00:00,LOCO_02,LOCO_COUPLING_COMPLETED,retrofitted,,,,DAC,2,0.5
13651.0,2025-12-10T11:31:00+00:00,LOCO_02,SHUNTING_PREP,retrofitted,,,,,2,1.0
13652.0,2025-12-10T11:32:00+00:00,LOCO_02,MOVING,parking16,retrofitted,parking16,,,0,120.0
13772.0,2025-12-10T13:32:00+00:00,LOCO_02,LOCO_DECOUPLING_STARTED,parking16,,,,DAC,2,0.5
13772.5,2025-12-10T13:32:30+00:00,LOCO_02,LOCO_DECOUPLING_COMPLETED,parking16,,,,DAC,2,0.5
13772.5,2025-12-10T13:32:30+00:00,LOCO_02,RAKE_DECOUPLING_STARTED,parking16,,,,DAC,2,0.5
13773.0,2025-12-10T13:33:00+00:00,LOCO_02,RAKE_DECOUPLING_COMPLETED,parking16,,,,DAC,2,0.5
13773.5,2025-12-10T13:33:30+00:00,LOCO_02,MOVING,track_19,parking16,track_19,,,0,60.0
13833.5,2025-12-10T14:33:30+00:00,LOCO_02,MOVING,WS_02,track_19,WS_02,,,0,5.0
13838.5,2025-12-10T14:38:30+00:00,LOCO_02,RAKE_COUPLING_STARTED,WS_02,,,,DAC,2,0.5
13839.0,2025-12-10T14:39:00+00:00,LOCO_02,RAKE_COUPLING_COMPLETED,WS_02,,,,DAC,2,0.5
13839.0,2025-12-10T14:39:00+00:00,LOCO_02,LOCO_COUPLING_STARTED,WS_02,,,,DAC,2,0.5
13839.5,2025-12-10T14:39:30+00:00,LOCO_02,LOCO_COUPLING_COMPLETED,WS_02,,,,DAC,2,0.5
13839.5,2025-12-10T14:39:30+00:00,LOCO_02,SHUNTING_PREP,WS_02,,,,,2,1.0
13840.5,2025-12-10T14:40:30+00:00,LOCO_02,MOVING,retrofitted,WS_02,retrofitted,,,0,5.0
13845.5,2025-12-10T14:45:30+00:00,LOCO_02,MOVING,track_19,retrofitted,track_19,,,0,5.0
13850.5,2025-12-10T14:50:30+00:00,LOCO_02,MOVING,WS_01,track_19,WS_01,,,0,5.0
13855.5,2025-12-10T14:55:30+00:00,LOCO_02,RAKE_COUPLING_STARTED,WS_01,,,,DAC,2,0.5
13856.0,2025-12-10T14:56:00+00:00,LOCO_02,RAKE_COUPLING_COMPLETED,WS_01,,,,DAC,2,0.5
13856.0,2025-12-10T14:56:00+00:00,LOCO_02,LOCO_COUPLING_STARTED,WS_01,,,,DAC,2,0.5
13856.5,2025-12-10T14:56:30+00:00,LOCO_02,LOCO_COUPLING_COMPLETED,WS_01,,,,DAC,2,0.5
13856.5,2025-12-10T14:56:30+00:00,LOCO_02,SHUNTING_PREP,WS_01,,,,,2,1.0
13857.5,2025-12-10T14:57:30+00:00,LOCO_02,MOVING,retrofitted,WS_01,retrofitted,,,0,116.5
13974.0,2025-12-10T16:54:00+00:00,LOCO_02,MOVING,track_19,retrofitted,track_19,,,0,7.0
13981.0,2025-12-10T17:01:00+00:00,LOCO_02,MOVING,retrofit,track_19,retrofit,,,0,5.0
13986.0,2025-12-10T17:06:00+00:00,LOCO_02,COUPLING_STARTED,retrofit,,,,SCREW,0,2.0
13988.0,2025-12-10T17:08:00+00:00,LOCO_02,COUPLING_COMPLETED,retrofit,,,,SCREW,0,2.0
13988.0,2025-12-10T17:08:00+00:00,LOCO_02,SHUNTING_PREP,retrofit,,,,,0,1.0
13989.0,2025-12-10T17:09:00+00:00,LOCO_02,MOVING,WS_01,retrofit,WS_01,,,0,5.0
13994.0,2025-12-10T17:14:00+00:00,LOCO_02,DECOUPLING_STARTED,WS_01,,,,SCREW,0,3.0
13997.0,2025-12-10T17:17:00+00:00,LOCO_02,DECOUPLING_COMPLETED,WS_01,,,,SCREW,0,3.0
14000.0,2025-12-10T17:20:00+00:00,LOCO_02,MOVING,track_19,WS_01,track_19,,,0,24.5
14024.5,2025-12-10T17:44:30+00:00,LOCO_02,MOVING,WS_02,track_19,WS_02,,,0,5.0
14029.5,2025-12-10T17:49:30+00:00,LOCO_02,RAKE_COUPLING_STARTED,WS_02,,,,DAC,2,0.5
14030.0,2025-12-10T17:50:00+00:00,LOCO_02,RAKE_COUPLING_COMPLETED,WS_02,,,,DAC,2,0.5
14030.0,2025-12-10T17:50:00+00:00,LOCO_02,LOCO_COUPLING_STARTED,WS_02,,,,DAC,2,0.5
14030.5,2025-12-10T17:50:30+00:00,LOCO_02,LOCO_COUPLING_COMPLETED,WS_02,,,,DAC,2,0.5
14030.5,2025-12-10T17:50:30+00:00,LOCO_02,SHUNTING_PREP,WS_02,,,,,2,1.0
14031.5,2025-12-10T17:51:30+00:00,LOCO_02,MOVING,retrofitted,WS_02,retrofitted,,,0,5.0
14036.5,2025-12-10T17:56:30+00:00,LOCO_02,MOVING,track_19,retrofitted,track_19,,,0,7.0
14043.5,2025-12-10T18:03:30+00:00,LOCO_02,MOVING,retrofit,track_19,retrofit,,,0,5.0
14048.5,2025-12-10T18:08:30+00:00,LOCO_02,COUPLING_STARTED,retrofit,,,,SCREW,0,2.0
14050.5,2025-12-10T18:10:30+00:00,LOCO_02,COUPLING_COMPLETED,retrofit,,,,SCREW,0,2.0
14050.5,2025-12-10T18:10:30+00:00,LOCO_02,SHUNTING_PREP,retrofit,,,,,0,1.0
14051.5,2025-12-10T18:11:30+00:00,LOCO_02,MOVING,WS_02,retrofit,WS_02,,,0,5.0
14056.5,2025-12-10T18:16:30+00:00,LOCO_02,DECOUPLING_STARTED,WS_02,,,,SCREW,0,3.0
14059.5,2025-12-10T18:19:30+00:00,LOCO_02,DECOUPLING_COMPLETED,WS_02,,,,SCREW,0,3.0
14062.5,2025-12-10T18:22:30+00:00,LOCO_02,MOVING,track_19,WS_02,track_19,,,0,5.0
14067.5,2025-12-10T18:27:30+00:00,LOCO_02,MOVING,WS_01,track_19,WS_01,,,0,5.0
14072.5,2025-12-10T18:32:30+00:00,LOCO_02,RAKE_COUPLING_STARTED,WS_01,,,,DAC,2,0.5
14073.0,2025-12-10T18:33:00+00:00,LOCO_02,RAKE_COUPLING_COMPLETED,WS_01,,,,DAC,2,0.5
14073.0,2025-12-10T18:33:00+00:00,LOCO_02,LOCO_COUPLING_STARTED,WS_01,,,,DAC,2,0.5
14073.5,2025-12-10T18:33:30+00:00,LOCO_02,LOCO_COUPLING_COMPLETED,WS_01,,,,DAC,2,0.5
14073.5,2025-12-10T18:33:30+00:00,LOCO_02,SHUNTING_PREP,WS_01,,,,,2,1.0
14074.5,2025-12-10T18:34:30+00:00,LOCO_02,MOVING,retrofitted,WS_01,retrofitted,,,0,5.0
14079.5,2025-12-10T18:39:30+00:00,LOCO_02,MOVING,track_19,retrofitted,track_19,,,0,5.0
14084.5,2025-12-10T18:44:30+00:00,LOCO_02,MOVING,collection2,track_19,collection2,,,0,60.0
14144.5,2025-12-10T19:44:30+00:00,LOCO_02,ALLOCATED,,,,batch_transport,,0,0.0
14144.5,2025-12-10T19:44:30+00:00,LOCO_02,LOCO_COUPLING_STARTED,collection2,,,,SCREW,1,2.0
14146.5,2025-12-10T19:46:30+00:00,LOCO_02,LOCO_COUPLING_COMPLETED,collection2,,,,SCREW,1,2.0
14146.5,2025-12-10T19:46:30+00:00,LOCO_02,SHUNTING_PREP,collection2,,,,,1,1.0
14147.5,2025-12-10T19:47:30+00:00,LOCO_02,MOVING,retrofit,collection2,retrofit,,,0,60.0
14207.5,2025-12-10T20:47:30+00:00,LOCO_02,LOCO_DECOUPLING_STARTED,retrofit,,,,SCREW,1,3.0
14210.5,2025-12-10T20:50:30+00:00,LOCO_02,MOVING,track_19,retrofit,track_19,,,0,0.0
14210.5,2025-12-10T20:50:30+00:00,LOCO_02,LOCO_DECOUPLING_COMPLETED,retrofit,,,,SCREW,1,3.0
14215.5,2025-12-10T20:55:30+00:00,LOCO_02,PARKING,,,,,,0,0.0
14215.5,2025-12-10T20:55:30+00:00,LOCO_02,ALLOCATED,,,,batch_transport,,0,0.0
14215.5,2025-12-10T20:55:30+00:00,LOCO_02,MOVING,retrofitted,track_19,retrofitted,,,0,5.0
14220.5,2025-12-10T21:00:30+00:00,LOCO_02,RAKE_COUPLING_STARTED,retrofitted,,,,DAC,4,1.5
14222.0,2025-12-10T21:02:00+00:00,LOCO_02,RAKE_COUPLING_COMPLETED,retrofitted,,,,DAC,4,1.5
14222.0,2025-12-10T21:02:00+00:00,LOCO_02,LOCO_COUPLING_STARTED,retrofitted,,,,DAC,4,0.5
14222.5,2025-12-10T21:02:30+00:00,LOCO_02,LOCO_COUPLING_COMPLETED,retrofitted,,,,DAC,4,0.5
14222.5,2025-12-10T21:02:30+00:00,LOCO_02,SHUNTING_PREP,retrofitted,,,,,4,1.0
14223.5,2025-12-10T21:03:30+00:00,LOCO_02,MOVING,parking9,retrofitted,parking9,,,0,5.0
14228.5,2025-12-10T21:08:30+00:00,LOCO_02,LOCO_DECOUPLING_STARTED,parking9,,,,DAC,4,0.5
14229.0,2025-12-10T21:09:00+00:00,LOCO_02,LOCO_DECOUPLING_COMPLETED,parking9,,,,DAC,4,0.5
14229.0,2025-12-10T21:09:00+00:00,LOCO_02,RAKE_DECOUPLING_STARTED,parking9,,,,DAC,4,1.5
14230.5,2025-12-10T21:10:30+00:00,LOCO_02,RAKE_DECOUPLING_COMPLETED,parking9,,,,DAC,4,1.5
14232.0,2025-12-10T21:12:00+00:00,LOCO_02,MOVING,track_19,parking9,track_19,,,0,5.0
14237.0,2025-12-10T21:17:00+00:00,LOCO_02,MOVING,WS_01,track_19,WS_01,,,0,5.0
14242.0,2025-12-10T21:22:00+00:00,LOCO_02,RAKE_COUPLING_STARTED,WS_01,,,,DAC,2,0.5
14242.5,2025-12-10T21:22:30+00:00,LOCO_02,RAKE_COUPLING_COMPLETED,WS_01,,,,DAC,2,0.5
14242.5,2025-12-10T21:22:30+00:00,LOCO_02,LOCO_COUPLING_STARTED,WS_01,,,,DAC,2,0.5
14243.0,2025-12-10T21:23:00+00:00,LOCO_02,LOCO_COUPLING_COMPLETED,WS_01,,,,DAC,2,0.5
14243.0,2025-12-10T21:23:00+00:00,LOCO_02,SHUNTING_PREP,WS_01,,,,,2,1.0
14244.0,2025-12-10T21:24:00+00:00,LOCO_02,MOVING,retrofitted,WS_01,retrofitted,,,0,5.0
14249.0,2025-12-10T21:29:00+00:00,LOCO_02,MOVING,track_19,retrofitted,track_19,,,0,5.0
14254.0,2025-12-10T21:34:00+00:00,LOCO_02,MOVING,WS_02,track_19,WS_02,,,0,5.0
14259.0,2025-12-10T21:39:00+00:00,LOCO_02,RAKE_COUPLING_STARTED,WS_02,,,,DAC,2,0.5
14259.5,2025-12-10T21:39:30+00:00,LOCO_02,RAKE_COUPLING_COMPLETED,WS_02,,,,DAC,2,0.5
14259.5,2025-12-10T21:39:30+00:00,LOCO_02,LOCO_COUPLING_STARTED,WS_02,,,,DAC,2,0.5
14260.0,2025-12-10T21:40:00+00:00,LOCO_02,LOCO_COUPLING_COMPLETED,WS_02,,,,DAC,2,0.5
14260.0,2025-12-10T21:40:00+00:00,LOCO_02,SHUNTING_PREP,WS_02,,,,,2,1.0
14261.0,2025-12-10T21:41:00+00:00,LOCO_02,MOVING,retrofitted,WS_02,retrofitted,,,0,5.0
14266.0,2025-12-10T21:46:00+00:00,LOCO_02,MOVING,track_19,retrofitted,track_19,,,0,7.0
14273.0,2025-12-10T21:53:00+00:00,LOCO_02,MOVING,retrofit,track_19,retrofit,,,0,5.0
14278.0,2025-12-10T21:58:00+00:00,LOCO_02,COUPLING_STARTED,retrofit,,,,SCREW,0,2.0
14280.0,2025-12-10T22:00:00+00:00,LOCO_02,COUPLING_COMPLETED,retrofit,,,,SCREW,0,2.0
14280.0,2025-12-10T22:00:00+00:00,LOCO_02,SHUNTING_PREP,retrofit,,,,,0,1.0
14281.0,2025-12-10T22:01:00+00:00,LOCO_02,MOVING,WS_01,retrofit,WS_01,,,0,5.0
14286.0,2025-12-10T22:06:00+00:00,LOCO_02,DECOUPLING_STARTED,WS_01,,,,SCREW,0,3.0
14289.0,2025-12-10T22:09:00+00:00,LOCO_02,DECOUPLING_COMPLETED,WS_01,,,,SCREW,0,3.0
14292.0,2025-12-10T22:12:00+00:00,LOCO_02,MOVING,track_19,WS_01,track_19,,,0,5.0
14297.0,2025-12-10T22:17:00+00:00,LOCO_02,ALLOCATED,,,,batch_transport,,0,0.0
14297.0,2025-12-10T22:17:00+00:00,LOCO_02,MOVING,retrofitted,track_19,retrofitted,,,0,5.0
14302.0,2025-12-10T22:22:00+00:00,LOCO_02,RAKE_COUPLING_STARTED,retrofitted,,,,DAC,4,1.5
14303.5,2025-12-10T22:23:30+00:00,LOCO_02,RAKE_COUPLING_COMPLETED,retrofitted,,,,DAC,4,1.5
14303.5,2025-12-10T22:23:30+00:00,LOCO_02,LOCO_COUPLING_STARTED,retrofitted,,,,DAC,4,0.5
14304.0,2025-12-10T22:24:00+00:00,LOCO_02,LOCO_COUPLING_COMPLETED,retrofitted,,,,DAC,4,0.5
14304.0,2025-12-10T22:24:00+00:00,LOCO_02,SHUNTING_PREP,retrofitted,,,,,4,1.0
14305.0,2025-12-10T22:25:00+00:00,LOCO_02,MOVING,parking13,retrofitted,parking13,,,0,75.0
14380.0,2025-12-10T23:40:00+00:00,LOCO_02,LOCO_DECOUPLING_STARTED,parking13,,,,DAC,4,0.5
14380.5,2025-12-10T23:40:30+00:00,LOCO_02,LOCO_DECOUPLING_COMPLETED,parking13,,,,DAC,4,0.5
14380.5,2025-12-10T23:40:30+00:00,LOCO_02,RAKE_DECOUPLING_STARTED,parking13,,,,DAC,4,1.5
14382.0,2025-12-10T23:42:00+00:00,LOCO_02,RAKE_DECOUPLING_COMPLETED,parking13,,,,DAC,4,1.5
14383.5,2025-12-10T23:43:30+00:00,LOCO_02,MOVING,track_19,parking13,track_19,,,0,0.0
