timestamp,datetime,locomotive_id,event,from_location,to_location,purpose
360.0,2025-12-01T06:00:00+00:00,LOCO_01,MOVING,track_19,collection1,
420.0,2025-12-01T07:00:00+00:00,LOCO_01,ALLOCATED,,,batch_transport
425.0,2025-12-01T07:05:00+00:00,LOCO_01,MOVING,collection1,retrofit,
487.0,2025-12-01T08:07:00+00:00,LOCO_02,MOVING,track_19,retrofit,
494.0,2025-12-01T08:14:00+00:00,LOCO_01,MOVING,retrofit,track_19,
495.0,2025-12-01T08:15:00+00:00,LOCO_02,MOVING,retrofit,WS_01,
499.0,2025-12-01T08:19:00+00:00,LOCO_01,PARKING,,,
499.0,2025-12-01T08:19:00+00:00,LOCO_01,MOVING,track_19,collection1,
506.0,2025-12-01T08:26:00+00:00,LOCO_02,MOVING,WS_01,track_19,
559.0,2025-12-01T09:19:00+00:00,LOCO_01,ALLOCATED,,,batch_transport
564.0,2025-12-01T09:24:00+00:00,LOCO_01,MOVING,collection1,retrofit,
566.5,2025-12-01T09:26:30+00:00,LOCO_02,MOVING,track_19,WS_01,
573.5,2025-12-01T09:33:30+00:00,LOCO_02,MOVING,WS_01,retrofitted,
578.5,2025-12-01T09:38:30+00:00,LOCO_02,MOVING,retrofitted,track_19,
623.5,2025-12-01T10:23:30+00:00,LOCO_02,ALLOCATED,,,batch_transport
623.5,2025-12-01T10:23:30+00:00,LOCO_02,MOVING,track_19,retrofitted,
630.5,2025-12-01T10:30:30+00:00,LOCO_02,MOVING,retrofitted,parking16,
633.0,2025-12-01T10:33:00+00:00,LOCO_01,MOVING,retrofit,track_19,
638.0,2025-12-01T10:38:00+00:00,LOCO_01,PARKING,,,
640.0,2025-12-01T10:40:00+00:00,LOCO_01,MOVING,track_19,retrofit,
648.0,2025-12-01T10:48:00+00:00,LOCO_01,MOVING,retrofit,WS_01,
659.0,2025-12-01T10:59:00+00:00,LOCO_01,MOVING,WS_01,track_19,
664.0,2025-12-01T11:04:00+00:00,LOCO_01,MOVING,track_19,collection1,
724.0,2025-12-01T12:04:00+00:00,LOCO_01,ALLOCATED,,,batch_transport
733.0,2025-12-01T12:13:00+00:00,LOCO_01,MOVING,collection1,retrofit,
752.0,2025-12-01T12:32:00+00:00,LOCO_02,MOVING,parking16,track_19,
812.0,2025-12-01T13:32:00+00:00,LOCO_02,MOVING,track_19,WS_01,
814.0,2025-12-01T13:34:00+00:00,LOCO_01,MOVING,retrofit,track_19,
819.0,2025-12-01T13:39:00+00:00,LOCO_01,PARKING,,,
819.0,2025-12-01T13:39:00+00:00,LOCO_02,MOVING,WS_01,retrofitted,
821.0,2025-12-01T13:41:00+00:00,LOCO_01,MOVING,track_19,retrofit,
824.0,2025-12-01T13:44:00+00:00,LOCO_02,MOVING,retrofitted,track_19,
829.0,2025-12-01T13:49:00+00:00,LOCO_01,MOVING,retrofit,WS_02,
831.0,2025-12-01T13:51:00+00:00,LOCO_02,MOVING,track_19,retrofit,
839.0,2025-12-01T13:59:00+00:00,LOCO_02,MOVING,retrofit,WS_01,
840.0,2025-12-01T14:00:00+00:00,LOCO_01,MOVING,WS_02,track_19,
845.0,2025-12-01T14:05:00+00:00,LOCO_01,MOVING,track_19,collection1,
850.0,2025-12-01T14:10:00+00:00,LOCO_02,MOVING,WS_01,track_19,
870.0,2025-12-01T14:30:00+00:00,LOCO_02,ALLOCATED,,,batch_transport
870.0,2025-12-01T14:30:00+00:00,LOCO_02,MOVING,track_19,retrofitted,
877.0,2025-12-01T14:37:00+00:00,LOCO_02,MOVING,retrofitted,parking16,
905.0,2025-12-01T15:05:00+00:00,LOCO_01,ALLOCATED,,,batch_transport
936.0,2025-12-01T15:36:00+00:00,LOCO_01,MOVING,collection1,retrofit,
998.5,2025-12-01T16:38:30+00:00,LOCO_02,MOVING,parking16,track_19,
1058.5,2025-12-01T17:38:30+00:00,LOCO_02,MOVING,track_19,WS_02,
1065.5,2025-12-01T17:45:30+00:00,LOCO_02,MOVING,WS_02,retrofitted,
1070.5,2025-12-01T17:50:30+00:00,LOCO_02,MOVING,retrofitted,track_19,
1075.5,2025-12-01T17:55:30+00:00,LOCO_02,MOVING,track_19,WS_01,
1082.5,2025-12-01T18:02:30+00:00,LOCO_02,MOVING,WS_01,retrofitted,
1083.0,2025-12-01T18:03:00+00:00,LOCO_01,MOVING,retrofit,track_19,
1087.5,2025-12-01T18:07:30+00:00,LOCO_02,MOVING,retrofitted,track_19,
1088.0,2025-12-01T18:08:00+00:00,LOCO_01,PARKING,,,
1090.0,2025-12-01T18:10:00+00:00,LOCO_01,MOVING,track_19,retrofit,
1094.5,2025-12-01T18:14:30+00:00,LOCO_02,MOVING,track_19,retrofit,
1098.0,2025-12-01T18:18:00+00:00,LOCO_01,MOVING,retrofit,WS_02,
1102.5,2025-12-01T18:22:30+00:00,LOCO_02,MOVING,retrofit,WS_01,
1109.0,2025-12-01T18:29:00+00:00,LOCO_01,MOVING,WS_02,track_19,
1113.5,2025-12-01T18:33:30+00:00,LOCO_02,MOVING,WS_01,track_19,
1117.5,2025-12-01T18:37:30+00:00,LOCO_01,ALLOCATED,,,batch_transport
1117.5,2025-12-01T18:37:30+00:00,LOCO_01,MOVING,track_19,retrofitted,
1124.5,2025-12-01T18:44:30+00:00,LOCO_01,MOVING,retrofitted,parking16,
1169.5,2025-12-01T19:29:30+00:00,LOCO_02,MOVING,track_19,WS_02,
1176.5,2025-12-01T19:36:30+00:00,LOCO_02,MOVING,WS_02,retrofitted,
1181.5,2025-12-01T19:41:30+00:00,LOCO_02,MOVING,retrofitted,track_19,
1186.5,2025-12-01T19:46:30+00:00,LOCO_02,MOVING,track_19,WS_01,
1193.5,2025-12-01T19:53:30+00:00,LOCO_02,MOVING,WS_01,retrofitted,
1198.5,2025-12-01T19:58:30+00:00,LOCO_02,MOVING,retrofitted,track_19,
1205.5,2025-12-01T20:05:30+00:00,LOCO_02,MOVING,track_19,retrofit,
1213.5,2025-12-01T20:13:30+00:00,LOCO_02,MOVING,retrofit,WS_02,
1224.5,2025-12-01T20:24:30+00:00,LOCO_02,MOVING,WS_02,track_19,
1231.5,2025-12-01T20:31:30+00:00,LOCO_02,MOVING,track_19,retrofit,
1239.5,2025-12-01T20:39:30+00:00,LOCO_02,MOVING,retrofit,WS_01,
1246.0,2025-12-01T20:46:00+00:00,LOCO_01,MOVING,parking16,track_19,
1250.5,2025-12-01T20:50:30+00:00,LOCO_02,MOVING,WS_01,track_19,
1255.5,2025-12-01T20:55:30+00:00,LOCO_02,MOVING,track_19,collection1,
1306.0,2025-12-01T21:46:00+00:00,LOCO_01,MOVING,track_19,WS_02,
1313.0,2025-12-01T21:53:00+00:00,LOCO_01,MOVING,WS_02,retrofitted,
1315.5,2025-12-01T21:55:30+00:00,LOCO_02,ALLOCATED,,,batch_transport
1318.0,2025-12-01T21:58:00+00:00,LOCO_01,MOVING,retrofitted,track_19,
1323.0,2025-12-01T22:03:00+00:00,LOCO_01,MOVING,track_19,WS_01,
1326.5,2025-12-01T22:06:30+00:00,LOCO_02,MOVING,collection1,retrofit,
1330.0,2025-12-01T22:10:00+00:00,LOCO_01,MOVING,WS_01,retrofitted,
1335.0,2025-12-01T22:15:00+00:00,LOCO_01,MOVING,retrofitted,track_19,
1342.0,2025-12-01T22:22:00+00:00,LOCO_01,MOVING,track_19,retrofit,
1350.0,2025-12-01T22:30:00+00:00,LOCO_01,MOVING,retrofit,WS_02,
1361.0,2025-12-01T22:41:00+00:00,LOCO_01,MOVING,WS_02,track_19,
1368.0,2025-12-01T22:48:00+00:00,LOCO_01,MOVING,track_19,retrofit,
1376.0,2025-12-01T22:56:00+00:00,LOCO_01,MOVING,retrofit,WS_01,
1387.0,2025-12-01T23:07:00+00:00,LOCO_01,MOVING,WS_01,track_19,
1392.0,2025-12-01T23:12:00+00:00,LOCO_01,ALLOCATED,,,batch_transport
1392.0,2025-12-01T23:12:00+00:00,LOCO_01,MOVING,track_19,retrofitted,
1401.0,2025-12-01T23:21:00+00:00,LOCO_01,MOVING,retrofitted,parking16,
1413.5,2025-12-01T23:33:30+00:00,LOCO_02,MOVING,retrofit,track_19,
1418.5,2025-12-01T23:38:30+00:00,LOCO_02,PARKING,,,
1421.5,2025-12-01T23:41:30+00:00,LOCO_02,MOVING,track_19,WS_02,
1428.5,2025-12-01T23:48:30+00:00,LOCO_02,MOVING,WS_02,retrofitted,
1433.5,2025-12-01T23:53:30+00:00,LOCO_02,MOVING,retrofitted,track_19,
1440.5,2025-12-02T00:00:30+00:00,LOCO_02,MOVING,track_19,retrofit,
1448.5,2025-12-02T00:08:30+00:00,LOCO_02,MOVING,retrofit,WS_02,
1459.5,2025-12-02T00:19:30+00:00,LOCO_02,MOVING,WS_02,track_19,
1464.5,2025-12-02T00:24:30+00:00,LOCO_02,MOVING,track_19,WS_01,
1471.5,2025-12-02T00:31:30+00:00,LOCO_02,MOVING,WS_01,retrofitted,
1476.5,2025-12-02T00:36:30+00:00,LOCO_02,MOVING,retrofitted,track_19,
1483.5,2025-12-02T00:43:30+00:00,LOCO_02,MOVING,track_19,retrofit,
1491.5,2025-12-02T00:51:30+00:00,LOCO_02,MOVING,retrofit,WS_01,
1502.5,2025-12-02T01:02:30+00:00,LOCO_02,MOVING,WS_01,track_19,
1507.5,2025-12-02T01:07:30+00:00,LOCO_02,MOVING,track_19,collection1,
1526.5,2025-12-02T01:26:30+00:00,LOCO_01,MOVING,parking16,track_19,
1567.5,2025-12-02T02:07:30+00:00,LOCO_02,ALLOCATED,,,batch_transport
1586.5,2025-12-02T02:26:30+00:00,LOCO_02,MOVING,collection1,retrofit,
1586.5,2025-12-02T02:26:30+00:00,LOCO_01,MOVING,track_19,WS_02,
1593.5,2025-12-02T02:33:30+00:00,LOCO_01,MOVING,WS_02,retrofitted,
1598.5,2025-12-02T02:38:30+00:00,LOCO_01,MOVING,retrofitted,track_19,
1603.5,2025-12-02T02:43:30+00:00,LOCO_01,MOVING,track_19,WS_01,
1610.5,2025-12-02T02:50:30+00:00,LOCO_01,MOVING,WS_01,retrofitted,
1615.5,2025-12-02T02:55:30+00:00,LOCO_01,MOVING,retrofitted,track_19,
1622.5,2025-12-02T03:02:30+00:00,LOCO_01,MOVING,track_19,retrofit,
1630.5,2025-12-02T03:10:30+00:00,LOCO_01,MOVING,retrofit,WS_02,
1641.5,2025-12-02T03:21:30+00:00,LOCO_01,MOVING,WS_02,track_19,
1648.5,2025-12-02T03:28:30+00:00,LOCO_01,MOVING,track_19,retrofit,
1656.5,2025-12-02T03:36:30+00:00,LOCO_01,MOVING,retrofit,WS_01,
1667.5,2025-12-02T03:47:30+00:00,LOCO_01,MOVING,WS_01,track_19,
1672.5,2025-12-02T03:52:30+00:00,LOCO_01,ALLOCATED,,,batch_transport
1672.5,2025-12-02T03:52:30+00:00,LOCO_01,MOVING,track_19,retrofitted,
1682.5,2025-12-02T04:02:30+00:00,LOCO_01,MOVING,retrofitted,parking16,
1697.5,2025-12-02T04:17:30+00:00,LOCO_02,MOVING,retrofit,track_19,
1702.5,2025-12-02T04:22:30+00:00,LOCO_02,PARKING,,,
1702.5,2025-12-02T04:22:30+00:00,LOCO_02,MOVING,track_19,WS_02,
1709.5,2025-12-02T04:29:30+00:00,LOCO_02,MOVING,WS_02,retrofitted,
1714.5,2025-12-02T04:34:30+00:00,LOCO_02,MOVING,retrofitted,track_19,
1721.5,2025-12-02T04:41:30+00:00,LOCO_02,MOVING,track_19,retrofit,
1729.5,2025-12-02T04:49:30+00:00,LOCO_02,MOVING,retrofit,WS_02,
1740.5,2025-12-02T05:00:30+00:00,LOCO_02,MOVING,WS_02,track_19,
1745.5,2025-12-02T05:05:30+00:00,LOCO_02,MOVING,track_19,WS_01,
1752.5,2025-12-02T05:12:30+00:00,LOCO_02,MOVING,WS_01,retrofitted,
1757.5,2025-12-02T05:17:30+00:00,LOCO_02,MOVING,retrofitted,track_19,
1762.5,2025-12-02T05:22:30+00:00,LOCO_02,MOVING,track_19,collection2,
1810.0,2025-12-02T06:10:00+00:00,LOCO_01,MOVING,parking16,track_19,
1822.5,2025-12-02T06:22:30+00:00,LOCO_02,ALLOCATED,,,batch_transport
1829.5,2025-12-02T06:29:30+00:00,LOCO_02,MOVING,collection2,retrofit,
1870.0,2025-12-02T07:10:00+00:00,LOCO_01,MOVING,track_19,WS_02,
1877.0,2025-12-02T07:17:00+00:00,LOCO_01,MOVING,WS_02,retrofitted,
1882.0,2025-12-02T07:22:00+00:00,LOCO_01,MOVING,retrofitted,track_19,
1889.0,2025-12-02T07:29:00+00:00,LOCO_01,MOVING,track_19,retrofit,
1897.0,2025-12-02T07:37:00+00:00,LOCO_01,MOVING,retrofit,WS_01,
1904.5,2025-12-02T07:44:30+00:00,LOCO_02,MOVING,retrofit,track_19,
1908.0,2025-12-02T07:48:00+00:00,LOCO_01,MOVING,WS_01,track_19,
1909.5,2025-12-02T07:49:30+00:00,LOCO_02,PARKING,,,
1911.5,2025-12-02T07:51:30+00:00,LOCO_02,MOVING,track_19,retrofit,
1913.0,2025-12-02T07:53:00+00:00,LOCO_01,ALLOCATED,,,batch_transport
1913.0,2025-12-02T07:53:00+00:00,LOCO_01,MOVING,track_19,retrofitted,
1919.5,2025-12-02T07:59:30+00:00,LOCO_02,MOVING,retrofit,WS_02,
1923.0,2025-12-02T08:03:00+00:00,LOCO_01,MOVING,retrofitted,parking16,
1930.5,2025-12-02T08:10:30+00:00,LOCO_02,MOVING,WS_02,track_19,
1968.5,2025-12-02T08:48:30+00:00,LOCO_02,MOVING,track_19,WS_01,
1975.5,2025-12-02T08:55:30+00:00,LOCO_02,MOVING,WS_01,retrofitted,
1980.5,2025-12-02T09:00:30+00:00,LOCO_02,MOVING,retrofitted,track_19,
1987.5,2025-12-02T09:07:30+00:00,LOCO_02,MOVING,track_19,retrofit,
1995.5,2025-12-02T09:15:30+00:00,LOCO_02,MOVING,retrofit,WS_01,
2006.5,2025-12-02T09:26:30+00:00,LOCO_02,MOVING,WS_01,track_19,
2011.5,2025-12-02T09:31:30+00:00,LOCO_02,MOVING,track_19,WS_02,
2018.5,2025-12-02T09:38:30+00:00,LOCO_02,MOVING,WS_02,retrofitted,
2023.5,2025-12-02T09:43:30+00:00,LOCO_02,MOVING,retrofitted,track_19,
2030.5,2025-12-02T09:50:30+00:00,LOCO_02,MOVING,track_19,retrofit,
2038.5,2025-12-02T09:58:30+00:00,LOCO_02,MOVING,retrofit,WS_02,
2049.5,2025-12-02T10:09:30+00:00,LOCO_02,MOVING,WS_02,track_19,
2050.5,2025-12-02T10:10:30+00:00,LOCO_01,MOVING,parking16,track_19,
2054.5,2025-12-02T10:14:30+00:00,LOCO_02,MOVING,track_19,collection1,
2110.5,2025-12-02T11:10:30+00:00,LOCO_01,MOVING,track_19,WS_01,
2114.5,2025-12-02T11:14:30+00:00,LOCO_02,ALLOCATED,,,batch_transport
2117.5,2025-12-02T11:17:30+00:00,LOCO_01,MOVING,WS_01,retrofitted,
2121.5,2025-12-02T11:21:30+00:00,LOCO_02,MOVING,collection1,retrofit,
2122.5,2025-12-02T11:22:30+00:00,LOCO_01,MOVING,retrofitted,track_19,
2127.5,2025-12-02T11:27:30+00:00,LOCO_01,MOVING,track_19,WS_02,
2134.5,2025-12-02T11:34:30+00:00,LOCO_01,MOVING,WS_02,retrofitted,
2139.5,2025-12-02T11:39:30+00:00,LOCO_01,MOVING,retrofitted,track_19,
2146.5,2025-12-02T11:46:30+00:00,LOCO_01,MOVING,track_19,retrofit,
2154.5,2025-12-02T11:54:30+00:00,LOCO_01,MOVING,retrofit,WS_01,
2165.5,2025-12-02T12:05:30+00:00,LOCO_01,MOVING,WS_01,track_19,
2170.5,2025-12-02T12:10:30+00:00,LOCO_01,MOVING,track_19,collection2,
2196.5,2025-12-02T12:36:30+00:00,LOCO_02,MOVING,retrofit,track_19,
2201.5,2025-12-02T12:41:30+00:00,LOCO_02,PARKING,,,
2203.5,2025-12-02T12:43:30+00:00,LOCO_02,MOVING,track_19,retrofit,
2211.5,2025-12-02T12:51:30+00:00,LOCO_02,MOVING,retrofit,WS_02,
2222.5,2025-12-02T13:02:30+00:00,LOCO_02,MOVING,WS_02,track_19,
2227.5,2025-12-02T13:07:30+00:00,LOCO_02,MOVING,track_19,WS_01,
2230.5,2025-12-02T13:10:30+00:00,LOCO_01,ALLOCATED,,,batch_transport
2234.5,2025-12-02T13:14:30+00:00,LOCO_02,MOVING,WS_01,retrofitted,
2239.5,2025-12-02T13:19:30+00:00,LOCO_02,MOVING,retrofitted,track_19,
2244.5,2025-12-02T13:24:30+00:00,LOCO_02,ALLOCATED,,,batch_transport
2244.5,2025-12-02T13:24:30+00:00,LOCO_02,MOVING,track_19,retrofitted,
2245.5,2025-12-02T13:25:30+00:00,LOCO_01,MOVING,collection2,retrofit,
2253.5,2025-12-02T13:33:30+00:00,LOCO_02,MOVING,retrofitted,parking16,
2344.5,2025-12-02T15:04:30+00:00,LOCO_01,MOVING,retrofit,track_19,
2349.5,2025-12-02T15:09:30+00:00,LOCO_01,PARKING,,,
2349.5,2025-12-02T15:09:30+00:00,LOCO_01,MOVING,track_19,WS_02,
2356.5,2025-12-02T15:16:30+00:00,LOCO_01,MOVING,WS_02,retrofitted,
2361.5,2025-12-02T15:21:30+00:00,LOCO_01,MOVING,retrofitted,track_19,
2366.5,2025-12-02T15:26:30+00:00,LOCO_01,MOVING,track_19,retrofit,
2374.5,2025-12-02T15:34:30+00:00,LOCO_01,MOVING,retrofit,WS_01,
2379.0,2025-12-02T15:39:00+00:00,LOCO_02,MOVING,parking16,track_19,
2382.5,2025-12-02T15:42:30+00:00,LOCO_01,MOVING,WS_01,track_19,
2389.5,2025-12-02T15:49:30+00:00,LOCO_01,MOVING,track_19,retrofit,
2397.5,2025-12-02T15:57:30+00:00,LOCO_01,MOVING,retrofit,WS_02,
2408.5,2025-12-02T16:08:30+00:00,LOCO_01,MOVING,WS_02,track_19,
2439.0,2025-12-02T16:39:00+00:00,LOCO_01,ALLOCATED,,,batch_transport
2439.0,2025-12-02T16:39:00+00:00,LOCO_01,MOVING,track_19,retrofitted,
2442.5,2025-12-02T16:42:30+00:00,LOCO_02,MOVING,track_19,WS_01,
2449.0,2025-12-02T16:49:00+00:00,LOCO_01,MOVING,retrofitted,parking16,
2449.0,2025-12-02T16:49:00+00:00,LOCO_02,MOVING,WS_01,retrofitted,
2454.0,2025-12-02T16:54:00+00:00,LOCO_02,MOVING,retrofitted,track_19,
2461.0,2025-12-02T17:01:00+00:00,LOCO_02,MOVING,track_19,retrofit,
2469.0,2025-12-02T17:09:00+00:00,LOCO_02,MOVING,retrofit,WS_01,
2480.0,2025-12-02T17:20:00+00:00,LOCO_02,MOVING,WS_01,track_19,
2485.0,2025-12-02T17:25:00+00:00,LOCO_02,MOVING,track_19,WS_02,
2492.0,2025-12-02T17:32:00+00:00,LOCO_02,MOVING,WS_02,retrofitted,
2497.0,2025-12-02T17:37:00+00:00,LOCO_02,MOVING,retrofitted,track_19,
2502.0,2025-12-02T17:42:00+00:00,LOCO_02,MOVING,track_19,collection1,
2562.0,2025-12-02T18:42:00+00:00,LOCO_02,ALLOCATED,,,batch_transport
2576.5,2025-12-02T18:56:30+00:00,LOCO_01,MOVING,parking16,track_19,
2579.0,2025-12-02T18:59:00+00:00,LOCO_02,MOVING,collection1,retrofit,
2636.5,2025-12-02T19:56:30+00:00,LOCO_01,MOVING,track_19,WS_01,
2643.5,2025-12-02T20:03:30+00:00,LOCO_01,MOVING,WS_01,retrofitted,
2648.5,2025-12-02T20:08:30+00:00,LOCO_01,MOVING,retrofitted,track_19,
2655.5,2025-12-02T20:15:30+00:00,LOCO_01,MOVING,track_19,retrofit,
2663.5,2025-12-02T20:23:30+00:00,LOCO_01,MOVING,retrofit,WS_02,
2674.5,2025-12-02T20:34:30+00:00,LOCO_01,MOVING,WS_02,track_19,
2681.5,2025-12-02T20:41:30+00:00,LOCO_01,MOVING,track_19,retrofit,
2684.0,2025-12-02T20:44:00+00:00,LOCO_02,MOVING,retrofit,track_19,
2689.0,2025-12-02T20:49:00+00:00,LOCO_02,PARKING,,,
2689.0,2025-12-02T20:49:00+00:00,LOCO_02,MOVING,track_19,collection2,
2689.5,2025-12-02T20:49:30+00:00,LOCO_01,MOVING,retrofit,WS_01,
2700.5,2025-12-02T21:00:30+00:00,LOCO_01,MOVING,WS_01,track_19,
2705.5,2025-12-02T21:05:30+00:00,LOCO_01,ALLOCATED,,,batch_transport
2705.5,2025-12-02T21:05:30+00:00,LOCO_01,MOVING,track_19,retrofitted,
2713.0,2025-12-02T21:13:00+00:00,LOCO_01,MOVING,retrofitted,parking16,
2749.0,2025-12-02T21:49:00+00:00,LOCO_02,ALLOCATED,,,batch_transport
2752.0,2025-12-02T21:52:00+00:00,LOCO_02,MOVING,collection2,retrofit,
2815.0,2025-12-02T22:55:00+00:00,LOCO_02,MOVING,retrofit,track_19,
2820.0,2025-12-02T23:00:00+00:00,LOCO_02,PARKING,,,
2820.0,2025-12-02T23:00:00+00:00,LOCO_02,MOVING,track_19,WS_02,
2827.0,2025-12-02T23:07:00+00:00,LOCO_02,MOVING,WS_02,retrofitted,
2832.0,2025-12-02T23:12:00+00:00,LOCO_02,MOVING,retrofitted,track_19,
2835.5,2025-12-02T23:15:30+00:00,LOCO_01,MOVING,parking16,track_19,
2837.0,2025-12-02T23:17:00+00:00,LOCO_02,MOVING,track_19,WS_01,
2844.0,2025-12-02T23:24:00+00:00,LOCO_02,MOVING,WS_01,retrofitted,
2849.0,2025-12-02T23:29:00+00:00,LOCO_02,MOVING,retrofitted,track_19,
2856.0,2025-12-02T23:36:00+00:00,LOCO_02,MOVING,track_19,retrofit,
2864.0,2025-12-02T23:44:00+00:00,LOCO_02,MOVING,retrofit,WS_02,
2875.0,2025-12-02T23:55:00+00:00,LOCO_02,MOVING,WS_02,track_19,
2882.0,2025-12-03T00:02:00+00:00,LOCO_02,MOVING,track_19,retrofit,
2890.0,2025-12-03T00:10:00+00:00,LOCO_02,MOVING,retrofit,WS_01,
2895.5,2025-12-03T00:15:30+00:00,LOCO_01,MOVING,track_19,collection1,
2901.0,2025-12-03T00:21:00+00:00,LOCO_02,MOVING,WS_01,track_19,
2906.0,2025-12-03T00:26:00+00:00,LOCO_02,MOVING,track_19,collection2,
2955.5,2025-12-03T01:15:30+00:00,LOCO_01,ALLOCATED,,,batch_transport
2966.0,2025-12-03T01:26:00+00:00,LOCO_02,ALLOCATED,,,batch_transport
2969.0,2025-12-03T01:29:00+00:00,LOCO_02,MOVING,collection2,retrofit,
2970.5,2025-12-03T01:30:30+00:00,LOCO_01,MOVING,collection1,retrofit,
3032.0,2025-12-03T02:32:00+00:00,LOCO_02,MOVING,retrofit,track_19,
3037.0,2025-12-03T02:37:00+00:00,LOCO_02,PARKING,,,
3037.0,2025-12-03T02:37:00+00:00,LOCO_02,MOVING,track_19,WS_02,
3044.0,2025-12-03T02:44:00+00:00,LOCO_02,MOVING,WS_02,retrofitted,
3049.0,2025-12-03T02:49:00+00:00,LOCO_02,MOVING,retrofitted,track_19,
3054.0,2025-12-03T02:54:00+00:00,LOCO_02,MOVING,track_19,WS_01,
3061.0,2025-12-03T03:01:00+00:00,LOCO_02,MOVING,WS_01,retrofitted,
3066.0,2025-12-03T03:06:00+00:00,LOCO_02,MOVING,retrofitted,track_19,
3069.5,2025-12-03T03:09:30+00:00,LOCO_01,MOVING,retrofit,track_19,
3073.0,2025-12-03T03:13:00+00:00,LOCO_02,MOVING,track_19,retrofit,
3074.5,2025-12-03T03:14:30+00:00,LOCO_01,PARKING,,,
3076.5,2025-12-03T03:16:30+00:00,LOCO_01,MOVING,track_19,retrofit,
3081.0,2025-12-03T03:21:00+00:00,LOCO_02,MOVING,retrofit,WS_02,
3084.5,2025-12-03T03:24:30+00:00,LOCO_01,MOVING,retrofit,WS_01,
3092.0,2025-12-03T03:32:00+00:00,LOCO_02,MOVING,WS_02,track_19,
3095.5,2025-12-03T03:35:30+00:00,LOCO_01,MOVING,WS_01,track_19,
3097.0,2025-12-03T03:37:00+00:00,LOCO_02,ALLOCATED,,,batch_transport
3097.0,2025-12-03T03:37:00+00:00,LOCO_02,MOVING,track_19,retrofitted,
3106.0,2025-12-03T03:46:00+00:00,LOCO_02,MOVING,retrofitted,parking16,
3152.5,2025-12-03T04:32:30+00:00,LOCO_01,MOVING,track_19,WS_02,
3159.5,2025-12-03T04:39:30+00:00,LOCO_01,MOVING,WS_02,retrofitted,
3164.5,2025-12-03T04:44:30+00:00,LOCO_01,MOVING,retrofitted,track_19,
3169.5,2025-12-03T04:49:30+00:00,LOCO_01,MOVING,track_19,WS_01,
3176.5,2025-12-03T04:56:30+00:00,LOCO_01,MOVING,WS_01,retrofitted,
3181.5,2025-12-03T05:01:30+00:00,LOCO_01,MOVING,retrofitted,track_19,
3188.5,2025-12-03T05:08:30+00:00,LOCO_01,MOVING,track_19,retrofit,
3196.5,2025-12-03T05:16:30+00:00,LOCO_01,MOVING,retrofit,WS_02,
3207.5,2025-12-03T05:27:30+00:00,LOCO_01,MOVING,WS_02,track_19,
3214.5,2025-12-03T05:34:30+00:00,LOCO_01,MOVING,track_19,retrofit,
3222.5,2025-12-03T05:42:30+00:00,LOCO_01,MOVING,retrofit,WS_01,
3231.5,2025-12-03T05:51:30+00:00,LOCO_02,MOVING,parking16,track_19,
3233.5,2025-12-03T05:53:30+00:00,LOCO_01,MOVING,WS_01,track_19,
3238.5,2025-12-03T05:58:30+00:00,LOCO_01,MOVING,track_19,collection2,
3291.5,2025-12-03T06:51:30+00:00,LOCO_02,MOVING,track_19,WS_02,
3298.5,2025-12-03T06:58:30+00:00,LOCO_01,ALLOCATED,,,batch_transport
3298.5,2025-12-03T06:58:30+00:00,LOCO_02,MOVING,WS_02,retrofitted,
3303.5,2025-12-03T07:03:30+00:00,LOCO_02,MOVING,retrofitted,track_19,
3307.5,2025-12-03T07:07:30+00:00,LOCO_01,MOVING,collection2,retrofit,
3308.5,2025-12-03T07:08:30+00:00,LOCO_02,MOVING,track_19,WS_01,
3315.5,2025-12-03T07:15:30+00:00,LOCO_02,MOVING,WS_01,retrofitted,
3320.5,2025-12-03T07:20:30+00:00,LOCO_02,MOVING,retrofitted,track_19,
3325.5,2025-12-03T07:25:30+00:00,LOCO_02,ALLOCATED,,,batch_transport
3325.5,2025-12-03T07:25:30+00:00,LOCO_02,MOVING,track_19,retrofitted,
3335.5,2025-12-03T07:35:30+00:00,LOCO_02,MOVING,retrofitted,parking16,
3388.5,2025-12-03T08:28:30+00:00,LOCO_01,MOVING,retrofit,track_19,
3393.5,2025-12-03T08:33:30+00:00,LOCO_01,PARKING,,,
3395.5,2025-12-03T08:35:30+00:00,LOCO_01,MOVING,track_19,retrofit,
3403.5,2025-12-03T08:43:30+00:00,LOCO_01,MOVING,retrofit,WS_02,
3414.5,2025-12-03T08:54:30+00:00,LOCO_01,MOVING,WS_02,track_19,
3421.5,2025-12-03T09:01:30+00:00,LOCO_01,MOVING,track_19,retrofit,
3429.5,2025-12-03T09:09:30+00:00,LOCO_01,MOVING,retrofit,WS_01,
3440.5,2025-12-03T09:20:30+00:00,LOCO_01,MOVING,WS_01,track_19,
3445.5,2025-12-03T09:25:30+00:00,LOCO_01,MOVING,track_19,collection1,
3463.0,2025-12-03T09:43:00+00:00,LOCO_02,MOVING,parking16,track_19,
3505.5,2025-12-03T10:25:30+00:00,LOCO_01,ALLOCATED,,,batch_transport
3518.5,2025-12-03T10:38:30+00:00,LOCO_01,MOVING,collection1,retrofit,
3523.0,2025-12-03T10:43:00+00:00,LOCO_02,MOVING,track_19,WS_02,
3530.0,2025-12-03T10:50:00+00:00,LOCO_02,MOVING,WS_02,retrofitted,
3535.0,2025-12-03T10:55:00+00:00,LOCO_02,MOVING,retrofitted,track_19,
3540.0,2025-12-03T11:00:00+00:00,LOCO_02,MOVING,track_19,WS_01,
3547.0,2025-12-03T11:07:00+00:00,LOCO_02,MOVING,WS_01,retrofitted,
3552.0,2025-12-03T11:12:00+00:00,LOCO_02,MOVING,retrofitted,track_19,
3559.0,2025-12-03T11:19:00+00:00,LOCO_02,MOVING,track_19,retrofit,
3567.0,2025-12-03T11:27:00+00:00,LOCO_02,MOVING,retrofit,WS_02,
3578.0,2025-12-03T11:38:00+00:00,LOCO_02,MOVING,WS_02,track_19,
3585.0,2025-12-03T11:45:00+00:00,LOCO_02,MOVING,track_19,retrofit,
3593.0,2025-12-03T11:53:00+00:00,LOCO_02,MOVING,retrofit,WS_01,
3604.0,2025-12-03T12:04:00+00:00,LOCO_02,MOVING,WS_01,track_19,
3609.0,2025-12-03T12:09:00+00:00,LOCO_02,MOVING,track_19,collection2,
3611.5,2025-12-03T12:11:30+00:00,LOCO_01,MOVING,retrofit,track_19,
3616.5,2025-12-03T12:16:30+00:00,LOCO_01,PARKING,,,
3616.5,2025-12-03T12:16:30+00:00,LOCO_01,ALLOCATED,,,batch_transport
3616.5,2025-12-03T12:16:30+00:00,LOCO_01,MOVING,track_19,retrofitted,
3624.5,2025-12-03T12:24:30+00:00,LOCO_01,MOVING,retrofitted,parking16,
3669.0,2025-12-03T13:09:00+00:00,LOCO_02,ALLOCATED,,,batch_transport
3682.0,2025-12-03T13:22:00+00:00,LOCO_02,MOVING,collection2,retrofit,
3748.0,2025-12-03T14:28:00+00:00,LOCO_01,MOVING,parking16,track_19,
3775.0,2025-12-03T14:55:00+00:00,LOCO_02,MOVING,retrofit,track_19,
3780.0,2025-12-03T15:00:00+00:00,LOCO_02,PARKING,,,
3780.0,2025-12-03T15:00:00+00:00,LOCO_02,MOVING,track_19,WS_02,
3787.0,2025-12-03T15:07:00+00:00,LOCO_02,MOVING,WS_02,retrofitted,
3792.0,2025-12-03T15:12:00+00:00,LOCO_02,MOVING,retrofitted,track_19,
3797.0,2025-12-03T15:17:00+00:00,LOCO_02,MOVING,track_19,WS_01,
3804.0,2025-12-03T15:24:00+00:00,LOCO_02,MOVING,WS_01,retrofitted,
3809.0,2025-12-03T15:29:00+00:00,LOCO_02,MOVING,retrofitted,track_19,
3810.0,2025-12-03T15:30:00+00:00,LOCO_01,MOVING,track_19,retrofit,
3814.0,2025-12-03T15:34:00+00:00,LOCO_02,ALLOCATED,,,batch_transport
3814.0,2025-12-03T15:34:00+00:00,LOCO_02,MOVING,track_19,retrofitted,
3818.0,2025-12-03T15:38:00+00:00,LOCO_01,MOVING,retrofit,WS_02,
3823.0,2025-12-03T15:43:00+00:00,LOCO_02,MOVING,retrofitted,parking16,
3829.0,2025-12-03T15:49:00+00:00,LOCO_01,MOVING,WS_02,track_19,
3836.0,2025-12-03T15:56:00+00:00,LOCO_01,MOVING,track_19,retrofit,
3844.0,2025-12-03T16:04:00+00:00,LOCO_01,MOVING,retrofit,WS_01,
3855.0,2025-12-03T16:15:00+00:00,LOCO_01,MOVING,WS_01,track_19,
3860.0,2025-12-03T16:20:00+00:00,LOCO_01,MOVING,track_19,collection1,
3920.0,2025-12-03T17:20:00+00:00,LOCO_01,ALLOCATED,,,batch_transport
3937.0,2025-12-03T17:37:00+00:00,LOCO_01,MOVING,collection1,retrofit,
3948.5,2025-12-03T17:48:30+00:00,LOCO_02,MOVING,parking16,track_19,
4008.5,2025-12-03T18:48:30+00:00,LOCO_02,MOVING,track_19,WS_02,
4015.5,2025-12-03T18:55:30+00:00,LOCO_02,MOVING,WS_02,retrofitted,
4020.5,2025-12-03T19:00:30+00:00,LOCO_02,MOVING,retrofitted,track_19,
4025.5,2025-12-03T19:05:30+00:00,LOCO_02,MOVING,track_19,WS_01,
4032.5,2025-12-03T19:12:30+00:00,LOCO_02,MOVING,WS_01,retrofitted,
4037.5,2025-12-03T19:17:30+00:00,LOCO_02,MOVING,retrofitted,track_19,
4042.0,2025-12-03T19:22:00+00:00,LOCO_01,MOVING,retrofit,track_19,
4044.5,2025-12-03T19:24:30+00:00,LOCO_02,MOVING,track_19,retrofit,
4047.0,2025-12-03T19:27:00+00:00,LOCO_01,PARKING,,,
4049.0,2025-12-03T19:29:00+00:00,LOCO_01,MOVING,track_19,retrofit,
4052.5,2025-12-03T19:32:30+00:00,LOCO_02,MOVING,retrofit,WS_02,
4057.0,2025-12-03T19:37:00+00:00,LOCO_01,MOVING,retrofit,WS_01,
4063.5,2025-12-03T19:43:30+00:00,LOCO_02,MOVING,WS_02,track_19,
4068.0,2025-12-03T19:48:00+00:00,LOCO_01,MOVING,WS_01,track_19,
4068.5,2025-12-03T19:48:30+00:00,LOCO_02,ALLOCATED,,,batch_transport
4068.5,2025-12-03T19:48:30+00:00,LOCO_02,MOVING,track_19,retrofitted,
4075.5,2025-12-03T19:55:30+00:00,LOCO_02,MOVING,retrofitted,parking1,
4082.0,2025-12-03T20:02:00+00:00,LOCO_02,MOVING,parking1,track_19,
4124.0,2025-12-03T20:44:00+00:00,LOCO_01,MOVING,track_19,WS_02,
4128.5,2025-12-03T20:48:30+00:00,LOCO_02,MOVING,track_19,WS_01,
4131.0,2025-12-03T20:51:00+00:00,LOCO_01,MOVING,WS_02,retrofitted,
4135.5,2025-12-03T20:55:30+00:00,LOCO_02,MOVING,WS_01,retrofitted,
4136.0,2025-12-03T20:56:00+00:00,LOCO_01,MOVING,retrofitted,track_19,
4140.5,2025-12-03T21:00:30+00:00,LOCO_02,MOVING,retrofitted,track_19,
4141.0,2025-12-03T21:01:00+00:00,LOCO_01,ALLOCATED,,,batch_transport
4141.0,2025-12-03T21:01:00+00:00,LOCO_01,MOVING,track_19,retrofitted,
4147.5,2025-12-03T21:07:30+00:00,LOCO_02,MOVING,track_19,retrofit,
4149.0,2025-12-03T21:09:00+00:00,LOCO_01,MOVING,retrofitted,parking12,
4155.5,2025-12-03T21:15:30+00:00,LOCO_02,MOVING,retrofit,WS_02,
4166.5,2025-12-03T21:26:30+00:00,LOCO_02,MOVING,WS_02,track_19,
4173.5,2025-12-03T21:33:30+00:00,LOCO_02,MOVING,track_19,retrofit,
4181.5,2025-12-03T21:41:30+00:00,LOCO_02,MOVING,retrofit,WS_01,
4192.5,2025-12-03T21:52:30+00:00,LOCO_02,MOVING,WS_01,track_19,
4197.5,2025-12-03T21:57:30+00:00,LOCO_02,MOVING,track_19,collection2,
4212.5,2025-12-03T22:12:30+00:00,LOCO_01,MOVING,parking12,track_19,
4257.5,2025-12-03T22:57:30+00:00,LOCO_02,ALLOCATED,,,batch_transport
4260.5,2025-12-03T23:00:30+00:00,LOCO_02,MOVING,collection2,retrofit,
4272.5,2025-12-03T23:12:30+00:00,LOCO_01,MOVING,track_19,WS_02,
4279.5,2025-12-03T23:19:30+00:00,LOCO_01,MOVING,WS_02,retrofitted,
4284.5,2025-12-03T23:24:30+00:00,LOCO_01,MOVING,retrofitted,track_19,
4289.5,2025-12-03T23:29:30+00:00,LOCO_01,MOVING,track_19,WS_01,
4296.5,2025-12-03T23:36:30+00:00,LOCO_01,MOVING,WS_01,retrofitted,
4301.5,2025-12-03T23:41:30+00:00,LOCO_01,MOVING,retrofitted,track_19,
4308.5,2025-12-03T23:48:30+00:00,LOCO_01,MOVING,track_19,retrofit,
4316.5,2025-12-03T23:56:30+00:00,LOCO_01,MOVING,retrofit,WS_02,
4323.5,2025-12-04T00:03:30+00:00,LOCO_02,MOVING,retrofit,track_19,
4327.5,2025-12-04T00:07:30+00:00,LOCO_01,MOVING,WS_02,track_19,
4328.5,2025-12-04T00:08:30+00:00,LOCO_02,PARKING,,,
4330.5,2025-12-04T00:10:30+00:00,LOCO_02,MOVING,track_19,retrofit,
4332.5,2025-12-04T00:12:30+00:00,LOCO_01,ALLOCATED,,,batch_transport
4332.5,2025-12-04T00:12:30+00:00,LOCO_01,MOVING,track_19,retrofitted,
4338.5,2025-12-04T00:18:30+00:00,LOCO_02,MOVING,retrofit,WS_01,
4340.5,2025-12-04T00:20:30+00:00,LOCO_01,MOVING,retrofitted,parking13,
4349.5,2025-12-04T00:29:30+00:00,LOCO_02,MOVING,WS_01,track_19,
4388.0,2025-12-04T01:08:00+00:00,LOCO_02,MOVING,track_19,WS_02,
4395.0,2025-12-04T01:15:00+00:00,LOCO_02,MOVING,WS_02,retrofitted,
4400.0,2025-12-04T01:20:00+00:00,LOCO_02,MOVING,retrofitted,track_19,
4407.0,2025-12-04T01:27:00+00:00,LOCO_02,MOVING,track_19,retrofit,
4415.0,2025-12-04T01:35:00+00:00,LOCO_02,MOVING,retrofit,WS_02,
4419.0,2025-12-04T01:39:00+00:00,LOCO_01,MOVING,parking13,track_19,
4426.0,2025-12-04T01:46:00+00:00,LOCO_02,MOVING,WS_02,track_19,
4431.0,2025-12-04T01:51:00+00:00,LOCO_02,MOVING,track_19,WS_01,
4438.0,2025-12-04T01:58:00+00:00,LOCO_02,MOVING,WS_01,retrofitted,
4443.0,2025-12-04T02:03:00+00:00,LOCO_02,MOVING,retrofitted,track_19,
4450.0,2025-12-04T02:10:00+00:00,LOCO_02,MOVING,track_19,retrofit,
4458.0,2025-12-04T02:18:00+00:00,LOCO_02,MOVING,retrofit,WS_01,
4469.0,2025-12-04T02:29:00+00:00,LOCO_02,MOVING,WS_01,track_19,
4474.0,2025-12-04T02:34:00+00:00,LOCO_02,MOVING,track_19,collection1,
4479.0,2025-12-04T02:39:00+00:00,LOCO_01,MOVING,track_19,collection2,
4534.0,2025-12-04T03:34:00+00:00,LOCO_02,ALLOCATED,,,batch_transport
4539.0,2025-12-04T03:39:00+00:00,LOCO_01,ALLOCATED,,,batch_transport
4547.0,2025-12-04T03:47:00+00:00,LOCO_02,MOVING,collection1,retrofit,
4558.0,2025-12-04T03:58:00+00:00,LOCO_01,MOVING,collection2,retrofit,
4640.0,2025-12-04T05:20:00+00:00,LOCO_02,MOVING,retrofit,track_19,
4645.0,2025-12-04T05:25:00+00:00,LOCO_02,PARKING,,,
4645.0,2025-12-04T05:25:00+00:00,LOCO_02,MOVING,track_19,WS_02,
4652.0,2025-12-04T05:32:00+00:00,LOCO_02,MOVING,WS_02,retrofitted,
4657.0,2025-12-04T05:37:00+00:00,LOCO_02,MOVING,retrofitted,track_19,
4662.0,2025-12-04T05:42:00+00:00,LOCO_02,MOVING,track_19,WS_01,
4669.0,2025-12-04T05:49:00+00:00,LOCO_01,MOVING,retrofit,track_19,
4669.0,2025-12-04T05:49:00+00:00,LOCO_02,MOVING,WS_01,retrofitted,
4674.0,2025-12-04T05:54:00+00:00,LOCO_01,PARKING,,,
4674.0,2025-12-04T05:54:00+00:00,LOCO_02,MOVING,retrofitted,track_19,
4676.0,2025-12-04T05:56:00+00:00,LOCO_01,MOVING,track_19,retrofit,
4679.0,2025-12-04T05:59:00+00:00,LOCO_02,ALLOCATED,,,batch_transport
4679.0,2025-12-04T05:59:00+00:00,LOCO_02,MOVING,track_19,retrofitted,
4684.0,2025-12-04T06:04:00+00:00,LOCO_01,MOVING,retrofit,WS_02,
4689.0,2025-12-04T06:09:00+00:00,LOCO_02,MOVING,retrofitted,parking14,
4695.0,2025-12-04T06:15:00+00:00,LOCO_01,MOVING,WS_02,track_19,
4702.0,2025-12-04T06:22:00+00:00,LOCO_01,MOVING,track_19,retrofit,
4710.0,2025-12-04T06:30:00+00:00,LOCO_01,MOVING,retrofit,WS_01,
4721.0,2025-12-04T06:41:00+00:00,LOCO_01,MOVING,WS_01,track_19,
4755.5,2025-12-04T07:15:30+00:00,LOCO_01,MOVING,track_19,WS_02,
4762.5,2025-12-04T07:22:30+00:00,LOCO_01,MOVING,WS_02,retrofitted,
4767.5,2025-12-04T07:27:30+00:00,LOCO_01,MOVING,retrofitted,track_19,
4771.5,2025-12-04T07:31:30+00:00,LOCO_02,MOVING,parking14,track_19,
4774.5,2025-12-04T07:34:30+00:00,LOCO_01,MOVING,track_19,retrofit,
4782.5,2025-12-04T07:42:30+00:00,LOCO_01,MOVING,retrofit,WS_02,
4793.5,2025-12-04T07:53:30+00:00,LOCO_01,MOVING,WS_02,track_19,
4798.5,2025-12-04T07:58:30+00:00,LOCO_01,MOVING,track_19,WS_01,
4805.5,2025-12-04T08:05:30+00:00,LOCO_01,MOVING,WS_01,retrofitted,
4810.5,2025-12-04T08:10:30+00:00,LOCO_01,MOVING,retrofitted,track_19,
4815.5,2025-12-04T08:15:30+00:00,LOCO_01,MOVING,track_19,collection1,
4833.5,2025-12-04T08:33:30+00:00,LOCO_02,MOVING,track_19,retrofit,
4841.5,2025-12-04T08:41:30+00:00,LOCO_02,MOVING,retrofit,WS_01,
4852.5,2025-12-04T08:52:30+00:00,LOCO_02,MOVING,WS_01,track_19,
4857.5,2025-12-04T08:57:30+00:00,LOCO_02,MOVING,track_19,WS_02,
4864.5,2025-12-04T09:04:30+00:00,LOCO_02,MOVING,WS_02,retrofitted,
4869.5,2025-12-04T09:09:30+00:00,LOCO_02,MOVING,retrofitted,track_19,
4874.5,2025-12-04T09:14:30+00:00,LOCO_02,MOVING,track_19,collection2,
4875.5,2025-12-04T09:15:30+00:00,LOCO_01,ALLOCATED,,,batch_transport
4882.5,2025-12-04T09:22:30+00:00,LOCO_01,MOVING,collection1,retrofit,
4934.5,2025-12-04T10:14:30+00:00,LOCO_02,ALLOCATED,,,batch_transport
4941.5,2025-12-04T10:21:30+00:00,LOCO_02,MOVING,collection2,retrofit,
4957.5,2025-12-04T10:37:30+00:00,LOCO_01,MOVING,retrofit,track_19,
4962.5,2025-12-04T10:42:30+00:00,LOCO_01,PARKING,,,
4962.5,2025-12-04T10:42:30+00:00,LOCO_01,MOVING,track_19,WS_01,
4969.5,2025-12-04T10:49:30+00:00,LOCO_01,MOVING,WS_01,retrofitted,
4974.5,2025-12-04T10:54:30+00:00,LOCO_01,MOVING,retrofitted,track_19,
4981.5,2025-12-04T11:01:30+00:00,LOCO_01,MOVING,track_19,retrofit,
4989.5,2025-12-04T11:09:30+00:00,LOCO_01,MOVING,retrofit,WS_02,
5000.5,2025-12-04T11:20:30+00:00,LOCO_01,MOVING,WS_02,track_19,
5007.5,2025-12-04T11:27:30+00:00,LOCO_01,MOVING,track_19,retrofit,
5015.5,2025-12-04T11:35:30+00:00,LOCO_01,MOVING,retrofit,WS_01,
5016.5,2025-12-04T11:36:30+00:00,LOCO_02,MOVING,retrofit,track_19,
5021.5,2025-12-04T11:41:30+00:00,LOCO_02,PARKING,,,
5021.5,2025-12-04T11:41:30+00:00,LOCO_02,ALLOCATED,,,batch_transport
5021.5,2025-12-04T11:41:30+00:00,LOCO_02,MOVING,track_19,retrofitted,
5026.5,2025-12-04T11:46:30+00:00,LOCO_01,MOVING,WS_01,track_19,
5031.5,2025-12-04T11:51:30+00:00,LOCO_02,MOVING,retrofitted,parking15,
5061.0,2025-12-04T12:21:00+00:00,LOCO_01,MOVING,track_19,WS_02,
5068.0,2025-12-04T12:28:00+00:00,LOCO_01,MOVING,WS_02,retrofitted,
5073.0,2025-12-04T12:33:00+00:00,LOCO_01,MOVING,retrofitted,track_19,
5080.0,2025-12-04T12:40:00+00:00,LOCO_01,MOVING,track_19,retrofit,
5088.0,2025-12-04T12:48:00+00:00,LOCO_01,MOVING,retrofit,WS_02,
5099.0,2025-12-04T12:59:00+00:00,LOCO_01,MOVING,WS_02,track_19,
5104.0,2025-12-04T13:04:00+00:00,LOCO_01,MOVING,track_19,WS_01,
5111.0,2025-12-04T13:11:00+00:00,LOCO_01,MOVING,WS_01,retrofitted,
5114.0,2025-12-04T13:14:00+00:00,LOCO_02,MOVING,parking15,track_19,
5116.0,2025-12-04T13:16:00+00:00,LOCO_01,MOVING,retrofitted,track_19,
5123.0,2025-12-04T13:23:00+00:00,LOCO_01,MOVING,track_19,retrofit,
5131.0,2025-12-04T13:31:00+00:00,LOCO_01,MOVING,retrofit,WS_01,
5142.0,2025-12-04T13:42:00+00:00,LOCO_01,MOVING,WS_01,track_19,
5147.0,2025-12-04T13:47:00+00:00,LOCO_01,MOVING,track_19,collection1,
5174.0,2025-12-04T14:14:00+00:00,LOCO_02,MOVING,track_19,WS_02,
5181.0,2025-12-04T14:21:00+00:00,LOCO_02,MOVING,WS_02,retrofitted,
5186.0,2025-12-04T14:26:00+00:00,LOCO_02,MOVING,retrofitted,track_19,
5191.0,2025-12-04T14:31:00+00:00,LOCO_02,MOVING,track_19,collection2,
5207.0,2025-12-04T14:47:00+00:00,LOCO_01,ALLOCATED,,,batch_transport
5224.0,2025-12-04T15:04:00+00:00,LOCO_01,MOVING,collection1,retrofit,
5251.0,2025-12-04T15:31:00+00:00,LOCO_02,ALLOCATED,,,batch_transport
5256.0,2025-12-04T15:36:00+00:00,LOCO_02,MOVING,collection2,retrofit,
5325.0,2025-12-04T16:45:00+00:00,LOCO_02,MOVING,retrofit,track_19,
5329.0,2025-12-04T16:49:00+00:00,LOCO_01,MOVING,retrofit,track_19,
5330.0,2025-12-04T16:50:00+00:00,LOCO_02,PARKING,,,
5330.0,2025-12-04T16:50:00+00:00,LOCO_02,MOVING,track_19,WS_01,
5334.0,2025-12-04T16:54:00+00:00,LOCO_01,PARKING,,,
5336.0,2025-12-04T16:56:00+00:00,LOCO_01,MOVING,track_19,retrofit,
5337.0,2025-12-04T16:57:00+00:00,LOCO_02,MOVING,WS_01,retrofitted,
5342.0,2025-12-04T17:02:00+00:00,LOCO_02,MOVING,retrofitted,track_19,
5344.0,2025-12-04T17:04:00+00:00,LOCO_01,MOVING,retrofit,WS_02,
5347.0,2025-12-04T17:07:00+00:00,LOCO_02,ALLOCATED,,,batch_transport
5347.0,2025-12-04T17:07:00+00:00,LOCO_02,MOVING,track_19,retrofitted,
5355.0,2025-12-04T17:15:00+00:00,LOCO_01,MOVING,WS_02,track_19,
5357.0,2025-12-04T17:17:00+00:00,LOCO_02,MOVING,retrofitted,parking16,
5362.0,2025-12-04T17:22:00+00:00,LOCO_01,MOVING,track_19,retrofit,
5370.0,2025-12-04T17:30:00+00:00,LOCO_01,MOVING,retrofit,WS_01,
5381.0,2025-12-04T17:41:00+00:00,LOCO_01,MOVING,WS_01,track_19,
5415.5,2025-12-04T18:15:30+00:00,LOCO_01,MOVING,track_19,WS_02,
5422.5,2025-12-04T18:22:30+00:00,LOCO_01,MOVING,WS_02,retrofitted,
5427.5,2025-12-04T18:27:30+00:00,LOCO_01,MOVING,retrofitted,track_19,
5434.5,2025-12-04T18:34:30+00:00,LOCO_01,MOVING,track_19,retrofit,
5442.5,2025-12-04T18:42:30+00:00,LOCO_01,MOVING,retrofit,WS_02,
5453.5,2025-12-04T18:53:30+00:00,LOCO_01,MOVING,WS_02,track_19,
5458.5,2025-12-04T18:58:30+00:00,LOCO_01,MOVING,track_19,WS_01,
5465.5,2025-12-04T19:05:30+00:00,LOCO_01,MOVING,WS_01,retrofitted,
5470.5,2025-12-04T19:10:30+00:00,LOCO_01,MOVING,retrofitted,track_19,
5477.5,2025-12-04T19:17:30+00:00,LOCO_01,MOVING,track_19,retrofit,
5484.5,2025-12-04T19:24:30+00:00,LOCO_02,MOVING,parking16,track_19,
5485.5,2025-12-04T19:25:30+00:00,LOCO_01,MOVING,retrofit,WS_01,
5496.5,2025-12-04T19:36:30+00:00,LOCO_01,MOVING,WS_01,track_19,
5501.5,2025-12-04T19:41:30+00:00,LOCO_01,MOVING,track_19,collection2,
5544.5,2025-12-04T20:24:30+00:00,LOCO_02,MOVING,track_19,WS_02,
5551.5,2025-12-04T20:31:30+00:00,LOCO_02,MOVING,WS_02,retrofitted,
5556.5,2025-12-04T20:36:30+00:00,LOCO_02,MOVING,retrofitted,track_19,
5561.5,2025-12-04T20:41:30+00:00,LOCO_01,ALLOCATED,,,batch_transport
5561.5,2025-12-04T20:41:30+00:00,LOCO_02,MOVING,track_19,WS_01,
5568.5,2025-12-04T20:48:30+00:00,LOCO_02,MOVING,WS_01,retrofitted,
5570.5,2025-12-04T20:50:30+00:00,LOCO_01,MOVING,collection2,retrofit,
5573.5,2025-12-04T20:53:30+00:00,LOCO_02,MOVING,retrofitted,track_19,
5580.5,2025-12-04T21:00:30+00:00,LOCO_02,MOVING,track_19,retrofit,
5588.5,2025-12-04T21:08:30+00:00,LOCO_02,MOVING,retrofit,WS_02,
5599.5,2025-12-04T21:19:30+00:00,LOCO_02,MOVING,WS_02,track_19,
5606.5,2025-12-04T21:26:30+00:00,LOCO_02,MOVING,track_19,retrofit,
5614.5,2025-12-04T21:34:30+00:00,LOCO_02,MOVING,retrofit,WS_01,
5625.5,2025-12-04T21:45:30+00:00,LOCO_02,MOVING,WS_01,track_19,
5630.5,2025-12-04T21:50:30+00:00,LOCO_02,MOVING,track_19,collection1,
5651.5,2025-12-04T22:11:30+00:00,LOCO_01,MOVING,retrofit,track_19,
5656.5,2025-12-04T22:16:30+00:00,LOCO_01,PARKING,,,
5656.5,2025-12-04T22:16:30+00:00,LOCO_01,ALLOCATED,,,batch_transport
5656.5,2025-12-04T22:16:30+00:00,LOCO_01,MOVING,track_19,retrofitted,
5666.5,2025-12-04T22:26:30+00:00,LOCO_01,MOVING,retrofitted,parking1,
5679.0,2025-12-04T22:39:00+00:00,LOCO_01,MOVING,parking1,track_19,
5684.0,2025-12-04T22:44:00+00:00,LOCO_01,MOVING,track_19,WS_02,
5690.5,2025-12-04T22:50:30+00:00,LOCO_02,ALLOCATED,,,batch_transport
5691.0,2025-12-04T22:51:00+00:00,LOCO_01,MOVING,WS_02,retrofitted,
5693.5,2025-12-04T22:53:30+00:00,LOCO_02,MOVING,collection1,retrofit,
5696.0,2025-12-04T22:56:00+00:00,LOCO_01,MOVING,retrofitted,track_19,
5701.0,2025-12-04T23:01:00+00:00,LOCO_01,MOVING,track_19,WS_01,
5708.0,2025-12-04T23:08:00+00:00,LOCO_01,MOVING,WS_01,retrofitted,
5713.0,2025-12-04T23:13:00+00:00,LOCO_01,MOVING,retrofitted,track_19,
5720.0,2025-12-04T23:20:00+00:00,LOCO_01,MOVING,track_19,retrofit,
5728.0,2025-12-04T23:28:00+00:00,LOCO_01,MOVING,retrofit,WS_02,
5739.0,2025-12-04T23:39:00+00:00,LOCO_01,MOVING,WS_02,track_19,
5746.0,2025-12-04T23:46:00+00:00,LOCO_01,MOVING,track_19,retrofit,
5754.0,2025-12-04T23:54:00+00:00,LOCO_01,MOVING,retrofit,WS_01,
5756.5,2025-12-04T23:56:30+00:00,LOCO_02,MOVING,retrofit,track_19,
5761.5,2025-12-05T00:01:30+00:00,LOCO_02,PARKING,,,
5761.5,2025-12-05T00:01:30+00:00,LOCO_02,MOVING,track_19,collection2,
5765.0,2025-12-05T00:05:00+00:00,LOCO_01,MOVING,WS_01,track_19,
5770.0,2025-12-05T00:10:00+00:00,LOCO_01,ALLOCATED,,,batch_transport
5770.0,2025-12-05T00:10:00+00:00,LOCO_01,MOVING,track_19,retrofitted,
5778.0,2025-12-05T00:18:00+00:00,LOCO_01,MOVING,retrofitted,parking13,
5821.5,2025-12-05T01:01:30+00:00,LOCO_02,ALLOCATED,,,batch_transport
5840.5,2025-12-05T01:20:30+00:00,LOCO_02,MOVING,collection2,retrofit,
5856.5,2025-12-05T01:36:30+00:00,LOCO_01,MOVING,parking13,track_19,
5916.5,2025-12-05T02:36:30+00:00,LOCO_01,MOVING,track_19,WS_02,
5923.5,2025-12-05T02:43:30+00:00,LOCO_01,MOVING,WS_02,retrofitted,
5928.5,2025-12-05T02:48:30+00:00,LOCO_01,MOVING,retrofitted,track_19,
5933.5,2025-12-05T02:53:30+00:00,LOCO_01,MOVING,track_19,WS_01,
5940.5,2025-12-05T03:00:30+00:00,LOCO_01,MOVING,WS_01,retrofitted,
5945.5,2025-12-05T03:05:30+00:00,LOCO_01,MOVING,retrofitted,track_19,
5951.5,2025-12-05T03:11:30+00:00,LOCO_02,MOVING,retrofit,track_19,
5952.5,2025-12-05T03:12:30+00:00,LOCO_01,MOVING,track_19,retrofit,
5956.5,2025-12-05T03:16:30+00:00,LOCO_02,PARKING,,,
5958.5,2025-12-05T03:18:30+00:00,LOCO_02,MOVING,track_19,retrofit,
5960.5,2025-12-05T03:20:30+00:00,LOCO_01,MOVING,retrofit,WS_02,
5966.5,2025-12-05T03:26:30+00:00,LOCO_02,MOVING,retrofit,WS_01,
5971.5,2025-12-05T03:31:30+00:00,LOCO_01,MOVING,WS_02,track_19,
5976.5,2025-12-05T03:36:30+00:00,LOCO_01,ALLOCATED,,,batch_transport
5976.5,2025-12-05T03:36:30+00:00,LOCO_01,MOVING,track_19,retrofitted,
5977.5,2025-12-05T03:37:30+00:00,LOCO_02,MOVING,WS_01,track_19,
5984.5,2025-12-05T03:44:30+00:00,LOCO_01,MOVING,retrofitted,parking12,
6032.0,2025-12-05T04:32:00+00:00,LOCO_02,MOVING,track_19,WS_02,
6039.0,2025-12-05T04:39:00+00:00,LOCO_02,MOVING,WS_02,retrofitted,
6044.0,2025-12-05T04:44:00+00:00,LOCO_02,MOVING,retrofitted,track_19,
6048.0,2025-12-05T04:48:00+00:00,LOCO_01,MOVING,parking12,track_19,
6049.0,2025-12-05T04:49:00+00:00,LOCO_02,MOVING,track_19,WS_01,
6056.0,2025-12-05T04:56:00+00:00,LOCO_02,MOVING,WS_01,retrofitted,
6061.0,2025-12-05T05:01:00+00:00,LOCO_02,MOVING,retrofitted,track_19,
6068.0,2025-12-05T05:08:00+00:00,LOCO_02,MOVING,track_19,retrofit,
6076.0,2025-12-05T05:16:00+00:00,LOCO_02,MOVING,retrofit,WS_02,
6087.0,2025-12-05T05:27:00+00:00,LOCO_02,MOVING,WS_02,track_19,
6094.0,2025-12-05T05:34:00+00:00,LOCO_02,MOVING,track_19,retrofit,
6102.0,2025-12-05T05:42:00+00:00,LOCO_02,MOVING,retrofit,WS_01,
6108.0,2025-12-05T05:48:00+00:00,LOCO_01,MOVING,track_19,collection1,
6113.0,2025-12-05T05:53:00+00:00,LOCO_02,MOVING,WS_01,track_19,
6118.0,2025-12-05T05:58:00+00:00,LOCO_02,MOVING,track_19,collection2,
6168.0,2025-12-05T06:48:00+00:00,LOCO_01,ALLOCATED,,,batch_transport
6175.0,2025-12-05T06:55:00+00:00,LOCO_01,MOVING,collection1,retrofit,
6178.0,2025-12-05T06:58:00+00:00,LOCO_02,ALLOCATED,,,batch_transport
6187.0,2025-12-05T07:07:00+00:00,LOCO_02,MOVING,collection2,retrofit,
6250.0,2025-12-05T08:10:00+00:00,LOCO_01,MOVING,retrofit,track_19,
6255.0,2025-12-05T08:15:00+00:00,LOCO_01,PARKING,,,
6255.0,2025-12-05T08:15:00+00:00,LOCO_01,MOVING,track_19,WS_02,
6262.0,2025-12-05T08:22:00+00:00,LOCO_01,MOVING,WS_02,retrofitted,
6267.0,2025-12-05T08:27:00+00:00,LOCO_01,MOVING,retrofitted,track_19,
6268.0,2025-12-05T08:28:00+00:00,LOCO_02,MOVING,retrofit,track_19,
6272.0,2025-12-05T08:32:00+00:00,LOCO_01,MOVING,track_19,WS_01,
6273.0,2025-12-05T08:33:00+00:00,LOCO_02,PARKING,,,
6275.0,2025-12-05T08:35:00+00:00,LOCO_02,MOVING,track_19,retrofit,
6279.0,2025-12-05T08:39:00+00:00,LOCO_01,MOVING,WS_01,retrofitted,
6283.0,2025-12-05T08:43:00+00:00,LOCO_02,MOVING,retrofit,WS_02,
6284.0,2025-12-05T08:44:00+00:00,LOCO_01,MOVING,retrofitted,track_19,
6289.0,2025-12-05T08:49:00+00:00,LOCO_01,ALLOCATED,,,batch_transport
6289.0,2025-12-05T08:49:00+00:00,LOCO_01,MOVING,track_19,retrofitted,
6294.0,2025-12-05T08:54:00+00:00,LOCO_02,MOVING,WS_02,track_19,
6299.0,2025-12-05T08:59:00+00:00,LOCO_01,MOVING,retrofitted,parking10,
6301.0,2025-12-05T09:01:00+00:00,LOCO_02,MOVING,track_19,retrofit,
6309.0,2025-12-05T09:09:00+00:00,LOCO_02,MOVING,retrofit,WS_01,
6320.0,2025-12-05T09:20:00+00:00,LOCO_02,MOVING,WS_01,track_19,
6354.5,2025-12-05T09:54:30+00:00,LOCO_02,MOVING,track_19,WS_02,
6361.5,2025-12-05T10:01:30+00:00,LOCO_02,MOVING,WS_02,retrofitted,
6366.5,2025-12-05T10:06:30+00:00,LOCO_02,MOVING,retrofitted,track_19,
6366.5,2025-12-05T10:06:30+00:00,LOCO_01,MOVING,parking10,track_19,
6373.5,2025-12-05T10:13:30+00:00,LOCO_02,MOVING,track_19,retrofit,
6381.5,2025-12-05T10:21:30+00:00,LOCO_02,MOVING,retrofit,WS_02,
6392.5,2025-12-05T10:32:30+00:00,LOCO_02,MOVING,WS_02,track_19,
6397.5,2025-12-05T10:37:30+00:00,LOCO_02,MOVING,track_19,WS_01,
6404.5,2025-12-05T10:44:30+00:00,LOCO_02,MOVING,WS_01,retrofitted,
6409.5,2025-12-05T10:49:30+00:00,LOCO_02,MOVING,retrofitted,track_19,
6414.5,2025-12-05T10:54:30+00:00,LOCO_02,MOVING,track_19,collection1,
6428.5,2025-12-05T11:08:30+00:00,LOCO_01,MOVING,track_19,retrofit,
6436.5,2025-12-05T11:16:30+00:00,LOCO_01,MOVING,retrofit,WS_01,
6447.5,2025-12-05T11:27:30+00:00,LOCO_01,MOVING,WS_01,track_19,
6452.5,2025-12-05T11:32:30+00:00,LOCO_01,MOVING,track_19,collection2,
6474.5,2025-12-05T11:54:30+00:00,LOCO_02,ALLOCATED,,,batch_transport
6483.5,2025-12-05T12:03:30+00:00,LOCO_02,MOVING,collection1,retrofit,
6512.5,2025-12-05T12:32:30+00:00,LOCO_01,ALLOCATED,,,batch_transport
6519.5,2025-12-05T12:39:30+00:00,LOCO_01,MOVING,collection2,retrofit,
6564.5,2025-12-05T13:24:30+00:00,LOCO_02,MOVING,retrofit,track_19,
6569.5,2025-12-05T13:29:30+00:00,LOCO_02,PARKING,,,
6569.5,2025-12-05T13:29:30+00:00,LOCO_02,MOVING,track_19,WS_02,
6576.5,2025-12-05T13:36:30+00:00,LOCO_02,MOVING,WS_02,retrofitted,
6581.5,2025-12-05T13:41:30+00:00,LOCO_02,MOVING,retrofitted,track_19,
6586.5,2025-12-05T13:46:30+00:00,LOCO_02,MOVING,track_19,WS_01,
6593.5,2025-12-05T13:53:30+00:00,LOCO_02,MOVING,WS_01,retrofitted,
6594.5,2025-12-05T13:54:30+00:00,LOCO_01,MOVING,retrofit,track_19,
6598.5,2025-12-05T13:58:30+00:00,LOCO_02,MOVING,retrofitted,track_19,
6599.5,2025-12-05T13:59:30+00:00,LOCO_01,PARKING,,,
6601.5,2025-12-05T14:01:30+00:00,LOCO_01,MOVING,track_19,retrofit,
6603.5,2025-12-05T14:03:30+00:00,LOCO_02,ALLOCATED,,,batch_transport
6603.5,2025-12-05T14:03:30+00:00,LOCO_02,MOVING,track_19,retrofitted,
6609.5,2025-12-05T14:09:30+00:00,LOCO_01,MOVING,retrofit,WS_02,
6613.5,2025-12-05T14:13:30+00:00,LOCO_02,MOVING,retrofitted,parking15,
6620.5,2025-12-05T14:20:30+00:00,LOCO_01,MOVING,WS_02,track_19,
6627.5,2025-12-05T14:27:30+00:00,LOCO_01,MOVING,track_19,retrofit,
6635.5,2025-12-05T14:35:30+00:00,LOCO_01,MOVING,retrofit,WS_01,
6646.5,2025-12-05T14:46:30+00:00,LOCO_01,MOVING,WS_01,track_19,
6651.5,2025-12-05T14:51:30+00:00,LOCO_01,MOVING,track_19,collection1,
6696.0,2025-12-05T15:36:00+00:00,LOCO_02,MOVING,parking15,track_19,
6711.5,2025-12-05T15:51:30+00:00,LOCO_01,ALLOCATED,,,batch_transport
6720.5,2025-12-05T16:00:30+00:00,LOCO_01,MOVING,collection1,retrofit,
6756.0,2025-12-05T16:36:00+00:00,LOCO_02,MOVING,track_19,WS_02,
6763.0,2025-12-05T16:43:00+00:00,LOCO_02,MOVING,WS_02,retrofitted,
6768.0,2025-12-05T16:48:00+00:00,LOCO_02,MOVING,retrofitted,track_19,
6773.0,2025-12-05T16:53:00+00:00,LOCO_02,MOVING,track_19,WS_01,
6780.0,2025-12-05T17:00:00+00:00,LOCO_02,MOVING,WS_01,retrofitted,
6785.0,2025-12-05T17:05:00+00:00,LOCO_02,MOVING,retrofitted,track_19,
6792.0,2025-12-05T17:12:00+00:00,LOCO_02,MOVING,track_19,retrofit,
6800.0,2025-12-05T17:20:00+00:00,LOCO_02,MOVING,retrofit,WS_02,
6801.5,2025-12-05T17:21:30+00:00,LOCO_01,MOVING,retrofit,track_19,
6806.5,2025-12-05T17:26:30+00:00,LOCO_01,PARKING,,,
6808.5,2025-12-05T17:28:30+00:00,LOCO_01,MOVING,track_19,retrofit,
6811.0,2025-12-05T17:31:00+00:00,LOCO_02,MOVING,WS_02,track_19,
6816.0,2025-12-05T17:36:00+00:00,LOCO_02,ALLOCATED,,,batch_transport
6816.0,2025-12-05T17:36:00+00:00,LOCO_02,MOVING,track_19,retrofitted,
6816.5,2025-12-05T17:36:30+00:00,LOCO_01,MOVING,retrofit,WS_01,
6824.0,2025-12-05T17:44:00+00:00,LOCO_02,MOVING,retrofitted,parking14,
6827.5,2025-12-05T17:47:30+00:00,LOCO_01,MOVING,WS_01,track_19,
6871.5,2025-12-05T18:31:30+00:00,LOCO_01,MOVING,track_19,WS_02,
6878.5,2025-12-05T18:38:30+00:00,LOCO_01,MOVING,WS_02,retrofitted,
6883.5,2025-12-05T18:43:30+00:00,LOCO_01,MOVING,retrofitted,track_19,
6888.5,2025-12-05T18:48:30+00:00,LOCO_01,MOVING,track_19,WS_01,
6895.5,2025-12-05T18:55:30+00:00,LOCO_01,MOVING,WS_01,retrofitted,
6900.5,2025-12-05T19:00:30+00:00,LOCO_01,MOVING,retrofitted,track_19,
6902.5,2025-12-05T19:02:30+00:00,LOCO_02,MOVING,parking14,track_19,
6907.5,2025-12-05T19:07:30+00:00,LOCO_01,MOVING,track_19,retrofit,
6915.5,2025-12-05T19:15:30+00:00,LOCO_01,MOVING,retrofit,WS_02,
6926.5,2025-12-05T19:26:30+00:00,LOCO_01,MOVING,WS_02,track_19,
6933.5,2025-12-05T19:33:30+00:00,LOCO_01,MOVING,track_19,retrofit,
6941.5,2025-12-05T19:41:30+00:00,LOCO_01,MOVING,retrofit,WS_01,
6952.5,2025-12-05T19:52:30+00:00,LOCO_01,MOVING,WS_01,track_19,
6957.5,2025-12-05T19:57:30+00:00,LOCO_01,MOVING,track_19,collection2,
6962.5,2025-12-05T20:02:30+00:00,LOCO_02,MOVING,track_19,collection1,
7017.5,2025-12-05T20:57:30+00:00,LOCO_01,ALLOCATED,,,batch_transport
7020.5,2025-12-05T21:00:30+00:00,LOCO_01,MOVING,collection2,retrofit,
7022.5,2025-12-05T21:02:30+00:00,LOCO_02,ALLOCATED,,,batch_transport
7033.5,2025-12-05T21:13:30+00:00,LOCO_02,MOVING,collection1,retrofit,
7083.5,2025-12-05T22:03:30+00:00,LOCO_01,MOVING,retrofit,track_19,
7088.5,2025-12-05T22:08:30+00:00,LOCO_01,PARKING,,,
7088.5,2025-12-05T22:08:30+00:00,LOCO_01,MOVING,track_19,WS_02,
7095.5,2025-12-05T22:15:30+00:00,LOCO_01,MOVING,WS_02,retrofitted,
7100.5,2025-12-05T22:20:30+00:00,LOCO_01,MOVING,retrofitted,track_19,
7105.5,2025-12-05T22:25:30+00:00,LOCO_01,MOVING,track_19,WS_01,
7112.5,2025-12-05T22:32:30+00:00,LOCO_01,MOVING,WS_01,retrofitted,
7117.5,2025-12-05T22:37:30+00:00,LOCO_01,MOVING,retrofitted,track_19,
7120.5,2025-12-05T22:40:30+00:00,LOCO_02,MOVING,retrofit,track_19,
7124.5,2025-12-05T22:44:30+00:00,LOCO_01,MOVING,track_19,retrofit,
7125.5,2025-12-05T22:45:30+00:00,LOCO_02,PARKING,,,
7127.5,2025-12-05T22:47:30+00:00,LOCO_02,MOVING,track_19,retrofit,
7132.5,2025-12-05T22:52:30+00:00,LOCO_01,MOVING,retrofit,WS_02,
7135.5,2025-12-05T22:55:30+00:00,LOCO_02,MOVING,retrofit,WS_01,
7143.5,2025-12-05T23:03:30+00:00,LOCO_01,MOVING,WS_02,track_19,
7146.5,2025-12-05T23:06:30+00:00,LOCO_02,MOVING,WS_01,track_19,
7148.5,2025-12-05T23:08:30+00:00,LOCO_01,ALLOCATED,,,batch_transport
7148.5,2025-12-05T23:08:30+00:00,LOCO_01,MOVING,track_19,retrofitted,
7158.5,2025-12-05T23:18:30+00:00,LOCO_01,MOVING,retrofitted,parking13,
7204.0,2025-12-06T00:04:00+00:00,LOCO_02,MOVING,track_19,WS_02,
7211.0,2025-12-06T00:11:00+00:00,LOCO_02,MOVING,WS_02,retrofitted,
7216.0,2025-12-06T00:16:00+00:00,LOCO_02,MOVING,retrofitted,track_19,
7221.0,2025-12-06T00:21:00+00:00,LOCO_02,MOVING,track_19,WS_01,
7228.0,2025-12-06T00:28:00+00:00,LOCO_02,MOVING,WS_01,retrofitted,
7233.0,2025-12-06T00:33:00+00:00,LOCO_02,MOVING,retrofitted,track_19,
7240.0,2025-12-06T00:40:00+00:00,LOCO_02,MOVING,track_19,retrofit,
7241.0,2025-12-06T00:41:00+00:00,LOCO_01,MOVING,parking13,track_19,
7248.0,2025-12-06T00:48:00+00:00,LOCO_02,MOVING,retrofit,WS_02,
7259.0,2025-12-06T00:59:00+00:00,LOCO_02,MOVING,WS_02,track_19,
7266.0,2025-12-06T01:06:00+00:00,LOCO_02,MOVING,track_19,retrofit,
7274.0,2025-12-06T01:14:00+00:00,LOCO_02,MOVING,retrofit,WS_01,
7285.0,2025-12-06T01:25:00+00:00,LOCO_02,MOVING,WS_01,track_19,
7290.0,2025-12-06T01:30:00+00:00,LOCO_02,MOVING,track_19,collection2,
7301.0,2025-12-06T01:41:00+00:00,LOCO_01,MOVING,track_19,collection1,
7350.0,2025-12-06T02:30:00+00:00,LOCO_02,ALLOCATED,,,batch_transport
7359.0,2025-12-06T02:39:00+00:00,LOCO_02,MOVING,collection2,retrofit,
7361.0,2025-12-06T02:41:00+00:00,LOCO_01,ALLOCATED,,,batch_transport
7374.0,2025-12-06T02:54:00+00:00,LOCO_01,MOVING,collection1,retrofit,
7440.0,2025-12-06T04:00:00+00:00,LOCO_02,MOVING,retrofit,track_19,
7445.0,2025-12-06T04:05:00+00:00,LOCO_02,PARKING,,,
7445.0,2025-12-06T04:05:00+00:00,LOCO_02,MOVING,track_19,WS_02,
7452.0,2025-12-06T04:12:00+00:00,LOCO_02,MOVING,WS_02,retrofitted,
7457.0,2025-12-06T04:17:00+00:00,LOCO_02,MOVING,retrofitted,track_19,
7462.0,2025-12-06T04:22:00+00:00,LOCO_02,MOVING,track_19,WS_01,
7467.0,2025-12-06T04:27:00+00:00,LOCO_01,MOVING,retrofit,track_19,
7469.0,2025-12-06T04:29:00+00:00,LOCO_02,MOVING,WS_01,retrofitted,
7472.0,2025-12-06T04:32:00+00:00,LOCO_01,PARKING,,,
7474.0,2025-12-06T04:34:00+00:00,LOCO_01,MOVING,track_19,retrofit,
7474.0,2025-12-06T04:34:00+00:00,LOCO_02,MOVING,retrofitted,track_19,
7479.0,2025-12-06T04:39:00+00:00,LOCO_02,ALLOCATED,,,batch_transport
7479.0,2025-12-06T04:39:00+00:00,LOCO_02,MOVING,track_19,retrofitted,
7482.0,2025-12-06T04:42:00+00:00,LOCO_01,MOVING,retrofit,WS_02,
7489.0,2025-12-06T04:49:00+00:00,LOCO_02,MOVING,retrofitted,parking1,
7493.0,2025-12-06T04:53:00+00:00,LOCO_01,MOVING,WS_02,track_19,
7500.0,2025-12-06T05:00:00+00:00,LOCO_01,MOVING,track_19,retrofit,
7501.5,2025-12-06T05:01:30+00:00,LOCO_02,MOVING,parking1,track_19,
7506.5,2025-12-06T05:06:30+00:00,LOCO_02,ALLOCATED,,,batch_transport
7506.5,2025-12-06T05:06:30+00:00,LOCO_02,MOVING,track_19,retrofitted,
7508.0,2025-12-06T05:08:00+00:00,LOCO_01,MOVING,retrofit,WS_01,
7514.5,2025-12-06T05:14:30+00:00,LOCO_02,MOVING,retrofitted,parking12,
7519.0,2025-12-06T05:19:00+00:00,LOCO_01,MOVING,WS_01,track_19,
7553.5,2025-12-06T05:53:30+00:00,LOCO_01,MOVING,track_19,WS_02,
7560.5,2025-12-06T06:00:30+00:00,LOCO_01,MOVING,WS_02,retrofitted,
7565.5,2025-12-06T06:05:30+00:00,LOCO_01,MOVING,retrofitted,track_19,
7572.5,2025-12-06T06:12:30+00:00,LOCO_01,MOVING,track_19,retrofit,
7578.0,2025-12-06T06:18:00+00:00,LOCO_02,MOVING,parking12,track_19,
7580.5,2025-12-06T06:20:30+00:00,LOCO_01,MOVING,retrofit,WS_02,
7591.5,2025-12-06T06:31:30+00:00,LOCO_01,MOVING,WS_02,track_19,
7596.5,2025-12-06T06:36:30+00:00,LOCO_01,MOVING,track_19,WS_01,
7603.5,2025-12-06T06:43:30+00:00,LOCO_01,MOVING,WS_01,retrofitted,
7608.5,2025-12-06T06:48:30+00:00,LOCO_01,MOVING,retrofitted,track_19,
7613.5,2025-12-06T06:53:30+00:00,LOCO_01,MOVING,track_19,collection2,
7640.0,2025-12-06T07:20:00+00:00,LOCO_02,MOVING,track_19,retrofit,
7648.0,2025-12-06T07:28:00+00:00,LOCO_02,MOVING,retrofit,WS_01,
7659.0,2025-12-06T07:39:00+00:00,LOCO_02,MOVING,WS_01,track_19,
7664.0,2025-12-06T07:44:00+00:00,LOCO_02,MOVING,track_19,WS_02,
7671.0,2025-12-06T07:51:00+00:00,LOCO_02,MOVING,WS_02,retrofitted,
7673.5,2025-12-06T07:53:30+00:00,LOCO_01,ALLOCATED,,,batch_transport
7676.0,2025-12-06T07:56:00+00:00,LOCO_02,MOVING,retrofitted,track_19,
7681.0,2025-12-06T08:01:00+00:00,LOCO_02,MOVING,track_19,collection1,
7684.5,2025-12-06T08:04:30+00:00,LOCO_01,MOVING,collection2,retrofit,
7741.0,2025-12-06T09:01:00+00:00,LOCO_02,ALLOCATED,,,batch_transport
7746.0,2025-12-06T09:06:00+00:00,LOCO_02,MOVING,collection1,retrofit,
7771.5,2025-12-06T09:31:30+00:00,LOCO_01,MOVING,retrofit,track_19,
7776.5,2025-12-06T09:36:30+00:00,LOCO_01,PARKING,,,
7776.5,2025-12-06T09:36:30+00:00,LOCO_01,MOVING,track_19,WS_01,
7783.5,2025-12-06T09:43:30+00:00,LOCO_01,MOVING,WS_01,retrofitted,
7788.5,2025-12-06T09:48:30+00:00,LOCO_01,MOVING,retrofitted,track_19,
7795.5,2025-12-06T09:55:30+00:00,LOCO_01,MOVING,track_19,retrofit,
7803.5,2025-12-06T10:03:30+00:00,LOCO_01,MOVING,retrofit,WS_02,
7814.5,2025-12-06T10:14:30+00:00,LOCO_01,MOVING,WS_02,track_19,
7815.0,2025-12-06T10:15:00+00:00,LOCO_02,MOVING,retrofit,track_19,
7820.0,2025-12-06T10:20:00+00:00,LOCO_02,PARKING,,,
7820.0,2025-12-06T10:20:00+00:00,LOCO_02,ALLOCATED,,,batch_transport
7820.0,2025-12-06T10:20:00+00:00,LOCO_02,MOVING,track_19,retrofitted,
7821.5,2025-12-06T10:21:30+00:00,LOCO_01,MOVING,track_19,retrofit,
7828.0,2025-12-06T10:28:00+00:00,LOCO_02,MOVING,retrofitted,parking16,
7829.5,2025-12-06T10:29:30+00:00,LOCO_01,MOVING,retrofit,WS_01,
7840.5,2025-12-06T10:40:30+00:00,LOCO_01,MOVING,WS_01,track_19,
7875.0,2025-12-06T11:15:00+00:00,LOCO_01,MOVING,track_19,WS_02,
7882.0,2025-12-06T11:22:00+00:00,LOCO_01,MOVING,WS_02,retrofitted,
7887.0,2025-12-06T11:27:00+00:00,LOCO_01,MOVING,retrofitted,track_19,
7894.0,2025-12-06T11:34:00+00:00,LOCO_01,MOVING,track_19,retrofit,
7902.0,2025-12-06T11:42:00+00:00,LOCO_01,MOVING,retrofit,WS_02,
7913.0,2025-12-06T11:53:00+00:00,LOCO_01,MOVING,WS_02,track_19,
7918.0,2025-12-06T11:58:00+00:00,LOCO_01,MOVING,track_19,WS_01,
7925.0,2025-12-06T12:05:00+00:00,LOCO_01,MOVING,WS_01,retrofitted,
7930.0,2025-12-06T12:10:00+00:00,LOCO_01,MOVING,retrofitted,track_19,
7935.0,2025-12-06T12:15:00+00:00,LOCO_01,MOVING,track_19,collection2,
7951.5,2025-12-06T12:31:30+00:00,LOCO_02,MOVING,parking16,track_19,
7995.0,2025-12-06T13:15:00+00:00,LOCO_01,ALLOCATED,,,batch_transport
8008.0,2025-12-06T13:28:00+00:00,LOCO_01,MOVING,collection2,retrofit,
8011.5,2025-12-06T13:31:30+00:00,LOCO_02,MOVING,track_19,WS_02,
8018.5,2025-12-06T13:38:30+00:00,LOCO_02,MOVING,WS_02,retrofitted,
8023.5,2025-12-06T13:43:30+00:00,LOCO_02,MOVING,retrofitted,track_19,
8030.5,2025-12-06T13:50:30+00:00,LOCO_02,MOVING,track_19,retrofit,
8038.5,2025-12-06T13:58:30+00:00,LOCO_02,MOVING,retrofit,WS_01,
8049.5,2025-12-06T14:09:30+00:00,LOCO_02,MOVING,WS_01,track_19,
8056.5,2025-12-06T14:16:30+00:00,LOCO_02,MOVING,track_19,retrofit,
8064.5,2025-12-06T14:24:30+00:00,LOCO_02,MOVING,retrofit,WS_02,
8075.5,2025-12-06T14:35:30+00:00,LOCO_02,MOVING,WS_02,track_19,
8080.5,2025-12-06T14:40:30+00:00,LOCO_02,MOVING,track_19,collection1,
8101.0,2025-12-06T15:01:00+00:00,LOCO_01,MOVING,retrofit,track_19,
8106.0,2025-12-06T15:06:00+00:00,LOCO_01,PARKING,,,
8106.0,2025-12-06T15:06:00+00:00,LOCO_01,ALLOCATED,,,batch_transport
8106.0,2025-12-06T15:06:00+00:00,LOCO_01,MOVING,track_19,retrofitted,
8116.0,2025-12-06T15:16:00+00:00,LOCO_01,MOVING,retrofitted,parking14,
8140.5,2025-12-06T15:40:30+00:00,LOCO_02,ALLOCATED,,,batch_transport
8145.5,2025-12-06T15:45:30+00:00,LOCO_02,MOVING,collection1,retrofit,
8198.5,2025-12-06T16:38:30+00:00,LOCO_01,MOVING,parking14,track_19,
8214.5,2025-12-06T16:54:30+00:00,LOCO_02,MOVING,retrofit,track_19,
8219.5,2025-12-06T16:59:30+00:00,LOCO_02,PARKING,,,
8219.5,2025-12-06T16:59:30+00:00,LOCO_02,MOVING,track_19,WS_01,
8226.5,2025-12-06T17:06:30+00:00,LOCO_02,MOVING,WS_01,retrofitted,
8231.5,2025-12-06T17:11:30+00:00,LOCO_02,MOVING,retrofitted,track_19,
8236.5,2025-12-06T17:16:30+00:00,LOCO_02,MOVING,track_19,WS_02,
8243.5,2025-12-06T17:23:30+00:00,LOCO_02,MOVING,WS_02,retrofitted,
8248.5,2025-12-06T17:28:30+00:00,LOCO_02,MOVING,retrofitted,track_19,
8255.5,2025-12-06T17:35:30+00:00,LOCO_02,MOVING,track_19,retrofit,
8260.5,2025-12-06T17:40:30+00:00,LOCO_01,MOVING,track_19,retrofit,
8263.5,2025-12-06T17:43:30+00:00,LOCO_02,MOVING,retrofit,WS_01,
8268.5,2025-12-06T17:48:30+00:00,LOCO_01,MOVING,retrofit,WS_02,
8274.5,2025-12-06T17:54:30+00:00,LOCO_02,MOVING,WS_01,track_19,
8279.5,2025-12-06T17:59:30+00:00,LOCO_01,MOVING,WS_02,track_19,
8279.5,2025-12-06T17:59:30+00:00,LOCO_02,MOVING,track_19,collection2,
8284.5,2025-12-06T18:04:30+00:00,LOCO_01,MOVING,track_19,collection1,
8339.5,2025-12-06T18:59:30+00:00,LOCO_02,ALLOCATED,,,batch_transport
8344.5,2025-12-06T19:04:30+00:00,LOCO_01,ALLOCATED,,,batch_transport
8347.5,2025-12-06T19:07:30+00:00,LOCO_01,MOVING,collection1,retrofit,
8350.5,2025-12-06T19:10:30+00:00,LOCO_02,MOVING,collection2,retrofit,
8410.5,2025-12-06T20:10:30+00:00,LOCO_01,MOVING,retrofit,track_19,
8415.5,2025-12-06T20:15:30+00:00,LOCO_01,PARKING,,,
8415.5,2025-12-06T20:15:30+00:00,LOCO_01,MOVING,track_19,WS_01,
8422.5,2025-12-06T20:22:30+00:00,LOCO_01,MOVING,WS_01,retrofitted,
8427.5,2025-12-06T20:27:30+00:00,LOCO_01,MOVING,retrofitted,track_19,
8432.5,2025-12-06T20:32:30+00:00,LOCO_01,MOVING,track_19,WS_02,
8437.5,2025-12-06T20:37:30+00:00,LOCO_02,MOVING,retrofit,track_19,
8439.5,2025-12-06T20:39:30+00:00,LOCO_01,MOVING,WS_02,retrofitted,
8442.5,2025-12-06T20:42:30+00:00,LOCO_02,PARKING,,,
8444.5,2025-12-06T20:44:30+00:00,LOCO_02,MOVING,track_19,retrofit,
8444.5,2025-12-06T20:44:30+00:00,LOCO_01,MOVING,retrofitted,track_19,
8449.5,2025-12-06T20:49:30+00:00,LOCO_01,ALLOCATED,,,batch_transport
8449.5,2025-12-06T20:49:30+00:00,LOCO_01,MOVING,track_19,retrofitted,
8452.5,2025-12-06T20:52:30+00:00,LOCO_02,MOVING,retrofit,WS_01,
8458.5,2025-12-06T20:58:30+00:00,LOCO_01,MOVING,retrofitted,parking16,
8463.5,2025-12-06T21:03:30+00:00,LOCO_02,MOVING,WS_01,track_19,
8470.5,2025-12-06T21:10:30+00:00,LOCO_02,MOVING,track_19,retrofit,
8478.5,2025-12-06T21:18:30+00:00,LOCO_02,MOVING,retrofit,WS_02,
8489.5,2025-12-06T21:29:30+00:00,LOCO_02,MOVING,WS_02,track_19,
8494.5,2025-12-06T21:34:30+00:00,LOCO_02,MOVING,track_19,collection1,
8554.5,2025-12-06T22:34:30+00:00,LOCO_02,ALLOCATED,,,batch_transport
8563.5,2025-12-06T22:43:30+00:00,LOCO_02,MOVING,collection1,retrofit,
8584.0,2025-12-06T23:04:00+00:00,LOCO_01,MOVING,parking16,track_19,
8644.0,2025-12-07T00:04:00+00:00,LOCO_01,MOVING,track_19,WS_01,
8644.5,2025-12-07T00:04:30+00:00,LOCO_02,MOVING,retrofit,track_19,
8649.5,2025-12-07T00:09:30+00:00,LOCO_02,PARKING,,,
8649.5,2025-12-07T00:09:30+00:00,LOCO_02,MOVING,track_19,WS_02,
8651.0,2025-12-07T00:11:00+00:00,LOCO_01,MOVING,WS_01,retrofitted,
8656.0,2025-12-07T00:16:00+00:00,LOCO_01,MOVING,retrofitted,track_19,
8656.5,2025-12-07T00:16:30+00:00,LOCO_02,MOVING,WS_02,retrofitted,
8661.0,2025-12-07T00:21:00+00:00,LOCO_01,ALLOCATED,,,batch_transport
8661.0,2025-12-07T00:21:00+00:00,LOCO_01,MOVING,track_19,retrofitted,
8661.5,2025-12-07T00:21:30+00:00,LOCO_02,MOVING,retrofitted,track_19,
8668.5,2025-12-07T00:28:30+00:00,LOCO_02,MOVING,track_19,retrofit,
8669.0,2025-12-07T00:29:00+00:00,LOCO_01,MOVING,retrofitted,parking12,
8676.5,2025-12-07T00:36:30+00:00,LOCO_02,MOVING,retrofit,WS_01,
8687.5,2025-12-07T00:47:30+00:00,LOCO_02,MOVING,WS_01,track_19,
8694.5,2025-12-07T00:54:30+00:00,LOCO_02,MOVING,track_19,retrofit,
8702.5,2025-12-07T01:02:30+00:00,LOCO_02,MOVING,retrofit,WS_02,
8713.5,2025-12-07T01:13:30+00:00,LOCO_02,MOVING,WS_02,track_19,
8718.5,2025-12-07T01:18:30+00:00,LOCO_02,MOVING,track_19,collection2,
8732.5,2025-12-07T01:32:30+00:00,LOCO_01,MOVING,parking12,track_19,
8778.5,2025-12-07T02:18:30+00:00,LOCO_02,ALLOCATED,,,batch_transport
8783.5,2025-12-07T02:23:30+00:00,LOCO_02,MOVING,collection2,retrofit,
8792.5,2025-12-07T02:32:30+00:00,LOCO_01,MOVING,track_19,WS_01,
8799.5,2025-12-07T02:39:30+00:00,LOCO_01,MOVING,WS_01,retrofitted,
8804.5,2025-12-07T02:44:30+00:00,LOCO_01,MOVING,retrofitted,track_19,
8809.5,2025-12-07T02:49:30+00:00,LOCO_01,MOVING,track_19,WS_02,
8816.5,2025-12-07T02:56:30+00:00,LOCO_01,MOVING,WS_02,retrofitted,
8821.5,2025-12-07T03:01:30+00:00,LOCO_01,MOVING,retrofitted,track_19,
8828.5,2025-12-07T03:08:30+00:00,LOCO_01,MOVING,track_19,retrofit,
8836.5,2025-12-07T03:16:30+00:00,LOCO_01,MOVING,retrofit,WS_01,
8847.5,2025-12-07T03:27:30+00:00,LOCO_01,MOVING,WS_01,track_19,
8852.5,2025-12-07T03:32:30+00:00,LOCO_02,MOVING,retrofit,track_19,
8854.5,2025-12-07T03:34:30+00:00,LOCO_01,MOVING,track_19,retrofit,
8857.5,2025-12-07T03:37:30+00:00,LOCO_02,PARKING,,,
8857.5,2025-12-07T03:37:30+00:00,LOCO_02,MOVING,track_19,collection1,
8862.5,2025-12-07T03:42:30+00:00,LOCO_01,MOVING,retrofit,WS_02,
8873.5,2025-12-07T03:53:30+00:00,LOCO_01,MOVING,WS_02,track_19,
8878.5,2025-12-07T03:58:30+00:00,LOCO_01,ALLOCATED,,,batch_transport
8878.5,2025-12-07T03:58:30+00:00,LOCO_01,MOVING,track_19,retrofitted,
8886.5,2025-12-07T04:06:30+00:00,LOCO_01,MOVING,retrofitted,parking10,
8917.5,2025-12-07T04:37:30+00:00,LOCO_02,ALLOCATED,,,batch_transport
8922.5,2025-12-07T04:42:30+00:00,LOCO_02,MOVING,collection1,retrofit,
8950.0,2025-12-07T05:10:00+00:00,LOCO_01,MOVING,parking10,track_19,
8991.5,2025-12-07T05:51:30+00:00,LOCO_02,MOVING,retrofit,track_19,
8996.5,2025-12-07T05:56:30+00:00,LOCO_02,PARKING,,,
8996.5,2025-12-07T05:56:30+00:00,LOCO_02,MOVING,track_19,WS_01,
9003.5,2025-12-07T06:03:30+00:00,LOCO_02,MOVING,WS_01,retrofitted,
9008.5,2025-12-07T06:08:30+00:00,LOCO_02,MOVING,retrofitted,track_19,
9010.0,2025-12-07T06:10:00+00:00,LOCO_01,MOVING,track_19,WS_02,
9013.5,2025-12-07T06:13:30+00:00,LOCO_02,ALLOCATED,,,batch_transport
9013.5,2025-12-07T06:13:30+00:00,LOCO_02,MOVING,track_19,retrofitted,
9017.0,2025-12-07T06:17:00+00:00,LOCO_01,MOVING,WS_02,retrofitted,
9022.0,2025-12-07T06:22:00+00:00,LOCO_01,MOVING,retrofitted,track_19,
9022.5,2025-12-07T06:22:30+00:00,LOCO_02,MOVING,retrofitted,parking9,
9029.0,2025-12-07T06:29:00+00:00,LOCO_01,MOVING,track_19,retrofit,
9033.0,2025-12-07T06:33:00+00:00,LOCO_02,MOVING,parking9,track_19,
9037.0,2025-12-07T06:37:00+00:00,LOCO_01,MOVING,retrofit,WS_01,
9040.0,2025-12-07T06:40:00+00:00,LOCO_02,MOVING,track_19,retrofit,
9048.0,2025-12-07T06:48:00+00:00,LOCO_02,MOVING,retrofit,WS_02,
9048.0,2025-12-07T06:48:00+00:00,LOCO_01,MOVING,WS_01,track_19,
9053.0,2025-12-07T06:53:00+00:00,LOCO_01,MOVING,track_19,collection2,
9059.0,2025-12-07T06:59:00+00:00,LOCO_02,MOVING,WS_02,track_19,
9064.0,2025-12-07T07:04:00+00:00,LOCO_02,MOVING,track_19,collection1,
9113.0,2025-12-07T07:53:00+00:00,LOCO_01,ALLOCATED,,,batch_transport
9124.0,2025-12-07T08:04:00+00:00,LOCO_02,ALLOCATED,,,batch_transport
9127.0,2025-12-07T08:07:00+00:00,LOCO_02,MOVING,collection1,retrofit,
9128.0,2025-12-07T08:08:00+00:00,LOCO_01,MOVING,collection2,retrofit,
9190.0,2025-12-07T09:10:00+00:00,LOCO_02,MOVING,retrofit,track_19,
9195.0,2025-12-07T09:15:00+00:00,LOCO_02,PARKING,,,
9195.0,2025-12-07T09:15:00+00:00,LOCO_02,MOVING,track_19,WS_01,
9202.0,2025-12-07T09:22:00+00:00,LOCO_02,MOVING,WS_01,retrofitted,
9207.0,2025-12-07T09:27:00+00:00,LOCO_02,MOVING,retrofitted,track_19,
9212.0,2025-12-07T09:32:00+00:00,LOCO_02,MOVING,track_19,WS_02,
9219.0,2025-12-07T09:39:00+00:00,LOCO_02,MOVING,WS_02,retrofitted,
9224.0,2025-12-07T09:44:00+00:00,LOCO_02,MOVING,retrofitted,track_19,
9227.0,2025-12-07T09:47:00+00:00,LOCO_01,MOVING,retrofit,track_19,
9231.0,2025-12-07T09:51:00+00:00,LOCO_02,MOVING,track_19,retrofit,
9232.0,2025-12-07T09:52:00+00:00,LOCO_01,PARKING,,,
9234.0,2025-12-07T09:54:00+00:00,LOCO_01,MOVING,track_19,retrofit,
9239.0,2025-12-07T09:59:00+00:00,LOCO_02,MOVING,retrofit,WS_01,
9242.0,2025-12-07T10:02:00+00:00,LOCO_01,MOVING,retrofit,WS_02,
9250.0,2025-12-07T10:10:00+00:00,LOCO_02,MOVING,WS_01,track_19,
9253.0,2025-12-07T10:13:00+00:00,LOCO_01,MOVING,WS_02,track_19,
9255.0,2025-12-07T10:15:00+00:00,LOCO_02,ALLOCATED,,,batch_transport
9255.0,2025-12-07T10:15:00+00:00,LOCO_02,MOVING,track_19,retrofitted,
9262.0,2025-12-07T10:22:00+00:00,LOCO_02,MOVING,retrofitted,parking11,
9310.5,2025-12-07T11:10:30+00:00,LOCO_01,MOVING,track_19,WS_01,
9317.5,2025-12-07T11:17:30+00:00,LOCO_01,MOVING,WS_01,retrofitted,
9322.5,2025-12-07T11:22:30+00:00,LOCO_01,MOVING,retrofitted,track_19,
9323.5,2025-12-07T11:23:30+00:00,LOCO_02,MOVING,parking11,track_19,
9327.5,2025-12-07T11:27:30+00:00,LOCO_01,MOVING,track_19,WS_02,
9334.5,2025-12-07T11:34:30+00:00,LOCO_01,MOVING,WS_02,retrofitted,
9339.5,2025-12-07T11:39:30+00:00,LOCO_01,MOVING,retrofitted,track_19,
9346.5,2025-12-07T11:46:30+00:00,LOCO_01,MOVING,track_19,retrofit,
9354.5,2025-12-07T11:54:30+00:00,LOCO_01,MOVING,retrofit,WS_01,
9365.5,2025-12-07T12:05:30+00:00,LOCO_01,MOVING,WS_01,track_19,
9372.5,2025-12-07T12:12:30+00:00,LOCO_01,MOVING,track_19,retrofit,
9380.5,2025-12-07T12:20:30+00:00,LOCO_01,MOVING,retrofit,WS_02,
9383.5,2025-12-07T12:23:30+00:00,LOCO_02,MOVING,track_19,collection1,
9391.5,2025-12-07T12:31:30+00:00,LOCO_01,MOVING,WS_02,track_19,
9396.5,2025-12-07T12:36:30+00:00,LOCO_01,MOVING,track_19,collection2,
9443.5,2025-12-07T13:23:30+00:00,LOCO_02,ALLOCATED,,,batch_transport
9452.5,2025-12-07T13:32:30+00:00,LOCO_02,MOVING,collection1,retrofit,
9456.5,2025-12-07T13:36:30+00:00,LOCO_01,ALLOCATED,,,batch_transport
9467.5,2025-12-07T13:47:30+00:00,LOCO_01,MOVING,collection2,retrofit,
9533.5,2025-12-07T14:53:30+00:00,LOCO_02,MOVING,retrofit,track_19,
9538.5,2025-12-07T14:58:30+00:00,LOCO_02,PARKING,,,
9538.5,2025-12-07T14:58:30+00:00,LOCO_02,MOVING,track_19,WS_01,
9545.5,2025-12-07T15:05:30+00:00,LOCO_02,MOVING,WS_01,retrofitted,
9550.5,2025-12-07T15:10:30+00:00,LOCO_02,MOVING,retrofitted,track_19,
9554.5,2025-12-07T15:14:30+00:00,LOCO_01,MOVING,retrofit,track_19,
9555.5,2025-12-07T15:15:30+00:00,LOCO_02,ALLOCATED,,,batch_transport
9555.5,2025-12-07T15:15:30+00:00,LOCO_02,MOVING,track_19,retrofitted,
9559.5,2025-12-07T15:19:30+00:00,LOCO_01,PARKING,,,
9559.5,2025-12-07T15:19:30+00:00,LOCO_01,MOVING,track_19,WS_02,
9565.5,2025-12-07T15:25:30+00:00,LOCO_02,MOVING,retrofitted,parking13,
9566.5,2025-12-07T15:26:30+00:00,LOCO_01,MOVING,WS_02,retrofitted,
9571.5,2025-12-07T15:31:30+00:00,LOCO_01,MOVING,retrofitted,track_19,
9578.5,2025-12-07T15:38:30+00:00,LOCO_01,MOVING,track_19,retrofit,
9586.5,2025-12-07T15:46:30+00:00,LOCO_01,MOVING,retrofit,WS_01,
9597.5,2025-12-07T15:57:30+00:00,LOCO_01,MOVING,WS_01,track_19,
9604.5,2025-12-07T16:04:30+00:00,LOCO_01,MOVING,track_19,retrofit,
9612.5,2025-12-07T16:12:30+00:00,LOCO_01,MOVING,retrofit,WS_02,
9623.5,2025-12-07T16:23:30+00:00,LOCO_01,MOVING,WS_02,track_19,
9628.5,2025-12-07T16:28:30+00:00,LOCO_01,MOVING,track_19,collection1,
9648.0,2025-12-07T16:48:00+00:00,LOCO_02,MOVING,parking13,track_19,
9688.5,2025-12-07T17:28:30+00:00,LOCO_01,ALLOCATED,,,batch_transport
9699.5,2025-12-07T17:39:30+00:00,LOCO_01,MOVING,collection1,retrofit,
9708.0,2025-12-07T17:48:00+00:00,LOCO_02,MOVING,track_19,WS_01,
9715.0,2025-12-07T17:55:00+00:00,LOCO_02,MOVING,WS_01,retrofitted,
9720.0,2025-12-07T18:00:00+00:00,LOCO_02,MOVING,retrofitted,track_19,
9725.0,2025-12-07T18:05:00+00:00,LOCO_02,MOVING,track_19,WS_02,
9732.0,2025-12-07T18:12:00+00:00,LOCO_02,MOVING,WS_02,retrofitted,
9737.0,2025-12-07T18:17:00+00:00,LOCO_02,MOVING,retrofitted,track_19,
9744.0,2025-12-07T18:24:00+00:00,LOCO_02,MOVING,track_19,retrofit,
9752.0,2025-12-07T18:32:00+00:00,LOCO_02,MOVING,retrofit,WS_01,
9763.0,2025-12-07T18:43:00+00:00,LOCO_02,MOVING,WS_01,track_19,
9770.0,2025-12-07T18:50:00+00:00,LOCO_02,MOVING,track_19,retrofit,
9778.0,2025-12-07T18:58:00+00:00,LOCO_02,MOVING,retrofit,WS_02,
9786.5,2025-12-07T19:06:30+00:00,LOCO_01,MOVING,retrofit,track_19,
9789.0,2025-12-07T19:09:00+00:00,LOCO_02,MOVING,WS_02,track_19,
9791.5,2025-12-07T19:11:30+00:00,LOCO_01,PARKING,,,
9791.5,2025-12-07T19:11:30+00:00,LOCO_01,MOVING,track_19,collection2,
9794.0,2025-12-07T19:14:00+00:00,LOCO_02,ALLOCATED,,,batch_transport
9794.0,2025-12-07T19:14:00+00:00,LOCO_02,MOVING,track_19,retrofitted,
9802.0,2025-12-07T19:22:00+00:00,LOCO_02,MOVING,retrofitted,parking15,
9851.5,2025-12-07T20:11:30+00:00,LOCO_01,ALLOCATED,,,batch_transport
9854.5,2025-12-07T20:14:30+00:00,LOCO_01,MOVING,collection2,retrofit,
9880.5,2025-12-07T20:40:30+00:00,LOCO_02,MOVING,parking15,track_19,
9917.5,2025-12-07T21:17:30+00:00,LOCO_01,MOVING,retrofit,track_19,
9922.5,2025-12-07T21:22:30+00:00,LOCO_01,PARKING,,,
9922.5,2025-12-07T21:22:30+00:00,LOCO_01,MOVING,track_19,WS_01,
9929.5,2025-12-07T21:29:30+00:00,LOCO_01,MOVING,WS_01,retrofitted,
9934.5,2025-12-07T21:34:30+00:00,LOCO_01,MOVING,retrofitted,track_19,
9939.5,2025-12-07T21:39:30+00:00,LOCO_01,MOVING,track_19,WS_02,
9942.5,2025-12-07T21:42:30+00:00,LOCO_02,MOVING,track_19,retrofit,
9946.5,2025-12-07T21:46:30+00:00,LOCO_01,MOVING,WS_02,retrofitted,
9950.5,2025-12-07T21:50:30+00:00,LOCO_02,MOVING,retrofit,WS_01,
9951.5,2025-12-07T21:51:30+00:00,LOCO_01,MOVING,retrofitted,track_19,
9956.5,2025-12-07T21:56:30+00:00,LOCO_01,ALLOCATED,,,batch_transport
9956.5,2025-12-07T21:56:30+00:00,LOCO_01,MOVING,track_19,retrofitted,
9961.5,2025-12-07T22:01:30+00:00,LOCO_02,MOVING,WS_01,track_19,
9965.5,2025-12-07T22:05:30+00:00,LOCO_01,MOVING,retrofitted,parking11,
9968.5,2025-12-07T22:08:30+00:00,LOCO_02,MOVING,track_19,retrofit,
9976.5,2025-12-07T22:16:30+00:00,LOCO_02,MOVING,retrofit,WS_02,
9987.5,2025-12-07T22:27:30+00:00,LOCO_02,MOVING,WS_02,track_19,
10022.0,2025-12-07T23:02:00+00:00,LOCO_02,MOVING,track_19,WS_01,
10029.0,2025-12-07T23:09:00+00:00,LOCO_02,MOVING,WS_01,retrofitted,
10031.0,2025-12-07T23:11:00+00:00,LOCO_01,MOVING,parking11,track_19,
10034.0,2025-12-07T23:14:00+00:00,LOCO_02,MOVING,retrofitted,track_19,
10041.0,2025-12-07T23:21:00+00:00,LOCO_02,MOVING,track_19,retrofit,
10049.0,2025-12-07T23:29:00+00:00,LOCO_02,MOVING,retrofit,WS_01,
10060.0,2025-12-07T23:40:00+00:00,LOCO_02,MOVING,WS_01,track_19,
10065.0,2025-12-07T23:45:00+00:00,LOCO_02,MOVING,track_19,WS_02,
10072.0,2025-12-07T23:52:00+00:00,LOCO_02,MOVING,WS_02,retrofitted,
10077.0,2025-12-07T23:57:00+00:00,LOCO_02,MOVING,retrofitted,track_19,
10082.0,2025-12-08T00:02:00+00:00,LOCO_02,MOVING,track_19,collection1,
10093.0,2025-12-08T00:13:00+00:00,LOCO_01,MOVING,track_19,retrofit,
10101.0,2025-12-08T00:21:00+00:00,LOCO_01,MOVING,retrofit,WS_02,
10112.0,2025-12-08T00:32:00+00:00,LOCO_01,MOVING,WS_02,track_19,
10117.0,2025-12-08T00:37:00+00:00,LOCO_01,MOVING,track_19,collection2,
10142.0,2025-12-08T01:02:00+00:00,LOCO_02,ALLOCATED,,,batch_transport
10157.0,2025-12-08T01:17:00+00:00,LOCO_02,MOVING,collection1,retrofit,
10177.0,2025-12-08T01:37:00+00:00,LOCO_01,ALLOCATED,,,batch_transport
10180.0,2025-12-08T01:40:00+00:00,LOCO_01,MOVING,collection2,retrofit,
10243.0,2025-12-08T02:43:00+00:00,LOCO_01,MOVING,retrofit,track_19,
10248.0,2025-12-08T02:48:00+00:00,LOCO_01,PARKING,,,
10248.0,2025-12-08T02:48:00+00:00,LOCO_01,MOVING,track_19,WS_01,
10255.0,2025-12-08T02:55:00+00:00,LOCO_01,MOVING,WS_01,retrofitted,
10256.0,2025-12-08T02:56:00+00:00,LOCO_02,MOVING,retrofit,track_19,
10260.0,2025-12-08T03:00:00+00:00,LOCO_01,MOVING,retrofitted,track_19,
10261.0,2025-12-08T03:01:00+00:00,LOCO_02,PARKING,,,
10261.0,2025-12-08T03:01:00+00:00,LOCO_02,MOVING,track_19,WS_02,
10265.0,2025-12-08T03:05:00+00:00,LOCO_01,ALLOCATED,,,batch_transport
10265.0,2025-12-08T03:05:00+00:00,LOCO_01,MOVING,track_19,retrofitted,
10268.0,2025-12-08T03:08:00+00:00,LOCO_02,MOVING,WS_02,retrofitted,
10273.0,2025-12-08T03:13:00+00:00,LOCO_02,MOVING,retrofitted,track_19,
10274.0,2025-12-08T03:14:00+00:00,LOCO_01,MOVING,retrofitted,parking1,
10280.0,2025-12-08T03:20:00+00:00,LOCO_02,MOVING,track_19,retrofit,
10284.5,2025-12-08T03:24:30+00:00,LOCO_01,MOVING,parking1,track_19,
10288.0,2025-12-08T03:28:00+00:00,LOCO_02,MOVING,retrofit,WS_01,
10291.5,2025-12-08T03:31:30+00:00,LOCO_01,MOVING,track_19,retrofit,
10299.0,2025-12-08T03:39:00+00:00,LOCO_02,MOVING,WS_01,track_19,
10299.5,2025-12-08T03:39:30+00:00,LOCO_01,MOVING,retrofit,WS_02,
10304.0,2025-12-08T03:44:00+00:00,LOCO_02,MOVING,track_19,collection2,
10310.5,2025-12-08T03:50:30+00:00,LOCO_01,MOVING,WS_02,track_19,
10315.5,2025-12-08T03:55:30+00:00,LOCO_01,MOVING,track_19,collection1,
10364.0,2025-12-08T04:44:00+00:00,LOCO_02,ALLOCATED,,,batch_transport
10375.5,2025-12-08T04:55:30+00:00,LOCO_01,ALLOCATED,,,batch_transport
10378.5,2025-12-08T04:58:30+00:00,LOCO_01,MOVING,collection1,retrofit,
10379.0,2025-12-08T04:59:00+00:00,LOCO_02,MOVING,collection2,retrofit,
10441.5,2025-12-08T06:01:30+00:00,LOCO_01,MOVING,retrofit,track_19,
10446.5,2025-12-08T06:06:30+00:00,LOCO_01,PARKING,,,
10446.5,2025-12-08T06:06:30+00:00,LOCO_01,MOVING,track_19,WS_01,
10453.5,2025-12-08T06:13:30+00:00,LOCO_01,MOVING,WS_01,retrofitted,
10458.5,2025-12-08T06:18:30+00:00,LOCO_01,MOVING,retrofitted,track_19,
10463.5,2025-12-08T06:23:30+00:00,LOCO_01,MOVING,track_19,WS_02,
10470.5,2025-12-08T06:30:30+00:00,LOCO_01,MOVING,WS_02,retrofitted,
10475.5,2025-12-08T06:35:30+00:00,LOCO_01,MOVING,retrofitted,track_19,
10478.0,2025-12-08T06:38:00+00:00,LOCO_02,MOVING,retrofit,track_19,
10482.5,2025-12-08T06:42:30+00:00,LOCO_01,MOVING,track_19,retrofit,
10483.0,2025-12-08T06:43:00+00:00,LOCO_02,PARKING,,,
10485.0,2025-12-08T06:45:00+00:00,LOCO_02,MOVING,track_19,retrofit,
10490.5,2025-12-08T06:50:30+00:00,LOCO_01,MOVING,retrofit,WS_01,
10493.0,2025-12-08T06:53:00+00:00,LOCO_02,MOVING,retrofit,WS_02,
10501.5,2025-12-08T07:01:30+00:00,LOCO_01,MOVING,WS_01,track_19,
10504.0,2025-12-08T07:04:00+00:00,LOCO_02,MOVING,WS_02,track_19,
10506.5,2025-12-08T07:06:30+00:00,LOCO_01,ALLOCATED,,,batch_transport
10506.5,2025-12-08T07:06:30+00:00,LOCO_01,MOVING,track_19,retrofitted,
10514.5,2025-12-08T07:14:30+00:00,LOCO_01,MOVING,retrofitted,parking10,
10562.0,2025-12-08T08:02:00+00:00,LOCO_02,MOVING,track_19,WS_01,
10569.0,2025-12-08T08:09:00+00:00,LOCO_02,MOVING,WS_01,retrofitted,
10574.0,2025-12-08T08:14:00+00:00,LOCO_02,MOVING,retrofitted,track_19,
10578.0,2025-12-08T08:18:00+00:00,LOCO_01,MOVING,parking10,track_19,
10579.0,2025-12-08T08:19:00+00:00,LOCO_02,MOVING,track_19,WS_02,
10586.0,2025-12-08T08:26:00+00:00,LOCO_02,MOVING,WS_02,retrofitted,
10591.0,2025-12-08T08:31:00+00:00,LOCO_02,MOVING,retrofitted,track_19,
10598.0,2025-12-08T08:38:00+00:00,LOCO_02,MOVING,track_19,retrofit,
10606.0,2025-12-08T08:46:00+00:00,LOCO_02,MOVING,retrofit,WS_01,
10617.0,2025-12-08T08:57:00+00:00,LOCO_02,MOVING,WS_01,track_19,
10624.0,2025-12-08T09:04:00+00:00,LOCO_02,MOVING,track_19,retrofit,
10632.0,2025-12-08T09:12:00+00:00,LOCO_02,MOVING,retrofit,WS_02,
10638.0,2025-12-08T09:18:00+00:00,LOCO_01,MOVING,track_19,collection1,
10643.0,2025-12-08T09:23:00+00:00,LOCO_02,MOVING,WS_02,track_19,
10648.0,2025-12-08T09:28:00+00:00,LOCO_02,MOVING,track_19,collection2,
10698.0,2025-12-08T10:18:00+00:00,LOCO_01,ALLOCATED,,,batch_transport
10707.0,2025-12-08T10:27:00+00:00,LOCO_01,MOVING,collection1,retrofit,
10708.0,2025-12-08T10:28:00+00:00,LOCO_02,ALLOCATED,,,batch_transport
10713.0,2025-12-08T10:33:00+00:00,LOCO_02,MOVING,collection2,retrofit,
10782.0,2025-12-08T11:42:00+00:00,LOCO_02,MOVING,retrofit,track_19,
10787.0,2025-12-08T11:47:00+00:00,LOCO_02,PARKING,,,
10787.0,2025-12-08T11:47:00+00:00,LOCO_02,MOVING,track_19,WS_01,
10788.0,2025-12-08T11:48:00+00:00,LOCO_01,MOVING,retrofit,track_19,
10793.0,2025-12-08T11:53:00+00:00,LOCO_01,PARKING,,,
10793.0,2025-12-08T11:53:00+00:00,LOCO_01,MOVING,track_19,WS_02,
10794.0,2025-12-08T11:54:00+00:00,LOCO_02,MOVING,WS_01,retrofitted,
10799.0,2025-12-08T11:59:00+00:00,LOCO_02,MOVING,retrofitted,track_19,
10800.0,2025-12-08T12:00:00+00:00,LOCO_01,MOVING,WS_02,retrofitted,
10804.0,2025-12-08T12:04:00+00:00,LOCO_02,ALLOCATED,,,batch_transport
10804.0,2025-12-08T12:04:00+00:00,LOCO_02,MOVING,track_19,retrofitted,
10805.0,2025-12-08T12:05:00+00:00,LOCO_01,MOVING,retrofitted,track_19,
10812.0,2025-12-08T12:12:00+00:00,LOCO_01,MOVING,track_19,retrofit,
10814.0,2025-12-08T12:14:00+00:00,LOCO_02,MOVING,retrofitted,parking14,
10820.0,2025-12-08T12:20:00+00:00,LOCO_01,MOVING,retrofit,WS_01,
10831.0,2025-12-08T12:31:00+00:00,LOCO_01,MOVING,WS_01,track_19,
10838.0,2025-12-08T12:38:00+00:00,LOCO_01,MOVING,track_19,retrofit,
10846.0,2025-12-08T12:46:00+00:00,LOCO_01,MOVING,retrofit,WS_02,
10857.0,2025-12-08T12:57:00+00:00,LOCO_01,MOVING,WS_02,track_19,
10862.0,2025-12-08T13:02:00+00:00,LOCO_01,MOVING,track_19,collection2,
10896.5,2025-12-08T13:36:30+00:00,LOCO_02,MOVING,parking14,track_19,
10922.0,2025-12-08T14:02:00+00:00,LOCO_01,ALLOCATED,,,batch_transport
10933.0,2025-12-08T14:13:00+00:00,LOCO_01,MOVING,collection2,retrofit,
10956.5,2025-12-08T14:36:30+00:00,LOCO_02,MOVING,track_19,WS_01,
10963.5,2025-12-08T14:43:30+00:00,LOCO_02,MOVING,WS_01,retrofitted,
10968.5,2025-12-08T14:48:30+00:00,LOCO_02,MOVING,retrofitted,track_19,
10973.5,2025-12-08T14:53:30+00:00,LOCO_02,MOVING,track_19,WS_02,
10980.5,2025-12-08T15:00:30+00:00,LOCO_02,MOVING,WS_02,retrofitted,
10985.5,2025-12-08T15:05:30+00:00,LOCO_02,MOVING,retrofitted,track_19,
10992.5,2025-12-08T15:12:30+00:00,LOCO_02,MOVING,track_19,retrofit,
11000.5,2025-12-08T15:20:30+00:00,LOCO_02,MOVING,retrofit,WS_01,
11011.5,2025-12-08T15:31:30+00:00,LOCO_02,MOVING,WS_01,track_19,
11018.5,2025-12-08T15:38:30+00:00,LOCO_02,MOVING,track_19,retrofit,
11020.0,2025-12-08T15:40:00+00:00,LOCO_01,MOVING,retrofit,track_19,
11025.0,2025-12-08T15:45:00+00:00,LOCO_01,PARKING,,,
11025.0,2025-12-08T15:45:00+00:00,LOCO_01,MOVING,track_19,collection1,
11026.5,2025-12-08T15:46:30+00:00,LOCO_02,MOVING,retrofit,WS_02,
11037.5,2025-12-08T15:57:30+00:00,LOCO_02,MOVING,WS_02,track_19,
11042.5,2025-12-08T16:02:30+00:00,LOCO_02,ALLOCATED,,,batch_transport
11042.5,2025-12-08T16:02:30+00:00,LOCO_02,MOVING,track_19,retrofitted,
11050.5,2025-12-08T16:10:30+00:00,LOCO_02,MOVING,retrofitted,parking16,
11085.0,2025-12-08T16:45:00+00:00,LOCO_01,ALLOCATED,,,batch_transport
11088.0,2025-12-08T16:48:00+00:00,LOCO_01,MOVING,collection1,retrofit,
11151.0,2025-12-08T17:51:00+00:00,LOCO_01,MOVING,retrofit,track_19,
11156.0,2025-12-08T17:56:00+00:00,LOCO_01,PARKING,,,
11156.0,2025-12-08T17:56:00+00:00,LOCO_01,MOVING,track_19,WS_01,
11163.0,2025-12-08T18:03:00+00:00,LOCO_01,MOVING,WS_01,retrofitted,
11168.0,2025-12-08T18:08:00+00:00,LOCO_01,MOVING,retrofitted,track_19,
11173.0,2025-12-08T18:13:00+00:00,LOCO_01,MOVING,track_19,WS_02,
11174.0,2025-12-08T18:14:00+00:00,LOCO_02,MOVING,parking16,track_19,
11180.0,2025-12-08T18:20:00+00:00,LOCO_01,MOVING,WS_02,retrofitted,
11185.0,2025-12-08T18:25:00+00:00,LOCO_01,MOVING,retrofitted,track_19,
11192.0,2025-12-08T18:32:00+00:00,LOCO_01,MOVING,track_19,retrofit,
11200.0,2025-12-08T18:40:00+00:00,LOCO_01,MOVING,retrofit,WS_01,
11211.0,2025-12-08T18:51:00+00:00,LOCO_01,MOVING,WS_01,track_19,
11218.0,2025-12-08T18:58:00+00:00,LOCO_01,MOVING,track_19,retrofit,
11226.0,2025-12-08T19:06:00+00:00,LOCO_01,MOVING,retrofit,WS_02,
11234.0,2025-12-08T19:14:00+00:00,LOCO_02,MOVING,track_19,collection2,
11237.0,2025-12-08T19:17:00+00:00,LOCO_01,MOVING,WS_02,track_19,
11242.0,2025-12-08T19:22:00+00:00,LOCO_01,MOVING,track_19,collection1,
11294.0,2025-12-08T20:14:00+00:00,LOCO_02,ALLOCATED,,,batch_transport
11302.0,2025-12-08T20:22:00+00:00,LOCO_01,ALLOCATED,,,batch_transport
11305.0,2025-12-08T20:25:00+00:00,LOCO_01,MOVING,collection1,retrofit,
11307.0,2025-12-08T20:27:00+00:00,LOCO_02,MOVING,collection2,retrofit,
11368.0,2025-12-08T21:28:00+00:00,LOCO_01,MOVING,retrofit,track_19,
11373.0,2025-12-08T21:33:00+00:00,LOCO_01,PARKING,,,
11373.0,2025-12-08T21:33:00+00:00,LOCO_01,MOVING,track_19,WS_01,
11380.0,2025-12-08T21:40:00+00:00,LOCO_01,MOVING,WS_01,retrofitted,
11385.0,2025-12-08T21:45:00+00:00,LOCO_01,MOVING,retrofitted,track_19,
11390.0,2025-12-08T21:50:00+00:00,LOCO_01,MOVING,track_19,WS_02,
11397.0,2025-12-08T21:57:00+00:00,LOCO_01,MOVING,WS_02,retrofitted,
11400.0,2025-12-08T22:00:00+00:00,LOCO_02,MOVING,retrofit,track_19,
11402.0,2025-12-08T22:02:00+00:00,LOCO_01,MOVING,retrofitted,track_19,
11405.0,2025-12-08T22:05:00+00:00,LOCO_02,PARKING,,,
11407.0,2025-12-08T22:07:00+00:00,LOCO_02,MOVING,track_19,retrofit,
11407.0,2025-12-08T22:07:00+00:00,LOCO_01,ALLOCATED,,,batch_transport
11407.0,2025-12-08T22:07:00+00:00,LOCO_01,MOVING,track_19,retrofitted,
11415.0,2025-12-08T22:15:00+00:00,LOCO_02,MOVING,retrofit,WS_01,
11417.0,2025-12-08T22:17:00+00:00,LOCO_01,MOVING,retrofitted,parking12,
11426.0,2025-12-08T22:26:00+00:00,LOCO_02,MOVING,WS_01,track_19,
11433.0,2025-12-08T22:33:00+00:00,LOCO_02,MOVING,track_19,retrofit,
11441.0,2025-12-08T22:41:00+00:00,LOCO_02,MOVING,retrofit,WS_02,
11452.0,2025-12-08T22:52:00+00:00,LOCO_02,MOVING,WS_02,track_19,
11457.0,2025-12-08T22:57:00+00:00,LOCO_02,MOVING,track_19,collection1,
11484.5,2025-12-08T23:24:30+00:00,LOCO_01,MOVING,parking12,track_19,
11517.0,2025-12-08T23:57:00+00:00,LOCO_02,ALLOCATED,,,batch_transport
11524.0,2025-12-09T00:04:00+00:00,LOCO_02,MOVING,collection1,retrofit,
11544.5,2025-12-09T00:24:30+00:00,LOCO_01,MOVING,track_19,WS_01,
11551.5,2025-12-09T00:31:30+00:00,LOCO_01,MOVING,WS_01,retrofitted,
11556.5,2025-12-09T00:36:30+00:00,LOCO_01,MOVING,retrofitted,track_19,
11561.5,2025-12-09T00:41:30+00:00,LOCO_01,MOVING,track_19,WS_02,
11568.5,2025-12-09T00:48:30+00:00,LOCO_01,MOVING,WS_02,retrofitted,
11573.5,2025-12-09T00:53:30+00:00,LOCO_01,MOVING,retrofitted,track_19,
11580.5,2025-12-09T01:00:30+00:00,LOCO_01,MOVING,track_19,retrofit,
11588.5,2025-12-09T01:08:30+00:00,LOCO_01,MOVING,retrofit,WS_01,
11599.0,2025-12-09T01:19:00+00:00,LOCO_02,MOVING,retrofit,track_19,
11599.5,2025-12-09T01:19:30+00:00,LOCO_01,MOVING,WS_01,track_19,
11604.0,2025-12-09T01:24:00+00:00,LOCO_02,PARKING,,,
11604.5,2025-12-09T01:24:30+00:00,LOCO_01,ALLOCATED,,,batch_transport
11604.5,2025-12-09T01:24:30+00:00,LOCO_01,MOVING,track_19,retrofitted,
11606.0,2025-12-09T01:26:00+00:00,LOCO_02,MOVING,track_19,retrofit,
11612.5,2025-12-09T01:32:30+00:00,LOCO_01,MOVING,retrofitted,parking2,
11614.0,2025-12-09T01:34:00+00:00,LOCO_02,MOVING,retrofit,WS_02,
11621.0,2025-12-09T01:41:00+00:00,LOCO_01,MOVING,parking2,track_19,
11625.0,2025-12-09T01:45:00+00:00,LOCO_02,MOVING,WS_02,track_19,
11660.0,2025-12-09T02:20:00+00:00,LOCO_01,MOVING,track_19,WS_01,
11667.0,2025-12-09T02:27:00+00:00,LOCO_01,MOVING,WS_01,retrofitted,
11672.0,2025-12-09T02:32:00+00:00,LOCO_01,MOVING,retrofitted,track_19,
11675.0,2025-12-09T02:35:00+00:00,LOCO_02,ALLOCATED,,,batch_transport
11675.0,2025-12-09T02:35:00+00:00,LOCO_02,MOVING,track_19,retrofitted,
11679.0,2025-12-09T02:39:00+00:00,LOCO_01,MOVING,track_19,retrofit,
11683.0,2025-12-09T02:43:00+00:00,LOCO_02,MOVING,retrofitted,parking6,
11687.0,2025-12-09T02:47:00+00:00,LOCO_01,MOVING,retrofit,WS_01,
11691.5,2025-12-09T02:51:30+00:00,LOCO_02,MOVING,parking6,track_19,
11696.5,2025-12-09T02:56:30+00:00,LOCO_02,MOVING,track_19,WS_02,
11698.0,2025-12-09T02:58:00+00:00,LOCO_01,MOVING,WS_01,track_19,
11703.5,2025-12-09T03:03:30+00:00,LOCO_02,MOVING,WS_02,retrofitted,
11708.5,2025-12-09T03:08:30+00:00,LOCO_02,MOVING,retrofitted,track_19,
11713.5,2025-12-09T03:13:30+00:00,LOCO_02,MOVING,track_19,collection2,
11715.5,2025-12-09T03:15:30+00:00,LOCO_01,MOVING,track_19,retrofit,
11723.5,2025-12-09T03:23:30+00:00,LOCO_01,MOVING,retrofit,WS_02,
11734.5,2025-12-09T03:34:30+00:00,LOCO_01,MOVING,WS_02,track_19,
11739.5,2025-12-09T03:39:30+00:00,LOCO_01,MOVING,track_19,collection1,
11773.5,2025-12-09T04:13:30+00:00,LOCO_02,ALLOCATED,,,batch_transport
11778.5,2025-12-09T04:18:30+00:00,LOCO_02,MOVING,collection2,retrofit,
11799.5,2025-12-09T04:39:30+00:00,LOCO_01,ALLOCATED,,,batch_transport
11814.5,2025-12-09T04:54:30+00:00,LOCO_01,MOVING,collection1,retrofit,
11847.5,2025-12-09T05:27:30+00:00,LOCO_02,MOVING,retrofit,track_19,
11852.5,2025-12-09T05:32:30+00:00,LOCO_02,PARKING,,,
11852.5,2025-12-09T05:32:30+00:00,LOCO_02,MOVING,track_19,WS_01,
11859.5,2025-12-09T05:39:30+00:00,LOCO_02,MOVING,WS_01,retrofitted,
11864.5,2025-12-09T05:44:30+00:00,LOCO_02,MOVING,retrofitted,track_19,
11869.5,2025-12-09T05:49:30+00:00,LOCO_02,MOVING,track_19,WS_02,
11876.5,2025-12-09T05:56:30+00:00,LOCO_02,MOVING,WS_02,retrofitted,
11881.5,2025-12-09T06:01:30+00:00,LOCO_02,MOVING,retrofitted,track_19,
11888.5,2025-12-09T06:08:30+00:00,LOCO_02,MOVING,track_19,retrofit,
11896.5,2025-12-09T06:16:30+00:00,LOCO_02,MOVING,retrofit,WS_01,
11907.5,2025-12-09T06:27:30+00:00,LOCO_02,MOVING,WS_01,track_19,
11913.5,2025-12-09T06:33:30+00:00,LOCO_01,MOVING,retrofit,track_19,
11914.5,2025-12-09T06:34:30+00:00,LOCO_02,MOVING,track_19,retrofit,
11918.5,2025-12-09T06:38:30+00:00,LOCO_01,PARKING,,,
11918.5,2025-12-09T06:38:30+00:00,LOCO_01,ALLOCATED,,,batch_transport
11918.5,2025-12-09T06:38:30+00:00,LOCO_01,MOVING,track_19,retrofitted,
11922.5,2025-12-09T06:42:30+00:00,LOCO_02,MOVING,retrofit,WS_02,
11925.5,2025-12-09T06:45:30+00:00,LOCO_01,MOVING,retrofitted,parking3,
11932.0,2025-12-09T06:52:00+00:00,LOCO_01,MOVING,parking3,track_19,
11933.5,2025-12-09T06:53:30+00:00,LOCO_02,MOVING,WS_02,track_19,
11937.0,2025-12-09T06:57:00+00:00,LOCO_01,ALLOCATED,,,batch_transport
11937.0,2025-12-09T06:57:00+00:00,LOCO_01,MOVING,track_19,retrofitted,
11946.0,2025-12-09T07:06:00+00:00,LOCO_01,MOVING,retrofitted,parking15,
11968.0,2025-12-09T07:28:00+00:00,LOCO_02,MOVING,track_19,WS_01,
11975.0,2025-12-09T07:35:00+00:00,LOCO_02,MOVING,WS_01,retrofitted,
11980.0,2025-12-09T07:40:00+00:00,LOCO_02,MOVING,retrofitted,track_19,
11987.0,2025-12-09T07:47:00+00:00,LOCO_02,MOVING,track_19,retrofit,
11995.0,2025-12-09T07:55:00+00:00,LOCO_02,MOVING,retrofit,WS_01,
12006.0,2025-12-09T08:06:00+00:00,LOCO_02,MOVING,WS_01,track_19,
12011.0,2025-12-09T08:11:00+00:00,LOCO_02,MOVING,track_19,WS_02,
12018.0,2025-12-09T08:18:00+00:00,LOCO_02,MOVING,WS_02,retrofitted,
12023.0,2025-12-09T08:23:00+00:00,LOCO_02,MOVING,retrofitted,track_19,
12026.5,2025-12-09T08:26:30+00:00,LOCO_01,MOVING,parking15,track_19,
12028.0,2025-12-09T08:28:00+00:00,LOCO_02,MOVING,track_19,collection2,
12086.5,2025-12-09T09:26:30+00:00,LOCO_01,MOVING,track_19,WS_01,
12088.0,2025-12-09T09:28:00+00:00,LOCO_02,ALLOCATED,,,batch_transport
12093.5,2025-12-09T09:33:30+00:00,LOCO_01,MOVING,WS_01,retrofitted,
12095.0,2025-12-09T09:35:00+00:00,LOCO_02,MOVING,collection2,retrofit,
12098.5,2025-12-09T09:38:30+00:00,LOCO_01,MOVING,retrofitted,track_19,
12105.5,2025-12-09T09:45:30+00:00,LOCO_01,MOVING,track_19,retrofit,
12113.5,2025-12-09T09:53:30+00:00,LOCO_01,MOVING,retrofit,WS_02,
12124.5,2025-12-09T10:04:30+00:00,LOCO_01,MOVING,WS_02,track_19,
12131.5,2025-12-09T10:11:30+00:00,LOCO_01,MOVING,track_19,retrofit,
12139.5,2025-12-09T10:19:30+00:00,LOCO_01,MOVING,retrofit,WS_01,
12150.5,2025-12-09T10:30:30+00:00,LOCO_01,MOVING,WS_01,track_19,
12155.5,2025-12-09T10:35:30+00:00,LOCO_01,MOVING,track_19,collection1,
12170.0,2025-12-09T10:50:00+00:00,LOCO_02,MOVING,retrofit,track_19,
12175.0,2025-12-09T10:55:00+00:00,LOCO_02,PARKING,,,
12175.0,2025-12-09T10:55:00+00:00,LOCO_02,ALLOCATED,,,batch_transport
12175.0,2025-12-09T10:55:00+00:00,LOCO_02,MOVING,track_19,retrofitted,
12183.0,2025-12-09T11:03:00+00:00,LOCO_02,MOVING,retrofitted,parking9,
12191.5,2025-12-09T11:11:30+00:00,LOCO_02,MOVING,parking9,track_19,
12196.5,2025-12-09T11:16:30+00:00,LOCO_02,MOVING,track_19,WS_02,
12203.5,2025-12-09T11:23:30+00:00,LOCO_02,MOVING,WS_02,retrofitted,
12208.5,2025-12-09T11:28:30+00:00,LOCO_02,MOVING,retrofitted,track_19,
12213.5,2025-12-09T11:33:30+00:00,LOCO_02,MOVING,track_19,WS_01,
12215.5,2025-12-09T11:35:30+00:00,LOCO_01,ALLOCATED,,,batch_transport
12220.5,2025-12-09T11:40:30+00:00,LOCO_02,MOVING,WS_01,retrofitted,
12222.5,2025-12-09T11:42:30+00:00,LOCO_01,MOVING,collection1,retrofit,
12225.5,2025-12-09T11:45:30+00:00,LOCO_02,MOVING,retrofitted,track_19,
12232.5,2025-12-09T11:52:30+00:00,LOCO_02,MOVING,track_19,retrofit,
12240.5,2025-12-09T12:00:30+00:00,LOCO_02,MOVING,retrofit,WS_02,
12251.5,2025-12-09T12:11:30+00:00,LOCO_02,MOVING,WS_02,track_19,
12258.5,2025-12-09T12:18:30+00:00,LOCO_02,MOVING,track_19,retrofit,
12266.5,2025-12-09T12:26:30+00:00,LOCO_02,MOVING,retrofit,WS_01,
12277.5,2025-12-09T12:37:30+00:00,LOCO_02,MOVING,WS_01,track_19,
12282.5,2025-12-09T12:42:30+00:00,LOCO_02,MOVING,track_19,collection2,
12297.5,2025-12-09T12:57:30+00:00,LOCO_01,MOVING,retrofit,track_19,
12302.5,2025-12-09T13:02:30+00:00,LOCO_01,PARKING,,,
12302.5,2025-12-09T13:02:30+00:00,LOCO_01,ALLOCATED,,,batch_transport
12302.5,2025-12-09T13:02:30+00:00,LOCO_01,MOVING,track_19,retrofitted,
12309.5,2025-12-09T13:09:30+00:00,LOCO_01,MOVING,retrofitted,parking5,
12316.0,2025-12-09T13:16:00+00:00,LOCO_01,MOVING,parking5,track_19,
12321.0,2025-12-09T13:21:00+00:00,LOCO_01,MOVING,track_19,WS_02,
12328.0,2025-12-09T13:28:00+00:00,LOCO_01,MOVING,WS_02,retrofitted,
12333.0,2025-12-09T13:33:00+00:00,LOCO_01,MOVING,retrofitted,track_19,
12338.0,2025-12-09T13:38:00+00:00,LOCO_01,MOVING,track_19,WS_01,
12342.5,2025-12-09T13:42:30+00:00,LOCO_02,ALLOCATED,,,batch_transport
12345.0,2025-12-09T13:45:00+00:00,LOCO_01,MOVING,WS_01,retrofitted,
12350.0,2025-12-09T13:50:00+00:00,LOCO_01,MOVING,retrofitted,track_19,
12355.5,2025-12-09T13:55:30+00:00,LOCO_02,MOVING,collection2,retrofit,
12357.0,2025-12-09T13:57:00+00:00,LOCO_01,MOVING,track_19,retrofit,
12365.0,2025-12-09T14:05:00+00:00,LOCO_01,MOVING,retrofit,WS_02,
12376.0,2025-12-09T14:16:00+00:00,LOCO_01,MOVING,WS_02,track_19,
12383.0,2025-12-09T14:23:00+00:00,LOCO_01,MOVING,track_19,retrofit,
12391.0,2025-12-09T14:31:00+00:00,LOCO_01,MOVING,retrofit,WS_01,
12402.0,2025-12-09T14:42:00+00:00,LOCO_01,MOVING,WS_01,track_19,
12407.0,2025-12-09T14:47:00+00:00,LOCO_01,MOVING,track_19,collection1,
12448.5,2025-12-09T15:28:30+00:00,LOCO_02,MOVING,retrofit,track_19,
12453.5,2025-12-09T15:33:30+00:00,LOCO_02,PARKING,,,
12453.5,2025-12-09T15:33:30+00:00,LOCO_02,MOVING,track_19,WS_02,
12460.5,2025-12-09T15:40:30+00:00,LOCO_02,MOVING,WS_02,retrofitted,
12465.5,2025-12-09T15:45:30+00:00,LOCO_02,MOVING,retrofitted,track_19,
12467.0,2025-12-09T15:47:00+00:00,LOCO_01,ALLOCATED,,,batch_transport
12470.5,2025-12-09T15:50:30+00:00,LOCO_02,MOVING,track_19,WS_01,
12476.0,2025-12-09T15:56:00+00:00,LOCO_01,MOVING,collection1,retrofit,
12477.5,2025-12-09T15:57:30+00:00,LOCO_02,MOVING,WS_01,retrofitted,
12482.5,2025-12-09T16:02:30+00:00,LOCO_02,MOVING,retrofitted,track_19,
12487.5,2025-12-09T16:07:30+00:00,LOCO_02,ALLOCATED,,,batch_transport
12487.5,2025-12-09T16:07:30+00:00,LOCO_02,MOVING,track_19,retrofitted,
12495.5,2025-12-09T16:15:30+00:00,LOCO_02,MOVING,retrofitted,parking7,
12504.0,2025-12-09T16:24:00+00:00,LOCO_02,MOVING,parking7,track_19,
12511.0,2025-12-09T16:31:00+00:00,LOCO_02,MOVING,track_19,retrofit,
12519.0,2025-12-09T16:39:00+00:00,LOCO_02,MOVING,retrofit,WS_02,
12530.0,2025-12-09T16:50:00+00:00,LOCO_02,MOVING,WS_02,track_19,
12537.0,2025-12-09T16:57:00+00:00,LOCO_02,MOVING,track_19,retrofit,
12545.0,2025-12-09T17:05:00+00:00,LOCO_02,MOVING,retrofit,WS_01,
12556.0,2025-12-09T17:16:00+00:00,LOCO_02,MOVING,WS_01,track_19,
12557.0,2025-12-09T17:17:00+00:00,LOCO_01,MOVING,retrofit,track_19,
12561.0,2025-12-09T17:21:00+00:00,LOCO_02,MOVING,track_19,collection2,
12562.0,2025-12-09T17:22:00+00:00,LOCO_01,PARKING,,,
12562.0,2025-12-09T17:22:00+00:00,LOCO_01,ALLOCATED,,,batch_transport
12562.0,2025-12-09T17:22:00+00:00,LOCO_01,MOVING,track_19,retrofitted,
12571.0,2025-12-09T17:31:00+00:00,LOCO_01,MOVING,retrofitted,parking3,
12581.5,2025-12-09T17:41:30+00:00,LOCO_01,MOVING,parking3,track_19,
12590.5,2025-12-09T17:50:30+00:00,LOCO_01,MOVING,track_19,WS_02,
12597.5,2025-12-09T17:57:30+00:00,LOCO_01,MOVING,WS_02,retrofitted,
12602.5,2025-12-09T18:02:30+00:00,LOCO_01,MOVING,retrofitted,track_19,
12609.5,2025-12-09T18:09:30+00:00,LOCO_01,MOVING,track_19,retrofit,
12617.5,2025-12-09T18:17:30+00:00,LOCO_01,MOVING,retrofit,WS_02,
12621.0,2025-12-09T18:21:00+00:00,LOCO_02,ALLOCATED,,,batch_transport
12628.5,2025-12-09T18:28:30+00:00,LOCO_01,MOVING,WS_02,track_19,
12632.0,2025-12-09T18:32:00+00:00,LOCO_02,MOVING,collection2,retrofit,
12633.5,2025-12-09T18:33:30+00:00,LOCO_01,MOVING,track_19,WS_01,
12640.5,2025-12-09T18:40:30+00:00,LOCO_01,MOVING,WS_01,retrofitted,
12645.5,2025-12-09T18:45:30+00:00,LOCO_01,MOVING,retrofitted,track_19,
12650.5,2025-12-09T18:50:30+00:00,LOCO_01,MOVING,track_19,collection1,
12710.5,2025-12-09T19:50:30+00:00,LOCO_01,ALLOCATED,,,batch_transport
12719.0,2025-12-09T19:59:00+00:00,LOCO_02,MOVING,retrofit,track_19,
12719.5,2025-12-09T19:59:30+00:00,LOCO_01,MOVING,collection1,retrofit,
12724.0,2025-12-09T20:04:00+00:00,LOCO_02,PARKING,,,
12724.0,2025-12-09T20:04:00+00:00,LOCO_02,MOVING,track_19,WS_02,
12731.0,2025-12-09T20:11:00+00:00,LOCO_02,MOVING,WS_02,retrofitted,
12736.0,2025-12-09T20:16:00+00:00,LOCO_02,MOVING,retrofitted,track_19,
12743.0,2025-12-09T20:23:00+00:00,LOCO_02,MOVING,track_19,retrofit,
12751.0,2025-12-09T20:31:00+00:00,LOCO_02,MOVING,retrofit,WS_01,
12762.0,2025-12-09T20:42:00+00:00,LOCO_02,MOVING,WS_01,track_19,
12769.0,2025-12-09T20:49:00+00:00,LOCO_02,MOVING,track_19,retrofit,
12777.0,2025-12-09T20:57:00+00:00,LOCO_02,MOVING,retrofit,WS_02,
12788.0,2025-12-09T21:08:00+00:00,LOCO_02,MOVING,WS_02,track_19,
12793.0,2025-12-09T21:13:00+00:00,LOCO_02,ALLOCATED,,,batch_transport
12793.0,2025-12-09T21:13:00+00:00,LOCO_02,MOVING,track_19,retrofitted,
12800.0,2025-12-09T21:20:00+00:00,LOCO_02,MOVING,retrofitted,parking10,
12800.5,2025-12-09T21:20:30+00:00,LOCO_01,MOVING,retrofit,track_19,
12805.5,2025-12-09T21:25:30+00:00,LOCO_01,PARKING,,,
12805.5,2025-12-09T21:25:30+00:00,LOCO_01,MOVING,track_19,collection2,
12861.5,2025-12-09T22:21:30+00:00,LOCO_02,MOVING,parking10,track_19,
12865.5,2025-12-09T22:25:30+00:00,LOCO_01,ALLOCATED,,,batch_transport
12876.5,2025-12-09T22:36:30+00:00,LOCO_01,MOVING,collection2,retrofit,
12921.5,2025-12-09T23:21:30+00:00,LOCO_02,MOVING,track_19,WS_01,
12928.5,2025-12-09T23:28:30+00:00,LOCO_02,MOVING,WS_01,retrofitted,
12933.5,2025-12-09T23:33:30+00:00,LOCO_02,MOVING,retrofitted,track_19,
12938.5,2025-12-09T23:38:30+00:00,LOCO_02,MOVING,track_19,WS_02,
12945.5,2025-12-09T23:45:30+00:00,LOCO_02,MOVING,WS_02,retrofitted,
12950.5,2025-12-09T23:50:30+00:00,LOCO_02,MOVING,retrofitted,track_19,
12957.5,2025-12-09T23:57:30+00:00,LOCO_02,MOVING,track_19,retrofit,
12963.5,2025-12-10T00:03:30+00:00,LOCO_01,MOVING,retrofit,track_19,
12965.5,2025-12-10T00:05:30+00:00,LOCO_02,MOVING,retrofit,WS_01,
12968.5,2025-12-10T00:08:30+00:00,LOCO_01,PARKING,,,
12970.5,2025-12-10T00:10:30+00:00,LOCO_01,MOVING,track_19,retrofit,
12976.5,2025-12-10T00:16:30+00:00,LOCO_02,MOVING,WS_01,track_19,
12978.5,2025-12-10T00:18:30+00:00,LOCO_01,MOVING,retrofit,WS_02,
12981.5,2025-12-10T00:21:30+00:00,LOCO_02,ALLOCATED,,,batch_transport
12981.5,2025-12-10T00:21:30+00:00,LOCO_02,MOVING,track_19,retrofitted,
12989.5,2025-12-10T00:29:30+00:00,LOCO_01,MOVING,WS_02,track_19,
12990.5,2025-12-10T00:30:30+00:00,LOCO_02,MOVING,retrofitted,parking8,
13001.0,2025-12-10T00:41:00+00:00,LOCO_02,MOVING,parking8,track_19,
13037.0,2025-12-10T01:17:00+00:00,LOCO_01,MOVING,track_19,WS_01,
13044.0,2025-12-10T01:24:00+00:00,LOCO_01,MOVING,WS_01,retrofitted,
13049.0,2025-12-10T01:29:00+00:00,LOCO_01,MOVING,retrofitted,track_19,
13050.0,2025-12-10T01:30:00+00:00,LOCO_02,MOVING,track_19,WS_02,
13054.0,2025-12-10T01:34:00+00:00,LOCO_01,ALLOCATED,,,batch_transport
13054.0,2025-12-10T01:34:00+00:00,LOCO_01,MOVING,track_19,retrofitted,
13057.0,2025-12-10T01:37:00+00:00,LOCO_02,MOVING,WS_02,retrofitted,
13062.0,2025-12-10T01:42:00+00:00,LOCO_01,MOVING,retrofitted,parking11,
13062.0,2025-12-10T01:42:00+00:00,LOCO_02,MOVING,retrofitted,track_19,
13069.0,2025-12-10T01:49:00+00:00,LOCO_02,MOVING,track_19,retrofit,
13077.0,2025-12-10T01:57:00+00:00,LOCO_02,MOVING,retrofit,WS_01,
13088.0,2025-12-10T02:08:00+00:00,LOCO_02,MOVING,WS_01,track_19,
13095.0,2025-12-10T02:15:00+00:00,LOCO_02,MOVING,track_19,retrofit,
13103.0,2025-12-10T02:23:00+00:00,LOCO_02,MOVING,retrofit,WS_02,
13114.0,2025-12-10T02:34:00+00:00,LOCO_02,MOVING,WS_02,track_19,
13119.0,2025-12-10T02:39:00+00:00,LOCO_02,MOVING,track_19,collection1,
13125.5,2025-12-10T02:45:30+00:00,LOCO_01,MOVING,parking11,track_19,
13179.0,2025-12-10T03:39:00+00:00,LOCO_02,ALLOCATED,,,batch_transport
13185.5,2025-12-10T03:45:30+00:00,LOCO_01,MOVING,track_19,WS_01,
13186.0,2025-12-10T03:46:00+00:00,LOCO_02,MOVING,collection1,retrofit,
13192.5,2025-12-10T03:52:30+00:00,LOCO_01,MOVING,WS_01,retrofitted,
13197.5,2025-12-10T03:57:30+00:00,LOCO_01,MOVING,retrofitted,track_19,
13202.5,2025-12-10T04:02:30+00:00,LOCO_01,MOVING,track_19,WS_02,
13209.5,2025-12-10T04:09:30+00:00,LOCO_01,MOVING,WS_02,retrofitted,
13214.5,2025-12-10T04:14:30+00:00,LOCO_01,MOVING,retrofitted,track_19,
13221.5,2025-12-10T04:21:30+00:00,LOCO_01,MOVING,track_19,retrofit,
13229.5,2025-12-10T04:29:30+00:00,LOCO_01,MOVING,retrofit,WS_01,
13240.5,2025-12-10T04:40:30+00:00,LOCO_01,MOVING,WS_01,track_19,
13247.5,2025-12-10T04:47:30+00:00,LOCO_01,MOVING,track_19,retrofit,
13255.5,2025-12-10T04:55:30+00:00,LOCO_01,MOVING,retrofit,WS_02,
13261.0,2025-12-10T05:01:00+00:00,LOCO_02,MOVING,retrofit,track_19,
13266.0,2025-12-10T05:06:00+00:00,LOCO_02,PARKING,,,
13266.0,2025-12-10T05:06:00+00:00,LOCO_02,MOVING,track_19,collection2,
13266.5,2025-12-10T05:06:30+00:00,LOCO_01,MOVING,WS_02,track_19,
13271.5,2025-12-10T05:11:30+00:00,LOCO_01,ALLOCATED,,,batch_transport
13271.5,2025-12-10T05:11:30+00:00,LOCO_01,MOVING,track_19,retrofitted,
13279.5,2025-12-10T05:19:30+00:00,LOCO_01,MOVING,retrofitted,parking1,
13288.0,2025-12-10T05:28:00+00:00,LOCO_01,MOVING,parking1,track_19,
13301.0,2025-12-10T05:41:00+00:00,LOCO_01,MOVING,track_19,WS_01,
13308.0,2025-12-10T05:48:00+00:00,LOCO_01,MOVING,WS_01,retrofitted,
13313.0,2025-12-10T05:53:00+00:00,LOCO_01,MOVING,retrofitted,track_19,
13318.0,2025-12-10T05:58:00+00:00,LOCO_01,ALLOCATED,,,batch_transport
13318.0,2025-12-10T05:58:00+00:00,LOCO_01,MOVING,track_19,retrofitted,
13326.0,2025-12-10T06:06:00+00:00,LOCO_02,ALLOCATED,,,batch_transport
13326.0,2025-12-10T06:06:00+00:00,LOCO_01,MOVING,retrofitted,parking2,
13333.0,2025-12-10T06:13:00+00:00,LOCO_02,MOVING,collection2,retrofit,
13334.5,2025-12-10T06:14:30+00:00,LOCO_01,MOVING,parking2,track_19,
13339.5,2025-12-10T06:19:30+00:00,LOCO_01,MOVING,track_19,WS_02,
13346.5,2025-12-10T06:26:30+00:00,LOCO_01,MOVING,WS_02,retrofitted,
13351.5,2025-12-10T06:31:30+00:00,LOCO_01,MOVING,retrofitted,track_19,
13358.5,2025-12-10T06:38:30+00:00,LOCO_01,MOVING,track_19,retrofit,
13366.5,2025-12-10T06:46:30+00:00,LOCO_01,MOVING,retrofit,WS_01,
13377.5,2025-12-10T06:57:30+00:00,LOCO_01,MOVING,WS_01,track_19,
13384.5,2025-12-10T07:04:30+00:00,LOCO_01,MOVING,track_19,retrofit,
13392.5,2025-12-10T07:12:30+00:00,LOCO_01,MOVING,retrofit,WS_02,
13403.5,2025-12-10T07:23:30+00:00,LOCO_01,MOVING,WS_02,track_19,
13408.0,2025-12-10T07:28:00+00:00,LOCO_02,MOVING,retrofit,track_19,
13408.5,2025-12-10T07:28:30+00:00,LOCO_01,MOVING,track_19,collection1,
13413.0,2025-12-10T07:33:00+00:00,LOCO_02,PARKING,,,
13413.0,2025-12-10T07:33:00+00:00,LOCO_02,ALLOCATED,,,batch_transport
13413.0,2025-12-10T07:33:00+00:00,LOCO_02,MOVING,track_19,retrofitted,
13420.0,2025-12-10T07:40:00+00:00,LOCO_02,MOVING,retrofitted,parking5,
13426.5,2025-12-10T07:46:30+00:00,LOCO_02,MOVING,parking5,track_19,
13438.0,2025-12-10T07:58:00+00:00,LOCO_02,MOVING,track_19,WS_01,
13445.0,2025-12-10T08:05:00+00:00,LOCO_02,MOVING,WS_01,retrofitted,
13450.0,2025-12-10T08:10:00+00:00,LOCO_02,MOVING,retrofitted,track_19,
13457.0,2025-12-10T08:17:00+00:00,LOCO_02,MOVING,track_19,retrofit,
13465.0,2025-12-10T08:25:00+00:00,LOCO_02,MOVING,retrofit,WS_01,
13468.5,2025-12-10T08:28:30+00:00,LOCO_01,ALLOCATED,,,batch_transport
13476.0,2025-12-10T08:36:00+00:00,LOCO_02,MOVING,WS_01,track_19,
13481.0,2025-12-10T08:41:00+00:00,LOCO_02,MOVING,track_19,WS_02,
13483.5,2025-12-10T08:43:30+00:00,LOCO_01,MOVING,collection1,retrofit,
13488.0,2025-12-10T08:48:00+00:00,LOCO_02,MOVING,WS_02,retrofitted,
13493.0,2025-12-10T08:53:00+00:00,LOCO_02,MOVING,retrofitted,track_19,
13498.0,2025-12-10T08:58:00+00:00,LOCO_02,MOVING,track_19,collection2,
13558.0,2025-12-10T09:58:00+00:00,LOCO_02,ALLOCATED,,,batch_transport
13565.0,2025-12-10T10:05:00+00:00,LOCO_02,MOVING,collection2,retrofit,
13582.5,2025-12-10T10:22:30+00:00,LOCO_01,MOVING,retrofit,track_19,
13587.5,2025-12-10T10:27:30+00:00,LOCO_01,PARKING,,,
13587.5,2025-12-10T10:27:30+00:00,LOCO_01,MOVING,track_19,WS_01,
13594.5,2025-12-10T10:34:30+00:00,LOCO_01,MOVING,WS_01,retrofitted,
13599.5,2025-12-10T10:39:30+00:00,LOCO_01,MOVING,retrofitted,track_19,
13606.5,2025-12-10T10:46:30+00:00,LOCO_01,MOVING,track_19,retrofit,
13614.5,2025-12-10T10:54:30+00:00,LOCO_01,MOVING,retrofit,WS_02,
13625.5,2025-12-10T11:05:30+00:00,LOCO_01,MOVING,WS_02,track_19,
13632.5,2025-12-10T11:12:30+00:00,LOCO_01,MOVING,track_19,retrofit,
13640.0,2025-12-10T11:20:00+00:00,LOCO_02,MOVING,retrofit,track_19,
13640.5,2025-12-10T11:20:30+00:00,LOCO_01,MOVING,retrofit,WS_01,
13645.0,2025-12-10T11:25:00+00:00,LOCO_02,PARKING,,,
13645.0,2025-12-10T11:25:00+00:00,LOCO_02,ALLOCATED,,,batch_transport
13645.0,2025-12-10T11:25:00+00:00,LOCO_02,MOVING,track_19,retrofitted,
13651.5,2025-12-10T11:31:30+00:00,LOCO_01,MOVING,WS_01,track_19,
13652.0,2025-12-10T11:32:00+00:00,LOCO_02,MOVING,retrofitted,parking16,
13686.0,2025-12-10T12:06:00+00:00,LOCO_01,MOVING,track_19,WS_02,
13693.0,2025-12-10T12:13:00+00:00,LOCO_01,MOVING,WS_02,retrofitted,
13698.0,2025-12-10T12:18:00+00:00,LOCO_01,MOVING,retrofitted,track_19,
13705.0,2025-12-10T12:25:00+00:00,LOCO_01,MOVING,track_19,retrofit,
13713.0,2025-12-10T12:33:00+00:00,LOCO_01,MOVING,retrofit,WS_02,
13724.0,2025-12-10T12:44:00+00:00,LOCO_01,MOVING,WS_02,track_19,
13729.0,2025-12-10T12:49:00+00:00,LOCO_01,MOVING,track_19,WS_01,
13736.0,2025-12-10T12:56:00+00:00,LOCO_01,MOVING,WS_01,retrofitted,
13741.0,2025-12-10T13:01:00+00:00,LOCO_01,MOVING,retrofitted,track_19,
13748.0,2025-12-10T13:08:00+00:00,LOCO_01,MOVING,track_19,retrofit,
13756.0,2025-12-10T13:16:00+00:00,LOCO_01,MOVING,retrofit,WS_01,
13767.0,2025-12-10T13:27:00+00:00,LOCO_01,MOVING,WS_01,track_19,
13772.0,2025-12-10T13:32:00+00:00,LOCO_01,MOVING,track_19,collection1,
13773.5,2025-12-10T13:33:30+00:00,LOCO_02,MOVING,parking16,track_19,
13832.0,2025-12-10T14:32:00+00:00,LOCO_01,ALLOCATED,,,batch_transport
13833.5,2025-12-10T14:33:30+00:00,LOCO_02,MOVING,track_19,WS_02,
13840.5,2025-12-10T14:40:30+00:00,LOCO_02,MOVING,WS_02,retrofitted,
13845.0,2025-12-10T14:45:00+00:00,LOCO_01,MOVING,collection1,retrofit,
13845.5,2025-12-10T14:45:30+00:00,LOCO_02,MOVING,retrofitted,track_19,
13850.5,2025-12-10T14:50:30+00:00,LOCO_02,MOVING,track_19,WS_01,
13857.5,2025-12-10T14:57:30+00:00,LOCO_02,MOVING,WS_01,retrofitted,
13938.0,2025-12-10T16:18:00+00:00,LOCO_01,MOVING,retrofit,track_19,
13943.0,2025-12-10T16:23:00+00:00,LOCO_01,PARKING,,,
13945.0,2025-12-10T16:25:00+00:00,LOCO_01,MOVING,track_19,retrofit,
13953.0,2025-12-10T16:33:00+00:00,LOCO_01,MOVING,retrofit,WS_02,
13964.0,2025-12-10T16:44:00+00:00,LOCO_01,MOVING,WS_02,track_19,
13969.0,2025-12-10T16:49:00+00:00,LOCO_01,ALLOCATED,,,batch_transport
13969.0,2025-12-10T16:49:00+00:00,LOCO_01,MOVING,track_19,retrofitted,
13974.0,2025-12-10T16:54:00+00:00,LOCO_02,MOVING,retrofitted,track_19,
13978.0,2025-12-10T16:58:00+00:00,LOCO_01,MOVING,retrofitted,parking6,
13981.0,2025-12-10T17:01:00+00:00,LOCO_02,MOVING,track_19,retrofit,
13988.5,2025-12-10T17:08:30+00:00,LOCO_01,MOVING,parking6,track_19,
13989.0,2025-12-10T17:09:00+00:00,LOCO_02,MOVING,retrofit,WS_01,
13993.5,2025-12-10T17:13:30+00:00,LOCO_01,ALLOCATED,,,batch_transport
13993.5,2025-12-10T17:13:30+00:00,LOCO_01,MOVING,track_19,retrofitted,
14000.0,2025-12-10T17:20:00+00:00,LOCO_02,MOVING,WS_01,track_19,
14002.0,2025-12-10T17:22:00+00:00,LOCO_01,MOVING,retrofitted,parking10,
14024.5,2025-12-10T17:44:30+00:00,LOCO_02,MOVING,track_19,WS_02,
14031.5,2025-12-10T17:51:30+00:00,LOCO_02,MOVING,WS_02,retrofitted,
14036.5,2025-12-10T17:56:30+00:00,LOCO_02,MOVING,retrofitted,track_19,
14043.5,2025-12-10T18:03:30+00:00,LOCO_02,MOVING,track_19,retrofit,
14051.5,2025-12-10T18:11:30+00:00,LOCO_02,MOVING,retrofit,WS_02,
14062.5,2025-12-10T18:22:30+00:00,LOCO_02,MOVING,WS_02,track_19,
14066.5,2025-12-10T18:26:30+00:00,LOCO_01,MOVING,parking10,track_19,
14067.5,2025-12-10T18:27:30+00:00,LOCO_02,MOVING,track_19,WS_01,
14074.5,2025-12-10T18:34:30+00:00,LOCO_02,MOVING,WS_01,retrofitted,
14079.5,2025-12-10T18:39:30+00:00,LOCO_02,MOVING,retrofitted,track_19,
14084.5,2025-12-10T18:44:30+00:00,LOCO_02,MOVING,track_19,collection2,
14126.5,2025-12-10T19:26:30+00:00,LOCO_01,MOVING,track_19,WS_02,
14133.5,2025-12-10T19:33:30+00:00,LOCO_01,MOVING,WS_02,retrofitted,
14138.5,2025-12-10T19:38:30+00:00,LOCO_01,MOVING,retrofitted,track_19,
14144.5,2025-12-10T19:44:30+00:00,LOCO_02,ALLOCATED,,,batch_transport
14145.5,2025-12-10T19:45:30+00:00,LOCO_01,MOVING,track_19,retrofit,
14147.5,2025-12-10T19:47:30+00:00,LOCO_02,MOVING,collection2,retrofit,
14153.5,2025-12-10T19:53:30+00:00,LOCO_01,MOVING,retrofit,WS_01,
14164.5,2025-12-10T20:04:30+00:00,LOCO_01,MOVING,WS_01,track_19,
14171.5,2025-12-10T20:11:30+00:00,LOCO_01,MOVING,track_19,retrofit,
14179.5,2025-12-10T20:19:30+00:00,LOCO_01,MOVING,retrofit,WS_02,
14190.5,2025-12-10T20:30:30+00:00,LOCO_01,MOVING,WS_02,track_19,
14195.5,2025-12-10T20:35:30+00:00,LOCO_01,MOVING,track_19,collection1,
14210.5,2025-12-10T20:50:30+00:00,LOCO_02,MOVING,retrofit,track_19,
14215.5,2025-12-10T20:55:30+00:00,LOCO_02,PARKING,,,
14215.5,2025-12-10T20:55:30+00:00,LOCO_02,ALLOCATED,,,batch_transport
14215.5,2025-12-10T20:55:30+00:00,LOCO_02,MOVING,track_19,retrofitted,
14223.5,2025-12-10T21:03:30+00:00,LOCO_02,MOVING,retrofitted,parking9,
14232.0,2025-12-10T21:12:00+00:00,LOCO_02,MOVING,parking9,track_19,
14237.0,2025-12-10T21:17:00+00:00,LOCO_02,MOVING,track_19,WS_01,
14244.0,2025-12-10T21:24:00+00:00,LOCO_02,MOVING,WS_01,retrofitted,
14249.0,2025-12-10T21:29:00+00:00,LOCO_02,MOVING,retrofitted,track_19,
14254.0,2025-12-10T21:34:00+00:00,LOCO_02,MOVING,track_19,WS_02,
14255.5,2025-12-10T21:35:30+00:00,LOCO_01,ALLOCATED,,,batch_transport
14261.0,2025-12-10T21:41:00+00:00,LOCO_02,MOVING,WS_02,retrofitted,
14266.0,2025-12-10T21:46:00+00:00,LOCO_02,MOVING,retrofitted,track_19,
14270.5,2025-12-10T21:50:30+00:00,LOCO_01,MOVING,collection1,retrofit,
14273.0,2025-12-10T21:53:00+00:00,LOCO_02,MOVING,track_19,retrofit,
14281.0,2025-12-10T22:01:00+00:00,LOCO_02,MOVING,retrofit,WS_01,
14292.0,2025-12-10T22:12:00+00:00,LOCO_02,MOVING,WS_01,track_19,
14297.0,2025-12-10T22:17:00+00:00,LOCO_02,ALLOCATED,,,batch_transport
14297.0,2025-12-10T22:17:00+00:00,LOCO_02,MOVING,track_19,retrofitted,
14305.0,2025-12-10T22:25:00+00:00,LOCO_02,MOVING,retrofitted,parking13,
14369.5,2025-12-10T23:29:30+00:00,LOCO_01,MOVING,retrofit,track_19,
14374.5,2025-12-10T23:34:30+00:00,LOCO_01,PARKING,,,
14374.5,2025-12-10T23:34:30+00:00,LOCO_01,MOVING,track_19,WS_01,
14381.5,2025-12-10T23:41:30+00:00,LOCO_01,MOVING,WS_01,retrofitted,
14383.5,2025-12-10T23:43:30+00:00,LOCO_02,MOVING,parking13,track_19,
14386.5,2025-12-10T23:46:30+00:00,LOCO_01,MOVING,retrofitted,track_19,
14393.5,2025-12-10T23:53:30+00:00,LOCO_01,MOVING,track_19,retrofit,
