timestamp,datetime,resource_id,resource_type,state,train_id,batch_id,rejection_reason
360.0,2025-12-01T06:00:00+00:00,W11188,wagon,arrived,T1,,
360.0,2025-12-01T06:00:00+00:00,W10437,wagon,arrived,T1,,
360.0,2025-12-01T06:00:00+00:00,LOCO_01,locomotive,moving,,,
420.0,2025-12-01T07:00:00+00:00,LOCO_01,locomotive,assigned,,,
425.0,2025-12-01T07:05:00+00:00,LOCO_01,locomotive,moving,,,
425.0,2025-12-01T07:05:00+00:00,W11188,wagon,moving,,,
425.0,2025-12-01T07:05:00+00:00,W10437,wagon,moving,,,
442.25,2025-12-01T07:22:15+00:00,W12394,wagon,arrived,T2,,
442.25,2025-12-01T07:22:15+00:00,W9278,wagon,arrived,T2,,
485.0,2025-12-01T08:05:00+00:00,W11188,wagon,queued,,,
485.0,2025-12-01T08:05:00+00:00,W10437,wagon,queued,,,
487.0,2025-12-01T08:07:00+00:00,LOCO_02,locomotive,moving,,,
494.0,2025-12-01T08:14:00+00:00,LOCO_01,locomotive,moving,,,
495.0,2025-12-01T08:15:00+00:00,LOCO_02,locomotive,moving,,,
495.0,2025-12-01T08:15:00+00:00,W11188,wagon,moving,,,
495.0,2025-12-01T08:15:00+00:00,W10437,wagon,moving,,,
499.0,2025-12-01T08:19:00+00:00,LOCO_01,locomotive,moving,,,
500.0,2025-12-01T08:20:00+00:00,W11188,wagon,in_workshop,,,
500.0,2025-12-01T08:20:00+00:00,W10437,wagon,in_workshop,,,
502.5,2025-12-01T08:22:30+00:00,W3926,wagon,arrived,T3,,
502.5,2025-12-01T08:22:30+00:00,W5834,wagon,arrived,T3,,
506.0,2025-12-01T08:26:00+00:00,W11188,wagon,in_workshop,,,
506.0,2025-12-01T08:26:00+00:00,W10437,wagon,in_workshop,,,
506.0,2025-12-01T08:26:00+00:00,LOCO_02,locomotive,moving,,,
541.5,2025-12-01T09:01:30+00:00,W9460,wagon,arrived,T4,,
541.5,2025-12-01T09:01:30+00:00,W9445,wagon,arrived,T4,,
559.0,2025-12-01T09:19:00+00:00,LOCO_01,locomotive,assigned,,,
564.0,2025-12-01T09:24:00+00:00,LOCO_01,locomotive,moving,,,
564.0,2025-12-01T09:24:00+00:00,W12394,wagon,moving,,,
564.0,2025-12-01T09:24:00+00:00,W9278,wagon,moving,,,
566.0,2025-12-01T09:26:00+00:00,W11188,wagon,retrofitted,,,
566.0,2025-12-01T09:26:00+00:00,W10437,wagon,retrofitted,,,
566.5,2025-12-01T09:26:30+00:00,LOCO_02,locomotive,moving,,,
573.5,2025-12-01T09:33:30+00:00,LOCO_02,locomotive,moving,,,
573.5,2025-12-01T09:33:30+00:00,W11188,wagon,moving,,,
573.5,2025-12-01T09:33:30+00:00,W10437,wagon,moving,,,
578.5,2025-12-01T09:38:30+00:00,LOCO_02,locomotive,moving,,,
623.5,2025-12-01T10:23:30+00:00,LOCO_02,locomotive,assigned,,,
623.5,2025-12-01T10:23:30+00:00,LOCO_02,locomotive,moving,,,
624.0,2025-12-01T10:24:00+00:00,W12394,wagon,queued,,,
624.0,2025-12-01T10:24:00+00:00,W9278,wagon,queued,,,
630.5,2025-12-01T10:30:30+00:00,LOCO_02,locomotive,moving,,,
633.0,2025-12-01T10:33:00+00:00,LOCO_01,locomotive,moving,,,
640.0,2025-12-01T10:40:00+00:00,LOCO_01,locomotive,moving,,,
648.0,2025-12-01T10:48:00+00:00,LOCO_01,locomotive,moving,,,
648.0,2025-12-01T10:48:00+00:00,W12394,wagon,moving,,,
648.0,2025-12-01T10:48:00+00:00,W9278,wagon,moving,,,
653.0,2025-12-01T10:53:00+00:00,W12394,wagon,in_workshop,,,
653.0,2025-12-01T10:53:00+00:00,W9278,wagon,in_workshop,,,
659.0,2025-12-01T10:59:00+00:00,W12394,wagon,in_workshop,,,
659.0,2025-12-01T10:59:00+00:00,W9278,wagon,in_workshop,,,
659.0,2025-12-01T10:59:00+00:00,LOCO_01,locomotive,moving,,,
664.0,2025-12-01T11:04:00+00:00,LOCO_01,locomotive,moving,,,
672.75,2025-12-01T11:12:45+00:00,W10704,wagon,arrived,T5,,
672.75,2025-12-01T11:12:45+00:00,W3675,wagon,arrived,T5,,
715.0,2025-12-01T11:55:00+00:00,W7132,wagon,arrived,T6,,
715.0,2025-12-01T11:55:00+00:00,W8934,wagon,arrived,T6,,
715.0,2025-12-01T11:55:00+00:00,W6253,wagon,arrived,T6,,
715.0,2025-12-01T11:55:00+00:00,W7747,wagon,arrived,T6,,
715.0,2025-12-01T11:55:00+00:00,W10546,wagon,arrived,T6,,
715.0,2025-12-01T11:55:00+00:00,W7222,wagon,arrived,T6,,
719.0,2025-12-01T11:59:00+00:00,W12394,wagon,retrofitted,,,
719.0,2025-12-01T11:59:00+00:00,W9278,wagon,retrofitted,,,
724.0,2025-12-01T12:04:00+00:00,LOCO_01,locomotive,assigned,,,
724.5,2025-12-01T12:04:30+00:00,W0689,wagon,arrived,T7,,
725.0,2025-12-01T12:05:00+00:00,W11268,wagon,arrived,T8,,
725.0,2025-12-01T12:05:00+00:00,W11509,wagon,arrived,T8,,
725.0,2025-12-01T12:05:00+00:00,W6557,wagon,arrived,T8,,
733.0,2025-12-01T12:13:00+00:00,LOCO_01,locomotive,moving,,,
733.0,2025-12-01T12:13:00+00:00,W3926,wagon,moving,,,
733.0,2025-12-01T12:13:00+00:00,W5834,wagon,moving,,,
733.0,2025-12-01T12:13:00+00:00,W9460,wagon,moving,,,
733.0,2025-12-01T12:13:00+00:00,W9445,wagon,moving,,,
752.0,2025-12-01T12:32:00+00:00,W11188,wagon,parked,,,
752.0,2025-12-01T12:32:00+00:00,W10437,wagon,parked,,,
752.0,2025-12-01T12:32:00+00:00,LOCO_02,locomotive,moving,,,
753.25,2025-12-01T12:33:15+00:00,W10356,wagon,arrived,T9,,
785.5,2025-12-01T13:05:30+00:00,W6006,wagon,arrived,T10,,
785.5,2025-12-01T13:05:30+00:00,W4440,wagon,arrived,T10,,
785.5,2025-12-01T13:05:30+00:00,W10383,wagon,arrived,T10,,
793.0,2025-12-01T13:13:00+00:00,W3926,wagon,queued,,,
793.0,2025-12-01T13:13:00+00:00,W5834,wagon,queued,,,
793.0,2025-12-01T13:13:00+00:00,W9460,wagon,queued,,,
793.0,2025-12-01T13:13:00+00:00,W9445,wagon,queued,,,
812.0,2025-12-01T13:32:00+00:00,LOCO_02,locomotive,moving,,,
814.0,2025-12-01T13:34:00+00:00,LOCO_01,locomotive,moving,,,
819.0,2025-12-01T13:39:00+00:00,LOCO_02,locomotive,moving,,,
819.0,2025-12-01T13:39:00+00:00,W12394,wagon,moving,,,
819.0,2025-12-01T13:39:00+00:00,W9278,wagon,moving,,,
821.0,2025-12-01T13:41:00+00:00,LOCO_01,locomotive,moving,,,
824.0,2025-12-01T13:44:00+00:00,LOCO_02,locomotive,moving,,,
829.0,2025-12-01T13:49:00+00:00,LOCO_01,locomotive,moving,,,
829.0,2025-12-01T13:49:00+00:00,W3926,wagon,moving,,,
829.0,2025-12-01T13:49:00+00:00,W5834,wagon,moving,,,
831.0,2025-12-01T13:51:00+00:00,LOCO_02,locomotive,moving,,,
834.0,2025-12-01T13:54:00+00:00,W3926,wagon,in_workshop,,,
834.0,2025-12-01T13:54:00+00:00,W5834,wagon,in_workshop,,,
839.0,2025-12-01T13:59:00+00:00,LOCO_02,locomotive,moving,,,
839.0,2025-12-01T13:59:00+00:00,W9460,wagon,moving,,,
839.0,2025-12-01T13:59:00+00:00,W9445,wagon,moving,,,
840.0,2025-12-01T14:00:00+00:00,W3926,wagon,in_workshop,,,
840.0,2025-12-01T14:00:00+00:00,W5834,wagon,in_workshop,,,
840.0,2025-12-01T14:00:00+00:00,LOCO_01,locomotive,moving,,,
844.0,2025-12-01T14:04:00+00:00,W9460,wagon,in_workshop,,,
844.0,2025-12-01T14:04:00+00:00,W9445,wagon,in_workshop,,,
845.0,2025-12-01T14:05:00+00:00,LOCO_01,locomotive,moving,,,
850.0,2025-12-01T14:10:00+00:00,W9460,wagon,in_workshop,,,
850.0,2025-12-01T14:10:00+00:00,W9445,wagon,in_workshop,,,
850.0,2025-12-01T14:10:00+00:00,LOCO_02,locomotive,moving,,,
866.0,2025-12-01T14:26:00+00:00,W2238,wagon,arrived,T11,,
866.0,2025-12-01T14:26:00+00:00,W0047,wagon,arrived,T11,,
866.0,2025-12-01T14:26:00+00:00,W0049,wagon,arrived,T11,,
870.0,2025-12-01T14:30:00+00:00,LOCO_02,locomotive,assigned,,,
870.0,2025-12-01T14:30:00+00:00,LOCO_02,locomotive,moving,,,
877.0,2025-12-01T14:37:00+00:00,LOCO_02,locomotive,moving,,,
894.75,2025-12-01T14:54:45+00:00,W2535,wagon,arrived,T12,,
894.75,2025-12-01T14:54:45+00:00,W7970,wagon,arrived,T12,,
894.75,2025-12-01T14:54:45+00:00,W4849,wagon,arrived,T12,,
900.0,2025-12-01T15:00:00+00:00,W3926,wagon,retrofitted,,,
900.0,2025-12-01T15:00:00+00:00,W5834,wagon,retrofitted,,,
905.0,2025-12-01T15:05:00+00:00,LOCO_01,locomotive,assigned,,,
910.0,2025-12-01T15:10:00+00:00,W9460,wagon,retrofitted,,,
910.0,2025-12-01T15:10:00+00:00,W9445,wagon,retrofitted,,,
936.0,2025-12-01T15:36:00+00:00,LOCO_01,locomotive,moving,,,
936.0,2025-12-01T15:36:00+00:00,W10704,wagon,moving,,,
936.0,2025-12-01T15:36:00+00:00,W3675,wagon,moving,,,
936.0,2025-12-01T15:36:00+00:00,W7132,wagon,moving,,,
936.0,2025-12-01T15:36:00+00:00,W8934,wagon,moving,,,
936.0,2025-12-01T15:36:00+00:00,W6253,wagon,moving,,,
936.0,2025-12-01T15:36:00+00:00,W7747,wagon,moving,,,
936.0,2025-12-01T15:36:00+00:00,W10546,wagon,moving,,,
936.0,2025-12-01T15:36:00+00:00,W7222,wagon,moving,,,
936.0,2025-12-01T15:36:00+00:00,W0689,wagon,moving,,,
936.0,2025-12-01T15:36:00+00:00,W11268,wagon,moving,,,
936.0,2025-12-01T15:36:00+00:00,W11509,wagon,moving,,,
936.0,2025-12-01T15:36:00+00:00,W6557,wagon,moving,,,
936.0,2025-12-01T15:36:00+00:00,W10356,wagon,moving,,,
936.0,2025-12-01T15:36:00+00:00,W6006,wagon,moving,,,
936.0,2025-12-01T15:36:00+00:00,W4440,wagon,moving,,,
996.0,2025-12-01T16:36:00+00:00,W10704,wagon,queued,,,
996.0,2025-12-01T16:36:00+00:00,W3675,wagon,queued,,,
996.0,2025-12-01T16:36:00+00:00,W7132,wagon,queued,,,
996.0,2025-12-01T16:36:00+00:00,W8934,wagon,queued,,,
996.0,2025-12-01T16:36:00+00:00,W6253,wagon,queued,,,
996.0,2025-12-01T16:36:00+00:00,W7747,wagon,queued,,,
996.0,2025-12-01T16:36:00+00:00,W10546,wagon,queued,,,
996.0,2025-12-01T16:36:00+00:00,W7222,wagon,queued,,,
996.0,2025-12-01T16:36:00+00:00,W0689,wagon,queued,,,
996.0,2025-12-01T16:36:00+00:00,W11268,wagon,queued,,,
996.0,2025-12-01T16:36:00+00:00,W11509,wagon,queued,,,
996.0,2025-12-01T16:36:00+00:00,W6557,wagon,queued,,,
996.0,2025-12-01T16:36:00+00:00,W10356,wagon,queued,,,
996.0,2025-12-01T16:36:00+00:00,W6006,wagon,queued,,,
996.0,2025-12-01T16:36:00+00:00,W4440,wagon,queued,,,
998.5,2025-12-01T16:38:30+00:00,W12394,wagon,parked,,,
998.5,2025-12-01T16:38:30+00:00,W9278,wagon,parked,,,
998.5,2025-12-01T16:38:30+00:00,LOCO_02,locomotive,moving,,,
1051.25,2025-12-01T17:31:15+00:00,W2967,wagon,arrived,T13,,
1051.25,2025-12-01T17:31:15+00:00,W9776,wagon,arrived,T13,,
1051.25,2025-12-01T17:31:15+00:00,W12208,wagon,arrived,T13,,
1051.25,2025-12-01T17:31:15+00:00,W11348,wagon,arrived,T13,,
1058.5,2025-12-01T17:38:30+00:00,LOCO_02,locomotive,moving,,,
1065.5,2025-12-01T17:45:30+00:00,LOCO_02,locomotive,moving,,,
1065.5,2025-12-01T17:45:30+00:00,W3926,wagon,moving,,,
1065.5,2025-12-01T17:45:30+00:00,W5834,wagon,moving,,,
1070.5,2025-12-01T17:50:30+00:00,LOCO_02,locomotive,moving,,,
1075.5,2025-12-01T17:55:30+00:00,LOCO_02,locomotive,moving,,,
1082.5,2025-12-01T18:02:30+00:00,LOCO_02,locomotive,moving,,,
1082.5,2025-12-01T18:02:30+00:00,W9460,wagon,moving,,,
1082.5,2025-12-01T18:02:30+00:00,W9445,wagon,moving,,,
1083.0,2025-12-01T18:03:00+00:00,LOCO_01,locomotive,moving,,,
1087.5,2025-12-01T18:07:30+00:00,LOCO_02,locomotive,moving,,,
1088.75,2025-12-01T18:08:45+00:00,W12037,wagon,arrived,T14,,
1088.75,2025-12-01T18:08:45+00:00,W0440,wagon,arrived,T14,,
1088.75,2025-12-01T18:08:45+00:00,W11988,wagon,arrived,T14,,
1088.75,2025-12-01T18:08:45+00:00,W12260,wagon,arrived,T14,,
1088.75,2025-12-01T18:08:45+00:00,W0130,wagon,arrived,T14,,
1088.75,2025-12-01T18:08:45+00:00,W9352,wagon,arrived,T14,,
1088.75,2025-12-01T18:08:45+00:00,W2980,wagon,arrived,T14,,
1088.75,2025-12-01T18:08:45+00:00,W2406,wagon,arrived,T14,,
1088.75,2025-12-01T18:08:45+00:00,W2399,wagon,arrived,T14,,
1090.0,2025-12-01T18:10:00+00:00,LOCO_01,locomotive,moving,,,
1094.5,2025-12-01T18:14:30+00:00,LOCO_02,locomotive,moving,,,
1098.0,2025-12-01T18:18:00+00:00,LOCO_01,locomotive,moving,,,
1098.0,2025-12-01T18:18:00+00:00,W10704,wagon,moving,,,
1098.0,2025-12-01T18:18:00+00:00,W3675,wagon,moving,,,
1102.5,2025-12-01T18:22:30+00:00,LOCO_02,locomotive,moving,,,
1102.5,2025-12-01T18:22:30+00:00,W7132,wagon,moving,,,
1102.5,2025-12-01T18:22:30+00:00,W8934,wagon,moving,,,
1103.0,2025-12-01T18:23:00+00:00,W10704,wagon,in_workshop,,,
1103.0,2025-12-01T18:23:00+00:00,W3675,wagon,in_workshop,,,
1107.5,2025-12-01T18:27:30+00:00,W7132,wagon,in_workshop,,,
1107.5,2025-12-01T18:27:30+00:00,W8934,wagon,in_workshop,,,
1109.0,2025-12-01T18:29:00+00:00,W10704,wagon,in_workshop,,,
1109.0,2025-12-01T18:29:00+00:00,W3675,wagon,in_workshop,,,
1109.0,2025-12-01T18:29:00+00:00,LOCO_01,locomotive,moving,,,
1113.5,2025-12-01T18:33:30+00:00,W7132,wagon,in_workshop,,,
1113.5,2025-12-01T18:33:30+00:00,W8934,wagon,in_workshop,,,
1113.5,2025-12-01T18:33:30+00:00,LOCO_02,locomotive,moving,,,
1117.5,2025-12-01T18:37:30+00:00,LOCO_01,locomotive,assigned,,,
1117.5,2025-12-01T18:37:30+00:00,LOCO_01,locomotive,moving,,,
1124.5,2025-12-01T18:44:30+00:00,LOCO_01,locomotive,moving,,,
1169.0,2025-12-01T19:29:00+00:00,W10704,wagon,retrofitted,,,
1169.0,2025-12-01T19:29:00+00:00,W3675,wagon,retrofitted,,,
1169.5,2025-12-01T19:29:30+00:00,LOCO_02,locomotive,moving,,,
1173.5,2025-12-01T19:33:30+00:00,W7132,wagon,retrofitted,,,
1173.5,2025-12-01T19:33:30+00:00,W8934,wagon,retrofitted,,,
1176.5,2025-12-01T19:36:30+00:00,LOCO_02,locomotive,moving,,,
1176.5,2025-12-01T19:36:30+00:00,W10704,wagon,moving,,,
1176.5,2025-12-01T19:36:30+00:00,W3675,wagon,moving,,,
1181.5,2025-12-01T19:41:30+00:00,LOCO_02,locomotive,moving,,,
1186.5,2025-12-01T19:46:30+00:00,LOCO_02,locomotive,moving,,,
1193.5,2025-12-01T19:53:30+00:00,LOCO_02,locomotive,moving,,,
1193.5,2025-12-01T19:53:30+00:00,W7132,wagon,moving,,,
1193.5,2025-12-01T19:53:30+00:00,W8934,wagon,moving,,,
1198.5,2025-12-01T19:58:30+00:00,LOCO_02,locomotive,moving,,,
1205.5,2025-12-01T20:05:30+00:00,LOCO_02,locomotive,moving,,,
1213.5,2025-12-01T20:13:30+00:00,LOCO_02,locomotive,moving,,,
1213.5,2025-12-01T20:13:30+00:00,W6253,wagon,moving,,,
1213.5,2025-12-01T20:13:30+00:00,W7747,wagon,moving,,,
1218.5,2025-12-01T20:18:30+00:00,W6253,wagon,in_workshop,,,
1218.5,2025-12-01T20:18:30+00:00,W7747,wagon,in_workshop,,,
1224.5,2025-12-01T20:24:30+00:00,W6253,wagon,in_workshop,,,
1224.5,2025-12-01T20:24:30+00:00,W7747,wagon,in_workshop,,,
1224.5,2025-12-01T20:24:30+00:00,LOCO_02,locomotive,moving,,,
1231.5,2025-12-01T20:31:30+00:00,LOCO_02,locomotive,moving,,,
1239.5,2025-12-01T20:39:30+00:00,LOCO_02,locomotive,moving,,,
1239.5,2025-12-01T20:39:30+00:00,W10546,wagon,moving,,,
1239.5,2025-12-01T20:39:30+00:00,W7222,wagon,moving,,,
1244.5,2025-12-01T20:44:30+00:00,W10546,wagon,in_workshop,,,
1244.5,2025-12-01T20:44:30+00:00,W7222,wagon,in_workshop,,,
1246.0,2025-12-01T20:46:00+00:00,W3926,wagon,parked,,,
1246.0,2025-12-01T20:46:00+00:00,W5834,wagon,parked,,,
1246.0,2025-12-01T20:46:00+00:00,LOCO_01,locomotive,moving,,,
1250.5,2025-12-01T20:50:30+00:00,W10546,wagon,in_workshop,,,
1250.5,2025-12-01T20:50:30+00:00,W7222,wagon,in_workshop,,,
1250.5,2025-12-01T20:50:30+00:00,LOCO_02,locomotive,moving,,,
1255.5,2025-12-01T20:55:30+00:00,LOCO_02,locomotive,moving,,,
1284.5,2025-12-01T21:24:30+00:00,W6253,wagon,retrofitted,,,
1284.5,2025-12-01T21:24:30+00:00,W7747,wagon,retrofitted,,,
1306.0,2025-12-01T21:46:00+00:00,LOCO_01,locomotive,moving,,,
1310.5,2025-12-01T21:50:30+00:00,W10546,wagon,retrofitted,,,
1310.5,2025-12-01T21:50:30+00:00,W7222,wagon,retrofitted,,,
1313.0,2025-12-01T21:53:00+00:00,LOCO_01,locomotive,moving,,,
1313.0,2025-12-01T21:53:00+00:00,W6253,wagon,moving,,,
1313.0,2025-12-01T21:53:00+00:00,W7747,wagon,moving,,,
1315.5,2025-12-01T21:55:30+00:00,LOCO_02,locomotive,assigned,,,
1318.0,2025-12-01T21:58:00+00:00,LOCO_01,locomotive,moving,,,
1323.0,2025-12-01T22:03:00+00:00,LOCO_01,locomotive,moving,,,
1326.5,2025-12-01T22:06:30+00:00,LOCO_02,locomotive,moving,,,
1326.5,2025-12-01T22:06:30+00:00,W10383,wagon,moving,,,
1326.5,2025-12-01T22:06:30+00:00,W2238,wagon,moving,,,
1326.5,2025-12-01T22:06:30+00:00,W0047,wagon,moving,,,
1326.5,2025-12-01T22:06:30+00:00,W0049,wagon,moving,,,
1326.5,2025-12-01T22:06:30+00:00,W2535,wagon,moving,,,
1330.0,2025-12-01T22:10:00+00:00,LOCO_01,locomotive,moving,,,
1330.0,2025-12-01T22:10:00+00:00,W10546,wagon,moving,,,
1330.0,2025-12-01T22:10:00+00:00,W7222,wagon,moving,,,
1335.0,2025-12-01T22:15:00+00:00,LOCO_01,locomotive,moving,,,
1342.0,2025-12-01T22:22:00+00:00,LOCO_01,locomotive,moving,,,
1350.0,2025-12-01T22:30:00+00:00,LOCO_01,locomotive,moving,,,
1350.0,2025-12-01T22:30:00+00:00,W0689,wagon,moving,,,
1350.0,2025-12-01T22:30:00+00:00,W11268,wagon,moving,,,
1355.0,2025-12-01T22:35:00+00:00,W0689,wagon,in_workshop,,,
1355.0,2025-12-01T22:35:00+00:00,W11268,wagon,in_workshop,,,
1361.0,2025-12-01T22:41:00+00:00,W0689,wagon,in_workshop,,,
1361.0,2025-12-01T22:41:00+00:00,W11268,wagon,in_workshop,,,
1361.0,2025-12-01T22:41:00+00:00,LOCO_01,locomotive,moving,,,
1368.0,2025-12-01T22:48:00+00:00,LOCO_01,locomotive,moving,,,
1376.0,2025-12-01T22:56:00+00:00,LOCO_01,locomotive,moving,,,
1376.0,2025-12-01T22:56:00+00:00,W11509,wagon,moving,,,
1376.0,2025-12-01T22:56:00+00:00,W6557,wagon,moving,,,
1381.0,2025-12-01T23:01:00+00:00,W11509,wagon,in_workshop,,,
1381.0,2025-12-01T23:01:00+00:00,W6557,wagon,in_workshop,,,
1386.5,2025-12-01T23:06:30+00:00,W10383,wagon,queued,,,
1386.5,2025-12-01T23:06:30+00:00,W2238,wagon,queued,,,
1386.5,2025-12-01T23:06:30+00:00,W0047,wagon,queued,,,
1386.5,2025-12-01T23:06:30+00:00,W0049,wagon,queued,,,
1386.5,2025-12-01T23:06:30+00:00,W2535,wagon,queued,,,
1387.0,2025-12-01T23:07:00+00:00,W11509,wagon,in_workshop,,,
1387.0,2025-12-01T23:07:00+00:00,W6557,wagon,in_workshop,,,
1387.0,2025-12-01T23:07:00+00:00,LOCO_01,locomotive,moving,,,
1392.0,2025-12-01T23:12:00+00:00,LOCO_01,locomotive,assigned,,,
1392.0,2025-12-01T23:12:00+00:00,LOCO_01,locomotive,moving,,,
1401.0,2025-12-01T23:21:00+00:00,LOCO_01,locomotive,moving,,,
1413.5,2025-12-01T23:33:30+00:00,LOCO_02,locomotive,moving,,,
1421.0,2025-12-01T23:41:00+00:00,W0689,wagon,retrofitted,,,
1421.0,2025-12-01T23:41:00+00:00,W11268,wagon,retrofitted,,,
1421.5,2025-12-01T23:41:30+00:00,LOCO_02,locomotive,moving,,,
1428.5,2025-12-01T23:48:30+00:00,LOCO_02,locomotive,moving,,,
1428.5,2025-12-01T23:48:30+00:00,W0689,wagon,moving,,,
1428.5,2025-12-01T23:48:30+00:00,W11268,wagon,moving,,,
1433.5,2025-12-01T23:53:30+00:00,LOCO_02,locomotive,moving,,,
1440.5,2025-12-02T00:00:30+00:00,LOCO_02,locomotive,moving,,,
1447.0,2025-12-02T00:07:00+00:00,W11509,wagon,retrofitted,,,
1447.0,2025-12-02T00:07:00+00:00,W6557,wagon,retrofitted,,,
1448.5,2025-12-02T00:08:30+00:00,LOCO_02,locomotive,moving,,,
1448.5,2025-12-02T00:08:30+00:00,W10356,wagon,moving,,,
1448.5,2025-12-02T00:08:30+00:00,W6006,wagon,moving,,,
1453.5,2025-12-02T00:13:30+00:00,W10356,wagon,in_workshop,,,
1453.5,2025-12-02T00:13:30+00:00,W6006,wagon,in_workshop,,,
1459.5,2025-12-02T00:19:30+00:00,W10356,wagon,in_workshop,,,
1459.5,2025-12-02T00:19:30+00:00,W6006,wagon,in_workshop,,,
1459.5,2025-12-02T00:19:30+00:00,LOCO_02,locomotive,moving,,,
1464.5,2025-12-02T00:24:30+00:00,LOCO_02,locomotive,moving,,,
1471.5,2025-12-02T00:31:30+00:00,LOCO_02,locomotive,moving,,,
1471.5,2025-12-02T00:31:30+00:00,W11509,wagon,moving,,,
1471.5,2025-12-02T00:31:30+00:00,W6557,wagon,moving,,,
1476.5,2025-12-02T00:36:30+00:00,LOCO_02,locomotive,moving,,,
1479.0,2025-12-02T00:39:00+00:00,W1078,wagon,rejected,T15,,No Retrofit Needed
1479.0,2025-12-02T00:39:00+00:00,W9868,wagon,arrived,T15,,
1479.0,2025-12-02T00:39:00+00:00,W12060,wagon,arrived,T15,,
1479.0,2025-12-02T00:39:00+00:00,W12210,wagon,arrived,T15,,
1479.0,2025-12-02T00:39:00+00:00,W8636,wagon,arrived,T15,,
1479.0,2025-12-02T00:39:00+00:00,W10949,wagon,arrived,T15,,
1479.0,2025-12-02T00:39:00+00:00,W8631,wagon,arrived,T15,,
1483.5,2025-12-02T00:43:30+00:00,LOCO_02,locomotive,moving,,,
1491.5,2025-12-02T00:51:30+00:00,LOCO_02,locomotive,moving,,,
1491.5,2025-12-02T00:51:30+00:00,W4440,wagon,moving,,,
1491.5,2025-12-02T00:51:30+00:00,W10383,wagon,moving,,,
1496.5,2025-12-02T00:56:30+00:00,W4440,wagon,in_workshop,,,
1496.5,2025-12-02T00:56:30+00:00,W10383,wagon,in_workshop,,,
1502.5,2025-12-02T01:02:30+00:00,W4440,wagon,in_workshop,,,
1502.5,2025-12-02T01:02:30+00:00,W10383,wagon,in_workshop,,,
1502.5,2025-12-02T01:02:30+00:00,LOCO_02,locomotive,moving,,,
1507.5,2025-12-02T01:07:30+00:00,LOCO_02,locomotive,moving,,,
1509.0,2025-12-02T01:09:00+00:00,W9392,wagon,arrived,T16,,
1509.0,2025-12-02T01:09:00+00:00,W9274,wagon,arrived,T16,,
1509.0,2025-12-02T01:09:00+00:00,W8613,wagon,arrived,T16,,
1509.0,2025-12-02T01:09:00+00:00,W10130,wagon,arrived,T16,,
1509.0,2025-12-02T01:09:00+00:00,W9721,wagon,arrived,T16,,
1509.0,2025-12-02T01:09:00+00:00,W9756,wagon,arrived,T16,,
1519.5,2025-12-02T01:19:30+00:00,W10356,wagon,retrofitted,,,
1519.5,2025-12-02T01:19:30+00:00,W6006,wagon,retrofitted,,,
1526.5,2025-12-02T01:26:30+00:00,W9460,wagon,parked,,,
1526.5,2025-12-02T01:26:30+00:00,W9445,wagon,parked,,,
1526.5,2025-12-02T01:26:30+00:00,W10704,wagon,parked,,,
1526.5,2025-12-02T01:26:30+00:00,W3675,wagon,parked,,,
1526.5,2025-12-02T01:26:30+00:00,W7132,wagon,parked,,,
1526.5,2025-12-02T01:26:30+00:00,W8934,wagon,parked,,,
1526.5,2025-12-02T01:26:30+00:00,LOCO_01,locomotive,moving,,,
1562.5,2025-12-02T02:02:30+00:00,W4440,wagon,retrofitted,,,
1562.5,2025-12-02T02:02:30+00:00,W10383,wagon,retrofitted,,,
1567.5,2025-12-02T02:07:30+00:00,LOCO_02,locomotive,assigned,,,
1586.5,2025-12-02T02:26:30+00:00,LOCO_02,locomotive,moving,,,
1586.5,2025-12-02T02:26:30+00:00,W7970,wagon,moving,,,
1586.5,2025-12-02T02:26:30+00:00,W4849,wagon,moving,,,
1586.5,2025-12-02T02:26:30+00:00,W2967,wagon,moving,,,
1586.5,2025-12-02T02:26:30+00:00,W9776,wagon,moving,,,
1586.5,2025-12-02T02:26:30+00:00,W12208,wagon,moving,,,
1586.5,2025-12-02T02:26:30+00:00,W11348,wagon,moving,,,
1586.5,2025-12-02T02:26:30+00:00,W12037,wagon,moving,,,
1586.5,2025-12-02T02:26:30+00:00,W0440,wagon,moving,,,
1586.5,2025-12-02T02:26:30+00:00,W11988,wagon,moving,,,
1586.5,2025-12-02T02:26:30+00:00,LOCO_01,locomotive,moving,,,
1593.5,2025-12-02T02:33:30+00:00,LOCO_01,locomotive,moving,,,
1593.5,2025-12-02T02:33:30+00:00,W10356,wagon,moving,,,
1593.5,2025-12-02T02:33:30+00:00,W6006,wagon,moving,,,
1598.5,2025-12-02T02:38:30+00:00,LOCO_01,locomotive,moving,,,
1602.5,2025-12-02T02:42:30+00:00,W3926,wagon,rejected,T17,,No Retrofit Needed
1602.5,2025-12-02T02:42:30+00:00,W11467,wagon,arrived,T17,,
1602.5,2025-12-02T02:42:30+00:00,W10354,wagon,arrived,T17,,
1602.5,2025-12-02T02:42:30+00:00,W3950,wagon,arrived,T17,,
1602.5,2025-12-02T02:42:30+00:00,W7997,wagon,arrived,T17,,
1602.5,2025-12-02T02:42:30+00:00,W8626,wagon,arrived,T17,,
1603.5,2025-12-02T02:43:30+00:00,LOCO_01,locomotive,moving,,,
1610.5,2025-12-02T02:50:30+00:00,LOCO_01,locomotive,moving,,,
1610.5,2025-12-02T02:50:30+00:00,W4440,wagon,moving,,,
1610.5,2025-12-02T02:50:30+00:00,W10383,wagon,moving,,,
1615.5,2025-12-02T02:55:30+00:00,LOCO_01,locomotive,moving,,,
1622.5,2025-12-02T03:02:30+00:00,LOCO_01,locomotive,moving,,,
1630.5,2025-12-02T03:10:30+00:00,LOCO_01,locomotive,moving,,,
1630.5,2025-12-02T03:10:30+00:00,W2238,wagon,moving,,,
1630.5,2025-12-02T03:10:30+00:00,W0047,wagon,moving,,,
1635.5,2025-12-02T03:15:30+00:00,W2238,wagon,in_workshop,,,
1635.5,2025-12-02T03:15:30+00:00,W0047,wagon,in_workshop,,,
1641.5,2025-12-02T03:21:30+00:00,W2238,wagon,in_workshop,,,
1641.5,2025-12-02T03:21:30+00:00,W0047,wagon,in_workshop,,,
1641.5,2025-12-02T03:21:30+00:00,LOCO_01,locomotive,moving,,,
1646.5,2025-12-02T03:26:30+00:00,W7970,wagon,queued,,,
1646.5,2025-12-02T03:26:30+00:00,W4849,wagon,queued,,,
1646.5,2025-12-02T03:26:30+00:00,W2967,wagon,queued,,,
1646.5,2025-12-02T03:26:30+00:00,W9776,wagon,queued,,,
1646.5,2025-12-02T03:26:30+00:00,W12208,wagon,queued,,,
1646.5,2025-12-02T03:26:30+00:00,W11348,wagon,queued,,,
1646.5,2025-12-02T03:26:30+00:00,W12037,wagon,queued,,,
1646.5,2025-12-02T03:26:30+00:00,W0440,wagon,queued,,,
1646.5,2025-12-02T03:26:30+00:00,W11988,wagon,queued,,,
1648.5,2025-12-02T03:28:30+00:00,LOCO_01,locomotive,moving,,,
1656.5,2025-12-02T03:36:30+00:00,LOCO_01,locomotive,moving,,,
1656.5,2025-12-02T03:36:30+00:00,W0049,wagon,moving,,,
1656.5,2025-12-02T03:36:30+00:00,W2535,wagon,moving,,,
1661.5,2025-12-02T03:41:30+00:00,W0049,wagon,in_workshop,,,
1661.5,2025-12-02T03:41:30+00:00,W2535,wagon,in_workshop,,,
1667.5,2025-12-02T03:47:30+00:00,W0049,wagon,in_workshop,,,
1667.5,2025-12-02T03:47:30+00:00,W2535,wagon,in_workshop,,,
1667.5,2025-12-02T03:47:30+00:00,LOCO_01,locomotive,moving,,,
1672.5,2025-12-02T03:52:30+00:00,LOCO_01,locomotive,assigned,,,
1672.5,2025-12-02T03:52:30+00:00,LOCO_01,locomotive,moving,,,
1682.5,2025-12-02T04:02:30+00:00,LOCO_01,locomotive,moving,,,
1687.25,2025-12-02T04:07:15+00:00,W9174,wagon,arrived,T18,,
1687.25,2025-12-02T04:07:15+00:00,W9169,wagon,arrived,T18,,
1687.25,2025-12-02T04:07:15+00:00,W9173,wagon,arrived,T18,,
1697.5,2025-12-02T04:17:30+00:00,LOCO_02,locomotive,moving,,,
1701.5,2025-12-02T04:21:30+00:00,W2238,wagon,retrofitted,,,
1701.5,2025-12-02T04:21:30+00:00,W0047,wagon,retrofitted,,,
1702.5,2025-12-02T04:22:30+00:00,LOCO_02,locomotive,moving,,,
1709.5,2025-12-02T04:29:30+00:00,LOCO_02,locomotive,moving,,,
1709.5,2025-12-02T04:29:30+00:00,W2238,wagon,moving,,,
1709.5,2025-12-02T04:29:30+00:00,W0047,wagon,moving,,,
1714.5,2025-12-02T04:34:30+00:00,LOCO_02,locomotive,moving,,,
1721.5,2025-12-02T04:41:30+00:00,LOCO_02,locomotive,moving,,,
1727.5,2025-12-02T04:47:30+00:00,W0049,wagon,retrofitted,,,
1727.5,2025-12-02T04:47:30+00:00,W2535,wagon,retrofitted,,,
1729.5,2025-12-02T04:49:30+00:00,LOCO_02,locomotive,moving,,,
1729.5,2025-12-02T04:49:30+00:00,W7970,wagon,moving,,,
1729.5,2025-12-02T04:49:30+00:00,W4849,wagon,moving,,,
1734.5,2025-12-02T04:54:30+00:00,W7970,wagon,in_workshop,,,
1734.5,2025-12-02T04:54:30+00:00,W4849,wagon,in_workshop,,,
1740.5,2025-12-02T05:00:30+00:00,W7970,wagon,in_workshop,,,
1740.5,2025-12-02T05:00:30+00:00,W4849,wagon,in_workshop,,,
1740.5,2025-12-02T05:00:30+00:00,LOCO_02,locomotive,moving,,,
1745.5,2025-12-02T05:05:30+00:00,LOCO_02,locomotive,moving,,,
1752.5,2025-12-02T05:12:30+00:00,LOCO_02,locomotive,moving,,,
1752.5,2025-12-02T05:12:30+00:00,W0049,wagon,moving,,,
1752.5,2025-12-02T05:12:30+00:00,W2535,wagon,moving,,,
1757.5,2025-12-02T05:17:30+00:00,LOCO_02,locomotive,moving,,,
1762.5,2025-12-02T05:22:30+00:00,LOCO_02,locomotive,moving,,,
1767.0,2025-12-02T05:27:00+00:00,W6140,wagon,arrived,T19,,
1800.5,2025-12-02T06:00:30+00:00,W7970,wagon,retrofitted,,,
1800.5,2025-12-02T06:00:30+00:00,W4849,wagon,retrofitted,,,
1810.0,2025-12-02T06:10:00+00:00,W6253,wagon,parked,,,
1810.0,2025-12-02T06:10:00+00:00,W7747,wagon,parked,,,
1810.0,2025-12-02T06:10:00+00:00,W10546,wagon,parked,,,
1810.0,2025-12-02T06:10:00+00:00,W7222,wagon,parked,,,
1810.0,2025-12-02T06:10:00+00:00,W0689,wagon,parked,,,
1810.0,2025-12-02T06:10:00+00:00,W11268,wagon,parked,,,
1810.0,2025-12-02T06:10:00+00:00,W11509,wagon,parked,,,
1810.0,2025-12-02T06:10:00+00:00,W6557,wagon,parked,,,
1810.0,2025-12-02T06:10:00+00:00,LOCO_01,locomotive,moving,,,
1822.5,2025-12-02T06:22:30+00:00,LOCO_02,locomotive,assigned,,,
1829.5,2025-12-02T06:29:30+00:00,LOCO_02,locomotive,moving,,,
1829.5,2025-12-02T06:29:30+00:00,W11467,wagon,moving,,,
1829.5,2025-12-02T06:29:30+00:00,W10354,wagon,moving,,,
1829.5,2025-12-02T06:29:30+00:00,W3950,wagon,moving,,,
1853.5,2025-12-02T06:53:30+00:00,W10364,wagon,arrived,T20,,
1853.5,2025-12-02T06:53:30+00:00,W6077,wagon,arrived,T20,,
1870.0,2025-12-02T07:10:00+00:00,W9270,wagon,arrived,T21,,
1870.0,2025-12-02T07:10:00+00:00,W9276,wagon,arrived,T21,,
1870.0,2025-12-02T07:10:00+00:00,W11578,wagon,arrived,T21,,
1870.0,2025-12-02T07:10:00+00:00,LOCO_01,locomotive,moving,,,
1877.0,2025-12-02T07:17:00+00:00,LOCO_01,locomotive,moving,,,
1877.0,2025-12-02T07:17:00+00:00,W7970,wagon,moving,,,
1877.0,2025-12-02T07:17:00+00:00,W4849,wagon,moving,,,
1882.0,2025-12-02T07:22:00+00:00,LOCO_01,locomotive,moving,,,
1889.0,2025-12-02T07:29:00+00:00,LOCO_01,locomotive,moving,,,
1889.5,2025-12-02T07:29:30+00:00,W11467,wagon,queued,,,
1889.5,2025-12-02T07:29:30+00:00,W10354,wagon,queued,,,
1889.5,2025-12-02T07:29:30+00:00,W3950,wagon,queued,,,
1897.0,2025-12-02T07:37:00+00:00,LOCO_01,locomotive,moving,,,
1897.0,2025-12-02T07:37:00+00:00,W2967,wagon,moving,,,
1897.0,2025-12-02T07:37:00+00:00,W9776,wagon,moving,,,
1902.0,2025-12-02T07:42:00+00:00,W2967,wagon,in_workshop,,,
1902.0,2025-12-02T07:42:00+00:00,W9776,wagon,in_workshop,,,
1904.5,2025-12-02T07:44:30+00:00,LOCO_02,locomotive,moving,,,
1908.0,2025-12-02T07:48:00+00:00,W2967,wagon,in_workshop,,,
1908.0,2025-12-02T07:48:00+00:00,W9776,wagon,in_workshop,,,
1908.0,2025-12-02T07:48:00+00:00,LOCO_01,locomotive,moving,,,
1911.5,2025-12-02T07:51:30+00:00,LOCO_02,locomotive,moving,,,
1913.0,2025-12-02T07:53:00+00:00,LOCO_01,locomotive,assigned,,,
1913.0,2025-12-02T07:53:00+00:00,LOCO_01,locomotive,moving,,,
1919.5,2025-12-02T07:59:30+00:00,LOCO_02,locomotive,moving,,,
1919.5,2025-12-02T07:59:30+00:00,W12208,wagon,moving,,,
1919.5,2025-12-02T07:59:30+00:00,W11348,wagon,moving,,,
1923.0,2025-12-02T08:03:00+00:00,LOCO_01,locomotive,moving,,,
1924.5,2025-12-02T08:04:30+00:00,W12208,wagon,in_workshop,,,
1924.5,2025-12-02T08:04:30+00:00,W11348,wagon,in_workshop,,,
1930.5,2025-12-02T08:10:30+00:00,W12208,wagon,in_workshop,,,
1930.5,2025-12-02T08:10:30+00:00,W11348,wagon,in_workshop,,,
1930.5,2025-12-02T08:10:30+00:00,LOCO_02,locomotive,moving,,,
1965.25,2025-12-02T08:45:15+00:00,W0623,wagon,arrived,T22,,
1965.25,2025-12-02T08:45:15+00:00,W11970,wagon,arrived,T22,,
1968.0,2025-12-02T08:48:00+00:00,W2967,wagon,retrofitted,,,
1968.0,2025-12-02T08:48:00+00:00,W9776,wagon,retrofitted,,,
1968.5,2025-12-02T08:48:30+00:00,LOCO_02,locomotive,moving,,,
1975.5,2025-12-02T08:55:30+00:00,LOCO_02,locomotive,moving,,,
1975.5,2025-12-02T08:55:30+00:00,W2967,wagon,moving,,,
1975.5,2025-12-02T08:55:30+00:00,W9776,wagon,moving,,,
1980.5,2025-12-02T09:00:30+00:00,LOCO_02,locomotive,moving,,,
1987.5,2025-12-02T09:07:30+00:00,LOCO_02,locomotive,moving,,,
1990.5,2025-12-02T09:10:30+00:00,W12208,wagon,retrofitted,,,
1990.5,2025-12-02T09:10:30+00:00,W11348,wagon,retrofitted,,,
1995.5,2025-12-02T09:15:30+00:00,LOCO_02,locomotive,moving,,,
1995.5,2025-12-02T09:15:30+00:00,W12037,wagon,moving,,,
1995.5,2025-12-02T09:15:30+00:00,W0440,wagon,moving,,,
2000.5,2025-12-02T09:20:30+00:00,W12037,wagon,in_workshop,,,
2000.5,2025-12-02T09:20:30+00:00,W0440,wagon,in_workshop,,,
2006.5,2025-12-02T09:26:30+00:00,W12037,wagon,in_workshop,,,
2006.5,2025-12-02T09:26:30+00:00,W0440,wagon,in_workshop,,,
2006.5,2025-12-02T09:26:30+00:00,LOCO_02,locomotive,moving,,,
2011.5,2025-12-02T09:31:30+00:00,LOCO_02,locomotive,moving,,,
2018.5,2025-12-02T09:38:30+00:00,LOCO_02,locomotive,moving,,,
2018.5,2025-12-02T09:38:30+00:00,W12208,wagon,moving,,,
2018.5,2025-12-02T09:38:30+00:00,W11348,wagon,moving,,,
2023.5,2025-12-02T09:43:30+00:00,LOCO_02,locomotive,moving,,,
2030.5,2025-12-02T09:50:30+00:00,LOCO_02,locomotive,moving,,,
2038.5,2025-12-02T09:58:30+00:00,LOCO_02,locomotive,moving,,,
2038.5,2025-12-02T09:58:30+00:00,W11988,wagon,moving,,,
2038.5,2025-12-02T09:58:30+00:00,W11467,wagon,moving,,,
2043.5,2025-12-02T10:03:30+00:00,W11988,wagon,in_workshop,,,
2043.5,2025-12-02T10:03:30+00:00,W11467,wagon,in_workshop,,,
2049.5,2025-12-02T10:09:30+00:00,W11988,wagon,in_workshop,,,
2049.5,2025-12-02T10:09:30+00:00,W11467,wagon,in_workshop,,,
2049.5,2025-12-02T10:09:30+00:00,LOCO_02,locomotive,moving,,,
2050.5,2025-12-02T10:10:30+00:00,W10356,wagon,parked,,,
2050.5,2025-12-02T10:10:30+00:00,W6006,wagon,parked,,,
2050.5,2025-12-02T10:10:30+00:00,W4440,wagon,parked,,,
2050.5,2025-12-02T10:10:30+00:00,W10383,wagon,parked,,,
2050.5,2025-12-02T10:10:30+00:00,W2238,wagon,parked,,,
2050.5,2025-12-02T10:10:30+00:00,W0047,wagon,parked,,,
2050.5,2025-12-02T10:10:30+00:00,W0049,wagon,parked,,,
2050.5,2025-12-02T10:10:30+00:00,W2535,wagon,parked,,,
2050.5,2025-12-02T10:10:30+00:00,LOCO_01,locomotive,moving,,,
2054.5,2025-12-02T10:14:30+00:00,LOCO_02,locomotive,moving,,,
2066.5,2025-12-02T10:26:30+00:00,W12037,wagon,retrofitted,,,
2066.5,2025-12-02T10:26:30+00:00,W0440,wagon,retrofitted,,,
2109.5,2025-12-02T11:09:30+00:00,W11988,wagon,retrofitted,,,
2109.5,2025-12-02T11:09:30+00:00,W11467,wagon,retrofitted,,,
2110.5,2025-12-02T11:10:30+00:00,LOCO_01,locomotive,moving,,,
2114.5,2025-12-02T11:14:30+00:00,LOCO_02,locomotive,assigned,,,
2117.5,2025-12-02T11:17:30+00:00,LOCO_01,locomotive,moving,,,
2117.5,2025-12-02T11:17:30+00:00,W12037,wagon,moving,,,
2117.5,2025-12-02T11:17:30+00:00,W0440,wagon,moving,,,
2121.5,2025-12-02T11:21:30+00:00,LOCO_02,locomotive,moving,,,
2121.5,2025-12-02T11:21:30+00:00,W12260,wagon,moving,,,
2121.5,2025-12-02T11:21:30+00:00,W0130,wagon,moving,,,
2121.5,2025-12-02T11:21:30+00:00,W9352,wagon,moving,,,
2122.5,2025-12-02T11:22:30+00:00,LOCO_01,locomotive,moving,,,
2127.5,2025-12-02T11:27:30+00:00,LOCO_01,locomotive,moving,,,
2134.5,2025-12-02T11:34:30+00:00,LOCO_01,locomotive,moving,,,
2134.5,2025-12-02T11:34:30+00:00,W11988,wagon,moving,,,
2134.5,2025-12-02T11:34:30+00:00,W11467,wagon,moving,,,
2138.0,2025-12-02T11:38:00+00:00,W3173,wagon,arrived,T23,,
2138.0,2025-12-02T11:38:00+00:00,W5038,wagon,arrived,T23,,
2138.0,2025-12-02T11:38:00+00:00,W11261,wagon,arrived,T23,,
2138.0,2025-12-02T11:38:00+00:00,W11259,wagon,arrived,T23,,
2138.0,2025-12-02T11:38:00+00:00,W5167,wagon,arrived,T23,,
2138.0,2025-12-02T11:38:00+00:00,W4666,wagon,arrived,T23,,
2138.0,2025-12-02T11:38:00+00:00,W11269,wagon,arrived,T23,,
2138.0,2025-12-02T11:38:00+00:00,W3811,wagon,arrived,T23,,
2138.0,2025-12-02T11:38:00+00:00,W2926,wagon,arrived,T23,,
2138.0,2025-12-02T11:38:00+00:00,W5391,wagon,arrived,T23,,
2138.0,2025-12-02T11:38:00+00:00,W6682,wagon,arrived,T23,,
2138.0,2025-12-02T11:38:00+00:00,W11256,wagon,arrived,T23,,
2138.0,2025-12-02T11:38:00+00:00,W10892,wagon,arrived,T23,,
2139.5,2025-12-02T11:39:30+00:00,LOCO_01,locomotive,moving,,,
2146.5,2025-12-02T11:46:30+00:00,LOCO_01,locomotive,moving,,,
2149.75,2025-12-02T11:49:45+00:00,W3926,wagon,rejected,T24,,No Retrofit Needed
2149.75,2025-12-02T11:49:45+00:00,W1906,wagon,arrived,T24,,
2154.5,2025-12-02T11:54:30+00:00,LOCO_01,locomotive,moving,,,
2154.5,2025-12-02T11:54:30+00:00,W10354,wagon,moving,,,
2154.5,2025-12-02T11:54:30+00:00,W3950,wagon,moving,,,
2158.0,2025-12-02T11:58:00+00:00,W1156,wagon,rejected,T25,,NO_COLLECTION_TRACK
2158.0,2025-12-02T11:58:00+00:00,W1174,wagon,rejected,T25,,NO_COLLECTION_TRACK
2158.0,2025-12-02T11:58:00+00:00,W1161,wagon,rejected,T25,,NO_COLLECTION_TRACK
2158.0,2025-12-02T11:58:00+00:00,W1158,wagon,arrived,T25,,
2158.0,2025-12-02T11:58:00+00:00,W1139,wagon,arrived,T25,,
2158.0,2025-12-02T11:58:00+00:00,W1149,wagon,arrived,T25,,
2158.0,2025-12-02T11:58:00+00:00,W1150,wagon,arrived,T25,,
2158.0,2025-12-02T11:58:00+00:00,W1151,wagon,arrived,T25,,
2158.0,2025-12-02T11:58:00+00:00,W1152,wagon,arrived,T25,,
2159.5,2025-12-02T11:59:30+00:00,W10354,wagon,in_workshop,,,
2159.5,2025-12-02T11:59:30+00:00,W3950,wagon,in_workshop,,,
2165.5,2025-12-02T12:05:30+00:00,W10354,wagon,in_workshop,,,
2165.5,2025-12-02T12:05:30+00:00,W3950,wagon,in_workshop,,,
2165.5,2025-12-02T12:05:30+00:00,LOCO_01,locomotive,moving,,,
2170.5,2025-12-02T12:10:30+00:00,LOCO_01,locomotive,moving,,,
2181.5,2025-12-02T12:21:30+00:00,W12260,wagon,queued,,,
2181.5,2025-12-02T12:21:30+00:00,W0130,wagon,queued,,,
2181.5,2025-12-02T12:21:30+00:00,W9352,wagon,queued,,,
2196.5,2025-12-02T12:36:30+00:00,LOCO_02,locomotive,moving,,,
2203.5,2025-12-02T12:43:30+00:00,LOCO_02,locomotive,moving,,,
2211.5,2025-12-02T12:51:30+00:00,LOCO_02,locomotive,moving,,,
2211.5,2025-12-02T12:51:30+00:00,W12260,wagon,moving,,,
2211.5,2025-12-02T12:51:30+00:00,W0130,wagon,moving,,,
2216.5,2025-12-02T12:56:30+00:00,W12260,wagon,in_workshop,,,
2216.5,2025-12-02T12:56:30+00:00,W0130,wagon,in_workshop,,,
2222.5,2025-12-02T13:02:30+00:00,W12260,wagon,in_workshop,,,
2222.5,2025-12-02T13:02:30+00:00,W0130,wagon,in_workshop,,,
2222.5,2025-12-02T13:02:30+00:00,LOCO_02,locomotive,moving,,,
2225.5,2025-12-02T13:05:30+00:00,W10354,wagon,retrofitted,,,
2225.5,2025-12-02T13:05:30+00:00,W3950,wagon,retrofitted,,,
2227.5,2025-12-02T13:07:30+00:00,LOCO_02,locomotive,moving,,,
2230.5,2025-12-02T13:10:30+00:00,LOCO_01,locomotive,assigned,,,
2234.5,2025-12-02T13:14:30+00:00,LOCO_02,locomotive,moving,,,
2234.5,2025-12-02T13:14:30+00:00,W10354,wagon,moving,,,
2234.5,2025-12-02T13:14:30+00:00,W3950,wagon,moving,,,
2239.5,2025-12-02T13:19:30+00:00,LOCO_02,locomotive,moving,,,
2244.5,2025-12-02T13:24:30+00:00,LOCO_02,locomotive,assigned,,,
2244.5,2025-12-02T13:24:30+00:00,LOCO_02,locomotive,moving,,,
2245.5,2025-12-02T13:25:30+00:00,LOCO_01,locomotive,moving,,,
2245.5,2025-12-02T13:25:30+00:00,W7997,wagon,moving,,,
2245.5,2025-12-02T13:25:30+00:00,W8626,wagon,moving,,,
2245.5,2025-12-02T13:25:30+00:00,W9169,wagon,moving,,,
2245.5,2025-12-02T13:25:30+00:00,W9173,wagon,moving,,,
2245.5,2025-12-02T13:25:30+00:00,W9270,wagon,moving,,,
2245.5,2025-12-02T13:25:30+00:00,W9276,wagon,moving,,,
2245.5,2025-12-02T13:25:30+00:00,W11578,wagon,moving,,,
2253.5,2025-12-02T13:33:30+00:00,LOCO_02,locomotive,moving,,,
2258.0,2025-12-02T13:38:00+00:00,W11254,wagon,arrived,T26,,
2258.0,2025-12-02T13:38:00+00:00,W10878,wagon,arrived,T26,,
2258.0,2025-12-02T13:38:00+00:00,W10889,wagon,arrived,T26,,
2282.5,2025-12-02T14:02:30+00:00,W12260,wagon,retrofitted,,,
2282.5,2025-12-02T14:02:30+00:00,W0130,wagon,retrofitted,,,
2303.75,2025-12-02T14:23:45+00:00,W10134,wagon,rejected,T27,,NO_COLLECTION_TRACK
2303.75,2025-12-02T14:23:45+00:00,W11320,wagon,arrived,T27,,
2303.75,2025-12-02T14:23:45+00:00,W5833,wagon,arrived,T27,,
2303.75,2025-12-02T14:23:45+00:00,W6096,wagon,arrived,T27,,
2303.75,2025-12-02T14:23:45+00:00,W0874,wagon,arrived,T27,,
2303.75,2025-12-02T14:23:45+00:00,W10689,wagon,arrived,T27,,
2303.75,2025-12-02T14:23:45+00:00,W5838,wagon,arrived,T27,,
2303.75,2025-12-02T14:23:45+00:00,W11241,wagon,arrived,T27,,
2303.75,2025-12-02T14:23:45+00:00,W2444,wagon,arrived,T27,,
2305.5,2025-12-02T14:25:30+00:00,W7997,wagon,queued,,,
2305.5,2025-12-02T14:25:30+00:00,W8626,wagon,queued,,,
2305.5,2025-12-02T14:25:30+00:00,W9169,wagon,queued,,,
2305.5,2025-12-02T14:25:30+00:00,W9173,wagon,queued,,,
2305.5,2025-12-02T14:25:30+00:00,W9270,wagon,queued,,,
2305.5,2025-12-02T14:25:30+00:00,W9276,wagon,queued,,,
2305.5,2025-12-02T14:25:30+00:00,W11578,wagon,queued,,,
2324.25,2025-12-02T14:44:15+00:00,W7862,wagon,rejected,T28,,NO_COLLECTION_TRACK
2324.25,2025-12-02T14:44:15+00:00,W10284,wagon,rejected,T28,,NO_COLLECTION_TRACK
2324.25,2025-12-02T14:44:15+00:00,W2696,wagon,rejected,T28,,NO_COLLECTION_TRACK
2324.25,2025-12-02T14:44:15+00:00,W9329,wagon,arrived,T28,,
2344.5,2025-12-02T15:04:30+00:00,LOCO_01,locomotive,moving,,,
2349.5,2025-12-02T15:09:30+00:00,LOCO_01,locomotive,moving,,,
2356.5,2025-12-02T15:16:30+00:00,LOCO_01,locomotive,moving,,,
2356.5,2025-12-02T15:16:30+00:00,W12260,wagon,moving,,,
2356.5,2025-12-02T15:16:30+00:00,W0130,wagon,moving,,,
2361.5,2025-12-02T15:21:30+00:00,LOCO_01,locomotive,moving,,,
2366.5,2025-12-02T15:26:30+00:00,LOCO_01,locomotive,moving,,,
2374.5,2025-12-02T15:34:30+00:00,LOCO_01,locomotive,moving,,,
2374.5,2025-12-02T15:34:30+00:00,W9352,wagon,moving,,,
2379.0,2025-12-02T15:39:00+00:00,W7970,wagon,parked,,,
2379.0,2025-12-02T15:39:00+00:00,W4849,wagon,parked,,,
2379.0,2025-12-02T15:39:00+00:00,W2967,wagon,parked,,,
2379.0,2025-12-02T15:39:00+00:00,W9776,wagon,parked,,,
2379.0,2025-12-02T15:39:00+00:00,W12208,wagon,parked,,,
2379.0,2025-12-02T15:39:00+00:00,W11348,wagon,parked,,,
2379.0,2025-12-02T15:39:00+00:00,LOCO_02,locomotive,moving,,,
2379.5,2025-12-02T15:39:30+00:00,W9352,wagon,in_workshop,,,
2382.5,2025-12-02T15:42:30+00:00,W9352,wagon,in_workshop,,,
2382.5,2025-12-02T15:42:30+00:00,LOCO_01,locomotive,moving,,,
2389.5,2025-12-02T15:49:30+00:00,LOCO_01,locomotive,moving,,,
2397.5,2025-12-02T15:57:30+00:00,LOCO_01,locomotive,moving,,,
2397.5,2025-12-02T15:57:30+00:00,W7997,wagon,moving,,,
2397.5,2025-12-02T15:57:30+00:00,W8626,wagon,moving,,,
2402.5,2025-12-02T16:02:30+00:00,W7997,wagon,in_workshop,,,
2402.5,2025-12-02T16:02:30+00:00,W8626,wagon,in_workshop,,,
2408.5,2025-12-02T16:08:30+00:00,W7997,wagon,in_workshop,,,
2408.5,2025-12-02T16:08:30+00:00,W8626,wagon,in_workshop,,,
2408.5,2025-12-02T16:08:30+00:00,LOCO_01,locomotive,moving,,,
2439.0,2025-12-02T16:39:00+00:00,LOCO_01,locomotive,assigned,,,
2439.0,2025-12-02T16:39:00+00:00,LOCO_01,locomotive,moving,,,
2442.5,2025-12-02T16:42:30+00:00,W9352,wagon,retrofitted,,,
2442.5,2025-12-02T16:42:30+00:00,LOCO_02,locomotive,moving,,,
2449.0,2025-12-02T16:49:00+00:00,LOCO_01,locomotive,moving,,,
2449.0,2025-12-02T16:49:00+00:00,LOCO_02,locomotive,moving,,,
2449.0,2025-12-02T16:49:00+00:00,W9352,wagon,moving,,,
2454.0,2025-12-02T16:54:00+00:00,LOCO_02,locomotive,moving,,,
2461.0,2025-12-02T17:01:00+00:00,LOCO_02,locomotive,moving,,,
2468.5,2025-12-02T17:08:30+00:00,W7997,wagon,retrofitted,,,
2468.5,2025-12-02T17:08:30+00:00,W8626,wagon,retrofitted,,,
2469.0,2025-12-02T17:09:00+00:00,LOCO_02,locomotive,moving,,,
2469.0,2025-12-02T17:09:00+00:00,W9169,wagon,moving,,,
2469.0,2025-12-02T17:09:00+00:00,W9173,wagon,moving,,,
2474.0,2025-12-02T17:14:00+00:00,W9169,wagon,in_workshop,,,
2474.0,2025-12-02T17:14:00+00:00,W9173,wagon,in_workshop,,,
2480.0,2025-12-02T17:20:00+00:00,W9169,wagon,in_workshop,,,
2480.0,2025-12-02T17:20:00+00:00,W9173,wagon,in_workshop,,,
2480.0,2025-12-02T17:20:00+00:00,LOCO_02,locomotive,moving,,,
2484.75,2025-12-02T17:24:45+00:00,W5403,wagon,rejected,T29,,NO_COLLECTION_TRACK
2484.75,2025-12-02T17:24:45+00:00,W8549,wagon,rejected,T29,,NO_COLLECTION_TRACK
2484.75,2025-12-02T17:24:45+00:00,W9401,wagon,rejected,T29,,NO_COLLECTION_TRACK
2484.75,2025-12-02T17:24:45+00:00,W5978,wagon,arrived,T29,,
2484.75,2025-12-02T17:24:45+00:00,W5686,wagon,arrived,T29,,
2485.0,2025-12-02T17:25:00+00:00,LOCO_02,locomotive,moving,,,
2492.0,2025-12-02T17:32:00+00:00,LOCO_02,locomotive,moving,,,
2492.0,2025-12-02T17:32:00+00:00,W7997,wagon,moving,,,
2492.0,2025-12-02T17:32:00+00:00,W8626,wagon,moving,,,
2497.0,2025-12-02T17:37:00+00:00,LOCO_02,locomotive,moving,,,
2502.0,2025-12-02T17:42:00+00:00,LOCO_02,locomotive,moving,,,
2523.0,2025-12-02T18:03:00+00:00,W8467,wagon,rejected,T30,,NO_COLLECTION_TRACK
2523.0,2025-12-02T18:03:00+00:00,W11192,wagon,rejected,T30,,NO_COLLECTION_TRACK
2523.0,2025-12-02T18:03:00+00:00,W11193,wagon,rejected,T30,,NO_COLLECTION_TRACK
2529.25,2025-12-02T18:09:15+00:00,W10099,wagon,rejected,T31,,NO_COLLECTION_TRACK
2529.25,2025-12-02T18:09:15+00:00,W3424,wagon,rejected,T31,,NO_COLLECTION_TRACK
2529.25,2025-12-02T18:09:15+00:00,W11541,wagon,rejected,T31,,NO_COLLECTION_TRACK
2529.25,2025-12-02T18:09:15+00:00,W8706,wagon,rejected,T31,,NO_COLLECTION_TRACK
2529.25,2025-12-02T18:09:15+00:00,W10826,wagon,rejected,T31,,NO_COLLECTION_TRACK
2529.25,2025-12-02T18:09:15+00:00,W10396,wagon,rejected,T31,,NO_COLLECTION_TRACK
2540.0,2025-12-02T18:20:00+00:00,W9169,wagon,retrofitted,,,
2540.0,2025-12-02T18:20:00+00:00,W9173,wagon,retrofitted,,,
2562.0,2025-12-02T18:42:00+00:00,LOCO_02,locomotive,assigned,,,
2571.5,2025-12-02T18:51:30+00:00,W12313,wagon,rejected,T32,,NO_COLLECTION_TRACK
2571.5,2025-12-02T18:51:30+00:00,W11361,wagon,arrived,T32,,
2574.0,2025-12-02T18:54:00+00:00,W5897,wagon,rejected,T33,,NO_COLLECTION_TRACK
2574.0,2025-12-02T18:54:00+00:00,W6930,wagon,rejected,T33,,NO_COLLECTION_TRACK
2574.0,2025-12-02T18:54:00+00:00,W6224,wagon,rejected,T33,,NO_COLLECTION_TRACK
2576.5,2025-12-02T18:56:30+00:00,W12037,wagon,parked,,,
2576.5,2025-12-02T18:56:30+00:00,W0440,wagon,parked,,,
2576.5,2025-12-02T18:56:30+00:00,W11988,wagon,parked,,,
2576.5,2025-12-02T18:56:30+00:00,W11467,wagon,parked,,,
2576.5,2025-12-02T18:56:30+00:00,W10354,wagon,parked,,,
2576.5,2025-12-02T18:56:30+00:00,W3950,wagon,parked,,,
2576.5,2025-12-02T18:56:30+00:00,W12260,wagon,parked,,,
2576.5,2025-12-02T18:56:30+00:00,W0130,wagon,parked,,,
2576.5,2025-12-02T18:56:30+00:00,LOCO_01,locomotive,moving,,,
2579.0,2025-12-02T18:59:00+00:00,LOCO_02,locomotive,moving,,,
2579.0,2025-12-02T18:59:00+00:00,W2980,wagon,moving,,,
2579.0,2025-12-02T18:59:00+00:00,W2406,wagon,moving,,,
2579.0,2025-12-02T18:59:00+00:00,W2399,wagon,moving,,,
2579.0,2025-12-02T18:59:00+00:00,W9868,wagon,moving,,,
2579.0,2025-12-02T18:59:00+00:00,W12060,wagon,moving,,,
2579.0,2025-12-02T18:59:00+00:00,W12210,wagon,moving,,,
2579.0,2025-12-02T18:59:00+00:00,W8636,wagon,moving,,,
2579.0,2025-12-02T18:59:00+00:00,W10949,wagon,moving,,,
2636.5,2025-12-02T19:56:30+00:00,LOCO_01,locomotive,moving,,,
2639.0,2025-12-02T19:59:00+00:00,W2980,wagon,queued,,,
2639.0,2025-12-02T19:59:00+00:00,W2406,wagon,queued,,,
2639.0,2025-12-02T19:59:00+00:00,W2399,wagon,queued,,,
2639.0,2025-12-02T19:59:00+00:00,W9868,wagon,queued,,,
2639.0,2025-12-02T19:59:00+00:00,W12060,wagon,queued,,,
2639.0,2025-12-02T19:59:00+00:00,W12210,wagon,queued,,,
2639.0,2025-12-02T19:59:00+00:00,W8636,wagon,queued,,,
2639.0,2025-12-02T19:59:00+00:00,W10949,wagon,queued,,,
2643.5,2025-12-02T20:03:30+00:00,LOCO_01,locomotive,moving,,,
2643.5,2025-12-02T20:03:30+00:00,W9169,wagon,moving,,,
2643.5,2025-12-02T20:03:30+00:00,W9173,wagon,moving,,,
2648.5,2025-12-02T20:08:30+00:00,LOCO_01,locomotive,moving,,,
2655.5,2025-12-02T20:15:30+00:00,LOCO_01,locomotive,moving,,,
2663.5,2025-12-02T20:23:30+00:00,LOCO_01,locomotive,moving,,,
2663.5,2025-12-02T20:23:30+00:00,W9270,wagon,moving,,,
2663.5,2025-12-02T20:23:30+00:00,W9276,wagon,moving,,,
2666.75,2025-12-02T20:26:45+00:00,W12077,wagon,rejected,T34,,NO_COLLECTION_TRACK
2666.75,2025-12-02T20:26:45+00:00,W11766,wagon,rejected,T34,,NO_COLLECTION_TRACK
2666.75,2025-12-02T20:26:45+00:00,W4793,wagon,rejected,T34,,NO_COLLECTION_TRACK
2666.75,2025-12-02T20:26:45+00:00,W11718,wagon,rejected,T34,,NO_COLLECTION_TRACK
2666.75,2025-12-02T20:26:45+00:00,W8527,wagon,rejected,T34,,NO_COLLECTION_TRACK
2666.75,2025-12-02T20:26:45+00:00,W0043,wagon,rejected,T34,,NO_COLLECTION_TRACK
2668.5,2025-12-02T20:28:30+00:00,W9270,wagon,in_workshop,,,
2668.5,2025-12-02T20:28:30+00:00,W9276,wagon,in_workshop,,,
2674.5,2025-12-02T20:34:30+00:00,W9270,wagon,in_workshop,,,
2674.5,2025-12-02T20:34:30+00:00,W9276,wagon,in_workshop,,,
2674.5,2025-12-02T20:34:30+00:00,LOCO_01,locomotive,moving,,,
2681.5,2025-12-02T20:41:30+00:00,LOCO_01,locomotive,moving,,,
2684.0,2025-12-02T20:44:00+00:00,LOCO_02,locomotive,moving,,,
2689.0,2025-12-02T20:49:00+00:00,LOCO_02,locomotive,moving,,,
2689.5,2025-12-02T20:49:30+00:00,LOCO_01,locomotive,moving,,,
2689.5,2025-12-02T20:49:30+00:00,W11578,wagon,moving,,,
2689.5,2025-12-02T20:49:30+00:00,W2980,wagon,moving,,,
2694.5,2025-12-02T20:54:30+00:00,W11578,wagon,in_workshop,,,
2694.5,2025-12-02T20:54:30+00:00,W2980,wagon,in_workshop,,,
2700.5,2025-12-02T21:00:30+00:00,W11578,wagon,in_workshop,,,
2700.5,2025-12-02T21:00:30+00:00,W2980,wagon,in_workshop,,,
2700.5,2025-12-02T21:00:30+00:00,LOCO_01,locomotive,moving,,,
2705.5,2025-12-02T21:05:30+00:00,LOCO_01,locomotive,assigned,,,
2705.5,2025-12-02T21:05:30+00:00,LOCO_01,locomotive,moving,,,
2713.0,2025-12-02T21:13:00+00:00,LOCO_01,locomotive,moving,,,
2717.75,2025-12-02T21:17:45+00:00,W2772,wagon,arrived,T35,,
2717.75,2025-12-02T21:17:45+00:00,W3651,wagon,arrived,T35,,
2717.75,2025-12-02T21:17:45+00:00,W4026,wagon,arrived,T35,,
2717.75,2025-12-02T21:17:45+00:00,W2716,wagon,arrived,T35,,
2717.75,2025-12-02T21:17:45+00:00,W11989,wagon,arrived,T35,,
2717.75,2025-12-02T21:17:45+00:00,W10725,wagon,arrived,T35,,
2717.75,2025-12-02T21:17:45+00:00,W10728,wagon,arrived,T35,,
2734.5,2025-12-02T21:34:30+00:00,W9270,wagon,retrofitted,,,
2734.5,2025-12-02T21:34:30+00:00,W9276,wagon,retrofitted,,,
2749.0,2025-12-02T21:49:00+00:00,LOCO_02,locomotive,assigned,,,
2752.0,2025-12-02T21:52:00+00:00,LOCO_02,locomotive,moving,,,
2752.0,2025-12-02T21:52:00+00:00,W0623,wagon,moving,,,
2760.5,2025-12-02T22:00:30+00:00,W11578,wagon,retrofitted,,,
2760.5,2025-12-02T22:00:30+00:00,W2980,wagon,retrofitted,,,
2812.0,2025-12-02T22:52:00+00:00,W0623,wagon,queued,,,
2815.0,2025-12-02T22:55:00+00:00,LOCO_02,locomotive,moving,,,
2820.0,2025-12-02T23:00:00+00:00,LOCO_02,locomotive,moving,,,
2827.0,2025-12-02T23:07:00+00:00,LOCO_02,locomotive,moving,,,
2827.0,2025-12-02T23:07:00+00:00,W9270,wagon,moving,,,
2827.0,2025-12-02T23:07:00+00:00,W9276,wagon,moving,,,
2832.0,2025-12-02T23:12:00+00:00,LOCO_02,locomotive,moving,,,
2835.5,2025-12-02T23:15:30+00:00,W9352,wagon,parked,,,
2835.5,2025-12-02T23:15:30+00:00,W7997,wagon,parked,,,
2835.5,2025-12-02T23:15:30+00:00,W8626,wagon,parked,,,
2835.5,2025-12-02T23:15:30+00:00,LOCO_01,locomotive,moving,,,
2837.0,2025-12-02T23:17:00+00:00,LOCO_02,locomotive,moving,,,
2844.0,2025-12-02T23:24:00+00:00,LOCO_02,locomotive,moving,,,
2844.0,2025-12-02T23:24:00+00:00,W11578,wagon,moving,,,
2844.0,2025-12-02T23:24:00+00:00,W2980,wagon,moving,,,
2844.75,2025-12-02T23:24:45+00:00,W7263,wagon,rejected,T36,,NO_COLLECTION_TRACK
2844.75,2025-12-02T23:24:45+00:00,W6339,wagon,rejected,T36,,NO_COLLECTION_TRACK
2844.75,2025-12-02T23:24:45+00:00,W3618,wagon,rejected,T36,,NO_COLLECTION_TRACK
2844.75,2025-12-02T23:24:45+00:00,W7252,wagon,rejected,T36,,NO_COLLECTION_TRACK
2844.75,2025-12-02T23:24:45+00:00,W7261,wagon,arrived,T36,,
2849.0,2025-12-02T23:29:00+00:00,LOCO_02,locomotive,moving,,,
2856.0,2025-12-02T23:36:00+00:00,LOCO_02,locomotive,moving,,,
2864.0,2025-12-02T23:44:00+00:00,LOCO_02,locomotive,moving,,,
2864.0,2025-12-02T23:44:00+00:00,W2406,wagon,moving,,,
2864.0,2025-12-02T23:44:00+00:00,W2399,wagon,moving,,,
2869.0,2025-12-02T23:49:00+00:00,W2406,wagon,in_workshop,,,
2869.0,2025-12-02T23:49:00+00:00,W2399,wagon,in_workshop,,,
2875.0,2025-12-02T23:55:00+00:00,W2406,wagon,in_workshop,,,
2875.0,2025-12-02T23:55:00+00:00,W2399,wagon,in_workshop,,,
2875.0,2025-12-02T23:55:00+00:00,LOCO_02,locomotive,moving,,,
2882.0,2025-12-03T00:02:00+00:00,LOCO_02,locomotive,moving,,,
2890.0,2025-12-03T00:10:00+00:00,LOCO_02,locomotive,moving,,,
2890.0,2025-12-03T00:10:00+00:00,W9868,wagon,moving,,,
2890.0,2025-12-03T00:10:00+00:00,W12060,wagon,moving,,,
2894.75,2025-12-03T00:14:45+00:00,W6352,wagon,rejected,T37,,NO_COLLECTION_TRACK
2894.75,2025-12-03T00:14:45+00:00,W10321,wagon,rejected,T37,,NO_COLLECTION_TRACK
2894.75,2025-12-03T00:14:45+00:00,W7806,wagon,rejected,T37,,NO_COLLECTION_TRACK
2895.0,2025-12-03T00:15:00+00:00,W9868,wagon,in_workshop,,,
2895.0,2025-12-03T00:15:00+00:00,W12060,wagon,in_workshop,,,
2895.5,2025-12-03T00:15:30+00:00,LOCO_01,locomotive,moving,,,
2901.0,2025-12-03T00:21:00+00:00,W9868,wagon,in_workshop,,,
2901.0,2025-12-03T00:21:00+00:00,W12060,wagon,in_workshop,,,
2901.0,2025-12-03T00:21:00+00:00,LOCO_02,locomotive,moving,,,
2906.0,2025-12-03T00:26:00+00:00,LOCO_02,locomotive,moving,,,
2935.0,2025-12-03T00:55:00+00:00,W2406,wagon,retrofitted,,,
2935.0,2025-12-03T00:55:00+00:00,W2399,wagon,retrofitted,,,
2950.25,2025-12-03T01:10:15+00:00,W4726,wagon,rejected,T38,,NO_COLLECTION_TRACK
2950.25,2025-12-03T01:10:15+00:00,W4701,wagon,rejected,T38,,NO_COLLECTION_TRACK
2950.25,2025-12-03T01:10:15+00:00,W4754,wagon,rejected,T38,,NO_COLLECTION_TRACK
2954.25,2025-12-03T01:14:15+00:00,W1906,wagon,rejected,T39,,No Retrofit Needed
2954.25,2025-12-03T01:14:15+00:00,W3811,wagon,rejected,T39,,No Retrofit Needed
2954.25,2025-12-03T01:14:15+00:00,W3173,wagon,rejected,T39,,No Retrofit Needed
2954.25,2025-12-03T01:14:15+00:00,W4666,wagon,rejected,T39,,No Retrofit Needed
2955.5,2025-12-03T01:15:30+00:00,LOCO_01,locomotive,assigned,,,
2961.0,2025-12-03T01:21:00+00:00,W9868,wagon,retrofitted,,,
2961.0,2025-12-03T01:21:00+00:00,W12060,wagon,retrofitted,,,
2966.0,2025-12-03T01:26:00+00:00,LOCO_02,locomotive,assigned,,,
2969.0,2025-12-03T01:29:00+00:00,LOCO_02,locomotive,moving,,,
2969.0,2025-12-03T01:29:00+00:00,W11970,wagon,moving,,,
2970.5,2025-12-03T01:30:30+00:00,LOCO_01,locomotive,moving,,,
2970.5,2025-12-03T01:30:30+00:00,W8631,wagon,moving,,,
2970.5,2025-12-03T01:30:30+00:00,W9392,wagon,moving,,,
2970.5,2025-12-03T01:30:30+00:00,W9274,wagon,moving,,,
2970.5,2025-12-03T01:30:30+00:00,W8613,wagon,moving,,,
2970.5,2025-12-03T01:30:30+00:00,W10130,wagon,moving,,,
2970.5,2025-12-03T01:30:30+00:00,W9721,wagon,moving,,,
2970.5,2025-12-03T01:30:30+00:00,W9756,wagon,moving,,,
3026.75,2025-12-03T02:26:45+00:00,W7155,wagon,rejected,T40,,NO_COLLECTION_TRACK
3026.75,2025-12-03T02:26:45+00:00,W7258,wagon,rejected,T40,,NO_COLLECTION_TRACK
3026.75,2025-12-03T02:26:45+00:00,W9495,wagon,rejected,T40,,NO_COLLECTION_TRACK
3029.0,2025-12-03T02:29:00+00:00,W11970,wagon,queued,,,
3030.5,2025-12-03T02:30:30+00:00,W8631,wagon,queued,,,
3030.5,2025-12-03T02:30:30+00:00,W9392,wagon,queued,,,
3030.5,2025-12-03T02:30:30+00:00,W9274,wagon,queued,,,
3030.5,2025-12-03T02:30:30+00:00,W8613,wagon,queued,,,
3030.5,2025-12-03T02:30:30+00:00,W10130,wagon,queued,,,
3030.5,2025-12-03T02:30:30+00:00,W9721,wagon,queued,,,
3030.5,2025-12-03T02:30:30+00:00,W9756,wagon,queued,,,
3032.0,2025-12-03T02:32:00+00:00,LOCO_02,locomotive,moving,,,
3037.0,2025-12-03T02:37:00+00:00,LOCO_02,locomotive,moving,,,
3044.0,2025-12-03T02:44:00+00:00,LOCO_02,locomotive,moving,,,
3044.0,2025-12-03T02:44:00+00:00,W2406,wagon,moving,,,
3044.0,2025-12-03T02:44:00+00:00,W2399,wagon,moving,,,
3049.0,2025-12-03T02:49:00+00:00,LOCO_02,locomotive,moving,,,
3054.0,2025-12-03T02:54:00+00:00,LOCO_02,locomotive,moving,,,
3061.0,2025-12-03T03:01:00+00:00,LOCO_02,locomotive,moving,,,
3061.0,2025-12-03T03:01:00+00:00,W9868,wagon,moving,,,
3061.0,2025-12-03T03:01:00+00:00,W12060,wagon,moving,,,
3064.0,2025-12-03T03:04:00+00:00,W11014,wagon,arrived,T41,,
3064.0,2025-12-03T03:04:00+00:00,W9040,wagon,arrived,T41,,
3064.0,2025-12-03T03:04:00+00:00,W9345,wagon,arrived,T41,,
3066.0,2025-12-03T03:06:00+00:00,LOCO_02,locomotive,moving,,,
3069.5,2025-12-03T03:09:30+00:00,LOCO_01,locomotive,moving,,,
3073.0,2025-12-03T03:13:00+00:00,LOCO_02,locomotive,moving,,,
3076.5,2025-12-03T03:16:30+00:00,LOCO_01,locomotive,moving,,,
3081.0,2025-12-03T03:21:00+00:00,LOCO_02,locomotive,moving,,,
3081.0,2025-12-03T03:21:00+00:00,W12210,wagon,moving,,,
3081.0,2025-12-03T03:21:00+00:00,W8636,wagon,moving,,,
3084.5,2025-12-03T03:24:30+00:00,LOCO_01,locomotive,moving,,,
3084.5,2025-12-03T03:24:30+00:00,W10949,wagon,moving,,,
3084.5,2025-12-03T03:24:30+00:00,W0623,wagon,moving,,,
3086.0,2025-12-03T03:26:00+00:00,W12210,wagon,in_workshop,,,
3086.0,2025-12-03T03:26:00+00:00,W8636,wagon,in_workshop,,,
3089.5,2025-12-03T03:29:30+00:00,W10949,wagon,in_workshop,,,
3089.5,2025-12-03T03:29:30+00:00,W0623,wagon,in_workshop,,,
3092.0,2025-12-03T03:32:00+00:00,W12210,wagon,in_workshop,,,
3092.0,2025-12-03T03:32:00+00:00,W8636,wagon,in_workshop,,,
3092.0,2025-12-03T03:32:00+00:00,LOCO_02,locomotive,moving,,,
3095.5,2025-12-03T03:35:30+00:00,W10949,wagon,in_workshop,,,
3095.5,2025-12-03T03:35:30+00:00,W0623,wagon,in_workshop,,,
3095.5,2025-12-03T03:35:30+00:00,LOCO_01,locomotive,moving,,,
3097.0,2025-12-03T03:37:00+00:00,LOCO_02,locomotive,assigned,,,
3097.0,2025-12-03T03:37:00+00:00,LOCO_02,locomotive,moving,,,
3106.0,2025-12-03T03:46:00+00:00,LOCO_02,locomotive,moving,,,
3152.0,2025-12-03T04:32:00+00:00,W12210,wagon,retrofitted,,,
3152.0,2025-12-03T04:32:00+00:00,W8636,wagon,retrofitted,,,
3152.5,2025-12-03T04:32:30+00:00,LOCO_01,locomotive,moving,,,
3155.5,2025-12-03T04:35:30+00:00,W10949,wagon,retrofitted,,,
3155.5,2025-12-03T04:35:30+00:00,W0623,wagon,retrofitted,,,
3159.5,2025-12-03T04:39:30+00:00,LOCO_01,locomotive,moving,,,
3159.5,2025-12-03T04:39:30+00:00,W12210,wagon,moving,,,
3159.5,2025-12-03T04:39:30+00:00,W8636,wagon,moving,,,
3164.5,2025-12-03T04:44:30+00:00,LOCO_01,locomotive,moving,,,
3169.5,2025-12-03T04:49:30+00:00,LOCO_01,locomotive,moving,,,
3176.5,2025-12-03T04:56:30+00:00,LOCO_01,locomotive,moving,,,
3176.5,2025-12-03T04:56:30+00:00,W10949,wagon,moving,,,
3176.5,2025-12-03T04:56:30+00:00,W0623,wagon,moving,,,
3181.5,2025-12-03T05:01:30+00:00,LOCO_01,locomotive,moving,,,
3188.5,2025-12-03T05:08:30+00:00,LOCO_01,locomotive,moving,,,
3190.75,2025-12-03T05:10:45+00:00,W7115,wagon,arrived,T42,,
3190.75,2025-12-03T05:10:45+00:00,W11723,wagon,arrived,T42,,
3190.75,2025-12-03T05:10:45+00:00,W8675,wagon,arrived,T42,,
3190.75,2025-12-03T05:10:45+00:00,W10706,wagon,arrived,T42,,
3190.75,2025-12-03T05:10:45+00:00,W9959,wagon,arrived,T42,,
3196.5,2025-12-03T05:16:30+00:00,LOCO_01,locomotive,moving,,,
3196.5,2025-12-03T05:16:30+00:00,W11970,wagon,moving,,,
3196.5,2025-12-03T05:16:30+00:00,W8631,wagon,moving,,,
3201.5,2025-12-03T05:21:30+00:00,W11970,wagon,in_workshop,,,
3201.5,2025-12-03T05:21:30+00:00,W8631,wagon,in_workshop,,,
3207.5,2025-12-03T05:27:30+00:00,W11970,wagon,in_workshop,,,
3207.5,2025-12-03T05:27:30+00:00,W8631,wagon,in_workshop,,,
3207.5,2025-12-03T05:27:30+00:00,LOCO_01,locomotive,moving,,,
3214.5,2025-12-03T05:34:30+00:00,LOCO_01,locomotive,moving,,,
3222.5,2025-12-03T05:42:30+00:00,LOCO_01,locomotive,moving,,,
3222.5,2025-12-03T05:42:30+00:00,W9392,wagon,moving,,,
3222.5,2025-12-03T05:42:30+00:00,W9274,wagon,moving,,,
3227.5,2025-12-03T05:47:30+00:00,W9392,wagon,in_workshop,,,
3227.5,2025-12-03T05:47:30+00:00,W9274,wagon,in_workshop,,,
3231.5,2025-12-03T05:51:30+00:00,W9169,wagon,parked,,,
3231.5,2025-12-03T05:51:30+00:00,W9173,wagon,parked,,,
3231.5,2025-12-03T05:51:30+00:00,W9270,wagon,parked,,,
3231.5,2025-12-03T05:51:30+00:00,W9276,wagon,parked,,,
3231.5,2025-12-03T05:51:30+00:00,W11578,wagon,parked,,,
3231.5,2025-12-03T05:51:30+00:00,W2980,wagon,parked,,,
3231.5,2025-12-03T05:51:30+00:00,LOCO_02,locomotive,moving,,,
3233.5,2025-12-03T05:53:30+00:00,W9392,wagon,in_workshop,,,
3233.5,2025-12-03T05:53:30+00:00,W9274,wagon,in_workshop,,,
3233.5,2025-12-03T05:53:30+00:00,LOCO_01,locomotive,moving,,,
3237.25,2025-12-03T05:57:15+00:00,W4849,wagon,rejected,T43,,No Retrofit Needed
3238.5,2025-12-03T05:58:30+00:00,LOCO_01,locomotive,moving,,,
3239.25,2025-12-03T05:59:15+00:00,W5127,wagon,rejected,T44,,NO_COLLECTION_TRACK
3239.25,2025-12-03T05:59:15+00:00,W8705,wagon,arrived,T44,,
3267.5,2025-12-03T06:27:30+00:00,W11970,wagon,retrofitted,,,
3267.5,2025-12-03T06:27:30+00:00,W8631,wagon,retrofitted,,,
3287.25,2025-12-03T06:47:15+00:00,W6213,wagon,rejected,T45,,NO_COLLECTION_TRACK
3287.25,2025-12-03T06:47:15+00:00,W1578,wagon,rejected,T45,,NO_COLLECTION_TRACK
3291.5,2025-12-03T06:51:30+00:00,LOCO_02,locomotive,moving,,,
3293.5,2025-12-03T06:53:30+00:00,W9392,wagon,retrofitted,,,
3293.5,2025-12-03T06:53:30+00:00,W9274,wagon,retrofitted,,,
3298.5,2025-12-03T06:58:30+00:00,LOCO_01,locomotive,assigned,,,
3298.5,2025-12-03T06:58:30+00:00,LOCO_02,locomotive,moving,,,
3298.5,2025-12-03T06:58:30+00:00,W11970,wagon,moving,,,
3298.5,2025-12-03T06:58:30+00:00,W8631,wagon,moving,,,
3299.0,2025-12-03T06:59:00+00:00,W9274,wagon,rejected,T46,,No Retrofit Needed
3299.0,2025-12-03T06:59:00+00:00,W9352,wagon,rejected,T46,,No Retrofit Needed
3299.0,2025-12-03T06:59:00+00:00,W5403,wagon,rejected,T46,,No Retrofit Needed
3299.0,2025-12-03T06:59:00+00:00,W10886,wagon,rejected,T46,,NO_COLLECTION_TRACK
3303.5,2025-12-03T07:03:30+00:00,LOCO_02,locomotive,moving,,,
3307.5,2025-12-03T07:07:30+00:00,LOCO_01,locomotive,moving,,,
3307.5,2025-12-03T07:07:30+00:00,W3173,wagon,moving,,,
3307.5,2025-12-03T07:07:30+00:00,W5038,wagon,moving,,,
3307.5,2025-12-03T07:07:30+00:00,W11261,wagon,moving,,,
3307.5,2025-12-03T07:07:30+00:00,W11259,wagon,moving,,,
3308.5,2025-12-03T07:08:30+00:00,LOCO_02,locomotive,moving,,,
3315.5,2025-12-03T07:15:30+00:00,LOCO_02,locomotive,moving,,,
3315.5,2025-12-03T07:15:30+00:00,W9392,wagon,moving,,,
3315.5,2025-12-03T07:15:30+00:00,W9274,wagon,moving,,,
3320.5,2025-12-03T07:20:30+00:00,LOCO_02,locomotive,moving,,,
3325.5,2025-12-03T07:25:30+00:00,LOCO_02,locomotive,assigned,,,
3325.5,2025-12-03T07:25:30+00:00,LOCO_02,locomotive,moving,,,
3335.5,2025-12-03T07:35:30+00:00,LOCO_02,locomotive,moving,,,
3367.5,2025-12-03T08:07:30+00:00,W3173,wagon,queued,,,
3367.5,2025-12-03T08:07:30+00:00,W5038,wagon,queued,,,
3367.5,2025-12-03T08:07:30+00:00,W11261,wagon,queued,,,
3367.5,2025-12-03T08:07:30+00:00,W11259,wagon,queued,,,
3383.0,2025-12-03T08:23:00+00:00,W5446,wagon,rejected,T47,,NO_COLLECTION_TRACK
3383.0,2025-12-03T08:23:00+00:00,W10881,wagon,rejected,T47,,NO_COLLECTION_TRACK
3383.0,2025-12-03T08:23:00+00:00,W10924,wagon,rejected,T47,,NO_COLLECTION_TRACK
3383.0,2025-12-03T08:23:00+00:00,W0678,wagon,rejected,T47,,NO_COLLECTION_TRACK
3383.0,2025-12-03T08:23:00+00:00,W4655,wagon,rejected,T47,,NO_COLLECTION_TRACK
3383.0,2025-12-03T08:23:00+00:00,W5705,wagon,rejected,T47,,NO_COLLECTION_TRACK
3388.5,2025-12-03T08:28:30+00:00,LOCO_01,locomotive,moving,,,
3395.5,2025-12-03T08:35:30+00:00,LOCO_01,locomotive,moving,,,
3403.5,2025-12-03T08:43:30+00:00,LOCO_01,locomotive,moving,,,
3403.5,2025-12-03T08:43:30+00:00,W8613,wagon,moving,,,
3403.5,2025-12-03T08:43:30+00:00,W10130,wagon,moving,,,
3408.5,2025-12-03T08:48:30+00:00,W8613,wagon,in_workshop,,,
3408.5,2025-12-03T08:48:30+00:00,W10130,wagon,in_workshop,,,
3414.5,2025-12-03T08:54:30+00:00,W8613,wagon,in_workshop,,,
3414.5,2025-12-03T08:54:30+00:00,W10130,wagon,in_workshop,,,
3414.5,2025-12-03T08:54:30+00:00,LOCO_01,locomotive,moving,,,
3421.5,2025-12-03T09:01:30+00:00,LOCO_01,locomotive,moving,,,
3429.5,2025-12-03T09:09:30+00:00,LOCO_01,locomotive,moving,,,
3429.5,2025-12-03T09:09:30+00:00,W9721,wagon,moving,,,
3429.5,2025-12-03T09:09:30+00:00,W9756,wagon,moving,,,
3434.5,2025-12-03T09:14:30+00:00,W9721,wagon,in_workshop,,,
3434.5,2025-12-03T09:14:30+00:00,W9756,wagon,in_workshop,,,
3440.5,2025-12-03T09:20:30+00:00,W9721,wagon,in_workshop,,,
3440.5,2025-12-03T09:20:30+00:00,W9756,wagon,in_workshop,,,
3440.5,2025-12-03T09:20:30+00:00,LOCO_01,locomotive,moving,,,
3445.5,2025-12-03T09:25:30+00:00,LOCO_01,locomotive,moving,,,
3463.0,2025-12-03T09:43:00+00:00,W2406,wagon,parked,,,
3463.0,2025-12-03T09:43:00+00:00,W2399,wagon,parked,,,
3463.0,2025-12-03T09:43:00+00:00,W9868,wagon,parked,,,
3463.0,2025-12-03T09:43:00+00:00,W12060,wagon,parked,,,
3463.0,2025-12-03T09:43:00+00:00,W12210,wagon,parked,,,
3463.0,2025-12-03T09:43:00+00:00,W8636,wagon,parked,,,
3463.0,2025-12-03T09:43:00+00:00,W10949,wagon,parked,,,
3463.0,2025-12-03T09:43:00+00:00,W0623,wagon,parked,,,
3463.0,2025-12-03T09:43:00+00:00,LOCO_02,locomotive,moving,,,
3474.5,2025-12-03T09:54:30+00:00,W8613,wagon,retrofitted,,,
3474.5,2025-12-03T09:54:30+00:00,W10130,wagon,retrofitted,,,
3500.5,2025-12-03T10:20:30+00:00,W9721,wagon,retrofitted,,,
3500.5,2025-12-03T10:20:30+00:00,W9756,wagon,retrofitted,,,
3505.5,2025-12-03T10:25:30+00:00,LOCO_01,locomotive,assigned,,,
3518.5,2025-12-03T10:38:30+00:00,LOCO_01,locomotive,moving,,,
3518.5,2025-12-03T10:38:30+00:00,W9174,wagon,moving,,,
3518.5,2025-12-03T10:38:30+00:00,W6140,wagon,moving,,,
3518.5,2025-12-03T10:38:30+00:00,W10364,wagon,moving,,,
3518.5,2025-12-03T10:38:30+00:00,W6077,wagon,moving,,,
3518.5,2025-12-03T10:38:30+00:00,W11254,wagon,moving,,,
3518.5,2025-12-03T10:38:30+00:00,W10878,wagon,moving,,,
3523.0,2025-12-03T10:43:00+00:00,LOCO_02,locomotive,moving,,,
3530.0,2025-12-03T10:50:00+00:00,LOCO_02,locomotive,moving,,,
3530.0,2025-12-03T10:50:00+00:00,W8613,wagon,moving,,,
3530.0,2025-12-03T10:50:00+00:00,W10130,wagon,moving,,,
3535.0,2025-12-03T10:55:00+00:00,LOCO_02,locomotive,moving,,,
3540.0,2025-12-03T11:00:00+00:00,LOCO_02,locomotive,moving,,,
3547.0,2025-12-03T11:07:00+00:00,LOCO_02,locomotive,moving,,,
3547.0,2025-12-03T11:07:00+00:00,W9721,wagon,moving,,,
3547.0,2025-12-03T11:07:00+00:00,W9756,wagon,moving,,,
3552.0,2025-12-03T11:12:00+00:00,LOCO_02,locomotive,moving,,,
3557.75,2025-12-03T11:17:45+00:00,W5057,wagon,arrived,T48,,
3557.75,2025-12-03T11:17:45+00:00,W4522,wagon,arrived,T48,,
3557.75,2025-12-03T11:17:45+00:00,W4479,wagon,arrived,T48,,
3559.0,2025-12-03T11:19:00+00:00,LOCO_02,locomotive,moving,,,
3567.0,2025-12-03T11:27:00+00:00,LOCO_02,locomotive,moving,,,
3567.0,2025-12-03T11:27:00+00:00,W3173,wagon,moving,,,
3567.0,2025-12-03T11:27:00+00:00,W5038,wagon,moving,,,
3572.0,2025-12-03T11:32:00+00:00,W3173,wagon,in_workshop,,,
3572.0,2025-12-03T11:32:00+00:00,W5038,wagon,in_workshop,,,
3578.0,2025-12-03T11:38:00+00:00,W3173,wagon,in_workshop,,,
3578.0,2025-12-03T11:38:00+00:00,W5038,wagon,in_workshop,,,
3578.0,2025-12-03T11:38:00+00:00,LOCO_02,locomotive,moving,,,
3578.5,2025-12-03T11:38:30+00:00,W9174,wagon,queued,,,
3578.5,2025-12-03T11:38:30+00:00,W6140,wagon,queued,,,
3578.5,2025-12-03T11:38:30+00:00,W10364,wagon,queued,,,
3578.5,2025-12-03T11:38:30+00:00,W6077,wagon,queued,,,
3578.5,2025-12-03T11:38:30+00:00,W11254,wagon,queued,,,
3578.5,2025-12-03T11:38:30+00:00,W10878,wagon,queued,,,
3585.0,2025-12-03T11:45:00+00:00,LOCO_02,locomotive,moving,,,
3593.0,2025-12-03T11:53:00+00:00,LOCO_02,locomotive,moving,,,
3593.0,2025-12-03T11:53:00+00:00,W11261,wagon,moving,,,
3593.0,2025-12-03T11:53:00+00:00,W11259,wagon,moving,,,
3598.0,2025-12-03T11:58:00+00:00,W11261,wagon,in_workshop,,,
3598.0,2025-12-03T11:58:00+00:00,W11259,wagon,in_workshop,,,
3604.0,2025-12-03T12:04:00+00:00,W11261,wagon,in_workshop,,,
3604.0,2025-12-03T12:04:00+00:00,W11259,wagon,in_workshop,,,
3604.0,2025-12-03T12:04:00+00:00,LOCO_02,locomotive,moving,,,
3609.0,2025-12-03T12:09:00+00:00,LOCO_02,locomotive,moving,,,
3611.5,2025-12-03T12:11:30+00:00,LOCO_01,locomotive,moving,,,
3616.5,2025-12-03T12:16:30+00:00,LOCO_01,locomotive,assigned,,,
3616.5,2025-12-03T12:16:30+00:00,LOCO_01,locomotive,moving,,,
3624.5,2025-12-03T12:24:30+00:00,LOCO_01,locomotive,moving,,,
3638.0,2025-12-03T12:38:00+00:00,W3173,wagon,retrofitted,,,
3638.0,2025-12-03T12:38:00+00:00,W5038,wagon,retrofitted,,,
3664.0,2025-12-03T13:04:00+00:00,W11261,wagon,retrofitted,,,
3664.0,2025-12-03T13:04:00+00:00,W11259,wagon,retrofitted,,,
3669.0,2025-12-03T13:09:00+00:00,LOCO_02,locomotive,assigned,,,
3682.0,2025-12-03T13:22:00+00:00,LOCO_02,locomotive,moving,,,
3682.0,2025-12-03T13:22:00+00:00,W5167,wagon,moving,,,
3682.0,2025-12-03T13:22:00+00:00,W4666,wagon,moving,,,
3682.0,2025-12-03T13:22:00+00:00,W11269,wagon,moving,,,
3682.0,2025-12-03T13:22:00+00:00,W3811,wagon,moving,,,
3682.0,2025-12-03T13:22:00+00:00,W2926,wagon,moving,,,
3682.0,2025-12-03T13:22:00+00:00,W5391,wagon,moving,,,
3742.0,2025-12-03T14:22:00+00:00,W5167,wagon,queued,,,
3742.0,2025-12-03T14:22:00+00:00,W4666,wagon,queued,,,
3742.0,2025-12-03T14:22:00+00:00,W11269,wagon,queued,,,
3742.0,2025-12-03T14:22:00+00:00,W3811,wagon,queued,,,
3742.0,2025-12-03T14:22:00+00:00,W2926,wagon,queued,,,
3742.0,2025-12-03T14:22:00+00:00,W5391,wagon,queued,,,
3748.0,2025-12-03T14:28:00+00:00,W11970,wagon,parked,,,
3748.0,2025-12-03T14:28:00+00:00,W8631,wagon,parked,,,
3748.0,2025-12-03T14:28:00+00:00,W9392,wagon,parked,,,
3748.0,2025-12-03T14:28:00+00:00,W9274,wagon,parked,,,
3748.0,2025-12-03T14:28:00+00:00,LOCO_01,locomotive,moving,,,
3775.0,2025-12-03T14:55:00+00:00,LOCO_02,locomotive,moving,,,
3780.0,2025-12-03T15:00:00+00:00,LOCO_02,locomotive,moving,,,
3787.0,2025-12-03T15:07:00+00:00,LOCO_02,locomotive,moving,,,
3787.0,2025-12-03T15:07:00+00:00,W3173,wagon,moving,,,
3787.0,2025-12-03T15:07:00+00:00,W5038,wagon,moving,,,
3792.0,2025-12-03T15:12:00+00:00,LOCO_02,locomotive,moving,,,
3797.0,2025-12-03T15:17:00+00:00,LOCO_02,locomotive,moving,,,
3804.0,2025-12-03T15:24:00+00:00,LOCO_02,locomotive,moving,,,
3804.0,2025-12-03T15:24:00+00:00,W11261,wagon,moving,,,
3804.0,2025-12-03T15:24:00+00:00,W11259,wagon,moving,,,
3809.0,2025-12-03T15:29:00+00:00,LOCO_02,locomotive,moving,,,
3810.0,2025-12-03T15:30:00+00:00,LOCO_01,locomotive,moving,,,
3814.0,2025-12-03T15:34:00+00:00,LOCO_02,locomotive,assigned,,,
3814.0,2025-12-03T15:34:00+00:00,LOCO_02,locomotive,moving,,,
3818.0,2025-12-03T15:38:00+00:00,LOCO_01,locomotive,moving,,,
3818.0,2025-12-03T15:38:00+00:00,W9174,wagon,moving,,,
3818.0,2025-12-03T15:38:00+00:00,W6140,wagon,moving,,,
3823.0,2025-12-03T15:43:00+00:00,W9174,wagon,in_workshop,,,
3823.0,2025-12-03T15:43:00+00:00,W6140,wagon,in_workshop,,,
3823.0,2025-12-03T15:43:00+00:00,LOCO_02,locomotive,moving,,,
3829.0,2025-12-03T15:49:00+00:00,W9174,wagon,in_workshop,,,
3829.0,2025-12-03T15:49:00+00:00,W6140,wagon,in_workshop,,,
3829.0,2025-12-03T15:49:00+00:00,LOCO_01,locomotive,moving,,,
3836.0,2025-12-03T15:56:00+00:00,LOCO_01,locomotive,moving,,,
3844.0,2025-12-03T16:04:00+00:00,LOCO_01,locomotive,moving,,,
3844.0,2025-12-03T16:04:00+00:00,W10364,wagon,moving,,,
3844.0,2025-12-03T16:04:00+00:00,W6077,wagon,moving,,,
3849.0,2025-12-03T16:09:00+00:00,W10364,wagon,in_workshop,,,
3849.0,2025-12-03T16:09:00+00:00,W6077,wagon,in_workshop,,,
3855.0,2025-12-03T16:15:00+00:00,W10364,wagon,in_workshop,,,
3855.0,2025-12-03T16:15:00+00:00,W6077,wagon,in_workshop,,,
3855.0,2025-12-03T16:15:00+00:00,LOCO_01,locomotive,moving,,,
3860.0,2025-12-03T16:20:00+00:00,LOCO_01,locomotive,moving,,,
3889.0,2025-12-03T16:49:00+00:00,W9174,wagon,retrofitted,,,
3889.0,2025-12-03T16:49:00+00:00,W6140,wagon,retrofitted,,,
3915.0,2025-12-03T17:15:00+00:00,W10364,wagon,retrofitted,,,
3915.0,2025-12-03T17:15:00+00:00,W6077,wagon,retrofitted,,,
3920.0,2025-12-03T17:20:00+00:00,LOCO_01,locomotive,assigned,,,
3937.0,2025-12-03T17:37:00+00:00,LOCO_01,locomotive,moving,,,
3937.0,2025-12-03T17:37:00+00:00,W10889,wagon,moving,,,
3937.0,2025-12-03T17:37:00+00:00,W11320,wagon,moving,,,
3937.0,2025-12-03T17:37:00+00:00,W5833,wagon,moving,,,
3937.0,2025-12-03T17:37:00+00:00,W6096,wagon,moving,,,
3937.0,2025-12-03T17:37:00+00:00,W0874,wagon,moving,,,
3937.0,2025-12-03T17:37:00+00:00,W10689,wagon,moving,,,
3937.0,2025-12-03T17:37:00+00:00,W5838,wagon,moving,,,
3937.0,2025-12-03T17:37:00+00:00,W11241,wagon,moving,,,
3940.75,2025-12-03T17:40:45+00:00,W2737,wagon,arrived,T49,,
3940.75,2025-12-03T17:40:45+00:00,W10081,wagon,arrived,T49,,
3940.75,2025-12-03T17:40:45+00:00,W7253,wagon,arrived,T49,,
3948.5,2025-12-03T17:48:30+00:00,W8613,wagon,parked,,,
3948.5,2025-12-03T17:48:30+00:00,W10130,wagon,parked,,,
3948.5,2025-12-03T17:48:30+00:00,W9721,wagon,parked,,,
3948.5,2025-12-03T17:48:30+00:00,W9756,wagon,parked,,,
3948.5,2025-12-03T17:48:30+00:00,W3173,wagon,parked,,,
3948.5,2025-12-03T17:48:30+00:00,W5038,wagon,parked,,,
3948.5,2025-12-03T17:48:30+00:00,LOCO_02,locomotive,moving,,,
3955.25,2025-12-03T17:55:15+00:00,W2971,wagon,arrived,T50,,
3955.25,2025-12-03T17:55:15+00:00,W0607,wagon,arrived,T50,,
3997.0,2025-12-03T18:37:00+00:00,W10889,wagon,queued,,,
3997.0,2025-12-03T18:37:00+00:00,W11320,wagon,queued,,,
3997.0,2025-12-03T18:37:00+00:00,W5833,wagon,queued,,,
3997.0,2025-12-03T18:37:00+00:00,W6096,wagon,queued,,,
3997.0,2025-12-03T18:37:00+00:00,W0874,wagon,queued,,,
3997.0,2025-12-03T18:37:00+00:00,W10689,wagon,queued,,,
3997.0,2025-12-03T18:37:00+00:00,W5838,wagon,queued,,,
3997.0,2025-12-03T18:37:00+00:00,W11241,wagon,queued,,,
3997.75,2025-12-03T18:37:45+00:00,W2877,wagon,rejected,T51,,NO_COLLECTION_TRACK
3997.75,2025-12-03T18:37:45+00:00,W318166502860,wagon,rejected,T51,,NO_COLLECTION_TRACK
3997.75,2025-12-03T18:37:45+00:00,W8717,wagon,rejected,T51,,NO_COLLECTION_TRACK
3997.75,2025-12-03T18:37:45+00:00,W5694,wagon,rejected,T51,,NO_COLLECTION_TRACK
3997.75,2025-12-03T18:37:45+00:00,W2771,wagon,rejected,T51,,NO_COLLECTION_TRACK
3997.75,2025-12-03T18:37:45+00:00,W12036,wagon,arrived,T51,,
3997.75,2025-12-03T18:37:45+00:00,W2786,wagon,arrived,T51,,
3997.75,2025-12-03T18:37:45+00:00,W9981,wagon,arrived,T51,,
4008.5,2025-12-03T18:48:30+00:00,LOCO_02,locomotive,moving,,,
4015.5,2025-12-03T18:55:30+00:00,LOCO_02,locomotive,moving,,,
4015.5,2025-12-03T18:55:30+00:00,W9174,wagon,moving,,,
4015.5,2025-12-03T18:55:30+00:00,W6140,wagon,moving,,,
4020.5,2025-12-03T19:00:30+00:00,LOCO_02,locomotive,moving,,,
4025.5,2025-12-03T19:05:30+00:00,LOCO_02,locomotive,moving,,,
4032.5,2025-12-03T19:12:30+00:00,LOCO_02,locomotive,moving,,,
4032.5,2025-12-03T19:12:30+00:00,W10364,wagon,moving,,,
4032.5,2025-12-03T19:12:30+00:00,W6077,wagon,moving,,,
4037.5,2025-12-03T19:17:30+00:00,LOCO_02,locomotive,moving,,,
4042.0,2025-12-03T19:22:00+00:00,LOCO_01,locomotive,moving,,,
4044.5,2025-12-03T19:24:30+00:00,LOCO_02,locomotive,moving,,,
4049.0,2025-12-03T19:29:00+00:00,LOCO_01,locomotive,moving,,,
4052.5,2025-12-03T19:32:30+00:00,LOCO_02,locomotive,moving,,,
4052.5,2025-12-03T19:32:30+00:00,W11254,wagon,moving,,,
4052.5,2025-12-03T19:32:30+00:00,W10878,wagon,moving,,,
4057.0,2025-12-03T19:37:00+00:00,LOCO_01,locomotive,moving,,,
4057.0,2025-12-03T19:37:00+00:00,W5167,wagon,moving,,,
4057.0,2025-12-03T19:37:00+00:00,W4666,wagon,moving,,,
4057.5,2025-12-03T19:37:30+00:00,W11254,wagon,in_workshop,,,
4057.5,2025-12-03T19:37:30+00:00,W10878,wagon,in_workshop,,,
4062.0,2025-12-03T19:42:00+00:00,W5167,wagon,in_workshop,,,
4062.0,2025-12-03T19:42:00+00:00,W4666,wagon,in_workshop,,,
4063.5,2025-12-03T19:43:30+00:00,W11254,wagon,in_workshop,,,
4063.5,2025-12-03T19:43:30+00:00,W10878,wagon,in_workshop,,,
4063.5,2025-12-03T19:43:30+00:00,LOCO_02,locomotive,moving,,,
4068.0,2025-12-03T19:48:00+00:00,W5167,wagon,in_workshop,,,
4068.0,2025-12-03T19:48:00+00:00,W4666,wagon,in_workshop,,,
4068.0,2025-12-03T19:48:00+00:00,LOCO_01,locomotive,moving,,,
4068.5,2025-12-03T19:48:30+00:00,LOCO_02,locomotive,assigned,,,
4068.5,2025-12-03T19:48:30+00:00,LOCO_02,locomotive,moving,,,
4075.5,2025-12-03T19:55:30+00:00,LOCO_02,locomotive,moving,,,
4082.0,2025-12-03T20:02:00+00:00,W11261,wagon,parked,,,
4082.0,2025-12-03T20:02:00+00:00,W11259,wagon,parked,,,
4082.0,2025-12-03T20:02:00+00:00,LOCO_02,locomotive,moving,,,
4093.25,2025-12-03T20:13:15+00:00,W0032,wagon,arrived,T52,,
4093.25,2025-12-03T20:13:15+00:00,W6592,wagon,arrived,T52,,
4093.25,2025-12-03T20:13:15+00:00,W10601,wagon,arrived,T52,,
4093.25,2025-12-03T20:13:15+00:00,W6942,wagon,arrived,T52,,
4093.25,2025-12-03T20:13:15+00:00,W2744,wagon,arrived,T52,,
4093.25,2025-12-03T20:13:15+00:00,W2686,wagon,arrived,T52,,
4093.25,2025-12-03T20:13:15+00:00,W8473,wagon,arrived,T52,,
4123.5,2025-12-03T20:43:30+00:00,W11254,wagon,retrofitted,,,
4123.5,2025-12-03T20:43:30+00:00,W10878,wagon,retrofitted,,,
4124.0,2025-12-03T20:44:00+00:00,LOCO_01,locomotive,moving,,,
4128.0,2025-12-03T20:48:00+00:00,W5167,wagon,retrofitted,,,
4128.0,2025-12-03T20:48:00+00:00,W4666,wagon,retrofitted,,,
4128.5,2025-12-03T20:48:30+00:00,LOCO_02,locomotive,moving,,,
4131.0,2025-12-03T20:51:00+00:00,LOCO_01,locomotive,moving,,,
4131.0,2025-12-03T20:51:00+00:00,W11254,wagon,moving,,,
4131.0,2025-12-03T20:51:00+00:00,W10878,wagon,moving,,,
4135.5,2025-12-03T20:55:30+00:00,LOCO_02,locomotive,moving,,,
4135.5,2025-12-03T20:55:30+00:00,W5167,wagon,moving,,,
4135.5,2025-12-03T20:55:30+00:00,W4666,wagon,moving,,,
4136.0,2025-12-03T20:56:00+00:00,LOCO_01,locomotive,moving,,,
4140.5,2025-12-03T21:00:30+00:00,LOCO_02,locomotive,moving,,,
4141.0,2025-12-03T21:01:00+00:00,LOCO_01,locomotive,assigned,,,
4141.0,2025-12-03T21:01:00+00:00,LOCO_01,locomotive,moving,,,
4147.5,2025-12-03T21:07:30+00:00,LOCO_02,locomotive,moving,,,
4149.0,2025-12-03T21:09:00+00:00,LOCO_01,locomotive,moving,,,
4155.5,2025-12-03T21:15:30+00:00,LOCO_02,locomotive,moving,,,
4155.5,2025-12-03T21:15:30+00:00,W11269,wagon,moving,,,
4155.5,2025-12-03T21:15:30+00:00,W3811,wagon,moving,,,
4160.5,2025-12-03T21:20:30+00:00,W11269,wagon,in_workshop,,,
4160.5,2025-12-03T21:20:30+00:00,W3811,wagon,in_workshop,,,
4166.5,2025-12-03T21:26:30+00:00,W11269,wagon,in_workshop,,,
4166.5,2025-12-03T21:26:30+00:00,W3811,wagon,in_workshop,,,
4166.5,2025-12-03T21:26:30+00:00,LOCO_02,locomotive,moving,,,
4173.5,2025-12-03T21:33:30+00:00,LOCO_02,locomotive,moving,,,
4181.5,2025-12-03T21:41:30+00:00,LOCO_02,locomotive,moving,,,
4181.5,2025-12-03T21:41:30+00:00,W2926,wagon,moving,,,
4181.5,2025-12-03T21:41:30+00:00,W5391,wagon,moving,,,
4186.5,2025-12-03T21:46:30+00:00,W2926,wagon,in_workshop,,,
4186.5,2025-12-03T21:46:30+00:00,W5391,wagon,in_workshop,,,
4192.5,2025-12-03T21:52:30+00:00,W2926,wagon,in_workshop,,,
4192.5,2025-12-03T21:52:30+00:00,W5391,wagon,in_workshop,,,
4192.5,2025-12-03T21:52:30+00:00,LOCO_02,locomotive,moving,,,
4197.5,2025-12-03T21:57:30+00:00,LOCO_02,locomotive,moving,,,
4212.5,2025-12-03T22:12:30+00:00,W9174,wagon,parked,,,
4212.5,2025-12-03T22:12:30+00:00,W6140,wagon,parked,,,
4212.5,2025-12-03T22:12:30+00:00,W10364,wagon,parked,,,
4212.5,2025-12-03T22:12:30+00:00,W6077,wagon,parked,,,
4212.5,2025-12-03T22:12:30+00:00,LOCO_01,locomotive,moving,,,
4226.5,2025-12-03T22:26:30+00:00,W11269,wagon,retrofitted,,,
4226.5,2025-12-03T22:26:30+00:00,W3811,wagon,retrofitted,,,
4252.5,2025-12-03T22:52:30+00:00,W2926,wagon,retrofitted,,,
4252.5,2025-12-03T22:52:30+00:00,W5391,wagon,retrofitted,,,
4257.5,2025-12-03T22:57:30+00:00,LOCO_02,locomotive,assigned,,,
4260.5,2025-12-03T23:00:30+00:00,LOCO_02,locomotive,moving,,,
4260.5,2025-12-03T23:00:30+00:00,W6682,wagon,moving,,,
4272.5,2025-12-03T23:12:30+00:00,LOCO_01,locomotive,moving,,,
4279.5,2025-12-03T23:19:30+00:00,LOCO_01,locomotive,moving,,,
4279.5,2025-12-03T23:19:30+00:00,W11269,wagon,moving,,,
4279.5,2025-12-03T23:19:30+00:00,W3811,wagon,moving,,,
4284.5,2025-12-03T23:24:30+00:00,LOCO_01,locomotive,moving,,,
4289.5,2025-12-03T23:29:30+00:00,LOCO_01,locomotive,moving,,,
4293.0,2025-12-03T23:33:00+00:00,W5167,wagon,rejected,T53,,No Retrofit Needed
4293.0,2025-12-03T23:33:00+00:00,W5391,wagon,rejected,T53,,No Retrofit Needed
4296.5,2025-12-03T23:36:30+00:00,LOCO_01,locomotive,moving,,,
4296.5,2025-12-03T23:36:30+00:00,W2926,wagon,moving,,,
4296.5,2025-12-03T23:36:30+00:00,W5391,wagon,moving,,,
4301.5,2025-12-03T23:41:30+00:00,LOCO_01,locomotive,moving,,,
4308.5,2025-12-03T23:48:30+00:00,LOCO_01,locomotive,moving,,,
4316.5,2025-12-03T23:56:30+00:00,LOCO_01,locomotive,moving,,,
4316.5,2025-12-03T23:56:30+00:00,W10889,wagon,moving,,,
4316.5,2025-12-03T23:56:30+00:00,W11320,wagon,moving,,,
4320.5,2025-12-04T00:00:30+00:00,W6682,wagon,queued,,,
4320.75,2025-12-04T00:00:45+00:00,W4026,wagon,rejected,T54,,No Retrofit Needed
4320.75,2025-12-04T00:00:45+00:00,W2772,wagon,rejected,T54,,No Retrofit Needed
4320.75,2025-12-04T00:00:45+00:00,W3651,wagon,rejected,T54,,No Retrofit Needed
4321.5,2025-12-04T00:01:30+00:00,W10889,wagon,in_workshop,,,
4321.5,2025-12-04T00:01:30+00:00,W11320,wagon,in_workshop,,,
4323.5,2025-12-04T00:03:30+00:00,LOCO_02,locomotive,moving,,,
4327.5,2025-12-04T00:07:30+00:00,W10889,wagon,in_workshop,,,
4327.5,2025-12-04T00:07:30+00:00,W11320,wagon,in_workshop,,,
4327.5,2025-12-04T00:07:30+00:00,LOCO_01,locomotive,moving,,,
4330.5,2025-12-04T00:10:30+00:00,LOCO_02,locomotive,moving,,,
4332.5,2025-12-04T00:12:30+00:00,LOCO_01,locomotive,assigned,,,
4332.5,2025-12-04T00:12:30+00:00,LOCO_01,locomotive,moving,,,
4338.5,2025-12-04T00:18:30+00:00,LOCO_02,locomotive,moving,,,
4338.5,2025-12-04T00:18:30+00:00,W5833,wagon,moving,,,
4338.5,2025-12-04T00:18:30+00:00,W6096,wagon,moving,,,
4340.5,2025-12-04T00:20:30+00:00,LOCO_01,locomotive,moving,,,
4343.5,2025-12-04T00:23:30+00:00,W5833,wagon,in_workshop,,,
4343.5,2025-12-04T00:23:30+00:00,W6096,wagon,in_workshop,,,
4349.5,2025-12-04T00:29:30+00:00,W5833,wagon,in_workshop,,,
4349.5,2025-12-04T00:29:30+00:00,W6096,wagon,in_workshop,,,
4349.5,2025-12-04T00:29:30+00:00,LOCO_02,locomotive,moving,,,
4379.0,2025-12-04T00:59:00+00:00,W6246,wagon,arrived,T55,,
4379.0,2025-12-04T00:59:00+00:00,W5947,wagon,arrived,T55,,
4379.0,2025-12-04T00:59:00+00:00,W5711,wagon,arrived,T55,,
4379.0,2025-12-04T00:59:00+00:00,W6884,wagon,arrived,T55,,
4379.0,2025-12-04T00:59:00+00:00,W5575,wagon,arrived,T55,,
4387.5,2025-12-04T01:07:30+00:00,W10889,wagon,retrofitted,,,
4387.5,2025-12-04T01:07:30+00:00,W11320,wagon,retrofitted,,,
4387.75,2025-12-04T01:07:45+00:00,W11718,wagon,rejected,T56,,No Retrofit Needed
4387.75,2025-12-04T01:07:45+00:00,W6339,wagon,rejected,T56,,No Retrofit Needed
4387.75,2025-12-04T01:07:45+00:00,W3618,wagon,rejected,T56,,No Retrofit Needed
4388.0,2025-12-04T01:08:00+00:00,LOCO_02,locomotive,moving,,,
4395.0,2025-12-04T01:15:00+00:00,LOCO_02,locomotive,moving,,,
4395.0,2025-12-04T01:15:00+00:00,W10889,wagon,moving,,,
4395.0,2025-12-04T01:15:00+00:00,W11320,wagon,moving,,,
4400.0,2025-12-04T01:20:00+00:00,LOCO_02,locomotive,moving,,,
4407.0,2025-12-04T01:27:00+00:00,LOCO_02,locomotive,moving,,,
4409.5,2025-12-04T01:29:30+00:00,W5833,wagon,retrofitted,,,
4409.5,2025-12-04T01:29:30+00:00,W6096,wagon,retrofitted,,,
4415.0,2025-12-04T01:35:00+00:00,LOCO_02,locomotive,moving,,,
4415.0,2025-12-04T01:35:00+00:00,W0874,wagon,moving,,,
4415.0,2025-12-04T01:35:00+00:00,W10689,wagon,moving,,,
4419.0,2025-12-04T01:39:00+00:00,W11254,wagon,parked,,,
4419.0,2025-12-04T01:39:00+00:00,W10878,wagon,parked,,,
4419.0,2025-12-04T01:39:00+00:00,W5167,wagon,parked,,,
4419.0,2025-12-04T01:39:00+00:00,W4666,wagon,parked,,,
4419.0,2025-12-04T01:39:00+00:00,LOCO_01,locomotive,moving,,,
4420.0,2025-12-04T01:40:00+00:00,W0874,wagon,in_workshop,,,
4420.0,2025-12-04T01:40:00+00:00,W10689,wagon,in_workshop,,,
4426.0,2025-12-04T01:46:00+00:00,W0874,wagon,in_workshop,,,
4426.0,2025-12-04T01:46:00+00:00,W10689,wagon,in_workshop,,,
4426.0,2025-12-04T01:46:00+00:00,LOCO_02,locomotive,moving,,,
4431.0,2025-12-04T01:51:00+00:00,LOCO_02,locomotive,moving,,,
4438.0,2025-12-04T01:58:00+00:00,LOCO_02,locomotive,moving,,,
4438.0,2025-12-04T01:58:00+00:00,W5833,wagon,moving,,,
4438.0,2025-12-04T01:58:00+00:00,W6096,wagon,moving,,,
4443.0,2025-12-04T02:03:00+00:00,LOCO_02,locomotive,moving,,,
4450.0,2025-12-04T02:10:00+00:00,LOCO_02,locomotive,moving,,,
4458.0,2025-12-04T02:18:00+00:00,LOCO_02,locomotive,moving,,,
4458.0,2025-12-04T02:18:00+00:00,W5838,wagon,moving,,,
4458.0,2025-12-04T02:18:00+00:00,W11241,wagon,moving,,,
4463.0,2025-12-04T02:23:00+00:00,W5838,wagon,in_workshop,,,
4463.0,2025-12-04T02:23:00+00:00,W11241,wagon,in_workshop,,,
4469.0,2025-12-04T02:29:00+00:00,W5838,wagon,in_workshop,,,
4469.0,2025-12-04T02:29:00+00:00,W11241,wagon,in_workshop,,,
4469.0,2025-12-04T02:29:00+00:00,LOCO_02,locomotive,moving,,,
4474.0,2025-12-04T02:34:00+00:00,LOCO_02,locomotive,moving,,,
4479.0,2025-12-04T02:39:00+00:00,LOCO_01,locomotive,moving,,,
4486.0,2025-12-04T02:46:00+00:00,W0874,wagon,retrofitted,,,
4486.0,2025-12-04T02:46:00+00:00,W10689,wagon,retrofitted,,,
4491.5,2025-12-04T02:51:30+00:00,W11268,wagon,rejected,T57,,No Retrofit Needed
4491.5,2025-12-04T02:51:30+00:00,W8052,wagon,rejected,T57,,NO_COLLECTION_TRACK
4491.5,2025-12-04T02:51:30+00:00,W0600,wagon,rejected,T57,,NO_COLLECTION_TRACK
4491.5,2025-12-04T02:51:30+00:00,W8096,wagon,rejected,T57,,NO_COLLECTION_TRACK
4491.5,2025-12-04T02:51:30+00:00,W8085,wagon,arrived,T57,,
4491.5,2025-12-04T02:51:30+00:00,W8082,wagon,arrived,T57,,
4529.0,2025-12-04T03:29:00+00:00,W5838,wagon,retrofitted,,,
4529.0,2025-12-04T03:29:00+00:00,W11241,wagon,retrofitted,,,
4534.0,2025-12-04T03:34:00+00:00,LOCO_02,locomotive,assigned,,,
4539.0,2025-12-04T03:39:00+00:00,LOCO_01,locomotive,assigned,,,
4547.0,2025-12-04T03:47:00+00:00,LOCO_02,locomotive,moving,,,
4547.0,2025-12-04T03:47:00+00:00,W2444,wagon,moving,,,
4547.0,2025-12-04T03:47:00+00:00,W9329,wagon,moving,,,
4547.0,2025-12-04T03:47:00+00:00,W2772,wagon,moving,,,
4547.0,2025-12-04T03:47:00+00:00,W3651,wagon,moving,,,
4547.0,2025-12-04T03:47:00+00:00,W4026,wagon,moving,,,
4547.0,2025-12-04T03:47:00+00:00,W2716,wagon,moving,,,
4558.0,2025-12-04T03:58:00+00:00,LOCO_01,locomotive,moving,,,
4558.0,2025-12-04T03:58:00+00:00,W11256,wagon,moving,,,
4558.0,2025-12-04T03:58:00+00:00,W10892,wagon,moving,,,
4558.0,2025-12-04T03:58:00+00:00,W1906,wagon,moving,,,
4558.0,2025-12-04T03:58:00+00:00,W1158,wagon,moving,,,
4558.0,2025-12-04T03:58:00+00:00,W1139,wagon,moving,,,
4558.0,2025-12-04T03:58:00+00:00,W1149,wagon,moving,,,
4558.0,2025-12-04T03:58:00+00:00,W1150,wagon,moving,,,
4558.0,2025-12-04T03:58:00+00:00,W1151,wagon,moving,,,
4558.0,2025-12-04T03:58:00+00:00,W1152,wagon,moving,,,
4607.0,2025-12-04T04:47:00+00:00,W2444,wagon,queued,,,
4607.0,2025-12-04T04:47:00+00:00,W9329,wagon,queued,,,
4607.0,2025-12-04T04:47:00+00:00,W2772,wagon,queued,,,
4607.0,2025-12-04T04:47:00+00:00,W3651,wagon,queued,,,
4607.0,2025-12-04T04:47:00+00:00,W4026,wagon,queued,,,
4607.0,2025-12-04T04:47:00+00:00,W2716,wagon,queued,,,
4618.0,2025-12-04T04:58:00+00:00,W11256,wagon,queued,,,
4618.0,2025-12-04T04:58:00+00:00,W10892,wagon,queued,,,
4618.0,2025-12-04T04:58:00+00:00,W1906,wagon,queued,,,
4618.0,2025-12-04T04:58:00+00:00,W1158,wagon,queued,,,
4618.0,2025-12-04T04:58:00+00:00,W1139,wagon,queued,,,
4618.0,2025-12-04T04:58:00+00:00,W1149,wagon,queued,,,
4618.0,2025-12-04T04:58:00+00:00,W1150,wagon,queued,,,
4618.0,2025-12-04T04:58:00+00:00,W1151,wagon,queued,,,
4618.0,2025-12-04T04:58:00+00:00,W1152,wagon,queued,,,
4640.0,2025-12-04T05:20:00+00:00,LOCO_02,locomotive,moving,,,
4645.0,2025-12-04T05:25:00+00:00,LOCO_02,locomotive,moving,,,
4652.0,2025-12-04T05:32:00+00:00,LOCO_02,locomotive,moving,,,
4652.0,2025-12-04T05:32:00+00:00,W0874,wagon,moving,,,
4652.0,2025-12-04T05:32:00+00:00,W10689,wagon,moving,,,
4654.5,2025-12-04T05:34:30+00:00,W8381,wagon,rejected,T58,,NO_COLLECTION_TRACK
4654.5,2025-12-04T05:34:30+00:00,W8383,wagon,arrived,T58,,
4657.0,2025-12-04T05:37:00+00:00,LOCO_02,locomotive,moving,,,
4662.0,2025-12-04T05:42:00+00:00,LOCO_02,locomotive,moving,,,
4669.0,2025-12-04T05:49:00+00:00,LOCO_01,locomotive,moving,,,
4669.0,2025-12-04T05:49:00+00:00,LOCO_02,locomotive,moving,,,
4669.0,2025-12-04T05:49:00+00:00,W5838,wagon,moving,,,
4669.0,2025-12-04T05:49:00+00:00,W11241,wagon,moving,,,
4674.0,2025-12-04T05:54:00+00:00,LOCO_02,locomotive,moving,,,
4676.0,2025-12-04T05:56:00+00:00,LOCO_01,locomotive,moving,,,
4676.75,2025-12-04T05:56:45+00:00,W9067,wagon,arrived,T59,,
4676.75,2025-12-04T05:56:45+00:00,W0117,wagon,arrived,T59,,
4676.75,2025-12-04T05:56:45+00:00,W0191,wagon,arrived,T59,,
4676.75,2025-12-04T05:56:45+00:00,W11315,wagon,arrived,T59,,
4679.0,2025-12-04T05:59:00+00:00,LOCO_02,locomotive,assigned,,,
4679.0,2025-12-04T05:59:00+00:00,LOCO_02,locomotive,moving,,,
4684.0,2025-12-04T06:04:00+00:00,LOCO_01,locomotive,moving,,,
4684.0,2025-12-04T06:04:00+00:00,W6682,wagon,moving,,,
4684.0,2025-12-04T06:04:00+00:00,W2444,wagon,moving,,,
4689.0,2025-12-04T06:09:00+00:00,W6682,wagon,in_workshop,,,
4689.0,2025-12-04T06:09:00+00:00,W2444,wagon,in_workshop,,,
4689.0,2025-12-04T06:09:00+00:00,LOCO_02,locomotive,moving,,,
4695.0,2025-12-04T06:15:00+00:00,W6682,wagon,in_workshop,,,
4695.0,2025-12-04T06:15:00+00:00,W2444,wagon,in_workshop,,,
4695.0,2025-12-04T06:15:00+00:00,LOCO_01,locomotive,moving,,,
4702.0,2025-12-04T06:22:00+00:00,LOCO_01,locomotive,moving,,,
4704.0,2025-12-04T06:24:00+00:00,W4368,wagon,rejected,T60,,NO_COLLECTION_TRACK
4704.0,2025-12-04T06:24:00+00:00,W6862,wagon,rejected,T60,,NO_COLLECTION_TRACK
4704.0,2025-12-04T06:24:00+00:00,W1084,wagon,rejected,T60,,NO_COLLECTION_TRACK
4704.0,2025-12-04T06:24:00+00:00,W11555,wagon,rejected,T60,,NO_COLLECTION_TRACK
4710.0,2025-12-04T06:30:00+00:00,LOCO_01,locomotive,moving,,,
4710.0,2025-12-04T06:30:00+00:00,W9329,wagon,moving,,,
4710.0,2025-12-04T06:30:00+00:00,W2772,wagon,moving,,,
4715.0,2025-12-04T06:35:00+00:00,W9329,wagon,in_workshop,,,
4715.0,2025-12-04T06:35:00+00:00,W2772,wagon,in_workshop,,,
4721.0,2025-12-04T06:41:00+00:00,W9329,wagon,in_workshop,,,
4721.0,2025-12-04T06:41:00+00:00,W2772,wagon,in_workshop,,,
4721.0,2025-12-04T06:41:00+00:00,LOCO_01,locomotive,moving,,,
4755.0,2025-12-04T07:15:00+00:00,W6682,wagon,retrofitted,,,
4755.0,2025-12-04T07:15:00+00:00,W2444,wagon,retrofitted,,,
4755.5,2025-12-04T07:15:30+00:00,LOCO_01,locomotive,moving,,,
4761.25,2025-12-04T07:21:15+00:00,W11723,wagon,rejected,T61,,No Retrofit Needed
4761.25,2025-12-04T07:21:15+00:00,W2926,wagon,rejected,T61,,No Retrofit Needed
4761.25,2025-12-04T07:21:15+00:00,W4655,wagon,rejected,T61,,No Retrofit Needed
4761.25,2025-12-04T07:21:15+00:00,W11596,wagon,rejected,T61,,NO_COLLECTION_TRACK
4761.25,2025-12-04T07:21:15+00:00,W10957,wagon,rejected,T61,,NO_COLLECTION_TRACK
4762.5,2025-12-04T07:22:30+00:00,LOCO_01,locomotive,moving,,,
4762.5,2025-12-04T07:22:30+00:00,W6682,wagon,moving,,,
4762.5,2025-12-04T07:22:30+00:00,W2444,wagon,moving,,,
4767.5,2025-12-04T07:27:30+00:00,LOCO_01,locomotive,moving,,,
4771.5,2025-12-04T07:31:30+00:00,W11269,wagon,parked,,,
4771.5,2025-12-04T07:31:30+00:00,W3811,wagon,parked,,,
4771.5,2025-12-04T07:31:30+00:00,W2926,wagon,parked,,,
4771.5,2025-12-04T07:31:30+00:00,W5391,wagon,parked,,,
4771.5,2025-12-04T07:31:30+00:00,W10889,wagon,parked,,,
4771.5,2025-12-04T07:31:30+00:00,W11320,wagon,parked,,,
4771.5,2025-12-04T07:31:30+00:00,W5833,wagon,parked,,,
4771.5,2025-12-04T07:31:30+00:00,W6096,wagon,parked,,,
4771.5,2025-12-04T07:31:30+00:00,LOCO_02,locomotive,moving,,,
4774.5,2025-12-04T07:34:30+00:00,LOCO_01,locomotive,moving,,,
4781.0,2025-12-04T07:41:00+00:00,W9329,wagon,retrofitted,,,
4781.0,2025-12-04T07:41:00+00:00,W2772,wagon,retrofitted,,,
4782.5,2025-12-04T07:42:30+00:00,LOCO_01,locomotive,moving,,,
4782.5,2025-12-04T07:42:30+00:00,W3651,wagon,moving,,,
4782.5,2025-12-04T07:42:30+00:00,W4026,wagon,moving,,,
4787.5,2025-12-04T07:47:30+00:00,W3651,wagon,in_workshop,,,
4787.5,2025-12-04T07:47:30+00:00,W4026,wagon,in_workshop,,,
4793.5,2025-12-04T07:53:30+00:00,W3651,wagon,in_workshop,,,
4793.5,2025-12-04T07:53:30+00:00,W4026,wagon,in_workshop,,,
4793.5,2025-12-04T07:53:30+00:00,LOCO_01,locomotive,moving,,,
4798.5,2025-12-04T07:58:30+00:00,LOCO_01,locomotive,moving,,,
4804.0,2025-12-04T08:04:00+00:00,W4701,wagon,rejected,T62,,No Retrofit Needed
4804.0,2025-12-04T08:04:00+00:00,W4754,wagon,rejected,T62,,No Retrofit Needed
4804.0,2025-12-04T08:04:00+00:00,W4726,wagon,rejected,T62,,No Retrofit Needed
4805.5,2025-12-04T08:05:30+00:00,LOCO_01,locomotive,moving,,,
4805.5,2025-12-04T08:05:30+00:00,W9329,wagon,moving,,,
4805.5,2025-12-04T08:05:30+00:00,W2772,wagon,moving,,,
4810.5,2025-12-04T08:10:30+00:00,LOCO_01,locomotive,moving,,,
4815.5,2025-12-04T08:15:30+00:00,LOCO_01,locomotive,moving,,,
4824.0,2025-12-04T08:24:00+00:00,W6303,wagon,rejected,T63,,NO_COLLECTION_TRACK
4824.0,2025-12-04T08:24:00+00:00,W10958,wagon,rejected,T63,,NO_COLLECTION_TRACK
4824.0,2025-12-04T08:24:00+00:00,W6277,wagon,rejected,T63,,NO_COLLECTION_TRACK
4824.0,2025-12-04T08:24:00+00:00,W10928,wagon,rejected,T63,,NO_COLLECTION_TRACK
4833.5,2025-12-04T08:33:30+00:00,LOCO_02,locomotive,moving,,,
4841.5,2025-12-04T08:41:30+00:00,LOCO_02,locomotive,moving,,,
4841.5,2025-12-04T08:41:30+00:00,W2716,wagon,moving,,,
4841.5,2025-12-04T08:41:30+00:00,W11256,wagon,moving,,,
4846.5,2025-12-04T08:46:30+00:00,W2716,wagon,in_workshop,,,
4846.5,2025-12-04T08:46:30+00:00,W11256,wagon,in_workshop,,,
4852.5,2025-12-04T08:52:30+00:00,W2716,wagon,in_workshop,,,
4852.5,2025-12-04T08:52:30+00:00,W11256,wagon,in_workshop,,,
4852.5,2025-12-04T08:52:30+00:00,LOCO_02,locomotive,moving,,,
4853.5,2025-12-04T08:53:30+00:00,W3651,wagon,retrofitted,,,
4853.5,2025-12-04T08:53:30+00:00,W4026,wagon,retrofitted,,,
4854.0,2025-12-04T08:54:00+00:00,W0605,wagon,rejected,T64,,NO_COLLECTION_TRACK
4854.0,2025-12-04T08:54:00+00:00,W2291,wagon,rejected,T64,,NO_COLLECTION_TRACK
4854.0,2025-12-04T08:54:00+00:00,W0615,wagon,rejected,T64,,NO_COLLECTION_TRACK
4857.5,2025-12-04T08:57:30+00:00,LOCO_02,locomotive,moving,,,
4864.5,2025-12-04T09:04:30+00:00,LOCO_02,locomotive,moving,,,
4864.5,2025-12-04T09:04:30+00:00,W3651,wagon,moving,,,
4864.5,2025-12-04T09:04:30+00:00,W4026,wagon,moving,,,
4869.5,2025-12-04T09:09:30+00:00,LOCO_02,locomotive,moving,,,
4874.5,2025-12-04T09:14:30+00:00,LOCO_02,locomotive,moving,,,
4875.5,2025-12-04T09:15:30+00:00,LOCO_01,locomotive,assigned,,,
4882.5,2025-12-04T09:22:30+00:00,LOCO_01,locomotive,moving,,,
4882.5,2025-12-04T09:22:30+00:00,W11989,wagon,moving,,,
4882.5,2025-12-04T09:22:30+00:00,W10725,wagon,moving,,,
4882.5,2025-12-04T09:22:30+00:00,W10728,wagon,moving,,,
4912.5,2025-12-04T09:52:30+00:00,W2716,wagon,retrofitted,,,
4912.5,2025-12-04T09:52:30+00:00,W11256,wagon,retrofitted,,,
4934.5,2025-12-04T10:14:30+00:00,LOCO_02,locomotive,assigned,,,
4941.5,2025-12-04T10:21:30+00:00,LOCO_02,locomotive,moving,,,
4941.5,2025-12-04T10:21:30+00:00,W5978,wagon,moving,,,
4941.5,2025-12-04T10:21:30+00:00,W5686,wagon,moving,,,
4941.5,2025-12-04T10:21:30+00:00,W11361,wagon,moving,,,
4942.5,2025-12-04T10:22:30+00:00,W11989,wagon,queued,,,
4942.5,2025-12-04T10:22:30+00:00,W10725,wagon,queued,,,
4942.5,2025-12-04T10:22:30+00:00,W10728,wagon,queued,,,
4957.5,2025-12-04T10:37:30+00:00,LOCO_01,locomotive,moving,,,
4962.5,2025-12-04T10:42:30+00:00,LOCO_01,locomotive,moving,,,
4969.5,2025-12-04T10:49:30+00:00,LOCO_01,locomotive,moving,,,
4969.5,2025-12-04T10:49:30+00:00,W2716,wagon,moving,,,
4969.5,2025-12-04T10:49:30+00:00,W11256,wagon,moving,,,
4974.5,2025-12-04T10:54:30+00:00,LOCO_01,locomotive,moving,,,
4981.5,2025-12-04T11:01:30+00:00,LOCO_01,locomotive,moving,,,
4989.5,2025-12-04T11:09:30+00:00,LOCO_01,locomotive,moving,,,
4989.5,2025-12-04T11:09:30+00:00,W10892,wagon,moving,,,
4989.5,2025-12-04T11:09:30+00:00,W1906,wagon,moving,,,
4994.5,2025-12-04T11:14:30+00:00,W10892,wagon,in_workshop,,,
4994.5,2025-12-04T11:14:30+00:00,W1906,wagon,in_workshop,,,
4999.0,2025-12-04T11:19:00+00:00,W5446,wagon,rejected,T65,,No Retrofit Needed
5000.5,2025-12-04T11:20:30+00:00,W10892,wagon,in_workshop,,,
5000.5,2025-12-04T11:20:30+00:00,W1906,wagon,in_workshop,,,
5000.5,2025-12-04T11:20:30+00:00,LOCO_01,locomotive,moving,,,
5001.5,2025-12-04T11:21:30+00:00,W5978,wagon,queued,,,
5001.5,2025-12-04T11:21:30+00:00,W5686,wagon,queued,,,
5001.5,2025-12-04T11:21:30+00:00,W11361,wagon,queued,,,
5007.5,2025-12-04T11:27:30+00:00,LOCO_01,locomotive,moving,,,
5011.0,2025-12-04T11:31:00+00:00,W8613,wagon,rejected,T66,,No Retrofit Needed
5011.0,2025-12-04T11:31:00+00:00,W0677,wagon,arrived,T66,,
5011.0,2025-12-04T11:31:00+00:00,W0924,wagon,arrived,T66,,
5011.0,2025-12-04T11:31:00+00:00,W0685,wagon,arrived,T66,,
5011.0,2025-12-04T11:31:00+00:00,W0701,wagon,arrived,T66,,
5014.0,2025-12-04T11:34:00+00:00,W11419,wagon,rejected,T67,,NO_COLLECTION_TRACK
5014.0,2025-12-04T11:34:00+00:00,W0020,wagon,arrived,T67,,
5015.5,2025-12-04T11:35:30+00:00,LOCO_01,locomotive,moving,,,
5015.5,2025-12-04T11:35:30+00:00,W1158,wagon,moving,,,
5015.5,2025-12-04T11:35:30+00:00,W1139,wagon,moving,,,
5016.5,2025-12-04T11:36:30+00:00,LOCO_02,locomotive,moving,,,
5020.5,2025-12-04T11:40:30+00:00,W1158,wagon,in_workshop,,,
5020.5,2025-12-04T11:40:30+00:00,W1139,wagon,in_workshop,,,
5021.5,2025-12-04T11:41:30+00:00,LOCO_02,locomotive,assigned,,,
5021.5,2025-12-04T11:41:30+00:00,LOCO_02,locomotive,moving,,,
5026.5,2025-12-04T11:46:30+00:00,W1158,wagon,in_workshop,,,
5026.5,2025-12-04T11:46:30+00:00,W1139,wagon,in_workshop,,,
5026.5,2025-12-04T11:46:30+00:00,LOCO_01,locomotive,moving,,,
5031.5,2025-12-04T11:51:30+00:00,LOCO_02,locomotive,moving,,,
5039.75,2025-12-04T11:59:45+00:00,W4368,wagon,rejected,T68,,No Retrofit Needed
5039.75,2025-12-04T11:59:45+00:00,W6634,wagon,arrived,T68,,
5039.75,2025-12-04T11:59:45+00:00,W6025,wagon,arrived,T68,,
5059.25,2025-12-04T12:19:15+00:00,W10284,wagon,rejected,T69,,No Retrofit Needed
5059.25,2025-12-04T12:19:15+00:00,W7175,wagon,rejected,T69,,NO_COLLECTION_TRACK
5060.5,2025-12-04T12:20:30+00:00,W10892,wagon,retrofitted,,,
5060.5,2025-12-04T12:20:30+00:00,W1906,wagon,retrofitted,,,
5061.0,2025-12-04T12:21:00+00:00,LOCO_01,locomotive,moving,,,
5068.0,2025-12-04T12:28:00+00:00,LOCO_01,locomotive,moving,,,
5068.0,2025-12-04T12:28:00+00:00,W10892,wagon,moving,,,
5068.0,2025-12-04T12:28:00+00:00,W1906,wagon,moving,,,
5073.0,2025-12-04T12:33:00+00:00,LOCO_01,locomotive,moving,,,
5080.0,2025-12-04T12:40:00+00:00,LOCO_01,locomotive,moving,,,
5086.5,2025-12-04T12:46:30+00:00,W1158,wagon,retrofitted,,,
5086.5,2025-12-04T12:46:30+00:00,W1139,wagon,retrofitted,,,
5088.0,2025-12-04T12:48:00+00:00,LOCO_01,locomotive,moving,,,
5088.0,2025-12-04T12:48:00+00:00,W1149,wagon,moving,,,
5088.0,2025-12-04T12:48:00+00:00,W1150,wagon,moving,,,
5093.0,2025-12-04T12:53:00+00:00,W1149,wagon,in_workshop,,,
5093.0,2025-12-04T12:53:00+00:00,W1150,wagon,in_workshop,,,
5099.0,2025-12-04T12:59:00+00:00,W1149,wagon,in_workshop,,,
5099.0,2025-12-04T12:59:00+00:00,W1150,wagon,in_workshop,,,
5099.0,2025-12-04T12:59:00+00:00,LOCO_01,locomotive,moving,,,
5104.0,2025-12-04T13:04:00+00:00,LOCO_01,locomotive,moving,,,
5107.75,2025-12-04T13:07:45+00:00,W10689,wagon,rejected,T70,,No Retrofit Needed
5107.75,2025-12-04T13:07:45+00:00,W4522,wagon,rejected,T70,,No Retrofit Needed
5107.75,2025-12-04T13:07:45+00:00,W4479,wagon,rejected,T70,,No Retrofit Needed
5107.75,2025-12-04T13:07:45+00:00,W10396,wagon,rejected,T70,,No Retrofit Needed
5107.75,2025-12-04T13:07:45+00:00,W6803,wagon,rejected,T70,,NO_COLLECTION_TRACK
5111.0,2025-12-04T13:11:00+00:00,LOCO_01,locomotive,moving,,,
5111.0,2025-12-04T13:11:00+00:00,W1158,wagon,moving,,,
5111.0,2025-12-04T13:11:00+00:00,W1139,wagon,moving,,,
5111.75,2025-12-04T13:11:45+00:00,W8473,wagon,rejected,T71,,No Retrofit Needed
5111.75,2025-12-04T13:11:45+00:00,W5057,wagon,rejected,T71,,No Retrofit Needed
5111.75,2025-12-04T13:11:45+00:00,W318166502860,wagon,rejected,T71,,No Retrofit Needed
5114.0,2025-12-04T13:14:00+00:00,W0874,wagon,parked,,,
5114.0,2025-12-04T13:14:00+00:00,W10689,wagon,parked,,,
5114.0,2025-12-04T13:14:00+00:00,W5838,wagon,parked,,,
5114.0,2025-12-04T13:14:00+00:00,W11241,wagon,parked,,,
5114.0,2025-12-04T13:14:00+00:00,W6682,wagon,parked,,,
5114.0,2025-12-04T13:14:00+00:00,W2444,wagon,parked,,,
5114.0,2025-12-04T13:14:00+00:00,W9329,wagon,parked,,,
5114.0,2025-12-04T13:14:00+00:00,W2772,wagon,parked,,,
5114.0,2025-12-04T13:14:00+00:00,LOCO_02,locomotive,moving,,,
5116.0,2025-12-04T13:16:00+00:00,LOCO_01,locomotive,moving,,,
5123.0,2025-12-04T13:23:00+00:00,LOCO_01,locomotive,moving,,,
5131.0,2025-12-04T13:31:00+00:00,LOCO_01,locomotive,moving,,,
5131.0,2025-12-04T13:31:00+00:00,W1151,wagon,moving,,,
5131.0,2025-12-04T13:31:00+00:00,W1152,wagon,moving,,,
5136.0,2025-12-04T13:36:00+00:00,W1151,wagon,in_workshop,,,
5136.0,2025-12-04T13:36:00+00:00,W1152,wagon,in_workshop,,,
5142.0,2025-12-04T13:42:00+00:00,W1151,wagon,in_workshop,,,
5142.0,2025-12-04T13:42:00+00:00,W1152,wagon,in_workshop,,,
5142.0,2025-12-04T13:42:00+00:00,LOCO_01,locomotive,moving,,,
5147.0,2025-12-04T13:47:00+00:00,LOCO_01,locomotive,moving,,,
5159.0,2025-12-04T13:59:00+00:00,W1149,wagon,retrofitted,,,
5159.0,2025-12-04T13:59:00+00:00,W1150,wagon,retrofitted,,,
5174.0,2025-12-04T14:14:00+00:00,LOCO_02,locomotive,moving,,,
5181.0,2025-12-04T14:21:00+00:00,LOCO_02,locomotive,moving,,,
5181.0,2025-12-04T14:21:00+00:00,W1149,wagon,moving,,,
5181.0,2025-12-04T14:21:00+00:00,W1150,wagon,moving,,,
5186.0,2025-12-04T14:26:00+00:00,LOCO_02,locomotive,moving,,,
5191.0,2025-12-04T14:31:00+00:00,LOCO_02,locomotive,moving,,,
5202.0,2025-12-04T14:42:00+00:00,W1151,wagon,retrofitted,,,
5202.0,2025-12-04T14:42:00+00:00,W1152,wagon,retrofitted,,,
5203.75,2025-12-04T14:43:45+00:00,W7265,wagon,rejected,T72,,NO_COLLECTION_TRACK
5203.75,2025-12-04T14:43:45+00:00,W11947,wagon,rejected,T72,,NO_COLLECTION_TRACK
5203.75,2025-12-04T14:43:45+00:00,W11959,wagon,rejected,T72,,NO_COLLECTION_TRACK
5203.75,2025-12-04T14:43:45+00:00,W10522,wagon,rejected,T72,,NO_COLLECTION_TRACK
5203.75,2025-12-04T14:43:45+00:00,W6231,wagon,rejected,T72,,NO_COLLECTION_TRACK
5207.0,2025-12-04T14:47:00+00:00,LOCO_01,locomotive,assigned,,,
5221.5,2025-12-04T15:01:30+00:00,W12349,wagon,rejected,T73,,NO_COLLECTION_TRACK
5224.0,2025-12-04T15:04:00+00:00,LOCO_01,locomotive,moving,,,
5224.0,2025-12-04T15:04:00+00:00,W7115,wagon,moving,,,
5224.0,2025-12-04T15:04:00+00:00,W11723,wagon,moving,,,
5224.0,2025-12-04T15:04:00+00:00,W8675,wagon,moving,,,
5224.0,2025-12-04T15:04:00+00:00,W10706,wagon,moving,,,
5224.0,2025-12-04T15:04:00+00:00,W9959,wagon,moving,,,
5224.0,2025-12-04T15:04:00+00:00,W2737,wagon,moving,,,
5224.0,2025-12-04T15:04:00+00:00,W10081,wagon,moving,,,
5224.0,2025-12-04T15:04:00+00:00,W7253,wagon,moving,,,
5251.0,2025-12-04T15:31:00+00:00,LOCO_02,locomotive,assigned,,,
5256.0,2025-12-04T15:36:00+00:00,LOCO_02,locomotive,moving,,,
5256.0,2025-12-04T15:36:00+00:00,W7261,wagon,moving,,,
5256.0,2025-12-04T15:36:00+00:00,W11014,wagon,moving,,,
5284.0,2025-12-04T16:04:00+00:00,W7115,wagon,queued,,,
5284.0,2025-12-04T16:04:00+00:00,W11723,wagon,queued,,,
5284.0,2025-12-04T16:04:00+00:00,W8675,wagon,queued,,,
5284.0,2025-12-04T16:04:00+00:00,W10706,wagon,queued,,,
5284.0,2025-12-04T16:04:00+00:00,W9959,wagon,queued,,,
5284.0,2025-12-04T16:04:00+00:00,W2737,wagon,queued,,,
5284.0,2025-12-04T16:04:00+00:00,W10081,wagon,queued,,,
5284.0,2025-12-04T16:04:00+00:00,W7253,wagon,queued,,,
5316.0,2025-12-04T16:36:00+00:00,W7261,wagon,queued,,,
5316.0,2025-12-04T16:36:00+00:00,W11014,wagon,queued,,,
5325.0,2025-12-04T16:45:00+00:00,LOCO_02,locomotive,moving,,,
5329.0,2025-12-04T16:49:00+00:00,LOCO_01,locomotive,moving,,,
5330.0,2025-12-04T16:50:00+00:00,LOCO_02,locomotive,moving,,,
5336.0,2025-12-04T16:56:00+00:00,LOCO_01,locomotive,moving,,,
5337.0,2025-12-04T16:57:00+00:00,LOCO_02,locomotive,moving,,,
5337.0,2025-12-04T16:57:00+00:00,W1151,wagon,moving,,,
5337.0,2025-12-04T16:57:00+00:00,W1152,wagon,moving,,,
5342.0,2025-12-04T17:02:00+00:00,LOCO_02,locomotive,moving,,,
5344.0,2025-12-04T17:04:00+00:00,LOCO_01,locomotive,moving,,,
5344.0,2025-12-04T17:04:00+00:00,W11989,wagon,moving,,,
5344.0,2025-12-04T17:04:00+00:00,W10725,wagon,moving,,,
5347.0,2025-12-04T17:07:00+00:00,LOCO_02,locomotive,assigned,,,
5347.0,2025-12-04T17:07:00+00:00,LOCO_02,locomotive,moving,,,
5349.0,2025-12-04T17:09:00+00:00,W11989,wagon,in_workshop,,,
5349.0,2025-12-04T17:09:00+00:00,W10725,wagon,in_workshop,,,
5355.0,2025-12-04T17:15:00+00:00,W11989,wagon,in_workshop,,,
5355.0,2025-12-04T17:15:00+00:00,W10725,wagon,in_workshop,,,
5355.0,2025-12-04T17:15:00+00:00,LOCO_01,locomotive,moving,,,
5357.0,2025-12-04T17:17:00+00:00,LOCO_02,locomotive,moving,,,
5362.0,2025-12-04T17:22:00+00:00,LOCO_01,locomotive,moving,,,
5370.0,2025-12-04T17:30:00+00:00,LOCO_01,locomotive,moving,,,
5370.0,2025-12-04T17:30:00+00:00,W10728,wagon,moving,,,
5370.0,2025-12-04T17:30:00+00:00,W5978,wagon,moving,,,
5375.0,2025-12-04T17:35:00+00:00,W10728,wagon,in_workshop,,,
5375.0,2025-12-04T17:35:00+00:00,W5978,wagon,in_workshop,,,
5381.0,2025-12-04T17:41:00+00:00,W10728,wagon,in_workshop,,,
5381.0,2025-12-04T17:41:00+00:00,W5978,wagon,in_workshop,,,
5381.0,2025-12-04T17:41:00+00:00,LOCO_01,locomotive,moving,,,
5397.75,2025-12-04T17:57:45+00:00,W2415,wagon,rejected,T74,,NO_COLLECTION_TRACK
5397.75,2025-12-04T17:57:45+00:00,W10093,wagon,rejected,T74,,NO_COLLECTION_TRACK
5397.75,2025-12-04T17:57:45+00:00,W11640,wagon,rejected,T74,,NO_COLLECTION_TRACK
5397.75,2025-12-04T17:57:45+00:00,W7316,wagon,arrived,T74,,
5397.75,2025-12-04T17:57:45+00:00,W9534,wagon,arrived,T74,,
5397.75,2025-12-04T17:57:45+00:00,W11953,wagon,arrived,T74,,
5397.75,2025-12-04T17:57:45+00:00,W9237,wagon,arrived,T74,,
5397.75,2025-12-04T17:57:45+00:00,W2853,wagon,arrived,T74,,
5403.75,2025-12-04T18:03:45+00:00,W8626,wagon,rejected,T75,,No Retrofit Needed
5403.75,2025-12-04T18:03:45+00:00,W0117,wagon,rejected,T75,,No Retrofit Needed
5403.75,2025-12-04T18:03:45+00:00,W0191,wagon,rejected,T75,,No Retrofit Needed
5415.0,2025-12-04T18:15:00+00:00,W11989,wagon,retrofitted,,,
5415.0,2025-12-04T18:15:00+00:00,W10725,wagon,retrofitted,,,
5415.5,2025-12-04T18:15:30+00:00,LOCO_01,locomotive,moving,,,
5422.5,2025-12-04T18:22:30+00:00,LOCO_01,locomotive,moving,,,
5422.5,2025-12-04T18:22:30+00:00,W11989,wagon,moving,,,
5422.5,2025-12-04T18:22:30+00:00,W10725,wagon,moving,,,
5427.5,2025-12-04T18:27:30+00:00,LOCO_01,locomotive,moving,,,
5434.5,2025-12-04T18:34:30+00:00,LOCO_01,locomotive,moving,,,
5441.0,2025-12-04T18:41:00+00:00,W10728,wagon,retrofitted,,,
5441.0,2025-12-04T18:41:00+00:00,W5978,wagon,retrofitted,,,
5442.5,2025-12-04T18:42:30+00:00,LOCO_01,locomotive,moving,,,
5442.5,2025-12-04T18:42:30+00:00,W5686,wagon,moving,,,
5442.5,2025-12-04T18:42:30+00:00,W11361,wagon,moving,,,
5447.5,2025-12-04T18:47:30+00:00,W5686,wagon,in_workshop,,,
5447.5,2025-12-04T18:47:30+00:00,W11361,wagon,in_workshop,,,
5453.5,2025-12-04T18:53:30+00:00,W5686,wagon,in_workshop,,,
5453.5,2025-12-04T18:53:30+00:00,W11361,wagon,in_workshop,,,
5453.5,2025-12-04T18:53:30+00:00,LOCO_01,locomotive,moving,,,
5458.5,2025-12-04T18:58:30+00:00,LOCO_01,locomotive,moving,,,
5465.25,2025-12-04T19:05:15+00:00,W12060,wagon,rejected,T76,,No Retrofit Needed
5465.25,2025-12-04T19:05:15+00:00,W2973,wagon,rejected,T76,,NO_COLLECTION_TRACK
5465.25,2025-12-04T19:05:15+00:00,W0430,wagon,rejected,T76,,NO_COLLECTION_TRACK
5465.25,2025-12-04T19:05:15+00:00,W5757,wagon,rejected,T76,,NO_COLLECTION_TRACK
5465.25,2025-12-04T19:05:15+00:00,W7272,wagon,rejected,T76,,NO_COLLECTION_TRACK
5465.25,2025-12-04T19:05:15+00:00,W9009,wagon,rejected,T76,,NO_COLLECTION_TRACK
5465.5,2025-12-04T19:05:30+00:00,LOCO_01,locomotive,moving,,,
5465.5,2025-12-04T19:05:30+00:00,W10728,wagon,moving,,,
5465.5,2025-12-04T19:05:30+00:00,W5978,wagon,moving,,,
5470.25,2025-12-04T19:10:15+00:00,W11256,wagon,rejected,T77,,No Retrofit Needed
5470.25,2025-12-04T19:10:15+00:00,W11261,wagon,rejected,T77,,No Retrofit Needed
5470.25,2025-12-04T19:10:15+00:00,W11269,wagon,rejected,T77,,No Retrofit Needed
5470.25,2025-12-04T19:10:15+00:00,W11555,wagon,rejected,T77,,No Retrofit Needed
5470.25,2025-12-04T19:10:15+00:00,W11348,wagon,rejected,T77,,No Retrofit Needed
5470.25,2025-12-04T19:10:15+00:00,W9238,wagon,rejected,T77,,NO_COLLECTION_TRACK
5470.5,2025-12-04T19:10:30+00:00,LOCO_01,locomotive,moving,,,
5477.25,2025-12-04T19:17:15+00:00,W4701,wagon,rejected,T78,,No Retrofit Needed
5477.25,2025-12-04T19:17:15+00:00,W4726,wagon,rejected,T78,,No Retrofit Needed
5477.25,2025-12-04T19:17:15+00:00,W4754,wagon,rejected,T78,,No Retrofit Needed
5477.5,2025-12-04T19:17:30+00:00,LOCO_01,locomotive,moving,,,
5484.5,2025-12-04T19:24:30+00:00,W3651,wagon,parked,,,
5484.5,2025-12-04T19:24:30+00:00,W4026,wagon,parked,,,
5484.5,2025-12-04T19:24:30+00:00,W2716,wagon,parked,,,
5484.5,2025-12-04T19:24:30+00:00,W11256,wagon,parked,,,
5484.5,2025-12-04T19:24:30+00:00,W10892,wagon,parked,,,
5484.5,2025-12-04T19:24:30+00:00,W1906,wagon,parked,,,
5484.5,2025-12-04T19:24:30+00:00,W1158,wagon,parked,,,
5484.5,2025-12-04T19:24:30+00:00,W1139,wagon,parked,,,
5484.5,2025-12-04T19:24:30+00:00,LOCO_02,locomotive,moving,,,
5485.5,2025-12-04T19:25:30+00:00,LOCO_01,locomotive,moving,,,
5485.5,2025-12-04T19:25:30+00:00,W7115,wagon,moving,,,
5485.5,2025-12-04T19:25:30+00:00,W11723,wagon,moving,,,
5490.5,2025-12-04T19:30:30+00:00,W7115,wagon,in_workshop,,,
5490.5,2025-12-04T19:30:30+00:00,W11723,wagon,in_workshop,,,
5496.5,2025-12-04T19:36:30+00:00,W7115,wagon,in_workshop,,,
5496.5,2025-12-04T19:36:30+00:00,W11723,wagon,in_workshop,,,
5496.5,2025-12-04T19:36:30+00:00,LOCO_01,locomotive,moving,,,
5501.5,2025-12-04T19:41:30+00:00,LOCO_01,locomotive,moving,,,
5513.5,2025-12-04T19:53:30+00:00,W5686,wagon,retrofitted,,,
5513.5,2025-12-04T19:53:30+00:00,W11361,wagon,retrofitted,,,
5517.75,2025-12-04T19:57:45+00:00,W2298,wagon,rejected,T79,,NO_COLLECTION_TRACK
5517.75,2025-12-04T19:57:45+00:00,W2162,wagon,rejected,T79,,NO_COLLECTION_TRACK
5517.75,2025-12-04T19:57:45+00:00,W2362,wagon,rejected,T79,,NO_COLLECTION_TRACK
5517.75,2025-12-04T19:57:45+00:00,W2207,wagon,rejected,T79,,NO_COLLECTION_TRACK
5517.75,2025-12-04T19:57:45+00:00,W2126,wagon,rejected,T79,,NO_COLLECTION_TRACK
5517.75,2025-12-04T19:57:45+00:00,W2083,wagon,rejected,T79,,NO_COLLECTION_TRACK
5517.75,2025-12-04T19:57:45+00:00,W7103,wagon,rejected,T79,,NO_COLLECTION_TRACK
5517.75,2025-12-04T19:57:45+00:00,W4733,wagon,rejected,T79,,NO_COLLECTION_TRACK
5544.5,2025-12-04T20:24:30+00:00,LOCO_02,locomotive,moving,,,
5551.5,2025-12-04T20:31:30+00:00,LOCO_02,locomotive,moving,,,
5551.5,2025-12-04T20:31:30+00:00,W5686,wagon,moving,,,
5551.5,2025-12-04T20:31:30+00:00,W11361,wagon,moving,,,
5556.5,2025-12-04T20:36:30+00:00,W7115,wagon,retrofitted,,,
5556.5,2025-12-04T20:36:30+00:00,W11723,wagon,retrofitted,,,
5556.5,2025-12-04T20:36:30+00:00,LOCO_02,locomotive,moving,,,
5557.0,2025-12-04T20:37:00+00:00,W8634,wagon,rejected,T80,,NO_COLLECTION_TRACK
5557.0,2025-12-04T20:37:00+00:00,W11915,wagon,rejected,T80,,NO_COLLECTION_TRACK
5557.0,2025-12-04T20:37:00+00:00,W2405,wagon,rejected,T80,,NO_COLLECTION_TRACK
5557.0,2025-12-04T20:37:00+00:00,W10113,wagon,rejected,T80,,NO_COLLECTION_TRACK
5557.0,2025-12-04T20:37:00+00:00,W5172,wagon,rejected,T80,,NO_COLLECTION_TRACK
5561.5,2025-12-04T20:41:30+00:00,LOCO_01,locomotive,assigned,,,
5561.5,2025-12-04T20:41:30+00:00,LOCO_02,locomotive,moving,,,
5566.25,2025-12-04T20:46:15+00:00,W5592,wagon,rejected,T81,,NO_COLLECTION_TRACK
5566.25,2025-12-04T20:46:15+00:00,W2898,wagon,rejected,T81,,NO_COLLECTION_TRACK
5566.25,2025-12-04T20:46:15+00:00,W2586,wagon,rejected,T81,,NO_COLLECTION_TRACK
5568.5,2025-12-04T20:48:30+00:00,LOCO_02,locomotive,moving,,,
5568.5,2025-12-04T20:48:30+00:00,W7115,wagon,moving,,,
5568.5,2025-12-04T20:48:30+00:00,W11723,wagon,moving,,,
5570.5,2025-12-04T20:50:30+00:00,LOCO_01,locomotive,moving,,,
5570.5,2025-12-04T20:50:30+00:00,W9040,wagon,moving,,,
5570.5,2025-12-04T20:50:30+00:00,W9345,wagon,moving,,,
5570.5,2025-12-04T20:50:30+00:00,W8705,wagon,moving,,,
5570.5,2025-12-04T20:50:30+00:00,W5057,wagon,moving,,,
5573.5,2025-12-04T20:53:30+00:00,LOCO_02,locomotive,moving,,,
5580.5,2025-12-04T21:00:30+00:00,LOCO_02,locomotive,moving,,,
5588.5,2025-12-04T21:08:30+00:00,LOCO_02,locomotive,moving,,,
5588.5,2025-12-04T21:08:30+00:00,W8675,wagon,moving,,,
5588.5,2025-12-04T21:08:30+00:00,W10706,wagon,moving,,,
5593.5,2025-12-04T21:13:30+00:00,W8675,wagon,in_workshop,,,
5593.5,2025-12-04T21:13:30+00:00,W10706,wagon,in_workshop,,,
5599.5,2025-12-04T21:19:30+00:00,W8675,wagon,in_workshop,,,
5599.5,2025-12-04T21:19:30+00:00,W10706,wagon,in_workshop,,,
5599.5,2025-12-04T21:19:30+00:00,LOCO_02,locomotive,moving,,,
5606.5,2025-12-04T21:26:30+00:00,LOCO_02,locomotive,moving,,,
5614.5,2025-12-04T21:34:30+00:00,LOCO_02,locomotive,moving,,,
5614.5,2025-12-04T21:34:30+00:00,W9959,wagon,moving,,,
5614.5,2025-12-04T21:34:30+00:00,W2737,wagon,moving,,,
5619.5,2025-12-04T21:39:30+00:00,W9959,wagon,in_workshop,,,
5619.5,2025-12-04T21:39:30+00:00,W2737,wagon,in_workshop,,,
5625.5,2025-12-04T21:45:30+00:00,W9959,wagon,in_workshop,,,
5625.5,2025-12-04T21:45:30+00:00,W2737,wagon,in_workshop,,,
5625.5,2025-12-04T21:45:30+00:00,LOCO_02,locomotive,moving,,,
5630.5,2025-12-04T21:50:30+00:00,W9040,wagon,queued,,,
5630.5,2025-12-04T21:50:30+00:00,W9345,wagon,queued,,,
5630.5,2025-12-04T21:50:30+00:00,W8705,wagon,queued,,,
5630.5,2025-12-04T21:50:30+00:00,W5057,wagon,queued,,,
5630.5,2025-12-04T21:50:30+00:00,LOCO_02,locomotive,moving,,,
5651.5,2025-12-04T22:11:30+00:00,LOCO_01,locomotive,moving,,,
5656.5,2025-12-04T22:16:30+00:00,LOCO_01,locomotive,assigned,,,
5656.5,2025-12-04T22:16:30+00:00,LOCO_01,locomotive,moving,,,
5659.5,2025-12-04T22:19:30+00:00,W8675,wagon,retrofitted,,,
5659.5,2025-12-04T22:19:30+00:00,W10706,wagon,retrofitted,,,
5666.5,2025-12-04T22:26:30+00:00,LOCO_01,locomotive,moving,,,
5679.0,2025-12-04T22:39:00+00:00,W1149,wagon,parked,,,
5679.0,2025-12-04T22:39:00+00:00,W1150,wagon,parked,,,
5679.0,2025-12-04T22:39:00+00:00,W1151,wagon,parked,,,
5679.0,2025-12-04T22:39:00+00:00,W1152,wagon,parked,,,
5679.0,2025-12-04T22:39:00+00:00,W11989,wagon,parked,,,
5679.0,2025-12-04T22:39:00+00:00,W10725,wagon,parked,,,
5679.0,2025-12-04T22:39:00+00:00,W10728,wagon,parked,,,
5679.0,2025-12-04T22:39:00+00:00,W5978,wagon,parked,,,
5679.0,2025-12-04T22:39:00+00:00,LOCO_01,locomotive,moving,,,
5684.0,2025-12-04T22:44:00+00:00,LOCO_01,locomotive,moving,,,
5685.5,2025-12-04T22:45:30+00:00,W9959,wagon,retrofitted,,,
5685.5,2025-12-04T22:45:30+00:00,W2737,wagon,retrofitted,,,
5690.5,2025-12-04T22:50:30+00:00,LOCO_02,locomotive,assigned,,,
5691.0,2025-12-04T22:51:00+00:00,LOCO_01,locomotive,moving,,,
5691.0,2025-12-04T22:51:00+00:00,W8675,wagon,moving,,,
5691.0,2025-12-04T22:51:00+00:00,W10706,wagon,moving,,,
5693.5,2025-12-04T22:53:30+00:00,LOCO_02,locomotive,moving,,,
5693.5,2025-12-04T22:53:30+00:00,W2971,wagon,moving,,,
5696.0,2025-12-04T22:56:00+00:00,LOCO_01,locomotive,moving,,,
5701.0,2025-12-04T23:01:00+00:00,LOCO_01,locomotive,moving,,,
5708.0,2025-12-04T23:08:00+00:00,LOCO_01,locomotive,moving,,,
5708.0,2025-12-04T23:08:00+00:00,W9959,wagon,moving,,,
5708.0,2025-12-04T23:08:00+00:00,W2737,wagon,moving,,,
5713.0,2025-12-04T23:13:00+00:00,LOCO_01,locomotive,moving,,,
5720.0,2025-12-04T23:20:00+00:00,LOCO_01,locomotive,moving,,,
5724.0,2025-12-04T23:24:00+00:00,W11482,wagon,arrived,T82,,
5724.0,2025-12-04T23:24:00+00:00,W8671,wagon,arrived,T82,,
5724.0,2025-12-04T23:24:00+00:00,W11252,wagon,arrived,T82,,
5724.0,2025-12-04T23:24:00+00:00,W5452,wagon,arrived,T82,,
5724.0,2025-12-04T23:24:00+00:00,W6800,wagon,arrived,T82,,
5728.0,2025-12-04T23:28:00+00:00,LOCO_01,locomotive,moving,,,
5728.0,2025-12-04T23:28:00+00:00,W10081,wagon,moving,,,
5728.0,2025-12-04T23:28:00+00:00,W7253,wagon,moving,,,
5733.0,2025-12-04T23:33:00+00:00,W10081,wagon,in_workshop,,,
5733.0,2025-12-04T23:33:00+00:00,W7253,wagon,in_workshop,,,
5739.0,2025-12-04T23:39:00+00:00,W10081,wagon,in_workshop,,,
5739.0,2025-12-04T23:39:00+00:00,W7253,wagon,in_workshop,,,
5739.0,2025-12-04T23:39:00+00:00,LOCO_01,locomotive,moving,,,
5746.0,2025-12-04T23:46:00+00:00,LOCO_01,locomotive,moving,,,
5753.5,2025-12-04T23:53:30+00:00,W2971,wagon,queued,,,
5754.0,2025-12-04T23:54:00+00:00,LOCO_01,locomotive,moving,,,
5754.0,2025-12-04T23:54:00+00:00,W7261,wagon,moving,,,
5754.0,2025-12-04T23:54:00+00:00,W11014,wagon,moving,,,
5756.5,2025-12-04T23:56:30+00:00,LOCO_02,locomotive,moving,,,
5758.0,2025-12-04T23:58:00+00:00,W0678,wagon,rejected,T83,,No Retrofit Needed
5758.0,2025-12-04T23:58:00+00:00,W8380,wagon,arrived,T83,,
5758.0,2025-12-04T23:58:00+00:00,W8378,wagon,arrived,T83,,
5759.0,2025-12-04T23:59:00+00:00,W7261,wagon,in_workshop,,,
5759.0,2025-12-04T23:59:00+00:00,W11014,wagon,in_workshop,,,
5761.5,2025-12-05T00:01:30+00:00,LOCO_02,locomotive,moving,,,
5765.0,2025-12-05T00:05:00+00:00,W7261,wagon,in_workshop,,,
5765.0,2025-12-05T00:05:00+00:00,W11014,wagon,in_workshop,,,
5765.0,2025-12-05T00:05:00+00:00,LOCO_01,locomotive,moving,,,
5768.0,2025-12-05T00:08:00+00:00,W10354,wagon,rejected,T84,,No Retrofit Needed
5768.0,2025-12-05T00:08:00+00:00,W10321,wagon,rejected,T84,,No Retrofit Needed
5770.0,2025-12-05T00:10:00+00:00,LOCO_01,locomotive,assigned,,,
5770.0,2025-12-05T00:10:00+00:00,LOCO_01,locomotive,moving,,,
5775.25,2025-12-05T00:15:15+00:00,W10336,wagon,rejected,T85,,NO_COLLECTION_TRACK
5775.25,2025-12-05T00:15:15+00:00,W9517,wagon,rejected,T85,,NO_COLLECTION_TRACK
5775.25,2025-12-05T00:15:15+00:00,W9543,wagon,rejected,T85,,NO_COLLECTION_TRACK
5775.25,2025-12-05T00:15:15+00:00,W9544,wagon,rejected,T85,,NO_COLLECTION_TRACK
5775.25,2025-12-05T00:15:15+00:00,W9397,wagon,arrived,T85,,
5775.25,2025-12-05T00:15:15+00:00,W9591,wagon,arrived,T85,,
5775.25,2025-12-05T00:15:15+00:00,W9573,wagon,arrived,T85,,
5778.0,2025-12-05T00:18:00+00:00,LOCO_01,locomotive,moving,,,
5799.0,2025-12-05T00:39:00+00:00,W10081,wagon,retrofitted,,,
5799.0,2025-12-05T00:39:00+00:00,W7253,wagon,retrofitted,,,
5821.5,2025-12-05T01:01:30+00:00,LOCO_02,locomotive,assigned,,,
5822.25,2025-12-05T01:02:15+00:00,W6592,wagon,rejected,T86,,No Retrofit Needed
5822.25,2025-12-05T01:02:15+00:00,W6682,wagon,rejected,T86,,No Retrofit Needed
5825.0,2025-12-05T01:05:00+00:00,W7261,wagon,retrofitted,,,
5825.0,2025-12-05T01:05:00+00:00,W11014,wagon,retrofitted,,,
5840.5,2025-12-05T01:20:30+00:00,LOCO_02,locomotive,moving,,,
5840.5,2025-12-05T01:20:30+00:00,W4522,wagon,moving,,,
5840.5,2025-12-05T01:20:30+00:00,W4479,wagon,moving,,,
5840.5,2025-12-05T01:20:30+00:00,W12036,wagon,moving,,,
5840.5,2025-12-05T01:20:30+00:00,W2786,wagon,moving,,,
5840.5,2025-12-05T01:20:30+00:00,W9981,wagon,moving,,,
5840.5,2025-12-05T01:20:30+00:00,W6246,wagon,moving,,,
5840.5,2025-12-05T01:20:30+00:00,W5947,wagon,moving,,,
5840.5,2025-12-05T01:20:30+00:00,W5711,wagon,moving,,,
5840.5,2025-12-05T01:20:30+00:00,W6884,wagon,moving,,,
5850.25,2025-12-05T01:30:15+00:00,W11259,wagon,rejected,T87,,No Retrofit Needed
5850.25,2025-12-05T01:30:15+00:00,W2112,wagon,rejected,T87,,NO_COLLECTION_TRACK
5856.5,2025-12-05T01:36:30+00:00,W5686,wagon,parked,,,
5856.5,2025-12-05T01:36:30+00:00,W11361,wagon,parked,,,
5856.5,2025-12-05T01:36:30+00:00,W7115,wagon,parked,,,
5856.5,2025-12-05T01:36:30+00:00,W11723,wagon,parked,,,
5856.5,2025-12-05T01:36:30+00:00,LOCO_01,locomotive,moving,,,
5900.5,2025-12-05T02:20:30+00:00,W4522,wagon,queued,,,
5900.5,2025-12-05T02:20:30+00:00,W4479,wagon,queued,,,
5900.5,2025-12-05T02:20:30+00:00,W12036,wagon,queued,,,
5900.5,2025-12-05T02:20:30+00:00,W2786,wagon,queued,,,
5900.5,2025-12-05T02:20:30+00:00,W9981,wagon,queued,,,
5900.5,2025-12-05T02:20:30+00:00,W6246,wagon,queued,,,
5900.5,2025-12-05T02:20:30+00:00,W5947,wagon,queued,,,
5900.5,2025-12-05T02:20:30+00:00,W5711,wagon,queued,,,
5900.5,2025-12-05T02:20:30+00:00,W6884,wagon,queued,,,
5903.5,2025-12-05T02:23:30+00:00,W9868,wagon,rejected,T88,,No Retrofit Needed
5903.5,2025-12-05T02:23:30+00:00,W8631,wagon,rejected,T88,,No Retrofit Needed
5903.5,2025-12-05T02:23:30+00:00,W7400,wagon,rejected,T88,,NO_COLLECTION_TRACK
5903.5,2025-12-05T02:23:30+00:00,W0606,wagon,rejected,T88,,NO_COLLECTION_TRACK
5903.5,2025-12-05T02:23:30+00:00,W2548,wagon,rejected,T88,,NO_COLLECTION_TRACK
5903.5,2025-12-05T02:23:30+00:00,W9948,wagon,rejected,T88,,NO_COLLECTION_TRACK
5903.5,2025-12-05T02:23:30+00:00,W9708,wagon,rejected,T88,,NO_COLLECTION_TRACK
5903.5,2025-12-05T02:23:30+00:00,W0630,wagon,rejected,T88,,NO_COLLECTION_TRACK
5903.5,2025-12-05T02:23:30+00:00,W9491,wagon,rejected,T88,,NO_COLLECTION_TRACK
5916.5,2025-12-05T02:36:30+00:00,LOCO_01,locomotive,moving,,,
5923.5,2025-12-05T02:43:30+00:00,LOCO_01,locomotive,moving,,,
5923.5,2025-12-05T02:43:30+00:00,W10081,wagon,moving,,,
5923.5,2025-12-05T02:43:30+00:00,W7253,wagon,moving,,,
5923.75,2025-12-05T02:43:45+00:00,W10581,wagon,rejected,T89,,NO_COLLECTION_TRACK
5923.75,2025-12-05T02:43:45+00:00,W11344,wagon,rejected,T89,,NO_COLLECTION_TRACK
5923.75,2025-12-05T02:43:45+00:00,W10258,wagon,rejected,T89,,NO_COLLECTION_TRACK
5923.75,2025-12-05T02:43:45+00:00,W5310,wagon,rejected,T89,,NO_COLLECTION_TRACK
5923.75,2025-12-05T02:43:45+00:00,W12355,wagon,arrived,T89,,
5928.5,2025-12-05T02:48:30+00:00,LOCO_01,locomotive,moving,,,
5933.5,2025-12-05T02:53:30+00:00,LOCO_01,locomotive,moving,,,
5940.5,2025-12-05T03:00:30+00:00,LOCO_01,locomotive,moving,,,
5940.5,2025-12-05T03:00:30+00:00,W7261,wagon,moving,,,
5940.5,2025-12-05T03:00:30+00:00,W11014,wagon,moving,,,
5945.5,2025-12-05T03:05:30+00:00,LOCO_01,locomotive,moving,,,
5951.5,2025-12-05T03:11:30+00:00,LOCO_02,locomotive,moving,,,
5952.5,2025-12-05T03:12:30+00:00,LOCO_01,locomotive,moving,,,
5958.5,2025-12-05T03:18:30+00:00,LOCO_02,locomotive,moving,,,
5960.5,2025-12-05T03:20:30+00:00,LOCO_01,locomotive,moving,,,
5960.5,2025-12-05T03:20:30+00:00,W9040,wagon,moving,,,
5960.5,2025-12-05T03:20:30+00:00,W9345,wagon,moving,,,
5965.5,2025-12-05T03:25:30+00:00,W9040,wagon,in_workshop,,,
5965.5,2025-12-05T03:25:30+00:00,W9345,wagon,in_workshop,,,
5966.5,2025-12-05T03:26:30+00:00,LOCO_02,locomotive,moving,,,
5966.5,2025-12-05T03:26:30+00:00,W8705,wagon,moving,,,
5966.5,2025-12-05T03:26:30+00:00,W5057,wagon,moving,,,
5971.5,2025-12-05T03:31:30+00:00,W8705,wagon,in_workshop,,,
5971.5,2025-12-05T03:31:30+00:00,W5057,wagon,in_workshop,,,
5971.5,2025-12-05T03:31:30+00:00,W9040,wagon,in_workshop,,,
5971.5,2025-12-05T03:31:30+00:00,W9345,wagon,in_workshop,,,
5971.5,2025-12-05T03:31:30+00:00,LOCO_01,locomotive,moving,,,
5976.5,2025-12-05T03:36:30+00:00,LOCO_01,locomotive,assigned,,,
5976.5,2025-12-05T03:36:30+00:00,LOCO_01,locomotive,moving,,,
5977.5,2025-12-05T03:37:30+00:00,W8705,wagon,in_workshop,,,
5977.5,2025-12-05T03:37:30+00:00,W5057,wagon,in_workshop,,,
5977.5,2025-12-05T03:37:30+00:00,LOCO_02,locomotive,moving,,,
5984.5,2025-12-05T03:44:30+00:00,LOCO_01,locomotive,moving,,,
6031.5,2025-12-05T04:31:30+00:00,W9040,wagon,retrofitted,,,
6031.5,2025-12-05T04:31:30+00:00,W9345,wagon,retrofitted,,,
6032.0,2025-12-05T04:32:00+00:00,LOCO_02,locomotive,moving,,,
6037.5,2025-12-05T04:37:30+00:00,W8705,wagon,retrofitted,,,
6037.5,2025-12-05T04:37:30+00:00,W5057,wagon,retrofitted,,,
6039.0,2025-12-05T04:39:00+00:00,LOCO_02,locomotive,moving,,,
6039.0,2025-12-05T04:39:00+00:00,W9040,wagon,moving,,,
6039.0,2025-12-05T04:39:00+00:00,W9345,wagon,moving,,,
6044.0,2025-12-05T04:44:00+00:00,LOCO_02,locomotive,moving,,,
6048.0,2025-12-05T04:48:00+00:00,W8675,wagon,parked,,,
6048.0,2025-12-05T04:48:00+00:00,W10706,wagon,parked,,,
6048.0,2025-12-05T04:48:00+00:00,W9959,wagon,parked,,,
6048.0,2025-12-05T04:48:00+00:00,W2737,wagon,parked,,,
6048.0,2025-12-05T04:48:00+00:00,LOCO_01,locomotive,moving,,,
6049.0,2025-12-05T04:49:00+00:00,LOCO_02,locomotive,moving,,,
6056.0,2025-12-05T04:56:00+00:00,LOCO_02,locomotive,moving,,,
6056.0,2025-12-05T04:56:00+00:00,W8705,wagon,moving,,,
6056.0,2025-12-05T04:56:00+00:00,W5057,wagon,moving,,,
6061.0,2025-12-05T05:01:00+00:00,LOCO_02,locomotive,moving,,,
6067.5,2025-12-05T05:07:30+00:00,W0943,wagon,rejected,T90,,NO_COLLECTION_TRACK
6067.5,2025-12-05T05:07:30+00:00,W9440,wagon,arrived,T90,,
6067.5,2025-12-05T05:07:30+00:00,W9489,wagon,arrived,T90,,
6067.5,2025-12-05T05:07:30+00:00,W2712,wagon,arrived,T90,,
6068.0,2025-12-05T05:08:00+00:00,LOCO_02,locomotive,moving,,,
6076.0,2025-12-05T05:16:00+00:00,LOCO_02,locomotive,moving,,,
6076.0,2025-12-05T05:16:00+00:00,W2971,wagon,moving,,,
6076.0,2025-12-05T05:16:00+00:00,W4522,wagon,moving,,,
6081.0,2025-12-05T05:21:00+00:00,W2971,wagon,in_workshop,,,
6081.0,2025-12-05T05:21:00+00:00,W4522,wagon,in_workshop,,,
6087.0,2025-12-05T05:27:00+00:00,W2971,wagon,in_workshop,,,
6087.0,2025-12-05T05:27:00+00:00,W4522,wagon,in_workshop,,,
6087.0,2025-12-05T05:27:00+00:00,LOCO_02,locomotive,moving,,,
6094.0,2025-12-05T05:34:00+00:00,LOCO_02,locomotive,moving,,,
6102.0,2025-12-05T05:42:00+00:00,LOCO_02,locomotive,moving,,,
6102.0,2025-12-05T05:42:00+00:00,W4479,wagon,moving,,,
6102.0,2025-12-05T05:42:00+00:00,W12036,wagon,moving,,,
6107.0,2025-12-05T05:47:00+00:00,W4479,wagon,in_workshop,,,
6107.0,2025-12-05T05:47:00+00:00,W12036,wagon,in_workshop,,,
6108.0,2025-12-05T05:48:00+00:00,LOCO_01,locomotive,moving,,,
6113.0,2025-12-05T05:53:00+00:00,W4479,wagon,in_workshop,,,
6113.0,2025-12-05T05:53:00+00:00,W12036,wagon,in_workshop,,,
6113.0,2025-12-05T05:53:00+00:00,LOCO_02,locomotive,moving,,,
6118.0,2025-12-05T05:58:00+00:00,LOCO_02,locomotive,moving,,,
6147.0,2025-12-05T06:27:00+00:00,W2971,wagon,retrofitted,,,
6147.0,2025-12-05T06:27:00+00:00,W4522,wagon,retrofitted,,,
6168.0,2025-12-05T06:48:00+00:00,LOCO_01,locomotive,assigned,,,
6173.0,2025-12-05T06:53:00+00:00,W4479,wagon,retrofitted,,,
6173.0,2025-12-05T06:53:00+00:00,W12036,wagon,retrofitted,,,
6175.0,2025-12-05T06:55:00+00:00,LOCO_01,locomotive,moving,,,
6175.0,2025-12-05T06:55:00+00:00,W0607,wagon,moving,,,
6175.0,2025-12-05T06:55:00+00:00,W0032,wagon,moving,,,
6175.0,2025-12-05T06:55:00+00:00,W6592,wagon,moving,,,
6178.0,2025-12-05T06:58:00+00:00,LOCO_02,locomotive,assigned,,,
6187.0,2025-12-05T07:07:00+00:00,LOCO_02,locomotive,moving,,,
6187.0,2025-12-05T07:07:00+00:00,W5575,wagon,moving,,,
6187.0,2025-12-05T07:07:00+00:00,W8085,wagon,moving,,,
6187.0,2025-12-05T07:07:00+00:00,W8082,wagon,moving,,,
6187.0,2025-12-05T07:07:00+00:00,W0117,wagon,moving,,,
6235.0,2025-12-05T07:55:00+00:00,W0607,wagon,queued,,,
6235.0,2025-12-05T07:55:00+00:00,W0032,wagon,queued,,,
6235.0,2025-12-05T07:55:00+00:00,W6592,wagon,queued,,,
6247.0,2025-12-05T08:07:00+00:00,W5575,wagon,queued,,,
6247.0,2025-12-05T08:07:00+00:00,W8085,wagon,queued,,,
6247.0,2025-12-05T08:07:00+00:00,W8082,wagon,queued,,,
6247.0,2025-12-05T08:07:00+00:00,W0117,wagon,queued,,,
6250.0,2025-12-05T08:10:00+00:00,LOCO_01,locomotive,moving,,,
6255.0,2025-12-05T08:15:00+00:00,LOCO_01,locomotive,moving,,,
6262.0,2025-12-05T08:22:00+00:00,LOCO_01,locomotive,moving,,,
6262.0,2025-12-05T08:22:00+00:00,W2971,wagon,moving,,,
6262.0,2025-12-05T08:22:00+00:00,W4522,wagon,moving,,,
6267.0,2025-12-05T08:27:00+00:00,LOCO_01,locomotive,moving,,,
6268.0,2025-12-05T08:28:00+00:00,LOCO_02,locomotive,moving,,,
6272.0,2025-12-05T08:32:00+00:00,LOCO_01,locomotive,moving,,,
6275.0,2025-12-05T08:35:00+00:00,LOCO_02,locomotive,moving,,,
6279.0,2025-12-05T08:39:00+00:00,LOCO_01,locomotive,moving,,,
6279.0,2025-12-05T08:39:00+00:00,W4479,wagon,moving,,,
6279.0,2025-12-05T08:39:00+00:00,W12036,wagon,moving,,,
6283.0,2025-12-05T08:43:00+00:00,LOCO_02,locomotive,moving,,,
6283.0,2025-12-05T08:43:00+00:00,W2786,wagon,moving,,,
6283.0,2025-12-05T08:43:00+00:00,W9981,wagon,moving,,,
6284.0,2025-12-05T08:44:00+00:00,LOCO_01,locomotive,moving,,,
6288.0,2025-12-05T08:48:00+00:00,W2786,wagon,in_workshop,,,
6288.0,2025-12-05T08:48:00+00:00,W9981,wagon,in_workshop,,,
6289.0,2025-12-05T08:49:00+00:00,LOCO_01,locomotive,assigned,,,
6289.0,2025-12-05T08:49:00+00:00,LOCO_01,locomotive,moving,,,
6294.0,2025-12-05T08:54:00+00:00,W2786,wagon,in_workshop,,,
6294.0,2025-12-05T08:54:00+00:00,W9981,wagon,in_workshop,,,
6294.0,2025-12-05T08:54:00+00:00,LOCO_02,locomotive,moving,,,
6299.0,2025-12-05T08:59:00+00:00,LOCO_01,locomotive,moving,,,
6301.0,2025-12-05T09:01:00+00:00,LOCO_02,locomotive,moving,,,
6309.0,2025-12-05T09:09:00+00:00,LOCO_02,locomotive,moving,,,
6309.0,2025-12-05T09:09:00+00:00,W6246,wagon,moving,,,
6309.0,2025-12-05T09:09:00+00:00,W5947,wagon,moving,,,
6314.0,2025-12-05T09:14:00+00:00,W6246,wagon,in_workshop,,,
6314.0,2025-12-05T09:14:00+00:00,W5947,wagon,in_workshop,,,
6320.0,2025-12-05T09:20:00+00:00,W6246,wagon,in_workshop,,,
6320.0,2025-12-05T09:20:00+00:00,W5947,wagon,in_workshop,,,
6320.0,2025-12-05T09:20:00+00:00,LOCO_02,locomotive,moving,,,
6354.0,2025-12-05T09:54:00+00:00,W2786,wagon,retrofitted,,,
6354.0,2025-12-05T09:54:00+00:00,W9981,wagon,retrofitted,,,
6354.5,2025-12-05T09:54:30+00:00,LOCO_02,locomotive,moving,,,
6361.5,2025-12-05T10:01:30+00:00,LOCO_02,locomotive,moving,,,
6361.5,2025-12-05T10:01:30+00:00,W2786,wagon,moving,,,
6361.5,2025-12-05T10:01:30+00:00,W9981,wagon,moving,,,
6366.5,2025-12-05T10:06:30+00:00,LOCO_02,locomotive,moving,,,
6366.5,2025-12-05T10:06:30+00:00,W10081,wagon,parked,,,
6366.5,2025-12-05T10:06:30+00:00,W7253,wagon,parked,,,
6366.5,2025-12-05T10:06:30+00:00,W7261,wagon,parked,,,
6366.5,2025-12-05T10:06:30+00:00,W11014,wagon,parked,,,
6366.5,2025-12-05T10:06:30+00:00,W9040,wagon,parked,,,
6366.5,2025-12-05T10:06:30+00:00,W9345,wagon,parked,,,
6366.5,2025-12-05T10:06:30+00:00,W8705,wagon,parked,,,
6366.5,2025-12-05T10:06:30+00:00,W5057,wagon,parked,,,
6366.5,2025-12-05T10:06:30+00:00,LOCO_01,locomotive,moving,,,
6373.5,2025-12-05T10:13:30+00:00,LOCO_02,locomotive,moving,,,
6380.0,2025-12-05T10:20:00+00:00,W6246,wagon,retrofitted,,,
6380.0,2025-12-05T10:20:00+00:00,W5947,wagon,retrofitted,,,
6381.5,2025-12-05T10:21:30+00:00,LOCO_02,locomotive,moving,,,
6381.5,2025-12-05T10:21:30+00:00,W5711,wagon,moving,,,
6381.5,2025-12-05T10:21:30+00:00,W6884,wagon,moving,,,
6386.5,2025-12-05T10:26:30+00:00,W5711,wagon,in_workshop,,,
6386.5,2025-12-05T10:26:30+00:00,W6884,wagon,in_workshop,,,
6392.5,2025-12-05T10:32:30+00:00,W5711,wagon,in_workshop,,,
6392.5,2025-12-05T10:32:30+00:00,W6884,wagon,in_workshop,,,
6392.5,2025-12-05T10:32:30+00:00,LOCO_02,locomotive,moving,,,
6397.5,2025-12-05T10:37:30+00:00,LOCO_02,locomotive,moving,,,
6404.5,2025-12-05T10:44:30+00:00,LOCO_02,locomotive,moving,,,
6404.5,2025-12-05T10:44:30+00:00,W6246,wagon,moving,,,
6404.5,2025-12-05T10:44:30+00:00,W5947,wagon,moving,,,
6409.5,2025-12-05T10:49:30+00:00,LOCO_02,locomotive,moving,,,
6414.5,2025-12-05T10:54:30+00:00,LOCO_02,locomotive,moving,,,
6428.5,2025-12-05T11:08:30+00:00,LOCO_01,locomotive,moving,,,
6436.5,2025-12-05T11:16:30+00:00,LOCO_01,locomotive,moving,,,
6436.5,2025-12-05T11:16:30+00:00,W0607,wagon,moving,,,
6436.5,2025-12-05T11:16:30+00:00,W0032,wagon,moving,,,
6441.5,2025-12-05T11:21:30+00:00,W0607,wagon,in_workshop,,,
6441.5,2025-12-05T11:21:30+00:00,W0032,wagon,in_workshop,,,
6447.5,2025-12-05T11:27:30+00:00,W0607,wagon,in_workshop,,,
6447.5,2025-12-05T11:27:30+00:00,W0032,wagon,in_workshop,,,
6447.5,2025-12-05T11:27:30+00:00,LOCO_01,locomotive,moving,,,
6452.5,2025-12-05T11:32:30+00:00,W5711,wagon,retrofitted,,,
6452.5,2025-12-05T11:32:30+00:00,W6884,wagon,retrofitted,,,
6452.5,2025-12-05T11:32:30+00:00,LOCO_01,locomotive,moving,,,
6474.5,2025-12-05T11:54:30+00:00,LOCO_02,locomotive,assigned,,,
6475.5,2025-12-05T11:55:30+00:00,W10249,wagon,arrived,T91,,
6475.5,2025-12-05T11:55:30+00:00,W2050,wagon,arrived,T91,,
6475.5,2025-12-05T11:55:30+00:00,W2386,wagon,arrived,T91,,
6475.5,2025-12-05T11:55:30+00:00,W10254,wagon,arrived,T91,,
6475.5,2025-12-05T11:55:30+00:00,W12057,wagon,arrived,T91,,
6475.5,2025-12-05T11:55:30+00:00,W2136,wagon,arrived,T91,,
6483.5,2025-12-05T12:03:30+00:00,LOCO_02,locomotive,moving,,,
6483.5,2025-12-05T12:03:30+00:00,W10601,wagon,moving,,,
6483.5,2025-12-05T12:03:30+00:00,W6942,wagon,moving,,,
6483.5,2025-12-05T12:03:30+00:00,W2744,wagon,moving,,,
6483.5,2025-12-05T12:03:30+00:00,W2686,wagon,moving,,,
6507.5,2025-12-05T12:27:30+00:00,W0607,wagon,retrofitted,,,
6507.5,2025-12-05T12:27:30+00:00,W0032,wagon,retrofitted,,,
6512.5,2025-12-05T12:32:30+00:00,LOCO_01,locomotive,assigned,,,
6519.5,2025-12-05T12:39:30+00:00,LOCO_01,locomotive,moving,,,
6519.5,2025-12-05T12:39:30+00:00,W0191,wagon,moving,,,
6519.5,2025-12-05T12:39:30+00:00,W11315,wagon,moving,,,
6519.5,2025-12-05T12:39:30+00:00,W6634,wagon,moving,,,
6543.5,2025-12-05T13:03:30+00:00,W10601,wagon,queued,,,
6543.5,2025-12-05T13:03:30+00:00,W6942,wagon,queued,,,
6543.5,2025-12-05T13:03:30+00:00,W2744,wagon,queued,,,
6543.5,2025-12-05T13:03:30+00:00,W2686,wagon,queued,,,
6564.5,2025-12-05T13:24:30+00:00,LOCO_02,locomotive,moving,,,
6569.5,2025-12-05T13:29:30+00:00,LOCO_02,locomotive,moving,,,
6576.5,2025-12-05T13:36:30+00:00,LOCO_02,locomotive,moving,,,
6576.5,2025-12-05T13:36:30+00:00,W5711,wagon,moving,,,
6576.5,2025-12-05T13:36:30+00:00,W6884,wagon,moving,,,
6579.5,2025-12-05T13:39:30+00:00,W0191,wagon,queued,,,
6579.5,2025-12-05T13:39:30+00:00,W11315,wagon,queued,,,
6579.5,2025-12-05T13:39:30+00:00,W6634,wagon,queued,,,
6581.5,2025-12-05T13:41:30+00:00,LOCO_02,locomotive,moving,,,
6586.5,2025-12-05T13:46:30+00:00,LOCO_02,locomotive,moving,,,
6593.5,2025-12-05T13:53:30+00:00,LOCO_02,locomotive,moving,,,
6593.5,2025-12-05T13:53:30+00:00,W0607,wagon,moving,,,
6593.5,2025-12-05T13:53:30+00:00,W0032,wagon,moving,,,
6594.5,2025-12-05T13:54:30+00:00,LOCO_01,locomotive,moving,,,
6595.0,2025-12-05T13:55:00+00:00,W5282,wagon,arrived,T92,,
6595.0,2025-12-05T13:55:00+00:00,W9940,wagon,arrived,T92,,
6595.0,2025-12-05T13:55:00+00:00,W9081,wagon,arrived,T92,,
6595.0,2025-12-05T13:55:00+00:00,W12074,wagon,arrived,T92,,
6598.5,2025-12-05T13:58:30+00:00,LOCO_02,locomotive,moving,,,
6601.5,2025-12-05T14:01:30+00:00,LOCO_01,locomotive,moving,,,
6603.5,2025-12-05T14:03:30+00:00,LOCO_02,locomotive,assigned,,,
6603.5,2025-12-05T14:03:30+00:00,LOCO_02,locomotive,moving,,,
6609.5,2025-12-05T14:09:30+00:00,LOCO_01,locomotive,moving,,,
6609.5,2025-12-05T14:09:30+00:00,W6592,wagon,moving,,,
6609.5,2025-12-05T14:09:30+00:00,W5575,wagon,moving,,,
6613.5,2025-12-05T14:13:30+00:00,LOCO_02,locomotive,moving,,,
6614.5,2025-12-05T14:14:30+00:00,W6592,wagon,in_workshop,,,
6614.5,2025-12-05T14:14:30+00:00,W5575,wagon,in_workshop,,,
6620.5,2025-12-05T14:20:30+00:00,W6592,wagon,in_workshop,,,
6620.5,2025-12-05T14:20:30+00:00,W5575,wagon,in_workshop,,,
6620.5,2025-12-05T14:20:30+00:00,LOCO_01,locomotive,moving,,,
6627.5,2025-12-05T14:27:30+00:00,LOCO_01,locomotive,moving,,,
6635.5,2025-12-05T14:35:30+00:00,LOCO_01,locomotive,moving,,,
6635.5,2025-12-05T14:35:30+00:00,W8085,wagon,moving,,,
6635.5,2025-12-05T14:35:30+00:00,W8082,wagon,moving,,,
6640.5,2025-12-05T14:40:30+00:00,W8085,wagon,in_workshop,,,
6640.5,2025-12-05T14:40:30+00:00,W8082,wagon,in_workshop,,,
6646.5,2025-12-05T14:46:30+00:00,W8085,wagon,in_workshop,,,
6646.5,2025-12-05T14:46:30+00:00,W8082,wagon,in_workshop,,,
6646.5,2025-12-05T14:46:30+00:00,LOCO_01,locomotive,moving,,,
6651.5,2025-12-05T14:51:30+00:00,LOCO_01,locomotive,moving,,,
6666.5,2025-12-05T15:06:30+00:00,W10886,wagon,rejected,T93,,No Retrofit Needed
6666.5,2025-12-05T15:06:30+00:00,W8952,wagon,rejected,T93,,NO_COLLECTION_TRACK
6666.5,2025-12-05T15:06:30+00:00,W7542,wagon,arrived,T93,,
6666.5,2025-12-05T15:06:30+00:00,W8990,wagon,arrived,T93,,
6666.5,2025-12-05T15:06:30+00:00,W10814,wagon,arrived,T93,,
6680.5,2025-12-05T15:20:30+00:00,W6592,wagon,retrofitted,,,
6680.5,2025-12-05T15:20:30+00:00,W5575,wagon,retrofitted,,,
6696.0,2025-12-05T15:36:00+00:00,W2971,wagon,parked,,,
6696.0,2025-12-05T15:36:00+00:00,W4522,wagon,parked,,,
6696.0,2025-12-05T15:36:00+00:00,W4479,wagon,parked,,,
6696.0,2025-12-05T15:36:00+00:00,W12036,wagon,parked,,,
6696.0,2025-12-05T15:36:00+00:00,W2786,wagon,parked,,,
6696.0,2025-12-05T15:36:00+00:00,W9981,wagon,parked,,,
6696.0,2025-12-05T15:36:00+00:00,W6246,wagon,parked,,,
6696.0,2025-12-05T15:36:00+00:00,W5947,wagon,parked,,,
6696.0,2025-12-05T15:36:00+00:00,LOCO_02,locomotive,moving,,,
6706.5,2025-12-05T15:46:30+00:00,W8085,wagon,retrofitted,,,
6706.5,2025-12-05T15:46:30+00:00,W8082,wagon,retrofitted,,,
6711.5,2025-12-05T15:51:30+00:00,LOCO_01,locomotive,assigned,,,
6720.5,2025-12-05T16:00:30+00:00,LOCO_01,locomotive,moving,,,
6720.5,2025-12-05T16:00:30+00:00,W8473,wagon,moving,,,
6720.5,2025-12-05T16:00:30+00:00,W8383,wagon,moving,,,
6720.5,2025-12-05T16:00:30+00:00,W9067,wagon,moving,,,
6720.5,2025-12-05T16:00:30+00:00,W0677,wagon,moving,,,
6756.0,2025-12-05T16:36:00+00:00,LOCO_02,locomotive,moving,,,
6763.0,2025-12-05T16:43:00+00:00,LOCO_02,locomotive,moving,,,
6763.0,2025-12-05T16:43:00+00:00,W6592,wagon,moving,,,
6763.0,2025-12-05T16:43:00+00:00,W5575,wagon,moving,,,
6768.0,2025-12-05T16:48:00+00:00,LOCO_02,locomotive,moving,,,
6773.0,2025-12-05T16:53:00+00:00,LOCO_02,locomotive,moving,,,
6780.0,2025-12-05T17:00:00+00:00,LOCO_02,locomotive,moving,,,
6780.0,2025-12-05T17:00:00+00:00,W8085,wagon,moving,,,
6780.0,2025-12-05T17:00:00+00:00,W8082,wagon,moving,,,
6780.5,2025-12-05T17:00:30+00:00,W8473,wagon,queued,,,
6780.5,2025-12-05T17:00:30+00:00,W8383,wagon,queued,,,
6780.5,2025-12-05T17:00:30+00:00,W9067,wagon,queued,,,
6780.5,2025-12-05T17:00:30+00:00,W0677,wagon,queued,,,
6785.0,2025-12-05T17:05:00+00:00,LOCO_02,locomotive,moving,,,
6792.0,2025-12-05T17:12:00+00:00,LOCO_02,locomotive,moving,,,
6800.0,2025-12-05T17:20:00+00:00,LOCO_02,locomotive,moving,,,
6800.0,2025-12-05T17:20:00+00:00,W0117,wagon,moving,,,
6800.0,2025-12-05T17:20:00+00:00,W10601,wagon,moving,,,
6801.5,2025-12-05T17:21:30+00:00,LOCO_01,locomotive,moving,,,
6805.0,2025-12-05T17:25:00+00:00,W0117,wagon,in_workshop,,,
6805.0,2025-12-05T17:25:00+00:00,W10601,wagon,in_workshop,,,
6808.5,2025-12-05T17:28:30+00:00,LOCO_01,locomotive,moving,,,
6811.0,2025-12-05T17:31:00+00:00,W0117,wagon,in_workshop,,,
6811.0,2025-12-05T17:31:00+00:00,W10601,wagon,in_workshop,,,
6811.0,2025-12-05T17:31:00+00:00,LOCO_02,locomotive,moving,,,
6812.75,2025-12-05T17:32:45+00:00,W2853,wagon,rejected,T94,,No Retrofit Needed
6816.0,2025-12-05T17:36:00+00:00,LOCO_02,locomotive,assigned,,,
6816.0,2025-12-05T17:36:00+00:00,LOCO_02,locomotive,moving,,,
6816.5,2025-12-05T17:36:30+00:00,LOCO_01,locomotive,moving,,,
6816.5,2025-12-05T17:36:30+00:00,W6942,wagon,moving,,,
6816.5,2025-12-05T17:36:30+00:00,W2744,wagon,moving,,,
6821.5,2025-12-05T17:41:30+00:00,W6942,wagon,in_workshop,,,
6821.5,2025-12-05T17:41:30+00:00,W2744,wagon,in_workshop,,,
6824.0,2025-12-05T17:44:00+00:00,LOCO_02,locomotive,moving,,,
6827.5,2025-12-05T17:47:30+00:00,W6942,wagon,in_workshop,,,
6827.5,2025-12-05T17:47:30+00:00,W2744,wagon,in_workshop,,,
6827.5,2025-12-05T17:47:30+00:00,LOCO_01,locomotive,moving,,,
6871.0,2025-12-05T18:31:00+00:00,W0117,wagon,retrofitted,,,
6871.0,2025-12-05T18:31:00+00:00,W10601,wagon,retrofitted,,,
6871.5,2025-12-05T18:31:30+00:00,LOCO_01,locomotive,moving,,,
6878.5,2025-12-05T18:38:30+00:00,LOCO_01,locomotive,moving,,,
6878.5,2025-12-05T18:38:30+00:00,W0117,wagon,moving,,,
6878.5,2025-12-05T18:38:30+00:00,W10601,wagon,moving,,,
6883.5,2025-12-05T18:43:30+00:00,LOCO_01,locomotive,moving,,,
6887.5,2025-12-05T18:47:30+00:00,W6942,wagon,retrofitted,,,
6887.5,2025-12-05T18:47:30+00:00,W2744,wagon,retrofitted,,,
6888.5,2025-12-05T18:48:30+00:00,LOCO_01,locomotive,moving,,,
6895.5,2025-12-05T18:55:30+00:00,LOCO_01,locomotive,moving,,,
6895.5,2025-12-05T18:55:30+00:00,W6942,wagon,moving,,,
6895.5,2025-12-05T18:55:30+00:00,W2744,wagon,moving,,,
6900.5,2025-12-05T19:00:30+00:00,LOCO_01,locomotive,moving,,,
6902.5,2025-12-05T19:02:30+00:00,W5711,wagon,parked,,,
6902.5,2025-12-05T19:02:30+00:00,W6884,wagon,parked,,,
6902.5,2025-12-05T19:02:30+00:00,W0607,wagon,parked,,,
6902.5,2025-12-05T19:02:30+00:00,W0032,wagon,parked,,,
6902.5,2025-12-05T19:02:30+00:00,LOCO_02,locomotive,moving,,,
6907.5,2025-12-05T19:07:30+00:00,LOCO_01,locomotive,moving,,,
6915.5,2025-12-05T19:15:30+00:00,LOCO_01,locomotive,moving,,,
6915.5,2025-12-05T19:15:30+00:00,W2686,wagon,moving,,,
6915.5,2025-12-05T19:15:30+00:00,W0191,wagon,moving,,,
6920.5,2025-12-05T19:20:30+00:00,W2686,wagon,in_workshop,,,
6920.5,2025-12-05T19:20:30+00:00,W0191,wagon,in_workshop,,,
6926.5,2025-12-05T19:26:30+00:00,W2686,wagon,in_workshop,,,
6926.5,2025-12-05T19:26:30+00:00,W0191,wagon,in_workshop,,,
6926.5,2025-12-05T19:26:30+00:00,LOCO_01,locomotive,moving,,,
6933.5,2025-12-05T19:33:30+00:00,LOCO_01,locomotive,moving,,,
6941.5,2025-12-05T19:41:30+00:00,LOCO_01,locomotive,moving,,,
6941.5,2025-12-05T19:41:30+00:00,W11315,wagon,moving,,,
6941.5,2025-12-05T19:41:30+00:00,W6634,wagon,moving,,,
6946.5,2025-12-05T19:46:30+00:00,W11315,wagon,in_workshop,,,
6946.5,2025-12-05T19:46:30+00:00,W6634,wagon,in_workshop,,,
6952.5,2025-12-05T19:52:30+00:00,W11315,wagon,in_workshop,,,
6952.5,2025-12-05T19:52:30+00:00,W6634,wagon,in_workshop,,,
6952.5,2025-12-05T19:52:30+00:00,LOCO_01,locomotive,moving,,,
6957.5,2025-12-05T19:57:30+00:00,LOCO_01,locomotive,moving,,,
6962.5,2025-12-05T20:02:30+00:00,LOCO_02,locomotive,moving,,,
6986.5,2025-12-05T20:26:30+00:00,W2686,wagon,retrofitted,,,
6986.5,2025-12-05T20:26:30+00:00,W0191,wagon,retrofitted,,,
7002.0,2025-12-05T20:42:00+00:00,W2652,wagon,arrived,T95,,
7002.0,2025-12-05T20:42:00+00:00,W12385,wagon,arrived,T95,,
7012.5,2025-12-05T20:52:30+00:00,W11315,wagon,retrofitted,,,
7012.5,2025-12-05T20:52:30+00:00,W6634,wagon,retrofitted,,,
7017.5,2025-12-05T20:57:30+00:00,LOCO_01,locomotive,assigned,,,
7020.5,2025-12-05T21:00:30+00:00,LOCO_01,locomotive,moving,,,
7020.5,2025-12-05T21:00:30+00:00,W6025,wagon,moving,,,
7022.5,2025-12-05T21:02:30+00:00,LOCO_02,locomotive,assigned,,,
7033.5,2025-12-05T21:13:30+00:00,LOCO_02,locomotive,moving,,,
7033.5,2025-12-05T21:13:30+00:00,W0924,wagon,moving,,,
7033.5,2025-12-05T21:13:30+00:00,W0685,wagon,moving,,,
7033.5,2025-12-05T21:13:30+00:00,W0701,wagon,moving,,,
7033.5,2025-12-05T21:13:30+00:00,W0020,wagon,moving,,,
7033.5,2025-12-05T21:13:30+00:00,W7316,wagon,moving,,,
7080.5,2025-12-05T22:00:30+00:00,W6025,wagon,queued,,,
7083.5,2025-12-05T22:03:30+00:00,LOCO_01,locomotive,moving,,,
7088.5,2025-12-05T22:08:30+00:00,LOCO_01,locomotive,moving,,,
7093.5,2025-12-05T22:13:30+00:00,W0924,wagon,queued,,,
7093.5,2025-12-05T22:13:30+00:00,W0685,wagon,queued,,,
7093.5,2025-12-05T22:13:30+00:00,W0701,wagon,queued,,,
7093.5,2025-12-05T22:13:30+00:00,W0020,wagon,queued,,,
7093.5,2025-12-05T22:13:30+00:00,W7316,wagon,queued,,,
7095.5,2025-12-05T22:15:30+00:00,LOCO_01,locomotive,moving,,,
7095.5,2025-12-05T22:15:30+00:00,W2686,wagon,moving,,,
7095.5,2025-12-05T22:15:30+00:00,W0191,wagon,moving,,,
7100.5,2025-12-05T22:20:30+00:00,LOCO_01,locomotive,moving,,,
7105.5,2025-12-05T22:25:30+00:00,LOCO_01,locomotive,moving,,,
7112.5,2025-12-05T22:32:30+00:00,LOCO_01,locomotive,moving,,,
7112.5,2025-12-05T22:32:30+00:00,W11315,wagon,moving,,,
7112.5,2025-12-05T22:32:30+00:00,W6634,wagon,moving,,,
7117.5,2025-12-05T22:37:30+00:00,LOCO_01,locomotive,moving,,,
7120.5,2025-12-05T22:40:30+00:00,LOCO_02,locomotive,moving,,,
7124.5,2025-12-05T22:44:30+00:00,LOCO_01,locomotive,moving,,,
7127.5,2025-12-05T22:47:30+00:00,LOCO_02,locomotive,moving,,,
7132.5,2025-12-05T22:52:30+00:00,LOCO_01,locomotive,moving,,,
7132.5,2025-12-05T22:52:30+00:00,W8473,wagon,moving,,,
7132.5,2025-12-05T22:52:30+00:00,W8383,wagon,moving,,,
7135.5,2025-12-05T22:55:30+00:00,LOCO_02,locomotive,moving,,,
7135.5,2025-12-05T22:55:30+00:00,W9067,wagon,moving,,,
7135.5,2025-12-05T22:55:30+00:00,W0677,wagon,moving,,,
7137.5,2025-12-05T22:57:30+00:00,W8473,wagon,in_workshop,,,
7137.5,2025-12-05T22:57:30+00:00,W8383,wagon,in_workshop,,,
7140.5,2025-12-05T23:00:30+00:00,W9067,wagon,in_workshop,,,
7140.5,2025-12-05T23:00:30+00:00,W0677,wagon,in_workshop,,,
7143.5,2025-12-05T23:03:30+00:00,W8473,wagon,in_workshop,,,
7143.5,2025-12-05T23:03:30+00:00,W8383,wagon,in_workshop,,,
7143.5,2025-12-05T23:03:30+00:00,LOCO_01,locomotive,moving,,,
7146.5,2025-12-05T23:06:30+00:00,W9067,wagon,in_workshop,,,
7146.5,2025-12-05T23:06:30+00:00,W0677,wagon,in_workshop,,,
7146.5,2025-12-05T23:06:30+00:00,LOCO_02,locomotive,moving,,,
7148.5,2025-12-05T23:08:30+00:00,LOCO_01,locomotive,assigned,,,
7148.5,2025-12-05T23:08:30+00:00,LOCO_01,locomotive,moving,,,
7158.5,2025-12-05T23:18:30+00:00,LOCO_01,locomotive,moving,,,
7167.5,2025-12-05T23:27:30+00:00,W11254,wagon,rejected,T96,,No Retrofit Needed
7167.5,2025-12-05T23:27:30+00:00,W10889,wagon,rejected,T96,,No Retrofit Needed
7167.5,2025-12-05T23:27:30+00:00,W11539,wagon,arrived,T96,,
7167.5,2025-12-05T23:27:30+00:00,W4532,wagon,arrived,T96,,
7167.5,2025-12-05T23:27:30+00:00,W8676,wagon,arrived,T96,,
7167.5,2025-12-05T23:27:30+00:00,W4478,wagon,arrived,T96,,
7167.5,2025-12-05T23:27:30+00:00,W5845,wagon,arrived,T96,,
7167.5,2025-12-05T23:27:30+00:00,W5248,wagon,arrived,T96,,
7167.5,2025-12-05T23:27:30+00:00,W3562,wagon,arrived,T96,,
7167.5,2025-12-05T23:27:30+00:00,W4915,wagon,arrived,T96,,
7195.25,2025-12-05T23:55:15+00:00,W0665,wagon,rejected,T97,,NO_COLLECTION_TRACK
7195.25,2025-12-05T23:55:15+00:00,W5519,wagon,rejected,T97,,NO_COLLECTION_TRACK
7195.25,2025-12-05T23:55:15+00:00,W12195,wagon,arrived,T97,,
7195.25,2025-12-05T23:55:15+00:00,W0883,wagon,arrived,T97,,
7195.25,2025-12-05T23:55:15+00:00,W10330,wagon,arrived,T97,,
7195.25,2025-12-05T23:55:15+00:00,W5036,wagon,arrived,T97,,
7203.5,2025-12-06T00:03:30+00:00,W8473,wagon,retrofitted,,,
7203.5,2025-12-06T00:03:30+00:00,W8383,wagon,retrofitted,,,
7204.0,2025-12-06T00:04:00+00:00,LOCO_02,locomotive,moving,,,
7206.5,2025-12-06T00:06:30+00:00,W9067,wagon,retrofitted,,,
7206.5,2025-12-06T00:06:30+00:00,W0677,wagon,retrofitted,,,
7211.0,2025-12-06T00:11:00+00:00,LOCO_02,locomotive,moving,,,
7211.0,2025-12-06T00:11:00+00:00,W8473,wagon,moving,,,
7211.0,2025-12-06T00:11:00+00:00,W8383,wagon,moving,,,
7216.0,2025-12-06T00:16:00+00:00,LOCO_02,locomotive,moving,,,
7221.0,2025-12-06T00:21:00+00:00,LOCO_02,locomotive,moving,,,
7228.0,2025-12-06T00:28:00+00:00,LOCO_02,locomotive,moving,,,
7228.0,2025-12-06T00:28:00+00:00,W9067,wagon,moving,,,
7228.0,2025-12-06T00:28:00+00:00,W0677,wagon,moving,,,
7233.0,2025-12-06T00:33:00+00:00,LOCO_02,locomotive,moving,,,
7240.0,2025-12-06T00:40:00+00:00,LOCO_02,locomotive,moving,,,
7241.0,2025-12-06T00:41:00+00:00,W6592,wagon,parked,,,
7241.0,2025-12-06T00:41:00+00:00,W5575,wagon,parked,,,
7241.0,2025-12-06T00:41:00+00:00,W8085,wagon,parked,,,
7241.0,2025-12-06T00:41:00+00:00,W8082,wagon,parked,,,
7241.0,2025-12-06T00:41:00+00:00,W0117,wagon,parked,,,
7241.0,2025-12-06T00:41:00+00:00,W10601,wagon,parked,,,
7241.0,2025-12-06T00:41:00+00:00,W6942,wagon,parked,,,
7241.0,2025-12-06T00:41:00+00:00,W2744,wagon,parked,,,
7241.0,2025-12-06T00:41:00+00:00,LOCO_01,locomotive,moving,,,
7248.0,2025-12-06T00:48:00+00:00,LOCO_02,locomotive,moving,,,
7248.0,2025-12-06T00:48:00+00:00,W6025,wagon,moving,,,
7248.0,2025-12-06T00:48:00+00:00,W0924,wagon,moving,,,
7253.0,2025-12-06T00:53:00+00:00,W6025,wagon,in_workshop,,,
7253.0,2025-12-06T00:53:00+00:00,W0924,wagon,in_workshop,,,
7254.5,2025-12-06T00:54:30+00:00,W4701,wagon,rejected,T98,,No Retrofit Needed
7254.5,2025-12-06T00:54:30+00:00,W4726,wagon,rejected,T98,,No Retrofit Needed
7254.5,2025-12-06T00:54:30+00:00,W4754,wagon,rejected,T98,,No Retrofit Needed
7259.0,2025-12-06T00:59:00+00:00,W6025,wagon,in_workshop,,,
7259.0,2025-12-06T00:59:00+00:00,W0924,wagon,in_workshop,,,
7259.0,2025-12-06T00:59:00+00:00,LOCO_02,locomotive,moving,,,
7266.0,2025-12-06T01:06:00+00:00,LOCO_02,locomotive,moving,,,
7273.75,2025-12-06T01:13:45+00:00,W11482,wagon,rejected,T99,,No Retrofit Needed
7274.0,2025-12-06T01:14:00+00:00,LOCO_02,locomotive,moving,,,
7274.0,2025-12-06T01:14:00+00:00,W0685,wagon,moving,,,
7274.0,2025-12-06T01:14:00+00:00,W0701,wagon,moving,,,
7279.0,2025-12-06T01:19:00+00:00,W0685,wagon,in_workshop,,,
7279.0,2025-12-06T01:19:00+00:00,W0701,wagon,in_workshop,,,
7285.0,2025-12-06T01:25:00+00:00,W0685,wagon,in_workshop,,,
7285.0,2025-12-06T01:25:00+00:00,W0701,wagon,in_workshop,,,
7285.0,2025-12-06T01:25:00+00:00,LOCO_02,locomotive,moving,,,
7290.0,2025-12-06T01:30:00+00:00,LOCO_02,locomotive,moving,,,
7301.0,2025-12-06T01:41:00+00:00,LOCO_01,locomotive,moving,,,
7319.0,2025-12-06T01:59:00+00:00,W6025,wagon,retrofitted,,,
7319.0,2025-12-06T01:59:00+00:00,W0924,wagon,retrofitted,,,
7345.0,2025-12-06T02:25:00+00:00,W0685,wagon,retrofitted,,,
7345.0,2025-12-06T02:25:00+00:00,W0701,wagon,retrofitted,,,
7350.0,2025-12-06T02:30:00+00:00,LOCO_02,locomotive,assigned,,,
7359.0,2025-12-06T02:39:00+00:00,LOCO_02,locomotive,moving,,,
7359.0,2025-12-06T02:39:00+00:00,W9534,wagon,moving,,,
7359.0,2025-12-06T02:39:00+00:00,W11953,wagon,moving,,,
7359.0,2025-12-06T02:39:00+00:00,W9237,wagon,moving,,,
7359.0,2025-12-06T02:39:00+00:00,W2853,wagon,moving,,,
7360.25,2025-12-06T02:40:15+00:00,W11999,wagon,rejected,T100,,NO_COLLECTION_TRACK
7360.25,2025-12-06T02:40:15+00:00,W0881,wagon,rejected,T100,,NO_COLLECTION_TRACK
7360.25,2025-12-06T02:40:15+00:00,W12400,wagon,rejected,T100,,NO_COLLECTION_TRACK
7360.25,2025-12-06T02:40:15+00:00,W2831,wagon,arrived,T100,,
7361.0,2025-12-06T02:41:00+00:00,LOCO_01,locomotive,assigned,,,
7374.0,2025-12-06T02:54:00+00:00,LOCO_01,locomotive,moving,,,
7374.0,2025-12-06T02:54:00+00:00,W9397,wagon,moving,,,
7374.0,2025-12-06T02:54:00+00:00,W9591,wagon,moving,,,
7374.0,2025-12-06T02:54:00+00:00,W9573,wagon,moving,,,
7374.0,2025-12-06T02:54:00+00:00,W12355,wagon,moving,,,
7374.0,2025-12-06T02:54:00+00:00,W10249,wagon,moving,,,
7374.0,2025-12-06T02:54:00+00:00,W2050,wagon,moving,,,
7375.25,2025-12-06T02:55:15+00:00,W0282,wagon,rejected,T101,,NO_COLLECTION_TRACK
7375.25,2025-12-06T02:55:15+00:00,W2701,wagon,rejected,T101,,NO_COLLECTION_TRACK
7419.0,2025-12-06T03:39:00+00:00,W9534,wagon,queued,,,
7419.0,2025-12-06T03:39:00+00:00,W11953,wagon,queued,,,
7419.0,2025-12-06T03:39:00+00:00,W9237,wagon,queued,,,
7419.0,2025-12-06T03:39:00+00:00,W2853,wagon,queued,,,
7434.0,2025-12-06T03:54:00+00:00,W9397,wagon,queued,,,
7434.0,2025-12-06T03:54:00+00:00,W9591,wagon,queued,,,
7434.0,2025-12-06T03:54:00+00:00,W9573,wagon,queued,,,
7434.0,2025-12-06T03:54:00+00:00,W12355,wagon,queued,,,
7434.0,2025-12-06T03:54:00+00:00,W10249,wagon,queued,,,
7434.0,2025-12-06T03:54:00+00:00,W2050,wagon,queued,,,
7440.0,2025-12-06T04:00:00+00:00,LOCO_02,locomotive,moving,,,
7445.0,2025-12-06T04:05:00+00:00,LOCO_02,locomotive,moving,,,
7452.0,2025-12-06T04:12:00+00:00,LOCO_02,locomotive,moving,,,
7452.0,2025-12-06T04:12:00+00:00,W6025,wagon,moving,,,
7452.0,2025-12-06T04:12:00+00:00,W0924,wagon,moving,,,
7457.0,2025-12-06T04:17:00+00:00,LOCO_02,locomotive,moving,,,
7462.0,2025-12-06T04:22:00+00:00,LOCO_02,locomotive,moving,,,
7467.0,2025-12-06T04:27:00+00:00,LOCO_01,locomotive,moving,,,
7469.0,2025-12-06T04:29:00+00:00,LOCO_02,locomotive,moving,,,
7469.0,2025-12-06T04:29:00+00:00,W0685,wagon,moving,,,
7469.0,2025-12-06T04:29:00+00:00,W0701,wagon,moving,,,
7474.0,2025-12-06T04:34:00+00:00,LOCO_01,locomotive,moving,,,
7474.0,2025-12-06T04:34:00+00:00,LOCO_02,locomotive,moving,,,
7479.0,2025-12-06T04:39:00+00:00,LOCO_02,locomotive,assigned,,,
7479.0,2025-12-06T04:39:00+00:00,LOCO_02,locomotive,moving,,,
7482.0,2025-12-06T04:42:00+00:00,LOCO_01,locomotive,moving,,,
7482.0,2025-12-06T04:42:00+00:00,W0020,wagon,moving,,,
7482.0,2025-12-06T04:42:00+00:00,W7316,wagon,moving,,,
7487.0,2025-12-06T04:47:00+00:00,W0020,wagon,in_workshop,,,
7487.0,2025-12-06T04:47:00+00:00,W7316,wagon,in_workshop,,,
7489.0,2025-12-06T04:49:00+00:00,LOCO_02,locomotive,moving,,,
7493.0,2025-12-06T04:53:00+00:00,W0020,wagon,in_workshop,,,
7493.0,2025-12-06T04:53:00+00:00,W7316,wagon,in_workshop,,,
7493.0,2025-12-06T04:53:00+00:00,LOCO_01,locomotive,moving,,,
7500.0,2025-12-06T05:00:00+00:00,LOCO_01,locomotive,moving,,,
7501.5,2025-12-06T05:01:30+00:00,W2686,wagon,parked,,,
7501.5,2025-12-06T05:01:30+00:00,W0191,wagon,parked,,,
7501.5,2025-12-06T05:01:30+00:00,W11315,wagon,parked,,,
7501.5,2025-12-06T05:01:30+00:00,W6634,wagon,parked,,,
7501.5,2025-12-06T05:01:30+00:00,W8473,wagon,parked,,,
7501.5,2025-12-06T05:01:30+00:00,W8383,wagon,parked,,,
7501.5,2025-12-06T05:01:30+00:00,W9067,wagon,parked,,,
7501.5,2025-12-06T05:01:30+00:00,W0677,wagon,parked,,,
7501.5,2025-12-06T05:01:30+00:00,LOCO_02,locomotive,moving,,,
7506.5,2025-12-06T05:06:30+00:00,LOCO_02,locomotive,assigned,,,
7506.5,2025-12-06T05:06:30+00:00,LOCO_02,locomotive,moving,,,
7508.0,2025-12-06T05:08:00+00:00,LOCO_01,locomotive,moving,,,
7508.0,2025-12-06T05:08:00+00:00,W9534,wagon,moving,,,
7508.0,2025-12-06T05:08:00+00:00,W11953,wagon,moving,,,
7513.0,2025-12-06T05:13:00+00:00,W9534,wagon,in_workshop,,,
7513.0,2025-12-06T05:13:00+00:00,W11953,wagon,in_workshop,,,
7514.5,2025-12-06T05:14:30+00:00,LOCO_02,locomotive,moving,,,
7519.0,2025-12-06T05:19:00+00:00,W9534,wagon,in_workshop,,,
7519.0,2025-12-06T05:19:00+00:00,W11953,wagon,in_workshop,,,
7519.0,2025-12-06T05:19:00+00:00,LOCO_01,locomotive,moving,,,
7553.0,2025-12-06T05:53:00+00:00,W0020,wagon,retrofitted,,,
7553.0,2025-12-06T05:53:00+00:00,W7316,wagon,retrofitted,,,
7553.5,2025-12-06T05:53:30+00:00,LOCO_01,locomotive,moving,,,
7560.5,2025-12-06T06:00:30+00:00,LOCO_01,locomotive,moving,,,
7560.5,2025-12-06T06:00:30+00:00,W0020,wagon,moving,,,
7560.5,2025-12-06T06:00:30+00:00,W7316,wagon,moving,,,
7565.5,2025-12-06T06:05:30+00:00,LOCO_01,locomotive,moving,,,
7572.5,2025-12-06T06:12:30+00:00,LOCO_01,locomotive,moving,,,
7578.0,2025-12-06T06:18:00+00:00,W6025,wagon,parked,,,
7578.0,2025-12-06T06:18:00+00:00,W0924,wagon,parked,,,
7578.0,2025-12-06T06:18:00+00:00,W0685,wagon,parked,,,
7578.0,2025-12-06T06:18:00+00:00,W0701,wagon,parked,,,
7578.0,2025-12-06T06:18:00+00:00,LOCO_02,locomotive,moving,,,
7579.0,2025-12-06T06:19:00+00:00,W9534,wagon,retrofitted,,,
7579.0,2025-12-06T06:19:00+00:00,W11953,wagon,retrofitted,,,
7580.5,2025-12-06T06:20:30+00:00,LOCO_01,locomotive,moving,,,
7580.5,2025-12-06T06:20:30+00:00,W9237,wagon,moving,,,
7580.5,2025-12-06T06:20:30+00:00,W2853,wagon,moving,,,
7585.5,2025-12-06T06:25:30+00:00,W9237,wagon,in_workshop,,,
7585.5,2025-12-06T06:25:30+00:00,W2853,wagon,in_workshop,,,
7591.5,2025-12-06T06:31:30+00:00,W9237,wagon,in_workshop,,,
7591.5,2025-12-06T06:31:30+00:00,W2853,wagon,in_workshop,,,
7591.5,2025-12-06T06:31:30+00:00,LOCO_01,locomotive,moving,,,
7596.5,2025-12-06T06:36:30+00:00,LOCO_01,locomotive,moving,,,
7603.5,2025-12-06T06:43:30+00:00,LOCO_01,locomotive,moving,,,
7603.5,2025-12-06T06:43:30+00:00,W9534,wagon,moving,,,
7603.5,2025-12-06T06:43:30+00:00,W11953,wagon,moving,,,
7608.5,2025-12-06T06:48:30+00:00,LOCO_01,locomotive,moving,,,
7613.5,2025-12-06T06:53:30+00:00,LOCO_01,locomotive,moving,,,
7640.0,2025-12-06T07:20:00+00:00,LOCO_02,locomotive,moving,,,
7648.0,2025-12-06T07:28:00+00:00,LOCO_02,locomotive,moving,,,
7648.0,2025-12-06T07:28:00+00:00,W9397,wagon,moving,,,
7648.0,2025-12-06T07:28:00+00:00,W9591,wagon,moving,,,
7651.5,2025-12-06T07:31:30+00:00,W9237,wagon,retrofitted,,,
7651.5,2025-12-06T07:31:30+00:00,W2853,wagon,retrofitted,,,
7653.0,2025-12-06T07:33:00+00:00,W9397,wagon,in_workshop,,,
7653.0,2025-12-06T07:33:00+00:00,W9591,wagon,in_workshop,,,
7659.0,2025-12-06T07:39:00+00:00,W9397,wagon,in_workshop,,,
7659.0,2025-12-06T07:39:00+00:00,W9591,wagon,in_workshop,,,
7659.0,2025-12-06T07:39:00+00:00,LOCO_02,locomotive,moving,,,
7664.0,2025-12-06T07:44:00+00:00,LOCO_02,locomotive,moving,,,
7671.0,2025-12-06T07:51:00+00:00,LOCO_02,locomotive,moving,,,
7671.0,2025-12-06T07:51:00+00:00,W9237,wagon,moving,,,
7671.0,2025-12-06T07:51:00+00:00,W2853,wagon,moving,,,
7673.5,2025-12-06T07:53:30+00:00,LOCO_01,locomotive,assigned,,,
7676.0,2025-12-06T07:56:00+00:00,LOCO_02,locomotive,moving,,,
7681.0,2025-12-06T08:01:00+00:00,LOCO_02,locomotive,moving,,,
7684.5,2025-12-06T08:04:30+00:00,LOCO_01,locomotive,moving,,,
7684.5,2025-12-06T08:04:30+00:00,W11482,wagon,moving,,,
7684.5,2025-12-06T08:04:30+00:00,W8671,wagon,moving,,,
7684.5,2025-12-06T08:04:30+00:00,W11252,wagon,moving,,,
7684.5,2025-12-06T08:04:30+00:00,W5452,wagon,moving,,,
7684.5,2025-12-06T08:04:30+00:00,W6800,wagon,moving,,,
7719.0,2025-12-06T08:39:00+00:00,W9397,wagon,retrofitted,,,
7719.0,2025-12-06T08:39:00+00:00,W9591,wagon,retrofitted,,,
7741.0,2025-12-06T09:01:00+00:00,LOCO_02,locomotive,assigned,,,
7744.5,2025-12-06T09:04:30+00:00,W11482,wagon,queued,,,
7744.5,2025-12-06T09:04:30+00:00,W8671,wagon,queued,,,
7744.5,2025-12-06T09:04:30+00:00,W11252,wagon,queued,,,
7744.5,2025-12-06T09:04:30+00:00,W5452,wagon,queued,,,
7744.5,2025-12-06T09:04:30+00:00,W6800,wagon,queued,,,
7746.0,2025-12-06T09:06:00+00:00,LOCO_02,locomotive,moving,,,
7746.0,2025-12-06T09:06:00+00:00,W2386,wagon,moving,,,
7746.0,2025-12-06T09:06:00+00:00,W10254,wagon,moving,,,
7771.5,2025-12-06T09:31:30+00:00,LOCO_01,locomotive,moving,,,
7776.5,2025-12-06T09:36:30+00:00,LOCO_01,locomotive,moving,,,
7783.5,2025-12-06T09:43:30+00:00,LOCO_01,locomotive,moving,,,
7783.5,2025-12-06T09:43:30+00:00,W9397,wagon,moving,,,
7783.5,2025-12-06T09:43:30+00:00,W9591,wagon,moving,,,
7788.5,2025-12-06T09:48:30+00:00,LOCO_01,locomotive,moving,,,
7795.5,2025-12-06T09:55:30+00:00,LOCO_01,locomotive,moving,,,
7803.5,2025-12-06T10:03:30+00:00,LOCO_01,locomotive,moving,,,
7803.5,2025-12-06T10:03:30+00:00,W9573,wagon,moving,,,
7803.5,2025-12-06T10:03:30+00:00,W12355,wagon,moving,,,
7806.0,2025-12-06T10:06:00+00:00,W2386,wagon,queued,,,
7806.0,2025-12-06T10:06:00+00:00,W10254,wagon,queued,,,
7808.5,2025-12-06T10:08:30+00:00,W9573,wagon,in_workshop,,,
7808.5,2025-12-06T10:08:30+00:00,W12355,wagon,in_workshop,,,
7814.5,2025-12-06T10:14:30+00:00,W9573,wagon,in_workshop,,,
7814.5,2025-12-06T10:14:30+00:00,W12355,wagon,in_workshop,,,
7814.5,2025-12-06T10:14:30+00:00,LOCO_01,locomotive,moving,,,
7815.0,2025-12-06T10:15:00+00:00,LOCO_02,locomotive,moving,,,
7820.0,2025-12-06T10:20:00+00:00,LOCO_02,locomotive,assigned,,,
7820.0,2025-12-06T10:20:00+00:00,LOCO_02,locomotive,moving,,,
7821.5,2025-12-06T10:21:30+00:00,LOCO_01,locomotive,moving,,,
7828.0,2025-12-06T10:28:00+00:00,LOCO_02,locomotive,moving,,,
7829.5,2025-12-06T10:29:30+00:00,LOCO_01,locomotive,moving,,,
7829.5,2025-12-06T10:29:30+00:00,W10249,wagon,moving,,,
7829.5,2025-12-06T10:29:30+00:00,W2050,wagon,moving,,,
7834.5,2025-12-06T10:34:30+00:00,W10249,wagon,in_workshop,,,
7834.5,2025-12-06T10:34:30+00:00,W2050,wagon,in_workshop,,,
7840.5,2025-12-06T10:40:30+00:00,W10249,wagon,in_workshop,,,
7840.5,2025-12-06T10:40:30+00:00,W2050,wagon,in_workshop,,,
7840.5,2025-12-06T10:40:30+00:00,LOCO_01,locomotive,moving,,,
7874.5,2025-12-06T11:14:30+00:00,W9573,wagon,retrofitted,,,
7874.5,2025-12-06T11:14:30+00:00,W12355,wagon,retrofitted,,,
7875.0,2025-12-06T11:15:00+00:00,LOCO_01,locomotive,moving,,,
7881.5,2025-12-06T11:21:30+00:00,W8570,wagon,arrived,T102,,
7881.5,2025-12-06T11:21:30+00:00,W9355,wagon,arrived,T102,,
7881.5,2025-12-06T11:21:30+00:00,W8578,wagon,arrived,T102,,
7881.5,2025-12-06T11:21:30+00:00,W0948,wagon,arrived,T102,,
7881.5,2025-12-06T11:21:30+00:00,W9358,wagon,arrived,T102,,
7882.0,2025-12-06T11:22:00+00:00,LOCO_01,locomotive,moving,,,
7882.0,2025-12-06T11:22:00+00:00,W9573,wagon,moving,,,
7882.0,2025-12-06T11:22:00+00:00,W12355,wagon,moving,,,
7887.0,2025-12-06T11:27:00+00:00,LOCO_01,locomotive,moving,,,
7894.0,2025-12-06T11:34:00+00:00,LOCO_01,locomotive,moving,,,
7900.5,2025-12-06T11:40:30+00:00,W10249,wagon,retrofitted,,,
7900.5,2025-12-06T11:40:30+00:00,W2050,wagon,retrofitted,,,
7902.0,2025-12-06T11:42:00+00:00,LOCO_01,locomotive,moving,,,
7902.0,2025-12-06T11:42:00+00:00,W11482,wagon,moving,,,
7902.0,2025-12-06T11:42:00+00:00,W8671,wagon,moving,,,
7907.0,2025-12-06T11:47:00+00:00,W11482,wagon,in_workshop,,,
7907.0,2025-12-06T11:47:00+00:00,W8671,wagon,in_workshop,,,
7913.0,2025-12-06T11:53:00+00:00,W11482,wagon,in_workshop,,,
7913.0,2025-12-06T11:53:00+00:00,W8671,wagon,in_workshop,,,
7913.0,2025-12-06T11:53:00+00:00,LOCO_01,locomotive,moving,,,
7918.0,2025-12-06T11:58:00+00:00,LOCO_01,locomotive,moving,,,
7925.0,2025-12-06T12:05:00+00:00,LOCO_01,locomotive,moving,,,
7925.0,2025-12-06T12:05:00+00:00,W10249,wagon,moving,,,
7925.0,2025-12-06T12:05:00+00:00,W2050,wagon,moving,,,
7926.0,2025-12-06T12:06:00+00:00,W8527,wagon,rejected,T103,,No Retrofit Needed
7926.0,2025-12-06T12:06:00+00:00,W0680,wagon,arrived,T103,,
7926.0,2025-12-06T12:06:00+00:00,W11195,wagon,arrived,T103,,
7927.75,2025-12-06T12:07:45+00:00,W2112,wagon,rejected,T104,,No Retrofit Needed
7927.75,2025-12-06T12:07:45+00:00,W0367,wagon,arrived,T104,,
7927.75,2025-12-06T12:07:45+00:00,W0411,wagon,arrived,T104,,
7927.75,2025-12-06T12:07:45+00:00,W4337,wagon,arrived,T104,,
7927.75,2025-12-06T12:07:45+00:00,W2166,wagon,arrived,T104,,
7930.0,2025-12-06T12:10:00+00:00,LOCO_01,locomotive,moving,,,
7935.0,2025-12-06T12:15:00+00:00,LOCO_01,locomotive,moving,,,
7951.5,2025-12-06T12:31:30+00:00,W0020,wagon,parked,,,
7951.5,2025-12-06T12:31:30+00:00,W7316,wagon,parked,,,
7951.5,2025-12-06T12:31:30+00:00,W9534,wagon,parked,,,
7951.5,2025-12-06T12:31:30+00:00,W11953,wagon,parked,,,
7951.5,2025-12-06T12:31:30+00:00,LOCO_02,locomotive,moving,,,
7973.0,2025-12-06T12:53:00+00:00,W11482,wagon,retrofitted,,,
7973.0,2025-12-06T12:53:00+00:00,W8671,wagon,retrofitted,,,
7982.75,2025-12-06T13:02:45+00:00,W11539,wagon,rejected,T105,,No Retrofit Needed
7995.0,2025-12-06T13:15:00+00:00,LOCO_01,locomotive,assigned,,,
8008.0,2025-12-06T13:28:00+00:00,LOCO_01,locomotive,moving,,,
8008.0,2025-12-06T13:28:00+00:00,W8380,wagon,moving,,,
8008.0,2025-12-06T13:28:00+00:00,W8378,wagon,moving,,,
8008.0,2025-12-06T13:28:00+00:00,W9440,wagon,moving,,,
8008.0,2025-12-06T13:28:00+00:00,W9489,wagon,moving,,,
8008.0,2025-12-06T13:28:00+00:00,W2712,wagon,moving,,,
8008.0,2025-12-06T13:28:00+00:00,W12057,wagon,moving,,,
8011.5,2025-12-06T13:31:30+00:00,LOCO_02,locomotive,moving,,,
8018.5,2025-12-06T13:38:30+00:00,LOCO_02,locomotive,moving,,,
8018.5,2025-12-06T13:38:30+00:00,W11482,wagon,moving,,,
8018.5,2025-12-06T13:38:30+00:00,W8671,wagon,moving,,,
8023.5,2025-12-06T13:43:30+00:00,LOCO_02,locomotive,moving,,,
8030.5,2025-12-06T13:50:30+00:00,LOCO_02,locomotive,moving,,,
8038.5,2025-12-06T13:58:30+00:00,LOCO_02,locomotive,moving,,,
8038.5,2025-12-06T13:58:30+00:00,W11252,wagon,moving,,,
8038.5,2025-12-06T13:58:30+00:00,W5452,wagon,moving,,,
8043.5,2025-12-06T14:03:30+00:00,W11252,wagon,in_workshop,,,
8043.5,2025-12-06T14:03:30+00:00,W5452,wagon,in_workshop,,,
8049.5,2025-12-06T14:09:30+00:00,W11252,wagon,in_workshop,,,
8049.5,2025-12-06T14:09:30+00:00,W5452,wagon,in_workshop,,,
8049.5,2025-12-06T14:09:30+00:00,LOCO_02,locomotive,moving,,,
8056.5,2025-12-06T14:16:30+00:00,LOCO_02,locomotive,moving,,,
8064.5,2025-12-06T14:24:30+00:00,LOCO_02,locomotive,moving,,,
8064.5,2025-12-06T14:24:30+00:00,W6800,wagon,moving,,,
8064.5,2025-12-06T14:24:30+00:00,W2386,wagon,moving,,,
8067.0,2025-12-06T14:27:00+00:00,W11320,wagon,rejected,T106,,No Retrofit Needed
8067.0,2025-12-06T14:27:00+00:00,W10936,wagon,rejected,T106,,NO_COLLECTION_TRACK
8067.0,2025-12-06T14:27:00+00:00,W2184,wagon,rejected,T106,,NO_COLLECTION_TRACK
8067.0,2025-12-06T14:27:00+00:00,W2839,wagon,rejected,T106,,NO_COLLECTION_TRACK
8067.0,2025-12-06T14:27:00+00:00,W11847,wagon,arrived,T106,,
8067.0,2025-12-06T14:27:00+00:00,W11884,wagon,arrived,T106,,
8067.0,2025-12-06T14:27:00+00:00,W2135,wagon,arrived,T106,,
8067.0,2025-12-06T14:27:00+00:00,W9420,wagon,arrived,T106,,
8067.0,2025-12-06T14:27:00+00:00,W9744,wagon,arrived,T106,,
8068.0,2025-12-06T14:28:00+00:00,W8380,wagon,queued,,,
8068.0,2025-12-06T14:28:00+00:00,W8378,wagon,queued,,,
8068.0,2025-12-06T14:28:00+00:00,W9440,wagon,queued,,,
8068.0,2025-12-06T14:28:00+00:00,W9489,wagon,queued,,,
8068.0,2025-12-06T14:28:00+00:00,W2712,wagon,queued,,,
8068.0,2025-12-06T14:28:00+00:00,W12057,wagon,queued,,,
8069.5,2025-12-06T14:29:30+00:00,W6800,wagon,in_workshop,,,
8069.5,2025-12-06T14:29:30+00:00,W2386,wagon,in_workshop,,,
8075.5,2025-12-06T14:35:30+00:00,W6800,wagon,in_workshop,,,
8075.5,2025-12-06T14:35:30+00:00,W2386,wagon,in_workshop,,,
8075.5,2025-12-06T14:35:30+00:00,LOCO_02,locomotive,moving,,,
8080.5,2025-12-06T14:40:30+00:00,LOCO_02,locomotive,moving,,,
8087.75,2025-12-06T14:47:45+00:00,W11482,wagon,rejected,T107,,No Retrofit Needed
8087.75,2025-12-06T14:47:45+00:00,W9733,wagon,rejected,T107,,NO_COLLECTION_TRACK
8087.75,2025-12-06T14:47:45+00:00,W10993,wagon,rejected,T107,,NO_COLLECTION_TRACK
8101.0,2025-12-06T15:01:00+00:00,LOCO_01,locomotive,moving,,,
8106.0,2025-12-06T15:06:00+00:00,LOCO_01,locomotive,assigned,,,
8106.0,2025-12-06T15:06:00+00:00,LOCO_01,locomotive,moving,,,
8109.5,2025-12-06T15:09:30+00:00,W11252,wagon,retrofitted,,,
8109.5,2025-12-06T15:09:30+00:00,W5452,wagon,retrofitted,,,
8114.75,2025-12-06T15:14:45+00:00,W4726,wagon,rejected,T108,,No Retrofit Needed
8114.75,2025-12-06T15:14:45+00:00,W4754,wagon,rejected,T108,,No Retrofit Needed
8114.75,2025-12-06T15:14:45+00:00,W4701,wagon,rejected,T108,,No Retrofit Needed
8116.0,2025-12-06T15:16:00+00:00,LOCO_01,locomotive,moving,,,
8135.5,2025-12-06T15:35:30+00:00,W6800,wagon,retrofitted,,,
8135.5,2025-12-06T15:35:30+00:00,W2386,wagon,retrofitted,,,
8140.5,2025-12-06T15:40:30+00:00,LOCO_02,locomotive,assigned,,,
8145.5,2025-12-06T15:45:30+00:00,LOCO_02,locomotive,moving,,,
8145.5,2025-12-06T15:45:30+00:00,W5282,wagon,moving,,,
8145.5,2025-12-06T15:45:30+00:00,W9940,wagon,moving,,,
8198.5,2025-12-06T16:38:30+00:00,W9237,wagon,parked,,,
8198.5,2025-12-06T16:38:30+00:00,W2853,wagon,parked,,,
8198.5,2025-12-06T16:38:30+00:00,W9397,wagon,parked,,,
8198.5,2025-12-06T16:38:30+00:00,W9591,wagon,parked,,,
8198.5,2025-12-06T16:38:30+00:00,W9573,wagon,parked,,,
8198.5,2025-12-06T16:38:30+00:00,W12355,wagon,parked,,,
8198.5,2025-12-06T16:38:30+00:00,W10249,wagon,parked,,,
8198.5,2025-12-06T16:38:30+00:00,W2050,wagon,parked,,,
8198.5,2025-12-06T16:38:30+00:00,LOCO_01,locomotive,moving,,,
8205.5,2025-12-06T16:45:30+00:00,W5282,wagon,queued,,,
8205.5,2025-12-06T16:45:30+00:00,W9940,wagon,queued,,,
8214.5,2025-12-06T16:54:30+00:00,LOCO_02,locomotive,moving,,,
8219.5,2025-12-06T16:59:30+00:00,LOCO_02,locomotive,moving,,,
8226.5,2025-12-06T17:06:30+00:00,LOCO_02,locomotive,moving,,,
8226.5,2025-12-06T17:06:30+00:00,W11252,wagon,moving,,,
8226.5,2025-12-06T17:06:30+00:00,W5452,wagon,moving,,,
8231.5,2025-12-06T17:11:30+00:00,LOCO_02,locomotive,moving,,,
8236.5,2025-12-06T17:16:30+00:00,LOCO_02,locomotive,moving,,,
8243.5,2025-12-06T17:23:30+00:00,LOCO_02,locomotive,moving,,,
8243.5,2025-12-06T17:23:30+00:00,W6800,wagon,moving,,,
8243.5,2025-12-06T17:23:30+00:00,W2386,wagon,moving,,,
8246.5,2025-12-06T17:26:30+00:00,W11510,wagon,rejected,T109,,NO_COLLECTION_TRACK
8246.5,2025-12-06T17:26:30+00:00,W3210,wagon,rejected,T109,,NO_COLLECTION_TRACK
8246.5,2025-12-06T17:26:30+00:00,W4457,wagon,arrived,T109,,
8246.5,2025-12-06T17:26:30+00:00,W5612,wagon,arrived,T109,,
8246.5,2025-12-06T17:26:30+00:00,W0928,wagon,arrived,T109,,
8246.5,2025-12-06T17:26:30+00:00,W12177,wagon,arrived,T109,,
8246.5,2025-12-06T17:26:30+00:00,W0888,wagon,arrived,T109,,
8248.5,2025-12-06T17:28:30+00:00,LOCO_02,locomotive,moving,,,
8255.5,2025-12-06T17:35:30+00:00,LOCO_02,locomotive,moving,,,
8260.5,2025-12-06T17:40:30+00:00,LOCO_01,locomotive,moving,,,
8263.5,2025-12-06T17:43:30+00:00,LOCO_02,locomotive,moving,,,
8263.5,2025-12-06T17:43:30+00:00,W10254,wagon,moving,,,
8263.5,2025-12-06T17:43:30+00:00,W8380,wagon,moving,,,
8268.5,2025-12-06T17:48:30+00:00,W10254,wagon,in_workshop,,,
8268.5,2025-12-06T17:48:30+00:00,W8380,wagon,in_workshop,,,
8268.5,2025-12-06T17:48:30+00:00,LOCO_01,locomotive,moving,,,
8268.5,2025-12-06T17:48:30+00:00,W8378,wagon,moving,,,
8268.5,2025-12-06T17:48:30+00:00,W9440,wagon,moving,,,
8270.25,2025-12-06T17:50:15+00:00,W12260,wagon,rejected,T110,,No Retrofit Needed
8270.25,2025-12-06T17:50:15+00:00,W0709,wagon,rejected,T110,,NO_COLLECTION_TRACK
8273.5,2025-12-06T17:53:30+00:00,W8378,wagon,in_workshop,,,
8273.5,2025-12-06T17:53:30+00:00,W9440,wagon,in_workshop,,,
8274.5,2025-12-06T17:54:30+00:00,W10254,wagon,in_workshop,,,
8274.5,2025-12-06T17:54:30+00:00,W8380,wagon,in_workshop,,,
8274.5,2025-12-06T17:54:30+00:00,LOCO_02,locomotive,moving,,,
8275.25,2025-12-06T17:55:15+00:00,W6823,wagon,rejected,T111,,NO_COLLECTION_TRACK
8275.25,2025-12-06T17:55:15+00:00,W6640,wagon,rejected,T111,,NO_COLLECTION_TRACK
8275.25,2025-12-06T17:55:15+00:00,W5646,wagon,rejected,T111,,NO_COLLECTION_TRACK
8275.25,2025-12-06T17:55:15+00:00,W6681,wagon,rejected,T111,,NO_COLLECTION_TRACK
8275.25,2025-12-06T17:55:15+00:00,W6467,wagon,rejected,T111,,NO_COLLECTION_TRACK
8279.5,2025-12-06T17:59:30+00:00,W8378,wagon,in_workshop,,,
8279.5,2025-12-06T17:59:30+00:00,W9440,wagon,in_workshop,,,
8279.5,2025-12-06T17:59:30+00:00,LOCO_01,locomotive,moving,,,
8279.5,2025-12-06T17:59:30+00:00,LOCO_02,locomotive,moving,,,
8284.5,2025-12-06T18:04:30+00:00,LOCO_01,locomotive,moving,,,
8329.0,2025-12-06T18:49:00+00:00,W11050,wagon,rejected,T112,,NO_COLLECTION_TRACK
8329.0,2025-12-06T18:49:00+00:00,W12319,wagon,rejected,T112,,NO_COLLECTION_TRACK
8334.5,2025-12-06T18:54:30+00:00,W10254,wagon,retrofitted,,,
8334.5,2025-12-06T18:54:30+00:00,W8380,wagon,retrofitted,,,
8336.0,2025-12-06T18:56:00+00:00,W6025,wagon,rejected,T113,,No Retrofit Needed
8336.0,2025-12-06T18:56:00+00:00,W6634,wagon,rejected,T113,,No Retrofit Needed
8339.5,2025-12-06T18:59:30+00:00,LOCO_02,locomotive,assigned,,,
8339.5,2025-12-06T18:59:30+00:00,W8378,wagon,retrofitted,,,
8339.5,2025-12-06T18:59:30+00:00,W9440,wagon,retrofitted,,,
8341.25,2025-12-06T19:01:15+00:00,W0475,wagon,rejected,T114,,NO_COLLECTION_TRACK
8341.25,2025-12-06T19:01:15+00:00,W0827,wagon,rejected,T114,,NO_COLLECTION_TRACK
8341.25,2025-12-06T19:01:15+00:00,W0561,wagon,rejected,T114,,NO_COLLECTION_TRACK
8341.25,2025-12-06T19:01:15+00:00,W7563,wagon,rejected,T114,,NO_COLLECTION_TRACK
8342.0,2025-12-06T19:02:00+00:00,W10886,wagon,rejected,T115,,No Retrofit Needed
8344.5,2025-12-06T19:04:30+00:00,LOCO_01,locomotive,assigned,,,
8347.5,2025-12-06T19:07:30+00:00,LOCO_01,locomotive,moving,,,
8347.5,2025-12-06T19:07:30+00:00,W9081,wagon,moving,,,
8350.5,2025-12-06T19:10:30+00:00,LOCO_02,locomotive,moving,,,
8350.5,2025-12-06T19:10:30+00:00,W2136,wagon,moving,,,
8350.5,2025-12-06T19:10:30+00:00,W8990,wagon,moving,,,
8350.5,2025-12-06T19:10:30+00:00,W10814,wagon,moving,,,
8350.5,2025-12-06T19:10:30+00:00,W0883,wagon,moving,,,
8350.5,2025-12-06T19:10:30+00:00,W5036,wagon,moving,,,
8407.5,2025-12-06T20:07:30+00:00,W9081,wagon,queued,,,
8410.5,2025-12-06T20:10:30+00:00,W2136,wagon,queued,,,
8410.5,2025-12-06T20:10:30+00:00,W8990,wagon,queued,,,
8410.5,2025-12-06T20:10:30+00:00,W10814,wagon,queued,,,
8410.5,2025-12-06T20:10:30+00:00,W0883,wagon,queued,,,
8410.5,2025-12-06T20:10:30+00:00,W5036,wagon,queued,,,
8410.5,2025-12-06T20:10:30+00:00,LOCO_01,locomotive,moving,,,
8415.5,2025-12-06T20:15:30+00:00,LOCO_01,locomotive,moving,,,
8422.5,2025-12-06T20:22:30+00:00,LOCO_01,locomotive,moving,,,
8422.5,2025-12-06T20:22:30+00:00,W10254,wagon,moving,,,
8422.5,2025-12-06T20:22:30+00:00,W8380,wagon,moving,,,
8425.5,2025-12-06T20:25:30+00:00,W2744,wagon,rejected,T116,,No Retrofit Needed
8425.5,2025-12-06T20:25:30+00:00,W5833,wagon,rejected,T116,,No Retrofit Needed
8425.5,2025-12-06T20:25:30+00:00,W5821,wagon,arrived,T116,,
8425.5,2025-12-06T20:25:30+00:00,W6008,wagon,arrived,T116,,
8427.5,2025-12-06T20:27:30+00:00,LOCO_01,locomotive,moving,,,
8432.5,2025-12-06T20:32:30+00:00,LOCO_01,locomotive,moving,,,
8437.5,2025-12-06T20:37:30+00:00,LOCO_02,locomotive,moving,,,
8439.5,2025-12-06T20:39:30+00:00,LOCO_01,locomotive,moving,,,
8439.5,2025-12-06T20:39:30+00:00,W8378,wagon,moving,,,
8439.5,2025-12-06T20:39:30+00:00,W9440,wagon,moving,,,
8444.5,2025-12-06T20:44:30+00:00,LOCO_02,locomotive,moving,,,
8444.5,2025-12-06T20:44:30+00:00,LOCO_01,locomotive,moving,,,
8449.5,2025-12-06T20:49:30+00:00,LOCO_01,locomotive,assigned,,,
8449.5,2025-12-06T20:49:30+00:00,LOCO_01,locomotive,moving,,,
8452.5,2025-12-06T20:52:30+00:00,LOCO_02,locomotive,moving,,,
8452.5,2025-12-06T20:52:30+00:00,W9489,wagon,moving,,,
8452.5,2025-12-06T20:52:30+00:00,W2712,wagon,moving,,,
8456.5,2025-12-06T20:56:30+00:00,W0293,wagon,arrived,T117,,
8456.5,2025-12-06T20:56:30+00:00,W0616,wagon,arrived,T117,,
8456.5,2025-12-06T20:56:30+00:00,W7853,wagon,arrived,T117,,
8457.5,2025-12-06T20:57:30+00:00,W9489,wagon,in_workshop,,,
8457.5,2025-12-06T20:57:30+00:00,W2712,wagon,in_workshop,,,
8458.5,2025-12-06T20:58:30+00:00,LOCO_01,locomotive,moving,,,
8463.5,2025-12-06T21:03:30+00:00,W9489,wagon,in_workshop,,,
8463.5,2025-12-06T21:03:30+00:00,W2712,wagon,in_workshop,,,
8463.5,2025-12-06T21:03:30+00:00,LOCO_02,locomotive,moving,,,
8470.5,2025-12-06T21:10:30+00:00,LOCO_02,locomotive,moving,,,
8478.5,2025-12-06T21:18:30+00:00,LOCO_02,locomotive,moving,,,
8478.5,2025-12-06T21:18:30+00:00,W12057,wagon,moving,,,
8478.5,2025-12-06T21:18:30+00:00,W5282,wagon,moving,,,
8483.5,2025-12-06T21:23:30+00:00,W12057,wagon,in_workshop,,,
8483.5,2025-12-06T21:23:30+00:00,W5282,wagon,in_workshop,,,
8489.5,2025-12-06T21:29:30+00:00,W12057,wagon,in_workshop,,,
8489.5,2025-12-06T21:29:30+00:00,W5282,wagon,in_workshop,,,
8489.5,2025-12-06T21:29:30+00:00,LOCO_02,locomotive,moving,,,
8494.5,2025-12-06T21:34:30+00:00,LOCO_02,locomotive,moving,,,
8523.5,2025-12-06T22:03:30+00:00,W9489,wagon,retrofitted,,,
8523.5,2025-12-06T22:03:30+00:00,W2712,wagon,retrofitted,,,
8549.5,2025-12-06T22:29:30+00:00,W12057,wagon,retrofitted,,,
8549.5,2025-12-06T22:29:30+00:00,W5282,wagon,retrofitted,,,
8554.5,2025-12-06T22:34:30+00:00,LOCO_02,locomotive,assigned,,,
8563.5,2025-12-06T22:43:30+00:00,LOCO_02,locomotive,moving,,,
8563.5,2025-12-06T22:43:30+00:00,W12074,wagon,moving,,,
8563.5,2025-12-06T22:43:30+00:00,W7542,wagon,moving,,,
8563.5,2025-12-06T22:43:30+00:00,W2652,wagon,moving,,,
8563.5,2025-12-06T22:43:30+00:00,W12385,wagon,moving,,,
8572.75,2025-12-06T22:52:45+00:00,W10134,wagon,rejected,T118,,No Retrofit Needed
8572.75,2025-12-06T22:52:45+00:00,W0002,wagon,rejected,T118,,NO_COLLECTION_TRACK
8572.75,2025-12-06T22:52:45+00:00,W0956,wagon,rejected,T118,,NO_COLLECTION_TRACK
8572.75,2025-12-06T22:52:45+00:00,W12146,wagon,rejected,T118,,NO_COLLECTION_TRACK
8572.75,2025-12-06T22:52:45+00:00,W2794,wagon,rejected,T118,,NO_COLLECTION_TRACK
8572.75,2025-12-06T22:52:45+00:00,W6704,wagon,arrived,T118,,
8572.75,2025-12-06T22:52:45+00:00,W0167,wagon,arrived,T118,,
8584.0,2025-12-06T23:04:00+00:00,W11482,wagon,parked,,,
8584.0,2025-12-06T23:04:00+00:00,W8671,wagon,parked,,,
8584.0,2025-12-06T23:04:00+00:00,W11252,wagon,parked,,,
8584.0,2025-12-06T23:04:00+00:00,W5452,wagon,parked,,,
8584.0,2025-12-06T23:04:00+00:00,W6800,wagon,parked,,,
8584.0,2025-12-06T23:04:00+00:00,W2386,wagon,parked,,,
8584.0,2025-12-06T23:04:00+00:00,LOCO_01,locomotive,moving,,,
8623.5,2025-12-06T23:43:30+00:00,W12074,wagon,queued,,,
8623.5,2025-12-06T23:43:30+00:00,W7542,wagon,queued,,,
8623.5,2025-12-06T23:43:30+00:00,W2652,wagon,queued,,,
8623.5,2025-12-06T23:43:30+00:00,W12385,wagon,queued,,,
8635.25,2025-12-06T23:55:15+00:00,W12186,wagon,rejected,T119,,NO_COLLECTION_TRACK
8635.25,2025-12-06T23:55:15+00:00,W0128,wagon,rejected,T119,,NO_COLLECTION_TRACK
8635.25,2025-12-06T23:55:15+00:00,W7755,wagon,rejected,T119,,NO_COLLECTION_TRACK
8635.25,2025-12-06T23:55:15+00:00,W9951,wagon,rejected,T119,,NO_COLLECTION_TRACK
8635.25,2025-12-06T23:55:15+00:00,W4605,wagon,rejected,T119,,NO_COLLECTION_TRACK
8644.0,2025-12-07T00:04:00+00:00,LOCO_01,locomotive,moving,,,
8644.5,2025-12-07T00:04:30+00:00,LOCO_02,locomotive,moving,,,
8649.5,2025-12-07T00:09:30+00:00,LOCO_02,locomotive,moving,,,
8651.0,2025-12-07T00:11:00+00:00,LOCO_01,locomotive,moving,,,
8651.0,2025-12-07T00:11:00+00:00,W9489,wagon,moving,,,
8651.0,2025-12-07T00:11:00+00:00,W2712,wagon,moving,,,
8656.0,2025-12-07T00:16:00+00:00,LOCO_01,locomotive,moving,,,
8656.5,2025-12-07T00:16:30+00:00,LOCO_02,locomotive,moving,,,
8656.5,2025-12-07T00:16:30+00:00,W12057,wagon,moving,,,
8656.5,2025-12-07T00:16:30+00:00,W5282,wagon,moving,,,
8661.0,2025-12-07T00:21:00+00:00,LOCO_01,locomotive,assigned,,,
8661.0,2025-12-07T00:21:00+00:00,LOCO_01,locomotive,moving,,,
8661.5,2025-12-07T00:21:30+00:00,LOCO_02,locomotive,moving,,,
8668.5,2025-12-07T00:28:30+00:00,LOCO_02,locomotive,moving,,,
8669.0,2025-12-07T00:29:00+00:00,LOCO_01,locomotive,moving,,,
8676.5,2025-12-07T00:36:30+00:00,LOCO_02,locomotive,moving,,,
8676.5,2025-12-07T00:36:30+00:00,W9940,wagon,moving,,,
8676.5,2025-12-07T00:36:30+00:00,W9081,wagon,moving,,,
8681.5,2025-12-07T00:41:30+00:00,W9940,wagon,in_workshop,,,
8681.5,2025-12-07T00:41:30+00:00,W9081,wagon,in_workshop,,,
8687.5,2025-12-07T00:47:30+00:00,W9940,wagon,in_workshop,,,
8687.5,2025-12-07T00:47:30+00:00,W9081,wagon,in_workshop,,,
8687.5,2025-12-07T00:47:30+00:00,LOCO_02,locomotive,moving,,,
8694.5,2025-12-07T00:54:30+00:00,LOCO_02,locomotive,moving,,,
8702.5,2025-12-07T01:02:30+00:00,LOCO_02,locomotive,moving,,,
8702.5,2025-12-07T01:02:30+00:00,W2136,wagon,moving,,,
8702.5,2025-12-07T01:02:30+00:00,W8990,wagon,moving,,,
8707.5,2025-12-07T01:07:30+00:00,W2136,wagon,in_workshop,,,
8707.5,2025-12-07T01:07:30+00:00,W8990,wagon,in_workshop,,,
8713.5,2025-12-07T01:13:30+00:00,W2136,wagon,in_workshop,,,
8713.5,2025-12-07T01:13:30+00:00,W8990,wagon,in_workshop,,,
8713.5,2025-12-07T01:13:30+00:00,LOCO_02,locomotive,moving,,,
8718.5,2025-12-07T01:18:30+00:00,LOCO_02,locomotive,moving,,,
8732.5,2025-12-07T01:32:30+00:00,W10254,wagon,parked,,,
8732.5,2025-12-07T01:32:30+00:00,W8380,wagon,parked,,,
8732.5,2025-12-07T01:32:30+00:00,W8378,wagon,parked,,,
8732.5,2025-12-07T01:32:30+00:00,W9440,wagon,parked,,,
8732.5,2025-12-07T01:32:30+00:00,LOCO_01,locomotive,moving,,,
8747.5,2025-12-07T01:47:30+00:00,W9940,wagon,retrofitted,,,
8747.5,2025-12-07T01:47:30+00:00,W9081,wagon,retrofitted,,,
8773.5,2025-12-07T02:13:30+00:00,W2136,wagon,retrofitted,,,
8773.5,2025-12-07T02:13:30+00:00,W8990,wagon,retrofitted,,,
8778.5,2025-12-07T02:18:30+00:00,LOCO_02,locomotive,assigned,,,
8783.5,2025-12-07T02:23:30+00:00,LOCO_02,locomotive,moving,,,
8783.5,2025-12-07T02:23:30+00:00,W2831,wagon,moving,,,
8783.5,2025-12-07T02:23:30+00:00,W0948,wagon,moving,,,
8792.5,2025-12-07T02:32:30+00:00,LOCO_01,locomotive,moving,,,
8799.5,2025-12-07T02:39:30+00:00,LOCO_01,locomotive,moving,,,
8799.5,2025-12-07T02:39:30+00:00,W9940,wagon,moving,,,
8799.5,2025-12-07T02:39:30+00:00,W9081,wagon,moving,,,
8804.5,2025-12-07T02:44:30+00:00,LOCO_01,locomotive,moving,,,
8809.5,2025-12-07T02:49:30+00:00,LOCO_01,locomotive,moving,,,
8816.5,2025-12-07T02:56:30+00:00,LOCO_01,locomotive,moving,,,
8816.5,2025-12-07T02:56:30+00:00,W2136,wagon,moving,,,
8816.5,2025-12-07T02:56:30+00:00,W8990,wagon,moving,,,
8821.5,2025-12-07T03:01:30+00:00,LOCO_01,locomotive,moving,,,
8828.5,2025-12-07T03:08:30+00:00,LOCO_01,locomotive,moving,,,
8836.5,2025-12-07T03:16:30+00:00,LOCO_01,locomotive,moving,,,
8836.5,2025-12-07T03:16:30+00:00,W10814,wagon,moving,,,
8836.5,2025-12-07T03:16:30+00:00,W0883,wagon,moving,,,
8841.5,2025-12-07T03:21:30+00:00,W10814,wagon,in_workshop,,,
8841.5,2025-12-07T03:21:30+00:00,W0883,wagon,in_workshop,,,
8843.5,2025-12-07T03:23:30+00:00,W2831,wagon,queued,,,
8843.5,2025-12-07T03:23:30+00:00,W0948,wagon,queued,,,
8847.5,2025-12-07T03:27:30+00:00,W10814,wagon,in_workshop,,,
8847.5,2025-12-07T03:27:30+00:00,W0883,wagon,in_workshop,,,
8847.5,2025-12-07T03:27:30+00:00,LOCO_01,locomotive,moving,,,
8852.5,2025-12-07T03:32:30+00:00,LOCO_02,locomotive,moving,,,
8854.5,2025-12-07T03:34:30+00:00,LOCO_01,locomotive,moving,,,
8857.5,2025-12-07T03:37:30+00:00,LOCO_02,locomotive,moving,,,
8862.5,2025-12-07T03:42:30+00:00,LOCO_01,locomotive,moving,,,
8862.5,2025-12-07T03:42:30+00:00,W5036,wagon,moving,,,
8862.5,2025-12-07T03:42:30+00:00,W12074,wagon,moving,,,
8867.5,2025-12-07T03:47:30+00:00,W5036,wagon,in_workshop,,,
8867.5,2025-12-07T03:47:30+00:00,W12074,wagon,in_workshop,,,
8873.5,2025-12-07T03:53:30+00:00,W5036,wagon,in_workshop,,,
8873.5,2025-12-07T03:53:30+00:00,W12074,wagon,in_workshop,,,
8873.5,2025-12-07T03:53:30+00:00,LOCO_01,locomotive,moving,,,
8878.5,2025-12-07T03:58:30+00:00,LOCO_01,locomotive,assigned,,,
8878.5,2025-12-07T03:58:30+00:00,LOCO_01,locomotive,moving,,,
8886.5,2025-12-07T04:06:30+00:00,LOCO_01,locomotive,moving,,,
8907.5,2025-12-07T04:27:30+00:00,W10814,wagon,retrofitted,,,
8907.5,2025-12-07T04:27:30+00:00,W0883,wagon,retrofitted,,,
8917.5,2025-12-07T04:37:30+00:00,LOCO_02,locomotive,assigned,,,
8922.5,2025-12-07T04:42:30+00:00,LOCO_02,locomotive,moving,,,
8922.5,2025-12-07T04:42:30+00:00,W11539,wagon,moving,,,
8922.5,2025-12-07T04:42:30+00:00,W4532,wagon,moving,,,
8933.5,2025-12-07T04:53:30+00:00,W5036,wagon,retrofitted,,,
8933.5,2025-12-07T04:53:30+00:00,W12074,wagon,retrofitted,,,
8950.0,2025-12-07T05:10:00+00:00,W9489,wagon,parked,,,
8950.0,2025-12-07T05:10:00+00:00,W2712,wagon,parked,,,
8950.0,2025-12-07T05:10:00+00:00,W12057,wagon,parked,,,
8950.0,2025-12-07T05:10:00+00:00,W5282,wagon,parked,,,
8950.0,2025-12-07T05:10:00+00:00,LOCO_01,locomotive,moving,,,
8982.5,2025-12-07T05:42:30+00:00,W11539,wagon,queued,,,
8982.5,2025-12-07T05:42:30+00:00,W4532,wagon,queued,,,
8991.5,2025-12-07T05:51:30+00:00,LOCO_02,locomotive,moving,,,
8996.5,2025-12-07T05:56:30+00:00,LOCO_02,locomotive,moving,,,
9003.5,2025-12-07T06:03:30+00:00,LOCO_02,locomotive,moving,,,
9003.5,2025-12-07T06:03:30+00:00,W10814,wagon,moving,,,
9003.5,2025-12-07T06:03:30+00:00,W0883,wagon,moving,,,
9008.5,2025-12-07T06:08:30+00:00,LOCO_02,locomotive,moving,,,
9010.0,2025-12-07T06:10:00+00:00,LOCO_01,locomotive,moving,,,
9013.5,2025-12-07T06:13:30+00:00,LOCO_02,locomotive,assigned,,,
9013.5,2025-12-07T06:13:30+00:00,LOCO_02,locomotive,moving,,,
9017.0,2025-12-07T06:17:00+00:00,LOCO_01,locomotive,moving,,,
9017.0,2025-12-07T06:17:00+00:00,W5036,wagon,moving,,,
9017.0,2025-12-07T06:17:00+00:00,W12074,wagon,moving,,,
9022.0,2025-12-07T06:22:00+00:00,LOCO_01,locomotive,moving,,,
9022.5,2025-12-07T06:22:30+00:00,LOCO_02,locomotive,moving,,,
9029.0,2025-12-07T06:29:00+00:00,LOCO_01,locomotive,moving,,,
9033.0,2025-12-07T06:33:00+00:00,W9940,wagon,parked,,,
9033.0,2025-12-07T06:33:00+00:00,W9081,wagon,parked,,,
9033.0,2025-12-07T06:33:00+00:00,W2136,wagon,parked,,,
9033.0,2025-12-07T06:33:00+00:00,W8990,wagon,parked,,,
9033.0,2025-12-07T06:33:00+00:00,W10814,wagon,parked,,,
9033.0,2025-12-07T06:33:00+00:00,W0883,wagon,parked,,,
9033.0,2025-12-07T06:33:00+00:00,LOCO_02,locomotive,moving,,,
9037.0,2025-12-07T06:37:00+00:00,LOCO_01,locomotive,moving,,,
9037.0,2025-12-07T06:37:00+00:00,W7542,wagon,moving,,,
9037.0,2025-12-07T06:37:00+00:00,W2652,wagon,moving,,,
9040.0,2025-12-07T06:40:00+00:00,LOCO_02,locomotive,moving,,,
9042.0,2025-12-07T06:42:00+00:00,W7542,wagon,in_workshop,,,
9042.0,2025-12-07T06:42:00+00:00,W2652,wagon,in_workshop,,,
9048.0,2025-12-07T06:48:00+00:00,W7542,wagon,in_workshop,,,
9048.0,2025-12-07T06:48:00+00:00,W2652,wagon,in_workshop,,,
9048.0,2025-12-07T06:48:00+00:00,LOCO_02,locomotive,moving,,,
9048.0,2025-12-07T06:48:00+00:00,W12385,wagon,moving,,,
9048.0,2025-12-07T06:48:00+00:00,W2831,wagon,moving,,,
9048.0,2025-12-07T06:48:00+00:00,LOCO_01,locomotive,moving,,,
9053.0,2025-12-07T06:53:00+00:00,W12385,wagon,in_workshop,,,
9053.0,2025-12-07T06:53:00+00:00,W2831,wagon,in_workshop,,,
9053.0,2025-12-07T06:53:00+00:00,LOCO_01,locomotive,moving,,,
9059.0,2025-12-07T06:59:00+00:00,W12385,wagon,in_workshop,,,
9059.0,2025-12-07T06:59:00+00:00,W2831,wagon,in_workshop,,,
9059.0,2025-12-07T06:59:00+00:00,LOCO_02,locomotive,moving,,,
9064.0,2025-12-07T07:04:00+00:00,LOCO_02,locomotive,moving,,,
9084.25,2025-12-07T07:24:15+00:00,W11256,wagon,rejected,T120,,No Retrofit Needed
9084.25,2025-12-07T07:24:15+00:00,W10878,wagon,rejected,T120,,No Retrofit Needed
9084.25,2025-12-07T07:24:15+00:00,W10772,wagon,arrived,T120,,
9084.25,2025-12-07T07:24:15+00:00,W5316,wagon,arrived,T120,,
9084.25,2025-12-07T07:24:15+00:00,W9043,wagon,arrived,T120,,
9084.25,2025-12-07T07:24:15+00:00,W2149,wagon,arrived,T120,,
9084.25,2025-12-07T07:24:15+00:00,W5380,wagon,arrived,T120,,
9084.25,2025-12-07T07:24:15+00:00,W0875,wagon,arrived,T120,,
9084.25,2025-12-07T07:24:15+00:00,W5989,wagon,arrived,T120,,
9084.25,2025-12-07T07:24:15+00:00,W5415,wagon,arrived,T120,,
9084.25,2025-12-07T07:24:15+00:00,W12031,wagon,arrived,T120,,
9108.0,2025-12-07T07:48:00+00:00,W7542,wagon,retrofitted,,,
9108.0,2025-12-07T07:48:00+00:00,W2652,wagon,retrofitted,,,
9113.0,2025-12-07T07:53:00+00:00,LOCO_01,locomotive,assigned,,,
9119.0,2025-12-07T07:59:00+00:00,W12385,wagon,retrofitted,,,
9119.0,2025-12-07T07:59:00+00:00,W2831,wagon,retrofitted,,,
9124.0,2025-12-07T08:04:00+00:00,LOCO_02,locomotive,assigned,,,
9127.0,2025-12-07T08:07:00+00:00,LOCO_02,locomotive,moving,,,
9127.0,2025-12-07T08:07:00+00:00,W8676,wagon,moving,,,
9128.0,2025-12-07T08:08:00+00:00,LOCO_01,locomotive,moving,,,
9128.0,2025-12-07T08:08:00+00:00,W0680,wagon,moving,,,
9128.0,2025-12-07T08:08:00+00:00,W11195,wagon,moving,,,
9128.0,2025-12-07T08:08:00+00:00,W0367,wagon,moving,,,
9128.0,2025-12-07T08:08:00+00:00,W0411,wagon,moving,,,
9128.0,2025-12-07T08:08:00+00:00,W4337,wagon,moving,,,
9128.0,2025-12-07T08:08:00+00:00,W2166,wagon,moving,,,
9128.0,2025-12-07T08:08:00+00:00,W11847,wagon,moving,,,
9185.25,2025-12-07T09:05:15+00:00,W12208,wagon,rejected,T121,,No Retrofit Needed
9185.25,2025-12-07T09:05:15+00:00,W11259,wagon,rejected,T121,,No Retrofit Needed
9185.25,2025-12-07T09:05:15+00:00,W7897,wagon,rejected,T121,,NO_COLLECTION_TRACK
9185.25,2025-12-07T09:05:15+00:00,W0962,wagon,rejected,T121,,NO_COLLECTION_TRACK
9185.25,2025-12-07T09:05:15+00:00,W8714,wagon,arrived,T121,,
9185.25,2025-12-07T09:05:15+00:00,W7877,wagon,arrived,T121,,
9185.25,2025-12-07T09:05:15+00:00,W5280,wagon,arrived,T121,,
9187.0,2025-12-07T09:07:00+00:00,W8676,wagon,queued,,,
9188.0,2025-12-07T09:08:00+00:00,W0680,wagon,queued,,,
9188.0,2025-12-07T09:08:00+00:00,W11195,wagon,queued,,,
9188.0,2025-12-07T09:08:00+00:00,W0367,wagon,queued,,,
9188.0,2025-12-07T09:08:00+00:00,W0411,wagon,queued,,,
9188.0,2025-12-07T09:08:00+00:00,W4337,wagon,queued,,,
9188.0,2025-12-07T09:08:00+00:00,W2166,wagon,queued,,,
9188.0,2025-12-07T09:08:00+00:00,W11847,wagon,queued,,,
9190.0,2025-12-07T09:10:00+00:00,LOCO_02,locomotive,moving,,,
9195.0,2025-12-07T09:15:00+00:00,LOCO_02,locomotive,moving,,,
9202.0,2025-12-07T09:22:00+00:00,LOCO_02,locomotive,moving,,,
9202.0,2025-12-07T09:22:00+00:00,W7542,wagon,moving,,,
9202.0,2025-12-07T09:22:00+00:00,W2652,wagon,moving,,,
9207.0,2025-12-07T09:27:00+00:00,LOCO_02,locomotive,moving,,,
9212.0,2025-12-07T09:32:00+00:00,LOCO_02,locomotive,moving,,,
9219.0,2025-12-07T09:39:00+00:00,LOCO_02,locomotive,moving,,,
9219.0,2025-12-07T09:39:00+00:00,W12385,wagon,moving,,,
9219.0,2025-12-07T09:39:00+00:00,W2831,wagon,moving,,,
9224.0,2025-12-07T09:44:00+00:00,LOCO_02,locomotive,moving,,,
9227.0,2025-12-07T09:47:00+00:00,LOCO_01,locomotive,moving,,,
9231.0,2025-12-07T09:51:00+00:00,LOCO_02,locomotive,moving,,,
9234.0,2025-12-07T09:54:00+00:00,LOCO_01,locomotive,moving,,,
9239.0,2025-12-07T09:59:00+00:00,LOCO_02,locomotive,moving,,,
9239.0,2025-12-07T09:59:00+00:00,W0948,wagon,moving,,,
9239.0,2025-12-07T09:59:00+00:00,W11539,wagon,moving,,,
9242.0,2025-12-07T10:02:00+00:00,LOCO_01,locomotive,moving,,,
9242.0,2025-12-07T10:02:00+00:00,W4532,wagon,moving,,,
9242.0,2025-12-07T10:02:00+00:00,W8676,wagon,moving,,,
9244.0,2025-12-07T10:04:00+00:00,W0948,wagon,in_workshop,,,
9244.0,2025-12-07T10:04:00+00:00,W11539,wagon,in_workshop,,,
9247.0,2025-12-07T10:07:00+00:00,W4532,wagon,in_workshop,,,
9247.0,2025-12-07T10:07:00+00:00,W8676,wagon,in_workshop,,,
9250.0,2025-12-07T10:10:00+00:00,W0948,wagon,in_workshop,,,
9250.0,2025-12-07T10:10:00+00:00,W11539,wagon,in_workshop,,,
9250.0,2025-12-07T10:10:00+00:00,LOCO_02,locomotive,moving,,,
9253.0,2025-12-07T10:13:00+00:00,W4532,wagon,in_workshop,,,
9253.0,2025-12-07T10:13:00+00:00,W8676,wagon,in_workshop,,,
9253.0,2025-12-07T10:13:00+00:00,LOCO_01,locomotive,moving,,,
9255.0,2025-12-07T10:15:00+00:00,LOCO_02,locomotive,assigned,,,
9255.0,2025-12-07T10:15:00+00:00,LOCO_02,locomotive,moving,,,
9262.0,2025-12-07T10:22:00+00:00,LOCO_02,locomotive,moving,,,
9300.5,2025-12-07T11:00:30+00:00,W5248,wagon,rejected,T122,,No Retrofit Needed
9300.5,2025-12-07T11:00:30+00:00,W5310,wagon,rejected,T122,,No Retrofit Needed
9310.0,2025-12-07T11:10:00+00:00,W0948,wagon,retrofitted,,,
9310.0,2025-12-07T11:10:00+00:00,W11539,wagon,retrofitted,,,
9310.5,2025-12-07T11:10:30+00:00,LOCO_01,locomotive,moving,,,
9313.0,2025-12-07T11:13:00+00:00,W4532,wagon,retrofitted,,,
9313.0,2025-12-07T11:13:00+00:00,W8676,wagon,retrofitted,,,
9317.5,2025-12-07T11:17:30+00:00,LOCO_01,locomotive,moving,,,
9317.5,2025-12-07T11:17:30+00:00,W0948,wagon,moving,,,
9317.5,2025-12-07T11:17:30+00:00,W11539,wagon,moving,,,
9322.5,2025-12-07T11:22:30+00:00,LOCO_01,locomotive,moving,,,
9323.5,2025-12-07T11:23:30+00:00,W5036,wagon,parked,,,
9323.5,2025-12-07T11:23:30+00:00,W12074,wagon,parked,,,
9323.5,2025-12-07T11:23:30+00:00,LOCO_02,locomotive,moving,,,
9327.5,2025-12-07T11:27:30+00:00,LOCO_01,locomotive,moving,,,
9334.5,2025-12-07T11:34:30+00:00,LOCO_01,locomotive,moving,,,
9334.5,2025-12-07T11:34:30+00:00,W4532,wagon,moving,,,
9334.5,2025-12-07T11:34:30+00:00,W8676,wagon,moving,,,
9337.25,2025-12-07T11:37:15+00:00,W10441,wagon,arrived,T123,,
9337.25,2025-12-07T11:37:15+00:00,W10435,wagon,arrived,T123,,
9339.5,2025-12-07T11:39:30+00:00,LOCO_01,locomotive,moving,,,
9346.5,2025-12-07T11:46:30+00:00,LOCO_01,locomotive,moving,,,
9354.5,2025-12-07T11:54:30+00:00,LOCO_01,locomotive,moving,,,
9354.5,2025-12-07T11:54:30+00:00,W0680,wagon,moving,,,
9354.5,2025-12-07T11:54:30+00:00,W11195,wagon,moving,,,
9359.5,2025-12-07T11:59:30+00:00,W0680,wagon,in_workshop,,,
9359.5,2025-12-07T11:59:30+00:00,W11195,wagon,in_workshop,,,
9365.5,2025-12-07T12:05:30+00:00,W0680,wagon,in_workshop,,,
9365.5,2025-12-07T12:05:30+00:00,W11195,wagon,in_workshop,,,
9365.5,2025-12-07T12:05:30+00:00,LOCO_01,locomotive,moving,,,
9372.5,2025-12-07T12:12:30+00:00,LOCO_01,locomotive,moving,,,
9380.5,2025-12-07T12:20:30+00:00,LOCO_01,locomotive,moving,,,
9380.5,2025-12-07T12:20:30+00:00,W0367,wagon,moving,,,
9380.5,2025-12-07T12:20:30+00:00,W0411,wagon,moving,,,
9383.5,2025-12-07T12:23:30+00:00,LOCO_02,locomotive,moving,,,
9385.5,2025-12-07T12:25:30+00:00,W0367,wagon,in_workshop,,,
9385.5,2025-12-07T12:25:30+00:00,W0411,wagon,in_workshop,,,
9391.5,2025-12-07T12:31:30+00:00,W0367,wagon,in_workshop,,,
9391.5,2025-12-07T12:31:30+00:00,W0411,wagon,in_workshop,,,
9391.5,2025-12-07T12:31:30+00:00,LOCO_01,locomotive,moving,,,
9396.5,2025-12-07T12:36:30+00:00,LOCO_01,locomotive,moving,,,
9400.75,2025-12-07T12:40:45+00:00,W1122,wagon,arrived,T124,,
9400.75,2025-12-07T12:40:45+00:00,W1120,wagon,arrived,T124,,
9425.5,2025-12-07T13:05:30+00:00,W0680,wagon,retrofitted,,,
9425.5,2025-12-07T13:05:30+00:00,W11195,wagon,retrofitted,,,
9443.5,2025-12-07T13:23:30+00:00,LOCO_02,locomotive,assigned,,,
9444.25,2025-12-07T13:24:15+00:00,W0943,wagon,rejected,T125,,No Retrofit Needed
9444.25,2025-12-07T13:24:15+00:00,W10081,wagon,rejected,T125,,No Retrofit Needed
9444.25,2025-12-07T13:24:15+00:00,W10881,wagon,rejected,T125,,No Retrofit Needed
9444.25,2025-12-07T13:24:15+00:00,W11518,wagon,arrived,T125,,
9444.25,2025-12-07T13:24:15+00:00,W9071,wagon,arrived,T125,,
9444.25,2025-12-07T13:24:15+00:00,W11516,wagon,arrived,T125,,
9444.25,2025-12-07T13:24:15+00:00,W5434,wagon,arrived,T125,,
9451.5,2025-12-07T13:31:30+00:00,W0367,wagon,retrofitted,,,
9451.5,2025-12-07T13:31:30+00:00,W0411,wagon,retrofitted,,,
9452.5,2025-12-07T13:32:30+00:00,LOCO_02,locomotive,moving,,,
9452.5,2025-12-07T13:32:30+00:00,W4478,wagon,moving,,,
9452.5,2025-12-07T13:32:30+00:00,W5845,wagon,moving,,,
9452.5,2025-12-07T13:32:30+00:00,W5248,wagon,moving,,,
9452.5,2025-12-07T13:32:30+00:00,W3562,wagon,moving,,,
9456.5,2025-12-07T13:36:30+00:00,LOCO_01,locomotive,assigned,,,
9467.5,2025-12-07T13:47:30+00:00,LOCO_01,locomotive,moving,,,
9467.5,2025-12-07T13:47:30+00:00,W11884,wagon,moving,,,
9467.5,2025-12-07T13:47:30+00:00,W2135,wagon,moving,,,
9467.5,2025-12-07T13:47:30+00:00,W9420,wagon,moving,,,
9467.5,2025-12-07T13:47:30+00:00,W9744,wagon,moving,,,
9467.5,2025-12-07T13:47:30+00:00,W4457,wagon,moving,,,
9512.5,2025-12-07T14:32:30+00:00,W4478,wagon,queued,,,
9512.5,2025-12-07T14:32:30+00:00,W5845,wagon,queued,,,
9512.5,2025-12-07T14:32:30+00:00,W5248,wagon,queued,,,
9512.5,2025-12-07T14:32:30+00:00,W3562,wagon,queued,,,
9527.5,2025-12-07T14:47:30+00:00,W11884,wagon,queued,,,
9527.5,2025-12-07T14:47:30+00:00,W2135,wagon,queued,,,
9527.5,2025-12-07T14:47:30+00:00,W9420,wagon,queued,,,
9527.5,2025-12-07T14:47:30+00:00,W9744,wagon,queued,,,
9527.5,2025-12-07T14:47:30+00:00,W4457,wagon,queued,,,
9529.5,2025-12-07T14:49:30+00:00,W10348,wagon,rejected,T126,,NO_COLLECTION_TRACK
9529.5,2025-12-07T14:49:30+00:00,W10272,wagon,rejected,T126,,NO_COLLECTION_TRACK
9529.5,2025-12-07T14:49:30+00:00,W10292,wagon,rejected,T126,,NO_COLLECTION_TRACK
9533.5,2025-12-07T14:53:30+00:00,LOCO_02,locomotive,moving,,,
9538.5,2025-12-07T14:58:30+00:00,LOCO_02,locomotive,moving,,,
9545.5,2025-12-07T15:05:30+00:00,LOCO_02,locomotive,moving,,,
9545.5,2025-12-07T15:05:30+00:00,W0680,wagon,moving,,,
9545.5,2025-12-07T15:05:30+00:00,W11195,wagon,moving,,,
9550.5,2025-12-07T15:10:30+00:00,LOCO_02,locomotive,moving,,,
9554.5,2025-12-07T15:14:30+00:00,LOCO_01,locomotive,moving,,,
9555.5,2025-12-07T15:15:30+00:00,LOCO_02,locomotive,assigned,,,
9555.5,2025-12-07T15:15:30+00:00,LOCO_02,locomotive,moving,,,
9559.5,2025-12-07T15:19:30+00:00,LOCO_01,locomotive,moving,,,
9565.5,2025-12-07T15:25:30+00:00,LOCO_02,locomotive,moving,,,
9566.5,2025-12-07T15:26:30+00:00,LOCO_01,locomotive,moving,,,
9566.5,2025-12-07T15:26:30+00:00,W0367,wagon,moving,,,
9566.5,2025-12-07T15:26:30+00:00,W0411,wagon,moving,,,
9571.5,2025-12-07T15:31:30+00:00,LOCO_01,locomotive,moving,,,
9578.5,2025-12-07T15:38:30+00:00,LOCO_01,locomotive,moving,,,
9586.5,2025-12-07T15:46:30+00:00,LOCO_01,locomotive,moving,,,
9586.5,2025-12-07T15:46:30+00:00,W4337,wagon,moving,,,
9586.5,2025-12-07T15:46:30+00:00,W2166,wagon,moving,,,
9591.5,2025-12-07T15:51:30+00:00,W4337,wagon,in_workshop,,,
9591.5,2025-12-07T15:51:30+00:00,W2166,wagon,in_workshop,,,
9597.5,2025-12-07T15:57:30+00:00,W4337,wagon,in_workshop,,,
9597.5,2025-12-07T15:57:30+00:00,W2166,wagon,in_workshop,,,
9597.5,2025-12-07T15:57:30+00:00,LOCO_01,locomotive,moving,,,
9604.5,2025-12-07T16:04:30+00:00,LOCO_01,locomotive,moving,,,
9612.5,2025-12-07T16:12:30+00:00,LOCO_01,locomotive,moving,,,
9612.5,2025-12-07T16:12:30+00:00,W11847,wagon,moving,,,
9612.5,2025-12-07T16:12:30+00:00,W4478,wagon,moving,,,
9617.5,2025-12-07T16:17:30+00:00,W11847,wagon,in_workshop,,,
9617.5,2025-12-07T16:17:30+00:00,W4478,wagon,in_workshop,,,
9623.5,2025-12-07T16:23:30+00:00,W11847,wagon,in_workshop,,,
9623.5,2025-12-07T16:23:30+00:00,W4478,wagon,in_workshop,,,
9623.5,2025-12-07T16:23:30+00:00,LOCO_01,locomotive,moving,,,
9628.5,2025-12-07T16:28:30+00:00,LOCO_01,locomotive,moving,,,
9648.0,2025-12-07T16:48:00+00:00,W7542,wagon,parked,,,
9648.0,2025-12-07T16:48:00+00:00,W2652,wagon,parked,,,
9648.0,2025-12-07T16:48:00+00:00,W12385,wagon,parked,,,
9648.0,2025-12-07T16:48:00+00:00,W2831,wagon,parked,,,
9648.0,2025-12-07T16:48:00+00:00,W0948,wagon,parked,,,
9648.0,2025-12-07T16:48:00+00:00,W11539,wagon,parked,,,
9648.0,2025-12-07T16:48:00+00:00,W4532,wagon,parked,,,
9648.0,2025-12-07T16:48:00+00:00,W8676,wagon,parked,,,
9648.0,2025-12-07T16:48:00+00:00,LOCO_02,locomotive,moving,,,
9657.5,2025-12-07T16:57:30+00:00,W4337,wagon,retrofitted,,,
9657.5,2025-12-07T16:57:30+00:00,W2166,wagon,retrofitted,,,
9683.5,2025-12-07T17:23:30+00:00,W11847,wagon,retrofitted,,,
9683.5,2025-12-07T17:23:30+00:00,W4478,wagon,retrofitted,,,
9684.0,2025-12-07T17:24:00+00:00,W318166502860,wagon,rejected,T127,,No Retrofit Needed
9684.0,2025-12-07T17:24:00+00:00,W2696,wagon,rejected,T127,,No Retrofit Needed
9684.0,2025-12-07T17:24:00+00:00,W4506,wagon,arrived,T127,,
9684.0,2025-12-07T17:24:00+00:00,W1439,wagon,arrived,T127,,
9688.5,2025-12-07T17:28:30+00:00,LOCO_01,locomotive,assigned,,,
9699.5,2025-12-07T17:39:30+00:00,LOCO_01,locomotive,moving,,,
9699.5,2025-12-07T17:39:30+00:00,W4915,wagon,moving,,,
9699.5,2025-12-07T17:39:30+00:00,W12195,wagon,moving,,,
9699.5,2025-12-07T17:39:30+00:00,W10330,wagon,moving,,,
9699.5,2025-12-07T17:39:30+00:00,W8570,wagon,moving,,,
9699.5,2025-12-07T17:39:30+00:00,W9355,wagon,moving,,,
9706.0,2025-12-07T17:46:00+00:00,W0128,wagon,rejected,T128,,No Retrofit Needed
9706.0,2025-12-07T17:46:00+00:00,W4605,wagon,rejected,T128,,No Retrofit Needed
9708.0,2025-12-07T17:48:00+00:00,LOCO_02,locomotive,moving,,,
9715.0,2025-12-07T17:55:00+00:00,LOCO_02,locomotive,moving,,,
9715.0,2025-12-07T17:55:00+00:00,W4337,wagon,moving,,,
9715.0,2025-12-07T17:55:00+00:00,W2166,wagon,moving,,,
9720.0,2025-12-07T18:00:00+00:00,LOCO_02,locomotive,moving,,,
9725.0,2025-12-07T18:05:00+00:00,LOCO_02,locomotive,moving,,,
9732.0,2025-12-07T18:12:00+00:00,LOCO_02,locomotive,moving,,,
9732.0,2025-12-07T18:12:00+00:00,W11847,wagon,moving,,,
9732.0,2025-12-07T18:12:00+00:00,W4478,wagon,moving,,,
9737.0,2025-12-07T18:17:00+00:00,LOCO_02,locomotive,moving,,,
9744.0,2025-12-07T18:24:00+00:00,LOCO_02,locomotive,moving,,,
9752.0,2025-12-07T18:32:00+00:00,LOCO_02,locomotive,moving,,,
9752.0,2025-12-07T18:32:00+00:00,W5845,wagon,moving,,,
9752.0,2025-12-07T18:32:00+00:00,W5248,wagon,moving,,,
9757.0,2025-12-07T18:37:00+00:00,W5845,wagon,in_workshop,,,
9757.0,2025-12-07T18:37:00+00:00,W5248,wagon,in_workshop,,,
9759.5,2025-12-07T18:39:30+00:00,W4915,wagon,queued,,,
9759.5,2025-12-07T18:39:30+00:00,W12195,wagon,queued,,,
9759.5,2025-12-07T18:39:30+00:00,W10330,wagon,queued,,,
9759.5,2025-12-07T18:39:30+00:00,W8570,wagon,queued,,,
9759.5,2025-12-07T18:39:30+00:00,W9355,wagon,queued,,,
9763.0,2025-12-07T18:43:00+00:00,W5845,wagon,in_workshop,,,
9763.0,2025-12-07T18:43:00+00:00,W5248,wagon,in_workshop,,,
9763.0,2025-12-07T18:43:00+00:00,LOCO_02,locomotive,moving,,,
9770.0,2025-12-07T18:50:00+00:00,LOCO_02,locomotive,moving,,,
9778.0,2025-12-07T18:58:00+00:00,LOCO_02,locomotive,moving,,,
9778.0,2025-12-07T18:58:00+00:00,W3562,wagon,moving,,,
9778.0,2025-12-07T18:58:00+00:00,W11884,wagon,moving,,,
9783.0,2025-12-07T19:03:00+00:00,W3562,wagon,in_workshop,,,
9783.0,2025-12-07T19:03:00+00:00,W11884,wagon,in_workshop,,,
9786.5,2025-12-07T19:06:30+00:00,LOCO_01,locomotive,moving,,,
9789.0,2025-12-07T19:09:00+00:00,W3562,wagon,in_workshop,,,
9789.0,2025-12-07T19:09:00+00:00,W11884,wagon,in_workshop,,,
9789.0,2025-12-07T19:09:00+00:00,LOCO_02,locomotive,moving,,,
9791.5,2025-12-07T19:11:30+00:00,LOCO_01,locomotive,moving,,,
9794.0,2025-12-07T19:14:00+00:00,LOCO_02,locomotive,assigned,,,
9794.0,2025-12-07T19:14:00+00:00,LOCO_02,locomotive,moving,,,
9800.25,2025-12-07T19:20:15+00:00,W3210,wagon,rejected,T129,,No Retrofit Needed
9800.25,2025-12-07T19:20:15+00:00,W0002,wagon,rejected,T129,,No Retrofit Needed
9800.25,2025-12-07T19:20:15+00:00,W11510,wagon,rejected,T129,,No Retrofit Needed
9800.25,2025-12-07T19:20:15+00:00,W9143,wagon,arrived,T129,,
9800.25,2025-12-07T19:20:15+00:00,W10883,wagon,arrived,T129,,
9800.25,2025-12-07T19:20:15+00:00,W10896,wagon,arrived,T129,,
9802.0,2025-12-07T19:22:00+00:00,LOCO_02,locomotive,moving,,,
9823.0,2025-12-07T19:43:00+00:00,W5845,wagon,retrofitted,,,
9823.0,2025-12-07T19:43:00+00:00,W5248,wagon,retrofitted,,,
9849.0,2025-12-07T20:09:00+00:00,W3562,wagon,retrofitted,,,
9849.0,2025-12-07T20:09:00+00:00,W11884,wagon,retrofitted,,,
9851.5,2025-12-07T20:11:30+00:00,LOCO_01,locomotive,assigned,,,
9854.5,2025-12-07T20:14:30+00:00,LOCO_01,locomotive,moving,,,
9854.5,2025-12-07T20:14:30+00:00,W0928,wagon,moving,,,
9880.5,2025-12-07T20:40:30+00:00,W0680,wagon,parked,,,
9880.5,2025-12-07T20:40:30+00:00,W11195,wagon,parked,,,
9880.5,2025-12-07T20:40:30+00:00,W0367,wagon,parked,,,
9880.5,2025-12-07T20:40:30+00:00,W0411,wagon,parked,,,
9880.5,2025-12-07T20:40:30+00:00,LOCO_02,locomotive,moving,,,
9896.5,2025-12-07T20:56:30+00:00,W10303,wagon,arrived,T130,,
9896.5,2025-12-07T20:56:30+00:00,W5395,wagon,arrived,T130,,
9896.5,2025-12-07T20:56:30+00:00,W2774,wagon,arrived,T130,,
9896.5,2025-12-07T20:56:30+00:00,W10233,wagon,arrived,T130,,
9896.5,2025-12-07T20:56:30+00:00,W2815,wagon,arrived,T130,,
9914.5,2025-12-07T21:14:30+00:00,W0928,wagon,queued,,,
9917.5,2025-12-07T21:17:30+00:00,LOCO_01,locomotive,moving,,,
9922.5,2025-12-07T21:22:30+00:00,LOCO_01,locomotive,moving,,,
9929.5,2025-12-07T21:29:30+00:00,LOCO_01,locomotive,moving,,,
9929.5,2025-12-07T21:29:30+00:00,W5845,wagon,moving,,,
9929.5,2025-12-07T21:29:30+00:00,W5248,wagon,moving,,,
9934.5,2025-12-07T21:34:30+00:00,LOCO_01,locomotive,moving,,,
9939.5,2025-12-07T21:39:30+00:00,LOCO_01,locomotive,moving,,,
9942.5,2025-12-07T21:42:30+00:00,LOCO_02,locomotive,moving,,,
9946.5,2025-12-07T21:46:30+00:00,LOCO_01,locomotive,moving,,,
9946.5,2025-12-07T21:46:30+00:00,W3562,wagon,moving,,,
9946.5,2025-12-07T21:46:30+00:00,W11884,wagon,moving,,,
9950.5,2025-12-07T21:50:30+00:00,LOCO_02,locomotive,moving,,,
9950.5,2025-12-07T21:50:30+00:00,W2135,wagon,moving,,,
9950.5,2025-12-07T21:50:30+00:00,W9420,wagon,moving,,,
9951.5,2025-12-07T21:51:30+00:00,LOCO_01,locomotive,moving,,,
9955.5,2025-12-07T21:55:30+00:00,W2135,wagon,in_workshop,,,
9955.5,2025-12-07T21:55:30+00:00,W9420,wagon,in_workshop,,,
9956.5,2025-12-07T21:56:30+00:00,LOCO_01,locomotive,assigned,,,
9956.5,2025-12-07T21:56:30+00:00,LOCO_01,locomotive,moving,,,
9961.5,2025-12-07T22:01:30+00:00,W2135,wagon,in_workshop,,,
9961.5,2025-12-07T22:01:30+00:00,W9420,wagon,in_workshop,,,
9961.5,2025-12-07T22:01:30+00:00,LOCO_02,locomotive,moving,,,
9965.5,2025-12-07T22:05:30+00:00,LOCO_01,locomotive,moving,,,
9968.5,2025-12-07T22:08:30+00:00,LOCO_02,locomotive,moving,,,
9976.5,2025-12-07T22:16:30+00:00,LOCO_02,locomotive,moving,,,
9976.5,2025-12-07T22:16:30+00:00,W9744,wagon,moving,,,
9976.5,2025-12-07T22:16:30+00:00,W4457,wagon,moving,,,
9981.5,2025-12-07T22:21:30+00:00,W9744,wagon,in_workshop,,,
9981.5,2025-12-07T22:21:30+00:00,W4457,wagon,in_workshop,,,
9987.5,2025-12-07T22:27:30+00:00,W9744,wagon,in_workshop,,,
9987.5,2025-12-07T22:27:30+00:00,W4457,wagon,in_workshop,,,
9987.5,2025-12-07T22:27:30+00:00,LOCO_02,locomotive,moving,,,
10021.5,2025-12-07T23:01:30+00:00,W2135,wagon,retrofitted,,,
10021.5,2025-12-07T23:01:30+00:00,W9420,wagon,retrofitted,,,
10022.0,2025-12-07T23:02:00+00:00,LOCO_02,locomotive,moving,,,
10029.0,2025-12-07T23:09:00+00:00,LOCO_02,locomotive,moving,,,
10029.0,2025-12-07T23:09:00+00:00,W2135,wagon,moving,,,
10029.0,2025-12-07T23:09:00+00:00,W9420,wagon,moving,,,
10031.0,2025-12-07T23:11:00+00:00,W4337,wagon,parked,,,
10031.0,2025-12-07T23:11:00+00:00,W2166,wagon,parked,,,
10031.0,2025-12-07T23:11:00+00:00,W11847,wagon,parked,,,
10031.0,2025-12-07T23:11:00+00:00,W4478,wagon,parked,,,
10031.0,2025-12-07T23:11:00+00:00,W5845,wagon,parked,,,
10031.0,2025-12-07T23:11:00+00:00,W5248,wagon,parked,,,
10031.0,2025-12-07T23:11:00+00:00,LOCO_01,locomotive,moving,,,
10034.0,2025-12-07T23:14:00+00:00,LOCO_02,locomotive,moving,,,
10041.0,2025-12-07T23:21:00+00:00,LOCO_02,locomotive,moving,,,
10041.5,2025-12-07T23:21:30+00:00,W2846,wagon,arrived,T131,,
10041.5,2025-12-07T23:21:30+00:00,W5760,wagon,arrived,T131,,
10041.5,2025-12-07T23:21:30+00:00,W6421,wagon,arrived,T131,,
10041.5,2025-12-07T23:21:30+00:00,W4802,wagon,arrived,T131,,
10047.5,2025-12-07T23:27:30+00:00,W9744,wagon,retrofitted,,,
10047.5,2025-12-07T23:27:30+00:00,W4457,wagon,retrofitted,,,
10049.0,2025-12-07T23:29:00+00:00,LOCO_02,locomotive,moving,,,
10049.0,2025-12-07T23:29:00+00:00,W4915,wagon,moving,,,
10049.0,2025-12-07T23:29:00+00:00,W12195,wagon,moving,,,
10054.0,2025-12-07T23:34:00+00:00,W4915,wagon,in_workshop,,,
10054.0,2025-12-07T23:34:00+00:00,W12195,wagon,in_workshop,,,
10060.0,2025-12-07T23:40:00+00:00,W4915,wagon,in_workshop,,,
10060.0,2025-12-07T23:40:00+00:00,W12195,wagon,in_workshop,,,
10060.0,2025-12-07T23:40:00+00:00,LOCO_02,locomotive,moving,,,
10065.0,2025-12-07T23:45:00+00:00,LOCO_02,locomotive,moving,,,
10065.5,2025-12-07T23:45:30+00:00,W8616,wagon,arrived,T132,,
10072.0,2025-12-07T23:52:00+00:00,LOCO_02,locomotive,moving,,,
10072.0,2025-12-07T23:52:00+00:00,W9744,wagon,moving,,,
10072.0,2025-12-07T23:52:00+00:00,W4457,wagon,moving,,,
10073.25,2025-12-07T23:53:15+00:00,W10387,wagon,rejected,T133,,NO_COLLECTION_TRACK
10073.25,2025-12-07T23:53:15+00:00,W10100,wagon,rejected,T133,,NO_COLLECTION_TRACK
10073.25,2025-12-07T23:53:15+00:00,W10959,wagon,rejected,T133,,NO_COLLECTION_TRACK
10073.25,2025-12-07T23:53:15+00:00,W1888,wagon,rejected,T133,,NO_COLLECTION_TRACK
10073.25,2025-12-07T23:53:15+00:00,W0139,wagon,rejected,T133,,NO_COLLECTION_TRACK
10077.0,2025-12-07T23:57:00+00:00,LOCO_02,locomotive,moving,,,
10082.0,2025-12-08T00:02:00+00:00,LOCO_02,locomotive,moving,,,
10093.0,2025-12-08T00:13:00+00:00,LOCO_01,locomotive,moving,,,
10101.0,2025-12-08T00:21:00+00:00,LOCO_01,locomotive,moving,,,
10101.0,2025-12-08T00:21:00+00:00,W10330,wagon,moving,,,
10101.0,2025-12-08T00:21:00+00:00,W8570,wagon,moving,,,
10106.0,2025-12-08T00:26:00+00:00,W10330,wagon,in_workshop,,,
10106.0,2025-12-08T00:26:00+00:00,W8570,wagon,in_workshop,,,
10112.0,2025-12-08T00:32:00+00:00,W10330,wagon,rejected,T134,,No Retrofit Needed
10112.0,2025-12-08T00:32:00+00:00,W10330,wagon,in_workshop,,,
10112.0,2025-12-08T00:32:00+00:00,W8570,wagon,in_workshop,,,
10112.0,2025-12-08T00:32:00+00:00,LOCO_01,locomotive,moving,,,
10117.0,2025-12-08T00:37:00+00:00,LOCO_01,locomotive,moving,,,
10120.0,2025-12-08T00:40:00+00:00,W4915,wagon,retrofitted,,,
10120.0,2025-12-08T00:40:00+00:00,W12195,wagon,retrofitted,,,
10122.75,2025-12-08T00:42:45+00:00,W2165,wagon,rejected,T135,,NO_COLLECTION_TRACK
10142.0,2025-12-08T01:02:00+00:00,LOCO_02,locomotive,assigned,,,
10157.0,2025-12-08T01:17:00+00:00,LOCO_02,locomotive,moving,,,
10157.0,2025-12-08T01:17:00+00:00,W8578,wagon,moving,,,
10157.0,2025-12-08T01:17:00+00:00,W9358,wagon,moving,,,
10157.0,2025-12-08T01:17:00+00:00,W5612,wagon,moving,,,
10157.0,2025-12-08T01:17:00+00:00,W5821,wagon,moving,,,
10157.0,2025-12-08T01:17:00+00:00,W6008,wagon,moving,,,
10157.0,2025-12-08T01:17:00+00:00,W0293,wagon,moving,,,
10157.0,2025-12-08T01:17:00+00:00,W0616,wagon,moving,,,
10172.0,2025-12-08T01:32:00+00:00,W10330,wagon,retrofitted,,,
10172.0,2025-12-08T01:32:00+00:00,W8570,wagon,retrofitted,,,
10177.0,2025-12-08T01:37:00+00:00,LOCO_01,locomotive,assigned,,,
10180.0,2025-12-08T01:40:00+00:00,LOCO_01,locomotive,moving,,,
10180.0,2025-12-08T01:40:00+00:00,W12177,wagon,moving,,,
10217.0,2025-12-08T02:17:00+00:00,W8578,wagon,queued,,,
10217.0,2025-12-08T02:17:00+00:00,W9358,wagon,queued,,,
10217.0,2025-12-08T02:17:00+00:00,W5612,wagon,queued,,,
10217.0,2025-12-08T02:17:00+00:00,W5821,wagon,queued,,,
10217.0,2025-12-08T02:17:00+00:00,W6008,wagon,queued,,,
10217.0,2025-12-08T02:17:00+00:00,W0293,wagon,queued,,,
10217.0,2025-12-08T02:17:00+00:00,W0616,wagon,queued,,,
10227.75,2025-12-08T02:27:45+00:00,W5834,wagon,rejected,T136,,No Retrofit Needed
10227.75,2025-12-08T02:27:45+00:00,W5838,wagon,rejected,T136,,No Retrofit Needed
10227.75,2025-12-08T02:27:45+00:00,W2736,wagon,rejected,T136,,NO_COLLECTION_TRACK
10227.75,2025-12-08T02:27:45+00:00,W10873,wagon,rejected,T136,,NO_COLLECTION_TRACK
10227.75,2025-12-08T02:27:45+00:00,W9427,wagon,rejected,T136,,NO_COLLECTION_TRACK
10240.0,2025-12-08T02:40:00+00:00,W12177,wagon,queued,,,
10243.0,2025-12-08T02:43:00+00:00,LOCO_01,locomotive,moving,,,
10248.0,2025-12-08T02:48:00+00:00,LOCO_01,locomotive,moving,,,
10253.0,2025-12-08T02:53:00+00:00,W0234,wagon,arrived,T137,,
10253.0,2025-12-08T02:53:00+00:00,W12229,wagon,arrived,T137,,
10253.0,2025-12-08T02:53:00+00:00,W6323,wagon,arrived,T137,,
10255.0,2025-12-08T02:55:00+00:00,LOCO_01,locomotive,moving,,,
10255.0,2025-12-08T02:55:00+00:00,W4915,wagon,moving,,,
10255.0,2025-12-08T02:55:00+00:00,W12195,wagon,moving,,,
10256.0,2025-12-08T02:56:00+00:00,LOCO_02,locomotive,moving,,,
10260.0,2025-12-08T03:00:00+00:00,LOCO_01,locomotive,moving,,,
10261.0,2025-12-08T03:01:00+00:00,LOCO_02,locomotive,moving,,,
10265.0,2025-12-08T03:05:00+00:00,LOCO_01,locomotive,assigned,,,
10265.0,2025-12-08T03:05:00+00:00,LOCO_01,locomotive,moving,,,
10268.0,2025-12-08T03:08:00+00:00,LOCO_02,locomotive,moving,,,
10268.0,2025-12-08T03:08:00+00:00,W10330,wagon,moving,,,
10268.0,2025-12-08T03:08:00+00:00,W8570,wagon,moving,,,
10273.0,2025-12-08T03:13:00+00:00,LOCO_02,locomotive,moving,,,
10274.0,2025-12-08T03:14:00+00:00,LOCO_01,locomotive,moving,,,
10280.0,2025-12-08T03:20:00+00:00,LOCO_02,locomotive,moving,,,
10284.5,2025-12-08T03:24:30+00:00,W3562,wagon,parked,,,
10284.5,2025-12-08T03:24:30+00:00,W11884,wagon,parked,,,
10284.5,2025-12-08T03:24:30+00:00,W2135,wagon,parked,,,
10284.5,2025-12-08T03:24:30+00:00,W9420,wagon,parked,,,
10284.5,2025-12-08T03:24:30+00:00,W9744,wagon,parked,,,
10284.5,2025-12-08T03:24:30+00:00,W4457,wagon,parked,,,
10284.5,2025-12-08T03:24:30+00:00,LOCO_01,locomotive,moving,,,
10288.0,2025-12-08T03:28:00+00:00,LOCO_02,locomotive,moving,,,
10288.0,2025-12-08T03:28:00+00:00,W9355,wagon,moving,,,
10288.0,2025-12-08T03:28:00+00:00,W0928,wagon,moving,,,
10291.5,2025-12-08T03:31:30+00:00,LOCO_01,locomotive,moving,,,
10293.0,2025-12-08T03:33:00+00:00,W9355,wagon,in_workshop,,,
10293.0,2025-12-08T03:33:00+00:00,W0928,wagon,in_workshop,,,
10299.0,2025-12-08T03:39:00+00:00,W9355,wagon,in_workshop,,,
10299.0,2025-12-08T03:39:00+00:00,W0928,wagon,in_workshop,,,
10299.0,2025-12-08T03:39:00+00:00,LOCO_02,locomotive,moving,,,
10299.5,2025-12-08T03:39:30+00:00,LOCO_01,locomotive,moving,,,
10299.5,2025-12-08T03:39:30+00:00,W8578,wagon,moving,,,
10299.5,2025-12-08T03:39:30+00:00,W9358,wagon,moving,,,
10304.0,2025-12-08T03:44:00+00:00,LOCO_02,locomotive,moving,,,
10304.5,2025-12-08T03:44:30+00:00,W8578,wagon,in_workshop,,,
10304.5,2025-12-08T03:44:30+00:00,W9358,wagon,in_workshop,,,
10310.5,2025-12-08T03:50:30+00:00,W8578,wagon,in_workshop,,,
10310.5,2025-12-08T03:50:30+00:00,W9358,wagon,in_workshop,,,
10310.5,2025-12-08T03:50:30+00:00,LOCO_01,locomotive,moving,,,
10315.5,2025-12-08T03:55:30+00:00,LOCO_01,locomotive,moving,,,
10359.0,2025-12-08T04:39:00+00:00,W9355,wagon,retrofitted,,,
10359.0,2025-12-08T04:39:00+00:00,W0928,wagon,retrofitted,,,
10364.0,2025-12-08T04:44:00+00:00,LOCO_02,locomotive,assigned,,,
10370.5,2025-12-08T04:50:30+00:00,W8578,wagon,retrofitted,,,
10370.5,2025-12-08T04:50:30+00:00,W9358,wagon,retrofitted,,,
10375.5,2025-12-08T04:55:30+00:00,LOCO_01,locomotive,assigned,,,
10378.5,2025-12-08T04:58:30+00:00,LOCO_01,locomotive,moving,,,
10378.5,2025-12-08T04:58:30+00:00,W10772,wagon,moving,,,
10379.0,2025-12-08T04:59:00+00:00,LOCO_02,locomotive,moving,,,
10379.0,2025-12-08T04:59:00+00:00,W0888,wagon,moving,,,
10379.0,2025-12-08T04:59:00+00:00,W7853,wagon,moving,,,
10379.0,2025-12-08T04:59:00+00:00,W6704,wagon,moving,,,
10379.0,2025-12-08T04:59:00+00:00,W0167,wagon,moving,,,
10379.0,2025-12-08T04:59:00+00:00,W5380,wagon,moving,,,
10379.0,2025-12-08T04:59:00+00:00,W5989,wagon,moving,,,
10379.0,2025-12-08T04:59:00+00:00,W5415,wagon,moving,,,
10420.25,2025-12-08T05:40:15+00:00,W11261,wagon,rejected,T138,,No Retrofit Needed
10420.25,2025-12-08T05:40:15+00:00,W11269,wagon,rejected,T138,,No Retrofit Needed
10420.25,2025-12-08T05:40:15+00:00,W2973,wagon,rejected,T138,,No Retrofit Needed
10420.25,2025-12-08T05:40:15+00:00,W2910,wagon,arrived,T138,,
10420.25,2025-12-08T05:40:15+00:00,W0681,wagon,arrived,T138,,
10420.25,2025-12-08T05:40:15+00:00,W8552,wagon,arrived,T138,,
10423.5,2025-12-08T05:43:30+00:00,W4422,wagon,rejected,T139,,NO_COLLECTION_TRACK
10423.5,2025-12-08T05:43:30+00:00,W4392,wagon,rejected,T139,,NO_COLLECTION_TRACK
10423.5,2025-12-08T05:43:30+00:00,W0237,wagon,rejected,T139,,NO_COLLECTION_TRACK
10423.5,2025-12-08T05:43:30+00:00,W9833,wagon,rejected,T139,,NO_COLLECTION_TRACK
10423.5,2025-12-08T05:43:30+00:00,W0841,wagon,rejected,T139,,NO_COLLECTION_TRACK
10423.5,2025-12-08T05:43:30+00:00,W12221,wagon,arrived,T139,,
10430.25,2025-12-08T05:50:15+00:00,W6734,wagon,rejected,T140,,NO_COLLECTION_TRACK
10430.25,2025-12-08T05:50:15+00:00,W4085,wagon,rejected,T140,,NO_COLLECTION_TRACK
10430.25,2025-12-08T05:50:15+00:00,W3909,wagon,rejected,T140,,NO_COLLECTION_TRACK
10430.25,2025-12-08T05:50:15+00:00,W3822,wagon,rejected,T140,,NO_COLLECTION_TRACK
10430.25,2025-12-08T05:50:15+00:00,W4571,wagon,rejected,T140,,NO_COLLECTION_TRACK
10438.5,2025-12-08T05:58:30+00:00,W10772,wagon,queued,,,
10439.0,2025-12-08T05:59:00+00:00,W0888,wagon,queued,,,
10439.0,2025-12-08T05:59:00+00:00,W7853,wagon,queued,,,
10439.0,2025-12-08T05:59:00+00:00,W6704,wagon,queued,,,
10439.0,2025-12-08T05:59:00+00:00,W0167,wagon,queued,,,
10439.0,2025-12-08T05:59:00+00:00,W5380,wagon,queued,,,
10439.0,2025-12-08T05:59:00+00:00,W5989,wagon,queued,,,
10439.0,2025-12-08T05:59:00+00:00,W5415,wagon,queued,,,
10441.5,2025-12-08T06:01:30+00:00,LOCO_01,locomotive,moving,,,
10446.5,2025-12-08T06:06:30+00:00,LOCO_01,locomotive,moving,,,
10453.5,2025-12-08T06:13:30+00:00,LOCO_01,locomotive,moving,,,
10453.5,2025-12-08T06:13:30+00:00,W9355,wagon,moving,,,
10453.5,2025-12-08T06:13:30+00:00,W0928,wagon,moving,,,
10458.5,2025-12-08T06:18:30+00:00,LOCO_01,locomotive,moving,,,
10463.5,2025-12-08T06:23:30+00:00,LOCO_01,locomotive,moving,,,
10470.5,2025-12-08T06:30:30+00:00,LOCO_01,locomotive,moving,,,
10470.5,2025-12-08T06:30:30+00:00,W8578,wagon,moving,,,
10470.5,2025-12-08T06:30:30+00:00,W9358,wagon,moving,,,
10475.5,2025-12-08T06:35:30+00:00,LOCO_01,locomotive,moving,,,
10478.0,2025-12-08T06:38:00+00:00,LOCO_02,locomotive,moving,,,
10482.5,2025-12-08T06:42:30+00:00,LOCO_01,locomotive,moving,,,
10485.0,2025-12-08T06:45:00+00:00,LOCO_02,locomotive,moving,,,
10490.5,2025-12-08T06:50:30+00:00,LOCO_01,locomotive,moving,,,
10490.5,2025-12-08T06:50:30+00:00,W5612,wagon,moving,,,
10490.5,2025-12-08T06:50:30+00:00,W5821,wagon,moving,,,
10493.0,2025-12-08T06:53:00+00:00,LOCO_02,locomotive,moving,,,
10493.0,2025-12-08T06:53:00+00:00,W6008,wagon,moving,,,
10493.0,2025-12-08T06:53:00+00:00,W0293,wagon,moving,,,
10495.5,2025-12-08T06:55:30+00:00,W5612,wagon,in_workshop,,,
10495.5,2025-12-08T06:55:30+00:00,W5821,wagon,in_workshop,,,
10498.0,2025-12-08T06:58:00+00:00,W6008,wagon,in_workshop,,,
10498.0,2025-12-08T06:58:00+00:00,W0293,wagon,in_workshop,,,
10500.0,2025-12-08T07:00:00+00:00,W9043,wagon,rejected,T141,,No Retrofit Needed
10500.0,2025-12-08T07:00:00+00:00,W10772,wagon,rejected,T141,,No Retrofit Needed
10500.0,2025-12-08T07:00:00+00:00,W318166502860,wagon,rejected,T141,,No Retrofit Needed
10500.0,2025-12-08T07:00:00+00:00,W1419,wagon,arrived,T141,,
10501.5,2025-12-08T07:01:30+00:00,W5612,wagon,in_workshop,,,
10501.5,2025-12-08T07:01:30+00:00,W5821,wagon,in_workshop,,,
10501.5,2025-12-08T07:01:30+00:00,LOCO_01,locomotive,moving,,,
10504.0,2025-12-08T07:04:00+00:00,W6008,wagon,in_workshop,,,
10504.0,2025-12-08T07:04:00+00:00,W0293,wagon,in_workshop,,,
10504.0,2025-12-08T07:04:00+00:00,LOCO_02,locomotive,moving,,,
10506.5,2025-12-08T07:06:30+00:00,LOCO_01,locomotive,assigned,,,
10506.5,2025-12-08T07:06:30+00:00,LOCO_01,locomotive,moving,,,
10514.5,2025-12-08T07:14:30+00:00,LOCO_01,locomotive,moving,,,
10561.5,2025-12-08T08:01:30+00:00,W5612,wagon,retrofitted,,,
10561.5,2025-12-08T08:01:30+00:00,W5821,wagon,retrofitted,,,
10562.0,2025-12-08T08:02:00+00:00,LOCO_02,locomotive,moving,,,
10564.0,2025-12-08T08:04:00+00:00,W6008,wagon,retrofitted,,,
10564.0,2025-12-08T08:04:00+00:00,W0293,wagon,retrofitted,,,
10569.0,2025-12-08T08:09:00+00:00,LOCO_02,locomotive,moving,,,
10569.0,2025-12-08T08:09:00+00:00,W5612,wagon,moving,,,
10569.0,2025-12-08T08:09:00+00:00,W5821,wagon,moving,,,
10574.0,2025-12-08T08:14:00+00:00,LOCO_02,locomotive,moving,,,
10578.0,2025-12-08T08:18:00+00:00,W4915,wagon,parked,,,
10578.0,2025-12-08T08:18:00+00:00,W12195,wagon,parked,,,
10578.0,2025-12-08T08:18:00+00:00,W10330,wagon,parked,,,
10578.0,2025-12-08T08:18:00+00:00,W8570,wagon,parked,,,
10578.0,2025-12-08T08:18:00+00:00,LOCO_01,locomotive,moving,,,
10579.0,2025-12-08T08:19:00+00:00,LOCO_02,locomotive,moving,,,
10586.0,2025-12-08T08:26:00+00:00,LOCO_02,locomotive,moving,,,
10586.0,2025-12-08T08:26:00+00:00,W6008,wagon,moving,,,
10586.0,2025-12-08T08:26:00+00:00,W0293,wagon,moving,,,
10591.0,2025-12-08T08:31:00+00:00,LOCO_02,locomotive,moving,,,
10593.5,2025-12-08T08:33:30+00:00,W9959,wagon,rejected,T142,,No Retrofit Needed
10593.5,2025-12-08T08:33:30+00:00,W0093,wagon,rejected,T142,,NO_COLLECTION_TRACK
10593.5,2025-12-08T08:33:30+00:00,W0131,wagon,rejected,T142,,NO_COLLECTION_TRACK
10593.5,2025-12-08T08:33:30+00:00,W5173,wagon,arrived,T142,,
10593.5,2025-12-08T08:33:30+00:00,W4380,wagon,arrived,T142,,
10593.5,2025-12-08T08:33:30+00:00,W5872,wagon,arrived,T142,,
10593.5,2025-12-08T08:33:30+00:00,W6989,wagon,arrived,T142,,
10593.5,2025-12-08T08:33:30+00:00,W12179,wagon,arrived,T142,,
10598.0,2025-12-08T08:38:00+00:00,LOCO_02,locomotive,moving,,,
10606.0,2025-12-08T08:46:00+00:00,LOCO_02,locomotive,moving,,,
10606.0,2025-12-08T08:46:00+00:00,W0616,wagon,moving,,,
10606.0,2025-12-08T08:46:00+00:00,W12177,wagon,moving,,,
10611.0,2025-12-08T08:51:00+00:00,W0616,wagon,in_workshop,,,
10611.0,2025-12-08T08:51:00+00:00,W12177,wagon,in_workshop,,,
10616.5,2025-12-08T08:56:30+00:00,W8335,wagon,rejected,T143,,NO_COLLECTION_TRACK
10616.5,2025-12-08T08:56:30+00:00,W7282,wagon,rejected,T143,,NO_COLLECTION_TRACK
10616.5,2025-12-08T08:56:30+00:00,W12073,wagon,rejected,T143,,NO_COLLECTION_TRACK
10617.0,2025-12-08T08:57:00+00:00,W0616,wagon,in_workshop,,,
10617.0,2025-12-08T08:57:00+00:00,W12177,wagon,in_workshop,,,
10617.0,2025-12-08T08:57:00+00:00,LOCO_02,locomotive,moving,,,
10624.0,2025-12-08T09:04:00+00:00,LOCO_02,locomotive,moving,,,
10632.0,2025-12-08T09:12:00+00:00,LOCO_02,locomotive,moving,,,
10632.0,2025-12-08T09:12:00+00:00,W10772,wagon,moving,,,
10632.0,2025-12-08T09:12:00+00:00,W0888,wagon,moving,,,
10637.0,2025-12-08T09:17:00+00:00,W10772,wagon,in_workshop,,,
10637.0,2025-12-08T09:17:00+00:00,W0888,wagon,in_workshop,,,
10638.0,2025-12-08T09:18:00+00:00,LOCO_01,locomotive,moving,,,
10643.0,2025-12-08T09:23:00+00:00,W10772,wagon,in_workshop,,,
10643.0,2025-12-08T09:23:00+00:00,W0888,wagon,in_workshop,,,
10643.0,2025-12-08T09:23:00+00:00,LOCO_02,locomotive,moving,,,
10648.0,2025-12-08T09:28:00+00:00,LOCO_02,locomotive,moving,,,
10677.0,2025-12-08T09:57:00+00:00,W0616,wagon,retrofitted,,,
10677.0,2025-12-08T09:57:00+00:00,W12177,wagon,retrofitted,,,
10698.0,2025-12-08T10:18:00+00:00,LOCO_01,locomotive,assigned,,,
10703.0,2025-12-08T10:23:00+00:00,W10772,wagon,retrofitted,,,
10703.0,2025-12-08T10:23:00+00:00,W0888,wagon,retrofitted,,,
10707.0,2025-12-08T10:27:00+00:00,LOCO_01,locomotive,moving,,,
10707.0,2025-12-08T10:27:00+00:00,W5316,wagon,moving,,,
10707.0,2025-12-08T10:27:00+00:00,W9043,wagon,moving,,,
10707.0,2025-12-08T10:27:00+00:00,W2149,wagon,moving,,,
10707.0,2025-12-08T10:27:00+00:00,W0875,wagon,moving,,,
10708.0,2025-12-08T10:28:00+00:00,LOCO_02,locomotive,assigned,,,
10713.0,2025-12-08T10:33:00+00:00,LOCO_02,locomotive,moving,,,
10713.0,2025-12-08T10:33:00+00:00,W12031,wagon,moving,,,
10713.0,2025-12-08T10:33:00+00:00,W8714,wagon,moving,,,
10767.0,2025-12-08T11:27:00+00:00,W5316,wagon,queued,,,
10767.0,2025-12-08T11:27:00+00:00,W9043,wagon,queued,,,
10767.0,2025-12-08T11:27:00+00:00,W2149,wagon,queued,,,
10767.0,2025-12-08T11:27:00+00:00,W0875,wagon,queued,,,
10773.0,2025-12-08T11:33:00+00:00,W12031,wagon,queued,,,
10773.0,2025-12-08T11:33:00+00:00,W8714,wagon,queued,,,
10782.0,2025-12-08T11:42:00+00:00,LOCO_02,locomotive,moving,,,
10787.0,2025-12-08T11:47:00+00:00,LOCO_02,locomotive,moving,,,
10788.0,2025-12-08T11:48:00+00:00,W0139,wagon,rejected,T144,,No Retrofit Needed
10788.0,2025-12-08T11:48:00+00:00,LOCO_01,locomotive,moving,,,
10793.0,2025-12-08T11:53:00+00:00,LOCO_01,locomotive,moving,,,
10793.25,2025-12-08T11:53:15+00:00,W12116,wagon,arrived,T145,,
10793.25,2025-12-08T11:53:15+00:00,W0698,wagon,arrived,T145,,
10793.25,2025-12-08T11:53:15+00:00,W10150,wagon,arrived,T145,,
10793.25,2025-12-08T11:53:15+00:00,W4099,wagon,arrived,T145,,
10794.0,2025-12-08T11:54:00+00:00,LOCO_02,locomotive,moving,,,
10794.0,2025-12-08T11:54:00+00:00,W0616,wagon,moving,,,
10794.0,2025-12-08T11:54:00+00:00,W12177,wagon,moving,,,
10795.0,2025-12-08T11:55:00+00:00,W5987,wagon,rejected,T146,,NO_COLLECTION_TRACK
10795.0,2025-12-08T11:55:00+00:00,W10815,wagon,rejected,T146,,NO_COLLECTION_TRACK
10795.0,2025-12-08T11:55:00+00:00,W9311,wagon,rejected,T146,,NO_COLLECTION_TRACK
10795.0,2025-12-08T11:55:00+00:00,W8090,wagon,rejected,T146,,NO_COLLECTION_TRACK
10795.0,2025-12-08T11:55:00+00:00,W12155,wagon,arrived,T146,,
10796.75,2025-12-08T11:56:45+00:00,W7601,wagon,rejected,T147,,NO_COLLECTION_TRACK
10796.75,2025-12-08T11:56:45+00:00,W0848,wagon,rejected,T147,,NO_COLLECTION_TRACK
10796.75,2025-12-08T11:56:45+00:00,W5493,wagon,rejected,T147,,NO_COLLECTION_TRACK
10796.75,2025-12-08T11:56:45+00:00,W0839,wagon,arrived,T147,,
10799.0,2025-12-08T11:59:00+00:00,LOCO_02,locomotive,moving,,,
10800.0,2025-12-08T12:00:00+00:00,LOCO_01,locomotive,moving,,,
10800.0,2025-12-08T12:00:00+00:00,W10772,wagon,moving,,,
10800.0,2025-12-08T12:00:00+00:00,W0888,wagon,moving,,,
10804.0,2025-12-08T12:04:00+00:00,LOCO_02,locomotive,assigned,,,
10804.0,2025-12-08T12:04:00+00:00,LOCO_02,locomotive,moving,,,
10805.0,2025-12-08T12:05:00+00:00,LOCO_01,locomotive,moving,,,
10812.0,2025-12-08T12:12:00+00:00,LOCO_01,locomotive,moving,,,
10814.0,2025-12-08T12:14:00+00:00,LOCO_02,locomotive,moving,,,
10820.0,2025-12-08T12:20:00+00:00,LOCO_01,locomotive,moving,,,
10820.0,2025-12-08T12:20:00+00:00,W7853,wagon,moving,,,
10820.0,2025-12-08T12:20:00+00:00,W6704,wagon,moving,,,
10825.0,2025-12-08T12:25:00+00:00,W7853,wagon,in_workshop,,,
10825.0,2025-12-08T12:25:00+00:00,W6704,wagon,in_workshop,,,
10831.0,2025-12-08T12:31:00+00:00,W7853,wagon,in_workshop,,,
10831.0,2025-12-08T12:31:00+00:00,W6704,wagon,in_workshop,,,
10831.0,2025-12-08T12:31:00+00:00,LOCO_01,locomotive,moving,,,
10838.0,2025-12-08T12:38:00+00:00,LOCO_01,locomotive,moving,,,
10842.75,2025-12-08T12:42:45+00:00,W6352,wagon,rejected,T148,,No Retrofit Needed
10842.75,2025-12-08T12:42:45+00:00,W2444,wagon,rejected,T148,,No Retrofit Needed
10846.0,2025-12-08T12:46:00+00:00,LOCO_01,locomotive,moving,,,
10846.0,2025-12-08T12:46:00+00:00,W0167,wagon,moving,,,
10846.0,2025-12-08T12:46:00+00:00,W5380,wagon,moving,,,
10851.0,2025-12-08T12:51:00+00:00,W0167,wagon,in_workshop,,,
10851.0,2025-12-08T12:51:00+00:00,W5380,wagon,in_workshop,,,
10857.0,2025-12-08T12:57:00+00:00,W0167,wagon,in_workshop,,,
10857.0,2025-12-08T12:57:00+00:00,W5380,wagon,in_workshop,,,
10857.0,2025-12-08T12:57:00+00:00,LOCO_01,locomotive,moving,,,
10860.25,2025-12-08T13:00:15+00:00,W0962,wagon,rejected,T149,,No Retrofit Needed
10860.25,2025-12-08T13:00:15+00:00,W1888,wagon,rejected,T149,,No Retrofit Needed
10860.25,2025-12-08T13:00:15+00:00,W0013,wagon,rejected,T149,,NO_COLLECTION_TRACK
10862.0,2025-12-08T13:02:00+00:00,LOCO_01,locomotive,moving,,,
10891.0,2025-12-08T13:31:00+00:00,W7853,wagon,retrofitted,,,
10891.0,2025-12-08T13:31:00+00:00,W6704,wagon,retrofitted,,,
10896.5,2025-12-08T13:36:30+00:00,W9355,wagon,parked,,,
10896.5,2025-12-08T13:36:30+00:00,W0928,wagon,parked,,,
10896.5,2025-12-08T13:36:30+00:00,W8578,wagon,parked,,,
10896.5,2025-12-08T13:36:30+00:00,W9358,wagon,parked,,,
10896.5,2025-12-08T13:36:30+00:00,W5612,wagon,parked,,,
10896.5,2025-12-08T13:36:30+00:00,W5821,wagon,parked,,,
10896.5,2025-12-08T13:36:30+00:00,W6008,wagon,parked,,,
10896.5,2025-12-08T13:36:30+00:00,W0293,wagon,parked,,,
10896.5,2025-12-08T13:36:30+00:00,LOCO_02,locomotive,moving,,,
10917.0,2025-12-08T13:57:00+00:00,W0167,wagon,retrofitted,,,
10917.0,2025-12-08T13:57:00+00:00,W5380,wagon,retrofitted,,,
10922.0,2025-12-08T14:02:00+00:00,LOCO_01,locomotive,assigned,,,
10933.0,2025-12-08T14:13:00+00:00,LOCO_01,locomotive,moving,,,
10933.0,2025-12-08T14:13:00+00:00,W7877,wagon,moving,,,
10933.0,2025-12-08T14:13:00+00:00,W5280,wagon,moving,,,
10933.0,2025-12-08T14:13:00+00:00,W1120,wagon,moving,,,
10933.0,2025-12-08T14:13:00+00:00,W11518,wagon,moving,,,
10933.0,2025-12-08T14:13:00+00:00,W9071,wagon,moving,,,
10947.75,2025-12-08T14:27:45+00:00,W2980,wagon,rejected,T150,,No Retrofit Needed
10947.75,2025-12-08T14:27:45+00:00,W3413,wagon,rejected,T150,,NO_COLLECTION_TRACK
10947.75,2025-12-08T14:27:45+00:00,W8479,wagon,rejected,T150,,NO_COLLECTION_TRACK
10947.75,2025-12-08T14:27:45+00:00,W8637,wagon,rejected,T150,,NO_COLLECTION_TRACK
10947.75,2025-12-08T14:27:45+00:00,W2324,wagon,rejected,T150,,NO_COLLECTION_TRACK
10947.75,2025-12-08T14:27:45+00:00,W10934,wagon,rejected,T150,,NO_COLLECTION_TRACK
10947.75,2025-12-08T14:27:45+00:00,W3237,wagon,rejected,T150,,NO_COLLECTION_TRACK
10956.5,2025-12-08T14:36:30+00:00,LOCO_02,locomotive,moving,,,
10963.5,2025-12-08T14:43:30+00:00,LOCO_02,locomotive,moving,,,
10963.5,2025-12-08T14:43:30+00:00,W7853,wagon,moving,,,
10963.5,2025-12-08T14:43:30+00:00,W6704,wagon,moving,,,
10968.5,2025-12-08T14:48:30+00:00,LOCO_02,locomotive,moving,,,
10973.5,2025-12-08T14:53:30+00:00,LOCO_02,locomotive,moving,,,
10973.75,2025-12-08T14:53:45+00:00,W5611,wagon,rejected,T151,,NO_COLLECTION_TRACK
10973.75,2025-12-08T14:53:45+00:00,W8094,wagon,rejected,T151,,NO_COLLECTION_TRACK
10973.75,2025-12-08T14:53:45+00:00,W2299,wagon,rejected,T151,,NO_COLLECTION_TRACK
10973.75,2025-12-08T14:53:45+00:00,W2263,wagon,rejected,T151,,NO_COLLECTION_TRACK
10973.75,2025-12-08T14:53:45+00:00,W8075,wagon,rejected,T151,,NO_COLLECTION_TRACK
10973.75,2025-12-08T14:53:45+00:00,W5681,wagon,rejected,T151,,NO_COLLECTION_TRACK
10973.75,2025-12-08T14:53:45+00:00,W6409,wagon,rejected,T151,,NO_COLLECTION_TRACK
10973.75,2025-12-08T14:53:45+00:00,W8498,wagon,rejected,T151,,NO_COLLECTION_TRACK
10973.75,2025-12-08T14:53:45+00:00,W2133,wagon,rejected,T151,,NO_COLLECTION_TRACK
10973.75,2025-12-08T14:53:45+00:00,W10562,wagon,rejected,T151,,NO_COLLECTION_TRACK
10980.5,2025-12-08T15:00:30+00:00,LOCO_02,locomotive,moving,,,
10980.5,2025-12-08T15:00:30+00:00,W0167,wagon,moving,,,
10980.5,2025-12-08T15:00:30+00:00,W5380,wagon,moving,,,
10985.5,2025-12-08T15:05:30+00:00,LOCO_02,locomotive,moving,,,
10992.5,2025-12-08T15:12:30+00:00,LOCO_02,locomotive,moving,,,
10993.0,2025-12-08T15:13:00+00:00,W7877,wagon,queued,,,
10993.0,2025-12-08T15:13:00+00:00,W5280,wagon,queued,,,
10993.0,2025-12-08T15:13:00+00:00,W1120,wagon,queued,,,
10993.0,2025-12-08T15:13:00+00:00,W11518,wagon,queued,,,
10993.0,2025-12-08T15:13:00+00:00,W9071,wagon,queued,,,
11000.5,2025-12-08T15:20:30+00:00,LOCO_02,locomotive,moving,,,
11000.5,2025-12-08T15:20:30+00:00,W5989,wagon,moving,,,
11000.5,2025-12-08T15:20:30+00:00,W5415,wagon,moving,,,
11005.5,2025-12-08T15:25:30+00:00,W5989,wagon,in_workshop,,,
11005.5,2025-12-08T15:25:30+00:00,W5415,wagon,in_workshop,,,
11011.5,2025-12-08T15:31:30+00:00,W5989,wagon,in_workshop,,,
11011.5,2025-12-08T15:31:30+00:00,W5415,wagon,in_workshop,,,
11011.5,2025-12-08T15:31:30+00:00,LOCO_02,locomotive,moving,,,
11018.5,2025-12-08T15:38:30+00:00,LOCO_02,locomotive,moving,,,
11020.0,2025-12-08T15:40:00+00:00,LOCO_01,locomotive,moving,,,
11025.0,2025-12-08T15:45:00+00:00,LOCO_01,locomotive,moving,,,
11026.5,2025-12-08T15:46:30+00:00,LOCO_02,locomotive,moving,,,
11026.5,2025-12-08T15:46:30+00:00,W5316,wagon,moving,,,
11026.5,2025-12-08T15:46:30+00:00,W9043,wagon,moving,,,
11031.5,2025-12-08T15:51:30+00:00,W5316,wagon,in_workshop,,,
11031.5,2025-12-08T15:51:30+00:00,W9043,wagon,in_workshop,,,
11037.5,2025-12-08T15:57:30+00:00,W5316,wagon,in_workshop,,,
11037.5,2025-12-08T15:57:30+00:00,W9043,wagon,in_workshop,,,
11037.5,2025-12-08T15:57:30+00:00,LOCO_02,locomotive,moving,,,
11042.5,2025-12-08T16:02:30+00:00,LOCO_02,locomotive,assigned,,,
11042.5,2025-12-08T16:02:30+00:00,LOCO_02,locomotive,moving,,,
11050.5,2025-12-08T16:10:30+00:00,LOCO_02,locomotive,moving,,,
11071.5,2025-12-08T16:31:30+00:00,W5989,wagon,retrofitted,,,
11071.5,2025-12-08T16:31:30+00:00,W5415,wagon,retrofitted,,,
11085.0,2025-12-08T16:45:00+00:00,LOCO_01,locomotive,assigned,,,
11088.0,2025-12-08T16:48:00+00:00,LOCO_01,locomotive,moving,,,
11088.0,2025-12-08T16:48:00+00:00,W10441,wagon,moving,,,
11097.5,2025-12-08T16:57:30+00:00,W5316,wagon,retrofitted,,,
11097.5,2025-12-08T16:57:30+00:00,W9043,wagon,retrofitted,,,
11148.0,2025-12-08T17:48:00+00:00,W10441,wagon,queued,,,
11151.0,2025-12-08T17:51:00+00:00,LOCO_01,locomotive,moving,,,
11156.0,2025-12-08T17:56:00+00:00,LOCO_01,locomotive,moving,,,
11163.0,2025-12-08T18:03:00+00:00,LOCO_01,locomotive,moving,,,
11163.0,2025-12-08T18:03:00+00:00,W5989,wagon,moving,,,
11163.0,2025-12-08T18:03:00+00:00,W5415,wagon,moving,,,
11168.0,2025-12-08T18:08:00+00:00,LOCO_01,locomotive,moving,,,
11173.0,2025-12-08T18:13:00+00:00,LOCO_01,locomotive,moving,,,
11174.0,2025-12-08T18:14:00+00:00,W0616,wagon,parked,,,
11174.0,2025-12-08T18:14:00+00:00,W12177,wagon,parked,,,
11174.0,2025-12-08T18:14:00+00:00,W10772,wagon,parked,,,
11174.0,2025-12-08T18:14:00+00:00,W0888,wagon,parked,,,
11174.0,2025-12-08T18:14:00+00:00,LOCO_02,locomotive,moving,,,
11180.0,2025-12-08T18:20:00+00:00,LOCO_01,locomotive,moving,,,
11180.0,2025-12-08T18:20:00+00:00,W5316,wagon,moving,,,
11180.0,2025-12-08T18:20:00+00:00,W9043,wagon,moving,,,
11185.0,2025-12-08T18:25:00+00:00,LOCO_01,locomotive,moving,,,
11192.0,2025-12-08T18:32:00+00:00,LOCO_01,locomotive,moving,,,
11200.0,2025-12-08T18:40:00+00:00,LOCO_01,locomotive,moving,,,
11200.0,2025-12-08T18:40:00+00:00,W2149,wagon,moving,,,
11200.0,2025-12-08T18:40:00+00:00,W0875,wagon,moving,,,
11205.0,2025-12-08T18:45:00+00:00,W2149,wagon,in_workshop,,,
11205.0,2025-12-08T18:45:00+00:00,W0875,wagon,in_workshop,,,
11211.0,2025-12-08T18:51:00+00:00,W2149,wagon,in_workshop,,,
11211.0,2025-12-08T18:51:00+00:00,W0875,wagon,in_workshop,,,
11211.0,2025-12-08T18:51:00+00:00,LOCO_01,locomotive,moving,,,
11218.0,2025-12-08T18:58:00+00:00,LOCO_01,locomotive,moving,,,
11226.0,2025-12-08T19:06:00+00:00,LOCO_01,locomotive,moving,,,
11226.0,2025-12-08T19:06:00+00:00,W12031,wagon,moving,,,
11226.0,2025-12-08T19:06:00+00:00,W8714,wagon,moving,,,
11231.0,2025-12-08T19:11:00+00:00,W12031,wagon,in_workshop,,,
11231.0,2025-12-08T19:11:00+00:00,W8714,wagon,in_workshop,,,
11231.5,2025-12-08T19:11:30+00:00,W1040,wagon,rejected,T152,,No Retrofit Needed
11231.5,2025-12-08T19:11:30+00:00,W4380,wagon,rejected,T152,,No Retrofit Needed
11231.5,2025-12-08T19:11:30+00:00,W0555,wagon,rejected,T152,,NO_COLLECTION_TRACK
11231.5,2025-12-08T19:11:30+00:00,W5992,wagon,arrived,T152,,
11231.5,2025-12-08T19:11:30+00:00,W9943,wagon,arrived,T152,,
11231.5,2025-12-08T19:11:30+00:00,W9430,wagon,arrived,T152,,
11231.5,2025-12-08T19:11:30+00:00,W7598,wagon,arrived,T152,,
11231.5,2025-12-08T19:11:30+00:00,W7513,wagon,arrived,T152,,
11231.5,2025-12-08T19:11:30+00:00,W9446,wagon,arrived,T152,,
11231.5,2025-12-08T19:11:30+00:00,W2844,wagon,arrived,T152,,
11231.5,2025-12-08T19:11:30+00:00,W8339,wagon,arrived,T152,,
11234.0,2025-12-08T19:14:00+00:00,LOCO_02,locomotive,moving,,,
11237.0,2025-12-08T19:17:00+00:00,W12031,wagon,in_workshop,,,
11237.0,2025-12-08T19:17:00+00:00,W8714,wagon,in_workshop,,,
11237.0,2025-12-08T19:17:00+00:00,LOCO_01,locomotive,moving,,,
11242.0,2025-12-08T19:22:00+00:00,LOCO_01,locomotive,moving,,,
11271.0,2025-12-08T19:51:00+00:00,W2149,wagon,retrofitted,,,
11271.0,2025-12-08T19:51:00+00:00,W0875,wagon,retrofitted,,,
11294.0,2025-12-08T20:14:00+00:00,LOCO_02,locomotive,assigned,,,
11297.0,2025-12-08T20:17:00+00:00,W12031,wagon,retrofitted,,,
11297.0,2025-12-08T20:17:00+00:00,W8714,wagon,retrofitted,,,
11302.0,2025-12-08T20:22:00+00:00,LOCO_01,locomotive,assigned,,,
11305.0,2025-12-08T20:25:00+00:00,LOCO_01,locomotive,moving,,,
11305.0,2025-12-08T20:25:00+00:00,W10435,wagon,moving,,,
11307.0,2025-12-08T20:27:00+00:00,LOCO_02,locomotive,moving,,,
11307.0,2025-12-08T20:27:00+00:00,W11516,wagon,moving,,,
11307.0,2025-12-08T20:27:00+00:00,W5434,wagon,moving,,,
11307.0,2025-12-08T20:27:00+00:00,W6421,wagon,moving,,,
11307.0,2025-12-08T20:27:00+00:00,W4802,wagon,moving,,,
11307.0,2025-12-08T20:27:00+00:00,W8616,wagon,moving,,,
11307.0,2025-12-08T20:27:00+00:00,W0234,wagon,moving,,,
11365.0,2025-12-08T21:25:00+00:00,W10435,wagon,queued,,,
11367.0,2025-12-08T21:27:00+00:00,W11516,wagon,queued,,,
11367.0,2025-12-08T21:27:00+00:00,W5434,wagon,queued,,,
11367.0,2025-12-08T21:27:00+00:00,W6421,wagon,queued,,,
11367.0,2025-12-08T21:27:00+00:00,W4802,wagon,queued,,,
11367.0,2025-12-08T21:27:00+00:00,W8616,wagon,queued,,,
11367.0,2025-12-08T21:27:00+00:00,W0234,wagon,queued,,,
11368.0,2025-12-08T21:28:00+00:00,LOCO_01,locomotive,moving,,,
11373.0,2025-12-08T21:33:00+00:00,LOCO_01,locomotive,moving,,,
11380.0,2025-12-08T21:40:00+00:00,LOCO_01,locomotive,moving,,,
11380.0,2025-12-08T21:40:00+00:00,W2149,wagon,moving,,,
11380.0,2025-12-08T21:40:00+00:00,W0875,wagon,moving,,,
11385.0,2025-12-08T21:45:00+00:00,LOCO_01,locomotive,moving,,,
11390.0,2025-12-08T21:50:00+00:00,LOCO_01,locomotive,moving,,,
11397.0,2025-12-08T21:57:00+00:00,LOCO_01,locomotive,moving,,,
11397.0,2025-12-08T21:57:00+00:00,W12031,wagon,moving,,,
11397.0,2025-12-08T21:57:00+00:00,W8714,wagon,moving,,,
11400.0,2025-12-08T22:00:00+00:00,LOCO_02,locomotive,moving,,,
11402.0,2025-12-08T22:02:00+00:00,LOCO_01,locomotive,moving,,,
11407.0,2025-12-08T22:07:00+00:00,LOCO_02,locomotive,moving,,,
11407.0,2025-12-08T22:07:00+00:00,LOCO_01,locomotive,assigned,,,
11407.0,2025-12-08T22:07:00+00:00,LOCO_01,locomotive,moving,,,
11415.0,2025-12-08T22:15:00+00:00,LOCO_02,locomotive,moving,,,
11415.0,2025-12-08T22:15:00+00:00,W7877,wagon,moving,,,
11415.0,2025-12-08T22:15:00+00:00,W5280,wagon,moving,,,
11417.0,2025-12-08T22:17:00+00:00,LOCO_01,locomotive,moving,,,
11420.0,2025-12-08T22:20:00+00:00,W7877,wagon,in_workshop,,,
11420.0,2025-12-08T22:20:00+00:00,W5280,wagon,in_workshop,,,
11426.0,2025-12-08T22:26:00+00:00,W7877,wagon,in_workshop,,,
11426.0,2025-12-08T22:26:00+00:00,W5280,wagon,in_workshop,,,
11426.0,2025-12-08T22:26:00+00:00,LOCO_02,locomotive,moving,,,
11433.0,2025-12-08T22:33:00+00:00,LOCO_02,locomotive,moving,,,
11441.0,2025-12-08T22:41:00+00:00,LOCO_02,locomotive,moving,,,
11441.0,2025-12-08T22:41:00+00:00,W1120,wagon,moving,,,
11441.0,2025-12-08T22:41:00+00:00,W11518,wagon,moving,,,
11446.0,2025-12-08T22:46:00+00:00,W1120,wagon,in_workshop,,,
11446.0,2025-12-08T22:46:00+00:00,W11518,wagon,in_workshop,,,
11452.0,2025-12-08T22:52:00+00:00,W1120,wagon,in_workshop,,,
11452.0,2025-12-08T22:52:00+00:00,W11518,wagon,in_workshop,,,
11452.0,2025-12-08T22:52:00+00:00,LOCO_02,locomotive,moving,,,
11457.0,2025-12-08T22:57:00+00:00,LOCO_02,locomotive,moving,,,
11484.5,2025-12-08T23:24:30+00:00,W7853,wagon,parked,,,
11484.5,2025-12-08T23:24:30+00:00,W6704,wagon,parked,,,
11484.5,2025-12-08T23:24:30+00:00,W0167,wagon,parked,,,
11484.5,2025-12-08T23:24:30+00:00,W5380,wagon,parked,,,
11484.5,2025-12-08T23:24:30+00:00,W5989,wagon,parked,,,
11484.5,2025-12-08T23:24:30+00:00,W5415,wagon,parked,,,
11484.5,2025-12-08T23:24:30+00:00,W5316,wagon,parked,,,
11484.5,2025-12-08T23:24:30+00:00,W9043,wagon,parked,,,
11484.5,2025-12-08T23:24:30+00:00,LOCO_01,locomotive,moving,,,
11486.0,2025-12-08T23:26:00+00:00,W7877,wagon,retrofitted,,,
11486.0,2025-12-08T23:26:00+00:00,W5280,wagon,retrofitted,,,
11512.0,2025-12-08T23:52:00+00:00,W1120,wagon,retrofitted,,,
11512.0,2025-12-08T23:52:00+00:00,W11518,wagon,retrofitted,,,
11517.0,2025-12-08T23:57:00+00:00,LOCO_02,locomotive,assigned,,,
11524.0,2025-12-09T00:04:00+00:00,LOCO_02,locomotive,moving,,,
11524.0,2025-12-09T00:04:00+00:00,W1122,wagon,moving,,,
11524.0,2025-12-09T00:04:00+00:00,W4506,wagon,moving,,,
11524.0,2025-12-09T00:04:00+00:00,W1439,wagon,moving,,,
11544.25,2025-12-09T00:24:15+00:00,W2217,wagon,rejected,T153,,NO_COLLECTION_TRACK
11544.25,2025-12-09T00:24:15+00:00,W10976,wagon,rejected,T153,,NO_COLLECTION_TRACK
11544.25,2025-12-09T00:24:15+00:00,W2225,wagon,rejected,T153,,NO_COLLECTION_TRACK
11544.25,2025-12-09T00:24:15+00:00,W4491,wagon,rejected,T153,,NO_COLLECTION_TRACK
11544.25,2025-12-09T00:24:15+00:00,W12383,wagon,arrived,T153,,
11544.25,2025-12-09T00:24:15+00:00,W9843,wagon,arrived,T153,,
11544.25,2025-12-09T00:24:15+00:00,W4473,wagon,arrived,T153,,
11544.25,2025-12-09T00:24:15+00:00,W9727,wagon,arrived,T153,,
11544.25,2025-12-09T00:24:15+00:00,W9046,wagon,arrived,T153,,
11544.5,2025-12-09T00:24:30+00:00,LOCO_01,locomotive,moving,,,
11551.5,2025-12-09T00:31:30+00:00,LOCO_01,locomotive,moving,,,
11551.5,2025-12-09T00:31:30+00:00,W7877,wagon,moving,,,
11551.5,2025-12-09T00:31:30+00:00,W5280,wagon,moving,,,
11556.5,2025-12-09T00:36:30+00:00,LOCO_01,locomotive,moving,,,
11561.5,2025-12-09T00:41:30+00:00,LOCO_01,locomotive,moving,,,
11568.5,2025-12-09T00:48:30+00:00,LOCO_01,locomotive,moving,,,
11568.5,2025-12-09T00:48:30+00:00,W1120,wagon,moving,,,
11568.5,2025-12-09T00:48:30+00:00,W11518,wagon,moving,,,
11573.5,2025-12-09T00:53:30+00:00,LOCO_01,locomotive,moving,,,
11580.5,2025-12-09T01:00:30+00:00,LOCO_01,locomotive,moving,,,
11584.0,2025-12-09T01:04:00+00:00,W1122,wagon,queued,,,
11584.0,2025-12-09T01:04:00+00:00,W4506,wagon,queued,,,
11584.0,2025-12-09T01:04:00+00:00,W1439,wagon,queued,,,
11588.5,2025-12-09T01:08:30+00:00,LOCO_01,locomotive,moving,,,
11588.5,2025-12-09T01:08:30+00:00,W9071,wagon,moving,,,
11588.5,2025-12-09T01:08:30+00:00,W10441,wagon,moving,,,
11593.5,2025-12-09T01:13:30+00:00,W9071,wagon,in_workshop,,,
11593.5,2025-12-09T01:13:30+00:00,W10441,wagon,in_workshop,,,
11599.0,2025-12-09T01:19:00+00:00,LOCO_02,locomotive,moving,,,
11599.5,2025-12-09T01:19:30+00:00,W9071,wagon,in_workshop,,,
11599.5,2025-12-09T01:19:30+00:00,W10441,wagon,in_workshop,,,
11599.5,2025-12-09T01:19:30+00:00,LOCO_01,locomotive,moving,,,
11604.5,2025-12-09T01:24:30+00:00,LOCO_01,locomotive,assigned,,,
11604.5,2025-12-09T01:24:30+00:00,LOCO_01,locomotive,moving,,,
11606.0,2025-12-09T01:26:00+00:00,LOCO_02,locomotive,moving,,,
11612.5,2025-12-09T01:32:30+00:00,LOCO_01,locomotive,moving,,,
11614.0,2025-12-09T01:34:00+00:00,LOCO_02,locomotive,moving,,,
11614.0,2025-12-09T01:34:00+00:00,W10435,wagon,moving,,,
11614.0,2025-12-09T01:34:00+00:00,W11516,wagon,moving,,,
11619.0,2025-12-09T01:39:00+00:00,W10435,wagon,in_workshop,,,
11619.0,2025-12-09T01:39:00+00:00,W11516,wagon,in_workshop,,,
11621.0,2025-12-09T01:41:00+00:00,W2149,wagon,parked,,,
11621.0,2025-12-09T01:41:00+00:00,W0875,wagon,parked,,,
11621.0,2025-12-09T01:41:00+00:00,W12031,wagon,parked,,,
11621.0,2025-12-09T01:41:00+00:00,W8714,wagon,parked,,,
11621.0,2025-12-09T01:41:00+00:00,LOCO_01,locomotive,moving,,,
11625.0,2025-12-09T01:45:00+00:00,W10435,wagon,in_workshop,,,
11625.0,2025-12-09T01:45:00+00:00,W11516,wagon,in_workshop,,,
11625.0,2025-12-09T01:45:00+00:00,LOCO_02,locomotive,moving,,,
11659.5,2025-12-09T02:19:30+00:00,W9071,wagon,retrofitted,,,
11659.5,2025-12-09T02:19:30+00:00,W10441,wagon,retrofitted,,,
11660.0,2025-12-09T02:20:00+00:00,LOCO_01,locomotive,moving,,,
11667.0,2025-12-09T02:27:00+00:00,LOCO_01,locomotive,moving,,,
11667.0,2025-12-09T02:27:00+00:00,W9071,wagon,moving,,,
11667.0,2025-12-09T02:27:00+00:00,W10441,wagon,moving,,,
11672.0,2025-12-09T02:32:00+00:00,LOCO_01,locomotive,moving,,,
11675.0,2025-12-09T02:35:00+00:00,LOCO_02,locomotive,assigned,,,
11675.0,2025-12-09T02:35:00+00:00,LOCO_02,locomotive,moving,,,
11679.0,2025-12-09T02:39:00+00:00,LOCO_01,locomotive,moving,,,
11683.0,2025-12-09T02:43:00+00:00,LOCO_02,locomotive,moving,,,
11685.0,2025-12-09T02:45:00+00:00,W10435,wagon,retrofitted,,,
11685.0,2025-12-09T02:45:00+00:00,W11516,wagon,retrofitted,,,
11687.0,2025-12-09T02:47:00+00:00,LOCO_01,locomotive,moving,,,
11687.0,2025-12-09T02:47:00+00:00,W5434,wagon,moving,,,
11687.0,2025-12-09T02:47:00+00:00,W6421,wagon,moving,,,
11691.5,2025-12-09T02:51:30+00:00,W7877,wagon,parked,,,
11691.5,2025-12-09T02:51:30+00:00,W5280,wagon,parked,,,
11691.5,2025-12-09T02:51:30+00:00,W1120,wagon,parked,,,
11691.5,2025-12-09T02:51:30+00:00,W11518,wagon,parked,,,
11691.5,2025-12-09T02:51:30+00:00,LOCO_02,locomotive,moving,,,
11692.0,2025-12-09T02:52:00+00:00,W5434,wagon,in_workshop,,,
11692.0,2025-12-09T02:52:00+00:00,W6421,wagon,in_workshop,,,
11696.5,2025-12-09T02:56:30+00:00,LOCO_02,locomotive,moving,,,
11698.0,2025-12-09T02:58:00+00:00,W5434,wagon,in_workshop,,,
11698.0,2025-12-09T02:58:00+00:00,W6421,wagon,in_workshop,,,
11698.0,2025-12-09T02:58:00+00:00,LOCO_01,locomotive,moving,,,
11703.5,2025-12-09T03:03:30+00:00,LOCO_02,locomotive,moving,,,
11703.5,2025-12-09T03:03:30+00:00,W10435,wagon,moving,,,
11703.5,2025-12-09T03:03:30+00:00,W11516,wagon,moving,,,
11705.25,2025-12-09T03:05:15+00:00,W3860,wagon,rejected,T154,,NO_COLLECTION_TRACK
11705.25,2025-12-09T03:05:15+00:00,W6848,wagon,arrived,T154,,
11705.25,2025-12-09T03:05:15+00:00,W11356,wagon,arrived,T154,,
11705.25,2025-12-09T03:05:15+00:00,W4223,wagon,arrived,T154,,
11705.25,2025-12-09T03:05:15+00:00,W1826,wagon,arrived,T154,,
11705.25,2025-12-09T03:05:15+00:00,W8494,wagon,arrived,T154,,
11705.25,2025-12-09T03:05:15+00:00,W1427,wagon,arrived,T154,,
11708.5,2025-12-09T03:08:30+00:00,LOCO_02,locomotive,moving,,,
11713.5,2025-12-09T03:13:30+00:00,LOCO_02,locomotive,moving,,,
11715.5,2025-12-09T03:15:30+00:00,LOCO_01,locomotive,moving,,,
11723.5,2025-12-09T03:23:30+00:00,LOCO_01,locomotive,moving,,,
11723.5,2025-12-09T03:23:30+00:00,W4802,wagon,moving,,,
11723.5,2025-12-09T03:23:30+00:00,W8616,wagon,moving,,,
11728.5,2025-12-09T03:28:30+00:00,W4802,wagon,in_workshop,,,
11728.5,2025-12-09T03:28:30+00:00,W8616,wagon,in_workshop,,,
11734.5,2025-12-09T03:34:30+00:00,W4802,wagon,in_workshop,,,
11734.5,2025-12-09T03:34:30+00:00,W8616,wagon,in_workshop,,,
11734.5,2025-12-09T03:34:30+00:00,LOCO_01,locomotive,moving,,,
11739.5,2025-12-09T03:39:30+00:00,LOCO_01,locomotive,moving,,,
11758.0,2025-12-09T03:58:00+00:00,W5434,wagon,retrofitted,,,
11758.0,2025-12-09T03:58:00+00:00,W6421,wagon,retrofitted,,,
11773.5,2025-12-09T04:13:30+00:00,LOCO_02,locomotive,assigned,,,
11778.5,2025-12-09T04:18:30+00:00,LOCO_02,locomotive,moving,,,
11778.5,2025-12-09T04:18:30+00:00,W12229,wagon,moving,,,
11778.5,2025-12-09T04:18:30+00:00,W6323,wagon,moving,,,
11794.5,2025-12-09T04:34:30+00:00,W4802,wagon,retrofitted,,,
11794.5,2025-12-09T04:34:30+00:00,W8616,wagon,retrofitted,,,
11799.5,2025-12-09T04:39:30+00:00,LOCO_01,locomotive,assigned,,,
11814.5,2025-12-09T04:54:30+00:00,LOCO_01,locomotive,moving,,,
11814.5,2025-12-09T04:54:30+00:00,W9143,wagon,moving,,,
11814.5,2025-12-09T04:54:30+00:00,W10883,wagon,moving,,,
11814.5,2025-12-09T04:54:30+00:00,W10896,wagon,moving,,,
11814.5,2025-12-09T04:54:30+00:00,W10303,wagon,moving,,,
11814.5,2025-12-09T04:54:30+00:00,W5395,wagon,moving,,,
11814.5,2025-12-09T04:54:30+00:00,W2774,wagon,moving,,,
11814.5,2025-12-09T04:54:30+00:00,W10233,wagon,moving,,,
11829.75,2025-12-09T05:09:45+00:00,W7791,wagon,arrived,T155,,
11838.5,2025-12-09T05:18:30+00:00,W12229,wagon,queued,,,
11838.5,2025-12-09T05:18:30+00:00,W6323,wagon,queued,,,
11847.5,2025-12-09T05:27:30+00:00,LOCO_02,locomotive,moving,,,
11849.0,2025-12-09T05:29:00+00:00,W0237,wagon,rejected,T156,,No Retrofit Needed
11852.5,2025-12-09T05:32:30+00:00,LOCO_02,locomotive,moving,,,
11859.5,2025-12-09T05:39:30+00:00,LOCO_02,locomotive,moving,,,
11859.5,2025-12-09T05:39:30+00:00,W5434,wagon,moving,,,
11859.5,2025-12-09T05:39:30+00:00,W6421,wagon,moving,,,
11864.5,2025-12-09T05:44:30+00:00,LOCO_02,locomotive,moving,,,
11869.5,2025-12-09T05:49:30+00:00,LOCO_02,locomotive,moving,,,
11874.5,2025-12-09T05:54:30+00:00,W9143,wagon,queued,,,
11874.5,2025-12-09T05:54:30+00:00,W10883,wagon,queued,,,
11874.5,2025-12-09T05:54:30+00:00,W10896,wagon,queued,,,
11874.5,2025-12-09T05:54:30+00:00,W10303,wagon,queued,,,
11874.5,2025-12-09T05:54:30+00:00,W5395,wagon,queued,,,
11874.5,2025-12-09T05:54:30+00:00,W2774,wagon,queued,,,
11874.5,2025-12-09T05:54:30+00:00,W10233,wagon,queued,,,
11876.5,2025-12-09T05:56:30+00:00,LOCO_02,locomotive,moving,,,
11876.5,2025-12-09T05:56:30+00:00,W4802,wagon,moving,,,
11876.5,2025-12-09T05:56:30+00:00,W8616,wagon,moving,,,
11881.5,2025-12-09T06:01:30+00:00,LOCO_02,locomotive,moving,,,
11888.5,2025-12-09T06:08:30+00:00,LOCO_02,locomotive,moving,,,
11896.5,2025-12-09T06:16:30+00:00,LOCO_02,locomotive,moving,,,
11896.5,2025-12-09T06:16:30+00:00,W0234,wagon,moving,,,
11896.5,2025-12-09T06:16:30+00:00,W1122,wagon,moving,,,
11901.5,2025-12-09T06:21:30+00:00,W0234,wagon,in_workshop,,,
11901.5,2025-12-09T06:21:30+00:00,W1122,wagon,in_workshop,,,
11907.5,2025-12-09T06:27:30+00:00,W0234,wagon,in_workshop,,,
11907.5,2025-12-09T06:27:30+00:00,W1122,wagon,in_workshop,,,
11907.5,2025-12-09T06:27:30+00:00,LOCO_02,locomotive,moving,,,
11913.5,2025-12-09T06:33:30+00:00,LOCO_01,locomotive,moving,,,
11913.75,2025-12-09T06:33:45+00:00,W0948,wagon,rejected,T157,,No Retrofit Needed
11914.5,2025-12-09T06:34:30+00:00,LOCO_02,locomotive,moving,,,
11918.5,2025-12-09T06:38:30+00:00,LOCO_01,locomotive,assigned,,,
11918.5,2025-12-09T06:38:30+00:00,LOCO_01,locomotive,moving,,,
11922.5,2025-12-09T06:42:30+00:00,LOCO_02,locomotive,moving,,,
11922.5,2025-12-09T06:42:30+00:00,W4506,wagon,moving,,,
11922.5,2025-12-09T06:42:30+00:00,W1439,wagon,moving,,,
11925.5,2025-12-09T06:45:30+00:00,LOCO_01,locomotive,moving,,,
11927.5,2025-12-09T06:47:30+00:00,W4506,wagon,in_workshop,,,
11927.5,2025-12-09T06:47:30+00:00,W1439,wagon,in_workshop,,,
11932.0,2025-12-09T06:52:00+00:00,W9071,wagon,parked,,,
11932.0,2025-12-09T06:52:00+00:00,W10441,wagon,parked,,,
11932.0,2025-12-09T06:52:00+00:00,LOCO_01,locomotive,moving,,,
11933.5,2025-12-09T06:53:30+00:00,W4506,wagon,in_workshop,,,
11933.5,2025-12-09T06:53:30+00:00,W1439,wagon,in_workshop,,,
11933.5,2025-12-09T06:53:30+00:00,LOCO_02,locomotive,moving,,,
11937.0,2025-12-09T06:57:00+00:00,LOCO_01,locomotive,assigned,,,
11937.0,2025-12-09T06:57:00+00:00,LOCO_01,locomotive,moving,,,
11946.0,2025-12-09T07:06:00+00:00,LOCO_01,locomotive,moving,,,
11967.5,2025-12-09T07:27:30+00:00,W0234,wagon,retrofitted,,,
11967.5,2025-12-09T07:27:30+00:00,W1122,wagon,retrofitted,,,
11968.0,2025-12-09T07:28:00+00:00,LOCO_02,locomotive,moving,,,
11975.0,2025-12-09T07:35:00+00:00,LOCO_02,locomotive,moving,,,
11975.0,2025-12-09T07:35:00+00:00,W0234,wagon,moving,,,
11975.0,2025-12-09T07:35:00+00:00,W1122,wagon,moving,,,
11980.0,2025-12-09T07:40:00+00:00,LOCO_02,locomotive,moving,,,
11987.0,2025-12-09T07:47:00+00:00,LOCO_02,locomotive,moving,,,
11993.5,2025-12-09T07:53:30+00:00,W4506,wagon,retrofitted,,,
11993.5,2025-12-09T07:53:30+00:00,W1439,wagon,retrofitted,,,
11995.0,2025-12-09T07:55:00+00:00,LOCO_02,locomotive,moving,,,
11995.0,2025-12-09T07:55:00+00:00,W12229,wagon,moving,,,
11995.0,2025-12-09T07:55:00+00:00,W6323,wagon,moving,,,
12000.0,2025-12-09T08:00:00+00:00,W12229,wagon,in_workshop,,,
12000.0,2025-12-09T08:00:00+00:00,W6323,wagon,in_workshop,,,
12006.0,2025-12-09T08:06:00+00:00,W12229,wagon,in_workshop,,,
12006.0,2025-12-09T08:06:00+00:00,W6323,wagon,in_workshop,,,
12006.0,2025-12-09T08:06:00+00:00,LOCO_02,locomotive,moving,,,
12011.0,2025-12-09T08:11:00+00:00,LOCO_02,locomotive,moving,,,
12018.0,2025-12-09T08:18:00+00:00,LOCO_02,locomotive,moving,,,
12018.0,2025-12-09T08:18:00+00:00,W4506,wagon,moving,,,
12018.0,2025-12-09T08:18:00+00:00,W1439,wagon,moving,,,
12023.0,2025-12-09T08:23:00+00:00,LOCO_02,locomotive,moving,,,
12026.5,2025-12-09T08:26:30+00:00,W10435,wagon,parked,,,
12026.5,2025-12-09T08:26:30+00:00,W11516,wagon,parked,,,
12026.5,2025-12-09T08:26:30+00:00,W5434,wagon,parked,,,
12026.5,2025-12-09T08:26:30+00:00,W6421,wagon,parked,,,
12026.5,2025-12-09T08:26:30+00:00,W4802,wagon,parked,,,
12026.5,2025-12-09T08:26:30+00:00,W8616,wagon,parked,,,
12026.5,2025-12-09T08:26:30+00:00,LOCO_01,locomotive,moving,,,
12028.0,2025-12-09T08:28:00+00:00,LOCO_02,locomotive,moving,,,
12046.0,2025-12-09T08:46:00+00:00,W0020,wagon,rejected,T158,,No Retrofit Needed
12046.0,2025-12-09T08:46:00+00:00,W0023,wagon,arrived,T158,,
12046.0,2025-12-09T08:46:00+00:00,W10397,wagon,arrived,T158,,
12046.0,2025-12-09T08:46:00+00:00,W0674,wagon,arrived,T158,,
12046.0,2025-12-09T08:46:00+00:00,W5420,wagon,arrived,T158,,
12046.0,2025-12-09T08:46:00+00:00,W6936,wagon,arrived,T158,,
12066.0,2025-12-09T09:06:00+00:00,W12229,wagon,retrofitted,,,
12066.0,2025-12-09T09:06:00+00:00,W6323,wagon,retrofitted,,,
12086.5,2025-12-09T09:26:30+00:00,LOCO_01,locomotive,moving,,,
12088.0,2025-12-09T09:28:00+00:00,LOCO_02,locomotive,assigned,,,
12093.5,2025-12-09T09:33:30+00:00,LOCO_01,locomotive,moving,,,
12093.5,2025-12-09T09:33:30+00:00,W12229,wagon,moving,,,
12093.5,2025-12-09T09:33:30+00:00,W6323,wagon,moving,,,
12095.0,2025-12-09T09:35:00+00:00,LOCO_02,locomotive,moving,,,
12095.0,2025-12-09T09:35:00+00:00,W0681,wagon,moving,,,
12095.0,2025-12-09T09:35:00+00:00,W8552,wagon,moving,,,
12095.0,2025-12-09T09:35:00+00:00,W12221,wagon,moving,,,
12098.5,2025-12-09T09:38:30+00:00,LOCO_01,locomotive,moving,,,
12105.5,2025-12-09T09:45:30+00:00,LOCO_01,locomotive,moving,,,
12113.5,2025-12-09T09:53:30+00:00,LOCO_01,locomotive,moving,,,
12113.5,2025-12-09T09:53:30+00:00,W9143,wagon,moving,,,
12113.5,2025-12-09T09:53:30+00:00,W10883,wagon,moving,,,
12118.5,2025-12-09T09:58:30+00:00,W9143,wagon,in_workshop,,,
12118.5,2025-12-09T09:58:30+00:00,W10883,wagon,in_workshop,,,
12124.5,2025-12-09T10:04:30+00:00,W9143,wagon,in_workshop,,,
12124.5,2025-12-09T10:04:30+00:00,W10883,wagon,in_workshop,,,
12124.5,2025-12-09T10:04:30+00:00,LOCO_01,locomotive,moving,,,
12131.5,2025-12-09T10:11:30+00:00,LOCO_01,locomotive,moving,,,
12139.5,2025-12-09T10:19:30+00:00,LOCO_01,locomotive,moving,,,
12139.5,2025-12-09T10:19:30+00:00,W10896,wagon,moving,,,
12139.5,2025-12-09T10:19:30+00:00,W10303,wagon,moving,,,
12144.5,2025-12-09T10:24:30+00:00,W10896,wagon,in_workshop,,,
12144.5,2025-12-09T10:24:30+00:00,W10303,wagon,in_workshop,,,
12150.5,2025-12-09T10:30:30+00:00,W10896,wagon,in_workshop,,,
12150.5,2025-12-09T10:30:30+00:00,W10303,wagon,in_workshop,,,
12150.5,2025-12-09T10:30:30+00:00,LOCO_01,locomotive,moving,,,
12155.0,2025-12-09T10:35:00+00:00,W0681,wagon,queued,,,
12155.0,2025-12-09T10:35:00+00:00,W8552,wagon,queued,,,
12155.0,2025-12-09T10:35:00+00:00,W12221,wagon,queued,,,
12155.5,2025-12-09T10:35:30+00:00,LOCO_01,locomotive,moving,,,
12170.0,2025-12-09T10:50:00+00:00,LOCO_02,locomotive,moving,,,
12175.0,2025-12-09T10:55:00+00:00,LOCO_02,locomotive,assigned,,,
12175.0,2025-12-09T10:55:00+00:00,LOCO_02,locomotive,moving,,,
12183.0,2025-12-09T11:03:00+00:00,LOCO_02,locomotive,moving,,,
12184.5,2025-12-09T11:04:30+00:00,W9143,wagon,retrofitted,,,
12184.5,2025-12-09T11:04:30+00:00,W10883,wagon,retrofitted,,,
12191.5,2025-12-09T11:11:30+00:00,W0234,wagon,parked,,,
12191.5,2025-12-09T11:11:30+00:00,W1122,wagon,parked,,,
12191.5,2025-12-09T11:11:30+00:00,W4506,wagon,parked,,,
12191.5,2025-12-09T11:11:30+00:00,W1439,wagon,parked,,,
12191.5,2025-12-09T11:11:30+00:00,LOCO_02,locomotive,moving,,,
12196.5,2025-12-09T11:16:30+00:00,LOCO_02,locomotive,moving,,,
12203.5,2025-12-09T11:23:30+00:00,LOCO_02,locomotive,moving,,,
12203.5,2025-12-09T11:23:30+00:00,W9143,wagon,moving,,,
12203.5,2025-12-09T11:23:30+00:00,W10883,wagon,moving,,,
12205.25,2025-12-09T11:25:15+00:00,W3230,wagon,arrived,T159,,
12205.25,2025-12-09T11:25:15+00:00,W5411,wagon,arrived,T159,,
12205.25,2025-12-09T11:25:15+00:00,W11513,wagon,arrived,T159,,
12205.25,2025-12-09T11:25:15+00:00,W3087,wagon,arrived,T159,,
12205.25,2025-12-09T11:25:15+00:00,W12182,wagon,arrived,T159,,
12208.5,2025-12-09T11:28:30+00:00,LOCO_02,locomotive,moving,,,
12210.5,2025-12-09T11:30:30+00:00,W10896,wagon,retrofitted,,,
12210.5,2025-12-09T11:30:30+00:00,W10303,wagon,retrofitted,,,
12213.5,2025-12-09T11:33:30+00:00,LOCO_02,locomotive,moving,,,
12215.5,2025-12-09T11:35:30+00:00,LOCO_01,locomotive,assigned,,,
12220.5,2025-12-09T11:40:30+00:00,LOCO_02,locomotive,moving,,,
12220.5,2025-12-09T11:40:30+00:00,W10896,wagon,moving,,,
12220.5,2025-12-09T11:40:30+00:00,W10303,wagon,moving,,,
12222.5,2025-12-09T11:42:30+00:00,LOCO_01,locomotive,moving,,,
12222.5,2025-12-09T11:42:30+00:00,W2815,wagon,moving,,,
12222.5,2025-12-09T11:42:30+00:00,W2846,wagon,moving,,,
12222.5,2025-12-09T11:42:30+00:00,W5760,wagon,moving,,,
12225.5,2025-12-09T11:45:30+00:00,LOCO_02,locomotive,moving,,,
12226.5,2025-12-09T11:46:30+00:00,W3948,wagon,rejected,T160,,NO_COLLECTION_TRACK
12226.5,2025-12-09T11:46:30+00:00,W3752,wagon,rejected,T160,,NO_COLLECTION_TRACK
12226.5,2025-12-09T11:46:30+00:00,W4298,wagon,rejected,T160,,NO_COLLECTION_TRACK
12226.5,2025-12-09T11:46:30+00:00,W4285,wagon,arrived,T160,,
12226.5,2025-12-09T11:46:30+00:00,W0039,wagon,arrived,T160,,
12226.5,2025-12-09T11:46:30+00:00,W4885,wagon,arrived,T160,,
12232.5,2025-12-09T11:52:30+00:00,LOCO_02,locomotive,moving,,,
12234.0,2025-12-09T11:54:00+00:00,W10284,wagon,rejected,T161,,No Retrofit Needed
12234.0,2025-12-09T11:54:00+00:00,W9967,wagon,rejected,T161,,NO_COLLECTION_TRACK
12234.0,2025-12-09T11:54:00+00:00,W10568,wagon,rejected,T161,,NO_COLLECTION_TRACK
12234.0,2025-12-09T11:54:00+00:00,W10590,wagon,rejected,T161,,NO_COLLECTION_TRACK
12234.0,2025-12-09T11:54:00+00:00,W10269,wagon,rejected,T161,,NO_COLLECTION_TRACK
12240.5,2025-12-09T12:00:30+00:00,LOCO_02,locomotive,moving,,,
12240.5,2025-12-09T12:00:30+00:00,W5395,wagon,moving,,,
12240.5,2025-12-09T12:00:30+00:00,W2774,wagon,moving,,,
12245.5,2025-12-09T12:05:30+00:00,W5395,wagon,in_workshop,,,
12245.5,2025-12-09T12:05:30+00:00,W2774,wagon,in_workshop,,,
12251.5,2025-12-09T12:11:30+00:00,W5395,wagon,in_workshop,,,
12251.5,2025-12-09T12:11:30+00:00,W2774,wagon,in_workshop,,,
12251.5,2025-12-09T12:11:30+00:00,LOCO_02,locomotive,moving,,,
12258.5,2025-12-09T12:18:30+00:00,LOCO_02,locomotive,moving,,,
12266.5,2025-12-09T12:26:30+00:00,LOCO_02,locomotive,moving,,,
12266.5,2025-12-09T12:26:30+00:00,W10233,wagon,moving,,,
12266.5,2025-12-09T12:26:30+00:00,W0681,wagon,moving,,,
12271.5,2025-12-09T12:31:30+00:00,W10233,wagon,in_workshop,,,
12271.5,2025-12-09T12:31:30+00:00,W0681,wagon,in_workshop,,,
12277.5,2025-12-09T12:37:30+00:00,W10233,wagon,in_workshop,,,
12277.5,2025-12-09T12:37:30+00:00,W0681,wagon,in_workshop,,,
12277.5,2025-12-09T12:37:30+00:00,LOCO_02,locomotive,moving,,,
12282.5,2025-12-09T12:42:30+00:00,W2815,wagon,queued,,,
12282.5,2025-12-09T12:42:30+00:00,W2846,wagon,queued,,,
12282.5,2025-12-09T12:42:30+00:00,W5760,wagon,queued,,,
12282.5,2025-12-09T12:42:30+00:00,LOCO_02,locomotive,moving,,,
12297.5,2025-12-09T12:57:30+00:00,LOCO_01,locomotive,moving,,,
12302.5,2025-12-09T13:02:30+00:00,LOCO_01,locomotive,assigned,,,
12302.5,2025-12-09T13:02:30+00:00,LOCO_01,locomotive,moving,,,
12309.5,2025-12-09T13:09:30+00:00,LOCO_01,locomotive,moving,,,
12311.5,2025-12-09T13:11:30+00:00,W5395,wagon,retrofitted,,,
12311.5,2025-12-09T13:11:30+00:00,W2774,wagon,retrofitted,,,
12314.25,2025-12-09T13:14:15+00:00,W10878,wagon,rejected,T162,,No Retrofit Needed
12314.25,2025-12-09T13:14:15+00:00,W11259,wagon,rejected,T162,,No Retrofit Needed
12314.25,2025-12-09T13:14:15+00:00,W5173,wagon,rejected,T162,,No Retrofit Needed
12314.25,2025-12-09T13:14:15+00:00,W5346,wagon,arrived,T162,,
12316.0,2025-12-09T13:16:00+00:00,W12229,wagon,parked,,,
12316.0,2025-12-09T13:16:00+00:00,W6323,wagon,parked,,,
12316.0,2025-12-09T13:16:00+00:00,LOCO_01,locomotive,moving,,,
12321.0,2025-12-09T13:21:00+00:00,LOCO_01,locomotive,moving,,,
12328.0,2025-12-09T13:28:00+00:00,LOCO_01,locomotive,moving,,,
12328.0,2025-12-09T13:28:00+00:00,W5395,wagon,moving,,,
12328.0,2025-12-09T13:28:00+00:00,W2774,wagon,moving,,,
12333.0,2025-12-09T13:33:00+00:00,LOCO_01,locomotive,moving,,,
12337.5,2025-12-09T13:37:30+00:00,W10233,wagon,retrofitted,,,
12337.5,2025-12-09T13:37:30+00:00,W0681,wagon,retrofitted,,,
12338.0,2025-12-09T13:38:00+00:00,LOCO_01,locomotive,moving,,,
12342.5,2025-12-09T13:42:30+00:00,LOCO_02,locomotive,assigned,,,
12345.0,2025-12-09T13:45:00+00:00,LOCO_01,locomotive,moving,,,
12345.0,2025-12-09T13:45:00+00:00,W10233,wagon,moving,,,
12345.0,2025-12-09T13:45:00+00:00,W0681,wagon,moving,,,
12350.0,2025-12-09T13:50:00+00:00,LOCO_01,locomotive,moving,,,
12355.5,2025-12-09T13:55:30+00:00,LOCO_02,locomotive,moving,,,
12355.5,2025-12-09T13:55:30+00:00,W5872,wagon,moving,,,
12355.5,2025-12-09T13:55:30+00:00,W6989,wagon,moving,,,
12355.5,2025-12-09T13:55:30+00:00,W12179,wagon,moving,,,
12355.5,2025-12-09T13:55:30+00:00,W12116,wagon,moving,,,
12355.5,2025-12-09T13:55:30+00:00,W0698,wagon,moving,,,
12355.5,2025-12-09T13:55:30+00:00,W4099,wagon,moving,,,
12357.0,2025-12-09T13:57:00+00:00,LOCO_01,locomotive,moving,,,
12365.0,2025-12-09T14:05:00+00:00,LOCO_01,locomotive,moving,,,
12365.0,2025-12-09T14:05:00+00:00,W8552,wagon,moving,,,
12365.0,2025-12-09T14:05:00+00:00,W12221,wagon,moving,,,
12370.0,2025-12-09T14:10:00+00:00,W8552,wagon,in_workshop,,,
12370.0,2025-12-09T14:10:00+00:00,W12221,wagon,in_workshop,,,
12376.0,2025-12-09T14:16:00+00:00,W8552,wagon,in_workshop,,,
12376.0,2025-12-09T14:16:00+00:00,W12221,wagon,in_workshop,,,
12376.0,2025-12-09T14:16:00+00:00,LOCO_01,locomotive,moving,,,
12376.5,2025-12-09T14:16:30+00:00,W4370,wagon,arrived,T163,,
12376.5,2025-12-09T14:16:30+00:00,W9406,wagon,arrived,T163,,
12376.5,2025-12-09T14:16:30+00:00,W5153,wagon,arrived,T163,,
12383.0,2025-12-09T14:23:00+00:00,LOCO_01,locomotive,moving,,,
12391.0,2025-12-09T14:31:00+00:00,LOCO_01,locomotive,moving,,,
12391.0,2025-12-09T14:31:00+00:00,W2815,wagon,moving,,,
12391.0,2025-12-09T14:31:00+00:00,W2846,wagon,moving,,,
12396.0,2025-12-09T14:36:00+00:00,W2815,wagon,in_workshop,,,
12396.0,2025-12-09T14:36:00+00:00,W2846,wagon,in_workshop,,,
12402.0,2025-12-09T14:42:00+00:00,W2815,wagon,in_workshop,,,
12402.0,2025-12-09T14:42:00+00:00,W2846,wagon,in_workshop,,,
12402.0,2025-12-09T14:42:00+00:00,LOCO_01,locomotive,moving,,,
12404.0,2025-12-09T14:44:00+00:00,W2916,wagon,rejected,T164,,NO_COLLECTION_TRACK
12407.0,2025-12-09T14:47:00+00:00,LOCO_01,locomotive,moving,,,
12415.5,2025-12-09T14:55:30+00:00,W5872,wagon,queued,,,
12415.5,2025-12-09T14:55:30+00:00,W6989,wagon,queued,,,
12415.5,2025-12-09T14:55:30+00:00,W12179,wagon,queued,,,
12415.5,2025-12-09T14:55:30+00:00,W12116,wagon,queued,,,
12415.5,2025-12-09T14:55:30+00:00,W0698,wagon,queued,,,
12415.5,2025-12-09T14:55:30+00:00,W4099,wagon,queued,,,
12436.0,2025-12-09T15:16:00+00:00,W8552,wagon,retrofitted,,,
12436.0,2025-12-09T15:16:00+00:00,W12221,wagon,retrofitted,,,
12448.5,2025-12-09T15:28:30+00:00,LOCO_02,locomotive,moving,,,
12453.5,2025-12-09T15:33:30+00:00,LOCO_02,locomotive,moving,,,
12460.5,2025-12-09T15:40:30+00:00,LOCO_02,locomotive,moving,,,
12460.5,2025-12-09T15:40:30+00:00,W8552,wagon,moving,,,
12460.5,2025-12-09T15:40:30+00:00,W12221,wagon,moving,,,
12462.0,2025-12-09T15:42:00+00:00,W2815,wagon,retrofitted,,,
12462.0,2025-12-09T15:42:00+00:00,W2846,wagon,retrofitted,,,
12465.5,2025-12-09T15:45:30+00:00,LOCO_02,locomotive,moving,,,
12467.0,2025-12-09T15:47:00+00:00,LOCO_01,locomotive,assigned,,,
12470.5,2025-12-09T15:50:30+00:00,LOCO_02,locomotive,moving,,,
12476.0,2025-12-09T15:56:00+00:00,LOCO_01,locomotive,moving,,,
12476.0,2025-12-09T15:56:00+00:00,W2910,wagon,moving,,,
12476.0,2025-12-09T15:56:00+00:00,W1419,wagon,moving,,,
12476.0,2025-12-09T15:56:00+00:00,W5173,wagon,moving,,,
12476.0,2025-12-09T15:56:00+00:00,W4380,wagon,moving,,,
12477.5,2025-12-09T15:57:30+00:00,LOCO_02,locomotive,moving,,,
12477.5,2025-12-09T15:57:30+00:00,W2815,wagon,moving,,,
12477.5,2025-12-09T15:57:30+00:00,W2846,wagon,moving,,,
12482.5,2025-12-09T16:02:30+00:00,LOCO_02,locomotive,moving,,,
12487.5,2025-12-09T16:07:30+00:00,LOCO_02,locomotive,assigned,,,
12487.5,2025-12-09T16:07:30+00:00,LOCO_02,locomotive,moving,,,
12495.5,2025-12-09T16:15:30+00:00,LOCO_02,locomotive,moving,,,
12504.0,2025-12-09T16:24:00+00:00,W9143,wagon,parked,,,
12504.0,2025-12-09T16:24:00+00:00,W10883,wagon,parked,,,
12504.0,2025-12-09T16:24:00+00:00,W10896,wagon,parked,,,
12504.0,2025-12-09T16:24:00+00:00,W10303,wagon,parked,,,
12504.0,2025-12-09T16:24:00+00:00,LOCO_02,locomotive,moving,,,
12511.0,2025-12-09T16:31:00+00:00,LOCO_02,locomotive,moving,,,
12519.0,2025-12-09T16:39:00+00:00,LOCO_02,locomotive,moving,,,
12519.0,2025-12-09T16:39:00+00:00,W5760,wagon,moving,,,
12519.0,2025-12-09T16:39:00+00:00,W5872,wagon,moving,,,
12524.0,2025-12-09T16:44:00+00:00,W5760,wagon,in_workshop,,,
12524.0,2025-12-09T16:44:00+00:00,W5872,wagon,in_workshop,,,
12530.0,2025-12-09T16:50:00+00:00,W5760,wagon,in_workshop,,,
12530.0,2025-12-09T16:50:00+00:00,W5872,wagon,in_workshop,,,
12530.0,2025-12-09T16:50:00+00:00,LOCO_02,locomotive,moving,,,
12536.0,2025-12-09T16:56:00+00:00,W2910,wagon,queued,,,
12536.0,2025-12-09T16:56:00+00:00,W1419,wagon,queued,,,
12536.0,2025-12-09T16:56:00+00:00,W5173,wagon,queued,,,
12536.0,2025-12-09T16:56:00+00:00,W4380,wagon,queued,,,
12537.0,2025-12-09T16:57:00+00:00,LOCO_02,locomotive,moving,,,
12545.0,2025-12-09T17:05:00+00:00,LOCO_02,locomotive,moving,,,
12545.0,2025-12-09T17:05:00+00:00,W6989,wagon,moving,,,
12545.0,2025-12-09T17:05:00+00:00,W12179,wagon,moving,,,
12550.0,2025-12-09T17:10:00+00:00,W6989,wagon,in_workshop,,,
12550.0,2025-12-09T17:10:00+00:00,W12179,wagon,in_workshop,,,
12556.0,2025-12-09T17:16:00+00:00,W6989,wagon,in_workshop,,,
12556.0,2025-12-09T17:16:00+00:00,W12179,wagon,in_workshop,,,
12556.0,2025-12-09T17:16:00+00:00,LOCO_02,locomotive,moving,,,
12557.0,2025-12-09T17:17:00+00:00,LOCO_01,locomotive,moving,,,
12560.25,2025-12-09T17:20:15+00:00,W3135,wagon,arrived,T165,,
12560.25,2025-12-09T17:20:15+00:00,W3903,wagon,arrived,T165,,
12561.0,2025-12-09T17:21:00+00:00,LOCO_02,locomotive,moving,,,
12562.0,2025-12-09T17:22:00+00:00,LOCO_01,locomotive,assigned,,,
12562.0,2025-12-09T17:22:00+00:00,LOCO_01,locomotive,moving,,,
12571.0,2025-12-09T17:31:00+00:00,LOCO_01,locomotive,moving,,,
12581.5,2025-12-09T17:41:30+00:00,W5395,wagon,parked,,,
12581.5,2025-12-09T17:41:30+00:00,W2774,wagon,parked,,,
12581.5,2025-12-09T17:41:30+00:00,W10233,wagon,parked,,,
12581.5,2025-12-09T17:41:30+00:00,W0681,wagon,parked,,,
12581.5,2025-12-09T17:41:30+00:00,W8552,wagon,parked,,,
12581.5,2025-12-09T17:41:30+00:00,W12221,wagon,parked,,,
12581.5,2025-12-09T17:41:30+00:00,LOCO_01,locomotive,moving,,,
12590.0,2025-12-09T17:50:00+00:00,W5760,wagon,retrofitted,,,
12590.0,2025-12-09T17:50:00+00:00,W5872,wagon,retrofitted,,,
12590.5,2025-12-09T17:50:30+00:00,LOCO_01,locomotive,moving,,,
12594.5,2025-12-09T17:54:30+00:00,W10192,wagon,arrived,T166,,
12594.5,2025-12-09T17:54:30+00:00,W8908,wagon,arrived,T166,,
12594.5,2025-12-09T17:54:30+00:00,W8906,wagon,arrived,T166,,
12594.5,2025-12-09T17:54:30+00:00,W8903,wagon,arrived,T166,,
12594.5,2025-12-09T17:54:30+00:00,W10624,wagon,arrived,T166,,
12597.0,2025-12-09T17:57:00+00:00,W2844,wagon,rejected,T167,,No Retrofit Needed
12597.0,2025-12-09T17:57:00+00:00,W3860,wagon,rejected,T167,,No Retrofit Needed
12597.0,2025-12-09T17:57:00+00:00,W4223,wagon,rejected,T167,,No Retrofit Needed
12597.5,2025-12-09T17:57:30+00:00,LOCO_01,locomotive,moving,,,
12597.5,2025-12-09T17:57:30+00:00,W5760,wagon,moving,,,
12597.5,2025-12-09T17:57:30+00:00,W5872,wagon,moving,,,
12602.5,2025-12-09T18:02:30+00:00,LOCO_01,locomotive,moving,,,
12609.5,2025-12-09T18:09:30+00:00,LOCO_01,locomotive,moving,,,
12611.0,2025-12-09T18:11:00+00:00,W12331,wagon,rejected,T168,,NO_COLLECTION_TRACK
12616.0,2025-12-09T18:16:00+00:00,W6989,wagon,retrofitted,,,
12616.0,2025-12-09T18:16:00+00:00,W12179,wagon,retrofitted,,,
12617.5,2025-12-09T18:17:30+00:00,LOCO_01,locomotive,moving,,,
12617.5,2025-12-09T18:17:30+00:00,W12116,wagon,moving,,,
12617.5,2025-12-09T18:17:30+00:00,W0698,wagon,moving,,,
12621.0,2025-12-09T18:21:00+00:00,LOCO_02,locomotive,assigned,,,
12622.5,2025-12-09T18:22:30+00:00,W12116,wagon,in_workshop,,,
12622.5,2025-12-09T18:22:30+00:00,W0698,wagon,in_workshop,,,
12628.5,2025-12-09T18:28:30+00:00,W12116,wagon,in_workshop,,,
12628.5,2025-12-09T18:28:30+00:00,W0698,wagon,in_workshop,,,
12628.5,2025-12-09T18:28:30+00:00,LOCO_01,locomotive,moving,,,
12632.0,2025-12-09T18:32:00+00:00,LOCO_02,locomotive,moving,,,
12632.0,2025-12-09T18:32:00+00:00,W12155,wagon,moving,,,
12632.0,2025-12-09T18:32:00+00:00,W0839,wagon,moving,,,
12632.0,2025-12-09T18:32:00+00:00,W9943,wagon,moving,,,
12632.0,2025-12-09T18:32:00+00:00,W9430,wagon,moving,,,
12632.0,2025-12-09T18:32:00+00:00,W7598,wagon,moving,,,
12633.5,2025-12-09T18:33:30+00:00,LOCO_01,locomotive,moving,,,
12640.5,2025-12-09T18:40:30+00:00,LOCO_01,locomotive,moving,,,
12640.5,2025-12-09T18:40:30+00:00,W6989,wagon,moving,,,
12640.5,2025-12-09T18:40:30+00:00,W12179,wagon,moving,,,
12645.5,2025-12-09T18:45:30+00:00,LOCO_01,locomotive,moving,,,
12650.5,2025-12-09T18:50:30+00:00,LOCO_01,locomotive,moving,,,
12663.0,2025-12-09T19:03:00+00:00,W5612,wagon,rejected,T169,,No Retrofit Needed
12663.0,2025-12-09T19:03:00+00:00,W6823,wagon,rejected,T169,,No Retrofit Needed
12669.0,2025-12-09T19:09:00+00:00,W9311,wagon,rejected,T170,,No Retrofit Needed
12688.5,2025-12-09T19:28:30+00:00,W12116,wagon,retrofitted,,,
12688.5,2025-12-09T19:28:30+00:00,W0698,wagon,retrofitted,,,
12692.0,2025-12-09T19:32:00+00:00,W12155,wagon,queued,,,
12692.0,2025-12-09T19:32:00+00:00,W0839,wagon,queued,,,
12692.0,2025-12-09T19:32:00+00:00,W9943,wagon,queued,,,
12692.0,2025-12-09T19:32:00+00:00,W9430,wagon,queued,,,
12692.0,2025-12-09T19:32:00+00:00,W7598,wagon,queued,,,
12710.5,2025-12-09T19:50:30+00:00,LOCO_01,locomotive,assigned,,,
12719.0,2025-12-09T19:59:00+00:00,LOCO_02,locomotive,moving,,,
12719.5,2025-12-09T19:59:30+00:00,LOCO_01,locomotive,moving,,,
12719.5,2025-12-09T19:59:30+00:00,W10150,wagon,moving,,,
12719.5,2025-12-09T19:59:30+00:00,W5992,wagon,moving,,,
12719.5,2025-12-09T19:59:30+00:00,W8339,wagon,moving,,,
12719.5,2025-12-09T19:59:30+00:00,W12383,wagon,moving,,,
12724.0,2025-12-09T20:04:00+00:00,LOCO_02,locomotive,moving,,,
12731.0,2025-12-09T20:11:00+00:00,LOCO_02,locomotive,moving,,,
12731.0,2025-12-09T20:11:00+00:00,W12116,wagon,moving,,,
12731.0,2025-12-09T20:11:00+00:00,W0698,wagon,moving,,,
12736.0,2025-12-09T20:16:00+00:00,LOCO_02,locomotive,moving,,,
12743.0,2025-12-09T20:23:00+00:00,LOCO_02,locomotive,moving,,,
12748.5,2025-12-09T20:28:30+00:00,W10522,wagon,rejected,T171,,No Retrofit Needed
12748.5,2025-12-09T20:28:30+00:00,W12031,wagon,rejected,T171,,No Retrofit Needed
12748.5,2025-12-09T20:28:30+00:00,W10109,wagon,arrived,T171,,
12748.5,2025-12-09T20:28:30+00:00,W10204,wagon,arrived,T171,,
12748.5,2025-12-09T20:28:30+00:00,W11900,wagon,arrived,T171,,
12751.0,2025-12-09T20:31:00+00:00,LOCO_02,locomotive,moving,,,
12751.0,2025-12-09T20:31:00+00:00,W4099,wagon,moving,,,
12751.0,2025-12-09T20:31:00+00:00,W2910,wagon,moving,,,
12756.0,2025-12-09T20:36:00+00:00,W4099,wagon,in_workshop,,,
12756.0,2025-12-09T20:36:00+00:00,W2910,wagon,in_workshop,,,
12762.0,2025-12-09T20:42:00+00:00,W4099,wagon,in_workshop,,,
12762.0,2025-12-09T20:42:00+00:00,W2910,wagon,in_workshop,,,
12762.0,2025-12-09T20:42:00+00:00,LOCO_02,locomotive,moving,,,
12769.0,2025-12-09T20:49:00+00:00,LOCO_02,locomotive,moving,,,
12777.0,2025-12-09T20:57:00+00:00,LOCO_02,locomotive,moving,,,
12777.0,2025-12-09T20:57:00+00:00,W1419,wagon,moving,,,
12777.0,2025-12-09T20:57:00+00:00,W5173,wagon,moving,,,
12777.0,2025-12-09T20:57:00+00:00,W4150,wagon,rejected,T172,,NO_COLLECTION_TRACK
12777.0,2025-12-09T20:57:00+00:00,W4249,wagon,rejected,T172,,NO_COLLECTION_TRACK
12777.0,2025-12-09T20:57:00+00:00,W3919,wagon,arrived,T172,,
12779.5,2025-12-09T20:59:30+00:00,W10150,wagon,queued,,,
12779.5,2025-12-09T20:59:30+00:00,W5992,wagon,queued,,,
12779.5,2025-12-09T20:59:30+00:00,W8339,wagon,queued,,,
12779.5,2025-12-09T20:59:30+00:00,W12383,wagon,queued,,,
12782.0,2025-12-09T21:02:00+00:00,W1419,wagon,in_workshop,,,
12782.0,2025-12-09T21:02:00+00:00,W5173,wagon,in_workshop,,,
12787.25,2025-12-09T21:07:15+00:00,W3790,wagon,rejected,T173,,NO_COLLECTION_TRACK
12787.25,2025-12-09T21:07:15+00:00,W7399,wagon,rejected,T173,,NO_COLLECTION_TRACK
12787.25,2025-12-09T21:07:15+00:00,W2829,wagon,rejected,T173,,NO_COLLECTION_TRACK
12788.0,2025-12-09T21:08:00+00:00,W1419,wagon,in_workshop,,,
12788.0,2025-12-09T21:08:00+00:00,W5173,wagon,in_workshop,,,
12788.0,2025-12-09T21:08:00+00:00,LOCO_02,locomotive,moving,,,
12793.0,2025-12-09T21:13:00+00:00,LOCO_02,locomotive,assigned,,,
12793.0,2025-12-09T21:13:00+00:00,LOCO_02,locomotive,moving,,,
12800.0,2025-12-09T21:20:00+00:00,LOCO_02,locomotive,moving,,,
12800.5,2025-12-09T21:20:30+00:00,LOCO_01,locomotive,moving,,,
12805.5,2025-12-09T21:25:30+00:00,LOCO_01,locomotive,moving,,,
12822.0,2025-12-09T21:42:00+00:00,W4099,wagon,retrofitted,,,
12822.0,2025-12-09T21:42:00+00:00,W2910,wagon,retrofitted,,,
12848.0,2025-12-09T22:08:00+00:00,W1419,wagon,retrofitted,,,
12848.0,2025-12-09T22:08:00+00:00,W5173,wagon,retrofitted,,,
12861.5,2025-12-09T22:21:30+00:00,W2815,wagon,parked,,,
12861.5,2025-12-09T22:21:30+00:00,W2846,wagon,parked,,,
12861.5,2025-12-09T22:21:30+00:00,LOCO_02,locomotive,moving,,,
12865.5,2025-12-09T22:25:30+00:00,LOCO_01,locomotive,assigned,,,
12876.5,2025-12-09T22:36:30+00:00,LOCO_01,locomotive,moving,,,
12876.5,2025-12-09T22:36:30+00:00,W7513,wagon,moving,,,
12876.5,2025-12-09T22:36:30+00:00,W9446,wagon,moving,,,
12876.5,2025-12-09T22:36:30+00:00,W2844,wagon,moving,,,
12876.5,2025-12-09T22:36:30+00:00,W9727,wagon,moving,,,
12876.5,2025-12-09T22:36:30+00:00,W9046,wagon,moving,,,
12921.5,2025-12-09T23:21:30+00:00,LOCO_02,locomotive,moving,,,
12928.5,2025-12-09T23:28:30+00:00,LOCO_02,locomotive,moving,,,
12928.5,2025-12-09T23:28:30+00:00,W4099,wagon,moving,,,
12928.5,2025-12-09T23:28:30+00:00,W2910,wagon,moving,,,
12933.5,2025-12-09T23:33:30+00:00,LOCO_02,locomotive,moving,,,
12936.5,2025-12-09T23:36:30+00:00,W7513,wagon,queued,,,
12936.5,2025-12-09T23:36:30+00:00,W9446,wagon,queued,,,
12936.5,2025-12-09T23:36:30+00:00,W2844,wagon,queued,,,
12936.5,2025-12-09T23:36:30+00:00,W9727,wagon,queued,,,
12936.5,2025-12-09T23:36:30+00:00,W9046,wagon,queued,,,
12938.5,2025-12-09T23:38:30+00:00,LOCO_02,locomotive,moving,,,
12939.0,2025-12-09T23:39:00+00:00,W10881,wagon,rejected,T174,,No Retrofit Needed
12939.0,2025-12-09T23:39:00+00:00,W10883,wagon,rejected,T174,,No Retrofit Needed
12939.0,2025-12-09T23:39:00+00:00,W10896,wagon,rejected,T174,,No Retrofit Needed
12939.0,2025-12-09T23:39:00+00:00,W10081,wagon,rejected,T174,,No Retrofit Needed
12939.0,2025-12-09T23:39:00+00:00,W9143,wagon,rejected,T174,,No Retrofit Needed
12939.0,2025-12-09T23:39:00+00:00,W12104,wagon,arrived,T174,,
12939.0,2025-12-09T23:39:00+00:00,W7218,wagon,arrived,T174,,
12945.5,2025-12-09T23:45:30+00:00,LOCO_02,locomotive,moving,,,
12945.5,2025-12-09T23:45:30+00:00,W1419,wagon,moving,,,
12945.5,2025-12-09T23:45:30+00:00,W5173,wagon,moving,,,
12950.5,2025-12-09T23:50:30+00:00,LOCO_02,locomotive,moving,,,
12954.5,2025-12-09T23:54:30+00:00,W4370,wagon,rejected,T175,,No Retrofit Needed
12957.5,2025-12-09T23:57:30+00:00,LOCO_02,locomotive,moving,,,
12963.5,2025-12-10T00:03:30+00:00,LOCO_01,locomotive,moving,,,
12963.5,2025-12-10T00:03:30+00:00,W10938,wagon,arrived,T176,,
12965.5,2025-12-10T00:05:30+00:00,LOCO_02,locomotive,moving,,,
12965.5,2025-12-10T00:05:30+00:00,W4380,wagon,moving,,,
12965.5,2025-12-10T00:05:30+00:00,W12155,wagon,moving,,,
12970.5,2025-12-10T00:10:30+00:00,W4380,wagon,in_workshop,,,
12970.5,2025-12-10T00:10:30+00:00,W12155,wagon,in_workshop,,,
12970.5,2025-12-10T00:10:30+00:00,LOCO_01,locomotive,moving,,,
12976.5,2025-12-10T00:16:30+00:00,W4380,wagon,in_workshop,,,
12976.5,2025-12-10T00:16:30+00:00,W12155,wagon,in_workshop,,,
12976.5,2025-12-10T00:16:30+00:00,LOCO_02,locomotive,moving,,,
12978.5,2025-12-10T00:18:30+00:00,LOCO_01,locomotive,moving,,,
12978.5,2025-12-10T00:18:30+00:00,W0839,wagon,moving,,,
12978.5,2025-12-10T00:18:30+00:00,W9943,wagon,moving,,,
12981.5,2025-12-10T00:21:30+00:00,LOCO_02,locomotive,assigned,,,
12981.5,2025-12-10T00:21:30+00:00,LOCO_02,locomotive,moving,,,
12983.5,2025-12-10T00:23:30+00:00,W0839,wagon,in_workshop,,,
12983.5,2025-12-10T00:23:30+00:00,W9943,wagon,in_workshop,,,
12989.5,2025-12-10T00:29:30+00:00,W0839,wagon,in_workshop,,,
12989.5,2025-12-10T00:29:30+00:00,W9943,wagon,in_workshop,,,
12989.5,2025-12-10T00:29:30+00:00,LOCO_01,locomotive,moving,,,
12990.5,2025-12-10T00:30:30+00:00,LOCO_02,locomotive,moving,,,
13001.0,2025-12-10T00:41:00+00:00,W5760,wagon,parked,,,
13001.0,2025-12-10T00:41:00+00:00,W5872,wagon,parked,,,
13001.0,2025-12-10T00:41:00+00:00,W6989,wagon,parked,,,
13001.0,2025-12-10T00:41:00+00:00,W12179,wagon,parked,,,
13001.0,2025-12-10T00:41:00+00:00,W12116,wagon,parked,,,
13001.0,2025-12-10T00:41:00+00:00,W0698,wagon,parked,,,
13001.0,2025-12-10T00:41:00+00:00,LOCO_02,locomotive,moving,,,
13015.75,2025-12-10T00:55:45+00:00,W5411,wagon,rejected,T177,,No Retrofit Needed
13015.75,2025-12-10T00:55:45+00:00,W11513,wagon,rejected,T177,,No Retrofit Needed
13036.5,2025-12-10T01:16:30+00:00,W4380,wagon,retrofitted,,,
13036.5,2025-12-10T01:16:30+00:00,W12155,wagon,retrofitted,,,
13037.0,2025-12-10T01:17:00+00:00,LOCO_01,locomotive,moving,,,
13044.0,2025-12-10T01:24:00+00:00,LOCO_01,locomotive,moving,,,
13044.0,2025-12-10T01:24:00+00:00,W4380,wagon,moving,,,
13044.0,2025-12-10T01:24:00+00:00,W12155,wagon,moving,,,
13049.0,2025-12-10T01:29:00+00:00,LOCO_01,locomotive,moving,,,
13049.5,2025-12-10T01:29:30+00:00,W0839,wagon,retrofitted,,,
13049.5,2025-12-10T01:29:30+00:00,W9943,wagon,retrofitted,,,
13050.0,2025-12-10T01:30:00+00:00,LOCO_02,locomotive,moving,,,
13054.0,2025-12-10T01:34:00+00:00,LOCO_01,locomotive,assigned,,,
13054.0,2025-12-10T01:34:00+00:00,LOCO_01,locomotive,moving,,,
13057.0,2025-12-10T01:37:00+00:00,LOCO_02,locomotive,moving,,,
13057.0,2025-12-10T01:37:00+00:00,W0839,wagon,moving,,,
13057.0,2025-12-10T01:37:00+00:00,W9943,wagon,moving,,,
13062.0,2025-12-10T01:42:00+00:00,LOCO_01,locomotive,moving,,,
13062.0,2025-12-10T01:42:00+00:00,LOCO_02,locomotive,moving,,,
13069.0,2025-12-10T01:49:00+00:00,LOCO_02,locomotive,moving,,,
13077.0,2025-12-10T01:57:00+00:00,LOCO_02,locomotive,moving,,,
13077.0,2025-12-10T01:57:00+00:00,W9430,wagon,moving,,,
13077.0,2025-12-10T01:57:00+00:00,W7598,wagon,moving,,,
13082.0,2025-12-10T02:02:00+00:00,W9430,wagon,in_workshop,,,
13082.0,2025-12-10T02:02:00+00:00,W7598,wagon,in_workshop,,,
13088.0,2025-12-10T02:08:00+00:00,W9430,wagon,in_workshop,,,
13088.0,2025-12-10T02:08:00+00:00,W7598,wagon,in_workshop,,,
13088.0,2025-12-10T02:08:00+00:00,LOCO_02,locomotive,moving,,,
13095.0,2025-12-10T02:15:00+00:00,LOCO_02,locomotive,moving,,,
13103.0,2025-12-10T02:23:00+00:00,LOCO_02,locomotive,moving,,,
13103.0,2025-12-10T02:23:00+00:00,W10150,wagon,moving,,,
13103.0,2025-12-10T02:23:00+00:00,W5992,wagon,moving,,,
13103.5,2025-12-10T02:23:30+00:00,W9744,wagon,rejected,T178,,No Retrofit Needed
13103.5,2025-12-10T02:23:30+00:00,W4327,wagon,arrived,T178,,
13103.5,2025-12-10T02:23:30+00:00,W11290,wagon,arrived,T178,,
13108.0,2025-12-10T02:28:00+00:00,W10150,wagon,in_workshop,,,
13108.0,2025-12-10T02:28:00+00:00,W5992,wagon,in_workshop,,,
13114.0,2025-12-10T02:34:00+00:00,W10150,wagon,in_workshop,,,
13114.0,2025-12-10T02:34:00+00:00,W5992,wagon,in_workshop,,,
13114.0,2025-12-10T02:34:00+00:00,LOCO_02,locomotive,moving,,,
13119.0,2025-12-10T02:39:00+00:00,LOCO_02,locomotive,moving,,,
13125.5,2025-12-10T02:45:30+00:00,W4099,wagon,parked,,,
13125.5,2025-12-10T02:45:30+00:00,W2910,wagon,parked,,,
13125.5,2025-12-10T02:45:30+00:00,W1419,wagon,parked,,,
13125.5,2025-12-10T02:45:30+00:00,W5173,wagon,parked,,,
13125.5,2025-12-10T02:45:30+00:00,LOCO_01,locomotive,moving,,,
13148.0,2025-12-10T03:08:00+00:00,W9430,wagon,retrofitted,,,
13148.0,2025-12-10T03:08:00+00:00,W7598,wagon,retrofitted,,,
13171.75,2025-12-10T03:31:45+00:00,W10366,wagon,rejected,T179,,NO_COLLECTION_TRACK
13171.75,2025-12-10T03:31:45+00:00,W11298,wagon,arrived,T179,,
13171.75,2025-12-10T03:31:45+00:00,W2064,wagon,arrived,T179,,
13171.75,2025-12-10T03:31:45+00:00,W10999,wagon,arrived,T179,,
13171.75,2025-12-10T03:31:45+00:00,W5410,wagon,arrived,T179,,
13174.0,2025-12-10T03:34:00+00:00,W10150,wagon,retrofitted,,,
13174.0,2025-12-10T03:34:00+00:00,W5992,wagon,retrofitted,,,
13179.0,2025-12-10T03:39:00+00:00,LOCO_02,locomotive,assigned,,,
13185.5,2025-12-10T03:45:30+00:00,LOCO_01,locomotive,moving,,,
13186.0,2025-12-10T03:46:00+00:00,LOCO_02,locomotive,moving,,,
13186.0,2025-12-10T03:46:00+00:00,W9843,wagon,moving,,,
13186.0,2025-12-10T03:46:00+00:00,W4473,wagon,moving,,,
13186.0,2025-12-10T03:46:00+00:00,W6848,wagon,moving,,,
13192.5,2025-12-10T03:52:30+00:00,LOCO_01,locomotive,moving,,,
13192.5,2025-12-10T03:52:30+00:00,W9430,wagon,moving,,,
13192.5,2025-12-10T03:52:30+00:00,W7598,wagon,moving,,,
13197.5,2025-12-10T03:57:30+00:00,LOCO_01,locomotive,moving,,,
13202.5,2025-12-10T04:02:30+00:00,LOCO_01,locomotive,moving,,,
13209.5,2025-12-10T04:09:30+00:00,LOCO_01,locomotive,moving,,,
13209.5,2025-12-10T04:09:30+00:00,W10150,wagon,moving,,,
13209.5,2025-12-10T04:09:30+00:00,W5992,wagon,moving,,,
13214.5,2025-12-10T04:14:30+00:00,LOCO_01,locomotive,moving,,,
13221.5,2025-12-10T04:21:30+00:00,LOCO_01,locomotive,moving,,,
13229.5,2025-12-10T04:29:30+00:00,LOCO_01,locomotive,moving,,,
13229.5,2025-12-10T04:29:30+00:00,W8339,wagon,moving,,,
13229.5,2025-12-10T04:29:30+00:00,W12383,wagon,moving,,,
13234.5,2025-12-10T04:34:30+00:00,W8339,wagon,in_workshop,,,
13234.5,2025-12-10T04:34:30+00:00,W12383,wagon,in_workshop,,,
13240.5,2025-12-10T04:40:30+00:00,W8339,wagon,in_workshop,,,
13240.5,2025-12-10T04:40:30+00:00,W12383,wagon,in_workshop,,,
13240.5,2025-12-10T04:40:30+00:00,LOCO_01,locomotive,moving,,,
13246.0,2025-12-10T04:46:00+00:00,W9843,wagon,queued,,,
13246.0,2025-12-10T04:46:00+00:00,W4473,wagon,queued,,,
13246.0,2025-12-10T04:46:00+00:00,W6848,wagon,queued,,,
13247.5,2025-12-10T04:47:30+00:00,LOCO_01,locomotive,moving,,,
13255.5,2025-12-10T04:55:30+00:00,LOCO_01,locomotive,moving,,,
13255.5,2025-12-10T04:55:30+00:00,W7513,wagon,moving,,,
13255.5,2025-12-10T04:55:30+00:00,W9446,wagon,moving,,,
13260.5,2025-12-10T05:00:30+00:00,W7513,wagon,in_workshop,,,
13260.5,2025-12-10T05:00:30+00:00,W9446,wagon,in_workshop,,,
13261.0,2025-12-10T05:01:00+00:00,LOCO_02,locomotive,moving,,,
13266.0,2025-12-10T05:06:00+00:00,LOCO_02,locomotive,moving,,,
13266.5,2025-12-10T05:06:30+00:00,W7513,wagon,in_workshop,,,
13266.5,2025-12-10T05:06:30+00:00,W9446,wagon,in_workshop,,,
13266.5,2025-12-10T05:06:30+00:00,LOCO_01,locomotive,moving,,,
13271.5,2025-12-10T05:11:30+00:00,LOCO_01,locomotive,assigned,,,
13271.5,2025-12-10T05:11:30+00:00,LOCO_01,locomotive,moving,,,
13279.5,2025-12-10T05:19:30+00:00,LOCO_01,locomotive,moving,,,
13288.0,2025-12-10T05:28:00+00:00,W4380,wagon,parked,,,
13288.0,2025-12-10T05:28:00+00:00,W12155,wagon,parked,,,
13288.0,2025-12-10T05:28:00+00:00,W0839,wagon,parked,,,
13288.0,2025-12-10T05:28:00+00:00,W9943,wagon,parked,,,
13288.0,2025-12-10T05:28:00+00:00,LOCO_01,locomotive,moving,,,
13298.75,2025-12-10T05:38:45+00:00,W1161,wagon,rejected,T180,,No Retrofit Needed
13298.75,2025-12-10T05:38:45+00:00,W1158,wagon,rejected,T180,,No Retrofit Needed
13298.75,2025-12-10T05:38:45+00:00,W1156,wagon,rejected,T180,,No Retrofit Needed
13298.75,2025-12-10T05:38:45+00:00,W1152,wagon,rejected,T180,,No Retrofit Needed
13298.75,2025-12-10T05:38:45+00:00,W1139,wagon,rejected,T180,,No Retrofit Needed
13298.75,2025-12-10T05:38:45+00:00,W1174,wagon,rejected,T180,,No Retrofit Needed
13298.75,2025-12-10T05:38:45+00:00,W1149,wagon,rejected,T180,,No Retrofit Needed
13298.75,2025-12-10T05:38:45+00:00,W1143,wagon,arrived,T180,,
13300.5,2025-12-10T05:40:30+00:00,W8339,wagon,retrofitted,,,
13300.5,2025-12-10T05:40:30+00:00,W12383,wagon,retrofitted,,,
13301.0,2025-12-10T05:41:00+00:00,LOCO_01,locomotive,moving,,,
13308.0,2025-12-10T05:48:00+00:00,LOCO_01,locomotive,moving,,,
13308.0,2025-12-10T05:48:00+00:00,W8339,wagon,moving,,,
13308.0,2025-12-10T05:48:00+00:00,W12383,wagon,moving,,,
13313.0,2025-12-10T05:53:00+00:00,LOCO_01,locomotive,moving,,,
13314.5,2025-12-10T05:54:30+00:00,W3113,wagon,arrived,T181,,
13314.5,2025-12-10T05:54:30+00:00,W3106,wagon,arrived,T181,,
13314.5,2025-12-10T05:54:30+00:00,W3134,wagon,arrived,T181,,
13314.5,2025-12-10T05:54:30+00:00,W10715,wagon,arrived,T181,,
13314.5,2025-12-10T05:54:30+00:00,W3172,wagon,arrived,T181,,
13318.0,2025-12-10T05:58:00+00:00,LOCO_01,locomotive,assigned,,,
13318.0,2025-12-10T05:58:00+00:00,LOCO_01,locomotive,moving,,,
13326.0,2025-12-10T06:06:00+00:00,LOCO_02,locomotive,assigned,,,
13326.0,2025-12-10T06:06:00+00:00,LOCO_01,locomotive,moving,,,
13326.5,2025-12-10T06:06:30+00:00,W7513,wagon,retrofitted,,,
13326.5,2025-12-10T06:06:30+00:00,W9446,wagon,retrofitted,,,
13333.0,2025-12-10T06:13:00+00:00,LOCO_02,locomotive,moving,,,
13333.0,2025-12-10T06:13:00+00:00,W0674,wagon,moving,,,
13333.0,2025-12-10T06:13:00+00:00,W5420,wagon,moving,,,
13333.0,2025-12-10T06:13:00+00:00,W6936,wagon,moving,,,
13334.5,2025-12-10T06:14:30+00:00,W9430,wagon,parked,,,
13334.5,2025-12-10T06:14:30+00:00,W7598,wagon,parked,,,
13334.5,2025-12-10T06:14:30+00:00,W10150,wagon,parked,,,
13334.5,2025-12-10T06:14:30+00:00,W5992,wagon,parked,,,
13334.5,2025-12-10T06:14:30+00:00,LOCO_01,locomotive,moving,,,
13339.5,2025-12-10T06:19:30+00:00,LOCO_01,locomotive,moving,,,
13346.5,2025-12-10T06:26:30+00:00,LOCO_01,locomotive,moving,,,
13346.5,2025-12-10T06:26:30+00:00,W7513,wagon,moving,,,
13346.5,2025-12-10T06:26:30+00:00,W9446,wagon,moving,,,
13351.5,2025-12-10T06:31:30+00:00,LOCO_01,locomotive,moving,,,
13358.5,2025-12-10T06:38:30+00:00,LOCO_01,locomotive,moving,,,
13366.5,2025-12-10T06:46:30+00:00,LOCO_01,locomotive,moving,,,
13366.5,2025-12-10T06:46:30+00:00,W2844,wagon,moving,,,
13366.5,2025-12-10T06:46:30+00:00,W9727,wagon,moving,,,
13371.5,2025-12-10T06:51:30+00:00,W2844,wagon,in_workshop,,,
13371.5,2025-12-10T06:51:30+00:00,W9727,wagon,in_workshop,,,
13377.5,2025-12-10T06:57:30+00:00,W2844,wagon,in_workshop,,,
13377.5,2025-12-10T06:57:30+00:00,W9727,wagon,in_workshop,,,
13377.5,2025-12-10T06:57:30+00:00,LOCO_01,locomotive,moving,,,
13384.5,2025-12-10T07:04:30+00:00,LOCO_01,locomotive,moving,,,
13389.25,2025-12-10T07:09:15+00:00,W6989,wagon,rejected,T182,,No Retrofit Needed
13389.25,2025-12-10T07:09:15+00:00,W10397,wagon,rejected,T182,,No Retrofit Needed
13389.25,2025-12-10T07:09:15+00:00,W4392,wagon,rejected,T182,,No Retrofit Needed
13389.25,2025-12-10T07:09:15+00:00,W4422,wagon,rejected,T182,,No Retrofit Needed
13392.5,2025-12-10T07:12:30+00:00,W10889,wagon,rejected,T183,,No Retrofit Needed
13392.5,2025-12-10T07:12:30+00:00,W3087,wagon,rejected,T183,,No Retrofit Needed
13392.5,2025-12-10T07:12:30+00:00,W10958,wagon,rejected,T183,,No Retrofit Needed
13392.5,2025-12-10T07:12:30+00:00,W11254,wagon,rejected,T183,,No Retrofit Needed
13392.5,2025-12-10T07:12:30+00:00,W5420,wagon,rejected,T183,,No Retrofit Needed
13392.5,2025-12-10T07:12:30+00:00,W11261,wagon,rejected,T183,,No Retrofit Needed
13392.5,2025-12-10T07:12:30+00:00,W11269,wagon,rejected,T183,,No Retrofit Needed
13392.5,2025-12-10T07:12:30+00:00,W9046,wagon,rejected,T183,,No Retrofit Needed
13392.5,2025-12-10T07:12:30+00:00,LOCO_01,locomotive,moving,,,
13392.5,2025-12-10T07:12:30+00:00,W9046,wagon,moving,,,
13392.5,2025-12-10T07:12:30+00:00,W9843,wagon,moving,,,
13392.5,2025-12-10T07:12:30+00:00,W2130,wagon,arrived,T183,,
13392.5,2025-12-10T07:12:30+00:00,W2119,wagon,arrived,T183,,
13393.0,2025-12-10T07:13:00+00:00,W0674,wagon,queued,,,
13393.0,2025-12-10T07:13:00+00:00,W5420,wagon,queued,,,
13393.0,2025-12-10T07:13:00+00:00,W6936,wagon,queued,,,
13397.5,2025-12-10T07:17:30+00:00,W9046,wagon,in_workshop,,,
13397.5,2025-12-10T07:17:30+00:00,W9843,wagon,in_workshop,,,
13403.5,2025-12-10T07:23:30+00:00,W9046,wagon,in_workshop,,,
13403.5,2025-12-10T07:23:30+00:00,W9843,wagon,in_workshop,,,
13403.5,2025-12-10T07:23:30+00:00,LOCO_01,locomotive,moving,,,
13408.0,2025-12-10T07:28:00+00:00,LOCO_02,locomotive,moving,,,
13408.5,2025-12-10T07:28:30+00:00,LOCO_01,locomotive,moving,,,
13413.0,2025-12-10T07:33:00+00:00,LOCO_02,locomotive,assigned,,,
13413.0,2025-12-10T07:33:00+00:00,LOCO_02,locomotive,moving,,,
13420.0,2025-12-10T07:40:00+00:00,LOCO_02,locomotive,moving,,,
13426.5,2025-12-10T07:46:30+00:00,W8339,wagon,parked,,,
13426.5,2025-12-10T07:46:30+00:00,W12383,wagon,parked,,,
13426.5,2025-12-10T07:46:30+00:00,LOCO_02,locomotive,moving,,,
13437.5,2025-12-10T07:57:30+00:00,W2844,wagon,retrofitted,,,
13437.5,2025-12-10T07:57:30+00:00,W9727,wagon,retrofitted,,,
13438.0,2025-12-10T07:58:00+00:00,LOCO_02,locomotive,moving,,,
13445.0,2025-12-10T08:05:00+00:00,LOCO_02,locomotive,moving,,,
13445.0,2025-12-10T08:05:00+00:00,W2844,wagon,moving,,,
13445.0,2025-12-10T08:05:00+00:00,W9727,wagon,moving,,,
13450.0,2025-12-10T08:10:00+00:00,LOCO_02,locomotive,moving,,,
13457.0,2025-12-10T08:17:00+00:00,LOCO_02,locomotive,moving,,,
13460.0,2025-12-10T08:20:00+00:00,W0874,wagon,rejected,T184,,No Retrofit Needed
13460.0,2025-12-10T08:20:00+00:00,W8648,wagon,arrived,T184,,
13463.5,2025-12-10T08:23:30+00:00,W9046,wagon,retrofitted,,,
13463.5,2025-12-10T08:23:30+00:00,W9843,wagon,retrofitted,,,
13465.0,2025-12-10T08:25:00+00:00,LOCO_02,locomotive,moving,,,
13465.0,2025-12-10T08:25:00+00:00,W4473,wagon,moving,,,
13465.0,2025-12-10T08:25:00+00:00,W6848,wagon,moving,,,
13468.5,2025-12-10T08:28:30+00:00,LOCO_01,locomotive,assigned,,,
13470.0,2025-12-10T08:30:00+00:00,W4473,wagon,in_workshop,,,
13470.0,2025-12-10T08:30:00+00:00,W6848,wagon,in_workshop,,,
13476.0,2025-12-10T08:36:00+00:00,W4473,wagon,in_workshop,,,
13476.0,2025-12-10T08:36:00+00:00,W6848,wagon,in_workshop,,,
13476.0,2025-12-10T08:36:00+00:00,LOCO_02,locomotive,moving,,,
13481.0,2025-12-10T08:41:00+00:00,LOCO_02,locomotive,moving,,,
13483.5,2025-12-10T08:43:30+00:00,LOCO_01,locomotive,moving,,,
13483.5,2025-12-10T08:43:30+00:00,W11356,wagon,moving,,,
13483.5,2025-12-10T08:43:30+00:00,W4223,wagon,moving,,,
13483.5,2025-12-10T08:43:30+00:00,W1826,wagon,moving,,,
13483.5,2025-12-10T08:43:30+00:00,W8494,wagon,moving,,,
13483.5,2025-12-10T08:43:30+00:00,W1427,wagon,moving,,,
13483.5,2025-12-10T08:43:30+00:00,W7791,wagon,moving,,,
13483.5,2025-12-10T08:43:30+00:00,W0023,wagon,moving,,,
13487.5,2025-12-10T08:47:30+00:00,W6207,wagon,arrived,T185,,
13488.0,2025-12-10T08:48:00+00:00,LOCO_02,locomotive,moving,,,
13488.0,2025-12-10T08:48:00+00:00,W9046,wagon,moving,,,
13488.0,2025-12-10T08:48:00+00:00,W9843,wagon,moving,,,
13493.0,2025-12-10T08:53:00+00:00,LOCO_02,locomotive,moving,,,
13498.0,2025-12-10T08:58:00+00:00,LOCO_02,locomotive,moving,,,
13536.0,2025-12-10T09:36:00+00:00,W4473,wagon,retrofitted,,,
13536.0,2025-12-10T09:36:00+00:00,W6848,wagon,retrofitted,,,
13543.5,2025-12-10T09:43:30+00:00,W11356,wagon,queued,,,
13543.5,2025-12-10T09:43:30+00:00,W4223,wagon,queued,,,
13543.5,2025-12-10T09:43:30+00:00,W1826,wagon,queued,,,
13543.5,2025-12-10T09:43:30+00:00,W8494,wagon,queued,,,
13543.5,2025-12-10T09:43:30+00:00,W1427,wagon,queued,,,
13543.5,2025-12-10T09:43:30+00:00,W7791,wagon,queued,,,
13543.5,2025-12-10T09:43:30+00:00,W0023,wagon,queued,,,
13558.0,2025-12-10T09:58:00+00:00,LOCO_02,locomotive,assigned,,,
13565.0,2025-12-10T10:05:00+00:00,LOCO_02,locomotive,moving,,,
13565.0,2025-12-10T10:05:00+00:00,W3230,wagon,moving,,,
13565.0,2025-12-10T10:05:00+00:00,W5411,wagon,moving,,,
13565.0,2025-12-10T10:05:00+00:00,W11513,wagon,moving,,,
13582.5,2025-12-10T10:22:30+00:00,LOCO_01,locomotive,moving,,,
13587.5,2025-12-10T10:27:30+00:00,LOCO_01,locomotive,moving,,,
13594.5,2025-12-10T10:34:30+00:00,LOCO_01,locomotive,moving,,,
13594.5,2025-12-10T10:34:30+00:00,W4473,wagon,moving,,,
13594.5,2025-12-10T10:34:30+00:00,W6848,wagon,moving,,,
13599.5,2025-12-10T10:39:30+00:00,LOCO_01,locomotive,moving,,,
13606.5,2025-12-10T10:46:30+00:00,LOCO_01,locomotive,moving,,,
13614.5,2025-12-10T10:54:30+00:00,LOCO_01,locomotive,moving,,,
13614.5,2025-12-10T10:54:30+00:00,W0674,wagon,moving,,,
13614.5,2025-12-10T10:54:30+00:00,W5420,wagon,moving,,,
13619.5,2025-12-10T10:59:30+00:00,W0674,wagon,in_workshop,,,
13619.5,2025-12-10T10:59:30+00:00,W5420,wagon,in_workshop,,,
13625.0,2025-12-10T11:05:00+00:00,W3230,wagon,queued,,,
13625.0,2025-12-10T11:05:00+00:00,W5411,wagon,queued,,,
13625.0,2025-12-10T11:05:00+00:00,W11513,wagon,queued,,,
13625.5,2025-12-10T11:05:30+00:00,W0674,wagon,in_workshop,,,
13625.5,2025-12-10T11:05:30+00:00,W5420,wagon,in_workshop,,,
13625.5,2025-12-10T11:05:30+00:00,LOCO_01,locomotive,moving,,,
13632.5,2025-12-10T11:12:30+00:00,LOCO_01,locomotive,moving,,,
13633.25,2025-12-10T11:13:15+00:00,W10319,wagon,arrived,T186,,
13633.25,2025-12-10T11:13:15+00:00,W10278,wagon,arrived,T186,,
13640.0,2025-12-10T11:20:00+00:00,LOCO_02,locomotive,moving,,,
13640.5,2025-12-10T11:20:30+00:00,LOCO_01,locomotive,moving,,,
13640.5,2025-12-10T11:20:30+00:00,W6936,wagon,moving,,,
13640.5,2025-12-10T11:20:30+00:00,W11356,wagon,moving,,,
13645.0,2025-12-10T11:25:00+00:00,LOCO_02,locomotive,assigned,,,
13645.0,2025-12-10T11:25:00+00:00,LOCO_02,locomotive,moving,,,
13645.5,2025-12-10T11:25:30+00:00,W6936,wagon,in_workshop,,,
13645.5,2025-12-10T11:25:30+00:00,W11356,wagon,in_workshop,,,
13647.25,2025-12-10T11:27:15+00:00,W9767,wagon,rejected,T187,,NO_COLLECTION_TRACK
13647.25,2025-12-10T11:27:15+00:00,W5458,wagon,arrived,T187,,
13647.25,2025-12-10T11:27:15+00:00,W10521,wagon,arrived,T187,,
13647.25,2025-12-10T11:27:15+00:00,W12051,wagon,arrived,T187,,
13647.25,2025-12-10T11:27:15+00:00,W2236,wagon,arrived,T187,,
13651.5,2025-12-10T11:31:30+00:00,W6936,wagon,in_workshop,,,
13651.5,2025-12-10T11:31:30+00:00,W11356,wagon,in_workshop,,,
13651.5,2025-12-10T11:31:30+00:00,LOCO_01,locomotive,moving,,,
13652.0,2025-12-10T11:32:00+00:00,LOCO_02,locomotive,moving,,,
13685.5,2025-12-10T12:05:30+00:00,W0674,wagon,retrofitted,,,
13685.5,2025-12-10T12:05:30+00:00,W5420,wagon,retrofitted,,,
13686.0,2025-12-10T12:06:00+00:00,LOCO_01,locomotive,moving,,,
13693.0,2025-12-10T12:13:00+00:00,LOCO_01,locomotive,moving,,,
13693.0,2025-12-10T12:13:00+00:00,W0674,wagon,moving,,,
13693.0,2025-12-10T12:13:00+00:00,W5420,wagon,moving,,,
13698.0,2025-12-10T12:18:00+00:00,LOCO_01,locomotive,moving,,,
13705.0,2025-12-10T12:25:00+00:00,LOCO_01,locomotive,moving,,,
13711.5,2025-12-10T12:31:30+00:00,W6936,wagon,retrofitted,,,
13711.5,2025-12-10T12:31:30+00:00,W11356,wagon,retrofitted,,,
13713.0,2025-12-10T12:33:00+00:00,LOCO_01,locomotive,moving,,,
13713.0,2025-12-10T12:33:00+00:00,W4223,wagon,moving,,,
13713.0,2025-12-10T12:33:00+00:00,W1826,wagon,moving,,,
13718.0,2025-12-10T12:38:00+00:00,W4223,wagon,in_workshop,,,
13718.0,2025-12-10T12:38:00+00:00,W1826,wagon,in_workshop,,,
13724.0,2025-12-10T12:44:00+00:00,W4223,wagon,in_workshop,,,
13724.0,2025-12-10T12:44:00+00:00,W1826,wagon,in_workshop,,,
13724.0,2025-12-10T12:44:00+00:00,LOCO_01,locomotive,moving,,,
13729.0,2025-12-10T12:49:00+00:00,LOCO_01,locomotive,moving,,,
13736.0,2025-12-10T12:56:00+00:00,LOCO_01,locomotive,moving,,,
13736.0,2025-12-10T12:56:00+00:00,W6936,wagon,moving,,,
13736.0,2025-12-10T12:56:00+00:00,W11356,wagon,moving,,,
13741.0,2025-12-10T13:01:00+00:00,LOCO_01,locomotive,moving,,,
13748.0,2025-12-10T13:08:00+00:00,LOCO_01,locomotive,moving,,,
13756.0,2025-12-10T13:16:00+00:00,LOCO_01,locomotive,moving,,,
13756.0,2025-12-10T13:16:00+00:00,W8494,wagon,moving,,,
13756.0,2025-12-10T13:16:00+00:00,W1427,wagon,moving,,,
13761.0,2025-12-10T13:21:00+00:00,W8494,wagon,in_workshop,,,
13761.0,2025-12-10T13:21:00+00:00,W1427,wagon,in_workshop,,,
13767.0,2025-12-10T13:27:00+00:00,W8494,wagon,in_workshop,,,
13767.0,2025-12-10T13:27:00+00:00,W1427,wagon,in_workshop,,,
13767.0,2025-12-10T13:27:00+00:00,LOCO_01,locomotive,moving,,,
13772.0,2025-12-10T13:32:00+00:00,LOCO_01,locomotive,moving,,,
13773.5,2025-12-10T13:33:30+00:00,W7513,wagon,parked,,,
13773.5,2025-12-10T13:33:30+00:00,W9446,wagon,parked,,,
13773.5,2025-12-10T13:33:30+00:00,LOCO_02,locomotive,moving,,,
13784.0,2025-12-10T13:44:00+00:00,W4223,wagon,retrofitted,,,
13784.0,2025-12-10T13:44:00+00:00,W1826,wagon,retrofitted,,,
13827.0,2025-12-10T14:27:00+00:00,W8494,wagon,retrofitted,,,
13827.0,2025-12-10T14:27:00+00:00,W1427,wagon,retrofitted,,,
13832.0,2025-12-10T14:32:00+00:00,LOCO_01,locomotive,assigned,,,
13833.5,2025-12-10T14:33:30+00:00,LOCO_02,locomotive,moving,,,
13840.5,2025-12-10T14:40:30+00:00,LOCO_02,locomotive,moving,,,
13840.5,2025-12-10T14:40:30+00:00,W4223,wagon,moving,,,
13840.5,2025-12-10T14:40:30+00:00,W1826,wagon,moving,,,
13845.0,2025-12-10T14:45:00+00:00,LOCO_01,locomotive,moving,,,
13845.0,2025-12-10T14:45:00+00:00,W10397,wagon,moving,,,
13845.0,2025-12-10T14:45:00+00:00,W0039,wagon,moving,,,
13845.0,2025-12-10T14:45:00+00:00,W5346,wagon,moving,,,
13845.0,2025-12-10T14:45:00+00:00,W4370,wagon,moving,,,
13845.0,2025-12-10T14:45:00+00:00,W9406,wagon,moving,,,
13845.0,2025-12-10T14:45:00+00:00,W5153,wagon,moving,,,
13845.5,2025-12-10T14:45:30+00:00,LOCO_02,locomotive,moving,,,
13850.5,2025-12-10T14:50:30+00:00,LOCO_02,locomotive,moving,,,
13857.5,2025-12-10T14:57:30+00:00,LOCO_02,locomotive,moving,,,
13857.5,2025-12-10T14:57:30+00:00,W8494,wagon,moving,,,
13857.5,2025-12-10T14:57:30+00:00,W1427,wagon,moving,,,
13905.0,2025-12-10T15:45:00+00:00,W10397,wagon,queued,,,
13905.0,2025-12-10T15:45:00+00:00,W0039,wagon,queued,,,
13905.0,2025-12-10T15:45:00+00:00,W5346,wagon,queued,,,
13905.0,2025-12-10T15:45:00+00:00,W4370,wagon,queued,,,
13905.0,2025-12-10T15:45:00+00:00,W9406,wagon,queued,,,
13905.0,2025-12-10T15:45:00+00:00,W5153,wagon,queued,,,
13938.0,2025-12-10T16:18:00+00:00,LOCO_01,locomotive,moving,,,
13945.0,2025-12-10T16:25:00+00:00,LOCO_01,locomotive,moving,,,
13953.0,2025-12-10T16:33:00+00:00,LOCO_01,locomotive,moving,,,
13953.0,2025-12-10T16:33:00+00:00,W7791,wagon,moving,,,
13953.0,2025-12-10T16:33:00+00:00,W0023,wagon,moving,,,
13958.0,2025-12-10T16:38:00+00:00,W7791,wagon,in_workshop,,,
13958.0,2025-12-10T16:38:00+00:00,W0023,wagon,in_workshop,,,
13964.0,2025-12-10T16:44:00+00:00,W7791,wagon,in_workshop,,,
13964.0,2025-12-10T16:44:00+00:00,W0023,wagon,in_workshop,,,
13964.0,2025-12-10T16:44:00+00:00,LOCO_01,locomotive,moving,,,
13969.0,2025-12-10T16:49:00+00:00,LOCO_01,locomotive,assigned,,,
13969.0,2025-12-10T16:49:00+00:00,LOCO_01,locomotive,moving,,,
13974.0,2025-12-10T16:54:00+00:00,LOCO_02,locomotive,moving,,,
13978.0,2025-12-10T16:58:00+00:00,LOCO_01,locomotive,moving,,,
13981.0,2025-12-10T17:01:00+00:00,LOCO_02,locomotive,moving,,,
13988.5,2025-12-10T17:08:30+00:00,W2844,wagon,parked,,,
13988.5,2025-12-10T17:08:30+00:00,W9727,wagon,parked,,,
13988.5,2025-12-10T17:08:30+00:00,W9046,wagon,parked,,,
13988.5,2025-12-10T17:08:30+00:00,W9843,wagon,parked,,,
13988.5,2025-12-10T17:08:30+00:00,W4473,wagon,parked,,,
13988.5,2025-12-10T17:08:30+00:00,W6848,wagon,parked,,,
13988.5,2025-12-10T17:08:30+00:00,LOCO_01,locomotive,moving,,,
13989.0,2025-12-10T17:09:00+00:00,LOCO_02,locomotive,moving,,,
13989.0,2025-12-10T17:09:00+00:00,W3230,wagon,moving,,,
13989.0,2025-12-10T17:09:00+00:00,W5411,wagon,moving,,,
13993.5,2025-12-10T17:13:30+00:00,LOCO_01,locomotive,assigned,,,
13993.5,2025-12-10T17:13:30+00:00,LOCO_01,locomotive,moving,,,
13994.0,2025-12-10T17:14:00+00:00,W3230,wagon,in_workshop,,,
13994.0,2025-12-10T17:14:00+00:00,W5411,wagon,in_workshop,,,
14000.0,2025-12-10T17:20:00+00:00,W3230,wagon,in_workshop,,,
14000.0,2025-12-10T17:20:00+00:00,W5411,wagon,in_workshop,,,
14000.0,2025-12-10T17:20:00+00:00,LOCO_02,locomotive,moving,,,
14002.0,2025-12-10T17:22:00+00:00,LOCO_01,locomotive,moving,,,
14024.0,2025-12-10T17:44:00+00:00,W7791,wagon,retrofitted,,,
14024.0,2025-12-10T17:44:00+00:00,W0023,wagon,retrofitted,,,
14024.5,2025-12-10T17:44:30+00:00,LOCO_02,locomotive,moving,,,
14031.5,2025-12-10T17:51:30+00:00,LOCO_02,locomotive,moving,,,
14031.5,2025-12-10T17:51:30+00:00,W7791,wagon,moving,,,
14031.5,2025-12-10T17:51:30+00:00,W0023,wagon,moving,,,
14036.5,2025-12-10T17:56:30+00:00,LOCO_02,locomotive,moving,,,
14043.5,2025-12-10T18:03:30+00:00,LOCO_02,locomotive,moving,,,
14051.5,2025-12-10T18:11:30+00:00,LOCO_02,locomotive,moving,,,
14051.5,2025-12-10T18:11:30+00:00,W11513,wagon,moving,,,
14051.5,2025-12-10T18:11:30+00:00,W10397,wagon,moving,,,
14056.5,2025-12-10T18:16:30+00:00,W11513,wagon,in_workshop,,,
14056.5,2025-12-10T18:16:30+00:00,W10397,wagon,in_workshop,,,
14060.0,2025-12-10T18:20:00+00:00,W3230,wagon,retrofitted,,,
14060.0,2025-12-10T18:20:00+00:00,W5411,wagon,retrofitted,,,
14062.5,2025-12-10T18:22:30+00:00,W11513,wagon,in_workshop,,,
14062.5,2025-12-10T18:22:30+00:00,W10397,wagon,in_workshop,,,
14062.5,2025-12-10T18:22:30+00:00,LOCO_02,locomotive,moving,,,
14066.5,2025-12-10T18:26:30+00:00,W0674,wagon,parked,,,
14066.5,2025-12-10T18:26:30+00:00,W5420,wagon,parked,,,
14066.5,2025-12-10T18:26:30+00:00,W6936,wagon,parked,,,
14066.5,2025-12-10T18:26:30+00:00,W11356,wagon,parked,,,
14066.5,2025-12-10T18:26:30+00:00,W4223,wagon,parked,,,
14066.5,2025-12-10T18:26:30+00:00,LOCO_01,locomotive,moving,,,
14067.5,2025-12-10T18:27:30+00:00,LOCO_02,locomotive,moving,,,
14074.5,2025-12-10T18:34:30+00:00,LOCO_02,locomotive,moving,,,
14074.5,2025-12-10T18:34:30+00:00,W3230,wagon,moving,,,
14074.5,2025-12-10T18:34:30+00:00,W5411,wagon,moving,,,
14079.5,2025-12-10T18:39:30+00:00,LOCO_02,locomotive,moving,,,
14084.5,2025-12-10T18:44:30+00:00,LOCO_02,locomotive,moving,,,
14097.75,2025-12-10T18:57:45+00:00,W11348,wagon,rejected,T188,,No Retrofit Needed
14097.75,2025-12-10T18:57:45+00:00,W11970,wagon,rejected,T188,,No Retrofit Needed
14097.75,2025-12-10T18:57:45+00:00,W9710,wagon,arrived,T188,,
14097.75,2025-12-10T18:57:45+00:00,W11593,wagon,arrived,T188,,
14097.75,2025-12-10T18:57:45+00:00,W11019,wagon,arrived,T188,,
14097.75,2025-12-10T18:57:45+00:00,W3315,wagon,arrived,T188,,
14097.75,2025-12-10T18:57:45+00:00,W9194,wagon,arrived,T188,,
14097.75,2025-12-10T18:57:45+00:00,W6843,wagon,arrived,T188,,
14122.5,2025-12-10T19:22:30+00:00,W11513,wagon,retrofitted,,,
14122.5,2025-12-10T19:22:30+00:00,W10397,wagon,retrofitted,,,
14126.5,2025-12-10T19:26:30+00:00,LOCO_01,locomotive,moving,,,
14133.5,2025-12-10T19:33:30+00:00,LOCO_01,locomotive,moving,,,
14133.5,2025-12-10T19:33:30+00:00,W11513,wagon,moving,,,
14133.5,2025-12-10T19:33:30+00:00,W10397,wagon,moving,,,
14138.5,2025-12-10T19:38:30+00:00,LOCO_01,locomotive,moving,,,
14144.5,2025-12-10T19:44:30+00:00,LOCO_02,locomotive,assigned,,,
14145.5,2025-12-10T19:45:30+00:00,LOCO_01,locomotive,moving,,,
14147.5,2025-12-10T19:47:30+00:00,LOCO_02,locomotive,moving,,,
14147.5,2025-12-10T19:47:30+00:00,W3087,wagon,moving,,,
14153.5,2025-12-10T19:53:30+00:00,LOCO_01,locomotive,moving,,,
14153.5,2025-12-10T19:53:30+00:00,W0039,wagon,moving,,,
14153.5,2025-12-10T19:53:30+00:00,W5346,wagon,moving,,,
14158.5,2025-12-10T19:58:30+00:00,W0039,wagon,in_workshop,,,
14158.5,2025-12-10T19:58:30+00:00,W5346,wagon,in_workshop,,,
14164.5,2025-12-10T20:04:30+00:00,W0039,wagon,in_workshop,,,
14164.5,2025-12-10T20:04:30+00:00,W5346,wagon,in_workshop,,,
14164.5,2025-12-10T20:04:30+00:00,LOCO_01,locomotive,moving,,,
14171.5,2025-12-10T20:11:30+00:00,LOCO_01,locomotive,moving,,,
14179.5,2025-12-10T20:19:30+00:00,LOCO_01,locomotive,moving,,,
14179.5,2025-12-10T20:19:30+00:00,W4370,wagon,moving,,,
14179.5,2025-12-10T20:19:30+00:00,W9406,wagon,moving,,,
14184.5,2025-12-10T20:24:30+00:00,W4370,wagon,in_workshop,,,
14184.5,2025-12-10T20:24:30+00:00,W9406,wagon,in_workshop,,,
14190.5,2025-12-10T20:30:30+00:00,W4370,wagon,in_workshop,,,
14190.5,2025-12-10T20:30:30+00:00,W9406,wagon,in_workshop,,,
14190.5,2025-12-10T20:30:30+00:00,LOCO_01,locomotive,moving,,,
14195.5,2025-12-10T20:35:30+00:00,LOCO_01,locomotive,moving,,,
14205.25,2025-12-10T20:45:15+00:00,W2742,wagon,rejected,T189,,NO_COLLECTION_TRACK
14205.25,2025-12-10T20:45:15+00:00,W7889,wagon,rejected,T189,,NO_COLLECTION_TRACK
14205.25,2025-12-10T20:45:15+00:00,W10955,wagon,arrived,T189,,
14205.25,2025-12-10T20:45:15+00:00,W2204,wagon,arrived,T189,,
14205.25,2025-12-10T20:45:15+00:00,W10614,wagon,arrived,T189,,
14207.5,2025-12-10T20:47:30+00:00,W3087,wagon,queued,,,
14210.5,2025-12-10T20:50:30+00:00,LOCO_02,locomotive,moving,,,
14215.5,2025-12-10T20:55:30+00:00,LOCO_02,locomotive,assigned,,,
14215.5,2025-12-10T20:55:30+00:00,LOCO_02,locomotive,moving,,,
14223.5,2025-12-10T21:03:30+00:00,LOCO_02,locomotive,moving,,,
14224.5,2025-12-10T21:04:30+00:00,W0039,wagon,retrofitted,,,
14224.5,2025-12-10T21:04:30+00:00,W5346,wagon,retrofitted,,,
14232.0,2025-12-10T21:12:00+00:00,W1826,wagon,parked,,,
14232.0,2025-12-10T21:12:00+00:00,W8494,wagon,parked,,,
14232.0,2025-12-10T21:12:00+00:00,W1427,wagon,parked,,,
14232.0,2025-12-10T21:12:00+00:00,W7791,wagon,parked,,,
14232.0,2025-12-10T21:12:00+00:00,LOCO_02,locomotive,moving,,,
14237.0,2025-12-10T21:17:00+00:00,LOCO_02,locomotive,moving,,,
14244.0,2025-12-10T21:24:00+00:00,LOCO_02,locomotive,moving,,,
14244.0,2025-12-10T21:24:00+00:00,W0039,wagon,moving,,,
14244.0,2025-12-10T21:24:00+00:00,W5346,wagon,moving,,,
14249.0,2025-12-10T21:29:00+00:00,LOCO_02,locomotive,moving,,,
14250.5,2025-12-10T21:30:30+00:00,W4370,wagon,retrofitted,,,
14250.5,2025-12-10T21:30:30+00:00,W9406,wagon,retrofitted,,,
14254.0,2025-12-10T21:34:00+00:00,LOCO_02,locomotive,moving,,,
14255.5,2025-12-10T21:35:30+00:00,LOCO_01,locomotive,assigned,,,
14261.0,2025-12-10T21:41:00+00:00,LOCO_02,locomotive,moving,,,
14261.0,2025-12-10T21:41:00+00:00,W4370,wagon,moving,,,
14261.0,2025-12-10T21:41:00+00:00,W9406,wagon,moving,,,
14266.0,2025-12-10T21:46:00+00:00,LOCO_02,locomotive,moving,,,
14270.5,2025-12-10T21:50:30+00:00,LOCO_01,locomotive,moving,,,
14270.5,2025-12-10T21:50:30+00:00,W10192,wagon,moving,,,
14270.5,2025-12-10T21:50:30+00:00,W8908,wagon,moving,,,
14270.5,2025-12-10T21:50:30+00:00,W8906,wagon,moving,,,
14270.5,2025-12-10T21:50:30+00:00,W12104,wagon,moving,,,
14270.5,2025-12-10T21:50:30+00:00,W7218,wagon,moving,,,
14270.5,2025-12-10T21:50:30+00:00,W10938,wagon,moving,,,
14270.5,2025-12-10T21:50:30+00:00,W4327,wagon,moving,,,
14273.0,2025-12-10T21:53:00+00:00,LOCO_02,locomotive,moving,,,
14281.0,2025-12-10T22:01:00+00:00,LOCO_02,locomotive,moving,,,
14281.0,2025-12-10T22:01:00+00:00,W5153,wagon,moving,,,
14281.0,2025-12-10T22:01:00+00:00,W3087,wagon,moving,,,
14286.0,2025-12-10T22:06:00+00:00,W5153,wagon,in_workshop,,,
14286.0,2025-12-10T22:06:00+00:00,W3087,wagon,in_workshop,,,
14292.0,2025-12-10T22:12:00+00:00,W5153,wagon,in_workshop,,,
14292.0,2025-12-10T22:12:00+00:00,W3087,wagon,in_workshop,,,
14292.0,2025-12-10T22:12:00+00:00,LOCO_02,locomotive,moving,,,
14297.0,2025-12-10T22:17:00+00:00,LOCO_02,locomotive,assigned,,,
14297.0,2025-12-10T22:17:00+00:00,LOCO_02,locomotive,moving,,,
14305.0,2025-12-10T22:25:00+00:00,LOCO_02,locomotive,moving,,,
14330.5,2025-12-10T22:50:30+00:00,W10192,wagon,queued,,,
14330.5,2025-12-10T22:50:30+00:00,W8908,wagon,queued,,,
14330.5,2025-12-10T22:50:30+00:00,W8906,wagon,queued,,,
14330.5,2025-12-10T22:50:30+00:00,W12104,wagon,queued,,,
14330.5,2025-12-10T22:50:30+00:00,W7218,wagon,queued,,,
14330.5,2025-12-10T22:50:30+00:00,W10938,wagon,queued,,,
14330.5,2025-12-10T22:50:30+00:00,W4327,wagon,queued,,,
14352.0,2025-12-10T23:12:00+00:00,W5153,wagon,retrofitted,,,
14352.0,2025-12-10T23:12:00+00:00,W3087,wagon,retrofitted,,,
14369.5,2025-12-10T23:29:30+00:00,LOCO_01,locomotive,moving,,,
14372.75,2025-12-10T23:32:45+00:00,W5872,wagon,rejected,T190,,No Retrofit Needed
14372.75,2025-12-10T23:32:45+00:00,W4802,wagon,rejected,T190,,No Retrofit Needed
14372.75,2025-12-10T23:32:45+00:00,W6323,wagon,rejected,T190,,No Retrofit Needed
14374.5,2025-12-10T23:34:30+00:00,LOCO_01,locomotive,moving,,,
14381.5,2025-12-10T23:41:30+00:00,LOCO_01,locomotive,moving,,,
14381.5,2025-12-10T23:41:30+00:00,W5153,wagon,moving,,,
14381.5,2025-12-10T23:41:30+00:00,W3087,wagon,moving,,,
14383.5,2025-12-10T23:43:30+00:00,W0023,wagon,parked,,,
14383.5,2025-12-10T23:43:30+00:00,W3230,wagon,parked,,,
14383.5,2025-12-10T23:43:30+00:00,W5411,wagon,parked,,,
14383.5,2025-12-10T23:43:30+00:00,W11513,wagon,parked,,,
14383.5,2025-12-10T23:43:30+00:00,LOCO_02,locomotive,moving,,,
14386.5,2025-12-10T23:46:30+00:00,LOCO_01,locomotive,moving,,,
14393.5,2025-12-10T23:53:30+00:00,LOCO_01,locomotive,moving,,,
