timestamp,datetime,resource_id,resource_type,location,previous_location,route_path
360.0,2025-12-01T06:00:00+00:00,W11188,wagon,collection1,,
360.0,2025-12-01T06:00:00+00:00,W10437,wagon,collection1,,
360.0,2025-12-01T06:00:00+00:00,LOCO_01,locomotive,collection1,track_19,
425.0,2025-12-01T07:05:00+00:00,LOCO_01,locomotive,retrofit,collection1,
425.0,2025-12-01T07:05:00+00:00,W11188,wagon,collection1,,collection1|Mainline|retrofit
425.0,2025-12-01T07:05:00+00:00,W10437,wagon,collection1,,collection1|Mainline|retrofit
442.25,2025-12-01T07:22:15+00:00,W12394,wagon,collection1,,
442.25,2025-12-01T07:22:15+00:00,W9278,wagon,collection1,,
485.0,2025-12-01T08:05:00+00:00,W11188,wagon,retrofit,,
485.0,2025-12-01T08:05:00+00:00,W10437,wagon,retrofit,,
487.0,2025-12-01T08:07:00+00:00,LOCO_02,locomotive,retrofit,track_19,
494.0,2025-12-01T08:14:00+00:00,LOCO_01,locomotive,track_19,retrofit,
495.0,2025-12-01T08:15:00+00:00,LOCO_02,locomotive,WS_01,retrofit,
495.0,2025-12-01T08:15:00+00:00,W11188,wagon,retrofit,,retrofit|WS_01
495.0,2025-12-01T08:15:00+00:00,W10437,wagon,retrofit,,retrofit|WS_01
499.0,2025-12-01T08:19:00+00:00,LOCO_01,locomotive,collection1,track_19,
500.0,2025-12-01T08:20:00+00:00,W11188,wagon,WS_01,,
500.0,2025-12-01T08:20:00+00:00,W10437,wagon,WS_01,,
502.5,2025-12-01T08:22:30+00:00,W3926,wagon,collection1,,
502.5,2025-12-01T08:22:30+00:00,W5834,wagon,collection1,,
506.0,2025-12-01T08:26:00+00:00,W11188,wagon,WS_01,,
506.0,2025-12-01T08:26:00+00:00,W10437,wagon,WS_01,,
506.0,2025-12-01T08:26:00+00:00,LOCO_02,locomotive,track_19,WS_01,
541.5,2025-12-01T09:01:30+00:00,W9460,wagon,collection1,,
541.5,2025-12-01T09:01:30+00:00,W9445,wagon,collection1,,
564.0,2025-12-01T09:24:00+00:00,LOCO_01,locomotive,retrofit,collection1,
564.0,2025-12-01T09:24:00+00:00,W12394,wagon,collection1,,collection1|Mainline|retrofit
564.0,2025-12-01T09:24:00+00:00,W9278,wagon,collection1,,collection1|Mainline|retrofit
566.5,2025-12-01T09:26:30+00:00,LOCO_02,locomotive,WS_01,track_19,
573.5,2025-12-01T09:33:30+00:00,LOCO_02,locomotive,retrofitted,WS_01,
573.5,2025-12-01T09:33:30+00:00,W11188,wagon,WS_01,,WS_01|retrofitted
573.5,2025-12-01T09:33:30+00:00,W10437,wagon,WS_01,,WS_01|retrofitted
578.5,2025-12-01T09:38:30+00:00,W11188,wagon,retrofitted,,
578.5,2025-12-01T09:38:30+00:00,W10437,wagon,retrofitted,,
578.5,2025-12-01T09:38:30+00:00,LOCO_02,locomotive,track_19,retrofitted,
623.5,2025-12-01T10:23:30+00:00,LOCO_02,locomotive,retrofitted,track_19,
624.0,2025-12-01T10:24:00+00:00,W12394,wagon,retrofit,,
624.0,2025-12-01T10:24:00+00:00,W9278,wagon,retrofit,,
630.5,2025-12-01T10:30:30+00:00,LOCO_02,locomotive,parking16,retrofitted,
633.0,2025-12-01T10:33:00+00:00,LOCO_01,locomotive,track_19,retrofit,
640.0,2025-12-01T10:40:00+00:00,LOCO_01,locomotive,retrofit,track_19,
648.0,2025-12-01T10:48:00+00:00,LOCO_01,locomotive,WS_01,retrofit,
648.0,2025-12-01T10:48:00+00:00,W12394,wagon,retrofit,,retrofit|WS_01
648.0,2025-12-01T10:48:00+00:00,W9278,wagon,retrofit,,retrofit|WS_01
653.0,2025-12-01T10:53:00+00:00,W12394,wagon,WS_01,,
653.0,2025-12-01T10:53:00+00:00,W9278,wagon,WS_01,,
659.0,2025-12-01T10:59:00+00:00,W12394,wagon,WS_01,,
659.0,2025-12-01T10:59:00+00:00,W9278,wagon,WS_01,,
659.0,2025-12-01T10:59:00+00:00,LOCO_01,locomotive,track_19,WS_01,
664.0,2025-12-01T11:04:00+00:00,LOCO_01,locomotive,collection1,track_19,
672.75,2025-12-01T11:12:45+00:00,W10704,wagon,collection1,,
672.75,2025-12-01T11:12:45+00:00,W3675,wagon,collection1,,
715.0,2025-12-01T11:55:00+00:00,W7132,wagon,collection1,,
715.0,2025-12-01T11:55:00+00:00,W8934,wagon,collection1,,
715.0,2025-12-01T11:55:00+00:00,W6253,wagon,collection1,,
715.0,2025-12-01T11:55:00+00:00,W7747,wagon,collection1,,
715.0,2025-12-01T11:55:00+00:00,W10546,wagon,collection1,,
715.0,2025-12-01T11:55:00+00:00,W7222,wagon,collection1,,
724.5,2025-12-01T12:04:30+00:00,W0689,wagon,collection1,,
725.0,2025-12-01T12:05:00+00:00,W11268,wagon,collection1,,
725.0,2025-12-01T12:05:00+00:00,W11509,wagon,collection1,,
725.0,2025-12-01T12:05:00+00:00,W6557,wagon,collection1,,
733.0,2025-12-01T12:13:00+00:00,LOCO_01,locomotive,retrofit,collection1,
733.0,2025-12-01T12:13:00+00:00,W3926,wagon,collection1,,collection1|Mainline|retrofit
733.0,2025-12-01T12:13:00+00:00,W5834,wagon,collection1,,collection1|Mainline|retrofit
733.0,2025-12-01T12:13:00+00:00,W9460,wagon,collection1,,collection1|Mainline|retrofit
733.0,2025-12-01T12:13:00+00:00,W9445,wagon,collection1,,collection1|Mainline|retrofit
752.0,2025-12-01T12:32:00+00:00,W11188,wagon,parking16,,
752.0,2025-12-01T12:32:00+00:00,W10437,wagon,parking16,,
752.0,2025-12-01T12:32:00+00:00,LOCO_02,locomotive,track_19,parking16,
753.25,2025-12-01T12:33:15+00:00,W10356,wagon,collection1,,
785.5,2025-12-01T13:05:30+00:00,W6006,wagon,collection1,,
785.5,2025-12-01T13:05:30+00:00,W4440,wagon,collection1,,
785.5,2025-12-01T13:05:30+00:00,W10383,wagon,collection1,,
793.0,2025-12-01T13:13:00+00:00,W3926,wagon,retrofit,,
793.0,2025-12-01T13:13:00+00:00,W5834,wagon,retrofit,,
793.0,2025-12-01T13:13:00+00:00,W9460,wagon,retrofit,,
793.0,2025-12-01T13:13:00+00:00,W9445,wagon,retrofit,,
812.0,2025-12-01T13:32:00+00:00,LOCO_02,locomotive,WS_01,track_19,
814.0,2025-12-01T13:34:00+00:00,LOCO_01,locomotive,track_19,retrofit,
819.0,2025-12-01T13:39:00+00:00,LOCO_02,locomotive,retrofitted,WS_01,
819.0,2025-12-01T13:39:00+00:00,W12394,wagon,WS_01,,WS_01|retrofitted
819.0,2025-12-01T13:39:00+00:00,W9278,wagon,WS_01,,WS_01|retrofitted
821.0,2025-12-01T13:41:00+00:00,LOCO_01,locomotive,retrofit,track_19,
824.0,2025-12-01T13:44:00+00:00,W12394,wagon,retrofitted,,
824.0,2025-12-01T13:44:00+00:00,W9278,wagon,retrofitted,,
824.0,2025-12-01T13:44:00+00:00,LOCO_02,locomotive,track_19,retrofitted,
829.0,2025-12-01T13:49:00+00:00,LOCO_01,locomotive,WS_02,retrofit,
829.0,2025-12-01T13:49:00+00:00,W3926,wagon,retrofit,,retrofit|WS_02
829.0,2025-12-01T13:49:00+00:00,W5834,wagon,retrofit,,retrofit|WS_02
831.0,2025-12-01T13:51:00+00:00,LOCO_02,locomotive,retrofit,track_19,
834.0,2025-12-01T13:54:00+00:00,W3926,wagon,WS_02,,
834.0,2025-12-01T13:54:00+00:00,W5834,wagon,WS_02,,
839.0,2025-12-01T13:59:00+00:00,LOCO_02,locomotive,WS_01,retrofit,
839.0,2025-12-01T13:59:00+00:00,W9460,wagon,retrofit,,retrofit|WS_01
839.0,2025-12-01T13:59:00+00:00,W9445,wagon,retrofit,,retrofit|WS_01
840.0,2025-12-01T14:00:00+00:00,W3926,wagon,WS_02,,
840.0,2025-12-01T14:00:00+00:00,W5834,wagon,WS_02,,
840.0,2025-12-01T14:00:00+00:00,LOCO_01,locomotive,track_19,WS_02,
844.0,2025-12-01T14:04:00+00:00,W9460,wagon,WS_01,,
844.0,2025-12-01T14:04:00+00:00,W9445,wagon,WS_01,,
845.0,2025-12-01T14:05:00+00:00,LOCO_01,locomotive,collection1,track_19,
850.0,2025-12-01T14:10:00+00:00,W9460,wagon,WS_01,,
850.0,2025-12-01T14:10:00+00:00,W9445,wagon,WS_01,,
850.0,2025-12-01T14:10:00+00:00,LOCO_02,locomotive,track_19,WS_01,
866.0,2025-12-01T14:26:00+00:00,W2238,wagon,collection1,,
866.0,2025-12-01T14:26:00+00:00,W0047,wagon,collection1,,
866.0,2025-12-01T14:26:00+00:00,W0049,wagon,collection1,,
870.0,2025-12-01T14:30:00+00:00,LOCO_02,locomotive,retrofitted,track_19,
877.0,2025-12-01T14:37:00+00:00,LOCO_02,locomotive,parking16,retrofitted,
894.75,2025-12-01T14:54:45+00:00,W2535,wagon,collection1,,
894.75,2025-12-01T14:54:45+00:00,W7970,wagon,collection1,,
894.75,2025-12-01T14:54:45+00:00,W4849,wagon,collection1,,
936.0,2025-12-01T15:36:00+00:00,LOCO_01,locomotive,retrofit,collection1,
936.0,2025-12-01T15:36:00+00:00,W10704,wagon,collection1,,collection1|Mainline|retrofit
936.0,2025-12-01T15:36:00+00:00,W3675,wagon,collection1,,collection1|Mainline|retrofit
936.0,2025-12-01T15:36:00+00:00,W7132,wagon,collection1,,collection1|Mainline|retrofit
936.0,2025-12-01T15:36:00+00:00,W8934,wagon,collection1,,collection1|Mainline|retrofit
936.0,2025-12-01T15:36:00+00:00,W6253,wagon,collection1,,collection1|Mainline|retrofit
936.0,2025-12-01T15:36:00+00:00,W7747,wagon,collection1,,collection1|Mainline|retrofit
936.0,2025-12-01T15:36:00+00:00,W10546,wagon,collection1,,collection1|Mainline|retrofit
936.0,2025-12-01T15:36:00+00:00,W7222,wagon,collection1,,collection1|Mainline|retrofit
936.0,2025-12-01T15:36:00+00:00,W0689,wagon,collection1,,collection1|Mainline|retrofit
936.0,2025-12-01T15:36:00+00:00,W11268,wagon,collection1,,collection1|Mainline|retrofit
936.0,2025-12-01T15:36:00+00:00,W11509,wagon,collection1,,collection1|Mainline|retrofit
936.0,2025-12-01T15:36:00+00:00,W6557,wagon,collection1,,collection1|Mainline|retrofit
936.0,2025-12-01T15:36:00+00:00,W10356,wagon,collection1,,collection1|Mainline|retrofit
936.0,2025-12-01T15:36:00+00:00,W6006,wagon,collection1,,collection1|Mainline|retrofit
936.0,2025-12-01T15:36:00+00:00,W4440,wagon,collection1,,collection1|Mainline|retrofit
996.0,2025-12-01T16:36:00+00:00,W10704,wagon,retrofit,,
996.0,2025-12-01T16:36:00+00:00,W3675,wagon,retrofit,,
996.0,2025-12-01T16:36:00+00:00,W7132,wagon,retrofit,,
996.0,2025-12-01T16:36:00+00:00,W8934,wagon,retrofit,,
996.0,2025-12-01T16:36:00+00:00,W6253,wagon,retrofit,,
996.0,2025-12-01T16:36:00+00:00,W7747,wagon,retrofit,,
996.0,2025-12-01T16:36:00+00:00,W10546,wagon,retrofit,,
996.0,2025-12-01T16:36:00+00:00,W7222,wagon,retrofit,,
996.0,2025-12-01T16:36:00+00:00,W0689,wagon,retrofit,,
996.0,2025-12-01T16:36:00+00:00,W11268,wagon,retrofit,,
996.0,2025-12-01T16:36:00+00:00,W11509,wagon,retrofit,,
996.0,2025-12-01T16:36:00+00:00,W6557,wagon,retrofit,,
996.0,2025-12-01T16:36:00+00:00,W10356,wagon,retrofit,,
996.0,2025-12-01T16:36:00+00:00,W6006,wagon,retrofit,,
996.0,2025-12-01T16:36:00+00:00,W4440,wagon,retrofit,,
998.5,2025-12-01T16:38:30+00:00,W12394,wagon,parking16,,
998.5,2025-12-01T16:38:30+00:00,W9278,wagon,parking16,,
998.5,2025-12-01T16:38:30+00:00,LOCO_02,locomotive,track_19,parking16,
1051.25,2025-12-01T17:31:15+00:00,W2967,wagon,collection1,,
1051.25,2025-12-01T17:31:15+00:00,W9776,wagon,collection1,,
1051.25,2025-12-01T17:31:15+00:00,W12208,wagon,collection1,,
1051.25,2025-12-01T17:31:15+00:00,W11348,wagon,collection1,,
1058.5,2025-12-01T17:38:30+00:00,LOCO_02,locomotive,WS_02,track_19,
1065.5,2025-12-01T17:45:30+00:00,LOCO_02,locomotive,retrofitted,WS_02,
1065.5,2025-12-01T17:45:30+00:00,W3926,wagon,WS_02,,WS_02|retrofitted
1065.5,2025-12-01T17:45:30+00:00,W5834,wagon,WS_02,,WS_02|retrofitted
1070.5,2025-12-01T17:50:30+00:00,W3926,wagon,retrofitted,,
1070.5,2025-12-01T17:50:30+00:00,W5834,wagon,retrofitted,,
1070.5,2025-12-01T17:50:30+00:00,LOCO_02,locomotive,track_19,retrofitted,
1075.5,2025-12-01T17:55:30+00:00,LOCO_02,locomotive,WS_01,track_19,
1082.5,2025-12-01T18:02:30+00:00,LOCO_02,locomotive,retrofitted,WS_01,
1082.5,2025-12-01T18:02:30+00:00,W9460,wagon,WS_01,,WS_01|retrofitted
1082.5,2025-12-01T18:02:30+00:00,W9445,wagon,WS_01,,WS_01|retrofitted
1083.0,2025-12-01T18:03:00+00:00,LOCO_01,locomotive,track_19,retrofit,
1087.5,2025-12-01T18:07:30+00:00,W9460,wagon,retrofitted,,
1087.5,2025-12-01T18:07:30+00:00,W9445,wagon,retrofitted,,
1087.5,2025-12-01T18:07:30+00:00,LOCO_02,locomotive,track_19,retrofitted,
1088.75,2025-12-01T18:08:45+00:00,W12037,wagon,collection1,,
1088.75,2025-12-01T18:08:45+00:00,W0440,wagon,collection1,,
1088.75,2025-12-01T18:08:45+00:00,W11988,wagon,collection1,,
1088.75,2025-12-01T18:08:45+00:00,W12260,wagon,collection1,,
1088.75,2025-12-01T18:08:45+00:00,W0130,wagon,collection1,,
1088.75,2025-12-01T18:08:45+00:00,W9352,wagon,collection1,,
1088.75,2025-12-01T18:08:45+00:00,W2980,wagon,collection1,,
1088.75,2025-12-01T18:08:45+00:00,W2406,wagon,collection1,,
1088.75,2025-12-01T18:08:45+00:00,W2399,wagon,collection1,,
1090.0,2025-12-01T18:10:00+00:00,LOCO_01,locomotive,retrofit,track_19,
1094.5,2025-12-01T18:14:30+00:00,LOCO_02,locomotive,retrofit,track_19,
1098.0,2025-12-01T18:18:00+00:00,LOCO_01,locomotive,WS_02,retrofit,
1098.0,2025-12-01T18:18:00+00:00,W10704,wagon,retrofit,,retrofit|WS_02
1098.0,2025-12-01T18:18:00+00:00,W3675,wagon,retrofit,,retrofit|WS_02
1102.5,2025-12-01T18:22:30+00:00,LOCO_02,locomotive,WS_01,retrofit,
1102.5,2025-12-01T18:22:30+00:00,W7132,wagon,retrofit,,retrofit|WS_01
1102.5,2025-12-01T18:22:30+00:00,W8934,wagon,retrofit,,retrofit|WS_01
1103.0,2025-12-01T18:23:00+00:00,W10704,wagon,WS_02,,
1103.0,2025-12-01T18:23:00+00:00,W3675,wagon,WS_02,,
1107.5,2025-12-01T18:27:30+00:00,W7132,wagon,WS_01,,
1107.5,2025-12-01T18:27:30+00:00,W8934,wagon,WS_01,,
1109.0,2025-12-01T18:29:00+00:00,W10704,wagon,WS_02,,
1109.0,2025-12-01T18:29:00+00:00,W3675,wagon,WS_02,,
1109.0,2025-12-01T18:29:00+00:00,LOCO_01,locomotive,track_19,WS_02,
1113.5,2025-12-01T18:33:30+00:00,W7132,wagon,WS_01,,
1113.5,2025-12-01T18:33:30+00:00,W8934,wagon,WS_01,,
1113.5,2025-12-01T18:33:30+00:00,LOCO_02,locomotive,track_19,WS_01,
1117.5,2025-12-01T18:37:30+00:00,LOCO_01,locomotive,retrofitted,track_19,
1124.5,2025-12-01T18:44:30+00:00,LOCO_01,locomotive,parking16,retrofitted,
1169.5,2025-12-01T19:29:30+00:00,LOCO_02,locomotive,WS_02,track_19,
1176.5,2025-12-01T19:36:30+00:00,LOCO_02,locomotive,retrofitted,WS_02,
1176.5,2025-12-01T19:36:30+00:00,W10704,wagon,WS_02,,WS_02|retrofitted
1176.5,2025-12-01T19:36:30+00:00,W3675,wagon,WS_02,,WS_02|retrofitted
1181.5,2025-12-01T19:41:30+00:00,W10704,wagon,retrofitted,,
1181.5,2025-12-01T19:41:30+00:00,W3675,wagon,retrofitted,,
1181.5,2025-12-01T19:41:30+00:00,LOCO_02,locomotive,track_19,retrofitted,
1186.5,2025-12-01T19:46:30+00:00,LOCO_02,locomotive,WS_01,track_19,
1193.5,2025-12-01T19:53:30+00:00,LOCO_02,locomotive,retrofitted,WS_01,
1193.5,2025-12-01T19:53:30+00:00,W7132,wagon,WS_01,,WS_01|retrofitted
1193.5,2025-12-01T19:53:30+00:00,W8934,wagon,WS_01,,WS_01|retrofitted
1198.5,2025-12-01T19:58:30+00:00,W7132,wagon,retrofitted,,
1198.5,2025-12-01T19:58:30+00:00,W8934,wagon,retrofitted,,
1198.5,2025-12-01T19:58:30+00:00,LOCO_02,locomotive,track_19,retrofitted,
1205.5,2025-12-01T20:05:30+00:00,LOCO_02,locomotive,retrofit,track_19,
1213.5,2025-12-01T20:13:30+00:00,LOCO_02,locomotive,WS_02,retrofit,
1213.5,2025-12-01T20:13:30+00:00,W6253,wagon,retrofit,,retrofit|WS_02
1213.5,2025-12-01T20:13:30+00:00,W7747,wagon,retrofit,,retrofit|WS_02
1218.5,2025-12-01T20:18:30+00:00,W6253,wagon,WS_02,,
1218.5,2025-12-01T20:18:30+00:00,W7747,wagon,WS_02,,
1224.5,2025-12-01T20:24:30+00:00,W6253,wagon,WS_02,,
1224.5,2025-12-01T20:24:30+00:00,W7747,wagon,WS_02,,
1224.5,2025-12-01T20:24:30+00:00,LOCO_02,locomotive,track_19,WS_02,
1231.5,2025-12-01T20:31:30+00:00,LOCO_02,locomotive,retrofit,track_19,
1239.5,2025-12-01T20:39:30+00:00,LOCO_02,locomotive,WS_01,retrofit,
1239.5,2025-12-01T20:39:30+00:00,W10546,wagon,retrofit,,retrofit|WS_01
1239.5,2025-12-01T20:39:30+00:00,W7222,wagon,retrofit,,retrofit|WS_01
1244.5,2025-12-01T20:44:30+00:00,W10546,wagon,WS_01,,
1244.5,2025-12-01T20:44:30+00:00,W7222,wagon,WS_01,,
1246.0,2025-12-01T20:46:00+00:00,W3926,wagon,parking16,,
1246.0,2025-12-01T20:46:00+00:00,W5834,wagon,parking16,,
1246.0,2025-12-01T20:46:00+00:00,LOCO_01,locomotive,track_19,parking16,
1250.5,2025-12-01T20:50:30+00:00,W10546,wagon,WS_01,,
1250.5,2025-12-01T20:50:30+00:00,W7222,wagon,WS_01,,
1250.5,2025-12-01T20:50:30+00:00,LOCO_02,locomotive,track_19,WS_01,
1255.5,2025-12-01T20:55:30+00:00,LOCO_02,locomotive,collection1,track_19,
1306.0,2025-12-01T21:46:00+00:00,LOCO_01,locomotive,WS_02,track_19,
1313.0,2025-12-01T21:53:00+00:00,LOCO_01,locomotive,retrofitted,WS_02,
1313.0,2025-12-01T21:53:00+00:00,W6253,wagon,WS_02,,WS_02|retrofitted
1313.0,2025-12-01T21:53:00+00:00,W7747,wagon,WS_02,,WS_02|retrofitted
1318.0,2025-12-01T21:58:00+00:00,W6253,wagon,retrofitted,,
1318.0,2025-12-01T21:58:00+00:00,W7747,wagon,retrofitted,,
1318.0,2025-12-01T21:58:00+00:00,LOCO_01,locomotive,track_19,retrofitted,
1323.0,2025-12-01T22:03:00+00:00,LOCO_01,locomotive,WS_01,track_19,
1326.5,2025-12-01T22:06:30+00:00,LOCO_02,locomotive,retrofit,collection1,
1326.5,2025-12-01T22:06:30+00:00,W10383,wagon,collection1,,collection1|Mainline|retrofit
1326.5,2025-12-01T22:06:30+00:00,W2238,wagon,collection1,,collection1|Mainline|retrofit
1326.5,2025-12-01T22:06:30+00:00,W0047,wagon,collection1,,collection1|Mainline|retrofit
1326.5,2025-12-01T22:06:30+00:00,W0049,wagon,collection1,,collection1|Mainline|retrofit
1326.5,2025-12-01T22:06:30+00:00,W2535,wagon,collection1,,collection1|Mainline|retrofit
1330.0,2025-12-01T22:10:00+00:00,LOCO_01,locomotive,retrofitted,WS_01,
1330.0,2025-12-01T22:10:00+00:00,W10546,wagon,WS_01,,WS_01|retrofitted
1330.0,2025-12-01T22:10:00+00:00,W7222,wagon,WS_01,,WS_01|retrofitted
1335.0,2025-12-01T22:15:00+00:00,W10546,wagon,retrofitted,,
1335.0,2025-12-01T22:15:00+00:00,W7222,wagon,retrofitted,,
1335.0,2025-12-01T22:15:00+00:00,LOCO_01,locomotive,track_19,retrofitted,
1342.0,2025-12-01T22:22:00+00:00,LOCO_01,locomotive,retrofit,track_19,
1350.0,2025-12-01T22:30:00+00:00,LOCO_01,locomotive,WS_02,retrofit,
1350.0,2025-12-01T22:30:00+00:00,W0689,wagon,retrofit,,retrofit|WS_02
1350.0,2025-12-01T22:30:00+00:00,W11268,wagon,retrofit,,retrofit|WS_02
1355.0,2025-12-01T22:35:00+00:00,W0689,wagon,WS_02,,
1355.0,2025-12-01T22:35:00+00:00,W11268,wagon,WS_02,,
1361.0,2025-12-01T22:41:00+00:00,W0689,wagon,WS_02,,
1361.0,2025-12-01T22:41:00+00:00,W11268,wagon,WS_02,,
1361.0,2025-12-01T22:41:00+00:00,LOCO_01,locomotive,track_19,WS_02,
1368.0,2025-12-01T22:48:00+00:00,LOCO_01,locomotive,retrofit,track_19,
1376.0,2025-12-01T22:56:00+00:00,LOCO_01,locomotive,WS_01,retrofit,
1376.0,2025-12-01T22:56:00+00:00,W11509,wagon,retrofit,,retrofit|WS_01
1376.0,2025-12-01T22:56:00+00:00,W6557,wagon,retrofit,,retrofit|WS_01
1381.0,2025-12-01T23:01:00+00:00,W11509,wagon,WS_01,,
1381.0,2025-12-01T23:01:00+00:00,W6557,wagon,WS_01,,
1386.5,2025-12-01T23:06:30+00:00,W10383,wagon,retrofit,,
1386.5,2025-12-01T23:06:30+00:00,W2238,wagon,retrofit,,
1386.5,2025-12-01T23:06:30+00:00,W0047,wagon,retrofit,,
1386.5,2025-12-01T23:06:30+00:00,W0049,wagon,retrofit,,
1386.5,2025-12-01T23:06:30+00:00,W2535,wagon,retrofit,,
1387.0,2025-12-01T23:07:00+00:00,W11509,wagon,WS_01,,
1387.0,2025-12-01T23:07:00+00:00,W6557,wagon,WS_01,,
1387.0,2025-12-01T23:07:00+00:00,LOCO_01,locomotive,track_19,WS_01,
1392.0,2025-12-01T23:12:00+00:00,LOCO_01,locomotive,retrofitted,track_19,
1401.0,2025-12-01T23:21:00+00:00,LOCO_01,locomotive,parking16,retrofitted,
1413.5,2025-12-01T23:33:30+00:00,LOCO_02,locomotive,track_19,retrofit,
1421.5,2025-12-01T23:41:30+00:00,LOCO_02,locomotive,WS_02,track_19,
1428.5,2025-12-01T23:48:30+00:00,LOCO_02,locomotive,retrofitted,WS_02,
1428.5,2025-12-01T23:48:30+00:00,W0689,wagon,WS_02,,WS_02|retrofitted
1428.5,2025-12-01T23:48:30+00:00,W11268,wagon,WS_02,,WS_02|retrofitted
1433.5,2025-12-01T23:53:30+00:00,W0689,wagon,retrofitted,,
1433.5,2025-12-01T23:53:30+00:00,W11268,wagon,retrofitted,,
1433.5,2025-12-01T23:53:30+00:00,LOCO_02,locomotive,track_19,retrofitted,
1440.5,2025-12-02T00:00:30+00:00,LOCO_02,locomotive,retrofit,track_19,
1448.5,2025-12-02T00:08:30+00:00,LOCO_02,locomotive,WS_02,retrofit,
1448.5,2025-12-02T00:08:30+00:00,W10356,wagon,retrofit,,retrofit|WS_02
1448.5,2025-12-02T00:08:30+00:00,W6006,wagon,retrofit,,retrofit|WS_02
1453.5,2025-12-02T00:13:30+00:00,W10356,wagon,WS_02,,
1453.5,2025-12-02T00:13:30+00:00,W6006,wagon,WS_02,,
1459.5,2025-12-02T00:19:30+00:00,W10356,wagon,WS_02,,
1459.5,2025-12-02T00:19:30+00:00,W6006,wagon,WS_02,,
1459.5,2025-12-02T00:19:30+00:00,LOCO_02,locomotive,track_19,WS_02,
1464.5,2025-12-02T00:24:30+00:00,LOCO_02,locomotive,WS_01,track_19,
1471.5,2025-12-02T00:31:30+00:00,LOCO_02,locomotive,retrofitted,WS_01,
1471.5,2025-12-02T00:31:30+00:00,W11509,wagon,WS_01,,WS_01|retrofitted
1471.5,2025-12-02T00:31:30+00:00,W6557,wagon,WS_01,,WS_01|retrofitted
1476.5,2025-12-02T00:36:30+00:00,W11509,wagon,retrofitted,,
1476.5,2025-12-02T00:36:30+00:00,W6557,wagon,retrofitted,,
1476.5,2025-12-02T00:36:30+00:00,LOCO_02,locomotive,track_19,retrofitted,
1479.0,2025-12-02T00:39:00+00:00,W9868,wagon,collection1,,
1479.0,2025-12-02T00:39:00+00:00,W12060,wagon,collection1,,
1479.0,2025-12-02T00:39:00+00:00,W12210,wagon,collection1,,
1479.0,2025-12-02T00:39:00+00:00,W8636,wagon,collection1,,
1479.0,2025-12-02T00:39:00+00:00,W10949,wagon,collection1,,
1479.0,2025-12-02T00:39:00+00:00,W8631,wagon,collection1,,
1483.5,2025-12-02T00:43:30+00:00,LOCO_02,locomotive,retrofit,track_19,
1491.5,2025-12-02T00:51:30+00:00,LOCO_02,locomotive,WS_01,retrofit,
1491.5,2025-12-02T00:51:30+00:00,W4440,wagon,retrofit,,retrofit|WS_01
1491.5,2025-12-02T00:51:30+00:00,W10383,wagon,retrofit,,retrofit|WS_01
1496.5,2025-12-02T00:56:30+00:00,W4440,wagon,WS_01,,
1496.5,2025-12-02T00:56:30+00:00,W10383,wagon,WS_01,,
1502.5,2025-12-02T01:02:30+00:00,W4440,wagon,WS_01,,
1502.5,2025-12-02T01:02:30+00:00,W10383,wagon,WS_01,,
1502.5,2025-12-02T01:02:30+00:00,LOCO_02,locomotive,track_19,WS_01,
1507.5,2025-12-02T01:07:30+00:00,LOCO_02,locomotive,collection1,track_19,
1509.0,2025-12-02T01:09:00+00:00,W9392,wagon,collection1,,
1509.0,2025-12-02T01:09:00+00:00,W9274,wagon,collection1,,
1509.0,2025-12-02T01:09:00+00:00,W8613,wagon,collection1,,
1509.0,2025-12-02T01:09:00+00:00,W10130,wagon,collection1,,
1509.0,2025-12-02T01:09:00+00:00,W9721,wagon,collection1,,
1509.0,2025-12-02T01:09:00+00:00,W9756,wagon,collection1,,
1526.5,2025-12-02T01:26:30+00:00,W9460,wagon,parking16,,
1526.5,2025-12-02T01:26:30+00:00,W9445,wagon,parking16,,
1526.5,2025-12-02T01:26:30+00:00,W10704,wagon,parking16,,
1526.5,2025-12-02T01:26:30+00:00,W3675,wagon,parking16,,
1526.5,2025-12-02T01:26:30+00:00,W7132,wagon,parking16,,
1526.5,2025-12-02T01:26:30+00:00,W8934,wagon,parking16,,
1526.5,2025-12-02T01:26:30+00:00,LOCO_01,locomotive,track_19,parking16,
1586.5,2025-12-02T02:26:30+00:00,LOCO_02,locomotive,retrofit,collection1,
1586.5,2025-12-02T02:26:30+00:00,W7970,wagon,collection1,,collection1|Mainline|retrofit
1586.5,2025-12-02T02:26:30+00:00,W4849,wagon,collection1,,collection1|Mainline|retrofit
1586.5,2025-12-02T02:26:30+00:00,W2967,wagon,collection1,,collection1|Mainline|retrofit
1586.5,2025-12-02T02:26:30+00:00,W9776,wagon,collection1,,collection1|Mainline|retrofit
1586.5,2025-12-02T02:26:30+00:00,W12208,wagon,collection1,,collection1|Mainline|retrofit
1586.5,2025-12-02T02:26:30+00:00,W11348,wagon,collection1,,collection1|Mainline|retrofit
1586.5,2025-12-02T02:26:30+00:00,W12037,wagon,collection1,,collection1|Mainline|retrofit
1586.5,2025-12-02T02:26:30+00:00,W0440,wagon,collection1,,collection1|Mainline|retrofit
1586.5,2025-12-02T02:26:30+00:00,W11988,wagon,collection1,,collection1|Mainline|retrofit
1586.5,2025-12-02T02:26:30+00:00,LOCO_01,locomotive,WS_02,track_19,
1593.5,2025-12-02T02:33:30+00:00,LOCO_01,locomotive,retrofitted,WS_02,
1593.5,2025-12-02T02:33:30+00:00,W10356,wagon,WS_02,,WS_02|retrofitted
1593.5,2025-12-02T02:33:30+00:00,W6006,wagon,WS_02,,WS_02|retrofitted
1598.5,2025-12-02T02:38:30+00:00,W10356,wagon,retrofitted,,
1598.5,2025-12-02T02:38:30+00:00,W6006,wagon,retrofitted,,
1598.5,2025-12-02T02:38:30+00:00,LOCO_01,locomotive,track_19,retrofitted,
1602.5,2025-12-02T02:42:30+00:00,W11467,wagon,collection2,,
1602.5,2025-12-02T02:42:30+00:00,W10354,wagon,collection2,,
1602.5,2025-12-02T02:42:30+00:00,W3950,wagon,collection2,,
1602.5,2025-12-02T02:42:30+00:00,W7997,wagon,collection2,,
1602.5,2025-12-02T02:42:30+00:00,W8626,wagon,collection2,,
1603.5,2025-12-02T02:43:30+00:00,LOCO_01,locomotive,WS_01,track_19,
1610.5,2025-12-02T02:50:30+00:00,LOCO_01,locomotive,retrofitted,WS_01,
1610.5,2025-12-02T02:50:30+00:00,W4440,wagon,WS_01,,WS_01|retrofitted
1610.5,2025-12-02T02:50:30+00:00,W10383,wagon,WS_01,,WS_01|retrofitted
1615.5,2025-12-02T02:55:30+00:00,W4440,wagon,retrofitted,,
1615.5,2025-12-02T02:55:30+00:00,W10383,wagon,retrofitted,,
1615.5,2025-12-02T02:55:30+00:00,LOCO_01,locomotive,track_19,retrofitted,
1622.5,2025-12-02T03:02:30+00:00,LOCO_01,locomotive,retrofit,track_19,
1630.5,2025-12-02T03:10:30+00:00,LOCO_01,locomotive,WS_02,retrofit,
1630.5,2025-12-02T03:10:30+00:00,W2238,wagon,retrofit,,retrofit|WS_02
1630.5,2025-12-02T03:10:30+00:00,W0047,wagon,retrofit,,retrofit|WS_02
1635.5,2025-12-02T03:15:30+00:00,W2238,wagon,WS_02,,
1635.5,2025-12-02T03:15:30+00:00,W0047,wagon,WS_02,,
1641.5,2025-12-02T03:21:30+00:00,W2238,wagon,WS_02,,
1641.5,2025-12-02T03:21:30+00:00,W0047,wagon,WS_02,,
1641.5,2025-12-02T03:21:30+00:00,LOCO_01,locomotive,track_19,WS_02,
1646.5,2025-12-02T03:26:30+00:00,W7970,wagon,retrofit,,
1646.5,2025-12-02T03:26:30+00:00,W4849,wagon,retrofit,,
1646.5,2025-12-02T03:26:30+00:00,W2967,wagon,retrofit,,
1646.5,2025-12-02T03:26:30+00:00,W9776,wagon,retrofit,,
1646.5,2025-12-02T03:26:30+00:00,W12208,wagon,retrofit,,
1646.5,2025-12-02T03:26:30+00:00,W11348,wagon,retrofit,,
1646.5,2025-12-02T03:26:30+00:00,W12037,wagon,retrofit,,
1646.5,2025-12-02T03:26:30+00:00,W0440,wagon,retrofit,,
1646.5,2025-12-02T03:26:30+00:00,W11988,wagon,retrofit,,
1648.5,2025-12-02T03:28:30+00:00,LOCO_01,locomotive,retrofit,track_19,
1656.5,2025-12-02T03:36:30+00:00,LOCO_01,locomotive,WS_01,retrofit,
1656.5,2025-12-02T03:36:30+00:00,W0049,wagon,retrofit,,retrofit|WS_01
1656.5,2025-12-02T03:36:30+00:00,W2535,wagon,retrofit,,retrofit|WS_01
1661.5,2025-12-02T03:41:30+00:00,W0049,wagon,WS_01,,
1661.5,2025-12-02T03:41:30+00:00,W2535,wagon,WS_01,,
1667.5,2025-12-02T03:47:30+00:00,W0049,wagon,WS_01,,
1667.5,2025-12-02T03:47:30+00:00,W2535,wagon,WS_01,,
1667.5,2025-12-02T03:47:30+00:00,LOCO_01,locomotive,track_19,WS_01,
1672.5,2025-12-02T03:52:30+00:00,LOCO_01,locomotive,retrofitted,track_19,
1682.5,2025-12-02T04:02:30+00:00,LOCO_01,locomotive,parking16,retrofitted,
1687.25,2025-12-02T04:07:15+00:00,W9174,wagon,collection1,,
1687.25,2025-12-02T04:07:15+00:00,W9169,wagon,collection2,,
1687.25,2025-12-02T04:07:15+00:00,W9173,wagon,collection2,,
1697.5,2025-12-02T04:17:30+00:00,LOCO_02,locomotive,track_19,retrofit,
1702.5,2025-12-02T04:22:30+00:00,LOCO_02,locomotive,WS_02,track_19,
1709.5,2025-12-02T04:29:30+00:00,LOCO_02,locomotive,retrofitted,WS_02,
1709.5,2025-12-02T04:29:30+00:00,W2238,wagon,WS_02,,WS_02|retrofitted
1709.5,2025-12-02T04:29:30+00:00,W0047,wagon,WS_02,,WS_02|retrofitted
1714.5,2025-12-02T04:34:30+00:00,W2238,wagon,retrofitted,,
1714.5,2025-12-02T04:34:30+00:00,W0047,wagon,retrofitted,,
1714.5,2025-12-02T04:34:30+00:00,LOCO_02,locomotive,track_19,retrofitted,
1721.5,2025-12-02T04:41:30+00:00,LOCO_02,locomotive,retrofit,track_19,
1729.5,2025-12-02T04:49:30+00:00,LOCO_02,locomotive,WS_02,retrofit,
1729.5,2025-12-02T04:49:30+00:00,W7970,wagon,retrofit,,retrofit|WS_02
1729.5,2025-12-02T04:49:30+00:00,W4849,wagon,retrofit,,retrofit|WS_02
1734.5,2025-12-02T04:54:30+00:00,W7970,wagon,WS_02,,
1734.5,2025-12-02T04:54:30+00:00,W4849,wagon,WS_02,,
1740.5,2025-12-02T05:00:30+00:00,W7970,wagon,WS_02,,
1740.5,2025-12-02T05:00:30+00:00,W4849,wagon,WS_02,,
1740.5,2025-12-02T05:00:30+00:00,LOCO_02,locomotive,track_19,WS_02,
1745.5,2025-12-02T05:05:30+00:00,LOCO_02,locomotive,WS_01,track_19,
1752.5,2025-12-02T05:12:30+00:00,LOCO_02,locomotive,retrofitted,WS_01,
1752.5,2025-12-02T05:12:30+00:00,W0049,wagon,WS_01,,WS_01|retrofitted
1752.5,2025-12-02T05:12:30+00:00,W2535,wagon,WS_01,,WS_01|retrofitted
1757.5,2025-12-02T05:17:30+00:00,W0049,wagon,retrofitted,,
1757.5,2025-12-02T05:17:30+00:00,W2535,wagon,retrofitted,,
1757.5,2025-12-02T05:17:30+00:00,LOCO_02,locomotive,track_19,retrofitted,
1762.5,2025-12-02T05:22:30+00:00,LOCO_02,locomotive,collection2,track_19,
1767.0,2025-12-02T05:27:00+00:00,W6140,wagon,collection1,,
1810.0,2025-12-02T06:10:00+00:00,W6253,wagon,parking16,,
1810.0,2025-12-02T06:10:00+00:00,W7747,wagon,parking16,,
1810.0,2025-12-02T06:10:00+00:00,W10546,wagon,parking16,,
1810.0,2025-12-02T06:10:00+00:00,W7222,wagon,parking16,,
1810.0,2025-12-02T06:10:00+00:00,W0689,wagon,parking16,,
1810.0,2025-12-02T06:10:00+00:00,W11268,wagon,parking16,,
1810.0,2025-12-02T06:10:00+00:00,W11509,wagon,parking16,,
1810.0,2025-12-02T06:10:00+00:00,W6557,wagon,parking16,,
1810.0,2025-12-02T06:10:00+00:00,LOCO_01,locomotive,track_19,parking16,
1829.5,2025-12-02T06:29:30+00:00,LOCO_02,locomotive,retrofit,collection2,
1829.5,2025-12-02T06:29:30+00:00,W11467,wagon,collection2,,collection2|Mainline|retrofit
1829.5,2025-12-02T06:29:30+00:00,W10354,wagon,collection2,,collection2|Mainline|retrofit
1829.5,2025-12-02T06:29:30+00:00,W3950,wagon,collection2,,collection2|Mainline|retrofit
1853.5,2025-12-02T06:53:30+00:00,W10364,wagon,collection1,,
1853.5,2025-12-02T06:53:30+00:00,W6077,wagon,collection1,,
1870.0,2025-12-02T07:10:00+00:00,W9270,wagon,collection2,,
1870.0,2025-12-02T07:10:00+00:00,W9276,wagon,collection2,,
1870.0,2025-12-02T07:10:00+00:00,W11578,wagon,collection2,,
1870.0,2025-12-02T07:10:00+00:00,LOCO_01,locomotive,WS_02,track_19,
1877.0,2025-12-02T07:17:00+00:00,LOCO_01,locomotive,retrofitted,WS_02,
1877.0,2025-12-02T07:17:00+00:00,W7970,wagon,WS_02,,WS_02|retrofitted
1877.0,2025-12-02T07:17:00+00:00,W4849,wagon,WS_02,,WS_02|retrofitted
1882.0,2025-12-02T07:22:00+00:00,W7970,wagon,retrofitted,,
1882.0,2025-12-02T07:22:00+00:00,W4849,wagon,retrofitted,,
1882.0,2025-12-02T07:22:00+00:00,LOCO_01,locomotive,track_19,retrofitted,
1889.0,2025-12-02T07:29:00+00:00,LOCO_01,locomotive,retrofit,track_19,
1889.5,2025-12-02T07:29:30+00:00,W11467,wagon,retrofit,,
1889.5,2025-12-02T07:29:30+00:00,W10354,wagon,retrofit,,
1889.5,2025-12-02T07:29:30+00:00,W3950,wagon,retrofit,,
1897.0,2025-12-02T07:37:00+00:00,LOCO_01,locomotive,WS_01,retrofit,
1897.0,2025-12-02T07:37:00+00:00,W2967,wagon,retrofit,,retrofit|WS_01
1897.0,2025-12-02T07:37:00+00:00,W9776,wagon,retrofit,,retrofit|WS_01
1902.0,2025-12-02T07:42:00+00:00,W2967,wagon,WS_01,,
1902.0,2025-12-02T07:42:00+00:00,W9776,wagon,WS_01,,
1904.5,2025-12-02T07:44:30+00:00,LOCO_02,locomotive,track_19,retrofit,
1908.0,2025-12-02T07:48:00+00:00,W2967,wagon,WS_01,,
1908.0,2025-12-02T07:48:00+00:00,W9776,wagon,WS_01,,
1908.0,2025-12-02T07:48:00+00:00,LOCO_01,locomotive,track_19,WS_01,
1911.5,2025-12-02T07:51:30+00:00,LOCO_02,locomotive,retrofit,track_19,
1913.0,2025-12-02T07:53:00+00:00,LOCO_01,locomotive,retrofitted,track_19,
1919.5,2025-12-02T07:59:30+00:00,LOCO_02,locomotive,WS_02,retrofit,
1919.5,2025-12-02T07:59:30+00:00,W12208,wagon,retrofit,,retrofit|WS_02
1919.5,2025-12-02T07:59:30+00:00,W11348,wagon,retrofit,,retrofit|WS_02
1923.0,2025-12-02T08:03:00+00:00,LOCO_01,locomotive,parking16,retrofitted,
1924.5,2025-12-02T08:04:30+00:00,W12208,wagon,WS_02,,
1924.5,2025-12-02T08:04:30+00:00,W11348,wagon,WS_02,,
1930.5,2025-12-02T08:10:30+00:00,W12208,wagon,WS_02,,
1930.5,2025-12-02T08:10:30+00:00,W11348,wagon,WS_02,,
1930.5,2025-12-02T08:10:30+00:00,LOCO_02,locomotive,track_19,WS_02,
1965.25,2025-12-02T08:45:15+00:00,W0623,wagon,collection2,,
1965.25,2025-12-02T08:45:15+00:00,W11970,wagon,collection2,,
1968.5,2025-12-02T08:48:30+00:00,LOCO_02,locomotive,WS_01,track_19,
1975.5,2025-12-02T08:55:30+00:00,LOCO_02,locomotive,retrofitted,WS_01,
1975.5,2025-12-02T08:55:30+00:00,W2967,wagon,WS_01,,WS_01|retrofitted
1975.5,2025-12-02T08:55:30+00:00,W9776,wagon,WS_01,,WS_01|retrofitted
1980.5,2025-12-02T09:00:30+00:00,W2967,wagon,retrofitted,,
1980.5,2025-12-02T09:00:30+00:00,W9776,wagon,retrofitted,,
1980.5,2025-12-02T09:00:30+00:00,LOCO_02,locomotive,track_19,retrofitted,
1987.5,2025-12-02T09:07:30+00:00,LOCO_02,locomotive,retrofit,track_19,
1995.5,2025-12-02T09:15:30+00:00,LOCO_02,locomotive,WS_01,retrofit,
1995.5,2025-12-02T09:15:30+00:00,W12037,wagon,retrofit,,retrofit|WS_01
1995.5,2025-12-02T09:15:30+00:00,W0440,wagon,retrofit,,retrofit|WS_01
2000.5,2025-12-02T09:20:30+00:00,W12037,wagon,WS_01,,
2000.5,2025-12-02T09:20:30+00:00,W0440,wagon,WS_01,,
2006.5,2025-12-02T09:26:30+00:00,W12037,wagon,WS_01,,
2006.5,2025-12-02T09:26:30+00:00,W0440,wagon,WS_01,,
2006.5,2025-12-02T09:26:30+00:00,LOCO_02,locomotive,track_19,WS_01,
2011.5,2025-12-02T09:31:30+00:00,LOCO_02,locomotive,WS_02,track_19,
2018.5,2025-12-02T09:38:30+00:00,LOCO_02,locomotive,retrofitted,WS_02,
2018.5,2025-12-02T09:38:30+00:00,W12208,wagon,WS_02,,WS_02|retrofitted
2018.5,2025-12-02T09:38:30+00:00,W11348,wagon,WS_02,,WS_02|retrofitted
2023.5,2025-12-02T09:43:30+00:00,W12208,wagon,retrofitted,,
2023.5,2025-12-02T09:43:30+00:00,W11348,wagon,retrofitted,,
2023.5,2025-12-02T09:43:30+00:00,LOCO_02,locomotive,track_19,retrofitted,
2030.5,2025-12-02T09:50:30+00:00,LOCO_02,locomotive,retrofit,track_19,
2038.5,2025-12-02T09:58:30+00:00,LOCO_02,locomotive,WS_02,retrofit,
2038.5,2025-12-02T09:58:30+00:00,W11988,wagon,retrofit,,retrofit|WS_02
2038.5,2025-12-02T09:58:30+00:00,W11467,wagon,retrofit,,retrofit|WS_02
2043.5,2025-12-02T10:03:30+00:00,W11988,wagon,WS_02,,
2043.5,2025-12-02T10:03:30+00:00,W11467,wagon,WS_02,,
2049.5,2025-12-02T10:09:30+00:00,W11988,wagon,WS_02,,
2049.5,2025-12-02T10:09:30+00:00,W11467,wagon,WS_02,,
2049.5,2025-12-02T10:09:30+00:00,LOCO_02,locomotive,track_19,WS_02,
2050.5,2025-12-02T10:10:30+00:00,W10356,wagon,parking16,,
2050.5,2025-12-02T10:10:30+00:00,W6006,wagon,parking16,,
2050.5,2025-12-02T10:10:30+00:00,W4440,wagon,parking16,,
2050.5,2025-12-02T10:10:30+00:00,W10383,wagon,parking16,,
2050.5,2025-12-02T10:10:30+00:00,W2238,wagon,parking16,,
2050.5,2025-12-02T10:10:30+00:00,W0047,wagon,parking16,,
2050.5,2025-12-02T10:10:30+00:00,W0049,wagon,parking16,,
2050.5,2025-12-02T10:10:30+00:00,W2535,wagon,parking16,,
2050.5,2025-12-02T10:10:30+00:00,LOCO_01,locomotive,track_19,parking16,
2054.5,2025-12-02T10:14:30+00:00,LOCO_02,locomotive,collection1,track_19,
2110.5,2025-12-02T11:10:30+00:00,LOCO_01,locomotive,WS_01,track_19,
2117.5,2025-12-02T11:17:30+00:00,LOCO_01,locomotive,retrofitted,WS_01,
2117.5,2025-12-02T11:17:30+00:00,W12037,wagon,WS_01,,WS_01|retrofitted
2117.5,2025-12-02T11:17:30+00:00,W0440,wagon,WS_01,,WS_01|retrofitted
2121.5,2025-12-02T11:21:30+00:00,LOCO_02,locomotive,retrofit,collection1,
2121.5,2025-12-02T11:21:30+00:00,W12260,wagon,collection1,,collection1|Mainline|retrofit
2121.5,2025-12-02T11:21:30+00:00,W0130,wagon,collection1,,collection1|Mainline|retrofit
2121.5,2025-12-02T11:21:30+00:00,W9352,wagon,collection1,,collection1|Mainline|retrofit
2122.5,2025-12-02T11:22:30+00:00,W12037,wagon,retrofitted,,
2122.5,2025-12-02T11:22:30+00:00,W0440,wagon,retrofitted,,
2122.5,2025-12-02T11:22:30+00:00,LOCO_01,locomotive,track_19,retrofitted,
2127.5,2025-12-02T11:27:30+00:00,LOCO_01,locomotive,WS_02,track_19,
2134.5,2025-12-02T11:34:30+00:00,LOCO_01,locomotive,retrofitted,WS_02,
2134.5,2025-12-02T11:34:30+00:00,W11988,wagon,WS_02,,WS_02|retrofitted
2134.5,2025-12-02T11:34:30+00:00,W11467,wagon,WS_02,,WS_02|retrofitted
2138.0,2025-12-02T11:38:00+00:00,W3173,wagon,collection2,,
2138.0,2025-12-02T11:38:00+00:00,W5038,wagon,collection2,,
2138.0,2025-12-02T11:38:00+00:00,W11261,wagon,collection2,,
2138.0,2025-12-02T11:38:00+00:00,W11259,wagon,collection2,,
2138.0,2025-12-02T11:38:00+00:00,W5167,wagon,collection2,,
2138.0,2025-12-02T11:38:00+00:00,W4666,wagon,collection2,,
2138.0,2025-12-02T11:38:00+00:00,W11269,wagon,collection2,,
2138.0,2025-12-02T11:38:00+00:00,W3811,wagon,collection2,,
2138.0,2025-12-02T11:38:00+00:00,W2926,wagon,collection2,,
2138.0,2025-12-02T11:38:00+00:00,W5391,wagon,collection2,,
2138.0,2025-12-02T11:38:00+00:00,W6682,wagon,collection2,,
2138.0,2025-12-02T11:38:00+00:00,W11256,wagon,collection2,,
2138.0,2025-12-02T11:38:00+00:00,W10892,wagon,collection2,,
2139.5,2025-12-02T11:39:30+00:00,W11988,wagon,retrofitted,,
2139.5,2025-12-02T11:39:30+00:00,W11467,wagon,retrofitted,,
2139.5,2025-12-02T11:39:30+00:00,LOCO_01,locomotive,track_19,retrofitted,
2146.5,2025-12-02T11:46:30+00:00,LOCO_01,locomotive,retrofit,track_19,
2149.75,2025-12-02T11:49:45+00:00,W1906,wagon,collection2,,
2154.5,2025-12-02T11:54:30+00:00,LOCO_01,locomotive,WS_01,retrofit,
2154.5,2025-12-02T11:54:30+00:00,W10354,wagon,retrofit,,retrofit|WS_01
2154.5,2025-12-02T11:54:30+00:00,W3950,wagon,retrofit,,retrofit|WS_01
2158.0,2025-12-02T11:58:00+00:00,W1158,wagon,collection2,,
2158.0,2025-12-02T11:58:00+00:00,W1139,wagon,collection2,,
2158.0,2025-12-02T11:58:00+00:00,W1149,wagon,collection2,,
2158.0,2025-12-02T11:58:00+00:00,W1150,wagon,collection2,,
2158.0,2025-12-02T11:58:00+00:00,W1151,wagon,collection2,,
2158.0,2025-12-02T11:58:00+00:00,W1152,wagon,collection2,,
2159.5,2025-12-02T11:59:30+00:00,W10354,wagon,WS_01,,
2159.5,2025-12-02T11:59:30+00:00,W3950,wagon,WS_01,,
2165.5,2025-12-02T12:05:30+00:00,W10354,wagon,WS_01,,
2165.5,2025-12-02T12:05:30+00:00,W3950,wagon,WS_01,,
2165.5,2025-12-02T12:05:30+00:00,LOCO_01,locomotive,track_19,WS_01,
2170.5,2025-12-02T12:10:30+00:00,LOCO_01,locomotive,collection2,track_19,
2181.5,2025-12-02T12:21:30+00:00,W12260,wagon,retrofit,,
2181.5,2025-12-02T12:21:30+00:00,W0130,wagon,retrofit,,
2181.5,2025-12-02T12:21:30+00:00,W9352,wagon,retrofit,,
2196.5,2025-12-02T12:36:30+00:00,LOCO_02,locomotive,track_19,retrofit,
2203.5,2025-12-02T12:43:30+00:00,LOCO_02,locomotive,retrofit,track_19,
2211.5,2025-12-02T12:51:30+00:00,LOCO_02,locomotive,WS_02,retrofit,
2211.5,2025-12-02T12:51:30+00:00,W12260,wagon,retrofit,,retrofit|WS_02
2211.5,2025-12-02T12:51:30+00:00,W0130,wagon,retrofit,,retrofit|WS_02
2216.5,2025-12-02T12:56:30+00:00,W12260,wagon,WS_02,,
2216.5,2025-12-02T12:56:30+00:00,W0130,wagon,WS_02,,
2222.5,2025-12-02T13:02:30+00:00,W12260,wagon,WS_02,,
2222.5,2025-12-02T13:02:30+00:00,W0130,wagon,WS_02,,
2222.5,2025-12-02T13:02:30+00:00,LOCO_02,locomotive,track_19,WS_02,
2227.5,2025-12-02T13:07:30+00:00,LOCO_02,locomotive,WS_01,track_19,
2234.5,2025-12-02T13:14:30+00:00,LOCO_02,locomotive,retrofitted,WS_01,
2234.5,2025-12-02T13:14:30+00:00,W10354,wagon,WS_01,,WS_01|retrofitted
2234.5,2025-12-02T13:14:30+00:00,W3950,wagon,WS_01,,WS_01|retrofitted
2239.5,2025-12-02T13:19:30+00:00,W10354,wagon,retrofitted,,
2239.5,2025-12-02T13:19:30+00:00,W3950,wagon,retrofitted,,
2239.5,2025-12-02T13:19:30+00:00,LOCO_02,locomotive,track_19,retrofitted,
2244.5,2025-12-02T13:24:30+00:00,LOCO_02,locomotive,retrofitted,track_19,
2245.5,2025-12-02T13:25:30+00:00,LOCO_01,locomotive,retrofit,collection2,
2245.5,2025-12-02T13:25:30+00:00,W7997,wagon,collection2,,collection2|Mainline|retrofit
2245.5,2025-12-02T13:25:30+00:00,W8626,wagon,collection2,,collection2|Mainline|retrofit
2245.5,2025-12-02T13:25:30+00:00,W9169,wagon,collection2,,collection2|Mainline|retrofit
2245.5,2025-12-02T13:25:30+00:00,W9173,wagon,collection2,,collection2|Mainline|retrofit
2245.5,2025-12-02T13:25:30+00:00,W9270,wagon,collection2,,collection2|Mainline|retrofit
2245.5,2025-12-02T13:25:30+00:00,W9276,wagon,collection2,,collection2|Mainline|retrofit
2245.5,2025-12-02T13:25:30+00:00,W11578,wagon,collection2,,collection2|Mainline|retrofit
2253.5,2025-12-02T13:33:30+00:00,LOCO_02,locomotive,parking16,retrofitted,
2258.0,2025-12-02T13:38:00+00:00,W11254,wagon,collection1,,
2258.0,2025-12-02T13:38:00+00:00,W10878,wagon,collection1,,
2258.0,2025-12-02T13:38:00+00:00,W10889,wagon,collection1,,
2303.75,2025-12-02T14:23:45+00:00,W11320,wagon,collection1,,
2303.75,2025-12-02T14:23:45+00:00,W5833,wagon,collection1,,
2303.75,2025-12-02T14:23:45+00:00,W6096,wagon,collection1,,
2303.75,2025-12-02T14:23:45+00:00,W0874,wagon,collection1,,
2303.75,2025-12-02T14:23:45+00:00,W10689,wagon,collection1,,
2303.75,2025-12-02T14:23:45+00:00,W5838,wagon,collection1,,
2303.75,2025-12-02T14:23:45+00:00,W11241,wagon,collection1,,
2303.75,2025-12-02T14:23:45+00:00,W2444,wagon,collection1,,
2305.5,2025-12-02T14:25:30+00:00,W7997,wagon,retrofit,,
2305.5,2025-12-02T14:25:30+00:00,W8626,wagon,retrofit,,
2305.5,2025-12-02T14:25:30+00:00,W9169,wagon,retrofit,,
2305.5,2025-12-02T14:25:30+00:00,W9173,wagon,retrofit,,
2305.5,2025-12-02T14:25:30+00:00,W9270,wagon,retrofit,,
2305.5,2025-12-02T14:25:30+00:00,W9276,wagon,retrofit,,
2305.5,2025-12-02T14:25:30+00:00,W11578,wagon,retrofit,,
2324.25,2025-12-02T14:44:15+00:00,W9329,wagon,collection1,,
2344.5,2025-12-02T15:04:30+00:00,LOCO_01,locomotive,track_19,retrofit,
2349.5,2025-12-02T15:09:30+00:00,LOCO_01,locomotive,WS_02,track_19,
2356.5,2025-12-02T15:16:30+00:00,LOCO_01,locomotive,retrofitted,WS_02,
2356.5,2025-12-02T15:16:30+00:00,W12260,wagon,WS_02,,WS_02|retrofitted
2356.5,2025-12-02T15:16:30+00:00,W0130,wagon,WS_02,,WS_02|retrofitted
2361.5,2025-12-02T15:21:30+00:00,W12260,wagon,retrofitted,,
2361.5,2025-12-02T15:21:30+00:00,W0130,wagon,retrofitted,,
2361.5,2025-12-02T15:21:30+00:00,LOCO_01,locomotive,track_19,retrofitted,
2366.5,2025-12-02T15:26:30+00:00,LOCO_01,locomotive,retrofit,track_19,
2374.5,2025-12-02T15:34:30+00:00,LOCO_01,locomotive,WS_01,retrofit,
2374.5,2025-12-02T15:34:30+00:00,W9352,wagon,retrofit,,retrofit|WS_01
2379.0,2025-12-02T15:39:00+00:00,W7970,wagon,parking16,,
2379.0,2025-12-02T15:39:00+00:00,W4849,wagon,parking16,,
2379.0,2025-12-02T15:39:00+00:00,W2967,wagon,parking16,,
2379.0,2025-12-02T15:39:00+00:00,W9776,wagon,parking16,,
2379.0,2025-12-02T15:39:00+00:00,W12208,wagon,parking16,,
2379.0,2025-12-02T15:39:00+00:00,W11348,wagon,parking16,,
2379.0,2025-12-02T15:39:00+00:00,LOCO_02,locomotive,track_19,parking16,
2379.5,2025-12-02T15:39:30+00:00,W9352,wagon,WS_01,,
2382.5,2025-12-02T15:42:30+00:00,W9352,wagon,WS_01,,
2382.5,2025-12-02T15:42:30+00:00,LOCO_01,locomotive,track_19,WS_01,
2389.5,2025-12-02T15:49:30+00:00,LOCO_01,locomotive,retrofit,track_19,
2397.5,2025-12-02T15:57:30+00:00,LOCO_01,locomotive,WS_02,retrofit,
2397.5,2025-12-02T15:57:30+00:00,W7997,wagon,retrofit,,retrofit|WS_02
2397.5,2025-12-02T15:57:30+00:00,W8626,wagon,retrofit,,retrofit|WS_02
2402.5,2025-12-02T16:02:30+00:00,W7997,wagon,WS_02,,
2402.5,2025-12-02T16:02:30+00:00,W8626,wagon,WS_02,,
2408.5,2025-12-02T16:08:30+00:00,W7997,wagon,WS_02,,
2408.5,2025-12-02T16:08:30+00:00,W8626,wagon,WS_02,,
2408.5,2025-12-02T16:08:30+00:00,LOCO_01,locomotive,track_19,WS_02,
2439.0,2025-12-02T16:39:00+00:00,LOCO_01,locomotive,retrofitted,track_19,
2442.5,2025-12-02T16:42:30+00:00,LOCO_02,locomotive,WS_01,track_19,
2449.0,2025-12-02T16:49:00+00:00,LOCO_01,locomotive,parking16,retrofitted,
2449.0,2025-12-02T16:49:00+00:00,LOCO_02,locomotive,retrofitted,WS_01,
2449.0,2025-12-02T16:49:00+00:00,W9352,wagon,WS_01,,WS_01|retrofitted
2454.0,2025-12-02T16:54:00+00:00,W9352,wagon,retrofitted,,
2454.0,2025-12-02T16:54:00+00:00,LOCO_02,locomotive,track_19,retrofitted,
2461.0,2025-12-02T17:01:00+00:00,LOCO_02,locomotive,retrofit,track_19,
2469.0,2025-12-02T17:09:00+00:00,LOCO_02,locomotive,WS_01,retrofit,
2469.0,2025-12-02T17:09:00+00:00,W9169,wagon,retrofit,,retrofit|WS_01
2469.0,2025-12-02T17:09:00+00:00,W9173,wagon,retrofit,,retrofit|WS_01
2474.0,2025-12-02T17:14:00+00:00,W9169,wagon,WS_01,,
2474.0,2025-12-02T17:14:00+00:00,W9173,wagon,WS_01,,
2480.0,2025-12-02T17:20:00+00:00,W9169,wagon,WS_01,,
2480.0,2025-12-02T17:20:00+00:00,W9173,wagon,WS_01,,
2480.0,2025-12-02T17:20:00+00:00,LOCO_02,locomotive,track_19,WS_01,
2484.75,2025-12-02T17:24:45+00:00,W5978,wagon,collection2,,
2484.75,2025-12-02T17:24:45+00:00,W5686,wagon,collection2,,
2485.0,2025-12-02T17:25:00+00:00,LOCO_02,locomotive,WS_02,track_19,
2492.0,2025-12-02T17:32:00+00:00,LOCO_02,locomotive,retrofitted,WS_02,
2492.0,2025-12-02T17:32:00+00:00,W7997,wagon,WS_02,,WS_02|retrofitted
2492.0,2025-12-02T17:32:00+00:00,W8626,wagon,WS_02,,WS_02|retrofitted
2497.0,2025-12-02T17:37:00+00:00,W7997,wagon,retrofitted,,
2497.0,2025-12-02T17:37:00+00:00,W8626,wagon,retrofitted,,
2497.0,2025-12-02T17:37:00+00:00,LOCO_02,locomotive,track_19,retrofitted,
2502.0,2025-12-02T17:42:00+00:00,LOCO_02,locomotive,collection1,track_19,
2571.5,2025-12-02T18:51:30+00:00,W11361,wagon,collection2,,
2576.5,2025-12-02T18:56:30+00:00,W12037,wagon,parking16,,
2576.5,2025-12-02T18:56:30+00:00,W0440,wagon,parking16,,
2576.5,2025-12-02T18:56:30+00:00,W11988,wagon,parking16,,
2576.5,2025-12-02T18:56:30+00:00,W11467,wagon,parking16,,
2576.5,2025-12-02T18:56:30+00:00,W10354,wagon,parking16,,
2576.5,2025-12-02T18:56:30+00:00,W3950,wagon,parking16,,
2576.5,2025-12-02T18:56:30+00:00,W12260,wagon,parking16,,
2576.5,2025-12-02T18:56:30+00:00,W0130,wagon,parking16,,
2576.5,2025-12-02T18:56:30+00:00,LOCO_01,locomotive,track_19,parking16,
2579.0,2025-12-02T18:59:00+00:00,LOCO_02,locomotive,retrofit,collection1,
2579.0,2025-12-02T18:59:00+00:00,W2980,wagon,collection1,,collection1|Mainline|retrofit
2579.0,2025-12-02T18:59:00+00:00,W2406,wagon,collection1,,collection1|Mainline|retrofit
2579.0,2025-12-02T18:59:00+00:00,W2399,wagon,collection1,,collection1|Mainline|retrofit
2579.0,2025-12-02T18:59:00+00:00,W9868,wagon,collection1,,collection1|Mainline|retrofit
2579.0,2025-12-02T18:59:00+00:00,W12060,wagon,collection1,,collection1|Mainline|retrofit
2579.0,2025-12-02T18:59:00+00:00,W12210,wagon,collection1,,collection1|Mainline|retrofit
2579.0,2025-12-02T18:59:00+00:00,W8636,wagon,collection1,,collection1|Mainline|retrofit
2579.0,2025-12-02T18:59:00+00:00,W10949,wagon,collection1,,collection1|Mainline|retrofit
2636.5,2025-12-02T19:56:30+00:00,LOCO_01,locomotive,WS_01,track_19,
2639.0,2025-12-02T19:59:00+00:00,W2980,wagon,retrofit,,
2639.0,2025-12-02T19:59:00+00:00,W2406,wagon,retrofit,,
2639.0,2025-12-02T19:59:00+00:00,W2399,wagon,retrofit,,
2639.0,2025-12-02T19:59:00+00:00,W9868,wagon,retrofit,,
2639.0,2025-12-02T19:59:00+00:00,W12060,wagon,retrofit,,
2639.0,2025-12-02T19:59:00+00:00,W12210,wagon,retrofit,,
2639.0,2025-12-02T19:59:00+00:00,W8636,wagon,retrofit,,
2639.0,2025-12-02T19:59:00+00:00,W10949,wagon,retrofit,,
2643.5,2025-12-02T20:03:30+00:00,LOCO_01,locomotive,retrofitted,WS_01,
2643.5,2025-12-02T20:03:30+00:00,W9169,wagon,WS_01,,WS_01|retrofitted
2643.5,2025-12-02T20:03:30+00:00,W9173,wagon,WS_01,,WS_01|retrofitted
2648.5,2025-12-02T20:08:30+00:00,W9169,wagon,retrofitted,,
2648.5,2025-12-02T20:08:30+00:00,W9173,wagon,retrofitted,,
2648.5,2025-12-02T20:08:30+00:00,LOCO_01,locomotive,track_19,retrofitted,
2655.5,2025-12-02T20:15:30+00:00,LOCO_01,locomotive,retrofit,track_19,
2663.5,2025-12-02T20:23:30+00:00,LOCO_01,locomotive,WS_02,retrofit,
2663.5,2025-12-02T20:23:30+00:00,W9270,wagon,retrofit,,retrofit|WS_02
2663.5,2025-12-02T20:23:30+00:00,W9276,wagon,retrofit,,retrofit|WS_02
2668.5,2025-12-02T20:28:30+00:00,W9270,wagon,WS_02,,
2668.5,2025-12-02T20:28:30+00:00,W9276,wagon,WS_02,,
2674.5,2025-12-02T20:34:30+00:00,W9270,wagon,WS_02,,
2674.5,2025-12-02T20:34:30+00:00,W9276,wagon,WS_02,,
2674.5,2025-12-02T20:34:30+00:00,LOCO_01,locomotive,track_19,WS_02,
2681.5,2025-12-02T20:41:30+00:00,LOCO_01,locomotive,retrofit,track_19,
2684.0,2025-12-02T20:44:00+00:00,LOCO_02,locomotive,track_19,retrofit,
2689.0,2025-12-02T20:49:00+00:00,LOCO_02,locomotive,collection2,track_19,
2689.5,2025-12-02T20:49:30+00:00,LOCO_01,locomotive,WS_01,retrofit,
2689.5,2025-12-02T20:49:30+00:00,W11578,wagon,retrofit,,retrofit|WS_01
2689.5,2025-12-02T20:49:30+00:00,W2980,wagon,retrofit,,retrofit|WS_01
2694.5,2025-12-02T20:54:30+00:00,W11578,wagon,WS_01,,
2694.5,2025-12-02T20:54:30+00:00,W2980,wagon,WS_01,,
2700.5,2025-12-02T21:00:30+00:00,W11578,wagon,WS_01,,
2700.5,2025-12-02T21:00:30+00:00,W2980,wagon,WS_01,,
2700.5,2025-12-02T21:00:30+00:00,LOCO_01,locomotive,track_19,WS_01,
2705.5,2025-12-02T21:05:30+00:00,LOCO_01,locomotive,retrofitted,track_19,
2713.0,2025-12-02T21:13:00+00:00,LOCO_01,locomotive,parking16,retrofitted,
2717.75,2025-12-02T21:17:45+00:00,W2772,wagon,collection1,,
2717.75,2025-12-02T21:17:45+00:00,W3651,wagon,collection1,,
2717.75,2025-12-02T21:17:45+00:00,W4026,wagon,collection1,,
2717.75,2025-12-02T21:17:45+00:00,W2716,wagon,collection1,,
2717.75,2025-12-02T21:17:45+00:00,W11989,wagon,collection1,,
2717.75,2025-12-02T21:17:45+00:00,W10725,wagon,collection1,,
2717.75,2025-12-02T21:17:45+00:00,W10728,wagon,collection1,,
2752.0,2025-12-02T21:52:00+00:00,LOCO_02,locomotive,retrofit,collection2,
2752.0,2025-12-02T21:52:00+00:00,W0623,wagon,collection2,,collection2|Mainline|retrofit
2812.0,2025-12-02T22:52:00+00:00,W0623,wagon,retrofit,,
2815.0,2025-12-02T22:55:00+00:00,LOCO_02,locomotive,track_19,retrofit,
2820.0,2025-12-02T23:00:00+00:00,LOCO_02,locomotive,WS_02,track_19,
2827.0,2025-12-02T23:07:00+00:00,LOCO_02,locomotive,retrofitted,WS_02,
2827.0,2025-12-02T23:07:00+00:00,W9270,wagon,WS_02,,WS_02|retrofitted
2827.0,2025-12-02T23:07:00+00:00,W9276,wagon,WS_02,,WS_02|retrofitted
2832.0,2025-12-02T23:12:00+00:00,W9270,wagon,retrofitted,,
2832.0,2025-12-02T23:12:00+00:00,W9276,wagon,retrofitted,,
2832.0,2025-12-02T23:12:00+00:00,LOCO_02,locomotive,track_19,retrofitted,
2835.5,2025-12-02T23:15:30+00:00,W9352,wagon,parking16,,
2835.5,2025-12-02T23:15:30+00:00,W7997,wagon,parking16,,
2835.5,2025-12-02T23:15:30+00:00,W8626,wagon,parking16,,
2835.5,2025-12-02T23:15:30+00:00,LOCO_01,locomotive,track_19,parking16,
2837.0,2025-12-02T23:17:00+00:00,LOCO_02,locomotive,WS_01,track_19,
2844.0,2025-12-02T23:24:00+00:00,LOCO_02,locomotive,retrofitted,WS_01,
2844.0,2025-12-02T23:24:00+00:00,W11578,wagon,WS_01,,WS_01|retrofitted
2844.0,2025-12-02T23:24:00+00:00,W2980,wagon,WS_01,,WS_01|retrofitted
2844.75,2025-12-02T23:24:45+00:00,W7261,wagon,collection2,,
2849.0,2025-12-02T23:29:00+00:00,W11578,wagon,retrofitted,,
2849.0,2025-12-02T23:29:00+00:00,W2980,wagon,retrofitted,,
2849.0,2025-12-02T23:29:00+00:00,LOCO_02,locomotive,track_19,retrofitted,
2856.0,2025-12-02T23:36:00+00:00,LOCO_02,locomotive,retrofit,track_19,
2864.0,2025-12-02T23:44:00+00:00,LOCO_02,locomotive,WS_02,retrofit,
2864.0,2025-12-02T23:44:00+00:00,W2406,wagon,retrofit,,retrofit|WS_02
2864.0,2025-12-02T23:44:00+00:00,W2399,wagon,retrofit,,retrofit|WS_02
2869.0,2025-12-02T23:49:00+00:00,W2406,wagon,WS_02,,
2869.0,2025-12-02T23:49:00+00:00,W2399,wagon,WS_02,,
2875.0,2025-12-02T23:55:00+00:00,W2406,wagon,WS_02,,
2875.0,2025-12-02T23:55:00+00:00,W2399,wagon,WS_02,,
2875.0,2025-12-02T23:55:00+00:00,LOCO_02,locomotive,track_19,WS_02,
2882.0,2025-12-03T00:02:00+00:00,LOCO_02,locomotive,retrofit,track_19,
2890.0,2025-12-03T00:10:00+00:00,LOCO_02,locomotive,WS_01,retrofit,
2890.0,2025-12-03T00:10:00+00:00,W9868,wagon,retrofit,,retrofit|WS_01
2890.0,2025-12-03T00:10:00+00:00,W12060,wagon,retrofit,,retrofit|WS_01
2895.0,2025-12-03T00:15:00+00:00,W9868,wagon,WS_01,,
2895.0,2025-12-03T00:15:00+00:00,W12060,wagon,WS_01,,
2895.5,2025-12-03T00:15:30+00:00,LOCO_01,locomotive,collection1,track_19,
2901.0,2025-12-03T00:21:00+00:00,W9868,wagon,WS_01,,
2901.0,2025-12-03T00:21:00+00:00,W12060,wagon,WS_01,,
2901.0,2025-12-03T00:21:00+00:00,LOCO_02,locomotive,track_19,WS_01,
2906.0,2025-12-03T00:26:00+00:00,LOCO_02,locomotive,collection2,track_19,
2969.0,2025-12-03T01:29:00+00:00,LOCO_02,locomotive,retrofit,collection2,
2969.0,2025-12-03T01:29:00+00:00,W11970,wagon,collection2,,collection2|Mainline|retrofit
2970.5,2025-12-03T01:30:30+00:00,LOCO_01,locomotive,retrofit,collection1,
2970.5,2025-12-03T01:30:30+00:00,W8631,wagon,collection1,,collection1|Mainline|retrofit
2970.5,2025-12-03T01:30:30+00:00,W9392,wagon,collection1,,collection1|Mainline|retrofit
2970.5,2025-12-03T01:30:30+00:00,W9274,wagon,collection1,,collection1|Mainline|retrofit
2970.5,2025-12-03T01:30:30+00:00,W8613,wagon,collection1,,collection1|Mainline|retrofit
2970.5,2025-12-03T01:30:30+00:00,W10130,wagon,collection1,,collection1|Mainline|retrofit
2970.5,2025-12-03T01:30:30+00:00,W9721,wagon,collection1,,collection1|Mainline|retrofit
2970.5,2025-12-03T01:30:30+00:00,W9756,wagon,collection1,,collection1|Mainline|retrofit
3029.0,2025-12-03T02:29:00+00:00,W11970,wagon,retrofit,,
3030.5,2025-12-03T02:30:30+00:00,W8631,wagon,retrofit,,
3030.5,2025-12-03T02:30:30+00:00,W9392,wagon,retrofit,,
3030.5,2025-12-03T02:30:30+00:00,W9274,wagon,retrofit,,
3030.5,2025-12-03T02:30:30+00:00,W8613,wagon,retrofit,,
3030.5,2025-12-03T02:30:30+00:00,W10130,wagon,retrofit,,
3030.5,2025-12-03T02:30:30+00:00,W9721,wagon,retrofit,,
3030.5,2025-12-03T02:30:30+00:00,W9756,wagon,retrofit,,
3032.0,2025-12-03T02:32:00+00:00,LOCO_02,locomotive,track_19,retrofit,
3037.0,2025-12-03T02:37:00+00:00,LOCO_02,locomotive,WS_02,track_19,
3044.0,2025-12-03T02:44:00+00:00,LOCO_02,locomotive,retrofitted,WS_02,
3044.0,2025-12-03T02:44:00+00:00,W2406,wagon,WS_02,,WS_02|retrofitted
3044.0,2025-12-03T02:44:00+00:00,W2399,wagon,WS_02,,WS_02|retrofitted
3049.0,2025-12-03T02:49:00+00:00,W2406,wagon,retrofitted,,
3049.0,2025-12-03T02:49:00+00:00,W2399,wagon,retrofitted,,
3049.0,2025-12-03T02:49:00+00:00,LOCO_02,locomotive,track_19,retrofitted,
3054.0,2025-12-03T02:54:00+00:00,LOCO_02,locomotive,WS_01,track_19,
3061.0,2025-12-03T03:01:00+00:00,LOCO_02,locomotive,retrofitted,WS_01,
3061.0,2025-12-03T03:01:00+00:00,W9868,wagon,WS_01,,WS_01|retrofitted
3061.0,2025-12-03T03:01:00+00:00,W12060,wagon,WS_01,,WS_01|retrofitted
3064.0,2025-12-03T03:04:00+00:00,W11014,wagon,collection2,,
3064.0,2025-12-03T03:04:00+00:00,W9040,wagon,collection2,,
3064.0,2025-12-03T03:04:00+00:00,W9345,wagon,collection2,,
3066.0,2025-12-03T03:06:00+00:00,W9868,wagon,retrofitted,,
3066.0,2025-12-03T03:06:00+00:00,W12060,wagon,retrofitted,,
3066.0,2025-12-03T03:06:00+00:00,LOCO_02,locomotive,track_19,retrofitted,
3069.5,2025-12-03T03:09:30+00:00,LOCO_01,locomotive,track_19,retrofit,
3073.0,2025-12-03T03:13:00+00:00,LOCO_02,locomotive,retrofit,track_19,
3076.5,2025-12-03T03:16:30+00:00,LOCO_01,locomotive,retrofit,track_19,
3081.0,2025-12-03T03:21:00+00:00,LOCO_02,locomotive,WS_02,retrofit,
3081.0,2025-12-03T03:21:00+00:00,W12210,wagon,retrofit,,retrofit|WS_02
3081.0,2025-12-03T03:21:00+00:00,W8636,wagon,retrofit,,retrofit|WS_02
3084.5,2025-12-03T03:24:30+00:00,LOCO_01,locomotive,WS_01,retrofit,
3084.5,2025-12-03T03:24:30+00:00,W10949,wagon,retrofit,,retrofit|WS_01
3084.5,2025-12-03T03:24:30+00:00,W0623,wagon,retrofit,,retrofit|WS_01
3086.0,2025-12-03T03:26:00+00:00,W12210,wagon,WS_02,,
3086.0,2025-12-03T03:26:00+00:00,W8636,wagon,WS_02,,
3089.5,2025-12-03T03:29:30+00:00,W10949,wagon,WS_01,,
3089.5,2025-12-03T03:29:30+00:00,W0623,wagon,WS_01,,
3092.0,2025-12-03T03:32:00+00:00,W12210,wagon,WS_02,,
3092.0,2025-12-03T03:32:00+00:00,W8636,wagon,WS_02,,
3092.0,2025-12-03T03:32:00+00:00,LOCO_02,locomotive,track_19,WS_02,
3095.5,2025-12-03T03:35:30+00:00,W10949,wagon,WS_01,,
3095.5,2025-12-03T03:35:30+00:00,W0623,wagon,WS_01,,
3095.5,2025-12-03T03:35:30+00:00,LOCO_01,locomotive,track_19,WS_01,
3097.0,2025-12-03T03:37:00+00:00,LOCO_02,locomotive,retrofitted,track_19,
3106.0,2025-12-03T03:46:00+00:00,LOCO_02,locomotive,parking16,retrofitted,
3152.5,2025-12-03T04:32:30+00:00,LOCO_01,locomotive,WS_02,track_19,
3159.5,2025-12-03T04:39:30+00:00,LOCO_01,locomotive,retrofitted,WS_02,
3159.5,2025-12-03T04:39:30+00:00,W12210,wagon,WS_02,,WS_02|retrofitted
3159.5,2025-12-03T04:39:30+00:00,W8636,wagon,WS_02,,WS_02|retrofitted
3164.5,2025-12-03T04:44:30+00:00,W12210,wagon,retrofitted,,
3164.5,2025-12-03T04:44:30+00:00,W8636,wagon,retrofitted,,
3164.5,2025-12-03T04:44:30+00:00,LOCO_01,locomotive,track_19,retrofitted,
3169.5,2025-12-03T04:49:30+00:00,LOCO_01,locomotive,WS_01,track_19,
3176.5,2025-12-03T04:56:30+00:00,LOCO_01,locomotive,retrofitted,WS_01,
3176.5,2025-12-03T04:56:30+00:00,W10949,wagon,WS_01,,WS_01|retrofitted
3176.5,2025-12-03T04:56:30+00:00,W0623,wagon,WS_01,,WS_01|retrofitted
3181.5,2025-12-03T05:01:30+00:00,W10949,wagon,retrofitted,,
3181.5,2025-12-03T05:01:30+00:00,W0623,wagon,retrofitted,,
3181.5,2025-12-03T05:01:30+00:00,LOCO_01,locomotive,track_19,retrofitted,
3188.5,2025-12-03T05:08:30+00:00,LOCO_01,locomotive,retrofit,track_19,
3190.75,2025-12-03T05:10:45+00:00,W7115,wagon,collection1,,
3190.75,2025-12-03T05:10:45+00:00,W11723,wagon,collection1,,
3190.75,2025-12-03T05:10:45+00:00,W8675,wagon,collection1,,
3190.75,2025-12-03T05:10:45+00:00,W10706,wagon,collection1,,
3190.75,2025-12-03T05:10:45+00:00,W9959,wagon,collection1,,
3196.5,2025-12-03T05:16:30+00:00,LOCO_01,locomotive,WS_02,retrofit,
3196.5,2025-12-03T05:16:30+00:00,W11970,wagon,retrofit,,retrofit|WS_02
3196.5,2025-12-03T05:16:30+00:00,W8631,wagon,retrofit,,retrofit|WS_02
3201.5,2025-12-03T05:21:30+00:00,W11970,wagon,WS_02,,
3201.5,2025-12-03T05:21:30+00:00,W8631,wagon,WS_02,,
3207.5,2025-12-03T05:27:30+00:00,W11970,wagon,WS_02,,
3207.5,2025-12-03T05:27:30+00:00,W8631,wagon,WS_02,,
3207.5,2025-12-03T05:27:30+00:00,LOCO_01,locomotive,track_19,WS_02,
3214.5,2025-12-03T05:34:30+00:00,LOCO_01,locomotive,retrofit,track_19,
3222.5,2025-12-03T05:42:30+00:00,LOCO_01,locomotive,WS_01,retrofit,
3222.5,2025-12-03T05:42:30+00:00,W9392,wagon,retrofit,,retrofit|WS_01
3222.5,2025-12-03T05:42:30+00:00,W9274,wagon,retrofit,,retrofit|WS_01
3227.5,2025-12-03T05:47:30+00:00,W9392,wagon,WS_01,,
3227.5,2025-12-03T05:47:30+00:00,W9274,wagon,WS_01,,
3231.5,2025-12-03T05:51:30+00:00,W9169,wagon,parking16,,
3231.5,2025-12-03T05:51:30+00:00,W9173,wagon,parking16,,
3231.5,2025-12-03T05:51:30+00:00,W9270,wagon,parking16,,
3231.5,2025-12-03T05:51:30+00:00,W9276,wagon,parking16,,
3231.5,2025-12-03T05:51:30+00:00,W11578,wagon,parking16,,
3231.5,2025-12-03T05:51:30+00:00,W2980,wagon,parking16,,
3231.5,2025-12-03T05:51:30+00:00,LOCO_02,locomotive,track_19,parking16,
3233.5,2025-12-03T05:53:30+00:00,W9392,wagon,WS_01,,
3233.5,2025-12-03T05:53:30+00:00,W9274,wagon,WS_01,,
3233.5,2025-12-03T05:53:30+00:00,LOCO_01,locomotive,track_19,WS_01,
3238.5,2025-12-03T05:58:30+00:00,LOCO_01,locomotive,collection2,track_19,
3239.25,2025-12-03T05:59:15+00:00,W8705,wagon,collection2,,
3291.5,2025-12-03T06:51:30+00:00,LOCO_02,locomotive,WS_02,track_19,
3298.5,2025-12-03T06:58:30+00:00,LOCO_02,locomotive,retrofitted,WS_02,
3298.5,2025-12-03T06:58:30+00:00,W11970,wagon,WS_02,,WS_02|retrofitted
3298.5,2025-12-03T06:58:30+00:00,W8631,wagon,WS_02,,WS_02|retrofitted
3303.5,2025-12-03T07:03:30+00:00,W11970,wagon,retrofitted,,
3303.5,2025-12-03T07:03:30+00:00,W8631,wagon,retrofitted,,
3303.5,2025-12-03T07:03:30+00:00,LOCO_02,locomotive,track_19,retrofitted,
3307.5,2025-12-03T07:07:30+00:00,LOCO_01,locomotive,retrofit,collection2,
3307.5,2025-12-03T07:07:30+00:00,W3173,wagon,collection2,,collection2|Mainline|retrofit
3307.5,2025-12-03T07:07:30+00:00,W5038,wagon,collection2,,collection2|Mainline|retrofit
3307.5,2025-12-03T07:07:30+00:00,W11261,wagon,collection2,,collection2|Mainline|retrofit
3307.5,2025-12-03T07:07:30+00:00,W11259,wagon,collection2,,collection2|Mainline|retrofit
3308.5,2025-12-03T07:08:30+00:00,LOCO_02,locomotive,WS_01,track_19,
3315.5,2025-12-03T07:15:30+00:00,LOCO_02,locomotive,retrofitted,WS_01,
3315.5,2025-12-03T07:15:30+00:00,W9392,wagon,WS_01,,WS_01|retrofitted
3315.5,2025-12-03T07:15:30+00:00,W9274,wagon,WS_01,,WS_01|retrofitted
3320.5,2025-12-03T07:20:30+00:00,W9392,wagon,retrofitted,,
3320.5,2025-12-03T07:20:30+00:00,W9274,wagon,retrofitted,,
3320.5,2025-12-03T07:20:30+00:00,LOCO_02,locomotive,track_19,retrofitted,
3325.5,2025-12-03T07:25:30+00:00,LOCO_02,locomotive,retrofitted,track_19,
3335.5,2025-12-03T07:35:30+00:00,LOCO_02,locomotive,parking16,retrofitted,
3367.5,2025-12-03T08:07:30+00:00,W3173,wagon,retrofit,,
3367.5,2025-12-03T08:07:30+00:00,W5038,wagon,retrofit,,
3367.5,2025-12-03T08:07:30+00:00,W11261,wagon,retrofit,,
3367.5,2025-12-03T08:07:30+00:00,W11259,wagon,retrofit,,
3388.5,2025-12-03T08:28:30+00:00,LOCO_01,locomotive,track_19,retrofit,
3395.5,2025-12-03T08:35:30+00:00,LOCO_01,locomotive,retrofit,track_19,
3403.5,2025-12-03T08:43:30+00:00,LOCO_01,locomotive,WS_02,retrofit,
3403.5,2025-12-03T08:43:30+00:00,W8613,wagon,retrofit,,retrofit|WS_02
3403.5,2025-12-03T08:43:30+00:00,W10130,wagon,retrofit,,retrofit|WS_02
3408.5,2025-12-03T08:48:30+00:00,W8613,wagon,WS_02,,
3408.5,2025-12-03T08:48:30+00:00,W10130,wagon,WS_02,,
3414.5,2025-12-03T08:54:30+00:00,W8613,wagon,WS_02,,
3414.5,2025-12-03T08:54:30+00:00,W10130,wagon,WS_02,,
3414.5,2025-12-03T08:54:30+00:00,LOCO_01,locomotive,track_19,WS_02,
3421.5,2025-12-03T09:01:30+00:00,LOCO_01,locomotive,retrofit,track_19,
3429.5,2025-12-03T09:09:30+00:00,LOCO_01,locomotive,WS_01,retrofit,
3429.5,2025-12-03T09:09:30+00:00,W9721,wagon,retrofit,,retrofit|WS_01
3429.5,2025-12-03T09:09:30+00:00,W9756,wagon,retrofit,,retrofit|WS_01
3434.5,2025-12-03T09:14:30+00:00,W9721,wagon,WS_01,,
3434.5,2025-12-03T09:14:30+00:00,W9756,wagon,WS_01,,
3440.5,2025-12-03T09:20:30+00:00,W9721,wagon,WS_01,,
3440.5,2025-12-03T09:20:30+00:00,W9756,wagon,WS_01,,
3440.5,2025-12-03T09:20:30+00:00,LOCO_01,locomotive,track_19,WS_01,
3445.5,2025-12-03T09:25:30+00:00,LOCO_01,locomotive,collection1,track_19,
3463.0,2025-12-03T09:43:00+00:00,W2406,wagon,parking16,,
3463.0,2025-12-03T09:43:00+00:00,W2399,wagon,parking16,,
3463.0,2025-12-03T09:43:00+00:00,W9868,wagon,parking16,,
3463.0,2025-12-03T09:43:00+00:00,W12060,wagon,parking16,,
3463.0,2025-12-03T09:43:00+00:00,W12210,wagon,parking16,,
3463.0,2025-12-03T09:43:00+00:00,W8636,wagon,parking16,,
3463.0,2025-12-03T09:43:00+00:00,W10949,wagon,parking16,,
3463.0,2025-12-03T09:43:00+00:00,W0623,wagon,parking16,,
3463.0,2025-12-03T09:43:00+00:00,LOCO_02,locomotive,track_19,parking16,
3518.5,2025-12-03T10:38:30+00:00,LOCO_01,locomotive,retrofit,collection1,
3518.5,2025-12-03T10:38:30+00:00,W9174,wagon,collection1,,collection1|Mainline|retrofit
3518.5,2025-12-03T10:38:30+00:00,W6140,wagon,collection1,,collection1|Mainline|retrofit
3518.5,2025-12-03T10:38:30+00:00,W10364,wagon,collection1,,collection1|Mainline|retrofit
3518.5,2025-12-03T10:38:30+00:00,W6077,wagon,collection1,,collection1|Mainline|retrofit
3518.5,2025-12-03T10:38:30+00:00,W11254,wagon,collection1,,collection1|Mainline|retrofit
3518.5,2025-12-03T10:38:30+00:00,W10878,wagon,collection1,,collection1|Mainline|retrofit
3523.0,2025-12-03T10:43:00+00:00,LOCO_02,locomotive,WS_02,track_19,
3530.0,2025-12-03T10:50:00+00:00,LOCO_02,locomotive,retrofitted,WS_02,
3530.0,2025-12-03T10:50:00+00:00,W8613,wagon,WS_02,,WS_02|retrofitted
3530.0,2025-12-03T10:50:00+00:00,W10130,wagon,WS_02,,WS_02|retrofitted
3535.0,2025-12-03T10:55:00+00:00,W8613,wagon,retrofitted,,
3535.0,2025-12-03T10:55:00+00:00,W10130,wagon,retrofitted,,
3535.0,2025-12-03T10:55:00+00:00,LOCO_02,locomotive,track_19,retrofitted,
3540.0,2025-12-03T11:00:00+00:00,LOCO_02,locomotive,WS_01,track_19,
3547.0,2025-12-03T11:07:00+00:00,LOCO_02,locomotive,retrofitted,WS_01,
3547.0,2025-12-03T11:07:00+00:00,W9721,wagon,WS_01,,WS_01|retrofitted
3547.0,2025-12-03T11:07:00+00:00,W9756,wagon,WS_01,,WS_01|retrofitted
3552.0,2025-12-03T11:12:00+00:00,W9721,wagon,retrofitted,,
3552.0,2025-12-03T11:12:00+00:00,W9756,wagon,retrofitted,,
3552.0,2025-12-03T11:12:00+00:00,LOCO_02,locomotive,track_19,retrofitted,
3557.75,2025-12-03T11:17:45+00:00,W5057,wagon,collection2,,
3557.75,2025-12-03T11:17:45+00:00,W4522,wagon,collection2,,
3557.75,2025-12-03T11:17:45+00:00,W4479,wagon,collection2,,
3559.0,2025-12-03T11:19:00+00:00,LOCO_02,locomotive,retrofit,track_19,
3567.0,2025-12-03T11:27:00+00:00,LOCO_02,locomotive,WS_02,retrofit,
3567.0,2025-12-03T11:27:00+00:00,W3173,wagon,retrofit,,retrofit|WS_02
3567.0,2025-12-03T11:27:00+00:00,W5038,wagon,retrofit,,retrofit|WS_02
3572.0,2025-12-03T11:32:00+00:00,W3173,wagon,WS_02,,
3572.0,2025-12-03T11:32:00+00:00,W5038,wagon,WS_02,,
3578.0,2025-12-03T11:38:00+00:00,W3173,wagon,WS_02,,
3578.0,2025-12-03T11:38:00+00:00,W5038,wagon,WS_02,,
3578.0,2025-12-03T11:38:00+00:00,LOCO_02,locomotive,track_19,WS_02,
3578.5,2025-12-03T11:38:30+00:00,W9174,wagon,retrofit,,
3578.5,2025-12-03T11:38:30+00:00,W6140,wagon,retrofit,,
3578.5,2025-12-03T11:38:30+00:00,W10364,wagon,retrofit,,
3578.5,2025-12-03T11:38:30+00:00,W6077,wagon,retrofit,,
3578.5,2025-12-03T11:38:30+00:00,W11254,wagon,retrofit,,
3578.5,2025-12-03T11:38:30+00:00,W10878,wagon,retrofit,,
3585.0,2025-12-03T11:45:00+00:00,LOCO_02,locomotive,retrofit,track_19,
3593.0,2025-12-03T11:53:00+00:00,LOCO_02,locomotive,WS_01,retrofit,
3593.0,2025-12-03T11:53:00+00:00,W11261,wagon,retrofit,,retrofit|WS_01
3593.0,2025-12-03T11:53:00+00:00,W11259,wagon,retrofit,,retrofit|WS_01
3598.0,2025-12-03T11:58:00+00:00,W11261,wagon,WS_01,,
3598.0,2025-12-03T11:58:00+00:00,W11259,wagon,WS_01,,
3604.0,2025-12-03T12:04:00+00:00,W11261,wagon,WS_01,,
3604.0,2025-12-03T12:04:00+00:00,W11259,wagon,WS_01,,
3604.0,2025-12-03T12:04:00+00:00,LOCO_02,locomotive,track_19,WS_01,
3609.0,2025-12-03T12:09:00+00:00,LOCO_02,locomotive,collection2,track_19,
3611.5,2025-12-03T12:11:30+00:00,LOCO_01,locomotive,track_19,retrofit,
3616.5,2025-12-03T12:16:30+00:00,LOCO_01,locomotive,retrofitted,track_19,
3624.5,2025-12-03T12:24:30+00:00,LOCO_01,locomotive,parking16,retrofitted,
3682.0,2025-12-03T13:22:00+00:00,LOCO_02,locomotive,retrofit,collection2,
3682.0,2025-12-03T13:22:00+00:00,W5167,wagon,collection2,,collection2|Mainline|retrofit
3682.0,2025-12-03T13:22:00+00:00,W4666,wagon,collection2,,collection2|Mainline|retrofit
3682.0,2025-12-03T13:22:00+00:00,W11269,wagon,collection2,,collection2|Mainline|retrofit
3682.0,2025-12-03T13:22:00+00:00,W3811,wagon,collection2,,collection2|Mainline|retrofit
3682.0,2025-12-03T13:22:00+00:00,W2926,wagon,collection2,,collection2|Mainline|retrofit
3682.0,2025-12-03T13:22:00+00:00,W5391,wagon,collection2,,collection2|Mainline|retrofit
3742.0,2025-12-03T14:22:00+00:00,W5167,wagon,retrofit,,
3742.0,2025-12-03T14:22:00+00:00,W4666,wagon,retrofit,,
3742.0,2025-12-03T14:22:00+00:00,W11269,wagon,retrofit,,
3742.0,2025-12-03T14:22:00+00:00,W3811,wagon,retrofit,,
3742.0,2025-12-03T14:22:00+00:00,W2926,wagon,retrofit,,
3742.0,2025-12-03T14:22:00+00:00,W5391,wagon,retrofit,,
3748.0,2025-12-03T14:28:00+00:00,W11970,wagon,parking16,,
3748.0,2025-12-03T14:28:00+00:00,W8631,wagon,parking16,,
3748.0,2025-12-03T14:28:00+00:00,W9392,wagon,parking16,,
3748.0,2025-12-03T14:28:00+00:00,W9274,wagon,parking16,,
3748.0,2025-12-03T14:28:00+00:00,LOCO_01,locomotive,track_19,parking16,
3775.0,2025-12-03T14:55:00+00:00,LOCO_02,locomotive,track_19,retrofit,
3780.0,2025-12-03T15:00:00+00:00,LOCO_02,locomotive,WS_02,track_19,
3787.0,2025-12-03T15:07:00+00:00,LOCO_02,locomotive,retrofitted,WS_02,
3787.0,2025-12-03T15:07:00+00:00,W3173,wagon,WS_02,,WS_02|retrofitted
3787.0,2025-12-03T15:07:00+00:00,W5038,wagon,WS_02,,WS_02|retrofitted
3792.0,2025-12-03T15:12:00+00:00,W3173,wagon,retrofitted,,
3792.0,2025-12-03T15:12:00+00:00,W5038,wagon,retrofitted,,
3792.0,2025-12-03T15:12:00+00:00,LOCO_02,locomotive,track_19,retrofitted,
3797.0,2025-12-03T15:17:00+00:00,LOCO_02,locomotive,WS_01,track_19,
3804.0,2025-12-03T15:24:00+00:00,LOCO_02,locomotive,retrofitted,WS_01,
3804.0,2025-12-03T15:24:00+00:00,W11261,wagon,WS_01,,WS_01|retrofitted
3804.0,2025-12-03T15:24:00+00:00,W11259,wagon,WS_01,,WS_01|retrofitted
3809.0,2025-12-03T15:29:00+00:00,W11261,wagon,retrofitted,,
3809.0,2025-12-03T15:29:00+00:00,W11259,wagon,retrofitted,,
3809.0,2025-12-03T15:29:00+00:00,LOCO_02,locomotive,track_19,retrofitted,
3810.0,2025-12-03T15:30:00+00:00,LOCO_01,locomotive,retrofit,track_19,
3814.0,2025-12-03T15:34:00+00:00,LOCO_02,locomotive,retrofitted,track_19,
3818.0,2025-12-03T15:38:00+00:00,LOCO_01,locomotive,WS_02,retrofit,
3818.0,2025-12-03T15:38:00+00:00,W9174,wagon,retrofit,,retrofit|WS_02
3818.0,2025-12-03T15:38:00+00:00,W6140,wagon,retrofit,,retrofit|WS_02
3823.0,2025-12-03T15:43:00+00:00,W9174,wagon,WS_02,,
3823.0,2025-12-03T15:43:00+00:00,W6140,wagon,WS_02,,
3823.0,2025-12-03T15:43:00+00:00,LOCO_02,locomotive,parking16,retrofitted,
3829.0,2025-12-03T15:49:00+00:00,W9174,wagon,WS_02,,
3829.0,2025-12-03T15:49:00+00:00,W6140,wagon,WS_02,,
3829.0,2025-12-03T15:49:00+00:00,LOCO_01,locomotive,track_19,WS_02,
3836.0,2025-12-03T15:56:00+00:00,LOCO_01,locomotive,retrofit,track_19,
3844.0,2025-12-03T16:04:00+00:00,LOCO_01,locomotive,WS_01,retrofit,
3844.0,2025-12-03T16:04:00+00:00,W10364,wagon,retrofit,,retrofit|WS_01
3844.0,2025-12-03T16:04:00+00:00,W6077,wagon,retrofit,,retrofit|WS_01
3849.0,2025-12-03T16:09:00+00:00,W10364,wagon,WS_01,,
3849.0,2025-12-03T16:09:00+00:00,W6077,wagon,WS_01,,
3855.0,2025-12-03T16:15:00+00:00,W10364,wagon,WS_01,,
3855.0,2025-12-03T16:15:00+00:00,W6077,wagon,WS_01,,
3855.0,2025-12-03T16:15:00+00:00,LOCO_01,locomotive,track_19,WS_01,
3860.0,2025-12-03T16:20:00+00:00,LOCO_01,locomotive,collection1,track_19,
3937.0,2025-12-03T17:37:00+00:00,LOCO_01,locomotive,retrofit,collection1,
3937.0,2025-12-03T17:37:00+00:00,W10889,wagon,collection1,,collection1|Mainline|retrofit
3937.0,2025-12-03T17:37:00+00:00,W11320,wagon,collection1,,collection1|Mainline|retrofit
3937.0,2025-12-03T17:37:00+00:00,W5833,wagon,collection1,,collection1|Mainline|retrofit
3937.0,2025-12-03T17:37:00+00:00,W6096,wagon,collection1,,collection1|Mainline|retrofit
3937.0,2025-12-03T17:37:00+00:00,W0874,wagon,collection1,,collection1|Mainline|retrofit
3937.0,2025-12-03T17:37:00+00:00,W10689,wagon,collection1,,collection1|Mainline|retrofit
3937.0,2025-12-03T17:37:00+00:00,W5838,wagon,collection1,,collection1|Mainline|retrofit
3937.0,2025-12-03T17:37:00+00:00,W11241,wagon,collection1,,collection1|Mainline|retrofit
3940.75,2025-12-03T17:40:45+00:00,W2737,wagon,collection1,,
3940.75,2025-12-03T17:40:45+00:00,W10081,wagon,collection1,,
3940.75,2025-12-03T17:40:45+00:00,W7253,wagon,collection1,,
3948.5,2025-12-03T17:48:30+00:00,W8613,wagon,parking16,,
3948.5,2025-12-03T17:48:30+00:00,W10130,wagon,parking16,,
3948.5,2025-12-03T17:48:30+00:00,W9721,wagon,parking16,,
3948.5,2025-12-03T17:48:30+00:00,W9756,wagon,parking16,,
3948.5,2025-12-03T17:48:30+00:00,W3173,wagon,parking16,,
3948.5,2025-12-03T17:48:30+00:00,W5038,wagon,parking16,,
3948.5,2025-12-03T17:48:30+00:00,LOCO_02,locomotive,track_19,parking16,
3955.25,2025-12-03T17:55:15+00:00,W2971,wagon,collection1,,
3955.25,2025-12-03T17:55:15+00:00,W0607,wagon,collection1,,
3997.0,2025-12-03T18:37:00+00:00,W10889,wagon,retrofit,,
3997.0,2025-12-03T18:37:00+00:00,W11320,wagon,retrofit,,
3997.0,2025-12-03T18:37:00+00:00,W5833,wagon,retrofit,,
3997.0,2025-12-03T18:37:00+00:00,W6096,wagon,retrofit,,
3997.0,2025-12-03T18:37:00+00:00,W0874,wagon,retrofit,,
3997.0,2025-12-03T18:37:00+00:00,W10689,wagon,retrofit,,
3997.0,2025-12-03T18:37:00+00:00,W5838,wagon,retrofit,,
3997.0,2025-12-03T18:37:00+00:00,W11241,wagon,retrofit,,
3997.75,2025-12-03T18:37:45+00:00,W12036,wagon,collection2,,
3997.75,2025-12-03T18:37:45+00:00,W2786,wagon,collection2,,
3997.75,2025-12-03T18:37:45+00:00,W9981,wagon,collection2,,
4008.5,2025-12-03T18:48:30+00:00,LOCO_02,locomotive,WS_02,track_19,
4015.5,2025-12-03T18:55:30+00:00,LOCO_02,locomotive,retrofitted,WS_02,
4015.5,2025-12-03T18:55:30+00:00,W9174,wagon,WS_02,,WS_02|retrofitted
4015.5,2025-12-03T18:55:30+00:00,W6140,wagon,WS_02,,WS_02|retrofitted
4020.5,2025-12-03T19:00:30+00:00,W9174,wagon,retrofitted,,
4020.5,2025-12-03T19:00:30+00:00,W6140,wagon,retrofitted,,
4020.5,2025-12-03T19:00:30+00:00,LOCO_02,locomotive,track_19,retrofitted,
4025.5,2025-12-03T19:05:30+00:00,LOCO_02,locomotive,WS_01,track_19,
4032.5,2025-12-03T19:12:30+00:00,LOCO_02,locomotive,retrofitted,WS_01,
4032.5,2025-12-03T19:12:30+00:00,W10364,wagon,WS_01,,WS_01|retrofitted
4032.5,2025-12-03T19:12:30+00:00,W6077,wagon,WS_01,,WS_01|retrofitted
4037.5,2025-12-03T19:17:30+00:00,W10364,wagon,retrofitted,,
4037.5,2025-12-03T19:17:30+00:00,W6077,wagon,retrofitted,,
4037.5,2025-12-03T19:17:30+00:00,LOCO_02,locomotive,track_19,retrofitted,
4042.0,2025-12-03T19:22:00+00:00,LOCO_01,locomotive,track_19,retrofit,
4044.5,2025-12-03T19:24:30+00:00,LOCO_02,locomotive,retrofit,track_19,
4049.0,2025-12-03T19:29:00+00:00,LOCO_01,locomotive,retrofit,track_19,
4052.5,2025-12-03T19:32:30+00:00,LOCO_02,locomotive,WS_02,retrofit,
4052.5,2025-12-03T19:32:30+00:00,W11254,wagon,retrofit,,retrofit|WS_02
4052.5,2025-12-03T19:32:30+00:00,W10878,wagon,retrofit,,retrofit|WS_02
4057.0,2025-12-03T19:37:00+00:00,LOCO_01,locomotive,WS_01,retrofit,
4057.0,2025-12-03T19:37:00+00:00,W5167,wagon,retrofit,,retrofit|WS_01
4057.0,2025-12-03T19:37:00+00:00,W4666,wagon,retrofit,,retrofit|WS_01
4057.5,2025-12-03T19:37:30+00:00,W11254,wagon,WS_02,,
4057.5,2025-12-03T19:37:30+00:00,W10878,wagon,WS_02,,
4062.0,2025-12-03T19:42:00+00:00,W5167,wagon,WS_01,,
4062.0,2025-12-03T19:42:00+00:00,W4666,wagon,WS_01,,
4063.5,2025-12-03T19:43:30+00:00,W11254,wagon,WS_02,,
4063.5,2025-12-03T19:43:30+00:00,W10878,wagon,WS_02,,
4063.5,2025-12-03T19:43:30+00:00,LOCO_02,locomotive,track_19,WS_02,
4068.0,2025-12-03T19:48:00+00:00,W5167,wagon,WS_01,,
4068.0,2025-12-03T19:48:00+00:00,W4666,wagon,WS_01,,
4068.0,2025-12-03T19:48:00+00:00,LOCO_01,locomotive,track_19,WS_01,
4068.5,2025-12-03T19:48:30+00:00,LOCO_02,locomotive,retrofitted,track_19,
4075.5,2025-12-03T19:55:30+00:00,LOCO_02,locomotive,parking1,retrofitted,
4082.0,2025-12-03T20:02:00+00:00,W11261,wagon,parking1,,
4082.0,2025-12-03T20:02:00+00:00,W11259,wagon,parking1,,
4082.0,2025-12-03T20:02:00+00:00,LOCO_02,locomotive,track_19,parking1,
4093.25,2025-12-03T20:13:15+00:00,W0032,wagon,collection1,,
4093.25,2025-12-03T20:13:15+00:00,W6592,wagon,collection1,,
4093.25,2025-12-03T20:13:15+00:00,W10601,wagon,collection1,,
4093.25,2025-12-03T20:13:15+00:00,W6942,wagon,collection1,,
4093.25,2025-12-03T20:13:15+00:00,W2744,wagon,collection1,,
4093.25,2025-12-03T20:13:15+00:00,W2686,wagon,collection1,,
4093.25,2025-12-03T20:13:15+00:00,W8473,wagon,collection1,,
4124.0,2025-12-03T20:44:00+00:00,LOCO_01,locomotive,WS_02,track_19,
4128.5,2025-12-03T20:48:30+00:00,LOCO_02,locomotive,WS_01,track_19,
4131.0,2025-12-03T20:51:00+00:00,LOCO_01,locomotive,retrofitted,WS_02,
4131.0,2025-12-03T20:51:00+00:00,W11254,wagon,WS_02,,WS_02|retrofitted
4131.0,2025-12-03T20:51:00+00:00,W10878,wagon,WS_02,,WS_02|retrofitted
4135.5,2025-12-03T20:55:30+00:00,LOCO_02,locomotive,retrofitted,WS_01,
4135.5,2025-12-03T20:55:30+00:00,W5167,wagon,WS_01,,WS_01|retrofitted
4135.5,2025-12-03T20:55:30+00:00,W4666,wagon,WS_01,,WS_01|retrofitted
4136.0,2025-12-03T20:56:00+00:00,W11254,wagon,retrofitted,,
4136.0,2025-12-03T20:56:00+00:00,W10878,wagon,retrofitted,,
4136.0,2025-12-03T20:56:00+00:00,LOCO_01,locomotive,track_19,retrofitted,
4140.5,2025-12-03T21:00:30+00:00,W5167,wagon,retrofitted,,
4140.5,2025-12-03T21:00:30+00:00,W4666,wagon,retrofitted,,
4140.5,2025-12-03T21:00:30+00:00,LOCO_02,locomotive,track_19,retrofitted,
4141.0,2025-12-03T21:01:00+00:00,LOCO_01,locomotive,retrofitted,track_19,
4147.5,2025-12-03T21:07:30+00:00,LOCO_02,locomotive,retrofit,track_19,
4149.0,2025-12-03T21:09:00+00:00,LOCO_01,locomotive,parking12,retrofitted,
4155.5,2025-12-03T21:15:30+00:00,LOCO_02,locomotive,WS_02,retrofit,
4155.5,2025-12-03T21:15:30+00:00,W11269,wagon,retrofit,,retrofit|WS_02
4155.5,2025-12-03T21:15:30+00:00,W3811,wagon,retrofit,,retrofit|WS_02
4160.5,2025-12-03T21:20:30+00:00,W11269,wagon,WS_02,,
4160.5,2025-12-03T21:20:30+00:00,W3811,wagon,WS_02,,
4166.5,2025-12-03T21:26:30+00:00,W11269,wagon,WS_02,,
4166.5,2025-12-03T21:26:30+00:00,W3811,wagon,WS_02,,
4166.5,2025-12-03T21:26:30+00:00,LOCO_02,locomotive,track_19,WS_02,
4173.5,2025-12-03T21:33:30+00:00,LOCO_02,locomotive,retrofit,track_19,
4181.5,2025-12-03T21:41:30+00:00,LOCO_02,locomotive,WS_01,retrofit,
4181.5,2025-12-03T21:41:30+00:00,W2926,wagon,retrofit,,retrofit|WS_01
4181.5,2025-12-03T21:41:30+00:00,W5391,wagon,retrofit,,retrofit|WS_01
4186.5,2025-12-03T21:46:30+00:00,W2926,wagon,WS_01,,
4186.5,2025-12-03T21:46:30+00:00,W5391,wagon,WS_01,,
4192.5,2025-12-03T21:52:30+00:00,W2926,wagon,WS_01,,
4192.5,2025-12-03T21:52:30+00:00,W5391,wagon,WS_01,,
4192.5,2025-12-03T21:52:30+00:00,LOCO_02,locomotive,track_19,WS_01,
4197.5,2025-12-03T21:57:30+00:00,LOCO_02,locomotive,collection2,track_19,
4212.5,2025-12-03T22:12:30+00:00,W9174,wagon,parking12,,
4212.5,2025-12-03T22:12:30+00:00,W6140,wagon,parking12,,
4212.5,2025-12-03T22:12:30+00:00,W10364,wagon,parking12,,
4212.5,2025-12-03T22:12:30+00:00,W6077,wagon,parking12,,
4212.5,2025-12-03T22:12:30+00:00,LOCO_01,locomotive,track_19,parking12,
4260.5,2025-12-03T23:00:30+00:00,LOCO_02,locomotive,retrofit,collection2,
4260.5,2025-12-03T23:00:30+00:00,W6682,wagon,collection2,,collection2|Mainline|retrofit
4272.5,2025-12-03T23:12:30+00:00,LOCO_01,locomotive,WS_02,track_19,
4279.5,2025-12-03T23:19:30+00:00,LOCO_01,locomotive,retrofitted,WS_02,
4279.5,2025-12-03T23:19:30+00:00,W11269,wagon,WS_02,,WS_02|retrofitted
4279.5,2025-12-03T23:19:30+00:00,W3811,wagon,WS_02,,WS_02|retrofitted
4284.5,2025-12-03T23:24:30+00:00,W11269,wagon,retrofitted,,
4284.5,2025-12-03T23:24:30+00:00,W3811,wagon,retrofitted,,
4284.5,2025-12-03T23:24:30+00:00,LOCO_01,locomotive,track_19,retrofitted,
4289.5,2025-12-03T23:29:30+00:00,LOCO_01,locomotive,WS_01,track_19,
4296.5,2025-12-03T23:36:30+00:00,LOCO_01,locomotive,retrofitted,WS_01,
4296.5,2025-12-03T23:36:30+00:00,W2926,wagon,WS_01,,WS_01|retrofitted
4296.5,2025-12-03T23:36:30+00:00,W5391,wagon,WS_01,,WS_01|retrofitted
4301.5,2025-12-03T23:41:30+00:00,W2926,wagon,retrofitted,,
4301.5,2025-12-03T23:41:30+00:00,W5391,wagon,retrofitted,,
4301.5,2025-12-03T23:41:30+00:00,LOCO_01,locomotive,track_19,retrofitted,
4308.5,2025-12-03T23:48:30+00:00,LOCO_01,locomotive,retrofit,track_19,
4316.5,2025-12-03T23:56:30+00:00,LOCO_01,locomotive,WS_02,retrofit,
4316.5,2025-12-03T23:56:30+00:00,W10889,wagon,retrofit,,retrofit|WS_02
4316.5,2025-12-03T23:56:30+00:00,W11320,wagon,retrofit,,retrofit|WS_02
4320.5,2025-12-04T00:00:30+00:00,W6682,wagon,retrofit,,
4321.5,2025-12-04T00:01:30+00:00,W10889,wagon,WS_02,,
4321.5,2025-12-04T00:01:30+00:00,W11320,wagon,WS_02,,
4323.5,2025-12-04T00:03:30+00:00,LOCO_02,locomotive,track_19,retrofit,
4327.5,2025-12-04T00:07:30+00:00,W10889,wagon,WS_02,,
4327.5,2025-12-04T00:07:30+00:00,W11320,wagon,WS_02,,
4327.5,2025-12-04T00:07:30+00:00,LOCO_01,locomotive,track_19,WS_02,
4330.5,2025-12-04T00:10:30+00:00,LOCO_02,locomotive,retrofit,track_19,
4332.5,2025-12-04T00:12:30+00:00,LOCO_01,locomotive,retrofitted,track_19,
4338.5,2025-12-04T00:18:30+00:00,LOCO_02,locomotive,WS_01,retrofit,
4338.5,2025-12-04T00:18:30+00:00,W5833,wagon,retrofit,,retrofit|WS_01
4338.5,2025-12-04T00:18:30+00:00,W6096,wagon,retrofit,,retrofit|WS_01
4340.5,2025-12-04T00:20:30+00:00,LOCO_01,locomotive,parking13,retrofitted,
4343.5,2025-12-04T00:23:30+00:00,W5833,wagon,WS_01,,
4343.5,2025-12-04T00:23:30+00:00,W6096,wagon,WS_01,,
4349.5,2025-12-04T00:29:30+00:00,W5833,wagon,WS_01,,
4349.5,2025-12-04T00:29:30+00:00,W6096,wagon,WS_01,,
4349.5,2025-12-04T00:29:30+00:00,LOCO_02,locomotive,track_19,WS_01,
4379.0,2025-12-04T00:59:00+00:00,W6246,wagon,collection2,,
4379.0,2025-12-04T00:59:00+00:00,W5947,wagon,collection2,,
4379.0,2025-12-04T00:59:00+00:00,W5711,wagon,collection2,,
4379.0,2025-12-04T00:59:00+00:00,W6884,wagon,collection2,,
4379.0,2025-12-04T00:59:00+00:00,W5575,wagon,collection2,,
4388.0,2025-12-04T01:08:00+00:00,LOCO_02,locomotive,WS_02,track_19,
4395.0,2025-12-04T01:15:00+00:00,LOCO_02,locomotive,retrofitted,WS_02,
4395.0,2025-12-04T01:15:00+00:00,W10889,wagon,WS_02,,WS_02|retrofitted
4395.0,2025-12-04T01:15:00+00:00,W11320,wagon,WS_02,,WS_02|retrofitted
4400.0,2025-12-04T01:20:00+00:00,W10889,wagon,retrofitted,,
4400.0,2025-12-04T01:20:00+00:00,W11320,wagon,retrofitted,,
4400.0,2025-12-04T01:20:00+00:00,LOCO_02,locomotive,track_19,retrofitted,
4407.0,2025-12-04T01:27:00+00:00,LOCO_02,locomotive,retrofit,track_19,
4415.0,2025-12-04T01:35:00+00:00,LOCO_02,locomotive,WS_02,retrofit,
4415.0,2025-12-04T01:35:00+00:00,W0874,wagon,retrofit,,retrofit|WS_02
4415.0,2025-12-04T01:35:00+00:00,W10689,wagon,retrofit,,retrofit|WS_02
4419.0,2025-12-04T01:39:00+00:00,W11254,wagon,parking13,,
4419.0,2025-12-04T01:39:00+00:00,W10878,wagon,parking13,,
4419.0,2025-12-04T01:39:00+00:00,W5167,wagon,parking13,,
4419.0,2025-12-04T01:39:00+00:00,W4666,wagon,parking13,,
4419.0,2025-12-04T01:39:00+00:00,LOCO_01,locomotive,track_19,parking13,
4420.0,2025-12-04T01:40:00+00:00,W0874,wagon,WS_02,,
4420.0,2025-12-04T01:40:00+00:00,W10689,wagon,WS_02,,
4426.0,2025-12-04T01:46:00+00:00,W0874,wagon,WS_02,,
4426.0,2025-12-04T01:46:00+00:00,W10689,wagon,WS_02,,
4426.0,2025-12-04T01:46:00+00:00,LOCO_02,locomotive,track_19,WS_02,
4431.0,2025-12-04T01:51:00+00:00,LOCO_02,locomotive,WS_01,track_19,
4438.0,2025-12-04T01:58:00+00:00,LOCO_02,locomotive,retrofitted,WS_01,
4438.0,2025-12-04T01:58:00+00:00,W5833,wagon,WS_01,,WS_01|retrofitted
4438.0,2025-12-04T01:58:00+00:00,W6096,wagon,WS_01,,WS_01|retrofitted
4443.0,2025-12-04T02:03:00+00:00,W5833,wagon,retrofitted,,
4443.0,2025-12-04T02:03:00+00:00,W6096,wagon,retrofitted,,
4443.0,2025-12-04T02:03:00+00:00,LOCO_02,locomotive,track_19,retrofitted,
4450.0,2025-12-04T02:10:00+00:00,LOCO_02,locomotive,retrofit,track_19,
4458.0,2025-12-04T02:18:00+00:00,LOCO_02,locomotive,WS_01,retrofit,
4458.0,2025-12-04T02:18:00+00:00,W5838,wagon,retrofit,,retrofit|WS_01
4458.0,2025-12-04T02:18:00+00:00,W11241,wagon,retrofit,,retrofit|WS_01
4463.0,2025-12-04T02:23:00+00:00,W5838,wagon,WS_01,,
4463.0,2025-12-04T02:23:00+00:00,W11241,wagon,WS_01,,
4469.0,2025-12-04T02:29:00+00:00,W5838,wagon,WS_01,,
4469.0,2025-12-04T02:29:00+00:00,W11241,wagon,WS_01,,
4469.0,2025-12-04T02:29:00+00:00,LOCO_02,locomotive,track_19,WS_01,
4474.0,2025-12-04T02:34:00+00:00,LOCO_02,locomotive,collection1,track_19,
4479.0,2025-12-04T02:39:00+00:00,LOCO_01,locomotive,collection2,track_19,
4491.5,2025-12-04T02:51:30+00:00,W8085,wagon,collection2,,
4491.5,2025-12-04T02:51:30+00:00,W8082,wagon,collection2,,
4547.0,2025-12-04T03:47:00+00:00,LOCO_02,locomotive,retrofit,collection1,
4547.0,2025-12-04T03:47:00+00:00,W2444,wagon,collection1,,collection1|Mainline|retrofit
4547.0,2025-12-04T03:47:00+00:00,W9329,wagon,collection1,,collection1|Mainline|retrofit
4547.0,2025-12-04T03:47:00+00:00,W2772,wagon,collection1,,collection1|Mainline|retrofit
4547.0,2025-12-04T03:47:00+00:00,W3651,wagon,collection1,,collection1|Mainline|retrofit
4547.0,2025-12-04T03:47:00+00:00,W4026,wagon,collection1,,collection1|Mainline|retrofit
4547.0,2025-12-04T03:47:00+00:00,W2716,wagon,collection1,,collection1|Mainline|retrofit
4558.0,2025-12-04T03:58:00+00:00,LOCO_01,locomotive,retrofit,collection2,
4558.0,2025-12-04T03:58:00+00:00,W11256,wagon,collection2,,collection2|Mainline|retrofit
4558.0,2025-12-04T03:58:00+00:00,W10892,wagon,collection2,,collection2|Mainline|retrofit
4558.0,2025-12-04T03:58:00+00:00,W1906,wagon,collection2,,collection2|Mainline|retrofit
4558.0,2025-12-04T03:58:00+00:00,W1158,wagon,collection2,,collection2|Mainline|retrofit
4558.0,2025-12-04T03:58:00+00:00,W1139,wagon,collection2,,collection2|Mainline|retrofit
4558.0,2025-12-04T03:58:00+00:00,W1149,wagon,collection2,,collection2|Mainline|retrofit
4558.0,2025-12-04T03:58:00+00:00,W1150,wagon,collection2,,collection2|Mainline|retrofit
4558.0,2025-12-04T03:58:00+00:00,W1151,wagon,collection2,,collection2|Mainline|retrofit
4558.0,2025-12-04T03:58:00+00:00,W1152,wagon,collection2,,collection2|Mainline|retrofit
4607.0,2025-12-04T04:47:00+00:00,W2444,wagon,retrofit,,
4607.0,2025-12-04T04:47:00+00:00,W9329,wagon,retrofit,,
4607.0,2025-12-04T04:47:00+00:00,W2772,wagon,retrofit,,
4607.0,2025-12-04T04:47:00+00:00,W3651,wagon,retrofit,,
4607.0,2025-12-04T04:47:00+00:00,W4026,wagon,retrofit,,
4607.0,2025-12-04T04:47:00+00:00,W2716,wagon,retrofit,,
4618.0,2025-12-04T04:58:00+00:00,W11256,wagon,retrofit,,
4618.0,2025-12-04T04:58:00+00:00,W10892,wagon,retrofit,,
4618.0,2025-12-04T04:58:00+00:00,W1906,wagon,retrofit,,
4618.0,2025-12-04T04:58:00+00:00,W1158,wagon,retrofit,,
4618.0,2025-12-04T04:58:00+00:00,W1139,wagon,retrofit,,
4618.0,2025-12-04T04:58:00+00:00,W1149,wagon,retrofit,,
4618.0,2025-12-04T04:58:00+00:00,W1150,wagon,retrofit,,
4618.0,2025-12-04T04:58:00+00:00,W1151,wagon,retrofit,,
4618.0,2025-12-04T04:58:00+00:00,W1152,wagon,retrofit,,
4640.0,2025-12-04T05:20:00+00:00,LOCO_02,locomotive,track_19,retrofit,
4645.0,2025-12-04T05:25:00+00:00,LOCO_02,locomotive,WS_02,track_19,
4652.0,2025-12-04T05:32:00+00:00,LOCO_02,locomotive,retrofitted,WS_02,
4652.0,2025-12-04T05:32:00+00:00,W0874,wagon,WS_02,,WS_02|retrofitted
4652.0,2025-12-04T05:32:00+00:00,W10689,wagon,WS_02,,WS_02|retrofitted
4654.5,2025-12-04T05:34:30+00:00,W8383,wagon,collection1,,
4657.0,2025-12-04T05:37:00+00:00,W0874,wagon,retrofitted,,
4657.0,2025-12-04T05:37:00+00:00,W10689,wagon,retrofitted,,
4657.0,2025-12-04T05:37:00+00:00,LOCO_02,locomotive,track_19,retrofitted,
4662.0,2025-12-04T05:42:00+00:00,LOCO_02,locomotive,WS_01,track_19,
4669.0,2025-12-04T05:49:00+00:00,LOCO_01,locomotive,track_19,retrofit,
4669.0,2025-12-04T05:49:00+00:00,LOCO_02,locomotive,retrofitted,WS_01,
4669.0,2025-12-04T05:49:00+00:00,W5838,wagon,WS_01,,WS_01|retrofitted
4669.0,2025-12-04T05:49:00+00:00,W11241,wagon,WS_01,,WS_01|retrofitted
4674.0,2025-12-04T05:54:00+00:00,W5838,wagon,retrofitted,,
4674.0,2025-12-04T05:54:00+00:00,W11241,wagon,retrofitted,,
4674.0,2025-12-04T05:54:00+00:00,LOCO_02,locomotive,track_19,retrofitted,
4676.0,2025-12-04T05:56:00+00:00,LOCO_01,locomotive,retrofit,track_19,
4676.75,2025-12-04T05:56:45+00:00,W9067,wagon,collection1,,
4676.75,2025-12-04T05:56:45+00:00,W0117,wagon,collection2,,
4676.75,2025-12-04T05:56:45+00:00,W0191,wagon,collection2,,
4676.75,2025-12-04T05:56:45+00:00,W11315,wagon,collection2,,
4679.0,2025-12-04T05:59:00+00:00,LOCO_02,locomotive,retrofitted,track_19,
4684.0,2025-12-04T06:04:00+00:00,LOCO_01,locomotive,WS_02,retrofit,
4684.0,2025-12-04T06:04:00+00:00,W6682,wagon,retrofit,,retrofit|WS_02
4684.0,2025-12-04T06:04:00+00:00,W2444,wagon,retrofit,,retrofit|WS_02
4689.0,2025-12-04T06:09:00+00:00,W6682,wagon,WS_02,,
4689.0,2025-12-04T06:09:00+00:00,W2444,wagon,WS_02,,
4689.0,2025-12-04T06:09:00+00:00,LOCO_02,locomotive,parking14,retrofitted,
4695.0,2025-12-04T06:15:00+00:00,W6682,wagon,WS_02,,
4695.0,2025-12-04T06:15:00+00:00,W2444,wagon,WS_02,,
4695.0,2025-12-04T06:15:00+00:00,LOCO_01,locomotive,track_19,WS_02,
4702.0,2025-12-04T06:22:00+00:00,LOCO_01,locomotive,retrofit,track_19,
4710.0,2025-12-04T06:30:00+00:00,LOCO_01,locomotive,WS_01,retrofit,
4710.0,2025-12-04T06:30:00+00:00,W9329,wagon,retrofit,,retrofit|WS_01
4710.0,2025-12-04T06:30:00+00:00,W2772,wagon,retrofit,,retrofit|WS_01
4715.0,2025-12-04T06:35:00+00:00,W9329,wagon,WS_01,,
4715.0,2025-12-04T06:35:00+00:00,W2772,wagon,WS_01,,
4721.0,2025-12-04T06:41:00+00:00,W9329,wagon,WS_01,,
4721.0,2025-12-04T06:41:00+00:00,W2772,wagon,WS_01,,
4721.0,2025-12-04T06:41:00+00:00,LOCO_01,locomotive,track_19,WS_01,
4755.5,2025-12-04T07:15:30+00:00,LOCO_01,locomotive,WS_02,track_19,
4762.5,2025-12-04T07:22:30+00:00,LOCO_01,locomotive,retrofitted,WS_02,
4762.5,2025-12-04T07:22:30+00:00,W6682,wagon,WS_02,,WS_02|retrofitted
4762.5,2025-12-04T07:22:30+00:00,W2444,wagon,WS_02,,WS_02|retrofitted
4767.5,2025-12-04T07:27:30+00:00,W6682,wagon,retrofitted,,
4767.5,2025-12-04T07:27:30+00:00,W2444,wagon,retrofitted,,
4767.5,2025-12-04T07:27:30+00:00,LOCO_01,locomotive,track_19,retrofitted,
4771.5,2025-12-04T07:31:30+00:00,W11269,wagon,parking14,,
4771.5,2025-12-04T07:31:30+00:00,W3811,wagon,parking14,,
4771.5,2025-12-04T07:31:30+00:00,W2926,wagon,parking14,,
4771.5,2025-12-04T07:31:30+00:00,W5391,wagon,parking14,,
4771.5,2025-12-04T07:31:30+00:00,W10889,wagon,parking14,,
4771.5,2025-12-04T07:31:30+00:00,W11320,wagon,parking14,,
4771.5,2025-12-04T07:31:30+00:00,W5833,wagon,parking14,,
4771.5,2025-12-04T07:31:30+00:00,W6096,wagon,parking14,,
4771.5,2025-12-04T07:31:30+00:00,LOCO_02,locomotive,track_19,parking14,
4774.5,2025-12-04T07:34:30+00:00,LOCO_01,locomotive,retrofit,track_19,
4782.5,2025-12-04T07:42:30+00:00,LOCO_01,locomotive,WS_02,retrofit,
4782.5,2025-12-04T07:42:30+00:00,W3651,wagon,retrofit,,retrofit|WS_02
4782.5,2025-12-04T07:42:30+00:00,W4026,wagon,retrofit,,retrofit|WS_02
4787.5,2025-12-04T07:47:30+00:00,W3651,wagon,WS_02,,
4787.5,2025-12-04T07:47:30+00:00,W4026,wagon,WS_02,,
4793.5,2025-12-04T07:53:30+00:00,W3651,wagon,WS_02,,
4793.5,2025-12-04T07:53:30+00:00,W4026,wagon,WS_02,,
4793.5,2025-12-04T07:53:30+00:00,LOCO_01,locomotive,track_19,WS_02,
4798.5,2025-12-04T07:58:30+00:00,LOCO_01,locomotive,WS_01,track_19,
4805.5,2025-12-04T08:05:30+00:00,LOCO_01,locomotive,retrofitted,WS_01,
4805.5,2025-12-04T08:05:30+00:00,W9329,wagon,WS_01,,WS_01|retrofitted
4805.5,2025-12-04T08:05:30+00:00,W2772,wagon,WS_01,,WS_01|retrofitted
4810.5,2025-12-04T08:10:30+00:00,W9329,wagon,retrofitted,,
4810.5,2025-12-04T08:10:30+00:00,W2772,wagon,retrofitted,,
4810.5,2025-12-04T08:10:30+00:00,LOCO_01,locomotive,track_19,retrofitted,
4815.5,2025-12-04T08:15:30+00:00,LOCO_01,locomotive,collection1,track_19,
4833.5,2025-12-04T08:33:30+00:00,LOCO_02,locomotive,retrofit,track_19,
4841.5,2025-12-04T08:41:30+00:00,LOCO_02,locomotive,WS_01,retrofit,
4841.5,2025-12-04T08:41:30+00:00,W2716,wagon,retrofit,,retrofit|WS_01
4841.5,2025-12-04T08:41:30+00:00,W11256,wagon,retrofit,,retrofit|WS_01
4846.5,2025-12-04T08:46:30+00:00,W2716,wagon,WS_01,,
4846.5,2025-12-04T08:46:30+00:00,W11256,wagon,WS_01,,
4852.5,2025-12-04T08:52:30+00:00,W2716,wagon,WS_01,,
4852.5,2025-12-04T08:52:30+00:00,W11256,wagon,WS_01,,
4852.5,2025-12-04T08:52:30+00:00,LOCO_02,locomotive,track_19,WS_01,
4857.5,2025-12-04T08:57:30+00:00,LOCO_02,locomotive,WS_02,track_19,
4864.5,2025-12-04T09:04:30+00:00,LOCO_02,locomotive,retrofitted,WS_02,
4864.5,2025-12-04T09:04:30+00:00,W3651,wagon,WS_02,,WS_02|retrofitted
4864.5,2025-12-04T09:04:30+00:00,W4026,wagon,WS_02,,WS_02|retrofitted
4869.5,2025-12-04T09:09:30+00:00,W3651,wagon,retrofitted,,
4869.5,2025-12-04T09:09:30+00:00,W4026,wagon,retrofitted,,
4869.5,2025-12-04T09:09:30+00:00,LOCO_02,locomotive,track_19,retrofitted,
4874.5,2025-12-04T09:14:30+00:00,LOCO_02,locomotive,collection2,track_19,
4882.5,2025-12-04T09:22:30+00:00,LOCO_01,locomotive,retrofit,collection1,
4882.5,2025-12-04T09:22:30+00:00,W11989,wagon,collection1,,collection1|Mainline|retrofit
4882.5,2025-12-04T09:22:30+00:00,W10725,wagon,collection1,,collection1|Mainline|retrofit
4882.5,2025-12-04T09:22:30+00:00,W10728,wagon,collection1,,collection1|Mainline|retrofit
4941.5,2025-12-04T10:21:30+00:00,LOCO_02,locomotive,retrofit,collection2,
4941.5,2025-12-04T10:21:30+00:00,W5978,wagon,collection2,,collection2|Mainline|retrofit
4941.5,2025-12-04T10:21:30+00:00,W5686,wagon,collection2,,collection2|Mainline|retrofit
4941.5,2025-12-04T10:21:30+00:00,W11361,wagon,collection2,,collection2|Mainline|retrofit
4942.5,2025-12-04T10:22:30+00:00,W11989,wagon,retrofit,,
4942.5,2025-12-04T10:22:30+00:00,W10725,wagon,retrofit,,
4942.5,2025-12-04T10:22:30+00:00,W10728,wagon,retrofit,,
4957.5,2025-12-04T10:37:30+00:00,LOCO_01,locomotive,track_19,retrofit,
4962.5,2025-12-04T10:42:30+00:00,LOCO_01,locomotive,WS_01,track_19,
4969.5,2025-12-04T10:49:30+00:00,LOCO_01,locomotive,retrofitted,WS_01,
4969.5,2025-12-04T10:49:30+00:00,W2716,wagon,WS_01,,WS_01|retrofitted
4969.5,2025-12-04T10:49:30+00:00,W11256,wagon,WS_01,,WS_01|retrofitted
4974.5,2025-12-04T10:54:30+00:00,W2716,wagon,retrofitted,,
4974.5,2025-12-04T10:54:30+00:00,W11256,wagon,retrofitted,,
4974.5,2025-12-04T10:54:30+00:00,LOCO_01,locomotive,track_19,retrofitted,
4981.5,2025-12-04T11:01:30+00:00,LOCO_01,locomotive,retrofit,track_19,
4989.5,2025-12-04T11:09:30+00:00,LOCO_01,locomotive,WS_02,retrofit,
4989.5,2025-12-04T11:09:30+00:00,W10892,wagon,retrofit,,retrofit|WS_02
4989.5,2025-12-04T11:09:30+00:00,W1906,wagon,retrofit,,retrofit|WS_02
4994.5,2025-12-04T11:14:30+00:00,W10892,wagon,WS_02,,
4994.5,2025-12-04T11:14:30+00:00,W1906,wagon,WS_02,,
5000.5,2025-12-04T11:20:30+00:00,W10892,wagon,WS_02,,
5000.5,2025-12-04T11:20:30+00:00,W1906,wagon,WS_02,,
5000.5,2025-12-04T11:20:30+00:00,LOCO_01,locomotive,track_19,WS_02,
5001.5,2025-12-04T11:21:30+00:00,W5978,wagon,retrofit,,
5001.5,2025-12-04T11:21:30+00:00,W5686,wagon,retrofit,,
5001.5,2025-12-04T11:21:30+00:00,W11361,wagon,retrofit,,
5007.5,2025-12-04T11:27:30+00:00,LOCO_01,locomotive,retrofit,track_19,
5011.0,2025-12-04T11:31:00+00:00,W0677,wagon,collection1,,
5011.0,2025-12-04T11:31:00+00:00,W0924,wagon,collection1,,
5011.0,2025-12-04T11:31:00+00:00,W0685,wagon,collection1,,
5011.0,2025-12-04T11:31:00+00:00,W0701,wagon,collection1,,
5014.0,2025-12-04T11:34:00+00:00,W0020,wagon,collection1,,
5015.5,2025-12-04T11:35:30+00:00,LOCO_01,locomotive,WS_01,retrofit,
5015.5,2025-12-04T11:35:30+00:00,W1158,wagon,retrofit,,retrofit|WS_01
5015.5,2025-12-04T11:35:30+00:00,W1139,wagon,retrofit,,retrofit|WS_01
5016.5,2025-12-04T11:36:30+00:00,LOCO_02,locomotive,track_19,retrofit,
5020.5,2025-12-04T11:40:30+00:00,W1158,wagon,WS_01,,
5020.5,2025-12-04T11:40:30+00:00,W1139,wagon,WS_01,,
5021.5,2025-12-04T11:41:30+00:00,LOCO_02,locomotive,retrofitted,track_19,
5026.5,2025-12-04T11:46:30+00:00,W1158,wagon,WS_01,,
5026.5,2025-12-04T11:46:30+00:00,W1139,wagon,WS_01,,
5026.5,2025-12-04T11:46:30+00:00,LOCO_01,locomotive,track_19,WS_01,
5031.5,2025-12-04T11:51:30+00:00,LOCO_02,locomotive,parking15,retrofitted,
5039.75,2025-12-04T11:59:45+00:00,W6634,wagon,collection2,,
5039.75,2025-12-04T11:59:45+00:00,W6025,wagon,collection2,,
5061.0,2025-12-04T12:21:00+00:00,LOCO_01,locomotive,WS_02,track_19,
5068.0,2025-12-04T12:28:00+00:00,LOCO_01,locomotive,retrofitted,WS_02,
5068.0,2025-12-04T12:28:00+00:00,W10892,wagon,WS_02,,WS_02|retrofitted
5068.0,2025-12-04T12:28:00+00:00,W1906,wagon,WS_02,,WS_02|retrofitted
5073.0,2025-12-04T12:33:00+00:00,W10892,wagon,retrofitted,,
5073.0,2025-12-04T12:33:00+00:00,W1906,wagon,retrofitted,,
5073.0,2025-12-04T12:33:00+00:00,LOCO_01,locomotive,track_19,retrofitted,
5080.0,2025-12-04T12:40:00+00:00,LOCO_01,locomotive,retrofit,track_19,
5088.0,2025-12-04T12:48:00+00:00,LOCO_01,locomotive,WS_02,retrofit,
5088.0,2025-12-04T12:48:00+00:00,W1149,wagon,retrofit,,retrofit|WS_02
5088.0,2025-12-04T12:48:00+00:00,W1150,wagon,retrofit,,retrofit|WS_02
5093.0,2025-12-04T12:53:00+00:00,W1149,wagon,WS_02,,
5093.0,2025-12-04T12:53:00+00:00,W1150,wagon,WS_02,,
5099.0,2025-12-04T12:59:00+00:00,W1149,wagon,WS_02,,
5099.0,2025-12-04T12:59:00+00:00,W1150,wagon,WS_02,,
5099.0,2025-12-04T12:59:00+00:00,LOCO_01,locomotive,track_19,WS_02,
5104.0,2025-12-04T13:04:00+00:00,LOCO_01,locomotive,WS_01,track_19,
5111.0,2025-12-04T13:11:00+00:00,LOCO_01,locomotive,retrofitted,WS_01,
5111.0,2025-12-04T13:11:00+00:00,W1158,wagon,WS_01,,WS_01|retrofitted
5111.0,2025-12-04T13:11:00+00:00,W1139,wagon,WS_01,,WS_01|retrofitted
5114.0,2025-12-04T13:14:00+00:00,W0874,wagon,parking15,,
5114.0,2025-12-04T13:14:00+00:00,W10689,wagon,parking15,,
5114.0,2025-12-04T13:14:00+00:00,W5838,wagon,parking15,,
5114.0,2025-12-04T13:14:00+00:00,W11241,wagon,parking15,,
5114.0,2025-12-04T13:14:00+00:00,W6682,wagon,parking15,,
5114.0,2025-12-04T13:14:00+00:00,W2444,wagon,parking15,,
5114.0,2025-12-04T13:14:00+00:00,W9329,wagon,parking15,,
5114.0,2025-12-04T13:14:00+00:00,W2772,wagon,parking15,,
5114.0,2025-12-04T13:14:00+00:00,LOCO_02,locomotive,track_19,parking15,
5116.0,2025-12-04T13:16:00+00:00,W1158,wagon,retrofitted,,
5116.0,2025-12-04T13:16:00+00:00,W1139,wagon,retrofitted,,
5116.0,2025-12-04T13:16:00+00:00,LOCO_01,locomotive,track_19,retrofitted,
5123.0,2025-12-04T13:23:00+00:00,LOCO_01,locomotive,retrofit,track_19,
5131.0,2025-12-04T13:31:00+00:00,LOCO_01,locomotive,WS_01,retrofit,
5131.0,2025-12-04T13:31:00+00:00,W1151,wagon,retrofit,,retrofit|WS_01
5131.0,2025-12-04T13:31:00+00:00,W1152,wagon,retrofit,,retrofit|WS_01
5136.0,2025-12-04T13:36:00+00:00,W1151,wagon,WS_01,,
5136.0,2025-12-04T13:36:00+00:00,W1152,wagon,WS_01,,
5142.0,2025-12-04T13:42:00+00:00,W1151,wagon,WS_01,,
5142.0,2025-12-04T13:42:00+00:00,W1152,wagon,WS_01,,
5142.0,2025-12-04T13:42:00+00:00,LOCO_01,locomotive,track_19,WS_01,
5147.0,2025-12-04T13:47:00+00:00,LOCO_01,locomotive,collection1,track_19,
5174.0,2025-12-04T14:14:00+00:00,LOCO_02,locomotive,WS_02,track_19,
5181.0,2025-12-04T14:21:00+00:00,LOCO_02,locomotive,retrofitted,WS_02,
5181.0,2025-12-04T14:21:00+00:00,W1149,wagon,WS_02,,WS_02|retrofitted
5181.0,2025-12-04T14:21:00+00:00,W1150,wagon,WS_02,,WS_02|retrofitted
5186.0,2025-12-04T14:26:00+00:00,W1149,wagon,retrofitted,,
5186.0,2025-12-04T14:26:00+00:00,W1150,wagon,retrofitted,,
5186.0,2025-12-04T14:26:00+00:00,LOCO_02,locomotive,track_19,retrofitted,
5191.0,2025-12-04T14:31:00+00:00,LOCO_02,locomotive,collection2,track_19,
5224.0,2025-12-04T15:04:00+00:00,LOCO_01,locomotive,retrofit,collection1,
5224.0,2025-12-04T15:04:00+00:00,W7115,wagon,collection1,,collection1|Mainline|retrofit
5224.0,2025-12-04T15:04:00+00:00,W11723,wagon,collection1,,collection1|Mainline|retrofit
5224.0,2025-12-04T15:04:00+00:00,W8675,wagon,collection1,,collection1|Mainline|retrofit
5224.0,2025-12-04T15:04:00+00:00,W10706,wagon,collection1,,collection1|Mainline|retrofit
5224.0,2025-12-04T15:04:00+00:00,W9959,wagon,collection1,,collection1|Mainline|retrofit
5224.0,2025-12-04T15:04:00+00:00,W2737,wagon,collection1,,collection1|Mainline|retrofit
5224.0,2025-12-04T15:04:00+00:00,W10081,wagon,collection1,,collection1|Mainline|retrofit
5224.0,2025-12-04T15:04:00+00:00,W7253,wagon,collection1,,collection1|Mainline|retrofit
5256.0,2025-12-04T15:36:00+00:00,LOCO_02,locomotive,retrofit,collection2,
5256.0,2025-12-04T15:36:00+00:00,W7261,wagon,collection2,,collection2|Mainline|retrofit
5256.0,2025-12-04T15:36:00+00:00,W11014,wagon,collection2,,collection2|Mainline|retrofit
5284.0,2025-12-04T16:04:00+00:00,W7115,wagon,retrofit,,
5284.0,2025-12-04T16:04:00+00:00,W11723,wagon,retrofit,,
5284.0,2025-12-04T16:04:00+00:00,W8675,wagon,retrofit,,
5284.0,2025-12-04T16:04:00+00:00,W10706,wagon,retrofit,,
5284.0,2025-12-04T16:04:00+00:00,W9959,wagon,retrofit,,
5284.0,2025-12-04T16:04:00+00:00,W2737,wagon,retrofit,,
5284.0,2025-12-04T16:04:00+00:00,W10081,wagon,retrofit,,
5284.0,2025-12-04T16:04:00+00:00,W7253,wagon,retrofit,,
5316.0,2025-12-04T16:36:00+00:00,W7261,wagon,retrofit,,
5316.0,2025-12-04T16:36:00+00:00,W11014,wagon,retrofit,,
5325.0,2025-12-04T16:45:00+00:00,LOCO_02,locomotive,track_19,retrofit,
5329.0,2025-12-04T16:49:00+00:00,LOCO_01,locomotive,track_19,retrofit,
5330.0,2025-12-04T16:50:00+00:00,LOCO_02,locomotive,WS_01,track_19,
5336.0,2025-12-04T16:56:00+00:00,LOCO_01,locomotive,retrofit,track_19,
5337.0,2025-12-04T16:57:00+00:00,LOCO_02,locomotive,retrofitted,WS_01,
5337.0,2025-12-04T16:57:00+00:00,W1151,wagon,WS_01,,WS_01|retrofitted
5337.0,2025-12-04T16:57:00+00:00,W1152,wagon,WS_01,,WS_01|retrofitted
5342.0,2025-12-04T17:02:00+00:00,W1151,wagon,retrofitted,,
5342.0,2025-12-04T17:02:00+00:00,W1152,wagon,retrofitted,,
5342.0,2025-12-04T17:02:00+00:00,LOCO_02,locomotive,track_19,retrofitted,
5344.0,2025-12-04T17:04:00+00:00,LOCO_01,locomotive,WS_02,retrofit,
5344.0,2025-12-04T17:04:00+00:00,W11989,wagon,retrofit,,retrofit|WS_02
5344.0,2025-12-04T17:04:00+00:00,W10725,wagon,retrofit,,retrofit|WS_02
5347.0,2025-12-04T17:07:00+00:00,LOCO_02,locomotive,retrofitted,track_19,
5349.0,2025-12-04T17:09:00+00:00,W11989,wagon,WS_02,,
5349.0,2025-12-04T17:09:00+00:00,W10725,wagon,WS_02,,
5355.0,2025-12-04T17:15:00+00:00,W11989,wagon,WS_02,,
5355.0,2025-12-04T17:15:00+00:00,W10725,wagon,WS_02,,
5355.0,2025-12-04T17:15:00+00:00,LOCO_01,locomotive,track_19,WS_02,
5357.0,2025-12-04T17:17:00+00:00,LOCO_02,locomotive,parking16,retrofitted,
5362.0,2025-12-04T17:22:00+00:00,LOCO_01,locomotive,retrofit,track_19,
5370.0,2025-12-04T17:30:00+00:00,LOCO_01,locomotive,WS_01,retrofit,
5370.0,2025-12-04T17:30:00+00:00,W10728,wagon,retrofit,,retrofit|WS_01
5370.0,2025-12-04T17:30:00+00:00,W5978,wagon,retrofit,,retrofit|WS_01
5375.0,2025-12-04T17:35:00+00:00,W10728,wagon,WS_01,,
5375.0,2025-12-04T17:35:00+00:00,W5978,wagon,WS_01,,
5381.0,2025-12-04T17:41:00+00:00,W10728,wagon,WS_01,,
5381.0,2025-12-04T17:41:00+00:00,W5978,wagon,WS_01,,
5381.0,2025-12-04T17:41:00+00:00,LOCO_01,locomotive,track_19,WS_01,
5397.75,2025-12-04T17:57:45+00:00,W7316,wagon,collection1,,
5397.75,2025-12-04T17:57:45+00:00,W9534,wagon,collection2,,
5397.75,2025-12-04T17:57:45+00:00,W11953,wagon,collection2,,
5397.75,2025-12-04T17:57:45+00:00,W9237,wagon,collection2,,
5397.75,2025-12-04T17:57:45+00:00,W2853,wagon,collection2,,
5415.5,2025-12-04T18:15:30+00:00,LOCO_01,locomotive,WS_02,track_19,
5422.5,2025-12-04T18:22:30+00:00,LOCO_01,locomotive,retrofitted,WS_02,
5422.5,2025-12-04T18:22:30+00:00,W11989,wagon,WS_02,,WS_02|retrofitted
5422.5,2025-12-04T18:22:30+00:00,W10725,wagon,WS_02,,WS_02|retrofitted
5427.5,2025-12-04T18:27:30+00:00,W11989,wagon,retrofitted,,
5427.5,2025-12-04T18:27:30+00:00,W10725,wagon,retrofitted,,
5427.5,2025-12-04T18:27:30+00:00,LOCO_01,locomotive,track_19,retrofitted,
5434.5,2025-12-04T18:34:30+00:00,LOCO_01,locomotive,retrofit,track_19,
5442.5,2025-12-04T18:42:30+00:00,LOCO_01,locomotive,WS_02,retrofit,
5442.5,2025-12-04T18:42:30+00:00,W5686,wagon,retrofit,,retrofit|WS_02
5442.5,2025-12-04T18:42:30+00:00,W11361,wagon,retrofit,,retrofit|WS_02
5447.5,2025-12-04T18:47:30+00:00,W5686,wagon,WS_02,,
5447.5,2025-12-04T18:47:30+00:00,W11361,wagon,WS_02,,
5453.5,2025-12-04T18:53:30+00:00,W5686,wagon,WS_02,,
5453.5,2025-12-04T18:53:30+00:00,W11361,wagon,WS_02,,
5453.5,2025-12-04T18:53:30+00:00,LOCO_01,locomotive,track_19,WS_02,
5458.5,2025-12-04T18:58:30+00:00,LOCO_01,locomotive,WS_01,track_19,
5465.5,2025-12-04T19:05:30+00:00,LOCO_01,locomotive,retrofitted,WS_01,
5465.5,2025-12-04T19:05:30+00:00,W10728,wagon,WS_01,,WS_01|retrofitted
5465.5,2025-12-04T19:05:30+00:00,W5978,wagon,WS_01,,WS_01|retrofitted
5470.5,2025-12-04T19:10:30+00:00,W10728,wagon,retrofitted,,
5470.5,2025-12-04T19:10:30+00:00,W5978,wagon,retrofitted,,
5470.5,2025-12-04T19:10:30+00:00,LOCO_01,locomotive,track_19,retrofitted,
5477.5,2025-12-04T19:17:30+00:00,LOCO_01,locomotive,retrofit,track_19,
5484.5,2025-12-04T19:24:30+00:00,W3651,wagon,parking16,,
5484.5,2025-12-04T19:24:30+00:00,W4026,wagon,parking16,,
5484.5,2025-12-04T19:24:30+00:00,W2716,wagon,parking16,,
5484.5,2025-12-04T19:24:30+00:00,W11256,wagon,parking16,,
5484.5,2025-12-04T19:24:30+00:00,W10892,wagon,parking16,,
5484.5,2025-12-04T19:24:30+00:00,W1906,wagon,parking16,,
5484.5,2025-12-04T19:24:30+00:00,W1158,wagon,parking16,,
5484.5,2025-12-04T19:24:30+00:00,W1139,wagon,parking16,,
5484.5,2025-12-04T19:24:30+00:00,LOCO_02,locomotive,track_19,parking16,
5485.5,2025-12-04T19:25:30+00:00,LOCO_01,locomotive,WS_01,retrofit,
5485.5,2025-12-04T19:25:30+00:00,W7115,wagon,retrofit,,retrofit|WS_01
5485.5,2025-12-04T19:25:30+00:00,W11723,wagon,retrofit,,retrofit|WS_01
5490.5,2025-12-04T19:30:30+00:00,W7115,wagon,WS_01,,
5490.5,2025-12-04T19:30:30+00:00,W11723,wagon,WS_01,,
5496.5,2025-12-04T19:36:30+00:00,W7115,wagon,WS_01,,
5496.5,2025-12-04T19:36:30+00:00,W11723,wagon,WS_01,,
5496.5,2025-12-04T19:36:30+00:00,LOCO_01,locomotive,track_19,WS_01,
5501.5,2025-12-04T19:41:30+00:00,LOCO_01,locomotive,collection2,track_19,
5544.5,2025-12-04T20:24:30+00:00,LOCO_02,locomotive,WS_02,track_19,
5551.5,2025-12-04T20:31:30+00:00,LOCO_02,locomotive,retrofitted,WS_02,
5551.5,2025-12-04T20:31:30+00:00,W5686,wagon,WS_02,,WS_02|retrofitted
5551.5,2025-12-04T20:31:30+00:00,W11361,wagon,WS_02,,WS_02|retrofitted
5556.5,2025-12-04T20:36:30+00:00,W5686,wagon,retrofitted,,
5556.5,2025-12-04T20:36:30+00:00,W11361,wagon,retrofitted,,
5556.5,2025-12-04T20:36:30+00:00,LOCO_02,locomotive,track_19,retrofitted,
5561.5,2025-12-04T20:41:30+00:00,LOCO_02,locomotive,WS_01,track_19,
5568.5,2025-12-04T20:48:30+00:00,LOCO_02,locomotive,retrofitted,WS_01,
5568.5,2025-12-04T20:48:30+00:00,W7115,wagon,WS_01,,WS_01|retrofitted
5568.5,2025-12-04T20:48:30+00:00,W11723,wagon,WS_01,,WS_01|retrofitted
5570.5,2025-12-04T20:50:30+00:00,LOCO_01,locomotive,retrofit,collection2,
5570.5,2025-12-04T20:50:30+00:00,W9040,wagon,collection2,,collection2|Mainline|retrofit
5570.5,2025-12-04T20:50:30+00:00,W9345,wagon,collection2,,collection2|Mainline|retrofit
5570.5,2025-12-04T20:50:30+00:00,W8705,wagon,collection2,,collection2|Mainline|retrofit
5570.5,2025-12-04T20:50:30+00:00,W5057,wagon,collection2,,collection2|Mainline|retrofit
5573.5,2025-12-04T20:53:30+00:00,W7115,wagon,retrofitted,,
5573.5,2025-12-04T20:53:30+00:00,W11723,wagon,retrofitted,,
5573.5,2025-12-04T20:53:30+00:00,LOCO_02,locomotive,track_19,retrofitted,
5580.5,2025-12-04T21:00:30+00:00,LOCO_02,locomotive,retrofit,track_19,
5588.5,2025-12-04T21:08:30+00:00,LOCO_02,locomotive,WS_02,retrofit,
5588.5,2025-12-04T21:08:30+00:00,W8675,wagon,retrofit,,retrofit|WS_02
5588.5,2025-12-04T21:08:30+00:00,W10706,wagon,retrofit,,retrofit|WS_02
5593.5,2025-12-04T21:13:30+00:00,W8675,wagon,WS_02,,
5593.5,2025-12-04T21:13:30+00:00,W10706,wagon,WS_02,,
5599.5,2025-12-04T21:19:30+00:00,W8675,wagon,WS_02,,
5599.5,2025-12-04T21:19:30+00:00,W10706,wagon,WS_02,,
5599.5,2025-12-04T21:19:30+00:00,LOCO_02,locomotive,track_19,WS_02,
5606.5,2025-12-04T21:26:30+00:00,LOCO_02,locomotive,retrofit,track_19,
5614.5,2025-12-04T21:34:30+00:00,LOCO_02,locomotive,WS_01,retrofit,
5614.5,2025-12-04T21:34:30+00:00,W9959,wagon,retrofit,,retrofit|WS_01
5614.5,2025-12-04T21:34:30+00:00,W2737,wagon,retrofit,,retrofit|WS_01
5619.5,2025-12-04T21:39:30+00:00,W9959,wagon,WS_01,,
5619.5,2025-12-04T21:39:30+00:00,W2737,wagon,WS_01,,
5625.5,2025-12-04T21:45:30+00:00,W9959,wagon,WS_01,,
5625.5,2025-12-04T21:45:30+00:00,W2737,wagon,WS_01,,
5625.5,2025-12-04T21:45:30+00:00,LOCO_02,locomotive,track_19,WS_01,
5630.5,2025-12-04T21:50:30+00:00,W9040,wagon,retrofit,,
5630.5,2025-12-04T21:50:30+00:00,W9345,wagon,retrofit,,
5630.5,2025-12-04T21:50:30+00:00,W8705,wagon,retrofit,,
5630.5,2025-12-04T21:50:30+00:00,W5057,wagon,retrofit,,
5630.5,2025-12-04T21:50:30+00:00,LOCO_02,locomotive,collection1,track_19,
5651.5,2025-12-04T22:11:30+00:00,LOCO_01,locomotive,track_19,retrofit,
5656.5,2025-12-04T22:16:30+00:00,LOCO_01,locomotive,retrofitted,track_19,
5666.5,2025-12-04T22:26:30+00:00,LOCO_01,locomotive,parking1,retrofitted,
5679.0,2025-12-04T22:39:00+00:00,W1149,wagon,parking1,,
5679.0,2025-12-04T22:39:00+00:00,W1150,wagon,parking1,,
5679.0,2025-12-04T22:39:00+00:00,W1151,wagon,parking1,,
5679.0,2025-12-04T22:39:00+00:00,W1152,wagon,parking1,,
5679.0,2025-12-04T22:39:00+00:00,W11989,wagon,parking1,,
5679.0,2025-12-04T22:39:00+00:00,W10725,wagon,parking1,,
5679.0,2025-12-04T22:39:00+00:00,W10728,wagon,parking1,,
5679.0,2025-12-04T22:39:00+00:00,W5978,wagon,parking1,,
5679.0,2025-12-04T22:39:00+00:00,LOCO_01,locomotive,track_19,parking1,
5684.0,2025-12-04T22:44:00+00:00,LOCO_01,locomotive,WS_02,track_19,
5691.0,2025-12-04T22:51:00+00:00,LOCO_01,locomotive,retrofitted,WS_02,
5691.0,2025-12-04T22:51:00+00:00,W8675,wagon,WS_02,,WS_02|retrofitted
5691.0,2025-12-04T22:51:00+00:00,W10706,wagon,WS_02,,WS_02|retrofitted
5693.5,2025-12-04T22:53:30+00:00,LOCO_02,locomotive,retrofit,collection1,
5693.5,2025-12-04T22:53:30+00:00,W2971,wagon,collection1,,collection1|Mainline|retrofit
5696.0,2025-12-04T22:56:00+00:00,W8675,wagon,retrofitted,,
5696.0,2025-12-04T22:56:00+00:00,W10706,wagon,retrofitted,,
5696.0,2025-12-04T22:56:00+00:00,LOCO_01,locomotive,track_19,retrofitted,
5701.0,2025-12-04T23:01:00+00:00,LOCO_01,locomotive,WS_01,track_19,
5708.0,2025-12-04T23:08:00+00:00,LOCO_01,locomotive,retrofitted,WS_01,
5708.0,2025-12-04T23:08:00+00:00,W9959,wagon,WS_01,,WS_01|retrofitted
5708.0,2025-12-04T23:08:00+00:00,W2737,wagon,WS_01,,WS_01|retrofitted
5713.0,2025-12-04T23:13:00+00:00,W9959,wagon,retrofitted,,
5713.0,2025-12-04T23:13:00+00:00,W2737,wagon,retrofitted,,
5713.0,2025-12-04T23:13:00+00:00,LOCO_01,locomotive,track_19,retrofitted,
5720.0,2025-12-04T23:20:00+00:00,LOCO_01,locomotive,retrofit,track_19,
5724.0,2025-12-04T23:24:00+00:00,W11482,wagon,collection2,,
5724.0,2025-12-04T23:24:00+00:00,W8671,wagon,collection2,,
5724.0,2025-12-04T23:24:00+00:00,W11252,wagon,collection2,,
5724.0,2025-12-04T23:24:00+00:00,W5452,wagon,collection2,,
5724.0,2025-12-04T23:24:00+00:00,W6800,wagon,collection2,,
5728.0,2025-12-04T23:28:00+00:00,LOCO_01,locomotive,WS_02,retrofit,
5728.0,2025-12-04T23:28:00+00:00,W10081,wagon,retrofit,,retrofit|WS_02
5728.0,2025-12-04T23:28:00+00:00,W7253,wagon,retrofit,,retrofit|WS_02
5733.0,2025-12-04T23:33:00+00:00,W10081,wagon,WS_02,,
5733.0,2025-12-04T23:33:00+00:00,W7253,wagon,WS_02,,
5739.0,2025-12-04T23:39:00+00:00,W10081,wagon,WS_02,,
5739.0,2025-12-04T23:39:00+00:00,W7253,wagon,WS_02,,
5739.0,2025-12-04T23:39:00+00:00,LOCO_01,locomotive,track_19,WS_02,
5746.0,2025-12-04T23:46:00+00:00,LOCO_01,locomotive,retrofit,track_19,
5753.5,2025-12-04T23:53:30+00:00,W2971,wagon,retrofit,,
5754.0,2025-12-04T23:54:00+00:00,LOCO_01,locomotive,WS_01,retrofit,
5754.0,2025-12-04T23:54:00+00:00,W7261,wagon,retrofit,,retrofit|WS_01
5754.0,2025-12-04T23:54:00+00:00,W11014,wagon,retrofit,,retrofit|WS_01
5756.5,2025-12-04T23:56:30+00:00,LOCO_02,locomotive,track_19,retrofit,
5758.0,2025-12-04T23:58:00+00:00,W8380,wagon,collection2,,
5758.0,2025-12-04T23:58:00+00:00,W8378,wagon,collection2,,
5759.0,2025-12-04T23:59:00+00:00,W7261,wagon,WS_01,,
5759.0,2025-12-04T23:59:00+00:00,W11014,wagon,WS_01,,
5761.5,2025-12-05T00:01:30+00:00,LOCO_02,locomotive,collection2,track_19,
5765.0,2025-12-05T00:05:00+00:00,W7261,wagon,WS_01,,
5765.0,2025-12-05T00:05:00+00:00,W11014,wagon,WS_01,,
5765.0,2025-12-05T00:05:00+00:00,LOCO_01,locomotive,track_19,WS_01,
5770.0,2025-12-05T00:10:00+00:00,LOCO_01,locomotive,retrofitted,track_19,
5775.25,2025-12-05T00:15:15+00:00,W9397,wagon,collection1,,
5775.25,2025-12-05T00:15:15+00:00,W9591,wagon,collection1,,
5775.25,2025-12-05T00:15:15+00:00,W9573,wagon,collection1,,
5778.0,2025-12-05T00:18:00+00:00,LOCO_01,locomotive,parking13,retrofitted,
5840.5,2025-12-05T01:20:30+00:00,LOCO_02,locomotive,retrofit,collection2,
5840.5,2025-12-05T01:20:30+00:00,W4522,wagon,collection2,,collection2|Mainline|retrofit
5840.5,2025-12-05T01:20:30+00:00,W4479,wagon,collection2,,collection2|Mainline|retrofit
5840.5,2025-12-05T01:20:30+00:00,W12036,wagon,collection2,,collection2|Mainline|retrofit
5840.5,2025-12-05T01:20:30+00:00,W2786,wagon,collection2,,collection2|Mainline|retrofit
5840.5,2025-12-05T01:20:30+00:00,W9981,wagon,collection2,,collection2|Mainline|retrofit
5840.5,2025-12-05T01:20:30+00:00,W6246,wagon,collection2,,collection2|Mainline|retrofit
5840.5,2025-12-05T01:20:30+00:00,W5947,wagon,collection2,,collection2|Mainline|retrofit
5840.5,2025-12-05T01:20:30+00:00,W5711,wagon,collection2,,collection2|Mainline|retrofit
5840.5,2025-12-05T01:20:30+00:00,W6884,wagon,collection2,,collection2|Mainline|retrofit
5856.5,2025-12-05T01:36:30+00:00,W5686,wagon,parking13,,
5856.5,2025-12-05T01:36:30+00:00,W11361,wagon,parking13,,
5856.5,2025-12-05T01:36:30+00:00,W7115,wagon,parking13,,
5856.5,2025-12-05T01:36:30+00:00,W11723,wagon,parking13,,
5856.5,2025-12-05T01:36:30+00:00,LOCO_01,locomotive,track_19,parking13,
5900.5,2025-12-05T02:20:30+00:00,W4522,wagon,retrofit,,
5900.5,2025-12-05T02:20:30+00:00,W4479,wagon,retrofit,,
5900.5,2025-12-05T02:20:30+00:00,W12036,wagon,retrofit,,
5900.5,2025-12-05T02:20:30+00:00,W2786,wagon,retrofit,,
5900.5,2025-12-05T02:20:30+00:00,W9981,wagon,retrofit,,
5900.5,2025-12-05T02:20:30+00:00,W6246,wagon,retrofit,,
5900.5,2025-12-05T02:20:30+00:00,W5947,wagon,retrofit,,
5900.5,2025-12-05T02:20:30+00:00,W5711,wagon,retrofit,,
5900.5,2025-12-05T02:20:30+00:00,W6884,wagon,retrofit,,
5916.5,2025-12-05T02:36:30+00:00,LOCO_01,locomotive,WS_02,track_19,
5923.5,2025-12-05T02:43:30+00:00,LOCO_01,locomotive,retrofitted,WS_02,
5923.5,2025-12-05T02:43:30+00:00,W10081,wagon,WS_02,,WS_02|retrofitted
5923.5,2025-12-05T02:43:30+00:00,W7253,wagon,WS_02,,WS_02|retrofitted
5923.75,2025-12-05T02:43:45+00:00,W12355,wagon,collection1,,
5928.5,2025-12-05T02:48:30+00:00,W10081,wagon,retrofitted,,
5928.5,2025-12-05T02:48:30+00:00,W7253,wagon,retrofitted,,
5928.5,2025-12-05T02:48:30+00:00,LOCO_01,locomotive,track_19,retrofitted,
5933.5,2025-12-05T02:53:30+00:00,LOCO_01,locomotive,WS_01,track_19,
5940.5,2025-12-05T03:00:30+00:00,LOCO_01,locomotive,retrofitted,WS_01,
5940.5,2025-12-05T03:00:30+00:00,W7261,wagon,WS_01,,WS_01|retrofitted
5940.5,2025-12-05T03:00:30+00:00,W11014,wagon,WS_01,,WS_01|retrofitted
5945.5,2025-12-05T03:05:30+00:00,W7261,wagon,retrofitted,,
5945.5,2025-12-05T03:05:30+00:00,W11014,wagon,retrofitted,,
5945.5,2025-12-05T03:05:30+00:00,LOCO_01,locomotive,track_19,retrofitted,
5951.5,2025-12-05T03:11:30+00:00,LOCO_02,locomotive,track_19,retrofit,
5952.5,2025-12-05T03:12:30+00:00,LOCO_01,locomotive,retrofit,track_19,
5958.5,2025-12-05T03:18:30+00:00,LOCO_02,locomotive,retrofit,track_19,
5960.5,2025-12-05T03:20:30+00:00,LOCO_01,locomotive,WS_02,retrofit,
5960.5,2025-12-05T03:20:30+00:00,W9040,wagon,retrofit,,retrofit|WS_02
5960.5,2025-12-05T03:20:30+00:00,W9345,wagon,retrofit,,retrofit|WS_02
5965.5,2025-12-05T03:25:30+00:00,W9040,wagon,WS_02,,
5965.5,2025-12-05T03:25:30+00:00,W9345,wagon,WS_02,,
5966.5,2025-12-05T03:26:30+00:00,LOCO_02,locomotive,WS_01,retrofit,
5966.5,2025-12-05T03:26:30+00:00,W8705,wagon,retrofit,,retrofit|WS_01
5966.5,2025-12-05T03:26:30+00:00,W5057,wagon,retrofit,,retrofit|WS_01
5971.5,2025-12-05T03:31:30+00:00,W8705,wagon,WS_01,,
5971.5,2025-12-05T03:31:30+00:00,W5057,wagon,WS_01,,
5971.5,2025-12-05T03:31:30+00:00,W9040,wagon,WS_02,,
5971.5,2025-12-05T03:31:30+00:00,W9345,wagon,WS_02,,
5971.5,2025-12-05T03:31:30+00:00,LOCO_01,locomotive,track_19,WS_02,
5976.5,2025-12-05T03:36:30+00:00,LOCO_01,locomotive,retrofitted,track_19,
5977.5,2025-12-05T03:37:30+00:00,W8705,wagon,WS_01,,
5977.5,2025-12-05T03:37:30+00:00,W5057,wagon,WS_01,,
5977.5,2025-12-05T03:37:30+00:00,LOCO_02,locomotive,track_19,WS_01,
5984.5,2025-12-05T03:44:30+00:00,LOCO_01,locomotive,parking12,retrofitted,
6032.0,2025-12-05T04:32:00+00:00,LOCO_02,locomotive,WS_02,track_19,
6039.0,2025-12-05T04:39:00+00:00,LOCO_02,locomotive,retrofitted,WS_02,
6039.0,2025-12-05T04:39:00+00:00,W9040,wagon,WS_02,,WS_02|retrofitted
6039.0,2025-12-05T04:39:00+00:00,W9345,wagon,WS_02,,WS_02|retrofitted
6044.0,2025-12-05T04:44:00+00:00,W9040,wagon,retrofitted,,
6044.0,2025-12-05T04:44:00+00:00,W9345,wagon,retrofitted,,
6044.0,2025-12-05T04:44:00+00:00,LOCO_02,locomotive,track_19,retrofitted,
6048.0,2025-12-05T04:48:00+00:00,W8675,wagon,parking12,,
6048.0,2025-12-05T04:48:00+00:00,W10706,wagon,parking12,,
6048.0,2025-12-05T04:48:00+00:00,W9959,wagon,parking12,,
6048.0,2025-12-05T04:48:00+00:00,W2737,wagon,parking12,,
6048.0,2025-12-05T04:48:00+00:00,LOCO_01,locomotive,track_19,parking12,
6049.0,2025-12-05T04:49:00+00:00,LOCO_02,locomotive,WS_01,track_19,
6056.0,2025-12-05T04:56:00+00:00,LOCO_02,locomotive,retrofitted,WS_01,
6056.0,2025-12-05T04:56:00+00:00,W8705,wagon,WS_01,,WS_01|retrofitted
6056.0,2025-12-05T04:56:00+00:00,W5057,wagon,WS_01,,WS_01|retrofitted
6061.0,2025-12-05T05:01:00+00:00,W8705,wagon,retrofitted,,
6061.0,2025-12-05T05:01:00+00:00,W5057,wagon,retrofitted,,
6061.0,2025-12-05T05:01:00+00:00,LOCO_02,locomotive,track_19,retrofitted,
6067.5,2025-12-05T05:07:30+00:00,W9440,wagon,collection2,,
6067.5,2025-12-05T05:07:30+00:00,W9489,wagon,collection2,,
6067.5,2025-12-05T05:07:30+00:00,W2712,wagon,collection2,,
6068.0,2025-12-05T05:08:00+00:00,LOCO_02,locomotive,retrofit,track_19,
6076.0,2025-12-05T05:16:00+00:00,LOCO_02,locomotive,WS_02,retrofit,
6076.0,2025-12-05T05:16:00+00:00,W2971,wagon,retrofit,,retrofit|WS_02
6076.0,2025-12-05T05:16:00+00:00,W4522,wagon,retrofit,,retrofit|WS_02
6081.0,2025-12-05T05:21:00+00:00,W2971,wagon,WS_02,,
6081.0,2025-12-05T05:21:00+00:00,W4522,wagon,WS_02,,
6087.0,2025-12-05T05:27:00+00:00,W2971,wagon,WS_02,,
6087.0,2025-12-05T05:27:00+00:00,W4522,wagon,WS_02,,
6087.0,2025-12-05T05:27:00+00:00,LOCO_02,locomotive,track_19,WS_02,
6094.0,2025-12-05T05:34:00+00:00,LOCO_02,locomotive,retrofit,track_19,
6102.0,2025-12-05T05:42:00+00:00,LOCO_02,locomotive,WS_01,retrofit,
6102.0,2025-12-05T05:42:00+00:00,W4479,wagon,retrofit,,retrofit|WS_01
6102.0,2025-12-05T05:42:00+00:00,W12036,wagon,retrofit,,retrofit|WS_01
6107.0,2025-12-05T05:47:00+00:00,W4479,wagon,WS_01,,
6107.0,2025-12-05T05:47:00+00:00,W12036,wagon,WS_01,,
6108.0,2025-12-05T05:48:00+00:00,LOCO_01,locomotive,collection1,track_19,
6113.0,2025-12-05T05:53:00+00:00,W4479,wagon,WS_01,,
6113.0,2025-12-05T05:53:00+00:00,W12036,wagon,WS_01,,
6113.0,2025-12-05T05:53:00+00:00,LOCO_02,locomotive,track_19,WS_01,
6118.0,2025-12-05T05:58:00+00:00,LOCO_02,locomotive,collection2,track_19,
6175.0,2025-12-05T06:55:00+00:00,LOCO_01,locomotive,retrofit,collection1,
6175.0,2025-12-05T06:55:00+00:00,W0607,wagon,collection1,,collection1|Mainline|retrofit
6175.0,2025-12-05T06:55:00+00:00,W0032,wagon,collection1,,collection1|Mainline|retrofit
6175.0,2025-12-05T06:55:00+00:00,W6592,wagon,collection1,,collection1|Mainline|retrofit
6187.0,2025-12-05T07:07:00+00:00,LOCO_02,locomotive,retrofit,collection2,
6187.0,2025-12-05T07:07:00+00:00,W5575,wagon,collection2,,collection2|Mainline|retrofit
6187.0,2025-12-05T07:07:00+00:00,W8085,wagon,collection2,,collection2|Mainline|retrofit
6187.0,2025-12-05T07:07:00+00:00,W8082,wagon,collection2,,collection2|Mainline|retrofit
6187.0,2025-12-05T07:07:00+00:00,W0117,wagon,collection2,,collection2|Mainline|retrofit
6235.0,2025-12-05T07:55:00+00:00,W0607,wagon,retrofit,,
6235.0,2025-12-05T07:55:00+00:00,W0032,wagon,retrofit,,
6235.0,2025-12-05T07:55:00+00:00,W6592,wagon,retrofit,,
6247.0,2025-12-05T08:07:00+00:00,W5575,wagon,retrofit,,
6247.0,2025-12-05T08:07:00+00:00,W8085,wagon,retrofit,,
6247.0,2025-12-05T08:07:00+00:00,W8082,wagon,retrofit,,
6247.0,2025-12-05T08:07:00+00:00,W0117,wagon,retrofit,,
6250.0,2025-12-05T08:10:00+00:00,LOCO_01,locomotive,track_19,retrofit,
6255.0,2025-12-05T08:15:00+00:00,LOCO_01,locomotive,WS_02,track_19,
6262.0,2025-12-05T08:22:00+00:00,LOCO_01,locomotive,retrofitted,WS_02,
6262.0,2025-12-05T08:22:00+00:00,W2971,wagon,WS_02,,WS_02|retrofitted
6262.0,2025-12-05T08:22:00+00:00,W4522,wagon,WS_02,,WS_02|retrofitted
6267.0,2025-12-05T08:27:00+00:00,W2971,wagon,retrofitted,,
6267.0,2025-12-05T08:27:00+00:00,W4522,wagon,retrofitted,,
6267.0,2025-12-05T08:27:00+00:00,LOCO_01,locomotive,track_19,retrofitted,
6268.0,2025-12-05T08:28:00+00:00,LOCO_02,locomotive,track_19,retrofit,
6272.0,2025-12-05T08:32:00+00:00,LOCO_01,locomotive,WS_01,track_19,
6275.0,2025-12-05T08:35:00+00:00,LOCO_02,locomotive,retrofit,track_19,
6279.0,2025-12-05T08:39:00+00:00,LOCO_01,locomotive,retrofitted,WS_01,
6279.0,2025-12-05T08:39:00+00:00,W4479,wagon,WS_01,,WS_01|retrofitted
6279.0,2025-12-05T08:39:00+00:00,W12036,wagon,WS_01,,WS_01|retrofitted
6283.0,2025-12-05T08:43:00+00:00,LOCO_02,locomotive,WS_02,retrofit,
6283.0,2025-12-05T08:43:00+00:00,W2786,wagon,retrofit,,retrofit|WS_02
6283.0,2025-12-05T08:43:00+00:00,W9981,wagon,retrofit,,retrofit|WS_02
6284.0,2025-12-05T08:44:00+00:00,W4479,wagon,retrofitted,,
6284.0,2025-12-05T08:44:00+00:00,W12036,wagon,retrofitted,,
6284.0,2025-12-05T08:44:00+00:00,LOCO_01,locomotive,track_19,retrofitted,
6288.0,2025-12-05T08:48:00+00:00,W2786,wagon,WS_02,,
6288.0,2025-12-05T08:48:00+00:00,W9981,wagon,WS_02,,
6289.0,2025-12-05T08:49:00+00:00,LOCO_01,locomotive,retrofitted,track_19,
6294.0,2025-12-05T08:54:00+00:00,W2786,wagon,WS_02,,
6294.0,2025-12-05T08:54:00+00:00,W9981,wagon,WS_02,,
6294.0,2025-12-05T08:54:00+00:00,LOCO_02,locomotive,track_19,WS_02,
6299.0,2025-12-05T08:59:00+00:00,LOCO_01,locomotive,parking10,retrofitted,
6301.0,2025-12-05T09:01:00+00:00,LOCO_02,locomotive,retrofit,track_19,
6309.0,2025-12-05T09:09:00+00:00,LOCO_02,locomotive,WS_01,retrofit,
6309.0,2025-12-05T09:09:00+00:00,W6246,wagon,retrofit,,retrofit|WS_01
6309.0,2025-12-05T09:09:00+00:00,W5947,wagon,retrofit,,retrofit|WS_01
6314.0,2025-12-05T09:14:00+00:00,W6246,wagon,WS_01,,
6314.0,2025-12-05T09:14:00+00:00,W5947,wagon,WS_01,,
6320.0,2025-12-05T09:20:00+00:00,W6246,wagon,WS_01,,
6320.0,2025-12-05T09:20:00+00:00,W5947,wagon,WS_01,,
6320.0,2025-12-05T09:20:00+00:00,LOCO_02,locomotive,track_19,WS_01,
6354.5,2025-12-05T09:54:30+00:00,LOCO_02,locomotive,WS_02,track_19,
6361.5,2025-12-05T10:01:30+00:00,LOCO_02,locomotive,retrofitted,WS_02,
6361.5,2025-12-05T10:01:30+00:00,W2786,wagon,WS_02,,WS_02|retrofitted
6361.5,2025-12-05T10:01:30+00:00,W9981,wagon,WS_02,,WS_02|retrofitted
6366.5,2025-12-05T10:06:30+00:00,W2786,wagon,retrofitted,,
6366.5,2025-12-05T10:06:30+00:00,W9981,wagon,retrofitted,,
6366.5,2025-12-05T10:06:30+00:00,LOCO_02,locomotive,track_19,retrofitted,
6366.5,2025-12-05T10:06:30+00:00,W10081,wagon,parking10,,
6366.5,2025-12-05T10:06:30+00:00,W7253,wagon,parking10,,
6366.5,2025-12-05T10:06:30+00:00,W7261,wagon,parking10,,
6366.5,2025-12-05T10:06:30+00:00,W11014,wagon,parking10,,
6366.5,2025-12-05T10:06:30+00:00,W9040,wagon,parking10,,
6366.5,2025-12-05T10:06:30+00:00,W9345,wagon,parking10,,
6366.5,2025-12-05T10:06:30+00:00,W8705,wagon,parking10,,
6366.5,2025-12-05T10:06:30+00:00,W5057,wagon,parking10,,
6366.5,2025-12-05T10:06:30+00:00,LOCO_01,locomotive,track_19,parking10,
6373.5,2025-12-05T10:13:30+00:00,LOCO_02,locomotive,retrofit,track_19,
6381.5,2025-12-05T10:21:30+00:00,LOCO_02,locomotive,WS_02,retrofit,
6381.5,2025-12-05T10:21:30+00:00,W5711,wagon,retrofit,,retrofit|WS_02
6381.5,2025-12-05T10:21:30+00:00,W6884,wagon,retrofit,,retrofit|WS_02
6386.5,2025-12-05T10:26:30+00:00,W5711,wagon,WS_02,,
6386.5,2025-12-05T10:26:30+00:00,W6884,wagon,WS_02,,
6392.5,2025-12-05T10:32:30+00:00,W5711,wagon,WS_02,,
6392.5,2025-12-05T10:32:30+00:00,W6884,wagon,WS_02,,
6392.5,2025-12-05T10:32:30+00:00,LOCO_02,locomotive,track_19,WS_02,
6397.5,2025-12-05T10:37:30+00:00,LOCO_02,locomotive,WS_01,track_19,
6404.5,2025-12-05T10:44:30+00:00,LOCO_02,locomotive,retrofitted,WS_01,
6404.5,2025-12-05T10:44:30+00:00,W6246,wagon,WS_01,,WS_01|retrofitted
6404.5,2025-12-05T10:44:30+00:00,W5947,wagon,WS_01,,WS_01|retrofitted
6409.5,2025-12-05T10:49:30+00:00,W6246,wagon,retrofitted,,
6409.5,2025-12-05T10:49:30+00:00,W5947,wagon,retrofitted,,
6409.5,2025-12-05T10:49:30+00:00,LOCO_02,locomotive,track_19,retrofitted,
6414.5,2025-12-05T10:54:30+00:00,LOCO_02,locomotive,collection1,track_19,
6428.5,2025-12-05T11:08:30+00:00,LOCO_01,locomotive,retrofit,track_19,
6436.5,2025-12-05T11:16:30+00:00,LOCO_01,locomotive,WS_01,retrofit,
6436.5,2025-12-05T11:16:30+00:00,W0607,wagon,retrofit,,retrofit|WS_01
6436.5,2025-12-05T11:16:30+00:00,W0032,wagon,retrofit,,retrofit|WS_01
6441.5,2025-12-05T11:21:30+00:00,W0607,wagon,WS_01,,
6441.5,2025-12-05T11:21:30+00:00,W0032,wagon,WS_01,,
6447.5,2025-12-05T11:27:30+00:00,W0607,wagon,WS_01,,
6447.5,2025-12-05T11:27:30+00:00,W0032,wagon,WS_01,,
6447.5,2025-12-05T11:27:30+00:00,LOCO_01,locomotive,track_19,WS_01,
6452.5,2025-12-05T11:32:30+00:00,LOCO_01,locomotive,collection2,track_19,
6475.5,2025-12-05T11:55:30+00:00,W10249,wagon,collection1,,
6475.5,2025-12-05T11:55:30+00:00,W2050,wagon,collection1,,
6475.5,2025-12-05T11:55:30+00:00,W2386,wagon,collection1,,
6475.5,2025-12-05T11:55:30+00:00,W10254,wagon,collection1,,
6475.5,2025-12-05T11:55:30+00:00,W12057,wagon,collection2,,
6475.5,2025-12-05T11:55:30+00:00,W2136,wagon,collection2,,
6483.5,2025-12-05T12:03:30+00:00,LOCO_02,locomotive,retrofit,collection1,
6483.5,2025-12-05T12:03:30+00:00,W10601,wagon,collection1,,collection1|Mainline|retrofit
6483.5,2025-12-05T12:03:30+00:00,W6942,wagon,collection1,,collection1|Mainline|retrofit
6483.5,2025-12-05T12:03:30+00:00,W2744,wagon,collection1,,collection1|Mainline|retrofit
6483.5,2025-12-05T12:03:30+00:00,W2686,wagon,collection1,,collection1|Mainline|retrofit
6519.5,2025-12-05T12:39:30+00:00,LOCO_01,locomotive,retrofit,collection2,
6519.5,2025-12-05T12:39:30+00:00,W0191,wagon,collection2,,collection2|Mainline|retrofit
6519.5,2025-12-05T12:39:30+00:00,W11315,wagon,collection2,,collection2|Mainline|retrofit
6519.5,2025-12-05T12:39:30+00:00,W6634,wagon,collection2,,collection2|Mainline|retrofit
6543.5,2025-12-05T13:03:30+00:00,W10601,wagon,retrofit,,
6543.5,2025-12-05T13:03:30+00:00,W6942,wagon,retrofit,,
6543.5,2025-12-05T13:03:30+00:00,W2744,wagon,retrofit,,
6543.5,2025-12-05T13:03:30+00:00,W2686,wagon,retrofit,,
6564.5,2025-12-05T13:24:30+00:00,LOCO_02,locomotive,track_19,retrofit,
6569.5,2025-12-05T13:29:30+00:00,LOCO_02,locomotive,WS_02,track_19,
6576.5,2025-12-05T13:36:30+00:00,LOCO_02,locomotive,retrofitted,WS_02,
6576.5,2025-12-05T13:36:30+00:00,W5711,wagon,WS_02,,WS_02|retrofitted
6576.5,2025-12-05T13:36:30+00:00,W6884,wagon,WS_02,,WS_02|retrofitted
6579.5,2025-12-05T13:39:30+00:00,W0191,wagon,retrofit,,
6579.5,2025-12-05T13:39:30+00:00,W11315,wagon,retrofit,,
6579.5,2025-12-05T13:39:30+00:00,W6634,wagon,retrofit,,
6581.5,2025-12-05T13:41:30+00:00,W5711,wagon,retrofitted,,
6581.5,2025-12-05T13:41:30+00:00,W6884,wagon,retrofitted,,
6581.5,2025-12-05T13:41:30+00:00,LOCO_02,locomotive,track_19,retrofitted,
6586.5,2025-12-05T13:46:30+00:00,LOCO_02,locomotive,WS_01,track_19,
6593.5,2025-12-05T13:53:30+00:00,LOCO_02,locomotive,retrofitted,WS_01,
6593.5,2025-12-05T13:53:30+00:00,W0607,wagon,WS_01,,WS_01|retrofitted
6593.5,2025-12-05T13:53:30+00:00,W0032,wagon,WS_01,,WS_01|retrofitted
6594.5,2025-12-05T13:54:30+00:00,LOCO_01,locomotive,track_19,retrofit,
6595.0,2025-12-05T13:55:00+00:00,W5282,wagon,collection1,,
6595.0,2025-12-05T13:55:00+00:00,W9940,wagon,collection1,,
6595.0,2025-12-05T13:55:00+00:00,W9081,wagon,collection1,,
6595.0,2025-12-05T13:55:00+00:00,W12074,wagon,collection1,,
6598.5,2025-12-05T13:58:30+00:00,W0607,wagon,retrofitted,,
6598.5,2025-12-05T13:58:30+00:00,W0032,wagon,retrofitted,,
6598.5,2025-12-05T13:58:30+00:00,LOCO_02,locomotive,track_19,retrofitted,
6601.5,2025-12-05T14:01:30+00:00,LOCO_01,locomotive,retrofit,track_19,
6603.5,2025-12-05T14:03:30+00:00,LOCO_02,locomotive,retrofitted,track_19,
6609.5,2025-12-05T14:09:30+00:00,LOCO_01,locomotive,WS_02,retrofit,
6609.5,2025-12-05T14:09:30+00:00,W6592,wagon,retrofit,,retrofit|WS_02
6609.5,2025-12-05T14:09:30+00:00,W5575,wagon,retrofit,,retrofit|WS_02
6613.5,2025-12-05T14:13:30+00:00,LOCO_02,locomotive,parking15,retrofitted,
6614.5,2025-12-05T14:14:30+00:00,W6592,wagon,WS_02,,
6614.5,2025-12-05T14:14:30+00:00,W5575,wagon,WS_02,,
6620.5,2025-12-05T14:20:30+00:00,W6592,wagon,WS_02,,
6620.5,2025-12-05T14:20:30+00:00,W5575,wagon,WS_02,,
6620.5,2025-12-05T14:20:30+00:00,LOCO_01,locomotive,track_19,WS_02,
6627.5,2025-12-05T14:27:30+00:00,LOCO_01,locomotive,retrofit,track_19,
6635.5,2025-12-05T14:35:30+00:00,LOCO_01,locomotive,WS_01,retrofit,
6635.5,2025-12-05T14:35:30+00:00,W8085,wagon,retrofit,,retrofit|WS_01
6635.5,2025-12-05T14:35:30+00:00,W8082,wagon,retrofit,,retrofit|WS_01
6640.5,2025-12-05T14:40:30+00:00,W8085,wagon,WS_01,,
6640.5,2025-12-05T14:40:30+00:00,W8082,wagon,WS_01,,
6646.5,2025-12-05T14:46:30+00:00,W8085,wagon,WS_01,,
6646.5,2025-12-05T14:46:30+00:00,W8082,wagon,WS_01,,
6646.5,2025-12-05T14:46:30+00:00,LOCO_01,locomotive,track_19,WS_01,
6651.5,2025-12-05T14:51:30+00:00,LOCO_01,locomotive,collection1,track_19,
6666.5,2025-12-05T15:06:30+00:00,W7542,wagon,collection1,,
6666.5,2025-12-05T15:06:30+00:00,W8990,wagon,collection2,,
6666.5,2025-12-05T15:06:30+00:00,W10814,wagon,collection2,,
6696.0,2025-12-05T15:36:00+00:00,W2971,wagon,parking15,,
6696.0,2025-12-05T15:36:00+00:00,W4522,wagon,parking15,,
6696.0,2025-12-05T15:36:00+00:00,W4479,wagon,parking15,,
6696.0,2025-12-05T15:36:00+00:00,W12036,wagon,parking15,,
6696.0,2025-12-05T15:36:00+00:00,W2786,wagon,parking15,,
6696.0,2025-12-05T15:36:00+00:00,W9981,wagon,parking15,,
6696.0,2025-12-05T15:36:00+00:00,W6246,wagon,parking15,,
6696.0,2025-12-05T15:36:00+00:00,W5947,wagon,parking15,,
6696.0,2025-12-05T15:36:00+00:00,LOCO_02,locomotive,track_19,parking15,
6720.5,2025-12-05T16:00:30+00:00,LOCO_01,locomotive,retrofit,collection1,
6720.5,2025-12-05T16:00:30+00:00,W8473,wagon,collection1,,collection1|Mainline|retrofit
6720.5,2025-12-05T16:00:30+00:00,W8383,wagon,collection1,,collection1|Mainline|retrofit
6720.5,2025-12-05T16:00:30+00:00,W9067,wagon,collection1,,collection1|Mainline|retrofit
6720.5,2025-12-05T16:00:30+00:00,W0677,wagon,collection1,,collection1|Mainline|retrofit
6756.0,2025-12-05T16:36:00+00:00,LOCO_02,locomotive,WS_02,track_19,
6763.0,2025-12-05T16:43:00+00:00,LOCO_02,locomotive,retrofitted,WS_02,
6763.0,2025-12-05T16:43:00+00:00,W6592,wagon,WS_02,,WS_02|retrofitted
6763.0,2025-12-05T16:43:00+00:00,W5575,wagon,WS_02,,WS_02|retrofitted
6768.0,2025-12-05T16:48:00+00:00,W6592,wagon,retrofitted,,
6768.0,2025-12-05T16:48:00+00:00,W5575,wagon,retrofitted,,
6768.0,2025-12-05T16:48:00+00:00,LOCO_02,locomotive,track_19,retrofitted,
6773.0,2025-12-05T16:53:00+00:00,LOCO_02,locomotive,WS_01,track_19,
6780.0,2025-12-05T17:00:00+00:00,LOCO_02,locomotive,retrofitted,WS_01,
6780.0,2025-12-05T17:00:00+00:00,W8085,wagon,WS_01,,WS_01|retrofitted
6780.0,2025-12-05T17:00:00+00:00,W8082,wagon,WS_01,,WS_01|retrofitted
6780.5,2025-12-05T17:00:30+00:00,W8473,wagon,retrofit,,
6780.5,2025-12-05T17:00:30+00:00,W8383,wagon,retrofit,,
6780.5,2025-12-05T17:00:30+00:00,W9067,wagon,retrofit,,
6780.5,2025-12-05T17:00:30+00:00,W0677,wagon,retrofit,,
6785.0,2025-12-05T17:05:00+00:00,W8085,wagon,retrofitted,,
6785.0,2025-12-05T17:05:00+00:00,W8082,wagon,retrofitted,,
6785.0,2025-12-05T17:05:00+00:00,LOCO_02,locomotive,track_19,retrofitted,
6792.0,2025-12-05T17:12:00+00:00,LOCO_02,locomotive,retrofit,track_19,
6800.0,2025-12-05T17:20:00+00:00,LOCO_02,locomotive,WS_02,retrofit,
6800.0,2025-12-05T17:20:00+00:00,W0117,wagon,retrofit,,retrofit|WS_02
6800.0,2025-12-05T17:20:00+00:00,W10601,wagon,retrofit,,retrofit|WS_02
6801.5,2025-12-05T17:21:30+00:00,LOCO_01,locomotive,track_19,retrofit,
6805.0,2025-12-05T17:25:00+00:00,W0117,wagon,WS_02,,
6805.0,2025-12-05T17:25:00+00:00,W10601,wagon,WS_02,,
6808.5,2025-12-05T17:28:30+00:00,LOCO_01,locomotive,retrofit,track_19,
6811.0,2025-12-05T17:31:00+00:00,W0117,wagon,WS_02,,
6811.0,2025-12-05T17:31:00+00:00,W10601,wagon,WS_02,,
6811.0,2025-12-05T17:31:00+00:00,LOCO_02,locomotive,track_19,WS_02,
6816.0,2025-12-05T17:36:00+00:00,LOCO_02,locomotive,retrofitted,track_19,
6816.5,2025-12-05T17:36:30+00:00,LOCO_01,locomotive,WS_01,retrofit,
6816.5,2025-12-05T17:36:30+00:00,W6942,wagon,retrofit,,retrofit|WS_01
6816.5,2025-12-05T17:36:30+00:00,W2744,wagon,retrofit,,retrofit|WS_01
6821.5,2025-12-05T17:41:30+00:00,W6942,wagon,WS_01,,
6821.5,2025-12-05T17:41:30+00:00,W2744,wagon,WS_01,,
6824.0,2025-12-05T17:44:00+00:00,LOCO_02,locomotive,parking14,retrofitted,
6827.5,2025-12-05T17:47:30+00:00,W6942,wagon,WS_01,,
6827.5,2025-12-05T17:47:30+00:00,W2744,wagon,WS_01,,
6827.5,2025-12-05T17:47:30+00:00,LOCO_01,locomotive,track_19,WS_01,
6871.5,2025-12-05T18:31:30+00:00,LOCO_01,locomotive,WS_02,track_19,
6878.5,2025-12-05T18:38:30+00:00,LOCO_01,locomotive,retrofitted,WS_02,
6878.5,2025-12-05T18:38:30+00:00,W0117,wagon,WS_02,,WS_02|retrofitted
6878.5,2025-12-05T18:38:30+00:00,W10601,wagon,WS_02,,WS_02|retrofitted
6883.5,2025-12-05T18:43:30+00:00,W0117,wagon,retrofitted,,
6883.5,2025-12-05T18:43:30+00:00,W10601,wagon,retrofitted,,
6883.5,2025-12-05T18:43:30+00:00,LOCO_01,locomotive,track_19,retrofitted,
6888.5,2025-12-05T18:48:30+00:00,LOCO_01,locomotive,WS_01,track_19,
6895.5,2025-12-05T18:55:30+00:00,LOCO_01,locomotive,retrofitted,WS_01,
6895.5,2025-12-05T18:55:30+00:00,W6942,wagon,WS_01,,WS_01|retrofitted
6895.5,2025-12-05T18:55:30+00:00,W2744,wagon,WS_01,,WS_01|retrofitted
6900.5,2025-12-05T19:00:30+00:00,W6942,wagon,retrofitted,,
6900.5,2025-12-05T19:00:30+00:00,W2744,wagon,retrofitted,,
6900.5,2025-12-05T19:00:30+00:00,LOCO_01,locomotive,track_19,retrofitted,
6902.5,2025-12-05T19:02:30+00:00,W5711,wagon,parking14,,
6902.5,2025-12-05T19:02:30+00:00,W6884,wagon,parking14,,
6902.5,2025-12-05T19:02:30+00:00,W0607,wagon,parking14,,
6902.5,2025-12-05T19:02:30+00:00,W0032,wagon,parking14,,
6902.5,2025-12-05T19:02:30+00:00,LOCO_02,locomotive,track_19,parking14,
6907.5,2025-12-05T19:07:30+00:00,LOCO_01,locomotive,retrofit,track_19,
6915.5,2025-12-05T19:15:30+00:00,LOCO_01,locomotive,WS_02,retrofit,
6915.5,2025-12-05T19:15:30+00:00,W2686,wagon,retrofit,,retrofit|WS_02
6915.5,2025-12-05T19:15:30+00:00,W0191,wagon,retrofit,,retrofit|WS_02
6920.5,2025-12-05T19:20:30+00:00,W2686,wagon,WS_02,,
6920.5,2025-12-05T19:20:30+00:00,W0191,wagon,WS_02,,
6926.5,2025-12-05T19:26:30+00:00,W2686,wagon,WS_02,,
6926.5,2025-12-05T19:26:30+00:00,W0191,wagon,WS_02,,
6926.5,2025-12-05T19:26:30+00:00,LOCO_01,locomotive,track_19,WS_02,
6933.5,2025-12-05T19:33:30+00:00,LOCO_01,locomotive,retrofit,track_19,
6941.5,2025-12-05T19:41:30+00:00,LOCO_01,locomotive,WS_01,retrofit,
6941.5,2025-12-05T19:41:30+00:00,W11315,wagon,retrofit,,retrofit|WS_01
6941.5,2025-12-05T19:41:30+00:00,W6634,wagon,retrofit,,retrofit|WS_01
6946.5,2025-12-05T19:46:30+00:00,W11315,wagon,WS_01,,
6946.5,2025-12-05T19:46:30+00:00,W6634,wagon,WS_01,,
6952.5,2025-12-05T19:52:30+00:00,W11315,wagon,WS_01,,
6952.5,2025-12-05T19:52:30+00:00,W6634,wagon,WS_01,,
6952.5,2025-12-05T19:52:30+00:00,LOCO_01,locomotive,track_19,WS_01,
6957.5,2025-12-05T19:57:30+00:00,LOCO_01,locomotive,collection2,track_19,
6962.5,2025-12-05T20:02:30+00:00,LOCO_02,locomotive,collection1,track_19,
7002.0,2025-12-05T20:42:00+00:00,W2652,wagon,collection1,,
7002.0,2025-12-05T20:42:00+00:00,W12385,wagon,collection1,,
7020.5,2025-12-05T21:00:30+00:00,LOCO_01,locomotive,retrofit,collection2,
7020.5,2025-12-05T21:00:30+00:00,W6025,wagon,collection2,,collection2|Mainline|retrofit
7033.5,2025-12-05T21:13:30+00:00,LOCO_02,locomotive,retrofit,collection1,
7033.5,2025-12-05T21:13:30+00:00,W0924,wagon,collection1,,collection1|Mainline|retrofit
7033.5,2025-12-05T21:13:30+00:00,W0685,wagon,collection1,,collection1|Mainline|retrofit
7033.5,2025-12-05T21:13:30+00:00,W0701,wagon,collection1,,collection1|Mainline|retrofit
7033.5,2025-12-05T21:13:30+00:00,W0020,wagon,collection1,,collection1|Mainline|retrofit
7033.5,2025-12-05T21:13:30+00:00,W7316,wagon,collection1,,collection1|Mainline|retrofit
7080.5,2025-12-05T22:00:30+00:00,W6025,wagon,retrofit,,
7083.5,2025-12-05T22:03:30+00:00,LOCO_01,locomotive,track_19,retrofit,
7088.5,2025-12-05T22:08:30+00:00,LOCO_01,locomotive,WS_02,track_19,
7093.5,2025-12-05T22:13:30+00:00,W0924,wagon,retrofit,,
7093.5,2025-12-05T22:13:30+00:00,W0685,wagon,retrofit,,
7093.5,2025-12-05T22:13:30+00:00,W0701,wagon,retrofit,,
7093.5,2025-12-05T22:13:30+00:00,W0020,wagon,retrofit,,
7093.5,2025-12-05T22:13:30+00:00,W7316,wagon,retrofit,,
7095.5,2025-12-05T22:15:30+00:00,LOCO_01,locomotive,retrofitted,WS_02,
7095.5,2025-12-05T22:15:30+00:00,W2686,wagon,WS_02,,WS_02|retrofitted
7095.5,2025-12-05T22:15:30+00:00,W0191,wagon,WS_02,,WS_02|retrofitted
7100.5,2025-12-05T22:20:30+00:00,W2686,wagon,retrofitted,,
7100.5,2025-12-05T22:20:30+00:00,W0191,wagon,retrofitted,,
7100.5,2025-12-05T22:20:30+00:00,LOCO_01,locomotive,track_19,retrofitted,
7105.5,2025-12-05T22:25:30+00:00,LOCO_01,locomotive,WS_01,track_19,
7112.5,2025-12-05T22:32:30+00:00,LOCO_01,locomotive,retrofitted,WS_01,
7112.5,2025-12-05T22:32:30+00:00,W11315,wagon,WS_01,,WS_01|retrofitted
7112.5,2025-12-05T22:32:30+00:00,W6634,wagon,WS_01,,WS_01|retrofitted
7117.5,2025-12-05T22:37:30+00:00,W11315,wagon,retrofitted,,
7117.5,2025-12-05T22:37:30+00:00,W6634,wagon,retrofitted,,
7117.5,2025-12-05T22:37:30+00:00,LOCO_01,locomotive,track_19,retrofitted,
7120.5,2025-12-05T22:40:30+00:00,LOCO_02,locomotive,track_19,retrofit,
7124.5,2025-12-05T22:44:30+00:00,LOCO_01,locomotive,retrofit,track_19,
7127.5,2025-12-05T22:47:30+00:00,LOCO_02,locomotive,retrofit,track_19,
7132.5,2025-12-05T22:52:30+00:00,LOCO_01,locomotive,WS_02,retrofit,
7132.5,2025-12-05T22:52:30+00:00,W8473,wagon,retrofit,,retrofit|WS_02
7132.5,2025-12-05T22:52:30+00:00,W8383,wagon,retrofit,,retrofit|WS_02
7135.5,2025-12-05T22:55:30+00:00,LOCO_02,locomotive,WS_01,retrofit,
7135.5,2025-12-05T22:55:30+00:00,W9067,wagon,retrofit,,retrofit|WS_01
7135.5,2025-12-05T22:55:30+00:00,W0677,wagon,retrofit,,retrofit|WS_01
7137.5,2025-12-05T22:57:30+00:00,W8473,wagon,WS_02,,
7137.5,2025-12-05T22:57:30+00:00,W8383,wagon,WS_02,,
7140.5,2025-12-05T23:00:30+00:00,W9067,wagon,WS_01,,
7140.5,2025-12-05T23:00:30+00:00,W0677,wagon,WS_01,,
7143.5,2025-12-05T23:03:30+00:00,W8473,wagon,WS_02,,
7143.5,2025-12-05T23:03:30+00:00,W8383,wagon,WS_02,,
7143.5,2025-12-05T23:03:30+00:00,LOCO_01,locomotive,track_19,WS_02,
7146.5,2025-12-05T23:06:30+00:00,W9067,wagon,WS_01,,
7146.5,2025-12-05T23:06:30+00:00,W0677,wagon,WS_01,,
7146.5,2025-12-05T23:06:30+00:00,LOCO_02,locomotive,track_19,WS_01,
7148.5,2025-12-05T23:08:30+00:00,LOCO_01,locomotive,retrofitted,track_19,
7158.5,2025-12-05T23:18:30+00:00,LOCO_01,locomotive,parking13,retrofitted,
7167.5,2025-12-05T23:27:30+00:00,W11539,wagon,collection1,,
7167.5,2025-12-05T23:27:30+00:00,W4532,wagon,collection1,,
7167.5,2025-12-05T23:27:30+00:00,W8676,wagon,collection1,,
7167.5,2025-12-05T23:27:30+00:00,W4478,wagon,collection1,,
7167.5,2025-12-05T23:27:30+00:00,W5845,wagon,collection1,,
7167.5,2025-12-05T23:27:30+00:00,W5248,wagon,collection1,,
7167.5,2025-12-05T23:27:30+00:00,W3562,wagon,collection1,,
7167.5,2025-12-05T23:27:30+00:00,W4915,wagon,collection1,,
7195.25,2025-12-05T23:55:15+00:00,W12195,wagon,collection1,,
7195.25,2025-12-05T23:55:15+00:00,W0883,wagon,collection2,,
7195.25,2025-12-05T23:55:15+00:00,W10330,wagon,collection1,,
7195.25,2025-12-05T23:55:15+00:00,W5036,wagon,collection2,,
7204.0,2025-12-06T00:04:00+00:00,LOCO_02,locomotive,WS_02,track_19,
7211.0,2025-12-06T00:11:00+00:00,LOCO_02,locomotive,retrofitted,WS_02,
7211.0,2025-12-06T00:11:00+00:00,W8473,wagon,WS_02,,WS_02|retrofitted
7211.0,2025-12-06T00:11:00+00:00,W8383,wagon,WS_02,,WS_02|retrofitted
7216.0,2025-12-06T00:16:00+00:00,W8473,wagon,retrofitted,,
7216.0,2025-12-06T00:16:00+00:00,W8383,wagon,retrofitted,,
7216.0,2025-12-06T00:16:00+00:00,LOCO_02,locomotive,track_19,retrofitted,
7221.0,2025-12-06T00:21:00+00:00,LOCO_02,locomotive,WS_01,track_19,
7228.0,2025-12-06T00:28:00+00:00,LOCO_02,locomotive,retrofitted,WS_01,
7228.0,2025-12-06T00:28:00+00:00,W9067,wagon,WS_01,,WS_01|retrofitted
7228.0,2025-12-06T00:28:00+00:00,W0677,wagon,WS_01,,WS_01|retrofitted
7233.0,2025-12-06T00:33:00+00:00,W9067,wagon,retrofitted,,
7233.0,2025-12-06T00:33:00+00:00,W0677,wagon,retrofitted,,
7233.0,2025-12-06T00:33:00+00:00,LOCO_02,locomotive,track_19,retrofitted,
7240.0,2025-12-06T00:40:00+00:00,LOCO_02,locomotive,retrofit,track_19,
7241.0,2025-12-06T00:41:00+00:00,W6592,wagon,parking13,,
7241.0,2025-12-06T00:41:00+00:00,W5575,wagon,parking13,,
7241.0,2025-12-06T00:41:00+00:00,W8085,wagon,parking13,,
7241.0,2025-12-06T00:41:00+00:00,W8082,wagon,parking13,,
7241.0,2025-12-06T00:41:00+00:00,W0117,wagon,parking13,,
7241.0,2025-12-06T00:41:00+00:00,W10601,wagon,parking13,,
7241.0,2025-12-06T00:41:00+00:00,W6942,wagon,parking13,,
7241.0,2025-12-06T00:41:00+00:00,W2744,wagon,parking13,,
7241.0,2025-12-06T00:41:00+00:00,LOCO_01,locomotive,track_19,parking13,
7248.0,2025-12-06T00:48:00+00:00,LOCO_02,locomotive,WS_02,retrofit,
7248.0,2025-12-06T00:48:00+00:00,W6025,wagon,retrofit,,retrofit|WS_02
7248.0,2025-12-06T00:48:00+00:00,W0924,wagon,retrofit,,retrofit|WS_02
7253.0,2025-12-06T00:53:00+00:00,W6025,wagon,WS_02,,
7253.0,2025-12-06T00:53:00+00:00,W0924,wagon,WS_02,,
7259.0,2025-12-06T00:59:00+00:00,W6025,wagon,WS_02,,
7259.0,2025-12-06T00:59:00+00:00,W0924,wagon,WS_02,,
7259.0,2025-12-06T00:59:00+00:00,LOCO_02,locomotive,track_19,WS_02,
7266.0,2025-12-06T01:06:00+00:00,LOCO_02,locomotive,retrofit,track_19,
7274.0,2025-12-06T01:14:00+00:00,LOCO_02,locomotive,WS_01,retrofit,
7274.0,2025-12-06T01:14:00+00:00,W0685,wagon,retrofit,,retrofit|WS_01
7274.0,2025-12-06T01:14:00+00:00,W0701,wagon,retrofit,,retrofit|WS_01
7279.0,2025-12-06T01:19:00+00:00,W0685,wagon,WS_01,,
7279.0,2025-12-06T01:19:00+00:00,W0701,wagon,WS_01,,
7285.0,2025-12-06T01:25:00+00:00,W0685,wagon,WS_01,,
7285.0,2025-12-06T01:25:00+00:00,W0701,wagon,WS_01,,
7285.0,2025-12-06T01:25:00+00:00,LOCO_02,locomotive,track_19,WS_01,
7290.0,2025-12-06T01:30:00+00:00,LOCO_02,locomotive,collection2,track_19,
7301.0,2025-12-06T01:41:00+00:00,LOCO_01,locomotive,collection1,track_19,
7359.0,2025-12-06T02:39:00+00:00,LOCO_02,locomotive,retrofit,collection2,
7359.0,2025-12-06T02:39:00+00:00,W9534,wagon,collection2,,collection2|Mainline|retrofit
7359.0,2025-12-06T02:39:00+00:00,W11953,wagon,collection2,,collection2|Mainline|retrofit
7359.0,2025-12-06T02:39:00+00:00,W9237,wagon,collection2,,collection2|Mainline|retrofit
7359.0,2025-12-06T02:39:00+00:00,W2853,wagon,collection2,,collection2|Mainline|retrofit
7360.25,2025-12-06T02:40:15+00:00,W2831,wagon,collection2,,
7374.0,2025-12-06T02:54:00+00:00,LOCO_01,locomotive,retrofit,collection1,
7374.0,2025-12-06T02:54:00+00:00,W9397,wagon,collection1,,collection1|Mainline|retrofit
7374.0,2025-12-06T02:54:00+00:00,W9591,wagon,collection1,,collection1|Mainline|retrofit
7374.0,2025-12-06T02:54:00+00:00,W9573,wagon,collection1,,collection1|Mainline|retrofit
7374.0,2025-12-06T02:54:00+00:00,W12355,wagon,collection1,,collection1|Mainline|retrofit
7374.0,2025-12-06T02:54:00+00:00,W10249,wagon,collection1,,collection1|Mainline|retrofit
7374.0,2025-12-06T02:54:00+00:00,W2050,wagon,collection1,,collection1|Mainline|retrofit
7419.0,2025-12-06T03:39:00+00:00,W9534,wagon,retrofit,,
7419.0,2025-12-06T03:39:00+00:00,W11953,wagon,retrofit,,
7419.0,2025-12-06T03:39:00+00:00,W9237,wagon,retrofit,,
7419.0,2025-12-06T03:39:00+00:00,W2853,wagon,retrofit,,
7434.0,2025-12-06T03:54:00+00:00,W9397,wagon,retrofit,,
7434.0,2025-12-06T03:54:00+00:00,W9591,wagon,retrofit,,
7434.0,2025-12-06T03:54:00+00:00,W9573,wagon,retrofit,,
7434.0,2025-12-06T03:54:00+00:00,W12355,wagon,retrofit,,
7434.0,2025-12-06T03:54:00+00:00,W10249,wagon,retrofit,,
7434.0,2025-12-06T03:54:00+00:00,W2050,wagon,retrofit,,
7440.0,2025-12-06T04:00:00+00:00,LOCO_02,locomotive,track_19,retrofit,
7445.0,2025-12-06T04:05:00+00:00,LOCO_02,locomotive,WS_02,track_19,
7452.0,2025-12-06T04:12:00+00:00,LOCO_02,locomotive,retrofitted,WS_02,
7452.0,2025-12-06T04:12:00+00:00,W6025,wagon,WS_02,,WS_02|retrofitted
7452.0,2025-12-06T04:12:00+00:00,W0924,wagon,WS_02,,WS_02|retrofitted
7457.0,2025-12-06T04:17:00+00:00,W6025,wagon,retrofitted,,
7457.0,2025-12-06T04:17:00+00:00,W0924,wagon,retrofitted,,
7457.0,2025-12-06T04:17:00+00:00,LOCO_02,locomotive,track_19,retrofitted,
7462.0,2025-12-06T04:22:00+00:00,LOCO_02,locomotive,WS_01,track_19,
7467.0,2025-12-06T04:27:00+00:00,LOCO_01,locomotive,track_19,retrofit,
7469.0,2025-12-06T04:29:00+00:00,LOCO_02,locomotive,retrofitted,WS_01,
7469.0,2025-12-06T04:29:00+00:00,W0685,wagon,WS_01,,WS_01|retrofitted
7469.0,2025-12-06T04:29:00+00:00,W0701,wagon,WS_01,,WS_01|retrofitted
7474.0,2025-12-06T04:34:00+00:00,LOCO_01,locomotive,retrofit,track_19,
7474.0,2025-12-06T04:34:00+00:00,W0685,wagon,retrofitted,,
7474.0,2025-12-06T04:34:00+00:00,W0701,wagon,retrofitted,,
7474.0,2025-12-06T04:34:00+00:00,LOCO_02,locomotive,track_19,retrofitted,
7479.0,2025-12-06T04:39:00+00:00,LOCO_02,locomotive,retrofitted,track_19,
7482.0,2025-12-06T04:42:00+00:00,LOCO_01,locomotive,WS_02,retrofit,
7482.0,2025-12-06T04:42:00+00:00,W0020,wagon,retrofit,,retrofit|WS_02
7482.0,2025-12-06T04:42:00+00:00,W7316,wagon,retrofit,,retrofit|WS_02
7487.0,2025-12-06T04:47:00+00:00,W0020,wagon,WS_02,,
7487.0,2025-12-06T04:47:00+00:00,W7316,wagon,WS_02,,
7489.0,2025-12-06T04:49:00+00:00,LOCO_02,locomotive,parking1,retrofitted,
7493.0,2025-12-06T04:53:00+00:00,W0020,wagon,WS_02,,
7493.0,2025-12-06T04:53:00+00:00,W7316,wagon,WS_02,,
7493.0,2025-12-06T04:53:00+00:00,LOCO_01,locomotive,track_19,WS_02,
7500.0,2025-12-06T05:00:00+00:00,LOCO_01,locomotive,retrofit,track_19,
7501.5,2025-12-06T05:01:30+00:00,W2686,wagon,parking1,,
7501.5,2025-12-06T05:01:30+00:00,W0191,wagon,parking1,,
7501.5,2025-12-06T05:01:30+00:00,W11315,wagon,parking1,,
7501.5,2025-12-06T05:01:30+00:00,W6634,wagon,parking1,,
7501.5,2025-12-06T05:01:30+00:00,W8473,wagon,parking1,,
7501.5,2025-12-06T05:01:30+00:00,W8383,wagon,parking1,,
7501.5,2025-12-06T05:01:30+00:00,W9067,wagon,parking1,,
7501.5,2025-12-06T05:01:30+00:00,W0677,wagon,parking1,,
7501.5,2025-12-06T05:01:30+00:00,LOCO_02,locomotive,track_19,parking1,
7506.5,2025-12-06T05:06:30+00:00,LOCO_02,locomotive,retrofitted,track_19,
7508.0,2025-12-06T05:08:00+00:00,LOCO_01,locomotive,WS_01,retrofit,
7508.0,2025-12-06T05:08:00+00:00,W9534,wagon,retrofit,,retrofit|WS_01
7508.0,2025-12-06T05:08:00+00:00,W11953,wagon,retrofit,,retrofit|WS_01
7513.0,2025-12-06T05:13:00+00:00,W9534,wagon,WS_01,,
7513.0,2025-12-06T05:13:00+00:00,W11953,wagon,WS_01,,
7514.5,2025-12-06T05:14:30+00:00,LOCO_02,locomotive,parking12,retrofitted,
7519.0,2025-12-06T05:19:00+00:00,W9534,wagon,WS_01,,
7519.0,2025-12-06T05:19:00+00:00,W11953,wagon,WS_01,,
7519.0,2025-12-06T05:19:00+00:00,LOCO_01,locomotive,track_19,WS_01,
7553.5,2025-12-06T05:53:30+00:00,LOCO_01,locomotive,WS_02,track_19,
7560.5,2025-12-06T06:00:30+00:00,LOCO_01,locomotive,retrofitted,WS_02,
7560.5,2025-12-06T06:00:30+00:00,W0020,wagon,WS_02,,WS_02|retrofitted
7560.5,2025-12-06T06:00:30+00:00,W7316,wagon,WS_02,,WS_02|retrofitted
7565.5,2025-12-06T06:05:30+00:00,W0020,wagon,retrofitted,,
7565.5,2025-12-06T06:05:30+00:00,W7316,wagon,retrofitted,,
7565.5,2025-12-06T06:05:30+00:00,LOCO_01,locomotive,track_19,retrofitted,
7572.5,2025-12-06T06:12:30+00:00,LOCO_01,locomotive,retrofit,track_19,
7578.0,2025-12-06T06:18:00+00:00,W6025,wagon,parking12,,
7578.0,2025-12-06T06:18:00+00:00,W0924,wagon,parking12,,
7578.0,2025-12-06T06:18:00+00:00,W0685,wagon,parking12,,
7578.0,2025-12-06T06:18:00+00:00,W0701,wagon,parking12,,
7578.0,2025-12-06T06:18:00+00:00,LOCO_02,locomotive,track_19,parking12,
7580.5,2025-12-06T06:20:30+00:00,LOCO_01,locomotive,WS_02,retrofit,
7580.5,2025-12-06T06:20:30+00:00,W9237,wagon,retrofit,,retrofit|WS_02
7580.5,2025-12-06T06:20:30+00:00,W2853,wagon,retrofit,,retrofit|WS_02
7585.5,2025-12-06T06:25:30+00:00,W9237,wagon,WS_02,,
7585.5,2025-12-06T06:25:30+00:00,W2853,wagon,WS_02,,
7591.5,2025-12-06T06:31:30+00:00,W9237,wagon,WS_02,,
7591.5,2025-12-06T06:31:30+00:00,W2853,wagon,WS_02,,
7591.5,2025-12-06T06:31:30+00:00,LOCO_01,locomotive,track_19,WS_02,
7596.5,2025-12-06T06:36:30+00:00,LOCO_01,locomotive,WS_01,track_19,
7603.5,2025-12-06T06:43:30+00:00,LOCO_01,locomotive,retrofitted,WS_01,
7603.5,2025-12-06T06:43:30+00:00,W9534,wagon,WS_01,,WS_01|retrofitted
7603.5,2025-12-06T06:43:30+00:00,W11953,wagon,WS_01,,WS_01|retrofitted
7608.5,2025-12-06T06:48:30+00:00,W9534,wagon,retrofitted,,
7608.5,2025-12-06T06:48:30+00:00,W11953,wagon,retrofitted,,
7608.5,2025-12-06T06:48:30+00:00,LOCO_01,locomotive,track_19,retrofitted,
7613.5,2025-12-06T06:53:30+00:00,LOCO_01,locomotive,collection2,track_19,
7640.0,2025-12-06T07:20:00+00:00,LOCO_02,locomotive,retrofit,track_19,
7648.0,2025-12-06T07:28:00+00:00,LOCO_02,locomotive,WS_01,retrofit,
7648.0,2025-12-06T07:28:00+00:00,W9397,wagon,retrofit,,retrofit|WS_01
7648.0,2025-12-06T07:28:00+00:00,W9591,wagon,retrofit,,retrofit|WS_01
7653.0,2025-12-06T07:33:00+00:00,W9397,wagon,WS_01,,
7653.0,2025-12-06T07:33:00+00:00,W9591,wagon,WS_01,,
7659.0,2025-12-06T07:39:00+00:00,W9397,wagon,WS_01,,
7659.0,2025-12-06T07:39:00+00:00,W9591,wagon,WS_01,,
7659.0,2025-12-06T07:39:00+00:00,LOCO_02,locomotive,track_19,WS_01,
7664.0,2025-12-06T07:44:00+00:00,LOCO_02,locomotive,WS_02,track_19,
7671.0,2025-12-06T07:51:00+00:00,LOCO_02,locomotive,retrofitted,WS_02,
7671.0,2025-12-06T07:51:00+00:00,W9237,wagon,WS_02,,WS_02|retrofitted
7671.0,2025-12-06T07:51:00+00:00,W2853,wagon,WS_02,,WS_02|retrofitted
7676.0,2025-12-06T07:56:00+00:00,W9237,wagon,retrofitted,,
7676.0,2025-12-06T07:56:00+00:00,W2853,wagon,retrofitted,,
7676.0,2025-12-06T07:56:00+00:00,LOCO_02,locomotive,track_19,retrofitted,
7681.0,2025-12-06T08:01:00+00:00,LOCO_02,locomotive,collection1,track_19,
7684.5,2025-12-06T08:04:30+00:00,LOCO_01,locomotive,retrofit,collection2,
7684.5,2025-12-06T08:04:30+00:00,W11482,wagon,collection2,,collection2|Mainline|retrofit
7684.5,2025-12-06T08:04:30+00:00,W8671,wagon,collection2,,collection2|Mainline|retrofit
7684.5,2025-12-06T08:04:30+00:00,W11252,wagon,collection2,,collection2|Mainline|retrofit
7684.5,2025-12-06T08:04:30+00:00,W5452,wagon,collection2,,collection2|Mainline|retrofit
7684.5,2025-12-06T08:04:30+00:00,W6800,wagon,collection2,,collection2|Mainline|retrofit
7744.5,2025-12-06T09:04:30+00:00,W11482,wagon,retrofit,,
7744.5,2025-12-06T09:04:30+00:00,W8671,wagon,retrofit,,
7744.5,2025-12-06T09:04:30+00:00,W11252,wagon,retrofit,,
7744.5,2025-12-06T09:04:30+00:00,W5452,wagon,retrofit,,
7744.5,2025-12-06T09:04:30+00:00,W6800,wagon,retrofit,,
7746.0,2025-12-06T09:06:00+00:00,LOCO_02,locomotive,retrofit,collection1,
7746.0,2025-12-06T09:06:00+00:00,W2386,wagon,collection1,,collection1|Mainline|retrofit
7746.0,2025-12-06T09:06:00+00:00,W10254,wagon,collection1,,collection1|Mainline|retrofit
7771.5,2025-12-06T09:31:30+00:00,LOCO_01,locomotive,track_19,retrofit,
7776.5,2025-12-06T09:36:30+00:00,LOCO_01,locomotive,WS_01,track_19,
7783.5,2025-12-06T09:43:30+00:00,LOCO_01,locomotive,retrofitted,WS_01,
7783.5,2025-12-06T09:43:30+00:00,W9397,wagon,WS_01,,WS_01|retrofitted
7783.5,2025-12-06T09:43:30+00:00,W9591,wagon,WS_01,,WS_01|retrofitted
7788.5,2025-12-06T09:48:30+00:00,W9397,wagon,retrofitted,,
7788.5,2025-12-06T09:48:30+00:00,W9591,wagon,retrofitted,,
7788.5,2025-12-06T09:48:30+00:00,LOCO_01,locomotive,track_19,retrofitted,
7795.5,2025-12-06T09:55:30+00:00,LOCO_01,locomotive,retrofit,track_19,
7803.5,2025-12-06T10:03:30+00:00,LOCO_01,locomotive,WS_02,retrofit,
7803.5,2025-12-06T10:03:30+00:00,W9573,wagon,retrofit,,retrofit|WS_02
7803.5,2025-12-06T10:03:30+00:00,W12355,wagon,retrofit,,retrofit|WS_02
7806.0,2025-12-06T10:06:00+00:00,W2386,wagon,retrofit,,
7806.0,2025-12-06T10:06:00+00:00,W10254,wagon,retrofit,,
7808.5,2025-12-06T10:08:30+00:00,W9573,wagon,WS_02,,
7808.5,2025-12-06T10:08:30+00:00,W12355,wagon,WS_02,,
7814.5,2025-12-06T10:14:30+00:00,W9573,wagon,WS_02,,
7814.5,2025-12-06T10:14:30+00:00,W12355,wagon,WS_02,,
7814.5,2025-12-06T10:14:30+00:00,LOCO_01,locomotive,track_19,WS_02,
7815.0,2025-12-06T10:15:00+00:00,LOCO_02,locomotive,track_19,retrofit,
7820.0,2025-12-06T10:20:00+00:00,LOCO_02,locomotive,retrofitted,track_19,
7821.5,2025-12-06T10:21:30+00:00,LOCO_01,locomotive,retrofit,track_19,
7828.0,2025-12-06T10:28:00+00:00,LOCO_02,locomotive,parking16,retrofitted,
7829.5,2025-12-06T10:29:30+00:00,LOCO_01,locomotive,WS_01,retrofit,
7829.5,2025-12-06T10:29:30+00:00,W10249,wagon,retrofit,,retrofit|WS_01
7829.5,2025-12-06T10:29:30+00:00,W2050,wagon,retrofit,,retrofit|WS_01
7834.5,2025-12-06T10:34:30+00:00,W10249,wagon,WS_01,,
7834.5,2025-12-06T10:34:30+00:00,W2050,wagon,WS_01,,
7840.5,2025-12-06T10:40:30+00:00,W10249,wagon,WS_01,,
7840.5,2025-12-06T10:40:30+00:00,W2050,wagon,WS_01,,
7840.5,2025-12-06T10:40:30+00:00,LOCO_01,locomotive,track_19,WS_01,
7875.0,2025-12-06T11:15:00+00:00,LOCO_01,locomotive,WS_02,track_19,
7881.5,2025-12-06T11:21:30+00:00,W8570,wagon,collection1,,
7881.5,2025-12-06T11:21:30+00:00,W9355,wagon,collection1,,
7881.5,2025-12-06T11:21:30+00:00,W8578,wagon,collection1,,
7881.5,2025-12-06T11:21:30+00:00,W0948,wagon,collection2,,
7881.5,2025-12-06T11:21:30+00:00,W9358,wagon,collection1,,
7882.0,2025-12-06T11:22:00+00:00,LOCO_01,locomotive,retrofitted,WS_02,
7882.0,2025-12-06T11:22:00+00:00,W9573,wagon,WS_02,,WS_02|retrofitted
7882.0,2025-12-06T11:22:00+00:00,W12355,wagon,WS_02,,WS_02|retrofitted
7887.0,2025-12-06T11:27:00+00:00,W9573,wagon,retrofitted,,
7887.0,2025-12-06T11:27:00+00:00,W12355,wagon,retrofitted,,
7887.0,2025-12-06T11:27:00+00:00,LOCO_01,locomotive,track_19,retrofitted,
7894.0,2025-12-06T11:34:00+00:00,LOCO_01,locomotive,retrofit,track_19,
7902.0,2025-12-06T11:42:00+00:00,LOCO_01,locomotive,WS_02,retrofit,
7902.0,2025-12-06T11:42:00+00:00,W11482,wagon,retrofit,,retrofit|WS_02
7902.0,2025-12-06T11:42:00+00:00,W8671,wagon,retrofit,,retrofit|WS_02
7907.0,2025-12-06T11:47:00+00:00,W11482,wagon,WS_02,,
7907.0,2025-12-06T11:47:00+00:00,W8671,wagon,WS_02,,
7913.0,2025-12-06T11:53:00+00:00,W11482,wagon,WS_02,,
7913.0,2025-12-06T11:53:00+00:00,W8671,wagon,WS_02,,
7913.0,2025-12-06T11:53:00+00:00,LOCO_01,locomotive,track_19,WS_02,
7918.0,2025-12-06T11:58:00+00:00,LOCO_01,locomotive,WS_01,track_19,
7925.0,2025-12-06T12:05:00+00:00,LOCO_01,locomotive,retrofitted,WS_01,
7925.0,2025-12-06T12:05:00+00:00,W10249,wagon,WS_01,,WS_01|retrofitted
7925.0,2025-12-06T12:05:00+00:00,W2050,wagon,WS_01,,WS_01|retrofitted
7926.0,2025-12-06T12:06:00+00:00,W0680,wagon,collection2,,
7926.0,2025-12-06T12:06:00+00:00,W11195,wagon,collection2,,
7927.75,2025-12-06T12:07:45+00:00,W0367,wagon,collection2,,
7927.75,2025-12-06T12:07:45+00:00,W0411,wagon,collection2,,
7927.75,2025-12-06T12:07:45+00:00,W4337,wagon,collection2,,
7927.75,2025-12-06T12:07:45+00:00,W2166,wagon,collection2,,
7930.0,2025-12-06T12:10:00+00:00,W10249,wagon,retrofitted,,
7930.0,2025-12-06T12:10:00+00:00,W2050,wagon,retrofitted,,
7930.0,2025-12-06T12:10:00+00:00,LOCO_01,locomotive,track_19,retrofitted,
7935.0,2025-12-06T12:15:00+00:00,LOCO_01,locomotive,collection2,track_19,
7951.5,2025-12-06T12:31:30+00:00,W0020,wagon,parking16,,
7951.5,2025-12-06T12:31:30+00:00,W7316,wagon,parking16,,
7951.5,2025-12-06T12:31:30+00:00,W9534,wagon,parking16,,
7951.5,2025-12-06T12:31:30+00:00,W11953,wagon,parking16,,
7951.5,2025-12-06T12:31:30+00:00,LOCO_02,locomotive,track_19,parking16,
8008.0,2025-12-06T13:28:00+00:00,LOCO_01,locomotive,retrofit,collection2,
8008.0,2025-12-06T13:28:00+00:00,W8380,wagon,collection2,,collection2|Mainline|retrofit
8008.0,2025-12-06T13:28:00+00:00,W8378,wagon,collection2,,collection2|Mainline|retrofit
8008.0,2025-12-06T13:28:00+00:00,W9440,wagon,collection2,,collection2|Mainline|retrofit
8008.0,2025-12-06T13:28:00+00:00,W9489,wagon,collection2,,collection2|Mainline|retrofit
8008.0,2025-12-06T13:28:00+00:00,W2712,wagon,collection2,,collection2|Mainline|retrofit
8008.0,2025-12-06T13:28:00+00:00,W12057,wagon,collection2,,collection2|Mainline|retrofit
8011.5,2025-12-06T13:31:30+00:00,LOCO_02,locomotive,WS_02,track_19,
8018.5,2025-12-06T13:38:30+00:00,LOCO_02,locomotive,retrofitted,WS_02,
8018.5,2025-12-06T13:38:30+00:00,W11482,wagon,WS_02,,WS_02|retrofitted
8018.5,2025-12-06T13:38:30+00:00,W8671,wagon,WS_02,,WS_02|retrofitted
8023.5,2025-12-06T13:43:30+00:00,W11482,wagon,retrofitted,,
8023.5,2025-12-06T13:43:30+00:00,W8671,wagon,retrofitted,,
8023.5,2025-12-06T13:43:30+00:00,LOCO_02,locomotive,track_19,retrofitted,
8030.5,2025-12-06T13:50:30+00:00,LOCO_02,locomotive,retrofit,track_19,
8038.5,2025-12-06T13:58:30+00:00,LOCO_02,locomotive,WS_01,retrofit,
8038.5,2025-12-06T13:58:30+00:00,W11252,wagon,retrofit,,retrofit|WS_01
8038.5,2025-12-06T13:58:30+00:00,W5452,wagon,retrofit,,retrofit|WS_01
8043.5,2025-12-06T14:03:30+00:00,W11252,wagon,WS_01,,
8043.5,2025-12-06T14:03:30+00:00,W5452,wagon,WS_01,,
8049.5,2025-12-06T14:09:30+00:00,W11252,wagon,WS_01,,
8049.5,2025-12-06T14:09:30+00:00,W5452,wagon,WS_01,,
8049.5,2025-12-06T14:09:30+00:00,LOCO_02,locomotive,track_19,WS_01,
8056.5,2025-12-06T14:16:30+00:00,LOCO_02,locomotive,retrofit,track_19,
8064.5,2025-12-06T14:24:30+00:00,LOCO_02,locomotive,WS_02,retrofit,
8064.5,2025-12-06T14:24:30+00:00,W6800,wagon,retrofit,,retrofit|WS_02
8064.5,2025-12-06T14:24:30+00:00,W2386,wagon,retrofit,,retrofit|WS_02
8067.0,2025-12-06T14:27:00+00:00,W11847,wagon,collection2,,
8067.0,2025-12-06T14:27:00+00:00,W11884,wagon,collection2,,
8067.0,2025-12-06T14:27:00+00:00,W2135,wagon,collection2,,
8067.0,2025-12-06T14:27:00+00:00,W9420,wagon,collection2,,
8067.0,2025-12-06T14:27:00+00:00,W9744,wagon,collection2,,
8068.0,2025-12-06T14:28:00+00:00,W8380,wagon,retrofit,,
8068.0,2025-12-06T14:28:00+00:00,W8378,wagon,retrofit,,
8068.0,2025-12-06T14:28:00+00:00,W9440,wagon,retrofit,,
8068.0,2025-12-06T14:28:00+00:00,W9489,wagon,retrofit,,
8068.0,2025-12-06T14:28:00+00:00,W2712,wagon,retrofit,,
8068.0,2025-12-06T14:28:00+00:00,W12057,wagon,retrofit,,
8069.5,2025-12-06T14:29:30+00:00,W6800,wagon,WS_02,,
8069.5,2025-12-06T14:29:30+00:00,W2386,wagon,WS_02,,
8075.5,2025-12-06T14:35:30+00:00,W6800,wagon,WS_02,,
8075.5,2025-12-06T14:35:30+00:00,W2386,wagon,WS_02,,
8075.5,2025-12-06T14:35:30+00:00,LOCO_02,locomotive,track_19,WS_02,
8080.5,2025-12-06T14:40:30+00:00,LOCO_02,locomotive,collection1,track_19,
8101.0,2025-12-06T15:01:00+00:00,LOCO_01,locomotive,track_19,retrofit,
8106.0,2025-12-06T15:06:00+00:00,LOCO_01,locomotive,retrofitted,track_19,
8116.0,2025-12-06T15:16:00+00:00,LOCO_01,locomotive,parking14,retrofitted,
8145.5,2025-12-06T15:45:30+00:00,LOCO_02,locomotive,retrofit,collection1,
8145.5,2025-12-06T15:45:30+00:00,W5282,wagon,collection1,,collection1|Mainline|retrofit
8145.5,2025-12-06T15:45:30+00:00,W9940,wagon,collection1,,collection1|Mainline|retrofit
8198.5,2025-12-06T16:38:30+00:00,W9237,wagon,parking14,,
8198.5,2025-12-06T16:38:30+00:00,W2853,wagon,parking14,,
8198.5,2025-12-06T16:38:30+00:00,W9397,wagon,parking14,,
8198.5,2025-12-06T16:38:30+00:00,W9591,wagon,parking14,,
8198.5,2025-12-06T16:38:30+00:00,W9573,wagon,parking14,,
8198.5,2025-12-06T16:38:30+00:00,W12355,wagon,parking14,,
8198.5,2025-12-06T16:38:30+00:00,W10249,wagon,parking14,,
8198.5,2025-12-06T16:38:30+00:00,W2050,wagon,parking14,,
8198.5,2025-12-06T16:38:30+00:00,LOCO_01,locomotive,track_19,parking14,
8205.5,2025-12-06T16:45:30+00:00,W5282,wagon,retrofit,,
8205.5,2025-12-06T16:45:30+00:00,W9940,wagon,retrofit,,
8214.5,2025-12-06T16:54:30+00:00,LOCO_02,locomotive,track_19,retrofit,
8219.5,2025-12-06T16:59:30+00:00,LOCO_02,locomotive,WS_01,track_19,
8226.5,2025-12-06T17:06:30+00:00,LOCO_02,locomotive,retrofitted,WS_01,
8226.5,2025-12-06T17:06:30+00:00,W11252,wagon,WS_01,,WS_01|retrofitted
8226.5,2025-12-06T17:06:30+00:00,W5452,wagon,WS_01,,WS_01|retrofitted
8231.5,2025-12-06T17:11:30+00:00,W11252,wagon,retrofitted,,
8231.5,2025-12-06T17:11:30+00:00,W5452,wagon,retrofitted,,
8231.5,2025-12-06T17:11:30+00:00,LOCO_02,locomotive,track_19,retrofitted,
8236.5,2025-12-06T17:16:30+00:00,LOCO_02,locomotive,WS_02,track_19,
8243.5,2025-12-06T17:23:30+00:00,LOCO_02,locomotive,retrofitted,WS_02,
8243.5,2025-12-06T17:23:30+00:00,W6800,wagon,WS_02,,WS_02|retrofitted
8243.5,2025-12-06T17:23:30+00:00,W2386,wagon,WS_02,,WS_02|retrofitted
8246.5,2025-12-06T17:26:30+00:00,W4457,wagon,collection2,,
8246.5,2025-12-06T17:26:30+00:00,W5612,wagon,collection1,,
8246.5,2025-12-06T17:26:30+00:00,W0928,wagon,collection2,,
8246.5,2025-12-06T17:26:30+00:00,W12177,wagon,collection2,,
8246.5,2025-12-06T17:26:30+00:00,W0888,wagon,collection2,,
8248.5,2025-12-06T17:28:30+00:00,W6800,wagon,retrofitted,,
8248.5,2025-12-06T17:28:30+00:00,W2386,wagon,retrofitted,,
8248.5,2025-12-06T17:28:30+00:00,LOCO_02,locomotive,track_19,retrofitted,
8255.5,2025-12-06T17:35:30+00:00,LOCO_02,locomotive,retrofit,track_19,
8260.5,2025-12-06T17:40:30+00:00,LOCO_01,locomotive,retrofit,track_19,
8263.5,2025-12-06T17:43:30+00:00,LOCO_02,locomotive,WS_01,retrofit,
8263.5,2025-12-06T17:43:30+00:00,W10254,wagon,retrofit,,retrofit|WS_01
8263.5,2025-12-06T17:43:30+00:00,W8380,wagon,retrofit,,retrofit|WS_01
8268.5,2025-12-06T17:48:30+00:00,W10254,wagon,WS_01,,
8268.5,2025-12-06T17:48:30+00:00,W8380,wagon,WS_01,,
8268.5,2025-12-06T17:48:30+00:00,LOCO_01,locomotive,WS_02,retrofit,
8268.5,2025-12-06T17:48:30+00:00,W8378,wagon,retrofit,,retrofit|WS_02
8268.5,2025-12-06T17:48:30+00:00,W9440,wagon,retrofit,,retrofit|WS_02
8273.5,2025-12-06T17:53:30+00:00,W8378,wagon,WS_02,,
8273.5,2025-12-06T17:53:30+00:00,W9440,wagon,WS_02,,
8274.5,2025-12-06T17:54:30+00:00,W10254,wagon,WS_01,,
8274.5,2025-12-06T17:54:30+00:00,W8380,wagon,WS_01,,
8274.5,2025-12-06T17:54:30+00:00,LOCO_02,locomotive,track_19,WS_01,
8279.5,2025-12-06T17:59:30+00:00,W8378,wagon,WS_02,,
8279.5,2025-12-06T17:59:30+00:00,W9440,wagon,WS_02,,
8279.5,2025-12-06T17:59:30+00:00,LOCO_01,locomotive,track_19,WS_02,
8279.5,2025-12-06T17:59:30+00:00,LOCO_02,locomotive,collection2,track_19,
8284.5,2025-12-06T18:04:30+00:00,LOCO_01,locomotive,collection1,track_19,
8347.5,2025-12-06T19:07:30+00:00,LOCO_01,locomotive,retrofit,collection1,
8347.5,2025-12-06T19:07:30+00:00,W9081,wagon,collection1,,collection1|Mainline|retrofit
8350.5,2025-12-06T19:10:30+00:00,LOCO_02,locomotive,retrofit,collection2,
8350.5,2025-12-06T19:10:30+00:00,W2136,wagon,collection2,,collection2|Mainline|retrofit
8350.5,2025-12-06T19:10:30+00:00,W8990,wagon,collection2,,collection2|Mainline|retrofit
8350.5,2025-12-06T19:10:30+00:00,W10814,wagon,collection2,,collection2|Mainline|retrofit
8350.5,2025-12-06T19:10:30+00:00,W0883,wagon,collection2,,collection2|Mainline|retrofit
8350.5,2025-12-06T19:10:30+00:00,W5036,wagon,collection2,,collection2|Mainline|retrofit
8407.5,2025-12-06T20:07:30+00:00,W9081,wagon,retrofit,,
8410.5,2025-12-06T20:10:30+00:00,W2136,wagon,retrofit,,
8410.5,2025-12-06T20:10:30+00:00,W8990,wagon,retrofit,,
8410.5,2025-12-06T20:10:30+00:00,W10814,wagon,retrofit,,
8410.5,2025-12-06T20:10:30+00:00,W0883,wagon,retrofit,,
8410.5,2025-12-06T20:10:30+00:00,W5036,wagon,retrofit,,
8410.5,2025-12-06T20:10:30+00:00,LOCO_01,locomotive,track_19,retrofit,
8415.5,2025-12-06T20:15:30+00:00,LOCO_01,locomotive,WS_01,track_19,
8422.5,2025-12-06T20:22:30+00:00,LOCO_01,locomotive,retrofitted,WS_01,
8422.5,2025-12-06T20:22:30+00:00,W10254,wagon,WS_01,,WS_01|retrofitted
8422.5,2025-12-06T20:22:30+00:00,W8380,wagon,WS_01,,WS_01|retrofitted
8425.5,2025-12-06T20:25:30+00:00,W5821,wagon,collection1,,
8425.5,2025-12-06T20:25:30+00:00,W6008,wagon,collection1,,
8427.5,2025-12-06T20:27:30+00:00,W10254,wagon,retrofitted,,
8427.5,2025-12-06T20:27:30+00:00,W8380,wagon,retrofitted,,
8427.5,2025-12-06T20:27:30+00:00,LOCO_01,locomotive,track_19,retrofitted,
8432.5,2025-12-06T20:32:30+00:00,LOCO_01,locomotive,WS_02,track_19,
8437.5,2025-12-06T20:37:30+00:00,LOCO_02,locomotive,track_19,retrofit,
8439.5,2025-12-06T20:39:30+00:00,LOCO_01,locomotive,retrofitted,WS_02,
8439.5,2025-12-06T20:39:30+00:00,W8378,wagon,WS_02,,WS_02|retrofitted
8439.5,2025-12-06T20:39:30+00:00,W9440,wagon,WS_02,,WS_02|retrofitted
8444.5,2025-12-06T20:44:30+00:00,LOCO_02,locomotive,retrofit,track_19,
8444.5,2025-12-06T20:44:30+00:00,W8378,wagon,retrofitted,,
8444.5,2025-12-06T20:44:30+00:00,W9440,wagon,retrofitted,,
8444.5,2025-12-06T20:44:30+00:00,LOCO_01,locomotive,track_19,retrofitted,
8449.5,2025-12-06T20:49:30+00:00,LOCO_01,locomotive,retrofitted,track_19,
8452.5,2025-12-06T20:52:30+00:00,LOCO_02,locomotive,WS_01,retrofit,
8452.5,2025-12-06T20:52:30+00:00,W9489,wagon,retrofit,,retrofit|WS_01
8452.5,2025-12-06T20:52:30+00:00,W2712,wagon,retrofit,,retrofit|WS_01
8456.5,2025-12-06T20:56:30+00:00,W0293,wagon,collection1,,
8456.5,2025-12-06T20:56:30+00:00,W0616,wagon,collection1,,
8456.5,2025-12-06T20:56:30+00:00,W7853,wagon,collection2,,
8457.5,2025-12-06T20:57:30+00:00,W9489,wagon,WS_01,,
8457.5,2025-12-06T20:57:30+00:00,W2712,wagon,WS_01,,
8458.5,2025-12-06T20:58:30+00:00,LOCO_01,locomotive,parking16,retrofitted,
8463.5,2025-12-06T21:03:30+00:00,W9489,wagon,WS_01,,
8463.5,2025-12-06T21:03:30+00:00,W2712,wagon,WS_01,,
8463.5,2025-12-06T21:03:30+00:00,LOCO_02,locomotive,track_19,WS_01,
8470.5,2025-12-06T21:10:30+00:00,LOCO_02,locomotive,retrofit,track_19,
8478.5,2025-12-06T21:18:30+00:00,LOCO_02,locomotive,WS_02,retrofit,
8478.5,2025-12-06T21:18:30+00:00,W12057,wagon,retrofit,,retrofit|WS_02
8478.5,2025-12-06T21:18:30+00:00,W5282,wagon,retrofit,,retrofit|WS_02
8483.5,2025-12-06T21:23:30+00:00,W12057,wagon,WS_02,,
8483.5,2025-12-06T21:23:30+00:00,W5282,wagon,WS_02,,
8489.5,2025-12-06T21:29:30+00:00,W12057,wagon,WS_02,,
8489.5,2025-12-06T21:29:30+00:00,W5282,wagon,WS_02,,
8489.5,2025-12-06T21:29:30+00:00,LOCO_02,locomotive,track_19,WS_02,
8494.5,2025-12-06T21:34:30+00:00,LOCO_02,locomotive,collection1,track_19,
8563.5,2025-12-06T22:43:30+00:00,LOCO_02,locomotive,retrofit,collection1,
8563.5,2025-12-06T22:43:30+00:00,W12074,wagon,collection1,,collection1|Mainline|retrofit
8563.5,2025-12-06T22:43:30+00:00,W7542,wagon,collection1,,collection1|Mainline|retrofit
8563.5,2025-12-06T22:43:30+00:00,W2652,wagon,collection1,,collection1|Mainline|retrofit
8563.5,2025-12-06T22:43:30+00:00,W12385,wagon,collection1,,collection1|Mainline|retrofit
8572.75,2025-12-06T22:52:45+00:00,W6704,wagon,collection2,,
8572.75,2025-12-06T22:52:45+00:00,W0167,wagon,collection2,,
8584.0,2025-12-06T23:04:00+00:00,W11482,wagon,parking16,,
8584.0,2025-12-06T23:04:00+00:00,W8671,wagon,parking16,,
8584.0,2025-12-06T23:04:00+00:00,W11252,wagon,parking16,,
8584.0,2025-12-06T23:04:00+00:00,W5452,wagon,parking16,,
8584.0,2025-12-06T23:04:00+00:00,W6800,wagon,parking16,,
8584.0,2025-12-06T23:04:00+00:00,W2386,wagon,parking16,,
8584.0,2025-12-06T23:04:00+00:00,LOCO_01,locomotive,track_19,parking16,
8623.5,2025-12-06T23:43:30+00:00,W12074,wagon,retrofit,,
8623.5,2025-12-06T23:43:30+00:00,W7542,wagon,retrofit,,
8623.5,2025-12-06T23:43:30+00:00,W2652,wagon,retrofit,,
8623.5,2025-12-06T23:43:30+00:00,W12385,wagon,retrofit,,
8644.0,2025-12-07T00:04:00+00:00,LOCO_01,locomotive,WS_01,track_19,
8644.5,2025-12-07T00:04:30+00:00,LOCO_02,locomotive,track_19,retrofit,
8649.5,2025-12-07T00:09:30+00:00,LOCO_02,locomotive,WS_02,track_19,
8651.0,2025-12-07T00:11:00+00:00,LOCO_01,locomotive,retrofitted,WS_01,
8651.0,2025-12-07T00:11:00+00:00,W9489,wagon,WS_01,,WS_01|retrofitted
8651.0,2025-12-07T00:11:00+00:00,W2712,wagon,WS_01,,WS_01|retrofitted
8656.0,2025-12-07T00:16:00+00:00,W9489,wagon,retrofitted,,
8656.0,2025-12-07T00:16:00+00:00,W2712,wagon,retrofitted,,
8656.0,2025-12-07T00:16:00+00:00,LOCO_01,locomotive,track_19,retrofitted,
8656.5,2025-12-07T00:16:30+00:00,LOCO_02,locomotive,retrofitted,WS_02,
8656.5,2025-12-07T00:16:30+00:00,W12057,wagon,WS_02,,WS_02|retrofitted
8656.5,2025-12-07T00:16:30+00:00,W5282,wagon,WS_02,,WS_02|retrofitted
8661.0,2025-12-07T00:21:00+00:00,LOCO_01,locomotive,retrofitted,track_19,
8661.5,2025-12-07T00:21:30+00:00,W12057,wagon,retrofitted,,
8661.5,2025-12-07T00:21:30+00:00,W5282,wagon,retrofitted,,
8661.5,2025-12-07T00:21:30+00:00,LOCO_02,locomotive,track_19,retrofitted,
8668.5,2025-12-07T00:28:30+00:00,LOCO_02,locomotive,retrofit,track_19,
8669.0,2025-12-07T00:29:00+00:00,LOCO_01,locomotive,parking12,retrofitted,
8676.5,2025-12-07T00:36:30+00:00,LOCO_02,locomotive,WS_01,retrofit,
8676.5,2025-12-07T00:36:30+00:00,W9940,wagon,retrofit,,retrofit|WS_01
8676.5,2025-12-07T00:36:30+00:00,W9081,wagon,retrofit,,retrofit|WS_01
8681.5,2025-12-07T00:41:30+00:00,W9940,wagon,WS_01,,
8681.5,2025-12-07T00:41:30+00:00,W9081,wagon,WS_01,,
8687.5,2025-12-07T00:47:30+00:00,W9940,wagon,WS_01,,
8687.5,2025-12-07T00:47:30+00:00,W9081,wagon,WS_01,,
8687.5,2025-12-07T00:47:30+00:00,LOCO_02,locomotive,track_19,WS_01,
8694.5,2025-12-07T00:54:30+00:00,LOCO_02,locomotive,retrofit,track_19,
8702.5,2025-12-07T01:02:30+00:00,LOCO_02,locomotive,WS_02,retrofit,
8702.5,2025-12-07T01:02:30+00:00,W2136,wagon,retrofit,,retrofit|WS_02
8702.5,2025-12-07T01:02:30+00:00,W8990,wagon,retrofit,,retrofit|WS_02
8707.5,2025-12-07T01:07:30+00:00,W2136,wagon,WS_02,,
8707.5,2025-12-07T01:07:30+00:00,W8990,wagon,WS_02,,
8713.5,2025-12-07T01:13:30+00:00,W2136,wagon,WS_02,,
8713.5,2025-12-07T01:13:30+00:00,W8990,wagon,WS_02,,
8713.5,2025-12-07T01:13:30+00:00,LOCO_02,locomotive,track_19,WS_02,
8718.5,2025-12-07T01:18:30+00:00,LOCO_02,locomotive,collection2,track_19,
8732.5,2025-12-07T01:32:30+00:00,W10254,wagon,parking12,,
8732.5,2025-12-07T01:32:30+00:00,W8380,wagon,parking12,,
8732.5,2025-12-07T01:32:30+00:00,W8378,wagon,parking12,,
8732.5,2025-12-07T01:32:30+00:00,W9440,wagon,parking12,,
8732.5,2025-12-07T01:32:30+00:00,LOCO_01,locomotive,track_19,parking12,
8783.5,2025-12-07T02:23:30+00:00,LOCO_02,locomotive,retrofit,collection2,
8783.5,2025-12-07T02:23:30+00:00,W2831,wagon,collection2,,collection2|Mainline|retrofit
8783.5,2025-12-07T02:23:30+00:00,W0948,wagon,collection2,,collection2|Mainline|retrofit
8792.5,2025-12-07T02:32:30+00:00,LOCO_01,locomotive,WS_01,track_19,
8799.5,2025-12-07T02:39:30+00:00,LOCO_01,locomotive,retrofitted,WS_01,
8799.5,2025-12-07T02:39:30+00:00,W9940,wagon,WS_01,,WS_01|retrofitted
8799.5,2025-12-07T02:39:30+00:00,W9081,wagon,WS_01,,WS_01|retrofitted
8804.5,2025-12-07T02:44:30+00:00,W9940,wagon,retrofitted,,
8804.5,2025-12-07T02:44:30+00:00,W9081,wagon,retrofitted,,
8804.5,2025-12-07T02:44:30+00:00,LOCO_01,locomotive,track_19,retrofitted,
8809.5,2025-12-07T02:49:30+00:00,LOCO_01,locomotive,WS_02,track_19,
8816.5,2025-12-07T02:56:30+00:00,LOCO_01,locomotive,retrofitted,WS_02,
8816.5,2025-12-07T02:56:30+00:00,W2136,wagon,WS_02,,WS_02|retrofitted
8816.5,2025-12-07T02:56:30+00:00,W8990,wagon,WS_02,,WS_02|retrofitted
8821.5,2025-12-07T03:01:30+00:00,W2136,wagon,retrofitted,,
8821.5,2025-12-07T03:01:30+00:00,W8990,wagon,retrofitted,,
8821.5,2025-12-07T03:01:30+00:00,LOCO_01,locomotive,track_19,retrofitted,
8828.5,2025-12-07T03:08:30+00:00,LOCO_01,locomotive,retrofit,track_19,
8836.5,2025-12-07T03:16:30+00:00,LOCO_01,locomotive,WS_01,retrofit,
8836.5,2025-12-07T03:16:30+00:00,W10814,wagon,retrofit,,retrofit|WS_01
8836.5,2025-12-07T03:16:30+00:00,W0883,wagon,retrofit,,retrofit|WS_01
8841.5,2025-12-07T03:21:30+00:00,W10814,wagon,WS_01,,
8841.5,2025-12-07T03:21:30+00:00,W0883,wagon,WS_01,,
8843.5,2025-12-07T03:23:30+00:00,W2831,wagon,retrofit,,
8843.5,2025-12-07T03:23:30+00:00,W0948,wagon,retrofit,,
8847.5,2025-12-07T03:27:30+00:00,W10814,wagon,WS_01,,
8847.5,2025-12-07T03:27:30+00:00,W0883,wagon,WS_01,,
8847.5,2025-12-07T03:27:30+00:00,LOCO_01,locomotive,track_19,WS_01,
8852.5,2025-12-07T03:32:30+00:00,LOCO_02,locomotive,track_19,retrofit,
8854.5,2025-12-07T03:34:30+00:00,LOCO_01,locomotive,retrofit,track_19,
8857.5,2025-12-07T03:37:30+00:00,LOCO_02,locomotive,collection1,track_19,
8862.5,2025-12-07T03:42:30+00:00,LOCO_01,locomotive,WS_02,retrofit,
8862.5,2025-12-07T03:42:30+00:00,W5036,wagon,retrofit,,retrofit|WS_02
8862.5,2025-12-07T03:42:30+00:00,W12074,wagon,retrofit,,retrofit|WS_02
8867.5,2025-12-07T03:47:30+00:00,W5036,wagon,WS_02,,
8867.5,2025-12-07T03:47:30+00:00,W12074,wagon,WS_02,,
8873.5,2025-12-07T03:53:30+00:00,W5036,wagon,WS_02,,
8873.5,2025-12-07T03:53:30+00:00,W12074,wagon,WS_02,,
8873.5,2025-12-07T03:53:30+00:00,LOCO_01,locomotive,track_19,WS_02,
8878.5,2025-12-07T03:58:30+00:00,LOCO_01,locomotive,retrofitted,track_19,
8886.5,2025-12-07T04:06:30+00:00,LOCO_01,locomotive,parking10,retrofitted,
8922.5,2025-12-07T04:42:30+00:00,LOCO_02,locomotive,retrofit,collection1,
8922.5,2025-12-07T04:42:30+00:00,W11539,wagon,collection1,,collection1|Mainline|retrofit
8922.5,2025-12-07T04:42:30+00:00,W4532,wagon,collection1,,collection1|Mainline|retrofit
8950.0,2025-12-07T05:10:00+00:00,W9489,wagon,parking10,,
8950.0,2025-12-07T05:10:00+00:00,W2712,wagon,parking10,,
8950.0,2025-12-07T05:10:00+00:00,W12057,wagon,parking10,,
8950.0,2025-12-07T05:10:00+00:00,W5282,wagon,parking10,,
8950.0,2025-12-07T05:10:00+00:00,LOCO_01,locomotive,track_19,parking10,
8982.5,2025-12-07T05:42:30+00:00,W11539,wagon,retrofit,,
8982.5,2025-12-07T05:42:30+00:00,W4532,wagon,retrofit,,
8991.5,2025-12-07T05:51:30+00:00,LOCO_02,locomotive,track_19,retrofit,
8996.5,2025-12-07T05:56:30+00:00,LOCO_02,locomotive,WS_01,track_19,
9003.5,2025-12-07T06:03:30+00:00,LOCO_02,locomotive,retrofitted,WS_01,
9003.5,2025-12-07T06:03:30+00:00,W10814,wagon,WS_01,,WS_01|retrofitted
9003.5,2025-12-07T06:03:30+00:00,W0883,wagon,WS_01,,WS_01|retrofitted
9008.5,2025-12-07T06:08:30+00:00,W10814,wagon,retrofitted,,
9008.5,2025-12-07T06:08:30+00:00,W0883,wagon,retrofitted,,
9008.5,2025-12-07T06:08:30+00:00,LOCO_02,locomotive,track_19,retrofitted,
9010.0,2025-12-07T06:10:00+00:00,LOCO_01,locomotive,WS_02,track_19,
9013.5,2025-12-07T06:13:30+00:00,LOCO_02,locomotive,retrofitted,track_19,
9017.0,2025-12-07T06:17:00+00:00,LOCO_01,locomotive,retrofitted,WS_02,
9017.0,2025-12-07T06:17:00+00:00,W5036,wagon,WS_02,,WS_02|retrofitted
9017.0,2025-12-07T06:17:00+00:00,W12074,wagon,WS_02,,WS_02|retrofitted
9022.0,2025-12-07T06:22:00+00:00,W5036,wagon,retrofitted,,
9022.0,2025-12-07T06:22:00+00:00,W12074,wagon,retrofitted,,
9022.0,2025-12-07T06:22:00+00:00,LOCO_01,locomotive,track_19,retrofitted,
9022.5,2025-12-07T06:22:30+00:00,LOCO_02,locomotive,parking9,retrofitted,
9029.0,2025-12-07T06:29:00+00:00,LOCO_01,locomotive,retrofit,track_19,
9033.0,2025-12-07T06:33:00+00:00,W9940,wagon,parking9,,
9033.0,2025-12-07T06:33:00+00:00,W9081,wagon,parking9,,
9033.0,2025-12-07T06:33:00+00:00,W2136,wagon,parking9,,
9033.0,2025-12-07T06:33:00+00:00,W8990,wagon,parking9,,
9033.0,2025-12-07T06:33:00+00:00,W10814,wagon,parking9,,
9033.0,2025-12-07T06:33:00+00:00,W0883,wagon,parking9,,
9033.0,2025-12-07T06:33:00+00:00,LOCO_02,locomotive,track_19,parking9,
9037.0,2025-12-07T06:37:00+00:00,LOCO_01,locomotive,WS_01,retrofit,
9037.0,2025-12-07T06:37:00+00:00,W7542,wagon,retrofit,,retrofit|WS_01
9037.0,2025-12-07T06:37:00+00:00,W2652,wagon,retrofit,,retrofit|WS_01
9040.0,2025-12-07T06:40:00+00:00,LOCO_02,locomotive,retrofit,track_19,
9042.0,2025-12-07T06:42:00+00:00,W7542,wagon,WS_01,,
9042.0,2025-12-07T06:42:00+00:00,W2652,wagon,WS_01,,
9048.0,2025-12-07T06:48:00+00:00,W7542,wagon,WS_01,,
9048.0,2025-12-07T06:48:00+00:00,W2652,wagon,WS_01,,
9048.0,2025-12-07T06:48:00+00:00,LOCO_02,locomotive,WS_02,retrofit,
9048.0,2025-12-07T06:48:00+00:00,W12385,wagon,retrofit,,retrofit|WS_02
9048.0,2025-12-07T06:48:00+00:00,W2831,wagon,retrofit,,retrofit|WS_02
9048.0,2025-12-07T06:48:00+00:00,LOCO_01,locomotive,track_19,WS_01,
9053.0,2025-12-07T06:53:00+00:00,W12385,wagon,WS_02,,
9053.0,2025-12-07T06:53:00+00:00,W2831,wagon,WS_02,,
9053.0,2025-12-07T06:53:00+00:00,LOCO_01,locomotive,collection2,track_19,
9059.0,2025-12-07T06:59:00+00:00,W12385,wagon,WS_02,,
9059.0,2025-12-07T06:59:00+00:00,W2831,wagon,WS_02,,
9059.0,2025-12-07T06:59:00+00:00,LOCO_02,locomotive,track_19,WS_02,
9064.0,2025-12-07T07:04:00+00:00,LOCO_02,locomotive,collection1,track_19,
9084.25,2025-12-07T07:24:15+00:00,W10772,wagon,collection1,,
9084.25,2025-12-07T07:24:15+00:00,W5316,wagon,collection1,,
9084.25,2025-12-07T07:24:15+00:00,W9043,wagon,collection1,,
9084.25,2025-12-07T07:24:15+00:00,W2149,wagon,collection1,,
9084.25,2025-12-07T07:24:15+00:00,W5380,wagon,collection2,,
9084.25,2025-12-07T07:24:15+00:00,W0875,wagon,collection1,,
9084.25,2025-12-07T07:24:15+00:00,W5989,wagon,collection2,,
9084.25,2025-12-07T07:24:15+00:00,W5415,wagon,collection2,,
9084.25,2025-12-07T07:24:15+00:00,W12031,wagon,collection2,,
9127.0,2025-12-07T08:07:00+00:00,LOCO_02,locomotive,retrofit,collection1,
9127.0,2025-12-07T08:07:00+00:00,W8676,wagon,collection1,,collection1|Mainline|retrofit
9128.0,2025-12-07T08:08:00+00:00,LOCO_01,locomotive,retrofit,collection2,
9128.0,2025-12-07T08:08:00+00:00,W0680,wagon,collection2,,collection2|Mainline|retrofit
9128.0,2025-12-07T08:08:00+00:00,W11195,wagon,collection2,,collection2|Mainline|retrofit
9128.0,2025-12-07T08:08:00+00:00,W0367,wagon,collection2,,collection2|Mainline|retrofit
9128.0,2025-12-07T08:08:00+00:00,W0411,wagon,collection2,,collection2|Mainline|retrofit
9128.0,2025-12-07T08:08:00+00:00,W4337,wagon,collection2,,collection2|Mainline|retrofit
9128.0,2025-12-07T08:08:00+00:00,W2166,wagon,collection2,,collection2|Mainline|retrofit
9128.0,2025-12-07T08:08:00+00:00,W11847,wagon,collection2,,collection2|Mainline|retrofit
9185.25,2025-12-07T09:05:15+00:00,W8714,wagon,collection2,,
9185.25,2025-12-07T09:05:15+00:00,W7877,wagon,collection2,,
9185.25,2025-12-07T09:05:15+00:00,W5280,wagon,collection2,,
9187.0,2025-12-07T09:07:00+00:00,W8676,wagon,retrofit,,
9188.0,2025-12-07T09:08:00+00:00,W0680,wagon,retrofit,,
9188.0,2025-12-07T09:08:00+00:00,W11195,wagon,retrofit,,
9188.0,2025-12-07T09:08:00+00:00,W0367,wagon,retrofit,,
9188.0,2025-12-07T09:08:00+00:00,W0411,wagon,retrofit,,
9188.0,2025-12-07T09:08:00+00:00,W4337,wagon,retrofit,,
9188.0,2025-12-07T09:08:00+00:00,W2166,wagon,retrofit,,
9188.0,2025-12-07T09:08:00+00:00,W11847,wagon,retrofit,,
9190.0,2025-12-07T09:10:00+00:00,LOCO_02,locomotive,track_19,retrofit,
9195.0,2025-12-07T09:15:00+00:00,LOCO_02,locomotive,WS_01,track_19,
9202.0,2025-12-07T09:22:00+00:00,LOCO_02,locomotive,retrofitted,WS_01,
9202.0,2025-12-07T09:22:00+00:00,W7542,wagon,WS_01,,WS_01|retrofitted
9202.0,2025-12-07T09:22:00+00:00,W2652,wagon,WS_01,,WS_01|retrofitted
9207.0,2025-12-07T09:27:00+00:00,W7542,wagon,retrofitted,,
9207.0,2025-12-07T09:27:00+00:00,W2652,wagon,retrofitted,,
9207.0,2025-12-07T09:27:00+00:00,LOCO_02,locomotive,track_19,retrofitted,
9212.0,2025-12-07T09:32:00+00:00,LOCO_02,locomotive,WS_02,track_19,
9219.0,2025-12-07T09:39:00+00:00,LOCO_02,locomotive,retrofitted,WS_02,
9219.0,2025-12-07T09:39:00+00:00,W12385,wagon,WS_02,,WS_02|retrofitted
9219.0,2025-12-07T09:39:00+00:00,W2831,wagon,WS_02,,WS_02|retrofitted
9224.0,2025-12-07T09:44:00+00:00,W12385,wagon,retrofitted,,
9224.0,2025-12-07T09:44:00+00:00,W2831,wagon,retrofitted,,
9224.0,2025-12-07T09:44:00+00:00,LOCO_02,locomotive,track_19,retrofitted,
9227.0,2025-12-07T09:47:00+00:00,LOCO_01,locomotive,track_19,retrofit,
9231.0,2025-12-07T09:51:00+00:00,LOCO_02,locomotive,retrofit,track_19,
9234.0,2025-12-07T09:54:00+00:00,LOCO_01,locomotive,retrofit,track_19,
9239.0,2025-12-07T09:59:00+00:00,LOCO_02,locomotive,WS_01,retrofit,
9239.0,2025-12-07T09:59:00+00:00,W0948,wagon,retrofit,,retrofit|WS_01
9239.0,2025-12-07T09:59:00+00:00,W11539,wagon,retrofit,,retrofit|WS_01
9242.0,2025-12-07T10:02:00+00:00,LOCO_01,locomotive,WS_02,retrofit,
9242.0,2025-12-07T10:02:00+00:00,W4532,wagon,retrofit,,retrofit|WS_02
9242.0,2025-12-07T10:02:00+00:00,W8676,wagon,retrofit,,retrofit|WS_02
9244.0,2025-12-07T10:04:00+00:00,W0948,wagon,WS_01,,
9244.0,2025-12-07T10:04:00+00:00,W11539,wagon,WS_01,,
9247.0,2025-12-07T10:07:00+00:00,W4532,wagon,WS_02,,
9247.0,2025-12-07T10:07:00+00:00,W8676,wagon,WS_02,,
9250.0,2025-12-07T10:10:00+00:00,W0948,wagon,WS_01,,
9250.0,2025-12-07T10:10:00+00:00,W11539,wagon,WS_01,,
9250.0,2025-12-07T10:10:00+00:00,LOCO_02,locomotive,track_19,WS_01,
9253.0,2025-12-07T10:13:00+00:00,W4532,wagon,WS_02,,
9253.0,2025-12-07T10:13:00+00:00,W8676,wagon,WS_02,,
9253.0,2025-12-07T10:13:00+00:00,LOCO_01,locomotive,track_19,WS_02,
9255.0,2025-12-07T10:15:00+00:00,LOCO_02,locomotive,retrofitted,track_19,
9262.0,2025-12-07T10:22:00+00:00,LOCO_02,locomotive,parking11,retrofitted,
9310.5,2025-12-07T11:10:30+00:00,LOCO_01,locomotive,WS_01,track_19,
9317.5,2025-12-07T11:17:30+00:00,LOCO_01,locomotive,retrofitted,WS_01,
9317.5,2025-12-07T11:17:30+00:00,W0948,wagon,WS_01,,WS_01|retrofitted
9317.5,2025-12-07T11:17:30+00:00,W11539,wagon,WS_01,,WS_01|retrofitted
9322.5,2025-12-07T11:22:30+00:00,W0948,wagon,retrofitted,,
9322.5,2025-12-07T11:22:30+00:00,W11539,wagon,retrofitted,,
9322.5,2025-12-07T11:22:30+00:00,LOCO_01,locomotive,track_19,retrofitted,
9323.5,2025-12-07T11:23:30+00:00,W5036,wagon,parking11,,
9323.5,2025-12-07T11:23:30+00:00,W12074,wagon,parking11,,
9323.5,2025-12-07T11:23:30+00:00,LOCO_02,locomotive,track_19,parking11,
9327.5,2025-12-07T11:27:30+00:00,LOCO_01,locomotive,WS_02,track_19,
9334.5,2025-12-07T11:34:30+00:00,LOCO_01,locomotive,retrofitted,WS_02,
9334.5,2025-12-07T11:34:30+00:00,W4532,wagon,WS_02,,WS_02|retrofitted
9334.5,2025-12-07T11:34:30+00:00,W8676,wagon,WS_02,,WS_02|retrofitted
9337.25,2025-12-07T11:37:15+00:00,W10441,wagon,collection1,,
9337.25,2025-12-07T11:37:15+00:00,W10435,wagon,collection1,,
9339.5,2025-12-07T11:39:30+00:00,W4532,wagon,retrofitted,,
9339.5,2025-12-07T11:39:30+00:00,W8676,wagon,retrofitted,,
9339.5,2025-12-07T11:39:30+00:00,LOCO_01,locomotive,track_19,retrofitted,
9346.5,2025-12-07T11:46:30+00:00,LOCO_01,locomotive,retrofit,track_19,
9354.5,2025-12-07T11:54:30+00:00,LOCO_01,locomotive,WS_01,retrofit,
9354.5,2025-12-07T11:54:30+00:00,W0680,wagon,retrofit,,retrofit|WS_01
9354.5,2025-12-07T11:54:30+00:00,W11195,wagon,retrofit,,retrofit|WS_01
9359.5,2025-12-07T11:59:30+00:00,W0680,wagon,WS_01,,
9359.5,2025-12-07T11:59:30+00:00,W11195,wagon,WS_01,,
9365.5,2025-12-07T12:05:30+00:00,W0680,wagon,WS_01,,
9365.5,2025-12-07T12:05:30+00:00,W11195,wagon,WS_01,,
9365.5,2025-12-07T12:05:30+00:00,LOCO_01,locomotive,track_19,WS_01,
9372.5,2025-12-07T12:12:30+00:00,LOCO_01,locomotive,retrofit,track_19,
9380.5,2025-12-07T12:20:30+00:00,LOCO_01,locomotive,WS_02,retrofit,
9380.5,2025-12-07T12:20:30+00:00,W0367,wagon,retrofit,,retrofit|WS_02
9380.5,2025-12-07T12:20:30+00:00,W0411,wagon,retrofit,,retrofit|WS_02
9383.5,2025-12-07T12:23:30+00:00,LOCO_02,locomotive,collection1,track_19,
9385.5,2025-12-07T12:25:30+00:00,W0367,wagon,WS_02,,
9385.5,2025-12-07T12:25:30+00:00,W0411,wagon,WS_02,,
9391.5,2025-12-07T12:31:30+00:00,W0367,wagon,WS_02,,
9391.5,2025-12-07T12:31:30+00:00,W0411,wagon,WS_02,,
9391.5,2025-12-07T12:31:30+00:00,LOCO_01,locomotive,track_19,WS_02,
9396.5,2025-12-07T12:36:30+00:00,LOCO_01,locomotive,collection2,track_19,
9400.75,2025-12-07T12:40:45+00:00,W1122,wagon,collection1,,
9400.75,2025-12-07T12:40:45+00:00,W1120,wagon,collection2,,
9444.25,2025-12-07T13:24:15+00:00,W11518,wagon,collection2,,
9444.25,2025-12-07T13:24:15+00:00,W9071,wagon,collection2,,
9444.25,2025-12-07T13:24:15+00:00,W11516,wagon,collection2,,
9444.25,2025-12-07T13:24:15+00:00,W5434,wagon,collection2,,
9452.5,2025-12-07T13:32:30+00:00,LOCO_02,locomotive,retrofit,collection1,
9452.5,2025-12-07T13:32:30+00:00,W4478,wagon,collection1,,collection1|Mainline|retrofit
9452.5,2025-12-07T13:32:30+00:00,W5845,wagon,collection1,,collection1|Mainline|retrofit
9452.5,2025-12-07T13:32:30+00:00,W5248,wagon,collection1,,collection1|Mainline|retrofit
9452.5,2025-12-07T13:32:30+00:00,W3562,wagon,collection1,,collection1|Mainline|retrofit
9467.5,2025-12-07T13:47:30+00:00,LOCO_01,locomotive,retrofit,collection2,
9467.5,2025-12-07T13:47:30+00:00,W11884,wagon,collection2,,collection2|Mainline|retrofit
9467.5,2025-12-07T13:47:30+00:00,W2135,wagon,collection2,,collection2|Mainline|retrofit
9467.5,2025-12-07T13:47:30+00:00,W9420,wagon,collection2,,collection2|Mainline|retrofit
9467.5,2025-12-07T13:47:30+00:00,W9744,wagon,collection2,,collection2|Mainline|retrofit
9467.5,2025-12-07T13:47:30+00:00,W4457,wagon,collection2,,collection2|Mainline|retrofit
9512.5,2025-12-07T14:32:30+00:00,W4478,wagon,retrofit,,
9512.5,2025-12-07T14:32:30+00:00,W5845,wagon,retrofit,,
9512.5,2025-12-07T14:32:30+00:00,W5248,wagon,retrofit,,
9512.5,2025-12-07T14:32:30+00:00,W3562,wagon,retrofit,,
9527.5,2025-12-07T14:47:30+00:00,W11884,wagon,retrofit,,
9527.5,2025-12-07T14:47:30+00:00,W2135,wagon,retrofit,,
9527.5,2025-12-07T14:47:30+00:00,W9420,wagon,retrofit,,
9527.5,2025-12-07T14:47:30+00:00,W9744,wagon,retrofit,,
9527.5,2025-12-07T14:47:30+00:00,W4457,wagon,retrofit,,
9533.5,2025-12-07T14:53:30+00:00,LOCO_02,locomotive,track_19,retrofit,
9538.5,2025-12-07T14:58:30+00:00,LOCO_02,locomotive,WS_01,track_19,
9545.5,2025-12-07T15:05:30+00:00,LOCO_02,locomotive,retrofitted,WS_01,
9545.5,2025-12-07T15:05:30+00:00,W0680,wagon,WS_01,,WS_01|retrofitted
9545.5,2025-12-07T15:05:30+00:00,W11195,wagon,WS_01,,WS_01|retrofitted
9550.5,2025-12-07T15:10:30+00:00,W0680,wagon,retrofitted,,
9550.5,2025-12-07T15:10:30+00:00,W11195,wagon,retrofitted,,
9550.5,2025-12-07T15:10:30+00:00,LOCO_02,locomotive,track_19,retrofitted,
9554.5,2025-12-07T15:14:30+00:00,LOCO_01,locomotive,track_19,retrofit,
9555.5,2025-12-07T15:15:30+00:00,LOCO_02,locomotive,retrofitted,track_19,
9559.5,2025-12-07T15:19:30+00:00,LOCO_01,locomotive,WS_02,track_19,
9565.5,2025-12-07T15:25:30+00:00,LOCO_02,locomotive,parking13,retrofitted,
9566.5,2025-12-07T15:26:30+00:00,LOCO_01,locomotive,retrofitted,WS_02,
9566.5,2025-12-07T15:26:30+00:00,W0367,wagon,WS_02,,WS_02|retrofitted
9566.5,2025-12-07T15:26:30+00:00,W0411,wagon,WS_02,,WS_02|retrofitted
9571.5,2025-12-07T15:31:30+00:00,W0367,wagon,retrofitted,,
9571.5,2025-12-07T15:31:30+00:00,W0411,wagon,retrofitted,,
9571.5,2025-12-07T15:31:30+00:00,LOCO_01,locomotive,track_19,retrofitted,
9578.5,2025-12-07T15:38:30+00:00,LOCO_01,locomotive,retrofit,track_19,
9586.5,2025-12-07T15:46:30+00:00,LOCO_01,locomotive,WS_01,retrofit,
9586.5,2025-12-07T15:46:30+00:00,W4337,wagon,retrofit,,retrofit|WS_01
9586.5,2025-12-07T15:46:30+00:00,W2166,wagon,retrofit,,retrofit|WS_01
9591.5,2025-12-07T15:51:30+00:00,W4337,wagon,WS_01,,
9591.5,2025-12-07T15:51:30+00:00,W2166,wagon,WS_01,,
9597.5,2025-12-07T15:57:30+00:00,W4337,wagon,WS_01,,
9597.5,2025-12-07T15:57:30+00:00,W2166,wagon,WS_01,,
9597.5,2025-12-07T15:57:30+00:00,LOCO_01,locomotive,track_19,WS_01,
9604.5,2025-12-07T16:04:30+00:00,LOCO_01,locomotive,retrofit,track_19,
9612.5,2025-12-07T16:12:30+00:00,LOCO_01,locomotive,WS_02,retrofit,
9612.5,2025-12-07T16:12:30+00:00,W11847,wagon,retrofit,,retrofit|WS_02
9612.5,2025-12-07T16:12:30+00:00,W4478,wagon,retrofit,,retrofit|WS_02
9617.5,2025-12-07T16:17:30+00:00,W11847,wagon,WS_02,,
9617.5,2025-12-07T16:17:30+00:00,W4478,wagon,WS_02,,
9623.5,2025-12-07T16:23:30+00:00,W11847,wagon,WS_02,,
9623.5,2025-12-07T16:23:30+00:00,W4478,wagon,WS_02,,
9623.5,2025-12-07T16:23:30+00:00,LOCO_01,locomotive,track_19,WS_02,
9628.5,2025-12-07T16:28:30+00:00,LOCO_01,locomotive,collection1,track_19,
9648.0,2025-12-07T16:48:00+00:00,W7542,wagon,parking13,,
9648.0,2025-12-07T16:48:00+00:00,W2652,wagon,parking13,,
9648.0,2025-12-07T16:48:00+00:00,W12385,wagon,parking13,,
9648.0,2025-12-07T16:48:00+00:00,W2831,wagon,parking13,,
9648.0,2025-12-07T16:48:00+00:00,W0948,wagon,parking13,,
9648.0,2025-12-07T16:48:00+00:00,W11539,wagon,parking13,,
9648.0,2025-12-07T16:48:00+00:00,W4532,wagon,parking13,,
9648.0,2025-12-07T16:48:00+00:00,W8676,wagon,parking13,,
9648.0,2025-12-07T16:48:00+00:00,LOCO_02,locomotive,track_19,parking13,
9684.0,2025-12-07T17:24:00+00:00,W4506,wagon,collection1,,
9684.0,2025-12-07T17:24:00+00:00,W1439,wagon,collection1,,
9699.5,2025-12-07T17:39:30+00:00,LOCO_01,locomotive,retrofit,collection1,
9699.5,2025-12-07T17:39:30+00:00,W4915,wagon,collection1,,collection1|Mainline|retrofit
9699.5,2025-12-07T17:39:30+00:00,W12195,wagon,collection1,,collection1|Mainline|retrofit
9699.5,2025-12-07T17:39:30+00:00,W10330,wagon,collection1,,collection1|Mainline|retrofit
9699.5,2025-12-07T17:39:30+00:00,W8570,wagon,collection1,,collection1|Mainline|retrofit
9699.5,2025-12-07T17:39:30+00:00,W9355,wagon,collection1,,collection1|Mainline|retrofit
9708.0,2025-12-07T17:48:00+00:00,LOCO_02,locomotive,WS_01,track_19,
9715.0,2025-12-07T17:55:00+00:00,LOCO_02,locomotive,retrofitted,WS_01,
9715.0,2025-12-07T17:55:00+00:00,W4337,wagon,WS_01,,WS_01|retrofitted
9715.0,2025-12-07T17:55:00+00:00,W2166,wagon,WS_01,,WS_01|retrofitted
9720.0,2025-12-07T18:00:00+00:00,W4337,wagon,retrofitted,,
9720.0,2025-12-07T18:00:00+00:00,W2166,wagon,retrofitted,,
9720.0,2025-12-07T18:00:00+00:00,LOCO_02,locomotive,track_19,retrofitted,
9725.0,2025-12-07T18:05:00+00:00,LOCO_02,locomotive,WS_02,track_19,
9732.0,2025-12-07T18:12:00+00:00,LOCO_02,locomotive,retrofitted,WS_02,
9732.0,2025-12-07T18:12:00+00:00,W11847,wagon,WS_02,,WS_02|retrofitted
9732.0,2025-12-07T18:12:00+00:00,W4478,wagon,WS_02,,WS_02|retrofitted
9737.0,2025-12-07T18:17:00+00:00,W11847,wagon,retrofitted,,
9737.0,2025-12-07T18:17:00+00:00,W4478,wagon,retrofitted,,
9737.0,2025-12-07T18:17:00+00:00,LOCO_02,locomotive,track_19,retrofitted,
9744.0,2025-12-07T18:24:00+00:00,LOCO_02,locomotive,retrofit,track_19,
9752.0,2025-12-07T18:32:00+00:00,LOCO_02,locomotive,WS_01,retrofit,
9752.0,2025-12-07T18:32:00+00:00,W5845,wagon,retrofit,,retrofit|WS_01
9752.0,2025-12-07T18:32:00+00:00,W5248,wagon,retrofit,,retrofit|WS_01
9757.0,2025-12-07T18:37:00+00:00,W5845,wagon,WS_01,,
9757.0,2025-12-07T18:37:00+00:00,W5248,wagon,WS_01,,
9759.5,2025-12-07T18:39:30+00:00,W4915,wagon,retrofit,,
9759.5,2025-12-07T18:39:30+00:00,W12195,wagon,retrofit,,
9759.5,2025-12-07T18:39:30+00:00,W10330,wagon,retrofit,,
9759.5,2025-12-07T18:39:30+00:00,W8570,wagon,retrofit,,
9759.5,2025-12-07T18:39:30+00:00,W9355,wagon,retrofit,,
9763.0,2025-12-07T18:43:00+00:00,W5845,wagon,WS_01,,
9763.0,2025-12-07T18:43:00+00:00,W5248,wagon,WS_01,,
9763.0,2025-12-07T18:43:00+00:00,LOCO_02,locomotive,track_19,WS_01,
9770.0,2025-12-07T18:50:00+00:00,LOCO_02,locomotive,retrofit,track_19,
9778.0,2025-12-07T18:58:00+00:00,LOCO_02,locomotive,WS_02,retrofit,
9778.0,2025-12-07T18:58:00+00:00,W3562,wagon,retrofit,,retrofit|WS_02
9778.0,2025-12-07T18:58:00+00:00,W11884,wagon,retrofit,,retrofit|WS_02
9783.0,2025-12-07T19:03:00+00:00,W3562,wagon,WS_02,,
9783.0,2025-12-07T19:03:00+00:00,W11884,wagon,WS_02,,
9786.5,2025-12-07T19:06:30+00:00,LOCO_01,locomotive,track_19,retrofit,
9789.0,2025-12-07T19:09:00+00:00,W3562,wagon,WS_02,,
9789.0,2025-12-07T19:09:00+00:00,W11884,wagon,WS_02,,
9789.0,2025-12-07T19:09:00+00:00,LOCO_02,locomotive,track_19,WS_02,
9791.5,2025-12-07T19:11:30+00:00,LOCO_01,locomotive,collection2,track_19,
9794.0,2025-12-07T19:14:00+00:00,LOCO_02,locomotive,retrofitted,track_19,
9800.25,2025-12-07T19:20:15+00:00,W9143,wagon,collection1,,
9800.25,2025-12-07T19:20:15+00:00,W10883,wagon,collection1,,
9800.25,2025-12-07T19:20:15+00:00,W10896,wagon,collection1,,
9802.0,2025-12-07T19:22:00+00:00,LOCO_02,locomotive,parking15,retrofitted,
9854.5,2025-12-07T20:14:30+00:00,LOCO_01,locomotive,retrofit,collection2,
9854.5,2025-12-07T20:14:30+00:00,W0928,wagon,collection2,,collection2|Mainline|retrofit
9880.5,2025-12-07T20:40:30+00:00,W0680,wagon,parking15,,
9880.5,2025-12-07T20:40:30+00:00,W11195,wagon,parking15,,
9880.5,2025-12-07T20:40:30+00:00,W0367,wagon,parking15,,
9880.5,2025-12-07T20:40:30+00:00,W0411,wagon,parking15,,
9880.5,2025-12-07T20:40:30+00:00,LOCO_02,locomotive,track_19,parking15,
9896.5,2025-12-07T20:56:30+00:00,W10303,wagon,collection1,,
9896.5,2025-12-07T20:56:30+00:00,W5395,wagon,collection1,,
9896.5,2025-12-07T20:56:30+00:00,W2774,wagon,collection1,,
9896.5,2025-12-07T20:56:30+00:00,W10233,wagon,collection1,,
9896.5,2025-12-07T20:56:30+00:00,W2815,wagon,collection1,,
9914.5,2025-12-07T21:14:30+00:00,W0928,wagon,retrofit,,
9917.5,2025-12-07T21:17:30+00:00,LOCO_01,locomotive,track_19,retrofit,
9922.5,2025-12-07T21:22:30+00:00,LOCO_01,locomotive,WS_01,track_19,
9929.5,2025-12-07T21:29:30+00:00,LOCO_01,locomotive,retrofitted,WS_01,
9929.5,2025-12-07T21:29:30+00:00,W5845,wagon,WS_01,,WS_01|retrofitted
9929.5,2025-12-07T21:29:30+00:00,W5248,wagon,WS_01,,WS_01|retrofitted
9934.5,2025-12-07T21:34:30+00:00,W5845,wagon,retrofitted,,
9934.5,2025-12-07T21:34:30+00:00,W5248,wagon,retrofitted,,
9934.5,2025-12-07T21:34:30+00:00,LOCO_01,locomotive,track_19,retrofitted,
9939.5,2025-12-07T21:39:30+00:00,LOCO_01,locomotive,WS_02,track_19,
9942.5,2025-12-07T21:42:30+00:00,LOCO_02,locomotive,retrofit,track_19,
9946.5,2025-12-07T21:46:30+00:00,LOCO_01,locomotive,retrofitted,WS_02,
9946.5,2025-12-07T21:46:30+00:00,W3562,wagon,WS_02,,WS_02|retrofitted
9946.5,2025-12-07T21:46:30+00:00,W11884,wagon,WS_02,,WS_02|retrofitted
9950.5,2025-12-07T21:50:30+00:00,LOCO_02,locomotive,WS_01,retrofit,
9950.5,2025-12-07T21:50:30+00:00,W2135,wagon,retrofit,,retrofit|WS_01
9950.5,2025-12-07T21:50:30+00:00,W9420,wagon,retrofit,,retrofit|WS_01
9951.5,2025-12-07T21:51:30+00:00,W3562,wagon,retrofitted,,
9951.5,2025-12-07T21:51:30+00:00,W11884,wagon,retrofitted,,
9951.5,2025-12-07T21:51:30+00:00,LOCO_01,locomotive,track_19,retrofitted,
9955.5,2025-12-07T21:55:30+00:00,W2135,wagon,WS_01,,
9955.5,2025-12-07T21:55:30+00:00,W9420,wagon,WS_01,,
9956.5,2025-12-07T21:56:30+00:00,LOCO_01,locomotive,retrofitted,track_19,
9961.5,2025-12-07T22:01:30+00:00,W2135,wagon,WS_01,,
9961.5,2025-12-07T22:01:30+00:00,W9420,wagon,WS_01,,
9961.5,2025-12-07T22:01:30+00:00,LOCO_02,locomotive,track_19,WS_01,
9965.5,2025-12-07T22:05:30+00:00,LOCO_01,locomotive,parking11,retrofitted,
9968.5,2025-12-07T22:08:30+00:00,LOCO_02,locomotive,retrofit,track_19,
9976.5,2025-12-07T22:16:30+00:00,LOCO_02,locomotive,WS_02,retrofit,
9976.5,2025-12-07T22:16:30+00:00,W9744,wagon,retrofit,,retrofit|WS_02
9976.5,2025-12-07T22:16:30+00:00,W4457,wagon,retrofit,,retrofit|WS_02
9981.5,2025-12-07T22:21:30+00:00,W9744,wagon,WS_02,,
9981.5,2025-12-07T22:21:30+00:00,W4457,wagon,WS_02,,
9987.5,2025-12-07T22:27:30+00:00,W9744,wagon,WS_02,,
9987.5,2025-12-07T22:27:30+00:00,W4457,wagon,WS_02,,
9987.5,2025-12-07T22:27:30+00:00,LOCO_02,locomotive,track_19,WS_02,
10022.0,2025-12-07T23:02:00+00:00,LOCO_02,locomotive,WS_01,track_19,
10029.0,2025-12-07T23:09:00+00:00,LOCO_02,locomotive,retrofitted,WS_01,
10029.0,2025-12-07T23:09:00+00:00,W2135,wagon,WS_01,,WS_01|retrofitted
10029.0,2025-12-07T23:09:00+00:00,W9420,wagon,WS_01,,WS_01|retrofitted
10031.0,2025-12-07T23:11:00+00:00,W4337,wagon,parking11,,
10031.0,2025-12-07T23:11:00+00:00,W2166,wagon,parking11,,
10031.0,2025-12-07T23:11:00+00:00,W11847,wagon,parking11,,
10031.0,2025-12-07T23:11:00+00:00,W4478,wagon,parking11,,
10031.0,2025-12-07T23:11:00+00:00,W5845,wagon,parking11,,
10031.0,2025-12-07T23:11:00+00:00,W5248,wagon,parking11,,
10031.0,2025-12-07T23:11:00+00:00,LOCO_01,locomotive,track_19,parking11,
10034.0,2025-12-07T23:14:00+00:00,W2135,wagon,retrofitted,,
10034.0,2025-12-07T23:14:00+00:00,W9420,wagon,retrofitted,,
10034.0,2025-12-07T23:14:00+00:00,LOCO_02,locomotive,track_19,retrofitted,
10041.0,2025-12-07T23:21:00+00:00,LOCO_02,locomotive,retrofit,track_19,
10041.5,2025-12-07T23:21:30+00:00,W2846,wagon,collection1,,
10041.5,2025-12-07T23:21:30+00:00,W5760,wagon,collection1,,
10041.5,2025-12-07T23:21:30+00:00,W6421,wagon,collection2,,
10041.5,2025-12-07T23:21:30+00:00,W4802,wagon,collection2,,
10049.0,2025-12-07T23:29:00+00:00,LOCO_02,locomotive,WS_01,retrofit,
10049.0,2025-12-07T23:29:00+00:00,W4915,wagon,retrofit,,retrofit|WS_01
10049.0,2025-12-07T23:29:00+00:00,W12195,wagon,retrofit,,retrofit|WS_01
10054.0,2025-12-07T23:34:00+00:00,W4915,wagon,WS_01,,
10054.0,2025-12-07T23:34:00+00:00,W12195,wagon,WS_01,,
10060.0,2025-12-07T23:40:00+00:00,W4915,wagon,WS_01,,
10060.0,2025-12-07T23:40:00+00:00,W12195,wagon,WS_01,,
10060.0,2025-12-07T23:40:00+00:00,LOCO_02,locomotive,track_19,WS_01,
10065.0,2025-12-07T23:45:00+00:00,LOCO_02,locomotive,WS_02,track_19,
10065.5,2025-12-07T23:45:30+00:00,W8616,wagon,collection2,,
10072.0,2025-12-07T23:52:00+00:00,LOCO_02,locomotive,retrofitted,WS_02,
10072.0,2025-12-07T23:52:00+00:00,W9744,wagon,WS_02,,WS_02|retrofitted
10072.0,2025-12-07T23:52:00+00:00,W4457,wagon,WS_02,,WS_02|retrofitted
10077.0,2025-12-07T23:57:00+00:00,W9744,wagon,retrofitted,,
10077.0,2025-12-07T23:57:00+00:00,W4457,wagon,retrofitted,,
10077.0,2025-12-07T23:57:00+00:00,LOCO_02,locomotive,track_19,retrofitted,
10082.0,2025-12-08T00:02:00+00:00,LOCO_02,locomotive,collection1,track_19,
10093.0,2025-12-08T00:13:00+00:00,LOCO_01,locomotive,retrofit,track_19,
10101.0,2025-12-08T00:21:00+00:00,LOCO_01,locomotive,WS_02,retrofit,
10101.0,2025-12-08T00:21:00+00:00,W10330,wagon,retrofit,,retrofit|WS_02
10101.0,2025-12-08T00:21:00+00:00,W8570,wagon,retrofit,,retrofit|WS_02
10106.0,2025-12-08T00:26:00+00:00,W10330,wagon,WS_02,,
10106.0,2025-12-08T00:26:00+00:00,W8570,wagon,WS_02,,
10112.0,2025-12-08T00:32:00+00:00,W10330,wagon,WS_02,,
10112.0,2025-12-08T00:32:00+00:00,W8570,wagon,WS_02,,
10112.0,2025-12-08T00:32:00+00:00,LOCO_01,locomotive,track_19,WS_02,
10117.0,2025-12-08T00:37:00+00:00,LOCO_01,locomotive,collection2,track_19,
10157.0,2025-12-08T01:17:00+00:00,LOCO_02,locomotive,retrofit,collection1,
10157.0,2025-12-08T01:17:00+00:00,W8578,wagon,collection1,,collection1|Mainline|retrofit
10157.0,2025-12-08T01:17:00+00:00,W9358,wagon,collection1,,collection1|Mainline|retrofit
10157.0,2025-12-08T01:17:00+00:00,W5612,wagon,collection1,,collection1|Mainline|retrofit
10157.0,2025-12-08T01:17:00+00:00,W5821,wagon,collection1,,collection1|Mainline|retrofit
10157.0,2025-12-08T01:17:00+00:00,W6008,wagon,collection1,,collection1|Mainline|retrofit
10157.0,2025-12-08T01:17:00+00:00,W0293,wagon,collection1,,collection1|Mainline|retrofit
10157.0,2025-12-08T01:17:00+00:00,W0616,wagon,collection1,,collection1|Mainline|retrofit
10180.0,2025-12-08T01:40:00+00:00,LOCO_01,locomotive,retrofit,collection2,
10180.0,2025-12-08T01:40:00+00:00,W12177,wagon,collection2,,collection2|Mainline|retrofit
10217.0,2025-12-08T02:17:00+00:00,W8578,wagon,retrofit,,
10217.0,2025-12-08T02:17:00+00:00,W9358,wagon,retrofit,,
10217.0,2025-12-08T02:17:00+00:00,W5612,wagon,retrofit,,
10217.0,2025-12-08T02:17:00+00:00,W5821,wagon,retrofit,,
10217.0,2025-12-08T02:17:00+00:00,W6008,wagon,retrofit,,
10217.0,2025-12-08T02:17:00+00:00,W0293,wagon,retrofit,,
10217.0,2025-12-08T02:17:00+00:00,W0616,wagon,retrofit,,
10240.0,2025-12-08T02:40:00+00:00,W12177,wagon,retrofit,,
10243.0,2025-12-08T02:43:00+00:00,LOCO_01,locomotive,track_19,retrofit,
10248.0,2025-12-08T02:48:00+00:00,LOCO_01,locomotive,WS_01,track_19,
10253.0,2025-12-08T02:53:00+00:00,W0234,wagon,collection2,,
10253.0,2025-12-08T02:53:00+00:00,W12229,wagon,collection2,,
10253.0,2025-12-08T02:53:00+00:00,W6323,wagon,collection2,,
10255.0,2025-12-08T02:55:00+00:00,LOCO_01,locomotive,retrofitted,WS_01,
10255.0,2025-12-08T02:55:00+00:00,W4915,wagon,WS_01,,WS_01|retrofitted
10255.0,2025-12-08T02:55:00+00:00,W12195,wagon,WS_01,,WS_01|retrofitted
10256.0,2025-12-08T02:56:00+00:00,LOCO_02,locomotive,track_19,retrofit,
10260.0,2025-12-08T03:00:00+00:00,W4915,wagon,retrofitted,,
10260.0,2025-12-08T03:00:00+00:00,W12195,wagon,retrofitted,,
10260.0,2025-12-08T03:00:00+00:00,LOCO_01,locomotive,track_19,retrofitted,
10261.0,2025-12-08T03:01:00+00:00,LOCO_02,locomotive,WS_02,track_19,
10265.0,2025-12-08T03:05:00+00:00,LOCO_01,locomotive,retrofitted,track_19,
10268.0,2025-12-08T03:08:00+00:00,LOCO_02,locomotive,retrofitted,WS_02,
10268.0,2025-12-08T03:08:00+00:00,W10330,wagon,WS_02,,WS_02|retrofitted
10268.0,2025-12-08T03:08:00+00:00,W8570,wagon,WS_02,,WS_02|retrofitted
10273.0,2025-12-08T03:13:00+00:00,W10330,wagon,retrofitted,,
10273.0,2025-12-08T03:13:00+00:00,W8570,wagon,retrofitted,,
10273.0,2025-12-08T03:13:00+00:00,LOCO_02,locomotive,track_19,retrofitted,
10274.0,2025-12-08T03:14:00+00:00,LOCO_01,locomotive,parking1,retrofitted,
10280.0,2025-12-08T03:20:00+00:00,LOCO_02,locomotive,retrofit,track_19,
10284.5,2025-12-08T03:24:30+00:00,W3562,wagon,parking1,,
10284.5,2025-12-08T03:24:30+00:00,W11884,wagon,parking1,,
10284.5,2025-12-08T03:24:30+00:00,W2135,wagon,parking1,,
10284.5,2025-12-08T03:24:30+00:00,W9420,wagon,parking1,,
10284.5,2025-12-08T03:24:30+00:00,W9744,wagon,parking1,,
10284.5,2025-12-08T03:24:30+00:00,W4457,wagon,parking1,,
10284.5,2025-12-08T03:24:30+00:00,LOCO_01,locomotive,track_19,parking1,
10288.0,2025-12-08T03:28:00+00:00,LOCO_02,locomotive,WS_01,retrofit,
10288.0,2025-12-08T03:28:00+00:00,W9355,wagon,retrofit,,retrofit|WS_01
10288.0,2025-12-08T03:28:00+00:00,W0928,wagon,retrofit,,retrofit|WS_01
10291.5,2025-12-08T03:31:30+00:00,LOCO_01,locomotive,retrofit,track_19,
10293.0,2025-12-08T03:33:00+00:00,W9355,wagon,WS_01,,
10293.0,2025-12-08T03:33:00+00:00,W0928,wagon,WS_01,,
10299.0,2025-12-08T03:39:00+00:00,W9355,wagon,WS_01,,
10299.0,2025-12-08T03:39:00+00:00,W0928,wagon,WS_01,,
10299.0,2025-12-08T03:39:00+00:00,LOCO_02,locomotive,track_19,WS_01,
10299.5,2025-12-08T03:39:30+00:00,LOCO_01,locomotive,WS_02,retrofit,
10299.5,2025-12-08T03:39:30+00:00,W8578,wagon,retrofit,,retrofit|WS_02
10299.5,2025-12-08T03:39:30+00:00,W9358,wagon,retrofit,,retrofit|WS_02
10304.0,2025-12-08T03:44:00+00:00,LOCO_02,locomotive,collection2,track_19,
10304.5,2025-12-08T03:44:30+00:00,W8578,wagon,WS_02,,
10304.5,2025-12-08T03:44:30+00:00,W9358,wagon,WS_02,,
10310.5,2025-12-08T03:50:30+00:00,W8578,wagon,WS_02,,
10310.5,2025-12-08T03:50:30+00:00,W9358,wagon,WS_02,,
10310.5,2025-12-08T03:50:30+00:00,LOCO_01,locomotive,track_19,WS_02,
10315.5,2025-12-08T03:55:30+00:00,LOCO_01,locomotive,collection1,track_19,
10378.5,2025-12-08T04:58:30+00:00,LOCO_01,locomotive,retrofit,collection1,
10378.5,2025-12-08T04:58:30+00:00,W10772,wagon,collection1,,collection1|Mainline|retrofit
10379.0,2025-12-08T04:59:00+00:00,LOCO_02,locomotive,retrofit,collection2,
10379.0,2025-12-08T04:59:00+00:00,W0888,wagon,collection2,,collection2|Mainline|retrofit
10379.0,2025-12-08T04:59:00+00:00,W7853,wagon,collection2,,collection2|Mainline|retrofit
10379.0,2025-12-08T04:59:00+00:00,W6704,wagon,collection2,,collection2|Mainline|retrofit
10379.0,2025-12-08T04:59:00+00:00,W0167,wagon,collection2,,collection2|Mainline|retrofit
10379.0,2025-12-08T04:59:00+00:00,W5380,wagon,collection2,,collection2|Mainline|retrofit
10379.0,2025-12-08T04:59:00+00:00,W5989,wagon,collection2,,collection2|Mainline|retrofit
10379.0,2025-12-08T04:59:00+00:00,W5415,wagon,collection2,,collection2|Mainline|retrofit
10420.25,2025-12-08T05:40:15+00:00,W2910,wagon,collection1,,
10420.25,2025-12-08T05:40:15+00:00,W0681,wagon,collection2,,
10420.25,2025-12-08T05:40:15+00:00,W8552,wagon,collection2,,
10423.5,2025-12-08T05:43:30+00:00,W12221,wagon,collection2,,
10438.5,2025-12-08T05:58:30+00:00,W10772,wagon,retrofit,,
10439.0,2025-12-08T05:59:00+00:00,W0888,wagon,retrofit,,
10439.0,2025-12-08T05:59:00+00:00,W7853,wagon,retrofit,,
10439.0,2025-12-08T05:59:00+00:00,W6704,wagon,retrofit,,
10439.0,2025-12-08T05:59:00+00:00,W0167,wagon,retrofit,,
10439.0,2025-12-08T05:59:00+00:00,W5380,wagon,retrofit,,
10439.0,2025-12-08T05:59:00+00:00,W5989,wagon,retrofit,,
10439.0,2025-12-08T05:59:00+00:00,W5415,wagon,retrofit,,
10441.5,2025-12-08T06:01:30+00:00,LOCO_01,locomotive,track_19,retrofit,
10446.5,2025-12-08T06:06:30+00:00,LOCO_01,locomotive,WS_01,track_19,
10453.5,2025-12-08T06:13:30+00:00,LOCO_01,locomotive,retrofitted,WS_01,
10453.5,2025-12-08T06:13:30+00:00,W9355,wagon,WS_01,,WS_01|retrofitted
10453.5,2025-12-08T06:13:30+00:00,W0928,wagon,WS_01,,WS_01|retrofitted
10458.5,2025-12-08T06:18:30+00:00,W9355,wagon,retrofitted,,
10458.5,2025-12-08T06:18:30+00:00,W0928,wagon,retrofitted,,
10458.5,2025-12-08T06:18:30+00:00,LOCO_01,locomotive,track_19,retrofitted,
10463.5,2025-12-08T06:23:30+00:00,LOCO_01,locomotive,WS_02,track_19,
10470.5,2025-12-08T06:30:30+00:00,LOCO_01,locomotive,retrofitted,WS_02,
10470.5,2025-12-08T06:30:30+00:00,W8578,wagon,WS_02,,WS_02|retrofitted
10470.5,2025-12-08T06:30:30+00:00,W9358,wagon,WS_02,,WS_02|retrofitted
10475.5,2025-12-08T06:35:30+00:00,W8578,wagon,retrofitted,,
10475.5,2025-12-08T06:35:30+00:00,W9358,wagon,retrofitted,,
10475.5,2025-12-08T06:35:30+00:00,LOCO_01,locomotive,track_19,retrofitted,
10478.0,2025-12-08T06:38:00+00:00,LOCO_02,locomotive,track_19,retrofit,
10482.5,2025-12-08T06:42:30+00:00,LOCO_01,locomotive,retrofit,track_19,
10485.0,2025-12-08T06:45:00+00:00,LOCO_02,locomotive,retrofit,track_19,
10490.5,2025-12-08T06:50:30+00:00,LOCO_01,locomotive,WS_01,retrofit,
10490.5,2025-12-08T06:50:30+00:00,W5612,wagon,retrofit,,retrofit|WS_01
10490.5,2025-12-08T06:50:30+00:00,W5821,wagon,retrofit,,retrofit|WS_01
10493.0,2025-12-08T06:53:00+00:00,LOCO_02,locomotive,WS_02,retrofit,
10493.0,2025-12-08T06:53:00+00:00,W6008,wagon,retrofit,,retrofit|WS_02
10493.0,2025-12-08T06:53:00+00:00,W0293,wagon,retrofit,,retrofit|WS_02
10495.5,2025-12-08T06:55:30+00:00,W5612,wagon,WS_01,,
10495.5,2025-12-08T06:55:30+00:00,W5821,wagon,WS_01,,
10498.0,2025-12-08T06:58:00+00:00,W6008,wagon,WS_02,,
10498.0,2025-12-08T06:58:00+00:00,W0293,wagon,WS_02,,
10500.0,2025-12-08T07:00:00+00:00,W1419,wagon,collection1,,
10501.5,2025-12-08T07:01:30+00:00,W5612,wagon,WS_01,,
10501.5,2025-12-08T07:01:30+00:00,W5821,wagon,WS_01,,
10501.5,2025-12-08T07:01:30+00:00,LOCO_01,locomotive,track_19,WS_01,
10504.0,2025-12-08T07:04:00+00:00,W6008,wagon,WS_02,,
10504.0,2025-12-08T07:04:00+00:00,W0293,wagon,WS_02,,
10504.0,2025-12-08T07:04:00+00:00,LOCO_02,locomotive,track_19,WS_02,
10506.5,2025-12-08T07:06:30+00:00,LOCO_01,locomotive,retrofitted,track_19,
10514.5,2025-12-08T07:14:30+00:00,LOCO_01,locomotive,parking10,retrofitted,
10562.0,2025-12-08T08:02:00+00:00,LOCO_02,locomotive,WS_01,track_19,
10569.0,2025-12-08T08:09:00+00:00,LOCO_02,locomotive,retrofitted,WS_01,
10569.0,2025-12-08T08:09:00+00:00,W5612,wagon,WS_01,,WS_01|retrofitted
10569.0,2025-12-08T08:09:00+00:00,W5821,wagon,WS_01,,WS_01|retrofitted
10574.0,2025-12-08T08:14:00+00:00,W5612,wagon,retrofitted,,
10574.0,2025-12-08T08:14:00+00:00,W5821,wagon,retrofitted,,
10574.0,2025-12-08T08:14:00+00:00,LOCO_02,locomotive,track_19,retrofitted,
10578.0,2025-12-08T08:18:00+00:00,W4915,wagon,parking10,,
10578.0,2025-12-08T08:18:00+00:00,W12195,wagon,parking10,,
10578.0,2025-12-08T08:18:00+00:00,W10330,wagon,parking10,,
10578.0,2025-12-08T08:18:00+00:00,W8570,wagon,parking10,,
10578.0,2025-12-08T08:18:00+00:00,LOCO_01,locomotive,track_19,parking10,
10579.0,2025-12-08T08:19:00+00:00,LOCO_02,locomotive,WS_02,track_19,
10586.0,2025-12-08T08:26:00+00:00,LOCO_02,locomotive,retrofitted,WS_02,
10586.0,2025-12-08T08:26:00+00:00,W6008,wagon,WS_02,,WS_02|retrofitted
10586.0,2025-12-08T08:26:00+00:00,W0293,wagon,WS_02,,WS_02|retrofitted
10591.0,2025-12-08T08:31:00+00:00,W6008,wagon,retrofitted,,
10591.0,2025-12-08T08:31:00+00:00,W0293,wagon,retrofitted,,
10591.0,2025-12-08T08:31:00+00:00,LOCO_02,locomotive,track_19,retrofitted,
10593.5,2025-12-08T08:33:30+00:00,W5173,wagon,collection1,,
10593.5,2025-12-08T08:33:30+00:00,W4380,wagon,collection1,,
10593.5,2025-12-08T08:33:30+00:00,W5872,wagon,collection2,,
10593.5,2025-12-08T08:33:30+00:00,W6989,wagon,collection2,,
10593.5,2025-12-08T08:33:30+00:00,W12179,wagon,collection2,,
10598.0,2025-12-08T08:38:00+00:00,LOCO_02,locomotive,retrofit,track_19,
10606.0,2025-12-08T08:46:00+00:00,LOCO_02,locomotive,WS_01,retrofit,
10606.0,2025-12-08T08:46:00+00:00,W0616,wagon,retrofit,,retrofit|WS_01
10606.0,2025-12-08T08:46:00+00:00,W12177,wagon,retrofit,,retrofit|WS_01
10611.0,2025-12-08T08:51:00+00:00,W0616,wagon,WS_01,,
10611.0,2025-12-08T08:51:00+00:00,W12177,wagon,WS_01,,
10617.0,2025-12-08T08:57:00+00:00,W0616,wagon,WS_01,,
10617.0,2025-12-08T08:57:00+00:00,W12177,wagon,WS_01,,
10617.0,2025-12-08T08:57:00+00:00,LOCO_02,locomotive,track_19,WS_01,
10624.0,2025-12-08T09:04:00+00:00,LOCO_02,locomotive,retrofit,track_19,
10632.0,2025-12-08T09:12:00+00:00,LOCO_02,locomotive,WS_02,retrofit,
10632.0,2025-12-08T09:12:00+00:00,W10772,wagon,retrofit,,retrofit|WS_02
10632.0,2025-12-08T09:12:00+00:00,W0888,wagon,retrofit,,retrofit|WS_02
10637.0,2025-12-08T09:17:00+00:00,W10772,wagon,WS_02,,
10637.0,2025-12-08T09:17:00+00:00,W0888,wagon,WS_02,,
10638.0,2025-12-08T09:18:00+00:00,LOCO_01,locomotive,collection1,track_19,
10643.0,2025-12-08T09:23:00+00:00,W10772,wagon,WS_02,,
10643.0,2025-12-08T09:23:00+00:00,W0888,wagon,WS_02,,
10643.0,2025-12-08T09:23:00+00:00,LOCO_02,locomotive,track_19,WS_02,
10648.0,2025-12-08T09:28:00+00:00,LOCO_02,locomotive,collection2,track_19,
10707.0,2025-12-08T10:27:00+00:00,LOCO_01,locomotive,retrofit,collection1,
10707.0,2025-12-08T10:27:00+00:00,W5316,wagon,collection1,,collection1|Mainline|retrofit
10707.0,2025-12-08T10:27:00+00:00,W9043,wagon,collection1,,collection1|Mainline|retrofit
10707.0,2025-12-08T10:27:00+00:00,W2149,wagon,collection1,,collection1|Mainline|retrofit
10707.0,2025-12-08T10:27:00+00:00,W0875,wagon,collection1,,collection1|Mainline|retrofit
10713.0,2025-12-08T10:33:00+00:00,LOCO_02,locomotive,retrofit,collection2,
10713.0,2025-12-08T10:33:00+00:00,W12031,wagon,collection2,,collection2|Mainline|retrofit
10713.0,2025-12-08T10:33:00+00:00,W8714,wagon,collection2,,collection2|Mainline|retrofit
10767.0,2025-12-08T11:27:00+00:00,W5316,wagon,retrofit,,
10767.0,2025-12-08T11:27:00+00:00,W9043,wagon,retrofit,,
10767.0,2025-12-08T11:27:00+00:00,W2149,wagon,retrofit,,
10767.0,2025-12-08T11:27:00+00:00,W0875,wagon,retrofit,,
10773.0,2025-12-08T11:33:00+00:00,W12031,wagon,retrofit,,
10773.0,2025-12-08T11:33:00+00:00,W8714,wagon,retrofit,,
10782.0,2025-12-08T11:42:00+00:00,LOCO_02,locomotive,track_19,retrofit,
10787.0,2025-12-08T11:47:00+00:00,LOCO_02,locomotive,WS_01,track_19,
10788.0,2025-12-08T11:48:00+00:00,LOCO_01,locomotive,track_19,retrofit,
10793.0,2025-12-08T11:53:00+00:00,LOCO_01,locomotive,WS_02,track_19,
10793.25,2025-12-08T11:53:15+00:00,W12116,wagon,collection2,,
10793.25,2025-12-08T11:53:15+00:00,W0698,wagon,collection2,,
10793.25,2025-12-08T11:53:15+00:00,W10150,wagon,collection1,,
10793.25,2025-12-08T11:53:15+00:00,W4099,wagon,collection2,,
10794.0,2025-12-08T11:54:00+00:00,LOCO_02,locomotive,retrofitted,WS_01,
10794.0,2025-12-08T11:54:00+00:00,W0616,wagon,WS_01,,WS_01|retrofitted
10794.0,2025-12-08T11:54:00+00:00,W12177,wagon,WS_01,,WS_01|retrofitted
10795.0,2025-12-08T11:55:00+00:00,W12155,wagon,collection2,,
10796.75,2025-12-08T11:56:45+00:00,W0839,wagon,collection2,,
10799.0,2025-12-08T11:59:00+00:00,W0616,wagon,retrofitted,,
10799.0,2025-12-08T11:59:00+00:00,W12177,wagon,retrofitted,,
10799.0,2025-12-08T11:59:00+00:00,LOCO_02,locomotive,track_19,retrofitted,
10800.0,2025-12-08T12:00:00+00:00,LOCO_01,locomotive,retrofitted,WS_02,
10800.0,2025-12-08T12:00:00+00:00,W10772,wagon,WS_02,,WS_02|retrofitted
10800.0,2025-12-08T12:00:00+00:00,W0888,wagon,WS_02,,WS_02|retrofitted
10804.0,2025-12-08T12:04:00+00:00,LOCO_02,locomotive,retrofitted,track_19,
10805.0,2025-12-08T12:05:00+00:00,W10772,wagon,retrofitted,,
10805.0,2025-12-08T12:05:00+00:00,W0888,wagon,retrofitted,,
10805.0,2025-12-08T12:05:00+00:00,LOCO_01,locomotive,track_19,retrofitted,
10812.0,2025-12-08T12:12:00+00:00,LOCO_01,locomotive,retrofit,track_19,
10814.0,2025-12-08T12:14:00+00:00,LOCO_02,locomotive,parking14,retrofitted,
10820.0,2025-12-08T12:20:00+00:00,LOCO_01,locomotive,WS_01,retrofit,
10820.0,2025-12-08T12:20:00+00:00,W7853,wagon,retrofit,,retrofit|WS_01
10820.0,2025-12-08T12:20:00+00:00,W6704,wagon,retrofit,,retrofit|WS_01
10825.0,2025-12-08T12:25:00+00:00,W7853,wagon,WS_01,,
10825.0,2025-12-08T12:25:00+00:00,W6704,wagon,WS_01,,
10831.0,2025-12-08T12:31:00+00:00,W7853,wagon,WS_01,,
10831.0,2025-12-08T12:31:00+00:00,W6704,wagon,WS_01,,
10831.0,2025-12-08T12:31:00+00:00,LOCO_01,locomotive,track_19,WS_01,
10838.0,2025-12-08T12:38:00+00:00,LOCO_01,locomotive,retrofit,track_19,
10846.0,2025-12-08T12:46:00+00:00,LOCO_01,locomotive,WS_02,retrofit,
10846.0,2025-12-08T12:46:00+00:00,W0167,wagon,retrofit,,retrofit|WS_02
10846.0,2025-12-08T12:46:00+00:00,W5380,wagon,retrofit,,retrofit|WS_02
10851.0,2025-12-08T12:51:00+00:00,W0167,wagon,WS_02,,
10851.0,2025-12-08T12:51:00+00:00,W5380,wagon,WS_02,,
10857.0,2025-12-08T12:57:00+00:00,W0167,wagon,WS_02,,
10857.0,2025-12-08T12:57:00+00:00,W5380,wagon,WS_02,,
10857.0,2025-12-08T12:57:00+00:00,LOCO_01,locomotive,track_19,WS_02,
10862.0,2025-12-08T13:02:00+00:00,LOCO_01,locomotive,collection2,track_19,
10896.5,2025-12-08T13:36:30+00:00,W9355,wagon,parking14,,
10896.5,2025-12-08T13:36:30+00:00,W0928,wagon,parking14,,
10896.5,2025-12-08T13:36:30+00:00,W8578,wagon,parking14,,
10896.5,2025-12-08T13:36:30+00:00,W9358,wagon,parking14,,
10896.5,2025-12-08T13:36:30+00:00,W5612,wagon,parking14,,
10896.5,2025-12-08T13:36:30+00:00,W5821,wagon,parking14,,
10896.5,2025-12-08T13:36:30+00:00,W6008,wagon,parking14,,
10896.5,2025-12-08T13:36:30+00:00,W0293,wagon,parking14,,
10896.5,2025-12-08T13:36:30+00:00,LOCO_02,locomotive,track_19,parking14,
10933.0,2025-12-08T14:13:00+00:00,LOCO_01,locomotive,retrofit,collection2,
10933.0,2025-12-08T14:13:00+00:00,W7877,wagon,collection2,,collection2|Mainline|retrofit
10933.0,2025-12-08T14:13:00+00:00,W5280,wagon,collection2,,collection2|Mainline|retrofit
10933.0,2025-12-08T14:13:00+00:00,W1120,wagon,collection2,,collection2|Mainline|retrofit
10933.0,2025-12-08T14:13:00+00:00,W11518,wagon,collection2,,collection2|Mainline|retrofit
10933.0,2025-12-08T14:13:00+00:00,W9071,wagon,collection2,,collection2|Mainline|retrofit
10956.5,2025-12-08T14:36:30+00:00,LOCO_02,locomotive,WS_01,track_19,
10963.5,2025-12-08T14:43:30+00:00,LOCO_02,locomotive,retrofitted,WS_01,
10963.5,2025-12-08T14:43:30+00:00,W7853,wagon,WS_01,,WS_01|retrofitted
10963.5,2025-12-08T14:43:30+00:00,W6704,wagon,WS_01,,WS_01|retrofitted
10968.5,2025-12-08T14:48:30+00:00,W7853,wagon,retrofitted,,
10968.5,2025-12-08T14:48:30+00:00,W6704,wagon,retrofitted,,
10968.5,2025-12-08T14:48:30+00:00,LOCO_02,locomotive,track_19,retrofitted,
10973.5,2025-12-08T14:53:30+00:00,LOCO_02,locomotive,WS_02,track_19,
10980.5,2025-12-08T15:00:30+00:00,LOCO_02,locomotive,retrofitted,WS_02,
10980.5,2025-12-08T15:00:30+00:00,W0167,wagon,WS_02,,WS_02|retrofitted
10980.5,2025-12-08T15:00:30+00:00,W5380,wagon,WS_02,,WS_02|retrofitted
10985.5,2025-12-08T15:05:30+00:00,W0167,wagon,retrofitted,,
10985.5,2025-12-08T15:05:30+00:00,W5380,wagon,retrofitted,,
10985.5,2025-12-08T15:05:30+00:00,LOCO_02,locomotive,track_19,retrofitted,
10992.5,2025-12-08T15:12:30+00:00,LOCO_02,locomotive,retrofit,track_19,
10993.0,2025-12-08T15:13:00+00:00,W7877,wagon,retrofit,,
10993.0,2025-12-08T15:13:00+00:00,W5280,wagon,retrofit,,
10993.0,2025-12-08T15:13:00+00:00,W1120,wagon,retrofit,,
10993.0,2025-12-08T15:13:00+00:00,W11518,wagon,retrofit,,
10993.0,2025-12-08T15:13:00+00:00,W9071,wagon,retrofit,,
11000.5,2025-12-08T15:20:30+00:00,LOCO_02,locomotive,WS_01,retrofit,
11000.5,2025-12-08T15:20:30+00:00,W5989,wagon,retrofit,,retrofit|WS_01
11000.5,2025-12-08T15:20:30+00:00,W5415,wagon,retrofit,,retrofit|WS_01
11005.5,2025-12-08T15:25:30+00:00,W5989,wagon,WS_01,,
11005.5,2025-12-08T15:25:30+00:00,W5415,wagon,WS_01,,
11011.5,2025-12-08T15:31:30+00:00,W5989,wagon,WS_01,,
11011.5,2025-12-08T15:31:30+00:00,W5415,wagon,WS_01,,
11011.5,2025-12-08T15:31:30+00:00,LOCO_02,locomotive,track_19,WS_01,
11018.5,2025-12-08T15:38:30+00:00,LOCO_02,locomotive,retrofit,track_19,
11020.0,2025-12-08T15:40:00+00:00,LOCO_01,locomotive,track_19,retrofit,
11025.0,2025-12-08T15:45:00+00:00,LOCO_01,locomotive,collection1,track_19,
11026.5,2025-12-08T15:46:30+00:00,LOCO_02,locomotive,WS_02,retrofit,
11026.5,2025-12-08T15:46:30+00:00,W5316,wagon,retrofit,,retrofit|WS_02
11026.5,2025-12-08T15:46:30+00:00,W9043,wagon,retrofit,,retrofit|WS_02
11031.5,2025-12-08T15:51:30+00:00,W5316,wagon,WS_02,,
11031.5,2025-12-08T15:51:30+00:00,W9043,wagon,WS_02,,
11037.5,2025-12-08T15:57:30+00:00,W5316,wagon,WS_02,,
11037.5,2025-12-08T15:57:30+00:00,W9043,wagon,WS_02,,
11037.5,2025-12-08T15:57:30+00:00,LOCO_02,locomotive,track_19,WS_02,
11042.5,2025-12-08T16:02:30+00:00,LOCO_02,locomotive,retrofitted,track_19,
11050.5,2025-12-08T16:10:30+00:00,LOCO_02,locomotive,parking16,retrofitted,
11088.0,2025-12-08T16:48:00+00:00,LOCO_01,locomotive,retrofit,collection1,
11088.0,2025-12-08T16:48:00+00:00,W10441,wagon,collection1,,collection1|Mainline|retrofit
11148.0,2025-12-08T17:48:00+00:00,W10441,wagon,retrofit,,
11151.0,2025-12-08T17:51:00+00:00,LOCO_01,locomotive,track_19,retrofit,
11156.0,2025-12-08T17:56:00+00:00,LOCO_01,locomotive,WS_01,track_19,
11163.0,2025-12-08T18:03:00+00:00,LOCO_01,locomotive,retrofitted,WS_01,
11163.0,2025-12-08T18:03:00+00:00,W5989,wagon,WS_01,,WS_01|retrofitted
11163.0,2025-12-08T18:03:00+00:00,W5415,wagon,WS_01,,WS_01|retrofitted
11168.0,2025-12-08T18:08:00+00:00,W5989,wagon,retrofitted,,
11168.0,2025-12-08T18:08:00+00:00,W5415,wagon,retrofitted,,
11168.0,2025-12-08T18:08:00+00:00,LOCO_01,locomotive,track_19,retrofitted,
11173.0,2025-12-08T18:13:00+00:00,LOCO_01,locomotive,WS_02,track_19,
11174.0,2025-12-08T18:14:00+00:00,W0616,wagon,parking16,,
11174.0,2025-12-08T18:14:00+00:00,W12177,wagon,parking16,,
11174.0,2025-12-08T18:14:00+00:00,W10772,wagon,parking16,,
11174.0,2025-12-08T18:14:00+00:00,W0888,wagon,parking16,,
11174.0,2025-12-08T18:14:00+00:00,LOCO_02,locomotive,track_19,parking16,
11180.0,2025-12-08T18:20:00+00:00,LOCO_01,locomotive,retrofitted,WS_02,
11180.0,2025-12-08T18:20:00+00:00,W5316,wagon,WS_02,,WS_02|retrofitted
11180.0,2025-12-08T18:20:00+00:00,W9043,wagon,WS_02,,WS_02|retrofitted
11185.0,2025-12-08T18:25:00+00:00,W5316,wagon,retrofitted,,
11185.0,2025-12-08T18:25:00+00:00,W9043,wagon,retrofitted,,
11185.0,2025-12-08T18:25:00+00:00,LOCO_01,locomotive,track_19,retrofitted,
11192.0,2025-12-08T18:32:00+00:00,LOCO_01,locomotive,retrofit,track_19,
11200.0,2025-12-08T18:40:00+00:00,LOCO_01,locomotive,WS_01,retrofit,
11200.0,2025-12-08T18:40:00+00:00,W2149,wagon,retrofit,,retrofit|WS_01
11200.0,2025-12-08T18:40:00+00:00,W0875,wagon,retrofit,,retrofit|WS_01
11205.0,2025-12-08T18:45:00+00:00,W2149,wagon,WS_01,,
11205.0,2025-12-08T18:45:00+00:00,W0875,wagon,WS_01,,
11211.0,2025-12-08T18:51:00+00:00,W2149,wagon,WS_01,,
11211.0,2025-12-08T18:51:00+00:00,W0875,wagon,WS_01,,
11211.0,2025-12-08T18:51:00+00:00,LOCO_01,locomotive,track_19,WS_01,
11218.0,2025-12-08T18:58:00+00:00,LOCO_01,locomotive,retrofit,track_19,
11226.0,2025-12-08T19:06:00+00:00,LOCO_01,locomotive,WS_02,retrofit,
11226.0,2025-12-08T19:06:00+00:00,W12031,wagon,retrofit,,retrofit|WS_02
11226.0,2025-12-08T19:06:00+00:00,W8714,wagon,retrofit,,retrofit|WS_02
11231.0,2025-12-08T19:11:00+00:00,W12031,wagon,WS_02,,
11231.0,2025-12-08T19:11:00+00:00,W8714,wagon,WS_02,,
11231.5,2025-12-08T19:11:30+00:00,W5992,wagon,collection1,,
11231.5,2025-12-08T19:11:30+00:00,W9943,wagon,collection2,,
11231.5,2025-12-08T19:11:30+00:00,W9430,wagon,collection2,,
11231.5,2025-12-08T19:11:30+00:00,W7598,wagon,collection2,,
11231.5,2025-12-08T19:11:30+00:00,W7513,wagon,collection2,,
11231.5,2025-12-08T19:11:30+00:00,W9446,wagon,collection2,,
11231.5,2025-12-08T19:11:30+00:00,W2844,wagon,collection2,,
11231.5,2025-12-08T19:11:30+00:00,W8339,wagon,collection1,,
11234.0,2025-12-08T19:14:00+00:00,LOCO_02,locomotive,collection2,track_19,
11237.0,2025-12-08T19:17:00+00:00,W12031,wagon,WS_02,,
11237.0,2025-12-08T19:17:00+00:00,W8714,wagon,WS_02,,
11237.0,2025-12-08T19:17:00+00:00,LOCO_01,locomotive,track_19,WS_02,
11242.0,2025-12-08T19:22:00+00:00,LOCO_01,locomotive,collection1,track_19,
11305.0,2025-12-08T20:25:00+00:00,LOCO_01,locomotive,retrofit,collection1,
11305.0,2025-12-08T20:25:00+00:00,W10435,wagon,collection1,,collection1|Mainline|retrofit
11307.0,2025-12-08T20:27:00+00:00,LOCO_02,locomotive,retrofit,collection2,
11307.0,2025-12-08T20:27:00+00:00,W11516,wagon,collection2,,collection2|Mainline|retrofit
11307.0,2025-12-08T20:27:00+00:00,W5434,wagon,collection2,,collection2|Mainline|retrofit
11307.0,2025-12-08T20:27:00+00:00,W6421,wagon,collection2,,collection2|Mainline|retrofit
11307.0,2025-12-08T20:27:00+00:00,W4802,wagon,collection2,,collection2|Mainline|retrofit
11307.0,2025-12-08T20:27:00+00:00,W8616,wagon,collection2,,collection2|Mainline|retrofit
11307.0,2025-12-08T20:27:00+00:00,W0234,wagon,collection2,,collection2|Mainline|retrofit
11365.0,2025-12-08T21:25:00+00:00,W10435,wagon,retrofit,,
11367.0,2025-12-08T21:27:00+00:00,W11516,wagon,retrofit,,
11367.0,2025-12-08T21:27:00+00:00,W5434,wagon,retrofit,,
11367.0,2025-12-08T21:27:00+00:00,W6421,wagon,retrofit,,
11367.0,2025-12-08T21:27:00+00:00,W4802,wagon,retrofit,,
11367.0,2025-12-08T21:27:00+00:00,W8616,wagon,retrofit,,
11367.0,2025-12-08T21:27:00+00:00,W0234,wagon,retrofit,,
11368.0,2025-12-08T21:28:00+00:00,LOCO_01,locomotive,track_19,retrofit,
11373.0,2025-12-08T21:33:00+00:00,LOCO_01,locomotive,WS_01,track_19,
11380.0,2025-12-08T21:40:00+00:00,LOCO_01,locomotive,retrofitted,WS_01,
11380.0,2025-12-08T21:40:00+00:00,W2149,wagon,WS_01,,WS_01|retrofitted
11380.0,2025-12-08T21:40:00+00:00,W0875,wagon,WS_01,,WS_01|retrofitted
11385.0,2025-12-08T21:45:00+00:00,W2149,wagon,retrofitted,,
11385.0,2025-12-08T21:45:00+00:00,W0875,wagon,retrofitted,,
11385.0,2025-12-08T21:45:00+00:00,LOCO_01,locomotive,track_19,retrofitted,
11390.0,2025-12-08T21:50:00+00:00,LOCO_01,locomotive,WS_02,track_19,
11397.0,2025-12-08T21:57:00+00:00,LOCO_01,locomotive,retrofitted,WS_02,
11397.0,2025-12-08T21:57:00+00:00,W12031,wagon,WS_02,,WS_02|retrofitted
11397.0,2025-12-08T21:57:00+00:00,W8714,wagon,WS_02,,WS_02|retrofitted
11400.0,2025-12-08T22:00:00+00:00,LOCO_02,locomotive,track_19,retrofit,
11402.0,2025-12-08T22:02:00+00:00,W12031,wagon,retrofitted,,
11402.0,2025-12-08T22:02:00+00:00,W8714,wagon,retrofitted,,
11402.0,2025-12-08T22:02:00+00:00,LOCO_01,locomotive,track_19,retrofitted,
11407.0,2025-12-08T22:07:00+00:00,LOCO_02,locomotive,retrofit,track_19,
11407.0,2025-12-08T22:07:00+00:00,LOCO_01,locomotive,retrofitted,track_19,
11415.0,2025-12-08T22:15:00+00:00,LOCO_02,locomotive,WS_01,retrofit,
11415.0,2025-12-08T22:15:00+00:00,W7877,wagon,retrofit,,retrofit|WS_01
11415.0,2025-12-08T22:15:00+00:00,W5280,wagon,retrofit,,retrofit|WS_01
11417.0,2025-12-08T22:17:00+00:00,LOCO_01,locomotive,parking12,retrofitted,
11420.0,2025-12-08T22:20:00+00:00,W7877,wagon,WS_01,,
11420.0,2025-12-08T22:20:00+00:00,W5280,wagon,WS_01,,
11426.0,2025-12-08T22:26:00+00:00,W7877,wagon,WS_01,,
11426.0,2025-12-08T22:26:00+00:00,W5280,wagon,WS_01,,
11426.0,2025-12-08T22:26:00+00:00,LOCO_02,locomotive,track_19,WS_01,
11433.0,2025-12-08T22:33:00+00:00,LOCO_02,locomotive,retrofit,track_19,
11441.0,2025-12-08T22:41:00+00:00,LOCO_02,locomotive,WS_02,retrofit,
11441.0,2025-12-08T22:41:00+00:00,W1120,wagon,retrofit,,retrofit|WS_02
11441.0,2025-12-08T22:41:00+00:00,W11518,wagon,retrofit,,retrofit|WS_02
11446.0,2025-12-08T22:46:00+00:00,W1120,wagon,WS_02,,
11446.0,2025-12-08T22:46:00+00:00,W11518,wagon,WS_02,,
11452.0,2025-12-08T22:52:00+00:00,W1120,wagon,WS_02,,
11452.0,2025-12-08T22:52:00+00:00,W11518,wagon,WS_02,,
11452.0,2025-12-08T22:52:00+00:00,LOCO_02,locomotive,track_19,WS_02,
11457.0,2025-12-08T22:57:00+00:00,LOCO_02,locomotive,collection1,track_19,
11484.5,2025-12-08T23:24:30+00:00,W7853,wagon,parking12,,
11484.5,2025-12-08T23:24:30+00:00,W6704,wagon,parking12,,
11484.5,2025-12-08T23:24:30+00:00,W0167,wagon,parking12,,
11484.5,2025-12-08T23:24:30+00:00,W5380,wagon,parking12,,
11484.5,2025-12-08T23:24:30+00:00,W5989,wagon,parking12,,
11484.5,2025-12-08T23:24:30+00:00,W5415,wagon,parking12,,
11484.5,2025-12-08T23:24:30+00:00,W5316,wagon,parking12,,
11484.5,2025-12-08T23:24:30+00:00,W9043,wagon,parking12,,
11484.5,2025-12-08T23:24:30+00:00,LOCO_01,locomotive,track_19,parking12,
11524.0,2025-12-09T00:04:00+00:00,LOCO_02,locomotive,retrofit,collection1,
11524.0,2025-12-09T00:04:00+00:00,W1122,wagon,collection1,,collection1|Mainline|retrofit
11524.0,2025-12-09T00:04:00+00:00,W4506,wagon,collection1,,collection1|Mainline|retrofit
11524.0,2025-12-09T00:04:00+00:00,W1439,wagon,collection1,,collection1|Mainline|retrofit
11544.25,2025-12-09T00:24:15+00:00,W12383,wagon,collection1,,
11544.25,2025-12-09T00:24:15+00:00,W9843,wagon,collection1,,
11544.25,2025-12-09T00:24:15+00:00,W4473,wagon,collection1,,
11544.25,2025-12-09T00:24:15+00:00,W9727,wagon,collection2,,
11544.25,2025-12-09T00:24:15+00:00,W9046,wagon,collection2,,
11544.5,2025-12-09T00:24:30+00:00,LOCO_01,locomotive,WS_01,track_19,
11551.5,2025-12-09T00:31:30+00:00,LOCO_01,locomotive,retrofitted,WS_01,
11551.5,2025-12-09T00:31:30+00:00,W7877,wagon,WS_01,,WS_01|retrofitted
11551.5,2025-12-09T00:31:30+00:00,W5280,wagon,WS_01,,WS_01|retrofitted
11556.5,2025-12-09T00:36:30+00:00,W7877,wagon,retrofitted,,
11556.5,2025-12-09T00:36:30+00:00,W5280,wagon,retrofitted,,
11556.5,2025-12-09T00:36:30+00:00,LOCO_01,locomotive,track_19,retrofitted,
11561.5,2025-12-09T00:41:30+00:00,LOCO_01,locomotive,WS_02,track_19,
11568.5,2025-12-09T00:48:30+00:00,LOCO_01,locomotive,retrofitted,WS_02,
11568.5,2025-12-09T00:48:30+00:00,W1120,wagon,WS_02,,WS_02|retrofitted
11568.5,2025-12-09T00:48:30+00:00,W11518,wagon,WS_02,,WS_02|retrofitted
11573.5,2025-12-09T00:53:30+00:00,W1120,wagon,retrofitted,,
11573.5,2025-12-09T00:53:30+00:00,W11518,wagon,retrofitted,,
11573.5,2025-12-09T00:53:30+00:00,LOCO_01,locomotive,track_19,retrofitted,
11580.5,2025-12-09T01:00:30+00:00,LOCO_01,locomotive,retrofit,track_19,
11584.0,2025-12-09T01:04:00+00:00,W1122,wagon,retrofit,,
11584.0,2025-12-09T01:04:00+00:00,W4506,wagon,retrofit,,
11584.0,2025-12-09T01:04:00+00:00,W1439,wagon,retrofit,,
11588.5,2025-12-09T01:08:30+00:00,LOCO_01,locomotive,WS_01,retrofit,
11588.5,2025-12-09T01:08:30+00:00,W9071,wagon,retrofit,,retrofit|WS_01
11588.5,2025-12-09T01:08:30+00:00,W10441,wagon,retrofit,,retrofit|WS_01
11593.5,2025-12-09T01:13:30+00:00,W9071,wagon,WS_01,,
11593.5,2025-12-09T01:13:30+00:00,W10441,wagon,WS_01,,
11599.0,2025-12-09T01:19:00+00:00,LOCO_02,locomotive,track_19,retrofit,
11599.5,2025-12-09T01:19:30+00:00,W9071,wagon,WS_01,,
11599.5,2025-12-09T01:19:30+00:00,W10441,wagon,WS_01,,
11599.5,2025-12-09T01:19:30+00:00,LOCO_01,locomotive,track_19,WS_01,
11604.5,2025-12-09T01:24:30+00:00,LOCO_01,locomotive,retrofitted,track_19,
11606.0,2025-12-09T01:26:00+00:00,LOCO_02,locomotive,retrofit,track_19,
11612.5,2025-12-09T01:32:30+00:00,LOCO_01,locomotive,parking2,retrofitted,
11614.0,2025-12-09T01:34:00+00:00,LOCO_02,locomotive,WS_02,retrofit,
11614.0,2025-12-09T01:34:00+00:00,W10435,wagon,retrofit,,retrofit|WS_02
11614.0,2025-12-09T01:34:00+00:00,W11516,wagon,retrofit,,retrofit|WS_02
11619.0,2025-12-09T01:39:00+00:00,W10435,wagon,WS_02,,
11619.0,2025-12-09T01:39:00+00:00,W11516,wagon,WS_02,,
11621.0,2025-12-09T01:41:00+00:00,W2149,wagon,parking2,,
11621.0,2025-12-09T01:41:00+00:00,W0875,wagon,parking2,,
11621.0,2025-12-09T01:41:00+00:00,W12031,wagon,parking2,,
11621.0,2025-12-09T01:41:00+00:00,W8714,wagon,parking2,,
11621.0,2025-12-09T01:41:00+00:00,LOCO_01,locomotive,track_19,parking2,
11625.0,2025-12-09T01:45:00+00:00,W10435,wagon,WS_02,,
11625.0,2025-12-09T01:45:00+00:00,W11516,wagon,WS_02,,
11625.0,2025-12-09T01:45:00+00:00,LOCO_02,locomotive,track_19,WS_02,
11660.0,2025-12-09T02:20:00+00:00,LOCO_01,locomotive,WS_01,track_19,
11667.0,2025-12-09T02:27:00+00:00,LOCO_01,locomotive,retrofitted,WS_01,
11667.0,2025-12-09T02:27:00+00:00,W9071,wagon,WS_01,,WS_01|retrofitted
11667.0,2025-12-09T02:27:00+00:00,W10441,wagon,WS_01,,WS_01|retrofitted
11672.0,2025-12-09T02:32:00+00:00,W9071,wagon,retrofitted,,
11672.0,2025-12-09T02:32:00+00:00,W10441,wagon,retrofitted,,
11672.0,2025-12-09T02:32:00+00:00,LOCO_01,locomotive,track_19,retrofitted,
11675.0,2025-12-09T02:35:00+00:00,LOCO_02,locomotive,retrofitted,track_19,
11679.0,2025-12-09T02:39:00+00:00,LOCO_01,locomotive,retrofit,track_19,
11683.0,2025-12-09T02:43:00+00:00,LOCO_02,locomotive,parking6,retrofitted,
11687.0,2025-12-09T02:47:00+00:00,LOCO_01,locomotive,WS_01,retrofit,
11687.0,2025-12-09T02:47:00+00:00,W5434,wagon,retrofit,,retrofit|WS_01
11687.0,2025-12-09T02:47:00+00:00,W6421,wagon,retrofit,,retrofit|WS_01
11691.5,2025-12-09T02:51:30+00:00,W7877,wagon,parking6,,
11691.5,2025-12-09T02:51:30+00:00,W5280,wagon,parking6,,
11691.5,2025-12-09T02:51:30+00:00,W1120,wagon,parking6,,
11691.5,2025-12-09T02:51:30+00:00,W11518,wagon,parking6,,
11691.5,2025-12-09T02:51:30+00:00,LOCO_02,locomotive,track_19,parking6,
11692.0,2025-12-09T02:52:00+00:00,W5434,wagon,WS_01,,
11692.0,2025-12-09T02:52:00+00:00,W6421,wagon,WS_01,,
11696.5,2025-12-09T02:56:30+00:00,LOCO_02,locomotive,WS_02,track_19,
11698.0,2025-12-09T02:58:00+00:00,W5434,wagon,WS_01,,
11698.0,2025-12-09T02:58:00+00:00,W6421,wagon,WS_01,,
11698.0,2025-12-09T02:58:00+00:00,LOCO_01,locomotive,track_19,WS_01,
11703.5,2025-12-09T03:03:30+00:00,LOCO_02,locomotive,retrofitted,WS_02,
11703.5,2025-12-09T03:03:30+00:00,W10435,wagon,WS_02,,WS_02|retrofitted
11703.5,2025-12-09T03:03:30+00:00,W11516,wagon,WS_02,,WS_02|retrofitted
11705.25,2025-12-09T03:05:15+00:00,W6848,wagon,collection1,,
11705.25,2025-12-09T03:05:15+00:00,W11356,wagon,collection1,,
11705.25,2025-12-09T03:05:15+00:00,W4223,wagon,collection1,,
11705.25,2025-12-09T03:05:15+00:00,W1826,wagon,collection1,,
11705.25,2025-12-09T03:05:15+00:00,W8494,wagon,collection1,,
11705.25,2025-12-09T03:05:15+00:00,W1427,wagon,collection1,,
11708.5,2025-12-09T03:08:30+00:00,W10435,wagon,retrofitted,,
11708.5,2025-12-09T03:08:30+00:00,W11516,wagon,retrofitted,,
11708.5,2025-12-09T03:08:30+00:00,LOCO_02,locomotive,track_19,retrofitted,
11713.5,2025-12-09T03:13:30+00:00,LOCO_02,locomotive,collection2,track_19,
11715.5,2025-12-09T03:15:30+00:00,LOCO_01,locomotive,retrofit,track_19,
11723.5,2025-12-09T03:23:30+00:00,LOCO_01,locomotive,WS_02,retrofit,
11723.5,2025-12-09T03:23:30+00:00,W4802,wagon,retrofit,,retrofit|WS_02
11723.5,2025-12-09T03:23:30+00:00,W8616,wagon,retrofit,,retrofit|WS_02
11728.5,2025-12-09T03:28:30+00:00,W4802,wagon,WS_02,,
11728.5,2025-12-09T03:28:30+00:00,W8616,wagon,WS_02,,
11734.5,2025-12-09T03:34:30+00:00,W4802,wagon,WS_02,,
11734.5,2025-12-09T03:34:30+00:00,W8616,wagon,WS_02,,
11734.5,2025-12-09T03:34:30+00:00,LOCO_01,locomotive,track_19,WS_02,
11739.5,2025-12-09T03:39:30+00:00,LOCO_01,locomotive,collection1,track_19,
11778.5,2025-12-09T04:18:30+00:00,LOCO_02,locomotive,retrofit,collection2,
11778.5,2025-12-09T04:18:30+00:00,W12229,wagon,collection2,,collection2|Mainline|retrofit
11778.5,2025-12-09T04:18:30+00:00,W6323,wagon,collection2,,collection2|Mainline|retrofit
11814.5,2025-12-09T04:54:30+00:00,LOCO_01,locomotive,retrofit,collection1,
11814.5,2025-12-09T04:54:30+00:00,W9143,wagon,collection1,,collection1|Mainline|retrofit
11814.5,2025-12-09T04:54:30+00:00,W10883,wagon,collection1,,collection1|Mainline|retrofit
11814.5,2025-12-09T04:54:30+00:00,W10896,wagon,collection1,,collection1|Mainline|retrofit
11814.5,2025-12-09T04:54:30+00:00,W10303,wagon,collection1,,collection1|Mainline|retrofit
11814.5,2025-12-09T04:54:30+00:00,W5395,wagon,collection1,,collection1|Mainline|retrofit
11814.5,2025-12-09T04:54:30+00:00,W2774,wagon,collection1,,collection1|Mainline|retrofit
11814.5,2025-12-09T04:54:30+00:00,W10233,wagon,collection1,,collection1|Mainline|retrofit
11829.75,2025-12-09T05:09:45+00:00,W7791,wagon,collection1,,
11838.5,2025-12-09T05:18:30+00:00,W12229,wagon,retrofit,,
11838.5,2025-12-09T05:18:30+00:00,W6323,wagon,retrofit,,
11847.5,2025-12-09T05:27:30+00:00,LOCO_02,locomotive,track_19,retrofit,
11852.5,2025-12-09T05:32:30+00:00,LOCO_02,locomotive,WS_01,track_19,
11859.5,2025-12-09T05:39:30+00:00,LOCO_02,locomotive,retrofitted,WS_01,
11859.5,2025-12-09T05:39:30+00:00,W5434,wagon,WS_01,,WS_01|retrofitted
11859.5,2025-12-09T05:39:30+00:00,W6421,wagon,WS_01,,WS_01|retrofitted
11864.5,2025-12-09T05:44:30+00:00,W5434,wagon,retrofitted,,
11864.5,2025-12-09T05:44:30+00:00,W6421,wagon,retrofitted,,
11864.5,2025-12-09T05:44:30+00:00,LOCO_02,locomotive,track_19,retrofitted,
11869.5,2025-12-09T05:49:30+00:00,LOCO_02,locomotive,WS_02,track_19,
11874.5,2025-12-09T05:54:30+00:00,W9143,wagon,retrofit,,
11874.5,2025-12-09T05:54:30+00:00,W10883,wagon,retrofit,,
11874.5,2025-12-09T05:54:30+00:00,W10896,wagon,retrofit,,
11874.5,2025-12-09T05:54:30+00:00,W10303,wagon,retrofit,,
11874.5,2025-12-09T05:54:30+00:00,W5395,wagon,retrofit,,
11874.5,2025-12-09T05:54:30+00:00,W2774,wagon,retrofit,,
11874.5,2025-12-09T05:54:30+00:00,W10233,wagon,retrofit,,
11876.5,2025-12-09T05:56:30+00:00,LOCO_02,locomotive,retrofitted,WS_02,
11876.5,2025-12-09T05:56:30+00:00,W4802,wagon,WS_02,,WS_02|retrofitted
11876.5,2025-12-09T05:56:30+00:00,W8616,wagon,WS_02,,WS_02|retrofitted
11881.5,2025-12-09T06:01:30+00:00,W4802,wagon,retrofitted,,
11881.5,2025-12-09T06:01:30+00:00,W8616,wagon,retrofitted,,
11881.5,2025-12-09T06:01:30+00:00,LOCO_02,locomotive,track_19,retrofitted,
11888.5,2025-12-09T06:08:30+00:00,LOCO_02,locomotive,retrofit,track_19,
11896.5,2025-12-09T06:16:30+00:00,LOCO_02,locomotive,WS_01,retrofit,
11896.5,2025-12-09T06:16:30+00:00,W0234,wagon,retrofit,,retrofit|WS_01
11896.5,2025-12-09T06:16:30+00:00,W1122,wagon,retrofit,,retrofit|WS_01
11901.5,2025-12-09T06:21:30+00:00,W0234,wagon,WS_01,,
11901.5,2025-12-09T06:21:30+00:00,W1122,wagon,WS_01,,
11907.5,2025-12-09T06:27:30+00:00,W0234,wagon,WS_01,,
11907.5,2025-12-09T06:27:30+00:00,W1122,wagon,WS_01,,
11907.5,2025-12-09T06:27:30+00:00,LOCO_02,locomotive,track_19,WS_01,
11913.5,2025-12-09T06:33:30+00:00,LOCO_01,locomotive,track_19,retrofit,
11914.5,2025-12-09T06:34:30+00:00,LOCO_02,locomotive,retrofit,track_19,
11918.5,2025-12-09T06:38:30+00:00,LOCO_01,locomotive,retrofitted,track_19,
11922.5,2025-12-09T06:42:30+00:00,LOCO_02,locomotive,WS_02,retrofit,
11922.5,2025-12-09T06:42:30+00:00,W4506,wagon,retrofit,,retrofit|WS_02
11922.5,2025-12-09T06:42:30+00:00,W1439,wagon,retrofit,,retrofit|WS_02
11925.5,2025-12-09T06:45:30+00:00,LOCO_01,locomotive,parking3,retrofitted,
11927.5,2025-12-09T06:47:30+00:00,W4506,wagon,WS_02,,
11927.5,2025-12-09T06:47:30+00:00,W1439,wagon,WS_02,,
11932.0,2025-12-09T06:52:00+00:00,W9071,wagon,parking3,,
11932.0,2025-12-09T06:52:00+00:00,W10441,wagon,parking3,,
11932.0,2025-12-09T06:52:00+00:00,LOCO_01,locomotive,track_19,parking3,
11933.5,2025-12-09T06:53:30+00:00,W4506,wagon,WS_02,,
11933.5,2025-12-09T06:53:30+00:00,W1439,wagon,WS_02,,
11933.5,2025-12-09T06:53:30+00:00,LOCO_02,locomotive,track_19,WS_02,
11937.0,2025-12-09T06:57:00+00:00,LOCO_01,locomotive,retrofitted,track_19,
11946.0,2025-12-09T07:06:00+00:00,LOCO_01,locomotive,parking15,retrofitted,
11968.0,2025-12-09T07:28:00+00:00,LOCO_02,locomotive,WS_01,track_19,
11975.0,2025-12-09T07:35:00+00:00,LOCO_02,locomotive,retrofitted,WS_01,
11975.0,2025-12-09T07:35:00+00:00,W0234,wagon,WS_01,,WS_01|retrofitted
11975.0,2025-12-09T07:35:00+00:00,W1122,wagon,WS_01,,WS_01|retrofitted
11980.0,2025-12-09T07:40:00+00:00,W0234,wagon,retrofitted,,
11980.0,2025-12-09T07:40:00+00:00,W1122,wagon,retrofitted,,
11980.0,2025-12-09T07:40:00+00:00,LOCO_02,locomotive,track_19,retrofitted,
11987.0,2025-12-09T07:47:00+00:00,LOCO_02,locomotive,retrofit,track_19,
11995.0,2025-12-09T07:55:00+00:00,LOCO_02,locomotive,WS_01,retrofit,
11995.0,2025-12-09T07:55:00+00:00,W12229,wagon,retrofit,,retrofit|WS_01
11995.0,2025-12-09T07:55:00+00:00,W6323,wagon,retrofit,,retrofit|WS_01
12000.0,2025-12-09T08:00:00+00:00,W12229,wagon,WS_01,,
12000.0,2025-12-09T08:00:00+00:00,W6323,wagon,WS_01,,
12006.0,2025-12-09T08:06:00+00:00,W12229,wagon,WS_01,,
12006.0,2025-12-09T08:06:00+00:00,W6323,wagon,WS_01,,
12006.0,2025-12-09T08:06:00+00:00,LOCO_02,locomotive,track_19,WS_01,
12011.0,2025-12-09T08:11:00+00:00,LOCO_02,locomotive,WS_02,track_19,
12018.0,2025-12-09T08:18:00+00:00,LOCO_02,locomotive,retrofitted,WS_02,
12018.0,2025-12-09T08:18:00+00:00,W4506,wagon,WS_02,,WS_02|retrofitted
12018.0,2025-12-09T08:18:00+00:00,W1439,wagon,WS_02,,WS_02|retrofitted
12023.0,2025-12-09T08:23:00+00:00,W4506,wagon,retrofitted,,
12023.0,2025-12-09T08:23:00+00:00,W1439,wagon,retrofitted,,
12023.0,2025-12-09T08:23:00+00:00,LOCO_02,locomotive,track_19,retrofitted,
12026.5,2025-12-09T08:26:30+00:00,W10435,wagon,parking15,,
12026.5,2025-12-09T08:26:30+00:00,W11516,wagon,parking15,,
12026.5,2025-12-09T08:26:30+00:00,W5434,wagon,parking15,,
12026.5,2025-12-09T08:26:30+00:00,W6421,wagon,parking15,,
12026.5,2025-12-09T08:26:30+00:00,W4802,wagon,parking15,,
12026.5,2025-12-09T08:26:30+00:00,W8616,wagon,parking15,,
12026.5,2025-12-09T08:26:30+00:00,LOCO_01,locomotive,track_19,parking15,
12028.0,2025-12-09T08:28:00+00:00,LOCO_02,locomotive,collection2,track_19,
12046.0,2025-12-09T08:46:00+00:00,W0023,wagon,collection1,,
12046.0,2025-12-09T08:46:00+00:00,W10397,wagon,collection1,,
12046.0,2025-12-09T08:46:00+00:00,W0674,wagon,collection2,,
12046.0,2025-12-09T08:46:00+00:00,W5420,wagon,collection2,,
12046.0,2025-12-09T08:46:00+00:00,W6936,wagon,collection2,,
12086.5,2025-12-09T09:26:30+00:00,LOCO_01,locomotive,WS_01,track_19,
12093.5,2025-12-09T09:33:30+00:00,LOCO_01,locomotive,retrofitted,WS_01,
12093.5,2025-12-09T09:33:30+00:00,W12229,wagon,WS_01,,WS_01|retrofitted
12093.5,2025-12-09T09:33:30+00:00,W6323,wagon,WS_01,,WS_01|retrofitted
12095.0,2025-12-09T09:35:00+00:00,LOCO_02,locomotive,retrofit,collection2,
12095.0,2025-12-09T09:35:00+00:00,W0681,wagon,collection2,,collection2|Mainline|retrofit
12095.0,2025-12-09T09:35:00+00:00,W8552,wagon,collection2,,collection2|Mainline|retrofit
12095.0,2025-12-09T09:35:00+00:00,W12221,wagon,collection2,,collection2|Mainline|retrofit
12098.5,2025-12-09T09:38:30+00:00,W12229,wagon,retrofitted,,
12098.5,2025-12-09T09:38:30+00:00,W6323,wagon,retrofitted,,
12098.5,2025-12-09T09:38:30+00:00,LOCO_01,locomotive,track_19,retrofitted,
12105.5,2025-12-09T09:45:30+00:00,LOCO_01,locomotive,retrofit,track_19,
12113.5,2025-12-09T09:53:30+00:00,LOCO_01,locomotive,WS_02,retrofit,
12113.5,2025-12-09T09:53:30+00:00,W9143,wagon,retrofit,,retrofit|WS_02
12113.5,2025-12-09T09:53:30+00:00,W10883,wagon,retrofit,,retrofit|WS_02
12118.5,2025-12-09T09:58:30+00:00,W9143,wagon,WS_02,,
12118.5,2025-12-09T09:58:30+00:00,W10883,wagon,WS_02,,
12124.5,2025-12-09T10:04:30+00:00,W9143,wagon,WS_02,,
12124.5,2025-12-09T10:04:30+00:00,W10883,wagon,WS_02,,
12124.5,2025-12-09T10:04:30+00:00,LOCO_01,locomotive,track_19,WS_02,
12131.5,2025-12-09T10:11:30+00:00,LOCO_01,locomotive,retrofit,track_19,
12139.5,2025-12-09T10:19:30+00:00,LOCO_01,locomotive,WS_01,retrofit,
12139.5,2025-12-09T10:19:30+00:00,W10896,wagon,retrofit,,retrofit|WS_01
12139.5,2025-12-09T10:19:30+00:00,W10303,wagon,retrofit,,retrofit|WS_01
12144.5,2025-12-09T10:24:30+00:00,W10896,wagon,WS_01,,
12144.5,2025-12-09T10:24:30+00:00,W10303,wagon,WS_01,,
12150.5,2025-12-09T10:30:30+00:00,W10896,wagon,WS_01,,
12150.5,2025-12-09T10:30:30+00:00,W10303,wagon,WS_01,,
12150.5,2025-12-09T10:30:30+00:00,LOCO_01,locomotive,track_19,WS_01,
12155.0,2025-12-09T10:35:00+00:00,W0681,wagon,retrofit,,
12155.0,2025-12-09T10:35:00+00:00,W8552,wagon,retrofit,,
12155.0,2025-12-09T10:35:00+00:00,W12221,wagon,retrofit,,
12155.5,2025-12-09T10:35:30+00:00,LOCO_01,locomotive,collection1,track_19,
12170.0,2025-12-09T10:50:00+00:00,LOCO_02,locomotive,track_19,retrofit,
12175.0,2025-12-09T10:55:00+00:00,LOCO_02,locomotive,retrofitted,track_19,
12183.0,2025-12-09T11:03:00+00:00,LOCO_02,locomotive,parking9,retrofitted,
12191.5,2025-12-09T11:11:30+00:00,W0234,wagon,parking9,,
12191.5,2025-12-09T11:11:30+00:00,W1122,wagon,parking9,,
12191.5,2025-12-09T11:11:30+00:00,W4506,wagon,parking9,,
12191.5,2025-12-09T11:11:30+00:00,W1439,wagon,parking9,,
12191.5,2025-12-09T11:11:30+00:00,LOCO_02,locomotive,track_19,parking9,
12196.5,2025-12-09T11:16:30+00:00,LOCO_02,locomotive,WS_02,track_19,
12203.5,2025-12-09T11:23:30+00:00,LOCO_02,locomotive,retrofitted,WS_02,
12203.5,2025-12-09T11:23:30+00:00,W9143,wagon,WS_02,,WS_02|retrofitted
12203.5,2025-12-09T11:23:30+00:00,W10883,wagon,WS_02,,WS_02|retrofitted
12205.25,2025-12-09T11:25:15+00:00,W3230,wagon,collection2,,
12205.25,2025-12-09T11:25:15+00:00,W5411,wagon,collection2,,
12205.25,2025-12-09T11:25:15+00:00,W11513,wagon,collection2,,
12205.25,2025-12-09T11:25:15+00:00,W3087,wagon,collection2,,
12205.25,2025-12-09T11:25:15+00:00,W12182,wagon,collection2,,
12208.5,2025-12-09T11:28:30+00:00,W9143,wagon,retrofitted,,
12208.5,2025-12-09T11:28:30+00:00,W10883,wagon,retrofitted,,
12208.5,2025-12-09T11:28:30+00:00,LOCO_02,locomotive,track_19,retrofitted,
12213.5,2025-12-09T11:33:30+00:00,LOCO_02,locomotive,WS_01,track_19,
12220.5,2025-12-09T11:40:30+00:00,LOCO_02,locomotive,retrofitted,WS_01,
12220.5,2025-12-09T11:40:30+00:00,W10896,wagon,WS_01,,WS_01|retrofitted
12220.5,2025-12-09T11:40:30+00:00,W10303,wagon,WS_01,,WS_01|retrofitted
12222.5,2025-12-09T11:42:30+00:00,LOCO_01,locomotive,retrofit,collection1,
12222.5,2025-12-09T11:42:30+00:00,W2815,wagon,collection1,,collection1|Mainline|retrofit
12222.5,2025-12-09T11:42:30+00:00,W2846,wagon,collection1,,collection1|Mainline|retrofit
12222.5,2025-12-09T11:42:30+00:00,W5760,wagon,collection1,,collection1|Mainline|retrofit
12225.5,2025-12-09T11:45:30+00:00,W10896,wagon,retrofitted,,
12225.5,2025-12-09T11:45:30+00:00,W10303,wagon,retrofitted,,
12225.5,2025-12-09T11:45:30+00:00,LOCO_02,locomotive,track_19,retrofitted,
12226.5,2025-12-09T11:46:30+00:00,W4285,wagon,collection2,,
12226.5,2025-12-09T11:46:30+00:00,W0039,wagon,collection1,,
12226.5,2025-12-09T11:46:30+00:00,W4885,wagon,collection2,,
12232.5,2025-12-09T11:52:30+00:00,LOCO_02,locomotive,retrofit,track_19,
12240.5,2025-12-09T12:00:30+00:00,LOCO_02,locomotive,WS_02,retrofit,
12240.5,2025-12-09T12:00:30+00:00,W5395,wagon,retrofit,,retrofit|WS_02
12240.5,2025-12-09T12:00:30+00:00,W2774,wagon,retrofit,,retrofit|WS_02
12245.5,2025-12-09T12:05:30+00:00,W5395,wagon,WS_02,,
12245.5,2025-12-09T12:05:30+00:00,W2774,wagon,WS_02,,
12251.5,2025-12-09T12:11:30+00:00,W5395,wagon,WS_02,,
12251.5,2025-12-09T12:11:30+00:00,W2774,wagon,WS_02,,
12251.5,2025-12-09T12:11:30+00:00,LOCO_02,locomotive,track_19,WS_02,
12258.5,2025-12-09T12:18:30+00:00,LOCO_02,locomotive,retrofit,track_19,
12266.5,2025-12-09T12:26:30+00:00,LOCO_02,locomotive,WS_01,retrofit,
12266.5,2025-12-09T12:26:30+00:00,W10233,wagon,retrofit,,retrofit|WS_01
12266.5,2025-12-09T12:26:30+00:00,W0681,wagon,retrofit,,retrofit|WS_01
12271.5,2025-12-09T12:31:30+00:00,W10233,wagon,WS_01,,
12271.5,2025-12-09T12:31:30+00:00,W0681,wagon,WS_01,,
12277.5,2025-12-09T12:37:30+00:00,W10233,wagon,WS_01,,
12277.5,2025-12-09T12:37:30+00:00,W0681,wagon,WS_01,,
12277.5,2025-12-09T12:37:30+00:00,LOCO_02,locomotive,track_19,WS_01,
12282.5,2025-12-09T12:42:30+00:00,W2815,wagon,retrofit,,
12282.5,2025-12-09T12:42:30+00:00,W2846,wagon,retrofit,,
12282.5,2025-12-09T12:42:30+00:00,W5760,wagon,retrofit,,
12282.5,2025-12-09T12:42:30+00:00,LOCO_02,locomotive,collection2,track_19,
12297.5,2025-12-09T12:57:30+00:00,LOCO_01,locomotive,track_19,retrofit,
12302.5,2025-12-09T13:02:30+00:00,LOCO_01,locomotive,retrofitted,track_19,
12309.5,2025-12-09T13:09:30+00:00,LOCO_01,locomotive,parking5,retrofitted,
12314.25,2025-12-09T13:14:15+00:00,W5346,wagon,collection1,,
12316.0,2025-12-09T13:16:00+00:00,W12229,wagon,parking5,,
12316.0,2025-12-09T13:16:00+00:00,W6323,wagon,parking5,,
12316.0,2025-12-09T13:16:00+00:00,LOCO_01,locomotive,track_19,parking5,
12321.0,2025-12-09T13:21:00+00:00,LOCO_01,locomotive,WS_02,track_19,
12328.0,2025-12-09T13:28:00+00:00,LOCO_01,locomotive,retrofitted,WS_02,
12328.0,2025-12-09T13:28:00+00:00,W5395,wagon,WS_02,,WS_02|retrofitted
12328.0,2025-12-09T13:28:00+00:00,W2774,wagon,WS_02,,WS_02|retrofitted
12333.0,2025-12-09T13:33:00+00:00,W5395,wagon,retrofitted,,
12333.0,2025-12-09T13:33:00+00:00,W2774,wagon,retrofitted,,
12333.0,2025-12-09T13:33:00+00:00,LOCO_01,locomotive,track_19,retrofitted,
12338.0,2025-12-09T13:38:00+00:00,LOCO_01,locomotive,WS_01,track_19,
12345.0,2025-12-09T13:45:00+00:00,LOCO_01,locomotive,retrofitted,WS_01,
12345.0,2025-12-09T13:45:00+00:00,W10233,wagon,WS_01,,WS_01|retrofitted
12345.0,2025-12-09T13:45:00+00:00,W0681,wagon,WS_01,,WS_01|retrofitted
12350.0,2025-12-09T13:50:00+00:00,W10233,wagon,retrofitted,,
12350.0,2025-12-09T13:50:00+00:00,W0681,wagon,retrofitted,,
12350.0,2025-12-09T13:50:00+00:00,LOCO_01,locomotive,track_19,retrofitted,
12355.5,2025-12-09T13:55:30+00:00,LOCO_02,locomotive,retrofit,collection2,
12355.5,2025-12-09T13:55:30+00:00,W5872,wagon,collection2,,collection2|Mainline|retrofit
12355.5,2025-12-09T13:55:30+00:00,W6989,wagon,collection2,,collection2|Mainline|retrofit
12355.5,2025-12-09T13:55:30+00:00,W12179,wagon,collection2,,collection2|Mainline|retrofit
12355.5,2025-12-09T13:55:30+00:00,W12116,wagon,collection2,,collection2|Mainline|retrofit
12355.5,2025-12-09T13:55:30+00:00,W0698,wagon,collection2,,collection2|Mainline|retrofit
12355.5,2025-12-09T13:55:30+00:00,W4099,wagon,collection2,,collection2|Mainline|retrofit
12357.0,2025-12-09T13:57:00+00:00,LOCO_01,locomotive,retrofit,track_19,
12365.0,2025-12-09T14:05:00+00:00,LOCO_01,locomotive,WS_02,retrofit,
12365.0,2025-12-09T14:05:00+00:00,W8552,wagon,retrofit,,retrofit|WS_02
12365.0,2025-12-09T14:05:00+00:00,W12221,wagon,retrofit,,retrofit|WS_02
12370.0,2025-12-09T14:10:00+00:00,W8552,wagon,WS_02,,
12370.0,2025-12-09T14:10:00+00:00,W12221,wagon,WS_02,,
12376.0,2025-12-09T14:16:00+00:00,W8552,wagon,WS_02,,
12376.0,2025-12-09T14:16:00+00:00,W12221,wagon,WS_02,,
12376.0,2025-12-09T14:16:00+00:00,LOCO_01,locomotive,track_19,WS_02,
12376.5,2025-12-09T14:16:30+00:00,W4370,wagon,collection1,,
12376.5,2025-12-09T14:16:30+00:00,W9406,wagon,collection1,,
12376.5,2025-12-09T14:16:30+00:00,W5153,wagon,collection1,,
12383.0,2025-12-09T14:23:00+00:00,LOCO_01,locomotive,retrofit,track_19,
12391.0,2025-12-09T14:31:00+00:00,LOCO_01,locomotive,WS_01,retrofit,
12391.0,2025-12-09T14:31:00+00:00,W2815,wagon,retrofit,,retrofit|WS_01
12391.0,2025-12-09T14:31:00+00:00,W2846,wagon,retrofit,,retrofit|WS_01
12396.0,2025-12-09T14:36:00+00:00,W2815,wagon,WS_01,,
12396.0,2025-12-09T14:36:00+00:00,W2846,wagon,WS_01,,
12402.0,2025-12-09T14:42:00+00:00,W2815,wagon,WS_01,,
12402.0,2025-12-09T14:42:00+00:00,W2846,wagon,WS_01,,
12402.0,2025-12-09T14:42:00+00:00,LOCO_01,locomotive,track_19,WS_01,
12407.0,2025-12-09T14:47:00+00:00,LOCO_01,locomotive,collection1,track_19,
12415.5,2025-12-09T14:55:30+00:00,W5872,wagon,retrofit,,
12415.5,2025-12-09T14:55:30+00:00,W6989,wagon,retrofit,,
12415.5,2025-12-09T14:55:30+00:00,W12179,wagon,retrofit,,
12415.5,2025-12-09T14:55:30+00:00,W12116,wagon,retrofit,,
12415.5,2025-12-09T14:55:30+00:00,W0698,wagon,retrofit,,
12415.5,2025-12-09T14:55:30+00:00,W4099,wagon,retrofit,,
12448.5,2025-12-09T15:28:30+00:00,LOCO_02,locomotive,track_19,retrofit,
12453.5,2025-12-09T15:33:30+00:00,LOCO_02,locomotive,WS_02,track_19,
12460.5,2025-12-09T15:40:30+00:00,LOCO_02,locomotive,retrofitted,WS_02,
12460.5,2025-12-09T15:40:30+00:00,W8552,wagon,WS_02,,WS_02|retrofitted
12460.5,2025-12-09T15:40:30+00:00,W12221,wagon,WS_02,,WS_02|retrofitted
12465.5,2025-12-09T15:45:30+00:00,W8552,wagon,retrofitted,,
12465.5,2025-12-09T15:45:30+00:00,W12221,wagon,retrofitted,,
12465.5,2025-12-09T15:45:30+00:00,LOCO_02,locomotive,track_19,retrofitted,
12470.5,2025-12-09T15:50:30+00:00,LOCO_02,locomotive,WS_01,track_19,
12476.0,2025-12-09T15:56:00+00:00,LOCO_01,locomotive,retrofit,collection1,
12476.0,2025-12-09T15:56:00+00:00,W2910,wagon,collection1,,collection1|Mainline|retrofit
12476.0,2025-12-09T15:56:00+00:00,W1419,wagon,collection1,,collection1|Mainline|retrofit
12476.0,2025-12-09T15:56:00+00:00,W5173,wagon,collection1,,collection1|Mainline|retrofit
12476.0,2025-12-09T15:56:00+00:00,W4380,wagon,collection1,,collection1|Mainline|retrofit
12477.5,2025-12-09T15:57:30+00:00,LOCO_02,locomotive,retrofitted,WS_01,
12477.5,2025-12-09T15:57:30+00:00,W2815,wagon,WS_01,,WS_01|retrofitted
12477.5,2025-12-09T15:57:30+00:00,W2846,wagon,WS_01,,WS_01|retrofitted
12482.5,2025-12-09T16:02:30+00:00,W2815,wagon,retrofitted,,
12482.5,2025-12-09T16:02:30+00:00,W2846,wagon,retrofitted,,
12482.5,2025-12-09T16:02:30+00:00,LOCO_02,locomotive,track_19,retrofitted,
12487.5,2025-12-09T16:07:30+00:00,LOCO_02,locomotive,retrofitted,track_19,
12495.5,2025-12-09T16:15:30+00:00,LOCO_02,locomotive,parking7,retrofitted,
12504.0,2025-12-09T16:24:00+00:00,W9143,wagon,parking7,,
12504.0,2025-12-09T16:24:00+00:00,W10883,wagon,parking7,,
12504.0,2025-12-09T16:24:00+00:00,W10896,wagon,parking7,,
12504.0,2025-12-09T16:24:00+00:00,W10303,wagon,parking7,,
12504.0,2025-12-09T16:24:00+00:00,LOCO_02,locomotive,track_19,parking7,
12511.0,2025-12-09T16:31:00+00:00,LOCO_02,locomotive,retrofit,track_19,
12519.0,2025-12-09T16:39:00+00:00,LOCO_02,locomotive,WS_02,retrofit,
12519.0,2025-12-09T16:39:00+00:00,W5760,wagon,retrofit,,retrofit|WS_02
12519.0,2025-12-09T16:39:00+00:00,W5872,wagon,retrofit,,retrofit|WS_02
12524.0,2025-12-09T16:44:00+00:00,W5760,wagon,WS_02,,
12524.0,2025-12-09T16:44:00+00:00,W5872,wagon,WS_02,,
12530.0,2025-12-09T16:50:00+00:00,W5760,wagon,WS_02,,
12530.0,2025-12-09T16:50:00+00:00,W5872,wagon,WS_02,,
12530.0,2025-12-09T16:50:00+00:00,LOCO_02,locomotive,track_19,WS_02,
12536.0,2025-12-09T16:56:00+00:00,W2910,wagon,retrofit,,
12536.0,2025-12-09T16:56:00+00:00,W1419,wagon,retrofit,,
12536.0,2025-12-09T16:56:00+00:00,W5173,wagon,retrofit,,
12536.0,2025-12-09T16:56:00+00:00,W4380,wagon,retrofit,,
12537.0,2025-12-09T16:57:00+00:00,LOCO_02,locomotive,retrofit,track_19,
12545.0,2025-12-09T17:05:00+00:00,LOCO_02,locomotive,WS_01,retrofit,
12545.0,2025-12-09T17:05:00+00:00,W6989,wagon,retrofit,,retrofit|WS_01
12545.0,2025-12-09T17:05:00+00:00,W12179,wagon,retrofit,,retrofit|WS_01
12550.0,2025-12-09T17:10:00+00:00,W6989,wagon,WS_01,,
12550.0,2025-12-09T17:10:00+00:00,W12179,wagon,WS_01,,
12556.0,2025-12-09T17:16:00+00:00,W6989,wagon,WS_01,,
12556.0,2025-12-09T17:16:00+00:00,W12179,wagon,WS_01,,
12556.0,2025-12-09T17:16:00+00:00,LOCO_02,locomotive,track_19,WS_01,
12557.0,2025-12-09T17:17:00+00:00,LOCO_01,locomotive,track_19,retrofit,
12560.25,2025-12-09T17:20:15+00:00,W3135,wagon,collection2,,
12560.25,2025-12-09T17:20:15+00:00,W3903,wagon,collection2,,
12561.0,2025-12-09T17:21:00+00:00,LOCO_02,locomotive,collection2,track_19,
12562.0,2025-12-09T17:22:00+00:00,LOCO_01,locomotive,retrofitted,track_19,
12571.0,2025-12-09T17:31:00+00:00,LOCO_01,locomotive,parking3,retrofitted,
12581.5,2025-12-09T17:41:30+00:00,W5395,wagon,parking3,,
12581.5,2025-12-09T17:41:30+00:00,W2774,wagon,parking3,,
12581.5,2025-12-09T17:41:30+00:00,W10233,wagon,parking3,,
12581.5,2025-12-09T17:41:30+00:00,W0681,wagon,parking3,,
12581.5,2025-12-09T17:41:30+00:00,W8552,wagon,parking3,,
12581.5,2025-12-09T17:41:30+00:00,W12221,wagon,parking3,,
12581.5,2025-12-09T17:41:30+00:00,LOCO_01,locomotive,track_19,parking3,
12590.5,2025-12-09T17:50:30+00:00,LOCO_01,locomotive,WS_02,track_19,
12594.5,2025-12-09T17:54:30+00:00,W10192,wagon,collection1,,
12594.5,2025-12-09T17:54:30+00:00,W8908,wagon,collection1,,
12594.5,2025-12-09T17:54:30+00:00,W8906,wagon,collection1,,
12594.5,2025-12-09T17:54:30+00:00,W8903,wagon,collection2,,
12594.5,2025-12-09T17:54:30+00:00,W10624,wagon,collection2,,
12597.5,2025-12-09T17:57:30+00:00,LOCO_01,locomotive,retrofitted,WS_02,
12597.5,2025-12-09T17:57:30+00:00,W5760,wagon,WS_02,,WS_02|retrofitted
12597.5,2025-12-09T17:57:30+00:00,W5872,wagon,WS_02,,WS_02|retrofitted
12602.5,2025-12-09T18:02:30+00:00,W5760,wagon,retrofitted,,
12602.5,2025-12-09T18:02:30+00:00,W5872,wagon,retrofitted,,
12602.5,2025-12-09T18:02:30+00:00,LOCO_01,locomotive,track_19,retrofitted,
12609.5,2025-12-09T18:09:30+00:00,LOCO_01,locomotive,retrofit,track_19,
12617.5,2025-12-09T18:17:30+00:00,LOCO_01,locomotive,WS_02,retrofit,
12617.5,2025-12-09T18:17:30+00:00,W12116,wagon,retrofit,,retrofit|WS_02
12617.5,2025-12-09T18:17:30+00:00,W0698,wagon,retrofit,,retrofit|WS_02
12622.5,2025-12-09T18:22:30+00:00,W12116,wagon,WS_02,,
12622.5,2025-12-09T18:22:30+00:00,W0698,wagon,WS_02,,
12628.5,2025-12-09T18:28:30+00:00,W12116,wagon,WS_02,,
12628.5,2025-12-09T18:28:30+00:00,W0698,wagon,WS_02,,
12628.5,2025-12-09T18:28:30+00:00,LOCO_01,locomotive,track_19,WS_02,
12632.0,2025-12-09T18:32:00+00:00,LOCO_02,locomotive,retrofit,collection2,
12632.0,2025-12-09T18:32:00+00:00,W12155,wagon,collection2,,collection2|Mainline|retrofit
12632.0,2025-12-09T18:32:00+00:00,W0839,wagon,collection2,,collection2|Mainline|retrofit
12632.0,2025-12-09T18:32:00+00:00,W9943,wagon,collection2,,collection2|Mainline|retrofit
12632.0,2025-12-09T18:32:00+00:00,W9430,wagon,collection2,,collection2|Mainline|retrofit
12632.0,2025-12-09T18:32:00+00:00,W7598,wagon,collection2,,collection2|Mainline|retrofit
12633.5,2025-12-09T18:33:30+00:00,LOCO_01,locomotive,WS_01,track_19,
12640.5,2025-12-09T18:40:30+00:00,LOCO_01,locomotive,retrofitted,WS_01,
12640.5,2025-12-09T18:40:30+00:00,W6989,wagon,WS_01,,WS_01|retrofitted
12640.5,2025-12-09T18:40:30+00:00,W12179,wagon,WS_01,,WS_01|retrofitted
12645.5,2025-12-09T18:45:30+00:00,W6989,wagon,retrofitted,,
12645.5,2025-12-09T18:45:30+00:00,W12179,wagon,retrofitted,,
12645.5,2025-12-09T18:45:30+00:00,LOCO_01,locomotive,track_19,retrofitted,
12650.5,2025-12-09T18:50:30+00:00,LOCO_01,locomotive,collection1,track_19,
12692.0,2025-12-09T19:32:00+00:00,W12155,wagon,retrofit,,
12692.0,2025-12-09T19:32:00+00:00,W0839,wagon,retrofit,,
12692.0,2025-12-09T19:32:00+00:00,W9943,wagon,retrofit,,
12692.0,2025-12-09T19:32:00+00:00,W9430,wagon,retrofit,,
12692.0,2025-12-09T19:32:00+00:00,W7598,wagon,retrofit,,
12719.0,2025-12-09T19:59:00+00:00,LOCO_02,locomotive,track_19,retrofit,
12719.5,2025-12-09T19:59:30+00:00,LOCO_01,locomotive,retrofit,collection1,
12719.5,2025-12-09T19:59:30+00:00,W10150,wagon,collection1,,collection1|Mainline|retrofit
12719.5,2025-12-09T19:59:30+00:00,W5992,wagon,collection1,,collection1|Mainline|retrofit
12719.5,2025-12-09T19:59:30+00:00,W8339,wagon,collection1,,collection1|Mainline|retrofit
12719.5,2025-12-09T19:59:30+00:00,W12383,wagon,collection1,,collection1|Mainline|retrofit
12724.0,2025-12-09T20:04:00+00:00,LOCO_02,locomotive,WS_02,track_19,
12731.0,2025-12-09T20:11:00+00:00,LOCO_02,locomotive,retrofitted,WS_02,
12731.0,2025-12-09T20:11:00+00:00,W12116,wagon,WS_02,,WS_02|retrofitted
12731.0,2025-12-09T20:11:00+00:00,W0698,wagon,WS_02,,WS_02|retrofitted
12736.0,2025-12-09T20:16:00+00:00,W12116,wagon,retrofitted,,
12736.0,2025-12-09T20:16:00+00:00,W0698,wagon,retrofitted,,
12736.0,2025-12-09T20:16:00+00:00,LOCO_02,locomotive,track_19,retrofitted,
12743.0,2025-12-09T20:23:00+00:00,LOCO_02,locomotive,retrofit,track_19,
12748.5,2025-12-09T20:28:30+00:00,W10109,wagon,collection2,,
12748.5,2025-12-09T20:28:30+00:00,W10204,wagon,collection2,,
12748.5,2025-12-09T20:28:30+00:00,W11900,wagon,collection2,,
12751.0,2025-12-09T20:31:00+00:00,LOCO_02,locomotive,WS_01,retrofit,
12751.0,2025-12-09T20:31:00+00:00,W4099,wagon,retrofit,,retrofit|WS_01
12751.0,2025-12-09T20:31:00+00:00,W2910,wagon,retrofit,,retrofit|WS_01
12756.0,2025-12-09T20:36:00+00:00,W4099,wagon,WS_01,,
12756.0,2025-12-09T20:36:00+00:00,W2910,wagon,WS_01,,
12762.0,2025-12-09T20:42:00+00:00,W4099,wagon,WS_01,,
12762.0,2025-12-09T20:42:00+00:00,W2910,wagon,WS_01,,
12762.0,2025-12-09T20:42:00+00:00,LOCO_02,locomotive,track_19,WS_01,
12769.0,2025-12-09T20:49:00+00:00,LOCO_02,locomotive,retrofit,track_19,
12777.0,2025-12-09T20:57:00+00:00,LOCO_02,locomotive,WS_02,retrofit,
12777.0,2025-12-09T20:57:00+00:00,W1419,wagon,retrofit,,retrofit|WS_02
12777.0,2025-12-09T20:57:00+00:00,W5173,wagon,retrofit,,retrofit|WS_02
12777.0,2025-12-09T20:57:00+00:00,W3919,wagon,collection2,,
12779.5,2025-12-09T20:59:30+00:00,W10150,wagon,retrofit,,
12779.5,2025-12-09T20:59:30+00:00,W5992,wagon,retrofit,,
12779.5,2025-12-09T20:59:30+00:00,W8339,wagon,retrofit,,
12779.5,2025-12-09T20:59:30+00:00,W12383,wagon,retrofit,,
12782.0,2025-12-09T21:02:00+00:00,W1419,wagon,WS_02,,
12782.0,2025-12-09T21:02:00+00:00,W5173,wagon,WS_02,,
12788.0,2025-12-09T21:08:00+00:00,W1419,wagon,WS_02,,
12788.0,2025-12-09T21:08:00+00:00,W5173,wagon,WS_02,,
12788.0,2025-12-09T21:08:00+00:00,LOCO_02,locomotive,track_19,WS_02,
12793.0,2025-12-09T21:13:00+00:00,LOCO_02,locomotive,retrofitted,track_19,
12800.0,2025-12-09T21:20:00+00:00,LOCO_02,locomotive,parking10,retrofitted,
12800.5,2025-12-09T21:20:30+00:00,LOCO_01,locomotive,track_19,retrofit,
12805.5,2025-12-09T21:25:30+00:00,LOCO_01,locomotive,collection2,track_19,
12861.5,2025-12-09T22:21:30+00:00,W2815,wagon,parking10,,
12861.5,2025-12-09T22:21:30+00:00,W2846,wagon,parking10,,
12861.5,2025-12-09T22:21:30+00:00,LOCO_02,locomotive,track_19,parking10,
12876.5,2025-12-09T22:36:30+00:00,LOCO_01,locomotive,retrofit,collection2,
12876.5,2025-12-09T22:36:30+00:00,W7513,wagon,collection2,,collection2|Mainline|retrofit
12876.5,2025-12-09T22:36:30+00:00,W9446,wagon,collection2,,collection2|Mainline|retrofit
12876.5,2025-12-09T22:36:30+00:00,W2844,wagon,collection2,,collection2|Mainline|retrofit
12876.5,2025-12-09T22:36:30+00:00,W9727,wagon,collection2,,collection2|Mainline|retrofit
12876.5,2025-12-09T22:36:30+00:00,W9046,wagon,collection2,,collection2|Mainline|retrofit
12921.5,2025-12-09T23:21:30+00:00,LOCO_02,locomotive,WS_01,track_19,
12928.5,2025-12-09T23:28:30+00:00,LOCO_02,locomotive,retrofitted,WS_01,
12928.5,2025-12-09T23:28:30+00:00,W4099,wagon,WS_01,,WS_01|retrofitted
12928.5,2025-12-09T23:28:30+00:00,W2910,wagon,WS_01,,WS_01|retrofitted
12933.5,2025-12-09T23:33:30+00:00,W4099,wagon,retrofitted,,
12933.5,2025-12-09T23:33:30+00:00,W2910,wagon,retrofitted,,
12933.5,2025-12-09T23:33:30+00:00,LOCO_02,locomotive,track_19,retrofitted,
12936.5,2025-12-09T23:36:30+00:00,W7513,wagon,retrofit,,
12936.5,2025-12-09T23:36:30+00:00,W9446,wagon,retrofit,,
12936.5,2025-12-09T23:36:30+00:00,W2844,wagon,retrofit,,
12936.5,2025-12-09T23:36:30+00:00,W9727,wagon,retrofit,,
12936.5,2025-12-09T23:36:30+00:00,W9046,wagon,retrofit,,
12938.5,2025-12-09T23:38:30+00:00,LOCO_02,locomotive,WS_02,track_19,
12939.0,2025-12-09T23:39:00+00:00,W12104,wagon,collection1,,
12939.0,2025-12-09T23:39:00+00:00,W7218,wagon,collection1,,
12945.5,2025-12-09T23:45:30+00:00,LOCO_02,locomotive,retrofitted,WS_02,
12945.5,2025-12-09T23:45:30+00:00,W1419,wagon,WS_02,,WS_02|retrofitted
12945.5,2025-12-09T23:45:30+00:00,W5173,wagon,WS_02,,WS_02|retrofitted
12950.5,2025-12-09T23:50:30+00:00,W1419,wagon,retrofitted,,
12950.5,2025-12-09T23:50:30+00:00,W5173,wagon,retrofitted,,
12950.5,2025-12-09T23:50:30+00:00,LOCO_02,locomotive,track_19,retrofitted,
12957.5,2025-12-09T23:57:30+00:00,LOCO_02,locomotive,retrofit,track_19,
12963.5,2025-12-10T00:03:30+00:00,LOCO_01,locomotive,track_19,retrofit,
12963.5,2025-12-10T00:03:30+00:00,W10938,wagon,collection1,,
12965.5,2025-12-10T00:05:30+00:00,LOCO_02,locomotive,WS_01,retrofit,
12965.5,2025-12-10T00:05:30+00:00,W4380,wagon,retrofit,,retrofit|WS_01
12965.5,2025-12-10T00:05:30+00:00,W12155,wagon,retrofit,,retrofit|WS_01
12970.5,2025-12-10T00:10:30+00:00,W4380,wagon,WS_01,,
12970.5,2025-12-10T00:10:30+00:00,W12155,wagon,WS_01,,
12970.5,2025-12-10T00:10:30+00:00,LOCO_01,locomotive,retrofit,track_19,
12976.5,2025-12-10T00:16:30+00:00,W4380,wagon,WS_01,,
12976.5,2025-12-10T00:16:30+00:00,W12155,wagon,WS_01,,
12976.5,2025-12-10T00:16:30+00:00,LOCO_02,locomotive,track_19,WS_01,
12978.5,2025-12-10T00:18:30+00:00,LOCO_01,locomotive,WS_02,retrofit,
12978.5,2025-12-10T00:18:30+00:00,W0839,wagon,retrofit,,retrofit|WS_02
12978.5,2025-12-10T00:18:30+00:00,W9943,wagon,retrofit,,retrofit|WS_02
12981.5,2025-12-10T00:21:30+00:00,LOCO_02,locomotive,retrofitted,track_19,
12983.5,2025-12-10T00:23:30+00:00,W0839,wagon,WS_02,,
12983.5,2025-12-10T00:23:30+00:00,W9943,wagon,WS_02,,
12989.5,2025-12-10T00:29:30+00:00,W0839,wagon,WS_02,,
12989.5,2025-12-10T00:29:30+00:00,W9943,wagon,WS_02,,
12989.5,2025-12-10T00:29:30+00:00,LOCO_01,locomotive,track_19,WS_02,
12990.5,2025-12-10T00:30:30+00:00,LOCO_02,locomotive,parking8,retrofitted,
13001.0,2025-12-10T00:41:00+00:00,W5760,wagon,parking8,,
13001.0,2025-12-10T00:41:00+00:00,W5872,wagon,parking8,,
13001.0,2025-12-10T00:41:00+00:00,W6989,wagon,parking8,,
13001.0,2025-12-10T00:41:00+00:00,W12179,wagon,parking8,,
13001.0,2025-12-10T00:41:00+00:00,W12116,wagon,parking8,,
13001.0,2025-12-10T00:41:00+00:00,W0698,wagon,parking8,,
13001.0,2025-12-10T00:41:00+00:00,LOCO_02,locomotive,track_19,parking8,
13037.0,2025-12-10T01:17:00+00:00,LOCO_01,locomotive,WS_01,track_19,
13044.0,2025-12-10T01:24:00+00:00,LOCO_01,locomotive,retrofitted,WS_01,
13044.0,2025-12-10T01:24:00+00:00,W4380,wagon,WS_01,,WS_01|retrofitted
13044.0,2025-12-10T01:24:00+00:00,W12155,wagon,WS_01,,WS_01|retrofitted
13049.0,2025-12-10T01:29:00+00:00,W4380,wagon,retrofitted,,
13049.0,2025-12-10T01:29:00+00:00,W12155,wagon,retrofitted,,
13049.0,2025-12-10T01:29:00+00:00,LOCO_01,locomotive,track_19,retrofitted,
13050.0,2025-12-10T01:30:00+00:00,LOCO_02,locomotive,WS_02,track_19,
13054.0,2025-12-10T01:34:00+00:00,LOCO_01,locomotive,retrofitted,track_19,
13057.0,2025-12-10T01:37:00+00:00,LOCO_02,locomotive,retrofitted,WS_02,
13057.0,2025-12-10T01:37:00+00:00,W0839,wagon,WS_02,,WS_02|retrofitted
13057.0,2025-12-10T01:37:00+00:00,W9943,wagon,WS_02,,WS_02|retrofitted
13062.0,2025-12-10T01:42:00+00:00,LOCO_01,locomotive,parking11,retrofitted,
13062.0,2025-12-10T01:42:00+00:00,W0839,wagon,retrofitted,,
13062.0,2025-12-10T01:42:00+00:00,W9943,wagon,retrofitted,,
13062.0,2025-12-10T01:42:00+00:00,LOCO_02,locomotive,track_19,retrofitted,
13069.0,2025-12-10T01:49:00+00:00,LOCO_02,locomotive,retrofit,track_19,
13077.0,2025-12-10T01:57:00+00:00,LOCO_02,locomotive,WS_01,retrofit,
13077.0,2025-12-10T01:57:00+00:00,W9430,wagon,retrofit,,retrofit|WS_01
13077.0,2025-12-10T01:57:00+00:00,W7598,wagon,retrofit,,retrofit|WS_01
13082.0,2025-12-10T02:02:00+00:00,W9430,wagon,WS_01,,
13082.0,2025-12-10T02:02:00+00:00,W7598,wagon,WS_01,,
13088.0,2025-12-10T02:08:00+00:00,W9430,wagon,WS_01,,
13088.0,2025-12-10T02:08:00+00:00,W7598,wagon,WS_01,,
13088.0,2025-12-10T02:08:00+00:00,LOCO_02,locomotive,track_19,WS_01,
13095.0,2025-12-10T02:15:00+00:00,LOCO_02,locomotive,retrofit,track_19,
13103.0,2025-12-10T02:23:00+00:00,LOCO_02,locomotive,WS_02,retrofit,
13103.0,2025-12-10T02:23:00+00:00,W10150,wagon,retrofit,,retrofit|WS_02
13103.0,2025-12-10T02:23:00+00:00,W5992,wagon,retrofit,,retrofit|WS_02
13103.5,2025-12-10T02:23:30+00:00,W4327,wagon,collection1,,
13103.5,2025-12-10T02:23:30+00:00,W11290,wagon,collection2,,
13108.0,2025-12-10T02:28:00+00:00,W10150,wagon,WS_02,,
13108.0,2025-12-10T02:28:00+00:00,W5992,wagon,WS_02,,
13114.0,2025-12-10T02:34:00+00:00,W10150,wagon,WS_02,,
13114.0,2025-12-10T02:34:00+00:00,W5992,wagon,WS_02,,
13114.0,2025-12-10T02:34:00+00:00,LOCO_02,locomotive,track_19,WS_02,
13119.0,2025-12-10T02:39:00+00:00,LOCO_02,locomotive,collection1,track_19,
13125.5,2025-12-10T02:45:30+00:00,W4099,wagon,parking11,,
13125.5,2025-12-10T02:45:30+00:00,W2910,wagon,parking11,,
13125.5,2025-12-10T02:45:30+00:00,W1419,wagon,parking11,,
13125.5,2025-12-10T02:45:30+00:00,W5173,wagon,parking11,,
13125.5,2025-12-10T02:45:30+00:00,LOCO_01,locomotive,track_19,parking11,
13171.75,2025-12-10T03:31:45+00:00,W11298,wagon,collection2,,
13171.75,2025-12-10T03:31:45+00:00,W2064,wagon,collection2,,
13171.75,2025-12-10T03:31:45+00:00,W10999,wagon,collection2,,
13171.75,2025-12-10T03:31:45+00:00,W5410,wagon,collection2,,
13185.5,2025-12-10T03:45:30+00:00,LOCO_01,locomotive,WS_01,track_19,
13186.0,2025-12-10T03:46:00+00:00,LOCO_02,locomotive,retrofit,collection1,
13186.0,2025-12-10T03:46:00+00:00,W9843,wagon,collection1,,collection1|Mainline|retrofit
13186.0,2025-12-10T03:46:00+00:00,W4473,wagon,collection1,,collection1|Mainline|retrofit
13186.0,2025-12-10T03:46:00+00:00,W6848,wagon,collection1,,collection1|Mainline|retrofit
13192.5,2025-12-10T03:52:30+00:00,LOCO_01,locomotive,retrofitted,WS_01,
13192.5,2025-12-10T03:52:30+00:00,W9430,wagon,WS_01,,WS_01|retrofitted
13192.5,2025-12-10T03:52:30+00:00,W7598,wagon,WS_01,,WS_01|retrofitted
13197.5,2025-12-10T03:57:30+00:00,W9430,wagon,retrofitted,,
13197.5,2025-12-10T03:57:30+00:00,W7598,wagon,retrofitted,,
13197.5,2025-12-10T03:57:30+00:00,LOCO_01,locomotive,track_19,retrofitted,
13202.5,2025-12-10T04:02:30+00:00,LOCO_01,locomotive,WS_02,track_19,
13209.5,2025-12-10T04:09:30+00:00,LOCO_01,locomotive,retrofitted,WS_02,
13209.5,2025-12-10T04:09:30+00:00,W10150,wagon,WS_02,,WS_02|retrofitted
13209.5,2025-12-10T04:09:30+00:00,W5992,wagon,WS_02,,WS_02|retrofitted
13214.5,2025-12-10T04:14:30+00:00,W10150,wagon,retrofitted,,
13214.5,2025-12-10T04:14:30+00:00,W5992,wagon,retrofitted,,
13214.5,2025-12-10T04:14:30+00:00,LOCO_01,locomotive,track_19,retrofitted,
13221.5,2025-12-10T04:21:30+00:00,LOCO_01,locomotive,retrofit,track_19,
13229.5,2025-12-10T04:29:30+00:00,LOCO_01,locomotive,WS_01,retrofit,
13229.5,2025-12-10T04:29:30+00:00,W8339,wagon,retrofit,,retrofit|WS_01
13229.5,2025-12-10T04:29:30+00:00,W12383,wagon,retrofit,,retrofit|WS_01
13234.5,2025-12-10T04:34:30+00:00,W8339,wagon,WS_01,,
13234.5,2025-12-10T04:34:30+00:00,W12383,wagon,WS_01,,
13240.5,2025-12-10T04:40:30+00:00,W8339,wagon,WS_01,,
13240.5,2025-12-10T04:40:30+00:00,W12383,wagon,WS_01,,
13240.5,2025-12-10T04:40:30+00:00,LOCO_01,locomotive,track_19,WS_01,
13246.0,2025-12-10T04:46:00+00:00,W9843,wagon,retrofit,,
13246.0,2025-12-10T04:46:00+00:00,W4473,wagon,retrofit,,
13246.0,2025-12-10T04:46:00+00:00,W6848,wagon,retrofit,,
13247.5,2025-12-10T04:47:30+00:00,LOCO_01,locomotive,retrofit,track_19,
13255.5,2025-12-10T04:55:30+00:00,LOCO_01,locomotive,WS_02,retrofit,
13255.5,2025-12-10T04:55:30+00:00,W7513,wagon,retrofit,,retrofit|WS_02
13255.5,2025-12-10T04:55:30+00:00,W9446,wagon,retrofit,,retrofit|WS_02
13260.5,2025-12-10T05:00:30+00:00,W7513,wagon,WS_02,,
13260.5,2025-12-10T05:00:30+00:00,W9446,wagon,WS_02,,
13261.0,2025-12-10T05:01:00+00:00,LOCO_02,locomotive,track_19,retrofit,
13266.0,2025-12-10T05:06:00+00:00,LOCO_02,locomotive,collection2,track_19,
13266.5,2025-12-10T05:06:30+00:00,W7513,wagon,WS_02,,
13266.5,2025-12-10T05:06:30+00:00,W9446,wagon,WS_02,,
13266.5,2025-12-10T05:06:30+00:00,LOCO_01,locomotive,track_19,WS_02,
13271.5,2025-12-10T05:11:30+00:00,LOCO_01,locomotive,retrofitted,track_19,
13279.5,2025-12-10T05:19:30+00:00,LOCO_01,locomotive,parking1,retrofitted,
13288.0,2025-12-10T05:28:00+00:00,W4380,wagon,parking1,,
13288.0,2025-12-10T05:28:00+00:00,W12155,wagon,parking1,,
13288.0,2025-12-10T05:28:00+00:00,W0839,wagon,parking1,,
13288.0,2025-12-10T05:28:00+00:00,W9943,wagon,parking1,,
13288.0,2025-12-10T05:28:00+00:00,LOCO_01,locomotive,track_19,parking1,
13298.75,2025-12-10T05:38:45+00:00,W1143,wagon,collection1,,
13301.0,2025-12-10T05:41:00+00:00,LOCO_01,locomotive,WS_01,track_19,
13308.0,2025-12-10T05:48:00+00:00,LOCO_01,locomotive,retrofitted,WS_01,
13308.0,2025-12-10T05:48:00+00:00,W8339,wagon,WS_01,,WS_01|retrofitted
13308.0,2025-12-10T05:48:00+00:00,W12383,wagon,WS_01,,WS_01|retrofitted
13313.0,2025-12-10T05:53:00+00:00,W8339,wagon,retrofitted,,
13313.0,2025-12-10T05:53:00+00:00,W12383,wagon,retrofitted,,
13313.0,2025-12-10T05:53:00+00:00,LOCO_01,locomotive,track_19,retrofitted,
13314.5,2025-12-10T05:54:30+00:00,W3113,wagon,collection1,,
13314.5,2025-12-10T05:54:30+00:00,W3106,wagon,collection1,,
13314.5,2025-12-10T05:54:30+00:00,W3134,wagon,collection1,,
13314.5,2025-12-10T05:54:30+00:00,W10715,wagon,collection1,,
13314.5,2025-12-10T05:54:30+00:00,W3172,wagon,collection1,,
13318.0,2025-12-10T05:58:00+00:00,LOCO_01,locomotive,retrofitted,track_19,
13326.0,2025-12-10T06:06:00+00:00,LOCO_01,locomotive,parking2,retrofitted,
13333.0,2025-12-10T06:13:00+00:00,LOCO_02,locomotive,retrofit,collection2,
13333.0,2025-12-10T06:13:00+00:00,W0674,wagon,collection2,,collection2|Mainline|retrofit
13333.0,2025-12-10T06:13:00+00:00,W5420,wagon,collection2,,collection2|Mainline|retrofit
13333.0,2025-12-10T06:13:00+00:00,W6936,wagon,collection2,,collection2|Mainline|retrofit
13334.5,2025-12-10T06:14:30+00:00,W9430,wagon,parking2,,
13334.5,2025-12-10T06:14:30+00:00,W7598,wagon,parking2,,
13334.5,2025-12-10T06:14:30+00:00,W10150,wagon,parking2,,
13334.5,2025-12-10T06:14:30+00:00,W5992,wagon,parking2,,
13334.5,2025-12-10T06:14:30+00:00,LOCO_01,locomotive,track_19,parking2,
13339.5,2025-12-10T06:19:30+00:00,LOCO_01,locomotive,WS_02,track_19,
13346.5,2025-12-10T06:26:30+00:00,LOCO_01,locomotive,retrofitted,WS_02,
13346.5,2025-12-10T06:26:30+00:00,W7513,wagon,WS_02,,WS_02|retrofitted
13346.5,2025-12-10T06:26:30+00:00,W9446,wagon,WS_02,,WS_02|retrofitted
13351.5,2025-12-10T06:31:30+00:00,W7513,wagon,retrofitted,,
13351.5,2025-12-10T06:31:30+00:00,W9446,wagon,retrofitted,,
13351.5,2025-12-10T06:31:30+00:00,LOCO_01,locomotive,track_19,retrofitted,
13358.5,2025-12-10T06:38:30+00:00,LOCO_01,locomotive,retrofit,track_19,
13366.5,2025-12-10T06:46:30+00:00,LOCO_01,locomotive,WS_01,retrofit,
13366.5,2025-12-10T06:46:30+00:00,W2844,wagon,retrofit,,retrofit|WS_01
13366.5,2025-12-10T06:46:30+00:00,W9727,wagon,retrofit,,retrofit|WS_01
13371.5,2025-12-10T06:51:30+00:00,W2844,wagon,WS_01,,
13371.5,2025-12-10T06:51:30+00:00,W9727,wagon,WS_01,,
13377.5,2025-12-10T06:57:30+00:00,W2844,wagon,WS_01,,
13377.5,2025-12-10T06:57:30+00:00,W9727,wagon,WS_01,,
13377.5,2025-12-10T06:57:30+00:00,LOCO_01,locomotive,track_19,WS_01,
13384.5,2025-12-10T07:04:30+00:00,LOCO_01,locomotive,retrofit,track_19,
13392.5,2025-12-10T07:12:30+00:00,LOCO_01,locomotive,WS_02,retrofit,
13392.5,2025-12-10T07:12:30+00:00,W9046,wagon,retrofit,,retrofit|WS_02
13392.5,2025-12-10T07:12:30+00:00,W9843,wagon,retrofit,,retrofit|WS_02
13392.5,2025-12-10T07:12:30+00:00,W2130,wagon,collection1,,
13392.5,2025-12-10T07:12:30+00:00,W2119,wagon,collection1,,
13393.0,2025-12-10T07:13:00+00:00,W0674,wagon,retrofit,,
13393.0,2025-12-10T07:13:00+00:00,W5420,wagon,retrofit,,
13393.0,2025-12-10T07:13:00+00:00,W6936,wagon,retrofit,,
13397.5,2025-12-10T07:17:30+00:00,W9046,wagon,WS_02,,
13397.5,2025-12-10T07:17:30+00:00,W9843,wagon,WS_02,,
13403.5,2025-12-10T07:23:30+00:00,W9046,wagon,WS_02,,
13403.5,2025-12-10T07:23:30+00:00,W9843,wagon,WS_02,,
13403.5,2025-12-10T07:23:30+00:00,LOCO_01,locomotive,track_19,WS_02,
13408.0,2025-12-10T07:28:00+00:00,LOCO_02,locomotive,track_19,retrofit,
13408.5,2025-12-10T07:28:30+00:00,LOCO_01,locomotive,collection1,track_19,
13413.0,2025-12-10T07:33:00+00:00,LOCO_02,locomotive,retrofitted,track_19,
13420.0,2025-12-10T07:40:00+00:00,LOCO_02,locomotive,parking5,retrofitted,
13426.5,2025-12-10T07:46:30+00:00,W8339,wagon,parking5,,
13426.5,2025-12-10T07:46:30+00:00,W12383,wagon,parking5,,
13426.5,2025-12-10T07:46:30+00:00,LOCO_02,locomotive,track_19,parking5,
13438.0,2025-12-10T07:58:00+00:00,LOCO_02,locomotive,WS_01,track_19,
13445.0,2025-12-10T08:05:00+00:00,LOCO_02,locomotive,retrofitted,WS_01,
13445.0,2025-12-10T08:05:00+00:00,W2844,wagon,WS_01,,WS_01|retrofitted
13445.0,2025-12-10T08:05:00+00:00,W9727,wagon,WS_01,,WS_01|retrofitted
13450.0,2025-12-10T08:10:00+00:00,W2844,wagon,retrofitted,,
13450.0,2025-12-10T08:10:00+00:00,W9727,wagon,retrofitted,,
13450.0,2025-12-10T08:10:00+00:00,LOCO_02,locomotive,track_19,retrofitted,
13457.0,2025-12-10T08:17:00+00:00,LOCO_02,locomotive,retrofit,track_19,
13460.0,2025-12-10T08:20:00+00:00,W8648,wagon,collection2,,
13465.0,2025-12-10T08:25:00+00:00,LOCO_02,locomotive,WS_01,retrofit,
13465.0,2025-12-10T08:25:00+00:00,W4473,wagon,retrofit,,retrofit|WS_01
13465.0,2025-12-10T08:25:00+00:00,W6848,wagon,retrofit,,retrofit|WS_01
13470.0,2025-12-10T08:30:00+00:00,W4473,wagon,WS_01,,
13470.0,2025-12-10T08:30:00+00:00,W6848,wagon,WS_01,,
13476.0,2025-12-10T08:36:00+00:00,W4473,wagon,WS_01,,
13476.0,2025-12-10T08:36:00+00:00,W6848,wagon,WS_01,,
13476.0,2025-12-10T08:36:00+00:00,LOCO_02,locomotive,track_19,WS_01,
13481.0,2025-12-10T08:41:00+00:00,LOCO_02,locomotive,WS_02,track_19,
13483.5,2025-12-10T08:43:30+00:00,LOCO_01,locomotive,retrofit,collection1,
13483.5,2025-12-10T08:43:30+00:00,W11356,wagon,collection1,,collection1|Mainline|retrofit
13483.5,2025-12-10T08:43:30+00:00,W4223,wagon,collection1,,collection1|Mainline|retrofit
13483.5,2025-12-10T08:43:30+00:00,W1826,wagon,collection1,,collection1|Mainline|retrofit
13483.5,2025-12-10T08:43:30+00:00,W8494,wagon,collection1,,collection1|Mainline|retrofit
13483.5,2025-12-10T08:43:30+00:00,W1427,wagon,collection1,,collection1|Mainline|retrofit
13483.5,2025-12-10T08:43:30+00:00,W7791,wagon,collection1,,collection1|Mainline|retrofit
13483.5,2025-12-10T08:43:30+00:00,W0023,wagon,collection1,,collection1|Mainline|retrofit
13487.5,2025-12-10T08:47:30+00:00,W6207,wagon,collection2,,
13488.0,2025-12-10T08:48:00+00:00,LOCO_02,locomotive,retrofitted,WS_02,
13488.0,2025-12-10T08:48:00+00:00,W9046,wagon,WS_02,,WS_02|retrofitted
13488.0,2025-12-10T08:48:00+00:00,W9843,wagon,WS_02,,WS_02|retrofitted
13493.0,2025-12-10T08:53:00+00:00,W9046,wagon,retrofitted,,
13493.0,2025-12-10T08:53:00+00:00,W9843,wagon,retrofitted,,
13493.0,2025-12-10T08:53:00+00:00,LOCO_02,locomotive,track_19,retrofitted,
13498.0,2025-12-10T08:58:00+00:00,LOCO_02,locomotive,collection2,track_19,
13543.5,2025-12-10T09:43:30+00:00,W11356,wagon,retrofit,,
13543.5,2025-12-10T09:43:30+00:00,W4223,wagon,retrofit,,
13543.5,2025-12-10T09:43:30+00:00,W1826,wagon,retrofit,,
13543.5,2025-12-10T09:43:30+00:00,W8494,wagon,retrofit,,
13543.5,2025-12-10T09:43:30+00:00,W1427,wagon,retrofit,,
13543.5,2025-12-10T09:43:30+00:00,W7791,wagon,retrofit,,
13543.5,2025-12-10T09:43:30+00:00,W0023,wagon,retrofit,,
13565.0,2025-12-10T10:05:00+00:00,LOCO_02,locomotive,retrofit,collection2,
13565.0,2025-12-10T10:05:00+00:00,W3230,wagon,collection2,,collection2|Mainline|retrofit
13565.0,2025-12-10T10:05:00+00:00,W5411,wagon,collection2,,collection2|Mainline|retrofit
13565.0,2025-12-10T10:05:00+00:00,W11513,wagon,collection2,,collection2|Mainline|retrofit
13582.5,2025-12-10T10:22:30+00:00,LOCO_01,locomotive,track_19,retrofit,
13587.5,2025-12-10T10:27:30+00:00,LOCO_01,locomotive,WS_01,track_19,
13594.5,2025-12-10T10:34:30+00:00,LOCO_01,locomotive,retrofitted,WS_01,
13594.5,2025-12-10T10:34:30+00:00,W4473,wagon,WS_01,,WS_01|retrofitted
13594.5,2025-12-10T10:34:30+00:00,W6848,wagon,WS_01,,WS_01|retrofitted
13599.5,2025-12-10T10:39:30+00:00,W4473,wagon,retrofitted,,
13599.5,2025-12-10T10:39:30+00:00,W6848,wagon,retrofitted,,
13599.5,2025-12-10T10:39:30+00:00,LOCO_01,locomotive,track_19,retrofitted,
13606.5,2025-12-10T10:46:30+00:00,LOCO_01,locomotive,retrofit,track_19,
13614.5,2025-12-10T10:54:30+00:00,LOCO_01,locomotive,WS_02,retrofit,
13614.5,2025-12-10T10:54:30+00:00,W0674,wagon,retrofit,,retrofit|WS_02
13614.5,2025-12-10T10:54:30+00:00,W5420,wagon,retrofit,,retrofit|WS_02
13619.5,2025-12-10T10:59:30+00:00,W0674,wagon,WS_02,,
13619.5,2025-12-10T10:59:30+00:00,W5420,wagon,WS_02,,
13625.0,2025-12-10T11:05:00+00:00,W3230,wagon,retrofit,,
13625.0,2025-12-10T11:05:00+00:00,W5411,wagon,retrofit,,
13625.0,2025-12-10T11:05:00+00:00,W11513,wagon,retrofit,,
13625.5,2025-12-10T11:05:30+00:00,W0674,wagon,WS_02,,
13625.5,2025-12-10T11:05:30+00:00,W5420,wagon,WS_02,,
13625.5,2025-12-10T11:05:30+00:00,LOCO_01,locomotive,track_19,WS_02,
13632.5,2025-12-10T11:12:30+00:00,LOCO_01,locomotive,retrofit,track_19,
13633.25,2025-12-10T11:13:15+00:00,W10319,wagon,collection1,,
13633.25,2025-12-10T11:13:15+00:00,W10278,wagon,collection1,,
13640.0,2025-12-10T11:20:00+00:00,LOCO_02,locomotive,track_19,retrofit,
13640.5,2025-12-10T11:20:30+00:00,LOCO_01,locomotive,WS_01,retrofit,
13640.5,2025-12-10T11:20:30+00:00,W6936,wagon,retrofit,,retrofit|WS_01
13640.5,2025-12-10T11:20:30+00:00,W11356,wagon,retrofit,,retrofit|WS_01
13645.0,2025-12-10T11:25:00+00:00,LOCO_02,locomotive,retrofitted,track_19,
13645.5,2025-12-10T11:25:30+00:00,W6936,wagon,WS_01,,
13645.5,2025-12-10T11:25:30+00:00,W11356,wagon,WS_01,,
13647.25,2025-12-10T11:27:15+00:00,W5458,wagon,collection1,,
13647.25,2025-12-10T11:27:15+00:00,W10521,wagon,collection1,,
13647.25,2025-12-10T11:27:15+00:00,W12051,wagon,collection2,,
13647.25,2025-12-10T11:27:15+00:00,W2236,wagon,collection1,,
13651.5,2025-12-10T11:31:30+00:00,W6936,wagon,WS_01,,
13651.5,2025-12-10T11:31:30+00:00,W11356,wagon,WS_01,,
13651.5,2025-12-10T11:31:30+00:00,LOCO_01,locomotive,track_19,WS_01,
13652.0,2025-12-10T11:32:00+00:00,LOCO_02,locomotive,parking16,retrofitted,
13686.0,2025-12-10T12:06:00+00:00,LOCO_01,locomotive,WS_02,track_19,
13693.0,2025-12-10T12:13:00+00:00,LOCO_01,locomotive,retrofitted,WS_02,
13693.0,2025-12-10T12:13:00+00:00,W0674,wagon,WS_02,,WS_02|retrofitted
13693.0,2025-12-10T12:13:00+00:00,W5420,wagon,WS_02,,WS_02|retrofitted
13698.0,2025-12-10T12:18:00+00:00,W0674,wagon,retrofitted,,
13698.0,2025-12-10T12:18:00+00:00,W5420,wagon,retrofitted,,
13698.0,2025-12-10T12:18:00+00:00,LOCO_01,locomotive,track_19,retrofitted,
13705.0,2025-12-10T12:25:00+00:00,LOCO_01,locomotive,retrofit,track_19,
13713.0,2025-12-10T12:33:00+00:00,LOCO_01,locomotive,WS_02,retrofit,
13713.0,2025-12-10T12:33:00+00:00,W4223,wagon,retrofit,,retrofit|WS_02
13713.0,2025-12-10T12:33:00+00:00,W1826,wagon,retrofit,,retrofit|WS_02
13718.0,2025-12-10T12:38:00+00:00,W4223,wagon,WS_02,,
13718.0,2025-12-10T12:38:00+00:00,W1826,wagon,WS_02,,
13724.0,2025-12-10T12:44:00+00:00,W4223,wagon,WS_02,,
13724.0,2025-12-10T12:44:00+00:00,W1826,wagon,WS_02,,
13724.0,2025-12-10T12:44:00+00:00,LOCO_01,locomotive,track_19,WS_02,
13729.0,2025-12-10T12:49:00+00:00,LOCO_01,locomotive,WS_01,track_19,
13736.0,2025-12-10T12:56:00+00:00,LOCO_01,locomotive,retrofitted,WS_01,
13736.0,2025-12-10T12:56:00+00:00,W6936,wagon,WS_01,,WS_01|retrofitted
13736.0,2025-12-10T12:56:00+00:00,W11356,wagon,WS_01,,WS_01|retrofitted
13741.0,2025-12-10T13:01:00+00:00,W6936,wagon,retrofitted,,
13741.0,2025-12-10T13:01:00+00:00,W11356,wagon,retrofitted,,
13741.0,2025-12-10T13:01:00+00:00,LOCO_01,locomotive,track_19,retrofitted,
13748.0,2025-12-10T13:08:00+00:00,LOCO_01,locomotive,retrofit,track_19,
13756.0,2025-12-10T13:16:00+00:00,LOCO_01,locomotive,WS_01,retrofit,
13756.0,2025-12-10T13:16:00+00:00,W8494,wagon,retrofit,,retrofit|WS_01
13756.0,2025-12-10T13:16:00+00:00,W1427,wagon,retrofit,,retrofit|WS_01
13761.0,2025-12-10T13:21:00+00:00,W8494,wagon,WS_01,,
13761.0,2025-12-10T13:21:00+00:00,W1427,wagon,WS_01,,
13767.0,2025-12-10T13:27:00+00:00,W8494,wagon,WS_01,,
13767.0,2025-12-10T13:27:00+00:00,W1427,wagon,WS_01,,
13767.0,2025-12-10T13:27:00+00:00,LOCO_01,locomotive,track_19,WS_01,
13772.0,2025-12-10T13:32:00+00:00,LOCO_01,locomotive,collection1,track_19,
13773.5,2025-12-10T13:33:30+00:00,W7513,wagon,parking16,,
13773.5,2025-12-10T13:33:30+00:00,W9446,wagon,parking16,,
13773.5,2025-12-10T13:33:30+00:00,LOCO_02,locomotive,track_19,parking16,
13833.5,2025-12-10T14:33:30+00:00,LOCO_02,locomotive,WS_02,track_19,
13840.5,2025-12-10T14:40:30+00:00,LOCO_02,locomotive,retrofitted,WS_02,
13840.5,2025-12-10T14:40:30+00:00,W4223,wagon,WS_02,,WS_02|retrofitted
13840.5,2025-12-10T14:40:30+00:00,W1826,wagon,WS_02,,WS_02|retrofitted
13845.0,2025-12-10T14:45:00+00:00,LOCO_01,locomotive,retrofit,collection1,
13845.0,2025-12-10T14:45:00+00:00,W10397,wagon,collection1,,collection1|Mainline|retrofit
13845.0,2025-12-10T14:45:00+00:00,W0039,wagon,collection1,,collection1|Mainline|retrofit
13845.0,2025-12-10T14:45:00+00:00,W5346,wagon,collection1,,collection1|Mainline|retrofit
13845.0,2025-12-10T14:45:00+00:00,W4370,wagon,collection1,,collection1|Mainline|retrofit
13845.0,2025-12-10T14:45:00+00:00,W9406,wagon,collection1,,collection1|Mainline|retrofit
13845.0,2025-12-10T14:45:00+00:00,W5153,wagon,collection1,,collection1|Mainline|retrofit
13845.5,2025-12-10T14:45:30+00:00,W4223,wagon,retrofitted,,
13845.5,2025-12-10T14:45:30+00:00,W1826,wagon,retrofitted,,
13845.5,2025-12-10T14:45:30+00:00,LOCO_02,locomotive,track_19,retrofitted,
13850.5,2025-12-10T14:50:30+00:00,LOCO_02,locomotive,WS_01,track_19,
13857.5,2025-12-10T14:57:30+00:00,LOCO_02,locomotive,retrofitted,WS_01,
13857.5,2025-12-10T14:57:30+00:00,W8494,wagon,WS_01,,WS_01|retrofitted
13857.5,2025-12-10T14:57:30+00:00,W1427,wagon,WS_01,,WS_01|retrofitted
13905.0,2025-12-10T15:45:00+00:00,W10397,wagon,retrofit,,
13905.0,2025-12-10T15:45:00+00:00,W0039,wagon,retrofit,,
13905.0,2025-12-10T15:45:00+00:00,W5346,wagon,retrofit,,
13905.0,2025-12-10T15:45:00+00:00,W4370,wagon,retrofit,,
13905.0,2025-12-10T15:45:00+00:00,W9406,wagon,retrofit,,
13905.0,2025-12-10T15:45:00+00:00,W5153,wagon,retrofit,,
13938.0,2025-12-10T16:18:00+00:00,LOCO_01,locomotive,track_19,retrofit,
13945.0,2025-12-10T16:25:00+00:00,LOCO_01,locomotive,retrofit,track_19,
13953.0,2025-12-10T16:33:00+00:00,LOCO_01,locomotive,WS_02,retrofit,
13953.0,2025-12-10T16:33:00+00:00,W7791,wagon,retrofit,,retrofit|WS_02
13953.0,2025-12-10T16:33:00+00:00,W0023,wagon,retrofit,,retrofit|WS_02
13958.0,2025-12-10T16:38:00+00:00,W7791,wagon,WS_02,,
13958.0,2025-12-10T16:38:00+00:00,W0023,wagon,WS_02,,
13964.0,2025-12-10T16:44:00+00:00,W7791,wagon,WS_02,,
13964.0,2025-12-10T16:44:00+00:00,W0023,wagon,WS_02,,
13964.0,2025-12-10T16:44:00+00:00,LOCO_01,locomotive,track_19,WS_02,
13969.0,2025-12-10T16:49:00+00:00,LOCO_01,locomotive,retrofitted,track_19,
13974.0,2025-12-10T16:54:00+00:00,W8494,wagon,retrofitted,,
13974.0,2025-12-10T16:54:00+00:00,W1427,wagon,retrofitted,,
13974.0,2025-12-10T16:54:00+00:00,LOCO_02,locomotive,track_19,retrofitted,
13978.0,2025-12-10T16:58:00+00:00,LOCO_01,locomotive,parking6,retrofitted,
13981.0,2025-12-10T17:01:00+00:00,LOCO_02,locomotive,retrofit,track_19,
13988.5,2025-12-10T17:08:30+00:00,W2844,wagon,parking6,,
13988.5,2025-12-10T17:08:30+00:00,W9727,wagon,parking6,,
13988.5,2025-12-10T17:08:30+00:00,W9046,wagon,parking6,,
13988.5,2025-12-10T17:08:30+00:00,W9843,wagon,parking6,,
13988.5,2025-12-10T17:08:30+00:00,W4473,wagon,parking6,,
13988.5,2025-12-10T17:08:30+00:00,W6848,wagon,parking6,,
13988.5,2025-12-10T17:08:30+00:00,LOCO_01,locomotive,track_19,parking6,
13989.0,2025-12-10T17:09:00+00:00,LOCO_02,locomotive,WS_01,retrofit,
13989.0,2025-12-10T17:09:00+00:00,W3230,wagon,retrofit,,retrofit|WS_01
13989.0,2025-12-10T17:09:00+00:00,W5411,wagon,retrofit,,retrofit|WS_01
13993.5,2025-12-10T17:13:30+00:00,LOCO_01,locomotive,retrofitted,track_19,
13994.0,2025-12-10T17:14:00+00:00,W3230,wagon,WS_01,,
13994.0,2025-12-10T17:14:00+00:00,W5411,wagon,WS_01,,
14000.0,2025-12-10T17:20:00+00:00,W3230,wagon,WS_01,,
14000.0,2025-12-10T17:20:00+00:00,W5411,wagon,WS_01,,
14000.0,2025-12-10T17:20:00+00:00,LOCO_02,locomotive,track_19,WS_01,
14002.0,2025-12-10T17:22:00+00:00,LOCO_01,locomotive,parking10,retrofitted,
14024.5,2025-12-10T17:44:30+00:00,LOCO_02,locomotive,WS_02,track_19,
14031.5,2025-12-10T17:51:30+00:00,LOCO_02,locomotive,retrofitted,WS_02,
14031.5,2025-12-10T17:51:30+00:00,W7791,wagon,WS_02,,WS_02|retrofitted
14031.5,2025-12-10T17:51:30+00:00,W0023,wagon,WS_02,,WS_02|retrofitted
14036.5,2025-12-10T17:56:30+00:00,W7791,wagon,retrofitted,,
14036.5,2025-12-10T17:56:30+00:00,W0023,wagon,retrofitted,,
14036.5,2025-12-10T17:56:30+00:00,LOCO_02,locomotive,track_19,retrofitted,
14043.5,2025-12-10T18:03:30+00:00,LOCO_02,locomotive,retrofit,track_19,
14051.5,2025-12-10T18:11:30+00:00,LOCO_02,locomotive,WS_02,retrofit,
14051.5,2025-12-10T18:11:30+00:00,W11513,wagon,retrofit,,retrofit|WS_02
14051.5,2025-12-10T18:11:30+00:00,W10397,wagon,retrofit,,retrofit|WS_02
14056.5,2025-12-10T18:16:30+00:00,W11513,wagon,WS_02,,
14056.5,2025-12-10T18:16:30+00:00,W10397,wagon,WS_02,,
14062.5,2025-12-10T18:22:30+00:00,W11513,wagon,WS_02,,
14062.5,2025-12-10T18:22:30+00:00,W10397,wagon,WS_02,,
14062.5,2025-12-10T18:22:30+00:00,LOCO_02,locomotive,track_19,WS_02,
14066.5,2025-12-10T18:26:30+00:00,W0674,wagon,parking10,,
14066.5,2025-12-10T18:26:30+00:00,W5420,wagon,parking10,,
14066.5,2025-12-10T18:26:30+00:00,W6936,wagon,parking10,,
14066.5,2025-12-10T18:26:30+00:00,W11356,wagon,parking10,,
14066.5,2025-12-10T18:26:30+00:00,W4223,wagon,parking10,,
14066.5,2025-12-10T18:26:30+00:00,LOCO_01,locomotive,track_19,parking10,
14067.5,2025-12-10T18:27:30+00:00,LOCO_02,locomotive,WS_01,track_19,
14074.5,2025-12-10T18:34:30+00:00,LOCO_02,locomotive,retrofitted,WS_01,
14074.5,2025-12-10T18:34:30+00:00,W3230,wagon,WS_01,,WS_01|retrofitted
14074.5,2025-12-10T18:34:30+00:00,W5411,wagon,WS_01,,WS_01|retrofitted
14079.5,2025-12-10T18:39:30+00:00,W3230,wagon,retrofitted,,
14079.5,2025-12-10T18:39:30+00:00,W5411,wagon,retrofitted,,
14079.5,2025-12-10T18:39:30+00:00,LOCO_02,locomotive,track_19,retrofitted,
14084.5,2025-12-10T18:44:30+00:00,LOCO_02,locomotive,collection2,track_19,
14097.75,2025-12-10T18:57:45+00:00,W9710,wagon,collection1,,
14097.75,2025-12-10T18:57:45+00:00,W11593,wagon,collection1,,
14097.75,2025-12-10T18:57:45+00:00,W11019,wagon,collection1,,
14097.75,2025-12-10T18:57:45+00:00,W3315,wagon,collection1,,
14097.75,2025-12-10T18:57:45+00:00,W9194,wagon,collection1,,
14097.75,2025-12-10T18:57:45+00:00,W6843,wagon,collection1,,
14126.5,2025-12-10T19:26:30+00:00,LOCO_01,locomotive,WS_02,track_19,
14133.5,2025-12-10T19:33:30+00:00,LOCO_01,locomotive,retrofitted,WS_02,
14133.5,2025-12-10T19:33:30+00:00,W11513,wagon,WS_02,,WS_02|retrofitted
14133.5,2025-12-10T19:33:30+00:00,W10397,wagon,WS_02,,WS_02|retrofitted
14138.5,2025-12-10T19:38:30+00:00,W11513,wagon,retrofitted,,
14138.5,2025-12-10T19:38:30+00:00,W10397,wagon,retrofitted,,
14138.5,2025-12-10T19:38:30+00:00,LOCO_01,locomotive,track_19,retrofitted,
14145.5,2025-12-10T19:45:30+00:00,LOCO_01,locomotive,retrofit,track_19,
14147.5,2025-12-10T19:47:30+00:00,LOCO_02,locomotive,retrofit,collection2,
14147.5,2025-12-10T19:47:30+00:00,W3087,wagon,collection2,,collection2|Mainline|retrofit
14153.5,2025-12-10T19:53:30+00:00,LOCO_01,locomotive,WS_01,retrofit,
14153.5,2025-12-10T19:53:30+00:00,W0039,wagon,retrofit,,retrofit|WS_01
14153.5,2025-12-10T19:53:30+00:00,W5346,wagon,retrofit,,retrofit|WS_01
14158.5,2025-12-10T19:58:30+00:00,W0039,wagon,WS_01,,
14158.5,2025-12-10T19:58:30+00:00,W5346,wagon,WS_01,,
14164.5,2025-12-10T20:04:30+00:00,W0039,wagon,WS_01,,
14164.5,2025-12-10T20:04:30+00:00,W5346,wagon,WS_01,,
14164.5,2025-12-10T20:04:30+00:00,LOCO_01,locomotive,track_19,WS_01,
14171.5,2025-12-10T20:11:30+00:00,LOCO_01,locomotive,retrofit,track_19,
14179.5,2025-12-10T20:19:30+00:00,LOCO_01,locomotive,WS_02,retrofit,
14179.5,2025-12-10T20:19:30+00:00,W4370,wagon,retrofit,,retrofit|WS_02
14179.5,2025-12-10T20:19:30+00:00,W9406,wagon,retrofit,,retrofit|WS_02
14184.5,2025-12-10T20:24:30+00:00,W4370,wagon,WS_02,,
14184.5,2025-12-10T20:24:30+00:00,W9406,wagon,WS_02,,
14190.5,2025-12-10T20:30:30+00:00,W4370,wagon,WS_02,,
14190.5,2025-12-10T20:30:30+00:00,W9406,wagon,WS_02,,
14190.5,2025-12-10T20:30:30+00:00,LOCO_01,locomotive,track_19,WS_02,
14195.5,2025-12-10T20:35:30+00:00,LOCO_01,locomotive,collection1,track_19,
14205.25,2025-12-10T20:45:15+00:00,W10955,wagon,collection1,,
14205.25,2025-12-10T20:45:15+00:00,W2204,wagon,collection1,,
14205.25,2025-12-10T20:45:15+00:00,W10614,wagon,collection2,,
14207.5,2025-12-10T20:47:30+00:00,W3087,wagon,retrofit,,
14210.5,2025-12-10T20:50:30+00:00,LOCO_02,locomotive,track_19,retrofit,
14215.5,2025-12-10T20:55:30+00:00,LOCO_02,locomotive,retrofitted,track_19,
14223.5,2025-12-10T21:03:30+00:00,LOCO_02,locomotive,parking9,retrofitted,
14232.0,2025-12-10T21:12:00+00:00,W1826,wagon,parking9,,
14232.0,2025-12-10T21:12:00+00:00,W8494,wagon,parking9,,
14232.0,2025-12-10T21:12:00+00:00,W1427,wagon,parking9,,
14232.0,2025-12-10T21:12:00+00:00,W7791,wagon,parking9,,
14232.0,2025-12-10T21:12:00+00:00,LOCO_02,locomotive,track_19,parking9,
14237.0,2025-12-10T21:17:00+00:00,LOCO_02,locomotive,WS_01,track_19,
14244.0,2025-12-10T21:24:00+00:00,LOCO_02,locomotive,retrofitted,WS_01,
14244.0,2025-12-10T21:24:00+00:00,W0039,wagon,WS_01,,WS_01|retrofitted
14244.0,2025-12-10T21:24:00+00:00,W5346,wagon,WS_01,,WS_01|retrofitted
14249.0,2025-12-10T21:29:00+00:00,W0039,wagon,retrofitted,,
14249.0,2025-12-10T21:29:00+00:00,W5346,wagon,retrofitted,,
14249.0,2025-12-10T21:29:00+00:00,LOCO_02,locomotive,track_19,retrofitted,
14254.0,2025-12-10T21:34:00+00:00,LOCO_02,locomotive,WS_02,track_19,
14261.0,2025-12-10T21:41:00+00:00,LOCO_02,locomotive,retrofitted,WS_02,
14261.0,2025-12-10T21:41:00+00:00,W4370,wagon,WS_02,,WS_02|retrofitted
14261.0,2025-12-10T21:41:00+00:00,W9406,wagon,WS_02,,WS_02|retrofitted
14266.0,2025-12-10T21:46:00+00:00,W4370,wagon,retrofitted,,
14266.0,2025-12-10T21:46:00+00:00,W9406,wagon,retrofitted,,
14266.0,2025-12-10T21:46:00+00:00,LOCO_02,locomotive,track_19,retrofitted,
14270.5,2025-12-10T21:50:30+00:00,LOCO_01,locomotive,retrofit,collection1,
14270.5,2025-12-10T21:50:30+00:00,W10192,wagon,collection1,,collection1|Mainline|retrofit
14270.5,2025-12-10T21:50:30+00:00,W8908,wagon,collection1,,collection1|Mainline|retrofit
14270.5,2025-12-10T21:50:30+00:00,W8906,wagon,collection1,,collection1|Mainline|retrofit
14270.5,2025-12-10T21:50:30+00:00,W12104,wagon,collection1,,collection1|Mainline|retrofit
14270.5,2025-12-10T21:50:30+00:00,W7218,wagon,collection1,,collection1|Mainline|retrofit
14270.5,2025-12-10T21:50:30+00:00,W10938,wagon,collection1,,collection1|Mainline|retrofit
14270.5,2025-12-10T21:50:30+00:00,W4327,wagon,collection1,,collection1|Mainline|retrofit
14273.0,2025-12-10T21:53:00+00:00,LOCO_02,locomotive,retrofit,track_19,
14281.0,2025-12-10T22:01:00+00:00,LOCO_02,locomotive,WS_01,retrofit,
14281.0,2025-12-10T22:01:00+00:00,W5153,wagon,retrofit,,retrofit|WS_01
14281.0,2025-12-10T22:01:00+00:00,W3087,wagon,retrofit,,retrofit|WS_01
14286.0,2025-12-10T22:06:00+00:00,W5153,wagon,WS_01,,
14286.0,2025-12-10T22:06:00+00:00,W3087,wagon,WS_01,,
14292.0,2025-12-10T22:12:00+00:00,W5153,wagon,WS_01,,
14292.0,2025-12-10T22:12:00+00:00,W3087,wagon,WS_01,,
14292.0,2025-12-10T22:12:00+00:00,LOCO_02,locomotive,track_19,WS_01,
14297.0,2025-12-10T22:17:00+00:00,LOCO_02,locomotive,retrofitted,track_19,
14305.0,2025-12-10T22:25:00+00:00,LOCO_02,locomotive,parking13,retrofitted,
14330.5,2025-12-10T22:50:30+00:00,W10192,wagon,retrofit,,
14330.5,2025-12-10T22:50:30+00:00,W8908,wagon,retrofit,,
14330.5,2025-12-10T22:50:30+00:00,W8906,wagon,retrofit,,
14330.5,2025-12-10T22:50:30+00:00,W12104,wagon,retrofit,,
14330.5,2025-12-10T22:50:30+00:00,W7218,wagon,retrofit,,
14330.5,2025-12-10T22:50:30+00:00,W10938,wagon,retrofit,,
14330.5,2025-12-10T22:50:30+00:00,W4327,wagon,retrofit,,
14369.5,2025-12-10T23:29:30+00:00,LOCO_01,locomotive,track_19,retrofit,
14374.5,2025-12-10T23:34:30+00:00,LOCO_01,locomotive,WS_01,track_19,
14381.5,2025-12-10T23:41:30+00:00,LOCO_01,locomotive,retrofitted,WS_01,
14381.5,2025-12-10T23:41:30+00:00,W5153,wagon,WS_01,,WS_01|retrofitted
14381.5,2025-12-10T23:41:30+00:00,W3087,wagon,WS_01,,WS_01|retrofitted
14383.5,2025-12-10T23:43:30+00:00,W0023,wagon,parking13,,
14383.5,2025-12-10T23:43:30+00:00,W3230,wagon,parking13,,
14383.5,2025-12-10T23:43:30+00:00,W5411,wagon,parking13,,
14383.5,2025-12-10T23:43:30+00:00,W11513,wagon,parking13,,
14383.5,2025-12-10T23:43:30+00:00,LOCO_02,locomotive,track_19,parking13,
14386.5,2025-12-10T23:46:30+00:00,W5153,wagon,retrofitted,,
14386.5,2025-12-10T23:46:30+00:00,W3087,wagon,retrofitted,,
14386.5,2025-12-10T23:46:30+00:00,LOCO_01,locomotive,track_19,retrofitted,
14393.5,2025-12-10T23:53:30+00:00,LOCO_01,locomotive,retrofit,track_19,
