09:49:12 | INFO     | SIMPY: Creating enhanced SimPy engine adapter
09:49:12 | INFO     |  Initializing contexts for scenario priority_dispatch_scenario
09:49:12 | INFO     | EVENT_SUBSCRIBED: TrainArrivedEvent -> RetrofitWorkshopContext._handle_train_arrived (total: 1)
09:49:12 | INFO     |  Registering context: railway
09:49:12 | INFO     |  Registering context: external_trains
09:49:12 | INFO     |  Initializing 2 contexts
09:49:12 | INFO     |  Initializing context: railway
09:49:12 | INFO     | EVENT_SUBSCRIBED: WagonMovedEvent -> TrackOccupancyEventHandler.handle_wagon_moved (total: 1)
09:49:12 | INFO     | EVENT_PUBLISHED: ContextInitializedEvent | no_data
09:49:12 | WARNING  | EVENT_NO_SUBSCRIBERS: ContextInitializedEvent
09:49:12 | INFO     |  Initializing context: external_trains
09:49:12 | INFO     | EVENT_PUBLISHED: ContextInitializedEvent | no_data
09:49:12 | WARNING  | EVENT_NO_SUBSCRIBERS: ContextInitializedEvent
09:49:12 | INFO     | EVENT_PUBLISHED: SimulationStartedEvent | no_data
09:49:12 | WARNING  | EVENT_NO_SUBSCRIBERS: SimulationStartedEvent
09:49:12 | INFO     |  Starting simulation for scenario priority_dispatch_scenario (until=14400.0)
09:49:12 | INFO     |  Starting processes for all contexts
09:49:12 | INFO     | EVENT_PUBLISHED: ContextStartedEvent | no_data
09:49:12 | WARNING  | EVENT_NO_SUBSCRIBERS: ContextStartedEvent
09:49:12 | INFO     | EVENT_SUBSCRIBED: WagonRetrofitCompletedEvent -> ExternalTrainsContext._handle_wagon_completed (total: 1)
09:49:12 | INFO     | EVENT_PUBLISHED: ContextStartedEvent | no_data
09:49:12 | WARNING  | EVENT_NO_SUBSCRIBERS: ContextStartedEvent
09:49:12 | INFO     |  Starting retrofit workflow processes
09:49:12 | INFO     | Started workshop assignment process for retrofit
09:49:12 | INFO     | t=0.0: PARKING → Starting coordinator with strategy=opportunistic
09:49:12 | INFO     | t=0.0: PARKING → Starting single process monitoring 1 retrofitted tracks
09:49:12 | INFO     | SIMPY: Starting simulation run (until=14400.0)
09:49:12 | INFO     |  Starting simulation at t=0.0
09:49:12 | INFO     | EVENT_PUBLISHED: TrainArrivedEvent | train=T1 | time=360.0
09:49:12 | INFO     | EVENT_HANDLING: TrainArrivedEvent -> RetrofitWorkshopContext._handle_train_arrived
09:49:12 | INFO     | EVENT_HANDLED: TrainArrivedEvent by RetrofitWorkshopContext._handle_train_arrived
09:49:12 | INFO     | t=360.0: COLLECTION → Reserving retrofit track capacity for 2 wagons
09:49:12 | INFO     | t=360.0: COLLECTION → Capacity reserved, allocating locomotive
09:49:12 | INFO     | t=360.0: DISPATCHER → Task submitted: collection_to_retrofit (pending=1)
09:49:12 | INFO     | t=360.0: DISPATCHER → Assigned loco LOCO_01 to collection_to_retrofit (waited 0.0 min, pending=0)
09:49:12 | INFO     | t=420.0: LOCO[LOCO_01] → TRAIN_PREP at collection (coupling + prep, 5.0 min)
09:49:12 | INFO     | EVENT_PUBLISHED: TrainArrivedEvent | train=T2 | time=442.2
09:49:12 | INFO     | EVENT_HANDLING: TrainArrivedEvent -> RetrofitWorkshopContext._handle_train_arrived
09:49:12 | INFO     | EVENT_HANDLED: TrainArrivedEvent by RetrofitWorkshopContext._handle_train_arrived
09:49:12 | INFO     | t=485.0: LOCO[LOCO_01] → DECOUPLING at retrofit (6.0 min)
09:49:12 | INFO     | t=485.0: WAGON[W11188] → Retrieved from retrofit queue
09:49:12 | INFO     | t=485.0: WORKSHOP[WS_01] → Selected for batch
09:49:12 | INFO     | t=485.0: WAGON[W10437] → Added to batch
09:49:12 | INFO     | t=485.0: BATCH[W11188,W10437] → Formed 2 wagons for WS_01
09:49:12 | INFO     | t=485.0: TRACK[retrofit] → Removed 2 wagons (53.9m freed)
09:49:12 | INFO     | t=485.0: DISPATCHER → Task submitted: retrofit_to_workshop (pending=1)
09:49:12 | INFO     | t=485.0: DISPATCHER → Assigned loco LOCO_02 to retrofit_to_workshop (waited 0.0 min, pending=0)
09:49:12 | INFO     | t=485.0: RAKE[W11188,W10437] → COUPLING at retrofit (1 couplings, 2.0 min)
09:49:12 | INFO     | t=491.0: RAKE[W11188,W10437] → DECOUPLING at retrofit (1 couplings, 3.0 min)
09:49:12 | INFO     | t=492.0: LOCO[LOCO_02] → COUPLING at retrofit (2.0 min)
09:49:12 | INFO     | t=494.0: LOCO[LOCO_02] → SHUNTING_PREP at retrofit (1.0 min)
09:49:12 | INFO     | t=499.0: COLLECTION → Reserving retrofit track capacity for 2 wagons
09:49:12 | INFO     | t=499.0: COLLECTION → Capacity reserved, allocating locomotive
09:49:12 | INFO     | t=499.0: DISPATCHER → Task submitted: collection_to_retrofit (pending=1)
09:49:12 | INFO     | t=499.0: DISPATCHER → Assigned loco LOCO_01 to collection_to_retrofit (waited 0.0 min, pending=0)
09:49:12 | INFO     | t=500.0: LOCO[LOCO_02] → DECOUPLING at WS_01 (3.0 min)
09:49:12 | INFO     | EVENT_PUBLISHED: TrainArrivedEvent | train=T3 | time=502.5
09:49:12 | INFO     | EVENT_HANDLING: TrainArrivedEvent -> RetrofitWorkshopContext._handle_train_arrived
09:49:12 | INFO     | EVENT_HANDLED: TrainArrivedEvent by RetrofitWorkshopContext._handle_train_arrived
09:49:12 | INFO     | t=503.0: RAKE[W11188,W10437] → DECOUPLING at WS_01 (1 couplings, 3.0 min)
09:49:12 | INFO     | t=506.0: WAGON[W11188] → RETROFIT_STARTED at WS_01
09:49:12 | INFO     | t=506.0: WAGON[W10437] → RETROFIT_STARTED at WS_01
09:49:12 | INFO     | EVENT_PUBLISHED: TrainArrivedEvent | train=T4 | time=541.5
09:49:12 | INFO     | EVENT_HANDLING: TrainArrivedEvent -> RetrofitWorkshopContext._handle_train_arrived
09:49:12 | INFO     | EVENT_HANDLED: TrainArrivedEvent by RetrofitWorkshopContext._handle_train_arrived
09:49:12 | INFO     | t=559.0: LOCO[LOCO_01] → TRAIN_PREP at collection (coupling + prep, 5.0 min)
09:49:12 | INFO     | t=566.0: RAKE[W11188,W10437] → COUPLING at WS_01 (1 couplings, 0.5 min)
09:49:12 | INFO     | t=566.5: LOCO → Allocating for pickup from WS_01
09:49:12 | INFO     | t=566.5: DISPATCHER → Task submitted: workshop_to_retrofitted (pending=1)
09:49:12 | INFO     | t=566.5: DISPATCHER → Assigned loco LOCO_02 to workshop_to_retrofitted (waited 0.0 min, pending=0)
09:49:12 | INFO     | t=566.5: LOCO[LOCO_02] → Allocated for pickup
09:49:12 | INFO     | t=573.5: LOCO[LOCO_02] → TRAIN_PREP completed at WS_01 (2.0 min)
09:49:12 | INFO     | t=578.5: BATCH → Putting 2 wagons on retrofitted track retrofitted
09:49:12 | INFO     | t=578.5: WAGON[W11188] → Added to retrofitted track retrofitted
09:49:12 | INFO     | t=578.5: WAGON[W10437] → Added to retrofitted track retrofitted
09:49:12 | INFO     | t=578.5: PARKING → Got wagon W11188 from retrofitted
09:49:12 | INFO     | t=578.5: LOCO → Allocating for parking transport
09:49:12 | INFO     | t=578.5: DISPATCHER → Task submitted: retrofitted_to_parking (pending=1)
09:49:12 | INFO     | t=583.5: WORKSHOP[WS_01] → Released, notifying 0 waiting processes
09:49:12 | INFO     | t=583.5: DISPATCHER → Assigned loco LOCO_02 to retrofitted_to_parking (waited 5.0 min, pending=0)
09:49:12 | INFO     | t=583.5: LOCO[LOCO_02] → Allocated for parking transport
09:49:12 | INFO     | t=588.5: LOCO[LOCO_02] → TRAIN_PREP at retrofitted (coupling + prep, 2.0 min)
09:49:12 | INFO     | t=624.0: LOCO[LOCO_01] → DECOUPLING at retrofit (6.0 min)
09:49:12 | INFO     | t=624.0: WAGON[W12394] → Retrieved from retrofit queue
09:49:12 | INFO     | t=624.0: WORKSHOP[WS_01] → Selected for batch
09:49:12 | INFO     | t=624.0: WAGON[W9278] → Added to batch
09:49:12 | INFO     | t=624.0: BATCH[W12394,W9278] → Formed 2 wagons for WS_01
09:49:12 | INFO     | t=624.0: TRACK[retrofit] → Removed 2 wagons (38.7m freed)
09:49:12 | INFO     | t=624.0: DISPATCHER → Task submitted: retrofit_to_workshop (pending=1)
09:49:12 | INFO     | t=630.0: RAKE[W12394,W9278] → DECOUPLING at retrofit (1 couplings, 3.0 min)
09:49:12 | INFO     | t=638.0: DISPATCHER → Assigned loco LOCO_01 to retrofit_to_workshop (waited 14.0 min, pending=0)
09:49:12 | INFO     | t=638.0: RAKE[W12394,W9278] → COUPLING at retrofit (1 couplings, 2.0 min)
09:49:12 | INFO     | t=638.0: COLLECTION → Reserving retrofit track capacity for 4 wagons
09:49:12 | INFO     | t=638.0: COLLECTION → Capacity reserved, allocating locomotive
09:49:12 | INFO     | t=638.0: DISPATCHER → Task submitted: collection_to_retrofit (pending=1)
09:49:12 | INFO     | t=645.0: LOCO[LOCO_01] → COUPLING at retrofit (2.0 min)
09:49:12 | INFO     | t=647.0: LOCO[LOCO_01] → SHUNTING_PREP at retrofit (1.0 min)
09:49:12 | INFO     | t=653.0: LOCO[LOCO_01] → DECOUPLING at WS_01 (3.0 min)
09:49:12 | INFO     | t=656.0: RAKE[W12394,W9278] → DECOUPLING at WS_01 (1 couplings, 3.0 min)
09:49:12 | INFO     | t=659.0: WAGON[W12394] → RETROFIT_STARTED at WS_01
09:49:12 | INFO     | t=659.0: WAGON[W9278] → RETROFIT_STARTED at WS_01
09:49:12 | INFO     | t=664.0: DISPATCHER → Assigned loco LOCO_01 to collection_to_retrofit (waited 26.0 min, pending=0)
09:49:12 | INFO     | EVENT_PUBLISHED: TrainArrivedEvent | train=T5 | time=672.8
09:49:12 | INFO     | EVENT_HANDLING: TrainArrivedEvent -> RetrofitWorkshopContext._handle_train_arrived
09:49:12 | INFO     | EVENT_HANDLED: TrainArrivedEvent by RetrofitWorkshopContext._handle_train_arrived
09:49:12 | INFO     | t=710.5: LOCO[LOCO_02] → DECOUPLING at parking16 (1.0 min)
09:49:12 | INFO     | t=711.5: RAKE[W11188,W10437] → DECOUPLING at parking16 (1 couplings, 0.5 min)
09:49:12 | INFO     | EVENT_PUBLISHED: TrainArrivedEvent | train=T6 | time=715.0
09:49:12 | INFO     | EVENT_HANDLING: TrainArrivedEvent -> RetrofitWorkshopContext._handle_train_arrived
09:49:12 | INFO     | EVENT_HANDLED: TrainArrivedEvent by RetrofitWorkshopContext._handle_train_arrived
09:49:12 | INFO     | t=719.0: RAKE[W12394,W9278] → COUPLING at WS_01 (1 couplings, 0.5 min)
09:49:12 | INFO     | t=719.5: LOCO → Allocating for pickup from WS_01
09:49:12 | INFO     | t=719.5: DISPATCHER → Task submitted: workshop_to_retrofitted (pending=1)
09:49:12 | INFO     | t=724.0: LOCO[LOCO_01] → TRAIN_PREP at collection (coupling + prep, 9.0 min)
09:49:12 | INFO     | EVENT_PUBLISHED: TrainArrivedEvent | train=T7 | time=724.5
09:49:12 | INFO     | EVENT_HANDLING: TrainArrivedEvent -> RetrofitWorkshopContext._handle_train_arrived
09:49:12 | INFO     | EVENT_HANDLED: TrainArrivedEvent by RetrofitWorkshopContext._handle_train_arrived
09:49:12 | INFO     | EVENT_PUBLISHED: TrainArrivedEvent | train=T8 | time=725.0
09:49:12 | INFO     | EVENT_HANDLING: TrainArrivedEvent -> RetrofitWorkshopContext._handle_train_arrived
09:49:12 | INFO     | EVENT_HANDLED: TrainArrivedEvent by RetrofitWorkshopContext._handle_train_arrived
09:49:12 | INFO     | EVENT_PUBLISHED: TrainArrivedEvent | train=T9 | time=753.2
09:49:12 | INFO     | EVENT_HANDLING: TrainArrivedEvent -> RetrofitWorkshopContext._handle_train_arrived
09:49:12 | INFO     | EVENT_HANDLED: TrainArrivedEvent by RetrofitWorkshopContext._handle_train_arrived
09:49:12 | INFO     | t=772.0: LOCO[LOCO_02] → Releasing
09:49:12 | INFO     | t=772.0: LOCO[LOCO_02] → Released
09:49:12 | INFO     | t=772.0: DISPATCHER → Assigned loco LOCO_02 to workshop_to_retrofitted (waited 52.5 min, pending=0)
09:49:12 | INFO     | t=772.0: LOCO[LOCO_02] → Allocated for pickup
09:49:12 | INFO     | t=779.0: LOCO[LOCO_02] → TRAIN_PREP completed at WS_01 (2.0 min)
09:49:12 | INFO     | t=784.0: BATCH → Putting 2 wagons on retrofitted track retrofitted
09:49:12 | INFO     | t=784.0: WAGON[W12394] → Added to retrofitted track retrofitted
09:49:12 | INFO     | t=784.0: WAGON[W9278] → Added to retrofitted track retrofitted
09:49:12 | INFO     | t=784.0: PARKING → Got wagon W12394 from retrofitted
09:49:12 | INFO     | t=784.0: LOCO → Allocating for parking transport
09:49:12 | INFO     | t=784.0: DISPATCHER → Task submitted: retrofitted_to_parking (pending=1)
09:49:12 | INFO     | EVENT_PUBLISHED: TrainArrivedEvent | train=T10 | time=785.5
09:49:12 | INFO     | EVENT_HANDLING: TrainArrivedEvent -> RetrofitWorkshopContext._handle_train_arrived
09:49:12 | INFO     | EVENT_HANDLED: TrainArrivedEvent by RetrofitWorkshopContext._handle_train_arrived
09:49:12 | INFO     | t=789.0: WORKSHOP[WS_01] → Released, notifying 0 waiting processes
09:49:12 | INFO     | t=793.0: LOCO[LOCO_01] → DECOUPLING at retrofit (12.0 min)
09:49:12 | INFO     | t=793.0: WAGON[W3926] → Retrieved from retrofit queue
09:49:12 | INFO     | t=793.0: WORKSHOP[WS_01] → Selected for batch
09:49:12 | INFO     | t=793.0: WAGON[W5834] → Added to batch
09:49:12 | INFO     | t=793.0: BATCH[W3926,W5834] → Formed 2 wagons for WS_01
09:49:12 | INFO     | t=793.0: TRACK[retrofit] → Removed 2 wagons (33.9m freed)
09:49:12 | INFO     | t=793.0: DISPATCHER → Task submitted: retrofit_to_workshop (pending=2)
09:49:12 | INFO     | t=793.0: DISPATCHER → Assigned loco LOCO_02 to retrofit_to_workshop (waited 0.0 min, pending=1)
09:49:12 | INFO     | t=793.0: RAKE[W3926,W5834] → COUPLING at retrofit (1 couplings, 2.0 min)
09:49:12 | INFO     | t=793.0: WAGON[W9460] → Retrieved from retrofit queue
09:49:12 | INFO     | t=793.0: WORKSHOP[WS_02] → Selected for batch
09:49:12 | INFO     | t=793.0: WAGON[W9445] → Added to batch
09:49:12 | INFO     | t=793.0: BATCH[W9460,W9445] → Formed 2 wagons for WS_02
09:49:12 | INFO     | t=793.0: TRACK[retrofit] → Removed 2 wagons (29.9m freed)
09:49:12 | INFO     | t=793.0: DISPATCHER → Task submitted: retrofit_to_workshop (pending=2)
09:49:12 | INFO     | t=800.0: LOCO[LOCO_02] → COUPLING at retrofit (2.0 min)
09:49:12 | INFO     | t=802.0: LOCO[LOCO_02] → SHUNTING_PREP at retrofit (1.0 min)
09:49:12 | INFO     | t=805.0: RAKE[W3926,W5834,W9460,W9445] → DECOUPLING at retrofit (3 couplings, 9.0 min)
09:49:12 | INFO     | t=808.0: LOCO[LOCO_02] → DECOUPLING at WS_01 (3.0 min)
09:49:12 | INFO     | t=811.0: RAKE[W3926,W5834] → DECOUPLING at WS_01 (1 couplings, 3.0 min)
09:49:12 | INFO     | t=814.0: WAGON[W3926] → RETROFIT_STARTED at WS_01
09:49:12 | INFO     | t=814.0: WAGON[W5834] → RETROFIT_STARTED at WS_01
09:49:12 | INFO     | t=819.0: DISPATCHER → Assigned loco LOCO_01 to retrofit_to_workshop (waited 26.0 min, pending=1)
09:49:12 | INFO     | t=819.0: RAKE[W9460,W9445] → COUPLING at retrofit (1 couplings, 2.0 min)
09:49:12 | INFO     | t=819.0: COLLECTION → Reserving retrofit track capacity for 16 wagons
09:49:12 | INFO     | t=819.0: COLLECTION → Capacity reserved, allocating locomotive
09:49:12 | INFO     | t=819.0: DISPATCHER → Task submitted: collection_to_retrofit (pending=2)
09:49:12 | INFO     | t=826.0: LOCO[LOCO_01] → COUPLING at retrofit (2.0 min)
09:49:12 | INFO     | t=828.0: LOCO[LOCO_01] → SHUNTING_PREP at retrofit (1.0 min)
09:49:12 | INFO     | t=829.0: DISPATCHER → Hold override for retrofitted_to_parking (waited 45.0 min >= max 45.0 min)
09:49:12 | INFO     | t=829.0: DISPATCHER → Hold override for retrofitted_to_parking (waited 45.0 min >= max 45.0 min)
09:49:12 | INFO     | t=829.0: DISPATCHER → Assigned loco LOCO_02 to retrofitted_to_parking (waited 45.0 min, pending=1)
09:49:12 | INFO     | t=829.0: LOCO[LOCO_02] → Allocated for parking transport
09:49:12 | INFO     | t=834.0: LOCO[LOCO_01] → DECOUPLING at WS_02 (3.0 min)
09:49:12 | INFO     | t=834.0: LOCO[LOCO_02] → TRAIN_PREP at retrofitted (coupling + prep, 2.0 min)
09:49:12 | INFO     | t=837.0: RAKE[W9460,W9445] → DECOUPLING at WS_02 (1 couplings, 3.0 min)
09:49:12 | INFO     | t=840.0: WAGON[W9460] → RETROFIT_STARTED at WS_02
09:49:12 | INFO     | t=840.0: WAGON[W9445] → RETROFIT_STARTED at WS_02
09:49:12 | INFO     | t=849.0: DISPATCHER → Hold override for collection_to_retrofit (waited 30.0 min >= max 30.0 min)
09:49:12 | INFO     | t=849.0: DISPATCHER → Hold override for collection_to_retrofit (waited 30.0 min >= max 30.0 min)
09:49:12 | INFO     | t=849.0: DISPATCHER → Assigned loco LOCO_01 to collection_to_retrofit (waited 30.0 min, pending=0)
09:49:12 | INFO     | EVENT_PUBLISHED: TrainArrivedEvent | train=T11 | time=866.0
09:49:12 | INFO     | EVENT_HANDLING: TrainArrivedEvent -> RetrofitWorkshopContext._handle_train_arrived
09:49:12 | INFO     | EVENT_HANDLED: TrainArrivedEvent by RetrofitWorkshopContext._handle_train_arrived
09:49:12 | INFO     | t=874.0: RAKE[W3926,W5834] → COUPLING at WS_01 (1 couplings, 0.5 min)
09:49:12 | INFO     | t=874.5: LOCO → Allocating for pickup from WS_01
09:49:12 | INFO     | t=874.5: DISPATCHER → Task submitted: workshop_to_retrofitted (pending=1)
09:49:12 | INFO     | EVENT_PUBLISHED: TrainArrivedEvent | train=T12 | time=894.8
09:49:12 | INFO     | EVENT_HANDLING: TrainArrivedEvent -> RetrofitWorkshopContext._handle_train_arrived
09:49:12 | INFO     | EVENT_HANDLED: TrainArrivedEvent by RetrofitWorkshopContext._handle_train_arrived
09:49:12 | INFO     | t=900.0: RAKE[W9460,W9445] → COUPLING at WS_02 (1 couplings, 0.5 min)
09:49:12 | INFO     | t=900.5: LOCO → Allocating for pickup from WS_02
09:49:12 | INFO     | t=900.5: DISPATCHER → Task submitted: workshop_to_retrofitted (pending=2)
09:49:12 | INFO     | t=909.0: LOCO[LOCO_01] → TRAIN_PREP at collection (coupling + prep, 33.0 min)
09:49:12 | INFO     | t=956.0: LOCO[LOCO_02] → DECOUPLING at parking16 (1.0 min)
09:49:12 | INFO     | t=957.0: RAKE[W12394,W9278] → DECOUPLING at parking16 (1 couplings, 0.5 min)
09:49:12 | INFO     | t=1002.0: LOCO[LOCO_01] → DECOUPLING at retrofit (48.0 min)
09:49:12 | INFO     | t=1002.0: WAGON[W10704] → Retrieved from retrofit queue
09:49:12 | INFO     | t=1002.0: WORKSHOP → No workshop available, waiting...
09:49:12 | INFO     | t=1017.5: LOCO[LOCO_02] → Releasing
09:49:12 | INFO     | t=1017.5: LOCO[LOCO_02] → Released
09:49:12 | INFO     | t=1017.5: DISPATCHER → Assigned loco LOCO_02 to workshop_to_retrofitted (waited 143.0 min, pending=1)
09:49:12 | INFO     | t=1017.5: LOCO[LOCO_02] → Allocated for pickup
09:49:12 | INFO     | t=1024.5: LOCO[LOCO_02] → TRAIN_PREP completed at WS_01 (2.0 min)
09:49:12 | INFO     | t=1029.5: BATCH → Putting 2 wagons on retrofitted track retrofitted
09:49:12 | INFO     | t=1029.5: WAGON[W3926] → Added to retrofitted track retrofitted
09:49:12 | INFO     | t=1029.5: WAGON[W5834] → Added to retrofitted track retrofitted
09:49:12 | INFO     | t=1029.5: PARKING → Got wagon W3926 from retrofitted
09:49:12 | INFO     | t=1029.5: LOCO → Allocating for parking transport
09:49:12 | INFO     | t=1029.5: DISPATCHER → Task submitted: retrofitted_to_parking (pending=2)
09:49:12 | INFO     | t=1034.5: WORKSHOP[WS_01] → Released, notifying 1 waiting processes
09:49:12 | INFO     | t=1034.5: WORKSHOP → Workshop became available
09:49:12 | INFO     | t=1034.5: WORKSHOP[WS_01] → Selected for batch
09:49:12 | INFO     | t=1034.5: DISPATCHER → Assigned loco LOCO_02 to workshop_to_retrofitted (waited 134.0 min, pending=1)
09:49:12 | INFO     | t=1034.5: WAGON[W3675] → Added to batch
09:49:12 | INFO     | t=1034.5: BATCH[W10704,W3675] → Formed 2 wagons for WS_01
09:49:12 | INFO     | t=1034.5: LOCO[LOCO_02] → Allocated for pickup
09:49:12 | INFO     | t=1034.5: TRACK[retrofit] → Removed 2 wagons (33.9m freed)
09:49:12 | INFO     | t=1034.5: DISPATCHER → Task submitted: retrofit_to_workshop (pending=2)
09:49:12 | INFO     | t=1041.5: LOCO[LOCO_02] → TRAIN_PREP completed at WS_02 (2.0 min)
09:49:12 | INFO     | t=1046.5: BATCH → Putting 2 wagons on retrofitted track retrofitted
09:49:12 | INFO     | t=1046.5: WAGON[W9460] → Added to retrofitted track retrofitted
09:49:12 | INFO     | t=1046.5: WAGON[W9445] → Added to retrofitted track retrofitted
09:49:12 | INFO     | t=1050.0: RAKE[W10704,W3675,W7132,W8934,W6253,W7747,W10546,W7222,W0689,W11268,W11509,W6557,W10356,W6006,W4440,W10383] → DECOUPLING at retrofit (15 couplings, 45.0 min)
09:49:12 | INFO     | EVENT_PUBLISHED: TrainArrivedEvent | train=T13 | time=1051.2
09:49:12 | INFO     | EVENT_HANDLING: TrainArrivedEvent -> RetrofitWorkshopContext._handle_train_arrived
09:49:12 | INFO     | EVENT_HANDLED: TrainArrivedEvent by RetrofitWorkshopContext._handle_train_arrived
09:49:12 | INFO     | t=1051.5: WORKSHOP[WS_02] → Released, notifying 0 waiting processes
09:49:12 | INFO     | t=1051.5: DISPATCHER → Assigned loco LOCO_02 to retrofit_to_workshop (waited 17.0 min, pending=1)
09:49:12 | INFO     | t=1051.5: RAKE[W10704,W3675] → COUPLING at retrofit (1 couplings, 2.0 min)
09:49:12 | INFO     | t=1051.5: WAGON[W7132] → Retrieved from retrofit queue
09:49:12 | INFO     | t=1051.5: WORKSHOP[WS_02] → Selected for batch
09:49:12 | INFO     | t=1051.5: WAGON[W8934] → Added to batch
09:49:12 | INFO     | t=1051.5: BATCH[W7132,W8934] → Formed 2 wagons for WS_02
09:49:12 | INFO     | t=1051.5: TRACK[retrofit] → Removed 2 wagons (34.1m freed)
09:49:12 | INFO     | t=1051.5: DISPATCHER → Task submitted: retrofit_to_workshop (pending=2)
09:49:12 | INFO     | t=1058.5: LOCO[LOCO_02] → COUPLING at retrofit (2.0 min)
09:49:12 | INFO     | t=1060.5: LOCO[LOCO_02] → SHUNTING_PREP at retrofit (1.0 min)
09:49:12 | INFO     | t=1066.5: LOCO[LOCO_02] → DECOUPLING at WS_01 (3.0 min)
09:49:12 | INFO     | t=1069.5: RAKE[W10704,W3675] → DECOUPLING at WS_01 (1 couplings, 3.0 min)
09:49:12 | INFO     | t=1072.5: WAGON[W10704] → RETROFIT_STARTED at WS_01
09:49:12 | INFO     | t=1072.5: WAGON[W3675] → RETROFIT_STARTED at WS_01
09:49:12 | INFO     | t=1077.5: DISPATCHER → Hold override for retrofitted_to_parking (waited 48.0 min >= max 45.0 min)
09:49:12 | INFO     | t=1077.5: DISPATCHER → Assigned loco LOCO_02 to retrofit_to_workshop (waited 26.0 min, pending=1)
09:49:12 | INFO     | t=1077.5: DISPATCHER → Hold override for retrofitted_to_parking (waited 48.0 min >= max 45.0 min)
09:49:12 | INFO     | t=1077.5: RAKE[W7132,W8934] → COUPLING at retrofit (1 couplings, 2.0 min)
09:49:12 | INFO     | t=1077.5: WAGON[W6253] → Retrieved from retrofit queue
09:49:12 | INFO     | t=1077.5: WORKSHOP → No workshop available, waiting...
09:49:12 | INFO     | t=1084.5: LOCO[LOCO_02] → COUPLING at retrofit (2.0 min)
09:49:12 | INFO     | t=1086.5: LOCO[LOCO_02] → SHUNTING_PREP at retrofit (1.0 min)
09:49:12 | INFO     | EVENT_PUBLISHED: TrainArrivedEvent | train=T14 | time=1088.8
09:49:12 | INFO     | EVENT_HANDLING: TrainArrivedEvent -> RetrofitWorkshopContext._handle_train_arrived
09:49:12 | INFO     | EVENT_HANDLED: TrainArrivedEvent by RetrofitWorkshopContext._handle_train_arrived
09:49:12 | INFO     | t=1092.5: LOCO[LOCO_02] → DECOUPLING at WS_02 (3.0 min)
09:49:12 | INFO     | t=1095.5: RAKE[W7132,W8934] → DECOUPLING at WS_02 (1 couplings, 3.0 min)
09:49:12 | INFO     | t=1098.5: WAGON[W7132] → RETROFIT_STARTED at WS_02
09:49:12 | INFO     | t=1098.5: WAGON[W8934] → RETROFIT_STARTED at WS_02
09:49:12 | INFO     | t=1100.0: DISPATCHER → Hold override for retrofitted_to_parking (waited 70.5 min >= max 45.0 min)
09:49:12 | INFO     | t=1100.0: DISPATCHER → Assigned loco LOCO_01 to retrofitted_to_parking (waited 70.5 min, pending=0)
09:49:12 | INFO     | t=1100.0: LOCO[LOCO_01] → Allocated for parking transport
09:49:12 | INFO     | t=1100.0: Batch size limited by retrofit capacity: 6 wagons (89.0m) fits, 13 waiting
09:49:12 | INFO     | t=1100.0: COLLECTION → Reserving retrofit track capacity for 6 wagons
09:49:12 | INFO     | t=1100.0: COLLECTION → Capacity reserved, allocating locomotive
09:49:12 | INFO     | t=1100.0: DISPATCHER → Task submitted: collection_to_retrofit (pending=1)
09:49:12 | INFO     | t=1105.0: LOCO[LOCO_01] → TRAIN_PREP at retrofitted (coupling + prep, 2.0 min)
09:49:12 | INFO     | t=1130.0: DISPATCHER → Hold override for collection_to_retrofit (waited 30.0 min >= max 30.0 min)
09:49:12 | INFO     | t=1130.0: DISPATCHER → Hold override for collection_to_retrofit (waited 30.0 min >= max 30.0 min)
09:49:12 | INFO     | t=1130.0: DISPATCHER → Assigned loco LOCO_02 to collection_to_retrofit (waited 30.0 min, pending=0)
09:49:12 | INFO     | t=1132.5: RAKE[W10704,W3675] → COUPLING at WS_01 (1 couplings, 0.5 min)
09:49:12 | INFO     | t=1133.0: LOCO → Allocating for pickup from WS_01
09:49:12 | INFO     | t=1133.0: DISPATCHER → Task submitted: workshop_to_retrofitted (pending=1)
09:49:12 | INFO     | t=1158.5: RAKE[W7132,W8934] → COUPLING at WS_02 (1 couplings, 0.5 min)
09:49:12 | INFO     | t=1159.0: LOCO → Allocating for pickup from WS_02
09:49:12 | INFO     | t=1159.0: DISPATCHER → Task submitted: workshop_to_retrofitted (pending=2)
09:49:12 | INFO     | t=1190.0: LOCO[LOCO_02] → TRAIN_PREP at collection (coupling + prep, 13.0 min)
09:49:12 | INFO     | t=1227.0: LOCO[LOCO_01] → DECOUPLING at parking16 (1.0 min)
09:49:12 | INFO     | t=1228.0: RAKE[W3926,W5834] → DECOUPLING at parking16 (1 couplings, 0.5 min)
09:49:12 | INFO     | t=1263.0: LOCO[LOCO_02] → DECOUPLING at retrofit (18.0 min)
09:49:12 | INFO     | t=1281.0: RAKE[W2238,W0047,W0049,W2535,W7970,W4849] → DECOUPLING at retrofit (5 couplings, 15.0 min)
09:49:12 | INFO     | t=1288.5: LOCO[LOCO_01] → Releasing
09:49:12 | INFO     | t=1288.5: LOCO[LOCO_01] → Released
09:49:12 | INFO     | t=1288.5: PARKING → Got wagon W9460 from retrofitted
09:49:12 | INFO     | t=1288.5: DISPATCHER → Assigned loco LOCO_01 to workshop_to_retrofitted (waited 155.5 min, pending=1)
09:49:12 | INFO     | t=1288.5: LOCO → Allocating for parking transport
09:49:12 | INFO     | t=1288.5: DISPATCHER → Task submitted: retrofitted_to_parking (pending=2)
09:49:12 | INFO     | t=1288.5: LOCO[LOCO_01] → Allocated for pickup
09:49:12 | INFO     | t=1295.5: LOCO[LOCO_01] → TRAIN_PREP completed at WS_01 (2.0 min)
09:49:12 | INFO     | t=1300.5: BATCH → Putting 2 wagons on retrofitted track retrofitted
09:49:12 | INFO     | t=1300.5: WAGON[W10704] → Added to retrofitted track retrofitted
09:49:12 | INFO     | t=1300.5: WAGON[W3675] → Added to retrofitted track retrofitted
09:49:12 | INFO     | t=1301.0: Batch size limited by retrofit capacity: 1 wagons (23.2m) fits, 12 waiting
09:49:12 | INFO     | t=1301.0: DISPATCHER → Assigned loco LOCO_02 to workshop_to_retrofitted (waited 142.0 min, pending=1)
09:49:12 | INFO     | t=1301.0: COLLECTION → Reserving retrofit track capacity for 1 wagons
09:49:12 | INFO     | t=1301.0: LOCO[LOCO_02] → Allocated for pickup
09:49:12 | INFO     | t=1305.5: WORKSHOP[WS_01] → Released, notifying 1 waiting processes
09:49:12 | INFO     | t=1305.5: WORKSHOP → Workshop became available
09:49:12 | INFO     | t=1305.5: WORKSHOP[WS_01] → Selected for batch
09:49:12 | INFO     | t=1305.5: DISPATCHER → Assigned loco LOCO_01 to retrofitted_to_parking (waited 17.0 min, pending=0)
09:49:12 | INFO     | t=1305.5: WAGON[W7747] → Added to batch
09:49:12 | INFO     | t=1305.5: BATCH[W6253,W7747] → Formed 2 wagons for WS_01
09:49:12 | INFO     | t=1305.5: LOCO[LOCO_01] → Allocated for parking transport
09:49:12 | INFO     | t=1305.5: TRACK[retrofit] → Removed 2 wagons (30.0m freed)
09:49:12 | INFO     | t=1305.5: DISPATCHER → Task submitted: retrofit_to_workshop (pending=1)
09:49:12 | INFO     | t=1305.5: COLLECTION → Capacity reserved, allocating locomotive
09:49:12 | INFO     | t=1305.5: DISPATCHER → Task submitted: collection_to_retrofit (pending=2)
09:49:12 | INFO     | t=1308.0: LOCO[LOCO_02] → TRAIN_PREP completed at WS_02 (2.0 min)
09:49:12 | INFO     | t=1310.5: LOCO[LOCO_01] → TRAIN_PREP at retrofitted (coupling + prep, 2.0 min)
09:49:12 | INFO     | t=1313.0: BATCH → Putting 2 wagons on retrofitted track retrofitted
09:49:12 | INFO     | t=1313.0: WAGON[W7132] → Added to retrofitted track retrofitted
09:49:12 | INFO     | t=1313.0: WAGON[W8934] → Added to retrofitted track retrofitted
09:49:12 | INFO     | t=1318.0: WORKSHOP[WS_02] → Released, notifying 0 waiting processes
09:49:12 | INFO     | t=1318.0: DISPATCHER → Assigned loco LOCO_02 to retrofit_to_workshop (waited 12.5 min, pending=1)
09:49:12 | INFO     | t=1318.0: RAKE[W6253,W7747] → COUPLING at retrofit (1 couplings, 2.0 min)
09:49:12 | INFO     | t=1318.0: WAGON[W10546] → Retrieved from retrofit queue
09:49:12 | INFO     | t=1318.0: WORKSHOP[WS_02] → Selected for batch
09:49:12 | INFO     | t=1318.0: WAGON[W7222] → Added to batch
09:49:12 | INFO     | t=1318.0: BATCH[W10546,W7222] → Formed 2 wagons for WS_02
09:49:12 | INFO     | t=1318.0: TRACK[retrofit] → Removed 2 wagons (31.2m freed)
09:49:12 | INFO     | t=1318.0: DISPATCHER → Task submitted: retrofit_to_workshop (pending=2)
09:49:12 | INFO     | t=1325.0: LOCO[LOCO_02] → COUPLING at retrofit (2.0 min)
09:49:12 | INFO     | t=1327.0: LOCO[LOCO_02] → SHUNTING_PREP at retrofit (1.0 min)
09:49:12 | INFO     | t=1333.0: LOCO[LOCO_02] → DECOUPLING at WS_01 (3.0 min)
09:49:12 | INFO     | t=1336.0: RAKE[W6253,W7747] → DECOUPLING at WS_01 (1 couplings, 3.0 min)
09:49:12 | INFO     | t=1339.0: WAGON[W6253] → RETROFIT_STARTED at WS_01
09:49:12 | INFO     | t=1339.0: WAGON[W7747] → RETROFIT_STARTED at WS_01
09:49:12 | INFO     | t=1344.0: DISPATCHER → Hold override for collection_to_retrofit (waited 38.5 min >= max 30.0 min)
09:49:12 | INFO     | t=1344.0: DISPATCHER → Assigned loco LOCO_02 to retrofit_to_workshop (waited 26.0 min, pending=1)
09:49:12 | INFO     | t=1344.0: DISPATCHER → Hold override for collection_to_retrofit (waited 38.5 min >= max 30.0 min)
09:49:12 | INFO     | t=1344.0: RAKE[W10546,W7222] → COUPLING at retrofit (1 couplings, 2.0 min)
09:49:12 | INFO     | t=1344.0: WAGON[W0689] → Retrieved from retrofit queue
09:49:12 | INFO     | t=1344.0: WORKSHOP → No workshop available, waiting...
09:49:12 | INFO     | t=1351.0: LOCO[LOCO_02] → COUPLING at retrofit (2.0 min)
09:49:12 | INFO     | t=1353.0: LOCO[LOCO_02] → SHUNTING_PREP at retrofit (1.0 min)
09:49:12 | INFO     | t=1359.0: LOCO[LOCO_02] → DECOUPLING at WS_02 (3.0 min)
09:49:12 | INFO     | t=1362.0: RAKE[W10546,W7222] → DECOUPLING at WS_02 (1 couplings, 3.0 min)
09:49:12 | INFO     | t=1365.0: WAGON[W10546] → RETROFIT_STARTED at WS_02
09:49:12 | INFO     | t=1365.0: WAGON[W7222] → RETROFIT_STARTED at WS_02
09:49:12 | INFO     | t=1370.0: DISPATCHER → Hold override for collection_to_retrofit (waited 64.5 min >= max 30.0 min)
09:49:12 | INFO     | t=1370.0: DISPATCHER → Assigned loco LOCO_02 to collection_to_retrofit (waited 64.5 min, pending=0)
09:49:12 | INFO     | t=1399.0: RAKE[W6253,W7747] → COUPLING at WS_01 (1 couplings, 0.5 min)
09:49:12 | INFO     | t=1399.5: LOCO → Allocating for pickup from WS_01
09:49:12 | INFO     | t=1399.5: DISPATCHER → Task submitted: workshop_to_retrofitted (pending=1)
09:49:12 | INFO     | t=1425.0: RAKE[W10546,W7222] → COUPLING at WS_02 (1 couplings, 0.5 min)
09:49:12 | INFO     | t=1425.5: LOCO → Allocating for pickup from WS_02
09:49:12 | INFO     | t=1425.5: DISPATCHER → Task submitted: workshop_to_retrofitted (pending=2)
09:49:12 | INFO     | t=1430.0: LOCO[LOCO_02] → TRAIN_PREP at collection (coupling + prep, 3.0 min)
09:49:12 | INFO     | t=1432.5: LOCO[LOCO_01] → DECOUPLING at parking16 (1.0 min)
09:49:12 | INFO     | t=1433.5: RAKE[W9460,W9445] → DECOUPLING at parking16 (1 couplings, 0.5 min)
09:49:12 | INFO     | EVENT_PUBLISHED: TrainArrivedEvent | train=T15 | time=1479.0
09:49:12 | INFO     | EVENT_HANDLING: TrainArrivedEvent -> RetrofitWorkshopContext._handle_train_arrived
09:49:12 | INFO     | EVENT_HANDLED: TrainArrivedEvent by RetrofitWorkshopContext._handle_train_arrived
09:49:12 | INFO     | t=1493.0: LOCO[LOCO_02] → DECOUPLING at retrofit (3.0 min)
09:49:12 | INFO     | t=1494.0: LOCO[LOCO_01] → Releasing
09:49:12 | INFO     | t=1494.0: LOCO[LOCO_01] → Released
09:49:12 | INFO     | t=1494.0: PARKING → Got wagon W10704 from retrofitted
09:49:12 | INFO     | t=1494.0: DISPATCHER → Assigned loco LOCO_01 to workshop_to_retrofitted (waited 94.5 min, pending=1)
09:49:12 | INFO     | t=1494.0: LOCO[LOCO_01] → Allocated for pickup
09:49:12 | INFO     | t=1494.0: LOCO → Allocating for parking transport
09:49:12 | INFO     | t=1494.0: DISPATCHER → Task submitted: retrofitted_to_parking (pending=2)
09:49:12 | INFO     | t=1496.0: RAKE[W2967] → DECOUPLING at retrofit (0 couplings, 0.0 min)
09:49:12 | INFO     | t=1501.0: LOCO[LOCO_01] → TRAIN_PREP completed at WS_01 (2.0 min)
09:49:12 | INFO     | t=1501.0: DISPATCHER → Assigned loco LOCO_02 to workshop_to_retrofitted (waited 75.5 min, pending=1)
09:49:12 | INFO     | t=1501.0: Batch size limited by retrofit capacity: 2 wagons (46.5m) fits, 16 waiting
09:49:12 | INFO     | t=1501.0: LOCO[LOCO_02] → Allocated for pickup
09:49:12 | INFO     | t=1501.0: COLLECTION → Reserving retrofit track capacity for 2 wagons
09:49:12 | INFO     | t=1501.0: COLLECTION → Capacity reserved, allocating locomotive
09:49:12 | INFO     | t=1501.0: DISPATCHER → Task submitted: collection_to_retrofit (pending=2)
09:49:12 | INFO     | t=1506.0: BATCH → Putting 2 wagons on retrofitted track retrofitted
09:49:12 | INFO     | t=1506.0: WAGON[W6253] → Added to retrofitted track retrofitted
09:49:12 | INFO     | t=1506.0: WAGON[W7747] → Added to retrofitted track retrofitted
09:49:12 | INFO     | t=1508.0: LOCO[LOCO_02] → TRAIN_PREP completed at WS_02 (2.0 min)
09:49:12 | INFO     | EVENT_PUBLISHED: TrainArrivedEvent | train=T16 | time=1509.0
09:49:12 | INFO     | EVENT_HANDLING: TrainArrivedEvent -> RetrofitWorkshopContext._handle_train_arrived
09:49:12 | INFO     | EVENT_HANDLED: TrainArrivedEvent by RetrofitWorkshopContext._handle_train_arrived
09:49:12 | INFO     | t=1509.0: Batch size limited by retrofit capacity: 1 wagons (22.2m) fits, 1 waiting
09:49:12 | INFO     | t=1509.0: COLLECTION → Reserving retrofit track capacity for 1 wagons
09:49:12 | INFO     | t=1511.0: WORKSHOP[WS_01] → Released, notifying 1 waiting processes
09:49:12 | INFO     | t=1511.0: WORKSHOP → Workshop became available
09:49:12 | INFO     | t=1511.0: WORKSHOP[WS_01] → Selected for batch
09:49:12 | INFO     | t=1511.0: DISPATCHER → Assigned loco LOCO_01 to retrofitted_to_parking (waited 17.0 min, pending=1)
09:49:12 | INFO     | t=1511.0: WAGON[W11268] → Added to batch
09:49:12 | INFO     | t=1511.0: BATCH[W0689,W11268] → Formed 2 wagons for WS_01
09:49:12 | INFO     | t=1511.0: LOCO[LOCO_01] → Allocated for parking transport
09:49:12 | INFO     | t=1511.0: TRACK[retrofit] → Removed 2 wagons (41.3m freed)
09:49:12 | INFO     | t=1511.0: DISPATCHER → Task submitted: retrofit_to_workshop (pending=2)
09:49:12 | INFO     | t=1511.0: COLLECTION → Capacity reserved, allocating locomotive
09:49:12 | INFO     | t=1511.0: DISPATCHER → Task submitted: collection_to_retrofit (pending=3)
09:49:12 | INFO     | t=1513.0: BATCH → Putting 2 wagons on retrofitted track retrofitted
09:49:12 | INFO     | t=1513.0: WAGON[W10546] → Added to retrofitted track retrofitted
09:49:12 | INFO     | t=1513.0: WAGON[W7222] → Added to retrofitted track retrofitted
09:49:12 | INFO     | t=1516.0: LOCO[LOCO_01] → TRAIN_PREP at retrofitted (coupling + prep, 3.0 min)
09:49:12 | INFO     | t=1518.0: WORKSHOP[WS_02] → Released, notifying 0 waiting processes
09:49:12 | INFO     | t=1518.0: DISPATCHER → Assigned loco LOCO_02 to retrofit_to_workshop (waited 7.0 min, pending=2)
09:49:12 | INFO     | t=1518.0: RAKE[W0689,W11268] → COUPLING at retrofit (1 couplings, 2.0 min)
09:49:12 | INFO     | t=1518.0: WAGON[W11509] → Retrieved from retrofit queue
09:49:12 | INFO     | t=1518.0: WORKSHOP[WS_02] → Selected for batch
09:49:12 | INFO     | t=1518.0: WAGON[W6557] → Added to batch
09:49:12 | INFO     | t=1518.0: BATCH[W11509,W6557] → Formed 2 wagons for WS_02
09:49:12 | INFO     | t=1518.0: TRACK[retrofit] → Removed 2 wagons (42.1m freed)
09:49:12 | INFO     | t=1518.0: DISPATCHER → Task submitted: retrofit_to_workshop (pending=3)
09:49:12 | INFO     | t=1525.0: LOCO[LOCO_02] → COUPLING at retrofit (2.0 min)
09:49:12 | INFO     | t=1527.0: LOCO[LOCO_02] → SHUNTING_PREP at retrofit (1.0 min)
09:49:12 | INFO     | t=1533.0: LOCO[LOCO_02] → DECOUPLING at WS_01 (3.0 min)
09:49:12 | INFO     | t=1536.0: RAKE[W0689,W11268] → DECOUPLING at WS_01 (1 couplings, 3.0 min)
09:49:12 | INFO     | t=1539.0: WAGON[W0689] → RETROFIT_STARTED at WS_01
09:49:12 | INFO     | t=1539.0: WAGON[W11268] → RETROFIT_STARTED at WS_01
09:49:12 | INFO     | t=1544.0: DISPATCHER → Hold override for collection_to_retrofit (waited 43.0 min >= max 30.0 min)
09:49:12 | INFO     | t=1544.0: DISPATCHER → Hold override for collection_to_retrofit (waited 33.0 min >= max 30.0 min)
09:49:12 | INFO     | t=1544.0: DISPATCHER → Assigned loco LOCO_02 to retrofit_to_workshop (waited 26.0 min, pending=2)
09:49:12 | INFO     | t=1544.0: DISPATCHER → Hold override for collection_to_retrofit (waited 43.0 min >= max 30.0 min)
09:49:12 | INFO     | t=1544.0: RAKE[W11509,W6557] → COUPLING at retrofit (1 couplings, 2.0 min)
09:49:12 | INFO     | t=1544.0: WAGON[W10356] → Retrieved from retrofit queue
09:49:12 | INFO     | t=1544.0: WORKSHOP → No workshop available, waiting...
09:49:12 | INFO     | t=1551.0: LOCO[LOCO_02] → COUPLING at retrofit (2.0 min)
09:49:12 | INFO     | t=1553.0: LOCO[LOCO_02] → SHUNTING_PREP at retrofit (1.0 min)
09:49:12 | INFO     | t=1559.0: LOCO[LOCO_02] → DECOUPLING at WS_02 (3.0 min)
09:49:12 | INFO     | t=1562.0: RAKE[W11509,W6557] → DECOUPLING at WS_02 (1 couplings, 3.0 min)
09:49:12 | INFO     | t=1565.0: WAGON[W11509] → RETROFIT_STARTED at WS_02
09:49:12 | INFO     | t=1565.0: WAGON[W6557] → RETROFIT_STARTED at WS_02
09:49:12 | INFO     | t=1570.0: DISPATCHER → Hold override for collection_to_retrofit (waited 69.0 min >= max 30.0 min)
09:49:12 | INFO     | t=1570.0: DISPATCHER → Hold override for collection_to_retrofit (waited 59.0 min >= max 30.0 min)
09:49:12 | INFO     | t=1570.0: DISPATCHER → Assigned loco LOCO_02 to collection_to_retrofit (waited 69.0 min, pending=1)
09:49:12 | INFO     | t=1570.0: DISPATCHER → Hold override for collection_to_retrofit (waited 59.0 min >= max 30.0 min)
09:49:12 | INFO     | t=1599.0: RAKE[W0689,W11268] → COUPLING at WS_01 (1 couplings, 0.5 min)
09:49:12 | INFO     | t=1599.5: LOCO → Allocating for pickup from WS_01
09:49:12 | INFO     | t=1599.5: DISPATCHER → Task submitted: workshop_to_retrofitted (pending=2)
09:49:12 | INFO     | EVENT_PUBLISHED: TrainArrivedEvent | train=T17 | time=1602.5
09:49:12 | INFO     | EVENT_HANDLING: TrainArrivedEvent -> RetrofitWorkshopContext._handle_train_arrived
09:49:12 | INFO     | EVENT_HANDLED: TrainArrivedEvent by RetrofitWorkshopContext._handle_train_arrived
09:49:12 | INFO     | t=1625.0: RAKE[W11509,W6557] → COUPLING at WS_02 (1 couplings, 0.5 min)
09:49:12 | INFO     | t=1625.5: LOCO → Allocating for pickup from WS_02
09:49:12 | INFO     | t=1625.5: DISPATCHER → Task submitted: workshop_to_retrofitted (pending=3)
09:49:12 | INFO     | t=1630.0: LOCO[LOCO_02] → TRAIN_PREP at collection (coupling + prep, 5.0 min)
09:49:12 | INFO     | t=1639.0: LOCO[LOCO_01] → DECOUPLING at parking16 (2.0 min)
09:49:12 | INFO     | t=1641.0: RAKE[W10704,W3675,W7132,W8934] → DECOUPLING at parking16 (3 couplings, 1.5 min)
09:49:12 | INFO     | EVENT_PUBLISHED: TrainArrivedEvent | train=T18 | time=1687.2
09:49:12 | INFO     | EVENT_HANDLING: TrainArrivedEvent -> RetrofitWorkshopContext._handle_train_arrived
09:49:12 | INFO     | EVENT_HANDLED: TrainArrivedEvent by RetrofitWorkshopContext._handle_train_arrived
09:49:12 | INFO     | t=1695.0: LOCO[LOCO_02] → DECOUPLING at retrofit (6.0 min)
09:49:12 | INFO     | t=1701.0: RAKE[W9776,W12208] → DECOUPLING at retrofit (1 couplings, 3.0 min)
09:49:12 | INFO     | t=1702.5: LOCO[LOCO_01] → Releasing
09:49:12 | INFO     | t=1702.5: LOCO[LOCO_01] → Released
09:49:12 | INFO     | t=1702.5: PARKING → Got wagon W6253 from retrofitted
09:49:12 | INFO     | t=1702.5: DISPATCHER → Hold override for collection_to_retrofit (waited 191.5 min >= max 30.0 min)
09:49:12 | INFO     | t=1702.5: DISPATCHER → Assigned loco LOCO_01 to collection_to_retrofit (waited 191.5 min, pending=2)
09:49:12 | INFO     | t=1702.5: LOCO → Allocating for parking transport
09:49:12 | INFO     | t=1702.5: DISPATCHER → Task submitted: retrofitted_to_parking (pending=3)
09:49:12 | INFO     | t=1709.0: DISPATCHER → Assigned loco LOCO_02 to workshop_to_retrofitted (waited 109.5 min, pending=2)
09:49:12 | INFO     | t=1709.0: LOCO[LOCO_02] → Allocated for pickup
09:49:12 | INFO     | t=1709.0: Batch size limited by retrofit capacity: 3 wagons (53.8m) fits, 16 waiting
09:49:12 | INFO     | t=1709.0: COLLECTION → Reserving retrofit track capacity for 3 wagons
09:49:12 | INFO     | t=1709.0: COLLECTION → Capacity reserved, allocating locomotive
09:49:12 | INFO     | t=1709.0: DISPATCHER → Task submitted: collection_to_retrofit (pending=3)
09:49:12 | INFO     | t=1716.0: LOCO[LOCO_02] → TRAIN_PREP completed at WS_01 (2.0 min)
09:49:12 | INFO     | t=1721.0: BATCH → Putting 2 wagons on retrofitted track retrofitted
09:49:12 | INFO     | t=1721.0: WAGON[W0689] → Added to retrofitted track retrofitted
09:49:12 | INFO     | t=1721.0: WAGON[W11268] → Added to retrofitted track retrofitted
09:49:12 | INFO     | t=1726.0: WORKSHOP[WS_01] → Released, notifying 1 waiting processes
09:49:12 | INFO     | t=1726.0: WORKSHOP → Workshop became available
09:49:12 | INFO     | t=1726.0: WORKSHOP[WS_01] → Selected for batch
09:49:12 | INFO     | t=1726.0: DISPATCHER → Assigned loco LOCO_02 to workshop_to_retrofitted (waited 100.5 min, pending=2)
09:49:12 | INFO     | t=1726.0: WAGON[W6006] → Added to batch
09:49:12 | INFO     | t=1726.0: BATCH[W10356,W6006] → Formed 2 wagons for WS_01
09:49:12 | INFO     | t=1726.0: LOCO[LOCO_02] → Allocated for pickup
09:49:12 | INFO     | t=1726.0: TRACK[retrofit] → Removed 2 wagons (37.1m freed)
09:49:12 | INFO     | t=1726.0: DISPATCHER → Task submitted: retrofit_to_workshop (pending=3)
09:49:12 | INFO     | t=1733.0: LOCO[LOCO_02] → TRAIN_PREP completed at WS_02 (2.0 min)
09:49:12 | INFO     | t=1738.0: BATCH → Putting 2 wagons on retrofitted track retrofitted
09:49:12 | INFO     | t=1738.0: WAGON[W11509] → Added to retrofitted track retrofitted
09:49:12 | INFO     | t=1738.0: WAGON[W6557] → Added to retrofitted track retrofitted
09:49:12 | INFO     | t=1743.0: WORKSHOP[WS_02] → Released, notifying 0 waiting processes
09:49:12 | INFO     | t=1743.0: DISPATCHER → Hold override for collection_to_retrofit (waited 34.0 min >= max 30.0 min)
09:49:12 | INFO     | t=1743.0: DISPATCHER → Assigned loco LOCO_02 to retrofit_to_workshop (waited 17.0 min, pending=2)
09:49:12 | INFO     | t=1743.0: RAKE[W10356,W6006] → COUPLING at retrofit (1 couplings, 2.0 min)
09:49:12 | INFO     | t=1743.0: WAGON[W4440] → Retrieved from retrofit queue
09:49:12 | INFO     | t=1743.0: WORKSHOP[WS_02] → Selected for batch
09:49:12 | INFO     | t=1743.0: WAGON[W10383] → Added to batch
09:49:12 | INFO     | t=1743.0: BATCH[W4440,W10383] → Formed 2 wagons for WS_02
09:49:12 | INFO     | t=1743.0: TRACK[retrofit] → Removed 2 wagons (39.8m freed)
09:49:12 | INFO     | t=1743.0: DISPATCHER → Task submitted: retrofit_to_workshop (pending=3)
09:49:12 | INFO     | t=1750.0: LOCO[LOCO_02] → COUPLING at retrofit (2.0 min)
09:49:12 | INFO     | t=1752.0: LOCO[LOCO_02] → SHUNTING_PREP at retrofit (1.0 min)
09:49:12 | INFO     | t=1758.0: LOCO[LOCO_02] → DECOUPLING at WS_01 (3.0 min)
09:49:12 | INFO     | t=1761.0: RAKE[W10356,W6006] → DECOUPLING at WS_01 (1 couplings, 3.0 min)
09:49:12 | INFO     | t=1762.5: LOCO[LOCO_01] → TRAIN_PREP at collection (coupling + prep, 3.0 min)
09:49:12 | INFO     | t=1764.0: WAGON[W10356] → RETROFIT_STARTED at WS_01
09:49:12 | INFO     | t=1764.0: WAGON[W6006] → RETROFIT_STARTED at WS_01
09:49:12 | INFO     | EVENT_PUBLISHED: TrainArrivedEvent | train=T19 | time=1767.0
09:49:12 | INFO     | EVENT_HANDLING: TrainArrivedEvent -> RetrofitWorkshopContext._handle_train_arrived
09:49:12 | INFO     | EVENT_HANDLED: TrainArrivedEvent by RetrofitWorkshopContext._handle_train_arrived
09:49:12 | INFO     | t=1769.0: DISPATCHER → Hold override for retrofitted_to_parking (waited 66.5 min >= max 45.0 min)
09:49:12 | INFO     | t=1769.0: DISPATCHER → Hold override for collection_to_retrofit (waited 60.0 min >= max 30.0 min)
09:49:12 | INFO     | t=1769.0: DISPATCHER → Assigned loco LOCO_02 to retrofit_to_workshop (waited 26.0 min, pending=2)
09:49:12 | INFO     | t=1769.0: DISPATCHER → Hold override for retrofitted_to_parking (waited 66.5 min >= max 45.0 min)
09:49:12 | INFO     | t=1769.0: RAKE[W4440,W10383] → COUPLING at retrofit (1 couplings, 2.0 min)
09:49:12 | INFO     | t=1769.0: WAGON[W2238] → Retrieved from retrofit queue
09:49:12 | INFO     | t=1769.0: WORKSHOP → No workshop available, waiting...
09:49:12 | INFO     | t=1776.0: LOCO[LOCO_02] → COUPLING at retrofit (2.0 min)
09:49:12 | INFO     | t=1778.0: LOCO[LOCO_02] → SHUNTING_PREP at retrofit (1.0 min)
09:49:12 | INFO     | t=1784.0: LOCO[LOCO_02] → DECOUPLING at WS_02 (3.0 min)
09:49:12 | INFO     | t=1787.0: RAKE[W4440,W10383] → DECOUPLING at WS_02 (1 couplings, 3.0 min)
09:49:12 | INFO     | t=1790.0: WAGON[W4440] → RETROFIT_STARTED at WS_02
09:49:12 | INFO     | t=1790.0: WAGON[W10383] → RETROFIT_STARTED at WS_02
09:49:12 | INFO     | t=1795.0: DISPATCHER → Hold override for retrofitted_to_parking (waited 92.5 min >= max 45.0 min)
09:49:12 | INFO     | t=1795.0: DISPATCHER → Hold override for collection_to_retrofit (waited 86.0 min >= max 30.0 min)
09:49:12 | INFO     | t=1795.0: DISPATCHER → Assigned loco LOCO_02 to collection_to_retrofit (waited 86.0 min, pending=1)
09:49:12 | INFO     | t=1795.0: DISPATCHER → Hold override for retrofitted_to_parking (waited 92.5 min >= max 45.0 min)
09:49:12 | INFO     | t=1824.0: RAKE[W10356,W6006] → COUPLING at WS_01 (1 couplings, 0.5 min)
09:49:12 | INFO     | t=1824.5: LOCO → Allocating for pickup from WS_01
09:49:12 | INFO     | t=1824.5: DISPATCHER → Task submitted: workshop_to_retrofitted (pending=2)
09:49:12 | INFO     | t=1825.5: LOCO[LOCO_01] → DECOUPLING at retrofit (3.0 min)
09:49:12 | INFO     | t=1828.5: RAKE[W10130] → DECOUPLING at retrofit (0 couplings, 0.0 min)
09:49:12 | INFO     | t=1833.5: DISPATCHER → Hold override for retrofitted_to_parking (waited 131.0 min >= max 45.0 min)
09:49:12 | INFO     | t=1833.5: DISPATCHER → Assigned loco LOCO_01 to workshop_to_retrofitted (waited 9.0 min, pending=1)
09:49:12 | INFO     | t=1833.5: DISPATCHER → Hold override for retrofitted_to_parking (waited 131.0 min >= max 45.0 min)
09:49:12 | INFO     | t=1833.5: LOCO[LOCO_01] → Allocated for pickup
09:49:12 | INFO     | t=1833.5: Batch size limited by retrofit capacity: 3 wagons (64.1m) fits, 7 waiting
09:49:12 | INFO     | t=1833.5: COLLECTION → Reserving retrofit track capacity for 3 wagons
09:49:12 | INFO     | t=1833.5: COLLECTION → Capacity reserved, allocating locomotive
09:49:12 | INFO     | t=1833.5: DISPATCHER → Task submitted: collection_to_retrofit (pending=2)
09:49:12 | INFO     | t=1840.5: LOCO[LOCO_01] → TRAIN_PREP completed at WS_01 (2.0 min)
09:49:12 | INFO     | t=1845.5: BATCH → Putting 2 wagons on retrofitted track retrofitted
09:49:12 | INFO     | t=1845.5: WAGON[W10356] → Added to retrofitted track retrofitted
09:49:12 | INFO     | t=1845.5: WAGON[W6006] → Added to retrofitted track retrofitted
09:49:12 | INFO     | t=1850.0: RAKE[W4440,W10383] → COUPLING at WS_02 (1 couplings, 0.5 min)
09:49:12 | INFO     | t=1850.5: LOCO → Allocating for pickup from WS_02
09:49:12 | INFO     | t=1850.5: DISPATCHER → Task submitted: workshop_to_retrofitted (pending=3)
09:49:12 | INFO     | t=1850.5: WORKSHOP[WS_01] → Released, notifying 1 waiting processes
09:49:12 | INFO     | t=1850.5: WORKSHOP → Workshop became available
09:49:12 | INFO     | t=1850.5: WORKSHOP[WS_01] → Selected for batch
09:49:12 | INFO     | t=1850.5: DISPATCHER → Hold override for retrofitted_to_parking (waited 148.0 min >= max 45.0 min)
09:49:12 | INFO     | t=1850.5: DISPATCHER → Assigned loco LOCO_01 to retrofitted_to_parking (waited 148.0 min, pending=2)
09:49:12 | INFO     | t=1850.5: WAGON[W0047] → Added to batch
09:49:12 | INFO     | t=1850.5: BATCH[W2238,W0047] → Formed 2 wagons for WS_01
09:49:12 | INFO     | t=1850.5: LOCO[LOCO_01] → Allocated for parking transport
09:49:12 | INFO     | t=1850.5: TRACK[retrofit] → Removed 2 wagons (25.4m freed)
09:49:12 | INFO     | t=1850.5: DISPATCHER → Task submitted: retrofit_to_workshop (pending=3)
09:49:12 | INFO     | EVENT_PUBLISHED: TrainArrivedEvent | train=T20 | time=1853.5
09:49:12 | INFO     | EVENT_HANDLING: TrainArrivedEvent -> RetrofitWorkshopContext._handle_train_arrived
09:49:12 | INFO     | EVENT_HANDLED: TrainArrivedEvent by RetrofitWorkshopContext._handle_train_arrived
09:49:12 | INFO     | t=1855.0: LOCO[LOCO_02] → TRAIN_PREP at collection (coupling + prep, 7.0 min)
09:49:12 | INFO     | t=1855.5: LOCO[LOCO_01] → TRAIN_PREP at retrofitted (coupling + prep, 3.0 min)
09:49:12 | INFO     | EVENT_PUBLISHED: TrainArrivedEvent | train=T21 | time=1870.0
09:49:12 | INFO     | EVENT_HANDLING: TrainArrivedEvent -> RetrofitWorkshopContext._handle_train_arrived
09:49:12 | INFO     | EVENT_HANDLED: TrainArrivedEvent by RetrofitWorkshopContext._handle_train_arrived
09:49:12 | INFO     | t=1922.0: LOCO[LOCO_02] → DECOUPLING at retrofit (9.0 min)
09:49:12 | INFO     | t=1931.0: RAKE[W11348,W12037,W0440] → DECOUPLING at retrofit (2 couplings, 6.0 min)
09:49:12 | INFO     | t=1942.0: Batch size limited by retrofit capacity: 1 wagons (23.2m) fits, 18 waiting
09:49:12 | INFO     | t=1942.0: DISPATCHER → Hold override for collection_to_retrofit (waited 108.5 min >= max 30.0 min)
09:49:12 | INFO     | t=1942.0: DISPATCHER → Assigned loco LOCO_02 to retrofit_to_workshop (waited 91.5 min, pending=2)
09:49:12 | INFO     | t=1942.0: DISPATCHER → Hold override for collection_to_retrofit (waited 108.5 min >= max 30.0 min)
09:49:12 | INFO     | t=1942.0: COLLECTION → Reserving retrofit track capacity for 1 wagons
09:49:12 | INFO     | t=1942.0: RAKE[W2238,W0047] → COUPLING at retrofit (1 couplings, 2.0 min)
09:49:12 | INFO     | t=1942.0: COLLECTION → Capacity reserved, allocating locomotive
09:49:12 | INFO     | t=1942.0: DISPATCHER → Task submitted: collection_to_retrofit (pending=3)
09:49:12 | INFO     | t=1942.0: WAGON[W0049] → Retrieved from retrofit queue
09:49:12 | INFO     | t=1942.0: WORKSHOP → No workshop available, waiting...
09:49:12 | INFO     | t=1949.0: LOCO[LOCO_02] → COUPLING at retrofit (2.0 min)
09:49:12 | INFO     | t=1951.0: LOCO[LOCO_02] → SHUNTING_PREP at retrofit (1.0 min)
09:49:12 | INFO     | t=1957.0: LOCO[LOCO_02] → DECOUPLING at WS_01 (3.0 min)
09:49:12 | INFO     | t=1960.0: RAKE[W2238,W0047] → DECOUPLING at WS_01 (1 couplings, 3.0 min)
09:49:12 | INFO     | t=1963.0: WAGON[W2238] → RETROFIT_STARTED at WS_01
09:49:12 | INFO     | t=1963.0: WAGON[W0047] → RETROFIT_STARTED at WS_01
09:49:12 | INFO     | EVENT_PUBLISHED: TrainArrivedEvent | train=T22 | time=1965.2
09:49:12 | INFO     | EVENT_HANDLING: TrainArrivedEvent -> RetrofitWorkshopContext._handle_train_arrived
09:49:12 | INFO     | EVENT_HANDLED: TrainArrivedEvent by RetrofitWorkshopContext._handle_train_arrived
09:49:12 | INFO     | t=1968.0: DISPATCHER → Hold override for collection_to_retrofit (waited 134.5 min >= max 30.0 min)
09:49:12 | INFO     | t=1968.0: DISPATCHER → Assigned loco LOCO_02 to collection_to_retrofit (waited 134.5 min, pending=2)
09:49:12 | INFO     | t=1978.5: LOCO[LOCO_01] → DECOUPLING at parking16 (2.0 min)
09:49:12 | INFO     | t=1980.5: RAKE[W6253,W7747,W10546,W7222] → DECOUPLING at parking16 (3 couplings, 1.5 min)
09:49:12 | INFO     | t=2023.0: RAKE[W2238,W0047] → COUPLING at WS_01 (1 couplings, 0.5 min)
09:49:12 | INFO     | t=2023.5: LOCO → Allocating for pickup from WS_01
09:49:12 | INFO     | t=2023.5: DISPATCHER → Task submitted: workshop_to_retrofitted (pending=3)
09:49:12 | INFO     | t=2028.0: LOCO[LOCO_02] → TRAIN_PREP at collection (coupling + prep, 7.0 min)
09:49:12 | INFO     | t=2042.0: LOCO[LOCO_01] → Releasing
09:49:12 | INFO     | t=2042.0: LOCO[LOCO_01] → Released
09:49:12 | INFO     | t=2042.0: PARKING → Got wagon W0689 from retrofitted
09:49:12 | INFO     | t=2042.0: DISPATCHER → Hold override for collection_to_retrofit (waited 100.0 min >= max 30.0 min)
09:49:12 | INFO     | t=2042.0: DISPATCHER → Assigned loco LOCO_01 to workshop_to_retrofitted (waited 191.5 min, pending=2)
09:49:12 | INFO     | t=2042.0: DISPATCHER → Hold override for collection_to_retrofit (waited 100.0 min >= max 30.0 min)
09:49:12 | INFO     | t=2042.0: LOCO[LOCO_01] → Allocated for pickup
09:49:12 | INFO     | t=2042.0: LOCO → Allocating for parking transport
09:49:12 | INFO     | t=2042.0: DISPATCHER → Task submitted: retrofitted_to_parking (pending=3)
09:49:12 | INFO     | t=2049.0: LOCO[LOCO_01] → TRAIN_PREP completed at WS_02 (2.0 min)
09:49:12 | INFO     | t=2054.0: BATCH → Putting 2 wagons on retrofitted track retrofitted
09:49:12 | INFO     | t=2054.0: WAGON[W4440] → Added to retrofitted track retrofitted
09:49:12 | INFO     | t=2054.0: WAGON[W10383] → Added to retrofitted track retrofitted
09:49:12 | INFO     | t=2059.0: WORKSHOP[WS_02] → Released, notifying 1 waiting processes
09:49:12 | INFO     | t=2059.0: WORKSHOP → Workshop became available
09:49:12 | INFO     | t=2059.0: WORKSHOP[WS_02] → Selected for batch
09:49:12 | INFO     | t=2059.0: DISPATCHER → Hold override for collection_to_retrofit (waited 117.0 min >= max 30.0 min)
09:49:12 | INFO     | t=2059.0: DISPATCHER → Assigned loco LOCO_01 to collection_to_retrofit (waited 117.0 min, pending=2)
09:49:12 | INFO     | t=2059.0: WAGON[W2535] → Added to batch
09:49:12 | INFO     | t=2059.0: BATCH[W0049,W2535] → Formed 2 wagons for WS_02
09:49:12 | INFO     | t=2059.0: TRACK[retrofit] → Removed 2 wagons (28.7m freed)
09:49:12 | INFO     | t=2059.0: DISPATCHER → Task submitted: retrofit_to_workshop (pending=3)
09:49:12 | INFO     | t=2095.0: LOCO[LOCO_02] → DECOUPLING at retrofit (9.0 min)
09:49:12 | INFO     | t=2104.0: RAKE[W9721,W9756,W11467] → DECOUPLING at retrofit (2 couplings, 6.0 min)
09:49:12 | INFO     | t=2115.0: DISPATCHER → Hold override for retrofitted_to_parking (waited 73.0 min >= max 45.0 min)
09:49:12 | INFO     | t=2115.0: DISPATCHER → Assigned loco LOCO_02 to retrofit_to_workshop (waited 56.0 min, pending=2)
09:49:12 | INFO     | t=2115.0: Batch size limited by retrofit capacity: 2 wagons (42.8m) fits, 9 waiting
09:49:12 | INFO     | t=2115.0: RAKE[W0049,W2535] → COUPLING at retrofit (1 couplings, 2.0 min)
09:49:12 | INFO     | t=2115.0: COLLECTION → Reserving retrofit track capacity for 2 wagons
09:49:12 | INFO     | t=2115.0: WAGON[W7970] → Retrieved from retrofit queue
09:49:12 | INFO     | t=2115.0: WORKSHOP → No workshop available, waiting...
09:49:12 | INFO     | t=2115.0: COLLECTION → Capacity reserved, allocating locomotive
09:49:12 | INFO     | t=2115.0: DISPATCHER → Task submitted: collection_to_retrofit (pending=3)
09:49:12 | INFO     | t=2119.0: LOCO[LOCO_01] → TRAIN_PREP at collection (coupling + prep, 3.0 min)
09:49:12 | INFO     | t=2122.0: LOCO[LOCO_02] → COUPLING at retrofit (2.0 min)
09:49:12 | INFO     | t=2124.0: LOCO[LOCO_02] → SHUNTING_PREP at retrofit (1.0 min)
09:49:12 | INFO     | t=2130.0: LOCO[LOCO_02] → DECOUPLING at WS_02 (3.0 min)
09:49:12 | INFO     | t=2133.0: RAKE[W0049,W2535] → DECOUPLING at WS_02 (1 couplings, 3.0 min)
09:49:12 | INFO     | t=2136.0: WAGON[W0049] → RETROFIT_STARTED at WS_02
09:49:12 | INFO     | t=2136.0: WAGON[W2535] → RETROFIT_STARTED at WS_02
09:49:12 | INFO     | EVENT_PUBLISHED: TrainArrivedEvent | train=T23 | time=2138.0
09:49:12 | INFO     | EVENT_HANDLING: TrainArrivedEvent -> RetrofitWorkshopContext._handle_train_arrived
09:49:12 | INFO     | EVENT_HANDLED: TrainArrivedEvent by RetrofitWorkshopContext._handle_train_arrived
09:49:12 | INFO     | t=2141.0: DISPATCHER → Hold override for retrofitted_to_parking (waited 99.0 min >= max 45.0 min)
09:49:12 | INFO     | t=2141.0: DISPATCHER → Assigned loco LOCO_02 to workshop_to_retrofitted (waited 117.5 min, pending=2)
09:49:12 | INFO     | t=2141.0: DISPATCHER → Hold override for retrofitted_to_parking (waited 99.0 min >= max 45.0 min)
09:49:12 | INFO     | t=2141.0: LOCO[LOCO_02] → Allocated for pickup
09:49:12 | INFO     | t=2148.0: LOCO[LOCO_02] → TRAIN_PREP completed at WS_01 (2.0 min)
09:49:12 | INFO     | EVENT_PUBLISHED: TrainArrivedEvent | train=T24 | time=2149.8
09:49:12 | INFO     | EVENT_HANDLING: TrainArrivedEvent -> RetrofitWorkshopContext._handle_train_arrived
09:49:12 | INFO     | EVENT_HANDLED: TrainArrivedEvent by RetrofitWorkshopContext._handle_train_arrived
09:49:12 | INFO     | t=2153.0: BATCH → Putting 2 wagons on retrofitted track retrofitted
09:49:12 | INFO     | t=2153.0: WAGON[W2238] → Added to retrofitted track retrofitted
09:49:12 | INFO     | t=2153.0: WAGON[W0047] → Added to retrofitted track retrofitted
09:49:12 | INFO     | EVENT_PUBLISHED: TrainArrivedEvent | train=T25 | time=2158.0
09:49:12 | INFO     | EVENT_HANDLING: TrainArrivedEvent -> RetrofitWorkshopContext._handle_train_arrived
09:49:12 | INFO     | EVENT_HANDLED: TrainArrivedEvent by RetrofitWorkshopContext._handle_train_arrived
09:49:12 | INFO     | t=2158.0: WORKSHOP[WS_01] → Released, notifying 1 waiting processes
09:49:12 | INFO     | t=2158.0: WORKSHOP → Workshop became available
09:49:12 | INFO     | t=2158.0: WORKSHOP[WS_01] → Selected for batch
09:49:12 | INFO     | t=2158.0: DISPATCHER → Hold override for retrofitted_to_parking (waited 116.0 min >= max 45.0 min)
09:49:12 | INFO     | t=2158.0: DISPATCHER → Hold override for collection_to_retrofit (waited 43.0 min >= max 30.0 min)
09:49:12 | INFO     | t=2158.0: DISPATCHER → Assigned loco LOCO_02 to collection_to_retrofit (waited 43.0 min, pending=1)
09:49:12 | INFO     | t=2158.0: DISPATCHER → Hold override for retrofitted_to_parking (waited 116.0 min >= max 45.0 min)
09:49:12 | INFO     | t=2158.0: WAGON[W4849] → Added to batch
09:49:12 | INFO     | t=2158.0: BATCH[W7970,W4849] → Formed 2 wagons for WS_01
09:49:12 | INFO     | t=2158.0: TRACK[retrofit] → Removed 2 wagons (34.8m freed)
09:49:12 | INFO     | t=2158.0: DISPATCHER → Task submitted: retrofit_to_workshop (pending=2)
09:49:12 | INFO     | t=2182.0: LOCO[LOCO_01] → DECOUPLING at retrofit (3.0 min)
09:49:12 | INFO     | t=2185.0: RAKE[W11988] → DECOUPLING at retrofit (0 couplings, 0.0 min)
09:49:12 | INFO     | t=2190.0: DISPATCHER → Hold override for retrofitted_to_parking (waited 148.0 min >= max 45.0 min)
09:49:12 | INFO     | t=2190.0: DISPATCHER → Assigned loco LOCO_01 to retrofit_to_workshop (waited 32.0 min, pending=1)
09:49:12 | INFO     | t=2190.0: DISPATCHER → Hold override for retrofitted_to_parking (waited 148.0 min >= max 45.0 min)
09:49:12 | INFO     | t=2190.0: Batch size limited by retrofit capacity: 2 wagons (38.7m) fits, 17 waiting
09:49:12 | INFO     | t=2190.0: RAKE[W7970,W4849] → COUPLING at retrofit (1 couplings, 2.0 min)
09:49:12 | INFO     | t=2190.0: COLLECTION → Reserving retrofit track capacity for 2 wagons
09:49:12 | INFO     | t=2190.0: WAGON[W2967] → Retrieved from retrofit queue
09:49:12 | INFO     | t=2190.0: WORKSHOP → No workshop available, waiting...
09:49:12 | INFO     | t=2190.0: COLLECTION → Capacity reserved, allocating locomotive
09:49:12 | INFO     | t=2190.0: DISPATCHER → Task submitted: collection_to_retrofit (pending=2)
09:49:12 | INFO     | t=2196.0: RAKE[W0049,W2535] → COUPLING at WS_02 (1 couplings, 0.5 min)
09:49:12 | INFO     | t=2196.5: LOCO → Allocating for pickup from WS_02
09:49:12 | INFO     | t=2196.5: DISPATCHER → Task submitted: workshop_to_retrofitted (pending=3)
09:49:12 | INFO     | t=2197.0: LOCO[LOCO_01] → COUPLING at retrofit (2.0 min)
09:49:12 | INFO     | t=2199.0: LOCO[LOCO_01] → SHUNTING_PREP at retrofit (1.0 min)
09:49:12 | INFO     | t=2205.0: LOCO[LOCO_01] → DECOUPLING at WS_01 (3.0 min)
09:49:12 | INFO     | t=2208.0: RAKE[W7970,W4849] → DECOUPLING at WS_01 (1 couplings, 3.0 min)
09:49:12 | INFO     | t=2211.0: WAGON[W7970] → RETROFIT_STARTED at WS_01
09:49:12 | INFO     | t=2211.0: WAGON[W4849] → RETROFIT_STARTED at WS_01
09:49:12 | INFO     | t=2216.0: DISPATCHER → Hold override for retrofitted_to_parking (waited 174.0 min >= max 45.0 min)
09:49:12 | INFO     | t=2216.0: DISPATCHER → Assigned loco LOCO_01 to retrofitted_to_parking (waited 174.0 min, pending=2)
09:49:12 | INFO     | t=2216.0: LOCO[LOCO_01] → Allocated for parking transport
09:49:12 | INFO     | t=2218.0: LOCO[LOCO_02] → TRAIN_PREP at collection (coupling + prep, 5.0 min)
09:49:12 | INFO     | t=2221.0: LOCO[LOCO_01] → TRAIN_PREP at retrofitted (coupling + prep, 4.0 min)
09:49:12 | INFO     | EVENT_PUBLISHED: TrainArrivedEvent | train=T26 | time=2258.0
09:49:12 | INFO     | EVENT_HANDLING: TrainArrivedEvent -> RetrofitWorkshopContext._handle_train_arrived
09:49:12 | INFO     | EVENT_HANDLED: TrainArrivedEvent by RetrofitWorkshopContext._handle_train_arrived
09:49:12 | INFO     | t=2271.0: RAKE[W7970,W4849] → COUPLING at WS_01 (1 couplings, 0.5 min)
09:49:12 | INFO     | t=2271.5: LOCO → Allocating for pickup from WS_01
09:49:12 | INFO     | t=2271.5: DISPATCHER → Task submitted: workshop_to_retrofitted (pending=3)
09:49:12 | INFO     | t=2283.0: LOCO[LOCO_02] → DECOUPLING at retrofit (6.0 min)
09:49:12 | INFO     | t=2289.0: RAKE[W10354,W3950] → DECOUPLING at retrofit (1 couplings, 3.0 min)
09:49:12 | INFO     | t=2297.0: Batch size limited by retrofit capacity: 1 wagons (22.4m) fits, 19 waiting
09:49:12 | INFO     | t=2297.0: DISPATCHER → Hold override for collection_to_retrofit (waited 107.0 min >= max 30.0 min)
09:49:12 | INFO     | t=2297.0: DISPATCHER → Assigned loco LOCO_02 to collection_to_retrofit (waited 107.0 min, pending=2)
09:49:12 | INFO     | t=2297.0: COLLECTION → Reserving retrofit track capacity for 1 wagons
09:49:12 | INFO     | EVENT_PUBLISHED: TrainArrivedEvent | train=T27 | time=2303.8
09:49:12 | INFO     | EVENT_HANDLING: TrainArrivedEvent -> RetrofitWorkshopContext._handle_train_arrived
09:49:12 | INFO     | EVENT_HANDLED: TrainArrivedEvent by RetrofitWorkshopContext._handle_train_arrived
09:49:12 | INFO     | EVENT_PUBLISHED: TrainArrivedEvent | train=T28 | time=2324.2
09:49:12 | INFO     | EVENT_HANDLING: TrainArrivedEvent -> RetrofitWorkshopContext._handle_train_arrived
09:49:12 | INFO     | EVENT_HANDLED: TrainArrivedEvent by RetrofitWorkshopContext._handle_train_arrived
09:49:12 | INFO     | t=2345.0: LOCO[LOCO_01] → DECOUPLING at parking16 (3.0 min)
09:49:12 | INFO     | t=2348.0: RAKE[W0689,W11268,W11509,W6557,W10356,W6006] → DECOUPLING at parking16 (5 couplings, 2.5 min)
09:49:12 | INFO     | t=2357.0: LOCO[LOCO_02] → TRAIN_PREP at collection (coupling + prep, 5.0 min)
09:49:12 | INFO     | t=2410.5: LOCO[LOCO_01] → Releasing
09:49:12 | INFO     | t=2410.5: LOCO[LOCO_01] → Released
09:49:12 | INFO     | t=2410.5: PARKING → Got wagon W4440 from retrofitted
09:49:12 | INFO     | t=2410.5: DISPATCHER → Assigned loco LOCO_01 to workshop_to_retrofitted (waited 214.0 min, pending=1)
09:49:12 | INFO     | t=2410.5: LOCO[LOCO_01] → Allocated for pickup
09:49:12 | INFO     | t=2410.5: LOCO → Allocating for parking transport
09:49:12 | INFO     | t=2410.5: DISPATCHER → Task submitted: retrofitted_to_parking (pending=2)
09:49:12 | INFO     | t=2417.5: LOCO[LOCO_01] → TRAIN_PREP completed at WS_02 (2.0 min)
09:49:12 | INFO     | t=2422.0: LOCO[LOCO_02] → DECOUPLING at retrofit (6.0 min)
09:49:12 | INFO     | t=2422.5: BATCH → Putting 2 wagons on retrofitted track retrofitted
09:49:12 | INFO     | t=2422.5: WAGON[W0049] → Added to retrofitted track retrofitted
09:49:12 | INFO     | t=2422.5: WAGON[W2535] → Added to retrofitted track retrofitted
09:49:12 | INFO     | t=2427.5: WORKSHOP[WS_02] → Released, notifying 1 waiting processes
09:49:12 | INFO     | t=2427.5: WORKSHOP → Workshop became available
09:49:12 | INFO     | t=2427.5: WORKSHOP[WS_02] → Selected for batch
09:49:12 | INFO     | t=2427.5: DISPATCHER → Assigned loco LOCO_01 to workshop_to_retrofitted (waited 156.0 min, pending=1)
09:49:12 | INFO     | t=2427.5: WAGON[W9776] → Added to batch
09:49:12 | INFO     | t=2427.5: BATCH[W2967,W9776] → Formed 2 wagons for WS_02
09:49:12 | INFO     | t=2427.5: LOCO[LOCO_01] → Allocated for pickup
09:49:12 | INFO     | t=2427.5: TRACK[retrofit] → Removed 2 wagons (46.5m freed)
09:49:12 | INFO     | t=2427.5: DISPATCHER → Task submitted: retrofit_to_workshop (pending=2)
09:49:12 | INFO     | t=2427.5: COLLECTION → Capacity reserved, allocating locomotive
09:49:12 | INFO     | t=2427.5: DISPATCHER → Task submitted: collection_to_retrofit (pending=3)
09:49:12 | INFO     | t=2428.0: RAKE[W12260,W0130] → DECOUPLING at retrofit (1 couplings, 3.0 min)
09:49:12 | INFO     | t=2434.5: LOCO[LOCO_01] → TRAIN_PREP completed at WS_01 (2.0 min)
09:49:12 | INFO     | t=2436.0: Batch size limited by retrofit capacity: 1 wagons (16.1m) fits, 19 waiting
09:49:12 | INFO     | t=2436.0: DISPATCHER → Assigned loco LOCO_02 to retrofit_to_workshop (waited 8.5 min, pending=2)
09:49:12 | INFO     | t=2436.0: COLLECTION → Reserving retrofit track capacity for 1 wagons
09:49:12 | INFO     | t=2436.0: RAKE[W2967,W9776] → COUPLING at retrofit (1 couplings, 2.0 min)
09:49:12 | INFO     | t=2436.0: COLLECTION → Capacity reserved, allocating locomotive
09:49:12 | INFO     | t=2436.0: DISPATCHER → Task submitted: collection_to_retrofit (pending=3)
09:49:12 | INFO     | t=2436.0: WAGON[W12208] → Retrieved from retrofit queue
09:49:12 | INFO     | t=2436.0: WORKSHOP → No workshop available, waiting...
09:49:12 | INFO     | t=2439.5: BATCH → Putting 2 wagons on retrofitted track retrofitted
09:49:12 | INFO     | t=2439.5: WAGON[W7970] → Added to retrofitted track retrofitted
09:49:12 | INFO     | t=2439.5: WAGON[W4849] → Added to retrofitted track retrofitted
09:49:12 | INFO     | t=2443.0: LOCO[LOCO_02] → COUPLING at retrofit (2.0 min)
09:49:12 | INFO     | t=2444.5: WORKSHOP[WS_01] → Released, notifying 1 waiting processes
09:49:12 | INFO     | t=2444.5: WORKSHOP → Workshop became available
09:49:12 | INFO     | t=2444.5: WORKSHOP[WS_01] → Selected for batch
09:49:12 | INFO     | t=2444.5: DISPATCHER → Assigned loco LOCO_01 to retrofitted_to_parking (waited 34.0 min, pending=2)
09:49:12 | INFO     | t=2444.5: WAGON[W10130] → Added to batch
09:49:12 | INFO     | t=2444.5: BATCH[W12208,W10130] → Formed 2 wagons for WS_01
09:49:12 | INFO     | t=2444.5: LOCO[LOCO_01] → Allocated for parking transport
09:49:12 | INFO     | t=2444.5: TRACK[retrofit] → Removed 2 wagons (45.5m freed)
09:49:12 | INFO     | t=2444.5: DISPATCHER → Task submitted: retrofit_to_workshop (pending=3)
09:49:12 | INFO     | t=2445.0: LOCO[LOCO_02] → SHUNTING_PREP at retrofit (1.0 min)
09:49:12 | INFO     | t=2449.5: LOCO[LOCO_01] → TRAIN_PREP at retrofitted (coupling + prep, 3.0 min)
09:49:12 | INFO     | t=2451.0: LOCO[LOCO_02] → DECOUPLING at WS_02 (3.0 min)
09:49:12 | INFO     | t=2454.0: RAKE[W2967,W9776] → DECOUPLING at WS_02 (1 couplings, 3.0 min)
09:49:12 | INFO     | t=2457.0: WAGON[W2967] → RETROFIT_STARTED at WS_02
09:49:12 | INFO     | t=2457.0: WAGON[W9776] → RETROFIT_STARTED at WS_02
09:49:12 | INFO     | t=2457.5: LOCO[LOCO_01] → DECOUPLING at parking1 (2.0 min)
09:49:12 | INFO     | t=2459.5: RAKE[W4440,W10383,W2238,W0047] → DECOUPLING at parking1 (3 couplings, 1.5 min)
09:49:12 | INFO     | t=2462.0: DISPATCHER → Hold override for collection_to_retrofit (waited 34.5 min >= max 30.0 min)
09:49:12 | INFO     | t=2462.0: DISPATCHER → Assigned loco LOCO_02 to collection_to_retrofit (waited 34.5 min, pending=2)
09:49:12 | INFO     | t=2466.0: LOCO[LOCO_01] → Releasing
09:49:12 | INFO     | t=2466.0: LOCO[LOCO_01] → Released
09:49:12 | INFO     | t=2466.0: PARKING → Got wagon W0049 from retrofitted
09:49:12 | INFO     | t=2466.0: DISPATCHER → Hold override for collection_to_retrofit (waited 30.0 min >= max 30.0 min)
09:49:12 | INFO     | t=2466.0: DISPATCHER → Assigned loco LOCO_01 to collection_to_retrofit (waited 30.0 min, pending=1)
09:49:12 | INFO     | t=2466.0: LOCO → Allocating for parking transport
09:49:12 | INFO     | t=2466.0: DISPATCHER → Task submitted: retrofitted_to_parking (pending=2)
09:49:12 | INFO     | EVENT_PUBLISHED: TrainArrivedEvent | train=T29 | time=2484.8
09:49:12 | INFO     | EVENT_HANDLING: TrainArrivedEvent -> RetrofitWorkshopContext._handle_train_arrived
09:49:12 | INFO     | EVENT_HANDLED: TrainArrivedEvent by RetrofitWorkshopContext._handle_train_arrived
09:49:12 | INFO     | t=2517.0: RAKE[W2967,W9776] → COUPLING at WS_02 (1 couplings, 0.5 min)
09:49:12 | INFO     | t=2517.5: LOCO → Allocating for pickup from WS_02
09:49:12 | INFO     | t=2517.5: DISPATCHER → Task submitted: workshop_to_retrofitted (pending=3)
09:49:12 | INFO     | t=2522.0: LOCO[LOCO_02] → TRAIN_PREP at collection (coupling + prep, 3.0 min)
09:49:12 | INFO     | EVENT_PUBLISHED: TrainArrivedEvent | train=T30 | time=2523.0
09:49:12 | INFO     | EVENT_HANDLING: TrainArrivedEvent -> RetrofitWorkshopContext._handle_train_arrived
09:49:12 | INFO     | EVENT_HANDLED: TrainArrivedEvent by RetrofitWorkshopContext._handle_train_arrived
09:49:12 | INFO     | t=2526.0: LOCO[LOCO_01] → TRAIN_PREP at collection (coupling + prep, 3.0 min)
09:49:12 | INFO     | EVENT_PUBLISHED: TrainArrivedEvent | train=T31 | time=2529.2
09:49:12 | INFO     | EVENT_HANDLING: TrainArrivedEvent -> RetrofitWorkshopContext._handle_train_arrived
09:49:12 | INFO     | EVENT_HANDLED: TrainArrivedEvent by RetrofitWorkshopContext._handle_train_arrived
09:49:12 | INFO     | EVENT_PUBLISHED: TrainArrivedEvent | train=T32 | time=2571.5
09:49:12 | INFO     | EVENT_HANDLING: TrainArrivedEvent -> RetrofitWorkshopContext._handle_train_arrived
09:49:12 | INFO     | EVENT_HANDLED: TrainArrivedEvent by RetrofitWorkshopContext._handle_train_arrived
09:49:12 | INFO     | EVENT_PUBLISHED: TrainArrivedEvent | train=T33 | time=2574.0
09:49:12 | INFO     | EVENT_HANDLING: TrainArrivedEvent -> RetrofitWorkshopContext._handle_train_arrived
09:49:12 | INFO     | EVENT_HANDLED: TrainArrivedEvent by RetrofitWorkshopContext._handle_train_arrived
09:49:12 | INFO     | t=2585.0: LOCO[LOCO_02] → DECOUPLING at retrofit (3.0 min)
09:49:12 | INFO     | t=2588.0: RAKE[W7997] → DECOUPLING at retrofit (0 couplings, 0.0 min)
09:49:12 | INFO     | t=2589.0: LOCO[LOCO_01] → DECOUPLING at retrofit (3.0 min)
09:49:12 | INFO     | t=2592.0: RAKE[W9352] → DECOUPLING at retrofit (0 couplings, 0.0 min)
09:49:12 | INFO     | t=2593.0: DISPATCHER → Hold override for retrofitted_to_parking (waited 127.0 min >= max 45.0 min)
09:49:12 | INFO     | t=2593.0: DISPATCHER → Assigned loco LOCO_02 to retrofit_to_workshop (waited 148.5 min, pending=2)
09:49:12 | INFO     | t=2593.0: DISPATCHER → Hold override for retrofitted_to_parking (waited 127.0 min >= max 45.0 min)
09:49:12 | INFO     | t=2593.0: RAKE[W12208,W10130] → COUPLING at retrofit (1 couplings, 2.0 min)
09:49:12 | INFO     | t=2593.0: Batch size limited by retrofit capacity: 3 wagons (57.9m) fits, 18 waiting
09:49:12 | INFO     | t=2593.0: WAGON[W11348] → Retrieved from retrofit queue
09:49:12 | INFO     | t=2593.0: WORKSHOP → No workshop available, waiting...
09:49:12 | INFO     | t=2593.0: COLLECTION → Reserving retrofit track capacity for 3 wagons
09:49:12 | INFO     | t=2593.0: COLLECTION → Capacity reserved, allocating locomotive
09:49:12 | INFO     | t=2593.0: DISPATCHER → Task submitted: collection_to_retrofit (pending=3)
09:49:12 | INFO     | t=2597.0: Batch size limited by retrofit capacity: 1 wagons (23.2m) fits, 19 waiting
09:49:12 | INFO     | t=2597.0: DISPATCHER → Hold override for retrofitted_to_parking (waited 131.0 min >= max 45.0 min)
09:49:12 | INFO     | t=2597.0: DISPATCHER → Assigned loco LOCO_01 to workshop_to_retrofitted (waited 79.5 min, pending=2)
09:49:12 | INFO     | t=2597.0: DISPATCHER → Hold override for retrofitted_to_parking (waited 131.0 min >= max 45.0 min)
09:49:12 | INFO     | t=2597.0: COLLECTION → Reserving retrofit track capacity for 1 wagons
09:49:12 | INFO     | t=2597.0: LOCO[LOCO_01] → Allocated for pickup
09:49:12 | INFO     | t=2600.0: LOCO[LOCO_02] → COUPLING at retrofit (2.0 min)
09:49:12 | INFO     | t=2602.0: LOCO[LOCO_02] → SHUNTING_PREP at retrofit (1.0 min)
09:49:12 | INFO     | t=2604.0: LOCO[LOCO_01] → TRAIN_PREP completed at WS_02 (2.0 min)
09:49:12 | INFO     | t=2608.0: LOCO[LOCO_02] → DECOUPLING at WS_01 (3.0 min)
09:49:12 | INFO     | t=2609.0: BATCH → Putting 2 wagons on retrofitted track retrofitted
09:49:12 | INFO     | t=2609.0: WAGON[W2967] → Added to retrofitted track retrofitted
09:49:12 | INFO     | t=2609.0: WAGON[W9776] → Added to retrofitted track retrofitted
09:49:12 | INFO     | t=2611.0: RAKE[W12208,W10130] → DECOUPLING at WS_01 (1 couplings, 3.0 min)
09:49:12 | INFO     | t=2614.0: WAGON[W12208] → RETROFIT_STARTED at WS_01
09:49:12 | INFO     | t=2614.0: WAGON[W10130] → RETROFIT_STARTED at WS_01
09:49:12 | INFO     | t=2614.0: WORKSHOP[WS_02] → Released, notifying 1 waiting processes
09:49:12 | INFO     | t=2614.0: WORKSHOP → Workshop became available
09:49:12 | INFO     | t=2614.0: WORKSHOP[WS_02] → Selected for batch
09:49:12 | INFO     | t=2614.0: DISPATCHER → Hold override for retrofitted_to_parking (waited 148.0 min >= max 45.0 min)
09:49:12 | INFO     | t=2614.0: DISPATCHER → Assigned loco LOCO_01 to retrofitted_to_parking (waited 148.0 min, pending=1)
09:49:12 | INFO     | t=2614.0: WAGON[W12037] → Added to batch
09:49:12 | INFO     | t=2614.0: BATCH[W11348,W12037] → Formed 2 wagons for WS_02
09:49:12 | INFO     | t=2614.0: LOCO[LOCO_01] → Allocated for parking transport
09:49:12 | INFO     | t=2614.0: TRACK[retrofit] → Removed 2 wagons (39.7m freed)
09:49:12 | INFO     | t=2614.0: DISPATCHER → Task submitted: retrofit_to_workshop (pending=2)
09:49:12 | INFO     | t=2614.0: COLLECTION → Capacity reserved, allocating locomotive
09:49:12 | INFO     | t=2614.0: DISPATCHER → Task submitted: collection_to_retrofit (pending=3)
09:49:12 | INFO     | t=2619.0: LOCO[LOCO_01] → TRAIN_PREP at retrofitted (coupling + prep, 3.0 min)
09:49:12 | INFO     | t=2619.0: DISPATCHER → Assigned loco LOCO_02 to retrofit_to_workshop (waited 5.0 min, pending=2)
09:49:12 | INFO     | t=2619.0: RAKE[W11348,W12037] → COUPLING at retrofit (1 couplings, 2.0 min)
09:49:12 | INFO     | t=2619.0: WAGON[W0440] → Retrieved from retrofit queue
09:49:12 | INFO     | t=2619.0: WORKSHOP → No workshop available, waiting...
09:49:12 | INFO     | t=2624.0: DISPATCHER → Hold override for collection_to_retrofit (waited 31.0 min >= max 30.0 min)
09:49:12 | INFO     | t=2626.0: LOCO[LOCO_02] → COUPLING at retrofit (2.0 min)
09:49:12 | INFO     | t=2628.0: LOCO[LOCO_02] → SHUNTING_PREP at retrofit (1.0 min)
09:49:12 | INFO     | t=2634.0: LOCO[LOCO_02] → DECOUPLING at WS_02 (3.0 min)
09:49:12 | INFO     | t=2637.0: RAKE[W11348,W12037] → DECOUPLING at WS_02 (1 couplings, 3.0 min)
09:49:12 | INFO     | t=2640.0: WAGON[W11348] → RETROFIT_STARTED at WS_02
09:49:12 | INFO     | t=2640.0: WAGON[W12037] → RETROFIT_STARTED at WS_02
09:49:12 | INFO     | t=2645.0: DISPATCHER → Hold override for collection_to_retrofit (waited 52.0 min >= max 30.0 min)
09:49:12 | INFO     | t=2645.0: DISPATCHER → Hold override for collection_to_retrofit (waited 31.0 min >= max 30.0 min)
09:49:12 | INFO     | t=2645.0: DISPATCHER → Assigned loco LOCO_02 to collection_to_retrofit (waited 52.0 min, pending=1)
09:49:12 | INFO     | t=2645.0: DISPATCHER → Hold override for collection_to_retrofit (waited 31.0 min >= max 30.0 min)
09:49:12 | INFO     | EVENT_PUBLISHED: TrainArrivedEvent | train=T34 | time=2666.8
09:49:12 | INFO     | EVENT_HANDLING: TrainArrivedEvent -> RetrofitWorkshopContext._handle_train_arrived
09:49:12 | INFO     | EVENT_HANDLED: TrainArrivedEvent by RetrofitWorkshopContext._handle_train_arrived
09:49:12 | INFO     | t=2674.0: RAKE[W12208,W10130] → COUPLING at WS_01 (1 couplings, 0.5 min)
09:49:12 | INFO     | t=2674.5: LOCO → Allocating for pickup from WS_01
09:49:12 | INFO     | t=2674.5: DISPATCHER → Task submitted: workshop_to_retrofitted (pending=2)
09:49:12 | INFO     | t=2682.0: LOCO[LOCO_01] → DECOUPLING at parking12 (2.0 min)
09:49:12 | INFO     | t=2684.0: RAKE[W0049,W2535,W7970,W4849] → DECOUPLING at parking12 (3 couplings, 1.5 min)
09:49:12 | INFO     | t=2700.0: RAKE[W11348,W12037] → COUPLING at WS_02 (1 couplings, 0.5 min)
09:49:12 | INFO     | t=2700.5: LOCO → Allocating for pickup from WS_02
09:49:12 | INFO     | t=2700.5: DISPATCHER → Task submitted: workshop_to_retrofitted (pending=3)
09:49:12 | INFO     | t=2705.0: LOCO[LOCO_02] → TRAIN_PREP at collection (coupling + prep, 7.0 min)
09:49:12 | INFO     | EVENT_PUBLISHED: TrainArrivedEvent | train=T35 | time=2717.8
09:49:12 | INFO     | EVENT_HANDLING: TrainArrivedEvent -> RetrofitWorkshopContext._handle_train_arrived
09:49:12 | INFO     | EVENT_HANDLED: TrainArrivedEvent by RetrofitWorkshopContext._handle_train_arrived
09:49:12 | INFO     | t=2745.5: LOCO[LOCO_01] → Releasing
09:49:12 | INFO     | t=2745.5: LOCO[LOCO_01] → Released
09:49:12 | INFO     | t=2745.5: PARKING → Got wagon W2967 from retrofitted
09:49:12 | INFO     | t=2745.5: DISPATCHER → Hold override for collection_to_retrofit (waited 131.5 min >= max 30.0 min)
09:49:12 | INFO     | t=2745.5: DISPATCHER → Assigned loco LOCO_01 to collection_to_retrofit (waited 131.5 min, pending=2)
09:49:12 | INFO     | t=2745.5: LOCO → Allocating for parking transport
09:49:12 | INFO     | t=2745.5: DISPATCHER → Task submitted: retrofitted_to_parking (pending=3)
09:49:12 | INFO     | t=2772.0: LOCO[LOCO_02] → DECOUPLING at retrofit (9.0 min)
09:49:12 | INFO     | t=2781.0: RAKE[W8626,W9174,W9169] → DECOUPLING at retrofit (2 couplings, 6.0 min)
09:49:12 | INFO     | t=2792.0: Batch size limited by retrofit capacity: 1 wagons (17.0m) fits, 20 waiting
09:49:12 | INFO     | t=2792.0: DISPATCHER → Hold override for retrofitted_to_parking (waited 46.5 min >= max 45.0 min)
09:49:12 | INFO     | t=2792.0: DISPATCHER → Assigned loco LOCO_02 to workshop_to_retrofitted (waited 117.5 min, pending=2)
09:49:12 | INFO     | t=2792.0: COLLECTION → Reserving retrofit track capacity for 1 wagons
09:49:12 | INFO     | t=2792.0: LOCO[LOCO_02] → Allocated for pickup
09:49:12 | INFO     | t=2792.0: COLLECTION → Capacity reserved, allocating locomotive
09:49:12 | INFO     | t=2792.0: DISPATCHER → Task submitted: collection_to_retrofit (pending=3)
09:49:12 | INFO     | t=2799.0: LOCO[LOCO_02] → TRAIN_PREP completed at WS_01 (2.0 min)
09:49:12 | INFO     | t=2804.0: BATCH → Putting 2 wagons on retrofitted track retrofitted
09:49:12 | INFO     | t=2804.0: WAGON[W12208] → Added to retrofitted track retrofitted
09:49:12 | INFO     | t=2804.0: WAGON[W10130] → Added to retrofitted track retrofitted
09:49:12 | INFO     | t=2805.5: LOCO[LOCO_01] → TRAIN_PREP at collection (coupling + prep, 3.0 min)
09:49:12 | INFO     | t=2809.0: WORKSHOP[WS_01] → Released, notifying 1 waiting processes
09:49:12 | INFO     | t=2809.0: WORKSHOP → Workshop became available
09:49:12 | INFO     | t=2809.0: WORKSHOP[WS_01] → Selected for batch
09:49:12 | INFO     | t=2809.0: DISPATCHER → Hold override for retrofitted_to_parking (waited 63.5 min >= max 45.0 min)
09:49:12 | INFO     | t=2809.0: DISPATCHER → Assigned loco LOCO_02 to workshop_to_retrofitted (waited 108.5 min, pending=2)
09:49:12 | INFO     | t=2809.0: DISPATCHER → Hold override for retrofitted_to_parking (waited 63.5 min >= max 45.0 min)
09:49:12 | INFO     | t=2809.0: WAGON[W9721] → Added to batch
09:49:12 | INFO     | t=2809.0: BATCH[W0440,W9721] → Formed 2 wagons for WS_01
09:49:12 | INFO     | t=2809.0: LOCO[LOCO_02] → Allocated for pickup
09:49:12 | INFO     | t=2809.0: TRACK[retrofit] → Removed 2 wagons (28.4m freed)
09:49:12 | INFO     | t=2809.0: DISPATCHER → Task submitted: retrofit_to_workshop (pending=3)
09:49:12 | INFO     | t=2816.0: LOCO[LOCO_02] → TRAIN_PREP completed at WS_02 (2.0 min)
09:49:12 | INFO     | t=2821.0: BATCH → Putting 2 wagons on retrofitted track retrofitted
09:49:12 | INFO     | t=2821.0: WAGON[W11348] → Added to retrofitted track retrofitted
09:49:12 | INFO     | t=2821.0: WAGON[W12037] → Added to retrofitted track retrofitted
09:49:12 | INFO     | t=2826.0: WORKSHOP[WS_02] → Released, notifying 0 waiting processes
09:49:12 | INFO     | t=2826.0: DISPATCHER → Hold override for retrofitted_to_parking (waited 80.5 min >= max 45.0 min)
09:49:12 | INFO     | t=2826.0: DISPATCHER → Hold override for collection_to_retrofit (waited 34.0 min >= max 30.0 min)
09:49:12 | INFO     | t=2826.0: DISPATCHER → Assigned loco LOCO_02 to collection_to_retrofit (waited 34.0 min, pending=2)
09:49:12 | INFO     | t=2826.0: DISPATCHER → Hold override for retrofitted_to_parking (waited 80.5 min >= max 45.0 min)
09:49:12 | INFO     | EVENT_PUBLISHED: TrainArrivedEvent | train=T36 | time=2844.8
09:49:12 | INFO     | EVENT_HANDLING: TrainArrivedEvent -> RetrofitWorkshopContext._handle_train_arrived
09:49:12 | INFO     | EVENT_HANDLED: TrainArrivedEvent by RetrofitWorkshopContext._handle_train_arrived
09:49:12 | INFO     | t=2868.5: LOCO[LOCO_01] → DECOUPLING at retrofit (3.0 min)
09:49:12 | INFO     | t=2871.5: RAKE[W2980] → DECOUPLING at retrofit (0 couplings, 0.0 min)
09:49:12 | INFO     | t=2876.5: Batch size limited by retrofit capacity: 1 wagons (16.0m) fits, 19 waiting
09:49:12 | INFO     | t=2876.5: DISPATCHER → Hold override for retrofitted_to_parking (waited 131.0 min >= max 45.0 min)
09:49:12 | INFO     | t=2876.5: DISPATCHER → Assigned loco LOCO_01 to retrofit_to_workshop (waited 67.5 min, pending=1)
09:49:12 | INFO     | t=2876.5: DISPATCHER → Hold override for retrofitted_to_parking (waited 131.0 min >= max 45.0 min)
09:49:12 | INFO     | t=2876.5: COLLECTION → Reserving retrofit track capacity for 1 wagons
09:49:12 | INFO     | t=2876.5: RAKE[W0440,W9721] → COUPLING at retrofit (1 couplings, 2.0 min)
09:49:12 | INFO     | t=2876.5: COLLECTION → Capacity reserved, allocating locomotive
09:49:12 | INFO     | t=2876.5: DISPATCHER → Task submitted: collection_to_retrofit (pending=2)
09:49:12 | INFO     | t=2876.5: WAGON[W9756] → Retrieved from retrofit queue
09:49:12 | INFO     | t=2876.5: WORKSHOP[WS_02] → Selected for batch
09:49:12 | INFO     | t=2876.5: WAGON[W11467] → Added to batch
09:49:12 | INFO     | t=2876.5: BATCH[W9756,W11467] → Formed 2 wagons for WS_02
09:49:12 | INFO     | t=2876.5: TRACK[retrofit] → Removed 2 wagons (49.7m freed)
09:49:12 | INFO     | t=2876.5: DISPATCHER → Task submitted: retrofit_to_workshop (pending=3)
09:49:12 | INFO     | t=2883.5: LOCO[LOCO_01] → COUPLING at retrofit (2.0 min)
09:49:12 | INFO     | t=2885.5: LOCO[LOCO_01] → SHUNTING_PREP at retrofit (1.0 min)
09:49:12 | INFO     | t=2886.0: LOCO[LOCO_02] → TRAIN_PREP at collection (coupling + prep, 3.0 min)
09:49:12 | INFO     | t=2891.5: LOCO[LOCO_01] → DECOUPLING at WS_01 (3.0 min)
09:49:12 | INFO     | t=2894.5: RAKE[W0440,W9721] → DECOUPLING at WS_01 (1 couplings, 3.0 min)
09:49:12 | INFO     | EVENT_PUBLISHED: TrainArrivedEvent | train=T37 | time=2894.8
09:49:12 | INFO     | EVENT_HANDLING: TrainArrivedEvent -> RetrofitWorkshopContext._handle_train_arrived
09:49:12 | INFO     | EVENT_HANDLED: TrainArrivedEvent by RetrofitWorkshopContext._handle_train_arrived
09:49:12 | INFO     | t=2897.5: WAGON[W0440] → RETROFIT_STARTED at WS_01
09:49:12 | INFO     | t=2897.5: WAGON[W9721] → RETROFIT_STARTED at WS_01
09:49:12 | INFO     | t=2902.5: DISPATCHER → Hold override for retrofitted_to_parking (waited 157.0 min >= max 45.0 min)
09:49:12 | INFO     | t=2902.5: DISPATCHER → Assigned loco LOCO_01 to collection_to_retrofit (waited 26.0 min, pending=2)
09:49:12 | INFO     | t=2902.5: DISPATCHER → Hold override for retrofitted_to_parking (waited 157.0 min >= max 45.0 min)
09:49:12 | INFO     | t=2949.0: LOCO[LOCO_02] → DECOUPLING at retrofit (3.0 min)
09:49:12 | INFO     | EVENT_PUBLISHED: TrainArrivedEvent | train=T38 | time=2950.2
09:49:12 | INFO     | EVENT_HANDLING: TrainArrivedEvent -> RetrofitWorkshopContext._handle_train_arrived
09:49:12 | INFO     | EVENT_HANDLED: TrainArrivedEvent by RetrofitWorkshopContext._handle_train_arrived
09:49:12 | INFO     | t=2952.0: RAKE[W9173] → DECOUPLING at retrofit (0 couplings, 0.0 min)
09:49:12 | INFO     | EVENT_PUBLISHED: TrainArrivedEvent | train=T39 | time=2954.2
09:49:12 | INFO     | EVENT_HANDLING: TrainArrivedEvent -> RetrofitWorkshopContext._handle_train_arrived
09:49:12 | INFO     | EVENT_HANDLED: TrainArrivedEvent by RetrofitWorkshopContext._handle_train_arrived
09:49:12 | INFO     | t=2957.0: DISPATCHER → Hold override for retrofitted_to_parking (waited 211.5 min >= max 45.0 min)
09:49:12 | INFO     | t=2957.0: DISPATCHER → Assigned loco LOCO_02 to retrofit_to_workshop (waited 80.5 min, pending=1)
09:49:12 | INFO     | t=2957.0: DISPATCHER → Hold override for retrofitted_to_parking (waited 211.5 min >= max 45.0 min)
09:49:12 | INFO     | t=2957.0: RAKE[W9756,W11467] → COUPLING at retrofit (1 couplings, 2.0 min)
09:49:12 | INFO     | t=2957.0: Batch size limited by retrofit capacity: 3 wagons (54.4m) fits, 18 waiting
09:49:12 | INFO     | t=2957.0: WAGON[W11988] → Retrieved from retrofit queue
09:49:12 | INFO     | t=2957.0: WORKSHOP → No workshop available, waiting...
09:49:12 | INFO     | t=2957.0: COLLECTION → Reserving retrofit track capacity for 3 wagons
09:49:12 | INFO     | t=2957.0: COLLECTION → Capacity reserved, allocating locomotive
09:49:12 | INFO     | t=2957.0: DISPATCHER → Task submitted: collection_to_retrofit (pending=2)
09:49:12 | INFO     | t=2957.5: RAKE[W0440,W9721] → COUPLING at WS_01 (1 couplings, 0.5 min)
09:49:12 | INFO     | t=2958.0: LOCO → Allocating for pickup from WS_01
09:49:12 | INFO     | t=2958.0: DISPATCHER → Task submitted: workshop_to_retrofitted (pending=3)
09:49:12 | INFO     | t=2962.5: LOCO[LOCO_01] → TRAIN_PREP at collection (coupling + prep, 3.0 min)
09:49:12 | INFO     | t=2964.0: LOCO[LOCO_02] → COUPLING at retrofit (2.0 min)
09:49:12 | INFO     | t=2966.0: LOCO[LOCO_02] → SHUNTING_PREP at retrofit (1.0 min)
09:49:12 | INFO     | t=2972.0: LOCO[LOCO_02] → DECOUPLING at WS_02 (3.0 min)
09:49:12 | INFO     | t=2975.0: RAKE[W9756,W11467] → DECOUPLING at WS_02 (1 couplings, 3.0 min)
09:49:12 | INFO     | t=2978.0: WAGON[W9756] → RETROFIT_STARTED at WS_02
09:49:12 | INFO     | t=2978.0: WAGON[W11467] → RETROFIT_STARTED at WS_02
09:49:12 | INFO     | t=2983.0: DISPATCHER → Hold override for retrofitted_to_parking (waited 237.5 min >= max 45.0 min)
09:49:12 | INFO     | t=2983.0: DISPATCHER → Assigned loco LOCO_02 to workshop_to_retrofitted (waited 25.0 min, pending=2)
09:49:12 | INFO     | t=2983.0: DISPATCHER → Hold override for retrofitted_to_parking (waited 237.5 min >= max 45.0 min)
09:49:12 | INFO     | t=2983.0: LOCO[LOCO_02] → Allocated for pickup
09:49:12 | INFO     | t=2990.0: LOCO[LOCO_02] → TRAIN_PREP completed at WS_01 (2.0 min)
09:49:12 | INFO     | t=2995.0: BATCH → Putting 2 wagons on retrofitted track retrofitted
09:49:12 | INFO     | t=2995.0: WAGON[W0440] → Added to retrofitted track retrofitted
09:49:12 | INFO     | t=2995.0: WAGON[W9721] → Added to retrofitted track retrofitted
09:49:12 | INFO     | t=3000.0: WORKSHOP[WS_01] → Released, notifying 1 waiting processes
09:49:12 | INFO     | t=3000.0: WORKSHOP → Workshop became available
09:49:12 | INFO     | t=3000.0: WORKSHOP[WS_01] → Selected for batch
09:49:12 | INFO     | t=3000.0: DISPATCHER → Hold override for retrofitted_to_parking (waited 254.5 min >= max 45.0 min)
09:49:12 | INFO     | t=3000.0: DISPATCHER → Hold override for collection_to_retrofit (waited 43.0 min >= max 30.0 min)
09:49:12 | INFO     | t=3000.0: DISPATCHER → Assigned loco LOCO_02 to collection_to_retrofit (waited 43.0 min, pending=1)
09:49:12 | INFO     | t=3000.0: DISPATCHER → Hold override for retrofitted_to_parking (waited 254.5 min >= max 45.0 min)
09:49:12 | INFO     | t=3000.0: WAGON[W10354] → Added to batch
09:49:12 | INFO     | t=3000.0: BATCH[W11988,W10354] → Formed 2 wagons for WS_01
09:49:12 | INFO     | t=3000.0: TRACK[retrofit] → Removed 2 wagons (46.1m freed)
09:49:12 | INFO     | t=3000.0: DISPATCHER → Task submitted: retrofit_to_workshop (pending=2)
09:49:12 | INFO     | t=3025.5: LOCO[LOCO_01] → DECOUPLING at retrofit (3.0 min)
09:49:12 | INFO     | EVENT_PUBLISHED: TrainArrivedEvent | train=T40 | time=3026.8
09:49:12 | INFO     | EVENT_HANDLING: TrainArrivedEvent -> RetrofitWorkshopContext._handle_train_arrived
09:49:12 | INFO     | EVENT_HANDLED: TrainArrivedEvent by RetrofitWorkshopContext._handle_train_arrived
09:49:12 | INFO     | t=3028.5: RAKE[W2406] → DECOUPLING at retrofit (0 couplings, 0.0 min)
09:49:12 | INFO     | t=3033.5: DISPATCHER → Hold override for retrofitted_to_parking (waited 288.0 min >= max 45.0 min)
09:49:12 | INFO     | t=3033.5: DISPATCHER → Assigned loco LOCO_01 to retrofit_to_workshop (waited 33.5 min, pending=1)
09:49:12 | INFO     | t=3033.5: DISPATCHER → Hold override for retrofitted_to_parking (waited 288.0 min >= max 45.0 min)
09:49:12 | INFO     | t=3033.5: Batch size limited by retrofit capacity: 2 wagons (39.1m) fits, 18 waiting
09:49:12 | INFO     | t=3033.5: RAKE[W11988,W10354] → COUPLING at retrofit (1 couplings, 2.0 min)
09:49:12 | INFO     | t=3033.5: COLLECTION → Reserving retrofit track capacity for 2 wagons
09:49:12 | INFO     | t=3033.5: WAGON[W3950] → Retrieved from retrofit queue
09:49:12 | INFO     | t=3033.5: WORKSHOP → No workshop available, waiting...
09:49:12 | INFO     | t=3033.5: COLLECTION → Capacity reserved, allocating locomotive
09:49:12 | INFO     | t=3033.5: DISPATCHER → Task submitted: collection_to_retrofit (pending=2)
09:49:12 | INFO     | t=3038.0: RAKE[W9756,W11467] → COUPLING at WS_02 (1 couplings, 0.5 min)
09:49:12 | INFO     | t=3038.5: LOCO → Allocating for pickup from WS_02
09:49:12 | INFO     | t=3038.5: DISPATCHER → Task submitted: workshop_to_retrofitted (pending=3)
09:49:12 | INFO     | t=3040.5: LOCO[LOCO_01] → COUPLING at retrofit (2.0 min)
09:49:12 | INFO     | t=3042.5: LOCO[LOCO_01] → SHUNTING_PREP at retrofit (1.0 min)
09:49:12 | INFO     | t=3048.5: LOCO[LOCO_01] → DECOUPLING at WS_01 (3.0 min)
09:49:12 | INFO     | t=3051.5: RAKE[W11988,W10354] → DECOUPLING at WS_01 (1 couplings, 3.0 min)
09:49:12 | INFO     | t=3054.5: WAGON[W11988] → RETROFIT_STARTED at WS_01
09:49:12 | INFO     | t=3054.5: WAGON[W10354] → RETROFIT_STARTED at WS_01
09:49:12 | INFO     | t=3059.5: DISPATCHER → Hold override for retrofitted_to_parking (waited 314.0 min >= max 45.0 min)
09:49:12 | INFO     | t=3059.5: DISPATCHER → Assigned loco LOCO_01 to retrofitted_to_parking (waited 314.0 min, pending=2)
09:49:12 | INFO     | t=3059.5: LOCO[LOCO_01] → Allocated for parking transport
09:49:12 | INFO     | t=3060.0: LOCO[LOCO_02] → TRAIN_PREP at collection (coupling + prep, 7.0 min)
09:49:12 | INFO     | EVENT_PUBLISHED: TrainArrivedEvent | train=T41 | time=3064.0
09:49:12 | INFO     | EVENT_HANDLING: TrainArrivedEvent -> RetrofitWorkshopContext._handle_train_arrived
09:49:12 | INFO     | EVENT_HANDLED: TrainArrivedEvent by RetrofitWorkshopContext._handle_train_arrived
09:49:12 | INFO     | t=3064.5: LOCO[LOCO_01] → TRAIN_PREP at retrofitted (coupling + prep, 2.0 min)
09:49:12 | INFO     | t=3114.5: RAKE[W11988,W10354] → COUPLING at WS_01 (1 couplings, 0.5 min)
09:49:12 | INFO     | t=3115.0: LOCO → Allocating for pickup from WS_01
09:49:12 | INFO     | t=3115.0: DISPATCHER → Task submitted: workshop_to_retrofitted (pending=3)
09:49:12 | INFO     | t=3127.0: LOCO[LOCO_02] → DECOUPLING at retrofit (9.0 min)
09:49:12 | INFO     | t=3136.0: RAKE[W9270,W9276,W11578] → DECOUPLING at retrofit (2 couplings, 6.0 min)
09:49:12 | INFO     | t=3141.5: LOCO[LOCO_01] → DECOUPLING at parking13 (1.0 min)
09:49:12 | INFO     | t=3142.5: RAKE[W2967,W9776] → DECOUPLING at parking13 (1 couplings, 0.5 min)
09:49:12 | INFO     | t=3147.0: Batch size limited by retrofit capacity: 1 wagons (23.2m) fits, 21 waiting
09:49:12 | INFO     | t=3147.0: DISPATCHER → Hold override for collection_to_retrofit (waited 113.5 min >= max 30.0 min)
09:49:12 | INFO     | t=3147.0: DISPATCHER → Assigned loco LOCO_02 to collection_to_retrofit (waited 113.5 min, pending=2)
09:49:12 | INFO     | t=3147.0: COLLECTION → Reserving retrofit track capacity for 1 wagons
09:49:12 | INFO     | EVENT_PUBLISHED: TrainArrivedEvent | train=T42 | time=3190.8
09:49:12 | INFO     | EVENT_HANDLING: TrainArrivedEvent -> RetrofitWorkshopContext._handle_train_arrived
09:49:12 | INFO     | EVENT_HANDLED: TrainArrivedEvent by RetrofitWorkshopContext._handle_train_arrived
09:49:12 | INFO     | t=3203.0: LOCO[LOCO_01] → Releasing
09:49:12 | INFO     | t=3203.0: LOCO[LOCO_01] → Released
09:49:12 | INFO     | t=3203.0: PARKING → Got wagon W12208 from retrofitted
09:49:12 | INFO     | t=3203.0: DISPATCHER → Assigned loco LOCO_01 to workshop_to_retrofitted (waited 164.5 min, pending=1)
09:49:12 | INFO     | t=3203.0: LOCO[LOCO_01] → Allocated for pickup
09:49:12 | INFO     | t=3203.0: LOCO → Allocating for parking transport
09:49:12 | INFO     | t=3203.0: DISPATCHER → Task submitted: retrofitted_to_parking (pending=2)
09:49:12 | INFO     | t=3207.0: LOCO[LOCO_02] → TRAIN_PREP at collection (coupling + prep, 5.0 min)
09:49:12 | INFO     | t=3210.0: LOCO[LOCO_01] → TRAIN_PREP completed at WS_02 (2.0 min)
09:49:12 | INFO     | t=3215.0: BATCH → Putting 2 wagons on retrofitted track retrofitted
09:49:12 | INFO     | t=3215.0: WAGON[W9756] → Added to retrofitted track retrofitted
09:49:12 | INFO     | t=3215.0: WAGON[W11467] → Added to retrofitted track retrofitted
09:49:12 | INFO     | t=3220.0: WORKSHOP[WS_02] → Released, notifying 1 waiting processes
09:49:12 | INFO     | t=3220.0: WORKSHOP → Workshop became available
09:49:12 | INFO     | t=3220.0: WORKSHOP[WS_02] → Selected for batch
09:49:12 | INFO     | t=3220.0: DISPATCHER → Assigned loco LOCO_01 to workshop_to_retrofitted (waited 105.0 min, pending=1)
09:49:12 | INFO     | t=3220.0: WAGON[W12260] → Added to batch
09:49:12 | INFO     | t=3220.0: BATCH[W3950,W12260] → Formed 2 wagons for WS_02
09:49:12 | INFO     | t=3220.0: LOCO[LOCO_01] → Allocated for pickup
09:49:12 | INFO     | t=3220.0: TRACK[retrofit] → Removed 2 wagons (43.1m freed)
09:49:12 | INFO     | t=3220.0: DISPATCHER → Task submitted: retrofit_to_workshop (pending=2)
09:49:12 | INFO     | t=3220.0: COLLECTION → Capacity reserved, allocating locomotive
09:49:12 | INFO     | t=3220.0: DISPATCHER → Task submitted: collection_to_retrofit (pending=3)
09:49:12 | INFO     | t=3227.0: LOCO[LOCO_01] → TRAIN_PREP completed at WS_01 (2.0 min)
09:49:12 | INFO     | t=3232.0: BATCH → Putting 2 wagons on retrofitted track retrofitted
09:49:12 | INFO     | t=3232.0: WAGON[W11988] → Added to retrofitted track retrofitted
09:49:12 | INFO     | t=3232.0: WAGON[W10354] → Added to retrofitted track retrofitted
09:49:12 | INFO     | t=3237.0: WORKSHOP[WS_01] → Released, notifying 0 waiting processes
09:49:12 | INFO     | t=3237.0: DISPATCHER → Assigned loco LOCO_01 to retrofit_to_workshop (waited 17.0 min, pending=2)
09:49:12 | INFO     | t=3237.0: RAKE[W3950,W12260] → COUPLING at retrofit (1 couplings, 2.0 min)
09:49:12 | INFO     | t=3237.0: WAGON[W0130] → Retrieved from retrofit queue
09:49:12 | INFO     | t=3237.0: WORKSHOP[WS_01] → Selected for batch
09:49:12 | INFO     | t=3237.0: WAGON[W7997] → Added to batch
09:49:12 | INFO     | t=3237.0: BATCH[W0130,W7997] → Formed 2 wagons for WS_01
09:49:12 | INFO     | t=3237.0: TRACK[retrofit] → Removed 2 wagons (37.9m freed)
09:49:12 | INFO     | t=3237.0: DISPATCHER → Task submitted: retrofit_to_workshop (pending=3)
09:49:12 | INFO     | EVENT_PUBLISHED: TrainArrivedEvent | train=T43 | time=3237.2
09:49:12 | INFO     | EVENT_HANDLING: TrainArrivedEvent -> RetrofitWorkshopContext._handle_train_arrived
09:49:12 | INFO     | EVENT_HANDLED: TrainArrivedEvent by RetrofitWorkshopContext._handle_train_arrived
09:49:12 | INFO     | EVENT_PUBLISHED: TrainArrivedEvent | train=T44 | time=3239.2
09:49:12 | INFO     | EVENT_HANDLING: TrainArrivedEvent -> RetrofitWorkshopContext._handle_train_arrived
09:49:12 | INFO     | EVENT_HANDLED: TrainArrivedEvent by RetrofitWorkshopContext._handle_train_arrived
09:49:12 | INFO     | t=3244.0: LOCO[LOCO_01] → COUPLING at retrofit (2.0 min)
09:49:12 | INFO     | t=3246.0: LOCO[LOCO_01] → SHUNTING_PREP at retrofit (1.0 min)
09:49:12 | INFO     | t=3252.0: LOCO[LOCO_01] → DECOUPLING at WS_02 (3.0 min)
09:49:12 | INFO     | t=3255.0: RAKE[W3950,W12260] → DECOUPLING at WS_02 (1 couplings, 3.0 min)
09:49:12 | INFO     | t=3258.0: WAGON[W3950] → RETROFIT_STARTED at WS_02
09:49:12 | INFO     | t=3258.0: WAGON[W12260] → RETROFIT_STARTED at WS_02
09:49:12 | INFO     | t=3263.0: DISPATCHER → Hold override for retrofitted_to_parking (waited 60.0 min >= max 45.0 min)
09:49:12 | INFO     | t=3263.0: DISPATCHER → Hold override for collection_to_retrofit (waited 43.0 min >= max 30.0 min)
09:49:12 | INFO     | t=3263.0: DISPATCHER → Assigned loco LOCO_01 to collection_to_retrofit (waited 43.0 min, pending=2)
09:49:12 | INFO     | t=3263.0: DISPATCHER → Hold override for retrofitted_to_parking (waited 60.0 min >= max 45.0 min)
09:49:12 | INFO     | t=3272.0: LOCO[LOCO_02] → DECOUPLING at retrofit (6.0 min)
09:49:12 | INFO     | t=3278.0: RAKE[W2399,W9868] → DECOUPLING at retrofit (1 couplings, 3.0 min)
09:49:12 | INFO     | t=3286.0: DISPATCHER → Hold override for retrofitted_to_parking (waited 83.0 min >= max 45.0 min)
09:49:12 | INFO     | t=3286.0: DISPATCHER → Assigned loco LOCO_02 to retrofit_to_workshop (waited 49.0 min, pending=1)
09:49:12 | INFO     | t=3286.0: DISPATCHER → Hold override for retrofitted_to_parking (waited 83.0 min >= max 45.0 min)
09:49:12 | INFO     | t=3286.0: RAKE[W0130,W7997] → COUPLING at retrofit (1 couplings, 2.0 min)
09:49:12 | INFO     | t=3286.0: Batch size limited by retrofit capacity: 3 wagons (69.7m) fits, 17 waiting
09:49:12 | INFO     | t=3286.0: WAGON[W9352] → Retrieved from retrofit queue
09:49:12 | INFO     | t=3286.0: WORKSHOP → No workshop available, waiting...
09:49:12 | INFO     | t=3286.0: COLLECTION → Reserving retrofit track capacity for 3 wagons
09:49:12 | INFO     | t=3286.0: COLLECTION → Capacity reserved, allocating locomotive
09:49:12 | INFO     | t=3286.0: DISPATCHER → Task submitted: collection_to_retrofit (pending=2)
09:49:12 | INFO     | EVENT_PUBLISHED: TrainArrivedEvent | train=T45 | time=3287.2
09:49:12 | INFO     | EVENT_HANDLING: TrainArrivedEvent -> RetrofitWorkshopContext._handle_train_arrived
09:49:12 | INFO     | EVENT_HANDLED: TrainArrivedEvent by RetrofitWorkshopContext._handle_train_arrived
09:49:12 | INFO     | t=3293.0: LOCO[LOCO_02] → COUPLING at retrofit (2.0 min)
09:49:12 | INFO     | t=3295.0: LOCO[LOCO_02] → SHUNTING_PREP at retrofit (1.0 min)
09:49:12 | INFO     | EVENT_PUBLISHED: TrainArrivedEvent | train=T46 | time=3299.0
09:49:12 | INFO     | EVENT_HANDLING: TrainArrivedEvent -> RetrofitWorkshopContext._handle_train_arrived
09:49:12 | INFO     | EVENT_HANDLED: TrainArrivedEvent by RetrofitWorkshopContext._handle_train_arrived
09:49:12 | INFO     | t=3301.0: LOCO[LOCO_02] → DECOUPLING at WS_01 (3.0 min)
09:49:12 | INFO     | t=3304.0: RAKE[W0130,W7997] → DECOUPLING at WS_01 (1 couplings, 3.0 min)
09:49:12 | INFO     | t=3307.0: WAGON[W0130] → RETROFIT_STARTED at WS_01
09:49:12 | INFO     | t=3307.0: WAGON[W7997] → RETROFIT_STARTED at WS_01
09:49:12 | INFO     | t=3312.0: DISPATCHER → Hold override for retrofitted_to_parking (waited 109.0 min >= max 45.0 min)
09:49:12 | INFO     | t=3312.0: DISPATCHER → Assigned loco LOCO_02 to retrofitted_to_parking (waited 109.0 min, pending=1)
09:49:12 | INFO     | t=3312.0: LOCO[LOCO_02] → Allocated for parking transport
09:49:12 | INFO     | t=3317.0: DISPATCHER → Hold override for collection_to_retrofit (waited 31.0 min >= max 30.0 min)
09:49:12 | INFO     | t=3317.0: LOCO[LOCO_02] → TRAIN_PREP at retrofitted (coupling + prep, 4.0 min)
09:49:12 | INFO     | t=3318.0: RAKE[W3950,W12260] → COUPLING at WS_02 (1 couplings, 0.5 min)
09:49:12 | INFO     | t=3318.5: LOCO → Allocating for pickup from WS_02
09:49:12 | INFO     | t=3318.5: DISPATCHER → Task submitted: workshop_to_retrofitted (pending=2)
09:49:12 | INFO     | t=3323.0: LOCO[LOCO_01] → TRAIN_PREP at collection (coupling + prep, 3.0 min)
09:49:12 | INFO     | t=3367.0: RAKE[W0130,W7997] → COUPLING at WS_01 (1 couplings, 0.5 min)
09:49:12 | INFO     | t=3367.5: LOCO → Allocating for pickup from WS_01
09:49:12 | INFO     | t=3367.5: DISPATCHER → Task submitted: workshop_to_retrofitted (pending=3)
09:49:12 | INFO     | EVENT_PUBLISHED: TrainArrivedEvent | train=T47 | time=3383.0
09:49:12 | INFO     | EVENT_HANDLING: TrainArrivedEvent -> RetrofitWorkshopContext._handle_train_arrived
09:49:12 | INFO     | EVENT_HANDLED: TrainArrivedEvent by RetrofitWorkshopContext._handle_train_arrived
09:49:12 | INFO     | t=3386.0: LOCO[LOCO_01] → DECOUPLING at retrofit (3.0 min)
09:49:12 | INFO     | t=3389.0: RAKE[W11970] → DECOUPLING at retrofit (0 couplings, 0.0 min)
09:49:12 | INFO     | t=3394.0: Batch size limited by retrofit capacity: 1 wagons (20.0m) fits, 21 waiting
09:49:12 | INFO     | t=3394.0: DISPATCHER → Hold override for collection_to_retrofit (waited 108.0 min >= max 30.0 min)
09:49:12 | INFO     | t=3394.0: DISPATCHER → Assigned loco LOCO_01 to collection_to_retrofit (waited 108.0 min, pending=2)
09:49:12 | INFO     | t=3394.0: COLLECTION → Reserving retrofit track capacity for 1 wagons
09:49:12 | INFO     | t=3396.0: LOCO[LOCO_02] → DECOUPLING at parking14 (3.0 min)
09:49:12 | INFO     | t=3399.0: RAKE[W12208,W10130,W11348,W12037,W0440,W9721] → DECOUPLING at parking14 (5 couplings, 2.5 min)
09:49:12 | INFO     | t=3454.0: LOCO[LOCO_01] → TRAIN_PREP at collection (coupling + prep, 7.0 min)
09:49:12 | INFO     | t=3461.5: LOCO[LOCO_02] → Releasing
09:49:12 | INFO     | t=3461.5: LOCO[LOCO_02] → Released
09:49:12 | INFO     | t=3461.5: PARKING → Got wagon W9756 from retrofitted
09:49:12 | INFO     | t=3461.5: DISPATCHER → Assigned loco LOCO_02 to workshop_to_retrofitted (waited 143.0 min, pending=1)
09:49:12 | INFO     | t=3461.5: LOCO[LOCO_02] → Allocated for pickup
09:49:12 | INFO     | t=3461.5: LOCO → Allocating for parking transport
09:49:12 | INFO     | t=3461.5: DISPATCHER → Task submitted: retrofitted_to_parking (pending=2)
09:49:12 | INFO     | t=3468.5: LOCO[LOCO_02] → TRAIN_PREP completed at WS_02 (2.0 min)
09:49:12 | INFO     | t=3473.5: BATCH → Putting 2 wagons on retrofitted track retrofitted
09:49:12 | INFO     | t=3473.5: WAGON[W3950] → Added to retrofitted track retrofitted
09:49:12 | INFO     | t=3473.5: WAGON[W12260] → Added to retrofitted track retrofitted
09:49:12 | INFO     | t=3478.5: WORKSHOP[WS_02] → Released, notifying 1 waiting processes
09:49:12 | INFO     | t=3478.5: WORKSHOP → Workshop became available
09:49:12 | INFO     | t=3478.5: WORKSHOP[WS_02] → Selected for batch
09:49:12 | INFO     | t=3478.5: DISPATCHER → Assigned loco LOCO_02 to workshop_to_retrofitted (waited 111.0 min, pending=1)
09:49:12 | INFO     | t=3478.5: WAGON[W8626] → Added to batch
09:49:12 | INFO     | t=3478.5: BATCH[W9352,W8626] → Formed 2 wagons for WS_02
09:49:12 | INFO     | t=3478.5: LOCO[LOCO_02] → Allocated for pickup
09:49:12 | INFO     | t=3478.5: TRACK[retrofit] → Removed 2 wagons (40.0m freed)
09:49:12 | INFO     | t=3478.5: DISPATCHER → Task submitted: retrofit_to_workshop (pending=2)
09:49:12 | INFO     | t=3478.5: COLLECTION → Capacity reserved, allocating locomotive
09:49:12 | INFO     | t=3478.5: DISPATCHER → Task submitted: collection_to_retrofit (pending=3)
09:49:12 | INFO     | t=3485.5: LOCO[LOCO_02] → TRAIN_PREP completed at WS_01 (2.0 min)
09:49:12 | INFO     | t=3490.5: BATCH → Putting 2 wagons on retrofitted track retrofitted
09:49:12 | INFO     | t=3490.5: WAGON[W0130] → Added to retrofitted track retrofitted
09:49:12 | INFO     | t=3490.5: WAGON[W7997] → Added to retrofitted track retrofitted
09:49:12 | INFO     | t=3495.5: WORKSHOP[WS_01] → Released, notifying 0 waiting processes
09:49:12 | INFO     | t=3495.5: DISPATCHER → Assigned loco LOCO_02 to retrofit_to_workshop (waited 17.0 min, pending=2)
09:49:12 | INFO     | t=3495.5: RAKE[W9352,W8626] → COUPLING at retrofit (1 couplings, 2.0 min)
09:49:12 | INFO     | t=3495.5: WAGON[W9174] → Retrieved from retrofit queue
09:49:12 | INFO     | t=3495.5: WORKSHOP[WS_01] → Selected for batch
09:49:12 | INFO     | t=3495.5: WAGON[W9169] → Added to batch
09:49:12 | INFO     | t=3495.5: BATCH[W9174,W9169] → Formed 2 wagons for WS_01
09:49:12 | INFO     | t=3495.5: TRACK[retrofit] → Removed 2 wagons (34.0m freed)
09:49:12 | INFO     | t=3495.5: DISPATCHER → Task submitted: retrofit_to_workshop (pending=3)
09:49:12 | INFO     | t=3502.5: LOCO[LOCO_02] → COUPLING at retrofit (2.0 min)
09:49:12 | INFO     | t=3504.5: LOCO[LOCO_02] → SHUNTING_PREP at retrofit (1.0 min)
09:49:12 | INFO     | t=3510.5: LOCO[LOCO_02] → DECOUPLING at WS_02 (3.0 min)
09:49:12 | INFO     | t=3513.5: RAKE[W9352,W8626] → DECOUPLING at WS_02 (1 couplings, 3.0 min)
09:49:12 | INFO     | t=3516.5: WAGON[W9352] → RETROFIT_STARTED at WS_02
09:49:12 | INFO     | t=3516.5: WAGON[W8626] → RETROFIT_STARTED at WS_02
09:49:12 | INFO     | t=3521.0: LOCO[LOCO_01] → DECOUPLING at retrofit (9.0 min)
09:49:12 | INFO     | t=3521.5: DISPATCHER → Hold override for retrofitted_to_parking (waited 60.0 min >= max 45.0 min)
09:49:12 | INFO     | t=3521.5: DISPATCHER → Hold override for collection_to_retrofit (waited 43.0 min >= max 30.0 min)
09:49:12 | INFO     | t=3521.5: DISPATCHER → Assigned loco LOCO_02 to collection_to_retrofit (waited 43.0 min, pending=2)
09:49:12 | INFO     | t=3521.5: DISPATCHER → Hold override for retrofitted_to_parking (waited 60.0 min >= max 45.0 min)
09:49:12 | INFO     | t=3530.0: RAKE[W12060,W12210,W8636] → DECOUPLING at retrofit (2 couplings, 6.0 min)
09:49:12 | INFO     | t=3541.0: DISPATCHER → Hold override for retrofitted_to_parking (waited 79.5 min >= max 45.0 min)
09:49:12 | INFO     | t=3541.0: DISPATCHER → Assigned loco LOCO_01 to retrofit_to_workshop (waited 45.5 min, pending=1)
09:49:12 | INFO     | t=3541.0: DISPATCHER → Hold override for retrofitted_to_parking (waited 79.5 min >= max 45.0 min)
09:49:12 | INFO     | t=3541.0: RAKE[W9174,W9169] → COUPLING at retrofit (1 couplings, 2.0 min)
09:49:12 | INFO     | t=3541.0: Batch size limited by retrofit capacity: 3 wagons (52.0m) fits, 19 waiting
09:49:12 | INFO     | t=3541.0: WAGON[W2980] → Retrieved from retrofit queue
09:49:12 | INFO     | t=3541.0: WORKSHOP → No workshop available, waiting...
09:49:12 | INFO     | t=3541.0: COLLECTION → Reserving retrofit track capacity for 3 wagons
09:49:12 | INFO     | t=3541.0: COLLECTION → Capacity reserved, allocating locomotive
09:49:12 | INFO     | t=3541.0: DISPATCHER → Task submitted: collection_to_retrofit (pending=2)
09:49:12 | INFO     | t=3548.0: LOCO[LOCO_01] → COUPLING at retrofit (2.0 min)
09:49:12 | INFO     | t=3550.0: LOCO[LOCO_01] → SHUNTING_PREP at retrofit (1.0 min)
09:49:12 | INFO     | t=3556.0: LOCO[LOCO_01] → DECOUPLING at WS_01 (3.0 min)
09:49:12 | INFO     | EVENT_PUBLISHED: TrainArrivedEvent | train=T48 | time=3557.8
09:49:12 | INFO     | EVENT_HANDLING: TrainArrivedEvent -> RetrofitWorkshopContext._handle_train_arrived
09:49:12 | INFO     | EVENT_HANDLED: TrainArrivedEvent by RetrofitWorkshopContext._handle_train_arrived
09:49:12 | INFO     | t=3559.0: RAKE[W9174,W9169] → DECOUPLING at WS_01 (1 couplings, 3.0 min)
09:49:12 | INFO     | t=3562.0: WAGON[W9174] → RETROFIT_STARTED at WS_01
09:49:12 | INFO     | t=3562.0: WAGON[W9169] → RETROFIT_STARTED at WS_01
09:49:12 | INFO     | t=3567.0: DISPATCHER → Hold override for retrofitted_to_parking (waited 105.5 min >= max 45.0 min)
09:49:12 | INFO     | t=3567.0: DISPATCHER → Assigned loco LOCO_01 to retrofitted_to_parking (waited 105.5 min, pending=1)
09:49:12 | INFO     | t=3567.0: LOCO[LOCO_01] → Allocated for parking transport
09:49:12 | INFO     | t=3572.0: DISPATCHER → Hold override for collection_to_retrofit (waited 31.0 min >= max 30.0 min)
09:49:12 | INFO     | t=3572.0: LOCO[LOCO_01] → TRAIN_PREP at retrofitted (coupling + prep, 3.0 min)
09:49:12 | INFO     | t=3576.5: RAKE[W9352,W8626] → COUPLING at WS_02 (1 couplings, 0.5 min)
09:49:12 | INFO     | t=3577.0: LOCO → Allocating for pickup from WS_02
09:49:12 | INFO     | t=3577.0: DISPATCHER → Task submitted: workshop_to_retrofitted (pending=2)
09:49:12 | INFO     | t=3581.5: LOCO[LOCO_02] → TRAIN_PREP at collection (coupling + prep, 3.0 min)
09:49:12 | INFO     | t=3622.0: RAKE[W9174,W9169] → COUPLING at WS_01 (1 couplings, 0.5 min)
09:49:12 | INFO     | t=3622.5: LOCO → Allocating for pickup from WS_01
09:49:12 | INFO     | t=3622.5: DISPATCHER → Task submitted: workshop_to_retrofitted (pending=3)
09:49:12 | INFO     | t=3644.5: LOCO[LOCO_02] → DECOUPLING at retrofit (3.0 min)
09:49:12 | INFO     | t=3647.5: RAKE[W3173] → DECOUPLING at retrofit (0 couplings, 0.0 min)
09:49:12 | INFO     | t=3650.0: LOCO[LOCO_01] → DECOUPLING at parking15 (2.0 min)
09:49:12 | INFO     | t=3652.0: RAKE[W9756,W11467,W11988,W10354] → DECOUPLING at parking15 (3 couplings, 1.5 min)
09:49:12 | INFO     | t=3652.5: Batch size limited by retrofit capacity: 1 wagons (20.8m) fits, 20 waiting
09:49:12 | INFO     | t=3652.5: DISPATCHER → Hold override for collection_to_retrofit (waited 111.5 min >= max 30.0 min)
09:49:12 | INFO     | t=3652.5: DISPATCHER → Assigned loco LOCO_02 to collection_to_retrofit (waited 111.5 min, pending=2)
09:49:12 | INFO     | t=3652.5: COLLECTION → Reserving retrofit track capacity for 1 wagons
09:49:12 | INFO     | t=3712.5: LOCO[LOCO_02] → TRAIN_PREP at collection (coupling + prep, 7.0 min)
09:49:12 | INFO     | t=3713.5: LOCO[LOCO_01] → Releasing
09:49:12 | INFO     | t=3713.5: LOCO[LOCO_01] → Released
09:49:12 | INFO     | t=3713.5: PARKING → Got wagon W3950 from retrofitted
09:49:12 | INFO     | t=3713.5: DISPATCHER → Assigned loco LOCO_01 to workshop_to_retrofitted (waited 136.5 min, pending=1)
09:49:12 | INFO     | t=3713.5: LOCO[LOCO_01] → Allocated for pickup
09:49:12 | INFO     | t=3713.5: LOCO → Allocating for parking transport
09:49:12 | INFO     | t=3713.5: DISPATCHER → Task submitted: retrofitted_to_parking (pending=2)
09:49:12 | INFO     | t=3720.5: LOCO[LOCO_01] → TRAIN_PREP completed at WS_02 (2.0 min)
09:49:12 | INFO     | t=3725.5: BATCH → Putting 2 wagons on retrofitted track retrofitted
09:49:12 | INFO     | t=3725.5: WAGON[W9352] → Added to retrofitted track retrofitted
09:49:12 | INFO     | t=3725.5: WAGON[W8626] → Added to retrofitted track retrofitted
09:49:12 | INFO     | t=3730.5: WORKSHOP[WS_02] → Released, notifying 1 waiting processes
09:49:12 | INFO     | t=3730.5: WORKSHOP → Workshop became available
09:49:12 | INFO     | t=3730.5: WORKSHOP[WS_02] → Selected for batch
09:49:12 | INFO     | t=3730.5: DISPATCHER → Assigned loco LOCO_01 to workshop_to_retrofitted (waited 108.0 min, pending=1)
09:49:12 | INFO     | t=3730.5: WAGON[W9173] → Added to batch
09:49:12 | INFO     | t=3730.5: BATCH[W2980,W9173] → Formed 2 wagons for WS_02
09:49:12 | INFO     | t=3730.5: LOCO[LOCO_01] → Allocated for pickup
09:49:12 | INFO     | t=3730.5: TRACK[retrofit] → Removed 2 wagons (40.2m freed)
09:49:12 | INFO     | t=3730.5: DISPATCHER → Task submitted: retrofit_to_workshop (pending=2)
09:49:12 | INFO     | t=3730.5: COLLECTION → Capacity reserved, allocating locomotive
09:49:12 | INFO     | t=3730.5: DISPATCHER → Task submitted: collection_to_retrofit (pending=3)
09:49:12 | INFO     | t=3737.5: LOCO[LOCO_01] → TRAIN_PREP completed at WS_01 (2.0 min)
09:49:12 | INFO     | t=3742.5: BATCH → Putting 2 wagons on retrofitted track retrofitted
09:49:12 | INFO     | t=3742.5: WAGON[W9174] → Added to retrofitted track retrofitted
09:49:12 | INFO     | t=3742.5: WAGON[W9169] → Added to retrofitted track retrofitted
09:49:12 | INFO     | t=3747.5: WORKSHOP[WS_01] → Released, notifying 0 waiting processes
09:49:12 | INFO     | t=3747.5: DISPATCHER → Assigned loco LOCO_01 to retrofit_to_workshop (waited 17.0 min, pending=2)
09:49:12 | INFO     | t=3747.5: RAKE[W2980,W9173] → COUPLING at retrofit (1 couplings, 2.0 min)
09:49:12 | INFO     | t=3747.5: WAGON[W2406] → Retrieved from retrofit queue
09:49:12 | INFO     | t=3747.5: WORKSHOP[WS_01] → Selected for batch
09:49:12 | INFO     | t=3747.5: WAGON[W9270] → Added to batch
09:49:12 | INFO     | t=3747.5: BATCH[W2406,W9270] → Formed 2 wagons for WS_01
09:49:12 | INFO     | t=3747.5: TRACK[retrofit] → Removed 2 wagons (32.1m freed)
09:49:12 | INFO     | t=3747.5: DISPATCHER → Task submitted: retrofit_to_workshop (pending=3)
09:49:12 | INFO     | t=3754.5: LOCO[LOCO_01] → COUPLING at retrofit (2.0 min)
09:49:12 | INFO     | t=3756.5: LOCO[LOCO_01] → SHUNTING_PREP at retrofit (1.0 min)
09:49:12 | INFO     | t=3762.5: LOCO[LOCO_01] → DECOUPLING at WS_02 (3.0 min)
09:49:12 | INFO     | t=3765.5: RAKE[W2980,W9173] → DECOUPLING at WS_02 (1 couplings, 3.0 min)
09:49:12 | INFO     | t=3768.5: WAGON[W2980] → RETROFIT_STARTED at WS_02
09:49:12 | INFO     | t=3768.5: WAGON[W9173] → RETROFIT_STARTED at WS_02
09:49:12 | INFO     | t=3773.5: DISPATCHER → Hold override for retrofitted_to_parking (waited 60.0 min >= max 45.0 min)
09:49:12 | INFO     | t=3773.5: DISPATCHER → Hold override for collection_to_retrofit (waited 43.0 min >= max 30.0 min)
09:49:12 | INFO     | t=3773.5: DISPATCHER → Assigned loco LOCO_01 to collection_to_retrofit (waited 43.0 min, pending=2)
09:49:12 | INFO     | t=3773.5: DISPATCHER → Hold override for retrofitted_to_parking (waited 60.0 min >= max 45.0 min)
09:49:12 | INFO     | t=3779.5: LOCO[LOCO_02] → DECOUPLING at retrofit (9.0 min)
09:49:12 | INFO     | t=3788.5: RAKE[W10949,W8631,W9392] → DECOUPLING at retrofit (2 couplings, 6.0 min)
09:49:12 | INFO     | t=3799.5: DISPATCHER → Hold override for retrofitted_to_parking (waited 86.0 min >= max 45.0 min)
09:49:12 | INFO     | t=3799.5: DISPATCHER → Assigned loco LOCO_02 to retrofit_to_workshop (waited 52.0 min, pending=1)
09:49:12 | INFO     | t=3799.5: DISPATCHER → Hold override for retrofitted_to_parking (waited 86.0 min >= max 45.0 min)
09:49:12 | INFO     | t=3799.5: RAKE[W2406,W9270] → COUPLING at retrofit (1 couplings, 2.0 min)
09:49:12 | INFO     | t=3799.5: Batch size limited by retrofit capacity: 3 wagons (55.8m) fits, 19 waiting
09:49:12 | INFO     | t=3799.5: WAGON[W9276] → Retrieved from retrofit queue
09:49:12 | INFO     | t=3799.5: WORKSHOP → No workshop available, waiting...
09:49:12 | INFO     | t=3799.5: COLLECTION → Reserving retrofit track capacity for 3 wagons
09:49:12 | INFO     | t=3799.5: COLLECTION → Capacity reserved, allocating locomotive
09:49:12 | INFO     | t=3799.5: DISPATCHER → Task submitted: collection_to_retrofit (pending=2)
09:49:12 | INFO     | t=3806.5: LOCO[LOCO_02] → COUPLING at retrofit (2.0 min)
09:49:12 | INFO     | t=3808.5: LOCO[LOCO_02] → SHUNTING_PREP at retrofit (1.0 min)
09:49:12 | INFO     | t=3814.5: LOCO[LOCO_02] → DECOUPLING at WS_01 (3.0 min)
09:49:12 | INFO     | t=3817.5: RAKE[W2406,W9270] → DECOUPLING at WS_01 (1 couplings, 3.0 min)
09:49:12 | INFO     | t=3820.5: WAGON[W2406] → RETROFIT_STARTED at WS_01
09:49:12 | INFO     | t=3820.5: WAGON[W9270] → RETROFIT_STARTED at WS_01
09:49:12 | INFO     | t=3825.5: DISPATCHER → Hold override for retrofitted_to_parking (waited 112.0 min >= max 45.0 min)
09:49:12 | INFO     | t=3825.5: DISPATCHER → Assigned loco LOCO_02 to retrofitted_to_parking (waited 112.0 min, pending=1)
09:49:12 | INFO     | t=3825.5: LOCO[LOCO_02] → Allocated for parking transport
09:49:12 | INFO     | t=3828.5: RAKE[W2980,W9173] → COUPLING at WS_02 (1 couplings, 0.5 min)
09:49:12 | INFO     | t=3829.0: LOCO → Allocating for pickup from WS_02
09:49:12 | INFO     | t=3829.0: DISPATCHER → Task submitted: workshop_to_retrofitted (pending=2)
09:49:12 | INFO     | t=3830.5: LOCO[LOCO_02] → TRAIN_PREP at retrofitted (coupling + prep, 3.0 min)
09:49:12 | INFO     | t=3833.5: LOCO[LOCO_01] → TRAIN_PREP at collection (coupling + prep, 3.0 min)
09:49:12 | INFO     | t=3880.5: RAKE[W2406,W9270] → COUPLING at WS_01 (1 couplings, 0.5 min)
09:49:12 | INFO     | t=3881.0: LOCO → Allocating for pickup from WS_01
09:49:12 | INFO     | t=3881.0: DISPATCHER → Task submitted: workshop_to_retrofitted (pending=3)
09:49:12 | INFO     | t=3896.5: LOCO[LOCO_01] → DECOUPLING at retrofit (3.0 min)
09:49:12 | INFO     | t=3899.5: RAKE[W5038] → DECOUPLING at retrofit (0 couplings, 0.0 min)
09:49:12 | INFO     | t=3904.5: Batch size limited by retrofit capacity: 1 wagons (12.7m) fits, 19 waiting
09:49:12 | INFO     | t=3904.5: DISPATCHER → Hold override for collection_to_retrofit (waited 105.0 min >= max 30.0 min)
09:49:12 | INFO     | t=3904.5: DISPATCHER → Assigned loco LOCO_01 to collection_to_retrofit (waited 105.0 min, pending=2)
09:49:12 | INFO     | t=3904.5: COLLECTION → Reserving retrofit track capacity for 1 wagons
09:49:12 | INFO     | EVENT_PUBLISHED: TrainArrivedEvent | train=T49 | time=3940.8
09:49:12 | INFO     | EVENT_HANDLING: TrainArrivedEvent -> RetrofitWorkshopContext._handle_train_arrived
09:49:12 | INFO     | EVENT_HANDLED: TrainArrivedEvent by RetrofitWorkshopContext._handle_train_arrived
09:49:12 | INFO     | t=3953.5: LOCO[LOCO_02] → DECOUPLING at parking16 (2.0 min)
09:49:12 | INFO     | EVENT_PUBLISHED: TrainArrivedEvent | train=T50 | time=3955.2
09:49:12 | INFO     | EVENT_HANDLING: TrainArrivedEvent -> RetrofitWorkshopContext._handle_train_arrived
09:49:12 | INFO     | EVENT_HANDLED: TrainArrivedEvent by RetrofitWorkshopContext._handle_train_arrived
09:49:12 | INFO     | t=3955.5: RAKE[W3950,W12260,W0130,W7997] → DECOUPLING at parking16 (3 couplings, 1.5 min)
09:49:12 | INFO     | t=3964.5: LOCO[LOCO_01] → TRAIN_PREP at collection (coupling + prep, 7.0 min)
09:49:12 | INFO     | EVENT_PUBLISHED: TrainArrivedEvent | train=T51 | time=3997.8
09:49:12 | INFO     | EVENT_HANDLING: TrainArrivedEvent -> RetrofitWorkshopContext._handle_train_arrived
09:49:12 | INFO     | EVENT_HANDLED: TrainArrivedEvent by RetrofitWorkshopContext._handle_train_arrived
09:49:12 | INFO     | t=4017.0: LOCO[LOCO_02] → Releasing
09:49:12 | INFO     | t=4017.0: LOCO[LOCO_02] → Released
09:49:12 | INFO     | t=4017.0: PARKING → Got wagon W9352 from retrofitted
09:49:12 | INFO     | t=4017.0: DISPATCHER → Assigned loco LOCO_02 to workshop_to_retrofitted (waited 188.0 min, pending=1)
09:49:12 | INFO     | t=4017.0: LOCO[LOCO_02] → Allocated for pickup
09:49:12 | INFO     | t=4017.0: LOCO → Allocating for parking transport
09:49:12 | INFO     | t=4017.0: DISPATCHER → Task submitted: retrofitted_to_parking (pending=2)
09:49:12 | INFO     | t=4024.0: LOCO[LOCO_02] → TRAIN_PREP completed at WS_02 (2.0 min)
09:49:12 | INFO     | t=4029.0: BATCH → Putting 2 wagons on retrofitted track retrofitted
09:49:12 | INFO     | t=4029.0: WAGON[W2980] → Added to retrofitted track retrofitted
09:49:12 | INFO     | t=4029.0: WAGON[W9173] → Added to retrofitted track retrofitted
09:49:12 | INFO     | t=4031.5: LOCO[LOCO_01] → DECOUPLING at retrofit (9.0 min)
09:49:12 | INFO     | t=4034.0: WORKSHOP[WS_02] → Released, notifying 1 waiting processes
09:49:12 | INFO     | t=4034.0: WORKSHOP → Workshop became available
09:49:12 | INFO     | t=4034.0: WORKSHOP[WS_02] → Selected for batch
09:49:12 | INFO     | t=4034.0: DISPATCHER → Assigned loco LOCO_02 to workshop_to_retrofitted (waited 153.0 min, pending=1)
09:49:12 | INFO     | t=4034.0: WAGON[W11578] → Added to batch
09:49:12 | INFO     | t=4034.0: BATCH[W9276,W11578] → Formed 2 wagons for WS_02
09:49:12 | INFO     | t=4034.0: LOCO[LOCO_02] → Allocated for pickup
09:49:12 | INFO     | t=4034.0: TRACK[retrofit] → Removed 2 wagons (38.3m freed)
09:49:12 | INFO     | t=4034.0: DISPATCHER → Task submitted: retrofit_to_workshop (pending=2)
09:49:12 | INFO     | t=4034.0: COLLECTION → Capacity reserved, allocating locomotive
09:49:12 | INFO     | t=4034.0: DISPATCHER → Task submitted: collection_to_retrofit (pending=3)
09:49:12 | INFO     | t=4040.5: RAKE[W9274,W8613,W6140] → DECOUPLING at retrofit (2 couplings, 6.0 min)
09:49:12 | INFO     | t=4041.0: LOCO[LOCO_02] → TRAIN_PREP completed at WS_01 (2.0 min)
09:49:12 | INFO     | t=4046.0: BATCH → Putting 2 wagons on retrofitted track retrofitted
09:49:12 | INFO     | t=4046.0: WAGON[W2406] → Added to retrofitted track retrofitted
09:49:12 | INFO     | t=4046.0: WAGON[W9270] → Added to retrofitted track retrofitted
09:49:12 | INFO     | t=4051.0: WORKSHOP[WS_01] → Released, notifying 0 waiting processes
09:49:12 | INFO     | t=4051.0: DISPATCHER → Assigned loco LOCO_02 to retrofit_to_workshop (waited 17.0 min, pending=2)
09:49:12 | INFO     | t=4051.0: RAKE[W9276,W11578] → COUPLING at retrofit (1 couplings, 2.0 min)
09:49:12 | INFO     | t=4051.0: WAGON[W2399] → Retrieved from retrofit queue
09:49:12 | INFO     | t=4051.0: WORKSHOP[WS_01] → Selected for batch
09:49:12 | INFO     | t=4051.0: WAGON[W9868] → Added to batch
09:49:12 | INFO     | t=4051.0: BATCH[W2399,W9868] → Formed 2 wagons for WS_01
09:49:12 | INFO     | t=4051.0: TRACK[retrofit] → Removed 2 wagons (39.1m freed)
09:49:12 | INFO     | t=4051.0: DISPATCHER → Task submitted: retrofit_to_workshop (pending=3)
09:49:12 | INFO     | t=4051.5: DISPATCHER → Assigned loco LOCO_01 to collection_to_retrofit (waited 17.5 min, pending=2)
09:49:12 | INFO     | t=4051.5: Batch size limited by retrofit capacity: 3 wagons (63.5m) fits, 19 waiting
09:49:12 | INFO     | t=4051.5: COLLECTION → Reserving retrofit track capacity for 3 wagons
09:49:12 | INFO     | t=4051.5: COLLECTION → Capacity reserved, allocating locomotive
09:49:12 | INFO     | t=4051.5: DISPATCHER → Task submitted: collection_to_retrofit (pending=3)
09:49:12 | INFO     | t=4058.0: LOCO[LOCO_02] → COUPLING at retrofit (2.0 min)
09:49:12 | INFO     | t=4060.0: LOCO[LOCO_02] → SHUNTING_PREP at retrofit (1.0 min)
09:49:12 | INFO     | t=4066.0: LOCO[LOCO_02] → DECOUPLING at WS_02 (3.0 min)
09:49:12 | INFO     | t=4069.0: RAKE[W9276,W11578] → DECOUPLING at WS_02 (1 couplings, 3.0 min)
09:49:12 | INFO     | t=4072.0: WAGON[W9276] → RETROFIT_STARTED at WS_02
09:49:12 | INFO     | t=4072.0: WAGON[W11578] → RETROFIT_STARTED at WS_02
09:49:12 | INFO     | t=4077.0: DISPATCHER → Hold override for retrofitted_to_parking (waited 60.0 min >= max 45.0 min)
09:49:12 | INFO     | t=4077.0: DISPATCHER → Assigned loco LOCO_02 to retrofit_to_workshop (waited 26.0 min, pending=2)
09:49:12 | INFO     | t=4077.0: DISPATCHER → Hold override for retrofitted_to_parking (waited 60.0 min >= max 45.0 min)
09:49:12 | INFO     | t=4077.0: RAKE[W2399,W9868] → COUPLING at retrofit (1 couplings, 2.0 min)
09:49:12 | INFO     | t=4077.0: WAGON[W11970] → Retrieved from retrofit queue
09:49:12 | INFO     | t=4077.0: WORKSHOP → No workshop available, waiting...
09:49:12 | INFO     | t=4084.0: LOCO[LOCO_02] → COUPLING at retrofit (2.0 min)
09:49:12 | INFO     | t=4086.0: LOCO[LOCO_02] → SHUNTING_PREP at retrofit (1.0 min)
09:49:12 | INFO     | t=4092.0: LOCO[LOCO_02] → DECOUPLING at WS_01 (3.0 min)
09:49:12 | INFO     | EVENT_PUBLISHED: TrainArrivedEvent | train=T52 | time=4093.2
09:49:12 | INFO     | EVENT_HANDLING: TrainArrivedEvent -> RetrofitWorkshopContext._handle_train_arrived
09:49:12 | INFO     | EVENT_HANDLED: TrainArrivedEvent by RetrofitWorkshopContext._handle_train_arrived
09:49:12 | INFO     | t=4095.0: RAKE[W2399,W9868] → DECOUPLING at WS_01 (1 couplings, 3.0 min)
09:49:12 | INFO     | t=4098.0: WAGON[W2399] → RETROFIT_STARTED at WS_01
09:49:12 | INFO     | t=4098.0: WAGON[W9868] → RETROFIT_STARTED at WS_01
09:49:12 | INFO     | t=4103.0: DISPATCHER → Hold override for retrofitted_to_parking (waited 86.0 min >= max 45.0 min)
09:49:12 | INFO     | t=4103.0: DISPATCHER → Hold override for collection_to_retrofit (waited 51.5 min >= max 30.0 min)
09:49:12 | INFO     | t=4103.0: DISPATCHER → Assigned loco LOCO_02 to collection_to_retrofit (waited 51.5 min, pending=1)
09:49:12 | INFO     | t=4103.0: DISPATCHER → Hold override for retrofitted_to_parking (waited 86.0 min >= max 45.0 min)
09:49:12 | INFO     | t=4111.5: LOCO[LOCO_01] → TRAIN_PREP at collection (coupling + prep, 3.0 min)
09:49:12 | INFO     | t=4132.0: RAKE[W9276,W11578] → COUPLING at WS_02 (1 couplings, 0.5 min)
09:49:12 | INFO     | t=4132.5: LOCO → Allocating for pickup from WS_02
09:49:12 | INFO     | t=4132.5: DISPATCHER → Task submitted: workshop_to_retrofitted (pending=2)
09:49:12 | INFO     | t=4158.0: RAKE[W2399,W9868] → COUPLING at WS_01 (1 couplings, 0.5 min)
09:49:12 | INFO     | t=4158.5: LOCO → Allocating for pickup from WS_01
09:49:12 | INFO     | t=4158.5: DISPATCHER → Task submitted: workshop_to_retrofitted (pending=3)
09:49:12 | INFO     | t=4163.0: LOCO[LOCO_02] → TRAIN_PREP at collection (coupling + prep, 7.0 min)
09:49:12 | INFO     | t=4174.5: LOCO[LOCO_01] → DECOUPLING at retrofit (3.0 min)
09:49:12 | INFO     | t=4177.5: RAKE[W11261] → DECOUPLING at retrofit (0 couplings, 0.0 min)
09:49:12 | INFO     | t=4182.5: Batch size limited by retrofit capacity: 1 wagons (12.7m) fits, 20 waiting
09:49:12 | INFO     | t=4182.5: DISPATCHER → Hold override for retrofitted_to_parking (waited 165.5 min >= max 45.0 min)
09:49:12 | INFO     | t=4182.5: DISPATCHER → Assigned loco LOCO_01 to workshop_to_retrofitted (waited 50.0 min, pending=2)
09:49:12 | INFO     | t=4182.5: DISPATCHER → Hold override for retrofitted_to_parking (waited 165.5 min >= max 45.0 min)
09:49:12 | INFO     | t=4182.5: COLLECTION → Reserving retrofit track capacity for 1 wagons
09:49:12 | INFO     | t=4182.5: LOCO[LOCO_01] → Allocated for pickup
09:49:12 | INFO     | t=4189.5: LOCO[LOCO_01] → TRAIN_PREP completed at WS_02 (2.0 min)
09:49:12 | INFO     | t=4194.5: BATCH → Putting 2 wagons on retrofitted track retrofitted
09:49:12 | INFO     | t=4194.5: WAGON[W9276] → Added to retrofitted track retrofitted
09:49:12 | INFO     | t=4194.5: WAGON[W11578] → Added to retrofitted track retrofitted
09:49:12 | INFO     | t=4199.5: WORKSHOP[WS_02] → Released, notifying 1 waiting processes
09:49:12 | INFO     | t=4199.5: WORKSHOP → Workshop became available
09:49:12 | INFO     | t=4199.5: WORKSHOP[WS_02] → Selected for batch
09:49:12 | INFO     | t=4199.5: DISPATCHER → Hold override for retrofitted_to_parking (waited 182.5 min >= max 45.0 min)
09:49:12 | INFO     | t=4199.5: DISPATCHER → Assigned loco LOCO_01 to retrofitted_to_parking (waited 182.5 min, pending=1)
09:49:12 | INFO     | t=4199.5: WAGON[W12060] → Added to batch
09:49:12 | INFO     | t=4199.5: BATCH[W11970,W12060] → Formed 2 wagons for WS_02
09:49:12 | INFO     | t=4199.5: LOCO[LOCO_01] → Allocated for parking transport
09:49:12 | INFO     | t=4199.5: TRACK[retrofit] → Removed 2 wagons (46.5m freed)
09:49:12 | INFO     | t=4199.5: DISPATCHER → Task submitted: retrofit_to_workshop (pending=2)
09:49:12 | INFO     | t=4199.5: COLLECTION → Capacity reserved, allocating locomotive
09:49:12 | INFO     | t=4199.5: DISPATCHER → Task submitted: collection_to_retrofit (pending=3)
09:49:12 | INFO     | t=4204.5: LOCO[LOCO_01] → TRAIN_PREP at retrofitted (coupling + prep, 3.0 min)
09:49:12 | INFO     | t=4230.0: LOCO[LOCO_02] → DECOUPLING at retrofit (9.0 min)
09:49:12 | INFO     | t=4239.0: RAKE[W10364,W6077,W0623] → DECOUPLING at retrofit (2 couplings, 6.0 min)
09:49:12 | INFO     | t=4250.0: DISPATCHER → Hold override for collection_to_retrofit (waited 50.5 min >= max 30.0 min)
09:49:12 | INFO     | t=4250.0: DISPATCHER → Assigned loco LOCO_02 to retrofit_to_workshop (waited 50.5 min, pending=2)
09:49:12 | INFO     | t=4250.0: Batch size limited by retrofit capacity: 2 wagons (25.5m) fits, 21 waiting
09:49:12 | INFO     | t=4250.0: RAKE[W11970,W12060] → COUPLING at retrofit (1 couplings, 2.0 min)
09:49:12 | INFO     | t=4250.0: COLLECTION → Reserving retrofit track capacity for 2 wagons
09:49:12 | INFO     | t=4250.0: WAGON[W12210] → Retrieved from retrofit queue
09:49:12 | INFO     | t=4250.0: WORKSHOP → No workshop available, waiting...
09:49:12 | INFO     | t=4250.0: COLLECTION → Capacity reserved, allocating locomotive
09:49:12 | INFO     | t=4250.0: DISPATCHER → Task submitted: collection_to_retrofit (pending=3)
09:49:12 | INFO     | t=4257.0: LOCO[LOCO_02] → COUPLING at retrofit (2.0 min)
09:49:12 | INFO     | t=4259.0: LOCO[LOCO_02] → SHUNTING_PREP at retrofit (1.0 min)
09:49:12 | INFO     | t=4265.0: LOCO[LOCO_02] → DECOUPLING at WS_02 (3.0 min)
09:49:12 | INFO     | t=4268.0: RAKE[W11970,W12060] → DECOUPLING at WS_02 (1 couplings, 3.0 min)
09:49:12 | INFO     | t=4271.0: WAGON[W11970] → RETROFIT_STARTED at WS_02
09:49:12 | INFO     | t=4271.0: WAGON[W12060] → RETROFIT_STARTED at WS_02
09:49:12 | INFO     | t=4276.0: DISPATCHER → Hold override for collection_to_retrofit (waited 76.5 min >= max 30.0 min)
09:49:12 | INFO     | t=4276.0: DISPATCHER → Assigned loco LOCO_02 to collection_to_retrofit (waited 76.5 min, pending=2)
09:49:12 | INFO     | t=4282.5: LOCO[LOCO_01] → DECOUPLING at parking13 (2.0 min)
09:49:12 | INFO     | t=4284.5: RAKE[W9352,W8626,W9174,W9169] → DECOUPLING at parking13 (3 couplings, 1.5 min)
09:49:12 | INFO     | EVENT_PUBLISHED: TrainArrivedEvent | train=T53 | time=4293.0
09:49:12 | INFO     | EVENT_HANDLING: TrainArrivedEvent -> RetrofitWorkshopContext._handle_train_arrived
09:49:12 | INFO     | EVENT_HANDLED: TrainArrivedEvent by RetrofitWorkshopContext._handle_train_arrived
09:49:12 | INFO     | EVENT_PUBLISHED: TrainArrivedEvent | train=T54 | time=4320.8
09:49:12 | INFO     | EVENT_HANDLING: TrainArrivedEvent -> RetrofitWorkshopContext._handle_train_arrived
09:49:12 | INFO     | EVENT_HANDLED: TrainArrivedEvent by RetrofitWorkshopContext._handle_train_arrived
09:49:12 | INFO     | t=4331.0: RAKE[W11970,W12060] → COUPLING at WS_02 (1 couplings, 0.5 min)
09:49:12 | INFO     | t=4331.5: LOCO → Allocating for pickup from WS_02
09:49:12 | INFO     | t=4331.5: DISPATCHER → Task submitted: workshop_to_retrofitted (pending=3)
09:49:12 | INFO     | t=4336.0: LOCO[LOCO_02] → TRAIN_PREP at collection (coupling + prep, 3.0 min)
09:49:12 | INFO     | t=4346.0: LOCO[LOCO_01] → Releasing
09:49:12 | INFO     | t=4346.0: LOCO[LOCO_01] → Released
09:49:12 | INFO     | t=4346.0: PARKING → Got wagon W2980 from retrofitted
09:49:12 | INFO     | t=4346.0: DISPATCHER → Hold override for collection_to_retrofit (waited 96.0 min >= max 30.0 min)
09:49:12 | INFO     | t=4346.0: DISPATCHER → Assigned loco LOCO_01 to collection_to_retrofit (waited 96.0 min, pending=2)
09:49:12 | INFO     | t=4346.0: LOCO → Allocating for parking transport
09:49:12 | INFO     | t=4346.0: DISPATCHER → Task submitted: retrofitted_to_parking (pending=3)
09:49:12 | INFO     | EVENT_PUBLISHED: TrainArrivedEvent | train=T55 | time=4379.0
09:49:12 | INFO     | EVENT_HANDLING: TrainArrivedEvent -> RetrofitWorkshopContext._handle_train_arrived
09:49:12 | INFO     | EVENT_HANDLED: TrainArrivedEvent by RetrofitWorkshopContext._handle_train_arrived
09:49:12 | INFO     | EVENT_PUBLISHED: TrainArrivedEvent | train=T56 | time=4387.8
09:49:12 | INFO     | EVENT_HANDLING: TrainArrivedEvent -> RetrofitWorkshopContext._handle_train_arrived
09:49:12 | INFO     | EVENT_HANDLED: TrainArrivedEvent by RetrofitWorkshopContext._handle_train_arrived
09:49:12 | INFO     | t=4399.0: LOCO[LOCO_02] → DECOUPLING at retrofit (3.0 min)
09:49:12 | INFO     | t=4402.0: RAKE[W11259] → DECOUPLING at retrofit (0 couplings, 0.0 min)
09:49:12 | INFO     | t=4406.0: LOCO[LOCO_01] → TRAIN_PREP at collection (coupling + prep, 5.0 min)
09:49:12 | INFO     | t=4407.0: Batch size limited by retrofit capacity: 1 wagons (16.4m) fits, 20 waiting
09:49:12 | INFO     | t=4407.0: DISPATCHER → Hold override for retrofitted_to_parking (waited 61.0 min >= max 45.0 min)
09:49:12 | INFO     | t=4407.0: DISPATCHER → Assigned loco LOCO_02 to workshop_to_retrofitted (waited 248.5 min, pending=2)
09:49:12 | INFO     | t=4407.0: COLLECTION → Reserving retrofit track capacity for 1 wagons
09:49:12 | INFO     | t=4407.0: LOCO[LOCO_02] → Allocated for pickup
09:49:12 | INFO     | t=4414.0: LOCO[LOCO_02] → TRAIN_PREP completed at WS_01 (2.0 min)
09:49:12 | INFO     | t=4419.0: BATCH → Putting 2 wagons on retrofitted track retrofitted
09:49:12 | INFO     | t=4419.0: WAGON[W2399] → Added to retrofitted track retrofitted
09:49:12 | INFO     | t=4419.0: WAGON[W9868] → Added to retrofitted track retrofitted
09:49:12 | INFO     | t=4424.0: WORKSHOP[WS_01] → Released, notifying 1 waiting processes
09:49:12 | INFO     | t=4424.0: WORKSHOP → Workshop became available
09:49:12 | INFO     | t=4424.0: WORKSHOP[WS_01] → Selected for batch
09:49:12 | INFO     | t=4424.0: DISPATCHER → Hold override for retrofitted_to_parking (waited 78.0 min >= max 45.0 min)
09:49:12 | INFO     | t=4424.0: DISPATCHER → Assigned loco LOCO_02 to workshop_to_retrofitted (waited 92.5 min, pending=1)
09:49:12 | INFO     | t=4424.0: DISPATCHER → Hold override for retrofitted_to_parking (waited 78.0 min >= max 45.0 min)
09:49:12 | INFO     | t=4424.0: WAGON[W8636] → Added to batch
09:49:12 | INFO     | t=4424.0: BATCH[W12210,W8636] → Formed 2 wagons for WS_01
09:49:12 | INFO     | t=4424.0: LOCO[LOCO_02] → Allocated for pickup
09:49:12 | INFO     | t=4424.0: TRACK[retrofit] → Removed 2 wagons (46.5m freed)
09:49:12 | INFO     | t=4424.0: DISPATCHER → Task submitted: retrofit_to_workshop (pending=2)
09:49:12 | INFO     | t=4424.0: COLLECTION → Capacity reserved, allocating locomotive
09:49:12 | INFO     | t=4424.0: DISPATCHER → Task submitted: collection_to_retrofit (pending=3)
09:49:12 | INFO     | t=4431.0: LOCO[LOCO_02] → TRAIN_PREP completed at WS_02 (2.0 min)
09:49:12 | INFO     | t=4436.0: BATCH → Putting 2 wagons on retrofitted track retrofitted
09:49:12 | INFO     | t=4436.0: WAGON[W11970] → Added to retrofitted track retrofitted
09:49:12 | INFO     | t=4436.0: WAGON[W12060] → Added to retrofitted track retrofitted
09:49:12 | INFO     | t=4441.0: WORKSHOP[WS_02] → Released, notifying 0 waiting processes
09:49:12 | INFO     | t=4441.0: DISPATCHER → Hold override for retrofitted_to_parking (waited 95.0 min >= max 45.0 min)
09:49:12 | INFO     | t=4441.0: DISPATCHER → Assigned loco LOCO_02 to retrofit_to_workshop (waited 17.0 min, pending=2)
09:49:12 | INFO     | t=4441.0: DISPATCHER → Hold override for retrofitted_to_parking (waited 95.0 min >= max 45.0 min)
09:49:12 | INFO     | t=4441.0: RAKE[W12210,W8636] → COUPLING at retrofit (1 couplings, 2.0 min)
09:49:12 | INFO     | t=4441.0: WAGON[W3173] → Retrieved from retrofit queue
09:49:12 | INFO     | t=4441.0: WORKSHOP[WS_02] → Selected for batch
09:49:12 | INFO     | t=4441.0: WAGON[W10949] → Added to batch
09:49:12 | INFO     | t=4441.0: BATCH[W3173,W10949] → Formed 2 wagons for WS_02
09:49:12 | INFO     | t=4441.0: TRACK[retrofit] → Removed 2 wagons (34.4m freed)
09:49:12 | INFO     | t=4441.0: DISPATCHER → Task submitted: retrofit_to_workshop (pending=3)
09:49:12 | INFO     | t=4448.0: LOCO[LOCO_02] → COUPLING at retrofit (2.0 min)
09:49:12 | INFO     | t=4450.0: LOCO[LOCO_02] → SHUNTING_PREP at retrofit (1.0 min)
09:49:12 | INFO     | t=4456.0: LOCO[LOCO_02] → DECOUPLING at WS_01 (3.0 min)
09:49:12 | INFO     | t=4459.0: RAKE[W12210,W8636] → DECOUPLING at WS_01 (1 couplings, 3.0 min)
09:49:12 | INFO     | t=4462.0: WAGON[W12210] → RETROFIT_STARTED at WS_01
09:49:12 | INFO     | t=4462.0: WAGON[W8636] → RETROFIT_STARTED at WS_01
09:49:12 | INFO     | t=4467.0: DISPATCHER → Hold override for retrofitted_to_parking (waited 121.0 min >= max 45.0 min)
09:49:12 | INFO     | t=4467.0: DISPATCHER → Hold override for collection_to_retrofit (waited 43.0 min >= max 30.0 min)
09:49:12 | INFO     | t=4467.0: DISPATCHER → Assigned loco LOCO_02 to collection_to_retrofit (waited 43.0 min, pending=2)
09:49:12 | INFO     | t=4467.0: DISPATCHER → Hold override for retrofitted_to_parking (waited 121.0 min >= max 45.0 min)
09:49:12 | INFO     | t=4471.0: LOCO[LOCO_01] → DECOUPLING at retrofit (6.0 min)
09:49:12 | INFO     | t=4477.0: RAKE[W11254,W10878] → DECOUPLING at retrofit (1 couplings, 3.0 min)
09:49:12 | INFO     | t=4485.0: DISPATCHER → Hold override for retrofitted_to_parking (waited 139.0 min >= max 45.0 min)
09:49:12 | INFO     | t=4485.0: DISPATCHER → Assigned loco LOCO_01 to retrofit_to_workshop (waited 44.0 min, pending=1)
09:49:12 | INFO     | t=4485.0: DISPATCHER → Hold override for retrofitted_to_parking (waited 139.0 min >= max 45.0 min)
09:49:12 | INFO     | t=4485.0: RAKE[W3173,W10949] → COUPLING at retrofit (1 couplings, 2.0 min)
09:49:12 | INFO     | t=4485.0: WAGON[W8631] → Retrieved from retrofit queue
09:49:12 | INFO     | t=4485.0: WORKSHOP → No workshop available, waiting...
09:49:12 | INFO     | t=4485.0: Batch size limited by retrofit capacity: 4 wagons (64.3m) fits, 19 waiting
09:49:12 | INFO     | t=4485.0: COLLECTION → Reserving retrofit track capacity for 4 wagons
09:49:12 | INFO     | t=4485.0: COLLECTION → Capacity reserved, allocating locomotive
09:49:12 | INFO     | t=4485.0: DISPATCHER → Task submitted: collection_to_retrofit (pending=2)
09:49:12 | INFO     | EVENT_PUBLISHED: TrainArrivedEvent | train=T57 | time=4491.5
09:49:12 | INFO     | EVENT_HANDLING: TrainArrivedEvent -> RetrofitWorkshopContext._handle_train_arrived
09:49:12 | INFO     | EVENT_HANDLED: TrainArrivedEvent by RetrofitWorkshopContext._handle_train_arrived
09:49:12 | INFO     | t=4492.0: LOCO[LOCO_01] → COUPLING at retrofit (2.0 min)
09:49:12 | INFO     | t=4494.0: LOCO[LOCO_01] → SHUNTING_PREP at retrofit (1.0 min)
09:49:12 | INFO     | t=4500.0: LOCO[LOCO_01] → DECOUPLING at WS_02 (3.0 min)
09:49:12 | INFO     | t=4503.0: RAKE[W3173,W10949] → DECOUPLING at WS_02 (1 couplings, 3.0 min)
09:49:12 | INFO     | t=4506.0: WAGON[W3173] → RETROFIT_STARTED at WS_02
09:49:12 | INFO     | t=4506.0: WAGON[W10949] → RETROFIT_STARTED at WS_02
09:49:12 | INFO     | t=4511.0: DISPATCHER → Hold override for retrofitted_to_parking (waited 165.0 min >= max 45.0 min)
09:49:12 | INFO     | t=4511.0: DISPATCHER → Assigned loco LOCO_01 to retrofitted_to_parking (waited 165.0 min, pending=1)
09:49:12 | INFO     | t=4511.0: LOCO[LOCO_01] → Allocated for parking transport
09:49:12 | INFO     | t=4516.0: DISPATCHER → Hold override for collection_to_retrofit (waited 31.0 min >= max 30.0 min)
09:49:12 | INFO     | t=4516.0: LOCO[LOCO_01] → TRAIN_PREP at retrofitted (coupling + prep, 4.0 min)
09:49:12 | INFO     | t=4522.0: RAKE[W12210,W8636] → COUPLING at WS_01 (1 couplings, 0.5 min)
09:49:12 | INFO     | t=4522.5: LOCO → Allocating for pickup from WS_01
09:49:12 | INFO     | t=4522.5: DISPATCHER → Task submitted: workshop_to_retrofitted (pending=2)
09:49:12 | INFO     | t=4527.0: LOCO[LOCO_02] → TRAIN_PREP at collection (coupling + prep, 3.0 min)
09:49:12 | INFO     | t=4566.0: RAKE[W3173,W10949] → COUPLING at WS_02 (1 couplings, 0.5 min)
09:49:12 | INFO     | t=4566.5: LOCO → Allocating for pickup from WS_02
09:49:12 | INFO     | t=4566.5: DISPATCHER → Task submitted: workshop_to_retrofitted (pending=3)
09:49:12 | INFO     | t=4580.0: LOCO[LOCO_01] → DECOUPLING at parking12 (3.0 min)
09:49:12 | INFO     | t=4583.0: RAKE[W2980,W9173,W2406,W9270,W9276,W11578] → DECOUPLING at parking12 (5 couplings, 2.5 min)
09:49:12 | INFO     | t=4590.0: LOCO[LOCO_02] → DECOUPLING at retrofit (3.0 min)
09:49:12 | INFO     | t=4593.0: RAKE[W5167] → DECOUPLING at retrofit (0 couplings, 0.0 min)
09:49:12 | INFO     | t=4598.0: Batch size limited by retrofit capacity: 1 wagons (22.4m) fits, 20 waiting
09:49:12 | INFO     | t=4598.0: DISPATCHER → Hold override for collection_to_retrofit (waited 113.0 min >= max 30.0 min)
09:49:12 | INFO     | t=4598.0: DISPATCHER → Assigned loco LOCO_02 to collection_to_retrofit (waited 113.0 min, pending=2)
09:49:12 | INFO     | t=4598.0: COLLECTION → Reserving retrofit track capacity for 1 wagons
09:49:12 | INFO     | t=4645.5: LOCO[LOCO_01] → Releasing
09:49:12 | INFO     | t=4645.5: LOCO[LOCO_01] → Released
09:49:12 | INFO     | t=4645.5: PARKING → Got wagon W2399 from retrofitted
09:49:12 | INFO     | t=4645.5: DISPATCHER → Assigned loco LOCO_01 to workshop_to_retrofitted (waited 123.0 min, pending=1)
09:49:12 | INFO     | t=4645.5: LOCO[LOCO_01] → Allocated for pickup
09:49:12 | INFO     | t=4645.5: LOCO → Allocating for parking transport
09:49:12 | INFO     | t=4645.5: DISPATCHER → Task submitted: retrofitted_to_parking (pending=2)
09:49:12 | INFO     | t=4652.5: LOCO[LOCO_01] → TRAIN_PREP completed at WS_01 (2.0 min)
09:49:12 | INFO     | EVENT_PUBLISHED: TrainArrivedEvent | train=T58 | time=4654.5
09:49:12 | INFO     | EVENT_HANDLING: TrainArrivedEvent -> RetrofitWorkshopContext._handle_train_arrived
09:49:12 | INFO     | EVENT_HANDLED: TrainArrivedEvent by RetrofitWorkshopContext._handle_train_arrived
09:49:12 | INFO     | t=4657.5: BATCH → Putting 2 wagons on retrofitted track retrofitted
09:49:12 | INFO     | t=4657.5: WAGON[W12210] → Added to retrofitted track retrofitted
09:49:12 | INFO     | t=4657.5: WAGON[W8636] → Added to retrofitted track retrofitted
09:49:12 | INFO     | t=4658.0: LOCO[LOCO_02] → TRAIN_PREP at collection (coupling + prep, 9.0 min)
09:49:12 | INFO     | t=4662.5: WORKSHOP[WS_01] → Released, notifying 1 waiting processes
09:49:12 | INFO     | t=4662.5: WORKSHOP → Workshop became available
09:49:12 | INFO     | t=4662.5: WORKSHOP[WS_01] → Selected for batch
09:49:12 | INFO     | t=4662.5: DISPATCHER → Assigned loco LOCO_01 to workshop_to_retrofitted (waited 96.0 min, pending=1)
09:49:12 | INFO     | t=4662.5: WAGON[W9392] → Added to batch
09:49:12 | INFO     | t=4662.5: BATCH[W8631,W9392] → Formed 2 wagons for WS_01
09:49:12 | INFO     | t=4662.5: LOCO[LOCO_01] → Allocated for pickup
09:49:12 | INFO     | t=4662.5: TRACK[retrofit] → Removed 2 wagons (37.6m freed)
09:49:12 | INFO     | t=4662.5: DISPATCHER → Task submitted: retrofit_to_workshop (pending=2)
09:49:12 | INFO     | t=4662.5: COLLECTION → Capacity reserved, allocating locomotive
09:49:12 | INFO     | t=4662.5: DISPATCHER → Task submitted: collection_to_retrofit (pending=3)
09:49:12 | INFO     | t=4669.5: LOCO[LOCO_01] → TRAIN_PREP completed at WS_02 (2.0 min)
09:49:12 | INFO     | t=4674.5: BATCH → Putting 2 wagons on retrofitted track retrofitted
09:49:12 | INFO     | t=4674.5: WAGON[W3173] → Added to retrofitted track retrofitted
09:49:12 | INFO     | t=4674.5: WAGON[W10949] → Added to retrofitted track retrofitted
09:49:12 | INFO     | EVENT_PUBLISHED: TrainArrivedEvent | train=T59 | time=4676.8
09:49:12 | INFO     | EVENT_HANDLING: TrainArrivedEvent -> RetrofitWorkshopContext._handle_train_arrived
09:49:12 | INFO     | EVENT_HANDLED: TrainArrivedEvent by RetrofitWorkshopContext._handle_train_arrived
09:49:12 | INFO     | t=4679.5: WORKSHOP[WS_02] → Released, notifying 0 waiting processes
09:49:12 | INFO     | t=4679.5: DISPATCHER → Assigned loco LOCO_01 to retrofit_to_workshop (waited 17.0 min, pending=2)
09:49:12 | INFO     | t=4679.5: RAKE[W8631,W9392] → COUPLING at retrofit (1 couplings, 2.0 min)
09:49:12 | INFO     | t=4679.5: WAGON[W5038] → Retrieved from retrofit queue
09:49:12 | INFO     | t=4679.5: WORKSHOP[WS_02] → Selected for batch
09:49:12 | INFO     | t=4679.5: WAGON[W9274] → Added to batch
09:49:12 | INFO     | t=4679.5: BATCH[W5038,W9274] → Formed 2 wagons for WS_02
09:49:12 | INFO     | t=4679.5: TRACK[retrofit] → Removed 2 wagons (38.7m freed)
09:49:12 | INFO     | t=4679.5: DISPATCHER → Task submitted: retrofit_to_workshop (pending=3)
09:49:12 | INFO     | t=4686.5: LOCO[LOCO_01] → COUPLING at retrofit (2.0 min)
09:49:12 | INFO     | t=4688.5: LOCO[LOCO_01] → SHUNTING_PREP at retrofit (1.0 min)
09:49:12 | INFO     | t=4694.5: LOCO[LOCO_01] → DECOUPLING at WS_01 (3.0 min)
09:49:12 | INFO     | t=4697.5: RAKE[W8631,W9392] → DECOUPLING at WS_01 (1 couplings, 3.0 min)
09:49:12 | INFO     | t=4700.5: WAGON[W8631] → RETROFIT_STARTED at WS_01
09:49:12 | INFO     | t=4700.5: WAGON[W9392] → RETROFIT_STARTED at WS_01
09:49:12 | INFO     | EVENT_PUBLISHED: TrainArrivedEvent | train=T60 | time=4704.0
09:49:12 | INFO     | EVENT_HANDLING: TrainArrivedEvent -> RetrofitWorkshopContext._handle_train_arrived
09:49:12 | INFO     | EVENT_HANDLED: TrainArrivedEvent by RetrofitWorkshopContext._handle_train_arrived
09:49:12 | INFO     | t=4705.5: DISPATCHER → Hold override for retrofitted_to_parking (waited 60.0 min >= max 45.0 min)
09:49:12 | INFO     | t=4705.5: DISPATCHER → Hold override for collection_to_retrofit (waited 43.0 min >= max 30.0 min)
09:49:12 | INFO     | t=4705.5: DISPATCHER → Assigned loco LOCO_01 to collection_to_retrofit (waited 43.0 min, pending=2)
09:49:12 | INFO     | t=4705.5: DISPATCHER → Hold override for retrofitted_to_parking (waited 60.0 min >= max 45.0 min)
09:49:12 | INFO     | t=4727.0: LOCO[LOCO_02] → DECOUPLING at retrofit (12.0 min)
09:49:12 | INFO     | t=4739.0: RAKE[W10889,W5978,W12077,W6352] → DECOUPLING at retrofit (3 couplings, 9.0 min)
09:49:12 | INFO     | t=4753.0: DISPATCHER → Hold override for retrofitted_to_parking (waited 107.5 min >= max 45.0 min)
09:49:12 | INFO     | t=4753.0: DISPATCHER → Assigned loco LOCO_02 to retrofit_to_workshop (waited 73.5 min, pending=1)
09:49:12 | INFO     | t=4753.0: DISPATCHER → Hold override for retrofitted_to_parking (waited 107.5 min >= max 45.0 min)
09:49:12 | INFO     | t=4753.0: RAKE[W5038,W9274] → COUPLING at retrofit (1 couplings, 2.0 min)
09:49:12 | INFO     | t=4753.0: WAGON[W8613] → Retrieved from retrofit queue
09:49:12 | INFO     | t=4753.0: WORKSHOP → No workshop available, waiting...
09:49:12 | INFO     | t=4753.0: Batch size limited by retrofit capacity: 4 wagons (62.2m) fits, 18 waiting
09:49:12 | INFO     | t=4753.0: COLLECTION → Reserving retrofit track capacity for 4 wagons
09:49:12 | INFO     | t=4753.0: COLLECTION → Capacity reserved, allocating locomotive
09:49:12 | INFO     | t=4753.0: DISPATCHER → Task submitted: collection_to_retrofit (pending=2)
09:49:12 | INFO     | t=4760.0: LOCO[LOCO_02] → COUPLING at retrofit (2.0 min)
09:49:12 | INFO     | t=4760.5: RAKE[W8631,W9392] → COUPLING at WS_01 (1 couplings, 0.5 min)
09:49:12 | INFO     | t=4761.0: LOCO → Allocating for pickup from WS_01
09:49:12 | INFO     | t=4761.0: DISPATCHER → Task submitted: workshop_to_retrofitted (pending=3)
09:49:12 | INFO     | EVENT_PUBLISHED: TrainArrivedEvent | train=T61 | time=4761.2
09:49:12 | INFO     | EVENT_HANDLING: TrainArrivedEvent -> RetrofitWorkshopContext._handle_train_arrived
09:49:12 | INFO     | EVENT_HANDLED: TrainArrivedEvent by RetrofitWorkshopContext._handle_train_arrived
09:49:12 | INFO     | t=4762.0: LOCO[LOCO_02] → SHUNTING_PREP at retrofit (1.0 min)
09:49:12 | INFO     | t=4765.5: LOCO[LOCO_01] → TRAIN_PREP at collection (coupling + prep, 3.0 min)
09:49:12 | INFO     | t=4768.0: LOCO[LOCO_02] → DECOUPLING at WS_02 (3.0 min)
09:49:12 | INFO     | t=4771.0: RAKE[W5038,W9274] → DECOUPLING at WS_02 (1 couplings, 3.0 min)
09:49:12 | INFO     | t=4774.0: WAGON[W5038] → RETROFIT_STARTED at WS_02
09:49:12 | INFO     | t=4774.0: WAGON[W9274] → RETROFIT_STARTED at WS_02
09:49:12 | INFO     | t=4779.0: DISPATCHER → Hold override for retrofitted_to_parking (waited 133.5 min >= max 45.0 min)
09:49:12 | INFO     | t=4779.0: DISPATCHER → Assigned loco LOCO_02 to retrofitted_to_parking (waited 133.5 min, pending=2)
09:49:12 | INFO     | t=4779.0: LOCO[LOCO_02] → Allocated for parking transport
09:49:12 | INFO     | t=4784.0: LOCO[LOCO_02] → TRAIN_PREP at retrofitted (coupling + prep, 3.0 min)
09:49:12 | INFO     | t=4792.0: LOCO[LOCO_02] → DECOUPLING at parking1 (2.0 min)
09:49:12 | INFO     | t=4794.0: RAKE[W2399,W9868,W11970,W12060] → DECOUPLING at parking1 (3 couplings, 1.5 min)
09:49:12 | INFO     | t=4800.5: LOCO[LOCO_02] → Releasing
09:49:12 | INFO     | t=4800.5: LOCO[LOCO_02] → Released
09:49:12 | INFO     | t=4800.5: PARKING → Got wagon W12210 from retrofitted
09:49:12 | INFO     | t=4800.5: DISPATCHER → Hold override for collection_to_retrofit (waited 47.5 min >= max 30.0 min)
09:49:12 | INFO     | t=4800.5: DISPATCHER → Assigned loco LOCO_02 to collection_to_retrofit (waited 47.5 min, pending=1)
09:49:12 | INFO     | t=4800.5: LOCO → Allocating for parking transport
09:49:12 | INFO     | t=4800.5: DISPATCHER → Task submitted: retrofitted_to_parking (pending=2)
09:49:12 | INFO     | EVENT_PUBLISHED: TrainArrivedEvent | train=T62 | time=4804.0
09:49:12 | INFO     | EVENT_HANDLING: TrainArrivedEvent -> RetrofitWorkshopContext._handle_train_arrived
09:49:12 | INFO     | EVENT_HANDLED: TrainArrivedEvent by RetrofitWorkshopContext._handle_train_arrived
09:49:12 | INFO     | EVENT_PUBLISHED: TrainArrivedEvent | train=T63 | time=4824.0
09:49:12 | INFO     | EVENT_HANDLING: TrainArrivedEvent -> RetrofitWorkshopContext._handle_train_arrived
09:49:12 | INFO     | EVENT_HANDLED: TrainArrivedEvent by RetrofitWorkshopContext._handle_train_arrived
09:49:12 | INFO     | t=4828.5: LOCO[LOCO_01] → DECOUPLING at retrofit (3.0 min)
09:49:12 | INFO     | t=4831.5: RAKE[W4666] → DECOUPLING at retrofit (0 couplings, 0.0 min)
09:49:12 | INFO     | t=4834.0: RAKE[W5038,W9274] → COUPLING at WS_02 (1 couplings, 0.5 min)
09:49:12 | INFO     | t=4834.5: LOCO → Allocating for pickup from WS_02
09:49:12 | INFO     | t=4834.5: DISPATCHER → Task submitted: workshop_to_retrofitted (pending=3)
09:49:12 | INFO     | t=4836.5: Batch size limited by retrofit capacity: 1 wagons (12.7m) fits, 20 waiting
09:49:12 | INFO     | t=4836.5: DISPATCHER → Assigned loco LOCO_01 to workshop_to_retrofitted (waited 75.5 min, pending=2)
09:49:12 | INFO     | t=4836.5: COLLECTION → Reserving retrofit track capacity for 1 wagons
09:49:12 | INFO     | t=4836.5: LOCO[LOCO_01] → Allocated for pickup
09:49:12 | INFO     | t=4843.5: LOCO[LOCO_01] → TRAIN_PREP completed at WS_01 (2.0 min)
09:49:12 | INFO     | t=4848.5: BATCH → Putting 2 wagons on retrofitted track retrofitted
09:49:12 | INFO     | t=4848.5: WAGON[W8631] → Added to retrofitted track retrofitted
09:49:12 | INFO     | t=4848.5: WAGON[W9392] → Added to retrofitted track retrofitted
09:49:12 | INFO     | t=4853.5: WORKSHOP[WS_01] → Released, notifying 1 waiting processes
09:49:12 | INFO     | t=4853.5: WORKSHOP → Workshop became available
09:49:12 | INFO     | t=4853.5: WORKSHOP[WS_01] → Selected for batch
09:49:12 | INFO     | t=4853.5: DISPATCHER → Hold override for retrofitted_to_parking (waited 53.0 min >= max 45.0 min)
09:49:12 | INFO     | t=4853.5: DISPATCHER → Assigned loco LOCO_01 to workshop_to_retrofitted (waited 19.0 min, pending=1)
09:49:12 | INFO     | t=4853.5: DISPATCHER → Hold override for retrofitted_to_parking (waited 53.0 min >= max 45.0 min)
09:49:12 | INFO     | t=4853.5: WAGON[W6140] → Added to batch
09:49:12 | INFO     | t=4853.5: BATCH[W8613,W6140] → Formed 2 wagons for WS_01
09:49:12 | INFO     | t=4853.5: LOCO[LOCO_01] → Allocated for pickup
09:49:12 | INFO     | t=4853.5: TRACK[retrofit] → Removed 2 wagons (37.9m freed)
09:49:12 | INFO     | t=4853.5: DISPATCHER → Task submitted: retrofit_to_workshop (pending=2)
09:49:12 | INFO     | t=4853.5: COLLECTION → Capacity reserved, allocating locomotive
09:49:12 | INFO     | t=4853.5: DISPATCHER → Task submitted: collection_to_retrofit (pending=3)
09:49:12 | INFO     | EVENT_PUBLISHED: TrainArrivedEvent | train=T64 | time=4854.0
09:49:12 | INFO     | EVENT_HANDLING: TrainArrivedEvent -> RetrofitWorkshopContext._handle_train_arrived
09:49:12 | INFO     | EVENT_HANDLED: TrainArrivedEvent by RetrofitWorkshopContext._handle_train_arrived
09:49:12 | INFO     | t=4860.5: LOCO[LOCO_02] → TRAIN_PREP at collection (coupling + prep, 9.0 min)
09:49:12 | INFO     | t=4860.5: LOCO[LOCO_01] → TRAIN_PREP completed at WS_02 (2.0 min)
09:49:12 | INFO     | t=4865.5: BATCH → Putting 2 wagons on retrofitted track retrofitted
09:49:12 | INFO     | t=4865.5: WAGON[W5038] → Added to retrofitted track retrofitted
09:49:12 | INFO     | t=4865.5: WAGON[W9274] → Added to retrofitted track retrofitted
09:49:12 | INFO     | t=4870.5: WORKSHOP[WS_02] → Released, notifying 0 waiting processes
09:49:12 | INFO     | t=4870.5: DISPATCHER → Hold override for retrofitted_to_parking (waited 70.0 min >= max 45.0 min)
09:49:12 | INFO     | t=4870.5: DISPATCHER → Assigned loco LOCO_01 to retrofit_to_workshop (waited 17.0 min, pending=2)
09:49:12 | INFO     | t=4870.5: DISPATCHER → Hold override for retrofitted_to_parking (waited 70.0 min >= max 45.0 min)
09:49:12 | INFO     | t=4870.5: RAKE[W8613,W6140] → COUPLING at retrofit (1 couplings, 2.0 min)
09:49:12 | INFO     | t=4870.5: WAGON[W11261] → Retrieved from retrofit queue
09:49:12 | INFO     | t=4870.5: WORKSHOP[WS_02] → Selected for batch
09:49:12 | INFO     | t=4870.5: WAGON[W10364] → Added to batch
09:49:12 | INFO     | t=4870.5: BATCH[W11261,W10364] → Formed 2 wagons for WS_02
09:49:12 | INFO     | t=4870.5: TRACK[retrofit] → Removed 2 wagons (32.6m freed)
09:49:12 | INFO     | t=4870.5: DISPATCHER → Task submitted: retrofit_to_workshop (pending=3)
09:49:12 | INFO     | t=4877.5: LOCO[LOCO_01] → COUPLING at retrofit (2.0 min)
09:49:12 | INFO     | t=4879.5: LOCO[LOCO_01] → SHUNTING_PREP at retrofit (1.0 min)
09:49:12 | INFO     | t=4885.5: LOCO[LOCO_01] → DECOUPLING at WS_01 (3.0 min)
09:49:12 | INFO     | t=4888.5: RAKE[W8613,W6140] → DECOUPLING at WS_01 (1 couplings, 3.0 min)
09:49:12 | INFO     | t=4891.5: WAGON[W8613] → RETROFIT_STARTED at WS_01
09:49:12 | INFO     | t=4891.5: WAGON[W6140] → RETROFIT_STARTED at WS_01
09:49:12 | INFO     | t=4896.5: DISPATCHER → Hold override for retrofitted_to_parking (waited 96.0 min >= max 45.0 min)
09:49:12 | INFO     | t=4896.5: DISPATCHER → Hold override for collection_to_retrofit (waited 43.0 min >= max 30.0 min)
09:49:12 | INFO     | t=4896.5: DISPATCHER → Assigned loco LOCO_01 to collection_to_retrofit (waited 43.0 min, pending=2)
09:49:12 | INFO     | t=4896.5: DISPATCHER → Hold override for retrofitted_to_parking (waited 96.0 min >= max 45.0 min)
09:49:12 | INFO     | t=4929.5: LOCO[LOCO_02] → DECOUPLING at retrofit (12.0 min)
09:49:12 | INFO     | t=4941.5: RAKE[W11014,W9040,W6213,W1578] → DECOUPLING at retrofit (3 couplings, 9.0 min)
09:49:12 | INFO     | t=4951.5: RAKE[W8613,W6140] → COUPLING at WS_01 (1 couplings, 0.5 min)
09:49:12 | INFO     | t=4952.0: LOCO → Allocating for pickup from WS_01
09:49:12 | INFO     | t=4952.0: DISPATCHER → Task submitted: workshop_to_retrofitted (pending=3)
09:49:12 | INFO     | t=4955.5: DISPATCHER → Hold override for retrofitted_to_parking (waited 155.0 min >= max 45.0 min)
09:49:12 | INFO     | t=4955.5: DISPATCHER → Assigned loco LOCO_02 to retrofit_to_workshop (waited 85.0 min, pending=2)
09:49:12 | INFO     | t=4955.5: DISPATCHER → Hold override for retrofitted_to_parking (waited 155.0 min >= max 45.0 min)
09:49:12 | INFO     | t=4955.5: RAKE[W11261,W10364] → COUPLING at retrofit (1 couplings, 2.0 min)
09:49:12 | INFO     | t=4955.5: Batch size limited by retrofit capacity: 3 wagons (41.9m) fits, 19 waiting
09:49:12 | INFO     | t=4955.5: WAGON[W6077] → Retrieved from retrofit queue
09:49:12 | INFO     | t=4955.5: WORKSHOP → No workshop available, waiting...
09:49:12 | INFO     | t=4955.5: COLLECTION → Reserving retrofit track capacity for 3 wagons
09:49:12 | INFO     | t=4955.5: COLLECTION → Capacity reserved, allocating locomotive
09:49:12 | INFO     | t=4955.5: DISPATCHER → Task submitted: collection_to_retrofit (pending=3)
09:49:12 | INFO     | t=4956.5: LOCO[LOCO_01] → TRAIN_PREP at collection (coupling + prep, 3.0 min)
09:49:12 | INFO     | t=4962.5: LOCO[LOCO_02] → COUPLING at retrofit (2.0 min)
09:49:12 | INFO     | t=4964.5: LOCO[LOCO_02] → SHUNTING_PREP at retrofit (1.0 min)
09:49:12 | INFO     | t=4970.5: LOCO[LOCO_02] → DECOUPLING at WS_02 (3.0 min)
09:49:12 | INFO     | t=4973.5: RAKE[W11261,W10364] → DECOUPLING at WS_02 (1 couplings, 3.0 min)
09:49:12 | INFO     | t=4976.5: WAGON[W11261] → RETROFIT_STARTED at WS_02
09:49:12 | INFO     | t=4976.5: WAGON[W10364] → RETROFIT_STARTED at WS_02
09:49:12 | INFO     | t=4981.5: DISPATCHER → Hold override for retrofitted_to_parking (waited 181.0 min >= max 45.0 min)
09:49:12 | INFO     | t=4981.5: DISPATCHER → Assigned loco LOCO_02 to workshop_to_retrofitted (waited 29.5 min, pending=2)
09:49:12 | INFO     | t=4981.5: DISPATCHER → Hold override for retrofitted_to_parking (waited 181.0 min >= max 45.0 min)
09:49:12 | INFO     | t=4981.5: LOCO[LOCO_02] → Allocated for pickup
09:49:12 | INFO     | t=4988.5: LOCO[LOCO_02] → TRAIN_PREP completed at WS_01 (2.0 min)
09:49:12 | INFO     | t=4993.5: BATCH → Putting 2 wagons on retrofitted track retrofitted
09:49:12 | INFO     | t=4993.5: WAGON[W8613] → Added to retrofitted track retrofitted
09:49:12 | INFO     | t=4993.5: WAGON[W6140] → Added to retrofitted track retrofitted
09:49:12 | INFO     | t=4998.5: WORKSHOP[WS_01] → Released, notifying 1 waiting processes
09:49:12 | INFO     | t=4998.5: WORKSHOP → Workshop became available
09:49:12 | INFO     | t=4998.5: WORKSHOP[WS_01] → Selected for batch
09:49:12 | INFO     | t=4998.5: DISPATCHER → Hold override for retrofitted_to_parking (waited 198.0 min >= max 45.0 min)
09:49:12 | INFO     | t=4998.5: DISPATCHER → Hold override for collection_to_retrofit (waited 43.0 min >= max 30.0 min)
09:49:12 | INFO     | t=4998.5: DISPATCHER → Assigned loco LOCO_02 to collection_to_retrofit (waited 43.0 min, pending=1)
09:49:12 | INFO     | t=4998.5: DISPATCHER → Hold override for retrofitted_to_parking (waited 198.0 min >= max 45.0 min)
09:49:12 | INFO     | t=4998.5: WAGON[W0623] → Added to batch
09:49:12 | INFO     | t=4998.5: BATCH[W6077,W0623] → Formed 2 wagons for WS_01
09:49:12 | INFO     | t=4998.5: TRACK[retrofit] → Removed 2 wagons (43.6m freed)
09:49:12 | INFO     | t=4998.5: DISPATCHER → Task submitted: retrofit_to_workshop (pending=2)
09:49:12 | INFO     | EVENT_PUBLISHED: TrainArrivedEvent | train=T65 | time=4999.0
09:49:12 | INFO     | EVENT_HANDLING: TrainArrivedEvent -> RetrofitWorkshopContext._handle_train_arrived
09:49:12 | INFO     | EVENT_HANDLED: TrainArrivedEvent by RetrofitWorkshopContext._handle_train_arrived
09:49:12 | INFO     | EVENT_PUBLISHED: TrainArrivedEvent | train=T66 | time=5011.0
09:49:12 | INFO     | EVENT_HANDLING: TrainArrivedEvent -> RetrofitWorkshopContext._handle_train_arrived
09:49:12 | INFO     | EVENT_HANDLED: TrainArrivedEvent by RetrofitWorkshopContext._handle_train_arrived
09:49:12 | INFO     | EVENT_PUBLISHED: TrainArrivedEvent | train=T67 | time=5014.0
09:49:12 | INFO     | EVENT_HANDLING: TrainArrivedEvent -> RetrofitWorkshopContext._handle_train_arrived
09:49:12 | INFO     | EVENT_HANDLED: TrainArrivedEvent by RetrofitWorkshopContext._handle_train_arrived
09:49:12 | INFO     | t=5019.5: LOCO[LOCO_01] → DECOUPLING at retrofit (3.0 min)
09:49:12 | INFO     | t=5022.5: RAKE[W11269] → DECOUPLING at retrofit (0 couplings, 0.0 min)
09:49:12 | INFO     | t=5027.5: DISPATCHER → Hold override for retrofitted_to_parking (waited 227.0 min >= max 45.0 min)
09:49:12 | INFO     | t=5027.5: DISPATCHER → Assigned loco LOCO_01 to retrofit_to_workshop (waited 29.0 min, pending=1)
09:49:12 | INFO     | t=5027.5: DISPATCHER → Hold override for retrofitted_to_parking (waited 227.0 min >= max 45.0 min)
09:49:12 | INFO     | t=5027.5: RAKE[W6077,W0623] → COUPLING at retrofit (1 couplings, 2.0 min)
09:49:12 | INFO     | t=5027.5: Batch size limited by retrofit capacity: 3 wagons (59.6m) fits, 18 waiting
09:49:12 | INFO     | t=5027.5: WAGON[W11259] → Retrieved from retrofit queue
09:49:12 | INFO     | t=5027.5: WORKSHOP → No workshop available, waiting...
09:49:12 | INFO     | t=5027.5: COLLECTION → Reserving retrofit track capacity for 3 wagons
09:49:12 | INFO     | t=5027.5: COLLECTION → Capacity reserved, allocating locomotive
09:49:12 | INFO     | t=5027.5: DISPATCHER → Task submitted: collection_to_retrofit (pending=2)
09:49:12 | INFO     | t=5034.5: LOCO[LOCO_01] → COUPLING at retrofit (2.0 min)
09:49:12 | INFO     | t=5036.5: LOCO[LOCO_01] → SHUNTING_PREP at retrofit (1.0 min)
09:49:12 | INFO     | t=5036.5: RAKE[W11261,W10364] → COUPLING at WS_02 (1 couplings, 0.5 min)
09:49:12 | INFO     | t=5037.0: LOCO → Allocating for pickup from WS_02
09:49:12 | INFO     | t=5037.0: DISPATCHER → Task submitted: workshop_to_retrofitted (pending=3)
09:49:12 | INFO     | EVENT_PUBLISHED: TrainArrivedEvent | train=T68 | time=5039.8
09:49:12 | INFO     | EVENT_HANDLING: TrainArrivedEvent -> RetrofitWorkshopContext._handle_train_arrived
09:49:12 | INFO     | EVENT_HANDLED: TrainArrivedEvent by RetrofitWorkshopContext._handle_train_arrived
09:49:12 | INFO     | t=5042.5: LOCO[LOCO_01] → DECOUPLING at WS_01 (3.0 min)
09:49:12 | INFO     | t=5045.5: RAKE[W6077,W0623] → DECOUPLING at WS_01 (1 couplings, 3.0 min)
09:49:12 | INFO     | t=5048.5: WAGON[W6077] → RETROFIT_STARTED at WS_01
09:49:12 | INFO     | t=5048.5: WAGON[W0623] → RETROFIT_STARTED at WS_01
09:49:12 | INFO     | t=5053.5: DISPATCHER → Hold override for retrofitted_to_parking (waited 253.0 min >= max 45.0 min)
09:49:12 | INFO     | t=5053.5: DISPATCHER → Assigned loco LOCO_01 to retrofitted_to_parking (waited 253.0 min, pending=2)
09:49:12 | INFO     | t=5053.5: LOCO[LOCO_01] → Allocated for parking transport
09:49:12 | INFO     | t=5058.5: LOCO[LOCO_02] → TRAIN_PREP at collection (coupling + prep, 7.0 min)
09:49:12 | INFO     | t=5058.5: LOCO[LOCO_01] → TRAIN_PREP at retrofitted (coupling + prep, 3.0 min)
09:49:12 | INFO     | EVENT_PUBLISHED: TrainArrivedEvent | train=T69 | time=5059.2
09:49:12 | INFO     | EVENT_HANDLING: TrainArrivedEvent -> RetrofitWorkshopContext._handle_train_arrived
09:49:12 | INFO     | EVENT_HANDLED: TrainArrivedEvent by RetrofitWorkshopContext._handle_train_arrived
09:49:12 | INFO     | EVENT_PUBLISHED: TrainArrivedEvent | train=T70 | time=5107.8
09:49:12 | INFO     | EVENT_HANDLING: TrainArrivedEvent -> RetrofitWorkshopContext._handle_train_arrived
09:49:12 | INFO     | EVENT_HANDLED: TrainArrivedEvent by RetrofitWorkshopContext._handle_train_arrived
09:49:12 | INFO     | t=5108.5: RAKE[W6077,W0623] → COUPLING at WS_01 (1 couplings, 0.5 min)
09:49:12 | INFO     | t=5109.0: LOCO → Allocating for pickup from WS_01
09:49:12 | INFO     | t=5109.0: DISPATCHER → Task submitted: workshop_to_retrofitted (pending=3)
09:49:12 | INFO     | EVENT_PUBLISHED: TrainArrivedEvent | train=T71 | time=5111.8
09:49:12 | INFO     | EVENT_HANDLING: TrainArrivedEvent -> RetrofitWorkshopContext._handle_train_arrived
09:49:12 | INFO     | EVENT_HANDLED: TrainArrivedEvent by RetrofitWorkshopContext._handle_train_arrived
09:49:12 | INFO     | t=5125.5: LOCO[LOCO_02] → DECOUPLING at retrofit (9.0 min)
09:49:12 | INFO     | t=5134.5: RAKE[W10886,W5446,W10881] → DECOUPLING at retrofit (2 couplings, 6.0 min)
09:49:12 | INFO     | t=5136.5: LOCO[LOCO_01] → DECOUPLING at parking15 (2.0 min)
09:49:12 | INFO     | t=5138.5: RAKE[W12210,W8636,W3173,W10949] → DECOUPLING at parking15 (3 couplings, 1.5 min)
09:49:12 | INFO     | t=5145.5: Batch size limited by retrofit capacity: 1 wagons (20.8m) fits, 20 waiting
09:49:12 | INFO     | t=5145.5: DISPATCHER → Hold override for collection_to_retrofit (waited 118.0 min >= max 30.0 min)
09:49:12 | INFO     | t=5145.5: DISPATCHER → Assigned loco LOCO_02 to collection_to_retrofit (waited 118.0 min, pending=2)
09:49:12 | INFO     | t=5145.5: COLLECTION → Reserving retrofit track capacity for 1 wagons
09:49:12 | INFO     | t=5200.0: LOCO[LOCO_01] → Releasing
09:49:12 | INFO     | t=5200.0: LOCO[LOCO_01] → Released
09:49:12 | INFO     | t=5200.0: PARKING → Got wagon W8631 from retrofitted
09:49:12 | INFO     | t=5200.0: DISPATCHER → Assigned loco LOCO_01 to workshop_to_retrofitted (waited 163.0 min, pending=1)
09:49:12 | INFO     | t=5200.0: LOCO[LOCO_01] → Allocated for pickup
09:49:12 | INFO     | t=5200.0: LOCO → Allocating for parking transport
09:49:12 | INFO     | t=5200.0: DISPATCHER → Task submitted: retrofitted_to_parking (pending=2)
09:49:12 | INFO     | EVENT_PUBLISHED: TrainArrivedEvent | train=T72 | time=5203.8
09:49:12 | INFO     | EVENT_HANDLING: TrainArrivedEvent -> RetrofitWorkshopContext._handle_train_arrived
09:49:12 | INFO     | EVENT_HANDLED: TrainArrivedEvent by RetrofitWorkshopContext._handle_train_arrived
09:49:12 | INFO     | t=5205.5: LOCO[LOCO_02] → TRAIN_PREP at collection (coupling + prep, 7.0 min)
09:49:12 | INFO     | t=5207.0: LOCO[LOCO_01] → TRAIN_PREP completed at WS_02 (2.0 min)
09:49:12 | INFO     | t=5212.0: BATCH → Putting 2 wagons on retrofitted track retrofitted
09:49:12 | INFO     | t=5212.0: WAGON[W11261] → Added to retrofitted track retrofitted
09:49:12 | INFO     | t=5212.0: WAGON[W10364] → Added to retrofitted track retrofitted
09:49:12 | INFO     | t=5217.0: WORKSHOP[WS_02] → Released, notifying 1 waiting processes
09:49:12 | INFO     | t=5217.0: WORKSHOP → Workshop became available
09:49:12 | INFO     | t=5217.0: WORKSHOP[WS_02] → Selected for batch
09:49:12 | INFO     | t=5217.0: DISPATCHER → Assigned loco LOCO_01 to workshop_to_retrofitted (waited 108.0 min, pending=1)
09:49:12 | INFO     | t=5217.0: WAGON[W11254] → Added to batch
09:49:12 | INFO     | t=5217.0: BATCH[W11259,W11254] → Formed 2 wagons for WS_02
09:49:12 | INFO     | t=5217.0: LOCO[LOCO_01] → Allocated for pickup
09:49:12 | INFO     | t=5217.0: TRACK[retrofit] → Removed 2 wagons (25.5m freed)
09:49:12 | INFO     | t=5217.0: DISPATCHER → Task submitted: retrofit_to_workshop (pending=2)
09:49:12 | INFO     | t=5217.0: COLLECTION → Capacity reserved, allocating locomotive
09:49:12 | INFO     | t=5217.0: DISPATCHER → Task submitted: collection_to_retrofit (pending=3)
09:49:12 | INFO     | EVENT_PUBLISHED: TrainArrivedEvent | train=T73 | time=5221.5
09:49:12 | INFO     | EVENT_HANDLING: TrainArrivedEvent -> RetrofitWorkshopContext._handle_train_arrived
09:49:12 | INFO     | EVENT_HANDLED: TrainArrivedEvent by RetrofitWorkshopContext._handle_train_arrived
09:49:12 | INFO     | t=5224.0: LOCO[LOCO_01] → TRAIN_PREP completed at WS_01 (2.0 min)
09:49:12 | INFO     | t=5229.0: BATCH → Putting 2 wagons on retrofitted track retrofitted
09:49:12 | INFO     | t=5229.0: WAGON[W6077] → Added to retrofitted track retrofitted
09:49:12 | INFO     | t=5229.0: WAGON[W0623] → Added to retrofitted track retrofitted
09:49:12 | INFO     | t=5234.0: WORKSHOP[WS_01] → Released, notifying 0 waiting processes
09:49:12 | INFO     | t=5234.0: DISPATCHER → Assigned loco LOCO_01 to retrofit_to_workshop (waited 17.0 min, pending=2)
09:49:12 | INFO     | t=5234.0: RAKE[W11259,W11254] → COUPLING at retrofit (1 couplings, 2.0 min)
09:49:12 | INFO     | t=5234.0: WAGON[W10878] → Retrieved from retrofit queue
09:49:12 | INFO     | t=5234.0: WORKSHOP[WS_01] → Selected for batch
09:49:12 | INFO     | t=5234.0: WAGON[W5167] → Added to batch
09:49:12 | INFO     | t=5234.0: BATCH[W10878,W5167] → Formed 2 wagons for WS_01
09:49:12 | INFO     | t=5234.0: TRACK[retrofit] → Removed 2 wagons (29.1m freed)
09:49:12 | INFO     | t=5234.0: DISPATCHER → Task submitted: retrofit_to_workshop (pending=3)
09:49:12 | INFO     | t=5241.0: LOCO[LOCO_01] → COUPLING at retrofit (2.0 min)
09:49:12 | INFO     | t=5243.0: LOCO[LOCO_01] → SHUNTING_PREP at retrofit (1.0 min)
09:49:12 | INFO     | t=5249.0: LOCO[LOCO_01] → DECOUPLING at WS_02 (3.0 min)
09:49:12 | INFO     | t=5252.0: RAKE[W11259,W11254] → DECOUPLING at WS_02 (1 couplings, 3.0 min)
09:49:12 | INFO     | t=5255.0: WAGON[W11259] → RETROFIT_STARTED at WS_02
09:49:12 | INFO     | t=5255.0: WAGON[W11254] → RETROFIT_STARTED at WS_02
09:49:12 | INFO     | t=5260.0: DISPATCHER → Hold override for retrofitted_to_parking (waited 60.0 min >= max 45.0 min)
09:49:12 | INFO     | t=5260.0: DISPATCHER → Hold override for collection_to_retrofit (waited 43.0 min >= max 30.0 min)
09:49:12 | INFO     | t=5260.0: DISPATCHER → Assigned loco LOCO_01 to collection_to_retrofit (waited 43.0 min, pending=2)
09:49:12 | INFO     | t=5260.0: DISPATCHER → Hold override for retrofitted_to_parking (waited 60.0 min >= max 45.0 min)
09:49:12 | INFO     | t=5272.5: LOCO[LOCO_02] → DECOUPLING at retrofit (9.0 min)
09:49:12 | INFO     | t=5281.5: RAKE[W3811,W2926,W5391] → DECOUPLING at retrofit (2 couplings, 6.0 min)
09:49:12 | INFO     | t=5292.5: DISPATCHER → Hold override for retrofitted_to_parking (waited 92.5 min >= max 45.0 min)
09:49:12 | INFO     | t=5292.5: DISPATCHER → Assigned loco LOCO_02 to retrofit_to_workshop (waited 58.5 min, pending=1)
09:49:12 | INFO     | t=5292.5: DISPATCHER → Hold override for retrofitted_to_parking (waited 92.5 min >= max 45.0 min)
09:49:12 | INFO     | t=5292.5: Batch size limited by retrofit capacity: 2 wagons (30.7m) fits, 21 waiting
09:49:12 | INFO     | t=5292.5: RAKE[W10878,W5167] → COUPLING at retrofit (1 couplings, 2.0 min)
09:49:12 | INFO     | t=5292.5: COLLECTION → Reserving retrofit track capacity for 2 wagons
09:49:12 | INFO     | t=5292.5: WAGON[W10889] → Retrieved from retrofit queue
09:49:12 | INFO     | t=5292.5: WORKSHOP → No workshop available, waiting...
09:49:12 | INFO     | t=5292.5: COLLECTION → Capacity reserved, allocating locomotive
09:49:12 | INFO     | t=5292.5: DISPATCHER → Task submitted: collection_to_retrofit (pending=2)
09:49:12 | INFO     | t=5299.5: LOCO[LOCO_02] → COUPLING at retrofit (2.0 min)
09:49:12 | INFO     | t=5301.5: LOCO[LOCO_02] → SHUNTING_PREP at retrofit (1.0 min)
09:49:12 | INFO     | t=5307.5: LOCO[LOCO_02] → DECOUPLING at WS_01 (3.0 min)
09:49:12 | INFO     | t=5310.5: RAKE[W10878,W5167] → DECOUPLING at WS_01 (1 couplings, 3.0 min)
09:49:12 | INFO     | t=5313.5: WAGON[W10878] → RETROFIT_STARTED at WS_01
09:49:12 | INFO     | t=5313.5: WAGON[W5167] → RETROFIT_STARTED at WS_01
09:49:12 | INFO     | t=5315.0: RAKE[W11259,W11254] → COUPLING at WS_02 (1 couplings, 0.5 min)
09:49:12 | INFO     | t=5315.5: LOCO → Allocating for pickup from WS_02
09:49:12 | INFO     | t=5315.5: DISPATCHER → Task submitted: workshop_to_retrofitted (pending=3)
09:49:12 | INFO     | t=5318.5: DISPATCHER → Hold override for retrofitted_to_parking (waited 118.5 min >= max 45.0 min)
09:49:12 | INFO     | t=5318.5: DISPATCHER → Assigned loco LOCO_02 to retrofitted_to_parking (waited 118.5 min, pending=2)
09:49:12 | INFO     | t=5318.5: LOCO[LOCO_02] → Allocated for parking transport
09:49:12 | INFO     | t=5320.0: LOCO[LOCO_01] → TRAIN_PREP at collection (coupling + prep, 3.0 min)
09:49:12 | INFO     | t=5323.5: LOCO[LOCO_02] → TRAIN_PREP at retrofitted (coupling + prep, 4.0 min)
09:49:12 | INFO     | t=5373.5: RAKE[W10878,W5167] → COUPLING at WS_01 (1 couplings, 0.5 min)
09:49:12 | INFO     | t=5374.0: LOCO → Allocating for pickup from WS_01
09:49:12 | INFO     | t=5374.0: DISPATCHER → Task submitted: workshop_to_retrofitted (pending=3)
09:49:12 | INFO     | t=5383.0: LOCO[LOCO_01] → DECOUPLING at retrofit (3.0 min)
09:49:12 | INFO     | t=5386.0: RAKE[W5057] → DECOUPLING at retrofit (0 couplings, 0.0 min)
09:49:12 | INFO     | t=5391.0: Batch size limited by retrofit capacity: 1 wagons (19.9m) fits, 21 waiting
09:49:12 | INFO     | t=5391.0: DISPATCHER → Hold override for collection_to_retrofit (waited 98.5 min >= max 30.0 min)
09:49:12 | INFO     | t=5391.0: DISPATCHER → Assigned loco LOCO_01 to collection_to_retrofit (waited 98.5 min, pending=2)
09:49:12 | INFO     | t=5391.0: COLLECTION → Reserving retrofit track capacity for 1 wagons
09:49:12 | INFO     | EVENT_PUBLISHED: TrainArrivedEvent | train=T74 | time=5397.8
09:49:12 | INFO     | EVENT_HANDLING: TrainArrivedEvent -> RetrofitWorkshopContext._handle_train_arrived
09:49:12 | INFO     | EVENT_HANDLED: TrainArrivedEvent by RetrofitWorkshopContext._handle_train_arrived
09:49:12 | INFO     | EVENT_PUBLISHED: TrainArrivedEvent | train=T75 | time=5403.8
09:49:12 | INFO     | EVENT_HANDLING: TrainArrivedEvent -> RetrofitWorkshopContext._handle_train_arrived
09:49:12 | INFO     | EVENT_HANDLED: TrainArrivedEvent by RetrofitWorkshopContext._handle_train_arrived
09:49:12 | INFO     | t=5447.5: LOCO[LOCO_02] → DECOUPLING at parking16 (3.0 min)
09:49:12 | INFO     | t=5450.5: RAKE[W8631,W9392,W5038,W9274,W8613,W6140] → DECOUPLING at parking16 (5 couplings, 2.5 min)
09:49:12 | INFO     | t=5451.0: LOCO[LOCO_01] → TRAIN_PREP at collection (coupling + prep, 5.0 min)
09:49:12 | INFO     | EVENT_PUBLISHED: TrainArrivedEvent | train=T76 | time=5465.2
09:49:12 | INFO     | EVENT_HANDLING: TrainArrivedEvent -> RetrofitWorkshopContext._handle_train_arrived
09:49:12 | INFO     | EVENT_HANDLED: TrainArrivedEvent by RetrofitWorkshopContext._handle_train_arrived
09:49:12 | INFO     | EVENT_PUBLISHED: TrainArrivedEvent | train=T77 | time=5470.2
09:49:12 | INFO     | EVENT_HANDLING: TrainArrivedEvent -> RetrofitWorkshopContext._handle_train_arrived
09:49:12 | INFO     | EVENT_HANDLED: TrainArrivedEvent by RetrofitWorkshopContext._handle_train_arrived
09:49:12 | INFO     | EVENT_PUBLISHED: TrainArrivedEvent | train=T78 | time=5477.2
09:49:12 | INFO     | EVENT_HANDLING: TrainArrivedEvent -> RetrofitWorkshopContext._handle_train_arrived
09:49:12 | INFO     | EVENT_HANDLED: TrainArrivedEvent by RetrofitWorkshopContext._handle_train_arrived
09:49:12 | INFO     | t=5513.0: LOCO[LOCO_02] → Releasing
09:49:12 | INFO     | t=5513.0: LOCO[LOCO_02] → Released
09:49:12 | INFO     | t=5513.0: PARKING → Got wagon W11261 from retrofitted
09:49:12 | INFO     | t=5513.0: DISPATCHER → Assigned loco LOCO_02 to workshop_to_retrofitted (waited 197.5 min, pending=1)
09:49:12 | INFO     | t=5513.0: LOCO[LOCO_02] → Allocated for pickup
09:49:12 | INFO     | t=5513.0: LOCO → Allocating for parking transport
09:49:12 | INFO     | t=5513.0: DISPATCHER → Task submitted: retrofitted_to_parking (pending=2)
09:49:12 | INFO     | t=5516.0: LOCO[LOCO_01] → DECOUPLING at retrofit (6.0 min)
09:49:12 | INFO     | EVENT_PUBLISHED: TrainArrivedEvent | train=T79 | time=5517.8
09:49:12 | INFO     | EVENT_HANDLING: TrainArrivedEvent -> RetrofitWorkshopContext._handle_train_arrived
09:49:12 | INFO     | EVENT_HANDLED: TrainArrivedEvent by RetrofitWorkshopContext._handle_train_arrived
09:49:12 | INFO     | t=5520.0: LOCO[LOCO_02] → TRAIN_PREP completed at WS_02 (2.0 min)
09:49:12 | INFO     | t=5522.0: RAKE[W6682,W11320] → DECOUPLING at retrofit (1 couplings, 3.0 min)
09:49:12 | INFO     | t=5525.0: BATCH → Putting 2 wagons on retrofitted track retrofitted
09:49:12 | INFO     | t=5525.0: WAGON[W11259] → Added to retrofitted track retrofitted
09:49:12 | INFO     | t=5525.0: WAGON[W11254] → Added to retrofitted track retrofitted
09:49:12 | INFO     | t=5530.0: WORKSHOP[WS_02] → Released, notifying 1 waiting processes
09:49:12 | INFO     | t=5530.0: Batch size limited by retrofit capacity: 1 wagons (14.0m) fits, 21 waiting
09:49:12 | INFO     | t=5530.0: WORKSHOP → Workshop became available
09:49:12 | INFO     | t=5530.0: WORKSHOP[WS_02] → Selected for batch
09:49:12 | INFO     | t=5530.0: DISPATCHER → Assigned loco LOCO_01 to workshop_to_retrofitted (waited 156.0 min, pending=1)
09:49:12 | INFO     | t=5530.0: COLLECTION → Reserving retrofit track capacity for 1 wagons
09:49:12 | INFO     | t=5530.0: WAGON[W5978] → Added to batch
09:49:12 | INFO     | t=5530.0: BATCH[W10889,W5978] → Formed 2 wagons for WS_02
09:49:12 | INFO     | t=5530.0: LOCO[LOCO_01] → Allocated for pickup
09:49:12 | INFO     | t=5530.0: TRACK[retrofit] → Removed 2 wagons (27.0m freed)
09:49:12 | INFO     | t=5530.0: DISPATCHER → Task submitted: retrofit_to_workshop (pending=2)
09:49:12 | INFO     | t=5530.0: DISPATCHER → Assigned loco LOCO_02 to retrofit_to_workshop (waited 0.0 min, pending=1)
09:49:12 | INFO     | t=5530.0: COLLECTION → Capacity reserved, allocating locomotive
09:49:12 | INFO     | t=5530.0: DISPATCHER → Task submitted: collection_to_retrofit (pending=2)
09:49:12 | INFO     | t=5530.0: RAKE[W10889,W5978] → COUPLING at retrofit (1 couplings, 2.0 min)
09:49:12 | INFO     | t=5530.0: WAGON[W12077] → Retrieved from retrofit queue
09:49:12 | INFO     | t=5530.0: WORKSHOP → No workshop available, waiting...
09:49:12 | INFO     | t=5537.0: LOCO[LOCO_02] → COUPLING at retrofit (2.0 min)
09:49:12 | INFO     | t=5537.0: LOCO[LOCO_01] → TRAIN_PREP completed at WS_01 (2.0 min)
09:49:12 | INFO     | t=5539.0: LOCO[LOCO_02] → SHUNTING_PREP at retrofit (1.0 min)
09:49:12 | INFO     | t=5542.0: BATCH → Putting 2 wagons on retrofitted track retrofitted
09:49:12 | INFO     | t=5542.0: WAGON[W10878] → Added to retrofitted track retrofitted
09:49:12 | INFO     | t=5542.0: WAGON[W5167] → Added to retrofitted track retrofitted
09:49:12 | INFO     | t=5545.0: LOCO[LOCO_02] → DECOUPLING at WS_02 (3.0 min)
09:49:12 | INFO     | t=5547.0: WORKSHOP[WS_01] → Released, notifying 1 waiting processes
09:49:12 | INFO     | t=5547.0: WORKSHOP → Workshop became available
09:49:12 | INFO     | t=5547.0: WORKSHOP[WS_01] → Selected for batch
09:49:12 | INFO     | t=5547.0: DISPATCHER → Assigned loco LOCO_01 to retrofitted_to_parking (waited 34.0 min, pending=1)
09:49:12 | INFO     | t=5547.0: WAGON[W6352] → Added to batch
09:49:12 | INFO     | t=5547.0: BATCH[W12077,W6352] → Formed 2 wagons for WS_01
09:49:12 | INFO     | t=5547.0: LOCO[LOCO_01] → Allocated for parking transport
09:49:12 | INFO     | t=5547.0: TRACK[retrofit] → Removed 2 wagons (37.3m freed)
09:49:12 | INFO     | t=5547.0: DISPATCHER → Task submitted: retrofit_to_workshop (pending=2)
09:49:12 | INFO     | t=5547.0: COLLECTION → Capacity reserved, allocating locomotive
09:49:12 | INFO     | t=5547.0: DISPATCHER → Task submitted: collection_to_retrofit (pending=3)
09:49:12 | INFO     | t=5548.0: RAKE[W10889,W5978] → DECOUPLING at WS_02 (1 couplings, 3.0 min)
09:49:12 | INFO     | t=5551.0: WAGON[W10889] → RETROFIT_STARTED at WS_02
09:49:12 | INFO     | t=5551.0: WAGON[W5978] → RETROFIT_STARTED at WS_02
09:49:12 | INFO     | t=5552.0: LOCO[LOCO_01] → TRAIN_PREP at retrofitted (coupling + prep, 3.0 min)
09:49:12 | INFO     | t=5556.0: DISPATCHER → Assigned loco LOCO_02 to retrofit_to_workshop (waited 9.0 min, pending=2)
09:49:12 | INFO     | t=5556.0: RAKE[W12077,W6352] → COUPLING at retrofit (1 couplings, 2.0 min)
09:49:12 | INFO     | t=5556.0: WAGON[W4666] → Retrieved from retrofit queue
09:49:12 | INFO     | t=5556.0: WORKSHOP → No workshop available, waiting...
09:49:12 | INFO     | EVENT_PUBLISHED: TrainArrivedEvent | train=T80 | time=5557.0
09:49:12 | INFO     | EVENT_HANDLING: TrainArrivedEvent -> RetrofitWorkshopContext._handle_train_arrived
09:49:12 | INFO     | EVENT_HANDLED: TrainArrivedEvent by RetrofitWorkshopContext._handle_train_arrived
09:49:12 | INFO     | t=5561.0: DISPATCHER → Hold override for collection_to_retrofit (waited 31.0 min >= max 30.0 min)
09:49:12 | INFO     | t=5563.0: LOCO[LOCO_02] → COUPLING at retrofit (2.0 min)
09:49:12 | INFO     | t=5565.0: LOCO[LOCO_02] → SHUNTING_PREP at retrofit (1.0 min)
09:49:12 | INFO     | EVENT_PUBLISHED: TrainArrivedEvent | train=T81 | time=5566.2
09:49:12 | INFO     | EVENT_HANDLING: TrainArrivedEvent -> RetrofitWorkshopContext._handle_train_arrived
09:49:12 | INFO     | EVENT_HANDLED: TrainArrivedEvent by RetrofitWorkshopContext._handle_train_arrived
09:49:12 | INFO     | t=5571.0: LOCO[LOCO_02] → DECOUPLING at WS_01 (3.0 min)
09:49:12 | INFO     | t=5574.0: RAKE[W12077,W6352] → DECOUPLING at WS_01 (1 couplings, 3.0 min)
09:49:12 | INFO     | t=5577.0: WAGON[W12077] → RETROFIT_STARTED at WS_01
09:49:12 | INFO     | t=5577.0: WAGON[W6352] → RETROFIT_STARTED at WS_01
09:49:12 | INFO     | t=5582.0: DISPATCHER → Hold override for collection_to_retrofit (waited 52.0 min >= max 30.0 min)
09:49:12 | INFO     | t=5582.0: DISPATCHER → Hold override for collection_to_retrofit (waited 35.0 min >= max 30.0 min)
09:49:12 | INFO     | t=5582.0: DISPATCHER → Assigned loco LOCO_02 to collection_to_retrofit (waited 52.0 min, pending=1)
09:49:12 | INFO     | t=5582.0: DISPATCHER → Hold override for collection_to_retrofit (waited 35.0 min >= max 30.0 min)
09:49:12 | INFO     | t=5611.0: RAKE[W10889,W5978] → COUPLING at WS_02 (1 couplings, 0.5 min)
09:49:12 | INFO     | t=5611.5: LOCO → Allocating for pickup from WS_02
09:49:12 | INFO     | t=5611.5: DISPATCHER → Task submitted: workshop_to_retrofitted (pending=2)
09:49:12 | INFO     | t=5615.0: LOCO[LOCO_01] → DECOUPLING at parking10 (2.0 min)
09:49:12 | INFO     | t=5617.0: RAKE[W11261,W10364,W6077,W0623] → DECOUPLING at parking10 (3 couplings, 1.5 min)
09:49:12 | INFO     | t=5637.0: RAKE[W12077,W6352] → COUPLING at WS_01 (1 couplings, 0.5 min)
09:49:12 | INFO     | t=5637.5: LOCO → Allocating for pickup from WS_01
09:49:12 | INFO     | t=5637.5: DISPATCHER → Task submitted: workshop_to_retrofitted (pending=3)
09:49:12 | INFO     | t=5642.0: LOCO[LOCO_02] → TRAIN_PREP at collection (coupling + prep, 3.0 min)
09:49:12 | INFO     | t=5678.5: LOCO[LOCO_01] → Releasing
09:49:12 | INFO     | t=5678.5: LOCO[LOCO_01] → Released
09:49:12 | INFO     | t=5678.5: PARKING → Got wagon W11259 from retrofitted
09:49:12 | INFO     | t=5678.5: DISPATCHER → Hold override for collection_to_retrofit (waited 131.5 min >= max 30.0 min)
09:49:12 | INFO     | t=5678.5: DISPATCHER → Assigned loco LOCO_01 to collection_to_retrofit (waited 131.5 min, pending=2)
09:49:12 | INFO     | t=5678.5: LOCO → Allocating for parking transport
09:49:12 | INFO     | t=5678.5: DISPATCHER → Task submitted: retrofitted_to_parking (pending=3)
09:49:12 | INFO     | t=5705.0: LOCO[LOCO_02] → DECOUPLING at retrofit (3.0 min)
09:49:12 | INFO     | t=5708.0: RAKE[W4522] → DECOUPLING at retrofit (0 couplings, 0.0 min)
09:49:12 | INFO     | t=5713.0: Batch size limited by retrofit capacity: 1 wagons (19.9m) fits, 21 waiting
09:49:12 | INFO     | t=5713.0: DISPATCHER → Assigned loco LOCO_02 to workshop_to_retrofitted (waited 101.5 min, pending=2)
09:49:12 | INFO     | t=5713.0: COLLECTION → Reserving retrofit track capacity for 1 wagons
09:49:12 | INFO     | t=5713.0: LOCO[LOCO_02] → Allocated for pickup
09:49:12 | INFO     | t=5713.0: COLLECTION → Capacity reserved, allocating locomotive
09:49:12 | INFO     | t=5713.0: DISPATCHER → Task submitted: collection_to_retrofit (pending=3)
09:49:12 | INFO     | t=5720.0: LOCO[LOCO_02] → TRAIN_PREP completed at WS_02 (2.0 min)
09:49:12 | INFO     | EVENT_PUBLISHED: TrainArrivedEvent | train=T82 | time=5724.0
09:49:12 | INFO     | EVENT_HANDLING: TrainArrivedEvent -> RetrofitWorkshopContext._handle_train_arrived
09:49:12 | INFO     | EVENT_HANDLED: TrainArrivedEvent by RetrofitWorkshopContext._handle_train_arrived
09:49:12 | INFO     | t=5725.0: BATCH → Putting 2 wagons on retrofitted track retrofitted
09:49:12 | INFO     | t=5725.0: WAGON[W10889] → Added to retrofitted track retrofitted
09:49:12 | INFO     | t=5725.0: WAGON[W5978] → Added to retrofitted track retrofitted
09:49:12 | INFO     | t=5730.0: WORKSHOP[WS_02] → Released, notifying 1 waiting processes
09:49:12 | INFO     | t=5730.0: WORKSHOP → Workshop became available
09:49:12 | INFO     | t=5730.0: WORKSHOP[WS_02] → Selected for batch
09:49:12 | INFO     | t=5730.0: DISPATCHER → Hold override for retrofitted_to_parking (waited 51.5 min >= max 45.0 min)
09:49:12 | INFO     | t=5730.0: DISPATCHER → Assigned loco LOCO_02 to workshop_to_retrofitted (waited 92.5 min, pending=2)
09:49:12 | INFO     | t=5730.0: DISPATCHER → Hold override for retrofitted_to_parking (waited 51.5 min >= max 45.0 min)
09:49:12 | INFO     | t=5730.0: WAGON[W11014] → Added to batch
09:49:12 | INFO     | t=5730.0: BATCH[W4666,W11014] → Formed 2 wagons for WS_02
09:49:12 | INFO     | t=5730.0: LOCO[LOCO_02] → Allocated for pickup
09:49:12 | INFO     | t=5730.0: TRACK[retrofit] → Removed 2 wagons (36.8m freed)
09:49:12 | INFO     | t=5730.0: DISPATCHER → Task submitted: retrofit_to_workshop (pending=3)
09:49:12 | INFO     | t=5737.0: LOCO[LOCO_02] → TRAIN_PREP completed at WS_01 (2.0 min)
09:49:12 | INFO     | t=5738.5: LOCO[LOCO_01] → TRAIN_PREP at collection (coupling + prep, 3.0 min)
09:49:12 | INFO     | t=5742.0: BATCH → Putting 2 wagons on retrofitted track retrofitted
09:49:12 | INFO     | t=5742.0: WAGON[W12077] → Added to retrofitted track retrofitted
09:49:12 | INFO     | t=5742.0: WAGON[W6352] → Added to retrofitted track retrofitted
09:49:12 | INFO     | t=5747.0: WORKSHOP[WS_01] → Released, notifying 0 waiting processes
09:49:12 | INFO     | t=5747.0: DISPATCHER → Hold override for retrofitted_to_parking (waited 68.5 min >= max 45.0 min)
09:49:12 | INFO     | t=5747.0: DISPATCHER → Hold override for collection_to_retrofit (waited 34.0 min >= max 30.0 min)
09:49:12 | INFO     | t=5747.0: DISPATCHER → Assigned loco LOCO_02 to collection_to_retrofit (waited 34.0 min, pending=2)
09:49:12 | INFO     | t=5747.0: DISPATCHER → Hold override for retrofitted_to_parking (waited 68.5 min >= max 45.0 min)
09:49:12 | INFO     | EVENT_PUBLISHED: TrainArrivedEvent | train=T83 | time=5758.0
09:49:12 | INFO     | EVENT_HANDLING: TrainArrivedEvent -> RetrofitWorkshopContext._handle_train_arrived
09:49:12 | INFO     | EVENT_HANDLED: TrainArrivedEvent by RetrofitWorkshopContext._handle_train_arrived
09:49:12 | INFO     | EVENT_PUBLISHED: TrainArrivedEvent | train=T84 | time=5768.0
09:49:12 | INFO     | EVENT_HANDLING: TrainArrivedEvent -> RetrofitWorkshopContext._handle_train_arrived
09:49:12 | INFO     | EVENT_HANDLED: TrainArrivedEvent by RetrofitWorkshopContext._handle_train_arrived
09:49:12 | INFO     | EVENT_PUBLISHED: TrainArrivedEvent | train=T85 | time=5775.2
09:49:12 | INFO     | EVENT_HANDLING: TrainArrivedEvent -> RetrofitWorkshopContext._handle_train_arrived
09:49:12 | INFO     | EVENT_HANDLED: TrainArrivedEvent by RetrofitWorkshopContext._handle_train_arrived
09:49:12 | INFO     | t=5801.5: LOCO[LOCO_01] → DECOUPLING at retrofit (3.0 min)
09:49:12 | INFO     | t=5804.5: RAKE[W5833] → DECOUPLING at retrofit (0 couplings, 0.0 min)
09:49:12 | INFO     | t=5807.0: LOCO[LOCO_02] → TRAIN_PREP at collection (coupling + prep, 3.0 min)
09:49:12 | INFO     | t=5809.5: DISPATCHER → Hold override for retrofitted_to_parking (waited 131.0 min >= max 45.0 min)
09:49:12 | INFO     | t=5809.5: DISPATCHER → Assigned loco LOCO_01 to retrofit_to_workshop (waited 79.5 min, pending=1)
09:49:12 | INFO     | t=5809.5: DISPATCHER → Hold override for retrofitted_to_parking (waited 131.0 min >= max 45.0 min)
09:49:12 | INFO     | t=5809.5: Batch size limited by retrofit capacity: 2 wagons (27.8m) fits, 20 waiting
09:49:12 | INFO     | t=5809.5: RAKE[W4666,W11014] → COUPLING at retrofit (1 couplings, 2.0 min)
09:49:12 | INFO     | t=5809.5: COLLECTION → Reserving retrofit track capacity for 2 wagons
09:49:12 | INFO     | t=5809.5: WAGON[W9040] → Retrieved from retrofit queue
09:49:12 | INFO     | t=5809.5: WORKSHOP[WS_01] → Selected for batch
09:49:12 | INFO     | t=5809.5: COLLECTION → Capacity reserved, allocating locomotive
09:49:12 | INFO     | t=5809.5: DISPATCHER → Task submitted: collection_to_retrofit (pending=2)
09:49:12 | INFO     | t=5809.5: WAGON[W6213] → Added to batch
09:49:12 | INFO     | t=5809.5: BATCH[W9040,W6213] → Formed 2 wagons for WS_01
09:49:12 | INFO     | t=5809.5: TRACK[retrofit] → Removed 2 wagons (32.0m freed)
09:49:12 | INFO     | t=5809.5: DISPATCHER → Task submitted: retrofit_to_workshop (pending=3)
09:49:12 | INFO     | t=5816.5: LOCO[LOCO_01] → COUPLING at retrofit (2.0 min)
09:49:12 | INFO     | t=5818.5: LOCO[LOCO_01] → SHUNTING_PREP at retrofit (1.0 min)
09:49:12 | INFO     | EVENT_PUBLISHED: TrainArrivedEvent | train=T86 | time=5822.2
09:49:12 | INFO     | EVENT_HANDLING: TrainArrivedEvent -> RetrofitWorkshopContext._handle_train_arrived
09:49:12 | INFO     | EVENT_HANDLED: TrainArrivedEvent by RetrofitWorkshopContext._handle_train_arrived
09:49:12 | INFO     | t=5824.5: LOCO[LOCO_01] → DECOUPLING at WS_02 (3.0 min)
09:49:12 | INFO     | t=5827.5: RAKE[W4666,W11014] → DECOUPLING at WS_02 (1 couplings, 3.0 min)
09:49:12 | INFO     | t=5830.5: WAGON[W4666] → RETROFIT_STARTED at WS_02
09:49:12 | INFO     | t=5830.5: WAGON[W11014] → RETROFIT_STARTED at WS_02
09:49:12 | INFO     | t=5835.5: DISPATCHER → Hold override for retrofitted_to_parking (waited 157.0 min >= max 45.0 min)
09:49:12 | INFO     | t=5835.5: DISPATCHER → Assigned loco LOCO_01 to collection_to_retrofit (waited 26.0 min, pending=2)
09:49:12 | INFO     | t=5835.5: DISPATCHER → Hold override for retrofitted_to_parking (waited 157.0 min >= max 45.0 min)
09:49:12 | INFO     | EVENT_PUBLISHED: TrainArrivedEvent | train=T87 | time=5850.2
09:49:12 | INFO     | EVENT_HANDLING: TrainArrivedEvent -> RetrofitWorkshopContext._handle_train_arrived
09:49:12 | INFO     | EVENT_HANDLED: TrainArrivedEvent by RetrofitWorkshopContext._handle_train_arrived
09:49:12 | INFO     | t=5870.0: LOCO[LOCO_02] → DECOUPLING at retrofit (3.0 min)
09:49:12 | INFO     | t=5873.0: RAKE[W4479] → DECOUPLING at retrofit (0 couplings, 0.0 min)
09:49:12 | INFO     | t=5878.0: DISPATCHER → Hold override for retrofitted_to_parking (waited 199.5 min >= max 45.0 min)
09:49:12 | INFO     | t=5878.0: DISPATCHER → Assigned loco LOCO_02 to retrofit_to_workshop (waited 68.5 min, pending=1)
09:49:12 | INFO     | t=5878.0: DISPATCHER → Hold override for retrofitted_to_parking (waited 199.5 min >= max 45.0 min)
09:49:12 | INFO     | t=5878.0: RAKE[W9040,W6213] → COUPLING at retrofit (1 couplings, 2.0 min)
09:49:12 | INFO     | t=5878.0: Batch size limited by retrofit capacity: 3 wagons (49.6m) fits, 19 waiting
09:49:12 | INFO     | t=5878.0: WAGON[W1578] → Retrieved from retrofit queue
09:49:12 | INFO     | t=5878.0: WORKSHOP → No workshop available, waiting...
09:49:12 | INFO     | t=5878.0: COLLECTION → Reserving retrofit track capacity for 3 wagons
09:49:12 | INFO     | t=5878.0: COLLECTION → Capacity reserved, allocating locomotive
09:49:12 | INFO     | t=5878.0: DISPATCHER → Task submitted: collection_to_retrofit (pending=2)
09:49:12 | INFO     | t=5885.0: LOCO[LOCO_02] → COUPLING at retrofit (2.0 min)
09:49:12 | INFO     | t=5887.0: LOCO[LOCO_02] → SHUNTING_PREP at retrofit (1.0 min)
09:49:12 | INFO     | t=5890.5: RAKE[W4666,W11014] → COUPLING at WS_02 (1 couplings, 0.5 min)
09:49:12 | INFO     | t=5891.0: LOCO → Allocating for pickup from WS_02
09:49:12 | INFO     | t=5891.0: DISPATCHER → Task submitted: workshop_to_retrofitted (pending=3)
09:49:12 | INFO     | t=5893.0: LOCO[LOCO_02] → DECOUPLING at WS_01 (3.0 min)
09:49:12 | INFO     | t=5895.5: LOCO[LOCO_01] → TRAIN_PREP at collection (coupling + prep, 5.0 min)
09:49:12 | INFO     | t=5896.0: RAKE[W9040,W6213] → DECOUPLING at WS_01 (1 couplings, 3.0 min)
09:49:12 | INFO     | t=5899.0: WAGON[W9040] → RETROFIT_STARTED at WS_01
09:49:12 | INFO     | t=5899.0: WAGON[W6213] → RETROFIT_STARTED at WS_01
09:49:12 | INFO     | EVENT_PUBLISHED: TrainArrivedEvent | train=T88 | time=5903.5
09:49:12 | INFO     | EVENT_HANDLING: TrainArrivedEvent -> RetrofitWorkshopContext._handle_train_arrived
09:49:12 | INFO     | EVENT_HANDLED: TrainArrivedEvent by RetrofitWorkshopContext._handle_train_arrived
09:49:12 | INFO     | t=5904.0: DISPATCHER → Hold override for retrofitted_to_parking (waited 225.5 min >= max 45.0 min)
09:49:12 | INFO     | t=5904.0: DISPATCHER → Assigned loco LOCO_02 to workshop_to_retrofitted (waited 13.0 min, pending=2)
09:49:12 | INFO     | t=5904.0: DISPATCHER → Hold override for retrofitted_to_parking (waited 225.5 min >= max 45.0 min)
09:49:12 | INFO     | t=5904.0: LOCO[LOCO_02] → Allocated for pickup
09:49:12 | INFO     | t=5911.0: LOCO[LOCO_02] → TRAIN_PREP completed at WS_02 (2.0 min)
09:49:12 | INFO     | t=5916.0: BATCH → Putting 2 wagons on retrofitted track retrofitted
09:49:12 | INFO     | t=5916.0: WAGON[W4666] → Added to retrofitted track retrofitted
09:49:12 | INFO     | t=5916.0: WAGON[W11014] → Added to retrofitted track retrofitted
09:49:12 | INFO     | t=5921.0: WORKSHOP[WS_02] → Released, notifying 1 waiting processes
09:49:12 | INFO     | t=5921.0: WORKSHOP → Workshop became available
09:49:12 | INFO     | t=5921.0: WORKSHOP[WS_02] → Selected for batch
09:49:12 | INFO     | t=5921.0: DISPATCHER → Hold override for retrofitted_to_parking (waited 242.5 min >= max 45.0 min)
09:49:12 | INFO     | t=5921.0: DISPATCHER → Hold override for collection_to_retrofit (waited 43.0 min >= max 30.0 min)
09:49:12 | INFO     | t=5921.0: DISPATCHER → Assigned loco LOCO_02 to collection_to_retrofit (waited 43.0 min, pending=1)
09:49:12 | INFO     | t=5921.0: DISPATCHER → Hold override for retrofitted_to_parking (waited 242.5 min >= max 45.0 min)
09:49:12 | INFO     | t=5921.0: WAGON[W11269] → Added to batch
09:49:12 | INFO     | t=5921.0: BATCH[W1578,W11269] → Formed 2 wagons for WS_02
09:49:12 | INFO     | t=5921.0: TRACK[retrofit] → Removed 2 wagons (28.5m freed)
09:49:12 | INFO     | t=5921.0: DISPATCHER → Task submitted: retrofit_to_workshop (pending=2)
09:49:12 | INFO     | EVENT_PUBLISHED: TrainArrivedEvent | train=T89 | time=5923.8
09:49:12 | INFO     | EVENT_HANDLING: TrainArrivedEvent -> RetrofitWorkshopContext._handle_train_arrived
09:49:12 | INFO     | EVENT_HANDLED: TrainArrivedEvent by RetrofitWorkshopContext._handle_train_arrived
09:49:12 | INFO     | t=5959.0: RAKE[W9040,W6213] → COUPLING at WS_01 (1 couplings, 0.5 min)
09:49:12 | INFO     | t=5959.5: LOCO → Allocating for pickup from WS_01
09:49:12 | INFO     | t=5959.5: DISPATCHER → Task submitted: workshop_to_retrofitted (pending=3)
09:49:12 | INFO     | t=5960.5: LOCO[LOCO_01] → DECOUPLING at retrofit (6.0 min)
09:49:12 | INFO     | t=5966.5: RAKE[W11766,W4793] → DECOUPLING at retrofit (1 couplings, 3.0 min)
09:49:12 | INFO     | t=5974.5: Batch size limited by retrofit capacity: 1 wagons (26.2m) fits, 21 waiting
09:49:12 | INFO     | t=5974.5: DISPATCHER → Hold override for retrofitted_to_parking (waited 296.0 min >= max 45.0 min)
09:49:12 | INFO     | t=5974.5: DISPATCHER → Assigned loco LOCO_01 to retrofit_to_workshop (waited 53.5 min, pending=2)
09:49:12 | INFO     | t=5974.5: DISPATCHER → Hold override for retrofitted_to_parking (waited 296.0 min >= max 45.0 min)
09:49:12 | INFO     | t=5974.5: COLLECTION → Reserving retrofit track capacity for 1 wagons
09:49:12 | INFO     | t=5974.5: RAKE[W1578,W11269] → COUPLING at retrofit (1 couplings, 2.0 min)
09:49:12 | INFO     | t=5974.5: COLLECTION → Capacity reserved, allocating locomotive
09:49:12 | INFO     | t=5974.5: DISPATCHER → Task submitted: collection_to_retrofit (pending=3)
09:49:12 | INFO     | t=5974.5: WAGON[W10886] → Retrieved from retrofit queue
09:49:12 | INFO     | t=5974.5: WORKSHOP → No workshop available, waiting...
09:49:12 | INFO     | t=5981.0: LOCO[LOCO_02] → TRAIN_PREP at collection (coupling + prep, 7.0 min)
09:49:12 | INFO     | t=5981.5: LOCO[LOCO_01] → COUPLING at retrofit (2.0 min)
09:49:12 | INFO     | t=5983.5: LOCO[LOCO_01] → SHUNTING_PREP at retrofit (1.0 min)
09:49:12 | INFO     | t=5989.5: LOCO[LOCO_01] → DECOUPLING at WS_02 (3.0 min)
09:49:12 | INFO     | t=5992.5: RAKE[W1578,W11269] → DECOUPLING at WS_02 (1 couplings, 3.0 min)
09:49:12 | INFO     | t=5995.5: WAGON[W1578] → RETROFIT_STARTED at WS_02
09:49:12 | INFO     | t=5995.5: WAGON[W11269] → RETROFIT_STARTED at WS_02
09:49:12 | INFO     | t=6000.5: DISPATCHER → Hold override for retrofitted_to_parking (waited 322.0 min >= max 45.0 min)
09:49:12 | INFO     | t=6000.5: DISPATCHER → Assigned loco LOCO_01 to workshop_to_retrofitted (waited 41.0 min, pending=2)
09:49:12 | INFO     | t=6000.5: DISPATCHER → Hold override for retrofitted_to_parking (waited 322.0 min >= max 45.0 min)
09:49:12 | INFO     | t=6000.5: LOCO[LOCO_01] → Allocated for pickup
09:49:12 | INFO     | t=6007.5: LOCO[LOCO_01] → TRAIN_PREP completed at WS_01 (2.0 min)
09:49:12 | INFO     | t=6012.5: BATCH → Putting 2 wagons on retrofitted track retrofitted
09:49:12 | INFO     | t=6012.5: WAGON[W9040] → Added to retrofitted track retrofitted
09:49:12 | INFO     | t=6012.5: WAGON[W6213] → Added to retrofitted track retrofitted
09:49:12 | INFO     | t=6017.5: WORKSHOP[WS_01] → Released, notifying 1 waiting processes
09:49:12 | INFO     | t=6017.5: WORKSHOP → Workshop became available
09:49:12 | INFO     | t=6017.5: WORKSHOP[WS_01] → Selected for batch
09:49:12 | INFO     | t=6017.5: DISPATCHER → Hold override for retrofitted_to_parking (waited 339.0 min >= max 45.0 min)
09:49:12 | INFO     | t=6017.5: DISPATCHER → Hold override for collection_to_retrofit (waited 43.0 min >= max 30.0 min)
09:49:12 | INFO     | t=6017.5: DISPATCHER → Assigned loco LOCO_01 to collection_to_retrofit (waited 43.0 min, pending=1)
09:49:12 | INFO     | t=6017.5: DISPATCHER → Hold override for retrofitted_to_parking (waited 339.0 min >= max 45.0 min)
09:49:12 | INFO     | t=6017.5: WAGON[W5446] → Added to batch
09:49:12 | INFO     | t=6017.5: BATCH[W10886,W5446] → Formed 2 wagons for WS_01
09:49:12 | INFO     | t=6017.5: TRACK[retrofit] → Removed 2 wagons (29.1m freed)
09:49:12 | INFO     | t=6017.5: DISPATCHER → Task submitted: retrofit_to_workshop (pending=2)
09:49:12 | INFO     | t=6048.0: LOCO[LOCO_02] → DECOUPLING at retrofit (9.0 min)
09:49:12 | INFO     | t=6055.5: RAKE[W1578,W11269] → COUPLING at WS_02 (1 couplings, 0.5 min)
09:49:12 | INFO     | t=6056.0: LOCO → Allocating for pickup from WS_02
09:49:12 | INFO     | t=6056.0: DISPATCHER → Task submitted: workshop_to_retrofitted (pending=3)
09:49:12 | INFO     | t=6057.0: RAKE[W2737,W10081,W7253] → DECOUPLING at retrofit (2 couplings, 6.0 min)
09:49:12 | INFO     | EVENT_PUBLISHED: TrainArrivedEvent | train=T90 | time=6067.5
09:49:12 | INFO     | EVENT_HANDLING: TrainArrivedEvent -> RetrofitWorkshopContext._handle_train_arrived
09:49:12 | INFO     | EVENT_HANDLED: TrainArrivedEvent by RetrofitWorkshopContext._handle_train_arrived
09:49:12 | INFO     | t=6068.0: DISPATCHER → Hold override for retrofitted_to_parking (waited 389.5 min >= max 45.0 min)
09:49:12 | INFO     | t=6068.0: DISPATCHER → Assigned loco LOCO_02 to retrofit_to_workshop (waited 50.5 min, pending=2)
09:49:12 | INFO     | t=6068.0: DISPATCHER → Hold override for retrofitted_to_parking (waited 389.5 min >= max 45.0 min)
09:49:12 | INFO     | t=6068.0: Batch size limited by retrofit capacity: 2 wagons (25.7m) fits, 19 waiting
09:49:12 | INFO     | t=6068.0: RAKE[W10886,W5446] → COUPLING at retrofit (1 couplings, 2.0 min)
09:49:12 | INFO     | t=6068.0: COLLECTION → Reserving retrofit track capacity for 2 wagons
09:49:12 | INFO     | t=6068.0: WAGON[W10881] → Retrieved from retrofit queue
09:49:12 | INFO     | t=6068.0: WORKSHOP → No workshop available, waiting...
09:49:12 | INFO     | t=6068.0: COLLECTION → Capacity reserved, allocating locomotive
09:49:12 | INFO     | t=6068.0: DISPATCHER → Task submitted: collection_to_retrofit (pending=3)
09:49:12 | INFO     | t=6075.0: LOCO[LOCO_02] → COUPLING at retrofit (2.0 min)
09:49:12 | INFO     | t=6077.0: LOCO[LOCO_02] → SHUNTING_PREP at retrofit (1.0 min)
09:49:12 | INFO     | t=6077.5: LOCO[LOCO_01] → TRAIN_PREP at collection (coupling + prep, 3.0 min)
09:49:12 | INFO     | t=6083.0: LOCO[LOCO_02] → DECOUPLING at WS_01 (3.0 min)
09:49:12 | INFO     | t=6086.0: RAKE[W10886,W5446] → DECOUPLING at WS_01 (1 couplings, 3.0 min)
09:49:12 | INFO     | t=6089.0: WAGON[W10886] → RETROFIT_STARTED at WS_01
09:49:12 | INFO     | t=6089.0: WAGON[W5446] → RETROFIT_STARTED at WS_01
09:49:12 | INFO     | t=6094.0: DISPATCHER → Hold override for retrofitted_to_parking (waited 415.5 min >= max 45.0 min)
09:49:12 | INFO     | t=6094.0: DISPATCHER → Assigned loco LOCO_02 to retrofitted_to_parking (waited 415.5 min, pending=2)
09:49:12 | INFO     | t=6094.0: LOCO[LOCO_02] → Allocated for parking transport
09:49:12 | INFO     | t=6099.0: LOCO[LOCO_02] → TRAIN_PREP at retrofitted (coupling + prep, 3.0 min)
09:49:12 | INFO     | t=6140.5: LOCO[LOCO_01] → DECOUPLING at retrofit (3.0 min)
09:49:12 | INFO     | t=6143.5: RAKE[W11718] → DECOUPLING at retrofit (0 couplings, 0.0 min)
09:49:12 | INFO     | t=6148.5: Batch size limited by retrofit capacity: 1 wagons (13.2m) fits, 21 waiting
09:49:12 | INFO     | t=6148.5: DISPATCHER → Hold override for collection_to_retrofit (waited 80.5 min >= max 30.0 min)
09:49:12 | INFO     | t=6148.5: DISPATCHER → Assigned loco LOCO_01 to collection_to_retrofit (waited 80.5 min, pending=1)
09:49:12 | INFO     | t=6148.5: COLLECTION → Reserving retrofit track capacity for 1 wagons
09:49:12 | INFO     | t=6149.0: RAKE[W10886,W5446] → COUPLING at WS_01 (1 couplings, 0.5 min)
09:49:12 | INFO     | t=6149.5: LOCO → Allocating for pickup from WS_01
09:49:12 | INFO     | t=6149.5: DISPATCHER → Task submitted: workshop_to_retrofitted (pending=2)
09:49:12 | INFO     | t=6177.0: LOCO[LOCO_02] → DECOUPLING at parking14 (2.0 min)
09:49:12 | INFO     | t=6179.0: RAKE[W11259,W11254,W10878,W5167] → DECOUPLING at parking14 (3 couplings, 1.5 min)
09:49:12 | INFO     | t=6208.5: LOCO[LOCO_01] → TRAIN_PREP at collection (coupling + prep, 5.0 min)
09:49:12 | INFO     | t=6240.5: LOCO[LOCO_02] → Releasing
09:49:12 | INFO     | t=6240.5: LOCO[LOCO_02] → Released
09:49:12 | INFO     | t=6240.5: PARKING → Got wagon W10889 from retrofitted
09:49:12 | INFO     | t=6240.5: DISPATCHER → Assigned loco LOCO_02 to workshop_to_retrofitted (waited 184.5 min, pending=1)
09:49:12 | INFO     | t=6240.5: LOCO[LOCO_02] → Allocated for pickup
09:49:12 | INFO     | t=6240.5: LOCO → Allocating for parking transport
09:49:12 | INFO     | t=6240.5: DISPATCHER → Task submitted: retrofitted_to_parking (pending=2)
09:49:12 | INFO     | t=6247.5: LOCO[LOCO_02] → TRAIN_PREP completed at WS_02 (2.0 min)
09:49:12 | INFO     | t=6252.5: BATCH → Putting 2 wagons on retrofitted track retrofitted
09:49:12 | INFO     | t=6252.5: WAGON[W1578] → Added to retrofitted track retrofitted
09:49:12 | INFO     | t=6252.5: WAGON[W11269] → Added to retrofitted track retrofitted
09:49:12 | INFO     | t=6257.5: WORKSHOP[WS_02] → Released, notifying 1 waiting processes
09:49:12 | INFO     | t=6257.5: WORKSHOP → Workshop became available
09:49:12 | INFO     | t=6257.5: WORKSHOP[WS_02] → Selected for batch
09:49:12 | INFO     | t=6257.5: DISPATCHER → Assigned loco LOCO_02 to workshop_to_retrofitted (waited 108.0 min, pending=1)
09:49:12 | INFO     | t=6257.5: WAGON[W3811] → Added to batch
09:49:12 | INFO     | t=6257.5: BATCH[W10881,W3811] → Formed 2 wagons for WS_02
09:49:12 | INFO     | t=6257.5: LOCO[LOCO_02] → Allocated for pickup
09:49:12 | INFO     | t=6257.5: TRACK[retrofit] → Removed 2 wagons (32.6m freed)
09:49:12 | INFO     | t=6257.5: DISPATCHER → Task submitted: retrofit_to_workshop (pending=2)
09:49:12 | INFO     | t=6257.5: COLLECTION → Capacity reserved, allocating locomotive
09:49:12 | INFO     | t=6257.5: DISPATCHER → Task submitted: collection_to_retrofit (pending=3)
09:49:12 | INFO     | t=6264.5: LOCO[LOCO_02] → TRAIN_PREP completed at WS_01 (2.0 min)
09:49:12 | INFO     | t=6269.5: BATCH → Putting 2 wagons on retrofitted track retrofitted
09:49:12 | INFO     | t=6269.5: WAGON[W10886] → Added to retrofitted track retrofitted
09:49:12 | INFO     | t=6269.5: WAGON[W5446] → Added to retrofitted track retrofitted
09:49:12 | INFO     | t=6273.5: LOCO[LOCO_01] → DECOUPLING at retrofit (6.0 min)
09:49:12 | INFO     | t=6274.5: WORKSHOP[WS_01] → Released, notifying 0 waiting processes
09:49:12 | INFO     | t=6274.5: DISPATCHER → Assigned loco LOCO_02 to retrofit_to_workshop (waited 17.0 min, pending=2)
09:49:12 | INFO     | t=6274.5: RAKE[W10881,W3811] → COUPLING at retrofit (1 couplings, 2.0 min)
09:49:12 | INFO     | t=6274.5: WAGON[W2926] → Retrieved from retrofit queue
09:49:12 | INFO     | t=6274.5: WORKSHOP[WS_01] → Selected for batch
09:49:12 | INFO     | t=6274.5: WAGON[W5391] → Added to batch
09:49:12 | INFO     | t=6274.5: BATCH[W2926,W5391] → Formed 2 wagons for WS_01
09:49:12 | INFO     | t=6274.5: TRACK[retrofit] → Removed 2 wagons (39.7m freed)
09:49:12 | INFO     | t=6274.5: DISPATCHER → Task submitted: retrofit_to_workshop (pending=3)
09:49:12 | INFO     | t=6279.5: RAKE[W0032,W6592] → DECOUPLING at retrofit (1 couplings, 3.0 min)
09:49:12 | INFO     | t=6281.5: LOCO[LOCO_02] → COUPLING at retrofit (2.0 min)
09:49:12 | INFO     | t=6283.5: LOCO[LOCO_02] → SHUNTING_PREP at retrofit (1.0 min)
09:49:12 | INFO     | t=6287.5: DISPATCHER → Hold override for retrofitted_to_parking (waited 47.0 min >= max 45.0 min)
09:49:12 | INFO     | t=6287.5: DISPATCHER → Hold override for collection_to_retrofit (waited 30.0 min >= max 30.0 min)
09:49:12 | INFO     | t=6287.5: DISPATCHER → Assigned loco LOCO_01 to collection_to_retrofit (waited 30.0 min, pending=2)
09:49:12 | INFO     | t=6287.5: DISPATCHER → Hold override for retrofitted_to_parking (waited 47.0 min >= max 45.0 min)
09:49:12 | INFO     | t=6287.5: Batch size limited by retrofit capacity: 4 wagons (63.0m) fits, 15 waiting
09:49:12 | INFO     | t=6287.5: COLLECTION → Reserving retrofit track capacity for 4 wagons
09:49:12 | INFO     | t=6287.5: COLLECTION → Capacity reserved, allocating locomotive
09:49:12 | INFO     | t=6287.5: DISPATCHER → Task submitted: collection_to_retrofit (pending=3)
09:49:12 | INFO     | t=6289.5: LOCO[LOCO_02] → DECOUPLING at WS_02 (3.0 min)
09:49:12 | INFO     | t=6292.5: RAKE[W10881,W3811] → DECOUPLING at WS_02 (1 couplings, 3.0 min)
09:49:12 | INFO     | t=6295.5: WAGON[W10881] → RETROFIT_STARTED at WS_02
09:49:12 | INFO     | t=6295.5: WAGON[W3811] → RETROFIT_STARTED at WS_02
09:49:12 | INFO     | t=6300.5: DISPATCHER → Hold override for retrofitted_to_parking (waited 60.0 min >= max 45.0 min)
09:49:12 | INFO     | t=6300.5: DISPATCHER → Assigned loco LOCO_02 to retrofit_to_workshop (waited 26.0 min, pending=2)
09:49:12 | INFO     | t=6300.5: DISPATCHER → Hold override for retrofitted_to_parking (waited 60.0 min >= max 45.0 min)
09:49:12 | INFO     | t=6300.5: RAKE[W2926,W5391] → COUPLING at retrofit (1 couplings, 2.0 min)
09:49:12 | INFO     | t=6300.5: WAGON[W5057] → Retrieved from retrofit queue
09:49:12 | INFO     | t=6300.5: WORKSHOP → No workshop available, waiting...
09:49:12 | INFO     | t=6307.5: LOCO[LOCO_02] → COUPLING at retrofit (2.0 min)
09:49:12 | INFO     | t=6309.5: LOCO[LOCO_02] → SHUNTING_PREP at retrofit (1.0 min)
09:49:12 | INFO     | t=6315.5: LOCO[LOCO_02] → DECOUPLING at WS_01 (3.0 min)
09:49:12 | INFO     | t=6318.5: RAKE[W2926,W5391] → DECOUPLING at WS_01 (1 couplings, 3.0 min)
09:49:12 | INFO     | t=6321.5: WAGON[W2926] → RETROFIT_STARTED at WS_01
09:49:12 | INFO     | t=6321.5: WAGON[W5391] → RETROFIT_STARTED at WS_01
09:49:12 | INFO     | t=6326.5: DISPATCHER → Hold override for retrofitted_to_parking (waited 86.0 min >= max 45.0 min)
09:49:12 | INFO     | t=6326.5: DISPATCHER → Hold override for collection_to_retrofit (waited 39.0 min >= max 30.0 min)
09:49:12 | INFO     | t=6326.5: DISPATCHER → Assigned loco LOCO_02 to collection_to_retrofit (waited 39.0 min, pending=1)
09:49:12 | INFO     | t=6326.5: DISPATCHER → Hold override for retrofitted_to_parking (waited 86.0 min >= max 45.0 min)
09:49:12 | INFO     | t=6347.5: LOCO[LOCO_01] → TRAIN_PREP at collection (coupling + prep, 3.0 min)
09:49:12 | INFO     | t=6355.5: RAKE[W10881,W3811] → COUPLING at WS_02 (1 couplings, 0.5 min)
09:49:12 | INFO     | t=6356.0: LOCO → Allocating for pickup from WS_02
09:49:12 | INFO     | t=6356.0: DISPATCHER → Task submitted: workshop_to_retrofitted (pending=2)
09:49:12 | INFO     | t=6381.5: RAKE[W2926,W5391] → COUPLING at WS_01 (1 couplings, 0.5 min)
09:49:12 | INFO     | t=6382.0: LOCO → Allocating for pickup from WS_01
09:49:12 | INFO     | t=6382.0: DISPATCHER → Task submitted: workshop_to_retrofitted (pending=3)
09:49:12 | INFO     | t=6386.5: LOCO[LOCO_02] → TRAIN_PREP at collection (coupling + prep, 9.0 min)
09:49:12 | INFO     | t=6410.5: LOCO[LOCO_01] → DECOUPLING at retrofit (3.0 min)
09:49:12 | INFO     | t=6413.5: RAKE[W7261] → DECOUPLING at retrofit (0 couplings, 0.0 min)
09:49:12 | INFO     | t=6418.5: Batch size limited by retrofit capacity: 1 wagons (11.6m) fits, 20 waiting
09:49:12 | INFO     | t=6418.5: DISPATCHER → Hold override for retrofitted_to_parking (waited 178.0 min >= max 45.0 min)
09:49:12 | INFO     | t=6418.5: DISPATCHER → Assigned loco LOCO_01 to retrofitted_to_parking (waited 178.0 min, pending=2)
09:49:12 | INFO     | t=6418.5: COLLECTION → Reserving retrofit track capacity for 1 wagons
09:49:12 | INFO     | t=6418.5: LOCO[LOCO_01] → Allocated for parking transport
09:49:12 | INFO     | t=6423.5: LOCO[LOCO_01] → TRAIN_PREP at retrofitted (coupling + prep, 5.0 min)
09:49:12 | INFO     | t=6455.5: LOCO[LOCO_02] → DECOUPLING at retrofit (12.0 min)
09:49:12 | INFO     | t=6467.5: RAKE[W10601,W6942,W6246,W5947] → DECOUPLING at retrofit (3 couplings, 9.0 min)
09:49:12 | INFO     | EVENT_PUBLISHED: TrainArrivedEvent | train=T91 | time=6475.5
09:49:12 | INFO     | EVENT_HANDLING: TrainArrivedEvent -> RetrofitWorkshopContext._handle_train_arrived
09:49:12 | INFO     | EVENT_HANDLED: TrainArrivedEvent by RetrofitWorkshopContext._handle_train_arrived
09:49:12 | INFO     | t=6481.5: Batch size limited by retrofit capacity: 1 wagons (22.4m) fits, 18 waiting
09:49:12 | INFO     | t=6481.5: DISPATCHER → Assigned loco LOCO_02 to workshop_to_retrofitted (waited 125.5 min, pending=1)
09:49:12 | INFO     | t=6481.5: COLLECTION → Reserving retrofit track capacity for 1 wagons
09:49:12 | INFO     | t=6481.5: LOCO[LOCO_02] → Allocated for pickup
09:49:12 | INFO     | t=6488.5: LOCO[LOCO_02] → TRAIN_PREP completed at WS_02 (2.0 min)
09:49:12 | INFO     | t=6493.5: BATCH → Putting 2 wagons on retrofitted track retrofitted
09:49:12 | INFO     | t=6493.5: WAGON[W10881] → Added to retrofitted track retrofitted
09:49:12 | INFO     | t=6493.5: WAGON[W3811] → Added to retrofitted track retrofitted
09:49:12 | INFO     | t=6498.5: WORKSHOP[WS_02] → Released, notifying 1 waiting processes
09:49:12 | INFO     | t=6498.5: WORKSHOP → Workshop became available
09:49:12 | INFO     | t=6498.5: WORKSHOP[WS_02] → Selected for batch
09:49:12 | INFO     | t=6498.5: DISPATCHER → Assigned loco LOCO_02 to workshop_to_retrofitted (waited 116.5 min, pending=0)
09:49:12 | INFO     | t=6498.5: WAGON[W6682] → Added to batch
09:49:12 | INFO     | t=6498.5: BATCH[W5057,W6682] → Formed 2 wagons for WS_02
09:49:12 | INFO     | t=6498.5: LOCO[LOCO_02] → Allocated for pickup
09:49:12 | INFO     | t=6498.5: TRACK[retrofit] → Removed 2 wagons (36.6m freed)
09:49:12 | INFO     | t=6498.5: DISPATCHER → Task submitted: retrofit_to_workshop (pending=1)
09:49:12 | INFO     | t=6498.5: COLLECTION → Capacity reserved, allocating locomotive
09:49:12 | INFO     | t=6498.5: DISPATCHER → Task submitted: collection_to_retrofit (pending=2)
09:49:12 | INFO     | t=6498.5: COLLECTION → Capacity reserved, allocating locomotive
09:49:12 | INFO     | t=6498.5: DISPATCHER → Task submitted: collection_to_retrofit (pending=3)
09:49:12 | INFO     | t=6503.5: LOCO[LOCO_01] → DECOUPLING at parking13 (4.0 min)
09:49:12 | INFO     | t=6505.5: LOCO[LOCO_02] → TRAIN_PREP completed at WS_01 (2.0 min)
09:49:12 | INFO     | t=6507.5: RAKE[W10889,W5978,W12077,W6352,W4666,W11014,W9040,W6213] → DECOUPLING at parking13 (7 couplings, 3.5 min)
09:49:12 | INFO     | t=6510.5: BATCH → Putting 2 wagons on retrofitted track retrofitted
09:49:12 | INFO     | t=6510.5: WAGON[W2926] → Added to retrofitted track retrofitted
09:49:12 | INFO     | t=6510.5: WAGON[W5391] → Added to retrofitted track retrofitted
09:49:12 | INFO     | t=6515.5: WORKSHOP[WS_01] → Released, notifying 0 waiting processes
09:49:12 | INFO     | t=6515.5: DISPATCHER → Assigned loco LOCO_02 to retrofit_to_workshop (waited 17.0 min, pending=2)
09:49:12 | INFO     | t=6515.5: RAKE[W5057,W6682] → COUPLING at retrofit (1 couplings, 2.0 min)
09:49:12 | INFO     | t=6515.5: WAGON[W11320] → Retrieved from retrofit queue
09:49:12 | INFO     | t=6515.5: WORKSHOP[WS_01] → Selected for batch
09:49:12 | INFO     | t=6515.5: WAGON[W4522] → Added to batch
09:49:12 | INFO     | t=6515.5: BATCH[W11320,W4522] → Formed 2 wagons for WS_01
09:49:12 | INFO     | t=6515.5: TRACK[retrofit] → Removed 2 wagons (34.8m freed)
09:49:12 | INFO     | t=6515.5: DISPATCHER → Task submitted: retrofit_to_workshop (pending=3)
09:49:12 | INFO     | t=6522.5: LOCO[LOCO_02] → COUPLING at retrofit (2.0 min)
09:49:12 | INFO     | t=6524.5: LOCO[LOCO_02] → SHUNTING_PREP at retrofit (1.0 min)
09:49:12 | INFO     | t=6530.5: LOCO[LOCO_02] → DECOUPLING at WS_02 (3.0 min)
09:49:12 | INFO     | t=6533.5: RAKE[W5057,W6682] → DECOUPLING at WS_02 (1 couplings, 3.0 min)
09:49:12 | INFO     | t=6536.5: WAGON[W5057] → RETROFIT_STARTED at WS_02
09:49:12 | INFO     | t=6536.5: WAGON[W6682] → RETROFIT_STARTED at WS_02
09:49:12 | INFO     | t=6541.5: DISPATCHER → Hold override for collection_to_retrofit (waited 43.0 min >= max 30.0 min)
09:49:12 | INFO     | t=6541.5: DISPATCHER → Hold override for collection_to_retrofit (waited 43.0 min >= max 30.0 min)
09:49:12 | INFO     | t=6541.5: DISPATCHER → Assigned loco LOCO_02 to collection_to_retrofit (waited 43.0 min, pending=2)
09:49:12 | INFO     | t=6541.5: DISPATCHER → Hold override for collection_to_retrofit (waited 43.0 min >= max 30.0 min)
09:49:12 | INFO     | t=6571.0: LOCO[LOCO_01] → Releasing
09:49:12 | INFO     | t=6571.0: LOCO[LOCO_01] → Released
09:49:12 | INFO     | t=6571.0: PARKING → Got wagon W1578 from retrofitted
09:49:12 | INFO     | t=6571.0: DISPATCHER → Hold override for collection_to_retrofit (waited 72.5 min >= max 30.0 min)
09:49:12 | INFO     | t=6571.0: DISPATCHER → Assigned loco LOCO_01 to collection_to_retrofit (waited 72.5 min, pending=1)
09:49:12 | INFO     | t=6571.0: LOCO → Allocating for parking transport
09:49:12 | INFO     | t=6571.0: DISPATCHER → Task submitted: retrofitted_to_parking (pending=2)
09:49:12 | INFO     | EVENT_PUBLISHED: TrainArrivedEvent | train=T92 | time=6595.0
09:49:12 | INFO     | EVENT_HANDLING: TrainArrivedEvent -> RetrofitWorkshopContext._handle_train_arrived
09:49:12 | INFO     | EVENT_HANDLED: TrainArrivedEvent by RetrofitWorkshopContext._handle_train_arrived
09:49:12 | INFO     | t=6596.5: RAKE[W5057,W6682] → COUPLING at WS_02 (1 couplings, 0.5 min)
09:49:12 | INFO     | t=6597.0: LOCO → Allocating for pickup from WS_02
09:49:12 | INFO     | t=6597.0: DISPATCHER → Task submitted: workshop_to_retrofitted (pending=3)
09:49:12 | INFO     | t=6601.5: LOCO[LOCO_02] → TRAIN_PREP at collection (coupling + prep, 3.0 min)
09:49:12 | INFO     | t=6631.0: LOCO[LOCO_01] → TRAIN_PREP at collection (coupling + prep, 3.0 min)
09:49:12 | INFO     | t=6664.5: LOCO[LOCO_02] → DECOUPLING at retrofit (3.0 min)
09:49:12 | INFO     | EVENT_PUBLISHED: TrainArrivedEvent | train=T93 | time=6666.5
09:49:12 | INFO     | EVENT_HANDLING: TrainArrivedEvent -> RetrofitWorkshopContext._handle_train_arrived
09:49:12 | INFO     | EVENT_HANDLED: TrainArrivedEvent by RetrofitWorkshopContext._handle_train_arrived
09:49:12 | INFO     | t=6667.5: RAKE[W7155] → DECOUPLING at retrofit (0 couplings, 0.0 min)
09:49:12 | INFO     | t=6672.5: DISPATCHER → Hold override for retrofitted_to_parking (waited 101.5 min >= max 45.0 min)
09:49:12 | INFO     | t=6672.5: DISPATCHER → Assigned loco LOCO_02 to retrofit_to_workshop (waited 157.0 min, pending=2)
09:49:12 | INFO     | t=6672.5: DISPATCHER → Hold override for retrofitted_to_parking (waited 101.5 min >= max 45.0 min)
09:49:12 | INFO     | t=6672.5: Batch size limited by retrofit capacity: 2 wagons (29.7m) fits, 19 waiting
09:49:12 | INFO     | t=6672.5: RAKE[W11320,W4522] → COUPLING at retrofit (1 couplings, 2.0 min)
09:49:12 | INFO     | t=6672.5: COLLECTION → Reserving retrofit track capacity for 2 wagons
09:49:12 | INFO     | t=6672.5: WAGON[W5833] → Retrieved from retrofit queue
09:49:12 | INFO     | t=6672.5: WORKSHOP → No workshop available, waiting...
09:49:12 | INFO     | t=6672.5: COLLECTION → Capacity reserved, allocating locomotive
09:49:12 | INFO     | t=6672.5: DISPATCHER → Task submitted: collection_to_retrofit (pending=3)
09:49:12 | INFO     | t=6679.5: LOCO[LOCO_02] → COUPLING at retrofit (2.0 min)
09:49:12 | INFO     | t=6681.5: LOCO[LOCO_02] → SHUNTING_PREP at retrofit (1.0 min)
09:49:12 | INFO     | t=6687.5: LOCO[LOCO_02] → DECOUPLING at WS_01 (3.0 min)
09:49:12 | INFO     | t=6690.5: RAKE[W11320,W4522] → DECOUPLING at WS_01 (1 couplings, 3.0 min)
09:49:12 | INFO     | t=6693.5: WAGON[W11320] → RETROFIT_STARTED at WS_01
09:49:12 | INFO     | t=6693.5: WAGON[W4522] → RETROFIT_STARTED at WS_01
09:49:12 | INFO     | t=6694.0: LOCO[LOCO_01] → DECOUPLING at retrofit (3.0 min)
09:49:12 | INFO     | t=6697.0: RAKE[W8085] → DECOUPLING at retrofit (0 couplings, 0.0 min)
09:49:12 | INFO     | t=6698.5: DISPATCHER → Hold override for retrofitted_to_parking (waited 127.5 min >= max 45.0 min)
09:49:12 | INFO     | t=6698.5: DISPATCHER → Assigned loco LOCO_02 to workshop_to_retrofitted (waited 101.5 min, pending=2)
09:49:12 | INFO     | t=6698.5: DISPATCHER → Hold override for retrofitted_to_parking (waited 127.5 min >= max 45.0 min)
09:49:12 | INFO     | t=6698.5: LOCO[LOCO_02] → Allocated for pickup
09:49:12 | INFO     | t=6702.0: Batch size limited by retrofit capacity: 1 wagons (22.4m) fits, 19 waiting
09:49:12 | INFO     | t=6702.0: DISPATCHER → Hold override for retrofitted_to_parking (waited 131.0 min >= max 45.0 min)
09:49:12 | INFO     | t=6702.0: DISPATCHER → Assigned loco LOCO_01 to retrofitted_to_parking (waited 131.0 min, pending=1)
09:49:12 | INFO     | t=6702.0: COLLECTION → Reserving retrofit track capacity for 1 wagons
09:49:12 | INFO     | t=6702.0: LOCO[LOCO_01] → Allocated for parking transport
09:49:12 | INFO     | t=6705.5: LOCO[LOCO_02] → TRAIN_PREP completed at WS_02 (2.0 min)
09:49:12 | INFO     | t=6707.0: DISPATCHER → Hold override for collection_to_retrofit (waited 34.5 min >= max 30.0 min)
09:49:12 | INFO     | t=6707.0: LOCO[LOCO_01] → TRAIN_PREP at retrofitted (coupling + prep, 5.0 min)
09:49:12 | INFO     | t=6710.5: BATCH → Putting 2 wagons on retrofitted track retrofitted
09:49:12 | INFO     | t=6710.5: WAGON[W5057] → Added to retrofitted track retrofitted
09:49:12 | INFO     | t=6710.5: WAGON[W6682] → Added to retrofitted track retrofitted
09:49:12 | INFO     | t=6715.5: WORKSHOP[WS_02] → Released, notifying 1 waiting processes
09:49:12 | INFO     | t=6715.5: WORKSHOP → Workshop became available
09:49:12 | INFO     | t=6715.5: WORKSHOP[WS_02] → Selected for batch
09:49:12 | INFO     | t=6715.5: DISPATCHER → Hold override for collection_to_retrofit (waited 43.0 min >= max 30.0 min)
09:49:12 | INFO     | t=6715.5: DISPATCHER → Assigned loco LOCO_02 to collection_to_retrofit (waited 43.0 min, pending=0)
09:49:12 | INFO     | t=6715.5: WAGON[W4479] → Added to batch
09:49:12 | INFO     | t=6715.5: BATCH[W5833,W4479] → Formed 2 wagons for WS_02
09:49:12 | INFO     | t=6715.5: TRACK[retrofit] → Removed 2 wagons (33.9m freed)
09:49:12 | INFO     | t=6715.5: DISPATCHER → Task submitted: retrofit_to_workshop (pending=1)
09:49:12 | INFO     | t=6715.5: COLLECTION → Capacity reserved, allocating locomotive
09:49:12 | INFO     | t=6715.5: DISPATCHER → Task submitted: collection_to_retrofit (pending=2)
09:49:12 | INFO     | t=6717.0: LOCO[LOCO_01] → DECOUPLING at parking1 (4.0 min)
09:49:12 | INFO     | t=6721.0: RAKE[W1578,W11269,W10886,W5446,W10881,W3811,W2926,W5391] → DECOUPLING at parking1 (7 couplings, 3.5 min)
09:49:12 | INFO     | t=6729.5: LOCO[LOCO_01] → Releasing
09:49:12 | INFO     | t=6729.5: LOCO[LOCO_01] → Released
09:49:12 | INFO     | t=6729.5: PARKING → Got wagon W5057 from retrofitted
09:49:12 | INFO     | t=6729.5: DISPATCHER → Assigned loco LOCO_01 to retrofit_to_workshop (waited 14.0 min, pending=1)
09:49:12 | INFO     | t=6729.5: LOCO → Allocating for parking transport
09:49:12 | INFO     | t=6729.5: DISPATCHER → Task submitted: retrofitted_to_parking (pending=2)
09:49:12 | INFO     | t=6729.5: RAKE[W5833,W4479] → COUPLING at retrofit (1 couplings, 2.0 min)
09:49:12 | INFO     | t=6729.5: WAGON[W11766] → Retrieved from retrofit queue
09:49:12 | INFO     | t=6729.5: WORKSHOP → No workshop available, waiting...
09:49:12 | INFO     | t=6736.5: LOCO[LOCO_01] → COUPLING at retrofit (2.0 min)
09:49:12 | INFO     | t=6738.5: LOCO[LOCO_01] → SHUNTING_PREP at retrofit (1.0 min)
09:49:12 | INFO     | t=6744.5: LOCO[LOCO_01] → DECOUPLING at WS_02 (3.0 min)
09:49:12 | INFO     | t=6747.5: RAKE[W5833,W4479] → DECOUPLING at WS_02 (1 couplings, 3.0 min)
09:49:12 | INFO     | t=6749.5: DISPATCHER → Hold override for collection_to_retrofit (waited 34.0 min >= max 30.0 min)
09:49:12 | INFO     | t=6750.5: WAGON[W5833] → RETROFIT_STARTED at WS_02
09:49:12 | INFO     | t=6750.5: WAGON[W4479] → RETROFIT_STARTED at WS_02
09:49:12 | INFO     | t=6753.5: RAKE[W11320,W4522] → COUPLING at WS_01 (1 couplings, 0.5 min)
09:49:12 | INFO     | t=6754.0: LOCO → Allocating for pickup from WS_01
09:49:12 | INFO     | t=6754.0: DISPATCHER → Task submitted: workshop_to_retrofitted (pending=3)
09:49:12 | INFO     | t=6755.5: DISPATCHER → Hold override for collection_to_retrofit (waited 40.0 min >= max 30.0 min)
09:49:12 | INFO     | t=6755.5: DISPATCHER → Assigned loco LOCO_01 to collection_to_retrofit (waited 40.0 min, pending=2)
09:49:12 | INFO     | t=6775.5: LOCO[LOCO_02] → TRAIN_PREP at collection (coupling + prep, 5.0 min)
09:49:12 | INFO     | t=6810.5: RAKE[W5833,W4479] → COUPLING at WS_02 (1 couplings, 0.5 min)
09:49:12 | INFO     | t=6811.0: LOCO → Allocating for pickup from WS_02
09:49:12 | INFO     | t=6811.0: DISPATCHER → Task submitted: workshop_to_retrofitted (pending=3)
09:49:12 | INFO     | EVENT_PUBLISHED: TrainArrivedEvent | train=T94 | time=6812.8
09:49:12 | INFO     | EVENT_HANDLING: TrainArrivedEvent -> RetrofitWorkshopContext._handle_train_arrived
09:49:12 | INFO     | EVENT_HANDLED: TrainArrivedEvent by RetrofitWorkshopContext._handle_train_arrived
09:49:12 | INFO     | t=6815.5: LOCO[LOCO_01] → TRAIN_PREP at collection (coupling + prep, 3.0 min)
09:49:12 | INFO     | t=6840.5: LOCO[LOCO_02] → DECOUPLING at retrofit (6.0 min)
09:49:12 | INFO     | t=6846.5: RAKE[W7258,W9495] → DECOUPLING at retrofit (1 couplings, 3.0 min)
09:49:12 | INFO     | t=6854.5: Batch size limited by retrofit capacity: 1 wagons (18.0m) fits, 18 waiting
09:49:12 | INFO     | t=6854.5: DISPATCHER → Hold override for retrofitted_to_parking (waited 125.0 min >= max 45.0 min)
09:49:12 | INFO     | t=6854.5: DISPATCHER → Assigned loco LOCO_02 to workshop_to_retrofitted (waited 100.5 min, pending=2)
09:49:12 | INFO     | t=6854.5: DISPATCHER → Hold override for retrofitted_to_parking (waited 125.0 min >= max 45.0 min)
09:49:12 | INFO     | t=6854.5: COLLECTION → Reserving retrofit track capacity for 1 wagons
09:49:12 | INFO     | t=6854.5: LOCO[LOCO_02] → Allocated for pickup
09:49:12 | INFO     | t=6854.5: COLLECTION → Capacity reserved, allocating locomotive
09:49:12 | INFO     | t=6854.5: DISPATCHER → Task submitted: collection_to_retrofit (pending=3)
09:49:12 | INFO     | t=6861.5: LOCO[LOCO_02] → TRAIN_PREP completed at WS_01 (2.0 min)
09:49:12 | INFO     | t=6866.5: BATCH → Putting 2 wagons on retrofitted track retrofitted
09:49:12 | INFO     | t=6866.5: WAGON[W11320] → Added to retrofitted track retrofitted
09:49:12 | INFO     | t=6866.5: WAGON[W4522] → Added to retrofitted track retrofitted
09:49:12 | INFO     | t=6871.5: WORKSHOP[WS_01] → Released, notifying 1 waiting processes
09:49:12 | INFO     | t=6871.5: WORKSHOP → Workshop became available
09:49:12 | INFO     | t=6871.5: WORKSHOP[WS_01] → Selected for batch
09:49:12 | INFO     | t=6871.5: DISPATCHER → Hold override for retrofitted_to_parking (waited 142.0 min >= max 45.0 min)
09:49:12 | INFO     | t=6871.5: DISPATCHER → Assigned loco LOCO_02 to workshop_to_retrofitted (waited 60.5 min, pending=2)
09:49:12 | INFO     | t=6871.5: DISPATCHER → Hold override for retrofitted_to_parking (waited 142.0 min >= max 45.0 min)
09:49:12 | INFO     | t=6871.5: WAGON[W4793] → Added to batch
09:49:12 | INFO     | t=6871.5: BATCH[W11766,W4793] → Formed 2 wagons for WS_01
09:49:12 | INFO     | t=6871.5: LOCO[LOCO_02] → Allocated for pickup
09:49:12 | INFO     | t=6871.5: TRACK[retrofit] → Removed 2 wagons (27.8m freed)
09:49:12 | INFO     | t=6871.5: DISPATCHER → Task submitted: retrofit_to_workshop (pending=3)
09:49:12 | INFO     | t=6878.5: LOCO[LOCO_01] → DECOUPLING at retrofit (3.0 min)
09:49:12 | INFO     | t=6878.5: LOCO[LOCO_02] → TRAIN_PREP completed at WS_02 (2.0 min)
09:49:12 | INFO     | t=6881.5: RAKE[W8082] → DECOUPLING at retrofit (0 couplings, 0.0 min)
09:49:12 | INFO     | t=6883.5: BATCH → Putting 2 wagons on retrofitted track retrofitted
09:49:12 | INFO     | t=6883.5: WAGON[W5833] → Added to retrofitted track retrofitted
09:49:12 | INFO     | t=6883.5: WAGON[W4479] → Added to retrofitted track retrofitted
09:49:12 | INFO     | t=6886.5: DISPATCHER → Hold override for retrofitted_to_parking (waited 157.0 min >= max 45.0 min)
09:49:12 | INFO     | t=6886.5: DISPATCHER → Hold override for collection_to_retrofit (waited 32.0 min >= max 30.0 min)
09:49:12 | INFO     | t=6886.5: DISPATCHER → Assigned loco LOCO_01 to collection_to_retrofit (waited 32.0 min, pending=2)
09:49:12 | INFO     | t=6886.5: DISPATCHER → Hold override for retrofitted_to_parking (waited 157.0 min >= max 45.0 min)
09:49:12 | INFO     | t=6886.5: Batch size limited by retrofit capacity: 2 wagons (34.9m) fits, 17 waiting
09:49:12 | INFO     | t=6886.5: COLLECTION → Reserving retrofit track capacity for 2 wagons
09:49:12 | INFO     | t=6886.5: COLLECTION → Capacity reserved, allocating locomotive
09:49:12 | INFO     | t=6886.5: DISPATCHER → Task submitted: collection_to_retrofit (pending=3)
09:49:12 | INFO     | t=6888.5: WORKSHOP[WS_02] → Released, notifying 0 waiting processes
09:49:12 | INFO     | t=6888.5: DISPATCHER → Hold override for retrofitted_to_parking (waited 159.0 min >= max 45.0 min)
09:49:12 | INFO     | t=6888.5: DISPATCHER → Assigned loco LOCO_02 to retrofit_to_workshop (waited 17.0 min, pending=2)
09:49:12 | INFO     | t=6888.5: DISPATCHER → Hold override for retrofitted_to_parking (waited 159.0 min >= max 45.0 min)
09:49:12 | INFO     | t=6888.5: RAKE[W11766,W4793] → COUPLING at retrofit (1 couplings, 2.0 min)
09:49:12 | INFO     | t=6888.5: WAGON[W2737] → Retrieved from retrofit queue
09:49:12 | INFO     | t=6888.5: WORKSHOP[WS_02] → Selected for batch
09:49:12 | INFO     | t=6888.5: WAGON[W10081] → Added to batch
09:49:12 | INFO     | t=6888.5: BATCH[W2737,W10081] → Formed 2 wagons for WS_02
09:49:12 | INFO     | t=6888.5: TRACK[retrofit] → Removed 2 wagons (36.4m freed)
09:49:12 | INFO     | t=6888.5: DISPATCHER → Task submitted: retrofit_to_workshop (pending=3)
09:49:12 | INFO     | t=6895.5: LOCO[LOCO_02] → COUPLING at retrofit (2.0 min)
09:49:12 | INFO     | t=6897.5: LOCO[LOCO_02] → SHUNTING_PREP at retrofit (1.0 min)
09:49:12 | INFO     | t=6903.5: LOCO[LOCO_02] → DECOUPLING at WS_01 (3.0 min)
09:49:12 | INFO     | t=6906.5: RAKE[W11766,W4793] → DECOUPLING at WS_01 (1 couplings, 3.0 min)
09:49:12 | INFO     | t=6909.5: WAGON[W11766] → RETROFIT_STARTED at WS_01
09:49:12 | INFO     | t=6909.5: WAGON[W4793] → RETROFIT_STARTED at WS_01
09:49:12 | INFO     | t=6914.5: DISPATCHER → Hold override for retrofitted_to_parking (waited 185.0 min >= max 45.0 min)
09:49:12 | INFO     | t=6914.5: DISPATCHER → Assigned loco LOCO_02 to retrofit_to_workshop (waited 26.0 min, pending=2)
09:49:12 | INFO     | t=6914.5: DISPATCHER → Hold override for retrofitted_to_parking (waited 185.0 min >= max 45.0 min)
09:49:12 | INFO     | t=6914.5: RAKE[W2737,W10081] → COUPLING at retrofit (1 couplings, 2.0 min)
09:49:12 | INFO     | t=6914.5: WAGON[W7253] → Retrieved from retrofit queue
09:49:12 | INFO     | t=6914.5: WORKSHOP → No workshop available, waiting...
09:49:12 | INFO     | t=6921.5: LOCO[LOCO_02] → COUPLING at retrofit (2.0 min)
09:49:12 | INFO     | t=6923.5: LOCO[LOCO_02] → SHUNTING_PREP at retrofit (1.0 min)
09:49:12 | INFO     | t=6929.5: LOCO[LOCO_02] → DECOUPLING at WS_02 (3.0 min)
09:49:12 | INFO     | t=6932.5: RAKE[W2737,W10081] → DECOUPLING at WS_02 (1 couplings, 3.0 min)
09:49:12 | INFO     | t=6935.5: WAGON[W2737] → RETROFIT_STARTED at WS_02
09:49:12 | INFO     | t=6935.5: WAGON[W10081] → RETROFIT_STARTED at WS_02
09:49:12 | INFO     | t=6940.5: DISPATCHER → Hold override for retrofitted_to_parking (waited 211.0 min >= max 45.0 min)
09:49:12 | INFO     | t=6940.5: DISPATCHER → Hold override for collection_to_retrofit (waited 54.0 min >= max 30.0 min)
09:49:12 | INFO     | t=6940.5: DISPATCHER → Assigned loco LOCO_02 to collection_to_retrofit (waited 54.0 min, pending=1)
09:49:12 | INFO     | t=6940.5: DISPATCHER → Hold override for retrofitted_to_parking (waited 211.0 min >= max 45.0 min)
09:49:12 | INFO     | t=6946.5: LOCO[LOCO_01] → TRAIN_PREP at collection (coupling + prep, 3.0 min)
09:49:12 | INFO     | t=6969.5: RAKE[W11766,W4793] → COUPLING at WS_01 (1 couplings, 0.5 min)
09:49:12 | INFO     | t=6970.0: LOCO → Allocating for pickup from WS_01
09:49:12 | INFO     | t=6970.0: DISPATCHER → Task submitted: workshop_to_retrofitted (pending=2)
09:49:12 | INFO     | t=6995.5: RAKE[W2737,W10081] → COUPLING at WS_02 (1 couplings, 0.5 min)
09:49:12 | INFO     | t=6996.0: LOCO → Allocating for pickup from WS_02
09:49:12 | INFO     | t=6996.0: DISPATCHER → Task submitted: workshop_to_retrofitted (pending=3)
09:49:12 | INFO     | t=7000.5: LOCO[LOCO_02] → TRAIN_PREP at collection (coupling + prep, 5.0 min)
09:49:12 | INFO     | EVENT_PUBLISHED: TrainArrivedEvent | train=T95 | time=7002.0
09:49:12 | INFO     | EVENT_HANDLING: TrainArrivedEvent -> RetrofitWorkshopContext._handle_train_arrived
09:49:12 | INFO     | EVENT_HANDLED: TrainArrivedEvent by RetrofitWorkshopContext._handle_train_arrived
09:49:12 | INFO     | t=7009.5: LOCO[LOCO_01] → DECOUPLING at retrofit (3.0 min)
09:49:12 | INFO     | t=7012.5: RAKE[W9345] → DECOUPLING at retrofit (0 couplings, 0.0 min)
09:49:12 | INFO     | t=7017.5: DISPATCHER → Hold override for retrofitted_to_parking (waited 288.0 min >= max 45.0 min)
09:49:12 | INFO     | t=7017.5: DISPATCHER → Assigned loco LOCO_01 to workshop_to_retrofitted (waited 47.5 min, pending=2)
09:49:12 | INFO     | t=7017.5: DISPATCHER → Hold override for retrofitted_to_parking (waited 288.0 min >= max 45.0 min)
09:49:12 | INFO     | t=7017.5: Batch size limited by retrofit capacity: 2 wagons (37.3m) fits, 16 waiting
09:49:12 | INFO     | t=7017.5: LOCO[LOCO_01] → Allocated for pickup
09:49:12 | INFO     | t=7017.5: COLLECTION → Reserving retrofit track capacity for 2 wagons
09:49:12 | INFO     | t=7017.5: COLLECTION → Capacity reserved, allocating locomotive
09:49:12 | INFO     | t=7017.5: DISPATCHER → Task submitted: collection_to_retrofit (pending=3)
09:49:12 | INFO     | t=7024.5: LOCO[LOCO_01] → TRAIN_PREP completed at WS_01 (2.0 min)
09:49:12 | INFO     | t=7029.5: BATCH → Putting 2 wagons on retrofitted track retrofitted
09:49:12 | INFO     | t=7029.5: WAGON[W11766] → Added to retrofitted track retrofitted
09:49:12 | INFO     | t=7029.5: WAGON[W4793] → Added to retrofitted track retrofitted
09:49:12 | INFO     | t=7034.5: WORKSHOP[WS_01] → Released, notifying 1 waiting processes
09:49:12 | INFO     | t=7034.5: WORKSHOP → Workshop became available
09:49:12 | INFO     | t=7034.5: WORKSHOP[WS_01] → Selected for batch
09:49:12 | INFO     | t=7034.5: DISPATCHER → Hold override for retrofitted_to_parking (waited 305.0 min >= max 45.0 min)
09:49:12 | INFO     | t=7034.5: DISPATCHER → Assigned loco LOCO_01 to workshop_to_retrofitted (waited 38.5 min, pending=2)
09:49:12 | INFO     | t=7034.5: DISPATCHER → Hold override for retrofitted_to_parking (waited 305.0 min >= max 45.0 min)
09:49:12 | INFO     | t=7034.5: WAGON[W11718] → Added to batch
09:49:12 | INFO     | t=7034.5: BATCH[W7253,W11718] → Formed 2 wagons for WS_01
09:49:12 | INFO     | t=7034.5: LOCO[LOCO_01] → Allocated for pickup
09:49:12 | INFO     | t=7034.5: TRACK[retrofit] → Removed 2 wagons (39.5m freed)
09:49:12 | INFO     | t=7034.5: DISPATCHER → Task submitted: retrofit_to_workshop (pending=3)
09:49:12 | INFO     | t=7041.5: LOCO[LOCO_01] → TRAIN_PREP completed at WS_02 (2.0 min)
09:49:12 | INFO     | t=7046.5: BATCH → Putting 2 wagons on retrofitted track retrofitted
09:49:12 | INFO     | t=7046.5: WAGON[W2737] → Added to retrofitted track retrofitted
09:49:12 | INFO     | t=7046.5: WAGON[W10081] → Added to retrofitted track retrofitted
09:49:12 | INFO     | t=7051.5: WORKSHOP[WS_02] → Released, notifying 0 waiting processes
09:49:12 | INFO     | t=7051.5: DISPATCHER → Hold override for retrofitted_to_parking (waited 322.0 min >= max 45.0 min)
09:49:12 | INFO     | t=7051.5: DISPATCHER → Hold override for collection_to_retrofit (waited 34.0 min >= max 30.0 min)
09:49:12 | INFO     | t=7051.5: DISPATCHER → Assigned loco LOCO_01 to collection_to_retrofit (waited 34.0 min, pending=2)
09:49:12 | INFO     | t=7051.5: DISPATCHER → Hold override for retrofitted_to_parking (waited 322.0 min >= max 45.0 min)
09:49:12 | INFO     | t=7065.5: LOCO[LOCO_02] → DECOUPLING at retrofit (6.0 min)
09:49:12 | INFO     | t=7071.5: RAKE[W8052,W11596] → DECOUPLING at retrofit (1 couplings, 3.0 min)
09:49:12 | INFO     | t=7079.5: DISPATCHER → Hold override for retrofitted_to_parking (waited 350.0 min >= max 45.0 min)
09:49:12 | INFO     | t=7079.5: DISPATCHER → Assigned loco LOCO_02 to retrofit_to_workshop (waited 45.0 min, pending=1)
09:49:12 | INFO     | t=7079.5: DISPATCHER → Hold override for retrofitted_to_parking (waited 350.0 min >= max 45.0 min)
09:49:12 | INFO     | t=7079.5: Batch size limited by retrofit capacity: 2 wagons (28.4m) fits, 17 waiting
09:49:12 | INFO     | t=7079.5: RAKE[W7253,W11718] → COUPLING at retrofit (1 couplings, 2.0 min)
09:49:12 | INFO     | t=7079.5: COLLECTION → Reserving retrofit track capacity for 2 wagons
09:49:12 | INFO     | t=7079.5: WAGON[W0032] → Retrieved from retrofit queue
09:49:12 | INFO     | t=7079.5: WORKSHOP[WS_02] → Selected for batch
09:49:12 | INFO     | t=7079.5: COLLECTION → Capacity reserved, allocating locomotive
09:49:12 | INFO     | t=7079.5: DISPATCHER → Task submitted: collection_to_retrofit (pending=2)
09:49:12 | INFO     | t=7079.5: WAGON[W6592] → Added to batch
09:49:12 | INFO     | t=7079.5: BATCH[W0032,W6592] → Formed 2 wagons for WS_02
09:49:12 | INFO     | t=7079.5: TRACK[retrofit] → Removed 2 wagons (25.7m freed)
09:49:12 | INFO     | t=7079.5: DISPATCHER → Task submitted: retrofit_to_workshop (pending=3)
09:49:12 | INFO     | t=7086.5: LOCO[LOCO_02] → COUPLING at retrofit (2.0 min)
09:49:12 | INFO     | t=7088.5: LOCO[LOCO_02] → SHUNTING_PREP at retrofit (1.0 min)
09:49:12 | INFO     | t=7094.5: LOCO[LOCO_02] → DECOUPLING at WS_01 (3.0 min)
09:49:12 | INFO     | t=7097.5: RAKE[W7253,W11718] → DECOUPLING at WS_01 (1 couplings, 3.0 min)
09:49:12 | INFO     | t=7100.5: WAGON[W7253] → RETROFIT_STARTED at WS_01
09:49:12 | INFO     | t=7100.5: WAGON[W11718] → RETROFIT_STARTED at WS_01
09:49:12 | INFO     | t=7105.5: DISPATCHER → Hold override for retrofitted_to_parking (waited 376.0 min >= max 45.0 min)
09:49:12 | INFO     | t=7105.5: DISPATCHER → Assigned loco LOCO_02 to retrofit_to_workshop (waited 26.0 min, pending=2)
09:49:12 | INFO     | t=7105.5: DISPATCHER → Hold override for retrofitted_to_parking (waited 376.0 min >= max 45.0 min)
09:49:12 | INFO     | t=7105.5: RAKE[W0032,W6592] → COUPLING at retrofit (1 couplings, 2.0 min)
09:49:12 | INFO     | t=7105.5: WAGON[W7261] → Retrieved from retrofit queue
09:49:12 | INFO     | t=7105.5: WORKSHOP → No workshop available, waiting...
09:49:12 | INFO     | t=7111.5: LOCO[LOCO_01] → TRAIN_PREP at collection (coupling + prep, 5.0 min)
09:49:12 | INFO     | t=7112.5: LOCO[LOCO_02] → COUPLING at retrofit (2.0 min)
09:49:12 | INFO     | t=7114.5: LOCO[LOCO_02] → SHUNTING_PREP at retrofit (1.0 min)
09:49:12 | INFO     | t=7120.5: LOCO[LOCO_02] → DECOUPLING at WS_02 (3.0 min)
09:49:12 | INFO     | t=7123.5: RAKE[W0032,W6592] → DECOUPLING at WS_02 (1 couplings, 3.0 min)
09:49:12 | INFO     | t=7126.5: WAGON[W0032] → RETROFIT_STARTED at WS_02
09:49:12 | INFO     | t=7126.5: WAGON[W6592] → RETROFIT_STARTED at WS_02
09:49:12 | INFO     | t=7131.5: DISPATCHER → Hold override for retrofitted_to_parking (waited 402.0 min >= max 45.0 min)
09:49:12 | INFO     | t=7131.5: DISPATCHER → Hold override for collection_to_retrofit (waited 52.0 min >= max 30.0 min)
09:49:12 | INFO     | t=7131.5: DISPATCHER → Assigned loco LOCO_02 to collection_to_retrofit (waited 52.0 min, pending=1)
09:49:12 | INFO     | t=7131.5: DISPATCHER → Hold override for retrofitted_to_parking (waited 402.0 min >= max 45.0 min)
09:49:12 | INFO     | t=7160.5: RAKE[W7253,W11718] → COUPLING at WS_01 (1 couplings, 0.5 min)
09:49:12 | INFO     | t=7161.0: LOCO → Allocating for pickup from WS_01
09:49:12 | INFO     | t=7161.0: DISPATCHER → Task submitted: workshop_to_retrofitted (pending=2)
09:49:12 | INFO     | EVENT_PUBLISHED: TrainArrivedEvent | train=T96 | time=7167.5
09:49:12 | INFO     | EVENT_HANDLING: TrainArrivedEvent -> RetrofitWorkshopContext._handle_train_arrived
09:49:12 | INFO     | EVENT_HANDLED: TrainArrivedEvent by RetrofitWorkshopContext._handle_train_arrived
09:49:12 | INFO     | t=7176.5: LOCO[LOCO_01] → DECOUPLING at retrofit (6.0 min)
09:49:12 | INFO     | t=7182.5: RAKE[W7115,W2971] → DECOUPLING at retrofit (1 couplings, 3.0 min)
09:49:12 | INFO     | t=7186.5: RAKE[W0032,W6592] → COUPLING at WS_02 (1 couplings, 0.5 min)
09:49:12 | INFO     | t=7187.0: LOCO → Allocating for pickup from WS_02
09:49:12 | INFO     | t=7187.0: DISPATCHER → Task submitted: workshop_to_retrofitted (pending=3)
09:49:12 | INFO     | t=7190.5: Batch size limited by retrofit capacity: 1 wagons (29.6m) fits, 20 waiting
09:49:12 | INFO     | t=7190.5: DISPATCHER → Hold override for retrofitted_to_parking (waited 461.0 min >= max 45.0 min)
09:49:12 | INFO     | t=7190.5: DISPATCHER → Assigned loco LOCO_01 to retrofitted_to_parking (waited 461.0 min, pending=2)
09:49:12 | INFO     | t=7190.5: COLLECTION → Reserving retrofit track capacity for 1 wagons
09:49:12 | INFO     | t=7190.5: LOCO[LOCO_01] → Allocated for parking transport
09:49:12 | INFO     | t=7190.5: COLLECTION → Capacity reserved, allocating locomotive
09:49:12 | INFO     | t=7190.5: DISPATCHER → Task submitted: collection_to_retrofit (pending=3)
09:49:12 | INFO     | t=7191.5: LOCO[LOCO_02] → TRAIN_PREP at collection (coupling + prep, 5.0 min)
09:49:12 | INFO     | EVENT_PUBLISHED: TrainArrivedEvent | train=T97 | time=7195.2
09:49:12 | INFO     | EVENT_HANDLING: TrainArrivedEvent -> RetrofitWorkshopContext._handle_train_arrived
09:49:12 | INFO     | EVENT_HANDLED: TrainArrivedEvent by RetrofitWorkshopContext._handle_train_arrived
09:49:12 | INFO     | t=7195.5: LOCO[LOCO_01] → TRAIN_PREP at retrofitted (coupling + prep, 2.0 min)
09:49:12 | INFO     | EVENT_PUBLISHED: TrainArrivedEvent | train=T98 | time=7254.5
09:49:12 | INFO     | EVENT_HANDLING: TrainArrivedEvent -> RetrofitWorkshopContext._handle_train_arrived
09:49:12 | INFO     | EVENT_HANDLED: TrainArrivedEvent by RetrofitWorkshopContext._handle_train_arrived
09:49:12 | INFO     | t=7256.5: LOCO[LOCO_02] → DECOUPLING at retrofit (6.0 min)
09:49:12 | INFO     | t=7262.5: RAKE[W10957,W6303] → DECOUPLING at retrofit (1 couplings, 3.0 min)
09:49:12 | INFO     | t=7270.5: Batch size limited by retrofit capacity: 1 wagons (14.9m) fits, 18 waiting
09:49:12 | INFO     | t=7270.5: DISPATCHER → Hold override for collection_to_retrofit (waited 80.0 min >= max 30.0 min)
09:49:12 | INFO     | t=7270.5: DISPATCHER → Assigned loco LOCO_02 to collection_to_retrofit (waited 80.0 min, pending=2)
09:49:12 | INFO     | t=7270.5: COLLECTION → Reserving retrofit track capacity for 1 wagons
09:49:12 | INFO     | t=7272.5: LOCO[LOCO_01] → DECOUPLING at parking14 (1.0 min)
09:49:12 | INFO     | t=7273.5: RAKE[W5057,W6682] → DECOUPLING at parking14 (1 couplings, 0.5 min)
09:49:12 | INFO     | EVENT_PUBLISHED: TrainArrivedEvent | train=T99 | time=7273.8
09:49:12 | INFO     | EVENT_HANDLING: TrainArrivedEvent -> RetrofitWorkshopContext._handle_train_arrived
09:49:12 | INFO     | EVENT_HANDLED: TrainArrivedEvent by RetrofitWorkshopContext._handle_train_arrived
09:49:12 | INFO     | t=7330.5: LOCO[LOCO_02] → TRAIN_PREP at collection (coupling + prep, 3.0 min)
09:49:12 | INFO     | t=7334.0: LOCO[LOCO_01] → Releasing
09:49:12 | INFO     | t=7334.0: LOCO[LOCO_01] → Released
09:49:12 | INFO     | t=7334.0: PARKING → Got wagon W11320 from retrofitted
09:49:12 | INFO     | t=7334.0: DISPATCHER → Assigned loco LOCO_01 to workshop_to_retrofitted (waited 173.0 min, pending=1)
09:49:12 | INFO     | t=7334.0: LOCO[LOCO_01] → Allocated for pickup
09:49:12 | INFO     | t=7334.0: LOCO → Allocating for parking transport
09:49:12 | INFO     | t=7334.0: DISPATCHER → Task submitted: retrofitted_to_parking (pending=2)
09:49:12 | INFO     | t=7341.0: LOCO[LOCO_01] → TRAIN_PREP completed at WS_01 (2.0 min)
09:49:12 | INFO     | t=7346.0: BATCH → Putting 2 wagons on retrofitted track retrofitted
09:49:12 | INFO     | t=7346.0: WAGON[W7253] → Added to retrofitted track retrofitted
09:49:12 | INFO     | t=7346.0: WAGON[W11718] → Added to retrofitted track retrofitted
09:49:12 | INFO     | t=7351.0: WORKSHOP[WS_01] → Released, notifying 1 waiting processes
09:49:12 | INFO     | t=7351.0: WORKSHOP → Workshop became available
09:49:12 | INFO     | t=7351.0: WORKSHOP[WS_01] → Selected for batch
09:49:12 | INFO     | t=7351.0: DISPATCHER → Assigned loco LOCO_01 to workshop_to_retrofitted (waited 164.0 min, pending=1)
09:49:12 | INFO     | t=7351.0: WAGON[W10601] → Added to batch
09:49:12 | INFO     | t=7351.0: BATCH[W7261,W10601] → Formed 2 wagons for WS_01
09:49:12 | INFO     | t=7351.0: LOCO[LOCO_01] → Allocated for pickup
09:49:12 | INFO     | t=7351.0: TRACK[retrofit] → Removed 2 wagons (34.1m freed)
09:49:12 | INFO     | t=7351.0: DISPATCHER → Task submitted: retrofit_to_workshop (pending=2)
09:49:12 | INFO     | t=7351.0: COLLECTION → Capacity reserved, allocating locomotive
09:49:12 | INFO     | t=7351.0: DISPATCHER → Task submitted: collection_to_retrofit (pending=3)
09:49:12 | INFO     | t=7358.0: LOCO[LOCO_01] → TRAIN_PREP completed at WS_02 (2.0 min)
09:49:12 | INFO     | EVENT_PUBLISHED: TrainArrivedEvent | train=T100 | time=7360.2
09:49:12 | INFO     | EVENT_HANDLING: TrainArrivedEvent -> RetrofitWorkshopContext._handle_train_arrived
09:49:12 | INFO     | EVENT_HANDLED: TrainArrivedEvent by RetrofitWorkshopContext._handle_train_arrived
09:49:12 | INFO     | t=7363.0: BATCH → Putting 2 wagons on retrofitted track retrofitted
09:49:12 | INFO     | t=7363.0: WAGON[W0032] → Added to retrofitted track retrofitted
09:49:12 | INFO     | t=7363.0: WAGON[W6592] → Added to retrofitted track retrofitted
09:49:12 | INFO     | t=7368.0: WORKSHOP[WS_02] → Released, notifying 0 waiting processes
09:49:12 | INFO     | t=7368.0: DISPATCHER → Assigned loco LOCO_01 to retrofit_to_workshop (waited 17.0 min, pending=2)
09:49:12 | INFO     | t=7368.0: RAKE[W7261,W10601] → COUPLING at retrofit (1 couplings, 2.0 min)
09:49:12 | INFO     | t=7368.0: WAGON[W6942] → Retrieved from retrofit queue
09:49:12 | INFO     | t=7368.0: WORKSHOP[WS_02] → Selected for batch
09:49:12 | INFO     | t=7368.0: WAGON[W6246] → Added to batch
09:49:12 | INFO     | t=7368.0: BATCH[W6942,W6246] → Formed 2 wagons for WS_02
09:49:12 | INFO     | t=7368.0: TRACK[retrofit] → Removed 2 wagons (28.1m freed)
09:49:12 | INFO     | t=7368.0: DISPATCHER → Task submitted: retrofit_to_workshop (pending=3)
09:49:12 | INFO     | t=7375.0: LOCO[LOCO_01] → COUPLING at retrofit (2.0 min)
09:49:12 | INFO     | EVENT_PUBLISHED: TrainArrivedEvent | train=T101 | time=7375.2
09:49:12 | INFO     | EVENT_HANDLING: TrainArrivedEvent -> RetrofitWorkshopContext._handle_train_arrived
09:49:12 | INFO     | EVENT_HANDLED: TrainArrivedEvent by RetrofitWorkshopContext._handle_train_arrived
09:49:12 | INFO     | t=7377.0: LOCO[LOCO_01] → SHUNTING_PREP at retrofit (1.0 min)
09:49:12 | INFO     | t=7383.0: LOCO[LOCO_01] → DECOUPLING at WS_01 (3.0 min)
09:49:12 | INFO     | t=7386.0: RAKE[W7261,W10601] → DECOUPLING at WS_01 (1 couplings, 3.0 min)
09:49:12 | INFO     | t=7389.0: WAGON[W7261] → RETROFIT_STARTED at WS_01
09:49:12 | INFO     | t=7389.0: WAGON[W10601] → RETROFIT_STARTED at WS_01
09:49:12 | INFO     | t=7393.5: LOCO[LOCO_02] → DECOUPLING at retrofit (3.0 min)
09:49:12 | INFO     | t=7394.0: DISPATCHER → Hold override for retrofitted_to_parking (waited 60.0 min >= max 45.0 min)
09:49:12 | INFO     | t=7394.0: DISPATCHER → Hold override for collection_to_retrofit (waited 43.0 min >= max 30.0 min)
09:49:12 | INFO     | t=7394.0: DISPATCHER → Assigned loco LOCO_01 to collection_to_retrofit (waited 43.0 min, pending=2)
09:49:12 | INFO     | t=7394.0: DISPATCHER → Hold override for retrofitted_to_parking (waited 60.0 min >= max 45.0 min)
09:49:12 | INFO     | t=7396.5: RAKE[W0607] → DECOUPLING at retrofit (0 couplings, 0.0 min)
09:49:12 | INFO     | t=7401.5: DISPATCHER → Hold override for retrofitted_to_parking (waited 67.5 min >= max 45.0 min)
09:49:12 | INFO     | t=7401.5: DISPATCHER → Assigned loco LOCO_02 to retrofit_to_workshop (waited 33.5 min, pending=1)
09:49:12 | INFO     | t=7401.5: DISPATCHER → Hold override for retrofitted_to_parking (waited 67.5 min >= max 45.0 min)
09:49:12 | INFO     | t=7401.5: RAKE[W6942,W6246] → COUPLING at retrofit (1 couplings, 2.0 min)
09:49:12 | INFO     | t=7401.5: Batch size limited by retrofit capacity: 3 wagons (54.4m) fits, 18 waiting
09:49:12 | INFO     | t=7401.5: WAGON[W5947] → Retrieved from retrofit queue
09:49:12 | INFO     | t=7401.5: WORKSHOP → No workshop available, waiting...
09:49:12 | INFO     | t=7401.5: COLLECTION → Reserving retrofit track capacity for 3 wagons
09:49:12 | INFO     | t=7401.5: COLLECTION → Capacity reserved, allocating locomotive
09:49:12 | INFO     | t=7401.5: DISPATCHER → Task submitted: collection_to_retrofit (pending=2)
09:49:12 | INFO     | t=7408.5: LOCO[LOCO_02] → COUPLING at retrofit (2.0 min)
09:49:12 | INFO     | t=7410.5: LOCO[LOCO_02] → SHUNTING_PREP at retrofit (1.0 min)
09:49:12 | INFO     | t=7416.5: LOCO[LOCO_02] → DECOUPLING at WS_02 (3.0 min)
09:49:12 | INFO     | t=7419.5: RAKE[W6942,W6246] → DECOUPLING at WS_02 (1 couplings, 3.0 min)
09:49:12 | INFO     | t=7422.5: WAGON[W6942] → RETROFIT_STARTED at WS_02
09:49:12 | INFO     | t=7422.5: WAGON[W6246] → RETROFIT_STARTED at WS_02
09:49:12 | INFO     | t=7427.5: DISPATCHER → Hold override for retrofitted_to_parking (waited 93.5 min >= max 45.0 min)
09:49:12 | INFO     | t=7427.5: DISPATCHER → Assigned loco LOCO_02 to retrofitted_to_parking (waited 93.5 min, pending=1)
09:49:12 | INFO     | t=7427.5: LOCO[LOCO_02] → Allocated for parking transport
09:49:12 | INFO     | t=7432.5: DISPATCHER → Hold override for collection_to_retrofit (waited 31.0 min >= max 30.0 min)
09:49:12 | INFO     | t=7432.5: LOCO[LOCO_02] → TRAIN_PREP at retrofitted (coupling + prep, 5.0 min)
09:49:12 | INFO     | t=7449.0: RAKE[W7261,W10601] → COUPLING at WS_01 (1 couplings, 0.5 min)
09:49:12 | INFO     | t=7449.5: LOCO → Allocating for pickup from WS_01
09:49:12 | INFO     | t=7449.5: DISPATCHER → Task submitted: workshop_to_retrofitted (pending=2)
09:49:12 | INFO     | t=7454.0: LOCO[LOCO_01] → TRAIN_PREP at collection (coupling + prep, 3.0 min)
09:49:12 | INFO     | t=7482.5: RAKE[W6942,W6246] → COUPLING at WS_02 (1 couplings, 0.5 min)
09:49:12 | INFO     | t=7483.0: LOCO → Allocating for pickup from WS_02
09:49:12 | INFO     | t=7483.0: DISPATCHER → Task submitted: workshop_to_retrofitted (pending=3)
09:49:12 | INFO     | t=7497.5: LOCO[LOCO_02] → DECOUPLING at parking12 (4.0 min)
09:49:12 | INFO     | t=7501.5: RAKE[W11320,W4522,W5833,W4479,W11766,W4793,W2737,W10081] → DECOUPLING at parking12 (7 couplings, 3.5 min)
09:49:12 | INFO     | t=7517.0: LOCO[LOCO_01] → DECOUPLING at retrofit (3.0 min)
09:49:12 | INFO     | t=7520.0: RAKE[W10958] → DECOUPLING at retrofit (0 couplings, 0.0 min)
09:49:12 | INFO     | t=7525.0: Batch size limited by retrofit capacity: 1 wagons (28.5m) fits, 18 waiting
09:49:12 | INFO     | t=7525.0: DISPATCHER → Hold override for collection_to_retrofit (waited 123.5 min >= max 30.0 min)
09:49:12 | INFO     | t=7525.0: DISPATCHER → Assigned loco LOCO_01 to collection_to_retrofit (waited 123.5 min, pending=2)
09:49:12 | INFO     | t=7525.0: COLLECTION → Reserving retrofit track capacity for 1 wagons
09:49:12 | INFO     | t=7565.0: LOCO[LOCO_02] → Releasing
09:49:12 | INFO     | t=7565.0: LOCO[LOCO_02] → Released
09:49:12 | INFO     | t=7565.0: PARKING → Got wagon W7253 from retrofitted
09:49:12 | INFO     | t=7565.0: DISPATCHER → Assigned loco LOCO_02 to workshop_to_retrofitted (waited 115.5 min, pending=1)
09:49:12 | INFO     | t=7565.0: LOCO[LOCO_02] → Allocated for pickup
09:49:12 | INFO     | t=7565.0: LOCO → Allocating for parking transport
09:49:12 | INFO     | t=7565.0: DISPATCHER → Task submitted: retrofitted_to_parking (pending=2)
09:49:12 | INFO     | t=7572.0: LOCO[LOCO_02] → TRAIN_PREP completed at WS_01 (2.0 min)
09:49:12 | INFO     | t=7577.0: BATCH → Putting 2 wagons on retrofitted track retrofitted
09:49:12 | INFO     | t=7577.0: WAGON[W7261] → Added to retrofitted track retrofitted
09:49:12 | INFO     | t=7577.0: WAGON[W10601] → Added to retrofitted track retrofitted
09:49:12 | INFO     | t=7582.0: WORKSHOP[WS_01] → Released, notifying 1 waiting processes
09:49:12 | INFO     | t=7582.0: WORKSHOP → Workshop became available
09:49:12 | INFO     | t=7582.0: WORKSHOP[WS_01] → Selected for batch
09:49:12 | INFO     | t=7582.0: DISPATCHER → Assigned loco LOCO_02 to workshop_to_retrofitted (waited 99.0 min, pending=1)
09:49:12 | INFO     | t=7582.0: WAGON[W7155] → Added to batch
09:49:12 | INFO     | t=7582.0: BATCH[W5947,W7155] → Formed 2 wagons for WS_01
09:49:12 | INFO     | t=7582.0: LOCO[LOCO_02] → Allocated for pickup
09:49:12 | INFO     | t=7582.0: TRACK[retrofit] → Removed 2 wagons (25.6m freed)
09:49:12 | INFO     | t=7582.0: DISPATCHER → Task submitted: retrofit_to_workshop (pending=2)
09:49:12 | INFO     | t=7585.0: LOCO[LOCO_01] → TRAIN_PREP at collection (coupling + prep, 7.0 min)
09:49:12 | INFO     | t=7589.0: LOCO[LOCO_02] → TRAIN_PREP completed at WS_02 (2.0 min)
09:49:12 | INFO     | t=7594.0: BATCH → Putting 2 wagons on retrofitted track retrofitted
09:49:12 | INFO     | t=7594.0: WAGON[W6942] → Added to retrofitted track retrofitted
09:49:12 | INFO     | t=7594.0: WAGON[W6246] → Added to retrofitted track retrofitted
09:49:12 | INFO     | t=7599.0: WORKSHOP[WS_02] → Released, notifying 0 waiting processes
09:49:12 | INFO     | t=7599.0: DISPATCHER → Assigned loco LOCO_02 to retrofit_to_workshop (waited 17.0 min, pending=1)
09:49:12 | INFO     | t=7599.0: RAKE[W5947,W7155] → COUPLING at retrofit (1 couplings, 2.0 min)
09:49:12 | INFO     | t=7599.0: WAGON[W8085] → Retrieved from retrofit queue
09:49:12 | INFO     | t=7599.0: WORKSHOP[WS_02] → Selected for batch
09:49:12 | INFO     | t=7599.0: WAGON[W7258] → Added to batch
09:49:12 | INFO     | t=7599.0: BATCH[W8085,W7258] → Formed 2 wagons for WS_02
09:49:12 | INFO     | t=7599.0: TRACK[retrofit] → Removed 2 wagons (35.6m freed)
09:49:12 | INFO     | t=7599.0: DISPATCHER → Task submitted: retrofit_to_workshop (pending=2)
09:49:12 | INFO     | t=7599.0: COLLECTION → Capacity reserved, allocating locomotive
09:49:12 | INFO     | t=7599.0: DISPATCHER → Task submitted: collection_to_retrofit (pending=3)
09:49:12 | INFO     | t=7606.0: LOCO[LOCO_02] → COUPLING at retrofit (2.0 min)
09:49:12 | INFO     | t=7608.0: LOCO[LOCO_02] → SHUNTING_PREP at retrofit (1.0 min)
09:49:12 | INFO     | t=7614.0: LOCO[LOCO_02] → DECOUPLING at WS_01 (3.0 min)
09:49:12 | INFO     | t=7617.0: RAKE[W5947,W7155] → DECOUPLING at WS_01 (1 couplings, 3.0 min)
09:49:12 | INFO     | t=7620.0: WAGON[W5947] → RETROFIT_STARTED at WS_01
09:49:12 | INFO     | t=7620.0: WAGON[W7155] → RETROFIT_STARTED at WS_01
09:49:12 | INFO     | t=7625.0: DISPATCHER → Hold override for retrofitted_to_parking (waited 60.0 min >= max 45.0 min)
09:49:12 | INFO     | t=7625.0: DISPATCHER → Assigned loco LOCO_02 to retrofit_to_workshop (waited 26.0 min, pending=2)
09:49:12 | INFO     | t=7625.0: DISPATCHER → Hold override for retrofitted_to_parking (waited 60.0 min >= max 45.0 min)
09:49:12 | INFO     | t=7625.0: RAKE[W8085,W7258] → COUPLING at retrofit (1 couplings, 2.0 min)
09:49:12 | INFO     | t=7625.0: WAGON[W9495] → Retrieved from retrofit queue
09:49:12 | INFO     | t=7625.0: WORKSHOP → No workshop available, waiting...
09:49:12 | INFO     | t=7632.0: LOCO[LOCO_02] → COUPLING at retrofit (2.0 min)
09:49:12 | INFO     | t=7634.0: LOCO[LOCO_02] → SHUNTING_PREP at retrofit (1.0 min)
09:49:12 | INFO     | t=7640.0: LOCO[LOCO_02] → DECOUPLING at WS_02 (3.0 min)
09:49:12 | INFO     | t=7643.0: RAKE[W8085,W7258] → DECOUPLING at WS_02 (1 couplings, 3.0 min)
09:49:12 | INFO     | t=7646.0: WAGON[W8085] → RETROFIT_STARTED at WS_02
09:49:12 | INFO     | t=7646.0: WAGON[W7258] → RETROFIT_STARTED at WS_02
09:49:12 | INFO     | t=7651.0: DISPATCHER → Hold override for retrofitted_to_parking (waited 86.0 min >= max 45.0 min)
09:49:12 | INFO     | t=7651.0: DISPATCHER → Hold override for collection_to_retrofit (waited 52.0 min >= max 30.0 min)
09:49:12 | INFO     | t=7651.0: DISPATCHER → Assigned loco LOCO_02 to collection_to_retrofit (waited 52.0 min, pending=1)
09:49:12 | INFO     | t=7651.0: DISPATCHER → Hold override for retrofitted_to_parking (waited 86.0 min >= max 45.0 min)
09:49:12 | INFO     | t=7652.0: LOCO[LOCO_01] → DECOUPLING at retrofit (9.0 min)
09:49:12 | INFO     | t=7661.0: RAKE[W5711,W8096,W9067] → DECOUPLING at retrofit (2 couplings, 6.0 min)
09:49:12 | INFO     | t=7672.0: DISPATCHER → Hold override for retrofitted_to_parking (waited 107.0 min >= max 45.0 min)
09:49:12 | INFO     | t=7672.0: DISPATCHER → Assigned loco LOCO_01 to retrofitted_to_parking (waited 107.0 min, pending=0)
09:49:12 | INFO     | t=7672.0: Batch size limited by retrofit capacity: 2 wagons (29.8m) fits, 16 waiting
09:49:12 | INFO     | t=7672.0: LOCO[LOCO_01] → Allocated for parking transport
09:49:12 | INFO     | t=7672.0: COLLECTION → Reserving retrofit track capacity for 2 wagons
09:49:12 | INFO     | t=7672.0: COLLECTION → Capacity reserved, allocating locomotive
09:49:12 | INFO     | t=7672.0: DISPATCHER → Task submitted: collection_to_retrofit (pending=1)
09:49:12 | INFO     | t=7677.0: LOCO[LOCO_01] → TRAIN_PREP at retrofitted (coupling + prep, 3.0 min)
09:49:12 | INFO     | t=7680.0: RAKE[W5947,W7155] → COUPLING at WS_01 (1 couplings, 0.5 min)
09:49:12 | INFO     | t=7680.5: LOCO → Allocating for pickup from WS_01
09:49:12 | INFO     | t=7680.5: DISPATCHER → Task submitted: workshop_to_retrofitted (pending=2)
09:49:12 | INFO     | t=7706.0: RAKE[W8085,W7258] → COUPLING at WS_02 (1 couplings, 0.5 min)
09:49:12 | INFO     | t=7706.5: LOCO → Allocating for pickup from WS_02
09:49:12 | INFO     | t=7706.5: DISPATCHER → Task submitted: workshop_to_retrofitted (pending=3)
09:49:12 | INFO     | t=7711.0: LOCO[LOCO_02] → TRAIN_PREP at collection (coupling + prep, 3.0 min)
09:49:12 | INFO     | t=7755.0: LOCO[LOCO_01] → DECOUPLING at parking15 (2.0 min)
09:49:12 | INFO     | t=7757.0: RAKE[W7253,W11718,W0032,W6592] → DECOUPLING at parking15 (3 couplings, 1.5 min)
09:49:12 | INFO     | t=7774.0: LOCO[LOCO_02] → DECOUPLING at retrofit (3.0 min)
09:49:12 | INFO     | t=7777.0: RAKE[W0677] → DECOUPLING at retrofit (0 couplings, 0.0 min)
09:49:12 | INFO     | t=7782.0: Batch size limited by retrofit capacity: 1 wagons (15.7m) fits, 17 waiting
09:49:12 | INFO     | t=7782.0: DISPATCHER → Hold override for collection_to_retrofit (waited 110.0 min >= max 30.0 min)
09:49:12 | INFO     | t=7782.0: DISPATCHER → Assigned loco LOCO_02 to collection_to_retrofit (waited 110.0 min, pending=2)
09:49:12 | INFO     | t=7782.0: COLLECTION → Reserving retrofit track capacity for 1 wagons
09:49:12 | INFO     | t=7818.5: LOCO[LOCO_01] → Releasing
09:49:12 | INFO     | t=7818.5: LOCO[LOCO_01] → Released
09:49:12 | INFO     | t=7818.5: PARKING → Got wagon W7261 from retrofitted
09:49:12 | INFO     | t=7818.5: DISPATCHER → Assigned loco LOCO_01 to workshop_to_retrofitted (waited 138.0 min, pending=1)
09:49:12 | INFO     | t=7818.5: LOCO[LOCO_01] → Allocated for pickup
09:49:12 | INFO     | t=7818.5: LOCO → Allocating for parking transport
09:49:12 | INFO     | t=7818.5: DISPATCHER → Task submitted: retrofitted_to_parking (pending=2)
09:49:12 | INFO     | t=7825.5: LOCO[LOCO_01] → TRAIN_PREP completed at WS_01 (2.0 min)
09:49:12 | INFO     | t=7830.5: BATCH → Putting 2 wagons on retrofitted track retrofitted
09:49:12 | INFO     | t=7830.5: WAGON[W5947] → Added to retrofitted track retrofitted
09:49:12 | INFO     | t=7830.5: WAGON[W7155] → Added to retrofitted track retrofitted
09:49:12 | INFO     | t=7835.5: WORKSHOP[WS_01] → Released, notifying 1 waiting processes
09:49:12 | INFO     | t=7835.5: WORKSHOP → Workshop became available
09:49:12 | INFO     | t=7835.5: WORKSHOP[WS_01] → Selected for batch
09:49:12 | INFO     | t=7835.5: DISPATCHER → Assigned loco LOCO_01 to workshop_to_retrofitted (waited 129.0 min, pending=1)
09:49:12 | INFO     | t=7835.5: WAGON[W8082] → Added to batch
09:49:12 | INFO     | t=7835.5: BATCH[W9495,W8082] → Formed 2 wagons for WS_01
09:49:12 | INFO     | t=7835.5: LOCO[LOCO_01] → Allocated for pickup
09:49:12 | INFO     | t=7835.5: TRACK[retrofit] → Removed 2 wagons (38.8m freed)
09:49:12 | INFO     | t=7835.5: DISPATCHER → Task submitted: retrofit_to_workshop (pending=2)
09:49:12 | INFO     | t=7835.5: COLLECTION → Capacity reserved, allocating locomotive
09:49:12 | INFO     | t=7835.5: DISPATCHER → Task submitted: collection_to_retrofit (pending=3)
09:49:12 | INFO     | t=7842.0: LOCO[LOCO_02] → TRAIN_PREP at collection (coupling + prep, 5.0 min)
09:49:12 | INFO     | t=7842.5: LOCO[LOCO_01] → TRAIN_PREP completed at WS_02 (2.0 min)
09:49:12 | INFO     | t=7847.5: BATCH → Putting 2 wagons on retrofitted track retrofitted
09:49:12 | INFO     | t=7847.5: WAGON[W8085] → Added to retrofitted track retrofitted
09:49:12 | INFO     | t=7847.5: WAGON[W7258] → Added to retrofitted track retrofitted
09:49:12 | INFO     | t=7852.5: WORKSHOP[WS_02] → Released, notifying 0 waiting processes
09:49:12 | INFO     | t=7852.5: DISPATCHER → Assigned loco LOCO_01 to retrofit_to_workshop (waited 17.0 min, pending=2)
09:49:12 | INFO     | t=7852.5: RAKE[W9495,W8082] → COUPLING at retrofit (1 couplings, 2.0 min)
09:49:12 | INFO     | t=7852.5: WAGON[W9345] → Retrieved from retrofit queue
09:49:12 | INFO     | t=7852.5: WORKSHOP[WS_02] → Selected for batch
09:49:12 | INFO     | t=7852.5: WAGON[W8052] → Added to batch
09:49:12 | INFO     | t=7852.5: BATCH[W9345,W8052] → Formed 2 wagons for WS_02
09:49:12 | INFO     | t=7852.5: TRACK[retrofit] → Removed 2 wagons (40.4m freed)
09:49:12 | INFO     | t=7852.5: DISPATCHER → Task submitted: retrofit_to_workshop (pending=3)
09:49:12 | INFO     | t=7859.5: LOCO[LOCO_01] → COUPLING at retrofit (2.0 min)
09:49:12 | INFO     | t=7861.5: LOCO[LOCO_01] → SHUNTING_PREP at retrofit (1.0 min)
09:49:12 | INFO     | t=7867.5: LOCO[LOCO_01] → DECOUPLING at WS_01 (3.0 min)
09:49:12 | INFO     | t=7870.5: RAKE[W9495,W8082] → DECOUPLING at WS_01 (1 couplings, 3.0 min)
09:49:12 | INFO     | t=7873.5: WAGON[W9495] → RETROFIT_STARTED at WS_01
09:49:12 | INFO     | t=7873.5: WAGON[W8082] → RETROFIT_STARTED at WS_01
09:49:12 | INFO     | t=7878.5: DISPATCHER → Hold override for retrofitted_to_parking (waited 60.0 min >= max 45.0 min)
09:49:12 | INFO     | t=7878.5: DISPATCHER → Hold override for collection_to_retrofit (waited 43.0 min >= max 30.0 min)
09:49:12 | INFO     | t=7878.5: DISPATCHER → Assigned loco LOCO_01 to collection_to_retrofit (waited 43.0 min, pending=2)
09:49:12 | INFO     | t=7878.5: DISPATCHER → Hold override for retrofitted_to_parking (waited 60.0 min >= max 45.0 min)
09:49:12 | INFO     | EVENT_PUBLISHED: TrainArrivedEvent | train=T102 | time=7881.5
09:49:12 | INFO     | EVENT_HANDLING: TrainArrivedEvent -> RetrofitWorkshopContext._handle_train_arrived
09:49:12 | INFO     | EVENT_HANDLED: TrainArrivedEvent by RetrofitWorkshopContext._handle_train_arrived
09:49:12 | INFO     | t=7907.0: LOCO[LOCO_02] → DECOUPLING at retrofit (6.0 min)
09:49:12 | INFO     | t=7913.0: RAKE[W2291,W6025] → DECOUPLING at retrofit (1 couplings, 3.0 min)
09:49:12 | INFO     | t=7921.0: DISPATCHER → Hold override for retrofitted_to_parking (waited 102.5 min >= max 45.0 min)
09:49:12 | INFO     | t=7921.0: DISPATCHER → Assigned loco LOCO_02 to retrofit_to_workshop (waited 68.5 min, pending=1)
09:49:12 | INFO     | t=7921.0: DISPATCHER → Hold override for retrofitted_to_parking (waited 102.5 min >= max 45.0 min)
09:49:12 | INFO     | t=7921.0: RAKE[W9345,W8052] → COUPLING at retrofit (1 couplings, 2.0 min)
09:49:12 | INFO     | t=7921.0: WAGON[W11596] → Retrieved from retrofit queue
09:49:12 | INFO     | t=7921.0: WORKSHOP → No workshop available, waiting...
09:49:12 | INFO     | t=7921.0: Batch size limited by retrofit capacity: 4 wagons (52.2m) fits, 15 waiting
09:49:12 | INFO     | t=7921.0: COLLECTION → Reserving retrofit track capacity for 4 wagons
09:49:12 | INFO     | t=7921.0: COLLECTION → Capacity reserved, allocating locomotive
09:49:12 | INFO     | t=7921.0: DISPATCHER → Task submitted: collection_to_retrofit (pending=2)
09:49:12 | INFO     | EVENT_PUBLISHED: TrainArrivedEvent | train=T103 | time=7926.0
09:49:12 | INFO     | EVENT_HANDLING: TrainArrivedEvent -> RetrofitWorkshopContext._handle_train_arrived
09:49:12 | INFO     | EVENT_HANDLED: TrainArrivedEvent by RetrofitWorkshopContext._handle_train_arrived
09:49:12 | INFO     | EVENT_PUBLISHED: TrainArrivedEvent | train=T104 | time=7927.8
09:49:12 | INFO     | EVENT_HANDLING: TrainArrivedEvent -> RetrofitWorkshopContext._handle_train_arrived
09:49:12 | INFO     | EVENT_HANDLED: TrainArrivedEvent by RetrofitWorkshopContext._handle_train_arrived
09:49:12 | INFO     | t=7928.0: LOCO[LOCO_02] → COUPLING at retrofit (2.0 min)
09:49:12 | INFO     | t=7930.0: LOCO[LOCO_02] → SHUNTING_PREP at retrofit (1.0 min)
09:49:12 | INFO     | t=7933.5: RAKE[W9495,W8082] → COUPLING at WS_01 (1 couplings, 0.5 min)
09:49:12 | INFO     | t=7934.0: LOCO → Allocating for pickup from WS_01
09:49:12 | INFO     | t=7934.0: DISPATCHER → Task submitted: workshop_to_retrofitted (pending=3)
09:49:12 | INFO     | t=7936.0: LOCO[LOCO_02] → DECOUPLING at WS_02 (3.0 min)
09:49:12 | INFO     | t=7938.5: LOCO[LOCO_01] → TRAIN_PREP at collection (coupling + prep, 3.0 min)
09:49:12 | INFO     | t=7939.0: RAKE[W9345,W8052] → DECOUPLING at WS_02 (1 couplings, 3.0 min)
09:49:12 | INFO     | t=7942.0: WAGON[W9345] → RETROFIT_STARTED at WS_02
09:49:12 | INFO     | t=7942.0: WAGON[W8052] → RETROFIT_STARTED at WS_02
09:49:12 | INFO     | t=7947.0: DISPATCHER → Hold override for retrofitted_to_parking (waited 128.5 min >= max 45.0 min)
09:49:12 | INFO     | t=7947.0: DISPATCHER → Assigned loco LOCO_02 to workshop_to_retrofitted (waited 13.0 min, pending=2)
09:49:12 | INFO     | t=7947.0: DISPATCHER → Hold override for retrofitted_to_parking (waited 128.5 min >= max 45.0 min)
09:49:12 | INFO     | t=7947.0: LOCO[LOCO_02] → Allocated for pickup
09:49:12 | INFO     | t=7954.0: LOCO[LOCO_02] → TRAIN_PREP completed at WS_01 (2.0 min)
09:49:12 | INFO     | t=7959.0: BATCH → Putting 2 wagons on retrofitted track retrofitted
09:49:12 | INFO     | t=7959.0: WAGON[W9495] → Added to retrofitted track retrofitted
09:49:12 | INFO     | t=7959.0: WAGON[W8082] → Added to retrofitted track retrofitted
09:49:12 | INFO     | t=7964.0: WORKSHOP[WS_01] → Released, notifying 1 waiting processes
09:49:12 | INFO     | t=7964.0: WORKSHOP → Workshop became available
09:49:12 | INFO     | t=7964.0: WORKSHOP[WS_01] → Selected for batch
09:49:12 | INFO     | t=7964.0: DISPATCHER → Hold override for retrofitted_to_parking (waited 145.5 min >= max 45.0 min)
09:49:12 | INFO     | t=7964.0: DISPATCHER → Hold override for collection_to_retrofit (waited 43.0 min >= max 30.0 min)
09:49:12 | INFO     | t=7964.0: DISPATCHER → Assigned loco LOCO_02 to collection_to_retrofit (waited 43.0 min, pending=1)
09:49:12 | INFO     | t=7964.0: DISPATCHER → Hold override for retrofitted_to_parking (waited 145.5 min >= max 45.0 min)
09:49:12 | INFO     | t=7964.0: WAGON[W7115] → Added to batch
09:49:12 | INFO     | t=7964.0: BATCH[W11596,W7115] → Formed 2 wagons for WS_01
09:49:12 | INFO     | t=7964.0: TRACK[retrofit] → Removed 2 wagons (26.6m freed)
09:49:12 | INFO     | t=7964.0: DISPATCHER → Task submitted: retrofit_to_workshop (pending=2)
09:49:12 | INFO     | EVENT_PUBLISHED: TrainArrivedEvent | train=T105 | time=7982.8
09:49:12 | INFO     | EVENT_HANDLING: TrainArrivedEvent -> RetrofitWorkshopContext._handle_train_arrived
09:49:12 | INFO     | EVENT_HANDLED: TrainArrivedEvent by RetrofitWorkshopContext._handle_train_arrived
09:49:12 | INFO     | t=8001.5: LOCO[LOCO_01] → DECOUPLING at retrofit (3.0 min)
09:49:12 | INFO     | t=8002.0: RAKE[W9345,W8052] → COUPLING at WS_02 (1 couplings, 0.5 min)
09:49:12 | INFO     | t=8002.5: LOCO → Allocating for pickup from WS_02
09:49:12 | INFO     | t=8002.5: DISPATCHER → Task submitted: workshop_to_retrofitted (pending=3)
09:49:12 | INFO     | t=8004.5: RAKE[W6634] → DECOUPLING at retrofit (0 couplings, 0.0 min)
09:49:12 | INFO     | t=8009.5: DISPATCHER → Hold override for retrofitted_to_parking (waited 191.0 min >= max 45.0 min)
09:49:12 | INFO     | t=8009.5: DISPATCHER → Assigned loco LOCO_01 to retrofit_to_workshop (waited 45.5 min, pending=2)
09:49:12 | INFO     | t=8009.5: DISPATCHER → Hold override for retrofitted_to_parking (waited 191.0 min >= max 45.0 min)
09:49:12 | INFO     | t=8009.5: Batch size limited by retrofit capacity: 2 wagons (25.8m) fits, 17 waiting
09:49:12 | INFO     | t=8009.5: RAKE[W11596,W7115] → COUPLING at retrofit (1 couplings, 2.0 min)
09:49:12 | INFO     | t=8009.5: COLLECTION → Reserving retrofit track capacity for 2 wagons
09:49:12 | INFO     | t=8009.5: WAGON[W2971] → Retrieved from retrofit queue
09:49:12 | INFO     | t=8009.5: WORKSHOP → No workshop available, waiting...
09:49:12 | INFO     | t=8009.5: COLLECTION → Capacity reserved, allocating locomotive
09:49:12 | INFO     | t=8009.5: DISPATCHER → Task submitted: collection_to_retrofit (pending=3)
09:49:12 | INFO     | t=8016.5: LOCO[LOCO_01] → COUPLING at retrofit (2.0 min)
09:49:12 | INFO     | t=8018.5: LOCO[LOCO_01] → SHUNTING_PREP at retrofit (1.0 min)
09:49:12 | INFO     | t=8024.0: LOCO[LOCO_02] → TRAIN_PREP at collection (coupling + prep, 9.0 min)
09:49:12 | INFO     | t=8024.5: LOCO[LOCO_01] → DECOUPLING at WS_01 (3.0 min)
09:49:12 | INFO     | t=8027.5: RAKE[W11596,W7115] → DECOUPLING at WS_01 (1 couplings, 3.0 min)
09:49:12 | INFO     | t=8030.5: WAGON[W11596] → RETROFIT_STARTED at WS_01
09:49:12 | INFO     | t=8030.5: WAGON[W7115] → RETROFIT_STARTED at WS_01
09:49:12 | INFO     | t=8035.5: DISPATCHER → Hold override for retrofitted_to_parking (waited 217.0 min >= max 45.0 min)
09:49:12 | INFO     | t=8035.5: DISPATCHER → Assigned loco LOCO_01 to retrofitted_to_parking (waited 217.0 min, pending=2)
09:49:12 | INFO     | t=8035.5: LOCO[LOCO_01] → Allocated for parking transport
09:49:12 | INFO     | t=8040.5: LOCO[LOCO_01] → TRAIN_PREP at retrofitted (coupling + prep, 3.0 min)
09:49:12 | INFO     | EVENT_PUBLISHED: TrainArrivedEvent | train=T106 | time=8067.0
09:49:12 | INFO     | EVENT_HANDLING: TrainArrivedEvent -> RetrofitWorkshopContext._handle_train_arrived
09:49:12 | INFO     | EVENT_HANDLED: TrainArrivedEvent by RetrofitWorkshopContext._handle_train_arrived
09:49:12 | INFO     | EVENT_PUBLISHED: TrainArrivedEvent | train=T107 | time=8087.8
09:49:12 | INFO     | EVENT_HANDLING: TrainArrivedEvent -> RetrofitWorkshopContext._handle_train_arrived
09:49:12 | INFO     | EVENT_HANDLED: TrainArrivedEvent by RetrofitWorkshopContext._handle_train_arrived
09:49:12 | INFO     | t=8090.5: RAKE[W11596,W7115] → COUPLING at WS_01 (1 couplings, 0.5 min)
09:49:12 | INFO     | t=8091.0: LOCO → Allocating for pickup from WS_01
09:49:12 | INFO     | t=8091.0: DISPATCHER → Task submitted: workshop_to_retrofitted (pending=3)
09:49:12 | INFO     | t=8093.0: LOCO[LOCO_02] → DECOUPLING at retrofit (12.0 min)
09:49:12 | INFO     | t=8103.5: LOCO[LOCO_01] → DECOUPLING at parking10 (2.0 min)
09:49:12 | INFO     | t=8105.0: RAKE[W7175,W6803,W11959,W6231] → DECOUPLING at retrofit (3 couplings, 9.0 min)
09:49:12 | INFO     | t=8105.5: RAKE[W7261,W10601,W6942,W6246] → DECOUPLING at parking10 (3 couplings, 1.5 min)
09:49:12 | INFO     | EVENT_PUBLISHED: TrainArrivedEvent | train=T108 | time=8114.8
09:49:12 | INFO     | EVENT_HANDLING: TrainArrivedEvent -> RetrofitWorkshopContext._handle_train_arrived
09:49:12 | INFO     | EVENT_HANDLED: TrainArrivedEvent by RetrofitWorkshopContext._handle_train_arrived
09:49:12 | INFO     | t=8119.0: Batch size limited by retrofit capacity: 1 wagons (19.0m) fits, 17 waiting
09:49:12 | INFO     | t=8119.0: DISPATCHER → Hold override for collection_to_retrofit (waited 109.5 min >= max 30.0 min)
09:49:12 | INFO     | t=8119.0: DISPATCHER → Assigned loco LOCO_02 to collection_to_retrofit (waited 109.5 min, pending=2)
09:49:12 | INFO     | t=8119.0: COLLECTION → Reserving retrofit track capacity for 1 wagons
09:49:12 | INFO     | t=8167.0: LOCO[LOCO_01] → Releasing
09:49:12 | INFO     | t=8167.0: LOCO[LOCO_01] → Released
09:49:12 | INFO     | t=8167.0: PARKING → Got wagon W5947 from retrofitted
09:49:12 | INFO     | t=8167.0: DISPATCHER → Assigned loco LOCO_01 to workshop_to_retrofitted (waited 164.5 min, pending=1)
09:49:12 | INFO     | t=8167.0: LOCO[LOCO_01] → Allocated for pickup
09:49:12 | INFO     | t=8167.0: LOCO → Allocating for parking transport
09:49:12 | INFO     | t=8167.0: DISPATCHER → Task submitted: retrofitted_to_parking (pending=2)
09:49:12 | INFO     | t=8174.0: LOCO[LOCO_01] → TRAIN_PREP completed at WS_02 (2.0 min)
09:49:12 | INFO     | t=8179.0: LOCO[LOCO_02] → TRAIN_PREP at collection (coupling + prep, 5.0 min)
09:49:12 | INFO     | t=8179.0: BATCH → Putting 2 wagons on retrofitted track retrofitted
09:49:12 | INFO     | t=8179.0: WAGON[W9345] → Added to retrofitted track retrofitted
09:49:12 | INFO     | t=8179.0: WAGON[W8052] → Added to retrofitted track retrofitted
09:49:12 | INFO     | t=8184.0: WORKSHOP[WS_02] → Released, notifying 1 waiting processes
09:49:12 | INFO     | t=8184.0: WORKSHOP → Workshop became available
09:49:12 | INFO     | t=8184.0: WORKSHOP[WS_02] → Selected for batch
09:49:12 | INFO     | t=8184.0: DISPATCHER → Assigned loco LOCO_01 to workshop_to_retrofitted (waited 93.0 min, pending=1)
09:49:12 | INFO     | t=8184.0: WAGON[W10957] → Added to batch
09:49:12 | INFO     | t=8184.0: BATCH[W2971,W10957] → Formed 2 wagons for WS_02
09:49:12 | INFO     | t=8184.0: LOCO[LOCO_01] → Allocated for pickup
09:49:12 | INFO     | t=8184.0: TRACK[retrofit] → Removed 2 wagons (37.6m freed)
09:49:12 | INFO     | t=8184.0: DISPATCHER → Task submitted: retrofit_to_workshop (pending=2)
09:49:12 | INFO     | t=8184.0: COLLECTION → Capacity reserved, allocating locomotive
09:49:12 | INFO     | t=8184.0: DISPATCHER → Task submitted: collection_to_retrofit (pending=3)
09:49:12 | INFO     | t=8191.0: LOCO[LOCO_01] → TRAIN_PREP completed at WS_01 (2.0 min)
09:49:12 | INFO     | t=8196.0: BATCH → Putting 2 wagons on retrofitted track retrofitted
09:49:12 | INFO     | t=8196.0: WAGON[W11596] → Added to retrofitted track retrofitted
09:49:12 | INFO     | t=8196.0: WAGON[W7115] → Added to retrofitted track retrofitted
09:49:12 | INFO     | t=8201.0: WORKSHOP[WS_01] → Released, notifying 0 waiting processes
09:49:12 | INFO     | t=8201.0: DISPATCHER → Assigned loco LOCO_01 to retrofit_to_workshop (waited 17.0 min, pending=2)
09:49:12 | INFO     | t=8201.0: RAKE[W2971,W10957] → COUPLING at retrofit (1 couplings, 2.0 min)
09:49:12 | INFO     | t=8201.0: WAGON[W6303] → Retrieved from retrofit queue
09:49:12 | INFO     | t=8201.0: WORKSHOP[WS_01] → Selected for batch
09:49:12 | INFO     | t=8201.0: WAGON[W0607] → Added to batch
09:49:12 | INFO     | t=8201.0: BATCH[W6303,W0607] → Formed 2 wagons for WS_01
09:49:12 | INFO     | t=8201.0: TRACK[retrofit] → Removed 2 wagons (43.6m freed)
09:49:12 | INFO     | t=8201.0: DISPATCHER → Task submitted: retrofit_to_workshop (pending=3)
09:49:12 | INFO     | t=8208.0: LOCO[LOCO_01] → COUPLING at retrofit (2.0 min)
09:49:12 | INFO     | t=8210.0: LOCO[LOCO_01] → SHUNTING_PREP at retrofit (1.0 min)
09:49:12 | INFO     | t=8216.0: LOCO[LOCO_01] → DECOUPLING at WS_02 (3.0 min)
09:49:12 | INFO     | t=8219.0: RAKE[W2971,W10957] → DECOUPLING at WS_02 (1 couplings, 3.0 min)
09:49:12 | INFO     | t=8222.0: WAGON[W2971] → RETROFIT_STARTED at WS_02
09:49:12 | INFO     | t=8222.0: WAGON[W10957] → RETROFIT_STARTED at WS_02
09:49:12 | INFO     | t=8227.0: DISPATCHER → Hold override for retrofitted_to_parking (waited 60.0 min >= max 45.0 min)
09:49:12 | INFO     | t=8227.0: DISPATCHER → Hold override for collection_to_retrofit (waited 43.0 min >= max 30.0 min)
09:49:12 | INFO     | t=8227.0: DISPATCHER → Assigned loco LOCO_01 to collection_to_retrofit (waited 43.0 min, pending=2)
09:49:12 | INFO     | t=8227.0: DISPATCHER → Hold override for retrofitted_to_parking (waited 60.0 min >= max 45.0 min)
09:49:12 | INFO     | t=8244.0: LOCO[LOCO_02] → DECOUPLING at retrofit (6.0 min)
09:49:12 | INFO     | EVENT_PUBLISHED: TrainArrivedEvent | train=T109 | time=8246.5
09:49:12 | INFO     | EVENT_HANDLING: TrainArrivedEvent -> RetrofitWorkshopContext._handle_train_arrived
09:49:12 | INFO     | EVENT_HANDLED: TrainArrivedEvent by RetrofitWorkshopContext._handle_train_arrived
09:49:12 | INFO     | t=8250.0: RAKE[W7265,W11947] → DECOUPLING at retrofit (1 couplings, 3.0 min)
09:49:12 | INFO     | t=8258.0: DISPATCHER → Hold override for retrofitted_to_parking (waited 91.0 min >= max 45.0 min)
09:49:12 | INFO     | t=8258.0: DISPATCHER → Assigned loco LOCO_02 to retrofit_to_workshop (waited 57.0 min, pending=1)
09:49:12 | INFO     | t=8258.0: DISPATCHER → Hold override for retrofitted_to_parking (waited 91.0 min >= max 45.0 min)
09:49:12 | INFO     | t=8258.0: RAKE[W6303,W0607] → COUPLING at retrofit (1 couplings, 2.0 min)
09:49:12 | INFO     | t=8258.0: Batch size limited by retrofit capacity: 3 wagons (61.3m) fits, 16 waiting
09:49:12 | INFO     | t=8258.0: WAGON[W10958] → Retrieved from retrofit queue
09:49:12 | INFO     | t=8258.0: WORKSHOP → No workshop available, waiting...
09:49:12 | INFO     | t=8258.0: COLLECTION → Reserving retrofit track capacity for 3 wagons
09:49:12 | INFO     | t=8258.0: COLLECTION → Capacity reserved, allocating locomotive
09:49:12 | INFO     | t=8258.0: DISPATCHER → Task submitted: collection_to_retrofit (pending=2)
09:49:12 | INFO     | t=8265.0: LOCO[LOCO_02] → COUPLING at retrofit (2.0 min)
09:49:12 | INFO     | t=8267.0: LOCO[LOCO_02] → SHUNTING_PREP at retrofit (1.0 min)
09:49:12 | INFO     | EVENT_PUBLISHED: TrainArrivedEvent | train=T110 | time=8270.2
09:49:12 | INFO     | EVENT_HANDLING: TrainArrivedEvent -> RetrofitWorkshopContext._handle_train_arrived
09:49:12 | INFO     | EVENT_HANDLED: TrainArrivedEvent by RetrofitWorkshopContext._handle_train_arrived
09:49:12 | INFO     | t=8273.0: LOCO[LOCO_02] → DECOUPLING at WS_01 (3.0 min)
09:49:12 | INFO     | EVENT_PUBLISHED: TrainArrivedEvent | train=T111 | time=8275.2
09:49:12 | INFO     | EVENT_HANDLING: TrainArrivedEvent -> RetrofitWorkshopContext._handle_train_arrived
09:49:12 | INFO     | EVENT_HANDLED: TrainArrivedEvent by RetrofitWorkshopContext._handle_train_arrived
09:49:12 | INFO     | t=8276.0: RAKE[W6303,W0607] → DECOUPLING at WS_01 (1 couplings, 3.0 min)
09:49:12 | INFO     | t=8279.0: WAGON[W6303] → RETROFIT_STARTED at WS_01
09:49:12 | INFO     | t=8279.0: WAGON[W0607] → RETROFIT_STARTED at WS_01
09:49:12 | INFO     | t=8282.0: RAKE[W2971,W10957] → COUPLING at WS_02 (1 couplings, 0.5 min)
09:49:12 | INFO     | t=8282.5: LOCO → Allocating for pickup from WS_02
09:49:12 | INFO     | t=8282.5: DISPATCHER → Task submitted: workshop_to_retrofitted (pending=3)
09:49:12 | INFO     | t=8284.0: DISPATCHER → Hold override for retrofitted_to_parking (waited 117.0 min >= max 45.0 min)
09:49:12 | INFO     | t=8284.0: DISPATCHER → Assigned loco LOCO_02 to retrofitted_to_parking (waited 117.0 min, pending=2)
09:49:12 | INFO     | t=8284.0: LOCO[LOCO_02] → Allocated for parking transport
09:49:12 | INFO     | t=8287.0: LOCO[LOCO_01] → TRAIN_PREP at collection (coupling + prep, 3.0 min)
09:49:12 | INFO     | t=8289.0: LOCO[LOCO_02] → TRAIN_PREP at retrofitted (coupling + prep, 4.0 min)
09:49:12 | INFO     | EVENT_PUBLISHED: TrainArrivedEvent | train=T112 | time=8329.0
09:49:12 | INFO     | EVENT_HANDLING: TrainArrivedEvent -> RetrofitWorkshopContext._handle_train_arrived
09:49:12 | INFO     | EVENT_HANDLED: TrainArrivedEvent by RetrofitWorkshopContext._handle_train_arrived
09:49:12 | INFO     | EVENT_PUBLISHED: TrainArrivedEvent | train=T113 | time=8336.0
09:49:12 | INFO     | EVENT_HANDLING: TrainArrivedEvent -> RetrofitWorkshopContext._handle_train_arrived
09:49:12 | INFO     | EVENT_HANDLED: TrainArrivedEvent by RetrofitWorkshopContext._handle_train_arrived
09:49:12 | INFO     | t=8339.0: RAKE[W6303,W0607] → COUPLING at WS_01 (1 couplings, 0.5 min)
09:49:12 | INFO     | t=8339.5: LOCO → Allocating for pickup from WS_01
09:49:12 | INFO     | t=8339.5: DISPATCHER → Task submitted: workshop_to_retrofitted (pending=3)
09:49:12 | INFO     | EVENT_PUBLISHED: TrainArrivedEvent | train=T114 | time=8341.2
09:49:12 | INFO     | EVENT_HANDLING: TrainArrivedEvent -> RetrofitWorkshopContext._handle_train_arrived
09:49:12 | INFO     | EVENT_HANDLED: TrainArrivedEvent by RetrofitWorkshopContext._handle_train_arrived
09:49:12 | INFO     | EVENT_PUBLISHED: TrainArrivedEvent | train=T115 | time=8342.0
09:49:12 | INFO     | EVENT_HANDLING: TrainArrivedEvent -> RetrofitWorkshopContext._handle_train_arrived
09:49:12 | INFO     | EVENT_HANDLED: TrainArrivedEvent by RetrofitWorkshopContext._handle_train_arrived
09:49:12 | INFO     | t=8350.0: LOCO[LOCO_01] → DECOUPLING at retrofit (3.0 min)
09:49:12 | INFO     | t=8353.0: RAKE[W9534] → DECOUPLING at retrofit (0 couplings, 0.0 min)
09:49:12 | INFO     | t=8358.0: Batch size limited by retrofit capacity: 1 wagons (23.2m) fits, 17 waiting
09:49:12 | INFO     | t=8358.0: DISPATCHER → Hold override for collection_to_retrofit (waited 100.0 min >= max 30.0 min)
09:49:12 | INFO     | t=8358.0: DISPATCHER → Assigned loco LOCO_01 to collection_to_retrofit (waited 100.0 min, pending=2)
09:49:12 | INFO     | t=8358.0: COLLECTION → Reserving retrofit track capacity for 1 wagons
09:49:12 | INFO     | t=8368.0: LOCO[LOCO_02] → DECOUPLING at parking14 (3.0 min)
09:49:12 | INFO     | t=8371.0: RAKE[W5947,W7155,W8085,W7258,W9495,W8082] → DECOUPLING at parking14 (5 couplings, 2.5 min)
09:49:12 | INFO     | t=8418.0: LOCO[LOCO_01] → TRAIN_PREP at collection (coupling + prep, 7.0 min)
09:49:12 | INFO     | EVENT_PUBLISHED: TrainArrivedEvent | train=T116 | time=8425.5
09:49:12 | INFO     | EVENT_HANDLING: TrainArrivedEvent -> RetrofitWorkshopContext._handle_train_arrived
09:49:12 | INFO     | EVENT_HANDLED: TrainArrivedEvent by RetrofitWorkshopContext._handle_train_arrived
09:49:12 | INFO     | t=8433.5: LOCO[LOCO_02] → Releasing
09:49:12 | INFO     | t=8433.5: LOCO[LOCO_02] → Released
09:49:12 | INFO     | t=8433.5: PARKING → Got wagon W9345 from retrofitted
09:49:12 | INFO     | t=8433.5: DISPATCHER → Assigned loco LOCO_02 to workshop_to_retrofitted (waited 151.0 min, pending=1)
09:49:12 | INFO     | t=8433.5: LOCO[LOCO_02] → Allocated for pickup
09:49:12 | INFO     | t=8433.5: LOCO → Allocating for parking transport
09:49:12 | INFO     | t=8433.5: DISPATCHER → Task submitted: retrofitted_to_parking (pending=2)
09:49:12 | INFO     | t=8440.5: LOCO[LOCO_02] → TRAIN_PREP completed at WS_02 (2.0 min)
09:49:12 | INFO     | t=8445.5: BATCH → Putting 2 wagons on retrofitted track retrofitted
09:49:12 | INFO     | t=8445.5: WAGON[W2971] → Added to retrofitted track retrofitted
09:49:12 | INFO     | t=8445.5: WAGON[W10957] → Added to retrofitted track retrofitted
09:49:12 | INFO     | t=8450.5: WORKSHOP[WS_02] → Released, notifying 1 waiting processes
09:49:12 | INFO     | t=8450.5: WORKSHOP → Workshop became available
09:49:12 | INFO     | t=8450.5: WORKSHOP[WS_02] → Selected for batch
09:49:12 | INFO     | t=8450.5: DISPATCHER → Assigned loco LOCO_02 to workshop_to_retrofitted (waited 111.0 min, pending=1)
09:49:12 | INFO     | t=8450.5: WAGON[W5711] → Added to batch
09:49:12 | INFO     | t=8450.5: BATCH[W10958,W5711] → Formed 2 wagons for WS_02
09:49:12 | INFO     | t=8450.5: LOCO[LOCO_02] → Allocated for pickup
09:49:12 | INFO     | t=8450.5: TRACK[retrofit] → Removed 2 wagons (29.0m freed)
09:49:12 | INFO     | t=8450.5: DISPATCHER → Task submitted: retrofit_to_workshop (pending=2)
09:49:12 | INFO     | t=8450.5: COLLECTION → Capacity reserved, allocating locomotive
09:49:12 | INFO     | t=8450.5: DISPATCHER → Task submitted: collection_to_retrofit (pending=3)
09:49:12 | INFO     | EVENT_PUBLISHED: TrainArrivedEvent | train=T117 | time=8456.5
09:49:12 | INFO     | EVENT_HANDLING: TrainArrivedEvent -> RetrofitWorkshopContext._handle_train_arrived
09:49:12 | INFO     | EVENT_HANDLED: TrainArrivedEvent by RetrofitWorkshopContext._handle_train_arrived
09:49:12 | INFO     | t=8457.5: LOCO[LOCO_02] → TRAIN_PREP completed at WS_01 (2.0 min)
09:49:12 | INFO     | t=8462.5: BATCH → Putting 2 wagons on retrofitted track retrofitted
09:49:12 | INFO     | t=8462.5: WAGON[W6303] → Added to retrofitted track retrofitted
09:49:12 | INFO     | t=8462.5: WAGON[W0607] → Added to retrofitted track retrofitted
09:49:12 | INFO     | t=8467.5: WORKSHOP[WS_01] → Released, notifying 0 waiting processes
09:49:12 | INFO     | t=8467.5: DISPATCHER → Assigned loco LOCO_02 to retrofit_to_workshop (waited 17.0 min, pending=2)
09:49:12 | INFO     | t=8467.5: RAKE[W10958,W5711] → COUPLING at retrofit (1 couplings, 2.0 min)
09:49:12 | INFO     | t=8467.5: WAGON[W8096] → Retrieved from retrofit queue
09:49:12 | INFO     | t=8467.5: WORKSHOP[WS_01] → Selected for batch
09:49:12 | INFO     | t=8467.5: WAGON[W9067] → Added to batch
09:49:12 | INFO     | t=8467.5: BATCH[W8096,W9067] → Formed 2 wagons for WS_01
09:49:12 | INFO     | t=8467.5: TRACK[retrofit] → Removed 2 wagons (40.4m freed)
09:49:12 | INFO     | t=8467.5: DISPATCHER → Task submitted: retrofit_to_workshop (pending=3)
09:49:12 | INFO     | t=8474.5: LOCO[LOCO_02] → COUPLING at retrofit (2.0 min)
09:49:12 | INFO     | t=8476.5: LOCO[LOCO_02] → SHUNTING_PREP at retrofit (1.0 min)
09:49:12 | INFO     | t=8482.5: LOCO[LOCO_02] → DECOUPLING at WS_02 (3.0 min)
09:49:12 | INFO     | t=8485.0: LOCO[LOCO_01] → DECOUPLING at retrofit (9.0 min)
09:49:12 | INFO     | t=8485.5: RAKE[W10958,W5711] → DECOUPLING at WS_02 (1 couplings, 3.0 min)
09:49:12 | INFO     | t=8488.5: WAGON[W10958] → RETROFIT_STARTED at WS_02
09:49:12 | INFO     | t=8488.5: WAGON[W5711] → RETROFIT_STARTED at WS_02
09:49:12 | INFO     | t=8493.5: DISPATCHER → Hold override for retrofitted_to_parking (waited 60.0 min >= max 45.0 min)
09:49:12 | INFO     | t=8493.5: DISPATCHER → Hold override for collection_to_retrofit (waited 43.0 min >= max 30.0 min)
09:49:12 | INFO     | t=8493.5: DISPATCHER → Assigned loco LOCO_02 to collection_to_retrofit (waited 43.0 min, pending=2)
09:49:12 | INFO     | t=8493.5: DISPATCHER → Hold override for retrofitted_to_parking (waited 60.0 min >= max 45.0 min)
09:49:12 | INFO     | t=8494.0: RAKE[W7316,W8671,W7400] → DECOUPLING at retrofit (2 couplings, 6.0 min)
09:49:12 | INFO     | t=8505.0: DISPATCHER → Hold override for retrofitted_to_parking (waited 71.5 min >= max 45.0 min)
09:49:12 | INFO     | t=8505.0: DISPATCHER → Assigned loco LOCO_01 to retrofit_to_workshop (waited 37.5 min, pending=1)
09:49:12 | INFO     | t=8505.0: DISPATCHER → Hold override for retrofitted_to_parking (waited 71.5 min >= max 45.0 min)
09:49:12 | INFO     | t=8505.0: Batch size limited by retrofit capacity: 2 wagons (52.8m) fits, 17 waiting
09:49:12 | INFO     | t=8505.0: RAKE[W8096,W9067] → COUPLING at retrofit (1 couplings, 2.0 min)
09:49:12 | INFO     | t=8505.0: COLLECTION → Reserving retrofit track capacity for 2 wagons
09:49:12 | INFO     | t=8505.0: WAGON[W0677] → Retrieved from retrofit queue
09:49:12 | INFO     | t=8505.0: WORKSHOP → No workshop available, waiting...
09:49:12 | INFO     | t=8505.0: COLLECTION → Capacity reserved, allocating locomotive
09:49:12 | INFO     | t=8505.0: DISPATCHER → Task submitted: collection_to_retrofit (pending=2)
09:49:12 | INFO     | t=8512.0: LOCO[LOCO_01] → COUPLING at retrofit (2.0 min)
09:49:12 | INFO     | t=8514.0: LOCO[LOCO_01] → SHUNTING_PREP at retrofit (1.0 min)
09:49:12 | INFO     | t=8520.0: LOCO[LOCO_01] → DECOUPLING at WS_01 (3.0 min)
09:49:12 | INFO     | t=8523.0: RAKE[W8096,W9067] → DECOUPLING at WS_01 (1 couplings, 3.0 min)
09:49:12 | INFO     | t=8526.0: WAGON[W8096] → RETROFIT_STARTED at WS_01
09:49:12 | INFO     | t=8526.0: WAGON[W9067] → RETROFIT_STARTED at WS_01
09:49:12 | INFO     | t=8531.0: DISPATCHER → Hold override for retrofitted_to_parking (waited 97.5 min >= max 45.0 min)
09:49:12 | INFO     | t=8531.0: DISPATCHER → Assigned loco LOCO_01 to retrofitted_to_parking (waited 97.5 min, pending=1)
09:49:12 | INFO     | t=8531.0: LOCO[LOCO_01] → Allocated for parking transport
09:49:12 | INFO     | t=8536.0: DISPATCHER → Hold override for collection_to_retrofit (waited 31.0 min >= max 30.0 min)
09:49:12 | INFO     | t=8536.0: LOCO[LOCO_01] → TRAIN_PREP at retrofitted (coupling + prep, 3.0 min)
09:49:12 | INFO     | t=8548.5: RAKE[W10958,W5711] → COUPLING at WS_02 (1 couplings, 0.5 min)
09:49:12 | INFO     | t=8549.0: LOCO → Allocating for pickup from WS_02
09:49:12 | INFO     | t=8549.0: DISPATCHER → Task submitted: workshop_to_retrofitted (pending=2)
09:49:12 | INFO     | t=8553.5: LOCO[LOCO_02] → TRAIN_PREP at collection (coupling + prep, 3.0 min)
09:49:12 | INFO     | EVENT_PUBLISHED: TrainArrivedEvent | train=T118 | time=8572.8
09:49:12 | INFO     | EVENT_HANDLING: TrainArrivedEvent -> RetrofitWorkshopContext._handle_train_arrived
09:49:12 | INFO     | EVENT_HANDLED: TrainArrivedEvent by RetrofitWorkshopContext._handle_train_arrived
09:49:12 | INFO     | t=8586.0: RAKE[W8096,W9067] → COUPLING at WS_01 (1 couplings, 0.5 min)
09:49:12 | INFO     | t=8586.5: LOCO → Allocating for pickup from WS_01
09:49:12 | INFO     | t=8586.5: DISPATCHER → Task submitted: workshop_to_retrofitted (pending=3)
09:49:12 | INFO     | t=8616.5: LOCO[LOCO_02] → DECOUPLING at retrofit (3.0 min)
09:49:12 | INFO     | t=8619.5: RAKE[W8634] → DECOUPLING at retrofit (0 couplings, 0.0 min)
09:49:12 | INFO     | t=8624.5: Batch size limited by retrofit capacity: 1 wagons (15.8m) fits, 17 waiting
09:49:12 | INFO     | t=8624.5: DISPATCHER → Hold override for collection_to_retrofit (waited 119.5 min >= max 30.0 min)
09:49:12 | INFO     | t=8624.5: DISPATCHER → Assigned loco LOCO_02 to collection_to_retrofit (waited 119.5 min, pending=2)
09:49:12 | INFO     | t=8624.5: COLLECTION → Reserving retrofit track capacity for 1 wagons
09:49:12 | INFO     | EVENT_PUBLISHED: TrainArrivedEvent | train=T119 | time=8635.2
09:49:12 | INFO     | EVENT_HANDLING: TrainArrivedEvent -> RetrofitWorkshopContext._handle_train_arrived
09:49:12 | INFO     | EVENT_HANDLED: TrainArrivedEvent by RetrofitWorkshopContext._handle_train_arrived
09:49:12 | INFO     | t=8659.0: LOCO[LOCO_01] → DECOUPLING at parking16 (2.0 min)
09:49:12 | INFO     | t=8661.0: RAKE[W9345,W8052,W11596,W7115] → DECOUPLING at parking16 (3 couplings, 1.5 min)
09:49:12 | INFO     | t=8684.5: LOCO[LOCO_02] → TRAIN_PREP at collection (coupling + prep, 5.0 min)
09:49:12 | INFO     | t=8722.5: LOCO[LOCO_01] → Releasing
09:49:12 | INFO     | t=8722.5: LOCO[LOCO_01] → Released
09:49:12 | INFO     | t=8722.5: PARKING → Got wagon W2971 from retrofitted
09:49:12 | INFO     | t=8722.5: DISPATCHER → Assigned loco LOCO_01 to workshop_to_retrofitted (waited 173.5 min, pending=1)
09:49:12 | INFO     | t=8722.5: LOCO[LOCO_01] → Allocated for pickup
09:49:12 | INFO     | t=8722.5: LOCO → Allocating for parking transport
09:49:12 | INFO     | t=8722.5: DISPATCHER → Task submitted: retrofitted_to_parking (pending=2)
09:49:12 | INFO     | t=8729.5: LOCO[LOCO_01] → TRAIN_PREP completed at WS_02 (2.0 min)
09:49:12 | INFO     | t=8734.5: BATCH → Putting 2 wagons on retrofitted track retrofitted
09:49:12 | INFO     | t=8734.5: WAGON[W10958] → Added to retrofitted track retrofitted
09:49:12 | INFO     | t=8734.5: WAGON[W5711] → Added to retrofitted track retrofitted
09:49:12 | INFO     | t=8739.5: WORKSHOP[WS_02] → Released, notifying 1 waiting processes
09:49:12 | INFO     | t=8739.5: WORKSHOP → Workshop became available
09:49:12 | INFO     | t=8739.5: WORKSHOP[WS_02] → Selected for batch
09:49:12 | INFO     | t=8739.5: DISPATCHER → Assigned loco LOCO_01 to workshop_to_retrofitted (waited 153.0 min, pending=1)
09:49:12 | INFO     | t=8739.5: WAGON[W2291] → Added to batch
09:49:12 | INFO     | t=8739.5: BATCH[W0677,W2291] → Formed 2 wagons for WS_02
09:49:12 | INFO     | t=8739.5: LOCO[LOCO_01] → Allocated for pickup
09:49:12 | INFO     | t=8739.5: TRACK[retrofit] → Removed 2 wagons (44.3m freed)
09:49:12 | INFO     | t=8739.5: DISPATCHER → Task submitted: retrofit_to_workshop (pending=2)
09:49:12 | INFO     | t=8739.5: COLLECTION → Capacity reserved, allocating locomotive
09:49:12 | INFO     | t=8739.5: DISPATCHER → Task submitted: collection_to_retrofit (pending=3)
09:49:12 | INFO     | t=8746.5: LOCO[LOCO_01] → TRAIN_PREP completed at WS_01 (2.0 min)
09:49:12 | INFO     | t=8749.5: LOCO[LOCO_02] → DECOUPLING at retrofit (6.0 min)
09:49:12 | INFO     | t=8751.5: BATCH → Putting 2 wagons on retrofitted track retrofitted
09:49:12 | INFO     | t=8751.5: WAGON[W8096] → Added to retrofitted track retrofitted
09:49:12 | INFO     | t=8751.5: WAGON[W9067] → Added to retrofitted track retrofitted
09:49:12 | INFO     | t=8755.5: RAKE[W0606,W10249] → DECOUPLING at retrofit (1 couplings, 3.0 min)
09:49:12 | INFO     | t=8756.5: WORKSHOP[WS_01] → Released, notifying 0 waiting processes
09:49:12 | INFO     | t=8756.5: DISPATCHER → Assigned loco LOCO_01 to retrofit_to_workshop (waited 17.0 min, pending=2)
09:49:12 | INFO     | t=8756.5: RAKE[W0677,W2291] → COUPLING at retrofit (1 couplings, 2.0 min)
09:49:12 | INFO     | t=8756.5: WAGON[W6025] → Retrieved from retrofit queue
09:49:12 | INFO     | t=8756.5: WORKSHOP[WS_01] → Selected for batch
09:49:12 | INFO     | t=8756.5: WAGON[W6634] → Added to batch
09:49:12 | INFO     | t=8756.5: BATCH[W6025,W6634] → Formed 2 wagons for WS_01
09:49:12 | INFO     | t=8756.5: TRACK[retrofit] → Removed 2 wagons (29.8m freed)
09:49:12 | INFO     | t=8756.5: DISPATCHER → Task submitted: retrofit_to_workshop (pending=3)
09:49:12 | INFO     | t=8763.5: LOCO[LOCO_01] → COUPLING at retrofit (2.0 min)
09:49:12 | INFO     | t=8763.5: DISPATCHER → Assigned loco LOCO_02 to collection_to_retrofit (waited 24.0 min, pending=2)
09:49:12 | INFO     | t=8763.5: Batch size limited by retrofit capacity: 3 wagons (54.9m) fits, 17 waiting
09:49:12 | INFO     | t=8763.5: COLLECTION → Reserving retrofit track capacity for 3 wagons
09:49:12 | INFO     | t=8763.5: COLLECTION → Capacity reserved, allocating locomotive
09:49:12 | INFO     | t=8763.5: DISPATCHER → Task submitted: collection_to_retrofit (pending=3)
09:49:12 | INFO     | t=8765.5: LOCO[LOCO_01] → SHUNTING_PREP at retrofit (1.0 min)
09:49:12 | INFO     | t=8771.5: LOCO[LOCO_01] → DECOUPLING at WS_02 (3.0 min)
09:49:12 | INFO     | t=8774.5: RAKE[W0677,W2291] → DECOUPLING at WS_02 (1 couplings, 3.0 min)
09:49:12 | INFO     | t=8777.5: WAGON[W0677] → RETROFIT_STARTED at WS_02
09:49:12 | INFO     | t=8777.5: WAGON[W2291] → RETROFIT_STARTED at WS_02
09:49:12 | INFO     | t=8782.5: DISPATCHER → Hold override for retrofitted_to_parking (waited 60.0 min >= max 45.0 min)
09:49:12 | INFO     | t=8782.5: DISPATCHER → Assigned loco LOCO_01 to retrofit_to_workshop (waited 26.0 min, pending=2)
09:49:12 | INFO     | t=8782.5: DISPATCHER → Hold override for retrofitted_to_parking (waited 60.0 min >= max 45.0 min)
09:49:12 | INFO     | t=8782.5: RAKE[W6025,W6634] → COUPLING at retrofit (1 couplings, 2.0 min)
09:49:12 | INFO     | t=8782.5: WAGON[W7175] → Retrieved from retrofit queue
09:49:12 | INFO     | t=8782.5: WORKSHOP → No workshop available, waiting...
09:49:12 | INFO     | t=8789.5: LOCO[LOCO_01] → COUPLING at retrofit (2.0 min)
09:49:12 | INFO     | t=8791.5: LOCO[LOCO_01] → SHUNTING_PREP at retrofit (1.0 min)
09:49:12 | INFO     | t=8797.5: LOCO[LOCO_01] → DECOUPLING at WS_01 (3.0 min)
09:49:12 | INFO     | t=8800.5: RAKE[W6025,W6634] → DECOUPLING at WS_01 (1 couplings, 3.0 min)
09:49:12 | INFO     | t=8803.5: WAGON[W6025] → RETROFIT_STARTED at WS_01
09:49:12 | INFO     | t=8803.5: WAGON[W6634] → RETROFIT_STARTED at WS_01
09:49:12 | INFO     | t=8808.5: DISPATCHER → Hold override for retrofitted_to_parking (waited 86.0 min >= max 45.0 min)
09:49:12 | INFO     | t=8808.5: DISPATCHER → Hold override for collection_to_retrofit (waited 45.0 min >= max 30.0 min)
09:49:12 | INFO     | t=8808.5: DISPATCHER → Assigned loco LOCO_01 to collection_to_retrofit (waited 45.0 min, pending=1)
09:49:12 | INFO     | t=8808.5: DISPATCHER → Hold override for retrofitted_to_parking (waited 86.0 min >= max 45.0 min)
09:49:12 | INFO     | t=8823.5: LOCO[LOCO_02] → TRAIN_PREP at collection (coupling + prep, 3.0 min)
09:49:12 | INFO     | t=8837.5: RAKE[W0677,W2291] → COUPLING at WS_02 (1 couplings, 0.5 min)
09:49:12 | INFO     | t=8838.0: LOCO → Allocating for pickup from WS_02
09:49:12 | INFO     | t=8838.0: DISPATCHER → Task submitted: workshop_to_retrofitted (pending=2)
09:49:12 | INFO     | t=8863.5: RAKE[W6025,W6634] → COUPLING at WS_01 (1 couplings, 0.5 min)
09:49:12 | INFO     | t=8864.0: LOCO → Allocating for pickup from WS_01
09:49:12 | INFO     | t=8864.0: DISPATCHER → Task submitted: workshop_to_retrofitted (pending=3)
09:49:12 | INFO     | t=8868.5: LOCO[LOCO_01] → TRAIN_PREP at collection (coupling + prep, 7.0 min)
09:49:12 | INFO     | t=8886.5: LOCO[LOCO_02] → DECOUPLING at retrofit (3.0 min)
09:49:12 | INFO     | t=8889.5: RAKE[W2112] → DECOUPLING at retrofit (0 couplings, 0.0 min)
09:49:12 | INFO     | t=8894.5: Batch size limited by retrofit capacity: 1 wagons (12.1m) fits, 17 waiting
09:49:12 | INFO     | t=8894.5: DISPATCHER → Hold override for retrofitted_to_parking (waited 172.0 min >= max 45.0 min)
09:49:12 | INFO     | t=8894.5: DISPATCHER → Assigned loco LOCO_02 to workshop_to_retrofitted (waited 56.5 min, pending=2)
09:49:12 | INFO     | t=8894.5: DISPATCHER → Hold override for retrofitted_to_parking (waited 172.0 min >= max 45.0 min)
09:49:12 | INFO     | t=8894.5: COLLECTION → Reserving retrofit track capacity for 1 wagons
09:49:12 | INFO     | t=8894.5: LOCO[LOCO_02] → Allocated for pickup
09:49:12 | INFO     | t=8894.5: COLLECTION → Capacity reserved, allocating locomotive
09:49:12 | INFO     | t=8894.5: DISPATCHER → Task submitted: collection_to_retrofit (pending=3)
09:49:12 | INFO     | t=8901.5: LOCO[LOCO_02] → TRAIN_PREP completed at WS_02 (2.0 min)
09:49:12 | INFO     | t=8906.5: BATCH → Putting 2 wagons on retrofitted track retrofitted
09:49:12 | INFO     | t=8906.5: WAGON[W0677] → Added to retrofitted track retrofitted
09:49:12 | INFO     | t=8906.5: WAGON[W2291] → Added to retrofitted track retrofitted
09:49:12 | INFO     | t=8911.5: WORKSHOP[WS_02] → Released, notifying 1 waiting processes
09:49:12 | INFO     | t=8911.5: WORKSHOP → Workshop became available
09:49:12 | INFO     | t=8911.5: WORKSHOP[WS_02] → Selected for batch
09:49:12 | INFO     | t=8911.5: DISPATCHER → Hold override for retrofitted_to_parking (waited 189.0 min >= max 45.0 min)
09:49:12 | INFO     | t=8911.5: DISPATCHER → Assigned loco LOCO_02 to retrofitted_to_parking (waited 189.0 min, pending=2)
09:49:12 | INFO     | t=8911.5: WAGON[W6803] → Added to batch
09:49:12 | INFO     | t=8911.5: BATCH[W7175,W6803] → Formed 2 wagons for WS_02
09:49:12 | INFO     | t=8911.5: LOCO[LOCO_02] → Allocated for parking transport
09:49:12 | INFO     | t=8911.5: TRACK[retrofit] → Removed 2 wagons (25.6m freed)
09:49:12 | INFO     | t=8911.5: DISPATCHER → Task submitted: retrofit_to_workshop (pending=3)
09:49:12 | INFO     | t=8916.5: LOCO[LOCO_02] → TRAIN_PREP at retrofitted (coupling + prep, 3.0 min)
09:49:12 | INFO     | t=8935.5: LOCO[LOCO_01] → DECOUPLING at retrofit (9.0 min)
09:49:12 | INFO     | t=8944.5: RAKE[W2050,W2386,W10254] → DECOUPLING at retrofit (2 couplings, 6.0 min)
09:49:12 | INFO     | t=8955.5: Batch size limited by retrofit capacity: 1 wagons (16.4m) fits, 16 waiting
09:49:12 | INFO     | t=8955.5: DISPATCHER → Hold override for collection_to_retrofit (waited 61.0 min >= max 30.0 min)
09:49:12 | INFO     | t=8955.5: DISPATCHER → Assigned loco LOCO_01 to collection_to_retrofit (waited 61.0 min, pending=2)
09:49:12 | INFO     | t=8955.5: COLLECTION → Reserving retrofit track capacity for 1 wagons
09:49:12 | INFO     | t=8955.5: COLLECTION → Capacity reserved, allocating locomotive
09:49:12 | INFO     | t=8955.5: DISPATCHER → Task submitted: collection_to_retrofit (pending=3)
09:49:12 | INFO     | t=8994.5: LOCO[LOCO_02] → DECOUPLING at parking15 (2.0 min)
09:49:12 | INFO     | t=8996.5: RAKE[W2971,W10957,W6303,W0607] → DECOUPLING at parking15 (3 couplings, 1.5 min)
09:49:12 | INFO     | t=9015.5: LOCO[LOCO_01] → TRAIN_PREP at collection (coupling + prep, 3.0 min)
09:49:12 | INFO     | t=9058.0: LOCO[LOCO_02] → Releasing
09:49:12 | INFO     | t=9058.0: LOCO[LOCO_02] → Released
09:49:12 | INFO     | t=9058.0: PARKING → Got wagon W10958 from retrofitted
09:49:12 | INFO     | t=9058.0: DISPATCHER → Hold override for collection_to_retrofit (waited 102.5 min >= max 30.0 min)
09:49:12 | INFO     | t=9058.0: DISPATCHER → Assigned loco LOCO_02 to retrofit_to_workshop (waited 146.5 min, pending=2)
09:49:12 | INFO     | t=9058.0: RAKE[W7175,W6803] → COUPLING at retrofit (1 couplings, 2.0 min)
09:49:12 | INFO     | t=9058.0: WAGON[W11959] → Retrieved from retrofit queue
09:49:12 | INFO     | t=9058.0: WORKSHOP → No workshop available, waiting...
09:49:12 | INFO     | t=9058.0: LOCO → Allocating for parking transport
09:49:12 | INFO     | t=9058.0: DISPATCHER → Task submitted: retrofitted_to_parking (pending=3)
09:49:12 | INFO     | t=9065.0: LOCO[LOCO_02] → COUPLING at retrofit (2.0 min)
09:49:12 | INFO     | t=9067.0: LOCO[LOCO_02] → SHUNTING_PREP at retrofit (1.0 min)
09:49:12 | INFO     | t=9073.0: LOCO[LOCO_02] → DECOUPLING at WS_02 (3.0 min)
09:49:12 | INFO     | t=9076.0: RAKE[W7175,W6803] → DECOUPLING at WS_02 (1 couplings, 3.0 min)
09:49:12 | INFO     | t=9078.5: LOCO[LOCO_01] → DECOUPLING at retrofit (3.0 min)
09:49:12 | INFO     | t=9079.0: WAGON[W7175] → RETROFIT_STARTED at WS_02
09:49:12 | INFO     | t=9079.0: WAGON[W6803] → RETROFIT_STARTED at WS_02
09:49:12 | INFO     | t=9081.5: RAKE[W12355] → DECOUPLING at retrofit (0 couplings, 0.0 min)
09:49:12 | INFO     | t=9084.0: DISPATCHER → Hold override for collection_to_retrofit (waited 128.5 min >= max 30.0 min)
09:49:12 | INFO     | t=9084.0: DISPATCHER → Assigned loco LOCO_02 to collection_to_retrofit (waited 128.5 min, pending=2)
09:49:12 | INFO     | EVENT_PUBLISHED: TrainArrivedEvent | train=T120 | time=9084.2
09:49:12 | INFO     | EVENT_HANDLING: TrainArrivedEvent -> RetrofitWorkshopContext._handle_train_arrived
09:49:12 | INFO     | EVENT_HANDLED: TrainArrivedEvent by RetrofitWorkshopContext._handle_train_arrived
09:49:12 | INFO     | t=9086.5: Batch size limited by retrofit capacity: 1 wagons (16.4m) fits, 17 waiting
09:49:12 | INFO     | t=9086.5: DISPATCHER → Assigned loco LOCO_01 to workshop_to_retrofitted (waited 222.5 min, pending=1)
09:49:12 | INFO     | t=9086.5: COLLECTION → Reserving retrofit track capacity for 1 wagons
09:49:12 | INFO     | t=9086.5: LOCO[LOCO_01] → Allocated for pickup
09:49:12 | INFO     | t=9093.5: LOCO[LOCO_01] → TRAIN_PREP completed at WS_01 (2.0 min)
09:49:12 | INFO     | t=9098.5: BATCH → Putting 2 wagons on retrofitted track retrofitted
09:49:12 | INFO     | t=9098.5: WAGON[W6025] → Added to retrofitted track retrofitted
09:49:12 | INFO     | t=9098.5: WAGON[W6634] → Added to retrofitted track retrofitted
09:49:12 | INFO     | t=9103.5: WORKSHOP[WS_01] → Released, notifying 1 waiting processes
09:49:12 | INFO     | t=9103.5: WORKSHOP → Workshop became available
09:49:12 | INFO     | t=9103.5: WORKSHOP[WS_01] → Selected for batch
09:49:12 | INFO     | t=9103.5: DISPATCHER → Hold override for retrofitted_to_parking (waited 45.5 min >= max 45.0 min)
09:49:12 | INFO     | t=9103.5: DISPATCHER → Assigned loco LOCO_01 to retrofitted_to_parking (waited 45.5 min, pending=0)
09:49:12 | INFO     | t=9103.5: WAGON[W6231] → Added to batch
09:49:12 | INFO     | t=9103.5: BATCH[W11959,W6231] → Formed 2 wagons for WS_01
09:49:12 | INFO     | t=9103.5: LOCO[LOCO_01] → Allocated for parking transport
09:49:12 | INFO     | t=9103.5: TRACK[retrofit] → Removed 2 wagons (26.6m freed)
09:49:12 | INFO     | t=9103.5: DISPATCHER → Task submitted: retrofit_to_workshop (pending=1)
09:49:12 | INFO     | t=9103.5: COLLECTION → Capacity reserved, allocating locomotive
09:49:12 | INFO     | t=9103.5: DISPATCHER → Task submitted: collection_to_retrofit (pending=2)
09:49:12 | INFO     | t=9108.5: LOCO[LOCO_01] → TRAIN_PREP at retrofitted (coupling + prep, 4.0 min)
09:49:12 | INFO     | t=9139.0: RAKE[W7175,W6803] → COUPLING at WS_02 (1 couplings, 0.5 min)
09:49:12 | INFO     | t=9139.5: LOCO → Allocating for pickup from WS_02
09:49:12 | INFO     | t=9139.5: DISPATCHER → Task submitted: workshop_to_retrofitted (pending=3)
09:49:12 | INFO     | t=9144.0: LOCO[LOCO_02] → TRAIN_PREP at collection (coupling + prep, 3.0 min)
09:49:12 | INFO     | t=9172.5: LOCO[LOCO_01] → DECOUPLING at parking10 (3.0 min)
09:49:12 | INFO     | t=9175.5: RAKE[W10958,W5711,W8096,W9067,W0677,W2291] → DECOUPLING at parking10 (5 couplings, 2.5 min)
09:49:12 | INFO     | EVENT_PUBLISHED: TrainArrivedEvent | train=T121 | time=9185.2
09:49:12 | INFO     | EVENT_HANDLING: TrainArrivedEvent -> RetrofitWorkshopContext._handle_train_arrived
09:49:12 | INFO     | EVENT_HANDLED: TrainArrivedEvent by RetrofitWorkshopContext._handle_train_arrived
09:49:12 | INFO     | t=9207.0: LOCO[LOCO_02] → DECOUPLING at retrofit (3.0 min)
09:49:12 | INFO     | t=9210.0: RAKE[W5282] → DECOUPLING at retrofit (0 couplings, 0.0 min)
09:49:12 | INFO     | t=9215.0: Batch size limited by retrofit capacity: 1 wagons (16.9m) fits, 19 waiting
09:49:12 | INFO     | t=9215.0: DISPATCHER → Hold override for collection_to_retrofit (waited 111.5 min >= max 30.0 min)
09:49:12 | INFO     | t=9215.0: DISPATCHER → Assigned loco LOCO_02 to retrofit_to_workshop (waited 111.5 min, pending=2)
09:49:12 | INFO     | t=9215.0: DISPATCHER → Hold override for collection_to_retrofit (waited 111.5 min >= max 30.0 min)
09:49:12 | INFO     | t=9215.0: COLLECTION → Reserving retrofit track capacity for 1 wagons
09:49:12 | INFO     | t=9215.0: RAKE[W11959,W6231] → COUPLING at retrofit (1 couplings, 2.0 min)
09:49:12 | INFO     | t=9215.0: COLLECTION → Capacity reserved, allocating locomotive
09:49:12 | INFO     | t=9215.0: DISPATCHER → Task submitted: collection_to_retrofit (pending=3)
09:49:12 | INFO     | t=9215.0: WAGON[W7265] → Retrieved from retrofit queue
09:49:12 | INFO     | t=9215.0: WORKSHOP → No workshop available, waiting...
09:49:12 | INFO     | t=9222.0: LOCO[LOCO_02] → COUPLING at retrofit (2.0 min)
09:49:12 | INFO     | t=9224.0: LOCO[LOCO_02] → SHUNTING_PREP at retrofit (1.0 min)
09:49:12 | INFO     | t=9230.0: LOCO[LOCO_02] → DECOUPLING at WS_01 (3.0 min)
09:49:12 | INFO     | t=9233.0: RAKE[W11959,W6231] → DECOUPLING at WS_01 (1 couplings, 3.0 min)
09:49:12 | INFO     | t=9236.0: WAGON[W11959] → RETROFIT_STARTED at WS_01
09:49:12 | INFO     | t=9236.0: WAGON[W6231] → RETROFIT_STARTED at WS_01
09:49:12 | INFO     | t=9238.0: LOCO[LOCO_01] → Releasing
09:49:12 | INFO     | t=9238.0: LOCO[LOCO_01] → Released
09:49:12 | INFO     | t=9238.0: PARKING → Got wagon W6025 from retrofitted
09:49:12 | INFO     | t=9238.0: DISPATCHER → Hold override for collection_to_retrofit (waited 134.5 min >= max 30.0 min)
09:49:12 | INFO     | t=9238.0: DISPATCHER → Assigned loco LOCO_01 to collection_to_retrofit (waited 134.5 min, pending=2)
09:49:12 | INFO     | t=9238.0: LOCO → Allocating for parking transport
09:49:12 | INFO     | t=9238.0: DISPATCHER → Task submitted: retrofitted_to_parking (pending=3)
09:49:12 | INFO     | t=9241.0: DISPATCHER → Assigned loco LOCO_02 to workshop_to_retrofitted (waited 101.5 min, pending=2)
09:49:12 | INFO     | t=9241.0: LOCO[LOCO_02] → Allocated for pickup
09:49:12 | INFO     | t=9246.0: DISPATCHER → Hold override for collection_to_retrofit (waited 31.0 min >= max 30.0 min)
09:49:12 | INFO     | t=9248.0: LOCO[LOCO_02] → TRAIN_PREP completed at WS_02 (2.0 min)
09:49:12 | INFO     | t=9253.0: BATCH → Putting 2 wagons on retrofitted track retrofitted
09:49:12 | INFO     | t=9253.0: WAGON[W7175] → Added to retrofitted track retrofitted
09:49:12 | INFO     | t=9253.0: WAGON[W6803] → Added to retrofitted track retrofitted
09:49:12 | INFO     | t=9258.0: WORKSHOP[WS_02] → Released, notifying 1 waiting processes
09:49:12 | INFO     | t=9258.0: WORKSHOP → Workshop became available
09:49:12 | INFO     | t=9258.0: WORKSHOP[WS_02] → Selected for batch
09:49:12 | INFO     | t=9258.0: DISPATCHER → Hold override for collection_to_retrofit (waited 43.0 min >= max 30.0 min)
09:49:12 | INFO     | t=9258.0: DISPATCHER → Assigned loco LOCO_02 to collection_to_retrofit (waited 43.0 min, pending=1)
09:49:12 | INFO     | t=9258.0: WAGON[W11947] → Added to batch
09:49:12 | INFO     | t=9258.0: BATCH[W7265,W11947] → Formed 2 wagons for WS_02
09:49:12 | INFO     | t=9258.0: TRACK[retrofit] → Removed 2 wagons (25.8m freed)
09:49:12 | INFO     | t=9258.0: DISPATCHER → Task submitted: retrofit_to_workshop (pending=2)
09:49:12 | INFO     | t=9296.0: RAKE[W11959,W6231] → COUPLING at WS_01 (1 couplings, 0.5 min)
09:49:12 | INFO     | t=9296.5: LOCO → Allocating for pickup from WS_01
09:49:12 | INFO     | t=9296.5: DISPATCHER → Task submitted: workshop_to_retrofitted (pending=3)
09:49:12 | INFO     | t=9298.0: LOCO[LOCO_01] → TRAIN_PREP at collection (coupling + prep, 3.0 min)
09:49:12 | INFO     | EVENT_PUBLISHED: TrainArrivedEvent | train=T122 | time=9300.5
09:49:12 | INFO     | EVENT_HANDLING: TrainArrivedEvent -> RetrofitWorkshopContext._handle_train_arrived
09:49:12 | INFO     | EVENT_HANDLED: TrainArrivedEvent by RetrofitWorkshopContext._handle_train_arrived
09:49:12 | INFO     | t=9318.0: LOCO[LOCO_02] → TRAIN_PREP at collection (coupling + prep, 3.0 min)
09:49:12 | INFO     | EVENT_PUBLISHED: TrainArrivedEvent | train=T123 | time=9337.2
09:49:12 | INFO     | EVENT_HANDLING: TrainArrivedEvent -> RetrofitWorkshopContext._handle_train_arrived
09:49:12 | INFO     | EVENT_HANDLED: TrainArrivedEvent by RetrofitWorkshopContext._handle_train_arrived
09:49:12 | INFO     | t=9361.0: LOCO[LOCO_01] → DECOUPLING at retrofit (3.0 min)
09:49:12 | INFO     | t=9364.0: RAKE[W9440] → DECOUPLING at retrofit (0 couplings, 0.0 min)
09:49:12 | INFO     | t=9369.0: Batch size limited by retrofit capacity: 1 wagons (23.2m) fits, 17 waiting
09:49:12 | INFO     | t=9369.0: DISPATCHER → Hold override for retrofitted_to_parking (waited 131.0 min >= max 45.0 min)
09:49:12 | INFO     | t=9369.0: DISPATCHER → Assigned loco LOCO_01 to retrofit_to_workshop (waited 111.0 min, pending=2)
09:49:12 | INFO     | t=9369.0: DISPATCHER → Hold override for retrofitted_to_parking (waited 131.0 min >= max 45.0 min)
09:49:12 | INFO     | t=9369.0: COLLECTION → Reserving retrofit track capacity for 1 wagons
09:49:12 | INFO     | t=9369.0: RAKE[W7265,W11947] → COUPLING at retrofit (1 couplings, 2.0 min)
09:49:12 | INFO     | t=9369.0: COLLECTION → Capacity reserved, allocating locomotive
09:49:12 | INFO     | t=9369.0: DISPATCHER → Task submitted: collection_to_retrofit (pending=3)
09:49:12 | INFO     | t=9369.0: WAGON[W9534] → Retrieved from retrofit queue
09:49:12 | INFO     | t=9369.0: WORKSHOP → No workshop available, waiting...
09:49:12 | INFO     | t=9376.0: LOCO[LOCO_01] → COUPLING at retrofit (2.0 min)
09:49:12 | INFO     | t=9378.0: LOCO[LOCO_01] → SHUNTING_PREP at retrofit (1.0 min)
09:49:12 | INFO     | t=9381.0: LOCO[LOCO_02] → DECOUPLING at retrofit (3.0 min)
09:49:12 | INFO     | t=9384.0: LOCO[LOCO_01] → DECOUPLING at WS_02 (3.0 min)
09:49:12 | INFO     | t=9384.0: RAKE[W9940] → DECOUPLING at retrofit (0 couplings, 0.0 min)
09:49:12 | INFO     | t=9387.0: RAKE[W7265,W11947] → DECOUPLING at WS_02 (1 couplings, 3.0 min)
09:49:12 | INFO     | t=9389.0: Batch size limited by retrofit capacity: 1 wagons (19.0m) fits, 19 waiting
09:49:12 | INFO     | t=9389.0: DISPATCHER → Hold override for retrofitted_to_parking (waited 151.0 min >= max 45.0 min)
09:49:12 | INFO     | t=9389.0: DISPATCHER → Assigned loco LOCO_02 to workshop_to_retrofitted (waited 92.5 min, pending=2)
09:49:12 | INFO     | t=9389.0: DISPATCHER → Hold override for retrofitted_to_parking (waited 151.0 min >= max 45.0 min)
09:49:12 | INFO     | t=9389.0: COLLECTION → Reserving retrofit track capacity for 1 wagons
09:49:12 | INFO     | t=9389.0: LOCO[LOCO_02] → Allocated for pickup
09:49:12 | INFO     | t=9390.0: WAGON[W7265] → RETROFIT_STARTED at WS_02
09:49:12 | INFO     | t=9390.0: WAGON[W11947] → RETROFIT_STARTED at WS_02
09:49:12 | INFO     | t=9395.0: DISPATCHER → Hold override for retrofitted_to_parking (waited 157.0 min >= max 45.0 min)
09:49:12 | INFO     | t=9395.0: DISPATCHER → Assigned loco LOCO_01 to retrofitted_to_parking (waited 157.0 min, pending=1)
09:49:12 | INFO     | t=9395.0: LOCO[LOCO_01] → Allocated for parking transport
09:49:12 | INFO     | t=9396.0: LOCO[LOCO_02] → TRAIN_PREP completed at WS_01 (2.0 min)
09:49:12 | INFO     | t=9400.0: DISPATCHER → Hold override for collection_to_retrofit (waited 31.0 min >= max 30.0 min)
09:49:12 | INFO     | t=9400.0: LOCO[LOCO_01] → TRAIN_PREP at retrofitted (coupling + prep, 2.0 min)
09:49:12 | INFO     | EVENT_PUBLISHED: TrainArrivedEvent | train=T124 | time=9400.8
09:49:12 | INFO     | EVENT_HANDLING: TrainArrivedEvent -> RetrofitWorkshopContext._handle_train_arrived
09:49:12 | INFO     | EVENT_HANDLED: TrainArrivedEvent by RetrofitWorkshopContext._handle_train_arrived
09:49:12 | INFO     | t=9401.0: BATCH → Putting 2 wagons on retrofitted track retrofitted
09:49:12 | INFO     | t=9401.0: WAGON[W11959] → Added to retrofitted track retrofitted
09:49:12 | INFO     | t=9401.0: WAGON[W6231] → Added to retrofitted track retrofitted
09:49:12 | INFO     | t=9406.0: WORKSHOP[WS_01] → Released, notifying 1 waiting processes
09:49:12 | INFO     | t=9406.0: WORKSHOP → Workshop became available
09:49:12 | INFO     | t=9406.0: WORKSHOP[WS_01] → Selected for batch
09:49:12 | INFO     | t=9406.0: DISPATCHER → Hold override for collection_to_retrofit (waited 37.0 min >= max 30.0 min)
09:49:12 | INFO     | t=9406.0: DISPATCHER → Assigned loco LOCO_02 to collection_to_retrofit (waited 37.0 min, pending=0)
09:49:12 | INFO     | t=9406.0: WAGON[W7316] → Added to batch
09:49:12 | INFO     | t=9406.0: BATCH[W9534,W7316] → Formed 2 wagons for WS_01
09:49:12 | INFO     | t=9406.0: TRACK[retrofit] → Removed 2 wagons (38.1m freed)
09:49:12 | INFO     | t=9406.0: DISPATCHER → Task submitted: retrofit_to_workshop (pending=1)
09:49:12 | INFO     | t=9406.0: COLLECTION → Capacity reserved, allocating locomotive
09:49:12 | INFO     | t=9406.0: DISPATCHER → Task submitted: collection_to_retrofit (pending=2)
09:49:12 | INFO     | EVENT_PUBLISHED: TrainArrivedEvent | train=T125 | time=9444.2
09:49:12 | INFO     | EVENT_HANDLING: TrainArrivedEvent -> RetrofitWorkshopContext._handle_train_arrived
09:49:12 | INFO     | EVENT_HANDLED: TrainArrivedEvent by RetrofitWorkshopContext._handle_train_arrived
09:49:12 | INFO     | t=9450.0: RAKE[W7265,W11947] → COUPLING at WS_02 (1 couplings, 0.5 min)
09:49:12 | INFO     | t=9450.5: LOCO → Allocating for pickup from WS_02
09:49:12 | INFO     | t=9450.5: DISPATCHER → Task submitted: workshop_to_retrofitted (pending=3)
09:49:12 | INFO     | t=9466.0: LOCO[LOCO_02] → TRAIN_PREP at collection (coupling + prep, 3.0 min)
09:49:12 | INFO     | t=9477.0: LOCO[LOCO_01] → DECOUPLING at parking13 (1.0 min)
09:49:12 | INFO     | t=9478.0: RAKE[W6025,W6634] → DECOUPLING at parking13 (1 couplings, 0.5 min)
09:49:12 | INFO     | t=9529.0: LOCO[LOCO_02] → DECOUPLING at retrofit (3.0 min)
09:49:12 | INFO     | EVENT_PUBLISHED: TrainArrivedEvent | train=T126 | time=9529.5
09:49:12 | INFO     | EVENT_HANDLING: TrainArrivedEvent -> RetrofitWorkshopContext._handle_train_arrived
09:49:12 | INFO     | EVENT_HANDLED: TrainArrivedEvent by RetrofitWorkshopContext._handle_train_arrived
09:49:12 | INFO     | t=9532.0: RAKE[W12057] → DECOUPLING at retrofit (0 couplings, 0.0 min)
09:49:12 | INFO     | t=9537.0: Batch size limited by retrofit capacity: 1 wagons (23.2m) fits, 17 waiting
09:49:12 | INFO     | t=9537.0: DISPATCHER → Hold override for collection_to_retrofit (waited 131.0 min >= max 30.0 min)
09:49:12 | INFO     | t=9537.0: DISPATCHER → Assigned loco LOCO_02 to retrofit_to_workshop (waited 131.0 min, pending=2)
09:49:12 | INFO     | t=9537.0: DISPATCHER → Hold override for collection_to_retrofit (waited 131.0 min >= max 30.0 min)
09:49:12 | INFO     | t=9537.0: COLLECTION → Reserving retrofit track capacity for 1 wagons
09:49:12 | INFO     | t=9537.0: RAKE[W9534,W7316] → COUPLING at retrofit (1 couplings, 2.0 min)
09:49:12 | INFO     | t=9537.0: COLLECTION → Capacity reserved, allocating locomotive
09:49:12 | INFO     | t=9537.0: DISPATCHER → Task submitted: collection_to_retrofit (pending=3)
09:49:12 | INFO     | t=9537.0: WAGON[W8671] → Retrieved from retrofit queue
09:49:12 | INFO     | t=9537.0: WORKSHOP → No workshop available, waiting...
09:49:12 | INFO     | t=9538.5: LOCO[LOCO_01] → Releasing
09:49:12 | INFO     | t=9538.5: LOCO[LOCO_01] → Released
09:49:12 | INFO     | t=9538.5: PARKING → Got wagon W7175 from retrofitted
09:49:12 | INFO     | t=9538.5: DISPATCHER → Hold override for collection_to_retrofit (waited 132.5 min >= max 30.0 min)
09:49:12 | INFO     | t=9538.5: DISPATCHER → Assigned loco LOCO_01 to collection_to_retrofit (waited 132.5 min, pending=2)
09:49:12 | INFO     | t=9538.5: LOCO → Allocating for parking transport
09:49:12 | INFO     | t=9538.5: DISPATCHER → Task submitted: retrofitted_to_parking (pending=3)
09:49:12 | INFO     | t=9544.0: LOCO[LOCO_02] → COUPLING at retrofit (2.0 min)
09:49:12 | INFO     | t=9546.0: LOCO[LOCO_02] → SHUNTING_PREP at retrofit (1.0 min)
09:49:12 | INFO     | t=9552.0: LOCO[LOCO_02] → DECOUPLING at WS_01 (3.0 min)
09:49:12 | INFO     | t=9555.0: RAKE[W9534,W7316] → DECOUPLING at WS_01 (1 couplings, 3.0 min)
09:49:12 | INFO     | t=9558.0: WAGON[W9534] → RETROFIT_STARTED at WS_01
09:49:12 | INFO     | t=9558.0: WAGON[W7316] → RETROFIT_STARTED at WS_01
09:49:12 | INFO     | t=9563.0: DISPATCHER → Assigned loco LOCO_02 to workshop_to_retrofitted (waited 112.5 min, pending=2)
09:49:12 | INFO     | t=9563.0: LOCO[LOCO_02] → Allocated for pickup
09:49:12 | INFO     | t=9570.0: LOCO[LOCO_02] → TRAIN_PREP completed at WS_02 (2.0 min)
09:49:12 | INFO     | t=9575.0: BATCH → Putting 2 wagons on retrofitted track retrofitted
09:49:12 | INFO     | t=9575.0: WAGON[W7265] → Added to retrofitted track retrofitted
09:49:12 | INFO     | t=9575.0: WAGON[W11947] → Added to retrofitted track retrofitted
09:49:12 | INFO     | t=9580.0: WORKSHOP[WS_02] → Released, notifying 1 waiting processes
09:49:12 | INFO     | t=9580.0: WORKSHOP → Workshop became available
09:49:12 | INFO     | t=9580.0: WORKSHOP[WS_02] → Selected for batch
09:49:12 | INFO     | t=9580.0: DISPATCHER → Hold override for collection_to_retrofit (waited 43.0 min >= max 30.0 min)
09:49:12 | INFO     | t=9580.0: DISPATCHER → Assigned loco LOCO_02 to collection_to_retrofit (waited 43.0 min, pending=1)
09:49:12 | INFO     | t=9580.0: WAGON[W7400] → Added to batch
09:49:12 | INFO     | t=9580.0: BATCH[W8671,W7400] → Formed 2 wagons for WS_02
09:49:12 | INFO     | t=9580.0: TRACK[retrofit] → Removed 2 wagons (42.3m freed)
09:49:12 | INFO     | t=9580.0: DISPATCHER → Task submitted: retrofit_to_workshop (pending=2)
09:49:12 | INFO     | t=9598.5: LOCO[LOCO_01] → TRAIN_PREP at collection (coupling + prep, 3.0 min)
09:49:12 | INFO     | t=9618.0: RAKE[W9534,W7316] → COUPLING at WS_01 (1 couplings, 0.5 min)
09:49:12 | INFO     | t=9618.5: LOCO → Allocating for pickup from WS_01
09:49:12 | INFO     | t=9618.5: DISPATCHER → Task submitted: workshop_to_retrofitted (pending=3)
09:49:12 | INFO     | t=9640.0: LOCO[LOCO_02] → TRAIN_PREP at collection (coupling + prep, 3.0 min)
09:49:12 | INFO     | t=9661.5: LOCO[LOCO_01] → DECOUPLING at retrofit (3.0 min)
09:49:12 | INFO     | t=9664.5: RAKE[W2652] → DECOUPLING at retrofit (0 couplings, 0.0 min)
09:49:12 | INFO     | t=9669.5: DISPATCHER → Hold override for retrofitted_to_parking (waited 131.0 min >= max 45.0 min)
09:49:12 | INFO     | t=9669.5: DISPATCHER → Assigned loco LOCO_01 to retrofit_to_workshop (waited 89.5 min, pending=2)
09:49:12 | INFO     | t=9669.5: DISPATCHER → Hold override for retrofitted_to_parking (waited 131.0 min >= max 45.0 min)
09:49:12 | INFO     | t=9669.5: Batch size limited by retrofit capacity: 2 wagons (45.2m) fits, 18 waiting
09:49:12 | INFO     | t=9669.5: RAKE[W8671,W7400] → COUPLING at retrofit (1 couplings, 2.0 min)
09:49:12 | INFO     | t=9669.5: COLLECTION → Reserving retrofit track capacity for 2 wagons
09:49:12 | INFO     | t=9669.5: WAGON[W8634] → Retrieved from retrofit queue
09:49:12 | INFO     | t=9669.5: WORKSHOP → No workshop available, waiting...
09:49:12 | INFO     | t=9669.5: COLLECTION → Capacity reserved, allocating locomotive
09:49:12 | INFO     | t=9669.5: DISPATCHER → Task submitted: collection_to_retrofit (pending=3)
09:49:12 | INFO     | t=9676.5: LOCO[LOCO_01] → COUPLING at retrofit (2.0 min)
09:49:12 | INFO     | t=9678.5: LOCO[LOCO_01] → SHUNTING_PREP at retrofit (1.0 min)
09:49:12 | INFO     | EVENT_PUBLISHED: TrainArrivedEvent | train=T127 | time=9684.0
09:49:12 | INFO     | EVENT_HANDLING: TrainArrivedEvent -> RetrofitWorkshopContext._handle_train_arrived
09:49:12 | INFO     | EVENT_HANDLED: TrainArrivedEvent by RetrofitWorkshopContext._handle_train_arrived
09:49:12 | INFO     | t=9684.5: LOCO[LOCO_01] → DECOUPLING at WS_02 (3.0 min)
09:49:12 | INFO     | t=9687.5: RAKE[W8671,W7400] → DECOUPLING at WS_02 (1 couplings, 3.0 min)
09:49:12 | INFO     | t=9690.5: WAGON[W8671] → RETROFIT_STARTED at WS_02
09:49:12 | INFO     | t=9690.5: WAGON[W7400] → RETROFIT_STARTED at WS_02
09:49:12 | INFO     | t=9695.5: DISPATCHER → Hold override for retrofitted_to_parking (waited 157.0 min >= max 45.0 min)
09:49:12 | INFO     | t=9695.5: DISPATCHER → Assigned loco LOCO_01 to workshop_to_retrofitted (waited 77.0 min, pending=2)
09:49:12 | INFO     | t=9695.5: DISPATCHER → Hold override for retrofitted_to_parking (waited 157.0 min >= max 45.0 min)
09:49:12 | INFO     | t=9695.5: LOCO[LOCO_01] → Allocated for pickup
09:49:12 | INFO     | t=9702.5: LOCO[LOCO_01] → TRAIN_PREP completed at WS_01 (2.0 min)
09:49:12 | INFO     | t=9703.0: LOCO[LOCO_02] → DECOUPLING at retrofit (3.0 min)
09:49:12 | INFO     | EVENT_PUBLISHED: TrainArrivedEvent | train=T128 | time=9706.0
09:49:12 | INFO     | EVENT_HANDLING: TrainArrivedEvent -> RetrofitWorkshopContext._handle_train_arrived
09:49:12 | INFO     | EVENT_HANDLED: TrainArrivedEvent by RetrofitWorkshopContext._handle_train_arrived
09:49:12 | INFO     | t=9706.0: RAKE[W8676] → DECOUPLING at retrofit (0 couplings, 0.0 min)
09:49:12 | INFO     | t=9707.5: BATCH → Putting 2 wagons on retrofitted track retrofitted
09:49:12 | INFO     | t=9707.5: WAGON[W9534] → Added to retrofitted track retrofitted
09:49:12 | INFO     | t=9707.5: WAGON[W7316] → Added to retrofitted track retrofitted
09:49:12 | INFO     | t=9711.0: Batch size limited by retrofit capacity: 1 wagons (19.9m) fits, 16 waiting
09:49:12 | INFO     | t=9711.0: DISPATCHER → Hold override for retrofitted_to_parking (waited 172.5 min >= max 45.0 min)
09:49:12 | INFO     | t=9711.0: DISPATCHER → Hold override for collection_to_retrofit (waited 41.5 min >= max 30.0 min)
09:49:12 | INFO     | t=9711.0: DISPATCHER → Assigned loco LOCO_02 to collection_to_retrofit (waited 41.5 min, pending=1)
09:49:12 | INFO     | t=9711.0: DISPATCHER → Hold override for retrofitted_to_parking (waited 172.5 min >= max 45.0 min)
09:49:12 | INFO     | t=9711.0: COLLECTION → Reserving retrofit track capacity for 1 wagons
09:49:12 | INFO     | t=9712.5: WORKSHOP[WS_01] → Released, notifying 1 waiting processes
09:49:12 | INFO     | t=9712.5: WORKSHOP → Workshop became available
09:49:12 | INFO     | t=9712.5: WORKSHOP[WS_01] → Selected for batch
09:49:12 | INFO     | t=9712.5: DISPATCHER → Hold override for retrofitted_to_parking (waited 174.0 min >= max 45.0 min)
09:49:12 | INFO     | t=9712.5: DISPATCHER → Assigned loco LOCO_01 to retrofitted_to_parking (waited 174.0 min, pending=0)
09:49:12 | INFO     | t=9712.5: WAGON[W0606] → Added to batch
09:49:12 | INFO     | t=9712.5: BATCH[W8634,W0606] → Formed 2 wagons for WS_01
09:49:12 | INFO     | t=9712.5: LOCO[LOCO_01] → Allocated for parking transport
09:49:12 | INFO     | t=9712.5: TRACK[retrofit] → Removed 2 wagons (52.8m freed)
09:49:12 | INFO     | t=9712.5: DISPATCHER → Task submitted: retrofit_to_workshop (pending=1)
09:49:12 | INFO     | t=9712.5: COLLECTION → Capacity reserved, allocating locomotive
09:49:12 | INFO     | t=9712.5: DISPATCHER → Task submitted: collection_to_retrofit (pending=2)
09:49:12 | INFO     | t=9717.5: LOCO[LOCO_01] → TRAIN_PREP at retrofitted (coupling + prep, 3.0 min)
09:49:12 | INFO     | t=9725.5: LOCO[LOCO_01] → DECOUPLING at parking9 (2.0 min)
09:49:12 | INFO     | t=9727.5: RAKE[W7175,W6803,W11959,W6231] → DECOUPLING at parking9 (3 couplings, 1.5 min)
09:49:12 | INFO     | t=9734.0: LOCO[LOCO_01] → Releasing
09:49:12 | INFO     | t=9734.0: LOCO[LOCO_01] → Released
09:49:12 | INFO     | t=9734.0: PARKING → Got wagon W7265 from retrofitted
09:49:12 | INFO     | t=9734.0: DISPATCHER → Assigned loco LOCO_01 to retrofit_to_workshop (waited 21.5 min, pending=1)
09:49:12 | INFO     | t=9734.0: RAKE[W8634,W0606] → COUPLING at retrofit (1 couplings, 2.0 min)
09:49:12 | INFO     | t=9734.0: WAGON[W10249] → Retrieved from retrofit queue
09:49:12 | INFO     | t=9734.0: WORKSHOP → No workshop available, waiting...
09:49:12 | INFO     | t=9734.0: LOCO → Allocating for parking transport
09:49:12 | INFO     | t=9734.0: DISPATCHER → Task submitted: retrofitted_to_parking (pending=2)
09:49:12 | INFO     | t=9741.0: LOCO[LOCO_01] → COUPLING at retrofit (2.0 min)
09:49:12 | INFO     | t=9743.0: LOCO[LOCO_01] → SHUNTING_PREP at retrofit (1.0 min)
09:49:12 | INFO     | t=9749.0: LOCO[LOCO_01] → DECOUPLING at WS_01 (3.0 min)
09:49:12 | INFO     | t=9750.5: RAKE[W8671,W7400] → COUPLING at WS_02 (1 couplings, 0.5 min)
09:49:12 | INFO     | t=9751.0: LOCO → Allocating for pickup from WS_02
09:49:12 | INFO     | t=9751.0: DISPATCHER → Task submitted: workshop_to_retrofitted (pending=3)
09:49:12 | INFO     | t=9752.0: RAKE[W8634,W0606] → DECOUPLING at WS_01 (1 couplings, 3.0 min)
09:49:12 | INFO     | t=9755.0: WAGON[W8634] → RETROFIT_STARTED at WS_01
09:49:12 | INFO     | t=9755.0: WAGON[W0606] → RETROFIT_STARTED at WS_01
09:49:12 | INFO     | t=9760.0: DISPATCHER → Hold override for collection_to_retrofit (waited 47.5 min >= max 30.0 min)
09:49:12 | INFO     | t=9760.0: DISPATCHER → Assigned loco LOCO_01 to collection_to_retrofit (waited 47.5 min, pending=2)
09:49:12 | INFO     | t=9771.0: LOCO[LOCO_02] → TRAIN_PREP at collection (coupling + prep, 5.0 min)
09:49:12 | INFO     | EVENT_PUBLISHED: TrainArrivedEvent | train=T129 | time=9800.2
09:49:12 | INFO     | EVENT_HANDLING: TrainArrivedEvent -> RetrofitWorkshopContext._handle_train_arrived
09:49:12 | INFO     | EVENT_HANDLED: TrainArrivedEvent by RetrofitWorkshopContext._handle_train_arrived
09:49:12 | INFO     | t=9815.0: RAKE[W8634,W0606] → COUPLING at WS_01 (1 couplings, 0.5 min)
09:49:12 | INFO     | t=9815.5: LOCO → Allocating for pickup from WS_01
09:49:12 | INFO     | t=9815.5: DISPATCHER → Task submitted: workshop_to_retrofitted (pending=3)
09:49:12 | INFO     | t=9820.0: LOCO[LOCO_01] → TRAIN_PREP at collection (coupling + prep, 3.0 min)
09:49:12 | INFO     | t=9836.0: LOCO[LOCO_02] → DECOUPLING at retrofit (6.0 min)
09:49:12 | INFO     | t=9842.0: RAKE[W12385,W11539] → DECOUPLING at retrofit (1 couplings, 3.0 min)
09:49:12 | INFO     | t=9850.0: DISPATCHER → Hold override for retrofitted_to_parking (waited 116.0 min >= max 45.0 min)
09:49:12 | INFO     | t=9850.0: DISPATCHER → Assigned loco LOCO_02 to workshop_to_retrofitted (waited 99.0 min, pending=2)
09:49:12 | INFO     | t=9850.0: DISPATCHER → Hold override for retrofitted_to_parking (waited 116.0 min >= max 45.0 min)
09:49:12 | INFO     | t=9850.0: Batch size limited by retrofit capacity: 2 wagons (30.5m) fits, 18 waiting
09:49:12 | INFO     | t=9850.0: LOCO[LOCO_02] → Allocated for pickup
09:49:12 | INFO     | t=9850.0: COLLECTION → Reserving retrofit track capacity for 2 wagons
09:49:12 | INFO     | t=9850.0: COLLECTION → Capacity reserved, allocating locomotive
09:49:12 | INFO     | t=9850.0: DISPATCHER → Task submitted: collection_to_retrofit (pending=3)
09:49:12 | INFO     | t=9857.0: LOCO[LOCO_02] → TRAIN_PREP completed at WS_02 (2.0 min)
09:49:12 | INFO     | t=9862.0: BATCH → Putting 2 wagons on retrofitted track retrofitted
09:49:12 | INFO     | t=9862.0: WAGON[W8671] → Added to retrofitted track retrofitted
09:49:12 | INFO     | t=9862.0: WAGON[W7400] → Added to retrofitted track retrofitted
09:49:12 | INFO     | t=9867.0: WORKSHOP[WS_02] → Released, notifying 1 waiting processes
09:49:12 | INFO     | t=9867.0: WORKSHOP → Workshop became available
09:49:12 | INFO     | t=9867.0: WORKSHOP[WS_02] → Selected for batch
09:49:12 | INFO     | t=9867.0: DISPATCHER → Hold override for retrofitted_to_parking (waited 133.0 min >= max 45.0 min)
09:49:12 | INFO     | t=9867.0: DISPATCHER → Assigned loco LOCO_02 to workshop_to_retrofitted (waited 51.5 min, pending=2)
09:49:12 | INFO     | t=9867.0: DISPATCHER → Hold override for retrofitted_to_parking (waited 133.0 min >= max 45.0 min)
09:49:12 | INFO     | t=9867.0: WAGON[W2112] → Added to batch
09:49:12 | INFO     | t=9867.0: BATCH[W10249,W2112] → Formed 2 wagons for WS_02
09:49:12 | INFO     | t=9867.0: LOCO[LOCO_02] → Allocated for pickup
09:49:12 | INFO     | t=9867.0: TRACK[retrofit] → Removed 2 wagons (39.1m freed)
09:49:12 | INFO     | t=9867.0: DISPATCHER → Task submitted: retrofit_to_workshop (pending=3)
09:49:12 | INFO     | t=9874.0: LOCO[LOCO_02] → TRAIN_PREP completed at WS_01 (2.0 min)
09:49:12 | INFO     | t=9879.0: BATCH → Putting 2 wagons on retrofitted track retrofitted
09:49:12 | INFO     | t=9879.0: WAGON[W8634] → Added to retrofitted track retrofitted
09:49:12 | INFO     | t=9879.0: WAGON[W0606] → Added to retrofitted track retrofitted
09:49:12 | INFO     | t=9883.0: LOCO[LOCO_01] → DECOUPLING at retrofit (3.0 min)
09:49:12 | INFO     | t=9884.0: WORKSHOP[WS_01] → Released, notifying 0 waiting processes
09:49:12 | INFO     | t=9884.0: DISPATCHER → Hold override for retrofitted_to_parking (waited 150.0 min >= max 45.0 min)
09:49:12 | INFO     | t=9884.0: DISPATCHER → Hold override for collection_to_retrofit (waited 34.0 min >= max 30.0 min)
09:49:12 | INFO     | t=9884.0: DISPATCHER → Assigned loco LOCO_02 to collection_to_retrofit (waited 34.0 min, pending=2)
09:49:12 | INFO     | t=9884.0: DISPATCHER → Hold override for retrofitted_to_parking (waited 150.0 min >= max 45.0 min)
09:49:12 | INFO     | t=9886.0: RAKE[W4478] → DECOUPLING at retrofit (0 couplings, 0.0 min)
09:49:12 | INFO     | t=9891.0: DISPATCHER → Hold override for retrofitted_to_parking (waited 157.0 min >= max 45.0 min)
09:49:12 | INFO     | t=9891.0: DISPATCHER → Assigned loco LOCO_01 to retrofit_to_workshop (waited 24.0 min, pending=1)
09:49:12 | INFO     | t=9891.0: DISPATCHER → Hold override for retrofitted_to_parking (waited 157.0 min >= max 45.0 min)
09:49:12 | INFO     | t=9891.0: Batch size limited by retrofit capacity: 2 wagons (30.4m) fits, 17 waiting
09:49:12 | INFO     | t=9891.0: RAKE[W10249,W2112] → COUPLING at retrofit (1 couplings, 2.0 min)
09:49:12 | INFO     | t=9891.0: COLLECTION → Reserving retrofit track capacity for 2 wagons
09:49:12 | INFO     | t=9891.0: WAGON[W2050] → Retrieved from retrofit queue
09:49:12 | INFO     | t=9891.0: WORKSHOP[WS_01] → Selected for batch
09:49:12 | INFO     | t=9891.0: COLLECTION → Capacity reserved, allocating locomotive
09:49:12 | INFO     | t=9891.0: DISPATCHER → Task submitted: collection_to_retrofit (pending=2)
09:49:12 | INFO     | t=9891.0: WAGON[W2386] → Added to batch
09:49:12 | INFO     | t=9891.0: BATCH[W2050,W2386] → Formed 2 wagons for WS_01
09:49:12 | INFO     | t=9891.0: TRACK[retrofit] → Removed 2 wagons (31.6m freed)
09:49:12 | INFO     | t=9891.0: DISPATCHER → Task submitted: retrofit_to_workshop (pending=3)
09:49:12 | INFO     | EVENT_PUBLISHED: TrainArrivedEvent | train=T130 | time=9896.5
09:49:12 | INFO     | EVENT_HANDLING: TrainArrivedEvent -> RetrofitWorkshopContext._handle_train_arrived
09:49:12 | INFO     | EVENT_HANDLED: TrainArrivedEvent by RetrofitWorkshopContext._handle_train_arrived
09:49:12 | INFO     | t=9898.0: LOCO[LOCO_01] → COUPLING at retrofit (2.0 min)
09:49:12 | INFO     | t=9900.0: LOCO[LOCO_01] → SHUNTING_PREP at retrofit (1.0 min)
09:49:12 | INFO     | t=9906.0: LOCO[LOCO_01] → DECOUPLING at WS_02 (3.0 min)
09:49:12 | INFO     | t=9909.0: RAKE[W10249,W2112] → DECOUPLING at WS_02 (1 couplings, 3.0 min)
09:49:12 | INFO     | t=9912.0: WAGON[W10249] → RETROFIT_STARTED at WS_02
09:49:12 | INFO     | t=9912.0: WAGON[W2112] → RETROFIT_STARTED at WS_02
09:49:12 | INFO     | t=9917.0: DISPATCHER → Hold override for retrofitted_to_parking (waited 183.0 min >= max 45.0 min)
09:49:12 | INFO     | t=9917.0: DISPATCHER → Assigned loco LOCO_01 to retrofit_to_workshop (waited 26.0 min, pending=2)
09:49:12 | INFO     | t=9917.0: DISPATCHER → Hold override for retrofitted_to_parking (waited 183.0 min >= max 45.0 min)
09:49:12 | INFO     | t=9917.0: RAKE[W2050,W2386] → COUPLING at retrofit (1 couplings, 2.0 min)
09:49:12 | INFO     | t=9917.0: WAGON[W10254] → Retrieved from retrofit queue
09:49:12 | INFO     | t=9917.0: WORKSHOP → No workshop available, waiting...
09:49:12 | INFO     | t=9924.0: LOCO[LOCO_01] → COUPLING at retrofit (2.0 min)
09:49:12 | INFO     | t=9926.0: LOCO[LOCO_01] → SHUNTING_PREP at retrofit (1.0 min)
09:49:12 | INFO     | t=9932.0: LOCO[LOCO_01] → DECOUPLING at WS_01 (3.0 min)
09:49:12 | INFO     | t=9935.0: RAKE[W2050,W2386] → DECOUPLING at WS_01 (1 couplings, 3.0 min)
09:49:12 | INFO     | t=9938.0: WAGON[W2050] → RETROFIT_STARTED at WS_01
09:49:12 | INFO     | t=9938.0: WAGON[W2386] → RETROFIT_STARTED at WS_01
09:49:12 | INFO     | t=9943.0: DISPATCHER → Hold override for retrofitted_to_parking (waited 209.0 min >= max 45.0 min)
09:49:12 | INFO     | t=9943.0: DISPATCHER → Hold override for collection_to_retrofit (waited 52.0 min >= max 30.0 min)
09:49:12 | INFO     | t=9943.0: DISPATCHER → Assigned loco LOCO_01 to collection_to_retrofit (waited 52.0 min, pending=1)
09:49:12 | INFO     | t=9943.0: DISPATCHER → Hold override for retrofitted_to_parking (waited 209.0 min >= max 45.0 min)
09:49:12 | INFO     | t=9944.0: LOCO[LOCO_02] → TRAIN_PREP at collection (coupling + prep, 5.0 min)
09:49:12 | INFO     | t=9972.0: RAKE[W10249,W2112] → COUPLING at WS_02 (1 couplings, 0.5 min)
09:49:12 | INFO     | t=9972.5: LOCO → Allocating for pickup from WS_02
09:49:12 | INFO     | t=9972.5: DISPATCHER → Task submitted: workshop_to_retrofitted (pending=2)
09:49:12 | INFO     | t=9998.0: RAKE[W2050,W2386] → COUPLING at WS_01 (1 couplings, 0.5 min)
09:49:12 | INFO     | t=9998.5: LOCO → Allocating for pickup from WS_01
09:49:12 | INFO     | t=9998.5: DISPATCHER → Task submitted: workshop_to_retrofitted (pending=3)
09:49:12 | INFO     | t=10003.0: LOCO[LOCO_01] → TRAIN_PREP at collection (coupling + prep, 5.0 min)
09:49:12 | INFO     | t=10009.0: LOCO[LOCO_02] → DECOUPLING at retrofit (6.0 min)
09:49:12 | INFO     | t=10015.0: RAKE[W4532,W0881] → DECOUPLING at retrofit (1 couplings, 3.0 min)
09:49:12 | INFO     | t=10023.0: DISPATCHER → Hold override for retrofitted_to_parking (waited 289.0 min >= max 45.0 min)
09:49:12 | INFO     | t=10023.0: DISPATCHER → Assigned loco LOCO_02 to retrofitted_to_parking (waited 289.0 min, pending=2)
09:49:12 | INFO     | t=10023.0: Batch size limited by retrofit capacity: 2 wagons (38.3m) fits, 17 waiting
09:49:12 | INFO     | t=10023.0: LOCO[LOCO_02] → Allocated for parking transport
09:49:12 | INFO     | t=10023.0: COLLECTION → Reserving retrofit track capacity for 2 wagons
09:49:12 | INFO     | t=10023.0: COLLECTION → Capacity reserved, allocating locomotive
09:49:12 | INFO     | t=10023.0: DISPATCHER → Task submitted: collection_to_retrofit (pending=3)
09:49:12 | INFO     | t=10028.0: LOCO[LOCO_02] → TRAIN_PREP at retrofitted (coupling + prep, 3.0 min)
09:49:12 | INFO     | EVENT_PUBLISHED: TrainArrivedEvent | train=T131 | time=10041.5
09:49:12 | INFO     | EVENT_HANDLING: TrainArrivedEvent -> RetrofitWorkshopContext._handle_train_arrived
09:49:12 | INFO     | EVENT_HANDLED: TrainArrivedEvent by RetrofitWorkshopContext._handle_train_arrived
09:49:12 | INFO     | EVENT_PUBLISHED: TrainArrivedEvent | train=T132 | time=10065.5
09:49:12 | INFO     | EVENT_HANDLING: TrainArrivedEvent -> RetrofitWorkshopContext._handle_train_arrived
09:49:12 | INFO     | EVENT_HANDLED: TrainArrivedEvent by RetrofitWorkshopContext._handle_train_arrived
09:49:12 | INFO     | t=10068.0: LOCO[LOCO_01] → DECOUPLING at retrofit (6.0 min)
09:49:12 | INFO     | EVENT_PUBLISHED: TrainArrivedEvent | train=T133 | time=10073.2
09:49:12 | INFO     | EVENT_HANDLING: TrainArrivedEvent -> RetrofitWorkshopContext._handle_train_arrived
09:49:12 | INFO     | EVENT_HANDLED: TrainArrivedEvent by RetrofitWorkshopContext._handle_train_arrived
09:49:12 | INFO     | t=10074.0: RAKE[W5845,W5248] → DECOUPLING at retrofit (1 couplings, 3.0 min)
09:49:12 | INFO     | t=10082.0: Batch size limited by retrofit capacity: 1 wagons (19.9m) fits, 18 waiting
09:49:12 | INFO     | t=10082.0: DISPATCHER → Hold override for collection_to_retrofit (waited 59.0 min >= max 30.0 min)
09:49:12 | INFO     | t=10082.0: DISPATCHER → Assigned loco LOCO_01 to collection_to_retrofit (waited 59.0 min, pending=2)
09:49:12 | INFO     | t=10082.0: COLLECTION → Reserving retrofit track capacity for 1 wagons
09:49:12 | INFO     | t=10091.0: LOCO[LOCO_02] → DECOUPLING at parking11 (2.0 min)
09:49:12 | INFO     | t=10093.0: RAKE[W7265,W11947,W9534,W7316] → DECOUPLING at parking11 (3 couplings, 1.5 min)
09:49:12 | INFO     | EVENT_PUBLISHED: TrainArrivedEvent | train=T134 | time=10112.0
09:49:12 | INFO     | EVENT_HANDLING: TrainArrivedEvent -> RetrofitWorkshopContext._handle_train_arrived
09:49:12 | INFO     | EVENT_HANDLED: TrainArrivedEvent by RetrofitWorkshopContext._handle_train_arrived
09:49:12 | INFO     | EVENT_PUBLISHED: TrainArrivedEvent | train=T135 | time=10122.8
09:49:12 | INFO     | EVENT_HANDLING: TrainArrivedEvent -> RetrofitWorkshopContext._handle_train_arrived
09:49:12 | INFO     | EVENT_HANDLED: TrainArrivedEvent by RetrofitWorkshopContext._handle_train_arrived
09:49:12 | INFO     | t=10142.0: LOCO[LOCO_01] → TRAIN_PREP at collection (coupling + prep, 5.0 min)
09:49:12 | INFO     | t=10154.5: LOCO[LOCO_02] → Releasing
09:49:12 | INFO     | t=10154.5: LOCO[LOCO_02] → Released
09:49:12 | INFO     | t=10154.5: PARKING → Got wagon W8671 from retrofitted
09:49:12 | INFO     | t=10154.5: DISPATCHER → Assigned loco LOCO_02 to workshop_to_retrofitted (waited 182.0 min, pending=1)
09:49:12 | INFO     | t=10154.5: LOCO[LOCO_02] → Allocated for pickup
09:49:12 | INFO     | t=10154.5: LOCO → Allocating for parking transport
09:49:12 | INFO     | t=10154.5: DISPATCHER → Task submitted: retrofitted_to_parking (pending=2)
09:49:12 | INFO     | t=10161.5: LOCO[LOCO_02] → TRAIN_PREP completed at WS_02 (2.0 min)
09:49:12 | INFO     | t=10166.5: BATCH → Putting 2 wagons on retrofitted track retrofitted
09:49:12 | INFO     | t=10166.5: WAGON[W10249] → Added to retrofitted track retrofitted
09:49:12 | INFO     | t=10166.5: WAGON[W2112] → Added to retrofitted track retrofitted
09:49:12 | INFO     | t=10171.5: WORKSHOP[WS_02] → Released, notifying 1 waiting processes
09:49:12 | INFO     | t=10171.5: WORKSHOP → Workshop became available
09:49:12 | INFO     | t=10171.5: WORKSHOP[WS_02] → Selected for batch
09:49:12 | INFO     | t=10171.5: DISPATCHER → Assigned loco LOCO_02 to workshop_to_retrofitted (waited 173.0 min, pending=1)
09:49:12 | INFO     | t=10171.5: WAGON[W12355] → Added to batch
09:49:12 | INFO     | t=10171.5: BATCH[W10254,W12355] → Formed 2 wagons for WS_02
09:49:12 | INFO     | t=10171.5: LOCO[LOCO_02] → Allocated for pickup
09:49:12 | INFO     | t=10171.5: TRACK[retrofit] → Removed 2 wagons (35.4m freed)
09:49:12 | INFO     | t=10171.5: DISPATCHER → Task submitted: retrofit_to_workshop (pending=2)
09:49:12 | INFO     | t=10171.5: COLLECTION → Capacity reserved, allocating locomotive
09:49:12 | INFO     | t=10171.5: DISPATCHER → Task submitted: collection_to_retrofit (pending=3)
09:49:12 | INFO     | t=10178.5: LOCO[LOCO_02] → TRAIN_PREP completed at WS_01 (2.0 min)
09:49:12 | INFO     | t=10183.5: BATCH → Putting 2 wagons on retrofitted track retrofitted
09:49:12 | INFO     | t=10183.5: WAGON[W2050] → Added to retrofitted track retrofitted
09:49:12 | INFO     | t=10183.5: WAGON[W2386] → Added to retrofitted track retrofitted
09:49:12 | INFO     | t=10188.5: WORKSHOP[WS_01] → Released, notifying 0 waiting processes
09:49:12 | INFO     | t=10188.5: DISPATCHER → Assigned loco LOCO_02 to retrofit_to_workshop (waited 17.0 min, pending=2)
09:49:12 | INFO     | t=10188.5: RAKE[W10254,W12355] → COUPLING at retrofit (1 couplings, 2.0 min)
09:49:12 | INFO     | t=10188.5: WAGON[W5282] → Retrieved from retrofit queue
09:49:12 | INFO     | t=10188.5: WORKSHOP[WS_01] → Selected for batch
09:49:12 | INFO     | t=10188.5: WAGON[W9440] → Added to batch
09:49:12 | INFO     | t=10188.5: BATCH[W5282,W9440] → Formed 2 wagons for WS_01
09:49:12 | INFO     | t=10188.5: TRACK[retrofit] → Removed 2 wagons (32.8m freed)
09:49:12 | INFO     | t=10188.5: DISPATCHER → Task submitted: retrofit_to_workshop (pending=3)
09:49:12 | INFO     | t=10195.5: LOCO[LOCO_02] → COUPLING at retrofit (2.0 min)
09:49:12 | INFO     | t=10197.5: LOCO[LOCO_02] → SHUNTING_PREP at retrofit (1.0 min)
09:49:12 | INFO     | t=10203.5: LOCO[LOCO_02] → DECOUPLING at WS_02 (3.0 min)
09:49:12 | INFO     | t=10206.5: RAKE[W10254,W12355] → DECOUPLING at WS_02 (1 couplings, 3.0 min)
09:49:12 | INFO     | t=10207.0: LOCO[LOCO_01] → DECOUPLING at retrofit (6.0 min)
09:49:12 | INFO     | t=10209.5: WAGON[W10254] → RETROFIT_STARTED at WS_02
09:49:12 | INFO     | t=10209.5: WAGON[W12355] → RETROFIT_STARTED at WS_02
09:49:12 | INFO     | t=10213.0: RAKE[W8570,W9355] → DECOUPLING at retrofit (1 couplings, 3.0 min)
09:49:12 | INFO     | t=10214.5: DISPATCHER → Hold override for retrofitted_to_parking (waited 60.0 min >= max 45.0 min)
09:49:12 | INFO     | t=10214.5: DISPATCHER → Hold override for collection_to_retrofit (waited 43.0 min >= max 30.0 min)
09:49:12 | INFO     | t=10214.5: DISPATCHER → Assigned loco LOCO_02 to collection_to_retrofit (waited 43.0 min, pending=2)
09:49:12 | INFO     | t=10214.5: DISPATCHER → Hold override for retrofitted_to_parking (waited 60.0 min >= max 45.0 min)
09:49:12 | INFO     | t=10221.0: DISPATCHER → Hold override for retrofitted_to_parking (waited 66.5 min >= max 45.0 min)
09:49:12 | INFO     | t=10221.0: DISPATCHER → Assigned loco LOCO_01 to retrofit_to_workshop (waited 32.5 min, pending=1)
09:49:12 | INFO     | t=10221.0: DISPATCHER → Hold override for retrofitted_to_parking (waited 66.5 min >= max 45.0 min)
09:49:12 | INFO     | t=10221.0: Batch size limited by retrofit capacity: 2 wagons (38.5m) fits, 18 waiting
09:49:12 | INFO     | t=10221.0: RAKE[W5282,W9440] → COUPLING at retrofit (1 couplings, 2.0 min)
09:49:12 | INFO     | t=10221.0: COLLECTION → Reserving retrofit track capacity for 2 wagons
09:49:12 | INFO     | t=10221.0: WAGON[W9940] → Retrieved from retrofit queue
09:49:12 | INFO     | t=10221.0: WORKSHOP → No workshop available, waiting...
09:49:12 | INFO     | t=10221.0: COLLECTION → Capacity reserved, allocating locomotive
09:49:12 | INFO     | t=10221.0: DISPATCHER → Task submitted: collection_to_retrofit (pending=2)
09:49:12 | INFO     | EVENT_PUBLISHED: TrainArrivedEvent | train=T136 | time=10227.8
09:49:12 | INFO     | EVENT_HANDLING: TrainArrivedEvent -> RetrofitWorkshopContext._handle_train_arrived
09:49:12 | INFO     | EVENT_HANDLED: TrainArrivedEvent by RetrofitWorkshopContext._handle_train_arrived
09:49:12 | INFO     | t=10228.0: LOCO[LOCO_01] → COUPLING at retrofit (2.0 min)
09:49:12 | INFO     | t=10230.0: LOCO[LOCO_01] → SHUNTING_PREP at retrofit (1.0 min)
09:49:12 | INFO     | t=10236.0: LOCO[LOCO_01] → DECOUPLING at WS_01 (3.0 min)
09:49:12 | INFO     | t=10239.0: RAKE[W5282,W9440] → DECOUPLING at WS_01 (1 couplings, 3.0 min)
09:49:12 | INFO     | t=10242.0: WAGON[W5282] → RETROFIT_STARTED at WS_01
09:49:12 | INFO     | t=10242.0: WAGON[W9440] → RETROFIT_STARTED at WS_01
09:49:12 | INFO     | t=10247.0: DISPATCHER → Hold override for retrofitted_to_parking (waited 92.5 min >= max 45.0 min)
09:49:12 | INFO     | t=10247.0: DISPATCHER → Assigned loco LOCO_01 to retrofitted_to_parking (waited 92.5 min, pending=1)
09:49:12 | INFO     | t=10247.0: LOCO[LOCO_01] → Allocated for parking transport
09:49:12 | INFO     | t=10252.0: DISPATCHER → Hold override for collection_to_retrofit (waited 31.0 min >= max 30.0 min)
09:49:12 | INFO     | t=10252.0: LOCO[LOCO_01] → TRAIN_PREP at retrofitted (coupling + prep, 3.0 min)
09:49:12 | INFO     | EVENT_PUBLISHED: TrainArrivedEvent | train=T137 | time=10253.0
09:49:12 | INFO     | EVENT_HANDLING: TrainArrivedEvent -> RetrofitWorkshopContext._handle_train_arrived
09:49:12 | INFO     | EVENT_HANDLED: TrainArrivedEvent by RetrofitWorkshopContext._handle_train_arrived
09:49:12 | INFO     | t=10260.0: LOCO[LOCO_01] → DECOUPLING at parking1 (2.0 min)
09:49:12 | INFO     | t=10262.0: RAKE[W8671,W7400,W8634,W0606] → DECOUPLING at parking1 (3 couplings, 1.5 min)
09:49:12 | INFO     | t=10268.5: LOCO[LOCO_01] → Releasing
09:49:12 | INFO     | t=10268.5: LOCO[LOCO_01] → Released
09:49:12 | INFO     | t=10268.5: PARKING → Got wagon W10249 from retrofitted
09:49:12 | INFO     | t=10268.5: DISPATCHER → Hold override for collection_to_retrofit (waited 47.5 min >= max 30.0 min)
09:49:12 | INFO     | t=10268.5: DISPATCHER → Assigned loco LOCO_01 to collection_to_retrofit (waited 47.5 min, pending=0)
09:49:12 | INFO     | t=10268.5: LOCO → Allocating for parking transport
09:49:12 | INFO     | t=10268.5: DISPATCHER → Task submitted: retrofitted_to_parking (pending=1)
09:49:12 | INFO     | t=10269.5: RAKE[W10254,W12355] → COUPLING at WS_02 (1 couplings, 0.5 min)
09:49:12 | INFO     | t=10270.0: LOCO → Allocating for pickup from WS_02
09:49:12 | INFO     | t=10270.0: DISPATCHER → Task submitted: workshop_to_retrofitted (pending=2)
09:49:12 | INFO     | t=10274.5: LOCO[LOCO_02] → TRAIN_PREP at collection (coupling + prep, 3.0 min)
09:49:12 | INFO     | t=10302.0: RAKE[W5282,W9440] → COUPLING at WS_01 (1 couplings, 0.5 min)
09:49:12 | INFO     | t=10302.5: LOCO → Allocating for pickup from WS_01
09:49:12 | INFO     | t=10302.5: DISPATCHER → Task submitted: workshop_to_retrofitted (pending=3)
09:49:12 | INFO     | t=10328.5: LOCO[LOCO_01] → TRAIN_PREP at collection (coupling + prep, 5.0 min)
09:49:12 | INFO     | t=10337.5: LOCO[LOCO_02] → DECOUPLING at retrofit (3.0 min)
09:49:12 | INFO     | t=10340.5: RAKE[W3562] → DECOUPLING at retrofit (0 couplings, 0.0 min)
09:49:12 | INFO     | t=10345.5: Batch size limited by retrofit capacity: 1 wagons (23.2m) fits, 18 waiting
09:49:12 | INFO     | t=10345.5: DISPATCHER → Hold override for retrofitted_to_parking (waited 77.0 min >= max 45.0 min)
09:49:12 | INFO     | t=10345.5: DISPATCHER → Assigned loco LOCO_02 to workshop_to_retrofitted (waited 75.5 min, pending=2)
09:49:12 | INFO     | t=10345.5: DISPATCHER → Hold override for retrofitted_to_parking (waited 77.0 min >= max 45.0 min)
09:49:12 | INFO     | t=10345.5: COLLECTION → Reserving retrofit track capacity for 1 wagons
09:49:12 | INFO     | t=10345.5: LOCO[LOCO_02] → Allocated for pickup
09:49:12 | INFO     | t=10352.5: LOCO[LOCO_02] → TRAIN_PREP completed at WS_02 (2.0 min)
09:49:12 | INFO     | t=10357.5: BATCH → Putting 2 wagons on retrofitted track retrofitted
09:49:12 | INFO     | t=10357.5: WAGON[W10254] → Added to retrofitted track retrofitted
09:49:12 | INFO     | t=10357.5: WAGON[W12355] → Added to retrofitted track retrofitted
09:49:12 | INFO     | t=10362.5: WORKSHOP[WS_02] → Released, notifying 1 waiting processes
09:49:12 | INFO     | t=10362.5: WORKSHOP → Workshop became available
09:49:12 | INFO     | t=10362.5: WORKSHOP[WS_02] → Selected for batch
09:49:12 | INFO     | t=10362.5: DISPATCHER → Hold override for retrofitted_to_parking (waited 94.0 min >= max 45.0 min)
09:49:12 | INFO     | t=10362.5: DISPATCHER → Assigned loco LOCO_02 to workshop_to_retrofitted (waited 60.0 min, pending=1)
09:49:12 | INFO     | t=10362.5: DISPATCHER → Hold override for retrofitted_to_parking (waited 94.0 min >= max 45.0 min)
09:49:12 | INFO     | t=10362.5: WAGON[W12057] → Added to batch
09:49:12 | INFO     | t=10362.5: BATCH[W9940,W12057] → Formed 2 wagons for WS_02
09:49:12 | INFO     | t=10362.5: LOCO[LOCO_02] → Allocated for pickup
09:49:12 | INFO     | t=10362.5: TRACK[retrofit] → Removed 2 wagons (40.2m freed)
09:49:12 | INFO     | t=10362.5: DISPATCHER → Task submitted: retrofit_to_workshop (pending=2)
09:49:12 | INFO     | t=10362.5: COLLECTION → Capacity reserved, allocating locomotive
09:49:12 | INFO     | t=10362.5: DISPATCHER → Task submitted: collection_to_retrofit (pending=3)
09:49:12 | INFO     | t=10369.5: LOCO[LOCO_02] → TRAIN_PREP completed at WS_01 (2.0 min)
09:49:12 | INFO     | t=10374.5: BATCH → Putting 2 wagons on retrofitted track retrofitted
09:49:12 | INFO     | t=10374.5: WAGON[W5282] → Added to retrofitted track retrofitted
09:49:12 | INFO     | t=10374.5: WAGON[W9440] → Added to retrofitted track retrofitted
09:49:12 | INFO     | t=10379.5: WORKSHOP[WS_01] → Released, notifying 0 waiting processes
09:49:12 | INFO     | t=10379.5: DISPATCHER → Hold override for retrofitted_to_parking (waited 111.0 min >= max 45.0 min)
09:49:12 | INFO     | t=10379.5: DISPATCHER → Assigned loco LOCO_02 to retrofit_to_workshop (waited 17.0 min, pending=2)
09:49:12 | INFO     | t=10379.5: DISPATCHER → Hold override for retrofitted_to_parking (waited 111.0 min >= max 45.0 min)
09:49:12 | INFO     | t=10379.5: RAKE[W9940,W12057] → COUPLING at retrofit (1 couplings, 2.0 min)
09:49:12 | INFO     | t=10379.5: WAGON[W2652] → Retrieved from retrofit queue
09:49:12 | INFO     | t=10379.5: WORKSHOP[WS_01] → Selected for batch
09:49:12 | INFO     | t=10379.5: WAGON[W8676] → Added to batch
09:49:12 | INFO     | t=10379.5: BATCH[W2652,W8676] → Formed 2 wagons for WS_01
09:49:12 | INFO     | t=10379.5: TRACK[retrofit] → Removed 2 wagons (42.3m freed)
09:49:12 | INFO     | t=10379.5: DISPATCHER → Task submitted: retrofit_to_workshop (pending=3)
09:49:12 | INFO     | t=10386.5: LOCO[LOCO_02] → COUPLING at retrofit (2.0 min)
09:49:12 | INFO     | t=10388.5: LOCO[LOCO_02] → SHUNTING_PREP at retrofit (1.0 min)
09:49:12 | INFO     | t=10393.5: LOCO[LOCO_01] → DECOUPLING at retrofit (6.0 min)
09:49:12 | INFO     | t=10394.5: LOCO[LOCO_02] → DECOUPLING at WS_02 (3.0 min)
09:49:12 | INFO     | t=10397.5: RAKE[W9940,W12057] → DECOUPLING at WS_02 (1 couplings, 3.0 min)
09:49:12 | INFO     | t=10399.5: RAKE[W11847,W2135] → DECOUPLING at retrofit (1 couplings, 3.0 min)
09:49:12 | INFO     | t=10400.5: WAGON[W9940] → RETROFIT_STARTED at WS_02
09:49:12 | INFO     | t=10400.5: WAGON[W12057] → RETROFIT_STARTED at WS_02
09:49:12 | INFO     | t=10405.5: DISPATCHER → Hold override for retrofitted_to_parking (waited 137.0 min >= max 45.0 min)
09:49:12 | INFO     | t=10405.5: DISPATCHER → Hold override for collection_to_retrofit (waited 43.0 min >= max 30.0 min)
09:49:12 | INFO     | t=10405.5: DISPATCHER → Assigned loco LOCO_02 to collection_to_retrofit (waited 43.0 min, pending=2)
09:49:12 | INFO     | t=10405.5: DISPATCHER → Hold override for retrofitted_to_parking (waited 137.0 min >= max 45.0 min)
09:49:12 | INFO     | t=10407.5: DISPATCHER → Hold override for retrofitted_to_parking (waited 139.0 min >= max 45.0 min)
09:49:12 | INFO     | t=10407.5: DISPATCHER → Assigned loco LOCO_01 to retrofit_to_workshop (waited 28.0 min, pending=1)
09:49:12 | INFO     | t=10407.5: DISPATCHER → Hold override for retrofitted_to_parking (waited 139.0 min >= max 45.0 min)
09:49:12 | INFO     | t=10407.5: RAKE[W2652,W8676] → COUPLING at retrofit (1 couplings, 2.0 min)
09:49:12 | INFO     | t=10407.5: Batch size limited by retrofit capacity: 3 wagons (58.3m) fits, 17 waiting
09:49:12 | INFO     | t=10407.5: WAGON[W12385] → Retrieved from retrofit queue
09:49:12 | INFO     | t=10407.5: WORKSHOP → No workshop available, waiting...
09:49:12 | INFO     | t=10407.5: COLLECTION → Reserving retrofit track capacity for 3 wagons
09:49:12 | INFO     | t=10407.5: COLLECTION → Capacity reserved, allocating locomotive
09:49:12 | INFO     | t=10407.5: DISPATCHER → Task submitted: collection_to_retrofit (pending=2)
09:49:12 | INFO     | t=10414.5: LOCO[LOCO_01] → COUPLING at retrofit (2.0 min)
09:49:12 | INFO     | t=10416.5: LOCO[LOCO_01] → SHUNTING_PREP at retrofit (1.0 min)
09:49:12 | INFO     | EVENT_PUBLISHED: TrainArrivedEvent | train=T138 | time=10420.2
09:49:12 | INFO     | EVENT_HANDLING: TrainArrivedEvent -> RetrofitWorkshopContext._handle_train_arrived
09:49:12 | INFO     | EVENT_HANDLED: TrainArrivedEvent by RetrofitWorkshopContext._handle_train_arrived
09:49:12 | INFO     | t=10422.5: LOCO[LOCO_01] → DECOUPLING at WS_01 (3.0 min)
09:49:12 | INFO     | EVENT_PUBLISHED: TrainArrivedEvent | train=T139 | time=10423.5
09:49:12 | INFO     | EVENT_HANDLING: TrainArrivedEvent -> RetrofitWorkshopContext._handle_train_arrived
09:49:12 | INFO     | EVENT_HANDLED: TrainArrivedEvent by RetrofitWorkshopContext._handle_train_arrived
09:49:12 | INFO     | t=10425.5: RAKE[W2652,W8676] → DECOUPLING at WS_01 (1 couplings, 3.0 min)
09:49:12 | INFO     | t=10428.5: WAGON[W2652] → RETROFIT_STARTED at WS_01
09:49:12 | INFO     | t=10428.5: WAGON[W8676] → RETROFIT_STARTED at WS_01
09:49:12 | INFO     | EVENT_PUBLISHED: TrainArrivedEvent | train=T140 | time=10430.2
09:49:12 | INFO     | EVENT_HANDLING: TrainArrivedEvent -> RetrofitWorkshopContext._handle_train_arrived
09:49:12 | INFO     | EVENT_HANDLED: TrainArrivedEvent by RetrofitWorkshopContext._handle_train_arrived
09:49:12 | INFO     | t=10433.5: DISPATCHER → Hold override for retrofitted_to_parking (waited 165.0 min >= max 45.0 min)
09:49:12 | INFO     | t=10433.5: DISPATCHER → Assigned loco LOCO_01 to retrofitted_to_parking (waited 165.0 min, pending=1)
09:49:12 | INFO     | t=10433.5: LOCO[LOCO_01] → Allocated for parking transport
09:49:12 | INFO     | t=10438.5: DISPATCHER → Hold override for collection_to_retrofit (waited 31.0 min >= max 30.0 min)
09:49:12 | INFO     | t=10438.5: LOCO[LOCO_01] → TRAIN_PREP at retrofitted (coupling + prep, 3.0 min)
09:49:12 | INFO     | t=10460.5: RAKE[W9940,W12057] → COUPLING at WS_02 (1 couplings, 0.5 min)
09:49:12 | INFO     | t=10461.0: LOCO → Allocating for pickup from WS_02
09:49:12 | INFO     | t=10461.0: DISPATCHER → Task submitted: workshop_to_retrofitted (pending=2)
09:49:12 | INFO     | t=10465.5: LOCO[LOCO_02] → TRAIN_PREP at collection (coupling + prep, 3.0 min)
09:49:12 | INFO     | t=10488.5: RAKE[W2652,W8676] → COUPLING at WS_01 (1 couplings, 0.5 min)
09:49:12 | INFO     | t=10489.0: LOCO → Allocating for pickup from WS_01
09:49:12 | INFO     | t=10489.0: DISPATCHER → Task submitted: workshop_to_retrofitted (pending=3)
09:49:12 | INFO     | EVENT_PUBLISHED: TrainArrivedEvent | train=T141 | time=10500.0
09:49:12 | INFO     | EVENT_HANDLING: TrainArrivedEvent -> RetrofitWorkshopContext._handle_train_arrived
09:49:12 | INFO     | EVENT_HANDLED: TrainArrivedEvent by RetrofitWorkshopContext._handle_train_arrived
09:49:12 | INFO     | t=10516.5: LOCO[LOCO_01] → DECOUPLING at parking13 (2.0 min)
09:49:12 | INFO     | t=10518.5: RAKE[W10249,W2112,W2050,W2386] → DECOUPLING at parking13 (3 couplings, 1.5 min)
09:49:12 | INFO     | t=10528.5: LOCO[LOCO_02] → DECOUPLING at retrofit (3.0 min)
09:49:12 | INFO     | t=10531.5: RAKE[W12195] → DECOUPLING at retrofit (0 couplings, 0.0 min)
09:49:12 | INFO     | t=10536.5: Batch size limited by retrofit capacity: 1 wagons (23.9m) fits, 19 waiting
09:49:12 | INFO     | t=10536.5: DISPATCHER → Hold override for collection_to_retrofit (waited 129.0 min >= max 30.0 min)
09:49:12 | INFO     | t=10536.5: DISPATCHER → Assigned loco LOCO_02 to collection_to_retrofit (waited 129.0 min, pending=2)
09:49:12 | INFO     | t=10536.5: COLLECTION → Reserving retrofit track capacity for 1 wagons
09:49:12 | INFO     | t=10580.0: LOCO[LOCO_01] → Releasing
09:49:12 | INFO     | t=10580.0: LOCO[LOCO_01] → Released
09:49:12 | INFO     | t=10580.0: PARKING → Got wagon W10254 from retrofitted
09:49:12 | INFO     | t=10580.0: DISPATCHER → Assigned loco LOCO_01 to workshop_to_retrofitted (waited 119.0 min, pending=1)
09:49:12 | INFO     | t=10580.0: LOCO[LOCO_01] → Allocated for pickup
09:49:12 | INFO     | t=10580.0: LOCO → Allocating for parking transport
09:49:12 | INFO     | t=10580.0: DISPATCHER → Task submitted: retrofitted_to_parking (pending=2)
09:49:12 | INFO     | t=10587.0: LOCO[LOCO_01] → TRAIN_PREP completed at WS_02 (2.0 min)
09:49:12 | INFO     | t=10592.0: BATCH → Putting 2 wagons on retrofitted track retrofitted
09:49:12 | INFO     | t=10592.0: WAGON[W9940] → Added to retrofitted track retrofitted
09:49:12 | INFO     | t=10592.0: WAGON[W12057] → Added to retrofitted track retrofitted
09:49:12 | INFO     | EVENT_PUBLISHED: TrainArrivedEvent | train=T142 | time=10593.5
09:49:12 | INFO     | EVENT_HANDLING: TrainArrivedEvent -> RetrofitWorkshopContext._handle_train_arrived
09:49:12 | INFO     | EVENT_HANDLED: TrainArrivedEvent by RetrofitWorkshopContext._handle_train_arrived
09:49:12 | INFO     | t=10596.5: LOCO[LOCO_02] → TRAIN_PREP at collection (coupling + prep, 7.0 min)
09:49:12 | INFO     | t=10597.0: WORKSHOP[WS_02] → Released, notifying 1 waiting processes
09:49:12 | INFO     | t=10597.0: WORKSHOP → Workshop became available
09:49:12 | INFO     | t=10597.0: WORKSHOP[WS_02] → Selected for batch
09:49:12 | INFO     | t=10597.0: DISPATCHER → Assigned loco LOCO_01 to workshop_to_retrofitted (waited 108.0 min, pending=1)
09:49:12 | INFO     | t=10597.0: WAGON[W11539] → Added to batch
09:49:12 | INFO     | t=10597.0: BATCH[W12385,W11539] → Formed 2 wagons for WS_02
09:49:12 | INFO     | t=10597.0: LOCO[LOCO_01] → Allocated for pickup
09:49:12 | INFO     | t=10597.0: TRACK[retrofit] → Removed 2 wagons (45.2m freed)
09:49:12 | INFO     | t=10597.0: DISPATCHER → Task submitted: retrofit_to_workshop (pending=2)
09:49:12 | INFO     | t=10597.0: COLLECTION → Capacity reserved, allocating locomotive
09:49:12 | INFO     | t=10597.0: DISPATCHER → Task submitted: collection_to_retrofit (pending=3)
09:49:12 | INFO     | t=10604.0: LOCO[LOCO_01] → TRAIN_PREP completed at WS_01 (2.0 min)
09:49:12 | INFO     | t=10609.0: BATCH → Putting 2 wagons on retrofitted track retrofitted
09:49:12 | INFO     | t=10609.0: WAGON[W2652] → Added to retrofitted track retrofitted
09:49:12 | INFO     | t=10609.0: WAGON[W8676] → Added to retrofitted track retrofitted
09:49:12 | INFO     | t=10614.0: WORKSHOP[WS_01] → Released, notifying 0 waiting processes
09:49:12 | INFO     | t=10614.0: DISPATCHER → Assigned loco LOCO_01 to retrofit_to_workshop (waited 17.0 min, pending=2)
09:49:12 | INFO     | t=10614.0: RAKE[W12385,W11539] → COUPLING at retrofit (1 couplings, 2.0 min)
09:49:12 | INFO     | t=10614.0: WAGON[W4478] → Retrieved from retrofit queue
09:49:12 | INFO     | t=10614.0: WORKSHOP[WS_01] → Selected for batch
09:49:12 | INFO     | t=10614.0: WAGON[W4532] → Added to batch
09:49:12 | INFO     | t=10614.0: BATCH[W4478,W4532] → Formed 2 wagons for WS_01
09:49:12 | INFO     | t=10614.0: TRACK[retrofit] → Removed 2 wagons (39.8m freed)
09:49:12 | INFO     | t=10614.0: DISPATCHER → Task submitted: retrofit_to_workshop (pending=3)
09:49:12 | INFO     | EVENT_PUBLISHED: TrainArrivedEvent | train=T143 | time=10616.5
09:49:12 | INFO     | EVENT_HANDLING: TrainArrivedEvent -> RetrofitWorkshopContext._handle_train_arrived
09:49:12 | INFO     | EVENT_HANDLED: TrainArrivedEvent by RetrofitWorkshopContext._handle_train_arrived
09:49:12 | INFO     | t=10621.0: LOCO[LOCO_01] → COUPLING at retrofit (2.0 min)
09:49:12 | INFO     | t=10623.0: LOCO[LOCO_01] → SHUNTING_PREP at retrofit (1.0 min)
09:49:12 | INFO     | t=10629.0: LOCO[LOCO_01] → DECOUPLING at WS_02 (3.0 min)
09:49:12 | INFO     | t=10632.0: RAKE[W12385,W11539] → DECOUPLING at WS_02 (1 couplings, 3.0 min)
09:49:12 | INFO     | t=10635.0: WAGON[W12385] → RETROFIT_STARTED at WS_02
09:49:12 | INFO     | t=10635.0: WAGON[W11539] → RETROFIT_STARTED at WS_02
09:49:12 | INFO     | t=10640.0: DISPATCHER → Hold override for retrofitted_to_parking (waited 60.0 min >= max 45.0 min)
09:49:12 | INFO     | t=10640.0: DISPATCHER → Hold override for collection_to_retrofit (waited 43.0 min >= max 30.0 min)
09:49:12 | INFO     | t=10640.0: DISPATCHER → Assigned loco LOCO_01 to collection_to_retrofit (waited 43.0 min, pending=2)
09:49:12 | INFO     | t=10640.0: DISPATCHER → Hold override for retrofitted_to_parking (waited 60.0 min >= max 45.0 min)
09:49:12 | INFO     | t=10663.5: LOCO[LOCO_02] → DECOUPLING at retrofit (9.0 min)
09:49:12 | INFO     | t=10672.5: RAKE[W0709,W6823,W6640] → DECOUPLING at retrofit (2 couplings, 6.0 min)
09:49:12 | INFO     | t=10683.5: DISPATCHER → Hold override for retrofitted_to_parking (waited 103.5 min >= max 45.0 min)
09:49:12 | INFO     | t=10683.5: DISPATCHER → Assigned loco LOCO_02 to retrofit_to_workshop (waited 69.5 min, pending=1)
09:49:12 | INFO     | t=10683.5: DISPATCHER → Hold override for retrofitted_to_parking (waited 103.5 min >= max 45.0 min)
09:49:12 | INFO     | t=10683.5: RAKE[W4478,W4532] → COUPLING at retrofit (1 couplings, 2.0 min)
09:49:12 | INFO     | t=10683.5: WAGON[W0881] → Retrieved from retrofit queue
09:49:12 | INFO     | t=10683.5: WORKSHOP → No workshop available, waiting...
09:49:12 | INFO     | t=10683.5: Batch size limited by retrofit capacity: 4 wagons (69.1m) fits, 15 waiting
09:49:12 | INFO     | t=10683.5: COLLECTION → Reserving retrofit track capacity for 4 wagons
09:49:12 | INFO     | t=10683.5: COLLECTION → Capacity reserved, allocating locomotive
09:49:12 | INFO     | t=10683.5: DISPATCHER → Task submitted: collection_to_retrofit (pending=2)
09:49:12 | INFO     | t=10690.5: LOCO[LOCO_02] → COUPLING at retrofit (2.0 min)
09:49:12 | INFO     | t=10692.5: LOCO[LOCO_02] → SHUNTING_PREP at retrofit (1.0 min)
09:49:12 | INFO     | t=10695.0: RAKE[W12385,W11539] → COUPLING at WS_02 (1 couplings, 0.5 min)
09:49:12 | INFO     | t=10695.5: LOCO → Allocating for pickup from WS_02
09:49:12 | INFO     | t=10695.5: DISPATCHER → Task submitted: workshop_to_retrofitted (pending=3)
09:49:12 | INFO     | t=10698.5: LOCO[LOCO_02] → DECOUPLING at WS_01 (3.0 min)
09:49:12 | INFO     | t=10700.0: LOCO[LOCO_01] → TRAIN_PREP at collection (coupling + prep, 3.0 min)
09:49:12 | INFO     | t=10701.5: RAKE[W4478,W4532] → DECOUPLING at WS_01 (1 couplings, 3.0 min)
09:49:12 | INFO     | t=10704.5: WAGON[W4478] → RETROFIT_STARTED at WS_01
09:49:12 | INFO     | t=10704.5: WAGON[W4532] → RETROFIT_STARTED at WS_01
09:49:12 | INFO     | t=10709.5: DISPATCHER → Hold override for retrofitted_to_parking (waited 129.5 min >= max 45.0 min)
09:49:12 | INFO     | t=10709.5: DISPATCHER → Assigned loco LOCO_02 to workshop_to_retrofitted (waited 14.0 min, pending=2)
09:49:12 | INFO     | t=10709.5: DISPATCHER → Hold override for retrofitted_to_parking (waited 129.5 min >= max 45.0 min)
09:49:12 | INFO     | t=10709.5: LOCO[LOCO_02] → Allocated for pickup
09:49:12 | INFO     | t=10716.5: LOCO[LOCO_02] → TRAIN_PREP completed at WS_02 (2.0 min)
09:49:12 | INFO     | t=10721.5: BATCH → Putting 2 wagons on retrofitted track retrofitted
09:49:12 | INFO     | t=10721.5: WAGON[W12385] → Added to retrofitted track retrofitted
09:49:12 | INFO     | t=10721.5: WAGON[W11539] → Added to retrofitted track retrofitted
09:49:12 | INFO     | t=10726.5: WORKSHOP[WS_02] → Released, notifying 1 waiting processes
09:49:12 | INFO     | t=10726.5: WORKSHOP → Workshop became available
09:49:12 | INFO     | t=10726.5: WORKSHOP[WS_02] → Selected for batch
09:49:12 | INFO     | t=10726.5: DISPATCHER → Hold override for retrofitted_to_parking (waited 146.5 min >= max 45.0 min)
09:49:12 | INFO     | t=10726.5: DISPATCHER → Hold override for collection_to_retrofit (waited 43.0 min >= max 30.0 min)
09:49:12 | INFO     | t=10726.5: DISPATCHER → Assigned loco LOCO_02 to collection_to_retrofit (waited 43.0 min, pending=1)
09:49:12 | INFO     | t=10726.5: DISPATCHER → Hold override for retrofitted_to_parking (waited 146.5 min >= max 45.0 min)
09:49:12 | INFO     | t=10726.5: WAGON[W5845] → Added to batch
09:49:12 | INFO     | t=10726.5: BATCH[W0881,W5845] → Formed 2 wagons for WS_02
09:49:12 | INFO     | t=10726.5: TRACK[retrofit] → Removed 2 wagons (24.6m freed)
09:49:12 | INFO     | t=10726.5: DISPATCHER → Task submitted: retrofit_to_workshop (pending=2)
09:49:12 | INFO     | t=10763.0: LOCO[LOCO_01] → DECOUPLING at retrofit (3.0 min)
09:49:12 | INFO     | t=10764.5: RAKE[W4478,W4532] → COUPLING at WS_01 (1 couplings, 0.5 min)
09:49:12 | INFO     | t=10765.0: LOCO → Allocating for pickup from WS_01
09:49:12 | INFO     | t=10765.0: DISPATCHER → Task submitted: workshop_to_retrofitted (pending=3)
09:49:12 | INFO     | t=10766.0: RAKE[W8578] → DECOUPLING at retrofit (0 couplings, 0.0 min)
09:49:12 | INFO     | t=10771.0: Batch size limited by retrofit capacity: 1 wagons (27.0m) fits, 19 waiting
09:49:12 | INFO     | t=10771.0: DISPATCHER → Hold override for retrofitted_to_parking (waited 191.0 min >= max 45.0 min)
09:49:12 | INFO     | t=10771.0: DISPATCHER → Assigned loco LOCO_01 to retrofit_to_workshop (waited 44.5 min, pending=2)
09:49:12 | INFO     | t=10771.0: DISPATCHER → Hold override for retrofitted_to_parking (waited 191.0 min >= max 45.0 min)
09:49:12 | INFO     | t=10771.0: COLLECTION → Reserving retrofit track capacity for 1 wagons
09:49:12 | INFO     | t=10771.0: RAKE[W0881,W5845] → COUPLING at retrofit (1 couplings, 2.0 min)
09:49:12 | INFO     | t=10771.0: COLLECTION → Capacity reserved, allocating locomotive
09:49:12 | INFO     | t=10771.0: DISPATCHER → Task submitted: collection_to_retrofit (pending=3)
09:49:12 | INFO     | t=10771.0: WAGON[W5248] → Retrieved from retrofit queue
09:49:12 | INFO     | t=10771.0: WORKSHOP → No workshop available, waiting...
09:49:12 | INFO     | t=10778.0: LOCO[LOCO_01] → COUPLING at retrofit (2.0 min)
09:49:12 | INFO     | t=10780.0: LOCO[LOCO_01] → SHUNTING_PREP at retrofit (1.0 min)
09:49:12 | INFO     | t=10786.0: LOCO[LOCO_01] → DECOUPLING at WS_02 (3.0 min)
09:49:12 | INFO     | t=10786.5: LOCO[LOCO_02] → TRAIN_PREP at collection (coupling + prep, 9.0 min)
09:49:12 | INFO     | EVENT_PUBLISHED: TrainArrivedEvent | train=T144 | time=10788.0
09:49:12 | INFO     | EVENT_HANDLING: TrainArrivedEvent -> RetrofitWorkshopContext._handle_train_arrived
09:49:12 | INFO     | EVENT_HANDLED: TrainArrivedEvent by RetrofitWorkshopContext._handle_train_arrived
09:49:12 | INFO     | t=10789.0: RAKE[W0881,W5845] → DECOUPLING at WS_02 (1 couplings, 3.0 min)
09:49:12 | INFO     | t=10792.0: WAGON[W0881] → RETROFIT_STARTED at WS_02
09:49:12 | INFO     | t=10792.0: WAGON[W5845] → RETROFIT_STARTED at WS_02
09:49:12 | INFO     | EVENT_PUBLISHED: TrainArrivedEvent | train=T145 | time=10793.2
09:49:12 | INFO     | EVENT_HANDLING: TrainArrivedEvent -> RetrofitWorkshopContext._handle_train_arrived
09:49:12 | INFO     | EVENT_HANDLED: TrainArrivedEvent by RetrofitWorkshopContext._handle_train_arrived
09:49:12 | INFO     | EVENT_PUBLISHED: TrainArrivedEvent | train=T146 | time=10795.0
09:49:12 | INFO     | EVENT_HANDLING: TrainArrivedEvent -> RetrofitWorkshopContext._handle_train_arrived
09:49:12 | INFO     | EVENT_HANDLED: TrainArrivedEvent by RetrofitWorkshopContext._handle_train_arrived
09:49:12 | INFO     | EVENT_PUBLISHED: TrainArrivedEvent | train=T147 | time=10796.8
09:49:12 | INFO     | EVENT_HANDLING: TrainArrivedEvent -> RetrofitWorkshopContext._handle_train_arrived
09:49:12 | INFO     | EVENT_HANDLED: TrainArrivedEvent by RetrofitWorkshopContext._handle_train_arrived
09:49:12 | INFO     | t=10797.0: DISPATCHER → Hold override for retrofitted_to_parking (waited 217.0 min >= max 45.0 min)
09:49:12 | INFO     | t=10797.0: DISPATCHER → Assigned loco LOCO_01 to retrofitted_to_parking (waited 217.0 min, pending=2)
09:49:12 | INFO     | t=10797.0: LOCO[LOCO_01] → Allocated for parking transport
09:49:12 | INFO     | t=10802.0: LOCO[LOCO_01] → TRAIN_PREP at retrofitted (coupling + prep, 3.0 min)
09:49:12 | INFO     | EVENT_PUBLISHED: TrainArrivedEvent | train=T148 | time=10842.8
09:49:12 | INFO     | EVENT_HANDLING: TrainArrivedEvent -> RetrofitWorkshopContext._handle_train_arrived
09:49:12 | INFO     | EVENT_HANDLED: TrainArrivedEvent by RetrofitWorkshopContext._handle_train_arrived
09:49:12 | INFO     | t=10852.0: RAKE[W0881,W5845] → COUPLING at WS_02 (1 couplings, 0.5 min)
09:49:12 | INFO     | t=10852.5: LOCO → Allocating for pickup from WS_02
09:49:12 | INFO     | t=10852.5: DISPATCHER → Task submitted: workshop_to_retrofitted (pending=3)
09:49:12 | INFO     | t=10855.5: LOCO[LOCO_02] → DECOUPLING at retrofit (12.0 min)
09:49:12 | INFO     | EVENT_PUBLISHED: TrainArrivedEvent | train=T149 | time=10860.2
09:49:12 | INFO     | EVENT_HANDLING: TrainArrivedEvent -> RetrofitWorkshopContext._handle_train_arrived
09:49:12 | INFO     | EVENT_HANDLED: TrainArrivedEvent by RetrofitWorkshopContext._handle_train_arrived
09:49:12 | INFO     | t=10867.5: RAKE[W6704,W0167,W0002,W10772] → DECOUPLING at retrofit (3 couplings, 9.0 min)
09:49:12 | INFO     | t=10881.5: Batch size limited by retrofit capacity: 1 wagons (16.4m) fits, 18 waiting
09:49:12 | INFO     | t=10881.5: DISPATCHER → Hold override for collection_to_retrofit (waited 110.5 min >= max 30.0 min)
09:49:12 | INFO     | t=10881.5: DISPATCHER → Assigned loco LOCO_02 to collection_to_retrofit (waited 110.5 min, pending=2)
09:49:12 | INFO     | t=10881.5: COLLECTION → Reserving retrofit track capacity for 1 wagons
09:49:12 | INFO     | t=10925.0: LOCO[LOCO_01] → DECOUPLING at parking16 (2.0 min)
09:49:12 | INFO     | t=10927.0: RAKE[W10254,W12355,W5282,W9440] → DECOUPLING at parking16 (3 couplings, 1.5 min)
09:49:12 | INFO     | t=10941.5: LOCO[LOCO_02] → TRAIN_PREP at collection (coupling + prep, 3.0 min)
09:49:12 | INFO     | EVENT_PUBLISHED: TrainArrivedEvent | train=T150 | time=10947.8
09:49:12 | INFO     | EVENT_HANDLING: TrainArrivedEvent -> RetrofitWorkshopContext._handle_train_arrived
09:49:12 | INFO     | EVENT_HANDLED: TrainArrivedEvent by RetrofitWorkshopContext._handle_train_arrived
09:49:12 | INFO     | EVENT_PUBLISHED: TrainArrivedEvent | train=T151 | time=10973.8
09:49:12 | INFO     | EVENT_HANDLING: TrainArrivedEvent -> RetrofitWorkshopContext._handle_train_arrived
09:49:12 | INFO     | EVENT_HANDLED: TrainArrivedEvent by RetrofitWorkshopContext._handle_train_arrived
09:49:12 | INFO     | t=10988.5: LOCO[LOCO_01] → Releasing
09:49:12 | INFO     | t=10988.5: LOCO[LOCO_01] → Released
09:49:12 | INFO     | t=10988.5: PARKING → Got wagon W9940 from retrofitted
09:49:12 | INFO     | t=10988.5: DISPATCHER → Assigned loco LOCO_01 to workshop_to_retrofitted (waited 223.5 min, pending=1)
09:49:12 | INFO     | t=10988.5: LOCO[LOCO_01] → Allocated for pickup
09:49:12 | INFO     | t=10988.5: LOCO → Allocating for parking transport
09:49:12 | INFO     | t=10988.5: DISPATCHER → Task submitted: retrofitted_to_parking (pending=2)
09:49:12 | INFO     | t=10995.5: LOCO[LOCO_01] → TRAIN_PREP completed at WS_01 (2.0 min)
09:49:12 | INFO     | t=11000.5: BATCH → Putting 2 wagons on retrofitted track retrofitted
09:49:12 | INFO     | t=11000.5: WAGON[W4478] → Added to retrofitted track retrofitted
09:49:12 | INFO     | t=11000.5: WAGON[W4532] → Added to retrofitted track retrofitted
09:49:12 | INFO     | t=11004.5: LOCO[LOCO_02] → DECOUPLING at retrofit (3.0 min)
09:49:12 | INFO     | t=11005.5: WORKSHOP[WS_01] → Released, notifying 1 waiting processes
09:49:12 | INFO     | t=11005.5: WORKSHOP → Workshop became available
09:49:12 | INFO     | t=11005.5: WORKSHOP[WS_01] → Selected for batch
09:49:12 | INFO     | t=11005.5: DISPATCHER → Assigned loco LOCO_01 to workshop_to_retrofitted (waited 153.0 min, pending=1)
09:49:12 | INFO     | t=11005.5: WAGON[W8570] → Added to batch
09:49:12 | INFO     | t=11005.5: BATCH[W5248,W8570] → Formed 2 wagons for WS_01
09:49:12 | INFO     | t=11005.5: LOCO[LOCO_01] → Allocated for pickup
09:49:12 | INFO     | t=11005.5: TRACK[retrofit] → Removed 2 wagons (40.3m freed)
09:49:12 | INFO     | t=11005.5: DISPATCHER → Task submitted: retrofit_to_workshop (pending=2)
09:49:12 | INFO     | t=11005.5: COLLECTION → Capacity reserved, allocating locomotive
09:49:12 | INFO     | t=11005.5: DISPATCHER → Task submitted: collection_to_retrofit (pending=3)
09:49:12 | INFO     | t=11007.5: RAKE[W0948] → DECOUPLING at retrofit (0 couplings, 0.0 min)
09:49:12 | INFO     | t=11012.5: LOCO[LOCO_01] → TRAIN_PREP completed at WS_02 (2.0 min)
09:49:12 | INFO     | t=11012.5: Batch size limited by retrofit capacity: 1 wagons (15.8m) fits, 20 waiting
09:49:12 | INFO     | t=11012.5: DISPATCHER → Assigned loco LOCO_02 to retrofit_to_workshop (waited 7.0 min, pending=2)
09:49:12 | INFO     | t=11012.5: COLLECTION → Reserving retrofit track capacity for 1 wagons
09:49:12 | INFO     | t=11012.5: RAKE[W5248,W8570] → COUPLING at retrofit (1 couplings, 2.0 min)
09:49:12 | INFO     | t=11012.5: COLLECTION → Capacity reserved, allocating locomotive
09:49:12 | INFO     | t=11012.5: DISPATCHER → Task submitted: collection_to_retrofit (pending=3)
09:49:12 | INFO     | t=11012.5: WAGON[W9355] → Retrieved from retrofit queue
09:49:12 | INFO     | t=11012.5: WORKSHOP → No workshop available, waiting...
09:49:12 | INFO     | t=11017.5: BATCH → Putting 2 wagons on retrofitted track retrofitted
09:49:12 | INFO     | t=11017.5: WAGON[W0881] → Added to retrofitted track retrofitted
09:49:12 | INFO     | t=11017.5: WAGON[W5845] → Added to retrofitted track retrofitted
09:49:12 | INFO     | t=11019.5: LOCO[LOCO_02] → COUPLING at retrofit (2.0 min)
09:49:12 | INFO     | t=11021.5: LOCO[LOCO_02] → SHUNTING_PREP at retrofit (1.0 min)
09:49:12 | INFO     | t=11022.5: WORKSHOP[WS_02] → Released, notifying 1 waiting processes
09:49:12 | INFO     | t=11022.5: WORKSHOP → Workshop became available
09:49:12 | INFO     | t=11022.5: WORKSHOP[WS_02] → Selected for batch
09:49:12 | INFO     | t=11022.5: DISPATCHER → Assigned loco LOCO_01 to retrofitted_to_parking (waited 34.0 min, pending=2)
09:49:12 | INFO     | t=11022.5: WAGON[W3562] → Added to batch
09:49:12 | INFO     | t=11022.5: BATCH[W9355,W3562] → Formed 2 wagons for WS_02
09:49:12 | INFO     | t=11022.5: LOCO[LOCO_01] → Allocated for parking transport
09:49:12 | INFO     | t=11022.5: TRACK[retrofit] → Removed 2 wagons (34.3m freed)
09:49:12 | INFO     | t=11022.5: DISPATCHER → Task submitted: retrofit_to_workshop (pending=3)
09:49:12 | INFO     | t=11027.5: LOCO[LOCO_02] → DECOUPLING at WS_01 (3.0 min)
09:49:12 | INFO     | t=11027.5: LOCO[LOCO_01] → TRAIN_PREP at retrofitted (coupling + prep, 4.0 min)
09:49:12 | INFO     | t=11030.5: RAKE[W5248,W8570] → DECOUPLING at WS_01 (1 couplings, 3.0 min)
09:49:12 | INFO     | t=11033.5: WAGON[W5248] → RETROFIT_STARTED at WS_01
09:49:12 | INFO     | t=11033.5: WAGON[W8570] → RETROFIT_STARTED at WS_01
09:49:12 | INFO     | t=11038.5: DISPATCHER → Hold override for collection_to_retrofit (waited 33.0 min >= max 30.0 min)
09:49:12 | INFO     | t=11038.5: DISPATCHER → Assigned loco LOCO_02 to collection_to_retrofit (waited 33.0 min, pending=2)
09:49:12 | INFO     | t=11093.5: RAKE[W5248,W8570] → COUPLING at WS_01 (1 couplings, 0.5 min)
09:49:12 | INFO     | t=11094.0: LOCO → Allocating for pickup from WS_01
09:49:12 | INFO     | t=11094.0: DISPATCHER → Task submitted: workshop_to_retrofitted (pending=3)
09:49:12 | INFO     | t=11098.5: LOCO[LOCO_02] → TRAIN_PREP at collection (coupling + prep, 3.0 min)
09:49:12 | INFO     | t=11106.5: LOCO[LOCO_01] → DECOUPLING at parking14 (3.0 min)
09:49:12 | INFO     | t=11109.5: RAKE[W9940,W12057,W2652,W8676,W12385,W11539] → DECOUPLING at parking14 (5 couplings, 2.5 min)
09:49:12 | INFO     | t=11161.5: LOCO[LOCO_02] → DECOUPLING at retrofit (3.0 min)
09:49:12 | INFO     | t=11164.5: RAKE[W5316] → DECOUPLING at retrofit (0 couplings, 0.0 min)
09:49:12 | INFO     | t=11169.5: DISPATCHER → Hold override for collection_to_retrofit (waited 157.0 min >= max 30.0 min)
09:49:12 | INFO     | t=11169.5: DISPATCHER → Assigned loco LOCO_02 to collection_to_retrofit (waited 157.0 min, pending=2)
09:49:12 | INFO     | t=11169.5: Batch size limited by retrofit capacity: 2 wagons (35.4m) fits, 17 waiting
09:49:12 | INFO     | t=11169.5: COLLECTION → Reserving retrofit track capacity for 2 wagons
09:49:12 | INFO     | t=11169.5: COLLECTION → Capacity reserved, allocating locomotive
09:49:12 | INFO     | t=11169.5: DISPATCHER → Task submitted: collection_to_retrofit (pending=3)
09:49:12 | INFO     | t=11172.0: LOCO[LOCO_01] → Releasing
09:49:12 | INFO     | t=11172.0: LOCO[LOCO_01] → Released
09:49:12 | INFO     | t=11172.0: PARKING → Got wagon W4478 from retrofitted
09:49:12 | INFO     | t=11172.0: DISPATCHER → Assigned loco LOCO_01 to retrofit_to_workshop (waited 149.5 min, pending=2)
09:49:12 | INFO     | t=11172.0: RAKE[W9355,W3562] → COUPLING at retrofit (1 couplings, 2.0 min)
09:49:12 | INFO     | t=11172.0: WAGON[W11847] → Retrieved from retrofit queue
09:49:12 | INFO     | t=11172.0: WORKSHOP → No workshop available, waiting...
09:49:12 | INFO     | t=11172.0: LOCO → Allocating for parking transport
09:49:12 | INFO     | t=11172.0: DISPATCHER → Task submitted: retrofitted_to_parking (pending=3)
09:49:12 | INFO     | t=11179.0: LOCO[LOCO_01] → COUPLING at retrofit (2.0 min)
09:49:12 | INFO     | t=11181.0: LOCO[LOCO_01] → SHUNTING_PREP at retrofit (1.0 min)
09:49:12 | INFO     | t=11187.0: LOCO[LOCO_01] → DECOUPLING at WS_02 (3.0 min)
09:49:12 | INFO     | t=11190.0: RAKE[W9355,W3562] → DECOUPLING at WS_02 (1 couplings, 3.0 min)
09:49:12 | INFO     | t=11193.0: WAGON[W9355] → RETROFIT_STARTED at WS_02
09:49:12 | INFO     | t=11193.0: WAGON[W3562] → RETROFIT_STARTED at WS_02
09:49:12 | INFO     | t=11198.0: DISPATCHER → Assigned loco LOCO_01 to workshop_to_retrofitted (waited 104.0 min, pending=2)
09:49:12 | INFO     | t=11198.0: LOCO[LOCO_01] → Allocated for pickup
09:49:12 | INFO     | t=11205.0: LOCO[LOCO_01] → TRAIN_PREP completed at WS_01 (2.0 min)
09:49:12 | INFO     | t=11210.0: BATCH → Putting 2 wagons on retrofitted track retrofitted
09:49:12 | INFO     | t=11210.0: WAGON[W5248] → Added to retrofitted track retrofitted
09:49:12 | INFO     | t=11210.0: WAGON[W8570] → Added to retrofitted track retrofitted
09:49:12 | INFO     | t=11215.0: WORKSHOP[WS_01] → Released, notifying 1 waiting processes
09:49:12 | INFO     | t=11215.0: WORKSHOP → Workshop became available
09:49:12 | INFO     | t=11215.0: WORKSHOP[WS_01] → Selected for batch
09:49:12 | INFO     | t=11215.0: DISPATCHER → Hold override for collection_to_retrofit (waited 45.5 min >= max 30.0 min)
09:49:12 | INFO     | t=11215.0: DISPATCHER → Assigned loco LOCO_01 to collection_to_retrofit (waited 45.5 min, pending=1)
09:49:12 | INFO     | t=11215.0: WAGON[W2135] → Added to batch
09:49:12 | INFO     | t=11215.0: BATCH[W11847,W2135] → Formed 2 wagons for WS_01
09:49:12 | INFO     | t=11215.0: TRACK[retrofit] → Removed 2 wagons (38.5m freed)
09:49:12 | INFO     | t=11215.0: DISPATCHER → Task submitted: retrofit_to_workshop (pending=2)
09:49:12 | INFO     | t=11229.5: LOCO[LOCO_02] → TRAIN_PREP at collection (coupling + prep, 3.0 min)
09:49:12 | INFO     | EVENT_PUBLISHED: TrainArrivedEvent | train=T152 | time=11231.5
09:49:12 | INFO     | EVENT_HANDLING: TrainArrivedEvent -> RetrofitWorkshopContext._handle_train_arrived
09:49:12 | INFO     | EVENT_HANDLED: TrainArrivedEvent by RetrofitWorkshopContext._handle_train_arrived
09:49:12 | INFO     | t=11253.0: RAKE[W9355,W3562] → COUPLING at WS_02 (1 couplings, 0.5 min)
09:49:12 | INFO     | t=11253.5: LOCO → Allocating for pickup from WS_02
09:49:12 | INFO     | t=11253.5: DISPATCHER → Task submitted: workshop_to_retrofitted (pending=3)
09:49:12 | INFO     | t=11275.0: LOCO[LOCO_01] → TRAIN_PREP at collection (coupling + prep, 5.0 min)
09:49:12 | INFO     | t=11292.5: LOCO[LOCO_02] → DECOUPLING at retrofit (3.0 min)
09:49:12 | INFO     | t=11295.5: RAKE[W9358] → DECOUPLING at retrofit (0 couplings, 0.0 min)
09:49:12 | INFO     | t=11300.5: Batch size limited by retrofit capacity: 1 wagons (28.5m) fits, 20 waiting
09:49:12 | INFO     | t=11300.5: DISPATCHER → Hold override for retrofitted_to_parking (waited 128.5 min >= max 45.0 min)
09:49:12 | INFO     | t=11300.5: DISPATCHER → Assigned loco LOCO_02 to retrofit_to_workshop (waited 85.5 min, pending=2)
09:49:12 | INFO     | t=11300.5: DISPATCHER → Hold override for retrofitted_to_parking (waited 128.5 min >= max 45.0 min)
09:49:12 | INFO     | t=11300.5: COLLECTION → Reserving retrofit track capacity for 1 wagons
09:49:12 | INFO     | t=11300.5: RAKE[W11847,W2135] → COUPLING at retrofit (1 couplings, 2.0 min)
09:49:12 | INFO     | t=11300.5: COLLECTION → Capacity reserved, allocating locomotive
09:49:12 | INFO     | t=11300.5: DISPATCHER → Task submitted: collection_to_retrofit (pending=3)
09:49:12 | INFO     | t=11300.5: WAGON[W12195] → Retrieved from retrofit queue
09:49:12 | INFO     | t=11300.5: WORKSHOP → No workshop available, waiting...
09:49:12 | INFO     | t=11307.5: LOCO[LOCO_02] → COUPLING at retrofit (2.0 min)
09:49:12 | INFO     | t=11309.5: LOCO[LOCO_02] → SHUNTING_PREP at retrofit (1.0 min)
09:49:12 | INFO     | t=11315.5: LOCO[LOCO_02] → DECOUPLING at WS_01 (3.0 min)
09:49:12 | INFO     | t=11318.5: RAKE[W11847,W2135] → DECOUPLING at WS_01 (1 couplings, 3.0 min)
09:49:12 | INFO     | t=11321.5: WAGON[W11847] → RETROFIT_STARTED at WS_01
09:49:12 | INFO     | t=11321.5: WAGON[W2135] → RETROFIT_STARTED at WS_01
09:49:12 | INFO     | t=11326.5: DISPATCHER → Hold override for retrofitted_to_parking (waited 154.5 min >= max 45.0 min)
09:49:12 | INFO     | t=11326.5: DISPATCHER → Assigned loco LOCO_02 to workshop_to_retrofitted (waited 73.0 min, pending=2)
09:49:12 | INFO     | t=11326.5: DISPATCHER → Hold override for retrofitted_to_parking (waited 154.5 min >= max 45.0 min)
09:49:12 | INFO     | t=11326.5: LOCO[LOCO_02] → Allocated for pickup
09:49:12 | INFO     | t=11333.5: LOCO[LOCO_02] → TRAIN_PREP completed at WS_02 (2.0 min)
09:49:12 | INFO     | t=11338.5: BATCH → Putting 2 wagons on retrofitted track retrofitted
09:49:12 | INFO     | t=11338.5: WAGON[W9355] → Added to retrofitted track retrofitted
09:49:12 | INFO     | t=11338.5: WAGON[W3562] → Added to retrofitted track retrofitted
09:49:12 | INFO     | t=11340.0: LOCO[LOCO_01] → DECOUPLING at retrofit (6.0 min)
09:49:12 | INFO     | t=11343.5: WORKSHOP[WS_02] → Released, notifying 1 waiting processes
09:49:12 | INFO     | t=11343.5: WORKSHOP → Workshop became available
09:49:12 | INFO     | t=11343.5: WORKSHOP[WS_02] → Selected for batch
09:49:12 | INFO     | t=11343.5: DISPATCHER → Hold override for retrofitted_to_parking (waited 171.5 min >= max 45.0 min)
09:49:12 | INFO     | t=11343.5: DISPATCHER → Hold override for collection_to_retrofit (waited 43.0 min >= max 30.0 min)
09:49:12 | INFO     | t=11343.5: DISPATCHER → Assigned loco LOCO_02 to collection_to_retrofit (waited 43.0 min, pending=1)
09:49:12 | INFO     | t=11343.5: DISPATCHER → Hold override for retrofitted_to_parking (waited 171.5 min >= max 45.0 min)
09:49:12 | INFO     | t=11343.5: WAGON[W0709] → Added to batch
09:49:12 | INFO     | t=11343.5: BATCH[W12195,W0709] → Formed 2 wagons for WS_02
09:49:12 | INFO     | t=11343.5: TRACK[retrofit] → Removed 2 wagons (51.8m freed)
09:49:12 | INFO     | t=11343.5: DISPATCHER → Task submitted: retrofit_to_workshop (pending=2)
09:49:12 | INFO     | t=11346.0: RAKE[W9043,W2149] → DECOUPLING at retrofit (1 couplings, 3.0 min)
09:49:12 | INFO     | t=11354.0: DISPATCHER → Hold override for retrofitted_to_parking (waited 182.0 min >= max 45.0 min)
09:49:12 | INFO     | t=11354.0: DISPATCHER → Assigned loco LOCO_01 to retrofit_to_workshop (waited 10.5 min, pending=1)
09:49:12 | INFO     | t=11354.0: DISPATCHER → Hold override for retrofitted_to_parking (waited 182.0 min >= max 45.0 min)
09:49:12 | INFO     | t=11354.0: RAKE[W12195,W0709] → COUPLING at retrofit (1 couplings, 2.0 min)
09:49:12 | INFO     | t=11354.0: Batch size limited by retrofit capacity: 3 wagons (59.7m) fits, 16 waiting
09:49:12 | INFO     | t=11354.0: WAGON[W6823] → Retrieved from retrofit queue
09:49:12 | INFO     | t=11354.0: WORKSHOP → No workshop available, waiting...
09:49:12 | INFO     | t=11354.0: COLLECTION → Reserving retrofit track capacity for 3 wagons
09:49:12 | INFO     | t=11354.0: COLLECTION → Capacity reserved, allocating locomotive
09:49:12 | INFO     | t=11354.0: DISPATCHER → Task submitted: collection_to_retrofit (pending=2)
09:49:12 | INFO     | t=11361.0: LOCO[LOCO_01] → COUPLING at retrofit (2.0 min)
09:49:12 | INFO     | t=11363.0: LOCO[LOCO_01] → SHUNTING_PREP at retrofit (1.0 min)
09:49:12 | INFO     | t=11369.0: LOCO[LOCO_01] → DECOUPLING at WS_02 (3.0 min)
09:49:12 | INFO     | t=11372.0: RAKE[W12195,W0709] → DECOUPLING at WS_02 (1 couplings, 3.0 min)
09:49:12 | INFO     | t=11375.0: WAGON[W12195] → RETROFIT_STARTED at WS_02
09:49:12 | INFO     | t=11375.0: WAGON[W0709] → RETROFIT_STARTED at WS_02
09:49:12 | INFO     | t=11380.0: DISPATCHER → Hold override for retrofitted_to_parking (waited 208.0 min >= max 45.0 min)
09:49:12 | INFO     | t=11380.0: DISPATCHER → Assigned loco LOCO_01 to retrofitted_to_parking (waited 208.0 min, pending=1)
09:49:12 | INFO     | t=11380.0: LOCO[LOCO_01] → Allocated for parking transport
09:49:12 | INFO     | t=11381.5: RAKE[W11847,W2135] → COUPLING at WS_01 (1 couplings, 0.5 min)
09:49:12 | INFO     | t=11382.0: LOCO → Allocating for pickup from WS_01
09:49:12 | INFO     | t=11382.0: DISPATCHER → Task submitted: workshop_to_retrofitted (pending=2)
09:49:12 | INFO     | t=11385.0: LOCO[LOCO_01] → TRAIN_PREP at retrofitted (coupling + prep, 3.0 min)
09:49:12 | INFO     | t=11403.5: LOCO[LOCO_02] → TRAIN_PREP at collection (coupling + prep, 3.0 min)
09:49:12 | INFO     | t=11435.0: RAKE[W12195,W0709] → COUPLING at WS_02 (1 couplings, 0.5 min)
09:49:12 | INFO     | t=11435.5: LOCO → Allocating for pickup from WS_02
09:49:12 | INFO     | t=11435.5: DISPATCHER → Task submitted: workshop_to_retrofitted (pending=3)
09:49:12 | INFO     | t=11448.0: LOCO[LOCO_01] → DECOUPLING at parking12 (2.0 min)
09:49:12 | INFO     | t=11450.0: RAKE[W4478,W4532,W0881,W5845] → DECOUPLING at parking12 (3 couplings, 1.5 min)
09:49:12 | INFO     | t=11466.5: LOCO[LOCO_02] → DECOUPLING at retrofit (3.0 min)
09:49:12 | INFO     | t=11469.5: RAKE[W0680] → DECOUPLING at retrofit (0 couplings, 0.0 min)
09:49:12 | INFO     | t=11474.5: Batch size limited by retrofit capacity: 1 wagons (34.0m) fits, 19 waiting
09:49:12 | INFO     | t=11474.5: DISPATCHER → Hold override for collection_to_retrofit (waited 120.5 min >= max 30.0 min)
09:49:12 | INFO     | t=11474.5: DISPATCHER → Assigned loco LOCO_02 to collection_to_retrofit (waited 120.5 min, pending=2)
09:49:12 | INFO     | t=11474.5: COLLECTION → Reserving retrofit track capacity for 1 wagons
09:49:12 | INFO     | t=11511.5: LOCO[LOCO_01] → Releasing
09:49:12 | INFO     | t=11511.5: LOCO[LOCO_01] → Released
09:49:12 | INFO     | t=11511.5: PARKING → Got wagon W5248 from retrofitted
09:49:12 | INFO     | t=11511.5: DISPATCHER → Assigned loco LOCO_01 to workshop_to_retrofitted (waited 129.5 min, pending=1)
09:49:12 | INFO     | t=11511.5: LOCO[LOCO_01] → Allocated for pickup
09:49:12 | INFO     | t=11511.5: LOCO → Allocating for parking transport
09:49:12 | INFO     | t=11511.5: DISPATCHER → Task submitted: retrofitted_to_parking (pending=2)
09:49:12 | INFO     | t=11518.5: LOCO[LOCO_01] → TRAIN_PREP completed at WS_01 (2.0 min)
09:49:12 | INFO     | t=11523.5: BATCH → Putting 2 wagons on retrofitted track retrofitted
09:49:12 | INFO     | t=11523.5: WAGON[W11847] → Added to retrofitted track retrofitted
09:49:12 | INFO     | t=11523.5: WAGON[W2135] → Added to retrofitted track retrofitted
09:49:12 | INFO     | t=11528.5: WORKSHOP[WS_01] → Released, notifying 1 waiting processes
09:49:12 | INFO     | t=11528.5: WORKSHOP → Workshop became available
09:49:12 | INFO     | t=11528.5: WORKSHOP[WS_01] → Selected for batch
09:49:12 | INFO     | t=11528.5: DISPATCHER → Assigned loco LOCO_01 to workshop_to_retrofitted (waited 93.0 min, pending=1)
09:49:12 | INFO     | t=11528.5: WAGON[W6640] → Added to batch
09:49:12 | INFO     | t=11528.5: BATCH[W6823,W6640] → Formed 2 wagons for WS_01
09:49:12 | INFO     | t=11528.5: LOCO[LOCO_01] → Allocated for pickup
09:49:12 | INFO     | t=11528.5: TRACK[retrofit] → Removed 2 wagons (29.8m freed)
09:49:12 | INFO     | t=11528.5: DISPATCHER → Task submitted: retrofit_to_workshop (pending=2)
09:49:12 | INFO     | t=11528.5: COLLECTION → Capacity reserved, allocating locomotive
09:49:12 | INFO     | t=11528.5: DISPATCHER → Task submitted: collection_to_retrofit (pending=3)
09:49:12 | INFO     | t=11534.5: LOCO[LOCO_02] → TRAIN_PREP at collection (coupling + prep, 7.0 min)
09:49:12 | INFO     | t=11535.5: LOCO[LOCO_01] → TRAIN_PREP completed at WS_02 (2.0 min)
09:49:12 | INFO     | t=11540.5: BATCH → Putting 2 wagons on retrofitted track retrofitted
09:49:12 | INFO     | t=11540.5: WAGON[W12195] → Added to retrofitted track retrofitted
09:49:12 | INFO     | t=11540.5: WAGON[W0709] → Added to retrofitted track retrofitted
09:49:12 | INFO     | EVENT_PUBLISHED: TrainArrivedEvent | train=T153 | time=11544.2
09:49:12 | INFO     | EVENT_HANDLING: TrainArrivedEvent -> RetrofitWorkshopContext._handle_train_arrived
09:49:12 | INFO     | EVENT_HANDLED: TrainArrivedEvent by RetrofitWorkshopContext._handle_train_arrived
09:49:12 | INFO     | t=11545.5: WORKSHOP[WS_02] → Released, notifying 0 waiting processes
09:49:12 | INFO     | t=11545.5: DISPATCHER → Assigned loco LOCO_01 to retrofit_to_workshop (waited 17.0 min, pending=2)
09:49:12 | INFO     | t=11545.5: RAKE[W6823,W6640] → COUPLING at retrofit (1 couplings, 2.0 min)
09:49:12 | INFO     | t=11545.5: WAGON[W8578] → Retrieved from retrofit queue
09:49:12 | INFO     | t=11545.5: WORKSHOP[WS_02] → Selected for batch
09:49:12 | INFO     | t=11545.5: WAGON[W6704] → Added to batch
09:49:12 | INFO     | t=11545.5: BATCH[W8578,W6704] → Formed 2 wagons for WS_02
09:49:12 | INFO     | t=11545.5: TRACK[retrofit] → Removed 2 wagons (39.6m freed)
09:49:12 | INFO     | t=11545.5: DISPATCHER → Task submitted: retrofit_to_workshop (pending=3)
09:49:12 | INFO     | t=11552.5: LOCO[LOCO_01] → COUPLING at retrofit (2.0 min)
09:49:12 | INFO     | t=11554.5: LOCO[LOCO_01] → SHUNTING_PREP at retrofit (1.0 min)
09:49:12 | INFO     | t=11560.5: LOCO[LOCO_01] → DECOUPLING at WS_01 (3.0 min)
09:49:12 | INFO     | t=11563.5: RAKE[W6823,W6640] → DECOUPLING at WS_01 (1 couplings, 3.0 min)
09:49:12 | INFO     | t=11566.5: WAGON[W6823] → RETROFIT_STARTED at WS_01
09:49:12 | INFO     | t=11566.5: WAGON[W6640] → RETROFIT_STARTED at WS_01
09:49:12 | INFO     | t=11571.5: DISPATCHER → Hold override for retrofitted_to_parking (waited 60.0 min >= max 45.0 min)
09:49:12 | INFO     | t=11571.5: DISPATCHER → Hold override for collection_to_retrofit (waited 43.0 min >= max 30.0 min)
09:49:12 | INFO     | t=11571.5: DISPATCHER → Assigned loco LOCO_01 to collection_to_retrofit (waited 43.0 min, pending=2)
09:49:12 | INFO     | t=11571.5: DISPATCHER → Hold override for retrofitted_to_parking (waited 60.0 min >= max 45.0 min)
09:49:12 | INFO     | t=11601.5: LOCO[LOCO_02] → DECOUPLING at retrofit (9.0 min)
09:49:12 | INFO     | t=11610.5: RAKE[W10441,W1122,W4506] → DECOUPLING at retrofit (2 couplings, 6.0 min)
09:49:12 | INFO     | t=11621.5: DISPATCHER → Hold override for retrofitted_to_parking (waited 110.0 min >= max 45.0 min)
09:49:12 | INFO     | t=11621.5: DISPATCHER → Assigned loco LOCO_02 to retrofit_to_workshop (waited 76.0 min, pending=1)
09:49:12 | INFO     | t=11621.5: DISPATCHER → Hold override for retrofitted_to_parking (waited 110.0 min >= max 45.0 min)
09:49:12 | INFO     | t=11621.5: Batch size limited by retrofit capacity: 2 wagons (46.1m) fits, 17 waiting
09:49:12 | INFO     | t=11621.5: RAKE[W8578,W6704] → COUPLING at retrofit (1 couplings, 2.0 min)
09:49:12 | INFO     | t=11621.5: COLLECTION → Reserving retrofit track capacity for 2 wagons
09:49:12 | INFO     | t=11621.5: WAGON[W0167] → Retrieved from retrofit queue
09:49:12 | INFO     | t=11621.5: WORKSHOP → No workshop available, waiting...
09:49:12 | INFO     | t=11621.5: COLLECTION → Capacity reserved, allocating locomotive
09:49:12 | INFO     | t=11621.5: DISPATCHER → Task submitted: collection_to_retrofit (pending=2)
09:49:12 | INFO     | t=11626.5: RAKE[W6823,W6640] → COUPLING at WS_01 (1 couplings, 0.5 min)
09:49:12 | INFO     | t=11627.0: LOCO → Allocating for pickup from WS_01
09:49:12 | INFO     | t=11627.0: DISPATCHER → Task submitted: workshop_to_retrofitted (pending=3)
09:49:12 | INFO     | t=11628.5: LOCO[LOCO_02] → COUPLING at retrofit (2.0 min)
09:49:12 | INFO     | t=11630.5: LOCO[LOCO_02] → SHUNTING_PREP at retrofit (1.0 min)
09:49:12 | INFO     | t=11631.5: LOCO[LOCO_01] → TRAIN_PREP at collection (coupling + prep, 3.0 min)
09:49:12 | INFO     | t=11636.5: LOCO[LOCO_02] → DECOUPLING at WS_02 (3.0 min)
09:49:12 | INFO     | t=11639.5: RAKE[W8578,W6704] → DECOUPLING at WS_02 (1 couplings, 3.0 min)
09:49:12 | INFO     | t=11642.5: WAGON[W8578] → RETROFIT_STARTED at WS_02
09:49:12 | INFO     | t=11642.5: WAGON[W6704] → RETROFIT_STARTED at WS_02
09:49:12 | INFO     | t=11647.5: DISPATCHER → Hold override for retrofitted_to_parking (waited 136.0 min >= max 45.0 min)
09:49:12 | INFO     | t=11647.5: DISPATCHER → Assigned loco LOCO_02 to retrofitted_to_parking (waited 136.0 min, pending=2)
09:49:12 | INFO     | t=11647.5: LOCO[LOCO_02] → Allocated for parking transport
09:49:12 | INFO     | t=11652.5: LOCO[LOCO_02] → TRAIN_PREP at retrofitted (coupling + prep, 3.0 min)
09:49:12 | INFO     | t=11660.5: LOCO[LOCO_02] → DECOUPLING at parking9 (2.0 min)
09:49:12 | INFO     | t=11662.5: RAKE[W5248,W8570,W9355,W3562] → DECOUPLING at parking9 (3 couplings, 1.5 min)
09:49:12 | INFO     | t=11669.0: LOCO[LOCO_02] → Releasing
09:49:12 | INFO     | t=11669.0: LOCO[LOCO_02] → Released
09:49:12 | INFO     | t=11669.0: PARKING → Got wagon W11847 from retrofitted
09:49:12 | INFO     | t=11669.0: DISPATCHER → Hold override for collection_to_retrofit (waited 47.5 min >= max 30.0 min)
09:49:12 | INFO     | t=11669.0: DISPATCHER → Assigned loco LOCO_02 to collection_to_retrofit (waited 47.5 min, pending=1)
09:49:12 | INFO     | t=11669.0: LOCO → Allocating for parking transport
09:49:12 | INFO     | t=11669.0: DISPATCHER → Task submitted: retrofitted_to_parking (pending=2)
09:49:12 | INFO     | t=11694.5: LOCO[LOCO_01] → DECOUPLING at retrofit (3.0 min)
09:49:12 | INFO     | t=11697.5: RAKE[W11195] → DECOUPLING at retrofit (0 couplings, 0.0 min)
09:49:12 | INFO     | t=11702.5: RAKE[W8578,W6704] → COUPLING at WS_02 (1 couplings, 0.5 min)
09:49:12 | INFO     | t=11702.5: Batch size limited by retrofit capacity: 1 wagons (13.9m) fits, 22 waiting
09:49:12 | INFO     | t=11702.5: DISPATCHER → Assigned loco LOCO_01 to workshop_to_retrofitted (waited 75.5 min, pending=1)
09:49:12 | INFO     | t=11702.5: COLLECTION → Reserving retrofit track capacity for 1 wagons
09:49:12 | INFO     | t=11702.5: LOCO[LOCO_01] → Allocated for pickup
09:49:12 | INFO     | t=11703.0: LOCO → Allocating for pickup from WS_02
09:49:12 | INFO     | t=11703.0: DISPATCHER → Task submitted: workshop_to_retrofitted (pending=2)
09:49:12 | INFO     | EVENT_PUBLISHED: TrainArrivedEvent | train=T154 | time=11705.2
09:49:12 | INFO     | EVENT_HANDLING: TrainArrivedEvent -> RetrofitWorkshopContext._handle_train_arrived
09:49:12 | INFO     | EVENT_HANDLED: TrainArrivedEvent by RetrofitWorkshopContext._handle_train_arrived
09:49:12 | INFO     | t=11709.5: LOCO[LOCO_01] → TRAIN_PREP completed at WS_01 (2.0 min)
09:49:12 | INFO     | t=11714.5: BATCH → Putting 2 wagons on retrofitted track retrofitted
09:49:12 | INFO     | t=11714.5: WAGON[W6823] → Added to retrofitted track retrofitted
09:49:12 | INFO     | t=11714.5: WAGON[W6640] → Added to retrofitted track retrofitted
09:49:12 | INFO     | t=11719.5: WORKSHOP[WS_01] → Released, notifying 1 waiting processes
09:49:12 | INFO     | t=11719.5: WORKSHOP → Workshop became available
09:49:12 | INFO     | t=11719.5: WORKSHOP[WS_01] → Selected for batch
09:49:12 | INFO     | t=11719.5: DISPATCHER → Hold override for retrofitted_to_parking (waited 50.5 min >= max 45.0 min)
09:49:12 | INFO     | t=11719.5: DISPATCHER → Assigned loco LOCO_01 to workshop_to_retrofitted (waited 16.5 min, pending=1)
09:49:12 | INFO     | t=11719.5: DISPATCHER → Hold override for retrofitted_to_parking (waited 50.5 min >= max 45.0 min)
09:49:12 | INFO     | t=11719.5: WAGON[W0002] → Added to batch
09:49:12 | INFO     | t=11719.5: BATCH[W0167,W0002] → Formed 2 wagons for WS_01
09:49:12 | INFO     | t=11719.5: LOCO[LOCO_01] → Allocated for pickup
09:49:12 | INFO     | t=11719.5: TRACK[retrofit] → Removed 2 wagons (35.4m freed)
09:49:12 | INFO     | t=11719.5: DISPATCHER → Task submitted: retrofit_to_workshop (pending=2)
09:49:12 | INFO     | t=11719.5: COLLECTION → Capacity reserved, allocating locomotive
09:49:12 | INFO     | t=11719.5: DISPATCHER → Task submitted: collection_to_retrofit (pending=3)
09:49:12 | INFO     | t=11726.5: LOCO[LOCO_01] → TRAIN_PREP completed at WS_02 (2.0 min)
09:49:12 | INFO     | t=11729.0: LOCO[LOCO_02] → TRAIN_PREP at collection (coupling + prep, 5.0 min)
09:49:12 | INFO     | t=11731.5: BATCH → Putting 2 wagons on retrofitted track retrofitted
09:49:12 | INFO     | t=11731.5: WAGON[W8578] → Added to retrofitted track retrofitted
09:49:12 | INFO     | t=11731.5: WAGON[W6704] → Added to retrofitted track retrofitted
09:49:12 | INFO     | t=11736.5: WORKSHOP[WS_02] → Released, notifying 0 waiting processes
09:49:12 | INFO     | t=11736.5: DISPATCHER → Hold override for retrofitted_to_parking (waited 67.5 min >= max 45.0 min)
09:49:12 | INFO     | t=11736.5: DISPATCHER → Assigned loco LOCO_01 to retrofit_to_workshop (waited 17.0 min, pending=2)
09:49:12 | INFO     | t=11736.5: DISPATCHER → Hold override for retrofitted_to_parking (waited 67.5 min >= max 45.0 min)
09:49:12 | INFO     | t=11736.5: RAKE[W0167,W0002] → COUPLING at retrofit (1 couplings, 2.0 min)
09:49:12 | INFO     | t=11736.5: WAGON[W10772] → Retrieved from retrofit queue
09:49:12 | INFO     | t=11736.5: WORKSHOP[WS_02] → Selected for batch
09:49:12 | INFO     | t=11736.5: WAGON[W0948] → Added to batch
09:49:12 | INFO     | t=11736.5: BATCH[W10772,W0948] → Formed 2 wagons for WS_02
09:49:12 | INFO     | t=11736.5: TRACK[retrofit] → Removed 2 wagons (45.0m freed)
09:49:12 | INFO     | t=11736.5: DISPATCHER → Task submitted: retrofit_to_workshop (pending=3)
09:49:12 | INFO     | t=11743.5: LOCO[LOCO_01] → COUPLING at retrofit (2.0 min)
09:49:12 | INFO     | t=11745.5: LOCO[LOCO_01] → SHUNTING_PREP at retrofit (1.0 min)
09:49:12 | INFO     | t=11751.5: LOCO[LOCO_01] → DECOUPLING at WS_01 (3.0 min)
09:49:12 | INFO     | t=11754.5: RAKE[W0167,W0002] → DECOUPLING at WS_01 (1 couplings, 3.0 min)
09:49:12 | INFO     | t=11757.5: WAGON[W0167] → RETROFIT_STARTED at WS_01
09:49:12 | INFO     | t=11757.5: WAGON[W0002] → RETROFIT_STARTED at WS_01
09:49:12 | INFO     | t=11762.5: DISPATCHER → Hold override for retrofitted_to_parking (waited 93.5 min >= max 45.0 min)
09:49:12 | INFO     | t=11762.5: DISPATCHER → Hold override for collection_to_retrofit (waited 43.0 min >= max 30.0 min)
09:49:12 | INFO     | t=11762.5: DISPATCHER → Assigned loco LOCO_01 to collection_to_retrofit (waited 43.0 min, pending=2)
09:49:12 | INFO     | t=11762.5: DISPATCHER → Hold override for retrofitted_to_parking (waited 93.5 min >= max 45.0 min)
09:49:12 | INFO     | t=11794.0: LOCO[LOCO_02] → DECOUPLING at retrofit (6.0 min)
09:49:12 | INFO     | t=11800.0: RAKE[W1439,W10303] → DECOUPLING at retrofit (1 couplings, 3.0 min)
09:49:12 | INFO     | t=11808.0: DISPATCHER → Hold override for retrofitted_to_parking (waited 139.0 min >= max 45.0 min)
09:49:12 | INFO     | t=11808.0: DISPATCHER → Assigned loco LOCO_02 to retrofit_to_workshop (waited 71.5 min, pending=1)
09:49:12 | INFO     | t=11808.0: DISPATCHER → Hold override for retrofitted_to_parking (waited 139.0 min >= max 45.0 min)
09:49:12 | INFO     | t=11808.0: RAKE[W10772,W0948] → COUPLING at retrofit (1 couplings, 2.0 min)
09:49:12 | INFO     | t=11808.0: Batch size limited by retrofit capacity: 3 wagons (49.6m) fits, 17 waiting
09:49:12 | INFO     | t=11808.0: WAGON[W5316] → Retrieved from retrofit queue
09:49:12 | INFO     | t=11808.0: WORKSHOP → No workshop available, waiting...
09:49:12 | INFO     | t=11808.0: COLLECTION → Reserving retrofit track capacity for 3 wagons
09:49:12 | INFO     | t=11808.0: COLLECTION → Capacity reserved, allocating locomotive
09:49:12 | INFO     | t=11808.0: DISPATCHER → Task submitted: collection_to_retrofit (pending=2)
09:49:12 | INFO     | t=11815.0: LOCO[LOCO_02] → COUPLING at retrofit (2.0 min)
09:49:12 | INFO     | t=11817.0: LOCO[LOCO_02] → SHUNTING_PREP at retrofit (1.0 min)
09:49:12 | INFO     | t=11817.5: RAKE[W0167,W0002] → COUPLING at WS_01 (1 couplings, 0.5 min)
09:49:12 | INFO     | t=11818.0: LOCO → Allocating for pickup from WS_01
09:49:12 | INFO     | t=11818.0: DISPATCHER → Task submitted: workshop_to_retrofitted (pending=3)
09:49:12 | INFO     | t=11822.5: LOCO[LOCO_01] → TRAIN_PREP at collection (coupling + prep, 3.0 min)
09:49:12 | INFO     | t=11823.0: LOCO[LOCO_02] → DECOUPLING at WS_02 (3.0 min)
09:49:12 | INFO     | t=11826.0: RAKE[W10772,W0948] → DECOUPLING at WS_02 (1 couplings, 3.0 min)
09:49:12 | INFO     | t=11829.0: WAGON[W10772] → RETROFIT_STARTED at WS_02
09:49:12 | INFO     | t=11829.0: WAGON[W0948] → RETROFIT_STARTED at WS_02
09:49:12 | INFO     | EVENT_PUBLISHED: TrainArrivedEvent | train=T155 | time=11829.8
09:49:12 | INFO     | EVENT_HANDLING: TrainArrivedEvent -> RetrofitWorkshopContext._handle_train_arrived
09:49:12 | INFO     | EVENT_HANDLED: TrainArrivedEvent by RetrofitWorkshopContext._handle_train_arrived
09:49:12 | INFO     | t=11834.0: DISPATCHER → Hold override for retrofitted_to_parking (waited 165.0 min >= max 45.0 min)
09:49:12 | INFO     | t=11834.0: DISPATCHER → Assigned loco LOCO_02 to retrofitted_to_parking (waited 165.0 min, pending=2)
09:49:12 | INFO     | t=11834.0: LOCO[LOCO_02] → Allocated for parking transport
09:49:12 | INFO     | t=11839.0: LOCO[LOCO_02] → TRAIN_PREP at retrofitted (coupling + prep, 3.0 min)
09:49:12 | INFO     | EVENT_PUBLISHED: TrainArrivedEvent | train=T156 | time=11849.0
09:49:12 | INFO     | EVENT_HANDLING: TrainArrivedEvent -> RetrofitWorkshopContext._handle_train_arrived
09:49:12 | INFO     | EVENT_HANDLED: TrainArrivedEvent by RetrofitWorkshopContext._handle_train_arrived
09:49:12 | INFO     | t=11885.5: LOCO[LOCO_01] → DECOUPLING at retrofit (3.0 min)
09:49:12 | INFO     | t=11888.5: RAKE[W0367] → DECOUPLING at retrofit (0 couplings, 0.0 min)
09:49:12 | INFO     | t=11889.0: RAKE[W10772,W0948] → COUPLING at WS_02 (1 couplings, 0.5 min)
09:49:12 | INFO     | t=11889.5: LOCO → Allocating for pickup from WS_02
09:49:12 | INFO     | t=11889.5: DISPATCHER → Task submitted: workshop_to_retrofitted (pending=3)
09:49:12 | INFO     | t=11893.5: Batch size limited by retrofit capacity: 1 wagons (19.9m) fits, 22 waiting
09:49:12 | INFO     | t=11893.5: DISPATCHER → Hold override for collection_to_retrofit (waited 85.5 min >= max 30.0 min)
09:49:12 | INFO     | t=11893.5: DISPATCHER → Assigned loco LOCO_01 to collection_to_retrofit (waited 85.5 min, pending=2)
09:49:12 | INFO     | t=11893.5: COLLECTION → Reserving retrofit track capacity for 1 wagons
09:49:12 | INFO     | t=11893.5: COLLECTION → Capacity reserved, allocating locomotive
09:49:12 | INFO     | t=11893.5: DISPATCHER → Task submitted: collection_to_retrofit (pending=3)
09:49:12 | INFO     | t=11902.0: LOCO[LOCO_02] → DECOUPLING at parking11 (2.0 min)
09:49:12 | INFO     | t=11904.0: RAKE[W11847,W2135,W12195,W0709] → DECOUPLING at parking11 (3 couplings, 1.5 min)
09:49:12 | INFO     | EVENT_PUBLISHED: TrainArrivedEvent | train=T157 | time=11913.8
09:49:12 | INFO     | EVENT_HANDLING: TrainArrivedEvent -> RetrofitWorkshopContext._handle_train_arrived
09:49:12 | INFO     | EVENT_HANDLED: TrainArrivedEvent by RetrofitWorkshopContext._handle_train_arrived
09:49:12 | INFO     | t=11953.5: LOCO[LOCO_01] → TRAIN_PREP at collection (coupling + prep, 7.0 min)
09:49:12 | INFO     | t=11965.5: LOCO[LOCO_02] → Releasing
09:49:12 | INFO     | t=11965.5: LOCO[LOCO_02] → Released
09:49:12 | INFO     | t=11965.5: PARKING → Got wagon W6823 from retrofitted
09:49:12 | INFO     | t=11965.5: DISPATCHER → Hold override for collection_to_retrofit (waited 72.0 min >= max 30.0 min)
09:49:12 | INFO     | t=11965.5: DISPATCHER → Assigned loco LOCO_02 to collection_to_retrofit (waited 72.0 min, pending=2)
09:49:12 | INFO     | t=11965.5: LOCO → Allocating for parking transport
09:49:12 | INFO     | t=11965.5: DISPATCHER → Task submitted: retrofitted_to_parking (pending=3)
09:49:12 | INFO     | t=12020.5: LOCO[LOCO_01] → DECOUPLING at retrofit (9.0 min)
09:49:12 | INFO     | t=12025.5: LOCO[LOCO_02] → TRAIN_PREP at collection (coupling + prep, 3.0 min)
09:49:12 | INFO     | t=12029.5: RAKE[W2846,W5760,W4802] → DECOUPLING at retrofit (2 couplings, 6.0 min)
09:49:12 | INFO     | t=12040.5: Batch size limited by retrofit capacity: 1 wagons (23.9m) fits, 17 waiting
09:49:12 | INFO     | t=12040.5: DISPATCHER → Hold override for retrofitted_to_parking (waited 75.0 min >= max 45.0 min)
09:49:12 | INFO     | t=12040.5: DISPATCHER → Assigned loco LOCO_01 to workshop_to_retrofitted (waited 222.5 min, pending=2)
09:49:12 | INFO     | t=12040.5: COLLECTION → Reserving retrofit track capacity for 1 wagons
09:49:12 | INFO     | t=12040.5: LOCO[LOCO_01] → Allocated for pickup
09:49:12 | INFO     | EVENT_PUBLISHED: TrainArrivedEvent | train=T158 | time=12046.0
09:49:12 | INFO     | EVENT_HANDLING: TrainArrivedEvent -> RetrofitWorkshopContext._handle_train_arrived
09:49:12 | INFO     | EVENT_HANDLED: TrainArrivedEvent by RetrofitWorkshopContext._handle_train_arrived
09:49:12 | INFO     | t=12047.5: LOCO[LOCO_01] → TRAIN_PREP completed at WS_01 (2.0 min)
09:49:12 | INFO     | t=12052.5: BATCH → Putting 2 wagons on retrofitted track retrofitted
09:49:12 | INFO     | t=12052.5: WAGON[W0167] → Added to retrofitted track retrofitted
09:49:12 | INFO     | t=12052.5: WAGON[W0002] → Added to retrofitted track retrofitted
09:49:12 | INFO     | t=12057.5: WORKSHOP[WS_01] → Released, notifying 1 waiting processes
09:49:12 | INFO     | t=12057.5: WORKSHOP → Workshop became available
09:49:12 | INFO     | t=12057.5: WORKSHOP[WS_01] → Selected for batch
09:49:12 | INFO     | t=12057.5: DISPATCHER → Hold override for retrofitted_to_parking (waited 92.0 min >= max 45.0 min)
09:49:12 | INFO     | t=12057.5: DISPATCHER → Assigned loco LOCO_01 to workshop_to_retrofitted (waited 168.0 min, pending=1)
09:49:12 | INFO     | t=12057.5: DISPATCHER → Hold override for retrofitted_to_parking (waited 92.0 min >= max 45.0 min)
09:49:12 | INFO     | t=12057.5: WAGON[W9358] → Added to batch
09:49:12 | INFO     | t=12057.5: BATCH[W5316,W9358] → Formed 2 wagons for WS_01
09:49:12 | INFO     | t=12057.5: LOCO[LOCO_01] → Allocated for pickup
09:49:12 | INFO     | t=12057.5: TRACK[retrofit] → Removed 2 wagons (32.2m freed)
09:49:12 | INFO     | t=12057.5: DISPATCHER → Task submitted: retrofit_to_workshop (pending=2)
09:49:12 | INFO     | t=12057.5: COLLECTION → Capacity reserved, allocating locomotive
09:49:12 | INFO     | t=12057.5: DISPATCHER → Task submitted: collection_to_retrofit (pending=3)
09:49:12 | INFO     | t=12064.5: LOCO[LOCO_01] → TRAIN_PREP completed at WS_02 (2.0 min)
09:49:12 | INFO     | t=12069.5: BATCH → Putting 2 wagons on retrofitted track retrofitted
09:49:12 | INFO     | t=12069.5: WAGON[W10772] → Added to retrofitted track retrofitted
09:49:12 | INFO     | t=12069.5: WAGON[W0948] → Added to retrofitted track retrofitted
09:49:12 | INFO     | t=12074.5: WORKSHOP[WS_02] → Released, notifying 0 waiting processes
09:49:12 | INFO     | t=12074.5: DISPATCHER → Hold override for retrofitted_to_parking (waited 109.0 min >= max 45.0 min)
09:49:12 | INFO     | t=12074.5: DISPATCHER → Assigned loco LOCO_01 to retrofit_to_workshop (waited 17.0 min, pending=2)
09:49:12 | INFO     | t=12074.5: DISPATCHER → Hold override for retrofitted_to_parking (waited 109.0 min >= max 45.0 min)
09:49:12 | INFO     | t=12074.5: RAKE[W5316,W9358] → COUPLING at retrofit (1 couplings, 2.0 min)
09:49:12 | INFO     | t=12074.5: WAGON[W9043] → Retrieved from retrofit queue
09:49:12 | INFO     | t=12074.5: WORKSHOP[WS_02] → Selected for batch
09:49:12 | INFO     | t=12074.5: WAGON[W2149] → Added to batch
09:49:12 | INFO     | t=12074.5: BATCH[W9043,W2149] → Formed 2 wagons for WS_02
09:49:12 | INFO     | t=12074.5: TRACK[retrofit] → Removed 2 wagons (35.4m freed)
09:49:12 | INFO     | t=12074.5: DISPATCHER → Task submitted: retrofit_to_workshop (pending=3)
09:49:12 | INFO     | t=12081.5: LOCO[LOCO_01] → COUPLING at retrofit (2.0 min)
09:49:12 | INFO     | t=12083.5: LOCO[LOCO_01] → SHUNTING_PREP at retrofit (1.0 min)
09:49:12 | INFO     | t=12088.5: LOCO[LOCO_02] → DECOUPLING at retrofit (3.0 min)
09:49:12 | INFO     | t=12089.5: LOCO[LOCO_01] → DECOUPLING at WS_01 (3.0 min)
09:49:12 | INFO     | t=12091.5: RAKE[W4457] → DECOUPLING at retrofit (0 couplings, 0.0 min)
09:49:12 | INFO     | t=12092.5: RAKE[W5316,W9358] → DECOUPLING at WS_01 (1 couplings, 3.0 min)
09:49:12 | INFO     | t=12095.5: WAGON[W5316] → RETROFIT_STARTED at WS_01
09:49:12 | INFO     | t=12095.5: WAGON[W9358] → RETROFIT_STARTED at WS_01
09:49:12 | INFO     | t=12096.5: DISPATCHER → Hold override for retrofitted_to_parking (waited 131.0 min >= max 45.0 min)
09:49:12 | INFO     | t=12096.5: DISPATCHER → Hold override for collection_to_retrofit (waited 39.0 min >= max 30.0 min)
09:49:12 | INFO     | t=12096.5: DISPATCHER → Assigned loco LOCO_02 to collection_to_retrofit (waited 39.0 min, pending=2)
09:49:12 | INFO     | t=12096.5: DISPATCHER → Hold override for retrofitted_to_parking (waited 131.0 min >= max 45.0 min)
09:49:12 | INFO     | t=12096.5: Batch size limited by retrofit capacity: 2 wagons (37.5m) fits, 21 waiting
09:49:12 | INFO     | t=12096.5: COLLECTION → Reserving retrofit track capacity for 2 wagons
09:49:12 | INFO     | t=12096.5: COLLECTION → Capacity reserved, allocating locomotive
09:49:12 | INFO     | t=12096.5: DISPATCHER → Task submitted: collection_to_retrofit (pending=3)
09:49:12 | INFO     | t=12100.5: DISPATCHER → Hold override for retrofitted_to_parking (waited 135.0 min >= max 45.0 min)
09:49:12 | INFO     | t=12100.5: DISPATCHER → Assigned loco LOCO_01 to retrofit_to_workshop (waited 26.0 min, pending=2)
09:49:12 | INFO     | t=12100.5: DISPATCHER → Hold override for retrofitted_to_parking (waited 135.0 min >= max 45.0 min)
09:49:12 | INFO     | t=12100.5: RAKE[W9043,W2149] → COUPLING at retrofit (1 couplings, 2.0 min)
09:49:12 | INFO     | t=12100.5: WAGON[W0680] → Retrieved from retrofit queue
09:49:12 | INFO     | t=12100.5: WORKSHOP → No workshop available, waiting...
09:49:12 | INFO     | t=12107.5: LOCO[LOCO_01] → COUPLING at retrofit (2.0 min)
09:49:12 | INFO     | t=12109.5: LOCO[LOCO_01] → SHUNTING_PREP at retrofit (1.0 min)
09:49:12 | INFO     | t=12115.5: LOCO[LOCO_01] → DECOUPLING at WS_02 (3.0 min)
09:49:12 | INFO     | t=12118.5: RAKE[W9043,W2149] → DECOUPLING at WS_02 (1 couplings, 3.0 min)
09:49:12 | INFO     | t=12121.5: WAGON[W9043] → RETROFIT_STARTED at WS_02
09:49:12 | INFO     | t=12121.5: WAGON[W2149] → RETROFIT_STARTED at WS_02
09:49:12 | INFO     | t=12126.5: DISPATCHER → Hold override for retrofitted_to_parking (waited 161.0 min >= max 45.0 min)
09:49:12 | INFO     | t=12126.5: DISPATCHER → Hold override for collection_to_retrofit (waited 30.0 min >= max 30.0 min)
09:49:12 | INFO     | t=12126.5: DISPATCHER → Assigned loco LOCO_01 to collection_to_retrofit (waited 30.0 min, pending=1)
09:49:12 | INFO     | t=12126.5: DISPATCHER → Hold override for retrofitted_to_parking (waited 161.0 min >= max 45.0 min)
09:49:12 | INFO     | t=12155.5: RAKE[W5316,W9358] → COUPLING at WS_01 (1 couplings, 0.5 min)
09:49:12 | INFO     | t=12156.0: LOCO → Allocating for pickup from WS_01
09:49:12 | INFO     | t=12156.0: DISPATCHER → Task submitted: workshop_to_retrofitted (pending=2)
09:49:12 | INFO     | t=12156.5: LOCO[LOCO_02] → TRAIN_PREP at collection (coupling + prep, 3.0 min)
09:49:12 | INFO     | t=12181.5: RAKE[W9043,W2149] → COUPLING at WS_02 (1 couplings, 0.5 min)
09:49:12 | INFO     | t=12182.0: LOCO → Allocating for pickup from WS_02
09:49:12 | INFO     | t=12182.0: DISPATCHER → Task submitted: workshop_to_retrofitted (pending=3)
09:49:12 | INFO     | t=12186.5: LOCO[LOCO_01] → TRAIN_PREP at collection (coupling + prep, 5.0 min)
09:49:12 | INFO     | EVENT_PUBLISHED: TrainArrivedEvent | train=T159 | time=12205.2
09:49:12 | INFO     | EVENT_HANDLING: TrainArrivedEvent -> RetrofitWorkshopContext._handle_train_arrived
09:49:12 | INFO     | EVENT_HANDLED: TrainArrivedEvent by RetrofitWorkshopContext._handle_train_arrived
09:49:12 | INFO     | t=12219.5: LOCO[LOCO_02] → DECOUPLING at retrofit (3.0 min)
09:49:12 | INFO     | t=12222.5: RAKE[W2736] → DECOUPLING at retrofit (0 couplings, 0.0 min)
09:49:12 | INFO     | EVENT_PUBLISHED: TrainArrivedEvent | train=T160 | time=12226.5
09:49:12 | INFO     | EVENT_HANDLING: TrainArrivedEvent -> RetrofitWorkshopContext._handle_train_arrived
09:49:12 | INFO     | EVENT_HANDLED: TrainArrivedEvent by RetrofitWorkshopContext._handle_train_arrived
09:49:12 | INFO     | t=12227.5: Batch size limited by retrofit capacity: 1 wagons (15.0m) fits, 18 waiting
09:49:12 | INFO     | t=12227.5: DISPATCHER → Hold override for retrofitted_to_parking (waited 262.0 min >= max 45.0 min)
09:49:12 | INFO     | t=12227.5: DISPATCHER → Assigned loco LOCO_02 to workshop_to_retrofitted (waited 71.5 min, pending=2)
09:49:12 | INFO     | t=12227.5: DISPATCHER → Hold override for retrofitted_to_parking (waited 262.0 min >= max 45.0 min)
09:49:12 | INFO     | t=12227.5: COLLECTION → Reserving retrofit track capacity for 1 wagons
09:49:12 | INFO     | t=12227.5: LOCO[LOCO_02] → Allocated for pickup
09:49:12 | INFO     | EVENT_PUBLISHED: TrainArrivedEvent | train=T161 | time=12234.0
09:49:12 | INFO     | EVENT_HANDLING: TrainArrivedEvent -> RetrofitWorkshopContext._handle_train_arrived
09:49:12 | INFO     | EVENT_HANDLED: TrainArrivedEvent by RetrofitWorkshopContext._handle_train_arrived
09:49:12 | INFO     | t=12234.5: LOCO[LOCO_02] → TRAIN_PREP completed at WS_01 (2.0 min)
09:49:12 | INFO     | t=12239.5: BATCH → Putting 2 wagons on retrofitted track retrofitted
09:49:12 | INFO     | t=12239.5: WAGON[W5316] → Added to retrofitted track retrofitted
09:49:12 | INFO     | t=12239.5: WAGON[W9358] → Added to retrofitted track retrofitted
09:49:12 | INFO     | t=12244.5: WORKSHOP[WS_01] → Released, notifying 1 waiting processes
09:49:12 | INFO     | t=12244.5: WORKSHOP → Workshop became available
09:49:12 | INFO     | t=12244.5: WORKSHOP[WS_01] → Selected for batch
09:49:12 | INFO     | t=12244.5: DISPATCHER → Hold override for retrofitted_to_parking (waited 279.0 min >= max 45.0 min)
09:49:12 | INFO     | t=12244.5: DISPATCHER → Assigned loco LOCO_02 to retrofitted_to_parking (waited 279.0 min, pending=1)
09:49:12 | INFO     | t=12244.5: WAGON[W10441] → Added to batch
09:49:12 | INFO     | t=12244.5: BATCH[W0680,W10441] → Formed 2 wagons for WS_01
09:49:12 | INFO     | t=12244.5: LOCO[LOCO_02] → Allocated for parking transport
09:49:12 | INFO     | t=12244.5: TRACK[retrofit] → Removed 2 wagons (48.4m freed)
09:49:12 | INFO     | t=12244.5: DISPATCHER → Task submitted: retrofit_to_workshop (pending=2)
09:49:12 | INFO     | t=12244.5: COLLECTION → Capacity reserved, allocating locomotive
09:49:12 | INFO     | t=12244.5: DISPATCHER → Task submitted: collection_to_retrofit (pending=3)
09:49:12 | INFO     | t=12249.5: LOCO[LOCO_02] → TRAIN_PREP at retrofitted (coupling + prep, 3.0 min)
09:49:12 | INFO     | t=12251.5: LOCO[LOCO_01] → DECOUPLING at retrofit (6.0 min)
09:49:12 | INFO     | t=12257.5: RAKE[W5821,W12186] → DECOUPLING at retrofit (1 couplings, 3.0 min)
09:49:12 | INFO     | t=12265.5: DISPATCHER → Assigned loco LOCO_01 to retrofit_to_workshop (waited 21.0 min, pending=2)
09:49:12 | INFO     | t=12265.5: Batch size limited by retrofit capacity: 2 wagons (32.8m) fits, 21 waiting
09:49:12 | INFO     | t=12265.5: RAKE[W0680,W10441] → COUPLING at retrofit (1 couplings, 2.0 min)
09:49:12 | INFO     | t=12265.5: COLLECTION → Reserving retrofit track capacity for 2 wagons
09:49:12 | INFO     | t=12265.5: WAGON[W1122] → Retrieved from retrofit queue
09:49:12 | INFO     | t=12265.5: WORKSHOP → No workshop available, waiting...
09:49:12 | INFO     | t=12265.5: COLLECTION → Capacity reserved, allocating locomotive
09:49:12 | INFO     | t=12265.5: DISPATCHER → Task submitted: collection_to_retrofit (pending=3)
09:49:12 | INFO     | t=12272.5: LOCO[LOCO_01] → COUPLING at retrofit (2.0 min)
09:49:12 | INFO     | t=12274.5: LOCO[LOCO_01] → SHUNTING_PREP at retrofit (1.0 min)
09:49:12 | INFO     | t=12280.5: LOCO[LOCO_01] → DECOUPLING at WS_01 (3.0 min)
09:49:12 | INFO     | t=12283.5: RAKE[W0680,W10441] → DECOUPLING at WS_01 (1 couplings, 3.0 min)
09:49:12 | INFO     | t=12286.5: WAGON[W0680] → RETROFIT_STARTED at WS_01
09:49:12 | INFO     | t=12286.5: WAGON[W10441] → RETROFIT_STARTED at WS_01
09:49:12 | INFO     | t=12291.5: DISPATCHER → Hold override for collection_to_retrofit (waited 47.0 min >= max 30.0 min)
09:49:12 | INFO     | t=12291.5: DISPATCHER → Assigned loco LOCO_01 to collection_to_retrofit (waited 47.0 min, pending=2)
09:49:12 | INFO     | EVENT_PUBLISHED: TrainArrivedEvent | train=T162 | time=12314.2
09:49:12 | INFO     | EVENT_HANDLING: TrainArrivedEvent -> RetrofitWorkshopContext._handle_train_arrived
09:49:12 | INFO     | EVENT_HANDLED: TrainArrivedEvent by RetrofitWorkshopContext._handle_train_arrived
09:49:12 | INFO     | t=12327.5: LOCO[LOCO_02] → DECOUPLING at parking15 (2.0 min)
09:49:12 | INFO     | t=12329.5: RAKE[W6823,W6640,W8578,W6704] → DECOUPLING at parking15 (3 couplings, 1.5 min)
09:49:12 | INFO     | t=12346.5: RAKE[W0680,W10441] → COUPLING at WS_01 (1 couplings, 0.5 min)
09:49:12 | INFO     | t=12347.0: LOCO → Allocating for pickup from WS_01
09:49:12 | INFO     | t=12347.0: DISPATCHER → Task submitted: workshop_to_retrofitted (pending=3)
09:49:12 | INFO     | t=12351.5: LOCO[LOCO_01] → TRAIN_PREP at collection (coupling + prep, 3.0 min)
09:49:12 | INFO     | EVENT_PUBLISHED: TrainArrivedEvent | train=T163 | time=12376.5
09:49:12 | INFO     | EVENT_HANDLING: TrainArrivedEvent -> RetrofitWorkshopContext._handle_train_arrived
09:49:12 | INFO     | EVENT_HANDLED: TrainArrivedEvent by RetrofitWorkshopContext._handle_train_arrived
09:49:12 | INFO     | t=12391.0: LOCO[LOCO_02] → Releasing
09:49:12 | INFO     | t=12391.0: LOCO[LOCO_02] → Released
09:49:12 | INFO     | t=12391.0: PARKING → Got wagon W0167 from retrofitted
09:49:12 | INFO     | t=12391.0: DISPATCHER → Hold override for collection_to_retrofit (waited 125.5 min >= max 30.0 min)
09:49:12 | INFO     | t=12391.0: DISPATCHER → Assigned loco LOCO_02 to collection_to_retrofit (waited 125.5 min, pending=2)
09:49:12 | INFO     | t=12391.0: LOCO → Allocating for parking transport
09:49:12 | INFO     | t=12391.0: DISPATCHER → Task submitted: retrofitted_to_parking (pending=3)
09:49:12 | INFO     | EVENT_PUBLISHED: TrainArrivedEvent | train=T164 | time=12404.0
09:49:12 | INFO     | EVENT_HANDLING: TrainArrivedEvent -> RetrofitWorkshopContext._handle_train_arrived
09:49:12 | INFO     | EVENT_HANDLED: TrainArrivedEvent by RetrofitWorkshopContext._handle_train_arrived
09:49:12 | INFO     | t=12414.5: LOCO[LOCO_01] → DECOUPLING at retrofit (3.0 min)
09:49:12 | INFO     | t=12417.5: RAKE[W10873] → DECOUPLING at retrofit (0 couplings, 0.0 min)
09:49:12 | INFO     | t=12422.5: Batch size limited by retrofit capacity: 1 wagons (23.3m) fits, 18 waiting
09:49:12 | INFO     | t=12422.5: DISPATCHER → Assigned loco LOCO_01 to workshop_to_retrofitted (waited 240.5 min, pending=2)
09:49:12 | INFO     | t=12422.5: COLLECTION → Reserving retrofit track capacity for 1 wagons
09:49:12 | INFO     | t=12422.5: LOCO[LOCO_01] → Allocated for pickup
09:49:12 | INFO     | t=12429.5: LOCO[LOCO_01] → TRAIN_PREP completed at WS_02 (2.0 min)
09:49:12 | INFO     | t=12434.5: BATCH → Putting 2 wagons on retrofitted track retrofitted
09:49:12 | INFO     | t=12434.5: WAGON[W9043] → Added to retrofitted track retrofitted
09:49:12 | INFO     | t=12434.5: WAGON[W2149] → Added to retrofitted track retrofitted
09:49:12 | INFO     | t=12439.5: WORKSHOP[WS_02] → Released, notifying 1 waiting processes
09:49:12 | INFO     | t=12439.5: WORKSHOP → Workshop became available
09:49:12 | INFO     | t=12439.5: WORKSHOP[WS_02] → Selected for batch
09:49:12 | INFO     | t=12439.5: DISPATCHER → Hold override for retrofitted_to_parking (waited 48.5 min >= max 45.0 min)
09:49:12 | INFO     | t=12439.5: DISPATCHER → Assigned loco LOCO_01 to workshop_to_retrofitted (waited 92.5 min, pending=1)
09:49:12 | INFO     | t=12439.5: DISPATCHER → Hold override for retrofitted_to_parking (waited 48.5 min >= max 45.0 min)
09:49:12 | INFO     | t=12439.5: WAGON[W4506] → Added to batch
09:49:12 | INFO     | t=12439.5: BATCH[W1122,W4506] → Formed 2 wagons for WS_02
09:49:12 | INFO     | t=12439.5: LOCO[LOCO_01] → Allocated for pickup
09:49:12 | INFO     | t=12439.5: TRACK[retrofit] → Removed 2 wagons (39.8m freed)
09:49:12 | INFO     | t=12439.5: DISPATCHER → Task submitted: retrofit_to_workshop (pending=2)
09:49:12 | INFO     | t=12439.5: COLLECTION → Capacity reserved, allocating locomotive
09:49:12 | INFO     | t=12439.5: DISPATCHER → Task submitted: collection_to_retrofit (pending=3)
09:49:12 | INFO     | t=12446.5: LOCO[LOCO_01] → TRAIN_PREP completed at WS_01 (2.0 min)
09:49:12 | INFO     | t=12451.0: LOCO[LOCO_02] → TRAIN_PREP at collection (coupling + prep, 5.0 min)
09:49:12 | INFO     | t=12451.5: BATCH → Putting 2 wagons on retrofitted track retrofitted
09:49:12 | INFO     | t=12451.5: WAGON[W0680] → Added to retrofitted track retrofitted
09:49:12 | INFO     | t=12451.5: WAGON[W10441] → Added to retrofitted track retrofitted
09:49:12 | INFO     | t=12456.5: WORKSHOP[WS_01] → Released, notifying 0 waiting processes
09:49:12 | INFO     | t=12456.5: DISPATCHER → Hold override for retrofitted_to_parking (waited 65.5 min >= max 45.0 min)
09:49:12 | INFO     | t=12456.5: DISPATCHER → Assigned loco LOCO_01 to retrofit_to_workshop (waited 17.0 min, pending=2)
09:49:12 | INFO     | t=12456.5: DISPATCHER → Hold override for retrofitted_to_parking (waited 65.5 min >= max 45.0 min)
09:49:12 | INFO     | t=12456.5: RAKE[W1122,W4506] → COUPLING at retrofit (1 couplings, 2.0 min)
09:49:12 | INFO     | t=12456.5: WAGON[W11195] → Retrieved from retrofit queue
09:49:12 | INFO     | t=12456.5: WORKSHOP[WS_01] → Selected for batch
09:49:12 | INFO     | t=12456.5: WAGON[W1439] → Added to batch
09:49:12 | INFO     | t=12456.5: BATCH[W11195,W1439] → Formed 2 wagons for WS_01
09:49:12 | INFO     | t=12456.5: TRACK[retrofit] → Removed 2 wagons (57.2m freed)
09:49:12 | INFO     | t=12456.5: DISPATCHER → Task submitted: retrofit_to_workshop (pending=3)
09:49:12 | INFO     | t=12463.5: LOCO[LOCO_01] → COUPLING at retrofit (2.0 min)
09:49:12 | INFO     | t=12465.5: LOCO[LOCO_01] → SHUNTING_PREP at retrofit (1.0 min)
09:49:12 | INFO     | t=12471.5: LOCO[LOCO_01] → DECOUPLING at WS_02 (3.0 min)
09:49:12 | INFO     | t=12474.5: RAKE[W1122,W4506] → DECOUPLING at WS_02 (1 couplings, 3.0 min)
09:49:12 | INFO     | t=12477.5: WAGON[W1122] → RETROFIT_STARTED at WS_02
09:49:12 | INFO     | t=12477.5: WAGON[W4506] → RETROFIT_STARTED at WS_02
09:49:12 | INFO     | t=12482.5: DISPATCHER → Hold override for retrofitted_to_parking (waited 91.5 min >= max 45.0 min)
09:49:12 | INFO     | t=12482.5: DISPATCHER → Hold override for collection_to_retrofit (waited 43.0 min >= max 30.0 min)
09:49:12 | INFO     | t=12482.5: DISPATCHER → Assigned loco LOCO_01 to collection_to_retrofit (waited 43.0 min, pending=2)
09:49:12 | INFO     | t=12482.5: DISPATCHER → Hold override for retrofitted_to_parking (waited 91.5 min >= max 45.0 min)
09:49:12 | INFO     | t=12516.0: LOCO[LOCO_02] → DECOUPLING at retrofit (6.0 min)
09:49:12 | INFO     | t=12522.0: RAKE[W5380,W5280] → DECOUPLING at retrofit (1 couplings, 3.0 min)
09:49:12 | INFO     | t=12530.0: DISPATCHER → Hold override for retrofitted_to_parking (waited 139.0 min >= max 45.0 min)
09:49:12 | INFO     | t=12530.0: DISPATCHER → Assigned loco LOCO_02 to retrofit_to_workshop (waited 73.5 min, pending=1)
09:49:12 | INFO     | t=12530.0: DISPATCHER → Hold override for retrofitted_to_parking (waited 139.0 min >= max 45.0 min)
09:49:12 | INFO     | t=12530.0: RAKE[W11195,W1439] → COUPLING at retrofit (1 couplings, 2.0 min)
09:49:12 | INFO     | t=12530.0: WAGON[W10303] → Retrieved from retrofit queue
09:49:12 | INFO     | t=12530.0: WORKSHOP → No workshop available, waiting...
09:49:12 | INFO     | t=12530.0: Batch size limited by retrofit capacity: 5 wagons (76.2m) fits, 18 waiting
09:49:12 | INFO     | t=12530.0: COLLECTION → Reserving retrofit track capacity for 5 wagons
09:49:12 | INFO     | t=12530.0: COLLECTION → Capacity reserved, allocating locomotive
09:49:12 | INFO     | t=12530.0: DISPATCHER → Task submitted: collection_to_retrofit (pending=2)
09:49:12 | INFO     | t=12537.0: LOCO[LOCO_02] → COUPLING at retrofit (2.0 min)
09:49:12 | INFO     | t=12537.5: RAKE[W1122,W4506] → COUPLING at WS_02 (1 couplings, 0.5 min)
09:49:12 | INFO     | t=12538.0: LOCO → Allocating for pickup from WS_02
09:49:12 | INFO     | t=12538.0: DISPATCHER → Task submitted: workshop_to_retrofitted (pending=3)
09:49:12 | INFO     | t=12539.0: LOCO[LOCO_02] → SHUNTING_PREP at retrofit (1.0 min)
09:49:12 | INFO     | t=12542.5: LOCO[LOCO_01] → TRAIN_PREP at collection (coupling + prep, 3.0 min)
09:49:12 | INFO     | t=12545.0: LOCO[LOCO_02] → DECOUPLING at WS_01 (3.0 min)
09:49:12 | INFO     | t=12548.0: RAKE[W11195,W1439] → DECOUPLING at WS_01 (1 couplings, 3.0 min)
09:49:12 | INFO     | t=12551.0: WAGON[W11195] → RETROFIT_STARTED at WS_01
09:49:12 | INFO     | t=12551.0: WAGON[W1439] → RETROFIT_STARTED at WS_01
09:49:12 | INFO     | t=12556.0: DISPATCHER → Hold override for retrofitted_to_parking (waited 165.0 min >= max 45.0 min)
09:49:12 | INFO     | t=12556.0: DISPATCHER → Assigned loco LOCO_02 to retrofitted_to_parking (waited 165.0 min, pending=2)
09:49:12 | INFO     | t=12556.0: LOCO[LOCO_02] → Allocated for parking transport
09:49:12 | INFO     | EVENT_PUBLISHED: TrainArrivedEvent | train=T165 | time=12560.2
09:49:12 | INFO     | EVENT_HANDLING: TrainArrivedEvent -> RetrofitWorkshopContext._handle_train_arrived
09:49:12 | INFO     | EVENT_HANDLED: TrainArrivedEvent by RetrofitWorkshopContext._handle_train_arrived
09:49:12 | INFO     | t=12561.0: LOCO[LOCO_02] → TRAIN_PREP at retrofitted (coupling + prep, 4.0 min)
09:49:12 | INFO     | t=12570.0: LOCO[LOCO_02] → DECOUPLING at parking2 (3.0 min)
09:49:12 | INFO     | t=12573.0: RAKE[W0167,W0002,W10772,W0948,W5316,W9358] → DECOUPLING at parking2 (5 couplings, 2.5 min)
09:49:12 | INFO     | t=12580.5: LOCO[LOCO_02] → Releasing
09:49:12 | INFO     | t=12580.5: LOCO[LOCO_02] → Released
09:49:12 | INFO     | t=12580.5: PARKING → Got wagon W9043 from retrofitted
09:49:12 | INFO     | t=12580.5: DISPATCHER → Hold override for collection_to_retrofit (waited 50.5 min >= max 30.0 min)
09:49:12 | INFO     | t=12580.5: DISPATCHER → Assigned loco LOCO_02 to collection_to_retrofit (waited 50.5 min, pending=1)
09:49:12 | INFO     | t=12580.5: LOCO → Allocating for parking transport
09:49:12 | INFO     | t=12580.5: DISPATCHER → Task submitted: retrofitted_to_parking (pending=2)
09:49:12 | INFO     | EVENT_PUBLISHED: TrainArrivedEvent | train=T166 | time=12594.5
09:49:12 | INFO     | EVENT_HANDLING: TrainArrivedEvent -> RetrofitWorkshopContext._handle_train_arrived
09:49:12 | INFO     | EVENT_HANDLED: TrainArrivedEvent by RetrofitWorkshopContext._handle_train_arrived
09:49:12 | INFO     | EVENT_PUBLISHED: TrainArrivedEvent | train=T167 | time=12597.0
09:49:12 | INFO     | EVENT_HANDLING: TrainArrivedEvent -> RetrofitWorkshopContext._handle_train_arrived
09:49:12 | INFO     | EVENT_HANDLED: TrainArrivedEvent by RetrofitWorkshopContext._handle_train_arrived
09:49:12 | INFO     | t=12605.5: LOCO[LOCO_01] → DECOUPLING at retrofit (3.0 min)
09:49:12 | INFO     | t=12608.5: RAKE[W2910] → DECOUPLING at retrofit (0 couplings, 0.0 min)
09:49:12 | INFO     | EVENT_PUBLISHED: TrainArrivedEvent | train=T168 | time=12611.0
09:49:12 | INFO     | EVENT_HANDLING: TrainArrivedEvent -> RetrofitWorkshopContext._handle_train_arrived
09:49:12 | INFO     | EVENT_HANDLED: TrainArrivedEvent by RetrofitWorkshopContext._handle_train_arrived
09:49:12 | INFO     | t=12611.0: RAKE[W11195,W1439] → COUPLING at WS_01 (1 couplings, 0.5 min)
09:49:12 | INFO     | t=12611.5: LOCO → Allocating for pickup from WS_01
09:49:12 | INFO     | t=12611.5: DISPATCHER → Task submitted: workshop_to_retrofitted (pending=3)
09:49:12 | INFO     | t=12613.5: Batch size limited by retrofit capacity: 1 wagons (27.0m) fits, 18 waiting
09:49:12 | INFO     | t=12613.5: DISPATCHER → Assigned loco LOCO_01 to workshop_to_retrofitted (waited 75.5 min, pending=2)
09:49:12 | INFO     | t=12613.5: COLLECTION → Reserving retrofit track capacity for 1 wagons
09:49:12 | INFO     | t=12613.5: LOCO[LOCO_01] → Allocated for pickup
09:49:12 | INFO     | t=12620.5: LOCO[LOCO_01] → TRAIN_PREP completed at WS_02 (2.0 min)
09:49:12 | INFO     | t=12625.5: BATCH → Putting 2 wagons on retrofitted track retrofitted
09:49:12 | INFO     | t=12625.5: WAGON[W1122] → Added to retrofitted track retrofitted
09:49:12 | INFO     | t=12625.5: WAGON[W4506] → Added to retrofitted track retrofitted
09:49:12 | INFO     | t=12630.5: WORKSHOP[WS_02] → Released, notifying 1 waiting processes
09:49:12 | INFO     | t=12630.5: WORKSHOP → Workshop became available
09:49:12 | INFO     | t=12630.5: WORKSHOP[WS_02] → Selected for batch
09:49:12 | INFO     | t=12630.5: DISPATCHER → Hold override for retrofitted_to_parking (waited 50.0 min >= max 45.0 min)
09:49:12 | INFO     | t=12630.5: DISPATCHER → Assigned loco LOCO_01 to workshop_to_retrofitted (waited 19.0 min, pending=1)
09:49:12 | INFO     | t=12630.5: DISPATCHER → Hold override for retrofitted_to_parking (waited 50.0 min >= max 45.0 min)
09:49:12 | INFO     | t=12630.5: WAGON[W0367] → Added to batch
09:49:12 | INFO     | t=12630.5: BATCH[W10303,W0367] → Formed 2 wagons for WS_02
09:49:12 | INFO     | t=12630.5: LOCO[LOCO_01] → Allocated for pickup
09:49:12 | INFO     | t=12630.5: TRACK[retrofit] → Removed 2 wagons (36.7m freed)
09:49:12 | INFO     | t=12630.5: DISPATCHER → Task submitted: retrofit_to_workshop (pending=2)
09:49:12 | INFO     | t=12630.5: COLLECTION → Capacity reserved, allocating locomotive
09:49:12 | INFO     | t=12630.5: DISPATCHER → Task submitted: collection_to_retrofit (pending=3)
09:49:12 | INFO     | t=12637.5: LOCO[LOCO_01] → TRAIN_PREP completed at WS_01 (2.0 min)
09:49:12 | INFO     | t=12640.5: LOCO[LOCO_02] → TRAIN_PREP at collection (coupling + prep, 11.0 min)
09:49:12 | INFO     | t=12642.5: BATCH → Putting 2 wagons on retrofitted track retrofitted
09:49:12 | INFO     | t=12642.5: WAGON[W11195] → Added to retrofitted track retrofitted
09:49:12 | INFO     | t=12642.5: WAGON[W1439] → Added to retrofitted track retrofitted
09:49:12 | INFO     | t=12647.5: WORKSHOP[WS_01] → Released, notifying 0 waiting processes
09:49:12 | INFO     | t=12647.5: DISPATCHER → Hold override for retrofitted_to_parking (waited 67.0 min >= max 45.0 min)
09:49:12 | INFO     | t=12647.5: DISPATCHER → Assigned loco LOCO_01 to retrofit_to_workshop (waited 17.0 min, pending=2)
09:49:12 | INFO     | t=12647.5: DISPATCHER → Hold override for retrofitted_to_parking (waited 67.0 min >= max 45.0 min)
09:49:12 | INFO     | t=12647.5: RAKE[W10303,W0367] → COUPLING at retrofit (1 couplings, 2.0 min)
09:49:12 | INFO     | t=12647.5: WAGON[W2846] → Retrieved from retrofit queue
09:49:12 | INFO     | t=12647.5: WORKSHOP[WS_01] → Selected for batch
09:49:12 | INFO     | t=12647.5: WAGON[W5760] → Added to batch
09:49:12 | INFO     | t=12647.5: BATCH[W2846,W5760] → Formed 2 wagons for WS_01
09:49:12 | INFO     | t=12647.5: TRACK[retrofit] → Removed 2 wagons (37.6m freed)
09:49:12 | INFO     | t=12647.5: DISPATCHER → Task submitted: retrofit_to_workshop (pending=3)
09:49:12 | INFO     | t=12654.5: LOCO[LOCO_01] → COUPLING at retrofit (2.0 min)
09:49:12 | INFO     | t=12656.5: LOCO[LOCO_01] → SHUNTING_PREP at retrofit (1.0 min)
09:49:12 | INFO     | t=12662.5: LOCO[LOCO_01] → DECOUPLING at WS_02 (3.0 min)
09:49:12 | INFO     | EVENT_PUBLISHED: TrainArrivedEvent | train=T169 | time=12663.0
09:49:12 | INFO     | EVENT_HANDLING: TrainArrivedEvent -> RetrofitWorkshopContext._handle_train_arrived
09:49:12 | INFO     | EVENT_HANDLED: TrainArrivedEvent by RetrofitWorkshopContext._handle_train_arrived
09:49:12 | INFO     | t=12665.5: RAKE[W10303,W0367] → DECOUPLING at WS_02 (1 couplings, 3.0 min)
09:49:12 | INFO     | t=12668.5: WAGON[W10303] → RETROFIT_STARTED at WS_02
09:49:12 | INFO     | t=12668.5: WAGON[W0367] → RETROFIT_STARTED at WS_02
09:49:12 | INFO     | EVENT_PUBLISHED: TrainArrivedEvent | train=T170 | time=12669.0
09:49:12 | INFO     | EVENT_HANDLING: TrainArrivedEvent -> RetrofitWorkshopContext._handle_train_arrived
09:49:12 | INFO     | EVENT_HANDLED: TrainArrivedEvent by RetrofitWorkshopContext._handle_train_arrived
09:49:12 | INFO     | t=12673.5: DISPATCHER → Hold override for retrofitted_to_parking (waited 93.0 min >= max 45.0 min)
09:49:12 | INFO     | t=12673.5: DISPATCHER → Hold override for collection_to_retrofit (waited 43.0 min >= max 30.0 min)
09:49:12 | INFO     | t=12673.5: DISPATCHER → Assigned loco LOCO_01 to collection_to_retrofit (waited 43.0 min, pending=2)
09:49:12 | INFO     | t=12673.5: DISPATCHER → Hold override for retrofitted_to_parking (waited 93.0 min >= max 45.0 min)
09:49:12 | INFO     | t=12711.5: LOCO[LOCO_02] → DECOUPLING at retrofit (15.0 min)
09:49:12 | INFO     | t=12726.5: RAKE[W1120,W9143,W10883,W10896,W5395] → DECOUPLING at retrofit (4 couplings, 12.0 min)
09:49:12 | INFO     | t=12728.5: RAKE[W10303,W0367] → COUPLING at WS_02 (1 couplings, 0.5 min)
09:49:12 | INFO     | t=12729.0: LOCO → Allocating for pickup from WS_02
09:49:12 | INFO     | t=12729.0: DISPATCHER → Task submitted: workshop_to_retrofitted (pending=3)
09:49:12 | INFO     | t=12733.5: LOCO[LOCO_01] → TRAIN_PREP at collection (coupling + prep, 3.0 min)
09:49:12 | INFO     | t=12743.5: DISPATCHER → Hold override for retrofitted_to_parking (waited 163.0 min >= max 45.0 min)
09:49:12 | INFO     | t=12743.5: DISPATCHER → Assigned loco LOCO_02 to retrofit_to_workshop (waited 96.0 min, pending=2)
09:49:12 | INFO     | t=12743.5: DISPATCHER → Hold override for retrofitted_to_parking (waited 163.0 min >= max 45.0 min)
09:49:12 | INFO     | t=12743.5: Batch size limited by retrofit capacity: 2 wagons (31.2m) fits, 19 waiting
09:49:12 | INFO     | t=12743.5: RAKE[W2846,W5760] → COUPLING at retrofit (1 couplings, 2.0 min)
09:49:12 | INFO     | t=12743.5: COLLECTION → Reserving retrofit track capacity for 2 wagons
09:49:12 | INFO     | t=12743.5: WAGON[W4802] → Retrieved from retrofit queue
09:49:12 | INFO     | t=12743.5: WORKSHOP → No workshop available, waiting...
09:49:12 | INFO     | t=12743.5: COLLECTION → Capacity reserved, allocating locomotive
09:49:12 | INFO     | t=12743.5: DISPATCHER → Task submitted: collection_to_retrofit (pending=3)
09:49:12 | INFO     | EVENT_PUBLISHED: TrainArrivedEvent | train=T171 | time=12748.5
09:49:12 | INFO     | EVENT_HANDLING: TrainArrivedEvent -> RetrofitWorkshopContext._handle_train_arrived
09:49:12 | INFO     | EVENT_HANDLED: TrainArrivedEvent by RetrofitWorkshopContext._handle_train_arrived
09:49:12 | INFO     | t=12750.5: LOCO[LOCO_02] → COUPLING at retrofit (2.0 min)
09:49:12 | INFO     | t=12752.5: LOCO[LOCO_02] → SHUNTING_PREP at retrofit (1.0 min)
09:49:12 | INFO     | t=12758.5: LOCO[LOCO_02] → DECOUPLING at WS_01 (3.0 min)
09:49:12 | INFO     | t=12761.5: RAKE[W2846,W5760] → DECOUPLING at WS_01 (1 couplings, 3.0 min)
09:49:12 | INFO     | t=12764.5: WAGON[W2846] → RETROFIT_STARTED at WS_01
09:49:12 | INFO     | t=12764.5: WAGON[W5760] → RETROFIT_STARTED at WS_01
09:49:12 | INFO     | t=12769.5: DISPATCHER → Hold override for retrofitted_to_parking (waited 189.0 min >= max 45.0 min)
09:49:12 | INFO     | t=12769.5: DISPATCHER → Assigned loco LOCO_02 to retrofitted_to_parking (waited 189.0 min, pending=2)
09:49:12 | INFO     | t=12769.5: LOCO[LOCO_02] → Allocated for parking transport
09:49:12 | INFO     | t=12774.5: LOCO[LOCO_02] → TRAIN_PREP at retrofitted (coupling + prep, 3.0 min)
09:49:12 | INFO     | EVENT_PUBLISHED: TrainArrivedEvent | train=T172 | time=12777.0
09:49:12 | INFO     | EVENT_HANDLING: TrainArrivedEvent -> RetrofitWorkshopContext._handle_train_arrived
09:49:12 | INFO     | EVENT_HANDLED: TrainArrivedEvent by RetrofitWorkshopContext._handle_train_arrived
09:49:12 | INFO     | EVENT_PUBLISHED: TrainArrivedEvent | train=T173 | time=12787.2
09:49:12 | INFO     | EVENT_HANDLING: TrainArrivedEvent -> RetrofitWorkshopContext._handle_train_arrived
09:49:12 | INFO     | EVENT_HANDLED: TrainArrivedEvent by RetrofitWorkshopContext._handle_train_arrived
09:49:12 | INFO     | t=12796.5: LOCO[LOCO_01] → DECOUPLING at retrofit (3.0 min)
09:49:12 | INFO     | t=12799.5: RAKE[W0681] → DECOUPLING at retrofit (0 couplings, 0.0 min)
09:49:12 | INFO     | t=12804.5: Batch size limited by retrofit capacity: 1 wagons (23.2m) fits, 19 waiting
09:49:12 | INFO     | t=12804.5: DISPATCHER → Hold override for collection_to_retrofit (waited 61.0 min >= max 30.0 min)
09:49:12 | INFO     | t=12804.5: DISPATCHER → Assigned loco LOCO_01 to collection_to_retrofit (waited 61.0 min, pending=1)
09:49:12 | INFO     | t=12804.5: COLLECTION → Reserving retrofit track capacity for 1 wagons
09:49:12 | INFO     | t=12824.5: RAKE[W2846,W5760] → COUPLING at WS_01 (1 couplings, 0.5 min)
09:49:12 | INFO     | t=12825.0: LOCO → Allocating for pickup from WS_01
09:49:12 | INFO     | t=12825.0: DISPATCHER → Task submitted: workshop_to_retrofitted (pending=2)
09:49:12 | INFO     | t=12852.5: LOCO[LOCO_02] → DECOUPLING at parking13 (2.0 min)
09:49:12 | INFO     | t=12854.5: RAKE[W9043,W2149,W0680,W10441] → DECOUPLING at parking13 (3 couplings, 1.5 min)
09:49:12 | INFO     | t=12864.5: LOCO[LOCO_01] → TRAIN_PREP at collection (coupling + prep, 5.0 min)
09:49:12 | INFO     | t=12916.0: LOCO[LOCO_02] → Releasing
09:49:12 | INFO     | t=12916.0: LOCO[LOCO_02] → Released
09:49:12 | INFO     | t=12916.0: PARKING → Got wagon W1122 from retrofitted
09:49:12 | INFO     | t=12916.0: DISPATCHER → Assigned loco LOCO_02 to workshop_to_retrofitted (waited 187.0 min, pending=1)
09:49:12 | INFO     | t=12916.0: LOCO[LOCO_02] → Allocated for pickup
09:49:12 | INFO     | t=12916.0: LOCO → Allocating for parking transport
09:49:12 | INFO     | t=12916.0: DISPATCHER → Task submitted: retrofitted_to_parking (pending=2)
09:49:12 | INFO     | t=12923.0: LOCO[LOCO_02] → TRAIN_PREP completed at WS_02 (2.0 min)
09:49:12 | INFO     | t=12928.0: BATCH → Putting 2 wagons on retrofitted track retrofitted
09:49:12 | INFO     | t=12928.0: WAGON[W10303] → Added to retrofitted track retrofitted
09:49:12 | INFO     | t=12928.0: WAGON[W0367] → Added to retrofitted track retrofitted
09:49:12 | INFO     | t=12929.5: LOCO[LOCO_01] → DECOUPLING at retrofit (6.0 min)
09:49:12 | INFO     | t=12933.0: WORKSHOP[WS_02] → Released, notifying 1 waiting processes
09:49:12 | INFO     | t=12933.0: WORKSHOP → Workshop became available
09:49:12 | INFO     | t=12933.0: WORKSHOP[WS_02] → Selected for batch
09:49:12 | INFO     | t=12933.0: DISPATCHER → Assigned loco LOCO_02 to workshop_to_retrofitted (waited 108.0 min, pending=1)
09:49:12 | INFO     | t=12933.0: WAGON[W4457] → Added to batch
09:49:12 | INFO     | t=12933.0: BATCH[W4802,W4457] → Formed 2 wagons for WS_02
09:49:12 | INFO     | t=12933.0: LOCO[LOCO_02] → Allocated for pickup
09:49:12 | INFO     | t=12933.0: TRACK[retrofit] → Removed 2 wagons (31.9m freed)
09:49:12 | INFO     | t=12933.0: DISPATCHER → Task submitted: retrofit_to_workshop (pending=2)
09:49:12 | INFO     | t=12933.0: COLLECTION → Capacity reserved, allocating locomotive
09:49:12 | INFO     | t=12933.0: DISPATCHER → Task submitted: collection_to_retrofit (pending=3)
09:49:12 | INFO     | t=12935.5: RAKE[W6421,W2165] → DECOUPLING at retrofit (1 couplings, 3.0 min)
09:49:12 | INFO     | EVENT_PUBLISHED: TrainArrivedEvent | train=T174 | time=12939.0
09:49:12 | INFO     | EVENT_HANDLING: TrainArrivedEvent -> RetrofitWorkshopContext._handle_train_arrived
09:49:12 | INFO     | EVENT_HANDLED: TrainArrivedEvent by RetrofitWorkshopContext._handle_train_arrived
09:49:12 | INFO     | t=12940.0: LOCO[LOCO_02] → TRAIN_PREP completed at WS_01 (2.0 min)
09:49:12 | INFO     | t=12943.5: Batch size limited by retrofit capacity: 1 wagons (23.2m) fits, 20 waiting
09:49:12 | INFO     | t=12943.5: DISPATCHER → Assigned loco LOCO_01 to retrofit_to_workshop (waited 10.5 min, pending=2)
09:49:12 | INFO     | t=12943.5: COLLECTION → Reserving retrofit track capacity for 1 wagons
09:49:12 | INFO     | t=12943.5: RAKE[W4802,W4457] → COUPLING at retrofit (1 couplings, 2.0 min)
09:49:12 | INFO     | t=12943.5: COLLECTION → Capacity reserved, allocating locomotive
09:49:12 | INFO     | t=12943.5: DISPATCHER → Task submitted: collection_to_retrofit (pending=3)
09:49:12 | INFO     | t=12943.5: WAGON[W2736] → Retrieved from retrofit queue
09:49:12 | INFO     | t=12943.5: WORKSHOP → No workshop available, waiting...
09:49:12 | INFO     | t=12945.0: BATCH → Putting 2 wagons on retrofitted track retrofitted
09:49:12 | INFO     | t=12945.0: WAGON[W2846] → Added to retrofitted track retrofitted
09:49:12 | INFO     | t=12945.0: WAGON[W5760] → Added to retrofitted track retrofitted
09:49:12 | INFO     | t=12950.0: WORKSHOP[WS_01] → Released, notifying 1 waiting processes
09:49:12 | INFO     | t=12950.0: WORKSHOP → Workshop became available
09:49:12 | INFO     | t=12950.0: WORKSHOP[WS_01] → Selected for batch
09:49:12 | INFO     | t=12950.0: DISPATCHER → Assigned loco LOCO_02 to retrofitted_to_parking (waited 34.0 min, pending=2)
09:49:12 | INFO     | t=12950.0: WAGON[W5821] → Added to batch
09:49:12 | INFO     | t=12950.0: BATCH[W2736,W5821] → Formed 2 wagons for WS_01
09:49:12 | INFO     | t=12950.0: LOCO[LOCO_02] → Allocated for parking transport
09:49:12 | INFO     | t=12950.0: TRACK[retrofit] → Removed 2 wagons (38.2m freed)
09:49:12 | INFO     | t=12950.0: DISPATCHER → Task submitted: retrofit_to_workshop (pending=3)
09:49:12 | INFO     | t=12950.5: LOCO[LOCO_01] → COUPLING at retrofit (2.0 min)
09:49:12 | INFO     | t=12952.5: LOCO[LOCO_01] → SHUNTING_PREP at retrofit (1.0 min)
09:49:12 | INFO     | EVENT_PUBLISHED: TrainArrivedEvent | train=T175 | time=12954.5
09:49:12 | INFO     | EVENT_HANDLING: TrainArrivedEvent -> RetrofitWorkshopContext._handle_train_arrived
09:49:12 | INFO     | EVENT_HANDLED: TrainArrivedEvent by RetrofitWorkshopContext._handle_train_arrived
09:49:12 | INFO     | t=12955.0: LOCO[LOCO_02] → TRAIN_PREP at retrofitted (coupling + prep, 3.0 min)
09:49:12 | INFO     | t=12958.5: LOCO[LOCO_01] → DECOUPLING at WS_02 (3.0 min)
09:49:12 | INFO     | t=12961.5: RAKE[W4802,W4457] → DECOUPLING at WS_02 (1 couplings, 3.0 min)
09:49:12 | INFO     | EVENT_PUBLISHED: TrainArrivedEvent | train=T176 | time=12963.5
09:49:12 | INFO     | EVENT_HANDLING: TrainArrivedEvent -> RetrofitWorkshopContext._handle_train_arrived
09:49:12 | INFO     | EVENT_HANDLED: TrainArrivedEvent by RetrofitWorkshopContext._handle_train_arrived
09:49:12 | INFO     | t=12964.5: WAGON[W4802] → RETROFIT_STARTED at WS_02
09:49:12 | INFO     | t=12964.5: WAGON[W4457] → RETROFIT_STARTED at WS_02
09:49:12 | INFO     | t=12969.5: DISPATCHER → Hold override for collection_to_retrofit (waited 36.5 min >= max 30.0 min)
09:49:12 | INFO     | t=12969.5: DISPATCHER → Assigned loco LOCO_01 to collection_to_retrofit (waited 36.5 min, pending=2)
09:49:12 | INFO     | EVENT_PUBLISHED: TrainArrivedEvent | train=T177 | time=13015.8
09:49:12 | INFO     | EVENT_HANDLING: TrainArrivedEvent -> RetrofitWorkshopContext._handle_train_arrived
09:49:12 | INFO     | EVENT_HANDLED: TrainArrivedEvent by RetrofitWorkshopContext._handle_train_arrived
09:49:12 | INFO     | t=13024.5: RAKE[W4802,W4457] → COUPLING at WS_02 (1 couplings, 0.5 min)
09:49:12 | INFO     | t=13025.0: LOCO → Allocating for pickup from WS_02
09:49:12 | INFO     | t=13025.0: DISPATCHER → Task submitted: workshop_to_retrofitted (pending=3)
09:49:12 | INFO     | t=13029.5: LOCO[LOCO_01] → TRAIN_PREP at collection (coupling + prep, 3.0 min)
09:49:12 | INFO     | t=13078.0: LOCO[LOCO_02] → DECOUPLING at parking16 (2.0 min)
09:49:12 | INFO     | t=13080.0: RAKE[W1122,W4506,W11195,W1439] → DECOUPLING at parking16 (3 couplings, 1.5 min)
09:49:12 | INFO     | t=13092.5: LOCO[LOCO_01] → DECOUPLING at retrofit (3.0 min)
09:49:12 | INFO     | t=13095.5: RAKE[W12116] → DECOUPLING at retrofit (0 couplings, 0.0 min)
09:49:12 | INFO     | t=13100.5: DISPATCHER → Hold override for collection_to_retrofit (waited 157.0 min >= max 30.0 min)
09:49:12 | INFO     | t=13100.5: DISPATCHER → Assigned loco LOCO_01 to collection_to_retrofit (waited 157.0 min, pending=2)
09:49:12 | INFO     | t=13100.5: Batch size limited by retrofit capacity: 2 wagons (42.7m) fits, 18 waiting
09:49:12 | INFO     | t=13100.5: COLLECTION → Reserving retrofit track capacity for 2 wagons
09:49:12 | INFO     | t=13100.5: COLLECTION → Capacity reserved, allocating locomotive
09:49:12 | INFO     | t=13100.5: DISPATCHER → Task submitted: collection_to_retrofit (pending=3)
09:49:12 | INFO     | EVENT_PUBLISHED: TrainArrivedEvent | train=T178 | time=13103.5
09:49:12 | INFO     | EVENT_HANDLING: TrainArrivedEvent -> RetrofitWorkshopContext._handle_train_arrived
09:49:12 | INFO     | EVENT_HANDLED: TrainArrivedEvent by RetrofitWorkshopContext._handle_train_arrived
09:49:12 | INFO     | t=13141.5: LOCO[LOCO_02] → Releasing
09:49:12 | INFO     | t=13141.5: LOCO[LOCO_02] → Released
09:49:12 | INFO     | t=13141.5: PARKING → Got wagon W10303 from retrofitted
09:49:12 | INFO     | t=13141.5: DISPATCHER → Hold override for collection_to_retrofit (waited 41.0 min >= max 30.0 min)
09:49:12 | INFO     | t=13141.5: DISPATCHER → Assigned loco LOCO_02 to retrofit_to_workshop (waited 191.5 min, pending=2)
09:49:12 | INFO     | t=13141.5: RAKE[W2736,W5821] → COUPLING at retrofit (1 couplings, 2.0 min)
09:49:12 | INFO     | t=13141.5: WAGON[W12186] → Retrieved from retrofit queue
09:49:12 | INFO     | t=13141.5: WORKSHOP → No workshop available, waiting...
09:49:12 | INFO     | t=13141.5: LOCO → Allocating for parking transport
09:49:12 | INFO     | t=13141.5: DISPATCHER → Task submitted: retrofitted_to_parking (pending=3)
09:49:12 | INFO     | t=13148.5: LOCO[LOCO_02] → COUPLING at retrofit (2.0 min)
09:49:12 | INFO     | t=13150.5: LOCO[LOCO_02] → SHUNTING_PREP at retrofit (1.0 min)
09:49:12 | INFO     | t=13156.5: LOCO[LOCO_02] → DECOUPLING at WS_01 (3.0 min)
09:49:12 | INFO     | t=13159.5: RAKE[W2736,W5821] → DECOUPLING at WS_01 (1 couplings, 3.0 min)
09:49:12 | INFO     | t=13160.5: LOCO[LOCO_01] → TRAIN_PREP at collection (coupling + prep, 3.0 min)
09:49:12 | INFO     | t=13162.5: WAGON[W2736] → RETROFIT_STARTED at WS_01
09:49:12 | INFO     | t=13162.5: WAGON[W5821] → RETROFIT_STARTED at WS_01
09:49:12 | INFO     | t=13167.5: DISPATCHER → Hold override for collection_to_retrofit (waited 67.0 min >= max 30.0 min)
09:49:12 | INFO     | t=13167.5: DISPATCHER → Assigned loco LOCO_02 to collection_to_retrofit (waited 67.0 min, pending=2)
09:49:12 | INFO     | EVENT_PUBLISHED: TrainArrivedEvent | train=T179 | time=13171.8
09:49:12 | INFO     | EVENT_HANDLING: TrainArrivedEvent -> RetrofitWorkshopContext._handle_train_arrived
09:49:12 | INFO     | EVENT_HANDLED: TrainArrivedEvent by RetrofitWorkshopContext._handle_train_arrived
09:49:12 | INFO     | t=13222.5: RAKE[W2736,W5821] → COUPLING at WS_01 (1 couplings, 0.5 min)
09:49:12 | INFO     | t=13223.0: LOCO → Allocating for pickup from WS_01
09:49:12 | INFO     | t=13223.0: DISPATCHER → Task submitted: workshop_to_retrofitted (pending=3)
09:49:12 | INFO     | t=13223.5: LOCO[LOCO_01] → DECOUPLING at retrofit (3.0 min)
09:49:12 | INFO     | t=13226.5: RAKE[W8552] → DECOUPLING at retrofit (0 couplings, 0.0 min)
09:49:12 | INFO     | t=13227.5: LOCO[LOCO_02] → TRAIN_PREP at collection (coupling + prep, 5.0 min)
09:49:12 | INFO     | t=13231.5: Batch size limited by retrofit capacity: 1 wagons (9.6m) fits, 20 waiting
09:49:12 | INFO     | t=13231.5: DISPATCHER → Hold override for retrofitted_to_parking (waited 90.0 min >= max 45.0 min)
09:49:12 | INFO     | t=13231.5: DISPATCHER → Assigned loco LOCO_01 to workshop_to_retrofitted (waited 206.5 min, pending=2)
09:49:12 | INFO     | t=13231.5: DISPATCHER → Hold override for retrofitted_to_parking (waited 90.0 min >= max 45.0 min)
09:49:12 | INFO     | t=13231.5: COLLECTION → Reserving retrofit track capacity for 1 wagons
09:49:12 | INFO     | t=13231.5: LOCO[LOCO_01] → Allocated for pickup
09:49:12 | INFO     | t=13238.5: LOCO[LOCO_01] → TRAIN_PREP completed at WS_02 (2.0 min)
09:49:12 | INFO     | t=13243.5: BATCH → Putting 2 wagons on retrofitted track retrofitted
09:49:12 | INFO     | t=13243.5: WAGON[W4802] → Added to retrofitted track retrofitted
09:49:12 | INFO     | t=13243.5: WAGON[W4457] → Added to retrofitted track retrofitted
09:49:12 | INFO     | t=13248.5: WORKSHOP[WS_02] → Released, notifying 1 waiting processes
09:49:12 | INFO     | t=13248.5: WORKSHOP → Workshop became available
09:49:12 | INFO     | t=13248.5: WORKSHOP[WS_02] → Selected for batch
09:49:12 | INFO     | t=13248.5: DISPATCHER → Hold override for retrofitted_to_parking (waited 107.0 min >= max 45.0 min)
09:49:12 | INFO     | t=13248.5: DISPATCHER → Assigned loco LOCO_01 to workshop_to_retrofitted (waited 25.5 min, pending=1)
09:49:12 | INFO     | t=13248.5: DISPATCHER → Hold override for retrofitted_to_parking (waited 107.0 min >= max 45.0 min)
09:49:12 | INFO     | t=13248.5: WAGON[W10873] → Added to batch
09:49:12 | INFO     | t=13248.5: BATCH[W12186,W10873] → Formed 2 wagons for WS_02
09:49:12 | INFO     | t=13248.5: LOCO[LOCO_01] → Allocated for pickup
09:49:12 | INFO     | t=13248.5: TRACK[retrofit] → Removed 2 wagons (38.3m freed)
09:49:12 | INFO     | t=13248.5: DISPATCHER → Task submitted: retrofit_to_workshop (pending=2)
09:49:12 | INFO     | t=13248.5: COLLECTION → Capacity reserved, allocating locomotive
09:49:12 | INFO     | t=13248.5: DISPATCHER → Task submitted: collection_to_retrofit (pending=3)
09:49:12 | INFO     | t=13255.5: LOCO[LOCO_01] → TRAIN_PREP completed at WS_01 (2.0 min)
09:49:12 | INFO     | t=13260.5: BATCH → Putting 2 wagons on retrofitted track retrofitted
09:49:12 | INFO     | t=13260.5: WAGON[W2736] → Added to retrofitted track retrofitted
09:49:12 | INFO     | t=13260.5: WAGON[W5821] → Added to retrofitted track retrofitted
09:49:12 | INFO     | t=13265.5: WORKSHOP[WS_01] → Released, notifying 0 waiting processes
09:49:12 | INFO     | t=13265.5: DISPATCHER → Hold override for retrofitted_to_parking (waited 124.0 min >= max 45.0 min)
09:49:12 | INFO     | t=13265.5: DISPATCHER → Assigned loco LOCO_01 to retrofit_to_workshop (waited 17.0 min, pending=2)
09:49:12 | INFO     | t=13265.5: DISPATCHER → Hold override for retrofitted_to_parking (waited 124.0 min >= max 45.0 min)
09:49:12 | INFO     | t=13265.5: RAKE[W12186,W10873] → COUPLING at retrofit (1 couplings, 2.0 min)
09:49:12 | INFO     | t=13265.5: WAGON[W5380] → Retrieved from retrofit queue
09:49:12 | INFO     | t=13265.5: WORKSHOP[WS_01] → Selected for batch
09:49:12 | INFO     | t=13265.5: WAGON[W5280] → Added to batch
09:49:12 | INFO     | t=13265.5: BATCH[W5380,W5280] → Formed 2 wagons for WS_01
09:49:12 | INFO     | t=13265.5: TRACK[retrofit] → Removed 2 wagons (32.8m freed)
09:49:12 | INFO     | t=13265.5: DISPATCHER → Task submitted: retrofit_to_workshop (pending=3)
09:49:12 | INFO     | t=13272.5: LOCO[LOCO_01] → COUPLING at retrofit (2.0 min)
09:49:12 | INFO     | t=13274.5: LOCO[LOCO_01] → SHUNTING_PREP at retrofit (1.0 min)
09:49:12 | INFO     | t=13280.5: LOCO[LOCO_01] → DECOUPLING at WS_02 (3.0 min)
09:49:12 | INFO     | t=13283.5: RAKE[W12186,W10873] → DECOUPLING at WS_02 (1 couplings, 3.0 min)
09:49:12 | INFO     | t=13286.5: WAGON[W12186] → RETROFIT_STARTED at WS_02
09:49:12 | INFO     | t=13286.5: WAGON[W10873] → RETROFIT_STARTED at WS_02
09:49:12 | INFO     | t=13291.5: DISPATCHER → Hold override for retrofitted_to_parking (waited 150.0 min >= max 45.0 min)
09:49:12 | INFO     | t=13291.5: DISPATCHER → Hold override for collection_to_retrofit (waited 43.0 min >= max 30.0 min)
09:49:12 | INFO     | t=13291.5: DISPATCHER → Assigned loco LOCO_01 to collection_to_retrofit (waited 43.0 min, pending=2)
09:49:12 | INFO     | t=13291.5: DISPATCHER → Hold override for retrofitted_to_parking (waited 150.0 min >= max 45.0 min)
09:49:12 | INFO     | t=13292.5: LOCO[LOCO_02] → DECOUPLING at retrofit (6.0 min)
09:49:12 | INFO     | t=13298.5: RAKE[W0698,W10150] → DECOUPLING at retrofit (1 couplings, 3.0 min)
09:49:12 | INFO     | EVENT_PUBLISHED: TrainArrivedEvent | train=T180 | time=13298.8
09:49:12 | INFO     | EVENT_HANDLING: TrainArrivedEvent -> RetrofitWorkshopContext._handle_train_arrived
09:49:12 | INFO     | EVENT_HANDLED: TrainArrivedEvent by RetrofitWorkshopContext._handle_train_arrived
09:49:12 | INFO     | t=13306.5: DISPATCHER → Hold override for retrofitted_to_parking (waited 165.0 min >= max 45.0 min)
09:49:12 | INFO     | t=13306.5: DISPATCHER → Assigned loco LOCO_02 to retrofit_to_workshop (waited 41.0 min, pending=1)
09:49:12 | INFO     | t=13306.5: DISPATCHER → Hold override for retrofitted_to_parking (waited 165.0 min >= max 45.0 min)
09:49:12 | INFO     | t=13306.5: RAKE[W5380,W5280] → COUPLING at retrofit (1 couplings, 2.0 min)
09:49:12 | INFO     | t=13306.5: WAGON[W2910] → Retrieved from retrofit queue
09:49:12 | INFO     | t=13306.5: WORKSHOP → No workshop available, waiting...
09:49:12 | INFO     | t=13306.5: Batch size limited by retrofit capacity: 4 wagons (55.5m) fits, 16 waiting
09:49:12 | INFO     | t=13306.5: COLLECTION → Reserving retrofit track capacity for 4 wagons
09:49:12 | INFO     | t=13306.5: COLLECTION → Capacity reserved, allocating locomotive
09:49:12 | INFO     | t=13306.5: DISPATCHER → Task submitted: collection_to_retrofit (pending=2)
09:49:12 | INFO     | t=13313.5: LOCO[LOCO_02] → COUPLING at retrofit (2.0 min)
09:49:12 | INFO     | EVENT_PUBLISHED: TrainArrivedEvent | train=T181 | time=13314.5
09:49:12 | INFO     | EVENT_HANDLING: TrainArrivedEvent -> RetrofitWorkshopContext._handle_train_arrived
09:49:12 | INFO     | EVENT_HANDLED: TrainArrivedEvent by RetrofitWorkshopContext._handle_train_arrived
09:49:12 | INFO     | t=13315.5: LOCO[LOCO_02] → SHUNTING_PREP at retrofit (1.0 min)
09:49:12 | INFO     | t=13321.5: LOCO[LOCO_02] → DECOUPLING at WS_01 (3.0 min)
09:49:12 | INFO     | t=13324.5: RAKE[W5380,W5280] → DECOUPLING at WS_01 (1 couplings, 3.0 min)
09:49:12 | INFO     | t=13327.5: WAGON[W5380] → RETROFIT_STARTED at WS_01
09:49:12 | INFO     | t=13327.5: WAGON[W5280] → RETROFIT_STARTED at WS_01
09:49:12 | INFO     | t=13332.5: DISPATCHER → Hold override for retrofitted_to_parking (waited 191.0 min >= max 45.0 min)
09:49:12 | INFO     | t=13332.5: DISPATCHER → Assigned loco LOCO_02 to retrofitted_to_parking (waited 191.0 min, pending=1)
09:49:12 | INFO     | t=13332.5: LOCO[LOCO_02] → Allocated for parking transport
09:49:12 | INFO     | t=13337.5: DISPATCHER → Hold override for collection_to_retrofit (waited 31.0 min >= max 30.0 min)
09:49:12 | INFO     | t=13337.5: LOCO[LOCO_02] → TRAIN_PREP at retrofitted (coupling + prep, 3.0 min)
09:49:12 | INFO     | t=13345.5: LOCO[LOCO_02] → DECOUPLING at parking6 (2.0 min)
09:49:12 | INFO     | t=13346.5: RAKE[W12186,W10873] → COUPLING at WS_02 (1 couplings, 0.5 min)
09:49:12 | INFO     | t=13347.0: LOCO → Allocating for pickup from WS_02
09:49:12 | INFO     | t=13347.0: DISPATCHER → Task submitted: workshop_to_retrofitted (pending=2)
09:49:12 | INFO     | t=13347.5: RAKE[W10303,W0367,W2846,W5760] → DECOUPLING at parking6 (3 couplings, 1.5 min)
09:49:12 | INFO     | t=13351.5: LOCO[LOCO_01] → TRAIN_PREP at collection (coupling + prep, 3.0 min)
09:49:12 | INFO     | t=13354.0: LOCO[LOCO_02] → Releasing
09:49:12 | INFO     | t=13354.0: LOCO[LOCO_02] → Released
09:49:12 | INFO     | t=13354.0: PARKING → Got wagon W4802 from retrofitted
09:49:12 | INFO     | t=13354.0: DISPATCHER → Hold override for collection_to_retrofit (waited 47.5 min >= max 30.0 min)
09:49:12 | INFO     | t=13354.0: DISPATCHER → Assigned loco LOCO_02 to collection_to_retrofit (waited 47.5 min, pending=1)
09:49:12 | INFO     | t=13354.0: LOCO → Allocating for parking transport
09:49:12 | INFO     | t=13354.0: DISPATCHER → Task submitted: retrofitted_to_parking (pending=2)
09:49:12 | INFO     | t=13387.5: RAKE[W5380,W5280] → COUPLING at WS_01 (1 couplings, 0.5 min)
09:49:12 | INFO     | t=13388.0: LOCO → Allocating for pickup from WS_01
09:49:12 | INFO     | t=13388.0: DISPATCHER → Task submitted: workshop_to_retrofitted (pending=3)
09:49:12 | INFO     | EVENT_PUBLISHED: TrainArrivedEvent | train=T182 | time=13389.2
09:49:12 | INFO     | EVENT_HANDLING: TrainArrivedEvent -> RetrofitWorkshopContext._handle_train_arrived
09:49:12 | INFO     | EVENT_HANDLED: TrainArrivedEvent by RetrofitWorkshopContext._handle_train_arrived
09:49:12 | INFO     | EVENT_PUBLISHED: TrainArrivedEvent | train=T183 | time=13392.5
09:49:12 | INFO     | EVENT_HANDLING: TrainArrivedEvent -> RetrofitWorkshopContext._handle_train_arrived
09:49:12 | INFO     | EVENT_HANDLED: TrainArrivedEvent by RetrofitWorkshopContext._handle_train_arrived
09:49:12 | INFO     | t=13414.0: LOCO[LOCO_02] → TRAIN_PREP at collection (coupling + prep, 9.0 min)
09:49:12 | INFO     | t=13414.5: LOCO[LOCO_01] → DECOUPLING at retrofit (3.0 min)
09:49:12 | INFO     | t=13417.5: RAKE[W0841] → DECOUPLING at retrofit (0 couplings, 0.0 min)
09:49:12 | INFO     | t=13422.5: Batch size limited by retrofit capacity: 1 wagons (16.4m) fits, 20 waiting
09:49:12 | INFO     | t=13422.5: DISPATCHER → Hold override for retrofitted_to_parking (waited 68.5 min >= max 45.0 min)
09:49:12 | INFO     | t=13422.5: DISPATCHER → Assigned loco LOCO_01 to workshop_to_retrofitted (waited 75.5 min, pending=2)
09:49:12 | INFO     | t=13422.5: DISPATCHER → Hold override for retrofitted_to_parking (waited 68.5 min >= max 45.0 min)
09:49:12 | INFO     | t=13422.5: COLLECTION → Reserving retrofit track capacity for 1 wagons
09:49:12 | INFO     | t=13422.5: LOCO[LOCO_01] → Allocated for pickup
09:49:12 | INFO     | t=13429.5: LOCO[LOCO_01] → TRAIN_PREP completed at WS_02 (2.0 min)
09:49:12 | INFO     | t=13434.5: BATCH → Putting 2 wagons on retrofitted track retrofitted
09:49:12 | INFO     | t=13434.5: WAGON[W12186] → Added to retrofitted track retrofitted
09:49:12 | INFO     | t=13434.5: WAGON[W10873] → Added to retrofitted track retrofitted
09:49:12 | INFO     | t=13439.5: WORKSHOP[WS_02] → Released, notifying 1 waiting processes
09:49:12 | INFO     | t=13439.5: WORKSHOP → Workshop became available
09:49:12 | INFO     | t=13439.5: WORKSHOP[WS_02] → Selected for batch
09:49:12 | INFO     | t=13439.5: DISPATCHER → Hold override for retrofitted_to_parking (waited 85.5 min >= max 45.0 min)
09:49:12 | INFO     | t=13439.5: DISPATCHER → Assigned loco LOCO_01 to workshop_to_retrofitted (waited 51.5 min, pending=1)
09:49:12 | INFO     | t=13439.5: DISPATCHER → Hold override for retrofitted_to_parking (waited 85.5 min >= max 45.0 min)
09:49:12 | INFO     | t=13439.5: WAGON[W1120] → Added to batch
09:49:12 | INFO     | t=13439.5: BATCH[W2910,W1120] → Formed 2 wagons for WS_02
09:49:12 | INFO     | t=13439.5: LOCO[LOCO_01] → Allocated for pickup
09:49:12 | INFO     | t=13439.5: TRACK[retrofit] → Removed 2 wagons (43.2m freed)
09:49:12 | INFO     | t=13439.5: DISPATCHER → Task submitted: retrofit_to_workshop (pending=2)
09:49:12 | INFO     | t=13439.5: COLLECTION → Capacity reserved, allocating locomotive
09:49:12 | INFO     | t=13439.5: DISPATCHER → Task submitted: collection_to_retrofit (pending=3)
09:49:12 | INFO     | t=13446.5: LOCO[LOCO_01] → TRAIN_PREP completed at WS_01 (2.0 min)
09:49:12 | INFO     | t=13451.5: BATCH → Putting 2 wagons on retrofitted track retrofitted
09:49:12 | INFO     | t=13451.5: WAGON[W5380] → Added to retrofitted track retrofitted
09:49:12 | INFO     | t=13451.5: WAGON[W5280] → Added to retrofitted track retrofitted
09:49:12 | INFO     | t=13456.5: WORKSHOP[WS_01] → Released, notifying 0 waiting processes
09:49:12 | INFO     | t=13456.5: DISPATCHER → Hold override for retrofitted_to_parking (waited 102.5 min >= max 45.0 min)
09:49:12 | INFO     | t=13456.5: DISPATCHER → Assigned loco LOCO_01 to retrofit_to_workshop (waited 17.0 min, pending=2)
09:49:12 | INFO     | t=13456.5: DISPATCHER → Hold override for retrofitted_to_parking (waited 102.5 min >= max 45.0 min)
09:49:12 | INFO     | t=13456.5: RAKE[W2910,W1120] → COUPLING at retrofit (1 couplings, 2.0 min)
09:49:12 | INFO     | t=13456.5: WAGON[W9143] → Retrieved from retrofit queue
09:49:12 | INFO     | t=13456.5: WORKSHOP[WS_01] → Selected for batch
09:49:12 | INFO     | t=13456.5: WAGON[W10883] → Added to batch
09:49:12 | INFO     | t=13456.5: BATCH[W9143,W10883] → Formed 2 wagons for WS_01
09:49:12 | INFO     | t=13456.5: TRACK[retrofit] → Removed 2 wagons (27.1m freed)
09:49:12 | INFO     | t=13456.5: DISPATCHER → Task submitted: retrofit_to_workshop (pending=3)
09:49:12 | INFO     | EVENT_PUBLISHED: TrainArrivedEvent | train=T184 | time=13460.0
09:49:12 | INFO     | EVENT_HANDLING: TrainArrivedEvent -> RetrofitWorkshopContext._handle_train_arrived
09:49:12 | INFO     | EVENT_HANDLED: TrainArrivedEvent by RetrofitWorkshopContext._handle_train_arrived
09:49:12 | INFO     | t=13463.5: LOCO[LOCO_01] → COUPLING at retrofit (2.0 min)
09:49:12 | INFO     | t=13465.5: LOCO[LOCO_01] → SHUNTING_PREP at retrofit (1.0 min)
09:49:12 | INFO     | t=13471.5: LOCO[LOCO_01] → DECOUPLING at WS_02 (3.0 min)
09:49:12 | INFO     | t=13474.5: RAKE[W2910,W1120] → DECOUPLING at WS_02 (1 couplings, 3.0 min)
09:49:12 | INFO     | t=13477.5: WAGON[W2910] → RETROFIT_STARTED at WS_02
09:49:12 | INFO     | t=13477.5: WAGON[W1120] → RETROFIT_STARTED at WS_02
09:49:12 | INFO     | t=13482.5: DISPATCHER → Hold override for retrofitted_to_parking (waited 128.5 min >= max 45.0 min)
09:49:12 | INFO     | t=13482.5: DISPATCHER → Hold override for collection_to_retrofit (waited 43.0 min >= max 30.0 min)
09:49:12 | INFO     | t=13482.5: DISPATCHER → Assigned loco LOCO_01 to collection_to_retrofit (waited 43.0 min, pending=2)
09:49:12 | INFO     | t=13482.5: DISPATCHER → Hold override for retrofitted_to_parking (waited 128.5 min >= max 45.0 min)
09:49:12 | INFO     | t=13483.0: LOCO[LOCO_02] → DECOUPLING at retrofit (12.0 min)
09:49:12 | INFO     | EVENT_PUBLISHED: TrainArrivedEvent | train=T185 | time=13487.5
09:49:12 | INFO     | EVENT_HANDLING: TrainArrivedEvent -> RetrofitWorkshopContext._handle_train_arrived
09:49:12 | INFO     | EVENT_HANDLED: TrainArrivedEvent by RetrofitWorkshopContext._handle_train_arrived
09:49:12 | INFO     | t=13495.0: RAKE[W0839,W2324,W5992,W9943] → DECOUPLING at retrofit (3 couplings, 9.0 min)
09:49:12 | INFO     | t=13509.0: DISPATCHER → Hold override for retrofitted_to_parking (waited 155.0 min >= max 45.0 min)
09:49:12 | INFO     | t=13509.0: DISPATCHER → Assigned loco LOCO_02 to retrofit_to_workshop (waited 52.5 min, pending=1)
09:49:12 | INFO     | t=13509.0: DISPATCHER → Hold override for retrofitted_to_parking (waited 155.0 min >= max 45.0 min)
09:49:12 | INFO     | t=13509.0: Batch size limited by retrofit capacity: 2 wagons (42.2m) fits, 17 waiting
09:49:12 | INFO     | t=13509.0: RAKE[W9143,W10883] → COUPLING at retrofit (1 couplings, 2.0 min)
09:49:12 | INFO     | t=13509.0: COLLECTION → Reserving retrofit track capacity for 2 wagons
09:49:12 | INFO     | t=13509.0: WAGON[W10896] → Retrieved from retrofit queue
09:49:12 | INFO     | t=13509.0: WORKSHOP → No workshop available, waiting...
09:49:12 | INFO     | t=13509.0: COLLECTION → Capacity reserved, allocating locomotive
09:49:12 | INFO     | t=13509.0: DISPATCHER → Task submitted: collection_to_retrofit (pending=2)
09:49:12 | INFO     | t=13516.0: LOCO[LOCO_02] → COUPLING at retrofit (2.0 min)
09:49:12 | INFO     | t=13518.0: LOCO[LOCO_02] → SHUNTING_PREP at retrofit (1.0 min)
09:49:12 | INFO     | t=13524.0: LOCO[LOCO_02] → DECOUPLING at WS_01 (3.0 min)
09:49:12 | INFO     | t=13527.0: RAKE[W9143,W10883] → DECOUPLING at WS_01 (1 couplings, 3.0 min)
09:49:12 | INFO     | t=13530.0: WAGON[W9143] → RETROFIT_STARTED at WS_01
09:49:12 | INFO     | t=13530.0: WAGON[W10883] → RETROFIT_STARTED at WS_01
09:49:12 | INFO     | t=13535.0: DISPATCHER → Hold override for retrofitted_to_parking (waited 181.0 min >= max 45.0 min)
09:49:12 | INFO     | t=13535.0: DISPATCHER → Assigned loco LOCO_02 to retrofitted_to_parking (waited 181.0 min, pending=1)
09:49:12 | INFO     | t=13535.0: LOCO[LOCO_02] → Allocated for parking transport
09:49:12 | INFO     | t=13537.5: RAKE[W2910,W1120] → COUPLING at WS_02 (1 couplings, 0.5 min)
09:49:12 | INFO     | t=13538.0: LOCO → Allocating for pickup from WS_02
09:49:12 | INFO     | t=13538.0: DISPATCHER → Task submitted: workshop_to_retrofitted (pending=2)
09:49:12 | INFO     | t=13540.0: LOCO[LOCO_02] → TRAIN_PREP at retrofitted (coupling + prep, 3.0 min)
09:49:12 | INFO     | t=13542.5: LOCO[LOCO_01] → TRAIN_PREP at collection (coupling + prep, 3.0 min)
09:49:12 | INFO     | t=13590.0: RAKE[W9143,W10883] → COUPLING at WS_01 (1 couplings, 0.5 min)
09:49:12 | INFO     | t=13590.5: LOCO → Allocating for pickup from WS_01
09:49:12 | INFO     | t=13590.5: DISPATCHER → Task submitted: workshop_to_retrofitted (pending=3)
09:49:12 | INFO     | t=13603.0: LOCO[LOCO_02] → DECOUPLING at parking10 (2.0 min)
09:49:12 | INFO     | t=13605.0: RAKE[W4802,W4457,W2736,W5821] → DECOUPLING at parking10 (3 couplings, 1.5 min)
09:49:12 | INFO     | t=13605.5: LOCO[LOCO_01] → DECOUPLING at retrofit (3.0 min)
09:49:12 | INFO     | t=13608.5: RAKE[W5173] → DECOUPLING at retrofit (0 couplings, 0.0 min)
09:49:12 | INFO     | t=13613.5: Batch size limited by retrofit capacity: 1 wagons (19.9m) fits, 20 waiting
09:49:12 | INFO     | t=13613.5: DISPATCHER → Hold override for collection_to_retrofit (waited 104.5 min >= max 30.0 min)
09:49:12 | INFO     | t=13613.5: DISPATCHER → Assigned loco LOCO_01 to collection_to_retrofit (waited 104.5 min, pending=2)
09:49:12 | INFO     | t=13613.5: COLLECTION → Reserving retrofit track capacity for 1 wagons
09:49:12 | INFO     | EVENT_PUBLISHED: TrainArrivedEvent | train=T186 | time=13633.2
09:49:12 | INFO     | EVENT_HANDLING: TrainArrivedEvent -> RetrofitWorkshopContext._handle_train_arrived
09:49:12 | INFO     | EVENT_HANDLED: TrainArrivedEvent by RetrofitWorkshopContext._handle_train_arrived
09:49:12 | INFO     | EVENT_PUBLISHED: TrainArrivedEvent | train=T187 | time=13647.2
09:49:12 | INFO     | EVENT_HANDLING: TrainArrivedEvent -> RetrofitWorkshopContext._handle_train_arrived
09:49:12 | INFO     | EVENT_HANDLED: TrainArrivedEvent by RetrofitWorkshopContext._handle_train_arrived
09:49:12 | INFO     | t=13666.5: LOCO[LOCO_02] → Releasing
09:49:12 | INFO     | t=13666.5: LOCO[LOCO_02] → Released
09:49:12 | INFO     | t=13666.5: PARKING → Got wagon W12186 from retrofitted
09:49:12 | INFO     | t=13666.5: DISPATCHER → Assigned loco LOCO_02 to workshop_to_retrofitted (waited 128.5 min, pending=1)
09:49:12 | INFO     | t=13666.5: LOCO[LOCO_02] → Allocated for pickup
09:49:12 | INFO     | t=13666.5: LOCO → Allocating for parking transport
09:49:12 | INFO     | t=13666.5: DISPATCHER → Task submitted: retrofitted_to_parking (pending=2)
09:49:12 | INFO     | t=13673.5: LOCO[LOCO_01] → TRAIN_PREP at collection (coupling + prep, 5.0 min)
09:49:12 | INFO     | t=13673.5: LOCO[LOCO_02] → TRAIN_PREP completed at WS_02 (2.0 min)
09:49:12 | INFO     | t=13678.5: BATCH → Putting 2 wagons on retrofitted track retrofitted
09:49:12 | INFO     | t=13678.5: WAGON[W2910] → Added to retrofitted track retrofitted
09:49:12 | INFO     | t=13678.5: WAGON[W1120] → Added to retrofitted track retrofitted
09:49:12 | INFO     | t=13683.5: WORKSHOP[WS_02] → Released, notifying 1 waiting processes
09:49:12 | INFO     | t=13683.5: WORKSHOP → Workshop became available
09:49:12 | INFO     | t=13683.5: WORKSHOP[WS_02] → Selected for batch
09:49:12 | INFO     | t=13683.5: DISPATCHER → Assigned loco LOCO_02 to workshop_to_retrofitted (waited 93.0 min, pending=1)
09:49:12 | INFO     | t=13683.5: WAGON[W5395] → Added to batch
09:49:12 | INFO     | t=13683.5: BATCH[W10896,W5395] → Formed 2 wagons for WS_02
09:49:12 | INFO     | t=13683.5: LOCO[LOCO_02] → Allocated for pickup
09:49:12 | INFO     | t=13683.5: TRACK[retrofit] → Removed 2 wagons (29.1m freed)
09:49:12 | INFO     | t=13683.5: DISPATCHER → Task submitted: retrofit_to_workshop (pending=2)
09:49:12 | INFO     | t=13683.5: COLLECTION → Capacity reserved, allocating locomotive
09:49:12 | INFO     | t=13683.5: DISPATCHER → Task submitted: collection_to_retrofit (pending=3)
09:49:12 | INFO     | t=13690.5: LOCO[LOCO_02] → TRAIN_PREP completed at WS_01 (2.0 min)
09:49:12 | INFO     | t=13695.5: BATCH → Putting 2 wagons on retrofitted track retrofitted
09:49:12 | INFO     | t=13695.5: WAGON[W9143] → Added to retrofitted track retrofitted
09:49:12 | INFO     | t=13695.5: WAGON[W10883] → Added to retrofitted track retrofitted
09:49:12 | INFO     | t=13700.5: WORKSHOP[WS_01] → Released, notifying 0 waiting processes
09:49:12 | INFO     | t=13700.5: DISPATCHER → Assigned loco LOCO_02 to retrofit_to_workshop (waited 17.0 min, pending=2)
09:49:12 | INFO     | t=13700.5: RAKE[W10896,W5395] → COUPLING at retrofit (1 couplings, 2.0 min)
09:49:12 | INFO     | t=13700.5: WAGON[W0681] → Retrieved from retrofit queue
09:49:12 | INFO     | t=13700.5: WORKSHOP[WS_01] → Selected for batch
09:49:12 | INFO     | t=13700.5: WAGON[W6421] → Added to batch
09:49:12 | INFO     | t=13700.5: BATCH[W0681,W6421] → Formed 2 wagons for WS_01
09:49:12 | INFO     | t=13700.5: TRACK[retrofit] → Removed 2 wagons (41.0m freed)
09:49:12 | INFO     | t=13700.5: DISPATCHER → Task submitted: retrofit_to_workshop (pending=3)
09:49:12 | INFO     | t=13707.5: LOCO[LOCO_02] → COUPLING at retrofit (2.0 min)
09:49:12 | INFO     | t=13709.5: LOCO[LOCO_02] → SHUNTING_PREP at retrofit (1.0 min)
09:49:12 | INFO     | t=13715.5: LOCO[LOCO_02] → DECOUPLING at WS_02 (3.0 min)
09:49:12 | INFO     | t=13718.5: RAKE[W10896,W5395] → DECOUPLING at WS_02 (1 couplings, 3.0 min)
09:49:12 | INFO     | t=13721.5: WAGON[W10896] → RETROFIT_STARTED at WS_02
09:49:12 | INFO     | t=13721.5: WAGON[W5395] → RETROFIT_STARTED at WS_02
09:49:12 | INFO     | t=13726.5: DISPATCHER → Hold override for retrofitted_to_parking (waited 60.0 min >= max 45.0 min)
09:49:12 | INFO     | t=13726.5: DISPATCHER → Hold override for collection_to_retrofit (waited 43.0 min >= max 30.0 min)
09:49:12 | INFO     | t=13726.5: DISPATCHER → Assigned loco LOCO_02 to collection_to_retrofit (waited 43.0 min, pending=2)
09:49:12 | INFO     | t=13726.5: DISPATCHER → Hold override for retrofitted_to_parking (waited 60.0 min >= max 45.0 min)
09:49:12 | INFO     | t=13738.5: LOCO[LOCO_01] → DECOUPLING at retrofit (6.0 min)
09:49:12 | INFO     | t=13744.5: RAKE[W12383,W9843] → DECOUPLING at retrofit (1 couplings, 3.0 min)
09:49:12 | INFO     | t=13752.5: DISPATCHER → Hold override for retrofitted_to_parking (waited 86.0 min >= max 45.0 min)
09:49:12 | INFO     | t=13752.5: DISPATCHER → Assigned loco LOCO_01 to retrofit_to_workshop (waited 52.0 min, pending=1)
09:49:12 | INFO     | t=13752.5: DISPATCHER → Hold override for retrofitted_to_parking (waited 86.0 min >= max 45.0 min)
09:49:12 | INFO     | t=13752.5: RAKE[W0681,W6421] → COUPLING at retrofit (1 couplings, 2.0 min)
09:49:12 | INFO     | t=13752.5: Batch size limited by retrofit capacity: 3 wagons (50.4m) fits, 16 waiting
09:49:12 | INFO     | t=13752.5: WAGON[W2165] → Retrieved from retrofit queue
09:49:12 | INFO     | t=13752.5: WORKSHOP → No workshop available, waiting...
09:49:12 | INFO     | t=13752.5: COLLECTION → Reserving retrofit track capacity for 3 wagons
09:49:12 | INFO     | t=13752.5: COLLECTION → Capacity reserved, allocating locomotive
09:49:12 | INFO     | t=13752.5: DISPATCHER → Task submitted: collection_to_retrofit (pending=2)
09:49:12 | INFO     | t=13759.5: LOCO[LOCO_01] → COUPLING at retrofit (2.0 min)
09:49:12 | INFO     | t=13761.5: LOCO[LOCO_01] → SHUNTING_PREP at retrofit (1.0 min)
09:49:12 | INFO     | t=13767.5: LOCO[LOCO_01] → DECOUPLING at WS_01 (3.0 min)
09:49:12 | INFO     | t=13770.5: RAKE[W0681,W6421] → DECOUPLING at WS_01 (1 couplings, 3.0 min)
09:49:12 | INFO     | t=13773.5: WAGON[W0681] → RETROFIT_STARTED at WS_01
09:49:12 | INFO     | t=13773.5: WAGON[W6421] → RETROFIT_STARTED at WS_01
09:49:12 | INFO     | t=13778.5: DISPATCHER → Hold override for retrofitted_to_parking (waited 112.0 min >= max 45.0 min)
09:49:12 | INFO     | t=13778.5: DISPATCHER → Assigned loco LOCO_01 to retrofitted_to_parking (waited 112.0 min, pending=1)
09:49:12 | INFO     | t=13778.5: LOCO[LOCO_01] → Allocated for parking transport
09:49:12 | INFO     | t=13781.5: RAKE[W10896,W5395] → COUPLING at WS_02 (1 couplings, 0.5 min)
09:49:12 | INFO     | t=13782.0: LOCO → Allocating for pickup from WS_02
09:49:12 | INFO     | t=13782.0: DISPATCHER → Task submitted: workshop_to_retrofitted (pending=2)
09:49:12 | INFO     | t=13783.5: LOCO[LOCO_01] → TRAIN_PREP at retrofitted (coupling + prep, 3.0 min)
09:49:12 | INFO     | t=13786.5: LOCO[LOCO_02] → TRAIN_PREP at collection (coupling + prep, 3.0 min)
09:49:12 | INFO     | t=13791.5: LOCO[LOCO_01] → DECOUPLING at parking3 (2.0 min)
09:49:12 | INFO     | t=13793.5: RAKE[W12186,W10873,W5380,W5280] → DECOUPLING at parking3 (3 couplings, 1.5 min)
09:49:12 | INFO     | t=13800.0: LOCO[LOCO_01] → Releasing
09:49:12 | INFO     | t=13800.0: LOCO[LOCO_01] → Released
09:49:12 | INFO     | t=13800.0: PARKING → Got wagon W2910 from retrofitted
09:49:12 | INFO     | t=13800.0: DISPATCHER → Hold override for collection_to_retrofit (waited 47.5 min >= max 30.0 min)
09:49:12 | INFO     | t=13800.0: DISPATCHER → Assigned loco LOCO_01 to collection_to_retrofit (waited 47.5 min, pending=1)
09:49:12 | INFO     | t=13800.0: LOCO → Allocating for parking transport
09:49:12 | INFO     | t=13800.0: DISPATCHER → Task submitted: retrofitted_to_parking (pending=2)
09:49:12 | INFO     | t=13833.5: RAKE[W0681,W6421] → COUPLING at WS_01 (1 couplings, 0.5 min)
09:49:12 | INFO     | t=13834.0: LOCO → Allocating for pickup from WS_01
09:49:12 | INFO     | t=13834.0: DISPATCHER → Task submitted: workshop_to_retrofitted (pending=3)
09:49:12 | INFO     | t=13849.5: LOCO[LOCO_02] → DECOUPLING at retrofit (3.0 min)
09:49:12 | INFO     | t=13852.5: RAKE[W4099] → DECOUPLING at retrofit (0 couplings, 0.0 min)
09:49:12 | INFO     | t=13857.5: Batch size limited by retrofit capacity: 1 wagons (14.3m) fits, 20 waiting
09:49:12 | INFO     | t=13857.5: DISPATCHER → Hold override for retrofitted_to_parking (waited 57.5 min >= max 45.0 min)
09:49:12 | INFO     | t=13857.5: DISPATCHER → Assigned loco LOCO_02 to workshop_to_retrofitted (waited 75.5 min, pending=2)
09:49:12 | INFO     | t=13857.5: DISPATCHER → Hold override for retrofitted_to_parking (waited 57.5 min >= max 45.0 min)
09:49:12 | INFO     | t=13857.5: COLLECTION → Reserving retrofit track capacity for 1 wagons
09:49:12 | INFO     | t=13857.5: LOCO[LOCO_02] → Allocated for pickup
09:49:12 | INFO     | t=13857.5: COLLECTION → Capacity reserved, allocating locomotive
09:49:12 | INFO     | t=13857.5: DISPATCHER → Task submitted: collection_to_retrofit (pending=3)
09:49:12 | INFO     | t=13860.0: LOCO[LOCO_01] → TRAIN_PREP at collection (coupling + prep, 7.0 min)
09:49:12 | INFO     | t=13864.5: LOCO[LOCO_02] → TRAIN_PREP completed at WS_02 (2.0 min)
09:49:12 | INFO     | t=13869.5: BATCH → Putting 2 wagons on retrofitted track retrofitted
09:49:12 | INFO     | t=13869.5: WAGON[W10896] → Added to retrofitted track retrofitted
09:49:12 | INFO     | t=13869.5: WAGON[W5395] → Added to retrofitted track retrofitted
09:49:12 | INFO     | t=13874.5: WORKSHOP[WS_02] → Released, notifying 1 waiting processes
09:49:12 | INFO     | t=13874.5: WORKSHOP → Workshop became available
09:49:12 | INFO     | t=13874.5: WORKSHOP[WS_02] → Selected for batch
09:49:12 | INFO     | t=13874.5: DISPATCHER → Hold override for retrofitted_to_parking (waited 74.5 min >= max 45.0 min)
09:49:12 | INFO     | t=13874.5: DISPATCHER → Assigned loco LOCO_02 to workshop_to_retrofitted (waited 40.5 min, pending=2)
09:49:12 | INFO     | t=13874.5: DISPATCHER → Hold override for retrofitted_to_parking (waited 74.5 min >= max 45.0 min)
09:49:12 | INFO     | t=13874.5: WAGON[W12116] → Added to batch
09:49:12 | INFO     | t=13874.5: BATCH[W2165,W12116] → Formed 2 wagons for WS_02
09:49:12 | INFO     | t=13874.5: LOCO[LOCO_02] → Allocated for pickup
09:49:12 | INFO     | t=13874.5: TRACK[retrofit] → Removed 2 wagons (40.4m freed)
09:49:12 | INFO     | t=13874.5: DISPATCHER → Task submitted: retrofit_to_workshop (pending=3)
09:49:12 | INFO     | t=13881.5: LOCO[LOCO_02] → TRAIN_PREP completed at WS_01 (2.0 min)
09:49:12 | INFO     | t=13886.5: BATCH → Putting 2 wagons on retrofitted track retrofitted
09:49:12 | INFO     | t=13886.5: WAGON[W0681] → Added to retrofitted track retrofitted
09:49:12 | INFO     | t=13886.5: WAGON[W6421] → Added to retrofitted track retrofitted
09:49:12 | INFO     | t=13891.5: WORKSHOP[WS_01] → Released, notifying 0 waiting processes
09:49:12 | INFO     | t=13891.5: DISPATCHER → Hold override for retrofitted_to_parking (waited 91.5 min >= max 45.0 min)
09:49:12 | INFO     | t=13891.5: DISPATCHER → Hold override for collection_to_retrofit (waited 34.0 min >= max 30.0 min)
09:49:12 | INFO     | t=13891.5: DISPATCHER → Assigned loco LOCO_02 to collection_to_retrofit (waited 34.0 min, pending=2)
09:49:12 | INFO     | t=13891.5: DISPATCHER → Hold override for retrofitted_to_parking (waited 91.5 min >= max 45.0 min)
09:49:12 | INFO     | t=13927.0: LOCO[LOCO_01] → DECOUPLING at retrofit (9.0 min)
09:49:12 | INFO     | t=13936.0: RAKE[W4473,W6848,W11356] → DECOUPLING at retrofit (2 couplings, 6.0 min)
09:49:12 | INFO     | t=13947.0: DISPATCHER → Hold override for retrofitted_to_parking (waited 147.0 min >= max 45.0 min)
09:49:12 | INFO     | t=13947.0: DISPATCHER → Assigned loco LOCO_01 to retrofit_to_workshop (waited 72.5 min, pending=1)
09:49:12 | INFO     | t=13947.0: DISPATCHER → Hold override for retrofitted_to_parking (waited 147.0 min >= max 45.0 min)
09:49:12 | INFO     | t=13947.0: Batch size limited by retrofit capacity: 2 wagons (35.9m) fits, 14 waiting
09:49:12 | INFO     | t=13947.0: RAKE[W2165,W12116] → COUPLING at retrofit (1 couplings, 2.0 min)
09:49:12 | INFO     | t=13947.0: COLLECTION → Reserving retrofit track capacity for 2 wagons
09:49:12 | INFO     | t=13947.0: WAGON[W8552] → Retrieved from retrofit queue
09:49:12 | INFO     | t=13947.0: WORKSHOP[WS_01] → Selected for batch
09:49:12 | INFO     | t=13947.0: COLLECTION → Capacity reserved, allocating locomotive
09:49:12 | INFO     | t=13947.0: DISPATCHER → Task submitted: collection_to_retrofit (pending=2)
09:49:12 | INFO     | t=13947.0: WAGON[W0698] → Added to batch
09:49:12 | INFO     | t=13947.0: BATCH[W8552,W0698] → Formed 2 wagons for WS_01
09:49:12 | INFO     | t=13947.0: TRACK[retrofit] → Removed 2 wagons (50.2m freed)
09:49:12 | INFO     | t=13947.0: DISPATCHER → Task submitted: retrofit_to_workshop (pending=3)
09:49:12 | INFO     | t=13951.5: LOCO[LOCO_02] → TRAIN_PREP at collection (coupling + prep, 3.0 min)
09:49:12 | INFO     | t=13954.0: LOCO[LOCO_01] → COUPLING at retrofit (2.0 min)
09:49:12 | INFO     | t=13956.0: LOCO[LOCO_01] → SHUNTING_PREP at retrofit (1.0 min)
09:49:12 | INFO     | t=13962.0: LOCO[LOCO_01] → DECOUPLING at WS_02 (3.0 min)
09:49:12 | INFO     | t=13965.0: RAKE[W2165,W12116] → DECOUPLING at WS_02 (1 couplings, 3.0 min)
09:49:12 | INFO     | t=13968.0: WAGON[W2165] → RETROFIT_STARTED at WS_02
09:49:12 | INFO     | t=13968.0: WAGON[W12116] → RETROFIT_STARTED at WS_02
09:49:12 | INFO     | t=13973.0: DISPATCHER → Hold override for retrofitted_to_parking (waited 173.0 min >= max 45.0 min)
09:49:12 | INFO     | t=13973.0: DISPATCHER → Assigned loco LOCO_01 to collection_to_retrofit (waited 26.0 min, pending=2)
09:49:12 | INFO     | t=13973.0: DISPATCHER → Hold override for retrofitted_to_parking (waited 173.0 min >= max 45.0 min)
09:49:12 | INFO     | t=14014.5: LOCO[LOCO_02] → DECOUPLING at retrofit (3.0 min)
09:49:12 | INFO     | t=14017.5: RAKE[W5987] → DECOUPLING at retrofit (0 couplings, 0.0 min)
09:49:12 | INFO     | t=14022.5: DISPATCHER → Hold override for retrofitted_to_parking (waited 222.5 min >= max 45.0 min)
09:49:12 | INFO     | t=14022.5: DISPATCHER → Assigned loco LOCO_02 to retrofit_to_workshop (waited 75.5 min, pending=1)
09:49:12 | INFO     | t=14022.5: DISPATCHER → Hold override for retrofitted_to_parking (waited 222.5 min >= max 45.0 min)
09:49:12 | INFO     | t=14022.5: RAKE[W8552,W0698] → COUPLING at retrofit (1 couplings, 2.0 min)
09:49:12 | INFO     | t=14022.5: Batch size limited by retrofit capacity: 3 wagons (48.2m) fits, 17 waiting
09:49:12 | INFO     | t=14022.5: WAGON[W10150] → Retrieved from retrofit queue
09:49:12 | INFO     | t=14022.5: WORKSHOP → No workshop available, waiting...
09:49:12 | INFO     | t=14022.5: COLLECTION → Reserving retrofit track capacity for 3 wagons
09:49:12 | INFO     | t=14022.5: COLLECTION → Capacity reserved, allocating locomotive
09:49:12 | INFO     | t=14022.5: DISPATCHER → Task submitted: collection_to_retrofit (pending=2)
09:49:12 | INFO     | t=14028.0: RAKE[W2165,W12116] → COUPLING at WS_02 (1 couplings, 0.5 min)
09:49:12 | INFO     | t=14028.5: LOCO → Allocating for pickup from WS_02
09:49:12 | INFO     | t=14028.5: DISPATCHER → Task submitted: workshop_to_retrofitted (pending=3)
09:49:12 | INFO     | t=14029.5: LOCO[LOCO_02] → COUPLING at retrofit (2.0 min)
09:49:12 | INFO     | t=14031.5: LOCO[LOCO_02] → SHUNTING_PREP at retrofit (1.0 min)
09:49:12 | INFO     | t=14033.0: LOCO[LOCO_01] → TRAIN_PREP at collection (coupling + prep, 5.0 min)
09:49:12 | INFO     | t=14037.5: LOCO[LOCO_02] → DECOUPLING at WS_01 (3.0 min)
09:49:12 | INFO     | t=14040.5: RAKE[W8552,W0698] → DECOUPLING at WS_01 (1 couplings, 3.0 min)
09:49:12 | INFO     | t=14043.5: WAGON[W8552] → RETROFIT_STARTED at WS_01
09:49:12 | INFO     | t=14043.5: WAGON[W0698] → RETROFIT_STARTED at WS_01
09:49:12 | INFO     | t=14048.5: DISPATCHER → Hold override for retrofitted_to_parking (waited 248.5 min >= max 45.0 min)
09:49:12 | INFO     | t=14048.5: DISPATCHER → Assigned loco LOCO_02 to workshop_to_retrofitted (waited 20.0 min, pending=2)
09:49:12 | INFO     | t=14048.5: DISPATCHER → Hold override for retrofitted_to_parking (waited 248.5 min >= max 45.0 min)
09:49:12 | INFO     | t=14048.5: LOCO[LOCO_02] → Allocated for pickup
09:49:12 | INFO     | t=14055.5: LOCO[LOCO_02] → TRAIN_PREP completed at WS_02 (2.0 min)
09:49:12 | INFO     | t=14060.5: BATCH → Putting 2 wagons on retrofitted track retrofitted
09:49:12 | INFO     | t=14060.5: WAGON[W2165] → Added to retrofitted track retrofitted
09:49:12 | INFO     | t=14060.5: WAGON[W12116] → Added to retrofitted track retrofitted
09:49:12 | INFO     | t=14065.5: WORKSHOP[WS_02] → Released, notifying 1 waiting processes
09:49:12 | INFO     | t=14065.5: WORKSHOP → Workshop became available
09:49:12 | INFO     | t=14065.5: WORKSHOP[WS_02] → Selected for batch
09:49:12 | INFO     | t=14065.5: DISPATCHER → Hold override for retrofitted_to_parking (waited 265.5 min >= max 45.0 min)
09:49:12 | INFO     | t=14065.5: DISPATCHER → Hold override for collection_to_retrofit (waited 43.0 min >= max 30.0 min)
09:49:12 | INFO     | t=14065.5: DISPATCHER → Assigned loco LOCO_02 to retrofitted_to_parking (waited 265.5 min, pending=1)
09:49:12 | INFO     | t=14065.5: DISPATCHER → Hold override for collection_to_retrofit (waited 43.0 min >= max 30.0 min)
09:49:12 | INFO     | t=14065.5: WAGON[W0841] → Added to batch
09:49:12 | INFO     | t=14065.5: BATCH[W10150,W0841] → Formed 2 wagons for WS_02
09:49:12 | INFO     | t=14065.5: LOCO[LOCO_02] → Allocated for parking transport
09:49:12 | INFO     | t=14065.5: TRACK[retrofit] → Removed 2 wagons (25.3m freed)
09:49:12 | INFO     | t=14065.5: DISPATCHER → Task submitted: retrofit_to_workshop (pending=2)
09:49:12 | INFO     | t=14070.5: LOCO[LOCO_02] → TRAIN_PREP at retrofitted (coupling + prep, 3.0 min)
09:49:12 | INFO     | EVENT_PUBLISHED: TrainArrivedEvent | train=T188 | time=14097.8
09:49:12 | INFO     | EVENT_HANDLING: TrainArrivedEvent -> RetrofitWorkshopContext._handle_train_arrived
09:49:12 | INFO     | EVENT_HANDLED: TrainArrivedEvent by RetrofitWorkshopContext._handle_train_arrived
09:49:12 | INFO     | t=14098.0: LOCO[LOCO_01] → DECOUPLING at retrofit (6.0 min)
09:49:12 | INFO     | t=14103.5: RAKE[W8552,W0698] → COUPLING at WS_01 (1 couplings, 0.5 min)
09:49:12 | INFO     | t=14104.0: RAKE[W4223,W7791] → DECOUPLING at retrofit (1 couplings, 3.0 min)
09:49:12 | INFO     | t=14104.0: LOCO → Allocating for pickup from WS_01
09:49:12 | INFO     | t=14104.0: DISPATCHER → Task submitted: workshop_to_retrofitted (pending=3)
09:49:12 | INFO     | t=14112.0: Batch size limited by retrofit capacity: 1 wagons (31.0m) fits, 18 waiting
09:49:12 | INFO     | t=14112.0: DISPATCHER → Hold override for collection_to_retrofit (waited 89.5 min >= max 30.0 min)
09:49:12 | INFO     | t=14112.0: DISPATCHER → Assigned loco LOCO_01 to collection_to_retrofit (waited 89.5 min, pending=2)
09:49:12 | INFO     | t=14112.0: COLLECTION → Reserving retrofit track capacity for 1 wagons
09:49:12 | INFO     | t=14112.0: COLLECTION → Capacity reserved, allocating locomotive
09:49:12 | INFO     | t=14112.0: DISPATCHER → Task submitted: collection_to_retrofit (pending=3)
09:49:12 | INFO     | t=14133.5: LOCO[LOCO_02] → DECOUPLING at parking12 (2.0 min)
09:49:12 | INFO     | t=14135.5: RAKE[W2910,W1120,W9143,W10883] → DECOUPLING at parking12 (3 couplings, 1.5 min)
09:49:12 | INFO     | t=14172.0: LOCO[LOCO_01] → TRAIN_PREP at collection (coupling + prep, 7.0 min)
09:49:12 | INFO     | t=14197.0: LOCO[LOCO_02] → Releasing
09:49:12 | INFO     | t=14197.0: LOCO[LOCO_02] → Released
09:49:12 | INFO     | t=14197.0: PARKING → Got wagon W10896 from retrofitted
09:49:12 | INFO     | t=14197.0: DISPATCHER → Hold override for collection_to_retrofit (waited 85.0 min >= max 30.0 min)
09:49:12 | INFO     | t=14197.0: DISPATCHER → Assigned loco LOCO_02 to retrofit_to_workshop (waited 131.5 min, pending=2)
09:49:12 | INFO     | t=14197.0: RAKE[W10150,W0841] → COUPLING at retrofit (1 couplings, 2.0 min)
09:49:12 | INFO     | t=14197.0: WAGON[W0839] → Retrieved from retrofit queue
09:49:12 | INFO     | t=14197.0: WORKSHOP → No workshop available, waiting...
09:49:12 | INFO     | t=14197.0: LOCO → Allocating for parking transport
09:49:12 | INFO     | t=14197.0: DISPATCHER → Task submitted: retrofitted_to_parking (pending=3)
09:49:12 | INFO     | t=14204.0: LOCO[LOCO_02] → COUPLING at retrofit (2.0 min)
09:49:12 | INFO     | EVENT_PUBLISHED: TrainArrivedEvent | train=T189 | time=14205.2
09:49:12 | INFO     | EVENT_HANDLING: TrainArrivedEvent -> RetrofitWorkshopContext._handle_train_arrived
09:49:12 | INFO     | EVENT_HANDLED: TrainArrivedEvent by RetrofitWorkshopContext._handle_train_arrived
09:49:12 | INFO     | t=14206.0: LOCO[LOCO_02] → SHUNTING_PREP at retrofit (1.0 min)
09:49:12 | INFO     | t=14212.0: LOCO[LOCO_02] → DECOUPLING at WS_02 (3.0 min)
09:49:12 | INFO     | t=14215.0: RAKE[W10150,W0841] → DECOUPLING at WS_02 (1 couplings, 3.0 min)
09:49:12 | INFO     | t=14218.0: WAGON[W10150] → RETROFIT_STARTED at WS_02
09:49:12 | INFO     | t=14218.0: WAGON[W0841] → RETROFIT_STARTED at WS_02
09:49:12 | INFO     | t=14223.0: DISPATCHER → Hold override for collection_to_retrofit (waited 111.0 min >= max 30.0 min)
09:49:12 | INFO     | t=14223.0: DISPATCHER → Assigned loco LOCO_02 to collection_to_retrofit (waited 111.0 min, pending=2)
09:49:12 | INFO     | t=14239.0: LOCO[LOCO_01] → DECOUPLING at retrofit (9.0 min)
09:49:12 | INFO     | t=14248.0: RAKE[W9430,W9727,W9046] → DECOUPLING at retrofit (2 couplings, 6.0 min)
09:49:12 | INFO     | t=14259.0: Batch size limited by retrofit capacity: 1 wagons (17.2m) fits, 19 waiting
09:49:12 | INFO     | t=14259.0: DISPATCHER → Hold override for retrofitted_to_parking (waited 62.0 min >= max 45.0 min)
09:49:12 | INFO     | t=14259.0: DISPATCHER → Assigned loco LOCO_01 to workshop_to_retrofitted (waited 155.0 min, pending=1)
09:49:12 | INFO     | t=14259.0: DISPATCHER → Hold override for retrofitted_to_parking (waited 62.0 min >= max 45.0 min)
09:49:12 | INFO     | t=14259.0: COLLECTION → Reserving retrofit track capacity for 1 wagons
09:49:12 | INFO     | t=14259.0: LOCO[LOCO_01] → Allocated for pickup
09:49:12 | INFO     | t=14266.0: LOCO[LOCO_01] → TRAIN_PREP completed at WS_01 (2.0 min)
09:49:12 | INFO     | t=14271.0: BATCH → Putting 2 wagons on retrofitted track retrofitted
09:49:12 | INFO     | t=14271.0: WAGON[W8552] → Added to retrofitted track retrofitted
09:49:12 | INFO     | t=14271.0: WAGON[W0698] → Added to retrofitted track retrofitted
09:49:12 | INFO     | t=14276.0: WORKSHOP[WS_01] → Released, notifying 1 waiting processes
09:49:12 | INFO     | t=14276.0: WORKSHOP → Workshop became available
09:49:12 | INFO     | t=14276.0: WORKSHOP[WS_01] → Selected for batch
09:49:12 | INFO     | t=14276.0: DISPATCHER → Hold override for retrofitted_to_parking (waited 79.0 min >= max 45.0 min)
09:49:12 | INFO     | t=14276.0: DISPATCHER → Assigned loco LOCO_01 to retrofitted_to_parking (waited 79.0 min, pending=0)
09:49:12 | INFO     | t=14276.0: WAGON[W2324] → Added to batch
09:49:12 | INFO     | t=14276.0: BATCH[W0839,W2324] → Formed 2 wagons for WS_01
09:49:12 | INFO     | t=14276.0: LOCO[LOCO_01] → Allocated for parking transport
09:49:12 | INFO     | t=14276.0: TRACK[retrofit] → Removed 2 wagons (25.4m freed)
09:49:12 | INFO     | t=14276.0: DISPATCHER → Task submitted: retrofit_to_workshop (pending=1)
09:49:12 | INFO     | t=14276.0: COLLECTION → Capacity reserved, allocating locomotive
09:49:12 | INFO     | t=14276.0: DISPATCHER → Task submitted: collection_to_retrofit (pending=2)
09:49:12 | INFO     | t=14278.0: RAKE[W10150,W0841] → COUPLING at WS_02 (1 couplings, 0.5 min)
09:49:12 | INFO     | t=14278.5: LOCO → Allocating for pickup from WS_02
09:49:12 | INFO     | t=14278.5: DISPATCHER → Task submitted: workshop_to_retrofitted (pending=3)
09:49:12 | INFO     | t=14281.0: LOCO[LOCO_01] → TRAIN_PREP at retrofitted (coupling + prep, 4.0 min)
09:49:12 | INFO     | t=14283.0: LOCO[LOCO_02] → TRAIN_PREP at collection (coupling + prep, 3.0 min)
09:49:12 | INFO     | t=14290.0: LOCO[LOCO_01] → DECOUPLING at parking1 (3.0 min)
09:49:12 | INFO     | t=14293.0: RAKE[W10896,W5395,W0681,W6421,W2165,W12116] → DECOUPLING at parking1 (5 couplings, 2.5 min)
09:49:12 | INFO     | t=14300.5: LOCO[LOCO_01] → Releasing
09:49:12 | INFO     | t=14300.5: LOCO[LOCO_01] → Released
09:49:12 | INFO     | t=14300.5: PARKING → Got wagon W8552 from retrofitted
09:49:12 | INFO     | t=14300.5: DISPATCHER → Assigned loco LOCO_01 to retrofit_to_workshop (waited 24.5 min, pending=2)
09:49:12 | INFO     | t=14300.5: LOCO → Allocating for parking transport
09:49:12 | INFO     | t=14300.5: DISPATCHER → Task submitted: retrofitted_to_parking (pending=3)
09:49:12 | INFO     | t=14300.5: RAKE[W0839,W2324] → COUPLING at retrofit (1 couplings, 2.0 min)
09:49:12 | INFO     | t=14300.5: WAGON[W5992] → Retrieved from retrofit queue
09:49:12 | INFO     | t=14300.5: WORKSHOP → No workshop available, waiting...
09:49:12 | INFO     | t=14307.5: LOCO[LOCO_01] → COUPLING at retrofit (2.0 min)
09:49:12 | INFO     | t=14309.5: LOCO[LOCO_01] → SHUNTING_PREP at retrofit (1.0 min)
09:49:12 | INFO     | t=14315.5: LOCO[LOCO_01] → DECOUPLING at WS_01 (3.0 min)
09:49:12 | INFO     | t=14318.5: RAKE[W0839,W2324] → DECOUPLING at WS_01 (1 couplings, 3.0 min)
09:49:12 | INFO     | t=14321.5: WAGON[W0839] → RETROFIT_STARTED at WS_01
09:49:12 | INFO     | t=14321.5: WAGON[W2324] → RETROFIT_STARTED at WS_01
09:49:12 | INFO     | t=14326.5: DISPATCHER → Hold override for collection_to_retrofit (waited 50.5 min >= max 30.0 min)
09:49:12 | INFO     | t=14326.5: DISPATCHER → Assigned loco LOCO_01 to collection_to_retrofit (waited 50.5 min, pending=2)
09:49:12 | INFO     | t=14346.0: LOCO[LOCO_02] → DECOUPLING at retrofit (3.0 min)
09:49:12 | INFO     | t=14349.0: RAKE[W0023] → DECOUPLING at retrofit (0 couplings, 0.0 min)
09:49:12 | INFO     | t=14354.0: Batch size limited by retrofit capacity: 1 wagons (19.9m) fits, 19 waiting
09:49:12 | INFO     | t=14354.0: DISPATCHER → Hold override for retrofitted_to_parking (waited 53.5 min >= max 45.0 min)
09:49:12 | INFO     | t=14354.0: DISPATCHER → Assigned loco LOCO_02 to workshop_to_retrofitted (waited 75.5 min, pending=1)
09:49:12 | INFO     | t=14354.0: DISPATCHER → Hold override for retrofitted_to_parking (waited 53.5 min >= max 45.0 min)
09:49:12 | INFO     | t=14354.0: COLLECTION → Reserving retrofit track capacity for 1 wagons
09:49:12 | INFO     | t=14354.0: LOCO[LOCO_02] → Allocated for pickup
09:49:12 | INFO     | t=14361.0: LOCO[LOCO_02] → TRAIN_PREP completed at WS_02 (2.0 min)
09:49:12 | INFO     | t=14366.0: BATCH → Putting 2 wagons on retrofitted track retrofitted
09:49:12 | INFO     | t=14366.0: WAGON[W10150] → Added to retrofitted track retrofitted
09:49:12 | INFO     | t=14366.0: WAGON[W0841] → Added to retrofitted track retrofitted
09:49:12 | INFO     | t=14371.0: WORKSHOP[WS_02] → Released, notifying 1 waiting processes
09:49:12 | INFO     | t=14371.0: WORKSHOP → Workshop became available
09:49:12 | INFO     | t=14371.0: WORKSHOP[WS_02] → Selected for batch
09:49:12 | INFO     | t=14371.0: DISPATCHER → Hold override for retrofitted_to_parking (waited 70.5 min >= max 45.0 min)
09:49:12 | INFO     | t=14371.0: DISPATCHER → Assigned loco LOCO_02 to retrofitted_to_parking (waited 70.5 min, pending=0)
09:49:12 | INFO     | t=14371.0: WAGON[W9943] → Added to batch
09:49:12 | INFO     | t=14371.0: BATCH[W5992,W9943] → Formed 2 wagons for WS_02
09:49:12 | INFO     | t=14371.0: LOCO[LOCO_02] → Allocated for parking transport
09:49:12 | INFO     | t=14371.0: TRACK[retrofit] → Removed 2 wagons (30.1m freed)
09:49:12 | INFO     | t=14371.0: DISPATCHER → Task submitted: retrofit_to_workshop (pending=1)
09:49:12 | INFO     | t=14371.0: COLLECTION → Capacity reserved, allocating locomotive
09:49:12 | INFO     | t=14371.0: DISPATCHER → Task submitted: collection_to_retrofit (pending=2)
09:49:12 | INFO     | EVENT_PUBLISHED: TrainArrivedEvent | train=T190 | time=14372.8
09:49:12 | INFO     | EVENT_HANDLING: TrainArrivedEvent -> RetrofitWorkshopContext._handle_train_arrived
09:49:12 | INFO     | EVENT_HANDLED: TrainArrivedEvent by RetrofitWorkshopContext._handle_train_arrived
09:49:12 | INFO     | t=14376.0: LOCO[LOCO_02] → TRAIN_PREP at retrofitted (coupling + prep, 2.0 min)
09:49:12 | INFO     | t=14381.5: RAKE[W0839,W2324] → COUPLING at WS_01 (1 couplings, 0.5 min)
09:49:12 | INFO     | t=14382.0: LOCO → Allocating for pickup from WS_01
09:49:12 | INFO     | t=14382.0: DISPATCHER → Task submitted: workshop_to_retrofitted (pending=3)
09:49:12 | INFO     | t=14383.0: LOCO[LOCO_02] → DECOUPLING at parking9 (1.0 min)
09:49:12 | INFO     | t=14384.0: RAKE[W8552,W0698] → DECOUPLING at parking9 (1 couplings, 0.5 min)
09:49:12 | INFO     | t=14386.5: LOCO[LOCO_01] → TRAIN_PREP at collection (coupling + prep, 3.0 min)
09:49:12 | INFO     | t=14389.5: LOCO[LOCO_02] → Releasing
09:49:12 | INFO     | t=14389.5: LOCO[LOCO_02] → Released
09:49:12 | INFO     | t=14389.5: PARKING → Got wagon W10150 from retrofitted
09:49:12 | INFO     | t=14389.5: DISPATCHER → Assigned loco LOCO_02 to retrofit_to_workshop (waited 18.5 min, pending=2)
09:49:12 | INFO     | t=14389.5: LOCO → Allocating for parking transport
09:49:12 | INFO     | t=14389.5: DISPATCHER → Task submitted: retrofitted_to_parking (pending=3)
09:49:12 | INFO     | t=14389.5: RAKE[W5992,W9943] → COUPLING at retrofit (1 couplings, 2.0 min)
09:49:12 | INFO     | t=14389.5: WAGON[W5173] → Retrieved from retrofit queue
09:49:12 | INFO     | t=14389.5: WORKSHOP → No workshop available, waiting...
09:49:12 | INFO     | t=14396.5: LOCO[LOCO_02] → COUPLING at retrofit (2.0 min)
09:49:12 | INFO     | t=14398.5: LOCO[LOCO_02] → SHUNTING_PREP at retrofit (1.0 min)
09:49:12 | INFO     | SIMPY: Simulation completed at t=14400.0
09:49:12 | INFO     |  Simulation completed at t=14400.0
09:49:12 | INFO     | Event metrics: {'events_published': 190, 'events_processed': 190, 'handler_errors': 0, 'subscribers_count': 0, 'event_types_count': 0, 'error_rate': 0.0}
09:49:12 | INFO     |  Collecting results from all contexts
09:49:12 | INFO     | EVENT_PUBLISHED: SimulationEndedEvent | no_data
09:49:12 | WARNING  | EVENT_NO_SUBSCRIBERS: SimulationEndedEvent
09:49:12 | INFO     |  Simulation completed successfully for scenario priority_dispatch_scenario
