timestamp,datetime,resource_id,resource_type,location,previous_location,route_path
360.0,2025-12-01T06:00:00+00:00,W11188,wagon,collection1,,
360.0,2025-12-01T06:00:00+00:00,W10437,wagon,collection1,,
360.0,2025-12-01T06:00:00+00:00,LOCO_01,locomotive,collection1,track_19,
425.0,2025-12-01T07:05:00+00:00,LOCO_01,locomotive,retrofit,collection1,
425.0,2025-12-01T07:05:00+00:00,W11188,wagon,collection1,,collection1|Mainline|retrofit
425.0,2025-12-01T07:05:00+00:00,W10437,wagon,collection1,,collection1|Mainline|retrofit
442.25,2025-12-01T07:22:15+00:00,W12394,wagon,collection1,,
442.25,2025-12-01T07:22:15+00:00,W9278,wagon,collection1,,
485.0,2025-12-01T08:05:00+00:00,W11188,wagon,retrofit,,
485.0,2025-12-01T08:05:00+00:00,W10437,wagon,retrofit,,
487.0,2025-12-01T08:07:00+00:00,LOCO_02,locomotive,retrofit,track_19,
494.0,2025-12-01T08:14:00+00:00,LOCO_01,locomotive,track_19,retrofit,
495.0,2025-12-01T08:15:00+00:00,LOCO_02,locomotive,WS_01,retrofit,
495.0,2025-12-01T08:15:00+00:00,W11188,wagon,retrofit,,retrofit|WS_01
495.0,2025-12-01T08:15:00+00:00,W10437,wagon,retrofit,,retrofit|WS_01
499.0,2025-12-01T08:19:00+00:00,LOCO_01,locomotive,collection1,track_19,
500.0,2025-12-01T08:20:00+00:00,W11188,wagon,WS_01,,
500.0,2025-12-01T08:20:00+00:00,W10437,wagon,WS_01,,
502.5,2025-12-01T08:22:30+00:00,W3926,wagon,collection1,,
502.5,2025-12-01T08:22:30+00:00,W5834,wagon,collection1,,
506.0,2025-12-01T08:26:00+00:00,W11188,wagon,WS_01,,
506.0,2025-12-01T08:26:00+00:00,W10437,wagon,WS_01,,
506.0,2025-12-01T08:26:00+00:00,LOCO_02,locomotive,track_19,WS_01,
541.5,2025-12-01T09:01:30+00:00,W9460,wagon,collection1,,
541.5,2025-12-01T09:01:30+00:00,W9445,wagon,collection1,,
564.0,2025-12-01T09:24:00+00:00,LOCO_01,locomotive,retrofit,collection1,
564.0,2025-12-01T09:24:00+00:00,W12394,wagon,collection1,,collection1|Mainline|retrofit
564.0,2025-12-01T09:24:00+00:00,W9278,wagon,collection1,,collection1|Mainline|retrofit
566.5,2025-12-01T09:26:30+00:00,LOCO_02,locomotive,WS_01,track_19,
573.5,2025-12-01T09:33:30+00:00,LOCO_02,locomotive,retrofitted,WS_01,
573.5,2025-12-01T09:33:30+00:00,W11188,wagon,WS_01,,WS_01|retrofitted
573.5,2025-12-01T09:33:30+00:00,W10437,wagon,WS_01,,WS_01|retrofitted
578.5,2025-12-01T09:38:30+00:00,W11188,wagon,retrofitted,,
578.5,2025-12-01T09:38:30+00:00,W10437,wagon,retrofitted,,
578.5,2025-12-01T09:38:30+00:00,LOCO_02,locomotive,track_19,retrofitted,
583.5,2025-12-01T09:43:30+00:00,LOCO_02,locomotive,retrofitted,track_19,
590.5,2025-12-01T09:50:30+00:00,LOCO_02,locomotive,parking16,retrofitted,
624.0,2025-12-01T10:24:00+00:00,W12394,wagon,retrofit,,
624.0,2025-12-01T10:24:00+00:00,W9278,wagon,retrofit,,
633.0,2025-12-01T10:33:00+00:00,LOCO_01,locomotive,track_19,retrofit,
640.0,2025-12-01T10:40:00+00:00,LOCO_01,locomotive,retrofit,track_19,
648.0,2025-12-01T10:48:00+00:00,LOCO_01,locomotive,WS_01,retrofit,
648.0,2025-12-01T10:48:00+00:00,W12394,wagon,retrofit,,retrofit|WS_01
648.0,2025-12-01T10:48:00+00:00,W9278,wagon,retrofit,,retrofit|WS_01
653.0,2025-12-01T10:53:00+00:00,W12394,wagon,WS_01,,
653.0,2025-12-01T10:53:00+00:00,W9278,wagon,WS_01,,
659.0,2025-12-01T10:59:00+00:00,W12394,wagon,WS_01,,
659.0,2025-12-01T10:59:00+00:00,W9278,wagon,WS_01,,
659.0,2025-12-01T10:59:00+00:00,LOCO_01,locomotive,track_19,WS_01,
664.0,2025-12-01T11:04:00+00:00,LOCO_01,locomotive,collection1,track_19,
672.75,2025-12-01T11:12:45+00:00,W10704,wagon,collection1,,
672.75,2025-12-01T11:12:45+00:00,W3675,wagon,collection1,,
712.0,2025-12-01T11:52:00+00:00,W11188,wagon,parking16,,
712.0,2025-12-01T11:52:00+00:00,W10437,wagon,parking16,,
712.0,2025-12-01T11:52:00+00:00,LOCO_02,locomotive,track_19,parking16,
715.0,2025-12-01T11:55:00+00:00,W7132,wagon,collection1,,
715.0,2025-12-01T11:55:00+00:00,W8934,wagon,collection1,,
715.0,2025-12-01T11:55:00+00:00,W6253,wagon,collection1,,
715.0,2025-12-01T11:55:00+00:00,W7747,wagon,collection1,,
715.0,2025-12-01T11:55:00+00:00,W10546,wagon,collection1,,
715.0,2025-12-01T11:55:00+00:00,W7222,wagon,collection1,,
724.5,2025-12-01T12:04:30+00:00,W0689,wagon,collection1,,
725.0,2025-12-01T12:05:00+00:00,W11268,wagon,collection1,,
725.0,2025-12-01T12:05:00+00:00,W11509,wagon,collection1,,
725.0,2025-12-01T12:05:00+00:00,W6557,wagon,collection1,,
733.0,2025-12-01T12:13:00+00:00,LOCO_01,locomotive,retrofit,collection1,
733.0,2025-12-01T12:13:00+00:00,W3926,wagon,collection1,,collection1|Mainline|retrofit
733.0,2025-12-01T12:13:00+00:00,W5834,wagon,collection1,,collection1|Mainline|retrofit
733.0,2025-12-01T12:13:00+00:00,W9460,wagon,collection1,,collection1|Mainline|retrofit
733.0,2025-12-01T12:13:00+00:00,W9445,wagon,collection1,,collection1|Mainline|retrofit
753.25,2025-12-01T12:33:15+00:00,W10356,wagon,collection1,,
772.0,2025-12-01T12:52:00+00:00,LOCO_02,locomotive,WS_01,track_19,
779.0,2025-12-01T12:59:00+00:00,LOCO_02,locomotive,retrofitted,WS_01,
779.0,2025-12-01T12:59:00+00:00,W12394,wagon,WS_01,,WS_01|retrofitted
779.0,2025-12-01T12:59:00+00:00,W9278,wagon,WS_01,,WS_01|retrofitted
784.0,2025-12-01T13:04:00+00:00,W12394,wagon,retrofitted,,
784.0,2025-12-01T13:04:00+00:00,W9278,wagon,retrofitted,,
784.0,2025-12-01T13:04:00+00:00,LOCO_02,locomotive,track_19,retrofitted,
785.5,2025-12-01T13:05:30+00:00,W6006,wagon,collection1,,
785.5,2025-12-01T13:05:30+00:00,W4440,wagon,collection1,,
785.5,2025-12-01T13:05:30+00:00,W10383,wagon,collection1,,
793.0,2025-12-01T13:13:00+00:00,W3926,wagon,retrofit,,
793.0,2025-12-01T13:13:00+00:00,W5834,wagon,retrofit,,
793.0,2025-12-01T13:13:00+00:00,W9460,wagon,retrofit,,
793.0,2025-12-01T13:13:00+00:00,W9445,wagon,retrofit,,
795.0,2025-12-01T13:15:00+00:00,LOCO_02,locomotive,retrofit,track_19,
803.0,2025-12-01T13:23:00+00:00,LOCO_02,locomotive,WS_01,retrofit,
803.0,2025-12-01T13:23:00+00:00,W3926,wagon,retrofit,,retrofit|WS_01
803.0,2025-12-01T13:23:00+00:00,W5834,wagon,retrofit,,retrofit|WS_01
808.0,2025-12-01T13:28:00+00:00,W3926,wagon,WS_01,,
808.0,2025-12-01T13:28:00+00:00,W5834,wagon,WS_01,,
814.0,2025-12-01T13:34:00+00:00,LOCO_01,locomotive,track_19,retrofit,
814.0,2025-12-01T13:34:00+00:00,W3926,wagon,WS_01,,
814.0,2025-12-01T13:34:00+00:00,W5834,wagon,WS_01,,
814.0,2025-12-01T13:34:00+00:00,LOCO_02,locomotive,track_19,WS_01,
821.0,2025-12-01T13:41:00+00:00,LOCO_01,locomotive,retrofit,track_19,
829.0,2025-12-01T13:49:00+00:00,LOCO_01,locomotive,WS_02,retrofit,
829.0,2025-12-01T13:49:00+00:00,W9460,wagon,retrofit,,retrofit|WS_02
829.0,2025-12-01T13:49:00+00:00,W9445,wagon,retrofit,,retrofit|WS_02
829.0,2025-12-01T13:49:00+00:00,LOCO_02,locomotive,retrofitted,track_19,
834.0,2025-12-01T13:54:00+00:00,W9460,wagon,WS_02,,
834.0,2025-12-01T13:54:00+00:00,W9445,wagon,WS_02,,
836.0,2025-12-01T13:56:00+00:00,LOCO_02,locomotive,parking16,retrofitted,
840.0,2025-12-01T14:00:00+00:00,W9460,wagon,WS_02,,
840.0,2025-12-01T14:00:00+00:00,W9445,wagon,WS_02,,
840.0,2025-12-01T14:00:00+00:00,LOCO_01,locomotive,track_19,WS_02,
849.0,2025-12-01T14:09:00+00:00,LOCO_01,locomotive,collection1,track_19,
866.0,2025-12-01T14:26:00+00:00,W2238,wagon,collection1,,
866.0,2025-12-01T14:26:00+00:00,W0047,wagon,collection1,,
866.0,2025-12-01T14:26:00+00:00,W0049,wagon,collection1,,
894.75,2025-12-01T14:54:45+00:00,W2535,wagon,collection1,,
894.75,2025-12-01T14:54:45+00:00,W7970,wagon,collection1,,
894.75,2025-12-01T14:54:45+00:00,W4849,wagon,collection1,,
942.0,2025-12-01T15:42:00+00:00,LOCO_01,locomotive,retrofit,collection1,
942.0,2025-12-01T15:42:00+00:00,W10704,wagon,collection1,,collection1|Mainline|retrofit
942.0,2025-12-01T15:42:00+00:00,W3675,wagon,collection1,,collection1|Mainline|retrofit
942.0,2025-12-01T15:42:00+00:00,W7132,wagon,collection1,,collection1|Mainline|retrofit
942.0,2025-12-01T15:42:00+00:00,W8934,wagon,collection1,,collection1|Mainline|retrofit
942.0,2025-12-01T15:42:00+00:00,W6253,wagon,collection1,,collection1|Mainline|retrofit
942.0,2025-12-01T15:42:00+00:00,W7747,wagon,collection1,,collection1|Mainline|retrofit
942.0,2025-12-01T15:42:00+00:00,W10546,wagon,collection1,,collection1|Mainline|retrofit
942.0,2025-12-01T15:42:00+00:00,W7222,wagon,collection1,,collection1|Mainline|retrofit
942.0,2025-12-01T15:42:00+00:00,W0689,wagon,collection1,,collection1|Mainline|retrofit
942.0,2025-12-01T15:42:00+00:00,W11268,wagon,collection1,,collection1|Mainline|retrofit
942.0,2025-12-01T15:42:00+00:00,W11509,wagon,collection1,,collection1|Mainline|retrofit
942.0,2025-12-01T15:42:00+00:00,W6557,wagon,collection1,,collection1|Mainline|retrofit
942.0,2025-12-01T15:42:00+00:00,W10356,wagon,collection1,,collection1|Mainline|retrofit
942.0,2025-12-01T15:42:00+00:00,W6006,wagon,collection1,,collection1|Mainline|retrofit
942.0,2025-12-01T15:42:00+00:00,W4440,wagon,collection1,,collection1|Mainline|retrofit
942.0,2025-12-01T15:42:00+00:00,W10383,wagon,collection1,,collection1|Mainline|retrofit
957.5,2025-12-01T15:57:30+00:00,W12394,wagon,parking16,,
957.5,2025-12-01T15:57:30+00:00,W9278,wagon,parking16,,
957.5,2025-12-01T15:57:30+00:00,LOCO_02,locomotive,track_19,parking16,
1002.0,2025-12-01T16:42:00+00:00,W10704,wagon,retrofit,,
1002.0,2025-12-01T16:42:00+00:00,W3675,wagon,retrofit,,
1002.0,2025-12-01T16:42:00+00:00,W7132,wagon,retrofit,,
1002.0,2025-12-01T16:42:00+00:00,W8934,wagon,retrofit,,
1002.0,2025-12-01T16:42:00+00:00,W6253,wagon,retrofit,,
1002.0,2025-12-01T16:42:00+00:00,W7747,wagon,retrofit,,
1002.0,2025-12-01T16:42:00+00:00,W10546,wagon,retrofit,,
1002.0,2025-12-01T16:42:00+00:00,W7222,wagon,retrofit,,
1002.0,2025-12-01T16:42:00+00:00,W0689,wagon,retrofit,,
1002.0,2025-12-01T16:42:00+00:00,W11268,wagon,retrofit,,
1002.0,2025-12-01T16:42:00+00:00,W11509,wagon,retrofit,,
1002.0,2025-12-01T16:42:00+00:00,W6557,wagon,retrofit,,
1002.0,2025-12-01T16:42:00+00:00,W10356,wagon,retrofit,,
1002.0,2025-12-01T16:42:00+00:00,W6006,wagon,retrofit,,
1002.0,2025-12-01T16:42:00+00:00,W4440,wagon,retrofit,,
1002.0,2025-12-01T16:42:00+00:00,W10383,wagon,retrofit,,
1017.5,2025-12-01T16:57:30+00:00,LOCO_02,locomotive,WS_01,track_19,
1024.5,2025-12-01T17:04:30+00:00,LOCO_02,locomotive,retrofitted,WS_01,
1024.5,2025-12-01T17:04:30+00:00,W3926,wagon,WS_01,,WS_01|retrofitted
1024.5,2025-12-01T17:04:30+00:00,W5834,wagon,WS_01,,WS_01|retrofitted
1029.5,2025-12-01T17:09:30+00:00,W3926,wagon,retrofitted,,
1029.5,2025-12-01T17:09:30+00:00,W5834,wagon,retrofitted,,
1029.5,2025-12-01T17:09:30+00:00,LOCO_02,locomotive,track_19,retrofitted,
1034.5,2025-12-01T17:14:30+00:00,LOCO_02,locomotive,WS_02,track_19,
1041.5,2025-12-01T17:21:30+00:00,LOCO_02,locomotive,retrofitted,WS_02,
1041.5,2025-12-01T17:21:30+00:00,W9460,wagon,WS_02,,WS_02|retrofitted
1041.5,2025-12-01T17:21:30+00:00,W9445,wagon,WS_02,,WS_02|retrofitted
1046.5,2025-12-01T17:26:30+00:00,W9460,wagon,retrofitted,,
1046.5,2025-12-01T17:26:30+00:00,W9445,wagon,retrofitted,,
1046.5,2025-12-01T17:26:30+00:00,LOCO_02,locomotive,track_19,retrofitted,
1051.25,2025-12-01T17:31:15+00:00,W2967,wagon,collection1,,
1051.25,2025-12-01T17:31:15+00:00,W9776,wagon,collection1,,
1051.25,2025-12-01T17:31:15+00:00,W12208,wagon,collection1,,
1051.25,2025-12-01T17:31:15+00:00,W11348,wagon,collection1,,
1053.5,2025-12-01T17:33:30+00:00,LOCO_02,locomotive,retrofit,track_19,
1061.5,2025-12-01T17:41:30+00:00,LOCO_02,locomotive,WS_01,retrofit,
1061.5,2025-12-01T17:41:30+00:00,W10704,wagon,retrofit,,retrofit|WS_01
1061.5,2025-12-01T17:41:30+00:00,W3675,wagon,retrofit,,retrofit|WS_01
1066.5,2025-12-01T17:46:30+00:00,W10704,wagon,WS_01,,
1066.5,2025-12-01T17:46:30+00:00,W3675,wagon,WS_01,,
1072.5,2025-12-01T17:52:30+00:00,W10704,wagon,WS_01,,
1072.5,2025-12-01T17:52:30+00:00,W3675,wagon,WS_01,,
1072.5,2025-12-01T17:52:30+00:00,LOCO_02,locomotive,track_19,WS_01,
1079.5,2025-12-01T17:59:30+00:00,LOCO_02,locomotive,retrofit,track_19,
1087.5,2025-12-01T18:07:30+00:00,LOCO_02,locomotive,WS_02,retrofit,
1087.5,2025-12-01T18:07:30+00:00,W7132,wagon,retrofit,,retrofit|WS_02
1087.5,2025-12-01T18:07:30+00:00,W8934,wagon,retrofit,,retrofit|WS_02
1088.75,2025-12-01T18:08:45+00:00,W12037,wagon,collection1,,
1088.75,2025-12-01T18:08:45+00:00,W0440,wagon,collection1,,
1088.75,2025-12-01T18:08:45+00:00,W11988,wagon,collection1,,
1088.75,2025-12-01T18:08:45+00:00,W12260,wagon,collection1,,
1088.75,2025-12-01T18:08:45+00:00,W0130,wagon,collection1,,
1088.75,2025-12-01T18:08:45+00:00,W9352,wagon,collection1,,
1088.75,2025-12-01T18:08:45+00:00,W2980,wagon,collection1,,
1088.75,2025-12-01T18:08:45+00:00,W2406,wagon,collection1,,
1088.75,2025-12-01T18:08:45+00:00,W2399,wagon,collection1,,
1092.5,2025-12-01T18:12:30+00:00,W7132,wagon,WS_02,,
1092.5,2025-12-01T18:12:30+00:00,W8934,wagon,WS_02,,
1095.0,2025-12-01T18:15:00+00:00,LOCO_01,locomotive,track_19,retrofit,
1098.5,2025-12-01T18:18:30+00:00,W7132,wagon,WS_02,,
1098.5,2025-12-01T18:18:30+00:00,W8934,wagon,WS_02,,
1098.5,2025-12-01T18:18:30+00:00,LOCO_02,locomotive,track_19,WS_02,
1100.0,2025-12-01T18:20:00+00:00,LOCO_01,locomotive,retrofitted,track_19,
1107.0,2025-12-01T18:27:00+00:00,LOCO_01,locomotive,parking16,retrofitted,
1130.0,2025-12-01T18:50:00+00:00,LOCO_02,locomotive,collection1,track_19,
1203.0,2025-12-01T20:03:00+00:00,LOCO_02,locomotive,retrofit,collection1,
1203.0,2025-12-01T20:03:00+00:00,W2238,wagon,collection1,,collection1|Mainline|retrofit
1203.0,2025-12-01T20:03:00+00:00,W0047,wagon,collection1,,collection1|Mainline|retrofit
1203.0,2025-12-01T20:03:00+00:00,W0049,wagon,collection1,,collection1|Mainline|retrofit
1203.0,2025-12-01T20:03:00+00:00,W2535,wagon,collection1,,collection1|Mainline|retrofit
1203.0,2025-12-01T20:03:00+00:00,W7970,wagon,collection1,,collection1|Mainline|retrofit
1203.0,2025-12-01T20:03:00+00:00,W4849,wagon,collection1,,collection1|Mainline|retrofit
1228.5,2025-12-01T20:28:30+00:00,W3926,wagon,parking16,,
1228.5,2025-12-01T20:28:30+00:00,W5834,wagon,parking16,,
1228.5,2025-12-01T20:28:30+00:00,LOCO_01,locomotive,track_19,parking16,
1263.0,2025-12-01T21:03:00+00:00,W2238,wagon,retrofit,,
1263.0,2025-12-01T21:03:00+00:00,W0047,wagon,retrofit,,
1263.0,2025-12-01T21:03:00+00:00,W0049,wagon,retrofit,,
1263.0,2025-12-01T21:03:00+00:00,W2535,wagon,retrofit,,
1263.0,2025-12-01T21:03:00+00:00,W7970,wagon,retrofit,,
1263.0,2025-12-01T21:03:00+00:00,W4849,wagon,retrofit,,
1288.5,2025-12-01T21:28:30+00:00,LOCO_01,locomotive,WS_01,track_19,
1295.5,2025-12-01T21:35:30+00:00,LOCO_01,locomotive,retrofitted,WS_01,
1295.5,2025-12-01T21:35:30+00:00,W10704,wagon,WS_01,,WS_01|retrofitted
1295.5,2025-12-01T21:35:30+00:00,W3675,wagon,WS_01,,WS_01|retrofitted
1296.0,2025-12-01T21:36:00+00:00,LOCO_02,locomotive,track_19,retrofit,
1300.5,2025-12-01T21:40:30+00:00,W10704,wagon,retrofitted,,
1300.5,2025-12-01T21:40:30+00:00,W3675,wagon,retrofitted,,
1300.5,2025-12-01T21:40:30+00:00,LOCO_01,locomotive,track_19,retrofitted,
1301.0,2025-12-01T21:41:00+00:00,LOCO_02,locomotive,WS_02,track_19,
1305.5,2025-12-01T21:45:30+00:00,LOCO_01,locomotive,retrofitted,track_19,
1308.0,2025-12-01T21:48:00+00:00,LOCO_02,locomotive,retrofitted,WS_02,
1308.0,2025-12-01T21:48:00+00:00,W7132,wagon,WS_02,,WS_02|retrofitted
1308.0,2025-12-01T21:48:00+00:00,W8934,wagon,WS_02,,WS_02|retrofitted
1312.5,2025-12-01T21:52:30+00:00,LOCO_01,locomotive,parking16,retrofitted,
1313.0,2025-12-01T21:53:00+00:00,W7132,wagon,retrofitted,,
1313.0,2025-12-01T21:53:00+00:00,W8934,wagon,retrofitted,,
1313.0,2025-12-01T21:53:00+00:00,LOCO_02,locomotive,track_19,retrofitted,
1320.0,2025-12-01T22:00:00+00:00,LOCO_02,locomotive,retrofit,track_19,
1328.0,2025-12-01T22:08:00+00:00,LOCO_02,locomotive,WS_01,retrofit,
1328.0,2025-12-01T22:08:00+00:00,W6253,wagon,retrofit,,retrofit|WS_01
1328.0,2025-12-01T22:08:00+00:00,W7747,wagon,retrofit,,retrofit|WS_01
1333.0,2025-12-01T22:13:00+00:00,W6253,wagon,WS_01,,
1333.0,2025-12-01T22:13:00+00:00,W7747,wagon,WS_01,,
1339.0,2025-12-01T22:19:00+00:00,W6253,wagon,WS_01,,
1339.0,2025-12-01T22:19:00+00:00,W7747,wagon,WS_01,,
1339.0,2025-12-01T22:19:00+00:00,LOCO_02,locomotive,track_19,WS_01,
1346.0,2025-12-01T22:26:00+00:00,LOCO_02,locomotive,retrofit,track_19,
1354.0,2025-12-01T22:34:00+00:00,LOCO_02,locomotive,WS_02,retrofit,
1354.0,2025-12-01T22:34:00+00:00,W10546,wagon,retrofit,,retrofit|WS_02
1354.0,2025-12-01T22:34:00+00:00,W7222,wagon,retrofit,,retrofit|WS_02
1359.0,2025-12-01T22:39:00+00:00,W10546,wagon,WS_02,,
1359.0,2025-12-01T22:39:00+00:00,W7222,wagon,WS_02,,
1365.0,2025-12-01T22:45:00+00:00,W10546,wagon,WS_02,,
1365.0,2025-12-01T22:45:00+00:00,W7222,wagon,WS_02,,
1365.0,2025-12-01T22:45:00+00:00,LOCO_02,locomotive,track_19,WS_02,
1370.0,2025-12-01T22:50:00+00:00,LOCO_02,locomotive,collection1,track_19,
1433.0,2025-12-01T23:53:00+00:00,LOCO_02,locomotive,retrofit,collection1,
1433.0,2025-12-01T23:53:00+00:00,W2967,wagon,collection1,,collection1|Mainline|retrofit
1434.0,2025-12-01T23:54:00+00:00,W9460,wagon,parking16,,
1434.0,2025-12-01T23:54:00+00:00,W9445,wagon,parking16,,
1434.0,2025-12-01T23:54:00+00:00,LOCO_01,locomotive,track_19,parking16,
1479.0,2025-12-02T00:39:00+00:00,W9868,wagon,collection1,,
1479.0,2025-12-02T00:39:00+00:00,W12060,wagon,collection1,,
1479.0,2025-12-02T00:39:00+00:00,W12210,wagon,collection1,,
1479.0,2025-12-02T00:39:00+00:00,W8636,wagon,collection1,,
1479.0,2025-12-02T00:39:00+00:00,W10949,wagon,collection1,,
1479.0,2025-12-02T00:39:00+00:00,W8631,wagon,collection1,,
1493.0,2025-12-02T00:53:00+00:00,W2967,wagon,retrofit,,
1494.0,2025-12-02T00:54:00+00:00,LOCO_01,locomotive,WS_01,track_19,
1496.0,2025-12-02T00:56:00+00:00,LOCO_02,locomotive,track_19,retrofit,
1501.0,2025-12-02T01:01:00+00:00,LOCO_01,locomotive,retrofitted,WS_01,
1501.0,2025-12-02T01:01:00+00:00,W6253,wagon,WS_01,,WS_01|retrofitted
1501.0,2025-12-02T01:01:00+00:00,W7747,wagon,WS_01,,WS_01|retrofitted
1501.0,2025-12-02T01:01:00+00:00,LOCO_02,locomotive,WS_02,track_19,
1506.0,2025-12-02T01:06:00+00:00,W6253,wagon,retrofitted,,
1506.0,2025-12-02T01:06:00+00:00,W7747,wagon,retrofitted,,
1506.0,2025-12-02T01:06:00+00:00,LOCO_01,locomotive,track_19,retrofitted,
1508.0,2025-12-02T01:08:00+00:00,LOCO_02,locomotive,retrofitted,WS_02,
1508.0,2025-12-02T01:08:00+00:00,W10546,wagon,WS_02,,WS_02|retrofitted
1508.0,2025-12-02T01:08:00+00:00,W7222,wagon,WS_02,,WS_02|retrofitted
1509.0,2025-12-02T01:09:00+00:00,W9392,wagon,collection1,,
1509.0,2025-12-02T01:09:00+00:00,W9274,wagon,collection1,,
1509.0,2025-12-02T01:09:00+00:00,W8613,wagon,collection1,,
1509.0,2025-12-02T01:09:00+00:00,W10130,wagon,collection2,,
1509.0,2025-12-02T01:09:00+00:00,W9721,wagon,collection2,,
1509.0,2025-12-02T01:09:00+00:00,W9756,wagon,collection2,,
1511.0,2025-12-02T01:11:00+00:00,LOCO_01,locomotive,retrofitted,track_19,
1513.0,2025-12-02T01:13:00+00:00,W10546,wagon,retrofitted,,
1513.0,2025-12-02T01:13:00+00:00,W7222,wagon,retrofitted,,
1513.0,2025-12-02T01:13:00+00:00,LOCO_02,locomotive,track_19,retrofitted,
1519.0,2025-12-02T01:19:00+00:00,LOCO_01,locomotive,parking16,retrofitted,
1520.0,2025-12-02T01:20:00+00:00,LOCO_02,locomotive,retrofit,track_19,
1528.0,2025-12-02T01:28:00+00:00,LOCO_02,locomotive,WS_01,retrofit,
1528.0,2025-12-02T01:28:00+00:00,W0689,wagon,retrofit,,retrofit|WS_01
1528.0,2025-12-02T01:28:00+00:00,W11268,wagon,retrofit,,retrofit|WS_01
1533.0,2025-12-02T01:33:00+00:00,W0689,wagon,WS_01,,
1533.0,2025-12-02T01:33:00+00:00,W11268,wagon,WS_01,,
1539.0,2025-12-02T01:39:00+00:00,W0689,wagon,WS_01,,
1539.0,2025-12-02T01:39:00+00:00,W11268,wagon,WS_01,,
1539.0,2025-12-02T01:39:00+00:00,LOCO_02,locomotive,track_19,WS_01,
1546.0,2025-12-02T01:46:00+00:00,LOCO_02,locomotive,retrofit,track_19,
1554.0,2025-12-02T01:54:00+00:00,LOCO_02,locomotive,WS_02,retrofit,
1554.0,2025-12-02T01:54:00+00:00,W11509,wagon,retrofit,,retrofit|WS_02
1554.0,2025-12-02T01:54:00+00:00,W6557,wagon,retrofit,,retrofit|WS_02
1559.0,2025-12-02T01:59:00+00:00,W11509,wagon,WS_02,,
1559.0,2025-12-02T01:59:00+00:00,W6557,wagon,WS_02,,
1565.0,2025-12-02T02:05:00+00:00,W11509,wagon,WS_02,,
1565.0,2025-12-02T02:05:00+00:00,W6557,wagon,WS_02,,
1565.0,2025-12-02T02:05:00+00:00,LOCO_02,locomotive,track_19,WS_02,
1570.0,2025-12-02T02:10:00+00:00,LOCO_02,locomotive,collection1,track_19,
1602.5,2025-12-02T02:42:30+00:00,W11467,wagon,collection2,,
1602.5,2025-12-02T02:42:30+00:00,W10354,wagon,collection2,,
1602.5,2025-12-02T02:42:30+00:00,W3950,wagon,collection2,,
1602.5,2025-12-02T02:42:30+00:00,W7997,wagon,collection2,,
1602.5,2025-12-02T02:42:30+00:00,W8626,wagon,collection2,,
1635.0,2025-12-02T03:15:00+00:00,LOCO_02,locomotive,retrofit,collection1,
1635.0,2025-12-02T03:15:00+00:00,W9776,wagon,collection1,,collection1|Mainline|retrofit
1635.0,2025-12-02T03:15:00+00:00,W12208,wagon,collection1,,collection1|Mainline|retrofit
1642.5,2025-12-02T03:22:30+00:00,W10704,wagon,parking16,,
1642.5,2025-12-02T03:22:30+00:00,W3675,wagon,parking16,,
1642.5,2025-12-02T03:22:30+00:00,W7132,wagon,parking16,,
1642.5,2025-12-02T03:22:30+00:00,W8934,wagon,parking16,,
1642.5,2025-12-02T03:22:30+00:00,LOCO_01,locomotive,track_19,parking16,
1687.25,2025-12-02T04:07:15+00:00,W9174,wagon,collection2,,
1687.25,2025-12-02T04:07:15+00:00,W9169,wagon,collection2,,
1687.25,2025-12-02T04:07:15+00:00,W9173,wagon,collection2,,
1695.0,2025-12-02T04:15:00+00:00,W9776,wagon,retrofit,,
1695.0,2025-12-02T04:15:00+00:00,W12208,wagon,retrofit,,
1702.5,2025-12-02T04:22:30+00:00,LOCO_01,locomotive,collection2,track_19,
1704.0,2025-12-02T04:24:00+00:00,LOCO_02,locomotive,track_19,retrofit,
1709.0,2025-12-02T04:29:00+00:00,LOCO_02,locomotive,WS_01,track_19,
1716.0,2025-12-02T04:36:00+00:00,LOCO_02,locomotive,retrofitted,WS_01,
1716.0,2025-12-02T04:36:00+00:00,W0689,wagon,WS_01,,WS_01|retrofitted
1716.0,2025-12-02T04:36:00+00:00,W11268,wagon,WS_01,,WS_01|retrofitted
1721.0,2025-12-02T04:41:00+00:00,W0689,wagon,retrofitted,,
1721.0,2025-12-02T04:41:00+00:00,W11268,wagon,retrofitted,,
1721.0,2025-12-02T04:41:00+00:00,LOCO_02,locomotive,track_19,retrofitted,
1726.0,2025-12-02T04:46:00+00:00,LOCO_02,locomotive,WS_02,track_19,
1733.0,2025-12-02T04:53:00+00:00,LOCO_02,locomotive,retrofitted,WS_02,
1733.0,2025-12-02T04:53:00+00:00,W11509,wagon,WS_02,,WS_02|retrofitted
1733.0,2025-12-02T04:53:00+00:00,W6557,wagon,WS_02,,WS_02|retrofitted
1738.0,2025-12-02T04:58:00+00:00,W11509,wagon,retrofitted,,
1738.0,2025-12-02T04:58:00+00:00,W6557,wagon,retrofitted,,
1738.0,2025-12-02T04:58:00+00:00,LOCO_02,locomotive,track_19,retrofitted,
1745.0,2025-12-02T05:05:00+00:00,LOCO_02,locomotive,retrofit,track_19,
1753.0,2025-12-02T05:13:00+00:00,LOCO_02,locomotive,WS_01,retrofit,
1753.0,2025-12-02T05:13:00+00:00,W10356,wagon,retrofit,,retrofit|WS_01
1753.0,2025-12-02T05:13:00+00:00,W6006,wagon,retrofit,,retrofit|WS_01
1758.0,2025-12-02T05:18:00+00:00,W10356,wagon,WS_01,,
1758.0,2025-12-02T05:18:00+00:00,W6006,wagon,WS_01,,
1764.0,2025-12-02T05:24:00+00:00,W10356,wagon,WS_01,,
1764.0,2025-12-02T05:24:00+00:00,W6006,wagon,WS_01,,
1764.0,2025-12-02T05:24:00+00:00,LOCO_02,locomotive,track_19,WS_01,
1765.5,2025-12-02T05:25:30+00:00,LOCO_01,locomotive,retrofit,collection2,
1765.5,2025-12-02T05:25:30+00:00,W10130,wagon,collection2,,collection2|Mainline|retrofit
1767.0,2025-12-02T05:27:00+00:00,W6140,wagon,collection1,,
1771.0,2025-12-02T05:31:00+00:00,LOCO_02,locomotive,retrofit,track_19,
1779.0,2025-12-02T05:39:00+00:00,LOCO_02,locomotive,WS_02,retrofit,
1779.0,2025-12-02T05:39:00+00:00,W4440,wagon,retrofit,,retrofit|WS_02
1779.0,2025-12-02T05:39:00+00:00,W10383,wagon,retrofit,,retrofit|WS_02
1784.0,2025-12-02T05:44:00+00:00,W4440,wagon,WS_02,,
1784.0,2025-12-02T05:44:00+00:00,W10383,wagon,WS_02,,
1790.0,2025-12-02T05:50:00+00:00,W4440,wagon,WS_02,,
1790.0,2025-12-02T05:50:00+00:00,W10383,wagon,WS_02,,
1790.0,2025-12-02T05:50:00+00:00,LOCO_02,locomotive,track_19,WS_02,
1795.0,2025-12-02T05:55:00+00:00,LOCO_02,locomotive,collection1,track_19,
1825.5,2025-12-02T06:25:30+00:00,W10130,wagon,retrofit,,
1828.5,2025-12-02T06:28:30+00:00,LOCO_01,locomotive,track_19,retrofit,
1833.5,2025-12-02T06:33:30+00:00,LOCO_01,locomotive,WS_01,track_19,
1840.5,2025-12-02T06:40:30+00:00,LOCO_01,locomotive,retrofitted,WS_01,
1840.5,2025-12-02T06:40:30+00:00,W10356,wagon,WS_01,,WS_01|retrofitted
1840.5,2025-12-02T06:40:30+00:00,W6006,wagon,WS_01,,WS_01|retrofitted
1845.5,2025-12-02T06:45:30+00:00,W10356,wagon,retrofitted,,
1845.5,2025-12-02T06:45:30+00:00,W6006,wagon,retrofitted,,
1845.5,2025-12-02T06:45:30+00:00,LOCO_01,locomotive,track_19,retrofitted,
1850.5,2025-12-02T06:50:30+00:00,LOCO_01,locomotive,retrofitted,track_19,
1853.5,2025-12-02T06:53:30+00:00,W10364,wagon,collection1,,
1853.5,2025-12-02T06:53:30+00:00,W6077,wagon,collection1,,
1858.5,2025-12-02T06:58:30+00:00,LOCO_01,locomotive,parking16,retrofitted,
1862.0,2025-12-02T07:02:00+00:00,LOCO_02,locomotive,retrofit,collection1,
1862.0,2025-12-02T07:02:00+00:00,W11348,wagon,collection1,,collection1|Mainline|retrofit
1862.0,2025-12-02T07:02:00+00:00,W12037,wagon,collection1,,collection1|Mainline|retrofit
1862.0,2025-12-02T07:02:00+00:00,W0440,wagon,collection1,,collection1|Mainline|retrofit
1870.0,2025-12-02T07:10:00+00:00,W9270,wagon,collection2,,
1870.0,2025-12-02T07:10:00+00:00,W9276,wagon,collection2,,
1870.0,2025-12-02T07:10:00+00:00,W11578,wagon,collection2,,
1922.0,2025-12-02T08:02:00+00:00,W11348,wagon,retrofit,,
1922.0,2025-12-02T08:02:00+00:00,W12037,wagon,retrofit,,
1922.0,2025-12-02T08:02:00+00:00,W0440,wagon,retrofit,,
1937.0,2025-12-02T08:17:00+00:00,LOCO_02,locomotive,track_19,retrofit,
1944.0,2025-12-02T08:24:00+00:00,LOCO_02,locomotive,retrofit,track_19,
1952.0,2025-12-02T08:32:00+00:00,LOCO_02,locomotive,WS_01,retrofit,
1952.0,2025-12-02T08:32:00+00:00,W2238,wagon,retrofit,,retrofit|WS_01
1952.0,2025-12-02T08:32:00+00:00,W0047,wagon,retrofit,,retrofit|WS_01
1957.0,2025-12-02T08:37:00+00:00,W2238,wagon,WS_01,,
1957.0,2025-12-02T08:37:00+00:00,W0047,wagon,WS_01,,
1963.0,2025-12-02T08:43:00+00:00,W2238,wagon,WS_01,,
1963.0,2025-12-02T08:43:00+00:00,W0047,wagon,WS_01,,
1963.0,2025-12-02T08:43:00+00:00,LOCO_02,locomotive,track_19,WS_01,
1965.25,2025-12-02T08:45:15+00:00,W0623,wagon,collection1,,
1965.25,2025-12-02T08:45:15+00:00,W11970,wagon,collection2,,
1968.0,2025-12-02T08:48:00+00:00,LOCO_02,locomotive,collection2,track_19,
1982.0,2025-12-02T09:02:00+00:00,W6253,wagon,parking16,,
1982.0,2025-12-02T09:02:00+00:00,W7747,wagon,parking16,,
1982.0,2025-12-02T09:02:00+00:00,W10546,wagon,parking16,,
1982.0,2025-12-02T09:02:00+00:00,W7222,wagon,parking16,,
1982.0,2025-12-02T09:02:00+00:00,LOCO_01,locomotive,track_19,parking16,
2035.0,2025-12-02T09:55:00+00:00,LOCO_02,locomotive,retrofit,collection2,
2035.0,2025-12-02T09:55:00+00:00,W9721,wagon,collection2,,collection2|Mainline|retrofit
2035.0,2025-12-02T09:55:00+00:00,W9756,wagon,collection2,,collection2|Mainline|retrofit
2035.0,2025-12-02T09:55:00+00:00,W11467,wagon,collection2,,collection2|Mainline|retrofit
2042.0,2025-12-02T10:02:00+00:00,LOCO_01,locomotive,WS_02,track_19,
2049.0,2025-12-02T10:09:00+00:00,LOCO_01,locomotive,retrofitted,WS_02,
2049.0,2025-12-02T10:09:00+00:00,W4440,wagon,WS_02,,WS_02|retrofitted
2049.0,2025-12-02T10:09:00+00:00,W10383,wagon,WS_02,,WS_02|retrofitted
2054.0,2025-12-02T10:14:00+00:00,W4440,wagon,retrofitted,,
2054.0,2025-12-02T10:14:00+00:00,W10383,wagon,retrofitted,,
2054.0,2025-12-02T10:14:00+00:00,LOCO_01,locomotive,track_19,retrofitted,
2059.0,2025-12-02T10:19:00+00:00,LOCO_01,locomotive,collection1,track_19,
2095.0,2025-12-02T10:55:00+00:00,W9721,wagon,retrofit,,
2095.0,2025-12-02T10:55:00+00:00,W9756,wagon,retrofit,,
2095.0,2025-12-02T10:55:00+00:00,W11467,wagon,retrofit,,
2110.0,2025-12-02T11:10:00+00:00,LOCO_02,locomotive,track_19,retrofit,
2117.0,2025-12-02T11:17:00+00:00,LOCO_02,locomotive,retrofit,track_19,
2122.0,2025-12-02T11:22:00+00:00,LOCO_01,locomotive,retrofit,collection1,
2122.0,2025-12-02T11:22:00+00:00,W11988,wagon,collection1,,collection1|Mainline|retrofit
2125.0,2025-12-02T11:25:00+00:00,LOCO_02,locomotive,WS_02,retrofit,
2125.0,2025-12-02T11:25:00+00:00,W0049,wagon,retrofit,,retrofit|WS_02
2125.0,2025-12-02T11:25:00+00:00,W2535,wagon,retrofit,,retrofit|WS_02
2130.0,2025-12-02T11:30:00+00:00,W0049,wagon,WS_02,,
2130.0,2025-12-02T11:30:00+00:00,W2535,wagon,WS_02,,
2136.0,2025-12-02T11:36:00+00:00,W0049,wagon,WS_02,,
2136.0,2025-12-02T11:36:00+00:00,W2535,wagon,WS_02,,
2136.0,2025-12-02T11:36:00+00:00,LOCO_02,locomotive,track_19,WS_02,
2138.0,2025-12-02T11:38:00+00:00,W3173,wagon,collection2,,
2138.0,2025-12-02T11:38:00+00:00,W5038,wagon,collection2,,
2138.0,2025-12-02T11:38:00+00:00,W11261,wagon,collection2,,
2138.0,2025-12-02T11:38:00+00:00,W11259,wagon,collection2,,
2138.0,2025-12-02T11:38:00+00:00,W5167,wagon,collection2,,
2138.0,2025-12-02T11:38:00+00:00,W4666,wagon,collection2,,
2138.0,2025-12-02T11:38:00+00:00,W11269,wagon,collection2,,
2138.0,2025-12-02T11:38:00+00:00,W3811,wagon,collection2,,
2138.0,2025-12-02T11:38:00+00:00,W2926,wagon,collection2,,
2138.0,2025-12-02T11:38:00+00:00,W5391,wagon,collection2,,
2138.0,2025-12-02T11:38:00+00:00,W6682,wagon,collection2,,
2141.0,2025-12-02T11:41:00+00:00,LOCO_02,locomotive,WS_01,track_19,
2148.0,2025-12-02T11:48:00+00:00,LOCO_02,locomotive,retrofitted,WS_01,
2148.0,2025-12-02T11:48:00+00:00,W2238,wagon,WS_01,,WS_01|retrofitted
2148.0,2025-12-02T11:48:00+00:00,W0047,wagon,WS_01,,WS_01|retrofitted
2153.0,2025-12-02T11:53:00+00:00,W2238,wagon,retrofitted,,
2153.0,2025-12-02T11:53:00+00:00,W0047,wagon,retrofitted,,
2153.0,2025-12-02T11:53:00+00:00,LOCO_02,locomotive,track_19,retrofitted,
2158.0,2025-12-02T11:58:00+00:00,LOCO_02,locomotive,collection2,track_19,
2182.0,2025-12-02T12:22:00+00:00,W11988,wagon,retrofit,,
2185.0,2025-12-02T12:25:00+00:00,LOCO_01,locomotive,track_19,retrofit,
2192.0,2025-12-02T12:32:00+00:00,LOCO_01,locomotive,retrofit,track_19,
2200.0,2025-12-02T12:40:00+00:00,LOCO_01,locomotive,WS_01,retrofit,
2200.0,2025-12-02T12:40:00+00:00,W7970,wagon,retrofit,,retrofit|WS_01
2200.0,2025-12-02T12:40:00+00:00,W4849,wagon,retrofit,,retrofit|WS_01
2205.0,2025-12-02T12:45:00+00:00,W7970,wagon,WS_01,,
2205.0,2025-12-02T12:45:00+00:00,W4849,wagon,WS_01,,
2211.0,2025-12-02T12:51:00+00:00,W7970,wagon,WS_01,,
2211.0,2025-12-02T12:51:00+00:00,W4849,wagon,WS_01,,
2211.0,2025-12-02T12:51:00+00:00,LOCO_01,locomotive,track_19,WS_01,
2216.0,2025-12-02T12:56:00+00:00,LOCO_01,locomotive,retrofitted,track_19,
2223.0,2025-12-02T13:03:00+00:00,LOCO_02,locomotive,retrofit,collection2,
2223.0,2025-12-02T13:03:00+00:00,W10354,wagon,collection2,,collection2|Mainline|retrofit
2223.0,2025-12-02T13:03:00+00:00,W3950,wagon,collection2,,collection2|Mainline|retrofit
2225.0,2025-12-02T13:05:00+00:00,LOCO_01,locomotive,parking16,retrofitted,
2258.0,2025-12-02T13:38:00+00:00,W11254,wagon,collection1,,
2258.0,2025-12-02T13:38:00+00:00,W10878,wagon,collection1,,
2258.0,2025-12-02T13:38:00+00:00,W10889,wagon,collection1,,
2283.0,2025-12-02T14:03:00+00:00,W10354,wagon,retrofit,,
2283.0,2025-12-02T14:03:00+00:00,W3950,wagon,retrofit,,
2292.0,2025-12-02T14:12:00+00:00,LOCO_02,locomotive,track_19,retrofit,
2297.0,2025-12-02T14:17:00+00:00,LOCO_02,locomotive,collection1,track_19,
2303.75,2025-12-02T14:23:45+00:00,W11320,wagon,collection2,,
2303.75,2025-12-02T14:23:45+00:00,W5833,wagon,collection2,,
2350.5,2025-12-02T15:10:30+00:00,W0689,wagon,parking16,,
2350.5,2025-12-02T15:10:30+00:00,W11268,wagon,parking16,,
2350.5,2025-12-02T15:10:30+00:00,W11509,wagon,parking16,,
2350.5,2025-12-02T15:10:30+00:00,W6557,wagon,parking16,,
2350.5,2025-12-02T15:10:30+00:00,W10356,wagon,parking16,,
2350.5,2025-12-02T15:10:30+00:00,W6006,wagon,parking16,,
2350.5,2025-12-02T15:10:30+00:00,LOCO_01,locomotive,track_19,parking16,
2362.0,2025-12-02T15:22:00+00:00,LOCO_02,locomotive,retrofit,collection1,
2362.0,2025-12-02T15:22:00+00:00,W12260,wagon,collection1,,collection1|Mainline|retrofit
2362.0,2025-12-02T15:22:00+00:00,W0130,wagon,collection1,,collection1|Mainline|retrofit
2410.5,2025-12-02T16:10:30+00:00,LOCO_01,locomotive,WS_02,track_19,
2417.5,2025-12-02T16:17:30+00:00,LOCO_01,locomotive,retrofitted,WS_02,
2417.5,2025-12-02T16:17:30+00:00,W0049,wagon,WS_02,,WS_02|retrofitted
2417.5,2025-12-02T16:17:30+00:00,W2535,wagon,WS_02,,WS_02|retrofitted
2422.0,2025-12-02T16:22:00+00:00,W12260,wagon,retrofit,,
2422.0,2025-12-02T16:22:00+00:00,W0130,wagon,retrofit,,
2422.5,2025-12-02T16:22:30+00:00,W0049,wagon,retrofitted,,
2422.5,2025-12-02T16:22:30+00:00,W2535,wagon,retrofitted,,
2422.5,2025-12-02T16:22:30+00:00,LOCO_01,locomotive,track_19,retrofitted,
2427.5,2025-12-02T16:27:30+00:00,LOCO_01,locomotive,WS_01,track_19,
2431.0,2025-12-02T16:31:00+00:00,LOCO_02,locomotive,track_19,retrofit,
2434.5,2025-12-02T16:34:30+00:00,LOCO_01,locomotive,retrofitted,WS_01,
2434.5,2025-12-02T16:34:30+00:00,W7970,wagon,WS_01,,WS_01|retrofitted
2434.5,2025-12-02T16:34:30+00:00,W4849,wagon,WS_01,,WS_01|retrofitted
2438.0,2025-12-02T16:38:00+00:00,LOCO_02,locomotive,retrofit,track_19,
2439.5,2025-12-02T16:39:30+00:00,W7970,wagon,retrofitted,,
2439.5,2025-12-02T16:39:30+00:00,W4849,wagon,retrofitted,,
2439.5,2025-12-02T16:39:30+00:00,LOCO_01,locomotive,track_19,retrofitted,
2444.5,2025-12-02T16:44:30+00:00,LOCO_01,locomotive,retrofitted,track_19,
2446.0,2025-12-02T16:46:00+00:00,LOCO_02,locomotive,WS_02,retrofit,
2446.0,2025-12-02T16:46:00+00:00,W2967,wagon,retrofit,,retrofit|WS_02
2446.0,2025-12-02T16:46:00+00:00,W9776,wagon,retrofit,,retrofit|WS_02
2451.0,2025-12-02T16:51:00+00:00,W2967,wagon,WS_02,,
2451.0,2025-12-02T16:51:00+00:00,W9776,wagon,WS_02,,
2452.5,2025-12-02T16:52:30+00:00,LOCO_01,locomotive,parking1,retrofitted,
2457.0,2025-12-02T16:57:00+00:00,W2967,wagon,WS_02,,
2457.0,2025-12-02T16:57:00+00:00,W9776,wagon,WS_02,,
2457.0,2025-12-02T16:57:00+00:00,LOCO_02,locomotive,track_19,WS_02,
2461.0,2025-12-02T17:01:00+00:00,W4440,wagon,parking1,,
2461.0,2025-12-02T17:01:00+00:00,W10383,wagon,parking1,,
2461.0,2025-12-02T17:01:00+00:00,W2238,wagon,parking1,,
2461.0,2025-12-02T17:01:00+00:00,W0047,wagon,parking1,,
2461.0,2025-12-02T17:01:00+00:00,LOCO_01,locomotive,track_19,parking1,
2462.0,2025-12-02T17:02:00+00:00,LOCO_02,locomotive,collection2,track_19,
2466.0,2025-12-02T17:06:00+00:00,LOCO_01,locomotive,collection1,track_19,
2484.75,2025-12-02T17:24:45+00:00,W5978,wagon,collection1,,
2525.0,2025-12-02T18:05:00+00:00,LOCO_02,locomotive,retrofit,collection2,
2525.0,2025-12-02T18:05:00+00:00,W7997,wagon,collection2,,collection2|Mainline|retrofit
2529.0,2025-12-02T18:09:00+00:00,LOCO_01,locomotive,retrofit,collection1,
2529.0,2025-12-02T18:09:00+00:00,W9352,wagon,collection1,,collection1|Mainline|retrofit
2585.0,2025-12-02T19:05:00+00:00,W7997,wagon,retrofit,,
2588.0,2025-12-02T19:08:00+00:00,LOCO_02,locomotive,track_19,retrofit,
2589.0,2025-12-02T19:09:00+00:00,W9352,wagon,retrofit,,
2592.0,2025-12-02T19:12:00+00:00,LOCO_01,locomotive,track_19,retrofit,
2595.0,2025-12-02T19:15:00+00:00,LOCO_02,locomotive,retrofit,track_19,
2597.0,2025-12-02T19:17:00+00:00,LOCO_01,locomotive,WS_02,track_19,
2603.0,2025-12-02T19:23:00+00:00,LOCO_02,locomotive,WS_01,retrofit,
2603.0,2025-12-02T19:23:00+00:00,W12208,wagon,retrofit,,retrofit|WS_01
2603.0,2025-12-02T19:23:00+00:00,W10130,wagon,retrofit,,retrofit|WS_01
2604.0,2025-12-02T19:24:00+00:00,LOCO_01,locomotive,retrofitted,WS_02,
2604.0,2025-12-02T19:24:00+00:00,W2967,wagon,WS_02,,WS_02|retrofitted
2604.0,2025-12-02T19:24:00+00:00,W9776,wagon,WS_02,,WS_02|retrofitted
2608.0,2025-12-02T19:28:00+00:00,W12208,wagon,WS_01,,
2608.0,2025-12-02T19:28:00+00:00,W10130,wagon,WS_01,,
2609.0,2025-12-02T19:29:00+00:00,W2967,wagon,retrofitted,,
2609.0,2025-12-02T19:29:00+00:00,W9776,wagon,retrofitted,,
2609.0,2025-12-02T19:29:00+00:00,LOCO_01,locomotive,track_19,retrofitted,
2614.0,2025-12-02T19:34:00+00:00,W12208,wagon,WS_01,,
2614.0,2025-12-02T19:34:00+00:00,W10130,wagon,WS_01,,
2614.0,2025-12-02T19:34:00+00:00,LOCO_02,locomotive,track_19,WS_01,
2614.0,2025-12-02T19:34:00+00:00,LOCO_01,locomotive,retrofitted,track_19,
2621.0,2025-12-02T19:41:00+00:00,LOCO_02,locomotive,retrofit,track_19,
2622.0,2025-12-02T19:42:00+00:00,LOCO_01,locomotive,parking12,retrofitted,
2629.0,2025-12-02T19:49:00+00:00,LOCO_02,locomotive,WS_02,retrofit,
2629.0,2025-12-02T19:49:00+00:00,W11348,wagon,retrofit,,retrofit|WS_02
2629.0,2025-12-02T19:49:00+00:00,W12037,wagon,retrofit,,retrofit|WS_02
2634.0,2025-12-02T19:54:00+00:00,W11348,wagon,WS_02,,
2634.0,2025-12-02T19:54:00+00:00,W12037,wagon,WS_02,,
2640.0,2025-12-02T20:00:00+00:00,W11348,wagon,WS_02,,
2640.0,2025-12-02T20:00:00+00:00,W12037,wagon,WS_02,,
2640.0,2025-12-02T20:00:00+00:00,LOCO_02,locomotive,track_19,WS_02,
2645.0,2025-12-02T20:05:00+00:00,LOCO_02,locomotive,collection2,track_19,
2666.75,2025-12-02T20:26:45+00:00,W12077,wagon,collection1,,
2666.75,2025-12-02T20:26:45+00:00,W11766,wagon,collection2,,
2666.75,2025-12-02T20:26:45+00:00,W4793,wagon,collection2,,
2666.75,2025-12-02T20:26:45+00:00,W11718,wagon,collection2,,
2685.5,2025-12-02T20:45:30+00:00,W0049,wagon,parking12,,
2685.5,2025-12-02T20:45:30+00:00,W2535,wagon,parking12,,
2685.5,2025-12-02T20:45:30+00:00,W7970,wagon,parking12,,
2685.5,2025-12-02T20:45:30+00:00,W4849,wagon,parking12,,
2685.5,2025-12-02T20:45:30+00:00,LOCO_01,locomotive,track_19,parking12,
2712.0,2025-12-02T21:12:00+00:00,LOCO_02,locomotive,retrofit,collection2,
2712.0,2025-12-02T21:12:00+00:00,W8626,wagon,collection2,,collection2|Mainline|retrofit
2712.0,2025-12-02T21:12:00+00:00,W9174,wagon,collection2,,collection2|Mainline|retrofit
2712.0,2025-12-02T21:12:00+00:00,W9169,wagon,collection2,,collection2|Mainline|retrofit
2745.5,2025-12-02T21:45:30+00:00,LOCO_01,locomotive,collection1,track_19,
2772.0,2025-12-02T22:12:00+00:00,W8626,wagon,retrofit,,
2772.0,2025-12-02T22:12:00+00:00,W9174,wagon,retrofit,,
2772.0,2025-12-02T22:12:00+00:00,W9169,wagon,retrofit,,
2787.0,2025-12-02T22:27:00+00:00,LOCO_02,locomotive,track_19,retrofit,
2792.0,2025-12-02T22:32:00+00:00,LOCO_02,locomotive,WS_01,track_19,
2799.0,2025-12-02T22:39:00+00:00,LOCO_02,locomotive,retrofitted,WS_01,
2799.0,2025-12-02T22:39:00+00:00,W12208,wagon,WS_01,,WS_01|retrofitted
2799.0,2025-12-02T22:39:00+00:00,W10130,wagon,WS_01,,WS_01|retrofitted
2804.0,2025-12-02T22:44:00+00:00,W12208,wagon,retrofitted,,
2804.0,2025-12-02T22:44:00+00:00,W10130,wagon,retrofitted,,
2804.0,2025-12-02T22:44:00+00:00,LOCO_02,locomotive,track_19,retrofitted,
2808.5,2025-12-02T22:48:30+00:00,LOCO_01,locomotive,retrofit,collection1,
2808.5,2025-12-02T22:48:30+00:00,W2980,wagon,collection1,,collection1|Mainline|retrofit
2809.0,2025-12-02T22:49:00+00:00,LOCO_02,locomotive,WS_02,track_19,
2816.0,2025-12-02T22:56:00+00:00,LOCO_02,locomotive,retrofitted,WS_02,
2816.0,2025-12-02T22:56:00+00:00,W11348,wagon,WS_02,,WS_02|retrofitted
2816.0,2025-12-02T22:56:00+00:00,W12037,wagon,WS_02,,WS_02|retrofitted
2821.0,2025-12-02T23:01:00+00:00,W11348,wagon,retrofitted,,
2821.0,2025-12-02T23:01:00+00:00,W12037,wagon,retrofitted,,
2821.0,2025-12-02T23:01:00+00:00,LOCO_02,locomotive,track_19,retrofitted,
2826.0,2025-12-02T23:06:00+00:00,LOCO_02,locomotive,collection2,track_19,
2844.75,2025-12-02T23:24:45+00:00,W7261,wagon,collection2,,
2868.5,2025-12-02T23:48:30+00:00,W2980,wagon,retrofit,,
2871.5,2025-12-02T23:51:30+00:00,LOCO_01,locomotive,track_19,retrofit,
2878.5,2025-12-02T23:58:30+00:00,LOCO_01,locomotive,retrofit,track_19,
2886.5,2025-12-03T00:06:30+00:00,LOCO_01,locomotive,WS_01,retrofit,
2886.5,2025-12-03T00:06:30+00:00,W0440,wagon,retrofit,,retrofit|WS_01
2886.5,2025-12-03T00:06:30+00:00,W9721,wagon,retrofit,,retrofit|WS_01
2889.0,2025-12-03T00:09:00+00:00,LOCO_02,locomotive,retrofit,collection2,
2889.0,2025-12-03T00:09:00+00:00,W9173,wagon,collection2,,collection2|Mainline|retrofit
2891.5,2025-12-03T00:11:30+00:00,W0440,wagon,WS_01,,
2891.5,2025-12-03T00:11:30+00:00,W9721,wagon,WS_01,,
2894.75,2025-12-03T00:14:45+00:00,W6352,wagon,collection1,,
2897.5,2025-12-03T00:17:30+00:00,W0440,wagon,WS_01,,
2897.5,2025-12-03T00:17:30+00:00,W9721,wagon,WS_01,,
2897.5,2025-12-03T00:17:30+00:00,LOCO_01,locomotive,track_19,WS_01,
2902.5,2025-12-03T00:22:30+00:00,LOCO_01,locomotive,collection1,track_19,
2949.0,2025-12-03T01:09:00+00:00,W9173,wagon,retrofit,,
2952.0,2025-12-03T01:12:00+00:00,LOCO_02,locomotive,track_19,retrofit,
2959.0,2025-12-03T01:19:00+00:00,LOCO_02,locomotive,retrofit,track_19,
2965.5,2025-12-03T01:25:30+00:00,LOCO_01,locomotive,retrofit,collection1,
2965.5,2025-12-03T01:25:30+00:00,W2406,wagon,collection1,,collection1|Mainline|retrofit
2967.0,2025-12-03T01:27:00+00:00,LOCO_02,locomotive,WS_02,retrofit,
2967.0,2025-12-03T01:27:00+00:00,W9756,wagon,retrofit,,retrofit|WS_02
2967.0,2025-12-03T01:27:00+00:00,W11467,wagon,retrofit,,retrofit|WS_02
2972.0,2025-12-03T01:32:00+00:00,W9756,wagon,WS_02,,
2972.0,2025-12-03T01:32:00+00:00,W11467,wagon,WS_02,,
2978.0,2025-12-03T01:38:00+00:00,W9756,wagon,WS_02,,
2978.0,2025-12-03T01:38:00+00:00,W11467,wagon,WS_02,,
2978.0,2025-12-03T01:38:00+00:00,LOCO_02,locomotive,track_19,WS_02,
2983.0,2025-12-03T01:43:00+00:00,LOCO_02,locomotive,WS_01,track_19,
2990.0,2025-12-03T01:50:00+00:00,LOCO_02,locomotive,retrofitted,WS_01,
2990.0,2025-12-03T01:50:00+00:00,W0440,wagon,WS_01,,WS_01|retrofitted
2990.0,2025-12-03T01:50:00+00:00,W9721,wagon,WS_01,,WS_01|retrofitted
2995.0,2025-12-03T01:55:00+00:00,W0440,wagon,retrofitted,,
2995.0,2025-12-03T01:55:00+00:00,W9721,wagon,retrofitted,,
2995.0,2025-12-03T01:55:00+00:00,LOCO_02,locomotive,track_19,retrofitted,
3000.0,2025-12-03T02:00:00+00:00,LOCO_02,locomotive,collection2,track_19,
3025.5,2025-12-03T02:25:30+00:00,W2406,wagon,retrofit,,
3026.75,2025-12-03T02:26:45+00:00,W7155,wagon,collection2,,
3026.75,2025-12-03T02:26:45+00:00,W7258,wagon,collection2,,
3026.75,2025-12-03T02:26:45+00:00,W9495,wagon,collection2,,
3028.5,2025-12-03T02:28:30+00:00,LOCO_01,locomotive,track_19,retrofit,
3035.5,2025-12-03T02:35:30+00:00,LOCO_01,locomotive,retrofit,track_19,
3043.5,2025-12-03T02:43:30+00:00,LOCO_01,locomotive,WS_01,retrofit,
3043.5,2025-12-03T02:43:30+00:00,W11988,wagon,retrofit,,retrofit|WS_01
3043.5,2025-12-03T02:43:30+00:00,W10354,wagon,retrofit,,retrofit|WS_01
3048.5,2025-12-03T02:48:30+00:00,W11988,wagon,WS_01,,
3048.5,2025-12-03T02:48:30+00:00,W10354,wagon,WS_01,,
3054.5,2025-12-03T02:54:30+00:00,W11988,wagon,WS_01,,
3054.5,2025-12-03T02:54:30+00:00,W10354,wagon,WS_01,,
3054.5,2025-12-03T02:54:30+00:00,LOCO_01,locomotive,track_19,WS_01,
3059.5,2025-12-03T02:59:30+00:00,LOCO_01,locomotive,retrofitted,track_19,
3064.0,2025-12-03T03:04:00+00:00,W11014,wagon,collection1,,
3064.0,2025-12-03T03:04:00+00:00,W9040,wagon,collection1,,
3064.0,2025-12-03T03:04:00+00:00,W9345,wagon,collection2,,
3066.5,2025-12-03T03:06:30+00:00,LOCO_01,locomotive,parking13,retrofitted,
3067.0,2025-12-03T03:07:00+00:00,LOCO_02,locomotive,retrofit,collection2,
3067.0,2025-12-03T03:07:00+00:00,W9270,wagon,collection2,,collection2|Mainline|retrofit
3067.0,2025-12-03T03:07:00+00:00,W9276,wagon,collection2,,collection2|Mainline|retrofit
3067.0,2025-12-03T03:07:00+00:00,W11578,wagon,collection2,,collection2|Mainline|retrofit
3127.0,2025-12-03T04:07:00+00:00,W9270,wagon,retrofit,,
3127.0,2025-12-03T04:07:00+00:00,W9276,wagon,retrofit,,
3127.0,2025-12-03T04:07:00+00:00,W11578,wagon,retrofit,,
3142.0,2025-12-03T04:22:00+00:00,LOCO_02,locomotive,track_19,retrofit,
3143.0,2025-12-03T04:23:00+00:00,W2967,wagon,parking13,,
3143.0,2025-12-03T04:23:00+00:00,W9776,wagon,parking13,,
3143.0,2025-12-03T04:23:00+00:00,LOCO_01,locomotive,track_19,parking13,
3147.0,2025-12-03T04:27:00+00:00,LOCO_02,locomotive,collection1,track_19,
3190.75,2025-12-03T05:10:45+00:00,W7115,wagon,collection2,,
3203.0,2025-12-03T05:23:00+00:00,LOCO_01,locomotive,WS_02,track_19,
3210.0,2025-12-03T05:30:00+00:00,LOCO_01,locomotive,retrofitted,WS_02,
3210.0,2025-12-03T05:30:00+00:00,W9756,wagon,WS_02,,WS_02|retrofitted
3210.0,2025-12-03T05:30:00+00:00,W11467,wagon,WS_02,,WS_02|retrofitted
3212.0,2025-12-03T05:32:00+00:00,LOCO_02,locomotive,retrofit,collection1,
3212.0,2025-12-03T05:32:00+00:00,W2399,wagon,collection1,,collection1|Mainline|retrofit
3212.0,2025-12-03T05:32:00+00:00,W9868,wagon,collection1,,collection1|Mainline|retrofit
3215.0,2025-12-03T05:35:00+00:00,W9756,wagon,retrofitted,,
3215.0,2025-12-03T05:35:00+00:00,W11467,wagon,retrofitted,,
3215.0,2025-12-03T05:35:00+00:00,LOCO_01,locomotive,track_19,retrofitted,
3220.0,2025-12-03T05:40:00+00:00,LOCO_01,locomotive,WS_01,track_19,
3227.0,2025-12-03T05:47:00+00:00,LOCO_01,locomotive,retrofitted,WS_01,
3227.0,2025-12-03T05:47:00+00:00,W11988,wagon,WS_01,,WS_01|retrofitted
3227.0,2025-12-03T05:47:00+00:00,W10354,wagon,WS_01,,WS_01|retrofitted
3232.0,2025-12-03T05:52:00+00:00,W11988,wagon,retrofitted,,
3232.0,2025-12-03T05:52:00+00:00,W10354,wagon,retrofitted,,
3232.0,2025-12-03T05:52:00+00:00,LOCO_01,locomotive,track_19,retrofitted,
3239.0,2025-12-03T05:59:00+00:00,LOCO_01,locomotive,retrofit,track_19,
3247.0,2025-12-03T06:07:00+00:00,LOCO_01,locomotive,WS_02,retrofit,
3247.0,2025-12-03T06:07:00+00:00,W3950,wagon,retrofit,,retrofit|WS_02
3247.0,2025-12-03T06:07:00+00:00,W12260,wagon,retrofit,,retrofit|WS_02
3252.0,2025-12-03T06:12:00+00:00,W3950,wagon,WS_02,,
3252.0,2025-12-03T06:12:00+00:00,W12260,wagon,WS_02,,
3258.0,2025-12-03T06:18:00+00:00,W3950,wagon,WS_02,,
3258.0,2025-12-03T06:18:00+00:00,W12260,wagon,WS_02,,
3258.0,2025-12-03T06:18:00+00:00,LOCO_01,locomotive,track_19,WS_02,
3263.0,2025-12-03T06:23:00+00:00,LOCO_01,locomotive,collection2,track_19,
3272.0,2025-12-03T06:32:00+00:00,W2399,wagon,retrofit,,
3272.0,2025-12-03T06:32:00+00:00,W9868,wagon,retrofit,,
3281.0,2025-12-03T06:41:00+00:00,LOCO_02,locomotive,track_19,retrofit,
3287.25,2025-12-03T06:47:15+00:00,W6213,wagon,collection1,,
3287.25,2025-12-03T06:47:15+00:00,W1578,wagon,collection1,,
3288.0,2025-12-03T06:48:00+00:00,LOCO_02,locomotive,retrofit,track_19,
3296.0,2025-12-03T06:56:00+00:00,LOCO_02,locomotive,WS_01,retrofit,
3296.0,2025-12-03T06:56:00+00:00,W0130,wagon,retrofit,,retrofit|WS_01
3296.0,2025-12-03T06:56:00+00:00,W7997,wagon,retrofit,,retrofit|WS_01
3299.0,2025-12-03T06:59:00+00:00,W10886,wagon,collection1,,
3301.0,2025-12-03T07:01:00+00:00,W0130,wagon,WS_01,,
3301.0,2025-12-03T07:01:00+00:00,W7997,wagon,WS_01,,
3307.0,2025-12-03T07:07:00+00:00,W0130,wagon,WS_01,,
3307.0,2025-12-03T07:07:00+00:00,W7997,wagon,WS_01,,
3307.0,2025-12-03T07:07:00+00:00,LOCO_02,locomotive,track_19,WS_01,
3312.0,2025-12-03T07:12:00+00:00,LOCO_02,locomotive,retrofitted,track_19,
3321.0,2025-12-03T07:21:00+00:00,LOCO_02,locomotive,parking14,retrofitted,
3326.0,2025-12-03T07:26:00+00:00,LOCO_01,locomotive,retrofit,collection2,
3326.0,2025-12-03T07:26:00+00:00,W11970,wagon,collection2,,collection2|Mainline|retrofit
3383.0,2025-12-03T08:23:00+00:00,W5446,wagon,collection1,,
3383.0,2025-12-03T08:23:00+00:00,W10881,wagon,collection1,,
3386.0,2025-12-03T08:26:00+00:00,W11970,wagon,retrofit,,
3389.0,2025-12-03T08:29:00+00:00,LOCO_01,locomotive,track_19,retrofit,
3394.0,2025-12-03T08:34:00+00:00,LOCO_01,locomotive,collection1,track_19,
3401.5,2025-12-03T08:41:30+00:00,W12208,wagon,parking14,,
3401.5,2025-12-03T08:41:30+00:00,W10130,wagon,parking14,,
3401.5,2025-12-03T08:41:30+00:00,W11348,wagon,parking14,,
3401.5,2025-12-03T08:41:30+00:00,W12037,wagon,parking14,,
3401.5,2025-12-03T08:41:30+00:00,W0440,wagon,parking14,,
3401.5,2025-12-03T08:41:30+00:00,W9721,wagon,parking14,,
3401.5,2025-12-03T08:41:30+00:00,LOCO_02,locomotive,track_19,parking14,
3461.0,2025-12-03T09:41:00+00:00,LOCO_01,locomotive,retrofit,collection1,
3461.0,2025-12-03T09:41:00+00:00,W12060,wagon,collection1,,collection1|Mainline|retrofit
3461.0,2025-12-03T09:41:00+00:00,W12210,wagon,collection1,,collection1|Mainline|retrofit
3461.0,2025-12-03T09:41:00+00:00,W8636,wagon,collection1,,collection1|Mainline|retrofit
3461.5,2025-12-03T09:41:30+00:00,LOCO_02,locomotive,WS_02,track_19,
3468.5,2025-12-03T09:48:30+00:00,LOCO_02,locomotive,retrofitted,WS_02,
3468.5,2025-12-03T09:48:30+00:00,W3950,wagon,WS_02,,WS_02|retrofitted
3468.5,2025-12-03T09:48:30+00:00,W12260,wagon,WS_02,,WS_02|retrofitted
3473.5,2025-12-03T09:53:30+00:00,W3950,wagon,retrofitted,,
3473.5,2025-12-03T09:53:30+00:00,W12260,wagon,retrofitted,,
3473.5,2025-12-03T09:53:30+00:00,LOCO_02,locomotive,track_19,retrofitted,
3478.5,2025-12-03T09:58:30+00:00,LOCO_02,locomotive,WS_01,track_19,
3485.5,2025-12-03T10:05:30+00:00,LOCO_02,locomotive,retrofitted,WS_01,
3485.5,2025-12-03T10:05:30+00:00,W0130,wagon,WS_01,,WS_01|retrofitted
3485.5,2025-12-03T10:05:30+00:00,W7997,wagon,WS_01,,WS_01|retrofitted
3490.5,2025-12-03T10:10:30+00:00,W0130,wagon,retrofitted,,
3490.5,2025-12-03T10:10:30+00:00,W7997,wagon,retrofitted,,
3490.5,2025-12-03T10:10:30+00:00,LOCO_02,locomotive,track_19,retrofitted,
3497.5,2025-12-03T10:17:30+00:00,LOCO_02,locomotive,retrofit,track_19,
3505.5,2025-12-03T10:25:30+00:00,LOCO_02,locomotive,WS_02,retrofit,
3505.5,2025-12-03T10:25:30+00:00,W9352,wagon,retrofit,,retrofit|WS_02
3505.5,2025-12-03T10:25:30+00:00,W8626,wagon,retrofit,,retrofit|WS_02
3510.5,2025-12-03T10:30:30+00:00,W9352,wagon,WS_02,,
3510.5,2025-12-03T10:30:30+00:00,W8626,wagon,WS_02,,
3516.5,2025-12-03T10:36:30+00:00,W9352,wagon,WS_02,,
3516.5,2025-12-03T10:36:30+00:00,W8626,wagon,WS_02,,
3516.5,2025-12-03T10:36:30+00:00,LOCO_02,locomotive,track_19,WS_02,
3521.0,2025-12-03T10:41:00+00:00,W12060,wagon,retrofit,,
3521.0,2025-12-03T10:41:00+00:00,W12210,wagon,retrofit,,
3521.0,2025-12-03T10:41:00+00:00,W8636,wagon,retrofit,,
3521.5,2025-12-03T10:41:30+00:00,LOCO_02,locomotive,collection2,track_19,
3536.0,2025-12-03T10:56:00+00:00,LOCO_01,locomotive,track_19,retrofit,
3543.0,2025-12-03T11:03:00+00:00,LOCO_01,locomotive,retrofit,track_19,
3551.0,2025-12-03T11:11:00+00:00,LOCO_01,locomotive,WS_01,retrofit,
3551.0,2025-12-03T11:11:00+00:00,W9174,wagon,retrofit,,retrofit|WS_01
3551.0,2025-12-03T11:11:00+00:00,W9169,wagon,retrofit,,retrofit|WS_01
3556.0,2025-12-03T11:16:00+00:00,W9174,wagon,WS_01,,
3556.0,2025-12-03T11:16:00+00:00,W9169,wagon,WS_01,,
3557.75,2025-12-03T11:17:45+00:00,W5057,wagon,collection1,,
3557.75,2025-12-03T11:17:45+00:00,W4522,wagon,collection1,,
3557.75,2025-12-03T11:17:45+00:00,W4479,wagon,collection1,,
3562.0,2025-12-03T11:22:00+00:00,W9174,wagon,WS_01,,
3562.0,2025-12-03T11:22:00+00:00,W9169,wagon,WS_01,,
3562.0,2025-12-03T11:22:00+00:00,LOCO_01,locomotive,track_19,WS_01,
3567.0,2025-12-03T11:27:00+00:00,LOCO_01,locomotive,retrofitted,track_19,
3575.0,2025-12-03T11:35:00+00:00,LOCO_01,locomotive,parking15,retrofitted,
3584.5,2025-12-03T11:44:30+00:00,LOCO_02,locomotive,retrofit,collection2,
3584.5,2025-12-03T11:44:30+00:00,W3173,wagon,collection2,,collection2|Mainline|retrofit
3644.5,2025-12-03T12:44:30+00:00,W3173,wagon,retrofit,,
3647.5,2025-12-03T12:47:30+00:00,LOCO_02,locomotive,track_19,retrofit,
3652.5,2025-12-03T12:52:30+00:00,LOCO_02,locomotive,collection1,track_19,
3653.5,2025-12-03T12:53:30+00:00,W9756,wagon,parking15,,
3653.5,2025-12-03T12:53:30+00:00,W11467,wagon,parking15,,
3653.5,2025-12-03T12:53:30+00:00,W11988,wagon,parking15,,
3653.5,2025-12-03T12:53:30+00:00,W10354,wagon,parking15,,
3653.5,2025-12-03T12:53:30+00:00,LOCO_01,locomotive,track_19,parking15,
3713.5,2025-12-03T13:53:30+00:00,LOCO_01,locomotive,WS_02,track_19,
3719.5,2025-12-03T13:59:30+00:00,LOCO_02,locomotive,retrofit,collection1,
3719.5,2025-12-03T13:59:30+00:00,W10949,wagon,collection1,,collection1|Mainline|retrofit
3719.5,2025-12-03T13:59:30+00:00,W8631,wagon,collection1,,collection1|Mainline|retrofit
3719.5,2025-12-03T13:59:30+00:00,W9392,wagon,collection1,,collection1|Mainline|retrofit
3720.5,2025-12-03T14:00:30+00:00,LOCO_01,locomotive,retrofitted,WS_02,
3720.5,2025-12-03T14:00:30+00:00,W9352,wagon,WS_02,,WS_02|retrofitted
3720.5,2025-12-03T14:00:30+00:00,W8626,wagon,WS_02,,WS_02|retrofitted
3725.5,2025-12-03T14:05:30+00:00,W9352,wagon,retrofitted,,
3725.5,2025-12-03T14:05:30+00:00,W8626,wagon,retrofitted,,
3725.5,2025-12-03T14:05:30+00:00,LOCO_01,locomotive,track_19,retrofitted,
3730.5,2025-12-03T14:10:30+00:00,LOCO_01,locomotive,WS_01,track_19,
3737.5,2025-12-03T14:17:30+00:00,LOCO_01,locomotive,retrofitted,WS_01,
3737.5,2025-12-03T14:17:30+00:00,W9174,wagon,WS_01,,WS_01|retrofitted
3737.5,2025-12-03T14:17:30+00:00,W9169,wagon,WS_01,,WS_01|retrofitted
3742.5,2025-12-03T14:22:30+00:00,W9174,wagon,retrofitted,,
3742.5,2025-12-03T14:22:30+00:00,W9169,wagon,retrofitted,,
3742.5,2025-12-03T14:22:30+00:00,LOCO_01,locomotive,track_19,retrofitted,
3749.5,2025-12-03T14:29:30+00:00,LOCO_01,locomotive,retrofit,track_19,
3757.5,2025-12-03T14:37:30+00:00,LOCO_01,locomotive,WS_02,retrofit,
3757.5,2025-12-03T14:37:30+00:00,W2980,wagon,retrofit,,retrofit|WS_02
3757.5,2025-12-03T14:37:30+00:00,W9173,wagon,retrofit,,retrofit|WS_02
3762.5,2025-12-03T14:42:30+00:00,W2980,wagon,WS_02,,
3762.5,2025-12-03T14:42:30+00:00,W9173,wagon,WS_02,,
3768.5,2025-12-03T14:48:30+00:00,W2980,wagon,WS_02,,
3768.5,2025-12-03T14:48:30+00:00,W9173,wagon,WS_02,,
3768.5,2025-12-03T14:48:30+00:00,LOCO_01,locomotive,track_19,WS_02,
3773.5,2025-12-03T14:53:30+00:00,LOCO_01,locomotive,collection2,track_19,
3779.5,2025-12-03T14:59:30+00:00,W10949,wagon,retrofit,,
3779.5,2025-12-03T14:59:30+00:00,W8631,wagon,retrofit,,
3779.5,2025-12-03T14:59:30+00:00,W9392,wagon,retrofit,,
3794.5,2025-12-03T15:14:30+00:00,LOCO_02,locomotive,track_19,retrofit,
3801.5,2025-12-03T15:21:30+00:00,LOCO_02,locomotive,retrofit,track_19,
3809.5,2025-12-03T15:29:30+00:00,LOCO_02,locomotive,WS_01,retrofit,
3809.5,2025-12-03T15:29:30+00:00,W2406,wagon,retrofit,,retrofit|WS_01
3809.5,2025-12-03T15:29:30+00:00,W9270,wagon,retrofit,,retrofit|WS_01
3814.5,2025-12-03T15:34:30+00:00,W2406,wagon,WS_01,,
3814.5,2025-12-03T15:34:30+00:00,W9270,wagon,WS_01,,
3820.5,2025-12-03T15:40:30+00:00,W2406,wagon,WS_01,,
3820.5,2025-12-03T15:40:30+00:00,W9270,wagon,WS_01,,
3820.5,2025-12-03T15:40:30+00:00,LOCO_02,locomotive,track_19,WS_01,
3825.5,2025-12-03T15:45:30+00:00,LOCO_02,locomotive,retrofitted,track_19,
3833.5,2025-12-03T15:53:30+00:00,LOCO_02,locomotive,parking16,retrofitted,
3836.5,2025-12-03T15:56:30+00:00,LOCO_01,locomotive,retrofit,collection2,
3836.5,2025-12-03T15:56:30+00:00,W5038,wagon,collection2,,collection2|Mainline|retrofit
3896.5,2025-12-03T16:56:30+00:00,W5038,wagon,retrofit,,
3899.5,2025-12-03T16:59:30+00:00,LOCO_01,locomotive,track_19,retrofit,
3904.5,2025-12-03T17:04:30+00:00,LOCO_01,locomotive,collection1,track_19,
3940.75,2025-12-03T17:40:45+00:00,W2737,wagon,collection1,,
3940.75,2025-12-03T17:40:45+00:00,W10081,wagon,collection1,,
3940.75,2025-12-03T17:40:45+00:00,W7253,wagon,collection1,,
3955.25,2025-12-03T17:55:15+00:00,W2971,wagon,collection2,,
3955.25,2025-12-03T17:55:15+00:00,W0607,wagon,collection2,,
3957.0,2025-12-03T17:57:00+00:00,W3950,wagon,parking16,,
3957.0,2025-12-03T17:57:00+00:00,W12260,wagon,parking16,,
3957.0,2025-12-03T17:57:00+00:00,W0130,wagon,parking16,,
3957.0,2025-12-03T17:57:00+00:00,W7997,wagon,parking16,,
3957.0,2025-12-03T17:57:00+00:00,LOCO_02,locomotive,track_19,parking16,
3971.5,2025-12-03T18:11:30+00:00,LOCO_01,locomotive,retrofit,collection1,
3971.5,2025-12-03T18:11:30+00:00,W9274,wagon,collection1,,collection1|Mainline|retrofit
3971.5,2025-12-03T18:11:30+00:00,W8613,wagon,collection1,,collection1|Mainline|retrofit
3971.5,2025-12-03T18:11:30+00:00,W6140,wagon,collection1,,collection1|Mainline|retrofit
4017.0,2025-12-03T18:57:00+00:00,LOCO_02,locomotive,WS_02,track_19,
4024.0,2025-12-03T19:04:00+00:00,LOCO_02,locomotive,retrofitted,WS_02,
4024.0,2025-12-03T19:04:00+00:00,W2980,wagon,WS_02,,WS_02|retrofitted
4024.0,2025-12-03T19:04:00+00:00,W9173,wagon,WS_02,,WS_02|retrofitted
4029.0,2025-12-03T19:09:00+00:00,W2980,wagon,retrofitted,,
4029.0,2025-12-03T19:09:00+00:00,W9173,wagon,retrofitted,,
4029.0,2025-12-03T19:09:00+00:00,LOCO_02,locomotive,track_19,retrofitted,
4031.5,2025-12-03T19:11:30+00:00,W9274,wagon,retrofit,,
4031.5,2025-12-03T19:11:30+00:00,W8613,wagon,retrofit,,
4031.5,2025-12-03T19:11:30+00:00,W6140,wagon,retrofit,,
4034.0,2025-12-03T19:14:00+00:00,LOCO_02,locomotive,WS_01,track_19,
4041.0,2025-12-03T19:21:00+00:00,LOCO_02,locomotive,retrofitted,WS_01,
4041.0,2025-12-03T19:21:00+00:00,W2406,wagon,WS_01,,WS_01|retrofitted
4041.0,2025-12-03T19:21:00+00:00,W9270,wagon,WS_01,,WS_01|retrofitted
4046.0,2025-12-03T19:26:00+00:00,W2406,wagon,retrofitted,,
4046.0,2025-12-03T19:26:00+00:00,W9270,wagon,retrofitted,,
4046.0,2025-12-03T19:26:00+00:00,LOCO_02,locomotive,track_19,retrofitted,
4046.5,2025-12-03T19:26:30+00:00,LOCO_01,locomotive,track_19,retrofit,
4051.5,2025-12-03T19:31:30+00:00,LOCO_01,locomotive,collection2,track_19,
4053.0,2025-12-03T19:33:00+00:00,LOCO_02,locomotive,retrofit,track_19,
4061.0,2025-12-03T19:41:00+00:00,LOCO_02,locomotive,WS_02,retrofit,
4061.0,2025-12-03T19:41:00+00:00,W9276,wagon,retrofit,,retrofit|WS_02
4061.0,2025-12-03T19:41:00+00:00,W11578,wagon,retrofit,,retrofit|WS_02
4066.0,2025-12-03T19:46:00+00:00,W9276,wagon,WS_02,,
4066.0,2025-12-03T19:46:00+00:00,W11578,wagon,WS_02,,
4072.0,2025-12-03T19:52:00+00:00,W9276,wagon,WS_02,,
4072.0,2025-12-03T19:52:00+00:00,W11578,wagon,WS_02,,
4072.0,2025-12-03T19:52:00+00:00,LOCO_02,locomotive,track_19,WS_02,
4079.0,2025-12-03T19:59:00+00:00,LOCO_02,locomotive,retrofit,track_19,
4087.0,2025-12-03T20:07:00+00:00,LOCO_02,locomotive,WS_01,retrofit,
4087.0,2025-12-03T20:07:00+00:00,W2399,wagon,retrofit,,retrofit|WS_01
4087.0,2025-12-03T20:07:00+00:00,W9868,wagon,retrofit,,retrofit|WS_01
4092.0,2025-12-03T20:12:00+00:00,W2399,wagon,WS_01,,
4092.0,2025-12-03T20:12:00+00:00,W9868,wagon,WS_01,,
4093.25,2025-12-03T20:13:15+00:00,W0032,wagon,collection1,,
4093.25,2025-12-03T20:13:15+00:00,W6592,wagon,collection1,,
4093.25,2025-12-03T20:13:15+00:00,W10601,wagon,collection1,,
4093.25,2025-12-03T20:13:15+00:00,W6942,wagon,collection1,,
4098.0,2025-12-03T20:18:00+00:00,W2399,wagon,WS_01,,
4098.0,2025-12-03T20:18:00+00:00,W9868,wagon,WS_01,,
4098.0,2025-12-03T20:18:00+00:00,LOCO_02,locomotive,track_19,WS_01,
4103.0,2025-12-03T20:23:00+00:00,LOCO_02,locomotive,collection1,track_19,
4114.5,2025-12-03T20:34:30+00:00,LOCO_01,locomotive,retrofit,collection2,
4114.5,2025-12-03T20:34:30+00:00,W11261,wagon,collection2,,collection2|Mainline|retrofit
4170.0,2025-12-03T21:30:00+00:00,LOCO_02,locomotive,retrofit,collection1,
4170.0,2025-12-03T21:30:00+00:00,W10364,wagon,collection1,,collection1|Mainline|retrofit
4170.0,2025-12-03T21:30:00+00:00,W6077,wagon,collection1,,collection1|Mainline|retrofit
4170.0,2025-12-03T21:30:00+00:00,W0623,wagon,collection1,,collection1|Mainline|retrofit
4174.5,2025-12-03T21:34:30+00:00,W11261,wagon,retrofit,,
4177.5,2025-12-03T21:37:30+00:00,LOCO_01,locomotive,track_19,retrofit,
4182.5,2025-12-03T21:42:30+00:00,LOCO_01,locomotive,WS_02,track_19,
4189.5,2025-12-03T21:49:30+00:00,LOCO_01,locomotive,retrofitted,WS_02,
4189.5,2025-12-03T21:49:30+00:00,W9276,wagon,WS_02,,WS_02|retrofitted
4189.5,2025-12-03T21:49:30+00:00,W11578,wagon,WS_02,,WS_02|retrofitted
4194.5,2025-12-03T21:54:30+00:00,W9276,wagon,retrofitted,,
4194.5,2025-12-03T21:54:30+00:00,W11578,wagon,retrofitted,,
4194.5,2025-12-03T21:54:30+00:00,LOCO_01,locomotive,track_19,retrofitted,
4199.5,2025-12-03T21:59:30+00:00,LOCO_01,locomotive,retrofitted,track_19,
4207.5,2025-12-03T22:07:30+00:00,LOCO_01,locomotive,parking13,retrofitted,
4230.0,2025-12-03T22:30:00+00:00,W10364,wagon,retrofit,,
4230.0,2025-12-03T22:30:00+00:00,W6077,wagon,retrofit,,
4230.0,2025-12-03T22:30:00+00:00,W0623,wagon,retrofit,,
4245.0,2025-12-03T22:45:00+00:00,LOCO_02,locomotive,track_19,retrofit,
4252.0,2025-12-03T22:52:00+00:00,LOCO_02,locomotive,retrofit,track_19,
4260.0,2025-12-03T23:00:00+00:00,LOCO_02,locomotive,WS_02,retrofit,
4260.0,2025-12-03T23:00:00+00:00,W11970,wagon,retrofit,,retrofit|WS_02
4260.0,2025-12-03T23:00:00+00:00,W12060,wagon,retrofit,,retrofit|WS_02
4265.0,2025-12-03T23:05:00+00:00,W11970,wagon,WS_02,,
4265.0,2025-12-03T23:05:00+00:00,W12060,wagon,WS_02,,
4271.0,2025-12-03T23:11:00+00:00,W11970,wagon,WS_02,,
4271.0,2025-12-03T23:11:00+00:00,W12060,wagon,WS_02,,
4271.0,2025-12-03T23:11:00+00:00,LOCO_02,locomotive,track_19,WS_02,
4276.0,2025-12-03T23:16:00+00:00,LOCO_02,locomotive,collection2,track_19,
4286.0,2025-12-03T23:26:00+00:00,W9352,wagon,parking13,,
4286.0,2025-12-03T23:26:00+00:00,W8626,wagon,parking13,,
4286.0,2025-12-03T23:26:00+00:00,W9174,wagon,parking13,,
4286.0,2025-12-03T23:26:00+00:00,W9169,wagon,parking13,,
4286.0,2025-12-03T23:26:00+00:00,LOCO_01,locomotive,track_19,parking13,
4339.0,2025-12-04T00:19:00+00:00,LOCO_02,locomotive,retrofit,collection2,
4339.0,2025-12-04T00:19:00+00:00,W11259,wagon,collection2,,collection2|Mainline|retrofit
4346.0,2025-12-04T00:26:00+00:00,LOCO_01,locomotive,collection1,track_19,
4379.0,2025-12-04T00:59:00+00:00,W6246,wagon,collection1,,
4379.0,2025-12-04T00:59:00+00:00,W5947,wagon,collection1,,
4379.0,2025-12-04T00:59:00+00:00,W5711,wagon,collection2,,
4399.0,2025-12-04T01:19:00+00:00,W11259,wagon,retrofit,,
4402.0,2025-12-04T01:22:00+00:00,LOCO_02,locomotive,track_19,retrofit,
4407.0,2025-12-04T01:27:00+00:00,LOCO_02,locomotive,WS_01,track_19,
4411.0,2025-12-04T01:31:00+00:00,LOCO_01,locomotive,retrofit,collection1,
4411.0,2025-12-04T01:31:00+00:00,W11254,wagon,collection1,,collection1|Mainline|retrofit
4411.0,2025-12-04T01:31:00+00:00,W10878,wagon,collection1,,collection1|Mainline|retrofit
4414.0,2025-12-04T01:34:00+00:00,LOCO_02,locomotive,retrofitted,WS_01,
4414.0,2025-12-04T01:34:00+00:00,W2399,wagon,WS_01,,WS_01|retrofitted
4414.0,2025-12-04T01:34:00+00:00,W9868,wagon,WS_01,,WS_01|retrofitted
4419.0,2025-12-04T01:39:00+00:00,W2399,wagon,retrofitted,,
4419.0,2025-12-04T01:39:00+00:00,W9868,wagon,retrofitted,,
4419.0,2025-12-04T01:39:00+00:00,LOCO_02,locomotive,track_19,retrofitted,
4424.0,2025-12-04T01:44:00+00:00,LOCO_02,locomotive,WS_02,track_19,
4431.0,2025-12-04T01:51:00+00:00,LOCO_02,locomotive,retrofitted,WS_02,
4431.0,2025-12-04T01:51:00+00:00,W11970,wagon,WS_02,,WS_02|retrofitted
4431.0,2025-12-04T01:51:00+00:00,W12060,wagon,WS_02,,WS_02|retrofitted
4436.0,2025-12-04T01:56:00+00:00,W11970,wagon,retrofitted,,
4436.0,2025-12-04T01:56:00+00:00,W12060,wagon,retrofitted,,
4436.0,2025-12-04T01:56:00+00:00,LOCO_02,locomotive,track_19,retrofitted,
4443.0,2025-12-04T02:03:00+00:00,LOCO_02,locomotive,retrofit,track_19,
4451.0,2025-12-04T02:11:00+00:00,LOCO_02,locomotive,WS_01,retrofit,
4451.0,2025-12-04T02:11:00+00:00,W12210,wagon,retrofit,,retrofit|WS_01
4451.0,2025-12-04T02:11:00+00:00,W8636,wagon,retrofit,,retrofit|WS_01
4456.0,2025-12-04T02:16:00+00:00,W12210,wagon,WS_01,,
4456.0,2025-12-04T02:16:00+00:00,W8636,wagon,WS_01,,
4462.0,2025-12-04T02:22:00+00:00,W12210,wagon,WS_01,,
4462.0,2025-12-04T02:22:00+00:00,W8636,wagon,WS_01,,
4462.0,2025-12-04T02:22:00+00:00,LOCO_02,locomotive,track_19,WS_01,
4467.0,2025-12-04T02:27:00+00:00,LOCO_02,locomotive,collection2,track_19,
4471.0,2025-12-04T02:31:00+00:00,W11254,wagon,retrofit,,
4471.0,2025-12-04T02:31:00+00:00,W10878,wagon,retrofit,,
4480.0,2025-12-04T02:40:00+00:00,LOCO_01,locomotive,track_19,retrofit,
4487.0,2025-12-04T02:47:00+00:00,LOCO_01,locomotive,retrofit,track_19,
4491.5,2025-12-04T02:51:30+00:00,W8085,wagon,collection1,,
4491.5,2025-12-04T02:51:30+00:00,W8082,wagon,collection1,,
4491.5,2025-12-04T02:51:30+00:00,W8052,wagon,collection1,,
4491.5,2025-12-04T02:51:30+00:00,W8096,wagon,collection2,,
4495.0,2025-12-04T02:55:00+00:00,LOCO_01,locomotive,WS_02,retrofit,
4495.0,2025-12-04T02:55:00+00:00,W3173,wagon,retrofit,,retrofit|WS_02
4495.0,2025-12-04T02:55:00+00:00,W10949,wagon,retrofit,,retrofit|WS_02
4500.0,2025-12-04T03:00:00+00:00,W3173,wagon,WS_02,,
4500.0,2025-12-04T03:00:00+00:00,W10949,wagon,WS_02,,
4506.0,2025-12-04T03:06:00+00:00,W3173,wagon,WS_02,,
4506.0,2025-12-04T03:06:00+00:00,W10949,wagon,WS_02,,
4506.0,2025-12-04T03:06:00+00:00,LOCO_01,locomotive,track_19,WS_02,
4511.0,2025-12-04T03:11:00+00:00,LOCO_01,locomotive,retrofitted,track_19,
4520.0,2025-12-04T03:20:00+00:00,LOCO_01,locomotive,parking12,retrofitted,
4530.0,2025-12-04T03:30:00+00:00,LOCO_02,locomotive,retrofit,collection2,
4530.0,2025-12-04T03:30:00+00:00,W5167,wagon,collection2,,collection2|Mainline|retrofit
4585.5,2025-12-04T04:25:30+00:00,W2980,wagon,parking12,,
4585.5,2025-12-04T04:25:30+00:00,W9173,wagon,parking12,,
4585.5,2025-12-04T04:25:30+00:00,W2406,wagon,parking12,,
4585.5,2025-12-04T04:25:30+00:00,W9270,wagon,parking12,,
4585.5,2025-12-04T04:25:30+00:00,W9276,wagon,parking12,,
4585.5,2025-12-04T04:25:30+00:00,W11578,wagon,parking12,,
4585.5,2025-12-04T04:25:30+00:00,LOCO_01,locomotive,track_19,parking12,
4590.0,2025-12-04T04:30:00+00:00,W5167,wagon,retrofit,,
4593.0,2025-12-04T04:33:00+00:00,LOCO_02,locomotive,track_19,retrofit,
4598.0,2025-12-04T04:38:00+00:00,LOCO_02,locomotive,collection1,track_19,
4645.5,2025-12-04T05:25:30+00:00,LOCO_01,locomotive,WS_01,track_19,
4652.5,2025-12-04T05:32:30+00:00,LOCO_01,locomotive,retrofitted,WS_01,
4652.5,2025-12-04T05:32:30+00:00,W12210,wagon,WS_01,,WS_01|retrofitted
4652.5,2025-12-04T05:32:30+00:00,W8636,wagon,WS_01,,WS_01|retrofitted
4657.5,2025-12-04T05:37:30+00:00,W12210,wagon,retrofitted,,
4657.5,2025-12-04T05:37:30+00:00,W8636,wagon,retrofitted,,
4657.5,2025-12-04T05:37:30+00:00,LOCO_01,locomotive,track_19,retrofitted,
4662.5,2025-12-04T05:42:30+00:00,LOCO_01,locomotive,WS_02,track_19,
4667.0,2025-12-04T05:47:00+00:00,LOCO_02,locomotive,retrofit,collection1,
4667.0,2025-12-04T05:47:00+00:00,W10889,wagon,collection1,,collection1|Mainline|retrofit
4667.0,2025-12-04T05:47:00+00:00,W5978,wagon,collection1,,collection1|Mainline|retrofit
4667.0,2025-12-04T05:47:00+00:00,W12077,wagon,collection1,,collection1|Mainline|retrofit
4667.0,2025-12-04T05:47:00+00:00,W6352,wagon,collection1,,collection1|Mainline|retrofit
4669.5,2025-12-04T05:49:30+00:00,LOCO_01,locomotive,retrofitted,WS_02,
4669.5,2025-12-04T05:49:30+00:00,W3173,wagon,WS_02,,WS_02|retrofitted
4669.5,2025-12-04T05:49:30+00:00,W10949,wagon,WS_02,,WS_02|retrofitted
4674.5,2025-12-04T05:54:30+00:00,W3173,wagon,retrofitted,,
4674.5,2025-12-04T05:54:30+00:00,W10949,wagon,retrofitted,,
4674.5,2025-12-04T05:54:30+00:00,LOCO_01,locomotive,track_19,retrofitted,
4676.75,2025-12-04T05:56:45+00:00,W9067,wagon,collection2,,
4681.5,2025-12-04T06:01:30+00:00,LOCO_01,locomotive,retrofit,track_19,
4689.5,2025-12-04T06:09:30+00:00,LOCO_01,locomotive,WS_01,retrofit,
4689.5,2025-12-04T06:09:30+00:00,W8631,wagon,retrofit,,retrofit|WS_01
4689.5,2025-12-04T06:09:30+00:00,W9392,wagon,retrofit,,retrofit|WS_01
4694.5,2025-12-04T06:14:30+00:00,W8631,wagon,WS_01,,
4694.5,2025-12-04T06:14:30+00:00,W9392,wagon,WS_01,,
4700.5,2025-12-04T06:20:30+00:00,W8631,wagon,WS_01,,
4700.5,2025-12-04T06:20:30+00:00,W9392,wagon,WS_01,,
4700.5,2025-12-04T06:20:30+00:00,LOCO_01,locomotive,track_19,WS_01,
4705.5,2025-12-04T06:25:30+00:00,LOCO_01,locomotive,collection2,track_19,
4727.0,2025-12-04T06:47:00+00:00,W10889,wagon,retrofit,,
4727.0,2025-12-04T06:47:00+00:00,W5978,wagon,retrofit,,
4727.0,2025-12-04T06:47:00+00:00,W12077,wagon,retrofit,,
4727.0,2025-12-04T06:47:00+00:00,W6352,wagon,retrofit,,
4748.0,2025-12-04T07:08:00+00:00,LOCO_02,locomotive,track_19,retrofit,
4755.0,2025-12-04T07:15:00+00:00,LOCO_02,locomotive,retrofit,track_19,
4761.25,2025-12-04T07:21:15+00:00,W11596,wagon,collection1,,
4761.25,2025-12-04T07:21:15+00:00,W10957,wagon,collection1,,
4763.0,2025-12-04T07:23:00+00:00,LOCO_02,locomotive,WS_02,retrofit,
4763.0,2025-12-04T07:23:00+00:00,W5038,wagon,retrofit,,retrofit|WS_02
4763.0,2025-12-04T07:23:00+00:00,W9274,wagon,retrofit,,retrofit|WS_02
4768.0,2025-12-04T07:28:00+00:00,W5038,wagon,WS_02,,
4768.0,2025-12-04T07:28:00+00:00,W9274,wagon,WS_02,,
4768.5,2025-12-04T07:28:30+00:00,LOCO_01,locomotive,retrofit,collection2,
4768.5,2025-12-04T07:28:30+00:00,W4666,wagon,collection2,,collection2|Mainline|retrofit
4774.0,2025-12-04T07:34:00+00:00,W5038,wagon,WS_02,,
4774.0,2025-12-04T07:34:00+00:00,W9274,wagon,WS_02,,
4774.0,2025-12-04T07:34:00+00:00,LOCO_02,locomotive,track_19,WS_02,
4779.0,2025-12-04T07:39:00+00:00,LOCO_02,locomotive,retrofitted,track_19,
4787.0,2025-12-04T07:47:00+00:00,LOCO_02,locomotive,parking1,retrofitted,
4795.5,2025-12-04T07:55:30+00:00,W2399,wagon,parking1,,
4795.5,2025-12-04T07:55:30+00:00,W9868,wagon,parking1,,
4795.5,2025-12-04T07:55:30+00:00,W11970,wagon,parking1,,
4795.5,2025-12-04T07:55:30+00:00,W12060,wagon,parking1,,
4795.5,2025-12-04T07:55:30+00:00,LOCO_02,locomotive,track_19,parking1,
4800.5,2025-12-04T08:00:30+00:00,LOCO_02,locomotive,collection1,track_19,
4824.0,2025-12-04T08:24:00+00:00,W6303,wagon,collection1,,
4824.0,2025-12-04T08:24:00+00:00,W10958,wagon,collection1,,
4828.5,2025-12-04T08:28:30+00:00,W4666,wagon,retrofit,,
4831.5,2025-12-04T08:31:30+00:00,LOCO_01,locomotive,track_19,retrofit,
4836.5,2025-12-04T08:36:30+00:00,LOCO_01,locomotive,WS_01,track_19,
4843.5,2025-12-04T08:43:30+00:00,LOCO_01,locomotive,retrofitted,WS_01,
4843.5,2025-12-04T08:43:30+00:00,W8631,wagon,WS_01,,WS_01|retrofitted
4843.5,2025-12-04T08:43:30+00:00,W9392,wagon,WS_01,,WS_01|retrofitted
4848.5,2025-12-04T08:48:30+00:00,W8631,wagon,retrofitted,,
4848.5,2025-12-04T08:48:30+00:00,W9392,wagon,retrofitted,,
4848.5,2025-12-04T08:48:30+00:00,LOCO_01,locomotive,track_19,retrofitted,
4853.5,2025-12-04T08:53:30+00:00,LOCO_01,locomotive,WS_02,track_19,
4854.0,2025-12-04T08:54:00+00:00,W2291,wagon,collection2,,
4860.5,2025-12-04T09:00:30+00:00,LOCO_01,locomotive,retrofitted,WS_02,
4860.5,2025-12-04T09:00:30+00:00,W5038,wagon,WS_02,,WS_02|retrofitted
4860.5,2025-12-04T09:00:30+00:00,W9274,wagon,WS_02,,WS_02|retrofitted
4865.5,2025-12-04T09:05:30+00:00,W5038,wagon,retrofitted,,
4865.5,2025-12-04T09:05:30+00:00,W9274,wagon,retrofitted,,
4865.5,2025-12-04T09:05:30+00:00,LOCO_01,locomotive,track_19,retrofitted,
4869.5,2025-12-04T09:09:30+00:00,LOCO_02,locomotive,retrofit,collection1,
4869.5,2025-12-04T09:09:30+00:00,W11014,wagon,collection1,,collection1|Mainline|retrofit
4869.5,2025-12-04T09:09:30+00:00,W9040,wagon,collection1,,collection1|Mainline|retrofit
4869.5,2025-12-04T09:09:30+00:00,W6213,wagon,collection1,,collection1|Mainline|retrofit
4869.5,2025-12-04T09:09:30+00:00,W1578,wagon,collection1,,collection1|Mainline|retrofit
4872.5,2025-12-04T09:12:30+00:00,LOCO_01,locomotive,retrofit,track_19,
4880.5,2025-12-04T09:20:30+00:00,LOCO_01,locomotive,WS_01,retrofit,
4880.5,2025-12-04T09:20:30+00:00,W8613,wagon,retrofit,,retrofit|WS_01
4880.5,2025-12-04T09:20:30+00:00,W6140,wagon,retrofit,,retrofit|WS_01
4885.5,2025-12-04T09:25:30+00:00,W8613,wagon,WS_01,,
4885.5,2025-12-04T09:25:30+00:00,W6140,wagon,WS_01,,
4891.5,2025-12-04T09:31:30+00:00,W8613,wagon,WS_01,,
4891.5,2025-12-04T09:31:30+00:00,W6140,wagon,WS_01,,
4891.5,2025-12-04T09:31:30+00:00,LOCO_01,locomotive,track_19,WS_01,
4896.5,2025-12-04T09:36:30+00:00,LOCO_01,locomotive,collection2,track_19,
4929.5,2025-12-04T10:09:30+00:00,W11014,wagon,retrofit,,
4929.5,2025-12-04T10:09:30+00:00,W9040,wagon,retrofit,,
4929.5,2025-12-04T10:09:30+00:00,W6213,wagon,retrofit,,
4929.5,2025-12-04T10:09:30+00:00,W1578,wagon,retrofit,,
4950.5,2025-12-04T10:30:30+00:00,LOCO_02,locomotive,track_19,retrofit,
4957.5,2025-12-04T10:37:30+00:00,LOCO_02,locomotive,retrofit,track_19,
4959.5,2025-12-04T10:39:30+00:00,LOCO_01,locomotive,retrofit,collection2,
4959.5,2025-12-04T10:39:30+00:00,W11269,wagon,collection2,,collection2|Mainline|retrofit
4965.5,2025-12-04T10:45:30+00:00,LOCO_02,locomotive,WS_02,retrofit,
4965.5,2025-12-04T10:45:30+00:00,W11261,wagon,retrofit,,retrofit|WS_02
4965.5,2025-12-04T10:45:30+00:00,W10364,wagon,retrofit,,retrofit|WS_02
4970.5,2025-12-04T10:50:30+00:00,W11261,wagon,WS_02,,
4970.5,2025-12-04T10:50:30+00:00,W10364,wagon,WS_02,,
4976.5,2025-12-04T10:56:30+00:00,W11261,wagon,WS_02,,
4976.5,2025-12-04T10:56:30+00:00,W10364,wagon,WS_02,,
4976.5,2025-12-04T10:56:30+00:00,LOCO_02,locomotive,track_19,WS_02,
4981.5,2025-12-04T11:01:30+00:00,LOCO_02,locomotive,WS_01,track_19,
4988.5,2025-12-04T11:08:30+00:00,LOCO_02,locomotive,retrofitted,WS_01,
4988.5,2025-12-04T11:08:30+00:00,W8613,wagon,WS_01,,WS_01|retrofitted
4988.5,2025-12-04T11:08:30+00:00,W6140,wagon,WS_01,,WS_01|retrofitted
4993.5,2025-12-04T11:13:30+00:00,W8613,wagon,retrofitted,,
4993.5,2025-12-04T11:13:30+00:00,W6140,wagon,retrofitted,,
4993.5,2025-12-04T11:13:30+00:00,LOCO_02,locomotive,track_19,retrofitted,
4998.5,2025-12-04T11:18:30+00:00,LOCO_02,locomotive,collection1,track_19,
5011.0,2025-12-04T11:31:00+00:00,W0677,wagon,collection1,,
5019.5,2025-12-04T11:39:30+00:00,W11269,wagon,retrofit,,
5022.5,2025-12-04T11:42:30+00:00,LOCO_01,locomotive,track_19,retrofit,
5029.5,2025-12-04T11:49:30+00:00,LOCO_01,locomotive,retrofit,track_19,
5037.5,2025-12-04T11:57:30+00:00,LOCO_01,locomotive,WS_01,retrofit,
5037.5,2025-12-04T11:57:30+00:00,W6077,wagon,retrofit,,retrofit|WS_01
5037.5,2025-12-04T11:57:30+00:00,W0623,wagon,retrofit,,retrofit|WS_01
5039.75,2025-12-04T11:59:45+00:00,W6634,wagon,collection1,,
5039.75,2025-12-04T11:59:45+00:00,W6025,wagon,collection2,,
5042.5,2025-12-04T12:02:30+00:00,W6077,wagon,WS_01,,
5042.5,2025-12-04T12:02:30+00:00,W0623,wagon,WS_01,,
5048.5,2025-12-04T12:08:30+00:00,W6077,wagon,WS_01,,
5048.5,2025-12-04T12:08:30+00:00,W0623,wagon,WS_01,,
5048.5,2025-12-04T12:08:30+00:00,LOCO_01,locomotive,track_19,WS_01,
5053.5,2025-12-04T12:13:30+00:00,LOCO_01,locomotive,retrofitted,track_19,
5059.25,2025-12-04T12:19:15+00:00,W7175,wagon,collection2,,
5061.5,2025-12-04T12:21:30+00:00,LOCO_01,locomotive,parking15,retrofitted,
5065.5,2025-12-04T12:25:30+00:00,LOCO_02,locomotive,retrofit,collection1,
5065.5,2025-12-04T12:25:30+00:00,W10886,wagon,collection1,,collection1|Mainline|retrofit
5065.5,2025-12-04T12:25:30+00:00,W5446,wagon,collection1,,collection1|Mainline|retrofit
5065.5,2025-12-04T12:25:30+00:00,W10881,wagon,collection1,,collection1|Mainline|retrofit
5107.75,2025-12-04T13:07:45+00:00,W6803,wagon,collection2,,
5125.5,2025-12-04T13:25:30+00:00,W10886,wagon,retrofit,,
5125.5,2025-12-04T13:25:30+00:00,W5446,wagon,retrofit,,
5125.5,2025-12-04T13:25:30+00:00,W10881,wagon,retrofit,,
5140.0,2025-12-04T13:40:00+00:00,W12210,wagon,parking15,,
5140.0,2025-12-04T13:40:00+00:00,W8636,wagon,parking15,,
5140.0,2025-12-04T13:40:00+00:00,W3173,wagon,parking15,,
5140.0,2025-12-04T13:40:00+00:00,W10949,wagon,parking15,,
5140.0,2025-12-04T13:40:00+00:00,LOCO_01,locomotive,track_19,parking15,
5140.5,2025-12-04T13:40:30+00:00,LOCO_02,locomotive,track_19,retrofit,
5145.5,2025-12-04T13:45:30+00:00,LOCO_02,locomotive,collection2,track_19,
5200.0,2025-12-04T14:40:00+00:00,LOCO_01,locomotive,WS_02,track_19,
5203.75,2025-12-04T14:43:45+00:00,W7265,wagon,collection1,,
5203.75,2025-12-04T14:43:45+00:00,W11947,wagon,collection1,,
5203.75,2025-12-04T14:43:45+00:00,W11959,wagon,collection2,,
5203.75,2025-12-04T14:43:45+00:00,W6231,wagon,collection2,,
5207.0,2025-12-04T14:47:00+00:00,LOCO_01,locomotive,retrofitted,WS_02,
5207.0,2025-12-04T14:47:00+00:00,W11261,wagon,WS_02,,WS_02|retrofitted
5207.0,2025-12-04T14:47:00+00:00,W10364,wagon,WS_02,,WS_02|retrofitted
5212.0,2025-12-04T14:52:00+00:00,W11261,wagon,retrofitted,,
5212.0,2025-12-04T14:52:00+00:00,W10364,wagon,retrofitted,,
5212.0,2025-12-04T14:52:00+00:00,LOCO_01,locomotive,track_19,retrofitted,
5212.5,2025-12-04T14:52:30+00:00,LOCO_02,locomotive,retrofit,collection2,
5212.5,2025-12-04T14:52:30+00:00,W3811,wagon,collection2,,collection2|Mainline|retrofit
5212.5,2025-12-04T14:52:30+00:00,W2926,wagon,collection2,,collection2|Mainline|retrofit
5212.5,2025-12-04T14:52:30+00:00,W5391,wagon,collection2,,collection2|Mainline|retrofit
5217.0,2025-12-04T14:57:00+00:00,LOCO_01,locomotive,WS_01,track_19,
5224.0,2025-12-04T15:04:00+00:00,LOCO_01,locomotive,retrofitted,WS_01,
5224.0,2025-12-04T15:04:00+00:00,W6077,wagon,WS_01,,WS_01|retrofitted
5224.0,2025-12-04T15:04:00+00:00,W0623,wagon,WS_01,,WS_01|retrofitted
5229.0,2025-12-04T15:09:00+00:00,W6077,wagon,retrofitted,,
5229.0,2025-12-04T15:09:00+00:00,W0623,wagon,retrofitted,,
5229.0,2025-12-04T15:09:00+00:00,LOCO_01,locomotive,track_19,retrofitted,
5236.0,2025-12-04T15:16:00+00:00,LOCO_01,locomotive,retrofit,track_19,
5244.0,2025-12-04T15:24:00+00:00,LOCO_01,locomotive,WS_02,retrofit,
5244.0,2025-12-04T15:24:00+00:00,W11259,wagon,retrofit,,retrofit|WS_02
5244.0,2025-12-04T15:24:00+00:00,W11254,wagon,retrofit,,retrofit|WS_02
5249.0,2025-12-04T15:29:00+00:00,W11259,wagon,WS_02,,
5249.0,2025-12-04T15:29:00+00:00,W11254,wagon,WS_02,,
5255.0,2025-12-04T15:35:00+00:00,W11259,wagon,WS_02,,
5255.0,2025-12-04T15:35:00+00:00,W11254,wagon,WS_02,,
5255.0,2025-12-04T15:35:00+00:00,LOCO_01,locomotive,track_19,WS_02,
5260.0,2025-12-04T15:40:00+00:00,LOCO_01,locomotive,collection1,track_19,
5272.5,2025-12-04T15:52:30+00:00,W3811,wagon,retrofit,,
5272.5,2025-12-04T15:52:30+00:00,W2926,wagon,retrofit,,
5272.5,2025-12-04T15:52:30+00:00,W5391,wagon,retrofit,,
5287.5,2025-12-04T16:07:30+00:00,LOCO_02,locomotive,track_19,retrofit,
5294.5,2025-12-04T16:14:30+00:00,LOCO_02,locomotive,retrofit,track_19,
5302.5,2025-12-04T16:22:30+00:00,LOCO_02,locomotive,WS_01,retrofit,
5302.5,2025-12-04T16:22:30+00:00,W10878,wagon,retrofit,,retrofit|WS_01
5302.5,2025-12-04T16:22:30+00:00,W5167,wagon,retrofit,,retrofit|WS_01
5307.5,2025-12-04T16:27:30+00:00,W10878,wagon,WS_01,,
5307.5,2025-12-04T16:27:30+00:00,W5167,wagon,WS_01,,
5313.5,2025-12-04T16:33:30+00:00,W10878,wagon,WS_01,,
5313.5,2025-12-04T16:33:30+00:00,W5167,wagon,WS_01,,
5313.5,2025-12-04T16:33:30+00:00,LOCO_02,locomotive,track_19,WS_01,
5318.5,2025-12-04T16:38:30+00:00,LOCO_02,locomotive,retrofitted,track_19,
5323.0,2025-12-04T16:43:00+00:00,LOCO_01,locomotive,retrofit,collection1,
5323.0,2025-12-04T16:43:00+00:00,W5057,wagon,collection1,,collection1|Mainline|retrofit
5327.5,2025-12-04T16:47:30+00:00,LOCO_02,locomotive,parking16,retrofitted,
5383.0,2025-12-04T17:43:00+00:00,W5057,wagon,retrofit,,
5386.0,2025-12-04T17:46:00+00:00,LOCO_01,locomotive,track_19,retrofit,
5391.0,2025-12-04T17:51:00+00:00,LOCO_01,locomotive,collection2,track_19,
5397.75,2025-12-04T17:57:45+00:00,W7316,wagon,collection1,,
5397.75,2025-12-04T17:57:45+00:00,W9534,wagon,collection2,,
5453.0,2025-12-04T18:53:00+00:00,W8631,wagon,parking16,,
5453.0,2025-12-04T18:53:00+00:00,W9392,wagon,parking16,,
5453.0,2025-12-04T18:53:00+00:00,W5038,wagon,parking16,,
5453.0,2025-12-04T18:53:00+00:00,W9274,wagon,parking16,,
5453.0,2025-12-04T18:53:00+00:00,W8613,wagon,parking16,,
5453.0,2025-12-04T18:53:00+00:00,W6140,wagon,parking16,,
5453.0,2025-12-04T18:53:00+00:00,LOCO_02,locomotive,track_19,parking16,
5456.0,2025-12-04T18:56:00+00:00,LOCO_01,locomotive,retrofit,collection2,
5456.0,2025-12-04T18:56:00+00:00,W6682,wagon,collection2,,collection2|Mainline|retrofit
5456.0,2025-12-04T18:56:00+00:00,W11320,wagon,collection2,,collection2|Mainline|retrofit
5513.0,2025-12-04T19:53:00+00:00,LOCO_02,locomotive,WS_02,track_19,
5516.0,2025-12-04T19:56:00+00:00,W6682,wagon,retrofit,,
5516.0,2025-12-04T19:56:00+00:00,W11320,wagon,retrofit,,
5520.0,2025-12-04T20:00:00+00:00,LOCO_02,locomotive,retrofitted,WS_02,
5520.0,2025-12-04T20:00:00+00:00,W11259,wagon,WS_02,,WS_02|retrofitted
5520.0,2025-12-04T20:00:00+00:00,W11254,wagon,WS_02,,WS_02|retrofitted
5525.0,2025-12-04T20:05:00+00:00,LOCO_01,locomotive,track_19,retrofit,
5525.0,2025-12-04T20:05:00+00:00,W11259,wagon,retrofitted,,
5525.0,2025-12-04T20:05:00+00:00,W11254,wagon,retrofitted,,
5525.0,2025-12-04T20:05:00+00:00,LOCO_02,locomotive,track_19,retrofitted,
5530.0,2025-12-04T20:10:00+00:00,LOCO_01,locomotive,WS_01,track_19,
5532.0,2025-12-04T20:12:00+00:00,LOCO_02,locomotive,retrofit,track_19,
5537.0,2025-12-04T20:17:00+00:00,LOCO_01,locomotive,retrofitted,WS_01,
5537.0,2025-12-04T20:17:00+00:00,W10878,wagon,WS_01,,WS_01|retrofitted
5537.0,2025-12-04T20:17:00+00:00,W5167,wagon,WS_01,,WS_01|retrofitted
5540.0,2025-12-04T20:20:00+00:00,LOCO_02,locomotive,WS_02,retrofit,
5540.0,2025-12-04T20:20:00+00:00,W10889,wagon,retrofit,,retrofit|WS_02
5540.0,2025-12-04T20:20:00+00:00,W5978,wagon,retrofit,,retrofit|WS_02
5542.0,2025-12-04T20:22:00+00:00,W10878,wagon,retrofitted,,
5542.0,2025-12-04T20:22:00+00:00,W5167,wagon,retrofitted,,
5542.0,2025-12-04T20:22:00+00:00,LOCO_01,locomotive,track_19,retrofitted,
5545.0,2025-12-04T20:25:00+00:00,W10889,wagon,WS_02,,
5545.0,2025-12-04T20:25:00+00:00,W5978,wagon,WS_02,,
5547.0,2025-12-04T20:27:00+00:00,LOCO_01,locomotive,retrofitted,track_19,
5551.0,2025-12-04T20:31:00+00:00,W10889,wagon,WS_02,,
5551.0,2025-12-04T20:31:00+00:00,W5978,wagon,WS_02,,
5551.0,2025-12-04T20:31:00+00:00,LOCO_02,locomotive,track_19,WS_02,
5555.0,2025-12-04T20:35:00+00:00,LOCO_01,locomotive,parking10,retrofitted,
5557.0,2025-12-04T20:37:00+00:00,W8634,wagon,collection2,,
5558.0,2025-12-04T20:38:00+00:00,LOCO_02,locomotive,retrofit,track_19,
5566.0,2025-12-04T20:46:00+00:00,LOCO_02,locomotive,WS_01,retrofit,
5566.0,2025-12-04T20:46:00+00:00,W12077,wagon,retrofit,,retrofit|WS_01
5566.0,2025-12-04T20:46:00+00:00,W6352,wagon,retrofit,,retrofit|WS_01
5571.0,2025-12-04T20:51:00+00:00,W12077,wagon,WS_01,,
5571.0,2025-12-04T20:51:00+00:00,W6352,wagon,WS_01,,
5577.0,2025-12-04T20:57:00+00:00,W12077,wagon,WS_01,,
5577.0,2025-12-04T20:57:00+00:00,W6352,wagon,WS_01,,
5577.0,2025-12-04T20:57:00+00:00,LOCO_02,locomotive,track_19,WS_01,
5582.0,2025-12-04T21:02:00+00:00,LOCO_02,locomotive,collection1,track_19,
5618.5,2025-12-04T21:38:30+00:00,W11261,wagon,parking10,,
5618.5,2025-12-04T21:38:30+00:00,W10364,wagon,parking10,,
5618.5,2025-12-04T21:38:30+00:00,W6077,wagon,parking10,,
5618.5,2025-12-04T21:38:30+00:00,W0623,wagon,parking10,,
5618.5,2025-12-04T21:38:30+00:00,LOCO_01,locomotive,track_19,parking10,
5645.0,2025-12-04T22:05:00+00:00,LOCO_02,locomotive,retrofit,collection1,
5645.0,2025-12-04T22:05:00+00:00,W4522,wagon,collection1,,collection1|Mainline|retrofit
5678.5,2025-12-04T22:38:30+00:00,LOCO_01,locomotive,collection2,track_19,
5705.0,2025-12-04T23:05:00+00:00,W4522,wagon,retrofit,,
5708.0,2025-12-04T23:08:00+00:00,LOCO_02,locomotive,track_19,retrofit,
5713.0,2025-12-04T23:13:00+00:00,LOCO_02,locomotive,WS_02,track_19,
5720.0,2025-12-04T23:20:00+00:00,LOCO_02,locomotive,retrofitted,WS_02,
5720.0,2025-12-04T23:20:00+00:00,W10889,wagon,WS_02,,WS_02|retrofitted
5720.0,2025-12-04T23:20:00+00:00,W5978,wagon,WS_02,,WS_02|retrofitted
5724.0,2025-12-04T23:24:00+00:00,W8671,wagon,collection1,,
5725.0,2025-12-04T23:25:00+00:00,W10889,wagon,retrofitted,,
5725.0,2025-12-04T23:25:00+00:00,W5978,wagon,retrofitted,,
5725.0,2025-12-04T23:25:00+00:00,LOCO_02,locomotive,track_19,retrofitted,
5730.0,2025-12-04T23:30:00+00:00,LOCO_02,locomotive,WS_01,track_19,
5737.0,2025-12-04T23:37:00+00:00,LOCO_02,locomotive,retrofitted,WS_01,
5737.0,2025-12-04T23:37:00+00:00,W12077,wagon,WS_01,,WS_01|retrofitted
5737.0,2025-12-04T23:37:00+00:00,W6352,wagon,WS_01,,WS_01|retrofitted
5741.5,2025-12-04T23:41:30+00:00,LOCO_01,locomotive,retrofit,collection2,
5741.5,2025-12-04T23:41:30+00:00,W5833,wagon,collection2,,collection2|Mainline|retrofit
5742.0,2025-12-04T23:42:00+00:00,W12077,wagon,retrofitted,,
5742.0,2025-12-04T23:42:00+00:00,W6352,wagon,retrofitted,,
5742.0,2025-12-04T23:42:00+00:00,LOCO_02,locomotive,track_19,retrofitted,
5747.0,2025-12-04T23:47:00+00:00,LOCO_02,locomotive,collection1,track_19,
5801.5,2025-12-05T00:41:30+00:00,W5833,wagon,retrofit,,
5804.5,2025-12-05T00:44:30+00:00,LOCO_01,locomotive,track_19,retrofit,
5810.0,2025-12-05T00:50:00+00:00,LOCO_02,locomotive,retrofit,collection1,
5810.0,2025-12-05T00:50:00+00:00,W4479,wagon,collection1,,collection1|Mainline|retrofit
5811.5,2025-12-05T00:51:30+00:00,LOCO_01,locomotive,retrofit,track_19,
5819.5,2025-12-05T00:59:30+00:00,LOCO_01,locomotive,WS_02,retrofit,
5819.5,2025-12-05T00:59:30+00:00,W4666,wagon,retrofit,,retrofit|WS_02
5819.5,2025-12-05T00:59:30+00:00,W11014,wagon,retrofit,,retrofit|WS_02
5824.5,2025-12-05T01:04:30+00:00,W4666,wagon,WS_02,,
5824.5,2025-12-05T01:04:30+00:00,W11014,wagon,WS_02,,
5830.5,2025-12-05T01:10:30+00:00,W4666,wagon,WS_02,,
5830.5,2025-12-05T01:10:30+00:00,W11014,wagon,WS_02,,
5830.5,2025-12-05T01:10:30+00:00,LOCO_01,locomotive,track_19,WS_02,
5835.5,2025-12-05T01:15:30+00:00,LOCO_01,locomotive,collection2,track_19,
5850.25,2025-12-05T01:30:15+00:00,W2112,wagon,collection2,,
5870.0,2025-12-05T01:50:00+00:00,W4479,wagon,retrofit,,
5873.0,2025-12-05T01:53:00+00:00,LOCO_02,locomotive,track_19,retrofit,
5880.0,2025-12-05T02:00:00+00:00,LOCO_02,locomotive,retrofit,track_19,
5888.0,2025-12-05T02:08:00+00:00,LOCO_02,locomotive,WS_01,retrofit,
5888.0,2025-12-05T02:08:00+00:00,W9040,wagon,retrofit,,retrofit|WS_01
5888.0,2025-12-05T02:08:00+00:00,W6213,wagon,retrofit,,retrofit|WS_01
5893.0,2025-12-05T02:13:00+00:00,W9040,wagon,WS_01,,
5893.0,2025-12-05T02:13:00+00:00,W6213,wagon,WS_01,,
5899.0,2025-12-05T02:19:00+00:00,W9040,wagon,WS_01,,
5899.0,2025-12-05T02:19:00+00:00,W6213,wagon,WS_01,,
5899.0,2025-12-05T02:19:00+00:00,LOCO_02,locomotive,track_19,WS_01,
5900.5,2025-12-05T02:20:30+00:00,LOCO_01,locomotive,retrofit,collection2,
5900.5,2025-12-05T02:20:30+00:00,W11766,wagon,collection2,,collection2|Mainline|retrofit
5900.5,2025-12-05T02:20:30+00:00,W4793,wagon,collection2,,collection2|Mainline|retrofit
5903.5,2025-12-05T02:23:30+00:00,W7400,wagon,collection1,,
5903.5,2025-12-05T02:23:30+00:00,W0606,wagon,collection1,,
5904.0,2025-12-05T02:24:00+00:00,LOCO_02,locomotive,WS_02,track_19,
5911.0,2025-12-05T02:31:00+00:00,LOCO_02,locomotive,retrofitted,WS_02,
5911.0,2025-12-05T02:31:00+00:00,W4666,wagon,WS_02,,WS_02|retrofitted
5911.0,2025-12-05T02:31:00+00:00,W11014,wagon,WS_02,,WS_02|retrofitted
5916.0,2025-12-05T02:36:00+00:00,W4666,wagon,retrofitted,,
5916.0,2025-12-05T02:36:00+00:00,W11014,wagon,retrofitted,,
5916.0,2025-12-05T02:36:00+00:00,LOCO_02,locomotive,track_19,retrofitted,
5921.0,2025-12-05T02:41:00+00:00,LOCO_02,locomotive,collection1,track_19,
5923.75,2025-12-05T02:43:45+00:00,W12355,wagon,collection2,,
5960.5,2025-12-05T03:20:30+00:00,W11766,wagon,retrofit,,
5960.5,2025-12-05T03:20:30+00:00,W4793,wagon,retrofit,,
5969.5,2025-12-05T03:29:30+00:00,LOCO_01,locomotive,track_19,retrofit,
5976.5,2025-12-05T03:36:30+00:00,LOCO_01,locomotive,retrofit,track_19,
5984.5,2025-12-05T03:44:30+00:00,LOCO_01,locomotive,WS_02,retrofit,
5984.5,2025-12-05T03:44:30+00:00,W1578,wagon,retrofit,,retrofit|WS_02
5984.5,2025-12-05T03:44:30+00:00,W11269,wagon,retrofit,,retrofit|WS_02
5988.0,2025-12-05T03:48:00+00:00,LOCO_02,locomotive,retrofit,collection1,
5988.0,2025-12-05T03:48:00+00:00,W2737,wagon,collection1,,collection1|Mainline|retrofit
5988.0,2025-12-05T03:48:00+00:00,W10081,wagon,collection1,,collection1|Mainline|retrofit
5988.0,2025-12-05T03:48:00+00:00,W7253,wagon,collection1,,collection1|Mainline|retrofit
5989.5,2025-12-05T03:49:30+00:00,W1578,wagon,WS_02,,
5989.5,2025-12-05T03:49:30+00:00,W11269,wagon,WS_02,,
5995.5,2025-12-05T03:55:30+00:00,W1578,wagon,WS_02,,
5995.5,2025-12-05T03:55:30+00:00,W11269,wagon,WS_02,,
5995.5,2025-12-05T03:55:30+00:00,LOCO_01,locomotive,track_19,WS_02,
6000.5,2025-12-05T04:00:30+00:00,LOCO_01,locomotive,WS_01,track_19,
6007.5,2025-12-05T04:07:30+00:00,LOCO_01,locomotive,retrofitted,WS_01,
6007.5,2025-12-05T04:07:30+00:00,W9040,wagon,WS_01,,WS_01|retrofitted
6007.5,2025-12-05T04:07:30+00:00,W6213,wagon,WS_01,,WS_01|retrofitted
6012.5,2025-12-05T04:12:30+00:00,W9040,wagon,retrofitted,,
6012.5,2025-12-05T04:12:30+00:00,W6213,wagon,retrofitted,,
6012.5,2025-12-05T04:12:30+00:00,LOCO_01,locomotive,track_19,retrofitted,
6017.5,2025-12-05T04:17:30+00:00,LOCO_01,locomotive,collection2,track_19,
6048.0,2025-12-05T04:48:00+00:00,W2737,wagon,retrofit,,
6048.0,2025-12-05T04:48:00+00:00,W10081,wagon,retrofit,,
6048.0,2025-12-05T04:48:00+00:00,W7253,wagon,retrofit,,
6063.0,2025-12-05T05:03:00+00:00,LOCO_02,locomotive,track_19,retrofit,
6067.5,2025-12-05T05:07:30+00:00,W9440,wagon,collection2,,
6070.0,2025-12-05T05:10:00+00:00,LOCO_02,locomotive,retrofit,track_19,
6078.0,2025-12-05T05:18:00+00:00,LOCO_02,locomotive,WS_01,retrofit,
6078.0,2025-12-05T05:18:00+00:00,W10886,wagon,retrofit,,retrofit|WS_01
6078.0,2025-12-05T05:18:00+00:00,W5446,wagon,retrofit,,retrofit|WS_01
6080.5,2025-12-05T05:20:30+00:00,LOCO_01,locomotive,retrofit,collection2,
6080.5,2025-12-05T05:20:30+00:00,W11718,wagon,collection2,,collection2|Mainline|retrofit
6083.0,2025-12-05T05:23:00+00:00,W10886,wagon,WS_01,,
6083.0,2025-12-05T05:23:00+00:00,W5446,wagon,WS_01,,
6089.0,2025-12-05T05:29:00+00:00,W10886,wagon,WS_01,,
6089.0,2025-12-05T05:29:00+00:00,W5446,wagon,WS_01,,
6089.0,2025-12-05T05:29:00+00:00,LOCO_02,locomotive,track_19,WS_01,
6094.0,2025-12-05T05:34:00+00:00,LOCO_02,locomotive,retrofitted,track_19,
6102.0,2025-12-05T05:42:00+00:00,LOCO_02,locomotive,parking14,retrofitted,
6140.5,2025-12-05T06:20:30+00:00,W11718,wagon,retrofit,,
6143.5,2025-12-05T06:23:30+00:00,LOCO_01,locomotive,track_19,retrofit,
6148.5,2025-12-05T06:28:30+00:00,LOCO_01,locomotive,collection1,track_19,
6180.5,2025-12-05T07:00:30+00:00,W11259,wagon,parking14,,
6180.5,2025-12-05T07:00:30+00:00,W11254,wagon,parking14,,
6180.5,2025-12-05T07:00:30+00:00,W10878,wagon,parking14,,
6180.5,2025-12-05T07:00:30+00:00,W5167,wagon,parking14,,
6180.5,2025-12-05T07:00:30+00:00,LOCO_02,locomotive,track_19,parking14,
6213.5,2025-12-05T07:33:30+00:00,LOCO_01,locomotive,retrofit,collection1,
6213.5,2025-12-05T07:33:30+00:00,W0032,wagon,collection1,,collection1|Mainline|retrofit
6213.5,2025-12-05T07:33:30+00:00,W6592,wagon,collection1,,collection1|Mainline|retrofit
6240.5,2025-12-05T08:00:30+00:00,LOCO_02,locomotive,WS_02,track_19,
6247.5,2025-12-05T08:07:30+00:00,LOCO_02,locomotive,retrofitted,WS_02,
6247.5,2025-12-05T08:07:30+00:00,W1578,wagon,WS_02,,WS_02|retrofitted
6247.5,2025-12-05T08:07:30+00:00,W11269,wagon,WS_02,,WS_02|retrofitted
6252.5,2025-12-05T08:12:30+00:00,W1578,wagon,retrofitted,,
6252.5,2025-12-05T08:12:30+00:00,W11269,wagon,retrofitted,,
6252.5,2025-12-05T08:12:30+00:00,LOCO_02,locomotive,track_19,retrofitted,
6257.5,2025-12-05T08:17:30+00:00,LOCO_02,locomotive,WS_01,track_19,
6264.5,2025-12-05T08:24:30+00:00,LOCO_02,locomotive,retrofitted,WS_01,
6264.5,2025-12-05T08:24:30+00:00,W10886,wagon,WS_01,,WS_01|retrofitted
6264.5,2025-12-05T08:24:30+00:00,W5446,wagon,WS_01,,WS_01|retrofitted
6269.5,2025-12-05T08:29:30+00:00,W10886,wagon,retrofitted,,
6269.5,2025-12-05T08:29:30+00:00,W5446,wagon,retrofitted,,
6269.5,2025-12-05T08:29:30+00:00,LOCO_02,locomotive,track_19,retrofitted,
6273.5,2025-12-05T08:33:30+00:00,W0032,wagon,retrofit,,
6273.5,2025-12-05T08:33:30+00:00,W6592,wagon,retrofit,,
6276.5,2025-12-05T08:36:30+00:00,LOCO_02,locomotive,retrofit,track_19,
6282.5,2025-12-05T08:42:30+00:00,LOCO_01,locomotive,track_19,retrofit,
6284.5,2025-12-05T08:44:30+00:00,LOCO_02,locomotive,WS_02,retrofit,
6284.5,2025-12-05T08:44:30+00:00,W10881,wagon,retrofit,,retrofit|WS_02
6284.5,2025-12-05T08:44:30+00:00,W3811,wagon,retrofit,,retrofit|WS_02
6287.5,2025-12-05T08:47:30+00:00,LOCO_01,locomotive,collection2,track_19,
6289.5,2025-12-05T08:49:30+00:00,W10881,wagon,WS_02,,
6289.5,2025-12-05T08:49:30+00:00,W3811,wagon,WS_02,,
6295.5,2025-12-05T08:55:30+00:00,W10881,wagon,WS_02,,
6295.5,2025-12-05T08:55:30+00:00,W3811,wagon,WS_02,,
6295.5,2025-12-05T08:55:30+00:00,LOCO_02,locomotive,track_19,WS_02,
6302.5,2025-12-05T09:02:30+00:00,LOCO_02,locomotive,retrofit,track_19,
6310.5,2025-12-05T09:10:30+00:00,LOCO_02,locomotive,WS_01,retrofit,
6310.5,2025-12-05T09:10:30+00:00,W2926,wagon,retrofit,,retrofit|WS_01
6310.5,2025-12-05T09:10:30+00:00,W5391,wagon,retrofit,,retrofit|WS_01
6315.5,2025-12-05T09:15:30+00:00,W2926,wagon,WS_01,,
6315.5,2025-12-05T09:15:30+00:00,W5391,wagon,WS_01,,
6321.5,2025-12-05T09:21:30+00:00,W2926,wagon,WS_01,,
6321.5,2025-12-05T09:21:30+00:00,W5391,wagon,WS_01,,
6321.5,2025-12-05T09:21:30+00:00,LOCO_02,locomotive,track_19,WS_01,
6326.5,2025-12-05T09:26:30+00:00,LOCO_02,locomotive,collection1,track_19,
6350.5,2025-12-05T09:50:30+00:00,LOCO_01,locomotive,retrofit,collection2,
6350.5,2025-12-05T09:50:30+00:00,W7261,wagon,collection2,,collection2|Mainline|retrofit
6395.5,2025-12-05T10:35:30+00:00,LOCO_02,locomotive,retrofit,collection1,
6395.5,2025-12-05T10:35:30+00:00,W10601,wagon,collection1,,collection1|Mainline|retrofit
6395.5,2025-12-05T10:35:30+00:00,W6942,wagon,collection1,,collection1|Mainline|retrofit
6395.5,2025-12-05T10:35:30+00:00,W6246,wagon,collection1,,collection1|Mainline|retrofit
6395.5,2025-12-05T10:35:30+00:00,W5947,wagon,collection1,,collection1|Mainline|retrofit
6410.5,2025-12-05T10:50:30+00:00,W7261,wagon,retrofit,,
6413.5,2025-12-05T10:53:30+00:00,LOCO_01,locomotive,track_19,retrofit,
6418.5,2025-12-05T10:58:30+00:00,LOCO_01,locomotive,retrofitted,track_19,
6428.5,2025-12-05T11:08:30+00:00,LOCO_01,locomotive,parking13,retrofitted,
6455.5,2025-12-05T11:35:30+00:00,W10601,wagon,retrofit,,
6455.5,2025-12-05T11:35:30+00:00,W6942,wagon,retrofit,,
6455.5,2025-12-05T11:35:30+00:00,W6246,wagon,retrofit,,
6455.5,2025-12-05T11:35:30+00:00,W5947,wagon,retrofit,,
6475.5,2025-12-05T11:55:30+00:00,W10249,wagon,collection1,,
6475.5,2025-12-05T11:55:30+00:00,W2050,wagon,collection1,,
6475.5,2025-12-05T11:55:30+00:00,W2386,wagon,collection1,,
6475.5,2025-12-05T11:55:30+00:00,W10254,wagon,collection1,,
6475.5,2025-12-05T11:55:30+00:00,W12057,wagon,collection2,,
6476.5,2025-12-05T11:56:30+00:00,LOCO_02,locomotive,track_19,retrofit,
6481.5,2025-12-05T12:01:30+00:00,LOCO_02,locomotive,WS_02,track_19,
6488.5,2025-12-05T12:08:30+00:00,LOCO_02,locomotive,retrofitted,WS_02,
6488.5,2025-12-05T12:08:30+00:00,W10881,wagon,WS_02,,WS_02|retrofitted
6488.5,2025-12-05T12:08:30+00:00,W3811,wagon,WS_02,,WS_02|retrofitted
6493.5,2025-12-05T12:13:30+00:00,W10881,wagon,retrofitted,,
6493.5,2025-12-05T12:13:30+00:00,W3811,wagon,retrofitted,,
6493.5,2025-12-05T12:13:30+00:00,LOCO_02,locomotive,track_19,retrofitted,
6498.5,2025-12-05T12:18:30+00:00,LOCO_02,locomotive,WS_01,track_19,
6505.5,2025-12-05T12:25:30+00:00,LOCO_02,locomotive,retrofitted,WS_01,
6505.5,2025-12-05T12:25:30+00:00,W2926,wagon,WS_01,,WS_01|retrofitted
6505.5,2025-12-05T12:25:30+00:00,W5391,wagon,WS_01,,WS_01|retrofitted
6510.5,2025-12-05T12:30:30+00:00,W2926,wagon,retrofitted,,
6510.5,2025-12-05T12:30:30+00:00,W5391,wagon,retrofitted,,
6510.5,2025-12-05T12:30:30+00:00,LOCO_02,locomotive,track_19,retrofitted,
6511.0,2025-12-05T12:31:00+00:00,W10889,wagon,parking13,,
6511.0,2025-12-05T12:31:00+00:00,W5978,wagon,parking13,,
6511.0,2025-12-05T12:31:00+00:00,W12077,wagon,parking13,,
6511.0,2025-12-05T12:31:00+00:00,W6352,wagon,parking13,,
6511.0,2025-12-05T12:31:00+00:00,W4666,wagon,parking13,,
6511.0,2025-12-05T12:31:00+00:00,W11014,wagon,parking13,,
6511.0,2025-12-05T12:31:00+00:00,W9040,wagon,parking13,,
6511.0,2025-12-05T12:31:00+00:00,W6213,wagon,parking13,,
6511.0,2025-12-05T12:31:00+00:00,LOCO_01,locomotive,track_19,parking13,
6517.5,2025-12-05T12:37:30+00:00,LOCO_02,locomotive,retrofit,track_19,
6525.5,2025-12-05T12:45:30+00:00,LOCO_02,locomotive,WS_02,retrofit,
6525.5,2025-12-05T12:45:30+00:00,W5057,wagon,retrofit,,retrofit|WS_02
6525.5,2025-12-05T12:45:30+00:00,W6682,wagon,retrofit,,retrofit|WS_02
6530.5,2025-12-05T12:50:30+00:00,W5057,wagon,WS_02,,
6530.5,2025-12-05T12:50:30+00:00,W6682,wagon,WS_02,,
6536.5,2025-12-05T12:56:30+00:00,W5057,wagon,WS_02,,
6536.5,2025-12-05T12:56:30+00:00,W6682,wagon,WS_02,,
6536.5,2025-12-05T12:56:30+00:00,LOCO_02,locomotive,track_19,WS_02,
6541.5,2025-12-05T13:01:30+00:00,LOCO_02,locomotive,collection2,track_19,
6571.0,2025-12-05T13:31:00+00:00,LOCO_01,locomotive,collection1,track_19,
6595.0,2025-12-05T13:55:00+00:00,W5282,wagon,collection1,,
6595.0,2025-12-05T13:55:00+00:00,W9940,wagon,collection1,,
6604.5,2025-12-05T14:04:30+00:00,LOCO_02,locomotive,retrofit,collection2,
6604.5,2025-12-05T14:04:30+00:00,W7155,wagon,collection2,,collection2|Mainline|retrofit
6634.0,2025-12-05T14:34:00+00:00,LOCO_01,locomotive,retrofit,collection1,
6634.0,2025-12-05T14:34:00+00:00,W8085,wagon,collection1,,collection1|Mainline|retrofit
6664.5,2025-12-05T15:04:30+00:00,W7155,wagon,retrofit,,
6667.5,2025-12-05T15:07:30+00:00,LOCO_02,locomotive,track_19,retrofit,
6674.5,2025-12-05T15:14:30+00:00,LOCO_02,locomotive,retrofit,track_19,
6682.5,2025-12-05T15:22:30+00:00,LOCO_02,locomotive,WS_01,retrofit,
6682.5,2025-12-05T15:22:30+00:00,W11320,wagon,retrofit,,retrofit|WS_01
6682.5,2025-12-05T15:22:30+00:00,W4522,wagon,retrofit,,retrofit|WS_01
6687.5,2025-12-05T15:27:30+00:00,W11320,wagon,WS_01,,
6687.5,2025-12-05T15:27:30+00:00,W4522,wagon,WS_01,,
6693.5,2025-12-05T15:33:30+00:00,W11320,wagon,WS_01,,
6693.5,2025-12-05T15:33:30+00:00,W4522,wagon,WS_01,,
6693.5,2025-12-05T15:33:30+00:00,LOCO_02,locomotive,track_19,WS_01,
6694.0,2025-12-05T15:34:00+00:00,W8085,wagon,retrofit,,
6697.0,2025-12-05T15:37:00+00:00,LOCO_01,locomotive,track_19,retrofit,
6698.5,2025-12-05T15:38:30+00:00,LOCO_02,locomotive,WS_02,track_19,
6702.0,2025-12-05T15:42:00+00:00,LOCO_01,locomotive,retrofitted,track_19,
6705.5,2025-12-05T15:45:30+00:00,LOCO_02,locomotive,retrofitted,WS_02,
6705.5,2025-12-05T15:45:30+00:00,W5057,wagon,WS_02,,WS_02|retrofitted
6705.5,2025-12-05T15:45:30+00:00,W6682,wagon,WS_02,,WS_02|retrofitted
6710.5,2025-12-05T15:50:30+00:00,W5057,wagon,retrofitted,,
6710.5,2025-12-05T15:50:30+00:00,W6682,wagon,retrofitted,,
6710.5,2025-12-05T15:50:30+00:00,LOCO_02,locomotive,track_19,retrofitted,
6712.0,2025-12-05T15:52:00+00:00,LOCO_01,locomotive,parking1,retrofitted,
6715.5,2025-12-05T15:55:30+00:00,LOCO_02,locomotive,collection2,track_19,
6724.5,2025-12-05T16:04:30+00:00,W1578,wagon,parking1,,
6724.5,2025-12-05T16:04:30+00:00,W11269,wagon,parking1,,
6724.5,2025-12-05T16:04:30+00:00,W10886,wagon,parking1,,
6724.5,2025-12-05T16:04:30+00:00,W5446,wagon,parking1,,
6724.5,2025-12-05T16:04:30+00:00,W10881,wagon,parking1,,
6724.5,2025-12-05T16:04:30+00:00,W3811,wagon,parking1,,
6724.5,2025-12-05T16:04:30+00:00,W2926,wagon,parking1,,
6724.5,2025-12-05T16:04:30+00:00,W5391,wagon,parking1,,
6724.5,2025-12-05T16:04:30+00:00,LOCO_01,locomotive,track_19,parking1,
6731.5,2025-12-05T16:11:30+00:00,LOCO_01,locomotive,retrofit,track_19,
6739.5,2025-12-05T16:19:30+00:00,LOCO_01,locomotive,WS_02,retrofit,
6739.5,2025-12-05T16:19:30+00:00,W5833,wagon,retrofit,,retrofit|WS_02
6739.5,2025-12-05T16:19:30+00:00,W4479,wagon,retrofit,,retrofit|WS_02
6744.5,2025-12-05T16:24:30+00:00,W5833,wagon,WS_02,,
6744.5,2025-12-05T16:24:30+00:00,W4479,wagon,WS_02,,
6750.5,2025-12-05T16:30:30+00:00,W5833,wagon,WS_02,,
6750.5,2025-12-05T16:30:30+00:00,W4479,wagon,WS_02,,
6750.5,2025-12-05T16:30:30+00:00,LOCO_01,locomotive,track_19,WS_02,
6755.5,2025-12-05T16:35:30+00:00,LOCO_01,locomotive,collection1,track_19,
6780.5,2025-12-05T17:00:30+00:00,LOCO_02,locomotive,retrofit,collection2,
6780.5,2025-12-05T17:00:30+00:00,W7258,wagon,collection2,,collection2|Mainline|retrofit
6780.5,2025-12-05T17:00:30+00:00,W9495,wagon,collection2,,collection2|Mainline|retrofit
6818.5,2025-12-05T17:38:30+00:00,LOCO_01,locomotive,retrofit,collection1,
6818.5,2025-12-05T17:38:30+00:00,W8082,wagon,collection1,,collection1|Mainline|retrofit
6840.5,2025-12-05T18:00:30+00:00,W7258,wagon,retrofit,,
6840.5,2025-12-05T18:00:30+00:00,W9495,wagon,retrofit,,
6849.5,2025-12-05T18:09:30+00:00,LOCO_02,locomotive,track_19,retrofit,
6854.5,2025-12-05T18:14:30+00:00,LOCO_02,locomotive,WS_01,track_19,
6861.5,2025-12-05T18:21:30+00:00,LOCO_02,locomotive,retrofitted,WS_01,
6861.5,2025-12-05T18:21:30+00:00,W11320,wagon,WS_01,,WS_01|retrofitted
6861.5,2025-12-05T18:21:30+00:00,W4522,wagon,WS_01,,WS_01|retrofitted
6866.5,2025-12-05T18:26:30+00:00,W11320,wagon,retrofitted,,
6866.5,2025-12-05T18:26:30+00:00,W4522,wagon,retrofitted,,
6866.5,2025-12-05T18:26:30+00:00,LOCO_02,locomotive,track_19,retrofitted,
6871.5,2025-12-05T18:31:30+00:00,LOCO_02,locomotive,WS_02,track_19,
6878.5,2025-12-05T18:38:30+00:00,W8082,wagon,retrofit,,
6878.5,2025-12-05T18:38:30+00:00,LOCO_02,locomotive,retrofitted,WS_02,
6878.5,2025-12-05T18:38:30+00:00,W5833,wagon,WS_02,,WS_02|retrofitted
6878.5,2025-12-05T18:38:30+00:00,W4479,wagon,WS_02,,WS_02|retrofitted
6881.5,2025-12-05T18:41:30+00:00,LOCO_01,locomotive,track_19,retrofit,
6883.5,2025-12-05T18:43:30+00:00,W5833,wagon,retrofitted,,
6883.5,2025-12-05T18:43:30+00:00,W4479,wagon,retrofitted,,
6883.5,2025-12-05T18:43:30+00:00,LOCO_02,locomotive,track_19,retrofitted,
6886.5,2025-12-05T18:46:30+00:00,LOCO_01,locomotive,collection2,track_19,
6890.5,2025-12-05T18:50:30+00:00,LOCO_02,locomotive,retrofit,track_19,
6898.5,2025-12-05T18:58:30+00:00,LOCO_02,locomotive,WS_01,retrofit,
6898.5,2025-12-05T18:58:30+00:00,W11766,wagon,retrofit,,retrofit|WS_01
6898.5,2025-12-05T18:58:30+00:00,W4793,wagon,retrofit,,retrofit|WS_01
6903.5,2025-12-05T19:03:30+00:00,W11766,wagon,WS_01,,
6903.5,2025-12-05T19:03:30+00:00,W4793,wagon,WS_01,,
6909.5,2025-12-05T19:09:30+00:00,W11766,wagon,WS_01,,
6909.5,2025-12-05T19:09:30+00:00,W4793,wagon,WS_01,,
6909.5,2025-12-05T19:09:30+00:00,LOCO_02,locomotive,track_19,WS_01,
6916.5,2025-12-05T19:16:30+00:00,LOCO_02,locomotive,retrofit,track_19,
6924.5,2025-12-05T19:24:30+00:00,LOCO_02,locomotive,WS_02,retrofit,
6924.5,2025-12-05T19:24:30+00:00,W2737,wagon,retrofit,,retrofit|WS_02
6924.5,2025-12-05T19:24:30+00:00,W10081,wagon,retrofit,,retrofit|WS_02
6929.5,2025-12-05T19:29:30+00:00,W2737,wagon,WS_02,,
6929.5,2025-12-05T19:29:30+00:00,W10081,wagon,WS_02,,
6935.5,2025-12-05T19:35:30+00:00,W2737,wagon,WS_02,,
6935.5,2025-12-05T19:35:30+00:00,W10081,wagon,WS_02,,
6935.5,2025-12-05T19:35:30+00:00,LOCO_02,locomotive,track_19,WS_02,
6940.5,2025-12-05T19:40:30+00:00,LOCO_02,locomotive,collection1,track_19,
6949.5,2025-12-05T19:49:30+00:00,LOCO_01,locomotive,retrofit,collection2,
6949.5,2025-12-05T19:49:30+00:00,W9345,wagon,collection2,,collection2|Mainline|retrofit
7002.0,2025-12-05T20:42:00+00:00,W2652,wagon,collection1,,
7002.0,2025-12-05T20:42:00+00:00,W12385,wagon,collection1,,
7005.5,2025-12-05T20:45:30+00:00,LOCO_02,locomotive,retrofit,collection1,
7005.5,2025-12-05T20:45:30+00:00,W8052,wagon,collection1,,collection1|Mainline|retrofit
7005.5,2025-12-05T20:45:30+00:00,W11596,wagon,collection1,,collection1|Mainline|retrofit
7009.5,2025-12-05T20:49:30+00:00,W9345,wagon,retrofit,,
7012.5,2025-12-05T20:52:30+00:00,LOCO_01,locomotive,track_19,retrofit,
7017.5,2025-12-05T20:57:30+00:00,LOCO_01,locomotive,WS_01,track_19,
7024.5,2025-12-05T21:04:30+00:00,LOCO_01,locomotive,retrofitted,WS_01,
7024.5,2025-12-05T21:04:30+00:00,W11766,wagon,WS_01,,WS_01|retrofitted
7024.5,2025-12-05T21:04:30+00:00,W4793,wagon,WS_01,,WS_01|retrofitted
7029.5,2025-12-05T21:09:30+00:00,W11766,wagon,retrofitted,,
7029.5,2025-12-05T21:09:30+00:00,W4793,wagon,retrofitted,,
7029.5,2025-12-05T21:09:30+00:00,LOCO_01,locomotive,track_19,retrofitted,
7034.5,2025-12-05T21:14:30+00:00,LOCO_01,locomotive,WS_02,track_19,
7041.5,2025-12-05T21:21:30+00:00,LOCO_01,locomotive,retrofitted,WS_02,
7041.5,2025-12-05T21:21:30+00:00,W2737,wagon,WS_02,,WS_02|retrofitted
7041.5,2025-12-05T21:21:30+00:00,W10081,wagon,WS_02,,WS_02|retrofitted
7046.5,2025-12-05T21:26:30+00:00,W2737,wagon,retrofitted,,
7046.5,2025-12-05T21:26:30+00:00,W10081,wagon,retrofitted,,
7046.5,2025-12-05T21:26:30+00:00,LOCO_01,locomotive,track_19,retrofitted,
7051.5,2025-12-05T21:31:30+00:00,LOCO_01,locomotive,collection2,track_19,
7065.5,2025-12-05T21:45:30+00:00,W8052,wagon,retrofit,,
7065.5,2025-12-05T21:45:30+00:00,W11596,wagon,retrofit,,
7074.5,2025-12-05T21:54:30+00:00,LOCO_02,locomotive,track_19,retrofit,
7081.5,2025-12-05T22:01:30+00:00,LOCO_02,locomotive,retrofit,track_19,
7089.5,2025-12-05T22:09:30+00:00,LOCO_02,locomotive,WS_01,retrofit,
7089.5,2025-12-05T22:09:30+00:00,W7253,wagon,retrofit,,retrofit|WS_01
7089.5,2025-12-05T22:09:30+00:00,W11718,wagon,retrofit,,retrofit|WS_01
7094.5,2025-12-05T22:14:30+00:00,W7253,wagon,WS_01,,
7094.5,2025-12-05T22:14:30+00:00,W11718,wagon,WS_01,,
7100.5,2025-12-05T22:20:30+00:00,W7253,wagon,WS_01,,
7100.5,2025-12-05T22:20:30+00:00,W11718,wagon,WS_01,,
7100.5,2025-12-05T22:20:30+00:00,LOCO_02,locomotive,track_19,WS_01,
7107.5,2025-12-05T22:27:30+00:00,LOCO_02,locomotive,retrofit,track_19,
7115.5,2025-12-05T22:35:30+00:00,LOCO_02,locomotive,WS_02,retrofit,
7115.5,2025-12-05T22:35:30+00:00,W0032,wagon,retrofit,,retrofit|WS_02
7115.5,2025-12-05T22:35:30+00:00,W6592,wagon,retrofit,,retrofit|WS_02
7116.5,2025-12-05T22:36:30+00:00,LOCO_01,locomotive,retrofit,collection2,
7116.5,2025-12-05T22:36:30+00:00,W7115,wagon,collection2,,collection2|Mainline|retrofit
7116.5,2025-12-05T22:36:30+00:00,W2971,wagon,collection2,,collection2|Mainline|retrofit
7120.5,2025-12-05T22:40:30+00:00,W0032,wagon,WS_02,,
7120.5,2025-12-05T22:40:30+00:00,W6592,wagon,WS_02,,
7126.5,2025-12-05T22:46:30+00:00,W0032,wagon,WS_02,,
7126.5,2025-12-05T22:46:30+00:00,W6592,wagon,WS_02,,
7126.5,2025-12-05T22:46:30+00:00,LOCO_02,locomotive,track_19,WS_02,
7131.5,2025-12-05T22:51:30+00:00,LOCO_02,locomotive,collection1,track_19,
7167.5,2025-12-05T23:27:30+00:00,W11539,wagon,collection1,,
7167.5,2025-12-05T23:27:30+00:00,W4532,wagon,collection1,,
7167.5,2025-12-05T23:27:30+00:00,W8676,wagon,collection2,,
7167.5,2025-12-05T23:27:30+00:00,W4478,wagon,collection2,,
7167.5,2025-12-05T23:27:30+00:00,W5845,wagon,collection2,,
7167.5,2025-12-05T23:27:30+00:00,W5248,wagon,collection2,,
7167.5,2025-12-05T23:27:30+00:00,W3562,wagon,collection2,,
7176.5,2025-12-05T23:36:30+00:00,W7115,wagon,retrofit,,
7176.5,2025-12-05T23:36:30+00:00,W2971,wagon,retrofit,,
7185.5,2025-12-05T23:45:30+00:00,LOCO_01,locomotive,track_19,retrofit,
7190.5,2025-12-05T23:50:30+00:00,LOCO_01,locomotive,retrofitted,track_19,
7195.25,2025-12-05T23:55:15+00:00,W12195,wagon,collection2,,
7196.5,2025-12-05T23:56:30+00:00,LOCO_02,locomotive,retrofit,collection1,
7196.5,2025-12-05T23:56:30+00:00,W10957,wagon,collection1,,collection1|Mainline|retrofit
7196.5,2025-12-05T23:56:30+00:00,W6303,wagon,collection1,,collection1|Mainline|retrofit
7197.5,2025-12-05T23:57:30+00:00,LOCO_01,locomotive,parking14,retrofitted,
7256.5,2025-12-06T00:56:30+00:00,W10957,wagon,retrofit,,
7256.5,2025-12-06T00:56:30+00:00,W6303,wagon,retrofit,,
7265.5,2025-12-06T01:05:30+00:00,LOCO_02,locomotive,track_19,retrofit,
7270.5,2025-12-06T01:10:30+00:00,LOCO_02,locomotive,collection2,track_19,
7274.0,2025-12-06T01:14:00+00:00,W5057,wagon,parking14,,
7274.0,2025-12-06T01:14:00+00:00,W6682,wagon,parking14,,
7274.0,2025-12-06T01:14:00+00:00,LOCO_01,locomotive,track_19,parking14,
7333.5,2025-12-06T02:13:30+00:00,LOCO_02,locomotive,retrofit,collection2,
7333.5,2025-12-06T02:13:30+00:00,W0607,wagon,collection2,,collection2|Mainline|retrofit
7334.0,2025-12-06T02:14:00+00:00,LOCO_01,locomotive,WS_01,track_19,
7341.0,2025-12-06T02:21:00+00:00,LOCO_01,locomotive,retrofitted,WS_01,
7341.0,2025-12-06T02:21:00+00:00,W7253,wagon,WS_01,,WS_01|retrofitted
7341.0,2025-12-06T02:21:00+00:00,W11718,wagon,WS_01,,WS_01|retrofitted
7346.0,2025-12-06T02:26:00+00:00,W7253,wagon,retrofitted,,
7346.0,2025-12-06T02:26:00+00:00,W11718,wagon,retrofitted,,
7346.0,2025-12-06T02:26:00+00:00,LOCO_01,locomotive,track_19,retrofitted,
7351.0,2025-12-06T02:31:00+00:00,LOCO_01,locomotive,WS_02,track_19,
7358.0,2025-12-06T02:38:00+00:00,LOCO_01,locomotive,retrofitted,WS_02,
7358.0,2025-12-06T02:38:00+00:00,W0032,wagon,WS_02,,WS_02|retrofitted
7358.0,2025-12-06T02:38:00+00:00,W6592,wagon,WS_02,,WS_02|retrofitted
7360.25,2025-12-06T02:40:15+00:00,W0881,wagon,collection1,,
7363.0,2025-12-06T02:43:00+00:00,W0032,wagon,retrofitted,,
7363.0,2025-12-06T02:43:00+00:00,W6592,wagon,retrofitted,,
7363.0,2025-12-06T02:43:00+00:00,LOCO_01,locomotive,track_19,retrofitted,
7370.0,2025-12-06T02:50:00+00:00,LOCO_01,locomotive,retrofit,track_19,
7378.0,2025-12-06T02:58:00+00:00,LOCO_01,locomotive,WS_01,retrofit,
7378.0,2025-12-06T02:58:00+00:00,W7261,wagon,retrofit,,retrofit|WS_01
7378.0,2025-12-06T02:58:00+00:00,W10601,wagon,retrofit,,retrofit|WS_01
7383.0,2025-12-06T03:03:00+00:00,W7261,wagon,WS_01,,
7383.0,2025-12-06T03:03:00+00:00,W10601,wagon,WS_01,,
7389.0,2025-12-06T03:09:00+00:00,W7261,wagon,WS_01,,
7389.0,2025-12-06T03:09:00+00:00,W10601,wagon,WS_01,,
7389.0,2025-12-06T03:09:00+00:00,LOCO_01,locomotive,track_19,WS_01,
7393.5,2025-12-06T03:13:30+00:00,W0607,wagon,retrofit,,
7394.0,2025-12-06T03:14:00+00:00,LOCO_01,locomotive,collection1,track_19,
7396.5,2025-12-06T03:16:30+00:00,LOCO_02,locomotive,track_19,retrofit,
7403.5,2025-12-06T03:23:30+00:00,LOCO_02,locomotive,retrofit,track_19,
7411.5,2025-12-06T03:31:30+00:00,LOCO_02,locomotive,WS_02,retrofit,
7411.5,2025-12-06T03:31:30+00:00,W6942,wagon,retrofit,,retrofit|WS_02
7411.5,2025-12-06T03:31:30+00:00,W6246,wagon,retrofit,,retrofit|WS_02
7416.5,2025-12-06T03:36:30+00:00,W6942,wagon,WS_02,,
7416.5,2025-12-06T03:36:30+00:00,W6246,wagon,WS_02,,
7422.5,2025-12-06T03:42:30+00:00,W6942,wagon,WS_02,,
7422.5,2025-12-06T03:42:30+00:00,W6246,wagon,WS_02,,
7422.5,2025-12-06T03:42:30+00:00,LOCO_02,locomotive,track_19,WS_02,
7427.5,2025-12-06T03:47:30+00:00,LOCO_02,locomotive,retrofitted,track_19,
7437.5,2025-12-06T03:57:30+00:00,LOCO_02,locomotive,parking12,retrofitted,
7457.0,2025-12-06T04:17:00+00:00,LOCO_01,locomotive,retrofit,collection1,
7457.0,2025-12-06T04:17:00+00:00,W10958,wagon,collection1,,collection1|Mainline|retrofit
7505.0,2025-12-06T05:05:00+00:00,W11320,wagon,parking12,,
7505.0,2025-12-06T05:05:00+00:00,W4522,wagon,parking12,,
7505.0,2025-12-06T05:05:00+00:00,W5833,wagon,parking12,,
7505.0,2025-12-06T05:05:00+00:00,W4479,wagon,parking12,,
7505.0,2025-12-06T05:05:00+00:00,W11766,wagon,parking12,,
7505.0,2025-12-06T05:05:00+00:00,W4793,wagon,parking12,,
7505.0,2025-12-06T05:05:00+00:00,W2737,wagon,parking12,,
7505.0,2025-12-06T05:05:00+00:00,W10081,wagon,parking12,,
7505.0,2025-12-06T05:05:00+00:00,LOCO_02,locomotive,track_19,parking12,
7517.0,2025-12-06T05:17:00+00:00,W10958,wagon,retrofit,,
7520.0,2025-12-06T05:20:00+00:00,LOCO_01,locomotive,track_19,retrofit,
7525.0,2025-12-06T05:25:00+00:00,LOCO_01,locomotive,collection2,track_19,
7565.0,2025-12-06T06:05:00+00:00,LOCO_02,locomotive,WS_01,track_19,
7572.0,2025-12-06T06:12:00+00:00,LOCO_02,locomotive,retrofitted,WS_01,
7572.0,2025-12-06T06:12:00+00:00,W7261,wagon,WS_01,,WS_01|retrofitted
7572.0,2025-12-06T06:12:00+00:00,W10601,wagon,WS_01,,WS_01|retrofitted
7577.0,2025-12-06T06:17:00+00:00,W7261,wagon,retrofitted,,
7577.0,2025-12-06T06:17:00+00:00,W10601,wagon,retrofitted,,
7577.0,2025-12-06T06:17:00+00:00,LOCO_02,locomotive,track_19,retrofitted,
7582.0,2025-12-06T06:22:00+00:00,LOCO_02,locomotive,WS_02,track_19,
7589.0,2025-12-06T06:29:00+00:00,LOCO_02,locomotive,retrofitted,WS_02,
7589.0,2025-12-06T06:29:00+00:00,W6942,wagon,WS_02,,WS_02|retrofitted
7589.0,2025-12-06T06:29:00+00:00,W6246,wagon,WS_02,,WS_02|retrofitted
7592.0,2025-12-06T06:32:00+00:00,LOCO_01,locomotive,retrofit,collection2,
7592.0,2025-12-06T06:32:00+00:00,W5711,wagon,collection2,,collection2|Mainline|retrofit
7592.0,2025-12-06T06:32:00+00:00,W8096,wagon,collection2,,collection2|Mainline|retrofit
7592.0,2025-12-06T06:32:00+00:00,W9067,wagon,collection2,,collection2|Mainline|retrofit
7594.0,2025-12-06T06:34:00+00:00,W6942,wagon,retrofitted,,
7594.0,2025-12-06T06:34:00+00:00,W6246,wagon,retrofitted,,
7594.0,2025-12-06T06:34:00+00:00,LOCO_02,locomotive,track_19,retrofitted,
7601.0,2025-12-06T06:41:00+00:00,LOCO_02,locomotive,retrofit,track_19,
7609.0,2025-12-06T06:49:00+00:00,LOCO_02,locomotive,WS_01,retrofit,
7609.0,2025-12-06T06:49:00+00:00,W5947,wagon,retrofit,,retrofit|WS_01
7609.0,2025-12-06T06:49:00+00:00,W7155,wagon,retrofit,,retrofit|WS_01
7614.0,2025-12-06T06:54:00+00:00,W5947,wagon,WS_01,,
7614.0,2025-12-06T06:54:00+00:00,W7155,wagon,WS_01,,
7620.0,2025-12-06T07:00:00+00:00,W5947,wagon,WS_01,,
7620.0,2025-12-06T07:00:00+00:00,W7155,wagon,WS_01,,
7620.0,2025-12-06T07:00:00+00:00,LOCO_02,locomotive,track_19,WS_01,
7627.0,2025-12-06T07:07:00+00:00,LOCO_02,locomotive,retrofit,track_19,
7635.0,2025-12-06T07:15:00+00:00,LOCO_02,locomotive,WS_02,retrofit,
7635.0,2025-12-06T07:15:00+00:00,W8085,wagon,retrofit,,retrofit|WS_02
7635.0,2025-12-06T07:15:00+00:00,W7258,wagon,retrofit,,retrofit|WS_02
7640.0,2025-12-06T07:20:00+00:00,W8085,wagon,WS_02,,
7640.0,2025-12-06T07:20:00+00:00,W7258,wagon,WS_02,,
7646.0,2025-12-06T07:26:00+00:00,W8085,wagon,WS_02,,
7646.0,2025-12-06T07:26:00+00:00,W7258,wagon,WS_02,,
7646.0,2025-12-06T07:26:00+00:00,LOCO_02,locomotive,track_19,WS_02,
7651.0,2025-12-06T07:31:00+00:00,LOCO_02,locomotive,collection1,track_19,
7652.0,2025-12-06T07:32:00+00:00,W5711,wagon,retrofit,,
7652.0,2025-12-06T07:32:00+00:00,W8096,wagon,retrofit,,
7652.0,2025-12-06T07:32:00+00:00,W9067,wagon,retrofit,,
7667.0,2025-12-06T07:47:00+00:00,LOCO_01,locomotive,track_19,retrofit,
7672.0,2025-12-06T07:52:00+00:00,LOCO_01,locomotive,retrofitted,track_19,
7680.0,2025-12-06T08:00:00+00:00,LOCO_01,locomotive,parking15,retrofitted,
7714.0,2025-12-06T08:34:00+00:00,LOCO_02,locomotive,retrofit,collection1,
7714.0,2025-12-06T08:34:00+00:00,W0677,wagon,collection1,,collection1|Mainline|retrofit
7758.5,2025-12-06T09:18:30+00:00,W7253,wagon,parking15,,
7758.5,2025-12-06T09:18:30+00:00,W11718,wagon,parking15,,
7758.5,2025-12-06T09:18:30+00:00,W0032,wagon,parking15,,
7758.5,2025-12-06T09:18:30+00:00,W6592,wagon,parking15,,
7758.5,2025-12-06T09:18:30+00:00,LOCO_01,locomotive,track_19,parking15,
7774.0,2025-12-06T09:34:00+00:00,W0677,wagon,retrofit,,
7777.0,2025-12-06T09:37:00+00:00,LOCO_02,locomotive,track_19,retrofit,
7782.0,2025-12-06T09:42:00+00:00,LOCO_02,locomotive,collection2,track_19,
7818.5,2025-12-06T10:18:30+00:00,LOCO_01,locomotive,WS_01,track_19,
7825.5,2025-12-06T10:25:30+00:00,LOCO_01,locomotive,retrofitted,WS_01,
7825.5,2025-12-06T10:25:30+00:00,W5947,wagon,WS_01,,WS_01|retrofitted
7825.5,2025-12-06T10:25:30+00:00,W7155,wagon,WS_01,,WS_01|retrofitted
7830.5,2025-12-06T10:30:30+00:00,W5947,wagon,retrofitted,,
7830.5,2025-12-06T10:30:30+00:00,W7155,wagon,retrofitted,,
7830.5,2025-12-06T10:30:30+00:00,LOCO_01,locomotive,track_19,retrofitted,
7835.5,2025-12-06T10:35:30+00:00,LOCO_01,locomotive,WS_02,track_19,
7842.5,2025-12-06T10:42:30+00:00,LOCO_01,locomotive,retrofitted,WS_02,
7842.5,2025-12-06T10:42:30+00:00,W8085,wagon,WS_02,,WS_02|retrofitted
7842.5,2025-12-06T10:42:30+00:00,W7258,wagon,WS_02,,WS_02|retrofitted
7847.0,2025-12-06T10:47:00+00:00,LOCO_02,locomotive,retrofit,collection2,
7847.0,2025-12-06T10:47:00+00:00,W2291,wagon,collection2,,collection2|Mainline|retrofit
7847.0,2025-12-06T10:47:00+00:00,W6025,wagon,collection2,,collection2|Mainline|retrofit
7847.5,2025-12-06T10:47:30+00:00,W8085,wagon,retrofitted,,
7847.5,2025-12-06T10:47:30+00:00,W7258,wagon,retrofitted,,
7847.5,2025-12-06T10:47:30+00:00,LOCO_01,locomotive,track_19,retrofitted,
7854.5,2025-12-06T10:54:30+00:00,LOCO_01,locomotive,retrofit,track_19,
7862.5,2025-12-06T11:02:30+00:00,LOCO_01,locomotive,WS_01,retrofit,
7862.5,2025-12-06T11:02:30+00:00,W9495,wagon,retrofit,,retrofit|WS_01
7862.5,2025-12-06T11:02:30+00:00,W8082,wagon,retrofit,,retrofit|WS_01
7867.5,2025-12-06T11:07:30+00:00,W9495,wagon,WS_01,,
7867.5,2025-12-06T11:07:30+00:00,W8082,wagon,WS_01,,
7873.5,2025-12-06T11:13:30+00:00,W9495,wagon,WS_01,,
7873.5,2025-12-06T11:13:30+00:00,W8082,wagon,WS_01,,
7873.5,2025-12-06T11:13:30+00:00,LOCO_01,locomotive,track_19,WS_01,
7878.5,2025-12-06T11:18:30+00:00,LOCO_01,locomotive,collection1,track_19,
7881.5,2025-12-06T11:21:30+00:00,W8570,wagon,collection1,,
7881.5,2025-12-06T11:21:30+00:00,W9355,wagon,collection1,,
7881.5,2025-12-06T11:21:30+00:00,W8578,wagon,collection2,,
7881.5,2025-12-06T11:21:30+00:00,W0948,wagon,collection2,,
7881.5,2025-12-06T11:21:30+00:00,W9358,wagon,collection2,,
7907.0,2025-12-06T11:47:00+00:00,W2291,wagon,retrofit,,
7907.0,2025-12-06T11:47:00+00:00,W6025,wagon,retrofit,,
7916.0,2025-12-06T11:56:00+00:00,LOCO_02,locomotive,track_19,retrofit,
7923.0,2025-12-06T12:03:00+00:00,LOCO_02,locomotive,retrofit,track_19,
7926.0,2025-12-06T12:06:00+00:00,W0680,wagon,collection2,,
7926.0,2025-12-06T12:06:00+00:00,W11195,wagon,collection2,,
7927.75,2025-12-06T12:07:45+00:00,W0367,wagon,collection2,,
7931.0,2025-12-06T12:11:00+00:00,LOCO_02,locomotive,WS_02,retrofit,
7931.0,2025-12-06T12:11:00+00:00,W9345,wagon,retrofit,,retrofit|WS_02
7931.0,2025-12-06T12:11:00+00:00,W8052,wagon,retrofit,,retrofit|WS_02
7936.0,2025-12-06T12:16:00+00:00,W9345,wagon,WS_02,,
7936.0,2025-12-06T12:16:00+00:00,W8052,wagon,WS_02,,
7941.5,2025-12-06T12:21:30+00:00,LOCO_01,locomotive,retrofit,collection1,
7941.5,2025-12-06T12:21:30+00:00,W6634,wagon,collection1,,collection1|Mainline|retrofit
7942.0,2025-12-06T12:22:00+00:00,W9345,wagon,WS_02,,
7942.0,2025-12-06T12:22:00+00:00,W8052,wagon,WS_02,,
7942.0,2025-12-06T12:22:00+00:00,LOCO_02,locomotive,track_19,WS_02,
7947.0,2025-12-06T12:27:00+00:00,LOCO_02,locomotive,WS_01,track_19,
7954.0,2025-12-06T12:34:00+00:00,LOCO_02,locomotive,retrofitted,WS_01,
7954.0,2025-12-06T12:34:00+00:00,W9495,wagon,WS_01,,WS_01|retrofitted
7954.0,2025-12-06T12:34:00+00:00,W8082,wagon,WS_01,,WS_01|retrofitted
7959.0,2025-12-06T12:39:00+00:00,W9495,wagon,retrofitted,,
7959.0,2025-12-06T12:39:00+00:00,W8082,wagon,retrofitted,,
7959.0,2025-12-06T12:39:00+00:00,LOCO_02,locomotive,track_19,retrofitted,
7964.0,2025-12-06T12:44:00+00:00,LOCO_02,locomotive,collection2,track_19,
8001.5,2025-12-06T13:21:30+00:00,W6634,wagon,retrofit,,
8004.5,2025-12-06T13:24:30+00:00,LOCO_01,locomotive,track_19,retrofit,
8011.5,2025-12-06T13:31:30+00:00,LOCO_01,locomotive,retrofit,track_19,
8019.5,2025-12-06T13:39:30+00:00,LOCO_01,locomotive,WS_01,retrofit,
8019.5,2025-12-06T13:39:30+00:00,W11596,wagon,retrofit,,retrofit|WS_01
8019.5,2025-12-06T13:39:30+00:00,W7115,wagon,retrofit,,retrofit|WS_01
8024.5,2025-12-06T13:44:30+00:00,W11596,wagon,WS_01,,
8024.5,2025-12-06T13:44:30+00:00,W7115,wagon,WS_01,,
8030.5,2025-12-06T13:50:30+00:00,W11596,wagon,WS_01,,
8030.5,2025-12-06T13:50:30+00:00,W7115,wagon,WS_01,,
8030.5,2025-12-06T13:50:30+00:00,LOCO_01,locomotive,track_19,WS_01,
8033.0,2025-12-06T13:53:00+00:00,LOCO_02,locomotive,retrofit,collection2,
8033.0,2025-12-06T13:53:00+00:00,W7175,wagon,collection2,,collection2|Mainline|retrofit
8033.0,2025-12-06T13:53:00+00:00,W6803,wagon,collection2,,collection2|Mainline|retrofit
8033.0,2025-12-06T13:53:00+00:00,W11959,wagon,collection2,,collection2|Mainline|retrofit
8033.0,2025-12-06T13:53:00+00:00,W6231,wagon,collection2,,collection2|Mainline|retrofit
8035.5,2025-12-06T13:55:30+00:00,LOCO_01,locomotive,retrofitted,track_19,
8043.5,2025-12-06T14:03:30+00:00,LOCO_01,locomotive,parking10,retrofitted,
8067.0,2025-12-06T14:27:00+00:00,W11847,wagon,collection1,,
8067.0,2025-12-06T14:27:00+00:00,W2135,wagon,collection1,,
8093.0,2025-12-06T14:53:00+00:00,W7175,wagon,retrofit,,
8093.0,2025-12-06T14:53:00+00:00,W6803,wagon,retrofit,,
8093.0,2025-12-06T14:53:00+00:00,W11959,wagon,retrofit,,
8093.0,2025-12-06T14:53:00+00:00,W6231,wagon,retrofit,,
8107.0,2025-12-06T15:07:00+00:00,W7261,wagon,parking10,,
8107.0,2025-12-06T15:07:00+00:00,W10601,wagon,parking10,,
8107.0,2025-12-06T15:07:00+00:00,W6942,wagon,parking10,,
8107.0,2025-12-06T15:07:00+00:00,W6246,wagon,parking10,,
8107.0,2025-12-06T15:07:00+00:00,LOCO_01,locomotive,track_19,parking10,
8114.0,2025-12-06T15:14:00+00:00,LOCO_02,locomotive,track_19,retrofit,
8119.0,2025-12-06T15:19:00+00:00,LOCO_02,locomotive,collection1,track_19,
8167.0,2025-12-06T16:07:00+00:00,LOCO_01,locomotive,WS_02,track_19,
8174.0,2025-12-06T16:14:00+00:00,LOCO_01,locomotive,retrofitted,WS_02,
8174.0,2025-12-06T16:14:00+00:00,W9345,wagon,WS_02,,WS_02|retrofitted
8174.0,2025-12-06T16:14:00+00:00,W8052,wagon,WS_02,,WS_02|retrofitted
8179.0,2025-12-06T16:19:00+00:00,W9345,wagon,retrofitted,,
8179.0,2025-12-06T16:19:00+00:00,W8052,wagon,retrofitted,,
8179.0,2025-12-06T16:19:00+00:00,LOCO_01,locomotive,track_19,retrofitted,
8184.0,2025-12-06T16:24:00+00:00,LOCO_02,locomotive,retrofit,collection1,
8184.0,2025-12-06T16:24:00+00:00,W7265,wagon,collection1,,collection1|Mainline|retrofit
8184.0,2025-12-06T16:24:00+00:00,W11947,wagon,collection1,,collection1|Mainline|retrofit
8184.0,2025-12-06T16:24:00+00:00,LOCO_01,locomotive,WS_01,track_19,
8191.0,2025-12-06T16:31:00+00:00,LOCO_01,locomotive,retrofitted,WS_01,
8191.0,2025-12-06T16:31:00+00:00,W11596,wagon,WS_01,,WS_01|retrofitted
8191.0,2025-12-06T16:31:00+00:00,W7115,wagon,WS_01,,WS_01|retrofitted
8196.0,2025-12-06T16:36:00+00:00,W11596,wagon,retrofitted,,
8196.0,2025-12-06T16:36:00+00:00,W7115,wagon,retrofitted,,
8196.0,2025-12-06T16:36:00+00:00,LOCO_01,locomotive,track_19,retrofitted,
8203.0,2025-12-06T16:43:00+00:00,LOCO_01,locomotive,retrofit,track_19,
8211.0,2025-12-06T16:51:00+00:00,LOCO_01,locomotive,WS_02,retrofit,
8211.0,2025-12-06T16:51:00+00:00,W2971,wagon,retrofit,,retrofit|WS_02
8211.0,2025-12-06T16:51:00+00:00,W10957,wagon,retrofit,,retrofit|WS_02
8216.0,2025-12-06T16:56:00+00:00,W2971,wagon,WS_02,,
8216.0,2025-12-06T16:56:00+00:00,W10957,wagon,WS_02,,
8222.0,2025-12-06T17:02:00+00:00,W2971,wagon,WS_02,,
8222.0,2025-12-06T17:02:00+00:00,W10957,wagon,WS_02,,
8222.0,2025-12-06T17:02:00+00:00,LOCO_01,locomotive,track_19,WS_02,
8227.0,2025-12-06T17:07:00+00:00,LOCO_01,locomotive,collection2,track_19,
8244.0,2025-12-06T17:24:00+00:00,W7265,wagon,retrofit,,
8244.0,2025-12-06T17:24:00+00:00,W11947,wagon,retrofit,,
8246.5,2025-12-06T17:26:30+00:00,W4457,wagon,collection2,,
8253.0,2025-12-06T17:33:00+00:00,LOCO_02,locomotive,track_19,retrofit,
8260.0,2025-12-06T17:40:00+00:00,LOCO_02,locomotive,retrofit,track_19,
8268.0,2025-12-06T17:48:00+00:00,LOCO_02,locomotive,WS_01,retrofit,
8268.0,2025-12-06T17:48:00+00:00,W6303,wagon,retrofit,,retrofit|WS_01
8268.0,2025-12-06T17:48:00+00:00,W0607,wagon,retrofit,,retrofit|WS_01
8270.25,2025-12-06T17:50:15+00:00,W0709,wagon,collection1,,
8273.0,2025-12-06T17:53:00+00:00,W6303,wagon,WS_01,,
8273.0,2025-12-06T17:53:00+00:00,W0607,wagon,WS_01,,
8275.25,2025-12-06T17:55:15+00:00,W6823,wagon,collection1,,
8275.25,2025-12-06T17:55:15+00:00,W6640,wagon,collection1,,
8279.0,2025-12-06T17:59:00+00:00,W6303,wagon,WS_01,,
8279.0,2025-12-06T17:59:00+00:00,W0607,wagon,WS_01,,
8279.0,2025-12-06T17:59:00+00:00,LOCO_02,locomotive,track_19,WS_01,
8284.0,2025-12-06T18:04:00+00:00,LOCO_02,locomotive,retrofitted,track_19,
8290.0,2025-12-06T18:10:00+00:00,LOCO_01,locomotive,retrofit,collection2,
8290.0,2025-12-06T18:10:00+00:00,W9534,wagon,collection2,,collection2|Mainline|retrofit
8293.0,2025-12-06T18:13:00+00:00,LOCO_02,locomotive,parking14,retrofitted,
8350.0,2025-12-06T19:10:00+00:00,W9534,wagon,retrofit,,
8353.0,2025-12-06T19:13:00+00:00,LOCO_01,locomotive,track_19,retrofit,
8358.0,2025-12-06T19:18:00+00:00,LOCO_01,locomotive,collection1,track_19,
8373.5,2025-12-06T19:33:30+00:00,W5947,wagon,parking14,,
8373.5,2025-12-06T19:33:30+00:00,W7155,wagon,parking14,,
8373.5,2025-12-06T19:33:30+00:00,W8085,wagon,parking14,,
8373.5,2025-12-06T19:33:30+00:00,W7258,wagon,parking14,,
8373.5,2025-12-06T19:33:30+00:00,W9495,wagon,parking14,,
8373.5,2025-12-06T19:33:30+00:00,W8082,wagon,parking14,,
8373.5,2025-12-06T19:33:30+00:00,LOCO_02,locomotive,track_19,parking14,
8425.0,2025-12-06T20:25:00+00:00,LOCO_01,locomotive,retrofit,collection1,
8425.0,2025-12-06T20:25:00+00:00,W7316,wagon,collection1,,collection1|Mainline|retrofit
8425.0,2025-12-06T20:25:00+00:00,W8671,wagon,collection1,,collection1|Mainline|retrofit
8425.0,2025-12-06T20:25:00+00:00,W7400,wagon,collection1,,collection1|Mainline|retrofit
8425.5,2025-12-06T20:25:30+00:00,W5821,wagon,collection2,,
8433.5,2025-12-06T20:33:30+00:00,LOCO_02,locomotive,WS_02,track_19,
8440.5,2025-12-06T20:40:30+00:00,LOCO_02,locomotive,retrofitted,WS_02,
8440.5,2025-12-06T20:40:30+00:00,W2971,wagon,WS_02,,WS_02|retrofitted
8440.5,2025-12-06T20:40:30+00:00,W10957,wagon,WS_02,,WS_02|retrofitted
8445.5,2025-12-06T20:45:30+00:00,W2971,wagon,retrofitted,,
8445.5,2025-12-06T20:45:30+00:00,W10957,wagon,retrofitted,,
8445.5,2025-12-06T20:45:30+00:00,LOCO_02,locomotive,track_19,retrofitted,
8450.5,2025-12-06T20:50:30+00:00,LOCO_02,locomotive,WS_01,track_19,
8457.5,2025-12-06T20:57:30+00:00,LOCO_02,locomotive,retrofitted,WS_01,
8457.5,2025-12-06T20:57:30+00:00,W6303,wagon,WS_01,,WS_01|retrofitted
8457.5,2025-12-06T20:57:30+00:00,W0607,wagon,WS_01,,WS_01|retrofitted
8462.5,2025-12-06T21:02:30+00:00,W6303,wagon,retrofitted,,
8462.5,2025-12-06T21:02:30+00:00,W0607,wagon,retrofitted,,
8462.5,2025-12-06T21:02:30+00:00,LOCO_02,locomotive,track_19,retrofitted,
8469.5,2025-12-06T21:09:30+00:00,LOCO_02,locomotive,retrofit,track_19,
8477.5,2025-12-06T21:17:30+00:00,LOCO_02,locomotive,WS_02,retrofit,
8477.5,2025-12-06T21:17:30+00:00,W10958,wagon,retrofit,,retrofit|WS_02
8477.5,2025-12-06T21:17:30+00:00,W5711,wagon,retrofit,,retrofit|WS_02
8482.5,2025-12-06T21:22:30+00:00,W10958,wagon,WS_02,,
8482.5,2025-12-06T21:22:30+00:00,W5711,wagon,WS_02,,
8485.0,2025-12-06T21:25:00+00:00,W7316,wagon,retrofit,,
8485.0,2025-12-06T21:25:00+00:00,W8671,wagon,retrofit,,
8485.0,2025-12-06T21:25:00+00:00,W7400,wagon,retrofit,,
8488.5,2025-12-06T21:28:30+00:00,W10958,wagon,WS_02,,
8488.5,2025-12-06T21:28:30+00:00,W5711,wagon,WS_02,,
8488.5,2025-12-06T21:28:30+00:00,LOCO_02,locomotive,track_19,WS_02,
8493.5,2025-12-06T21:33:30+00:00,LOCO_02,locomotive,collection2,track_19,
8500.0,2025-12-06T21:40:00+00:00,LOCO_01,locomotive,track_19,retrofit,
8507.0,2025-12-06T21:47:00+00:00,LOCO_01,locomotive,retrofit,track_19,
8515.0,2025-12-06T21:55:00+00:00,LOCO_01,locomotive,WS_01,retrofit,
8515.0,2025-12-06T21:55:00+00:00,W8096,wagon,retrofit,,retrofit|WS_01
8515.0,2025-12-06T21:55:00+00:00,W9067,wagon,retrofit,,retrofit|WS_01
8520.0,2025-12-06T22:00:00+00:00,W8096,wagon,WS_01,,
8520.0,2025-12-06T22:00:00+00:00,W9067,wagon,WS_01,,
8526.0,2025-12-06T22:06:00+00:00,W8096,wagon,WS_01,,
8526.0,2025-12-06T22:06:00+00:00,W9067,wagon,WS_01,,
8526.0,2025-12-06T22:06:00+00:00,LOCO_01,locomotive,track_19,WS_01,
8531.0,2025-12-06T22:11:00+00:00,LOCO_01,locomotive,retrofitted,track_19,
8539.0,2025-12-06T22:19:00+00:00,LOCO_01,locomotive,parking16,retrofitted,
8556.5,2025-12-06T22:36:30+00:00,LOCO_02,locomotive,retrofit,collection2,
8556.5,2025-12-06T22:36:30+00:00,W8634,wagon,collection2,,collection2|Mainline|retrofit
8572.75,2025-12-06T22:52:45+00:00,W6704,wagon,collection1,,
8572.75,2025-12-06T22:52:45+00:00,W0167,wagon,collection1,,
8572.75,2025-12-06T22:52:45+00:00,W0002,wagon,collection1,,
8616.5,2025-12-06T23:36:30+00:00,W8634,wagon,retrofit,,
8619.5,2025-12-06T23:39:30+00:00,LOCO_02,locomotive,track_19,retrofit,
8624.5,2025-12-06T23:44:30+00:00,LOCO_02,locomotive,collection1,track_19,
8635.25,2025-12-06T23:55:15+00:00,W12186,wagon,collection2,,
8662.5,2025-12-07T00:22:30+00:00,W9345,wagon,parking16,,
8662.5,2025-12-07T00:22:30+00:00,W8052,wagon,parking16,,
8662.5,2025-12-07T00:22:30+00:00,W11596,wagon,parking16,,
8662.5,2025-12-07T00:22:30+00:00,W7115,wagon,parking16,,
8662.5,2025-12-07T00:22:30+00:00,LOCO_01,locomotive,track_19,parking16,
8689.5,2025-12-07T00:49:30+00:00,LOCO_02,locomotive,retrofit,collection1,
8689.5,2025-12-07T00:49:30+00:00,W0606,wagon,collection1,,collection1|Mainline|retrofit
8689.5,2025-12-07T00:49:30+00:00,W10249,wagon,collection1,,collection1|Mainline|retrofit
8722.5,2025-12-07T01:22:30+00:00,LOCO_01,locomotive,WS_02,track_19,
8729.5,2025-12-07T01:29:30+00:00,LOCO_01,locomotive,retrofitted,WS_02,
8729.5,2025-12-07T01:29:30+00:00,W10958,wagon,WS_02,,WS_02|retrofitted
8729.5,2025-12-07T01:29:30+00:00,W5711,wagon,WS_02,,WS_02|retrofitted
8734.5,2025-12-07T01:34:30+00:00,W10958,wagon,retrofitted,,
8734.5,2025-12-07T01:34:30+00:00,W5711,wagon,retrofitted,,
8734.5,2025-12-07T01:34:30+00:00,LOCO_01,locomotive,track_19,retrofitted,
8739.5,2025-12-07T01:39:30+00:00,LOCO_01,locomotive,WS_01,track_19,
8746.5,2025-12-07T01:46:30+00:00,LOCO_01,locomotive,retrofitted,WS_01,
8746.5,2025-12-07T01:46:30+00:00,W8096,wagon,WS_01,,WS_01|retrofitted
8746.5,2025-12-07T01:46:30+00:00,W9067,wagon,WS_01,,WS_01|retrofitted
8749.5,2025-12-07T01:49:30+00:00,W0606,wagon,retrofit,,
8749.5,2025-12-07T01:49:30+00:00,W10249,wagon,retrofit,,
8751.5,2025-12-07T01:51:30+00:00,W8096,wagon,retrofitted,,
8751.5,2025-12-07T01:51:30+00:00,W9067,wagon,retrofitted,,
8751.5,2025-12-07T01:51:30+00:00,LOCO_01,locomotive,track_19,retrofitted,
8758.5,2025-12-07T01:58:30+00:00,LOCO_02,locomotive,track_19,retrofit,
8758.5,2025-12-07T01:58:30+00:00,LOCO_01,locomotive,retrofit,track_19,
8763.5,2025-12-07T02:03:30+00:00,LOCO_02,locomotive,collection2,track_19,
8766.5,2025-12-07T02:06:30+00:00,LOCO_01,locomotive,WS_02,retrofit,
8766.5,2025-12-07T02:06:30+00:00,W0677,wagon,retrofit,,retrofit|WS_02
8766.5,2025-12-07T02:06:30+00:00,W2291,wagon,retrofit,,retrofit|WS_02
8771.5,2025-12-07T02:11:30+00:00,W0677,wagon,WS_02,,
8771.5,2025-12-07T02:11:30+00:00,W2291,wagon,WS_02,,
8777.5,2025-12-07T02:17:30+00:00,W0677,wagon,WS_02,,
8777.5,2025-12-07T02:17:30+00:00,W2291,wagon,WS_02,,
8777.5,2025-12-07T02:17:30+00:00,LOCO_01,locomotive,track_19,WS_02,
8784.5,2025-12-07T02:24:30+00:00,LOCO_01,locomotive,retrofit,track_19,
8792.5,2025-12-07T02:32:30+00:00,LOCO_01,locomotive,WS_01,retrofit,
8792.5,2025-12-07T02:32:30+00:00,W6025,wagon,retrofit,,retrofit|WS_01
8792.5,2025-12-07T02:32:30+00:00,W6634,wagon,retrofit,,retrofit|WS_01
8797.5,2025-12-07T02:37:30+00:00,W6025,wagon,WS_01,,
8797.5,2025-12-07T02:37:30+00:00,W6634,wagon,WS_01,,
8803.5,2025-12-07T02:43:30+00:00,W6025,wagon,WS_01,,
8803.5,2025-12-07T02:43:30+00:00,W6634,wagon,WS_01,,
8803.5,2025-12-07T02:43:30+00:00,LOCO_01,locomotive,track_19,WS_01,
8808.5,2025-12-07T02:48:30+00:00,LOCO_01,locomotive,collection1,track_19,
8826.5,2025-12-07T03:06:30+00:00,LOCO_02,locomotive,retrofit,collection2,
8826.5,2025-12-07T03:06:30+00:00,W2112,wagon,collection2,,collection2|Mainline|retrofit
8875.5,2025-12-07T03:55:30+00:00,LOCO_01,locomotive,retrofit,collection1,
8875.5,2025-12-07T03:55:30+00:00,W2050,wagon,collection1,,collection1|Mainline|retrofit
8875.5,2025-12-07T03:55:30+00:00,W2386,wagon,collection1,,collection1|Mainline|retrofit
8875.5,2025-12-07T03:55:30+00:00,W10254,wagon,collection1,,collection1|Mainline|retrofit
8886.5,2025-12-07T04:06:30+00:00,W2112,wagon,retrofit,,
8889.5,2025-12-07T04:09:30+00:00,LOCO_02,locomotive,track_19,retrofit,
8894.5,2025-12-07T04:14:30+00:00,LOCO_02,locomotive,WS_02,track_19,
8901.5,2025-12-07T04:21:30+00:00,LOCO_02,locomotive,retrofitted,WS_02,
8901.5,2025-12-07T04:21:30+00:00,W0677,wagon,WS_02,,WS_02|retrofitted
8901.5,2025-12-07T04:21:30+00:00,W2291,wagon,WS_02,,WS_02|retrofitted
8906.5,2025-12-07T04:26:30+00:00,W0677,wagon,retrofitted,,
8906.5,2025-12-07T04:26:30+00:00,W2291,wagon,retrofitted,,
8906.5,2025-12-07T04:26:30+00:00,LOCO_02,locomotive,track_19,retrofitted,
8911.5,2025-12-07T04:31:30+00:00,LOCO_02,locomotive,retrofitted,track_19,
8919.5,2025-12-07T04:39:30+00:00,LOCO_02,locomotive,parking15,retrofitted,
8935.5,2025-12-07T04:55:30+00:00,W2050,wagon,retrofit,,
8935.5,2025-12-07T04:55:30+00:00,W2386,wagon,retrofit,,
8935.5,2025-12-07T04:55:30+00:00,W10254,wagon,retrofit,,
8950.5,2025-12-07T05:10:30+00:00,LOCO_01,locomotive,track_19,retrofit,
8955.5,2025-12-07T05:15:30+00:00,LOCO_01,locomotive,collection2,track_19,
8998.0,2025-12-07T05:58:00+00:00,W2971,wagon,parking15,,
8998.0,2025-12-07T05:58:00+00:00,W10957,wagon,parking15,,
8998.0,2025-12-07T05:58:00+00:00,W6303,wagon,parking15,,
8998.0,2025-12-07T05:58:00+00:00,W0607,wagon,parking15,,
8998.0,2025-12-07T05:58:00+00:00,LOCO_02,locomotive,track_19,parking15,
9018.5,2025-12-07T06:18:30+00:00,LOCO_01,locomotive,retrofit,collection2,
9018.5,2025-12-07T06:18:30+00:00,W12355,wagon,collection2,,collection2|Mainline|retrofit
9060.0,2025-12-07T07:00:00+00:00,LOCO_02,locomotive,retrofit,track_19,
9068.0,2025-12-07T07:08:00+00:00,LOCO_02,locomotive,WS_02,retrofit,
9068.0,2025-12-07T07:08:00+00:00,W7175,wagon,retrofit,,retrofit|WS_02
9068.0,2025-12-07T07:08:00+00:00,W6803,wagon,retrofit,,retrofit|WS_02
9073.0,2025-12-07T07:13:00+00:00,W7175,wagon,WS_02,,
9073.0,2025-12-07T07:13:00+00:00,W6803,wagon,WS_02,,
9078.5,2025-12-07T07:18:30+00:00,W12355,wagon,retrofit,,
9079.0,2025-12-07T07:19:00+00:00,W7175,wagon,WS_02,,
9079.0,2025-12-07T07:19:00+00:00,W6803,wagon,WS_02,,
9079.0,2025-12-07T07:19:00+00:00,LOCO_02,locomotive,track_19,WS_02,
9081.5,2025-12-07T07:21:30+00:00,LOCO_01,locomotive,track_19,retrofit,
9084.0,2025-12-07T07:24:00+00:00,LOCO_02,locomotive,collection1,track_19,
9084.25,2025-12-07T07:24:15+00:00,W10772,wagon,collection1,,
9084.25,2025-12-07T07:24:15+00:00,W5316,wagon,collection1,,
9084.25,2025-12-07T07:24:15+00:00,W9043,wagon,collection1,,
9084.25,2025-12-07T07:24:15+00:00,W2149,wagon,collection1,,
9084.25,2025-12-07T07:24:15+00:00,W5380,wagon,collection2,,
9086.5,2025-12-07T07:26:30+00:00,LOCO_01,locomotive,WS_01,track_19,
9093.5,2025-12-07T07:33:30+00:00,LOCO_01,locomotive,retrofitted,WS_01,
9093.5,2025-12-07T07:33:30+00:00,W6025,wagon,WS_01,,WS_01|retrofitted
9093.5,2025-12-07T07:33:30+00:00,W6634,wagon,WS_01,,WS_01|retrofitted
9098.5,2025-12-07T07:38:30+00:00,W6025,wagon,retrofitted,,
9098.5,2025-12-07T07:38:30+00:00,W6634,wagon,retrofitted,,
9098.5,2025-12-07T07:38:30+00:00,LOCO_01,locomotive,track_19,retrofitted,
9103.5,2025-12-07T07:43:30+00:00,LOCO_01,locomotive,retrofitted,track_19,
9112.5,2025-12-07T07:52:30+00:00,LOCO_01,locomotive,parking10,retrofitted,
9147.0,2025-12-07T08:27:00+00:00,LOCO_02,locomotive,retrofit,collection1,
9147.0,2025-12-07T08:27:00+00:00,W5282,wagon,collection1,,collection1|Mainline|retrofit
9178.0,2025-12-07T08:58:00+00:00,W10958,wagon,parking10,,
9178.0,2025-12-07T08:58:00+00:00,W5711,wagon,parking10,,
9178.0,2025-12-07T08:58:00+00:00,W8096,wagon,parking10,,
9178.0,2025-12-07T08:58:00+00:00,W9067,wagon,parking10,,
9178.0,2025-12-07T08:58:00+00:00,W0677,wagon,parking10,,
9178.0,2025-12-07T08:58:00+00:00,W2291,wagon,parking10,,
9178.0,2025-12-07T08:58:00+00:00,LOCO_01,locomotive,track_19,parking10,
9185.25,2025-12-07T09:05:15+00:00,W5280,wagon,collection2,,
9207.0,2025-12-07T09:27:00+00:00,W5282,wagon,retrofit,,
9210.0,2025-12-07T09:30:00+00:00,LOCO_02,locomotive,track_19,retrofit,
9217.0,2025-12-07T09:37:00+00:00,LOCO_02,locomotive,retrofit,track_19,
9225.0,2025-12-07T09:45:00+00:00,LOCO_02,locomotive,WS_01,retrofit,
9225.0,2025-12-07T09:45:00+00:00,W11959,wagon,retrofit,,retrofit|WS_01
9225.0,2025-12-07T09:45:00+00:00,W6231,wagon,retrofit,,retrofit|WS_01
9230.0,2025-12-07T09:50:00+00:00,W11959,wagon,WS_01,,
9230.0,2025-12-07T09:50:00+00:00,W6231,wagon,WS_01,,
9236.0,2025-12-07T09:56:00+00:00,W11959,wagon,WS_01,,
9236.0,2025-12-07T09:56:00+00:00,W6231,wagon,WS_01,,
9236.0,2025-12-07T09:56:00+00:00,LOCO_02,locomotive,track_19,WS_01,
9238.0,2025-12-07T09:58:00+00:00,LOCO_01,locomotive,collection2,track_19,
9241.0,2025-12-07T10:01:00+00:00,LOCO_02,locomotive,WS_02,track_19,
9248.0,2025-12-07T10:08:00+00:00,LOCO_02,locomotive,retrofitted,WS_02,
9248.0,2025-12-07T10:08:00+00:00,W7175,wagon,WS_02,,WS_02|retrofitted
9248.0,2025-12-07T10:08:00+00:00,W6803,wagon,WS_02,,WS_02|retrofitted
9253.0,2025-12-07T10:13:00+00:00,W7175,wagon,retrofitted,,
9253.0,2025-12-07T10:13:00+00:00,W6803,wagon,retrofitted,,
9253.0,2025-12-07T10:13:00+00:00,LOCO_02,locomotive,track_19,retrofitted,
9258.0,2025-12-07T10:18:00+00:00,LOCO_02,locomotive,collection1,track_19,
9301.0,2025-12-07T11:01:00+00:00,LOCO_01,locomotive,retrofit,collection2,
9301.0,2025-12-07T11:01:00+00:00,W9440,wagon,collection2,,collection2|Mainline|retrofit
9321.0,2025-12-07T11:21:00+00:00,LOCO_02,locomotive,retrofit,collection1,
9321.0,2025-12-07T11:21:00+00:00,W9940,wagon,collection1,,collection1|Mainline|retrofit
9337.25,2025-12-07T11:37:15+00:00,W10441,wagon,collection1,,
9361.0,2025-12-07T12:01:00+00:00,W9440,wagon,retrofit,,
9364.0,2025-12-07T12:04:00+00:00,LOCO_01,locomotive,track_19,retrofit,
9371.0,2025-12-07T12:11:00+00:00,LOCO_01,locomotive,retrofit,track_19,
9379.0,2025-12-07T12:19:00+00:00,LOCO_01,locomotive,WS_02,retrofit,
9379.0,2025-12-07T12:19:00+00:00,W7265,wagon,retrofit,,retrofit|WS_02
9379.0,2025-12-07T12:19:00+00:00,W11947,wagon,retrofit,,retrofit|WS_02
9381.0,2025-12-07T12:21:00+00:00,W9940,wagon,retrofit,,
9384.0,2025-12-07T12:24:00+00:00,W7265,wagon,WS_02,,
9384.0,2025-12-07T12:24:00+00:00,W11947,wagon,WS_02,,
9384.0,2025-12-07T12:24:00+00:00,LOCO_02,locomotive,track_19,retrofit,
9389.0,2025-12-07T12:29:00+00:00,LOCO_02,locomotive,WS_01,track_19,
9390.0,2025-12-07T12:30:00+00:00,W7265,wagon,WS_02,,
9390.0,2025-12-07T12:30:00+00:00,W11947,wagon,WS_02,,
9390.0,2025-12-07T12:30:00+00:00,LOCO_01,locomotive,track_19,WS_02,
9395.0,2025-12-07T12:35:00+00:00,LOCO_01,locomotive,retrofitted,track_19,
9396.0,2025-12-07T12:36:00+00:00,LOCO_02,locomotive,retrofitted,WS_01,
9396.0,2025-12-07T12:36:00+00:00,W11959,wagon,WS_01,,WS_01|retrofitted
9396.0,2025-12-07T12:36:00+00:00,W6231,wagon,WS_01,,WS_01|retrofitted
9400.75,2025-12-07T12:40:45+00:00,W1122,wagon,collection1,,
9400.75,2025-12-07T12:40:45+00:00,W1120,wagon,collection2,,
9401.0,2025-12-07T12:41:00+00:00,W11959,wagon,retrofitted,,
9401.0,2025-12-07T12:41:00+00:00,W6231,wagon,retrofitted,,
9401.0,2025-12-07T12:41:00+00:00,LOCO_02,locomotive,track_19,retrofitted,
9402.0,2025-12-07T12:42:00+00:00,LOCO_01,locomotive,parking13,retrofitted,
9406.0,2025-12-07T12:46:00+00:00,LOCO_02,locomotive,collection2,track_19,
9469.0,2025-12-07T13:49:00+00:00,LOCO_02,locomotive,retrofit,collection2,
9469.0,2025-12-07T13:49:00+00:00,W12057,wagon,collection2,,collection2|Mainline|retrofit
9478.5,2025-12-07T13:58:30+00:00,W6025,wagon,parking13,,
9478.5,2025-12-07T13:58:30+00:00,W6634,wagon,parking13,,
9478.5,2025-12-07T13:58:30+00:00,LOCO_01,locomotive,track_19,parking13,
9529.0,2025-12-07T14:49:00+00:00,W12057,wagon,retrofit,,
9532.0,2025-12-07T14:52:00+00:00,LOCO_02,locomotive,track_19,retrofit,
9538.5,2025-12-07T14:58:30+00:00,LOCO_01,locomotive,collection1,track_19,
9539.0,2025-12-07T14:59:00+00:00,LOCO_02,locomotive,retrofit,track_19,
9547.0,2025-12-07T15:07:00+00:00,LOCO_02,locomotive,WS_01,retrofit,
9547.0,2025-12-07T15:07:00+00:00,W9534,wagon,retrofit,,retrofit|WS_01
9547.0,2025-12-07T15:07:00+00:00,W7316,wagon,retrofit,,retrofit|WS_01
9552.0,2025-12-07T15:12:00+00:00,W9534,wagon,WS_01,,
9552.0,2025-12-07T15:12:00+00:00,W7316,wagon,WS_01,,
9558.0,2025-12-07T15:18:00+00:00,W9534,wagon,WS_01,,
9558.0,2025-12-07T15:18:00+00:00,W7316,wagon,WS_01,,
9558.0,2025-12-07T15:18:00+00:00,LOCO_02,locomotive,track_19,WS_01,
9563.0,2025-12-07T15:23:00+00:00,LOCO_02,locomotive,WS_02,track_19,
9570.0,2025-12-07T15:30:00+00:00,LOCO_02,locomotive,retrofitted,WS_02,
9570.0,2025-12-07T15:30:00+00:00,W7265,wagon,WS_02,,WS_02|retrofitted
9570.0,2025-12-07T15:30:00+00:00,W11947,wagon,WS_02,,WS_02|retrofitted
9575.0,2025-12-07T15:35:00+00:00,W7265,wagon,retrofitted,,
9575.0,2025-12-07T15:35:00+00:00,W11947,wagon,retrofitted,,
9575.0,2025-12-07T15:35:00+00:00,LOCO_02,locomotive,track_19,retrofitted,
9580.0,2025-12-07T15:40:00+00:00,LOCO_02,locomotive,collection2,track_19,
9601.5,2025-12-07T16:01:30+00:00,LOCO_01,locomotive,retrofit,collection1,
9601.5,2025-12-07T16:01:30+00:00,W2652,wagon,collection1,,collection1|Mainline|retrofit
9643.0,2025-12-07T16:43:00+00:00,LOCO_02,locomotive,retrofit,collection2,
9643.0,2025-12-07T16:43:00+00:00,W8676,wagon,collection2,,collection2|Mainline|retrofit
9661.5,2025-12-07T17:01:30+00:00,W2652,wagon,retrofit,,
9664.5,2025-12-07T17:04:30+00:00,LOCO_01,locomotive,track_19,retrofit,
9671.5,2025-12-07T17:11:30+00:00,LOCO_01,locomotive,retrofit,track_19,
9679.5,2025-12-07T17:19:30+00:00,LOCO_01,locomotive,WS_02,retrofit,
9679.5,2025-12-07T17:19:30+00:00,W8671,wagon,retrofit,,retrofit|WS_02
9679.5,2025-12-07T17:19:30+00:00,W7400,wagon,retrofit,,retrofit|WS_02
9684.0,2025-12-07T17:24:00+00:00,W4506,wagon,collection1,,
9684.0,2025-12-07T17:24:00+00:00,W1439,wagon,collection1,,
9684.5,2025-12-07T17:24:30+00:00,W8671,wagon,WS_02,,
9684.5,2025-12-07T17:24:30+00:00,W7400,wagon,WS_02,,
9690.5,2025-12-07T17:30:30+00:00,W8671,wagon,WS_02,,
9690.5,2025-12-07T17:30:30+00:00,W7400,wagon,WS_02,,
9690.5,2025-12-07T17:30:30+00:00,LOCO_01,locomotive,track_19,WS_02,
9695.5,2025-12-07T17:35:30+00:00,LOCO_01,locomotive,WS_01,track_19,
9702.5,2025-12-07T17:42:30+00:00,LOCO_01,locomotive,retrofitted,WS_01,
9702.5,2025-12-07T17:42:30+00:00,W9534,wagon,WS_01,,WS_01|retrofitted
9702.5,2025-12-07T17:42:30+00:00,W7316,wagon,WS_01,,WS_01|retrofitted
9703.0,2025-12-07T17:43:00+00:00,W8676,wagon,retrofit,,
9706.0,2025-12-07T17:46:00+00:00,LOCO_02,locomotive,track_19,retrofit,
9707.5,2025-12-07T17:47:30+00:00,W9534,wagon,retrofitted,,
9707.5,2025-12-07T17:47:30+00:00,W7316,wagon,retrofitted,,
9707.5,2025-12-07T17:47:30+00:00,LOCO_01,locomotive,track_19,retrofitted,
9711.0,2025-12-07T17:51:00+00:00,LOCO_02,locomotive,collection1,track_19,
9712.5,2025-12-07T17:52:30+00:00,LOCO_01,locomotive,retrofitted,track_19,
9720.5,2025-12-07T18:00:30+00:00,LOCO_01,locomotive,parking9,retrofitted,
9729.0,2025-12-07T18:09:00+00:00,W7175,wagon,parking9,,
9729.0,2025-12-07T18:09:00+00:00,W6803,wagon,parking9,,
9729.0,2025-12-07T18:09:00+00:00,W11959,wagon,parking9,,
9729.0,2025-12-07T18:09:00+00:00,W6231,wagon,parking9,,
9729.0,2025-12-07T18:09:00+00:00,LOCO_01,locomotive,track_19,parking9,
9736.0,2025-12-07T18:16:00+00:00,LOCO_01,locomotive,retrofit,track_19,
9744.0,2025-12-07T18:24:00+00:00,LOCO_01,locomotive,WS_01,retrofit,
9744.0,2025-12-07T18:24:00+00:00,W8634,wagon,retrofit,,retrofit|WS_01
9744.0,2025-12-07T18:24:00+00:00,W0606,wagon,retrofit,,retrofit|WS_01
9749.0,2025-12-07T18:29:00+00:00,W8634,wagon,WS_01,,
9749.0,2025-12-07T18:29:00+00:00,W0606,wagon,WS_01,,
9755.0,2025-12-07T18:35:00+00:00,W8634,wagon,WS_01,,
9755.0,2025-12-07T18:35:00+00:00,W0606,wagon,WS_01,,
9755.0,2025-12-07T18:35:00+00:00,LOCO_01,locomotive,track_19,WS_01,
9760.0,2025-12-07T18:40:00+00:00,LOCO_01,locomotive,collection2,track_19,
9776.0,2025-12-07T18:56:00+00:00,LOCO_02,locomotive,retrofit,collection1,
9776.0,2025-12-07T18:56:00+00:00,W12385,wagon,collection1,,collection1|Mainline|retrofit
9776.0,2025-12-07T18:56:00+00:00,W11539,wagon,collection1,,collection1|Mainline|retrofit
9800.25,2025-12-07T19:20:15+00:00,W9143,wagon,collection2,,
9800.25,2025-12-07T19:20:15+00:00,W10883,wagon,collection2,,
9800.25,2025-12-07T19:20:15+00:00,W10896,wagon,collection2,,
9823.0,2025-12-07T19:43:00+00:00,LOCO_01,locomotive,retrofit,collection2,
9823.0,2025-12-07T19:43:00+00:00,W4478,wagon,collection2,,collection2|Mainline|retrofit
9836.0,2025-12-07T19:56:00+00:00,W12385,wagon,retrofit,,
9836.0,2025-12-07T19:56:00+00:00,W11539,wagon,retrofit,,
9845.0,2025-12-07T20:05:00+00:00,LOCO_02,locomotive,track_19,retrofit,
9850.0,2025-12-07T20:10:00+00:00,LOCO_02,locomotive,WS_02,track_19,
9857.0,2025-12-07T20:17:00+00:00,LOCO_02,locomotive,retrofitted,WS_02,
9857.0,2025-12-07T20:17:00+00:00,W8671,wagon,WS_02,,WS_02|retrofitted
9857.0,2025-12-07T20:17:00+00:00,W7400,wagon,WS_02,,WS_02|retrofitted
9862.0,2025-12-07T20:22:00+00:00,W8671,wagon,retrofitted,,
9862.0,2025-12-07T20:22:00+00:00,W7400,wagon,retrofitted,,
9862.0,2025-12-07T20:22:00+00:00,LOCO_02,locomotive,track_19,retrofitted,
9867.0,2025-12-07T20:27:00+00:00,LOCO_02,locomotive,WS_01,track_19,
9874.0,2025-12-07T20:34:00+00:00,LOCO_02,locomotive,retrofitted,WS_01,
9874.0,2025-12-07T20:34:00+00:00,W8634,wagon,WS_01,,WS_01|retrofitted
9874.0,2025-12-07T20:34:00+00:00,W0606,wagon,WS_01,,WS_01|retrofitted
9879.0,2025-12-07T20:39:00+00:00,W8634,wagon,retrofitted,,
9879.0,2025-12-07T20:39:00+00:00,W0606,wagon,retrofitted,,
9879.0,2025-12-07T20:39:00+00:00,LOCO_02,locomotive,track_19,retrofitted,
9883.0,2025-12-07T20:43:00+00:00,W4478,wagon,retrofit,,
9884.0,2025-12-07T20:44:00+00:00,LOCO_02,locomotive,collection1,track_19,
9886.0,2025-12-07T20:46:00+00:00,LOCO_01,locomotive,track_19,retrofit,
9893.0,2025-12-07T20:53:00+00:00,LOCO_01,locomotive,retrofit,track_19,
9896.5,2025-12-07T20:56:30+00:00,W10303,wagon,collection1,,
9896.5,2025-12-07T20:56:30+00:00,W5395,wagon,collection2,,
9901.0,2025-12-07T21:01:00+00:00,LOCO_01,locomotive,WS_02,retrofit,
9901.0,2025-12-07T21:01:00+00:00,W10249,wagon,retrofit,,retrofit|WS_02
9901.0,2025-12-07T21:01:00+00:00,W2112,wagon,retrofit,,retrofit|WS_02
9906.0,2025-12-07T21:06:00+00:00,W10249,wagon,WS_02,,
9906.0,2025-12-07T21:06:00+00:00,W2112,wagon,WS_02,,
9912.0,2025-12-07T21:12:00+00:00,W10249,wagon,WS_02,,
9912.0,2025-12-07T21:12:00+00:00,W2112,wagon,WS_02,,
9912.0,2025-12-07T21:12:00+00:00,LOCO_01,locomotive,track_19,WS_02,
9919.0,2025-12-07T21:19:00+00:00,LOCO_01,locomotive,retrofit,track_19,
9927.0,2025-12-07T21:27:00+00:00,LOCO_01,locomotive,WS_01,retrofit,
9927.0,2025-12-07T21:27:00+00:00,W2050,wagon,retrofit,,retrofit|WS_01
9927.0,2025-12-07T21:27:00+00:00,W2386,wagon,retrofit,,retrofit|WS_01
9932.0,2025-12-07T21:32:00+00:00,W2050,wagon,WS_01,,
9932.0,2025-12-07T21:32:00+00:00,W2386,wagon,WS_01,,
9938.0,2025-12-07T21:38:00+00:00,W2050,wagon,WS_01,,
9938.0,2025-12-07T21:38:00+00:00,W2386,wagon,WS_01,,
9938.0,2025-12-07T21:38:00+00:00,LOCO_01,locomotive,track_19,WS_01,
9943.0,2025-12-07T21:43:00+00:00,LOCO_01,locomotive,collection2,track_19,
9949.0,2025-12-07T21:49:00+00:00,LOCO_02,locomotive,retrofit,collection1,
9949.0,2025-12-07T21:49:00+00:00,W4532,wagon,collection1,,collection1|Mainline|retrofit
9949.0,2025-12-07T21:49:00+00:00,W0881,wagon,collection1,,collection1|Mainline|retrofit
10008.0,2025-12-07T22:48:00+00:00,LOCO_01,locomotive,retrofit,collection2,
10008.0,2025-12-07T22:48:00+00:00,W5845,wagon,collection2,,collection2|Mainline|retrofit
10008.0,2025-12-07T22:48:00+00:00,W5248,wagon,collection2,,collection2|Mainline|retrofit
10009.0,2025-12-07T22:49:00+00:00,W4532,wagon,retrofit,,
10009.0,2025-12-07T22:49:00+00:00,W0881,wagon,retrofit,,
10018.0,2025-12-07T22:58:00+00:00,LOCO_02,locomotive,track_19,retrofit,
10023.0,2025-12-07T23:03:00+00:00,LOCO_02,locomotive,retrofitted,track_19,
10031.0,2025-12-07T23:11:00+00:00,LOCO_02,locomotive,parking11,retrofitted,
10041.5,2025-12-07T23:21:30+00:00,W2846,wagon,collection1,,
10041.5,2025-12-07T23:21:30+00:00,W5760,wagon,collection1,,
10041.5,2025-12-07T23:21:30+00:00,W6421,wagon,collection2,,
10041.5,2025-12-07T23:21:30+00:00,W4802,wagon,collection1,,
10068.0,2025-12-07T23:48:00+00:00,W5845,wagon,retrofit,,
10068.0,2025-12-07T23:48:00+00:00,W5248,wagon,retrofit,,
10077.0,2025-12-07T23:57:00+00:00,LOCO_01,locomotive,track_19,retrofit,
10082.0,2025-12-08T00:02:00+00:00,LOCO_01,locomotive,collection1,track_19,
10094.5,2025-12-08T00:14:30+00:00,W7265,wagon,parking11,,
10094.5,2025-12-08T00:14:30+00:00,W11947,wagon,parking11,,
10094.5,2025-12-08T00:14:30+00:00,W9534,wagon,parking11,,
10094.5,2025-12-08T00:14:30+00:00,W7316,wagon,parking11,,
10094.5,2025-12-08T00:14:30+00:00,LOCO_02,locomotive,track_19,parking11,
10122.75,2025-12-08T00:42:45+00:00,W2165,wagon,collection2,,
10147.0,2025-12-08T01:07:00+00:00,LOCO_01,locomotive,retrofit,collection1,
10147.0,2025-12-08T01:07:00+00:00,W8570,wagon,collection1,,collection1|Mainline|retrofit
10147.0,2025-12-08T01:07:00+00:00,W9355,wagon,collection1,,collection1|Mainline|retrofit
10154.5,2025-12-08T01:14:30+00:00,LOCO_02,locomotive,WS_02,track_19,
10161.5,2025-12-08T01:21:30+00:00,LOCO_02,locomotive,retrofitted,WS_02,
10161.5,2025-12-08T01:21:30+00:00,W10249,wagon,WS_02,,WS_02|retrofitted
10161.5,2025-12-08T01:21:30+00:00,W2112,wagon,WS_02,,WS_02|retrofitted
10166.5,2025-12-08T01:26:30+00:00,W10249,wagon,retrofitted,,
10166.5,2025-12-08T01:26:30+00:00,W2112,wagon,retrofitted,,
10166.5,2025-12-08T01:26:30+00:00,LOCO_02,locomotive,track_19,retrofitted,
10171.5,2025-12-08T01:31:30+00:00,LOCO_02,locomotive,WS_01,track_19,
10178.5,2025-12-08T01:38:30+00:00,LOCO_02,locomotive,retrofitted,WS_01,
10178.5,2025-12-08T01:38:30+00:00,W2050,wagon,WS_01,,WS_01|retrofitted
10178.5,2025-12-08T01:38:30+00:00,W2386,wagon,WS_01,,WS_01|retrofitted
10183.5,2025-12-08T01:43:30+00:00,W2050,wagon,retrofitted,,
10183.5,2025-12-08T01:43:30+00:00,W2386,wagon,retrofitted,,
10183.5,2025-12-08T01:43:30+00:00,LOCO_02,locomotive,track_19,retrofitted,
10190.5,2025-12-08T01:50:30+00:00,LOCO_02,locomotive,retrofit,track_19,
10198.5,2025-12-08T01:58:30+00:00,LOCO_02,locomotive,WS_02,retrofit,
10198.5,2025-12-08T01:58:30+00:00,W10254,wagon,retrofit,,retrofit|WS_02
10198.5,2025-12-08T01:58:30+00:00,W12355,wagon,retrofit,,retrofit|WS_02
10203.5,2025-12-08T02:03:30+00:00,W10254,wagon,WS_02,,
10203.5,2025-12-08T02:03:30+00:00,W12355,wagon,WS_02,,
10207.0,2025-12-08T02:07:00+00:00,W8570,wagon,retrofit,,
10207.0,2025-12-08T02:07:00+00:00,W9355,wagon,retrofit,,
10209.5,2025-12-08T02:09:30+00:00,W10254,wagon,WS_02,,
10209.5,2025-12-08T02:09:30+00:00,W12355,wagon,WS_02,,
10209.5,2025-12-08T02:09:30+00:00,LOCO_02,locomotive,track_19,WS_02,
10214.5,2025-12-08T02:14:30+00:00,LOCO_02,locomotive,collection2,track_19,
10216.0,2025-12-08T02:16:00+00:00,LOCO_01,locomotive,track_19,retrofit,
10223.0,2025-12-08T02:23:00+00:00,LOCO_01,locomotive,retrofit,track_19,
10227.75,2025-12-08T02:27:45+00:00,W2736,wagon,collection1,,
10227.75,2025-12-08T02:27:45+00:00,W10873,wagon,collection1,,
10231.0,2025-12-08T02:31:00+00:00,LOCO_01,locomotive,WS_01,retrofit,
10231.0,2025-12-08T02:31:00+00:00,W5282,wagon,retrofit,,retrofit|WS_01
10231.0,2025-12-08T02:31:00+00:00,W9440,wagon,retrofit,,retrofit|WS_01
10236.0,2025-12-08T02:36:00+00:00,W5282,wagon,WS_01,,
10236.0,2025-12-08T02:36:00+00:00,W9440,wagon,WS_01,,
10242.0,2025-12-08T02:42:00+00:00,W5282,wagon,WS_01,,
10242.0,2025-12-08T02:42:00+00:00,W9440,wagon,WS_01,,
10242.0,2025-12-08T02:42:00+00:00,LOCO_01,locomotive,track_19,WS_01,
10247.0,2025-12-08T02:47:00+00:00,LOCO_01,locomotive,retrofitted,track_19,
10255.0,2025-12-08T02:55:00+00:00,LOCO_01,locomotive,parking1,retrofitted,
10263.5,2025-12-08T03:03:30+00:00,W8671,wagon,parking1,,
10263.5,2025-12-08T03:03:30+00:00,W7400,wagon,parking1,,
10263.5,2025-12-08T03:03:30+00:00,W8634,wagon,parking1,,
10263.5,2025-12-08T03:03:30+00:00,W0606,wagon,parking1,,
10263.5,2025-12-08T03:03:30+00:00,LOCO_01,locomotive,track_19,parking1,
10268.5,2025-12-08T03:08:30+00:00,LOCO_01,locomotive,collection1,track_19,
10277.5,2025-12-08T03:17:30+00:00,LOCO_02,locomotive,retrofit,collection2,
10277.5,2025-12-08T03:17:30+00:00,W3562,wagon,collection2,,collection2|Mainline|retrofit
10333.5,2025-12-08T04:13:30+00:00,LOCO_01,locomotive,retrofit,collection1,
10333.5,2025-12-08T04:13:30+00:00,W11847,wagon,collection1,,collection1|Mainline|retrofit
10333.5,2025-12-08T04:13:30+00:00,W2135,wagon,collection1,,collection1|Mainline|retrofit
10337.5,2025-12-08T04:17:30+00:00,W3562,wagon,retrofit,,
10340.5,2025-12-08T04:20:30+00:00,LOCO_02,locomotive,track_19,retrofit,
10345.5,2025-12-08T04:25:30+00:00,LOCO_02,locomotive,WS_02,track_19,
10352.5,2025-12-08T04:32:30+00:00,LOCO_02,locomotive,retrofitted,WS_02,
10352.5,2025-12-08T04:32:30+00:00,W10254,wagon,WS_02,,WS_02|retrofitted
10352.5,2025-12-08T04:32:30+00:00,W12355,wagon,WS_02,,WS_02|retrofitted
10357.5,2025-12-08T04:37:30+00:00,W10254,wagon,retrofitted,,
10357.5,2025-12-08T04:37:30+00:00,W12355,wagon,retrofitted,,
10357.5,2025-12-08T04:37:30+00:00,LOCO_02,locomotive,track_19,retrofitted,
10362.5,2025-12-08T04:42:30+00:00,LOCO_02,locomotive,WS_01,track_19,
10369.5,2025-12-08T04:49:30+00:00,LOCO_02,locomotive,retrofitted,WS_01,
10369.5,2025-12-08T04:49:30+00:00,W5282,wagon,WS_01,,WS_01|retrofitted
10369.5,2025-12-08T04:49:30+00:00,W9440,wagon,WS_01,,WS_01|retrofitted
10374.5,2025-12-08T04:54:30+00:00,W5282,wagon,retrofitted,,
10374.5,2025-12-08T04:54:30+00:00,W9440,wagon,retrofitted,,
10374.5,2025-12-08T04:54:30+00:00,LOCO_02,locomotive,track_19,retrofitted,
10381.5,2025-12-08T05:01:30+00:00,LOCO_02,locomotive,retrofit,track_19,
10389.5,2025-12-08T05:09:30+00:00,LOCO_02,locomotive,WS_02,retrofit,
10389.5,2025-12-08T05:09:30+00:00,W9940,wagon,retrofit,,retrofit|WS_02
10389.5,2025-12-08T05:09:30+00:00,W12057,wagon,retrofit,,retrofit|WS_02
10393.5,2025-12-08T05:13:30+00:00,W11847,wagon,retrofit,,
10393.5,2025-12-08T05:13:30+00:00,W2135,wagon,retrofit,,
10394.5,2025-12-08T05:14:30+00:00,W9940,wagon,WS_02,,
10394.5,2025-12-08T05:14:30+00:00,W12057,wagon,WS_02,,
10400.5,2025-12-08T05:20:30+00:00,W9940,wagon,WS_02,,
10400.5,2025-12-08T05:20:30+00:00,W12057,wagon,WS_02,,
10400.5,2025-12-08T05:20:30+00:00,LOCO_02,locomotive,track_19,WS_02,
10402.5,2025-12-08T05:22:30+00:00,LOCO_01,locomotive,track_19,retrofit,
10405.5,2025-12-08T05:25:30+00:00,LOCO_02,locomotive,collection2,track_19,
10409.5,2025-12-08T05:29:30+00:00,LOCO_01,locomotive,retrofit,track_19,
10417.5,2025-12-08T05:37:30+00:00,LOCO_01,locomotive,WS_01,retrofit,
10417.5,2025-12-08T05:37:30+00:00,W2652,wagon,retrofit,,retrofit|WS_01
10417.5,2025-12-08T05:37:30+00:00,W8676,wagon,retrofit,,retrofit|WS_01
10420.25,2025-12-08T05:40:15+00:00,W2910,wagon,collection1,,
10420.25,2025-12-08T05:40:15+00:00,W0681,wagon,collection1,,
10420.25,2025-12-08T05:40:15+00:00,W8552,wagon,collection2,,
10422.5,2025-12-08T05:42:30+00:00,W2652,wagon,WS_01,,
10422.5,2025-12-08T05:42:30+00:00,W8676,wagon,WS_01,,
10423.5,2025-12-08T05:43:30+00:00,W0841,wagon,collection2,,
10428.5,2025-12-08T05:48:30+00:00,W2652,wagon,WS_01,,
10428.5,2025-12-08T05:48:30+00:00,W8676,wagon,WS_01,,
10428.5,2025-12-08T05:48:30+00:00,LOCO_01,locomotive,track_19,WS_01,
10433.5,2025-12-08T05:53:30+00:00,LOCO_01,locomotive,retrofitted,track_19,
10441.5,2025-12-08T06:01:30+00:00,LOCO_01,locomotive,parking13,retrofitted,
10468.5,2025-12-08T06:28:30+00:00,LOCO_02,locomotive,retrofit,collection2,
10468.5,2025-12-08T06:28:30+00:00,W12195,wagon,collection2,,collection2|Mainline|retrofit
10520.0,2025-12-08T07:20:00+00:00,W10249,wagon,parking13,,
10520.0,2025-12-08T07:20:00+00:00,W2112,wagon,parking13,,
10520.0,2025-12-08T07:20:00+00:00,W2050,wagon,parking13,,
10520.0,2025-12-08T07:20:00+00:00,W2386,wagon,parking13,,
10520.0,2025-12-08T07:20:00+00:00,LOCO_01,locomotive,track_19,parking13,
10528.5,2025-12-08T07:28:30+00:00,W12195,wagon,retrofit,,
10531.5,2025-12-08T07:31:30+00:00,LOCO_02,locomotive,track_19,retrofit,
10536.5,2025-12-08T07:36:30+00:00,LOCO_02,locomotive,collection1,track_19,
10580.0,2025-12-08T08:20:00+00:00,LOCO_01,locomotive,WS_02,track_19,
10587.0,2025-12-08T08:27:00+00:00,LOCO_01,locomotive,retrofitted,WS_02,
10587.0,2025-12-08T08:27:00+00:00,W9940,wagon,WS_02,,WS_02|retrofitted
10587.0,2025-12-08T08:27:00+00:00,W12057,wagon,WS_02,,WS_02|retrofitted
10592.0,2025-12-08T08:32:00+00:00,W9940,wagon,retrofitted,,
10592.0,2025-12-08T08:32:00+00:00,W12057,wagon,retrofitted,,
10592.0,2025-12-08T08:32:00+00:00,LOCO_01,locomotive,track_19,retrofitted,
10593.5,2025-12-08T08:33:30+00:00,W5173,wagon,collection2,,
10597.0,2025-12-08T08:37:00+00:00,LOCO_01,locomotive,WS_01,track_19,
10603.5,2025-12-08T08:43:30+00:00,LOCO_02,locomotive,retrofit,collection1,
10603.5,2025-12-08T08:43:30+00:00,W0709,wagon,collection1,,collection1|Mainline|retrofit
10603.5,2025-12-08T08:43:30+00:00,W6823,wagon,collection1,,collection1|Mainline|retrofit
10603.5,2025-12-08T08:43:30+00:00,W6640,wagon,collection1,,collection1|Mainline|retrofit
10604.0,2025-12-08T08:44:00+00:00,LOCO_01,locomotive,retrofitted,WS_01,
10604.0,2025-12-08T08:44:00+00:00,W2652,wagon,WS_01,,WS_01|retrofitted
10604.0,2025-12-08T08:44:00+00:00,W8676,wagon,WS_01,,WS_01|retrofitted
10609.0,2025-12-08T08:49:00+00:00,W2652,wagon,retrofitted,,
10609.0,2025-12-08T08:49:00+00:00,W8676,wagon,retrofitted,,
10609.0,2025-12-08T08:49:00+00:00,LOCO_01,locomotive,track_19,retrofitted,
10616.0,2025-12-08T08:56:00+00:00,LOCO_01,locomotive,retrofit,track_19,
10624.0,2025-12-08T09:04:00+00:00,LOCO_01,locomotive,WS_02,retrofit,
10624.0,2025-12-08T09:04:00+00:00,W12385,wagon,retrofit,,retrofit|WS_02
10624.0,2025-12-08T09:04:00+00:00,W11539,wagon,retrofit,,retrofit|WS_02
10629.0,2025-12-08T09:09:00+00:00,W12385,wagon,WS_02,,
10629.0,2025-12-08T09:09:00+00:00,W11539,wagon,WS_02,,
10635.0,2025-12-08T09:15:00+00:00,W12385,wagon,WS_02,,
10635.0,2025-12-08T09:15:00+00:00,W11539,wagon,WS_02,,
10635.0,2025-12-08T09:15:00+00:00,LOCO_01,locomotive,track_19,WS_02,
10640.0,2025-12-08T09:20:00+00:00,LOCO_01,locomotive,collection2,track_19,
10663.5,2025-12-08T09:43:30+00:00,W0709,wagon,retrofit,,
10663.5,2025-12-08T09:43:30+00:00,W6823,wagon,retrofit,,
10663.5,2025-12-08T09:43:30+00:00,W6640,wagon,retrofit,,
10678.5,2025-12-08T09:58:30+00:00,LOCO_02,locomotive,track_19,retrofit,
10685.5,2025-12-08T10:05:30+00:00,LOCO_02,locomotive,retrofit,track_19,
10693.5,2025-12-08T10:13:30+00:00,LOCO_02,locomotive,WS_01,retrofit,
10693.5,2025-12-08T10:13:30+00:00,W4478,wagon,retrofit,,retrofit|WS_01
10693.5,2025-12-08T10:13:30+00:00,W4532,wagon,retrofit,,retrofit|WS_01
10698.5,2025-12-08T10:18:30+00:00,W4478,wagon,WS_01,,
10698.5,2025-12-08T10:18:30+00:00,W4532,wagon,WS_01,,
10703.0,2025-12-08T10:23:00+00:00,LOCO_01,locomotive,retrofit,collection2,
10703.0,2025-12-08T10:23:00+00:00,W8578,wagon,collection2,,collection2|Mainline|retrofit
10704.5,2025-12-08T10:24:30+00:00,W4478,wagon,WS_01,,
10704.5,2025-12-08T10:24:30+00:00,W4532,wagon,WS_01,,
10704.5,2025-12-08T10:24:30+00:00,LOCO_02,locomotive,track_19,WS_01,
10709.5,2025-12-08T10:29:30+00:00,LOCO_02,locomotive,WS_02,track_19,
10716.5,2025-12-08T10:36:30+00:00,LOCO_02,locomotive,retrofitted,WS_02,
10716.5,2025-12-08T10:36:30+00:00,W12385,wagon,WS_02,,WS_02|retrofitted
10716.5,2025-12-08T10:36:30+00:00,W11539,wagon,WS_02,,WS_02|retrofitted
10721.5,2025-12-08T10:41:30+00:00,W12385,wagon,retrofitted,,
10721.5,2025-12-08T10:41:30+00:00,W11539,wagon,retrofitted,,
10721.5,2025-12-08T10:41:30+00:00,LOCO_02,locomotive,track_19,retrofitted,
10726.5,2025-12-08T10:46:30+00:00,LOCO_02,locomotive,collection1,track_19,
10763.0,2025-12-08T11:23:00+00:00,W8578,wagon,retrofit,,
10766.0,2025-12-08T11:26:00+00:00,LOCO_01,locomotive,track_19,retrofit,
10773.0,2025-12-08T11:33:00+00:00,LOCO_01,locomotive,retrofit,track_19,
10781.0,2025-12-08T11:41:00+00:00,LOCO_01,locomotive,WS_02,retrofit,
10781.0,2025-12-08T11:41:00+00:00,W0881,wagon,retrofit,,retrofit|WS_02
10781.0,2025-12-08T11:41:00+00:00,W5845,wagon,retrofit,,retrofit|WS_02
10786.0,2025-12-08T11:46:00+00:00,W0881,wagon,WS_02,,
10786.0,2025-12-08T11:46:00+00:00,W5845,wagon,WS_02,,
10792.0,2025-12-08T11:52:00+00:00,W0881,wagon,WS_02,,
10792.0,2025-12-08T11:52:00+00:00,W5845,wagon,WS_02,,
10792.0,2025-12-08T11:52:00+00:00,LOCO_01,locomotive,track_19,WS_02,
10793.25,2025-12-08T11:53:15+00:00,W12116,wagon,collection1,,
10793.25,2025-12-08T11:53:15+00:00,W0698,wagon,collection1,,
10793.25,2025-12-08T11:53:15+00:00,W10150,wagon,collection1,,
10793.25,2025-12-08T11:53:15+00:00,W4099,wagon,collection2,,
10795.0,2025-12-08T11:55:00+00:00,W5987,wagon,collection2,,
10795.5,2025-12-08T11:55:30+00:00,LOCO_02,locomotive,retrofit,collection1,
10795.5,2025-12-08T11:55:30+00:00,W6704,wagon,collection1,,collection1|Mainline|retrofit
10795.5,2025-12-08T11:55:30+00:00,W0167,wagon,collection1,,collection1|Mainline|retrofit
10795.5,2025-12-08T11:55:30+00:00,W0002,wagon,collection1,,collection1|Mainline|retrofit
10795.5,2025-12-08T11:55:30+00:00,W10772,wagon,collection1,,collection1|Mainline|retrofit
10796.75,2025-12-08T11:56:45+00:00,W0839,wagon,collection1,,
10797.0,2025-12-08T11:57:00+00:00,LOCO_01,locomotive,retrofitted,track_19,
10805.0,2025-12-08T12:05:00+00:00,LOCO_01,locomotive,parking16,retrofitted,
10855.5,2025-12-08T12:55:30+00:00,W6704,wagon,retrofit,,
10855.5,2025-12-08T12:55:30+00:00,W0167,wagon,retrofit,,
10855.5,2025-12-08T12:55:30+00:00,W0002,wagon,retrofit,,
10855.5,2025-12-08T12:55:30+00:00,W10772,wagon,retrofit,,
10876.5,2025-12-08T13:16:30+00:00,LOCO_02,locomotive,track_19,retrofit,
10881.5,2025-12-08T13:21:30+00:00,LOCO_02,locomotive,collection2,track_19,
10928.5,2025-12-08T14:08:30+00:00,W10254,wagon,parking16,,
10928.5,2025-12-08T14:08:30+00:00,W12355,wagon,parking16,,
10928.5,2025-12-08T14:08:30+00:00,W5282,wagon,parking16,,
10928.5,2025-12-08T14:08:30+00:00,W9440,wagon,parking16,,
10928.5,2025-12-08T14:08:30+00:00,LOCO_01,locomotive,track_19,parking16,
10944.5,2025-12-08T14:24:30+00:00,LOCO_02,locomotive,retrofit,collection2,
10944.5,2025-12-08T14:24:30+00:00,W0948,wagon,collection2,,collection2|Mainline|retrofit
10947.75,2025-12-08T14:27:45+00:00,W2324,wagon,collection1,,
10988.5,2025-12-08T15:08:30+00:00,LOCO_01,locomotive,WS_01,track_19,
10995.5,2025-12-08T15:15:30+00:00,LOCO_01,locomotive,retrofitted,WS_01,
10995.5,2025-12-08T15:15:30+00:00,W4478,wagon,WS_01,,WS_01|retrofitted
10995.5,2025-12-08T15:15:30+00:00,W4532,wagon,WS_01,,WS_01|retrofitted
11000.5,2025-12-08T15:20:30+00:00,W4478,wagon,retrofitted,,
11000.5,2025-12-08T15:20:30+00:00,W4532,wagon,retrofitted,,
11000.5,2025-12-08T15:20:30+00:00,LOCO_01,locomotive,track_19,retrofitted,
11004.5,2025-12-08T15:24:30+00:00,W0948,wagon,retrofit,,
11005.5,2025-12-08T15:25:30+00:00,LOCO_01,locomotive,WS_02,track_19,
11007.5,2025-12-08T15:27:30+00:00,LOCO_02,locomotive,track_19,retrofit,
11012.5,2025-12-08T15:32:30+00:00,LOCO_01,locomotive,retrofitted,WS_02,
11012.5,2025-12-08T15:32:30+00:00,W0881,wagon,WS_02,,WS_02|retrofitted
11012.5,2025-12-08T15:32:30+00:00,W5845,wagon,WS_02,,WS_02|retrofitted
11014.5,2025-12-08T15:34:30+00:00,LOCO_02,locomotive,retrofit,track_19,
11017.5,2025-12-08T15:37:30+00:00,W0881,wagon,retrofitted,,
11017.5,2025-12-08T15:37:30+00:00,W5845,wagon,retrofitted,,
11017.5,2025-12-08T15:37:30+00:00,LOCO_01,locomotive,track_19,retrofitted,
11022.5,2025-12-08T15:42:30+00:00,LOCO_02,locomotive,WS_01,retrofit,
11022.5,2025-12-08T15:42:30+00:00,W5248,wagon,retrofit,,retrofit|WS_01
11022.5,2025-12-08T15:42:30+00:00,W8570,wagon,retrofit,,retrofit|WS_01
11022.5,2025-12-08T15:42:30+00:00,LOCO_01,locomotive,retrofitted,track_19,
11027.5,2025-12-08T15:47:30+00:00,W5248,wagon,WS_01,,
11027.5,2025-12-08T15:47:30+00:00,W8570,wagon,WS_01,,
11031.5,2025-12-08T15:51:30+00:00,LOCO_01,locomotive,parking14,retrofitted,
11033.5,2025-12-08T15:53:30+00:00,W5248,wagon,WS_01,,
11033.5,2025-12-08T15:53:30+00:00,W8570,wagon,WS_01,,
11033.5,2025-12-08T15:53:30+00:00,LOCO_02,locomotive,track_19,WS_01,
11038.5,2025-12-08T15:58:30+00:00,LOCO_02,locomotive,collection1,track_19,
11101.5,2025-12-08T17:01:30+00:00,LOCO_02,locomotive,retrofit,collection1,
11101.5,2025-12-08T17:01:30+00:00,W5316,wagon,collection1,,collection1|Mainline|retrofit
11112.0,2025-12-08T17:12:00+00:00,W9940,wagon,parking14,,
11112.0,2025-12-08T17:12:00+00:00,W12057,wagon,parking14,,
11112.0,2025-12-08T17:12:00+00:00,W2652,wagon,parking14,,
11112.0,2025-12-08T17:12:00+00:00,W8676,wagon,parking14,,
11112.0,2025-12-08T17:12:00+00:00,W12385,wagon,parking14,,
11112.0,2025-12-08T17:12:00+00:00,W11539,wagon,parking14,,
11112.0,2025-12-08T17:12:00+00:00,LOCO_01,locomotive,track_19,parking14,
11161.5,2025-12-08T18:01:30+00:00,W5316,wagon,retrofit,,
11164.5,2025-12-08T18:04:30+00:00,LOCO_02,locomotive,track_19,retrofit,
11169.5,2025-12-08T18:09:30+00:00,LOCO_02,locomotive,collection2,track_19,
11174.0,2025-12-08T18:14:00+00:00,LOCO_01,locomotive,retrofit,track_19,
11182.0,2025-12-08T18:22:00+00:00,LOCO_01,locomotive,WS_02,retrofit,
11182.0,2025-12-08T18:22:00+00:00,W9355,wagon,retrofit,,retrofit|WS_02
11182.0,2025-12-08T18:22:00+00:00,W3562,wagon,retrofit,,retrofit|WS_02
11187.0,2025-12-08T18:27:00+00:00,W9355,wagon,WS_02,,
11187.0,2025-12-08T18:27:00+00:00,W3562,wagon,WS_02,,
11193.0,2025-12-08T18:33:00+00:00,W9355,wagon,WS_02,,
11193.0,2025-12-08T18:33:00+00:00,W3562,wagon,WS_02,,
11193.0,2025-12-08T18:33:00+00:00,LOCO_01,locomotive,track_19,WS_02,
11198.0,2025-12-08T18:38:00+00:00,LOCO_01,locomotive,WS_01,track_19,
11205.0,2025-12-08T18:45:00+00:00,LOCO_01,locomotive,retrofitted,WS_01,
11205.0,2025-12-08T18:45:00+00:00,W5248,wagon,WS_01,,WS_01|retrofitted
11205.0,2025-12-08T18:45:00+00:00,W8570,wagon,WS_01,,WS_01|retrofitted
11210.0,2025-12-08T18:50:00+00:00,W5248,wagon,retrofitted,,
11210.0,2025-12-08T18:50:00+00:00,W8570,wagon,retrofitted,,
11210.0,2025-12-08T18:50:00+00:00,LOCO_01,locomotive,track_19,retrofitted,
11215.0,2025-12-08T18:55:00+00:00,LOCO_01,locomotive,collection1,track_19,
11231.5,2025-12-08T19:11:30+00:00,W5992,wagon,collection1,,
11231.5,2025-12-08T19:11:30+00:00,W9943,wagon,collection1,,
11231.5,2025-12-08T19:11:30+00:00,W9430,wagon,collection2,,
11232.5,2025-12-08T19:12:30+00:00,LOCO_02,locomotive,retrofit,collection2,
11232.5,2025-12-08T19:12:30+00:00,W9358,wagon,collection2,,collection2|Mainline|retrofit
11280.0,2025-12-08T20:00:00+00:00,LOCO_01,locomotive,retrofit,collection1,
11280.0,2025-12-08T20:00:00+00:00,W9043,wagon,collection1,,collection1|Mainline|retrofit
11280.0,2025-12-08T20:00:00+00:00,W2149,wagon,collection1,,collection1|Mainline|retrofit
11292.5,2025-12-08T20:12:30+00:00,W9358,wagon,retrofit,,
11295.5,2025-12-08T20:15:30+00:00,LOCO_02,locomotive,track_19,retrofit,
11302.5,2025-12-08T20:22:30+00:00,LOCO_02,locomotive,retrofit,track_19,
11310.5,2025-12-08T20:30:30+00:00,LOCO_02,locomotive,WS_01,retrofit,
11310.5,2025-12-08T20:30:30+00:00,W11847,wagon,retrofit,,retrofit|WS_01
11310.5,2025-12-08T20:30:30+00:00,W2135,wagon,retrofit,,retrofit|WS_01
11315.5,2025-12-08T20:35:30+00:00,W11847,wagon,WS_01,,
11315.5,2025-12-08T20:35:30+00:00,W2135,wagon,WS_01,,
11321.5,2025-12-08T20:41:30+00:00,W11847,wagon,WS_01,,
11321.5,2025-12-08T20:41:30+00:00,W2135,wagon,WS_01,,
11321.5,2025-12-08T20:41:30+00:00,LOCO_02,locomotive,track_19,WS_01,
11326.5,2025-12-08T20:46:30+00:00,LOCO_02,locomotive,WS_02,track_19,
11333.5,2025-12-08T20:53:30+00:00,LOCO_02,locomotive,retrofitted,WS_02,
11333.5,2025-12-08T20:53:30+00:00,W9355,wagon,WS_02,,WS_02|retrofitted
11333.5,2025-12-08T20:53:30+00:00,W3562,wagon,WS_02,,WS_02|retrofitted
11338.5,2025-12-08T20:58:30+00:00,W9355,wagon,retrofitted,,
11338.5,2025-12-08T20:58:30+00:00,W3562,wagon,retrofitted,,
11338.5,2025-12-08T20:58:30+00:00,LOCO_02,locomotive,track_19,retrofitted,
11340.0,2025-12-08T21:00:00+00:00,W9043,wagon,retrofit,,
11340.0,2025-12-08T21:00:00+00:00,W2149,wagon,retrofit,,
11343.5,2025-12-08T21:03:30+00:00,LOCO_02,locomotive,collection2,track_19,
11349.0,2025-12-08T21:09:00+00:00,LOCO_01,locomotive,track_19,retrofit,
11356.0,2025-12-08T21:16:00+00:00,LOCO_01,locomotive,retrofit,track_19,
11364.0,2025-12-08T21:24:00+00:00,LOCO_01,locomotive,WS_02,retrofit,
11364.0,2025-12-08T21:24:00+00:00,W12195,wagon,retrofit,,retrofit|WS_02
11364.0,2025-12-08T21:24:00+00:00,W0709,wagon,retrofit,,retrofit|WS_02
11369.0,2025-12-08T21:29:00+00:00,W12195,wagon,WS_02,,
11369.0,2025-12-08T21:29:00+00:00,W0709,wagon,WS_02,,
11375.0,2025-12-08T21:35:00+00:00,W12195,wagon,WS_02,,
11375.0,2025-12-08T21:35:00+00:00,W0709,wagon,WS_02,,
11375.0,2025-12-08T21:35:00+00:00,LOCO_01,locomotive,track_19,WS_02,
11380.0,2025-12-08T21:40:00+00:00,LOCO_01,locomotive,retrofitted,track_19,
11388.0,2025-12-08T21:48:00+00:00,LOCO_01,locomotive,parking12,retrofitted,
11406.5,2025-12-08T22:06:30+00:00,LOCO_02,locomotive,retrofit,collection2,
11406.5,2025-12-08T22:06:30+00:00,W0680,wagon,collection2,,collection2|Mainline|retrofit
11451.5,2025-12-08T22:51:30+00:00,W4478,wagon,parking12,,
11451.5,2025-12-08T22:51:30+00:00,W4532,wagon,parking12,,
11451.5,2025-12-08T22:51:30+00:00,W0881,wagon,parking12,,
11451.5,2025-12-08T22:51:30+00:00,W5845,wagon,parking12,,
11451.5,2025-12-08T22:51:30+00:00,LOCO_01,locomotive,track_19,parking12,
11466.5,2025-12-08T23:06:30+00:00,W0680,wagon,retrofit,,
11469.5,2025-12-08T23:09:30+00:00,LOCO_02,locomotive,track_19,retrofit,
11474.5,2025-12-08T23:14:30+00:00,LOCO_02,locomotive,collection1,track_19,
11511.5,2025-12-08T23:51:30+00:00,LOCO_01,locomotive,WS_01,track_19,
11518.5,2025-12-08T23:58:30+00:00,LOCO_01,locomotive,retrofitted,WS_01,
11518.5,2025-12-08T23:58:30+00:00,W11847,wagon,WS_01,,WS_01|retrofitted
11518.5,2025-12-08T23:58:30+00:00,W2135,wagon,WS_01,,WS_01|retrofitted
11523.5,2025-12-09T00:03:30+00:00,W11847,wagon,retrofitted,,
11523.5,2025-12-09T00:03:30+00:00,W2135,wagon,retrofitted,,
11523.5,2025-12-09T00:03:30+00:00,LOCO_01,locomotive,track_19,retrofitted,
11528.5,2025-12-09T00:08:30+00:00,LOCO_01,locomotive,WS_02,track_19,
11535.5,2025-12-09T00:15:30+00:00,LOCO_01,locomotive,retrofitted,WS_02,
11535.5,2025-12-09T00:15:30+00:00,W12195,wagon,WS_02,,WS_02|retrofitted
11535.5,2025-12-09T00:15:30+00:00,W0709,wagon,WS_02,,WS_02|retrofitted
11540.5,2025-12-09T00:20:30+00:00,W12195,wagon,retrofitted,,
11540.5,2025-12-09T00:20:30+00:00,W0709,wagon,retrofitted,,
11540.5,2025-12-09T00:20:30+00:00,LOCO_01,locomotive,track_19,retrofitted,
11541.5,2025-12-09T00:21:30+00:00,LOCO_02,locomotive,retrofit,collection1,
11541.5,2025-12-09T00:21:30+00:00,W10441,wagon,collection1,,collection1|Mainline|retrofit
11541.5,2025-12-09T00:21:30+00:00,W1122,wagon,collection1,,collection1|Mainline|retrofit
11541.5,2025-12-09T00:21:30+00:00,W4506,wagon,collection1,,collection1|Mainline|retrofit
11544.25,2025-12-09T00:24:15+00:00,W12383,wagon,collection1,,
11544.25,2025-12-09T00:24:15+00:00,W9843,wagon,collection1,,
11544.25,2025-12-09T00:24:15+00:00,W4473,wagon,collection1,,
11544.25,2025-12-09T00:24:15+00:00,W9727,wagon,collection2,,
11544.25,2025-12-09T00:24:15+00:00,W9046,wagon,collection2,,
11544.25,2025-12-09T00:24:15+00:00,W2217,wagon,collection2,,
11544.25,2025-12-09T00:24:15+00:00,W10976,wagon,collection2,,
11547.5,2025-12-09T00:27:30+00:00,LOCO_01,locomotive,retrofit,track_19,
11555.5,2025-12-09T00:35:30+00:00,LOCO_01,locomotive,WS_01,retrofit,
11555.5,2025-12-09T00:35:30+00:00,W6823,wagon,retrofit,,retrofit|WS_01
11555.5,2025-12-09T00:35:30+00:00,W6640,wagon,retrofit,,retrofit|WS_01
11560.5,2025-12-09T00:40:30+00:00,W6823,wagon,WS_01,,
11560.5,2025-12-09T00:40:30+00:00,W6640,wagon,WS_01,,
11566.5,2025-12-09T00:46:30+00:00,W6823,wagon,WS_01,,
11566.5,2025-12-09T00:46:30+00:00,W6640,wagon,WS_01,,
11566.5,2025-12-09T00:46:30+00:00,LOCO_01,locomotive,track_19,WS_01,
11571.5,2025-12-09T00:51:30+00:00,LOCO_01,locomotive,collection2,track_19,
11601.5,2025-12-09T01:21:30+00:00,W10441,wagon,retrofit,,
11601.5,2025-12-09T01:21:30+00:00,W1122,wagon,retrofit,,
11601.5,2025-12-09T01:21:30+00:00,W4506,wagon,retrofit,,
11616.5,2025-12-09T01:36:30+00:00,LOCO_02,locomotive,track_19,retrofit,
11623.5,2025-12-09T01:43:30+00:00,LOCO_02,locomotive,retrofit,track_19,
11631.5,2025-12-09T01:51:30+00:00,LOCO_02,locomotive,WS_02,retrofit,
11631.5,2025-12-09T01:51:30+00:00,W8578,wagon,retrofit,,retrofit|WS_02
11631.5,2025-12-09T01:51:30+00:00,W6704,wagon,retrofit,,retrofit|WS_02
11634.5,2025-12-09T01:54:30+00:00,LOCO_01,locomotive,retrofit,collection2,
11634.5,2025-12-09T01:54:30+00:00,W11195,wagon,collection2,,collection2|Mainline|retrofit
11636.5,2025-12-09T01:56:30+00:00,W8578,wagon,WS_02,,
11636.5,2025-12-09T01:56:30+00:00,W6704,wagon,WS_02,,
11642.5,2025-12-09T02:02:30+00:00,W8578,wagon,WS_02,,
11642.5,2025-12-09T02:02:30+00:00,W6704,wagon,WS_02,,
11642.5,2025-12-09T02:02:30+00:00,LOCO_02,locomotive,track_19,WS_02,
11647.5,2025-12-09T02:07:30+00:00,LOCO_02,locomotive,retrofitted,track_19,
11655.5,2025-12-09T02:15:30+00:00,LOCO_02,locomotive,parking9,retrofitted,
11664.0,2025-12-09T02:24:00+00:00,W5248,wagon,parking9,,
11664.0,2025-12-09T02:24:00+00:00,W8570,wagon,parking9,,
11664.0,2025-12-09T02:24:00+00:00,W9355,wagon,parking9,,
11664.0,2025-12-09T02:24:00+00:00,W3562,wagon,parking9,,
11664.0,2025-12-09T02:24:00+00:00,LOCO_02,locomotive,track_19,parking9,
11669.0,2025-12-09T02:29:00+00:00,LOCO_02,locomotive,collection1,track_19,
11694.5,2025-12-09T02:54:30+00:00,W11195,wagon,retrofit,,
11697.5,2025-12-09T02:57:30+00:00,LOCO_01,locomotive,track_19,retrofit,
11702.5,2025-12-09T03:02:30+00:00,LOCO_01,locomotive,WS_01,track_19,
11705.25,2025-12-09T03:05:15+00:00,W6848,wagon,collection1,,
11705.25,2025-12-09T03:05:15+00:00,W11356,wagon,collection1,,
11705.25,2025-12-09T03:05:15+00:00,W4223,wagon,collection1,,
11705.25,2025-12-09T03:05:15+00:00,W1826,wagon,collection2,,
11709.5,2025-12-09T03:09:30+00:00,LOCO_01,locomotive,retrofitted,WS_01,
11709.5,2025-12-09T03:09:30+00:00,W6823,wagon,WS_01,,WS_01|retrofitted
11709.5,2025-12-09T03:09:30+00:00,W6640,wagon,WS_01,,WS_01|retrofitted
11714.5,2025-12-09T03:14:30+00:00,W6823,wagon,retrofitted,,
11714.5,2025-12-09T03:14:30+00:00,W6640,wagon,retrofitted,,
11714.5,2025-12-09T03:14:30+00:00,LOCO_01,locomotive,track_19,retrofitted,
11719.5,2025-12-09T03:19:30+00:00,LOCO_01,locomotive,WS_02,track_19,
11726.5,2025-12-09T03:26:30+00:00,LOCO_01,locomotive,retrofitted,WS_02,
11726.5,2025-12-09T03:26:30+00:00,W8578,wagon,WS_02,,WS_02|retrofitted
11726.5,2025-12-09T03:26:30+00:00,W6704,wagon,WS_02,,WS_02|retrofitted
11731.5,2025-12-09T03:31:30+00:00,W8578,wagon,retrofitted,,
11731.5,2025-12-09T03:31:30+00:00,W6704,wagon,retrofitted,,
11731.5,2025-12-09T03:31:30+00:00,LOCO_01,locomotive,track_19,retrofitted,
11734.0,2025-12-09T03:34:00+00:00,LOCO_02,locomotive,retrofit,collection1,
11734.0,2025-12-09T03:34:00+00:00,W1439,wagon,collection1,,collection1|Mainline|retrofit
11734.0,2025-12-09T03:34:00+00:00,W10303,wagon,collection1,,collection1|Mainline|retrofit
11738.5,2025-12-09T03:38:30+00:00,LOCO_01,locomotive,retrofit,track_19,
11746.5,2025-12-09T03:46:30+00:00,LOCO_01,locomotive,WS_01,retrofit,
11746.5,2025-12-09T03:46:30+00:00,W0167,wagon,retrofit,,retrofit|WS_01
11746.5,2025-12-09T03:46:30+00:00,W0002,wagon,retrofit,,retrofit|WS_01
11751.5,2025-12-09T03:51:30+00:00,W0167,wagon,WS_01,,
11751.5,2025-12-09T03:51:30+00:00,W0002,wagon,WS_01,,
11757.5,2025-12-09T03:57:30+00:00,W0167,wagon,WS_01,,
11757.5,2025-12-09T03:57:30+00:00,W0002,wagon,WS_01,,
11757.5,2025-12-09T03:57:30+00:00,LOCO_01,locomotive,track_19,WS_01,
11762.5,2025-12-09T04:02:30+00:00,LOCO_01,locomotive,collection2,track_19,
11794.0,2025-12-09T04:34:00+00:00,W1439,wagon,retrofit,,
11794.0,2025-12-09T04:34:00+00:00,W10303,wagon,retrofit,,
11803.0,2025-12-09T04:43:00+00:00,LOCO_02,locomotive,track_19,retrofit,
11810.0,2025-12-09T04:50:00+00:00,LOCO_02,locomotive,retrofit,track_19,
11818.0,2025-12-09T04:58:00+00:00,LOCO_02,locomotive,WS_02,retrofit,
11818.0,2025-12-09T04:58:00+00:00,W10772,wagon,retrofit,,retrofit|WS_02
11818.0,2025-12-09T04:58:00+00:00,W0948,wagon,retrofit,,retrofit|WS_02
11823.0,2025-12-09T05:03:00+00:00,W10772,wagon,WS_02,,
11823.0,2025-12-09T05:03:00+00:00,W0948,wagon,WS_02,,
11825.5,2025-12-09T05:05:30+00:00,LOCO_01,locomotive,retrofit,collection2,
11825.5,2025-12-09T05:05:30+00:00,W0367,wagon,collection2,,collection2|Mainline|retrofit
11829.0,2025-12-09T05:09:00+00:00,W10772,wagon,WS_02,,
11829.0,2025-12-09T05:09:00+00:00,W0948,wagon,WS_02,,
11829.0,2025-12-09T05:09:00+00:00,LOCO_02,locomotive,track_19,WS_02,
11829.75,2025-12-09T05:09:45+00:00,W7791,wagon,collection1,,
11834.0,2025-12-09T05:14:00+00:00,LOCO_02,locomotive,retrofitted,track_19,
11842.0,2025-12-09T05:22:00+00:00,LOCO_02,locomotive,parking11,retrofitted,
11885.5,2025-12-09T06:05:30+00:00,W0367,wagon,retrofit,,
11888.5,2025-12-09T06:08:30+00:00,LOCO_01,locomotive,track_19,retrofit,
11893.5,2025-12-09T06:13:30+00:00,LOCO_01,locomotive,collection1,track_19,
11905.5,2025-12-09T06:25:30+00:00,W11847,wagon,parking11,,
11905.5,2025-12-09T06:25:30+00:00,W2135,wagon,parking11,,
11905.5,2025-12-09T06:25:30+00:00,W12195,wagon,parking11,,
11905.5,2025-12-09T06:25:30+00:00,W0709,wagon,parking11,,
11905.5,2025-12-09T06:25:30+00:00,LOCO_02,locomotive,track_19,parking11,
11960.5,2025-12-09T07:20:30+00:00,LOCO_01,locomotive,retrofit,collection1,
11960.5,2025-12-09T07:20:30+00:00,W2846,wagon,collection1,,collection1|Mainline|retrofit
11960.5,2025-12-09T07:20:30+00:00,W5760,wagon,collection1,,collection1|Mainline|retrofit
11960.5,2025-12-09T07:20:30+00:00,W4802,wagon,collection1,,collection1|Mainline|retrofit
11965.5,2025-12-09T07:25:30+00:00,LOCO_02,locomotive,collection2,track_19,
12020.5,2025-12-09T08:20:30+00:00,W2846,wagon,retrofit,,
12020.5,2025-12-09T08:20:30+00:00,W5760,wagon,retrofit,,
12020.5,2025-12-09T08:20:30+00:00,W4802,wagon,retrofit,,
12028.5,2025-12-09T08:28:30+00:00,LOCO_02,locomotive,retrofit,collection2,
12028.5,2025-12-09T08:28:30+00:00,W4457,wagon,collection2,,collection2|Mainline|retrofit
12035.5,2025-12-09T08:35:30+00:00,LOCO_01,locomotive,track_19,retrofit,
12040.5,2025-12-09T08:40:30+00:00,LOCO_01,locomotive,WS_01,track_19,
12046.0,2025-12-09T08:46:00+00:00,W0023,wagon,collection1,,
12046.0,2025-12-09T08:46:00+00:00,W10397,wagon,collection1,,
12046.0,2025-12-09T08:46:00+00:00,W5420,wagon,collection2,,
12047.5,2025-12-09T08:47:30+00:00,LOCO_01,locomotive,retrofitted,WS_01,
12047.5,2025-12-09T08:47:30+00:00,W0167,wagon,WS_01,,WS_01|retrofitted
12047.5,2025-12-09T08:47:30+00:00,W0002,wagon,WS_01,,WS_01|retrofitted
12052.5,2025-12-09T08:52:30+00:00,W0167,wagon,retrofitted,,
12052.5,2025-12-09T08:52:30+00:00,W0002,wagon,retrofitted,,
12052.5,2025-12-09T08:52:30+00:00,LOCO_01,locomotive,track_19,retrofitted,
12057.5,2025-12-09T08:57:30+00:00,LOCO_01,locomotive,WS_02,track_19,
12064.5,2025-12-09T09:04:30+00:00,LOCO_01,locomotive,retrofitted,WS_02,
12064.5,2025-12-09T09:04:30+00:00,W10772,wagon,WS_02,,WS_02|retrofitted
12064.5,2025-12-09T09:04:30+00:00,W0948,wagon,WS_02,,WS_02|retrofitted
12069.5,2025-12-09T09:09:30+00:00,W10772,wagon,retrofitted,,
12069.5,2025-12-09T09:09:30+00:00,W0948,wagon,retrofitted,,
12069.5,2025-12-09T09:09:30+00:00,LOCO_01,locomotive,track_19,retrofitted,
12076.5,2025-12-09T09:16:30+00:00,LOCO_01,locomotive,retrofit,track_19,
12084.5,2025-12-09T09:24:30+00:00,LOCO_01,locomotive,WS_01,retrofit,
12084.5,2025-12-09T09:24:30+00:00,W5316,wagon,retrofit,,retrofit|WS_01
12084.5,2025-12-09T09:24:30+00:00,W9358,wagon,retrofit,,retrofit|WS_01
12088.5,2025-12-09T09:28:30+00:00,W4457,wagon,retrofit,,
12089.5,2025-12-09T09:29:30+00:00,W5316,wagon,WS_01,,
12089.5,2025-12-09T09:29:30+00:00,W9358,wagon,WS_01,,
12091.5,2025-12-09T09:31:30+00:00,LOCO_02,locomotive,track_19,retrofit,
12095.5,2025-12-09T09:35:30+00:00,W5316,wagon,WS_01,,
12095.5,2025-12-09T09:35:30+00:00,W9358,wagon,WS_01,,
12095.5,2025-12-09T09:35:30+00:00,LOCO_01,locomotive,track_19,WS_01,
12096.5,2025-12-09T09:36:30+00:00,LOCO_02,locomotive,collection1,track_19,
12102.5,2025-12-09T09:42:30+00:00,LOCO_01,locomotive,retrofit,track_19,
12110.5,2025-12-09T09:50:30+00:00,LOCO_01,locomotive,WS_02,retrofit,
12110.5,2025-12-09T09:50:30+00:00,W9043,wagon,retrofit,,retrofit|WS_02
12110.5,2025-12-09T09:50:30+00:00,W2149,wagon,retrofit,,retrofit|WS_02
12115.5,2025-12-09T09:55:30+00:00,W9043,wagon,WS_02,,
12115.5,2025-12-09T09:55:30+00:00,W2149,wagon,WS_02,,
12121.5,2025-12-09T10:01:30+00:00,W9043,wagon,WS_02,,
12121.5,2025-12-09T10:01:30+00:00,W2149,wagon,WS_02,,
12121.5,2025-12-09T10:01:30+00:00,LOCO_01,locomotive,track_19,WS_02,
12126.5,2025-12-09T10:06:30+00:00,LOCO_01,locomotive,collection2,track_19,
12159.5,2025-12-09T10:39:30+00:00,LOCO_02,locomotive,retrofit,collection1,
12159.5,2025-12-09T10:39:30+00:00,W2736,wagon,collection1,,collection1|Mainline|retrofit
12191.5,2025-12-09T11:11:30+00:00,LOCO_01,locomotive,retrofit,collection2,
12191.5,2025-12-09T11:11:30+00:00,W5821,wagon,collection2,,collection2|Mainline|retrofit
12191.5,2025-12-09T11:11:30+00:00,W12186,wagon,collection2,,collection2|Mainline|retrofit
12205.25,2025-12-09T11:25:15+00:00,W3230,wagon,collection2,,
12205.25,2025-12-09T11:25:15+00:00,W5411,wagon,collection2,,
12219.5,2025-12-09T11:39:30+00:00,W2736,wagon,retrofit,,
12222.5,2025-12-09T11:42:30+00:00,LOCO_02,locomotive,track_19,retrofit,
12227.5,2025-12-09T11:47:30+00:00,LOCO_02,locomotive,WS_01,track_19,
12234.0,2025-12-09T11:54:00+00:00,W9967,wagon,collection1,,
12234.5,2025-12-09T11:54:30+00:00,LOCO_02,locomotive,retrofitted,WS_01,
12234.5,2025-12-09T11:54:30+00:00,W5316,wagon,WS_01,,WS_01|retrofitted
12234.5,2025-12-09T11:54:30+00:00,W9358,wagon,WS_01,,WS_01|retrofitted
12239.5,2025-12-09T11:59:30+00:00,W5316,wagon,retrofitted,,
12239.5,2025-12-09T11:59:30+00:00,W9358,wagon,retrofitted,,
12239.5,2025-12-09T11:59:30+00:00,LOCO_02,locomotive,track_19,retrofitted,
12244.5,2025-12-09T12:04:30+00:00,LOCO_02,locomotive,retrofitted,track_19,
12251.5,2025-12-09T12:11:30+00:00,W5821,wagon,retrofit,,
12251.5,2025-12-09T12:11:30+00:00,W12186,wagon,retrofit,,
12252.5,2025-12-09T12:12:30+00:00,LOCO_02,locomotive,parking15,retrofitted,
12260.5,2025-12-09T12:20:30+00:00,LOCO_01,locomotive,track_19,retrofit,
12267.5,2025-12-09T12:27:30+00:00,LOCO_01,locomotive,retrofit,track_19,
12275.5,2025-12-09T12:35:30+00:00,LOCO_01,locomotive,WS_01,retrofit,
12275.5,2025-12-09T12:35:30+00:00,W0680,wagon,retrofit,,retrofit|WS_01
12275.5,2025-12-09T12:35:30+00:00,W10441,wagon,retrofit,,retrofit|WS_01
12280.5,2025-12-09T12:40:30+00:00,W0680,wagon,WS_01,,
12280.5,2025-12-09T12:40:30+00:00,W10441,wagon,WS_01,,
12286.5,2025-12-09T12:46:30+00:00,W0680,wagon,WS_01,,
12286.5,2025-12-09T12:46:30+00:00,W10441,wagon,WS_01,,
12286.5,2025-12-09T12:46:30+00:00,LOCO_01,locomotive,track_19,WS_01,
12291.5,2025-12-09T12:51:30+00:00,LOCO_01,locomotive,collection1,track_19,
12314.25,2025-12-09T13:14:15+00:00,W5346,wagon,collection2,,
12331.0,2025-12-09T13:31:00+00:00,W6823,wagon,parking15,,
12331.0,2025-12-09T13:31:00+00:00,W6640,wagon,parking15,,
12331.0,2025-12-09T13:31:00+00:00,W8578,wagon,parking15,,
12331.0,2025-12-09T13:31:00+00:00,W6704,wagon,parking15,,
12331.0,2025-12-09T13:31:00+00:00,LOCO_02,locomotive,track_19,parking15,
12354.5,2025-12-09T13:54:30+00:00,LOCO_01,locomotive,retrofit,collection1,
12354.5,2025-12-09T13:54:30+00:00,W10873,wagon,collection1,,collection1|Mainline|retrofit
12376.5,2025-12-09T14:16:30+00:00,W4370,wagon,collection2,,
12391.0,2025-12-09T14:31:00+00:00,LOCO_02,locomotive,collection2,track_19,
12414.5,2025-12-09T14:54:30+00:00,W10873,wagon,retrofit,,
12417.5,2025-12-09T14:57:30+00:00,LOCO_01,locomotive,track_19,retrofit,
12422.5,2025-12-09T15:02:30+00:00,LOCO_01,locomotive,WS_02,track_19,
12429.5,2025-12-09T15:09:30+00:00,LOCO_01,locomotive,retrofitted,WS_02,
12429.5,2025-12-09T15:09:30+00:00,W9043,wagon,WS_02,,WS_02|retrofitted
12429.5,2025-12-09T15:09:30+00:00,W2149,wagon,WS_02,,WS_02|retrofitted
12434.5,2025-12-09T15:14:30+00:00,W9043,wagon,retrofitted,,
12434.5,2025-12-09T15:14:30+00:00,W2149,wagon,retrofitted,,
12434.5,2025-12-09T15:14:30+00:00,LOCO_01,locomotive,track_19,retrofitted,
12439.5,2025-12-09T15:19:30+00:00,LOCO_01,locomotive,WS_01,track_19,
12446.5,2025-12-09T15:26:30+00:00,LOCO_01,locomotive,retrofitted,WS_01,
12446.5,2025-12-09T15:26:30+00:00,W0680,wagon,WS_01,,WS_01|retrofitted
12446.5,2025-12-09T15:26:30+00:00,W10441,wagon,WS_01,,WS_01|retrofitted
12451.5,2025-12-09T15:31:30+00:00,W0680,wagon,retrofitted,,
12451.5,2025-12-09T15:31:30+00:00,W10441,wagon,retrofitted,,
12451.5,2025-12-09T15:31:30+00:00,LOCO_01,locomotive,track_19,retrofitted,
12456.0,2025-12-09T15:36:00+00:00,LOCO_02,locomotive,retrofit,collection2,
12456.0,2025-12-09T15:36:00+00:00,W5380,wagon,collection2,,collection2|Mainline|retrofit
12456.0,2025-12-09T15:36:00+00:00,W5280,wagon,collection2,,collection2|Mainline|retrofit
12458.5,2025-12-09T15:38:30+00:00,LOCO_01,locomotive,retrofit,track_19,
12466.5,2025-12-09T15:46:30+00:00,LOCO_01,locomotive,WS_02,retrofit,
12466.5,2025-12-09T15:46:30+00:00,W1122,wagon,retrofit,,retrofit|WS_02
12466.5,2025-12-09T15:46:30+00:00,W4506,wagon,retrofit,,retrofit|WS_02
12471.5,2025-12-09T15:51:30+00:00,W1122,wagon,WS_02,,
12471.5,2025-12-09T15:51:30+00:00,W4506,wagon,WS_02,,
12477.5,2025-12-09T15:57:30+00:00,W1122,wagon,WS_02,,
12477.5,2025-12-09T15:57:30+00:00,W4506,wagon,WS_02,,
12477.5,2025-12-09T15:57:30+00:00,LOCO_01,locomotive,track_19,WS_02,
12482.5,2025-12-09T16:02:30+00:00,LOCO_01,locomotive,collection1,track_19,
12516.0,2025-12-09T16:36:00+00:00,W5380,wagon,retrofit,,
12516.0,2025-12-09T16:36:00+00:00,W5280,wagon,retrofit,,
12525.0,2025-12-09T16:45:00+00:00,LOCO_02,locomotive,track_19,retrofit,
12532.0,2025-12-09T16:52:00+00:00,LOCO_02,locomotive,retrofit,track_19,
12540.0,2025-12-09T17:00:00+00:00,LOCO_02,locomotive,WS_01,retrofit,
12540.0,2025-12-09T17:00:00+00:00,W11195,wagon,retrofit,,retrofit|WS_01
12540.0,2025-12-09T17:00:00+00:00,W1439,wagon,retrofit,,retrofit|WS_01
12545.0,2025-12-09T17:05:00+00:00,W11195,wagon,WS_01,,
12545.0,2025-12-09T17:05:00+00:00,W1439,wagon,WS_01,,
12545.5,2025-12-09T17:05:30+00:00,LOCO_01,locomotive,retrofit,collection1,
12545.5,2025-12-09T17:05:30+00:00,W2910,wagon,collection1,,collection1|Mainline|retrofit
12551.0,2025-12-09T17:11:00+00:00,W11195,wagon,WS_01,,
12551.0,2025-12-09T17:11:00+00:00,W1439,wagon,WS_01,,
12551.0,2025-12-09T17:11:00+00:00,LOCO_02,locomotive,track_19,WS_01,
12556.0,2025-12-09T17:16:00+00:00,LOCO_02,locomotive,retrofitted,track_19,
12560.25,2025-12-09T17:20:15+00:00,W3135,wagon,collection1,,
12560.25,2025-12-09T17:20:15+00:00,W3903,wagon,collection2,,
12565.0,2025-12-09T17:25:00+00:00,LOCO_02,locomotive,parking2,retrofitted,
12575.5,2025-12-09T17:35:30+00:00,W0167,wagon,parking2,,
12575.5,2025-12-09T17:35:30+00:00,W0002,wagon,parking2,,
12575.5,2025-12-09T17:35:30+00:00,W10772,wagon,parking2,,
12575.5,2025-12-09T17:35:30+00:00,W0948,wagon,parking2,,
12575.5,2025-12-09T17:35:30+00:00,W5316,wagon,parking2,,
12575.5,2025-12-09T17:35:30+00:00,W9358,wagon,parking2,,
12575.5,2025-12-09T17:35:30+00:00,LOCO_02,locomotive,track_19,parking2,
12580.5,2025-12-09T17:40:30+00:00,LOCO_02,locomotive,collection2,track_19,
12594.5,2025-12-09T17:54:30+00:00,W10192,wagon,collection2,,
12594.5,2025-12-09T17:54:30+00:00,W8908,wagon,collection2,,
12605.5,2025-12-09T18:05:30+00:00,W2910,wagon,retrofit,,
12608.5,2025-12-09T18:08:30+00:00,LOCO_01,locomotive,track_19,retrofit,
12613.5,2025-12-09T18:13:30+00:00,LOCO_01,locomotive,WS_02,track_19,
12620.5,2025-12-09T18:20:30+00:00,LOCO_01,locomotive,retrofitted,WS_02,
12620.5,2025-12-09T18:20:30+00:00,W1122,wagon,WS_02,,WS_02|retrofitted
12620.5,2025-12-09T18:20:30+00:00,W4506,wagon,WS_02,,WS_02|retrofitted
12625.5,2025-12-09T18:25:30+00:00,W1122,wagon,retrofitted,,
12625.5,2025-12-09T18:25:30+00:00,W4506,wagon,retrofitted,,
12625.5,2025-12-09T18:25:30+00:00,LOCO_01,locomotive,track_19,retrofitted,
12630.5,2025-12-09T18:30:30+00:00,LOCO_01,locomotive,WS_01,track_19,
12637.5,2025-12-09T18:37:30+00:00,LOCO_01,locomotive,retrofitted,WS_01,
12637.5,2025-12-09T18:37:30+00:00,W11195,wagon,WS_01,,WS_01|retrofitted
12637.5,2025-12-09T18:37:30+00:00,W1439,wagon,WS_01,,WS_01|retrofitted
12642.5,2025-12-09T18:42:30+00:00,W11195,wagon,retrofitted,,
12642.5,2025-12-09T18:42:30+00:00,W1439,wagon,retrofitted,,
12642.5,2025-12-09T18:42:30+00:00,LOCO_01,locomotive,track_19,retrofitted,
12649.5,2025-12-09T18:49:30+00:00,LOCO_01,locomotive,retrofit,track_19,
12651.5,2025-12-09T18:51:30+00:00,LOCO_02,locomotive,retrofit,collection2,
12651.5,2025-12-09T18:51:30+00:00,W1120,wagon,collection2,,collection2|Mainline|retrofit
12651.5,2025-12-09T18:51:30+00:00,W9143,wagon,collection2,,collection2|Mainline|retrofit
12651.5,2025-12-09T18:51:30+00:00,W10883,wagon,collection2,,collection2|Mainline|retrofit
12651.5,2025-12-09T18:51:30+00:00,W10896,wagon,collection2,,collection2|Mainline|retrofit
12651.5,2025-12-09T18:51:30+00:00,W5395,wagon,collection2,,collection2|Mainline|retrofit
12657.5,2025-12-09T18:57:30+00:00,LOCO_01,locomotive,WS_02,retrofit,
12657.5,2025-12-09T18:57:30+00:00,W10303,wagon,retrofit,,retrofit|WS_02
12657.5,2025-12-09T18:57:30+00:00,W0367,wagon,retrofit,,retrofit|WS_02
12662.5,2025-12-09T19:02:30+00:00,W10303,wagon,WS_02,,
12662.5,2025-12-09T19:02:30+00:00,W0367,wagon,WS_02,,
12668.5,2025-12-09T19:08:30+00:00,W10303,wagon,WS_02,,
12668.5,2025-12-09T19:08:30+00:00,W0367,wagon,WS_02,,
12668.5,2025-12-09T19:08:30+00:00,LOCO_01,locomotive,track_19,WS_02,
12673.5,2025-12-09T19:13:30+00:00,LOCO_01,locomotive,collection1,track_19,
12711.5,2025-12-09T19:51:30+00:00,W1120,wagon,retrofit,,
12711.5,2025-12-09T19:51:30+00:00,W9143,wagon,retrofit,,
12711.5,2025-12-09T19:51:30+00:00,W10883,wagon,retrofit,,
12711.5,2025-12-09T19:51:30+00:00,W10896,wagon,retrofit,,
12711.5,2025-12-09T19:51:30+00:00,W5395,wagon,retrofit,,
12736.5,2025-12-09T20:16:30+00:00,LOCO_01,locomotive,retrofit,collection1,
12736.5,2025-12-09T20:16:30+00:00,W0681,wagon,collection1,,collection1|Mainline|retrofit
12738.5,2025-12-09T20:18:30+00:00,LOCO_02,locomotive,track_19,retrofit,
12745.5,2025-12-09T20:25:30+00:00,LOCO_02,locomotive,retrofit,track_19,
12748.5,2025-12-09T20:28:30+00:00,W10109,wagon,collection1,,
12748.5,2025-12-09T20:28:30+00:00,W10204,wagon,collection2,,
12748.5,2025-12-09T20:28:30+00:00,W11900,wagon,collection1,,
12753.5,2025-12-09T20:33:30+00:00,LOCO_02,locomotive,WS_01,retrofit,
12753.5,2025-12-09T20:33:30+00:00,W2846,wagon,retrofit,,retrofit|WS_01
12753.5,2025-12-09T20:33:30+00:00,W5760,wagon,retrofit,,retrofit|WS_01
12758.5,2025-12-09T20:38:30+00:00,W2846,wagon,WS_01,,
12758.5,2025-12-09T20:38:30+00:00,W5760,wagon,WS_01,,
12764.5,2025-12-09T20:44:30+00:00,W2846,wagon,WS_01,,
12764.5,2025-12-09T20:44:30+00:00,W5760,wagon,WS_01,,
12764.5,2025-12-09T20:44:30+00:00,LOCO_02,locomotive,track_19,WS_01,
12769.5,2025-12-09T20:49:30+00:00,LOCO_02,locomotive,retrofitted,track_19,
12777.5,2025-12-09T20:57:30+00:00,LOCO_02,locomotive,parking13,retrofitted,
12787.25,2025-12-09T21:07:15+00:00,W7399,wagon,collection2,,
12796.5,2025-12-09T21:16:30+00:00,W0681,wagon,retrofit,,
12799.5,2025-12-09T21:19:30+00:00,LOCO_01,locomotive,track_19,retrofit,
12804.5,2025-12-09T21:24:30+00:00,LOCO_01,locomotive,collection2,track_19,
12856.0,2025-12-09T22:16:00+00:00,W9043,wagon,parking13,,
12856.0,2025-12-09T22:16:00+00:00,W2149,wagon,parking13,,
12856.0,2025-12-09T22:16:00+00:00,W0680,wagon,parking13,,
12856.0,2025-12-09T22:16:00+00:00,W10441,wagon,parking13,,
12856.0,2025-12-09T22:16:00+00:00,LOCO_02,locomotive,track_19,parking13,
12869.5,2025-12-09T22:29:30+00:00,LOCO_01,locomotive,retrofit,collection2,
12869.5,2025-12-09T22:29:30+00:00,W6421,wagon,collection2,,collection2|Mainline|retrofit
12869.5,2025-12-09T22:29:30+00:00,W2165,wagon,collection2,,collection2|Mainline|retrofit
12916.0,2025-12-09T23:16:00+00:00,LOCO_02,locomotive,WS_02,track_19,
12923.0,2025-12-09T23:23:00+00:00,LOCO_02,locomotive,retrofitted,WS_02,
12923.0,2025-12-09T23:23:00+00:00,W10303,wagon,WS_02,,WS_02|retrofitted
12923.0,2025-12-09T23:23:00+00:00,W0367,wagon,WS_02,,WS_02|retrofitted
12928.0,2025-12-09T23:28:00+00:00,W10303,wagon,retrofitted,,
12928.0,2025-12-09T23:28:00+00:00,W0367,wagon,retrofitted,,
12928.0,2025-12-09T23:28:00+00:00,LOCO_02,locomotive,track_19,retrofitted,
12929.5,2025-12-09T23:29:30+00:00,W6421,wagon,retrofit,,
12929.5,2025-12-09T23:29:30+00:00,W2165,wagon,retrofit,,
12933.0,2025-12-09T23:33:00+00:00,LOCO_02,locomotive,WS_01,track_19,
12938.5,2025-12-09T23:38:30+00:00,LOCO_01,locomotive,track_19,retrofit,
12939.0,2025-12-09T23:39:00+00:00,W12104,wagon,collection1,,
12940.0,2025-12-09T23:40:00+00:00,LOCO_02,locomotive,retrofitted,WS_01,
12940.0,2025-12-09T23:40:00+00:00,W2846,wagon,WS_01,,WS_01|retrofitted
12940.0,2025-12-09T23:40:00+00:00,W5760,wagon,WS_01,,WS_01|retrofitted
12945.0,2025-12-09T23:45:00+00:00,W2846,wagon,retrofitted,,
12945.0,2025-12-09T23:45:00+00:00,W5760,wagon,retrofitted,,
12945.0,2025-12-09T23:45:00+00:00,LOCO_02,locomotive,track_19,retrofitted,
12945.5,2025-12-09T23:45:30+00:00,LOCO_01,locomotive,retrofit,track_19,
12950.0,2025-12-09T23:50:00+00:00,LOCO_02,locomotive,retrofitted,track_19,
12953.5,2025-12-09T23:53:30+00:00,LOCO_01,locomotive,WS_02,retrofit,
12953.5,2025-12-09T23:53:30+00:00,W4802,wagon,retrofit,,retrofit|WS_02
12953.5,2025-12-09T23:53:30+00:00,W4457,wagon,retrofit,,retrofit|WS_02
12958.0,2025-12-09T23:58:00+00:00,LOCO_02,locomotive,parking16,retrofitted,
12958.5,2025-12-09T23:58:30+00:00,W4802,wagon,WS_02,,
12958.5,2025-12-09T23:58:30+00:00,W4457,wagon,WS_02,,
12963.5,2025-12-10T00:03:30+00:00,W10938,wagon,collection2,,
12964.5,2025-12-10T00:04:30+00:00,W4802,wagon,WS_02,,
12964.5,2025-12-10T00:04:30+00:00,W4457,wagon,WS_02,,
12964.5,2025-12-10T00:04:30+00:00,LOCO_01,locomotive,track_19,WS_02,
12969.5,2025-12-10T00:09:30+00:00,LOCO_01,locomotive,collection1,track_19,
13032.5,2025-12-10T01:12:30+00:00,LOCO_01,locomotive,retrofit,collection1,
13032.5,2025-12-10T01:12:30+00:00,W12116,wagon,collection1,,collection1|Mainline|retrofit
13081.5,2025-12-10T02:01:30+00:00,W1122,wagon,parking16,,
13081.5,2025-12-10T02:01:30+00:00,W4506,wagon,parking16,,
13081.5,2025-12-10T02:01:30+00:00,W11195,wagon,parking16,,
13081.5,2025-12-10T02:01:30+00:00,W1439,wagon,parking16,,
13081.5,2025-12-10T02:01:30+00:00,LOCO_02,locomotive,track_19,parking16,
13092.5,2025-12-10T02:12:30+00:00,W12116,wagon,retrofit,,
13095.5,2025-12-10T02:15:30+00:00,LOCO_01,locomotive,track_19,retrofit,
13100.5,2025-12-10T02:20:30+00:00,LOCO_01,locomotive,collection2,track_19,
13103.5,2025-12-10T02:23:30+00:00,W4327,wagon,collection1,,
13103.5,2025-12-10T02:23:30+00:00,W11290,wagon,collection1,,
13143.5,2025-12-10T03:03:30+00:00,LOCO_02,locomotive,retrofit,track_19,
13151.5,2025-12-10T03:11:30+00:00,LOCO_02,locomotive,WS_01,retrofit,
13151.5,2025-12-10T03:11:30+00:00,W2736,wagon,retrofit,,retrofit|WS_01
13151.5,2025-12-10T03:11:30+00:00,W5821,wagon,retrofit,,retrofit|WS_01
13156.5,2025-12-10T03:16:30+00:00,W2736,wagon,WS_01,,
13156.5,2025-12-10T03:16:30+00:00,W5821,wagon,WS_01,,
13162.5,2025-12-10T03:22:30+00:00,W2736,wagon,WS_01,,
13162.5,2025-12-10T03:22:30+00:00,W5821,wagon,WS_01,,
13162.5,2025-12-10T03:22:30+00:00,LOCO_02,locomotive,track_19,WS_01,
13163.5,2025-12-10T03:23:30+00:00,LOCO_01,locomotive,retrofit,collection2,
13163.5,2025-12-10T03:23:30+00:00,W8552,wagon,collection2,,collection2|Mainline|retrofit
13167.5,2025-12-10T03:27:30+00:00,LOCO_02,locomotive,collection1,track_19,
13223.5,2025-12-10T04:23:30+00:00,W8552,wagon,retrofit,,
13226.5,2025-12-10T04:26:30+00:00,LOCO_01,locomotive,track_19,retrofit,
13231.5,2025-12-10T04:31:30+00:00,LOCO_01,locomotive,WS_02,track_19,
13232.5,2025-12-10T04:32:30+00:00,LOCO_02,locomotive,retrofit,collection1,
13232.5,2025-12-10T04:32:30+00:00,W0698,wagon,collection1,,collection1|Mainline|retrofit
13232.5,2025-12-10T04:32:30+00:00,W10150,wagon,collection1,,collection1|Mainline|retrofit
13238.5,2025-12-10T04:38:30+00:00,LOCO_01,locomotive,retrofitted,WS_02,
13238.5,2025-12-10T04:38:30+00:00,W4802,wagon,WS_02,,WS_02|retrofitted
13238.5,2025-12-10T04:38:30+00:00,W4457,wagon,WS_02,,WS_02|retrofitted
13243.5,2025-12-10T04:43:30+00:00,W4802,wagon,retrofitted,,
13243.5,2025-12-10T04:43:30+00:00,W4457,wagon,retrofitted,,
13243.5,2025-12-10T04:43:30+00:00,LOCO_01,locomotive,track_19,retrofitted,
13248.5,2025-12-10T04:48:30+00:00,LOCO_01,locomotive,WS_01,track_19,
13255.5,2025-12-10T04:55:30+00:00,LOCO_01,locomotive,retrofitted,WS_01,
13255.5,2025-12-10T04:55:30+00:00,W2736,wagon,WS_01,,WS_01|retrofitted
13255.5,2025-12-10T04:55:30+00:00,W5821,wagon,WS_01,,WS_01|retrofitted
13260.5,2025-12-10T05:00:30+00:00,W2736,wagon,retrofitted,,
13260.5,2025-12-10T05:00:30+00:00,W5821,wagon,retrofitted,,
13260.5,2025-12-10T05:00:30+00:00,LOCO_01,locomotive,track_19,retrofitted,
13267.5,2025-12-10T05:07:30+00:00,LOCO_01,locomotive,retrofit,track_19,
13275.5,2025-12-10T05:15:30+00:00,LOCO_01,locomotive,WS_02,retrofit,
13275.5,2025-12-10T05:15:30+00:00,W12186,wagon,retrofit,,retrofit|WS_02
13275.5,2025-12-10T05:15:30+00:00,W10873,wagon,retrofit,,retrofit|WS_02
13280.5,2025-12-10T05:20:30+00:00,W12186,wagon,WS_02,,
13280.5,2025-12-10T05:20:30+00:00,W10873,wagon,WS_02,,
13286.5,2025-12-10T05:26:30+00:00,W12186,wagon,WS_02,,
13286.5,2025-12-10T05:26:30+00:00,W10873,wagon,WS_02,,
13286.5,2025-12-10T05:26:30+00:00,LOCO_01,locomotive,track_19,WS_02,
13291.5,2025-12-10T05:31:30+00:00,LOCO_01,locomotive,collection2,track_19,
13292.5,2025-12-10T05:32:30+00:00,W0698,wagon,retrofit,,
13292.5,2025-12-10T05:32:30+00:00,W10150,wagon,retrofit,,
13298.75,2025-12-10T05:38:45+00:00,W1143,wagon,collection2,,
13301.5,2025-12-10T05:41:30+00:00,LOCO_02,locomotive,track_19,retrofit,
13308.5,2025-12-10T05:48:30+00:00,LOCO_02,locomotive,retrofit,track_19,
13314.5,2025-12-10T05:54:30+00:00,W3113,wagon,collection1,,
13314.5,2025-12-10T05:54:30+00:00,W3106,wagon,collection1,,
13314.5,2025-12-10T05:54:30+00:00,W3134,wagon,collection1,,
13316.5,2025-12-10T05:56:30+00:00,LOCO_02,locomotive,WS_01,retrofit,
13316.5,2025-12-10T05:56:30+00:00,W5380,wagon,retrofit,,retrofit|WS_01
13316.5,2025-12-10T05:56:30+00:00,W5280,wagon,retrofit,,retrofit|WS_01
13321.5,2025-12-10T06:01:30+00:00,W5380,wagon,WS_01,,
13321.5,2025-12-10T06:01:30+00:00,W5280,wagon,WS_01,,
13327.5,2025-12-10T06:07:30+00:00,W5380,wagon,WS_01,,
13327.5,2025-12-10T06:07:30+00:00,W5280,wagon,WS_01,,
13327.5,2025-12-10T06:07:30+00:00,LOCO_02,locomotive,track_19,WS_01,
13332.5,2025-12-10T06:12:30+00:00,LOCO_02,locomotive,retrofitted,track_19,
13340.5,2025-12-10T06:20:30+00:00,LOCO_02,locomotive,parking6,retrofitted,
13349.0,2025-12-10T06:29:00+00:00,W10303,wagon,parking6,,
13349.0,2025-12-10T06:29:00+00:00,W0367,wagon,parking6,,
13349.0,2025-12-10T06:29:00+00:00,W2846,wagon,parking6,,
13349.0,2025-12-10T06:29:00+00:00,W5760,wagon,parking6,,
13349.0,2025-12-10T06:29:00+00:00,LOCO_02,locomotive,track_19,parking6,
13354.0,2025-12-10T06:34:00+00:00,LOCO_02,locomotive,collection1,track_19,
13354.5,2025-12-10T06:34:30+00:00,LOCO_01,locomotive,retrofit,collection2,
13354.5,2025-12-10T06:34:30+00:00,W0841,wagon,collection2,,collection2|Mainline|retrofit
13414.5,2025-12-10T07:34:30+00:00,W0841,wagon,retrofit,,
13417.5,2025-12-10T07:37:30+00:00,LOCO_01,locomotive,track_19,retrofit,
13422.5,2025-12-10T07:42:30+00:00,LOCO_01,locomotive,WS_02,track_19,
13423.0,2025-12-10T07:43:00+00:00,LOCO_02,locomotive,retrofit,collection1,
13423.0,2025-12-10T07:43:00+00:00,W0839,wagon,collection1,,collection1|Mainline|retrofit
13423.0,2025-12-10T07:43:00+00:00,W2324,wagon,collection1,,collection1|Mainline|retrofit
13423.0,2025-12-10T07:43:00+00:00,W5992,wagon,collection1,,collection1|Mainline|retrofit
13423.0,2025-12-10T07:43:00+00:00,W9943,wagon,collection1,,collection1|Mainline|retrofit
13429.5,2025-12-10T07:49:30+00:00,LOCO_01,locomotive,retrofitted,WS_02,
13429.5,2025-12-10T07:49:30+00:00,W12186,wagon,WS_02,,WS_02|retrofitted
13429.5,2025-12-10T07:49:30+00:00,W10873,wagon,WS_02,,WS_02|retrofitted
13434.5,2025-12-10T07:54:30+00:00,W12186,wagon,retrofitted,,
13434.5,2025-12-10T07:54:30+00:00,W10873,wagon,retrofitted,,
13434.5,2025-12-10T07:54:30+00:00,LOCO_01,locomotive,track_19,retrofitted,
13439.5,2025-12-10T07:59:30+00:00,LOCO_01,locomotive,WS_01,track_19,
13446.5,2025-12-10T08:06:30+00:00,LOCO_01,locomotive,retrofitted,WS_01,
13446.5,2025-12-10T08:06:30+00:00,W5380,wagon,WS_01,,WS_01|retrofitted
13446.5,2025-12-10T08:06:30+00:00,W5280,wagon,WS_01,,WS_01|retrofitted
13451.5,2025-12-10T08:11:30+00:00,W5380,wagon,retrofitted,,
13451.5,2025-12-10T08:11:30+00:00,W5280,wagon,retrofitted,,
13451.5,2025-12-10T08:11:30+00:00,LOCO_01,locomotive,track_19,retrofitted,
13458.5,2025-12-10T08:18:30+00:00,LOCO_01,locomotive,retrofit,track_19,
13466.5,2025-12-10T08:26:30+00:00,LOCO_01,locomotive,WS_02,retrofit,
13466.5,2025-12-10T08:26:30+00:00,W2910,wagon,retrofit,,retrofit|WS_02
13466.5,2025-12-10T08:26:30+00:00,W1120,wagon,retrofit,,retrofit|WS_02
13471.5,2025-12-10T08:31:30+00:00,W2910,wagon,WS_02,,
13471.5,2025-12-10T08:31:30+00:00,W1120,wagon,WS_02,,
13477.5,2025-12-10T08:37:30+00:00,W2910,wagon,WS_02,,
13477.5,2025-12-10T08:37:30+00:00,W1120,wagon,WS_02,,
13477.5,2025-12-10T08:37:30+00:00,LOCO_01,locomotive,track_19,WS_02,
13482.5,2025-12-10T08:42:30+00:00,LOCO_01,locomotive,collection2,track_19,
13483.0,2025-12-10T08:43:00+00:00,W0839,wagon,retrofit,,
13483.0,2025-12-10T08:43:00+00:00,W2324,wagon,retrofit,,
13483.0,2025-12-10T08:43:00+00:00,W5992,wagon,retrofit,,
13483.0,2025-12-10T08:43:00+00:00,W9943,wagon,retrofit,,
13487.5,2025-12-10T08:47:30+00:00,W6207,wagon,collection2,,
13504.0,2025-12-10T09:04:00+00:00,LOCO_02,locomotive,track_19,retrofit,
13511.0,2025-12-10T09:11:00+00:00,LOCO_02,locomotive,retrofit,track_19,
13519.0,2025-12-10T09:19:00+00:00,LOCO_02,locomotive,WS_01,retrofit,
13519.0,2025-12-10T09:19:00+00:00,W9143,wagon,retrofit,,retrofit|WS_01
13519.0,2025-12-10T09:19:00+00:00,W10883,wagon,retrofit,,retrofit|WS_01
13524.0,2025-12-10T09:24:00+00:00,W9143,wagon,WS_01,,
13524.0,2025-12-10T09:24:00+00:00,W10883,wagon,WS_01,,
13530.0,2025-12-10T09:30:00+00:00,W9143,wagon,WS_01,,
13530.0,2025-12-10T09:30:00+00:00,W10883,wagon,WS_01,,
13530.0,2025-12-10T09:30:00+00:00,LOCO_02,locomotive,track_19,WS_01,
13535.0,2025-12-10T09:35:00+00:00,LOCO_02,locomotive,retrofitted,track_19,
13543.0,2025-12-10T09:43:00+00:00,LOCO_02,locomotive,parking10,retrofitted,
13545.5,2025-12-10T09:45:30+00:00,LOCO_01,locomotive,retrofit,collection2,
13545.5,2025-12-10T09:45:30+00:00,W5173,wagon,collection2,,collection2|Mainline|retrofit
13605.5,2025-12-10T10:45:30+00:00,W5173,wagon,retrofit,,
13606.5,2025-12-10T10:46:30+00:00,W4802,wagon,parking10,,
13606.5,2025-12-10T10:46:30+00:00,W4457,wagon,parking10,,
13606.5,2025-12-10T10:46:30+00:00,W2736,wagon,parking10,,
13606.5,2025-12-10T10:46:30+00:00,W5821,wagon,parking10,,
13606.5,2025-12-10T10:46:30+00:00,LOCO_02,locomotive,track_19,parking10,
13608.5,2025-12-10T10:48:30+00:00,LOCO_01,locomotive,track_19,retrofit,
13613.5,2025-12-10T10:53:30+00:00,LOCO_01,locomotive,collection1,track_19,
13633.25,2025-12-10T11:13:15+00:00,W10319,wagon,collection1,,
13633.25,2025-12-10T11:13:15+00:00,W10278,wagon,collection1,,
13647.25,2025-12-10T11:27:15+00:00,W5458,wagon,collection2,,
13666.5,2025-12-10T11:46:30+00:00,LOCO_02,locomotive,WS_02,track_19,
13673.5,2025-12-10T11:53:30+00:00,LOCO_02,locomotive,retrofitted,WS_02,
13673.5,2025-12-10T11:53:30+00:00,W2910,wagon,WS_02,,WS_02|retrofitted
13673.5,2025-12-10T11:53:30+00:00,W1120,wagon,WS_02,,WS_02|retrofitted
13678.5,2025-12-10T11:58:30+00:00,LOCO_01,locomotive,retrofit,collection1,
13678.5,2025-12-10T11:58:30+00:00,W12383,wagon,collection1,,collection1|Mainline|retrofit
13678.5,2025-12-10T11:58:30+00:00,W9843,wagon,collection1,,collection1|Mainline|retrofit
13678.5,2025-12-10T11:58:30+00:00,W2910,wagon,retrofitted,,
13678.5,2025-12-10T11:58:30+00:00,W1120,wagon,retrofitted,,
13678.5,2025-12-10T11:58:30+00:00,LOCO_02,locomotive,track_19,retrofitted,
13683.5,2025-12-10T12:03:30+00:00,LOCO_02,locomotive,WS_01,track_19,
13690.5,2025-12-10T12:10:30+00:00,LOCO_02,locomotive,retrofitted,WS_01,
13690.5,2025-12-10T12:10:30+00:00,W9143,wagon,WS_01,,WS_01|retrofitted
13690.5,2025-12-10T12:10:30+00:00,W10883,wagon,WS_01,,WS_01|retrofitted
13695.5,2025-12-10T12:15:30+00:00,W9143,wagon,retrofitted,,
13695.5,2025-12-10T12:15:30+00:00,W10883,wagon,retrofitted,,
13695.5,2025-12-10T12:15:30+00:00,LOCO_02,locomotive,track_19,retrofitted,
13702.5,2025-12-10T12:22:30+00:00,LOCO_02,locomotive,retrofit,track_19,
13710.5,2025-12-10T12:30:30+00:00,LOCO_02,locomotive,WS_02,retrofit,
13710.5,2025-12-10T12:30:30+00:00,W10896,wagon,retrofit,,retrofit|WS_02
13710.5,2025-12-10T12:30:30+00:00,W5395,wagon,retrofit,,retrofit|WS_02
13715.5,2025-12-10T12:35:30+00:00,W10896,wagon,WS_02,,
13715.5,2025-12-10T12:35:30+00:00,W5395,wagon,WS_02,,
13721.5,2025-12-10T12:41:30+00:00,W10896,wagon,WS_02,,
13721.5,2025-12-10T12:41:30+00:00,W5395,wagon,WS_02,,
13721.5,2025-12-10T12:41:30+00:00,LOCO_02,locomotive,track_19,WS_02,
13726.5,2025-12-10T12:46:30+00:00,LOCO_02,locomotive,collection2,track_19,
13738.5,2025-12-10T12:58:30+00:00,W12383,wagon,retrofit,,
13738.5,2025-12-10T12:58:30+00:00,W9843,wagon,retrofit,,
13747.5,2025-12-10T13:07:30+00:00,LOCO_01,locomotive,track_19,retrofit,
13754.5,2025-12-10T13:14:30+00:00,LOCO_01,locomotive,retrofit,track_19,
13762.5,2025-12-10T13:22:30+00:00,LOCO_01,locomotive,WS_01,retrofit,
13762.5,2025-12-10T13:22:30+00:00,W0681,wagon,retrofit,,retrofit|WS_01
13762.5,2025-12-10T13:22:30+00:00,W6421,wagon,retrofit,,retrofit|WS_01
13767.5,2025-12-10T13:27:30+00:00,W0681,wagon,WS_01,,
13767.5,2025-12-10T13:27:30+00:00,W6421,wagon,WS_01,,
13773.5,2025-12-10T13:33:30+00:00,W0681,wagon,WS_01,,
13773.5,2025-12-10T13:33:30+00:00,W6421,wagon,WS_01,,
13773.5,2025-12-10T13:33:30+00:00,LOCO_01,locomotive,track_19,WS_01,
13778.5,2025-12-10T13:38:30+00:00,LOCO_01,locomotive,retrofitted,track_19,
13786.5,2025-12-10T13:46:30+00:00,LOCO_01,locomotive,parking3,retrofitted,
13789.5,2025-12-10T13:49:30+00:00,LOCO_02,locomotive,retrofit,collection2,
13789.5,2025-12-10T13:49:30+00:00,W4099,wagon,collection2,,collection2|Mainline|retrofit
13795.0,2025-12-10T13:55:00+00:00,W12186,wagon,parking3,,
13795.0,2025-12-10T13:55:00+00:00,W10873,wagon,parking3,,
13795.0,2025-12-10T13:55:00+00:00,W5380,wagon,parking3,,
13795.0,2025-12-10T13:55:00+00:00,W5280,wagon,parking3,,
13795.0,2025-12-10T13:55:00+00:00,LOCO_01,locomotive,track_19,parking3,
13800.0,2025-12-10T14:00:00+00:00,LOCO_01,locomotive,collection1,track_19,
13849.5,2025-12-10T14:49:30+00:00,W4099,wagon,retrofit,,
13852.5,2025-12-10T14:52:30+00:00,LOCO_02,locomotive,track_19,retrofit,
13857.5,2025-12-10T14:57:30+00:00,LOCO_02,locomotive,WS_02,track_19,
13864.5,2025-12-10T15:04:30+00:00,LOCO_02,locomotive,retrofitted,WS_02,
13864.5,2025-12-10T15:04:30+00:00,W10896,wagon,WS_02,,WS_02|retrofitted
13864.5,2025-12-10T15:04:30+00:00,W5395,wagon,WS_02,,WS_02|retrofitted
13867.0,2025-12-10T15:07:00+00:00,LOCO_01,locomotive,retrofit,collection1,
13867.0,2025-12-10T15:07:00+00:00,W4473,wagon,collection1,,collection1|Mainline|retrofit
13867.0,2025-12-10T15:07:00+00:00,W6848,wagon,collection1,,collection1|Mainline|retrofit
13867.0,2025-12-10T15:07:00+00:00,W11356,wagon,collection1,,collection1|Mainline|retrofit
13869.5,2025-12-10T15:09:30+00:00,W10896,wagon,retrofitted,,
13869.5,2025-12-10T15:09:30+00:00,W5395,wagon,retrofitted,,
13869.5,2025-12-10T15:09:30+00:00,LOCO_02,locomotive,track_19,retrofitted,
13874.5,2025-12-10T15:14:30+00:00,LOCO_02,locomotive,WS_01,track_19,
13881.5,2025-12-10T15:21:30+00:00,LOCO_02,locomotive,retrofitted,WS_01,
13881.5,2025-12-10T15:21:30+00:00,W0681,wagon,WS_01,,WS_01|retrofitted
13881.5,2025-12-10T15:21:30+00:00,W6421,wagon,WS_01,,WS_01|retrofitted
13886.5,2025-12-10T15:26:30+00:00,W0681,wagon,retrofitted,,
13886.5,2025-12-10T15:26:30+00:00,W6421,wagon,retrofitted,,
13886.5,2025-12-10T15:26:30+00:00,LOCO_02,locomotive,track_19,retrofitted,
13891.5,2025-12-10T15:31:30+00:00,LOCO_02,locomotive,collection2,track_19,
13927.0,2025-12-10T16:07:00+00:00,W4473,wagon,retrofit,,
13927.0,2025-12-10T16:07:00+00:00,W6848,wagon,retrofit,,
13927.0,2025-12-10T16:07:00+00:00,W11356,wagon,retrofit,,
13942.0,2025-12-10T16:22:00+00:00,LOCO_01,locomotive,track_19,retrofit,
13949.0,2025-12-10T16:29:00+00:00,LOCO_01,locomotive,retrofit,track_19,
13954.5,2025-12-10T16:34:30+00:00,LOCO_02,locomotive,retrofit,collection2,
13954.5,2025-12-10T16:34:30+00:00,W5987,wagon,collection2,,collection2|Mainline|retrofit
13957.0,2025-12-10T16:37:00+00:00,LOCO_01,locomotive,WS_02,retrofit,
13957.0,2025-12-10T16:37:00+00:00,W2165,wagon,retrofit,,retrofit|WS_02
13957.0,2025-12-10T16:37:00+00:00,W12116,wagon,retrofit,,retrofit|WS_02
13962.0,2025-12-10T16:42:00+00:00,W2165,wagon,WS_02,,
13962.0,2025-12-10T16:42:00+00:00,W12116,wagon,WS_02,,
13968.0,2025-12-10T16:48:00+00:00,W2165,wagon,WS_02,,
13968.0,2025-12-10T16:48:00+00:00,W12116,wagon,WS_02,,
13968.0,2025-12-10T16:48:00+00:00,LOCO_01,locomotive,track_19,WS_02,
13973.0,2025-12-10T16:53:00+00:00,LOCO_01,locomotive,collection1,track_19,
14014.5,2025-12-10T17:34:30+00:00,W5987,wagon,retrofit,,
14017.5,2025-12-10T17:37:30+00:00,LOCO_02,locomotive,track_19,retrofit,
14024.5,2025-12-10T17:44:30+00:00,LOCO_02,locomotive,retrofit,track_19,
14032.5,2025-12-10T17:52:30+00:00,LOCO_02,locomotive,WS_01,retrofit,
14032.5,2025-12-10T17:52:30+00:00,W8552,wagon,retrofit,,retrofit|WS_01
14032.5,2025-12-10T17:52:30+00:00,W0698,wagon,retrofit,,retrofit|WS_01
14037.5,2025-12-10T17:57:30+00:00,W8552,wagon,WS_01,,
14037.5,2025-12-10T17:57:30+00:00,W0698,wagon,WS_01,,
14038.0,2025-12-10T17:58:00+00:00,LOCO_01,locomotive,retrofit,collection1,
14038.0,2025-12-10T17:58:00+00:00,W4223,wagon,collection1,,collection1|Mainline|retrofit
14038.0,2025-12-10T17:58:00+00:00,W7791,wagon,collection1,,collection1|Mainline|retrofit
14043.5,2025-12-10T18:03:30+00:00,W8552,wagon,WS_01,,
14043.5,2025-12-10T18:03:30+00:00,W0698,wagon,WS_01,,
14043.5,2025-12-10T18:03:30+00:00,LOCO_02,locomotive,track_19,WS_01,
14048.5,2025-12-10T18:08:30+00:00,LOCO_02,locomotive,WS_02,track_19,
14055.5,2025-12-10T18:15:30+00:00,LOCO_02,locomotive,retrofitted,WS_02,
14055.5,2025-12-10T18:15:30+00:00,W2165,wagon,WS_02,,WS_02|retrofitted
14055.5,2025-12-10T18:15:30+00:00,W12116,wagon,WS_02,,WS_02|retrofitted
14060.5,2025-12-10T18:20:30+00:00,W2165,wagon,retrofitted,,
14060.5,2025-12-10T18:20:30+00:00,W12116,wagon,retrofitted,,
14060.5,2025-12-10T18:20:30+00:00,LOCO_02,locomotive,track_19,retrofitted,
14065.5,2025-12-10T18:25:30+00:00,LOCO_02,locomotive,retrofitted,track_19,
14073.5,2025-12-10T18:33:30+00:00,LOCO_02,locomotive,parking12,retrofitted,
14097.75,2025-12-10T18:57:45+00:00,W9710,wagon,collection1,,
14097.75,2025-12-10T18:57:45+00:00,W11593,wagon,collection1,,
14097.75,2025-12-10T18:57:45+00:00,W11019,wagon,collection1,,
14097.75,2025-12-10T18:57:45+00:00,W3315,wagon,collection1,,
14097.75,2025-12-10T18:57:45+00:00,W9194,wagon,collection1,,
14097.75,2025-12-10T18:57:45+00:00,W6843,wagon,collection2,,
14098.0,2025-12-10T18:58:00+00:00,W4223,wagon,retrofit,,
14098.0,2025-12-10T18:58:00+00:00,W7791,wagon,retrofit,,
14107.0,2025-12-10T19:07:00+00:00,LOCO_01,locomotive,track_19,retrofit,
14112.0,2025-12-10T19:12:00+00:00,LOCO_01,locomotive,collection2,track_19,
14137.0,2025-12-10T19:37:00+00:00,W2910,wagon,parking12,,
14137.0,2025-12-10T19:37:00+00:00,W1120,wagon,parking12,,
14137.0,2025-12-10T19:37:00+00:00,W9143,wagon,parking12,,
14137.0,2025-12-10T19:37:00+00:00,W10883,wagon,parking12,,
14137.0,2025-12-10T19:37:00+00:00,LOCO_02,locomotive,track_19,parking12,
14179.0,2025-12-10T20:19:00+00:00,LOCO_01,locomotive,retrofit,collection2,
14179.0,2025-12-10T20:19:00+00:00,W9430,wagon,collection2,,collection2|Mainline|retrofit
14179.0,2025-12-10T20:19:00+00:00,W9727,wagon,collection2,,collection2|Mainline|retrofit
14179.0,2025-12-10T20:19:00+00:00,W9046,wagon,collection2,,collection2|Mainline|retrofit
14199.0,2025-12-10T20:39:00+00:00,LOCO_02,locomotive,retrofit,track_19,
14205.25,2025-12-10T20:45:15+00:00,W10955,wagon,collection1,,
14205.25,2025-12-10T20:45:15+00:00,W2204,wagon,collection1,,
14205.25,2025-12-10T20:45:15+00:00,W2742,wagon,collection2,,
14205.25,2025-12-10T20:45:15+00:00,W10614,wagon,collection2,,
14207.0,2025-12-10T20:47:00+00:00,LOCO_02,locomotive,WS_02,retrofit,
14207.0,2025-12-10T20:47:00+00:00,W10150,wagon,retrofit,,retrofit|WS_02
14207.0,2025-12-10T20:47:00+00:00,W0841,wagon,retrofit,,retrofit|WS_02
14212.0,2025-12-10T20:52:00+00:00,W10150,wagon,WS_02,,
14212.0,2025-12-10T20:52:00+00:00,W0841,wagon,WS_02,,
14218.0,2025-12-10T20:58:00+00:00,W10150,wagon,WS_02,,
14218.0,2025-12-10T20:58:00+00:00,W0841,wagon,WS_02,,
14218.0,2025-12-10T20:58:00+00:00,LOCO_02,locomotive,track_19,WS_02,
14223.0,2025-12-10T21:03:00+00:00,LOCO_02,locomotive,collection1,track_19,
14239.0,2025-12-10T21:19:00+00:00,W9430,wagon,retrofit,,
14239.0,2025-12-10T21:19:00+00:00,W9727,wagon,retrofit,,
14239.0,2025-12-10T21:19:00+00:00,W9046,wagon,retrofit,,
14254.0,2025-12-10T21:34:00+00:00,LOCO_01,locomotive,track_19,retrofit,
14259.0,2025-12-10T21:39:00+00:00,LOCO_01,locomotive,WS_01,track_19,
14266.0,2025-12-10T21:46:00+00:00,LOCO_01,locomotive,retrofitted,WS_01,
14266.0,2025-12-10T21:46:00+00:00,W8552,wagon,WS_01,,WS_01|retrofitted
14266.0,2025-12-10T21:46:00+00:00,W0698,wagon,WS_01,,WS_01|retrofitted
14271.0,2025-12-10T21:51:00+00:00,W8552,wagon,retrofitted,,
14271.0,2025-12-10T21:51:00+00:00,W0698,wagon,retrofitted,,
14271.0,2025-12-10T21:51:00+00:00,LOCO_01,locomotive,track_19,retrofitted,
14276.0,2025-12-10T21:56:00+00:00,LOCO_01,locomotive,retrofitted,track_19,
14285.0,2025-12-10T22:05:00+00:00,LOCO_01,locomotive,parking1,retrofitted,
14286.0,2025-12-10T22:06:00+00:00,LOCO_02,locomotive,retrofit,collection1,
14286.0,2025-12-10T22:06:00+00:00,W0023,wagon,collection1,,collection1|Mainline|retrofit
14295.5,2025-12-10T22:15:30+00:00,W10896,wagon,parking1,,
14295.5,2025-12-10T22:15:30+00:00,W5395,wagon,parking1,,
14295.5,2025-12-10T22:15:30+00:00,W0681,wagon,parking1,,
14295.5,2025-12-10T22:15:30+00:00,W6421,wagon,parking1,,
14295.5,2025-12-10T22:15:30+00:00,W2165,wagon,parking1,,
14295.5,2025-12-10T22:15:30+00:00,W12116,wagon,parking1,,
14295.5,2025-12-10T22:15:30+00:00,LOCO_01,locomotive,track_19,parking1,
14302.5,2025-12-10T22:22:30+00:00,LOCO_01,locomotive,retrofit,track_19,
14310.5,2025-12-10T22:30:30+00:00,LOCO_01,locomotive,WS_01,retrofit,
14310.5,2025-12-10T22:30:30+00:00,W0839,wagon,retrofit,,retrofit|WS_01
14310.5,2025-12-10T22:30:30+00:00,W2324,wagon,retrofit,,retrofit|WS_01
14315.5,2025-12-10T22:35:30+00:00,W0839,wagon,WS_01,,
14315.5,2025-12-10T22:35:30+00:00,W2324,wagon,WS_01,,
14321.5,2025-12-10T22:41:30+00:00,W0839,wagon,WS_01,,
14321.5,2025-12-10T22:41:30+00:00,W2324,wagon,WS_01,,
14321.5,2025-12-10T22:41:30+00:00,LOCO_01,locomotive,track_19,WS_01,
14326.5,2025-12-10T22:46:30+00:00,LOCO_01,locomotive,collection2,track_19,
14346.0,2025-12-10T23:06:00+00:00,W0023,wagon,retrofit,,
14349.0,2025-12-10T23:09:00+00:00,LOCO_02,locomotive,track_19,retrofit,
14354.0,2025-12-10T23:14:00+00:00,LOCO_02,locomotive,WS_02,track_19,
14361.0,2025-12-10T23:21:00+00:00,LOCO_02,locomotive,retrofitted,WS_02,
14361.0,2025-12-10T23:21:00+00:00,W10150,wagon,WS_02,,WS_02|retrofitted
14361.0,2025-12-10T23:21:00+00:00,W0841,wagon,WS_02,,WS_02|retrofitted
14366.0,2025-12-10T23:26:00+00:00,W10150,wagon,retrofitted,,
14366.0,2025-12-10T23:26:00+00:00,W0841,wagon,retrofitted,,
14366.0,2025-12-10T23:26:00+00:00,LOCO_02,locomotive,track_19,retrofitted,
14371.0,2025-12-10T23:31:00+00:00,LOCO_02,locomotive,retrofitted,track_19,
14378.0,2025-12-10T23:38:00+00:00,LOCO_02,locomotive,parking9,retrofitted,
14384.5,2025-12-10T23:44:30+00:00,W8552,wagon,parking9,,
14384.5,2025-12-10T23:44:30+00:00,W0698,wagon,parking9,,
14384.5,2025-12-10T23:44:30+00:00,LOCO_02,locomotive,track_19,parking9,
14389.5,2025-12-10T23:49:30+00:00,LOCO_01,locomotive,retrofit,collection2,
14389.5,2025-12-10T23:49:30+00:00,W2217,wagon,collection2,,collection2|Mainline|retrofit
14391.5,2025-12-10T23:51:30+00:00,LOCO_02,locomotive,retrofit,track_19,
14399.5,2025-12-10T23:59:30+00:00,LOCO_02,locomotive,WS_02,retrofit,
14399.5,2025-12-10T23:59:30+00:00,W5992,wagon,retrofit,,retrofit|WS_02
14399.5,2025-12-10T23:59:30+00:00,W9943,wagon,retrofit,,retrofit|WS_02
