timestamp,datetime,resource_id,resource_type,state,train_id,batch_id,rejection_reason
360.0,2025-12-01T06:00:00+00:00,W11188,wagon,arrived,T1,,
360.0,2025-12-01T06:00:00+00:00,W10437,wagon,arrived,T1,,
360.0,2025-12-01T06:00:00+00:00,LOCO_01,locomotive,moving,,,
420.0,2025-12-01T07:00:00+00:00,LOCO_01,locomotive,assigned,,,
425.0,2025-12-01T07:05:00+00:00,LOCO_01,locomotive,moving,,,
425.0,2025-12-01T07:05:00+00:00,W11188,wagon,moving,,,
425.0,2025-12-01T07:05:00+00:00,W10437,wagon,moving,,,
442.25,2025-12-01T07:22:15+00:00,W12394,wagon,arrived,T2,,
442.25,2025-12-01T07:22:15+00:00,W9278,wagon,arrived,T2,,
485.0,2025-12-01T08:05:00+00:00,W11188,wagon,queued,,,
485.0,2025-12-01T08:05:00+00:00,W10437,wagon,queued,,,
487.0,2025-12-01T08:07:00+00:00,LOCO_02,locomotive,moving,,,
494.0,2025-12-01T08:14:00+00:00,LOCO_01,locomotive,moving,,,
495.0,2025-12-01T08:15:00+00:00,LOCO_02,locomotive,moving,,,
495.0,2025-12-01T08:15:00+00:00,W11188,wagon,moving,,,
495.0,2025-12-01T08:15:00+00:00,W10437,wagon,moving,,,
499.0,2025-12-01T08:19:00+00:00,LOCO_01,locomotive,moving,,,
500.0,2025-12-01T08:20:00+00:00,W11188,wagon,in_workshop,,,
500.0,2025-12-01T08:20:00+00:00,W10437,wagon,in_workshop,,,
502.5,2025-12-01T08:22:30+00:00,W3926,wagon,arrived,T3,,
502.5,2025-12-01T08:22:30+00:00,W5834,wagon,arrived,T3,,
506.0,2025-12-01T08:26:00+00:00,W11188,wagon,in_workshop,,,
506.0,2025-12-01T08:26:00+00:00,W10437,wagon,in_workshop,,,
506.0,2025-12-01T08:26:00+00:00,LOCO_02,locomotive,moving,,,
541.5,2025-12-01T09:01:30+00:00,W9460,wagon,arrived,T4,,
541.5,2025-12-01T09:01:30+00:00,W9445,wagon,arrived,T4,,
559.0,2025-12-01T09:19:00+00:00,LOCO_01,locomotive,assigned,,,
564.0,2025-12-01T09:24:00+00:00,LOCO_01,locomotive,moving,,,
564.0,2025-12-01T09:24:00+00:00,W12394,wagon,moving,,,
564.0,2025-12-01T09:24:00+00:00,W9278,wagon,moving,,,
566.0,2025-12-01T09:26:00+00:00,W11188,wagon,retrofitted,,,
566.0,2025-12-01T09:26:00+00:00,W10437,wagon,retrofitted,,,
566.5,2025-12-01T09:26:30+00:00,LOCO_02,locomotive,moving,,,
573.5,2025-12-01T09:33:30+00:00,LOCO_02,locomotive,moving,,,
573.5,2025-12-01T09:33:30+00:00,W11188,wagon,moving,,,
573.5,2025-12-01T09:33:30+00:00,W10437,wagon,moving,,,
578.5,2025-12-01T09:38:30+00:00,LOCO_02,locomotive,moving,,,
583.5,2025-12-01T09:43:30+00:00,LOCO_02,locomotive,assigned,,,
583.5,2025-12-01T09:43:30+00:00,LOCO_02,locomotive,moving,,,
590.5,2025-12-01T09:50:30+00:00,LOCO_02,locomotive,moving,,,
624.0,2025-12-01T10:24:00+00:00,W12394,wagon,queued,,,
624.0,2025-12-01T10:24:00+00:00,W9278,wagon,queued,,,
633.0,2025-12-01T10:33:00+00:00,LOCO_01,locomotive,moving,,,
640.0,2025-12-01T10:40:00+00:00,LOCO_01,locomotive,moving,,,
648.0,2025-12-01T10:48:00+00:00,LOCO_01,locomotive,moving,,,
648.0,2025-12-01T10:48:00+00:00,W12394,wagon,moving,,,
648.0,2025-12-01T10:48:00+00:00,W9278,wagon,moving,,,
653.0,2025-12-01T10:53:00+00:00,W12394,wagon,in_workshop,,,
653.0,2025-12-01T10:53:00+00:00,W9278,wagon,in_workshop,,,
659.0,2025-12-01T10:59:00+00:00,W12394,wagon,in_workshop,,,
659.0,2025-12-01T10:59:00+00:00,W9278,wagon,in_workshop,,,
659.0,2025-12-01T10:59:00+00:00,LOCO_01,locomotive,moving,,,
664.0,2025-12-01T11:04:00+00:00,LOCO_01,locomotive,moving,,,
672.75,2025-12-01T11:12:45+00:00,W10704,wagon,arrived,T5,,
672.75,2025-12-01T11:12:45+00:00,W3675,wagon,arrived,T5,,
712.0,2025-12-01T11:52:00+00:00,W11188,wagon,parked,,,
712.0,2025-12-01T11:52:00+00:00,W10437,wagon,parked,,,
712.0,2025-12-01T11:52:00+00:00,LOCO_02,locomotive,moving,,,
715.0,2025-12-01T11:55:00+00:00,W7132,wagon,arrived,T6,,
715.0,2025-12-01T11:55:00+00:00,W8934,wagon,arrived,T6,,
715.0,2025-12-01T11:55:00+00:00,W6253,wagon,arrived,T6,,
715.0,2025-12-01T11:55:00+00:00,W7747,wagon,arrived,T6,,
715.0,2025-12-01T11:55:00+00:00,W10546,wagon,arrived,T6,,
715.0,2025-12-01T11:55:00+00:00,W7222,wagon,arrived,T6,,
719.0,2025-12-01T11:59:00+00:00,W12394,wagon,retrofitted,,,
719.0,2025-12-01T11:59:00+00:00,W9278,wagon,retrofitted,,,
724.0,2025-12-01T12:04:00+00:00,LOCO_01,locomotive,assigned,,,
724.5,2025-12-01T12:04:30+00:00,W0689,wagon,arrived,T7,,
725.0,2025-12-01T12:05:00+00:00,W11268,wagon,arrived,T8,,
725.0,2025-12-01T12:05:00+00:00,W11509,wagon,arrived,T8,,
725.0,2025-12-01T12:05:00+00:00,W6557,wagon,arrived,T8,,
733.0,2025-12-01T12:13:00+00:00,LOCO_01,locomotive,moving,,,
733.0,2025-12-01T12:13:00+00:00,W3926,wagon,moving,,,
733.0,2025-12-01T12:13:00+00:00,W5834,wagon,moving,,,
733.0,2025-12-01T12:13:00+00:00,W9460,wagon,moving,,,
733.0,2025-12-01T12:13:00+00:00,W9445,wagon,moving,,,
753.25,2025-12-01T12:33:15+00:00,W10356,wagon,arrived,T9,,
772.0,2025-12-01T12:52:00+00:00,LOCO_02,locomotive,moving,,,
779.0,2025-12-01T12:59:00+00:00,LOCO_02,locomotive,moving,,,
779.0,2025-12-01T12:59:00+00:00,W12394,wagon,moving,,,
779.0,2025-12-01T12:59:00+00:00,W9278,wagon,moving,,,
784.0,2025-12-01T13:04:00+00:00,LOCO_02,locomotive,moving,,,
785.5,2025-12-01T13:05:30+00:00,W6006,wagon,arrived,T10,,
785.5,2025-12-01T13:05:30+00:00,W4440,wagon,arrived,T10,,
785.5,2025-12-01T13:05:30+00:00,W10383,wagon,arrived,T10,,
793.0,2025-12-01T13:13:00+00:00,W3926,wagon,queued,,,
793.0,2025-12-01T13:13:00+00:00,W5834,wagon,queued,,,
793.0,2025-12-01T13:13:00+00:00,W9460,wagon,queued,,,
793.0,2025-12-01T13:13:00+00:00,W9445,wagon,queued,,,
795.0,2025-12-01T13:15:00+00:00,LOCO_02,locomotive,moving,,,
803.0,2025-12-01T13:23:00+00:00,LOCO_02,locomotive,moving,,,
803.0,2025-12-01T13:23:00+00:00,W3926,wagon,moving,,,
803.0,2025-12-01T13:23:00+00:00,W5834,wagon,moving,,,
808.0,2025-12-01T13:28:00+00:00,W3926,wagon,in_workshop,,,
808.0,2025-12-01T13:28:00+00:00,W5834,wagon,in_workshop,,,
814.0,2025-12-01T13:34:00+00:00,LOCO_01,locomotive,moving,,,
814.0,2025-12-01T13:34:00+00:00,W3926,wagon,in_workshop,,,
814.0,2025-12-01T13:34:00+00:00,W5834,wagon,in_workshop,,,
814.0,2025-12-01T13:34:00+00:00,LOCO_02,locomotive,moving,,,
821.0,2025-12-01T13:41:00+00:00,LOCO_01,locomotive,moving,,,
829.0,2025-12-01T13:49:00+00:00,LOCO_01,locomotive,moving,,,
829.0,2025-12-01T13:49:00+00:00,W9460,wagon,moving,,,
829.0,2025-12-01T13:49:00+00:00,W9445,wagon,moving,,,
829.0,2025-12-01T13:49:00+00:00,LOCO_02,locomotive,assigned,,,
829.0,2025-12-01T13:49:00+00:00,LOCO_02,locomotive,moving,,,
834.0,2025-12-01T13:54:00+00:00,W9460,wagon,in_workshop,,,
834.0,2025-12-01T13:54:00+00:00,W9445,wagon,in_workshop,,,
836.0,2025-12-01T13:56:00+00:00,LOCO_02,locomotive,moving,,,
840.0,2025-12-01T14:00:00+00:00,W9460,wagon,in_workshop,,,
840.0,2025-12-01T14:00:00+00:00,W9445,wagon,in_workshop,,,
840.0,2025-12-01T14:00:00+00:00,LOCO_01,locomotive,moving,,,
849.0,2025-12-01T14:09:00+00:00,LOCO_01,locomotive,moving,,,
866.0,2025-12-01T14:26:00+00:00,W2238,wagon,arrived,T11,,
866.0,2025-12-01T14:26:00+00:00,W0047,wagon,arrived,T11,,
866.0,2025-12-01T14:26:00+00:00,W0049,wagon,arrived,T11,,
874.0,2025-12-01T14:34:00+00:00,W3926,wagon,retrofitted,,,
874.0,2025-12-01T14:34:00+00:00,W5834,wagon,retrofitted,,,
894.75,2025-12-01T14:54:45+00:00,W2535,wagon,arrived,T12,,
894.75,2025-12-01T14:54:45+00:00,W7970,wagon,arrived,T12,,
894.75,2025-12-01T14:54:45+00:00,W4849,wagon,arrived,T12,,
900.0,2025-12-01T15:00:00+00:00,W9460,wagon,retrofitted,,,
900.0,2025-12-01T15:00:00+00:00,W9445,wagon,retrofitted,,,
909.0,2025-12-01T15:09:00+00:00,LOCO_01,locomotive,assigned,,,
942.0,2025-12-01T15:42:00+00:00,LOCO_01,locomotive,moving,,,
942.0,2025-12-01T15:42:00+00:00,W10704,wagon,moving,,,
942.0,2025-12-01T15:42:00+00:00,W3675,wagon,moving,,,
942.0,2025-12-01T15:42:00+00:00,W7132,wagon,moving,,,
942.0,2025-12-01T15:42:00+00:00,W8934,wagon,moving,,,
942.0,2025-12-01T15:42:00+00:00,W6253,wagon,moving,,,
942.0,2025-12-01T15:42:00+00:00,W7747,wagon,moving,,,
942.0,2025-12-01T15:42:00+00:00,W10546,wagon,moving,,,
942.0,2025-12-01T15:42:00+00:00,W7222,wagon,moving,,,
942.0,2025-12-01T15:42:00+00:00,W0689,wagon,moving,,,
942.0,2025-12-01T15:42:00+00:00,W11268,wagon,moving,,,
942.0,2025-12-01T15:42:00+00:00,W11509,wagon,moving,,,
942.0,2025-12-01T15:42:00+00:00,W6557,wagon,moving,,,
942.0,2025-12-01T15:42:00+00:00,W10356,wagon,moving,,,
942.0,2025-12-01T15:42:00+00:00,W6006,wagon,moving,,,
942.0,2025-12-01T15:42:00+00:00,W4440,wagon,moving,,,
942.0,2025-12-01T15:42:00+00:00,W10383,wagon,moving,,,
957.5,2025-12-01T15:57:30+00:00,W12394,wagon,parked,,,
957.5,2025-12-01T15:57:30+00:00,W9278,wagon,parked,,,
957.5,2025-12-01T15:57:30+00:00,LOCO_02,locomotive,moving,,,
1002.0,2025-12-01T16:42:00+00:00,W10704,wagon,queued,,,
1002.0,2025-12-01T16:42:00+00:00,W3675,wagon,queued,,,
1002.0,2025-12-01T16:42:00+00:00,W7132,wagon,queued,,,
1002.0,2025-12-01T16:42:00+00:00,W8934,wagon,queued,,,
1002.0,2025-12-01T16:42:00+00:00,W6253,wagon,queued,,,
1002.0,2025-12-01T16:42:00+00:00,W7747,wagon,queued,,,
1002.0,2025-12-01T16:42:00+00:00,W10546,wagon,queued,,,
1002.0,2025-12-01T16:42:00+00:00,W7222,wagon,queued,,,
1002.0,2025-12-01T16:42:00+00:00,W0689,wagon,queued,,,
1002.0,2025-12-01T16:42:00+00:00,W11268,wagon,queued,,,
1002.0,2025-12-01T16:42:00+00:00,W11509,wagon,queued,,,
1002.0,2025-12-01T16:42:00+00:00,W6557,wagon,queued,,,
1002.0,2025-12-01T16:42:00+00:00,W10356,wagon,queued,,,
1002.0,2025-12-01T16:42:00+00:00,W6006,wagon,queued,,,
1002.0,2025-12-01T16:42:00+00:00,W4440,wagon,queued,,,
1002.0,2025-12-01T16:42:00+00:00,W10383,wagon,queued,,,
1017.5,2025-12-01T16:57:30+00:00,LOCO_02,locomotive,moving,,,
1024.5,2025-12-01T17:04:30+00:00,LOCO_02,locomotive,moving,,,
1024.5,2025-12-01T17:04:30+00:00,W3926,wagon,moving,,,
1024.5,2025-12-01T17:04:30+00:00,W5834,wagon,moving,,,
1029.5,2025-12-01T17:09:30+00:00,LOCO_02,locomotive,moving,,,
1034.5,2025-12-01T17:14:30+00:00,LOCO_02,locomotive,moving,,,
1041.5,2025-12-01T17:21:30+00:00,LOCO_02,locomotive,moving,,,
1041.5,2025-12-01T17:21:30+00:00,W9460,wagon,moving,,,
1041.5,2025-12-01T17:21:30+00:00,W9445,wagon,moving,,,
1046.5,2025-12-01T17:26:30+00:00,LOCO_02,locomotive,moving,,,
1051.25,2025-12-01T17:31:15+00:00,W2967,wagon,arrived,T13,,
1051.25,2025-12-01T17:31:15+00:00,W9776,wagon,arrived,T13,,
1051.25,2025-12-01T17:31:15+00:00,W12208,wagon,arrived,T13,,
1051.25,2025-12-01T17:31:15+00:00,W11348,wagon,arrived,T13,,
1053.5,2025-12-01T17:33:30+00:00,LOCO_02,locomotive,moving,,,
1061.5,2025-12-01T17:41:30+00:00,LOCO_02,locomotive,moving,,,
1061.5,2025-12-01T17:41:30+00:00,W10704,wagon,moving,,,
1061.5,2025-12-01T17:41:30+00:00,W3675,wagon,moving,,,
1066.5,2025-12-01T17:46:30+00:00,W10704,wagon,in_workshop,,,
1066.5,2025-12-01T17:46:30+00:00,W3675,wagon,in_workshop,,,
1072.5,2025-12-01T17:52:30+00:00,W10704,wagon,in_workshop,,,
1072.5,2025-12-01T17:52:30+00:00,W3675,wagon,in_workshop,,,
1072.5,2025-12-01T17:52:30+00:00,LOCO_02,locomotive,moving,,,
1079.5,2025-12-01T17:59:30+00:00,LOCO_02,locomotive,moving,,,
1087.5,2025-12-01T18:07:30+00:00,LOCO_02,locomotive,moving,,,
1087.5,2025-12-01T18:07:30+00:00,W7132,wagon,moving,,,
1087.5,2025-12-01T18:07:30+00:00,W8934,wagon,moving,,,
1088.75,2025-12-01T18:08:45+00:00,W12037,wagon,arrived,T14,,
1088.75,2025-12-01T18:08:45+00:00,W0440,wagon,arrived,T14,,
1088.75,2025-12-01T18:08:45+00:00,W11988,wagon,arrived,T14,,
1088.75,2025-12-01T18:08:45+00:00,W12260,wagon,arrived,T14,,
1088.75,2025-12-01T18:08:45+00:00,W0130,wagon,arrived,T14,,
1088.75,2025-12-01T18:08:45+00:00,W9352,wagon,arrived,T14,,
1088.75,2025-12-01T18:08:45+00:00,W2980,wagon,arrived,T14,,
1088.75,2025-12-01T18:08:45+00:00,W2406,wagon,arrived,T14,,
1088.75,2025-12-01T18:08:45+00:00,W2399,wagon,arrived,T14,,
1092.5,2025-12-01T18:12:30+00:00,W7132,wagon,in_workshop,,,
1092.5,2025-12-01T18:12:30+00:00,W8934,wagon,in_workshop,,,
1095.0,2025-12-01T18:15:00+00:00,LOCO_01,locomotive,moving,,,
1098.5,2025-12-01T18:18:30+00:00,W7132,wagon,in_workshop,,,
1098.5,2025-12-01T18:18:30+00:00,W8934,wagon,in_workshop,,,
1098.5,2025-12-01T18:18:30+00:00,LOCO_02,locomotive,moving,,,
1100.0,2025-12-01T18:20:00+00:00,LOCO_01,locomotive,assigned,,,
1100.0,2025-12-01T18:20:00+00:00,LOCO_01,locomotive,moving,,,
1107.0,2025-12-01T18:27:00+00:00,LOCO_01,locomotive,moving,,,
1130.0,2025-12-01T18:50:00+00:00,LOCO_02,locomotive,moving,,,
1132.5,2025-12-01T18:52:30+00:00,W10704,wagon,retrofitted,,,
1132.5,2025-12-01T18:52:30+00:00,W3675,wagon,retrofitted,,,
1158.5,2025-12-01T19:18:30+00:00,W7132,wagon,retrofitted,,,
1158.5,2025-12-01T19:18:30+00:00,W8934,wagon,retrofitted,,,
1190.0,2025-12-01T19:50:00+00:00,LOCO_02,locomotive,assigned,,,
1203.0,2025-12-01T20:03:00+00:00,LOCO_02,locomotive,moving,,,
1203.0,2025-12-01T20:03:00+00:00,W2238,wagon,moving,,,
1203.0,2025-12-01T20:03:00+00:00,W0047,wagon,moving,,,
1203.0,2025-12-01T20:03:00+00:00,W0049,wagon,moving,,,
1203.0,2025-12-01T20:03:00+00:00,W2535,wagon,moving,,,
1203.0,2025-12-01T20:03:00+00:00,W7970,wagon,moving,,,
1203.0,2025-12-01T20:03:00+00:00,W4849,wagon,moving,,,
1228.5,2025-12-01T20:28:30+00:00,W3926,wagon,parked,,,
1228.5,2025-12-01T20:28:30+00:00,W5834,wagon,parked,,,
1228.5,2025-12-01T20:28:30+00:00,LOCO_01,locomotive,moving,,,
1263.0,2025-12-01T21:03:00+00:00,W2238,wagon,queued,,,
1263.0,2025-12-01T21:03:00+00:00,W0047,wagon,queued,,,
1263.0,2025-12-01T21:03:00+00:00,W0049,wagon,queued,,,
1263.0,2025-12-01T21:03:00+00:00,W2535,wagon,queued,,,
1263.0,2025-12-01T21:03:00+00:00,W7970,wagon,queued,,,
1263.0,2025-12-01T21:03:00+00:00,W4849,wagon,queued,,,
1288.5,2025-12-01T21:28:30+00:00,LOCO_01,locomotive,moving,,,
1295.5,2025-12-01T21:35:30+00:00,LOCO_01,locomotive,moving,,,
1295.5,2025-12-01T21:35:30+00:00,W10704,wagon,moving,,,
1295.5,2025-12-01T21:35:30+00:00,W3675,wagon,moving,,,
1296.0,2025-12-01T21:36:00+00:00,LOCO_02,locomotive,moving,,,
1300.5,2025-12-01T21:40:30+00:00,LOCO_01,locomotive,moving,,,
1301.0,2025-12-01T21:41:00+00:00,LOCO_02,locomotive,moving,,,
1305.5,2025-12-01T21:45:30+00:00,LOCO_01,locomotive,assigned,,,
1305.5,2025-12-01T21:45:30+00:00,LOCO_01,locomotive,moving,,,
1308.0,2025-12-01T21:48:00+00:00,LOCO_02,locomotive,moving,,,
1308.0,2025-12-01T21:48:00+00:00,W7132,wagon,moving,,,
1308.0,2025-12-01T21:48:00+00:00,W8934,wagon,moving,,,
1312.5,2025-12-01T21:52:30+00:00,LOCO_01,locomotive,moving,,,
1313.0,2025-12-01T21:53:00+00:00,LOCO_02,locomotive,moving,,,
1320.0,2025-12-01T22:00:00+00:00,LOCO_02,locomotive,moving,,,
1328.0,2025-12-01T22:08:00+00:00,LOCO_02,locomotive,moving,,,
1328.0,2025-12-01T22:08:00+00:00,W6253,wagon,moving,,,
1328.0,2025-12-01T22:08:00+00:00,W7747,wagon,moving,,,
1333.0,2025-12-01T22:13:00+00:00,W6253,wagon,in_workshop,,,
1333.0,2025-12-01T22:13:00+00:00,W7747,wagon,in_workshop,,,
1339.0,2025-12-01T22:19:00+00:00,W6253,wagon,in_workshop,,,
1339.0,2025-12-01T22:19:00+00:00,W7747,wagon,in_workshop,,,
1339.0,2025-12-01T22:19:00+00:00,LOCO_02,locomotive,moving,,,
1346.0,2025-12-01T22:26:00+00:00,LOCO_02,locomotive,moving,,,
1354.0,2025-12-01T22:34:00+00:00,LOCO_02,locomotive,moving,,,
1354.0,2025-12-01T22:34:00+00:00,W10546,wagon,moving,,,
1354.0,2025-12-01T22:34:00+00:00,W7222,wagon,moving,,,
1359.0,2025-12-01T22:39:00+00:00,W10546,wagon,in_workshop,,,
1359.0,2025-12-01T22:39:00+00:00,W7222,wagon,in_workshop,,,
1365.0,2025-12-01T22:45:00+00:00,W10546,wagon,in_workshop,,,
1365.0,2025-12-01T22:45:00+00:00,W7222,wagon,in_workshop,,,
1365.0,2025-12-01T22:45:00+00:00,LOCO_02,locomotive,moving,,,
1370.0,2025-12-01T22:50:00+00:00,LOCO_02,locomotive,moving,,,
1399.0,2025-12-01T23:19:00+00:00,W6253,wagon,retrofitted,,,
1399.0,2025-12-01T23:19:00+00:00,W7747,wagon,retrofitted,,,
1425.0,2025-12-01T23:45:00+00:00,W10546,wagon,retrofitted,,,
1425.0,2025-12-01T23:45:00+00:00,W7222,wagon,retrofitted,,,
1430.0,2025-12-01T23:50:00+00:00,LOCO_02,locomotive,assigned,,,
1433.0,2025-12-01T23:53:00+00:00,LOCO_02,locomotive,moving,,,
1433.0,2025-12-01T23:53:00+00:00,W2967,wagon,moving,,,
1434.0,2025-12-01T23:54:00+00:00,W9460,wagon,parked,,,
1434.0,2025-12-01T23:54:00+00:00,W9445,wagon,parked,,,
1434.0,2025-12-01T23:54:00+00:00,LOCO_01,locomotive,moving,,,
1479.0,2025-12-02T00:39:00+00:00,W1078,wagon,rejected,T15,,No Retrofit Needed
1479.0,2025-12-02T00:39:00+00:00,W9868,wagon,arrived,T15,,
1479.0,2025-12-02T00:39:00+00:00,W12060,wagon,arrived,T15,,
1479.0,2025-12-02T00:39:00+00:00,W12210,wagon,arrived,T15,,
1479.0,2025-12-02T00:39:00+00:00,W8636,wagon,arrived,T15,,
1479.0,2025-12-02T00:39:00+00:00,W10949,wagon,arrived,T15,,
1479.0,2025-12-02T00:39:00+00:00,W8631,wagon,arrived,T15,,
1493.0,2025-12-02T00:53:00+00:00,W2967,wagon,queued,,,
1494.0,2025-12-02T00:54:00+00:00,LOCO_01,locomotive,moving,,,
1496.0,2025-12-02T00:56:00+00:00,LOCO_02,locomotive,moving,,,
1501.0,2025-12-02T01:01:00+00:00,LOCO_01,locomotive,moving,,,
1501.0,2025-12-02T01:01:00+00:00,W6253,wagon,moving,,,
1501.0,2025-12-02T01:01:00+00:00,W7747,wagon,moving,,,
1501.0,2025-12-02T01:01:00+00:00,LOCO_02,locomotive,moving,,,
1506.0,2025-12-02T01:06:00+00:00,LOCO_01,locomotive,moving,,,
1508.0,2025-12-02T01:08:00+00:00,LOCO_02,locomotive,moving,,,
1508.0,2025-12-02T01:08:00+00:00,W10546,wagon,moving,,,
1508.0,2025-12-02T01:08:00+00:00,W7222,wagon,moving,,,
1509.0,2025-12-02T01:09:00+00:00,W9392,wagon,arrived,T16,,
1509.0,2025-12-02T01:09:00+00:00,W9274,wagon,arrived,T16,,
1509.0,2025-12-02T01:09:00+00:00,W8613,wagon,arrived,T16,,
1509.0,2025-12-02T01:09:00+00:00,W10130,wagon,arrived,T16,,
1509.0,2025-12-02T01:09:00+00:00,W9721,wagon,arrived,T16,,
1509.0,2025-12-02T01:09:00+00:00,W9756,wagon,arrived,T16,,
1511.0,2025-12-02T01:11:00+00:00,LOCO_01,locomotive,assigned,,,
1511.0,2025-12-02T01:11:00+00:00,LOCO_01,locomotive,moving,,,
1513.0,2025-12-02T01:13:00+00:00,LOCO_02,locomotive,moving,,,
1519.0,2025-12-02T01:19:00+00:00,LOCO_01,locomotive,moving,,,
1520.0,2025-12-02T01:20:00+00:00,LOCO_02,locomotive,moving,,,
1528.0,2025-12-02T01:28:00+00:00,LOCO_02,locomotive,moving,,,
1528.0,2025-12-02T01:28:00+00:00,W0689,wagon,moving,,,
1528.0,2025-12-02T01:28:00+00:00,W11268,wagon,moving,,,
1533.0,2025-12-02T01:33:00+00:00,W0689,wagon,in_workshop,,,
1533.0,2025-12-02T01:33:00+00:00,W11268,wagon,in_workshop,,,
1539.0,2025-12-02T01:39:00+00:00,W0689,wagon,in_workshop,,,
1539.0,2025-12-02T01:39:00+00:00,W11268,wagon,in_workshop,,,
1539.0,2025-12-02T01:39:00+00:00,LOCO_02,locomotive,moving,,,
1546.0,2025-12-02T01:46:00+00:00,LOCO_02,locomotive,moving,,,
1554.0,2025-12-02T01:54:00+00:00,LOCO_02,locomotive,moving,,,
1554.0,2025-12-02T01:54:00+00:00,W11509,wagon,moving,,,
1554.0,2025-12-02T01:54:00+00:00,W6557,wagon,moving,,,
1559.0,2025-12-02T01:59:00+00:00,W11509,wagon,in_workshop,,,
1559.0,2025-12-02T01:59:00+00:00,W6557,wagon,in_workshop,,,
1565.0,2025-12-02T02:05:00+00:00,W11509,wagon,in_workshop,,,
1565.0,2025-12-02T02:05:00+00:00,W6557,wagon,in_workshop,,,
1565.0,2025-12-02T02:05:00+00:00,LOCO_02,locomotive,moving,,,
1570.0,2025-12-02T02:10:00+00:00,LOCO_02,locomotive,moving,,,
1599.0,2025-12-02T02:39:00+00:00,W0689,wagon,retrofitted,,,
1599.0,2025-12-02T02:39:00+00:00,W11268,wagon,retrofitted,,,
1602.5,2025-12-02T02:42:30+00:00,W3926,wagon,rejected,T17,,No Retrofit Needed
1602.5,2025-12-02T02:42:30+00:00,W11467,wagon,arrived,T17,,
1602.5,2025-12-02T02:42:30+00:00,W10354,wagon,arrived,T17,,
1602.5,2025-12-02T02:42:30+00:00,W3950,wagon,arrived,T17,,
1602.5,2025-12-02T02:42:30+00:00,W7997,wagon,arrived,T17,,
1602.5,2025-12-02T02:42:30+00:00,W8626,wagon,arrived,T17,,
1625.0,2025-12-02T03:05:00+00:00,W11509,wagon,retrofitted,,,
1625.0,2025-12-02T03:05:00+00:00,W6557,wagon,retrofitted,,,
1630.0,2025-12-02T03:10:00+00:00,LOCO_02,locomotive,assigned,,,
1635.0,2025-12-02T03:15:00+00:00,LOCO_02,locomotive,moving,,,
1635.0,2025-12-02T03:15:00+00:00,W9776,wagon,moving,,,
1635.0,2025-12-02T03:15:00+00:00,W12208,wagon,moving,,,
1642.5,2025-12-02T03:22:30+00:00,W10704,wagon,parked,,,
1642.5,2025-12-02T03:22:30+00:00,W3675,wagon,parked,,,
1642.5,2025-12-02T03:22:30+00:00,W7132,wagon,parked,,,
1642.5,2025-12-02T03:22:30+00:00,W8934,wagon,parked,,,
1642.5,2025-12-02T03:22:30+00:00,LOCO_01,locomotive,moving,,,
1687.25,2025-12-02T04:07:15+00:00,W9174,wagon,arrived,T18,,
1687.25,2025-12-02T04:07:15+00:00,W9169,wagon,arrived,T18,,
1687.25,2025-12-02T04:07:15+00:00,W9173,wagon,arrived,T18,,
1695.0,2025-12-02T04:15:00+00:00,W9776,wagon,queued,,,
1695.0,2025-12-02T04:15:00+00:00,W12208,wagon,queued,,,
1702.5,2025-12-02T04:22:30+00:00,LOCO_01,locomotive,moving,,,
1704.0,2025-12-02T04:24:00+00:00,LOCO_02,locomotive,moving,,,
1709.0,2025-12-02T04:29:00+00:00,LOCO_02,locomotive,moving,,,
1716.0,2025-12-02T04:36:00+00:00,LOCO_02,locomotive,moving,,,
1716.0,2025-12-02T04:36:00+00:00,W0689,wagon,moving,,,
1716.0,2025-12-02T04:36:00+00:00,W11268,wagon,moving,,,
1721.0,2025-12-02T04:41:00+00:00,LOCO_02,locomotive,moving,,,
1726.0,2025-12-02T04:46:00+00:00,LOCO_02,locomotive,moving,,,
1733.0,2025-12-02T04:53:00+00:00,LOCO_02,locomotive,moving,,,
1733.0,2025-12-02T04:53:00+00:00,W11509,wagon,moving,,,
1733.0,2025-12-02T04:53:00+00:00,W6557,wagon,moving,,,
1738.0,2025-12-02T04:58:00+00:00,LOCO_02,locomotive,moving,,,
1745.0,2025-12-02T05:05:00+00:00,LOCO_02,locomotive,moving,,,
1753.0,2025-12-02T05:13:00+00:00,LOCO_02,locomotive,moving,,,
1753.0,2025-12-02T05:13:00+00:00,W10356,wagon,moving,,,
1753.0,2025-12-02T05:13:00+00:00,W6006,wagon,moving,,,
1758.0,2025-12-02T05:18:00+00:00,W10356,wagon,in_workshop,,,
1758.0,2025-12-02T05:18:00+00:00,W6006,wagon,in_workshop,,,
1762.5,2025-12-02T05:22:30+00:00,LOCO_01,locomotive,assigned,,,
1764.0,2025-12-02T05:24:00+00:00,W10356,wagon,in_workshop,,,
1764.0,2025-12-02T05:24:00+00:00,W6006,wagon,in_workshop,,,
1764.0,2025-12-02T05:24:00+00:00,LOCO_02,locomotive,moving,,,
1765.5,2025-12-02T05:25:30+00:00,LOCO_01,locomotive,moving,,,
1765.5,2025-12-02T05:25:30+00:00,W10130,wagon,moving,,,
1767.0,2025-12-02T05:27:00+00:00,W6140,wagon,arrived,T19,,
1771.0,2025-12-02T05:31:00+00:00,LOCO_02,locomotive,moving,,,
1779.0,2025-12-02T05:39:00+00:00,LOCO_02,locomotive,moving,,,
1779.0,2025-12-02T05:39:00+00:00,W4440,wagon,moving,,,
1779.0,2025-12-02T05:39:00+00:00,W10383,wagon,moving,,,
1784.0,2025-12-02T05:44:00+00:00,W4440,wagon,in_workshop,,,
1784.0,2025-12-02T05:44:00+00:00,W10383,wagon,in_workshop,,,
1790.0,2025-12-02T05:50:00+00:00,W4440,wagon,in_workshop,,,
1790.0,2025-12-02T05:50:00+00:00,W10383,wagon,in_workshop,,,
1790.0,2025-12-02T05:50:00+00:00,LOCO_02,locomotive,moving,,,
1795.0,2025-12-02T05:55:00+00:00,LOCO_02,locomotive,moving,,,
1824.0,2025-12-02T06:24:00+00:00,W10356,wagon,retrofitted,,,
1824.0,2025-12-02T06:24:00+00:00,W6006,wagon,retrofitted,,,
1825.5,2025-12-02T06:25:30+00:00,W10130,wagon,queued,,,
1828.5,2025-12-02T06:28:30+00:00,LOCO_01,locomotive,moving,,,
1833.5,2025-12-02T06:33:30+00:00,LOCO_01,locomotive,moving,,,
1840.5,2025-12-02T06:40:30+00:00,LOCO_01,locomotive,moving,,,
1840.5,2025-12-02T06:40:30+00:00,W10356,wagon,moving,,,
1840.5,2025-12-02T06:40:30+00:00,W6006,wagon,moving,,,
1845.5,2025-12-02T06:45:30+00:00,LOCO_01,locomotive,moving,,,
1850.0,2025-12-02T06:50:00+00:00,W4440,wagon,retrofitted,,,
1850.0,2025-12-02T06:50:00+00:00,W10383,wagon,retrofitted,,,
1850.5,2025-12-02T06:50:30+00:00,LOCO_01,locomotive,assigned,,,
1850.5,2025-12-02T06:50:30+00:00,LOCO_01,locomotive,moving,,,
1853.5,2025-12-02T06:53:30+00:00,W10364,wagon,arrived,T20,,
1853.5,2025-12-02T06:53:30+00:00,W6077,wagon,arrived,T20,,
1855.0,2025-12-02T06:55:00+00:00,LOCO_02,locomotive,assigned,,,
1858.5,2025-12-02T06:58:30+00:00,LOCO_01,locomotive,moving,,,
1862.0,2025-12-02T07:02:00+00:00,LOCO_02,locomotive,moving,,,
1862.0,2025-12-02T07:02:00+00:00,W11348,wagon,moving,,,
1862.0,2025-12-02T07:02:00+00:00,W12037,wagon,moving,,,
1862.0,2025-12-02T07:02:00+00:00,W0440,wagon,moving,,,
1870.0,2025-12-02T07:10:00+00:00,W9270,wagon,arrived,T21,,
1870.0,2025-12-02T07:10:00+00:00,W9276,wagon,arrived,T21,,
1870.0,2025-12-02T07:10:00+00:00,W11578,wagon,arrived,T21,,
1922.0,2025-12-02T08:02:00+00:00,W11348,wagon,queued,,,
1922.0,2025-12-02T08:02:00+00:00,W12037,wagon,queued,,,
1922.0,2025-12-02T08:02:00+00:00,W0440,wagon,queued,,,
1937.0,2025-12-02T08:17:00+00:00,LOCO_02,locomotive,moving,,,
1944.0,2025-12-02T08:24:00+00:00,LOCO_02,locomotive,moving,,,
1952.0,2025-12-02T08:32:00+00:00,LOCO_02,locomotive,moving,,,
1952.0,2025-12-02T08:32:00+00:00,W2238,wagon,moving,,,
1952.0,2025-12-02T08:32:00+00:00,W0047,wagon,moving,,,
1957.0,2025-12-02T08:37:00+00:00,W2238,wagon,in_workshop,,,
1957.0,2025-12-02T08:37:00+00:00,W0047,wagon,in_workshop,,,
1963.0,2025-12-02T08:43:00+00:00,W2238,wagon,in_workshop,,,
1963.0,2025-12-02T08:43:00+00:00,W0047,wagon,in_workshop,,,
1963.0,2025-12-02T08:43:00+00:00,LOCO_02,locomotive,moving,,,
1965.25,2025-12-02T08:45:15+00:00,W0623,wagon,arrived,T22,,
1965.25,2025-12-02T08:45:15+00:00,W11970,wagon,arrived,T22,,
1968.0,2025-12-02T08:48:00+00:00,LOCO_02,locomotive,moving,,,
1982.0,2025-12-02T09:02:00+00:00,W6253,wagon,parked,,,
1982.0,2025-12-02T09:02:00+00:00,W7747,wagon,parked,,,
1982.0,2025-12-02T09:02:00+00:00,W10546,wagon,parked,,,
1982.0,2025-12-02T09:02:00+00:00,W7222,wagon,parked,,,
1982.0,2025-12-02T09:02:00+00:00,LOCO_01,locomotive,moving,,,
2023.0,2025-12-02T09:43:00+00:00,W2238,wagon,retrofitted,,,
2023.0,2025-12-02T09:43:00+00:00,W0047,wagon,retrofitted,,,
2028.0,2025-12-02T09:48:00+00:00,LOCO_02,locomotive,assigned,,,
2035.0,2025-12-02T09:55:00+00:00,LOCO_02,locomotive,moving,,,
2035.0,2025-12-02T09:55:00+00:00,W9721,wagon,moving,,,
2035.0,2025-12-02T09:55:00+00:00,W9756,wagon,moving,,,
2035.0,2025-12-02T09:55:00+00:00,W11467,wagon,moving,,,
2042.0,2025-12-02T10:02:00+00:00,LOCO_01,locomotive,moving,,,
2049.0,2025-12-02T10:09:00+00:00,LOCO_01,locomotive,moving,,,
2049.0,2025-12-02T10:09:00+00:00,W4440,wagon,moving,,,
2049.0,2025-12-02T10:09:00+00:00,W10383,wagon,moving,,,
2054.0,2025-12-02T10:14:00+00:00,LOCO_01,locomotive,moving,,,
2059.0,2025-12-02T10:19:00+00:00,LOCO_01,locomotive,moving,,,
2095.0,2025-12-02T10:55:00+00:00,W9721,wagon,queued,,,
2095.0,2025-12-02T10:55:00+00:00,W9756,wagon,queued,,,
2095.0,2025-12-02T10:55:00+00:00,W11467,wagon,queued,,,
2110.0,2025-12-02T11:10:00+00:00,LOCO_02,locomotive,moving,,,
2117.0,2025-12-02T11:17:00+00:00,LOCO_02,locomotive,moving,,,
2119.0,2025-12-02T11:19:00+00:00,LOCO_01,locomotive,assigned,,,
2122.0,2025-12-02T11:22:00+00:00,LOCO_01,locomotive,moving,,,
2122.0,2025-12-02T11:22:00+00:00,W11988,wagon,moving,,,
2125.0,2025-12-02T11:25:00+00:00,LOCO_02,locomotive,moving,,,
2125.0,2025-12-02T11:25:00+00:00,W0049,wagon,moving,,,
2125.0,2025-12-02T11:25:00+00:00,W2535,wagon,moving,,,
2130.0,2025-12-02T11:30:00+00:00,W0049,wagon,in_workshop,,,
2130.0,2025-12-02T11:30:00+00:00,W2535,wagon,in_workshop,,,
2136.0,2025-12-02T11:36:00+00:00,W0049,wagon,in_workshop,,,
2136.0,2025-12-02T11:36:00+00:00,W2535,wagon,in_workshop,,,
2136.0,2025-12-02T11:36:00+00:00,LOCO_02,locomotive,moving,,,
2138.0,2025-12-02T11:38:00+00:00,W11256,wagon,rejected,T23,,NO_COLLECTION_TRACK
2138.0,2025-12-02T11:38:00+00:00,W10892,wagon,rejected,T23,,NO_COLLECTION_TRACK
2138.0,2025-12-02T11:38:00+00:00,W3173,wagon,arrived,T23,,
2138.0,2025-12-02T11:38:00+00:00,W5038,wagon,arrived,T23,,
2138.0,2025-12-02T11:38:00+00:00,W11261,wagon,arrived,T23,,
2138.0,2025-12-02T11:38:00+00:00,W11259,wagon,arrived,T23,,
2138.0,2025-12-02T11:38:00+00:00,W5167,wagon,arrived,T23,,
2138.0,2025-12-02T11:38:00+00:00,W4666,wagon,arrived,T23,,
2138.0,2025-12-02T11:38:00+00:00,W11269,wagon,arrived,T23,,
2138.0,2025-12-02T11:38:00+00:00,W3811,wagon,arrived,T23,,
2138.0,2025-12-02T11:38:00+00:00,W2926,wagon,arrived,T23,,
2138.0,2025-12-02T11:38:00+00:00,W5391,wagon,arrived,T23,,
2138.0,2025-12-02T11:38:00+00:00,W6682,wagon,arrived,T23,,
2141.0,2025-12-02T11:41:00+00:00,LOCO_02,locomotive,moving,,,
2148.0,2025-12-02T11:48:00+00:00,LOCO_02,locomotive,moving,,,
2148.0,2025-12-02T11:48:00+00:00,W2238,wagon,moving,,,
2148.0,2025-12-02T11:48:00+00:00,W0047,wagon,moving,,,
2149.75,2025-12-02T11:49:45+00:00,W3926,wagon,rejected,T24,,No Retrofit Needed
2149.75,2025-12-02T11:49:45+00:00,W1906,wagon,rejected,T24,,NO_COLLECTION_TRACK
2153.0,2025-12-02T11:53:00+00:00,LOCO_02,locomotive,moving,,,
2158.0,2025-12-02T11:58:00+00:00,W1158,wagon,rejected,T25,,NO_COLLECTION_TRACK
2158.0,2025-12-02T11:58:00+00:00,W1139,wagon,rejected,T25,,NO_COLLECTION_TRACK
2158.0,2025-12-02T11:58:00+00:00,W1149,wagon,rejected,T25,,NO_COLLECTION_TRACK
2158.0,2025-12-02T11:58:00+00:00,W1150,wagon,rejected,T25,,NO_COLLECTION_TRACK
2158.0,2025-12-02T11:58:00+00:00,W1151,wagon,rejected,T25,,NO_COLLECTION_TRACK
2158.0,2025-12-02T11:58:00+00:00,W1152,wagon,rejected,T25,,NO_COLLECTION_TRACK
2158.0,2025-12-02T11:58:00+00:00,W1156,wagon,rejected,T25,,NO_COLLECTION_TRACK
2158.0,2025-12-02T11:58:00+00:00,W1174,wagon,rejected,T25,,NO_COLLECTION_TRACK
2158.0,2025-12-02T11:58:00+00:00,W1161,wagon,rejected,T25,,NO_COLLECTION_TRACK
2158.0,2025-12-02T11:58:00+00:00,LOCO_02,locomotive,moving,,,
2182.0,2025-12-02T12:22:00+00:00,W11988,wagon,queued,,,
2185.0,2025-12-02T12:25:00+00:00,LOCO_01,locomotive,moving,,,
2192.0,2025-12-02T12:32:00+00:00,LOCO_01,locomotive,moving,,,
2196.0,2025-12-02T12:36:00+00:00,W0049,wagon,retrofitted,,,
2196.0,2025-12-02T12:36:00+00:00,W2535,wagon,retrofitted,,,
2200.0,2025-12-02T12:40:00+00:00,LOCO_01,locomotive,moving,,,
2200.0,2025-12-02T12:40:00+00:00,W7970,wagon,moving,,,
2200.0,2025-12-02T12:40:00+00:00,W4849,wagon,moving,,,
2205.0,2025-12-02T12:45:00+00:00,W7970,wagon,in_workshop,,,
2205.0,2025-12-02T12:45:00+00:00,W4849,wagon,in_workshop,,,
2211.0,2025-12-02T12:51:00+00:00,W7970,wagon,in_workshop,,,
2211.0,2025-12-02T12:51:00+00:00,W4849,wagon,in_workshop,,,
2211.0,2025-12-02T12:51:00+00:00,LOCO_01,locomotive,moving,,,
2216.0,2025-12-02T12:56:00+00:00,LOCO_01,locomotive,assigned,,,
2216.0,2025-12-02T12:56:00+00:00,LOCO_01,locomotive,moving,,,
2218.0,2025-12-02T12:58:00+00:00,LOCO_02,locomotive,assigned,,,
2223.0,2025-12-02T13:03:00+00:00,LOCO_02,locomotive,moving,,,
2223.0,2025-12-02T13:03:00+00:00,W10354,wagon,moving,,,
2223.0,2025-12-02T13:03:00+00:00,W3950,wagon,moving,,,
2225.0,2025-12-02T13:05:00+00:00,LOCO_01,locomotive,moving,,,
2258.0,2025-12-02T13:38:00+00:00,W11254,wagon,arrived,T26,,
2258.0,2025-12-02T13:38:00+00:00,W10878,wagon,arrived,T26,,
2258.0,2025-12-02T13:38:00+00:00,W10889,wagon,arrived,T26,,
2271.0,2025-12-02T13:51:00+00:00,W7970,wagon,retrofitted,,,
2271.0,2025-12-02T13:51:00+00:00,W4849,wagon,retrofitted,,,
2283.0,2025-12-02T14:03:00+00:00,W10354,wagon,queued,,,
2283.0,2025-12-02T14:03:00+00:00,W3950,wagon,queued,,,
2292.0,2025-12-02T14:12:00+00:00,LOCO_02,locomotive,moving,,,
2297.0,2025-12-02T14:17:00+00:00,LOCO_02,locomotive,moving,,,
2303.75,2025-12-02T14:23:45+00:00,W6096,wagon,rejected,T27,,NO_COLLECTION_TRACK
2303.75,2025-12-02T14:23:45+00:00,W0874,wagon,rejected,T27,,NO_COLLECTION_TRACK
2303.75,2025-12-02T14:23:45+00:00,W10689,wagon,rejected,T27,,NO_COLLECTION_TRACK
2303.75,2025-12-02T14:23:45+00:00,W5838,wagon,rejected,T27,,NO_COLLECTION_TRACK
2303.75,2025-12-02T14:23:45+00:00,W11241,wagon,rejected,T27,,NO_COLLECTION_TRACK
2303.75,2025-12-02T14:23:45+00:00,W2444,wagon,rejected,T27,,NO_COLLECTION_TRACK
2303.75,2025-12-02T14:23:45+00:00,W10134,wagon,rejected,T27,,NO_COLLECTION_TRACK
2303.75,2025-12-02T14:23:45+00:00,W11320,wagon,arrived,T27,,
2303.75,2025-12-02T14:23:45+00:00,W5833,wagon,arrived,T27,,
2324.25,2025-12-02T14:44:15+00:00,W7862,wagon,rejected,T28,,NO_COLLECTION_TRACK
2324.25,2025-12-02T14:44:15+00:00,W10284,wagon,rejected,T28,,NO_COLLECTION_TRACK
2324.25,2025-12-02T14:44:15+00:00,W2696,wagon,rejected,T28,,NO_COLLECTION_TRACK
2324.25,2025-12-02T14:44:15+00:00,W9329,wagon,rejected,T28,,NO_COLLECTION_TRACK
2350.5,2025-12-02T15:10:30+00:00,W0689,wagon,parked,,,
2350.5,2025-12-02T15:10:30+00:00,W11268,wagon,parked,,,
2350.5,2025-12-02T15:10:30+00:00,W11509,wagon,parked,,,
2350.5,2025-12-02T15:10:30+00:00,W6557,wagon,parked,,,
2350.5,2025-12-02T15:10:30+00:00,W10356,wagon,parked,,,
2350.5,2025-12-02T15:10:30+00:00,W6006,wagon,parked,,,
2350.5,2025-12-02T15:10:30+00:00,LOCO_01,locomotive,moving,,,
2357.0,2025-12-02T15:17:00+00:00,LOCO_02,locomotive,assigned,,,
2362.0,2025-12-02T15:22:00+00:00,LOCO_02,locomotive,moving,,,
2362.0,2025-12-02T15:22:00+00:00,W12260,wagon,moving,,,
2362.0,2025-12-02T15:22:00+00:00,W0130,wagon,moving,,,
2410.5,2025-12-02T16:10:30+00:00,LOCO_01,locomotive,moving,,,
2417.5,2025-12-02T16:17:30+00:00,LOCO_01,locomotive,moving,,,
2417.5,2025-12-02T16:17:30+00:00,W0049,wagon,moving,,,
2417.5,2025-12-02T16:17:30+00:00,W2535,wagon,moving,,,
2422.0,2025-12-02T16:22:00+00:00,W12260,wagon,queued,,,
2422.0,2025-12-02T16:22:00+00:00,W0130,wagon,queued,,,
2422.5,2025-12-02T16:22:30+00:00,LOCO_01,locomotive,moving,,,
2427.5,2025-12-02T16:27:30+00:00,LOCO_01,locomotive,moving,,,
2431.0,2025-12-02T16:31:00+00:00,LOCO_02,locomotive,moving,,,
2434.5,2025-12-02T16:34:30+00:00,LOCO_01,locomotive,moving,,,
2434.5,2025-12-02T16:34:30+00:00,W7970,wagon,moving,,,
2434.5,2025-12-02T16:34:30+00:00,W4849,wagon,moving,,,
2438.0,2025-12-02T16:38:00+00:00,LOCO_02,locomotive,moving,,,
2439.5,2025-12-02T16:39:30+00:00,LOCO_01,locomotive,moving,,,
2444.5,2025-12-02T16:44:30+00:00,LOCO_01,locomotive,assigned,,,
2444.5,2025-12-02T16:44:30+00:00,LOCO_01,locomotive,moving,,,
2446.0,2025-12-02T16:46:00+00:00,LOCO_02,locomotive,moving,,,
2446.0,2025-12-02T16:46:00+00:00,W2967,wagon,moving,,,
2446.0,2025-12-02T16:46:00+00:00,W9776,wagon,moving,,,
2451.0,2025-12-02T16:51:00+00:00,W2967,wagon,in_workshop,,,
2451.0,2025-12-02T16:51:00+00:00,W9776,wagon,in_workshop,,,
2452.5,2025-12-02T16:52:30+00:00,LOCO_01,locomotive,moving,,,
2457.0,2025-12-02T16:57:00+00:00,W2967,wagon,in_workshop,,,
2457.0,2025-12-02T16:57:00+00:00,W9776,wagon,in_workshop,,,
2457.0,2025-12-02T16:57:00+00:00,LOCO_02,locomotive,moving,,,
2461.0,2025-12-02T17:01:00+00:00,W4440,wagon,parked,,,
2461.0,2025-12-02T17:01:00+00:00,W10383,wagon,parked,,,
2461.0,2025-12-02T17:01:00+00:00,W2238,wagon,parked,,,
2461.0,2025-12-02T17:01:00+00:00,W0047,wagon,parked,,,
2461.0,2025-12-02T17:01:00+00:00,LOCO_01,locomotive,moving,,,
2462.0,2025-12-02T17:02:00+00:00,LOCO_02,locomotive,moving,,,
2466.0,2025-12-02T17:06:00+00:00,LOCO_01,locomotive,moving,,,
2484.75,2025-12-02T17:24:45+00:00,W5686,wagon,rejected,T29,,NO_COLLECTION_TRACK
2484.75,2025-12-02T17:24:45+00:00,W5403,wagon,rejected,T29,,NO_COLLECTION_TRACK
2484.75,2025-12-02T17:24:45+00:00,W8549,wagon,rejected,T29,,NO_COLLECTION_TRACK
2484.75,2025-12-02T17:24:45+00:00,W9401,wagon,rejected,T29,,NO_COLLECTION_TRACK
2484.75,2025-12-02T17:24:45+00:00,W5978,wagon,arrived,T29,,
2517.0,2025-12-02T17:57:00+00:00,W2967,wagon,retrofitted,,,
2517.0,2025-12-02T17:57:00+00:00,W9776,wagon,retrofitted,,,
2522.0,2025-12-02T18:02:00+00:00,LOCO_02,locomotive,assigned,,,
2523.0,2025-12-02T18:03:00+00:00,W8467,wagon,rejected,T30,,NO_COLLECTION_TRACK
2523.0,2025-12-02T18:03:00+00:00,W11192,wagon,rejected,T30,,NO_COLLECTION_TRACK
2523.0,2025-12-02T18:03:00+00:00,W11193,wagon,rejected,T30,,NO_COLLECTION_TRACK
2525.0,2025-12-02T18:05:00+00:00,LOCO_02,locomotive,moving,,,
2525.0,2025-12-02T18:05:00+00:00,W7997,wagon,moving,,,
2526.0,2025-12-02T18:06:00+00:00,LOCO_01,locomotive,assigned,,,
2529.0,2025-12-02T18:09:00+00:00,LOCO_01,locomotive,moving,,,
2529.0,2025-12-02T18:09:00+00:00,W9352,wagon,moving,,,
2529.25,2025-12-02T18:09:15+00:00,W10099,wagon,rejected,T31,,NO_COLLECTION_TRACK
2529.25,2025-12-02T18:09:15+00:00,W3424,wagon,rejected,T31,,NO_COLLECTION_TRACK
2529.25,2025-12-02T18:09:15+00:00,W11541,wagon,rejected,T31,,NO_COLLECTION_TRACK
2529.25,2025-12-02T18:09:15+00:00,W8706,wagon,rejected,T31,,NO_COLLECTION_TRACK
2529.25,2025-12-02T18:09:15+00:00,W10826,wagon,rejected,T31,,NO_COLLECTION_TRACK
2529.25,2025-12-02T18:09:15+00:00,W10396,wagon,rejected,T31,,NO_COLLECTION_TRACK
2571.5,2025-12-02T18:51:30+00:00,W11361,wagon,rejected,T32,,NO_COLLECTION_TRACK
2571.5,2025-12-02T18:51:30+00:00,W12313,wagon,rejected,T32,,NO_COLLECTION_TRACK
2574.0,2025-12-02T18:54:00+00:00,W5897,wagon,rejected,T33,,NO_COLLECTION_TRACK
2574.0,2025-12-02T18:54:00+00:00,W6930,wagon,rejected,T33,,NO_COLLECTION_TRACK
2574.0,2025-12-02T18:54:00+00:00,W6224,wagon,rejected,T33,,NO_COLLECTION_TRACK
2585.0,2025-12-02T19:05:00+00:00,W7997,wagon,queued,,,
2588.0,2025-12-02T19:08:00+00:00,LOCO_02,locomotive,moving,,,
2589.0,2025-12-02T19:09:00+00:00,W9352,wagon,queued,,,
2592.0,2025-12-02T19:12:00+00:00,LOCO_01,locomotive,moving,,,
2595.0,2025-12-02T19:15:00+00:00,LOCO_02,locomotive,moving,,,
2597.0,2025-12-02T19:17:00+00:00,LOCO_01,locomotive,moving,,,
2603.0,2025-12-02T19:23:00+00:00,LOCO_02,locomotive,moving,,,
2603.0,2025-12-02T19:23:00+00:00,W12208,wagon,moving,,,
2603.0,2025-12-02T19:23:00+00:00,W10130,wagon,moving,,,
2604.0,2025-12-02T19:24:00+00:00,LOCO_01,locomotive,moving,,,
2604.0,2025-12-02T19:24:00+00:00,W2967,wagon,moving,,,
2604.0,2025-12-02T19:24:00+00:00,W9776,wagon,moving,,,
2608.0,2025-12-02T19:28:00+00:00,W12208,wagon,in_workshop,,,
2608.0,2025-12-02T19:28:00+00:00,W10130,wagon,in_workshop,,,
2609.0,2025-12-02T19:29:00+00:00,LOCO_01,locomotive,moving,,,
2614.0,2025-12-02T19:34:00+00:00,W12208,wagon,in_workshop,,,
2614.0,2025-12-02T19:34:00+00:00,W10130,wagon,in_workshop,,,
2614.0,2025-12-02T19:34:00+00:00,LOCO_02,locomotive,moving,,,
2614.0,2025-12-02T19:34:00+00:00,LOCO_01,locomotive,assigned,,,
2614.0,2025-12-02T19:34:00+00:00,LOCO_01,locomotive,moving,,,
2621.0,2025-12-02T19:41:00+00:00,LOCO_02,locomotive,moving,,,
2622.0,2025-12-02T19:42:00+00:00,LOCO_01,locomotive,moving,,,
2629.0,2025-12-02T19:49:00+00:00,LOCO_02,locomotive,moving,,,
2629.0,2025-12-02T19:49:00+00:00,W11348,wagon,moving,,,
2629.0,2025-12-02T19:49:00+00:00,W12037,wagon,moving,,,
2634.0,2025-12-02T19:54:00+00:00,W11348,wagon,in_workshop,,,
2634.0,2025-12-02T19:54:00+00:00,W12037,wagon,in_workshop,,,
2640.0,2025-12-02T20:00:00+00:00,W11348,wagon,in_workshop,,,
2640.0,2025-12-02T20:00:00+00:00,W12037,wagon,in_workshop,,,
2640.0,2025-12-02T20:00:00+00:00,LOCO_02,locomotive,moving,,,
2645.0,2025-12-02T20:05:00+00:00,LOCO_02,locomotive,moving,,,
2666.75,2025-12-02T20:26:45+00:00,W8527,wagon,rejected,T34,,NO_COLLECTION_TRACK
2666.75,2025-12-02T20:26:45+00:00,W0043,wagon,rejected,T34,,NO_COLLECTION_TRACK
2666.75,2025-12-02T20:26:45+00:00,W12077,wagon,arrived,T34,,
2666.75,2025-12-02T20:26:45+00:00,W11766,wagon,arrived,T34,,
2666.75,2025-12-02T20:26:45+00:00,W4793,wagon,arrived,T34,,
2666.75,2025-12-02T20:26:45+00:00,W11718,wagon,arrived,T34,,
2674.0,2025-12-02T20:34:00+00:00,W12208,wagon,retrofitted,,,
2674.0,2025-12-02T20:34:00+00:00,W10130,wagon,retrofitted,,,
2685.5,2025-12-02T20:45:30+00:00,W0049,wagon,parked,,,
2685.5,2025-12-02T20:45:30+00:00,W2535,wagon,parked,,,
2685.5,2025-12-02T20:45:30+00:00,W7970,wagon,parked,,,
2685.5,2025-12-02T20:45:30+00:00,W4849,wagon,parked,,,
2685.5,2025-12-02T20:45:30+00:00,LOCO_01,locomotive,moving,,,
2700.0,2025-12-02T21:00:00+00:00,W11348,wagon,retrofitted,,,
2700.0,2025-12-02T21:00:00+00:00,W12037,wagon,retrofitted,,,
2705.0,2025-12-02T21:05:00+00:00,LOCO_02,locomotive,assigned,,,
2712.0,2025-12-02T21:12:00+00:00,LOCO_02,locomotive,moving,,,
2712.0,2025-12-02T21:12:00+00:00,W8626,wagon,moving,,,
2712.0,2025-12-02T21:12:00+00:00,W9174,wagon,moving,,,
2712.0,2025-12-02T21:12:00+00:00,W9169,wagon,moving,,,
2717.75,2025-12-02T21:17:45+00:00,W2772,wagon,rejected,T35,,NO_COLLECTION_TRACK
2717.75,2025-12-02T21:17:45+00:00,W3651,wagon,rejected,T35,,NO_COLLECTION_TRACK
2717.75,2025-12-02T21:17:45+00:00,W4026,wagon,rejected,T35,,NO_COLLECTION_TRACK
2717.75,2025-12-02T21:17:45+00:00,W2716,wagon,rejected,T35,,NO_COLLECTION_TRACK
2717.75,2025-12-02T21:17:45+00:00,W11989,wagon,rejected,T35,,NO_COLLECTION_TRACK
2717.75,2025-12-02T21:17:45+00:00,W10725,wagon,rejected,T35,,NO_COLLECTION_TRACK
2717.75,2025-12-02T21:17:45+00:00,W10728,wagon,rejected,T35,,NO_COLLECTION_TRACK
2745.5,2025-12-02T21:45:30+00:00,LOCO_01,locomotive,moving,,,
2772.0,2025-12-02T22:12:00+00:00,W8626,wagon,queued,,,
2772.0,2025-12-02T22:12:00+00:00,W9174,wagon,queued,,,
2772.0,2025-12-02T22:12:00+00:00,W9169,wagon,queued,,,
2787.0,2025-12-02T22:27:00+00:00,LOCO_02,locomotive,moving,,,
2792.0,2025-12-02T22:32:00+00:00,LOCO_02,locomotive,moving,,,
2799.0,2025-12-02T22:39:00+00:00,LOCO_02,locomotive,moving,,,
2799.0,2025-12-02T22:39:00+00:00,W12208,wagon,moving,,,
2799.0,2025-12-02T22:39:00+00:00,W10130,wagon,moving,,,
2804.0,2025-12-02T22:44:00+00:00,LOCO_02,locomotive,moving,,,
2805.5,2025-12-02T22:45:30+00:00,LOCO_01,locomotive,assigned,,,
2808.5,2025-12-02T22:48:30+00:00,LOCO_01,locomotive,moving,,,
2808.5,2025-12-02T22:48:30+00:00,W2980,wagon,moving,,,
2809.0,2025-12-02T22:49:00+00:00,LOCO_02,locomotive,moving,,,
2816.0,2025-12-02T22:56:00+00:00,LOCO_02,locomotive,moving,,,
2816.0,2025-12-02T22:56:00+00:00,W11348,wagon,moving,,,
2816.0,2025-12-02T22:56:00+00:00,W12037,wagon,moving,,,
2821.0,2025-12-02T23:01:00+00:00,LOCO_02,locomotive,moving,,,
2826.0,2025-12-02T23:06:00+00:00,LOCO_02,locomotive,moving,,,
2844.75,2025-12-02T23:24:45+00:00,W7263,wagon,rejected,T36,,NO_COLLECTION_TRACK
2844.75,2025-12-02T23:24:45+00:00,W6339,wagon,rejected,T36,,NO_COLLECTION_TRACK
2844.75,2025-12-02T23:24:45+00:00,W3618,wagon,rejected,T36,,NO_COLLECTION_TRACK
2844.75,2025-12-02T23:24:45+00:00,W7252,wagon,rejected,T36,,NO_COLLECTION_TRACK
2844.75,2025-12-02T23:24:45+00:00,W7261,wagon,arrived,T36,,
2868.5,2025-12-02T23:48:30+00:00,W2980,wagon,queued,,,
2871.5,2025-12-02T23:51:30+00:00,LOCO_01,locomotive,moving,,,
2878.5,2025-12-02T23:58:30+00:00,LOCO_01,locomotive,moving,,,
2886.0,2025-12-03T00:06:00+00:00,LOCO_02,locomotive,assigned,,,
2886.5,2025-12-03T00:06:30+00:00,LOCO_01,locomotive,moving,,,
2886.5,2025-12-03T00:06:30+00:00,W0440,wagon,moving,,,
2886.5,2025-12-03T00:06:30+00:00,W9721,wagon,moving,,,
2889.0,2025-12-03T00:09:00+00:00,LOCO_02,locomotive,moving,,,
2889.0,2025-12-03T00:09:00+00:00,W9173,wagon,moving,,,
2891.5,2025-12-03T00:11:30+00:00,W0440,wagon,in_workshop,,,
2891.5,2025-12-03T00:11:30+00:00,W9721,wagon,in_workshop,,,
2894.75,2025-12-03T00:14:45+00:00,W10321,wagon,rejected,T37,,NO_COLLECTION_TRACK
2894.75,2025-12-03T00:14:45+00:00,W7806,wagon,rejected,T37,,NO_COLLECTION_TRACK
2894.75,2025-12-03T00:14:45+00:00,W6352,wagon,arrived,T37,,
2897.5,2025-12-03T00:17:30+00:00,W0440,wagon,in_workshop,,,
2897.5,2025-12-03T00:17:30+00:00,W9721,wagon,in_workshop,,,
2897.5,2025-12-03T00:17:30+00:00,LOCO_01,locomotive,moving,,,
2902.5,2025-12-03T00:22:30+00:00,LOCO_01,locomotive,moving,,,
2949.0,2025-12-03T01:09:00+00:00,W9173,wagon,queued,,,
2950.25,2025-12-03T01:10:15+00:00,W4726,wagon,rejected,T38,,NO_COLLECTION_TRACK
2950.25,2025-12-03T01:10:15+00:00,W4701,wagon,rejected,T38,,NO_COLLECTION_TRACK
2950.25,2025-12-03T01:10:15+00:00,W4754,wagon,rejected,T38,,NO_COLLECTION_TRACK
2952.0,2025-12-03T01:12:00+00:00,LOCO_02,locomotive,moving,,,
2954.25,2025-12-03T01:14:15+00:00,W1906,wagon,rejected,T39,,No Retrofit Needed
2954.25,2025-12-03T01:14:15+00:00,W3811,wagon,rejected,T39,,No Retrofit Needed
2954.25,2025-12-03T01:14:15+00:00,W3173,wagon,rejected,T39,,No Retrofit Needed
2954.25,2025-12-03T01:14:15+00:00,W4666,wagon,rejected,T39,,No Retrofit Needed
2957.5,2025-12-03T01:17:30+00:00,W0440,wagon,retrofitted,,,
2957.5,2025-12-03T01:17:30+00:00,W9721,wagon,retrofitted,,,
2959.0,2025-12-03T01:19:00+00:00,LOCO_02,locomotive,moving,,,
2962.5,2025-12-03T01:22:30+00:00,LOCO_01,locomotive,assigned,,,
2965.5,2025-12-03T01:25:30+00:00,LOCO_01,locomotive,moving,,,
2965.5,2025-12-03T01:25:30+00:00,W2406,wagon,moving,,,
2967.0,2025-12-03T01:27:00+00:00,LOCO_02,locomotive,moving,,,
2967.0,2025-12-03T01:27:00+00:00,W9756,wagon,moving,,,
2967.0,2025-12-03T01:27:00+00:00,W11467,wagon,moving,,,
2972.0,2025-12-03T01:32:00+00:00,W9756,wagon,in_workshop,,,
2972.0,2025-12-03T01:32:00+00:00,W11467,wagon,in_workshop,,,
2978.0,2025-12-03T01:38:00+00:00,W9756,wagon,in_workshop,,,
2978.0,2025-12-03T01:38:00+00:00,W11467,wagon,in_workshop,,,
2978.0,2025-12-03T01:38:00+00:00,LOCO_02,locomotive,moving,,,
2983.0,2025-12-03T01:43:00+00:00,LOCO_02,locomotive,moving,,,
2990.0,2025-12-03T01:50:00+00:00,LOCO_02,locomotive,moving,,,
2990.0,2025-12-03T01:50:00+00:00,W0440,wagon,moving,,,
2990.0,2025-12-03T01:50:00+00:00,W9721,wagon,moving,,,
2995.0,2025-12-03T01:55:00+00:00,LOCO_02,locomotive,moving,,,
3000.0,2025-12-03T02:00:00+00:00,LOCO_02,locomotive,moving,,,
3025.5,2025-12-03T02:25:30+00:00,W2406,wagon,queued,,,
3026.75,2025-12-03T02:26:45+00:00,W7155,wagon,arrived,T40,,
3026.75,2025-12-03T02:26:45+00:00,W7258,wagon,arrived,T40,,
3026.75,2025-12-03T02:26:45+00:00,W9495,wagon,arrived,T40,,
3028.5,2025-12-03T02:28:30+00:00,LOCO_01,locomotive,moving,,,
3035.5,2025-12-03T02:35:30+00:00,LOCO_01,locomotive,moving,,,
3038.0,2025-12-03T02:38:00+00:00,W9756,wagon,retrofitted,,,
3038.0,2025-12-03T02:38:00+00:00,W11467,wagon,retrofitted,,,
3043.5,2025-12-03T02:43:30+00:00,LOCO_01,locomotive,moving,,,
3043.5,2025-12-03T02:43:30+00:00,W11988,wagon,moving,,,
3043.5,2025-12-03T02:43:30+00:00,W10354,wagon,moving,,,
3048.5,2025-12-03T02:48:30+00:00,W11988,wagon,in_workshop,,,
3048.5,2025-12-03T02:48:30+00:00,W10354,wagon,in_workshop,,,
3054.5,2025-12-03T02:54:30+00:00,W11988,wagon,in_workshop,,,
3054.5,2025-12-03T02:54:30+00:00,W10354,wagon,in_workshop,,,
3054.5,2025-12-03T02:54:30+00:00,LOCO_01,locomotive,moving,,,
3059.5,2025-12-03T02:59:30+00:00,LOCO_01,locomotive,assigned,,,
3059.5,2025-12-03T02:59:30+00:00,LOCO_01,locomotive,moving,,,
3060.0,2025-12-03T03:00:00+00:00,LOCO_02,locomotive,assigned,,,
3064.0,2025-12-03T03:04:00+00:00,W11014,wagon,arrived,T41,,
3064.0,2025-12-03T03:04:00+00:00,W9040,wagon,arrived,T41,,
3064.0,2025-12-03T03:04:00+00:00,W9345,wagon,arrived,T41,,
3066.5,2025-12-03T03:06:30+00:00,LOCO_01,locomotive,moving,,,
3067.0,2025-12-03T03:07:00+00:00,LOCO_02,locomotive,moving,,,
3067.0,2025-12-03T03:07:00+00:00,W9270,wagon,moving,,,
3067.0,2025-12-03T03:07:00+00:00,W9276,wagon,moving,,,
3067.0,2025-12-03T03:07:00+00:00,W11578,wagon,moving,,,
3114.5,2025-12-03T03:54:30+00:00,W11988,wagon,retrofitted,,,
3114.5,2025-12-03T03:54:30+00:00,W10354,wagon,retrofitted,,,
3127.0,2025-12-03T04:07:00+00:00,W9270,wagon,queued,,,
3127.0,2025-12-03T04:07:00+00:00,W9276,wagon,queued,,,
3127.0,2025-12-03T04:07:00+00:00,W11578,wagon,queued,,,
3142.0,2025-12-03T04:22:00+00:00,LOCO_02,locomotive,moving,,,
3143.0,2025-12-03T04:23:00+00:00,W2967,wagon,parked,,,
3143.0,2025-12-03T04:23:00+00:00,W9776,wagon,parked,,,
3143.0,2025-12-03T04:23:00+00:00,LOCO_01,locomotive,moving,,,
3147.0,2025-12-03T04:27:00+00:00,LOCO_02,locomotive,moving,,,
3190.75,2025-12-03T05:10:45+00:00,W11723,wagon,rejected,T42,,NO_COLLECTION_TRACK
3190.75,2025-12-03T05:10:45+00:00,W8675,wagon,rejected,T42,,NO_COLLECTION_TRACK
3190.75,2025-12-03T05:10:45+00:00,W10706,wagon,rejected,T42,,NO_COLLECTION_TRACK
3190.75,2025-12-03T05:10:45+00:00,W9959,wagon,rejected,T42,,NO_COLLECTION_TRACK
3190.75,2025-12-03T05:10:45+00:00,W7115,wagon,arrived,T42,,
3203.0,2025-12-03T05:23:00+00:00,LOCO_01,locomotive,moving,,,
3207.0,2025-12-03T05:27:00+00:00,LOCO_02,locomotive,assigned,,,
3210.0,2025-12-03T05:30:00+00:00,LOCO_01,locomotive,moving,,,
3210.0,2025-12-03T05:30:00+00:00,W9756,wagon,moving,,,
3210.0,2025-12-03T05:30:00+00:00,W11467,wagon,moving,,,
3212.0,2025-12-03T05:32:00+00:00,LOCO_02,locomotive,moving,,,
3212.0,2025-12-03T05:32:00+00:00,W2399,wagon,moving,,,
3212.0,2025-12-03T05:32:00+00:00,W9868,wagon,moving,,,
3215.0,2025-12-03T05:35:00+00:00,LOCO_01,locomotive,moving,,,
3220.0,2025-12-03T05:40:00+00:00,LOCO_01,locomotive,moving,,,
3227.0,2025-12-03T05:47:00+00:00,LOCO_01,locomotive,moving,,,
3227.0,2025-12-03T05:47:00+00:00,W11988,wagon,moving,,,
3227.0,2025-12-03T05:47:00+00:00,W10354,wagon,moving,,,
3232.0,2025-12-03T05:52:00+00:00,LOCO_01,locomotive,moving,,,
3237.25,2025-12-03T05:57:15+00:00,W4849,wagon,rejected,T43,,No Retrofit Needed
3239.0,2025-12-03T05:59:00+00:00,LOCO_01,locomotive,moving,,,
3239.25,2025-12-03T05:59:15+00:00,W8705,wagon,rejected,T44,,NO_COLLECTION_TRACK
3239.25,2025-12-03T05:59:15+00:00,W5127,wagon,rejected,T44,,NO_COLLECTION_TRACK
3247.0,2025-12-03T06:07:00+00:00,LOCO_01,locomotive,moving,,,
3247.0,2025-12-03T06:07:00+00:00,W3950,wagon,moving,,,
3247.0,2025-12-03T06:07:00+00:00,W12260,wagon,moving,,,
3252.0,2025-12-03T06:12:00+00:00,W3950,wagon,in_workshop,,,
3252.0,2025-12-03T06:12:00+00:00,W12260,wagon,in_workshop,,,
3258.0,2025-12-03T06:18:00+00:00,W3950,wagon,in_workshop,,,
3258.0,2025-12-03T06:18:00+00:00,W12260,wagon,in_workshop,,,
3258.0,2025-12-03T06:18:00+00:00,LOCO_01,locomotive,moving,,,
3263.0,2025-12-03T06:23:00+00:00,LOCO_01,locomotive,moving,,,
3272.0,2025-12-03T06:32:00+00:00,W2399,wagon,queued,,,
3272.0,2025-12-03T06:32:00+00:00,W9868,wagon,queued,,,
3281.0,2025-12-03T06:41:00+00:00,LOCO_02,locomotive,moving,,,
3287.25,2025-12-03T06:47:15+00:00,W6213,wagon,arrived,T45,,
3287.25,2025-12-03T06:47:15+00:00,W1578,wagon,arrived,T45,,
3288.0,2025-12-03T06:48:00+00:00,LOCO_02,locomotive,moving,,,
3296.0,2025-12-03T06:56:00+00:00,LOCO_02,locomotive,moving,,,
3296.0,2025-12-03T06:56:00+00:00,W0130,wagon,moving,,,
3296.0,2025-12-03T06:56:00+00:00,W7997,wagon,moving,,,
3299.0,2025-12-03T06:59:00+00:00,W9274,wagon,rejected,T46,,No Retrofit Needed
3299.0,2025-12-03T06:59:00+00:00,W9352,wagon,rejected,T46,,No Retrofit Needed
3299.0,2025-12-03T06:59:00+00:00,W5403,wagon,rejected,T46,,No Retrofit Needed
3299.0,2025-12-03T06:59:00+00:00,W10886,wagon,arrived,T46,,
3301.0,2025-12-03T07:01:00+00:00,W0130,wagon,in_workshop,,,
3301.0,2025-12-03T07:01:00+00:00,W7997,wagon,in_workshop,,,
3307.0,2025-12-03T07:07:00+00:00,W0130,wagon,in_workshop,,,
3307.0,2025-12-03T07:07:00+00:00,W7997,wagon,in_workshop,,,
3307.0,2025-12-03T07:07:00+00:00,LOCO_02,locomotive,moving,,,
3312.0,2025-12-03T07:12:00+00:00,LOCO_02,locomotive,assigned,,,
3312.0,2025-12-03T07:12:00+00:00,LOCO_02,locomotive,moving,,,
3318.0,2025-12-03T07:18:00+00:00,W3950,wagon,retrofitted,,,
3318.0,2025-12-03T07:18:00+00:00,W12260,wagon,retrofitted,,,
3321.0,2025-12-03T07:21:00+00:00,LOCO_02,locomotive,moving,,,
3323.0,2025-12-03T07:23:00+00:00,LOCO_01,locomotive,assigned,,,
3326.0,2025-12-03T07:26:00+00:00,LOCO_01,locomotive,moving,,,
3326.0,2025-12-03T07:26:00+00:00,W11970,wagon,moving,,,
3367.0,2025-12-03T08:07:00+00:00,W0130,wagon,retrofitted,,,
3367.0,2025-12-03T08:07:00+00:00,W7997,wagon,retrofitted,,,
3383.0,2025-12-03T08:23:00+00:00,W10924,wagon,rejected,T47,,NO_COLLECTION_TRACK
3383.0,2025-12-03T08:23:00+00:00,W0678,wagon,rejected,T47,,NO_COLLECTION_TRACK
3383.0,2025-12-03T08:23:00+00:00,W4655,wagon,rejected,T47,,NO_COLLECTION_TRACK
3383.0,2025-12-03T08:23:00+00:00,W5705,wagon,rejected,T47,,NO_COLLECTION_TRACK
3383.0,2025-12-03T08:23:00+00:00,W5446,wagon,arrived,T47,,
3383.0,2025-12-03T08:23:00+00:00,W10881,wagon,arrived,T47,,
3386.0,2025-12-03T08:26:00+00:00,W11970,wagon,queued,,,
3389.0,2025-12-03T08:29:00+00:00,LOCO_01,locomotive,moving,,,
3394.0,2025-12-03T08:34:00+00:00,LOCO_01,locomotive,moving,,,
3401.5,2025-12-03T08:41:30+00:00,W12208,wagon,parked,,,
3401.5,2025-12-03T08:41:30+00:00,W10130,wagon,parked,,,
3401.5,2025-12-03T08:41:30+00:00,W11348,wagon,parked,,,
3401.5,2025-12-03T08:41:30+00:00,W12037,wagon,parked,,,
3401.5,2025-12-03T08:41:30+00:00,W0440,wagon,parked,,,
3401.5,2025-12-03T08:41:30+00:00,W9721,wagon,parked,,,
3401.5,2025-12-03T08:41:30+00:00,LOCO_02,locomotive,moving,,,
3454.0,2025-12-03T09:34:00+00:00,LOCO_01,locomotive,assigned,,,
3461.0,2025-12-03T09:41:00+00:00,LOCO_01,locomotive,moving,,,
3461.0,2025-12-03T09:41:00+00:00,W12060,wagon,moving,,,
3461.0,2025-12-03T09:41:00+00:00,W12210,wagon,moving,,,
3461.0,2025-12-03T09:41:00+00:00,W8636,wagon,moving,,,
3461.5,2025-12-03T09:41:30+00:00,LOCO_02,locomotive,moving,,,
3468.5,2025-12-03T09:48:30+00:00,LOCO_02,locomotive,moving,,,
3468.5,2025-12-03T09:48:30+00:00,W3950,wagon,moving,,,
3468.5,2025-12-03T09:48:30+00:00,W12260,wagon,moving,,,
3473.5,2025-12-03T09:53:30+00:00,LOCO_02,locomotive,moving,,,
3478.5,2025-12-03T09:58:30+00:00,LOCO_02,locomotive,moving,,,
3485.5,2025-12-03T10:05:30+00:00,LOCO_02,locomotive,moving,,,
3485.5,2025-12-03T10:05:30+00:00,W0130,wagon,moving,,,
3485.5,2025-12-03T10:05:30+00:00,W7997,wagon,moving,,,
3490.5,2025-12-03T10:10:30+00:00,LOCO_02,locomotive,moving,,,
3497.5,2025-12-03T10:17:30+00:00,LOCO_02,locomotive,moving,,,
3505.5,2025-12-03T10:25:30+00:00,LOCO_02,locomotive,moving,,,
3505.5,2025-12-03T10:25:30+00:00,W9352,wagon,moving,,,
3505.5,2025-12-03T10:25:30+00:00,W8626,wagon,moving,,,
3510.5,2025-12-03T10:30:30+00:00,W9352,wagon,in_workshop,,,
3510.5,2025-12-03T10:30:30+00:00,W8626,wagon,in_workshop,,,
3516.5,2025-12-03T10:36:30+00:00,W9352,wagon,in_workshop,,,
3516.5,2025-12-03T10:36:30+00:00,W8626,wagon,in_workshop,,,
3516.5,2025-12-03T10:36:30+00:00,LOCO_02,locomotive,moving,,,
3521.0,2025-12-03T10:41:00+00:00,W12060,wagon,queued,,,
3521.0,2025-12-03T10:41:00+00:00,W12210,wagon,queued,,,
3521.0,2025-12-03T10:41:00+00:00,W8636,wagon,queued,,,
3521.5,2025-12-03T10:41:30+00:00,LOCO_02,locomotive,moving,,,
3536.0,2025-12-03T10:56:00+00:00,LOCO_01,locomotive,moving,,,
3543.0,2025-12-03T11:03:00+00:00,LOCO_01,locomotive,moving,,,
3551.0,2025-12-03T11:11:00+00:00,LOCO_01,locomotive,moving,,,
3551.0,2025-12-03T11:11:00+00:00,W9174,wagon,moving,,,
3551.0,2025-12-03T11:11:00+00:00,W9169,wagon,moving,,,
3556.0,2025-12-03T11:16:00+00:00,W9174,wagon,in_workshop,,,
3556.0,2025-12-03T11:16:00+00:00,W9169,wagon,in_workshop,,,
3557.75,2025-12-03T11:17:45+00:00,W5057,wagon,arrived,T48,,
3557.75,2025-12-03T11:17:45+00:00,W4522,wagon,arrived,T48,,
3557.75,2025-12-03T11:17:45+00:00,W4479,wagon,arrived,T48,,
3562.0,2025-12-03T11:22:00+00:00,W9174,wagon,in_workshop,,,
3562.0,2025-12-03T11:22:00+00:00,W9169,wagon,in_workshop,,,
3562.0,2025-12-03T11:22:00+00:00,LOCO_01,locomotive,moving,,,
3567.0,2025-12-03T11:27:00+00:00,LOCO_01,locomotive,assigned,,,
3567.0,2025-12-03T11:27:00+00:00,LOCO_01,locomotive,moving,,,
3575.0,2025-12-03T11:35:00+00:00,LOCO_01,locomotive,moving,,,
3576.5,2025-12-03T11:36:30+00:00,W9352,wagon,retrofitted,,,
3576.5,2025-12-03T11:36:30+00:00,W8626,wagon,retrofitted,,,
3581.5,2025-12-03T11:41:30+00:00,LOCO_02,locomotive,assigned,,,
3584.5,2025-12-03T11:44:30+00:00,LOCO_02,locomotive,moving,,,
3584.5,2025-12-03T11:44:30+00:00,W3173,wagon,moving,,,
3622.0,2025-12-03T12:22:00+00:00,W9174,wagon,retrofitted,,,
3622.0,2025-12-03T12:22:00+00:00,W9169,wagon,retrofitted,,,
3644.5,2025-12-03T12:44:30+00:00,W3173,wagon,queued,,,
3647.5,2025-12-03T12:47:30+00:00,LOCO_02,locomotive,moving,,,
3652.5,2025-12-03T12:52:30+00:00,LOCO_02,locomotive,moving,,,
3653.5,2025-12-03T12:53:30+00:00,W9756,wagon,parked,,,
3653.5,2025-12-03T12:53:30+00:00,W11467,wagon,parked,,,
3653.5,2025-12-03T12:53:30+00:00,W11988,wagon,parked,,,
3653.5,2025-12-03T12:53:30+00:00,W10354,wagon,parked,,,
3653.5,2025-12-03T12:53:30+00:00,LOCO_01,locomotive,moving,,,
3712.5,2025-12-03T13:52:30+00:00,LOCO_02,locomotive,assigned,,,
3713.5,2025-12-03T13:53:30+00:00,LOCO_01,locomotive,moving,,,
3719.5,2025-12-03T13:59:30+00:00,LOCO_02,locomotive,moving,,,
3719.5,2025-12-03T13:59:30+00:00,W10949,wagon,moving,,,
3719.5,2025-12-03T13:59:30+00:00,W8631,wagon,moving,,,
3719.5,2025-12-03T13:59:30+00:00,W9392,wagon,moving,,,
3720.5,2025-12-03T14:00:30+00:00,LOCO_01,locomotive,moving,,,
3720.5,2025-12-03T14:00:30+00:00,W9352,wagon,moving,,,
3720.5,2025-12-03T14:00:30+00:00,W8626,wagon,moving,,,
3725.5,2025-12-03T14:05:30+00:00,LOCO_01,locomotive,moving,,,
3730.5,2025-12-03T14:10:30+00:00,LOCO_01,locomotive,moving,,,
3737.5,2025-12-03T14:17:30+00:00,LOCO_01,locomotive,moving,,,
3737.5,2025-12-03T14:17:30+00:00,W9174,wagon,moving,,,
3737.5,2025-12-03T14:17:30+00:00,W9169,wagon,moving,,,
3742.5,2025-12-03T14:22:30+00:00,LOCO_01,locomotive,moving,,,
3749.5,2025-12-03T14:29:30+00:00,LOCO_01,locomotive,moving,,,
3757.5,2025-12-03T14:37:30+00:00,LOCO_01,locomotive,moving,,,
3757.5,2025-12-03T14:37:30+00:00,W2980,wagon,moving,,,
3757.5,2025-12-03T14:37:30+00:00,W9173,wagon,moving,,,
3762.5,2025-12-03T14:42:30+00:00,W2980,wagon,in_workshop,,,
3762.5,2025-12-03T14:42:30+00:00,W9173,wagon,in_workshop,,,
3768.5,2025-12-03T14:48:30+00:00,W2980,wagon,in_workshop,,,
3768.5,2025-12-03T14:48:30+00:00,W9173,wagon,in_workshop,,,
3768.5,2025-12-03T14:48:30+00:00,LOCO_01,locomotive,moving,,,
3773.5,2025-12-03T14:53:30+00:00,LOCO_01,locomotive,moving,,,
3779.5,2025-12-03T14:59:30+00:00,W10949,wagon,queued,,,
3779.5,2025-12-03T14:59:30+00:00,W8631,wagon,queued,,,
3779.5,2025-12-03T14:59:30+00:00,W9392,wagon,queued,,,
3794.5,2025-12-03T15:14:30+00:00,LOCO_02,locomotive,moving,,,
3801.5,2025-12-03T15:21:30+00:00,LOCO_02,locomotive,moving,,,
3809.5,2025-12-03T15:29:30+00:00,LOCO_02,locomotive,moving,,,
3809.5,2025-12-03T15:29:30+00:00,W2406,wagon,moving,,,
3809.5,2025-12-03T15:29:30+00:00,W9270,wagon,moving,,,
3814.5,2025-12-03T15:34:30+00:00,W2406,wagon,in_workshop,,,
3814.5,2025-12-03T15:34:30+00:00,W9270,wagon,in_workshop,,,
3820.5,2025-12-03T15:40:30+00:00,W2406,wagon,in_workshop,,,
3820.5,2025-12-03T15:40:30+00:00,W9270,wagon,in_workshop,,,
3820.5,2025-12-03T15:40:30+00:00,LOCO_02,locomotive,moving,,,
3825.5,2025-12-03T15:45:30+00:00,LOCO_02,locomotive,assigned,,,
3825.5,2025-12-03T15:45:30+00:00,LOCO_02,locomotive,moving,,,
3828.5,2025-12-03T15:48:30+00:00,W2980,wagon,retrofitted,,,
3828.5,2025-12-03T15:48:30+00:00,W9173,wagon,retrofitted,,,
3833.5,2025-12-03T15:53:30+00:00,LOCO_01,locomotive,assigned,,,
3833.5,2025-12-03T15:53:30+00:00,LOCO_02,locomotive,moving,,,
3836.5,2025-12-03T15:56:30+00:00,LOCO_01,locomotive,moving,,,
3836.5,2025-12-03T15:56:30+00:00,W5038,wagon,moving,,,
3880.5,2025-12-03T16:40:30+00:00,W2406,wagon,retrofitted,,,
3880.5,2025-12-03T16:40:30+00:00,W9270,wagon,retrofitted,,,
3896.5,2025-12-03T16:56:30+00:00,W5038,wagon,queued,,,
3899.5,2025-12-03T16:59:30+00:00,LOCO_01,locomotive,moving,,,
3904.5,2025-12-03T17:04:30+00:00,LOCO_01,locomotive,moving,,,
3940.75,2025-12-03T17:40:45+00:00,W2737,wagon,arrived,T49,,
3940.75,2025-12-03T17:40:45+00:00,W10081,wagon,arrived,T49,,
3940.75,2025-12-03T17:40:45+00:00,W7253,wagon,arrived,T49,,
3955.25,2025-12-03T17:55:15+00:00,W2971,wagon,arrived,T50,,
3955.25,2025-12-03T17:55:15+00:00,W0607,wagon,arrived,T50,,
3957.0,2025-12-03T17:57:00+00:00,W3950,wagon,parked,,,
3957.0,2025-12-03T17:57:00+00:00,W12260,wagon,parked,,,
3957.0,2025-12-03T17:57:00+00:00,W0130,wagon,parked,,,
3957.0,2025-12-03T17:57:00+00:00,W7997,wagon,parked,,,
3957.0,2025-12-03T17:57:00+00:00,LOCO_02,locomotive,moving,,,
3964.5,2025-12-03T18:04:30+00:00,LOCO_01,locomotive,assigned,,,
3971.5,2025-12-03T18:11:30+00:00,LOCO_01,locomotive,moving,,,
3971.5,2025-12-03T18:11:30+00:00,W9274,wagon,moving,,,
3971.5,2025-12-03T18:11:30+00:00,W8613,wagon,moving,,,
3971.5,2025-12-03T18:11:30+00:00,W6140,wagon,moving,,,
3997.75,2025-12-03T18:37:45+00:00,W12036,wagon,rejected,T51,,NO_COLLECTION_TRACK
3997.75,2025-12-03T18:37:45+00:00,W2786,wagon,rejected,T51,,NO_COLLECTION_TRACK
3997.75,2025-12-03T18:37:45+00:00,W2877,wagon,rejected,T51,,NO_COLLECTION_TRACK
3997.75,2025-12-03T18:37:45+00:00,W318166502860,wagon,rejected,T51,,NO_COLLECTION_TRACK
3997.75,2025-12-03T18:37:45+00:00,W9981,wagon,rejected,T51,,NO_COLLECTION_TRACK
3997.75,2025-12-03T18:37:45+00:00,W8717,wagon,rejected,T51,,NO_COLLECTION_TRACK
3997.75,2025-12-03T18:37:45+00:00,W5694,wagon,rejected,T51,,NO_COLLECTION_TRACK
3997.75,2025-12-03T18:37:45+00:00,W2771,wagon,rejected,T51,,NO_COLLECTION_TRACK
4017.0,2025-12-03T18:57:00+00:00,LOCO_02,locomotive,moving,,,
4024.0,2025-12-03T19:04:00+00:00,LOCO_02,locomotive,moving,,,
4024.0,2025-12-03T19:04:00+00:00,W2980,wagon,moving,,,
4024.0,2025-12-03T19:04:00+00:00,W9173,wagon,moving,,,
4029.0,2025-12-03T19:09:00+00:00,LOCO_02,locomotive,moving,,,
4031.5,2025-12-03T19:11:30+00:00,W9274,wagon,queued,,,
4031.5,2025-12-03T19:11:30+00:00,W8613,wagon,queued,,,
4031.5,2025-12-03T19:11:30+00:00,W6140,wagon,queued,,,
4034.0,2025-12-03T19:14:00+00:00,LOCO_02,locomotive,moving,,,
4041.0,2025-12-03T19:21:00+00:00,LOCO_02,locomotive,moving,,,
4041.0,2025-12-03T19:21:00+00:00,W2406,wagon,moving,,,
4041.0,2025-12-03T19:21:00+00:00,W9270,wagon,moving,,,
4046.0,2025-12-03T19:26:00+00:00,LOCO_02,locomotive,moving,,,
4046.5,2025-12-03T19:26:30+00:00,LOCO_01,locomotive,moving,,,
4051.5,2025-12-03T19:31:30+00:00,LOCO_01,locomotive,moving,,,
4053.0,2025-12-03T19:33:00+00:00,LOCO_02,locomotive,moving,,,
4061.0,2025-12-03T19:41:00+00:00,LOCO_02,locomotive,moving,,,
4061.0,2025-12-03T19:41:00+00:00,W9276,wagon,moving,,,
4061.0,2025-12-03T19:41:00+00:00,W11578,wagon,moving,,,
4066.0,2025-12-03T19:46:00+00:00,W9276,wagon,in_workshop,,,
4066.0,2025-12-03T19:46:00+00:00,W11578,wagon,in_workshop,,,
4072.0,2025-12-03T19:52:00+00:00,W9276,wagon,in_workshop,,,
4072.0,2025-12-03T19:52:00+00:00,W11578,wagon,in_workshop,,,
4072.0,2025-12-03T19:52:00+00:00,LOCO_02,locomotive,moving,,,
4079.0,2025-12-03T19:59:00+00:00,LOCO_02,locomotive,moving,,,
4087.0,2025-12-03T20:07:00+00:00,LOCO_02,locomotive,moving,,,
4087.0,2025-12-03T20:07:00+00:00,W2399,wagon,moving,,,
4087.0,2025-12-03T20:07:00+00:00,W9868,wagon,moving,,,
4092.0,2025-12-03T20:12:00+00:00,W2399,wagon,in_workshop,,,
4092.0,2025-12-03T20:12:00+00:00,W9868,wagon,in_workshop,,,
4093.25,2025-12-03T20:13:15+00:00,W2744,wagon,rejected,T52,,NO_COLLECTION_TRACK
4093.25,2025-12-03T20:13:15+00:00,W2686,wagon,rejected,T52,,NO_COLLECTION_TRACK
4093.25,2025-12-03T20:13:15+00:00,W8473,wagon,rejected,T52,,NO_COLLECTION_TRACK
4093.25,2025-12-03T20:13:15+00:00,W0032,wagon,arrived,T52,,
4093.25,2025-12-03T20:13:15+00:00,W6592,wagon,arrived,T52,,
4093.25,2025-12-03T20:13:15+00:00,W10601,wagon,arrived,T52,,
4093.25,2025-12-03T20:13:15+00:00,W6942,wagon,arrived,T52,,
4098.0,2025-12-03T20:18:00+00:00,W2399,wagon,in_workshop,,,
4098.0,2025-12-03T20:18:00+00:00,W9868,wagon,in_workshop,,,
4098.0,2025-12-03T20:18:00+00:00,LOCO_02,locomotive,moving,,,
4103.0,2025-12-03T20:23:00+00:00,LOCO_02,locomotive,moving,,,
4111.5,2025-12-03T20:31:30+00:00,LOCO_01,locomotive,assigned,,,
4114.5,2025-12-03T20:34:30+00:00,LOCO_01,locomotive,moving,,,
4114.5,2025-12-03T20:34:30+00:00,W11261,wagon,moving,,,
4132.0,2025-12-03T20:52:00+00:00,W9276,wagon,retrofitted,,,
4132.0,2025-12-03T20:52:00+00:00,W11578,wagon,retrofitted,,,
4158.0,2025-12-03T21:18:00+00:00,W2399,wagon,retrofitted,,,
4158.0,2025-12-03T21:18:00+00:00,W9868,wagon,retrofitted,,,
4163.0,2025-12-03T21:23:00+00:00,LOCO_02,locomotive,assigned,,,
4170.0,2025-12-03T21:30:00+00:00,LOCO_02,locomotive,moving,,,
4170.0,2025-12-03T21:30:00+00:00,W10364,wagon,moving,,,
4170.0,2025-12-03T21:30:00+00:00,W6077,wagon,moving,,,
4170.0,2025-12-03T21:30:00+00:00,W0623,wagon,moving,,,
4174.5,2025-12-03T21:34:30+00:00,W11261,wagon,queued,,,
4177.5,2025-12-03T21:37:30+00:00,LOCO_01,locomotive,moving,,,
4182.5,2025-12-03T21:42:30+00:00,LOCO_01,locomotive,moving,,,
4189.5,2025-12-03T21:49:30+00:00,LOCO_01,locomotive,moving,,,
4189.5,2025-12-03T21:49:30+00:00,W9276,wagon,moving,,,
4189.5,2025-12-03T21:49:30+00:00,W11578,wagon,moving,,,
4194.5,2025-12-03T21:54:30+00:00,LOCO_01,locomotive,moving,,,
4199.5,2025-12-03T21:59:30+00:00,LOCO_01,locomotive,assigned,,,
4199.5,2025-12-03T21:59:30+00:00,LOCO_01,locomotive,moving,,,
4207.5,2025-12-03T22:07:30+00:00,LOCO_01,locomotive,moving,,,
4230.0,2025-12-03T22:30:00+00:00,W10364,wagon,queued,,,
4230.0,2025-12-03T22:30:00+00:00,W6077,wagon,queued,,,
4230.0,2025-12-03T22:30:00+00:00,W0623,wagon,queued,,,
4245.0,2025-12-03T22:45:00+00:00,LOCO_02,locomotive,moving,,,
4252.0,2025-12-03T22:52:00+00:00,LOCO_02,locomotive,moving,,,
4260.0,2025-12-03T23:00:00+00:00,LOCO_02,locomotive,moving,,,
4260.0,2025-12-03T23:00:00+00:00,W11970,wagon,moving,,,
4260.0,2025-12-03T23:00:00+00:00,W12060,wagon,moving,,,
4265.0,2025-12-03T23:05:00+00:00,W11970,wagon,in_workshop,,,
4265.0,2025-12-03T23:05:00+00:00,W12060,wagon,in_workshop,,,
4271.0,2025-12-03T23:11:00+00:00,W11970,wagon,in_workshop,,,
4271.0,2025-12-03T23:11:00+00:00,W12060,wagon,in_workshop,,,
4271.0,2025-12-03T23:11:00+00:00,LOCO_02,locomotive,moving,,,
4276.0,2025-12-03T23:16:00+00:00,LOCO_02,locomotive,moving,,,
4286.0,2025-12-03T23:26:00+00:00,W9352,wagon,parked,,,
4286.0,2025-12-03T23:26:00+00:00,W8626,wagon,parked,,,
4286.0,2025-12-03T23:26:00+00:00,W9174,wagon,parked,,,
4286.0,2025-12-03T23:26:00+00:00,W9169,wagon,parked,,,
4286.0,2025-12-03T23:26:00+00:00,LOCO_01,locomotive,moving,,,
4293.0,2025-12-03T23:33:00+00:00,W5167,wagon,rejected,T53,,No Retrofit Needed
4293.0,2025-12-03T23:33:00+00:00,W5391,wagon,rejected,T53,,No Retrofit Needed
4320.75,2025-12-04T00:00:45+00:00,W4026,wagon,rejected,T54,,No Retrofit Needed
4320.75,2025-12-04T00:00:45+00:00,W2772,wagon,rejected,T54,,No Retrofit Needed
4320.75,2025-12-04T00:00:45+00:00,W3651,wagon,rejected,T54,,No Retrofit Needed
4331.0,2025-12-04T00:11:00+00:00,W11970,wagon,retrofitted,,,
4331.0,2025-12-04T00:11:00+00:00,W12060,wagon,retrofitted,,,
4336.0,2025-12-04T00:16:00+00:00,LOCO_02,locomotive,assigned,,,
4339.0,2025-12-04T00:19:00+00:00,LOCO_02,locomotive,moving,,,
4339.0,2025-12-04T00:19:00+00:00,W11259,wagon,moving,,,
4346.0,2025-12-04T00:26:00+00:00,LOCO_01,locomotive,moving,,,
4379.0,2025-12-04T00:59:00+00:00,W6884,wagon,rejected,T55,,NO_COLLECTION_TRACK
4379.0,2025-12-04T00:59:00+00:00,W5575,wagon,rejected,T55,,NO_COLLECTION_TRACK
4379.0,2025-12-04T00:59:00+00:00,W6246,wagon,arrived,T55,,
4379.0,2025-12-04T00:59:00+00:00,W5947,wagon,arrived,T55,,
4379.0,2025-12-04T00:59:00+00:00,W5711,wagon,arrived,T55,,
4387.75,2025-12-04T01:07:45+00:00,W11718,wagon,rejected,T56,,No Retrofit Needed
4387.75,2025-12-04T01:07:45+00:00,W6339,wagon,rejected,T56,,No Retrofit Needed
4387.75,2025-12-04T01:07:45+00:00,W3618,wagon,rejected,T56,,No Retrofit Needed
4399.0,2025-12-04T01:19:00+00:00,W11259,wagon,queued,,,
4402.0,2025-12-04T01:22:00+00:00,LOCO_02,locomotive,moving,,,
4406.0,2025-12-04T01:26:00+00:00,LOCO_01,locomotive,assigned,,,
4407.0,2025-12-04T01:27:00+00:00,LOCO_02,locomotive,moving,,,
4411.0,2025-12-04T01:31:00+00:00,LOCO_01,locomotive,moving,,,
4411.0,2025-12-04T01:31:00+00:00,W11254,wagon,moving,,,
4411.0,2025-12-04T01:31:00+00:00,W10878,wagon,moving,,,
4414.0,2025-12-04T01:34:00+00:00,LOCO_02,locomotive,moving,,,
4414.0,2025-12-04T01:34:00+00:00,W2399,wagon,moving,,,
4414.0,2025-12-04T01:34:00+00:00,W9868,wagon,moving,,,
4419.0,2025-12-04T01:39:00+00:00,LOCO_02,locomotive,moving,,,
4424.0,2025-12-04T01:44:00+00:00,LOCO_02,locomotive,moving,,,
4431.0,2025-12-04T01:51:00+00:00,LOCO_02,locomotive,moving,,,
4431.0,2025-12-04T01:51:00+00:00,W11970,wagon,moving,,,
4431.0,2025-12-04T01:51:00+00:00,W12060,wagon,moving,,,
4436.0,2025-12-04T01:56:00+00:00,LOCO_02,locomotive,moving,,,
4443.0,2025-12-04T02:03:00+00:00,LOCO_02,locomotive,moving,,,
4451.0,2025-12-04T02:11:00+00:00,LOCO_02,locomotive,moving,,,
4451.0,2025-12-04T02:11:00+00:00,W12210,wagon,moving,,,
4451.0,2025-12-04T02:11:00+00:00,W8636,wagon,moving,,,
4456.0,2025-12-04T02:16:00+00:00,W12210,wagon,in_workshop,,,
4456.0,2025-12-04T02:16:00+00:00,W8636,wagon,in_workshop,,,
4462.0,2025-12-04T02:22:00+00:00,W12210,wagon,in_workshop,,,
4462.0,2025-12-04T02:22:00+00:00,W8636,wagon,in_workshop,,,
4462.0,2025-12-04T02:22:00+00:00,LOCO_02,locomotive,moving,,,
4467.0,2025-12-04T02:27:00+00:00,LOCO_02,locomotive,moving,,,
4471.0,2025-12-04T02:31:00+00:00,W11254,wagon,queued,,,
4471.0,2025-12-04T02:31:00+00:00,W10878,wagon,queued,,,
4480.0,2025-12-04T02:40:00+00:00,LOCO_01,locomotive,moving,,,
4487.0,2025-12-04T02:47:00+00:00,LOCO_01,locomotive,moving,,,
4491.5,2025-12-04T02:51:30+00:00,W11268,wagon,rejected,T57,,No Retrofit Needed
4491.5,2025-12-04T02:51:30+00:00,W0600,wagon,rejected,T57,,NO_COLLECTION_TRACK
4491.5,2025-12-04T02:51:30+00:00,W8085,wagon,arrived,T57,,
4491.5,2025-12-04T02:51:30+00:00,W8082,wagon,arrived,T57,,
4491.5,2025-12-04T02:51:30+00:00,W8052,wagon,arrived,T57,,
4491.5,2025-12-04T02:51:30+00:00,W8096,wagon,arrived,T57,,
4495.0,2025-12-04T02:55:00+00:00,LOCO_01,locomotive,moving,,,
4495.0,2025-12-04T02:55:00+00:00,W3173,wagon,moving,,,
4495.0,2025-12-04T02:55:00+00:00,W10949,wagon,moving,,,
4500.0,2025-12-04T03:00:00+00:00,W3173,wagon,in_workshop,,,
4500.0,2025-12-04T03:00:00+00:00,W10949,wagon,in_workshop,,,
4506.0,2025-12-04T03:06:00+00:00,W3173,wagon,in_workshop,,,
4506.0,2025-12-04T03:06:00+00:00,W10949,wagon,in_workshop,,,
4506.0,2025-12-04T03:06:00+00:00,LOCO_01,locomotive,moving,,,
4511.0,2025-12-04T03:11:00+00:00,LOCO_01,locomotive,assigned,,,
4511.0,2025-12-04T03:11:00+00:00,LOCO_01,locomotive,moving,,,
4520.0,2025-12-04T03:20:00+00:00,LOCO_01,locomotive,moving,,,
4522.0,2025-12-04T03:22:00+00:00,W12210,wagon,retrofitted,,,
4522.0,2025-12-04T03:22:00+00:00,W8636,wagon,retrofitted,,,
4527.0,2025-12-04T03:27:00+00:00,LOCO_02,locomotive,assigned,,,
4530.0,2025-12-04T03:30:00+00:00,LOCO_02,locomotive,moving,,,
4530.0,2025-12-04T03:30:00+00:00,W5167,wagon,moving,,,
4566.0,2025-12-04T04:06:00+00:00,W3173,wagon,retrofitted,,,
4566.0,2025-12-04T04:06:00+00:00,W10949,wagon,retrofitted,,,
4585.5,2025-12-04T04:25:30+00:00,W2980,wagon,parked,,,
4585.5,2025-12-04T04:25:30+00:00,W9173,wagon,parked,,,
4585.5,2025-12-04T04:25:30+00:00,W2406,wagon,parked,,,
4585.5,2025-12-04T04:25:30+00:00,W9270,wagon,parked,,,
4585.5,2025-12-04T04:25:30+00:00,W9276,wagon,parked,,,
4585.5,2025-12-04T04:25:30+00:00,W11578,wagon,parked,,,
4585.5,2025-12-04T04:25:30+00:00,LOCO_01,locomotive,moving,,,
4590.0,2025-12-04T04:30:00+00:00,W5167,wagon,queued,,,
4593.0,2025-12-04T04:33:00+00:00,LOCO_02,locomotive,moving,,,
4598.0,2025-12-04T04:38:00+00:00,LOCO_02,locomotive,moving,,,
4645.5,2025-12-04T05:25:30+00:00,LOCO_01,locomotive,moving,,,
4652.5,2025-12-04T05:32:30+00:00,LOCO_01,locomotive,moving,,,
4652.5,2025-12-04T05:32:30+00:00,W12210,wagon,moving,,,
4652.5,2025-12-04T05:32:30+00:00,W8636,wagon,moving,,,
4654.5,2025-12-04T05:34:30+00:00,W8383,wagon,rejected,T58,,NO_COLLECTION_TRACK
4654.5,2025-12-04T05:34:30+00:00,W8381,wagon,rejected,T58,,NO_COLLECTION_TRACK
4657.5,2025-12-04T05:37:30+00:00,LOCO_01,locomotive,moving,,,
4658.0,2025-12-04T05:38:00+00:00,LOCO_02,locomotive,assigned,,,
4662.5,2025-12-04T05:42:30+00:00,LOCO_01,locomotive,moving,,,
4667.0,2025-12-04T05:47:00+00:00,LOCO_02,locomotive,moving,,,
4667.0,2025-12-04T05:47:00+00:00,W10889,wagon,moving,,,
4667.0,2025-12-04T05:47:00+00:00,W5978,wagon,moving,,,
4667.0,2025-12-04T05:47:00+00:00,W12077,wagon,moving,,,
4667.0,2025-12-04T05:47:00+00:00,W6352,wagon,moving,,,
4669.5,2025-12-04T05:49:30+00:00,LOCO_01,locomotive,moving,,,
4669.5,2025-12-04T05:49:30+00:00,W3173,wagon,moving,,,
4669.5,2025-12-04T05:49:30+00:00,W10949,wagon,moving,,,
4674.5,2025-12-04T05:54:30+00:00,LOCO_01,locomotive,moving,,,
4676.75,2025-12-04T05:56:45+00:00,W0117,wagon,rejected,T59,,NO_COLLECTION_TRACK
4676.75,2025-12-04T05:56:45+00:00,W0191,wagon,rejected,T59,,NO_COLLECTION_TRACK
4676.75,2025-12-04T05:56:45+00:00,W11315,wagon,rejected,T59,,NO_COLLECTION_TRACK
4676.75,2025-12-04T05:56:45+00:00,W9067,wagon,arrived,T59,,
4681.5,2025-12-04T06:01:30+00:00,LOCO_01,locomotive,moving,,,
4689.5,2025-12-04T06:09:30+00:00,LOCO_01,locomotive,moving,,,
4689.5,2025-12-04T06:09:30+00:00,W8631,wagon,moving,,,
4689.5,2025-12-04T06:09:30+00:00,W9392,wagon,moving,,,
4694.5,2025-12-04T06:14:30+00:00,W8631,wagon,in_workshop,,,
4694.5,2025-12-04T06:14:30+00:00,W9392,wagon,in_workshop,,,
4700.5,2025-12-04T06:20:30+00:00,W8631,wagon,in_workshop,,,
4700.5,2025-12-04T06:20:30+00:00,W9392,wagon,in_workshop,,,
4700.5,2025-12-04T06:20:30+00:00,LOCO_01,locomotive,moving,,,
4704.0,2025-12-04T06:24:00+00:00,W4368,wagon,rejected,T60,,NO_COLLECTION_TRACK
4704.0,2025-12-04T06:24:00+00:00,W6862,wagon,rejected,T60,,NO_COLLECTION_TRACK
4704.0,2025-12-04T06:24:00+00:00,W1084,wagon,rejected,T60,,NO_COLLECTION_TRACK
4704.0,2025-12-04T06:24:00+00:00,W11555,wagon,rejected,T60,,NO_COLLECTION_TRACK
4705.5,2025-12-04T06:25:30+00:00,LOCO_01,locomotive,moving,,,
4727.0,2025-12-04T06:47:00+00:00,W10889,wagon,queued,,,
4727.0,2025-12-04T06:47:00+00:00,W5978,wagon,queued,,,
4727.0,2025-12-04T06:47:00+00:00,W12077,wagon,queued,,,
4727.0,2025-12-04T06:47:00+00:00,W6352,wagon,queued,,,
4748.0,2025-12-04T07:08:00+00:00,LOCO_02,locomotive,moving,,,
4755.0,2025-12-04T07:15:00+00:00,LOCO_02,locomotive,moving,,,
4760.5,2025-12-04T07:20:30+00:00,W8631,wagon,retrofitted,,,
4760.5,2025-12-04T07:20:30+00:00,W9392,wagon,retrofitted,,,
4761.25,2025-12-04T07:21:15+00:00,W11723,wagon,rejected,T61,,No Retrofit Needed
4761.25,2025-12-04T07:21:15+00:00,W2926,wagon,rejected,T61,,No Retrofit Needed
4761.25,2025-12-04T07:21:15+00:00,W4655,wagon,rejected,T61,,No Retrofit Needed
4761.25,2025-12-04T07:21:15+00:00,W11596,wagon,arrived,T61,,
4761.25,2025-12-04T07:21:15+00:00,W10957,wagon,arrived,T61,,
4763.0,2025-12-04T07:23:00+00:00,LOCO_02,locomotive,moving,,,
4763.0,2025-12-04T07:23:00+00:00,W5038,wagon,moving,,,
4763.0,2025-12-04T07:23:00+00:00,W9274,wagon,moving,,,
4765.5,2025-12-04T07:25:30+00:00,LOCO_01,locomotive,assigned,,,
4768.0,2025-12-04T07:28:00+00:00,W5038,wagon,in_workshop,,,
4768.0,2025-12-04T07:28:00+00:00,W9274,wagon,in_workshop,,,
4768.5,2025-12-04T07:28:30+00:00,LOCO_01,locomotive,moving,,,
4768.5,2025-12-04T07:28:30+00:00,W4666,wagon,moving,,,
4774.0,2025-12-04T07:34:00+00:00,W5038,wagon,in_workshop,,,
4774.0,2025-12-04T07:34:00+00:00,W9274,wagon,in_workshop,,,
4774.0,2025-12-04T07:34:00+00:00,LOCO_02,locomotive,moving,,,
4779.0,2025-12-04T07:39:00+00:00,LOCO_02,locomotive,assigned,,,
4779.0,2025-12-04T07:39:00+00:00,LOCO_02,locomotive,moving,,,
4787.0,2025-12-04T07:47:00+00:00,LOCO_02,locomotive,moving,,,
4795.5,2025-12-04T07:55:30+00:00,W2399,wagon,parked,,,
4795.5,2025-12-04T07:55:30+00:00,W9868,wagon,parked,,,
4795.5,2025-12-04T07:55:30+00:00,W11970,wagon,parked,,,
4795.5,2025-12-04T07:55:30+00:00,W12060,wagon,parked,,,
4795.5,2025-12-04T07:55:30+00:00,LOCO_02,locomotive,moving,,,
4800.5,2025-12-04T08:00:30+00:00,LOCO_02,locomotive,moving,,,
4804.0,2025-12-04T08:04:00+00:00,W4701,wagon,rejected,T62,,No Retrofit Needed
4804.0,2025-12-04T08:04:00+00:00,W4754,wagon,rejected,T62,,No Retrofit Needed
4804.0,2025-12-04T08:04:00+00:00,W4726,wagon,rejected,T62,,No Retrofit Needed
4824.0,2025-12-04T08:24:00+00:00,W6277,wagon,rejected,T63,,NO_COLLECTION_TRACK
4824.0,2025-12-04T08:24:00+00:00,W10928,wagon,rejected,T63,,NO_COLLECTION_TRACK
4824.0,2025-12-04T08:24:00+00:00,W6303,wagon,arrived,T63,,
4824.0,2025-12-04T08:24:00+00:00,W10958,wagon,arrived,T63,,
4828.5,2025-12-04T08:28:30+00:00,W4666,wagon,queued,,,
4831.5,2025-12-04T08:31:30+00:00,LOCO_01,locomotive,moving,,,
4834.0,2025-12-04T08:34:00+00:00,W5038,wagon,retrofitted,,,
4834.0,2025-12-04T08:34:00+00:00,W9274,wagon,retrofitted,,,
4836.5,2025-12-04T08:36:30+00:00,LOCO_01,locomotive,moving,,,
4843.5,2025-12-04T08:43:30+00:00,LOCO_01,locomotive,moving,,,
4843.5,2025-12-04T08:43:30+00:00,W8631,wagon,moving,,,
4843.5,2025-12-04T08:43:30+00:00,W9392,wagon,moving,,,
4848.5,2025-12-04T08:48:30+00:00,LOCO_01,locomotive,moving,,,
4853.5,2025-12-04T08:53:30+00:00,LOCO_01,locomotive,moving,,,
4854.0,2025-12-04T08:54:00+00:00,W0605,wagon,rejected,T64,,NO_COLLECTION_TRACK
4854.0,2025-12-04T08:54:00+00:00,W0615,wagon,rejected,T64,,NO_COLLECTION_TRACK
4854.0,2025-12-04T08:54:00+00:00,W2291,wagon,arrived,T64,,
4860.5,2025-12-04T09:00:30+00:00,LOCO_02,locomotive,assigned,,,
4860.5,2025-12-04T09:00:30+00:00,LOCO_01,locomotive,moving,,,
4860.5,2025-12-04T09:00:30+00:00,W5038,wagon,moving,,,
4860.5,2025-12-04T09:00:30+00:00,W9274,wagon,moving,,,
4865.5,2025-12-04T09:05:30+00:00,LOCO_01,locomotive,moving,,,
4869.5,2025-12-04T09:09:30+00:00,LOCO_02,locomotive,moving,,,
4869.5,2025-12-04T09:09:30+00:00,W11014,wagon,moving,,,
4869.5,2025-12-04T09:09:30+00:00,W9040,wagon,moving,,,
4869.5,2025-12-04T09:09:30+00:00,W6213,wagon,moving,,,
4869.5,2025-12-04T09:09:30+00:00,W1578,wagon,moving,,,
4872.5,2025-12-04T09:12:30+00:00,LOCO_01,locomotive,moving,,,
4880.5,2025-12-04T09:20:30+00:00,LOCO_01,locomotive,moving,,,
4880.5,2025-12-04T09:20:30+00:00,W8613,wagon,moving,,,
4880.5,2025-12-04T09:20:30+00:00,W6140,wagon,moving,,,
4885.5,2025-12-04T09:25:30+00:00,W8613,wagon,in_workshop,,,
4885.5,2025-12-04T09:25:30+00:00,W6140,wagon,in_workshop,,,
4891.5,2025-12-04T09:31:30+00:00,W8613,wagon,in_workshop,,,
4891.5,2025-12-04T09:31:30+00:00,W6140,wagon,in_workshop,,,
4891.5,2025-12-04T09:31:30+00:00,LOCO_01,locomotive,moving,,,
4896.5,2025-12-04T09:36:30+00:00,LOCO_01,locomotive,moving,,,
4929.5,2025-12-04T10:09:30+00:00,W11014,wagon,queued,,,
4929.5,2025-12-04T10:09:30+00:00,W9040,wagon,queued,,,
4929.5,2025-12-04T10:09:30+00:00,W6213,wagon,queued,,,
4929.5,2025-12-04T10:09:30+00:00,W1578,wagon,queued,,,
4950.5,2025-12-04T10:30:30+00:00,LOCO_02,locomotive,moving,,,
4951.5,2025-12-04T10:31:30+00:00,W8613,wagon,retrofitted,,,
4951.5,2025-12-04T10:31:30+00:00,W6140,wagon,retrofitted,,,
4956.5,2025-12-04T10:36:30+00:00,LOCO_01,locomotive,assigned,,,
4957.5,2025-12-04T10:37:30+00:00,LOCO_02,locomotive,moving,,,
4959.5,2025-12-04T10:39:30+00:00,LOCO_01,locomotive,moving,,,
4959.5,2025-12-04T10:39:30+00:00,W11269,wagon,moving,,,
4965.5,2025-12-04T10:45:30+00:00,LOCO_02,locomotive,moving,,,
4965.5,2025-12-04T10:45:30+00:00,W11261,wagon,moving,,,
4965.5,2025-12-04T10:45:30+00:00,W10364,wagon,moving,,,
4970.5,2025-12-04T10:50:30+00:00,W11261,wagon,in_workshop,,,
4970.5,2025-12-04T10:50:30+00:00,W10364,wagon,in_workshop,,,
4976.5,2025-12-04T10:56:30+00:00,W11261,wagon,in_workshop,,,
4976.5,2025-12-04T10:56:30+00:00,W10364,wagon,in_workshop,,,
4976.5,2025-12-04T10:56:30+00:00,LOCO_02,locomotive,moving,,,
4981.5,2025-12-04T11:01:30+00:00,LOCO_02,locomotive,moving,,,
4988.5,2025-12-04T11:08:30+00:00,LOCO_02,locomotive,moving,,,
4988.5,2025-12-04T11:08:30+00:00,W8613,wagon,moving,,,
4988.5,2025-12-04T11:08:30+00:00,W6140,wagon,moving,,,
4993.5,2025-12-04T11:13:30+00:00,LOCO_02,locomotive,moving,,,
4998.5,2025-12-04T11:18:30+00:00,LOCO_02,locomotive,moving,,,
4999.0,2025-12-04T11:19:00+00:00,W5446,wagon,rejected,T65,,No Retrofit Needed
5011.0,2025-12-04T11:31:00+00:00,W8613,wagon,rejected,T66,,No Retrofit Needed
5011.0,2025-12-04T11:31:00+00:00,W0924,wagon,rejected,T66,,NO_COLLECTION_TRACK
5011.0,2025-12-04T11:31:00+00:00,W0685,wagon,rejected,T66,,NO_COLLECTION_TRACK
5011.0,2025-12-04T11:31:00+00:00,W0701,wagon,rejected,T66,,NO_COLLECTION_TRACK
5011.0,2025-12-04T11:31:00+00:00,W0677,wagon,arrived,T66,,
5014.0,2025-12-04T11:34:00+00:00,W0020,wagon,rejected,T67,,NO_COLLECTION_TRACK
5014.0,2025-12-04T11:34:00+00:00,W11419,wagon,rejected,T67,,NO_COLLECTION_TRACK
5019.5,2025-12-04T11:39:30+00:00,W11269,wagon,queued,,,
5022.5,2025-12-04T11:42:30+00:00,LOCO_01,locomotive,moving,,,
5029.5,2025-12-04T11:49:30+00:00,LOCO_01,locomotive,moving,,,
5036.5,2025-12-04T11:56:30+00:00,W11261,wagon,retrofitted,,,
5036.5,2025-12-04T11:56:30+00:00,W10364,wagon,retrofitted,,,
5037.5,2025-12-04T11:57:30+00:00,LOCO_01,locomotive,moving,,,
5037.5,2025-12-04T11:57:30+00:00,W6077,wagon,moving,,,
5037.5,2025-12-04T11:57:30+00:00,W0623,wagon,moving,,,
5039.75,2025-12-04T11:59:45+00:00,W4368,wagon,rejected,T68,,No Retrofit Needed
5039.75,2025-12-04T11:59:45+00:00,W6634,wagon,arrived,T68,,
5039.75,2025-12-04T11:59:45+00:00,W6025,wagon,arrived,T68,,
5042.5,2025-12-04T12:02:30+00:00,W6077,wagon,in_workshop,,,
5042.5,2025-12-04T12:02:30+00:00,W0623,wagon,in_workshop,,,
5048.5,2025-12-04T12:08:30+00:00,W6077,wagon,in_workshop,,,
5048.5,2025-12-04T12:08:30+00:00,W0623,wagon,in_workshop,,,
5048.5,2025-12-04T12:08:30+00:00,LOCO_01,locomotive,moving,,,
5053.5,2025-12-04T12:13:30+00:00,LOCO_01,locomotive,assigned,,,
5053.5,2025-12-04T12:13:30+00:00,LOCO_01,locomotive,moving,,,
5058.5,2025-12-04T12:18:30+00:00,LOCO_02,locomotive,assigned,,,
5059.25,2025-12-04T12:19:15+00:00,W10284,wagon,rejected,T69,,No Retrofit Needed
5059.25,2025-12-04T12:19:15+00:00,W7175,wagon,arrived,T69,,
5061.5,2025-12-04T12:21:30+00:00,LOCO_01,locomotive,moving,,,
5065.5,2025-12-04T12:25:30+00:00,LOCO_02,locomotive,moving,,,
5065.5,2025-12-04T12:25:30+00:00,W10886,wagon,moving,,,
5065.5,2025-12-04T12:25:30+00:00,W5446,wagon,moving,,,
5065.5,2025-12-04T12:25:30+00:00,W10881,wagon,moving,,,
5107.75,2025-12-04T13:07:45+00:00,W10689,wagon,rejected,T70,,No Retrofit Needed
5107.75,2025-12-04T13:07:45+00:00,W4522,wagon,rejected,T70,,No Retrofit Needed
5107.75,2025-12-04T13:07:45+00:00,W4479,wagon,rejected,T70,,No Retrofit Needed
5107.75,2025-12-04T13:07:45+00:00,W10396,wagon,rejected,T70,,No Retrofit Needed
5107.75,2025-12-04T13:07:45+00:00,W6803,wagon,arrived,T70,,
5108.5,2025-12-04T13:08:30+00:00,W6077,wagon,retrofitted,,,
5108.5,2025-12-04T13:08:30+00:00,W0623,wagon,retrofitted,,,
5111.75,2025-12-04T13:11:45+00:00,W8473,wagon,rejected,T71,,No Retrofit Needed
5111.75,2025-12-04T13:11:45+00:00,W5057,wagon,rejected,T71,,No Retrofit Needed
5111.75,2025-12-04T13:11:45+00:00,W318166502860,wagon,rejected,T71,,No Retrofit Needed
5125.5,2025-12-04T13:25:30+00:00,W10886,wagon,queued,,,
5125.5,2025-12-04T13:25:30+00:00,W5446,wagon,queued,,,
5125.5,2025-12-04T13:25:30+00:00,W10881,wagon,queued,,,
5140.0,2025-12-04T13:40:00+00:00,W12210,wagon,parked,,,
5140.0,2025-12-04T13:40:00+00:00,W8636,wagon,parked,,,
5140.0,2025-12-04T13:40:00+00:00,W3173,wagon,parked,,,
5140.0,2025-12-04T13:40:00+00:00,W10949,wagon,parked,,,
5140.0,2025-12-04T13:40:00+00:00,LOCO_01,locomotive,moving,,,
5140.5,2025-12-04T13:40:30+00:00,LOCO_02,locomotive,moving,,,
5145.5,2025-12-04T13:45:30+00:00,LOCO_02,locomotive,moving,,,
5200.0,2025-12-04T14:40:00+00:00,LOCO_01,locomotive,moving,,,
5203.75,2025-12-04T14:43:45+00:00,W10522,wagon,rejected,T72,,NO_COLLECTION_TRACK
5203.75,2025-12-04T14:43:45+00:00,W7265,wagon,arrived,T72,,
5203.75,2025-12-04T14:43:45+00:00,W11947,wagon,arrived,T72,,
5203.75,2025-12-04T14:43:45+00:00,W11959,wagon,arrived,T72,,
5203.75,2025-12-04T14:43:45+00:00,W6231,wagon,arrived,T72,,
5205.5,2025-12-04T14:45:30+00:00,LOCO_02,locomotive,assigned,,,
5207.0,2025-12-04T14:47:00+00:00,LOCO_01,locomotive,moving,,,
5207.0,2025-12-04T14:47:00+00:00,W11261,wagon,moving,,,
5207.0,2025-12-04T14:47:00+00:00,W10364,wagon,moving,,,
5212.0,2025-12-04T14:52:00+00:00,LOCO_01,locomotive,moving,,,
5212.5,2025-12-04T14:52:30+00:00,LOCO_02,locomotive,moving,,,
5212.5,2025-12-04T14:52:30+00:00,W3811,wagon,moving,,,
5212.5,2025-12-04T14:52:30+00:00,W2926,wagon,moving,,,
5212.5,2025-12-04T14:52:30+00:00,W5391,wagon,moving,,,
5217.0,2025-12-04T14:57:00+00:00,LOCO_01,locomotive,moving,,,
5221.5,2025-12-04T15:01:30+00:00,W12349,wagon,rejected,T73,,NO_COLLECTION_TRACK
5224.0,2025-12-04T15:04:00+00:00,LOCO_01,locomotive,moving,,,
5224.0,2025-12-04T15:04:00+00:00,W6077,wagon,moving,,,
5224.0,2025-12-04T15:04:00+00:00,W0623,wagon,moving,,,
5229.0,2025-12-04T15:09:00+00:00,LOCO_01,locomotive,moving,,,
5236.0,2025-12-04T15:16:00+00:00,LOCO_01,locomotive,moving,,,
5244.0,2025-12-04T15:24:00+00:00,LOCO_01,locomotive,moving,,,
5244.0,2025-12-04T15:24:00+00:00,W11259,wagon,moving,,,
5244.0,2025-12-04T15:24:00+00:00,W11254,wagon,moving,,,
5249.0,2025-12-04T15:29:00+00:00,W11259,wagon,in_workshop,,,
5249.0,2025-12-04T15:29:00+00:00,W11254,wagon,in_workshop,,,
5255.0,2025-12-04T15:35:00+00:00,W11259,wagon,in_workshop,,,
5255.0,2025-12-04T15:35:00+00:00,W11254,wagon,in_workshop,,,
5255.0,2025-12-04T15:35:00+00:00,LOCO_01,locomotive,moving,,,
5260.0,2025-12-04T15:40:00+00:00,LOCO_01,locomotive,moving,,,
5272.5,2025-12-04T15:52:30+00:00,W3811,wagon,queued,,,
5272.5,2025-12-04T15:52:30+00:00,W2926,wagon,queued,,,
5272.5,2025-12-04T15:52:30+00:00,W5391,wagon,queued,,,
5287.5,2025-12-04T16:07:30+00:00,LOCO_02,locomotive,moving,,,
5294.5,2025-12-04T16:14:30+00:00,LOCO_02,locomotive,moving,,,
5302.5,2025-12-04T16:22:30+00:00,LOCO_02,locomotive,moving,,,
5302.5,2025-12-04T16:22:30+00:00,W10878,wagon,moving,,,
5302.5,2025-12-04T16:22:30+00:00,W5167,wagon,moving,,,
5307.5,2025-12-04T16:27:30+00:00,W10878,wagon,in_workshop,,,
5307.5,2025-12-04T16:27:30+00:00,W5167,wagon,in_workshop,,,
5313.5,2025-12-04T16:33:30+00:00,W10878,wagon,in_workshop,,,
5313.5,2025-12-04T16:33:30+00:00,W5167,wagon,in_workshop,,,
5313.5,2025-12-04T16:33:30+00:00,LOCO_02,locomotive,moving,,,
5315.0,2025-12-04T16:35:00+00:00,W11259,wagon,retrofitted,,,
5315.0,2025-12-04T16:35:00+00:00,W11254,wagon,retrofitted,,,
5318.5,2025-12-04T16:38:30+00:00,LOCO_02,locomotive,assigned,,,
5318.5,2025-12-04T16:38:30+00:00,LOCO_02,locomotive,moving,,,
5320.0,2025-12-04T16:40:00+00:00,LOCO_01,locomotive,assigned,,,
5323.0,2025-12-04T16:43:00+00:00,LOCO_01,locomotive,moving,,,
5323.0,2025-12-04T16:43:00+00:00,W5057,wagon,moving,,,
5327.5,2025-12-04T16:47:30+00:00,LOCO_02,locomotive,moving,,,
5373.5,2025-12-04T17:33:30+00:00,W10878,wagon,retrofitted,,,
5373.5,2025-12-04T17:33:30+00:00,W5167,wagon,retrofitted,,,
5383.0,2025-12-04T17:43:00+00:00,W5057,wagon,queued,,,
5386.0,2025-12-04T17:46:00+00:00,LOCO_01,locomotive,moving,,,
5391.0,2025-12-04T17:51:00+00:00,LOCO_01,locomotive,moving,,,
5397.75,2025-12-04T17:57:45+00:00,W11953,wagon,rejected,T74,,NO_COLLECTION_TRACK
5397.75,2025-12-04T17:57:45+00:00,W9237,wagon,rejected,T74,,NO_COLLECTION_TRACK
5397.75,2025-12-04T17:57:45+00:00,W2853,wagon,rejected,T74,,NO_COLLECTION_TRACK
5397.75,2025-12-04T17:57:45+00:00,W2415,wagon,rejected,T74,,NO_COLLECTION_TRACK
5397.75,2025-12-04T17:57:45+00:00,W10093,wagon,rejected,T74,,NO_COLLECTION_TRACK
5397.75,2025-12-04T17:57:45+00:00,W11640,wagon,rejected,T74,,NO_COLLECTION_TRACK
5397.75,2025-12-04T17:57:45+00:00,W7316,wagon,arrived,T74,,
5397.75,2025-12-04T17:57:45+00:00,W9534,wagon,arrived,T74,,
5403.75,2025-12-04T18:03:45+00:00,W8626,wagon,rejected,T75,,No Retrofit Needed
5403.75,2025-12-04T18:03:45+00:00,W0117,wagon,rejected,T75,,No Retrofit Needed
5403.75,2025-12-04T18:03:45+00:00,W0191,wagon,rejected,T75,,No Retrofit Needed
5451.0,2025-12-04T18:51:00+00:00,LOCO_01,locomotive,assigned,,,
5453.0,2025-12-04T18:53:00+00:00,W8631,wagon,parked,,,
5453.0,2025-12-04T18:53:00+00:00,W9392,wagon,parked,,,
5453.0,2025-12-04T18:53:00+00:00,W5038,wagon,parked,,,
5453.0,2025-12-04T18:53:00+00:00,W9274,wagon,parked,,,
5453.0,2025-12-04T18:53:00+00:00,W8613,wagon,parked,,,
5453.0,2025-12-04T18:53:00+00:00,W6140,wagon,parked,,,
5453.0,2025-12-04T18:53:00+00:00,LOCO_02,locomotive,moving,,,
5456.0,2025-12-04T18:56:00+00:00,LOCO_01,locomotive,moving,,,
5456.0,2025-12-04T18:56:00+00:00,W6682,wagon,moving,,,
5456.0,2025-12-04T18:56:00+00:00,W11320,wagon,moving,,,
5465.25,2025-12-04T19:05:15+00:00,W12060,wagon,rejected,T76,,No Retrofit Needed
5465.25,2025-12-04T19:05:15+00:00,W2973,wagon,rejected,T76,,NO_COLLECTION_TRACK
5465.25,2025-12-04T19:05:15+00:00,W0430,wagon,rejected,T76,,NO_COLLECTION_TRACK
5465.25,2025-12-04T19:05:15+00:00,W5757,wagon,rejected,T76,,NO_COLLECTION_TRACK
5465.25,2025-12-04T19:05:15+00:00,W7272,wagon,rejected,T76,,NO_COLLECTION_TRACK
5465.25,2025-12-04T19:05:15+00:00,W9009,wagon,rejected,T76,,NO_COLLECTION_TRACK
5470.25,2025-12-04T19:10:15+00:00,W11256,wagon,rejected,T77,,No Retrofit Needed
5470.25,2025-12-04T19:10:15+00:00,W11261,wagon,rejected,T77,,No Retrofit Needed
5470.25,2025-12-04T19:10:15+00:00,W11269,wagon,rejected,T77,,No Retrofit Needed
5470.25,2025-12-04T19:10:15+00:00,W11555,wagon,rejected,T77,,No Retrofit Needed
5470.25,2025-12-04T19:10:15+00:00,W11348,wagon,rejected,T77,,No Retrofit Needed
5470.25,2025-12-04T19:10:15+00:00,W9238,wagon,rejected,T77,,NO_COLLECTION_TRACK
5477.25,2025-12-04T19:17:15+00:00,W4701,wagon,rejected,T78,,No Retrofit Needed
5477.25,2025-12-04T19:17:15+00:00,W4726,wagon,rejected,T78,,No Retrofit Needed
5477.25,2025-12-04T19:17:15+00:00,W4754,wagon,rejected,T78,,No Retrofit Needed
5513.0,2025-12-04T19:53:00+00:00,LOCO_02,locomotive,moving,,,
5516.0,2025-12-04T19:56:00+00:00,W6682,wagon,queued,,,
5516.0,2025-12-04T19:56:00+00:00,W11320,wagon,queued,,,
5517.75,2025-12-04T19:57:45+00:00,W2298,wagon,rejected,T79,,NO_COLLECTION_TRACK
5517.75,2025-12-04T19:57:45+00:00,W2162,wagon,rejected,T79,,NO_COLLECTION_TRACK
5517.75,2025-12-04T19:57:45+00:00,W2362,wagon,rejected,T79,,NO_COLLECTION_TRACK
5517.75,2025-12-04T19:57:45+00:00,W2207,wagon,rejected,T79,,NO_COLLECTION_TRACK
5517.75,2025-12-04T19:57:45+00:00,W2126,wagon,rejected,T79,,NO_COLLECTION_TRACK
5517.75,2025-12-04T19:57:45+00:00,W2083,wagon,rejected,T79,,NO_COLLECTION_TRACK
5517.75,2025-12-04T19:57:45+00:00,W7103,wagon,rejected,T79,,NO_COLLECTION_TRACK
5517.75,2025-12-04T19:57:45+00:00,W4733,wagon,rejected,T79,,NO_COLLECTION_TRACK
5520.0,2025-12-04T20:00:00+00:00,LOCO_02,locomotive,moving,,,
5520.0,2025-12-04T20:00:00+00:00,W11259,wagon,moving,,,
5520.0,2025-12-04T20:00:00+00:00,W11254,wagon,moving,,,
5525.0,2025-12-04T20:05:00+00:00,LOCO_01,locomotive,moving,,,
5525.0,2025-12-04T20:05:00+00:00,LOCO_02,locomotive,moving,,,
5530.0,2025-12-04T20:10:00+00:00,LOCO_01,locomotive,moving,,,
5532.0,2025-12-04T20:12:00+00:00,LOCO_02,locomotive,moving,,,
5537.0,2025-12-04T20:17:00+00:00,LOCO_01,locomotive,moving,,,
5537.0,2025-12-04T20:17:00+00:00,W10878,wagon,moving,,,
5537.0,2025-12-04T20:17:00+00:00,W5167,wagon,moving,,,
5540.0,2025-12-04T20:20:00+00:00,LOCO_02,locomotive,moving,,,
5540.0,2025-12-04T20:20:00+00:00,W10889,wagon,moving,,,
5540.0,2025-12-04T20:20:00+00:00,W5978,wagon,moving,,,
5542.0,2025-12-04T20:22:00+00:00,LOCO_01,locomotive,moving,,,
5545.0,2025-12-04T20:25:00+00:00,W10889,wagon,in_workshop,,,
5545.0,2025-12-04T20:25:00+00:00,W5978,wagon,in_workshop,,,
5547.0,2025-12-04T20:27:00+00:00,LOCO_01,locomotive,assigned,,,
5547.0,2025-12-04T20:27:00+00:00,LOCO_01,locomotive,moving,,,
5551.0,2025-12-04T20:31:00+00:00,W10889,wagon,in_workshop,,,
5551.0,2025-12-04T20:31:00+00:00,W5978,wagon,in_workshop,,,
5551.0,2025-12-04T20:31:00+00:00,LOCO_02,locomotive,moving,,,
5555.0,2025-12-04T20:35:00+00:00,LOCO_01,locomotive,moving,,,
5557.0,2025-12-04T20:37:00+00:00,W11915,wagon,rejected,T80,,NO_COLLECTION_TRACK
5557.0,2025-12-04T20:37:00+00:00,W2405,wagon,rejected,T80,,NO_COLLECTION_TRACK
5557.0,2025-12-04T20:37:00+00:00,W10113,wagon,rejected,T80,,NO_COLLECTION_TRACK
5557.0,2025-12-04T20:37:00+00:00,W5172,wagon,rejected,T80,,NO_COLLECTION_TRACK
5557.0,2025-12-04T20:37:00+00:00,W8634,wagon,arrived,T80,,
5558.0,2025-12-04T20:38:00+00:00,LOCO_02,locomotive,moving,,,
5566.0,2025-12-04T20:46:00+00:00,LOCO_02,locomotive,moving,,,
5566.0,2025-12-04T20:46:00+00:00,W12077,wagon,moving,,,
5566.0,2025-12-04T20:46:00+00:00,W6352,wagon,moving,,,
5566.25,2025-12-04T20:46:15+00:00,W5592,wagon,rejected,T81,,NO_COLLECTION_TRACK
5566.25,2025-12-04T20:46:15+00:00,W2898,wagon,rejected,T81,,NO_COLLECTION_TRACK
5566.25,2025-12-04T20:46:15+00:00,W2586,wagon,rejected,T81,,NO_COLLECTION_TRACK
5571.0,2025-12-04T20:51:00+00:00,W12077,wagon,in_workshop,,,
5571.0,2025-12-04T20:51:00+00:00,W6352,wagon,in_workshop,,,
5577.0,2025-12-04T20:57:00+00:00,W12077,wagon,in_workshop,,,
5577.0,2025-12-04T20:57:00+00:00,W6352,wagon,in_workshop,,,
5577.0,2025-12-04T20:57:00+00:00,LOCO_02,locomotive,moving,,,
5582.0,2025-12-04T21:02:00+00:00,LOCO_02,locomotive,moving,,,
5611.0,2025-12-04T21:31:00+00:00,W10889,wagon,retrofitted,,,
5611.0,2025-12-04T21:31:00+00:00,W5978,wagon,retrofitted,,,
5618.5,2025-12-04T21:38:30+00:00,W11261,wagon,parked,,,
5618.5,2025-12-04T21:38:30+00:00,W10364,wagon,parked,,,
5618.5,2025-12-04T21:38:30+00:00,W6077,wagon,parked,,,
5618.5,2025-12-04T21:38:30+00:00,W0623,wagon,parked,,,
5618.5,2025-12-04T21:38:30+00:00,LOCO_01,locomotive,moving,,,
5637.0,2025-12-04T21:57:00+00:00,W12077,wagon,retrofitted,,,
5637.0,2025-12-04T21:57:00+00:00,W6352,wagon,retrofitted,,,
5642.0,2025-12-04T22:02:00+00:00,LOCO_02,locomotive,assigned,,,
5645.0,2025-12-04T22:05:00+00:00,LOCO_02,locomotive,moving,,,
5645.0,2025-12-04T22:05:00+00:00,W4522,wagon,moving,,,
5678.5,2025-12-04T22:38:30+00:00,LOCO_01,locomotive,moving,,,
5705.0,2025-12-04T23:05:00+00:00,W4522,wagon,queued,,,
5708.0,2025-12-04T23:08:00+00:00,LOCO_02,locomotive,moving,,,
5713.0,2025-12-04T23:13:00+00:00,LOCO_02,locomotive,moving,,,
5720.0,2025-12-04T23:20:00+00:00,LOCO_02,locomotive,moving,,,
5720.0,2025-12-04T23:20:00+00:00,W10889,wagon,moving,,,
5720.0,2025-12-04T23:20:00+00:00,W5978,wagon,moving,,,
5724.0,2025-12-04T23:24:00+00:00,W11482,wagon,rejected,T82,,NO_COLLECTION_TRACK
5724.0,2025-12-04T23:24:00+00:00,W11252,wagon,rejected,T82,,NO_COLLECTION_TRACK
5724.0,2025-12-04T23:24:00+00:00,W5452,wagon,rejected,T82,,NO_COLLECTION_TRACK
5724.0,2025-12-04T23:24:00+00:00,W6800,wagon,rejected,T82,,NO_COLLECTION_TRACK
5724.0,2025-12-04T23:24:00+00:00,W8671,wagon,arrived,T82,,
5725.0,2025-12-04T23:25:00+00:00,LOCO_02,locomotive,moving,,,
5730.0,2025-12-04T23:30:00+00:00,LOCO_02,locomotive,moving,,,
5737.0,2025-12-04T23:37:00+00:00,LOCO_02,locomotive,moving,,,
5737.0,2025-12-04T23:37:00+00:00,W12077,wagon,moving,,,
5737.0,2025-12-04T23:37:00+00:00,W6352,wagon,moving,,,
5738.5,2025-12-04T23:38:30+00:00,LOCO_01,locomotive,assigned,,,
5741.5,2025-12-04T23:41:30+00:00,LOCO_01,locomotive,moving,,,
5741.5,2025-12-04T23:41:30+00:00,W5833,wagon,moving,,,
5742.0,2025-12-04T23:42:00+00:00,LOCO_02,locomotive,moving,,,
5747.0,2025-12-04T23:47:00+00:00,LOCO_02,locomotive,moving,,,
5758.0,2025-12-04T23:58:00+00:00,W0678,wagon,rejected,T83,,No Retrofit Needed
5758.0,2025-12-04T23:58:00+00:00,W8380,wagon,rejected,T83,,NO_COLLECTION_TRACK
5758.0,2025-12-04T23:58:00+00:00,W8378,wagon,rejected,T83,,NO_COLLECTION_TRACK
5768.0,2025-12-05T00:08:00+00:00,W10354,wagon,rejected,T84,,No Retrofit Needed
5768.0,2025-12-05T00:08:00+00:00,W10321,wagon,rejected,T84,,No Retrofit Needed
5775.25,2025-12-05T00:15:15+00:00,W9397,wagon,rejected,T85,,NO_COLLECTION_TRACK
5775.25,2025-12-05T00:15:15+00:00,W9591,wagon,rejected,T85,,NO_COLLECTION_TRACK
5775.25,2025-12-05T00:15:15+00:00,W9573,wagon,rejected,T85,,NO_COLLECTION_TRACK
5775.25,2025-12-05T00:15:15+00:00,W10336,wagon,rejected,T85,,NO_COLLECTION_TRACK
5775.25,2025-12-05T00:15:15+00:00,W9517,wagon,rejected,T85,,NO_COLLECTION_TRACK
5775.25,2025-12-05T00:15:15+00:00,W9543,wagon,rejected,T85,,NO_COLLECTION_TRACK
5775.25,2025-12-05T00:15:15+00:00,W9544,wagon,rejected,T85,,NO_COLLECTION_TRACK
5801.5,2025-12-05T00:41:30+00:00,W5833,wagon,queued,,,
5804.5,2025-12-05T00:44:30+00:00,LOCO_01,locomotive,moving,,,
5807.0,2025-12-05T00:47:00+00:00,LOCO_02,locomotive,assigned,,,
5810.0,2025-12-05T00:50:00+00:00,LOCO_02,locomotive,moving,,,
5810.0,2025-12-05T00:50:00+00:00,W4479,wagon,moving,,,
5811.5,2025-12-05T00:51:30+00:00,LOCO_01,locomotive,moving,,,
5819.5,2025-12-05T00:59:30+00:00,LOCO_01,locomotive,moving,,,
5819.5,2025-12-05T00:59:30+00:00,W4666,wagon,moving,,,
5819.5,2025-12-05T00:59:30+00:00,W11014,wagon,moving,,,
5822.25,2025-12-05T01:02:15+00:00,W6592,wagon,rejected,T86,,No Retrofit Needed
5822.25,2025-12-05T01:02:15+00:00,W6682,wagon,rejected,T86,,No Retrofit Needed
5824.5,2025-12-05T01:04:30+00:00,W4666,wagon,in_workshop,,,
5824.5,2025-12-05T01:04:30+00:00,W11014,wagon,in_workshop,,,
5830.5,2025-12-05T01:10:30+00:00,W4666,wagon,in_workshop,,,
5830.5,2025-12-05T01:10:30+00:00,W11014,wagon,in_workshop,,,
5830.5,2025-12-05T01:10:30+00:00,LOCO_01,locomotive,moving,,,
5835.5,2025-12-05T01:15:30+00:00,LOCO_01,locomotive,moving,,,
5850.25,2025-12-05T01:30:15+00:00,W11259,wagon,rejected,T87,,No Retrofit Needed
5850.25,2025-12-05T01:30:15+00:00,W2112,wagon,arrived,T87,,
5870.0,2025-12-05T01:50:00+00:00,W4479,wagon,queued,,,
5873.0,2025-12-05T01:53:00+00:00,LOCO_02,locomotive,moving,,,
5880.0,2025-12-05T02:00:00+00:00,LOCO_02,locomotive,moving,,,
5888.0,2025-12-05T02:08:00+00:00,LOCO_02,locomotive,moving,,,
5888.0,2025-12-05T02:08:00+00:00,W9040,wagon,moving,,,
5888.0,2025-12-05T02:08:00+00:00,W6213,wagon,moving,,,
5890.5,2025-12-05T02:10:30+00:00,W4666,wagon,retrofitted,,,
5890.5,2025-12-05T02:10:30+00:00,W11014,wagon,retrofitted,,,
5893.0,2025-12-05T02:13:00+00:00,W9040,wagon,in_workshop,,,
5893.0,2025-12-05T02:13:00+00:00,W6213,wagon,in_workshop,,,
5895.5,2025-12-05T02:15:30+00:00,LOCO_01,locomotive,assigned,,,
5899.0,2025-12-05T02:19:00+00:00,W9040,wagon,in_workshop,,,
5899.0,2025-12-05T02:19:00+00:00,W6213,wagon,in_workshop,,,
5899.0,2025-12-05T02:19:00+00:00,LOCO_02,locomotive,moving,,,
5900.5,2025-12-05T02:20:30+00:00,LOCO_01,locomotive,moving,,,
5900.5,2025-12-05T02:20:30+00:00,W11766,wagon,moving,,,
5900.5,2025-12-05T02:20:30+00:00,W4793,wagon,moving,,,
5903.5,2025-12-05T02:23:30+00:00,W9868,wagon,rejected,T88,,No Retrofit Needed
5903.5,2025-12-05T02:23:30+00:00,W8631,wagon,rejected,T88,,No Retrofit Needed
5903.5,2025-12-05T02:23:30+00:00,W2548,wagon,rejected,T88,,NO_COLLECTION_TRACK
5903.5,2025-12-05T02:23:30+00:00,W9948,wagon,rejected,T88,,NO_COLLECTION_TRACK
5903.5,2025-12-05T02:23:30+00:00,W9708,wagon,rejected,T88,,NO_COLLECTION_TRACK
5903.5,2025-12-05T02:23:30+00:00,W0630,wagon,rejected,T88,,NO_COLLECTION_TRACK
5903.5,2025-12-05T02:23:30+00:00,W9491,wagon,rejected,T88,,NO_COLLECTION_TRACK
5903.5,2025-12-05T02:23:30+00:00,W7400,wagon,arrived,T88,,
5903.5,2025-12-05T02:23:30+00:00,W0606,wagon,arrived,T88,,
5904.0,2025-12-05T02:24:00+00:00,LOCO_02,locomotive,moving,,,
5911.0,2025-12-05T02:31:00+00:00,LOCO_02,locomotive,moving,,,
5911.0,2025-12-05T02:31:00+00:00,W4666,wagon,moving,,,
5911.0,2025-12-05T02:31:00+00:00,W11014,wagon,moving,,,
5916.0,2025-12-05T02:36:00+00:00,LOCO_02,locomotive,moving,,,
5921.0,2025-12-05T02:41:00+00:00,LOCO_02,locomotive,moving,,,
5923.75,2025-12-05T02:43:45+00:00,W10581,wagon,rejected,T89,,NO_COLLECTION_TRACK
5923.75,2025-12-05T02:43:45+00:00,W11344,wagon,rejected,T89,,NO_COLLECTION_TRACK
5923.75,2025-12-05T02:43:45+00:00,W10258,wagon,rejected,T89,,NO_COLLECTION_TRACK
5923.75,2025-12-05T02:43:45+00:00,W5310,wagon,rejected,T89,,NO_COLLECTION_TRACK
5923.75,2025-12-05T02:43:45+00:00,W12355,wagon,arrived,T89,,
5959.0,2025-12-05T03:19:00+00:00,W9040,wagon,retrofitted,,,
5959.0,2025-12-05T03:19:00+00:00,W6213,wagon,retrofitted,,,
5960.5,2025-12-05T03:20:30+00:00,W11766,wagon,queued,,,
5960.5,2025-12-05T03:20:30+00:00,W4793,wagon,queued,,,
5969.5,2025-12-05T03:29:30+00:00,LOCO_01,locomotive,moving,,,
5976.5,2025-12-05T03:36:30+00:00,LOCO_01,locomotive,moving,,,
5981.0,2025-12-05T03:41:00+00:00,LOCO_02,locomotive,assigned,,,
5984.5,2025-12-05T03:44:30+00:00,LOCO_01,locomotive,moving,,,
5984.5,2025-12-05T03:44:30+00:00,W1578,wagon,moving,,,
5984.5,2025-12-05T03:44:30+00:00,W11269,wagon,moving,,,
5988.0,2025-12-05T03:48:00+00:00,LOCO_02,locomotive,moving,,,
5988.0,2025-12-05T03:48:00+00:00,W2737,wagon,moving,,,
5988.0,2025-12-05T03:48:00+00:00,W10081,wagon,moving,,,
5988.0,2025-12-05T03:48:00+00:00,W7253,wagon,moving,,,
5989.5,2025-12-05T03:49:30+00:00,W1578,wagon,in_workshop,,,
5989.5,2025-12-05T03:49:30+00:00,W11269,wagon,in_workshop,,,
5995.5,2025-12-05T03:55:30+00:00,W1578,wagon,in_workshop,,,
5995.5,2025-12-05T03:55:30+00:00,W11269,wagon,in_workshop,,,
5995.5,2025-12-05T03:55:30+00:00,LOCO_01,locomotive,moving,,,
6000.5,2025-12-05T04:00:30+00:00,LOCO_01,locomotive,moving,,,
6007.5,2025-12-05T04:07:30+00:00,LOCO_01,locomotive,moving,,,
6007.5,2025-12-05T04:07:30+00:00,W9040,wagon,moving,,,
6007.5,2025-12-05T04:07:30+00:00,W6213,wagon,moving,,,
6012.5,2025-12-05T04:12:30+00:00,LOCO_01,locomotive,moving,,,
6017.5,2025-12-05T04:17:30+00:00,LOCO_01,locomotive,moving,,,
6048.0,2025-12-05T04:48:00+00:00,W2737,wagon,queued,,,
6048.0,2025-12-05T04:48:00+00:00,W10081,wagon,queued,,,
6048.0,2025-12-05T04:48:00+00:00,W7253,wagon,queued,,,
6055.5,2025-12-05T04:55:30+00:00,W1578,wagon,retrofitted,,,
6055.5,2025-12-05T04:55:30+00:00,W11269,wagon,retrofitted,,,
6063.0,2025-12-05T05:03:00+00:00,LOCO_02,locomotive,moving,,,
6067.5,2025-12-05T05:07:30+00:00,W9489,wagon,rejected,T90,,NO_COLLECTION_TRACK
6067.5,2025-12-05T05:07:30+00:00,W2712,wagon,rejected,T90,,NO_COLLECTION_TRACK
6067.5,2025-12-05T05:07:30+00:00,W0943,wagon,rejected,T90,,NO_COLLECTION_TRACK
6067.5,2025-12-05T05:07:30+00:00,W9440,wagon,arrived,T90,,
6070.0,2025-12-05T05:10:00+00:00,LOCO_02,locomotive,moving,,,
6077.5,2025-12-05T05:17:30+00:00,LOCO_01,locomotive,assigned,,,
6078.0,2025-12-05T05:18:00+00:00,LOCO_02,locomotive,moving,,,
6078.0,2025-12-05T05:18:00+00:00,W10886,wagon,moving,,,
6078.0,2025-12-05T05:18:00+00:00,W5446,wagon,moving,,,
6080.5,2025-12-05T05:20:30+00:00,LOCO_01,locomotive,moving,,,
6080.5,2025-12-05T05:20:30+00:00,W11718,wagon,moving,,,
6083.0,2025-12-05T05:23:00+00:00,W10886,wagon,in_workshop,,,
6083.0,2025-12-05T05:23:00+00:00,W5446,wagon,in_workshop,,,
6089.0,2025-12-05T05:29:00+00:00,W10886,wagon,in_workshop,,,
6089.0,2025-12-05T05:29:00+00:00,W5446,wagon,in_workshop,,,
6089.0,2025-12-05T05:29:00+00:00,LOCO_02,locomotive,moving,,,
6094.0,2025-12-05T05:34:00+00:00,LOCO_02,locomotive,assigned,,,
6094.0,2025-12-05T05:34:00+00:00,LOCO_02,locomotive,moving,,,
6102.0,2025-12-05T05:42:00+00:00,LOCO_02,locomotive,moving,,,
6140.5,2025-12-05T06:20:30+00:00,W11718,wagon,queued,,,
6143.5,2025-12-05T06:23:30+00:00,LOCO_01,locomotive,moving,,,
6148.5,2025-12-05T06:28:30+00:00,LOCO_01,locomotive,moving,,,
6149.0,2025-12-05T06:29:00+00:00,W10886,wagon,retrofitted,,,
6149.0,2025-12-05T06:29:00+00:00,W5446,wagon,retrofitted,,,
6180.5,2025-12-05T07:00:30+00:00,W11259,wagon,parked,,,
6180.5,2025-12-05T07:00:30+00:00,W11254,wagon,parked,,,
6180.5,2025-12-05T07:00:30+00:00,W10878,wagon,parked,,,
6180.5,2025-12-05T07:00:30+00:00,W5167,wagon,parked,,,
6180.5,2025-12-05T07:00:30+00:00,LOCO_02,locomotive,moving,,,
6208.5,2025-12-05T07:28:30+00:00,LOCO_01,locomotive,assigned,,,
6213.5,2025-12-05T07:33:30+00:00,LOCO_01,locomotive,moving,,,
6213.5,2025-12-05T07:33:30+00:00,W0032,wagon,moving,,,
6213.5,2025-12-05T07:33:30+00:00,W6592,wagon,moving,,,
6240.5,2025-12-05T08:00:30+00:00,LOCO_02,locomotive,moving,,,
6247.5,2025-12-05T08:07:30+00:00,LOCO_02,locomotive,moving,,,
6247.5,2025-12-05T08:07:30+00:00,W1578,wagon,moving,,,
6247.5,2025-12-05T08:07:30+00:00,W11269,wagon,moving,,,
6252.5,2025-12-05T08:12:30+00:00,LOCO_02,locomotive,moving,,,
6257.5,2025-12-05T08:17:30+00:00,LOCO_02,locomotive,moving,,,
6264.5,2025-12-05T08:24:30+00:00,LOCO_02,locomotive,moving,,,
6264.5,2025-12-05T08:24:30+00:00,W10886,wagon,moving,,,
6264.5,2025-12-05T08:24:30+00:00,W5446,wagon,moving,,,
6269.5,2025-12-05T08:29:30+00:00,LOCO_02,locomotive,moving,,,
6273.5,2025-12-05T08:33:30+00:00,W0032,wagon,queued,,,
6273.5,2025-12-05T08:33:30+00:00,W6592,wagon,queued,,,
6276.5,2025-12-05T08:36:30+00:00,LOCO_02,locomotive,moving,,,
6282.5,2025-12-05T08:42:30+00:00,LOCO_01,locomotive,moving,,,
6284.5,2025-12-05T08:44:30+00:00,LOCO_02,locomotive,moving,,,
6284.5,2025-12-05T08:44:30+00:00,W10881,wagon,moving,,,
6284.5,2025-12-05T08:44:30+00:00,W3811,wagon,moving,,,
6287.5,2025-12-05T08:47:30+00:00,LOCO_01,locomotive,moving,,,
6289.5,2025-12-05T08:49:30+00:00,W10881,wagon,in_workshop,,,
6289.5,2025-12-05T08:49:30+00:00,W3811,wagon,in_workshop,,,
6295.5,2025-12-05T08:55:30+00:00,W10881,wagon,in_workshop,,,
6295.5,2025-12-05T08:55:30+00:00,W3811,wagon,in_workshop,,,
6295.5,2025-12-05T08:55:30+00:00,LOCO_02,locomotive,moving,,,
6302.5,2025-12-05T09:02:30+00:00,LOCO_02,locomotive,moving,,,
6310.5,2025-12-05T09:10:30+00:00,LOCO_02,locomotive,moving,,,
6310.5,2025-12-05T09:10:30+00:00,W2926,wagon,moving,,,
6310.5,2025-12-05T09:10:30+00:00,W5391,wagon,moving,,,
6315.5,2025-12-05T09:15:30+00:00,W2926,wagon,in_workshop,,,
6315.5,2025-12-05T09:15:30+00:00,W5391,wagon,in_workshop,,,
6321.5,2025-12-05T09:21:30+00:00,W2926,wagon,in_workshop,,,
6321.5,2025-12-05T09:21:30+00:00,W5391,wagon,in_workshop,,,
6321.5,2025-12-05T09:21:30+00:00,LOCO_02,locomotive,moving,,,
6326.5,2025-12-05T09:26:30+00:00,LOCO_02,locomotive,moving,,,
6347.5,2025-12-05T09:47:30+00:00,LOCO_01,locomotive,assigned,,,
6350.5,2025-12-05T09:50:30+00:00,LOCO_01,locomotive,moving,,,
6350.5,2025-12-05T09:50:30+00:00,W7261,wagon,moving,,,
6355.5,2025-12-05T09:55:30+00:00,W10881,wagon,retrofitted,,,
6355.5,2025-12-05T09:55:30+00:00,W3811,wagon,retrofitted,,,
6381.5,2025-12-05T10:21:30+00:00,W2926,wagon,retrofitted,,,
6381.5,2025-12-05T10:21:30+00:00,W5391,wagon,retrofitted,,,
6386.5,2025-12-05T10:26:30+00:00,LOCO_02,locomotive,assigned,,,
6395.5,2025-12-05T10:35:30+00:00,LOCO_02,locomotive,moving,,,
6395.5,2025-12-05T10:35:30+00:00,W10601,wagon,moving,,,
6395.5,2025-12-05T10:35:30+00:00,W6942,wagon,moving,,,
6395.5,2025-12-05T10:35:30+00:00,W6246,wagon,moving,,,
6395.5,2025-12-05T10:35:30+00:00,W5947,wagon,moving,,,
6410.5,2025-12-05T10:50:30+00:00,W7261,wagon,queued,,,
6413.5,2025-12-05T10:53:30+00:00,LOCO_01,locomotive,moving,,,
6418.5,2025-12-05T10:58:30+00:00,LOCO_01,locomotive,assigned,,,
6418.5,2025-12-05T10:58:30+00:00,LOCO_01,locomotive,moving,,,
6428.5,2025-12-05T11:08:30+00:00,LOCO_01,locomotive,moving,,,
6455.5,2025-12-05T11:35:30+00:00,W10601,wagon,queued,,,
6455.5,2025-12-05T11:35:30+00:00,W6942,wagon,queued,,,
6455.5,2025-12-05T11:35:30+00:00,W6246,wagon,queued,,,
6455.5,2025-12-05T11:35:30+00:00,W5947,wagon,queued,,,
6475.5,2025-12-05T11:55:30+00:00,W2136,wagon,rejected,T91,,NO_COLLECTION_TRACK
6475.5,2025-12-05T11:55:30+00:00,W10249,wagon,arrived,T91,,
6475.5,2025-12-05T11:55:30+00:00,W2050,wagon,arrived,T91,,
6475.5,2025-12-05T11:55:30+00:00,W2386,wagon,arrived,T91,,
6475.5,2025-12-05T11:55:30+00:00,W10254,wagon,arrived,T91,,
6475.5,2025-12-05T11:55:30+00:00,W12057,wagon,arrived,T91,,
6476.5,2025-12-05T11:56:30+00:00,LOCO_02,locomotive,moving,,,
6481.5,2025-12-05T12:01:30+00:00,LOCO_02,locomotive,moving,,,
6488.5,2025-12-05T12:08:30+00:00,LOCO_02,locomotive,moving,,,
6488.5,2025-12-05T12:08:30+00:00,W10881,wagon,moving,,,
6488.5,2025-12-05T12:08:30+00:00,W3811,wagon,moving,,,
6493.5,2025-12-05T12:13:30+00:00,LOCO_02,locomotive,moving,,,
6498.5,2025-12-05T12:18:30+00:00,LOCO_02,locomotive,moving,,,
6505.5,2025-12-05T12:25:30+00:00,LOCO_02,locomotive,moving,,,
6505.5,2025-12-05T12:25:30+00:00,W2926,wagon,moving,,,
6505.5,2025-12-05T12:25:30+00:00,W5391,wagon,moving,,,
6510.5,2025-12-05T12:30:30+00:00,LOCO_02,locomotive,moving,,,
6511.0,2025-12-05T12:31:00+00:00,W10889,wagon,parked,,,
6511.0,2025-12-05T12:31:00+00:00,W5978,wagon,parked,,,
6511.0,2025-12-05T12:31:00+00:00,W12077,wagon,parked,,,
6511.0,2025-12-05T12:31:00+00:00,W6352,wagon,parked,,,
6511.0,2025-12-05T12:31:00+00:00,W4666,wagon,parked,,,
6511.0,2025-12-05T12:31:00+00:00,W11014,wagon,parked,,,
6511.0,2025-12-05T12:31:00+00:00,W9040,wagon,parked,,,
6511.0,2025-12-05T12:31:00+00:00,W6213,wagon,parked,,,
6511.0,2025-12-05T12:31:00+00:00,LOCO_01,locomotive,moving,,,
6517.5,2025-12-05T12:37:30+00:00,LOCO_02,locomotive,moving,,,
6525.5,2025-12-05T12:45:30+00:00,LOCO_02,locomotive,moving,,,
6525.5,2025-12-05T12:45:30+00:00,W5057,wagon,moving,,,
6525.5,2025-12-05T12:45:30+00:00,W6682,wagon,moving,,,
6530.5,2025-12-05T12:50:30+00:00,W5057,wagon,in_workshop,,,
6530.5,2025-12-05T12:50:30+00:00,W6682,wagon,in_workshop,,,
6536.5,2025-12-05T12:56:30+00:00,W5057,wagon,in_workshop,,,
6536.5,2025-12-05T12:56:30+00:00,W6682,wagon,in_workshop,,,
6536.5,2025-12-05T12:56:30+00:00,LOCO_02,locomotive,moving,,,
6541.5,2025-12-05T13:01:30+00:00,LOCO_02,locomotive,moving,,,
6571.0,2025-12-05T13:31:00+00:00,LOCO_01,locomotive,moving,,,
6595.0,2025-12-05T13:55:00+00:00,W9081,wagon,rejected,T92,,NO_COLLECTION_TRACK
6595.0,2025-12-05T13:55:00+00:00,W12074,wagon,rejected,T92,,NO_COLLECTION_TRACK
6595.0,2025-12-05T13:55:00+00:00,W5282,wagon,arrived,T92,,
6595.0,2025-12-05T13:55:00+00:00,W9940,wagon,arrived,T92,,
6596.5,2025-12-05T13:56:30+00:00,W5057,wagon,retrofitted,,,
6596.5,2025-12-05T13:56:30+00:00,W6682,wagon,retrofitted,,,
6601.5,2025-12-05T14:01:30+00:00,LOCO_02,locomotive,assigned,,,
6604.5,2025-12-05T14:04:30+00:00,LOCO_02,locomotive,moving,,,
6604.5,2025-12-05T14:04:30+00:00,W7155,wagon,moving,,,
6631.0,2025-12-05T14:31:00+00:00,LOCO_01,locomotive,assigned,,,
6634.0,2025-12-05T14:34:00+00:00,LOCO_01,locomotive,moving,,,
6634.0,2025-12-05T14:34:00+00:00,W8085,wagon,moving,,,
6664.5,2025-12-05T15:04:30+00:00,W7155,wagon,queued,,,
6666.5,2025-12-05T15:06:30+00:00,W10886,wagon,rejected,T93,,No Retrofit Needed
6666.5,2025-12-05T15:06:30+00:00,W7542,wagon,rejected,T93,,NO_COLLECTION_TRACK
6666.5,2025-12-05T15:06:30+00:00,W8990,wagon,rejected,T93,,NO_COLLECTION_TRACK
6666.5,2025-12-05T15:06:30+00:00,W10814,wagon,rejected,T93,,NO_COLLECTION_TRACK
6666.5,2025-12-05T15:06:30+00:00,W8952,wagon,rejected,T93,,NO_COLLECTION_TRACK
6667.5,2025-12-05T15:07:30+00:00,LOCO_02,locomotive,moving,,,
6674.5,2025-12-05T15:14:30+00:00,LOCO_02,locomotive,moving,,,
6682.5,2025-12-05T15:22:30+00:00,LOCO_02,locomotive,moving,,,
6682.5,2025-12-05T15:22:30+00:00,W11320,wagon,moving,,,
6682.5,2025-12-05T15:22:30+00:00,W4522,wagon,moving,,,
6687.5,2025-12-05T15:27:30+00:00,W11320,wagon,in_workshop,,,
6687.5,2025-12-05T15:27:30+00:00,W4522,wagon,in_workshop,,,
6693.5,2025-12-05T15:33:30+00:00,W11320,wagon,in_workshop,,,
6693.5,2025-12-05T15:33:30+00:00,W4522,wagon,in_workshop,,,
6693.5,2025-12-05T15:33:30+00:00,LOCO_02,locomotive,moving,,,
6694.0,2025-12-05T15:34:00+00:00,W8085,wagon,queued,,,
6697.0,2025-12-05T15:37:00+00:00,LOCO_01,locomotive,moving,,,
6698.5,2025-12-05T15:38:30+00:00,LOCO_02,locomotive,moving,,,
6702.0,2025-12-05T15:42:00+00:00,LOCO_01,locomotive,assigned,,,
6702.0,2025-12-05T15:42:00+00:00,LOCO_01,locomotive,moving,,,
6705.5,2025-12-05T15:45:30+00:00,LOCO_02,locomotive,moving,,,
6705.5,2025-12-05T15:45:30+00:00,W5057,wagon,moving,,,
6705.5,2025-12-05T15:45:30+00:00,W6682,wagon,moving,,,
6710.5,2025-12-05T15:50:30+00:00,LOCO_02,locomotive,moving,,,
6712.0,2025-12-05T15:52:00+00:00,LOCO_01,locomotive,moving,,,
6715.5,2025-12-05T15:55:30+00:00,LOCO_02,locomotive,moving,,,
6724.5,2025-12-05T16:04:30+00:00,W1578,wagon,parked,,,
6724.5,2025-12-05T16:04:30+00:00,W11269,wagon,parked,,,
6724.5,2025-12-05T16:04:30+00:00,W10886,wagon,parked,,,
6724.5,2025-12-05T16:04:30+00:00,W5446,wagon,parked,,,
6724.5,2025-12-05T16:04:30+00:00,W10881,wagon,parked,,,
6724.5,2025-12-05T16:04:30+00:00,W3811,wagon,parked,,,
6724.5,2025-12-05T16:04:30+00:00,W2926,wagon,parked,,,
6724.5,2025-12-05T16:04:30+00:00,W5391,wagon,parked,,,
6724.5,2025-12-05T16:04:30+00:00,LOCO_01,locomotive,moving,,,
6731.5,2025-12-05T16:11:30+00:00,LOCO_01,locomotive,moving,,,
6739.5,2025-12-05T16:19:30+00:00,LOCO_01,locomotive,moving,,,
6739.5,2025-12-05T16:19:30+00:00,W5833,wagon,moving,,,
6739.5,2025-12-05T16:19:30+00:00,W4479,wagon,moving,,,
6744.5,2025-12-05T16:24:30+00:00,W5833,wagon,in_workshop,,,
6744.5,2025-12-05T16:24:30+00:00,W4479,wagon,in_workshop,,,
6750.5,2025-12-05T16:30:30+00:00,W5833,wagon,in_workshop,,,
6750.5,2025-12-05T16:30:30+00:00,W4479,wagon,in_workshop,,,
6750.5,2025-12-05T16:30:30+00:00,LOCO_01,locomotive,moving,,,
6753.5,2025-12-05T16:33:30+00:00,W11320,wagon,retrofitted,,,
6753.5,2025-12-05T16:33:30+00:00,W4522,wagon,retrofitted,,,
6755.5,2025-12-05T16:35:30+00:00,LOCO_01,locomotive,moving,,,
6775.5,2025-12-05T16:55:30+00:00,LOCO_02,locomotive,assigned,,,
6780.5,2025-12-05T17:00:30+00:00,LOCO_02,locomotive,moving,,,
6780.5,2025-12-05T17:00:30+00:00,W7258,wagon,moving,,,
6780.5,2025-12-05T17:00:30+00:00,W9495,wagon,moving,,,
6810.5,2025-12-05T17:30:30+00:00,W5833,wagon,retrofitted,,,
6810.5,2025-12-05T17:30:30+00:00,W4479,wagon,retrofitted,,,
6812.75,2025-12-05T17:32:45+00:00,W2853,wagon,rejected,T94,,No Retrofit Needed
6815.5,2025-12-05T17:35:30+00:00,LOCO_01,locomotive,assigned,,,
6818.5,2025-12-05T17:38:30+00:00,LOCO_01,locomotive,moving,,,
6818.5,2025-12-05T17:38:30+00:00,W8082,wagon,moving,,,
6840.5,2025-12-05T18:00:30+00:00,W7258,wagon,queued,,,
6840.5,2025-12-05T18:00:30+00:00,W9495,wagon,queued,,,
6849.5,2025-12-05T18:09:30+00:00,LOCO_02,locomotive,moving,,,
6854.5,2025-12-05T18:14:30+00:00,LOCO_02,locomotive,moving,,,
6861.5,2025-12-05T18:21:30+00:00,LOCO_02,locomotive,moving,,,
6861.5,2025-12-05T18:21:30+00:00,W11320,wagon,moving,,,
6861.5,2025-12-05T18:21:30+00:00,W4522,wagon,moving,,,
6866.5,2025-12-05T18:26:30+00:00,LOCO_02,locomotive,moving,,,
6871.5,2025-12-05T18:31:30+00:00,LOCO_02,locomotive,moving,,,
6878.5,2025-12-05T18:38:30+00:00,W8082,wagon,queued,,,
6878.5,2025-12-05T18:38:30+00:00,LOCO_02,locomotive,moving,,,
6878.5,2025-12-05T18:38:30+00:00,W5833,wagon,moving,,,
6878.5,2025-12-05T18:38:30+00:00,W4479,wagon,moving,,,
6881.5,2025-12-05T18:41:30+00:00,LOCO_01,locomotive,moving,,,
6883.5,2025-12-05T18:43:30+00:00,LOCO_02,locomotive,moving,,,
6886.5,2025-12-05T18:46:30+00:00,LOCO_01,locomotive,moving,,,
6890.5,2025-12-05T18:50:30+00:00,LOCO_02,locomotive,moving,,,
6898.5,2025-12-05T18:58:30+00:00,LOCO_02,locomotive,moving,,,
6898.5,2025-12-05T18:58:30+00:00,W11766,wagon,moving,,,
6898.5,2025-12-05T18:58:30+00:00,W4793,wagon,moving,,,
6903.5,2025-12-05T19:03:30+00:00,W11766,wagon,in_workshop,,,
6903.5,2025-12-05T19:03:30+00:00,W4793,wagon,in_workshop,,,
6909.5,2025-12-05T19:09:30+00:00,W11766,wagon,in_workshop,,,
6909.5,2025-12-05T19:09:30+00:00,W4793,wagon,in_workshop,,,
6909.5,2025-12-05T19:09:30+00:00,LOCO_02,locomotive,moving,,,
6916.5,2025-12-05T19:16:30+00:00,LOCO_02,locomotive,moving,,,
6924.5,2025-12-05T19:24:30+00:00,LOCO_02,locomotive,moving,,,
6924.5,2025-12-05T19:24:30+00:00,W2737,wagon,moving,,,
6924.5,2025-12-05T19:24:30+00:00,W10081,wagon,moving,,,
6929.5,2025-12-05T19:29:30+00:00,W2737,wagon,in_workshop,,,
6929.5,2025-12-05T19:29:30+00:00,W10081,wagon,in_workshop,,,
6935.5,2025-12-05T19:35:30+00:00,W2737,wagon,in_workshop,,,
6935.5,2025-12-05T19:35:30+00:00,W10081,wagon,in_workshop,,,
6935.5,2025-12-05T19:35:30+00:00,LOCO_02,locomotive,moving,,,
6940.5,2025-12-05T19:40:30+00:00,LOCO_02,locomotive,moving,,,
6946.5,2025-12-05T19:46:30+00:00,LOCO_01,locomotive,assigned,,,
6949.5,2025-12-05T19:49:30+00:00,LOCO_01,locomotive,moving,,,
6949.5,2025-12-05T19:49:30+00:00,W9345,wagon,moving,,,
6969.5,2025-12-05T20:09:30+00:00,W11766,wagon,retrofitted,,,
6969.5,2025-12-05T20:09:30+00:00,W4793,wagon,retrofitted,,,
6995.5,2025-12-05T20:35:30+00:00,W2737,wagon,retrofitted,,,
6995.5,2025-12-05T20:35:30+00:00,W10081,wagon,retrofitted,,,
7000.5,2025-12-05T20:40:30+00:00,LOCO_02,locomotive,assigned,,,
7002.0,2025-12-05T20:42:00+00:00,W2652,wagon,arrived,T95,,
7002.0,2025-12-05T20:42:00+00:00,W12385,wagon,arrived,T95,,
7005.5,2025-12-05T20:45:30+00:00,LOCO_02,locomotive,moving,,,
7005.5,2025-12-05T20:45:30+00:00,W8052,wagon,moving,,,
7005.5,2025-12-05T20:45:30+00:00,W11596,wagon,moving,,,
7009.5,2025-12-05T20:49:30+00:00,W9345,wagon,queued,,,
7012.5,2025-12-05T20:52:30+00:00,LOCO_01,locomotive,moving,,,
7017.5,2025-12-05T20:57:30+00:00,LOCO_01,locomotive,moving,,,
7024.5,2025-12-05T21:04:30+00:00,LOCO_01,locomotive,moving,,,
7024.5,2025-12-05T21:04:30+00:00,W11766,wagon,moving,,,
7024.5,2025-12-05T21:04:30+00:00,W4793,wagon,moving,,,
7029.5,2025-12-05T21:09:30+00:00,LOCO_01,locomotive,moving,,,
7034.5,2025-12-05T21:14:30+00:00,LOCO_01,locomotive,moving,,,
7041.5,2025-12-05T21:21:30+00:00,LOCO_01,locomotive,moving,,,
7041.5,2025-12-05T21:21:30+00:00,W2737,wagon,moving,,,
7041.5,2025-12-05T21:21:30+00:00,W10081,wagon,moving,,,
7046.5,2025-12-05T21:26:30+00:00,LOCO_01,locomotive,moving,,,
7051.5,2025-12-05T21:31:30+00:00,LOCO_01,locomotive,moving,,,
7065.5,2025-12-05T21:45:30+00:00,W8052,wagon,queued,,,
7065.5,2025-12-05T21:45:30+00:00,W11596,wagon,queued,,,
7074.5,2025-12-05T21:54:30+00:00,LOCO_02,locomotive,moving,,,
7081.5,2025-12-05T22:01:30+00:00,LOCO_02,locomotive,moving,,,
7089.5,2025-12-05T22:09:30+00:00,LOCO_02,locomotive,moving,,,
7089.5,2025-12-05T22:09:30+00:00,W7253,wagon,moving,,,
7089.5,2025-12-05T22:09:30+00:00,W11718,wagon,moving,,,
7094.5,2025-12-05T22:14:30+00:00,W7253,wagon,in_workshop,,,
7094.5,2025-12-05T22:14:30+00:00,W11718,wagon,in_workshop,,,
7100.5,2025-12-05T22:20:30+00:00,W7253,wagon,in_workshop,,,
7100.5,2025-12-05T22:20:30+00:00,W11718,wagon,in_workshop,,,
7100.5,2025-12-05T22:20:30+00:00,LOCO_02,locomotive,moving,,,
7107.5,2025-12-05T22:27:30+00:00,LOCO_02,locomotive,moving,,,
7111.5,2025-12-05T22:31:30+00:00,LOCO_01,locomotive,assigned,,,
7115.5,2025-12-05T22:35:30+00:00,LOCO_02,locomotive,moving,,,
7115.5,2025-12-05T22:35:30+00:00,W0032,wagon,moving,,,
7115.5,2025-12-05T22:35:30+00:00,W6592,wagon,moving,,,
7116.5,2025-12-05T22:36:30+00:00,LOCO_01,locomotive,moving,,,
7116.5,2025-12-05T22:36:30+00:00,W7115,wagon,moving,,,
7116.5,2025-12-05T22:36:30+00:00,W2971,wagon,moving,,,
7120.5,2025-12-05T22:40:30+00:00,W0032,wagon,in_workshop,,,
7120.5,2025-12-05T22:40:30+00:00,W6592,wagon,in_workshop,,,
7126.5,2025-12-05T22:46:30+00:00,W0032,wagon,in_workshop,,,
7126.5,2025-12-05T22:46:30+00:00,W6592,wagon,in_workshop,,,
7126.5,2025-12-05T22:46:30+00:00,LOCO_02,locomotive,moving,,,
7131.5,2025-12-05T22:51:30+00:00,LOCO_02,locomotive,moving,,,
7160.5,2025-12-05T23:20:30+00:00,W7253,wagon,retrofitted,,,
7160.5,2025-12-05T23:20:30+00:00,W11718,wagon,retrofitted,,,
7167.5,2025-12-05T23:27:30+00:00,W11254,wagon,rejected,T96,,No Retrofit Needed
7167.5,2025-12-05T23:27:30+00:00,W10889,wagon,rejected,T96,,No Retrofit Needed
7167.5,2025-12-05T23:27:30+00:00,W4915,wagon,rejected,T96,,NO_COLLECTION_TRACK
7167.5,2025-12-05T23:27:30+00:00,W11539,wagon,arrived,T96,,
7167.5,2025-12-05T23:27:30+00:00,W4532,wagon,arrived,T96,,
7167.5,2025-12-05T23:27:30+00:00,W8676,wagon,arrived,T96,,
7167.5,2025-12-05T23:27:30+00:00,W4478,wagon,arrived,T96,,
7167.5,2025-12-05T23:27:30+00:00,W5845,wagon,arrived,T96,,
7167.5,2025-12-05T23:27:30+00:00,W5248,wagon,arrived,T96,,
7167.5,2025-12-05T23:27:30+00:00,W3562,wagon,arrived,T96,,
7176.5,2025-12-05T23:36:30+00:00,W7115,wagon,queued,,,
7176.5,2025-12-05T23:36:30+00:00,W2971,wagon,queued,,,
7185.5,2025-12-05T23:45:30+00:00,LOCO_01,locomotive,moving,,,
7186.5,2025-12-05T23:46:30+00:00,W0032,wagon,retrofitted,,,
7186.5,2025-12-05T23:46:30+00:00,W6592,wagon,retrofitted,,,
7190.5,2025-12-05T23:50:30+00:00,LOCO_01,locomotive,assigned,,,
7190.5,2025-12-05T23:50:30+00:00,LOCO_01,locomotive,moving,,,
7191.5,2025-12-05T23:51:30+00:00,LOCO_02,locomotive,assigned,,,
7195.25,2025-12-05T23:55:15+00:00,W0883,wagon,rejected,T97,,NO_COLLECTION_TRACK
7195.25,2025-12-05T23:55:15+00:00,W10330,wagon,rejected,T97,,NO_COLLECTION_TRACK
7195.25,2025-12-05T23:55:15+00:00,W5036,wagon,rejected,T97,,NO_COLLECTION_TRACK
7195.25,2025-12-05T23:55:15+00:00,W0665,wagon,rejected,T97,,NO_COLLECTION_TRACK
7195.25,2025-12-05T23:55:15+00:00,W5519,wagon,rejected,T97,,NO_COLLECTION_TRACK
7195.25,2025-12-05T23:55:15+00:00,W12195,wagon,arrived,T97,,
7196.5,2025-12-05T23:56:30+00:00,LOCO_02,locomotive,moving,,,
7196.5,2025-12-05T23:56:30+00:00,W10957,wagon,moving,,,
7196.5,2025-12-05T23:56:30+00:00,W6303,wagon,moving,,,
7197.5,2025-12-05T23:57:30+00:00,LOCO_01,locomotive,moving,,,
7254.5,2025-12-06T00:54:30+00:00,W4701,wagon,rejected,T98,,No Retrofit Needed
7254.5,2025-12-06T00:54:30+00:00,W4726,wagon,rejected,T98,,No Retrofit Needed
7254.5,2025-12-06T00:54:30+00:00,W4754,wagon,rejected,T98,,No Retrofit Needed
7256.5,2025-12-06T00:56:30+00:00,W10957,wagon,queued,,,
7256.5,2025-12-06T00:56:30+00:00,W6303,wagon,queued,,,
7265.5,2025-12-06T01:05:30+00:00,LOCO_02,locomotive,moving,,,
7270.5,2025-12-06T01:10:30+00:00,LOCO_02,locomotive,moving,,,
7273.75,2025-12-06T01:13:45+00:00,W11482,wagon,rejected,T99,,No Retrofit Needed
7274.0,2025-12-06T01:14:00+00:00,W5057,wagon,parked,,,
7274.0,2025-12-06T01:14:00+00:00,W6682,wagon,parked,,,
7274.0,2025-12-06T01:14:00+00:00,LOCO_01,locomotive,moving,,,
7330.5,2025-12-06T02:10:30+00:00,LOCO_02,locomotive,assigned,,,
7333.5,2025-12-06T02:13:30+00:00,LOCO_02,locomotive,moving,,,
7333.5,2025-12-06T02:13:30+00:00,W0607,wagon,moving,,,
7334.0,2025-12-06T02:14:00+00:00,LOCO_01,locomotive,moving,,,
7341.0,2025-12-06T02:21:00+00:00,LOCO_01,locomotive,moving,,,
7341.0,2025-12-06T02:21:00+00:00,W7253,wagon,moving,,,
7341.0,2025-12-06T02:21:00+00:00,W11718,wagon,moving,,,
7346.0,2025-12-06T02:26:00+00:00,LOCO_01,locomotive,moving,,,
7351.0,2025-12-06T02:31:00+00:00,LOCO_01,locomotive,moving,,,
7358.0,2025-12-06T02:38:00+00:00,LOCO_01,locomotive,moving,,,
7358.0,2025-12-06T02:38:00+00:00,W0032,wagon,moving,,,
7358.0,2025-12-06T02:38:00+00:00,W6592,wagon,moving,,,
7360.25,2025-12-06T02:40:15+00:00,W2831,wagon,rejected,T100,,NO_COLLECTION_TRACK
7360.25,2025-12-06T02:40:15+00:00,W11999,wagon,rejected,T100,,NO_COLLECTION_TRACK
7360.25,2025-12-06T02:40:15+00:00,W12400,wagon,rejected,T100,,NO_COLLECTION_TRACK
7360.25,2025-12-06T02:40:15+00:00,W0881,wagon,arrived,T100,,
7363.0,2025-12-06T02:43:00+00:00,LOCO_01,locomotive,moving,,,
7370.0,2025-12-06T02:50:00+00:00,LOCO_01,locomotive,moving,,,
7375.25,2025-12-06T02:55:15+00:00,W0282,wagon,rejected,T101,,NO_COLLECTION_TRACK
7375.25,2025-12-06T02:55:15+00:00,W2701,wagon,rejected,T101,,NO_COLLECTION_TRACK
7378.0,2025-12-06T02:58:00+00:00,LOCO_01,locomotive,moving,,,
7378.0,2025-12-06T02:58:00+00:00,W7261,wagon,moving,,,
7378.0,2025-12-06T02:58:00+00:00,W10601,wagon,moving,,,
7383.0,2025-12-06T03:03:00+00:00,W7261,wagon,in_workshop,,,
7383.0,2025-12-06T03:03:00+00:00,W10601,wagon,in_workshop,,,
7389.0,2025-12-06T03:09:00+00:00,W7261,wagon,in_workshop,,,
7389.0,2025-12-06T03:09:00+00:00,W10601,wagon,in_workshop,,,
7389.0,2025-12-06T03:09:00+00:00,LOCO_01,locomotive,moving,,,
7393.5,2025-12-06T03:13:30+00:00,W0607,wagon,queued,,,
7394.0,2025-12-06T03:14:00+00:00,LOCO_01,locomotive,moving,,,
7396.5,2025-12-06T03:16:30+00:00,LOCO_02,locomotive,moving,,,
7403.5,2025-12-06T03:23:30+00:00,LOCO_02,locomotive,moving,,,
7411.5,2025-12-06T03:31:30+00:00,LOCO_02,locomotive,moving,,,
7411.5,2025-12-06T03:31:30+00:00,W6942,wagon,moving,,,
7411.5,2025-12-06T03:31:30+00:00,W6246,wagon,moving,,,
7416.5,2025-12-06T03:36:30+00:00,W6942,wagon,in_workshop,,,
7416.5,2025-12-06T03:36:30+00:00,W6246,wagon,in_workshop,,,
7422.5,2025-12-06T03:42:30+00:00,W6942,wagon,in_workshop,,,
7422.5,2025-12-06T03:42:30+00:00,W6246,wagon,in_workshop,,,
7422.5,2025-12-06T03:42:30+00:00,LOCO_02,locomotive,moving,,,
7427.5,2025-12-06T03:47:30+00:00,LOCO_02,locomotive,assigned,,,
7427.5,2025-12-06T03:47:30+00:00,LOCO_02,locomotive,moving,,,
7437.5,2025-12-06T03:57:30+00:00,LOCO_02,locomotive,moving,,,
7449.0,2025-12-06T04:09:00+00:00,W7261,wagon,retrofitted,,,
7449.0,2025-12-06T04:09:00+00:00,W10601,wagon,retrofitted,,,
7454.0,2025-12-06T04:14:00+00:00,LOCO_01,locomotive,assigned,,,
7457.0,2025-12-06T04:17:00+00:00,LOCO_01,locomotive,moving,,,
7457.0,2025-12-06T04:17:00+00:00,W10958,wagon,moving,,,
7482.5,2025-12-06T04:42:30+00:00,W6942,wagon,retrofitted,,,
7482.5,2025-12-06T04:42:30+00:00,W6246,wagon,retrofitted,,,
7505.0,2025-12-06T05:05:00+00:00,W11320,wagon,parked,,,
7505.0,2025-12-06T05:05:00+00:00,W4522,wagon,parked,,,
7505.0,2025-12-06T05:05:00+00:00,W5833,wagon,parked,,,
7505.0,2025-12-06T05:05:00+00:00,W4479,wagon,parked,,,
7505.0,2025-12-06T05:05:00+00:00,W11766,wagon,parked,,,
7505.0,2025-12-06T05:05:00+00:00,W4793,wagon,parked,,,
7505.0,2025-12-06T05:05:00+00:00,W2737,wagon,parked,,,
7505.0,2025-12-06T05:05:00+00:00,W10081,wagon,parked,,,
7505.0,2025-12-06T05:05:00+00:00,LOCO_02,locomotive,moving,,,
7517.0,2025-12-06T05:17:00+00:00,W10958,wagon,queued,,,
7520.0,2025-12-06T05:20:00+00:00,LOCO_01,locomotive,moving,,,
7525.0,2025-12-06T05:25:00+00:00,LOCO_01,locomotive,moving,,,
7565.0,2025-12-06T06:05:00+00:00,LOCO_02,locomotive,moving,,,
7572.0,2025-12-06T06:12:00+00:00,LOCO_02,locomotive,moving,,,
7572.0,2025-12-06T06:12:00+00:00,W7261,wagon,moving,,,
7572.0,2025-12-06T06:12:00+00:00,W10601,wagon,moving,,,
7577.0,2025-12-06T06:17:00+00:00,LOCO_02,locomotive,moving,,,
7582.0,2025-12-06T06:22:00+00:00,LOCO_02,locomotive,moving,,,
7585.0,2025-12-06T06:25:00+00:00,LOCO_01,locomotive,assigned,,,
7589.0,2025-12-06T06:29:00+00:00,LOCO_02,locomotive,moving,,,
7589.0,2025-12-06T06:29:00+00:00,W6942,wagon,moving,,,
7589.0,2025-12-06T06:29:00+00:00,W6246,wagon,moving,,,
7592.0,2025-12-06T06:32:00+00:00,LOCO_01,locomotive,moving,,,
7592.0,2025-12-06T06:32:00+00:00,W5711,wagon,moving,,,
7592.0,2025-12-06T06:32:00+00:00,W8096,wagon,moving,,,
7592.0,2025-12-06T06:32:00+00:00,W9067,wagon,moving,,,
7594.0,2025-12-06T06:34:00+00:00,LOCO_02,locomotive,moving,,,
7601.0,2025-12-06T06:41:00+00:00,LOCO_02,locomotive,moving,,,
7609.0,2025-12-06T06:49:00+00:00,LOCO_02,locomotive,moving,,,
7609.0,2025-12-06T06:49:00+00:00,W5947,wagon,moving,,,
7609.0,2025-12-06T06:49:00+00:00,W7155,wagon,moving,,,
7614.0,2025-12-06T06:54:00+00:00,W5947,wagon,in_workshop,,,
7614.0,2025-12-06T06:54:00+00:00,W7155,wagon,in_workshop,,,
7620.0,2025-12-06T07:00:00+00:00,W5947,wagon,in_workshop,,,
7620.0,2025-12-06T07:00:00+00:00,W7155,wagon,in_workshop,,,
7620.0,2025-12-06T07:00:00+00:00,LOCO_02,locomotive,moving,,,
7627.0,2025-12-06T07:07:00+00:00,LOCO_02,locomotive,moving,,,
7635.0,2025-12-06T07:15:00+00:00,LOCO_02,locomotive,moving,,,
7635.0,2025-12-06T07:15:00+00:00,W8085,wagon,moving,,,
7635.0,2025-12-06T07:15:00+00:00,W7258,wagon,moving,,,
7640.0,2025-12-06T07:20:00+00:00,W8085,wagon,in_workshop,,,
7640.0,2025-12-06T07:20:00+00:00,W7258,wagon,in_workshop,,,
7646.0,2025-12-06T07:26:00+00:00,W8085,wagon,in_workshop,,,
7646.0,2025-12-06T07:26:00+00:00,W7258,wagon,in_workshop,,,
7646.0,2025-12-06T07:26:00+00:00,LOCO_02,locomotive,moving,,,
7651.0,2025-12-06T07:31:00+00:00,LOCO_02,locomotive,moving,,,
7652.0,2025-12-06T07:32:00+00:00,W5711,wagon,queued,,,
7652.0,2025-12-06T07:32:00+00:00,W8096,wagon,queued,,,
7652.0,2025-12-06T07:32:00+00:00,W9067,wagon,queued,,,
7667.0,2025-12-06T07:47:00+00:00,LOCO_01,locomotive,moving,,,
7672.0,2025-12-06T07:52:00+00:00,LOCO_01,locomotive,assigned,,,
7672.0,2025-12-06T07:52:00+00:00,LOCO_01,locomotive,moving,,,
7680.0,2025-12-06T08:00:00+00:00,W5947,wagon,retrofitted,,,
7680.0,2025-12-06T08:00:00+00:00,W7155,wagon,retrofitted,,,
7680.0,2025-12-06T08:00:00+00:00,LOCO_01,locomotive,moving,,,
7706.0,2025-12-06T08:26:00+00:00,W8085,wagon,retrofitted,,,
7706.0,2025-12-06T08:26:00+00:00,W7258,wagon,retrofitted,,,
7711.0,2025-12-06T08:31:00+00:00,LOCO_02,locomotive,assigned,,,
7714.0,2025-12-06T08:34:00+00:00,LOCO_02,locomotive,moving,,,
7714.0,2025-12-06T08:34:00+00:00,W0677,wagon,moving,,,
7758.5,2025-12-06T09:18:30+00:00,W7253,wagon,parked,,,
7758.5,2025-12-06T09:18:30+00:00,W11718,wagon,parked,,,
7758.5,2025-12-06T09:18:30+00:00,W0032,wagon,parked,,,
7758.5,2025-12-06T09:18:30+00:00,W6592,wagon,parked,,,
7758.5,2025-12-06T09:18:30+00:00,LOCO_01,locomotive,moving,,,
7774.0,2025-12-06T09:34:00+00:00,W0677,wagon,queued,,,
7777.0,2025-12-06T09:37:00+00:00,LOCO_02,locomotive,moving,,,
7782.0,2025-12-06T09:42:00+00:00,LOCO_02,locomotive,moving,,,
7818.5,2025-12-06T10:18:30+00:00,LOCO_01,locomotive,moving,,,
7825.5,2025-12-06T10:25:30+00:00,LOCO_01,locomotive,moving,,,
7825.5,2025-12-06T10:25:30+00:00,W5947,wagon,moving,,,
7825.5,2025-12-06T10:25:30+00:00,W7155,wagon,moving,,,
7830.5,2025-12-06T10:30:30+00:00,LOCO_01,locomotive,moving,,,
7835.5,2025-12-06T10:35:30+00:00,LOCO_01,locomotive,moving,,,
7842.0,2025-12-06T10:42:00+00:00,LOCO_02,locomotive,assigned,,,
7842.5,2025-12-06T10:42:30+00:00,LOCO_01,locomotive,moving,,,
7842.5,2025-12-06T10:42:30+00:00,W8085,wagon,moving,,,
7842.5,2025-12-06T10:42:30+00:00,W7258,wagon,moving,,,
7847.0,2025-12-06T10:47:00+00:00,LOCO_02,locomotive,moving,,,
7847.0,2025-12-06T10:47:00+00:00,W2291,wagon,moving,,,
7847.0,2025-12-06T10:47:00+00:00,W6025,wagon,moving,,,
7847.5,2025-12-06T10:47:30+00:00,LOCO_01,locomotive,moving,,,
7854.5,2025-12-06T10:54:30+00:00,LOCO_01,locomotive,moving,,,
7862.5,2025-12-06T11:02:30+00:00,LOCO_01,locomotive,moving,,,
7862.5,2025-12-06T11:02:30+00:00,W9495,wagon,moving,,,
7862.5,2025-12-06T11:02:30+00:00,W8082,wagon,moving,,,
7867.5,2025-12-06T11:07:30+00:00,W9495,wagon,in_workshop,,,
7867.5,2025-12-06T11:07:30+00:00,W8082,wagon,in_workshop,,,
7873.5,2025-12-06T11:13:30+00:00,W9495,wagon,in_workshop,,,
7873.5,2025-12-06T11:13:30+00:00,W8082,wagon,in_workshop,,,
7873.5,2025-12-06T11:13:30+00:00,LOCO_01,locomotive,moving,,,
7878.5,2025-12-06T11:18:30+00:00,LOCO_01,locomotive,moving,,,
7881.5,2025-12-06T11:21:30+00:00,W8570,wagon,arrived,T102,,
7881.5,2025-12-06T11:21:30+00:00,W9355,wagon,arrived,T102,,
7881.5,2025-12-06T11:21:30+00:00,W8578,wagon,arrived,T102,,
7881.5,2025-12-06T11:21:30+00:00,W0948,wagon,arrived,T102,,
7881.5,2025-12-06T11:21:30+00:00,W9358,wagon,arrived,T102,,
7907.0,2025-12-06T11:47:00+00:00,W2291,wagon,queued,,,
7907.0,2025-12-06T11:47:00+00:00,W6025,wagon,queued,,,
7916.0,2025-12-06T11:56:00+00:00,LOCO_02,locomotive,moving,,,
7923.0,2025-12-06T12:03:00+00:00,LOCO_02,locomotive,moving,,,
7926.0,2025-12-06T12:06:00+00:00,W8527,wagon,rejected,T103,,No Retrofit Needed
7926.0,2025-12-06T12:06:00+00:00,W0680,wagon,arrived,T103,,
7926.0,2025-12-06T12:06:00+00:00,W11195,wagon,arrived,T103,,
7927.75,2025-12-06T12:07:45+00:00,W2112,wagon,rejected,T104,,No Retrofit Needed
7927.75,2025-12-06T12:07:45+00:00,W0411,wagon,rejected,T104,,NO_COLLECTION_TRACK
7927.75,2025-12-06T12:07:45+00:00,W4337,wagon,rejected,T104,,NO_COLLECTION_TRACK
7927.75,2025-12-06T12:07:45+00:00,W2166,wagon,rejected,T104,,NO_COLLECTION_TRACK
7927.75,2025-12-06T12:07:45+00:00,W0367,wagon,arrived,T104,,
7931.0,2025-12-06T12:11:00+00:00,LOCO_02,locomotive,moving,,,
7931.0,2025-12-06T12:11:00+00:00,W9345,wagon,moving,,,
7931.0,2025-12-06T12:11:00+00:00,W8052,wagon,moving,,,
7933.5,2025-12-06T12:13:30+00:00,W9495,wagon,retrofitted,,,
7933.5,2025-12-06T12:13:30+00:00,W8082,wagon,retrofitted,,,
7936.0,2025-12-06T12:16:00+00:00,W9345,wagon,in_workshop,,,
7936.0,2025-12-06T12:16:00+00:00,W8052,wagon,in_workshop,,,
7938.5,2025-12-06T12:18:30+00:00,LOCO_01,locomotive,assigned,,,
7941.5,2025-12-06T12:21:30+00:00,LOCO_01,locomotive,moving,,,
7941.5,2025-12-06T12:21:30+00:00,W6634,wagon,moving,,,
7942.0,2025-12-06T12:22:00+00:00,W9345,wagon,in_workshop,,,
7942.0,2025-12-06T12:22:00+00:00,W8052,wagon,in_workshop,,,
7942.0,2025-12-06T12:22:00+00:00,LOCO_02,locomotive,moving,,,
7947.0,2025-12-06T12:27:00+00:00,LOCO_02,locomotive,moving,,,
7954.0,2025-12-06T12:34:00+00:00,LOCO_02,locomotive,moving,,,
7954.0,2025-12-06T12:34:00+00:00,W9495,wagon,moving,,,
7954.0,2025-12-06T12:34:00+00:00,W8082,wagon,moving,,,
7959.0,2025-12-06T12:39:00+00:00,LOCO_02,locomotive,moving,,,
7964.0,2025-12-06T12:44:00+00:00,LOCO_02,locomotive,moving,,,
7982.75,2025-12-06T13:02:45+00:00,W11539,wagon,rejected,T105,,No Retrofit Needed
8001.5,2025-12-06T13:21:30+00:00,W6634,wagon,queued,,,
8002.0,2025-12-06T13:22:00+00:00,W9345,wagon,retrofitted,,,
8002.0,2025-12-06T13:22:00+00:00,W8052,wagon,retrofitted,,,
8004.5,2025-12-06T13:24:30+00:00,LOCO_01,locomotive,moving,,,
8011.5,2025-12-06T13:31:30+00:00,LOCO_01,locomotive,moving,,,
8019.5,2025-12-06T13:39:30+00:00,LOCO_01,locomotive,moving,,,
8019.5,2025-12-06T13:39:30+00:00,W11596,wagon,moving,,,
8019.5,2025-12-06T13:39:30+00:00,W7115,wagon,moving,,,
8024.0,2025-12-06T13:44:00+00:00,LOCO_02,locomotive,assigned,,,
8024.5,2025-12-06T13:44:30+00:00,W11596,wagon,in_workshop,,,
8024.5,2025-12-06T13:44:30+00:00,W7115,wagon,in_workshop,,,
8030.5,2025-12-06T13:50:30+00:00,W11596,wagon,in_workshop,,,
8030.5,2025-12-06T13:50:30+00:00,W7115,wagon,in_workshop,,,
8030.5,2025-12-06T13:50:30+00:00,LOCO_01,locomotive,moving,,,
8033.0,2025-12-06T13:53:00+00:00,LOCO_02,locomotive,moving,,,
8033.0,2025-12-06T13:53:00+00:00,W7175,wagon,moving,,,
8033.0,2025-12-06T13:53:00+00:00,W6803,wagon,moving,,,
8033.0,2025-12-06T13:53:00+00:00,W11959,wagon,moving,,,
8033.0,2025-12-06T13:53:00+00:00,W6231,wagon,moving,,,
8035.5,2025-12-06T13:55:30+00:00,LOCO_01,locomotive,assigned,,,
8035.5,2025-12-06T13:55:30+00:00,LOCO_01,locomotive,moving,,,
8043.5,2025-12-06T14:03:30+00:00,LOCO_01,locomotive,moving,,,
8067.0,2025-12-06T14:27:00+00:00,W11320,wagon,rejected,T106,,No Retrofit Needed
8067.0,2025-12-06T14:27:00+00:00,W11884,wagon,rejected,T106,,NO_COLLECTION_TRACK
8067.0,2025-12-06T14:27:00+00:00,W9420,wagon,rejected,T106,,NO_COLLECTION_TRACK
8067.0,2025-12-06T14:27:00+00:00,W9744,wagon,rejected,T106,,NO_COLLECTION_TRACK
8067.0,2025-12-06T14:27:00+00:00,W10936,wagon,rejected,T106,,NO_COLLECTION_TRACK
8067.0,2025-12-06T14:27:00+00:00,W2184,wagon,rejected,T106,,NO_COLLECTION_TRACK
8067.0,2025-12-06T14:27:00+00:00,W2839,wagon,rejected,T106,,NO_COLLECTION_TRACK
8067.0,2025-12-06T14:27:00+00:00,W11847,wagon,arrived,T106,,
8067.0,2025-12-06T14:27:00+00:00,W2135,wagon,arrived,T106,,
8087.75,2025-12-06T14:47:45+00:00,W11482,wagon,rejected,T107,,No Retrofit Needed
8087.75,2025-12-06T14:47:45+00:00,W9733,wagon,rejected,T107,,NO_COLLECTION_TRACK
8087.75,2025-12-06T14:47:45+00:00,W10993,wagon,rejected,T107,,NO_COLLECTION_TRACK
8090.5,2025-12-06T14:50:30+00:00,W11596,wagon,retrofitted,,,
8090.5,2025-12-06T14:50:30+00:00,W7115,wagon,retrofitted,,,
8093.0,2025-12-06T14:53:00+00:00,W7175,wagon,queued,,,
8093.0,2025-12-06T14:53:00+00:00,W6803,wagon,queued,,,
8093.0,2025-12-06T14:53:00+00:00,W11959,wagon,queued,,,
8093.0,2025-12-06T14:53:00+00:00,W6231,wagon,queued,,,
8107.0,2025-12-06T15:07:00+00:00,W7261,wagon,parked,,,
8107.0,2025-12-06T15:07:00+00:00,W10601,wagon,parked,,,
8107.0,2025-12-06T15:07:00+00:00,W6942,wagon,parked,,,
8107.0,2025-12-06T15:07:00+00:00,W6246,wagon,parked,,,
8107.0,2025-12-06T15:07:00+00:00,LOCO_01,locomotive,moving,,,
8114.0,2025-12-06T15:14:00+00:00,LOCO_02,locomotive,moving,,,
8114.75,2025-12-06T15:14:45+00:00,W4726,wagon,rejected,T108,,No Retrofit Needed
8114.75,2025-12-06T15:14:45+00:00,W4754,wagon,rejected,T108,,No Retrofit Needed
8114.75,2025-12-06T15:14:45+00:00,W4701,wagon,rejected,T108,,No Retrofit Needed
8119.0,2025-12-06T15:19:00+00:00,LOCO_02,locomotive,moving,,,
8167.0,2025-12-06T16:07:00+00:00,LOCO_01,locomotive,moving,,,
8174.0,2025-12-06T16:14:00+00:00,LOCO_01,locomotive,moving,,,
8174.0,2025-12-06T16:14:00+00:00,W9345,wagon,moving,,,
8174.0,2025-12-06T16:14:00+00:00,W8052,wagon,moving,,,
8179.0,2025-12-06T16:19:00+00:00,LOCO_02,locomotive,assigned,,,
8179.0,2025-12-06T16:19:00+00:00,LOCO_01,locomotive,moving,,,
8184.0,2025-12-06T16:24:00+00:00,LOCO_02,locomotive,moving,,,
8184.0,2025-12-06T16:24:00+00:00,W7265,wagon,moving,,,
8184.0,2025-12-06T16:24:00+00:00,W11947,wagon,moving,,,
8184.0,2025-12-06T16:24:00+00:00,LOCO_01,locomotive,moving,,,
8191.0,2025-12-06T16:31:00+00:00,LOCO_01,locomotive,moving,,,
8191.0,2025-12-06T16:31:00+00:00,W11596,wagon,moving,,,
8191.0,2025-12-06T16:31:00+00:00,W7115,wagon,moving,,,
8196.0,2025-12-06T16:36:00+00:00,LOCO_01,locomotive,moving,,,
8203.0,2025-12-06T16:43:00+00:00,LOCO_01,locomotive,moving,,,
8211.0,2025-12-06T16:51:00+00:00,LOCO_01,locomotive,moving,,,
8211.0,2025-12-06T16:51:00+00:00,W2971,wagon,moving,,,
8211.0,2025-12-06T16:51:00+00:00,W10957,wagon,moving,,,
8216.0,2025-12-06T16:56:00+00:00,W2971,wagon,in_workshop,,,
8216.0,2025-12-06T16:56:00+00:00,W10957,wagon,in_workshop,,,
8222.0,2025-12-06T17:02:00+00:00,W2971,wagon,in_workshop,,,
8222.0,2025-12-06T17:02:00+00:00,W10957,wagon,in_workshop,,,
8222.0,2025-12-06T17:02:00+00:00,LOCO_01,locomotive,moving,,,
8227.0,2025-12-06T17:07:00+00:00,LOCO_01,locomotive,moving,,,
8244.0,2025-12-06T17:24:00+00:00,W7265,wagon,queued,,,
8244.0,2025-12-06T17:24:00+00:00,W11947,wagon,queued,,,
8246.5,2025-12-06T17:26:30+00:00,W5612,wagon,rejected,T109,,NO_COLLECTION_TRACK
8246.5,2025-12-06T17:26:30+00:00,W0928,wagon,rejected,T109,,NO_COLLECTION_TRACK
8246.5,2025-12-06T17:26:30+00:00,W12177,wagon,rejected,T109,,NO_COLLECTION_TRACK
8246.5,2025-12-06T17:26:30+00:00,W0888,wagon,rejected,T109,,NO_COLLECTION_TRACK
8246.5,2025-12-06T17:26:30+00:00,W11510,wagon,rejected,T109,,NO_COLLECTION_TRACK
8246.5,2025-12-06T17:26:30+00:00,W3210,wagon,rejected,T109,,NO_COLLECTION_TRACK
8246.5,2025-12-06T17:26:30+00:00,W4457,wagon,arrived,T109,,
8253.0,2025-12-06T17:33:00+00:00,LOCO_02,locomotive,moving,,,
8260.0,2025-12-06T17:40:00+00:00,LOCO_02,locomotive,moving,,,
8268.0,2025-12-06T17:48:00+00:00,LOCO_02,locomotive,moving,,,
8268.0,2025-12-06T17:48:00+00:00,W6303,wagon,moving,,,
8268.0,2025-12-06T17:48:00+00:00,W0607,wagon,moving,,,
8270.25,2025-12-06T17:50:15+00:00,W12260,wagon,rejected,T110,,No Retrofit Needed
8270.25,2025-12-06T17:50:15+00:00,W0709,wagon,arrived,T110,,
8273.0,2025-12-06T17:53:00+00:00,W6303,wagon,in_workshop,,,
8273.0,2025-12-06T17:53:00+00:00,W0607,wagon,in_workshop,,,
8275.25,2025-12-06T17:55:15+00:00,W5646,wagon,rejected,T111,,NO_COLLECTION_TRACK
8275.25,2025-12-06T17:55:15+00:00,W6681,wagon,rejected,T111,,NO_COLLECTION_TRACK
8275.25,2025-12-06T17:55:15+00:00,W6467,wagon,rejected,T111,,NO_COLLECTION_TRACK
8275.25,2025-12-06T17:55:15+00:00,W6823,wagon,arrived,T111,,
8275.25,2025-12-06T17:55:15+00:00,W6640,wagon,arrived,T111,,
8279.0,2025-12-06T17:59:00+00:00,W6303,wagon,in_workshop,,,
8279.0,2025-12-06T17:59:00+00:00,W0607,wagon,in_workshop,,,
8279.0,2025-12-06T17:59:00+00:00,LOCO_02,locomotive,moving,,,
8282.0,2025-12-06T18:02:00+00:00,W2971,wagon,retrofitted,,,
8282.0,2025-12-06T18:02:00+00:00,W10957,wagon,retrofitted,,,
8284.0,2025-12-06T18:04:00+00:00,LOCO_02,locomotive,assigned,,,
8284.0,2025-12-06T18:04:00+00:00,LOCO_02,locomotive,moving,,,
8287.0,2025-12-06T18:07:00+00:00,LOCO_01,locomotive,assigned,,,
8290.0,2025-12-06T18:10:00+00:00,LOCO_01,locomotive,moving,,,
8290.0,2025-12-06T18:10:00+00:00,W9534,wagon,moving,,,
8293.0,2025-12-06T18:13:00+00:00,LOCO_02,locomotive,moving,,,
8329.0,2025-12-06T18:49:00+00:00,W11050,wagon,rejected,T112,,NO_COLLECTION_TRACK
8329.0,2025-12-06T18:49:00+00:00,W12319,wagon,rejected,T112,,NO_COLLECTION_TRACK
8336.0,2025-12-06T18:56:00+00:00,W6025,wagon,rejected,T113,,No Retrofit Needed
8336.0,2025-12-06T18:56:00+00:00,W6634,wagon,rejected,T113,,No Retrofit Needed
8339.0,2025-12-06T18:59:00+00:00,W6303,wagon,retrofitted,,,
8339.0,2025-12-06T18:59:00+00:00,W0607,wagon,retrofitted,,,
8341.25,2025-12-06T19:01:15+00:00,W0475,wagon,rejected,T114,,NO_COLLECTION_TRACK
8341.25,2025-12-06T19:01:15+00:00,W0827,wagon,rejected,T114,,NO_COLLECTION_TRACK
8341.25,2025-12-06T19:01:15+00:00,W0561,wagon,rejected,T114,,NO_COLLECTION_TRACK
8341.25,2025-12-06T19:01:15+00:00,W7563,wagon,rejected,T114,,NO_COLLECTION_TRACK
8342.0,2025-12-06T19:02:00+00:00,W10886,wagon,rejected,T115,,No Retrofit Needed
8350.0,2025-12-06T19:10:00+00:00,W9534,wagon,queued,,,
8353.0,2025-12-06T19:13:00+00:00,LOCO_01,locomotive,moving,,,
8358.0,2025-12-06T19:18:00+00:00,LOCO_01,locomotive,moving,,,
8373.5,2025-12-06T19:33:30+00:00,W5947,wagon,parked,,,
8373.5,2025-12-06T19:33:30+00:00,W7155,wagon,parked,,,
8373.5,2025-12-06T19:33:30+00:00,W8085,wagon,parked,,,
8373.5,2025-12-06T19:33:30+00:00,W7258,wagon,parked,,,
8373.5,2025-12-06T19:33:30+00:00,W9495,wagon,parked,,,
8373.5,2025-12-06T19:33:30+00:00,W8082,wagon,parked,,,
8373.5,2025-12-06T19:33:30+00:00,LOCO_02,locomotive,moving,,,
8418.0,2025-12-06T20:18:00+00:00,LOCO_01,locomotive,assigned,,,
8425.0,2025-12-06T20:25:00+00:00,LOCO_01,locomotive,moving,,,
8425.0,2025-12-06T20:25:00+00:00,W7316,wagon,moving,,,
8425.0,2025-12-06T20:25:00+00:00,W8671,wagon,moving,,,
8425.0,2025-12-06T20:25:00+00:00,W7400,wagon,moving,,,
8425.5,2025-12-06T20:25:30+00:00,W2744,wagon,rejected,T116,,No Retrofit Needed
8425.5,2025-12-06T20:25:30+00:00,W5833,wagon,rejected,T116,,No Retrofit Needed
8425.5,2025-12-06T20:25:30+00:00,W6008,wagon,rejected,T116,,NO_COLLECTION_TRACK
8425.5,2025-12-06T20:25:30+00:00,W5821,wagon,arrived,T116,,
8433.5,2025-12-06T20:33:30+00:00,LOCO_02,locomotive,moving,,,
8440.5,2025-12-06T20:40:30+00:00,LOCO_02,locomotive,moving,,,
8440.5,2025-12-06T20:40:30+00:00,W2971,wagon,moving,,,
8440.5,2025-12-06T20:40:30+00:00,W10957,wagon,moving,,,
8445.5,2025-12-06T20:45:30+00:00,LOCO_02,locomotive,moving,,,
8450.5,2025-12-06T20:50:30+00:00,LOCO_02,locomotive,moving,,,
8456.5,2025-12-06T20:56:30+00:00,W0293,wagon,rejected,T117,,NO_COLLECTION_TRACK
8456.5,2025-12-06T20:56:30+00:00,W0616,wagon,rejected,T117,,NO_COLLECTION_TRACK
8456.5,2025-12-06T20:56:30+00:00,W7853,wagon,rejected,T117,,NO_COLLECTION_TRACK
8457.5,2025-12-06T20:57:30+00:00,LOCO_02,locomotive,moving,,,
8457.5,2025-12-06T20:57:30+00:00,W6303,wagon,moving,,,
8457.5,2025-12-06T20:57:30+00:00,W0607,wagon,moving,,,
8462.5,2025-12-06T21:02:30+00:00,LOCO_02,locomotive,moving,,,
8469.5,2025-12-06T21:09:30+00:00,LOCO_02,locomotive,moving,,,
8477.5,2025-12-06T21:17:30+00:00,LOCO_02,locomotive,moving,,,
8477.5,2025-12-06T21:17:30+00:00,W10958,wagon,moving,,,
8477.5,2025-12-06T21:17:30+00:00,W5711,wagon,moving,,,
8482.5,2025-12-06T21:22:30+00:00,W10958,wagon,in_workshop,,,
8482.5,2025-12-06T21:22:30+00:00,W5711,wagon,in_workshop,,,
8485.0,2025-12-06T21:25:00+00:00,W7316,wagon,queued,,,
8485.0,2025-12-06T21:25:00+00:00,W8671,wagon,queued,,,
8485.0,2025-12-06T21:25:00+00:00,W7400,wagon,queued,,,
8488.5,2025-12-06T21:28:30+00:00,W10958,wagon,in_workshop,,,
8488.5,2025-12-06T21:28:30+00:00,W5711,wagon,in_workshop,,,
8488.5,2025-12-06T21:28:30+00:00,LOCO_02,locomotive,moving,,,
8493.5,2025-12-06T21:33:30+00:00,LOCO_02,locomotive,moving,,,
8500.0,2025-12-06T21:40:00+00:00,LOCO_01,locomotive,moving,,,
8507.0,2025-12-06T21:47:00+00:00,LOCO_01,locomotive,moving,,,
8515.0,2025-12-06T21:55:00+00:00,LOCO_01,locomotive,moving,,,
8515.0,2025-12-06T21:55:00+00:00,W8096,wagon,moving,,,
8515.0,2025-12-06T21:55:00+00:00,W9067,wagon,moving,,,
8520.0,2025-12-06T22:00:00+00:00,W8096,wagon,in_workshop,,,
8520.0,2025-12-06T22:00:00+00:00,W9067,wagon,in_workshop,,,
8526.0,2025-12-06T22:06:00+00:00,W8096,wagon,in_workshop,,,
8526.0,2025-12-06T22:06:00+00:00,W9067,wagon,in_workshop,,,
8526.0,2025-12-06T22:06:00+00:00,LOCO_01,locomotive,moving,,,
8531.0,2025-12-06T22:11:00+00:00,LOCO_01,locomotive,assigned,,,
8531.0,2025-12-06T22:11:00+00:00,LOCO_01,locomotive,moving,,,
8539.0,2025-12-06T22:19:00+00:00,LOCO_01,locomotive,moving,,,
8548.5,2025-12-06T22:28:30+00:00,W10958,wagon,retrofitted,,,
8548.5,2025-12-06T22:28:30+00:00,W5711,wagon,retrofitted,,,
8553.5,2025-12-06T22:33:30+00:00,LOCO_02,locomotive,assigned,,,
8556.5,2025-12-06T22:36:30+00:00,LOCO_02,locomotive,moving,,,
8556.5,2025-12-06T22:36:30+00:00,W8634,wagon,moving,,,
8572.75,2025-12-06T22:52:45+00:00,W10134,wagon,rejected,T118,,No Retrofit Needed
8572.75,2025-12-06T22:52:45+00:00,W0956,wagon,rejected,T118,,NO_COLLECTION_TRACK
8572.75,2025-12-06T22:52:45+00:00,W12146,wagon,rejected,T118,,NO_COLLECTION_TRACK
8572.75,2025-12-06T22:52:45+00:00,W2794,wagon,rejected,T118,,NO_COLLECTION_TRACK
8572.75,2025-12-06T22:52:45+00:00,W6704,wagon,arrived,T118,,
8572.75,2025-12-06T22:52:45+00:00,W0167,wagon,arrived,T118,,
8572.75,2025-12-06T22:52:45+00:00,W0002,wagon,arrived,T118,,
8586.0,2025-12-06T23:06:00+00:00,W8096,wagon,retrofitted,,,
8586.0,2025-12-06T23:06:00+00:00,W9067,wagon,retrofitted,,,
8616.5,2025-12-06T23:36:30+00:00,W8634,wagon,queued,,,
8619.5,2025-12-06T23:39:30+00:00,LOCO_02,locomotive,moving,,,
8624.5,2025-12-06T23:44:30+00:00,LOCO_02,locomotive,moving,,,
8635.25,2025-12-06T23:55:15+00:00,W0128,wagon,rejected,T119,,NO_COLLECTION_TRACK
8635.25,2025-12-06T23:55:15+00:00,W7755,wagon,rejected,T119,,NO_COLLECTION_TRACK
8635.25,2025-12-06T23:55:15+00:00,W9951,wagon,rejected,T119,,NO_COLLECTION_TRACK
8635.25,2025-12-06T23:55:15+00:00,W4605,wagon,rejected,T119,,NO_COLLECTION_TRACK
8635.25,2025-12-06T23:55:15+00:00,W12186,wagon,arrived,T119,,
8662.5,2025-12-07T00:22:30+00:00,W9345,wagon,parked,,,
8662.5,2025-12-07T00:22:30+00:00,W8052,wagon,parked,,,
8662.5,2025-12-07T00:22:30+00:00,W11596,wagon,parked,,,
8662.5,2025-12-07T00:22:30+00:00,W7115,wagon,parked,,,
8662.5,2025-12-07T00:22:30+00:00,LOCO_01,locomotive,moving,,,
8684.5,2025-12-07T00:44:30+00:00,LOCO_02,locomotive,assigned,,,
8689.5,2025-12-07T00:49:30+00:00,LOCO_02,locomotive,moving,,,
8689.5,2025-12-07T00:49:30+00:00,W0606,wagon,moving,,,
8689.5,2025-12-07T00:49:30+00:00,W10249,wagon,moving,,,
8722.5,2025-12-07T01:22:30+00:00,LOCO_01,locomotive,moving,,,
8729.5,2025-12-07T01:29:30+00:00,LOCO_01,locomotive,moving,,,
8729.5,2025-12-07T01:29:30+00:00,W10958,wagon,moving,,,
8729.5,2025-12-07T01:29:30+00:00,W5711,wagon,moving,,,
8734.5,2025-12-07T01:34:30+00:00,LOCO_01,locomotive,moving,,,
8739.5,2025-12-07T01:39:30+00:00,LOCO_01,locomotive,moving,,,
8746.5,2025-12-07T01:46:30+00:00,LOCO_01,locomotive,moving,,,
8746.5,2025-12-07T01:46:30+00:00,W8096,wagon,moving,,,
8746.5,2025-12-07T01:46:30+00:00,W9067,wagon,moving,,,
8749.5,2025-12-07T01:49:30+00:00,W0606,wagon,queued,,,
8749.5,2025-12-07T01:49:30+00:00,W10249,wagon,queued,,,
8751.5,2025-12-07T01:51:30+00:00,LOCO_01,locomotive,moving,,,
8758.5,2025-12-07T01:58:30+00:00,LOCO_02,locomotive,moving,,,
8758.5,2025-12-07T01:58:30+00:00,LOCO_01,locomotive,moving,,,
8763.5,2025-12-07T02:03:30+00:00,LOCO_02,locomotive,moving,,,
8766.5,2025-12-07T02:06:30+00:00,LOCO_01,locomotive,moving,,,
8766.5,2025-12-07T02:06:30+00:00,W0677,wagon,moving,,,
8766.5,2025-12-07T02:06:30+00:00,W2291,wagon,moving,,,
8771.5,2025-12-07T02:11:30+00:00,W0677,wagon,in_workshop,,,
8771.5,2025-12-07T02:11:30+00:00,W2291,wagon,in_workshop,,,
8777.5,2025-12-07T02:17:30+00:00,W0677,wagon,in_workshop,,,
8777.5,2025-12-07T02:17:30+00:00,W2291,wagon,in_workshop,,,
8777.5,2025-12-07T02:17:30+00:00,LOCO_01,locomotive,moving,,,
8784.5,2025-12-07T02:24:30+00:00,LOCO_01,locomotive,moving,,,
8792.5,2025-12-07T02:32:30+00:00,LOCO_01,locomotive,moving,,,
8792.5,2025-12-07T02:32:30+00:00,W6025,wagon,moving,,,
8792.5,2025-12-07T02:32:30+00:00,W6634,wagon,moving,,,
8797.5,2025-12-07T02:37:30+00:00,W6025,wagon,in_workshop,,,
8797.5,2025-12-07T02:37:30+00:00,W6634,wagon,in_workshop,,,
8803.5,2025-12-07T02:43:30+00:00,W6025,wagon,in_workshop,,,
8803.5,2025-12-07T02:43:30+00:00,W6634,wagon,in_workshop,,,
8803.5,2025-12-07T02:43:30+00:00,LOCO_01,locomotive,moving,,,
8808.5,2025-12-07T02:48:30+00:00,LOCO_01,locomotive,moving,,,
8823.5,2025-12-07T03:03:30+00:00,LOCO_02,locomotive,assigned,,,
8826.5,2025-12-07T03:06:30+00:00,LOCO_02,locomotive,moving,,,
8826.5,2025-12-07T03:06:30+00:00,W2112,wagon,moving,,,
8837.5,2025-12-07T03:17:30+00:00,W0677,wagon,retrofitted,,,
8837.5,2025-12-07T03:17:30+00:00,W2291,wagon,retrofitted,,,
8863.5,2025-12-07T03:43:30+00:00,W6025,wagon,retrofitted,,,
8863.5,2025-12-07T03:43:30+00:00,W6634,wagon,retrofitted,,,
8868.5,2025-12-07T03:48:30+00:00,LOCO_01,locomotive,assigned,,,
8875.5,2025-12-07T03:55:30+00:00,LOCO_01,locomotive,moving,,,
8875.5,2025-12-07T03:55:30+00:00,W2050,wagon,moving,,,
8875.5,2025-12-07T03:55:30+00:00,W2386,wagon,moving,,,
8875.5,2025-12-07T03:55:30+00:00,W10254,wagon,moving,,,
8886.5,2025-12-07T04:06:30+00:00,W2112,wagon,queued,,,
8889.5,2025-12-07T04:09:30+00:00,LOCO_02,locomotive,moving,,,
8894.5,2025-12-07T04:14:30+00:00,LOCO_02,locomotive,moving,,,
8901.5,2025-12-07T04:21:30+00:00,LOCO_02,locomotive,moving,,,
8901.5,2025-12-07T04:21:30+00:00,W0677,wagon,moving,,,
8901.5,2025-12-07T04:21:30+00:00,W2291,wagon,moving,,,
8906.5,2025-12-07T04:26:30+00:00,LOCO_02,locomotive,moving,,,
8911.5,2025-12-07T04:31:30+00:00,LOCO_02,locomotive,assigned,,,
8911.5,2025-12-07T04:31:30+00:00,LOCO_02,locomotive,moving,,,
8919.5,2025-12-07T04:39:30+00:00,LOCO_02,locomotive,moving,,,
8935.5,2025-12-07T04:55:30+00:00,W2050,wagon,queued,,,
8935.5,2025-12-07T04:55:30+00:00,W2386,wagon,queued,,,
8935.5,2025-12-07T04:55:30+00:00,W10254,wagon,queued,,,
8950.5,2025-12-07T05:10:30+00:00,LOCO_01,locomotive,moving,,,
8955.5,2025-12-07T05:15:30+00:00,LOCO_01,locomotive,moving,,,
8998.0,2025-12-07T05:58:00+00:00,W2971,wagon,parked,,,
8998.0,2025-12-07T05:58:00+00:00,W10957,wagon,parked,,,
8998.0,2025-12-07T05:58:00+00:00,W6303,wagon,parked,,,
8998.0,2025-12-07T05:58:00+00:00,W0607,wagon,parked,,,
8998.0,2025-12-07T05:58:00+00:00,LOCO_02,locomotive,moving,,,
9015.5,2025-12-07T06:15:30+00:00,LOCO_01,locomotive,assigned,,,
9018.5,2025-12-07T06:18:30+00:00,LOCO_01,locomotive,moving,,,
9018.5,2025-12-07T06:18:30+00:00,W12355,wagon,moving,,,
9060.0,2025-12-07T07:00:00+00:00,LOCO_02,locomotive,moving,,,
9068.0,2025-12-07T07:08:00+00:00,LOCO_02,locomotive,moving,,,
9068.0,2025-12-07T07:08:00+00:00,W7175,wagon,moving,,,
9068.0,2025-12-07T07:08:00+00:00,W6803,wagon,moving,,,
9073.0,2025-12-07T07:13:00+00:00,W7175,wagon,in_workshop,,,
9073.0,2025-12-07T07:13:00+00:00,W6803,wagon,in_workshop,,,
9078.5,2025-12-07T07:18:30+00:00,W12355,wagon,queued,,,
9079.0,2025-12-07T07:19:00+00:00,W7175,wagon,in_workshop,,,
9079.0,2025-12-07T07:19:00+00:00,W6803,wagon,in_workshop,,,
9079.0,2025-12-07T07:19:00+00:00,LOCO_02,locomotive,moving,,,
9081.5,2025-12-07T07:21:30+00:00,LOCO_01,locomotive,moving,,,
9084.0,2025-12-07T07:24:00+00:00,LOCO_02,locomotive,moving,,,
9084.25,2025-12-07T07:24:15+00:00,W11256,wagon,rejected,T120,,No Retrofit Needed
9084.25,2025-12-07T07:24:15+00:00,W10878,wagon,rejected,T120,,No Retrofit Needed
9084.25,2025-12-07T07:24:15+00:00,W0875,wagon,rejected,T120,,NO_COLLECTION_TRACK
9084.25,2025-12-07T07:24:15+00:00,W5989,wagon,rejected,T120,,NO_COLLECTION_TRACK
9084.25,2025-12-07T07:24:15+00:00,W5415,wagon,rejected,T120,,NO_COLLECTION_TRACK
9084.25,2025-12-07T07:24:15+00:00,W12031,wagon,rejected,T120,,NO_COLLECTION_TRACK
9084.25,2025-12-07T07:24:15+00:00,W10772,wagon,arrived,T120,,
9084.25,2025-12-07T07:24:15+00:00,W5316,wagon,arrived,T120,,
9084.25,2025-12-07T07:24:15+00:00,W9043,wagon,arrived,T120,,
9084.25,2025-12-07T07:24:15+00:00,W2149,wagon,arrived,T120,,
9084.25,2025-12-07T07:24:15+00:00,W5380,wagon,arrived,T120,,
9086.5,2025-12-07T07:26:30+00:00,LOCO_01,locomotive,moving,,,
9093.5,2025-12-07T07:33:30+00:00,LOCO_01,locomotive,moving,,,
9093.5,2025-12-07T07:33:30+00:00,W6025,wagon,moving,,,
9093.5,2025-12-07T07:33:30+00:00,W6634,wagon,moving,,,
9098.5,2025-12-07T07:38:30+00:00,LOCO_01,locomotive,moving,,,
9103.5,2025-12-07T07:43:30+00:00,LOCO_01,locomotive,assigned,,,
9103.5,2025-12-07T07:43:30+00:00,LOCO_01,locomotive,moving,,,
9112.5,2025-12-07T07:52:30+00:00,LOCO_01,locomotive,moving,,,
9139.0,2025-12-07T08:19:00+00:00,W7175,wagon,retrofitted,,,
9139.0,2025-12-07T08:19:00+00:00,W6803,wagon,retrofitted,,,
9144.0,2025-12-07T08:24:00+00:00,LOCO_02,locomotive,assigned,,,
9147.0,2025-12-07T08:27:00+00:00,LOCO_02,locomotive,moving,,,
9147.0,2025-12-07T08:27:00+00:00,W5282,wagon,moving,,,
9178.0,2025-12-07T08:58:00+00:00,W10958,wagon,parked,,,
9178.0,2025-12-07T08:58:00+00:00,W5711,wagon,parked,,,
9178.0,2025-12-07T08:58:00+00:00,W8096,wagon,parked,,,
9178.0,2025-12-07T08:58:00+00:00,W9067,wagon,parked,,,
9178.0,2025-12-07T08:58:00+00:00,W0677,wagon,parked,,,
9178.0,2025-12-07T08:58:00+00:00,W2291,wagon,parked,,,
9178.0,2025-12-07T08:58:00+00:00,LOCO_01,locomotive,moving,,,
9185.25,2025-12-07T09:05:15+00:00,W12208,wagon,rejected,T121,,No Retrofit Needed
9185.25,2025-12-07T09:05:15+00:00,W11259,wagon,rejected,T121,,No Retrofit Needed
9185.25,2025-12-07T09:05:15+00:00,W8714,wagon,rejected,T121,,NO_COLLECTION_TRACK
9185.25,2025-12-07T09:05:15+00:00,W7877,wagon,rejected,T121,,NO_COLLECTION_TRACK
9185.25,2025-12-07T09:05:15+00:00,W7897,wagon,rejected,T121,,NO_COLLECTION_TRACK
9185.25,2025-12-07T09:05:15+00:00,W0962,wagon,rejected,T121,,NO_COLLECTION_TRACK
9185.25,2025-12-07T09:05:15+00:00,W5280,wagon,arrived,T121,,
9207.0,2025-12-07T09:27:00+00:00,W5282,wagon,queued,,,
9210.0,2025-12-07T09:30:00+00:00,LOCO_02,locomotive,moving,,,
9217.0,2025-12-07T09:37:00+00:00,LOCO_02,locomotive,moving,,,
9225.0,2025-12-07T09:45:00+00:00,LOCO_02,locomotive,moving,,,
9225.0,2025-12-07T09:45:00+00:00,W11959,wagon,moving,,,
9225.0,2025-12-07T09:45:00+00:00,W6231,wagon,moving,,,
9230.0,2025-12-07T09:50:00+00:00,W11959,wagon,in_workshop,,,
9230.0,2025-12-07T09:50:00+00:00,W6231,wagon,in_workshop,,,
9236.0,2025-12-07T09:56:00+00:00,W11959,wagon,in_workshop,,,
9236.0,2025-12-07T09:56:00+00:00,W6231,wagon,in_workshop,,,
9236.0,2025-12-07T09:56:00+00:00,LOCO_02,locomotive,moving,,,
9238.0,2025-12-07T09:58:00+00:00,LOCO_01,locomotive,moving,,,
9241.0,2025-12-07T10:01:00+00:00,LOCO_02,locomotive,moving,,,
9248.0,2025-12-07T10:08:00+00:00,LOCO_02,locomotive,moving,,,
9248.0,2025-12-07T10:08:00+00:00,W7175,wagon,moving,,,
9248.0,2025-12-07T10:08:00+00:00,W6803,wagon,moving,,,
9253.0,2025-12-07T10:13:00+00:00,LOCO_02,locomotive,moving,,,
9258.0,2025-12-07T10:18:00+00:00,LOCO_02,locomotive,moving,,,
9296.0,2025-12-07T10:56:00+00:00,W11959,wagon,retrofitted,,,
9296.0,2025-12-07T10:56:00+00:00,W6231,wagon,retrofitted,,,
9298.0,2025-12-07T10:58:00+00:00,LOCO_01,locomotive,assigned,,,
9300.5,2025-12-07T11:00:30+00:00,W5248,wagon,rejected,T122,,No Retrofit Needed
9300.5,2025-12-07T11:00:30+00:00,W5310,wagon,rejected,T122,,No Retrofit Needed
9301.0,2025-12-07T11:01:00+00:00,LOCO_01,locomotive,moving,,,
9301.0,2025-12-07T11:01:00+00:00,W9440,wagon,moving,,,
9318.0,2025-12-07T11:18:00+00:00,LOCO_02,locomotive,assigned,,,
9321.0,2025-12-07T11:21:00+00:00,LOCO_02,locomotive,moving,,,
9321.0,2025-12-07T11:21:00+00:00,W9940,wagon,moving,,,
9337.25,2025-12-07T11:37:15+00:00,W10435,wagon,rejected,T123,,NO_COLLECTION_TRACK
9337.25,2025-12-07T11:37:15+00:00,W10441,wagon,arrived,T123,,
9361.0,2025-12-07T12:01:00+00:00,W9440,wagon,queued,,,
9364.0,2025-12-07T12:04:00+00:00,LOCO_01,locomotive,moving,,,
9371.0,2025-12-07T12:11:00+00:00,LOCO_01,locomotive,moving,,,
9379.0,2025-12-07T12:19:00+00:00,LOCO_01,locomotive,moving,,,
9379.0,2025-12-07T12:19:00+00:00,W7265,wagon,moving,,,
9379.0,2025-12-07T12:19:00+00:00,W11947,wagon,moving,,,
9381.0,2025-12-07T12:21:00+00:00,W9940,wagon,queued,,,
9384.0,2025-12-07T12:24:00+00:00,W7265,wagon,in_workshop,,,
9384.0,2025-12-07T12:24:00+00:00,W11947,wagon,in_workshop,,,
9384.0,2025-12-07T12:24:00+00:00,LOCO_02,locomotive,moving,,,
9389.0,2025-12-07T12:29:00+00:00,LOCO_02,locomotive,moving,,,
9390.0,2025-12-07T12:30:00+00:00,W7265,wagon,in_workshop,,,
9390.0,2025-12-07T12:30:00+00:00,W11947,wagon,in_workshop,,,
9390.0,2025-12-07T12:30:00+00:00,LOCO_01,locomotive,moving,,,
9395.0,2025-12-07T12:35:00+00:00,LOCO_01,locomotive,assigned,,,
9395.0,2025-12-07T12:35:00+00:00,LOCO_01,locomotive,moving,,,
9396.0,2025-12-07T12:36:00+00:00,LOCO_02,locomotive,moving,,,
9396.0,2025-12-07T12:36:00+00:00,W11959,wagon,moving,,,
9396.0,2025-12-07T12:36:00+00:00,W6231,wagon,moving,,,
9400.75,2025-12-07T12:40:45+00:00,W1122,wagon,arrived,T124,,
9400.75,2025-12-07T12:40:45+00:00,W1120,wagon,arrived,T124,,
9401.0,2025-12-07T12:41:00+00:00,LOCO_02,locomotive,moving,,,
9402.0,2025-12-07T12:42:00+00:00,LOCO_01,locomotive,moving,,,
9406.0,2025-12-07T12:46:00+00:00,LOCO_02,locomotive,moving,,,
9444.25,2025-12-07T13:24:15+00:00,W0943,wagon,rejected,T125,,No Retrofit Needed
9444.25,2025-12-07T13:24:15+00:00,W10081,wagon,rejected,T125,,No Retrofit Needed
9444.25,2025-12-07T13:24:15+00:00,W10881,wagon,rejected,T125,,No Retrofit Needed
9444.25,2025-12-07T13:24:15+00:00,W11518,wagon,rejected,T125,,NO_COLLECTION_TRACK
9444.25,2025-12-07T13:24:15+00:00,W9071,wagon,rejected,T125,,NO_COLLECTION_TRACK
9444.25,2025-12-07T13:24:15+00:00,W11516,wagon,rejected,T125,,NO_COLLECTION_TRACK
9444.25,2025-12-07T13:24:15+00:00,W5434,wagon,rejected,T125,,NO_COLLECTION_TRACK
9450.0,2025-12-07T13:30:00+00:00,W7265,wagon,retrofitted,,,
9450.0,2025-12-07T13:30:00+00:00,W11947,wagon,retrofitted,,,
9466.0,2025-12-07T13:46:00+00:00,LOCO_02,locomotive,assigned,,,
9469.0,2025-12-07T13:49:00+00:00,LOCO_02,locomotive,moving,,,
9469.0,2025-12-07T13:49:00+00:00,W12057,wagon,moving,,,
9478.5,2025-12-07T13:58:30+00:00,W6025,wagon,parked,,,
9478.5,2025-12-07T13:58:30+00:00,W6634,wagon,parked,,,
9478.5,2025-12-07T13:58:30+00:00,LOCO_01,locomotive,moving,,,
9529.0,2025-12-07T14:49:00+00:00,W12057,wagon,queued,,,
9529.5,2025-12-07T14:49:30+00:00,W10348,wagon,rejected,T126,,NO_COLLECTION_TRACK
9529.5,2025-12-07T14:49:30+00:00,W10272,wagon,rejected,T126,,NO_COLLECTION_TRACK
9529.5,2025-12-07T14:49:30+00:00,W10292,wagon,rejected,T126,,NO_COLLECTION_TRACK
9532.0,2025-12-07T14:52:00+00:00,LOCO_02,locomotive,moving,,,
9538.5,2025-12-07T14:58:30+00:00,LOCO_01,locomotive,moving,,,
9539.0,2025-12-07T14:59:00+00:00,LOCO_02,locomotive,moving,,,
9547.0,2025-12-07T15:07:00+00:00,LOCO_02,locomotive,moving,,,
9547.0,2025-12-07T15:07:00+00:00,W9534,wagon,moving,,,
9547.0,2025-12-07T15:07:00+00:00,W7316,wagon,moving,,,
9552.0,2025-12-07T15:12:00+00:00,W9534,wagon,in_workshop,,,
9552.0,2025-12-07T15:12:00+00:00,W7316,wagon,in_workshop,,,
9558.0,2025-12-07T15:18:00+00:00,W9534,wagon,in_workshop,,,
9558.0,2025-12-07T15:18:00+00:00,W7316,wagon,in_workshop,,,
9558.0,2025-12-07T15:18:00+00:00,LOCO_02,locomotive,moving,,,
9563.0,2025-12-07T15:23:00+00:00,LOCO_02,locomotive,moving,,,
9570.0,2025-12-07T15:30:00+00:00,LOCO_02,locomotive,moving,,,
9570.0,2025-12-07T15:30:00+00:00,W7265,wagon,moving,,,
9570.0,2025-12-07T15:30:00+00:00,W11947,wagon,moving,,,
9575.0,2025-12-07T15:35:00+00:00,LOCO_02,locomotive,moving,,,
9580.0,2025-12-07T15:40:00+00:00,LOCO_02,locomotive,moving,,,
9598.5,2025-12-07T15:58:30+00:00,LOCO_01,locomotive,assigned,,,
9601.5,2025-12-07T16:01:30+00:00,LOCO_01,locomotive,moving,,,
9601.5,2025-12-07T16:01:30+00:00,W2652,wagon,moving,,,
9618.0,2025-12-07T16:18:00+00:00,W9534,wagon,retrofitted,,,
9618.0,2025-12-07T16:18:00+00:00,W7316,wagon,retrofitted,,,
9640.0,2025-12-07T16:40:00+00:00,LOCO_02,locomotive,assigned,,,
9643.0,2025-12-07T16:43:00+00:00,LOCO_02,locomotive,moving,,,
9643.0,2025-12-07T16:43:00+00:00,W8676,wagon,moving,,,
9661.5,2025-12-07T17:01:30+00:00,W2652,wagon,queued,,,
9664.5,2025-12-07T17:04:30+00:00,LOCO_01,locomotive,moving,,,
9671.5,2025-12-07T17:11:30+00:00,LOCO_01,locomotive,moving,,,
9679.5,2025-12-07T17:19:30+00:00,LOCO_01,locomotive,moving,,,
9679.5,2025-12-07T17:19:30+00:00,W8671,wagon,moving,,,
9679.5,2025-12-07T17:19:30+00:00,W7400,wagon,moving,,,
9684.0,2025-12-07T17:24:00+00:00,W318166502860,wagon,rejected,T127,,No Retrofit Needed
9684.0,2025-12-07T17:24:00+00:00,W2696,wagon,rejected,T127,,No Retrofit Needed
9684.0,2025-12-07T17:24:00+00:00,W4506,wagon,arrived,T127,,
9684.0,2025-12-07T17:24:00+00:00,W1439,wagon,arrived,T127,,
9684.5,2025-12-07T17:24:30+00:00,W8671,wagon,in_workshop,,,
9684.5,2025-12-07T17:24:30+00:00,W7400,wagon,in_workshop,,,
9690.5,2025-12-07T17:30:30+00:00,W8671,wagon,in_workshop,,,
9690.5,2025-12-07T17:30:30+00:00,W7400,wagon,in_workshop,,,
9690.5,2025-12-07T17:30:30+00:00,LOCO_01,locomotive,moving,,,
9695.5,2025-12-07T17:35:30+00:00,LOCO_01,locomotive,moving,,,
9702.5,2025-12-07T17:42:30+00:00,LOCO_01,locomotive,moving,,,
9702.5,2025-12-07T17:42:30+00:00,W9534,wagon,moving,,,
9702.5,2025-12-07T17:42:30+00:00,W7316,wagon,moving,,,
9703.0,2025-12-07T17:43:00+00:00,W8676,wagon,queued,,,
9706.0,2025-12-07T17:46:00+00:00,W0128,wagon,rejected,T128,,No Retrofit Needed
9706.0,2025-12-07T17:46:00+00:00,W4605,wagon,rejected,T128,,No Retrofit Needed
9706.0,2025-12-07T17:46:00+00:00,LOCO_02,locomotive,moving,,,
9707.5,2025-12-07T17:47:30+00:00,LOCO_01,locomotive,moving,,,
9711.0,2025-12-07T17:51:00+00:00,LOCO_02,locomotive,moving,,,
9712.5,2025-12-07T17:52:30+00:00,LOCO_01,locomotive,assigned,,,
9712.5,2025-12-07T17:52:30+00:00,LOCO_01,locomotive,moving,,,
9720.5,2025-12-07T18:00:30+00:00,LOCO_01,locomotive,moving,,,
9729.0,2025-12-07T18:09:00+00:00,W7175,wagon,parked,,,
9729.0,2025-12-07T18:09:00+00:00,W6803,wagon,parked,,,
9729.0,2025-12-07T18:09:00+00:00,W11959,wagon,parked,,,
9729.0,2025-12-07T18:09:00+00:00,W6231,wagon,parked,,,
9729.0,2025-12-07T18:09:00+00:00,LOCO_01,locomotive,moving,,,
9736.0,2025-12-07T18:16:00+00:00,LOCO_01,locomotive,moving,,,
9744.0,2025-12-07T18:24:00+00:00,LOCO_01,locomotive,moving,,,
9744.0,2025-12-07T18:24:00+00:00,W8634,wagon,moving,,,
9744.0,2025-12-07T18:24:00+00:00,W0606,wagon,moving,,,
9749.0,2025-12-07T18:29:00+00:00,W8634,wagon,in_workshop,,,
9749.0,2025-12-07T18:29:00+00:00,W0606,wagon,in_workshop,,,
9750.5,2025-12-07T18:30:30+00:00,W8671,wagon,retrofitted,,,
9750.5,2025-12-07T18:30:30+00:00,W7400,wagon,retrofitted,,,
9755.0,2025-12-07T18:35:00+00:00,W8634,wagon,in_workshop,,,
9755.0,2025-12-07T18:35:00+00:00,W0606,wagon,in_workshop,,,
9755.0,2025-12-07T18:35:00+00:00,LOCO_01,locomotive,moving,,,
9760.0,2025-12-07T18:40:00+00:00,LOCO_01,locomotive,moving,,,
9771.0,2025-12-07T18:51:00+00:00,LOCO_02,locomotive,assigned,,,
9776.0,2025-12-07T18:56:00+00:00,LOCO_02,locomotive,moving,,,
9776.0,2025-12-07T18:56:00+00:00,W12385,wagon,moving,,,
9776.0,2025-12-07T18:56:00+00:00,W11539,wagon,moving,,,
9800.25,2025-12-07T19:20:15+00:00,W3210,wagon,rejected,T129,,No Retrofit Needed
9800.25,2025-12-07T19:20:15+00:00,W0002,wagon,rejected,T129,,No Retrofit Needed
9800.25,2025-12-07T19:20:15+00:00,W11510,wagon,rejected,T129,,No Retrofit Needed
9800.25,2025-12-07T19:20:15+00:00,W9143,wagon,arrived,T129,,
9800.25,2025-12-07T19:20:15+00:00,W10883,wagon,arrived,T129,,
9800.25,2025-12-07T19:20:15+00:00,W10896,wagon,arrived,T129,,
9815.0,2025-12-07T19:35:00+00:00,W8634,wagon,retrofitted,,,
9815.0,2025-12-07T19:35:00+00:00,W0606,wagon,retrofitted,,,
9820.0,2025-12-07T19:40:00+00:00,LOCO_01,locomotive,assigned,,,
9823.0,2025-12-07T19:43:00+00:00,LOCO_01,locomotive,moving,,,
9823.0,2025-12-07T19:43:00+00:00,W4478,wagon,moving,,,
9836.0,2025-12-07T19:56:00+00:00,W12385,wagon,queued,,,
9836.0,2025-12-07T19:56:00+00:00,W11539,wagon,queued,,,
9845.0,2025-12-07T20:05:00+00:00,LOCO_02,locomotive,moving,,,
9850.0,2025-12-07T20:10:00+00:00,LOCO_02,locomotive,moving,,,
9857.0,2025-12-07T20:17:00+00:00,LOCO_02,locomotive,moving,,,
9857.0,2025-12-07T20:17:00+00:00,W8671,wagon,moving,,,
9857.0,2025-12-07T20:17:00+00:00,W7400,wagon,moving,,,
9862.0,2025-12-07T20:22:00+00:00,LOCO_02,locomotive,moving,,,
9867.0,2025-12-07T20:27:00+00:00,LOCO_02,locomotive,moving,,,
9874.0,2025-12-07T20:34:00+00:00,LOCO_02,locomotive,moving,,,
9874.0,2025-12-07T20:34:00+00:00,W8634,wagon,moving,,,
9874.0,2025-12-07T20:34:00+00:00,W0606,wagon,moving,,,
9879.0,2025-12-07T20:39:00+00:00,LOCO_02,locomotive,moving,,,
9883.0,2025-12-07T20:43:00+00:00,W4478,wagon,queued,,,
9884.0,2025-12-07T20:44:00+00:00,LOCO_02,locomotive,moving,,,
9886.0,2025-12-07T20:46:00+00:00,LOCO_01,locomotive,moving,,,
9893.0,2025-12-07T20:53:00+00:00,LOCO_01,locomotive,moving,,,
9896.5,2025-12-07T20:56:30+00:00,W2774,wagon,rejected,T130,,NO_COLLECTION_TRACK
9896.5,2025-12-07T20:56:30+00:00,W10233,wagon,rejected,T130,,NO_COLLECTION_TRACK
9896.5,2025-12-07T20:56:30+00:00,W2815,wagon,rejected,T130,,NO_COLLECTION_TRACK
9896.5,2025-12-07T20:56:30+00:00,W10303,wagon,arrived,T130,,
9896.5,2025-12-07T20:56:30+00:00,W5395,wagon,arrived,T130,,
9901.0,2025-12-07T21:01:00+00:00,LOCO_01,locomotive,moving,,,
9901.0,2025-12-07T21:01:00+00:00,W10249,wagon,moving,,,
9901.0,2025-12-07T21:01:00+00:00,W2112,wagon,moving,,,
9906.0,2025-12-07T21:06:00+00:00,W10249,wagon,in_workshop,,,
9906.0,2025-12-07T21:06:00+00:00,W2112,wagon,in_workshop,,,
9912.0,2025-12-07T21:12:00+00:00,W10249,wagon,in_workshop,,,
9912.0,2025-12-07T21:12:00+00:00,W2112,wagon,in_workshop,,,
9912.0,2025-12-07T21:12:00+00:00,LOCO_01,locomotive,moving,,,
9919.0,2025-12-07T21:19:00+00:00,LOCO_01,locomotive,moving,,,
9927.0,2025-12-07T21:27:00+00:00,LOCO_01,locomotive,moving,,,
9927.0,2025-12-07T21:27:00+00:00,W2050,wagon,moving,,,
9927.0,2025-12-07T21:27:00+00:00,W2386,wagon,moving,,,
9932.0,2025-12-07T21:32:00+00:00,W2050,wagon,in_workshop,,,
9932.0,2025-12-07T21:32:00+00:00,W2386,wagon,in_workshop,,,
9938.0,2025-12-07T21:38:00+00:00,W2050,wagon,in_workshop,,,
9938.0,2025-12-07T21:38:00+00:00,W2386,wagon,in_workshop,,,
9938.0,2025-12-07T21:38:00+00:00,LOCO_01,locomotive,moving,,,
9943.0,2025-12-07T21:43:00+00:00,LOCO_01,locomotive,moving,,,
9944.0,2025-12-07T21:44:00+00:00,LOCO_02,locomotive,assigned,,,
9949.0,2025-12-07T21:49:00+00:00,LOCO_02,locomotive,moving,,,
9949.0,2025-12-07T21:49:00+00:00,W4532,wagon,moving,,,
9949.0,2025-12-07T21:49:00+00:00,W0881,wagon,moving,,,
9972.0,2025-12-07T22:12:00+00:00,W10249,wagon,retrofitted,,,
9972.0,2025-12-07T22:12:00+00:00,W2112,wagon,retrofitted,,,
9998.0,2025-12-07T22:38:00+00:00,W2050,wagon,retrofitted,,,
9998.0,2025-12-07T22:38:00+00:00,W2386,wagon,retrofitted,,,
10003.0,2025-12-07T22:43:00+00:00,LOCO_01,locomotive,assigned,,,
10008.0,2025-12-07T22:48:00+00:00,LOCO_01,locomotive,moving,,,
10008.0,2025-12-07T22:48:00+00:00,W5845,wagon,moving,,,
10008.0,2025-12-07T22:48:00+00:00,W5248,wagon,moving,,,
10009.0,2025-12-07T22:49:00+00:00,W4532,wagon,queued,,,
10009.0,2025-12-07T22:49:00+00:00,W0881,wagon,queued,,,
10018.0,2025-12-07T22:58:00+00:00,LOCO_02,locomotive,moving,,,
10023.0,2025-12-07T23:03:00+00:00,LOCO_02,locomotive,assigned,,,
10023.0,2025-12-07T23:03:00+00:00,LOCO_02,locomotive,moving,,,
10031.0,2025-12-07T23:11:00+00:00,LOCO_02,locomotive,moving,,,
10041.5,2025-12-07T23:21:30+00:00,W2846,wagon,arrived,T131,,
10041.5,2025-12-07T23:21:30+00:00,W5760,wagon,arrived,T131,,
10041.5,2025-12-07T23:21:30+00:00,W6421,wagon,arrived,T131,,
10041.5,2025-12-07T23:21:30+00:00,W4802,wagon,arrived,T131,,
10065.5,2025-12-07T23:45:30+00:00,W8616,wagon,rejected,T132,,NO_COLLECTION_TRACK
10068.0,2025-12-07T23:48:00+00:00,W5845,wagon,queued,,,
10068.0,2025-12-07T23:48:00+00:00,W5248,wagon,queued,,,
10073.25,2025-12-07T23:53:15+00:00,W10387,wagon,rejected,T133,,NO_COLLECTION_TRACK
10073.25,2025-12-07T23:53:15+00:00,W10100,wagon,rejected,T133,,NO_COLLECTION_TRACK
10073.25,2025-12-07T23:53:15+00:00,W10959,wagon,rejected,T133,,NO_COLLECTION_TRACK
10073.25,2025-12-07T23:53:15+00:00,W1888,wagon,rejected,T133,,NO_COLLECTION_TRACK
10073.25,2025-12-07T23:53:15+00:00,W0139,wagon,rejected,T133,,NO_COLLECTION_TRACK
10077.0,2025-12-07T23:57:00+00:00,LOCO_01,locomotive,moving,,,
10082.0,2025-12-08T00:02:00+00:00,LOCO_01,locomotive,moving,,,
10094.5,2025-12-08T00:14:30+00:00,W7265,wagon,parked,,,
10094.5,2025-12-08T00:14:30+00:00,W11947,wagon,parked,,,
10094.5,2025-12-08T00:14:30+00:00,W9534,wagon,parked,,,
10094.5,2025-12-08T00:14:30+00:00,W7316,wagon,parked,,,
10094.5,2025-12-08T00:14:30+00:00,LOCO_02,locomotive,moving,,,
10112.0,2025-12-08T00:32:00+00:00,W10330,wagon,rejected,T134,,No Retrofit Needed
10122.75,2025-12-08T00:42:45+00:00,W2165,wagon,arrived,T135,,
10142.0,2025-12-08T01:02:00+00:00,LOCO_01,locomotive,assigned,,,
10147.0,2025-12-08T01:07:00+00:00,LOCO_01,locomotive,moving,,,
10147.0,2025-12-08T01:07:00+00:00,W8570,wagon,moving,,,
10147.0,2025-12-08T01:07:00+00:00,W9355,wagon,moving,,,
10154.5,2025-12-08T01:14:30+00:00,LOCO_02,locomotive,moving,,,
10161.5,2025-12-08T01:21:30+00:00,LOCO_02,locomotive,moving,,,
10161.5,2025-12-08T01:21:30+00:00,W10249,wagon,moving,,,
10161.5,2025-12-08T01:21:30+00:00,W2112,wagon,moving,,,
10166.5,2025-12-08T01:26:30+00:00,LOCO_02,locomotive,moving,,,
10171.5,2025-12-08T01:31:30+00:00,LOCO_02,locomotive,moving,,,
10178.5,2025-12-08T01:38:30+00:00,LOCO_02,locomotive,moving,,,
10178.5,2025-12-08T01:38:30+00:00,W2050,wagon,moving,,,
10178.5,2025-12-08T01:38:30+00:00,W2386,wagon,moving,,,
10183.5,2025-12-08T01:43:30+00:00,LOCO_02,locomotive,moving,,,
10190.5,2025-12-08T01:50:30+00:00,LOCO_02,locomotive,moving,,,
10198.5,2025-12-08T01:58:30+00:00,LOCO_02,locomotive,moving,,,
10198.5,2025-12-08T01:58:30+00:00,W10254,wagon,moving,,,
10198.5,2025-12-08T01:58:30+00:00,W12355,wagon,moving,,,
10203.5,2025-12-08T02:03:30+00:00,W10254,wagon,in_workshop,,,
10203.5,2025-12-08T02:03:30+00:00,W12355,wagon,in_workshop,,,
10207.0,2025-12-08T02:07:00+00:00,W8570,wagon,queued,,,
10207.0,2025-12-08T02:07:00+00:00,W9355,wagon,queued,,,
10209.5,2025-12-08T02:09:30+00:00,W10254,wagon,in_workshop,,,
10209.5,2025-12-08T02:09:30+00:00,W12355,wagon,in_workshop,,,
10209.5,2025-12-08T02:09:30+00:00,LOCO_02,locomotive,moving,,,
10214.5,2025-12-08T02:14:30+00:00,LOCO_02,locomotive,moving,,,
10216.0,2025-12-08T02:16:00+00:00,LOCO_01,locomotive,moving,,,
10223.0,2025-12-08T02:23:00+00:00,LOCO_01,locomotive,moving,,,
10227.75,2025-12-08T02:27:45+00:00,W5834,wagon,rejected,T136,,No Retrofit Needed
10227.75,2025-12-08T02:27:45+00:00,W5838,wagon,rejected,T136,,No Retrofit Needed
10227.75,2025-12-08T02:27:45+00:00,W9427,wagon,rejected,T136,,NO_COLLECTION_TRACK
10227.75,2025-12-08T02:27:45+00:00,W2736,wagon,arrived,T136,,
10227.75,2025-12-08T02:27:45+00:00,W10873,wagon,arrived,T136,,
10231.0,2025-12-08T02:31:00+00:00,LOCO_01,locomotive,moving,,,
10231.0,2025-12-08T02:31:00+00:00,W5282,wagon,moving,,,
10231.0,2025-12-08T02:31:00+00:00,W9440,wagon,moving,,,
10236.0,2025-12-08T02:36:00+00:00,W5282,wagon,in_workshop,,,
10236.0,2025-12-08T02:36:00+00:00,W9440,wagon,in_workshop,,,
10242.0,2025-12-08T02:42:00+00:00,W5282,wagon,in_workshop,,,
10242.0,2025-12-08T02:42:00+00:00,W9440,wagon,in_workshop,,,
10242.0,2025-12-08T02:42:00+00:00,LOCO_01,locomotive,moving,,,
10247.0,2025-12-08T02:47:00+00:00,LOCO_01,locomotive,assigned,,,
10247.0,2025-12-08T02:47:00+00:00,LOCO_01,locomotive,moving,,,
10253.0,2025-12-08T02:53:00+00:00,W0234,wagon,rejected,T137,,NO_COLLECTION_TRACK
10253.0,2025-12-08T02:53:00+00:00,W12229,wagon,rejected,T137,,NO_COLLECTION_TRACK
10253.0,2025-12-08T02:53:00+00:00,W6323,wagon,rejected,T137,,NO_COLLECTION_TRACK
10255.0,2025-12-08T02:55:00+00:00,LOCO_01,locomotive,moving,,,
10263.5,2025-12-08T03:03:30+00:00,W8671,wagon,parked,,,
10263.5,2025-12-08T03:03:30+00:00,W7400,wagon,parked,,,
10263.5,2025-12-08T03:03:30+00:00,W8634,wagon,parked,,,
10263.5,2025-12-08T03:03:30+00:00,W0606,wagon,parked,,,
10263.5,2025-12-08T03:03:30+00:00,LOCO_01,locomotive,moving,,,
10268.5,2025-12-08T03:08:30+00:00,LOCO_01,locomotive,moving,,,
10269.5,2025-12-08T03:09:30+00:00,W10254,wagon,retrofitted,,,
10269.5,2025-12-08T03:09:30+00:00,W12355,wagon,retrofitted,,,
10274.5,2025-12-08T03:14:30+00:00,LOCO_02,locomotive,assigned,,,
10277.5,2025-12-08T03:17:30+00:00,LOCO_02,locomotive,moving,,,
10277.5,2025-12-08T03:17:30+00:00,W3562,wagon,moving,,,
10302.0,2025-12-08T03:42:00+00:00,W5282,wagon,retrofitted,,,
10302.0,2025-12-08T03:42:00+00:00,W9440,wagon,retrofitted,,,
10328.5,2025-12-08T04:08:30+00:00,LOCO_01,locomotive,assigned,,,
10333.5,2025-12-08T04:13:30+00:00,LOCO_01,locomotive,moving,,,
10333.5,2025-12-08T04:13:30+00:00,W11847,wagon,moving,,,
10333.5,2025-12-08T04:13:30+00:00,W2135,wagon,moving,,,
10337.5,2025-12-08T04:17:30+00:00,W3562,wagon,queued,,,
10340.5,2025-12-08T04:20:30+00:00,LOCO_02,locomotive,moving,,,
10345.5,2025-12-08T04:25:30+00:00,LOCO_02,locomotive,moving,,,
10352.5,2025-12-08T04:32:30+00:00,LOCO_02,locomotive,moving,,,
10352.5,2025-12-08T04:32:30+00:00,W10254,wagon,moving,,,
10352.5,2025-12-08T04:32:30+00:00,W12355,wagon,moving,,,
10357.5,2025-12-08T04:37:30+00:00,LOCO_02,locomotive,moving,,,
10362.5,2025-12-08T04:42:30+00:00,LOCO_02,locomotive,moving,,,
10369.5,2025-12-08T04:49:30+00:00,LOCO_02,locomotive,moving,,,
10369.5,2025-12-08T04:49:30+00:00,W5282,wagon,moving,,,
10369.5,2025-12-08T04:49:30+00:00,W9440,wagon,moving,,,
10374.5,2025-12-08T04:54:30+00:00,LOCO_02,locomotive,moving,,,
10381.5,2025-12-08T05:01:30+00:00,LOCO_02,locomotive,moving,,,
10389.5,2025-12-08T05:09:30+00:00,LOCO_02,locomotive,moving,,,
10389.5,2025-12-08T05:09:30+00:00,W9940,wagon,moving,,,
10389.5,2025-12-08T05:09:30+00:00,W12057,wagon,moving,,,
10393.5,2025-12-08T05:13:30+00:00,W11847,wagon,queued,,,
10393.5,2025-12-08T05:13:30+00:00,W2135,wagon,queued,,,
10394.5,2025-12-08T05:14:30+00:00,W9940,wagon,in_workshop,,,
10394.5,2025-12-08T05:14:30+00:00,W12057,wagon,in_workshop,,,
10400.5,2025-12-08T05:20:30+00:00,W9940,wagon,in_workshop,,,
10400.5,2025-12-08T05:20:30+00:00,W12057,wagon,in_workshop,,,
10400.5,2025-12-08T05:20:30+00:00,LOCO_02,locomotive,moving,,,
10402.5,2025-12-08T05:22:30+00:00,LOCO_01,locomotive,moving,,,
10405.5,2025-12-08T05:25:30+00:00,LOCO_02,locomotive,moving,,,
10409.5,2025-12-08T05:29:30+00:00,LOCO_01,locomotive,moving,,,
10417.5,2025-12-08T05:37:30+00:00,LOCO_01,locomotive,moving,,,
10417.5,2025-12-08T05:37:30+00:00,W2652,wagon,moving,,,
10417.5,2025-12-08T05:37:30+00:00,W8676,wagon,moving,,,
10420.25,2025-12-08T05:40:15+00:00,W11261,wagon,rejected,T138,,No Retrofit Needed
10420.25,2025-12-08T05:40:15+00:00,W11269,wagon,rejected,T138,,No Retrofit Needed
10420.25,2025-12-08T05:40:15+00:00,W2973,wagon,rejected,T138,,No Retrofit Needed
10420.25,2025-12-08T05:40:15+00:00,W2910,wagon,arrived,T138,,
10420.25,2025-12-08T05:40:15+00:00,W0681,wagon,arrived,T138,,
10420.25,2025-12-08T05:40:15+00:00,W8552,wagon,arrived,T138,,
10422.5,2025-12-08T05:42:30+00:00,W2652,wagon,in_workshop,,,
10422.5,2025-12-08T05:42:30+00:00,W8676,wagon,in_workshop,,,
10423.5,2025-12-08T05:43:30+00:00,W12221,wagon,rejected,T139,,NO_COLLECTION_TRACK
10423.5,2025-12-08T05:43:30+00:00,W4422,wagon,rejected,T139,,NO_COLLECTION_TRACK
10423.5,2025-12-08T05:43:30+00:00,W4392,wagon,rejected,T139,,NO_COLLECTION_TRACK
10423.5,2025-12-08T05:43:30+00:00,W0237,wagon,rejected,T139,,NO_COLLECTION_TRACK
10423.5,2025-12-08T05:43:30+00:00,W9833,wagon,rejected,T139,,NO_COLLECTION_TRACK
10423.5,2025-12-08T05:43:30+00:00,W0841,wagon,arrived,T139,,
10428.5,2025-12-08T05:48:30+00:00,W2652,wagon,in_workshop,,,
10428.5,2025-12-08T05:48:30+00:00,W8676,wagon,in_workshop,,,
10428.5,2025-12-08T05:48:30+00:00,LOCO_01,locomotive,moving,,,
10430.25,2025-12-08T05:50:15+00:00,W6734,wagon,rejected,T140,,NO_COLLECTION_TRACK
10430.25,2025-12-08T05:50:15+00:00,W4085,wagon,rejected,T140,,NO_COLLECTION_TRACK
10430.25,2025-12-08T05:50:15+00:00,W3909,wagon,rejected,T140,,NO_COLLECTION_TRACK
10430.25,2025-12-08T05:50:15+00:00,W3822,wagon,rejected,T140,,NO_COLLECTION_TRACK
10430.25,2025-12-08T05:50:15+00:00,W4571,wagon,rejected,T140,,NO_COLLECTION_TRACK
10433.5,2025-12-08T05:53:30+00:00,LOCO_01,locomotive,assigned,,,
10433.5,2025-12-08T05:53:30+00:00,LOCO_01,locomotive,moving,,,
10441.5,2025-12-08T06:01:30+00:00,LOCO_01,locomotive,moving,,,
10460.5,2025-12-08T06:20:30+00:00,W9940,wagon,retrofitted,,,
10460.5,2025-12-08T06:20:30+00:00,W12057,wagon,retrofitted,,,
10465.5,2025-12-08T06:25:30+00:00,LOCO_02,locomotive,assigned,,,
10468.5,2025-12-08T06:28:30+00:00,LOCO_02,locomotive,moving,,,
10468.5,2025-12-08T06:28:30+00:00,W12195,wagon,moving,,,
10488.5,2025-12-08T06:48:30+00:00,W2652,wagon,retrofitted,,,
10488.5,2025-12-08T06:48:30+00:00,W8676,wagon,retrofitted,,,
10500.0,2025-12-08T07:00:00+00:00,W9043,wagon,rejected,T141,,No Retrofit Needed
10500.0,2025-12-08T07:00:00+00:00,W10772,wagon,rejected,T141,,No Retrofit Needed
10500.0,2025-12-08T07:00:00+00:00,W318166502860,wagon,rejected,T141,,No Retrofit Needed
10500.0,2025-12-08T07:00:00+00:00,W1419,wagon,rejected,T141,,NO_COLLECTION_TRACK
10520.0,2025-12-08T07:20:00+00:00,W10249,wagon,parked,,,
10520.0,2025-12-08T07:20:00+00:00,W2112,wagon,parked,,,
10520.0,2025-12-08T07:20:00+00:00,W2050,wagon,parked,,,
10520.0,2025-12-08T07:20:00+00:00,W2386,wagon,parked,,,
10520.0,2025-12-08T07:20:00+00:00,LOCO_01,locomotive,moving,,,
10528.5,2025-12-08T07:28:30+00:00,W12195,wagon,queued,,,
10531.5,2025-12-08T07:31:30+00:00,LOCO_02,locomotive,moving,,,
10536.5,2025-12-08T07:36:30+00:00,LOCO_02,locomotive,moving,,,
10580.0,2025-12-08T08:20:00+00:00,LOCO_01,locomotive,moving,,,
10587.0,2025-12-08T08:27:00+00:00,LOCO_01,locomotive,moving,,,
10587.0,2025-12-08T08:27:00+00:00,W9940,wagon,moving,,,
10587.0,2025-12-08T08:27:00+00:00,W12057,wagon,moving,,,
10592.0,2025-12-08T08:32:00+00:00,LOCO_01,locomotive,moving,,,
10593.5,2025-12-08T08:33:30+00:00,W9959,wagon,rejected,T142,,No Retrofit Needed
10593.5,2025-12-08T08:33:30+00:00,W4380,wagon,rejected,T142,,NO_COLLECTION_TRACK
10593.5,2025-12-08T08:33:30+00:00,W5872,wagon,rejected,T142,,NO_COLLECTION_TRACK
10593.5,2025-12-08T08:33:30+00:00,W6989,wagon,rejected,T142,,NO_COLLECTION_TRACK
10593.5,2025-12-08T08:33:30+00:00,W12179,wagon,rejected,T142,,NO_COLLECTION_TRACK
10593.5,2025-12-08T08:33:30+00:00,W0093,wagon,rejected,T142,,NO_COLLECTION_TRACK
10593.5,2025-12-08T08:33:30+00:00,W0131,wagon,rejected,T142,,NO_COLLECTION_TRACK
10593.5,2025-12-08T08:33:30+00:00,W5173,wagon,arrived,T142,,
10596.5,2025-12-08T08:36:30+00:00,LOCO_02,locomotive,assigned,,,
10597.0,2025-12-08T08:37:00+00:00,LOCO_01,locomotive,moving,,,
10603.5,2025-12-08T08:43:30+00:00,LOCO_02,locomotive,moving,,,
10603.5,2025-12-08T08:43:30+00:00,W0709,wagon,moving,,,
10603.5,2025-12-08T08:43:30+00:00,W6823,wagon,moving,,,
10603.5,2025-12-08T08:43:30+00:00,W6640,wagon,moving,,,
10604.0,2025-12-08T08:44:00+00:00,LOCO_01,locomotive,moving,,,
10604.0,2025-12-08T08:44:00+00:00,W2652,wagon,moving,,,
10604.0,2025-12-08T08:44:00+00:00,W8676,wagon,moving,,,
10609.0,2025-12-08T08:49:00+00:00,LOCO_01,locomotive,moving,,,
10616.0,2025-12-08T08:56:00+00:00,LOCO_01,locomotive,moving,,,
10616.5,2025-12-08T08:56:30+00:00,W8335,wagon,rejected,T143,,NO_COLLECTION_TRACK
10616.5,2025-12-08T08:56:30+00:00,W7282,wagon,rejected,T143,,NO_COLLECTION_TRACK
10616.5,2025-12-08T08:56:30+00:00,W12073,wagon,rejected,T143,,NO_COLLECTION_TRACK
10624.0,2025-12-08T09:04:00+00:00,LOCO_01,locomotive,moving,,,
10624.0,2025-12-08T09:04:00+00:00,W12385,wagon,moving,,,
10624.0,2025-12-08T09:04:00+00:00,W11539,wagon,moving,,,
10629.0,2025-12-08T09:09:00+00:00,W12385,wagon,in_workshop,,,
10629.0,2025-12-08T09:09:00+00:00,W11539,wagon,in_workshop,,,
10635.0,2025-12-08T09:15:00+00:00,W12385,wagon,in_workshop,,,
10635.0,2025-12-08T09:15:00+00:00,W11539,wagon,in_workshop,,,
10635.0,2025-12-08T09:15:00+00:00,LOCO_01,locomotive,moving,,,
10640.0,2025-12-08T09:20:00+00:00,LOCO_01,locomotive,moving,,,
10663.5,2025-12-08T09:43:30+00:00,W0709,wagon,queued,,,
10663.5,2025-12-08T09:43:30+00:00,W6823,wagon,queued,,,
10663.5,2025-12-08T09:43:30+00:00,W6640,wagon,queued,,,
10678.5,2025-12-08T09:58:30+00:00,LOCO_02,locomotive,moving,,,
10685.5,2025-12-08T10:05:30+00:00,LOCO_02,locomotive,moving,,,
10693.5,2025-12-08T10:13:30+00:00,LOCO_02,locomotive,moving,,,
10693.5,2025-12-08T10:13:30+00:00,W4478,wagon,moving,,,
10693.5,2025-12-08T10:13:30+00:00,W4532,wagon,moving,,,
10695.0,2025-12-08T10:15:00+00:00,W12385,wagon,retrofitted,,,
10695.0,2025-12-08T10:15:00+00:00,W11539,wagon,retrofitted,,,
10698.5,2025-12-08T10:18:30+00:00,W4478,wagon,in_workshop,,,
10698.5,2025-12-08T10:18:30+00:00,W4532,wagon,in_workshop,,,
10700.0,2025-12-08T10:20:00+00:00,LOCO_01,locomotive,assigned,,,
10703.0,2025-12-08T10:23:00+00:00,LOCO_01,locomotive,moving,,,
10703.0,2025-12-08T10:23:00+00:00,W8578,wagon,moving,,,
10704.5,2025-12-08T10:24:30+00:00,W4478,wagon,in_workshop,,,
10704.5,2025-12-08T10:24:30+00:00,W4532,wagon,in_workshop,,,
10704.5,2025-12-08T10:24:30+00:00,LOCO_02,locomotive,moving,,,
10709.5,2025-12-08T10:29:30+00:00,LOCO_02,locomotive,moving,,,
10716.5,2025-12-08T10:36:30+00:00,LOCO_02,locomotive,moving,,,
10716.5,2025-12-08T10:36:30+00:00,W12385,wagon,moving,,,
10716.5,2025-12-08T10:36:30+00:00,W11539,wagon,moving,,,
10721.5,2025-12-08T10:41:30+00:00,LOCO_02,locomotive,moving,,,
10726.5,2025-12-08T10:46:30+00:00,LOCO_02,locomotive,moving,,,
10763.0,2025-12-08T11:23:00+00:00,W8578,wagon,queued,,,
10764.5,2025-12-08T11:24:30+00:00,W4478,wagon,retrofitted,,,
10764.5,2025-12-08T11:24:30+00:00,W4532,wagon,retrofitted,,,
10766.0,2025-12-08T11:26:00+00:00,LOCO_01,locomotive,moving,,,
10773.0,2025-12-08T11:33:00+00:00,LOCO_01,locomotive,moving,,,
10781.0,2025-12-08T11:41:00+00:00,LOCO_01,locomotive,moving,,,
10781.0,2025-12-08T11:41:00+00:00,W0881,wagon,moving,,,
10781.0,2025-12-08T11:41:00+00:00,W5845,wagon,moving,,,
10786.0,2025-12-08T11:46:00+00:00,W0881,wagon,in_workshop,,,
10786.0,2025-12-08T11:46:00+00:00,W5845,wagon,in_workshop,,,
10786.5,2025-12-08T11:46:30+00:00,LOCO_02,locomotive,assigned,,,
10788.0,2025-12-08T11:48:00+00:00,W0139,wagon,rejected,T144,,No Retrofit Needed
10792.0,2025-12-08T11:52:00+00:00,W0881,wagon,in_workshop,,,
10792.0,2025-12-08T11:52:00+00:00,W5845,wagon,in_workshop,,,
10792.0,2025-12-08T11:52:00+00:00,LOCO_01,locomotive,moving,,,
10793.25,2025-12-08T11:53:15+00:00,W12116,wagon,arrived,T145,,
10793.25,2025-12-08T11:53:15+00:00,W0698,wagon,arrived,T145,,
10793.25,2025-12-08T11:53:15+00:00,W10150,wagon,arrived,T145,,
10793.25,2025-12-08T11:53:15+00:00,W4099,wagon,arrived,T145,,
10795.0,2025-12-08T11:55:00+00:00,W12155,wagon,rejected,T146,,NO_COLLECTION_TRACK
10795.0,2025-12-08T11:55:00+00:00,W10815,wagon,rejected,T146,,NO_COLLECTION_TRACK
10795.0,2025-12-08T11:55:00+00:00,W9311,wagon,rejected,T146,,NO_COLLECTION_TRACK
10795.0,2025-12-08T11:55:00+00:00,W8090,wagon,rejected,T146,,NO_COLLECTION_TRACK
10795.0,2025-12-08T11:55:00+00:00,W5987,wagon,arrived,T146,,
10795.5,2025-12-08T11:55:30+00:00,LOCO_02,locomotive,moving,,,
10795.5,2025-12-08T11:55:30+00:00,W6704,wagon,moving,,,
10795.5,2025-12-08T11:55:30+00:00,W0167,wagon,moving,,,
10795.5,2025-12-08T11:55:30+00:00,W0002,wagon,moving,,,
10795.5,2025-12-08T11:55:30+00:00,W10772,wagon,moving,,,
10796.75,2025-12-08T11:56:45+00:00,W7601,wagon,rejected,T147,,NO_COLLECTION_TRACK
10796.75,2025-12-08T11:56:45+00:00,W0848,wagon,rejected,T147,,NO_COLLECTION_TRACK
10796.75,2025-12-08T11:56:45+00:00,W5493,wagon,rejected,T147,,NO_COLLECTION_TRACK
10796.75,2025-12-08T11:56:45+00:00,W0839,wagon,arrived,T147,,
10797.0,2025-12-08T11:57:00+00:00,LOCO_01,locomotive,assigned,,,
10797.0,2025-12-08T11:57:00+00:00,LOCO_01,locomotive,moving,,,
10805.0,2025-12-08T12:05:00+00:00,LOCO_01,locomotive,moving,,,
10842.75,2025-12-08T12:42:45+00:00,W6352,wagon,rejected,T148,,No Retrofit Needed
10842.75,2025-12-08T12:42:45+00:00,W2444,wagon,rejected,T148,,No Retrofit Needed
10852.0,2025-12-08T12:52:00+00:00,W0881,wagon,retrofitted,,,
10852.0,2025-12-08T12:52:00+00:00,W5845,wagon,retrofitted,,,
10855.5,2025-12-08T12:55:30+00:00,W6704,wagon,queued,,,
10855.5,2025-12-08T12:55:30+00:00,W0167,wagon,queued,,,
10855.5,2025-12-08T12:55:30+00:00,W0002,wagon,queued,,,
10855.5,2025-12-08T12:55:30+00:00,W10772,wagon,queued,,,
10860.25,2025-12-08T13:00:15+00:00,W0962,wagon,rejected,T149,,No Retrofit Needed
10860.25,2025-12-08T13:00:15+00:00,W1888,wagon,rejected,T149,,No Retrofit Needed
10860.25,2025-12-08T13:00:15+00:00,W0013,wagon,rejected,T149,,NO_COLLECTION_TRACK
10876.5,2025-12-08T13:16:30+00:00,LOCO_02,locomotive,moving,,,
10881.5,2025-12-08T13:21:30+00:00,LOCO_02,locomotive,moving,,,
10928.5,2025-12-08T14:08:30+00:00,W10254,wagon,parked,,,
10928.5,2025-12-08T14:08:30+00:00,W12355,wagon,parked,,,
10928.5,2025-12-08T14:08:30+00:00,W5282,wagon,parked,,,
10928.5,2025-12-08T14:08:30+00:00,W9440,wagon,parked,,,
10928.5,2025-12-08T14:08:30+00:00,LOCO_01,locomotive,moving,,,
10941.5,2025-12-08T14:21:30+00:00,LOCO_02,locomotive,assigned,,,
10944.5,2025-12-08T14:24:30+00:00,LOCO_02,locomotive,moving,,,
10944.5,2025-12-08T14:24:30+00:00,W0948,wagon,moving,,,
10947.75,2025-12-08T14:27:45+00:00,W2980,wagon,rejected,T150,,No Retrofit Needed
10947.75,2025-12-08T14:27:45+00:00,W3413,wagon,rejected,T150,,NO_COLLECTION_TRACK
10947.75,2025-12-08T14:27:45+00:00,W8479,wagon,rejected,T150,,NO_COLLECTION_TRACK
10947.75,2025-12-08T14:27:45+00:00,W8637,wagon,rejected,T150,,NO_COLLECTION_TRACK
10947.75,2025-12-08T14:27:45+00:00,W10934,wagon,rejected,T150,,NO_COLLECTION_TRACK
10947.75,2025-12-08T14:27:45+00:00,W3237,wagon,rejected,T150,,NO_COLLECTION_TRACK
10947.75,2025-12-08T14:27:45+00:00,W2324,wagon,arrived,T150,,
10973.75,2025-12-08T14:53:45+00:00,W5611,wagon,rejected,T151,,NO_COLLECTION_TRACK
10973.75,2025-12-08T14:53:45+00:00,W8094,wagon,rejected,T151,,NO_COLLECTION_TRACK
10973.75,2025-12-08T14:53:45+00:00,W2299,wagon,rejected,T151,,NO_COLLECTION_TRACK
10973.75,2025-12-08T14:53:45+00:00,W2263,wagon,rejected,T151,,NO_COLLECTION_TRACK
10973.75,2025-12-08T14:53:45+00:00,W8075,wagon,rejected,T151,,NO_COLLECTION_TRACK
10973.75,2025-12-08T14:53:45+00:00,W5681,wagon,rejected,T151,,NO_COLLECTION_TRACK
10973.75,2025-12-08T14:53:45+00:00,W6409,wagon,rejected,T151,,NO_COLLECTION_TRACK
10973.75,2025-12-08T14:53:45+00:00,W8498,wagon,rejected,T151,,NO_COLLECTION_TRACK
10973.75,2025-12-08T14:53:45+00:00,W2133,wagon,rejected,T151,,NO_COLLECTION_TRACK
10973.75,2025-12-08T14:53:45+00:00,W10562,wagon,rejected,T151,,NO_COLLECTION_TRACK
10988.5,2025-12-08T15:08:30+00:00,LOCO_01,locomotive,moving,,,
10995.5,2025-12-08T15:15:30+00:00,LOCO_01,locomotive,moving,,,
10995.5,2025-12-08T15:15:30+00:00,W4478,wagon,moving,,,
10995.5,2025-12-08T15:15:30+00:00,W4532,wagon,moving,,,
11000.5,2025-12-08T15:20:30+00:00,LOCO_01,locomotive,moving,,,
11004.5,2025-12-08T15:24:30+00:00,W0948,wagon,queued,,,
11005.5,2025-12-08T15:25:30+00:00,LOCO_01,locomotive,moving,,,
11007.5,2025-12-08T15:27:30+00:00,LOCO_02,locomotive,moving,,,
11012.5,2025-12-08T15:32:30+00:00,LOCO_01,locomotive,moving,,,
11012.5,2025-12-08T15:32:30+00:00,W0881,wagon,moving,,,
11012.5,2025-12-08T15:32:30+00:00,W5845,wagon,moving,,,
11014.5,2025-12-08T15:34:30+00:00,LOCO_02,locomotive,moving,,,
11017.5,2025-12-08T15:37:30+00:00,LOCO_01,locomotive,moving,,,
11022.5,2025-12-08T15:42:30+00:00,LOCO_02,locomotive,moving,,,
11022.5,2025-12-08T15:42:30+00:00,W5248,wagon,moving,,,
11022.5,2025-12-08T15:42:30+00:00,W8570,wagon,moving,,,
11022.5,2025-12-08T15:42:30+00:00,LOCO_01,locomotive,assigned,,,
11022.5,2025-12-08T15:42:30+00:00,LOCO_01,locomotive,moving,,,
11027.5,2025-12-08T15:47:30+00:00,W5248,wagon,in_workshop,,,
11027.5,2025-12-08T15:47:30+00:00,W8570,wagon,in_workshop,,,
11031.5,2025-12-08T15:51:30+00:00,LOCO_01,locomotive,moving,,,
11033.5,2025-12-08T15:53:30+00:00,W5248,wagon,in_workshop,,,
11033.5,2025-12-08T15:53:30+00:00,W8570,wagon,in_workshop,,,
11033.5,2025-12-08T15:53:30+00:00,LOCO_02,locomotive,moving,,,
11038.5,2025-12-08T15:58:30+00:00,LOCO_02,locomotive,moving,,,
11093.5,2025-12-08T16:53:30+00:00,W5248,wagon,retrofitted,,,
11093.5,2025-12-08T16:53:30+00:00,W8570,wagon,retrofitted,,,
11098.5,2025-12-08T16:58:30+00:00,LOCO_02,locomotive,assigned,,,
11101.5,2025-12-08T17:01:30+00:00,LOCO_02,locomotive,moving,,,
11101.5,2025-12-08T17:01:30+00:00,W5316,wagon,moving,,,
11112.0,2025-12-08T17:12:00+00:00,W9940,wagon,parked,,,
11112.0,2025-12-08T17:12:00+00:00,W12057,wagon,parked,,,
11112.0,2025-12-08T17:12:00+00:00,W2652,wagon,parked,,,
11112.0,2025-12-08T17:12:00+00:00,W8676,wagon,parked,,,
11112.0,2025-12-08T17:12:00+00:00,W12385,wagon,parked,,,
11112.0,2025-12-08T17:12:00+00:00,W11539,wagon,parked,,,
11112.0,2025-12-08T17:12:00+00:00,LOCO_01,locomotive,moving,,,
11161.5,2025-12-08T18:01:30+00:00,W5316,wagon,queued,,,
11164.5,2025-12-08T18:04:30+00:00,LOCO_02,locomotive,moving,,,
11169.5,2025-12-08T18:09:30+00:00,LOCO_02,locomotive,moving,,,
11174.0,2025-12-08T18:14:00+00:00,LOCO_01,locomotive,moving,,,
11182.0,2025-12-08T18:22:00+00:00,LOCO_01,locomotive,moving,,,
11182.0,2025-12-08T18:22:00+00:00,W9355,wagon,moving,,,
11182.0,2025-12-08T18:22:00+00:00,W3562,wagon,moving,,,
11187.0,2025-12-08T18:27:00+00:00,W9355,wagon,in_workshop,,,
11187.0,2025-12-08T18:27:00+00:00,W3562,wagon,in_workshop,,,
11193.0,2025-12-08T18:33:00+00:00,W9355,wagon,in_workshop,,,
11193.0,2025-12-08T18:33:00+00:00,W3562,wagon,in_workshop,,,
11193.0,2025-12-08T18:33:00+00:00,LOCO_01,locomotive,moving,,,
11198.0,2025-12-08T18:38:00+00:00,LOCO_01,locomotive,moving,,,
11205.0,2025-12-08T18:45:00+00:00,LOCO_01,locomotive,moving,,,
11205.0,2025-12-08T18:45:00+00:00,W5248,wagon,moving,,,
11205.0,2025-12-08T18:45:00+00:00,W8570,wagon,moving,,,
11210.0,2025-12-08T18:50:00+00:00,LOCO_01,locomotive,moving,,,
11215.0,2025-12-08T18:55:00+00:00,LOCO_01,locomotive,moving,,,
11229.5,2025-12-08T19:09:30+00:00,LOCO_02,locomotive,assigned,,,
11231.5,2025-12-08T19:11:30+00:00,W1040,wagon,rejected,T152,,No Retrofit Needed
11231.5,2025-12-08T19:11:30+00:00,W4380,wagon,rejected,T152,,No Retrofit Needed
11231.5,2025-12-08T19:11:30+00:00,W7598,wagon,rejected,T152,,NO_COLLECTION_TRACK
11231.5,2025-12-08T19:11:30+00:00,W7513,wagon,rejected,T152,,NO_COLLECTION_TRACK
11231.5,2025-12-08T19:11:30+00:00,W9446,wagon,rejected,T152,,NO_COLLECTION_TRACK
11231.5,2025-12-08T19:11:30+00:00,W2844,wagon,rejected,T152,,NO_COLLECTION_TRACK
11231.5,2025-12-08T19:11:30+00:00,W8339,wagon,rejected,T152,,NO_COLLECTION_TRACK
11231.5,2025-12-08T19:11:30+00:00,W0555,wagon,rejected,T152,,NO_COLLECTION_TRACK
11231.5,2025-12-08T19:11:30+00:00,W5992,wagon,arrived,T152,,
11231.5,2025-12-08T19:11:30+00:00,W9943,wagon,arrived,T152,,
11231.5,2025-12-08T19:11:30+00:00,W9430,wagon,arrived,T152,,
11232.5,2025-12-08T19:12:30+00:00,LOCO_02,locomotive,moving,,,
11232.5,2025-12-08T19:12:30+00:00,W9358,wagon,moving,,,
11253.0,2025-12-08T19:33:00+00:00,W9355,wagon,retrofitted,,,
11253.0,2025-12-08T19:33:00+00:00,W3562,wagon,retrofitted,,,
11275.0,2025-12-08T19:55:00+00:00,LOCO_01,locomotive,assigned,,,
11280.0,2025-12-08T20:00:00+00:00,LOCO_01,locomotive,moving,,,
11280.0,2025-12-08T20:00:00+00:00,W9043,wagon,moving,,,
11280.0,2025-12-08T20:00:00+00:00,W2149,wagon,moving,,,
11292.5,2025-12-08T20:12:30+00:00,W9358,wagon,queued,,,
11295.5,2025-12-08T20:15:30+00:00,LOCO_02,locomotive,moving,,,
11302.5,2025-12-08T20:22:30+00:00,LOCO_02,locomotive,moving,,,
11310.5,2025-12-08T20:30:30+00:00,LOCO_02,locomotive,moving,,,
11310.5,2025-12-08T20:30:30+00:00,W11847,wagon,moving,,,
11310.5,2025-12-08T20:30:30+00:00,W2135,wagon,moving,,,
11315.5,2025-12-08T20:35:30+00:00,W11847,wagon,in_workshop,,,
11315.5,2025-12-08T20:35:30+00:00,W2135,wagon,in_workshop,,,
11321.5,2025-12-08T20:41:30+00:00,W11847,wagon,in_workshop,,,
11321.5,2025-12-08T20:41:30+00:00,W2135,wagon,in_workshop,,,
11321.5,2025-12-08T20:41:30+00:00,LOCO_02,locomotive,moving,,,
11326.5,2025-12-08T20:46:30+00:00,LOCO_02,locomotive,moving,,,
11333.5,2025-12-08T20:53:30+00:00,LOCO_02,locomotive,moving,,,
11333.5,2025-12-08T20:53:30+00:00,W9355,wagon,moving,,,
11333.5,2025-12-08T20:53:30+00:00,W3562,wagon,moving,,,
11338.5,2025-12-08T20:58:30+00:00,LOCO_02,locomotive,moving,,,
11340.0,2025-12-08T21:00:00+00:00,W9043,wagon,queued,,,
11340.0,2025-12-08T21:00:00+00:00,W2149,wagon,queued,,,
11343.5,2025-12-08T21:03:30+00:00,LOCO_02,locomotive,moving,,,
11349.0,2025-12-08T21:09:00+00:00,LOCO_01,locomotive,moving,,,
11356.0,2025-12-08T21:16:00+00:00,LOCO_01,locomotive,moving,,,
11364.0,2025-12-08T21:24:00+00:00,LOCO_01,locomotive,moving,,,
11364.0,2025-12-08T21:24:00+00:00,W12195,wagon,moving,,,
11364.0,2025-12-08T21:24:00+00:00,W0709,wagon,moving,,,
11369.0,2025-12-08T21:29:00+00:00,W12195,wagon,in_workshop,,,
11369.0,2025-12-08T21:29:00+00:00,W0709,wagon,in_workshop,,,
11375.0,2025-12-08T21:35:00+00:00,W12195,wagon,in_workshop,,,
11375.0,2025-12-08T21:35:00+00:00,W0709,wagon,in_workshop,,,
11375.0,2025-12-08T21:35:00+00:00,LOCO_01,locomotive,moving,,,
11380.0,2025-12-08T21:40:00+00:00,LOCO_01,locomotive,assigned,,,
11380.0,2025-12-08T21:40:00+00:00,LOCO_01,locomotive,moving,,,
11381.5,2025-12-08T21:41:30+00:00,W11847,wagon,retrofitted,,,
11381.5,2025-12-08T21:41:30+00:00,W2135,wagon,retrofitted,,,
11388.0,2025-12-08T21:48:00+00:00,LOCO_01,locomotive,moving,,,
11403.5,2025-12-08T22:03:30+00:00,LOCO_02,locomotive,assigned,,,
11406.5,2025-12-08T22:06:30+00:00,LOCO_02,locomotive,moving,,,
11406.5,2025-12-08T22:06:30+00:00,W0680,wagon,moving,,,
11435.0,2025-12-08T22:35:00+00:00,W12195,wagon,retrofitted,,,
11435.0,2025-12-08T22:35:00+00:00,W0709,wagon,retrofitted,,,
11451.5,2025-12-08T22:51:30+00:00,W4478,wagon,parked,,,
11451.5,2025-12-08T22:51:30+00:00,W4532,wagon,parked,,,
11451.5,2025-12-08T22:51:30+00:00,W0881,wagon,parked,,,
11451.5,2025-12-08T22:51:30+00:00,W5845,wagon,parked,,,
11451.5,2025-12-08T22:51:30+00:00,LOCO_01,locomotive,moving,,,
11466.5,2025-12-08T23:06:30+00:00,W0680,wagon,queued,,,
11469.5,2025-12-08T23:09:30+00:00,LOCO_02,locomotive,moving,,,
11474.5,2025-12-08T23:14:30+00:00,LOCO_02,locomotive,moving,,,
11511.5,2025-12-08T23:51:30+00:00,LOCO_01,locomotive,moving,,,
11518.5,2025-12-08T23:58:30+00:00,LOCO_01,locomotive,moving,,,
11518.5,2025-12-08T23:58:30+00:00,W11847,wagon,moving,,,
11518.5,2025-12-08T23:58:30+00:00,W2135,wagon,moving,,,
11523.5,2025-12-09T00:03:30+00:00,LOCO_01,locomotive,moving,,,
11528.5,2025-12-09T00:08:30+00:00,LOCO_01,locomotive,moving,,,
11534.5,2025-12-09T00:14:30+00:00,LOCO_02,locomotive,assigned,,,
11535.5,2025-12-09T00:15:30+00:00,LOCO_01,locomotive,moving,,,
11535.5,2025-12-09T00:15:30+00:00,W12195,wagon,moving,,,
11535.5,2025-12-09T00:15:30+00:00,W0709,wagon,moving,,,
11540.5,2025-12-09T00:20:30+00:00,LOCO_01,locomotive,moving,,,
11541.5,2025-12-09T00:21:30+00:00,LOCO_02,locomotive,moving,,,
11541.5,2025-12-09T00:21:30+00:00,W10441,wagon,moving,,,
11541.5,2025-12-09T00:21:30+00:00,W1122,wagon,moving,,,
11541.5,2025-12-09T00:21:30+00:00,W4506,wagon,moving,,,
11544.25,2025-12-09T00:24:15+00:00,W2225,wagon,rejected,T153,,NO_COLLECTION_TRACK
11544.25,2025-12-09T00:24:15+00:00,W4491,wagon,rejected,T153,,NO_COLLECTION_TRACK
11544.25,2025-12-09T00:24:15+00:00,W12383,wagon,arrived,T153,,
11544.25,2025-12-09T00:24:15+00:00,W9843,wagon,arrived,T153,,
11544.25,2025-12-09T00:24:15+00:00,W4473,wagon,arrived,T153,,
11544.25,2025-12-09T00:24:15+00:00,W9727,wagon,arrived,T153,,
11544.25,2025-12-09T00:24:15+00:00,W9046,wagon,arrived,T153,,
11544.25,2025-12-09T00:24:15+00:00,W2217,wagon,arrived,T153,,
11544.25,2025-12-09T00:24:15+00:00,W10976,wagon,arrived,T153,,
11547.5,2025-12-09T00:27:30+00:00,LOCO_01,locomotive,moving,,,
11555.5,2025-12-09T00:35:30+00:00,LOCO_01,locomotive,moving,,,
11555.5,2025-12-09T00:35:30+00:00,W6823,wagon,moving,,,
11555.5,2025-12-09T00:35:30+00:00,W6640,wagon,moving,,,
11560.5,2025-12-09T00:40:30+00:00,W6823,wagon,in_workshop,,,
11560.5,2025-12-09T00:40:30+00:00,W6640,wagon,in_workshop,,,
11566.5,2025-12-09T00:46:30+00:00,W6823,wagon,in_workshop,,,
11566.5,2025-12-09T00:46:30+00:00,W6640,wagon,in_workshop,,,
11566.5,2025-12-09T00:46:30+00:00,LOCO_01,locomotive,moving,,,
11571.5,2025-12-09T00:51:30+00:00,LOCO_01,locomotive,moving,,,
11601.5,2025-12-09T01:21:30+00:00,W10441,wagon,queued,,,
11601.5,2025-12-09T01:21:30+00:00,W1122,wagon,queued,,,
11601.5,2025-12-09T01:21:30+00:00,W4506,wagon,queued,,,
11616.5,2025-12-09T01:36:30+00:00,LOCO_02,locomotive,moving,,,
11623.5,2025-12-09T01:43:30+00:00,LOCO_02,locomotive,moving,,,
11626.5,2025-12-09T01:46:30+00:00,W6823,wagon,retrofitted,,,
11626.5,2025-12-09T01:46:30+00:00,W6640,wagon,retrofitted,,,
11631.5,2025-12-09T01:51:30+00:00,LOCO_01,locomotive,assigned,,,
11631.5,2025-12-09T01:51:30+00:00,LOCO_02,locomotive,moving,,,
11631.5,2025-12-09T01:51:30+00:00,W8578,wagon,moving,,,
11631.5,2025-12-09T01:51:30+00:00,W6704,wagon,moving,,,
11634.5,2025-12-09T01:54:30+00:00,LOCO_01,locomotive,moving,,,
11634.5,2025-12-09T01:54:30+00:00,W11195,wagon,moving,,,
11636.5,2025-12-09T01:56:30+00:00,W8578,wagon,in_workshop,,,
11636.5,2025-12-09T01:56:30+00:00,W6704,wagon,in_workshop,,,
11642.5,2025-12-09T02:02:30+00:00,W8578,wagon,in_workshop,,,
11642.5,2025-12-09T02:02:30+00:00,W6704,wagon,in_workshop,,,
11642.5,2025-12-09T02:02:30+00:00,LOCO_02,locomotive,moving,,,
11647.5,2025-12-09T02:07:30+00:00,LOCO_02,locomotive,assigned,,,
11647.5,2025-12-09T02:07:30+00:00,LOCO_02,locomotive,moving,,,
11655.5,2025-12-09T02:15:30+00:00,LOCO_02,locomotive,moving,,,
11664.0,2025-12-09T02:24:00+00:00,W5248,wagon,parked,,,
11664.0,2025-12-09T02:24:00+00:00,W8570,wagon,parked,,,
11664.0,2025-12-09T02:24:00+00:00,W9355,wagon,parked,,,
11664.0,2025-12-09T02:24:00+00:00,W3562,wagon,parked,,,
11664.0,2025-12-09T02:24:00+00:00,LOCO_02,locomotive,moving,,,
11669.0,2025-12-09T02:29:00+00:00,LOCO_02,locomotive,moving,,,
11694.5,2025-12-09T02:54:30+00:00,W11195,wagon,queued,,,
11697.5,2025-12-09T02:57:30+00:00,LOCO_01,locomotive,moving,,,
11702.5,2025-12-09T03:02:30+00:00,W8578,wagon,retrofitted,,,
11702.5,2025-12-09T03:02:30+00:00,W6704,wagon,retrofitted,,,
11702.5,2025-12-09T03:02:30+00:00,LOCO_01,locomotive,moving,,,
11705.25,2025-12-09T03:05:15+00:00,W8494,wagon,rejected,T154,,NO_COLLECTION_TRACK
11705.25,2025-12-09T03:05:15+00:00,W1427,wagon,rejected,T154,,NO_COLLECTION_TRACK
11705.25,2025-12-09T03:05:15+00:00,W3860,wagon,rejected,T154,,NO_COLLECTION_TRACK
11705.25,2025-12-09T03:05:15+00:00,W6848,wagon,arrived,T154,,
11705.25,2025-12-09T03:05:15+00:00,W11356,wagon,arrived,T154,,
11705.25,2025-12-09T03:05:15+00:00,W4223,wagon,arrived,T154,,
11705.25,2025-12-09T03:05:15+00:00,W1826,wagon,arrived,T154,,
11709.5,2025-12-09T03:09:30+00:00,LOCO_01,locomotive,moving,,,
11709.5,2025-12-09T03:09:30+00:00,W6823,wagon,moving,,,
11709.5,2025-12-09T03:09:30+00:00,W6640,wagon,moving,,,
11714.5,2025-12-09T03:14:30+00:00,LOCO_01,locomotive,moving,,,
11719.5,2025-12-09T03:19:30+00:00,LOCO_01,locomotive,moving,,,
11726.5,2025-12-09T03:26:30+00:00,LOCO_01,locomotive,moving,,,
11726.5,2025-12-09T03:26:30+00:00,W8578,wagon,moving,,,
11726.5,2025-12-09T03:26:30+00:00,W6704,wagon,moving,,,
11729.0,2025-12-09T03:29:00+00:00,LOCO_02,locomotive,assigned,,,
11731.5,2025-12-09T03:31:30+00:00,LOCO_01,locomotive,moving,,,
11734.0,2025-12-09T03:34:00+00:00,LOCO_02,locomotive,moving,,,
11734.0,2025-12-09T03:34:00+00:00,W1439,wagon,moving,,,
11734.0,2025-12-09T03:34:00+00:00,W10303,wagon,moving,,,
11738.5,2025-12-09T03:38:30+00:00,LOCO_01,locomotive,moving,,,
11746.5,2025-12-09T03:46:30+00:00,LOCO_01,locomotive,moving,,,
11746.5,2025-12-09T03:46:30+00:00,W0167,wagon,moving,,,
11746.5,2025-12-09T03:46:30+00:00,W0002,wagon,moving,,,
11751.5,2025-12-09T03:51:30+00:00,W0167,wagon,in_workshop,,,
11751.5,2025-12-09T03:51:30+00:00,W0002,wagon,in_workshop,,,
11757.5,2025-12-09T03:57:30+00:00,W0167,wagon,in_workshop,,,
11757.5,2025-12-09T03:57:30+00:00,W0002,wagon,in_workshop,,,
11757.5,2025-12-09T03:57:30+00:00,LOCO_01,locomotive,moving,,,
11762.5,2025-12-09T04:02:30+00:00,LOCO_01,locomotive,moving,,,
11794.0,2025-12-09T04:34:00+00:00,W1439,wagon,queued,,,
11794.0,2025-12-09T04:34:00+00:00,W10303,wagon,queued,,,
11803.0,2025-12-09T04:43:00+00:00,LOCO_02,locomotive,moving,,,
11810.0,2025-12-09T04:50:00+00:00,LOCO_02,locomotive,moving,,,
11817.5,2025-12-09T04:57:30+00:00,W0167,wagon,retrofitted,,,
11817.5,2025-12-09T04:57:30+00:00,W0002,wagon,retrofitted,,,
11818.0,2025-12-09T04:58:00+00:00,LOCO_02,locomotive,moving,,,
11818.0,2025-12-09T04:58:00+00:00,W10772,wagon,moving,,,
11818.0,2025-12-09T04:58:00+00:00,W0948,wagon,moving,,,
11822.5,2025-12-09T05:02:30+00:00,LOCO_01,locomotive,assigned,,,
11823.0,2025-12-09T05:03:00+00:00,W10772,wagon,in_workshop,,,
11823.0,2025-12-09T05:03:00+00:00,W0948,wagon,in_workshop,,,
11825.5,2025-12-09T05:05:30+00:00,LOCO_01,locomotive,moving,,,
11825.5,2025-12-09T05:05:30+00:00,W0367,wagon,moving,,,
11829.0,2025-12-09T05:09:00+00:00,W10772,wagon,in_workshop,,,
11829.0,2025-12-09T05:09:00+00:00,W0948,wagon,in_workshop,,,
11829.0,2025-12-09T05:09:00+00:00,LOCO_02,locomotive,moving,,,
11829.75,2025-12-09T05:09:45+00:00,W7791,wagon,arrived,T155,,
11834.0,2025-12-09T05:14:00+00:00,LOCO_02,locomotive,assigned,,,
11834.0,2025-12-09T05:14:00+00:00,LOCO_02,locomotive,moving,,,
11842.0,2025-12-09T05:22:00+00:00,LOCO_02,locomotive,moving,,,
11849.0,2025-12-09T05:29:00+00:00,W0237,wagon,rejected,T156,,No Retrofit Needed
11885.5,2025-12-09T06:05:30+00:00,W0367,wagon,queued,,,
11888.5,2025-12-09T06:08:30+00:00,LOCO_01,locomotive,moving,,,
11889.0,2025-12-09T06:09:00+00:00,W10772,wagon,retrofitted,,,
11889.0,2025-12-09T06:09:00+00:00,W0948,wagon,retrofitted,,,
11893.5,2025-12-09T06:13:30+00:00,LOCO_01,locomotive,moving,,,
11905.5,2025-12-09T06:25:30+00:00,W11847,wagon,parked,,,
11905.5,2025-12-09T06:25:30+00:00,W2135,wagon,parked,,,
11905.5,2025-12-09T06:25:30+00:00,W12195,wagon,parked,,,
11905.5,2025-12-09T06:25:30+00:00,W0709,wagon,parked,,,
11905.5,2025-12-09T06:25:30+00:00,LOCO_02,locomotive,moving,,,
11913.75,2025-12-09T06:33:45+00:00,W0948,wagon,rejected,T157,,No Retrofit Needed
11953.5,2025-12-09T07:13:30+00:00,LOCO_01,locomotive,assigned,,,
11960.5,2025-12-09T07:20:30+00:00,LOCO_01,locomotive,moving,,,
11960.5,2025-12-09T07:20:30+00:00,W2846,wagon,moving,,,
11960.5,2025-12-09T07:20:30+00:00,W5760,wagon,moving,,,
11960.5,2025-12-09T07:20:30+00:00,W4802,wagon,moving,,,
11965.5,2025-12-09T07:25:30+00:00,LOCO_02,locomotive,moving,,,
12020.5,2025-12-09T08:20:30+00:00,W2846,wagon,queued,,,
12020.5,2025-12-09T08:20:30+00:00,W5760,wagon,queued,,,
12020.5,2025-12-09T08:20:30+00:00,W4802,wagon,queued,,,
12025.5,2025-12-09T08:25:30+00:00,LOCO_02,locomotive,assigned,,,
12028.5,2025-12-09T08:28:30+00:00,LOCO_02,locomotive,moving,,,
12028.5,2025-12-09T08:28:30+00:00,W4457,wagon,moving,,,
12035.5,2025-12-09T08:35:30+00:00,LOCO_01,locomotive,moving,,,
12040.5,2025-12-09T08:40:30+00:00,LOCO_01,locomotive,moving,,,
12046.0,2025-12-09T08:46:00+00:00,W0020,wagon,rejected,T158,,No Retrofit Needed
12046.0,2025-12-09T08:46:00+00:00,W0674,wagon,rejected,T158,,NO_COLLECTION_TRACK
12046.0,2025-12-09T08:46:00+00:00,W6936,wagon,rejected,T158,,NO_COLLECTION_TRACK
12046.0,2025-12-09T08:46:00+00:00,W0023,wagon,arrived,T158,,
12046.0,2025-12-09T08:46:00+00:00,W10397,wagon,arrived,T158,,
12046.0,2025-12-09T08:46:00+00:00,W5420,wagon,arrived,T158,,
12047.5,2025-12-09T08:47:30+00:00,LOCO_01,locomotive,moving,,,
12047.5,2025-12-09T08:47:30+00:00,W0167,wagon,moving,,,
12047.5,2025-12-09T08:47:30+00:00,W0002,wagon,moving,,,
12052.5,2025-12-09T08:52:30+00:00,LOCO_01,locomotive,moving,,,
12057.5,2025-12-09T08:57:30+00:00,LOCO_01,locomotive,moving,,,
12064.5,2025-12-09T09:04:30+00:00,LOCO_01,locomotive,moving,,,
12064.5,2025-12-09T09:04:30+00:00,W10772,wagon,moving,,,
12064.5,2025-12-09T09:04:30+00:00,W0948,wagon,moving,,,
12069.5,2025-12-09T09:09:30+00:00,LOCO_01,locomotive,moving,,,
12076.5,2025-12-09T09:16:30+00:00,LOCO_01,locomotive,moving,,,
12084.5,2025-12-09T09:24:30+00:00,LOCO_01,locomotive,moving,,,
12084.5,2025-12-09T09:24:30+00:00,W5316,wagon,moving,,,
12084.5,2025-12-09T09:24:30+00:00,W9358,wagon,moving,,,
12088.5,2025-12-09T09:28:30+00:00,W4457,wagon,queued,,,
12089.5,2025-12-09T09:29:30+00:00,W5316,wagon,in_workshop,,,
12089.5,2025-12-09T09:29:30+00:00,W9358,wagon,in_workshop,,,
12091.5,2025-12-09T09:31:30+00:00,LOCO_02,locomotive,moving,,,
12095.5,2025-12-09T09:35:30+00:00,W5316,wagon,in_workshop,,,
12095.5,2025-12-09T09:35:30+00:00,W9358,wagon,in_workshop,,,
12095.5,2025-12-09T09:35:30+00:00,LOCO_01,locomotive,moving,,,
12096.5,2025-12-09T09:36:30+00:00,LOCO_02,locomotive,moving,,,
12102.5,2025-12-09T09:42:30+00:00,LOCO_01,locomotive,moving,,,
12110.5,2025-12-09T09:50:30+00:00,LOCO_01,locomotive,moving,,,
12110.5,2025-12-09T09:50:30+00:00,W9043,wagon,moving,,,
12110.5,2025-12-09T09:50:30+00:00,W2149,wagon,moving,,,
12115.5,2025-12-09T09:55:30+00:00,W9043,wagon,in_workshop,,,
12115.5,2025-12-09T09:55:30+00:00,W2149,wagon,in_workshop,,,
12121.5,2025-12-09T10:01:30+00:00,W9043,wagon,in_workshop,,,
12121.5,2025-12-09T10:01:30+00:00,W2149,wagon,in_workshop,,,
12121.5,2025-12-09T10:01:30+00:00,LOCO_01,locomotive,moving,,,
12126.5,2025-12-09T10:06:30+00:00,LOCO_01,locomotive,moving,,,
12155.5,2025-12-09T10:35:30+00:00,W5316,wagon,retrofitted,,,
12155.5,2025-12-09T10:35:30+00:00,W9358,wagon,retrofitted,,,
12156.5,2025-12-09T10:36:30+00:00,LOCO_02,locomotive,assigned,,,
12159.5,2025-12-09T10:39:30+00:00,LOCO_02,locomotive,moving,,,
12159.5,2025-12-09T10:39:30+00:00,W2736,wagon,moving,,,
12181.5,2025-12-09T11:01:30+00:00,W9043,wagon,retrofitted,,,
12181.5,2025-12-09T11:01:30+00:00,W2149,wagon,retrofitted,,,
12186.5,2025-12-09T11:06:30+00:00,LOCO_01,locomotive,assigned,,,
12191.5,2025-12-09T11:11:30+00:00,LOCO_01,locomotive,moving,,,
12191.5,2025-12-09T11:11:30+00:00,W5821,wagon,moving,,,
12191.5,2025-12-09T11:11:30+00:00,W12186,wagon,moving,,,
12205.25,2025-12-09T11:25:15+00:00,W11513,wagon,rejected,T159,,NO_COLLECTION_TRACK
12205.25,2025-12-09T11:25:15+00:00,W3087,wagon,rejected,T159,,NO_COLLECTION_TRACK
12205.25,2025-12-09T11:25:15+00:00,W12182,wagon,rejected,T159,,NO_COLLECTION_TRACK
12205.25,2025-12-09T11:25:15+00:00,W3230,wagon,arrived,T159,,
12205.25,2025-12-09T11:25:15+00:00,W5411,wagon,arrived,T159,,
12219.5,2025-12-09T11:39:30+00:00,W2736,wagon,queued,,,
12222.5,2025-12-09T11:42:30+00:00,LOCO_02,locomotive,moving,,,
12226.5,2025-12-09T11:46:30+00:00,W4285,wagon,rejected,T160,,NO_COLLECTION_TRACK
12226.5,2025-12-09T11:46:30+00:00,W3948,wagon,rejected,T160,,NO_COLLECTION_TRACK
12226.5,2025-12-09T11:46:30+00:00,W0039,wagon,rejected,T160,,NO_COLLECTION_TRACK
12226.5,2025-12-09T11:46:30+00:00,W4885,wagon,rejected,T160,,NO_COLLECTION_TRACK
12226.5,2025-12-09T11:46:30+00:00,W3752,wagon,rejected,T160,,NO_COLLECTION_TRACK
12226.5,2025-12-09T11:46:30+00:00,W4298,wagon,rejected,T160,,NO_COLLECTION_TRACK
12227.5,2025-12-09T11:47:30+00:00,LOCO_02,locomotive,moving,,,
12234.0,2025-12-09T11:54:00+00:00,W10284,wagon,rejected,T161,,No Retrofit Needed
12234.0,2025-12-09T11:54:00+00:00,W10568,wagon,rejected,T161,,NO_COLLECTION_TRACK
12234.0,2025-12-09T11:54:00+00:00,W10590,wagon,rejected,T161,,NO_COLLECTION_TRACK
12234.0,2025-12-09T11:54:00+00:00,W10269,wagon,rejected,T161,,NO_COLLECTION_TRACK
12234.0,2025-12-09T11:54:00+00:00,W9967,wagon,arrived,T161,,
12234.5,2025-12-09T11:54:30+00:00,LOCO_02,locomotive,moving,,,
12234.5,2025-12-09T11:54:30+00:00,W5316,wagon,moving,,,
12234.5,2025-12-09T11:54:30+00:00,W9358,wagon,moving,,,
12239.5,2025-12-09T11:59:30+00:00,LOCO_02,locomotive,moving,,,
12244.5,2025-12-09T12:04:30+00:00,LOCO_02,locomotive,assigned,,,
12244.5,2025-12-09T12:04:30+00:00,LOCO_02,locomotive,moving,,,
12251.5,2025-12-09T12:11:30+00:00,W5821,wagon,queued,,,
12251.5,2025-12-09T12:11:30+00:00,W12186,wagon,queued,,,
12252.5,2025-12-09T12:12:30+00:00,LOCO_02,locomotive,moving,,,
12260.5,2025-12-09T12:20:30+00:00,LOCO_01,locomotive,moving,,,
12267.5,2025-12-09T12:27:30+00:00,LOCO_01,locomotive,moving,,,
12275.5,2025-12-09T12:35:30+00:00,LOCO_01,locomotive,moving,,,
12275.5,2025-12-09T12:35:30+00:00,W0680,wagon,moving,,,
12275.5,2025-12-09T12:35:30+00:00,W10441,wagon,moving,,,
12280.5,2025-12-09T12:40:30+00:00,W0680,wagon,in_workshop,,,
12280.5,2025-12-09T12:40:30+00:00,W10441,wagon,in_workshop,,,
12286.5,2025-12-09T12:46:30+00:00,W0680,wagon,in_workshop,,,
12286.5,2025-12-09T12:46:30+00:00,W10441,wagon,in_workshop,,,
12286.5,2025-12-09T12:46:30+00:00,LOCO_01,locomotive,moving,,,
12291.5,2025-12-09T12:51:30+00:00,LOCO_01,locomotive,moving,,,
12314.25,2025-12-09T13:14:15+00:00,W10878,wagon,rejected,T162,,No Retrofit Needed
12314.25,2025-12-09T13:14:15+00:00,W11259,wagon,rejected,T162,,No Retrofit Needed
12314.25,2025-12-09T13:14:15+00:00,W5173,wagon,rejected,T162,,No Retrofit Needed
12314.25,2025-12-09T13:14:15+00:00,W5346,wagon,arrived,T162,,
12331.0,2025-12-09T13:31:00+00:00,W6823,wagon,parked,,,
12331.0,2025-12-09T13:31:00+00:00,W6640,wagon,parked,,,
12331.0,2025-12-09T13:31:00+00:00,W8578,wagon,parked,,,
12331.0,2025-12-09T13:31:00+00:00,W6704,wagon,parked,,,
12331.0,2025-12-09T13:31:00+00:00,LOCO_02,locomotive,moving,,,
12346.5,2025-12-09T13:46:30+00:00,W0680,wagon,retrofitted,,,
12346.5,2025-12-09T13:46:30+00:00,W10441,wagon,retrofitted,,,
12351.5,2025-12-09T13:51:30+00:00,LOCO_01,locomotive,assigned,,,
12354.5,2025-12-09T13:54:30+00:00,LOCO_01,locomotive,moving,,,
12354.5,2025-12-09T13:54:30+00:00,W10873,wagon,moving,,,
12376.5,2025-12-09T14:16:30+00:00,W9406,wagon,rejected,T163,,NO_COLLECTION_TRACK
12376.5,2025-12-09T14:16:30+00:00,W5153,wagon,rejected,T163,,NO_COLLECTION_TRACK
12376.5,2025-12-09T14:16:30+00:00,W4370,wagon,arrived,T163,,
12391.0,2025-12-09T14:31:00+00:00,LOCO_02,locomotive,moving,,,
12404.0,2025-12-09T14:44:00+00:00,W2916,wagon,rejected,T164,,NO_COLLECTION_TRACK
12414.5,2025-12-09T14:54:30+00:00,W10873,wagon,queued,,,
12417.5,2025-12-09T14:57:30+00:00,LOCO_01,locomotive,moving,,,
12422.5,2025-12-09T15:02:30+00:00,LOCO_01,locomotive,moving,,,
12429.5,2025-12-09T15:09:30+00:00,LOCO_01,locomotive,moving,,,
12429.5,2025-12-09T15:09:30+00:00,W9043,wagon,moving,,,
12429.5,2025-12-09T15:09:30+00:00,W2149,wagon,moving,,,
12434.5,2025-12-09T15:14:30+00:00,LOCO_01,locomotive,moving,,,
12439.5,2025-12-09T15:19:30+00:00,LOCO_01,locomotive,moving,,,
12446.5,2025-12-09T15:26:30+00:00,LOCO_01,locomotive,moving,,,
12446.5,2025-12-09T15:26:30+00:00,W0680,wagon,moving,,,
12446.5,2025-12-09T15:26:30+00:00,W10441,wagon,moving,,,
12451.0,2025-12-09T15:31:00+00:00,LOCO_02,locomotive,assigned,,,
12451.5,2025-12-09T15:31:30+00:00,LOCO_01,locomotive,moving,,,
12456.0,2025-12-09T15:36:00+00:00,LOCO_02,locomotive,moving,,,
12456.0,2025-12-09T15:36:00+00:00,W5380,wagon,moving,,,
12456.0,2025-12-09T15:36:00+00:00,W5280,wagon,moving,,,
12458.5,2025-12-09T15:38:30+00:00,LOCO_01,locomotive,moving,,,
12466.5,2025-12-09T15:46:30+00:00,LOCO_01,locomotive,moving,,,
12466.5,2025-12-09T15:46:30+00:00,W1122,wagon,moving,,,
12466.5,2025-12-09T15:46:30+00:00,W4506,wagon,moving,,,
12471.5,2025-12-09T15:51:30+00:00,W1122,wagon,in_workshop,,,
12471.5,2025-12-09T15:51:30+00:00,W4506,wagon,in_workshop,,,
12477.5,2025-12-09T15:57:30+00:00,W1122,wagon,in_workshop,,,
12477.5,2025-12-09T15:57:30+00:00,W4506,wagon,in_workshop,,,
12477.5,2025-12-09T15:57:30+00:00,LOCO_01,locomotive,moving,,,
12482.5,2025-12-09T16:02:30+00:00,LOCO_01,locomotive,moving,,,
12516.0,2025-12-09T16:36:00+00:00,W5380,wagon,queued,,,
12516.0,2025-12-09T16:36:00+00:00,W5280,wagon,queued,,,
12525.0,2025-12-09T16:45:00+00:00,LOCO_02,locomotive,moving,,,
12532.0,2025-12-09T16:52:00+00:00,LOCO_02,locomotive,moving,,,
12537.5,2025-12-09T16:57:30+00:00,W1122,wagon,retrofitted,,,
12537.5,2025-12-09T16:57:30+00:00,W4506,wagon,retrofitted,,,
12540.0,2025-12-09T17:00:00+00:00,LOCO_02,locomotive,moving,,,
12540.0,2025-12-09T17:00:00+00:00,W11195,wagon,moving,,,
12540.0,2025-12-09T17:00:00+00:00,W1439,wagon,moving,,,
12542.5,2025-12-09T17:02:30+00:00,LOCO_01,locomotive,assigned,,,
12545.0,2025-12-09T17:05:00+00:00,W11195,wagon,in_workshop,,,
12545.0,2025-12-09T17:05:00+00:00,W1439,wagon,in_workshop,,,
12545.5,2025-12-09T17:05:30+00:00,LOCO_01,locomotive,moving,,,
12545.5,2025-12-09T17:05:30+00:00,W2910,wagon,moving,,,
12551.0,2025-12-09T17:11:00+00:00,W11195,wagon,in_workshop,,,
12551.0,2025-12-09T17:11:00+00:00,W1439,wagon,in_workshop,,,
12551.0,2025-12-09T17:11:00+00:00,LOCO_02,locomotive,moving,,,
12556.0,2025-12-09T17:16:00+00:00,LOCO_02,locomotive,assigned,,,
12556.0,2025-12-09T17:16:00+00:00,LOCO_02,locomotive,moving,,,
12560.25,2025-12-09T17:20:15+00:00,W3135,wagon,arrived,T165,,
12560.25,2025-12-09T17:20:15+00:00,W3903,wagon,arrived,T165,,
12565.0,2025-12-09T17:25:00+00:00,LOCO_02,locomotive,moving,,,
12575.5,2025-12-09T17:35:30+00:00,W0167,wagon,parked,,,
12575.5,2025-12-09T17:35:30+00:00,W0002,wagon,parked,,,
12575.5,2025-12-09T17:35:30+00:00,W10772,wagon,parked,,,
12575.5,2025-12-09T17:35:30+00:00,W0948,wagon,parked,,,
12575.5,2025-12-09T17:35:30+00:00,W5316,wagon,parked,,,
12575.5,2025-12-09T17:35:30+00:00,W9358,wagon,parked,,,
12575.5,2025-12-09T17:35:30+00:00,LOCO_02,locomotive,moving,,,
12580.5,2025-12-09T17:40:30+00:00,LOCO_02,locomotive,moving,,,
12594.5,2025-12-09T17:54:30+00:00,W8906,wagon,rejected,T166,,NO_COLLECTION_TRACK
12594.5,2025-12-09T17:54:30+00:00,W8903,wagon,rejected,T166,,NO_COLLECTION_TRACK
12594.5,2025-12-09T17:54:30+00:00,W10624,wagon,rejected,T166,,NO_COLLECTION_TRACK
12594.5,2025-12-09T17:54:30+00:00,W10192,wagon,arrived,T166,,
12594.5,2025-12-09T17:54:30+00:00,W8908,wagon,arrived,T166,,
12597.0,2025-12-09T17:57:00+00:00,W2844,wagon,rejected,T167,,No Retrofit Needed
12597.0,2025-12-09T17:57:00+00:00,W3860,wagon,rejected,T167,,No Retrofit Needed
12597.0,2025-12-09T17:57:00+00:00,W4223,wagon,rejected,T167,,No Retrofit Needed
12605.5,2025-12-09T18:05:30+00:00,W2910,wagon,queued,,,
12608.5,2025-12-09T18:08:30+00:00,LOCO_01,locomotive,moving,,,
12611.0,2025-12-09T18:11:00+00:00,W12331,wagon,rejected,T168,,NO_COLLECTION_TRACK
12611.0,2025-12-09T18:11:00+00:00,W11195,wagon,retrofitted,,,
12611.0,2025-12-09T18:11:00+00:00,W1439,wagon,retrofitted,,,
12613.5,2025-12-09T18:13:30+00:00,LOCO_01,locomotive,moving,,,
12620.5,2025-12-09T18:20:30+00:00,LOCO_01,locomotive,moving,,,
12620.5,2025-12-09T18:20:30+00:00,W1122,wagon,moving,,,
12620.5,2025-12-09T18:20:30+00:00,W4506,wagon,moving,,,
12625.5,2025-12-09T18:25:30+00:00,LOCO_01,locomotive,moving,,,
12630.5,2025-12-09T18:30:30+00:00,LOCO_01,locomotive,moving,,,
12637.5,2025-12-09T18:37:30+00:00,LOCO_01,locomotive,moving,,,
12637.5,2025-12-09T18:37:30+00:00,W11195,wagon,moving,,,
12637.5,2025-12-09T18:37:30+00:00,W1439,wagon,moving,,,
12640.5,2025-12-09T18:40:30+00:00,LOCO_02,locomotive,assigned,,,
12642.5,2025-12-09T18:42:30+00:00,LOCO_01,locomotive,moving,,,
12649.5,2025-12-09T18:49:30+00:00,LOCO_01,locomotive,moving,,,
12651.5,2025-12-09T18:51:30+00:00,LOCO_02,locomotive,moving,,,
12651.5,2025-12-09T18:51:30+00:00,W1120,wagon,moving,,,
12651.5,2025-12-09T18:51:30+00:00,W9143,wagon,moving,,,
12651.5,2025-12-09T18:51:30+00:00,W10883,wagon,moving,,,
12651.5,2025-12-09T18:51:30+00:00,W10896,wagon,moving,,,
12651.5,2025-12-09T18:51:30+00:00,W5395,wagon,moving,,,
12657.5,2025-12-09T18:57:30+00:00,LOCO_01,locomotive,moving,,,
12657.5,2025-12-09T18:57:30+00:00,W10303,wagon,moving,,,
12657.5,2025-12-09T18:57:30+00:00,W0367,wagon,moving,,,
12662.5,2025-12-09T19:02:30+00:00,W10303,wagon,in_workshop,,,
12662.5,2025-12-09T19:02:30+00:00,W0367,wagon,in_workshop,,,
12663.0,2025-12-09T19:03:00+00:00,W5612,wagon,rejected,T169,,No Retrofit Needed
12663.0,2025-12-09T19:03:00+00:00,W6823,wagon,rejected,T169,,No Retrofit Needed
12668.5,2025-12-09T19:08:30+00:00,W10303,wagon,in_workshop,,,
12668.5,2025-12-09T19:08:30+00:00,W0367,wagon,in_workshop,,,
12668.5,2025-12-09T19:08:30+00:00,LOCO_01,locomotive,moving,,,
12669.0,2025-12-09T19:09:00+00:00,W9311,wagon,rejected,T170,,No Retrofit Needed
12673.5,2025-12-09T19:13:30+00:00,LOCO_01,locomotive,moving,,,
12711.5,2025-12-09T19:51:30+00:00,W1120,wagon,queued,,,
12711.5,2025-12-09T19:51:30+00:00,W9143,wagon,queued,,,
12711.5,2025-12-09T19:51:30+00:00,W10883,wagon,queued,,,
12711.5,2025-12-09T19:51:30+00:00,W10896,wagon,queued,,,
12711.5,2025-12-09T19:51:30+00:00,W5395,wagon,queued,,,
12728.5,2025-12-09T20:08:30+00:00,W10303,wagon,retrofitted,,,
12728.5,2025-12-09T20:08:30+00:00,W0367,wagon,retrofitted,,,
12733.5,2025-12-09T20:13:30+00:00,LOCO_01,locomotive,assigned,,,
12736.5,2025-12-09T20:16:30+00:00,LOCO_01,locomotive,moving,,,
12736.5,2025-12-09T20:16:30+00:00,W0681,wagon,moving,,,
12738.5,2025-12-09T20:18:30+00:00,LOCO_02,locomotive,moving,,,
12745.5,2025-12-09T20:25:30+00:00,LOCO_02,locomotive,moving,,,
12748.5,2025-12-09T20:28:30+00:00,W10522,wagon,rejected,T171,,No Retrofit Needed
12748.5,2025-12-09T20:28:30+00:00,W12031,wagon,rejected,T171,,No Retrofit Needed
12748.5,2025-12-09T20:28:30+00:00,W10109,wagon,arrived,T171,,
12748.5,2025-12-09T20:28:30+00:00,W10204,wagon,arrived,T171,,
12748.5,2025-12-09T20:28:30+00:00,W11900,wagon,arrived,T171,,
12753.5,2025-12-09T20:33:30+00:00,LOCO_02,locomotive,moving,,,
12753.5,2025-12-09T20:33:30+00:00,W2846,wagon,moving,,,
12753.5,2025-12-09T20:33:30+00:00,W5760,wagon,moving,,,
12758.5,2025-12-09T20:38:30+00:00,W2846,wagon,in_workshop,,,
12758.5,2025-12-09T20:38:30+00:00,W5760,wagon,in_workshop,,,
12764.5,2025-12-09T20:44:30+00:00,W2846,wagon,in_workshop,,,
12764.5,2025-12-09T20:44:30+00:00,W5760,wagon,in_workshop,,,
12764.5,2025-12-09T20:44:30+00:00,LOCO_02,locomotive,moving,,,
12769.5,2025-12-09T20:49:30+00:00,LOCO_02,locomotive,assigned,,,
12769.5,2025-12-09T20:49:30+00:00,LOCO_02,locomotive,moving,,,
12777.0,2025-12-09T20:57:00+00:00,W3919,wagon,rejected,T172,,NO_COLLECTION_TRACK
12777.0,2025-12-09T20:57:00+00:00,W4150,wagon,rejected,T172,,NO_COLLECTION_TRACK
12777.0,2025-12-09T20:57:00+00:00,W4249,wagon,rejected,T172,,NO_COLLECTION_TRACK
12777.5,2025-12-09T20:57:30+00:00,LOCO_02,locomotive,moving,,,
12787.25,2025-12-09T21:07:15+00:00,W3790,wagon,rejected,T173,,NO_COLLECTION_TRACK
12787.25,2025-12-09T21:07:15+00:00,W2829,wagon,rejected,T173,,NO_COLLECTION_TRACK
12787.25,2025-12-09T21:07:15+00:00,W7399,wagon,arrived,T173,,
12796.5,2025-12-09T21:16:30+00:00,W0681,wagon,queued,,,
12799.5,2025-12-09T21:19:30+00:00,LOCO_01,locomotive,moving,,,
12804.5,2025-12-09T21:24:30+00:00,LOCO_01,locomotive,moving,,,
12824.5,2025-12-09T21:44:30+00:00,W2846,wagon,retrofitted,,,
12824.5,2025-12-09T21:44:30+00:00,W5760,wagon,retrofitted,,,
12856.0,2025-12-09T22:16:00+00:00,W9043,wagon,parked,,,
12856.0,2025-12-09T22:16:00+00:00,W2149,wagon,parked,,,
12856.0,2025-12-09T22:16:00+00:00,W0680,wagon,parked,,,
12856.0,2025-12-09T22:16:00+00:00,W10441,wagon,parked,,,
12856.0,2025-12-09T22:16:00+00:00,LOCO_02,locomotive,moving,,,
12864.5,2025-12-09T22:24:30+00:00,LOCO_01,locomotive,assigned,,,
12869.5,2025-12-09T22:29:30+00:00,LOCO_01,locomotive,moving,,,
12869.5,2025-12-09T22:29:30+00:00,W6421,wagon,moving,,,
12869.5,2025-12-09T22:29:30+00:00,W2165,wagon,moving,,,
12916.0,2025-12-09T23:16:00+00:00,LOCO_02,locomotive,moving,,,
12923.0,2025-12-09T23:23:00+00:00,LOCO_02,locomotive,moving,,,
12923.0,2025-12-09T23:23:00+00:00,W10303,wagon,moving,,,
12923.0,2025-12-09T23:23:00+00:00,W0367,wagon,moving,,,
12928.0,2025-12-09T23:28:00+00:00,LOCO_02,locomotive,moving,,,
12929.5,2025-12-09T23:29:30+00:00,W6421,wagon,queued,,,
12929.5,2025-12-09T23:29:30+00:00,W2165,wagon,queued,,,
12933.0,2025-12-09T23:33:00+00:00,LOCO_02,locomotive,moving,,,
12938.5,2025-12-09T23:38:30+00:00,LOCO_01,locomotive,moving,,,
12939.0,2025-12-09T23:39:00+00:00,W10881,wagon,rejected,T174,,No Retrofit Needed
12939.0,2025-12-09T23:39:00+00:00,W10883,wagon,rejected,T174,,No Retrofit Needed
12939.0,2025-12-09T23:39:00+00:00,W10896,wagon,rejected,T174,,No Retrofit Needed
12939.0,2025-12-09T23:39:00+00:00,W10081,wagon,rejected,T174,,No Retrofit Needed
12939.0,2025-12-09T23:39:00+00:00,W9143,wagon,rejected,T174,,No Retrofit Needed
12939.0,2025-12-09T23:39:00+00:00,W7218,wagon,rejected,T174,,NO_COLLECTION_TRACK
12939.0,2025-12-09T23:39:00+00:00,W12104,wagon,arrived,T174,,
12940.0,2025-12-09T23:40:00+00:00,LOCO_02,locomotive,moving,,,
12940.0,2025-12-09T23:40:00+00:00,W2846,wagon,moving,,,
12940.0,2025-12-09T23:40:00+00:00,W5760,wagon,moving,,,
12945.0,2025-12-09T23:45:00+00:00,LOCO_02,locomotive,moving,,,
12945.5,2025-12-09T23:45:30+00:00,LOCO_01,locomotive,moving,,,
12950.0,2025-12-09T23:50:00+00:00,LOCO_02,locomotive,assigned,,,
12950.0,2025-12-09T23:50:00+00:00,LOCO_02,locomotive,moving,,,
12953.5,2025-12-09T23:53:30+00:00,LOCO_01,locomotive,moving,,,
12953.5,2025-12-09T23:53:30+00:00,W4802,wagon,moving,,,
12953.5,2025-12-09T23:53:30+00:00,W4457,wagon,moving,,,
12954.5,2025-12-09T23:54:30+00:00,W4370,wagon,rejected,T175,,No Retrofit Needed
12958.0,2025-12-09T23:58:00+00:00,LOCO_02,locomotive,moving,,,
12958.5,2025-12-09T23:58:30+00:00,W4802,wagon,in_workshop,,,
12958.5,2025-12-09T23:58:30+00:00,W4457,wagon,in_workshop,,,
12963.5,2025-12-10T00:03:30+00:00,W10938,wagon,arrived,T176,,
12964.5,2025-12-10T00:04:30+00:00,W4802,wagon,in_workshop,,,
12964.5,2025-12-10T00:04:30+00:00,W4457,wagon,in_workshop,,,
12964.5,2025-12-10T00:04:30+00:00,LOCO_01,locomotive,moving,,,
12969.5,2025-12-10T00:09:30+00:00,LOCO_01,locomotive,moving,,,
13015.75,2025-12-10T00:55:45+00:00,W5411,wagon,rejected,T177,,No Retrofit Needed
13015.75,2025-12-10T00:55:45+00:00,W11513,wagon,rejected,T177,,No Retrofit Needed
13024.5,2025-12-10T01:04:30+00:00,W4802,wagon,retrofitted,,,
13024.5,2025-12-10T01:04:30+00:00,W4457,wagon,retrofitted,,,
13029.5,2025-12-10T01:09:30+00:00,LOCO_01,locomotive,assigned,,,
13032.5,2025-12-10T01:12:30+00:00,LOCO_01,locomotive,moving,,,
13032.5,2025-12-10T01:12:30+00:00,W12116,wagon,moving,,,
13081.5,2025-12-10T02:01:30+00:00,W1122,wagon,parked,,,
13081.5,2025-12-10T02:01:30+00:00,W4506,wagon,parked,,,
13081.5,2025-12-10T02:01:30+00:00,W11195,wagon,parked,,,
13081.5,2025-12-10T02:01:30+00:00,W1439,wagon,parked,,,
13081.5,2025-12-10T02:01:30+00:00,LOCO_02,locomotive,moving,,,
13092.5,2025-12-10T02:12:30+00:00,W12116,wagon,queued,,,
13095.5,2025-12-10T02:15:30+00:00,LOCO_01,locomotive,moving,,,
13100.5,2025-12-10T02:20:30+00:00,LOCO_01,locomotive,moving,,,
13103.5,2025-12-10T02:23:30+00:00,W9744,wagon,rejected,T178,,No Retrofit Needed
13103.5,2025-12-10T02:23:30+00:00,W4327,wagon,arrived,T178,,
13103.5,2025-12-10T02:23:30+00:00,W11290,wagon,arrived,T178,,
13143.5,2025-12-10T03:03:30+00:00,LOCO_02,locomotive,moving,,,
13151.5,2025-12-10T03:11:30+00:00,LOCO_02,locomotive,moving,,,
13151.5,2025-12-10T03:11:30+00:00,W2736,wagon,moving,,,
13151.5,2025-12-10T03:11:30+00:00,W5821,wagon,moving,,,
13156.5,2025-12-10T03:16:30+00:00,W2736,wagon,in_workshop,,,
13156.5,2025-12-10T03:16:30+00:00,W5821,wagon,in_workshop,,,
13160.5,2025-12-10T03:20:30+00:00,LOCO_01,locomotive,assigned,,,
13162.5,2025-12-10T03:22:30+00:00,W2736,wagon,in_workshop,,,
13162.5,2025-12-10T03:22:30+00:00,W5821,wagon,in_workshop,,,
13162.5,2025-12-10T03:22:30+00:00,LOCO_02,locomotive,moving,,,
13163.5,2025-12-10T03:23:30+00:00,LOCO_01,locomotive,moving,,,
13163.5,2025-12-10T03:23:30+00:00,W8552,wagon,moving,,,
13167.5,2025-12-10T03:27:30+00:00,LOCO_02,locomotive,moving,,,
13171.75,2025-12-10T03:31:45+00:00,W11298,wagon,rejected,T179,,NO_COLLECTION_TRACK
13171.75,2025-12-10T03:31:45+00:00,W2064,wagon,rejected,T179,,NO_COLLECTION_TRACK
13171.75,2025-12-10T03:31:45+00:00,W10999,wagon,rejected,T179,,NO_COLLECTION_TRACK
13171.75,2025-12-10T03:31:45+00:00,W10366,wagon,rejected,T179,,NO_COLLECTION_TRACK
13171.75,2025-12-10T03:31:45+00:00,W5410,wagon,rejected,T179,,NO_COLLECTION_TRACK
13222.5,2025-12-10T04:22:30+00:00,W2736,wagon,retrofitted,,,
13222.5,2025-12-10T04:22:30+00:00,W5821,wagon,retrofitted,,,
13223.5,2025-12-10T04:23:30+00:00,W8552,wagon,queued,,,
13226.5,2025-12-10T04:26:30+00:00,LOCO_01,locomotive,moving,,,
13227.5,2025-12-10T04:27:30+00:00,LOCO_02,locomotive,assigned,,,
13231.5,2025-12-10T04:31:30+00:00,LOCO_01,locomotive,moving,,,
13232.5,2025-12-10T04:32:30+00:00,LOCO_02,locomotive,moving,,,
13232.5,2025-12-10T04:32:30+00:00,W0698,wagon,moving,,,
13232.5,2025-12-10T04:32:30+00:00,W10150,wagon,moving,,,
13238.5,2025-12-10T04:38:30+00:00,LOCO_01,locomotive,moving,,,
13238.5,2025-12-10T04:38:30+00:00,W4802,wagon,moving,,,
13238.5,2025-12-10T04:38:30+00:00,W4457,wagon,moving,,,
13243.5,2025-12-10T04:43:30+00:00,LOCO_01,locomotive,moving,,,
13248.5,2025-12-10T04:48:30+00:00,LOCO_01,locomotive,moving,,,
13255.5,2025-12-10T04:55:30+00:00,LOCO_01,locomotive,moving,,,
13255.5,2025-12-10T04:55:30+00:00,W2736,wagon,moving,,,
13255.5,2025-12-10T04:55:30+00:00,W5821,wagon,moving,,,
13260.5,2025-12-10T05:00:30+00:00,LOCO_01,locomotive,moving,,,
13267.5,2025-12-10T05:07:30+00:00,LOCO_01,locomotive,moving,,,
13275.5,2025-12-10T05:15:30+00:00,LOCO_01,locomotive,moving,,,
13275.5,2025-12-10T05:15:30+00:00,W12186,wagon,moving,,,
13275.5,2025-12-10T05:15:30+00:00,W10873,wagon,moving,,,
13280.5,2025-12-10T05:20:30+00:00,W12186,wagon,in_workshop,,,
13280.5,2025-12-10T05:20:30+00:00,W10873,wagon,in_workshop,,,
13286.5,2025-12-10T05:26:30+00:00,W12186,wagon,in_workshop,,,
13286.5,2025-12-10T05:26:30+00:00,W10873,wagon,in_workshop,,,
13286.5,2025-12-10T05:26:30+00:00,LOCO_01,locomotive,moving,,,
13291.5,2025-12-10T05:31:30+00:00,LOCO_01,locomotive,moving,,,
13292.5,2025-12-10T05:32:30+00:00,W0698,wagon,queued,,,
13292.5,2025-12-10T05:32:30+00:00,W10150,wagon,queued,,,
13298.75,2025-12-10T05:38:45+00:00,W1161,wagon,rejected,T180,,No Retrofit Needed
13298.75,2025-12-10T05:38:45+00:00,W1158,wagon,rejected,T180,,No Retrofit Needed
13298.75,2025-12-10T05:38:45+00:00,W1156,wagon,rejected,T180,,No Retrofit Needed
13298.75,2025-12-10T05:38:45+00:00,W1152,wagon,rejected,T180,,No Retrofit Needed
13298.75,2025-12-10T05:38:45+00:00,W1139,wagon,rejected,T180,,No Retrofit Needed
13298.75,2025-12-10T05:38:45+00:00,W1174,wagon,rejected,T180,,No Retrofit Needed
13298.75,2025-12-10T05:38:45+00:00,W1149,wagon,rejected,T180,,No Retrofit Needed
13298.75,2025-12-10T05:38:45+00:00,W1143,wagon,arrived,T180,,
13301.5,2025-12-10T05:41:30+00:00,LOCO_02,locomotive,moving,,,
13308.5,2025-12-10T05:48:30+00:00,LOCO_02,locomotive,moving,,,
13314.5,2025-12-10T05:54:30+00:00,W10715,wagon,rejected,T181,,NO_COLLECTION_TRACK
13314.5,2025-12-10T05:54:30+00:00,W3172,wagon,rejected,T181,,NO_COLLECTION_TRACK
13314.5,2025-12-10T05:54:30+00:00,W3113,wagon,arrived,T181,,
13314.5,2025-12-10T05:54:30+00:00,W3106,wagon,arrived,T181,,
13314.5,2025-12-10T05:54:30+00:00,W3134,wagon,arrived,T181,,
13316.5,2025-12-10T05:56:30+00:00,LOCO_02,locomotive,moving,,,
13316.5,2025-12-10T05:56:30+00:00,W5380,wagon,moving,,,
13316.5,2025-12-10T05:56:30+00:00,W5280,wagon,moving,,,
13321.5,2025-12-10T06:01:30+00:00,W5380,wagon,in_workshop,,,
13321.5,2025-12-10T06:01:30+00:00,W5280,wagon,in_workshop,,,
13327.5,2025-12-10T06:07:30+00:00,W5380,wagon,in_workshop,,,
13327.5,2025-12-10T06:07:30+00:00,W5280,wagon,in_workshop,,,
13327.5,2025-12-10T06:07:30+00:00,LOCO_02,locomotive,moving,,,
13332.5,2025-12-10T06:12:30+00:00,LOCO_02,locomotive,assigned,,,
13332.5,2025-12-10T06:12:30+00:00,LOCO_02,locomotive,moving,,,
13340.5,2025-12-10T06:20:30+00:00,LOCO_02,locomotive,moving,,,
13346.5,2025-12-10T06:26:30+00:00,W12186,wagon,retrofitted,,,
13346.5,2025-12-10T06:26:30+00:00,W10873,wagon,retrofitted,,,
13349.0,2025-12-10T06:29:00+00:00,W10303,wagon,parked,,,
13349.0,2025-12-10T06:29:00+00:00,W0367,wagon,parked,,,
13349.0,2025-12-10T06:29:00+00:00,W2846,wagon,parked,,,
13349.0,2025-12-10T06:29:00+00:00,W5760,wagon,parked,,,
13349.0,2025-12-10T06:29:00+00:00,LOCO_02,locomotive,moving,,,
13351.5,2025-12-10T06:31:30+00:00,LOCO_01,locomotive,assigned,,,
13354.0,2025-12-10T06:34:00+00:00,LOCO_02,locomotive,moving,,,
13354.5,2025-12-10T06:34:30+00:00,LOCO_01,locomotive,moving,,,
13354.5,2025-12-10T06:34:30+00:00,W0841,wagon,moving,,,
13387.5,2025-12-10T07:07:30+00:00,W5380,wagon,retrofitted,,,
13387.5,2025-12-10T07:07:30+00:00,W5280,wagon,retrofitted,,,
13389.25,2025-12-10T07:09:15+00:00,W6989,wagon,rejected,T182,,No Retrofit Needed
13389.25,2025-12-10T07:09:15+00:00,W10397,wagon,rejected,T182,,No Retrofit Needed
13389.25,2025-12-10T07:09:15+00:00,W4392,wagon,rejected,T182,,No Retrofit Needed
13389.25,2025-12-10T07:09:15+00:00,W4422,wagon,rejected,T182,,No Retrofit Needed
13392.5,2025-12-10T07:12:30+00:00,W10889,wagon,rejected,T183,,No Retrofit Needed
13392.5,2025-12-10T07:12:30+00:00,W3087,wagon,rejected,T183,,No Retrofit Needed
13392.5,2025-12-10T07:12:30+00:00,W10958,wagon,rejected,T183,,No Retrofit Needed
13392.5,2025-12-10T07:12:30+00:00,W11254,wagon,rejected,T183,,No Retrofit Needed
13392.5,2025-12-10T07:12:30+00:00,W5420,wagon,rejected,T183,,No Retrofit Needed
13392.5,2025-12-10T07:12:30+00:00,W11261,wagon,rejected,T183,,No Retrofit Needed
13392.5,2025-12-10T07:12:30+00:00,W11269,wagon,rejected,T183,,No Retrofit Needed
13392.5,2025-12-10T07:12:30+00:00,W9046,wagon,rejected,T183,,No Retrofit Needed
13392.5,2025-12-10T07:12:30+00:00,W2130,wagon,rejected,T183,,NO_COLLECTION_TRACK
13392.5,2025-12-10T07:12:30+00:00,W2119,wagon,rejected,T183,,NO_COLLECTION_TRACK
13414.0,2025-12-10T07:34:00+00:00,LOCO_02,locomotive,assigned,,,
13414.5,2025-12-10T07:34:30+00:00,W0841,wagon,queued,,,
13417.5,2025-12-10T07:37:30+00:00,LOCO_01,locomotive,moving,,,
13422.5,2025-12-10T07:42:30+00:00,LOCO_01,locomotive,moving,,,
13423.0,2025-12-10T07:43:00+00:00,LOCO_02,locomotive,moving,,,
13423.0,2025-12-10T07:43:00+00:00,W0839,wagon,moving,,,
13423.0,2025-12-10T07:43:00+00:00,W2324,wagon,moving,,,
13423.0,2025-12-10T07:43:00+00:00,W5992,wagon,moving,,,
13423.0,2025-12-10T07:43:00+00:00,W9943,wagon,moving,,,
13429.5,2025-12-10T07:49:30+00:00,LOCO_01,locomotive,moving,,,
13429.5,2025-12-10T07:49:30+00:00,W12186,wagon,moving,,,
13429.5,2025-12-10T07:49:30+00:00,W10873,wagon,moving,,,
13434.5,2025-12-10T07:54:30+00:00,LOCO_01,locomotive,moving,,,
13439.5,2025-12-10T07:59:30+00:00,LOCO_01,locomotive,moving,,,
13446.5,2025-12-10T08:06:30+00:00,LOCO_01,locomotive,moving,,,
13446.5,2025-12-10T08:06:30+00:00,W5380,wagon,moving,,,
13446.5,2025-12-10T08:06:30+00:00,W5280,wagon,moving,,,
13451.5,2025-12-10T08:11:30+00:00,LOCO_01,locomotive,moving,,,
13458.5,2025-12-10T08:18:30+00:00,LOCO_01,locomotive,moving,,,
13460.0,2025-12-10T08:20:00+00:00,W0874,wagon,rejected,T184,,No Retrofit Needed
13460.0,2025-12-10T08:20:00+00:00,W8648,wagon,rejected,T184,,NO_COLLECTION_TRACK
13466.5,2025-12-10T08:26:30+00:00,LOCO_01,locomotive,moving,,,
13466.5,2025-12-10T08:26:30+00:00,W2910,wagon,moving,,,
13466.5,2025-12-10T08:26:30+00:00,W1120,wagon,moving,,,
13471.5,2025-12-10T08:31:30+00:00,W2910,wagon,in_workshop,,,
13471.5,2025-12-10T08:31:30+00:00,W1120,wagon,in_workshop,,,
13477.5,2025-12-10T08:37:30+00:00,W2910,wagon,in_workshop,,,
13477.5,2025-12-10T08:37:30+00:00,W1120,wagon,in_workshop,,,
13477.5,2025-12-10T08:37:30+00:00,LOCO_01,locomotive,moving,,,
13482.5,2025-12-10T08:42:30+00:00,LOCO_01,locomotive,moving,,,
13483.0,2025-12-10T08:43:00+00:00,W0839,wagon,queued,,,
13483.0,2025-12-10T08:43:00+00:00,W2324,wagon,queued,,,
13483.0,2025-12-10T08:43:00+00:00,W5992,wagon,queued,,,
13483.0,2025-12-10T08:43:00+00:00,W9943,wagon,queued,,,
13487.5,2025-12-10T08:47:30+00:00,W6207,wagon,arrived,T185,,
13504.0,2025-12-10T09:04:00+00:00,LOCO_02,locomotive,moving,,,
13511.0,2025-12-10T09:11:00+00:00,LOCO_02,locomotive,moving,,,
13519.0,2025-12-10T09:19:00+00:00,LOCO_02,locomotive,moving,,,
13519.0,2025-12-10T09:19:00+00:00,W9143,wagon,moving,,,
13519.0,2025-12-10T09:19:00+00:00,W10883,wagon,moving,,,
13524.0,2025-12-10T09:24:00+00:00,W9143,wagon,in_workshop,,,
13524.0,2025-12-10T09:24:00+00:00,W10883,wagon,in_workshop,,,
13530.0,2025-12-10T09:30:00+00:00,W9143,wagon,in_workshop,,,
13530.0,2025-12-10T09:30:00+00:00,W10883,wagon,in_workshop,,,
13530.0,2025-12-10T09:30:00+00:00,LOCO_02,locomotive,moving,,,
13535.0,2025-12-10T09:35:00+00:00,LOCO_02,locomotive,assigned,,,
13535.0,2025-12-10T09:35:00+00:00,LOCO_02,locomotive,moving,,,
13537.5,2025-12-10T09:37:30+00:00,W2910,wagon,retrofitted,,,
13537.5,2025-12-10T09:37:30+00:00,W1120,wagon,retrofitted,,,
13542.5,2025-12-10T09:42:30+00:00,LOCO_01,locomotive,assigned,,,
13543.0,2025-12-10T09:43:00+00:00,LOCO_02,locomotive,moving,,,
13545.5,2025-12-10T09:45:30+00:00,LOCO_01,locomotive,moving,,,
13545.5,2025-12-10T09:45:30+00:00,W5173,wagon,moving,,,
13590.0,2025-12-10T10:30:00+00:00,W9143,wagon,retrofitted,,,
13590.0,2025-12-10T10:30:00+00:00,W10883,wagon,retrofitted,,,
13605.5,2025-12-10T10:45:30+00:00,W5173,wagon,queued,,,
13606.5,2025-12-10T10:46:30+00:00,W4802,wagon,parked,,,
13606.5,2025-12-10T10:46:30+00:00,W4457,wagon,parked,,,
13606.5,2025-12-10T10:46:30+00:00,W2736,wagon,parked,,,
13606.5,2025-12-10T10:46:30+00:00,W5821,wagon,parked,,,
13606.5,2025-12-10T10:46:30+00:00,LOCO_02,locomotive,moving,,,
13608.5,2025-12-10T10:48:30+00:00,LOCO_01,locomotive,moving,,,
13613.5,2025-12-10T10:53:30+00:00,LOCO_01,locomotive,moving,,,
13633.25,2025-12-10T11:13:15+00:00,W10319,wagon,arrived,T186,,
13633.25,2025-12-10T11:13:15+00:00,W10278,wagon,arrived,T186,,
13647.25,2025-12-10T11:27:15+00:00,W10521,wagon,rejected,T187,,NO_COLLECTION_TRACK
13647.25,2025-12-10T11:27:15+00:00,W12051,wagon,rejected,T187,,NO_COLLECTION_TRACK
13647.25,2025-12-10T11:27:15+00:00,W2236,wagon,rejected,T187,,NO_COLLECTION_TRACK
13647.25,2025-12-10T11:27:15+00:00,W9767,wagon,rejected,T187,,NO_COLLECTION_TRACK
13647.25,2025-12-10T11:27:15+00:00,W5458,wagon,arrived,T187,,
13666.5,2025-12-10T11:46:30+00:00,LOCO_02,locomotive,moving,,,
13673.5,2025-12-10T11:53:30+00:00,LOCO_01,locomotive,assigned,,,
13673.5,2025-12-10T11:53:30+00:00,LOCO_02,locomotive,moving,,,
13673.5,2025-12-10T11:53:30+00:00,W2910,wagon,moving,,,
13673.5,2025-12-10T11:53:30+00:00,W1120,wagon,moving,,,
13678.5,2025-12-10T11:58:30+00:00,LOCO_01,locomotive,moving,,,
13678.5,2025-12-10T11:58:30+00:00,W12383,wagon,moving,,,
13678.5,2025-12-10T11:58:30+00:00,W9843,wagon,moving,,,
13678.5,2025-12-10T11:58:30+00:00,LOCO_02,locomotive,moving,,,
13683.5,2025-12-10T12:03:30+00:00,LOCO_02,locomotive,moving,,,
13690.5,2025-12-10T12:10:30+00:00,LOCO_02,locomotive,moving,,,
13690.5,2025-12-10T12:10:30+00:00,W9143,wagon,moving,,,
13690.5,2025-12-10T12:10:30+00:00,W10883,wagon,moving,,,
13695.5,2025-12-10T12:15:30+00:00,LOCO_02,locomotive,moving,,,
13702.5,2025-12-10T12:22:30+00:00,LOCO_02,locomotive,moving,,,
13710.5,2025-12-10T12:30:30+00:00,LOCO_02,locomotive,moving,,,
13710.5,2025-12-10T12:30:30+00:00,W10896,wagon,moving,,,
13710.5,2025-12-10T12:30:30+00:00,W5395,wagon,moving,,,
13715.5,2025-12-10T12:35:30+00:00,W10896,wagon,in_workshop,,,
13715.5,2025-12-10T12:35:30+00:00,W5395,wagon,in_workshop,,,
13721.5,2025-12-10T12:41:30+00:00,W10896,wagon,in_workshop,,,
13721.5,2025-12-10T12:41:30+00:00,W5395,wagon,in_workshop,,,
13721.5,2025-12-10T12:41:30+00:00,LOCO_02,locomotive,moving,,,
13726.5,2025-12-10T12:46:30+00:00,LOCO_02,locomotive,moving,,,
13738.5,2025-12-10T12:58:30+00:00,W12383,wagon,queued,,,
13738.5,2025-12-10T12:58:30+00:00,W9843,wagon,queued,,,
13747.5,2025-12-10T13:07:30+00:00,LOCO_01,locomotive,moving,,,
13754.5,2025-12-10T13:14:30+00:00,LOCO_01,locomotive,moving,,,
13762.5,2025-12-10T13:22:30+00:00,LOCO_01,locomotive,moving,,,
13762.5,2025-12-10T13:22:30+00:00,W0681,wagon,moving,,,
13762.5,2025-12-10T13:22:30+00:00,W6421,wagon,moving,,,
13767.5,2025-12-10T13:27:30+00:00,W0681,wagon,in_workshop,,,
13767.5,2025-12-10T13:27:30+00:00,W6421,wagon,in_workshop,,,
13773.5,2025-12-10T13:33:30+00:00,W0681,wagon,in_workshop,,,
13773.5,2025-12-10T13:33:30+00:00,W6421,wagon,in_workshop,,,
13773.5,2025-12-10T13:33:30+00:00,LOCO_01,locomotive,moving,,,
13778.5,2025-12-10T13:38:30+00:00,LOCO_01,locomotive,assigned,,,
13778.5,2025-12-10T13:38:30+00:00,LOCO_01,locomotive,moving,,,
13781.5,2025-12-10T13:41:30+00:00,W10896,wagon,retrofitted,,,
13781.5,2025-12-10T13:41:30+00:00,W5395,wagon,retrofitted,,,
13786.5,2025-12-10T13:46:30+00:00,LOCO_02,locomotive,assigned,,,
13786.5,2025-12-10T13:46:30+00:00,LOCO_01,locomotive,moving,,,
13789.5,2025-12-10T13:49:30+00:00,LOCO_02,locomotive,moving,,,
13789.5,2025-12-10T13:49:30+00:00,W4099,wagon,moving,,,
13795.0,2025-12-10T13:55:00+00:00,W12186,wagon,parked,,,
13795.0,2025-12-10T13:55:00+00:00,W10873,wagon,parked,,,
13795.0,2025-12-10T13:55:00+00:00,W5380,wagon,parked,,,
13795.0,2025-12-10T13:55:00+00:00,W5280,wagon,parked,,,
13795.0,2025-12-10T13:55:00+00:00,LOCO_01,locomotive,moving,,,
13800.0,2025-12-10T14:00:00+00:00,LOCO_01,locomotive,moving,,,
13833.5,2025-12-10T14:33:30+00:00,W0681,wagon,retrofitted,,,
13833.5,2025-12-10T14:33:30+00:00,W6421,wagon,retrofitted,,,
13849.5,2025-12-10T14:49:30+00:00,W4099,wagon,queued,,,
13852.5,2025-12-10T14:52:30+00:00,LOCO_02,locomotive,moving,,,
13857.5,2025-12-10T14:57:30+00:00,LOCO_02,locomotive,moving,,,
13860.0,2025-12-10T15:00:00+00:00,LOCO_01,locomotive,assigned,,,
13864.5,2025-12-10T15:04:30+00:00,LOCO_02,locomotive,moving,,,
13864.5,2025-12-10T15:04:30+00:00,W10896,wagon,moving,,,
13864.5,2025-12-10T15:04:30+00:00,W5395,wagon,moving,,,
13867.0,2025-12-10T15:07:00+00:00,LOCO_01,locomotive,moving,,,
13867.0,2025-12-10T15:07:00+00:00,W4473,wagon,moving,,,
13867.0,2025-12-10T15:07:00+00:00,W6848,wagon,moving,,,
13867.0,2025-12-10T15:07:00+00:00,W11356,wagon,moving,,,
13869.5,2025-12-10T15:09:30+00:00,LOCO_02,locomotive,moving,,,
13874.5,2025-12-10T15:14:30+00:00,LOCO_02,locomotive,moving,,,
13881.5,2025-12-10T15:21:30+00:00,LOCO_02,locomotive,moving,,,
13881.5,2025-12-10T15:21:30+00:00,W0681,wagon,moving,,,
13881.5,2025-12-10T15:21:30+00:00,W6421,wagon,moving,,,
13886.5,2025-12-10T15:26:30+00:00,LOCO_02,locomotive,moving,,,
13891.5,2025-12-10T15:31:30+00:00,LOCO_02,locomotive,moving,,,
13927.0,2025-12-10T16:07:00+00:00,W4473,wagon,queued,,,
13927.0,2025-12-10T16:07:00+00:00,W6848,wagon,queued,,,
13927.0,2025-12-10T16:07:00+00:00,W11356,wagon,queued,,,
13942.0,2025-12-10T16:22:00+00:00,LOCO_01,locomotive,moving,,,
13949.0,2025-12-10T16:29:00+00:00,LOCO_01,locomotive,moving,,,
13951.5,2025-12-10T16:31:30+00:00,LOCO_02,locomotive,assigned,,,
13954.5,2025-12-10T16:34:30+00:00,LOCO_02,locomotive,moving,,,
13954.5,2025-12-10T16:34:30+00:00,W5987,wagon,moving,,,
13957.0,2025-12-10T16:37:00+00:00,LOCO_01,locomotive,moving,,,
13957.0,2025-12-10T16:37:00+00:00,W2165,wagon,moving,,,
13957.0,2025-12-10T16:37:00+00:00,W12116,wagon,moving,,,
13962.0,2025-12-10T16:42:00+00:00,W2165,wagon,in_workshop,,,
13962.0,2025-12-10T16:42:00+00:00,W12116,wagon,in_workshop,,,
13968.0,2025-12-10T16:48:00+00:00,W2165,wagon,in_workshop,,,
13968.0,2025-12-10T16:48:00+00:00,W12116,wagon,in_workshop,,,
13968.0,2025-12-10T16:48:00+00:00,LOCO_01,locomotive,moving,,,
13973.0,2025-12-10T16:53:00+00:00,LOCO_01,locomotive,moving,,,
14014.5,2025-12-10T17:34:30+00:00,W5987,wagon,queued,,,
14017.5,2025-12-10T17:37:30+00:00,LOCO_02,locomotive,moving,,,
14024.5,2025-12-10T17:44:30+00:00,LOCO_02,locomotive,moving,,,
14028.0,2025-12-10T17:48:00+00:00,W2165,wagon,retrofitted,,,
14028.0,2025-12-10T17:48:00+00:00,W12116,wagon,retrofitted,,,
14032.5,2025-12-10T17:52:30+00:00,LOCO_02,locomotive,moving,,,
14032.5,2025-12-10T17:52:30+00:00,W8552,wagon,moving,,,
14032.5,2025-12-10T17:52:30+00:00,W0698,wagon,moving,,,
14033.0,2025-12-10T17:53:00+00:00,LOCO_01,locomotive,assigned,,,
14037.5,2025-12-10T17:57:30+00:00,W8552,wagon,in_workshop,,,
14037.5,2025-12-10T17:57:30+00:00,W0698,wagon,in_workshop,,,
14038.0,2025-12-10T17:58:00+00:00,LOCO_01,locomotive,moving,,,
14038.0,2025-12-10T17:58:00+00:00,W4223,wagon,moving,,,
14038.0,2025-12-10T17:58:00+00:00,W7791,wagon,moving,,,
14043.5,2025-12-10T18:03:30+00:00,W8552,wagon,in_workshop,,,
14043.5,2025-12-10T18:03:30+00:00,W0698,wagon,in_workshop,,,
14043.5,2025-12-10T18:03:30+00:00,LOCO_02,locomotive,moving,,,
14048.5,2025-12-10T18:08:30+00:00,LOCO_02,locomotive,moving,,,
14055.5,2025-12-10T18:15:30+00:00,LOCO_02,locomotive,moving,,,
14055.5,2025-12-10T18:15:30+00:00,W2165,wagon,moving,,,
14055.5,2025-12-10T18:15:30+00:00,W12116,wagon,moving,,,
14060.5,2025-12-10T18:20:30+00:00,LOCO_02,locomotive,moving,,,
14065.5,2025-12-10T18:25:30+00:00,LOCO_02,locomotive,assigned,,,
14065.5,2025-12-10T18:25:30+00:00,LOCO_02,locomotive,moving,,,
14073.5,2025-12-10T18:33:30+00:00,LOCO_02,locomotive,moving,,,
14097.75,2025-12-10T18:57:45+00:00,W11348,wagon,rejected,T188,,No Retrofit Needed
14097.75,2025-12-10T18:57:45+00:00,W11970,wagon,rejected,T188,,No Retrofit Needed
14097.75,2025-12-10T18:57:45+00:00,W9710,wagon,arrived,T188,,
14097.75,2025-12-10T18:57:45+00:00,W11593,wagon,arrived,T188,,
14097.75,2025-12-10T18:57:45+00:00,W11019,wagon,arrived,T188,,
14097.75,2025-12-10T18:57:45+00:00,W3315,wagon,arrived,T188,,
14097.75,2025-12-10T18:57:45+00:00,W9194,wagon,arrived,T188,,
14097.75,2025-12-10T18:57:45+00:00,W6843,wagon,arrived,T188,,
14098.0,2025-12-10T18:58:00+00:00,W4223,wagon,queued,,,
14098.0,2025-12-10T18:58:00+00:00,W7791,wagon,queued,,,
14103.5,2025-12-10T19:03:30+00:00,W8552,wagon,retrofitted,,,
14103.5,2025-12-10T19:03:30+00:00,W0698,wagon,retrofitted,,,
14107.0,2025-12-10T19:07:00+00:00,LOCO_01,locomotive,moving,,,
14112.0,2025-12-10T19:12:00+00:00,LOCO_01,locomotive,moving,,,
14137.0,2025-12-10T19:37:00+00:00,W2910,wagon,parked,,,
14137.0,2025-12-10T19:37:00+00:00,W1120,wagon,parked,,,
14137.0,2025-12-10T19:37:00+00:00,W9143,wagon,parked,,,
14137.0,2025-12-10T19:37:00+00:00,W10883,wagon,parked,,,
14137.0,2025-12-10T19:37:00+00:00,LOCO_02,locomotive,moving,,,
14172.0,2025-12-10T20:12:00+00:00,LOCO_01,locomotive,assigned,,,
14179.0,2025-12-10T20:19:00+00:00,LOCO_01,locomotive,moving,,,
14179.0,2025-12-10T20:19:00+00:00,W9430,wagon,moving,,,
14179.0,2025-12-10T20:19:00+00:00,W9727,wagon,moving,,,
14179.0,2025-12-10T20:19:00+00:00,W9046,wagon,moving,,,
14199.0,2025-12-10T20:39:00+00:00,LOCO_02,locomotive,moving,,,
14205.25,2025-12-10T20:45:15+00:00,W7889,wagon,rejected,T189,,NO_COLLECTION_TRACK
14205.25,2025-12-10T20:45:15+00:00,W10955,wagon,arrived,T189,,
14205.25,2025-12-10T20:45:15+00:00,W2204,wagon,arrived,T189,,
14205.25,2025-12-10T20:45:15+00:00,W2742,wagon,arrived,T189,,
14205.25,2025-12-10T20:45:15+00:00,W10614,wagon,arrived,T189,,
14207.0,2025-12-10T20:47:00+00:00,LOCO_02,locomotive,moving,,,
14207.0,2025-12-10T20:47:00+00:00,W10150,wagon,moving,,,
14207.0,2025-12-10T20:47:00+00:00,W0841,wagon,moving,,,
14212.0,2025-12-10T20:52:00+00:00,W10150,wagon,in_workshop,,,
14212.0,2025-12-10T20:52:00+00:00,W0841,wagon,in_workshop,,,
14218.0,2025-12-10T20:58:00+00:00,W10150,wagon,in_workshop,,,
14218.0,2025-12-10T20:58:00+00:00,W0841,wagon,in_workshop,,,
14218.0,2025-12-10T20:58:00+00:00,LOCO_02,locomotive,moving,,,
14223.0,2025-12-10T21:03:00+00:00,LOCO_02,locomotive,moving,,,
14239.0,2025-12-10T21:19:00+00:00,W9430,wagon,queued,,,
14239.0,2025-12-10T21:19:00+00:00,W9727,wagon,queued,,,
14239.0,2025-12-10T21:19:00+00:00,W9046,wagon,queued,,,
14254.0,2025-12-10T21:34:00+00:00,LOCO_01,locomotive,moving,,,
14259.0,2025-12-10T21:39:00+00:00,LOCO_01,locomotive,moving,,,
14266.0,2025-12-10T21:46:00+00:00,LOCO_01,locomotive,moving,,,
14266.0,2025-12-10T21:46:00+00:00,W8552,wagon,moving,,,
14266.0,2025-12-10T21:46:00+00:00,W0698,wagon,moving,,,
14271.0,2025-12-10T21:51:00+00:00,LOCO_01,locomotive,moving,,,
14276.0,2025-12-10T21:56:00+00:00,LOCO_01,locomotive,assigned,,,
14276.0,2025-12-10T21:56:00+00:00,LOCO_01,locomotive,moving,,,
14278.0,2025-12-10T21:58:00+00:00,W10150,wagon,retrofitted,,,
14278.0,2025-12-10T21:58:00+00:00,W0841,wagon,retrofitted,,,
14283.0,2025-12-10T22:03:00+00:00,LOCO_02,locomotive,assigned,,,
14285.0,2025-12-10T22:05:00+00:00,LOCO_01,locomotive,moving,,,
14286.0,2025-12-10T22:06:00+00:00,LOCO_02,locomotive,moving,,,
14286.0,2025-12-10T22:06:00+00:00,W0023,wagon,moving,,,
14295.5,2025-12-10T22:15:30+00:00,W10896,wagon,parked,,,
14295.5,2025-12-10T22:15:30+00:00,W5395,wagon,parked,,,
14295.5,2025-12-10T22:15:30+00:00,W0681,wagon,parked,,,
14295.5,2025-12-10T22:15:30+00:00,W6421,wagon,parked,,,
14295.5,2025-12-10T22:15:30+00:00,W2165,wagon,parked,,,
14295.5,2025-12-10T22:15:30+00:00,W12116,wagon,parked,,,
14295.5,2025-12-10T22:15:30+00:00,LOCO_01,locomotive,moving,,,
14302.5,2025-12-10T22:22:30+00:00,LOCO_01,locomotive,moving,,,
14310.5,2025-12-10T22:30:30+00:00,LOCO_01,locomotive,moving,,,
14310.5,2025-12-10T22:30:30+00:00,W0839,wagon,moving,,,
14310.5,2025-12-10T22:30:30+00:00,W2324,wagon,moving,,,
14315.5,2025-12-10T22:35:30+00:00,W0839,wagon,in_workshop,,,
14315.5,2025-12-10T22:35:30+00:00,W2324,wagon,in_workshop,,,
14321.5,2025-12-10T22:41:30+00:00,W0839,wagon,in_workshop,,,
14321.5,2025-12-10T22:41:30+00:00,W2324,wagon,in_workshop,,,
14321.5,2025-12-10T22:41:30+00:00,LOCO_01,locomotive,moving,,,
14326.5,2025-12-10T22:46:30+00:00,LOCO_01,locomotive,moving,,,
14346.0,2025-12-10T23:06:00+00:00,W0023,wagon,queued,,,
14349.0,2025-12-10T23:09:00+00:00,LOCO_02,locomotive,moving,,,
14354.0,2025-12-10T23:14:00+00:00,LOCO_02,locomotive,moving,,,
14361.0,2025-12-10T23:21:00+00:00,LOCO_02,locomotive,moving,,,
14361.0,2025-12-10T23:21:00+00:00,W10150,wagon,moving,,,
14361.0,2025-12-10T23:21:00+00:00,W0841,wagon,moving,,,
14366.0,2025-12-10T23:26:00+00:00,LOCO_02,locomotive,moving,,,
14371.0,2025-12-10T23:31:00+00:00,LOCO_02,locomotive,assigned,,,
14371.0,2025-12-10T23:31:00+00:00,LOCO_02,locomotive,moving,,,
14372.75,2025-12-10T23:32:45+00:00,W5872,wagon,rejected,T190,,No Retrofit Needed
14372.75,2025-12-10T23:32:45+00:00,W4802,wagon,rejected,T190,,No Retrofit Needed
14372.75,2025-12-10T23:32:45+00:00,W6323,wagon,rejected,T190,,No Retrofit Needed
14378.0,2025-12-10T23:38:00+00:00,LOCO_02,locomotive,moving,,,
14381.5,2025-12-10T23:41:30+00:00,W0839,wagon,retrofitted,,,
14381.5,2025-12-10T23:41:30+00:00,W2324,wagon,retrofitted,,,
14384.5,2025-12-10T23:44:30+00:00,W8552,wagon,parked,,,
14384.5,2025-12-10T23:44:30+00:00,W0698,wagon,parked,,,
14384.5,2025-12-10T23:44:30+00:00,LOCO_02,locomotive,moving,,,
14386.5,2025-12-10T23:46:30+00:00,LOCO_01,locomotive,assigned,,,
14389.5,2025-12-10T23:49:30+00:00,LOCO_01,locomotive,moving,,,
14389.5,2025-12-10T23:49:30+00:00,W2217,wagon,moving,,,
14391.5,2025-12-10T23:51:30+00:00,LOCO_02,locomotive,moving,,,
14399.5,2025-12-10T23:59:30+00:00,LOCO_02,locomotive,moving,,,
14399.5,2025-12-10T23:59:30+00:00,W5992,wagon,moving,,,
14399.5,2025-12-10T23:59:30+00:00,W9943,wagon,moving,,,
